Kernel: fc1_gelu (fc1_gelu.cu)

=== Tier 1: N_STAGES, NUM_EPI_WARPS ===
Sweep: 6 total, 2 valid, 4 pruned
Estimated time: ~0 min (2 configs × ~5s each)

[1/2] -DNUM_EPI_WARPS=5 -DN_STAGES=3 -DK_LOOP_UNROLL=4 ... 2.875 ms / 1523 TFLOPS  (208 regs, 6.2s)
[2/2] -DNUM_EPI_WARPS=5 ... 2.701 ms / 1622 TFLOPS  (242 regs, 6.1s)

Tier 1 winner (top-2): -DNUM_EPI_WARPS=5 → 2.701 ms / 1622 TFLOPS
  #2: -DNUM_EPI_WARPS=5 -DN_STAGES=3 -DK_LOOP_UNROLL=4 → 2.875 ms / 1523 TFLOPS

=== Tier 2: INTERLEAVE_STRATEGY, MBAR_EARLY, STAGGER_CYCLES, TMEM_LOAD_WIDTH ===
  Branch 1/2: -DNUM_EPI_WARPS=5
Sweep: 128 total, 128 valid, 0 pruned
Estimated time: ~11 min (128 configs × ~5s each)

[1/128] -DINTERLEAVE_STRATEGY=0 -DNUM_EPI_WARPS=5 -DSTAGGER_CYCLES=0 ... 2.754 ms / 1591 TFLOPS  (240 regs, 6.1s)
[2/128] -DINTERLEAVE_STRATEGY=0 -DNUM_EPI_WARPS=5 -DSTAGGER_CYCLES=0 -DTMEM_LOAD_WIDTH=64 ... COMPILE_FAIL  (0.4s)
[3/128] -DINTERLEAVE_STRATEGY=0 -DNUM_EPI_WARPS=5 -DSTAGGER_CYCLES=40 ... 2.782 ms / 1575 TFLOPS  (243 regs, 6.0s)
[4/128] -DINTERLEAVE_STRATEGY=0 -DNUM_EPI_WARPS=5 -DSTAGGER_CYCLES=40 -DTMEM_LOAD_WIDTH=64 ... COMPILE_FAIL  (0.4s)
[5/128] -DINTERLEAVE_STRATEGY=0 -DNUM_EPI_WARPS=5 -DSTAGGER_CYCLES=60 ... 2.775 ms / 1578 TFLOPS  (243 regs, 6.0s)
[6/128] -DINTERLEAVE_STRATEGY=0 -DNUM_EPI_WARPS=5 -DSTAGGER_CYCLES=60 -DTMEM_LOAD_WIDTH=64 ... COMPILE_FAIL  (0.4s)
[7/128] -DINTERLEAVE_STRATEGY=0 -DNUM_EPI_WARPS=5 ... 2.766 ms / 1584 TFLOPS  (243 regs, 6.3s)
[8/128] -DINTERLEAVE_STRATEGY=0 -DNUM_EPI_WARPS=5 -DTMEM_LOAD_WIDTH=64 ... COMPILE_FAIL  (0.4s)
[9/128] -DINTERLEAVE_STRATEGY=0 -DNUM_EPI_WARPS=5 -DSTAGGER_CYCLES=100 ... 2.763 ms / 1585 TFLOPS  (243 regs, 6.0s)
[10/128] -DINTERLEAVE_STRATEGY=0 -DNUM_EPI_WARPS=5 -DSTAGGER_CYCLES=100 -DTMEM_LOAD_WIDTH=64 ... COMPILE_FAIL  (0.4s)
[11/128] -DINTERLEAVE_STRATEGY=0 -DNUM_EPI_WARPS=5 -DSTAGGER_CYCLES=120 ... 2.743 ms / 1597 TFLOPS  (243 regs, 6.1s)
[12/128] -DINTERLEAVE_STRATEGY=0 -DNUM_EPI_WARPS=5 -DSTAGGER_CYCLES=120 -DTMEM_LOAD_WIDTH=64 ... COMPILE_FAIL  (0.4s)
[13/128] -DINTERLEAVE_STRATEGY=0 -DNUM_EPI_WARPS=5 -DSTAGGER_CYCLES=160 ... 2.729 ms / 1605 TFLOPS  (243 regs, 6.2s)
[14/128] -DINTERLEAVE_STRATEGY=0 -DNUM_EPI_WARPS=5 -DSTAGGER_CYCLES=160 -DTMEM_LOAD_WIDTH=64 ... COMPILE_FAIL  (0.4s)
[15/128] -DINTERLEAVE_STRATEGY=0 -DNUM_EPI_WARPS=5 -DSTAGGER_CYCLES=200 ... 2.725 ms / 1607 TFLOPS  (243 regs, 6.2s)
[16/128] -DINTERLEAVE_STRATEGY=0 -DNUM_EPI_WARPS=5 -DSTAGGER_CYCLES=200 -DTMEM_LOAD_WIDTH=64 ... COMPILE_FAIL  (0.4s)
[17/128] -DINTERLEAVE_STRATEGY=0 -DMBAR_EARLY=1 -DNUM_EPI_WARPS=5 -DSTAGGER_CYCLES=0 ... 2.664 ms / 1644 TFLOPS  (244 regs, 6.2s)
[18/128] -DINTERLEAVE_STRATEGY=0 -DMBAR_EARLY=1 -DNUM_EPI_WARPS=5 -DSTAGGER_CYCLES=0 -DTMEM_LOAD_WIDTH=64 ... COMPILE_FAIL  (0.4s)
[19/128] -DINTERLEAVE_STRATEGY=0 -DMBAR_EARLY=1 -DNUM_EPI_WARPS=5 -DSTAGGER_CYCLES=40 ... 2.667 ms / 1642 TFLOPS  (243 regs, 6.2s)
[20/128] -DINTERLEAVE_STRATEGY=0 -DMBAR_EARLY=1 -DNUM_EPI_WARPS=5 -DSTAGGER_CYCLES=40 -DTMEM_LOAD_WIDTH=64 ... COMPILE_FAIL  (0.4s)
[21/128] -DINTERLEAVE_STRATEGY=0 -DMBAR_EARLY=1 -DNUM_EPI_WARPS=5 -DSTAGGER_CYCLES=60 ... 2.671 ms / 1640 TFLOPS  (243 regs, 6.2s)
[22/128] -DINTERLEAVE_STRATEGY=0 -DMBAR_EARLY=1 -DNUM_EPI_WARPS=5 -DSTAGGER_CYCLES=60 -DTMEM_LOAD_WIDTH=64 ... COMPILE_FAIL  (0.4s)
[23/128] -DINTERLEAVE_STRATEGY=0 -DMBAR_EARLY=1 -DNUM_EPI_WARPS=5 ... 2.671 ms / 1640 TFLOPS  (243 regs, 6.1s)
[24/128] -DINTERLEAVE_STRATEGY=0 -DMBAR_EARLY=1 -DNUM_EPI_WARPS=5 -DTMEM_LOAD_WIDTH=64 ... COMPILE_FAIL  (0.4s)
[25/128] -DINTERLEAVE_STRATEGY=0 -DMBAR_EARLY=1 -DNUM_EPI_WARPS=5 -DSTAGGER_CYCLES=100 ... 2.667 ms / 1642 TFLOPS  (243 regs, 6.3s)
[26/128] -DINTERLEAVE_STRATEGY=0 -DMBAR_EARLY=1 -DNUM_EPI_WARPS=5 -DSTAGGER_CYCLES=100 -DTMEM_LOAD_WIDTH=64 ... COMPILE_FAIL  (0.4s)
[27/128] -DINTERLEAVE_STRATEGY=0 -DMBAR_EARLY=1 -DNUM_EPI_WARPS=5 -DSTAGGER_CYCLES=120 ... 2.647 ms / 1655 TFLOPS  (243 regs, 6.3s)
[28/128] -DINTERLEAVE_STRATEGY=0 -DMBAR_EARLY=1 -DNUM_EPI_WARPS=5 -DSTAGGER_CYCLES=120 -DTMEM_LOAD_WIDTH=64 ... COMPILE_FAIL  (0.4s)
[29/128] -DINTERLEAVE_STRATEGY=0 -DMBAR_EARLY=1 -DNUM_EPI_WARPS=5 -DSTAGGER_CYCLES=160 ... 2.648 ms / 1654 TFLOPS  (243 regs, 6.2s)
[30/128] -DINTERLEAVE_STRATEGY=0 -DMBAR_EARLY=1 -DNUM_EPI_WARPS=5 -DSTAGGER_CYCLES=160 -DTMEM_LOAD_WIDTH=64 ... COMPILE_FAIL  (0.4s)
[31/128] -DINTERLEAVE_STRATEGY=0 -DMBAR_EARLY=1 -DNUM_EPI_WARPS=5 -DSTAGGER_CYCLES=200 ... 2.648 ms / 1654 TFLOPS  (243 regs, 6.2s)
[32/128] -DINTERLEAVE_STRATEGY=0 -DMBAR_EARLY=1 -DNUM_EPI_WARPS=5 -DSTAGGER_CYCLES=200 -DTMEM_LOAD_WIDTH=64 ... COMPILE_FAIL  (0.4s)
[33/128] -DINTERLEAVE_STRATEGY=1 -DNUM_EPI_WARPS=5 -DSTAGGER_CYCLES=0 ... 2.588 ms / 1693 TFLOPS  (243 regs, 6.1s)
[34/128] -DINTERLEAVE_STRATEGY=1 -DNUM_EPI_WARPS=5 -DSTAGGER_CYCLES=0 -DTMEM_LOAD_WIDTH=64 ... COMPILE_FAIL  (0.4s)
[35/128] -DINTERLEAVE_STRATEGY=1 -DNUM_EPI_WARPS=5 -DSTAGGER_CYCLES=40 ... 2.639 ms / 1660 TFLOPS  (243 regs, 6.3s)
[36/128] -DINTERLEAVE_STRATEGY=1 -DNUM_EPI_WARPS=5 -DSTAGGER_CYCLES=40 -DTMEM_LOAD_WIDTH=64 ... COMPILE_FAIL  (0.4s)
[37/128] -DINTERLEAVE_STRATEGY=1 -DNUM_EPI_WARPS=5 -DSTAGGER_CYCLES=60 ... 2.638 ms / 1661 TFLOPS  (243 regs, 6.0s)
[38/128] -DINTERLEAVE_STRATEGY=1 -DNUM_EPI_WARPS=5 -DSTAGGER_CYCLES=60 -DTMEM_LOAD_WIDTH=64 ... COMPILE_FAIL  (0.4s)
[39/128] -DINTERLEAVE_STRATEGY=1 -DNUM_EPI_WARPS=5 ... 2.635 ms / 1662 TFLOPS  (243 regs, 6.1s)
[40/128] -DINTERLEAVE_STRATEGY=1 -DNUM_EPI_WARPS=5 -DTMEM_LOAD_WIDTH=64 ... COMPILE_FAIL  (0.4s)
[41/128] -DINTERLEAVE_STRATEGY=1 -DNUM_EPI_WARPS=5 -DSTAGGER_CYCLES=100 ... 2.636 ms / 1662 TFLOPS  (243 regs, 6.3s)
[42/128] -DINTERLEAVE_STRATEGY=1 -DNUM_EPI_WARPS=5 -DSTAGGER_CYCLES=100 -DTMEM_LOAD_WIDTH=64 ... COMPILE_FAIL  (0.4s)
[43/128] -DINTERLEAVE_STRATEGY=1 -DNUM_EPI_WARPS=5 -DSTAGGER_CYCLES=120 ... 2.622 ms / 1671 TFLOPS  (243 regs, 6.2s)
[44/128] -DINTERLEAVE_STRATEGY=1 -DNUM_EPI_WARPS=5 -DSTAGGER_CYCLES=120 -DTMEM_LOAD_WIDTH=64 ... COMPILE_FAIL  (0.4s)
[45/128] -DINTERLEAVE_STRATEGY=1 -DNUM_EPI_WARPS=5 -DSTAGGER_CYCLES=160 ... 2.622 ms / 1671 TFLOPS  (243 regs, 6.2s)
[46/128] -DINTERLEAVE_STRATEGY=1 -DNUM_EPI_WARPS=5 -DSTAGGER_CYCLES=160 -DTMEM_LOAD_WIDTH=64 ... COMPILE_FAIL  (0.4s)
[47/128] -DINTERLEAVE_STRATEGY=1 -DNUM_EPI_WARPS=5 -DSTAGGER_CYCLES=200 ... 2.622 ms / 1670 TFLOPS  (243 regs, 6.2s)
[48/128] -DINTERLEAVE_STRATEGY=1 -DNUM_EPI_WARPS=5 -DSTAGGER_CYCLES=200 -DTMEM_LOAD_WIDTH=64 ... COMPILE_FAIL  (0.4s)
[49/128] -DINTERLEAVE_STRATEGY=1 -DMBAR_EARLY=1 -DNUM_EPI_WARPS=5 -DSTAGGER_CYCLES=0 ... 2.525 ms / 1735 TFLOPS  (244 regs, 6.0s)
[50/128] -DINTERLEAVE_STRATEGY=1 -DMBAR_EARLY=1 -DNUM_EPI_WARPS=5 -DSTAGGER_CYCLES=0 -DTMEM_LOAD_WIDTH=64 ... COMPILE_FAIL  (0.4s)
[51/128] -DINTERLEAVE_STRATEGY=1 -DMBAR_EARLY=1 -DNUM_EPI_WARPS=5 -DSTAGGER_CYCLES=40 ... 2.598 ms / 1686 TFLOPS  (245 regs, 6.3s)
[52/128] -DINTERLEAVE_STRATEGY=1 -DMBAR_EARLY=1 -DNUM_EPI_WARPS=5 -DSTAGGER_CYCLES=40 -DTMEM_LOAD_WIDTH=64 ... COMPILE_FAIL  (0.4s)
[53/128] -DINTERLEAVE_STRATEGY=1 -DMBAR_EARLY=1 -DNUM_EPI_WARPS=5 -DSTAGGER_CYCLES=60 ... 2.593 ms / 1689 TFLOPS  (245 regs, 6.3s)
[54/128] -DINTERLEAVE_STRATEGY=1 -DMBAR_EARLY=1 -DNUM_EPI_WARPS=5 -DSTAGGER_CYCLES=60 -DTMEM_LOAD_WIDTH=64 ... COMPILE_FAIL  (0.4s)
[55/128] -DINTERLEAVE_STRATEGY=1 -DMBAR_EARLY=1 -DNUM_EPI_WARPS=5 ... 2.587 ms / 1693 TFLOPS  (245 regs, 6.3s)
[56/128] -DINTERLEAVE_STRATEGY=1 -DMBAR_EARLY=1 -DNUM_EPI_WARPS=5 -DTMEM_LOAD_WIDTH=64 ... COMPILE_FAIL  (0.4s)
[57/128] -DINTERLEAVE_STRATEGY=1 -DMBAR_EARLY=1 -DNUM_EPI_WARPS=5 -DSTAGGER_CYCLES=100 ... 2.586 ms / 1694 TFLOPS  (245 regs, 6.2s)
[58/128] -DINTERLEAVE_STRATEGY=1 -DMBAR_EARLY=1 -DNUM_EPI_WARPS=5 -DSTAGGER_CYCLES=100 -DTMEM_LOAD_WIDTH=64 ... COMPILE_FAIL  (0.4s)
[59/128] -DINTERLEAVE_STRATEGY=1 -DMBAR_EARLY=1 -DNUM_EPI_WARPS=5 -DSTAGGER_CYCLES=120 ... 2.582 ms / 1697 TFLOPS  (245 regs, 6.3s)
[60/128] -DINTERLEAVE_STRATEGY=1 -DMBAR_EARLY=1 -DNUM_EPI_WARPS=5 -DSTAGGER_CYCLES=120 -DTMEM_LOAD_WIDTH=64 ... COMPILE_FAIL  (0.4s)
[61/128] -DINTERLEAVE_STRATEGY=1 -DMBAR_EARLY=1 -DNUM_EPI_WARPS=5 -DSTAGGER_CYCLES=160 ... 2.583 ms / 1696 TFLOPS  (245 regs, 6.4s)
[62/128] -DINTERLEAVE_STRATEGY=1 -DMBAR_EARLY=1 -DNUM_EPI_WARPS=5 -DSTAGGER_CYCLES=160 -DTMEM_LOAD_WIDTH=64 ... COMPILE_FAIL  (0.4s)
[63/128] -DINTERLEAVE_STRATEGY=1 -DMBAR_EARLY=1 -DNUM_EPI_WARPS=5 -DSTAGGER_CYCLES=200 ... 2.582 ms / 1697 TFLOPS  (245 regs, 6.3s)
[64/128] -DINTERLEAVE_STRATEGY=1 -DMBAR_EARLY=1 -DNUM_EPI_WARPS=5 -DSTAGGER_CYCLES=200 -DTMEM_LOAD_WIDTH=64 ... COMPILE_FAIL  (0.4s)
[65/128] -DNUM_EPI_WARPS=5 -DSTAGGER_CYCLES=0 ... 2.693 ms / 1626 TFLOPS  (243 regs, 6.2s)
[66/128] -DNUM_EPI_WARPS=5 -DSTAGGER_CYCLES=0 -DTMEM_LOAD_WIDTH=64 ... COMPILE_FAIL  (0.4s)
[67/128] -DNUM_EPI_WARPS=5 -DSTAGGER_CYCLES=40 ... 2.699 ms / 1623 TFLOPS  (242 regs, 6.3s)
[68/128] -DNUM_EPI_WARPS=5 -DSTAGGER_CYCLES=40 -DTMEM_LOAD_WIDTH=64 ... COMPILE_FAIL  (0.4s)
[69/128] -DNUM_EPI_WARPS=5 -DSTAGGER_CYCLES=60 ... 2.702 ms / 1621 TFLOPS  (242 regs, 6.3s)
[70/128] -DNUM_EPI_WARPS=5 -DSTAGGER_CYCLES=60 -DTMEM_LOAD_WIDTH=64 ... COMPILE_FAIL  (0.4s)
[71/128] -DNUM_EPI_WARPS=5 ... 2.700 ms / 1622 TFLOPS  (242 regs, 6.3s)
[72/128] -DNUM_EPI_WARPS=5 -DTMEM_LOAD_WIDTH=64 ... COMPILE_FAIL  (0.4s)
[73/128] -DNUM_EPI_WARPS=5 -DSTAGGER_CYCLES=100 ... 2.704 ms / 1620 TFLOPS  (242 regs, 6.3s)
[74/128] -DNUM_EPI_WARPS=5 -DSTAGGER_CYCLES=100 -DTMEM_LOAD_WIDTH=64 ... COMPILE_FAIL  (0.4s)
[75/128] -DNUM_EPI_WARPS=5 -DSTAGGER_CYCLES=120 ... 2.711 ms / 1616 TFLOPS  (242 regs, 6.2s)
[76/128] -DNUM_EPI_WARPS=5 -DSTAGGER_CYCLES=120 -DTMEM_LOAD_WIDTH=64 ... COMPILE_FAIL  (0.4s)
[77/128] -DNUM_EPI_WARPS=5 -DSTAGGER_CYCLES=160 ... 2.696 ms / 1624 TFLOPS  (242 regs, 6.1s)
[78/128] -DNUM_EPI_WARPS=5 -DSTAGGER_CYCLES=160 -DTMEM_LOAD_WIDTH=64 ... COMPILE_FAIL  (0.4s)
[79/128] -DNUM_EPI_WARPS=5 -DSTAGGER_CYCLES=200 ... 2.695 ms / 1625 TFLOPS  (242 regs, 6.3s)
[80/128] -DNUM_EPI_WARPS=5 -DSTAGGER_CYCLES=200 -DTMEM_LOAD_WIDTH=64 ... COMPILE_FAIL  (0.4s)
[81/128] -DMBAR_EARLY=1 -DNUM_EPI_WARPS=5 -DSTAGGER_CYCLES=0 ... 2.692 ms / 1627 TFLOPS  (243 regs, 6.3s)
[82/128] -DMBAR_EARLY=1 -DNUM_EPI_WARPS=5 -DSTAGGER_CYCLES=0 -DTMEM_LOAD_WIDTH=64 ... COMPILE_FAIL  (0.4s)
[83/128] -DMBAR_EARLY=1 -DNUM_EPI_WARPS=5 -DSTAGGER_CYCLES=40 ... 2.657 ms / 1648 TFLOPS  (244 regs, 6.2s)
[84/128] -DMBAR_EARLY=1 -DNUM_EPI_WARPS=5 -DSTAGGER_CYCLES=40 -DTMEM_LOAD_WIDTH=64 ... COMPILE_FAIL  (0.4s)
[85/128] -DMBAR_EARLY=1 -DNUM_EPI_WARPS=5 -DSTAGGER_CYCLES=60 ... 2.661 ms / 1646 TFLOPS  (244 regs, 6.2s)
[86/128] -DMBAR_EARLY=1 -DNUM_EPI_WARPS=5 -DSTAGGER_CYCLES=60 -DTMEM_LOAD_WIDTH=64 ... COMPILE_FAIL  (0.4s)
[87/128] -DMBAR_EARLY=1 -DNUM_EPI_WARPS=5 ... 2.663 ms / 1645 TFLOPS  (244 regs, 6.1s)
[88/128] -DMBAR_EARLY=1 -DNUM_EPI_WARPS=5 -DTMEM_LOAD_WIDTH=64 ... COMPILE_FAIL  (0.4s)
[89/128] -DMBAR_EARLY=1 -DNUM_EPI_WARPS=5 -DSTAGGER_CYCLES=100 ... 2.663 ms / 1645 TFLOPS  (244 regs, 6.0s)
[90/128] -DMBAR_EARLY=1 -DNUM_EPI_WARPS=5 -DSTAGGER_CYCLES=100 -DTMEM_LOAD_WIDTH=64 ... COMPILE_FAIL  (0.4s)
[91/128] -DMBAR_EARLY=1 -DNUM_EPI_WARPS=5 -DSTAGGER_CYCLES=120 ... 2.650 ms / 1653 TFLOPS  (244 regs, 6.2s)
[92/128] -DMBAR_EARLY=1 -DNUM_EPI_WARPS=5 -DSTAGGER_CYCLES=120 -DTMEM_LOAD_WIDTH=64 ... COMPILE_FAIL  (0.4s)
[93/128] -DMBAR_EARLY=1 -DNUM_EPI_WARPS=5 -DSTAGGER_CYCLES=160 ... 2.638 ms / 1660 TFLOPS  (244 regs, 6.4s)
[94/128] -DMBAR_EARLY=1 -DNUM_EPI_WARPS=5 -DSTAGGER_CYCLES=160 -DTMEM_LOAD_WIDTH=64 ... COMPILE_FAIL  (0.4s)
[95/128] -DMBAR_EARLY=1 -DNUM_EPI_WARPS=5 -DSTAGGER_CYCLES=200 ... 2.637 ms / 1661 TFLOPS  (244 regs, 6.2s)
[96/128] -DMBAR_EARLY=1 -DNUM_EPI_WARPS=5 -DSTAGGER_CYCLES=200 -DTMEM_LOAD_WIDTH=64 ... COMPILE_FAIL  (0.4s)
[97/128] -DINTERLEAVE_STRATEGY=3 -DNUM_EPI_WARPS=5 -DSTAGGER_CYCLES=0 ... 2.658 ms / 1648 TFLOPS  (242 regs, 6.1s)
[98/128] -DINTERLEAVE_STRATEGY=3 -DNUM_EPI_WARPS=5 -DSTAGGER_CYCLES=0 -DTMEM_LOAD_WIDTH=64 ... COMPILE_FAIL  (0.4s)
[99/128] -DINTERLEAVE_STRATEGY=3 -DNUM_EPI_WARPS=5 -DSTAGGER_CYCLES=40 ... 2.737 ms / 1600 TFLOPS  (239 regs, 6.3s)
[100/128] -DINTERLEAVE_STRATEGY=3 -DNUM_EPI_WARPS=5 -DSTAGGER_CYCLES=40 -DTMEM_LOAD_WIDTH=64 ... COMPILE_FAIL  (0.4s)
[101/128] -DINTERLEAVE_STRATEGY=3 -DNUM_EPI_WARPS=5 -DSTAGGER_CYCLES=60 ... 2.745 ms / 1596 TFLOPS  (239 regs, 6.3s)
[102/128] -DINTERLEAVE_STRATEGY=3 -DNUM_EPI_WARPS=5 -DSTAGGER_CYCLES=60 -DTMEM_LOAD_WIDTH=64 ... COMPILE_FAIL  (0.4s)
[103/128] -DINTERLEAVE_STRATEGY=3 -DNUM_EPI_WARPS=5 ... 2.747 ms / 1595 TFLOPS  (239 regs, 6.2s)
[104/128] -DINTERLEAVE_STRATEGY=3 -DNUM_EPI_WARPS=5 -DTMEM_LOAD_WIDTH=64 ... COMPILE_FAIL  (0.4s)
[105/128] -DINTERLEAVE_STRATEGY=3 -DNUM_EPI_WARPS=5 -DSTAGGER_CYCLES=100 ... 2.748 ms / 1594 TFLOPS  (239 regs, 6.2s)
[106/128] -DINTERLEAVE_STRATEGY=3 -DNUM_EPI_WARPS=5 -DSTAGGER_CYCLES=100 -DTMEM_LOAD_WIDTH=64 ... COMPILE_FAIL  (0.4s)
[107/128] -DINTERLEAVE_STRATEGY=3 -DNUM_EPI_WARPS=5 -DSTAGGER_CYCLES=120 ... 2.752 ms / 1591 TFLOPS  (239 regs, 6.3s)
[108/128] -DINTERLEAVE_STRATEGY=3 -DNUM_EPI_WARPS=5 -DSTAGGER_CYCLES=120 -DTMEM_LOAD_WIDTH=64 ... COMPILE_FAIL  (0.4s)
[109/128] -DINTERLEAVE_STRATEGY=3 -DNUM_EPI_WARPS=5 -DSTAGGER_CYCLES=160 ... 2.739 ms / 1599 TFLOPS  (239 regs, 6.3s)
[110/128] -DINTERLEAVE_STRATEGY=3 -DNUM_EPI_WARPS=5 -DSTAGGER_CYCLES=160 -DTMEM_LOAD_WIDTH=64 ... COMPILE_FAIL  (0.4s)
[111/128] -DINTERLEAVE_STRATEGY=3 -DNUM_EPI_WARPS=5 -DSTAGGER_CYCLES=200 ... 2.743 ms / 1597 TFLOPS  (239 regs, 6.2s)
[112/128] -DINTERLEAVE_STRATEGY=3 -DNUM_EPI_WARPS=5 -DSTAGGER_CYCLES=200 -DTMEM_LOAD_WIDTH=64 ... COMPILE_FAIL  (0.4s)
[113/128] -DINTERLEAVE_STRATEGY=3 -DMBAR_EARLY=1 -DNUM_EPI_WARPS=5 -DSTAGGER_CYCLES=0 ... 2.636 ms / 1661 TFLOPS  (244 regs, 6.2s)
[114/128] -DINTERLEAVE_STRATEGY=3 -DMBAR_EARLY=1 -DNUM_EPI_WARPS=5 -DSTAGGER_CYCLES=0 -DTMEM_LOAD_WIDTH=64 ... COMPILE_FAIL  (0.4s)
[115/128] -DINTERLEAVE_STRATEGY=3 -DMBAR_EARLY=1 -DNUM_EPI_WARPS=5 -DSTAGGER_CYCLES=40 ... 2.704 ms / 1620 TFLOPS  (244 regs, 6.2s)
[116/128] -DINTERLEAVE_STRATEGY=3 -DMBAR_EARLY=1 -DNUM_EPI_WARPS=5 -DSTAGGER_CYCLES=40 -DTMEM_LOAD_WIDTH=64 ... COMPILE_FAIL  (0.4s)
[117/128] -DINTERLEAVE_STRATEGY=3 -DMBAR_EARLY=1 -DNUM_EPI_WARPS=5 -DSTAGGER_CYCLES=60 ... 2.718 ms / 1612 TFLOPS  (244 regs, 6.2s)
[118/128] -DINTERLEAVE_STRATEGY=3 -DMBAR_EARLY=1 -DNUM_EPI_WARPS=5 -DSTAGGER_CYCLES=60 -DTMEM_LOAD_WIDTH=64 ... COMPILE_FAIL  (0.4s)
[119/128] -DINTERLEAVE_STRATEGY=3 -DMBAR_EARLY=1 -DNUM_EPI_WARPS=5 ... 2.719 ms / 1611 TFLOPS  (244 regs, 6.2s)
[120/128] -DINTERLEAVE_STRATEGY=3 -DMBAR_EARLY=1 -DNUM_EPI_WARPS=5 -DTMEM_LOAD_WIDTH=64 ... COMPILE_FAIL  (0.4s)
[121/128] -DINTERLEAVE_STRATEGY=3 -DMBAR_EARLY=1 -DNUM_EPI_WARPS=5 -DSTAGGER_CYCLES=100 ... 2.716 ms / 1612 TFLOPS  (244 regs, 6.2s)
[122/128] -DINTERLEAVE_STRATEGY=3 -DMBAR_EARLY=1 -DNUM_EPI_WARPS=5 -DSTAGGER_CYCLES=100 -DTMEM_LOAD_WIDTH=64 ... COMPILE_FAIL  (0.4s)
[123/128] -DINTERLEAVE_STRATEGY=3 -DMBAR_EARLY=1 -DNUM_EPI_WARPS=5 -DSTAGGER_CYCLES=120 ... 2.714 ms / 1614 TFLOPS  (244 regs, 6.2s)
[124/128] -DINTERLEAVE_STRATEGY=3 -DMBAR_EARLY=1 -DNUM_EPI_WARPS=5 -DSTAGGER_CYCLES=120 -DTMEM_LOAD_WIDTH=64 ... COMPILE_FAIL  (0.4s)
[125/128] -DINTERLEAVE_STRATEGY=3 -DMBAR_EARLY=1 -DNUM_EPI_WARPS=5 -DSTAGGER_CYCLES=160 ... 2.695 ms / 1625 TFLOPS  (244 regs, 6.3s)
[126/128] -DINTERLEAVE_STRATEGY=3 -DMBAR_EARLY=1 -DNUM_EPI_WARPS=5 -DSTAGGER_CYCLES=160 -DTMEM_LOAD_WIDTH=64 ... COMPILE_FAIL  (0.4s)
[127/128] -DINTERLEAVE_STRATEGY=3 -DMBAR_EARLY=1 -DNUM_EPI_WARPS=5 -DSTAGGER_CYCLES=200 ... 2.699 ms / 1623 TFLOPS  (244 regs, 6.2s)
[128/128] -DINTERLEAVE_STRATEGY=3 -DMBAR_EARLY=1 -DNUM_EPI_WARPS=5 -DSTAGGER_CYCLES=200 -DTMEM_LOAD_WIDTH=64 ... COMPILE_FAIL  (0.4s)
  Branch 2/2: -DNUM_EPI_WARPS=5 -DN_STAGES=3 -DK_LOOP_UNROLL=4
Sweep: 128 total, 128 valid, 0 pruned
Estimated time: ~11 min (128 configs × ~5s each)

[1/128] -DINTERLEAVE_STRATEGY=0 -DNUM_EPI_WARPS=5 -DN_STAGES=3 -DSTAGGER_CYCLES=0 -DK_LOOP_UNROLL=4 ... 2.982 ms / 1469 TFLOPS  (205 regs, 6.2s)
[2/128] -DINTERLEAVE_STRATEGY=0 -DNUM_EPI_WARPS=5 -DN_STAGES=3 -DSTAGGER_CYCLES=0 -DTMEM_LOAD_WIDTH=64 -DK_LOOP_UNROLL=4 ... COMPILE_FAIL  (0.4s)
[3/128] -DINTERLEAVE_STRATEGY=0 -DNUM_EPI_WARPS=5 -DN_STAGES=3 -DSTAGGER_CYCLES=40 -DK_LOOP_UNROLL=4 ... 2.976 ms / 1472 TFLOPS  (206 regs, 6.0s)
[4/128] -DINTERLEAVE_STRATEGY=0 -DNUM_EPI_WARPS=5 -DN_STAGES=3 -DSTAGGER_CYCLES=40 -DTMEM_LOAD_WIDTH=64 -DK_LOOP_UNROLL=4 ... COMPILE_FAIL  (0.4s)
[5/128] -DINTERLEAVE_STRATEGY=0 -DNUM_EPI_WARPS=5 -DN_STAGES=3 -DSTAGGER_CYCLES=60 -DK_LOOP_UNROLL=4 ... 2.984 ms / 1468 TFLOPS  (206 regs, 6.1s)
[6/128] -DINTERLEAVE_STRATEGY=0 -DNUM_EPI_WARPS=5 -DN_STAGES=3 -DSTAGGER_CYCLES=60 -DTMEM_LOAD_WIDTH=64 -DK_LOOP_UNROLL=4 ... COMPILE_FAIL  (0.4s)
[7/128] -DINTERLEAVE_STRATEGY=0 -DNUM_EPI_WARPS=5 -DN_STAGES=3 -DK_LOOP_UNROLL=4 ... 2.985 ms / 1467 TFLOPS  (206 regs, 6.3s)
[8/128] -DINTERLEAVE_STRATEGY=0 -DNUM_EPI_WARPS=5 -DN_STAGES=3 -DTMEM_LOAD_WIDTH=64 -DK_LOOP_UNROLL=4 ... COMPILE_FAIL  (0.4s)
[9/128] -DINTERLEAVE_STRATEGY=0 -DNUM_EPI_WARPS=5 -DN_STAGES=3 -DSTAGGER_CYCLES=100 -DK_LOOP_UNROLL=4 ... 2.981 ms / 1470 TFLOPS  (206 regs, 6.3s)
[10/128] -DINTERLEAVE_STRATEGY=0 -DNUM_EPI_WARPS=5 -DN_STAGES=3 -DSTAGGER_CYCLES=100 -DTMEM_LOAD_WIDTH=64 -DK_LOOP_UNROLL=4 ... COMPILE_FAIL  (0.4s)
[11/128] -DINTERLEAVE_STRATEGY=0 -DNUM_EPI_WARPS=5 -DN_STAGES=3 -DSTAGGER_CYCLES=120 -DK_LOOP_UNROLL=4 ... 2.979 ms / 1470 TFLOPS  (206 regs, 6.3s)
[12/128] -DINTERLEAVE_STRATEGY=0 -DNUM_EPI_WARPS=5 -DN_STAGES=3 -DSTAGGER_CYCLES=120 -DTMEM_LOAD_WIDTH=64 -DK_LOOP_UNROLL=4 ... COMPILE_FAIL  (0.4s)
[13/128] -DINTERLEAVE_STRATEGY=0 -DNUM_EPI_WARPS=5 -DN_STAGES=3 -DSTAGGER_CYCLES=160 -DK_LOOP_UNROLL=4 ... 2.983 ms / 1468 TFLOPS  (206 regs, 6.3s)
[14/128] -DINTERLEAVE_STRATEGY=0 -DNUM_EPI_WARPS=5 -DN_STAGES=3 -DSTAGGER_CYCLES=160 -DTMEM_LOAD_WIDTH=64 -DK_LOOP_UNROLL=4 ... COMPILE_FAIL  (0.4s)
[15/128] -DINTERLEAVE_STRATEGY=0 -DNUM_EPI_WARPS=5 -DN_STAGES=3 -DSTAGGER_CYCLES=200 -DK_LOOP_UNROLL=4 ... 2.985 ms / 1467 TFLOPS  (206 regs, 6.1s)
[16/128] -DINTERLEAVE_STRATEGY=0 -DNUM_EPI_WARPS=5 -DN_STAGES=3 -DSTAGGER_CYCLES=200 -DTMEM_LOAD_WIDTH=64 -DK_LOOP_UNROLL=4 ... COMPILE_FAIL  (0.4s)
[17/128] -DINTERLEAVE_STRATEGY=0 -DMBAR_EARLY=1 -DNUM_EPI_WARPS=5 -DN_STAGES=3 -DSTAGGER_CYCLES=0 -DK_LOOP_UNROLL=4 ... 2.880 ms / 1521 TFLOPS  (207 regs, 6.3s)
[18/128] -DINTERLEAVE_STRATEGY=0 -DMBAR_EARLY=1 -DNUM_EPI_WARPS=5 -DN_STAGES=3 -DSTAGGER_CYCLES=0 -DTMEM_LOAD_WIDTH=64 -DK_LOOP_UNROLL=4 ... COMPILE_FAIL  (0.4s)
[19/128] -DINTERLEAVE_STRATEGY=0 -DMBAR_EARLY=1 -DNUM_EPI_WARPS=5 -DN_STAGES=3 -DSTAGGER_CYCLES=40 -DK_LOOP_UNROLL=4 ... 2.885 ms / 1518 TFLOPS  (208 regs, 6.0s)
[20/128] -DINTERLEAVE_STRATEGY=0 -DMBAR_EARLY=1 -DNUM_EPI_WARPS=5 -DN_STAGES=3 -DSTAGGER_CYCLES=40 -DTMEM_LOAD_WIDTH=64 -DK_LOOP_UNROLL=4 ... COMPILE_FAIL  (0.4s)
[21/128] -DINTERLEAVE_STRATEGY=0 -DMBAR_EARLY=1 -DNUM_EPI_WARPS=5 -DN_STAGES=3 -DSTAGGER_CYCLES=60 -DK_LOOP_UNROLL=4 ... 2.895 ms / 1513 TFLOPS  (208 regs, 6.2s)
[22/128] -DINTERLEAVE_STRATEGY=0 -DMBAR_EARLY=1 -DNUM_EPI_WARPS=5 -DN_STAGES=3 -DSTAGGER_CYCLES=60 -DTMEM_LOAD_WIDTH=64 -DK_LOOP_UNROLL=4 ... COMPILE_FAIL  (0.4s)
[23/128] -DINTERLEAVE_STRATEGY=0 -DMBAR_EARLY=1 -DNUM_EPI_WARPS=5 -DN_STAGES=3 -DK_LOOP_UNROLL=4 ... 2.905 ms / 1508 TFLOPS  (208 regs, 6.2s)
[24/128] -DINTERLEAVE_STRATEGY=0 -DMBAR_EARLY=1 -DNUM_EPI_WARPS=5 -DN_STAGES=3 -DTMEM_LOAD_WIDTH=64 -DK_LOOP_UNROLL=4 ... COMPILE_FAIL  (0.4s)
[25/128] -DINTERLEAVE_STRATEGY=0 -DMBAR_EARLY=1 -DNUM_EPI_WARPS=5 -DN_STAGES=3 -DSTAGGER_CYCLES=100 -DK_LOOP_UNROLL=4 ... 2.907 ms / 1507 TFLOPS  (208 regs, 6.3s)
[26/128] -DINTERLEAVE_STRATEGY=0 -DMBAR_EARLY=1 -DNUM_EPI_WARPS=5 -DN_STAGES=3 -DSTAGGER_CYCLES=100 -DTMEM_LOAD_WIDTH=64 -DK_LOOP_UNROLL=4 ... COMPILE_FAIL  (0.4s)
[27/128] -DINTERLEAVE_STRATEGY=0 -DMBAR_EARLY=1 -DNUM_EPI_WARPS=5 -DN_STAGES=3 -DSTAGGER_CYCLES=120 -DK_LOOP_UNROLL=4 ... 2.908 ms / 1506 TFLOPS  (208 regs, 6.2s)
[28/128] -DINTERLEAVE_STRATEGY=0 -DMBAR_EARLY=1 -DNUM_EPI_WARPS=5 -DN_STAGES=3 -DSTAGGER_CYCLES=120 -DTMEM_LOAD_WIDTH=64 -DK_LOOP_UNROLL=4 ... COMPILE_FAIL  (0.4s)
[29/128] -DINTERLEAVE_STRATEGY=0 -DMBAR_EARLY=1 -DNUM_EPI_WARPS=5 -DN_STAGES=3 -DSTAGGER_CYCLES=160 -DK_LOOP_UNROLL=4 ... 2.901 ms / 1510 TFLOPS  (208 regs, 6.2s)
[30/128] -DINTERLEAVE_STRATEGY=0 -DMBAR_EARLY=1 -DNUM_EPI_WARPS=5 -DN_STAGES=3 -DSTAGGER_CYCLES=160 -DTMEM_LOAD_WIDTH=64 -DK_LOOP_UNROLL=4 ... COMPILE_FAIL  (0.4s)
[31/128] -DINTERLEAVE_STRATEGY=0 -DMBAR_EARLY=1 -DNUM_EPI_WARPS=5 -DN_STAGES=3 -DSTAGGER_CYCLES=200 -DK_LOOP_UNROLL=4 ... 2.900 ms / 1510 TFLOPS  (208 regs, 6.1s)
[32/128] -DINTERLEAVE_STRATEGY=0 -DMBAR_EARLY=1 -DNUM_EPI_WARPS=5 -DN_STAGES=3 -DSTAGGER_CYCLES=200 -DTMEM_LOAD_WIDTH=64 -DK_LOOP_UNROLL=4 ... COMPILE_FAIL  (0.4s)
[33/128] -DINTERLEAVE_STRATEGY=1 -DNUM_EPI_WARPS=5 -DN_STAGES=3 -DSTAGGER_CYCLES=0 -DK_LOOP_UNROLL=4 ... 2.808 ms / 1560 TFLOPS  (205 regs, 6.1s)
[34/128] -DINTERLEAVE_STRATEGY=1 -DNUM_EPI_WARPS=5 -DN_STAGES=3 -DSTAGGER_CYCLES=0 -DTMEM_LOAD_WIDTH=64 -DK_LOOP_UNROLL=4 ... COMPILE_FAIL  (0.4s)
[35/128] -DINTERLEAVE_STRATEGY=1 -DNUM_EPI_WARPS=5 -DN_STAGES=3 -DSTAGGER_CYCLES=40 -DK_LOOP_UNROLL=4 ... 2.848 ms / 1538 TFLOPS  (206 regs, 6.3s)
[36/128] -DINTERLEAVE_STRATEGY=1 -DNUM_EPI_WARPS=5 -DN_STAGES=3 -DSTAGGER_CYCLES=40 -DTMEM_LOAD_WIDTH=64 -DK_LOOP_UNROLL=4 ... COMPILE_FAIL  (0.4s)
[37/128] -DINTERLEAVE_STRATEGY=1 -DNUM_EPI_WARPS=5 -DN_STAGES=3 -DSTAGGER_CYCLES=60 -DK_LOOP_UNROLL=4 ... 2.846 ms / 1539 TFLOPS  (206 regs, 6.2s)
[38/128] -DINTERLEAVE_STRATEGY=1 -DNUM_EPI_WARPS=5 -DN_STAGES=3 -DSTAGGER_CYCLES=60 -DTMEM_LOAD_WIDTH=64 -DK_LOOP_UNROLL=4 ... COMPILE_FAIL  (0.4s)
[39/128] -DINTERLEAVE_STRATEGY=1 -DNUM_EPI_WARPS=5 -DN_STAGES=3 -DK_LOOP_UNROLL=4 ... 2.841 ms / 1542 TFLOPS  (206 regs, 6.0s)
[40/128] -DINTERLEAVE_STRATEGY=1 -DNUM_EPI_WARPS=5 -DN_STAGES=3 -DTMEM_LOAD_WIDTH=64 -DK_LOOP_UNROLL=4 ... COMPILE_FAIL  (0.4s)
[41/128] -DINTERLEAVE_STRATEGY=1 -DNUM_EPI_WARPS=5 -DN_STAGES=3 -DSTAGGER_CYCLES=100 -DK_LOOP_UNROLL=4 ... 2.844 ms / 1540 TFLOPS  (206 regs, 6.0s)
[42/128] -DINTERLEAVE_STRATEGY=1 -DNUM_EPI_WARPS=5 -DN_STAGES=3 -DSTAGGER_CYCLES=100 -DTMEM_LOAD_WIDTH=64 -DK_LOOP_UNROLL=4 ... COMPILE_FAIL  (0.4s)
[43/128] -DINTERLEAVE_STRATEGY=1 -DNUM_EPI_WARPS=5 -DN_STAGES=3 -DSTAGGER_CYCLES=120 -DK_LOOP_UNROLL=4 ... 2.850 ms / 1537 TFLOPS  (206 regs, 6.3s)
[44/128] -DINTERLEAVE_STRATEGY=1 -DNUM_EPI_WARPS=5 -DN_STAGES=3 -DSTAGGER_CYCLES=120 -DTMEM_LOAD_WIDTH=64 -DK_LOOP_UNROLL=4 ... COMPILE_FAIL  (0.4s)
[45/128] -DINTERLEAVE_STRATEGY=1 -DNUM_EPI_WARPS=5 -DN_STAGES=3 -DSTAGGER_CYCLES=160 -DK_LOOP_UNROLL=4 ... 2.844 ms / 1540 TFLOPS  (206 regs, 6.2s)
[46/128] -DINTERLEAVE_STRATEGY=1 -DNUM_EPI_WARPS=5 -DN_STAGES=3 -DSTAGGER_CYCLES=160 -DTMEM_LOAD_WIDTH=64 -DK_LOOP_UNROLL=4 ... COMPILE_FAIL  (0.4s)
[47/128] -DINTERLEAVE_STRATEGY=1 -DNUM_EPI_WARPS=5 -DN_STAGES=3 -DSTAGGER_CYCLES=200 -DK_LOOP_UNROLL=4 ... 2.849 ms / 1537 TFLOPS  (206 regs, 6.2s)
[48/128] -DINTERLEAVE_STRATEGY=1 -DNUM_EPI_WARPS=5 -DN_STAGES=3 -DSTAGGER_CYCLES=200 -DTMEM_LOAD_WIDTH=64 -DK_LOOP_UNROLL=4 ... COMPILE_FAIL  (0.4s)
[49/128] -DINTERLEAVE_STRATEGY=1 -DMBAR_EARLY=1 -DNUM_EPI_WARPS=5 -DN_STAGES=3 -DSTAGGER_CYCLES=0 -DK_LOOP_UNROLL=4 ... 2.752 ms / 1591 TFLOPS  (209 regs, 6.1s)
[50/128] -DINTERLEAVE_STRATEGY=1 -DMBAR_EARLY=1 -DNUM_EPI_WARPS=5 -DN_STAGES=3 -DSTAGGER_CYCLES=0 -DTMEM_LOAD_WIDTH=64 -DK_LOOP_UNROLL=4 ... COMPILE_FAIL  (0.4s)
[51/128] -DINTERLEAVE_STRATEGY=1 -DMBAR_EARLY=1 -DNUM_EPI_WARPS=5 -DN_STAGES=3 -DSTAGGER_CYCLES=40 -DK_LOOP_UNROLL=4 ... 2.834 ms / 1546 TFLOPS  (210 regs, 6.3s)
[52/128] -DINTERLEAVE_STRATEGY=1 -DMBAR_EARLY=1 -DNUM_EPI_WARPS=5 -DN_STAGES=3 -DSTAGGER_CYCLES=40 -DTMEM_LOAD_WIDTH=64 -DK_LOOP_UNROLL=4 ... COMPILE_FAIL  (0.4s)
[53/128] -DINTERLEAVE_STRATEGY=1 -DMBAR_EARLY=1 -DNUM_EPI_WARPS=5 -DN_STAGES=3 -DSTAGGER_CYCLES=60 -DK_LOOP_UNROLL=4 ... 2.837 ms / 1544 TFLOPS  (210 regs, 6.1s)
[54/128] -DINTERLEAVE_STRATEGY=1 -DMBAR_EARLY=1 -DNUM_EPI_WARPS=5 -DN_STAGES=3 -DSTAGGER_CYCLES=60 -DTMEM_LOAD_WIDTH=64 -DK_LOOP_UNROLL=4 ... COMPILE_FAIL  (0.4s)
[55/128] -DINTERLEAVE_STRATEGY=1 -DMBAR_EARLY=1 -DNUM_EPI_WARPS=5 -DN_STAGES=3 -DK_LOOP_UNROLL=4 ... 2.836 ms / 1544 TFLOPS  (210 regs, 6.4s)
[56/128] -DINTERLEAVE_STRATEGY=1 -DMBAR_EARLY=1 -DNUM_EPI_WARPS=5 -DN_STAGES=3 -DTMEM_LOAD_WIDTH=64 -DK_LOOP_UNROLL=4 ... COMPILE_FAIL  (0.4s)
[57/128] -DINTERLEAVE_STRATEGY=1 -DMBAR_EARLY=1 -DNUM_EPI_WARPS=5 -DN_STAGES=3 -DSTAGGER_CYCLES=100 -DK_LOOP_UNROLL=4 ... 2.833 ms / 1546 TFLOPS  (210 regs, 6.3s)
[58/128] -DINTERLEAVE_STRATEGY=1 -DMBAR_EARLY=1 -DNUM_EPI_WARPS=5 -DN_STAGES=3 -DSTAGGER_CYCLES=100 -DTMEM_LOAD_WIDTH=64 -DK_LOOP_UNROLL=4 ... COMPILE_FAIL  (0.4s)
[59/128] -DINTERLEAVE_STRATEGY=1 -DMBAR_EARLY=1 -DNUM_EPI_WARPS=5 -DN_STAGES=3 -DSTAGGER_CYCLES=120 -DK_LOOP_UNROLL=4 ... 2.834 ms / 1546 TFLOPS  (210 regs, 6.0s)
[60/128] -DINTERLEAVE_STRATEGY=1 -DMBAR_EARLY=1 -DNUM_EPI_WARPS=5 -DN_STAGES=3 -DSTAGGER_CYCLES=120 -DTMEM_LOAD_WIDTH=64 -DK_LOOP_UNROLL=4 ... COMPILE_FAIL  (0.4s)
[61/128] -DINTERLEAVE_STRATEGY=1 -DMBAR_EARLY=1 -DNUM_EPI_WARPS=5 -DN_STAGES=3 -DSTAGGER_CYCLES=160 -DK_LOOP_UNROLL=4 ... 2.837 ms / 1544 TFLOPS  (210 regs, 6.2s)
[62/128] -DINTERLEAVE_STRATEGY=1 -DMBAR_EARLY=1 -DNUM_EPI_WARPS=5 -DN_STAGES=3 -DSTAGGER_CYCLES=160 -DTMEM_LOAD_WIDTH=64 -DK_LOOP_UNROLL=4 ... COMPILE_FAIL  (0.4s)
[63/128] -DINTERLEAVE_STRATEGY=1 -DMBAR_EARLY=1 -DNUM_EPI_WARPS=5 -DN_STAGES=3 -DSTAGGER_CYCLES=200 -DK_LOOP_UNROLL=4 ... 2.842 ms / 1541 TFLOPS  (210 regs, 6.2s)
[64/128] -DINTERLEAVE_STRATEGY=1 -DMBAR_EARLY=1 -DNUM_EPI_WARPS=5 -DN_STAGES=3 -DSTAGGER_CYCLES=200 -DTMEM_LOAD_WIDTH=64 -DK_LOOP_UNROLL=4 ... COMPILE_FAIL  (0.4s)
[65/128] -DNUM_EPI_WARPS=5 -DN_STAGES=3 -DSTAGGER_CYCLES=0 -DK_LOOP_UNROLL=4 ... 2.841 ms / 1542 TFLOPS  (207 regs, 6.0s)
[66/128] -DNUM_EPI_WARPS=5 -DN_STAGES=3 -DSTAGGER_CYCLES=0 -DTMEM_LOAD_WIDTH=64 -DK_LOOP_UNROLL=4 ... COMPILE_FAIL  (0.4s)
[67/128] -DNUM_EPI_WARPS=5 -DN_STAGES=3 -DSTAGGER_CYCLES=40 -DK_LOOP_UNROLL=4 ... 2.875 ms / 1523 TFLOPS  (208 regs, 6.3s)
[68/128] -DNUM_EPI_WARPS=5 -DN_STAGES=3 -DSTAGGER_CYCLES=40 -DTMEM_LOAD_WIDTH=64 -DK_LOOP_UNROLL=4 ... COMPILE_FAIL  (0.4s)
[69/128] -DNUM_EPI_WARPS=5 -DN_STAGES=3 -DSTAGGER_CYCLES=60 -DK_LOOP_UNROLL=4 ... 2.878 ms / 1522 TFLOPS  (208 regs, 6.0s)
[70/128] -DNUM_EPI_WARPS=5 -DN_STAGES=3 -DSTAGGER_CYCLES=60 -DTMEM_LOAD_WIDTH=64 -DK_LOOP_UNROLL=4 ... COMPILE_FAIL  (0.4s)
[71/128] -DNUM_EPI_WARPS=5 -DN_STAGES=3 -DK_LOOP_UNROLL=4 ... 2.875 ms / 1524 TFLOPS  (208 regs, 6.3s)
[72/128] -DNUM_EPI_WARPS=5 -DN_STAGES=3 -DTMEM_LOAD_WIDTH=64 -DK_LOOP_UNROLL=4 ... COMPILE_FAIL  (0.4s)
[73/128] -DNUM_EPI_WARPS=5 -DN_STAGES=3 -DSTAGGER_CYCLES=100 -DK_LOOP_UNROLL=4 ... 2.867 ms / 1528 TFLOPS  (208 regs, 6.1s)
[74/128] -DNUM_EPI_WARPS=5 -DN_STAGES=3 -DSTAGGER_CYCLES=100 -DTMEM_LOAD_WIDTH=64 -DK_LOOP_UNROLL=4 ... COMPILE_FAIL  (0.4s)
[75/128] -DNUM_EPI_WARPS=5 -DN_STAGES=3 -DSTAGGER_CYCLES=120 -DK_LOOP_UNROLL=4 ... 2.861 ms / 1531 TFLOPS  (208 regs, 6.1s)
[76/128] -DNUM_EPI_WARPS=5 -DN_STAGES=3 -DSTAGGER_CYCLES=120 -DTMEM_LOAD_WIDTH=64 -DK_LOOP_UNROLL=4 ... COMPILE_FAIL  (0.4s)
[77/128] -DNUM_EPI_WARPS=5 -DN_STAGES=3 -DSTAGGER_CYCLES=160 -DK_LOOP_UNROLL=4 ... 2.868 ms / 1527 TFLOPS  (208 regs, 6.0s)
[78/128] -DNUM_EPI_WARPS=5 -DN_STAGES=3 -DSTAGGER_CYCLES=160 -DTMEM_LOAD_WIDTH=64 -DK_LOOP_UNROLL=4 ... COMPILE_FAIL  (0.4s)
[79/128] -DNUM_EPI_WARPS=5 -DN_STAGES=3 -DSTAGGER_CYCLES=200 -DK_LOOP_UNROLL=4 ... 2.859 ms / 1532 TFLOPS  (208 regs, 6.3s)
[80/128] -DNUM_EPI_WARPS=5 -DN_STAGES=3 -DSTAGGER_CYCLES=200 -DTMEM_LOAD_WIDTH=64 -DK_LOOP_UNROLL=4 ... COMPILE_FAIL  (0.4s)
[81/128] -DMBAR_EARLY=1 -DNUM_EPI_WARPS=5 -DN_STAGES=3 -DSTAGGER_CYCLES=0 -DK_LOOP_UNROLL=4 ... 2.847 ms / 1539 TFLOPS  (207 regs, 6.3s)
[82/128] -DMBAR_EARLY=1 -DNUM_EPI_WARPS=5 -DN_STAGES=3 -DSTAGGER_CYCLES=0 -DTMEM_LOAD_WIDTH=64 -DK_LOOP_UNROLL=4 ... COMPILE_FAIL  (0.4s)
[83/128] -DMBAR_EARLY=1 -DNUM_EPI_WARPS=5 -DN_STAGES=3 -DSTAGGER_CYCLES=40 -DK_LOOP_UNROLL=4 ... 2.899 ms / 1511 TFLOPS  (209 regs, 6.2s)
[84/128] -DMBAR_EARLY=1 -DNUM_EPI_WARPS=5 -DN_STAGES=3 -DSTAGGER_CYCLES=40 -DTMEM_LOAD_WIDTH=64 -DK_LOOP_UNROLL=4 ... COMPILE_FAIL  (0.4s)
[85/128] -DMBAR_EARLY=1 -DNUM_EPI_WARPS=5 -DN_STAGES=3 -DSTAGGER_CYCLES=60 -DK_LOOP_UNROLL=4 ... 2.905 ms / 1508 TFLOPS  (209 regs, 6.0s)
[86/128] -DMBAR_EARLY=1 -DNUM_EPI_WARPS=5 -DN_STAGES=3 -DSTAGGER_CYCLES=60 -DTMEM_LOAD_WIDTH=64 -DK_LOOP_UNROLL=4 ... COMPILE_FAIL  (0.4s)
[87/128] -DMBAR_EARLY=1 -DNUM_EPI_WARPS=5 -DN_STAGES=3 -DK_LOOP_UNROLL=4 ... 2.912 ms / 1504 TFLOPS  (209 regs, 6.3s)
[88/128] -DMBAR_EARLY=1 -DNUM_EPI_WARPS=5 -DN_STAGES=3 -DTMEM_LOAD_WIDTH=64 -DK_LOOP_UNROLL=4 ... COMPILE_FAIL  (0.4s)
[89/128] -DMBAR_EARLY=1 -DNUM_EPI_WARPS=5 -DN_STAGES=3 -DSTAGGER_CYCLES=100 -DK_LOOP_UNROLL=4 ... 2.911 ms / 1505 TFLOPS  (209 regs, 6.1s)
[90/128] -DMBAR_EARLY=1 -DNUM_EPI_WARPS=5 -DN_STAGES=3 -DSTAGGER_CYCLES=100 -DTMEM_LOAD_WIDTH=64 -DK_LOOP_UNROLL=4 ... COMPILE_FAIL  (0.4s)
[91/128] -DMBAR_EARLY=1 -DNUM_EPI_WARPS=5 -DN_STAGES=3 -DSTAGGER_CYCLES=120 -DK_LOOP_UNROLL=4 ... 2.907 ms / 1507 TFLOPS  (209 regs, 6.2s)
[92/128] -DMBAR_EARLY=1 -DNUM_EPI_WARPS=5 -DN_STAGES=3 -DSTAGGER_CYCLES=120 -DTMEM_LOAD_WIDTH=64 -DK_LOOP_UNROLL=4 ... COMPILE_FAIL  (0.4s)
[93/128] -DMBAR_EARLY=1 -DNUM_EPI_WARPS=5 -DN_STAGES=3 -DSTAGGER_CYCLES=160 -DK_LOOP_UNROLL=4 ... 2.913 ms / 1504 TFLOPS  (209 regs, 6.3s)
[94/128] -DMBAR_EARLY=1 -DNUM_EPI_WARPS=5 -DN_STAGES=3 -DSTAGGER_CYCLES=160 -DTMEM_LOAD_WIDTH=64 -DK_LOOP_UNROLL=4 ... COMPILE_FAIL  (0.4s)
[95/128] -DMBAR_EARLY=1 -DNUM_EPI_WARPS=5 -DN_STAGES=3 -DSTAGGER_CYCLES=200 -DK_LOOP_UNROLL=4 ... 2.886 ms / 1517 TFLOPS  (209 regs, 6.0s)
[96/128] -DMBAR_EARLY=1 -DNUM_EPI_WARPS=5 -DN_STAGES=3 -DSTAGGER_CYCLES=200 -DTMEM_LOAD_WIDTH=64 -DK_LOOP_UNROLL=4 ... COMPILE_FAIL  (0.4s)
[97/128] -DINTERLEAVE_STRATEGY=3 -DNUM_EPI_WARPS=5 -DN_STAGES=3 -DSTAGGER_CYCLES=0 -DK_LOOP_UNROLL=4 ... 2.801 ms / 1564 TFLOPS  (207 regs, 6.3s)
[98/128] -DINTERLEAVE_STRATEGY=3 -DNUM_EPI_WARPS=5 -DN_STAGES=3 -DSTAGGER_CYCLES=0 -DTMEM_LOAD_WIDTH=64 -DK_LOOP_UNROLL=4 ... COMPILE_FAIL  (0.4s)
[99/128] -DINTERLEAVE_STRATEGY=3 -DNUM_EPI_WARPS=5 -DN_STAGES=3 -DSTAGGER_CYCLES=40 -DK_LOOP_UNROLL=4 ... 2.842 ms / 1541 TFLOPS  (208 regs, 6.2s)
[100/128] -DINTERLEAVE_STRATEGY=3 -DNUM_EPI_WARPS=5 -DN_STAGES=3 -DSTAGGER_CYCLES=40 -DTMEM_LOAD_WIDTH=64 -DK_LOOP_UNROLL=4 ... COMPILE_FAIL  (0.4s)
[101/128] -DINTERLEAVE_STRATEGY=3 -DNUM_EPI_WARPS=5 -DN_STAGES=3 -DSTAGGER_CYCLES=60 -DK_LOOP_UNROLL=4 ... 2.848 ms / 1538 TFLOPS  (208 regs, 6.2s)
[102/128] -DINTERLEAVE_STRATEGY=3 -DNUM_EPI_WARPS=5 -DN_STAGES=3 -DSTAGGER_CYCLES=60 -DTMEM_LOAD_WIDTH=64 -DK_LOOP_UNROLL=4 ... COMPILE_FAIL  (0.4s)
[103/128] -DINTERLEAVE_STRATEGY=3 -DNUM_EPI_WARPS=5 -DN_STAGES=3 -DK_LOOP_UNROLL=4 ... 2.847 ms / 1538 TFLOPS  (208 regs, 6.3s)
[104/128] -DINTERLEAVE_STRATEGY=3 -DNUM_EPI_WARPS=5 -DN_STAGES=3 -DTMEM_LOAD_WIDTH=64 -DK_LOOP_UNROLL=4 ... COMPILE_FAIL  (0.4s)
[105/128] -DINTERLEAVE_STRATEGY=3 -DNUM_EPI_WARPS=5 -DN_STAGES=3 -DSTAGGER_CYCLES=100 -DK_LOOP_UNROLL=4 ... 2.844 ms / 1540 TFLOPS  (208 regs, 6.3s)
[106/128] -DINTERLEAVE_STRATEGY=3 -DNUM_EPI_WARPS=5 -DN_STAGES=3 -DSTAGGER_CYCLES=100 -DTMEM_LOAD_WIDTH=64 -DK_LOOP_UNROLL=4 ... COMPILE_FAIL  (0.4s)
[107/128] -DINTERLEAVE_STRATEGY=3 -DNUM_EPI_WARPS=5 -DN_STAGES=3 -DSTAGGER_CYCLES=120 -DK_LOOP_UNROLL=4 ... 2.855 ms / 1534 TFLOPS  (208 regs, 6.3s)
[108/128] -DINTERLEAVE_STRATEGY=3 -DNUM_EPI_WARPS=5 -DN_STAGES=3 -DSTAGGER_CYCLES=120 -DTMEM_LOAD_WIDTH=64 -DK_LOOP_UNROLL=4 ... COMPILE_FAIL  (0.4s)
[109/128] -DINTERLEAVE_STRATEGY=3 -DNUM_EPI_WARPS=5 -DN_STAGES=3 -DSTAGGER_CYCLES=160 -DK_LOOP_UNROLL=4 ... 2.867 ms / 1528 TFLOPS  (208 regs, 6.3s)
[110/128] -DINTERLEAVE_STRATEGY=3 -DNUM_EPI_WARPS=5 -DN_STAGES=3 -DSTAGGER_CYCLES=160 -DTMEM_LOAD_WIDTH=64 -DK_LOOP_UNROLL=4 ... COMPILE_FAIL  (0.4s)
[111/128] -DINTERLEAVE_STRATEGY=3 -DNUM_EPI_WARPS=5 -DN_STAGES=3 -DSTAGGER_CYCLES=200 -DK_LOOP_UNROLL=4 ... 2.859 ms / 1532 TFLOPS  (208 regs, 6.2s)
[112/128] -DINTERLEAVE_STRATEGY=3 -DNUM_EPI_WARPS=5 -DN_STAGES=3 -DSTAGGER_CYCLES=200 -DTMEM_LOAD_WIDTH=64 -DK_LOOP_UNROLL=4 ... COMPILE_FAIL  (0.4s)
[113/128] -DINTERLEAVE_STRATEGY=3 -DMBAR_EARLY=1 -DNUM_EPI_WARPS=5 -DN_STAGES=3 -DSTAGGER_CYCLES=0 -DK_LOOP_UNROLL=4 ... 2.836 ms / 1544 TFLOPS  (209 regs, 6.3s)
[114/128] -DINTERLEAVE_STRATEGY=3 -DMBAR_EARLY=1 -DNUM_EPI_WARPS=5 -DN_STAGES=3 -DSTAGGER_CYCLES=0 -DTMEM_LOAD_WIDTH=64 -DK_LOOP_UNROLL=4 ... COMPILE_FAIL  (0.4s)
[115/128] -DINTERLEAVE_STRATEGY=3 -DMBAR_EARLY=1 -DNUM_EPI_WARPS=5 -DN_STAGES=3 -DSTAGGER_CYCLES=40 -DK_LOOP_UNROLL=4 ... 2.829 ms / 1548 TFLOPS  (211 regs, 6.3s)
[116/128] -DINTERLEAVE_STRATEGY=3 -DMBAR_EARLY=1 -DNUM_EPI_WARPS=5 -DN_STAGES=3 -DSTAGGER_CYCLES=40 -DTMEM_LOAD_WIDTH=64 -DK_LOOP_UNROLL=4 ... COMPILE_FAIL  (0.4s)
[117/128] -DINTERLEAVE_STRATEGY=3 -DMBAR_EARLY=1 -DNUM_EPI_WARPS=5 -DN_STAGES=3 -DSTAGGER_CYCLES=60 -DK_LOOP_UNROLL=4 ... 2.837 ms / 1544 TFLOPS  (211 regs, 6.3s)
[118/128] -DINTERLEAVE_STRATEGY=3 -DMBAR_EARLY=1 -DNUM_EPI_WARPS=5 -DN_STAGES=3 -DSTAGGER_CYCLES=60 -DTMEM_LOAD_WIDTH=64 -DK_LOOP_UNROLL=4 ... COMPILE_FAIL  (0.4s)
[119/128] -DINTERLEAVE_STRATEGY=3 -DMBAR_EARLY=1 -DNUM_EPI_WARPS=5 -DN_STAGES=3 -DK_LOOP_UNROLL=4 ... 2.841 ms / 1542 TFLOPS  (211 regs, 6.3s)
[120/128] -DINTERLEAVE_STRATEGY=3 -DMBAR_EARLY=1 -DNUM_EPI_WARPS=5 -DN_STAGES=3 -DTMEM_LOAD_WIDTH=64 -DK_LOOP_UNROLL=4 ... COMPILE_FAIL  (0.4s)
[121/128] -DINTERLEAVE_STRATEGY=3 -DMBAR_EARLY=1 -DNUM_EPI_WARPS=5 -DN_STAGES=3 -DSTAGGER_CYCLES=100 -DK_LOOP_UNROLL=4 ... 2.839 ms / 1543 TFLOPS  (211 regs, 6.3s)
[122/128] -DINTERLEAVE_STRATEGY=3 -DMBAR_EARLY=1 -DNUM_EPI_WARPS=5 -DN_STAGES=3 -DSTAGGER_CYCLES=100 -DTMEM_LOAD_WIDTH=64 -DK_LOOP_UNROLL=4 ... COMPILE_FAIL  (0.4s)
[123/128] -DINTERLEAVE_STRATEGY=3 -DMBAR_EARLY=1 -DNUM_EPI_WARPS=5 -DN_STAGES=3 -DSTAGGER_CYCLES=120 -DK_LOOP_UNROLL=4 ... 2.849 ms / 1537 TFLOPS  (211 regs, 6.0s)
[124/128] -DINTERLEAVE_STRATEGY=3 -DMBAR_EARLY=1 -DNUM_EPI_WARPS=5 -DN_STAGES=3 -DSTAGGER_CYCLES=120 -DTMEM_LOAD_WIDTH=64 -DK_LOOP_UNROLL=4 ... COMPILE_FAIL  (0.4s)
[125/128] -DINTERLEAVE_STRATEGY=3 -DMBAR_EARLY=1 -DNUM_EPI_WARPS=5 -DN_STAGES=3 -DSTAGGER_CYCLES=160 -DK_LOOP_UNROLL=4 ... 2.850 ms / 1537 TFLOPS  (211 regs, 6.3s)
[126/128] -DINTERLEAVE_STRATEGY=3 -DMBAR_EARLY=1 -DNUM_EPI_WARPS=5 -DN_STAGES=3 -DSTAGGER_CYCLES=160 -DTMEM_LOAD_WIDTH=64 -DK_LOOP_UNROLL=4 ... COMPILE_FAIL  (0.4s)
[127/128] -DINTERLEAVE_STRATEGY=3 -DMBAR_EARLY=1 -DNUM_EPI_WARPS=5 -DN_STAGES=3 -DSTAGGER_CYCLES=200 -DK_LOOP_UNROLL=4 ... 2.819 ms / 1554 TFLOPS  (211 regs, 6.3s)
[128/128] -DINTERLEAVE_STRATEGY=3 -DMBAR_EARLY=1 -DNUM_EPI_WARPS=5 -DN_STAGES=3 -DSTAGGER_CYCLES=200 -DTMEM_LOAD_WIDTH=64 -DK_LOOP_UNROLL=4 ... COMPILE_FAIL  (0.4s)

Tier 2 winner (top-3): -DINTERLEAVE_STRATEGY=1 -DMBAR_EARLY=1 -DNUM_EPI_WARPS=5 -DSTAGGER_CYCLES=0 → 2.525 ms / 1735 TFLOPS
  #2: -DINTERLEAVE_STRATEGY=1 -DMBAR_EARLY=1 -DNUM_EPI_WARPS=5 -DSTAGGER_CYCLES=120 → 2.582 ms / 1697 TFLOPS
  #3: -DINTERLEAVE_STRATEGY=1 -DMBAR_EARLY=1 -DNUM_EPI_WARPS=5 -DSTAGGER_CYCLES=200 → 2.582 ms / 1697 TFLOPS

=== Tier 3: PHASE1_UNROLL, SNAKE_ORDER, CVT_ADD_FUSED, K_LOOP_UNROLL, W0_LOOP_UNROLL, SUB_MMA_UNROLL ===
  Branch 1/3: -DINTERLEAVE_STRATEGY=1 -DMBAR_EARLY=1 -DNUM_EPI_WARPS=5 -DSTAGGER_CYCLES=0
Sweep: 540 total, 270 valid, 270 pruned
Estimated time: ~22 min (270 configs × ~5s each)

[1/270] -DINTERLEAVE_STRATEGY=1 -DK_LOOP_UNROLL=1 -DMBAR_EARLY=1 -DNUM_EPI_WARPS=5 -DPHASE1_UNROLL=1 -DSNAKE_ORDER=0 -DSTAGGER_CYCLES=0 ... 2.654 ms / 1650 TFLOPS  (168 regs, 5.9s)
[2/270] -DINTERLEAVE_STRATEGY=1 -DK_LOOP_UNROLL=1 -DMBAR_EARLY=1 -DNUM_EPI_WARPS=5 -DPHASE1_UNROLL=1 -DSNAKE_ORDER=0 -DSTAGGER_CYCLES=0 -DW0_LOOP_UNROLL=1 ... 2.688 ms / 1630 TFLOPS  (154 regs, 5.9s)
[3/270] -DINTERLEAVE_STRATEGY=1 -DK_LOOP_UNROLL=1 -DMBAR_EARLY=1 -DNUM_EPI_WARPS=5 -DPHASE1_UNROLL=1 -DSNAKE_ORDER=0 -DSTAGGER_CYCLES=0 -DW0_LOOP_UNROLL=4 ... 2.656 ms / 1649 TFLOPS  (168 regs, 5.9s)
[4/270] -DINTERLEAVE_STRATEGY=1 -DK_LOOP_UNROLL=1 -DMBAR_EARLY=1 -DNUM_EPI_WARPS=5 -DPHASE1_UNROLL=1 -DSNAKE_ORDER=0 -DSTAGGER_CYCLES=0 -DSUB_MMA_UNROLL=1 ... 2.705 ms / 1620 TFLOPS  (163 regs, 5.8s)
[5/270] -DINTERLEAVE_STRATEGY=1 -DK_LOOP_UNROLL=1 -DMBAR_EARLY=1 -DNUM_EPI_WARPS=5 -DPHASE1_UNROLL=1 -DSNAKE_ORDER=0 -DSTAGGER_CYCLES=0 -DSUB_MMA_UNROLL=1 -DW0_LOOP_UNROLL=1 ... 2.698 ms / 1623 TFLOPS  (145 regs, 5.9s)
[6/270] -DINTERLEAVE_STRATEGY=1 -DK_LOOP_UNROLL=1 -DMBAR_EARLY=1 -DNUM_EPI_WARPS=5 -DPHASE1_UNROLL=1 -DSNAKE_ORDER=0 -DSTAGGER_CYCLES=0 -DSUB_MMA_UNROLL=1 -DW0_LOOP_UNROLL=4 ... 2.705 ms / 1619 TFLOPS  (163 regs, 5.9s)
[7/270] -DINTERLEAVE_STRATEGY=1 -DK_LOOP_UNROLL=1 -DMBAR_EARLY=1 -DNUM_EPI_WARPS=5 -DPHASE1_UNROLL=1 -DSNAKE_ORDER=0 -DSTAGGER_CYCLES=0 -DSUB_MMA_UNROLL=3 ... 2.657 ms / 1649 TFLOPS  (168 regs, 5.9s)
[8/270] -DINTERLEAVE_STRATEGY=1 -DK_LOOP_UNROLL=1 -DMBAR_EARLY=1 -DNUM_EPI_WARPS=5 -DPHASE1_UNROLL=1 -DSNAKE_ORDER=0 -DSTAGGER_CYCLES=0 -DSUB_MMA_UNROLL=3 -DW0_LOOP_UNROLL=1 ... 2.687 ms / 1630 TFLOPS  (154 regs, 6.0s)
[9/270] -DINTERLEAVE_STRATEGY=1 -DK_LOOP_UNROLL=1 -DMBAR_EARLY=1 -DNUM_EPI_WARPS=5 -DPHASE1_UNROLL=1 -DSNAKE_ORDER=0 -DSTAGGER_CYCLES=0 -DSUB_MMA_UNROLL=3 -DW0_LOOP_UNROLL=4 ... 2.656 ms / 1649 TFLOPS  (168 regs, 6.0s)
[10/270] -DINTERLEAVE_STRATEGY=1 -DK_LOOP_UNROLL=1 -DMBAR_EARLY=1 -DNUM_EPI_WARPS=5 -DPHASE1_UNROLL=1 -DSTAGGER_CYCLES=0 ... 2.649 ms / 1653 TFLOPS  (168 regs, 5.8s)
[11/270] -DINTERLEAVE_STRATEGY=1 -DK_LOOP_UNROLL=1 -DMBAR_EARLY=1 -DNUM_EPI_WARPS=5 -DPHASE1_UNROLL=1 -DSTAGGER_CYCLES=0 -DW0_LOOP_UNROLL=1 ... 2.679 ms / 1635 TFLOPS  (154 regs, 6.0s)
[12/270] -DINTERLEAVE_STRATEGY=1 -DK_LOOP_UNROLL=1 -DMBAR_EARLY=1 -DNUM_EPI_WARPS=5 -DPHASE1_UNROLL=1 -DSTAGGER_CYCLES=0 -DW0_LOOP_UNROLL=4 ... 2.650 ms / 1653 TFLOPS  (168 regs, 6.0s)
[13/270] -DINTERLEAVE_STRATEGY=1 -DK_LOOP_UNROLL=1 -DMBAR_EARLY=1 -DNUM_EPI_WARPS=5 -DPHASE1_UNROLL=1 -DSTAGGER_CYCLES=0 -DSUB_MMA_UNROLL=1 ... 2.700 ms / 1622 TFLOPS  (163 regs, 5.9s)
[14/270] -DINTERLEAVE_STRATEGY=1 -DK_LOOP_UNROLL=1 -DMBAR_EARLY=1 -DNUM_EPI_WARPS=5 -DPHASE1_UNROLL=1 -DSTAGGER_CYCLES=0 -DSUB_MMA_UNROLL=1 -DW0_LOOP_UNROLL=1 ... 2.654 ms / 1650 TFLOPS  (145 regs, 6.0s)
[15/270] -DINTERLEAVE_STRATEGY=1 -DK_LOOP_UNROLL=1 -DMBAR_EARLY=1 -DNUM_EPI_WARPS=5 -DPHASE1_UNROLL=1 -DSTAGGER_CYCLES=0 -DSUB_MMA_UNROLL=1 -DW0_LOOP_UNROLL=4 ... 2.699 ms / 1623 TFLOPS  (163 regs, 5.9s)
[16/270] -DINTERLEAVE_STRATEGY=1 -DK_LOOP_UNROLL=1 -DMBAR_EARLY=1 -DNUM_EPI_WARPS=5 -DPHASE1_UNROLL=1 -DSTAGGER_CYCLES=0 -DSUB_MMA_UNROLL=3 ... 2.648 ms / 1654 TFLOPS  (168 regs, 6.0s)
[17/270] -DINTERLEAVE_STRATEGY=1 -DK_LOOP_UNROLL=1 -DMBAR_EARLY=1 -DNUM_EPI_WARPS=5 -DPHASE1_UNROLL=1 -DSTAGGER_CYCLES=0 -DSUB_MMA_UNROLL=3 -DW0_LOOP_UNROLL=1 ... 2.677 ms / 1636 TFLOPS  (154 regs, 5.7s)
[18/270] -DINTERLEAVE_STRATEGY=1 -DK_LOOP_UNROLL=1 -DMBAR_EARLY=1 -DNUM_EPI_WARPS=5 -DPHASE1_UNROLL=1 -DSTAGGER_CYCLES=0 -DSUB_MMA_UNROLL=3 -DW0_LOOP_UNROLL=4 ... 2.649 ms / 1653 TFLOPS  (168 regs, 5.9s)
[19/270] -DINTERLEAVE_STRATEGY=1 -DK_LOOP_UNROLL=1 -DMBAR_EARLY=1 -DNUM_EPI_WARPS=5 -DSNAKE_ORDER=0 -DSTAGGER_CYCLES=0 ... 2.511 ms / 1744 TFLOPS  (213 regs, 6.2s)
[20/270] -DINTERLEAVE_STRATEGY=1 -DK_LOOP_UNROLL=1 -DMBAR_EARLY=1 -DNUM_EPI_WARPS=5 -DSNAKE_ORDER=0 -DSTAGGER_CYCLES=0 -DW0_LOOP_UNROLL=1 ... 2.597 ms / 1687 TFLOPS  (196 regs, 6.1s)
[21/270] -DINTERLEAVE_STRATEGY=1 -DK_LOOP_UNROLL=1 -DMBAR_EARLY=1 -DNUM_EPI_WARPS=5 -DSNAKE_ORDER=0 -DSTAGGER_CYCLES=0 -DW0_LOOP_UNROLL=4 ... 2.503 ms / 1750 TFLOPS  (213 regs, 6.0s)
[22/270] -DINTERLEAVE_STRATEGY=1 -DK_LOOP_UNROLL=1 -DMBAR_EARLY=1 -DNUM_EPI_WARPS=5 -DSNAKE_ORDER=0 -DSTAGGER_CYCLES=0 -DSUB_MMA_UNROLL=1 ... 2.605 ms / 1682 TFLOPS  (208 regs, 6.2s)
[23/270] -DINTERLEAVE_STRATEGY=1 -DK_LOOP_UNROLL=1 -DMBAR_EARLY=1 -DNUM_EPI_WARPS=5 -DSNAKE_ORDER=0 -DSTAGGER_CYCLES=0 -DSUB_MMA_UNROLL=1 -DW0_LOOP_UNROLL=1 ... 2.516 ms / 1741 TFLOPS  (187 regs, 6.2s)
[24/270] -DINTERLEAVE_STRATEGY=1 -DK_LOOP_UNROLL=1 -DMBAR_EARLY=1 -DNUM_EPI_WARPS=5 -DSNAKE_ORDER=0 -DSTAGGER_CYCLES=0 -DSUB_MMA_UNROLL=1 -DW0_LOOP_UNROLL=4 ... 2.577 ms / 1700 TFLOPS  (208 regs, 6.0s)
[25/270] -DINTERLEAVE_STRATEGY=1 -DK_LOOP_UNROLL=1 -DMBAR_EARLY=1 -DNUM_EPI_WARPS=5 -DSNAKE_ORDER=0 -DSTAGGER_CYCLES=0 -DSUB_MMA_UNROLL=3 ... 2.512 ms / 1743 TFLOPS  (213 regs, 6.2s)
[26/270] -DINTERLEAVE_STRATEGY=1 -DK_LOOP_UNROLL=1 -DMBAR_EARLY=1 -DNUM_EPI_WARPS=5 -DSNAKE_ORDER=0 -DSTAGGER_CYCLES=0 -DSUB_MMA_UNROLL=3 -DW0_LOOP_UNROLL=1 ... 2.597 ms / 1686 TFLOPS  (196 regs, 6.1s)
[27/270] -DINTERLEAVE_STRATEGY=1 -DK_LOOP_UNROLL=1 -DMBAR_EARLY=1 -DNUM_EPI_WARPS=5 -DSNAKE_ORDER=0 -DSTAGGER_CYCLES=0 -DSUB_MMA_UNROLL=3 -DW0_LOOP_UNROLL=4 ... 2.504 ms / 1749 TFLOPS  (213 regs, 6.1s)
[28/270] -DINTERLEAVE_STRATEGY=1 -DK_LOOP_UNROLL=1 -DMBAR_EARLY=1 -DNUM_EPI_WARPS=5 -DSTAGGER_CYCLES=0 ... 2.529 ms / 1732 TFLOPS  (213 regs, 6.1s)
[29/270] -DINTERLEAVE_STRATEGY=1 -DK_LOOP_UNROLL=1 -DMBAR_EARLY=1 -DNUM_EPI_WARPS=5 -DSTAGGER_CYCLES=0 -DW0_LOOP_UNROLL=1 ... 2.603 ms / 1683 TFLOPS  (196 regs, 5.9s)
[30/270] -DINTERLEAVE_STRATEGY=1 -DK_LOOP_UNROLL=1 -DMBAR_EARLY=1 -DNUM_EPI_WARPS=5 -DSTAGGER_CYCLES=0 -DW0_LOOP_UNROLL=4 ... 2.515 ms / 1741 TFLOPS  (213 regs, 6.2s)
[31/270] -DINTERLEAVE_STRATEGY=1 -DK_LOOP_UNROLL=1 -DMBAR_EARLY=1 -DNUM_EPI_WARPS=5 -DSTAGGER_CYCLES=0 -DSUB_MMA_UNROLL=1 ... 2.621 ms / 1671 TFLOPS  (208 regs, 6.2s)
[32/270] -DINTERLEAVE_STRATEGY=1 -DK_LOOP_UNROLL=1 -DMBAR_EARLY=1 -DNUM_EPI_WARPS=5 -DSTAGGER_CYCLES=0 -DSUB_MMA_UNROLL=1 -DW0_LOOP_UNROLL=1 ... 2.508 ms / 1747 TFLOPS  (187 regs, 6.0s)
[33/270] -DINTERLEAVE_STRATEGY=1 -DK_LOOP_UNROLL=1 -DMBAR_EARLY=1 -DNUM_EPI_WARPS=5 -DSTAGGER_CYCLES=0 -DSUB_MMA_UNROLL=1 -DW0_LOOP_UNROLL=4 ... 2.584 ms / 1695 TFLOPS  (208 regs, 6.0s)
[34/270] -DINTERLEAVE_STRATEGY=1 -DK_LOOP_UNROLL=1 -DMBAR_EARLY=1 -DNUM_EPI_WARPS=5 -DSTAGGER_CYCLES=0 -DSUB_MMA_UNROLL=3 ... 2.528 ms / 1732 TFLOPS  (213 regs, 6.0s)
[35/270] -DINTERLEAVE_STRATEGY=1 -DK_LOOP_UNROLL=1 -DMBAR_EARLY=1 -DNUM_EPI_WARPS=5 -DSTAGGER_CYCLES=0 -DSUB_MMA_UNROLL=3 -DW0_LOOP_UNROLL=1 ... 2.603 ms / 1683 TFLOPS  (196 regs, 6.0s)
[36/270] -DINTERLEAVE_STRATEGY=1 -DK_LOOP_UNROLL=1 -DMBAR_EARLY=1 -DNUM_EPI_WARPS=5 -DSTAGGER_CYCLES=0 -DSUB_MMA_UNROLL=3 -DW0_LOOP_UNROLL=4 ... 2.514 ms / 1742 TFLOPS  (213 regs, 6.0s)
[37/270] -DINTERLEAVE_STRATEGY=1 -DK_LOOP_UNROLL=1 -DMBAR_EARLY=1 -DNUM_EPI_WARPS=5 -DPHASE1_UNROLL=4 -DSNAKE_ORDER=0 -DSTAGGER_CYCLES=0 ... 3.966 ms / 1104 TFLOPS  (216 regs, 6.4s)
[38/270] -DINTERLEAVE_STRATEGY=1 -DK_LOOP_UNROLL=1 -DMBAR_EARLY=1 -DNUM_EPI_WARPS=5 -DPHASE1_UNROLL=4 -DSNAKE_ORDER=0 -DSTAGGER_CYCLES=0 -DW0_LOOP_UNROLL=1 ... 3.779 ms / 1159 TFLOPS  (196 regs, 6.5s)
[39/270] -DINTERLEAVE_STRATEGY=1 -DK_LOOP_UNROLL=1 -DMBAR_EARLY=1 -DNUM_EPI_WARPS=5 -DPHASE1_UNROLL=4 -DSNAKE_ORDER=0 -DSTAGGER_CYCLES=0 -DW0_LOOP_UNROLL=4 ... 3.942 ms / 1111 TFLOPS  (216 regs, 6.6s)
[40/270] -DINTERLEAVE_STRATEGY=1 -DK_LOOP_UNROLL=1 -DMBAR_EARLY=1 -DNUM_EPI_WARPS=5 -DPHASE1_UNROLL=4 -DSNAKE_ORDER=0 -DSTAGGER_CYCLES=0 -DSUB_MMA_UNROLL=1 ... 4.027 ms / 1088 TFLOPS  (206 regs, 6.5s)
[41/270] -DINTERLEAVE_STRATEGY=1 -DK_LOOP_UNROLL=1 -DMBAR_EARLY=1 -DNUM_EPI_WARPS=5 -DPHASE1_UNROLL=4 -DSNAKE_ORDER=0 -DSTAGGER_CYCLES=0 -DSUB_MMA_UNROLL=1 -DW0_LOOP_UNROLL=1 ... 3.890 ms / 1126 TFLOPS  (188 regs, 6.5s)
[42/270] -DINTERLEAVE_STRATEGY=1 -DK_LOOP_UNROLL=1 -DMBAR_EARLY=1 -DNUM_EPI_WARPS=5 -DPHASE1_UNROLL=4 -DSNAKE_ORDER=0 -DSTAGGER_CYCLES=0 -DSUB_MMA_UNROLL=1 -DW0_LOOP_UNROLL=4 ... 3.983 ms / 1100 TFLOPS  (206 regs, 6.3s)
[43/270] -DINTERLEAVE_STRATEGY=1 -DK_LOOP_UNROLL=1 -DMBAR_EARLY=1 -DNUM_EPI_WARPS=5 -DPHASE1_UNROLL=4 -DSNAKE_ORDER=0 -DSTAGGER_CYCLES=0 -DSUB_MMA_UNROLL=3 ... 3.965 ms / 1105 TFLOPS  (216 regs, 6.6s)
[44/270] -DINTERLEAVE_STRATEGY=1 -DK_LOOP_UNROLL=1 -DMBAR_EARLY=1 -DNUM_EPI_WARPS=5 -DPHASE1_UNROLL=4 -DSNAKE_ORDER=0 -DSTAGGER_CYCLES=0 -DSUB_MMA_UNROLL=3 -DW0_LOOP_UNROLL=1 ... 3.785 ms / 1157 TFLOPS  (196 regs, 6.4s)
[45/270] -DINTERLEAVE_STRATEGY=1 -DK_LOOP_UNROLL=1 -DMBAR_EARLY=1 -DNUM_EPI_WARPS=5 -DPHASE1_UNROLL=4 -DSNAKE_ORDER=0 -DSTAGGER_CYCLES=0 -DSUB_MMA_UNROLL=3 -DW0_LOOP_UNROLL=4 ... 3.943 ms / 1111 TFLOPS  (216 regs, 6.4s)
[46/270] -DINTERLEAVE_STRATEGY=1 -DK_LOOP_UNROLL=1 -DMBAR_EARLY=1 -DNUM_EPI_WARPS=5 -DPHASE1_UNROLL=4 -DSTAGGER_CYCLES=0 ... 3.997 ms / 1096 TFLOPS  (216 regs, 6.3s)
[47/270] -DINTERLEAVE_STRATEGY=1 -DK_LOOP_UNROLL=1 -DMBAR_EARLY=1 -DNUM_EPI_WARPS=5 -DPHASE1_UNROLL=4 -DSTAGGER_CYCLES=0 -DW0_LOOP_UNROLL=1 ... 3.804 ms / 1151 TFLOPS  (196 regs, 6.6s)
[48/270] -DINTERLEAVE_STRATEGY=1 -DK_LOOP_UNROLL=1 -DMBAR_EARLY=1 -DNUM_EPI_WARPS=5 -DPHASE1_UNROLL=4 -DSTAGGER_CYCLES=0 -DW0_LOOP_UNROLL=4 ... 3.972 ms / 1103 TFLOPS  (216 regs, 6.3s)
[49/270] -DINTERLEAVE_STRATEGY=1 -DK_LOOP_UNROLL=1 -DMBAR_EARLY=1 -DNUM_EPI_WARPS=5 -DPHASE1_UNROLL=4 -DSTAGGER_CYCLES=0 -DSUB_MMA_UNROLL=1 ... 4.025 ms / 1088 TFLOPS  (206 regs, 6.6s)
[50/270] -DINTERLEAVE_STRATEGY=1 -DK_LOOP_UNROLL=1 -DMBAR_EARLY=1 -DNUM_EPI_WARPS=5 -DPHASE1_UNROLL=4 -DSTAGGER_CYCLES=0 -DSUB_MMA_UNROLL=1 -DW0_LOOP_UNROLL=1 ... 3.896 ms / 1124 TFLOPS  (188 regs, 6.5s)
[51/270] -DINTERLEAVE_STRATEGY=1 -DK_LOOP_UNROLL=1 -DMBAR_EARLY=1 -DNUM_EPI_WARPS=5 -DPHASE1_UNROLL=4 -DSTAGGER_CYCLES=0 -DSUB_MMA_UNROLL=1 -DW0_LOOP_UNROLL=4 ... 3.983 ms / 1100 TFLOPS  (206 regs, 6.7s)
[52/270] -DINTERLEAVE_STRATEGY=1 -DK_LOOP_UNROLL=1 -DMBAR_EARLY=1 -DNUM_EPI_WARPS=5 -DPHASE1_UNROLL=4 -DSTAGGER_CYCLES=0 -DSUB_MMA_UNROLL=3 ... 3.996 ms / 1096 TFLOPS  (216 regs, 6.7s)
[53/270] -DINTERLEAVE_STRATEGY=1 -DK_LOOP_UNROLL=1 -DMBAR_EARLY=1 -DNUM_EPI_WARPS=5 -DPHASE1_UNROLL=4 -DSTAGGER_CYCLES=0 -DSUB_MMA_UNROLL=3 -DW0_LOOP_UNROLL=1 ... 3.806 ms / 1151 TFLOPS  (196 regs, 6.3s)
[54/270] -DINTERLEAVE_STRATEGY=1 -DK_LOOP_UNROLL=1 -DMBAR_EARLY=1 -DNUM_EPI_WARPS=5 -DPHASE1_UNROLL=4 -DSTAGGER_CYCLES=0 -DSUB_MMA_UNROLL=3 -DW0_LOOP_UNROLL=4 ... 3.977 ms / 1101 TFLOPS  (216 regs, 6.4s)
[55/270] -DINTERLEAVE_STRATEGY=1 -DK_LOOP_UNROLL=2 -DMBAR_EARLY=1 -DNUM_EPI_WARPS=5 -DPHASE1_UNROLL=1 -DSNAKE_ORDER=0 -DSTAGGER_CYCLES=0 ... 2.656 ms / 1649 TFLOPS  (168 regs, 6.0s)
[56/270] -DINTERLEAVE_STRATEGY=1 -DK_LOOP_UNROLL=2 -DMBAR_EARLY=1 -DNUM_EPI_WARPS=5 -DPHASE1_UNROLL=1 -DSNAKE_ORDER=0 -DSTAGGER_CYCLES=0 -DW0_LOOP_UNROLL=1 ... 2.671 ms / 1640 TFLOPS  (153 regs, 5.9s)
[57/270] -DINTERLEAVE_STRATEGY=1 -DK_LOOP_UNROLL=2 -DMBAR_EARLY=1 -DNUM_EPI_WARPS=5 -DPHASE1_UNROLL=1 -DSNAKE_ORDER=0 -DSTAGGER_CYCLES=0 -DW0_LOOP_UNROLL=4 ... 2.658 ms / 1648 TFLOPS  (168 regs, 5.9s)
[58/270] -DINTERLEAVE_STRATEGY=1 -DK_LOOP_UNROLL=2 -DMBAR_EARLY=1 -DNUM_EPI_WARPS=5 -DPHASE1_UNROLL=1 -DSNAKE_ORDER=0 -DSTAGGER_CYCLES=0 -DSUB_MMA_UNROLL=1 ... 2.704 ms / 1620 TFLOPS  (163 regs, 5.9s)
[59/270] -DINTERLEAVE_STRATEGY=1 -DK_LOOP_UNROLL=2 -DMBAR_EARLY=1 -DNUM_EPI_WARPS=5 -DPHASE1_UNROLL=1 -DSNAKE_ORDER=0 -DSTAGGER_CYCLES=0 -DSUB_MMA_UNROLL=1 -DW0_LOOP_UNROLL=1 ... 2.736 ms / 1601 TFLOPS  (144 regs, 6.0s)
[60/270] -DINTERLEAVE_STRATEGY=1 -DK_LOOP_UNROLL=2 -DMBAR_EARLY=1 -DNUM_EPI_WARPS=5 -DPHASE1_UNROLL=1 -DSNAKE_ORDER=0 -DSTAGGER_CYCLES=0 -DSUB_MMA_UNROLL=1 -DW0_LOOP_UNROLL=4 ... 2.703 ms / 1620 TFLOPS  (163 regs, 6.0s)
[61/270] -DINTERLEAVE_STRATEGY=1 -DK_LOOP_UNROLL=2 -DMBAR_EARLY=1 -DNUM_EPI_WARPS=5 -DPHASE1_UNROLL=1 -DSNAKE_ORDER=0 -DSTAGGER_CYCLES=0 -DSUB_MMA_UNROLL=3 ... 2.657 ms / 1648 TFLOPS  (168 regs, 5.8s)
[62/270] -DINTERLEAVE_STRATEGY=1 -DK_LOOP_UNROLL=2 -DMBAR_EARLY=1 -DNUM_EPI_WARPS=5 -DPHASE1_UNROLL=1 -DSNAKE_ORDER=0 -DSTAGGER_CYCLES=0 -DSUB_MMA_UNROLL=3 -DW0_LOOP_UNROLL=1 ... 2.671 ms / 1640 TFLOPS  (153 regs, 6.0s)
[63/270] -DINTERLEAVE_STRATEGY=1 -DK_LOOP_UNROLL=2 -DMBAR_EARLY=1 -DNUM_EPI_WARPS=5 -DPHASE1_UNROLL=1 -DSNAKE_ORDER=0 -DSTAGGER_CYCLES=0 -DSUB_MMA_UNROLL=3 -DW0_LOOP_UNROLL=4 ... 2.658 ms / 1648 TFLOPS  (168 regs, 5.9s)
[64/270] -DINTERLEAVE_STRATEGY=1 -DK_LOOP_UNROLL=2 -DMBAR_EARLY=1 -DNUM_EPI_WARPS=5 -DPHASE1_UNROLL=1 -DSTAGGER_CYCLES=0 ... 2.653 ms / 1651 TFLOPS  (168 regs, 6.1s)
[65/270] -DINTERLEAVE_STRATEGY=1 -DK_LOOP_UNROLL=2 -DMBAR_EARLY=1 -DNUM_EPI_WARPS=5 -DPHASE1_UNROLL=1 -DSTAGGER_CYCLES=0 -DW0_LOOP_UNROLL=1 ... 2.659 ms / 1647 TFLOPS  (153 regs, 6.0s)
[66/270] -DINTERLEAVE_STRATEGY=1 -DK_LOOP_UNROLL=2 -DMBAR_EARLY=1 -DNUM_EPI_WARPS=5 -DPHASE1_UNROLL=1 -DSTAGGER_CYCLES=0 -DW0_LOOP_UNROLL=4 ... 2.653 ms / 1651 TFLOPS  (168 regs, 6.0s)
[67/270] -DINTERLEAVE_STRATEGY=1 -DK_LOOP_UNROLL=2 -DMBAR_EARLY=1 -DNUM_EPI_WARPS=5 -DPHASE1_UNROLL=1 -DSTAGGER_CYCLES=0 -DSUB_MMA_UNROLL=1 ... 2.699 ms / 1623 TFLOPS  (163 regs, 5.7s)
[68/270] -DINTERLEAVE_STRATEGY=1 -DK_LOOP_UNROLL=2 -DMBAR_EARLY=1 -DNUM_EPI_WARPS=5 -DPHASE1_UNROLL=1 -DSTAGGER_CYCLES=0 -DSUB_MMA_UNROLL=1 -DW0_LOOP_UNROLL=1 ... 2.732 ms / 1603 TFLOPS  (144 regs, 6.0s)
[69/270] -DINTERLEAVE_STRATEGY=1 -DK_LOOP_UNROLL=2 -DMBAR_EARLY=1 -DNUM_EPI_WARPS=5 -DPHASE1_UNROLL=1 -DSTAGGER_CYCLES=0 -DSUB_MMA_UNROLL=1 -DW0_LOOP_UNROLL=4 ... 2.702 ms / 1621 TFLOPS  (163 regs, 5.9s)
[70/270] -DINTERLEAVE_STRATEGY=1 -DK_LOOP_UNROLL=2 -DMBAR_EARLY=1 -DNUM_EPI_WARPS=5 -DPHASE1_UNROLL=1 -DSTAGGER_CYCLES=0 -DSUB_MMA_UNROLL=3 ... 2.652 ms / 1652 TFLOPS  (168 regs, 5.9s)
[71/270] -DINTERLEAVE_STRATEGY=1 -DK_LOOP_UNROLL=2 -DMBAR_EARLY=1 -DNUM_EPI_WARPS=5 -DPHASE1_UNROLL=1 -DSTAGGER_CYCLES=0 -DSUB_MMA_UNROLL=3 -DW0_LOOP_UNROLL=1 ... 2.658 ms / 1648 TFLOPS  (153 regs, 5.8s)
[72/270] -DINTERLEAVE_STRATEGY=1 -DK_LOOP_UNROLL=2 -DMBAR_EARLY=1 -DNUM_EPI_WARPS=5 -DPHASE1_UNROLL=1 -DSTAGGER_CYCLES=0 -DSUB_MMA_UNROLL=3 -DW0_LOOP_UNROLL=4 ... 2.652 ms / 1651 TFLOPS  (168 regs, 6.0s)
[73/270] -DINTERLEAVE_STRATEGY=1 -DK_LOOP_UNROLL=2 -DMBAR_EARLY=1 -DNUM_EPI_WARPS=5 -DSNAKE_ORDER=0 -DSTAGGER_CYCLES=0 ... 2.620 ms / 1672 TFLOPS  (213 regs, 6.2s)
[74/270] -DINTERLEAVE_STRATEGY=1 -DK_LOOP_UNROLL=2 -DMBAR_EARLY=1 -DNUM_EPI_WARPS=5 -DSNAKE_ORDER=0 -DSTAGGER_CYCLES=0 -DW0_LOOP_UNROLL=1 ... 2.555 ms / 1714 TFLOPS  (197 regs, 5.9s)
[75/270] -DINTERLEAVE_STRATEGY=1 -DK_LOOP_UNROLL=2 -DMBAR_EARLY=1 -DNUM_EPI_WARPS=5 -DSNAKE_ORDER=0 -DSTAGGER_CYCLES=0 -DW0_LOOP_UNROLL=4 ... 2.589 ms / 1692 TFLOPS  (213 regs, 6.2s)
[76/270] -DINTERLEAVE_STRATEGY=1 -DK_LOOP_UNROLL=2 -DMBAR_EARLY=1 -DNUM_EPI_WARPS=5 -DSNAKE_ORDER=0 -DSTAGGER_CYCLES=0 -DSUB_MMA_UNROLL=1 ... 2.657 ms / 1648 TFLOPS  (208 regs, 6.0s)
[77/270] -DINTERLEAVE_STRATEGY=1 -DK_LOOP_UNROLL=2 -DMBAR_EARLY=1 -DNUM_EPI_WARPS=5 -DSNAKE_ORDER=0 -DSTAGGER_CYCLES=0 -DSUB_MMA_UNROLL=1 -DW0_LOOP_UNROLL=1 ... 2.482 ms / 1764 TFLOPS  (187 regs, 6.0s)
[78/270] -DINTERLEAVE_STRATEGY=1 -DK_LOOP_UNROLL=2 -DMBAR_EARLY=1 -DNUM_EPI_WARPS=5 -DSNAKE_ORDER=0 -DSTAGGER_CYCLES=0 -DSUB_MMA_UNROLL=1 -DW0_LOOP_UNROLL=4 ... 2.634 ms / 1663 TFLOPS  (208 regs, 6.2s)
[79/270] -DINTERLEAVE_STRATEGY=1 -DK_LOOP_UNROLL=2 -DMBAR_EARLY=1 -DNUM_EPI_WARPS=5 -DSNAKE_ORDER=0 -DSTAGGER_CYCLES=0 -DSUB_MMA_UNROLL=3 ... 2.619 ms / 1672 TFLOPS  (213 regs, 6.1s)
[80/270] -DINTERLEAVE_STRATEGY=1 -DK_LOOP_UNROLL=2 -DMBAR_EARLY=1 -DNUM_EPI_WARPS=5 -DSNAKE_ORDER=0 -DSTAGGER_CYCLES=0 -DSUB_MMA_UNROLL=3 -DW0_LOOP_UNROLL=1 ... 2.554 ms / 1715 TFLOPS  (197 regs, 6.2s)
[81/270] -DINTERLEAVE_STRATEGY=1 -DK_LOOP_UNROLL=2 -DMBAR_EARLY=1 -DNUM_EPI_WARPS=5 -DSNAKE_ORDER=0 -DSTAGGER_CYCLES=0 -DSUB_MMA_UNROLL=3 -DW0_LOOP_UNROLL=4 ... 2.588 ms / 1692 TFLOPS  (213 regs, 6.2s)
[82/270] -DINTERLEAVE_STRATEGY=1 -DK_LOOP_UNROLL=2 -DMBAR_EARLY=1 -DNUM_EPI_WARPS=5 -DSTAGGER_CYCLES=0 ... 2.631 ms / 1665 TFLOPS  (213 regs, 6.2s)
[83/270] -DINTERLEAVE_STRATEGY=1 -DK_LOOP_UNROLL=2 -DMBAR_EARLY=1 -DNUM_EPI_WARPS=5 -DSTAGGER_CYCLES=0 -DW0_LOOP_UNROLL=1 ... 2.548 ms / 1719 TFLOPS  (197 regs, 5.9s)
[84/270] -DINTERLEAVE_STRATEGY=1 -DK_LOOP_UNROLL=2 -DMBAR_EARLY=1 -DNUM_EPI_WARPS=5 -DSTAGGER_CYCLES=0 -DW0_LOOP_UNROLL=4 ... 2.602 ms / 1683 TFLOPS  (213 regs, 6.2s)
[85/270] -DINTERLEAVE_STRATEGY=1 -DK_LOOP_UNROLL=2 -DMBAR_EARLY=1 -DNUM_EPI_WARPS=5 -DSTAGGER_CYCLES=0 -DSUB_MMA_UNROLL=1 ... 2.680 ms / 1634 TFLOPS  (208 regs, 6.2s)
[86/270] -DINTERLEAVE_STRATEGY=1 -DK_LOOP_UNROLL=2 -DMBAR_EARLY=1 -DNUM_EPI_WARPS=5 -DSTAGGER_CYCLES=0 -DSUB_MMA_UNROLL=1 -DW0_LOOP_UNROLL=1 ... 2.477 ms / 1768 TFLOPS  (187 regs, 6.2s)
[87/270] -DINTERLEAVE_STRATEGY=1 -DK_LOOP_UNROLL=2 -DMBAR_EARLY=1 -DNUM_EPI_WARPS=5 -DSTAGGER_CYCLES=0 -DSUB_MMA_UNROLL=1 -DW0_LOOP_UNROLL=4 ... 2.649 ms / 1653 TFLOPS  (208 regs, 6.2s)
[88/270] -DINTERLEAVE_STRATEGY=1 -DK_LOOP_UNROLL=2 -DMBAR_EARLY=1 -DNUM_EPI_WARPS=5 -DSTAGGER_CYCLES=0 -DSUB_MMA_UNROLL=3 ... 2.633 ms / 1664 TFLOPS  (213 regs, 6.2s)
[89/270] -DINTERLEAVE_STRATEGY=1 -DK_LOOP_UNROLL=2 -DMBAR_EARLY=1 -DNUM_EPI_WARPS=5 -DSTAGGER_CYCLES=0 -DSUB_MMA_UNROLL=3 -DW0_LOOP_UNROLL=1 ... 2.548 ms / 1719 TFLOPS  (197 regs, 6.1s)
[90/270] -DINTERLEAVE_STRATEGY=1 -DK_LOOP_UNROLL=2 -DMBAR_EARLY=1 -DNUM_EPI_WARPS=5 -DSTAGGER_CYCLES=0 -DSUB_MMA_UNROLL=3 -DW0_LOOP_UNROLL=4 ... 2.602 ms / 1683 TFLOPS  (213 regs, 5.9s)
[91/270] -DINTERLEAVE_STRATEGY=1 -DK_LOOP_UNROLL=2 -DMBAR_EARLY=1 -DNUM_EPI_WARPS=5 -DPHASE1_UNROLL=4 -DSNAKE_ORDER=0 -DSTAGGER_CYCLES=0 ... 4.079 ms / 1074 TFLOPS  (216 regs, 6.6s)
[92/270] -DINTERLEAVE_STRATEGY=1 -DK_LOOP_UNROLL=2 -DMBAR_EARLY=1 -DNUM_EPI_WARPS=5 -DPHASE1_UNROLL=4 -DSNAKE_ORDER=0 -DSTAGGER_CYCLES=0 -DW0_LOOP_UNROLL=1 ... 3.880 ms / 1129 TFLOPS  (196 regs, 6.6s)
[93/270] -DINTERLEAVE_STRATEGY=1 -DK_LOOP_UNROLL=2 -DMBAR_EARLY=1 -DNUM_EPI_WARPS=5 -DPHASE1_UNROLL=4 -DSNAKE_ORDER=0 -DSTAGGER_CYCLES=0 -DW0_LOOP_UNROLL=4 ... 4.064 ms / 1078 TFLOPS  (216 regs, 6.3s)
[94/270] -DINTERLEAVE_STRATEGY=1 -DK_LOOP_UNROLL=2 -DMBAR_EARLY=1 -DNUM_EPI_WARPS=5 -DPHASE1_UNROLL=4 -DSNAKE_ORDER=0 -DSTAGGER_CYCLES=0 -DSUB_MMA_UNROLL=1 ... 4.026 ms / 1088 TFLOPS  (206 regs, 6.5s)
[95/270] -DINTERLEAVE_STRATEGY=1 -DK_LOOP_UNROLL=2 -DMBAR_EARLY=1 -DNUM_EPI_WARPS=5 -DPHASE1_UNROLL=4 -DSNAKE_ORDER=0 -DSTAGGER_CYCLES=0 -DSUB_MMA_UNROLL=1 -DW0_LOOP_UNROLL=1 ... 3.863 ms / 1134 TFLOPS  (188 regs, 6.5s)
[96/270] -DINTERLEAVE_STRATEGY=1 -DK_LOOP_UNROLL=2 -DMBAR_EARLY=1 -DNUM_EPI_WARPS=5 -DPHASE1_UNROLL=4 -DSNAKE_ORDER=0 -DSTAGGER_CYCLES=0 -DSUB_MMA_UNROLL=1 -DW0_LOOP_UNROLL=4 ... 4.014 ms / 1091 TFLOPS  (206 regs, 6.6s)
[97/270] -DINTERLEAVE_STRATEGY=1 -DK_LOOP_UNROLL=2 -DMBAR_EARLY=1 -DNUM_EPI_WARPS=5 -DPHASE1_UNROLL=4 -DSNAKE_ORDER=0 -DSTAGGER_CYCLES=0 -DSUB_MMA_UNROLL=3 ... 4.078 ms / 1074 TFLOPS  (216 regs, 6.6s)
[98/270] -DINTERLEAVE_STRATEGY=1 -DK_LOOP_UNROLL=2 -DMBAR_EARLY=1 -DNUM_EPI_WARPS=5 -DPHASE1_UNROLL=4 -DSNAKE_ORDER=0 -DSTAGGER_CYCLES=0 -DSUB_MMA_UNROLL=3 -DW0_LOOP_UNROLL=1 ... 3.880 ms / 1129 TFLOPS  (196 regs, 6.6s)
[99/270] -DINTERLEAVE_STRATEGY=1 -DK_LOOP_UNROLL=2 -DMBAR_EARLY=1 -DNUM_EPI_WARPS=5 -DPHASE1_UNROLL=4 -DSNAKE_ORDER=0 -DSTAGGER_CYCLES=0 -DSUB_MMA_UNROLL=3 -DW0_LOOP_UNROLL=4 ... 4.061 ms / 1078 TFLOPS  (216 regs, 6.6s)
[100/270] -DINTERLEAVE_STRATEGY=1 -DK_LOOP_UNROLL=2 -DMBAR_EARLY=1 -DNUM_EPI_WARPS=5 -DPHASE1_UNROLL=4 -DSTAGGER_CYCLES=0 ... 4.092 ms / 1070 TFLOPS  (216 regs, 6.5s)
[101/270] -DINTERLEAVE_STRATEGY=1 -DK_LOOP_UNROLL=2 -DMBAR_EARLY=1 -DNUM_EPI_WARPS=5 -DPHASE1_UNROLL=4 -DSTAGGER_CYCLES=0 -DW0_LOOP_UNROLL=1 ... 3.907 ms / 1121 TFLOPS  (196 regs, 6.6s)
[102/270] -DINTERLEAVE_STRATEGY=1 -DK_LOOP_UNROLL=2 -DMBAR_EARLY=1 -DNUM_EPI_WARPS=5 -DPHASE1_UNROLL=4 -DSTAGGER_CYCLES=0 -DW0_LOOP_UNROLL=4 ... 4.077 ms / 1074 TFLOPS  (216 regs, 6.6s)
[103/270] -DINTERLEAVE_STRATEGY=1 -DK_LOOP_UNROLL=2 -DMBAR_EARLY=1 -DNUM_EPI_WARPS=5 -DPHASE1_UNROLL=4 -DSTAGGER_CYCLES=0 -DSUB_MMA_UNROLL=1 ... 4.037 ms / 1085 TFLOPS  (206 regs, 6.5s)
[104/270] -DINTERLEAVE_STRATEGY=1 -DK_LOOP_UNROLL=2 -DMBAR_EARLY=1 -DNUM_EPI_WARPS=5 -DPHASE1_UNROLL=4 -DSTAGGER_CYCLES=0 -DSUB_MMA_UNROLL=1 -DW0_LOOP_UNROLL=1 ... 3.872 ms / 1131 TFLOPS  (188 regs, 6.6s)
[105/270] -DINTERLEAVE_STRATEGY=1 -DK_LOOP_UNROLL=2 -DMBAR_EARLY=1 -DNUM_EPI_WARPS=5 -DPHASE1_UNROLL=4 -DSTAGGER_CYCLES=0 -DSUB_MMA_UNROLL=1 -DW0_LOOP_UNROLL=4 ... 4.014 ms / 1091 TFLOPS  (206 regs, 6.6s)
[106/270] -DINTERLEAVE_STRATEGY=1 -DK_LOOP_UNROLL=2 -DMBAR_EARLY=1 -DNUM_EPI_WARPS=5 -DPHASE1_UNROLL=4 -DSTAGGER_CYCLES=0 -DSUB_MMA_UNROLL=3 ... 4.092 ms / 1070 TFLOPS  (216 regs, 6.5s)
[107/270] -DINTERLEAVE_STRATEGY=1 -DK_LOOP_UNROLL=2 -DMBAR_EARLY=1 -DNUM_EPI_WARPS=5 -DPHASE1_UNROLL=4 -DSTAGGER_CYCLES=0 -DSUB_MMA_UNROLL=3 -DW0_LOOP_UNROLL=1 ... 3.909 ms / 1120 TFLOPS  (196 regs, 6.3s)
[108/270] -DINTERLEAVE_STRATEGY=1 -DK_LOOP_UNROLL=2 -DMBAR_EARLY=1 -DNUM_EPI_WARPS=5 -DPHASE1_UNROLL=4 -DSTAGGER_CYCLES=0 -DSUB_MMA_UNROLL=3 -DW0_LOOP_UNROLL=4 ... 4.077 ms / 1074 TFLOPS  (216 regs, 6.5s)
[109/270] -DINTERLEAVE_STRATEGY=1 -DMBAR_EARLY=1 -DNUM_EPI_WARPS=5 -DPHASE1_UNROLL=1 -DSNAKE_ORDER=0 -DSTAGGER_CYCLES=0 ... 2.713 ms / 1615 TFLOPS  (220 regs, 5.7s)
[110/270] -DINTERLEAVE_STRATEGY=1 -DMBAR_EARLY=1 -DNUM_EPI_WARPS=5 -DPHASE1_UNROLL=1 -DSNAKE_ORDER=0 -DSTAGGER_CYCLES=0 -DW0_LOOP_UNROLL=1 ... 2.723 ms / 1609 TFLOPS  (204 regs, 6.0s)
[111/270] -DINTERLEAVE_STRATEGY=1 -DMBAR_EARLY=1 -DNUM_EPI_WARPS=5 -DPHASE1_UNROLL=1 -DSNAKE_ORDER=0 -DSTAGGER_CYCLES=0 -DW0_LOOP_UNROLL=4 ... 2.706 ms / 1619 TFLOPS  (220 regs, 5.9s)
[112/270] -DINTERLEAVE_STRATEGY=1 -DMBAR_EARLY=1 -DNUM_EPI_WARPS=5 -DPHASE1_UNROLL=1 -DSNAKE_ORDER=0 -DSTAGGER_CYCLES=0 -DSUB_MMA_UNROLL=1 ... 2.717 ms / 1612 TFLOPS  (175 regs, 5.9s)
[113/270] -DINTERLEAVE_STRATEGY=1 -DMBAR_EARLY=1 -DNUM_EPI_WARPS=5 -DPHASE1_UNROLL=1 -DSNAKE_ORDER=0 -DSTAGGER_CYCLES=0 -DSUB_MMA_UNROLL=1 -DW0_LOOP_UNROLL=1 ... 2.713 ms / 1614 TFLOPS  (159 regs, 6.0s)
[114/270] -DINTERLEAVE_STRATEGY=1 -DMBAR_EARLY=1 -DNUM_EPI_WARPS=5 -DPHASE1_UNROLL=1 -DSNAKE_ORDER=0 -DSTAGGER_CYCLES=0 -DSUB_MMA_UNROLL=1 -DW0_LOOP_UNROLL=4 ... 2.716 ms / 1613 TFLOPS  (175 regs, 5.8s)
[115/270] -DINTERLEAVE_STRATEGY=1 -DMBAR_EARLY=1 -DNUM_EPI_WARPS=5 -DPHASE1_UNROLL=1 -DSNAKE_ORDER=0 -DSTAGGER_CYCLES=0 -DSUB_MMA_UNROLL=3 ... 2.711 ms / 1616 TFLOPS  (220 regs, 6.0s)
[116/270] -DINTERLEAVE_STRATEGY=1 -DMBAR_EARLY=1 -DNUM_EPI_WARPS=5 -DPHASE1_UNROLL=1 -DSNAKE_ORDER=0 -DSTAGGER_CYCLES=0 -DSUB_MMA_UNROLL=3 -DW0_LOOP_UNROLL=1 ... 2.723 ms / 1608 TFLOPS  (204 regs, 5.8s)
[117/270] -DINTERLEAVE_STRATEGY=1 -DMBAR_EARLY=1 -DNUM_EPI_WARPS=5 -DPHASE1_UNROLL=1 -DSNAKE_ORDER=0 -DSTAGGER_CYCLES=0 -DSUB_MMA_UNROLL=3 -DW0_LOOP_UNROLL=4 ... 2.706 ms / 1618 TFLOPS  (220 regs, 6.0s)
[118/270] -DINTERLEAVE_STRATEGY=1 -DMBAR_EARLY=1 -DNUM_EPI_WARPS=5 -DPHASE1_UNROLL=1 -DSTAGGER_CYCLES=0 ... 2.704 ms / 1620 TFLOPS  (220 regs, 5.9s)
[119/270] -DINTERLEAVE_STRATEGY=1 -DMBAR_EARLY=1 -DNUM_EPI_WARPS=5 -DPHASE1_UNROLL=1 -DSTAGGER_CYCLES=0 -DW0_LOOP_UNROLL=1 ... 2.715 ms / 1613 TFLOPS  (204 regs, 6.0s)
[120/270] -DINTERLEAVE_STRATEGY=1 -DMBAR_EARLY=1 -DNUM_EPI_WARPS=5 -DPHASE1_UNROLL=1 -DSTAGGER_CYCLES=0 -DW0_LOOP_UNROLL=4 ... 2.707 ms / 1618 TFLOPS  (220 regs, 5.8s)
[121/270] -DINTERLEAVE_STRATEGY=1 -DMBAR_EARLY=1 -DNUM_EPI_WARPS=5 -DPHASE1_UNROLL=1 -DSTAGGER_CYCLES=0 -DSUB_MMA_UNROLL=1 ... 2.717 ms / 1612 TFLOPS  (175 regs, 5.8s)
[122/270] -DINTERLEAVE_STRATEGY=1 -DMBAR_EARLY=1 -DNUM_EPI_WARPS=5 -DPHASE1_UNROLL=1 -DSTAGGER_CYCLES=0 -DSUB_MMA_UNROLL=1 -DW0_LOOP_UNROLL=1 ... 2.708 ms / 1618 TFLOPS  (159 regs, 5.8s)
[123/270] -DINTERLEAVE_STRATEGY=1 -DMBAR_EARLY=1 -DNUM_EPI_WARPS=5 -DPHASE1_UNROLL=1 -DSTAGGER_CYCLES=0 -DSUB_MMA_UNROLL=1 -DW0_LOOP_UNROLL=4 ... 2.719 ms / 1611 TFLOPS  (175 regs, 5.9s)
[124/270] -DINTERLEAVE_STRATEGY=1 -DMBAR_EARLY=1 -DNUM_EPI_WARPS=5 -DPHASE1_UNROLL=1 -DSTAGGER_CYCLES=0 -DSUB_MMA_UNROLL=3 ... 2.706 ms / 1618 TFLOPS  (220 regs, 5.8s)
[125/270] -DINTERLEAVE_STRATEGY=1 -DMBAR_EARLY=1 -DNUM_EPI_WARPS=5 -DPHASE1_UNROLL=1 -DSTAGGER_CYCLES=0 -DSUB_MMA_UNROLL=3 -DW0_LOOP_UNROLL=1 ... 2.717 ms / 1612 TFLOPS  (204 regs, 5.8s)
[126/270] -DINTERLEAVE_STRATEGY=1 -DMBAR_EARLY=1 -DNUM_EPI_WARPS=5 -DPHASE1_UNROLL=1 -DSTAGGER_CYCLES=0 -DSUB_MMA_UNROLL=3 -DW0_LOOP_UNROLL=4 ... 2.706 ms / 1619 TFLOPS  (220 regs, 5.8s)
[127/270] -DINTERLEAVE_STRATEGY=1 -DMBAR_EARLY=1 -DNUM_EPI_WARPS=5 -DSNAKE_ORDER=0 -DSTAGGER_CYCLES=0 ... 2.506 ms / 1748 TFLOPS  (244 regs, 6.0s)
[128/270] -DINTERLEAVE_STRATEGY=1 -DMBAR_EARLY=1 -DNUM_EPI_WARPS=5 -DSNAKE_ORDER=0 -DSTAGGER_CYCLES=0 -DW0_LOOP_UNROLL=1 ... 2.638 ms / 1660 TFLOPS  (242 regs, 6.0s)
[129/270] -DINTERLEAVE_STRATEGY=1 -DMBAR_EARLY=1 -DNUM_EPI_WARPS=5 -DSNAKE_ORDER=0 -DSTAGGER_CYCLES=0 -DW0_LOOP_UNROLL=4 ... 2.495 ms / 1755 TFLOPS  (244 regs, 5.9s)
[130/270] -DINTERLEAVE_STRATEGY=1 -DMBAR_EARLY=1 -DNUM_EPI_WARPS=5 -DSNAKE_ORDER=0 -DSTAGGER_CYCLES=0 -DSUB_MMA_UNROLL=1 ... 2.652 ms / 1651 TFLOPS  (215 regs, 6.4s)
[131/270] -DINTERLEAVE_STRATEGY=1 -DMBAR_EARLY=1 -DNUM_EPI_WARPS=5 -DSNAKE_ORDER=0 -DSTAGGER_CYCLES=0 -DSUB_MMA_UNROLL=1 -DW0_LOOP_UNROLL=1 ... 2.631 ms / 1665 TFLOPS  (204 regs, 6.1s)
[132/270] -DINTERLEAVE_STRATEGY=1 -DMBAR_EARLY=1 -DNUM_EPI_WARPS=5 -DSNAKE_ORDER=0 -DSTAGGER_CYCLES=0 -DSUB_MMA_UNROLL=1 -DW0_LOOP_UNROLL=4 ... 2.630 ms / 1665 TFLOPS  (215 regs, 6.0s)
[133/270] -DINTERLEAVE_STRATEGY=1 -DMBAR_EARLY=1 -DNUM_EPI_WARPS=5 -DSNAKE_ORDER=0 -DSTAGGER_CYCLES=0 -DSUB_MMA_UNROLL=3 ... 2.506 ms / 1748 TFLOPS  (244 regs, 6.2s)
[134/270] -DINTERLEAVE_STRATEGY=1 -DMBAR_EARLY=1 -DNUM_EPI_WARPS=5 -DSNAKE_ORDER=0 -DSTAGGER_CYCLES=0 -DSUB_MMA_UNROLL=3 -DW0_LOOP_UNROLL=1 ... 2.639 ms / 1659 TFLOPS  (242 regs, 6.2s)
[135/270] -DINTERLEAVE_STRATEGY=1 -DMBAR_EARLY=1 -DNUM_EPI_WARPS=5 -DSNAKE_ORDER=0 -DSTAGGER_CYCLES=0 -DSUB_MMA_UNROLL=3 -DW0_LOOP_UNROLL=4 ... 2.496 ms / 1755 TFLOPS  (244 regs, 6.2s)
[136/270] -DINTERLEAVE_STRATEGY=1 -DMBAR_EARLY=1 -DNUM_EPI_WARPS=5 -DSTAGGER_CYCLES=0 ... 2.528 ms / 1733 TFLOPS  (244 regs, 6.1s)
[137/270] -DINTERLEAVE_STRATEGY=1 -DMBAR_EARLY=1 -DNUM_EPI_WARPS=5 -DSTAGGER_CYCLES=0 -DW0_LOOP_UNROLL=1 ... 2.640 ms / 1659 TFLOPS  (242 regs, 6.1s)
[138/270] -DINTERLEAVE_STRATEGY=1 -DMBAR_EARLY=1 -DNUM_EPI_WARPS=5 -DSTAGGER_CYCLES=0 -DW0_LOOP_UNROLL=4 ... 2.514 ms / 1742 TFLOPS  (244 regs, 6.0s)
[139/270] -DINTERLEAVE_STRATEGY=1 -DMBAR_EARLY=1 -DNUM_EPI_WARPS=5 -DSTAGGER_CYCLES=0 -DSUB_MMA_UNROLL=1 ... 2.654 ms / 1650 TFLOPS  (215 regs, 6.1s)
[140/270] -DINTERLEAVE_STRATEGY=1 -DMBAR_EARLY=1 -DNUM_EPI_WARPS=5 -DSTAGGER_CYCLES=0 -DSUB_MMA_UNROLL=1 -DW0_LOOP_UNROLL=1 ... 2.641 ms / 1658 TFLOPS  (204 regs, 6.2s)
[141/270] -DINTERLEAVE_STRATEGY=1 -DMBAR_EARLY=1 -DNUM_EPI_WARPS=5 -DSTAGGER_CYCLES=0 -DSUB_MMA_UNROLL=1 -DW0_LOOP_UNROLL=4 ... 2.635 ms / 1662 TFLOPS  (215 regs, 6.1s)
[142/270] -DINTERLEAVE_STRATEGY=1 -DMBAR_EARLY=1 -DNUM_EPI_WARPS=5 -DSTAGGER_CYCLES=0 -DSUB_MMA_UNROLL=3 ... 2.526 ms / 1734 TFLOPS  (244 regs, 6.1s)
[143/270] -DINTERLEAVE_STRATEGY=1 -DMBAR_EARLY=1 -DNUM_EPI_WARPS=5 -DSTAGGER_CYCLES=0 -DSUB_MMA_UNROLL=3 -DW0_LOOP_UNROLL=1 ... 2.638 ms / 1661 TFLOPS  (242 regs, 6.2s)
[144/270] -DINTERLEAVE_STRATEGY=1 -DMBAR_EARLY=1 -DNUM_EPI_WARPS=5 -DSTAGGER_CYCLES=0 -DSUB_MMA_UNROLL=3 -DW0_LOOP_UNROLL=4 ... 2.512 ms / 1744 TFLOPS  (244 regs, 6.1s)
[145/270] -DINTERLEAVE_STRATEGY=1 -DMBAR_EARLY=1 -DNUM_EPI_WARPS=5 -DPHASE1_UNROLL=4 -DSNAKE_ORDER=0 -DSTAGGER_CYCLES=0 ... 4.170 ms / 1050 TFLOPS  (245 regs, 6.6s)
[146/270] -DINTERLEAVE_STRATEGY=1 -DMBAR_EARLY=1 -DNUM_EPI_WARPS=5 -DPHASE1_UNROLL=4 -DSNAKE_ORDER=0 -DSTAGGER_CYCLES=0 -DW0_LOOP_UNROLL=1 ... 3.881 ms / 1129 TFLOPS  (240 regs, 6.5s)
[147/270] -DINTERLEAVE_STRATEGY=1 -DMBAR_EARLY=1 -DNUM_EPI_WARPS=5 -DPHASE1_UNROLL=4 -DSNAKE_ORDER=0 -DSTAGGER_CYCLES=0 -DW0_LOOP_UNROLL=4 ... 4.050 ms / 1081 TFLOPS  (245 regs, 6.6s)
[148/270] -DINTERLEAVE_STRATEGY=1 -DMBAR_EARLY=1 -DNUM_EPI_WARPS=5 -DPHASE1_UNROLL=4 -DSNAKE_ORDER=0 -DSTAGGER_CYCLES=0 -DSUB_MMA_UNROLL=1 ... 4.015 ms / 1091 TFLOPS  (218 regs, 6.6s)
[149/270] -DINTERLEAVE_STRATEGY=1 -DMBAR_EARLY=1 -DNUM_EPI_WARPS=5 -DPHASE1_UNROLL=4 -DSNAKE_ORDER=0 -DSTAGGER_CYCLES=0 -DSUB_MMA_UNROLL=1 -DW0_LOOP_UNROLL=1 ... 3.803 ms / 1152 TFLOPS  (202 regs, 6.5s)
[150/270] -DINTERLEAVE_STRATEGY=1 -DMBAR_EARLY=1 -DNUM_EPI_WARPS=5 -DPHASE1_UNROLL=4 -DSNAKE_ORDER=0 -DSTAGGER_CYCLES=0 -DSUB_MMA_UNROLL=1 -DW0_LOOP_UNROLL=4 ... 3.984 ms / 1099 TFLOPS  (218 regs, 6.5s)
[151/270] -DINTERLEAVE_STRATEGY=1 -DMBAR_EARLY=1 -DNUM_EPI_WARPS=5 -DPHASE1_UNROLL=4 -DSNAKE_ORDER=0 -DSTAGGER_CYCLES=0 -DSUB_MMA_UNROLL=3 ... 4.170 ms / 1050 TFLOPS  (245 regs, 6.6s)
[152/270] -DINTERLEAVE_STRATEGY=1 -DMBAR_EARLY=1 -DNUM_EPI_WARPS=5 -DPHASE1_UNROLL=4 -DSNAKE_ORDER=0 -DSTAGGER_CYCLES=0 -DSUB_MMA_UNROLL=3 -DW0_LOOP_UNROLL=1 ... 3.880 ms / 1129 TFLOPS  (240 regs, 6.4s)
[153/270] -DINTERLEAVE_STRATEGY=1 -DMBAR_EARLY=1 -DNUM_EPI_WARPS=5 -DPHASE1_UNROLL=4 -DSNAKE_ORDER=0 -DSTAGGER_CYCLES=0 -DSUB_MMA_UNROLL=3 -DW0_LOOP_UNROLL=4 ... 4.048 ms / 1082 TFLOPS  (245 regs, 6.7s)
[154/270] -DINTERLEAVE_STRATEGY=1 -DMBAR_EARLY=1 -DNUM_EPI_WARPS=5 -DPHASE1_UNROLL=4 -DSTAGGER_CYCLES=0 ... 4.180 ms / 1048 TFLOPS  (245 regs, 6.5s)
[155/270] -DINTERLEAVE_STRATEGY=1 -DMBAR_EARLY=1 -DNUM_EPI_WARPS=5 -DPHASE1_UNROLL=4 -DSTAGGER_CYCLES=0 -DW0_LOOP_UNROLL=1 ... 3.893 ms / 1125 TFLOPS  (240 regs, 6.5s)
[156/270] -DINTERLEAVE_STRATEGY=1 -DMBAR_EARLY=1 -DNUM_EPI_WARPS=5 -DPHASE1_UNROLL=4 -DSTAGGER_CYCLES=0 -DW0_LOOP_UNROLL=4 ... 4.083 ms / 1073 TFLOPS  (245 regs, 6.6s)
[157/270] -DINTERLEAVE_STRATEGY=1 -DMBAR_EARLY=1 -DNUM_EPI_WARPS=5 -DPHASE1_UNROLL=4 -DSTAGGER_CYCLES=0 -DSUB_MMA_UNROLL=1 ... 4.042 ms / 1084 TFLOPS  (218 regs, 6.3s)
[158/270] -DINTERLEAVE_STRATEGY=1 -DMBAR_EARLY=1 -DNUM_EPI_WARPS=5 -DPHASE1_UNROLL=4 -DSTAGGER_CYCLES=0 -DSUB_MMA_UNROLL=1 -DW0_LOOP_UNROLL=1 ... 3.799 ms / 1153 TFLOPS  (202 regs, 6.5s)
[159/270] -DINTERLEAVE_STRATEGY=1 -DMBAR_EARLY=1 -DNUM_EPI_WARPS=5 -DPHASE1_UNROLL=4 -DSTAGGER_CYCLES=0 -DSUB_MMA_UNROLL=1 -DW0_LOOP_UNROLL=4 ... 4.002 ms / 1094 TFLOPS  (218 regs, 6.5s)
[160/270] -DINTERLEAVE_STRATEGY=1 -DMBAR_EARLY=1 -DNUM_EPI_WARPS=5 -DPHASE1_UNROLL=4 -DSTAGGER_CYCLES=0 -DSUB_MMA_UNROLL=3 ... 4.180 ms / 1048 TFLOPS  (245 regs, 6.4s)
[161/270] -DINTERLEAVE_STRATEGY=1 -DMBAR_EARLY=1 -DNUM_EPI_WARPS=5 -DPHASE1_UNROLL=4 -DSTAGGER_CYCLES=0 -DSUB_MMA_UNROLL=3 -DW0_LOOP_UNROLL=1 ... 3.891 ms / 1126 TFLOPS  (240 regs, 6.5s)
[162/270] -DINTERLEAVE_STRATEGY=1 -DMBAR_EARLY=1 -DNUM_EPI_WARPS=5 -DPHASE1_UNROLL=4 -DSTAGGER_CYCLES=0 -DSUB_MMA_UNROLL=3 -DW0_LOOP_UNROLL=4 ... 4.081 ms / 1073 TFLOPS  (245 regs, 6.5s)
[163/270] -DINTERLEAVE_STRATEGY=1 -DK_LOOP_UNROLL=6 -DMBAR_EARLY=1 -DNUM_EPI_WARPS=5 -DPHASE1_UNROLL=1 -DSNAKE_ORDER=0 -DSTAGGER_CYCLES=0 ... 2.652 ms / 1652 TFLOPS  (186 regs, 5.8s)
[164/270] -DINTERLEAVE_STRATEGY=1 -DK_LOOP_UNROLL=6 -DMBAR_EARLY=1 -DNUM_EPI_WARPS=5 -DPHASE1_UNROLL=1 -DSNAKE_ORDER=0 -DSTAGGER_CYCLES=0 -DW0_LOOP_UNROLL=1 ... 2.684 ms / 1632 TFLOPS  (168 regs, 6.0s)
[165/270] -DINTERLEAVE_STRATEGY=1 -DK_LOOP_UNROLL=6 -DMBAR_EARLY=1 -DNUM_EPI_WARPS=5 -DPHASE1_UNROLL=1 -DSNAKE_ORDER=0 -DSTAGGER_CYCLES=0 -DW0_LOOP_UNROLL=4 ... 2.695 ms / 1625 TFLOPS  (181 regs, 6.0s)
[166/270] -DINTERLEAVE_STRATEGY=1 -DK_LOOP_UNROLL=6 -DMBAR_EARLY=1 -DNUM_EPI_WARPS=5 -DPHASE1_UNROLL=1 -DSNAKE_ORDER=0 -DSTAGGER_CYCLES=0 -DSUB_MMA_UNROLL=1 ... 2.713 ms / 1614 TFLOPS  (175 regs, 6.0s)
[167/270] -DINTERLEAVE_STRATEGY=1 -DK_LOOP_UNROLL=6 -DMBAR_EARLY=1 -DNUM_EPI_WARPS=5 -DPHASE1_UNROLL=1 -DSNAKE_ORDER=0 -DSTAGGER_CYCLES=0 -DSUB_MMA_UNROLL=1 -DW0_LOOP_UNROLL=1 ... 2.710 ms / 1616 TFLOPS  (159 regs, 5.8s)
[168/270] -DINTERLEAVE_STRATEGY=1 -DK_LOOP_UNROLL=6 -DMBAR_EARLY=1 -DNUM_EPI_WARPS=5 -DPHASE1_UNROLL=1 -DSNAKE_ORDER=0 -DSTAGGER_CYCLES=0 -DSUB_MMA_UNROLL=1 -DW0_LOOP_UNROLL=4 ... 2.712 ms / 1615 TFLOPS  (175 regs, 5.9s)
[169/270] -DINTERLEAVE_STRATEGY=1 -DK_LOOP_UNROLL=6 -DMBAR_EARLY=1 -DNUM_EPI_WARPS=5 -DPHASE1_UNROLL=1 -DSNAKE_ORDER=0 -DSTAGGER_CYCLES=0 -DSUB_MMA_UNROLL=3 ... 2.650 ms / 1653 TFLOPS  (186 regs, 6.0s)
[170/270] -DINTERLEAVE_STRATEGY=1 -DK_LOOP_UNROLL=6 -DMBAR_EARLY=1 -DNUM_EPI_WARPS=5 -DPHASE1_UNROLL=1 -DSNAKE_ORDER=0 -DSTAGGER_CYCLES=0 -DSUB_MMA_UNROLL=3 -DW0_LOOP_UNROLL=1 ... 2.687 ms / 1630 TFLOPS  (168 regs, 5.9s)
[171/270] -DINTERLEAVE_STRATEGY=1 -DK_LOOP_UNROLL=6 -DMBAR_EARLY=1 -DNUM_EPI_WARPS=5 -DPHASE1_UNROLL=1 -DSNAKE_ORDER=0 -DSTAGGER_CYCLES=0 -DSUB_MMA_UNROLL=3 -DW0_LOOP_UNROLL=4 ... 2.695 ms / 1626 TFLOPS  (181 regs, 6.0s)
[172/270] -DINTERLEAVE_STRATEGY=1 -DK_LOOP_UNROLL=6 -DMBAR_EARLY=1 -DNUM_EPI_WARPS=5 -DPHASE1_UNROLL=1 -DSTAGGER_CYCLES=0 ... 2.645 ms / 1656 TFLOPS  (186 regs, 6.0s)
[173/270] -DINTERLEAVE_STRATEGY=1 -DK_LOOP_UNROLL=6 -DMBAR_EARLY=1 -DNUM_EPI_WARPS=5 -DPHASE1_UNROLL=1 -DSTAGGER_CYCLES=0 -DW0_LOOP_UNROLL=1 ... 2.684 ms / 1632 TFLOPS  (168 regs, 6.0s)
[174/270] -DINTERLEAVE_STRATEGY=1 -DK_LOOP_UNROLL=6 -DMBAR_EARLY=1 -DNUM_EPI_WARPS=5 -DPHASE1_UNROLL=1 -DSTAGGER_CYCLES=0 -DW0_LOOP_UNROLL=4 ... 2.699 ms / 1623 TFLOPS  (181 regs, 6.0s)
[175/270] -DINTERLEAVE_STRATEGY=1 -DK_LOOP_UNROLL=6 -DMBAR_EARLY=1 -DNUM_EPI_WARPS=5 -DPHASE1_UNROLL=1 -DSTAGGER_CYCLES=0 -DSUB_MMA_UNROLL=1 ... 2.709 ms / 1617 TFLOPS  (175 regs, 6.0s)
[176/270] -DINTERLEAVE_STRATEGY=1 -DK_LOOP_UNROLL=6 -DMBAR_EARLY=1 -DNUM_EPI_WARPS=5 -DPHASE1_UNROLL=1 -DSTAGGER_CYCLES=0 -DSUB_MMA_UNROLL=1 -DW0_LOOP_UNROLL=1 ... 2.701 ms / 1622 TFLOPS  (159 regs, 5.8s)
[177/270] -DINTERLEAVE_STRATEGY=1 -DK_LOOP_UNROLL=6 -DMBAR_EARLY=1 -DNUM_EPI_WARPS=5 -DPHASE1_UNROLL=1 -DSTAGGER_CYCLES=0 -DSUB_MMA_UNROLL=1 -DW0_LOOP_UNROLL=4 ... 2.710 ms / 1616 TFLOPS  (175 regs, 5.7s)
[178/270] -DINTERLEAVE_STRATEGY=1 -DK_LOOP_UNROLL=6 -DMBAR_EARLY=1 -DNUM_EPI_WARPS=5 -DPHASE1_UNROLL=1 -DSTAGGER_CYCLES=0 -DSUB_MMA_UNROLL=3 ... 2.647 ms / 1655 TFLOPS  (186 regs, 6.0s)
[179/270] -DINTERLEAVE_STRATEGY=1 -DK_LOOP_UNROLL=6 -DMBAR_EARLY=1 -DNUM_EPI_WARPS=5 -DPHASE1_UNROLL=1 -DSTAGGER_CYCLES=0 -DSUB_MMA_UNROLL=3 -DW0_LOOP_UNROLL=1 ... 2.685 ms / 1632 TFLOPS  (168 regs, 6.0s)
[180/270] -DINTERLEAVE_STRATEGY=1 -DK_LOOP_UNROLL=6 -DMBAR_EARLY=1 -DNUM_EPI_WARPS=5 -DPHASE1_UNROLL=1 -DSTAGGER_CYCLES=0 -DSUB_MMA_UNROLL=3 -DW0_LOOP_UNROLL=4 ... 2.700 ms / 1622 TFLOPS  (181 regs, 5.8s)
[181/270] -DINTERLEAVE_STRATEGY=1 -DK_LOOP_UNROLL=6 -DMBAR_EARLY=1 -DNUM_EPI_WARPS=5 -DSNAKE_ORDER=0 -DSTAGGER_CYCLES=0 ... 2.713 ms / 1614 TFLOPS  (223 regs, 6.1s)
[182/270] -DINTERLEAVE_STRATEGY=1 -DK_LOOP_UNROLL=6 -DMBAR_EARLY=1 -DNUM_EPI_WARPS=5 -DSNAKE_ORDER=0 -DSTAGGER_CYCLES=0 -DW0_LOOP_UNROLL=1 ... 2.617 ms / 1674 TFLOPS  (212 regs, 6.2s)
[183/270] -DINTERLEAVE_STRATEGY=1 -DK_LOOP_UNROLL=6 -DMBAR_EARLY=1 -DNUM_EPI_WARPS=5 -DSNAKE_ORDER=0 -DSTAGGER_CYCLES=0 -DW0_LOOP_UNROLL=4 ... 2.677 ms / 1636 TFLOPS  (223 regs, 6.0s)
[184/270] -DINTERLEAVE_STRATEGY=1 -DK_LOOP_UNROLL=6 -DMBAR_EARLY=1 -DNUM_EPI_WARPS=5 -DSNAKE_ORDER=0 -DSTAGGER_CYCLES=0 -DSUB_MMA_UNROLL=1 ... 2.630 ms / 1665 TFLOPS  (215 regs, 6.0s)
[185/270] -DINTERLEAVE_STRATEGY=1 -DK_LOOP_UNROLL=6 -DMBAR_EARLY=1 -DNUM_EPI_WARPS=5 -DSNAKE_ORDER=0 -DSTAGGER_CYCLES=0 -DSUB_MMA_UNROLL=1 -DW0_LOOP_UNROLL=1 ... 2.630 ms / 1665 TFLOPS  (204 regs, 6.0s)
[186/270] -DINTERLEAVE_STRATEGY=1 -DK_LOOP_UNROLL=6 -DMBAR_EARLY=1 -DNUM_EPI_WARPS=5 -DSNAKE_ORDER=0 -DSTAGGER_CYCLES=0 -DSUB_MMA_UNROLL=1 -DW0_LOOP_UNROLL=4 ... 2.620 ms / 1672 TFLOPS  (215 regs, 6.1s)
[187/270] -DINTERLEAVE_STRATEGY=1 -DK_LOOP_UNROLL=6 -DMBAR_EARLY=1 -DNUM_EPI_WARPS=5 -DSNAKE_ORDER=0 -DSTAGGER_CYCLES=0 -DSUB_MMA_UNROLL=3 ... 2.712 ms / 1615 TFLOPS  (223 regs, 6.1s)
[188/270] -DINTERLEAVE_STRATEGY=1 -DK_LOOP_UNROLL=6 -DMBAR_EARLY=1 -DNUM_EPI_WARPS=5 -DSNAKE_ORDER=0 -DSTAGGER_CYCLES=0 -DSUB_MMA_UNROLL=3 -DW0_LOOP_UNROLL=1 ... 2.617 ms / 1674 TFLOPS  (212 regs, 6.3s)
[189/270] -DINTERLEAVE_STRATEGY=1 -DK_LOOP_UNROLL=6 -DMBAR_EARLY=1 -DNUM_EPI_WARPS=5 -DSNAKE_ORDER=0 -DSTAGGER_CYCLES=0 -DSUB_MMA_UNROLL=3 -DW0_LOOP_UNROLL=4 ... 2.678 ms / 1636 TFLOPS  (223 regs, 6.2s)
[190/270] -DINTERLEAVE_STRATEGY=1 -DK_LOOP_UNROLL=6 -DMBAR_EARLY=1 -DNUM_EPI_WARPS=5 -DSTAGGER_CYCLES=0 ... 2.723 ms / 1609 TFLOPS  (223 regs, 6.2s)
[191/270] -DINTERLEAVE_STRATEGY=1 -DK_LOOP_UNROLL=6 -DMBAR_EARLY=1 -DNUM_EPI_WARPS=5 -DSTAGGER_CYCLES=0 -DW0_LOOP_UNROLL=1 ... 2.624 ms / 1669 TFLOPS  (212 regs, 6.2s)
[192/270] -DINTERLEAVE_STRATEGY=1 -DK_LOOP_UNROLL=6 -DMBAR_EARLY=1 -DNUM_EPI_WARPS=5 -DSTAGGER_CYCLES=0 -DW0_LOOP_UNROLL=4 ... 2.698 ms / 1623 TFLOPS  (223 regs, 6.1s)
[193/270] -DINTERLEAVE_STRATEGY=1 -DK_LOOP_UNROLL=6 -DMBAR_EARLY=1 -DNUM_EPI_WARPS=5 -DSTAGGER_CYCLES=0 -DSUB_MMA_UNROLL=1 ... 2.654 ms / 1651 TFLOPS  (215 regs, 5.9s)
[194/270] -DINTERLEAVE_STRATEGY=1 -DK_LOOP_UNROLL=6 -DMBAR_EARLY=1 -DNUM_EPI_WARPS=5 -DSTAGGER_CYCLES=0 -DSUB_MMA_UNROLL=1 -DW0_LOOP_UNROLL=1 ... 2.632 ms / 1664 TFLOPS  (204 regs, 6.1s)
[195/270] -DINTERLEAVE_STRATEGY=1 -DK_LOOP_UNROLL=6 -DMBAR_EARLY=1 -DNUM_EPI_WARPS=5 -DSTAGGER_CYCLES=0 -DSUB_MMA_UNROLL=1 -DW0_LOOP_UNROLL=4 ... 2.636 ms / 1662 TFLOPS  (215 regs, 6.2s)
[196/270] -DINTERLEAVE_STRATEGY=1 -DK_LOOP_UNROLL=6 -DMBAR_EARLY=1 -DNUM_EPI_WARPS=5 -DSTAGGER_CYCLES=0 -DSUB_MMA_UNROLL=3 ... 2.721 ms / 1609 TFLOPS  (223 regs, 6.2s)
[197/270] -DINTERLEAVE_STRATEGY=1 -DK_LOOP_UNROLL=6 -DMBAR_EARLY=1 -DNUM_EPI_WARPS=5 -DSTAGGER_CYCLES=0 -DSUB_MMA_UNROLL=3 -DW0_LOOP_UNROLL=1 ... 2.623 ms / 1670 TFLOPS  (212 regs, 6.2s)
[198/270] -DINTERLEAVE_STRATEGY=1 -DK_LOOP_UNROLL=6 -DMBAR_EARLY=1 -DNUM_EPI_WARPS=5 -DSTAGGER_CYCLES=0 -DSUB_MMA_UNROLL=3 -DW0_LOOP_UNROLL=4 ... 2.700 ms / 1622 TFLOPS  (223 regs, 6.2s)
[199/270] -DINTERLEAVE_STRATEGY=1 -DK_LOOP_UNROLL=6 -DMBAR_EARLY=1 -DNUM_EPI_WARPS=5 -DPHASE1_UNROLL=4 -DSNAKE_ORDER=0 -DSTAGGER_CYCLES=0 ... 4.187 ms / 1046 TFLOPS  (228 regs, 6.6s)
[200/270] -DINTERLEAVE_STRATEGY=1 -DK_LOOP_UNROLL=6 -DMBAR_EARLY=1 -DNUM_EPI_WARPS=5 -DPHASE1_UNROLL=4 -DSNAKE_ORDER=0 -DSTAGGER_CYCLES=0 -DW0_LOOP_UNROLL=1 ... 4.081 ms / 1073 TFLOPS  (212 regs, 6.5s)
[201/270] -DINTERLEAVE_STRATEGY=1 -DK_LOOP_UNROLL=6 -DMBAR_EARLY=1 -DNUM_EPI_WARPS=5 -DPHASE1_UNROLL=4 -DSNAKE_ORDER=0 -DSTAGGER_CYCLES=0 -DW0_LOOP_UNROLL=4 ... 4.175 ms / 1049 TFLOPS  (228 regs, 6.5s)
[202/270] -DINTERLEAVE_STRATEGY=1 -DK_LOOP_UNROLL=6 -DMBAR_EARLY=1 -DNUM_EPI_WARPS=5 -DPHASE1_UNROLL=4 -DSNAKE_ORDER=0 -DSTAGGER_CYCLES=0 -DSUB_MMA_UNROLL=1 ... 4.007 ms / 1093 TFLOPS  (218 regs, 6.6s)
[203/270] -DINTERLEAVE_STRATEGY=1 -DK_LOOP_UNROLL=6 -DMBAR_EARLY=1 -DNUM_EPI_WARPS=5 -DPHASE1_UNROLL=4 -DSNAKE_ORDER=0 -DSTAGGER_CYCLES=0 -DSUB_MMA_UNROLL=1 -DW0_LOOP_UNROLL=1 ... 3.842 ms / 1140 TFLOPS  (202 regs, 6.6s)
[204/270] -DINTERLEAVE_STRATEGY=1 -DK_LOOP_UNROLL=6 -DMBAR_EARLY=1 -DNUM_EPI_WARPS=5 -DPHASE1_UNROLL=4 -DSNAKE_ORDER=0 -DSTAGGER_CYCLES=0 -DSUB_MMA_UNROLL=1 -DW0_LOOP_UNROLL=4 ... 3.974 ms / 1102 TFLOPS  (218 regs, 6.4s)
[205/270] -DINTERLEAVE_STRATEGY=1 -DK_LOOP_UNROLL=6 -DMBAR_EARLY=1 -DNUM_EPI_WARPS=5 -DPHASE1_UNROLL=4 -DSNAKE_ORDER=0 -DSTAGGER_CYCLES=0 -DSUB_MMA_UNROLL=3 ... 4.188 ms / 1046 TFLOPS  (228 regs, 6.6s)
[206/270] -DINTERLEAVE_STRATEGY=1 -DK_LOOP_UNROLL=6 -DMBAR_EARLY=1 -DNUM_EPI_WARPS=5 -DPHASE1_UNROLL=4 -DSNAKE_ORDER=0 -DSTAGGER_CYCLES=0 -DSUB_MMA_UNROLL=3 -DW0_LOOP_UNROLL=1 ... 4.082 ms / 1073 TFLOPS  (212 regs, 6.5s)
[207/270] -DINTERLEAVE_STRATEGY=1 -DK_LOOP_UNROLL=6 -DMBAR_EARLY=1 -DNUM_EPI_WARPS=5 -DPHASE1_UNROLL=4 -DSNAKE_ORDER=0 -DSTAGGER_CYCLES=0 -DSUB_MMA_UNROLL=3 -DW0_LOOP_UNROLL=4 ... 4.176 ms / 1049 TFLOPS  (228 regs, 6.5s)
[208/270] -DINTERLEAVE_STRATEGY=1 -DK_LOOP_UNROLL=6 -DMBAR_EARLY=1 -DNUM_EPI_WARPS=5 -DPHASE1_UNROLL=4 -DSTAGGER_CYCLES=0 ... 4.215 ms / 1039 TFLOPS  (228 regs, 6.4s)
[209/270] -DINTERLEAVE_STRATEGY=1 -DK_LOOP_UNROLL=6 -DMBAR_EARLY=1 -DNUM_EPI_WARPS=5 -DPHASE1_UNROLL=4 -DSTAGGER_CYCLES=0 -DW0_LOOP_UNROLL=1 ... 4.075 ms / 1075 TFLOPS  (212 regs, 6.6s)
[210/270] -DINTERLEAVE_STRATEGY=1 -DK_LOOP_UNROLL=6 -DMBAR_EARLY=1 -DNUM_EPI_WARPS=5 -DPHASE1_UNROLL=4 -DSTAGGER_CYCLES=0 -DW0_LOOP_UNROLL=4 ... 4.168 ms / 1051 TFLOPS  (228 regs, 6.7s)
[211/270] -DINTERLEAVE_STRATEGY=1 -DK_LOOP_UNROLL=6 -DMBAR_EARLY=1 -DNUM_EPI_WARPS=5 -DPHASE1_UNROLL=4 -DSTAGGER_CYCLES=0 -DSUB_MMA_UNROLL=1 ... 4.036 ms / 1085 TFLOPS  (218 regs, 6.5s)
[212/270] -DINTERLEAVE_STRATEGY=1 -DK_LOOP_UNROLL=6 -DMBAR_EARLY=1 -DNUM_EPI_WARPS=5 -DPHASE1_UNROLL=4 -DSTAGGER_CYCLES=0 -DSUB_MMA_UNROLL=1 -DW0_LOOP_UNROLL=1 ... 3.869 ms / 1132 TFLOPS  (202 regs, 6.6s)
[213/270] -DINTERLEAVE_STRATEGY=1 -DK_LOOP_UNROLL=6 -DMBAR_EARLY=1 -DNUM_EPI_WARPS=5 -DPHASE1_UNROLL=4 -DSTAGGER_CYCLES=0 -DSUB_MMA_UNROLL=1 -DW0_LOOP_UNROLL=4 ... 3.999 ms / 1095 TFLOPS  (218 regs, 6.4s)
[214/270] -DINTERLEAVE_STRATEGY=1 -DK_LOOP_UNROLL=6 -DMBAR_EARLY=1 -DNUM_EPI_WARPS=5 -DPHASE1_UNROLL=4 -DSTAGGER_CYCLES=0 -DSUB_MMA_UNROLL=3 ... 4.215 ms / 1039 TFLOPS  (228 regs, 6.5s)
[215/270] -DINTERLEAVE_STRATEGY=1 -DK_LOOP_UNROLL=6 -DMBAR_EARLY=1 -DNUM_EPI_WARPS=5 -DPHASE1_UNROLL=4 -DSTAGGER_CYCLES=0 -DSUB_MMA_UNROLL=3 -DW0_LOOP_UNROLL=1 ... 4.076 ms / 1074 TFLOPS  (212 regs, 6.4s)
[216/270] -DINTERLEAVE_STRATEGY=1 -DK_LOOP_UNROLL=6 -DMBAR_EARLY=1 -DNUM_EPI_WARPS=5 -DPHASE1_UNROLL=4 -DSTAGGER_CYCLES=0 -DSUB_MMA_UNROLL=3 -DW0_LOOP_UNROLL=4 ... 4.167 ms / 1051 TFLOPS  (228 regs, 6.6s)
[217/270] -DINTERLEAVE_STRATEGY=1 -DK_LOOP_UNROLL=8 -DMBAR_EARLY=1 -DNUM_EPI_WARPS=5 -DPHASE1_UNROLL=1 -DSNAKE_ORDER=0 -DSTAGGER_CYCLES=0 ... 2.674 ms / 1638 TFLOPS  (224 regs, 6.0s)
[218/270] -DINTERLEAVE_STRATEGY=1 -DK_LOOP_UNROLL=8 -DMBAR_EARLY=1 -DNUM_EPI_WARPS=5 -DPHASE1_UNROLL=1 -DSNAKE_ORDER=0 -DSTAGGER_CYCLES=0 -DW0_LOOP_UNROLL=1 ... 2.717 ms / 1612 TFLOPS  (204 regs, 6.0s)
[219/270] -DINTERLEAVE_STRATEGY=1 -DK_LOOP_UNROLL=8 -DMBAR_EARLY=1 -DNUM_EPI_WARPS=5 -DPHASE1_UNROLL=1 -DSNAKE_ORDER=0 -DSTAGGER_CYCLES=0 -DW0_LOOP_UNROLL=4 ... 2.728 ms / 1606 TFLOPS  (219 regs, 5.9s)
[220/270] -DINTERLEAVE_STRATEGY=1 -DK_LOOP_UNROLL=8 -DMBAR_EARLY=1 -DNUM_EPI_WARPS=5 -DPHASE1_UNROLL=1 -DSNAKE_ORDER=0 -DSTAGGER_CYCLES=0 -DSUB_MMA_UNROLL=1 ... 2.713 ms / 1615 TFLOPS  (175 regs, 5.8s)
[221/270] -DINTERLEAVE_STRATEGY=1 -DK_LOOP_UNROLL=8 -DMBAR_EARLY=1 -DNUM_EPI_WARPS=5 -DPHASE1_UNROLL=1 -DSNAKE_ORDER=0 -DSTAGGER_CYCLES=0 -DSUB_MMA_UNROLL=1 -DW0_LOOP_UNROLL=1 ... 2.710 ms / 1616 TFLOPS  (159 regs, 5.7s)
[222/270] -DINTERLEAVE_STRATEGY=1 -DK_LOOP_UNROLL=8 -DMBAR_EARLY=1 -DNUM_EPI_WARPS=5 -DPHASE1_UNROLL=1 -DSNAKE_ORDER=0 -DSTAGGER_CYCLES=0 -DSUB_MMA_UNROLL=1 -DW0_LOOP_UNROLL=4 ... 2.712 ms / 1615 TFLOPS  (175 regs, 6.0s)
[223/270] -DINTERLEAVE_STRATEGY=1 -DK_LOOP_UNROLL=8 -DMBAR_EARLY=1 -DNUM_EPI_WARPS=5 -DPHASE1_UNROLL=1 -DSNAKE_ORDER=0 -DSTAGGER_CYCLES=0 -DSUB_MMA_UNROLL=3 ... 2.674 ms / 1638 TFLOPS  (224 regs, 6.0s)
[224/270] -DINTERLEAVE_STRATEGY=1 -DK_LOOP_UNROLL=8 -DMBAR_EARLY=1 -DNUM_EPI_WARPS=5 -DPHASE1_UNROLL=1 -DSNAKE_ORDER=0 -DSTAGGER_CYCLES=0 -DSUB_MMA_UNROLL=3 -DW0_LOOP_UNROLL=1 ... 2.717 ms / 1612 TFLOPS  (204 regs, 5.7s)
[225/270] -DINTERLEAVE_STRATEGY=1 -DK_LOOP_UNROLL=8 -DMBAR_EARLY=1 -DNUM_EPI_WARPS=5 -DPHASE1_UNROLL=1 -DSNAKE_ORDER=0 -DSTAGGER_CYCLES=0 -DSUB_MMA_UNROLL=3 -DW0_LOOP_UNROLL=4 ... 2.728 ms / 1606 TFLOPS  (219 regs, 6.1s)
[226/270] -DINTERLEAVE_STRATEGY=1 -DK_LOOP_UNROLL=8 -DMBAR_EARLY=1 -DNUM_EPI_WARPS=5 -DPHASE1_UNROLL=1 -DSTAGGER_CYCLES=0 ... 2.668 ms / 1642 TFLOPS  (224 regs, 5.9s)
[227/270] -DINTERLEAVE_STRATEGY=1 -DK_LOOP_UNROLL=8 -DMBAR_EARLY=1 -DNUM_EPI_WARPS=5 -DPHASE1_UNROLL=1 -DSTAGGER_CYCLES=0 -DW0_LOOP_UNROLL=1 ... 2.715 ms / 1613 TFLOPS  (204 regs, 6.0s)
[228/270] -DINTERLEAVE_STRATEGY=1 -DK_LOOP_UNROLL=8 -DMBAR_EARLY=1 -DNUM_EPI_WARPS=5 -DPHASE1_UNROLL=1 -DSTAGGER_CYCLES=0 -DW0_LOOP_UNROLL=4 ... 2.729 ms / 1605 TFLOPS  (219 regs, 5.8s)
[229/270] -DINTERLEAVE_STRATEGY=1 -DK_LOOP_UNROLL=8 -DMBAR_EARLY=1 -DNUM_EPI_WARPS=5 -DPHASE1_UNROLL=1 -DSTAGGER_CYCLES=0 -DSUB_MMA_UNROLL=1 ... 2.709 ms / 1617 TFLOPS  (175 regs, 6.0s)
[230/270] -DINTERLEAVE_STRATEGY=1 -DK_LOOP_UNROLL=8 -DMBAR_EARLY=1 -DNUM_EPI_WARPS=5 -DPHASE1_UNROLL=1 -DSTAGGER_CYCLES=0 -DSUB_MMA_UNROLL=1 -DW0_LOOP_UNROLL=1 ... 2.700 ms / 1622 TFLOPS  (159 regs, 6.1s)
[231/270] -DINTERLEAVE_STRATEGY=1 -DK_LOOP_UNROLL=8 -DMBAR_EARLY=1 -DNUM_EPI_WARPS=5 -DPHASE1_UNROLL=1 -DSTAGGER_CYCLES=0 -DSUB_MMA_UNROLL=1 -DW0_LOOP_UNROLL=4 ... 2.710 ms / 1616 TFLOPS  (175 regs, 5.9s)
[232/270] -DINTERLEAVE_STRATEGY=1 -DK_LOOP_UNROLL=8 -DMBAR_EARLY=1 -DNUM_EPI_WARPS=5 -DPHASE1_UNROLL=1 -DSTAGGER_CYCLES=0 -DSUB_MMA_UNROLL=3 ... 2.666 ms / 1643 TFLOPS  (224 regs, 5.9s)
[233/270] -DINTERLEAVE_STRATEGY=1 -DK_LOOP_UNROLL=8 -DMBAR_EARLY=1 -DNUM_EPI_WARPS=5 -DPHASE1_UNROLL=1 -DSTAGGER_CYCLES=0 -DSUB_MMA_UNROLL=3 -DW0_LOOP_UNROLL=1 ... 2.716 ms / 1613 TFLOPS  (204 regs, 6.0s)
[234/270] -DINTERLEAVE_STRATEGY=1 -DK_LOOP_UNROLL=8 -DMBAR_EARLY=1 -DNUM_EPI_WARPS=5 -DPHASE1_UNROLL=1 -DSTAGGER_CYCLES=0 -DSUB_MMA_UNROLL=3 -DW0_LOOP_UNROLL=4 ... 2.729 ms / 1605 TFLOPS  (219 regs, 6.0s)
[235/270] -DINTERLEAVE_STRATEGY=1 -DK_LOOP_UNROLL=8 -DMBAR_EARLY=1 -DNUM_EPI_WARPS=5 -DSNAKE_ORDER=0 -DSTAGGER_CYCLES=0 ... 2.568 ms / 1706 TFLOPS  (244 regs, 6.2s)
[236/270] -DINTERLEAVE_STRATEGY=1 -DK_LOOP_UNROLL=8 -DMBAR_EARLY=1 -DNUM_EPI_WARPS=5 -DSNAKE_ORDER=0 -DSTAGGER_CYCLES=0 -DW0_LOOP_UNROLL=1 ... 2.674 ms / 1638 TFLOPS  (242 regs, 6.2s)
[237/270] -DINTERLEAVE_STRATEGY=1 -DK_LOOP_UNROLL=8 -DMBAR_EARLY=1 -DNUM_EPI_WARPS=5 -DSNAKE_ORDER=0 -DSTAGGER_CYCLES=0 -DW0_LOOP_UNROLL=4 ... 2.546 ms / 1720 TFLOPS  (244 regs, 6.2s)
[238/270] -DINTERLEAVE_STRATEGY=1 -DK_LOOP_UNROLL=8 -DMBAR_EARLY=1 -DNUM_EPI_WARPS=5 -DSNAKE_ORDER=0 -DSTAGGER_CYCLES=0 -DSUB_MMA_UNROLL=1 ... 2.630 ms / 1665 TFLOPS  (215 regs, 6.2s)
[239/270] -DINTERLEAVE_STRATEGY=1 -DK_LOOP_UNROLL=8 -DMBAR_EARLY=1 -DNUM_EPI_WARPS=5 -DSNAKE_ORDER=0 -DSTAGGER_CYCLES=0 -DSUB_MMA_UNROLL=1 -DW0_LOOP_UNROLL=1 ... 2.630 ms / 1665 TFLOPS  (204 regs, 6.0s)
[240/270] -DINTERLEAVE_STRATEGY=1 -DK_LOOP_UNROLL=8 -DMBAR_EARLY=1 -DNUM_EPI_WARPS=5 -DSNAKE_ORDER=0 -DSTAGGER_CYCLES=0 -DSUB_MMA_UNROLL=1 -DW0_LOOP_UNROLL=4 ... 2.619 ms / 1672 TFLOPS  (215 regs, 6.0s)
[241/270] -DINTERLEAVE_STRATEGY=1 -DK_LOOP_UNROLL=8 -DMBAR_EARLY=1 -DNUM_EPI_WARPS=5 -DSNAKE_ORDER=0 -DSTAGGER_CYCLES=0 -DSUB_MMA_UNROLL=3 ... 2.568 ms / 1706 TFLOPS  (244 regs, 6.3s)
[242/270] -DINTERLEAVE_STRATEGY=1 -DK_LOOP_UNROLL=8 -DMBAR_EARLY=1 -DNUM_EPI_WARPS=5 -DSNAKE_ORDER=0 -DSTAGGER_CYCLES=0 -DSUB_MMA_UNROLL=3 -DW0_LOOP_UNROLL=1 ... 2.674 ms / 1638 TFLOPS  (242 regs, 5.9s)
[243/270] -DINTERLEAVE_STRATEGY=1 -DK_LOOP_UNROLL=8 -DMBAR_EARLY=1 -DNUM_EPI_WARPS=5 -DSNAKE_ORDER=0 -DSTAGGER_CYCLES=0 -DSUB_MMA_UNROLL=3 -DW0_LOOP_UNROLL=4 ... 2.546 ms / 1720 TFLOPS  (244 regs, 6.2s)
[244/270] -DINTERLEAVE_STRATEGY=1 -DK_LOOP_UNROLL=8 -DMBAR_EARLY=1 -DNUM_EPI_WARPS=5 -DSTAGGER_CYCLES=0 ... 2.589 ms / 1692 TFLOPS  (244 regs, 6.2s)
[245/270] -DINTERLEAVE_STRATEGY=1 -DK_LOOP_UNROLL=8 -DMBAR_EARLY=1 -DNUM_EPI_WARPS=5 -DSTAGGER_CYCLES=0 -DW0_LOOP_UNROLL=1 ... 2.674 ms / 1638 TFLOPS  (242 regs, 6.2s)
[246/270] -DINTERLEAVE_STRATEGY=1 -DK_LOOP_UNROLL=8 -DMBAR_EARLY=1 -DNUM_EPI_WARPS=5 -DSTAGGER_CYCLES=0 -DW0_LOOP_UNROLL=4 ... 2.557 ms / 1713 TFLOPS  (244 regs, 6.1s)
[247/270] -DINTERLEAVE_STRATEGY=1 -DK_LOOP_UNROLL=8 -DMBAR_EARLY=1 -DNUM_EPI_WARPS=5 -DSTAGGER_CYCLES=0 -DSUB_MMA_UNROLL=1 ... 2.653 ms / 1651 TFLOPS  (215 regs, 6.1s)
[248/270] -DINTERLEAVE_STRATEGY=1 -DK_LOOP_UNROLL=8 -DMBAR_EARLY=1 -DNUM_EPI_WARPS=5 -DSTAGGER_CYCLES=0 -DSUB_MMA_UNROLL=1 -DW0_LOOP_UNROLL=1 ... 2.632 ms / 1664 TFLOPS  (204 regs, 6.1s)
[249/270] -DINTERLEAVE_STRATEGY=1 -DK_LOOP_UNROLL=8 -DMBAR_EARLY=1 -DNUM_EPI_WARPS=5 -DSTAGGER_CYCLES=0 -DSUB_MMA_UNROLL=1 -DW0_LOOP_UNROLL=4 ... 2.636 ms / 1662 TFLOPS  (215 regs, 6.1s)
[250/270] -DINTERLEAVE_STRATEGY=1 -DK_LOOP_UNROLL=8 -DMBAR_EARLY=1 -DNUM_EPI_WARPS=5 -DSTAGGER_CYCLES=0 -DSUB_MMA_UNROLL=3 ... 2.588 ms / 1693 TFLOPS  (244 regs, 6.3s)
[251/270] -DINTERLEAVE_STRATEGY=1 -DK_LOOP_UNROLL=8 -DMBAR_EARLY=1 -DNUM_EPI_WARPS=5 -DSTAGGER_CYCLES=0 -DSUB_MMA_UNROLL=3 -DW0_LOOP_UNROLL=1 ... 2.673 ms / 1638 TFLOPS  (242 regs, 6.1s)
[252/270] -DINTERLEAVE_STRATEGY=1 -DK_LOOP_UNROLL=8 -DMBAR_EARLY=1 -DNUM_EPI_WARPS=5 -DSTAGGER_CYCLES=0 -DSUB_MMA_UNROLL=3 -DW0_LOOP_UNROLL=4 ... 2.556 ms / 1713 TFLOPS  (244 regs, 6.2s)
[253/270] -DINTERLEAVE_STRATEGY=1 -DK_LOOP_UNROLL=8 -DMBAR_EARLY=1 -DNUM_EPI_WARPS=5 -DPHASE1_UNROLL=4 -DSNAKE_ORDER=0 -DSTAGGER_CYCLES=0 ... 4.193 ms / 1045 TFLOPS  (245 regs, 6.6s)
[254/270] -DINTERLEAVE_STRATEGY=1 -DK_LOOP_UNROLL=8 -DMBAR_EARLY=1 -DNUM_EPI_WARPS=5 -DPHASE1_UNROLL=4 -DSNAKE_ORDER=0 -DSTAGGER_CYCLES=0 -DW0_LOOP_UNROLL=1 ... 4.046 ms / 1083 TFLOPS  (240 regs, 6.6s)
[255/270] -DINTERLEAVE_STRATEGY=1 -DK_LOOP_UNROLL=8 -DMBAR_EARLY=1 -DNUM_EPI_WARPS=5 -DPHASE1_UNROLL=4 -DSNAKE_ORDER=0 -DSTAGGER_CYCLES=0 -DW0_LOOP_UNROLL=4 ... 4.154 ms / 1054 TFLOPS  (245 regs, 6.3s)
[256/270] -DINTERLEAVE_STRATEGY=1 -DK_LOOP_UNROLL=8 -DMBAR_EARLY=1 -DNUM_EPI_WARPS=5 -DPHASE1_UNROLL=4 -DSNAKE_ORDER=0 -DSTAGGER_CYCLES=0 -DSUB_MMA_UNROLL=1 ... 4.003 ms / 1094 TFLOPS  (218 regs, 6.4s)
[257/270] -DINTERLEAVE_STRATEGY=1 -DK_LOOP_UNROLL=8 -DMBAR_EARLY=1 -DNUM_EPI_WARPS=5 -DPHASE1_UNROLL=4 -DSNAKE_ORDER=0 -DSTAGGER_CYCLES=0 -DSUB_MMA_UNROLL=1 -DW0_LOOP_UNROLL=1 ... 3.841 ms / 1140 TFLOPS  (202 regs, 6.6s)
[258/270] -DINTERLEAVE_STRATEGY=1 -DK_LOOP_UNROLL=8 -DMBAR_EARLY=1 -DNUM_EPI_WARPS=5 -DPHASE1_UNROLL=4 -DSNAKE_ORDER=0 -DSTAGGER_CYCLES=0 -DSUB_MMA_UNROLL=1 -DW0_LOOP_UNROLL=4 ... 3.971 ms / 1103 TFLOPS  (218 regs, 6.3s)
[259/270] -DINTERLEAVE_STRATEGY=1 -DK_LOOP_UNROLL=8 -DMBAR_EARLY=1 -DNUM_EPI_WARPS=5 -DPHASE1_UNROLL=4 -DSNAKE_ORDER=0 -DSTAGGER_CYCLES=0 -DSUB_MMA_UNROLL=3 ... 4.193 ms / 1045 TFLOPS  (245 regs, 6.6s)
[260/270] -DINTERLEAVE_STRATEGY=1 -DK_LOOP_UNROLL=8 -DMBAR_EARLY=1 -DNUM_EPI_WARPS=5 -DPHASE1_UNROLL=4 -DSNAKE_ORDER=0 -DSTAGGER_CYCLES=0 -DSUB_MMA_UNROLL=3 -DW0_LOOP_UNROLL=1 ... 4.048 ms / 1082 TFLOPS  (240 regs, 6.5s)
[261/270] -DINTERLEAVE_STRATEGY=1 -DK_LOOP_UNROLL=8 -DMBAR_EARLY=1 -DNUM_EPI_WARPS=5 -DPHASE1_UNROLL=4 -DSNAKE_ORDER=0 -DSTAGGER_CYCLES=0 -DSUB_MMA_UNROLL=3 -DW0_LOOP_UNROLL=4 ... 4.155 ms / 1054 TFLOPS  (245 regs, 6.6s)
[262/270] -DINTERLEAVE_STRATEGY=1 -DK_LOOP_UNROLL=8 -DMBAR_EARLY=1 -DNUM_EPI_WARPS=5 -DPHASE1_UNROLL=4 -DSTAGGER_CYCLES=0 ... 4.207 ms / 1041 TFLOPS  (245 regs, 6.5s)
[263/270] -DINTERLEAVE_STRATEGY=1 -DK_LOOP_UNROLL=8 -DMBAR_EARLY=1 -DNUM_EPI_WARPS=5 -DPHASE1_UNROLL=4 -DSTAGGER_CYCLES=0 -DW0_LOOP_UNROLL=1 ... 4.029 ms / 1087 TFLOPS  (240 regs, 6.5s)
[264/270] -DINTERLEAVE_STRATEGY=1 -DK_LOOP_UNROLL=8 -DMBAR_EARLY=1 -DNUM_EPI_WARPS=5 -DPHASE1_UNROLL=4 -DSTAGGER_CYCLES=0 -DW0_LOOP_UNROLL=4 ... 4.174 ms / 1049 TFLOPS  (245 regs, 6.6s)
[265/270] -DINTERLEAVE_STRATEGY=1 -DK_LOOP_UNROLL=8 -DMBAR_EARLY=1 -DNUM_EPI_WARPS=5 -DPHASE1_UNROLL=4 -DSTAGGER_CYCLES=0 -DSUB_MMA_UNROLL=1 ... 4.035 ms / 1085 TFLOPS  (218 regs, 6.5s)
[266/270] -DINTERLEAVE_STRATEGY=1 -DK_LOOP_UNROLL=8 -DMBAR_EARLY=1 -DNUM_EPI_WARPS=5 -DPHASE1_UNROLL=4 -DSTAGGER_CYCLES=0 -DSUB_MMA_UNROLL=1 -DW0_LOOP_UNROLL=1 ... 3.868 ms / 1132 TFLOPS  (202 regs, 6.5s)
[267/270] -DINTERLEAVE_STRATEGY=1 -DK_LOOP_UNROLL=8 -DMBAR_EARLY=1 -DNUM_EPI_WARPS=5 -DPHASE1_UNROLL=4 -DSTAGGER_CYCLES=0 -DSUB_MMA_UNROLL=1 -DW0_LOOP_UNROLL=4 ... 3.998 ms / 1096 TFLOPS  (218 regs, 6.5s)
[268/270] -DINTERLEAVE_STRATEGY=1 -DK_LOOP_UNROLL=8 -DMBAR_EARLY=1 -DNUM_EPI_WARPS=5 -DPHASE1_UNROLL=4 -DSTAGGER_CYCLES=0 -DSUB_MMA_UNROLL=3 ... 4.207 ms / 1041 TFLOPS  (245 regs, 6.5s)
[269/270] -DINTERLEAVE_STRATEGY=1 -DK_LOOP_UNROLL=8 -DMBAR_EARLY=1 -DNUM_EPI_WARPS=5 -DPHASE1_UNROLL=4 -DSTAGGER_CYCLES=0 -DSUB_MMA_UNROLL=3 -DW0_LOOP_UNROLL=1 ... 4.027 ms / 1088 TFLOPS  (240 regs, 6.5s)
[270/270] -DINTERLEAVE_STRATEGY=1 -DK_LOOP_UNROLL=8 -DMBAR_EARLY=1 -DNUM_EPI_WARPS=5 -DPHASE1_UNROLL=4 -DSTAGGER_CYCLES=0 -DSUB_MMA_UNROLL=3 -DW0_LOOP_UNROLL=4 ... 4.175 ms / 1049 TFLOPS  (245 regs, 6.5s)
  Branch 2/3: -DINTERLEAVE_STRATEGY=1 -DMBAR_EARLY=1 -DNUM_EPI_WARPS=5 -DSTAGGER_CYCLES=120
Sweep: 540 total, 270 valid, 270 pruned
Estimated time: ~22 min (270 configs × ~5s each)

[1/270] -DINTERLEAVE_STRATEGY=1 -DK_LOOP_UNROLL=1 -DMBAR_EARLY=1 -DNUM_EPI_WARPS=5 -DPHASE1_UNROLL=1 -DSNAKE_ORDER=0 -DSTAGGER_CYCLES=120 ... 2.810 ms / 1559 TFLOPS  (171 regs, 6.0s)
[2/270] -DINTERLEAVE_STRATEGY=1 -DK_LOOP_UNROLL=1 -DMBAR_EARLY=1 -DNUM_EPI_WARPS=5 -DPHASE1_UNROLL=1 -DSNAKE_ORDER=0 -DSTAGGER_CYCLES=120 -DW0_LOOP_UNROLL=1 ... 2.784 ms / 1573 TFLOPS  (154 regs, 5.9s)
[3/270] -DINTERLEAVE_STRATEGY=1 -DK_LOOP_UNROLL=1 -DMBAR_EARLY=1 -DNUM_EPI_WARPS=5 -DPHASE1_UNROLL=1 -DSNAKE_ORDER=0 -DSTAGGER_CYCLES=120 -DW0_LOOP_UNROLL=4 ... 2.804 ms / 1562 TFLOPS  (171 regs, 5.7s)
[4/270] -DINTERLEAVE_STRATEGY=1 -DK_LOOP_UNROLL=1 -DMBAR_EARLY=1 -DNUM_EPI_WARPS=5 -DPHASE1_UNROLL=1 -DSNAKE_ORDER=0 -DSTAGGER_CYCLES=120 -DSUB_MMA_UNROLL=1 ... 2.767 ms / 1583 TFLOPS  (163 regs, 5.9s)
[5/270] -DINTERLEAVE_STRATEGY=1 -DK_LOOP_UNROLL=1 -DMBAR_EARLY=1 -DNUM_EPI_WARPS=5 -DPHASE1_UNROLL=1 -DSNAKE_ORDER=0 -DSTAGGER_CYCLES=120 -DSUB_MMA_UNROLL=1 -DW0_LOOP_UNROLL=1 ... 2.793 ms / 1568 TFLOPS  (147 regs, 6.0s)
[6/270] -DINTERLEAVE_STRATEGY=1 -DK_LOOP_UNROLL=1 -DMBAR_EARLY=1 -DNUM_EPI_WARPS=5 -DPHASE1_UNROLL=1 -DSNAKE_ORDER=0 -DSTAGGER_CYCLES=120 -DSUB_MMA_UNROLL=1 -DW0_LOOP_UNROLL=4 ... 2.759 ms / 1587 TFLOPS  (163 regs, 5.9s)
[7/270] -DINTERLEAVE_STRATEGY=1 -DK_LOOP_UNROLL=1 -DMBAR_EARLY=1 -DNUM_EPI_WARPS=5 -DPHASE1_UNROLL=1 -DSNAKE_ORDER=0 -DSTAGGER_CYCLES=120 -DSUB_MMA_UNROLL=3 ... 2.797 ms / 1566 TFLOPS  (171 regs, 6.0s)
[8/270] -DINTERLEAVE_STRATEGY=1 -DK_LOOP_UNROLL=1 -DMBAR_EARLY=1 -DNUM_EPI_WARPS=5 -DPHASE1_UNROLL=1 -DSNAKE_ORDER=0 -DSTAGGER_CYCLES=120 -DSUB_MMA_UNROLL=3 -DW0_LOOP_UNROLL=1 ... 2.780 ms / 1576 TFLOPS  (154 regs, 5.9s)
[9/270] -DINTERLEAVE_STRATEGY=1 -DK_LOOP_UNROLL=1 -DMBAR_EARLY=1 -DNUM_EPI_WARPS=5 -DPHASE1_UNROLL=1 -DSNAKE_ORDER=0 -DSTAGGER_CYCLES=120 -DSUB_MMA_UNROLL=3 -DW0_LOOP_UNROLL=4 ... 2.806 ms / 1561 TFLOPS  (171 regs, 5.9s)
[10/270] -DINTERLEAVE_STRATEGY=1 -DK_LOOP_UNROLL=1 -DMBAR_EARLY=1 -DNUM_EPI_WARPS=5 -DPHASE1_UNROLL=1 -DSTAGGER_CYCLES=120 ... 2.786 ms / 1572 TFLOPS  (171 regs, 6.1s)
[11/270] -DINTERLEAVE_STRATEGY=1 -DK_LOOP_UNROLL=1 -DMBAR_EARLY=1 -DNUM_EPI_WARPS=5 -DPHASE1_UNROLL=1 -DSTAGGER_CYCLES=120 -DW0_LOOP_UNROLL=1 ... 2.723 ms / 1608 TFLOPS  (154 regs, 6.0s)
[12/270] -DINTERLEAVE_STRATEGY=1 -DK_LOOP_UNROLL=1 -DMBAR_EARLY=1 -DNUM_EPI_WARPS=5 -DPHASE1_UNROLL=1 -DSTAGGER_CYCLES=120 -DW0_LOOP_UNROLL=4 ... 2.784 ms / 1573 TFLOPS  (171 regs, 6.0s)
[13/270] -DINTERLEAVE_STRATEGY=1 -DK_LOOP_UNROLL=1 -DMBAR_EARLY=1 -DNUM_EPI_WARPS=5 -DPHASE1_UNROLL=1 -DSTAGGER_CYCLES=120 -DSUB_MMA_UNROLL=1 ... 2.752 ms / 1592 TFLOPS  (163 regs, 5.8s)
[14/270] -DINTERLEAVE_STRATEGY=1 -DK_LOOP_UNROLL=1 -DMBAR_EARLY=1 -DNUM_EPI_WARPS=5 -DPHASE1_UNROLL=1 -DSTAGGER_CYCLES=120 -DSUB_MMA_UNROLL=1 -DW0_LOOP_UNROLL=1 ... 2.752 ms / 1591 TFLOPS  (147 regs, 5.8s)
[15/270] -DINTERLEAVE_STRATEGY=1 -DK_LOOP_UNROLL=1 -DMBAR_EARLY=1 -DNUM_EPI_WARPS=5 -DPHASE1_UNROLL=1 -DSTAGGER_CYCLES=120 -DSUB_MMA_UNROLL=1 -DW0_LOOP_UNROLL=4 ... 2.756 ms / 1589 TFLOPS  (163 regs, 5.8s)
[16/270] -DINTERLEAVE_STRATEGY=1 -DK_LOOP_UNROLL=1 -DMBAR_EARLY=1 -DNUM_EPI_WARPS=5 -DPHASE1_UNROLL=1 -DSTAGGER_CYCLES=120 -DSUB_MMA_UNROLL=3 ... 2.785 ms / 1572 TFLOPS  (171 regs, 5.8s)
[17/270] -DINTERLEAVE_STRATEGY=1 -DK_LOOP_UNROLL=1 -DMBAR_EARLY=1 -DNUM_EPI_WARPS=5 -DPHASE1_UNROLL=1 -DSTAGGER_CYCLES=120 -DSUB_MMA_UNROLL=3 -DW0_LOOP_UNROLL=1 ... 2.719 ms / 1611 TFLOPS  (154 regs, 5.8s)
[18/270] -DINTERLEAVE_STRATEGY=1 -DK_LOOP_UNROLL=1 -DMBAR_EARLY=1 -DNUM_EPI_WARPS=5 -DPHASE1_UNROLL=1 -DSTAGGER_CYCLES=120 -DSUB_MMA_UNROLL=3 -DW0_LOOP_UNROLL=4 ... 2.785 ms / 1573 TFLOPS  (171 regs, 5.8s)
[19/270] -DINTERLEAVE_STRATEGY=1 -DK_LOOP_UNROLL=1 -DMBAR_EARLY=1 -DNUM_EPI_WARPS=5 -DSNAKE_ORDER=0 -DSTAGGER_CYCLES=120 ... 2.668 ms / 1641 TFLOPS  (213 regs, 6.0s)
[20/270] -DINTERLEAVE_STRATEGY=1 -DK_LOOP_UNROLL=1 -DMBAR_EARLY=1 -DNUM_EPI_WARPS=5 -DSNAKE_ORDER=0 -DSTAGGER_CYCLES=120 -DW0_LOOP_UNROLL=1 ... 2.617 ms / 1674 TFLOPS  (197 regs, 6.0s)
[21/270] -DINTERLEAVE_STRATEGY=1 -DK_LOOP_UNROLL=1 -DMBAR_EARLY=1 -DNUM_EPI_WARPS=5 -DSNAKE_ORDER=0 -DSTAGGER_CYCLES=120 -DW0_LOOP_UNROLL=4 ... 2.645 ms / 1656 TFLOPS  (213 regs, 6.0s)
[22/270] -DINTERLEAVE_STRATEGY=1 -DK_LOOP_UNROLL=1 -DMBAR_EARLY=1 -DNUM_EPI_WARPS=5 -DSNAKE_ORDER=0 -DSTAGGER_CYCLES=120 -DSUB_MMA_UNROLL=1 ... 2.605 ms / 1682 TFLOPS  (209 regs, 6.1s)
[23/270] -DINTERLEAVE_STRATEGY=1 -DK_LOOP_UNROLL=1 -DMBAR_EARLY=1 -DNUM_EPI_WARPS=5 -DSNAKE_ORDER=0 -DSTAGGER_CYCLES=120 -DSUB_MMA_UNROLL=1 -DW0_LOOP_UNROLL=1 ... 2.583 ms / 1696 TFLOPS  (190 regs, 6.2s)
[24/270] -DINTERLEAVE_STRATEGY=1 -DK_LOOP_UNROLL=1 -DMBAR_EARLY=1 -DNUM_EPI_WARPS=5 -DSNAKE_ORDER=0 -DSTAGGER_CYCLES=120 -DSUB_MMA_UNROLL=1 -DW0_LOOP_UNROLL=4 ... 2.568 ms / 1706 TFLOPS  (209 regs, 6.0s)
[25/270] -DINTERLEAVE_STRATEGY=1 -DK_LOOP_UNROLL=1 -DMBAR_EARLY=1 -DNUM_EPI_WARPS=5 -DSNAKE_ORDER=0 -DSTAGGER_CYCLES=120 -DSUB_MMA_UNROLL=3 ... 2.667 ms / 1642 TFLOPS  (213 regs, 6.1s)
[26/270] -DINTERLEAVE_STRATEGY=1 -DK_LOOP_UNROLL=1 -DMBAR_EARLY=1 -DNUM_EPI_WARPS=5 -DSNAKE_ORDER=0 -DSTAGGER_CYCLES=120 -DSUB_MMA_UNROLL=3 -DW0_LOOP_UNROLL=1 ... 2.616 ms / 1674 TFLOPS  (197 regs, 6.1s)
[27/270] -DINTERLEAVE_STRATEGY=1 -DK_LOOP_UNROLL=1 -DMBAR_EARLY=1 -DNUM_EPI_WARPS=5 -DSNAKE_ORDER=0 -DSTAGGER_CYCLES=120 -DSUB_MMA_UNROLL=3 -DW0_LOOP_UNROLL=4 ... 2.645 ms / 1656 TFLOPS  (213 regs, 6.0s)
[28/270] -DINTERLEAVE_STRATEGY=1 -DK_LOOP_UNROLL=1 -DMBAR_EARLY=1 -DNUM_EPI_WARPS=5 -DSTAGGER_CYCLES=120 ... 2.667 ms / 1642 TFLOPS  (213 regs, 5.9s)
[29/270] -DINTERLEAVE_STRATEGY=1 -DK_LOOP_UNROLL=1 -DMBAR_EARLY=1 -DNUM_EPI_WARPS=5 -DSTAGGER_CYCLES=120 -DW0_LOOP_UNROLL=1 ... 2.608 ms / 1679 TFLOPS  (197 regs, 6.1s)
[30/270] -DINTERLEAVE_STRATEGY=1 -DK_LOOP_UNROLL=1 -DMBAR_EARLY=1 -DNUM_EPI_WARPS=5 -DSTAGGER_CYCLES=120 -DW0_LOOP_UNROLL=4 ... 2.646 ms / 1655 TFLOPS  (213 regs, 6.2s)
[31/270] -DINTERLEAVE_STRATEGY=1 -DK_LOOP_UNROLL=1 -DMBAR_EARLY=1 -DNUM_EPI_WARPS=5 -DSTAGGER_CYCLES=120 -DSUB_MMA_UNROLL=1 ... 2.618 ms / 1673 TFLOPS  (209 regs, 6.0s)
[32/270] -DINTERLEAVE_STRATEGY=1 -DK_LOOP_UNROLL=1 -DMBAR_EARLY=1 -DNUM_EPI_WARPS=5 -DSTAGGER_CYCLES=120 -DSUB_MMA_UNROLL=1 -DW0_LOOP_UNROLL=1 ... 2.574 ms / 1702 TFLOPS  (190 regs, 6.4s)
[33/270] -DINTERLEAVE_STRATEGY=1 -DK_LOOP_UNROLL=1 -DMBAR_EARLY=1 -DNUM_EPI_WARPS=5 -DSTAGGER_CYCLES=120 -DSUB_MMA_UNROLL=1 -DW0_LOOP_UNROLL=4 ... 2.574 ms / 1701 TFLOPS  (209 regs, 6.2s)
[34/270] -DINTERLEAVE_STRATEGY=1 -DK_LOOP_UNROLL=1 -DMBAR_EARLY=1 -DNUM_EPI_WARPS=5 -DSTAGGER_CYCLES=120 -DSUB_MMA_UNROLL=3 ... 2.667 ms / 1643 TFLOPS  (213 regs, 6.1s)
[35/270] -DINTERLEAVE_STRATEGY=1 -DK_LOOP_UNROLL=1 -DMBAR_EARLY=1 -DNUM_EPI_WARPS=5 -DSTAGGER_CYCLES=120 -DSUB_MMA_UNROLL=3 -DW0_LOOP_UNROLL=1 ... 2.608 ms / 1679 TFLOPS  (197 regs, 6.2s)
[36/270] -DINTERLEAVE_STRATEGY=1 -DK_LOOP_UNROLL=1 -DMBAR_EARLY=1 -DNUM_EPI_WARPS=5 -DSTAGGER_CYCLES=120 -DSUB_MMA_UNROLL=3 -DW0_LOOP_UNROLL=4 ... 2.645 ms / 1656 TFLOPS  (213 regs, 6.2s)
[37/270] -DINTERLEAVE_STRATEGY=1 -DK_LOOP_UNROLL=1 -DMBAR_EARLY=1 -DNUM_EPI_WARPS=5 -DPHASE1_UNROLL=4 -DSNAKE_ORDER=0 -DSTAGGER_CYCLES=120 ... 4.014 ms / 1091 TFLOPS  (220 regs, 6.5s)
[38/270] -DINTERLEAVE_STRATEGY=1 -DK_LOOP_UNROLL=1 -DMBAR_EARLY=1 -DNUM_EPI_WARPS=5 -DPHASE1_UNROLL=4 -DSNAKE_ORDER=0 -DSTAGGER_CYCLES=120 -DW0_LOOP_UNROLL=1 ... 3.837 ms / 1141 TFLOPS  (200 regs, 6.6s)
[39/270] -DINTERLEAVE_STRATEGY=1 -DK_LOOP_UNROLL=1 -DMBAR_EARLY=1 -DNUM_EPI_WARPS=5 -DPHASE1_UNROLL=4 -DSNAKE_ORDER=0 -DSTAGGER_CYCLES=120 -DW0_LOOP_UNROLL=4 ... 3.993 ms / 1097 TFLOPS  (220 regs, 6.6s)
[40/270] -DINTERLEAVE_STRATEGY=1 -DK_LOOP_UNROLL=1 -DMBAR_EARLY=1 -DNUM_EPI_WARPS=5 -DPHASE1_UNROLL=4 -DSNAKE_ORDER=0 -DSTAGGER_CYCLES=120 -DSUB_MMA_UNROLL=1 ... 4.102 ms / 1068 TFLOPS  (211 regs, 6.5s)
[41/270] -DINTERLEAVE_STRATEGY=1 -DK_LOOP_UNROLL=1 -DMBAR_EARLY=1 -DNUM_EPI_WARPS=5 -DPHASE1_UNROLL=4 -DSNAKE_ORDER=0 -DSTAGGER_CYCLES=120 -DSUB_MMA_UNROLL=1 -DW0_LOOP_UNROLL=1 ... 3.938 ms / 1112 TFLOPS  (191 regs, 6.4s)
[42/270] -DINTERLEAVE_STRATEGY=1 -DK_LOOP_UNROLL=1 -DMBAR_EARLY=1 -DNUM_EPI_WARPS=5 -DPHASE1_UNROLL=4 -DSNAKE_ORDER=0 -DSTAGGER_CYCLES=120 -DSUB_MMA_UNROLL=1 -DW0_LOOP_UNROLL=4 ... 4.027 ms / 1088 TFLOPS  (211 regs, 6.5s)
[43/270] -DINTERLEAVE_STRATEGY=1 -DK_LOOP_UNROLL=1 -DMBAR_EARLY=1 -DNUM_EPI_WARPS=5 -DPHASE1_UNROLL=4 -DSNAKE_ORDER=0 -DSTAGGER_CYCLES=120 -DSUB_MMA_UNROLL=3 ... 4.013 ms / 1091 TFLOPS  (220 regs, 6.4s)
[44/270] -DINTERLEAVE_STRATEGY=1 -DK_LOOP_UNROLL=1 -DMBAR_EARLY=1 -DNUM_EPI_WARPS=5 -DPHASE1_UNROLL=4 -DSNAKE_ORDER=0 -DSTAGGER_CYCLES=120 -DSUB_MMA_UNROLL=3 -DW0_LOOP_UNROLL=1 ... 3.839 ms / 1141 TFLOPS  (200 regs, 6.3s)
[45/270] -DINTERLEAVE_STRATEGY=1 -DK_LOOP_UNROLL=1 -DMBAR_EARLY=1 -DNUM_EPI_WARPS=5 -DPHASE1_UNROLL=4 -DSNAKE_ORDER=0 -DSTAGGER_CYCLES=120 -DSUB_MMA_UNROLL=3 -DW0_LOOP_UNROLL=4 ... 3.996 ms / 1096 TFLOPS  (220 regs, 6.5s)
[46/270] -DINTERLEAVE_STRATEGY=1 -DK_LOOP_UNROLL=1 -DMBAR_EARLY=1 -DNUM_EPI_WARPS=5 -DPHASE1_UNROLL=4 -DSTAGGER_CYCLES=120 ... 4.013 ms / 1091 TFLOPS  (220 regs, 6.5s)
[47/270] -DINTERLEAVE_STRATEGY=1 -DK_LOOP_UNROLL=1 -DMBAR_EARLY=1 -DNUM_EPI_WARPS=5 -DPHASE1_UNROLL=4 -DSTAGGER_CYCLES=120 -DW0_LOOP_UNROLL=1 ... 3.829 ms / 1144 TFLOPS  (200 regs, 6.5s)
[48/270] -DINTERLEAVE_STRATEGY=1 -DK_LOOP_UNROLL=1 -DMBAR_EARLY=1 -DNUM_EPI_WARPS=5 -DPHASE1_UNROLL=4 -DSTAGGER_CYCLES=120 -DW0_LOOP_UNROLL=4 ... 4.025 ms / 1088 TFLOPS  (220 regs, 6.4s)
[49/270] -DINTERLEAVE_STRATEGY=1 -DK_LOOP_UNROLL=1 -DMBAR_EARLY=1 -DNUM_EPI_WARPS=5 -DPHASE1_UNROLL=4 -DSTAGGER_CYCLES=120 -DSUB_MMA_UNROLL=1 ... 4.109 ms / 1066 TFLOPS  (211 regs, 6.5s)
[50/270] -DINTERLEAVE_STRATEGY=1 -DK_LOOP_UNROLL=1 -DMBAR_EARLY=1 -DNUM_EPI_WARPS=5 -DPHASE1_UNROLL=4 -DSTAGGER_CYCLES=120 -DSUB_MMA_UNROLL=1 -DW0_LOOP_UNROLL=1 ... 3.934 ms / 1113 TFLOPS  (191 regs, 6.5s)
[51/270] -DINTERLEAVE_STRATEGY=1 -DK_LOOP_UNROLL=1 -DMBAR_EARLY=1 -DNUM_EPI_WARPS=5 -DPHASE1_UNROLL=4 -DSTAGGER_CYCLES=120 -DSUB_MMA_UNROLL=1 -DW0_LOOP_UNROLL=4 ... 4.040 ms / 1084 TFLOPS  (211 regs, 6.5s)
[52/270] -DINTERLEAVE_STRATEGY=1 -DK_LOOP_UNROLL=1 -DMBAR_EARLY=1 -DNUM_EPI_WARPS=5 -DPHASE1_UNROLL=4 -DSTAGGER_CYCLES=120 -DSUB_MMA_UNROLL=3 ... 4.017 ms / 1090 TFLOPS  (220 regs, 6.4s)
[53/270] -DINTERLEAVE_STRATEGY=1 -DK_LOOP_UNROLL=1 -DMBAR_EARLY=1 -DNUM_EPI_WARPS=5 -DPHASE1_UNROLL=4 -DSTAGGER_CYCLES=120 -DSUB_MMA_UNROLL=3 -DW0_LOOP_UNROLL=1 ... 3.831 ms / 1143 TFLOPS  (200 regs, 6.5s)
[54/270] -DINTERLEAVE_STRATEGY=1 -DK_LOOP_UNROLL=1 -DMBAR_EARLY=1 -DNUM_EPI_WARPS=5 -DPHASE1_UNROLL=4 -DSTAGGER_CYCLES=120 -DSUB_MMA_UNROLL=3 -DW0_LOOP_UNROLL=4 ... 4.024 ms / 1089 TFLOPS  (220 regs, 6.3s)
[55/270] -DINTERLEAVE_STRATEGY=1 -DK_LOOP_UNROLL=2 -DMBAR_EARLY=1 -DNUM_EPI_WARPS=5 -DPHASE1_UNROLL=1 -DSNAKE_ORDER=0 -DSTAGGER_CYCLES=120 ... 2.800 ms / 1564 TFLOPS  (171 regs, 5.7s)
[56/270] -DINTERLEAVE_STRATEGY=1 -DK_LOOP_UNROLL=2 -DMBAR_EARLY=1 -DNUM_EPI_WARPS=5 -DPHASE1_UNROLL=1 -DSNAKE_ORDER=0 -DSTAGGER_CYCLES=120 -DW0_LOOP_UNROLL=1 ... 2.795 ms / 1567 TFLOPS  (154 regs, 5.9s)
[57/270] -DINTERLEAVE_STRATEGY=1 -DK_LOOP_UNROLL=2 -DMBAR_EARLY=1 -DNUM_EPI_WARPS=5 -DPHASE1_UNROLL=1 -DSNAKE_ORDER=0 -DSTAGGER_CYCLES=120 -DW0_LOOP_UNROLL=4 ... 2.805 ms / 1561 TFLOPS  (171 regs, 5.9s)
[58/270] -DINTERLEAVE_STRATEGY=1 -DK_LOOP_UNROLL=2 -DMBAR_EARLY=1 -DNUM_EPI_WARPS=5 -DPHASE1_UNROLL=1 -DSNAKE_ORDER=0 -DSTAGGER_CYCLES=120 -DSUB_MMA_UNROLL=1 ... 2.767 ms / 1583 TFLOPS  (163 regs, 5.9s)
[59/270] -DINTERLEAVE_STRATEGY=1 -DK_LOOP_UNROLL=2 -DMBAR_EARLY=1 -DNUM_EPI_WARPS=5 -DPHASE1_UNROLL=1 -DSNAKE_ORDER=0 -DSTAGGER_CYCLES=120 -DSUB_MMA_UNROLL=1 -DW0_LOOP_UNROLL=1 ... 2.774 ms / 1579 TFLOPS  (145 regs, 5.8s)
[60/270] -DINTERLEAVE_STRATEGY=1 -DK_LOOP_UNROLL=2 -DMBAR_EARLY=1 -DNUM_EPI_WARPS=5 -DPHASE1_UNROLL=1 -DSNAKE_ORDER=0 -DSTAGGER_CYCLES=120 -DSUB_MMA_UNROLL=1 -DW0_LOOP_UNROLL=4 ... 2.762 ms / 1586 TFLOPS  (163 regs, 6.0s)
[61/270] -DINTERLEAVE_STRATEGY=1 -DK_LOOP_UNROLL=2 -DMBAR_EARLY=1 -DNUM_EPI_WARPS=5 -DPHASE1_UNROLL=1 -DSNAKE_ORDER=0 -DSTAGGER_CYCLES=120 -DSUB_MMA_UNROLL=3 ... 2.808 ms / 1560 TFLOPS  (171 regs, 6.0s)
[62/270] -DINTERLEAVE_STRATEGY=1 -DK_LOOP_UNROLL=2 -DMBAR_EARLY=1 -DNUM_EPI_WARPS=5 -DPHASE1_UNROLL=1 -DSNAKE_ORDER=0 -DSTAGGER_CYCLES=120 -DSUB_MMA_UNROLL=3 -DW0_LOOP_UNROLL=1 ... 2.792 ms / 1569 TFLOPS  (154 regs, 5.8s)
[63/270] -DINTERLEAVE_STRATEGY=1 -DK_LOOP_UNROLL=2 -DMBAR_EARLY=1 -DNUM_EPI_WARPS=5 -DPHASE1_UNROLL=1 -DSNAKE_ORDER=0 -DSTAGGER_CYCLES=120 -DSUB_MMA_UNROLL=3 -DW0_LOOP_UNROLL=4 ... 2.814 ms / 1557 TFLOPS  (171 regs, 5.9s)
[64/270] -DINTERLEAVE_STRATEGY=1 -DK_LOOP_UNROLL=2 -DMBAR_EARLY=1 -DNUM_EPI_WARPS=5 -DPHASE1_UNROLL=1 -DSTAGGER_CYCLES=120 ... 2.786 ms / 1572 TFLOPS  (171 regs, 5.9s)
[65/270] -DINTERLEAVE_STRATEGY=1 -DK_LOOP_UNROLL=2 -DMBAR_EARLY=1 -DNUM_EPI_WARPS=5 -DPHASE1_UNROLL=1 -DSTAGGER_CYCLES=120 -DW0_LOOP_UNROLL=1 ... 2.764 ms / 1585 TFLOPS  (154 regs, 5.9s)
[66/270] -DINTERLEAVE_STRATEGY=1 -DK_LOOP_UNROLL=2 -DMBAR_EARLY=1 -DNUM_EPI_WARPS=5 -DPHASE1_UNROLL=1 -DSTAGGER_CYCLES=120 -DW0_LOOP_UNROLL=4 ... 2.783 ms / 1574 TFLOPS  (171 regs, 5.8s)
[67/270] -DINTERLEAVE_STRATEGY=1 -DK_LOOP_UNROLL=2 -DMBAR_EARLY=1 -DNUM_EPI_WARPS=5 -DPHASE1_UNROLL=1 -DSTAGGER_CYCLES=120 -DSUB_MMA_UNROLL=1 ... 2.748 ms / 1594 TFLOPS  (163 regs, 6.0s)
[68/270] -DINTERLEAVE_STRATEGY=1 -DK_LOOP_UNROLL=2 -DMBAR_EARLY=1 -DNUM_EPI_WARPS=5 -DPHASE1_UNROLL=1 -DSTAGGER_CYCLES=120 -DSUB_MMA_UNROLL=1 -DW0_LOOP_UNROLL=1 ... 2.720 ms / 1611 TFLOPS  (145 regs, 5.9s)
[69/270] -DINTERLEAVE_STRATEGY=1 -DK_LOOP_UNROLL=2 -DMBAR_EARLY=1 -DNUM_EPI_WARPS=5 -DPHASE1_UNROLL=1 -DSTAGGER_CYCLES=120 -DSUB_MMA_UNROLL=1 -DW0_LOOP_UNROLL=4 ... 2.747 ms / 1595 TFLOPS  (163 regs, 5.8s)
[70/270] -DINTERLEAVE_STRATEGY=1 -DK_LOOP_UNROLL=2 -DMBAR_EARLY=1 -DNUM_EPI_WARPS=5 -DPHASE1_UNROLL=1 -DSTAGGER_CYCLES=120 -DSUB_MMA_UNROLL=3 ... 2.786 ms / 1572 TFLOPS  (171 regs, 5.9s)
[71/270] -DINTERLEAVE_STRATEGY=1 -DK_LOOP_UNROLL=2 -DMBAR_EARLY=1 -DNUM_EPI_WARPS=5 -DPHASE1_UNROLL=1 -DSTAGGER_CYCLES=120 -DSUB_MMA_UNROLL=3 -DW0_LOOP_UNROLL=1 ... 2.763 ms / 1585 TFLOPS  (154 regs, 5.9s)
[72/270] -DINTERLEAVE_STRATEGY=1 -DK_LOOP_UNROLL=2 -DMBAR_EARLY=1 -DNUM_EPI_WARPS=5 -DPHASE1_UNROLL=1 -DSTAGGER_CYCLES=120 -DSUB_MMA_UNROLL=3 -DW0_LOOP_UNROLL=4 ... 2.785 ms / 1573 TFLOPS  (171 regs, 5.8s)
[73/270] -DINTERLEAVE_STRATEGY=1 -DK_LOOP_UNROLL=2 -DMBAR_EARLY=1 -DNUM_EPI_WARPS=5 -DSNAKE_ORDER=0 -DSTAGGER_CYCLES=120 ... 2.727 ms / 1606 TFLOPS  (213 regs, 6.2s)
[74/270] -DINTERLEAVE_STRATEGY=1 -DK_LOOP_UNROLL=2 -DMBAR_EARLY=1 -DNUM_EPI_WARPS=5 -DSNAKE_ORDER=0 -DSTAGGER_CYCLES=120 -DW0_LOOP_UNROLL=1 ... 2.647 ms / 1655 TFLOPS  (197 regs, 6.1s)
[75/270] -DINTERLEAVE_STRATEGY=1 -DK_LOOP_UNROLL=2 -DMBAR_EARLY=1 -DNUM_EPI_WARPS=5 -DSNAKE_ORDER=0 -DSTAGGER_CYCLES=120 -DW0_LOOP_UNROLL=4 ... 2.694 ms / 1626 TFLOPS  (213 regs, 6.0s)
[76/270] -DINTERLEAVE_STRATEGY=1 -DK_LOOP_UNROLL=2 -DMBAR_EARLY=1 -DNUM_EPI_WARPS=5 -DSNAKE_ORDER=0 -DSTAGGER_CYCLES=120 -DSUB_MMA_UNROLL=1 ... 2.662 ms / 1645 TFLOPS  (209 regs, 6.1s)
[77/270] -DINTERLEAVE_STRATEGY=1 -DK_LOOP_UNROLL=2 -DMBAR_EARLY=1 -DNUM_EPI_WARPS=5 -DSNAKE_ORDER=0 -DSTAGGER_CYCLES=120 -DSUB_MMA_UNROLL=1 -DW0_LOOP_UNROLL=1 ... 2.586 ms / 1694 TFLOPS  (189 regs, 6.1s)
[78/270] -DINTERLEAVE_STRATEGY=1 -DK_LOOP_UNROLL=2 -DMBAR_EARLY=1 -DNUM_EPI_WARPS=5 -DSNAKE_ORDER=0 -DSTAGGER_CYCLES=120 -DSUB_MMA_UNROLL=1 -DW0_LOOP_UNROLL=4 ... 2.619 ms / 1672 TFLOPS  (209 regs, 6.2s)
[79/270] -DINTERLEAVE_STRATEGY=1 -DK_LOOP_UNROLL=2 -DMBAR_EARLY=1 -DNUM_EPI_WARPS=5 -DSNAKE_ORDER=0 -DSTAGGER_CYCLES=120 -DSUB_MMA_UNROLL=3 ... 2.728 ms / 1606 TFLOPS  (213 regs, 6.1s)
[80/270] -DINTERLEAVE_STRATEGY=1 -DK_LOOP_UNROLL=2 -DMBAR_EARLY=1 -DNUM_EPI_WARPS=5 -DSNAKE_ORDER=0 -DSTAGGER_CYCLES=120 -DSUB_MMA_UNROLL=3 -DW0_LOOP_UNROLL=1 ... 2.647 ms / 1655 TFLOPS  (197 regs, 6.2s)
[81/270] -DINTERLEAVE_STRATEGY=1 -DK_LOOP_UNROLL=2 -DMBAR_EARLY=1 -DNUM_EPI_WARPS=5 -DSNAKE_ORDER=0 -DSTAGGER_CYCLES=120 -DSUB_MMA_UNROLL=3 -DW0_LOOP_UNROLL=4 ... 2.695 ms / 1625 TFLOPS  (213 regs, 6.1s)
[82/270] -DINTERLEAVE_STRATEGY=1 -DK_LOOP_UNROLL=2 -DMBAR_EARLY=1 -DNUM_EPI_WARPS=5 -DSTAGGER_CYCLES=120 ... 2.731 ms / 1604 TFLOPS  (213 regs, 6.1s)
[83/270] -DINTERLEAVE_STRATEGY=1 -DK_LOOP_UNROLL=2 -DMBAR_EARLY=1 -DNUM_EPI_WARPS=5 -DSTAGGER_CYCLES=120 -DW0_LOOP_UNROLL=1 ... 2.641 ms / 1658 TFLOPS  (197 regs, 6.2s)
[84/270] -DINTERLEAVE_STRATEGY=1 -DK_LOOP_UNROLL=2 -DMBAR_EARLY=1 -DNUM_EPI_WARPS=5 -DSTAGGER_CYCLES=120 -DW0_LOOP_UNROLL=4 ... 2.706 ms / 1619 TFLOPS  (213 regs, 6.2s)
[85/270] -DINTERLEAVE_STRATEGY=1 -DK_LOOP_UNROLL=2 -DMBAR_EARLY=1 -DNUM_EPI_WARPS=5 -DSTAGGER_CYCLES=120 -DSUB_MMA_UNROLL=1 ... 2.669 ms / 1641 TFLOPS  (209 regs, 6.2s)
[86/270] -DINTERLEAVE_STRATEGY=1 -DK_LOOP_UNROLL=2 -DMBAR_EARLY=1 -DNUM_EPI_WARPS=5 -DSTAGGER_CYCLES=120 -DSUB_MMA_UNROLL=1 -DW0_LOOP_UNROLL=1 ... 2.593 ms / 1689 TFLOPS  (189 regs, 6.2s)
[87/270] -DINTERLEAVE_STRATEGY=1 -DK_LOOP_UNROLL=2 -DMBAR_EARLY=1 -DNUM_EPI_WARPS=5 -DSTAGGER_CYCLES=120 -DSUB_MMA_UNROLL=1 -DW0_LOOP_UNROLL=4 ... 2.633 ms / 1664 TFLOPS  (209 regs, 6.1s)
[88/270] -DINTERLEAVE_STRATEGY=1 -DK_LOOP_UNROLL=2 -DMBAR_EARLY=1 -DNUM_EPI_WARPS=5 -DSTAGGER_CYCLES=120 -DSUB_MMA_UNROLL=3 ... 2.732 ms / 1603 TFLOPS  (213 regs, 6.1s)
[89/270] -DINTERLEAVE_STRATEGY=1 -DK_LOOP_UNROLL=2 -DMBAR_EARLY=1 -DNUM_EPI_WARPS=5 -DSTAGGER_CYCLES=120 -DSUB_MMA_UNROLL=3 -DW0_LOOP_UNROLL=1 ... 2.643 ms / 1657 TFLOPS  (197 regs, 6.0s)
[90/270] -DINTERLEAVE_STRATEGY=1 -DK_LOOP_UNROLL=2 -DMBAR_EARLY=1 -DNUM_EPI_WARPS=5 -DSTAGGER_CYCLES=120 -DSUB_MMA_UNROLL=3 -DW0_LOOP_UNROLL=4 ... 2.706 ms / 1619 TFLOPS  (213 regs, 6.2s)
[91/270] -DINTERLEAVE_STRATEGY=1 -DK_LOOP_UNROLL=2 -DMBAR_EARLY=1 -DNUM_EPI_WARPS=5 -DPHASE1_UNROLL=4 -DSNAKE_ORDER=0 -DSTAGGER_CYCLES=120 ... 4.054 ms / 1080 TFLOPS  (220 regs, 6.5s)
[92/270] -DINTERLEAVE_STRATEGY=1 -DK_LOOP_UNROLL=2 -DMBAR_EARLY=1 -DNUM_EPI_WARPS=5 -DPHASE1_UNROLL=4 -DSNAKE_ORDER=0 -DSTAGGER_CYCLES=120 -DW0_LOOP_UNROLL=1 ... 3.967 ms / 1104 TFLOPS  (200 regs, 6.5s)
[93/270] -DINTERLEAVE_STRATEGY=1 -DK_LOOP_UNROLL=2 -DMBAR_EARLY=1 -DNUM_EPI_WARPS=5 -DPHASE1_UNROLL=4 -DSNAKE_ORDER=0 -DSTAGGER_CYCLES=120 -DW0_LOOP_UNROLL=4 ... 4.072 ms / 1076 TFLOPS  (220 regs, 6.5s)
[94/270] -DINTERLEAVE_STRATEGY=1 -DK_LOOP_UNROLL=2 -DMBAR_EARLY=1 -DNUM_EPI_WARPS=5 -DPHASE1_UNROLL=4 -DSNAKE_ORDER=0 -DSTAGGER_CYCLES=120 -DSUB_MMA_UNROLL=1 ... 4.055 ms / 1080 TFLOPS  (211 regs, 6.5s)
[95/270] -DINTERLEAVE_STRATEGY=1 -DK_LOOP_UNROLL=2 -DMBAR_EARLY=1 -DNUM_EPI_WARPS=5 -DPHASE1_UNROLL=4 -DSNAKE_ORDER=0 -DSTAGGER_CYCLES=120 -DSUB_MMA_UNROLL=1 -DW0_LOOP_UNROLL=1 ... 3.963 ms / 1105 TFLOPS  (191 regs, 6.5s)
[96/270] -DINTERLEAVE_STRATEGY=1 -DK_LOOP_UNROLL=2 -DMBAR_EARLY=1 -DNUM_EPI_WARPS=5 -DPHASE1_UNROLL=4 -DSNAKE_ORDER=0 -DSTAGGER_CYCLES=120 -DSUB_MMA_UNROLL=1 -DW0_LOOP_UNROLL=4 ... 4.050 ms / 1082 TFLOPS  (211 regs, 6.6s)
[97/270] -DINTERLEAVE_STRATEGY=1 -DK_LOOP_UNROLL=2 -DMBAR_EARLY=1 -DNUM_EPI_WARPS=5 -DPHASE1_UNROLL=4 -DSNAKE_ORDER=0 -DSTAGGER_CYCLES=120 -DSUB_MMA_UNROLL=3 ... 4.056 ms / 1080 TFLOPS  (220 regs, 6.5s)
[98/270] -DINTERLEAVE_STRATEGY=1 -DK_LOOP_UNROLL=2 -DMBAR_EARLY=1 -DNUM_EPI_WARPS=5 -DPHASE1_UNROLL=4 -DSNAKE_ORDER=0 -DSTAGGER_CYCLES=120 -DSUB_MMA_UNROLL=3 -DW0_LOOP_UNROLL=1 ... 3.969 ms / 1104 TFLOPS  (200 regs, 6.5s)
[99/270] -DINTERLEAVE_STRATEGY=1 -DK_LOOP_UNROLL=2 -DMBAR_EARLY=1 -DNUM_EPI_WARPS=5 -DPHASE1_UNROLL=4 -DSNAKE_ORDER=0 -DSTAGGER_CYCLES=120 -DSUB_MMA_UNROLL=3 -DW0_LOOP_UNROLL=4 ... 4.075 ms / 1075 TFLOPS  (220 regs, 6.6s)
[100/270] -DINTERLEAVE_STRATEGY=1 -DK_LOOP_UNROLL=2 -DMBAR_EARLY=1 -DNUM_EPI_WARPS=5 -DPHASE1_UNROLL=4 -DSTAGGER_CYCLES=120 ... 4.089 ms / 1071 TFLOPS  (220 regs, 6.5s)
[101/270] -DINTERLEAVE_STRATEGY=1 -DK_LOOP_UNROLL=2 -DMBAR_EARLY=1 -DNUM_EPI_WARPS=5 -DPHASE1_UNROLL=4 -DSTAGGER_CYCLES=120 -DW0_LOOP_UNROLL=1 ... 3.953 ms / 1108 TFLOPS  (200 regs, 6.5s)
[102/270] -DINTERLEAVE_STRATEGY=1 -DK_LOOP_UNROLL=2 -DMBAR_EARLY=1 -DNUM_EPI_WARPS=5 -DPHASE1_UNROLL=4 -DSTAGGER_CYCLES=120 -DW0_LOOP_UNROLL=4 ... 4.092 ms / 1070 TFLOPS  (220 regs, 6.6s)
[103/270] -DINTERLEAVE_STRATEGY=1 -DK_LOOP_UNROLL=2 -DMBAR_EARLY=1 -DNUM_EPI_WARPS=5 -DPHASE1_UNROLL=4 -DSTAGGER_CYCLES=120 -DSUB_MMA_UNROLL=1 ... 4.086 ms / 1072 TFLOPS  (211 regs, 6.6s)
[104/270] -DINTERLEAVE_STRATEGY=1 -DK_LOOP_UNROLL=2 -DMBAR_EARLY=1 -DNUM_EPI_WARPS=5 -DPHASE1_UNROLL=4 -DSTAGGER_CYCLES=120 -DSUB_MMA_UNROLL=1 -DW0_LOOP_UNROLL=1 ... 3.951 ms / 1109 TFLOPS  (191 regs, 6.3s)
[105/270] -DINTERLEAVE_STRATEGY=1 -DK_LOOP_UNROLL=2 -DMBAR_EARLY=1 -DNUM_EPI_WARPS=5 -DPHASE1_UNROLL=4 -DSTAGGER_CYCLES=120 -DSUB_MMA_UNROLL=1 -DW0_LOOP_UNROLL=4 ... 4.063 ms / 1078 TFLOPS  (211 regs, 6.6s)
[106/270] -DINTERLEAVE_STRATEGY=1 -DK_LOOP_UNROLL=2 -DMBAR_EARLY=1 -DNUM_EPI_WARPS=5 -DPHASE1_UNROLL=4 -DSTAGGER_CYCLES=120 -DSUB_MMA_UNROLL=3 ... 4.088 ms / 1071 TFLOPS  (220 regs, 6.6s)
[107/270] -DINTERLEAVE_STRATEGY=1 -DK_LOOP_UNROLL=2 -DMBAR_EARLY=1 -DNUM_EPI_WARPS=5 -DPHASE1_UNROLL=4 -DSTAGGER_CYCLES=120 -DSUB_MMA_UNROLL=3 -DW0_LOOP_UNROLL=1 ... 3.959 ms / 1106 TFLOPS  (200 regs, 6.6s)
[108/270] -DINTERLEAVE_STRATEGY=1 -DK_LOOP_UNROLL=2 -DMBAR_EARLY=1 -DNUM_EPI_WARPS=5 -DPHASE1_UNROLL=4 -DSTAGGER_CYCLES=120 -DSUB_MMA_UNROLL=3 -DW0_LOOP_UNROLL=4 ... 4.096 ms / 1069 TFLOPS  (220 regs, 6.4s)
[109/270] -DINTERLEAVE_STRATEGY=1 -DMBAR_EARLY=1 -DNUM_EPI_WARPS=5 -DPHASE1_UNROLL=1 -DSNAKE_ORDER=0 -DSTAGGER_CYCLES=120 ... 2.814 ms / 1557 TFLOPS  (219 regs, 5.9s)
[110/270] -DINTERLEAVE_STRATEGY=1 -DMBAR_EARLY=1 -DNUM_EPI_WARPS=5 -DPHASE1_UNROLL=1 -DSNAKE_ORDER=0 -DSTAGGER_CYCLES=120 -DW0_LOOP_UNROLL=1 ... 2.822 ms / 1552 TFLOPS  (206 regs, 6.0s)
[111/270] -DINTERLEAVE_STRATEGY=1 -DMBAR_EARLY=1 -DNUM_EPI_WARPS=5 -DPHASE1_UNROLL=1 -DSNAKE_ORDER=0 -DSTAGGER_CYCLES=120 -DW0_LOOP_UNROLL=4 ... 2.816 ms / 1555 TFLOPS  (219 regs, 6.0s)
[112/270] -DINTERLEAVE_STRATEGY=1 -DMBAR_EARLY=1 -DNUM_EPI_WARPS=5 -DPHASE1_UNROLL=1 -DSNAKE_ORDER=0 -DSTAGGER_CYCLES=120 -DSUB_MMA_UNROLL=1 ... 2.789 ms / 1570 TFLOPS  (175 regs, 6.0s)
[113/270] -DINTERLEAVE_STRATEGY=1 -DMBAR_EARLY=1 -DNUM_EPI_WARPS=5 -DPHASE1_UNROLL=1 -DSNAKE_ORDER=0 -DSTAGGER_CYCLES=120 -DSUB_MMA_UNROLL=1 -DW0_LOOP_UNROLL=1 ... 2.792 ms / 1569 TFLOPS  (159 regs, 6.0s)
[114/270] -DINTERLEAVE_STRATEGY=1 -DMBAR_EARLY=1 -DNUM_EPI_WARPS=5 -DPHASE1_UNROLL=1 -DSNAKE_ORDER=0 -DSTAGGER_CYCLES=120 -DSUB_MMA_UNROLL=1 -DW0_LOOP_UNROLL=4 ... 2.811 ms / 1558 TFLOPS  (175 regs, 6.0s)
[115/270] -DINTERLEAVE_STRATEGY=1 -DMBAR_EARLY=1 -DNUM_EPI_WARPS=5 -DPHASE1_UNROLL=1 -DSNAKE_ORDER=0 -DSTAGGER_CYCLES=120 -DSUB_MMA_UNROLL=3 ... 2.801 ms / 1564 TFLOPS  (219 regs, 6.1s)
[116/270] -DINTERLEAVE_STRATEGY=1 -DMBAR_EARLY=1 -DNUM_EPI_WARPS=5 -DPHASE1_UNROLL=1 -DSNAKE_ORDER=0 -DSTAGGER_CYCLES=120 -DSUB_MMA_UNROLL=3 -DW0_LOOP_UNROLL=1 ... 2.822 ms / 1552 TFLOPS  (206 regs, 5.8s)
[117/270] -DINTERLEAVE_STRATEGY=1 -DMBAR_EARLY=1 -DNUM_EPI_WARPS=5 -DPHASE1_UNROLL=1 -DSNAKE_ORDER=0 -DSTAGGER_CYCLES=120 -DSUB_MMA_UNROLL=3 -DW0_LOOP_UNROLL=4 ... 2.806 ms / 1561 TFLOPS  (219 regs, 6.1s)
[118/270] -DINTERLEAVE_STRATEGY=1 -DMBAR_EARLY=1 -DNUM_EPI_WARPS=5 -DPHASE1_UNROLL=1 -DSTAGGER_CYCLES=120 ... 2.789 ms / 1571 TFLOPS  (219 regs, 6.0s)
[119/270] -DINTERLEAVE_STRATEGY=1 -DMBAR_EARLY=1 -DNUM_EPI_WARPS=5 -DPHASE1_UNROLL=1 -DSTAGGER_CYCLES=120 -DW0_LOOP_UNROLL=1 ... 2.773 ms / 1580 TFLOPS  (206 regs, 6.0s)
[120/270] -DINTERLEAVE_STRATEGY=1 -DMBAR_EARLY=1 -DNUM_EPI_WARPS=5 -DPHASE1_UNROLL=1 -DSTAGGER_CYCLES=120 -DW0_LOOP_UNROLL=4 ... 2.787 ms / 1572 TFLOPS  (219 regs, 5.7s)
[121/270] -DINTERLEAVE_STRATEGY=1 -DMBAR_EARLY=1 -DNUM_EPI_WARPS=5 -DPHASE1_UNROLL=1 -DSTAGGER_CYCLES=120 -DSUB_MMA_UNROLL=1 ... 2.772 ms / 1580 TFLOPS  (175 regs, 5.9s)
[122/270] -DINTERLEAVE_STRATEGY=1 -DMBAR_EARLY=1 -DNUM_EPI_WARPS=5 -DPHASE1_UNROLL=1 -DSTAGGER_CYCLES=120 -DSUB_MMA_UNROLL=1 -DW0_LOOP_UNROLL=1 ... 2.731 ms / 1604 TFLOPS  (159 regs, 6.0s)
[123/270] -DINTERLEAVE_STRATEGY=1 -DMBAR_EARLY=1 -DNUM_EPI_WARPS=5 -DPHASE1_UNROLL=1 -DSTAGGER_CYCLES=120 -DSUB_MMA_UNROLL=1 -DW0_LOOP_UNROLL=4 ... 2.769 ms / 1582 TFLOPS  (175 regs, 6.0s)
[124/270] -DINTERLEAVE_STRATEGY=1 -DMBAR_EARLY=1 -DNUM_EPI_WARPS=5 -DPHASE1_UNROLL=1 -DSTAGGER_CYCLES=120 -DSUB_MMA_UNROLL=3 ... 2.788 ms / 1571 TFLOPS  (219 regs, 5.9s)
[125/270] -DINTERLEAVE_STRATEGY=1 -DMBAR_EARLY=1 -DNUM_EPI_WARPS=5 -DPHASE1_UNROLL=1 -DSTAGGER_CYCLES=120 -DSUB_MMA_UNROLL=3 -DW0_LOOP_UNROLL=1 ... 2.773 ms / 1580 TFLOPS  (206 regs, 5.9s)
[126/270] -DINTERLEAVE_STRATEGY=1 -DMBAR_EARLY=1 -DNUM_EPI_WARPS=5 -DPHASE1_UNROLL=1 -DSTAGGER_CYCLES=120 -DSUB_MMA_UNROLL=3 -DW0_LOOP_UNROLL=4 ... 2.788 ms / 1571 TFLOPS  (219 regs, 5.8s)
[127/270] -DINTERLEAVE_STRATEGY=1 -DMBAR_EARLY=1 -DNUM_EPI_WARPS=5 -DSNAKE_ORDER=0 -DSTAGGER_CYCLES=120 ... 2.570 ms / 1705 TFLOPS  (245 regs, 6.2s)
[128/270] -DINTERLEAVE_STRATEGY=1 -DMBAR_EARLY=1 -DNUM_EPI_WARPS=5 -DSNAKE_ORDER=0 -DSTAGGER_CYCLES=120 -DW0_LOOP_UNROLL=1 ... 2.614 ms / 1675 TFLOPS  (241 regs, 6.2s)
[129/270] -DINTERLEAVE_STRATEGY=1 -DMBAR_EARLY=1 -DNUM_EPI_WARPS=5 -DSNAKE_ORDER=0 -DSTAGGER_CYCLES=120 -DW0_LOOP_UNROLL=4 ... 2.554 ms / 1715 TFLOPS  (245 regs, 6.2s)
[130/270] -DINTERLEAVE_STRATEGY=1 -DMBAR_EARLY=1 -DNUM_EPI_WARPS=5 -DSNAKE_ORDER=0 -DSTAGGER_CYCLES=120 -DSUB_MMA_UNROLL=1 ... 2.696 ms / 1625 TFLOPS  (217 regs, 6.2s)
[131/270] -DINTERLEAVE_STRATEGY=1 -DMBAR_EARLY=1 -DNUM_EPI_WARPS=5 -DSNAKE_ORDER=0 -DSTAGGER_CYCLES=120 -DSUB_MMA_UNROLL=1 -DW0_LOOP_UNROLL=1 ... 2.665 ms / 1644 TFLOPS  (206 regs, 5.9s)
[132/270] -DINTERLEAVE_STRATEGY=1 -DMBAR_EARLY=1 -DNUM_EPI_WARPS=5 -DSNAKE_ORDER=0 -DSTAGGER_CYCLES=120 -DSUB_MMA_UNROLL=1 -DW0_LOOP_UNROLL=4 ... 2.678 ms / 1635 TFLOPS  (217 regs, 6.2s)
[133/270] -DINTERLEAVE_STRATEGY=1 -DMBAR_EARLY=1 -DNUM_EPI_WARPS=5 -DSNAKE_ORDER=0 -DSTAGGER_CYCLES=120 -DSUB_MMA_UNROLL=3 ... 2.570 ms / 1704 TFLOPS  (245 regs, 6.2s)
[134/270] -DINTERLEAVE_STRATEGY=1 -DMBAR_EARLY=1 -DNUM_EPI_WARPS=5 -DSNAKE_ORDER=0 -DSTAGGER_CYCLES=120 -DSUB_MMA_UNROLL=3 -DW0_LOOP_UNROLL=1 ... 2.615 ms / 1675 TFLOPS  (241 regs, 6.1s)
[135/270] -DINTERLEAVE_STRATEGY=1 -DMBAR_EARLY=1 -DNUM_EPI_WARPS=5 -DSNAKE_ORDER=0 -DSTAGGER_CYCLES=120 -DSUB_MMA_UNROLL=3 -DW0_LOOP_UNROLL=4 ... 2.556 ms / 1714 TFLOPS  (245 regs, 6.2s)
[136/270] -DINTERLEAVE_STRATEGY=1 -DMBAR_EARLY=1 -DNUM_EPI_WARPS=5 -DSTAGGER_CYCLES=120 ... 2.581 ms / 1697 TFLOPS  (245 regs, 6.3s)
[137/270] -DINTERLEAVE_STRATEGY=1 -DMBAR_EARLY=1 -DNUM_EPI_WARPS=5 -DSTAGGER_CYCLES=120 -DW0_LOOP_UNROLL=1 ... 2.613 ms / 1676 TFLOPS  (241 regs, 6.3s)
[138/270] -DINTERLEAVE_STRATEGY=1 -DMBAR_EARLY=1 -DNUM_EPI_WARPS=5 -DSTAGGER_CYCLES=120 -DW0_LOOP_UNROLL=4 ... 2.552 ms / 1717 TFLOPS  (245 regs, 6.2s)
[139/270] -DINTERLEAVE_STRATEGY=1 -DMBAR_EARLY=1 -DNUM_EPI_WARPS=5 -DSTAGGER_CYCLES=120 -DSUB_MMA_UNROLL=1 ... 2.713 ms / 1614 TFLOPS  (217 regs, 6.2s)
[140/270] -DINTERLEAVE_STRATEGY=1 -DMBAR_EARLY=1 -DNUM_EPI_WARPS=5 -DSTAGGER_CYCLES=120 -DSUB_MMA_UNROLL=1 -DW0_LOOP_UNROLL=1 ... 2.654 ms / 1650 TFLOPS  (206 regs, 6.0s)
[141/270] -DINTERLEAVE_STRATEGY=1 -DMBAR_EARLY=1 -DNUM_EPI_WARPS=5 -DSTAGGER_CYCLES=120 -DSUB_MMA_UNROLL=1 -DW0_LOOP_UNROLL=4 ... 2.683 ms / 1633 TFLOPS  (217 regs, 6.1s)
[142/270] -DINTERLEAVE_STRATEGY=1 -DMBAR_EARLY=1 -DNUM_EPI_WARPS=5 -DSTAGGER_CYCLES=120 -DSUB_MMA_UNROLL=3 ... 2.579 ms / 1698 TFLOPS  (245 regs, 6.1s)
[143/270] -DINTERLEAVE_STRATEGY=1 -DMBAR_EARLY=1 -DNUM_EPI_WARPS=5 -DSTAGGER_CYCLES=120 -DSUB_MMA_UNROLL=3 -DW0_LOOP_UNROLL=1 ... 2.616 ms / 1675 TFLOPS  (241 regs, 6.0s)
[144/270] -DINTERLEAVE_STRATEGY=1 -DMBAR_EARLY=1 -DNUM_EPI_WARPS=5 -DSTAGGER_CYCLES=120 -DSUB_MMA_UNROLL=3 -DW0_LOOP_UNROLL=4 ... 2.552 ms / 1716 TFLOPS  (245 regs, 6.0s)
[145/270] -DINTERLEAVE_STRATEGY=1 -DMBAR_EARLY=1 -DNUM_EPI_WARPS=5 -DPHASE1_UNROLL=4 -DSNAKE_ORDER=0 -DSTAGGER_CYCLES=120 ... 4.184 ms / 1047 TFLOPS  (244 regs, 6.4s)
[146/270] -DINTERLEAVE_STRATEGY=1 -DMBAR_EARLY=1 -DNUM_EPI_WARPS=5 -DPHASE1_UNROLL=4 -DSNAKE_ORDER=0 -DSTAGGER_CYCLES=120 -DW0_LOOP_UNROLL=1 ... 3.957 ms / 1107 TFLOPS  (241 regs, 6.4s)
[147/270] -DINTERLEAVE_STRATEGY=1 -DMBAR_EARLY=1 -DNUM_EPI_WARPS=5 -DPHASE1_UNROLL=4 -DSNAKE_ORDER=0 -DSTAGGER_CYCLES=120 -DW0_LOOP_UNROLL=4 ... 4.096 ms / 1069 TFLOPS  (244 regs, 6.6s)
[148/270] -DINTERLEAVE_STRATEGY=1 -DMBAR_EARLY=1 -DNUM_EPI_WARPS=5 -DPHASE1_UNROLL=4 -DSNAKE_ORDER=0 -DSTAGGER_CYCLES=120 -DSUB_MMA_UNROLL=1 ... 4.064 ms / 1078 TFLOPS  (224 regs, 6.5s)
[149/270] -DINTERLEAVE_STRATEGY=1 -DMBAR_EARLY=1 -DNUM_EPI_WARPS=5 -DPHASE1_UNROLL=4 -DSNAKE_ORDER=0 -DSTAGGER_CYCLES=120 -DSUB_MMA_UNROLL=1 -DW0_LOOP_UNROLL=1 ... 3.882 ms / 1128 TFLOPS  (207 regs, 6.5s)
[150/270] -DINTERLEAVE_STRATEGY=1 -DMBAR_EARLY=1 -DNUM_EPI_WARPS=5 -DPHASE1_UNROLL=4 -DSNAKE_ORDER=0 -DSTAGGER_CYCLES=120 -DSUB_MMA_UNROLL=1 -DW0_LOOP_UNROLL=4 ... 3.989 ms / 1098 TFLOPS  (224 regs, 6.5s)
[151/270] -DINTERLEAVE_STRATEGY=1 -DMBAR_EARLY=1 -DNUM_EPI_WARPS=5 -DPHASE1_UNROLL=4 -DSNAKE_ORDER=0 -DSTAGGER_CYCLES=120 -DSUB_MMA_UNROLL=3 ... 4.186 ms / 1046 TFLOPS  (244 regs, 6.5s)
[152/270] -DINTERLEAVE_STRATEGY=1 -DMBAR_EARLY=1 -DNUM_EPI_WARPS=5 -DPHASE1_UNROLL=4 -DSNAKE_ORDER=0 -DSTAGGER_CYCLES=120 -DSUB_MMA_UNROLL=3 -DW0_LOOP_UNROLL=1 ... 3.958 ms / 1107 TFLOPS  (241 regs, 6.6s)
[153/270] -DINTERLEAVE_STRATEGY=1 -DMBAR_EARLY=1 -DNUM_EPI_WARPS=5 -DPHASE1_UNROLL=4 -DSNAKE_ORDER=0 -DSTAGGER_CYCLES=120 -DSUB_MMA_UNROLL=3 -DW0_LOOP_UNROLL=4 ... 4.095 ms / 1070 TFLOPS  (244 regs, 6.5s)
[154/270] -DINTERLEAVE_STRATEGY=1 -DMBAR_EARLY=1 -DNUM_EPI_WARPS=5 -DPHASE1_UNROLL=4 -DSTAGGER_CYCLES=120 ... 4.193 ms / 1045 TFLOPS  (244 regs, 6.5s)
[155/270] -DINTERLEAVE_STRATEGY=1 -DMBAR_EARLY=1 -DNUM_EPI_WARPS=5 -DPHASE1_UNROLL=4 -DSTAGGER_CYCLES=120 -DW0_LOOP_UNROLL=1 ... 3.963 ms / 1105 TFLOPS  (241 regs, 6.4s)
[156/270] -DINTERLEAVE_STRATEGY=1 -DMBAR_EARLY=1 -DNUM_EPI_WARPS=5 -DPHASE1_UNROLL=4 -DSTAGGER_CYCLES=120 -DW0_LOOP_UNROLL=4 ... 4.143 ms / 1057 TFLOPS  (244 regs, 6.4s)
[157/270] -DINTERLEAVE_STRATEGY=1 -DMBAR_EARLY=1 -DNUM_EPI_WARPS=5 -DPHASE1_UNROLL=4 -DSTAGGER_CYCLES=120 -DSUB_MMA_UNROLL=1 ... 4.085 ms / 1072 TFLOPS  (224 regs, 6.4s)
[158/270] -DINTERLEAVE_STRATEGY=1 -DMBAR_EARLY=1 -DNUM_EPI_WARPS=5 -DPHASE1_UNROLL=4 -DSTAGGER_CYCLES=120 -DSUB_MMA_UNROLL=1 -DW0_LOOP_UNROLL=1 ... 3.897 ms / 1124 TFLOPS  (207 regs, 6.5s)
[159/270] -DINTERLEAVE_STRATEGY=1 -DMBAR_EARLY=1 -DNUM_EPI_WARPS=5 -DPHASE1_UNROLL=4 -DSTAGGER_CYCLES=120 -DSUB_MMA_UNROLL=1 -DW0_LOOP_UNROLL=4 ... 4.010 ms / 1092 TFLOPS  (224 regs, 6.7s)
[160/270] -DINTERLEAVE_STRATEGY=1 -DMBAR_EARLY=1 -DNUM_EPI_WARPS=5 -DPHASE1_UNROLL=4 -DSTAGGER_CYCLES=120 -DSUB_MMA_UNROLL=3 ... 4.194 ms / 1044 TFLOPS  (244 regs, 6.5s)
[161/270] -DINTERLEAVE_STRATEGY=1 -DMBAR_EARLY=1 -DNUM_EPI_WARPS=5 -DPHASE1_UNROLL=4 -DSTAGGER_CYCLES=120 -DSUB_MMA_UNROLL=3 -DW0_LOOP_UNROLL=1 ... 3.963 ms / 1105 TFLOPS  (241 regs, 6.5s)
[162/270] -DINTERLEAVE_STRATEGY=1 -DMBAR_EARLY=1 -DNUM_EPI_WARPS=5 -DPHASE1_UNROLL=4 -DSTAGGER_CYCLES=120 -DSUB_MMA_UNROLL=3 -DW0_LOOP_UNROLL=4 ... 4.145 ms / 1057 TFLOPS  (244 regs, 6.6s)
[163/270] -DINTERLEAVE_STRATEGY=1 -DK_LOOP_UNROLL=6 -DMBAR_EARLY=1 -DNUM_EPI_WARPS=5 -DPHASE1_UNROLL=1 -DSNAKE_ORDER=0 -DSTAGGER_CYCLES=120 ... 2.787 ms / 1571 TFLOPS  (186 regs, 5.7s)
[164/270] -DINTERLEAVE_STRATEGY=1 -DK_LOOP_UNROLL=6 -DMBAR_EARLY=1 -DNUM_EPI_WARPS=5 -DPHASE1_UNROLL=1 -DSNAKE_ORDER=0 -DSTAGGER_CYCLES=120 -DW0_LOOP_UNROLL=1 ... 2.792 ms / 1569 TFLOPS  (168 regs, 5.9s)
[165/270] -DINTERLEAVE_STRATEGY=1 -DK_LOOP_UNROLL=6 -DMBAR_EARLY=1 -DNUM_EPI_WARPS=5 -DPHASE1_UNROLL=1 -DSNAKE_ORDER=0 -DSTAGGER_CYCLES=120 -DW0_LOOP_UNROLL=4 ... 2.803 ms / 1563 TFLOPS  (183 regs, 5.8s)
[166/270] -DINTERLEAVE_STRATEGY=1 -DK_LOOP_UNROLL=6 -DMBAR_EARLY=1 -DNUM_EPI_WARPS=5 -DPHASE1_UNROLL=1 -DSNAKE_ORDER=0 -DSTAGGER_CYCLES=120 -DSUB_MMA_UNROLL=1 ... 2.797 ms / 1566 TFLOPS  (175 regs, 5.9s)
[167/270] -DINTERLEAVE_STRATEGY=1 -DK_LOOP_UNROLL=6 -DMBAR_EARLY=1 -DNUM_EPI_WARPS=5 -DPHASE1_UNROLL=1 -DSNAKE_ORDER=0 -DSTAGGER_CYCLES=120 -DSUB_MMA_UNROLL=1 -DW0_LOOP_UNROLL=1 ... 2.810 ms / 1559 TFLOPS  (159 regs, 6.0s)
[168/270] -DINTERLEAVE_STRATEGY=1 -DK_LOOP_UNROLL=6 -DMBAR_EARLY=1 -DNUM_EPI_WARPS=5 -DPHASE1_UNROLL=1 -DSNAKE_ORDER=0 -DSTAGGER_CYCLES=120 -DSUB_MMA_UNROLL=1 -DW0_LOOP_UNROLL=4 ... 2.787 ms / 1572 TFLOPS  (175 regs, 6.0s)
[169/270] -DINTERLEAVE_STRATEGY=1 -DK_LOOP_UNROLL=6 -DMBAR_EARLY=1 -DNUM_EPI_WARPS=5 -DPHASE1_UNROLL=1 -DSNAKE_ORDER=0 -DSTAGGER_CYCLES=120 -DSUB_MMA_UNROLL=3 ... 2.786 ms / 1572 TFLOPS  (186 regs, 6.0s)
[170/270] -DINTERLEAVE_STRATEGY=1 -DK_LOOP_UNROLL=6 -DMBAR_EARLY=1 -DNUM_EPI_WARPS=5 -DPHASE1_UNROLL=1 -DSNAKE_ORDER=0 -DSTAGGER_CYCLES=120 -DSUB_MMA_UNROLL=3 -DW0_LOOP_UNROLL=1 ... 2.785 ms / 1573 TFLOPS  (168 regs, 5.9s)
[171/270] -DINTERLEAVE_STRATEGY=1 -DK_LOOP_UNROLL=6 -DMBAR_EARLY=1 -DNUM_EPI_WARPS=5 -DPHASE1_UNROLL=1 -DSNAKE_ORDER=0 -DSTAGGER_CYCLES=120 -DSUB_MMA_UNROLL=3 -DW0_LOOP_UNROLL=4 ... 2.787 ms / 1572 TFLOPS  (183 regs, 6.0s)
[172/270] -DINTERLEAVE_STRATEGY=1 -DK_LOOP_UNROLL=6 -DMBAR_EARLY=1 -DNUM_EPI_WARPS=5 -DPHASE1_UNROLL=1 -DSTAGGER_CYCLES=120 ... 2.768 ms / 1582 TFLOPS  (186 regs, 6.0s)
[173/270] -DINTERLEAVE_STRATEGY=1 -DK_LOOP_UNROLL=6 -DMBAR_EARLY=1 -DNUM_EPI_WARPS=5 -DPHASE1_UNROLL=1 -DSTAGGER_CYCLES=120 -DW0_LOOP_UNROLL=1 ... 2.710 ms / 1616 TFLOPS  (168 regs, 5.9s)
[174/270] -DINTERLEAVE_STRATEGY=1 -DK_LOOP_UNROLL=6 -DMBAR_EARLY=1 -DNUM_EPI_WARPS=5 -DPHASE1_UNROLL=1 -DSTAGGER_CYCLES=120 -DW0_LOOP_UNROLL=4 ... 2.753 ms / 1591 TFLOPS  (183 regs, 5.8s)
[175/270] -DINTERLEAVE_STRATEGY=1 -DK_LOOP_UNROLL=6 -DMBAR_EARLY=1 -DNUM_EPI_WARPS=5 -DPHASE1_UNROLL=1 -DSTAGGER_CYCLES=120 -DSUB_MMA_UNROLL=1 ... 2.770 ms / 1581 TFLOPS  (175 regs, 5.8s)
[176/270] -DINTERLEAVE_STRATEGY=1 -DK_LOOP_UNROLL=6 -DMBAR_EARLY=1 -DNUM_EPI_WARPS=5 -DPHASE1_UNROLL=1 -DSTAGGER_CYCLES=120 -DSUB_MMA_UNROLL=1 -DW0_LOOP_UNROLL=1 ... 2.731 ms / 1604 TFLOPS  (159 regs, 5.8s)
[177/270] -DINTERLEAVE_STRATEGY=1 -DK_LOOP_UNROLL=6 -DMBAR_EARLY=1 -DNUM_EPI_WARPS=5 -DPHASE1_UNROLL=1 -DSTAGGER_CYCLES=120 -DSUB_MMA_UNROLL=1 -DW0_LOOP_UNROLL=4 ... 2.771 ms / 1580 TFLOPS  (175 regs, 6.1s)
[178/270] -DINTERLEAVE_STRATEGY=1 -DK_LOOP_UNROLL=6 -DMBAR_EARLY=1 -DNUM_EPI_WARPS=5 -DPHASE1_UNROLL=1 -DSTAGGER_CYCLES=120 -DSUB_MMA_UNROLL=3 ... 2.768 ms / 1582 TFLOPS  (186 regs, 6.0s)
[179/270] -DINTERLEAVE_STRATEGY=1 -DK_LOOP_UNROLL=6 -DMBAR_EARLY=1 -DNUM_EPI_WARPS=5 -DPHASE1_UNROLL=1 -DSTAGGER_CYCLES=120 -DSUB_MMA_UNROLL=3 -DW0_LOOP_UNROLL=1 ... 2.711 ms / 1616 TFLOPS  (168 regs, 5.9s)
[180/270] -DINTERLEAVE_STRATEGY=1 -DK_LOOP_UNROLL=6 -DMBAR_EARLY=1 -DNUM_EPI_WARPS=5 -DPHASE1_UNROLL=1 -DSTAGGER_CYCLES=120 -DSUB_MMA_UNROLL=3 -DW0_LOOP_UNROLL=4 ... 2.753 ms / 1591 TFLOPS  (183 regs, 5.9s)
[181/270] -DINTERLEAVE_STRATEGY=1 -DK_LOOP_UNROLL=6 -DMBAR_EARLY=1 -DNUM_EPI_WARPS=5 -DSNAKE_ORDER=0 -DSTAGGER_CYCLES=120 ... 2.745 ms / 1596 TFLOPS  (223 regs, 6.1s)
[182/270] -DINTERLEAVE_STRATEGY=1 -DK_LOOP_UNROLL=6 -DMBAR_EARLY=1 -DNUM_EPI_WARPS=5 -DSNAKE_ORDER=0 -DSTAGGER_CYCLES=120 -DW0_LOOP_UNROLL=1 ... 2.667 ms / 1643 TFLOPS  (212 regs, 6.0s)
[183/270] -DINTERLEAVE_STRATEGY=1 -DK_LOOP_UNROLL=6 -DMBAR_EARLY=1 -DNUM_EPI_WARPS=5 -DSNAKE_ORDER=0 -DSTAGGER_CYCLES=120 -DW0_LOOP_UNROLL=4 ... 2.705 ms / 1619 TFLOPS  (223 regs, 6.1s)
[184/270] -DINTERLEAVE_STRATEGY=1 -DK_LOOP_UNROLL=6 -DMBAR_EARLY=1 -DNUM_EPI_WARPS=5 -DSNAKE_ORDER=0 -DSTAGGER_CYCLES=120 -DSUB_MMA_UNROLL=1 ... 2.672 ms / 1639 TFLOPS  (217 regs, 6.2s)
[185/270] -DINTERLEAVE_STRATEGY=1 -DK_LOOP_UNROLL=6 -DMBAR_EARLY=1 -DNUM_EPI_WARPS=5 -DSNAKE_ORDER=0 -DSTAGGER_CYCLES=120 -DSUB_MMA_UNROLL=1 -DW0_LOOP_UNROLL=1 ... 2.667 ms / 1642 TFLOPS  (206 regs, 6.2s)
[186/270] -DINTERLEAVE_STRATEGY=1 -DK_LOOP_UNROLL=6 -DMBAR_EARLY=1 -DNUM_EPI_WARPS=5 -DSNAKE_ORDER=0 -DSTAGGER_CYCLES=120 -DSUB_MMA_UNROLL=1 -DW0_LOOP_UNROLL=4 ... 2.661 ms / 1646 TFLOPS  (217 regs, 6.2s)
[187/270] -DINTERLEAVE_STRATEGY=1 -DK_LOOP_UNROLL=6 -DMBAR_EARLY=1 -DNUM_EPI_WARPS=5 -DSNAKE_ORDER=0 -DSTAGGER_CYCLES=120 -DSUB_MMA_UNROLL=3 ... 2.748 ms / 1594 TFLOPS  (223 regs, 6.2s)
[188/270] -DINTERLEAVE_STRATEGY=1 -DK_LOOP_UNROLL=6 -DMBAR_EARLY=1 -DNUM_EPI_WARPS=5 -DSNAKE_ORDER=0 -DSTAGGER_CYCLES=120 -DSUB_MMA_UNROLL=3 -DW0_LOOP_UNROLL=1 ... 2.667 ms / 1642 TFLOPS  (212 regs, 6.1s)
[189/270] -DINTERLEAVE_STRATEGY=1 -DK_LOOP_UNROLL=6 -DMBAR_EARLY=1 -DNUM_EPI_WARPS=5 -DSNAKE_ORDER=0 -DSTAGGER_CYCLES=120 -DSUB_MMA_UNROLL=3 -DW0_LOOP_UNROLL=4 ... 2.707 ms / 1618 TFLOPS  (223 regs, 6.2s)
[190/270] -DINTERLEAVE_STRATEGY=1 -DK_LOOP_UNROLL=6 -DMBAR_EARLY=1 -DNUM_EPI_WARPS=5 -DSTAGGER_CYCLES=120 ... 2.768 ms / 1582 TFLOPS  (223 regs, 6.2s)
[191/270] -DINTERLEAVE_STRATEGY=1 -DK_LOOP_UNROLL=6 -DMBAR_EARLY=1 -DNUM_EPI_WARPS=5 -DSTAGGER_CYCLES=120 -DW0_LOOP_UNROLL=1 ... 2.668 ms / 1642 TFLOPS  (212 regs, 6.2s)
[192/270] -DINTERLEAVE_STRATEGY=1 -DK_LOOP_UNROLL=6 -DMBAR_EARLY=1 -DNUM_EPI_WARPS=5 -DSTAGGER_CYCLES=120 -DW0_LOOP_UNROLL=4 ... 2.707 ms / 1618 TFLOPS  (223 regs, 6.2s)
[193/270] -DINTERLEAVE_STRATEGY=1 -DK_LOOP_UNROLL=6 -DMBAR_EARLY=1 -DNUM_EPI_WARPS=5 -DSTAGGER_CYCLES=120 -DSUB_MMA_UNROLL=1 ... 2.677 ms / 1636 TFLOPS  (217 regs, 6.2s)
[194/270] -DINTERLEAVE_STRATEGY=1 -DK_LOOP_UNROLL=6 -DMBAR_EARLY=1 -DNUM_EPI_WARPS=5 -DSTAGGER_CYCLES=120 -DSUB_MMA_UNROLL=1 -DW0_LOOP_UNROLL=1 ... 2.672 ms / 1640 TFLOPS  (206 regs, 6.2s)
[195/270] -DINTERLEAVE_STRATEGY=1 -DK_LOOP_UNROLL=6 -DMBAR_EARLY=1 -DNUM_EPI_WARPS=5 -DSTAGGER_CYCLES=120 -DSUB_MMA_UNROLL=1 -DW0_LOOP_UNROLL=4 ... 2.657 ms / 1648 TFLOPS  (217 regs, 6.2s)
[196/270] -DINTERLEAVE_STRATEGY=1 -DK_LOOP_UNROLL=6 -DMBAR_EARLY=1 -DNUM_EPI_WARPS=5 -DSTAGGER_CYCLES=120 -DSUB_MMA_UNROLL=3 ... 2.767 ms / 1583 TFLOPS  (223 regs, 6.2s)
[197/270] -DINTERLEAVE_STRATEGY=1 -DK_LOOP_UNROLL=6 -DMBAR_EARLY=1 -DNUM_EPI_WARPS=5 -DSTAGGER_CYCLES=120 -DSUB_MMA_UNROLL=3 -DW0_LOOP_UNROLL=1 ... 2.667 ms / 1642 TFLOPS  (212 regs, 6.2s)
[198/270] -DINTERLEAVE_STRATEGY=1 -DK_LOOP_UNROLL=6 -DMBAR_EARLY=1 -DNUM_EPI_WARPS=5 -DSTAGGER_CYCLES=120 -DSUB_MMA_UNROLL=3 -DW0_LOOP_UNROLL=4 ... 2.704 ms / 1620 TFLOPS  (223 regs, 6.2s)
[199/270] -DINTERLEAVE_STRATEGY=1 -DK_LOOP_UNROLL=6 -DMBAR_EARLY=1 -DNUM_EPI_WARPS=5 -DPHASE1_UNROLL=4 -DSNAKE_ORDER=0 -DSTAGGER_CYCLES=120 ... 4.261 ms / 1028 TFLOPS  (232 regs, 6.5s)
[200/270] -DINTERLEAVE_STRATEGY=1 -DK_LOOP_UNROLL=6 -DMBAR_EARLY=1 -DNUM_EPI_WARPS=5 -DPHASE1_UNROLL=4 -DSNAKE_ORDER=0 -DSTAGGER_CYCLES=120 -DW0_LOOP_UNROLL=1 ... 4.094 ms / 1070 TFLOPS  (216 regs, 6.5s)
[201/270] -DINTERLEAVE_STRATEGY=1 -DK_LOOP_UNROLL=6 -DMBAR_EARLY=1 -DNUM_EPI_WARPS=5 -DPHASE1_UNROLL=4 -DSNAKE_ORDER=0 -DSTAGGER_CYCLES=120 -DW0_LOOP_UNROLL=4 ... 4.163 ms / 1052 TFLOPS  (232 regs, 6.5s)
[202/270] -DINTERLEAVE_STRATEGY=1 -DK_LOOP_UNROLL=6 -DMBAR_EARLY=1 -DNUM_EPI_WARPS=5 -DPHASE1_UNROLL=4 -DSNAKE_ORDER=0 -DSTAGGER_CYCLES=120 -DSUB_MMA_UNROLL=1 ... 4.093 ms / 1070 TFLOPS  (224 regs, 6.6s)
[203/270] -DINTERLEAVE_STRATEGY=1 -DK_LOOP_UNROLL=6 -DMBAR_EARLY=1 -DNUM_EPI_WARPS=5 -DPHASE1_UNROLL=4 -DSNAKE_ORDER=0 -DSTAGGER_CYCLES=120 -DSUB_MMA_UNROLL=1 -DW0_LOOP_UNROLL=1 ... 3.929 ms / 1115 TFLOPS  (207 regs, 6.5s)
[204/270] -DINTERLEAVE_STRATEGY=1 -DK_LOOP_UNROLL=6 -DMBAR_EARLY=1 -DNUM_EPI_WARPS=5 -DPHASE1_UNROLL=4 -DSNAKE_ORDER=0 -DSTAGGER_CYCLES=120 -DSUB_MMA_UNROLL=1 -DW0_LOOP_UNROLL=4 ... 4.042 ms / 1084 TFLOPS  (224 regs, 6.5s)
[205/270] -DINTERLEAVE_STRATEGY=1 -DK_LOOP_UNROLL=6 -DMBAR_EARLY=1 -DNUM_EPI_WARPS=5 -DPHASE1_UNROLL=4 -DSNAKE_ORDER=0 -DSTAGGER_CYCLES=120 -DSUB_MMA_UNROLL=3 ... 4.261 ms / 1028 TFLOPS  (232 regs, 6.6s)
[206/270] -DINTERLEAVE_STRATEGY=1 -DK_LOOP_UNROLL=6 -DMBAR_EARLY=1 -DNUM_EPI_WARPS=5 -DPHASE1_UNROLL=4 -DSNAKE_ORDER=0 -DSTAGGER_CYCLES=120 -DSUB_MMA_UNROLL=3 -DW0_LOOP_UNROLL=1 ... 4.095 ms / 1070 TFLOPS  (216 regs, 6.5s)
[207/270] -DINTERLEAVE_STRATEGY=1 -DK_LOOP_UNROLL=6 -DMBAR_EARLY=1 -DNUM_EPI_WARPS=5 -DPHASE1_UNROLL=4 -DSNAKE_ORDER=0 -DSTAGGER_CYCLES=120 -DSUB_MMA_UNROLL=3 -DW0_LOOP_UNROLL=4 ... 4.163 ms / 1052 TFLOPS  (232 regs, 6.4s)
[208/270] -DINTERLEAVE_STRATEGY=1 -DK_LOOP_UNROLL=6 -DMBAR_EARLY=1 -DNUM_EPI_WARPS=5 -DPHASE1_UNROLL=4 -DSTAGGER_CYCLES=120 ... 4.271 ms / 1026 TFLOPS  (232 regs, 6.5s)
[209/270] -DINTERLEAVE_STRATEGY=1 -DK_LOOP_UNROLL=6 -DMBAR_EARLY=1 -DNUM_EPI_WARPS=5 -DPHASE1_UNROLL=4 -DSTAGGER_CYCLES=120 -DW0_LOOP_UNROLL=1 ... 4.071 ms / 1076 TFLOPS  (216 regs, 6.5s)
[210/270] -DINTERLEAVE_STRATEGY=1 -DK_LOOP_UNROLL=6 -DMBAR_EARLY=1 -DNUM_EPI_WARPS=5 -DPHASE1_UNROLL=4 -DSTAGGER_CYCLES=120 -DW0_LOOP_UNROLL=4 ... 4.195 ms / 1044 TFLOPS  (232 regs, 6.5s)
[211/270] -DINTERLEAVE_STRATEGY=1 -DK_LOOP_UNROLL=6 -DMBAR_EARLY=1 -DNUM_EPI_WARPS=5 -DPHASE1_UNROLL=4 -DSTAGGER_CYCLES=120 -DSUB_MMA_UNROLL=1 ... 4.113 ms / 1065 TFLOPS  (224 regs, 6.5s)
[212/270] -DINTERLEAVE_STRATEGY=1 -DK_LOOP_UNROLL=6 -DMBAR_EARLY=1 -DNUM_EPI_WARPS=5 -DPHASE1_UNROLL=4 -DSTAGGER_CYCLES=120 -DSUB_MMA_UNROLL=1 -DW0_LOOP_UNROLL=1 ... 3.939 ms / 1112 TFLOPS  (207 regs, 6.5s)
[213/270] -DINTERLEAVE_STRATEGY=1 -DK_LOOP_UNROLL=6 -DMBAR_EARLY=1 -DNUM_EPI_WARPS=5 -DPHASE1_UNROLL=4 -DSTAGGER_CYCLES=120 -DSUB_MMA_UNROLL=1 -DW0_LOOP_UNROLL=4 ... 4.044 ms / 1083 TFLOPS  (224 regs, 6.5s)
[214/270] -DINTERLEAVE_STRATEGY=1 -DK_LOOP_UNROLL=6 -DMBAR_EARLY=1 -DNUM_EPI_WARPS=5 -DPHASE1_UNROLL=4 -DSTAGGER_CYCLES=120 -DSUB_MMA_UNROLL=3 ... 4.273 ms / 1025 TFLOPS  (232 regs, 6.5s)
[215/270] -DINTERLEAVE_STRATEGY=1 -DK_LOOP_UNROLL=6 -DMBAR_EARLY=1 -DNUM_EPI_WARPS=5 -DPHASE1_UNROLL=4 -DSTAGGER_CYCLES=120 -DSUB_MMA_UNROLL=3 -DW0_LOOP_UNROLL=1 ... 4.071 ms / 1076 TFLOPS  (216 regs, 6.5s)
[216/270] -DINTERLEAVE_STRATEGY=1 -DK_LOOP_UNROLL=6 -DMBAR_EARLY=1 -DNUM_EPI_WARPS=5 -DPHASE1_UNROLL=4 -DSTAGGER_CYCLES=120 -DSUB_MMA_UNROLL=3 -DW0_LOOP_UNROLL=4 ... 4.195 ms / 1044 TFLOPS  (232 regs, 6.6s)
[217/270] -DINTERLEAVE_STRATEGY=1 -DK_LOOP_UNROLL=8 -DMBAR_EARLY=1 -DNUM_EPI_WARPS=5 -DPHASE1_UNROLL=1 -DSNAKE_ORDER=0 -DSTAGGER_CYCLES=120 ... 2.763 ms / 1585 TFLOPS  (222 regs, 6.1s)
[218/270] -DINTERLEAVE_STRATEGY=1 -DK_LOOP_UNROLL=8 -DMBAR_EARLY=1 -DNUM_EPI_WARPS=5 -DPHASE1_UNROLL=1 -DSNAKE_ORDER=0 -DSTAGGER_CYCLES=120 -DW0_LOOP_UNROLL=1 ... 2.820 ms / 1553 TFLOPS  (203 regs, 6.0s)
[219/270] -DINTERLEAVE_STRATEGY=1 -DK_LOOP_UNROLL=8 -DMBAR_EARLY=1 -DNUM_EPI_WARPS=5 -DPHASE1_UNROLL=1 -DSNAKE_ORDER=0 -DSTAGGER_CYCLES=120 -DW0_LOOP_UNROLL=4 ... 2.802 ms / 1563 TFLOPS  (219 regs, 6.0s)
[220/270] -DINTERLEAVE_STRATEGY=1 -DK_LOOP_UNROLL=8 -DMBAR_EARLY=1 -DNUM_EPI_WARPS=5 -DPHASE1_UNROLL=1 -DSNAKE_ORDER=0 -DSTAGGER_CYCLES=120 -DSUB_MMA_UNROLL=1 ... 2.804 ms / 1562 TFLOPS  (175 regs, 6.0s)
[221/270] -DINTERLEAVE_STRATEGY=1 -DK_LOOP_UNROLL=8 -DMBAR_EARLY=1 -DNUM_EPI_WARPS=5 -DPHASE1_UNROLL=1 -DSNAKE_ORDER=0 -DSTAGGER_CYCLES=120 -DSUB_MMA_UNROLL=1 -DW0_LOOP_UNROLL=1 ... 2.807 ms / 1560 TFLOPS  (159 regs, 6.0s)
[222/270] -DINTERLEAVE_STRATEGY=1 -DK_LOOP_UNROLL=8 -DMBAR_EARLY=1 -DNUM_EPI_WARPS=5 -DPHASE1_UNROLL=1 -DSNAKE_ORDER=0 -DSTAGGER_CYCLES=120 -DSUB_MMA_UNROLL=1 -DW0_LOOP_UNROLL=4 ... 2.805 ms / 1562 TFLOPS  (175 regs, 6.0s)
[223/270] -DINTERLEAVE_STRATEGY=1 -DK_LOOP_UNROLL=8 -DMBAR_EARLY=1 -DNUM_EPI_WARPS=5 -DPHASE1_UNROLL=1 -DSNAKE_ORDER=0 -DSTAGGER_CYCLES=120 -DSUB_MMA_UNROLL=3 ... 2.774 ms / 1579 TFLOPS  (222 regs, 6.0s)
[224/270] -DINTERLEAVE_STRATEGY=1 -DK_LOOP_UNROLL=8 -DMBAR_EARLY=1 -DNUM_EPI_WARPS=5 -DPHASE1_UNROLL=1 -DSNAKE_ORDER=0 -DSTAGGER_CYCLES=120 -DSUB_MMA_UNROLL=3 -DW0_LOOP_UNROLL=1 ... 2.821 ms / 1552 TFLOPS  (203 regs, 6.0s)
[225/270] -DINTERLEAVE_STRATEGY=1 -DK_LOOP_UNROLL=8 -DMBAR_EARLY=1 -DNUM_EPI_WARPS=5 -DPHASE1_UNROLL=1 -DSNAKE_ORDER=0 -DSTAGGER_CYCLES=120 -DSUB_MMA_UNROLL=3 -DW0_LOOP_UNROLL=4 ... 2.802 ms / 1563 TFLOPS  (219 regs, 6.0s)
[226/270] -DINTERLEAVE_STRATEGY=1 -DK_LOOP_UNROLL=8 -DMBAR_EARLY=1 -DNUM_EPI_WARPS=5 -DPHASE1_UNROLL=1 -DSTAGGER_CYCLES=120 ... 2.738 ms / 1600 TFLOPS  (222 regs, 6.0s)
[227/270] -DINTERLEAVE_STRATEGY=1 -DK_LOOP_UNROLL=8 -DMBAR_EARLY=1 -DNUM_EPI_WARPS=5 -DPHASE1_UNROLL=1 -DSTAGGER_CYCLES=120 -DW0_LOOP_UNROLL=1 ... 2.791 ms / 1569 TFLOPS  (203 regs, 6.1s)
[228/270] -DINTERLEAVE_STRATEGY=1 -DK_LOOP_UNROLL=8 -DMBAR_EARLY=1 -DNUM_EPI_WARPS=5 -DPHASE1_UNROLL=1 -DSTAGGER_CYCLES=120 -DW0_LOOP_UNROLL=4 ... 2.788 ms / 1571 TFLOPS  (219 regs, 6.0s)
[229/270] -DINTERLEAVE_STRATEGY=1 -DK_LOOP_UNROLL=8 -DMBAR_EARLY=1 -DNUM_EPI_WARPS=5 -DPHASE1_UNROLL=1 -DSTAGGER_CYCLES=120 -DSUB_MMA_UNROLL=1 ... 2.770 ms / 1581 TFLOPS  (175 regs, 6.0s)
[230/270] -DINTERLEAVE_STRATEGY=1 -DK_LOOP_UNROLL=8 -DMBAR_EARLY=1 -DNUM_EPI_WARPS=5 -DPHASE1_UNROLL=1 -DSTAGGER_CYCLES=120 -DSUB_MMA_UNROLL=1 -DW0_LOOP_UNROLL=1 ... 2.730 ms / 1604 TFLOPS  (159 regs, 5.9s)
[231/270] -DINTERLEAVE_STRATEGY=1 -DK_LOOP_UNROLL=8 -DMBAR_EARLY=1 -DNUM_EPI_WARPS=5 -DPHASE1_UNROLL=1 -DSTAGGER_CYCLES=120 -DSUB_MMA_UNROLL=1 -DW0_LOOP_UNROLL=4 ... 2.771 ms / 1581 TFLOPS  (175 regs, 6.1s)
[232/270] -DINTERLEAVE_STRATEGY=1 -DK_LOOP_UNROLL=8 -DMBAR_EARLY=1 -DNUM_EPI_WARPS=5 -DPHASE1_UNROLL=1 -DSTAGGER_CYCLES=120 -DSUB_MMA_UNROLL=3 ... 2.738 ms / 1600 TFLOPS  (222 regs, 6.0s)
[233/270] -DINTERLEAVE_STRATEGY=1 -DK_LOOP_UNROLL=8 -DMBAR_EARLY=1 -DNUM_EPI_WARPS=5 -DPHASE1_UNROLL=1 -DSTAGGER_CYCLES=120 -DSUB_MMA_UNROLL=3 -DW0_LOOP_UNROLL=1 ... 2.791 ms / 1569 TFLOPS  (203 regs, 5.9s)
[234/270] -DINTERLEAVE_STRATEGY=1 -DK_LOOP_UNROLL=8 -DMBAR_EARLY=1 -DNUM_EPI_WARPS=5 -DPHASE1_UNROLL=1 -DSTAGGER_CYCLES=120 -DSUB_MMA_UNROLL=3 -DW0_LOOP_UNROLL=4 ... 2.788 ms / 1571 TFLOPS  (219 regs, 6.1s)
[235/270] -DINTERLEAVE_STRATEGY=1 -DK_LOOP_UNROLL=8 -DMBAR_EARLY=1 -DNUM_EPI_WARPS=5 -DSNAKE_ORDER=0 -DSTAGGER_CYCLES=120 ... 2.620 ms / 1672 TFLOPS  (245 regs, 6.1s)
[236/270] -DINTERLEAVE_STRATEGY=1 -DK_LOOP_UNROLL=8 -DMBAR_EARLY=1 -DNUM_EPI_WARPS=5 -DSNAKE_ORDER=0 -DSTAGGER_CYCLES=120 -DW0_LOOP_UNROLL=1 ... 2.654 ms / 1650 TFLOPS  (241 regs, 6.1s)
[237/270] -DINTERLEAVE_STRATEGY=1 -DK_LOOP_UNROLL=8 -DMBAR_EARLY=1 -DNUM_EPI_WARPS=5 -DSNAKE_ORDER=0 -DSTAGGER_CYCLES=120 -DW0_LOOP_UNROLL=4 ... 2.594 ms / 1688 TFLOPS  (245 regs, 6.1s)
[238/270] -DINTERLEAVE_STRATEGY=1 -DK_LOOP_UNROLL=8 -DMBAR_EARLY=1 -DNUM_EPI_WARPS=5 -DSNAKE_ORDER=0 -DSTAGGER_CYCLES=120 -DSUB_MMA_UNROLL=1 ... 2.671 ms / 1640 TFLOPS  (217 regs, 6.2s)
[239/270] -DINTERLEAVE_STRATEGY=1 -DK_LOOP_UNROLL=8 -DMBAR_EARLY=1 -DNUM_EPI_WARPS=5 -DSNAKE_ORDER=0 -DSTAGGER_CYCLES=120 -DSUB_MMA_UNROLL=1 -DW0_LOOP_UNROLL=1 ... 2.666 ms / 1643 TFLOPS  (206 regs, 6.2s)
[240/270] -DINTERLEAVE_STRATEGY=1 -DK_LOOP_UNROLL=8 -DMBAR_EARLY=1 -DNUM_EPI_WARPS=5 -DSNAKE_ORDER=0 -DSTAGGER_CYCLES=120 -DSUB_MMA_UNROLL=1 -DW0_LOOP_UNROLL=4 ... 2.658 ms / 1648 TFLOPS  (217 regs, 6.2s)
[241/270] -DINTERLEAVE_STRATEGY=1 -DK_LOOP_UNROLL=8 -DMBAR_EARLY=1 -DNUM_EPI_WARPS=5 -DSNAKE_ORDER=0 -DSTAGGER_CYCLES=120 -DSUB_MMA_UNROLL=3 ... 2.619 ms / 1672 TFLOPS  (245 regs, 6.2s)
[242/270] -DINTERLEAVE_STRATEGY=1 -DK_LOOP_UNROLL=8 -DMBAR_EARLY=1 -DNUM_EPI_WARPS=5 -DSNAKE_ORDER=0 -DSTAGGER_CYCLES=120 -DSUB_MMA_UNROLL=3 -DW0_LOOP_UNROLL=1 ... 2.653 ms / 1651 TFLOPS  (241 regs, 6.2s)
[243/270] -DINTERLEAVE_STRATEGY=1 -DK_LOOP_UNROLL=8 -DMBAR_EARLY=1 -DNUM_EPI_WARPS=5 -DSNAKE_ORDER=0 -DSTAGGER_CYCLES=120 -DSUB_MMA_UNROLL=3 -DW0_LOOP_UNROLL=4 ... 2.593 ms / 1689 TFLOPS  (245 regs, 6.0s)
[244/270] -DINTERLEAVE_STRATEGY=1 -DK_LOOP_UNROLL=8 -DMBAR_EARLY=1 -DNUM_EPI_WARPS=5 -DSTAGGER_CYCLES=120 ... 2.617 ms / 1674 TFLOPS  (245 regs, 6.0s)
[245/270] -DINTERLEAVE_STRATEGY=1 -DK_LOOP_UNROLL=8 -DMBAR_EARLY=1 -DNUM_EPI_WARPS=5 -DSTAGGER_CYCLES=120 -DW0_LOOP_UNROLL=1 ... 2.648 ms / 1654 TFLOPS  (241 regs, 5.9s)
[246/270] -DINTERLEAVE_STRATEGY=1 -DK_LOOP_UNROLL=8 -DMBAR_EARLY=1 -DNUM_EPI_WARPS=5 -DSTAGGER_CYCLES=120 -DW0_LOOP_UNROLL=4 ... 2.590 ms / 1691 TFLOPS  (245 regs, 6.0s)
[247/270] -DINTERLEAVE_STRATEGY=1 -DK_LOOP_UNROLL=8 -DMBAR_EARLY=1 -DNUM_EPI_WARPS=5 -DSTAGGER_CYCLES=120 -DSUB_MMA_UNROLL=1 ... 2.679 ms / 1635 TFLOPS  (217 regs, 6.0s)
[248/270] -DINTERLEAVE_STRATEGY=1 -DK_LOOP_UNROLL=8 -DMBAR_EARLY=1 -DNUM_EPI_WARPS=5 -DSTAGGER_CYCLES=120 -DSUB_MMA_UNROLL=1 -DW0_LOOP_UNROLL=1 ... 2.670 ms / 1641 TFLOPS  (206 regs, 6.2s)
[249/270] -DINTERLEAVE_STRATEGY=1 -DK_LOOP_UNROLL=8 -DMBAR_EARLY=1 -DNUM_EPI_WARPS=5 -DSTAGGER_CYCLES=120 -DSUB_MMA_UNROLL=1 -DW0_LOOP_UNROLL=4 ... 2.655 ms / 1650 TFLOPS  (217 regs, 6.1s)
[250/270] -DINTERLEAVE_STRATEGY=1 -DK_LOOP_UNROLL=8 -DMBAR_EARLY=1 -DNUM_EPI_WARPS=5 -DSTAGGER_CYCLES=120 -DSUB_MMA_UNROLL=3 ... 2.618 ms / 1673 TFLOPS  (245 regs, 6.1s)
[251/270] -DINTERLEAVE_STRATEGY=1 -DK_LOOP_UNROLL=8 -DMBAR_EARLY=1 -DNUM_EPI_WARPS=5 -DSTAGGER_CYCLES=120 -DSUB_MMA_UNROLL=3 -DW0_LOOP_UNROLL=1 ... 2.649 ms / 1654 TFLOPS  (241 regs, 6.2s)
[252/270] -DINTERLEAVE_STRATEGY=1 -DK_LOOP_UNROLL=8 -DMBAR_EARLY=1 -DNUM_EPI_WARPS=5 -DSTAGGER_CYCLES=120 -DSUB_MMA_UNROLL=3 -DW0_LOOP_UNROLL=4 ... 2.590 ms / 1691 TFLOPS  (245 regs, 6.2s)
[253/270] -DINTERLEAVE_STRATEGY=1 -DK_LOOP_UNROLL=8 -DMBAR_EARLY=1 -DNUM_EPI_WARPS=5 -DPHASE1_UNROLL=4 -DSNAKE_ORDER=0 -DSTAGGER_CYCLES=120 ... 4.201 ms / 1043 TFLOPS  (244 regs, 6.5s)
[254/270] -DINTERLEAVE_STRATEGY=1 -DK_LOOP_UNROLL=8 -DMBAR_EARLY=1 -DNUM_EPI_WARPS=5 -DPHASE1_UNROLL=4 -DSNAKE_ORDER=0 -DSTAGGER_CYCLES=120 -DW0_LOOP_UNROLL=1 ... 4.023 ms / 1089 TFLOPS  (241 regs, 6.5s)
[255/270] -DINTERLEAVE_STRATEGY=1 -DK_LOOP_UNROLL=8 -DMBAR_EARLY=1 -DNUM_EPI_WARPS=5 -DPHASE1_UNROLL=4 -DSNAKE_ORDER=0 -DSTAGGER_CYCLES=120 -DW0_LOOP_UNROLL=4 ... 4.157 ms / 1054 TFLOPS  (244 regs, 6.5s)
[256/270] -DINTERLEAVE_STRATEGY=1 -DK_LOOP_UNROLL=8 -DMBAR_EARLY=1 -DNUM_EPI_WARPS=5 -DPHASE1_UNROLL=4 -DSNAKE_ORDER=0 -DSTAGGER_CYCLES=120 -DSUB_MMA_UNROLL=1 ... 4.090 ms / 1071 TFLOPS  (224 regs, 6.5s)
[257/270] -DINTERLEAVE_STRATEGY=1 -DK_LOOP_UNROLL=8 -DMBAR_EARLY=1 -DNUM_EPI_WARPS=5 -DPHASE1_UNROLL=4 -DSNAKE_ORDER=0 -DSTAGGER_CYCLES=120 -DSUB_MMA_UNROLL=1 -DW0_LOOP_UNROLL=1 ... 3.928 ms / 1115 TFLOPS  (207 regs, 6.4s)
[258/270] -DINTERLEAVE_STRATEGY=1 -DK_LOOP_UNROLL=8 -DMBAR_EARLY=1 -DNUM_EPI_WARPS=5 -DPHASE1_UNROLL=4 -DSNAKE_ORDER=0 -DSTAGGER_CYCLES=120 -DSUB_MMA_UNROLL=1 -DW0_LOOP_UNROLL=4 ... 4.040 ms / 1084 TFLOPS  (224 regs, 6.6s)
[259/270] -DINTERLEAVE_STRATEGY=1 -DK_LOOP_UNROLL=8 -DMBAR_EARLY=1 -DNUM_EPI_WARPS=5 -DPHASE1_UNROLL=4 -DSNAKE_ORDER=0 -DSTAGGER_CYCLES=120 -DSUB_MMA_UNROLL=3 ... 4.200 ms / 1043 TFLOPS  (244 regs, 6.5s)
[260/270] -DINTERLEAVE_STRATEGY=1 -DK_LOOP_UNROLL=8 -DMBAR_EARLY=1 -DNUM_EPI_WARPS=5 -DPHASE1_UNROLL=4 -DSNAKE_ORDER=0 -DSTAGGER_CYCLES=120 -DSUB_MMA_UNROLL=3 -DW0_LOOP_UNROLL=1 ... 4.022 ms / 1089 TFLOPS  (241 regs, 6.5s)
[261/270] -DINTERLEAVE_STRATEGY=1 -DK_LOOP_UNROLL=8 -DMBAR_EARLY=1 -DNUM_EPI_WARPS=5 -DPHASE1_UNROLL=4 -DSNAKE_ORDER=0 -DSTAGGER_CYCLES=120 -DSUB_MMA_UNROLL=3 -DW0_LOOP_UNROLL=4 ... 4.159 ms / 1053 TFLOPS  (244 regs, 6.5s)
[262/270] -DINTERLEAVE_STRATEGY=1 -DK_LOOP_UNROLL=8 -DMBAR_EARLY=1 -DNUM_EPI_WARPS=5 -DPHASE1_UNROLL=4 -DSTAGGER_CYCLES=120 ... 4.206 ms / 1041 TFLOPS  (244 regs, 6.5s)
[263/270] -DINTERLEAVE_STRATEGY=1 -DK_LOOP_UNROLL=8 -DMBAR_EARLY=1 -DNUM_EPI_WARPS=5 -DPHASE1_UNROLL=4 -DSTAGGER_CYCLES=120 -DW0_LOOP_UNROLL=1 ... 4.045 ms / 1083 TFLOPS  (241 regs, 6.5s)
[264/270] -DINTERLEAVE_STRATEGY=1 -DK_LOOP_UNROLL=8 -DMBAR_EARLY=1 -DNUM_EPI_WARPS=5 -DPHASE1_UNROLL=4 -DSTAGGER_CYCLES=120 -DW0_LOOP_UNROLL=4 ... 4.154 ms / 1054 TFLOPS  (244 regs, 6.5s)
[265/270] -DINTERLEAVE_STRATEGY=1 -DK_LOOP_UNROLL=8 -DMBAR_EARLY=1 -DNUM_EPI_WARPS=5 -DPHASE1_UNROLL=4 -DSTAGGER_CYCLES=120 -DSUB_MMA_UNROLL=1 ... 4.112 ms / 1065 TFLOPS  (224 regs, 6.4s)
[266/270] -DINTERLEAVE_STRATEGY=1 -DK_LOOP_UNROLL=8 -DMBAR_EARLY=1 -DNUM_EPI_WARPS=5 -DPHASE1_UNROLL=4 -DSTAGGER_CYCLES=120 -DSUB_MMA_UNROLL=1 -DW0_LOOP_UNROLL=1 ... 3.941 ms / 1111 TFLOPS  (207 regs, 6.5s)
[267/270] -DINTERLEAVE_STRATEGY=1 -DK_LOOP_UNROLL=8 -DMBAR_EARLY=1 -DNUM_EPI_WARPS=5 -DPHASE1_UNROLL=4 -DSTAGGER_CYCLES=120 -DSUB_MMA_UNROLL=1 -DW0_LOOP_UNROLL=4 ... 4.043 ms / 1083 TFLOPS  (224 regs, 6.5s)
[268/270] -DINTERLEAVE_STRATEGY=1 -DK_LOOP_UNROLL=8 -DMBAR_EARLY=1 -DNUM_EPI_WARPS=5 -DPHASE1_UNROLL=4 -DSTAGGER_CYCLES=120 -DSUB_MMA_UNROLL=3 ... 4.208 ms / 1041 TFLOPS  (244 regs, 6.4s)
[269/270] -DINTERLEAVE_STRATEGY=1 -DK_LOOP_UNROLL=8 -DMBAR_EARLY=1 -DNUM_EPI_WARPS=5 -DPHASE1_UNROLL=4 -DSTAGGER_CYCLES=120 -DSUB_MMA_UNROLL=3 -DW0_LOOP_UNROLL=1 ... 4.046 ms / 1083 TFLOPS  (241 regs, 6.6s)
[270/270] -DINTERLEAVE_STRATEGY=1 -DK_LOOP_UNROLL=8 -DMBAR_EARLY=1 -DNUM_EPI_WARPS=5 -DPHASE1_UNROLL=4 -DSTAGGER_CYCLES=120 -DSUB_MMA_UNROLL=3 -DW0_LOOP_UNROLL=4 ... 4.155 ms / 1054 TFLOPS  (244 regs, 6.6s)
  Branch 3/3: -DINTERLEAVE_STRATEGY=1 -DMBAR_EARLY=1 -DNUM_EPI_WARPS=5 -DSTAGGER_CYCLES=200
Sweep: 540 total, 270 valid, 270 pruned
Estimated time: ~22 min (270 configs × ~5s each)

[1/270] -DINTERLEAVE_STRATEGY=1 -DK_LOOP_UNROLL=1 -DMBAR_EARLY=1 -DNUM_EPI_WARPS=5 -DPHASE1_UNROLL=1 -DSNAKE_ORDER=0 -DSTAGGER_CYCLES=200 ... 2.863 ms / 1530 TFLOPS  (171 regs, 6.0s)
[2/270] -DINTERLEAVE_STRATEGY=1 -DK_LOOP_UNROLL=1 -DMBAR_EARLY=1 -DNUM_EPI_WARPS=5 -DPHASE1_UNROLL=1 -DSNAKE_ORDER=0 -DSTAGGER_CYCLES=200 -DW0_LOOP_UNROLL=1 ... 2.822 ms / 1552 TFLOPS  (154 regs, 6.0s)
[3/270] -DINTERLEAVE_STRATEGY=1 -DK_LOOP_UNROLL=1 -DMBAR_EARLY=1 -DNUM_EPI_WARPS=5 -DPHASE1_UNROLL=1 -DSNAKE_ORDER=0 -DSTAGGER_CYCLES=200 -DW0_LOOP_UNROLL=4 ... 2.858 ms / 1533 TFLOPS  (171 regs, 5.8s)
[4/270] -DINTERLEAVE_STRATEGY=1 -DK_LOOP_UNROLL=1 -DMBAR_EARLY=1 -DNUM_EPI_WARPS=5 -DPHASE1_UNROLL=1 -DSNAKE_ORDER=0 -DSTAGGER_CYCLES=200 -DSUB_MMA_UNROLL=1 ... 2.801 ms / 1564 TFLOPS  (163 regs, 6.0s)
[5/270] -DINTERLEAVE_STRATEGY=1 -DK_LOOP_UNROLL=1 -DMBAR_EARLY=1 -DNUM_EPI_WARPS=5 -DPHASE1_UNROLL=1 -DSNAKE_ORDER=0 -DSTAGGER_CYCLES=200 -DSUB_MMA_UNROLL=1 -DW0_LOOP_UNROLL=1 ... 2.824 ms / 1551 TFLOPS  (147 regs, 6.0s)
[6/270] -DINTERLEAVE_STRATEGY=1 -DK_LOOP_UNROLL=1 -DMBAR_EARLY=1 -DNUM_EPI_WARPS=5 -DPHASE1_UNROLL=1 -DSNAKE_ORDER=0 -DSTAGGER_CYCLES=200 -DSUB_MMA_UNROLL=1 -DW0_LOOP_UNROLL=4 ... 2.796 ms / 1566 TFLOPS  (163 regs, 5.7s)
[7/270] -DINTERLEAVE_STRATEGY=1 -DK_LOOP_UNROLL=1 -DMBAR_EARLY=1 -DNUM_EPI_WARPS=5 -DPHASE1_UNROLL=1 -DSNAKE_ORDER=0 -DSTAGGER_CYCLES=200 -DSUB_MMA_UNROLL=3 ... 2.858 ms / 1533 TFLOPS  (171 regs, 5.9s)
[8/270] -DINTERLEAVE_STRATEGY=1 -DK_LOOP_UNROLL=1 -DMBAR_EARLY=1 -DNUM_EPI_WARPS=5 -DPHASE1_UNROLL=1 -DSNAKE_ORDER=0 -DSTAGGER_CYCLES=200 -DSUB_MMA_UNROLL=3 -DW0_LOOP_UNROLL=1 ... 2.827 ms / 1549 TFLOPS  (154 regs, 5.7s)
[9/270] -DINTERLEAVE_STRATEGY=1 -DK_LOOP_UNROLL=1 -DMBAR_EARLY=1 -DNUM_EPI_WARPS=5 -DPHASE1_UNROLL=1 -DSNAKE_ORDER=0 -DSTAGGER_CYCLES=200 -DSUB_MMA_UNROLL=3 -DW0_LOOP_UNROLL=4 ... 2.851 ms / 1536 TFLOPS  (171 regs, 5.9s)
[10/270] -DINTERLEAVE_STRATEGY=1 -DK_LOOP_UNROLL=1 -DMBAR_EARLY=1 -DNUM_EPI_WARPS=5 -DPHASE1_UNROLL=1 -DSTAGGER_CYCLES=200 ... 2.807 ms / 1561 TFLOPS  (171 regs, 5.9s)
[11/270] -DINTERLEAVE_STRATEGY=1 -DK_LOOP_UNROLL=1 -DMBAR_EARLY=1 -DNUM_EPI_WARPS=5 -DPHASE1_UNROLL=1 -DSTAGGER_CYCLES=200 -DW0_LOOP_UNROLL=1 ... 2.754 ms / 1590 TFLOPS  (154 regs, 6.0s)
[12/270] -DINTERLEAVE_STRATEGY=1 -DK_LOOP_UNROLL=1 -DMBAR_EARLY=1 -DNUM_EPI_WARPS=5 -DPHASE1_UNROLL=1 -DSTAGGER_CYCLES=200 -DW0_LOOP_UNROLL=4 ... 2.802 ms / 1563 TFLOPS  (171 regs, 5.8s)
[13/270] -DINTERLEAVE_STRATEGY=1 -DK_LOOP_UNROLL=1 -DMBAR_EARLY=1 -DNUM_EPI_WARPS=5 -DPHASE1_UNROLL=1 -DSTAGGER_CYCLES=200 -DSUB_MMA_UNROLL=1 ... 2.893 ms / 1514 TFLOPS  (163 regs, 5.7s)
[14/270] -DINTERLEAVE_STRATEGY=1 -DK_LOOP_UNROLL=1 -DMBAR_EARLY=1 -DNUM_EPI_WARPS=5 -DPHASE1_UNROLL=1 -DSTAGGER_CYCLES=200 -DSUB_MMA_UNROLL=1 -DW0_LOOP_UNROLL=1 ... 2.901 ms / 1510 TFLOPS  (147 regs, 6.0s)
[15/270] -DINTERLEAVE_STRATEGY=1 -DK_LOOP_UNROLL=1 -DMBAR_EARLY=1 -DNUM_EPI_WARPS=5 -DPHASE1_UNROLL=1 -DSTAGGER_CYCLES=200 -DSUB_MMA_UNROLL=1 -DW0_LOOP_UNROLL=4 ... 2.916 ms / 1502 TFLOPS  (163 regs, 5.7s)
[16/270] -DINTERLEAVE_STRATEGY=1 -DK_LOOP_UNROLL=1 -DMBAR_EARLY=1 -DNUM_EPI_WARPS=5 -DPHASE1_UNROLL=1 -DSTAGGER_CYCLES=200 -DSUB_MMA_UNROLL=3 ... 2.803 ms / 1563 TFLOPS  (171 regs, 5.8s)
[17/270] -DINTERLEAVE_STRATEGY=1 -DK_LOOP_UNROLL=1 -DMBAR_EARLY=1 -DNUM_EPI_WARPS=5 -DPHASE1_UNROLL=1 -DSTAGGER_CYCLES=200 -DSUB_MMA_UNROLL=3 -DW0_LOOP_UNROLL=1 ... 2.742 ms / 1597 TFLOPS  (154 regs, 6.0s)
[18/270] -DINTERLEAVE_STRATEGY=1 -DK_LOOP_UNROLL=1 -DMBAR_EARLY=1 -DNUM_EPI_WARPS=5 -DPHASE1_UNROLL=1 -DSTAGGER_CYCLES=200 -DSUB_MMA_UNROLL=3 -DW0_LOOP_UNROLL=4 ... 2.806 ms / 1561 TFLOPS  (171 regs, 6.0s)
[19/270] -DINTERLEAVE_STRATEGY=1 -DK_LOOP_UNROLL=1 -DMBAR_EARLY=1 -DNUM_EPI_WARPS=5 -DSNAKE_ORDER=0 -DSTAGGER_CYCLES=200 ... 2.675 ms / 1638 TFLOPS  (213 regs, 6.4s)
[20/270] -DINTERLEAVE_STRATEGY=1 -DK_LOOP_UNROLL=1 -DMBAR_EARLY=1 -DNUM_EPI_WARPS=5 -DSNAKE_ORDER=0 -DSTAGGER_CYCLES=200 -DW0_LOOP_UNROLL=1 ... 2.670 ms / 1641 TFLOPS  (197 regs, 6.1s)
[21/270] -DINTERLEAVE_STRATEGY=1 -DK_LOOP_UNROLL=1 -DMBAR_EARLY=1 -DNUM_EPI_WARPS=5 -DSNAKE_ORDER=0 -DSTAGGER_CYCLES=200 -DW0_LOOP_UNROLL=4 ... 2.682 ms / 1633 TFLOPS  (213 regs, 6.2s)
[22/270] -DINTERLEAVE_STRATEGY=1 -DK_LOOP_UNROLL=1 -DMBAR_EARLY=1 -DNUM_EPI_WARPS=5 -DSNAKE_ORDER=0 -DSTAGGER_CYCLES=200 -DSUB_MMA_UNROLL=1 ... 2.640 ms / 1659 TFLOPS  (209 regs, 5.9s)
[23/270] -DINTERLEAVE_STRATEGY=1 -DK_LOOP_UNROLL=1 -DMBAR_EARLY=1 -DNUM_EPI_WARPS=5 -DSNAKE_ORDER=0 -DSTAGGER_CYCLES=200 -DSUB_MMA_UNROLL=1 -DW0_LOOP_UNROLL=1 ... 2.718 ms / 1612 TFLOPS  (190 regs, 6.1s)
[24/270] -DINTERLEAVE_STRATEGY=1 -DK_LOOP_UNROLL=1 -DMBAR_EARLY=1 -DNUM_EPI_WARPS=5 -DSNAKE_ORDER=0 -DSTAGGER_CYCLES=200 -DSUB_MMA_UNROLL=1 -DW0_LOOP_UNROLL=4 ... 2.670 ms / 1641 TFLOPS  (209 regs, 6.0s)
[25/270] -DINTERLEAVE_STRATEGY=1 -DK_LOOP_UNROLL=1 -DMBAR_EARLY=1 -DNUM_EPI_WARPS=5 -DSNAKE_ORDER=0 -DSTAGGER_CYCLES=200 -DSUB_MMA_UNROLL=3 ... 2.675 ms / 1638 TFLOPS  (213 regs, 6.1s)
[26/270] -DINTERLEAVE_STRATEGY=1 -DK_LOOP_UNROLL=1 -DMBAR_EARLY=1 -DNUM_EPI_WARPS=5 -DSNAKE_ORDER=0 -DSTAGGER_CYCLES=200 -DSUB_MMA_UNROLL=3 -DW0_LOOP_UNROLL=1 ... 2.666 ms / 1643 TFLOPS  (197 regs, 6.0s)
[27/270] -DINTERLEAVE_STRATEGY=1 -DK_LOOP_UNROLL=1 -DMBAR_EARLY=1 -DNUM_EPI_WARPS=5 -DSNAKE_ORDER=0 -DSTAGGER_CYCLES=200 -DSUB_MMA_UNROLL=3 -DW0_LOOP_UNROLL=4 ... 2.688 ms / 1630 TFLOPS  (213 regs, 6.2s)
[28/270] -DINTERLEAVE_STRATEGY=1 -DK_LOOP_UNROLL=1 -DMBAR_EARLY=1 -DNUM_EPI_WARPS=5 -DSTAGGER_CYCLES=200 ... 2.674 ms / 1638 TFLOPS  (213 regs, 6.2s)
[29/270] -DINTERLEAVE_STRATEGY=1 -DK_LOOP_UNROLL=1 -DMBAR_EARLY=1 -DNUM_EPI_WARPS=5 -DSTAGGER_CYCLES=200 -DW0_LOOP_UNROLL=1 ... 2.648 ms / 1654 TFLOPS  (197 regs, 6.2s)
[30/270] -DINTERLEAVE_STRATEGY=1 -DK_LOOP_UNROLL=1 -DMBAR_EARLY=1 -DNUM_EPI_WARPS=5 -DSTAGGER_CYCLES=200 -DW0_LOOP_UNROLL=4 ... 2.683 ms / 1632 TFLOPS  (213 regs, 6.0s)
[31/270] -DINTERLEAVE_STRATEGY=1 -DK_LOOP_UNROLL=1 -DMBAR_EARLY=1 -DNUM_EPI_WARPS=5 -DSTAGGER_CYCLES=200 -DSUB_MMA_UNROLL=1 ... 2.685 ms / 1631 TFLOPS  (209 regs, 6.2s)
[32/270] -DINTERLEAVE_STRATEGY=1 -DK_LOOP_UNROLL=1 -DMBAR_EARLY=1 -DNUM_EPI_WARPS=5 -DSTAGGER_CYCLES=200 -DSUB_MMA_UNROLL=1 -DW0_LOOP_UNROLL=1 ... 2.714 ms / 1614 TFLOPS  (190 regs, 6.1s)
[33/270] -DINTERLEAVE_STRATEGY=1 -DK_LOOP_UNROLL=1 -DMBAR_EARLY=1 -DNUM_EPI_WARPS=5 -DSTAGGER_CYCLES=200 -DSUB_MMA_UNROLL=1 -DW0_LOOP_UNROLL=4 ... 2.708 ms / 1618 TFLOPS  (209 regs, 6.2s)
[34/270] -DINTERLEAVE_STRATEGY=1 -DK_LOOP_UNROLL=1 -DMBAR_EARLY=1 -DNUM_EPI_WARPS=5 -DSTAGGER_CYCLES=200 -DSUB_MMA_UNROLL=3 ... 2.666 ms / 1643 TFLOPS  (213 regs, 6.1s)
[35/270] -DINTERLEAVE_STRATEGY=1 -DK_LOOP_UNROLL=1 -DMBAR_EARLY=1 -DNUM_EPI_WARPS=5 -DSTAGGER_CYCLES=200 -DSUB_MMA_UNROLL=3 -DW0_LOOP_UNROLL=1 ... 2.661 ms / 1646 TFLOPS  (197 regs, 6.2s)
[36/270] -DINTERLEAVE_STRATEGY=1 -DK_LOOP_UNROLL=1 -DMBAR_EARLY=1 -DNUM_EPI_WARPS=5 -DSTAGGER_CYCLES=200 -DSUB_MMA_UNROLL=3 -DW0_LOOP_UNROLL=4 ... 2.680 ms / 1635 TFLOPS  (213 regs, 6.2s)
[37/270] -DINTERLEAVE_STRATEGY=1 -DK_LOOP_UNROLL=1 -DMBAR_EARLY=1 -DNUM_EPI_WARPS=5 -DPHASE1_UNROLL=4 -DSNAKE_ORDER=0 -DSTAGGER_CYCLES=200 ... 4.001 ms / 1095 TFLOPS  (220 regs, 6.5s)
[38/270] -DINTERLEAVE_STRATEGY=1 -DK_LOOP_UNROLL=1 -DMBAR_EARLY=1 -DNUM_EPI_WARPS=5 -DPHASE1_UNROLL=4 -DSNAKE_ORDER=0 -DSTAGGER_CYCLES=200 -DW0_LOOP_UNROLL=1 ... 3.768 ms / 1162 TFLOPS  (200 regs, 6.5s)
[39/270] -DINTERLEAVE_STRATEGY=1 -DK_LOOP_UNROLL=1 -DMBAR_EARLY=1 -DNUM_EPI_WARPS=5 -DPHASE1_UNROLL=4 -DSNAKE_ORDER=0 -DSTAGGER_CYCLES=200 -DW0_LOOP_UNROLL=4 ... 3.978 ms / 1101 TFLOPS  (220 regs, 6.5s)
[40/270] -DINTERLEAVE_STRATEGY=1 -DK_LOOP_UNROLL=1 -DMBAR_EARLY=1 -DNUM_EPI_WARPS=5 -DPHASE1_UNROLL=4 -DSNAKE_ORDER=0 -DSTAGGER_CYCLES=200 -DSUB_MMA_UNROLL=1 ... 4.096 ms / 1069 TFLOPS  (211 regs, 6.4s)
[41/270] -DINTERLEAVE_STRATEGY=1 -DK_LOOP_UNROLL=1 -DMBAR_EARLY=1 -DNUM_EPI_WARPS=5 -DPHASE1_UNROLL=4 -DSNAKE_ORDER=0 -DSTAGGER_CYCLES=200 -DSUB_MMA_UNROLL=1 -DW0_LOOP_UNROLL=1 ... 3.955 ms / 1108 TFLOPS  (191 regs, 6.3s)
[42/270] -DINTERLEAVE_STRATEGY=1 -DK_LOOP_UNROLL=1 -DMBAR_EARLY=1 -DNUM_EPI_WARPS=5 -DPHASE1_UNROLL=4 -DSNAKE_ORDER=0 -DSTAGGER_CYCLES=200 -DSUB_MMA_UNROLL=1 -DW0_LOOP_UNROLL=4 ... 4.022 ms / 1089 TFLOPS  (211 regs, 6.6s)
[43/270] -DINTERLEAVE_STRATEGY=1 -DK_LOOP_UNROLL=1 -DMBAR_EARLY=1 -DNUM_EPI_WARPS=5 -DPHASE1_UNROLL=4 -DSNAKE_ORDER=0 -DSTAGGER_CYCLES=200 -DSUB_MMA_UNROLL=3 ... 4.002 ms / 1094 TFLOPS  (220 regs, 6.5s)
[44/270] -DINTERLEAVE_STRATEGY=1 -DK_LOOP_UNROLL=1 -DMBAR_EARLY=1 -DNUM_EPI_WARPS=5 -DPHASE1_UNROLL=4 -DSNAKE_ORDER=0 -DSTAGGER_CYCLES=200 -DSUB_MMA_UNROLL=3 -DW0_LOOP_UNROLL=1 ... 3.769 ms / 1162 TFLOPS  (200 regs, 6.3s)
[45/270] -DINTERLEAVE_STRATEGY=1 -DK_LOOP_UNROLL=1 -DMBAR_EARLY=1 -DNUM_EPI_WARPS=5 -DPHASE1_UNROLL=4 -DSNAKE_ORDER=0 -DSTAGGER_CYCLES=200 -DSUB_MMA_UNROLL=3 -DW0_LOOP_UNROLL=4 ... 3.976 ms / 1102 TFLOPS  (220 regs, 6.6s)
[46/270] -DINTERLEAVE_STRATEGY=1 -DK_LOOP_UNROLL=1 -DMBAR_EARLY=1 -DNUM_EPI_WARPS=5 -DPHASE1_UNROLL=4 -DSTAGGER_CYCLES=200 ... 4.012 ms / 1092 TFLOPS  (220 regs, 6.4s)
[47/270] -DINTERLEAVE_STRATEGY=1 -DK_LOOP_UNROLL=1 -DMBAR_EARLY=1 -DNUM_EPI_WARPS=5 -DPHASE1_UNROLL=4 -DSTAGGER_CYCLES=200 -DW0_LOOP_UNROLL=1 ... 3.786 ms / 1157 TFLOPS  (200 regs, 6.7s)
[48/270] -DINTERLEAVE_STRATEGY=1 -DK_LOOP_UNROLL=1 -DMBAR_EARLY=1 -DNUM_EPI_WARPS=5 -DPHASE1_UNROLL=4 -DSTAGGER_CYCLES=200 -DW0_LOOP_UNROLL=4 ... 3.999 ms / 1095 TFLOPS  (220 regs, 6.5s)
[49/270] -DINTERLEAVE_STRATEGY=1 -DK_LOOP_UNROLL=1 -DMBAR_EARLY=1 -DNUM_EPI_WARPS=5 -DPHASE1_UNROLL=4 -DSTAGGER_CYCLES=200 -DSUB_MMA_UNROLL=1 ... 4.102 ms / 1068 TFLOPS  (211 regs, 6.5s)
[50/270] -DINTERLEAVE_STRATEGY=1 -DK_LOOP_UNROLL=1 -DMBAR_EARLY=1 -DNUM_EPI_WARPS=5 -DPHASE1_UNROLL=4 -DSTAGGER_CYCLES=200 -DSUB_MMA_UNROLL=1 -DW0_LOOP_UNROLL=1 ... 3.954 ms / 1108 TFLOPS  (191 regs, 6.3s)
[51/270] -DINTERLEAVE_STRATEGY=1 -DK_LOOP_UNROLL=1 -DMBAR_EARLY=1 -DNUM_EPI_WARPS=5 -DPHASE1_UNROLL=4 -DSTAGGER_CYCLES=200 -DSUB_MMA_UNROLL=1 -DW0_LOOP_UNROLL=4 ... 4.042 ms / 1084 TFLOPS  (211 regs, 6.7s)
[52/270] -DINTERLEAVE_STRATEGY=1 -DK_LOOP_UNROLL=1 -DMBAR_EARLY=1 -DNUM_EPI_WARPS=5 -DPHASE1_UNROLL=4 -DSTAGGER_CYCLES=200 -DSUB_MMA_UNROLL=3 ... 4.009 ms / 1093 TFLOPS  (220 regs, 6.6s)
[53/270] -DINTERLEAVE_STRATEGY=1 -DK_LOOP_UNROLL=1 -DMBAR_EARLY=1 -DNUM_EPI_WARPS=5 -DPHASE1_UNROLL=4 -DSTAGGER_CYCLES=200 -DSUB_MMA_UNROLL=3 -DW0_LOOP_UNROLL=1 ... 3.786 ms / 1157 TFLOPS  (200 regs, 6.5s)
[54/270] -DINTERLEAVE_STRATEGY=1 -DK_LOOP_UNROLL=1 -DMBAR_EARLY=1 -DNUM_EPI_WARPS=5 -DPHASE1_UNROLL=4 -DSTAGGER_CYCLES=200 -DSUB_MMA_UNROLL=3 -DW0_LOOP_UNROLL=4 ... 3.998 ms / 1095 TFLOPS  (220 regs, 6.5s)
[55/270] -DINTERLEAVE_STRATEGY=1 -DK_LOOP_UNROLL=2 -DMBAR_EARLY=1 -DNUM_EPI_WARPS=5 -DPHASE1_UNROLL=1 -DSNAKE_ORDER=0 -DSTAGGER_CYCLES=200 ... 2.861 ms / 1531 TFLOPS  (171 regs, 5.7s)
[56/270] -DINTERLEAVE_STRATEGY=1 -DK_LOOP_UNROLL=2 -DMBAR_EARLY=1 -DNUM_EPI_WARPS=5 -DPHASE1_UNROLL=1 -DSNAKE_ORDER=0 -DSTAGGER_CYCLES=200 -DW0_LOOP_UNROLL=1 ... 2.844 ms / 1540 TFLOPS  (154 regs, 6.0s)
[57/270] -DINTERLEAVE_STRATEGY=1 -DK_LOOP_UNROLL=2 -DMBAR_EARLY=1 -DNUM_EPI_WARPS=5 -DPHASE1_UNROLL=1 -DSNAKE_ORDER=0 -DSTAGGER_CYCLES=200 -DW0_LOOP_UNROLL=4 ... 2.863 ms / 1530 TFLOPS  (171 regs, 6.0s)
[58/270] -DINTERLEAVE_STRATEGY=1 -DK_LOOP_UNROLL=2 -DMBAR_EARLY=1 -DNUM_EPI_WARPS=5 -DPHASE1_UNROLL=1 -DSNAKE_ORDER=0 -DSTAGGER_CYCLES=200 -DSUB_MMA_UNROLL=1 ... 2.789 ms / 1570 TFLOPS  (163 regs, 6.1s)
[59/270] -DINTERLEAVE_STRATEGY=1 -DK_LOOP_UNROLL=2 -DMBAR_EARLY=1 -DNUM_EPI_WARPS=5 -DPHASE1_UNROLL=1 -DSNAKE_ORDER=0 -DSTAGGER_CYCLES=200 -DSUB_MMA_UNROLL=1 -DW0_LOOP_UNROLL=1 ... 2.816 ms / 1556 TFLOPS  (145 regs, 5.9s)
[60/270] -DINTERLEAVE_STRATEGY=1 -DK_LOOP_UNROLL=2 -DMBAR_EARLY=1 -DNUM_EPI_WARPS=5 -DPHASE1_UNROLL=1 -DSNAKE_ORDER=0 -DSTAGGER_CYCLES=200 -DSUB_MMA_UNROLL=1 -DW0_LOOP_UNROLL=4 ... 2.800 ms / 1564 TFLOPS  (163 regs, 5.7s)
[61/270] -DINTERLEAVE_STRATEGY=1 -DK_LOOP_UNROLL=2 -DMBAR_EARLY=1 -DNUM_EPI_WARPS=5 -DPHASE1_UNROLL=1 -DSNAKE_ORDER=0 -DSTAGGER_CYCLES=200 -DSUB_MMA_UNROLL=3 ... 2.867 ms / 1528 TFLOPS  (171 regs, 5.9s)
[62/270] -DINTERLEAVE_STRATEGY=1 -DK_LOOP_UNROLL=2 -DMBAR_EARLY=1 -DNUM_EPI_WARPS=5 -DPHASE1_UNROLL=1 -DSNAKE_ORDER=0 -DSTAGGER_CYCLES=200 -DSUB_MMA_UNROLL=3 -DW0_LOOP_UNROLL=1 ... 2.843 ms / 1541 TFLOPS  (154 regs, 5.9s)
[63/270] -DINTERLEAVE_STRATEGY=1 -DK_LOOP_UNROLL=2 -DMBAR_EARLY=1 -DNUM_EPI_WARPS=5 -DPHASE1_UNROLL=1 -DSNAKE_ORDER=0 -DSTAGGER_CYCLES=200 -DSUB_MMA_UNROLL=3 -DW0_LOOP_UNROLL=4 ... 2.862 ms / 1530 TFLOPS  (171 regs, 5.8s)
[64/270] -DINTERLEAVE_STRATEGY=1 -DK_LOOP_UNROLL=2 -DMBAR_EARLY=1 -DNUM_EPI_WARPS=5 -DPHASE1_UNROLL=1 -DSTAGGER_CYCLES=200 ... 2.800 ms / 1564 TFLOPS  (171 regs, 6.0s)
[65/270] -DINTERLEAVE_STRATEGY=1 -DK_LOOP_UNROLL=2 -DMBAR_EARLY=1 -DNUM_EPI_WARPS=5 -DPHASE1_UNROLL=1 -DSTAGGER_CYCLES=200 -DW0_LOOP_UNROLL=1 ... 2.808 ms / 1560 TFLOPS  (154 regs, 6.0s)
[66/270] -DINTERLEAVE_STRATEGY=1 -DK_LOOP_UNROLL=2 -DMBAR_EARLY=1 -DNUM_EPI_WARPS=5 -DPHASE1_UNROLL=1 -DSTAGGER_CYCLES=200 -DW0_LOOP_UNROLL=4 ... 2.798 ms / 1566 TFLOPS  (171 regs, 6.0s)
[67/270] -DINTERLEAVE_STRATEGY=1 -DK_LOOP_UNROLL=2 -DMBAR_EARLY=1 -DNUM_EPI_WARPS=5 -DPHASE1_UNROLL=1 -DSTAGGER_CYCLES=200 -DSUB_MMA_UNROLL=1 ... 2.851 ms / 1536 TFLOPS  (163 regs, 6.0s)
[68/270] -DINTERLEAVE_STRATEGY=1 -DK_LOOP_UNROLL=2 -DMBAR_EARLY=1 -DNUM_EPI_WARPS=5 -DPHASE1_UNROLL=1 -DSTAGGER_CYCLES=200 -DSUB_MMA_UNROLL=1 -DW0_LOOP_UNROLL=1 ... 2.862 ms / 1530 TFLOPS  (145 regs, 6.0s)
[69/270] -DINTERLEAVE_STRATEGY=1 -DK_LOOP_UNROLL=2 -DMBAR_EARLY=1 -DNUM_EPI_WARPS=5 -DPHASE1_UNROLL=1 -DSTAGGER_CYCLES=200 -DSUB_MMA_UNROLL=1 -DW0_LOOP_UNROLL=4 ... 2.839 ms / 1543 TFLOPS  (163 regs, 5.9s)
[70/270] -DINTERLEAVE_STRATEGY=1 -DK_LOOP_UNROLL=2 -DMBAR_EARLY=1 -DNUM_EPI_WARPS=5 -DPHASE1_UNROLL=1 -DSTAGGER_CYCLES=200 -DSUB_MMA_UNROLL=3 ... 2.800 ms / 1564 TFLOPS  (171 regs, 6.0s)
[71/270] -DINTERLEAVE_STRATEGY=1 -DK_LOOP_UNROLL=2 -DMBAR_EARLY=1 -DNUM_EPI_WARPS=5 -DPHASE1_UNROLL=1 -DSTAGGER_CYCLES=200 -DSUB_MMA_UNROLL=3 -DW0_LOOP_UNROLL=1 ... 2.813 ms / 1557 TFLOPS  (154 regs, 6.0s)
[72/270] -DINTERLEAVE_STRATEGY=1 -DK_LOOP_UNROLL=2 -DMBAR_EARLY=1 -DNUM_EPI_WARPS=5 -DPHASE1_UNROLL=1 -DSTAGGER_CYCLES=200 -DSUB_MMA_UNROLL=3 -DW0_LOOP_UNROLL=4 ... 2.804 ms / 1562 TFLOPS  (171 regs, 6.0s)
[73/270] -DINTERLEAVE_STRATEGY=1 -DK_LOOP_UNROLL=2 -DMBAR_EARLY=1 -DNUM_EPI_WARPS=5 -DSNAKE_ORDER=0 -DSTAGGER_CYCLES=200 ... 2.718 ms / 1611 TFLOPS  (213 regs, 6.2s)
[74/270] -DINTERLEAVE_STRATEGY=1 -DK_LOOP_UNROLL=2 -DMBAR_EARLY=1 -DNUM_EPI_WARPS=5 -DSNAKE_ORDER=0 -DSTAGGER_CYCLES=200 -DW0_LOOP_UNROLL=1 ... 2.655 ms / 1650 TFLOPS  (197 regs, 5.9s)
[75/270] -DINTERLEAVE_STRATEGY=1 -DK_LOOP_UNROLL=2 -DMBAR_EARLY=1 -DNUM_EPI_WARPS=5 -DSNAKE_ORDER=0 -DSTAGGER_CYCLES=200 -DW0_LOOP_UNROLL=4 ... 2.705 ms / 1619 TFLOPS  (213 regs, 6.2s)
[76/270] -DINTERLEAVE_STRATEGY=1 -DK_LOOP_UNROLL=2 -DMBAR_EARLY=1 -DNUM_EPI_WARPS=5 -DSNAKE_ORDER=0 -DSTAGGER_CYCLES=200 -DSUB_MMA_UNROLL=1 ... 2.679 ms / 1635 TFLOPS  (209 regs, 6.2s)
[77/270] -DINTERLEAVE_STRATEGY=1 -DK_LOOP_UNROLL=2 -DMBAR_EARLY=1 -DNUM_EPI_WARPS=5 -DSNAKE_ORDER=0 -DSTAGGER_CYCLES=200 -DSUB_MMA_UNROLL=1 -DW0_LOOP_UNROLL=1 ... 2.686 ms / 1631 TFLOPS  (189 regs, 6.0s)
[78/270] -DINTERLEAVE_STRATEGY=1 -DK_LOOP_UNROLL=2 -DMBAR_EARLY=1 -DNUM_EPI_WARPS=5 -DSNAKE_ORDER=0 -DSTAGGER_CYCLES=200 -DSUB_MMA_UNROLL=1 -DW0_LOOP_UNROLL=4 ... 2.696 ms / 1625 TFLOPS  (209 regs, 6.2s)
[79/270] -DINTERLEAVE_STRATEGY=1 -DK_LOOP_UNROLL=2 -DMBAR_EARLY=1 -DNUM_EPI_WARPS=5 -DSNAKE_ORDER=0 -DSTAGGER_CYCLES=200 -DSUB_MMA_UNROLL=3 ... 2.719 ms / 1611 TFLOPS  (213 regs, 6.2s)
[80/270] -DINTERLEAVE_STRATEGY=1 -DK_LOOP_UNROLL=2 -DMBAR_EARLY=1 -DNUM_EPI_WARPS=5 -DSNAKE_ORDER=0 -DSTAGGER_CYCLES=200 -DSUB_MMA_UNROLL=3 -DW0_LOOP_UNROLL=1 ... 2.656 ms / 1649 TFLOPS  (197 regs, 6.2s)
[81/270] -DINTERLEAVE_STRATEGY=1 -DK_LOOP_UNROLL=2 -DMBAR_EARLY=1 -DNUM_EPI_WARPS=5 -DSNAKE_ORDER=0 -DSTAGGER_CYCLES=200 -DSUB_MMA_UNROLL=3 -DW0_LOOP_UNROLL=4 ... 2.707 ms / 1618 TFLOPS  (213 regs, 6.2s)
[82/270] -DINTERLEAVE_STRATEGY=1 -DK_LOOP_UNROLL=2 -DMBAR_EARLY=1 -DNUM_EPI_WARPS=5 -DSTAGGER_CYCLES=200 ... 2.732 ms / 1603 TFLOPS  (213 regs, 6.1s)
[83/270] -DINTERLEAVE_STRATEGY=1 -DK_LOOP_UNROLL=2 -DMBAR_EARLY=1 -DNUM_EPI_WARPS=5 -DSTAGGER_CYCLES=200 -DW0_LOOP_UNROLL=1 ... 2.653 ms / 1651 TFLOPS  (197 regs, 6.1s)
[84/270] -DINTERLEAVE_STRATEGY=1 -DK_LOOP_UNROLL=2 -DMBAR_EARLY=1 -DNUM_EPI_WARPS=5 -DSTAGGER_CYCLES=200 -DW0_LOOP_UNROLL=4 ... 2.718 ms / 1612 TFLOPS  (213 regs, 6.2s)
[85/270] -DINTERLEAVE_STRATEGY=1 -DK_LOOP_UNROLL=2 -DMBAR_EARLY=1 -DNUM_EPI_WARPS=5 -DSTAGGER_CYCLES=200 -DSUB_MMA_UNROLL=1 ... 2.688 ms / 1630 TFLOPS  (209 regs, 6.1s)
[86/270] -DINTERLEAVE_STRATEGY=1 -DK_LOOP_UNROLL=2 -DMBAR_EARLY=1 -DNUM_EPI_WARPS=5 -DSTAGGER_CYCLES=200 -DSUB_MMA_UNROLL=1 -DW0_LOOP_UNROLL=1 ... 2.699 ms / 1623 TFLOPS  (189 regs, 6.2s)
[87/270] -DINTERLEAVE_STRATEGY=1 -DK_LOOP_UNROLL=2 -DMBAR_EARLY=1 -DNUM_EPI_WARPS=5 -DSTAGGER_CYCLES=200 -DSUB_MMA_UNROLL=1 -DW0_LOOP_UNROLL=4 ... 2.686 ms / 1631 TFLOPS  (209 regs, 6.2s)
[88/270] -DINTERLEAVE_STRATEGY=1 -DK_LOOP_UNROLL=2 -DMBAR_EARLY=1 -DNUM_EPI_WARPS=5 -DSTAGGER_CYCLES=200 -DSUB_MMA_UNROLL=3 ... 2.730 ms / 1604 TFLOPS  (213 regs, 6.1s)
[89/270] -DINTERLEAVE_STRATEGY=1 -DK_LOOP_UNROLL=2 -DMBAR_EARLY=1 -DNUM_EPI_WARPS=5 -DSTAGGER_CYCLES=200 -DSUB_MMA_UNROLL=3 -DW0_LOOP_UNROLL=1 ... 2.652 ms / 1652 TFLOPS  (197 regs, 6.2s)
[90/270] -DINTERLEAVE_STRATEGY=1 -DK_LOOP_UNROLL=2 -DMBAR_EARLY=1 -DNUM_EPI_WARPS=5 -DSTAGGER_CYCLES=200 -DSUB_MMA_UNROLL=3 -DW0_LOOP_UNROLL=4 ... 2.716 ms / 1612 TFLOPS  (213 regs, 6.2s)
[91/270] -DINTERLEAVE_STRATEGY=1 -DK_LOOP_UNROLL=2 -DMBAR_EARLY=1 -DNUM_EPI_WARPS=5 -DPHASE1_UNROLL=4 -DSNAKE_ORDER=0 -DSTAGGER_CYCLES=200 ... 4.087 ms / 1072 TFLOPS  (220 regs, 6.5s)
[92/270] -DINTERLEAVE_STRATEGY=1 -DK_LOOP_UNROLL=2 -DMBAR_EARLY=1 -DNUM_EPI_WARPS=5 -DPHASE1_UNROLL=4 -DSNAKE_ORDER=0 -DSTAGGER_CYCLES=200 -DW0_LOOP_UNROLL=1 ... 3.892 ms / 1125 TFLOPS  (200 regs, 6.5s)
[93/270] -DINTERLEAVE_STRATEGY=1 -DK_LOOP_UNROLL=2 -DMBAR_EARLY=1 -DNUM_EPI_WARPS=5 -DPHASE1_UNROLL=4 -DSNAKE_ORDER=0 -DSTAGGER_CYCLES=200 -DW0_LOOP_UNROLL=4 ... 4.082 ms / 1073 TFLOPS  (220 regs, 6.5s)
[94/270] -DINTERLEAVE_STRATEGY=1 -DK_LOOP_UNROLL=2 -DMBAR_EARLY=1 -DNUM_EPI_WARPS=5 -DPHASE1_UNROLL=4 -DSNAKE_ORDER=0 -DSTAGGER_CYCLES=200 -DSUB_MMA_UNROLL=1 ... 4.091 ms / 1071 TFLOPS  (211 regs, 6.4s)
[95/270] -DINTERLEAVE_STRATEGY=1 -DK_LOOP_UNROLL=2 -DMBAR_EARLY=1 -DNUM_EPI_WARPS=5 -DPHASE1_UNROLL=4 -DSNAKE_ORDER=0 -DSTAGGER_CYCLES=200 -DSUB_MMA_UNROLL=1 -DW0_LOOP_UNROLL=1 ... 3.979 ms / 1101 TFLOPS  (191 regs, 6.5s)
[96/270] -DINTERLEAVE_STRATEGY=1 -DK_LOOP_UNROLL=2 -DMBAR_EARLY=1 -DNUM_EPI_WARPS=5 -DPHASE1_UNROLL=4 -DSNAKE_ORDER=0 -DSTAGGER_CYCLES=200 -DSUB_MMA_UNROLL=1 -DW0_LOOP_UNROLL=4 ... 4.035 ms / 1085 TFLOPS  (211 regs, 6.7s)
[97/270] -DINTERLEAVE_STRATEGY=1 -DK_LOOP_UNROLL=2 -DMBAR_EARLY=1 -DNUM_EPI_WARPS=5 -DPHASE1_UNROLL=4 -DSNAKE_ORDER=0 -DSTAGGER_CYCLES=200 -DSUB_MMA_UNROLL=3 ... 4.085 ms / 1072 TFLOPS  (220 regs, 6.5s)
[98/270] -DINTERLEAVE_STRATEGY=1 -DK_LOOP_UNROLL=2 -DMBAR_EARLY=1 -DNUM_EPI_WARPS=5 -DPHASE1_UNROLL=4 -DSNAKE_ORDER=0 -DSTAGGER_CYCLES=200 -DSUB_MMA_UNROLL=3 -DW0_LOOP_UNROLL=1 ... 3.888 ms / 1126 TFLOPS  (200 regs, 6.5s)
[99/270] -DINTERLEAVE_STRATEGY=1 -DK_LOOP_UNROLL=2 -DMBAR_EARLY=1 -DNUM_EPI_WARPS=5 -DPHASE1_UNROLL=4 -DSNAKE_ORDER=0 -DSTAGGER_CYCLES=200 -DSUB_MMA_UNROLL=3 -DW0_LOOP_UNROLL=4 ... 4.082 ms / 1073 TFLOPS  (220 regs, 6.6s)
[100/270] -DINTERLEAVE_STRATEGY=1 -DK_LOOP_UNROLL=2 -DMBAR_EARLY=1 -DNUM_EPI_WARPS=5 -DPHASE1_UNROLL=4 -DSTAGGER_CYCLES=200 ... 4.118 ms / 1064 TFLOPS  (220 regs, 6.6s)
[101/270] -DINTERLEAVE_STRATEGY=1 -DK_LOOP_UNROLL=2 -DMBAR_EARLY=1 -DNUM_EPI_WARPS=5 -DPHASE1_UNROLL=4 -DSTAGGER_CYCLES=200 -DW0_LOOP_UNROLL=1 ... 3.890 ms / 1126 TFLOPS  (200 regs, 6.5s)
[102/270] -DINTERLEAVE_STRATEGY=1 -DK_LOOP_UNROLL=2 -DMBAR_EARLY=1 -DNUM_EPI_WARPS=5 -DPHASE1_UNROLL=4 -DSTAGGER_CYCLES=200 -DW0_LOOP_UNROLL=4 ... 4.097 ms / 1069 TFLOPS  (220 regs, 6.6s)
[103/270] -DINTERLEAVE_STRATEGY=1 -DK_LOOP_UNROLL=2 -DMBAR_EARLY=1 -DNUM_EPI_WARPS=5 -DPHASE1_UNROLL=4 -DSTAGGER_CYCLES=200 -DSUB_MMA_UNROLL=1 ... 4.107 ms / 1066 TFLOPS  (211 regs, 6.7s)
[104/270] -DINTERLEAVE_STRATEGY=1 -DK_LOOP_UNROLL=2 -DMBAR_EARLY=1 -DNUM_EPI_WARPS=5 -DPHASE1_UNROLL=4 -DSTAGGER_CYCLES=200 -DSUB_MMA_UNROLL=1 -DW0_LOOP_UNROLL=1 ... 3.974 ms / 1102 TFLOPS  (191 regs, 6.5s)
[105/270] -DINTERLEAVE_STRATEGY=1 -DK_LOOP_UNROLL=2 -DMBAR_EARLY=1 -DNUM_EPI_WARPS=5 -DPHASE1_UNROLL=4 -DSTAGGER_CYCLES=200 -DSUB_MMA_UNROLL=1 -DW0_LOOP_UNROLL=4 ... 4.053 ms / 1081 TFLOPS  (211 regs, 6.5s)
[106/270] -DINTERLEAVE_STRATEGY=1 -DK_LOOP_UNROLL=2 -DMBAR_EARLY=1 -DNUM_EPI_WARPS=5 -DPHASE1_UNROLL=4 -DSTAGGER_CYCLES=200 -DSUB_MMA_UNROLL=3 ... 4.119 ms / 1063 TFLOPS  (220 regs, 6.6s)
[107/270] -DINTERLEAVE_STRATEGY=1 -DK_LOOP_UNROLL=2 -DMBAR_EARLY=1 -DNUM_EPI_WARPS=5 -DPHASE1_UNROLL=4 -DSTAGGER_CYCLES=200 -DSUB_MMA_UNROLL=3 -DW0_LOOP_UNROLL=1 ... 3.890 ms / 1126 TFLOPS  (200 regs, 6.4s)
[108/270] -DINTERLEAVE_STRATEGY=1 -DK_LOOP_UNROLL=2 -DMBAR_EARLY=1 -DNUM_EPI_WARPS=5 -DPHASE1_UNROLL=4 -DSTAGGER_CYCLES=200 -DSUB_MMA_UNROLL=3 -DW0_LOOP_UNROLL=4 ... 4.094 ms / 1070 TFLOPS  (220 regs, 6.6s)
[109/270] -DINTERLEAVE_STRATEGY=1 -DMBAR_EARLY=1 -DNUM_EPI_WARPS=5 -DPHASE1_UNROLL=1 -DSNAKE_ORDER=0 -DSTAGGER_CYCLES=200 ... 2.859 ms / 1532 TFLOPS  (219 regs, 6.1s)
[110/270] -DINTERLEAVE_STRATEGY=1 -DMBAR_EARLY=1 -DNUM_EPI_WARPS=5 -DPHASE1_UNROLL=1 -DSNAKE_ORDER=0 -DSTAGGER_CYCLES=200 -DW0_LOOP_UNROLL=1 ... 2.866 ms / 1528 TFLOPS  (206 regs, 5.8s)
[111/270] -DINTERLEAVE_STRATEGY=1 -DMBAR_EARLY=1 -DNUM_EPI_WARPS=5 -DPHASE1_UNROLL=1 -DSNAKE_ORDER=0 -DSTAGGER_CYCLES=200 -DW0_LOOP_UNROLL=4 ... 2.858 ms / 1533 TFLOPS  (219 regs, 6.1s)
[112/270] -DINTERLEAVE_STRATEGY=1 -DMBAR_EARLY=1 -DNUM_EPI_WARPS=5 -DPHASE1_UNROLL=1 -DSNAKE_ORDER=0 -DSTAGGER_CYCLES=200 -DSUB_MMA_UNROLL=1 ... 2.858 ms / 1533 TFLOPS  (175 regs, 5.8s)
[113/270] -DINTERLEAVE_STRATEGY=1 -DMBAR_EARLY=1 -DNUM_EPI_WARPS=5 -DPHASE1_UNROLL=1 -DSNAKE_ORDER=0 -DSTAGGER_CYCLES=200 -DSUB_MMA_UNROLL=1 -DW0_LOOP_UNROLL=1 ... 2.838 ms / 1543 TFLOPS  (159 regs, 5.8s)
[114/270] -DINTERLEAVE_STRATEGY=1 -DMBAR_EARLY=1 -DNUM_EPI_WARPS=5 -DPHASE1_UNROLL=1 -DSNAKE_ORDER=0 -DSTAGGER_CYCLES=200 -DSUB_MMA_UNROLL=1 -DW0_LOOP_UNROLL=4 ... 2.856 ms / 1534 TFLOPS  (175 regs, 6.0s)
[115/270] -DINTERLEAVE_STRATEGY=1 -DMBAR_EARLY=1 -DNUM_EPI_WARPS=5 -DPHASE1_UNROLL=1 -DSNAKE_ORDER=0 -DSTAGGER_CYCLES=200 -DSUB_MMA_UNROLL=3 ... 2.859 ms / 1532 TFLOPS  (219 regs, 6.0s)
[116/270] -DINTERLEAVE_STRATEGY=1 -DMBAR_EARLY=1 -DNUM_EPI_WARPS=5 -DPHASE1_UNROLL=1 -DSNAKE_ORDER=0 -DSTAGGER_CYCLES=200 -DSUB_MMA_UNROLL=3 -DW0_LOOP_UNROLL=1 ... 2.869 ms / 1527 TFLOPS  (206 regs, 6.0s)
[117/270] -DINTERLEAVE_STRATEGY=1 -DMBAR_EARLY=1 -DNUM_EPI_WARPS=5 -DPHASE1_UNROLL=1 -DSNAKE_ORDER=0 -DSTAGGER_CYCLES=200 -DSUB_MMA_UNROLL=3 -DW0_LOOP_UNROLL=4 ... 2.858 ms / 1533 TFLOPS  (219 regs, 5.9s)
[118/270] -DINTERLEAVE_STRATEGY=1 -DMBAR_EARLY=1 -DNUM_EPI_WARPS=5 -DPHASE1_UNROLL=1 -DSTAGGER_CYCLES=200 ... 2.802 ms / 1563 TFLOPS  (219 regs, 5.9s)
[119/270] -DINTERLEAVE_STRATEGY=1 -DMBAR_EARLY=1 -DNUM_EPI_WARPS=5 -DPHASE1_UNROLL=1 -DSTAGGER_CYCLES=200 -DW0_LOOP_UNROLL=1 ... 2.788 ms / 1571 TFLOPS  (206 regs, 5.7s)
[120/270] -DINTERLEAVE_STRATEGY=1 -DMBAR_EARLY=1 -DNUM_EPI_WARPS=5 -DPHASE1_UNROLL=1 -DSTAGGER_CYCLES=200 -DW0_LOOP_UNROLL=4 ... 2.804 ms / 1562 TFLOPS  (219 regs, 5.9s)
[121/270] -DINTERLEAVE_STRATEGY=1 -DMBAR_EARLY=1 -DNUM_EPI_WARPS=5 -DPHASE1_UNROLL=1 -DSTAGGER_CYCLES=200 -DSUB_MMA_UNROLL=1 ... 2.791 ms / 1570 TFLOPS  (175 regs, 5.9s)
[122/270] -DINTERLEAVE_STRATEGY=1 -DMBAR_EARLY=1 -DNUM_EPI_WARPS=5 -DPHASE1_UNROLL=1 -DSTAGGER_CYCLES=200 -DSUB_MMA_UNROLL=1 -DW0_LOOP_UNROLL=1 ... 2.745 ms / 1595 TFLOPS  (159 regs, 6.0s)
[123/270] -DINTERLEAVE_STRATEGY=1 -DMBAR_EARLY=1 -DNUM_EPI_WARPS=5 -DPHASE1_UNROLL=1 -DSTAGGER_CYCLES=200 -DSUB_MMA_UNROLL=1 -DW0_LOOP_UNROLL=4 ... 2.785 ms / 1573 TFLOPS  (175 regs, 5.9s)
[124/270] -DINTERLEAVE_STRATEGY=1 -DMBAR_EARLY=1 -DNUM_EPI_WARPS=5 -DPHASE1_UNROLL=1 -DSTAGGER_CYCLES=200 -DSUB_MMA_UNROLL=3 ... 2.802 ms / 1563 TFLOPS  (219 regs, 6.0s)
[125/270] -DINTERLEAVE_STRATEGY=1 -DMBAR_EARLY=1 -DNUM_EPI_WARPS=5 -DPHASE1_UNROLL=1 -DSTAGGER_CYCLES=200 -DSUB_MMA_UNROLL=3 -DW0_LOOP_UNROLL=1 ... 2.788 ms / 1571 TFLOPS  (206 regs, 5.8s)
[126/270] -DINTERLEAVE_STRATEGY=1 -DMBAR_EARLY=1 -DNUM_EPI_WARPS=5 -DPHASE1_UNROLL=1 -DSTAGGER_CYCLES=200 -DSUB_MMA_UNROLL=3 -DW0_LOOP_UNROLL=4 ... 2.805 ms / 1562 TFLOPS  (219 regs, 5.8s)
[127/270] -DINTERLEAVE_STRATEGY=1 -DMBAR_EARLY=1 -DNUM_EPI_WARPS=5 -DSNAKE_ORDER=0 -DSTAGGER_CYCLES=200 ... 2.574 ms / 1701 TFLOPS  (245 regs, 6.2s)
[128/270] -DINTERLEAVE_STRATEGY=1 -DMBAR_EARLY=1 -DNUM_EPI_WARPS=5 -DSNAKE_ORDER=0 -DSTAGGER_CYCLES=200 -DW0_LOOP_UNROLL=1 ... 2.626 ms / 1668 TFLOPS  (241 regs, 6.2s)
[129/270] -DINTERLEAVE_STRATEGY=1 -DMBAR_EARLY=1 -DNUM_EPI_WARPS=5 -DSNAKE_ORDER=0 -DSTAGGER_CYCLES=200 -DW0_LOOP_UNROLL=4 ... 2.568 ms / 1706 TFLOPS  (245 regs, 6.2s)
[130/270] -DINTERLEAVE_STRATEGY=1 -DMBAR_EARLY=1 -DNUM_EPI_WARPS=5 -DSNAKE_ORDER=0 -DSTAGGER_CYCLES=200 -DSUB_MMA_UNROLL=1 ... 2.686 ms / 1630 TFLOPS  (217 regs, 6.0s)
[131/270] -DINTERLEAVE_STRATEGY=1 -DMBAR_EARLY=1 -DNUM_EPI_WARPS=5 -DSNAKE_ORDER=0 -DSTAGGER_CYCLES=200 -DSUB_MMA_UNROLL=1 -DW0_LOOP_UNROLL=1 ... 2.676 ms / 1637 TFLOPS  (206 regs, 6.2s)
[132/270] -DINTERLEAVE_STRATEGY=1 -DMBAR_EARLY=1 -DNUM_EPI_WARPS=5 -DSNAKE_ORDER=0 -DSTAGGER_CYCLES=200 -DSUB_MMA_UNROLL=1 -DW0_LOOP_UNROLL=4 ... 2.680 ms / 1635 TFLOPS  (217 regs, 5.9s)
[133/270] -DINTERLEAVE_STRATEGY=1 -DMBAR_EARLY=1 -DNUM_EPI_WARPS=5 -DSNAKE_ORDER=0 -DSTAGGER_CYCLES=200 -DSUB_MMA_UNROLL=3 ... 2.575 ms / 1701 TFLOPS  (245 regs, 6.2s)
[134/270] -DINTERLEAVE_STRATEGY=1 -DMBAR_EARLY=1 -DNUM_EPI_WARPS=5 -DSNAKE_ORDER=0 -DSTAGGER_CYCLES=200 -DSUB_MMA_UNROLL=3 -DW0_LOOP_UNROLL=1 ... 2.622 ms / 1670 TFLOPS  (241 regs, 6.1s)
[135/270] -DINTERLEAVE_STRATEGY=1 -DMBAR_EARLY=1 -DNUM_EPI_WARPS=5 -DSNAKE_ORDER=0 -DSTAGGER_CYCLES=200 -DSUB_MMA_UNROLL=3 -DW0_LOOP_UNROLL=4 ... 2.568 ms / 1706 TFLOPS  (245 regs, 6.1s)
[136/270] -DINTERLEAVE_STRATEGY=1 -DMBAR_EARLY=1 -DNUM_EPI_WARPS=5 -DSTAGGER_CYCLES=200 ... 2.581 ms / 1697 TFLOPS  (245 regs, 6.2s)
[137/270] -DINTERLEAVE_STRATEGY=1 -DMBAR_EARLY=1 -DNUM_EPI_WARPS=5 -DSTAGGER_CYCLES=200 -DW0_LOOP_UNROLL=1 ... 2.620 ms / 1672 TFLOPS  (241 regs, 6.2s)
[138/270] -DINTERLEAVE_STRATEGY=1 -DMBAR_EARLY=1 -DNUM_EPI_WARPS=5 -DSTAGGER_CYCLES=200 -DW0_LOOP_UNROLL=4 ... 2.565 ms / 1708 TFLOPS  (245 regs, 6.2s)
[139/270] -DINTERLEAVE_STRATEGY=1 -DMBAR_EARLY=1 -DNUM_EPI_WARPS=5 -DSTAGGER_CYCLES=200 -DSUB_MMA_UNROLL=1 ... 2.703 ms / 1621 TFLOPS  (217 regs, 6.2s)
[140/270] -DINTERLEAVE_STRATEGY=1 -DMBAR_EARLY=1 -DNUM_EPI_WARPS=5 -DSTAGGER_CYCLES=200 -DSUB_MMA_UNROLL=1 -DW0_LOOP_UNROLL=1 ... 2.667 ms / 1643 TFLOPS  (206 regs, 6.1s)
[141/270] -DINTERLEAVE_STRATEGY=1 -DMBAR_EARLY=1 -DNUM_EPI_WARPS=5 -DSTAGGER_CYCLES=200 -DSUB_MMA_UNROLL=1 -DW0_LOOP_UNROLL=4 ... 2.684 ms / 1632 TFLOPS  (217 regs, 6.0s)
[142/270] -DINTERLEAVE_STRATEGY=1 -DMBAR_EARLY=1 -DNUM_EPI_WARPS=5 -DSTAGGER_CYCLES=200 -DSUB_MMA_UNROLL=3 ... 2.580 ms / 1698 TFLOPS  (245 regs, 6.1s)
[143/270] -DINTERLEAVE_STRATEGY=1 -DMBAR_EARLY=1 -DNUM_EPI_WARPS=5 -DSTAGGER_CYCLES=200 -DSUB_MMA_UNROLL=3 -DW0_LOOP_UNROLL=1 ... 2.623 ms / 1670 TFLOPS  (241 regs, 6.2s)
[144/270] -DINTERLEAVE_STRATEGY=1 -DMBAR_EARLY=1 -DNUM_EPI_WARPS=5 -DSTAGGER_CYCLES=200 -DSUB_MMA_UNROLL=3 -DW0_LOOP_UNROLL=4 ... 2.565 ms / 1708 TFLOPS  (245 regs, 6.1s)
[145/270] -DINTERLEAVE_STRATEGY=1 -DMBAR_EARLY=1 -DNUM_EPI_WARPS=5 -DPHASE1_UNROLL=4 -DSNAKE_ORDER=0 -DSTAGGER_CYCLES=200 ... 4.163 ms / 1052 TFLOPS  (244 regs, 6.4s)
[146/270] -DINTERLEAVE_STRATEGY=1 -DMBAR_EARLY=1 -DNUM_EPI_WARPS=5 -DPHASE1_UNROLL=4 -DSNAKE_ORDER=0 -DSTAGGER_CYCLES=200 -DW0_LOOP_UNROLL=1 ... 3.946 ms / 1110 TFLOPS  (241 regs, 6.5s)
[147/270] -DINTERLEAVE_STRATEGY=1 -DMBAR_EARLY=1 -DNUM_EPI_WARPS=5 -DPHASE1_UNROLL=4 -DSNAKE_ORDER=0 -DSTAGGER_CYCLES=200 -DW0_LOOP_UNROLL=4 ... 4.095 ms / 1070 TFLOPS  (244 regs, 6.5s)
[148/270] -DINTERLEAVE_STRATEGY=1 -DMBAR_EARLY=1 -DNUM_EPI_WARPS=5 -DPHASE1_UNROLL=4 -DSNAKE_ORDER=0 -DSTAGGER_CYCLES=200 -DSUB_MMA_UNROLL=1 ... 4.079 ms / 1074 TFLOPS  (224 regs, 6.6s)
[149/270] -DINTERLEAVE_STRATEGY=1 -DMBAR_EARLY=1 -DNUM_EPI_WARPS=5 -DPHASE1_UNROLL=4 -DSNAKE_ORDER=0 -DSTAGGER_CYCLES=200 -DSUB_MMA_UNROLL=1 -DW0_LOOP_UNROLL=1 ... 3.902 ms / 1122 TFLOPS  (207 regs, 6.6s)
[150/270] -DINTERLEAVE_STRATEGY=1 -DMBAR_EARLY=1 -DNUM_EPI_WARPS=5 -DPHASE1_UNROLL=4 -DSNAKE_ORDER=0 -DSTAGGER_CYCLES=200 -DSUB_MMA_UNROLL=1 -DW0_LOOP_UNROLL=4 ... 4.017 ms / 1090 TFLOPS  (224 regs, 6.5s)
[151/270] -DINTERLEAVE_STRATEGY=1 -DMBAR_EARLY=1 -DNUM_EPI_WARPS=5 -DPHASE1_UNROLL=4 -DSNAKE_ORDER=0 -DSTAGGER_CYCLES=200 -DSUB_MMA_UNROLL=3 ... 4.161 ms / 1053 TFLOPS  (244 regs, 6.6s)
[152/270] -DINTERLEAVE_STRATEGY=1 -DMBAR_EARLY=1 -DNUM_EPI_WARPS=5 -DPHASE1_UNROLL=4 -DSNAKE_ORDER=0 -DSTAGGER_CYCLES=200 -DSUB_MMA_UNROLL=3 -DW0_LOOP_UNROLL=1 ... 3.950 ms / 1109 TFLOPS  (241 regs, 6.6s)
[153/270] -DINTERLEAVE_STRATEGY=1 -DMBAR_EARLY=1 -DNUM_EPI_WARPS=5 -DPHASE1_UNROLL=4 -DSNAKE_ORDER=0 -DSTAGGER_CYCLES=200 -DSUB_MMA_UNROLL=3 -DW0_LOOP_UNROLL=4 ... 4.095 ms / 1070 TFLOPS  (244 regs, 6.5s)
[154/270] -DINTERLEAVE_STRATEGY=1 -DMBAR_EARLY=1 -DNUM_EPI_WARPS=5 -DPHASE1_UNROLL=4 -DSTAGGER_CYCLES=200 ... 4.173 ms / 1050 TFLOPS  (244 regs, 6.6s)
[155/270] -DINTERLEAVE_STRATEGY=1 -DMBAR_EARLY=1 -DNUM_EPI_WARPS=5 -DPHASE1_UNROLL=4 -DSTAGGER_CYCLES=200 -DW0_LOOP_UNROLL=1 ... 3.967 ms / 1104 TFLOPS  (241 regs, 6.5s)
[156/270] -DINTERLEAVE_STRATEGY=1 -DMBAR_EARLY=1 -DNUM_EPI_WARPS=5 -DPHASE1_UNROLL=4 -DSTAGGER_CYCLES=200 -DW0_LOOP_UNROLL=4 ... 4.138 ms / 1059 TFLOPS  (244 regs, 6.4s)
[157/270] -DINTERLEAVE_STRATEGY=1 -DMBAR_EARLY=1 -DNUM_EPI_WARPS=5 -DPHASE1_UNROLL=4 -DSTAGGER_CYCLES=200 -DSUB_MMA_UNROLL=1 ... 4.109 ms / 1066 TFLOPS  (224 regs, 6.4s)
[158/270] -DINTERLEAVE_STRATEGY=1 -DMBAR_EARLY=1 -DNUM_EPI_WARPS=5 -DPHASE1_UNROLL=4 -DSTAGGER_CYCLES=200 -DSUB_MMA_UNROLL=1 -DW0_LOOP_UNROLL=1 ... 3.918 ms / 1118 TFLOPS  (207 regs, 6.6s)
[159/270] -DINTERLEAVE_STRATEGY=1 -DMBAR_EARLY=1 -DNUM_EPI_WARPS=5 -DPHASE1_UNROLL=4 -DSTAGGER_CYCLES=200 -DSUB_MMA_UNROLL=1 -DW0_LOOP_UNROLL=4 ... 4.028 ms / 1087 TFLOPS  (224 regs, 6.4s)
[160/270] -DINTERLEAVE_STRATEGY=1 -DMBAR_EARLY=1 -DNUM_EPI_WARPS=5 -DPHASE1_UNROLL=4 -DSTAGGER_CYCLES=200 -DSUB_MMA_UNROLL=3 ... 4.170 ms / 1050 TFLOPS  (244 regs, 6.7s)
[161/270] -DINTERLEAVE_STRATEGY=1 -DMBAR_EARLY=1 -DNUM_EPI_WARPS=5 -DPHASE1_UNROLL=4 -DSTAGGER_CYCLES=200 -DSUB_MMA_UNROLL=3 -DW0_LOOP_UNROLL=1 ... 3.967 ms / 1104 TFLOPS  (241 regs, 6.7s)
[162/270] -DINTERLEAVE_STRATEGY=1 -DMBAR_EARLY=1 -DNUM_EPI_WARPS=5 -DPHASE1_UNROLL=4 -DSTAGGER_CYCLES=200 -DSUB_MMA_UNROLL=3 -DW0_LOOP_UNROLL=4 ... 4.137 ms / 1059 TFLOPS  (244 regs, 6.4s)
[163/270] -DINTERLEAVE_STRATEGY=1 -DK_LOOP_UNROLL=6 -DMBAR_EARLY=1 -DNUM_EPI_WARPS=5 -DPHASE1_UNROLL=1 -DSNAKE_ORDER=0 -DSTAGGER_CYCLES=200 ... 2.835 ms / 1545 TFLOPS  (186 regs, 6.0s)
[164/270] -DINTERLEAVE_STRATEGY=1 -DK_LOOP_UNROLL=6 -DMBAR_EARLY=1 -DNUM_EPI_WARPS=5 -DPHASE1_UNROLL=1 -DSNAKE_ORDER=0 -DSTAGGER_CYCLES=200 -DW0_LOOP_UNROLL=1 ... 2.831 ms / 1547 TFLOPS  (168 regs, 5.8s)
[165/270] -DINTERLEAVE_STRATEGY=1 -DK_LOOP_UNROLL=6 -DMBAR_EARLY=1 -DNUM_EPI_WARPS=5 -DPHASE1_UNROLL=1 -DSNAKE_ORDER=0 -DSTAGGER_CYCLES=200 -DW0_LOOP_UNROLL=4 ... 2.840 ms / 1542 TFLOPS  (183 regs, 5.8s)
[166/270] -DINTERLEAVE_STRATEGY=1 -DK_LOOP_UNROLL=6 -DMBAR_EARLY=1 -DNUM_EPI_WARPS=5 -DPHASE1_UNROLL=1 -DSNAKE_ORDER=0 -DSTAGGER_CYCLES=200 -DSUB_MMA_UNROLL=1 ... 2.856 ms / 1534 TFLOPS  (175 regs, 6.1s)
[167/270] -DINTERLEAVE_STRATEGY=1 -DK_LOOP_UNROLL=6 -DMBAR_EARLY=1 -DNUM_EPI_WARPS=5 -DPHASE1_UNROLL=1 -DSNAKE_ORDER=0 -DSTAGGER_CYCLES=200 -DSUB_MMA_UNROLL=1 -DW0_LOOP_UNROLL=1 ... 2.846 ms / 1539 TFLOPS  (159 regs, 5.8s)
[168/270] -DINTERLEAVE_STRATEGY=1 -DK_LOOP_UNROLL=6 -DMBAR_EARLY=1 -DNUM_EPI_WARPS=5 -DPHASE1_UNROLL=1 -DSNAKE_ORDER=0 -DSTAGGER_CYCLES=200 -DSUB_MMA_UNROLL=1 -DW0_LOOP_UNROLL=4 ... 2.841 ms / 1542 TFLOPS  (175 regs, 6.0s)
[169/270] -DINTERLEAVE_STRATEGY=1 -DK_LOOP_UNROLL=6 -DMBAR_EARLY=1 -DNUM_EPI_WARPS=5 -DPHASE1_UNROLL=1 -DSNAKE_ORDER=0 -DSTAGGER_CYCLES=200 -DSUB_MMA_UNROLL=3 ... 2.846 ms / 1539 TFLOPS  (186 regs, 5.8s)
[170/270] -DINTERLEAVE_STRATEGY=1 -DK_LOOP_UNROLL=6 -DMBAR_EARLY=1 -DNUM_EPI_WARPS=5 -DPHASE1_UNROLL=1 -DSNAKE_ORDER=0 -DSTAGGER_CYCLES=200 -DSUB_MMA_UNROLL=3 -DW0_LOOP_UNROLL=1 ... 2.835 ms / 1545 TFLOPS  (168 regs, 6.0s)
[171/270] -DINTERLEAVE_STRATEGY=1 -DK_LOOP_UNROLL=6 -DMBAR_EARLY=1 -DNUM_EPI_WARPS=5 -DPHASE1_UNROLL=1 -DSNAKE_ORDER=0 -DSTAGGER_CYCLES=200 -DSUB_MMA_UNROLL=3 -DW0_LOOP_UNROLL=4 ... 2.844 ms / 1540 TFLOPS  (183 regs, 5.9s)
[172/270] -DINTERLEAVE_STRATEGY=1 -DK_LOOP_UNROLL=6 -DMBAR_EARLY=1 -DNUM_EPI_WARPS=5 -DPHASE1_UNROLL=1 -DSTAGGER_CYCLES=200 ... 2.790 ms / 1570 TFLOPS  (186 regs, 6.0s)
[173/270] -DINTERLEAVE_STRATEGY=1 -DK_LOOP_UNROLL=6 -DMBAR_EARLY=1 -DNUM_EPI_WARPS=5 -DPHASE1_UNROLL=1 -DSTAGGER_CYCLES=200 -DW0_LOOP_UNROLL=1 ... 2.722 ms / 1609 TFLOPS  (168 regs, 6.0s)
[174/270] -DINTERLEAVE_STRATEGY=1 -DK_LOOP_UNROLL=6 -DMBAR_EARLY=1 -DNUM_EPI_WARPS=5 -DPHASE1_UNROLL=1 -DSTAGGER_CYCLES=200 -DW0_LOOP_UNROLL=4 ... 2.770 ms / 1581 TFLOPS  (183 regs, 6.0s)
[175/270] -DINTERLEAVE_STRATEGY=1 -DK_LOOP_UNROLL=6 -DMBAR_EARLY=1 -DNUM_EPI_WARPS=5 -DPHASE1_UNROLL=1 -DSTAGGER_CYCLES=200 -DSUB_MMA_UNROLL=1 ... 2.790 ms / 1570 TFLOPS  (175 regs, 6.0s)
[176/270] -DINTERLEAVE_STRATEGY=1 -DK_LOOP_UNROLL=6 -DMBAR_EARLY=1 -DNUM_EPI_WARPS=5 -DPHASE1_UNROLL=1 -DSTAGGER_CYCLES=200 -DSUB_MMA_UNROLL=1 -DW0_LOOP_UNROLL=1 ... 2.752 ms / 1592 TFLOPS  (159 regs, 5.8s)
[177/270] -DINTERLEAVE_STRATEGY=1 -DK_LOOP_UNROLL=6 -DMBAR_EARLY=1 -DNUM_EPI_WARPS=5 -DPHASE1_UNROLL=1 -DSTAGGER_CYCLES=200 -DSUB_MMA_UNROLL=1 -DW0_LOOP_UNROLL=4 ... 2.795 ms / 1567 TFLOPS  (175 regs, 6.0s)
[178/270] -DINTERLEAVE_STRATEGY=1 -DK_LOOP_UNROLL=6 -DMBAR_EARLY=1 -DNUM_EPI_WARPS=5 -DPHASE1_UNROLL=1 -DSTAGGER_CYCLES=200 -DSUB_MMA_UNROLL=3 ... 2.795 ms / 1567 TFLOPS  (186 regs, 5.8s)
[179/270] -DINTERLEAVE_STRATEGY=1 -DK_LOOP_UNROLL=6 -DMBAR_EARLY=1 -DNUM_EPI_WARPS=5 -DPHASE1_UNROLL=1 -DSTAGGER_CYCLES=200 -DSUB_MMA_UNROLL=3 -DW0_LOOP_UNROLL=1 ... 2.723 ms / 1609 TFLOPS  (168 regs, 5.9s)
[180/270] -DINTERLEAVE_STRATEGY=1 -DK_LOOP_UNROLL=6 -DMBAR_EARLY=1 -DNUM_EPI_WARPS=5 -DPHASE1_UNROLL=1 -DSTAGGER_CYCLES=200 -DSUB_MMA_UNROLL=3 -DW0_LOOP_UNROLL=4 ... 2.772 ms / 1580 TFLOPS  (183 regs, 5.9s)
[181/270] -DINTERLEAVE_STRATEGY=1 -DK_LOOP_UNROLL=6 -DMBAR_EARLY=1 -DNUM_EPI_WARPS=5 -DSNAKE_ORDER=0 -DSTAGGER_CYCLES=200 ... 2.755 ms / 1590 TFLOPS  (223 regs, 6.1s)
[182/270] -DINTERLEAVE_STRATEGY=1 -DK_LOOP_UNROLL=6 -DMBAR_EARLY=1 -DNUM_EPI_WARPS=5 -DSNAKE_ORDER=0 -DSTAGGER_CYCLES=200 -DW0_LOOP_UNROLL=1 ... 2.685 ms / 1632 TFLOPS  (212 regs, 6.0s)
[183/270] -DINTERLEAVE_STRATEGY=1 -DK_LOOP_UNROLL=6 -DMBAR_EARLY=1 -DNUM_EPI_WARPS=5 -DSNAKE_ORDER=0 -DSTAGGER_CYCLES=200 -DW0_LOOP_UNROLL=4 ... 2.721 ms / 1609 TFLOPS  (223 regs, 6.2s)
[184/270] -DINTERLEAVE_STRATEGY=1 -DK_LOOP_UNROLL=6 -DMBAR_EARLY=1 -DNUM_EPI_WARPS=5 -DSNAKE_ORDER=0 -DSTAGGER_CYCLES=200 -DSUB_MMA_UNROLL=1 ... 2.676 ms / 1637 TFLOPS  (217 regs, 6.1s)
[185/270] -DINTERLEAVE_STRATEGY=1 -DK_LOOP_UNROLL=6 -DMBAR_EARLY=1 -DNUM_EPI_WARPS=5 -DSNAKE_ORDER=0 -DSTAGGER_CYCLES=200 -DSUB_MMA_UNROLL=1 -DW0_LOOP_UNROLL=1 ... 2.682 ms / 1633 TFLOPS  (206 regs, 5.9s)
[186/270] -DINTERLEAVE_STRATEGY=1 -DK_LOOP_UNROLL=6 -DMBAR_EARLY=1 -DNUM_EPI_WARPS=5 -DSNAKE_ORDER=0 -DSTAGGER_CYCLES=200 -DSUB_MMA_UNROLL=1 -DW0_LOOP_UNROLL=4 ... 2.659 ms / 1648 TFLOPS  (217 regs, 6.1s)
[187/270] -DINTERLEAVE_STRATEGY=1 -DK_LOOP_UNROLL=6 -DMBAR_EARLY=1 -DNUM_EPI_WARPS=5 -DSNAKE_ORDER=0 -DSTAGGER_CYCLES=200 -DSUB_MMA_UNROLL=3 ... 2.756 ms / 1589 TFLOPS  (223 regs, 6.1s)
[188/270] -DINTERLEAVE_STRATEGY=1 -DK_LOOP_UNROLL=6 -DMBAR_EARLY=1 -DNUM_EPI_WARPS=5 -DSNAKE_ORDER=0 -DSTAGGER_CYCLES=200 -DSUB_MMA_UNROLL=3 -DW0_LOOP_UNROLL=1 ... 2.685 ms / 1632 TFLOPS  (212 regs, 6.2s)
[189/270] -DINTERLEAVE_STRATEGY=1 -DK_LOOP_UNROLL=6 -DMBAR_EARLY=1 -DNUM_EPI_WARPS=5 -DSNAKE_ORDER=0 -DSTAGGER_CYCLES=200 -DSUB_MMA_UNROLL=3 -DW0_LOOP_UNROLL=4 ... 2.720 ms / 1611 TFLOPS  (223 regs, 5.9s)
[190/270] -DINTERLEAVE_STRATEGY=1 -DK_LOOP_UNROLL=6 -DMBAR_EARLY=1 -DNUM_EPI_WARPS=5 -DSTAGGER_CYCLES=200 ... 2.763 ms / 1585 TFLOPS  (223 regs, 6.2s)
[191/270] -DINTERLEAVE_STRATEGY=1 -DK_LOOP_UNROLL=6 -DMBAR_EARLY=1 -DNUM_EPI_WARPS=5 -DSTAGGER_CYCLES=200 -DW0_LOOP_UNROLL=1 ... 2.674 ms / 1638 TFLOPS  (212 regs, 6.1s)
[192/270] -DINTERLEAVE_STRATEGY=1 -DK_LOOP_UNROLL=6 -DMBAR_EARLY=1 -DNUM_EPI_WARPS=5 -DSTAGGER_CYCLES=200 -DW0_LOOP_UNROLL=4 ... 2.727 ms / 1606 TFLOPS  (223 regs, 6.2s)
[193/270] -DINTERLEAVE_STRATEGY=1 -DK_LOOP_UNROLL=6 -DMBAR_EARLY=1 -DNUM_EPI_WARPS=5 -DSTAGGER_CYCLES=200 -DSUB_MMA_UNROLL=1 ... 2.680 ms / 1634 TFLOPS  (217 regs, 5.9s)
[194/270] -DINTERLEAVE_STRATEGY=1 -DK_LOOP_UNROLL=6 -DMBAR_EARLY=1 -DNUM_EPI_WARPS=5 -DSTAGGER_CYCLES=200 -DSUB_MMA_UNROLL=1 -DW0_LOOP_UNROLL=1 ... 2.684 ms / 1632 TFLOPS  (206 regs, 6.2s)
[195/270] -DINTERLEAVE_STRATEGY=1 -DK_LOOP_UNROLL=6 -DMBAR_EARLY=1 -DNUM_EPI_WARPS=5 -DSTAGGER_CYCLES=200 -DSUB_MMA_UNROLL=1 -DW0_LOOP_UNROLL=4 ... 2.656 ms / 1649 TFLOPS  (217 regs, 6.1s)
[196/270] -DINTERLEAVE_STRATEGY=1 -DK_LOOP_UNROLL=6 -DMBAR_EARLY=1 -DNUM_EPI_WARPS=5 -DSTAGGER_CYCLES=200 -DSUB_MMA_UNROLL=3 ... 2.761 ms / 1586 TFLOPS  (223 regs, 6.1s)
[197/270] -DINTERLEAVE_STRATEGY=1 -DK_LOOP_UNROLL=6 -DMBAR_EARLY=1 -DNUM_EPI_WARPS=5 -DSTAGGER_CYCLES=200 -DSUB_MMA_UNROLL=3 -DW0_LOOP_UNROLL=1 ... 2.676 ms / 1637 TFLOPS  (212 regs, 6.0s)
[198/270] -DINTERLEAVE_STRATEGY=1 -DK_LOOP_UNROLL=6 -DMBAR_EARLY=1 -DNUM_EPI_WARPS=5 -DSTAGGER_CYCLES=200 -DSUB_MMA_UNROLL=3 -DW0_LOOP_UNROLL=4 ... 2.727 ms / 1606 TFLOPS  (223 regs, 6.4s)
[199/270] -DINTERLEAVE_STRATEGY=1 -DK_LOOP_UNROLL=6 -DMBAR_EARLY=1 -DNUM_EPI_WARPS=5 -DPHASE1_UNROLL=4 -DSNAKE_ORDER=0 -DSTAGGER_CYCLES=200 ... 4.282 ms / 1023 TFLOPS  (232 regs, 6.6s)
[200/270] -DINTERLEAVE_STRATEGY=1 -DK_LOOP_UNROLL=6 -DMBAR_EARLY=1 -DNUM_EPI_WARPS=5 -DPHASE1_UNROLL=4 -DSNAKE_ORDER=0 -DSTAGGER_CYCLES=200 -DW0_LOOP_UNROLL=1 ... 4.091 ms / 1071 TFLOPS  (216 regs, 6.5s)
[201/270] -DINTERLEAVE_STRATEGY=1 -DK_LOOP_UNROLL=6 -DMBAR_EARLY=1 -DNUM_EPI_WARPS=5 -DPHASE1_UNROLL=4 -DSNAKE_ORDER=0 -DSTAGGER_CYCLES=200 -DW0_LOOP_UNROLL=4 ... 4.163 ms / 1052 TFLOPS  (232 regs, 6.3s)
[202/270] -DINTERLEAVE_STRATEGY=1 -DK_LOOP_UNROLL=6 -DMBAR_EARLY=1 -DNUM_EPI_WARPS=5 -DPHASE1_UNROLL=4 -DSNAKE_ORDER=0 -DSTAGGER_CYCLES=200 -DSUB_MMA_UNROLL=1 ... 4.078 ms / 1074 TFLOPS  (224 regs, 6.6s)
[203/270] -DINTERLEAVE_STRATEGY=1 -DK_LOOP_UNROLL=6 -DMBAR_EARLY=1 -DNUM_EPI_WARPS=5 -DPHASE1_UNROLL=4 -DSNAKE_ORDER=0 -DSTAGGER_CYCLES=200 -DSUB_MMA_UNROLL=1 -DW0_LOOP_UNROLL=1 ... 3.917 ms / 1118 TFLOPS  (207 regs, 6.5s)
[204/270] -DINTERLEAVE_STRATEGY=1 -DK_LOOP_UNROLL=6 -DMBAR_EARLY=1 -DNUM_EPI_WARPS=5 -DPHASE1_UNROLL=4 -DSNAKE_ORDER=0 -DSTAGGER_CYCLES=200 -DSUB_MMA_UNROLL=1 -DW0_LOOP_UNROLL=4 ... 4.058 ms / 1079 TFLOPS  (224 regs, 6.4s)
[205/270] -DINTERLEAVE_STRATEGY=1 -DK_LOOP_UNROLL=6 -DMBAR_EARLY=1 -DNUM_EPI_WARPS=5 -DPHASE1_UNROLL=4 -DSNAKE_ORDER=0 -DSTAGGER_CYCLES=200 -DSUB_MMA_UNROLL=3 ... 4.282 ms / 1023 TFLOPS  (232 regs, 6.7s)
[206/270] -DINTERLEAVE_STRATEGY=1 -DK_LOOP_UNROLL=6 -DMBAR_EARLY=1 -DNUM_EPI_WARPS=5 -DPHASE1_UNROLL=4 -DSNAKE_ORDER=0 -DSTAGGER_CYCLES=200 -DSUB_MMA_UNROLL=3 -DW0_LOOP_UNROLL=1 ... 4.093 ms / 1070 TFLOPS  (216 regs, 6.7s)
[207/270] -DINTERLEAVE_STRATEGY=1 -DK_LOOP_UNROLL=6 -DMBAR_EARLY=1 -DNUM_EPI_WARPS=5 -DPHASE1_UNROLL=4 -DSNAKE_ORDER=0 -DSTAGGER_CYCLES=200 -DSUB_MMA_UNROLL=3 -DW0_LOOP_UNROLL=4 ... 4.163 ms / 1052 TFLOPS  (232 regs, 6.6s)
[208/270] -DINTERLEAVE_STRATEGY=1 -DK_LOOP_UNROLL=6 -DMBAR_EARLY=1 -DNUM_EPI_WARPS=5 -DPHASE1_UNROLL=4 -DSTAGGER_CYCLES=200 ... 4.291 ms / 1021 TFLOPS  (232 regs, 6.6s)
[209/270] -DINTERLEAVE_STRATEGY=1 -DK_LOOP_UNROLL=6 -DMBAR_EARLY=1 -DNUM_EPI_WARPS=5 -DPHASE1_UNROLL=4 -DSTAGGER_CYCLES=200 -DW0_LOOP_UNROLL=1 ... 4.055 ms / 1080 TFLOPS  (216 regs, 6.5s)
[210/270] -DINTERLEAVE_STRATEGY=1 -DK_LOOP_UNROLL=6 -DMBAR_EARLY=1 -DNUM_EPI_WARPS=5 -DPHASE1_UNROLL=4 -DSTAGGER_CYCLES=200 -DW0_LOOP_UNROLL=4 ... 4.207 ms / 1041 TFLOPS  (232 regs, 6.4s)
[211/270] -DINTERLEAVE_STRATEGY=1 -DK_LOOP_UNROLL=6 -DMBAR_EARLY=1 -DNUM_EPI_WARPS=5 -DPHASE1_UNROLL=4 -DSTAGGER_CYCLES=200 -DSUB_MMA_UNROLL=1 ... 4.113 ms / 1065 TFLOPS  (224 regs, 6.6s)
[212/270] -DINTERLEAVE_STRATEGY=1 -DK_LOOP_UNROLL=6 -DMBAR_EARLY=1 -DNUM_EPI_WARPS=5 -DPHASE1_UNROLL=4 -DSTAGGER_CYCLES=200 -DSUB_MMA_UNROLL=1 -DW0_LOOP_UNROLL=1 ... 3.928 ms / 1115 TFLOPS  (207 regs, 6.4s)
[213/270] -DINTERLEAVE_STRATEGY=1 -DK_LOOP_UNROLL=6 -DMBAR_EARLY=1 -DNUM_EPI_WARPS=5 -DPHASE1_UNROLL=4 -DSTAGGER_CYCLES=200 -DSUB_MMA_UNROLL=1 -DW0_LOOP_UNROLL=4 ... 4.057 ms / 1080 TFLOPS  (224 regs, 6.6s)
[214/270] -DINTERLEAVE_STRATEGY=1 -DK_LOOP_UNROLL=6 -DMBAR_EARLY=1 -DNUM_EPI_WARPS=5 -DPHASE1_UNROLL=4 -DSTAGGER_CYCLES=200 -DSUB_MMA_UNROLL=3 ... 4.292 ms / 1021 TFLOPS  (232 regs, 6.5s)
[215/270] -DINTERLEAVE_STRATEGY=1 -DK_LOOP_UNROLL=6 -DMBAR_EARLY=1 -DNUM_EPI_WARPS=5 -DPHASE1_UNROLL=4 -DSTAGGER_CYCLES=200 -DSUB_MMA_UNROLL=3 -DW0_LOOP_UNROLL=1 ... 4.054 ms / 1080 TFLOPS  (216 regs, 6.5s)
[216/270] -DINTERLEAVE_STRATEGY=1 -DK_LOOP_UNROLL=6 -DMBAR_EARLY=1 -DNUM_EPI_WARPS=5 -DPHASE1_UNROLL=4 -DSTAGGER_CYCLES=200 -DSUB_MMA_UNROLL=3 -DW0_LOOP_UNROLL=4 ... 4.205 ms / 1042 TFLOPS  (232 regs, 6.4s)
[217/270] -DINTERLEAVE_STRATEGY=1 -DK_LOOP_UNROLL=8 -DMBAR_EARLY=1 -DNUM_EPI_WARPS=5 -DPHASE1_UNROLL=1 -DSNAKE_ORDER=0 -DSTAGGER_CYCLES=200 ... 2.824 ms / 1551 TFLOPS  (222 regs, 5.9s)
[218/270] -DINTERLEAVE_STRATEGY=1 -DK_LOOP_UNROLL=8 -DMBAR_EARLY=1 -DNUM_EPI_WARPS=5 -DPHASE1_UNROLL=1 -DSNAKE_ORDER=0 -DSTAGGER_CYCLES=200 -DW0_LOOP_UNROLL=1 ... 2.873 ms / 1525 TFLOPS  (203 regs, 5.9s)
[219/270] -DINTERLEAVE_STRATEGY=1 -DK_LOOP_UNROLL=8 -DMBAR_EARLY=1 -DNUM_EPI_WARPS=5 -DPHASE1_UNROLL=1 -DSNAKE_ORDER=0 -DSTAGGER_CYCLES=200 -DW0_LOOP_UNROLL=4 ... 2.858 ms / 1532 TFLOPS  (219 regs, 5.9s)
[220/270] -DINTERLEAVE_STRATEGY=1 -DK_LOOP_UNROLL=8 -DMBAR_EARLY=1 -DNUM_EPI_WARPS=5 -DPHASE1_UNROLL=1 -DSNAKE_ORDER=0 -DSTAGGER_CYCLES=200 -DSUB_MMA_UNROLL=1 ... 2.852 ms / 1536 TFLOPS  (175 regs, 6.0s)
[221/270] -DINTERLEAVE_STRATEGY=1 -DK_LOOP_UNROLL=8 -DMBAR_EARLY=1 -DNUM_EPI_WARPS=5 -DPHASE1_UNROLL=1 -DSNAKE_ORDER=0 -DSTAGGER_CYCLES=200 -DSUB_MMA_UNROLL=1 -DW0_LOOP_UNROLL=1 ... 2.839 ms / 1543 TFLOPS  (159 regs, 6.0s)
[222/270] -DINTERLEAVE_STRATEGY=1 -DK_LOOP_UNROLL=8 -DMBAR_EARLY=1 -DNUM_EPI_WARPS=5 -DPHASE1_UNROLL=1 -DSNAKE_ORDER=0 -DSTAGGER_CYCLES=200 -DSUB_MMA_UNROLL=1 -DW0_LOOP_UNROLL=4 ... 2.848 ms / 1538 TFLOPS  (175 regs, 5.9s)
[223/270] -DINTERLEAVE_STRATEGY=1 -DK_LOOP_UNROLL=8 -DMBAR_EARLY=1 -DNUM_EPI_WARPS=5 -DPHASE1_UNROLL=1 -DSNAKE_ORDER=0 -DSTAGGER_CYCLES=200 -DSUB_MMA_UNROLL=3 ... 2.827 ms / 1549 TFLOPS  (222 regs, 5.9s)
[224/270] -DINTERLEAVE_STRATEGY=1 -DK_LOOP_UNROLL=8 -DMBAR_EARLY=1 -DNUM_EPI_WARPS=5 -DPHASE1_UNROLL=1 -DSNAKE_ORDER=0 -DSTAGGER_CYCLES=200 -DSUB_MMA_UNROLL=3 -DW0_LOOP_UNROLL=1 ... 2.872 ms / 1525 TFLOPS  (203 regs, 5.8s)
[225/270] -DINTERLEAVE_STRATEGY=1 -DK_LOOP_UNROLL=8 -DMBAR_EARLY=1 -DNUM_EPI_WARPS=5 -DPHASE1_UNROLL=1 -DSNAKE_ORDER=0 -DSTAGGER_CYCLES=200 -DSUB_MMA_UNROLL=3 -DW0_LOOP_UNROLL=4 ... 2.854 ms / 1535 TFLOPS  (219 regs, 6.2s)
[226/270] -DINTERLEAVE_STRATEGY=1 -DK_LOOP_UNROLL=8 -DMBAR_EARLY=1 -DNUM_EPI_WARPS=5 -DPHASE1_UNROLL=1 -DSTAGGER_CYCLES=200 ... 2.755 ms / 1590 TFLOPS  (222 regs, 5.9s)
[227/270] -DINTERLEAVE_STRATEGY=1 -DK_LOOP_UNROLL=8 -DMBAR_EARLY=1 -DNUM_EPI_WARPS=5 -DPHASE1_UNROLL=1 -DSTAGGER_CYCLES=200 -DW0_LOOP_UNROLL=1 ... 2.806 ms / 1561 TFLOPS  (203 regs, 6.2s)
[228/270] -DINTERLEAVE_STRATEGY=1 -DK_LOOP_UNROLL=8 -DMBAR_EARLY=1 -DNUM_EPI_WARPS=5 -DPHASE1_UNROLL=1 -DSTAGGER_CYCLES=200 -DW0_LOOP_UNROLL=4 ... 2.803 ms / 1562 TFLOPS  (219 regs, 6.0s)
[229/270] -DINTERLEAVE_STRATEGY=1 -DK_LOOP_UNROLL=8 -DMBAR_EARLY=1 -DNUM_EPI_WARPS=5 -DPHASE1_UNROLL=1 -DSTAGGER_CYCLES=200 -DSUB_MMA_UNROLL=1 ... 2.786 ms / 1572 TFLOPS  (175 regs, 6.0s)
[230/270] -DINTERLEAVE_STRATEGY=1 -DK_LOOP_UNROLL=8 -DMBAR_EARLY=1 -DNUM_EPI_WARPS=5 -DPHASE1_UNROLL=1 -DSTAGGER_CYCLES=200 -DSUB_MMA_UNROLL=1 -DW0_LOOP_UNROLL=1 ... 2.746 ms / 1595 TFLOPS  (159 regs, 5.8s)
[231/270] -DINTERLEAVE_STRATEGY=1 -DK_LOOP_UNROLL=8 -DMBAR_EARLY=1 -DNUM_EPI_WARPS=5 -DPHASE1_UNROLL=1 -DSTAGGER_CYCLES=200 -DSUB_MMA_UNROLL=1 -DW0_LOOP_UNROLL=4 ... 2.795 ms / 1567 TFLOPS  (175 regs, 5.8s)
[232/270] -DINTERLEAVE_STRATEGY=1 -DK_LOOP_UNROLL=8 -DMBAR_EARLY=1 -DNUM_EPI_WARPS=5 -DPHASE1_UNROLL=1 -DSTAGGER_CYCLES=200 -DSUB_MMA_UNROLL=3 ... 2.756 ms / 1590 TFLOPS  (222 regs, 5.8s)
[233/270] -DINTERLEAVE_STRATEGY=1 -DK_LOOP_UNROLL=8 -DMBAR_EARLY=1 -DNUM_EPI_WARPS=5 -DPHASE1_UNROLL=1 -DSTAGGER_CYCLES=200 -DSUB_MMA_UNROLL=3 -DW0_LOOP_UNROLL=1 ... 2.806 ms / 1561 TFLOPS  (203 regs, 5.9s)
[234/270] -DINTERLEAVE_STRATEGY=1 -DK_LOOP_UNROLL=8 -DMBAR_EARLY=1 -DNUM_EPI_WARPS=5 -DPHASE1_UNROLL=1 -DSTAGGER_CYCLES=200 -DSUB_MMA_UNROLL=3 -DW0_LOOP_UNROLL=4 ... 2.803 ms / 1562 TFLOPS  (219 regs, 5.9s)
[235/270] -DINTERLEAVE_STRATEGY=1 -DK_LOOP_UNROLL=8 -DMBAR_EARLY=1 -DNUM_EPI_WARPS=5 -DSNAKE_ORDER=0 -DSTAGGER_CYCLES=200 ... 2.629 ms / 1666 TFLOPS  (245 regs, 5.9s)
[236/270] -DINTERLEAVE_STRATEGY=1 -DK_LOOP_UNROLL=8 -DMBAR_EARLY=1 -DNUM_EPI_WARPS=5 -DSNAKE_ORDER=0 -DSTAGGER_CYCLES=200 -DW0_LOOP_UNROLL=1 ... 2.657 ms / 1648 TFLOPS  (241 regs, 6.2s)
[237/270] -DINTERLEAVE_STRATEGY=1 -DK_LOOP_UNROLL=8 -DMBAR_EARLY=1 -DNUM_EPI_WARPS=5 -DSNAKE_ORDER=0 -DSTAGGER_CYCLES=200 -DW0_LOOP_UNROLL=4 ... 2.609 ms / 1679 TFLOPS  (245 regs, 6.1s)
[238/270] -DINTERLEAVE_STRATEGY=1 -DK_LOOP_UNROLL=8 -DMBAR_EARLY=1 -DNUM_EPI_WARPS=5 -DSNAKE_ORDER=0 -DSTAGGER_CYCLES=200 -DSUB_MMA_UNROLL=1 ... 2.676 ms / 1637 TFLOPS  (217 regs, 6.2s)
[239/270] -DINTERLEAVE_STRATEGY=1 -DK_LOOP_UNROLL=8 -DMBAR_EARLY=1 -DNUM_EPI_WARPS=5 -DSNAKE_ORDER=0 -DSTAGGER_CYCLES=200 -DSUB_MMA_UNROLL=1 -DW0_LOOP_UNROLL=1 ... 2.695 ms / 1625 TFLOPS  (206 regs, 6.0s)
[240/270] -DINTERLEAVE_STRATEGY=1 -DK_LOOP_UNROLL=8 -DMBAR_EARLY=1 -DNUM_EPI_WARPS=5 -DSNAKE_ORDER=0 -DSTAGGER_CYCLES=200 -DSUB_MMA_UNROLL=1 -DW0_LOOP_UNROLL=4 ... 2.660 ms / 1647 TFLOPS  (217 regs, 6.2s)
[241/270] -DINTERLEAVE_STRATEGY=1 -DK_LOOP_UNROLL=8 -DMBAR_EARLY=1 -DNUM_EPI_WARPS=5 -DSNAKE_ORDER=0 -DSTAGGER_CYCLES=200 -DSUB_MMA_UNROLL=3 ... 2.632 ms / 1664 TFLOPS  (245 regs, 6.2s)
[242/270] -DINTERLEAVE_STRATEGY=1 -DK_LOOP_UNROLL=8 -DMBAR_EARLY=1 -DNUM_EPI_WARPS=5 -DSNAKE_ORDER=0 -DSTAGGER_CYCLES=200 -DSUB_MMA_UNROLL=3 -DW0_LOOP_UNROLL=1 ... 2.658 ms / 1648 TFLOPS  (241 regs, 6.2s)
[243/270] -DINTERLEAVE_STRATEGY=1 -DK_LOOP_UNROLL=8 -DMBAR_EARLY=1 -DNUM_EPI_WARPS=5 -DSNAKE_ORDER=0 -DSTAGGER_CYCLES=200 -DSUB_MMA_UNROLL=3 -DW0_LOOP_UNROLL=4 ... 2.608 ms / 1680 TFLOPS  (245 regs, 6.2s)
[244/270] -DINTERLEAVE_STRATEGY=1 -DK_LOOP_UNROLL=8 -DMBAR_EARLY=1 -DNUM_EPI_WARPS=5 -DSTAGGER_CYCLES=200 ... 2.629 ms / 1666 TFLOPS  (245 regs, 6.0s)
[245/270] -DINTERLEAVE_STRATEGY=1 -DK_LOOP_UNROLL=8 -DMBAR_EARLY=1 -DNUM_EPI_WARPS=5 -DSTAGGER_CYCLES=200 -DW0_LOOP_UNROLL=1 ... 2.663 ms / 1645 TFLOPS  (241 regs, 6.2s)
[246/270] -DINTERLEAVE_STRATEGY=1 -DK_LOOP_UNROLL=8 -DMBAR_EARLY=1 -DNUM_EPI_WARPS=5 -DSTAGGER_CYCLES=200 -DW0_LOOP_UNROLL=4 ... 2.607 ms / 1680 TFLOPS  (245 regs, 6.2s)
[247/270] -DINTERLEAVE_STRATEGY=1 -DK_LOOP_UNROLL=8 -DMBAR_EARLY=1 -DNUM_EPI_WARPS=5 -DSTAGGER_CYCLES=200 -DSUB_MMA_UNROLL=1 ... 2.681 ms / 1634 TFLOPS  (217 regs, 6.1s)
[248/270] -DINTERLEAVE_STRATEGY=1 -DK_LOOP_UNROLL=8 -DMBAR_EARLY=1 -DNUM_EPI_WARPS=5 -DSTAGGER_CYCLES=200 -DSUB_MMA_UNROLL=1 -DW0_LOOP_UNROLL=1 ... 2.685 ms / 1632 TFLOPS  (206 regs, 5.9s)
[249/270] -DINTERLEAVE_STRATEGY=1 -DK_LOOP_UNROLL=8 -DMBAR_EARLY=1 -DNUM_EPI_WARPS=5 -DSTAGGER_CYCLES=200 -DSUB_MMA_UNROLL=1 -DW0_LOOP_UNROLL=4 ... 2.659 ms / 1647 TFLOPS  (217 regs, 6.2s)
[250/270] -DINTERLEAVE_STRATEGY=1 -DK_LOOP_UNROLL=8 -DMBAR_EARLY=1 -DNUM_EPI_WARPS=5 -DSTAGGER_CYCLES=200 -DSUB_MMA_UNROLL=3 ... 2.631 ms / 1665 TFLOPS  (245 regs, 6.0s)
[251/270] -DINTERLEAVE_STRATEGY=1 -DK_LOOP_UNROLL=8 -DMBAR_EARLY=1 -DNUM_EPI_WARPS=5 -DSTAGGER_CYCLES=200 -DSUB_MMA_UNROLL=3 -DW0_LOOP_UNROLL=1 ... 2.661 ms / 1646 TFLOPS  (241 regs, 6.2s)
[252/270] -DINTERLEAVE_STRATEGY=1 -DK_LOOP_UNROLL=8 -DMBAR_EARLY=1 -DNUM_EPI_WARPS=5 -DSTAGGER_CYCLES=200 -DSUB_MMA_UNROLL=3 -DW0_LOOP_UNROLL=4 ... 2.607 ms / 1680 TFLOPS  (245 regs, 6.1s)
[253/270] -DINTERLEAVE_STRATEGY=1 -DK_LOOP_UNROLL=8 -DMBAR_EARLY=1 -DNUM_EPI_WARPS=5 -DPHASE1_UNROLL=4 -DSNAKE_ORDER=0 -DSTAGGER_CYCLES=200 ... 4.216 ms / 1039 TFLOPS  (244 regs, 6.4s)
[254/270] -DINTERLEAVE_STRATEGY=1 -DK_LOOP_UNROLL=8 -DMBAR_EARLY=1 -DNUM_EPI_WARPS=5 -DPHASE1_UNROLL=4 -DSNAKE_ORDER=0 -DSTAGGER_CYCLES=200 -DW0_LOOP_UNROLL=1 ... 4.052 ms / 1081 TFLOPS  (241 regs, 6.6s)
[255/270] -DINTERLEAVE_STRATEGY=1 -DK_LOOP_UNROLL=8 -DMBAR_EARLY=1 -DNUM_EPI_WARPS=5 -DPHASE1_UNROLL=4 -DSNAKE_ORDER=0 -DSTAGGER_CYCLES=200 -DW0_LOOP_UNROLL=4 ... 4.169 ms / 1051 TFLOPS  (244 regs, 6.6s)
[256/270] -DINTERLEAVE_STRATEGY=1 -DK_LOOP_UNROLL=8 -DMBAR_EARLY=1 -DNUM_EPI_WARPS=5 -DPHASE1_UNROLL=4 -DSNAKE_ORDER=0 -DSTAGGER_CYCLES=200 -DSUB_MMA_UNROLL=1 ... 4.078 ms / 1074 TFLOPS  (224 regs, 6.6s)
[257/270] -DINTERLEAVE_STRATEGY=1 -DK_LOOP_UNROLL=8 -DMBAR_EARLY=1 -DNUM_EPI_WARPS=5 -DPHASE1_UNROLL=4 -DSNAKE_ORDER=0 -DSTAGGER_CYCLES=200 -DSUB_MMA_UNROLL=1 -DW0_LOOP_UNROLL=1 ... 3.919 ms / 1118 TFLOPS  (207 regs, 6.5s)
[258/270] -DINTERLEAVE_STRATEGY=1 -DK_LOOP_UNROLL=8 -DMBAR_EARLY=1 -DNUM_EPI_WARPS=5 -DPHASE1_UNROLL=4 -DSNAKE_ORDER=0 -DSTAGGER_CYCLES=200 -DSUB_MMA_UNROLL=1 -DW0_LOOP_UNROLL=4 ... 4.058 ms / 1079 TFLOPS  (224 regs, 6.4s)
[259/270] -DINTERLEAVE_STRATEGY=1 -DK_LOOP_UNROLL=8 -DMBAR_EARLY=1 -DNUM_EPI_WARPS=5 -DPHASE1_UNROLL=4 -DSNAKE_ORDER=0 -DSTAGGER_CYCLES=200 -DSUB_MMA_UNROLL=3 ... 4.217 ms / 1039 TFLOPS  (244 regs, 6.3s)
[260/270] -DINTERLEAVE_STRATEGY=1 -DK_LOOP_UNROLL=8 -DMBAR_EARLY=1 -DNUM_EPI_WARPS=5 -DPHASE1_UNROLL=4 -DSNAKE_ORDER=0 -DSTAGGER_CYCLES=200 -DSUB_MMA_UNROLL=3 -DW0_LOOP_UNROLL=1 ... 4.049 ms / 1082 TFLOPS  (241 regs, 6.5s)
[261/270] -DINTERLEAVE_STRATEGY=1 -DK_LOOP_UNROLL=8 -DMBAR_EARLY=1 -DNUM_EPI_WARPS=5 -DPHASE1_UNROLL=4 -DSNAKE_ORDER=0 -DSTAGGER_CYCLES=200 -DSUB_MMA_UNROLL=3 -DW0_LOOP_UNROLL=4 ... 4.169 ms / 1051 TFLOPS  (244 regs, 6.6s)
[262/270] -DINTERLEAVE_STRATEGY=1 -DK_LOOP_UNROLL=8 -DMBAR_EARLY=1 -DNUM_EPI_WARPS=5 -DPHASE1_UNROLL=4 -DSTAGGER_CYCLES=200 ... 4.223 ms / 1037 TFLOPS  (244 regs, 6.5s)
[263/270] -DINTERLEAVE_STRATEGY=1 -DK_LOOP_UNROLL=8 -DMBAR_EARLY=1 -DNUM_EPI_WARPS=5 -DPHASE1_UNROLL=4 -DSTAGGER_CYCLES=200 -DW0_LOOP_UNROLL=1 ... 4.065 ms / 1078 TFLOPS  (241 regs, 6.5s)
[264/270] -DINTERLEAVE_STRATEGY=1 -DK_LOOP_UNROLL=8 -DMBAR_EARLY=1 -DNUM_EPI_WARPS=5 -DPHASE1_UNROLL=4 -DSTAGGER_CYCLES=200 -DW0_LOOP_UNROLL=4 ... 4.168 ms / 1051 TFLOPS  (244 regs, 6.5s)
[265/270] -DINTERLEAVE_STRATEGY=1 -DK_LOOP_UNROLL=8 -DMBAR_EARLY=1 -DNUM_EPI_WARPS=5 -DPHASE1_UNROLL=4 -DSTAGGER_CYCLES=200 -DSUB_MMA_UNROLL=1 ... 4.117 ms / 1064 TFLOPS  (224 regs, 6.3s)
[266/270] -DINTERLEAVE_STRATEGY=1 -DK_LOOP_UNROLL=8 -DMBAR_EARLY=1 -DNUM_EPI_WARPS=5 -DPHASE1_UNROLL=4 -DSTAGGER_CYCLES=200 -DSUB_MMA_UNROLL=1 -DW0_LOOP_UNROLL=1 ... 3.927 ms / 1115 TFLOPS  (207 regs, 6.5s)
[267/270] -DINTERLEAVE_STRATEGY=1 -DK_LOOP_UNROLL=8 -DMBAR_EARLY=1 -DNUM_EPI_WARPS=5 -DPHASE1_UNROLL=4 -DSTAGGER_CYCLES=200 -DSUB_MMA_UNROLL=1 -DW0_LOOP_UNROLL=4 ... 4.057 ms / 1080 TFLOPS  (224 regs, 6.6s)
[268/270] -DINTERLEAVE_STRATEGY=1 -DK_LOOP_UNROLL=8 -DMBAR_EARLY=1 -DNUM_EPI_WARPS=5 -DPHASE1_UNROLL=4 -DSTAGGER_CYCLES=200 -DSUB_MMA_UNROLL=3 ... 4.223 ms / 1037 TFLOPS  (244 regs, 6.3s)
[269/270] -DINTERLEAVE_STRATEGY=1 -DK_LOOP_UNROLL=8 -DMBAR_EARLY=1 -DNUM_EPI_WARPS=5 -DPHASE1_UNROLL=4 -DSTAGGER_CYCLES=200 -DSUB_MMA_UNROLL=3 -DW0_LOOP_UNROLL=1 ... 4.065 ms / 1078 TFLOPS  (241 regs, 6.7s)
[270/270] -DINTERLEAVE_STRATEGY=1 -DK_LOOP_UNROLL=8 -DMBAR_EARLY=1 -DNUM_EPI_WARPS=5 -DPHASE1_UNROLL=4 -DSTAGGER_CYCLES=200 -DSUB_MMA_UNROLL=3 -DW0_LOOP_UNROLL=4 ... 4.169 ms / 1051 TFLOPS  (244 regs, 6.5s)

Tier 3 winner (top-3): -DINTERLEAVE_STRATEGY=1 -DK_LOOP_UNROLL=2 -DMBAR_EARLY=1 -DNUM_EPI_WARPS=5 -DSTAGGER_CYCLES=0 -DSUB_MMA_UNROLL=1 -DW0_LOOP_UNROLL=1 → 2.477 ms / 1768 TFLOPS
  #2: -DINTERLEAVE_STRATEGY=1 -DK_LOOP_UNROLL=2 -DMBAR_EARLY=1 -DNUM_EPI_WARPS=5 -DSNAKE_ORDER=0 -DSTAGGER_CYCLES=0 -DSUB_MMA_UNROLL=1 -DW0_LOOP_UNROLL=1 → 2.482 ms / 1764 TFLOPS
  #3: -DINTERLEAVE_STRATEGY=1 -DMBAR_EARLY=1 -DNUM_EPI_WARPS=5 -DSNAKE_ORDER=0 -DSTAGGER_CYCLES=0 -DW0_LOOP_UNROLL=4 → 2.495 ms / 1755 TFLOPS

=== Tier 4: PRELOAD_MODE, PREFETCH_BEFORE_STORE ===
  Branch 1/3: -DINTERLEAVE_STRATEGY=1 -DK_LOOP_UNROLL=2 -DMBAR_EARLY=1 -DNUM_EPI_WARPS=5 -DSTAGGER_CYCLES=0 -DSUB_MMA_UNROLL=1 -DW0_LOOP_UNROLL=1
Sweep: 6 total, 6 valid, 0 pruned
Estimated time: ~0 min (6 configs × ~5s each)

[1/6] -DINTERLEAVE_STRATEGY=1 -DK_LOOP_UNROLL=2 -DMBAR_EARLY=1 -DNUM_EPI_WARPS=5 -DPRELOAD_MODE=0 -DSTAGGER_CYCLES=0 -DSUB_MMA_UNROLL=1 -DW0_LOOP_UNROLL=1 ... 2.536 ms / 1727 TFLOPS  (185 regs, 6.1s)
[2/6] -DINTERLEAVE_STRATEGY=1 -DK_LOOP_UNROLL=2 -DMBAR_EARLY=1 -DNUM_EPI_WARPS=5 -DSTAGGER_CYCLES=0 -DSUB_MMA_UNROLL=1 -DW0_LOOP_UNROLL=1 ... 2.478 ms / 1768 TFLOPS  (187 regs, 6.2s)
[3/6] -DINTERLEAVE_STRATEGY=1 -DK_LOOP_UNROLL=2 -DMBAR_EARLY=1 -DNUM_EPI_WARPS=5 -DPRELOAD_MODE=2 -DSTAGGER_CYCLES=0 -DSUB_MMA_UNROLL=1 -DW0_LOOP_UNROLL=1 ... 2.419 ms / 1811 TFLOPS  (185 regs, 6.1s)
[4/6] -DINTERLEAVE_STRATEGY=1 -DK_LOOP_UNROLL=2 -DMBAR_EARLY=1 -DNUM_EPI_WARPS=5 -DPREFETCH_BEFORE_STORE=1 -DPRELOAD_MODE=0 -DSTAGGER_CYCLES=0 -DSUB_MMA_UNROLL=1 -DW0_LOOP_UNROLL=1 ... 2.545 ms / 1721 TFLOPS  (185 regs, 6.1s)
[5/6] -DINTERLEAVE_STRATEGY=1 -DK_LOOP_UNROLL=2 -DMBAR_EARLY=1 -DNUM_EPI_WARPS=5 -DPREFETCH_BEFORE_STORE=1 -DSTAGGER_CYCLES=0 -DSUB_MMA_UNROLL=1 -DW0_LOOP_UNROLL=1 ... 2.463 ms / 1779 TFLOPS  (187 regs, 6.2s)
[6/6] -DINTERLEAVE_STRATEGY=1 -DK_LOOP_UNROLL=2 -DMBAR_EARLY=1 -DNUM_EPI_WARPS=5 -DPREFETCH_BEFORE_STORE=1 -DPRELOAD_MODE=2 -DSTAGGER_CYCLES=0 -DSUB_MMA_UNROLL=1 -DW0_LOOP_UNROLL=1 ... 2.411 ms / 1817 TFLOPS  (185 regs, 5.9s)
  Branch 2/3: -DINTERLEAVE_STRATEGY=1 -DK_LOOP_UNROLL=2 -DMBAR_EARLY=1 -DNUM_EPI_WARPS=5 -DSNAKE_ORDER=0 -DSTAGGER_CYCLES=0 -DSUB_MMA_UNROLL=1 -DW0_LOOP_UNROLL=1
Sweep: 6 total, 6 valid, 0 pruned
Estimated time: ~0 min (6 configs × ~5s each)

[1/6] -DINTERLEAVE_STRATEGY=1 -DK_LOOP_UNROLL=2 -DMBAR_EARLY=1 -DNUM_EPI_WARPS=5 -DPRELOAD_MODE=0 -DSNAKE_ORDER=0 -DSTAGGER_CYCLES=0 -DSUB_MMA_UNROLL=1 -DW0_LOOP_UNROLL=1 ... 2.535 ms / 1728 TFLOPS  (185 regs, 6.1s)
[2/6] -DINTERLEAVE_STRATEGY=1 -DK_LOOP_UNROLL=2 -DMBAR_EARLY=1 -DNUM_EPI_WARPS=5 -DSNAKE_ORDER=0 -DSTAGGER_CYCLES=0 -DSUB_MMA_UNROLL=1 -DW0_LOOP_UNROLL=1 ... 2.483 ms / 1764 TFLOPS  (187 regs, 6.1s)
[3/6] -DINTERLEAVE_STRATEGY=1 -DK_LOOP_UNROLL=2 -DMBAR_EARLY=1 -DNUM_EPI_WARPS=5 -DPRELOAD_MODE=2 -DSNAKE_ORDER=0 -DSTAGGER_CYCLES=0 -DSUB_MMA_UNROLL=1 -DW0_LOOP_UNROLL=1 ... 2.444 ms / 1792 TFLOPS  (185 regs, 5.9s)
[4/6] -DINTERLEAVE_STRATEGY=1 -DK_LOOP_UNROLL=2 -DMBAR_EARLY=1 -DNUM_EPI_WARPS=5 -DPREFETCH_BEFORE_STORE=1 -DPRELOAD_MODE=0 -DSNAKE_ORDER=0 -DSTAGGER_CYCLES=0 -DSUB_MMA_UNROLL=1 -DW0_LOOP_UNROLL=1 ... 2.523 ms / 1736 TFLOPS  (185 regs, 6.1s)
[5/6] -DINTERLEAVE_STRATEGY=1 -DK_LOOP_UNROLL=2 -DMBAR_EARLY=1 -DNUM_EPI_WARPS=5 -DPREFETCH_BEFORE_STORE=1 -DSNAKE_ORDER=0 -DSTAGGER_CYCLES=0 -DSUB_MMA_UNROLL=1 -DW0_LOOP_UNROLL=1 ... 2.469 ms / 1774 TFLOPS  (187 regs, 5.9s)
[6/6] -DINTERLEAVE_STRATEGY=1 -DK_LOOP_UNROLL=2 -DMBAR_EARLY=1 -DNUM_EPI_WARPS=5 -DPREFETCH_BEFORE_STORE=1 -DPRELOAD_MODE=2 -DSNAKE_ORDER=0 -DSTAGGER_CYCLES=0 -DSUB_MMA_UNROLL=1 -DW0_LOOP_UNROLL=1 ... 2.440 ms / 1795 TFLOPS  (185 regs, 6.0s)
  Branch 3/3: -DINTERLEAVE_STRATEGY=1 -DMBAR_EARLY=1 -DNUM_EPI_WARPS=5 -DSNAKE_ORDER=0 -DSTAGGER_CYCLES=0 -DW0_LOOP_UNROLL=4
Sweep: 6 total, 6 valid, 0 pruned
Estimated time: ~0 min (6 configs × ~5s each)

[1/6] -DINTERLEAVE_STRATEGY=1 -DMBAR_EARLY=1 -DNUM_EPI_WARPS=5 -DPRELOAD_MODE=0 -DSNAKE_ORDER=0 -DSTAGGER_CYCLES=0 -DW0_LOOP_UNROLL=4 ... 2.495 ms / 1756 TFLOPS  (242 regs, 6.1s)
[2/6] -DINTERLEAVE_STRATEGY=1 -DMBAR_EARLY=1 -DNUM_EPI_WARPS=5 -DSNAKE_ORDER=0 -DSTAGGER_CYCLES=0 -DW0_LOOP_UNROLL=4 ... 2.496 ms / 1755 TFLOPS  (244 regs, 6.2s)
[3/6] -DINTERLEAVE_STRATEGY=1 -DMBAR_EARLY=1 -DNUM_EPI_WARPS=5 -DPRELOAD_MODE=2 -DSNAKE_ORDER=0 -DSTAGGER_CYCLES=0 -DW0_LOOP_UNROLL=4 ... 2.532 ms / 1730 TFLOPS  (243 regs, 5.9s)
[4/6] -DINTERLEAVE_STRATEGY=1 -DMBAR_EARLY=1 -DNUM_EPI_WARPS=5 -DPREFETCH_BEFORE_STORE=1 -DPRELOAD_MODE=0 -DSNAKE_ORDER=0 -DSTAGGER_CYCLES=0 -DW0_LOOP_UNROLL=4 ... 2.490 ms / 1759 TFLOPS  (242 regs, 6.3s)
[5/6] -DINTERLEAVE_STRATEGY=1 -DMBAR_EARLY=1 -DNUM_EPI_WARPS=5 -DPREFETCH_BEFORE_STORE=1 -DSNAKE_ORDER=0 -DSTAGGER_CYCLES=0 -DW0_LOOP_UNROLL=4 ... 2.474 ms / 1771 TFLOPS  (244 regs, 6.2s)
[6/6] -DINTERLEAVE_STRATEGY=1 -DMBAR_EARLY=1 -DNUM_EPI_WARPS=5 -DPREFETCH_BEFORE_STORE=1 -DPRELOAD_MODE=2 -DSNAKE_ORDER=0 -DSTAGGER_CYCLES=0 -DW0_LOOP_UNROLL=4 ... 2.516 ms / 1741 TFLOPS  (243 regs, 6.1s)

Tier 4 winner (top-3): -DINTERLEAVE_STRATEGY=1 -DK_LOOP_UNROLL=2 -DMBAR_EARLY=1 -DNUM_EPI_WARPS=5 -DPREFETCH_BEFORE_STORE=1 -DPRELOAD_MODE=2 -DSTAGGER_CYCLES=0 -DSUB_MMA_UNROLL=1 -DW0_LOOP_UNROLL=1 → 2.411 ms / 1817 TFLOPS
  #2: -DINTERLEAVE_STRATEGY=1 -DK_LOOP_UNROLL=2 -DMBAR_EARLY=1 -DNUM_EPI_WARPS=5 -DPRELOAD_MODE=2 -DSTAGGER_CYCLES=0 -DSUB_MMA_UNROLL=1 -DW0_LOOP_UNROLL=1 → 2.419 ms / 1811 TFLOPS
  #3: -DINTERLEAVE_STRATEGY=1 -DK_LOOP_UNROLL=2 -DMBAR_EARLY=1 -DNUM_EPI_WARPS=5 -DPREFETCH_BEFORE_STORE=1 -DSTAGGER_CYCLES=0 -DSUB_MMA_UNROLL=1 -DW0_LOOP_UNROLL=1 → 2.463 ms / 1779 TFLOPS

=== Tier 5: GELU_VARIANT ===
  Branch 1/3: -DINTERLEAVE_STRATEGY=1 -DK_LOOP_UNROLL=2 -DMBAR_EARLY=1 -DNUM_EPI_WARPS=5 -DPREFETCH_BEFORE_STORE=1 -DPRELOAD_MODE=2 -DSTAGGER_CYCLES=0 -DSUB_MMA_UNROLL=1 -DW0_LOOP_UNROLL=1
Sweep: 3 total, 3 valid, 0 pruned
Estimated time: ~0 min (3 configs × ~5s each)

[1/3] -DINTERLEAVE_STRATEGY=1 -DK_LOOP_UNROLL=2 -DMBAR_EARLY=1 -DNUM_EPI_WARPS=5 -DPREFETCH_BEFORE_STORE=1 -DPRELOAD_MODE=2 -DSTAGGER_CYCLES=0 -DSUB_MMA_UNROLL=1 -DW0_LOOP_UNROLL=1 ... 2.410 ms / 1817 TFLOPS  (185 regs, 6.0s)
[2/3] -DGELU_VARIANT=4 -DINTERLEAVE_STRATEGY=1 -DK_LOOP_UNROLL=2 -DMBAR_EARLY=1 -DNUM_EPI_WARPS=5 -DPREFETCH_BEFORE_STORE=1 -DPRELOAD_MODE=2 -DSTAGGER_CYCLES=0 -DSUB_MMA_UNROLL=1 -DW0_LOOP_UNROLL=1 ... 2.419 ms / 1811 TFLOPS  (183 regs, 6.2s)
[3/3] -DGELU_VARIANT=5 -DINTERLEAVE_STRATEGY=1 -DK_LOOP_UNROLL=2 -DMBAR_EARLY=1 -DNUM_EPI_WARPS=5 -DPREFETCH_BEFORE_STORE=1 -DPRELOAD_MODE=2 -DSTAGGER_CYCLES=0 -DSUB_MMA_UNROLL=1 -DW0_LOOP_UNROLL=1 ... 2.409 ms / 1818 TFLOPS  (185 regs, 5.9s)
  Branch 2/3: -DINTERLEAVE_STRATEGY=1 -DK_LOOP_UNROLL=2 -DMBAR_EARLY=1 -DNUM_EPI_WARPS=5 -DPRELOAD_MODE=2 -DSTAGGER_CYCLES=0 -DSUB_MMA_UNROLL=1 -DW0_LOOP_UNROLL=1
Sweep: 3 total, 3 valid, 0 pruned
Estimated time: ~0 min (3 configs × ~5s each)

[1/3] -DINTERLEAVE_STRATEGY=1 -DK_LOOP_UNROLL=2 -DMBAR_EARLY=1 -DNUM_EPI_WARPS=5 -DPRELOAD_MODE=2 -DSTAGGER_CYCLES=0 -DSUB_MMA_UNROLL=1 -DW0_LOOP_UNROLL=1 ... 2.420 ms / 1810 TFLOPS  (185 regs, 6.1s)
[2/3] -DGELU_VARIANT=4 -DINTERLEAVE_STRATEGY=1 -DK_LOOP_UNROLL=2 -DMBAR_EARLY=1 -DNUM_EPI_WARPS=5 -DPRELOAD_MODE=2 -DSTAGGER_CYCLES=0 -DSUB_MMA_UNROLL=1 -DW0_LOOP_UNROLL=1 ... 2.422 ms / 1809 TFLOPS  (183 regs, 6.0s)
[3/3] -DGELU_VARIANT=5 -DINTERLEAVE_STRATEGY=1 -DK_LOOP_UNROLL=2 -DMBAR_EARLY=1 -DNUM_EPI_WARPS=5 -DPRELOAD_MODE=2 -DSTAGGER_CYCLES=0 -DSUB_MMA_UNROLL=1 -DW0_LOOP_UNROLL=1 ... 2.418 ms / 1811 TFLOPS  (185 regs, 6.0s)
  Branch 3/3: -DINTERLEAVE_STRATEGY=1 -DK_LOOP_UNROLL=2 -DMBAR_EARLY=1 -DNUM_EPI_WARPS=5 -DPREFETCH_BEFORE_STORE=1 -DSTAGGER_CYCLES=0 -DSUB_MMA_UNROLL=1 -DW0_LOOP_UNROLL=1
Sweep: 3 total, 3 valid, 0 pruned
Estimated time: ~0 min (3 configs × ~5s each)

[1/3] -DINTERLEAVE_STRATEGY=1 -DK_LOOP_UNROLL=2 -DMBAR_EARLY=1 -DNUM_EPI_WARPS=5 -DPREFETCH_BEFORE_STORE=1 -DSTAGGER_CYCLES=0 -DSUB_MMA_UNROLL=1 -DW0_LOOP_UNROLL=1 ... 2.462 ms / 1779 TFLOPS  (187 regs, 6.1s)
[2/3] -DGELU_VARIANT=4 -DINTERLEAVE_STRATEGY=1 -DK_LOOP_UNROLL=2 -DMBAR_EARLY=1 -DNUM_EPI_WARPS=5 -DPREFETCH_BEFORE_STORE=1 -DSTAGGER_CYCLES=0 -DSUB_MMA_UNROLL=1 -DW0_LOOP_UNROLL=1 ... 2.523 ms / 1736 TFLOPS  (187 regs, 6.1s)
[3/3] -DGELU_VARIANT=5 -DINTERLEAVE_STRATEGY=1 -DK_LOOP_UNROLL=2 -DMBAR_EARLY=1 -DNUM_EPI_WARPS=5 -DPREFETCH_BEFORE_STORE=1 -DSTAGGER_CYCLES=0 -DSUB_MMA_UNROLL=1 -DW0_LOOP_UNROLL=1 ... 2.487 ms / 1761 TFLOPS  (187 regs, 6.2s)

Tier 5 winner (top-3): -DGELU_VARIANT=5 -DINTERLEAVE_STRATEGY=1 -DK_LOOP_UNROLL=2 -DMBAR_EARLY=1 -DNUM_EPI_WARPS=5 -DPREFETCH_BEFORE_STORE=1 -DPRELOAD_MODE=2 -DSTAGGER_CYCLES=0 -DSUB_MMA_UNROLL=1 -DW0_LOOP_UNROLL=1 → 2.409 ms / 1818 TFLOPS
  #2: -DINTERLEAVE_STRATEGY=1 -DK_LOOP_UNROLL=2 -DMBAR_EARLY=1 -DNUM_EPI_WARPS=5 -DPREFETCH_BEFORE_STORE=1 -DPRELOAD_MODE=2 -DSTAGGER_CYCLES=0 -DSUB_MMA_UNROLL=1 -DW0_LOOP_UNROLL=1 → 2.410 ms / 1817 TFLOPS
  #3: -DGELU_VARIANT=4 -DINTERLEAVE_STRATEGY=1 -DK_LOOP_UNROLL=2 -DMBAR_EARLY=1 -DNUM_EPI_WARPS=5 -DPREFETCH_BEFORE_STORE=1 -DPRELOAD_MODE=2 -DSTAGGER_CYCLES=0 -DSUB_MMA_UNROLL=1 -DW0_LOOP_UNROLL=1 → 2.419 ms / 1811 TFLOPS

@@GRID_WINNER -DGELU_VARIANT=5 -DINTERLEAVE_STRATEGY=1 -DK_LOOP_UNROLL=2 -DMBAR_EARLY=1 -DNUM_EPI_WARPS=5 -DPREFETCH_BEFORE_STORE=1 -DPRELOAD_MODE=2 -DSTAGGER_CYCLES=0 -DSUB_MMA_UNROLL=1 -DW0_LOOP_UNROLL=1

================================================================================
RESULTS (sorted by ms)
================================================================================
  #  STG  EPI  INTER  MBAR  TMEM  STAG  PH1U  SNAKE  FUSE  KLU  W0U  SMU  PRLD  PFBS  GELU  TMAR  REGS     SMEM       MS   TFLOPS  STATUS
-----------------------------------------------------------------------------------------------------------------------------------------
  1    4    5      1     1    32     0     2      1     1    2    1    1     2     1     5     0   185   209.0K    2.409     1818  BEST
  2    4    5      1     1    32     0     2      1     1    2    1    1     2     1     0     0   185   209.0K    2.410     1817  OK
  3    4    5      1     1    32     0     2      1     1    2    1    1     2     1     0     0   185   209.0K    2.411     1817  OK
  4    4    5      1     1    32     0     2      1     1    2    1    1     2     0     5     0   185   209.0K    2.418     1811  OK
  5    4    5      1     1    32     0     2      1     1    2    1    1     2     0     0     0   185   209.0K    2.419     1811  OK
  6    4    5      1     1    32     0     2      1     1    2    1    1     2     1     4     0   183   209.0K    2.419     1811  OK
  7    4    5      1     1    32     0     2      1     1    2    1    1     2     0     0     0   185   209.0K    2.420     1810  OK
  8    4    5      1     1    32     0     2      1     1    2    1    1     2     0     4     0   183   209.0K    2.422     1809  OK
  9    4    5      1     1    32     0     2      0     1    2    1    1     2     1     0     0   185   209.0K    2.440     1795  OK
 10    4    5      1     1    32     0     2      0     1    2    1    1     2     0     0     0   185   209.0K    2.444     1792  OK
 11    4    5      1     1    32     0     2      1     1    2    1    1     1     1     0     0   187   209.0K    2.462     1779  OK
 12    4    5      1     1    32     0     2      1     1    2    1    1     1     1     0     0   187   209.0K    2.463     1779  OK
 13    4    5      1     1    32     0     2      0     1    2    1    1     1     1     0     0   187   209.0K    2.469     1774  OK
 14    4    5      1     1    32     0     2      0     1    4    4    0     1     1     0     0   244   209.0K    2.474     1771  OK
 15    4    5      1     1    32     0     2      1     1    2    1    1     1     0     0     0   187   209.0K    2.477     1768  OK
 16    4    5      1     1    32     0     2      1     1    2    1    1     1     0     0     0   187   209.0K    2.478     1768  OK
 17    4    5      1     1    32     0     2      0     1    2    1    1     1     0     0     0   187   209.0K    2.482     1764  OK
 18    4    5      1     1    32     0     2      0     1    2    1    1     1     0     0     0   187   209.0K    2.483     1764  OK
 19    4    5      1     1    32     0     2      1     1    2    1    1     1     1     5     0   187   209.0K    2.487     1761  OK
 20    4    5      1     1    32     0     2      0     1    4    4    0     0     1     0     0   242   209.0K    2.490     1759  OK
 21    4    5      1     1    32     0     2      0     1    4    4    0     1     0     0     0   244   209.0K    2.495     1755  OK
 22    4    5      1     1    32     0     2      0     1    4    4    0     0     0     0     0   242   209.0K    2.495     1756  OK
 23    4    5      1     1    32     0     2      0     1    4    4    3     1     0     0     0   244   209.0K    2.496     1755  OK
 24    4    5      1     1    32     0     2      0     1    4    4    0     1     0     0     0   244   209.0K    2.496     1755  OK
 25    4    5      1     1    32     0     2      0     1    1    4    0     1     0     0     0   213   209.0K    2.503     1750  OK
 26    4    5      1     1    32     0     2      0     1    1    4    3     1     0     0     0   213   209.0K    2.504     1749  OK
 27    4    5      1     1    32     0     2      0     1    4    0    0     1     0     0     0   244   209.0K    2.506     1748  OK
 28    4    5      1     1    32     0     2      0     1    4    0    3     1     0     0     0   244   209.0K    2.506     1748  OK
 29    4    5      1     1    32     0     2      1     1    1    1    1     1     0     0     0   187   209.0K    2.508     1747  OK
 30    4    5      1     1    32     0     2      0     1    1    0    0     1     0     0     0   213   209.0K    2.511     1744  OK
 31    4    5      1     1    32     0     2      0     1    1    0    3     1     0     0     0   213   209.0K    2.512     1743  OK
 32    4    5      1     1    32     0     2      1     1    4    4    3     1     0     0     0   244   209.0K    2.512     1744  OK
 33    4    5      1     1    32     0     2      1     1    1    4    3     1     0     0     0   213   209.0K    2.514     1742  OK
 34    4    5      1     1    32     0     2      1     1    4    4    0     1     0     0     0   244   209.0K    2.514     1742  OK
 35    4    5      1     1    32     0     2      1     1    1    4    0     1     0     0     0   213   209.0K    2.515     1741  OK
 36    4    5      1     1    32     0     2      0     1    1    1    1     1     0     0     0   187   209.0K    2.516     1741  OK
 37    4    5      1     1    32     0     2      0     1    4    4    0     2     1     0     0   243   209.0K    2.516     1741  OK
 38    4    5      1     1    32     0     2      0     1    2    1    1     0     1     0     0   185   209.0K    2.523     1736  OK
 39    4    5      1     1    32     0     2      1     1    2    1    1     1     1     4     0   187   209.0K    2.523     1736  OK
 40    4    5      1     1    32     0     2      1     1    4    0    0     1     0     0     0   244   209.0K    2.525     1735  OK
 41    4    5      1     1    32     0     2      1     1    4    0    3     1     0     0     0   244   209.0K    2.526     1734  OK
 42    4    5      1     1    32     0     2      1     1    1    0    3     1     0     0     0   213   209.0K    2.528     1732  OK
 43    4    5      1     1    32     0     2      1     1    4    0    0     1     0     0     0   244   209.0K    2.528     1733  OK
 44    4    5      1     1    32     0     2      1     1    1    0    0     1     0     0     0   213   209.0K    2.529     1732  OK
 45    4    5      1     1    32     0     2      0     1    4    4    0     2     0     0     0   243   209.0K    2.532     1730  OK
 46    4    5      1     1    32     0     2      0     1    2    1    1     0     0     0     0   185   209.0K    2.535     1728  OK
 47    4    5      1     1    32     0     2      1     1    2    1    1     0     0     0     0   185   209.0K    2.536     1727  OK
 48    4    5      1     1    32     0     2      1     1    2    1    1     0     1     0     0   185   209.0K    2.545     1721  OK
 49    4    5      1     1    32     0     2      0     1    8    4    0     1     0     0     0   244   209.0K    2.546     1720  OK
 50    4    5      1     1    32     0     2      0     1    8    4    3     1     0     0     0   244   209.0K    2.546     1720  OK
 51    4    5      1     1    32     0     2      1     1    2    1    0     1     0     0     0   197   209.0K    2.548     1719  OK
 52    4    5      1     1    32     0     2      1     1    2    1    3     1     0     0     0   197   209.0K    2.548     1719  OK
 53    4    5      1     1    32   120     2      1     1    4    4    0     1     0     0     0   245   209.0K    2.552     1717  OK
 54    4    5      1     1    32   120     2      1     1    4    4    3     1     0     0     0   245   209.0K    2.552     1716  OK
 55    4    5      1     1    32     0     2      0     1    2    1    3     1     0     0     0   197   209.0K    2.554     1715  OK
 56    4    5      1     1    32   120     2      0     1    4    4    0     1     0     0     0   245   209.0K    2.554     1715  OK
 57    4    5      1     1    32     0     2      0     1    2    1    0     1     0     0     0   197   209.0K    2.555     1714  OK
 58    4    5      1     1    32     0     2      1     1    8    4    3     1     0     0     0   244   209.0K    2.556     1713  OK
 59    4    5      1     1    32   120     2      0     1    4    4    3     1     0     0     0   245   209.0K    2.556     1714  OK
 60    4    5      1     1    32     0     2      1     1    8    4    0     1     0     0     0   244   209.0K    2.557     1713  OK
 61    4    5      1     1    32   200     2      1     1    4    4    0     1     0     0     0   245   209.0K    2.565     1708  OK
 62    4    5      1     1    32   200     2      1     1    4    4    3     1     0     0     0   245   209.0K    2.565     1708  OK
 63    4    5      1     1    32     0     2      0     1    8    0    0     1     0     0     0   244   209.0K    2.568     1706  OK
 64    4    5      1     1    32     0     2      0     1    8    0    3     1     0     0     0   244   209.0K    2.568     1706  OK
 65    4    5      1     1    32   120     2      0     1    1    4    1     1     0     0     0   209   209.0K    2.568     1706  OK
 66    4    5      1     1    32   200     2      0     1    4    4    0     1     0     0     0   245   209.0K    2.568     1706  OK
 67    4    5      1     1    32   200     2      0     1    4    4    3     1     0     0     0   245   209.0K    2.568     1706  OK
 68    4    5      1     1    32   120     2      0     1    4    0    0     1     0     0     0   245   209.0K    2.570     1705  OK
 69    4    5      1     1    32   120     2      0     1    4    0    3     1     0     0     0   245   209.0K    2.570     1704  OK
 70    4    5      1     1    32   120     2      1     1    1    1    1     1     0     0     0   190   209.0K    2.574     1702  OK
 71    4    5      1     1    32   120     2      1     1    1    4    1     1     0     0     0   209   209.0K    2.574     1701  OK
 72    4    5      1     1    32   200     2      0     1    4    0    0     1     0     0     0   245   209.0K    2.574     1701  OK
 73    4    5      1     1    32   200     2      0     1    4    0    3     1     0     0     0   245   209.0K    2.575     1701  OK
 74    4    5      1     1    32     0     2      0     1    1    4    1     1     0     0     0   208   209.0K    2.577     1700  OK
 75    4    5      1     1    32   120     2      1     1    4    0    3     1     0     0     0   245   209.0K    2.579     1698  OK
 76    4    5      1     1    32   200     2      1     1    4    0    3     1     0     0     0   245   209.0K    2.580     1698  OK
 77    4    5      1     1    32   120     2      1     1    4    0    0     1     0     0     0   245   209.0K    2.581     1697  OK
 78    4    5      1     1    32   200     2      1     1    4    0    0     1     0     0     0   245   209.0K    2.581     1697  OK
 79    4    5      1     1    32   120     2      1     1    4    0    0     1     0     0     0   245   209.0K    2.582     1697  OK
 80    4    5      1     1    32   200     2      1     1    4    0    0     1     0     0     0   245   209.0K    2.582     1697  OK
 81    4    5      1     1    32   160     2      1     1    4    0    0     1     0     0     0   245   209.0K    2.583     1696  OK
 82    4    5      1     1    32   120     2      0     1    1    1    1     1     0     0     0   190   209.0K    2.583     1696  OK
 83    4    5      1     1    32     0     2      1     1    1    4    1     1     0     0     0   208   209.0K    2.584     1695  OK
 84    4    5      1     1    32   100     2      1     1    4    0    0     1     0     0     0   245   209.0K    2.586     1694  OK
 85    4    5      1     1    32   120     2      0     1    2    1    1     1     0     0     0   189   209.0K    2.586     1694  OK
 86    4    5      1     1    32    80     2      1     1    4    0    0     1     0     0     0   245   209.0K    2.587     1693  OK
 87    4    5      1     0    32     0     2      1     1    4    0    0     1     0     0     0   243   209.0K    2.588     1693  OK
 88    4    5      1     1    32     0     2      0     1    2    4    3     1     0     0     0   213   209.0K    2.588     1692  OK
 89    4    5      1     1    32     0     2      1     1    8    0    3     1     0     0     0   244   209.0K    2.588     1693  OK
 90    4    5      1     1    32     0     2      0     1    2    4    0     1     0     0     0   213   209.0K    2.589     1692  OK
 91    4    5      1     1    32     0     2      1     1    8    0    0     1     0     0     0   244   209.0K    2.589     1692  OK
 92    4    5      1     1    32   120     2      1     1    8    4    0     1     0     0     0   245   209.0K    2.590     1691  OK
 93    4    5      1     1    32   120     2      1     1    8    4    3     1     0     0     0   245   209.0K    2.590     1691  OK
 94    4    5      1     1    32    60     2      1     1    4    0    0     1     0     0     0   245   209.0K    2.593     1689  OK
 95    4    5      1     1    32   120     2      1     1    2    1    1     1     0     0     0   189   209.0K    2.593     1689  OK
 96    4    5      1     1    32   120     2      0     1    8    4    3     1     0     0     0   245   209.0K    2.593     1689  OK
 97    4    5      1     1    32   120     2      0     1    8    4    0     1     0     0     0   245   209.0K    2.594     1688  OK
 98    4    5      1     1    32     0     2      0     1    1    1    0     1     0     0     0   196   209.0K    2.597     1687  OK
 99    4    5      1     1    32     0     2      0     1    1    1    3     1     0     0     0   196   209.0K    2.597     1686  OK
100    4    5      1     1    32    40     2      1     1    4    0    0     1     0     0     0   245   209.0K    2.598     1686  OK
101    4    5      1     1    32     0     2      1     1    2    4    0     1     0     0     0   213   209.0K    2.602     1683  OK
102    4    5      1     1    32     0     2      1     1    2    4    3     1     0     0     0   213   209.0K    2.602     1683  OK
103    4    5      1     1    32     0     2      1     1    1    1    0     1     0     0     0   196   209.0K    2.603     1683  OK
104    4    5      1     1    32     0     2      1     1    1    1    3     1     0     0     0   196   209.0K    2.603     1683  OK
105    4    5      1     1    32     0     2      0     1    1    0    1     1     0     0     0   208   209.0K    2.605     1682  OK
106    4    5      1     1    32   120     2      0     1    1    0    1     1     0     0     0   209   209.0K    2.605     1682  OK
107    4    5      1     1    32   200     2      1     1    8    4    0     1     0     0     0   245   209.0K    2.607     1680  OK
108    4    5      1     1    32   200     2      1     1    8    4    3     1     0     0     0   245   209.0K    2.607     1680  OK
109    4    5      1     1    32   120     2      1     1    1    1    0     1     0     0     0   197   209.0K    2.608     1679  OK
110    4    5      1     1    32   120     2      1     1    1    1    3     1     0     0     0   197   209.0K    2.608     1679  OK
111    4    5      1     1    32   200     2      0     1    8    4    3     1     0     0     0   245   209.0K    2.608     1680  OK
112    4    5      1     1    32   200     2      0     1    8    4    0     1     0     0     0   245   209.0K    2.609     1679  OK
113    4    5      1     1    32   120     2      1     1    4    1    0     1     0     0     0   241   209.0K    2.613     1676  OK
114    4    5      1     1    32   120     2      0     1    4    1    0     1     0     0     0   241   209.0K    2.614     1675  OK
115    4    5      1     1    32   120     2      0     1    4    1    3     1     0     0     0   241   209.0K    2.615     1675  OK
116    4    5      1     1    32   120     2      0     1    1    1    3     1     0     0     0   197   209.0K    2.616     1674  OK
117    4    5      1     1    32   120     2      1     1    4    1    3     1     0     0     0   241   209.0K    2.616     1675  OK
118    4    5      1     1    32     0     2      0     1    6    1    0     1     0     0     0   212   209.0K    2.617     1674  OK
119    4    5      1     1    32     0     2      0     1    6    1    3     1     0     0     0   212   209.0K    2.617     1674  OK
120    4    5      1     1    32   120     2      0     1    1    1    0     1     0     0     0   197   209.0K    2.617     1674  OK
121    4    5      1     1    32   120     2      1     1    8    0    0     1     0     0     0   245   209.0K    2.617     1674  OK
122    4    5      1     1    32   120     2      1     1    1    0    1     1     0     0     0   209   209.0K    2.618     1673  OK
123    4    5      1     1    32   120     2      1     1    8    0    3     1     0     0     0   245   209.0K    2.618     1673  OK
124    4    5      1     1    32     0     2      0     1    2    0    3     1     0     0     0   213   209.0K    2.619     1672  OK
125    4    5      1     1    32     0     2      0     1    8    4    1     1     0     0     0   215   209.0K    2.619     1672  OK
126    4    5      1     1    32   120     2      0     1    2    4    1     1     0     0     0   209   209.0K    2.619     1672  OK
127    4    5      1     1    32   120     2      0     1    8    0    3     1     0     0     0   245   209.0K    2.619     1672  OK
128    4    5      1     1    32     0     2      0     1    2    0    0     1     0     0     0   213   209.0K    2.620     1672  OK
129    4    5      1     1    32     0     2      0     1    6    4    1     1     0     0     0   215   209.0K    2.620     1672  OK
130    4    5      1     1    32   120     2      0     1    8    0    0     1     0     0     0   245   209.0K    2.620     1672  OK
131    4    5      1     1    32   200     2      1     1    4    1    0     1     0     0     0   241   209.0K    2.620     1672  OK
132    4    5      1     1    32     0     2      1     1    1    0    1     1     0     0     0   208   209.0K    2.621     1671  OK
133    4    5      1     0    32   120     2      1     1    4    0    0     1     0     0     0   243   209.0K    2.622     1671  OK
134    4    5      1     0    32   160     2      1     1    4    0    0     1     0     0     0   243   209.0K    2.622     1671  OK
135    4    5      1     0    32   200     2      1     1    4    0    0     1     0     0     0   243   209.0K    2.622     1670  OK
136    4    5      1     1    32   200     2      0     1    4    1    3     1     0     0     0   241   209.0K    2.622     1670  OK
137    4    5      1     1    32     0     2      1     1    6    1    3     1     0     0     0   212   209.0K    2.623     1670  OK
138    4    5      1     1    32   200     2      1     1    4    1    3     1     0     0     0   241   209.0K    2.623     1670  OK
139    4    5      1     1    32     0     2      1     1    6    1    0     1     0     0     0   212   209.0K    2.624     1669  OK
140    4    5      1     1    32   200     2      0     1    4    1    0     1     0     0     0   241   209.0K    2.626     1668  OK
141    4    5      1     1    32   200     2      0     1    8    0    0     1     0     0     0   245   209.0K    2.629     1666  OK
142    4    5      1     1    32   200     2      1     1    8    0    0     1     0     0     0   245   209.0K    2.629     1666  OK
143    4    5      1     1    32     0     2      0     1    4    4    1     1     0     0     0   215   209.0K    2.630     1665  OK
144    4    5      1     1    32     0     2      0     1    6    0    1     1     0     0     0   215   209.0K    2.630     1665  OK
145    4    5      1     1    32     0     2      0     1    6    1    1     1     0     0     0   204   209.0K    2.630     1665  OK
146    4    5      1     1    32     0     2      0     1    8    0    1     1     0     0     0   215   209.0K    2.630     1665  OK
147    4    5      1     1    32     0     2      0     1    8    1    1     1     0     0     0   204   209.0K    2.630     1665  OK
148    4    5      1     1    32     0     2      1     1    2    0    0     1     0     0     0   213   209.0K    2.631     1665  OK
149    4    5      1     1    32     0     2      0     1    4    1    1     1     0     0     0   204   209.0K    2.631     1665  OK
150    4    5      1     1    32   200     2      1     1    8    0    3     1     0     0     0   245   209.0K    2.631     1665  OK
151    4    5      1     1    32     0     2      1     1    6    1    1     1     0     0     0   204   209.0K    2.632     1664  OK
152    4    5      1     1    32     0     2      1     1    8    1    1     1     0     0     0   204   209.0K    2.632     1664  OK
153    4    5      1     1    32   200     2      0     1    8    0    3     1     0     0     0   245   209.0K    2.632     1664  OK
154    4    5      1     1    32     0     2      1     1    2    0    3     1     0     0     0   213   209.0K    2.633     1664  OK
155    4    5      1     1    32   120     2      1     1    2    4    1     1     0     0     0   209   209.0K    2.633     1664  OK
156    4    5      1     1    32     0     2      0     1    2    4    1     1     0     0     0   208   209.0K    2.634     1663  OK
157    4    5      1     0    32    80     2      1     1    4    0    0     1     0     0     0   243   209.0K    2.635     1662  OK
158    4    5      1     1    32     0     2      1     1    4    4    1     1     0     0     0   215   209.0K    2.635     1662  OK
159    4    5      1     0    32   100     2      1     1    4    0    0     1     0     0     0   243   209.0K    2.636     1662  OK
160    4    5      3     1    32     0     2      1     1    4    0    0     1     0     0     0   244   209.0K    2.636     1661  OK
161    4    5      1     1    32     0     2      1     1    6    4    1     1     0     0     0   215   209.0K    2.636     1662  OK
162    4    5      1     1    32     0     2      1     1    8    4    1     1     0     0     0   215   209.0K    2.636     1662  OK
163    4    5      2     1    32   200     2      1     1    4    0    0     1     0     0     0   244   209.0K    2.637     1661  OK
164    4    5      1     0    32    60     2      1     1    4    0    0     1     0     0     0   243   209.0K    2.638     1661  OK
165    4    5      2     1    32   160     2      1     1    4    0    0     1     0     0     0   244   209.0K    2.638     1660  OK
166    4    5      1     1    32     0     2      0     1    4    1    0     1     0     0     0   242   209.0K    2.638     1660  OK
167    4    5      1     1    32     0     2      1     1    4    1    3     1     0     0     0   242   209.0K    2.638     1661  OK
168    4    5      1     0    32    40     2      1     1    4    0    0     1     0     0     0   243   209.0K    2.639     1660  OK
169    4    5      1     1    32     0     2      0     1    4    1    3     1     0     0     0   242   209.0K    2.639     1659  OK
170    4    5      1     1    32     0     2      1     1    4    1    0     1     0     0     0   242   209.0K    2.640     1659  OK
171    4    5      1     1    32   200     2      0     1    1    0    1     1     0     0     0   209   209.0K    2.640     1659  OK
172    4    5      1     1    32     0     2      1     1    4    1    1     1     0     0     0   204   209.0K    2.641     1658  OK
173    4    5      1     1    32   120     2      1     1    2    1    0     1     0     0     0   197   209.0K    2.641     1658  OK
174    4    5      1     1    32   120     2      1     1    2    1    3     1     0     0     0   197   209.0K    2.643     1657  OK
175    4    5      1     1    32     0     1      1     1    6    0    0     1     0     0     0   186   209.0K    2.645     1656  OK
176    4    5      1     1    32   120     2      0     1    1    4    0     1     0     0     0   213   209.0K    2.645     1656  OK
177    4    5      1     1    32   120     2      0     1    1    4    3     1     0     0     0   213   209.0K    2.645     1656  OK
178    4    5      1     1    32   120     2      1     1    1    4    3     1     0     0     0   213   209.0K    2.645     1656  OK
179    4    5      1     1    32   120     2      1     1    1    4    0     1     0     0     0   213   209.0K    2.646     1655  OK
180    4    5      0     1    32   120     2      1     1    4    0    0     1     0     0     0   243   209.0K    2.647     1655  OK
181    4    5      1     1    32     0     1      1     1    6    0    3     1     0     0     0   186   209.0K    2.647     1655  OK
182    4    5      1     1    32   120     2      0     1    2    1    0     1     0     0     0   197   209.0K    2.647     1655  OK
183    4    5      1     1    32   120     2      0     1    2    1    3     1     0     0     0   197   209.0K    2.647     1655  OK
184    4    5      0     1    32   160     2      1     1    4    0    0     1     0     0     0   243   209.0K    2.648     1654  OK
185    4    5      0     1    32   200     2      1     1    4    0    0     1     0     0     0   243   209.0K    2.648     1654  OK
186    4    5      1     1    32     0     1      1     1    1    0    3     1     0     0     0   168   209.0K    2.648     1654  OK
187    4    5      1     1    32   120     2      1     1    8    1    0     1     0     0     0   241   209.0K    2.648     1654  OK
188    4    5      1     1    32   200     2      1     1    1    1    0     1     0     0     0   197   209.0K    2.648     1654  OK
189    4    5      1     1    32     0     1      1     1    1    0    0     1     0     0     0   168   209.0K    2.649     1653  OK
190    4    5      1     1    32     0     1      1     1    1    4    3     1     0     0     0   168   209.0K    2.649     1653  OK
191    4    5      1     1    32     0     2      1     1    2    4    1     1     0     0     0   208   209.0K    2.649     1653  OK
192    4    5      1     1    32   120     2      1     1    8    1    3     1     0     0     0   241   209.0K    2.649     1654  OK
193    4    5      2     1    32   120     2      1     1    4    0    0     1     0     0     0   244   209.0K    2.650     1653  OK
194    4    5      1     1    32     0     1      1     1    1    4    0     1     0     0     0   168   209.0K    2.650     1653  OK
195    4    5      1     1    32     0     1      0     1    6    0    3     1     0     0     0   186   209.0K    2.650     1653  OK
196    4    5      1     1    32     0     1      1     1    2    0    3     1     0     0     0   168   209.0K    2.652     1652  OK
197    4    5      1     1    32     0     1      1     1    2    4    3     1     0     0     0   168   209.0K    2.652     1651  OK
198    4    5      1     1    32     0     2      0     1    4    0    1     1     0     0     0   215   209.0K    2.652     1651  OK
199    4    5      1     1    32     0     1      0     1    6    0    0     1     0     0     0   186   209.0K    2.652     1652  OK
200    4    5      1     1    32   200     2      1     1    2    1    3     1     0     0     0   197   209.0K    2.652     1652  OK
201    4    5      1     1    32     0     1      1     1    2    0    0     1     0     0     0   168   209.0K    2.653     1651  OK
202    4    5      1     1    32     0     1      1     1    2    4    0     1     0     0     0   168   209.0K    2.653     1651  OK
203    4    5      1     1    32     0     2      1     1    8    0    1     1     0     0     0   215   209.0K    2.653     1651  OK
204    4    5      1     1    32   120     2      0     1    8    1    3     1     0     0     0   241   209.0K    2.653     1651  OK
205    4    5      1     1    32   200     2      1     1    2    1    0     1     0     0     0   197   209.0K    2.653     1651  OK
206    4    5      1     1    32     0     1      0     1    1    0    0     1     0     0     0   168   209.0K    2.654     1650  OK
207    4    5      1     1    32     0     1      1     1    1    1    1     1     0     0     0   145   209.0K    2.654     1650  OK
208    4    5      1     1    32     0     2      1     1    4    0    1     1     0     0     0   215   209.0K    2.654     1650  OK
209    4    5      1     1    32     0     2      1     1    6    0    1     1     0     0     0   215   209.0K    2.654     1651  OK
210    4    5      1     1    32   120     2      1     1    4    1    1     1     0     0     0   206   209.0K    2.654     1650  OK
211    4    5      1     1    32   120     2      0     1    8    1    0     1     0     0     0   241   209.0K    2.654     1650  OK
212    4    5      1     1    32   120     2      1     1    8    4    1     1     0     0     0   217   209.0K    2.655     1650  OK
213    4    5      1     1    32   200     2      0     1    2    1    0     1     0     0     0   197   209.0K    2.655     1650  OK
214    4    5      1     1    32     0     1      0     1    1    4    0     1     0     0     0   168   209.0K    2.656     1649  OK
215    4    5      1     1    32     0     1      0     1    1    4    3     1     0     0     0   168   209.0K    2.656     1649  OK
216    4    5      1     1    32     0     1      0     1    2    0    0     1     0     0     0   168   209.0K    2.656     1649  OK
217    4    5      1     1    32   200     2      0     1    2    1    3     1     0     0     0   197   209.0K    2.656     1649  OK
218    4    5      1     1    32   200     2      1     1    6    4    1     1     0     0     0   217   209.0K    2.656     1649  OK
219    4    5      2     1    32    40     2      1     1    4    0    0     1     0     0     0   244   209.0K    2.657     1648  OK
220    4    5      1     1    32     0     1      0     1    1    0    3     1     0     0     0   168   209.0K    2.657     1649  OK
221    4    5      1     1    32     0     1      0     1    2    0    3     1     0     0     0   168   209.0K    2.657     1648  OK
222    4    5      1     1    32     0     2      0     1    2    0    1     1     0     0     0   208   209.0K    2.657     1648  OK
223    4    5      1     1    32   120     2      1     1    6    4    1     1     0     0     0   217   209.0K    2.657     1648  OK
224    4    5      1     1    32   200     2      0     1    8    1    0     1     0     0     0   241   209.0K    2.657     1648  OK
225    4    5      3     0    32     0     2      1     1    4    0    0     1     0     0     0   242   209.0K    2.658     1648  OK
226    4    5      1     1    32     0     1      0     1    2    4    0     1     0     0     0   168   209.0K    2.658     1648  OK
227    4    5      1     1    32     0     1      0     1    2    4    3     1     0     0     0   168   209.0K    2.658     1648  OK
228    4    5      1     1    32     0     1      1     1    2    1    3     1     0     0     0   153   209.0K    2.658     1648  OK
229    4    5      1     1    32   120     2      0     1    8    4    1     1     0     0     0   217   209.0K    2.658     1648  OK
230    4    5      1     1    32   200     2      0     1    8    1    3     1     0     0     0   241   209.0K    2.658     1648  OK
231    4    5      1     1    32     0     1      1     1    2    1    0     1     0     0     0   153   209.0K    2.659     1647  OK
232    4    5      1     1    32   200     2      0     1    6    4    1     1     0     0     0   217   209.0K    2.659     1648  OK
233    4    5      1     1    32   200     2      1     1    8    4    1     1     0     0     0   217   209.0K    2.659     1647  OK
234    4    5      1     1    32   200     2      0     1    8    4    1     1     0     0     0   217   209.0K    2.660     1647  OK
235    4    5      2     1    32    60     2      1     1    4    0    0     1     0     0     0   244   209.0K    2.661     1646  OK
236    4    5      1     1    32   120     2      0     1    6    4    1     1     0     0     0   217   209.0K    2.661     1646  OK
237    4    5      1     1    32   200     2      1     1    1    1    3     1     0     0     0   197   209.0K    2.661     1646  OK
238    4    5      1     1    32   200     2      1     1    8    1    3     1     0     0     0   241   209.0K    2.661     1646  OK
239    4    5      1     1    32   120     2      0     1    2    0    1     1     0     0     0   209   209.0K    2.662     1645  OK
240    4    5      2     1    32    80     2      1     1    4    0    0     1     0     0     0   244   209.0K    2.663     1645  OK
241    4    5      2     1    32   100     2      1     1    4    0    0     1     0     0     0   244   209.0K    2.663     1645  OK
242    4    5      1     1    32   200     2      1     1    8    1    0     1     0     0     0   241   209.0K    2.663     1645  OK
243    4    5      0     1    32     0     2      1     1    4    0    0     1     0     0     0   244   209.0K    2.664     1644  OK
244    4    5      1     1    32   120     2      0     1    4    1    1     1     0     0     0   206   209.0K    2.665     1644  OK
245    4    5      1     1    32     0     1      1     1    8    0    3     1     0     0     0   224   209.0K    2.666     1643  OK
246    4    5      1     1    32   120     2      0     1    8    1    1     1     0     0     0   206   209.0K    2.666     1643  OK
247    4    5      1     1    32   200     2      0     1    1    1    3     1     0     0     0   197   209.0K    2.666     1643  OK
248    4    5      1     1    32   200     2      1     1    1    0    3     1     0     0     0   213   209.0K    2.666     1643  OK
249    4    5      0     1    32    40     2      1     1    4    0    0     1     0     0     0   243   209.0K    2.667     1642  OK
250    4    5      0     1    32   100     2      1     1    4    0    0     1     0     0     0   243   209.0K    2.667     1642  OK
251    4    5      1     1    32   120     2      0     1    1    0    3     1     0     0     0   213   209.0K    2.667     1642  OK
252    4    5      1     1    32   120     2      1     1    1    0    0     1     0     0     0   213   209.0K    2.667     1642  OK
253    4    5      1     1    32   120     2      1     1    1    0    3     1     0     0     0   213   209.0K    2.667     1643  OK
254    4    5      1     1    32   120     2      0     1    6    1    0     1     0     0     0   212   209.0K    2.667     1643  OK
255    4    5      1     1    32   120     2      0     1    6    1    1     1     0     0     0   206   209.0K    2.667     1642  OK
256    4    5      1     1    32   120     2      0     1    6    1    3     1     0     0     0   212   209.0K    2.667     1642  OK
257    4    5      1     1    32   120     2      1     1    6    1    3     1     0     0     0   212   209.0K    2.667     1642  OK
258    4    5      1     1    32   200     2      1     1    4    1    1     1     0     0     0   206   209.0K    2.667     1643  OK
259    4    5      1     1    32     0     1      1     1    8    0    0     1     0     0     0   224   209.0K    2.668     1642  OK
260    4    5      1     1    32   120     2      0     1    1    0    0     1     0     0     0   213   209.0K    2.668     1641  OK
261    4    5      1     1    32   120     2      1     1    6    1    0     1     0     0     0   212   209.0K    2.668     1642  OK
262    4    5      1     1    32   120     2      1     1    2    0    1     1     0     0     0   209   209.0K    2.669     1641  OK
263    4    5      1     1    32   120     2      1     1    8    1    1     1     0     0     0   206   209.0K    2.670     1641  OK
264    4    5      1     1    32   200     2      0     1    1    1    0     1     0     0     0   197   209.0K    2.670     1641  OK
265    4    5      1     1    32   200     2      0     1    1    4    1     1     0     0     0   209   209.0K    2.670     1641  OK
266    4    5      0     1    32    60     2      1     1    4    0    0     1     0     0     0   243   209.0K    2.671     1640  OK
267    4    5      0     1    32    80     2      1     1    4    0    0     1     0     0     0   243   209.0K    2.671     1640  OK
268    4    5      1     1    32     0     1      0     1    2    1    0     1     0     0     0   153   209.0K    2.671     1640  OK
269    4    5      1     1    32     0     1      0     1    2    1    3     1     0     0     0   153   209.0K    2.671     1640  OK
270    4    5      1     1    32   120     2      0     1    8    0    1     1     0     0     0   217   209.0K    2.671     1640  OK
271    4    5      1     1    32   120     2      0     1    6    0    1     1     0     0     0   217   209.0K    2.672     1639  OK
272    4    5      1     1    32   120     2      1     1    6    1    1     1     0     0     0   206   209.0K    2.672     1640  OK
273    4    5      1     1    32     0     2      1     1    8    1    3     1     0     0     0   242   209.0K    2.673     1638  OK
274    4    5      1     1    32     0     1      0     1    8    0    0     1     0     0     0   224   209.0K    2.674     1638  OK
275    4    5      1     1    32     0     1      0     1    8    0    3     1     0     0     0   224   209.0K    2.674     1638  OK
276    4    5      1     1    32     0     2      0     1    8    1    0     1     0     0     0   242   209.0K    2.674     1638  OK
277    4    5      1     1    32     0     2      0     1    8    1    3     1     0     0     0   242   209.0K    2.674     1638  OK
278    4    5      1     1    32     0     2      1     1    8    1    0     1     0     0     0   242   209.0K    2.674     1638  OK
279    4    5      1     1    32   200     2      1     1    1    0    0     1     0     0     0   213   209.0K    2.674     1638  OK
280    4    5      1     1    32   200     2      1     1    6    1    0     1     0     0     0   212   209.0K    2.674     1638  OK
281    4    5      1     1    32   200     2      0     1    1    0    0     1     0     0     0   213   209.0K    2.675     1638  OK
282    4    5      1     1    32   200     2      0     1    1    0    3     1     0     0     0   213   209.0K    2.675     1638  OK
283    4    5      1     1    32   200     2      0     1    4    1    1     1     0     0     0   206   209.0K    2.676     1637  OK
284    4    5      1     1    32   200     2      0     1    6    0    1     1     0     0     0   217   209.0K    2.676     1637  OK
285    4    5      1     1    32   200     2      1     1    6    1    3     1     0     0     0   212   209.0K    2.676     1637  OK
286    4    5      1     1    32   200     2      0     1    8    0    1     1     0     0     0   217   209.0K    2.676     1637  OK
287    4    5      1     1    32     0     1      1     1    1    1    3     1     0     0     0   154   209.0K    2.677     1636  OK
288    4    5      1     1    32     0     2      0     1    6    4    0     1     0     0     0   223   209.0K    2.677     1636  OK
289    4    5      1     1    32   120     2      1     1    6    0    1     1     0     0     0   217   209.0K    2.677     1636  OK
290    4    5      1     1    32     0     2      0     1    6    4    3     1     0     0     0   223   209.0K    2.678     1636  OK
291    4    5      1     1    32   120     2      0     1    4    4    1     1     0     0     0   217   209.0K    2.678     1635  OK
292    4    5      1     1    32     0     1      1     1    1    1    0     1     0     0     0   154   209.0K    2.679     1635  OK
293    4    5      1     1    32   120     2      1     1    8    0    1     1     0     0     0   217   209.0K    2.679     1635  OK
294    4    5      1     1    32   200     2      0     1    2    0    1     1     0     0     0   209   209.0K    2.679     1635  OK
295    4    5      1     1    32     0     2      1     1    2    0    1     1     0     0     0   208   209.0K    2.680     1634  OK
296    4    5      1     1    32   200     2      1     1    1    4    3     1     0     0     0   213   209.0K    2.680     1635  OK
297    4    5      1     1    32   200     2      0     1    4    4    1     1     0     0     0   217   209.0K    2.680     1635  OK
298    4    5      1     1    32   200     2      1     1    6    0    1     1     0     0     0   217   209.0K    2.680     1634  OK
299    4    5      1     1    32   200     2      1     1    8    0    1     1     0     0     0   217   209.0K    2.681     1634  OK
300    4    5      1     1    32   200     2      0     1    1    4    0     1     0     0     0   213   209.0K    2.682     1633  OK
301    4    5      1     1    32   200     2      0     1    6    1    1     1     0     0     0   206   209.0K    2.682     1633  OK
302    4    5      1     1    32   120     2      1     1    4    4    1     1     0     0     0   217   209.0K    2.683     1633  OK
303    4    5      1     1    32   200     2      1     1    1    4    0     1     0     0     0   213   209.0K    2.683     1632  OK
304    4    5      1     1    32     0     1      0     1    6    1    0     1     0     0     0   168   209.0K    2.684     1632  OK
305    4    5      1     1    32     0     1      1     1    6    1    0     1     0     0     0   168   209.0K    2.684     1632  OK
306    4    5      1     1    32   200     2      1     1    4    4    1     1     0     0     0   217   209.0K    2.684     1632  OK
307    4    5      1     1    32   200     2      1     1    6    1    1     1     0     0     0   206   209.0K    2.684     1632  OK
308    4    5      1     1    32     0     1      1     1    6    1    3     1     0     0     0   168   209.0K    2.685     1632  OK
309    4    5      1     1    32   200     2      1     1    1    0    1     1     0     0     0   209   209.0K    2.685     1631  OK
310    4    5      1     1    32   200     2      0     1    6    1    0     1     0     0     0   212   209.0K    2.685     1632  OK
311    4    5      1     1    32   200     2      0     1    6    1    3     1     0     0     0   212   209.0K    2.685     1632  OK
312    4    5      1     1    32   200     2      1     1    8    1    1     1     0     0     0   206   209.0K    2.685     1632  OK
313    4    5      1     1    32   200     2      0     1    2    1    1     1     0     0     0   189   209.0K    2.686     1631  OK
314    4    5      1     1    32   200     2      1     1    2    4    1     1     0     0     0   209   209.0K    2.686     1631  OK
315    4    5      1     1    32   200     2      0     1    4    0    1     1     0     0     0   217   209.0K    2.686     1630  OK
316    4    5      1     1    32     0     1      0     1    1    1    3     1     0     0     0   154   209.0K    2.687     1630  OK
317    4    5      1     1    32     0     1      0     1    6    1    3     1     0     0     0   168   209.0K    2.687     1630  OK
318    4    5      1     1    32     0     1      0     1    1    1    0     1     0     0     0   154   209.0K    2.688     1630  OK
319    4    5      1     1    32   200     2      0     1    1    4    3     1     0     0     0   213   209.0K    2.688     1630  OK
320    4    5      1     1    32   200     2      1     1    2    0    1     1     0     0     0   209   209.0K    2.688     1630  OK
321    4    5      2     1    32     0     2      1     1    4    0    0     1     0     0     0   243   209.0K    2.692     1627  OK
322    4    5      2     0    32     0     2      1     1    4    0    0     1     0     0     0   243   209.0K    2.693     1626  OK
323    4    5      1     1    32   120     2      0     1    2    4    0     1     0     0     0   213   209.0K    2.694     1626  OK
324    4    5      2     0    32   200     2      1     1    4    0    0     1     0     0     0   242   209.0K    2.695     1625  OK
325    4    5      3     1    32   160     2      1     1    4    0    0     1     0     0     0   244   209.0K    2.695     1625  OK
326    4    5      1     1    32     0     1      0     1    6    4    0     1     0     0     0   181   209.0K    2.695     1625  OK
327    4    5      1     1    32     0     1      0     1    6    4    3     1     0     0     0   181   209.0K    2.695     1626  OK
328    4    5      1     1    32   120     2      0     1    2    4    3     1     0     0     0   213   209.0K    2.695     1625  OK
329    4    5      1     1    32   200     2      0     1    8    1    1     1     0     0     0   206   209.0K    2.695     1625  OK
330    4    5      2     0    32   160     2      1     1    4    0    0     1     0     0     0   242   209.0K    2.696     1624  OK
331    4    5      1     1    32   120     2      0     1    4    0    1     1     0     0     0   217   209.0K    2.696     1625  OK
332    4    5      1     1    32   200     2      0     1    2    4    1     1     0     0     0   209   209.0K    2.696     1625  OK
333    4    5      1     1    32     0     1      0     1    1    1    1     1     0     0     0   145   209.0K    2.698     1623  OK
334    4    5      1     1    32     0     2      1     1    6    4    0     1     0     0     0   223   209.0K    2.698     1623  OK
335    4    5      2     0    32    40     2      1     1    4    0    0     1     0     0     0   242   209.0K    2.699     1623  OK
336    4    5      3     1    32   200     2      1     1    4    0    0     1     0     0     0   244   209.0K    2.699     1623  OK
337    4    5      1     1    32     0     1      1     1    1    4    1     1     0     0     0   163   209.0K    2.699     1623  OK
338    4    5      1     1    32     0     1      1     1    2    0    1     1     0     0     0   163   209.0K    2.699     1623  OK
339    4    5      1     1    32     0     1      1     1    6    4    0     1     0     0     0   181   209.0K    2.699     1623  OK
340    4    5      1     1    32   200     2      1     1    2    1    1     1     0     0     0   189   209.0K    2.699     1623  OK
341    4    5      2     0    32    80     2      1     1    4    0    0     1     0     0     0   242   209.0K    2.700     1622  OK
342    4    5      1     1    32     0     1      1     1    1    0    1     1     0     0     0   163   209.0K    2.700     1622  OK
343    4    5      1     1    32     0     1      1     1    6    4    3     1     0     0     0   181   209.0K    2.700     1622  OK
344    4    5      1     1    32     0     2      1     1    6    4    3     1     0     0     0   223   209.0K    2.700     1622  OK
345    4    5      1     1    32     0     1      1     1    8    1    1     1     0     0     0   159   209.0K    2.700     1622  OK
346    4    5      2     0    32    80     2      1     1    4    0    0     1     0     0     0   242   209.0K    2.701     1622  OK
347    4    5      1     1    32     0     1      1     1    6    1    1     1     0     0     0   159   209.0K    2.701     1622  OK
348    4    5      2     0    32    60     2      1     1    4    0    0     1     0     0     0   242   209.0K    2.702     1621  OK
349    4    5      1     1    32     0     1      1     1    2    4    1     1     0     0     0   163   209.0K    2.702     1621  OK
350    4    5      1     1    32     0     1      0     1    2    4    1     1     0     0     0   163   209.0K    2.703     1620  OK
351    4    5      1     1    32   200     2      1     1    4    0    1     1     0     0     0   217   209.0K    2.703     1621  OK
352    4    5      2     0    32   100     2      1     1    4    0    0     1     0     0     0   242   209.0K    2.704     1620  OK
353    4    5      3     1    32    40     2      1     1    4    0    0     1     0     0     0   244   209.0K    2.704     1620  OK
354    4    5      1     1    32     0     1      0     1    2    0    1     1     0     0     0   163   209.0K    2.704     1620  OK
355    4    5      1     1    32     0     1      1     1    4    0    0     1     0     0     0   220   209.0K    2.704     1620  OK
356    4    5      1     1    32   120     2      1     1    6    4    3     1     0     0     0   223   209.0K    2.704     1620  OK
357    4    5      1     1    32     0     1      0     1    1    0    1     1     0     0     0   163   209.0K    2.705     1620  OK
358    4    5      1     1    32     0     1      0     1    1    4    1     1     0     0     0   163   209.0K    2.705     1619  OK
359    4    5      1     1    32   120     2      0     1    6    4    0     1     0     0     0   223   209.0K    2.705     1619  OK
360    4    5      1     1    32   200     2      0     1    2    4    0     1     0     0     0   213   209.0K    2.705     1619  OK
361    4    5      1     1    32     0     1      0     1    4    4    0     1     0     0     0   220   209.0K    2.706     1619  OK
362    4    5      1     1    32     0     1      0     1    4    4    3     1     0     0     0   220   209.0K    2.706     1618  OK
363    4    5      1     1    32     0     1      1     1    4    0    3     1     0     0     0   220   209.0K    2.706     1618  OK
364    4    5      1     1    32     0     1      1     1    4    4    3     1     0     0     0   220   209.0K    2.706     1619  OK
365    4    5      1     1    32   120     2      1     1    2    4    0     1     0     0     0   213   209.0K    2.706     1619  OK
366    4    5      1     1    32   120     2      1     1    2    4    3     1     0     0     0   213   209.0K    2.706     1619  OK
367    4    5      1     1    32     0     1      1     1    4    4    0     1     0     0     0   220   209.0K    2.707     1618  OK
368    4    5      1     1    32   120     2      0     1    6    4    3     1     0     0     0   223   209.0K    2.707     1618  OK
369    4    5      1     1    32   120     2      1     1    6    4    0     1     0     0     0   223   209.0K    2.707     1618  OK
370    4    5      1     1    32   200     2      0     1    2    4    3     1     0     0     0   213   209.0K    2.707     1618  OK
371    4    5      1     1    32     0     1      1     1    4    1    1     1     0     0     0   159   209.0K    2.708     1618  OK
372    4    5      1     1    32   200     2      1     1    1    4    1     1     0     0     0   209   209.0K    2.708     1618  OK
373    4    5      1     1    32     0     1      1     1    6    0    1     1     0     0     0   175   209.0K    2.709     1617  OK
374    4    5      1     1    32     0     1      1     1    8    0    1     1     0     0     0   175   209.0K    2.709     1617  OK
375    4    5      1     1    32     0     1      0     1    6    1    1     1     0     0     0   159   209.0K    2.710     1616  OK
376    4    5      1     1    32     0     1      1     1    6    4    1     1     0     0     0   175   209.0K    2.710     1616  OK
377    4    5      1     1    32     0     1      0     1    8    1    1     1     0     0     0   159   209.0K    2.710     1616  OK
378    4    5      1     1    32     0     1      1     1    8    4    1     1     0     0     0   175   209.0K    2.710     1616  OK
379    4    5      1     1    32   120     1      1     1    6    1    0     1     0     0     0   168   209.0K    2.710     1616  OK
380    4    5      2     0    32   120     2      1     1    4    0    0     1     0     0     0   242   209.0K    2.711     1616  OK
381    4    5      1     1    32     0     1      0     1    4    0    3     1     0     0     0   220   209.0K    2.711     1616  OK
382    4    5      1     1    32   120     1      1     1    6    1    3     1     0     0     0   168   209.0K    2.711     1616  OK
383    4    5      1     1    32     0     1      0     1    6    4    1     1     0     0     0   175   209.0K    2.712     1615  OK
384    4    5      1     1    32     0     2      0     1    6    0    3     1     0     0     0   223   209.0K    2.712     1615  OK
385    4    5      1     1    32     0     1      0     1    8    4    1     1     0     0     0   175   209.0K    2.712     1615  OK
386    4    5      1     1    32     0     1      0     1    4    0    0     1     0     0     0   220   209.0K    2.713     1615  OK
387    4    5      1     1    32     0     1      0     1    4    1    1     1     0     0     0   159   209.0K    2.713     1614  OK
388    4    5      1     1    32     0     1      0     1    6    0    1     1     0     0     0   175   209.0K    2.713     1614  OK
389    4    5      1     1    32     0     2      0     1    6    0    0     1     0     0     0   223   209.0K    2.713     1614  OK
390    4    5      1     1    32     0     1      0     1    8    0    1     1     0     0     0   175   209.0K    2.713     1615  OK
391    4    5      1     1    32   120     2      1     1    4    0    1     1     0     0     0   217   209.0K    2.713     1614  OK
392    4    5      3     1    32   120     2      1     1    4    0    0     1     0     0     0   244   209.0K    2.714     1614  OK
393    4    5      1     1    32   200     2      1     1    1    1    1     1     0     0     0   190   209.0K    2.714     1614  OK
394    4    5      1     1    32     0     1      1     1    4    1    0     1     0     0     0   204   209.0K    2.715     1613  OK
395    4    5      1     1    32     0     1      1     1    8    1    0     1     0     0     0   204   209.0K    2.715     1613  OK
396    4    5      3     1    32   100     2      1     1    4    0    0     1     0     0     0   244   209.0K    2.716     1612  OK
397    4    5      1     1    32     0     1      0     1    4    4    1     1     0     0     0   175   209.0K    2.716     1613  OK
398    4    5      1     1    32     0     1      1     1    8    1    3     1     0     0     0   204   209.0K    2.716     1613  OK
399    4    5      1     1    32   200     2      1     1    2    4    3     1     0     0     0   213   209.0K    2.716     1612  OK
400    4    5      1     1    32     0     1      0     1    4    0    1     1     0     0     0   175   209.0K    2.717     1612  OK
401    4    5      1     1    32     0     1      1     1    4    0    1     1     0     0     0   175   209.0K    2.717     1612  OK
402    4    5      1     1    32     0     1      1     1    4    1    3     1     0     0     0   204   209.0K    2.717     1612  OK
403    4    5      1     1    32     0     1      0     1    8    1    0     1     0     0     0   204   209.0K    2.717     1612  OK
404    4    5      1     1    32     0     1      0     1    8    1    3     1     0     0     0   204   209.0K    2.717     1612  OK
405    4    5      3     1    32    60     2      1     1    4    0    0     1     0     0     0   244   209.0K    2.718     1612  OK
406    4    5      1     1    32   200     2      0     1    1    1    1     1     0     0     0   190   209.0K    2.718     1612  OK
407    4    5      1     1    32   200     2      0     1    2    0    0     1     0     0     0   213   209.0K    2.718     1611  OK
408    4    5      1     1    32   200     2      1     1    2    4    0     1     0     0     0   213   209.0K    2.718     1612  OK
409    4    5      3     1    32    80     2      1     1    4    0    0     1     0     0     0   244   209.0K    2.719     1611  OK
410    4    5      1     1    32     0     1      1     1    4    4    1     1     0     0     0   175   209.0K    2.719     1611  OK
411    4    5      1     1    32   120     1      1     1    1    1    3     1     0     0     0   154   209.0K    2.719     1611  OK
412    4    5      1     1    32   200     2      0     1    2    0    3     1     0     0     0   213   209.0K    2.719     1611  OK
413    4    5      1     1    32   120     1      1     1    2    1    1     1     0     0     0   145   209.0K    2.720     1611  OK
414    4    5      1     1    32   200     2      0     1    6    4    3     1     0     0     0   223   209.0K    2.720     1611  OK
415    4    5      1     1    32     0     2      1     1    6    0    3     1     0     0     0   223   209.0K    2.721     1609  OK
416    4    5      1     1    32   200     2      0     1    6    4    0     1     0     0     0   223   209.0K    2.721     1609  OK
417    4    5      1     1    32   200     1      1     1    6    1    0     1     0     0     0   168   209.0K    2.722     1609  OK
418    4    5      1     1    32     0     1      0     1    4    1    0     1     0     0     0   204   209.0K    2.723     1609  OK
419    4    5      1     1    32     0     1      0     1    4    1    3     1     0     0     0   204   209.0K    2.723     1608  OK
420    4    5      1     1    32     0     2      1     1    6    0    0     1     0     0     0   223   209.0K    2.723     1609  OK
421    4    5      1     1    32   120     1      1     1    1    1    0     1     0     0     0   154   209.0K    2.723     1608  OK
422    4    5      1     1    32   200     1      1     1    6    1    3     1     0     0     0   168   209.0K    2.723     1609  OK
423    4    5      0     0    32   200     2      1     1    4    0    0     1     0     0     0   243   209.0K    2.725     1607  OK
424    4    5      1     1    32   120     2      0     1    2    0    0     1     0     0     0   213   209.0K    2.727     1606  OK
425    4    5      1     1    32   200     2      1     1    6    4    0     1     0     0     0   223   209.0K    2.727     1606  OK
426    4    5      1     1    32   200     2      1     1    6    4    3     1     0     0     0   223   209.0K    2.727     1606  OK
427    4    5      1     1    32     0     1      0     1    8    4    0     1     0     0     0   219   209.0K    2.728     1606  OK
428    4    5      1     1    32     0     1      0     1    8    4    3     1     0     0     0   219   209.0K    2.728     1606  OK
429    4    5      1     1    32   120     2      0     1    2    0    3     1     0     0     0   213   209.0K    2.728     1606  OK
430    4    5      0     0    32   160     2      1     1    4    0    0     1     0     0     0   243   209.0K    2.729     1605  OK
431    4    5      1     1    32     0     1      1     1    8    4    0     1     0     0     0   219   209.0K    2.729     1605  OK
432    4    5      1     1    32     0     1      1     1    8    4    3     1     0     0     0   219   209.0K    2.729     1605  OK
433    4    5      1     1    32   120     1      1     1    8    1    1     1     0     0     0   159   209.0K    2.730     1604  OK
434    4    5      1     1    32   200     2      1     1    2    0    3     1     0     0     0   213   209.0K    2.730     1604  OK
435    4    5      1     1    32   120     2      1     1    2    0    0     1     0     0     0   213   209.0K    2.731     1604  OK
436    4    5      1     1    32   120     1      1     1    4    1    1     1     0     0     0   159   209.0K    2.731     1604  OK
437    4    5      1     1    32   120     1      1     1    6    1    1     1     0     0     0   159   209.0K    2.731     1604  OK
438    4    5      1     1    32     0     1      1     1    2    1    1     1     0     0     0   144   209.0K    2.732     1603  OK
439    4    5      1     1    32   120     2      1     1    2    0    3     1     0     0     0   213   209.0K    2.732     1603  OK
440    4    5      1     1    32   200     2      1     1    2    0    0     1     0     0     0   213   209.0K    2.732     1603  OK
441    4    5      1     1    32     0     1      0     1    2    1    1     1     0     0     0   144   209.0K    2.736     1601  OK
442    4    5      3     0    32    40     2      1     1    4    0    0     1     0     0     0   239   209.0K    2.737     1600  OK
443    4    5      1     1    32   120     1      1     1    8    0    0     1     0     0     0   222   209.0K    2.738     1600  OK
444    4    5      1     1    32   120     1      1     1    8    0    3     1     0     0     0   222   209.0K    2.738     1600  OK
445    4    5      3     0    32   160     2      1     1    4    0    0     1     0     0     0   239   209.0K    2.739     1599  OK
446    4    5      1     1    32   200     1      1     1    1    1    3     1     0     0     0   154   209.0K    2.742     1597  OK
447    4    5      0     0    32   120     2      1     1    4    0    0     1     0     0     0   243   209.0K    2.743     1597  OK
448    4    5      3     0    32   200     2      1     1    4    0    0     1     0     0     0   239   209.0K    2.743     1597  OK
449    4    5      3     0    32    60     2      1     1    4    0    0     1     0     0     0   239   209.0K    2.745     1596  OK
450    4    5      1     1    32   120     2      0     1    6    0    0     1     0     0     0   223   209.0K    2.745     1596  OK
451    4    5      1     1    32   200     1      1     1    4    1    1     1     0     0     0   159   209.0K    2.745     1595  OK
452    4    5      1     1    32   200     1      1     1    8    1    1     1     0     0     0   159   209.0K    2.746     1595  OK
453    4    5      3     0    32    80     2      1     1    4    0    0     1     0     0     0   239   209.0K    2.747     1595  OK
454    4    5      1     1    32   120     1      1     1    2    4    1     1     0     0     0   163   209.0K    2.747     1595  OK
455    4    5      3     0    32   100     2      1     1    4    0    0     1     0     0     0   239   209.0K    2.748     1594  OK
456    4    5      1     1    32   120     1      1     1    2    0    1     1     0     0     0   163   209.0K    2.748     1594  OK
457    4    5      1     1    32   120     2      0     1    6    0    3     1     0     0     0   223   209.0K    2.748     1594  OK
458    4    5      3     0    32   120     2      1     1    4    0    0     1     0     0     0   239   209.0K    2.752     1591  OK
459    3    5      1     1    32     0     2      1     1    4    0    0     1     0     0     0   209   177.0K    2.752     1591  OK
460    4    5      1     1    32   120     1      1     1    1    0    1     1     0     0     0   163   209.0K    2.752     1592  OK
461    4    5      1     1    32   120     1      1     1    1    1    1     1     0     0     0   147   209.0K    2.752     1591  OK
462    4    5      1     1    32   200     1      1     1    6    1    1     1     0     0     0   159   209.0K    2.752     1592  OK
463    4    5      1     1    32   120     1      1     1    6    4    0     1     0     0     0   183   209.0K    2.753     1591  OK
464    4    5      1     1    32   120     1      1     1    6    4    3     1     0     0     0   183   209.0K    2.753     1591  OK
465    4    5      0     0    32     0     2      1     1    4    0    0     1     0     0     0   240   209.0K    2.754     1591  OK
466    4    5      1     1    32   200     1      1     1    1    1    0     1     0     0     0   154   209.0K    2.754     1590  OK
467    4    5      1     1    32   200     2      0     1    6    0    0     1     0     0     0   223   209.0K    2.755     1590  OK
468    4    5      1     1    32   200     1      1     1    8    0    0     1     0     0     0   222   209.0K    2.755     1590  OK
469    4    5      1     1    32   120     1      1     1    1    4    1     1     0     0     0   163   209.0K    2.756     1589  OK
470    4    5      1     1    32   200     2      0     1    6    0    3     1     0     0     0   223   209.0K    2.756     1589  OK
471    4    5      1     1    32   200     1      1     1    8    0    3     1     0     0     0   222   209.0K    2.756     1590  OK
472    4    5      1     1    32   120     1      0     1    1    4    1     1     0     0     0   163   209.0K    2.759     1587  OK
473    4    5      1     1    32   200     2      1     1    6    0    3     1     0     0     0   223   209.0K    2.761     1586  OK
474    4    5      1     1    32   120     1      0     1    2    4    1     1     0     0     0   163   209.0K    2.762     1586  OK
475    4    5      0     0    32   100     2      1     1    4    0    0     1     0     0     0   243   209.0K    2.763     1585  OK
476    4    5      1     1    32   120     1      1     1    2    1    3     1     0     0     0   154   209.0K    2.763     1585  OK
477    4    5      1     1    32   120     1      0     1    8    0    0     1     0     0     0   222   209.0K    2.763     1585  OK
478    4    5      1     1    32   200     2      1     1    6    0    0     1     0     0     0   223   209.0K    2.763     1585  OK
479    4    5      1     1    32   120     1      1     1    2    1    0     1     0     0     0   154   209.0K    2.764     1585  OK
480    4    5      0     0    32    80     2      1     1    4    0    0     1     0     0     0   243   209.0K    2.766     1584  OK
481    4    5      1     1    32   120     1      0     1    1    0    1     1     0     0     0   163   209.0K    2.767     1583  OK
482    4    5      1     1    32   120     1      0     1    2    0    1     1     0     0     0   163   209.0K    2.767     1583  OK
483    4    5      1     1    32   120     2      1     1    6    0    3     1     0     0     0   223   209.0K    2.767     1583  OK
484    4    5      1     1    32   120     1      1     1    6    0    0     1     0     0     0   186   209.0K    2.768     1582  OK
485    4    5      1     1    32   120     1      1     1    6    0    3     1     0     0     0   186   209.0K    2.768     1582  OK
486    4    5      1     1    32   120     2      1     1    6    0    0     1     0     0     0   223   209.0K    2.768     1582  OK
487    4    5      1     1    32   120     1      1     1    4    4    1     1     0     0     0   175   209.0K    2.769     1582  OK
488    4    5      1     1    32   120     1      1     1    6    0    1     1     0     0     0   175   209.0K    2.770     1581  OK
489    4    5      1     1    32   120     1      1     1    8    0    1     1     0     0     0   175   209.0K    2.770     1581  OK
490    4    5      1     1    32   200     1      1     1    6    4    0     1     0     0     0   183   209.0K    2.770     1581  OK
491    4    5      1     1    32   120     1      1     1    6    4    1     1     0     0     0   175   209.0K    2.771     1580  OK
492    4    5      1     1    32   120     1      1     1    8    4    1     1     0     0     0   175   209.0K    2.771     1581  OK
493    4    5      1     1    32   120     1      1     1    4    0    1     1     0     0     0   175   209.0K    2.772     1580  OK
494    4    5      1     1    32   200     1      1     1    6    4    3     1     0     0     0   183   209.0K    2.772     1580  OK
495    4    5      1     1    32   120     1      1     1    4    1    0     1     0     0     0   206   209.0K    2.773     1580  OK
496    4    5      1     1    32   120     1      1     1    4    1    3     1     0     0     0   206   209.0K    2.773     1580  OK
497    4    5      1     1    32   120     1      0     1    2    1    1     1     0     0     0   145   209.0K    2.774     1579  OK
498    4    5      1     1    32   120     1      0     1    8    0    3     1     0     0     0   222   209.0K    2.774     1579  OK
499    4    5      0     0    32    60     2      1     1    4    0    0     1     0     0     0   243   209.0K    2.775     1578  OK
500    4    5      1     1    32   120     1      0     1    1    1    3     1     0     0     0   154   209.0K    2.780     1576  OK
501    4    5      0     0    32    40     2      1     1    4    0    0     1     0     0     0   243   209.0K    2.782     1575  OK
502    4    5      1     1    32   120     1      1     1    2    4    0     1     0     0     0   171   209.0K    2.783     1574  OK
503    4    5      1     1    32   120     1      0     1    1    1    0     1     0     0     0   154   209.0K    2.784     1573  OK
504    4    5      1     1    32   120     1      1     1    1    4    0     1     0     0     0   171   209.0K    2.784     1573  OK
505    4    5      1     1    32   120     1      1     1    1    0    3     1     0     0     0   171   209.0K    2.785     1572  OK
506    4    5      1     1    32   120     1      1     1    1    4    3     1     0     0     0   171   209.0K    2.785     1573  OK
507    4    5      1     1    32   120     1      1     1    2    4    3     1     0     0     0   171   209.0K    2.785     1573  OK
508    4    5      1     1    32   120     1      0     1    6    1    3     1     0     0     0   168   209.0K    2.785     1573  OK
509    4    5      1     1    32   200     1      1     1    4    4    1     1     0     0     0   175   209.0K    2.785     1573  OK
510    4    5      1     1    32   120     1      1     1    1    0    0     1     0     0     0   171   209.0K    2.786     1572  OK
511    4    5      1     1    32   120     1      1     1    2    0    0     1     0     0     0   171   209.0K    2.786     1572  OK
512    4    5      1     1    32   120     1      1     1    2    0    3     1     0     0     0   171   209.0K    2.786     1572  OK
513    4    5      1     1    32   120     1      0     1    6    0    3     1     0     0     0   186   209.0K    2.786     1572  OK
514    4    5      1     1    32   200     1      1     1    8    0    1     1     0     0     0   175   209.0K    2.786     1572  OK
515    4    5      1     1    32   120     1      1     1    4    4    0     1     0     0     0   219   209.0K    2.787     1572  OK
516    4    5      1     1    32   120     1      0     1    6    0    0     1     0     0     0   186   209.0K    2.787     1571  OK
517    4    5      1     1    32   120     1      0     1    6    4    1     1     0     0     0   175   209.0K    2.787     1572  OK
518    4    5      1     1    32   120     1      0     1    6    4    3     1     0     0     0   183   209.0K    2.787     1572  OK
519    4    5      1     1    32   120     1      1     1    4    0    3     1     0     0     0   219   209.0K    2.788     1571  OK
520    4    5      1     1    32   120     1      1     1    4    4    3     1     0     0     0   219   209.0K    2.788     1571  OK
521    4    5      1     1    32   120     1      1     1    8    4    0     1     0     0     0   219   209.0K    2.788     1571  OK
522    4    5      1     1    32   120     1      1     1    8    4    3     1     0     0     0   219   209.0K    2.788     1571  OK
523    4    5      1     1    32   200     1      1     1    4    1    0     1     0     0     0   206   209.0K    2.788     1571  OK
524    4    5      1     1    32   200     1      1     1    4    1    3     1     0     0     0   206   209.0K    2.788     1571  OK
525    4    5      1     1    32   120     1      0     1    4    0    1     1     0     0     0   175   209.0K    2.789     1570  OK
526    4    5      1     1    32   120     1      1     1    4    0    0     1     0     0     0   219   209.0K    2.789     1571  OK
527    4    5      1     1    32   200     1      0     1    2    0    1     1     0     0     0   163   209.0K    2.789     1570  OK
528    4    5      1     1    32   200     1      1     1    6    0    0     1     0     0     0   186   209.0K    2.790     1570  OK
529    4    5      1     1    32   200     1      1     1    6    0    1     1     0     0     0   175   209.0K    2.790     1570  OK
530    4    5      1     1    32   120     1      1     1    8    1    0     1     0     0     0   203   209.0K    2.791     1569  OK
531    4    5      1     1    32   120     1      1     1    8    1    3     1     0     0     0   203   209.0K    2.791     1569  OK
532    4    5      1     1    32   200     1      1     1    4    0    1     1     0     0     0   175   209.0K    2.791     1570  OK
533    4    5      1     1    32   120     1      0     1    2    1    3     1     0     0     0   154   209.0K    2.792     1569  OK
534    4    5      1     1    32   120     1      0     1    4    1    1     1     0     0     0   159   209.0K    2.792     1569  OK
535    4    5      1     1    32   120     1      0     1    6    1    0     1     0     0     0   168   209.0K    2.792     1569  OK
536    4    5      1     1    32   120     1      0     1    1    1    1     1     0     0     0   147   209.0K    2.793     1568  OK
537    4    5      1     1    32   120     1      0     1    2    1    0     1     0     0     0   154   209.0K    2.795     1567  OK
538    4    5      1     1    32   200     1      1     1    6    4    1     1     0     0     0   175   209.0K    2.795     1567  OK
539    4    5      1     1    32   200     1      1     1    6    0    3     1     0     0     0   186   209.0K    2.795     1567  OK
540    4    5      1     1    32   200     1      1     1    8    4    1     1     0     0     0   175   209.0K    2.795     1567  OK
541    4    5      1     1    32   200     1      0     1    1    4    1     1     0     0     0   163   209.0K    2.796     1566  OK
542    4    5      1     1    32   120     1      0     1    1    0    3     1     0     0     0   171   209.0K    2.797     1566  OK
543    4    5      1     1    32   120     1      0     1    6    0    1     1     0     0     0   175   209.0K    2.797     1566  OK
544    4    5      1     1    32   200     1      1     1    2    4    0     1     0     0     0   171   209.0K    2.798     1566  OK
545    4    5      1     1    32   120     1      0     1    2    0    0     1     0     0     0   171   209.0K    2.800     1564  OK
546    4    5      1     1    32   200     1      0     1    2    4    1     1     0     0     0   163   209.0K    2.800     1564  OK
547    4    5      1     1    32   200     1      1     1    2    0    0     1     0     0     0   171   209.0K    2.800     1564  OK
548    4    5      1     1    32   200     1      1     1    2    0    3     1     0     0     0   171   209.0K    2.800     1564  OK
549    3    5      3     0    32     0     2      1     1    4    0    0     1     0     0     0   207   177.0K    2.801     1564  OK
550    4    5      1     1    32   120     1      0     1    4    0    3     1     0     0     0   219   209.0K    2.801     1564  OK
551    4    5      1     1    32   200     1      0     1    1    0    1     1     0     0     0   163   209.0K    2.801     1564  OK
552    4    5      1     1    32   120     1      0     1    8    4    0     1     0     0     0   219   209.0K    2.802     1563  OK
553    4    5      1     1    32   120     1      0     1    8    4    3     1     0     0     0   219   209.0K    2.802     1563  OK
554    4    5      1     1    32   200     1      1     1    1    4    0     1     0     0     0   171   209.0K    2.802     1563  OK
555    4    5      1     1    32   200     1      1     1    4    0    0     1     0     0     0   219   209.0K    2.802     1563  OK
556    4    5      1     1    32   200     1      1     1    4    0    3     1     0     0     0   219   209.0K    2.802     1563  OK
557    4    5      1     1    32   120     1      0     1    6    4    0     1     0     0     0   183   209.0K    2.803     1563  OK
558    4    5      1     1    32   200     1      1     1    1    0    3     1     0     0     0   171   209.0K    2.803     1563  OK
559    4    5      1     1    32   200     1      1     1    8    4    0     1     0     0     0   219   209.0K    2.803     1562  OK
560    4    5      1     1    32   200     1      1     1    8    4    3     1     0     0     0   219   209.0K    2.803     1562  OK
561    4    5      1     1    32   120     1      0     1    1    4    0     1     0     0     0   171   209.0K    2.804     1562  OK
562    4    5      1     1    32   120     1      0     1    8    0    1     1     0     0     0   175   209.0K    2.804     1562  OK
563    4    5      1     1    32   200     1      1     1    2    4    3     1     0     0     0   171   209.0K    2.804     1562  OK
564    4    5      1     1    32   200     1      1     1    4    4    0     1     0     0     0   219   209.0K    2.804     1562  OK
565    4    5      1     1    32   120     1      0     1    2    4    0     1     0     0     0   171   209.0K    2.805     1561  OK
566    4    5      1     1    32   120     1      0     1    8    4    1     1     0     0     0   175   209.0K    2.805     1562  OK
567    4    5      1     1    32   200     1      1     1    4    4    3     1     0     0     0   219   209.0K    2.805     1562  OK
568    4    5      1     1    32   120     1      0     1    1    4    3     1     0     0     0   171   209.0K    2.806     1561  OK
569    4    5      1     1    32   120     1      0     1    4    4    3     1     0     0     0   219   209.0K    2.806     1561  OK
570    4    5      1     1    32   200     1      1     1    1    4    3     1     0     0     0   171   209.0K    2.806     1561  OK
571    4    5      1     1    32   200     1      1     1    8    1    0     1     0     0     0   203   209.0K    2.806     1561  OK
572    4    5      1     1    32   200     1      1     1    8    1    3     1     0     0     0   203   209.0K    2.806     1561  OK
573    4    5      1     1    32   120     1      0     1    8    1    1     1     0     0     0   159   209.0K    2.807     1560  OK
574    4    5      1     1    32   200     1      1     1    1    0    0     1     0     0     0   171   209.0K    2.807     1561  OK
575    3    5      1     0    32     0     2      1     1    4    0    0     1     0     0     0   205   177.0K    2.808     1560  OK
576    4    5      1     1    32   120     1      0     1    2    0    3     1     0     0     0   171   209.0K    2.808     1560  OK
577    4    5      1     1    32   200     1      1     1    2    1    0     1     0     0     0   154   209.0K    2.808     1560  OK
578    4    5      1     1    32   120     1      0     1    1    0    0     1     0     0     0   171   209.0K    2.810     1559  OK
579    4    5      1     1    32   120     1      0     1    6    1    1     1     0     0     0   159   209.0K    2.810     1559  OK
580    4    5      1     1    32   120     1      0     1    4    4    1     1     0     0     0   175   209.0K    2.811     1558  OK
581    4    5      1     1    32   200     1      1     1    2    1    3     1     0     0     0   154   209.0K    2.813     1557  OK
582    4    5      1     1    32   120     1      0     1    2    4    3     1     0     0     0   171   209.0K    2.814     1557  OK
583    4    5      1     1    32   120     1      0     1    4    0    0     1     0     0     0   219   209.0K    2.814     1557  OK
584    4    5      1     1    32   120     1      0     1    4    4    0     1     0     0     0   219   209.0K    2.816     1555  OK
585    4    5      1     1    32   200     1      0     1    2    1    1     1     0     0     0   145   209.0K    2.816     1556  OK
586    3    5      3     1    32   200     2      1     1    4    0    0     1     0     0     0   211   177.0K    2.819     1554  OK
587    4    5      1     1    32   120     1      0     1    8    1    0     1     0     0     0   203   209.0K    2.820     1553  OK
588    4    5      1     1    32   120     1      0     1    8    1    3     1     0     0     0   203   209.0K    2.821     1552  OK
589    4    5      1     1    32   120     1      0     1    4    1    0     1     0     0     0   206   209.0K    2.822     1552  OK
590    4    5      1     1    32   120     1      0     1    4    1    3     1     0     0     0   206   209.0K    2.822     1552  OK
591    4    5      1     1    32   200     1      0     1    1    1    0     1     0     0     0   154   209.0K    2.822     1552  OK
592    4    5      1     1    32   200     1      0     1    1    1    1     1     0     0     0   147   209.0K    2.824     1551  OK
593    4    5      1     1    32   200     1      0     1    8    0    0     1     0     0     0   222   209.0K    2.824     1551  OK
594    4    5      1     1    32   200     1      0     1    1    1    3     1     0     0     0   154   209.0K    2.827     1549  OK
595    4    5      1     1    32   200     1      0     1    8    0    3     1     0     0     0   222   209.0K    2.827     1549  OK
596    3    5      3     1    32    40     2      1     1    4    0    0     1     0     0     0   211   177.0K    2.829     1548  OK
597    4    5      1     1    32   200     1      0     1    6    1    0     1     0     0     0   168   209.0K    2.831     1547  OK
598    3    5      1     1    32   100     2      1     1    4    0    0     1     0     0     0   210   177.0K    2.833     1546  OK
599    3    5      1     1    32    40     2      1     1    4    0    0     1     0     0     0   210   177.0K    2.834     1546  OK
600    3    5      1     1    32   120     2      1     1    4    0    0     1     0     0     0   210   177.0K    2.834     1546  OK
601    4    5      1     1    32   200     1      0     1    6    0    0     1     0     0     0   186   209.0K    2.835     1545  OK
602    4    5      1     1    32   200     1      0     1    6    1    3     1     0     0     0   168   209.0K    2.835     1545  OK
603    3    5      1     1    32    80     2      1     1    4    0    0     1     0     0     0   210   177.0K    2.836     1544  OK
604    3    5      3     1    32     0     2      1     1    4    0    0     1     0     0     0   209   177.0K    2.836     1544  OK
605    3    5      1     1    32    60     2      1     1    4    0    0     1     0     0     0   210   177.0K    2.837     1544  OK
606    3    5      1     1    32   160     2      1     1    4    0    0     1     0     0     0   210   177.0K    2.837     1544  OK
607    3    5      3     1    32    60     2      1     1    4    0    0     1     0     0     0   211   177.0K    2.837     1544  OK
608    4    5      1     1    32   200     1      0     1    4    1    1     1     0     0     0   159   209.0K    2.838     1543  OK
609    3    5      3     1    32   100     2      1     1    4    0    0     1     0     0     0   211   177.0K    2.839     1543  OK
610    4    5      1     1    32   200     1      1     1    2    4    1     1     0     0     0   163   209.0K    2.839     1543  OK
611    4    5      1     1    32   200     1      0     1    8    1    1     1     0     0     0   159   209.0K    2.839     1543  OK
612    4    5      1     1    32   200     1      0     1    6    4    0     1     0     0     0   183   209.0K    2.840     1542  OK
613    3    5      1     0    32    80     2      1     1    4    0    0     1     0     0     0   206   177.0K    2.841     1542  OK
614    3    5      2     0    32     0     2      1     1    4    0    0     1     0     0     0   207   177.0K    2.841     1542  OK
615    3    5      3     1    32    80     2      1     1    4    0    0     1     0     0     0   211   177.0K    2.841     1542  OK
616    4    5      1     1    32   200     1      0     1    6    4    1     1     0     0     0   175   209.0K    2.841     1542  OK
617    3    5      1     1    32   200     2      1     1    4    0    0     1     0     0     0   210   177.0K    2.842     1541  OK
618    3    5      3     0    32    40     2      1     1    4    0    0     1     0     0     0   208   177.0K    2.842     1541  OK
619    4    5      1     1    32   200     1      0     1    2    1    3     1     0     0     0   154   209.0K    2.843     1541  OK
620    3    5      1     0    32   100     2      1     1    4    0    0     1     0     0     0   206   177.0K    2.844     1540  OK
621    3    5      1     0    32   160     2      1     1    4    0    0     1     0     0     0   206   177.0K    2.844     1540  OK
622    3    5      3     0    32   100     2      1     1    4    0    0     1     0     0     0   208   177.0K    2.844     1540  OK
623    4    5      1     1    32   200     1      0     1    2    1    0     1     0     0     0   154   209.0K    2.844     1540  OK
624    4    5      1     1    32   200     1      0     1    6    4    3     1     0     0     0   183   209.0K    2.844     1540  OK
625    3    5      1     0    32    60     2      1     1    4    0    0     1     0     0     0   206   177.0K    2.846     1539  OK
626    4    5      1     1    32   200     1      0     1    6    1    1     1     0     0     0   159   209.0K    2.846     1539  OK
627    4    5      1     1    32   200     1      0     1    6    0    3     1     0     0     0   186   209.0K    2.846     1539  OK
628    3    5      2     1    32     0     2      1     1    4    0    0     1     0     0     0   207   177.0K    2.847     1539  OK
629    3    5      3     0    32    80     2      1     1    4    0    0     1     0     0     0   208   177.0K    2.847     1538  OK
630    3    5      1     0    32    40     2      1     1    4    0    0     1     0     0     0   206   177.0K    2.848     1538  OK
631    3    5      3     0    32    60     2      1     1    4    0    0     1     0     0     0   208   177.0K    2.848     1538  OK
632    4    5      1     1    32   200     1      0     1    8    4    1     1     0     0     0   175   209.0K    2.848     1538  OK
633    3    5      1     0    32   200     2      1     1    4    0    0     1     0     0     0   206   177.0K    2.849     1537  OK
634    3    5      3     1    32   120     2      1     1    4    0    0     1     0     0     0   211   177.0K    2.849     1537  OK
635    3    5      1     0    32   120     2      1     1    4    0    0     1     0     0     0   206   177.0K    2.850     1537  OK
636    3    5      3     1    32   160     2      1     1    4    0    0     1     0     0     0   211   177.0K    2.850     1537  OK
637    4    5      1     1    32   200     1      0     1    1    4    3     1     0     0     0   171   209.0K    2.851     1536  OK
638    4    5      1     1    32   200     1      1     1    2    0    1     1     0     0     0   163   209.0K    2.851     1536  OK
639    4    5      1     1    32   200     1      0     1    8    0    1     1     0     0     0   175   209.0K    2.852     1536  OK
640    4    5      1     1    32   200     1      0     1    8    4    3     1     0     0     0   219   209.0K    2.854     1535  OK
641    3    5      3     0    32   120     2      1     1    4    0    0     1     0     0     0   208   177.0K    2.855     1534  OK
642    4    5      1     1    32   200     1      0     1    4    4    1     1     0     0     0   175   209.0K    2.856     1534  OK
643    4    5      1     1    32   200     1      0     1    6    0    1     1     0     0     0   175   209.0K    2.856     1534  OK
644    4    5      1     1    32   200     1      0     1    1    4    0     1     0     0     0   171   209.0K    2.858     1533  OK
645    4    5      1     1    32   200     1      0     1    1    0    3     1     0     0     0   171   209.0K    2.858     1533  OK
646    4    5      1     1    32   200     1      0     1    4    4    0     1     0     0     0   219   209.0K    2.858     1533  OK
647    4    5      1     1    32   200     1      0     1    4    0    1     1     0     0     0   175   209.0K    2.858     1533  OK
648    4    5      1     1    32   200     1      0     1    4    4    3     1     0     0     0   219   209.0K    2.858     1533  OK
649    4    5      1     1    32   200     1      0     1    8    4    0     1     0     0     0   219   209.0K    2.858     1532  OK
650    3    5      2     0    32   200     2      1     1    4    0    0     1     0     0     0   208   177.0K    2.859     1532  OK
651    3    5      3     0    32   200     2      1     1    4    0    0     1     0     0     0   208   177.0K    2.859     1532  OK
652    4    5      1     1    32   200     1      0     1    4    0    0     1     0     0     0   219   209.0K    2.859     1532  OK
653    4    5      1     1    32   200     1      0     1    4    0    3     1     0     0     0   219   209.0K    2.859     1532  OK
654    3    5      2     0    32   120     2      1     1    4    0    0     1     0     0     0   208   177.0K    2.861     1531  OK
655    4    5      1     1    32   200     1      0     1    2    0    0     1     0     0     0   171   209.0K    2.861     1531  OK
656    4    5      1     1    32   200     1      0     1    2    4    3     1     0     0     0   171   209.0K    2.862     1530  OK
657    4    5      1     1    32   200     1      1     1    2    1    1     1     0     0     0   145   209.0K    2.862     1530  OK
658    4    5      1     1    32   200     1      0     1    1    0    0     1     0     0     0   171   209.0K    2.863     1530  OK
659    4    5      1     1    32   200     1      0     1    2    4    0     1     0     0     0   171   209.0K    2.863     1530  OK
660    4    5      1     1    32   200     1      0     1    4    1    0     1     0     0     0   206   209.0K    2.866     1528  OK
661    3    5      2     0    32   100     2      1     1    4    0    0     1     0     0     0   208   177.0K    2.867     1528  OK
662    3    5      3     0    32   160     2      1     1    4    0    0     1     0     0     0   208   177.0K    2.867     1528  OK
663    4    5      1     1    32   200     1      0     1    2    0    3     1     0     0     0   171   209.0K    2.867     1528  OK
664    3    5      2     0    32   160     2      1     1    4    0    0     1     0     0     0   208   177.0K    2.868     1527  OK
665    4    5      1     1    32   200     1      0     1    4    1    3     1     0     0     0   206   209.0K    2.869     1527  OK
666    4    5      1     1    32   200     1      0     1    8    1    3     1     0     0     0   203   209.0K    2.872     1525  OK
667    4    5      1     1    32   200     1      0     1    8    1    0     1     0     0     0   203   209.0K    2.873     1525  OK
668    3    5      2     0    32    80     2      1     1    4    0    0     1     0     0     0   208   177.0K    2.875     1523  OK
669    3    5      2     0    32    40     2      1     1    4    0    0     1     0     0     0   208   177.0K    2.875     1523  OK
670    3    5      2     0    32    80     2      1     1    4    0    0     1     0     0     0   208   177.0K    2.875     1524  OK
671    3    5      2     0    32    60     2      1     1    4    0    0     1     0     0     0   208   177.0K    2.878     1522  OK
672    3    5      0     1    32     0     2      1     1    4    0    0     1     0     0     0   207   177.0K    2.880     1521  OK
673    3    5      0     1    32    40     2      1     1    4    0    0     1     0     0     0   208   177.0K    2.885     1518  OK
674    3    5      2     1    32   200     2      1     1    4    0    0     1     0     0     0   209   177.0K    2.886     1517  OK
675    4    5      1     1    32   200     1      1     1    1    0    1     1     0     0     0   163   209.0K    2.893     1514  OK
676    3    5      0     1    32    60     2      1     1    4    0    0     1     0     0     0   208   177.0K    2.895     1513  OK
677    3    5      2     1    32    40     2      1     1    4    0    0     1     0     0     0   209   177.0K    2.899     1511  OK
678    3    5      0     1    32   200     2      1     1    4    0    0     1     0     0     0   208   177.0K    2.900     1510  OK
679    3    5      0     1    32   160     2      1     1    4    0    0     1     0     0     0   208   177.0K    2.901     1510  OK
680    4    5      1     1    32   200     1      1     1    1    1    1     1     0     0     0   147   209.0K    2.901     1510  OK
681    3    5      0     1    32    80     2      1     1    4    0    0     1     0     0     0   208   177.0K    2.905     1508  OK
682    3    5      2     1    32    60     2      1     1    4    0    0     1     0     0     0   209   177.0K    2.905     1508  OK
683    3    5      0     1    32   100     2      1     1    4    0    0     1     0     0     0   208   177.0K    2.907     1507  OK
684    3    5      2     1    32   120     2      1     1    4    0    0     1     0     0     0   209   177.0K    2.907     1507  OK
685    3    5      0     1    32   120     2      1     1    4    0    0     1     0     0     0   208   177.0K    2.908     1506  OK
686    3    5      2     1    32   100     2      1     1    4    0    0     1     0     0     0   209   177.0K    2.911     1505  OK
687    3    5      2     1    32    80     2      1     1    4    0    0     1     0     0     0   209   177.0K    2.912     1504  OK
688    3    5      2     1    32   160     2      1     1    4    0    0     1     0     0     0   209   177.0K    2.913     1504  OK
689    4    5      1     1    32   200     1      1     1    1    4    1     1     0     0     0   163   209.0K    2.916     1502  OK
690    3    5      0     0    32    40     2      1     1    4    0    0     1     0     0     0   206   177.0K    2.976     1472  OK
691    3    5      0     0    32   120     2      1     1    4    0    0     1     0     0     0   206   177.0K    2.979     1470  OK
692    3    5      0     0    32   100     2      1     1    4    0    0     1     0     0     0   206   177.0K    2.981     1470  OK
693    3    5      0     0    32     0     2      1     1    4    0    0     1     0     0     0   205   177.0K    2.982     1469  OK
694    3    5      0     0    32   160     2      1     1    4    0    0     1     0     0     0   206   177.0K    2.983     1468  OK
695    3    5      0     0    32    60     2      1     1    4    0    0     1     0     0     0   206   177.0K    2.984     1468  OK
696    3    5      0     0    32    80     2      1     1    4    0    0     1     0     0     0   206   177.0K    2.985     1467  OK
697    3    5      0     0    32   200     2      1     1    4    0    0     1     0     0     0   206   177.0K    2.985     1467  OK
698    4    5      1     1    32   200     4      0     1    1    1    0     1     0     0     0   200   209.0K    3.768     1162  OK
699    4    5      1     1    32   200     4      0     1    1    1    3     1     0     0     0   200   209.0K    3.769     1162  OK
700    4    5      1     1    32     0     4      0     1    1    1    0     1     0     0     0   196   209.0K    3.779     1159  OK
701    4    5      1     1    32     0     4      0     1    1    1    3     1     0     0     0   196   209.0K    3.785     1157  OK
702    4    5      1     1    32   200     4      1     1    1    1    0     1     0     0     0   200   209.0K    3.786     1157  OK
703    4    5      1     1    32   200     4      1     1    1    1    3     1     0     0     0   200   209.0K    3.786     1157  OK
704    4    5      1     1    32     0     4      1     1    4    1    1     1     0     0     0   202   209.0K    3.799     1153  OK
705    4    5      1     1    32     0     4      0     1    4    1    1     1     0     0     0   202   209.0K    3.803     1152  OK
706    4    5      1     1    32     0     4      1     1    1    1    0     1     0     0     0   196   209.0K    3.804     1151  OK
707    4    5      1     1    32     0     4      1     1    1    1    3     1     0     0     0   196   209.0K    3.806     1151  OK
708    4    5      1     1    32   120     4      1     1    1    1    0     1     0     0     0   200   209.0K    3.829     1144  OK
709    4    5      1     1    32   120     4      1     1    1    1    3     1     0     0     0   200   209.0K    3.831     1143  OK
710    4    5      1     1    32   120     4      0     1    1    1    0     1     0     0     0   200   209.0K    3.837     1141  OK
711    4    5      1     1    32   120     4      0     1    1    1    3     1     0     0     0   200   209.0K    3.839     1141  OK
712    4    5      1     1    32     0     4      0     1    8    1    1     1     0     0     0   202   209.0K    3.841     1140  OK
713    4    5      1     1    32     0     4      0     1    6    1    1     1     0     0     0   202   209.0K    3.842     1140  OK
714    4    5      1     1    32     0     4      0     1    2    1    1     1     0     0     0   188   209.0K    3.863     1134  OK
715    4    5      1     1    32     0     4      1     1    8    1    1     1     0     0     0   202   209.0K    3.868     1132  OK
716    4    5      1     1    32     0     4      1     1    6    1    1     1     0     0     0   202   209.0K    3.869     1132  OK
717    4    5      1     1    32     0     4      1     1    2    1    1     1     0     0     0   188   209.0K    3.872     1131  OK
718    4    5      1     1    32     0     4      0     1    2    1    0     1     0     0     0   196   209.0K    3.880     1129  OK
719    4    5      1     1    32     0     4      0     1    2    1    3     1     0     0     0   196   209.0K    3.880     1129  OK
720    4    5      1     1    32     0     4      0     1    4    1    3     1     0     0     0   240   209.0K    3.880     1129  OK
721    4    5      1     1    32     0     4      0     1    4    1    0     1     0     0     0   240   209.0K    3.881     1129  OK
722    4    5      1     1    32   120     4      0     1    4    1    1     1     0     0     0   207   209.0K    3.882     1128  OK
723    4    5      1     1    32   200     4      0     1    2    1    3     1     0     0     0   200   209.0K    3.888     1126  OK
724    4    5      1     1    32     0     4      0     1    1    1    1     1     0     0     0   188   209.0K    3.890     1126  OK
725    4    5      1     1    32   200     4      1     1    2    1    0     1     0     0     0   200   209.0K    3.890     1126  OK
726    4    5      1     1    32   200     4      1     1    2    1    3     1     0     0     0   200   209.0K    3.890     1126  OK
727    4    5      1     1    32     0     4      1     1    4    1    3     1     0     0     0   240   209.0K    3.891     1126  OK
728    4    5      1     1    32   200     4      0     1    2    1    0     1     0     0     0   200   209.0K    3.892     1125  OK
729    4    5      1     1    32     0     4      1     1    4    1    0     1     0     0     0   240   209.0K    3.893     1125  OK
730    4    5      1     1    32     0     4      1     1    1    1    1     1     0     0     0   188   209.0K    3.896     1124  OK
731    4    5      1     1    32   120     4      1     1    4    1    1     1     0     0     0   207   209.0K    3.897     1124  OK
732    4    5      1     1    32   200     4      0     1    4    1    1     1     0     0     0   207   209.0K    3.902     1122  OK
733    4    5      1     1    32     0     4      1     1    2    1    0     1     0     0     0   196   209.0K    3.907     1121  OK
734    4    5      1     1    32     0     4      1     1    2    1    3     1     0     0     0   196   209.0K    3.909     1120  OK
735    4    5      1     1    32   200     4      0     1    6    1    1     1     0     0     0   207   209.0K    3.917     1118  OK
736    4    5      1     1    32   200     4      1     1    4    1    1     1     0     0     0   207   209.0K    3.918     1118  OK
737    4    5      1     1    32   200     4      0     1    8    1    1     1     0     0     0   207   209.0K    3.919     1118  OK
738    4    5      1     1    32   200     4      1     1    8    1    1     1     0     0     0   207   209.0K    3.927     1115  OK
739    4    5      1     1    32   120     4      0     1    8    1    1     1     0     0     0   207   209.0K    3.928     1115  OK
740    4    5      1     1    32   200     4      1     1    6    1    1     1     0     0     0   207   209.0K    3.928     1115  OK
741    4    5      1     1    32   120     4      0     1    6    1    1     1     0     0     0   207   209.0K    3.929     1115  OK
742    4    5      1     1    32   120     4      1     1    1    1    1     1     0     0     0   191   209.0K    3.934     1113  OK
743    4    5      1     1    32   120     4      0     1    1    1    1     1     0     0     0   191   209.0K    3.938     1112  OK
744    4    5      1     1    32   120     4      1     1    6    1    1     1     0     0     0   207   209.0K    3.939     1112  OK
745    4    5      1     1    32   120     4      1     1    8    1    1     1     0     0     0   207   209.0K    3.941     1111  OK
746    4    5      1     1    32     0     4      0     1    1    4    0     1     0     0     0   216   209.0K    3.942     1111  OK
747    4    5      1     1    32     0     4      0     1    1    4    3     1     0     0     0   216   209.0K    3.943     1111  OK
748    4    5      1     1    32   200     4      0     1    4    1    0     1     0     0     0   241   209.0K    3.946     1110  OK
749    4    5      1     1    32   200     4      0     1    4    1    3     1     0     0     0   241   209.0K    3.950     1109  OK
750    4    5      1     1    32   120     4      1     1    2    1    1     1     0     0     0   191   209.0K    3.951     1109  OK
751    4    5      1     1    32   120     4      1     1    2    1    0     1     0     0     0   200   209.0K    3.953     1108  OK
752    4    5      1     1    32   200     4      1     1    1    1    1     1     0     0     0   191   209.0K    3.954     1108  OK
753    4    5      1     1    32   200     4      0     1    1    1    1     1     0     0     0   191   209.0K    3.955     1108  OK
754    4    5      1     1    32   120     4      0     1    4    1    0     1     0     0     0   241   209.0K    3.957     1107  OK
755    4    5      1     1    32   120     4      0     1    4    1    3     1     0     0     0   241   209.0K    3.958     1107  OK
756    4    5      1     1    32   120     4      1     1    2    1    3     1     0     0     0   200   209.0K    3.959     1106  OK
757    4    5      1     1    32   120     4      0     1    2    1    1     1     0     0     0   191   209.0K    3.963     1105  OK
758    4    5      1     1    32   120     4      1     1    4    1    0     1     0     0     0   241   209.0K    3.963     1105  OK
759    4    5      1     1    32   120     4      1     1    4    1    3     1     0     0     0   241   209.0K    3.963     1105  OK
760    4    5      1     1    32     0     4      0     1    1    0    3     1     0     0     0   216   209.0K    3.965     1105  OK
761    4    5      1     1    32     0     4      0     1    1    0    0     1     0     0     0   216   209.0K    3.966     1104  OK
762    4    5      1     1    32   120     4      0     1    2    1    0     1     0     0     0   200   209.0K    3.967     1104  OK
763    4    5      1     1    32   200     4      1     1    4    1    0     1     0     0     0   241   209.0K    3.967     1104  OK
764    4    5      1     1    32   200     4      1     1    4    1    3     1     0     0     0   241   209.0K    3.967     1104  OK
765    4    5      1     1    32   120     4      0     1    2    1    3     1     0     0     0   200   209.0K    3.969     1104  OK
766    4    5      1     1    32     0     4      0     1    8    4    1     1     0     0     0   218   209.0K    3.971     1103  OK
767    4    5      1     1    32     0     4      1     1    1    4    0     1     0     0     0   216   209.0K    3.972     1103  OK
768    4    5      1     1    32     0     4      0     1    6    4    1     1     0     0     0   218   209.0K    3.974     1102  OK
769    4    5      1     1    32   200     4      1     1    2    1    1     1     0     0     0   191   209.0K    3.974     1102  OK
770    4    5      1     1    32   200     4      0     1    1    4    3     1     0     0     0   220   209.0K    3.976     1102  OK
771    4    5      1     1    32     0     4      1     1    1    4    3     1     0     0     0   216   209.0K    3.977     1101  OK
772    4    5      1     1    32   200     4      0     1    1    4    0     1     0     0     0   220   209.0K    3.978     1101  OK
773    4    5      1     1    32   200     4      0     1    2    1    1     1     0     0     0   191   209.0K    3.979     1101  OK
774    4    5      1     1    32     0     4      0     1    1    4    1     1     0     0     0   206   209.0K    3.983     1100  OK
775    4    5      1     1    32     0     4      1     1    1    4    1     1     0     0     0   206   209.0K    3.983     1100  OK
776    4    5      1     1    32     0     4      0     1    4    4    1     1     0     0     0   218   209.0K    3.984     1099  OK
777    4    5      1     1    32   120     4      0     1    4    4    1     1     0     0     0   224   209.0K    3.989     1098  OK
778    4    5      1     1    32   120     4      0     1    1    4    0     1     0     0     0   220   209.0K    3.993     1097  OK
779    4    5      1     1    32     0     4      1     1    1    0    3     1     0     0     0   216   209.0K    3.996     1096  OK
780    4    5      1     1    32   120     4      0     1    1    4    3     1     0     0     0   220   209.0K    3.996     1096  OK
781    4    5      1     1    32     0     4      1     1    1    0    0     1     0     0     0   216   209.0K    3.997     1096  OK
782    4    5      1     1    32     0     4      1     1    8    4    1     1     0     0     0   218   209.0K    3.998     1096  OK
783    4    5      1     1    32   200     4      1     1    1    4    3     1     0     0     0   220   209.0K    3.998     1095  OK
784    4    5      1     1    32     0     4      1     1    6    4    1     1     0     0     0   218   209.0K    3.999     1095  OK
785    4    5      1     1    32   200     4      1     1    1    4    0     1     0     0     0   220   209.0K    3.999     1095  OK
786    4    5      1     1    32   200     4      0     1    1    0    0     1     0     0     0   220   209.0K    4.001     1095  OK
787    4    5      1     1    32     0     4      1     1    4    4    1     1     0     0     0   218   209.0K    4.002     1094  OK
788    4    5      1     1    32   200     4      0     1    1    0    3     1     0     0     0   220   209.0K    4.002     1094  OK
789    4    5      1     1    32     0     4      0     1    8    0    1     1     0     0     0   218   209.0K    4.003     1094  OK
790    4    5      1     1    32     0     4      0     1    6    0    1     1     0     0     0   218   209.0K    4.007     1093  OK
791    4    5      1     1    32   200     4      1     1    1    0    3     1     0     0     0   220   209.0K    4.009     1093  OK
792    4    5      1     1    32   120     4      1     1    4    4    1     1     0     0     0   224   209.0K    4.010     1092  OK
793    4    5      1     1    32   200     4      1     1    1    0    0     1     0     0     0   220   209.0K    4.012     1092  OK
794    4    5      1     1    32   120     4      0     1    1    0    3     1     0     0     0   220   209.0K    4.013     1091  OK
795    4    5      1     1    32   120     4      1     1    1    0    0     1     0     0     0   220   209.0K    4.013     1091  OK
796    4    5      1     1    32     0     4      0     1    2    4    1     1     0     0     0   206   209.0K    4.014     1091  OK
797    4    5      1     1    32     0     4      1     1    2    4    1     1     0     0     0   206   209.0K    4.014     1091  OK
798    4    5      1     1    32   120     4      0     1    1    0    0     1     0     0     0   220   209.0K    4.014     1091  OK
799    4    5      1     1    32     0     4      0     1    4    0    1     1     0     0     0   218   209.0K    4.015     1091  OK
800    4    5      1     1    32   120     4      1     1    1    0    3     1     0     0     0   220   209.0K    4.017     1090  OK
801    4    5      1     1    32   200     4      0     1    4    4    1     1     0     0     0   224   209.0K    4.017     1090  OK
802    4    5      1     1    32   120     4      0     1    8    1    3     1     0     0     0   241   209.0K    4.022     1089  OK
803    4    5      1     1    32   200     4      0     1    1    4    1     1     0     0     0   211   209.0K    4.022     1089  OK
804    4    5      1     1    32   120     4      0     1    8    1    0     1     0     0     0   241   209.0K    4.023     1089  OK
805    4    5      1     1    32   120     4      1     1    1    4    3     1     0     0     0   220   209.0K    4.024     1089  OK
806    4    5      1     1    32     0     4      1     1    1    0    1     1     0     0     0   206   209.0K    4.025     1088  OK
807    4    5      1     1    32   120     4      1     1    1    4    0     1     0     0     0   220   209.0K    4.025     1088  OK
808    4    5      1     1    32     0     4      0     1    2    0    1     1     0     0     0   206   209.0K    4.026     1088  OK
809    4    5      1     1    32     0     4      0     1    1    0    1     1     0     0     0   206   209.0K    4.027     1088  OK
810    4    5      1     1    32     0     4      1     1    8    1    3     1     0     0     0   240   209.0K    4.027     1088  OK
811    4    5      1     1    32   120     4      0     1    1    4    1     1     0     0     0   211   209.0K    4.027     1088  OK
812    4    5      1     1    32   200     4      1     1    4    4    1     1     0     0     0   224   209.0K    4.028     1087  OK
813    4    5      1     1    32     0     4      1     1    8    1    0     1     0     0     0   240   209.0K    4.029     1087  OK
814    4    5      1     1    32     0     4      1     1    8    0    1     1     0     0     0   218   209.0K    4.035     1085  OK
815    4    5      1     1    32   200     4      0     1    2    4    1     1     0     0     0   211   209.0K    4.035     1085  OK
816    4    5      1     1    32     0     4      1     1    6    0    1     1     0     0     0   218   209.0K    4.036     1085  OK
817    4    5      1     1    32     0     4      1     1    2    0    1     1     0     0     0   206   209.0K    4.037     1085  OK
818    4    5      1     1    32   120     4      1     1    1    4    1     1     0     0     0   211   209.0K    4.040     1084  OK
819    4    5      1     1    32   120     4      0     1    8    4    1     1     0     0     0   224   209.0K    4.040     1084  OK
820    4    5      1     1    32     0     4      1     1    4    0    1     1     0     0     0   218   209.0K    4.042     1084  OK
821    4    5      1     1    32   120     4      0     1    6    4    1     1     0     0     0   224   209.0K    4.042     1084  OK
822    4    5      1     1    32   200     4      1     1    1    4    1     1     0     0     0   211   209.0K    4.042     1084  OK
823    4    5      1     1    32   120     4      1     1    8    4    1     1     0     0     0   224   209.0K    4.043     1083  OK
824    4    5      1     1    32   120     4      1     1    6    4    1     1     0     0     0   224   209.0K    4.044     1083  OK
825    4    5      1     1    32   120     4      1     1    8    1    0     1     0     0     0   241   209.0K    4.045     1083  OK
826    4    5      1     1    32     0     4      0     1    8    1    0     1     0     0     0   240   209.0K    4.046     1083  OK
827    4    5      1     1    32   120     4      1     1    8    1    3     1     0     0     0   241   209.0K    4.046     1083  OK
828    4    5      1     1    32     0     4      0     1    4    4    3     1     0     0     0   245   209.0K    4.048     1082  OK
829    4    5      1     1    32     0     4      0     1    8    1    3     1     0     0     0   240   209.0K    4.048     1082  OK
830    4    5      1     1    32   200     4      0     1    8    1    3     1     0     0     0   241   209.0K    4.049     1082  OK
831    4    5      1     1    32     0     4      0     1    4    4    0     1     0     0     0   245   209.0K    4.050     1081  OK
832    4    5      1     1    32   120     4      0     1    2    4    1     1     0     0     0   211   209.0K    4.050     1082  OK
833    4    5      1     1    32   200     4      0     1    8    1    0     1     0     0     0   241   209.0K    4.052     1081  OK
834    4    5      1     1    32   200     4      1     1    2    4    1     1     0     0     0   211   209.0K    4.053     1081  OK
835    4    5      1     1    32   120     4      0     1    2    0    0     1     0     0     0   220   209.0K    4.054     1080  OK
836    4    5      1     1    32   200     4      1     1    6    1    3     1     0     0     0   216   209.0K    4.054     1080  OK
837    4    5      1     1    32   120     4      0     1    2    0    1     1     0     0     0   211   209.0K    4.055     1080  OK
838    4    5      1     1    32   200     4      1     1    6    1    0     1     0     0     0   216   209.0K    4.055     1080  OK
839    4    5      1     1    32   120     4      0     1    2    0    3     1     0     0     0   220   209.0K    4.056     1080  OK
840    4    5      1     1    32   200     4      1     1    6    4    1     1     0     0     0   224   209.0K    4.057     1080  OK
841    4    5      1     1    32   200     4      1     1    8    4    1     1     0     0     0   224   209.0K    4.057     1080  OK
842    4    5      1     1    32   200     4      0     1    6    4    1     1     0     0     0   224   209.0K    4.058     1079  OK
843    4    5      1     1    32   200     4      0     1    8    4    1     1     0     0     0   224   209.0K    4.058     1079  OK
844    4    5      1     1    32     0     4      0     1    2    4    3     1     0     0     0   216   209.0K    4.061     1078  OK
845    4    5      1     1    32   120     4      1     1    2    4    1     1     0     0     0   211   209.0K    4.063     1078  OK
846    4    5      1     1    32     0     4      0     1    2    4    0     1     0     0     0   216   209.0K    4.064     1078  OK
847    4    5      1     1    32   120     4      0     1    4    0    1     1     0     0     0   224   209.0K    4.064     1078  OK
848    4    5      1     1    32   200     4      1     1    8    1    0     1     0     0     0   241   209.0K    4.065     1078  OK
849    4    5      1     1    32   200     4      1     1    8    1    3     1     0     0     0   241   209.0K    4.065     1078  OK
850    4    5      1     1    32   120     4      1     1    6    1    0     1     0     0     0   216   209.0K    4.071     1076  OK
851    4    5      1     1    32   120     4      1     1    6    1    3     1     0     0     0   216   209.0K    4.071     1076  OK
852    4    5      1     1    32   120     4      0     1    2    4    0     1     0     0     0   220   209.0K    4.072     1076  OK
853    4    5      1     1    32     0     4      1     1    6    1    0     1     0     0     0   212   209.0K    4.075     1075  OK
854    4    5      1     1    32   120     4      0     1    2    4    3     1     0     0     0   220   209.0K    4.075     1075  OK
855    4    5      1     1    32     0     4      1     1    6    1    3     1     0     0     0   212   209.0K    4.076     1074  OK
856    4    5      1     1    32     0     4      1     1    2    4    0     1     0     0     0   216   209.0K    4.077     1074  OK
857    4    5      1     1    32     0     4      1     1    2    4    3     1     0     0     0   216   209.0K    4.077     1074  OK
858    4    5      1     1    32     0     4      0     1    2    0    3     1     0     0     0   216   209.0K    4.078     1074  OK
859    4    5      1     1    32   200     4      0     1    6    0    1     1     0     0     0   224   209.0K    4.078     1074  OK
860    4    5      1     1    32   200     4      0     1    8    0    1     1     0     0     0   224   209.0K    4.078     1074  OK
861    4    5      1     1    32     0     4      0     1    2    0    0     1     0     0     0   216   209.0K    4.079     1074  OK
862    4    5      1     1    32   200     4      0     1    4    0    1     1     0     0     0   224   209.0K    4.079     1074  OK
863    4    5      1     1    32     0     4      1     1    4    4    3     1     0     0     0   245   209.0K    4.081     1073  OK
864    4    5      1     1    32     0     4      0     1    6    1    0     1     0     0     0   212   209.0K    4.081     1073  OK
865    4    5      1     1    32     0     4      0     1    6    1    3     1     0     0     0   212   209.0K    4.082     1073  OK
866    4    5      1     1    32   200     4      0     1    2    4    0     1     0     0     0   220   209.0K    4.082     1073  OK
867    4    5      1     1    32   200     4      0     1    2    4    3     1     0     0     0   220   209.0K    4.082     1073  OK
868    4    5      1     1    32     0     4      1     1    4    4    0     1     0     0     0   245   209.0K    4.083     1073  OK
869    4    5      1     1    32   120     4      1     1    4    0    1     1     0     0     0   224   209.0K    4.085     1072  OK
870    4    5      1     1    32   200     4      0     1    2    0    3     1     0     0     0   220   209.0K    4.085     1072  OK
871    4    5      1     1    32   120     4      1     1    2    0    1     1     0     0     0   211   209.0K    4.086     1072  OK
872    4    5      1     1    32   200     4      0     1    2    0    0     1     0     0     0   220   209.0K    4.087     1072  OK
873    4    5      1     1    32   120     4      1     1    2    0    3     1     0     0     0   220   209.0K    4.088     1071  OK
874    4    5      1     1    32   120     4      1     1    2    0    0     1     0     0     0   220   209.0K    4.089     1071  OK
875    4    5      1     1    32   120     4      0     1    8    0    1     1     0     0     0   224   209.0K    4.090     1071  OK
876    4    5      1     1    32   200     4      0     1    2    0    1     1     0     0     0   211   209.0K    4.091     1071  OK
877    4    5      1     1    32   200     4      0     1    6    1    0     1     0     0     0   216   209.0K    4.091     1071  OK
878    4    5      1     1    32     0     4      1     1    2    0    0     1     0     0     0   216   209.0K    4.092     1070  OK
879    4    5      1     1    32     0     4      1     1    2    0    3     1     0     0     0   216   209.0K    4.092     1070  OK
880    4    5      1     1    32   120     4      1     1    2    4    0     1     0     0     0   220   209.0K    4.092     1070  OK
881    4    5      1     1    32   120     4      0     1    6    0    1     1     0     0     0   224   209.0K    4.093     1070  OK
882    4    5      1     1    32   200     4      0     1    6    1    3     1     0     0     0   216   209.0K    4.093     1070  OK
883    4    5      1     1    32   120     4      0     1    6    1    0     1     0     0     0   216   209.0K    4.094     1070  OK
884    4    5      1     1    32   200     4      1     1    2    4    3     1     0     0     0   220   209.0K    4.094     1070  OK
885    4    5      1     1    32   120     4      0     1    4    4    3     1     0     0     0   244   209.0K    4.095     1070  OK
886    4    5      1     1    32   120     4      0     1    6    1    3     1     0     0     0   216   209.0K    4.095     1070  OK
887    4    5      1     1    32   200     4      0     1    4    4    0     1     0     0     0   244   209.0K    4.095     1070  OK
888    4    5      1     1    32   200     4      0     1    4    4    3     1     0     0     0   244   209.0K    4.095     1070  OK
889    4    5      1     1    32   120     4      1     1    2    4    3     1     0     0     0   220   209.0K    4.096     1069  OK
890    4    5      1     1    32   120     4      0     1    4    4    0     1     0     0     0   244   209.0K    4.096     1069  OK
891    4    5      1     1    32   200     4      0     1    1    0    1     1     0     0     0   211   209.0K    4.096     1069  OK
892    4    5      1     1    32   200     4      1     1    2    4    0     1     0     0     0   220   209.0K    4.097     1069  OK
893    4    5      1     1    32   120     4      0     1    1    0    1     1     0     0     0   211   209.0K    4.102     1068  OK
894    4    5      1     1    32   200     4      1     1    1    0    1     1     0     0     0   211   209.0K    4.102     1068  OK
895    4    5      1     1    32   200     4      1     1    2    0    1     1     0     0     0   211   209.0K    4.107     1066  OK
896    4    5      1     1    32   120     4      1     1    1    0    1     1     0     0     0   211   209.0K    4.109     1066  OK
897    4    5      1     1    32   200     4      1     1    4    0    1     1     0     0     0   224   209.0K    4.109     1066  OK
898    4    5      1     1    32   120     4      1     1    8    0    1     1     0     0     0   224   209.0K    4.112     1065  OK
899    4    5      1     1    32   120     4      1     1    6    0    1     1     0     0     0   224   209.0K    4.113     1065  OK
900    4    5      1     1    32   200     4      1     1    6    0    1     1     0     0     0   224   209.0K    4.113     1065  OK
901    4    5      1     1    32   200     4      1     1    8    0    1     1     0     0     0   224   209.0K    4.117     1064  OK
902    4    5      1     1    32   200     4      1     1    2    0    0     1     0     0     0   220   209.0K    4.118     1064  OK
903    4    5      1     1    32   200     4      1     1    2    0    3     1     0     0     0   220   209.0K    4.119     1063  OK
904    4    5      1     1    32   200     4      1     1    4    4    3     1     0     0     0   244   209.0K    4.137     1059  OK
905    4    5      1     1    32   200     4      1     1    4    4    0     1     0     0     0   244   209.0K    4.138     1059  OK
906    4    5      1     1    32   120     4      1     1    4    4    0     1     0     0     0   244   209.0K    4.143     1057  OK
907    4    5      1     1    32   120     4      1     1    4    4    3     1     0     0     0   244   209.0K    4.145     1057  OK
908    4    5      1     1    32     0     4      0     1    8    4    0     1     0     0     0   245   209.0K    4.154     1054  OK
909    4    5      1     1    32   120     4      1     1    8    4    0     1     0     0     0   244   209.0K    4.154     1054  OK
910    4    5      1     1    32     0     4      0     1    8    4    3     1     0     0     0   245   209.0K    4.155     1054  OK
911    4    5      1     1    32   120     4      1     1    8    4    3     1     0     0     0   244   209.0K    4.155     1054  OK
912    4    5      1     1    32   120     4      0     1    8    4    0     1     0     0     0   244   209.0K    4.157     1054  OK
913    4    5      1     1    32   120     4      0     1    8    4    3     1     0     0     0   244   209.0K    4.159     1053  OK
914    4    5      1     1    32   200     4      0     1    4    0    3     1     0     0     0   244   209.0K    4.161     1053  OK
915    4    5      1     1    32   120     4      0     1    6    4    0     1     0     0     0   232   209.0K    4.163     1052  OK
916    4    5      1     1    32   120     4      0     1    6    4    3     1     0     0     0   232   209.0K    4.163     1052  OK
917    4    5      1     1    32   200     4      0     1    4    0    0     1     0     0     0   244   209.0K    4.163     1052  OK
918    4    5      1     1    32   200     4      0     1    6    4    0     1     0     0     0   232   209.0K    4.163     1052  OK
919    4    5      1     1    32   200     4      0     1    6    4    3     1     0     0     0   232   209.0K    4.163     1052  OK
920    4    5      1     1    32     0     4      1     1    6    4    3     1     0     0     0   228   209.0K    4.167     1051  OK
921    4    5      1     1    32     0     4      1     1    6    4    0     1     0     0     0   228   209.0K    4.168     1051  OK
922    4    5      1     1    32   200     4      1     1    8    4    0     1     0     0     0   244   209.0K    4.168     1051  OK
923    4    5      1     1    32   200     4      0     1    8    4    0     1     0     0     0   244   209.0K    4.169     1051  OK
924    4    5      1     1    32   200     4      0     1    8    4    3     1     0     0     0   244   209.0K    4.169     1051  OK
925    4    5      1     1    32   200     4      1     1    8    4    3     1     0     0     0   244   209.0K    4.169     1051  OK
926    4    5      1     1    32     0     4      0     1    4    0    0     1     0     0     0   245   209.0K    4.170     1050  OK
927    4    5      1     1    32     0     4      0     1    4    0    3     1     0     0     0   245   209.0K    4.170     1050  OK
928    4    5      1     1    32   200     4      1     1    4    0    3     1     0     0     0   244   209.0K    4.170     1050  OK
929    4    5      1     1    32   200     4      1     1    4    0    0     1     0     0     0   244   209.0K    4.173     1050  OK
930    4    5      1     1    32     0     4      1     1    8    4    0     1     0     0     0   245   209.0K    4.174     1049  OK
931    4    5      1     1    32     0     4      0     1    6    4    0     1     0     0     0   228   209.0K    4.175     1049  OK
932    4    5      1     1    32     0     4      1     1    8    4    3     1     0     0     0   245   209.0K    4.175     1049  OK
933    4    5      1     1    32     0     4      0     1    6    4    3     1     0     0     0   228   209.0K    4.176     1049  OK
934    4    5      1     1    32     0     4      1     1    4    0    0     1     0     0     0   245   209.0K    4.180     1048  OK
935    4    5      1     1    32     0     4      1     1    4    0    3     1     0     0     0   245   209.0K    4.180     1048  OK
936    4    5      1     1    32   120     4      0     1    4    0    0     1     0     0     0   244   209.0K    4.184     1047  OK
937    4    5      1     1    32   120     4      0     1    4    0    3     1     0     0     0   244   209.0K    4.186     1046  OK
938    4    5      1     1    32     0     4      0     1    6    0    0     1     0     0     0   228   209.0K    4.187     1046  OK
939    4    5      1     1    32     0     4      0     1    6    0    3     1     0     0     0   228   209.0K    4.188     1046  OK
940    4    5      1     1    32     0     4      0     1    8    0    0     1     0     0     0   245   209.0K    4.193     1045  OK
941    4    5      1     1    32     0     4      0     1    8    0    3     1     0     0     0   245   209.0K    4.193     1045  OK
942    4    5      1     1    32   120     4      1     1    4    0    0     1     0     0     0   244   209.0K    4.193     1045  OK
943    4    5      1     1    32   120     4      1     1    4    0    3     1     0     0     0   244   209.0K    4.194     1044  OK
944    4    5      1     1    32   120     4      1     1    6    4    0     1     0     0     0   232   209.0K    4.195     1044  OK
945    4    5      1     1    32   120     4      1     1    6    4    3     1     0     0     0   232   209.0K    4.195     1044  OK
946    4    5      1     1    32   120     4      0     1    8    0    3     1     0     0     0   244   209.0K    4.200     1043  OK
947    4    5      1     1    32   120     4      0     1    8    0    0     1     0     0     0   244   209.0K    4.201     1043  OK
948    4    5      1     1    32   200     4      1     1    6    4    3     1     0     0     0   232   209.0K    4.205     1042  OK
949    4    5      1     1    32   120     4      1     1    8    0    0     1     0     0     0   244   209.0K    4.206     1041  OK
950    4    5      1     1    32     0     4      1     1    8    0    0     1     0     0     0   245   209.0K    4.207     1041  OK
951    4    5      1     1    32     0     4      1     1    8    0    3     1     0     0     0   245   209.0K    4.207     1041  OK
952    4    5      1     1    32   200     4      1     1    6    4    0     1     0     0     0   232   209.0K    4.207     1041  OK
953    4    5      1     1    32   120     4      1     1    8    0    3     1     0     0     0   244   209.0K    4.208     1041  OK
954    4    5      1     1    32     0     4      1     1    6    0    0     1     0     0     0   228   209.0K    4.215     1039  OK
955    4    5      1     1    32     0     4      1     1    6    0    3     1     0     0     0   228   209.0K    4.215     1039  OK
956    4    5      1     1    32   200     4      0     1    8    0    0     1     0     0     0   244   209.0K    4.216     1039  OK
957    4    5      1     1    32   200     4      0     1    8    0    3     1     0     0     0   244   209.0K    4.217     1039  OK
958    4    5      1     1    32   200     4      1     1    8    0    0     1     0     0     0   244   209.0K    4.223     1037  OK
959    4    5      1     1    32   200     4      1     1    8    0    3     1     0     0     0   244   209.0K    4.223     1037  OK
960    4    5      1     1    32   120     4      0     1    6    0    0     1     0     0     0   232   209.0K    4.261     1028  OK
961    4    5      1     1    32   120     4      0     1    6    0    3     1     0     0     0   232   209.0K    4.261     1028  OK
962    4    5      1     1    32   120     4      1     1    6    0    0     1     0     0     0   232   209.0K    4.271     1026  OK
963    4    5      1     1    32   120     4      1     1    6    0    3     1     0     0     0   232   209.0K    4.273     1025  OK
964    4    5      1     1    32   200     4      0     1    6    0    0     1     0     0     0   232   209.0K    4.282     1023  OK
965    4    5      1     1    32   200     4      0     1    6    0    3     1     0     0     0   232   209.0K    4.282     1023  OK
966    4    5      1     1    32   200     4      1     1    6    0    0     1     0     0     0   232   209.0K    4.291     1021  OK
967    4    5      1     1    32   200     4      1     1    6    0    3     1     0     0     0   232   209.0K    4.292     1021  OK
968    4    5      0     0    64     0     2      1     1    4    0    0     1     0     0     0     0   209.0K        -        -  COMPILE_FAIL
969    4    5      0     0    64    40     2      1     1    4    0    0     1     0     0     0     0   209.0K        -        -  COMPILE_FAIL
970    4    5      0     0    64    60     2      1     1    4    0    0     1     0     0     0     0   209.0K        -        -  COMPILE_FAIL
971    4    5      0     0    64    80     2      1     1    4    0    0     1     0     0     0     0   209.0K        -        -  COMPILE_FAIL
972    4    5      0     0    64   100     2      1     1    4    0    0     1     0     0     0     0   209.0K        -        -  COMPILE_FAIL
973    4    5      0     0    64   120     2      1     1    4    0    0     1     0     0     0     0   209.0K        -        -  COMPILE_FAIL
974    4    5      0     0    64   160     2      1     1    4    0    0     1     0     0     0     0   209.0K        -        -  COMPILE_FAIL
975    4    5      0     0    64   200     2      1     1    4    0    0     1     0     0     0     0   209.0K        -        -  COMPILE_FAIL
976    4    5      0     1    64     0     2      1     1    4    0    0     1     0     0     0     0   209.0K        -        -  COMPILE_FAIL
977    4    5      0     1    64    40     2      1     1    4    0    0     1     0     0     0     0   209.0K        -        -  COMPILE_FAIL
978    4    5      0     1    64    60     2      1     1    4    0    0     1     0     0     0     0   209.0K        -        -  COMPILE_FAIL
979    4    5      0     1    64    80     2      1     1    4    0    0     1     0     0     0     0   209.0K        -        -  COMPILE_FAIL
980    4    5      0     1    64   100     2      1     1    4    0    0     1     0     0     0     0   209.0K        -        -  COMPILE_FAIL
981    4    5      0     1    64   120     2      1     1    4    0    0     1     0     0     0     0   209.0K        -        -  COMPILE_FAIL
982    4    5      0     1    64   160     2      1     1    4    0    0     1     0     0     0     0   209.0K        -        -  COMPILE_FAIL
983    4    5      0     1    64   200     2      1     1    4    0    0     1     0     0     0     0   209.0K        -        -  COMPILE_FAIL
984    4    5      1     0    64     0     2      1     1    4    0    0     1     0     0     0     0   209.0K        -        -  COMPILE_FAIL
985    4    5      1     0    64    40     2      1     1    4    0    0     1     0     0     0     0   209.0K        -        -  COMPILE_FAIL
986    4    5      1     0    64    60     2      1     1    4    0    0     1     0     0     0     0   209.0K        -        -  COMPILE_FAIL
987    4    5      1     0    64    80     2      1     1    4    0    0     1     0     0     0     0   209.0K        -        -  COMPILE_FAIL
988    4    5      1     0    64   100     2      1     1    4    0    0     1     0     0     0     0   209.0K        -        -  COMPILE_FAIL
989    4    5      1     0    64   120     2      1     1    4    0    0     1     0     0     0     0   209.0K        -        -  COMPILE_FAIL
990    4    5      1     0    64   160     2      1     1    4    0    0     1     0     0     0     0   209.0K        -        -  COMPILE_FAIL
991    4    5      1     0    64   200     2      1     1    4    0    0     1     0     0     0     0   209.0K        -        -  COMPILE_FAIL
992    4    5      1     1    64     0     2      1     1    4    0    0     1     0     0     0     0   209.0K        -        -  COMPILE_FAIL
993    4    5      1     1    64    40     2      1     1    4    0    0     1     0     0     0     0   209.0K        -        -  COMPILE_FAIL
994    4    5      1     1    64    60     2      1     1    4    0    0     1     0     0     0     0   209.0K        -        -  COMPILE_FAIL
995    4    5      1     1    64    80     2      1     1    4    0    0     1     0     0     0     0   209.0K        -        -  COMPILE_FAIL
996    4    5      1     1    64   100     2      1     1    4    0    0     1     0     0     0     0   209.0K        -        -  COMPILE_FAIL
997    4    5      1     1    64   120     2      1     1    4    0    0     1     0     0     0     0   209.0K        -        -  COMPILE_FAIL
998    4    5      1     1    64   160     2      1     1    4    0    0     1     0     0     0     0   209.0K        -        -  COMPILE_FAIL
999    4    5      1     1    64   200     2      1     1    4    0    0     1     0     0     0     0   209.0K        -        -  COMPILE_FAIL
1000    4    5      2     0    64     0     2      1     1    4    0    0     1     0     0     0     0   209.0K        -        -  COMPILE_FAIL
1001    4    5      2     0    64    40     2      1     1    4    0    0     1     0     0     0     0   209.0K        -        -  COMPILE_FAIL
1002    4    5      2     0    64    60     2      1     1    4    0    0     1     0     0     0     0   209.0K        -        -  COMPILE_FAIL
1003    4    5      2     0    64    80     2      1     1    4    0    0     1     0     0     0     0   209.0K        -        -  COMPILE_FAIL
1004    4    5      2     0    64   100     2      1     1    4    0    0     1     0     0     0     0   209.0K        -        -  COMPILE_FAIL
1005    4    5      2     0    64   120     2      1     1    4    0    0     1     0     0     0     0   209.0K        -        -  COMPILE_FAIL
1006    4    5      2     0    64   160     2      1     1    4    0    0     1     0     0     0     0   209.0K        -        -  COMPILE_FAIL
1007    4    5      2     0    64   200     2      1     1    4    0    0     1     0     0     0     0   209.0K        -        -  COMPILE_FAIL
1008    4    5      2     1    64     0     2      1     1    4    0    0     1     0     0     0     0   209.0K        -        -  COMPILE_FAIL
1009    4    5      2     1    64    40     2      1     1    4    0    0     1     0     0     0     0   209.0K        -        -  COMPILE_FAIL
1010    4    5      2     1    64    60     2      1     1    4    0    0     1     0     0     0     0   209.0K        -        -  COMPILE_FAIL
1011    4    5      2     1    64    80     2      1     1    4    0    0     1     0     0     0     0   209.0K        -        -  COMPILE_FAIL
1012    4    5      2     1    64   100     2      1     1    4    0    0     1     0     0     0     0   209.0K        -        -  COMPILE_FAIL
1013    4    5      2     1    64   120     2      1     1    4    0    0     1     0     0     0     0   209.0K        -        -  COMPILE_FAIL
1014    4    5      2     1    64   160     2      1     1    4    0    0     1     0     0     0     0   209.0K        -        -  COMPILE_FAIL
1015    4    5      2     1    64   200     2      1     1    4    0    0     1     0     0     0     0   209.0K        -        -  COMPILE_FAIL
1016    4    5      3     0    64     0     2      1     1    4    0    0     1     0     0     0     0   209.0K        -        -  COMPILE_FAIL
1017    4    5      3     0    64    40     2      1     1    4    0    0     1     0     0     0     0   209.0K        -        -  COMPILE_FAIL
1018    4    5      3     0    64    60     2      1     1    4    0    0     1     0     0     0     0   209.0K        -        -  COMPILE_FAIL
1019    4    5      3     0    64    80     2      1     1    4    0    0     1     0     0     0     0   209.0K        -        -  COMPILE_FAIL
1020    4    5      3     0    64   100     2      1     1    4    0    0     1     0     0     0     0   209.0K        -        -  COMPILE_FAIL
1021    4    5      3     0    64   120     2      1     1    4    0    0     1     0     0     0     0   209.0K        -        -  COMPILE_FAIL
1022    4    5      3     0    64   160     2      1     1    4    0    0     1     0     0     0     0   209.0K        -        -  COMPILE_FAIL
1023    4    5      3     0    64   200     2      1     1    4    0    0     1     0     0     0     0   209.0K        -        -  COMPILE_FAIL
1024    4    5      3     1    64     0     2      1     1    4    0    0     1     0     0     0     0   209.0K        -        -  COMPILE_FAIL
1025    4    5      3     1    64    40     2      1     1    4    0    0     1     0     0     0     0   209.0K        -        -  COMPILE_FAIL
1026    4    5      3     1    64    60     2      1     1    4    0    0     1     0     0     0     0   209.0K        -        -  COMPILE_FAIL
1027    4    5      3     1    64    80     2      1     1    4    0    0     1     0     0     0     0   209.0K        -        -  COMPILE_FAIL
1028    4    5      3     1    64   100     2      1     1    4    0    0     1     0     0     0     0   209.0K        -        -  COMPILE_FAIL
1029    4    5      3     1    64   120     2      1     1    4    0    0     1     0     0     0     0   209.0K        -        -  COMPILE_FAIL
1030    4    5      3     1    64   160     2      1     1    4    0    0     1     0     0     0     0   209.0K        -        -  COMPILE_FAIL
1031    4    5      3     1    64   200     2      1     1    4    0    0     1     0     0     0     0   209.0K        -        -  COMPILE_FAIL
1032    3    5      0     0    64     0     2      1     1    4    0    0     1     0     0     0     0   177.0K        -        -  COMPILE_FAIL
1033    3    5      0     0    64    40     2      1     1    4    0    0     1     0     0     0     0   177.0K        -        -  COMPILE_FAIL
1034    3    5      0     0    64    60     2      1     1    4    0    0     1     0     0     0     0   177.0K        -        -  COMPILE_FAIL
1035    3    5      0     0    64    80     2      1     1    4    0    0     1     0     0     0     0   177.0K        -        -  COMPILE_FAIL
1036    3    5      0     0    64   100     2      1     1    4    0    0     1     0     0     0     0   177.0K        -        -  COMPILE_FAIL
1037    3    5      0     0    64   120     2      1     1    4    0    0     1     0     0     0     0   177.0K        -        -  COMPILE_FAIL
1038    3    5      0     0    64   160     2      1     1    4    0    0     1     0     0     0     0   177.0K        -        -  COMPILE_FAIL
1039    3    5      0     0    64   200     2      1     1    4    0    0     1     0     0     0     0   177.0K        -        -  COMPILE_FAIL
1040    3    5      0     1    64     0     2      1     1    4    0    0     1     0     0     0     0   177.0K        -        -  COMPILE_FAIL
1041    3    5      0     1    64    40     2      1     1    4    0    0     1     0     0     0     0   177.0K        -        -  COMPILE_FAIL
1042    3    5      0     1    64    60     2      1     1    4    0    0     1     0     0     0     0   177.0K        -        -  COMPILE_FAIL
1043    3    5      0     1    64    80     2      1     1    4    0    0     1     0     0     0     0   177.0K        -        -  COMPILE_FAIL
1044    3    5      0     1    64   100     2      1     1    4    0    0     1     0     0     0     0   177.0K        -        -  COMPILE_FAIL
1045    3    5      0     1    64   120     2      1     1    4    0    0     1     0     0     0     0   177.0K        -        -  COMPILE_FAIL
1046    3    5      0     1    64   160     2      1     1    4    0    0     1     0     0     0     0   177.0K        -        -  COMPILE_FAIL
1047    3    5      0     1    64   200     2      1     1    4    0    0     1     0     0     0     0   177.0K        -        -  COMPILE_FAIL
1048    3    5      1     0    64     0     2      1     1    4    0    0     1     0     0     0     0   177.0K        -        -  COMPILE_FAIL
1049    3    5      1     0    64    40     2      1     1    4    0    0     1     0     0     0     0   177.0K        -        -  COMPILE_FAIL
1050    3    5      1     0    64    60     2      1     1    4    0    0     1     0     0     0     0   177.0K        -        -  COMPILE_FAIL
1051    3    5      1     0    64    80     2      1     1    4    0    0     1     0     0     0     0   177.0K        -        -  COMPILE_FAIL
1052    3    5      1     0    64   100     2      1     1    4    0    0     1     0     0     0     0   177.0K        -        -  COMPILE_FAIL
1053    3    5      1     0    64   120     2      1     1    4    0    0     1     0     0     0     0   177.0K        -        -  COMPILE_FAIL
1054    3    5      1     0    64   160     2      1     1    4    0    0     1     0     0     0     0   177.0K        -        -  COMPILE_FAIL
1055    3    5      1     0    64   200     2      1     1    4    0    0     1     0     0     0     0   177.0K        -        -  COMPILE_FAIL
1056    3    5      1     1    64     0     2      1     1    4    0    0     1     0     0     0     0   177.0K        -        -  COMPILE_FAIL
1057    3    5      1     1    64    40     2      1     1    4    0    0     1     0     0     0     0   177.0K        -        -  COMPILE_FAIL
1058    3    5      1     1    64    60     2      1     1    4    0    0     1     0     0     0     0   177.0K        -        -  COMPILE_FAIL
1059    3    5      1     1    64    80     2      1     1    4    0    0     1     0     0     0     0   177.0K        -        -  COMPILE_FAIL
1060    3    5      1     1    64   100     2      1     1    4    0    0     1     0     0     0     0   177.0K        -        -  COMPILE_FAIL
1061    3    5      1     1    64   120     2      1     1    4    0    0     1     0     0     0     0   177.0K        -        -  COMPILE_FAIL
1062    3    5      1     1    64   160     2      1     1    4    0    0     1     0     0     0     0   177.0K        -        -  COMPILE_FAIL
1063    3    5      1     1    64   200     2      1     1    4    0    0     1     0     0     0     0   177.0K        -        -  COMPILE_FAIL
1064    3    5      2     0    64     0     2      1     1    4    0    0     1     0     0     0     0   177.0K        -        -  COMPILE_FAIL
1065    3    5      2     0    64    40     2      1     1    4    0    0     1     0     0     0     0   177.0K        -        -  COMPILE_FAIL
1066    3    5      2     0    64    60     2      1     1    4    0    0     1     0     0     0     0   177.0K        -        -  COMPILE_FAIL
1067    3    5      2     0    64    80     2      1     1    4    0    0     1     0     0     0     0   177.0K        -        -  COMPILE_FAIL
1068    3    5      2     0    64   100     2      1     1    4    0    0     1     0     0     0     0   177.0K        -        -  COMPILE_FAIL
1069    3    5      2     0    64   120     2      1     1    4    0    0     1     0     0     0     0   177.0K        -        -  COMPILE_FAIL
1070    3    5      2     0    64   160     2      1     1    4    0    0     1     0     0     0     0   177.0K        -        -  COMPILE_FAIL
1071    3    5      2     0    64   200     2      1     1    4    0    0     1     0     0     0     0   177.0K        -        -  COMPILE_FAIL
1072    3    5      2     1    64     0     2      1     1    4    0    0     1     0     0     0     0   177.0K        -        -  COMPILE_FAIL
1073    3    5      2     1    64    40     2      1     1    4    0    0     1     0     0     0     0   177.0K        -        -  COMPILE_FAIL
1074    3    5      2     1    64    60     2      1     1    4    0    0     1     0     0     0     0   177.0K        -        -  COMPILE_FAIL
1075    3    5      2     1    64    80     2      1     1    4    0    0     1     0     0     0     0   177.0K        -        -  COMPILE_FAIL
1076    3    5      2     1    64   100     2      1     1    4    0    0     1     0     0     0     0   177.0K        -        -  COMPILE_FAIL
1077    3    5      2     1    64   120     2      1     1    4    0    0     1     0     0     0     0   177.0K        -        -  COMPILE_FAIL
1078    3    5      2     1    64   160     2      1     1    4    0    0     1     0     0     0     0   177.0K        -        -  COMPILE_FAIL
1079    3    5      2     1    64   200     2      1     1    4    0    0     1     0     0     0     0   177.0K        -        -  COMPILE_FAIL
1080    3    5      3     0    64     0     2      1     1    4    0    0     1     0     0     0     0   177.0K        -        -  COMPILE_FAIL
1081    3    5      3     0    64    40     2      1     1    4    0    0     1     0     0     0     0   177.0K        -        -  COMPILE_FAIL
1082    3    5      3     0    64    60     2      1     1    4    0    0     1     0     0     0     0   177.0K        -        -  COMPILE_FAIL
1083    3    5      3     0    64    80     2      1     1    4    0    0     1     0     0     0     0   177.0K        -        -  COMPILE_FAIL
1084    3    5      3     0    64   100     2      1     1    4    0    0     1     0     0     0     0   177.0K        -        -  COMPILE_FAIL
1085    3    5      3     0    64   120     2      1     1    4    0    0     1     0     0     0     0   177.0K        -        -  COMPILE_FAIL
1086    3    5      3     0    64   160     2      1     1    4    0    0     1     0     0     0     0   177.0K        -        -  COMPILE_FAIL
1087    3    5      3     0    64   200     2      1     1    4    0    0     1     0     0     0     0   177.0K        -        -  COMPILE_FAIL
1088    3    5      3     1    64     0     2      1     1    4    0    0     1     0     0     0     0   177.0K        -        -  COMPILE_FAIL
1089    3    5      3     1    64    40     2      1     1    4    0    0     1     0     0     0     0   177.0K        -        -  COMPILE_FAIL
1090    3    5      3     1    64    60     2      1     1    4    0    0     1     0     0     0     0   177.0K        -        -  COMPILE_FAIL
1091    3    5      3     1    64    80     2      1     1    4    0    0     1     0     0     0     0   177.0K        -        -  COMPILE_FAIL
1092    3    5      3     1    64   100     2      1     1    4    0    0     1     0     0     0     0   177.0K        -        -  COMPILE_FAIL
1093    3    5      3     1    64   120     2      1     1    4    0    0     1     0     0     0     0   177.0K        -        -  COMPILE_FAIL
1094    3    5      3     1    64   160     2      1     1    4    0    0     1     0     0     0     0   177.0K        -        -  COMPILE_FAIL
1095    3    5      3     1    64   200     2      1     1    4    0    0     1     0     0     0     0   177.0K        -        -  COMPILE_FAIL

CSV written to /root/siglip/data/session_20260314_034416/sweep_fc1_gelu.csv

Best: -DGELU_VARIANT=5 -DINTERLEAVE_STRATEGY=1 -DK_LOOP_UNROLL=2 -DMBAR_EARLY=1 -DNUM_EPI_WARPS=5 -DPREFETCH_BEFORE_STORE=1 -DPRELOAD_MODE=2 -DSTAGGER_CYCLES=0 -DSUB_MMA_UNROLL=1 -DW0_LOOP_UNROLL=1 → 2.409 ms / 1818 TFLOPS (185 regs)
