Kernel: patch_embed (patch_embed.cu)

=== Tier 1: N_STAGES, NUM_EPI_WARPS ===
Sweep: 6 total, 3 valid, 3 pruned
Estimated time: ~0 min (3 configs × ~5s each)

[1/3] -DN_STAGES=3 -DK_LOOP_UNROLL=4 ... 0.576 ms / 1903 TFLOPS  (154 regs, 3.0s)
[2/3] (defaults) ... 0.529 ms / 2069 TFLOPS  (209 regs, 2.9s)
[3/3] -DN_STAGES=5 -DK_LOOP_UNROLL=4 ... 0.864 ms / 1267 TFLOPS  (165 regs, 3.0s)

Tier 1 winner (top-3): (defaults) → 0.529 ms / 2069 TFLOPS
  #2: -DN_STAGES=3 -DK_LOOP_UNROLL=4 → 0.576 ms / 1903 TFLOPS
  #3: -DN_STAGES=5 -DK_LOOP_UNROLL=4 → 0.864 ms / 1267 TFLOPS

=== Tier 2: INTERLEAVE_STRATEGY, MBAR_EARLY, STAGGER_CYCLES, TMEM_LOAD_WIDTH ===
  Branch 1/3: (defaults)
Sweep: 128 total, 128 valid, 0 pruned
Estimated time: ~11 min (128 configs × ~5s each)

[1/128] -DINTERLEAVE_STRATEGY=0 -DSTAGGER_CYCLES=0 ... 0.559 ms / 1958 TFLOPS  (207 regs, 2.9s)
[2/128] -DINTERLEAVE_STRATEGY=0 -DSTAGGER_CYCLES=0 -DTMEM_LOAD_WIDTH=64 ... COMPILE_FAIL  (0.4s)
[3/128] -DINTERLEAVE_STRATEGY=0 -DSTAGGER_CYCLES=40 ... 0.556 ms / 1970 TFLOPS  (208 regs, 2.9s)
[4/128] -DINTERLEAVE_STRATEGY=0 -DSTAGGER_CYCLES=40 -DTMEM_LOAD_WIDTH=64 ... COMPILE_FAIL  (0.4s)
[5/128] -DINTERLEAVE_STRATEGY=0 -DSTAGGER_CYCLES=60 ... 0.556 ms / 1971 TFLOPS  (208 regs, 3.0s)
[6/128] -DINTERLEAVE_STRATEGY=0 -DSTAGGER_CYCLES=60 -DTMEM_LOAD_WIDTH=64 ... COMPILE_FAIL  (0.4s)
[7/128] -DINTERLEAVE_STRATEGY=0 ... 0.558 ms / 1963 TFLOPS  (208 regs, 2.9s)
[8/128] -DINTERLEAVE_STRATEGY=0 -DTMEM_LOAD_WIDTH=64 ... COMPILE_FAIL  (0.4s)
[9/128] -DINTERLEAVE_STRATEGY=0 -DSTAGGER_CYCLES=100 ... 0.557 ms / 1968 TFLOPS  (208 regs, 2.9s)
[10/128] -DINTERLEAVE_STRATEGY=0 -DSTAGGER_CYCLES=100 -DTMEM_LOAD_WIDTH=64 ... COMPILE_FAIL  (0.4s)
[11/128] -DINTERLEAVE_STRATEGY=0 -DSTAGGER_CYCLES=120 ... 0.558 ms / 1964 TFLOPS  (208 regs, 3.0s)
[12/128] -DINTERLEAVE_STRATEGY=0 -DSTAGGER_CYCLES=120 -DTMEM_LOAD_WIDTH=64 ... COMPILE_FAIL  (0.4s)
[13/128] -DINTERLEAVE_STRATEGY=0 -DSTAGGER_CYCLES=160 ... 0.556 ms / 1970 TFLOPS  (208 regs, 2.9s)
[14/128] -DINTERLEAVE_STRATEGY=0 -DSTAGGER_CYCLES=160 -DTMEM_LOAD_WIDTH=64 ... COMPILE_FAIL  (0.4s)
[15/128] -DINTERLEAVE_STRATEGY=0 -DSTAGGER_CYCLES=200 ... 0.554 ms / 1978 TFLOPS  (208 regs, 3.0s)
[16/128] -DINTERLEAVE_STRATEGY=0 -DSTAGGER_CYCLES=200 -DTMEM_LOAD_WIDTH=64 ... COMPILE_FAIL  (0.4s)
[17/128] -DINTERLEAVE_STRATEGY=0 -DMBAR_EARLY=1 -DSTAGGER_CYCLES=0 ... 0.558 ms / 1961 TFLOPS  (207 regs, 3.0s)
[18/128] -DINTERLEAVE_STRATEGY=0 -DMBAR_EARLY=1 -DSTAGGER_CYCLES=0 -DTMEM_LOAD_WIDTH=64 ... COMPILE_FAIL  (0.4s)
[19/128] -DINTERLEAVE_STRATEGY=0 -DMBAR_EARLY=1 -DSTAGGER_CYCLES=40 ... 0.556 ms / 1970 TFLOPS  (208 regs, 3.0s)
[20/128] -DINTERLEAVE_STRATEGY=0 -DMBAR_EARLY=1 -DSTAGGER_CYCLES=40 -DTMEM_LOAD_WIDTH=64 ... COMPILE_FAIL  (0.4s)
[21/128] -DINTERLEAVE_STRATEGY=0 -DMBAR_EARLY=1 -DSTAGGER_CYCLES=60 ... 0.557 ms / 1967 TFLOPS  (208 regs, 3.0s)
[22/128] -DINTERLEAVE_STRATEGY=0 -DMBAR_EARLY=1 -DSTAGGER_CYCLES=60 -DTMEM_LOAD_WIDTH=64 ... COMPILE_FAIL  (0.4s)
[23/128] -DINTERLEAVE_STRATEGY=0 -DMBAR_EARLY=1 ... 0.556 ms / 1971 TFLOPS  (208 regs, 2.9s)
[24/128] -DINTERLEAVE_STRATEGY=0 -DMBAR_EARLY=1 -DTMEM_LOAD_WIDTH=64 ... COMPILE_FAIL  (0.4s)
[25/128] -DINTERLEAVE_STRATEGY=0 -DMBAR_EARLY=1 -DSTAGGER_CYCLES=100 ... 0.556 ms / 1969 TFLOPS  (208 regs, 2.9s)
[26/128] -DINTERLEAVE_STRATEGY=0 -DMBAR_EARLY=1 -DSTAGGER_CYCLES=100 -DTMEM_LOAD_WIDTH=64 ... COMPILE_FAIL  (0.4s)
[27/128] -DINTERLEAVE_STRATEGY=0 -DMBAR_EARLY=1 -DSTAGGER_CYCLES=120 ... 0.555 ms / 1974 TFLOPS  (208 regs, 2.9s)
[28/128] -DINTERLEAVE_STRATEGY=0 -DMBAR_EARLY=1 -DSTAGGER_CYCLES=120 -DTMEM_LOAD_WIDTH=64 ... COMPILE_FAIL  (0.4s)
[29/128] -DINTERLEAVE_STRATEGY=0 -DMBAR_EARLY=1 -DSTAGGER_CYCLES=160 ... 0.556 ms / 1969 TFLOPS  (208 regs, 3.0s)
[30/128] -DINTERLEAVE_STRATEGY=0 -DMBAR_EARLY=1 -DSTAGGER_CYCLES=160 -DTMEM_LOAD_WIDTH=64 ... COMPILE_FAIL  (0.4s)
[31/128] -DINTERLEAVE_STRATEGY=0 -DMBAR_EARLY=1 -DSTAGGER_CYCLES=200 ... 0.554 ms / 1977 TFLOPS  (208 regs, 3.0s)
[32/128] -DINTERLEAVE_STRATEGY=0 -DMBAR_EARLY=1 -DSTAGGER_CYCLES=200 -DTMEM_LOAD_WIDTH=64 ... COMPILE_FAIL  (0.4s)
[33/128] -DINTERLEAVE_STRATEGY=1 -DSTAGGER_CYCLES=0 ... 0.536 ms / 2042 TFLOPS  (205 regs, 3.0s)
[34/128] -DINTERLEAVE_STRATEGY=1 -DSTAGGER_CYCLES=0 -DTMEM_LOAD_WIDTH=64 ... COMPILE_FAIL  (0.4s)
[35/128] -DINTERLEAVE_STRATEGY=1 -DSTAGGER_CYCLES=40 ... 0.535 ms / 2048 TFLOPS  (206 regs, 3.0s)
[36/128] -DINTERLEAVE_STRATEGY=1 -DSTAGGER_CYCLES=40 -DTMEM_LOAD_WIDTH=64 ... COMPILE_FAIL  (0.4s)
[37/128] -DINTERLEAVE_STRATEGY=1 -DSTAGGER_CYCLES=60 ... 0.533 ms / 2053 TFLOPS  (206 regs, 3.0s)
[38/128] -DINTERLEAVE_STRATEGY=1 -DSTAGGER_CYCLES=60 -DTMEM_LOAD_WIDTH=64 ... COMPILE_FAIL  (0.4s)
[39/128] -DINTERLEAVE_STRATEGY=1 ... 0.534 ms / 2051 TFLOPS  (206 regs, 2.9s)
[40/128] -DINTERLEAVE_STRATEGY=1 -DTMEM_LOAD_WIDTH=64 ... COMPILE_FAIL  (0.4s)
[41/128] -DINTERLEAVE_STRATEGY=1 -DSTAGGER_CYCLES=100 ... 0.532 ms / 2056 TFLOPS  (206 regs, 3.0s)
[42/128] -DINTERLEAVE_STRATEGY=1 -DSTAGGER_CYCLES=100 -DTMEM_LOAD_WIDTH=64 ... COMPILE_FAIL  (0.4s)
[43/128] -DINTERLEAVE_STRATEGY=1 -DSTAGGER_CYCLES=120 ... 0.534 ms / 2051 TFLOPS  (206 regs, 2.9s)
[44/128] -DINTERLEAVE_STRATEGY=1 -DSTAGGER_CYCLES=120 -DTMEM_LOAD_WIDTH=64 ... COMPILE_FAIL  (0.4s)
[45/128] -DINTERLEAVE_STRATEGY=1 -DSTAGGER_CYCLES=160 ... 0.533 ms / 2053 TFLOPS  (206 regs, 2.9s)
[46/128] -DINTERLEAVE_STRATEGY=1 -DSTAGGER_CYCLES=160 -DTMEM_LOAD_WIDTH=64 ... COMPILE_FAIL  (0.4s)
[47/128] -DINTERLEAVE_STRATEGY=1 -DSTAGGER_CYCLES=200 ... 0.536 ms / 2042 TFLOPS  (206 regs, 3.0s)
[48/128] -DINTERLEAVE_STRATEGY=1 -DSTAGGER_CYCLES=200 -DTMEM_LOAD_WIDTH=64 ... COMPILE_FAIL  (0.4s)
[49/128] -DINTERLEAVE_STRATEGY=1 -DMBAR_EARLY=1 -DSTAGGER_CYCLES=0 ... 0.535 ms / 2046 TFLOPS  (206 regs, 3.0s)
[50/128] -DINTERLEAVE_STRATEGY=1 -DMBAR_EARLY=1 -DSTAGGER_CYCLES=0 -DTMEM_LOAD_WIDTH=64 ... COMPILE_FAIL  (0.4s)
[51/128] -DINTERLEAVE_STRATEGY=1 -DMBAR_EARLY=1 -DSTAGGER_CYCLES=40 ... 0.531 ms / 2064 TFLOPS  (208 regs, 3.0s)
[52/128] -DINTERLEAVE_STRATEGY=1 -DMBAR_EARLY=1 -DSTAGGER_CYCLES=40 -DTMEM_LOAD_WIDTH=64 ... COMPILE_FAIL  (0.4s)
[53/128] -DINTERLEAVE_STRATEGY=1 -DMBAR_EARLY=1 -DSTAGGER_CYCLES=60 ... 0.533 ms / 2054 TFLOPS  (208 regs, 3.0s)
[54/128] -DINTERLEAVE_STRATEGY=1 -DMBAR_EARLY=1 -DSTAGGER_CYCLES=60 -DTMEM_LOAD_WIDTH=64 ... COMPILE_FAIL  (0.4s)
[55/128] -DINTERLEAVE_STRATEGY=1 -DMBAR_EARLY=1 ... 0.533 ms / 2056 TFLOPS  (208 regs, 2.9s)
[56/128] -DINTERLEAVE_STRATEGY=1 -DMBAR_EARLY=1 -DTMEM_LOAD_WIDTH=64 ... COMPILE_FAIL  (0.4s)
[57/128] -DINTERLEAVE_STRATEGY=1 -DMBAR_EARLY=1 -DSTAGGER_CYCLES=100 ... 0.534 ms / 2052 TFLOPS  (208 regs, 2.9s)
[58/128] -DINTERLEAVE_STRATEGY=1 -DMBAR_EARLY=1 -DSTAGGER_CYCLES=100 -DTMEM_LOAD_WIDTH=64 ... COMPILE_FAIL  (0.4s)
[59/128] -DINTERLEAVE_STRATEGY=1 -DMBAR_EARLY=1 -DSTAGGER_CYCLES=120 ... 0.533 ms / 2055 TFLOPS  (208 regs, 2.9s)
[60/128] -DINTERLEAVE_STRATEGY=1 -DMBAR_EARLY=1 -DSTAGGER_CYCLES=120 -DTMEM_LOAD_WIDTH=64 ... COMPILE_FAIL  (0.4s)
[61/128] -DINTERLEAVE_STRATEGY=1 -DMBAR_EARLY=1 -DSTAGGER_CYCLES=160 ... 0.530 ms / 2067 TFLOPS  (208 regs, 3.0s)
[62/128] -DINTERLEAVE_STRATEGY=1 -DMBAR_EARLY=1 -DSTAGGER_CYCLES=160 -DTMEM_LOAD_WIDTH=64 ... COMPILE_FAIL  (0.4s)
[63/128] -DINTERLEAVE_STRATEGY=1 -DMBAR_EARLY=1 -DSTAGGER_CYCLES=200 ... 0.533 ms / 2053 TFLOPS  (208 regs, 2.9s)
[64/128] -DINTERLEAVE_STRATEGY=1 -DMBAR_EARLY=1 -DSTAGGER_CYCLES=200 -DTMEM_LOAD_WIDTH=64 ... COMPILE_FAIL  (0.4s)
[65/128] -DSTAGGER_CYCLES=0 ... 0.530 ms / 2065 TFLOPS  (208 regs, 3.0s)
[66/128] -DSTAGGER_CYCLES=0 -DTMEM_LOAD_WIDTH=64 ... COMPILE_FAIL  (0.4s)
[67/128] -DSTAGGER_CYCLES=40 ... 0.530 ms / 2067 TFLOPS  (209 regs, 3.0s)
[68/128] -DSTAGGER_CYCLES=40 -DTMEM_LOAD_WIDTH=64 ... COMPILE_FAIL  (0.4s)
[69/128] -DSTAGGER_CYCLES=60 ... 0.530 ms / 2066 TFLOPS  (209 regs, 3.0s)
[70/128] -DSTAGGER_CYCLES=60 -DTMEM_LOAD_WIDTH=64 ... COMPILE_FAIL  (0.4s)
[71/128] (defaults) ... 0.528 ms / 2073 TFLOPS  (209 regs, 3.0s)
[72/128] -DTMEM_LOAD_WIDTH=64 ... COMPILE_FAIL  (0.4s)
[73/128] -DSTAGGER_CYCLES=100 ... 0.527 ms / 2077 TFLOPS  (209 regs, 3.0s)
[74/128] -DSTAGGER_CYCLES=100 -DTMEM_LOAD_WIDTH=64 ... COMPILE_FAIL  (0.4s)
[75/128] -DSTAGGER_CYCLES=120 ... 0.529 ms / 2068 TFLOPS  (209 regs, 3.0s)
[76/128] -DSTAGGER_CYCLES=120 -DTMEM_LOAD_WIDTH=64 ... COMPILE_FAIL  (0.5s)
[77/128] -DSTAGGER_CYCLES=160 ... 0.528 ms / 2076 TFLOPS  (209 regs, 3.0s)
[78/128] -DSTAGGER_CYCLES=160 -DTMEM_LOAD_WIDTH=64 ... COMPILE_FAIL  (0.4s)
[79/128] -DSTAGGER_CYCLES=200 ... 0.527 ms / 2076 TFLOPS  (209 regs, 3.0s)
[80/128] -DSTAGGER_CYCLES=200 -DTMEM_LOAD_WIDTH=64 ... COMPILE_FAIL  (0.4s)
[81/128] -DMBAR_EARLY=1 -DSTAGGER_CYCLES=0 ... 0.529 ms / 2070 TFLOPS  (209 regs, 2.9s)
[82/128] -DMBAR_EARLY=1 -DSTAGGER_CYCLES=0 -DTMEM_LOAD_WIDTH=64 ... COMPILE_FAIL  (0.4s)
[83/128] -DMBAR_EARLY=1 -DSTAGGER_CYCLES=40 ... 0.528 ms / 2075 TFLOPS  (210 regs, 3.0s)
[84/128] -DMBAR_EARLY=1 -DSTAGGER_CYCLES=40 -DTMEM_LOAD_WIDTH=64 ... COMPILE_FAIL  (0.4s)
[85/128] -DMBAR_EARLY=1 -DSTAGGER_CYCLES=60 ... 0.528 ms / 2075 TFLOPS  (210 regs, 3.0s)
[86/128] -DMBAR_EARLY=1 -DSTAGGER_CYCLES=60 -DTMEM_LOAD_WIDTH=64 ... COMPILE_FAIL  (0.4s)
[87/128] -DMBAR_EARLY=1 ... 0.528 ms / 2073 TFLOPS  (210 regs, 3.0s)
[88/128] -DMBAR_EARLY=1 -DTMEM_LOAD_WIDTH=64 ... COMPILE_FAIL  (0.4s)
[89/128] -DMBAR_EARLY=1 -DSTAGGER_CYCLES=100 ... 0.529 ms / 2071 TFLOPS  (210 regs, 3.0s)
[90/128] -DMBAR_EARLY=1 -DSTAGGER_CYCLES=100 -DTMEM_LOAD_WIDTH=64 ... COMPILE_FAIL  (0.4s)
[91/128] -DMBAR_EARLY=1 -DSTAGGER_CYCLES=120 ... 0.528 ms / 2075 TFLOPS  (210 regs, 2.9s)
[92/128] -DMBAR_EARLY=1 -DSTAGGER_CYCLES=120 -DTMEM_LOAD_WIDTH=64 ... COMPILE_FAIL  (0.4s)
[93/128] -DMBAR_EARLY=1 -DSTAGGER_CYCLES=160 ... 0.527 ms / 2079 TFLOPS  (210 regs, 3.0s)
[94/128] -DMBAR_EARLY=1 -DSTAGGER_CYCLES=160 -DTMEM_LOAD_WIDTH=64 ... COMPILE_FAIL  (0.4s)
[95/128] -DMBAR_EARLY=1 -DSTAGGER_CYCLES=200 ... 0.527 ms / 2079 TFLOPS  (210 regs, 2.9s)
[96/128] -DMBAR_EARLY=1 -DSTAGGER_CYCLES=200 -DTMEM_LOAD_WIDTH=64 ... COMPILE_FAIL  (0.4s)
[97/128] -DINTERLEAVE_STRATEGY=3 -DSTAGGER_CYCLES=0 ... 0.546 ms / 2006 TFLOPS  (208 regs, 2.9s)
[98/128] -DINTERLEAVE_STRATEGY=3 -DSTAGGER_CYCLES=0 -DTMEM_LOAD_WIDTH=64 ... COMPILE_FAIL  (0.4s)
[99/128] -DINTERLEAVE_STRATEGY=3 -DSTAGGER_CYCLES=40 ... 0.545 ms / 2010 TFLOPS  (209 regs, 2.9s)
[100/128] -DINTERLEAVE_STRATEGY=3 -DSTAGGER_CYCLES=40 -DTMEM_LOAD_WIDTH=64 ... COMPILE_FAIL  (0.4s)
[101/128] -DINTERLEAVE_STRATEGY=3 -DSTAGGER_CYCLES=60 ... 0.546 ms / 2007 TFLOPS  (209 regs, 2.9s)
[102/128] -DINTERLEAVE_STRATEGY=3 -DSTAGGER_CYCLES=60 -DTMEM_LOAD_WIDTH=64 ... COMPILE_FAIL  (0.4s)
[103/128] -DINTERLEAVE_STRATEGY=3 ... 0.545 ms / 2009 TFLOPS  (209 regs, 2.9s)
[104/128] -DINTERLEAVE_STRATEGY=3 -DTMEM_LOAD_WIDTH=64 ... COMPILE_FAIL  (0.4s)
[105/128] -DINTERLEAVE_STRATEGY=3 -DSTAGGER_CYCLES=100 ... 0.544 ms / 2011 TFLOPS  (209 regs, 3.0s)
[106/128] -DINTERLEAVE_STRATEGY=3 -DSTAGGER_CYCLES=100 -DTMEM_LOAD_WIDTH=64 ... COMPILE_FAIL  (0.4s)
[107/128] -DINTERLEAVE_STRATEGY=3 -DSTAGGER_CYCLES=120 ... 0.546 ms / 2007 TFLOPS  (209 regs, 3.0s)
[108/128] -DINTERLEAVE_STRATEGY=3 -DSTAGGER_CYCLES=120 -DTMEM_LOAD_WIDTH=64 ... COMPILE_FAIL  (0.4s)
[109/128] -DINTERLEAVE_STRATEGY=3 -DSTAGGER_CYCLES=160 ... 0.547 ms / 2001 TFLOPS  (209 regs, 2.9s)
[110/128] -DINTERLEAVE_STRATEGY=3 -DSTAGGER_CYCLES=160 -DTMEM_LOAD_WIDTH=64 ... COMPILE_FAIL  (0.4s)
[111/128] -DINTERLEAVE_STRATEGY=3 -DSTAGGER_CYCLES=200 ... 0.546 ms / 2005 TFLOPS  (209 regs, 3.0s)
[112/128] -DINTERLEAVE_STRATEGY=3 -DSTAGGER_CYCLES=200 -DTMEM_LOAD_WIDTH=64 ... COMPILE_FAIL  (0.4s)
[113/128] -DINTERLEAVE_STRATEGY=3 -DMBAR_EARLY=1 -DSTAGGER_CYCLES=0 ... 0.548 ms / 1997 TFLOPS  (209 regs, 3.1s)
[114/128] -DINTERLEAVE_STRATEGY=3 -DMBAR_EARLY=1 -DSTAGGER_CYCLES=0 -DTMEM_LOAD_WIDTH=64 ... COMPILE_FAIL  (0.4s)
[115/128] -DINTERLEAVE_STRATEGY=3 -DMBAR_EARLY=1 -DSTAGGER_CYCLES=40 ... 0.546 ms / 2004 TFLOPS  (210 regs, 3.0s)
[116/128] -DINTERLEAVE_STRATEGY=3 -DMBAR_EARLY=1 -DSTAGGER_CYCLES=40 -DTMEM_LOAD_WIDTH=64 ... COMPILE_FAIL  (0.4s)
[117/128] -DINTERLEAVE_STRATEGY=3 -DMBAR_EARLY=1 -DSTAGGER_CYCLES=60 ... 0.545 ms / 2010 TFLOPS  (210 regs, 3.0s)
[118/128] -DINTERLEAVE_STRATEGY=3 -DMBAR_EARLY=1 -DSTAGGER_CYCLES=60 -DTMEM_LOAD_WIDTH=64 ... COMPILE_FAIL  (0.4s)
[119/128] -DINTERLEAVE_STRATEGY=3 -DMBAR_EARLY=1 ... 0.544 ms / 2014 TFLOPS  (210 regs, 2.9s)
[120/128] -DINTERLEAVE_STRATEGY=3 -DMBAR_EARLY=1 -DTMEM_LOAD_WIDTH=64 ... COMPILE_FAIL  (0.4s)
[121/128] -DINTERLEAVE_STRATEGY=3 -DMBAR_EARLY=1 -DSTAGGER_CYCLES=100 ... 0.545 ms / 2008 TFLOPS  (210 regs, 3.0s)
[122/128] -DINTERLEAVE_STRATEGY=3 -DMBAR_EARLY=1 -DSTAGGER_CYCLES=100 -DTMEM_LOAD_WIDTH=64 ... COMPILE_FAIL  (0.4s)
[123/128] -DINTERLEAVE_STRATEGY=3 -DMBAR_EARLY=1 -DSTAGGER_CYCLES=120 ... 0.545 ms / 2010 TFLOPS  (210 regs, 2.9s)
[124/128] -DINTERLEAVE_STRATEGY=3 -DMBAR_EARLY=1 -DSTAGGER_CYCLES=120 -DTMEM_LOAD_WIDTH=64 ... COMPILE_FAIL  (0.4s)
[125/128] -DINTERLEAVE_STRATEGY=3 -DMBAR_EARLY=1 -DSTAGGER_CYCLES=160 ... 0.544 ms / 2012 TFLOPS  (210 regs, 2.9s)
[126/128] -DINTERLEAVE_STRATEGY=3 -DMBAR_EARLY=1 -DSTAGGER_CYCLES=160 -DTMEM_LOAD_WIDTH=64 ... COMPILE_FAIL  (0.4s)
[127/128] -DINTERLEAVE_STRATEGY=3 -DMBAR_EARLY=1 -DSTAGGER_CYCLES=200 ... 0.548 ms / 1999 TFLOPS  (210 regs, 3.0s)
[128/128] -DINTERLEAVE_STRATEGY=3 -DMBAR_EARLY=1 -DSTAGGER_CYCLES=200 -DTMEM_LOAD_WIDTH=64 ... COMPILE_FAIL  (0.4s)
  Branch 2/3: -DN_STAGES=3 -DK_LOOP_UNROLL=4
Sweep: 128 total, 128 valid, 0 pruned
Estimated time: ~11 min (128 configs × ~5s each)

[1/128] -DINTERLEAVE_STRATEGY=0 -DN_STAGES=3 -DSTAGGER_CYCLES=0 -DK_LOOP_UNROLL=4 ... 0.592 ms / 1848 TFLOPS  (152 regs, 2.9s)
[2/128] -DINTERLEAVE_STRATEGY=0 -DN_STAGES=3 -DSTAGGER_CYCLES=0 -DTMEM_LOAD_WIDTH=64 -DK_LOOP_UNROLL=4 ... COMPILE_FAIL  (0.4s)
[3/128] -DINTERLEAVE_STRATEGY=0 -DN_STAGES=3 -DSTAGGER_CYCLES=40 -DK_LOOP_UNROLL=4 ... 0.588 ms / 1862 TFLOPS  (153 regs, 3.0s)
[4/128] -DINTERLEAVE_STRATEGY=0 -DN_STAGES=3 -DSTAGGER_CYCLES=40 -DTMEM_LOAD_WIDTH=64 -DK_LOOP_UNROLL=4 ... COMPILE_FAIL  (0.4s)
[5/128] -DINTERLEAVE_STRATEGY=0 -DN_STAGES=3 -DSTAGGER_CYCLES=60 -DK_LOOP_UNROLL=4 ... 0.587 ms / 1864 TFLOPS  (153 regs, 3.0s)
[6/128] -DINTERLEAVE_STRATEGY=0 -DN_STAGES=3 -DSTAGGER_CYCLES=60 -DTMEM_LOAD_WIDTH=64 -DK_LOOP_UNROLL=4 ... COMPILE_FAIL  (0.4s)
[7/128] -DINTERLEAVE_STRATEGY=0 -DN_STAGES=3 -DK_LOOP_UNROLL=4 ... 0.586 ms / 1870 TFLOPS  (153 regs, 2.9s)
[8/128] -DINTERLEAVE_STRATEGY=0 -DN_STAGES=3 -DTMEM_LOAD_WIDTH=64 -DK_LOOP_UNROLL=4 ... COMPILE_FAIL  (0.4s)
[9/128] -DINTERLEAVE_STRATEGY=0 -DN_STAGES=3 -DSTAGGER_CYCLES=100 -DK_LOOP_UNROLL=4 ... 0.587 ms / 1866 TFLOPS  (153 regs, 3.0s)
[10/128] -DINTERLEAVE_STRATEGY=0 -DN_STAGES=3 -DSTAGGER_CYCLES=100 -DTMEM_LOAD_WIDTH=64 -DK_LOOP_UNROLL=4 ... COMPILE_FAIL  (0.4s)
[11/128] -DINTERLEAVE_STRATEGY=0 -DN_STAGES=3 -DSTAGGER_CYCLES=120 -DK_LOOP_UNROLL=4 ... 0.586 ms / 1868 TFLOPS  (153 regs, 3.0s)
[12/128] -DINTERLEAVE_STRATEGY=0 -DN_STAGES=3 -DSTAGGER_CYCLES=120 -DTMEM_LOAD_WIDTH=64 -DK_LOOP_UNROLL=4 ... COMPILE_FAIL  (0.4s)
[13/128] -DINTERLEAVE_STRATEGY=0 -DN_STAGES=3 -DSTAGGER_CYCLES=160 -DK_LOOP_UNROLL=4 ... 0.585 ms / 1871 TFLOPS  (153 regs, 3.0s)
[14/128] -DINTERLEAVE_STRATEGY=0 -DN_STAGES=3 -DSTAGGER_CYCLES=160 -DTMEM_LOAD_WIDTH=64 -DK_LOOP_UNROLL=4 ... COMPILE_FAIL  (0.4s)
[15/128] -DINTERLEAVE_STRATEGY=0 -DN_STAGES=3 -DSTAGGER_CYCLES=200 -DK_LOOP_UNROLL=4 ... 0.586 ms / 1868 TFLOPS  (153 regs, 3.0s)
[16/128] -DINTERLEAVE_STRATEGY=0 -DN_STAGES=3 -DSTAGGER_CYCLES=200 -DTMEM_LOAD_WIDTH=64 -DK_LOOP_UNROLL=4 ... COMPILE_FAIL  (0.4s)
[17/128] -DINTERLEAVE_STRATEGY=0 -DMBAR_EARLY=1 -DN_STAGES=3 -DSTAGGER_CYCLES=0 -DK_LOOP_UNROLL=4 ... 0.593 ms / 1845 TFLOPS  (152 regs, 2.9s)
[18/128] -DINTERLEAVE_STRATEGY=0 -DMBAR_EARLY=1 -DN_STAGES=3 -DSTAGGER_CYCLES=0 -DTMEM_LOAD_WIDTH=64 -DK_LOOP_UNROLL=4 ... COMPILE_FAIL  (0.4s)
[19/128] -DINTERLEAVE_STRATEGY=0 -DMBAR_EARLY=1 -DN_STAGES=3 -DSTAGGER_CYCLES=40 -DK_LOOP_UNROLL=4 ... 0.591 ms / 1852 TFLOPS  (153 regs, 3.0s)
[20/128] -DINTERLEAVE_STRATEGY=0 -DMBAR_EARLY=1 -DN_STAGES=3 -DSTAGGER_CYCLES=40 -DTMEM_LOAD_WIDTH=64 -DK_LOOP_UNROLL=4 ... COMPILE_FAIL  (0.4s)
[21/128] -DINTERLEAVE_STRATEGY=0 -DMBAR_EARLY=1 -DN_STAGES=3 -DSTAGGER_CYCLES=60 -DK_LOOP_UNROLL=4 ... 0.590 ms / 1857 TFLOPS  (153 regs, 3.0s)
[22/128] -DINTERLEAVE_STRATEGY=0 -DMBAR_EARLY=1 -DN_STAGES=3 -DSTAGGER_CYCLES=60 -DTMEM_LOAD_WIDTH=64 -DK_LOOP_UNROLL=4 ... COMPILE_FAIL  (0.4s)
[23/128] -DINTERLEAVE_STRATEGY=0 -DMBAR_EARLY=1 -DN_STAGES=3 -DK_LOOP_UNROLL=4 ... 0.587 ms / 1865 TFLOPS  (153 regs, 3.0s)
[24/128] -DINTERLEAVE_STRATEGY=0 -DMBAR_EARLY=1 -DN_STAGES=3 -DTMEM_LOAD_WIDTH=64 -DK_LOOP_UNROLL=4 ... COMPILE_FAIL  (0.4s)
[25/128] -DINTERLEAVE_STRATEGY=0 -DMBAR_EARLY=1 -DN_STAGES=3 -DSTAGGER_CYCLES=100 -DK_LOOP_UNROLL=4 ... 0.588 ms / 1861 TFLOPS  (153 regs, 3.1s)
[26/128] -DINTERLEAVE_STRATEGY=0 -DMBAR_EARLY=1 -DN_STAGES=3 -DSTAGGER_CYCLES=100 -DTMEM_LOAD_WIDTH=64 -DK_LOOP_UNROLL=4 ... COMPILE_FAIL  (0.4s)
[27/128] -DINTERLEAVE_STRATEGY=0 -DMBAR_EARLY=1 -DN_STAGES=3 -DSTAGGER_CYCLES=120 -DK_LOOP_UNROLL=4 ... 0.587 ms / 1864 TFLOPS  (153 regs, 3.0s)
[28/128] -DINTERLEAVE_STRATEGY=0 -DMBAR_EARLY=1 -DN_STAGES=3 -DSTAGGER_CYCLES=120 -DTMEM_LOAD_WIDTH=64 -DK_LOOP_UNROLL=4 ... COMPILE_FAIL  (0.4s)
[29/128] -DINTERLEAVE_STRATEGY=0 -DMBAR_EARLY=1 -DN_STAGES=3 -DSTAGGER_CYCLES=160 -DK_LOOP_UNROLL=4 ... 0.589 ms / 1859 TFLOPS  (153 regs, 3.0s)
[30/128] -DINTERLEAVE_STRATEGY=0 -DMBAR_EARLY=1 -DN_STAGES=3 -DSTAGGER_CYCLES=160 -DTMEM_LOAD_WIDTH=64 -DK_LOOP_UNROLL=4 ... COMPILE_FAIL  (0.4s)
[31/128] -DINTERLEAVE_STRATEGY=0 -DMBAR_EARLY=1 -DN_STAGES=3 -DSTAGGER_CYCLES=200 -DK_LOOP_UNROLL=4 ... 0.586 ms / 1870 TFLOPS  (153 regs, 2.9s)
[32/128] -DINTERLEAVE_STRATEGY=0 -DMBAR_EARLY=1 -DN_STAGES=3 -DSTAGGER_CYCLES=200 -DTMEM_LOAD_WIDTH=64 -DK_LOOP_UNROLL=4 ... COMPILE_FAIL  (0.4s)
[33/128] -DINTERLEAVE_STRATEGY=1 -DN_STAGES=3 -DSTAGGER_CYCLES=0 -DK_LOOP_UNROLL=4 ... 0.590 ms / 1855 TFLOPS  (151 regs, 3.0s)
[34/128] -DINTERLEAVE_STRATEGY=1 -DN_STAGES=3 -DSTAGGER_CYCLES=0 -DTMEM_LOAD_WIDTH=64 -DK_LOOP_UNROLL=4 ... COMPILE_FAIL  (0.4s)
[35/128] -DINTERLEAVE_STRATEGY=1 -DN_STAGES=3 -DSTAGGER_CYCLES=40 -DK_LOOP_UNROLL=4 ... 0.580 ms / 1888 TFLOPS  (152 regs, 3.0s)
[36/128] -DINTERLEAVE_STRATEGY=1 -DN_STAGES=3 -DSTAGGER_CYCLES=40 -DTMEM_LOAD_WIDTH=64 -DK_LOOP_UNROLL=4 ... COMPILE_FAIL  (0.4s)
[37/128] -DINTERLEAVE_STRATEGY=1 -DN_STAGES=3 -DSTAGGER_CYCLES=60 -DK_LOOP_UNROLL=4 ... 0.579 ms / 1890 TFLOPS  (152 regs, 2.9s)
[38/128] -DINTERLEAVE_STRATEGY=1 -DN_STAGES=3 -DSTAGGER_CYCLES=60 -DTMEM_LOAD_WIDTH=64 -DK_LOOP_UNROLL=4 ... COMPILE_FAIL  (0.4s)
[39/128] -DINTERLEAVE_STRATEGY=1 -DN_STAGES=3 -DK_LOOP_UNROLL=4 ... 0.575 ms / 1904 TFLOPS  (152 regs, 2.9s)
[40/128] -DINTERLEAVE_STRATEGY=1 -DN_STAGES=3 -DTMEM_LOAD_WIDTH=64 -DK_LOOP_UNROLL=4 ... COMPILE_FAIL  (0.4s)
[41/128] -DINTERLEAVE_STRATEGY=1 -DN_STAGES=3 -DSTAGGER_CYCLES=100 -DK_LOOP_UNROLL=4 ... 0.576 ms / 1900 TFLOPS  (152 regs, 3.0s)
[42/128] -DINTERLEAVE_STRATEGY=1 -DN_STAGES=3 -DSTAGGER_CYCLES=100 -DTMEM_LOAD_WIDTH=64 -DK_LOOP_UNROLL=4 ... COMPILE_FAIL  (0.4s)
[43/128] -DINTERLEAVE_STRATEGY=1 -DN_STAGES=3 -DSTAGGER_CYCLES=120 -DK_LOOP_UNROLL=4 ... 0.571 ms / 1919 TFLOPS  (152 regs, 2.9s)
[44/128] -DINTERLEAVE_STRATEGY=1 -DN_STAGES=3 -DSTAGGER_CYCLES=120 -DTMEM_LOAD_WIDTH=64 -DK_LOOP_UNROLL=4 ... COMPILE_FAIL  (0.4s)
[45/128] -DINTERLEAVE_STRATEGY=1 -DN_STAGES=3 -DSTAGGER_CYCLES=160 -DK_LOOP_UNROLL=4 ... 0.572 ms / 1914 TFLOPS  (152 regs, 3.0s)
[46/128] -DINTERLEAVE_STRATEGY=1 -DN_STAGES=3 -DSTAGGER_CYCLES=160 -DTMEM_LOAD_WIDTH=64 -DK_LOOP_UNROLL=4 ... COMPILE_FAIL  (0.4s)
[47/128] -DINTERLEAVE_STRATEGY=1 -DN_STAGES=3 -DSTAGGER_CYCLES=200 -DK_LOOP_UNROLL=4 ... 0.570 ms / 1920 TFLOPS  (152 regs, 3.0s)
[48/128] -DINTERLEAVE_STRATEGY=1 -DN_STAGES=3 -DSTAGGER_CYCLES=200 -DTMEM_LOAD_WIDTH=64 -DK_LOOP_UNROLL=4 ... COMPILE_FAIL  (0.4s)
[49/128] -DINTERLEAVE_STRATEGY=1 -DMBAR_EARLY=1 -DN_STAGES=3 -DSTAGGER_CYCLES=0 -DK_LOOP_UNROLL=4 ... 0.594 ms / 1844 TFLOPS  (151 regs, 3.0s)
[50/128] -DINTERLEAVE_STRATEGY=1 -DMBAR_EARLY=1 -DN_STAGES=3 -DSTAGGER_CYCLES=0 -DTMEM_LOAD_WIDTH=64 -DK_LOOP_UNROLL=4 ... COMPILE_FAIL  (0.4s)
[51/128] -DINTERLEAVE_STRATEGY=1 -DMBAR_EARLY=1 -DN_STAGES=3 -DSTAGGER_CYCLES=40 -DK_LOOP_UNROLL=4 ... 0.579 ms / 1891 TFLOPS  (153 regs, 3.0s)
[52/128] -DINTERLEAVE_STRATEGY=1 -DMBAR_EARLY=1 -DN_STAGES=3 -DSTAGGER_CYCLES=40 -DTMEM_LOAD_WIDTH=64 -DK_LOOP_UNROLL=4 ... COMPILE_FAIL  (0.4s)
[53/128] -DINTERLEAVE_STRATEGY=1 -DMBAR_EARLY=1 -DN_STAGES=3 -DSTAGGER_CYCLES=60 -DK_LOOP_UNROLL=4 ... 0.576 ms / 1900 TFLOPS  (153 regs, 3.0s)
[54/128] -DINTERLEAVE_STRATEGY=1 -DMBAR_EARLY=1 -DN_STAGES=3 -DSTAGGER_CYCLES=60 -DTMEM_LOAD_WIDTH=64 -DK_LOOP_UNROLL=4 ... COMPILE_FAIL  (0.4s)
[55/128] -DINTERLEAVE_STRATEGY=1 -DMBAR_EARLY=1 -DN_STAGES=3 -DK_LOOP_UNROLL=4 ... 0.574 ms / 1906 TFLOPS  (153 regs, 2.9s)
[56/128] -DINTERLEAVE_STRATEGY=1 -DMBAR_EARLY=1 -DN_STAGES=3 -DTMEM_LOAD_WIDTH=64 -DK_LOOP_UNROLL=4 ... COMPILE_FAIL  (0.4s)
[57/128] -DINTERLEAVE_STRATEGY=1 -DMBAR_EARLY=1 -DN_STAGES=3 -DSTAGGER_CYCLES=100 -DK_LOOP_UNROLL=4 ... 0.577 ms / 1897 TFLOPS  (153 regs, 3.0s)
[58/128] -DINTERLEAVE_STRATEGY=1 -DMBAR_EARLY=1 -DN_STAGES=3 -DSTAGGER_CYCLES=100 -DTMEM_LOAD_WIDTH=64 -DK_LOOP_UNROLL=4 ... COMPILE_FAIL  (0.4s)
[59/128] -DINTERLEAVE_STRATEGY=1 -DMBAR_EARLY=1 -DN_STAGES=3 -DSTAGGER_CYCLES=120 -DK_LOOP_UNROLL=4 ... 0.575 ms / 1905 TFLOPS  (153 regs, 3.0s)
[60/128] -DINTERLEAVE_STRATEGY=1 -DMBAR_EARLY=1 -DN_STAGES=3 -DSTAGGER_CYCLES=120 -DTMEM_LOAD_WIDTH=64 -DK_LOOP_UNROLL=4 ... COMPILE_FAIL  (0.4s)
[61/128] -DINTERLEAVE_STRATEGY=1 -DMBAR_EARLY=1 -DN_STAGES=3 -DSTAGGER_CYCLES=160 -DK_LOOP_UNROLL=4 ... 0.572 ms / 1916 TFLOPS  (153 regs, 3.0s)
[62/128] -DINTERLEAVE_STRATEGY=1 -DMBAR_EARLY=1 -DN_STAGES=3 -DSTAGGER_CYCLES=160 -DTMEM_LOAD_WIDTH=64 -DK_LOOP_UNROLL=4 ... COMPILE_FAIL  (0.4s)
[63/128] -DINTERLEAVE_STRATEGY=1 -DMBAR_EARLY=1 -DN_STAGES=3 -DSTAGGER_CYCLES=200 -DK_LOOP_UNROLL=4 ... 0.571 ms / 1917 TFLOPS  (153 regs, 3.0s)
[64/128] -DINTERLEAVE_STRATEGY=1 -DMBAR_EARLY=1 -DN_STAGES=3 -DSTAGGER_CYCLES=200 -DTMEM_LOAD_WIDTH=64 -DK_LOOP_UNROLL=4 ... COMPILE_FAIL  (0.4s)
[65/128] -DN_STAGES=3 -DSTAGGER_CYCLES=0 -DK_LOOP_UNROLL=4 ... 0.588 ms / 1862 TFLOPS  (153 regs, 3.0s)
[66/128] -DN_STAGES=3 -DSTAGGER_CYCLES=0 -DTMEM_LOAD_WIDTH=64 -DK_LOOP_UNROLL=4 ... COMPILE_FAIL  (0.4s)
[67/128] -DN_STAGES=3 -DSTAGGER_CYCLES=40 -DK_LOOP_UNROLL=4 ... 0.580 ms / 1890 TFLOPS  (154 regs, 3.0s)
[68/128] -DN_STAGES=3 -DSTAGGER_CYCLES=40 -DTMEM_LOAD_WIDTH=64 -DK_LOOP_UNROLL=4 ... COMPILE_FAIL  (0.4s)
[69/128] -DN_STAGES=3 -DSTAGGER_CYCLES=60 -DK_LOOP_UNROLL=4 ... 0.579 ms / 1892 TFLOPS  (154 regs, 3.0s)
[70/128] -DN_STAGES=3 -DSTAGGER_CYCLES=60 -DTMEM_LOAD_WIDTH=64 -DK_LOOP_UNROLL=4 ... COMPILE_FAIL  (0.4s)
[71/128] -DN_STAGES=3 -DK_LOOP_UNROLL=4 ... 0.578 ms / 1894 TFLOPS  (154 regs, 2.9s)
[72/128] -DN_STAGES=3 -DTMEM_LOAD_WIDTH=64 -DK_LOOP_UNROLL=4 ... COMPILE_FAIL  (0.4s)
[73/128] -DN_STAGES=3 -DSTAGGER_CYCLES=100 -DK_LOOP_UNROLL=4 ... 0.575 ms / 1906 TFLOPS  (154 regs, 3.0s)
[74/128] -DN_STAGES=3 -DSTAGGER_CYCLES=100 -DTMEM_LOAD_WIDTH=64 -DK_LOOP_UNROLL=4 ... COMPILE_FAIL  (0.4s)
[75/128] -DN_STAGES=3 -DSTAGGER_CYCLES=120 -DK_LOOP_UNROLL=4 ... 0.572 ms / 1914 TFLOPS  (154 regs, 3.0s)
[76/128] -DN_STAGES=3 -DSTAGGER_CYCLES=120 -DTMEM_LOAD_WIDTH=64 -DK_LOOP_UNROLL=4 ... COMPILE_FAIL  (0.4s)
[77/128] -DN_STAGES=3 -DSTAGGER_CYCLES=160 -DK_LOOP_UNROLL=4 ... 0.569 ms / 1923 TFLOPS  (154 regs, 2.9s)
[78/128] -DN_STAGES=3 -DSTAGGER_CYCLES=160 -DTMEM_LOAD_WIDTH=64 -DK_LOOP_UNROLL=4 ... COMPILE_FAIL  (0.4s)
[79/128] -DN_STAGES=3 -DSTAGGER_CYCLES=200 -DK_LOOP_UNROLL=4 ... 0.569 ms / 1923 TFLOPS  (154 regs, 3.0s)
[80/128] -DN_STAGES=3 -DSTAGGER_CYCLES=200 -DTMEM_LOAD_WIDTH=64 -DK_LOOP_UNROLL=4 ... COMPILE_FAIL  (0.4s)
[81/128] -DMBAR_EARLY=1 -DN_STAGES=3 -DSTAGGER_CYCLES=0 -DK_LOOP_UNROLL=4 ... 0.584 ms / 1874 TFLOPS  (155 regs, 3.0s)
[82/128] -DMBAR_EARLY=1 -DN_STAGES=3 -DSTAGGER_CYCLES=0 -DTMEM_LOAD_WIDTH=64 -DK_LOOP_UNROLL=4 ... COMPILE_FAIL  (0.4s)
[83/128] -DMBAR_EARLY=1 -DN_STAGES=3 -DSTAGGER_CYCLES=40 -DK_LOOP_UNROLL=4 ... 0.576 ms / 1901 TFLOPS  (156 regs, 3.0s)
[84/128] -DMBAR_EARLY=1 -DN_STAGES=3 -DSTAGGER_CYCLES=40 -DTMEM_LOAD_WIDTH=64 -DK_LOOP_UNROLL=4 ... COMPILE_FAIL  (0.4s)
[85/128] -DMBAR_EARLY=1 -DN_STAGES=3 -DSTAGGER_CYCLES=60 -DK_LOOP_UNROLL=4 ... 0.578 ms / 1896 TFLOPS  (156 regs, 3.0s)
[86/128] -DMBAR_EARLY=1 -DN_STAGES=3 -DSTAGGER_CYCLES=60 -DTMEM_LOAD_WIDTH=64 -DK_LOOP_UNROLL=4 ... COMPILE_FAIL  (0.4s)
[87/128] -DMBAR_EARLY=1 -DN_STAGES=3 -DK_LOOP_UNROLL=4 ... 0.572 ms / 1915 TFLOPS  (156 regs, 2.9s)
[88/128] -DMBAR_EARLY=1 -DN_STAGES=3 -DTMEM_LOAD_WIDTH=64 -DK_LOOP_UNROLL=4 ... COMPILE_FAIL  (0.4s)
[89/128] -DMBAR_EARLY=1 -DN_STAGES=3 -DSTAGGER_CYCLES=100 -DK_LOOP_UNROLL=4 ... 0.575 ms / 1905 TFLOPS  (156 regs, 3.0s)
[90/128] -DMBAR_EARLY=1 -DN_STAGES=3 -DSTAGGER_CYCLES=100 -DTMEM_LOAD_WIDTH=64 -DK_LOOP_UNROLL=4 ... COMPILE_FAIL  (0.4s)
[91/128] -DMBAR_EARLY=1 -DN_STAGES=3 -DSTAGGER_CYCLES=120 -DK_LOOP_UNROLL=4 ... 0.572 ms / 1915 TFLOPS  (156 regs, 3.0s)
[92/128] -DMBAR_EARLY=1 -DN_STAGES=3 -DSTAGGER_CYCLES=120 -DTMEM_LOAD_WIDTH=64 -DK_LOOP_UNROLL=4 ... COMPILE_FAIL  (0.4s)
[93/128] -DMBAR_EARLY=1 -DN_STAGES=3 -DSTAGGER_CYCLES=160 -DK_LOOP_UNROLL=4 ... 0.569 ms / 1923 TFLOPS  (156 regs, 2.9s)
[94/128] -DMBAR_EARLY=1 -DN_STAGES=3 -DSTAGGER_CYCLES=160 -DTMEM_LOAD_WIDTH=64 -DK_LOOP_UNROLL=4 ... COMPILE_FAIL  (0.4s)
[95/128] -DMBAR_EARLY=1 -DN_STAGES=3 -DSTAGGER_CYCLES=200 -DK_LOOP_UNROLL=4 ... 0.568 ms / 1926 TFLOPS  (156 regs, 3.0s)
[96/128] -DMBAR_EARLY=1 -DN_STAGES=3 -DSTAGGER_CYCLES=200 -DTMEM_LOAD_WIDTH=64 -DK_LOOP_UNROLL=4 ... COMPILE_FAIL  (0.4s)
[97/128] -DINTERLEAVE_STRATEGY=3 -DN_STAGES=3 -DSTAGGER_CYCLES=0 -DK_LOOP_UNROLL=4 ... 0.608 ms / 1802 TFLOPS  (154 regs, 3.0s)
[98/128] -DINTERLEAVE_STRATEGY=3 -DN_STAGES=3 -DSTAGGER_CYCLES=0 -DTMEM_LOAD_WIDTH=64 -DK_LOOP_UNROLL=4 ... COMPILE_FAIL  (0.4s)
[99/128] -DINTERLEAVE_STRATEGY=3 -DN_STAGES=3 -DSTAGGER_CYCLES=40 -DK_LOOP_UNROLL=4 ... 0.597 ms / 1835 TFLOPS  (155 regs, 3.0s)
[100/128] -DINTERLEAVE_STRATEGY=3 -DN_STAGES=3 -DSTAGGER_CYCLES=40 -DTMEM_LOAD_WIDTH=64 -DK_LOOP_UNROLL=4 ... COMPILE_FAIL  (0.4s)
[101/128] -DINTERLEAVE_STRATEGY=3 -DN_STAGES=3 -DSTAGGER_CYCLES=60 -DK_LOOP_UNROLL=4 ... 0.600 ms / 1825 TFLOPS  (155 regs, 3.0s)
[102/128] -DINTERLEAVE_STRATEGY=3 -DN_STAGES=3 -DSTAGGER_CYCLES=60 -DTMEM_LOAD_WIDTH=64 -DK_LOOP_UNROLL=4 ... COMPILE_FAIL  (0.4s)
[103/128] -DINTERLEAVE_STRATEGY=3 -DN_STAGES=3 -DK_LOOP_UNROLL=4 ... 0.596 ms / 1836 TFLOPS  (155 regs, 3.0s)
[104/128] -DINTERLEAVE_STRATEGY=3 -DN_STAGES=3 -DTMEM_LOAD_WIDTH=64 -DK_LOOP_UNROLL=4 ... COMPILE_FAIL  (0.4s)
[105/128] -DINTERLEAVE_STRATEGY=3 -DN_STAGES=3 -DSTAGGER_CYCLES=100 -DK_LOOP_UNROLL=4 ... 0.599 ms / 1827 TFLOPS  (155 regs, 3.0s)
[106/128] -DINTERLEAVE_STRATEGY=3 -DN_STAGES=3 -DSTAGGER_CYCLES=100 -DTMEM_LOAD_WIDTH=64 -DK_LOOP_UNROLL=4 ... COMPILE_FAIL  (0.4s)
[107/128] -DINTERLEAVE_STRATEGY=3 -DN_STAGES=3 -DSTAGGER_CYCLES=120 -DK_LOOP_UNROLL=4 ... 0.597 ms / 1834 TFLOPS  (155 regs, 3.0s)
[108/128] -DINTERLEAVE_STRATEGY=3 -DN_STAGES=3 -DSTAGGER_CYCLES=120 -DTMEM_LOAD_WIDTH=64 -DK_LOOP_UNROLL=4 ... COMPILE_FAIL  (0.4s)
[109/128] -DINTERLEAVE_STRATEGY=3 -DN_STAGES=3 -DSTAGGER_CYCLES=160 -DK_LOOP_UNROLL=4 ... 0.596 ms / 1837 TFLOPS  (155 regs, 3.0s)
[110/128] -DINTERLEAVE_STRATEGY=3 -DN_STAGES=3 -DSTAGGER_CYCLES=160 -DTMEM_LOAD_WIDTH=64 -DK_LOOP_UNROLL=4 ... COMPILE_FAIL  (0.4s)
[111/128] -DINTERLEAVE_STRATEGY=3 -DN_STAGES=3 -DSTAGGER_CYCLES=200 -DK_LOOP_UNROLL=4 ... 0.595 ms / 1839 TFLOPS  (155 regs, 2.9s)
[112/128] -DINTERLEAVE_STRATEGY=3 -DN_STAGES=3 -DSTAGGER_CYCLES=200 -DTMEM_LOAD_WIDTH=64 -DK_LOOP_UNROLL=4 ... COMPILE_FAIL  (0.4s)
[113/128] -DINTERLEAVE_STRATEGY=3 -DMBAR_EARLY=1 -DN_STAGES=3 -DSTAGGER_CYCLES=0 -DK_LOOP_UNROLL=4 ... 0.605 ms / 1809 TFLOPS  (154 regs, 2.9s)
[114/128] -DINTERLEAVE_STRATEGY=3 -DMBAR_EARLY=1 -DN_STAGES=3 -DSTAGGER_CYCLES=0 -DTMEM_LOAD_WIDTH=64 -DK_LOOP_UNROLL=4 ... COMPILE_FAIL  (0.4s)
[115/128] -DINTERLEAVE_STRATEGY=3 -DMBAR_EARLY=1 -DN_STAGES=3 -DSTAGGER_CYCLES=40 -DK_LOOP_UNROLL=4 ... 0.601 ms / 1820 TFLOPS  (155 regs, 2.9s)
[116/128] -DINTERLEAVE_STRATEGY=3 -DMBAR_EARLY=1 -DN_STAGES=3 -DSTAGGER_CYCLES=40 -DTMEM_LOAD_WIDTH=64 -DK_LOOP_UNROLL=4 ... COMPILE_FAIL  (0.4s)
[117/128] -DINTERLEAVE_STRATEGY=3 -DMBAR_EARLY=1 -DN_STAGES=3 -DSTAGGER_CYCLES=60 -DK_LOOP_UNROLL=4 ... 0.601 ms / 1823 TFLOPS  (155 regs, 3.0s)
[118/128] -DINTERLEAVE_STRATEGY=3 -DMBAR_EARLY=1 -DN_STAGES=3 -DSTAGGER_CYCLES=60 -DTMEM_LOAD_WIDTH=64 -DK_LOOP_UNROLL=4 ... COMPILE_FAIL  (0.4s)
[119/128] -DINTERLEAVE_STRATEGY=3 -DMBAR_EARLY=1 -DN_STAGES=3 -DK_LOOP_UNROLL=4 ... 0.600 ms / 1824 TFLOPS  (155 regs, 2.9s)
[120/128] -DINTERLEAVE_STRATEGY=3 -DMBAR_EARLY=1 -DN_STAGES=3 -DTMEM_LOAD_WIDTH=64 -DK_LOOP_UNROLL=4 ... COMPILE_FAIL  (0.4s)
[121/128] -DINTERLEAVE_STRATEGY=3 -DMBAR_EARLY=1 -DN_STAGES=3 -DSTAGGER_CYCLES=100 -DK_LOOP_UNROLL=4 ... 0.600 ms / 1826 TFLOPS  (155 regs, 3.0s)
[122/128] -DINTERLEAVE_STRATEGY=3 -DMBAR_EARLY=1 -DN_STAGES=3 -DSTAGGER_CYCLES=100 -DTMEM_LOAD_WIDTH=64 -DK_LOOP_UNROLL=4 ... COMPILE_FAIL  (0.4s)
[123/128] -DINTERLEAVE_STRATEGY=3 -DMBAR_EARLY=1 -DN_STAGES=3 -DSTAGGER_CYCLES=120 -DK_LOOP_UNROLL=4 ... 0.597 ms / 1835 TFLOPS  (155 regs, 3.0s)
[124/128] -DINTERLEAVE_STRATEGY=3 -DMBAR_EARLY=1 -DN_STAGES=3 -DSTAGGER_CYCLES=120 -DTMEM_LOAD_WIDTH=64 -DK_LOOP_UNROLL=4 ... COMPILE_FAIL  (0.4s)
[125/128] -DINTERLEAVE_STRATEGY=3 -DMBAR_EARLY=1 -DN_STAGES=3 -DSTAGGER_CYCLES=160 -DK_LOOP_UNROLL=4 ... 0.595 ms / 1840 TFLOPS  (155 regs, 3.0s)
[126/128] -DINTERLEAVE_STRATEGY=3 -DMBAR_EARLY=1 -DN_STAGES=3 -DSTAGGER_CYCLES=160 -DTMEM_LOAD_WIDTH=64 -DK_LOOP_UNROLL=4 ... COMPILE_FAIL  (0.4s)
[127/128] -DINTERLEAVE_STRATEGY=3 -DMBAR_EARLY=1 -DN_STAGES=3 -DSTAGGER_CYCLES=200 -DK_LOOP_UNROLL=4 ... 0.596 ms / 1839 TFLOPS  (155 regs, 3.0s)
[128/128] -DINTERLEAVE_STRATEGY=3 -DMBAR_EARLY=1 -DN_STAGES=3 -DSTAGGER_CYCLES=200 -DTMEM_LOAD_WIDTH=64 -DK_LOOP_UNROLL=4 ... COMPILE_FAIL  (0.4s)
  Branch 3/3: -DN_STAGES=5 -DK_LOOP_UNROLL=4
Sweep: 128 total, 128 valid, 0 pruned
Estimated time: ~11 min (128 configs × ~5s each)

[1/128] -DINTERLEAVE_STRATEGY=0 -DN_STAGES=5 -DSTAGGER_CYCLES=0 -DK_LOOP_UNROLL=4 ... 0.871 ms / 1257 TFLOPS  (164 regs, 3.1s)
[2/128] -DINTERLEAVE_STRATEGY=0 -DN_STAGES=5 -DSTAGGER_CYCLES=0 -DTMEM_LOAD_WIDTH=64 -DK_LOOP_UNROLL=4 ... COMPILE_FAIL  (0.4s)
[3/128] -DINTERLEAVE_STRATEGY=0 -DN_STAGES=5 -DSTAGGER_CYCLES=40 -DK_LOOP_UNROLL=4 ... 0.876 ms / 1250 TFLOPS  (165 regs, 3.0s)
[4/128] -DINTERLEAVE_STRATEGY=0 -DN_STAGES=5 -DSTAGGER_CYCLES=40 -DTMEM_LOAD_WIDTH=64 -DK_LOOP_UNROLL=4 ... COMPILE_FAIL  (0.4s)
[5/128] -DINTERLEAVE_STRATEGY=0 -DN_STAGES=5 -DSTAGGER_CYCLES=60 -DK_LOOP_UNROLL=4 ... 0.871 ms / 1257 TFLOPS  (165 regs, 3.0s)
[6/128] -DINTERLEAVE_STRATEGY=0 -DN_STAGES=5 -DSTAGGER_CYCLES=60 -DTMEM_LOAD_WIDTH=64 -DK_LOOP_UNROLL=4 ... COMPILE_FAIL  (0.4s)
[7/128] -DINTERLEAVE_STRATEGY=0 -DN_STAGES=5 -DK_LOOP_UNROLL=4 ... 0.858 ms / 1276 TFLOPS  (165 regs, 3.0s)
[8/128] -DINTERLEAVE_STRATEGY=0 -DN_STAGES=5 -DTMEM_LOAD_WIDTH=64 -DK_LOOP_UNROLL=4 ... COMPILE_FAIL  (0.4s)
[9/128] -DINTERLEAVE_STRATEGY=0 -DN_STAGES=5 -DSTAGGER_CYCLES=100 -DK_LOOP_UNROLL=4 ... 0.864 ms / 1267 TFLOPS  (165 regs, 3.0s)
[10/128] -DINTERLEAVE_STRATEGY=0 -DN_STAGES=5 -DSTAGGER_CYCLES=100 -DTMEM_LOAD_WIDTH=64 -DK_LOOP_UNROLL=4 ... COMPILE_FAIL  (0.4s)
[11/128] -DINTERLEAVE_STRATEGY=0 -DN_STAGES=5 -DSTAGGER_CYCLES=120 -DK_LOOP_UNROLL=4 ... 0.861 ms / 1271 TFLOPS  (165 regs, 2.9s)
[12/128] -DINTERLEAVE_STRATEGY=0 -DN_STAGES=5 -DSTAGGER_CYCLES=120 -DTMEM_LOAD_WIDTH=64 -DK_LOOP_UNROLL=4 ... COMPILE_FAIL  (0.4s)
[13/128] -DINTERLEAVE_STRATEGY=0 -DN_STAGES=5 -DSTAGGER_CYCLES=160 -DK_LOOP_UNROLL=4 ... 0.866 ms / 1264 TFLOPS  (165 regs, 3.0s)
[14/128] -DINTERLEAVE_STRATEGY=0 -DN_STAGES=5 -DSTAGGER_CYCLES=160 -DTMEM_LOAD_WIDTH=64 -DK_LOOP_UNROLL=4 ... COMPILE_FAIL  (0.4s)
[15/128] -DINTERLEAVE_STRATEGY=0 -DN_STAGES=5 -DSTAGGER_CYCLES=200 -DK_LOOP_UNROLL=4 ... 0.859 ms / 1274 TFLOPS  (165 regs, 3.0s)
[16/128] -DINTERLEAVE_STRATEGY=0 -DN_STAGES=5 -DSTAGGER_CYCLES=200 -DTMEM_LOAD_WIDTH=64 -DK_LOOP_UNROLL=4 ... COMPILE_FAIL  (0.4s)
[17/128] -DINTERLEAVE_STRATEGY=0 -DMBAR_EARLY=1 -DN_STAGES=5 -DSTAGGER_CYCLES=0 -DK_LOOP_UNROLL=4 ... 0.864 ms / 1268 TFLOPS  (164 regs, 3.0s)
[18/128] -DINTERLEAVE_STRATEGY=0 -DMBAR_EARLY=1 -DN_STAGES=5 -DSTAGGER_CYCLES=0 -DTMEM_LOAD_WIDTH=64 -DK_LOOP_UNROLL=4 ... COMPILE_FAIL  (0.4s)
[19/128] -DINTERLEAVE_STRATEGY=0 -DMBAR_EARLY=1 -DN_STAGES=5 -DSTAGGER_CYCLES=40 -DK_LOOP_UNROLL=4 ... 0.865 ms / 1266 TFLOPS  (165 regs, 3.0s)
[20/128] -DINTERLEAVE_STRATEGY=0 -DMBAR_EARLY=1 -DN_STAGES=5 -DSTAGGER_CYCLES=40 -DTMEM_LOAD_WIDTH=64 -DK_LOOP_UNROLL=4 ... COMPILE_FAIL  (0.4s)
[21/128] -DINTERLEAVE_STRATEGY=0 -DMBAR_EARLY=1 -DN_STAGES=5 -DSTAGGER_CYCLES=60 -DK_LOOP_UNROLL=4 ... 0.862 ms / 1270 TFLOPS  (165 regs, 3.1s)
[22/128] -DINTERLEAVE_STRATEGY=0 -DMBAR_EARLY=1 -DN_STAGES=5 -DSTAGGER_CYCLES=60 -DTMEM_LOAD_WIDTH=64 -DK_LOOP_UNROLL=4 ... COMPILE_FAIL  (0.4s)
[23/128] -DINTERLEAVE_STRATEGY=0 -DMBAR_EARLY=1 -DN_STAGES=5 -DK_LOOP_UNROLL=4 ... 0.867 ms / 1263 TFLOPS  (165 regs, 3.0s)
[24/128] -DINTERLEAVE_STRATEGY=0 -DMBAR_EARLY=1 -DN_STAGES=5 -DTMEM_LOAD_WIDTH=64 -DK_LOOP_UNROLL=4 ... COMPILE_FAIL  (0.4s)
[25/128] -DINTERLEAVE_STRATEGY=0 -DMBAR_EARLY=1 -DN_STAGES=5 -DSTAGGER_CYCLES=100 -DK_LOOP_UNROLL=4 ... 0.871 ms / 1257 TFLOPS  (165 regs, 3.0s)
[26/128] -DINTERLEAVE_STRATEGY=0 -DMBAR_EARLY=1 -DN_STAGES=5 -DSTAGGER_CYCLES=100 -DTMEM_LOAD_WIDTH=64 -DK_LOOP_UNROLL=4 ... COMPILE_FAIL  (0.4s)
[27/128] -DINTERLEAVE_STRATEGY=0 -DMBAR_EARLY=1 -DN_STAGES=5 -DSTAGGER_CYCLES=120 -DK_LOOP_UNROLL=4 ... 0.864 ms / 1267 TFLOPS  (165 regs, 3.0s)
[28/128] -DINTERLEAVE_STRATEGY=0 -DMBAR_EARLY=1 -DN_STAGES=5 -DSTAGGER_CYCLES=120 -DTMEM_LOAD_WIDTH=64 -DK_LOOP_UNROLL=4 ... COMPILE_FAIL  (0.4s)
[29/128] -DINTERLEAVE_STRATEGY=0 -DMBAR_EARLY=1 -DN_STAGES=5 -DSTAGGER_CYCLES=160 -DK_LOOP_UNROLL=4 ... 0.867 ms / 1262 TFLOPS  (165 regs, 3.0s)
[30/128] -DINTERLEAVE_STRATEGY=0 -DMBAR_EARLY=1 -DN_STAGES=5 -DSTAGGER_CYCLES=160 -DTMEM_LOAD_WIDTH=64 -DK_LOOP_UNROLL=4 ... COMPILE_FAIL  (0.4s)
[31/128] -DINTERLEAVE_STRATEGY=0 -DMBAR_EARLY=1 -DN_STAGES=5 -DSTAGGER_CYCLES=200 -DK_LOOP_UNROLL=4 ... 0.865 ms / 1265 TFLOPS  (165 regs, 3.0s)
[32/128] -DINTERLEAVE_STRATEGY=0 -DMBAR_EARLY=1 -DN_STAGES=5 -DSTAGGER_CYCLES=200 -DTMEM_LOAD_WIDTH=64 -DK_LOOP_UNROLL=4 ... COMPILE_FAIL  (0.4s)
[33/128] -DINTERLEAVE_STRATEGY=1 -DN_STAGES=5 -DSTAGGER_CYCLES=0 -DK_LOOP_UNROLL=4 ... 0.870 ms / 1259 TFLOPS  (162 regs, 3.0s)
[34/128] -DINTERLEAVE_STRATEGY=1 -DN_STAGES=5 -DSTAGGER_CYCLES=0 -DTMEM_LOAD_WIDTH=64 -DK_LOOP_UNROLL=4 ... COMPILE_FAIL  (0.4s)
[35/128] -DINTERLEAVE_STRATEGY=1 -DN_STAGES=5 -DSTAGGER_CYCLES=40 -DK_LOOP_UNROLL=4 ... 0.870 ms / 1259 TFLOPS  (163 regs, 3.0s)
[36/128] -DINTERLEAVE_STRATEGY=1 -DN_STAGES=5 -DSTAGGER_CYCLES=40 -DTMEM_LOAD_WIDTH=64 -DK_LOOP_UNROLL=4 ... COMPILE_FAIL  (0.4s)
[37/128] -DINTERLEAVE_STRATEGY=1 -DN_STAGES=5 -DSTAGGER_CYCLES=60 -DK_LOOP_UNROLL=4 ... 0.864 ms / 1267 TFLOPS  (163 regs, 3.0s)
[38/128] -DINTERLEAVE_STRATEGY=1 -DN_STAGES=5 -DSTAGGER_CYCLES=60 -DTMEM_LOAD_WIDTH=64 -DK_LOOP_UNROLL=4 ... COMPILE_FAIL  (0.4s)
[39/128] -DINTERLEAVE_STRATEGY=1 -DN_STAGES=5 -DK_LOOP_UNROLL=4 ... 0.871 ms / 1257 TFLOPS  (163 regs, 3.0s)
[40/128] -DINTERLEAVE_STRATEGY=1 -DN_STAGES=5 -DTMEM_LOAD_WIDTH=64 -DK_LOOP_UNROLL=4 ... COMPILE_FAIL  (0.4s)
[41/128] -DINTERLEAVE_STRATEGY=1 -DN_STAGES=5 -DSTAGGER_CYCLES=100 -DK_LOOP_UNROLL=4 ... 0.877 ms / 1249 TFLOPS  (163 regs, 3.0s)
[42/128] -DINTERLEAVE_STRATEGY=1 -DN_STAGES=5 -DSTAGGER_CYCLES=100 -DTMEM_LOAD_WIDTH=64 -DK_LOOP_UNROLL=4 ... COMPILE_FAIL  (0.4s)
[43/128] -DINTERLEAVE_STRATEGY=1 -DN_STAGES=5 -DSTAGGER_CYCLES=120 -DK_LOOP_UNROLL=4 ... 0.862 ms / 1270 TFLOPS  (163 regs, 3.0s)
[44/128] -DINTERLEAVE_STRATEGY=1 -DN_STAGES=5 -DSTAGGER_CYCLES=120 -DTMEM_LOAD_WIDTH=64 -DK_LOOP_UNROLL=4 ... COMPILE_FAIL  (0.4s)
[45/128] -DINTERLEAVE_STRATEGY=1 -DN_STAGES=5 -DSTAGGER_CYCLES=160 -DK_LOOP_UNROLL=4 ... 0.870 ms / 1259 TFLOPS  (163 regs, 3.0s)
[46/128] -DINTERLEAVE_STRATEGY=1 -DN_STAGES=5 -DSTAGGER_CYCLES=160 -DTMEM_LOAD_WIDTH=64 -DK_LOOP_UNROLL=4 ... COMPILE_FAIL  (0.4s)
[47/128] -DINTERLEAVE_STRATEGY=1 -DN_STAGES=5 -DSTAGGER_CYCLES=200 -DK_LOOP_UNROLL=4 ... 0.871 ms / 1257 TFLOPS  (163 regs, 3.0s)
[48/128] -DINTERLEAVE_STRATEGY=1 -DN_STAGES=5 -DSTAGGER_CYCLES=200 -DTMEM_LOAD_WIDTH=64 -DK_LOOP_UNROLL=4 ... COMPILE_FAIL  (0.4s)
[49/128] -DINTERLEAVE_STRATEGY=1 -DMBAR_EARLY=1 -DN_STAGES=5 -DSTAGGER_CYCLES=0 -DK_LOOP_UNROLL=4 ... 0.870 ms / 1259 TFLOPS  (162 regs, 2.9s)
[50/128] -DINTERLEAVE_STRATEGY=1 -DMBAR_EARLY=1 -DN_STAGES=5 -DSTAGGER_CYCLES=0 -DTMEM_LOAD_WIDTH=64 -DK_LOOP_UNROLL=4 ... COMPILE_FAIL  (0.4s)
[51/128] -DINTERLEAVE_STRATEGY=1 -DMBAR_EARLY=1 -DN_STAGES=5 -DSTAGGER_CYCLES=40 -DK_LOOP_UNROLL=4 ... 0.872 ms / 1256 TFLOPS  (164 regs, 3.0s)
[52/128] -DINTERLEAVE_STRATEGY=1 -DMBAR_EARLY=1 -DN_STAGES=5 -DSTAGGER_CYCLES=40 -DTMEM_LOAD_WIDTH=64 -DK_LOOP_UNROLL=4 ... COMPILE_FAIL  (0.4s)
[53/128] -DINTERLEAVE_STRATEGY=1 -DMBAR_EARLY=1 -DN_STAGES=5 -DSTAGGER_CYCLES=60 -DK_LOOP_UNROLL=4 ... 0.874 ms / 1252 TFLOPS  (164 regs, 3.0s)
[54/128] -DINTERLEAVE_STRATEGY=1 -DMBAR_EARLY=1 -DN_STAGES=5 -DSTAGGER_CYCLES=60 -DTMEM_LOAD_WIDTH=64 -DK_LOOP_UNROLL=4 ... COMPILE_FAIL  (0.4s)
[55/128] -DINTERLEAVE_STRATEGY=1 -DMBAR_EARLY=1 -DN_STAGES=5 -DK_LOOP_UNROLL=4 ... 0.867 ms / 1263 TFLOPS  (164 regs, 3.0s)
[56/128] -DINTERLEAVE_STRATEGY=1 -DMBAR_EARLY=1 -DN_STAGES=5 -DTMEM_LOAD_WIDTH=64 -DK_LOOP_UNROLL=4 ... COMPILE_FAIL  (0.4s)
[57/128] -DINTERLEAVE_STRATEGY=1 -DMBAR_EARLY=1 -DN_STAGES=5 -DSTAGGER_CYCLES=100 -DK_LOOP_UNROLL=4 ... 0.872 ms / 1256 TFLOPS  (164 regs, 3.0s)
[58/128] -DINTERLEAVE_STRATEGY=1 -DMBAR_EARLY=1 -DN_STAGES=5 -DSTAGGER_CYCLES=100 -DTMEM_LOAD_WIDTH=64 -DK_LOOP_UNROLL=4 ... COMPILE_FAIL  (0.4s)
[59/128] -DINTERLEAVE_STRATEGY=1 -DMBAR_EARLY=1 -DN_STAGES=5 -DSTAGGER_CYCLES=120 -DK_LOOP_UNROLL=4 ... 0.866 ms / 1265 TFLOPS  (164 regs, 3.0s)
[60/128] -DINTERLEAVE_STRATEGY=1 -DMBAR_EARLY=1 -DN_STAGES=5 -DSTAGGER_CYCLES=120 -DTMEM_LOAD_WIDTH=64 -DK_LOOP_UNROLL=4 ... COMPILE_FAIL  (0.4s)
[61/128] -DINTERLEAVE_STRATEGY=1 -DMBAR_EARLY=1 -DN_STAGES=5 -DSTAGGER_CYCLES=160 -DK_LOOP_UNROLL=4 ... 0.873 ms / 1255 TFLOPS  (164 regs, 3.0s)
[62/128] -DINTERLEAVE_STRATEGY=1 -DMBAR_EARLY=1 -DN_STAGES=5 -DSTAGGER_CYCLES=160 -DTMEM_LOAD_WIDTH=64 -DK_LOOP_UNROLL=4 ... COMPILE_FAIL  (0.4s)
[63/128] -DINTERLEAVE_STRATEGY=1 -DMBAR_EARLY=1 -DN_STAGES=5 -DSTAGGER_CYCLES=200 -DK_LOOP_UNROLL=4 ... 0.862 ms / 1270 TFLOPS  (164 regs, 3.0s)
[64/128] -DINTERLEAVE_STRATEGY=1 -DMBAR_EARLY=1 -DN_STAGES=5 -DSTAGGER_CYCLES=200 -DTMEM_LOAD_WIDTH=64 -DK_LOOP_UNROLL=4 ... COMPILE_FAIL  (0.4s)
[65/128] -DN_STAGES=5 -DSTAGGER_CYCLES=0 -DK_LOOP_UNROLL=4 ... 0.880 ms / 1244 TFLOPS  (164 regs, 3.0s)
[66/128] -DN_STAGES=5 -DSTAGGER_CYCLES=0 -DTMEM_LOAD_WIDTH=64 -DK_LOOP_UNROLL=4 ... COMPILE_FAIL  (0.4s)
[67/128] -DN_STAGES=5 -DSTAGGER_CYCLES=40 -DK_LOOP_UNROLL=4 ... 0.872 ms / 1255 TFLOPS  (165 regs, 3.0s)
[68/128] -DN_STAGES=5 -DSTAGGER_CYCLES=40 -DTMEM_LOAD_WIDTH=64 -DK_LOOP_UNROLL=4 ... COMPILE_FAIL  (0.4s)
[69/128] -DN_STAGES=5 -DSTAGGER_CYCLES=60 -DK_LOOP_UNROLL=4 ... 0.866 ms / 1264 TFLOPS  (165 regs, 3.1s)
[70/128] -DN_STAGES=5 -DSTAGGER_CYCLES=60 -DTMEM_LOAD_WIDTH=64 -DK_LOOP_UNROLL=4 ... COMPILE_FAIL  (0.4s)
[71/128] -DN_STAGES=5 -DK_LOOP_UNROLL=4 ... 0.866 ms / 1264 TFLOPS  (165 regs, 3.0s)
[72/128] -DN_STAGES=5 -DTMEM_LOAD_WIDTH=64 -DK_LOOP_UNROLL=4 ... COMPILE_FAIL  (0.4s)
[73/128] -DN_STAGES=5 -DSTAGGER_CYCLES=100 -DK_LOOP_UNROLL=4 ... 0.868 ms / 1261 TFLOPS  (165 regs, 3.0s)
[74/128] -DN_STAGES=5 -DSTAGGER_CYCLES=100 -DTMEM_LOAD_WIDTH=64 -DK_LOOP_UNROLL=4 ... COMPILE_FAIL  (0.4s)
[75/128] -DN_STAGES=5 -DSTAGGER_CYCLES=120 -DK_LOOP_UNROLL=4 ... 0.864 ms / 1267 TFLOPS  (165 regs, 2.9s)
[76/128] -DN_STAGES=5 -DSTAGGER_CYCLES=120 -DTMEM_LOAD_WIDTH=64 -DK_LOOP_UNROLL=4 ... COMPILE_FAIL  (0.4s)
[77/128] -DN_STAGES=5 -DSTAGGER_CYCLES=160 -DK_LOOP_UNROLL=4 ... 0.864 ms / 1268 TFLOPS  (165 regs, 3.0s)
[78/128] -DN_STAGES=5 -DSTAGGER_CYCLES=160 -DTMEM_LOAD_WIDTH=64 -DK_LOOP_UNROLL=4 ... COMPILE_FAIL  (0.4s)
[79/128] -DN_STAGES=5 -DSTAGGER_CYCLES=200 -DK_LOOP_UNROLL=4 ... 0.864 ms / 1267 TFLOPS  (165 regs, 3.0s)
[80/128] -DN_STAGES=5 -DSTAGGER_CYCLES=200 -DTMEM_LOAD_WIDTH=64 -DK_LOOP_UNROLL=4 ... COMPILE_FAIL  (0.4s)
[81/128] -DMBAR_EARLY=1 -DN_STAGES=5 -DSTAGGER_CYCLES=0 -DK_LOOP_UNROLL=4 ... 0.878 ms / 1247 TFLOPS  (167 regs, 3.0s)
[82/128] -DMBAR_EARLY=1 -DN_STAGES=5 -DSTAGGER_CYCLES=0 -DTMEM_LOAD_WIDTH=64 -DK_LOOP_UNROLL=4 ... COMPILE_FAIL  (0.4s)
[83/128] -DMBAR_EARLY=1 -DN_STAGES=5 -DSTAGGER_CYCLES=40 -DK_LOOP_UNROLL=4 ... 0.878 ms / 1247 TFLOPS  (167 regs, 3.0s)
[84/128] -DMBAR_EARLY=1 -DN_STAGES=5 -DSTAGGER_CYCLES=40 -DTMEM_LOAD_WIDTH=64 -DK_LOOP_UNROLL=4 ... COMPILE_FAIL  (0.4s)
[85/128] -DMBAR_EARLY=1 -DN_STAGES=5 -DSTAGGER_CYCLES=60 -DK_LOOP_UNROLL=4 ... 0.873 ms / 1254 TFLOPS  (167 regs, 3.0s)
[86/128] -DMBAR_EARLY=1 -DN_STAGES=5 -DSTAGGER_CYCLES=60 -DTMEM_LOAD_WIDTH=64 -DK_LOOP_UNROLL=4 ... COMPILE_FAIL  (0.4s)
[87/128] -DMBAR_EARLY=1 -DN_STAGES=5 -DK_LOOP_UNROLL=4 ... 0.868 ms / 1261 TFLOPS  (167 regs, 3.1s)
[88/128] -DMBAR_EARLY=1 -DN_STAGES=5 -DTMEM_LOAD_WIDTH=64 -DK_LOOP_UNROLL=4 ... COMPILE_FAIL  (0.4s)
[89/128] -DMBAR_EARLY=1 -DN_STAGES=5 -DSTAGGER_CYCLES=100 -DK_LOOP_UNROLL=4 ... 0.870 ms / 1259 TFLOPS  (167 regs, 3.0s)
[90/128] -DMBAR_EARLY=1 -DN_STAGES=5 -DSTAGGER_CYCLES=100 -DTMEM_LOAD_WIDTH=64 -DK_LOOP_UNROLL=4 ... COMPILE_FAIL  (0.4s)
[91/128] -DMBAR_EARLY=1 -DN_STAGES=5 -DSTAGGER_CYCLES=120 -DK_LOOP_UNROLL=4 ... 0.869 ms / 1260 TFLOPS  (167 regs, 2.9s)
[92/128] -DMBAR_EARLY=1 -DN_STAGES=5 -DSTAGGER_CYCLES=120 -DTMEM_LOAD_WIDTH=64 -DK_LOOP_UNROLL=4 ... COMPILE_FAIL  (0.4s)
[93/128] -DMBAR_EARLY=1 -DN_STAGES=5 -DSTAGGER_CYCLES=160 -DK_LOOP_UNROLL=4 ... 0.869 ms / 1260 TFLOPS  (167 regs, 2.9s)
[94/128] -DMBAR_EARLY=1 -DN_STAGES=5 -DSTAGGER_CYCLES=160 -DTMEM_LOAD_WIDTH=64 -DK_LOOP_UNROLL=4 ... COMPILE_FAIL  (0.4s)
[95/128] -DMBAR_EARLY=1 -DN_STAGES=5 -DSTAGGER_CYCLES=200 -DK_LOOP_UNROLL=4 ... 0.861 ms / 1272 TFLOPS  (167 regs, 2.9s)
[96/128] -DMBAR_EARLY=1 -DN_STAGES=5 -DSTAGGER_CYCLES=200 -DTMEM_LOAD_WIDTH=64 -DK_LOOP_UNROLL=4 ... COMPILE_FAIL  (0.4s)
[97/128] -DINTERLEAVE_STRATEGY=3 -DN_STAGES=5 -DSTAGGER_CYCLES=0 -DK_LOOP_UNROLL=4 ... 0.878 ms / 1247 TFLOPS  (165 regs, 3.0s)
[98/128] -DINTERLEAVE_STRATEGY=3 -DN_STAGES=5 -DSTAGGER_CYCLES=0 -DTMEM_LOAD_WIDTH=64 -DK_LOOP_UNROLL=4 ... COMPILE_FAIL  (0.4s)
[99/128] -DINTERLEAVE_STRATEGY=3 -DN_STAGES=5 -DSTAGGER_CYCLES=40 -DK_LOOP_UNROLL=4 ... 0.873 ms / 1254 TFLOPS  (166 regs, 3.1s)
[100/128] -DINTERLEAVE_STRATEGY=3 -DN_STAGES=5 -DSTAGGER_CYCLES=40 -DTMEM_LOAD_WIDTH=64 -DK_LOOP_UNROLL=4 ... COMPILE_FAIL  (0.4s)
[101/128] -DINTERLEAVE_STRATEGY=3 -DN_STAGES=5 -DSTAGGER_CYCLES=60 -DK_LOOP_UNROLL=4 ... 0.864 ms / 1267 TFLOPS  (166 regs, 3.0s)
[102/128] -DINTERLEAVE_STRATEGY=3 -DN_STAGES=5 -DSTAGGER_CYCLES=60 -DTMEM_LOAD_WIDTH=64 -DK_LOOP_UNROLL=4 ... COMPILE_FAIL  (0.4s)
[103/128] -DINTERLEAVE_STRATEGY=3 -DN_STAGES=5 -DK_LOOP_UNROLL=4 ... 0.868 ms / 1261 TFLOPS  (166 regs, 3.0s)
[104/128] -DINTERLEAVE_STRATEGY=3 -DN_STAGES=5 -DTMEM_LOAD_WIDTH=64 -DK_LOOP_UNROLL=4 ... COMPILE_FAIL  (0.4s)
[105/128] -DINTERLEAVE_STRATEGY=3 -DN_STAGES=5 -DSTAGGER_CYCLES=100 -DK_LOOP_UNROLL=4 ... 0.870 ms / 1258 TFLOPS  (166 regs, 2.9s)
[106/128] -DINTERLEAVE_STRATEGY=3 -DN_STAGES=5 -DSTAGGER_CYCLES=100 -DTMEM_LOAD_WIDTH=64 -DK_LOOP_UNROLL=4 ... COMPILE_FAIL  (0.4s)
[107/128] -DINTERLEAVE_STRATEGY=3 -DN_STAGES=5 -DSTAGGER_CYCLES=120 -DK_LOOP_UNROLL=4 ... 0.863 ms / 1269 TFLOPS  (166 regs, 3.0s)
[108/128] -DINTERLEAVE_STRATEGY=3 -DN_STAGES=5 -DSTAGGER_CYCLES=120 -DTMEM_LOAD_WIDTH=64 -DK_LOOP_UNROLL=4 ... COMPILE_FAIL  (0.4s)
[109/128] -DINTERLEAVE_STRATEGY=3 -DN_STAGES=5 -DSTAGGER_CYCLES=160 -DK_LOOP_UNROLL=4 ... 0.868 ms / 1262 TFLOPS  (166 regs, 3.0s)
[110/128] -DINTERLEAVE_STRATEGY=3 -DN_STAGES=5 -DSTAGGER_CYCLES=160 -DTMEM_LOAD_WIDTH=64 -DK_LOOP_UNROLL=4 ... COMPILE_FAIL  (0.4s)
[111/128] -DINTERLEAVE_STRATEGY=3 -DN_STAGES=5 -DSTAGGER_CYCLES=200 -DK_LOOP_UNROLL=4 ... 0.867 ms / 1263 TFLOPS  (166 regs, 3.0s)
[112/128] -DINTERLEAVE_STRATEGY=3 -DN_STAGES=5 -DSTAGGER_CYCLES=200 -DTMEM_LOAD_WIDTH=64 -DK_LOOP_UNROLL=4 ... COMPILE_FAIL  (0.4s)
[113/128] -DINTERLEAVE_STRATEGY=3 -DMBAR_EARLY=1 -DN_STAGES=5 -DSTAGGER_CYCLES=0 -DK_LOOP_UNROLL=4 ... 0.873 ms / 1254 TFLOPS  (166 regs, 3.1s)
[114/128] -DINTERLEAVE_STRATEGY=3 -DMBAR_EARLY=1 -DN_STAGES=5 -DSTAGGER_CYCLES=0 -DTMEM_LOAD_WIDTH=64 -DK_LOOP_UNROLL=4 ... COMPILE_FAIL  (0.4s)
[115/128] -DINTERLEAVE_STRATEGY=3 -DMBAR_EARLY=1 -DN_STAGES=5 -DSTAGGER_CYCLES=40 -DK_LOOP_UNROLL=4 ... 0.874 ms / 1253 TFLOPS  (167 regs, 3.0s)
[116/128] -DINTERLEAVE_STRATEGY=3 -DMBAR_EARLY=1 -DN_STAGES=5 -DSTAGGER_CYCLES=40 -DTMEM_LOAD_WIDTH=64 -DK_LOOP_UNROLL=4 ... COMPILE_FAIL  (0.4s)
[117/128] -DINTERLEAVE_STRATEGY=3 -DMBAR_EARLY=1 -DN_STAGES=5 -DSTAGGER_CYCLES=60 -DK_LOOP_UNROLL=4 ... 0.875 ms / 1252 TFLOPS  (167 regs, 3.0s)
[118/128] -DINTERLEAVE_STRATEGY=3 -DMBAR_EARLY=1 -DN_STAGES=5 -DSTAGGER_CYCLES=60 -DTMEM_LOAD_WIDTH=64 -DK_LOOP_UNROLL=4 ... COMPILE_FAIL  (0.4s)
[119/128] -DINTERLEAVE_STRATEGY=3 -DMBAR_EARLY=1 -DN_STAGES=5 -DK_LOOP_UNROLL=4 ... 0.873 ms / 1254 TFLOPS  (167 regs, 3.1s)
[120/128] -DINTERLEAVE_STRATEGY=3 -DMBAR_EARLY=1 -DN_STAGES=5 -DTMEM_LOAD_WIDTH=64 -DK_LOOP_UNROLL=4 ... COMPILE_FAIL  (0.4s)
[121/128] -DINTERLEAVE_STRATEGY=3 -DMBAR_EARLY=1 -DN_STAGES=5 -DSTAGGER_CYCLES=100 -DK_LOOP_UNROLL=4 ... 0.873 ms / 1255 TFLOPS  (167 regs, 3.0s)
[122/128] -DINTERLEAVE_STRATEGY=3 -DMBAR_EARLY=1 -DN_STAGES=5 -DSTAGGER_CYCLES=100 -DTMEM_LOAD_WIDTH=64 -DK_LOOP_UNROLL=4 ... COMPILE_FAIL  (0.4s)
[123/128] -DINTERLEAVE_STRATEGY=3 -DMBAR_EARLY=1 -DN_STAGES=5 -DSTAGGER_CYCLES=120 -DK_LOOP_UNROLL=4 ... 0.876 ms / 1249 TFLOPS  (167 regs, 2.9s)
[124/128] -DINTERLEAVE_STRATEGY=3 -DMBAR_EARLY=1 -DN_STAGES=5 -DSTAGGER_CYCLES=120 -DTMEM_LOAD_WIDTH=64 -DK_LOOP_UNROLL=4 ... COMPILE_FAIL  (0.4s)
[125/128] -DINTERLEAVE_STRATEGY=3 -DMBAR_EARLY=1 -DN_STAGES=5 -DSTAGGER_CYCLES=160 -DK_LOOP_UNROLL=4 ... 0.862 ms / 1270 TFLOPS  (167 regs, 3.0s)
[126/128] -DINTERLEAVE_STRATEGY=3 -DMBAR_EARLY=1 -DN_STAGES=5 -DSTAGGER_CYCLES=160 -DTMEM_LOAD_WIDTH=64 -DK_LOOP_UNROLL=4 ... COMPILE_FAIL  (0.4s)
[127/128] -DINTERLEAVE_STRATEGY=3 -DMBAR_EARLY=1 -DN_STAGES=5 -DSTAGGER_CYCLES=200 -DK_LOOP_UNROLL=4 ... 0.864 ms / 1268 TFLOPS  (167 regs, 3.0s)
[128/128] -DINTERLEAVE_STRATEGY=3 -DMBAR_EARLY=1 -DN_STAGES=5 -DSTAGGER_CYCLES=200 -DTMEM_LOAD_WIDTH=64 -DK_LOOP_UNROLL=4 ... COMPILE_FAIL  (0.4s)

Tier 2 winner (top-3): -DSTAGGER_CYCLES=100 → 0.527 ms / 2077 TFLOPS
  #2: -DSTAGGER_CYCLES=200 → 0.527 ms / 2076 TFLOPS
  #3: -DMBAR_EARLY=1 -DSTAGGER_CYCLES=160 → 0.527 ms / 2079 TFLOPS

=== Tier 3: PHASE1_UNROLL, SNAKE_ORDER, CVT_ADD_FUSED, K_LOOP_UNROLL, W0_LOOP_UNROLL, SUB_MMA_UNROLL ===
  Branch 1/3: -DSTAGGER_CYCLES=100
Sweep: 540 total, 540 valid, 0 pruned
Estimated time: ~45 min (540 configs × ~5s each)

[1/540] -DCVT_ADD_FUSED=0 -DK_LOOP_UNROLL=1 -DPHASE1_UNROLL=1 -DSNAKE_ORDER=0 -DSTAGGER_CYCLES=100 ... 0.676 ms / 1620 TFLOPS  (130 regs, 2.9s)
[2/540] -DCVT_ADD_FUSED=0 -DK_LOOP_UNROLL=1 -DPHASE1_UNROLL=1 -DSNAKE_ORDER=0 -DSTAGGER_CYCLES=100 -DW0_LOOP_UNROLL=1 ... 0.773 ms / 1417 TFLOPS  (111 regs, 2.9s)
[3/540] -DCVT_ADD_FUSED=0 -DK_LOOP_UNROLL=1 -DPHASE1_UNROLL=1 -DSNAKE_ORDER=0 -DSTAGGER_CYCLES=100 -DW0_LOOP_UNROLL=4 ... 0.671 ms / 1632 TFLOPS  (130 regs, 2.9s)
[4/540] -DCVT_ADD_FUSED=0 -DK_LOOP_UNROLL=1 -DPHASE1_UNROLL=1 -DSNAKE_ORDER=0 -DSTAGGER_CYCLES=100 -DSUB_MMA_UNROLL=1 ... 0.701 ms / 1562 TFLOPS  (126 regs, 2.9s)
[5/540] -DCVT_ADD_FUSED=0 -DK_LOOP_UNROLL=1 -DPHASE1_UNROLL=1 -DSNAKE_ORDER=0 -DSTAGGER_CYCLES=100 -DSUB_MMA_UNROLL=1 -DW0_LOOP_UNROLL=1 ... 0.790 ms / 1386 TFLOPS  (105 regs, 2.9s)
[6/540] -DCVT_ADD_FUSED=0 -DK_LOOP_UNROLL=1 -DPHASE1_UNROLL=1 -DSNAKE_ORDER=0 -DSTAGGER_CYCLES=100 -DSUB_MMA_UNROLL=1 -DW0_LOOP_UNROLL=4 ... 0.698 ms / 1568 TFLOPS  (126 regs, 2.8s)
[7/540] -DCVT_ADD_FUSED=0 -DK_LOOP_UNROLL=1 -DPHASE1_UNROLL=1 -DSNAKE_ORDER=0 -DSTAGGER_CYCLES=100 -DSUB_MMA_UNROLL=3 ... 0.663 ms / 1652 TFLOPS  (130 regs, 2.9s)
[8/540] -DCVT_ADD_FUSED=0 -DK_LOOP_UNROLL=1 -DPHASE1_UNROLL=1 -DSNAKE_ORDER=0 -DSTAGGER_CYCLES=100 -DSUB_MMA_UNROLL=3 -DW0_LOOP_UNROLL=1 ... 0.769 ms / 1425 TFLOPS  (111 regs, 2.9s)
[9/540] -DCVT_ADD_FUSED=0 -DK_LOOP_UNROLL=1 -DPHASE1_UNROLL=1 -DSNAKE_ORDER=0 -DSTAGGER_CYCLES=100 -DSUB_MMA_UNROLL=3 -DW0_LOOP_UNROLL=4 ... 0.673 ms / 1626 TFLOPS  (130 regs, 2.8s)
[10/540] -DCVT_ADD_FUSED=0 -DK_LOOP_UNROLL=1 -DPHASE1_UNROLL=1 -DSTAGGER_CYCLES=100 ... 0.676 ms / 1621 TFLOPS  (130 regs, 2.9s)
[11/540] -DCVT_ADD_FUSED=0 -DK_LOOP_UNROLL=1 -DPHASE1_UNROLL=1 -DSTAGGER_CYCLES=100 -DW0_LOOP_UNROLL=1 ... 0.758 ms / 1444 TFLOPS  (111 regs, 2.9s)
[12/540] -DCVT_ADD_FUSED=0 -DK_LOOP_UNROLL=1 -DPHASE1_UNROLL=1 -DSTAGGER_CYCLES=100 -DW0_LOOP_UNROLL=4 ... 0.661 ms / 1657 TFLOPS  (130 regs, 2.9s)
[13/540] -DCVT_ADD_FUSED=0 -DK_LOOP_UNROLL=1 -DPHASE1_UNROLL=1 -DSTAGGER_CYCLES=100 -DSUB_MMA_UNROLL=1 ... 0.701 ms / 1562 TFLOPS  (126 regs, 2.9s)
[14/540] -DCVT_ADD_FUSED=0 -DK_LOOP_UNROLL=1 -DPHASE1_UNROLL=1 -DSTAGGER_CYCLES=100 -DSUB_MMA_UNROLL=1 -DW0_LOOP_UNROLL=1 ... 0.781 ms / 1402 TFLOPS  (105 regs, 2.9s)
[15/540] -DCVT_ADD_FUSED=0 -DK_LOOP_UNROLL=1 -DPHASE1_UNROLL=1 -DSTAGGER_CYCLES=100 -DSUB_MMA_UNROLL=1 -DW0_LOOP_UNROLL=4 ... 0.703 ms / 1557 TFLOPS  (126 regs, 2.9s)
[16/540] -DCVT_ADD_FUSED=0 -DK_LOOP_UNROLL=1 -DPHASE1_UNROLL=1 -DSTAGGER_CYCLES=100 -DSUB_MMA_UNROLL=3 ... 0.677 ms / 1617 TFLOPS  (130 regs, 2.9s)
[17/540] -DCVT_ADD_FUSED=0 -DK_LOOP_UNROLL=1 -DPHASE1_UNROLL=1 -DSTAGGER_CYCLES=100 -DSUB_MMA_UNROLL=3 -DW0_LOOP_UNROLL=1 ... 0.765 ms / 1431 TFLOPS  (111 regs, 2.9s)
[18/540] -DCVT_ADD_FUSED=0 -DK_LOOP_UNROLL=1 -DPHASE1_UNROLL=1 -DSTAGGER_CYCLES=100 -DSUB_MMA_UNROLL=3 -DW0_LOOP_UNROLL=4 ... 0.672 ms / 1630 TFLOPS  (130 regs, 2.9s)
[19/540] -DCVT_ADD_FUSED=0 -DK_LOOP_UNROLL=1 -DSNAKE_ORDER=0 -DSTAGGER_CYCLES=100 ... 0.660 ms / 1658 TFLOPS  (161 regs, 2.9s)
[20/540] -DCVT_ADD_FUSED=0 -DK_LOOP_UNROLL=1 -DSNAKE_ORDER=0 -DSTAGGER_CYCLES=100 -DW0_LOOP_UNROLL=1 ... 0.769 ms / 1423 TFLOPS  (142 regs, 2.9s)
[21/540] -DCVT_ADD_FUSED=0 -DK_LOOP_UNROLL=1 -DSNAKE_ORDER=0 -DSTAGGER_CYCLES=100 -DW0_LOOP_UNROLL=4 ... 0.664 ms / 1648 TFLOPS  (161 regs, 3.0s)
[22/540] -DCVT_ADD_FUSED=0 -DK_LOOP_UNROLL=1 -DSNAKE_ORDER=0 -DSTAGGER_CYCLES=100 -DSUB_MMA_UNROLL=1 ... 0.700 ms / 1564 TFLOPS  (153 regs, 2.9s)
[23/540] -DCVT_ADD_FUSED=0 -DK_LOOP_UNROLL=1 -DSNAKE_ORDER=0 -DSTAGGER_CYCLES=100 -DSUB_MMA_UNROLL=1 -DW0_LOOP_UNROLL=1 ... 0.801 ms / 1368 TFLOPS  (134 regs, 2.9s)
[24/540] -DCVT_ADD_FUSED=0 -DK_LOOP_UNROLL=1 -DSNAKE_ORDER=0 -DSTAGGER_CYCLES=100 -DSUB_MMA_UNROLL=1 -DW0_LOOP_UNROLL=4 ... 0.696 ms / 1574 TFLOPS  (153 regs, 2.9s)
[25/540] -DCVT_ADD_FUSED=0 -DK_LOOP_UNROLL=1 -DSNAKE_ORDER=0 -DSTAGGER_CYCLES=100 -DSUB_MMA_UNROLL=3 ... 0.663 ms / 1651 TFLOPS  (161 regs, 2.9s)
[26/540] -DCVT_ADD_FUSED=0 -DK_LOOP_UNROLL=1 -DSNAKE_ORDER=0 -DSTAGGER_CYCLES=100 -DSUB_MMA_UNROLL=3 -DW0_LOOP_UNROLL=1 ... 0.781 ms / 1402 TFLOPS  (142 regs, 3.0s)
[27/540] -DCVT_ADD_FUSED=0 -DK_LOOP_UNROLL=1 -DSNAKE_ORDER=0 -DSTAGGER_CYCLES=100 -DSUB_MMA_UNROLL=3 -DW0_LOOP_UNROLL=4 ... 0.663 ms / 1651 TFLOPS  (161 regs, 2.9s)
[28/540] -DCVT_ADD_FUSED=0 -DK_LOOP_UNROLL=1 -DSTAGGER_CYCLES=100 ... 0.667 ms / 1643 TFLOPS  (161 regs, 2.9s)
[29/540] -DCVT_ADD_FUSED=0 -DK_LOOP_UNROLL=1 -DSTAGGER_CYCLES=100 -DW0_LOOP_UNROLL=1 ... 0.768 ms / 1426 TFLOPS  (142 regs, 3.0s)
[30/540] -DCVT_ADD_FUSED=0 -DK_LOOP_UNROLL=1 -DSTAGGER_CYCLES=100 -DW0_LOOP_UNROLL=4 ... 0.675 ms / 1623 TFLOPS  (161 regs, 3.0s)
[31/540] -DCVT_ADD_FUSED=0 -DK_LOOP_UNROLL=1 -DSTAGGER_CYCLES=100 -DSUB_MMA_UNROLL=1 ... 0.702 ms / 1560 TFLOPS  (153 regs, 2.9s)
[32/540] -DCVT_ADD_FUSED=0 -DK_LOOP_UNROLL=1 -DSTAGGER_CYCLES=100 -DSUB_MMA_UNROLL=1 -DW0_LOOP_UNROLL=1 ... 0.778 ms / 1408 TFLOPS  (134 regs, 3.0s)
[33/540] -DCVT_ADD_FUSED=0 -DK_LOOP_UNROLL=1 -DSTAGGER_CYCLES=100 -DSUB_MMA_UNROLL=1 -DW0_LOOP_UNROLL=4 ... 0.703 ms / 1558 TFLOPS  (153 regs, 2.9s)
[34/540] -DCVT_ADD_FUSED=0 -DK_LOOP_UNROLL=1 -DSTAGGER_CYCLES=100 -DSUB_MMA_UNROLL=3 ... 0.660 ms / 1658 TFLOPS  (161 regs, 2.9s)
[35/540] -DCVT_ADD_FUSED=0 -DK_LOOP_UNROLL=1 -DSTAGGER_CYCLES=100 -DSUB_MMA_UNROLL=3 -DW0_LOOP_UNROLL=1 ... 0.756 ms / 1448 TFLOPS  (142 regs, 2.9s)
[36/540] -DCVT_ADD_FUSED=0 -DK_LOOP_UNROLL=1 -DSTAGGER_CYCLES=100 -DSUB_MMA_UNROLL=3 -DW0_LOOP_UNROLL=4 ... 0.667 ms / 1643 TFLOPS  (161 regs, 3.0s)
[37/540] -DCVT_ADD_FUSED=0 -DK_LOOP_UNROLL=1 -DPHASE1_UNROLL=4 -DSNAKE_ORDER=0 -DSTAGGER_CYCLES=100 ... 0.670 ms / 1635 TFLOPS  (210 regs, 3.0s)
[38/540] -DCVT_ADD_FUSED=0 -DK_LOOP_UNROLL=1 -DPHASE1_UNROLL=4 -DSNAKE_ORDER=0 -DSTAGGER_CYCLES=100 -DW0_LOOP_UNROLL=1 ... 0.773 ms / 1417 TFLOPS  (192 regs, 3.0s)
[39/540] -DCVT_ADD_FUSED=0 -DK_LOOP_UNROLL=1 -DPHASE1_UNROLL=4 -DSNAKE_ORDER=0 -DSTAGGER_CYCLES=100 -DW0_LOOP_UNROLL=4 ... 0.674 ms / 1625 TFLOPS  (210 regs, 3.0s)
[40/540] -DCVT_ADD_FUSED=0 -DK_LOOP_UNROLL=1 -DPHASE1_UNROLL=4 -DSNAKE_ORDER=0 -DSTAGGER_CYCLES=100 -DSUB_MMA_UNROLL=1 ... 0.723 ms / 1515 TFLOPS  (202 regs, 3.0s)
[41/540] -DCVT_ADD_FUSED=0 -DK_LOOP_UNROLL=1 -DPHASE1_UNROLL=4 -DSNAKE_ORDER=0 -DSTAGGER_CYCLES=100 -DSUB_MMA_UNROLL=1 -DW0_LOOP_UNROLL=1 ... 0.800 ms / 1369 TFLOPS  (184 regs, 3.0s)
[42/540] -DCVT_ADD_FUSED=0 -DK_LOOP_UNROLL=1 -DPHASE1_UNROLL=4 -DSNAKE_ORDER=0 -DSTAGGER_CYCLES=100 -DSUB_MMA_UNROLL=1 -DW0_LOOP_UNROLL=4 ... 0.715 ms / 1531 TFLOPS  (202 regs, 3.0s)
[43/540] -DCVT_ADD_FUSED=0 -DK_LOOP_UNROLL=1 -DPHASE1_UNROLL=4 -DSNAKE_ORDER=0 -DSTAGGER_CYCLES=100 -DSUB_MMA_UNROLL=3 ... 0.675 ms / 1622 TFLOPS  (210 regs, 3.0s)
[44/540] -DCVT_ADD_FUSED=0 -DK_LOOP_UNROLL=1 -DPHASE1_UNROLL=4 -DSNAKE_ORDER=0 -DSTAGGER_CYCLES=100 -DSUB_MMA_UNROLL=3 -DW0_LOOP_UNROLL=1 ... 0.787 ms / 1391 TFLOPS  (192 regs, 2.9s)
[45/540] -DCVT_ADD_FUSED=0 -DK_LOOP_UNROLL=1 -DPHASE1_UNROLL=4 -DSNAKE_ORDER=0 -DSTAGGER_CYCLES=100 -DSUB_MMA_UNROLL=3 -DW0_LOOP_UNROLL=4 ... 0.671 ms / 1631 TFLOPS  (210 regs, 3.0s)
[46/540] -DCVT_ADD_FUSED=0 -DK_LOOP_UNROLL=1 -DPHASE1_UNROLL=4 -DSTAGGER_CYCLES=100 ... 0.679 ms / 1613 TFLOPS  (210 regs, 3.0s)
[47/540] -DCVT_ADD_FUSED=0 -DK_LOOP_UNROLL=1 -DPHASE1_UNROLL=4 -DSTAGGER_CYCLES=100 -DW0_LOOP_UNROLL=1 ... 0.772 ms / 1418 TFLOPS  (192 regs, 3.0s)
[48/540] -DCVT_ADD_FUSED=0 -DK_LOOP_UNROLL=1 -DPHASE1_UNROLL=4 -DSTAGGER_CYCLES=100 -DW0_LOOP_UNROLL=4 ... 0.667 ms / 1641 TFLOPS  (210 regs, 3.0s)
[49/540] -DCVT_ADD_FUSED=0 -DK_LOOP_UNROLL=1 -DPHASE1_UNROLL=4 -DSTAGGER_CYCLES=100 -DSUB_MMA_UNROLL=1 ... 0.711 ms / 1540 TFLOPS  (202 regs, 3.0s)
[50/540] -DCVT_ADD_FUSED=0 -DK_LOOP_UNROLL=1 -DPHASE1_UNROLL=4 -DSTAGGER_CYCLES=100 -DSUB_MMA_UNROLL=1 -DW0_LOOP_UNROLL=1 ... 0.778 ms / 1408 TFLOPS  (184 regs, 3.0s)
[51/540] -DCVT_ADD_FUSED=0 -DK_LOOP_UNROLL=1 -DPHASE1_UNROLL=4 -DSTAGGER_CYCLES=100 -DSUB_MMA_UNROLL=1 -DW0_LOOP_UNROLL=4 ... 0.710 ms / 1543 TFLOPS  (202 regs, 2.9s)
[52/540] -DCVT_ADD_FUSED=0 -DK_LOOP_UNROLL=1 -DPHASE1_UNROLL=4 -DSTAGGER_CYCLES=100 -DSUB_MMA_UNROLL=3 ... 0.675 ms / 1622 TFLOPS  (210 regs, 3.0s)
[53/540] -DCVT_ADD_FUSED=0 -DK_LOOP_UNROLL=1 -DPHASE1_UNROLL=4 -DSTAGGER_CYCLES=100 -DSUB_MMA_UNROLL=3 -DW0_LOOP_UNROLL=1 ... 0.769 ms / 1424 TFLOPS  (192 regs, 3.0s)
[54/540] -DCVT_ADD_FUSED=0 -DK_LOOP_UNROLL=1 -DPHASE1_UNROLL=4 -DSTAGGER_CYCLES=100 -DSUB_MMA_UNROLL=3 -DW0_LOOP_UNROLL=4 ... 0.675 ms / 1623 TFLOPS  (210 regs, 3.0s)
[55/540] -DCVT_ADD_FUSED=0 -DK_LOOP_UNROLL=2 -DPHASE1_UNROLL=1 -DSNAKE_ORDER=0 -DSTAGGER_CYCLES=100 ... 0.670 ms / 1635 TFLOPS  (130 regs, 2.9s)
[56/540] -DCVT_ADD_FUSED=0 -DK_LOOP_UNROLL=2 -DPHASE1_UNROLL=1 -DSNAKE_ORDER=0 -DSTAGGER_CYCLES=100 -DW0_LOOP_UNROLL=1 ... 0.777 ms / 1410 TFLOPS  (111 regs, 2.9s)
[57/540] -DCVT_ADD_FUSED=0 -DK_LOOP_UNROLL=2 -DPHASE1_UNROLL=1 -DSNAKE_ORDER=0 -DSTAGGER_CYCLES=100 -DW0_LOOP_UNROLL=4 ... 0.676 ms / 1620 TFLOPS  (130 regs, 2.8s)
[58/540] -DCVT_ADD_FUSED=0 -DK_LOOP_UNROLL=2 -DPHASE1_UNROLL=1 -DSNAKE_ORDER=0 -DSTAGGER_CYCLES=100 -DSUB_MMA_UNROLL=1 ... 0.699 ms / 1566 TFLOPS  (126 regs, 2.9s)
[59/540] -DCVT_ADD_FUSED=0 -DK_LOOP_UNROLL=2 -DPHASE1_UNROLL=1 -DSNAKE_ORDER=0 -DSTAGGER_CYCLES=100 -DSUB_MMA_UNROLL=1 -DW0_LOOP_UNROLL=1 ... 0.790 ms / 1386 TFLOPS  (105 regs, 2.9s)
[60/540] -DCVT_ADD_FUSED=0 -DK_LOOP_UNROLL=2 -DPHASE1_UNROLL=1 -DSNAKE_ORDER=0 -DSTAGGER_CYCLES=100 -DSUB_MMA_UNROLL=1 -DW0_LOOP_UNROLL=4 ... 0.697 ms / 1571 TFLOPS  (126 regs, 2.8s)
[61/540] -DCVT_ADD_FUSED=0 -DK_LOOP_UNROLL=2 -DPHASE1_UNROLL=1 -DSNAKE_ORDER=0 -DSTAGGER_CYCLES=100 -DSUB_MMA_UNROLL=3 ... 0.667 ms / 1641 TFLOPS  (130 regs, 2.9s)
[62/540] -DCVT_ADD_FUSED=0 -DK_LOOP_UNROLL=2 -DPHASE1_UNROLL=1 -DSNAKE_ORDER=0 -DSTAGGER_CYCLES=100 -DSUB_MMA_UNROLL=3 -DW0_LOOP_UNROLL=1 ... 0.772 ms / 1419 TFLOPS  (111 regs, 2.9s)
[63/540] -DCVT_ADD_FUSED=0 -DK_LOOP_UNROLL=2 -DPHASE1_UNROLL=1 -DSNAKE_ORDER=0 -DSTAGGER_CYCLES=100 -DSUB_MMA_UNROLL=3 -DW0_LOOP_UNROLL=4 ... 0.681 ms / 1608 TFLOPS  (130 regs, 2.9s)
[64/540] -DCVT_ADD_FUSED=0 -DK_LOOP_UNROLL=2 -DPHASE1_UNROLL=1 -DSTAGGER_CYCLES=100 ... 0.672 ms / 1630 TFLOPS  (130 regs, 2.8s)
[65/540] -DCVT_ADD_FUSED=0 -DK_LOOP_UNROLL=2 -DPHASE1_UNROLL=1 -DSTAGGER_CYCLES=100 -DW0_LOOP_UNROLL=1 ... 0.762 ms / 1437 TFLOPS  (111 regs, 2.8s)
[66/540] -DCVT_ADD_FUSED=0 -DK_LOOP_UNROLL=2 -DPHASE1_UNROLL=1 -DSTAGGER_CYCLES=100 -DW0_LOOP_UNROLL=4 ... 0.681 ms / 1609 TFLOPS  (130 regs, 2.9s)
[67/540] -DCVT_ADD_FUSED=0 -DK_LOOP_UNROLL=2 -DPHASE1_UNROLL=1 -DSTAGGER_CYCLES=100 -DSUB_MMA_UNROLL=1 ... 0.699 ms / 1566 TFLOPS  (126 regs, 2.9s)
[68/540] -DCVT_ADD_FUSED=0 -DK_LOOP_UNROLL=2 -DPHASE1_UNROLL=1 -DSTAGGER_CYCLES=100 -DSUB_MMA_UNROLL=1 -DW0_LOOP_UNROLL=1 ... 0.793 ms / 1381 TFLOPS  (105 regs, 2.8s)
[69/540] -DCVT_ADD_FUSED=0 -DK_LOOP_UNROLL=2 -DPHASE1_UNROLL=1 -DSTAGGER_CYCLES=100 -DSUB_MMA_UNROLL=1 -DW0_LOOP_UNROLL=4 ... 0.700 ms / 1565 TFLOPS  (126 regs, 2.9s)
[70/540] -DCVT_ADD_FUSED=0 -DK_LOOP_UNROLL=2 -DPHASE1_UNROLL=1 -DSTAGGER_CYCLES=100 -DSUB_MMA_UNROLL=3 ... 0.678 ms / 1615 TFLOPS  (130 regs, 2.8s)
[71/540] -DCVT_ADD_FUSED=0 -DK_LOOP_UNROLL=2 -DPHASE1_UNROLL=1 -DSTAGGER_CYCLES=100 -DSUB_MMA_UNROLL=3 -DW0_LOOP_UNROLL=1 ... 0.768 ms / 1427 TFLOPS  (111 regs, 2.9s)
[72/540] -DCVT_ADD_FUSED=0 -DK_LOOP_UNROLL=2 -DPHASE1_UNROLL=1 -DSTAGGER_CYCLES=100 -DSUB_MMA_UNROLL=3 -DW0_LOOP_UNROLL=4 ... 0.669 ms / 1637 TFLOPS  (130 regs, 2.9s)
[73/540] -DCVT_ADD_FUSED=0 -DK_LOOP_UNROLL=2 -DSNAKE_ORDER=0 -DSTAGGER_CYCLES=100 ... 0.670 ms / 1634 TFLOPS  (161 regs, 2.9s)
[74/540] -DCVT_ADD_FUSED=0 -DK_LOOP_UNROLL=2 -DSNAKE_ORDER=0 -DSTAGGER_CYCLES=100 -DW0_LOOP_UNROLL=1 ... 0.770 ms / 1423 TFLOPS  (142 regs, 2.9s)
[75/540] -DCVT_ADD_FUSED=0 -DK_LOOP_UNROLL=2 -DSNAKE_ORDER=0 -DSTAGGER_CYCLES=100 -DW0_LOOP_UNROLL=4 ... 0.668 ms / 1639 TFLOPS  (161 regs, 3.0s)
[76/540] -DCVT_ADD_FUSED=0 -DK_LOOP_UNROLL=2 -DSNAKE_ORDER=0 -DSTAGGER_CYCLES=100 -DSUB_MMA_UNROLL=1 ... 0.704 ms / 1555 TFLOPS  (153 regs, 2.9s)
[77/540] -DCVT_ADD_FUSED=0 -DK_LOOP_UNROLL=2 -DSNAKE_ORDER=0 -DSTAGGER_CYCLES=100 -DSUB_MMA_UNROLL=1 -DW0_LOOP_UNROLL=1 ... 0.791 ms / 1384 TFLOPS  (134 regs, 2.9s)
[78/540] -DCVT_ADD_FUSED=0 -DK_LOOP_UNROLL=2 -DSNAKE_ORDER=0 -DSTAGGER_CYCLES=100 -DSUB_MMA_UNROLL=1 -DW0_LOOP_UNROLL=4 ... 0.700 ms / 1565 TFLOPS  (153 regs, 2.9s)
[79/540] -DCVT_ADD_FUSED=0 -DK_LOOP_UNROLL=2 -DSNAKE_ORDER=0 -DSTAGGER_CYCLES=100 -DSUB_MMA_UNROLL=3 ... 0.664 ms / 1648 TFLOPS  (161 regs, 3.0s)
[80/540] -DCVT_ADD_FUSED=0 -DK_LOOP_UNROLL=2 -DSNAKE_ORDER=0 -DSTAGGER_CYCLES=100 -DSUB_MMA_UNROLL=3 -DW0_LOOP_UNROLL=1 ... 0.768 ms / 1426 TFLOPS  (142 regs, 2.9s)
[81/540] -DCVT_ADD_FUSED=0 -DK_LOOP_UNROLL=2 -DSNAKE_ORDER=0 -DSTAGGER_CYCLES=100 -DSUB_MMA_UNROLL=3 -DW0_LOOP_UNROLL=4 ... 0.670 ms / 1634 TFLOPS  (161 regs, 2.9s)
[82/540] -DCVT_ADD_FUSED=0 -DK_LOOP_UNROLL=2 -DSTAGGER_CYCLES=100 ... 0.669 ms / 1637 TFLOPS  (161 regs, 3.0s)
[83/540] -DCVT_ADD_FUSED=0 -DK_LOOP_UNROLL=2 -DSTAGGER_CYCLES=100 -DW0_LOOP_UNROLL=1 ... 0.768 ms / 1425 TFLOPS  (142 regs, 3.0s)
[84/540] -DCVT_ADD_FUSED=0 -DK_LOOP_UNROLL=2 -DSTAGGER_CYCLES=100 -DW0_LOOP_UNROLL=4 ... 0.663 ms / 1652 TFLOPS  (161 regs, 3.0s)
[85/540] -DCVT_ADD_FUSED=0 -DK_LOOP_UNROLL=2 -DSTAGGER_CYCLES=100 -DSUB_MMA_UNROLL=1 ... 0.698 ms / 1569 TFLOPS  (153 regs, 3.0s)
[86/540] -DCVT_ADD_FUSED=0 -DK_LOOP_UNROLL=2 -DSTAGGER_CYCLES=100 -DSUB_MMA_UNROLL=1 -DW0_LOOP_UNROLL=1 ... 0.783 ms / 1399 TFLOPS  (134 regs, 3.0s)
[87/540] -DCVT_ADD_FUSED=0 -DK_LOOP_UNROLL=2 -DSTAGGER_CYCLES=100 -DSUB_MMA_UNROLL=1 -DW0_LOOP_UNROLL=4 ... 0.701 ms / 1562 TFLOPS  (153 regs, 3.0s)
[88/540] -DCVT_ADD_FUSED=0 -DK_LOOP_UNROLL=2 -DSTAGGER_CYCLES=100 -DSUB_MMA_UNROLL=3 ... 0.663 ms / 1651 TFLOPS  (161 regs, 3.0s)
[89/540] -DCVT_ADD_FUSED=0 -DK_LOOP_UNROLL=2 -DSTAGGER_CYCLES=100 -DSUB_MMA_UNROLL=3 -DW0_LOOP_UNROLL=1 ... 0.769 ms / 1425 TFLOPS  (142 regs, 2.9s)
[90/540] -DCVT_ADD_FUSED=0 -DK_LOOP_UNROLL=2 -DSTAGGER_CYCLES=100 -DSUB_MMA_UNROLL=3 -DW0_LOOP_UNROLL=4 ... 0.662 ms / 1654 TFLOPS  (161 regs, 2.9s)
[91/540] -DCVT_ADD_FUSED=0 -DK_LOOP_UNROLL=2 -DPHASE1_UNROLL=4 -DSNAKE_ORDER=0 -DSTAGGER_CYCLES=100 ... 0.671 ms / 1633 TFLOPS  (210 regs, 3.0s)
[92/540] -DCVT_ADD_FUSED=0 -DK_LOOP_UNROLL=2 -DPHASE1_UNROLL=4 -DSNAKE_ORDER=0 -DSTAGGER_CYCLES=100 -DW0_LOOP_UNROLL=1 ... 0.780 ms / 1405 TFLOPS  (192 regs, 3.0s)
[93/540] -DCVT_ADD_FUSED=0 -DK_LOOP_UNROLL=2 -DPHASE1_UNROLL=4 -DSNAKE_ORDER=0 -DSTAGGER_CYCLES=100 -DW0_LOOP_UNROLL=4 ... 0.674 ms / 1624 TFLOPS  (210 regs, 3.0s)
[94/540] -DCVT_ADD_FUSED=0 -DK_LOOP_UNROLL=2 -DPHASE1_UNROLL=4 -DSNAKE_ORDER=0 -DSTAGGER_CYCLES=100 -DSUB_MMA_UNROLL=1 ... 0.708 ms / 1547 TFLOPS  (202 regs, 3.0s)
[95/540] -DCVT_ADD_FUSED=0 -DK_LOOP_UNROLL=2 -DPHASE1_UNROLL=4 -DSNAKE_ORDER=0 -DSTAGGER_CYCLES=100 -DSUB_MMA_UNROLL=1 -DW0_LOOP_UNROLL=1 ... 0.783 ms / 1398 TFLOPS  (184 regs, 3.0s)
[96/540] -DCVT_ADD_FUSED=0 -DK_LOOP_UNROLL=2 -DPHASE1_UNROLL=4 -DSNAKE_ORDER=0 -DSTAGGER_CYCLES=100 -DSUB_MMA_UNROLL=1 -DW0_LOOP_UNROLL=4 ... 0.712 ms / 1538 TFLOPS  (202 regs, 3.0s)
[97/540] -DCVT_ADD_FUSED=0 -DK_LOOP_UNROLL=2 -DPHASE1_UNROLL=4 -DSNAKE_ORDER=0 -DSTAGGER_CYCLES=100 -DSUB_MMA_UNROLL=3 ... 0.671 ms / 1633 TFLOPS  (210 regs, 3.1s)
[98/540] -DCVT_ADD_FUSED=0 -DK_LOOP_UNROLL=2 -DPHASE1_UNROLL=4 -DSNAKE_ORDER=0 -DSTAGGER_CYCLES=100 -DSUB_MMA_UNROLL=3 -DW0_LOOP_UNROLL=1 ... 0.765 ms / 1432 TFLOPS  (192 regs, 3.0s)
[99/540] -DCVT_ADD_FUSED=0 -DK_LOOP_UNROLL=2 -DPHASE1_UNROLL=4 -DSNAKE_ORDER=0 -DSTAGGER_CYCLES=100 -DSUB_MMA_UNROLL=3 -DW0_LOOP_UNROLL=4 ... 0.674 ms / 1624 TFLOPS  (210 regs, 3.0s)
[100/540] -DCVT_ADD_FUSED=0 -DK_LOOP_UNROLL=2 -DPHASE1_UNROLL=4 -DSTAGGER_CYCLES=100 ... 0.666 ms / 1644 TFLOPS  (210 regs, 3.0s)
[101/540] -DCVT_ADD_FUSED=0 -DK_LOOP_UNROLL=2 -DPHASE1_UNROLL=4 -DSTAGGER_CYCLES=100 -DW0_LOOP_UNROLL=1 ... 0.765 ms / 1431 TFLOPS  (192 regs, 3.0s)
[102/540] -DCVT_ADD_FUSED=0 -DK_LOOP_UNROLL=2 -DPHASE1_UNROLL=4 -DSTAGGER_CYCLES=100 -DW0_LOOP_UNROLL=4 ... 0.675 ms / 1623 TFLOPS  (210 regs, 3.0s)
[103/540] -DCVT_ADD_FUSED=0 -DK_LOOP_UNROLL=2 -DPHASE1_UNROLL=4 -DSTAGGER_CYCLES=100 -DSUB_MMA_UNROLL=1 ... 0.713 ms / 1536 TFLOPS  (202 regs, 3.1s)
[104/540] -DCVT_ADD_FUSED=0 -DK_LOOP_UNROLL=2 -DPHASE1_UNROLL=4 -DSTAGGER_CYCLES=100 -DSUB_MMA_UNROLL=1 -DW0_LOOP_UNROLL=1 ... 0.782 ms / 1400 TFLOPS  (184 regs, 3.0s)
[105/540] -DCVT_ADD_FUSED=0 -DK_LOOP_UNROLL=2 -DPHASE1_UNROLL=4 -DSTAGGER_CYCLES=100 -DSUB_MMA_UNROLL=1 -DW0_LOOP_UNROLL=4 ... 0.710 ms / 1543 TFLOPS  (202 regs, 3.0s)
[106/540] -DCVT_ADD_FUSED=0 -DK_LOOP_UNROLL=2 -DPHASE1_UNROLL=4 -DSTAGGER_CYCLES=100 -DSUB_MMA_UNROLL=3 ... 0.673 ms / 1627 TFLOPS  (210 regs, 3.0s)
[107/540] -DCVT_ADD_FUSED=0 -DK_LOOP_UNROLL=2 -DPHASE1_UNROLL=4 -DSTAGGER_CYCLES=100 -DSUB_MMA_UNROLL=3 -DW0_LOOP_UNROLL=1 ... 0.766 ms / 1430 TFLOPS  (192 regs, 3.0s)
[108/540] -DCVT_ADD_FUSED=0 -DK_LOOP_UNROLL=2 -DPHASE1_UNROLL=4 -DSTAGGER_CYCLES=100 -DSUB_MMA_UNROLL=3 -DW0_LOOP_UNROLL=4 ... 0.679 ms / 1612 TFLOPS  (210 regs, 2.9s)
[109/540] -DCVT_ADD_FUSED=0 -DPHASE1_UNROLL=1 -DSNAKE_ORDER=0 -DSTAGGER_CYCLES=100 ... 0.735 ms / 1490 TFLOPS  (179 regs, 2.9s)
[110/540] -DCVT_ADD_FUSED=0 -DPHASE1_UNROLL=1 -DSNAKE_ORDER=0 -DSTAGGER_CYCLES=100 -DW0_LOOP_UNROLL=1 ... 0.688 ms / 1592 TFLOPS  (164 regs, 2.9s)
[111/540] -DCVT_ADD_FUSED=0 -DPHASE1_UNROLL=1 -DSNAKE_ORDER=0 -DSTAGGER_CYCLES=100 -DW0_LOOP_UNROLL=4 ... 0.727 ms / 1506 TFLOPS  (179 regs, 2.9s)
[112/540] -DCVT_ADD_FUSED=0 -DPHASE1_UNROLL=1 -DSNAKE_ORDER=0 -DSTAGGER_CYCLES=100 -DSUB_MMA_UNROLL=1 ... 0.731 ms / 1498 TFLOPS  (134 regs, 2.9s)
[113/540] -DCVT_ADD_FUSED=0 -DPHASE1_UNROLL=1 -DSNAKE_ORDER=0 -DSTAGGER_CYCLES=100 -DSUB_MMA_UNROLL=1 -DW0_LOOP_UNROLL=1 ... 0.692 ms / 1583 TFLOPS  (120 regs, 2.9s)
[114/540] -DCVT_ADD_FUSED=0 -DPHASE1_UNROLL=1 -DSNAKE_ORDER=0 -DSTAGGER_CYCLES=100 -DSUB_MMA_UNROLL=1 -DW0_LOOP_UNROLL=4 ... 0.734 ms / 1493 TFLOPS  (134 regs, 2.9s)
[115/540] -DCVT_ADD_FUSED=0 -DPHASE1_UNROLL=1 -DSNAKE_ORDER=0 -DSTAGGER_CYCLES=100 -DSUB_MMA_UNROLL=3 ... 0.737 ms / 1486 TFLOPS  (179 regs, 2.9s)
[116/540] -DCVT_ADD_FUSED=0 -DPHASE1_UNROLL=1 -DSNAKE_ORDER=0 -DSTAGGER_CYCLES=100 -DSUB_MMA_UNROLL=3 -DW0_LOOP_UNROLL=1 ... 0.679 ms / 1613 TFLOPS  (164 regs, 2.9s)
[117/540] -DCVT_ADD_FUSED=0 -DPHASE1_UNROLL=1 -DSNAKE_ORDER=0 -DSTAGGER_CYCLES=100 -DSUB_MMA_UNROLL=3 -DW0_LOOP_UNROLL=4 ... 0.732 ms / 1497 TFLOPS  (179 regs, 2.9s)
[118/540] -DCVT_ADD_FUSED=0 -DPHASE1_UNROLL=1 -DSTAGGER_CYCLES=100 ... 0.611 ms / 1793 TFLOPS  (179 regs, 2.9s)
[119/540] -DCVT_ADD_FUSED=0 -DPHASE1_UNROLL=1 -DSTAGGER_CYCLES=100 -DW0_LOOP_UNROLL=1 ... 0.684 ms / 1601 TFLOPS  (164 regs, 3.0s)
[120/540] -DCVT_ADD_FUSED=0 -DPHASE1_UNROLL=1 -DSTAGGER_CYCLES=100 -DW0_LOOP_UNROLL=4 ... 0.618 ms / 1773 TFLOPS  (179 regs, 2.9s)
[121/540] -DCVT_ADD_FUSED=0 -DPHASE1_UNROLL=1 -DSTAGGER_CYCLES=100 -DSUB_MMA_UNROLL=1 ... 0.619 ms / 1769 TFLOPS  (134 regs, 2.9s)
[122/540] -DCVT_ADD_FUSED=0 -DPHASE1_UNROLL=1 -DSTAGGER_CYCLES=100 -DSUB_MMA_UNROLL=1 -DW0_LOOP_UNROLL=1 ... 0.690 ms / 1587 TFLOPS  (120 regs, 2.9s)
[123/540] -DCVT_ADD_FUSED=0 -DPHASE1_UNROLL=1 -DSTAGGER_CYCLES=100 -DSUB_MMA_UNROLL=1 -DW0_LOOP_UNROLL=4 ... 0.613 ms / 1786 TFLOPS  (134 regs, 2.9s)
[124/540] -DCVT_ADD_FUSED=0 -DPHASE1_UNROLL=1 -DSTAGGER_CYCLES=100 -DSUB_MMA_UNROLL=3 ... 0.612 ms / 1790 TFLOPS  (179 regs, 2.9s)
[125/540] -DCVT_ADD_FUSED=0 -DPHASE1_UNROLL=1 -DSTAGGER_CYCLES=100 -DSUB_MMA_UNROLL=3 -DW0_LOOP_UNROLL=1 ... 0.689 ms / 1590 TFLOPS  (164 regs, 2.9s)
[126/540] -DCVT_ADD_FUSED=0 -DPHASE1_UNROLL=1 -DSTAGGER_CYCLES=100 -DSUB_MMA_UNROLL=3 -DW0_LOOP_UNROLL=4 ... 0.626 ms / 1748 TFLOPS  (179 regs, 2.9s)
[127/540] -DCVT_ADD_FUSED=0 -DSNAKE_ORDER=0 -DSTAGGER_CYCLES=100 ... 0.568 ms / 1929 TFLOPS  (209 regs, 2.9s)
[128/540] -DCVT_ADD_FUSED=0 -DSNAKE_ORDER=0 -DSTAGGER_CYCLES=100 -DW0_LOOP_UNROLL=1 ... 0.698 ms / 1569 TFLOPS  (194 regs, 2.9s)
[129/540] -DCVT_ADD_FUSED=0 -DSNAKE_ORDER=0 -DSTAGGER_CYCLES=100 -DW0_LOOP_UNROLL=4 ... 0.573 ms / 1912 TFLOPS  (209 regs, 2.9s)
[130/540] -DCVT_ADD_FUSED=0 -DSNAKE_ORDER=0 -DSTAGGER_CYCLES=100 -DSUB_MMA_UNROLL=1 ... 0.586 ms / 1870 TFLOPS  (165 regs, 2.9s)
[131/540] -DCVT_ADD_FUSED=0 -DSNAKE_ORDER=0 -DSTAGGER_CYCLES=100 -DSUB_MMA_UNROLL=1 -DW0_LOOP_UNROLL=1 ... 0.692 ms / 1583 TFLOPS  (149 regs, 3.0s)
[132/540] -DCVT_ADD_FUSED=0 -DSNAKE_ORDER=0 -DSTAGGER_CYCLES=100 -DSUB_MMA_UNROLL=1 -DW0_LOOP_UNROLL=4 ... 0.568 ms / 1928 TFLOPS  (165 regs, 3.0s)
[133/540] -DCVT_ADD_FUSED=0 -DSNAKE_ORDER=0 -DSTAGGER_CYCLES=100 -DSUB_MMA_UNROLL=3 ... 0.568 ms / 1929 TFLOPS  (209 regs, 3.0s)
[134/540] -DCVT_ADD_FUSED=0 -DSNAKE_ORDER=0 -DSTAGGER_CYCLES=100 -DSUB_MMA_UNROLL=3 -DW0_LOOP_UNROLL=1 ... 0.692 ms / 1584 TFLOPS  (194 regs, 3.0s)
[135/540] -DCVT_ADD_FUSED=0 -DSNAKE_ORDER=0 -DSTAGGER_CYCLES=100 -DSUB_MMA_UNROLL=3 -DW0_LOOP_UNROLL=4 ... 0.577 ms / 1898 TFLOPS  (209 regs, 3.0s)
[136/540] -DCVT_ADD_FUSED=0 -DSTAGGER_CYCLES=100 ... 0.526 ms / 2080 TFLOPS  (209 regs, 2.9s)
[137/540] -DCVT_ADD_FUSED=0 -DSTAGGER_CYCLES=100 -DW0_LOOP_UNROLL=1 ... 0.685 ms / 1598 TFLOPS  (194 regs, 2.9s)
[138/540] -DCVT_ADD_FUSED=0 -DSTAGGER_CYCLES=100 -DW0_LOOP_UNROLL=4 ... 0.529 ms / 2072 TFLOPS  (209 regs, 3.0s)
[139/540] -DCVT_ADD_FUSED=0 -DSTAGGER_CYCLES=100 -DSUB_MMA_UNROLL=1 ... 0.533 ms / 2053 TFLOPS  (165 regs, 3.0s)
[140/540] -DCVT_ADD_FUSED=0 -DSTAGGER_CYCLES=100 -DSUB_MMA_UNROLL=1 -DW0_LOOP_UNROLL=1 ... 0.687 ms / 1594 TFLOPS  (149 regs, 2.9s)
[141/540] -DCVT_ADD_FUSED=0 -DSTAGGER_CYCLES=100 -DSUB_MMA_UNROLL=1 -DW0_LOOP_UNROLL=4 ... 0.534 ms / 2049 TFLOPS  (165 regs, 2.9s)
[142/540] -DCVT_ADD_FUSED=0 -DSTAGGER_CYCLES=100 -DSUB_MMA_UNROLL=3 ... 0.527 ms / 2077 TFLOPS  (209 regs, 2.9s)
[143/540] -DCVT_ADD_FUSED=0 -DSTAGGER_CYCLES=100 -DSUB_MMA_UNROLL=3 -DW0_LOOP_UNROLL=1 ... 0.683 ms / 1604 TFLOPS  (194 regs, 3.0s)
[144/540] -DCVT_ADD_FUSED=0 -DSTAGGER_CYCLES=100 -DSUB_MMA_UNROLL=3 -DW0_LOOP_UNROLL=4 ... 0.531 ms / 2062 TFLOPS  (209 regs, 2.9s)
[145/540] -DCVT_ADD_FUSED=0 -DPHASE1_UNROLL=4 -DSNAKE_ORDER=0 -DSTAGGER_CYCLES=100 ... 0.541 ms / 2024 TFLOPS  (255 regs, 3.0s)
[146/540] -DCVT_ADD_FUSED=0 -DPHASE1_UNROLL=4 -DSNAKE_ORDER=0 -DSTAGGER_CYCLES=100 -DW0_LOOP_UNROLL=1 ... 0.700 ms / 1563 TFLOPS  (244 regs, 3.0s)
[147/540] -DCVT_ADD_FUSED=0 -DPHASE1_UNROLL=4 -DSNAKE_ORDER=0 -DSTAGGER_CYCLES=100 -DW0_LOOP_UNROLL=4 ... 0.541 ms / 2026 TFLOPS  (255 regs, 3.1s)
[148/540] -DCVT_ADD_FUSED=0 -DPHASE1_UNROLL=4 -DSNAKE_ORDER=0 -DSTAGGER_CYCLES=100 -DSUB_MMA_UNROLL=1 ... 0.543 ms / 2018 TFLOPS  (214 regs, 3.0s)
[149/540] -DCVT_ADD_FUSED=0 -DPHASE1_UNROLL=4 -DSNAKE_ORDER=0 -DSTAGGER_CYCLES=100 -DSUB_MMA_UNROLL=1 -DW0_LOOP_UNROLL=1 ... 0.705 ms / 1554 TFLOPS  (200 regs, 3.0s)
[150/540] -DCVT_ADD_FUSED=0 -DPHASE1_UNROLL=4 -DSNAKE_ORDER=0 -DSTAGGER_CYCLES=100 -DSUB_MMA_UNROLL=1 -DW0_LOOP_UNROLL=4 ... 0.542 ms / 2021 TFLOPS  (214 regs, 3.0s)
[151/540] -DCVT_ADD_FUSED=0 -DPHASE1_UNROLL=4 -DSNAKE_ORDER=0 -DSTAGGER_CYCLES=100 -DSUB_MMA_UNROLL=3 ... 0.542 ms / 2019 TFLOPS  (255 regs, 3.0s)
[152/540] -DCVT_ADD_FUSED=0 -DPHASE1_UNROLL=4 -DSNAKE_ORDER=0 -DSTAGGER_CYCLES=100 -DSUB_MMA_UNROLL=3 -DW0_LOOP_UNROLL=1 ... 0.704 ms / 1555 TFLOPS  (244 regs, 3.0s)
[153/540] -DCVT_ADD_FUSED=0 -DPHASE1_UNROLL=4 -DSNAKE_ORDER=0 -DSTAGGER_CYCLES=100 -DSUB_MMA_UNROLL=3 -DW0_LOOP_UNROLL=4 ... 0.543 ms / 2017 TFLOPS  (255 regs, 3.0s)
[154/540] -DCVT_ADD_FUSED=0 -DPHASE1_UNROLL=4 -DSTAGGER_CYCLES=100 ... 0.531 ms / 2060 TFLOPS  (255 regs, 3.0s)
[155/540] -DCVT_ADD_FUSED=0 -DPHASE1_UNROLL=4 -DSTAGGER_CYCLES=100 -DW0_LOOP_UNROLL=1 ... 0.701 ms / 1563 TFLOPS  (244 regs, 3.0s)
[156/540] -DCVT_ADD_FUSED=0 -DPHASE1_UNROLL=4 -DSTAGGER_CYCLES=100 -DW0_LOOP_UNROLL=4 ... 0.530 ms / 2067 TFLOPS  (255 regs, 3.0s)
[157/540] -DCVT_ADD_FUSED=0 -DPHASE1_UNROLL=4 -DSTAGGER_CYCLES=100 -DSUB_MMA_UNROLL=1 ... 0.535 ms / 2047 TFLOPS  (214 regs, 3.0s)
[158/540] -DCVT_ADD_FUSED=0 -DPHASE1_UNROLL=4 -DSTAGGER_CYCLES=100 -DSUB_MMA_UNROLL=1 -DW0_LOOP_UNROLL=1 ... 0.695 ms / 1575 TFLOPS  (200 regs, 3.0s)
[159/540] -DCVT_ADD_FUSED=0 -DPHASE1_UNROLL=4 -DSTAGGER_CYCLES=100 -DSUB_MMA_UNROLL=1 -DW0_LOOP_UNROLL=4 ... 0.535 ms / 2045 TFLOPS  (214 regs, 3.0s)
[160/540] -DCVT_ADD_FUSED=0 -DPHASE1_UNROLL=4 -DSTAGGER_CYCLES=100 -DSUB_MMA_UNROLL=3 ... 0.532 ms / 2057 TFLOPS  (255 regs, 3.0s)
[161/540] -DCVT_ADD_FUSED=0 -DPHASE1_UNROLL=4 -DSTAGGER_CYCLES=100 -DSUB_MMA_UNROLL=3 -DW0_LOOP_UNROLL=1 ... 0.694 ms / 1578 TFLOPS  (244 regs, 3.0s)
[162/540] -DCVT_ADD_FUSED=0 -DPHASE1_UNROLL=4 -DSTAGGER_CYCLES=100 -DSUB_MMA_UNROLL=3 -DW0_LOOP_UNROLL=4 ... 0.530 ms / 2065 TFLOPS  (255 regs, 3.0s)
[163/540] -DCVT_ADD_FUSED=0 -DK_LOOP_UNROLL=6 -DPHASE1_UNROLL=1 -DSNAKE_ORDER=0 -DSTAGGER_CYCLES=100 ... 0.730 ms / 1500 TFLOPS  (149 regs, 2.9s)
[164/540] -DCVT_ADD_FUSED=0 -DK_LOOP_UNROLL=6 -DPHASE1_UNROLL=1 -DSNAKE_ORDER=0 -DSTAGGER_CYCLES=100 -DW0_LOOP_UNROLL=1 ... 0.696 ms / 1574 TFLOPS  (128 regs, 2.9s)
[165/540] -DCVT_ADD_FUSED=0 -DK_LOOP_UNROLL=6 -DPHASE1_UNROLL=1 -DSNAKE_ORDER=0 -DSTAGGER_CYCLES=100 -DW0_LOOP_UNROLL=4 ... 0.733 ms / 1494 TFLOPS  (144 regs, 2.8s)
[166/540] -DCVT_ADD_FUSED=0 -DK_LOOP_UNROLL=6 -DPHASE1_UNROLL=1 -DSNAKE_ORDER=0 -DSTAGGER_CYCLES=100 -DSUB_MMA_UNROLL=1 ... 0.730 ms / 1500 TFLOPS  (134 regs, 2.9s)
[167/540] -DCVT_ADD_FUSED=0 -DK_LOOP_UNROLL=6 -DPHASE1_UNROLL=1 -DSNAKE_ORDER=0 -DSTAGGER_CYCLES=100 -DSUB_MMA_UNROLL=1 -DW0_LOOP_UNROLL=1 ... 0.683 ms / 1603 TFLOPS  (120 regs, 2.9s)
[168/540] -DCVT_ADD_FUSED=0 -DK_LOOP_UNROLL=6 -DPHASE1_UNROLL=1 -DSNAKE_ORDER=0 -DSTAGGER_CYCLES=100 -DSUB_MMA_UNROLL=1 -DW0_LOOP_UNROLL=4 ... 0.731 ms / 1497 TFLOPS  (134 regs, 2.9s)
[169/540] -DCVT_ADD_FUSED=0 -DK_LOOP_UNROLL=6 -DPHASE1_UNROLL=1 -DSNAKE_ORDER=0 -DSTAGGER_CYCLES=100 -DSUB_MMA_UNROLL=3 ... 0.730 ms / 1500 TFLOPS  (149 regs, 3.0s)
[170/540] -DCVT_ADD_FUSED=0 -DK_LOOP_UNROLL=6 -DPHASE1_UNROLL=1 -DSNAKE_ORDER=0 -DSTAGGER_CYCLES=100 -DSUB_MMA_UNROLL=3 -DW0_LOOP_UNROLL=1 ... 0.681 ms / 1608 TFLOPS  (128 regs, 2.8s)
[171/540] -DCVT_ADD_FUSED=0 -DK_LOOP_UNROLL=6 -DPHASE1_UNROLL=1 -DSNAKE_ORDER=0 -DSTAGGER_CYCLES=100 -DSUB_MMA_UNROLL=3 -DW0_LOOP_UNROLL=4 ... 0.734 ms / 1493 TFLOPS  (144 regs, 2.9s)
[172/540] -DCVT_ADD_FUSED=0 -DK_LOOP_UNROLL=6 -DPHASE1_UNROLL=1 -DSTAGGER_CYCLES=100 ... 0.626 ms / 1751 TFLOPS  (149 regs, 2.9s)
[173/540] -DCVT_ADD_FUSED=0 -DK_LOOP_UNROLL=6 -DPHASE1_UNROLL=1 -DSTAGGER_CYCLES=100 -DW0_LOOP_UNROLL=1 ... 0.690 ms / 1587 TFLOPS  (128 regs, 2.9s)
[174/540] -DCVT_ADD_FUSED=0 -DK_LOOP_UNROLL=6 -DPHASE1_UNROLL=1 -DSTAGGER_CYCLES=100 -DW0_LOOP_UNROLL=4 ... 0.625 ms / 1751 TFLOPS  (144 regs, 2.9s)
[175/540] -DCVT_ADD_FUSED=0 -DK_LOOP_UNROLL=6 -DPHASE1_UNROLL=1 -DSTAGGER_CYCLES=100 -DSUB_MMA_UNROLL=1 ... 0.624 ms / 1754 TFLOPS  (134 regs, 2.9s)
[176/540] -DCVT_ADD_FUSED=0 -DK_LOOP_UNROLL=6 -DPHASE1_UNROLL=1 -DSTAGGER_CYCLES=100 -DSUB_MMA_UNROLL=1 -DW0_LOOP_UNROLL=1 ... 0.692 ms / 1583 TFLOPS  (120 regs, 2.9s)
[177/540] -DCVT_ADD_FUSED=0 -DK_LOOP_UNROLL=6 -DPHASE1_UNROLL=1 -DSTAGGER_CYCLES=100 -DSUB_MMA_UNROLL=1 -DW0_LOOP_UNROLL=4 ... 0.625 ms / 1751 TFLOPS  (134 regs, 3.0s)
[178/540] -DCVT_ADD_FUSED=0 -DK_LOOP_UNROLL=6 -DPHASE1_UNROLL=1 -DSTAGGER_CYCLES=100 -DSUB_MMA_UNROLL=3 ... 0.625 ms / 1753 TFLOPS  (149 regs, 2.9s)
[179/540] -DCVT_ADD_FUSED=0 -DK_LOOP_UNROLL=6 -DPHASE1_UNROLL=1 -DSTAGGER_CYCLES=100 -DSUB_MMA_UNROLL=3 -DW0_LOOP_UNROLL=1 ... 0.690 ms / 1586 TFLOPS  (128 regs, 3.0s)
[180/540] -DCVT_ADD_FUSED=0 -DK_LOOP_UNROLL=6 -DPHASE1_UNROLL=1 -DSTAGGER_CYCLES=100 -DSUB_MMA_UNROLL=3 -DW0_LOOP_UNROLL=4 ... 0.623 ms / 1759 TFLOPS  (144 regs, 2.9s)
[181/540] -DCVT_ADD_FUSED=0 -DK_LOOP_UNROLL=6 -DSNAKE_ORDER=0 -DSTAGGER_CYCLES=100 ... 0.566 ms / 1936 TFLOPS  (173 regs, 3.0s)
[182/540] -DCVT_ADD_FUSED=0 -DK_LOOP_UNROLL=6 -DSNAKE_ORDER=0 -DSTAGGER_CYCLES=100 -DW0_LOOP_UNROLL=1 ... 0.696 ms / 1573 TFLOPS  (157 regs, 2.9s)
[183/540] -DCVT_ADD_FUSED=0 -DK_LOOP_UNROLL=6 -DSNAKE_ORDER=0 -DSTAGGER_CYCLES=100 -DW0_LOOP_UNROLL=4 ... 0.569 ms / 1926 TFLOPS  (173 regs, 2.9s)
[184/540] -DCVT_ADD_FUSED=0 -DK_LOOP_UNROLL=6 -DSNAKE_ORDER=0 -DSTAGGER_CYCLES=100 -DSUB_MMA_UNROLL=1 ... 0.569 ms / 1923 TFLOPS  (165 regs, 2.9s)
[185/540] -DCVT_ADD_FUSED=0 -DK_LOOP_UNROLL=6 -DSNAKE_ORDER=0 -DSTAGGER_CYCLES=100 -DSUB_MMA_UNROLL=1 -DW0_LOOP_UNROLL=1 ... 0.686 ms / 1596 TFLOPS  (149 regs, 2.9s)
[186/540] -DCVT_ADD_FUSED=0 -DK_LOOP_UNROLL=6 -DSNAKE_ORDER=0 -DSTAGGER_CYCLES=100 -DSUB_MMA_UNROLL=1 -DW0_LOOP_UNROLL=4 ... 0.580 ms / 1889 TFLOPS  (165 regs, 3.0s)
[187/540] -DCVT_ADD_FUSED=0 -DK_LOOP_UNROLL=6 -DSNAKE_ORDER=0 -DSTAGGER_CYCLES=100 -DSUB_MMA_UNROLL=3 ... 0.587 ms / 1865 TFLOPS  (173 regs, 2.9s)
[188/540] -DCVT_ADD_FUSED=0 -DK_LOOP_UNROLL=6 -DSNAKE_ORDER=0 -DSTAGGER_CYCLES=100 -DSUB_MMA_UNROLL=3 -DW0_LOOP_UNROLL=1 ... 0.684 ms / 1600 TFLOPS  (157 regs, 3.0s)
[189/540] -DCVT_ADD_FUSED=0 -DK_LOOP_UNROLL=6 -DSNAKE_ORDER=0 -DSTAGGER_CYCLES=100 -DSUB_MMA_UNROLL=3 -DW0_LOOP_UNROLL=4 ... 0.574 ms / 1907 TFLOPS  (173 regs, 3.0s)
[190/540] -DCVT_ADD_FUSED=0 -DK_LOOP_UNROLL=6 -DSTAGGER_CYCLES=100 ... 0.526 ms / 2081 TFLOPS  (173 regs, 2.9s)
[191/540] -DCVT_ADD_FUSED=0 -DK_LOOP_UNROLL=6 -DSTAGGER_CYCLES=100 -DW0_LOOP_UNROLL=1 ... 0.692 ms / 1583 TFLOPS  (157 regs, 3.0s)
[192/540] -DCVT_ADD_FUSED=0 -DK_LOOP_UNROLL=6 -DSTAGGER_CYCLES=100 -DW0_LOOP_UNROLL=4 ... 0.529 ms / 2068 TFLOPS  (173 regs, 2.9s)
[193/540] -DCVT_ADD_FUSED=0 -DK_LOOP_UNROLL=6 -DSTAGGER_CYCLES=100 -DSUB_MMA_UNROLL=1 ... 0.528 ms / 2075 TFLOPS  (165 regs, 3.0s)
[194/540] -DCVT_ADD_FUSED=0 -DK_LOOP_UNROLL=6 -DSTAGGER_CYCLES=100 -DSUB_MMA_UNROLL=1 -DW0_LOOP_UNROLL=1 ... 0.686 ms / 1595 TFLOPS  (149 regs, 3.0s)
[195/540] -DCVT_ADD_FUSED=0 -DK_LOOP_UNROLL=6 -DSTAGGER_CYCLES=100 -DSUB_MMA_UNROLL=1 -DW0_LOOP_UNROLL=4 ... 0.528 ms / 2072 TFLOPS  (165 regs, 3.0s)
[196/540] -DCVT_ADD_FUSED=0 -DK_LOOP_UNROLL=6 -DSTAGGER_CYCLES=100 -DSUB_MMA_UNROLL=3 ... 0.527 ms / 2077 TFLOPS  (173 regs, 3.0s)
[197/540] -DCVT_ADD_FUSED=0 -DK_LOOP_UNROLL=6 -DSTAGGER_CYCLES=100 -DSUB_MMA_UNROLL=3 -DW0_LOOP_UNROLL=1 ... 0.686 ms / 1596 TFLOPS  (157 regs, 3.0s)
[198/540] -DCVT_ADD_FUSED=0 -DK_LOOP_UNROLL=6 -DSTAGGER_CYCLES=100 -DSUB_MMA_UNROLL=3 -DW0_LOOP_UNROLL=4 ... 0.529 ms / 2070 TFLOPS  (173 regs, 2.9s)
[199/540] -DCVT_ADD_FUSED=0 -DK_LOOP_UNROLL=6 -DPHASE1_UNROLL=4 -DSNAKE_ORDER=0 -DSTAGGER_CYCLES=100 ... 0.538 ms / 2035 TFLOPS  (222 regs, 3.0s)
[200/540] -DCVT_ADD_FUSED=0 -DK_LOOP_UNROLL=6 -DPHASE1_UNROLL=4 -DSNAKE_ORDER=0 -DSTAGGER_CYCLES=100 -DW0_LOOP_UNROLL=1 ... 0.699 ms / 1566 TFLOPS  (208 regs, 3.0s)
[201/540] -DCVT_ADD_FUSED=0 -DK_LOOP_UNROLL=6 -DPHASE1_UNROLL=4 -DSNAKE_ORDER=0 -DSTAGGER_CYCLES=100 -DW0_LOOP_UNROLL=4 ... 0.536 ms / 2043 TFLOPS  (222 regs, 3.0s)
[202/540] -DCVT_ADD_FUSED=0 -DK_LOOP_UNROLL=6 -DPHASE1_UNROLL=4 -DSNAKE_ORDER=0 -DSTAGGER_CYCLES=100 -DSUB_MMA_UNROLL=1 ... 0.535 ms / 2045 TFLOPS  (214 regs, 3.0s)
[203/540] -DCVT_ADD_FUSED=0 -DK_LOOP_UNROLL=6 -DPHASE1_UNROLL=4 -DSNAKE_ORDER=0 -DSTAGGER_CYCLES=100 -DSUB_MMA_UNROLL=1 -DW0_LOOP_UNROLL=1 ... 0.697 ms / 1572 TFLOPS  (200 regs, 3.0s)
[204/540] -DCVT_ADD_FUSED=0 -DK_LOOP_UNROLL=6 -DPHASE1_UNROLL=4 -DSNAKE_ORDER=0 -DSTAGGER_CYCLES=100 -DSUB_MMA_UNROLL=1 -DW0_LOOP_UNROLL=4 ... 0.537 ms / 2039 TFLOPS  (214 regs, 3.0s)
[205/540] -DCVT_ADD_FUSED=0 -DK_LOOP_UNROLL=6 -DPHASE1_UNROLL=4 -DSNAKE_ORDER=0 -DSTAGGER_CYCLES=100 -DSUB_MMA_UNROLL=3 ... 0.539 ms / 2030 TFLOPS  (222 regs, 3.0s)
[206/540] -DCVT_ADD_FUSED=0 -DK_LOOP_UNROLL=6 -DPHASE1_UNROLL=4 -DSNAKE_ORDER=0 -DSTAGGER_CYCLES=100 -DSUB_MMA_UNROLL=3 -DW0_LOOP_UNROLL=1 ... 0.700 ms / 1564 TFLOPS  (208 regs, 3.0s)
[207/540] -DCVT_ADD_FUSED=0 -DK_LOOP_UNROLL=6 -DPHASE1_UNROLL=4 -DSNAKE_ORDER=0 -DSTAGGER_CYCLES=100 -DSUB_MMA_UNROLL=3 -DW0_LOOP_UNROLL=4 ... 0.538 ms / 2034 TFLOPS  (222 regs, 3.0s)
[208/540] -DCVT_ADD_FUSED=0 -DK_LOOP_UNROLL=6 -DPHASE1_UNROLL=4 -DSTAGGER_CYCLES=100 ... 0.529 ms / 2068 TFLOPS  (222 regs, 3.0s)
[209/540] -DCVT_ADD_FUSED=0 -DK_LOOP_UNROLL=6 -DPHASE1_UNROLL=4 -DSTAGGER_CYCLES=100 -DW0_LOOP_UNROLL=1 ... 0.693 ms / 1581 TFLOPS  (208 regs, 3.0s)
[210/540] -DCVT_ADD_FUSED=0 -DK_LOOP_UNROLL=6 -DPHASE1_UNROLL=4 -DSTAGGER_CYCLES=100 -DW0_LOOP_UNROLL=4 ... 0.531 ms / 2064 TFLOPS  (222 regs, 3.0s)
[211/540] -DCVT_ADD_FUSED=0 -DK_LOOP_UNROLL=6 -DPHASE1_UNROLL=4 -DSTAGGER_CYCLES=100 -DSUB_MMA_UNROLL=1 ... 0.530 ms / 2066 TFLOPS  (214 regs, 3.0s)
[212/540] -DCVT_ADD_FUSED=0 -DK_LOOP_UNROLL=6 -DPHASE1_UNROLL=4 -DSTAGGER_CYCLES=100 -DSUB_MMA_UNROLL=1 -DW0_LOOP_UNROLL=1 ... 0.697 ms / 1571 TFLOPS  (200 regs, 3.0s)
[213/540] -DCVT_ADD_FUSED=0 -DK_LOOP_UNROLL=6 -DPHASE1_UNROLL=4 -DSTAGGER_CYCLES=100 -DSUB_MMA_UNROLL=1 -DW0_LOOP_UNROLL=4 ... 0.531 ms / 2062 TFLOPS  (214 regs, 3.0s)
[214/540] -DCVT_ADD_FUSED=0 -DK_LOOP_UNROLL=6 -DPHASE1_UNROLL=4 -DSTAGGER_CYCLES=100 -DSUB_MMA_UNROLL=3 ... 0.529 ms / 2070 TFLOPS  (222 regs, 3.1s)
[215/540] -DCVT_ADD_FUSED=0 -DK_LOOP_UNROLL=6 -DPHASE1_UNROLL=4 -DSTAGGER_CYCLES=100 -DSUB_MMA_UNROLL=3 -DW0_LOOP_UNROLL=1 ... 0.700 ms / 1565 TFLOPS  (208 regs, 3.1s)
[216/540] -DCVT_ADD_FUSED=0 -DK_LOOP_UNROLL=6 -DPHASE1_UNROLL=4 -DSTAGGER_CYCLES=100 -DSUB_MMA_UNROLL=3 -DW0_LOOP_UNROLL=4 ... 0.530 ms / 2064 TFLOPS  (222 regs, 3.0s)
[217/540] -DCVT_ADD_FUSED=0 -DK_LOOP_UNROLL=8 -DPHASE1_UNROLL=1 -DSNAKE_ORDER=0 -DSTAGGER_CYCLES=100 ... 0.731 ms / 1498 TFLOPS  (180 regs, 2.9s)
[218/540] -DCVT_ADD_FUSED=0 -DK_LOOP_UNROLL=8 -DPHASE1_UNROLL=1 -DSNAKE_ORDER=0 -DSTAGGER_CYCLES=100 -DW0_LOOP_UNROLL=1 ... 0.685 ms / 1599 TFLOPS  (164 regs, 2.9s)
[219/540] -DCVT_ADD_FUSED=0 -DK_LOOP_UNROLL=8 -DPHASE1_UNROLL=1 -DSNAKE_ORDER=0 -DSTAGGER_CYCLES=100 -DW0_LOOP_UNROLL=4 ... 0.730 ms / 1499 TFLOPS  (179 regs, 2.9s)
[220/540] -DCVT_ADD_FUSED=0 -DK_LOOP_UNROLL=8 -DPHASE1_UNROLL=1 -DSNAKE_ORDER=0 -DSTAGGER_CYCLES=100 -DSUB_MMA_UNROLL=1 ... 0.737 ms / 1486 TFLOPS  (134 regs, 2.9s)
[221/540] -DCVT_ADD_FUSED=0 -DK_LOOP_UNROLL=8 -DPHASE1_UNROLL=1 -DSNAKE_ORDER=0 -DSTAGGER_CYCLES=100 -DSUB_MMA_UNROLL=1 -DW0_LOOP_UNROLL=1 ... 0.682 ms / 1605 TFLOPS  (120 regs, 2.9s)
[222/540] -DCVT_ADD_FUSED=0 -DK_LOOP_UNROLL=8 -DPHASE1_UNROLL=1 -DSNAKE_ORDER=0 -DSTAGGER_CYCLES=100 -DSUB_MMA_UNROLL=1 -DW0_LOOP_UNROLL=4 ... 0.734 ms / 1491 TFLOPS  (134 regs, 2.9s)
[223/540] -DCVT_ADD_FUSED=0 -DK_LOOP_UNROLL=8 -DPHASE1_UNROLL=1 -DSNAKE_ORDER=0 -DSTAGGER_CYCLES=100 -DSUB_MMA_UNROLL=3 ... 0.733 ms / 1493 TFLOPS  (180 regs, 2.9s)
[224/540] -DCVT_ADD_FUSED=0 -DK_LOOP_UNROLL=8 -DPHASE1_UNROLL=1 -DSNAKE_ORDER=0 -DSTAGGER_CYCLES=100 -DSUB_MMA_UNROLL=3 -DW0_LOOP_UNROLL=1 ... 0.689 ms / 1588 TFLOPS  (164 regs, 2.9s)
[225/540] -DCVT_ADD_FUSED=0 -DK_LOOP_UNROLL=8 -DPHASE1_UNROLL=1 -DSNAKE_ORDER=0 -DSTAGGER_CYCLES=100 -DSUB_MMA_UNROLL=3 -DW0_LOOP_UNROLL=4 ... 0.731 ms / 1497 TFLOPS  (179 regs, 2.9s)
[226/540] -DCVT_ADD_FUSED=0 -DK_LOOP_UNROLL=8 -DPHASE1_UNROLL=1 -DSTAGGER_CYCLES=100 ... 0.602 ms / 1818 TFLOPS  (180 regs, 3.0s)
[227/540] -DCVT_ADD_FUSED=0 -DK_LOOP_UNROLL=8 -DPHASE1_UNROLL=1 -DSTAGGER_CYCLES=100 -DW0_LOOP_UNROLL=1 ... 0.682 ms / 1607 TFLOPS  (164 regs, 2.9s)
[228/540] -DCVT_ADD_FUSED=0 -DK_LOOP_UNROLL=8 -DPHASE1_UNROLL=1 -DSTAGGER_CYCLES=100 -DW0_LOOP_UNROLL=4 ... 0.625 ms / 1751 TFLOPS  (179 regs, 2.9s)
[229/540] -DCVT_ADD_FUSED=0 -DK_LOOP_UNROLL=8 -DPHASE1_UNROLL=1 -DSTAGGER_CYCLES=100 -DSUB_MMA_UNROLL=1 ... 0.621 ms / 1763 TFLOPS  (134 regs, 2.9s)
[230/540] -DCVT_ADD_FUSED=0 -DK_LOOP_UNROLL=8 -DPHASE1_UNROLL=1 -DSTAGGER_CYCLES=100 -DSUB_MMA_UNROLL=1 -DW0_LOOP_UNROLL=1 ... 0.695 ms / 1576 TFLOPS  (120 regs, 2.8s)
[231/540] -DCVT_ADD_FUSED=0 -DK_LOOP_UNROLL=8 -DPHASE1_UNROLL=1 -DSTAGGER_CYCLES=100 -DSUB_MMA_UNROLL=1 -DW0_LOOP_UNROLL=4 ... 0.635 ms / 1724 TFLOPS  (134 regs, 2.9s)
[232/540] -DCVT_ADD_FUSED=0 -DK_LOOP_UNROLL=8 -DPHASE1_UNROLL=1 -DSTAGGER_CYCLES=100 -DSUB_MMA_UNROLL=3 ... 0.617 ms / 1774 TFLOPS  (180 regs, 2.9s)
[233/540] -DCVT_ADD_FUSED=0 -DK_LOOP_UNROLL=8 -DPHASE1_UNROLL=1 -DSTAGGER_CYCLES=100 -DSUB_MMA_UNROLL=3 -DW0_LOOP_UNROLL=1 ... 0.683 ms / 1604 TFLOPS  (164 regs, 2.8s)
[234/540] -DCVT_ADD_FUSED=0 -DK_LOOP_UNROLL=8 -DPHASE1_UNROLL=1 -DSTAGGER_CYCLES=100 -DSUB_MMA_UNROLL=3 -DW0_LOOP_UNROLL=4 ... 0.616 ms / 1779 TFLOPS  (179 regs, 2.9s)
[235/540] -DCVT_ADD_FUSED=0 -DK_LOOP_UNROLL=8 -DSNAKE_ORDER=0 -DSTAGGER_CYCLES=100 ... 0.566 ms / 1936 TFLOPS  (209 regs, 2.9s)
[236/540] -DCVT_ADD_FUSED=0 -DK_LOOP_UNROLL=8 -DSNAKE_ORDER=0 -DSTAGGER_CYCLES=100 -DW0_LOOP_UNROLL=1 ... 0.691 ms / 1585 TFLOPS  (194 regs, 3.0s)
[237/540] -DCVT_ADD_FUSED=0 -DK_LOOP_UNROLL=8 -DSNAKE_ORDER=0 -DSTAGGER_CYCLES=100 -DW0_LOOP_UNROLL=4 ... 0.566 ms / 1936 TFLOPS  (209 regs, 2.9s)
[238/540] -DCVT_ADD_FUSED=0 -DK_LOOP_UNROLL=8 -DSNAKE_ORDER=0 -DSTAGGER_CYCLES=100 -DSUB_MMA_UNROLL=1 ... 0.566 ms / 1936 TFLOPS  (165 regs, 3.0s)
[239/540] -DCVT_ADD_FUSED=0 -DK_LOOP_UNROLL=8 -DSNAKE_ORDER=0 -DSTAGGER_CYCLES=100 -DSUB_MMA_UNROLL=1 -DW0_LOOP_UNROLL=1 ... 0.689 ms / 1590 TFLOPS  (149 regs, 3.0s)
[240/540] -DCVT_ADD_FUSED=0 -DK_LOOP_UNROLL=8 -DSNAKE_ORDER=0 -DSTAGGER_CYCLES=100 -DSUB_MMA_UNROLL=1 -DW0_LOOP_UNROLL=4 ... 0.564 ms / 1943 TFLOPS  (165 regs, 3.0s)
[241/540] -DCVT_ADD_FUSED=0 -DK_LOOP_UNROLL=8 -DSNAKE_ORDER=0 -DSTAGGER_CYCLES=100 -DSUB_MMA_UNROLL=3 ... 0.567 ms / 1933 TFLOPS  (209 regs, 3.0s)
[242/540] -DCVT_ADD_FUSED=0 -DK_LOOP_UNROLL=8 -DSNAKE_ORDER=0 -DSTAGGER_CYCLES=100 -DSUB_MMA_UNROLL=3 -DW0_LOOP_UNROLL=1 ... 0.692 ms / 1582 TFLOPS  (194 regs, 3.0s)
[243/540] -DCVT_ADD_FUSED=0 -DK_LOOP_UNROLL=8 -DSNAKE_ORDER=0 -DSTAGGER_CYCLES=100 -DSUB_MMA_UNROLL=3 -DW0_LOOP_UNROLL=4 ... 0.567 ms / 1930 TFLOPS  (209 regs, 2.9s)
[244/540] -DCVT_ADD_FUSED=0 -DK_LOOP_UNROLL=8 -DSTAGGER_CYCLES=100 ... 0.526 ms / 2082 TFLOPS  (209 regs, 3.0s)
[245/540] -DCVT_ADD_FUSED=0 -DK_LOOP_UNROLL=8 -DSTAGGER_CYCLES=100 -DW0_LOOP_UNROLL=1 ... 0.696 ms / 1572 TFLOPS  (194 regs, 2.9s)
[246/540] -DCVT_ADD_FUSED=0 -DK_LOOP_UNROLL=8 -DSTAGGER_CYCLES=100 -DW0_LOOP_UNROLL=4 ... 0.527 ms / 2076 TFLOPS  (209 regs, 3.0s)
[247/540] -DCVT_ADD_FUSED=0 -DK_LOOP_UNROLL=8 -DSTAGGER_CYCLES=100 -DSUB_MMA_UNROLL=1 ... 0.529 ms / 2072 TFLOPS  (165 regs, 2.9s)
[248/540] -DCVT_ADD_FUSED=0 -DK_LOOP_UNROLL=8 -DSTAGGER_CYCLES=100 -DSUB_MMA_UNROLL=1 -DW0_LOOP_UNROLL=1 ... 0.688 ms / 1592 TFLOPS  (149 regs, 3.0s)
[249/540] -DCVT_ADD_FUSED=0 -DK_LOOP_UNROLL=8 -DSTAGGER_CYCLES=100 -DSUB_MMA_UNROLL=1 -DW0_LOOP_UNROLL=4 ... 0.527 ms / 2077 TFLOPS  (165 regs, 3.0s)
[250/540] -DCVT_ADD_FUSED=0 -DK_LOOP_UNROLL=8 -DSTAGGER_CYCLES=100 -DSUB_MMA_UNROLL=3 ... 0.525 ms / 2085 TFLOPS  (209 regs, 3.0s)
[251/540] -DCVT_ADD_FUSED=0 -DK_LOOP_UNROLL=8 -DSTAGGER_CYCLES=100 -DSUB_MMA_UNROLL=3 -DW0_LOOP_UNROLL=1 ... 0.687 ms / 1593 TFLOPS  (194 regs, 3.0s)
[252/540] -DCVT_ADD_FUSED=0 -DK_LOOP_UNROLL=8 -DSTAGGER_CYCLES=100 -DSUB_MMA_UNROLL=3 -DW0_LOOP_UNROLL=4 ... 0.529 ms / 2070 TFLOPS  (209 regs, 3.0s)
[253/540] -DCVT_ADD_FUSED=0 -DK_LOOP_UNROLL=8 -DPHASE1_UNROLL=4 -DSNAKE_ORDER=0 -DSTAGGER_CYCLES=100 ... 0.540 ms / 2026 TFLOPS  (255 regs, 3.1s)
[254/540] -DCVT_ADD_FUSED=0 -DK_LOOP_UNROLL=8 -DPHASE1_UNROLL=4 -DSNAKE_ORDER=0 -DSTAGGER_CYCLES=100 -DW0_LOOP_UNROLL=1 ... 0.696 ms / 1573 TFLOPS  (244 regs, 3.0s)
[255/540] -DCVT_ADD_FUSED=0 -DK_LOOP_UNROLL=8 -DPHASE1_UNROLL=4 -DSNAKE_ORDER=0 -DSTAGGER_CYCLES=100 -DW0_LOOP_UNROLL=4 ... 0.540 ms / 2028 TFLOPS  (255 regs, 3.1s)
[256/540] -DCVT_ADD_FUSED=0 -DK_LOOP_UNROLL=8 -DPHASE1_UNROLL=4 -DSNAKE_ORDER=0 -DSTAGGER_CYCLES=100 -DSUB_MMA_UNROLL=1 ... 0.540 ms / 2030 TFLOPS  (214 regs, 3.1s)
[257/540] -DCVT_ADD_FUSED=0 -DK_LOOP_UNROLL=8 -DPHASE1_UNROLL=4 -DSNAKE_ORDER=0 -DSTAGGER_CYCLES=100 -DSUB_MMA_UNROLL=1 -DW0_LOOP_UNROLL=1 ... 0.705 ms / 1554 TFLOPS  (200 regs, 3.0s)
[258/540] -DCVT_ADD_FUSED=0 -DK_LOOP_UNROLL=8 -DPHASE1_UNROLL=4 -DSNAKE_ORDER=0 -DSTAGGER_CYCLES=100 -DSUB_MMA_UNROLL=1 -DW0_LOOP_UNROLL=4 ... 0.537 ms / 2039 TFLOPS  (214 regs, 3.1s)
[259/540] -DCVT_ADD_FUSED=0 -DK_LOOP_UNROLL=8 -DPHASE1_UNROLL=4 -DSNAKE_ORDER=0 -DSTAGGER_CYCLES=100 -DSUB_MMA_UNROLL=3 ... 0.540 ms / 2028 TFLOPS  (255 regs, 3.1s)
[260/540] -DCVT_ADD_FUSED=0 -DK_LOOP_UNROLL=8 -DPHASE1_UNROLL=4 -DSNAKE_ORDER=0 -DSTAGGER_CYCLES=100 -DSUB_MMA_UNROLL=3 -DW0_LOOP_UNROLL=1 ... 0.699 ms / 1567 TFLOPS  (244 regs, 3.0s)
[261/540] -DCVT_ADD_FUSED=0 -DK_LOOP_UNROLL=8 -DPHASE1_UNROLL=4 -DSNAKE_ORDER=0 -DSTAGGER_CYCLES=100 -DSUB_MMA_UNROLL=3 -DW0_LOOP_UNROLL=4 ... 0.537 ms / 2038 TFLOPS  (255 regs, 3.0s)
[262/540] -DCVT_ADD_FUSED=0 -DK_LOOP_UNROLL=8 -DPHASE1_UNROLL=4 -DSTAGGER_CYCLES=100 ... 0.530 ms / 2065 TFLOPS  (255 regs, 3.0s)
[263/540] -DCVT_ADD_FUSED=0 -DK_LOOP_UNROLL=8 -DPHASE1_UNROLL=4 -DSTAGGER_CYCLES=100 -DW0_LOOP_UNROLL=1 ... 0.700 ms / 1564 TFLOPS  (244 regs, 3.0s)
[264/540] -DCVT_ADD_FUSED=0 -DK_LOOP_UNROLL=8 -DPHASE1_UNROLL=4 -DSTAGGER_CYCLES=100 -DW0_LOOP_UNROLL=4 ... 0.531 ms / 2063 TFLOPS  (255 regs, 3.0s)
[265/540] -DCVT_ADD_FUSED=0 -DK_LOOP_UNROLL=8 -DPHASE1_UNROLL=4 -DSTAGGER_CYCLES=100 -DSUB_MMA_UNROLL=1 ... 0.529 ms / 2069 TFLOPS  (214 regs, 3.0s)
[266/540] -DCVT_ADD_FUSED=0 -DK_LOOP_UNROLL=8 -DPHASE1_UNROLL=4 -DSTAGGER_CYCLES=100 -DSUB_MMA_UNROLL=1 -DW0_LOOP_UNROLL=1 ... 0.699 ms / 1567 TFLOPS  (200 regs, 3.0s)
[267/540] -DCVT_ADD_FUSED=0 -DK_LOOP_UNROLL=8 -DPHASE1_UNROLL=4 -DSTAGGER_CYCLES=100 -DSUB_MMA_UNROLL=1 -DW0_LOOP_UNROLL=4 ... 0.531 ms / 2062 TFLOPS  (214 regs, 3.0s)
[268/540] -DCVT_ADD_FUSED=0 -DK_LOOP_UNROLL=8 -DPHASE1_UNROLL=4 -DSTAGGER_CYCLES=100 -DSUB_MMA_UNROLL=3 ... 0.531 ms / 2061 TFLOPS  (255 regs, 3.1s)
[269/540] -DCVT_ADD_FUSED=0 -DK_LOOP_UNROLL=8 -DPHASE1_UNROLL=4 -DSTAGGER_CYCLES=100 -DSUB_MMA_UNROLL=3 -DW0_LOOP_UNROLL=1 ... 0.695 ms / 1576 TFLOPS  (244 regs, 3.0s)
[270/540] -DCVT_ADD_FUSED=0 -DK_LOOP_UNROLL=8 -DPHASE1_UNROLL=4 -DSTAGGER_CYCLES=100 -DSUB_MMA_UNROLL=3 -DW0_LOOP_UNROLL=4 ... 0.530 ms / 2065 TFLOPS  (255 regs, 3.0s)
[271/540] -DK_LOOP_UNROLL=1 -DPHASE1_UNROLL=1 -DSNAKE_ORDER=0 -DSTAGGER_CYCLES=100 ... 0.666 ms / 1645 TFLOPS  (130 regs, 2.9s)
[272/540] -DK_LOOP_UNROLL=1 -DPHASE1_UNROLL=1 -DSNAKE_ORDER=0 -DSTAGGER_CYCLES=100 -DW0_LOOP_UNROLL=1 ... 0.773 ms / 1416 TFLOPS  (111 regs, 2.9s)
[273/540] -DK_LOOP_UNROLL=1 -DPHASE1_UNROLL=1 -DSNAKE_ORDER=0 -DSTAGGER_CYCLES=100 -DW0_LOOP_UNROLL=4 ... 0.669 ms / 1637 TFLOPS  (130 regs, 2.9s)
[274/540] -DK_LOOP_UNROLL=1 -DPHASE1_UNROLL=1 -DSNAKE_ORDER=0 -DSTAGGER_CYCLES=100 -DSUB_MMA_UNROLL=1 ... 0.701 ms / 1562 TFLOPS  (125 regs, 2.8s)
[275/540] -DK_LOOP_UNROLL=1 -DPHASE1_UNROLL=1 -DSNAKE_ORDER=0 -DSTAGGER_CYCLES=100 -DSUB_MMA_UNROLL=1 -DW0_LOOP_UNROLL=1 ... 0.774 ms / 1414 TFLOPS  (105 regs, 2.9s)
[276/540] -DK_LOOP_UNROLL=1 -DPHASE1_UNROLL=1 -DSNAKE_ORDER=0 -DSTAGGER_CYCLES=100 -DSUB_MMA_UNROLL=1 -DW0_LOOP_UNROLL=4 ... 0.705 ms / 1552 TFLOPS  (125 regs, 2.8s)
[277/540] -DK_LOOP_UNROLL=1 -DPHASE1_UNROLL=1 -DSNAKE_ORDER=0 -DSTAGGER_CYCLES=100 -DSUB_MMA_UNROLL=3 ... 0.666 ms / 1644 TFLOPS  (130 regs, 2.8s)
[278/540] -DK_LOOP_UNROLL=1 -DPHASE1_UNROLL=1 -DSNAKE_ORDER=0 -DSTAGGER_CYCLES=100 -DSUB_MMA_UNROLL=3 -DW0_LOOP_UNROLL=1 ... 0.768 ms / 1425 TFLOPS  (111 regs, 2.9s)
[279/540] -DK_LOOP_UNROLL=1 -DPHASE1_UNROLL=1 -DSNAKE_ORDER=0 -DSTAGGER_CYCLES=100 -DSUB_MMA_UNROLL=3 -DW0_LOOP_UNROLL=4 ... 0.668 ms / 1640 TFLOPS  (130 regs, 2.9s)
[280/540] -DK_LOOP_UNROLL=1 -DPHASE1_UNROLL=1 -DSTAGGER_CYCLES=100 ... 0.667 ms / 1642 TFLOPS  (130 regs, 2.9s)
[281/540] -DK_LOOP_UNROLL=1 -DPHASE1_UNROLL=1 -DSTAGGER_CYCLES=100 -DW0_LOOP_UNROLL=1 ... 0.763 ms / 1436 TFLOPS  (111 regs, 2.9s)
[282/540] -DK_LOOP_UNROLL=1 -DPHASE1_UNROLL=1 -DSTAGGER_CYCLES=100 -DW0_LOOP_UNROLL=4 ... 0.670 ms / 1634 TFLOPS  (130 regs, 2.9s)
[283/540] -DK_LOOP_UNROLL=1 -DPHASE1_UNROLL=1 -DSTAGGER_CYCLES=100 -DSUB_MMA_UNROLL=1 ... 0.705 ms / 1553 TFLOPS  (125 regs, 2.9s)
[284/540] -DK_LOOP_UNROLL=1 -DPHASE1_UNROLL=1 -DSTAGGER_CYCLES=100 -DSUB_MMA_UNROLL=1 -DW0_LOOP_UNROLL=1 ... 0.785 ms / 1394 TFLOPS  (105 regs, 2.9s)
[285/540] -DK_LOOP_UNROLL=1 -DPHASE1_UNROLL=1 -DSTAGGER_CYCLES=100 -DSUB_MMA_UNROLL=1 -DW0_LOOP_UNROLL=4 ... 0.689 ms / 1589 TFLOPS  (125 regs, 2.9s)
[286/540] -DK_LOOP_UNROLL=1 -DPHASE1_UNROLL=1 -DSTAGGER_CYCLES=100 -DSUB_MMA_UNROLL=3 ... 0.670 ms / 1633 TFLOPS  (130 regs, 2.9s)
[287/540] -DK_LOOP_UNROLL=1 -DPHASE1_UNROLL=1 -DSTAGGER_CYCLES=100 -DSUB_MMA_UNROLL=3 -DW0_LOOP_UNROLL=1 ... 0.752 ms / 1456 TFLOPS  (111 regs, 2.9s)
[288/540] -DK_LOOP_UNROLL=1 -DPHASE1_UNROLL=1 -DSTAGGER_CYCLES=100 -DSUB_MMA_UNROLL=3 -DW0_LOOP_UNROLL=4 ... 0.666 ms / 1645 TFLOPS  (130 regs, 2.8s)
[289/540] -DK_LOOP_UNROLL=1 -DSNAKE_ORDER=0 -DSTAGGER_CYCLES=100 ... 0.665 ms / 1645 TFLOPS  (161 regs, 2.9s)
[290/540] -DK_LOOP_UNROLL=1 -DSNAKE_ORDER=0 -DSTAGGER_CYCLES=100 -DW0_LOOP_UNROLL=1 ... 0.780 ms / 1403 TFLOPS  (142 regs, 2.9s)
[291/540] -DK_LOOP_UNROLL=1 -DSNAKE_ORDER=0 -DSTAGGER_CYCLES=100 -DW0_LOOP_UNROLL=4 ... 0.658 ms / 1665 TFLOPS  (161 regs, 2.9s)
[292/540] -DK_LOOP_UNROLL=1 -DSNAKE_ORDER=0 -DSTAGGER_CYCLES=100 -DSUB_MMA_UNROLL=1 ... 0.700 ms / 1564 TFLOPS  (153 regs, 2.9s)
[293/540] -DK_LOOP_UNROLL=1 -DSNAKE_ORDER=0 -DSTAGGER_CYCLES=100 -DSUB_MMA_UNROLL=1 -DW0_LOOP_UNROLL=1 ... 0.788 ms / 1389 TFLOPS  (134 regs, 2.9s)
[294/540] -DK_LOOP_UNROLL=1 -DSNAKE_ORDER=0 -DSTAGGER_CYCLES=100 -DSUB_MMA_UNROLL=1 -DW0_LOOP_UNROLL=4 ... 0.700 ms / 1563 TFLOPS  (153 regs, 2.9s)
[295/540] -DK_LOOP_UNROLL=1 -DSNAKE_ORDER=0 -DSTAGGER_CYCLES=100 -DSUB_MMA_UNROLL=3 ... 0.663 ms / 1652 TFLOPS  (161 regs, 2.9s)
[296/540] -DK_LOOP_UNROLL=1 -DSNAKE_ORDER=0 -DSTAGGER_CYCLES=100 -DSUB_MMA_UNROLL=3 -DW0_LOOP_UNROLL=1 ... 0.768 ms / 1425 TFLOPS  (142 regs, 2.9s)
[297/540] -DK_LOOP_UNROLL=1 -DSNAKE_ORDER=0 -DSTAGGER_CYCLES=100 -DSUB_MMA_UNROLL=3 -DW0_LOOP_UNROLL=4 ... 0.659 ms / 1661 TFLOPS  (161 regs, 2.9s)
[298/540] -DK_LOOP_UNROLL=1 -DSTAGGER_CYCLES=100 ... 0.665 ms / 1647 TFLOPS  (161 regs, 2.9s)
[299/540] -DK_LOOP_UNROLL=1 -DSTAGGER_CYCLES=100 -DW0_LOOP_UNROLL=1 ... 0.775 ms / 1412 TFLOPS  (142 regs, 3.0s)
[300/540] -DK_LOOP_UNROLL=1 -DSTAGGER_CYCLES=100 -DW0_LOOP_UNROLL=4 ... 0.669 ms / 1636 TFLOPS  (161 regs, 3.0s)
[301/540] -DK_LOOP_UNROLL=1 -DSTAGGER_CYCLES=100 -DSUB_MMA_UNROLL=1 ... 0.701 ms / 1562 TFLOPS  (153 regs, 2.8s)
[302/540] -DK_LOOP_UNROLL=1 -DSTAGGER_CYCLES=100 -DSUB_MMA_UNROLL=1 -DW0_LOOP_UNROLL=1 ... 0.778 ms / 1407 TFLOPS  (134 regs, 2.9s)
[303/540] -DK_LOOP_UNROLL=1 -DSTAGGER_CYCLES=100 -DSUB_MMA_UNROLL=1 -DW0_LOOP_UNROLL=4 ... 0.712 ms / 1539 TFLOPS  (153 regs, 2.8s)
[304/540] -DK_LOOP_UNROLL=1 -DSTAGGER_CYCLES=100 -DSUB_MMA_UNROLL=3 ... 0.666 ms / 1644 TFLOPS  (161 regs, 3.0s)
[305/540] -DK_LOOP_UNROLL=1 -DSTAGGER_CYCLES=100 -DSUB_MMA_UNROLL=3 -DW0_LOOP_UNROLL=1 ... 0.770 ms / 1423 TFLOPS  (142 regs, 2.9s)
[306/540] -DK_LOOP_UNROLL=1 -DSTAGGER_CYCLES=100 -DSUB_MMA_UNROLL=3 -DW0_LOOP_UNROLL=4 ... 0.667 ms / 1642 TFLOPS  (161 regs, 2.9s)
[307/540] -DK_LOOP_UNROLL=1 -DPHASE1_UNROLL=4 -DSNAKE_ORDER=0 -DSTAGGER_CYCLES=100 ... 0.671 ms / 1632 TFLOPS  (210 regs, 3.0s)
[308/540] -DK_LOOP_UNROLL=1 -DPHASE1_UNROLL=4 -DSNAKE_ORDER=0 -DSTAGGER_CYCLES=100 -DW0_LOOP_UNROLL=1 ... 0.771 ms / 1421 TFLOPS  (192 regs, 2.9s)
[309/540] -DK_LOOP_UNROLL=1 -DPHASE1_UNROLL=4 -DSNAKE_ORDER=0 -DSTAGGER_CYCLES=100 -DW0_LOOP_UNROLL=4 ... 0.669 ms / 1637 TFLOPS  (210 regs, 3.0s)
[310/540] -DK_LOOP_UNROLL=1 -DPHASE1_UNROLL=4 -DSNAKE_ORDER=0 -DSTAGGER_CYCLES=100 -DSUB_MMA_UNROLL=1 ... 0.714 ms / 1534 TFLOPS  (202 regs, 3.0s)
[311/540] -DK_LOOP_UNROLL=1 -DPHASE1_UNROLL=4 -DSNAKE_ORDER=0 -DSTAGGER_CYCLES=100 -DSUB_MMA_UNROLL=1 -DW0_LOOP_UNROLL=1 ... 0.790 ms / 1387 TFLOPS  (184 regs, 2.9s)
[312/540] -DK_LOOP_UNROLL=1 -DPHASE1_UNROLL=4 -DSNAKE_ORDER=0 -DSTAGGER_CYCLES=100 -DSUB_MMA_UNROLL=1 -DW0_LOOP_UNROLL=4 ... 0.713 ms / 1537 TFLOPS  (202 regs, 3.0s)
[313/540] -DK_LOOP_UNROLL=1 -DPHASE1_UNROLL=4 -DSNAKE_ORDER=0 -DSTAGGER_CYCLES=100 -DSUB_MMA_UNROLL=3 ... 0.669 ms / 1637 TFLOPS  (210 regs, 3.0s)
[314/540] -DK_LOOP_UNROLL=1 -DPHASE1_UNROLL=4 -DSNAKE_ORDER=0 -DSTAGGER_CYCLES=100 -DSUB_MMA_UNROLL=3 -DW0_LOOP_UNROLL=1 ... 0.783 ms / 1398 TFLOPS  (192 regs, 3.0s)
[315/540] -DK_LOOP_UNROLL=1 -DPHASE1_UNROLL=4 -DSNAKE_ORDER=0 -DSTAGGER_CYCLES=100 -DSUB_MMA_UNROLL=3 -DW0_LOOP_UNROLL=4 ... 0.676 ms / 1619 TFLOPS  (210 regs, 3.0s)
[316/540] -DK_LOOP_UNROLL=1 -DPHASE1_UNROLL=4 -DSTAGGER_CYCLES=100 ... 0.668 ms / 1639 TFLOPS  (210 regs, 3.0s)
[317/540] -DK_LOOP_UNROLL=1 -DPHASE1_UNROLL=4 -DSTAGGER_CYCLES=100 -DW0_LOOP_UNROLL=1 ... 0.755 ms / 1450 TFLOPS  (192 regs, 3.0s)
[318/540] -DK_LOOP_UNROLL=1 -DPHASE1_UNROLL=4 -DSTAGGER_CYCLES=100 -DW0_LOOP_UNROLL=4 ... 0.673 ms / 1628 TFLOPS  (210 regs, 3.0s)
[319/540] -DK_LOOP_UNROLL=1 -DPHASE1_UNROLL=4 -DSTAGGER_CYCLES=100 -DSUB_MMA_UNROLL=1 ... 0.716 ms / 1529 TFLOPS  (202 regs, 3.0s)
[320/540] -DK_LOOP_UNROLL=1 -DPHASE1_UNROLL=4 -DSTAGGER_CYCLES=100 -DSUB_MMA_UNROLL=1 -DW0_LOOP_UNROLL=1 ... 0.784 ms / 1397 TFLOPS  (184 regs, 3.0s)
[321/540] -DK_LOOP_UNROLL=1 -DPHASE1_UNROLL=4 -DSTAGGER_CYCLES=100 -DSUB_MMA_UNROLL=1 -DW0_LOOP_UNROLL=4 ... 0.714 ms / 1534 TFLOPS  (202 regs, 3.0s)
[322/540] -DK_LOOP_UNROLL=1 -DPHASE1_UNROLL=4 -DSTAGGER_CYCLES=100 -DSUB_MMA_UNROLL=3 ... 0.676 ms / 1621 TFLOPS  (210 regs, 3.0s)
[323/540] -DK_LOOP_UNROLL=1 -DPHASE1_UNROLL=4 -DSTAGGER_CYCLES=100 -DSUB_MMA_UNROLL=3 -DW0_LOOP_UNROLL=1 ... 0.779 ms / 1406 TFLOPS  (192 regs, 3.0s)
[324/540] -DK_LOOP_UNROLL=1 -DPHASE1_UNROLL=4 -DSTAGGER_CYCLES=100 -DSUB_MMA_UNROLL=3 -DW0_LOOP_UNROLL=4 ... 0.671 ms / 1631 TFLOPS  (210 regs, 2.9s)
[325/540] -DK_LOOP_UNROLL=2 -DPHASE1_UNROLL=1 -DSNAKE_ORDER=0 -DSTAGGER_CYCLES=100 ... 0.674 ms / 1626 TFLOPS  (130 regs, 2.8s)
[326/540] -DK_LOOP_UNROLL=2 -DPHASE1_UNROLL=1 -DSNAKE_ORDER=0 -DSTAGGER_CYCLES=100 -DW0_LOOP_UNROLL=1 ... 0.767 ms / 1428 TFLOPS  (111 regs, 2.8s)
[327/540] -DK_LOOP_UNROLL=2 -DPHASE1_UNROLL=1 -DSNAKE_ORDER=0 -DSTAGGER_CYCLES=100 -DW0_LOOP_UNROLL=4 ... 0.671 ms / 1631 TFLOPS  (130 regs, 2.8s)
[328/540] -DK_LOOP_UNROLL=2 -DPHASE1_UNROLL=1 -DSNAKE_ORDER=0 -DSTAGGER_CYCLES=100 -DSUB_MMA_UNROLL=1 ... 0.697 ms / 1572 TFLOPS  (125 regs, 2.8s)
[329/540] -DK_LOOP_UNROLL=2 -DPHASE1_UNROLL=1 -DSNAKE_ORDER=0 -DSTAGGER_CYCLES=100 -DSUB_MMA_UNROLL=1 -DW0_LOOP_UNROLL=1 ... 0.790 ms / 1386 TFLOPS  (105 regs, 2.9s)
[330/540] -DK_LOOP_UNROLL=2 -DPHASE1_UNROLL=1 -DSNAKE_ORDER=0 -DSTAGGER_CYCLES=100 -DSUB_MMA_UNROLL=1 -DW0_LOOP_UNROLL=4 ... 0.698 ms / 1569 TFLOPS  (125 regs, 2.9s)
[331/540] -DK_LOOP_UNROLL=2 -DPHASE1_UNROLL=1 -DSNAKE_ORDER=0 -DSTAGGER_CYCLES=100 -DSUB_MMA_UNROLL=3 ... 0.671 ms / 1633 TFLOPS  (130 regs, 2.9s)
[332/540] -DK_LOOP_UNROLL=2 -DPHASE1_UNROLL=1 -DSNAKE_ORDER=0 -DSTAGGER_CYCLES=100 -DSUB_MMA_UNROLL=3 -DW0_LOOP_UNROLL=1 ... 0.762 ms / 1436 TFLOPS  (111 regs, 2.9s)
[333/540] -DK_LOOP_UNROLL=2 -DPHASE1_UNROLL=1 -DSNAKE_ORDER=0 -DSTAGGER_CYCLES=100 -DSUB_MMA_UNROLL=3 -DW0_LOOP_UNROLL=4 ... 0.668 ms / 1639 TFLOPS  (130 regs, 2.9s)
[334/540] -DK_LOOP_UNROLL=2 -DPHASE1_UNROLL=1 -DSTAGGER_CYCLES=100 ... 0.667 ms / 1641 TFLOPS  (130 regs, 2.9s)
[335/540] -DK_LOOP_UNROLL=2 -DPHASE1_UNROLL=1 -DSTAGGER_CYCLES=100 -DW0_LOOP_UNROLL=1 ... 0.769 ms / 1424 TFLOPS  (111 regs, 2.9s)
[336/540] -DK_LOOP_UNROLL=2 -DPHASE1_UNROLL=1 -DSTAGGER_CYCLES=100 -DW0_LOOP_UNROLL=4 ... 0.670 ms / 1634 TFLOPS  (130 regs, 2.9s)
[337/540] -DK_LOOP_UNROLL=2 -DPHASE1_UNROLL=1 -DSTAGGER_CYCLES=100 -DSUB_MMA_UNROLL=1 ... 0.691 ms / 1584 TFLOPS  (125 regs, 2.9s)
[338/540] -DK_LOOP_UNROLL=2 -DPHASE1_UNROLL=1 -DSTAGGER_CYCLES=100 -DSUB_MMA_UNROLL=1 -DW0_LOOP_UNROLL=1 ... 0.771 ms / 1420 TFLOPS  (105 regs, 2.9s)
[339/540] -DK_LOOP_UNROLL=2 -DPHASE1_UNROLL=1 -DSTAGGER_CYCLES=100 -DSUB_MMA_UNROLL=1 -DW0_LOOP_UNROLL=4 ... 0.698 ms / 1568 TFLOPS  (125 regs, 2.9s)
[340/540] -DK_LOOP_UNROLL=2 -DPHASE1_UNROLL=1 -DSTAGGER_CYCLES=100 -DSUB_MMA_UNROLL=3 ... 0.671 ms / 1631 TFLOPS  (130 regs, 2.8s)
[341/540] -DK_LOOP_UNROLL=2 -DPHASE1_UNROLL=1 -DSTAGGER_CYCLES=100 -DSUB_MMA_UNROLL=3 -DW0_LOOP_UNROLL=1 ... 0.758 ms / 1444 TFLOPS  (111 regs, 2.9s)
[342/540] -DK_LOOP_UNROLL=2 -DPHASE1_UNROLL=1 -DSTAGGER_CYCLES=100 -DSUB_MMA_UNROLL=3 -DW0_LOOP_UNROLL=4 ... 0.667 ms / 1642 TFLOPS  (130 regs, 2.9s)
[343/540] -DK_LOOP_UNROLL=2 -DSNAKE_ORDER=0 -DSTAGGER_CYCLES=100 ... 0.659 ms / 1662 TFLOPS  (161 regs, 2.9s)
[344/540] -DK_LOOP_UNROLL=2 -DSNAKE_ORDER=0 -DSTAGGER_CYCLES=100 -DW0_LOOP_UNROLL=1 ... 0.769 ms / 1423 TFLOPS  (142 regs, 2.9s)
[345/540] -DK_LOOP_UNROLL=2 -DSNAKE_ORDER=0 -DSTAGGER_CYCLES=100 -DW0_LOOP_UNROLL=4 ... 0.664 ms / 1649 TFLOPS  (161 regs, 2.9s)
[346/540] -DK_LOOP_UNROLL=2 -DSNAKE_ORDER=0 -DSTAGGER_CYCLES=100 -DSUB_MMA_UNROLL=1 ... 0.703 ms / 1557 TFLOPS  (153 regs, 2.8s)
[347/540] -DK_LOOP_UNROLL=2 -DSNAKE_ORDER=0 -DSTAGGER_CYCLES=100 -DSUB_MMA_UNROLL=1 -DW0_LOOP_UNROLL=1 ... 0.786 ms / 1393 TFLOPS  (134 regs, 2.9s)
[348/540] -DK_LOOP_UNROLL=2 -DSNAKE_ORDER=0 -DSTAGGER_CYCLES=100 -DSUB_MMA_UNROLL=1 -DW0_LOOP_UNROLL=4 ... 0.698 ms / 1569 TFLOPS  (153 regs, 2.9s)
[349/540] -DK_LOOP_UNROLL=2 -DSNAKE_ORDER=0 -DSTAGGER_CYCLES=100 -DSUB_MMA_UNROLL=3 ... 0.664 ms / 1650 TFLOPS  (161 regs, 3.0s)
[350/540] -DK_LOOP_UNROLL=2 -DSNAKE_ORDER=0 -DSTAGGER_CYCLES=100 -DSUB_MMA_UNROLL=3 -DW0_LOOP_UNROLL=1 ... 0.758 ms / 1445 TFLOPS  (142 regs, 2.9s)
[351/540] -DK_LOOP_UNROLL=2 -DSNAKE_ORDER=0 -DSTAGGER_CYCLES=100 -DSUB_MMA_UNROLL=3 -DW0_LOOP_UNROLL=4 ... 0.666 ms / 1644 TFLOPS  (161 regs, 2.9s)
[352/540] -DK_LOOP_UNROLL=2 -DSTAGGER_CYCLES=100 ... 0.673 ms / 1626 TFLOPS  (161 regs, 2.9s)
[353/540] -DK_LOOP_UNROLL=2 -DSTAGGER_CYCLES=100 -DW0_LOOP_UNROLL=1 ... 0.764 ms / 1433 TFLOPS  (142 regs, 2.9s)
[354/540] -DK_LOOP_UNROLL=2 -DSTAGGER_CYCLES=100 -DW0_LOOP_UNROLL=4 ... 0.671 ms / 1632 TFLOPS  (161 regs, 2.9s)
[355/540] -DK_LOOP_UNROLL=2 -DSTAGGER_CYCLES=100 -DSUB_MMA_UNROLL=1 ... 0.696 ms / 1572 TFLOPS  (153 regs, 2.9s)
[356/540] -DK_LOOP_UNROLL=2 -DSTAGGER_CYCLES=100 -DSUB_MMA_UNROLL=1 -DW0_LOOP_UNROLL=1 ... 0.788 ms / 1389 TFLOPS  (134 regs, 2.9s)
[357/540] -DK_LOOP_UNROLL=2 -DSTAGGER_CYCLES=100 -DSUB_MMA_UNROLL=1 -DW0_LOOP_UNROLL=4 ... 0.699 ms / 1566 TFLOPS  (153 regs, 3.0s)
[358/540] -DK_LOOP_UNROLL=2 -DSTAGGER_CYCLES=100 -DSUB_MMA_UNROLL=3 ... 0.665 ms / 1646 TFLOPS  (161 regs, 3.0s)
[359/540] -DK_LOOP_UNROLL=2 -DSTAGGER_CYCLES=100 -DSUB_MMA_UNROLL=3 -DW0_LOOP_UNROLL=1 ... 0.761 ms / 1440 TFLOPS  (142 regs, 2.9s)
[360/540] -DK_LOOP_UNROLL=2 -DSTAGGER_CYCLES=100 -DSUB_MMA_UNROLL=3 -DW0_LOOP_UNROLL=4 ... 0.666 ms / 1644 TFLOPS  (161 regs, 3.0s)
[361/540] -DK_LOOP_UNROLL=2 -DPHASE1_UNROLL=4 -DSNAKE_ORDER=0 -DSTAGGER_CYCLES=100 ... 0.671 ms / 1632 TFLOPS  (210 regs, 3.0s)
[362/540] -DK_LOOP_UNROLL=2 -DPHASE1_UNROLL=4 -DSNAKE_ORDER=0 -DSTAGGER_CYCLES=100 -DW0_LOOP_UNROLL=1 ... 0.780 ms / 1404 TFLOPS  (192 regs, 3.0s)
[363/540] -DK_LOOP_UNROLL=2 -DPHASE1_UNROLL=4 -DSNAKE_ORDER=0 -DSTAGGER_CYCLES=100 -DW0_LOOP_UNROLL=4 ... 0.672 ms / 1629 TFLOPS  (210 regs, 3.0s)
[364/540] -DK_LOOP_UNROLL=2 -DPHASE1_UNROLL=4 -DSNAKE_ORDER=0 -DSTAGGER_CYCLES=100 -DSUB_MMA_UNROLL=1 ... 0.704 ms / 1554 TFLOPS  (202 regs, 3.0s)
[365/540] -DK_LOOP_UNROLL=2 -DPHASE1_UNROLL=4 -DSNAKE_ORDER=0 -DSTAGGER_CYCLES=100 -DSUB_MMA_UNROLL=1 -DW0_LOOP_UNROLL=1 ... 0.800 ms / 1369 TFLOPS  (184 regs, 3.0s)
[366/540] -DK_LOOP_UNROLL=2 -DPHASE1_UNROLL=4 -DSNAKE_ORDER=0 -DSTAGGER_CYCLES=100 -DSUB_MMA_UNROLL=1 -DW0_LOOP_UNROLL=4 ... 0.713 ms / 1536 TFLOPS  (202 regs, 3.0s)
[367/540] -DK_LOOP_UNROLL=2 -DPHASE1_UNROLL=4 -DSNAKE_ORDER=0 -DSTAGGER_CYCLES=100 -DSUB_MMA_UNROLL=3 ... 0.680 ms / 1609 TFLOPS  (210 regs, 3.0s)
[368/540] -DK_LOOP_UNROLL=2 -DPHASE1_UNROLL=4 -DSNAKE_ORDER=0 -DSTAGGER_CYCLES=100 -DSUB_MMA_UNROLL=3 -DW0_LOOP_UNROLL=1 ... 0.791 ms / 1384 TFLOPS  (192 regs, 2.9s)
[369/540] -DK_LOOP_UNROLL=2 -DPHASE1_UNROLL=4 -DSNAKE_ORDER=0 -DSTAGGER_CYCLES=100 -DSUB_MMA_UNROLL=3 -DW0_LOOP_UNROLL=4 ... 0.675 ms / 1623 TFLOPS  (210 regs, 3.0s)
[370/540] -DK_LOOP_UNROLL=2 -DPHASE1_UNROLL=4 -DSTAGGER_CYCLES=100 ... 0.675 ms / 1622 TFLOPS  (210 regs, 3.0s)
[371/540] -DK_LOOP_UNROLL=2 -DPHASE1_UNROLL=4 -DSTAGGER_CYCLES=100 -DW0_LOOP_UNROLL=1 ... 0.774 ms / 1414 TFLOPS  (192 regs, 3.0s)
[372/540] -DK_LOOP_UNROLL=2 -DPHASE1_UNROLL=4 -DSTAGGER_CYCLES=100 -DW0_LOOP_UNROLL=4 ... 0.670 ms / 1635 TFLOPS  (210 regs, 2.9s)
[373/540] -DK_LOOP_UNROLL=2 -DPHASE1_UNROLL=4 -DSTAGGER_CYCLES=100 -DSUB_MMA_UNROLL=1 ... 0.712 ms / 1539 TFLOPS  (202 regs, 2.9s)
[374/540] -DK_LOOP_UNROLL=2 -DPHASE1_UNROLL=4 -DSTAGGER_CYCLES=100 -DSUB_MMA_UNROLL=1 -DW0_LOOP_UNROLL=1 ... 0.785 ms / 1396 TFLOPS  (184 regs, 3.0s)
[375/540] -DK_LOOP_UNROLL=2 -DPHASE1_UNROLL=4 -DSTAGGER_CYCLES=100 -DSUB_MMA_UNROLL=1 -DW0_LOOP_UNROLL=4 ... 0.716 ms / 1530 TFLOPS  (202 regs, 3.1s)
[376/540] -DK_LOOP_UNROLL=2 -DPHASE1_UNROLL=4 -DSTAGGER_CYCLES=100 -DSUB_MMA_UNROLL=3 ... 0.674 ms / 1623 TFLOPS  (210 regs, 3.0s)
[377/540] -DK_LOOP_UNROLL=2 -DPHASE1_UNROLL=4 -DSTAGGER_CYCLES=100 -DSUB_MMA_UNROLL=3 -DW0_LOOP_UNROLL=1 ... 0.772 ms / 1419 TFLOPS  (192 regs, 2.9s)
[378/540] -DK_LOOP_UNROLL=2 -DPHASE1_UNROLL=4 -DSTAGGER_CYCLES=100 -DSUB_MMA_UNROLL=3 -DW0_LOOP_UNROLL=4 ... 0.680 ms / 1611 TFLOPS  (210 regs, 3.0s)
[379/540] -DPHASE1_UNROLL=1 -DSNAKE_ORDER=0 -DSTAGGER_CYCLES=100 ... 0.728 ms / 1504 TFLOPS  (178 regs, 2.8s)
[380/540] -DPHASE1_UNROLL=1 -DSNAKE_ORDER=0 -DSTAGGER_CYCLES=100 -DW0_LOOP_UNROLL=1 ... 0.691 ms / 1584 TFLOPS  (164 regs, 2.9s)
[381/540] -DPHASE1_UNROLL=1 -DSNAKE_ORDER=0 -DSTAGGER_CYCLES=100 -DW0_LOOP_UNROLL=4 ... 0.727 ms / 1506 TFLOPS  (178 regs, 2.9s)
[382/540] -DPHASE1_UNROLL=1 -DSNAKE_ORDER=0 -DSTAGGER_CYCLES=100 -DSUB_MMA_UNROLL=1 ... 0.728 ms / 1503 TFLOPS  (134 regs, 2.9s)
[383/540] -DPHASE1_UNROLL=1 -DSNAKE_ORDER=0 -DSTAGGER_CYCLES=100 -DSUB_MMA_UNROLL=1 -DW0_LOOP_UNROLL=1 ... 0.693 ms / 1581 TFLOPS  (120 regs, 2.9s)
[384/540] -DPHASE1_UNROLL=1 -DSNAKE_ORDER=0 -DSTAGGER_CYCLES=100 -DSUB_MMA_UNROLL=1 -DW0_LOOP_UNROLL=4 ... 0.734 ms / 1493 TFLOPS  (134 regs, 2.8s)
[385/540] -DPHASE1_UNROLL=1 -DSNAKE_ORDER=0 -DSTAGGER_CYCLES=100 -DSUB_MMA_UNROLL=3 ... 0.731 ms / 1497 TFLOPS  (178 regs, 2.9s)
[386/540] -DPHASE1_UNROLL=1 -DSNAKE_ORDER=0 -DSTAGGER_CYCLES=100 -DSUB_MMA_UNROLL=3 -DW0_LOOP_UNROLL=1 ... 0.689 ms / 1589 TFLOPS  (164 regs, 2.9s)
[387/540] -DPHASE1_UNROLL=1 -DSNAKE_ORDER=0 -DSTAGGER_CYCLES=100 -DSUB_MMA_UNROLL=3 -DW0_LOOP_UNROLL=4 ... 0.730 ms / 1500 TFLOPS  (178 regs, 2.9s)
[388/540] -DPHASE1_UNROLL=1 -DSTAGGER_CYCLES=100 ... 0.624 ms / 1755 TFLOPS  (178 regs, 2.8s)
[389/540] -DPHASE1_UNROLL=1 -DSTAGGER_CYCLES=100 -DW0_LOOP_UNROLL=1 ... 0.682 ms / 1607 TFLOPS  (164 regs, 2.9s)
[390/540] -DPHASE1_UNROLL=1 -DSTAGGER_CYCLES=100 -DW0_LOOP_UNROLL=4 ... 0.621 ms / 1764 TFLOPS  (178 regs, 2.9s)
[391/540] -DPHASE1_UNROLL=1 -DSTAGGER_CYCLES=100 -DSUB_MMA_UNROLL=1 ... 0.616 ms / 1778 TFLOPS  (134 regs, 2.9s)
[392/540] -DPHASE1_UNROLL=1 -DSTAGGER_CYCLES=100 -DSUB_MMA_UNROLL=1 -DW0_LOOP_UNROLL=1 ... 0.689 ms / 1589 TFLOPS  (120 regs, 2.8s)
[393/540] -DPHASE1_UNROLL=1 -DSTAGGER_CYCLES=100 -DSUB_MMA_UNROLL=1 -DW0_LOOP_UNROLL=4 ... 0.603 ms / 1817 TFLOPS  (134 regs, 2.9s)
[394/540] -DPHASE1_UNROLL=1 -DSTAGGER_CYCLES=100 -DSUB_MMA_UNROLL=3 ... 0.616 ms / 1778 TFLOPS  (178 regs, 2.9s)
[395/540] -DPHASE1_UNROLL=1 -DSTAGGER_CYCLES=100 -DSUB_MMA_UNROLL=3 -DW0_LOOP_UNROLL=1 ... 0.689 ms / 1588 TFLOPS  (164 regs, 2.9s)
[396/540] -DPHASE1_UNROLL=1 -DSTAGGER_CYCLES=100 -DSUB_MMA_UNROLL=3 -DW0_LOOP_UNROLL=4 ... 0.629 ms / 1740 TFLOPS  (178 regs, 2.9s)
[397/540] -DSNAKE_ORDER=0 -DSTAGGER_CYCLES=100 ... 0.567 ms / 1930 TFLOPS  (209 regs, 2.9s)
[398/540] -DSNAKE_ORDER=0 -DSTAGGER_CYCLES=100 -DW0_LOOP_UNROLL=1 ... 0.690 ms / 1587 TFLOPS  (194 regs, 3.0s)
[399/540] -DSNAKE_ORDER=0 -DSTAGGER_CYCLES=100 -DW0_LOOP_UNROLL=4 ... 0.574 ms / 1909 TFLOPS  (209 regs, 2.9s)
[400/540] -DSNAKE_ORDER=0 -DSTAGGER_CYCLES=100 -DSUB_MMA_UNROLL=1 ... 0.575 ms / 1906 TFLOPS  (165 regs, 2.9s)
[401/540] -DSNAKE_ORDER=0 -DSTAGGER_CYCLES=100 -DSUB_MMA_UNROLL=1 -DW0_LOOP_UNROLL=1 ... 0.690 ms / 1586 TFLOPS  (149 regs, 2.9s)
[402/540] -DSNAKE_ORDER=0 -DSTAGGER_CYCLES=100 -DSUB_MMA_UNROLL=1 -DW0_LOOP_UNROLL=4 ... 0.587 ms / 1865 TFLOPS  (165 regs, 2.9s)
[403/540] -DSNAKE_ORDER=0 -DSTAGGER_CYCLES=100 -DSUB_MMA_UNROLL=3 ... 0.568 ms / 1929 TFLOPS  (209 regs, 2.9s)
[404/540] -DSNAKE_ORDER=0 -DSTAGGER_CYCLES=100 -DSUB_MMA_UNROLL=3 -DW0_LOOP_UNROLL=1 ... 0.686 ms / 1596 TFLOPS  (194 regs, 2.9s)
[405/540] -DSNAKE_ORDER=0 -DSTAGGER_CYCLES=100 -DSUB_MMA_UNROLL=3 -DW0_LOOP_UNROLL=4 ... 0.558 ms / 1963 TFLOPS  (209 regs, 2.9s)
[406/540] -DSTAGGER_CYCLES=100 ... 0.528 ms / 2074 TFLOPS  (209 regs, 2.9s)
[407/540] -DSTAGGER_CYCLES=100 -DW0_LOOP_UNROLL=1 ... 0.687 ms / 1594 TFLOPS  (194 regs, 2.9s)
[408/540] -DSTAGGER_CYCLES=100 -DW0_LOOP_UNROLL=4 ... 0.529 ms / 2071 TFLOPS  (209 regs, 2.9s)
[409/540] -DSTAGGER_CYCLES=100 -DSUB_MMA_UNROLL=1 ... 0.533 ms / 2055 TFLOPS  (165 regs, 2.9s)
[410/540] -DSTAGGER_CYCLES=100 -DSUB_MMA_UNROLL=1 -DW0_LOOP_UNROLL=1 ... 0.695 ms / 1575 TFLOPS  (149 regs, 3.0s)
[411/540] -DSTAGGER_CYCLES=100 -DSUB_MMA_UNROLL=1 -DW0_LOOP_UNROLL=4 ... 0.533 ms / 2054 TFLOPS  (165 regs, 2.9s)
[412/540] -DSTAGGER_CYCLES=100 -DSUB_MMA_UNROLL=3 ... 0.529 ms / 2068 TFLOPS  (209 regs, 2.9s)
[413/540] -DSTAGGER_CYCLES=100 -DSUB_MMA_UNROLL=3 -DW0_LOOP_UNROLL=1 ... 0.690 ms / 1587 TFLOPS  (194 regs, 2.9s)
[414/540] -DSTAGGER_CYCLES=100 -DSUB_MMA_UNROLL=3 -DW0_LOOP_UNROLL=4 ... 0.528 ms / 2074 TFLOPS  (209 regs, 2.9s)
[415/540] -DPHASE1_UNROLL=4 -DSNAKE_ORDER=0 -DSTAGGER_CYCLES=100 ... 0.541 ms / 2024 TFLOPS  (255 regs, 3.1s)
[416/540] -DPHASE1_UNROLL=4 -DSNAKE_ORDER=0 -DSTAGGER_CYCLES=100 -DW0_LOOP_UNROLL=1 ... 0.689 ms / 1589 TFLOPS  (244 regs, 3.0s)
[417/540] -DPHASE1_UNROLL=4 -DSNAKE_ORDER=0 -DSTAGGER_CYCLES=100 -DW0_LOOP_UNROLL=4 ... 0.540 ms / 2029 TFLOPS  (255 regs, 3.0s)
[418/540] -DPHASE1_UNROLL=4 -DSNAKE_ORDER=0 -DSTAGGER_CYCLES=100 -DSUB_MMA_UNROLL=1 ... 0.540 ms / 2026 TFLOPS  (214 regs, 3.0s)
[419/540] -DPHASE1_UNROLL=4 -DSNAKE_ORDER=0 -DSTAGGER_CYCLES=100 -DSUB_MMA_UNROLL=1 -DW0_LOOP_UNROLL=1 ... 0.708 ms / 1547 TFLOPS  (200 regs, 3.0s)
[420/540] -DPHASE1_UNROLL=4 -DSNAKE_ORDER=0 -DSTAGGER_CYCLES=100 -DSUB_MMA_UNROLL=1 -DW0_LOOP_UNROLL=4 ... 0.539 ms / 2030 TFLOPS  (214 regs, 2.9s)
[421/540] -DPHASE1_UNROLL=4 -DSNAKE_ORDER=0 -DSTAGGER_CYCLES=100 -DSUB_MMA_UNROLL=3 ... 0.540 ms / 2026 TFLOPS  (255 regs, 3.1s)
[422/540] -DPHASE1_UNROLL=4 -DSNAKE_ORDER=0 -DSTAGGER_CYCLES=100 -DSUB_MMA_UNROLL=3 -DW0_LOOP_UNROLL=1 ... 0.698 ms / 1569 TFLOPS  (244 regs, 3.0s)
[423/540] -DPHASE1_UNROLL=4 -DSNAKE_ORDER=0 -DSTAGGER_CYCLES=100 -DSUB_MMA_UNROLL=3 -DW0_LOOP_UNROLL=4 ... 0.540 ms / 2027 TFLOPS  (255 regs, 3.0s)
[424/540] -DPHASE1_UNROLL=4 -DSTAGGER_CYCLES=100 ... 0.531 ms / 2062 TFLOPS  (255 regs, 3.0s)
[425/540] -DPHASE1_UNROLL=4 -DSTAGGER_CYCLES=100 -DW0_LOOP_UNROLL=1 ... 0.703 ms / 1559 TFLOPS  (244 regs, 3.0s)
[426/540] -DPHASE1_UNROLL=4 -DSTAGGER_CYCLES=100 -DW0_LOOP_UNROLL=4 ... 0.532 ms / 2058 TFLOPS  (255 regs, 3.0s)
[427/540] -DPHASE1_UNROLL=4 -DSTAGGER_CYCLES=100 -DSUB_MMA_UNROLL=1 ... 0.535 ms / 2047 TFLOPS  (214 regs, 3.0s)
[428/540] -DPHASE1_UNROLL=4 -DSTAGGER_CYCLES=100 -DSUB_MMA_UNROLL=1 -DW0_LOOP_UNROLL=1 ... 0.705 ms / 1554 TFLOPS  (200 regs, 3.0s)
[429/540] -DPHASE1_UNROLL=4 -DSTAGGER_CYCLES=100 -DSUB_MMA_UNROLL=1 -DW0_LOOP_UNROLL=4 ... 0.535 ms / 2048 TFLOPS  (214 regs, 3.0s)
[430/540] -DPHASE1_UNROLL=4 -DSTAGGER_CYCLES=100 -DSUB_MMA_UNROLL=3 ... 0.532 ms / 2057 TFLOPS  (255 regs, 3.0s)
[431/540] -DPHASE1_UNROLL=4 -DSTAGGER_CYCLES=100 -DSUB_MMA_UNROLL=3 -DW0_LOOP_UNROLL=1 ... 0.704 ms / 1556 TFLOPS  (244 regs, 3.0s)
[432/540] -DPHASE1_UNROLL=4 -DSTAGGER_CYCLES=100 -DSUB_MMA_UNROLL=3 -DW0_LOOP_UNROLL=4 ... 0.532 ms / 2059 TFLOPS  (255 regs, 3.0s)
[433/540] -DK_LOOP_UNROLL=6 -DPHASE1_UNROLL=1 -DSNAKE_ORDER=0 -DSTAGGER_CYCLES=100 ... 0.728 ms / 1504 TFLOPS  (147 regs, 3.0s)
[434/540] -DK_LOOP_UNROLL=6 -DPHASE1_UNROLL=1 -DSNAKE_ORDER=0 -DSTAGGER_CYCLES=100 -DW0_LOOP_UNROLL=1 ... 0.681 ms / 1607 TFLOPS  (128 regs, 2.9s)
[435/540] -DK_LOOP_UNROLL=6 -DPHASE1_UNROLL=1 -DSNAKE_ORDER=0 -DSTAGGER_CYCLES=100 -DW0_LOOP_UNROLL=4 ... 0.735 ms / 1489 TFLOPS  (144 regs, 2.9s)
[436/540] -DK_LOOP_UNROLL=6 -DPHASE1_UNROLL=1 -DSNAKE_ORDER=0 -DSTAGGER_CYCLES=100 -DSUB_MMA_UNROLL=1 ... 0.741 ms / 1478 TFLOPS  (134 regs, 2.9s)
[437/540] -DK_LOOP_UNROLL=6 -DPHASE1_UNROLL=1 -DSNAKE_ORDER=0 -DSTAGGER_CYCLES=100 -DSUB_MMA_UNROLL=1 -DW0_LOOP_UNROLL=1 ... 0.680 ms / 1610 TFLOPS  (120 regs, 2.9s)
[438/540] -DK_LOOP_UNROLL=6 -DPHASE1_UNROLL=1 -DSNAKE_ORDER=0 -DSTAGGER_CYCLES=100 -DSUB_MMA_UNROLL=1 -DW0_LOOP_UNROLL=4 ... 0.736 ms / 1488 TFLOPS  (134 regs, 2.8s)
[439/540] -DK_LOOP_UNROLL=6 -DPHASE1_UNROLL=1 -DSNAKE_ORDER=0 -DSTAGGER_CYCLES=100 -DSUB_MMA_UNROLL=3 ... 0.734 ms / 1492 TFLOPS  (147 regs, 2.9s)
[440/540] -DK_LOOP_UNROLL=6 -DPHASE1_UNROLL=1 -DSNAKE_ORDER=0 -DSTAGGER_CYCLES=100 -DSUB_MMA_UNROLL=3 -DW0_LOOP_UNROLL=1 ... 0.682 ms / 1606 TFLOPS  (128 regs, 2.9s)
[441/540] -DK_LOOP_UNROLL=6 -DPHASE1_UNROLL=1 -DSNAKE_ORDER=0 -DSTAGGER_CYCLES=100 -DSUB_MMA_UNROLL=3 -DW0_LOOP_UNROLL=4 ... 0.733 ms / 1494 TFLOPS  (144 regs, 2.9s)
[442/540] -DK_LOOP_UNROLL=6 -DPHASE1_UNROLL=1 -DSTAGGER_CYCLES=100 ... 0.602 ms / 1818 TFLOPS  (147 regs, 2.8s)
[443/540] -DK_LOOP_UNROLL=6 -DPHASE1_UNROLL=1 -DSTAGGER_CYCLES=100 -DW0_LOOP_UNROLL=1 ... 0.688 ms / 1593 TFLOPS  (128 regs, 2.9s)
[444/540] -DK_LOOP_UNROLL=6 -DPHASE1_UNROLL=1 -DSTAGGER_CYCLES=100 -DW0_LOOP_UNROLL=4 ... 0.615 ms / 1781 TFLOPS  (144 regs, 2.9s)
[445/540] -DK_LOOP_UNROLL=6 -DPHASE1_UNROLL=1 -DSTAGGER_CYCLES=100 -DSUB_MMA_UNROLL=1 ... 0.632 ms / 1732 TFLOPS  (134 regs, 2.9s)
[446/540] -DK_LOOP_UNROLL=6 -DPHASE1_UNROLL=1 -DSTAGGER_CYCLES=100 -DSUB_MMA_UNROLL=1 -DW0_LOOP_UNROLL=1 ... 0.685 ms / 1597 TFLOPS  (120 regs, 2.8s)
[447/540] -DK_LOOP_UNROLL=6 -DPHASE1_UNROLL=1 -DSTAGGER_CYCLES=100 -DSUB_MMA_UNROLL=1 -DW0_LOOP_UNROLL=4 ... 0.620 ms / 1765 TFLOPS  (134 regs, 2.8s)
[448/540] -DK_LOOP_UNROLL=6 -DPHASE1_UNROLL=1 -DSTAGGER_CYCLES=100 -DSUB_MMA_UNROLL=3 ... 0.617 ms / 1774 TFLOPS  (147 regs, 2.9s)
[449/540] -DK_LOOP_UNROLL=6 -DPHASE1_UNROLL=1 -DSTAGGER_CYCLES=100 -DSUB_MMA_UNROLL=3 -DW0_LOOP_UNROLL=1 ... 0.690 ms / 1588 TFLOPS  (128 regs, 3.0s)
[450/540] -DK_LOOP_UNROLL=6 -DPHASE1_UNROLL=1 -DSTAGGER_CYCLES=100 -DSUB_MMA_UNROLL=3 -DW0_LOOP_UNROLL=4 ... 0.629 ms / 1740 TFLOPS  (144 regs, 2.9s)
[451/540] -DK_LOOP_UNROLL=6 -DSNAKE_ORDER=0 -DSTAGGER_CYCLES=100 ... 0.572 ms / 1913 TFLOPS  (173 regs, 3.0s)
[452/540] -DK_LOOP_UNROLL=6 -DSNAKE_ORDER=0 -DSTAGGER_CYCLES=100 -DW0_LOOP_UNROLL=1 ... 0.694 ms / 1578 TFLOPS  (157 regs, 2.9s)
[453/540] -DK_LOOP_UNROLL=6 -DSNAKE_ORDER=0 -DSTAGGER_CYCLES=100 -DW0_LOOP_UNROLL=4 ... 0.572 ms / 1915 TFLOPS  (173 regs, 2.9s)
[454/540] -DK_LOOP_UNROLL=6 -DSNAKE_ORDER=0 -DSTAGGER_CYCLES=100 -DSUB_MMA_UNROLL=1 ... 0.576 ms / 1901 TFLOPS  (165 regs, 2.9s)
[455/540] -DK_LOOP_UNROLL=6 -DSNAKE_ORDER=0 -DSTAGGER_CYCLES=100 -DSUB_MMA_UNROLL=1 -DW0_LOOP_UNROLL=1 ... 0.689 ms / 1590 TFLOPS  (149 regs, 2.9s)
[456/540] -DK_LOOP_UNROLL=6 -DSNAKE_ORDER=0 -DSTAGGER_CYCLES=100 -DSUB_MMA_UNROLL=1 -DW0_LOOP_UNROLL=4 ... 0.573 ms / 1911 TFLOPS  (165 regs, 2.9s)
[457/540] -DK_LOOP_UNROLL=6 -DSNAKE_ORDER=0 -DSTAGGER_CYCLES=100 -DSUB_MMA_UNROLL=3 ... 0.569 ms / 1923 TFLOPS  (173 regs, 2.9s)
[458/540] -DK_LOOP_UNROLL=6 -DSNAKE_ORDER=0 -DSTAGGER_CYCLES=100 -DSUB_MMA_UNROLL=3 -DW0_LOOP_UNROLL=1 ... 0.685 ms / 1598 TFLOPS  (157 regs, 3.0s)
[459/540] -DK_LOOP_UNROLL=6 -DSNAKE_ORDER=0 -DSTAGGER_CYCLES=100 -DSUB_MMA_UNROLL=3 -DW0_LOOP_UNROLL=4 ... 0.570 ms / 1920 TFLOPS  (173 regs, 3.0s)
[460/540] -DK_LOOP_UNROLL=6 -DSTAGGER_CYCLES=100 ... 0.528 ms / 2074 TFLOPS  (173 regs, 3.0s)
[461/540] -DK_LOOP_UNROLL=6 -DSTAGGER_CYCLES=100 -DW0_LOOP_UNROLL=1 ... 0.681 ms / 1609 TFLOPS  (157 regs, 2.9s)
[462/540] -DK_LOOP_UNROLL=6 -DSTAGGER_CYCLES=100 -DW0_LOOP_UNROLL=4 ... 0.529 ms / 2070 TFLOPS  (173 regs, 2.9s)
[463/540] -DK_LOOP_UNROLL=6 -DSTAGGER_CYCLES=100 -DSUB_MMA_UNROLL=1 ... 0.527 ms / 2078 TFLOPS  (165 regs, 3.0s)
[464/540] -DK_LOOP_UNROLL=6 -DSTAGGER_CYCLES=100 -DSUB_MMA_UNROLL=1 -DW0_LOOP_UNROLL=1 ... 0.686 ms / 1596 TFLOPS  (149 regs, 3.0s)
[465/540] -DK_LOOP_UNROLL=6 -DSTAGGER_CYCLES=100 -DSUB_MMA_UNROLL=1 -DW0_LOOP_UNROLL=4 ... 0.530 ms / 2065 TFLOPS  (165 regs, 2.9s)
[466/540] -DK_LOOP_UNROLL=6 -DSTAGGER_CYCLES=100 -DSUB_MMA_UNROLL=3 ... 0.526 ms / 2081 TFLOPS  (173 regs, 2.9s)
[467/540] -DK_LOOP_UNROLL=6 -DSTAGGER_CYCLES=100 -DSUB_MMA_UNROLL=3 -DW0_LOOP_UNROLL=1 ... 0.688 ms / 1591 TFLOPS  (157 regs, 2.9s)
[468/540] -DK_LOOP_UNROLL=6 -DSTAGGER_CYCLES=100 -DSUB_MMA_UNROLL=3 -DW0_LOOP_UNROLL=4 ... 0.527 ms / 2078 TFLOPS  (173 regs, 2.9s)
[469/540] -DK_LOOP_UNROLL=6 -DPHASE1_UNROLL=4 -DSNAKE_ORDER=0 -DSTAGGER_CYCLES=100 ... 0.536 ms / 2041 TFLOPS  (222 regs, 3.0s)
[470/540] -DK_LOOP_UNROLL=6 -DPHASE1_UNROLL=4 -DSNAKE_ORDER=0 -DSTAGGER_CYCLES=100 -DW0_LOOP_UNROLL=1 ... 0.700 ms / 1565 TFLOPS  (208 regs, 3.0s)
[471/540] -DK_LOOP_UNROLL=6 -DPHASE1_UNROLL=4 -DSNAKE_ORDER=0 -DSTAGGER_CYCLES=100 -DW0_LOOP_UNROLL=4 ... 0.540 ms / 2029 TFLOPS  (222 regs, 2.9s)
[472/540] -DK_LOOP_UNROLL=6 -DPHASE1_UNROLL=4 -DSNAKE_ORDER=0 -DSTAGGER_CYCLES=100 -DSUB_MMA_UNROLL=1 ... 0.536 ms / 2044 TFLOPS  (214 regs, 3.0s)
[473/540] -DK_LOOP_UNROLL=6 -DPHASE1_UNROLL=4 -DSNAKE_ORDER=0 -DSTAGGER_CYCLES=100 -DSUB_MMA_UNROLL=1 -DW0_LOOP_UNROLL=1 ... 0.703 ms / 1559 TFLOPS  (200 regs, 3.0s)
[474/540] -DK_LOOP_UNROLL=6 -DPHASE1_UNROLL=4 -DSNAKE_ORDER=0 -DSTAGGER_CYCLES=100 -DSUB_MMA_UNROLL=1 -DW0_LOOP_UNROLL=4 ... 0.540 ms / 2027 TFLOPS  (214 regs, 3.0s)
[475/540] -DK_LOOP_UNROLL=6 -DPHASE1_UNROLL=4 -DSNAKE_ORDER=0 -DSTAGGER_CYCLES=100 -DSUB_MMA_UNROLL=3 ... 0.536 ms / 2042 TFLOPS  (222 regs, 3.0s)
[476/540] -DK_LOOP_UNROLL=6 -DPHASE1_UNROLL=4 -DSNAKE_ORDER=0 -DSTAGGER_CYCLES=100 -DSUB_MMA_UNROLL=3 -DW0_LOOP_UNROLL=1 ... 0.703 ms / 1557 TFLOPS  (208 regs, 2.9s)
[477/540] -DK_LOOP_UNROLL=6 -DPHASE1_UNROLL=4 -DSNAKE_ORDER=0 -DSTAGGER_CYCLES=100 -DSUB_MMA_UNROLL=3 -DW0_LOOP_UNROLL=4 ... 0.539 ms / 2033 TFLOPS  (222 regs, 2.9s)
[478/540] -DK_LOOP_UNROLL=6 -DPHASE1_UNROLL=4 -DSTAGGER_CYCLES=100 ... 0.529 ms / 2069 TFLOPS  (222 regs, 3.0s)
[479/540] -DK_LOOP_UNROLL=6 -DPHASE1_UNROLL=4 -DSTAGGER_CYCLES=100 -DW0_LOOP_UNROLL=1 ... 0.695 ms / 1575 TFLOPS  (208 regs, 2.9s)
[480/540] -DK_LOOP_UNROLL=6 -DPHASE1_UNROLL=4 -DSTAGGER_CYCLES=100 -DW0_LOOP_UNROLL=4 ... 0.531 ms / 2061 TFLOPS  (222 regs, 3.0s)
[481/540] -DK_LOOP_UNROLL=6 -DPHASE1_UNROLL=4 -DSTAGGER_CYCLES=100 -DSUB_MMA_UNROLL=1 ... 0.527 ms / 2076 TFLOPS  (214 regs, 3.1s)
[482/540] -DK_LOOP_UNROLL=6 -DPHASE1_UNROLL=4 -DSTAGGER_CYCLES=100 -DSUB_MMA_UNROLL=1 -DW0_LOOP_UNROLL=1 ... 0.694 ms / 1577 TFLOPS  (200 regs, 3.0s)
[483/540] -DK_LOOP_UNROLL=6 -DPHASE1_UNROLL=4 -DSTAGGER_CYCLES=100 -DSUB_MMA_UNROLL=1 -DW0_LOOP_UNROLL=4 ... 0.531 ms / 2064 TFLOPS  (214 regs, 3.0s)
[484/540] -DK_LOOP_UNROLL=6 -DPHASE1_UNROLL=4 -DSTAGGER_CYCLES=100 -DSUB_MMA_UNROLL=3 ... 0.530 ms / 2066 TFLOPS  (222 regs, 3.0s)
[485/540] -DK_LOOP_UNROLL=6 -DPHASE1_UNROLL=4 -DSTAGGER_CYCLES=100 -DSUB_MMA_UNROLL=3 -DW0_LOOP_UNROLL=1 ... 0.705 ms / 1554 TFLOPS  (208 regs, 3.1s)
[486/540] -DK_LOOP_UNROLL=6 -DPHASE1_UNROLL=4 -DSTAGGER_CYCLES=100 -DSUB_MMA_UNROLL=3 -DW0_LOOP_UNROLL=4 ... 0.531 ms / 2064 TFLOPS  (222 regs, 3.0s)
[487/540] -DK_LOOP_UNROLL=8 -DPHASE1_UNROLL=1 -DSNAKE_ORDER=0 -DSTAGGER_CYCLES=100 ... 0.736 ms / 1488 TFLOPS  (180 regs, 2.9s)
[488/540] -DK_LOOP_UNROLL=8 -DPHASE1_UNROLL=1 -DSNAKE_ORDER=0 -DSTAGGER_CYCLES=100 -DW0_LOOP_UNROLL=1 ... 0.686 ms / 1597 TFLOPS  (164 regs, 2.9s)
[489/540] -DK_LOOP_UNROLL=8 -DPHASE1_UNROLL=1 -DSNAKE_ORDER=0 -DSTAGGER_CYCLES=100 -DW0_LOOP_UNROLL=4 ... 0.726 ms / 1507 TFLOPS  (178 regs, 2.9s)
[490/540] -DK_LOOP_UNROLL=8 -DPHASE1_UNROLL=1 -DSNAKE_ORDER=0 -DSTAGGER_CYCLES=100 -DSUB_MMA_UNROLL=1 ... 0.733 ms / 1493 TFLOPS  (134 regs, 2.9s)
[491/540] -DK_LOOP_UNROLL=8 -DPHASE1_UNROLL=1 -DSNAKE_ORDER=0 -DSTAGGER_CYCLES=100 -DSUB_MMA_UNROLL=1 -DW0_LOOP_UNROLL=1 ... 0.690 ms / 1587 TFLOPS  (120 regs, 2.8s)
[492/540] -DK_LOOP_UNROLL=8 -DPHASE1_UNROLL=1 -DSNAKE_ORDER=0 -DSTAGGER_CYCLES=100 -DSUB_MMA_UNROLL=1 -DW0_LOOP_UNROLL=4 ... 0.736 ms / 1488 TFLOPS  (134 regs, 2.9s)
[493/540] -DK_LOOP_UNROLL=8 -DPHASE1_UNROLL=1 -DSNAKE_ORDER=0 -DSTAGGER_CYCLES=100 -DSUB_MMA_UNROLL=3 ... 0.729 ms / 1502 TFLOPS  (180 regs, 2.9s)
[494/540] -DK_LOOP_UNROLL=8 -DPHASE1_UNROLL=1 -DSNAKE_ORDER=0 -DSTAGGER_CYCLES=100 -DSUB_MMA_UNROLL=3 -DW0_LOOP_UNROLL=1 ... 0.688 ms / 1592 TFLOPS  (164 regs, 2.9s)
[495/540] -DK_LOOP_UNROLL=8 -DPHASE1_UNROLL=1 -DSNAKE_ORDER=0 -DSTAGGER_CYCLES=100 -DSUB_MMA_UNROLL=3 -DW0_LOOP_UNROLL=4 ... 0.733 ms / 1495 TFLOPS  (178 regs, 2.8s)
[496/540] -DK_LOOP_UNROLL=8 -DPHASE1_UNROLL=1 -DSTAGGER_CYCLES=100 ... 0.603 ms / 1815 TFLOPS  (180 regs, 2.9s)
[497/540] -DK_LOOP_UNROLL=8 -DPHASE1_UNROLL=1 -DSTAGGER_CYCLES=100 -DW0_LOOP_UNROLL=1 ... 0.683 ms / 1604 TFLOPS  (164 regs, 2.9s)
[498/540] -DK_LOOP_UNROLL=8 -DPHASE1_UNROLL=1 -DSTAGGER_CYCLES=100 -DW0_LOOP_UNROLL=4 ... 0.615 ms / 1780 TFLOPS  (178 regs, 2.9s)
[499/540] -DK_LOOP_UNROLL=8 -DPHASE1_UNROLL=1 -DSTAGGER_CYCLES=100 -DSUB_MMA_UNROLL=1 ... 0.619 ms / 1769 TFLOPS  (134 regs, 2.9s)
[500/540] -DK_LOOP_UNROLL=8 -DPHASE1_UNROLL=1 -DSTAGGER_CYCLES=100 -DSUB_MMA_UNROLL=1 -DW0_LOOP_UNROLL=1 ... 0.684 ms / 1600 TFLOPS  (120 regs, 2.9s)
[501/540] -DK_LOOP_UNROLL=8 -DPHASE1_UNROLL=1 -DSTAGGER_CYCLES=100 -DSUB_MMA_UNROLL=1 -DW0_LOOP_UNROLL=4 ... 0.618 ms / 1772 TFLOPS  (134 regs, 2.9s)
[502/540] -DK_LOOP_UNROLL=8 -DPHASE1_UNROLL=1 -DSTAGGER_CYCLES=100 -DSUB_MMA_UNROLL=3 ... 0.599 ms / 1829 TFLOPS  (180 regs, 2.9s)
[503/540] -DK_LOOP_UNROLL=8 -DPHASE1_UNROLL=1 -DSTAGGER_CYCLES=100 -DSUB_MMA_UNROLL=3 -DW0_LOOP_UNROLL=1 ... 0.685 ms / 1598 TFLOPS  (164 regs, 2.9s)
[504/540] -DK_LOOP_UNROLL=8 -DPHASE1_UNROLL=1 -DSTAGGER_CYCLES=100 -DSUB_MMA_UNROLL=3 -DW0_LOOP_UNROLL=4 ... 0.610 ms / 1794 TFLOPS  (178 regs, 3.0s)
[505/540] -DK_LOOP_UNROLL=8 -DSNAKE_ORDER=0 -DSTAGGER_CYCLES=100 ... 0.566 ms / 1935 TFLOPS  (209 regs, 2.9s)
[506/540] -DK_LOOP_UNROLL=8 -DSNAKE_ORDER=0 -DSTAGGER_CYCLES=100 -DW0_LOOP_UNROLL=1 ... 0.692 ms / 1583 TFLOPS  (194 regs, 2.9s)
[507/540] -DK_LOOP_UNROLL=8 -DSNAKE_ORDER=0 -DSTAGGER_CYCLES=100 -DW0_LOOP_UNROLL=4 ... 0.558 ms / 1963 TFLOPS  (209 regs, 3.0s)
[508/540] -DK_LOOP_UNROLL=8 -DSNAKE_ORDER=0 -DSTAGGER_CYCLES=100 -DSUB_MMA_UNROLL=1 ... 0.569 ms / 1926 TFLOPS  (165 regs, 2.9s)
[509/540] -DK_LOOP_UNROLL=8 -DSNAKE_ORDER=0 -DSTAGGER_CYCLES=100 -DSUB_MMA_UNROLL=1 -DW0_LOOP_UNROLL=1 ... 0.684 ms / 1601 TFLOPS  (149 regs, 3.0s)
[510/540] -DK_LOOP_UNROLL=8 -DSNAKE_ORDER=0 -DSTAGGER_CYCLES=100 -DSUB_MMA_UNROLL=1 -DW0_LOOP_UNROLL=4 ... 0.564 ms / 1941 TFLOPS  (165 regs, 2.9s)
[511/540] -DK_LOOP_UNROLL=8 -DSNAKE_ORDER=0 -DSTAGGER_CYCLES=100 -DSUB_MMA_UNROLL=3 ... 0.568 ms / 1928 TFLOPS  (209 regs, 3.0s)
[512/540] -DK_LOOP_UNROLL=8 -DSNAKE_ORDER=0 -DSTAGGER_CYCLES=100 -DSUB_MMA_UNROLL=3 -DW0_LOOP_UNROLL=1 ... 0.695 ms / 1575 TFLOPS  (194 regs, 2.9s)
[513/540] -DK_LOOP_UNROLL=8 -DSNAKE_ORDER=0 -DSTAGGER_CYCLES=100 -DSUB_MMA_UNROLL=3 -DW0_LOOP_UNROLL=4 ... 0.556 ms / 1971 TFLOPS  (209 regs, 2.9s)
[514/540] -DK_LOOP_UNROLL=8 -DSTAGGER_CYCLES=100 ... 0.525 ms / 2085 TFLOPS  (209 regs, 2.9s)
[515/540] -DK_LOOP_UNROLL=8 -DSTAGGER_CYCLES=100 -DW0_LOOP_UNROLL=1 ... 0.686 ms / 1597 TFLOPS  (194 regs, 2.9s)
[516/540] -DK_LOOP_UNROLL=8 -DSTAGGER_CYCLES=100 -DW0_LOOP_UNROLL=4 ... 0.530 ms / 2065 TFLOPS  (209 regs, 2.9s)
[517/540] -DK_LOOP_UNROLL=8 -DSTAGGER_CYCLES=100 -DSUB_MMA_UNROLL=1 ... 0.527 ms / 2076 TFLOPS  (165 regs, 2.9s)
[518/540] -DK_LOOP_UNROLL=8 -DSTAGGER_CYCLES=100 -DSUB_MMA_UNROLL=1 -DW0_LOOP_UNROLL=1 ... 0.683 ms / 1603 TFLOPS  (149 regs, 2.9s)
[519/540] -DK_LOOP_UNROLL=8 -DSTAGGER_CYCLES=100 -DSUB_MMA_UNROLL=1 -DW0_LOOP_UNROLL=4 ... 0.526 ms / 2082 TFLOPS  (165 regs, 2.9s)
[520/540] -DK_LOOP_UNROLL=8 -DSTAGGER_CYCLES=100 -DSUB_MMA_UNROLL=3 ... 0.526 ms / 2080 TFLOPS  (209 regs, 2.9s)
[521/540] -DK_LOOP_UNROLL=8 -DSTAGGER_CYCLES=100 -DSUB_MMA_UNROLL=3 -DW0_LOOP_UNROLL=1 ... 0.689 ms / 1589 TFLOPS  (194 regs, 2.9s)
[522/540] -DK_LOOP_UNROLL=8 -DSTAGGER_CYCLES=100 -DSUB_MMA_UNROLL=3 -DW0_LOOP_UNROLL=4 ... 0.528 ms / 2074 TFLOPS  (209 regs, 2.9s)
[523/540] -DK_LOOP_UNROLL=8 -DPHASE1_UNROLL=4 -DSNAKE_ORDER=0 -DSTAGGER_CYCLES=100 ... 0.538 ms / 2034 TFLOPS  (255 regs, 3.0s)
[524/540] -DK_LOOP_UNROLL=8 -DPHASE1_UNROLL=4 -DSNAKE_ORDER=0 -DSTAGGER_CYCLES=100 -DW0_LOOP_UNROLL=1 ... 0.698 ms / 1569 TFLOPS  (244 regs, 2.9s)
[525/540] -DK_LOOP_UNROLL=8 -DPHASE1_UNROLL=4 -DSNAKE_ORDER=0 -DSTAGGER_CYCLES=100 -DW0_LOOP_UNROLL=4 ... 0.540 ms / 2026 TFLOPS  (255 regs, 3.1s)
[526/540] -DK_LOOP_UNROLL=8 -DPHASE1_UNROLL=4 -DSNAKE_ORDER=0 -DSTAGGER_CYCLES=100 -DSUB_MMA_UNROLL=1 ... 0.536 ms / 2042 TFLOPS  (214 regs, 3.0s)
[527/540] -DK_LOOP_UNROLL=8 -DPHASE1_UNROLL=4 -DSNAKE_ORDER=0 -DSTAGGER_CYCLES=100 -DSUB_MMA_UNROLL=1 -DW0_LOOP_UNROLL=1 ... 0.699 ms / 1567 TFLOPS  (200 regs, 2.9s)
[528/540] -DK_LOOP_UNROLL=8 -DPHASE1_UNROLL=4 -DSNAKE_ORDER=0 -DSTAGGER_CYCLES=100 -DSUB_MMA_UNROLL=1 -DW0_LOOP_UNROLL=4 ... 0.541 ms / 2025 TFLOPS  (214 regs, 3.0s)
[529/540] -DK_LOOP_UNROLL=8 -DPHASE1_UNROLL=4 -DSNAKE_ORDER=0 -DSTAGGER_CYCLES=100 -DSUB_MMA_UNROLL=3 ... 0.541 ms / 2026 TFLOPS  (255 regs, 3.0s)
[530/540] -DK_LOOP_UNROLL=8 -DPHASE1_UNROLL=4 -DSNAKE_ORDER=0 -DSTAGGER_CYCLES=100 -DSUB_MMA_UNROLL=3 -DW0_LOOP_UNROLL=1 ... 0.696 ms / 1574 TFLOPS  (244 regs, 2.9s)
[531/540] -DK_LOOP_UNROLL=8 -DPHASE1_UNROLL=4 -DSNAKE_ORDER=0 -DSTAGGER_CYCLES=100 -DSUB_MMA_UNROLL=3 -DW0_LOOP_UNROLL=4 ... 0.541 ms / 2022 TFLOPS  (255 regs, 3.0s)
[532/540] -DK_LOOP_UNROLL=8 -DPHASE1_UNROLL=4 -DSTAGGER_CYCLES=100 ... 0.530 ms / 2066 TFLOPS  (255 regs, 3.0s)
[533/540] -DK_LOOP_UNROLL=8 -DPHASE1_UNROLL=4 -DSTAGGER_CYCLES=100 -DW0_LOOP_UNROLL=1 ... 0.696 ms / 1574 TFLOPS  (244 regs, 2.9s)
[534/540] -DK_LOOP_UNROLL=8 -DPHASE1_UNROLL=4 -DSTAGGER_CYCLES=100 -DW0_LOOP_UNROLL=4 ... 0.531 ms / 2062 TFLOPS  (255 regs, 3.0s)
[535/540] -DK_LOOP_UNROLL=8 -DPHASE1_UNROLL=4 -DSTAGGER_CYCLES=100 -DSUB_MMA_UNROLL=1 ... 0.530 ms / 2065 TFLOPS  (214 regs, 3.0s)
[536/540] -DK_LOOP_UNROLL=8 -DPHASE1_UNROLL=4 -DSTAGGER_CYCLES=100 -DSUB_MMA_UNROLL=1 -DW0_LOOP_UNROLL=1 ... 0.696 ms / 1573 TFLOPS  (200 regs, 2.9s)
[537/540] -DK_LOOP_UNROLL=8 -DPHASE1_UNROLL=4 -DSTAGGER_CYCLES=100 -DSUB_MMA_UNROLL=1 -DW0_LOOP_UNROLL=4 ... 0.531 ms / 2063 TFLOPS  (214 regs, 3.1s)
[538/540] -DK_LOOP_UNROLL=8 -DPHASE1_UNROLL=4 -DSTAGGER_CYCLES=100 -DSUB_MMA_UNROLL=3 ... 0.531 ms / 2063 TFLOPS  (255 regs, 3.0s)
[539/540] -DK_LOOP_UNROLL=8 -DPHASE1_UNROLL=4 -DSTAGGER_CYCLES=100 -DSUB_MMA_UNROLL=3 -DW0_LOOP_UNROLL=1 ... 0.702 ms / 1560 TFLOPS  (244 regs, 3.0s)
[540/540] -DK_LOOP_UNROLL=8 -DPHASE1_UNROLL=4 -DSTAGGER_CYCLES=100 -DSUB_MMA_UNROLL=3 -DW0_LOOP_UNROLL=4 ... 0.529 ms / 2070 TFLOPS  (255 regs, 3.0s)
  Branch 2/3: -DSTAGGER_CYCLES=200
Sweep: 540 total, 540 valid, 0 pruned
Estimated time: ~45 min (540 configs × ~5s each)

[1/540] -DCVT_ADD_FUSED=0 -DK_LOOP_UNROLL=1 -DPHASE1_UNROLL=1 -DSNAKE_ORDER=0 -DSTAGGER_CYCLES=200 ... 0.674 ms / 1624 TFLOPS  (130 regs, 2.9s)
[2/540] -DCVT_ADD_FUSED=0 -DK_LOOP_UNROLL=1 -DPHASE1_UNROLL=1 -DSNAKE_ORDER=0 -DSTAGGER_CYCLES=200 -DW0_LOOP_UNROLL=1 ... 0.767 ms / 1428 TFLOPS  (111 regs, 2.9s)
[3/540] -DCVT_ADD_FUSED=0 -DK_LOOP_UNROLL=1 -DPHASE1_UNROLL=1 -DSNAKE_ORDER=0 -DSTAGGER_CYCLES=200 -DW0_LOOP_UNROLL=4 ... 0.676 ms / 1619 TFLOPS  (130 regs, 2.9s)
[4/540] -DCVT_ADD_FUSED=0 -DK_LOOP_UNROLL=1 -DPHASE1_UNROLL=1 -DSNAKE_ORDER=0 -DSTAGGER_CYCLES=200 -DSUB_MMA_UNROLL=1 ... 0.695 ms / 1577 TFLOPS  (126 regs, 2.8s)
[5/540] -DCVT_ADD_FUSED=0 -DK_LOOP_UNROLL=1 -DPHASE1_UNROLL=1 -DSNAKE_ORDER=0 -DSTAGGER_CYCLES=200 -DSUB_MMA_UNROLL=1 -DW0_LOOP_UNROLL=1 ... 0.791 ms / 1385 TFLOPS  (105 regs, 2.8s)
[6/540] -DCVT_ADD_FUSED=0 -DK_LOOP_UNROLL=1 -DPHASE1_UNROLL=1 -DSNAKE_ORDER=0 -DSTAGGER_CYCLES=200 -DSUB_MMA_UNROLL=1 -DW0_LOOP_UNROLL=4 ... 0.705 ms / 1554 TFLOPS  (126 regs, 2.9s)
[7/540] -DCVT_ADD_FUSED=0 -DK_LOOP_UNROLL=1 -DPHASE1_UNROLL=1 -DSNAKE_ORDER=0 -DSTAGGER_CYCLES=200 -DSUB_MMA_UNROLL=3 ... 0.669 ms / 1637 TFLOPS  (130 regs, 2.8s)
[8/540] -DCVT_ADD_FUSED=0 -DK_LOOP_UNROLL=1 -DPHASE1_UNROLL=1 -DSNAKE_ORDER=0 -DSTAGGER_CYCLES=200 -DSUB_MMA_UNROLL=3 -DW0_LOOP_UNROLL=1 ... 0.769 ms / 1424 TFLOPS  (111 regs, 2.9s)
[9/540] -DCVT_ADD_FUSED=0 -DK_LOOP_UNROLL=1 -DPHASE1_UNROLL=1 -DSNAKE_ORDER=0 -DSTAGGER_CYCLES=200 -DSUB_MMA_UNROLL=3 -DW0_LOOP_UNROLL=4 ... 0.674 ms / 1624 TFLOPS  (130 regs, 2.9s)
[10/540] -DCVT_ADD_FUSED=0 -DK_LOOP_UNROLL=1 -DPHASE1_UNROLL=1 -DSTAGGER_CYCLES=200 ... 0.678 ms / 1616 TFLOPS  (130 regs, 2.9s)
[11/540] -DCVT_ADD_FUSED=0 -DK_LOOP_UNROLL=1 -DPHASE1_UNROLL=1 -DSTAGGER_CYCLES=200 -DW0_LOOP_UNROLL=1 ... 0.767 ms / 1428 TFLOPS  (111 regs, 2.8s)
[12/540] -DCVT_ADD_FUSED=0 -DK_LOOP_UNROLL=1 -DPHASE1_UNROLL=1 -DSTAGGER_CYCLES=200 -DW0_LOOP_UNROLL=4 ... 0.673 ms / 1627 TFLOPS  (130 regs, 2.9s)
[13/540] -DCVT_ADD_FUSED=0 -DK_LOOP_UNROLL=1 -DPHASE1_UNROLL=1 -DSTAGGER_CYCLES=200 -DSUB_MMA_UNROLL=1 ... 0.706 ms / 1551 TFLOPS  (126 regs, 2.9s)
[14/540] -DCVT_ADD_FUSED=0 -DK_LOOP_UNROLL=1 -DPHASE1_UNROLL=1 -DSTAGGER_CYCLES=200 -DSUB_MMA_UNROLL=1 -DW0_LOOP_UNROLL=1 ... 0.795 ms / 1378 TFLOPS  (105 regs, 2.9s)
[15/540] -DCVT_ADD_FUSED=0 -DK_LOOP_UNROLL=1 -DPHASE1_UNROLL=1 -DSTAGGER_CYCLES=200 -DSUB_MMA_UNROLL=1 -DW0_LOOP_UNROLL=4 ... 0.701 ms / 1562 TFLOPS  (126 regs, 2.9s)
[16/540] -DCVT_ADD_FUSED=0 -DK_LOOP_UNROLL=1 -DPHASE1_UNROLL=1 -DSTAGGER_CYCLES=200 -DSUB_MMA_UNROLL=3 ... 0.671 ms / 1632 TFLOPS  (130 regs, 2.9s)
[17/540] -DCVT_ADD_FUSED=0 -DK_LOOP_UNROLL=1 -DPHASE1_UNROLL=1 -DSTAGGER_CYCLES=200 -DSUB_MMA_UNROLL=3 -DW0_LOOP_UNROLL=1 ... 0.768 ms / 1425 TFLOPS  (111 regs, 2.9s)
[18/540] -DCVT_ADD_FUSED=0 -DK_LOOP_UNROLL=1 -DPHASE1_UNROLL=1 -DSTAGGER_CYCLES=200 -DSUB_MMA_UNROLL=3 -DW0_LOOP_UNROLL=4 ... 0.676 ms / 1621 TFLOPS  (130 regs, 2.9s)
[19/540] -DCVT_ADD_FUSED=0 -DK_LOOP_UNROLL=1 -DSNAKE_ORDER=0 -DSTAGGER_CYCLES=200 ... 0.669 ms / 1636 TFLOPS  (161 regs, 2.9s)
[20/540] -DCVT_ADD_FUSED=0 -DK_LOOP_UNROLL=1 -DSNAKE_ORDER=0 -DSTAGGER_CYCLES=200 -DW0_LOOP_UNROLL=1 ... 0.766 ms / 1429 TFLOPS  (142 regs, 2.9s)
[21/540] -DCVT_ADD_FUSED=0 -DK_LOOP_UNROLL=1 -DSNAKE_ORDER=0 -DSTAGGER_CYCLES=200 -DW0_LOOP_UNROLL=4 ... 0.664 ms / 1650 TFLOPS  (161 regs, 2.9s)
[22/540] -DCVT_ADD_FUSED=0 -DK_LOOP_UNROLL=1 -DSNAKE_ORDER=0 -DSTAGGER_CYCLES=200 -DSUB_MMA_UNROLL=1 ... 0.699 ms / 1567 TFLOPS  (153 regs, 2.8s)
[23/540] -DCVT_ADD_FUSED=0 -DK_LOOP_UNROLL=1 -DSNAKE_ORDER=0 -DSTAGGER_CYCLES=200 -DSUB_MMA_UNROLL=1 -DW0_LOOP_UNROLL=1 ... 0.781 ms / 1403 TFLOPS  (134 regs, 3.0s)
[24/540] -DCVT_ADD_FUSED=0 -DK_LOOP_UNROLL=1 -DSNAKE_ORDER=0 -DSTAGGER_CYCLES=200 -DSUB_MMA_UNROLL=1 -DW0_LOOP_UNROLL=4 ... 0.704 ms / 1556 TFLOPS  (153 regs, 2.9s)
[25/540] -DCVT_ADD_FUSED=0 -DK_LOOP_UNROLL=1 -DSNAKE_ORDER=0 -DSTAGGER_CYCLES=200 -DSUB_MMA_UNROLL=3 ... 0.662 ms / 1655 TFLOPS  (161 regs, 3.0s)
[26/540] -DCVT_ADD_FUSED=0 -DK_LOOP_UNROLL=1 -DSNAKE_ORDER=0 -DSTAGGER_CYCLES=200 -DSUB_MMA_UNROLL=3 -DW0_LOOP_UNROLL=1 ... 0.770 ms / 1423 TFLOPS  (142 regs, 2.9s)
[27/540] -DCVT_ADD_FUSED=0 -DK_LOOP_UNROLL=1 -DSNAKE_ORDER=0 -DSTAGGER_CYCLES=200 -DSUB_MMA_UNROLL=3 -DW0_LOOP_UNROLL=4 ... 0.664 ms / 1650 TFLOPS  (161 regs, 2.9s)
[28/540] -DCVT_ADD_FUSED=0 -DK_LOOP_UNROLL=1 -DSTAGGER_CYCLES=200 ... 0.667 ms / 1643 TFLOPS  (161 regs, 2.9s)
[29/540] -DCVT_ADD_FUSED=0 -DK_LOOP_UNROLL=1 -DSTAGGER_CYCLES=200 -DW0_LOOP_UNROLL=1 ... 0.761 ms / 1439 TFLOPS  (142 regs, 3.0s)
[30/540] -DCVT_ADD_FUSED=0 -DK_LOOP_UNROLL=1 -DSTAGGER_CYCLES=200 -DW0_LOOP_UNROLL=4 ... 0.664 ms / 1649 TFLOPS  (161 regs, 2.9s)
[31/540] -DCVT_ADD_FUSED=0 -DK_LOOP_UNROLL=1 -DSTAGGER_CYCLES=200 -DSUB_MMA_UNROLL=1 ... 0.703 ms / 1558 TFLOPS  (153 regs, 2.9s)
[32/540] -DCVT_ADD_FUSED=0 -DK_LOOP_UNROLL=1 -DSTAGGER_CYCLES=200 -DSUB_MMA_UNROLL=1 -DW0_LOOP_UNROLL=1 ... 0.784 ms / 1397 TFLOPS  (134 regs, 2.9s)
[33/540] -DCVT_ADD_FUSED=0 -DK_LOOP_UNROLL=1 -DSTAGGER_CYCLES=200 -DSUB_MMA_UNROLL=1 -DW0_LOOP_UNROLL=4 ... 0.711 ms / 1541 TFLOPS  (153 regs, 2.9s)
[34/540] -DCVT_ADD_FUSED=0 -DK_LOOP_UNROLL=1 -DSTAGGER_CYCLES=200 -DSUB_MMA_UNROLL=3 ... 0.669 ms / 1637 TFLOPS  (161 regs, 3.0s)
[35/540] -DCVT_ADD_FUSED=0 -DK_LOOP_UNROLL=1 -DSTAGGER_CYCLES=200 -DSUB_MMA_UNROLL=3 -DW0_LOOP_UNROLL=1 ... 0.745 ms / 1470 TFLOPS  (142 regs, 3.0s)
[36/540] -DCVT_ADD_FUSED=0 -DK_LOOP_UNROLL=1 -DSTAGGER_CYCLES=200 -DSUB_MMA_UNROLL=3 -DW0_LOOP_UNROLL=4 ... 0.660 ms / 1659 TFLOPS  (161 regs, 3.0s)
[37/540] -DCVT_ADD_FUSED=0 -DK_LOOP_UNROLL=1 -DPHASE1_UNROLL=4 -DSNAKE_ORDER=0 -DSTAGGER_CYCLES=200 ... 0.672 ms / 1630 TFLOPS  (210 regs, 3.1s)
[38/540] -DCVT_ADD_FUSED=0 -DK_LOOP_UNROLL=1 -DPHASE1_UNROLL=4 -DSNAKE_ORDER=0 -DSTAGGER_CYCLES=200 -DW0_LOOP_UNROLL=1 ... 0.773 ms / 1416 TFLOPS  (192 regs, 3.0s)
[39/540] -DCVT_ADD_FUSED=0 -DK_LOOP_UNROLL=1 -DPHASE1_UNROLL=4 -DSNAKE_ORDER=0 -DSTAGGER_CYCLES=200 -DW0_LOOP_UNROLL=4 ... 0.676 ms / 1621 TFLOPS  (210 regs, 3.0s)
[40/540] -DCVT_ADD_FUSED=0 -DK_LOOP_UNROLL=1 -DPHASE1_UNROLL=4 -DSNAKE_ORDER=0 -DSTAGGER_CYCLES=200 -DSUB_MMA_UNROLL=1 ... 0.708 ms / 1547 TFLOPS  (202 regs, 3.0s)
[41/540] -DCVT_ADD_FUSED=0 -DK_LOOP_UNROLL=1 -DPHASE1_UNROLL=4 -DSNAKE_ORDER=0 -DSTAGGER_CYCLES=200 -DSUB_MMA_UNROLL=1 -DW0_LOOP_UNROLL=1 ... 0.791 ms / 1384 TFLOPS  (184 regs, 3.0s)
[42/540] -DCVT_ADD_FUSED=0 -DK_LOOP_UNROLL=1 -DPHASE1_UNROLL=4 -DSNAKE_ORDER=0 -DSTAGGER_CYCLES=200 -DSUB_MMA_UNROLL=1 -DW0_LOOP_UNROLL=4 ... 0.715 ms / 1532 TFLOPS  (202 regs, 3.0s)
[43/540] -DCVT_ADD_FUSED=0 -DK_LOOP_UNROLL=1 -DPHASE1_UNROLL=4 -DSNAKE_ORDER=0 -DSTAGGER_CYCLES=200 -DSUB_MMA_UNROLL=3 ... 0.683 ms / 1604 TFLOPS  (210 regs, 3.0s)
[44/540] -DCVT_ADD_FUSED=0 -DK_LOOP_UNROLL=1 -DPHASE1_UNROLL=4 -DSNAKE_ORDER=0 -DSTAGGER_CYCLES=200 -DSUB_MMA_UNROLL=3 -DW0_LOOP_UNROLL=1 ... 0.761 ms / 1440 TFLOPS  (192 regs, 3.0s)
[45/540] -DCVT_ADD_FUSED=0 -DK_LOOP_UNROLL=1 -DPHASE1_UNROLL=4 -DSNAKE_ORDER=0 -DSTAGGER_CYCLES=200 -DSUB_MMA_UNROLL=3 -DW0_LOOP_UNROLL=4 ... 0.674 ms / 1624 TFLOPS  (210 regs, 3.0s)
[46/540] -DCVT_ADD_FUSED=0 -DK_LOOP_UNROLL=1 -DPHASE1_UNROLL=4 -DSTAGGER_CYCLES=200 ... 0.669 ms / 1637 TFLOPS  (210 regs, 3.0s)
[47/540] -DCVT_ADD_FUSED=0 -DK_LOOP_UNROLL=1 -DPHASE1_UNROLL=4 -DSTAGGER_CYCLES=200 -DW0_LOOP_UNROLL=1 ... 0.759 ms / 1443 TFLOPS  (192 regs, 3.0s)
[48/540] -DCVT_ADD_FUSED=0 -DK_LOOP_UNROLL=1 -DPHASE1_UNROLL=4 -DSTAGGER_CYCLES=200 -DW0_LOOP_UNROLL=4 ... 0.662 ms / 1655 TFLOPS  (210 regs, 3.0s)
[49/540] -DCVT_ADD_FUSED=0 -DK_LOOP_UNROLL=1 -DPHASE1_UNROLL=4 -DSTAGGER_CYCLES=200 -DSUB_MMA_UNROLL=1 ... 0.707 ms / 1549 TFLOPS  (202 regs, 3.0s)
[50/540] -DCVT_ADD_FUSED=0 -DK_LOOP_UNROLL=1 -DPHASE1_UNROLL=4 -DSTAGGER_CYCLES=200 -DSUB_MMA_UNROLL=1 -DW0_LOOP_UNROLL=1 ... 0.781 ms / 1402 TFLOPS  (184 regs, 3.0s)
[51/540] -DCVT_ADD_FUSED=0 -DK_LOOP_UNROLL=1 -DPHASE1_UNROLL=4 -DSTAGGER_CYCLES=200 -DSUB_MMA_UNROLL=1 -DW0_LOOP_UNROLL=4 ... 0.708 ms / 1546 TFLOPS  (202 regs, 3.1s)
[52/540] -DCVT_ADD_FUSED=0 -DK_LOOP_UNROLL=1 -DPHASE1_UNROLL=4 -DSTAGGER_CYCLES=200 -DSUB_MMA_UNROLL=3 ... 0.669 ms / 1636 TFLOPS  (210 regs, 3.0s)
[53/540] -DCVT_ADD_FUSED=0 -DK_LOOP_UNROLL=1 -DPHASE1_UNROLL=4 -DSTAGGER_CYCLES=200 -DSUB_MMA_UNROLL=3 -DW0_LOOP_UNROLL=1 ... 0.752 ms / 1455 TFLOPS  (192 regs, 3.1s)
[54/540] -DCVT_ADD_FUSED=0 -DK_LOOP_UNROLL=1 -DPHASE1_UNROLL=4 -DSTAGGER_CYCLES=200 -DSUB_MMA_UNROLL=3 -DW0_LOOP_UNROLL=4 ... 0.670 ms / 1634 TFLOPS  (210 regs, 3.0s)
[55/540] -DCVT_ADD_FUSED=0 -DK_LOOP_UNROLL=2 -DPHASE1_UNROLL=1 -DSNAKE_ORDER=0 -DSTAGGER_CYCLES=200 ... 0.672 ms / 1630 TFLOPS  (130 regs, 2.9s)
[56/540] -DCVT_ADD_FUSED=0 -DK_LOOP_UNROLL=2 -DPHASE1_UNROLL=1 -DSNAKE_ORDER=0 -DSTAGGER_CYCLES=200 -DW0_LOOP_UNROLL=1 ... 0.780 ms / 1405 TFLOPS  (111 regs, 2.9s)
[57/540] -DCVT_ADD_FUSED=0 -DK_LOOP_UNROLL=2 -DPHASE1_UNROLL=1 -DSNAKE_ORDER=0 -DSTAGGER_CYCLES=200 -DW0_LOOP_UNROLL=4 ... 0.680 ms / 1610 TFLOPS  (130 regs, 2.9s)
[58/540] -DCVT_ADD_FUSED=0 -DK_LOOP_UNROLL=2 -DPHASE1_UNROLL=1 -DSNAKE_ORDER=0 -DSTAGGER_CYCLES=200 -DSUB_MMA_UNROLL=1 ... 0.700 ms / 1563 TFLOPS  (126 regs, 3.0s)
[59/540] -DCVT_ADD_FUSED=0 -DK_LOOP_UNROLL=2 -DPHASE1_UNROLL=1 -DSNAKE_ORDER=0 -DSTAGGER_CYCLES=200 -DSUB_MMA_UNROLL=1 -DW0_LOOP_UNROLL=1 ... 0.793 ms / 1381 TFLOPS  (105 regs, 3.0s)
[60/540] -DCVT_ADD_FUSED=0 -DK_LOOP_UNROLL=2 -DPHASE1_UNROLL=1 -DSNAKE_ORDER=0 -DSTAGGER_CYCLES=200 -DSUB_MMA_UNROLL=1 -DW0_LOOP_UNROLL=4 ... 0.701 ms / 1562 TFLOPS  (126 regs, 2.9s)
[61/540] -DCVT_ADD_FUSED=0 -DK_LOOP_UNROLL=2 -DPHASE1_UNROLL=1 -DSNAKE_ORDER=0 -DSTAGGER_CYCLES=200 -DSUB_MMA_UNROLL=3 ... 0.674 ms / 1624 TFLOPS  (130 regs, 2.9s)
[62/540] -DCVT_ADD_FUSED=0 -DK_LOOP_UNROLL=2 -DPHASE1_UNROLL=1 -DSNAKE_ORDER=0 -DSTAGGER_CYCLES=200 -DSUB_MMA_UNROLL=3 -DW0_LOOP_UNROLL=1 ... 0.763 ms / 1434 TFLOPS  (111 regs, 2.8s)
[63/540] -DCVT_ADD_FUSED=0 -DK_LOOP_UNROLL=2 -DPHASE1_UNROLL=1 -DSNAKE_ORDER=0 -DSTAGGER_CYCLES=200 -DSUB_MMA_UNROLL=3 -DW0_LOOP_UNROLL=4 ... 0.680 ms / 1610 TFLOPS  (130 regs, 2.9s)
[64/540] -DCVT_ADD_FUSED=0 -DK_LOOP_UNROLL=2 -DPHASE1_UNROLL=1 -DSTAGGER_CYCLES=200 ... 0.671 ms / 1632 TFLOPS  (130 regs, 2.9s)
[65/540] -DCVT_ADD_FUSED=0 -DK_LOOP_UNROLL=2 -DPHASE1_UNROLL=1 -DSTAGGER_CYCLES=200 -DW0_LOOP_UNROLL=1 ... 0.760 ms / 1441 TFLOPS  (111 regs, 2.8s)
[66/540] -DCVT_ADD_FUSED=0 -DK_LOOP_UNROLL=2 -DPHASE1_UNROLL=1 -DSTAGGER_CYCLES=200 -DW0_LOOP_UNROLL=4 ... 0.675 ms / 1623 TFLOPS  (130 regs, 2.9s)
[67/540] -DCVT_ADD_FUSED=0 -DK_LOOP_UNROLL=2 -DPHASE1_UNROLL=1 -DSTAGGER_CYCLES=200 -DSUB_MMA_UNROLL=1 ... 0.702 ms / 1559 TFLOPS  (126 regs, 2.9s)
[68/540] -DCVT_ADD_FUSED=0 -DK_LOOP_UNROLL=2 -DPHASE1_UNROLL=1 -DSTAGGER_CYCLES=200 -DSUB_MMA_UNROLL=1 -DW0_LOOP_UNROLL=1 ... 0.786 ms / 1394 TFLOPS  (105 regs, 2.9s)
[69/540] -DCVT_ADD_FUSED=0 -DK_LOOP_UNROLL=2 -DPHASE1_UNROLL=1 -DSTAGGER_CYCLES=200 -DSUB_MMA_UNROLL=1 -DW0_LOOP_UNROLL=4 ... 0.699 ms / 1566 TFLOPS  (126 regs, 2.9s)
[70/540] -DCVT_ADD_FUSED=0 -DK_LOOP_UNROLL=2 -DPHASE1_UNROLL=1 -DSTAGGER_CYCLES=200 -DSUB_MMA_UNROLL=3 ... 0.673 ms / 1628 TFLOPS  (130 regs, 2.8s)
[71/540] -DCVT_ADD_FUSED=0 -DK_LOOP_UNROLL=2 -DPHASE1_UNROLL=1 -DSTAGGER_CYCLES=200 -DSUB_MMA_UNROLL=3 -DW0_LOOP_UNROLL=1 ... 0.765 ms / 1431 TFLOPS  (111 regs, 2.9s)
[72/540] -DCVT_ADD_FUSED=0 -DK_LOOP_UNROLL=2 -DPHASE1_UNROLL=1 -DSTAGGER_CYCLES=200 -DSUB_MMA_UNROLL=3 -DW0_LOOP_UNROLL=4 ... 0.678 ms / 1616 TFLOPS  (130 regs, 2.9s)
[73/540] -DCVT_ADD_FUSED=0 -DK_LOOP_UNROLL=2 -DSNAKE_ORDER=0 -DSTAGGER_CYCLES=200 ... 0.675 ms / 1623 TFLOPS  (161 regs, 2.9s)
[74/540] -DCVT_ADD_FUSED=0 -DK_LOOP_UNROLL=2 -DSNAKE_ORDER=0 -DSTAGGER_CYCLES=200 -DW0_LOOP_UNROLL=1 ... 0.765 ms / 1432 TFLOPS  (142 regs, 2.9s)
[75/540] -DCVT_ADD_FUSED=0 -DK_LOOP_UNROLL=2 -DSNAKE_ORDER=0 -DSTAGGER_CYCLES=200 -DW0_LOOP_UNROLL=4 ... 0.664 ms / 1650 TFLOPS  (161 regs, 2.9s)
[76/540] -DCVT_ADD_FUSED=0 -DK_LOOP_UNROLL=2 -DSNAKE_ORDER=0 -DSTAGGER_CYCLES=200 -DSUB_MMA_UNROLL=1 ... 0.701 ms / 1562 TFLOPS  (153 regs, 2.9s)
[77/540] -DCVT_ADD_FUSED=0 -DK_LOOP_UNROLL=2 -DSNAKE_ORDER=0 -DSTAGGER_CYCLES=200 -DSUB_MMA_UNROLL=1 -DW0_LOOP_UNROLL=1 ... 0.784 ms / 1396 TFLOPS  (134 regs, 3.0s)
[78/540] -DCVT_ADD_FUSED=0 -DK_LOOP_UNROLL=2 -DSNAKE_ORDER=0 -DSTAGGER_CYCLES=200 -DSUB_MMA_UNROLL=1 -DW0_LOOP_UNROLL=4 ... 0.714 ms / 1534 TFLOPS  (153 regs, 3.0s)
[79/540] -DCVT_ADD_FUSED=0 -DK_LOOP_UNROLL=2 -DSNAKE_ORDER=0 -DSTAGGER_CYCLES=200 -DSUB_MMA_UNROLL=3 ... 0.667 ms / 1641 TFLOPS  (161 regs, 3.0s)
[80/540] -DCVT_ADD_FUSED=0 -DK_LOOP_UNROLL=2 -DSNAKE_ORDER=0 -DSTAGGER_CYCLES=200 -DSUB_MMA_UNROLL=3 -DW0_LOOP_UNROLL=1 ... 0.775 ms / 1413 TFLOPS  (142 regs, 3.0s)
[81/540] -DCVT_ADD_FUSED=0 -DK_LOOP_UNROLL=2 -DSNAKE_ORDER=0 -DSTAGGER_CYCLES=200 -DSUB_MMA_UNROLL=3 -DW0_LOOP_UNROLL=4 ... 0.658 ms / 1663 TFLOPS  (161 regs, 3.0s)
[82/540] -DCVT_ADD_FUSED=0 -DK_LOOP_UNROLL=2 -DSTAGGER_CYCLES=200 ... 0.669 ms / 1637 TFLOPS  (161 regs, 2.9s)
[83/540] -DCVT_ADD_FUSED=0 -DK_LOOP_UNROLL=2 -DSTAGGER_CYCLES=200 -DW0_LOOP_UNROLL=1 ... 0.759 ms / 1443 TFLOPS  (142 regs, 3.0s)
[84/540] -DCVT_ADD_FUSED=0 -DK_LOOP_UNROLL=2 -DSTAGGER_CYCLES=200 -DW0_LOOP_UNROLL=4 ... 0.675 ms / 1622 TFLOPS  (161 regs, 3.0s)
[85/540] -DCVT_ADD_FUSED=0 -DK_LOOP_UNROLL=2 -DSTAGGER_CYCLES=200 -DSUB_MMA_UNROLL=1 ... 0.709 ms / 1544 TFLOPS  (153 regs, 3.0s)
[86/540] -DCVT_ADD_FUSED=0 -DK_LOOP_UNROLL=2 -DSTAGGER_CYCLES=200 -DSUB_MMA_UNROLL=1 -DW0_LOOP_UNROLL=1 ... 0.787 ms / 1392 TFLOPS  (134 regs, 3.0s)
[87/540] -DCVT_ADD_FUSED=0 -DK_LOOP_UNROLL=2 -DSTAGGER_CYCLES=200 -DSUB_MMA_UNROLL=1 -DW0_LOOP_UNROLL=4 ... 0.709 ms / 1545 TFLOPS  (153 regs, 3.0s)
[88/540] -DCVT_ADD_FUSED=0 -DK_LOOP_UNROLL=2 -DSTAGGER_CYCLES=200 -DSUB_MMA_UNROLL=3 ... 0.675 ms / 1622 TFLOPS  (161 regs, 2.9s)
[89/540] -DCVT_ADD_FUSED=0 -DK_LOOP_UNROLL=2 -DSTAGGER_CYCLES=200 -DSUB_MMA_UNROLL=3 -DW0_LOOP_UNROLL=1 ... 0.770 ms / 1422 TFLOPS  (142 regs, 2.9s)
[90/540] -DCVT_ADD_FUSED=0 -DK_LOOP_UNROLL=2 -DSTAGGER_CYCLES=200 -DSUB_MMA_UNROLL=3 -DW0_LOOP_UNROLL=4 ... 0.663 ms / 1653 TFLOPS  (161 regs, 2.9s)
[91/540] -DCVT_ADD_FUSED=0 -DK_LOOP_UNROLL=2 -DPHASE1_UNROLL=4 -DSNAKE_ORDER=0 -DSTAGGER_CYCLES=200 ... 0.675 ms / 1623 TFLOPS  (210 regs, 3.0s)
[92/540] -DCVT_ADD_FUSED=0 -DK_LOOP_UNROLL=2 -DPHASE1_UNROLL=4 -DSNAKE_ORDER=0 -DSTAGGER_CYCLES=200 -DW0_LOOP_UNROLL=1 ... 0.769 ms / 1425 TFLOPS  (192 regs, 2.9s)
[93/540] -DCVT_ADD_FUSED=0 -DK_LOOP_UNROLL=2 -DPHASE1_UNROLL=4 -DSNAKE_ORDER=0 -DSTAGGER_CYCLES=200 -DW0_LOOP_UNROLL=4 ... 0.670 ms / 1634 TFLOPS  (210 regs, 3.0s)
[94/540] -DCVT_ADD_FUSED=0 -DK_LOOP_UNROLL=2 -DPHASE1_UNROLL=4 -DSNAKE_ORDER=0 -DSTAGGER_CYCLES=200 -DSUB_MMA_UNROLL=1 ... 0.706 ms / 1551 TFLOPS  (202 regs, 3.0s)
[95/540] -DCVT_ADD_FUSED=0 -DK_LOOP_UNROLL=2 -DPHASE1_UNROLL=4 -DSNAKE_ORDER=0 -DSTAGGER_CYCLES=200 -DSUB_MMA_UNROLL=1 -DW0_LOOP_UNROLL=1 ... 0.784 ms / 1396 TFLOPS  (184 regs, 2.9s)
[96/540] -DCVT_ADD_FUSED=0 -DK_LOOP_UNROLL=2 -DPHASE1_UNROLL=4 -DSNAKE_ORDER=0 -DSTAGGER_CYCLES=200 -DSUB_MMA_UNROLL=1 -DW0_LOOP_UNROLL=4 ... 0.712 ms / 1537 TFLOPS  (202 regs, 3.0s)
[97/540] -DCVT_ADD_FUSED=0 -DK_LOOP_UNROLL=2 -DPHASE1_UNROLL=4 -DSNAKE_ORDER=0 -DSTAGGER_CYCLES=200 -DSUB_MMA_UNROLL=3 ... 0.677 ms / 1617 TFLOPS  (210 regs, 3.0s)
[98/540] -DCVT_ADD_FUSED=0 -DK_LOOP_UNROLL=2 -DPHASE1_UNROLL=4 -DSNAKE_ORDER=0 -DSTAGGER_CYCLES=200 -DSUB_MMA_UNROLL=3 -DW0_LOOP_UNROLL=1 ... 0.760 ms / 1441 TFLOPS  (192 regs, 3.0s)
[99/540] -DCVT_ADD_FUSED=0 -DK_LOOP_UNROLL=2 -DPHASE1_UNROLL=4 -DSNAKE_ORDER=0 -DSTAGGER_CYCLES=200 -DSUB_MMA_UNROLL=3 -DW0_LOOP_UNROLL=4 ... 0.672 ms / 1629 TFLOPS  (210 regs, 3.0s)
[100/540] -DCVT_ADD_FUSED=0 -DK_LOOP_UNROLL=2 -DPHASE1_UNROLL=4 -DSTAGGER_CYCLES=200 ... 0.665 ms / 1646 TFLOPS  (210 regs, 3.0s)
[101/540] -DCVT_ADD_FUSED=0 -DK_LOOP_UNROLL=2 -DPHASE1_UNROLL=4 -DSTAGGER_CYCLES=200 -DW0_LOOP_UNROLL=1 ... 0.759 ms / 1442 TFLOPS  (192 regs, 3.0s)
[102/540] -DCVT_ADD_FUSED=0 -DK_LOOP_UNROLL=2 -DPHASE1_UNROLL=4 -DSTAGGER_CYCLES=200 -DW0_LOOP_UNROLL=4 ... 0.669 ms / 1638 TFLOPS  (210 regs, 3.0s)
[103/540] -DCVT_ADD_FUSED=0 -DK_LOOP_UNROLL=2 -DPHASE1_UNROLL=4 -DSTAGGER_CYCLES=200 -DSUB_MMA_UNROLL=1 ... 0.702 ms / 1560 TFLOPS  (202 regs, 3.0s)
[104/540] -DCVT_ADD_FUSED=0 -DK_LOOP_UNROLL=2 -DPHASE1_UNROLL=4 -DSTAGGER_CYCLES=200 -DSUB_MMA_UNROLL=1 -DW0_LOOP_UNROLL=1 ... 0.784 ms / 1396 TFLOPS  (184 regs, 3.0s)
[105/540] -DCVT_ADD_FUSED=0 -DK_LOOP_UNROLL=2 -DPHASE1_UNROLL=4 -DSTAGGER_CYCLES=200 -DSUB_MMA_UNROLL=1 -DW0_LOOP_UNROLL=4 ... 0.694 ms / 1577 TFLOPS  (202 regs, 3.0s)
[106/540] -DCVT_ADD_FUSED=0 -DK_LOOP_UNROLL=2 -DPHASE1_UNROLL=4 -DSTAGGER_CYCLES=200 -DSUB_MMA_UNROLL=3 ... 0.667 ms / 1643 TFLOPS  (210 regs, 3.0s)
[107/540] -DCVT_ADD_FUSED=0 -DK_LOOP_UNROLL=2 -DPHASE1_UNROLL=4 -DSTAGGER_CYCLES=200 -DSUB_MMA_UNROLL=3 -DW0_LOOP_UNROLL=1 ... 0.762 ms / 1438 TFLOPS  (192 regs, 3.0s)
[108/540] -DCVT_ADD_FUSED=0 -DK_LOOP_UNROLL=2 -DPHASE1_UNROLL=4 -DSTAGGER_CYCLES=200 -DSUB_MMA_UNROLL=3 -DW0_LOOP_UNROLL=4 ... 0.673 ms / 1628 TFLOPS  (210 regs, 3.0s)
[109/540] -DCVT_ADD_FUSED=0 -DPHASE1_UNROLL=1 -DSNAKE_ORDER=0 -DSTAGGER_CYCLES=200 ... 0.756 ms / 1448 TFLOPS  (179 regs, 2.9s)
[110/540] -DCVT_ADD_FUSED=0 -DPHASE1_UNROLL=1 -DSNAKE_ORDER=0 -DSTAGGER_CYCLES=200 -DW0_LOOP_UNROLL=1 ... 0.669 ms / 1637 TFLOPS  (164 regs, 2.9s)
[111/540] -DCVT_ADD_FUSED=0 -DPHASE1_UNROLL=1 -DSNAKE_ORDER=0 -DSTAGGER_CYCLES=200 -DW0_LOOP_UNROLL=4 ... 0.759 ms / 1443 TFLOPS  (179 regs, 2.9s)
[112/540] -DCVT_ADD_FUSED=0 -DPHASE1_UNROLL=1 -DSNAKE_ORDER=0 -DSTAGGER_CYCLES=200 -DSUB_MMA_UNROLL=1 ... 0.761 ms / 1440 TFLOPS  (134 regs, 3.0s)
[113/540] -DCVT_ADD_FUSED=0 -DPHASE1_UNROLL=1 -DSNAKE_ORDER=0 -DSTAGGER_CYCLES=200 -DSUB_MMA_UNROLL=1 -DW0_LOOP_UNROLL=1 ... 0.688 ms / 1593 TFLOPS  (120 regs, 2.9s)
[114/540] -DCVT_ADD_FUSED=0 -DPHASE1_UNROLL=1 -DSNAKE_ORDER=0 -DSTAGGER_CYCLES=200 -DSUB_MMA_UNROLL=1 -DW0_LOOP_UNROLL=4 ... 0.759 ms / 1442 TFLOPS  (134 regs, 2.9s)
[115/540] -DCVT_ADD_FUSED=0 -DPHASE1_UNROLL=1 -DSNAKE_ORDER=0 -DSTAGGER_CYCLES=200 -DSUB_MMA_UNROLL=3 ... 0.755 ms / 1449 TFLOPS  (179 regs, 2.9s)
[116/540] -DCVT_ADD_FUSED=0 -DPHASE1_UNROLL=1 -DSNAKE_ORDER=0 -DSTAGGER_CYCLES=200 -DSUB_MMA_UNROLL=3 -DW0_LOOP_UNROLL=1 ... 0.675 ms / 1622 TFLOPS  (164 regs, 2.9s)
[117/540] -DCVT_ADD_FUSED=0 -DPHASE1_UNROLL=1 -DSNAKE_ORDER=0 -DSTAGGER_CYCLES=200 -DSUB_MMA_UNROLL=3 -DW0_LOOP_UNROLL=4 ... 0.762 ms / 1436 TFLOPS  (179 regs, 2.9s)
[118/540] -DCVT_ADD_FUSED=0 -DPHASE1_UNROLL=1 -DSTAGGER_CYCLES=200 ... 0.631 ms / 1735 TFLOPS  (179 regs, 2.9s)
[119/540] -DCVT_ADD_FUSED=0 -DPHASE1_UNROLL=1 -DSTAGGER_CYCLES=200 -DW0_LOOP_UNROLL=1 ... 0.689 ms / 1590 TFLOPS  (164 regs, 2.9s)
[120/540] -DCVT_ADD_FUSED=0 -DPHASE1_UNROLL=1 -DSTAGGER_CYCLES=200 -DW0_LOOP_UNROLL=4 ... 0.629 ms / 1742 TFLOPS  (179 regs, 2.9s)
[121/540] -DCVT_ADD_FUSED=0 -DPHASE1_UNROLL=1 -DSTAGGER_CYCLES=200 -DSUB_MMA_UNROLL=1 ... 0.636 ms / 1721 TFLOPS  (134 regs, 2.9s)
[122/540] -DCVT_ADD_FUSED=0 -DPHASE1_UNROLL=1 -DSTAGGER_CYCLES=200 -DSUB_MMA_UNROLL=1 -DW0_LOOP_UNROLL=1 ... 0.683 ms / 1602 TFLOPS  (120 regs, 2.8s)
[123/540] -DCVT_ADD_FUSED=0 -DPHASE1_UNROLL=1 -DSTAGGER_CYCLES=200 -DSUB_MMA_UNROLL=1 -DW0_LOOP_UNROLL=4 ... 0.635 ms / 1725 TFLOPS  (134 regs, 3.0s)
[124/540] -DCVT_ADD_FUSED=0 -DPHASE1_UNROLL=1 -DSTAGGER_CYCLES=200 -DSUB_MMA_UNROLL=3 ... 0.634 ms / 1727 TFLOPS  (179 regs, 2.9s)
[125/540] -DCVT_ADD_FUSED=0 -DPHASE1_UNROLL=1 -DSTAGGER_CYCLES=200 -DSUB_MMA_UNROLL=3 -DW0_LOOP_UNROLL=1 ... 0.679 ms / 1613 TFLOPS  (164 regs, 2.9s)
[126/540] -DCVT_ADD_FUSED=0 -DPHASE1_UNROLL=1 -DSTAGGER_CYCLES=200 -DSUB_MMA_UNROLL=3 -DW0_LOOP_UNROLL=4 ... 0.641 ms / 1707 TFLOPS  (179 regs, 2.9s)
[127/540] -DCVT_ADD_FUSED=0 -DSNAKE_ORDER=0 -DSTAGGER_CYCLES=200 ... 0.591 ms / 1853 TFLOPS  (209 regs, 2.9s)
[128/540] -DCVT_ADD_FUSED=0 -DSNAKE_ORDER=0 -DSTAGGER_CYCLES=200 -DW0_LOOP_UNROLL=1 ... 0.678 ms / 1614 TFLOPS  (194 regs, 2.9s)
[129/540] -DCVT_ADD_FUSED=0 -DSNAKE_ORDER=0 -DSTAGGER_CYCLES=200 -DW0_LOOP_UNROLL=4 ... 0.585 ms / 1871 TFLOPS  (209 regs, 2.9s)
[130/540] -DCVT_ADD_FUSED=0 -DSNAKE_ORDER=0 -DSTAGGER_CYCLES=200 -DSUB_MMA_UNROLL=1 ... 0.600 ms / 1824 TFLOPS  (165 regs, 2.9s)
[131/540] -DCVT_ADD_FUSED=0 -DSNAKE_ORDER=0 -DSTAGGER_CYCLES=200 -DSUB_MMA_UNROLL=1 -DW0_LOOP_UNROLL=1 ... 0.677 ms / 1618 TFLOPS  (149 regs, 2.9s)
[132/540] -DCVT_ADD_FUSED=0 -DSNAKE_ORDER=0 -DSTAGGER_CYCLES=200 -DSUB_MMA_UNROLL=1 -DW0_LOOP_UNROLL=4 ... 0.585 ms / 1872 TFLOPS  (165 regs, 2.9s)
[133/540] -DCVT_ADD_FUSED=0 -DSNAKE_ORDER=0 -DSTAGGER_CYCLES=200 -DSUB_MMA_UNROLL=3 ... 0.575 ms / 1904 TFLOPS  (209 regs, 2.9s)
[134/540] -DCVT_ADD_FUSED=0 -DSNAKE_ORDER=0 -DSTAGGER_CYCLES=200 -DSUB_MMA_UNROLL=3 -DW0_LOOP_UNROLL=1 ... 0.680 ms / 1610 TFLOPS  (194 regs, 2.9s)
[135/540] -DCVT_ADD_FUSED=0 -DSNAKE_ORDER=0 -DSTAGGER_CYCLES=200 -DSUB_MMA_UNROLL=3 -DW0_LOOP_UNROLL=4 ... 0.587 ms / 1867 TFLOPS  (209 regs, 2.9s)
[136/540] -DCVT_ADD_FUSED=0 -DSTAGGER_CYCLES=200 ... 0.528 ms / 2073 TFLOPS  (209 regs, 3.0s)
[137/540] -DCVT_ADD_FUSED=0 -DSTAGGER_CYCLES=200 -DW0_LOOP_UNROLL=1 ... 0.677 ms / 1618 TFLOPS  (194 regs, 3.0s)
[138/540] -DCVT_ADD_FUSED=0 -DSTAGGER_CYCLES=200 -DW0_LOOP_UNROLL=4 ... 0.527 ms / 2076 TFLOPS  (209 regs, 2.9s)
[139/540] -DCVT_ADD_FUSED=0 -DSTAGGER_CYCLES=200 -DSUB_MMA_UNROLL=1 ... 0.534 ms / 2051 TFLOPS  (165 regs, 2.9s)
[140/540] -DCVT_ADD_FUSED=0 -DSTAGGER_CYCLES=200 -DSUB_MMA_UNROLL=1 -DW0_LOOP_UNROLL=1 ... 0.675 ms / 1623 TFLOPS  (149 regs, 3.0s)
[141/540] -DCVT_ADD_FUSED=0 -DSTAGGER_CYCLES=200 -DSUB_MMA_UNROLL=1 -DW0_LOOP_UNROLL=4 ... 0.537 ms / 2040 TFLOPS  (165 regs, 3.0s)
[142/540] -DCVT_ADD_FUSED=0 -DSTAGGER_CYCLES=200 -DSUB_MMA_UNROLL=3 ... 0.529 ms / 2070 TFLOPS  (209 regs, 3.0s)
[143/540] -DCVT_ADD_FUSED=0 -DSTAGGER_CYCLES=200 -DSUB_MMA_UNROLL=3 -DW0_LOOP_UNROLL=1 ... 0.678 ms / 1615 TFLOPS  (194 regs, 3.0s)
[144/540] -DCVT_ADD_FUSED=0 -DSTAGGER_CYCLES=200 -DSUB_MMA_UNROLL=3 -DW0_LOOP_UNROLL=4 ... 0.531 ms / 2063 TFLOPS  (209 regs, 2.9s)
[145/540] -DCVT_ADD_FUSED=0 -DPHASE1_UNROLL=4 -DSNAKE_ORDER=0 -DSTAGGER_CYCLES=200 ... 0.544 ms / 2011 TFLOPS  (255 regs, 3.0s)
[146/540] -DCVT_ADD_FUSED=0 -DPHASE1_UNROLL=4 -DSNAKE_ORDER=0 -DSTAGGER_CYCLES=200 -DW0_LOOP_UNROLL=1 ... 0.685 ms / 1599 TFLOPS  (244 regs, 3.0s)
[147/540] -DCVT_ADD_FUSED=0 -DPHASE1_UNROLL=4 -DSNAKE_ORDER=0 -DSTAGGER_CYCLES=200 -DW0_LOOP_UNROLL=4 ... 0.538 ms / 2035 TFLOPS  (255 regs, 3.0s)
[148/540] -DCVT_ADD_FUSED=0 -DPHASE1_UNROLL=4 -DSNAKE_ORDER=0 -DSTAGGER_CYCLES=200 -DSUB_MMA_UNROLL=1 ... 0.540 ms / 2028 TFLOPS  (214 regs, 3.0s)
[149/540] -DCVT_ADD_FUSED=0 -DPHASE1_UNROLL=4 -DSNAKE_ORDER=0 -DSTAGGER_CYCLES=200 -DSUB_MMA_UNROLL=1 -DW0_LOOP_UNROLL=1 ... 0.683 ms / 1603 TFLOPS  (200 regs, 2.9s)
[150/540] -DCVT_ADD_FUSED=0 -DPHASE1_UNROLL=4 -DSNAKE_ORDER=0 -DSTAGGER_CYCLES=200 -DSUB_MMA_UNROLL=1 -DW0_LOOP_UNROLL=4 ... 0.543 ms / 2017 TFLOPS  (214 regs, 3.0s)
[151/540] -DCVT_ADD_FUSED=0 -DPHASE1_UNROLL=4 -DSNAKE_ORDER=0 -DSTAGGER_CYCLES=200 -DSUB_MMA_UNROLL=3 ... 0.543 ms / 2018 TFLOPS  (255 regs, 3.0s)
[152/540] -DCVT_ADD_FUSED=0 -DPHASE1_UNROLL=4 -DSNAKE_ORDER=0 -DSTAGGER_CYCLES=200 -DSUB_MMA_UNROLL=3 -DW0_LOOP_UNROLL=1 ... 0.692 ms / 1583 TFLOPS  (244 regs, 3.1s)
[153/540] -DCVT_ADD_FUSED=0 -DPHASE1_UNROLL=4 -DSNAKE_ORDER=0 -DSTAGGER_CYCLES=200 -DSUB_MMA_UNROLL=3 -DW0_LOOP_UNROLL=4 ... 0.546 ms / 2005 TFLOPS  (255 regs, 3.0s)
[154/540] -DCVT_ADD_FUSED=0 -DPHASE1_UNROLL=4 -DSTAGGER_CYCLES=200 ... 0.529 ms / 2069 TFLOPS  (255 regs, 3.1s)
[155/540] -DCVT_ADD_FUSED=0 -DPHASE1_UNROLL=4 -DSTAGGER_CYCLES=200 -DW0_LOOP_UNROLL=1 ... 0.680 ms / 1611 TFLOPS  (244 regs, 3.0s)
[156/540] -DCVT_ADD_FUSED=0 -DPHASE1_UNROLL=4 -DSTAGGER_CYCLES=200 -DW0_LOOP_UNROLL=4 ... 0.530 ms / 2068 TFLOPS  (255 regs, 3.0s)
[157/540] -DCVT_ADD_FUSED=0 -DPHASE1_UNROLL=4 -DSTAGGER_CYCLES=200 -DSUB_MMA_UNROLL=1 ... 0.531 ms / 2061 TFLOPS  (214 regs, 3.0s)
[158/540] -DCVT_ADD_FUSED=0 -DPHASE1_UNROLL=4 -DSTAGGER_CYCLES=200 -DSUB_MMA_UNROLL=1 -DW0_LOOP_UNROLL=1 ... 0.681 ms / 1608 TFLOPS  (200 regs, 3.0s)
[159/540] -DCVT_ADD_FUSED=0 -DPHASE1_UNROLL=4 -DSTAGGER_CYCLES=200 -DSUB_MMA_UNROLL=1 -DW0_LOOP_UNROLL=4 ... 0.533 ms / 2056 TFLOPS  (214 regs, 3.0s)
[160/540] -DCVT_ADD_FUSED=0 -DPHASE1_UNROLL=4 -DSTAGGER_CYCLES=200 -DSUB_MMA_UNROLL=3 ... 0.529 ms / 2068 TFLOPS  (255 regs, 3.0s)
[161/540] -DCVT_ADD_FUSED=0 -DPHASE1_UNROLL=4 -DSTAGGER_CYCLES=200 -DSUB_MMA_UNROLL=3 -DW0_LOOP_UNROLL=1 ... 0.675 ms / 1623 TFLOPS  (244 regs, 3.0s)
[162/540] -DCVT_ADD_FUSED=0 -DPHASE1_UNROLL=4 -DSTAGGER_CYCLES=200 -DSUB_MMA_UNROLL=3 -DW0_LOOP_UNROLL=4 ... 0.530 ms / 2065 TFLOPS  (255 regs, 3.0s)
[163/540] -DCVT_ADD_FUSED=0 -DK_LOOP_UNROLL=6 -DPHASE1_UNROLL=1 -DSNAKE_ORDER=0 -DSTAGGER_CYCLES=200 ... 0.762 ms / 1437 TFLOPS  (149 regs, 2.9s)
[164/540] -DCVT_ADD_FUSED=0 -DK_LOOP_UNROLL=6 -DPHASE1_UNROLL=1 -DSNAKE_ORDER=0 -DSTAGGER_CYCLES=200 -DW0_LOOP_UNROLL=1 ... 0.681 ms / 1608 TFLOPS  (128 regs, 2.9s)
[165/540] -DCVT_ADD_FUSED=0 -DK_LOOP_UNROLL=6 -DPHASE1_UNROLL=1 -DSNAKE_ORDER=0 -DSTAGGER_CYCLES=200 -DW0_LOOP_UNROLL=4 ... 0.759 ms / 1442 TFLOPS  (144 regs, 2.8s)
[166/540] -DCVT_ADD_FUSED=0 -DK_LOOP_UNROLL=6 -DPHASE1_UNROLL=1 -DSNAKE_ORDER=0 -DSTAGGER_CYCLES=200 -DSUB_MMA_UNROLL=1 ... 0.759 ms / 1443 TFLOPS  (134 regs, 2.9s)
[167/540] -DCVT_ADD_FUSED=0 -DK_LOOP_UNROLL=6 -DPHASE1_UNROLL=1 -DSNAKE_ORDER=0 -DSTAGGER_CYCLES=200 -DSUB_MMA_UNROLL=1 -DW0_LOOP_UNROLL=1 ... 0.684 ms / 1600 TFLOPS  (120 regs, 2.9s)
[168/540] -DCVT_ADD_FUSED=0 -DK_LOOP_UNROLL=6 -DPHASE1_UNROLL=1 -DSNAKE_ORDER=0 -DSTAGGER_CYCLES=200 -DSUB_MMA_UNROLL=1 -DW0_LOOP_UNROLL=4 ... 0.757 ms / 1447 TFLOPS  (134 regs, 3.0s)
[169/540] -DCVT_ADD_FUSED=0 -DK_LOOP_UNROLL=6 -DPHASE1_UNROLL=1 -DSNAKE_ORDER=0 -DSTAGGER_CYCLES=200 -DSUB_MMA_UNROLL=3 ... 0.759 ms / 1442 TFLOPS  (149 regs, 2.9s)
[170/540] -DCVT_ADD_FUSED=0 -DK_LOOP_UNROLL=6 -DPHASE1_UNROLL=1 -DSNAKE_ORDER=0 -DSTAGGER_CYCLES=200 -DSUB_MMA_UNROLL=3 -DW0_LOOP_UNROLL=1 ... 0.683 ms / 1603 TFLOPS  (128 regs, 2.9s)
[171/540] -DCVT_ADD_FUSED=0 -DK_LOOP_UNROLL=6 -DPHASE1_UNROLL=1 -DSNAKE_ORDER=0 -DSTAGGER_CYCLES=200 -DSUB_MMA_UNROLL=3 -DW0_LOOP_UNROLL=4 ... 0.758 ms / 1445 TFLOPS  (144 regs, 3.0s)
[172/540] -DCVT_ADD_FUSED=0 -DK_LOOP_UNROLL=6 -DPHASE1_UNROLL=1 -DSTAGGER_CYCLES=200 ... 0.645 ms / 1698 TFLOPS  (149 regs, 3.0s)
[173/540] -DCVT_ADD_FUSED=0 -DK_LOOP_UNROLL=6 -DPHASE1_UNROLL=1 -DSTAGGER_CYCLES=200 -DW0_LOOP_UNROLL=1 ... 0.680 ms / 1610 TFLOPS  (128 regs, 2.9s)
[174/540] -DCVT_ADD_FUSED=0 -DK_LOOP_UNROLL=6 -DPHASE1_UNROLL=1 -DSTAGGER_CYCLES=200 -DW0_LOOP_UNROLL=4 ... 0.641 ms / 1709 TFLOPS  (144 regs, 2.9s)
[175/540] -DCVT_ADD_FUSED=0 -DK_LOOP_UNROLL=6 -DPHASE1_UNROLL=1 -DSTAGGER_CYCLES=200 -DSUB_MMA_UNROLL=1 ... 0.635 ms / 1724 TFLOPS  (134 regs, 2.9s)
[176/540] -DCVT_ADD_FUSED=0 -DK_LOOP_UNROLL=6 -DPHASE1_UNROLL=1 -DSTAGGER_CYCLES=200 -DSUB_MMA_UNROLL=1 -DW0_LOOP_UNROLL=1 ... 0.677 ms / 1617 TFLOPS  (120 regs, 2.9s)
[177/540] -DCVT_ADD_FUSED=0 -DK_LOOP_UNROLL=6 -DPHASE1_UNROLL=1 -DSTAGGER_CYCLES=200 -DSUB_MMA_UNROLL=1 -DW0_LOOP_UNROLL=4 ... 0.634 ms / 1727 TFLOPS  (134 regs, 2.9s)
[178/540] -DCVT_ADD_FUSED=0 -DK_LOOP_UNROLL=6 -DPHASE1_UNROLL=1 -DSTAGGER_CYCLES=200 -DSUB_MMA_UNROLL=3 ... 0.638 ms / 1715 TFLOPS  (149 regs, 2.9s)
[179/540] -DCVT_ADD_FUSED=0 -DK_LOOP_UNROLL=6 -DPHASE1_UNROLL=1 -DSTAGGER_CYCLES=200 -DSUB_MMA_UNROLL=3 -DW0_LOOP_UNROLL=1 ... 0.681 ms / 1608 TFLOPS  (128 regs, 2.9s)
[180/540] -DCVT_ADD_FUSED=0 -DK_LOOP_UNROLL=6 -DPHASE1_UNROLL=1 -DSTAGGER_CYCLES=200 -DSUB_MMA_UNROLL=3 -DW0_LOOP_UNROLL=4 ... 0.635 ms / 1724 TFLOPS  (144 regs, 2.8s)
[181/540] -DCVT_ADD_FUSED=0 -DK_LOOP_UNROLL=6 -DSNAKE_ORDER=0 -DSTAGGER_CYCLES=200 ... 0.573 ms / 1911 TFLOPS  (173 regs, 3.0s)
[182/540] -DCVT_ADD_FUSED=0 -DK_LOOP_UNROLL=6 -DSNAKE_ORDER=0 -DSTAGGER_CYCLES=200 -DW0_LOOP_UNROLL=1 ... 0.676 ms / 1619 TFLOPS  (157 regs, 3.0s)
[183/540] -DCVT_ADD_FUSED=0 -DK_LOOP_UNROLL=6 -DSNAKE_ORDER=0 -DSTAGGER_CYCLES=200 -DW0_LOOP_UNROLL=4 ... 0.586 ms / 1869 TFLOPS  (173 regs, 2.9s)
[184/540] -DCVT_ADD_FUSED=0 -DK_LOOP_UNROLL=6 -DSNAKE_ORDER=0 -DSTAGGER_CYCLES=200 -DSUB_MMA_UNROLL=1 ... 0.601 ms / 1823 TFLOPS  (165 regs, 3.0s)
[185/540] -DCVT_ADD_FUSED=0 -DK_LOOP_UNROLL=6 -DSNAKE_ORDER=0 -DSTAGGER_CYCLES=200 -DSUB_MMA_UNROLL=1 -DW0_LOOP_UNROLL=1 ... 0.685 ms / 1599 TFLOPS  (149 regs, 3.0s)
[186/540] -DCVT_ADD_FUSED=0 -DK_LOOP_UNROLL=6 -DSNAKE_ORDER=0 -DSTAGGER_CYCLES=200 -DSUB_MMA_UNROLL=1 -DW0_LOOP_UNROLL=4 ... 0.592 ms / 1849 TFLOPS  (165 regs, 3.0s)
[187/540] -DCVT_ADD_FUSED=0 -DK_LOOP_UNROLL=6 -DSNAKE_ORDER=0 -DSTAGGER_CYCLES=200 -DSUB_MMA_UNROLL=3 ... 0.582 ms / 1882 TFLOPS  (173 regs, 3.0s)
[188/540] -DCVT_ADD_FUSED=0 -DK_LOOP_UNROLL=6 -DSNAKE_ORDER=0 -DSTAGGER_CYCLES=200 -DSUB_MMA_UNROLL=3 -DW0_LOOP_UNROLL=1 ... 0.681 ms / 1608 TFLOPS  (157 regs, 3.0s)
[189/540] -DCVT_ADD_FUSED=0 -DK_LOOP_UNROLL=6 -DSNAKE_ORDER=0 -DSTAGGER_CYCLES=200 -DSUB_MMA_UNROLL=3 -DW0_LOOP_UNROLL=4 ... 0.592 ms / 1851 TFLOPS  (173 regs, 3.0s)
[190/540] -DCVT_ADD_FUSED=0 -DK_LOOP_UNROLL=6 -DSTAGGER_CYCLES=200 ... 0.529 ms / 2069 TFLOPS  (173 regs, 3.0s)
[191/540] -DCVT_ADD_FUSED=0 -DK_LOOP_UNROLL=6 -DSTAGGER_CYCLES=200 -DW0_LOOP_UNROLL=1 ... 0.685 ms / 1599 TFLOPS  (157 regs, 3.0s)
[192/540] -DCVT_ADD_FUSED=0 -DK_LOOP_UNROLL=6 -DSTAGGER_CYCLES=200 -DW0_LOOP_UNROLL=4 ... 0.529 ms / 2070 TFLOPS  (173 regs, 3.0s)
[193/540] -DCVT_ADD_FUSED=0 -DK_LOOP_UNROLL=6 -DSTAGGER_CYCLES=200 -DSUB_MMA_UNROLL=1 ... 0.530 ms / 2065 TFLOPS  (165 regs, 3.0s)
[194/540] -DCVT_ADD_FUSED=0 -DK_LOOP_UNROLL=6 -DSTAGGER_CYCLES=200 -DSUB_MMA_UNROLL=1 -DW0_LOOP_UNROLL=1 ... 0.682 ms / 1606 TFLOPS  (149 regs, 3.0s)
[195/540] -DCVT_ADD_FUSED=0 -DK_LOOP_UNROLL=6 -DSTAGGER_CYCLES=200 -DSUB_MMA_UNROLL=1 -DW0_LOOP_UNROLL=4 ... 0.530 ms / 2067 TFLOPS  (165 regs, 3.0s)
[196/540] -DCVT_ADD_FUSED=0 -DK_LOOP_UNROLL=6 -DSTAGGER_CYCLES=200 -DSUB_MMA_UNROLL=3 ... 0.529 ms / 2068 TFLOPS  (173 regs, 3.0s)
[197/540] -DCVT_ADD_FUSED=0 -DK_LOOP_UNROLL=6 -DSTAGGER_CYCLES=200 -DSUB_MMA_UNROLL=3 -DW0_LOOP_UNROLL=1 ... 0.680 ms / 1610 TFLOPS  (157 regs, 3.0s)
[198/540] -DCVT_ADD_FUSED=0 -DK_LOOP_UNROLL=6 -DSTAGGER_CYCLES=200 -DSUB_MMA_UNROLL=3 -DW0_LOOP_UNROLL=4 ... 0.531 ms / 2064 TFLOPS  (173 regs, 3.0s)
[199/540] -DCVT_ADD_FUSED=0 -DK_LOOP_UNROLL=6 -DPHASE1_UNROLL=4 -DSNAKE_ORDER=0 -DSTAGGER_CYCLES=200 ... 0.541 ms / 2025 TFLOPS  (222 regs, 3.1s)
[200/540] -DCVT_ADD_FUSED=0 -DK_LOOP_UNROLL=6 -DPHASE1_UNROLL=4 -DSNAKE_ORDER=0 -DSTAGGER_CYCLES=200 -DW0_LOOP_UNROLL=1 ... 0.678 ms / 1614 TFLOPS  (208 regs, 3.0s)
[201/540] -DCVT_ADD_FUSED=0 -DK_LOOP_UNROLL=6 -DPHASE1_UNROLL=4 -DSNAKE_ORDER=0 -DSTAGGER_CYCLES=200 -DW0_LOOP_UNROLL=4 ... 0.543 ms / 2015 TFLOPS  (222 regs, 3.0s)
[202/540] -DCVT_ADD_FUSED=0 -DK_LOOP_UNROLL=6 -DPHASE1_UNROLL=4 -DSNAKE_ORDER=0 -DSTAGGER_CYCLES=200 -DSUB_MMA_UNROLL=1 ... 0.540 ms / 2030 TFLOPS  (214 regs, 2.9s)
[203/540] -DCVT_ADD_FUSED=0 -DK_LOOP_UNROLL=6 -DPHASE1_UNROLL=4 -DSNAKE_ORDER=0 -DSTAGGER_CYCLES=200 -DSUB_MMA_UNROLL=1 -DW0_LOOP_UNROLL=1 ... 0.677 ms / 1618 TFLOPS  (200 regs, 3.1s)
[204/540] -DCVT_ADD_FUSED=0 -DK_LOOP_UNROLL=6 -DPHASE1_UNROLL=4 -DSNAKE_ORDER=0 -DSTAGGER_CYCLES=200 -DSUB_MMA_UNROLL=1 -DW0_LOOP_UNROLL=4 ... 0.537 ms / 2038 TFLOPS  (214 regs, 3.0s)
[205/540] -DCVT_ADD_FUSED=0 -DK_LOOP_UNROLL=6 -DPHASE1_UNROLL=4 -DSNAKE_ORDER=0 -DSTAGGER_CYCLES=200 -DSUB_MMA_UNROLL=3 ... 0.539 ms / 2033 TFLOPS  (222 regs, 2.9s)
[206/540] -DCVT_ADD_FUSED=0 -DK_LOOP_UNROLL=6 -DPHASE1_UNROLL=4 -DSNAKE_ORDER=0 -DSTAGGER_CYCLES=200 -DSUB_MMA_UNROLL=3 -DW0_LOOP_UNROLL=1 ... 0.688 ms / 1592 TFLOPS  (208 regs, 3.0s)
[207/540] -DCVT_ADD_FUSED=0 -DK_LOOP_UNROLL=6 -DPHASE1_UNROLL=4 -DSNAKE_ORDER=0 -DSTAGGER_CYCLES=200 -DSUB_MMA_UNROLL=3 -DW0_LOOP_UNROLL=4 ... 0.539 ms / 2032 TFLOPS  (222 regs, 3.0s)
[208/540] -DCVT_ADD_FUSED=0 -DK_LOOP_UNROLL=6 -DPHASE1_UNROLL=4 -DSTAGGER_CYCLES=200 ... 0.528 ms / 2075 TFLOPS  (222 regs, 3.0s)
[209/540] -DCVT_ADD_FUSED=0 -DK_LOOP_UNROLL=6 -DPHASE1_UNROLL=4 -DSTAGGER_CYCLES=200 -DW0_LOOP_UNROLL=1 ... 0.685 ms / 1599 TFLOPS  (208 regs, 3.0s)
[210/540] -DCVT_ADD_FUSED=0 -DK_LOOP_UNROLL=6 -DPHASE1_UNROLL=4 -DSTAGGER_CYCLES=200 -DW0_LOOP_UNROLL=4 ... 0.529 ms / 2071 TFLOPS  (222 regs, 3.1s)
[211/540] -DCVT_ADD_FUSED=0 -DK_LOOP_UNROLL=6 -DPHASE1_UNROLL=4 -DSTAGGER_CYCLES=200 -DSUB_MMA_UNROLL=1 ... 0.528 ms / 2072 TFLOPS  (214 regs, 3.1s)
[212/540] -DCVT_ADD_FUSED=0 -DK_LOOP_UNROLL=6 -DPHASE1_UNROLL=4 -DSTAGGER_CYCLES=200 -DSUB_MMA_UNROLL=1 -DW0_LOOP_UNROLL=1 ... 0.684 ms / 1601 TFLOPS  (200 regs, 3.0s)
[213/540] -DCVT_ADD_FUSED=0 -DK_LOOP_UNROLL=6 -DPHASE1_UNROLL=4 -DSTAGGER_CYCLES=200 -DSUB_MMA_UNROLL=1 -DW0_LOOP_UNROLL=4 ... 0.527 ms / 2079 TFLOPS  (214 regs, 3.0s)
[214/540] -DCVT_ADD_FUSED=0 -DK_LOOP_UNROLL=6 -DPHASE1_UNROLL=4 -DSTAGGER_CYCLES=200 -DSUB_MMA_UNROLL=3 ... 0.527 ms / 2076 TFLOPS  (222 regs, 3.0s)
[215/540] -DCVT_ADD_FUSED=0 -DK_LOOP_UNROLL=6 -DPHASE1_UNROLL=4 -DSTAGGER_CYCLES=200 -DSUB_MMA_UNROLL=3 -DW0_LOOP_UNROLL=1 ... 0.683 ms / 1604 TFLOPS  (208 regs, 3.1s)
[216/540] -DCVT_ADD_FUSED=0 -DK_LOOP_UNROLL=6 -DPHASE1_UNROLL=4 -DSTAGGER_CYCLES=200 -DSUB_MMA_UNROLL=3 -DW0_LOOP_UNROLL=4 ... 0.528 ms / 2074 TFLOPS  (222 regs, 3.0s)
[217/540] -DCVT_ADD_FUSED=0 -DK_LOOP_UNROLL=8 -DPHASE1_UNROLL=1 -DSNAKE_ORDER=0 -DSTAGGER_CYCLES=200 ... 0.757 ms / 1447 TFLOPS  (180 regs, 2.8s)
[218/540] -DCVT_ADD_FUSED=0 -DK_LOOP_UNROLL=8 -DPHASE1_UNROLL=1 -DSNAKE_ORDER=0 -DSTAGGER_CYCLES=200 -DW0_LOOP_UNROLL=1 ... 0.679 ms / 1613 TFLOPS  (164 regs, 2.9s)
[219/540] -DCVT_ADD_FUSED=0 -DK_LOOP_UNROLL=8 -DPHASE1_UNROLL=1 -DSNAKE_ORDER=0 -DSTAGGER_CYCLES=200 -DW0_LOOP_UNROLL=4 ... 0.753 ms / 1454 TFLOPS  (179 regs, 2.9s)
[220/540] -DCVT_ADD_FUSED=0 -DK_LOOP_UNROLL=8 -DPHASE1_UNROLL=1 -DSNAKE_ORDER=0 -DSTAGGER_CYCLES=200 -DSUB_MMA_UNROLL=1 ... 0.758 ms / 1444 TFLOPS  (134 regs, 2.9s)
[221/540] -DCVT_ADD_FUSED=0 -DK_LOOP_UNROLL=8 -DPHASE1_UNROLL=1 -DSNAKE_ORDER=0 -DSTAGGER_CYCLES=200 -DSUB_MMA_UNROLL=1 -DW0_LOOP_UNROLL=1 ... 0.685 ms / 1598 TFLOPS  (120 regs, 2.8s)
[222/540] -DCVT_ADD_FUSED=0 -DK_LOOP_UNROLL=8 -DPHASE1_UNROLL=1 -DSNAKE_ORDER=0 -DSTAGGER_CYCLES=200 -DSUB_MMA_UNROLL=1 -DW0_LOOP_UNROLL=4 ... 0.757 ms / 1447 TFLOPS  (134 regs, 2.9s)
[223/540] -DCVT_ADD_FUSED=0 -DK_LOOP_UNROLL=8 -DPHASE1_UNROLL=1 -DSNAKE_ORDER=0 -DSTAGGER_CYCLES=200 -DSUB_MMA_UNROLL=3 ... 0.756 ms / 1449 TFLOPS  (180 regs, 2.9s)
[224/540] -DCVT_ADD_FUSED=0 -DK_LOOP_UNROLL=8 -DPHASE1_UNROLL=1 -DSNAKE_ORDER=0 -DSTAGGER_CYCLES=200 -DSUB_MMA_UNROLL=3 -DW0_LOOP_UNROLL=1 ... 0.683 ms / 1604 TFLOPS  (164 regs, 2.9s)
[225/540] -DCVT_ADD_FUSED=0 -DK_LOOP_UNROLL=8 -DPHASE1_UNROLL=1 -DSNAKE_ORDER=0 -DSTAGGER_CYCLES=200 -DSUB_MMA_UNROLL=3 -DW0_LOOP_UNROLL=4 ... 0.759 ms / 1442 TFLOPS  (179 regs, 2.9s)
[226/540] -DCVT_ADD_FUSED=0 -DK_LOOP_UNROLL=8 -DPHASE1_UNROLL=1 -DSTAGGER_CYCLES=200 ... 0.635 ms / 1725 TFLOPS  (180 regs, 2.9s)
[227/540] -DCVT_ADD_FUSED=0 -DK_LOOP_UNROLL=8 -DPHASE1_UNROLL=1 -DSTAGGER_CYCLES=200 -DW0_LOOP_UNROLL=1 ... 0.682 ms / 1606 TFLOPS  (164 regs, 3.0s)
[228/540] -DCVT_ADD_FUSED=0 -DK_LOOP_UNROLL=8 -DPHASE1_UNROLL=1 -DSTAGGER_CYCLES=200 -DW0_LOOP_UNROLL=4 ... 0.635 ms / 1724 TFLOPS  (179 regs, 2.9s)
[229/540] -DCVT_ADD_FUSED=0 -DK_LOOP_UNROLL=8 -DPHASE1_UNROLL=1 -DSTAGGER_CYCLES=200 -DSUB_MMA_UNROLL=1 ... 0.632 ms / 1734 TFLOPS  (134 regs, 3.0s)
[230/540] -DCVT_ADD_FUSED=0 -DK_LOOP_UNROLL=8 -DPHASE1_UNROLL=1 -DSTAGGER_CYCLES=200 -DSUB_MMA_UNROLL=1 -DW0_LOOP_UNROLL=1 ... 0.675 ms / 1622 TFLOPS  (120 regs, 2.9s)
[231/540] -DCVT_ADD_FUSED=0 -DK_LOOP_UNROLL=8 -DPHASE1_UNROLL=1 -DSTAGGER_CYCLES=200 -DSUB_MMA_UNROLL=1 -DW0_LOOP_UNROLL=4 ... 0.643 ms / 1704 TFLOPS  (134 regs, 2.9s)
[232/540] -DCVT_ADD_FUSED=0 -DK_LOOP_UNROLL=8 -DPHASE1_UNROLL=1 -DSTAGGER_CYCLES=200 -DSUB_MMA_UNROLL=3 ... 0.637 ms / 1718 TFLOPS  (180 regs, 2.9s)
[233/540] -DCVT_ADD_FUSED=0 -DK_LOOP_UNROLL=8 -DPHASE1_UNROLL=1 -DSTAGGER_CYCLES=200 -DSUB_MMA_UNROLL=3 -DW0_LOOP_UNROLL=1 ... 0.681 ms / 1607 TFLOPS  (164 regs, 2.9s)
[234/540] -DCVT_ADD_FUSED=0 -DK_LOOP_UNROLL=8 -DPHASE1_UNROLL=1 -DSTAGGER_CYCLES=200 -DSUB_MMA_UNROLL=3 -DW0_LOOP_UNROLL=4 ... 0.650 ms / 1684 TFLOPS  (179 regs, 2.9s)
[235/540] -DCVT_ADD_FUSED=0 -DK_LOOP_UNROLL=8 -DSNAKE_ORDER=0 -DSTAGGER_CYCLES=200 ... 0.574 ms / 1909 TFLOPS  (209 regs, 3.0s)
[236/540] -DCVT_ADD_FUSED=0 -DK_LOOP_UNROLL=8 -DSNAKE_ORDER=0 -DSTAGGER_CYCLES=200 -DW0_LOOP_UNROLL=1 ... 0.684 ms / 1602 TFLOPS  (194 regs, 3.0s)
[237/540] -DCVT_ADD_FUSED=0 -DK_LOOP_UNROLL=8 -DSNAKE_ORDER=0 -DSTAGGER_CYCLES=200 -DW0_LOOP_UNROLL=4 ... 0.572 ms / 1914 TFLOPS  (209 regs, 2.9s)
[238/540] -DCVT_ADD_FUSED=0 -DK_LOOP_UNROLL=8 -DSNAKE_ORDER=0 -DSTAGGER_CYCLES=200 -DSUB_MMA_UNROLL=1 ... 0.604 ms / 1814 TFLOPS  (165 regs, 2.9s)
[239/540] -DCVT_ADD_FUSED=0 -DK_LOOP_UNROLL=8 -DSNAKE_ORDER=0 -DSTAGGER_CYCLES=200 -DSUB_MMA_UNROLL=1 -DW0_LOOP_UNROLL=1 ... 0.684 ms / 1600 TFLOPS  (149 regs, 3.0s)
[240/540] -DCVT_ADD_FUSED=0 -DK_LOOP_UNROLL=8 -DSNAKE_ORDER=0 -DSTAGGER_CYCLES=200 -DSUB_MMA_UNROLL=1 -DW0_LOOP_UNROLL=4 ... 0.583 ms / 1879 TFLOPS  (165 regs, 3.0s)
[241/540] -DCVT_ADD_FUSED=0 -DK_LOOP_UNROLL=8 -DSNAKE_ORDER=0 -DSTAGGER_CYCLES=200 -DSUB_MMA_UNROLL=3 ... 0.589 ms / 1859 TFLOPS  (209 regs, 3.0s)
[242/540] -DCVT_ADD_FUSED=0 -DK_LOOP_UNROLL=8 -DSNAKE_ORDER=0 -DSTAGGER_CYCLES=200 -DSUB_MMA_UNROLL=3 -DW0_LOOP_UNROLL=1 ... 0.684 ms / 1602 TFLOPS  (194 regs, 3.0s)
[243/540] -DCVT_ADD_FUSED=0 -DK_LOOP_UNROLL=8 -DSNAKE_ORDER=0 -DSTAGGER_CYCLES=200 -DSUB_MMA_UNROLL=3 -DW0_LOOP_UNROLL=4 ... 0.572 ms / 1916 TFLOPS  (209 regs, 2.9s)
[244/540] -DCVT_ADD_FUSED=0 -DK_LOOP_UNROLL=8 -DSTAGGER_CYCLES=200 ... 0.526 ms / 2081 TFLOPS  (209 regs, 2.9s)
[245/540] -DCVT_ADD_FUSED=0 -DK_LOOP_UNROLL=8 -DSTAGGER_CYCLES=200 -DW0_LOOP_UNROLL=1 ... 0.682 ms / 1604 TFLOPS  (194 regs, 3.0s)
[246/540] -DCVT_ADD_FUSED=0 -DK_LOOP_UNROLL=8 -DSTAGGER_CYCLES=200 -DW0_LOOP_UNROLL=4 ... 0.531 ms / 2063 TFLOPS  (209 regs, 2.9s)
[247/540] -DCVT_ADD_FUSED=0 -DK_LOOP_UNROLL=8 -DSTAGGER_CYCLES=200 -DSUB_MMA_UNROLL=1 ... 0.528 ms / 2073 TFLOPS  (165 regs, 2.9s)
[248/540] -DCVT_ADD_FUSED=0 -DK_LOOP_UNROLL=8 -DSTAGGER_CYCLES=200 -DSUB_MMA_UNROLL=1 -DW0_LOOP_UNROLL=1 ... 0.677 ms / 1617 TFLOPS  (149 regs, 3.0s)
[249/540] -DCVT_ADD_FUSED=0 -DK_LOOP_UNROLL=8 -DSTAGGER_CYCLES=200 -DSUB_MMA_UNROLL=1 -DW0_LOOP_UNROLL=4 ... 0.531 ms / 2064 TFLOPS  (165 regs, 3.0s)
[250/540] -DCVT_ADD_FUSED=0 -DK_LOOP_UNROLL=8 -DSTAGGER_CYCLES=200 -DSUB_MMA_UNROLL=3 ... 0.529 ms / 2071 TFLOPS  (209 regs, 3.0s)
[251/540] -DCVT_ADD_FUSED=0 -DK_LOOP_UNROLL=8 -DSTAGGER_CYCLES=200 -DSUB_MMA_UNROLL=3 -DW0_LOOP_UNROLL=1 ... 0.680 ms / 1611 TFLOPS  (194 regs, 2.9s)
[252/540] -DCVT_ADD_FUSED=0 -DK_LOOP_UNROLL=8 -DSTAGGER_CYCLES=200 -DSUB_MMA_UNROLL=3 -DW0_LOOP_UNROLL=4 ... 0.530 ms / 2065 TFLOPS  (209 regs, 2.9s)
[253/540] -DCVT_ADD_FUSED=0 -DK_LOOP_UNROLL=8 -DPHASE1_UNROLL=4 -DSNAKE_ORDER=0 -DSTAGGER_CYCLES=200 ... 0.543 ms / 2017 TFLOPS  (255 regs, 3.0s)
[254/540] -DCVT_ADD_FUSED=0 -DK_LOOP_UNROLL=8 -DPHASE1_UNROLL=4 -DSNAKE_ORDER=0 -DSTAGGER_CYCLES=200 -DW0_LOOP_UNROLL=1 ... 0.683 ms / 1603 TFLOPS  (244 regs, 3.0s)
[255/540] -DCVT_ADD_FUSED=0 -DK_LOOP_UNROLL=8 -DPHASE1_UNROLL=4 -DSNAKE_ORDER=0 -DSTAGGER_CYCLES=200 -DW0_LOOP_UNROLL=4 ... 0.542 ms / 2019 TFLOPS  (255 regs, 3.0s)
[256/540] -DCVT_ADD_FUSED=0 -DK_LOOP_UNROLL=8 -DPHASE1_UNROLL=4 -DSNAKE_ORDER=0 -DSTAGGER_CYCLES=200 -DSUB_MMA_UNROLL=1 ... 0.539 ms / 2033 TFLOPS  (214 regs, 3.0s)
[257/540] -DCVT_ADD_FUSED=0 -DK_LOOP_UNROLL=8 -DPHASE1_UNROLL=4 -DSNAKE_ORDER=0 -DSTAGGER_CYCLES=200 -DSUB_MMA_UNROLL=1 -DW0_LOOP_UNROLL=1 ... 0.683 ms / 1604 TFLOPS  (200 regs, 3.0s)
[258/540] -DCVT_ADD_FUSED=0 -DK_LOOP_UNROLL=8 -DPHASE1_UNROLL=4 -DSNAKE_ORDER=0 -DSTAGGER_CYCLES=200 -DSUB_MMA_UNROLL=1 -DW0_LOOP_UNROLL=4 ... 0.540 ms / 2030 TFLOPS  (214 regs, 3.0s)
[259/540] -DCVT_ADD_FUSED=0 -DK_LOOP_UNROLL=8 -DPHASE1_UNROLL=4 -DSNAKE_ORDER=0 -DSTAGGER_CYCLES=200 -DSUB_MMA_UNROLL=3 ... 0.541 ms / 2022 TFLOPS  (255 regs, 3.0s)
[260/540] -DCVT_ADD_FUSED=0 -DK_LOOP_UNROLL=8 -DPHASE1_UNROLL=4 -DSNAKE_ORDER=0 -DSTAGGER_CYCLES=200 -DSUB_MMA_UNROLL=3 -DW0_LOOP_UNROLL=1 ... 0.682 ms / 1606 TFLOPS  (244 regs, 3.0s)
[261/540] -DCVT_ADD_FUSED=0 -DK_LOOP_UNROLL=8 -DPHASE1_UNROLL=4 -DSNAKE_ORDER=0 -DSTAGGER_CYCLES=200 -DSUB_MMA_UNROLL=3 -DW0_LOOP_UNROLL=4 ... 0.543 ms / 2017 TFLOPS  (255 regs, 3.0s)
[262/540] -DCVT_ADD_FUSED=0 -DK_LOOP_UNROLL=8 -DPHASE1_UNROLL=4 -DSTAGGER_CYCLES=200 ... 0.529 ms / 2072 TFLOPS  (255 regs, 3.0s)
[263/540] -DCVT_ADD_FUSED=0 -DK_LOOP_UNROLL=8 -DPHASE1_UNROLL=4 -DSTAGGER_CYCLES=200 -DW0_LOOP_UNROLL=1 ... 0.679 ms / 1612 TFLOPS  (244 regs, 3.0s)
[264/540] -DCVT_ADD_FUSED=0 -DK_LOOP_UNROLL=8 -DPHASE1_UNROLL=4 -DSTAGGER_CYCLES=200 -DW0_LOOP_UNROLL=4 ... 0.528 ms / 2073 TFLOPS  (255 regs, 3.0s)
[265/540] -DCVT_ADD_FUSED=0 -DK_LOOP_UNROLL=8 -DPHASE1_UNROLL=4 -DSTAGGER_CYCLES=200 -DSUB_MMA_UNROLL=1 ... 0.527 ms / 2076 TFLOPS  (214 regs, 3.0s)
[266/540] -DCVT_ADD_FUSED=0 -DK_LOOP_UNROLL=8 -DPHASE1_UNROLL=4 -DSTAGGER_CYCLES=200 -DSUB_MMA_UNROLL=1 -DW0_LOOP_UNROLL=1 ... 0.681 ms / 1607 TFLOPS  (200 regs, 3.0s)
[267/540] -DCVT_ADD_FUSED=0 -DK_LOOP_UNROLL=8 -DPHASE1_UNROLL=4 -DSTAGGER_CYCLES=200 -DSUB_MMA_UNROLL=1 -DW0_LOOP_UNROLL=4 ... 0.527 ms / 2079 TFLOPS  (214 regs, 3.0s)
[268/540] -DCVT_ADD_FUSED=0 -DK_LOOP_UNROLL=8 -DPHASE1_UNROLL=4 -DSTAGGER_CYCLES=200 -DSUB_MMA_UNROLL=3 ... 0.529 ms / 2072 TFLOPS  (255 regs, 3.0s)
[269/540] -DCVT_ADD_FUSED=0 -DK_LOOP_UNROLL=8 -DPHASE1_UNROLL=4 -DSTAGGER_CYCLES=200 -DSUB_MMA_UNROLL=3 -DW0_LOOP_UNROLL=1 ... 0.682 ms / 1605 TFLOPS  (244 regs, 3.0s)
[270/540] -DCVT_ADD_FUSED=0 -DK_LOOP_UNROLL=8 -DPHASE1_UNROLL=4 -DSTAGGER_CYCLES=200 -DSUB_MMA_UNROLL=3 -DW0_LOOP_UNROLL=4 ... 0.529 ms / 2070 TFLOPS  (255 regs, 3.1s)
[271/540] -DK_LOOP_UNROLL=1 -DPHASE1_UNROLL=1 -DSNAKE_ORDER=0 -DSTAGGER_CYCLES=200 ... 0.673 ms / 1628 TFLOPS  (130 regs, 2.9s)
[272/540] -DK_LOOP_UNROLL=1 -DPHASE1_UNROLL=1 -DSNAKE_ORDER=0 -DSTAGGER_CYCLES=200 -DW0_LOOP_UNROLL=1 ... 0.763 ms / 1436 TFLOPS  (111 regs, 2.9s)
[273/540] -DK_LOOP_UNROLL=1 -DPHASE1_UNROLL=1 -DSNAKE_ORDER=0 -DSTAGGER_CYCLES=200 -DW0_LOOP_UNROLL=4 ... 0.674 ms / 1624 TFLOPS  (130 regs, 2.9s)
[274/540] -DK_LOOP_UNROLL=1 -DPHASE1_UNROLL=1 -DSNAKE_ORDER=0 -DSTAGGER_CYCLES=200 -DSUB_MMA_UNROLL=1 ... 0.703 ms / 1557 TFLOPS  (125 regs, 2.9s)
[275/540] -DK_LOOP_UNROLL=1 -DPHASE1_UNROLL=1 -DSNAKE_ORDER=0 -DSTAGGER_CYCLES=200 -DSUB_MMA_UNROLL=1 -DW0_LOOP_UNROLL=1 ... 0.780 ms / 1404 TFLOPS  (105 regs, 2.9s)
[276/540] -DK_LOOP_UNROLL=1 -DPHASE1_UNROLL=1 -DSNAKE_ORDER=0 -DSTAGGER_CYCLES=200 -DSUB_MMA_UNROLL=1 -DW0_LOOP_UNROLL=4 ... 0.704 ms / 1555 TFLOPS  (125 regs, 2.9s)
[277/540] -DK_LOOP_UNROLL=1 -DPHASE1_UNROLL=1 -DSNAKE_ORDER=0 -DSTAGGER_CYCLES=200 -DSUB_MMA_UNROLL=3 ... 0.668 ms / 1640 TFLOPS  (130 regs, 2.9s)
[278/540] -DK_LOOP_UNROLL=1 -DPHASE1_UNROLL=1 -DSNAKE_ORDER=0 -DSTAGGER_CYCLES=200 -DSUB_MMA_UNROLL=3 -DW0_LOOP_UNROLL=1 ... 0.770 ms / 1422 TFLOPS  (111 regs, 2.9s)
[279/540] -DK_LOOP_UNROLL=1 -DPHASE1_UNROLL=1 -DSNAKE_ORDER=0 -DSTAGGER_CYCLES=200 -DSUB_MMA_UNROLL=3 -DW0_LOOP_UNROLL=4 ... 0.680 ms / 1610 TFLOPS  (130 regs, 2.9s)
[280/540] -DK_LOOP_UNROLL=1 -DPHASE1_UNROLL=1 -DSTAGGER_CYCLES=200 ... 0.674 ms / 1626 TFLOPS  (130 regs, 2.9s)
[281/540] -DK_LOOP_UNROLL=1 -DPHASE1_UNROLL=1 -DSTAGGER_CYCLES=200 -DW0_LOOP_UNROLL=1 ... 0.760 ms / 1441 TFLOPS  (111 regs, 2.8s)
[282/540] -DK_LOOP_UNROLL=1 -DPHASE1_UNROLL=1 -DSTAGGER_CYCLES=200 -DW0_LOOP_UNROLL=4 ... 0.672 ms / 1629 TFLOPS  (130 regs, 2.9s)
[283/540] -DK_LOOP_UNROLL=1 -DPHASE1_UNROLL=1 -DSTAGGER_CYCLES=200 -DSUB_MMA_UNROLL=1 ... 0.707 ms / 1550 TFLOPS  (125 regs, 2.8s)
[284/540] -DK_LOOP_UNROLL=1 -DPHASE1_UNROLL=1 -DSTAGGER_CYCLES=200 -DSUB_MMA_UNROLL=1 -DW0_LOOP_UNROLL=1 ... 0.791 ms / 1384 TFLOPS  (105 regs, 2.9s)
[285/540] -DK_LOOP_UNROLL=1 -DPHASE1_UNROLL=1 -DSTAGGER_CYCLES=200 -DSUB_MMA_UNROLL=1 -DW0_LOOP_UNROLL=4 ... 0.702 ms / 1560 TFLOPS  (125 regs, 2.9s)
[286/540] -DK_LOOP_UNROLL=1 -DPHASE1_UNROLL=1 -DSTAGGER_CYCLES=200 -DSUB_MMA_UNROLL=3 ... 0.679 ms / 1612 TFLOPS  (130 regs, 2.9s)
[287/540] -DK_LOOP_UNROLL=1 -DPHASE1_UNROLL=1 -DSTAGGER_CYCLES=200 -DSUB_MMA_UNROLL=3 -DW0_LOOP_UNROLL=1 ... 0.770 ms / 1422 TFLOPS  (111 regs, 2.9s)
[288/540] -DK_LOOP_UNROLL=1 -DPHASE1_UNROLL=1 -DSTAGGER_CYCLES=200 -DSUB_MMA_UNROLL=3 -DW0_LOOP_UNROLL=4 ... 0.675 ms / 1622 TFLOPS  (130 regs, 2.8s)
[289/540] -DK_LOOP_UNROLL=1 -DSNAKE_ORDER=0 -DSTAGGER_CYCLES=200 ... 0.656 ms / 1670 TFLOPS  (161 regs, 2.9s)
[290/540] -DK_LOOP_UNROLL=1 -DSNAKE_ORDER=0 -DSTAGGER_CYCLES=200 -DW0_LOOP_UNROLL=1 ... 0.760 ms / 1441 TFLOPS  (142 regs, 2.9s)
[291/540] -DK_LOOP_UNROLL=1 -DSNAKE_ORDER=0 -DSTAGGER_CYCLES=200 -DW0_LOOP_UNROLL=4 ... 0.661 ms / 1657 TFLOPS  (161 regs, 2.9s)
[292/540] -DK_LOOP_UNROLL=1 -DSNAKE_ORDER=0 -DSTAGGER_CYCLES=200 -DSUB_MMA_UNROLL=1 ... 0.705 ms / 1553 TFLOPS  (153 regs, 2.9s)
[293/540] -DK_LOOP_UNROLL=1 -DSNAKE_ORDER=0 -DSTAGGER_CYCLES=200 -DSUB_MMA_UNROLL=1 -DW0_LOOP_UNROLL=1 ... 0.790 ms / 1387 TFLOPS  (134 regs, 2.9s)
[294/540] -DK_LOOP_UNROLL=1 -DSNAKE_ORDER=0 -DSTAGGER_CYCLES=200 -DSUB_MMA_UNROLL=1 -DW0_LOOP_UNROLL=4 ... 0.715 ms / 1532 TFLOPS  (153 regs, 2.9s)
[295/540] -DK_LOOP_UNROLL=1 -DSNAKE_ORDER=0 -DSTAGGER_CYCLES=200 -DSUB_MMA_UNROLL=3 ... 0.668 ms / 1638 TFLOPS  (161 regs, 2.9s)
[296/540] -DK_LOOP_UNROLL=1 -DSNAKE_ORDER=0 -DSTAGGER_CYCLES=200 -DSUB_MMA_UNROLL=3 -DW0_LOOP_UNROLL=1 ... 0.763 ms / 1435 TFLOPS  (142 regs, 2.9s)
[297/540] -DK_LOOP_UNROLL=1 -DSNAKE_ORDER=0 -DSTAGGER_CYCLES=200 -DSUB_MMA_UNROLL=3 -DW0_LOOP_UNROLL=4 ... 0.665 ms / 1647 TFLOPS  (161 regs, 2.9s)
[298/540] -DK_LOOP_UNROLL=1 -DSTAGGER_CYCLES=200 ... 0.665 ms / 1647 TFLOPS  (161 regs, 2.9s)
[299/540] -DK_LOOP_UNROLL=1 -DSTAGGER_CYCLES=200 -DW0_LOOP_UNROLL=1 ... 0.763 ms / 1435 TFLOPS  (142 regs, 2.9s)
[300/540] -DK_LOOP_UNROLL=1 -DSTAGGER_CYCLES=200 -DW0_LOOP_UNROLL=4 ... 0.664 ms / 1648 TFLOPS  (161 regs, 2.9s)
[301/540] -DK_LOOP_UNROLL=1 -DSTAGGER_CYCLES=200 -DSUB_MMA_UNROLL=1 ... 0.705 ms / 1552 TFLOPS  (153 regs, 2.9s)
[302/540] -DK_LOOP_UNROLL=1 -DSTAGGER_CYCLES=200 -DSUB_MMA_UNROLL=1 -DW0_LOOP_UNROLL=1 ... 0.772 ms / 1419 TFLOPS  (134 regs, 2.9s)
[303/540] -DK_LOOP_UNROLL=1 -DSTAGGER_CYCLES=200 -DSUB_MMA_UNROLL=1 -DW0_LOOP_UNROLL=4 ... 0.717 ms / 1527 TFLOPS  (153 regs, 3.0s)
[304/540] -DK_LOOP_UNROLL=1 -DSTAGGER_CYCLES=200 -DSUB_MMA_UNROLL=3 ... 0.663 ms / 1651 TFLOPS  (161 regs, 3.0s)
[305/540] -DK_LOOP_UNROLL=1 -DSTAGGER_CYCLES=200 -DSUB_MMA_UNROLL=3 -DW0_LOOP_UNROLL=1 ... 0.766 ms / 1430 TFLOPS  (142 regs, 2.9s)
[306/540] -DK_LOOP_UNROLL=1 -DSTAGGER_CYCLES=200 -DSUB_MMA_UNROLL=3 -DW0_LOOP_UNROLL=4 ... 0.670 ms / 1634 TFLOPS  (161 regs, 2.9s)
[307/540] -DK_LOOP_UNROLL=1 -DPHASE1_UNROLL=4 -DSNAKE_ORDER=0 -DSTAGGER_CYCLES=200 ... 0.667 ms / 1643 TFLOPS  (210 regs, 3.0s)
[308/540] -DK_LOOP_UNROLL=1 -DPHASE1_UNROLL=4 -DSNAKE_ORDER=0 -DSTAGGER_CYCLES=200 -DW0_LOOP_UNROLL=1 ... 0.770 ms / 1422 TFLOPS  (192 regs, 2.9s)
[309/540] -DK_LOOP_UNROLL=1 -DPHASE1_UNROLL=4 -DSNAKE_ORDER=0 -DSTAGGER_CYCLES=200 -DW0_LOOP_UNROLL=4 ... 0.672 ms / 1631 TFLOPS  (210 regs, 3.0s)
[310/540] -DK_LOOP_UNROLL=1 -DPHASE1_UNROLL=4 -DSNAKE_ORDER=0 -DSTAGGER_CYCLES=200 -DSUB_MMA_UNROLL=1 ... 0.697 ms / 1572 TFLOPS  (202 regs, 2.9s)
[311/540] -DK_LOOP_UNROLL=1 -DPHASE1_UNROLL=4 -DSNAKE_ORDER=0 -DSTAGGER_CYCLES=200 -DSUB_MMA_UNROLL=1 -DW0_LOOP_UNROLL=1 ... 0.783 ms / 1398 TFLOPS  (184 regs, 3.0s)
[312/540] -DK_LOOP_UNROLL=1 -DPHASE1_UNROLL=4 -DSNAKE_ORDER=0 -DSTAGGER_CYCLES=200 -DSUB_MMA_UNROLL=1 -DW0_LOOP_UNROLL=4 ... 0.711 ms / 1541 TFLOPS  (202 regs, 2.9s)
[313/540] -DK_LOOP_UNROLL=1 -DPHASE1_UNROLL=4 -DSNAKE_ORDER=0 -DSTAGGER_CYCLES=200 -DSUB_MMA_UNROLL=3 ... 0.669 ms / 1637 TFLOPS  (210 regs, 3.0s)
[314/540] -DK_LOOP_UNROLL=1 -DPHASE1_UNROLL=4 -DSNAKE_ORDER=0 -DSTAGGER_CYCLES=200 -DSUB_MMA_UNROLL=3 -DW0_LOOP_UNROLL=1 ... 0.750 ms / 1460 TFLOPS  (192 regs, 2.9s)
[315/540] -DK_LOOP_UNROLL=1 -DPHASE1_UNROLL=4 -DSNAKE_ORDER=0 -DSTAGGER_CYCLES=200 -DSUB_MMA_UNROLL=3 -DW0_LOOP_UNROLL=4 ... 0.673 ms / 1628 TFLOPS  (210 regs, 3.0s)
[316/540] -DK_LOOP_UNROLL=1 -DPHASE1_UNROLL=4 -DSTAGGER_CYCLES=200 ... 0.669 ms / 1637 TFLOPS  (210 regs, 3.0s)
[317/540] -DK_LOOP_UNROLL=1 -DPHASE1_UNROLL=4 -DSTAGGER_CYCLES=200 -DW0_LOOP_UNROLL=1 ... 0.765 ms / 1431 TFLOPS  (192 regs, 2.9s)
[318/540] -DK_LOOP_UNROLL=1 -DPHASE1_UNROLL=4 -DSTAGGER_CYCLES=200 -DW0_LOOP_UNROLL=4 ... 0.669 ms / 1636 TFLOPS  (210 regs, 3.0s)
[319/540] -DK_LOOP_UNROLL=1 -DPHASE1_UNROLL=4 -DSTAGGER_CYCLES=200 -DSUB_MMA_UNROLL=1 ... 0.708 ms / 1548 TFLOPS  (202 regs, 3.0s)
[320/540] -DK_LOOP_UNROLL=1 -DPHASE1_UNROLL=4 -DSTAGGER_CYCLES=200 -DSUB_MMA_UNROLL=1 -DW0_LOOP_UNROLL=1 ... 0.779 ms / 1405 TFLOPS  (184 regs, 3.0s)
[321/540] -DK_LOOP_UNROLL=1 -DPHASE1_UNROLL=4 -DSTAGGER_CYCLES=200 -DSUB_MMA_UNROLL=1 -DW0_LOOP_UNROLL=4 ... 0.707 ms / 1548 TFLOPS  (202 regs, 3.0s)
[322/540] -DK_LOOP_UNROLL=1 -DPHASE1_UNROLL=4 -DSTAGGER_CYCLES=200 -DSUB_MMA_UNROLL=3 ... 0.675 ms / 1623 TFLOPS  (210 regs, 3.0s)
[323/540] -DK_LOOP_UNROLL=1 -DPHASE1_UNROLL=4 -DSTAGGER_CYCLES=200 -DSUB_MMA_UNROLL=3 -DW0_LOOP_UNROLL=1 ... 0.761 ms / 1439 TFLOPS  (192 regs, 2.9s)
[324/540] -DK_LOOP_UNROLL=1 -DPHASE1_UNROLL=4 -DSTAGGER_CYCLES=200 -DSUB_MMA_UNROLL=3 -DW0_LOOP_UNROLL=4 ... 0.669 ms / 1637 TFLOPS  (210 regs, 3.0s)
[325/540] -DK_LOOP_UNROLL=2 -DPHASE1_UNROLL=1 -DSNAKE_ORDER=0 -DSTAGGER_CYCLES=200 ... 0.669 ms / 1636 TFLOPS  (130 regs, 2.8s)
[326/540] -DK_LOOP_UNROLL=2 -DPHASE1_UNROLL=1 -DSNAKE_ORDER=0 -DSTAGGER_CYCLES=200 -DW0_LOOP_UNROLL=1 ... 0.754 ms / 1452 TFLOPS  (111 regs, 2.8s)
[327/540] -DK_LOOP_UNROLL=2 -DPHASE1_UNROLL=1 -DSNAKE_ORDER=0 -DSTAGGER_CYCLES=200 -DW0_LOOP_UNROLL=4 ... 0.671 ms / 1631 TFLOPS  (130 regs, 2.9s)
[328/540] -DK_LOOP_UNROLL=2 -DPHASE1_UNROLL=1 -DSNAKE_ORDER=0 -DSTAGGER_CYCLES=200 -DSUB_MMA_UNROLL=1 ... 0.701 ms / 1562 TFLOPS  (125 regs, 2.9s)
[329/540] -DK_LOOP_UNROLL=2 -DPHASE1_UNROLL=1 -DSNAKE_ORDER=0 -DSTAGGER_CYCLES=200 -DSUB_MMA_UNROLL=1 -DW0_LOOP_UNROLL=1 ... 0.783 ms / 1399 TFLOPS  (105 regs, 2.8s)
[330/540] -DK_LOOP_UNROLL=2 -DPHASE1_UNROLL=1 -DSNAKE_ORDER=0 -DSTAGGER_CYCLES=200 -DSUB_MMA_UNROLL=1 -DW0_LOOP_UNROLL=4 ... 0.710 ms / 1542 TFLOPS  (125 regs, 2.9s)
[331/540] -DK_LOOP_UNROLL=2 -DPHASE1_UNROLL=1 -DSNAKE_ORDER=0 -DSTAGGER_CYCLES=200 -DSUB_MMA_UNROLL=3 ... 0.677 ms / 1618 TFLOPS  (130 regs, 2.9s)
[332/540] -DK_LOOP_UNROLL=2 -DPHASE1_UNROLL=1 -DSNAKE_ORDER=0 -DSTAGGER_CYCLES=200 -DSUB_MMA_UNROLL=3 -DW0_LOOP_UNROLL=1 ... 0.754 ms / 1453 TFLOPS  (111 regs, 2.8s)
[333/540] -DK_LOOP_UNROLL=2 -DPHASE1_UNROLL=1 -DSNAKE_ORDER=0 -DSTAGGER_CYCLES=200 -DSUB_MMA_UNROLL=3 -DW0_LOOP_UNROLL=4 ... 0.670 ms / 1635 TFLOPS  (130 regs, 2.9s)
[334/540] -DK_LOOP_UNROLL=2 -DPHASE1_UNROLL=1 -DSTAGGER_CYCLES=200 ... 0.674 ms / 1624 TFLOPS  (130 regs, 2.9s)
[335/540] -DK_LOOP_UNROLL=2 -DPHASE1_UNROLL=1 -DSTAGGER_CYCLES=200 -DW0_LOOP_UNROLL=1 ... 0.763 ms / 1435 TFLOPS  (111 regs, 2.9s)
[336/540] -DK_LOOP_UNROLL=2 -DPHASE1_UNROLL=1 -DSTAGGER_CYCLES=200 -DW0_LOOP_UNROLL=4 ... 0.674 ms / 1624 TFLOPS  (130 regs, 2.9s)
[337/540] -DK_LOOP_UNROLL=2 -DPHASE1_UNROLL=1 -DSTAGGER_CYCLES=200 -DSUB_MMA_UNROLL=1 ... 0.709 ms / 1544 TFLOPS  (125 regs, 2.9s)
[338/540] -DK_LOOP_UNROLL=2 -DPHASE1_UNROLL=1 -DSTAGGER_CYCLES=200 -DSUB_MMA_UNROLL=1 -DW0_LOOP_UNROLL=1 ... 0.777 ms / 1409 TFLOPS  (105 regs, 2.9s)
[339/540] -DK_LOOP_UNROLL=2 -DPHASE1_UNROLL=1 -DSTAGGER_CYCLES=200 -DSUB_MMA_UNROLL=1 -DW0_LOOP_UNROLL=4 ... 0.702 ms / 1560 TFLOPS  (125 regs, 2.9s)
[340/540] -DK_LOOP_UNROLL=2 -DPHASE1_UNROLL=1 -DSTAGGER_CYCLES=200 -DSUB_MMA_UNROLL=3 ... 0.674 ms / 1625 TFLOPS  (130 regs, 2.9s)
[341/540] -DK_LOOP_UNROLL=2 -DPHASE1_UNROLL=1 -DSTAGGER_CYCLES=200 -DSUB_MMA_UNROLL=3 -DW0_LOOP_UNROLL=1 ... 0.762 ms / 1438 TFLOPS  (111 regs, 2.9s)
[342/540] -DK_LOOP_UNROLL=2 -DPHASE1_UNROLL=1 -DSTAGGER_CYCLES=200 -DSUB_MMA_UNROLL=3 -DW0_LOOP_UNROLL=4 ... 0.678 ms / 1615 TFLOPS  (130 regs, 2.9s)
[343/540] -DK_LOOP_UNROLL=2 -DSNAKE_ORDER=0 -DSTAGGER_CYCLES=200 ... 0.663 ms / 1650 TFLOPS  (161 regs, 2.9s)
[344/540] -DK_LOOP_UNROLL=2 -DSNAKE_ORDER=0 -DSTAGGER_CYCLES=200 -DW0_LOOP_UNROLL=1 ... 0.748 ms / 1463 TFLOPS  (142 regs, 2.9s)
[345/540] -DK_LOOP_UNROLL=2 -DSNAKE_ORDER=0 -DSTAGGER_CYCLES=200 -DW0_LOOP_UNROLL=4 ... 0.662 ms / 1655 TFLOPS  (161 regs, 2.9s)
[346/540] -DK_LOOP_UNROLL=2 -DSNAKE_ORDER=0 -DSTAGGER_CYCLES=200 -DSUB_MMA_UNROLL=1 ... 0.703 ms / 1558 TFLOPS  (153 regs, 2.9s)
[347/540] -DK_LOOP_UNROLL=2 -DSNAKE_ORDER=0 -DSTAGGER_CYCLES=200 -DSUB_MMA_UNROLL=1 -DW0_LOOP_UNROLL=1 ... 0.774 ms / 1415 TFLOPS  (134 regs, 3.0s)
[348/540] -DK_LOOP_UNROLL=2 -DSNAKE_ORDER=0 -DSTAGGER_CYCLES=200 -DSUB_MMA_UNROLL=1 -DW0_LOOP_UNROLL=4 ... 0.706 ms / 1551 TFLOPS  (153 regs, 2.9s)
[349/540] -DK_LOOP_UNROLL=2 -DSNAKE_ORDER=0 -DSTAGGER_CYCLES=200 -DSUB_MMA_UNROLL=3 ... 0.664 ms / 1648 TFLOPS  (161 regs, 2.9s)
[350/540] -DK_LOOP_UNROLL=2 -DSNAKE_ORDER=0 -DSTAGGER_CYCLES=200 -DSUB_MMA_UNROLL=3 -DW0_LOOP_UNROLL=1 ... 0.759 ms / 1443 TFLOPS  (142 regs, 3.0s)
[351/540] -DK_LOOP_UNROLL=2 -DSNAKE_ORDER=0 -DSTAGGER_CYCLES=200 -DSUB_MMA_UNROLL=3 -DW0_LOOP_UNROLL=4 ... 0.659 ms / 1662 TFLOPS  (161 regs, 2.9s)
[352/540] -DK_LOOP_UNROLL=2 -DSTAGGER_CYCLES=200 ... 0.672 ms / 1630 TFLOPS  (161 regs, 2.9s)
[353/540] -DK_LOOP_UNROLL=2 -DSTAGGER_CYCLES=200 -DW0_LOOP_UNROLL=1 ... 0.764 ms / 1432 TFLOPS  (142 regs, 3.0s)
[354/540] -DK_LOOP_UNROLL=2 -DSTAGGER_CYCLES=200 -DW0_LOOP_UNROLL=4 ... 0.671 ms / 1633 TFLOPS  (161 regs, 2.9s)
[355/540] -DK_LOOP_UNROLL=2 -DSTAGGER_CYCLES=200 -DSUB_MMA_UNROLL=1 ... 0.696 ms / 1573 TFLOPS  (153 regs, 2.9s)
[356/540] -DK_LOOP_UNROLL=2 -DSTAGGER_CYCLES=200 -DSUB_MMA_UNROLL=1 -DW0_LOOP_UNROLL=1 ... 0.776 ms / 1411 TFLOPS  (134 regs, 2.9s)
[357/540] -DK_LOOP_UNROLL=2 -DSTAGGER_CYCLES=200 -DSUB_MMA_UNROLL=1 -DW0_LOOP_UNROLL=4 ... 0.694 ms / 1578 TFLOPS  (153 regs, 2.9s)
[358/540] -DK_LOOP_UNROLL=2 -DSTAGGER_CYCLES=200 -DSUB_MMA_UNROLL=3 ... 0.665 ms / 1648 TFLOPS  (161 regs, 2.9s)
[359/540] -DK_LOOP_UNROLL=2 -DSTAGGER_CYCLES=200 -DSUB_MMA_UNROLL=3 -DW0_LOOP_UNROLL=1 ... 0.762 ms / 1437 TFLOPS  (142 regs, 2.9s)
[360/540] -DK_LOOP_UNROLL=2 -DSTAGGER_CYCLES=200 -DSUB_MMA_UNROLL=3 -DW0_LOOP_UNROLL=4 ... 0.665 ms / 1645 TFLOPS  (161 regs, 3.0s)
[361/540] -DK_LOOP_UNROLL=2 -DPHASE1_UNROLL=4 -DSNAKE_ORDER=0 -DSTAGGER_CYCLES=200 ... 0.683 ms / 1602 TFLOPS  (210 regs, 3.0s)
[362/540] -DK_LOOP_UNROLL=2 -DPHASE1_UNROLL=4 -DSNAKE_ORDER=0 -DSTAGGER_CYCLES=200 -DW0_LOOP_UNROLL=1 ... 0.771 ms / 1421 TFLOPS  (192 regs, 3.0s)
[363/540] -DK_LOOP_UNROLL=2 -DPHASE1_UNROLL=4 -DSNAKE_ORDER=0 -DSTAGGER_CYCLES=200 -DW0_LOOP_UNROLL=4 ... 0.674 ms / 1623 TFLOPS  (210 regs, 3.0s)
[364/540] -DK_LOOP_UNROLL=2 -DPHASE1_UNROLL=4 -DSNAKE_ORDER=0 -DSTAGGER_CYCLES=200 -DSUB_MMA_UNROLL=1 ... 0.707 ms / 1549 TFLOPS  (202 regs, 3.0s)
[365/540] -DK_LOOP_UNROLL=2 -DPHASE1_UNROLL=4 -DSNAKE_ORDER=0 -DSTAGGER_CYCLES=200 -DSUB_MMA_UNROLL=1 -DW0_LOOP_UNROLL=1 ... 0.785 ms / 1395 TFLOPS  (184 regs, 3.0s)
[366/540] -DK_LOOP_UNROLL=2 -DPHASE1_UNROLL=4 -DSNAKE_ORDER=0 -DSTAGGER_CYCLES=200 -DSUB_MMA_UNROLL=1 -DW0_LOOP_UNROLL=4 ... 0.715 ms / 1533 TFLOPS  (202 regs, 3.0s)
[367/540] -DK_LOOP_UNROLL=2 -DPHASE1_UNROLL=4 -DSNAKE_ORDER=0 -DSTAGGER_CYCLES=200 -DSUB_MMA_UNROLL=3 ... 0.673 ms / 1628 TFLOPS  (210 regs, 3.0s)
[368/540] -DK_LOOP_UNROLL=2 -DPHASE1_UNROLL=4 -DSNAKE_ORDER=0 -DSTAGGER_CYCLES=200 -DSUB_MMA_UNROLL=3 -DW0_LOOP_UNROLL=1 ... 0.773 ms / 1416 TFLOPS  (192 regs, 3.0s)
[369/540] -DK_LOOP_UNROLL=2 -DPHASE1_UNROLL=4 -DSNAKE_ORDER=0 -DSTAGGER_CYCLES=200 -DSUB_MMA_UNROLL=3 -DW0_LOOP_UNROLL=4 ... 0.670 ms / 1633 TFLOPS  (210 regs, 3.0s)
[370/540] -DK_LOOP_UNROLL=2 -DPHASE1_UNROLL=4 -DSTAGGER_CYCLES=200 ... 0.662 ms / 1655 TFLOPS  (210 regs, 3.0s)
[371/540] -DK_LOOP_UNROLL=2 -DPHASE1_UNROLL=4 -DSTAGGER_CYCLES=200 -DW0_LOOP_UNROLL=1 ... 0.757 ms / 1447 TFLOPS  (192 regs, 2.9s)
[372/540] -DK_LOOP_UNROLL=2 -DPHASE1_UNROLL=4 -DSTAGGER_CYCLES=200 -DW0_LOOP_UNROLL=4 ... 0.665 ms / 1648 TFLOPS  (210 regs, 3.1s)
[373/540] -DK_LOOP_UNROLL=2 -DPHASE1_UNROLL=4 -DSTAGGER_CYCLES=200 -DSUB_MMA_UNROLL=1 ... 0.703 ms / 1558 TFLOPS  (202 regs, 2.9s)
[374/540] -DK_LOOP_UNROLL=2 -DPHASE1_UNROLL=4 -DSTAGGER_CYCLES=200 -DSUB_MMA_UNROLL=1 -DW0_LOOP_UNROLL=1 ... 0.776 ms / 1412 TFLOPS  (184 regs, 3.0s)
[375/540] -DK_LOOP_UNROLL=2 -DPHASE1_UNROLL=4 -DSTAGGER_CYCLES=200 -DSUB_MMA_UNROLL=1 -DW0_LOOP_UNROLL=4 ... 0.704 ms / 1556 TFLOPS  (202 regs, 3.0s)
[376/540] -DK_LOOP_UNROLL=2 -DPHASE1_UNROLL=4 -DSTAGGER_CYCLES=200 -DSUB_MMA_UNROLL=3 ... 0.671 ms / 1631 TFLOPS  (210 regs, 3.0s)
[377/540] -DK_LOOP_UNROLL=2 -DPHASE1_UNROLL=4 -DSTAGGER_CYCLES=200 -DSUB_MMA_UNROLL=3 -DW0_LOOP_UNROLL=1 ... 0.753 ms / 1455 TFLOPS  (192 regs, 3.0s)
[378/540] -DK_LOOP_UNROLL=2 -DPHASE1_UNROLL=4 -DSTAGGER_CYCLES=200 -DSUB_MMA_UNROLL=3 -DW0_LOOP_UNROLL=4 ... 0.661 ms / 1656 TFLOPS  (210 regs, 3.0s)
[379/540] -DPHASE1_UNROLL=1 -DSNAKE_ORDER=0 -DSTAGGER_CYCLES=200 ... 0.760 ms / 1440 TFLOPS  (178 regs, 2.9s)
[380/540] -DPHASE1_UNROLL=1 -DSNAKE_ORDER=0 -DSTAGGER_CYCLES=200 -DW0_LOOP_UNROLL=1 ... 0.681 ms / 1608 TFLOPS  (164 regs, 2.8s)
[381/540] -DPHASE1_UNROLL=1 -DSNAKE_ORDER=0 -DSTAGGER_CYCLES=200 -DW0_LOOP_UNROLL=4 ... 0.759 ms / 1443 TFLOPS  (178 regs, 2.9s)
[382/540] -DPHASE1_UNROLL=1 -DSNAKE_ORDER=0 -DSTAGGER_CYCLES=200 -DSUB_MMA_UNROLL=1 ... 0.757 ms / 1446 TFLOPS  (134 regs, 2.9s)
[383/540] -DPHASE1_UNROLL=1 -DSNAKE_ORDER=0 -DSTAGGER_CYCLES=200 -DSUB_MMA_UNROLL=1 -DW0_LOOP_UNROLL=1 ... 0.687 ms / 1594 TFLOPS  (120 regs, 2.9s)
[384/540] -DPHASE1_UNROLL=1 -DSNAKE_ORDER=0 -DSTAGGER_CYCLES=200 -DSUB_MMA_UNROLL=1 -DW0_LOOP_UNROLL=4 ... 0.760 ms / 1441 TFLOPS  (134 regs, 2.9s)
[385/540] -DPHASE1_UNROLL=1 -DSNAKE_ORDER=0 -DSTAGGER_CYCLES=200 -DSUB_MMA_UNROLL=3 ... 0.757 ms / 1447 TFLOPS  (178 regs, 2.9s)
[386/540] -DPHASE1_UNROLL=1 -DSNAKE_ORDER=0 -DSTAGGER_CYCLES=200 -DSUB_MMA_UNROLL=3 -DW0_LOOP_UNROLL=1 ... 0.679 ms / 1613 TFLOPS  (164 regs, 2.8s)
[387/540] -DPHASE1_UNROLL=1 -DSNAKE_ORDER=0 -DSTAGGER_CYCLES=200 -DSUB_MMA_UNROLL=3 -DW0_LOOP_UNROLL=4 ... 0.758 ms / 1444 TFLOPS  (178 regs, 2.8s)
[388/540] -DPHASE1_UNROLL=1 -DSTAGGER_CYCLES=200 ... 0.638 ms / 1717 TFLOPS  (178 regs, 2.9s)
[389/540] -DPHASE1_UNROLL=1 -DSTAGGER_CYCLES=200 -DW0_LOOP_UNROLL=1 ... 0.683 ms / 1603 TFLOPS  (164 regs, 2.9s)
[390/540] -DPHASE1_UNROLL=1 -DSTAGGER_CYCLES=200 -DW0_LOOP_UNROLL=4 ... 0.640 ms / 1710 TFLOPS  (178 regs, 2.9s)
[391/540] -DPHASE1_UNROLL=1 -DSTAGGER_CYCLES=200 -DSUB_MMA_UNROLL=1 ... 0.633 ms / 1729 TFLOPS  (134 regs, 2.9s)
[392/540] -DPHASE1_UNROLL=1 -DSTAGGER_CYCLES=200 -DSUB_MMA_UNROLL=1 -DW0_LOOP_UNROLL=1 ... 0.686 ms / 1595 TFLOPS  (120 regs, 2.9s)
[393/540] -DPHASE1_UNROLL=1 -DSTAGGER_CYCLES=200 -DSUB_MMA_UNROLL=1 -DW0_LOOP_UNROLL=4 ... 0.635 ms / 1724 TFLOPS  (134 regs, 2.9s)
[394/540] -DPHASE1_UNROLL=1 -DSTAGGER_CYCLES=200 -DSUB_MMA_UNROLL=3 ... 0.648 ms / 1689 TFLOPS  (178 regs, 2.8s)
[395/540] -DPHASE1_UNROLL=1 -DSTAGGER_CYCLES=200 -DSUB_MMA_UNROLL=3 -DW0_LOOP_UNROLL=1 ... 0.677 ms / 1618 TFLOPS  (164 regs, 2.9s)
[396/540] -DPHASE1_UNROLL=1 -DSTAGGER_CYCLES=200 -DSUB_MMA_UNROLL=3 -DW0_LOOP_UNROLL=4 ... 0.633 ms / 1729 TFLOPS  (178 regs, 2.9s)
[397/540] -DSNAKE_ORDER=0 -DSTAGGER_CYCLES=200 ... 0.596 ms / 1837 TFLOPS  (209 regs, 2.9s)
[398/540] -DSNAKE_ORDER=0 -DSTAGGER_CYCLES=200 -DW0_LOOP_UNROLL=1 ... 0.684 ms / 1600 TFLOPS  (194 regs, 2.9s)
[399/540] -DSNAKE_ORDER=0 -DSTAGGER_CYCLES=200 -DW0_LOOP_UNROLL=4 ... 0.592 ms / 1851 TFLOPS  (209 regs, 3.0s)
[400/540] -DSNAKE_ORDER=0 -DSTAGGER_CYCLES=200 -DSUB_MMA_UNROLL=1 ... 0.595 ms / 1842 TFLOPS  (165 regs, 3.0s)
[401/540] -DSNAKE_ORDER=0 -DSTAGGER_CYCLES=200 -DSUB_MMA_UNROLL=1 -DW0_LOOP_UNROLL=1 ... 0.682 ms / 1605 TFLOPS  (149 regs, 2.8s)
[402/540] -DSNAKE_ORDER=0 -DSTAGGER_CYCLES=200 -DSUB_MMA_UNROLL=1 -DW0_LOOP_UNROLL=4 ... 0.601 ms / 1821 TFLOPS  (165 regs, 2.9s)
[403/540] -DSNAKE_ORDER=0 -DSTAGGER_CYCLES=200 -DSUB_MMA_UNROLL=3 ... 0.591 ms / 1854 TFLOPS  (209 regs, 2.9s)
[404/540] -DSNAKE_ORDER=0 -DSTAGGER_CYCLES=200 -DSUB_MMA_UNROLL=3 -DW0_LOOP_UNROLL=1 ... 0.679 ms / 1613 TFLOPS  (194 regs, 2.9s)
[405/540] -DSNAKE_ORDER=0 -DSTAGGER_CYCLES=200 -DSUB_MMA_UNROLL=3 -DW0_LOOP_UNROLL=4 ... 0.585 ms / 1871 TFLOPS  (209 regs, 2.9s)
[406/540] -DSTAGGER_CYCLES=200 ... 0.527 ms / 2078 TFLOPS  (209 regs, 2.9s)
[407/540] -DSTAGGER_CYCLES=200 -DW0_LOOP_UNROLL=1 ... 0.682 ms / 1605 TFLOPS  (194 regs, 2.9s)
[408/540] -DSTAGGER_CYCLES=200 -DW0_LOOP_UNROLL=4 ... 0.530 ms / 2065 TFLOPS  (209 regs, 3.0s)
[409/540] -DSTAGGER_CYCLES=200 -DSUB_MMA_UNROLL=1 ... 0.532 ms / 2058 TFLOPS  (165 regs, 2.9s)
[410/540] -DSTAGGER_CYCLES=200 -DSUB_MMA_UNROLL=1 -DW0_LOOP_UNROLL=1 ... 0.678 ms / 1614 TFLOPS  (149 regs, 2.9s)
[411/540] -DSTAGGER_CYCLES=200 -DSUB_MMA_UNROLL=1 -DW0_LOOP_UNROLL=4 ... 0.537 ms / 2041 TFLOPS  (165 regs, 3.0s)
[412/540] -DSTAGGER_CYCLES=200 -DSUB_MMA_UNROLL=3 ... 0.529 ms / 2072 TFLOPS  (209 regs, 2.9s)
[413/540] -DSTAGGER_CYCLES=200 -DSUB_MMA_UNROLL=3 -DW0_LOOP_UNROLL=1 ... 0.678 ms / 1614 TFLOPS  (194 regs, 2.9s)
[414/540] -DSTAGGER_CYCLES=200 -DSUB_MMA_UNROLL=3 -DW0_LOOP_UNROLL=4 ... 0.530 ms / 2065 TFLOPS  (209 regs, 2.9s)
[415/540] -DPHASE1_UNROLL=4 -DSNAKE_ORDER=0 -DSTAGGER_CYCLES=200 ... 0.543 ms / 2016 TFLOPS  (255 regs, 3.0s)
[416/540] -DPHASE1_UNROLL=4 -DSNAKE_ORDER=0 -DSTAGGER_CYCLES=200 -DW0_LOOP_UNROLL=1 ... 0.697 ms / 1571 TFLOPS  (244 regs, 3.0s)
[417/540] -DPHASE1_UNROLL=4 -DSNAKE_ORDER=0 -DSTAGGER_CYCLES=200 -DW0_LOOP_UNROLL=4 ... 0.539 ms / 2033 TFLOPS  (255 regs, 3.0s)
[418/540] -DPHASE1_UNROLL=4 -DSNAKE_ORDER=0 -DSTAGGER_CYCLES=200 -DSUB_MMA_UNROLL=1 ... 0.542 ms / 2019 TFLOPS  (214 regs, 3.0s)
[419/540] -DPHASE1_UNROLL=4 -DSNAKE_ORDER=0 -DSTAGGER_CYCLES=200 -DSUB_MMA_UNROLL=1 -DW0_LOOP_UNROLL=1 ... 0.685 ms / 1598 TFLOPS  (200 regs, 2.9s)
[420/540] -DPHASE1_UNROLL=4 -DSNAKE_ORDER=0 -DSTAGGER_CYCLES=200 -DSUB_MMA_UNROLL=1 -DW0_LOOP_UNROLL=4 ... 0.542 ms / 2020 TFLOPS  (214 regs, 3.0s)
[421/540] -DPHASE1_UNROLL=4 -DSNAKE_ORDER=0 -DSTAGGER_CYCLES=200 -DSUB_MMA_UNROLL=3 ... 0.543 ms / 2015 TFLOPS  (255 regs, 3.0s)
[422/540] -DPHASE1_UNROLL=4 -DSNAKE_ORDER=0 -DSTAGGER_CYCLES=200 -DSUB_MMA_UNROLL=3 -DW0_LOOP_UNROLL=1 ... 0.683 ms / 1603 TFLOPS  (244 regs, 3.0s)
[423/540] -DPHASE1_UNROLL=4 -DSNAKE_ORDER=0 -DSTAGGER_CYCLES=200 -DSUB_MMA_UNROLL=3 -DW0_LOOP_UNROLL=4 ... 0.541 ms / 2025 TFLOPS  (255 regs, 3.0s)
[424/540] -DPHASE1_UNROLL=4 -DSTAGGER_CYCLES=200 ... 0.528 ms / 2074 TFLOPS  (255 regs, 2.9s)
[425/540] -DPHASE1_UNROLL=4 -DSTAGGER_CYCLES=200 -DW0_LOOP_UNROLL=1 ... 0.681 ms / 1608 TFLOPS  (244 regs, 3.1s)
[426/540] -DPHASE1_UNROLL=4 -DSTAGGER_CYCLES=200 -DW0_LOOP_UNROLL=4 ... 0.528 ms / 2072 TFLOPS  (255 regs, 3.0s)
[427/540] -DPHASE1_UNROLL=4 -DSTAGGER_CYCLES=200 -DSUB_MMA_UNROLL=1 ... 0.532 ms / 2058 TFLOPS  (214 regs, 2.9s)
[428/540] -DPHASE1_UNROLL=4 -DSTAGGER_CYCLES=200 -DSUB_MMA_UNROLL=1 -DW0_LOOP_UNROLL=1 ... 0.685 ms / 1598 TFLOPS  (200 regs, 3.0s)
[429/540] -DPHASE1_UNROLL=4 -DSTAGGER_CYCLES=200 -DSUB_MMA_UNROLL=1 -DW0_LOOP_UNROLL=4 ... 0.532 ms / 2058 TFLOPS  (214 regs, 3.0s)
[430/540] -DPHASE1_UNROLL=4 -DSTAGGER_CYCLES=200 -DSUB_MMA_UNROLL=3 ... 0.529 ms / 2070 TFLOPS  (255 regs, 3.1s)
[431/540] -DPHASE1_UNROLL=4 -DSTAGGER_CYCLES=200 -DSUB_MMA_UNROLL=3 -DW0_LOOP_UNROLL=1 ... 0.686 ms / 1595 TFLOPS  (244 regs, 3.0s)
[432/540] -DPHASE1_UNROLL=4 -DSTAGGER_CYCLES=200 -DSUB_MMA_UNROLL=3 -DW0_LOOP_UNROLL=4 ... 0.530 ms / 2066 TFLOPS  (255 regs, 3.0s)
[433/540] -DK_LOOP_UNROLL=6 -DPHASE1_UNROLL=1 -DSNAKE_ORDER=0 -DSTAGGER_CYCLES=200 ... 0.759 ms / 1442 TFLOPS  (147 regs, 2.8s)
[434/540] -DK_LOOP_UNROLL=6 -DPHASE1_UNROLL=1 -DSNAKE_ORDER=0 -DSTAGGER_CYCLES=200 -DW0_LOOP_UNROLL=1 ... 0.683 ms / 1603 TFLOPS  (128 regs, 2.8s)
[435/540] -DK_LOOP_UNROLL=6 -DPHASE1_UNROLL=1 -DSNAKE_ORDER=0 -DSTAGGER_CYCLES=200 -DW0_LOOP_UNROLL=4 ... 0.759 ms / 1442 TFLOPS  (144 regs, 3.0s)
[436/540] -DK_LOOP_UNROLL=6 -DPHASE1_UNROLL=1 -DSNAKE_ORDER=0 -DSTAGGER_CYCLES=200 -DSUB_MMA_UNROLL=1 ... 0.760 ms / 1440 TFLOPS  (134 regs, 2.9s)
[437/540] -DK_LOOP_UNROLL=6 -DPHASE1_UNROLL=1 -DSNAKE_ORDER=0 -DSTAGGER_CYCLES=200 -DSUB_MMA_UNROLL=1 -DW0_LOOP_UNROLL=1 ... 0.687 ms / 1594 TFLOPS  (120 regs, 2.9s)
[438/540] -DK_LOOP_UNROLL=6 -DPHASE1_UNROLL=1 -DSNAKE_ORDER=0 -DSTAGGER_CYCLES=200 -DSUB_MMA_UNROLL=1 -DW0_LOOP_UNROLL=4 ... 0.758 ms / 1444 TFLOPS  (134 regs, 2.9s)
[439/540] -DK_LOOP_UNROLL=6 -DPHASE1_UNROLL=1 -DSNAKE_ORDER=0 -DSTAGGER_CYCLES=200 -DSUB_MMA_UNROLL=3 ... 0.762 ms / 1437 TFLOPS  (147 regs, 2.9s)
[440/540] -DK_LOOP_UNROLL=6 -DPHASE1_UNROLL=1 -DSNAKE_ORDER=0 -DSTAGGER_CYCLES=200 -DSUB_MMA_UNROLL=3 -DW0_LOOP_UNROLL=1 ... 0.686 ms / 1595 TFLOPS  (128 regs, 2.9s)
[441/540] -DK_LOOP_UNROLL=6 -DPHASE1_UNROLL=1 -DSNAKE_ORDER=0 -DSTAGGER_CYCLES=200 -DSUB_MMA_UNROLL=3 -DW0_LOOP_UNROLL=4 ... 0.758 ms / 1445 TFLOPS  (144 regs, 2.9s)
[442/540] -DK_LOOP_UNROLL=6 -DPHASE1_UNROLL=1 -DSTAGGER_CYCLES=200 ... 0.630 ms / 1738 TFLOPS  (147 regs, 2.9s)
[443/540] -DK_LOOP_UNROLL=6 -DPHASE1_UNROLL=1 -DSTAGGER_CYCLES=200 -DW0_LOOP_UNROLL=1 ... 0.678 ms / 1615 TFLOPS  (128 regs, 2.8s)
[444/540] -DK_LOOP_UNROLL=6 -DPHASE1_UNROLL=1 -DSTAGGER_CYCLES=200 -DW0_LOOP_UNROLL=4 ... 0.640 ms / 1710 TFLOPS  (144 regs, 2.9s)
[445/540] -DK_LOOP_UNROLL=6 -DPHASE1_UNROLL=1 -DSTAGGER_CYCLES=200 -DSUB_MMA_UNROLL=1 ... 0.637 ms / 1718 TFLOPS  (134 regs, 2.8s)
[446/540] -DK_LOOP_UNROLL=6 -DPHASE1_UNROLL=1 -DSTAGGER_CYCLES=200 -DSUB_MMA_UNROLL=1 -DW0_LOOP_UNROLL=1 ... 0.679 ms / 1612 TFLOPS  (120 regs, 2.8s)
[447/540] -DK_LOOP_UNROLL=6 -DPHASE1_UNROLL=1 -DSTAGGER_CYCLES=200 -DSUB_MMA_UNROLL=1 -DW0_LOOP_UNROLL=4 ... 0.640 ms / 1710 TFLOPS  (134 regs, 2.8s)
[448/540] -DK_LOOP_UNROLL=6 -DPHASE1_UNROLL=1 -DSTAGGER_CYCLES=200 -DSUB_MMA_UNROLL=3 ... 0.634 ms / 1727 TFLOPS  (147 regs, 2.8s)
[449/540] -DK_LOOP_UNROLL=6 -DPHASE1_UNROLL=1 -DSTAGGER_CYCLES=200 -DSUB_MMA_UNROLL=3 -DW0_LOOP_UNROLL=1 ... 0.680 ms / 1610 TFLOPS  (128 regs, 2.9s)
[450/540] -DK_LOOP_UNROLL=6 -DPHASE1_UNROLL=1 -DSTAGGER_CYCLES=200 -DSUB_MMA_UNROLL=3 -DW0_LOOP_UNROLL=4 ... 0.634 ms / 1728 TFLOPS  (144 regs, 2.9s)
[451/540] -DK_LOOP_UNROLL=6 -DSNAKE_ORDER=0 -DSTAGGER_CYCLES=200 ... 0.588 ms / 1861 TFLOPS  (173 regs, 2.9s)
[452/540] -DK_LOOP_UNROLL=6 -DSNAKE_ORDER=0 -DSTAGGER_CYCLES=200 -DW0_LOOP_UNROLL=1 ... 0.681 ms / 1608 TFLOPS  (157 regs, 2.9s)
[453/540] -DK_LOOP_UNROLL=6 -DSNAKE_ORDER=0 -DSTAGGER_CYCLES=200 -DW0_LOOP_UNROLL=4 ... 0.581 ms / 1886 TFLOPS  (173 regs, 2.9s)
[454/540] -DK_LOOP_UNROLL=6 -DSNAKE_ORDER=0 -DSTAGGER_CYCLES=200 -DSUB_MMA_UNROLL=1 ... 0.608 ms / 1800 TFLOPS  (165 regs, 3.0s)
[455/540] -DK_LOOP_UNROLL=6 -DSNAKE_ORDER=0 -DSTAGGER_CYCLES=200 -DSUB_MMA_UNROLL=1 -DW0_LOOP_UNROLL=1 ... 0.686 ms / 1596 TFLOPS  (149 regs, 2.9s)
[456/540] -DK_LOOP_UNROLL=6 -DSNAKE_ORDER=0 -DSTAGGER_CYCLES=200 -DSUB_MMA_UNROLL=1 -DW0_LOOP_UNROLL=4 ... 0.597 ms / 1834 TFLOPS  (165 regs, 3.0s)
[457/540] -DK_LOOP_UNROLL=6 -DSNAKE_ORDER=0 -DSTAGGER_CYCLES=200 -DSUB_MMA_UNROLL=3 ... 0.586 ms / 1869 TFLOPS  (173 regs, 2.9s)
[458/540] -DK_LOOP_UNROLL=6 -DSNAKE_ORDER=0 -DSTAGGER_CYCLES=200 -DSUB_MMA_UNROLL=3 -DW0_LOOP_UNROLL=1 ... 0.685 ms / 1598 TFLOPS  (157 regs, 3.0s)
[459/540] -DK_LOOP_UNROLL=6 -DSNAKE_ORDER=0 -DSTAGGER_CYCLES=200 -DSUB_MMA_UNROLL=3 -DW0_LOOP_UNROLL=4 ... 0.590 ms / 1856 TFLOPS  (173 regs, 3.0s)
[460/540] -DK_LOOP_UNROLL=6 -DSTAGGER_CYCLES=200 ... 0.529 ms / 2068 TFLOPS  (173 regs, 3.0s)
[461/540] -DK_LOOP_UNROLL=6 -DSTAGGER_CYCLES=200 -DW0_LOOP_UNROLL=1 ... 0.678 ms / 1614 TFLOPS  (157 regs, 2.9s)
[462/540] -DK_LOOP_UNROLL=6 -DSTAGGER_CYCLES=200 -DW0_LOOP_UNROLL=4 ... 0.529 ms / 2070 TFLOPS  (173 regs, 2.9s)
[463/540] -DK_LOOP_UNROLL=6 -DSTAGGER_CYCLES=200 -DSUB_MMA_UNROLL=1 ... 0.528 ms / 2074 TFLOPS  (165 regs, 3.0s)
[464/540] -DK_LOOP_UNROLL=6 -DSTAGGER_CYCLES=200 -DSUB_MMA_UNROLL=1 -DW0_LOOP_UNROLL=1 ... 0.681 ms / 1608 TFLOPS  (149 regs, 2.9s)
[465/540] -DK_LOOP_UNROLL=6 -DSTAGGER_CYCLES=200 -DSUB_MMA_UNROLL=1 -DW0_LOOP_UNROLL=4 ... 0.526 ms / 2080 TFLOPS  (165 regs, 2.9s)
[466/540] -DK_LOOP_UNROLL=6 -DSTAGGER_CYCLES=200 -DSUB_MMA_UNROLL=3 ... 0.529 ms / 2069 TFLOPS  (173 regs, 2.9s)
[467/540] -DK_LOOP_UNROLL=6 -DSTAGGER_CYCLES=200 -DSUB_MMA_UNROLL=3 -DW0_LOOP_UNROLL=1 ... 0.675 ms / 1621 TFLOPS  (157 regs, 2.9s)
[468/540] -DK_LOOP_UNROLL=6 -DSTAGGER_CYCLES=200 -DSUB_MMA_UNROLL=3 -DW0_LOOP_UNROLL=4 ... 0.531 ms / 2064 TFLOPS  (173 regs, 2.9s)
[469/540] -DK_LOOP_UNROLL=6 -DPHASE1_UNROLL=4 -DSNAKE_ORDER=0 -DSTAGGER_CYCLES=200 ... 0.541 ms / 2025 TFLOPS  (222 regs, 3.0s)
[470/540] -DK_LOOP_UNROLL=6 -DPHASE1_UNROLL=4 -DSNAKE_ORDER=0 -DSTAGGER_CYCLES=200 -DW0_LOOP_UNROLL=1 ... 0.682 ms / 1606 TFLOPS  (208 regs, 3.0s)
[471/540] -DK_LOOP_UNROLL=6 -DPHASE1_UNROLL=4 -DSNAKE_ORDER=0 -DSTAGGER_CYCLES=200 -DW0_LOOP_UNROLL=4 ... 0.538 ms / 2036 TFLOPS  (222 regs, 2.9s)
[472/540] -DK_LOOP_UNROLL=6 -DPHASE1_UNROLL=4 -DSNAKE_ORDER=0 -DSTAGGER_CYCLES=200 -DSUB_MMA_UNROLL=1 ... 0.538 ms / 2036 TFLOPS  (214 regs, 3.0s)
[473/540] -DK_LOOP_UNROLL=6 -DPHASE1_UNROLL=4 -DSNAKE_ORDER=0 -DSTAGGER_CYCLES=200 -DSUB_MMA_UNROLL=1 -DW0_LOOP_UNROLL=1 ... 0.680 ms / 1611 TFLOPS  (200 regs, 3.0s)
[474/540] -DK_LOOP_UNROLL=6 -DPHASE1_UNROLL=4 -DSNAKE_ORDER=0 -DSTAGGER_CYCLES=200 -DSUB_MMA_UNROLL=1 -DW0_LOOP_UNROLL=4 ... 0.541 ms / 2024 TFLOPS  (214 regs, 3.0s)
[475/540] -DK_LOOP_UNROLL=6 -DPHASE1_UNROLL=4 -DSNAKE_ORDER=0 -DSTAGGER_CYCLES=200 -DSUB_MMA_UNROLL=3 ... 0.538 ms / 2036 TFLOPS  (222 regs, 3.0s)
[476/540] -DK_LOOP_UNROLL=6 -DPHASE1_UNROLL=4 -DSNAKE_ORDER=0 -DSTAGGER_CYCLES=200 -DSUB_MMA_UNROLL=3 -DW0_LOOP_UNROLL=1 ... 0.689 ms / 1589 TFLOPS  (208 regs, 3.0s)
[477/540] -DK_LOOP_UNROLL=6 -DPHASE1_UNROLL=4 -DSNAKE_ORDER=0 -DSTAGGER_CYCLES=200 -DSUB_MMA_UNROLL=3 -DW0_LOOP_UNROLL=4 ... 0.540 ms / 2029 TFLOPS  (222 regs, 2.9s)
[478/540] -DK_LOOP_UNROLL=6 -DPHASE1_UNROLL=4 -DSTAGGER_CYCLES=200 ... 0.528 ms / 2074 TFLOPS  (222 regs, 3.1s)
[479/540] -DK_LOOP_UNROLL=6 -DPHASE1_UNROLL=4 -DSTAGGER_CYCLES=200 -DW0_LOOP_UNROLL=1 ... 0.682 ms / 1605 TFLOPS  (208 regs, 3.0s)
[480/540] -DK_LOOP_UNROLL=6 -DPHASE1_UNROLL=4 -DSTAGGER_CYCLES=200 -DW0_LOOP_UNROLL=4 ... 0.528 ms / 2075 TFLOPS  (222 regs, 3.0s)
[481/540] -DK_LOOP_UNROLL=6 -DPHASE1_UNROLL=4 -DSTAGGER_CYCLES=200 -DSUB_MMA_UNROLL=1 ... 0.527 ms / 2079 TFLOPS  (214 regs, 2.9s)
[482/540] -DK_LOOP_UNROLL=6 -DPHASE1_UNROLL=4 -DSTAGGER_CYCLES=200 -DSUB_MMA_UNROLL=1 -DW0_LOOP_UNROLL=1 ... 0.678 ms / 1615 TFLOPS  (200 regs, 3.1s)
[483/540] -DK_LOOP_UNROLL=6 -DPHASE1_UNROLL=4 -DSTAGGER_CYCLES=200 -DSUB_MMA_UNROLL=1 -DW0_LOOP_UNROLL=4 ... 0.528 ms / 2072 TFLOPS  (214 regs, 2.9s)
[484/540] -DK_LOOP_UNROLL=6 -DPHASE1_UNROLL=4 -DSTAGGER_CYCLES=200 -DSUB_MMA_UNROLL=3 ... 0.527 ms / 2078 TFLOPS  (222 regs, 3.0s)
[485/540] -DK_LOOP_UNROLL=6 -DPHASE1_UNROLL=4 -DSTAGGER_CYCLES=200 -DSUB_MMA_UNROLL=3 -DW0_LOOP_UNROLL=1 ... 0.687 ms / 1594 TFLOPS  (208 regs, 2.9s)
[486/540] -DK_LOOP_UNROLL=6 -DPHASE1_UNROLL=4 -DSTAGGER_CYCLES=200 -DSUB_MMA_UNROLL=3 -DW0_LOOP_UNROLL=4 ... 0.528 ms / 2075 TFLOPS  (222 regs, 3.1s)
[487/540] -DK_LOOP_UNROLL=8 -DPHASE1_UNROLL=1 -DSNAKE_ORDER=0 -DSTAGGER_CYCLES=200 ... 0.755 ms / 1450 TFLOPS  (180 regs, 2.8s)
[488/540] -DK_LOOP_UNROLL=8 -DPHASE1_UNROLL=1 -DSNAKE_ORDER=0 -DSTAGGER_CYCLES=200 -DW0_LOOP_UNROLL=1 ... 0.672 ms / 1629 TFLOPS  (164 regs, 2.9s)
[489/540] -DK_LOOP_UNROLL=8 -DPHASE1_UNROLL=1 -DSNAKE_ORDER=0 -DSTAGGER_CYCLES=200 -DW0_LOOP_UNROLL=4 ... 0.758 ms / 1445 TFLOPS  (178 regs, 2.9s)
[490/540] -DK_LOOP_UNROLL=8 -DPHASE1_UNROLL=1 -DSNAKE_ORDER=0 -DSTAGGER_CYCLES=200 -DSUB_MMA_UNROLL=1 ... 0.757 ms / 1446 TFLOPS  (134 regs, 2.9s)
[491/540] -DK_LOOP_UNROLL=8 -DPHASE1_UNROLL=1 -DSNAKE_ORDER=0 -DSTAGGER_CYCLES=200 -DSUB_MMA_UNROLL=1 -DW0_LOOP_UNROLL=1 ... 0.685 ms / 1598 TFLOPS  (120 regs, 2.9s)
[492/540] -DK_LOOP_UNROLL=8 -DPHASE1_UNROLL=1 -DSNAKE_ORDER=0 -DSTAGGER_CYCLES=200 -DSUB_MMA_UNROLL=1 -DW0_LOOP_UNROLL=4 ... 0.758 ms / 1445 TFLOPS  (134 regs, 2.9s)
[493/540] -DK_LOOP_UNROLL=8 -DPHASE1_UNROLL=1 -DSNAKE_ORDER=0 -DSTAGGER_CYCLES=200 -DSUB_MMA_UNROLL=3 ... 0.755 ms / 1451 TFLOPS  (180 regs, 2.8s)
[494/540] -DK_LOOP_UNROLL=8 -DPHASE1_UNROLL=1 -DSNAKE_ORDER=0 -DSTAGGER_CYCLES=200 -DSUB_MMA_UNROLL=3 -DW0_LOOP_UNROLL=1 ... 0.683 ms / 1603 TFLOPS  (164 regs, 2.8s)
[495/540] -DK_LOOP_UNROLL=8 -DPHASE1_UNROLL=1 -DSNAKE_ORDER=0 -DSTAGGER_CYCLES=200 -DSUB_MMA_UNROLL=3 -DW0_LOOP_UNROLL=4 ... 0.757 ms / 1447 TFLOPS  (178 regs, 3.0s)
[496/540] -DK_LOOP_UNROLL=8 -DPHASE1_UNROLL=1 -DSTAGGER_CYCLES=200 ... 0.631 ms / 1735 TFLOPS  (180 regs, 2.9s)
[497/540] -DK_LOOP_UNROLL=8 -DPHASE1_UNROLL=1 -DSTAGGER_CYCLES=200 -DW0_LOOP_UNROLL=1 ... 0.688 ms / 1591 TFLOPS  (164 regs, 2.9s)
[498/540] -DK_LOOP_UNROLL=8 -DPHASE1_UNROLL=1 -DSTAGGER_CYCLES=200 -DW0_LOOP_UNROLL=4 ... 0.636 ms / 1722 TFLOPS  (178 regs, 2.8s)
[499/540] -DK_LOOP_UNROLL=8 -DPHASE1_UNROLL=1 -DSTAGGER_CYCLES=200 -DSUB_MMA_UNROLL=1 ... 0.634 ms / 1726 TFLOPS  (134 regs, 2.9s)
[500/540] -DK_LOOP_UNROLL=8 -DPHASE1_UNROLL=1 -DSTAGGER_CYCLES=200 -DSUB_MMA_UNROLL=1 -DW0_LOOP_UNROLL=1 ... 0.686 ms / 1595 TFLOPS  (120 regs, 2.9s)
[501/540] -DK_LOOP_UNROLL=8 -DPHASE1_UNROLL=1 -DSTAGGER_CYCLES=200 -DSUB_MMA_UNROLL=1 -DW0_LOOP_UNROLL=4 ... 0.645 ms / 1697 TFLOPS  (134 regs, 2.8s)
[502/540] -DK_LOOP_UNROLL=8 -DPHASE1_UNROLL=1 -DSTAGGER_CYCLES=200 -DSUB_MMA_UNROLL=3 ... 0.634 ms / 1726 TFLOPS  (180 regs, 2.9s)
[503/540] -DK_LOOP_UNROLL=8 -DPHASE1_UNROLL=1 -DSTAGGER_CYCLES=200 -DSUB_MMA_UNROLL=3 -DW0_LOOP_UNROLL=1 ... 0.684 ms / 1601 TFLOPS  (164 regs, 2.9s)
[504/540] -DK_LOOP_UNROLL=8 -DPHASE1_UNROLL=1 -DSTAGGER_CYCLES=200 -DSUB_MMA_UNROLL=3 -DW0_LOOP_UNROLL=4 ... 0.642 ms / 1706 TFLOPS  (178 regs, 2.8s)
[505/540] -DK_LOOP_UNROLL=8 -DSNAKE_ORDER=0 -DSTAGGER_CYCLES=200 ... 0.585 ms / 1873 TFLOPS  (209 regs, 2.9s)
[506/540] -DK_LOOP_UNROLL=8 -DSNAKE_ORDER=0 -DSTAGGER_CYCLES=200 -DW0_LOOP_UNROLL=1 ... 0.681 ms / 1609 TFLOPS  (194 regs, 3.0s)
[507/540] -DK_LOOP_UNROLL=8 -DSNAKE_ORDER=0 -DSTAGGER_CYCLES=200 -DW0_LOOP_UNROLL=4 ... 0.596 ms / 1837 TFLOPS  (209 regs, 2.9s)
[508/540] -DK_LOOP_UNROLL=8 -DSNAKE_ORDER=0 -DSTAGGER_CYCLES=200 -DSUB_MMA_UNROLL=1 ... 0.588 ms / 1864 TFLOPS  (165 regs, 2.9s)
[509/540] -DK_LOOP_UNROLL=8 -DSNAKE_ORDER=0 -DSTAGGER_CYCLES=200 -DSUB_MMA_UNROLL=1 -DW0_LOOP_UNROLL=1 ... 0.679 ms / 1613 TFLOPS  (149 regs, 2.9s)
[510/540] -DK_LOOP_UNROLL=8 -DSNAKE_ORDER=0 -DSTAGGER_CYCLES=200 -DSUB_MMA_UNROLL=1 -DW0_LOOP_UNROLL=4 ... 0.591 ms / 1854 TFLOPS  (165 regs, 3.0s)
[511/540] -DK_LOOP_UNROLL=8 -DSNAKE_ORDER=0 -DSTAGGER_CYCLES=200 -DSUB_MMA_UNROLL=3 ... 0.585 ms / 1871 TFLOPS  (209 regs, 3.0s)
[512/540] -DK_LOOP_UNROLL=8 -DSNAKE_ORDER=0 -DSTAGGER_CYCLES=200 -DSUB_MMA_UNROLL=3 -DW0_LOOP_UNROLL=1 ... 0.680 ms / 1611 TFLOPS  (194 regs, 2.9s)
[513/540] -DK_LOOP_UNROLL=8 -DSNAKE_ORDER=0 -DSTAGGER_CYCLES=200 -DSUB_MMA_UNROLL=3 -DW0_LOOP_UNROLL=4 ... 0.587 ms / 1864 TFLOPS  (209 regs, 3.0s)
[514/540] -DK_LOOP_UNROLL=8 -DSTAGGER_CYCLES=200 ... 0.528 ms / 2072 TFLOPS  (209 regs, 3.0s)
[515/540] -DK_LOOP_UNROLL=8 -DSTAGGER_CYCLES=200 -DW0_LOOP_UNROLL=1 ... 0.682 ms / 1605 TFLOPS  (194 regs, 2.9s)
[516/540] -DK_LOOP_UNROLL=8 -DSTAGGER_CYCLES=200 -DW0_LOOP_UNROLL=4 ... 0.529 ms / 2069 TFLOPS  (209 regs, 2.9s)
[517/540] -DK_LOOP_UNROLL=8 -DSTAGGER_CYCLES=200 -DSUB_MMA_UNROLL=1 ... 0.528 ms / 2076 TFLOPS  (165 regs, 3.0s)
[518/540] -DK_LOOP_UNROLL=8 -DSTAGGER_CYCLES=200 -DSUB_MMA_UNROLL=1 -DW0_LOOP_UNROLL=1 ... 0.675 ms / 1622 TFLOPS  (149 regs, 2.9s)
[519/540] -DK_LOOP_UNROLL=8 -DSTAGGER_CYCLES=200 -DSUB_MMA_UNROLL=1 -DW0_LOOP_UNROLL=4 ... 0.530 ms / 2065 TFLOPS  (165 regs, 2.9s)
[520/540] -DK_LOOP_UNROLL=8 -DSTAGGER_CYCLES=200 -DSUB_MMA_UNROLL=3 ... 0.529 ms / 2069 TFLOPS  (209 regs, 2.9s)
[521/540] -DK_LOOP_UNROLL=8 -DSTAGGER_CYCLES=200 -DSUB_MMA_UNROLL=3 -DW0_LOOP_UNROLL=1 ... 0.684 ms / 1601 TFLOPS  (194 regs, 2.8s)
[522/540] -DK_LOOP_UNROLL=8 -DSTAGGER_CYCLES=200 -DSUB_MMA_UNROLL=3 -DW0_LOOP_UNROLL=4 ... 0.528 ms / 2073 TFLOPS  (209 regs, 2.8s)
[523/540] -DK_LOOP_UNROLL=8 -DPHASE1_UNROLL=4 -DSNAKE_ORDER=0 -DSTAGGER_CYCLES=200 ... 0.544 ms / 2013 TFLOPS  (255 regs, 3.1s)
[524/540] -DK_LOOP_UNROLL=8 -DPHASE1_UNROLL=4 -DSNAKE_ORDER=0 -DSTAGGER_CYCLES=200 -DW0_LOOP_UNROLL=1 ... 0.684 ms / 1602 TFLOPS  (244 regs, 2.9s)
[525/540] -DK_LOOP_UNROLL=8 -DPHASE1_UNROLL=4 -DSNAKE_ORDER=0 -DSTAGGER_CYCLES=200 -DW0_LOOP_UNROLL=4 ... 0.543 ms / 2017 TFLOPS  (255 regs, 2.9s)
[526/540] -DK_LOOP_UNROLL=8 -DPHASE1_UNROLL=4 -DSNAKE_ORDER=0 -DSTAGGER_CYCLES=200 -DSUB_MMA_UNROLL=1 ... 0.539 ms / 2031 TFLOPS  (214 regs, 3.0s)
[527/540] -DK_LOOP_UNROLL=8 -DPHASE1_UNROLL=4 -DSNAKE_ORDER=0 -DSTAGGER_CYCLES=200 -DSUB_MMA_UNROLL=1 -DW0_LOOP_UNROLL=1 ... 0.678 ms / 1616 TFLOPS  (200 regs, 3.0s)
[528/540] -DK_LOOP_UNROLL=8 -DPHASE1_UNROLL=4 -DSNAKE_ORDER=0 -DSTAGGER_CYCLES=200 -DSUB_MMA_UNROLL=1 -DW0_LOOP_UNROLL=4 ... 0.541 ms / 2022 TFLOPS  (214 regs, 2.9s)
[529/540] -DK_LOOP_UNROLL=8 -DPHASE1_UNROLL=4 -DSNAKE_ORDER=0 -DSTAGGER_CYCLES=200 -DSUB_MMA_UNROLL=3 ... 0.540 ms / 2026 TFLOPS  (255 regs, 3.1s)
[530/540] -DK_LOOP_UNROLL=8 -DPHASE1_UNROLL=4 -DSNAKE_ORDER=0 -DSTAGGER_CYCLES=200 -DSUB_MMA_UNROLL=3 -DW0_LOOP_UNROLL=1 ... 0.686 ms / 1596 TFLOPS  (244 regs, 3.0s)
[531/540] -DK_LOOP_UNROLL=8 -DPHASE1_UNROLL=4 -DSNAKE_ORDER=0 -DSTAGGER_CYCLES=200 -DSUB_MMA_UNROLL=3 -DW0_LOOP_UNROLL=4 ... 0.544 ms / 2011 TFLOPS  (255 regs, 3.0s)
[532/540] -DK_LOOP_UNROLL=8 -DPHASE1_UNROLL=4 -DSTAGGER_CYCLES=200 ... 0.529 ms / 2071 TFLOPS  (255 regs, 3.0s)
[533/540] -DK_LOOP_UNROLL=8 -DPHASE1_UNROLL=4 -DSTAGGER_CYCLES=200 -DW0_LOOP_UNROLL=1 ... 0.676 ms / 1621 TFLOPS  (244 regs, 3.0s)
[534/540] -DK_LOOP_UNROLL=8 -DPHASE1_UNROLL=4 -DSTAGGER_CYCLES=200 -DW0_LOOP_UNROLL=4 ... 0.529 ms / 2070 TFLOPS  (255 regs, 3.0s)
[535/540] -DK_LOOP_UNROLL=8 -DPHASE1_UNROLL=4 -DSTAGGER_CYCLES=200 -DSUB_MMA_UNROLL=1 ... 0.527 ms / 2076 TFLOPS  (214 regs, 3.0s)
[536/540] -DK_LOOP_UNROLL=8 -DPHASE1_UNROLL=4 -DSTAGGER_CYCLES=200 -DSUB_MMA_UNROLL=1 -DW0_LOOP_UNROLL=1 ... 0.690 ms / 1587 TFLOPS  (200 regs, 3.0s)
[537/540] -DK_LOOP_UNROLL=8 -DPHASE1_UNROLL=4 -DSTAGGER_CYCLES=200 -DSUB_MMA_UNROLL=1 -DW0_LOOP_UNROLL=4 ... 0.528 ms / 2074 TFLOPS  (214 regs, 3.0s)
[538/540] -DK_LOOP_UNROLL=8 -DPHASE1_UNROLL=4 -DSTAGGER_CYCLES=200 -DSUB_MMA_UNROLL=3 ... 0.529 ms / 2071 TFLOPS  (255 regs, 3.0s)
[539/540] -DK_LOOP_UNROLL=8 -DPHASE1_UNROLL=4 -DSTAGGER_CYCLES=200 -DSUB_MMA_UNROLL=3 -DW0_LOOP_UNROLL=1 ... 0.682 ms / 1606 TFLOPS  (244 regs, 3.0s)
[540/540] -DK_LOOP_UNROLL=8 -DPHASE1_UNROLL=4 -DSTAGGER_CYCLES=200 -DSUB_MMA_UNROLL=3 -DW0_LOOP_UNROLL=4 ... 0.529 ms / 2069 TFLOPS  (255 regs, 3.0s)
  Branch 3/3: -DMBAR_EARLY=1 -DSTAGGER_CYCLES=160
Sweep: 540 total, 540 valid, 0 pruned
Estimated time: ~45 min (540 configs × ~5s each)

[1/540] -DCVT_ADD_FUSED=0 -DK_LOOP_UNROLL=1 -DMBAR_EARLY=1 -DPHASE1_UNROLL=1 -DSNAKE_ORDER=0 -DSTAGGER_CYCLES=160 ... 0.668 ms / 1639 TFLOPS  (130 regs, 2.9s)
[2/540] -DCVT_ADD_FUSED=0 -DK_LOOP_UNROLL=1 -DMBAR_EARLY=1 -DPHASE1_UNROLL=1 -DSNAKE_ORDER=0 -DSTAGGER_CYCLES=160 -DW0_LOOP_UNROLL=1 ... 0.770 ms / 1423 TFLOPS  (111 regs, 3.0s)
[3/540] -DCVT_ADD_FUSED=0 -DK_LOOP_UNROLL=1 -DMBAR_EARLY=1 -DPHASE1_UNROLL=1 -DSNAKE_ORDER=0 -DSTAGGER_CYCLES=160 -DW0_LOOP_UNROLL=4 ... 0.667 ms / 1641 TFLOPS  (130 regs, 3.0s)
[4/540] -DCVT_ADD_FUSED=0 -DK_LOOP_UNROLL=1 -DMBAR_EARLY=1 -DPHASE1_UNROLL=1 -DSNAKE_ORDER=0 -DSTAGGER_CYCLES=160 -DSUB_MMA_UNROLL=1 ... 0.691 ms / 1584 TFLOPS  (126 regs, 2.9s)
[5/540] -DCVT_ADD_FUSED=0 -DK_LOOP_UNROLL=1 -DMBAR_EARLY=1 -DPHASE1_UNROLL=1 -DSNAKE_ORDER=0 -DSTAGGER_CYCLES=160 -DSUB_MMA_UNROLL=1 -DW0_LOOP_UNROLL=1 ... 0.784 ms / 1396 TFLOPS  (105 regs, 2.9s)
[6/540] -DCVT_ADD_FUSED=0 -DK_LOOP_UNROLL=1 -DMBAR_EARLY=1 -DPHASE1_UNROLL=1 -DSNAKE_ORDER=0 -DSTAGGER_CYCLES=160 -DSUB_MMA_UNROLL=1 -DW0_LOOP_UNROLL=4 ... 0.705 ms / 1553 TFLOPS  (126 regs, 2.9s)
[7/540] -DCVT_ADD_FUSED=0 -DK_LOOP_UNROLL=1 -DMBAR_EARLY=1 -DPHASE1_UNROLL=1 -DSNAKE_ORDER=0 -DSTAGGER_CYCLES=160 -DSUB_MMA_UNROLL=3 ... 0.663 ms / 1651 TFLOPS  (130 regs, 3.0s)
[8/540] -DCVT_ADD_FUSED=0 -DK_LOOP_UNROLL=1 -DMBAR_EARLY=1 -DPHASE1_UNROLL=1 -DSNAKE_ORDER=0 -DSTAGGER_CYCLES=160 -DSUB_MMA_UNROLL=3 -DW0_LOOP_UNROLL=1 ... 0.771 ms / 1421 TFLOPS  (111 regs, 2.9s)
[9/540] -DCVT_ADD_FUSED=0 -DK_LOOP_UNROLL=1 -DMBAR_EARLY=1 -DPHASE1_UNROLL=1 -DSNAKE_ORDER=0 -DSTAGGER_CYCLES=160 -DSUB_MMA_UNROLL=3 -DW0_LOOP_UNROLL=4 ... 0.662 ms / 1654 TFLOPS  (130 regs, 2.8s)
[10/540] -DCVT_ADD_FUSED=0 -DK_LOOP_UNROLL=1 -DMBAR_EARLY=1 -DPHASE1_UNROLL=1 -DSTAGGER_CYCLES=160 ... 0.664 ms / 1648 TFLOPS  (130 regs, 2.9s)
[11/540] -DCVT_ADD_FUSED=0 -DK_LOOP_UNROLL=1 -DMBAR_EARLY=1 -DPHASE1_UNROLL=1 -DSTAGGER_CYCLES=160 -DW0_LOOP_UNROLL=1 ... 0.766 ms / 1429 TFLOPS  (111 regs, 2.9s)
[12/540] -DCVT_ADD_FUSED=0 -DK_LOOP_UNROLL=1 -DMBAR_EARLY=1 -DPHASE1_UNROLL=1 -DSTAGGER_CYCLES=160 -DW0_LOOP_UNROLL=4 ... 0.660 ms / 1658 TFLOPS  (130 regs, 2.9s)
[13/540] -DCVT_ADD_FUSED=0 -DK_LOOP_UNROLL=1 -DMBAR_EARLY=1 -DPHASE1_UNROLL=1 -DSTAGGER_CYCLES=160 -DSUB_MMA_UNROLL=1 ... 0.695 ms / 1576 TFLOPS  (126 regs, 2.9s)
[14/540] -DCVT_ADD_FUSED=0 -DK_LOOP_UNROLL=1 -DMBAR_EARLY=1 -DPHASE1_UNROLL=1 -DSTAGGER_CYCLES=160 -DSUB_MMA_UNROLL=1 -DW0_LOOP_UNROLL=1 ... 0.794 ms / 1379 TFLOPS  (105 regs, 2.8s)
[15/540] -DCVT_ADD_FUSED=0 -DK_LOOP_UNROLL=1 -DMBAR_EARLY=1 -DPHASE1_UNROLL=1 -DSTAGGER_CYCLES=160 -DSUB_MMA_UNROLL=1 -DW0_LOOP_UNROLL=4 ... 0.699 ms / 1566 TFLOPS  (126 regs, 3.0s)
[16/540] -DCVT_ADD_FUSED=0 -DK_LOOP_UNROLL=1 -DMBAR_EARLY=1 -DPHASE1_UNROLL=1 -DSTAGGER_CYCLES=160 -DSUB_MMA_UNROLL=3 ... 0.665 ms / 1648 TFLOPS  (130 regs, 2.9s)
[17/540] -DCVT_ADD_FUSED=0 -DK_LOOP_UNROLL=1 -DMBAR_EARLY=1 -DPHASE1_UNROLL=1 -DSTAGGER_CYCLES=160 -DSUB_MMA_UNROLL=3 -DW0_LOOP_UNROLL=1 ... 0.772 ms / 1419 TFLOPS  (111 regs, 2.9s)
[18/540] -DCVT_ADD_FUSED=0 -DK_LOOP_UNROLL=1 -DMBAR_EARLY=1 -DPHASE1_UNROLL=1 -DSTAGGER_CYCLES=160 -DSUB_MMA_UNROLL=3 -DW0_LOOP_UNROLL=4 ... 0.661 ms / 1658 TFLOPS  (130 regs, 3.0s)
[19/540] -DCVT_ADD_FUSED=0 -DK_LOOP_UNROLL=1 -DMBAR_EARLY=1 -DSNAKE_ORDER=0 -DSTAGGER_CYCLES=160 ... 0.664 ms / 1649 TFLOPS  (163 regs, 3.0s)
[20/540] -DCVT_ADD_FUSED=0 -DK_LOOP_UNROLL=1 -DMBAR_EARLY=1 -DSNAKE_ORDER=0 -DSTAGGER_CYCLES=160 -DW0_LOOP_UNROLL=1 ... 0.770 ms / 1422 TFLOPS  (145 regs, 2.9s)
[21/540] -DCVT_ADD_FUSED=0 -DK_LOOP_UNROLL=1 -DMBAR_EARLY=1 -DSNAKE_ORDER=0 -DSTAGGER_CYCLES=160 -DW0_LOOP_UNROLL=4 ... 0.669 ms / 1636 TFLOPS  (163 regs, 2.9s)
[22/540] -DCVT_ADD_FUSED=0 -DK_LOOP_UNROLL=1 -DMBAR_EARLY=1 -DSNAKE_ORDER=0 -DSTAGGER_CYCLES=160 -DSUB_MMA_UNROLL=1 ... 0.700 ms / 1564 TFLOPS  (155 regs, 2.9s)
[23/540] -DCVT_ADD_FUSED=0 -DK_LOOP_UNROLL=1 -DMBAR_EARLY=1 -DSNAKE_ORDER=0 -DSTAGGER_CYCLES=160 -DSUB_MMA_UNROLL=1 -DW0_LOOP_UNROLL=1 ... 0.791 ms / 1385 TFLOPS  (137 regs, 3.0s)
[24/540] -DCVT_ADD_FUSED=0 -DK_LOOP_UNROLL=1 -DMBAR_EARLY=1 -DSNAKE_ORDER=0 -DSTAGGER_CYCLES=160 -DSUB_MMA_UNROLL=1 -DW0_LOOP_UNROLL=4 ... 0.704 ms / 1555 TFLOPS  (155 regs, 3.0s)
[25/540] -DCVT_ADD_FUSED=0 -DK_LOOP_UNROLL=1 -DMBAR_EARLY=1 -DSNAKE_ORDER=0 -DSTAGGER_CYCLES=160 -DSUB_MMA_UNROLL=3 ... 0.663 ms / 1651 TFLOPS  (163 regs, 3.0s)
[26/540] -DCVT_ADD_FUSED=0 -DK_LOOP_UNROLL=1 -DMBAR_EARLY=1 -DSNAKE_ORDER=0 -DSTAGGER_CYCLES=160 -DSUB_MMA_UNROLL=3 -DW0_LOOP_UNROLL=1 ... 0.774 ms / 1414 TFLOPS  (145 regs, 2.9s)
[27/540] -DCVT_ADD_FUSED=0 -DK_LOOP_UNROLL=1 -DMBAR_EARLY=1 -DSNAKE_ORDER=0 -DSTAGGER_CYCLES=160 -DSUB_MMA_UNROLL=3 -DW0_LOOP_UNROLL=4 ... 0.664 ms / 1649 TFLOPS  (163 regs, 2.9s)
[28/540] -DCVT_ADD_FUSED=0 -DK_LOOP_UNROLL=1 -DMBAR_EARLY=1 -DSTAGGER_CYCLES=160 ... 0.668 ms / 1640 TFLOPS  (163 regs, 2.9s)
[29/540] -DCVT_ADD_FUSED=0 -DK_LOOP_UNROLL=1 -DMBAR_EARLY=1 -DSTAGGER_CYCLES=160 -DW0_LOOP_UNROLL=1 ... 0.769 ms / 1424 TFLOPS  (145 regs, 2.9s)
[30/540] -DCVT_ADD_FUSED=0 -DK_LOOP_UNROLL=1 -DMBAR_EARLY=1 -DSTAGGER_CYCLES=160 -DW0_LOOP_UNROLL=4 ... 0.672 ms / 1629 TFLOPS  (163 regs, 2.9s)
[31/540] -DCVT_ADD_FUSED=0 -DK_LOOP_UNROLL=1 -DMBAR_EARLY=1 -DSTAGGER_CYCLES=160 -DSUB_MMA_UNROLL=1 ... 0.707 ms / 1549 TFLOPS  (155 regs, 3.0s)
[32/540] -DCVT_ADD_FUSED=0 -DK_LOOP_UNROLL=1 -DMBAR_EARLY=1 -DSTAGGER_CYCLES=160 -DSUB_MMA_UNROLL=1 -DW0_LOOP_UNROLL=1 ... 0.779 ms / 1405 TFLOPS  (137 regs, 2.9s)
[33/540] -DCVT_ADD_FUSED=0 -DK_LOOP_UNROLL=1 -DMBAR_EARLY=1 -DSTAGGER_CYCLES=160 -DSUB_MMA_UNROLL=1 -DW0_LOOP_UNROLL=4 ... 0.704 ms / 1555 TFLOPS  (155 regs, 3.0s)
[34/540] -DCVT_ADD_FUSED=0 -DK_LOOP_UNROLL=1 -DMBAR_EARLY=1 -DSTAGGER_CYCLES=160 -DSUB_MMA_UNROLL=3 ... 0.662 ms / 1655 TFLOPS  (163 regs, 3.0s)
[35/540] -DCVT_ADD_FUSED=0 -DK_LOOP_UNROLL=1 -DMBAR_EARLY=1 -DSTAGGER_CYCLES=160 -DSUB_MMA_UNROLL=3 -DW0_LOOP_UNROLL=1 ... 0.763 ms / 1435 TFLOPS  (145 regs, 3.0s)
[36/540] -DCVT_ADD_FUSED=0 -DK_LOOP_UNROLL=1 -DMBAR_EARLY=1 -DSTAGGER_CYCLES=160 -DSUB_MMA_UNROLL=3 -DW0_LOOP_UNROLL=4 ... 0.666 ms / 1643 TFLOPS  (163 regs, 3.0s)
[37/540] -DCVT_ADD_FUSED=0 -DK_LOOP_UNROLL=1 -DMBAR_EARLY=1 -DPHASE1_UNROLL=4 -DSNAKE_ORDER=0 -DSTAGGER_CYCLES=160 ... 0.672 ms / 1628 TFLOPS  (212 regs, 3.1s)
[38/540] -DCVT_ADD_FUSED=0 -DK_LOOP_UNROLL=1 -DMBAR_EARLY=1 -DPHASE1_UNROLL=4 -DSNAKE_ORDER=0 -DSTAGGER_CYCLES=160 -DW0_LOOP_UNROLL=1 ... 0.784 ms / 1397 TFLOPS  (192 regs, 3.0s)
[39/540] -DCVT_ADD_FUSED=0 -DK_LOOP_UNROLL=1 -DMBAR_EARLY=1 -DPHASE1_UNROLL=4 -DSNAKE_ORDER=0 -DSTAGGER_CYCLES=160 -DW0_LOOP_UNROLL=4 ... 0.675 ms / 1623 TFLOPS  (212 regs, 3.0s)
[40/540] -DCVT_ADD_FUSED=0 -DK_LOOP_UNROLL=1 -DMBAR_EARLY=1 -DPHASE1_UNROLL=4 -DSNAKE_ORDER=0 -DSTAGGER_CYCLES=160 -DSUB_MMA_UNROLL=1 ... 0.703 ms / 1559 TFLOPS  (204 regs, 3.0s)
[41/540] -DCVT_ADD_FUSED=0 -DK_LOOP_UNROLL=1 -DMBAR_EARLY=1 -DPHASE1_UNROLL=4 -DSNAKE_ORDER=0 -DSTAGGER_CYCLES=160 -DSUB_MMA_UNROLL=1 -DW0_LOOP_UNROLL=1 ... 0.802 ms / 1365 TFLOPS  (184 regs, 3.0s)
[42/540] -DCVT_ADD_FUSED=0 -DK_LOOP_UNROLL=1 -DMBAR_EARLY=1 -DPHASE1_UNROLL=4 -DSNAKE_ORDER=0 -DSTAGGER_CYCLES=160 -DSUB_MMA_UNROLL=1 -DW0_LOOP_UNROLL=4 ... 0.708 ms / 1546 TFLOPS  (204 regs, 3.0s)
[43/540] -DCVT_ADD_FUSED=0 -DK_LOOP_UNROLL=1 -DMBAR_EARLY=1 -DPHASE1_UNROLL=4 -DSNAKE_ORDER=0 -DSTAGGER_CYCLES=160 -DSUB_MMA_UNROLL=3 ... 0.674 ms / 1625 TFLOPS  (212 regs, 2.9s)
[44/540] -DCVT_ADD_FUSED=0 -DK_LOOP_UNROLL=1 -DMBAR_EARLY=1 -DPHASE1_UNROLL=4 -DSNAKE_ORDER=0 -DSTAGGER_CYCLES=160 -DSUB_MMA_UNROLL=3 -DW0_LOOP_UNROLL=1 ... 0.769 ms / 1424 TFLOPS  (192 regs, 3.0s)
[45/540] -DCVT_ADD_FUSED=0 -DK_LOOP_UNROLL=1 -DMBAR_EARLY=1 -DPHASE1_UNROLL=4 -DSNAKE_ORDER=0 -DSTAGGER_CYCLES=160 -DSUB_MMA_UNROLL=3 -DW0_LOOP_UNROLL=4 ... 0.668 ms / 1639 TFLOPS  (212 regs, 3.1s)
[46/540] -DCVT_ADD_FUSED=0 -DK_LOOP_UNROLL=1 -DMBAR_EARLY=1 -DPHASE1_UNROLL=4 -DSTAGGER_CYCLES=160 ... 0.679 ms / 1613 TFLOPS  (212 regs, 3.0s)
[47/540] -DCVT_ADD_FUSED=0 -DK_LOOP_UNROLL=1 -DMBAR_EARLY=1 -DPHASE1_UNROLL=4 -DSTAGGER_CYCLES=160 -DW0_LOOP_UNROLL=1 ... 0.764 ms / 1433 TFLOPS  (192 regs, 3.0s)
[48/540] -DCVT_ADD_FUSED=0 -DK_LOOP_UNROLL=1 -DMBAR_EARLY=1 -DPHASE1_UNROLL=4 -DSTAGGER_CYCLES=160 -DW0_LOOP_UNROLL=4 ... 0.684 ms / 1601 TFLOPS  (212 regs, 3.0s)
[49/540] -DCVT_ADD_FUSED=0 -DK_LOOP_UNROLL=1 -DMBAR_EARLY=1 -DPHASE1_UNROLL=4 -DSTAGGER_CYCLES=160 -DSUB_MMA_UNROLL=1 ... 0.713 ms / 1535 TFLOPS  (204 regs, 3.0s)
[50/540] -DCVT_ADD_FUSED=0 -DK_LOOP_UNROLL=1 -DMBAR_EARLY=1 -DPHASE1_UNROLL=4 -DSTAGGER_CYCLES=160 -DSUB_MMA_UNROLL=1 -DW0_LOOP_UNROLL=1 ... 0.785 ms / 1395 TFLOPS  (184 regs, 3.0s)
[51/540] -DCVT_ADD_FUSED=0 -DK_LOOP_UNROLL=1 -DMBAR_EARLY=1 -DPHASE1_UNROLL=4 -DSTAGGER_CYCLES=160 -DSUB_MMA_UNROLL=1 -DW0_LOOP_UNROLL=4 ... 0.710 ms / 1543 TFLOPS  (204 regs, 3.0s)
[52/540] -DCVT_ADD_FUSED=0 -DK_LOOP_UNROLL=1 -DMBAR_EARLY=1 -DPHASE1_UNROLL=4 -DSTAGGER_CYCLES=160 -DSUB_MMA_UNROLL=3 ... 0.672 ms / 1630 TFLOPS  (212 regs, 3.0s)
[53/540] -DCVT_ADD_FUSED=0 -DK_LOOP_UNROLL=1 -DMBAR_EARLY=1 -DPHASE1_UNROLL=4 -DSTAGGER_CYCLES=160 -DSUB_MMA_UNROLL=3 -DW0_LOOP_UNROLL=1 ... 0.766 ms / 1429 TFLOPS  (192 regs, 3.0s)
[54/540] -DCVT_ADD_FUSED=0 -DK_LOOP_UNROLL=1 -DMBAR_EARLY=1 -DPHASE1_UNROLL=4 -DSTAGGER_CYCLES=160 -DSUB_MMA_UNROLL=3 -DW0_LOOP_UNROLL=4 ... 0.677 ms / 1616 TFLOPS  (212 regs, 3.0s)
[55/540] -DCVT_ADD_FUSED=0 -DK_LOOP_UNROLL=2 -DMBAR_EARLY=1 -DPHASE1_UNROLL=1 -DSNAKE_ORDER=0 -DSTAGGER_CYCLES=160 ... 0.671 ms / 1632 TFLOPS  (130 regs, 2.9s)
[56/540] -DCVT_ADD_FUSED=0 -DK_LOOP_UNROLL=2 -DMBAR_EARLY=1 -DPHASE1_UNROLL=1 -DSNAKE_ORDER=0 -DSTAGGER_CYCLES=160 -DW0_LOOP_UNROLL=1 ... 0.766 ms / 1430 TFLOPS  (111 regs, 2.9s)
[57/540] -DCVT_ADD_FUSED=0 -DK_LOOP_UNROLL=2 -DMBAR_EARLY=1 -DPHASE1_UNROLL=1 -DSNAKE_ORDER=0 -DSTAGGER_CYCLES=160 -DW0_LOOP_UNROLL=4 ... 0.665 ms / 1646 TFLOPS  (130 regs, 3.0s)
[58/540] -DCVT_ADD_FUSED=0 -DK_LOOP_UNROLL=2 -DMBAR_EARLY=1 -DPHASE1_UNROLL=1 -DSNAKE_ORDER=0 -DSTAGGER_CYCLES=160 -DSUB_MMA_UNROLL=1 ... 0.696 ms / 1573 TFLOPS  (126 regs, 2.9s)
[59/540] -DCVT_ADD_FUSED=0 -DK_LOOP_UNROLL=2 -DMBAR_EARLY=1 -DPHASE1_UNROLL=1 -DSNAKE_ORDER=0 -DSTAGGER_CYCLES=160 -DSUB_MMA_UNROLL=1 -DW0_LOOP_UNROLL=1 ... 0.786 ms / 1393 TFLOPS  (105 regs, 2.8s)
[60/540] -DCVT_ADD_FUSED=0 -DK_LOOP_UNROLL=2 -DMBAR_EARLY=1 -DPHASE1_UNROLL=1 -DSNAKE_ORDER=0 -DSTAGGER_CYCLES=160 -DSUB_MMA_UNROLL=1 -DW0_LOOP_UNROLL=4 ... 0.694 ms / 1579 TFLOPS  (126 regs, 2.9s)
[61/540] -DCVT_ADD_FUSED=0 -DK_LOOP_UNROLL=2 -DMBAR_EARLY=1 -DPHASE1_UNROLL=1 -DSNAKE_ORDER=0 -DSTAGGER_CYCLES=160 -DSUB_MMA_UNROLL=3 ... 0.669 ms / 1638 TFLOPS  (130 regs, 2.9s)
[62/540] -DCVT_ADD_FUSED=0 -DK_LOOP_UNROLL=2 -DMBAR_EARLY=1 -DPHASE1_UNROLL=1 -DSNAKE_ORDER=0 -DSTAGGER_CYCLES=160 -DSUB_MMA_UNROLL=3 -DW0_LOOP_UNROLL=1 ... 0.776 ms / 1412 TFLOPS  (111 regs, 2.9s)
[63/540] -DCVT_ADD_FUSED=0 -DK_LOOP_UNROLL=2 -DMBAR_EARLY=1 -DPHASE1_UNROLL=1 -DSNAKE_ORDER=0 -DSTAGGER_CYCLES=160 -DSUB_MMA_UNROLL=3 -DW0_LOOP_UNROLL=4 ... 0.664 ms / 1650 TFLOPS  (130 regs, 2.9s)
[64/540] -DCVT_ADD_FUSED=0 -DK_LOOP_UNROLL=2 -DMBAR_EARLY=1 -DPHASE1_UNROLL=1 -DSTAGGER_CYCLES=160 ... 0.666 ms / 1643 TFLOPS  (130 regs, 2.9s)
[65/540] -DCVT_ADD_FUSED=0 -DK_LOOP_UNROLL=2 -DMBAR_EARLY=1 -DPHASE1_UNROLL=1 -DSTAGGER_CYCLES=160 -DW0_LOOP_UNROLL=1 ... 0.775 ms / 1414 TFLOPS  (111 regs, 2.9s)
[66/540] -DCVT_ADD_FUSED=0 -DK_LOOP_UNROLL=2 -DMBAR_EARLY=1 -DPHASE1_UNROLL=1 -DSTAGGER_CYCLES=160 -DW0_LOOP_UNROLL=4 ... 0.673 ms / 1627 TFLOPS  (130 regs, 2.9s)
[67/540] -DCVT_ADD_FUSED=0 -DK_LOOP_UNROLL=2 -DMBAR_EARLY=1 -DPHASE1_UNROLL=1 -DSTAGGER_CYCLES=160 -DSUB_MMA_UNROLL=1 ... 0.698 ms / 1569 TFLOPS  (126 regs, 2.9s)
[68/540] -DCVT_ADD_FUSED=0 -DK_LOOP_UNROLL=2 -DMBAR_EARLY=1 -DPHASE1_UNROLL=1 -DSTAGGER_CYCLES=160 -DSUB_MMA_UNROLL=1 -DW0_LOOP_UNROLL=1 ... 0.773 ms / 1416 TFLOPS  (105 regs, 2.9s)
[69/540] -DCVT_ADD_FUSED=0 -DK_LOOP_UNROLL=2 -DMBAR_EARLY=1 -DPHASE1_UNROLL=1 -DSTAGGER_CYCLES=160 -DSUB_MMA_UNROLL=1 -DW0_LOOP_UNROLL=4 ... 0.691 ms / 1584 TFLOPS  (126 regs, 2.9s)
[70/540] -DCVT_ADD_FUSED=0 -DK_LOOP_UNROLL=2 -DMBAR_EARLY=1 -DPHASE1_UNROLL=1 -DSTAGGER_CYCLES=160 -DSUB_MMA_UNROLL=3 ... 0.670 ms / 1634 TFLOPS  (130 regs, 2.9s)
[71/540] -DCVT_ADD_FUSED=0 -DK_LOOP_UNROLL=2 -DMBAR_EARLY=1 -DPHASE1_UNROLL=1 -DSTAGGER_CYCLES=160 -DSUB_MMA_UNROLL=3 -DW0_LOOP_UNROLL=1 ... 0.762 ms / 1438 TFLOPS  (111 regs, 2.9s)
[72/540] -DCVT_ADD_FUSED=0 -DK_LOOP_UNROLL=2 -DMBAR_EARLY=1 -DPHASE1_UNROLL=1 -DSTAGGER_CYCLES=160 -DSUB_MMA_UNROLL=3 -DW0_LOOP_UNROLL=4 ... 0.667 ms / 1641 TFLOPS  (130 regs, 3.0s)
[73/540] -DCVT_ADD_FUSED=0 -DK_LOOP_UNROLL=2 -DMBAR_EARLY=1 -DSNAKE_ORDER=0 -DSTAGGER_CYCLES=160 ... 0.664 ms / 1648 TFLOPS  (163 regs, 3.0s)
[74/540] -DCVT_ADD_FUSED=0 -DK_LOOP_UNROLL=2 -DMBAR_EARLY=1 -DSNAKE_ORDER=0 -DSTAGGER_CYCLES=160 -DW0_LOOP_UNROLL=1 ... 0.764 ms / 1433 TFLOPS  (145 regs, 2.9s)
[75/540] -DCVT_ADD_FUSED=0 -DK_LOOP_UNROLL=2 -DMBAR_EARLY=1 -DSNAKE_ORDER=0 -DSTAGGER_CYCLES=160 -DW0_LOOP_UNROLL=4 ... 0.669 ms / 1636 TFLOPS  (163 regs, 3.0s)
[76/540] -DCVT_ADD_FUSED=0 -DK_LOOP_UNROLL=2 -DMBAR_EARLY=1 -DSNAKE_ORDER=0 -DSTAGGER_CYCLES=160 -DSUB_MMA_UNROLL=1 ... 0.702 ms / 1559 TFLOPS  (155 regs, 2.9s)
[77/540] -DCVT_ADD_FUSED=0 -DK_LOOP_UNROLL=2 -DMBAR_EARLY=1 -DSNAKE_ORDER=0 -DSTAGGER_CYCLES=160 -DSUB_MMA_UNROLL=1 -DW0_LOOP_UNROLL=1 ... 0.788 ms / 1389 TFLOPS  (137 regs, 3.0s)
[78/540] -DCVT_ADD_FUSED=0 -DK_LOOP_UNROLL=2 -DMBAR_EARLY=1 -DSNAKE_ORDER=0 -DSTAGGER_CYCLES=160 -DSUB_MMA_UNROLL=1 -DW0_LOOP_UNROLL=4 ... 0.703 ms / 1557 TFLOPS  (155 regs, 3.0s)
[79/540] -DCVT_ADD_FUSED=0 -DK_LOOP_UNROLL=2 -DMBAR_EARLY=1 -DSNAKE_ORDER=0 -DSTAGGER_CYCLES=160 -DSUB_MMA_UNROLL=3 ... 0.662 ms / 1655 TFLOPS  (163 regs, 3.0s)
[80/540] -DCVT_ADD_FUSED=0 -DK_LOOP_UNROLL=2 -DMBAR_EARLY=1 -DSNAKE_ORDER=0 -DSTAGGER_CYCLES=160 -DSUB_MMA_UNROLL=3 -DW0_LOOP_UNROLL=1 ... 0.767 ms / 1428 TFLOPS  (145 regs, 3.0s)
[81/540] -DCVT_ADD_FUSED=0 -DK_LOOP_UNROLL=2 -DMBAR_EARLY=1 -DSNAKE_ORDER=0 -DSTAGGER_CYCLES=160 -DSUB_MMA_UNROLL=3 -DW0_LOOP_UNROLL=4 ... 0.663 ms / 1653 TFLOPS  (163 regs, 3.0s)
[82/540] -DCVT_ADD_FUSED=0 -DK_LOOP_UNROLL=2 -DMBAR_EARLY=1 -DSTAGGER_CYCLES=160 ... 0.664 ms / 1649 TFLOPS  (163 regs, 3.0s)
[83/540] -DCVT_ADD_FUSED=0 -DK_LOOP_UNROLL=2 -DMBAR_EARLY=1 -DSTAGGER_CYCLES=160 -DW0_LOOP_UNROLL=1 ... 0.764 ms / 1434 TFLOPS  (145 regs, 3.0s)
[84/540] -DCVT_ADD_FUSED=0 -DK_LOOP_UNROLL=2 -DMBAR_EARLY=1 -DSTAGGER_CYCLES=160 -DW0_LOOP_UNROLL=4 ... 0.670 ms / 1635 TFLOPS  (163 regs, 3.0s)
[85/540] -DCVT_ADD_FUSED=0 -DK_LOOP_UNROLL=2 -DMBAR_EARLY=1 -DSTAGGER_CYCLES=160 -DSUB_MMA_UNROLL=1 ... 0.706 ms / 1551 TFLOPS  (155 regs, 2.9s)
[86/540] -DCVT_ADD_FUSED=0 -DK_LOOP_UNROLL=2 -DMBAR_EARLY=1 -DSTAGGER_CYCLES=160 -DSUB_MMA_UNROLL=1 -DW0_LOOP_UNROLL=1 ... 0.795 ms / 1378 TFLOPS  (137 regs, 2.9s)
[87/540] -DCVT_ADD_FUSED=0 -DK_LOOP_UNROLL=2 -DMBAR_EARLY=1 -DSTAGGER_CYCLES=160 -DSUB_MMA_UNROLL=1 -DW0_LOOP_UNROLL=4 ... 0.700 ms / 1564 TFLOPS  (155 regs, 2.9s)
[88/540] -DCVT_ADD_FUSED=0 -DK_LOOP_UNROLL=2 -DMBAR_EARLY=1 -DSTAGGER_CYCLES=160 -DSUB_MMA_UNROLL=3 ... 0.665 ms / 1646 TFLOPS  (163 regs, 3.0s)
[89/540] -DCVT_ADD_FUSED=0 -DK_LOOP_UNROLL=2 -DMBAR_EARLY=1 -DSTAGGER_CYCLES=160 -DSUB_MMA_UNROLL=3 -DW0_LOOP_UNROLL=1 ... 0.759 ms / 1443 TFLOPS  (145 regs, 3.0s)
[90/540] -DCVT_ADD_FUSED=0 -DK_LOOP_UNROLL=2 -DMBAR_EARLY=1 -DSTAGGER_CYCLES=160 -DSUB_MMA_UNROLL=3 -DW0_LOOP_UNROLL=4 ... 0.669 ms / 1636 TFLOPS  (163 regs, 2.9s)
[91/540] -DCVT_ADD_FUSED=0 -DK_LOOP_UNROLL=2 -DMBAR_EARLY=1 -DPHASE1_UNROLL=4 -DSNAKE_ORDER=0 -DSTAGGER_CYCLES=160 ... 0.667 ms / 1643 TFLOPS  (212 regs, 3.0s)
[92/540] -DCVT_ADD_FUSED=0 -DK_LOOP_UNROLL=2 -DMBAR_EARLY=1 -DPHASE1_UNROLL=4 -DSNAKE_ORDER=0 -DSTAGGER_CYCLES=160 -DW0_LOOP_UNROLL=1 ... 0.785 ms / 1394 TFLOPS  (192 regs, 3.0s)
[93/540] -DCVT_ADD_FUSED=0 -DK_LOOP_UNROLL=2 -DMBAR_EARLY=1 -DPHASE1_UNROLL=4 -DSNAKE_ORDER=0 -DSTAGGER_CYCLES=160 -DW0_LOOP_UNROLL=4 ... 0.665 ms / 1647 TFLOPS  (212 regs, 3.0s)
[94/540] -DCVT_ADD_FUSED=0 -DK_LOOP_UNROLL=2 -DMBAR_EARLY=1 -DPHASE1_UNROLL=4 -DSNAKE_ORDER=0 -DSTAGGER_CYCLES=160 -DSUB_MMA_UNROLL=1 ... 0.699 ms / 1566 TFLOPS  (204 regs, 3.0s)
[95/540] -DCVT_ADD_FUSED=0 -DK_LOOP_UNROLL=2 -DMBAR_EARLY=1 -DPHASE1_UNROLL=4 -DSNAKE_ORDER=0 -DSTAGGER_CYCLES=160 -DSUB_MMA_UNROLL=1 -DW0_LOOP_UNROLL=1 ... 0.788 ms / 1389 TFLOPS  (184 regs, 3.0s)
[96/540] -DCVT_ADD_FUSED=0 -DK_LOOP_UNROLL=2 -DMBAR_EARLY=1 -DPHASE1_UNROLL=4 -DSNAKE_ORDER=0 -DSTAGGER_CYCLES=160 -DSUB_MMA_UNROLL=1 -DW0_LOOP_UNROLL=4 ... 0.710 ms / 1542 TFLOPS  (204 regs, 3.0s)
[97/540] -DCVT_ADD_FUSED=0 -DK_LOOP_UNROLL=2 -DMBAR_EARLY=1 -DPHASE1_UNROLL=4 -DSNAKE_ORDER=0 -DSTAGGER_CYCLES=160 -DSUB_MMA_UNROLL=3 ... 0.672 ms / 1628 TFLOPS  (212 regs, 3.0s)
[98/540] -DCVT_ADD_FUSED=0 -DK_LOOP_UNROLL=2 -DMBAR_EARLY=1 -DPHASE1_UNROLL=4 -DSNAKE_ORDER=0 -DSTAGGER_CYCLES=160 -DSUB_MMA_UNROLL=3 -DW0_LOOP_UNROLL=1 ... 0.780 ms / 1405 TFLOPS  (192 regs, 3.0s)
[99/540] -DCVT_ADD_FUSED=0 -DK_LOOP_UNROLL=2 -DMBAR_EARLY=1 -DPHASE1_UNROLL=4 -DSNAKE_ORDER=0 -DSTAGGER_CYCLES=160 -DSUB_MMA_UNROLL=3 -DW0_LOOP_UNROLL=4 ... 0.674 ms / 1624 TFLOPS  (212 regs, 3.1s)
[100/540] -DCVT_ADD_FUSED=0 -DK_LOOP_UNROLL=2 -DMBAR_EARLY=1 -DPHASE1_UNROLL=4 -DSTAGGER_CYCLES=160 ... 0.675 ms / 1622 TFLOPS  (212 regs, 3.1s)
[101/540] -DCVT_ADD_FUSED=0 -DK_LOOP_UNROLL=2 -DMBAR_EARLY=1 -DPHASE1_UNROLL=4 -DSTAGGER_CYCLES=160 -DW0_LOOP_UNROLL=1 ... 0.762 ms / 1437 TFLOPS  (192 regs, 3.0s)
[102/540] -DCVT_ADD_FUSED=0 -DK_LOOP_UNROLL=2 -DMBAR_EARLY=1 -DPHASE1_UNROLL=4 -DSTAGGER_CYCLES=160 -DW0_LOOP_UNROLL=4 ... 0.673 ms / 1628 TFLOPS  (212 regs, 3.0s)
[103/540] -DCVT_ADD_FUSED=0 -DK_LOOP_UNROLL=2 -DMBAR_EARLY=1 -DPHASE1_UNROLL=4 -DSTAGGER_CYCLES=160 -DSUB_MMA_UNROLL=1 ... 0.708 ms / 1548 TFLOPS  (204 regs, 3.0s)
[104/540] -DCVT_ADD_FUSED=0 -DK_LOOP_UNROLL=2 -DMBAR_EARLY=1 -DPHASE1_UNROLL=4 -DSTAGGER_CYCLES=160 -DSUB_MMA_UNROLL=1 -DW0_LOOP_UNROLL=1 ... 0.785 ms / 1394 TFLOPS  (184 regs, 3.0s)
[105/540] -DCVT_ADD_FUSED=0 -DK_LOOP_UNROLL=2 -DMBAR_EARLY=1 -DPHASE1_UNROLL=4 -DSTAGGER_CYCLES=160 -DSUB_MMA_UNROLL=1 -DW0_LOOP_UNROLL=4 ... 0.699 ms / 1566 TFLOPS  (204 regs, 3.1s)
[106/540] -DCVT_ADD_FUSED=0 -DK_LOOP_UNROLL=2 -DMBAR_EARLY=1 -DPHASE1_UNROLL=4 -DSTAGGER_CYCLES=160 -DSUB_MMA_UNROLL=3 ... 0.672 ms / 1630 TFLOPS  (212 regs, 3.1s)
[107/540] -DCVT_ADD_FUSED=0 -DK_LOOP_UNROLL=2 -DMBAR_EARLY=1 -DPHASE1_UNROLL=4 -DSTAGGER_CYCLES=160 -DSUB_MMA_UNROLL=3 -DW0_LOOP_UNROLL=1 ... 0.762 ms / 1436 TFLOPS  (192 regs, 3.0s)
[108/540] -DCVT_ADD_FUSED=0 -DK_LOOP_UNROLL=2 -DMBAR_EARLY=1 -DPHASE1_UNROLL=4 -DSTAGGER_CYCLES=160 -DSUB_MMA_UNROLL=3 -DW0_LOOP_UNROLL=4 ... 0.672 ms / 1629 TFLOPS  (212 regs, 3.0s)
[109/540] -DCVT_ADD_FUSED=0 -DMBAR_EARLY=1 -DPHASE1_UNROLL=1 -DSNAKE_ORDER=0 -DSTAGGER_CYCLES=160 ... 0.750 ms / 1460 TFLOPS  (179 regs, 3.0s)
[110/540] -DCVT_ADD_FUSED=0 -DMBAR_EARLY=1 -DPHASE1_UNROLL=1 -DSNAKE_ORDER=0 -DSTAGGER_CYCLES=160 -DW0_LOOP_UNROLL=1 ... 0.691 ms / 1584 TFLOPS  (164 regs, 2.9s)
[111/540] -DCVT_ADD_FUSED=0 -DMBAR_EARLY=1 -DPHASE1_UNROLL=1 -DSNAKE_ORDER=0 -DSTAGGER_CYCLES=160 -DW0_LOOP_UNROLL=4 ... 0.749 ms / 1461 TFLOPS  (179 regs, 3.0s)
[112/540] -DCVT_ADD_FUSED=0 -DMBAR_EARLY=1 -DPHASE1_UNROLL=1 -DSNAKE_ORDER=0 -DSTAGGER_CYCLES=160 -DSUB_MMA_UNROLL=1 ... 0.749 ms / 1462 TFLOPS  (134 regs, 3.0s)
[113/540] -DCVT_ADD_FUSED=0 -DMBAR_EARLY=1 -DPHASE1_UNROLL=1 -DSNAKE_ORDER=0 -DSTAGGER_CYCLES=160 -DSUB_MMA_UNROLL=1 -DW0_LOOP_UNROLL=1 ... 0.680 ms / 1610 TFLOPS  (122 regs, 2.8s)
[114/540] -DCVT_ADD_FUSED=0 -DMBAR_EARLY=1 -DPHASE1_UNROLL=1 -DSNAKE_ORDER=0 -DSTAGGER_CYCLES=160 -DSUB_MMA_UNROLL=1 -DW0_LOOP_UNROLL=4 ... 0.750 ms / 1459 TFLOPS  (134 regs, 2.9s)
[115/540] -DCVT_ADD_FUSED=0 -DMBAR_EARLY=1 -DPHASE1_UNROLL=1 -DSNAKE_ORDER=0 -DSTAGGER_CYCLES=160 -DSUB_MMA_UNROLL=3 ... 0.751 ms / 1459 TFLOPS  (179 regs, 2.9s)
[116/540] -DCVT_ADD_FUSED=0 -DMBAR_EARLY=1 -DPHASE1_UNROLL=1 -DSNAKE_ORDER=0 -DSTAGGER_CYCLES=160 -DSUB_MMA_UNROLL=3 -DW0_LOOP_UNROLL=1 ... 0.691 ms / 1585 TFLOPS  (164 regs, 2.9s)
[117/540] -DCVT_ADD_FUSED=0 -DMBAR_EARLY=1 -DPHASE1_UNROLL=1 -DSNAKE_ORDER=0 -DSTAGGER_CYCLES=160 -DSUB_MMA_UNROLL=3 -DW0_LOOP_UNROLL=4 ... 0.745 ms / 1470 TFLOPS  (179 regs, 2.9s)
[118/540] -DCVT_ADD_FUSED=0 -DMBAR_EARLY=1 -DPHASE1_UNROLL=1 -DSTAGGER_CYCLES=160 ... 0.640 ms / 1711 TFLOPS  (179 regs, 2.9s)
[119/540] -DCVT_ADD_FUSED=0 -DMBAR_EARLY=1 -DPHASE1_UNROLL=1 -DSTAGGER_CYCLES=160 -DW0_LOOP_UNROLL=1 ... 0.684 ms / 1601 TFLOPS  (164 regs, 2.8s)
[120/540] -DCVT_ADD_FUSED=0 -DMBAR_EARLY=1 -DPHASE1_UNROLL=1 -DSTAGGER_CYCLES=160 -DW0_LOOP_UNROLL=4 ... 0.628 ms / 1742 TFLOPS  (179 regs, 2.9s)
[121/540] -DCVT_ADD_FUSED=0 -DMBAR_EARLY=1 -DPHASE1_UNROLL=1 -DSTAGGER_CYCLES=160 -DSUB_MMA_UNROLL=1 ... 0.639 ms / 1714 TFLOPS  (134 regs, 2.9s)
[122/540] -DCVT_ADD_FUSED=0 -DMBAR_EARLY=1 -DPHASE1_UNROLL=1 -DSTAGGER_CYCLES=160 -DSUB_MMA_UNROLL=1 -DW0_LOOP_UNROLL=1 ... 0.687 ms / 1595 TFLOPS  (122 regs, 2.9s)
[123/540] -DCVT_ADD_FUSED=0 -DMBAR_EARLY=1 -DPHASE1_UNROLL=1 -DSTAGGER_CYCLES=160 -DSUB_MMA_UNROLL=1 -DW0_LOOP_UNROLL=4 ... 0.626 ms / 1749 TFLOPS  (134 regs, 2.9s)
[124/540] -DCVT_ADD_FUSED=0 -DMBAR_EARLY=1 -DPHASE1_UNROLL=1 -DSTAGGER_CYCLES=160 -DSUB_MMA_UNROLL=3 ... 0.637 ms / 1718 TFLOPS  (179 regs, 2.9s)
[125/540] -DCVT_ADD_FUSED=0 -DMBAR_EARLY=1 -DPHASE1_UNROLL=1 -DSTAGGER_CYCLES=160 -DSUB_MMA_UNROLL=3 -DW0_LOOP_UNROLL=1 ... 0.684 ms / 1601 TFLOPS  (164 regs, 2.9s)
[126/540] -DCVT_ADD_FUSED=0 -DMBAR_EARLY=1 -DPHASE1_UNROLL=1 -DSTAGGER_CYCLES=160 -DSUB_MMA_UNROLL=3 -DW0_LOOP_UNROLL=4 ... 0.622 ms / 1761 TFLOPS  (179 regs, 2.8s)
[127/540] -DCVT_ADD_FUSED=0 -DMBAR_EARLY=1 -DSNAKE_ORDER=0 -DSTAGGER_CYCLES=160 ... 0.578 ms / 1895 TFLOPS  (210 regs, 2.9s)
[128/540] -DCVT_ADD_FUSED=0 -DMBAR_EARLY=1 -DSNAKE_ORDER=0 -DSTAGGER_CYCLES=160 -DW0_LOOP_UNROLL=1 ... 0.685 ms / 1598 TFLOPS  (196 regs, 2.9s)
[129/540] -DCVT_ADD_FUSED=0 -DMBAR_EARLY=1 -DSNAKE_ORDER=0 -DSTAGGER_CYCLES=160 -DW0_LOOP_UNROLL=4 ... 0.585 ms / 1872 TFLOPS  (210 regs, 2.9s)
[130/540] -DCVT_ADD_FUSED=0 -DMBAR_EARLY=1 -DSNAKE_ORDER=0 -DSTAGGER_CYCLES=160 -DSUB_MMA_UNROLL=1 ... 0.598 ms / 1832 TFLOPS  (166 regs, 3.0s)
[131/540] -DCVT_ADD_FUSED=0 -DMBAR_EARLY=1 -DSNAKE_ORDER=0 -DSTAGGER_CYCLES=160 -DSUB_MMA_UNROLL=1 -DW0_LOOP_UNROLL=1 ... 0.685 ms / 1598 TFLOPS  (151 regs, 3.1s)
[132/540] -DCVT_ADD_FUSED=0 -DMBAR_EARLY=1 -DSNAKE_ORDER=0 -DSTAGGER_CYCLES=160 -DSUB_MMA_UNROLL=1 -DW0_LOOP_UNROLL=4 ... 0.584 ms / 1876 TFLOPS  (166 regs, 2.9s)
[133/540] -DCVT_ADD_FUSED=0 -DMBAR_EARLY=1 -DSNAKE_ORDER=0 -DSTAGGER_CYCLES=160 -DSUB_MMA_UNROLL=3 ... 0.568 ms / 1928 TFLOPS  (210 regs, 3.0s)
[134/540] -DCVT_ADD_FUSED=0 -DMBAR_EARLY=1 -DSNAKE_ORDER=0 -DSTAGGER_CYCLES=160 -DSUB_MMA_UNROLL=3 -DW0_LOOP_UNROLL=1 ... 0.688 ms / 1592 TFLOPS  (196 regs, 3.0s)
[135/540] -DCVT_ADD_FUSED=0 -DMBAR_EARLY=1 -DSNAKE_ORDER=0 -DSTAGGER_CYCLES=160 -DSUB_MMA_UNROLL=3 -DW0_LOOP_UNROLL=4 ... 0.579 ms / 1890 TFLOPS  (210 regs, 2.9s)
[136/540] -DCVT_ADD_FUSED=0 -DMBAR_EARLY=1 -DSTAGGER_CYCLES=160 ... 0.526 ms / 2082 TFLOPS  (210 regs, 3.0s)
[137/540] -DCVT_ADD_FUSED=0 -DMBAR_EARLY=1 -DSTAGGER_CYCLES=160 -DW0_LOOP_UNROLL=1 ... 0.683 ms / 1602 TFLOPS  (196 regs, 2.9s)
[138/540] -DCVT_ADD_FUSED=0 -DMBAR_EARLY=1 -DSTAGGER_CYCLES=160 -DW0_LOOP_UNROLL=4 ... 0.530 ms / 2067 TFLOPS  (210 regs, 2.9s)
[139/540] -DCVT_ADD_FUSED=0 -DMBAR_EARLY=1 -DSTAGGER_CYCLES=160 -DSUB_MMA_UNROLL=1 ... 0.531 ms / 2063 TFLOPS  (166 regs, 2.9s)
[140/540] -DCVT_ADD_FUSED=0 -DMBAR_EARLY=1 -DSTAGGER_CYCLES=160 -DSUB_MMA_UNROLL=1 -DW0_LOOP_UNROLL=1 ... 0.678 ms / 1615 TFLOPS  (151 regs, 2.9s)
[141/540] -DCVT_ADD_FUSED=0 -DMBAR_EARLY=1 -DSTAGGER_CYCLES=160 -DSUB_MMA_UNROLL=1 -DW0_LOOP_UNROLL=4 ... 0.531 ms / 2061 TFLOPS  (166 regs, 2.9s)
[142/540] -DCVT_ADD_FUSED=0 -DMBAR_EARLY=1 -DSTAGGER_CYCLES=160 -DSUB_MMA_UNROLL=3 ... 0.528 ms / 2075 TFLOPS  (210 regs, 2.9s)
[143/540] -DCVT_ADD_FUSED=0 -DMBAR_EARLY=1 -DSTAGGER_CYCLES=160 -DSUB_MMA_UNROLL=3 -DW0_LOOP_UNROLL=1 ... 0.686 ms / 1597 TFLOPS  (196 regs, 2.9s)
[144/540] -DCVT_ADD_FUSED=0 -DMBAR_EARLY=1 -DSTAGGER_CYCLES=160 -DSUB_MMA_UNROLL=3 -DW0_LOOP_UNROLL=4 ... 0.528 ms / 2074 TFLOPS  (210 regs, 3.0s)
[145/540] -DCVT_ADD_FUSED=0 -DMBAR_EARLY=1 -DPHASE1_UNROLL=4 -DSNAKE_ORDER=0 -DSTAGGER_CYCLES=160 ... 0.538 ms / 2034 TFLOPS  (255 regs, 3.1s)
[146/540] -DCVT_ADD_FUSED=0 -DMBAR_EARLY=1 -DPHASE1_UNROLL=4 -DSNAKE_ORDER=0 -DSTAGGER_CYCLES=160 -DW0_LOOP_UNROLL=1 ... 0.689 ms / 1590 TFLOPS  (244 regs, 3.0s)
[147/540] -DCVT_ADD_FUSED=0 -DMBAR_EARLY=1 -DPHASE1_UNROLL=4 -DSNAKE_ORDER=0 -DSTAGGER_CYCLES=160 -DW0_LOOP_UNROLL=4 ... 0.542 ms / 2022 TFLOPS  (255 regs, 3.0s)
[148/540] -DCVT_ADD_FUSED=0 -DMBAR_EARLY=1 -DPHASE1_UNROLL=4 -DSNAKE_ORDER=0 -DSTAGGER_CYCLES=160 -DSUB_MMA_UNROLL=1 ... 0.541 ms / 2024 TFLOPS  (214 regs, 3.0s)
[149/540] -DCVT_ADD_FUSED=0 -DMBAR_EARLY=1 -DPHASE1_UNROLL=4 -DSNAKE_ORDER=0 -DSTAGGER_CYCLES=160 -DSUB_MMA_UNROLL=1 -DW0_LOOP_UNROLL=1 ... 0.690 ms / 1586 TFLOPS  (200 regs, 3.1s)
[150/540] -DCVT_ADD_FUSED=0 -DMBAR_EARLY=1 -DPHASE1_UNROLL=4 -DSNAKE_ORDER=0 -DSTAGGER_CYCLES=160 -DSUB_MMA_UNROLL=1 -DW0_LOOP_UNROLL=4 ... 0.539 ms / 2031 TFLOPS  (214 regs, 3.0s)
[151/540] -DCVT_ADD_FUSED=0 -DMBAR_EARLY=1 -DPHASE1_UNROLL=4 -DSNAKE_ORDER=0 -DSTAGGER_CYCLES=160 -DSUB_MMA_UNROLL=3 ... 0.541 ms / 2025 TFLOPS  (255 regs, 3.0s)
[152/540] -DCVT_ADD_FUSED=0 -DMBAR_EARLY=1 -DPHASE1_UNROLL=4 -DSNAKE_ORDER=0 -DSTAGGER_CYCLES=160 -DSUB_MMA_UNROLL=3 -DW0_LOOP_UNROLL=1 ... 0.691 ms / 1584 TFLOPS  (244 regs, 3.0s)
[153/540] -DCVT_ADD_FUSED=0 -DMBAR_EARLY=1 -DPHASE1_UNROLL=4 -DSNAKE_ORDER=0 -DSTAGGER_CYCLES=160 -DSUB_MMA_UNROLL=3 -DW0_LOOP_UNROLL=4 ... 0.541 ms / 2026 TFLOPS  (255 regs, 3.0s)
[154/540] -DCVT_ADD_FUSED=0 -DMBAR_EARLY=1 -DPHASE1_UNROLL=4 -DSTAGGER_CYCLES=160 ... 0.530 ms / 2066 TFLOPS  (255 regs, 3.1s)
[155/540] -DCVT_ADD_FUSED=0 -DMBAR_EARLY=1 -DPHASE1_UNROLL=4 -DSTAGGER_CYCLES=160 -DW0_LOOP_UNROLL=1 ... 0.686 ms / 1596 TFLOPS  (244 regs, 3.0s)
[156/540] -DCVT_ADD_FUSED=0 -DMBAR_EARLY=1 -DPHASE1_UNROLL=4 -DSTAGGER_CYCLES=160 -DW0_LOOP_UNROLL=4 ... 0.531 ms / 2063 TFLOPS  (255 regs, 3.0s)
[157/540] -DCVT_ADD_FUSED=0 -DMBAR_EARLY=1 -DPHASE1_UNROLL=4 -DSTAGGER_CYCLES=160 -DSUB_MMA_UNROLL=1 ... 0.533 ms / 2055 TFLOPS  (214 regs, 3.0s)
[158/540] -DCVT_ADD_FUSED=0 -DMBAR_EARLY=1 -DPHASE1_UNROLL=4 -DSTAGGER_CYCLES=160 -DSUB_MMA_UNROLL=1 -DW0_LOOP_UNROLL=1 ... 0.692 ms / 1582 TFLOPS  (200 regs, 3.0s)
[159/540] -DCVT_ADD_FUSED=0 -DMBAR_EARLY=1 -DPHASE1_UNROLL=4 -DSTAGGER_CYCLES=160 -DSUB_MMA_UNROLL=1 -DW0_LOOP_UNROLL=4 ... 0.533 ms / 2054 TFLOPS  (214 regs, 3.0s)
[160/540] -DCVT_ADD_FUSED=0 -DMBAR_EARLY=1 -DPHASE1_UNROLL=4 -DSTAGGER_CYCLES=160 -DSUB_MMA_UNROLL=3 ... 0.529 ms / 2069 TFLOPS  (255 regs, 3.0s)
[161/540] -DCVT_ADD_FUSED=0 -DMBAR_EARLY=1 -DPHASE1_UNROLL=4 -DSTAGGER_CYCLES=160 -DSUB_MMA_UNROLL=3 -DW0_LOOP_UNROLL=1 ... 0.695 ms / 1576 TFLOPS  (244 regs, 3.0s)
[162/540] -DCVT_ADD_FUSED=0 -DMBAR_EARLY=1 -DPHASE1_UNROLL=4 -DSTAGGER_CYCLES=160 -DSUB_MMA_UNROLL=3 -DW0_LOOP_UNROLL=4 ... 0.530 ms / 2064 TFLOPS  (255 regs, 3.0s)
[163/540] -DCVT_ADD_FUSED=0 -DK_LOOP_UNROLL=6 -DMBAR_EARLY=1 -DPHASE1_UNROLL=1 -DSNAKE_ORDER=0 -DSTAGGER_CYCLES=160 ... 0.758 ms / 1445 TFLOPS  (149 regs, 2.9s)
[164/540] -DCVT_ADD_FUSED=0 -DK_LOOP_UNROLL=6 -DMBAR_EARLY=1 -DPHASE1_UNROLL=1 -DSNAKE_ORDER=0 -DSTAGGER_CYCLES=160 -DW0_LOOP_UNROLL=1 ... 0.684 ms / 1601 TFLOPS  (128 regs, 2.8s)
[165/540] -DCVT_ADD_FUSED=0 -DK_LOOP_UNROLL=6 -DMBAR_EARLY=1 -DPHASE1_UNROLL=1 -DSNAKE_ORDER=0 -DSTAGGER_CYCLES=160 -DW0_LOOP_UNROLL=4 ... 0.751 ms / 1459 TFLOPS  (144 regs, 2.9s)
[166/540] -DCVT_ADD_FUSED=0 -DK_LOOP_UNROLL=6 -DMBAR_EARLY=1 -DPHASE1_UNROLL=1 -DSNAKE_ORDER=0 -DSTAGGER_CYCLES=160 -DSUB_MMA_UNROLL=1 ... 0.749 ms / 1463 TFLOPS  (134 regs, 2.9s)
[167/540] -DCVT_ADD_FUSED=0 -DK_LOOP_UNROLL=6 -DMBAR_EARLY=1 -DPHASE1_UNROLL=1 -DSNAKE_ORDER=0 -DSTAGGER_CYCLES=160 -DSUB_MMA_UNROLL=1 -DW0_LOOP_UNROLL=1 ... 0.677 ms / 1617 TFLOPS  (122 regs, 2.9s)
[168/540] -DCVT_ADD_FUSED=0 -DK_LOOP_UNROLL=6 -DMBAR_EARLY=1 -DPHASE1_UNROLL=1 -DSNAKE_ORDER=0 -DSTAGGER_CYCLES=160 -DSUB_MMA_UNROLL=1 -DW0_LOOP_UNROLL=4 ... 0.754 ms / 1452 TFLOPS  (134 regs, 2.9s)
[169/540] -DCVT_ADD_FUSED=0 -DK_LOOP_UNROLL=6 -DMBAR_EARLY=1 -DPHASE1_UNROLL=1 -DSNAKE_ORDER=0 -DSTAGGER_CYCLES=160 -DSUB_MMA_UNROLL=3 ... 0.756 ms / 1449 TFLOPS  (149 regs, 2.9s)
[170/540] -DCVT_ADD_FUSED=0 -DK_LOOP_UNROLL=6 -DMBAR_EARLY=1 -DPHASE1_UNROLL=1 -DSNAKE_ORDER=0 -DSTAGGER_CYCLES=160 -DSUB_MMA_UNROLL=3 -DW0_LOOP_UNROLL=1 ... 0.681 ms / 1608 TFLOPS  (128 regs, 2.9s)
[171/540] -DCVT_ADD_FUSED=0 -DK_LOOP_UNROLL=6 -DMBAR_EARLY=1 -DPHASE1_UNROLL=1 -DSNAKE_ORDER=0 -DSTAGGER_CYCLES=160 -DSUB_MMA_UNROLL=3 -DW0_LOOP_UNROLL=4 ... 0.752 ms / 1456 TFLOPS  (144 regs, 2.9s)
[172/540] -DCVT_ADD_FUSED=0 -DK_LOOP_UNROLL=6 -DMBAR_EARLY=1 -DPHASE1_UNROLL=1 -DSTAGGER_CYCLES=160 ... 0.627 ms / 1745 TFLOPS  (149 regs, 2.9s)
[173/540] -DCVT_ADD_FUSED=0 -DK_LOOP_UNROLL=6 -DMBAR_EARLY=1 -DPHASE1_UNROLL=1 -DSTAGGER_CYCLES=160 -DW0_LOOP_UNROLL=1 ... 0.686 ms / 1596 TFLOPS  (128 regs, 2.9s)
[174/540] -DCVT_ADD_FUSED=0 -DK_LOOP_UNROLL=6 -DMBAR_EARLY=1 -DPHASE1_UNROLL=1 -DSTAGGER_CYCLES=160 -DW0_LOOP_UNROLL=4 ... 0.619 ms / 1770 TFLOPS  (144 regs, 2.9s)
[175/540] -DCVT_ADD_FUSED=0 -DK_LOOP_UNROLL=6 -DMBAR_EARLY=1 -DPHASE1_UNROLL=1 -DSTAGGER_CYCLES=160 -DSUB_MMA_UNROLL=1 ... 0.634 ms / 1726 TFLOPS  (134 regs, 2.9s)
[176/540] -DCVT_ADD_FUSED=0 -DK_LOOP_UNROLL=6 -DMBAR_EARLY=1 -DPHASE1_UNROLL=1 -DSTAGGER_CYCLES=160 -DSUB_MMA_UNROLL=1 -DW0_LOOP_UNROLL=1 ... 0.679 ms / 1613 TFLOPS  (122 regs, 2.9s)
[177/540] -DCVT_ADD_FUSED=0 -DK_LOOP_UNROLL=6 -DMBAR_EARLY=1 -DPHASE1_UNROLL=1 -DSTAGGER_CYCLES=160 -DSUB_MMA_UNROLL=1 -DW0_LOOP_UNROLL=4 ... 0.638 ms / 1715 TFLOPS  (134 regs, 2.9s)
[178/540] -DCVT_ADD_FUSED=0 -DK_LOOP_UNROLL=6 -DMBAR_EARLY=1 -DPHASE1_UNROLL=1 -DSTAGGER_CYCLES=160 -DSUB_MMA_UNROLL=3 ... 0.628 ms / 1744 TFLOPS  (149 regs, 3.0s)
[179/540] -DCVT_ADD_FUSED=0 -DK_LOOP_UNROLL=6 -DMBAR_EARLY=1 -DPHASE1_UNROLL=1 -DSTAGGER_CYCLES=160 -DSUB_MMA_UNROLL=3 -DW0_LOOP_UNROLL=1 ... 0.683 ms / 1603 TFLOPS  (128 regs, 2.9s)
[180/540] -DCVT_ADD_FUSED=0 -DK_LOOP_UNROLL=6 -DMBAR_EARLY=1 -DPHASE1_UNROLL=1 -DSTAGGER_CYCLES=160 -DSUB_MMA_UNROLL=3 -DW0_LOOP_UNROLL=4 ... 0.626 ms / 1749 TFLOPS  (144 regs, 2.9s)
[181/540] -DCVT_ADD_FUSED=0 -DK_LOOP_UNROLL=6 -DMBAR_EARLY=1 -DSNAKE_ORDER=0 -DSTAGGER_CYCLES=160 ... 0.578 ms / 1895 TFLOPS  (175 regs, 3.0s)
[182/540] -DCVT_ADD_FUSED=0 -DK_LOOP_UNROLL=6 -DMBAR_EARLY=1 -DSNAKE_ORDER=0 -DSTAGGER_CYCLES=160 -DW0_LOOP_UNROLL=1 ... 0.680 ms / 1610 TFLOPS  (159 regs, 3.0s)
[183/540] -DCVT_ADD_FUSED=0 -DK_LOOP_UNROLL=6 -DMBAR_EARLY=1 -DSNAKE_ORDER=0 -DSTAGGER_CYCLES=160 -DW0_LOOP_UNROLL=4 ... 0.585 ms / 1870 TFLOPS  (175 regs, 3.0s)
[184/540] -DCVT_ADD_FUSED=0 -DK_LOOP_UNROLL=6 -DMBAR_EARLY=1 -DSNAKE_ORDER=0 -DSTAGGER_CYCLES=160 -DSUB_MMA_UNROLL=1 ... 0.572 ms / 1913 TFLOPS  (166 regs, 3.0s)
[185/540] -DCVT_ADD_FUSED=0 -DK_LOOP_UNROLL=6 -DMBAR_EARLY=1 -DSNAKE_ORDER=0 -DSTAGGER_CYCLES=160 -DSUB_MMA_UNROLL=1 -DW0_LOOP_UNROLL=1 ... 0.680 ms / 1611 TFLOPS  (151 regs, 3.0s)
[186/540] -DCVT_ADD_FUSED=0 -DK_LOOP_UNROLL=6 -DMBAR_EARLY=1 -DSNAKE_ORDER=0 -DSTAGGER_CYCLES=160 -DSUB_MMA_UNROLL=1 -DW0_LOOP_UNROLL=4 ... 0.584 ms / 1874 TFLOPS  (166 regs, 3.0s)
[187/540] -DCVT_ADD_FUSED=0 -DK_LOOP_UNROLL=6 -DMBAR_EARLY=1 -DSNAKE_ORDER=0 -DSTAGGER_CYCLES=160 -DSUB_MMA_UNROLL=3 ... 0.565 ms / 1938 TFLOPS  (175 regs, 3.0s)
[188/540] -DCVT_ADD_FUSED=0 -DK_LOOP_UNROLL=6 -DMBAR_EARLY=1 -DSNAKE_ORDER=0 -DSTAGGER_CYCLES=160 -DSUB_MMA_UNROLL=3 -DW0_LOOP_UNROLL=1 ... 0.682 ms / 1606 TFLOPS  (159 regs, 2.9s)
[189/540] -DCVT_ADD_FUSED=0 -DK_LOOP_UNROLL=6 -DMBAR_EARLY=1 -DSNAKE_ORDER=0 -DSTAGGER_CYCLES=160 -DSUB_MMA_UNROLL=3 -DW0_LOOP_UNROLL=4 ... 0.579 ms / 1890 TFLOPS  (175 regs, 2.9s)
[190/540] -DCVT_ADD_FUSED=0 -DK_LOOP_UNROLL=6 -DMBAR_EARLY=1 -DSTAGGER_CYCLES=160 ... 0.527 ms / 2076 TFLOPS  (175 regs, 3.0s)
[191/540] -DCVT_ADD_FUSED=0 -DK_LOOP_UNROLL=6 -DMBAR_EARLY=1 -DSTAGGER_CYCLES=160 -DW0_LOOP_UNROLL=1 ... 0.683 ms / 1602 TFLOPS  (159 regs, 3.0s)
[192/540] -DCVT_ADD_FUSED=0 -DK_LOOP_UNROLL=6 -DMBAR_EARLY=1 -DSTAGGER_CYCLES=160 -DW0_LOOP_UNROLL=4 ... 0.527 ms / 2080 TFLOPS  (175 regs, 3.0s)
[193/540] -DCVT_ADD_FUSED=0 -DK_LOOP_UNROLL=6 -DMBAR_EARLY=1 -DSTAGGER_CYCLES=160 -DSUB_MMA_UNROLL=1 ... 0.526 ms / 2081 TFLOPS  (166 regs, 2.9s)
[194/540] -DCVT_ADD_FUSED=0 -DK_LOOP_UNROLL=6 -DMBAR_EARLY=1 -DSTAGGER_CYCLES=160 -DSUB_MMA_UNROLL=1 -DW0_LOOP_UNROLL=1 ... 0.683 ms / 1603 TFLOPS  (151 regs, 2.9s)
[195/540] -DCVT_ADD_FUSED=0 -DK_LOOP_UNROLL=6 -DMBAR_EARLY=1 -DSTAGGER_CYCLES=160 -DSUB_MMA_UNROLL=1 -DW0_LOOP_UNROLL=4 ... 0.527 ms / 2076 TFLOPS  (166 regs, 2.9s)
[196/540] -DCVT_ADD_FUSED=0 -DK_LOOP_UNROLL=6 -DMBAR_EARLY=1 -DSTAGGER_CYCLES=160 -DSUB_MMA_UNROLL=3 ... 0.528 ms / 2076 TFLOPS  (175 regs, 2.9s)
[197/540] -DCVT_ADD_FUSED=0 -DK_LOOP_UNROLL=6 -DMBAR_EARLY=1 -DSTAGGER_CYCLES=160 -DSUB_MMA_UNROLL=3 -DW0_LOOP_UNROLL=1 ... 0.680 ms / 1611 TFLOPS  (159 regs, 2.9s)
[198/540] -DCVT_ADD_FUSED=0 -DK_LOOP_UNROLL=6 -DMBAR_EARLY=1 -DSTAGGER_CYCLES=160 -DSUB_MMA_UNROLL=3 -DW0_LOOP_UNROLL=4 ... 0.528 ms / 2074 TFLOPS  (175 regs, 2.9s)
[199/540] -DCVT_ADD_FUSED=0 -DK_LOOP_UNROLL=6 -DMBAR_EARLY=1 -DPHASE1_UNROLL=4 -DSNAKE_ORDER=0 -DSTAGGER_CYCLES=160 ... 0.539 ms / 2030 TFLOPS  (222 regs, 3.0s)
[200/540] -DCVT_ADD_FUSED=0 -DK_LOOP_UNROLL=6 -DMBAR_EARLY=1 -DPHASE1_UNROLL=4 -DSNAKE_ORDER=0 -DSTAGGER_CYCLES=160 -DW0_LOOP_UNROLL=1 ... 0.698 ms / 1568 TFLOPS  (208 regs, 2.9s)
[201/540] -DCVT_ADD_FUSED=0 -DK_LOOP_UNROLL=6 -DMBAR_EARLY=1 -DPHASE1_UNROLL=4 -DSNAKE_ORDER=0 -DSTAGGER_CYCLES=160 -DW0_LOOP_UNROLL=4 ... 0.541 ms / 2022 TFLOPS  (222 regs, 3.0s)
[202/540] -DCVT_ADD_FUSED=0 -DK_LOOP_UNROLL=6 -DMBAR_EARLY=1 -DPHASE1_UNROLL=4 -DSNAKE_ORDER=0 -DSTAGGER_CYCLES=160 -DSUB_MMA_UNROLL=1 ... 0.539 ms / 2032 TFLOPS  (214 regs, 3.0s)
[203/540] -DCVT_ADD_FUSED=0 -DK_LOOP_UNROLL=6 -DMBAR_EARLY=1 -DPHASE1_UNROLL=4 -DSNAKE_ORDER=0 -DSTAGGER_CYCLES=160 -DSUB_MMA_UNROLL=1 -DW0_LOOP_UNROLL=1 ... 0.691 ms / 1585 TFLOPS  (200 regs, 3.0s)
[204/540] -DCVT_ADD_FUSED=0 -DK_LOOP_UNROLL=6 -DMBAR_EARLY=1 -DPHASE1_UNROLL=4 -DSNAKE_ORDER=0 -DSTAGGER_CYCLES=160 -DSUB_MMA_UNROLL=1 -DW0_LOOP_UNROLL=4 ... 0.539 ms / 2030 TFLOPS  (214 regs, 2.9s)
[205/540] -DCVT_ADD_FUSED=0 -DK_LOOP_UNROLL=6 -DMBAR_EARLY=1 -DPHASE1_UNROLL=4 -DSNAKE_ORDER=0 -DSTAGGER_CYCLES=160 -DSUB_MMA_UNROLL=3 ... 0.541 ms / 2025 TFLOPS  (222 regs, 3.0s)
[206/540] -DCVT_ADD_FUSED=0 -DK_LOOP_UNROLL=6 -DMBAR_EARLY=1 -DPHASE1_UNROLL=4 -DSNAKE_ORDER=0 -DSTAGGER_CYCLES=160 -DSUB_MMA_UNROLL=3 -DW0_LOOP_UNROLL=1 ... 0.689 ms / 1589 TFLOPS  (208 regs, 3.0s)
[207/540] -DCVT_ADD_FUSED=0 -DK_LOOP_UNROLL=6 -DMBAR_EARLY=1 -DPHASE1_UNROLL=4 -DSNAKE_ORDER=0 -DSTAGGER_CYCLES=160 -DSUB_MMA_UNROLL=3 -DW0_LOOP_UNROLL=4 ... 0.538 ms / 2035 TFLOPS  (222 regs, 3.1s)
[208/540] -DCVT_ADD_FUSED=0 -DK_LOOP_UNROLL=6 -DMBAR_EARLY=1 -DPHASE1_UNROLL=4 -DSTAGGER_CYCLES=160 ... 0.530 ms / 2067 TFLOPS  (222 regs, 3.0s)
[209/540] -DCVT_ADD_FUSED=0 -DK_LOOP_UNROLL=6 -DMBAR_EARLY=1 -DPHASE1_UNROLL=4 -DSTAGGER_CYCLES=160 -DW0_LOOP_UNROLL=1 ... 0.683 ms / 1603 TFLOPS  (208 regs, 3.0s)
[210/540] -DCVT_ADD_FUSED=0 -DK_LOOP_UNROLL=6 -DMBAR_EARLY=1 -DPHASE1_UNROLL=4 -DSTAGGER_CYCLES=160 -DW0_LOOP_UNROLL=4 ... 0.529 ms / 2070 TFLOPS  (222 regs, 3.0s)
[211/540] -DCVT_ADD_FUSED=0 -DK_LOOP_UNROLL=6 -DMBAR_EARLY=1 -DPHASE1_UNROLL=4 -DSTAGGER_CYCLES=160 -DSUB_MMA_UNROLL=1 ... 0.528 ms / 2075 TFLOPS  (214 regs, 3.0s)
[212/540] -DCVT_ADD_FUSED=0 -DK_LOOP_UNROLL=6 -DMBAR_EARLY=1 -DPHASE1_UNROLL=4 -DSTAGGER_CYCLES=160 -DSUB_MMA_UNROLL=1 -DW0_LOOP_UNROLL=1 ... 0.686 ms / 1596 TFLOPS  (200 regs, 3.0s)
[213/540] -DCVT_ADD_FUSED=0 -DK_LOOP_UNROLL=6 -DMBAR_EARLY=1 -DPHASE1_UNROLL=4 -DSTAGGER_CYCLES=160 -DSUB_MMA_UNROLL=1 -DW0_LOOP_UNROLL=4 ... 0.529 ms / 2072 TFLOPS  (214 regs, 3.0s)
[214/540] -DCVT_ADD_FUSED=0 -DK_LOOP_UNROLL=6 -DMBAR_EARLY=1 -DPHASE1_UNROLL=4 -DSTAGGER_CYCLES=160 -DSUB_MMA_UNROLL=3 ... 0.528 ms / 2076 TFLOPS  (222 regs, 3.0s)
[215/540] -DCVT_ADD_FUSED=0 -DK_LOOP_UNROLL=6 -DMBAR_EARLY=1 -DPHASE1_UNROLL=4 -DSTAGGER_CYCLES=160 -DSUB_MMA_UNROLL=3 -DW0_LOOP_UNROLL=1 ... 0.687 ms / 1593 TFLOPS  (208 regs, 3.1s)
[216/540] -DCVT_ADD_FUSED=0 -DK_LOOP_UNROLL=6 -DMBAR_EARLY=1 -DPHASE1_UNROLL=4 -DSTAGGER_CYCLES=160 -DSUB_MMA_UNROLL=3 -DW0_LOOP_UNROLL=4 ... 0.529 ms / 2068 TFLOPS  (222 regs, 3.0s)
[217/540] -DCVT_ADD_FUSED=0 -DK_LOOP_UNROLL=8 -DMBAR_EARLY=1 -DPHASE1_UNROLL=1 -DSNAKE_ORDER=0 -DSTAGGER_CYCLES=160 ... 0.751 ms / 1457 TFLOPS  (181 regs, 2.9s)
[218/540] -DCVT_ADD_FUSED=0 -DK_LOOP_UNROLL=8 -DMBAR_EARLY=1 -DPHASE1_UNROLL=1 -DSNAKE_ORDER=0 -DSTAGGER_CYCLES=160 -DW0_LOOP_UNROLL=1 ... 0.693 ms / 1579 TFLOPS  (164 regs, 2.9s)
[219/540] -DCVT_ADD_FUSED=0 -DK_LOOP_UNROLL=8 -DMBAR_EARLY=1 -DPHASE1_UNROLL=1 -DSNAKE_ORDER=0 -DSTAGGER_CYCLES=160 -DW0_LOOP_UNROLL=4 ... 0.751 ms / 1458 TFLOPS  (179 regs, 2.9s)
[220/540] -DCVT_ADD_FUSED=0 -DK_LOOP_UNROLL=8 -DMBAR_EARLY=1 -DPHASE1_UNROLL=1 -DSNAKE_ORDER=0 -DSTAGGER_CYCLES=160 -DSUB_MMA_UNROLL=1 ... 0.750 ms / 1460 TFLOPS  (134 regs, 2.9s)
[221/540] -DCVT_ADD_FUSED=0 -DK_LOOP_UNROLL=8 -DMBAR_EARLY=1 -DPHASE1_UNROLL=1 -DSNAKE_ORDER=0 -DSTAGGER_CYCLES=160 -DSUB_MMA_UNROLL=1 -DW0_LOOP_UNROLL=1 ... 0.686 ms / 1597 TFLOPS  (122 regs, 2.9s)
[222/540] -DCVT_ADD_FUSED=0 -DK_LOOP_UNROLL=8 -DMBAR_EARLY=1 -DPHASE1_UNROLL=1 -DSNAKE_ORDER=0 -DSTAGGER_CYCLES=160 -DSUB_MMA_UNROLL=1 -DW0_LOOP_UNROLL=4 ... 0.748 ms / 1465 TFLOPS  (134 regs, 3.0s)
[223/540] -DCVT_ADD_FUSED=0 -DK_LOOP_UNROLL=8 -DMBAR_EARLY=1 -DPHASE1_UNROLL=1 -DSNAKE_ORDER=0 -DSTAGGER_CYCLES=160 -DSUB_MMA_UNROLL=3 ... 0.749 ms / 1463 TFLOPS  (181 regs, 3.0s)
[224/540] -DCVT_ADD_FUSED=0 -DK_LOOP_UNROLL=8 -DMBAR_EARLY=1 -DPHASE1_UNROLL=1 -DSNAKE_ORDER=0 -DSTAGGER_CYCLES=160 -DSUB_MMA_UNROLL=3 -DW0_LOOP_UNROLL=1 ... 0.679 ms / 1614 TFLOPS  (164 regs, 2.9s)
[225/540] -DCVT_ADD_FUSED=0 -DK_LOOP_UNROLL=8 -DMBAR_EARLY=1 -DPHASE1_UNROLL=1 -DSNAKE_ORDER=0 -DSTAGGER_CYCLES=160 -DSUB_MMA_UNROLL=3 -DW0_LOOP_UNROLL=4 ... 0.749 ms / 1463 TFLOPS  (179 regs, 2.9s)
[226/540] -DCVT_ADD_FUSED=0 -DK_LOOP_UNROLL=8 -DMBAR_EARLY=1 -DPHASE1_UNROLL=1 -DSTAGGER_CYCLES=160 ... 0.637 ms / 1718 TFLOPS  (181 regs, 3.0s)
[227/540] -DCVT_ADD_FUSED=0 -DK_LOOP_UNROLL=8 -DMBAR_EARLY=1 -DPHASE1_UNROLL=1 -DSTAGGER_CYCLES=160 -DW0_LOOP_UNROLL=1 ... 0.689 ms / 1589 TFLOPS  (164 regs, 3.0s)
[228/540] -DCVT_ADD_FUSED=0 -DK_LOOP_UNROLL=8 -DMBAR_EARLY=1 -DPHASE1_UNROLL=1 -DSTAGGER_CYCLES=160 -DW0_LOOP_UNROLL=4 ... 0.633 ms / 1729 TFLOPS  (179 regs, 2.9s)
[229/540] -DCVT_ADD_FUSED=0 -DK_LOOP_UNROLL=8 -DMBAR_EARLY=1 -DPHASE1_UNROLL=1 -DSTAGGER_CYCLES=160 -DSUB_MMA_UNROLL=1 ... 0.638 ms / 1716 TFLOPS  (134 regs, 2.9s)
[230/540] -DCVT_ADD_FUSED=0 -DK_LOOP_UNROLL=8 -DMBAR_EARLY=1 -DPHASE1_UNROLL=1 -DSTAGGER_CYCLES=160 -DSUB_MMA_UNROLL=1 -DW0_LOOP_UNROLL=1 ... 0.693 ms / 1581 TFLOPS  (122 regs, 2.9s)
[231/540] -DCVT_ADD_FUSED=0 -DK_LOOP_UNROLL=8 -DMBAR_EARLY=1 -DPHASE1_UNROLL=1 -DSTAGGER_CYCLES=160 -DSUB_MMA_UNROLL=1 -DW0_LOOP_UNROLL=4 ... 0.633 ms / 1731 TFLOPS  (134 regs, 2.9s)
[232/540] -DCVT_ADD_FUSED=0 -DK_LOOP_UNROLL=8 -DMBAR_EARLY=1 -DPHASE1_UNROLL=1 -DSTAGGER_CYCLES=160 -DSUB_MMA_UNROLL=3 ... 0.633 ms / 1730 TFLOPS  (181 regs, 2.8s)
[233/540] -DCVT_ADD_FUSED=0 -DK_LOOP_UNROLL=8 -DMBAR_EARLY=1 -DPHASE1_UNROLL=1 -DSTAGGER_CYCLES=160 -DSUB_MMA_UNROLL=3 -DW0_LOOP_UNROLL=1 ... 0.678 ms / 1614 TFLOPS  (164 regs, 2.9s)
[234/540] -DCVT_ADD_FUSED=0 -DK_LOOP_UNROLL=8 -DMBAR_EARLY=1 -DPHASE1_UNROLL=1 -DSTAGGER_CYCLES=160 -DSUB_MMA_UNROLL=3 -DW0_LOOP_UNROLL=4 ... 0.628 ms / 1743 TFLOPS  (179 regs, 2.9s)
[235/540] -DCVT_ADD_FUSED=0 -DK_LOOP_UNROLL=8 -DMBAR_EARLY=1 -DSNAKE_ORDER=0 -DSTAGGER_CYCLES=160 ... 0.578 ms / 1894 TFLOPS  (211 regs, 3.0s)
[236/540] -DCVT_ADD_FUSED=0 -DK_LOOP_UNROLL=8 -DMBAR_EARLY=1 -DSNAKE_ORDER=0 -DSTAGGER_CYCLES=160 -DW0_LOOP_UNROLL=1 ... 0.687 ms / 1595 TFLOPS  (196 regs, 3.0s)
[237/540] -DCVT_ADD_FUSED=0 -DK_LOOP_UNROLL=8 -DMBAR_EARLY=1 -DSNAKE_ORDER=0 -DSTAGGER_CYCLES=160 -DW0_LOOP_UNROLL=4 ... 0.576 ms / 1900 TFLOPS  (211 regs, 2.9s)
[238/540] -DCVT_ADD_FUSED=0 -DK_LOOP_UNROLL=8 -DMBAR_EARLY=1 -DSNAKE_ORDER=0 -DSTAGGER_CYCLES=160 -DSUB_MMA_UNROLL=1 ... 0.585 ms / 1872 TFLOPS  (166 regs, 2.9s)
[239/540] -DCVT_ADD_FUSED=0 -DK_LOOP_UNROLL=8 -DMBAR_EARLY=1 -DSNAKE_ORDER=0 -DSTAGGER_CYCLES=160 -DSUB_MMA_UNROLL=1 -DW0_LOOP_UNROLL=1 ... 0.682 ms / 1605 TFLOPS  (151 regs, 3.0s)
[240/540] -DCVT_ADD_FUSED=0 -DK_LOOP_UNROLL=8 -DMBAR_EARLY=1 -DSNAKE_ORDER=0 -DSTAGGER_CYCLES=160 -DSUB_MMA_UNROLL=1 -DW0_LOOP_UNROLL=4 ... 0.577 ms / 1897 TFLOPS  (166 regs, 3.0s)
[241/540] -DCVT_ADD_FUSED=0 -DK_LOOP_UNROLL=8 -DMBAR_EARLY=1 -DSNAKE_ORDER=0 -DSTAGGER_CYCLES=160 -DSUB_MMA_UNROLL=3 ... 0.574 ms / 1907 TFLOPS  (211 regs, 2.9s)
[242/540] -DCVT_ADD_FUSED=0 -DK_LOOP_UNROLL=8 -DMBAR_EARLY=1 -DSNAKE_ORDER=0 -DSTAGGER_CYCLES=160 -DSUB_MMA_UNROLL=3 -DW0_LOOP_UNROLL=1 ... 0.684 ms / 1601 TFLOPS  (196 regs, 3.0s)
[243/540] -DCVT_ADD_FUSED=0 -DK_LOOP_UNROLL=8 -DMBAR_EARLY=1 -DSNAKE_ORDER=0 -DSTAGGER_CYCLES=160 -DSUB_MMA_UNROLL=3 -DW0_LOOP_UNROLL=4 ... 0.568 ms / 1927 TFLOPS  (211 regs, 3.0s)
[244/540] -DCVT_ADD_FUSED=0 -DK_LOOP_UNROLL=8 -DMBAR_EARLY=1 -DSTAGGER_CYCLES=160 ... 0.527 ms / 2076 TFLOPS  (211 regs, 2.9s)
[245/540] -DCVT_ADD_FUSED=0 -DK_LOOP_UNROLL=8 -DMBAR_EARLY=1 -DSTAGGER_CYCLES=160 -DW0_LOOP_UNROLL=1 ... 0.683 ms / 1603 TFLOPS  (196 regs, 2.9s)
[246/540] -DCVT_ADD_FUSED=0 -DK_LOOP_UNROLL=8 -DMBAR_EARLY=1 -DSTAGGER_CYCLES=160 -DW0_LOOP_UNROLL=4 ... 0.528 ms / 2076 TFLOPS  (211 regs, 2.9s)
[247/540] -DCVT_ADD_FUSED=0 -DK_LOOP_UNROLL=8 -DMBAR_EARLY=1 -DSTAGGER_CYCLES=160 -DSUB_MMA_UNROLL=1 ... 0.526 ms / 2083 TFLOPS  (166 regs, 2.9s)
[248/540] -DCVT_ADD_FUSED=0 -DK_LOOP_UNROLL=8 -DMBAR_EARLY=1 -DSTAGGER_CYCLES=160 -DSUB_MMA_UNROLL=1 -DW0_LOOP_UNROLL=1 ... 0.682 ms / 1606 TFLOPS  (151 regs, 3.0s)
[249/540] -DCVT_ADD_FUSED=0 -DK_LOOP_UNROLL=8 -DMBAR_EARLY=1 -DSTAGGER_CYCLES=160 -DSUB_MMA_UNROLL=1 -DW0_LOOP_UNROLL=4 ... 0.529 ms / 2068 TFLOPS  (166 regs, 3.0s)
[250/540] -DCVT_ADD_FUSED=0 -DK_LOOP_UNROLL=8 -DMBAR_EARLY=1 -DSTAGGER_CYCLES=160 -DSUB_MMA_UNROLL=3 ... 0.526 ms / 2082 TFLOPS  (211 regs, 2.9s)
[251/540] -DCVT_ADD_FUSED=0 -DK_LOOP_UNROLL=8 -DMBAR_EARLY=1 -DSTAGGER_CYCLES=160 -DSUB_MMA_UNROLL=3 -DW0_LOOP_UNROLL=1 ... 0.684 ms / 1600 TFLOPS  (196 regs, 3.0s)
[252/540] -DCVT_ADD_FUSED=0 -DK_LOOP_UNROLL=8 -DMBAR_EARLY=1 -DSTAGGER_CYCLES=160 -DSUB_MMA_UNROLL=3 -DW0_LOOP_UNROLL=4 ... 0.527 ms / 2077 TFLOPS  (211 regs, 3.0s)
[253/540] -DCVT_ADD_FUSED=0 -DK_LOOP_UNROLL=8 -DMBAR_EARLY=1 -DPHASE1_UNROLL=4 -DSNAKE_ORDER=0 -DSTAGGER_CYCLES=160 ... 0.537 ms / 2038 TFLOPS  (255 regs, 3.1s)
[254/540] -DCVT_ADD_FUSED=0 -DK_LOOP_UNROLL=8 -DMBAR_EARLY=1 -DPHASE1_UNROLL=4 -DSNAKE_ORDER=0 -DSTAGGER_CYCLES=160 -DW0_LOOP_UNROLL=1 ... 0.688 ms / 1591 TFLOPS  (244 regs, 3.1s)
[255/540] -DCVT_ADD_FUSED=0 -DK_LOOP_UNROLL=8 -DMBAR_EARLY=1 -DPHASE1_UNROLL=4 -DSNAKE_ORDER=0 -DSTAGGER_CYCLES=160 -DW0_LOOP_UNROLL=4 ... 0.541 ms / 2024 TFLOPS  (255 regs, 3.0s)
[256/540] -DCVT_ADD_FUSED=0 -DK_LOOP_UNROLL=8 -DMBAR_EARLY=1 -DPHASE1_UNROLL=4 -DSNAKE_ORDER=0 -DSTAGGER_CYCLES=160 -DSUB_MMA_UNROLL=1 ... 0.538 ms / 2034 TFLOPS  (214 regs, 3.1s)
[257/540] -DCVT_ADD_FUSED=0 -DK_LOOP_UNROLL=8 -DMBAR_EARLY=1 -DPHASE1_UNROLL=4 -DSNAKE_ORDER=0 -DSTAGGER_CYCLES=160 -DSUB_MMA_UNROLL=1 -DW0_LOOP_UNROLL=1 ... 0.696 ms / 1572 TFLOPS  (200 regs, 3.0s)
[258/540] -DCVT_ADD_FUSED=0 -DK_LOOP_UNROLL=8 -DMBAR_EARLY=1 -DPHASE1_UNROLL=4 -DSNAKE_ORDER=0 -DSTAGGER_CYCLES=160 -DSUB_MMA_UNROLL=1 -DW0_LOOP_UNROLL=4 ... 0.542 ms / 2022 TFLOPS  (214 regs, 3.0s)
[259/540] -DCVT_ADD_FUSED=0 -DK_LOOP_UNROLL=8 -DMBAR_EARLY=1 -DPHASE1_UNROLL=4 -DSNAKE_ORDER=0 -DSTAGGER_CYCLES=160 -DSUB_MMA_UNROLL=3 ... 0.536 ms / 2043 TFLOPS  (255 regs, 3.0s)
[260/540] -DCVT_ADD_FUSED=0 -DK_LOOP_UNROLL=8 -DMBAR_EARLY=1 -DPHASE1_UNROLL=4 -DSNAKE_ORDER=0 -DSTAGGER_CYCLES=160 -DSUB_MMA_UNROLL=3 -DW0_LOOP_UNROLL=1 ... 0.691 ms / 1584 TFLOPS  (244 regs, 3.0s)
[261/540] -DCVT_ADD_FUSED=0 -DK_LOOP_UNROLL=8 -DMBAR_EARLY=1 -DPHASE1_UNROLL=4 -DSNAKE_ORDER=0 -DSTAGGER_CYCLES=160 -DSUB_MMA_UNROLL=3 -DW0_LOOP_UNROLL=4 ... 0.545 ms / 2010 TFLOPS  (255 regs, 3.0s)
[262/540] -DCVT_ADD_FUSED=0 -DK_LOOP_UNROLL=8 -DMBAR_EARLY=1 -DPHASE1_UNROLL=4 -DSTAGGER_CYCLES=160 ... 0.530 ms / 2064 TFLOPS  (255 regs, 3.0s)
[263/540] -DCVT_ADD_FUSED=0 -DK_LOOP_UNROLL=8 -DMBAR_EARLY=1 -DPHASE1_UNROLL=4 -DSTAGGER_CYCLES=160 -DW0_LOOP_UNROLL=1 ... 0.687 ms / 1595 TFLOPS  (244 regs, 3.1s)
[264/540] -DCVT_ADD_FUSED=0 -DK_LOOP_UNROLL=8 -DMBAR_EARLY=1 -DPHASE1_UNROLL=4 -DSTAGGER_CYCLES=160 -DW0_LOOP_UNROLL=4 ... 0.529 ms / 2069 TFLOPS  (255 regs, 3.0s)
[265/540] -DCVT_ADD_FUSED=0 -DK_LOOP_UNROLL=8 -DMBAR_EARLY=1 -DPHASE1_UNROLL=4 -DSTAGGER_CYCLES=160 -DSUB_MMA_UNROLL=1 ... 0.528 ms / 2073 TFLOPS  (214 regs, 3.0s)
[266/540] -DCVT_ADD_FUSED=0 -DK_LOOP_UNROLL=8 -DMBAR_EARLY=1 -DPHASE1_UNROLL=4 -DSTAGGER_CYCLES=160 -DSUB_MMA_UNROLL=1 -DW0_LOOP_UNROLL=1 ... 0.685 ms / 1598 TFLOPS  (200 regs, 3.0s)
[267/540] -DCVT_ADD_FUSED=0 -DK_LOOP_UNROLL=8 -DMBAR_EARLY=1 -DPHASE1_UNROLL=4 -DSTAGGER_CYCLES=160 -DSUB_MMA_UNROLL=1 -DW0_LOOP_UNROLL=4 ... 0.528 ms / 2072 TFLOPS  (214 regs, 3.0s)
[268/540] -DCVT_ADD_FUSED=0 -DK_LOOP_UNROLL=8 -DMBAR_EARLY=1 -DPHASE1_UNROLL=4 -DSTAGGER_CYCLES=160 -DSUB_MMA_UNROLL=3 ... 0.529 ms / 2070 TFLOPS  (255 regs, 3.0s)
[269/540] -DCVT_ADD_FUSED=0 -DK_LOOP_UNROLL=8 -DMBAR_EARLY=1 -DPHASE1_UNROLL=4 -DSTAGGER_CYCLES=160 -DSUB_MMA_UNROLL=3 -DW0_LOOP_UNROLL=1 ... 0.692 ms / 1582 TFLOPS  (244 regs, 3.1s)
[270/540] -DCVT_ADD_FUSED=0 -DK_LOOP_UNROLL=8 -DMBAR_EARLY=1 -DPHASE1_UNROLL=4 -DSTAGGER_CYCLES=160 -DSUB_MMA_UNROLL=3 -DW0_LOOP_UNROLL=4 ... 0.529 ms / 2069 TFLOPS  (255 regs, 3.1s)
[271/540] -DK_LOOP_UNROLL=1 -DMBAR_EARLY=1 -DPHASE1_UNROLL=1 -DSNAKE_ORDER=0 -DSTAGGER_CYCLES=160 ... 0.669 ms / 1638 TFLOPS  (130 regs, 2.8s)
[272/540] -DK_LOOP_UNROLL=1 -DMBAR_EARLY=1 -DPHASE1_UNROLL=1 -DSNAKE_ORDER=0 -DSTAGGER_CYCLES=160 -DW0_LOOP_UNROLL=1 ... 0.764 ms / 1434 TFLOPS  (111 regs, 2.8s)
[273/540] -DK_LOOP_UNROLL=1 -DMBAR_EARLY=1 -DPHASE1_UNROLL=1 -DSNAKE_ORDER=0 -DSTAGGER_CYCLES=160 -DW0_LOOP_UNROLL=4 ... 0.663 ms / 1653 TFLOPS  (130 regs, 2.8s)
[274/540] -DK_LOOP_UNROLL=1 -DMBAR_EARLY=1 -DPHASE1_UNROLL=1 -DSNAKE_ORDER=0 -DSTAGGER_CYCLES=160 -DSUB_MMA_UNROLL=1 ... 0.697 ms / 1572 TFLOPS  (125 regs, 2.9s)
[275/540] -DK_LOOP_UNROLL=1 -DMBAR_EARLY=1 -DPHASE1_UNROLL=1 -DSNAKE_ORDER=0 -DSTAGGER_CYCLES=160 -DSUB_MMA_UNROLL=1 -DW0_LOOP_UNROLL=1 ... 0.783 ms / 1398 TFLOPS  (105 regs, 2.8s)
[276/540] -DK_LOOP_UNROLL=1 -DMBAR_EARLY=1 -DPHASE1_UNROLL=1 -DSNAKE_ORDER=0 -DSTAGGER_CYCLES=160 -DSUB_MMA_UNROLL=1 -DW0_LOOP_UNROLL=4 ... 0.704 ms / 1557 TFLOPS  (125 regs, 2.9s)
[277/540] -DK_LOOP_UNROLL=1 -DMBAR_EARLY=1 -DPHASE1_UNROLL=1 -DSNAKE_ORDER=0 -DSTAGGER_CYCLES=160 -DSUB_MMA_UNROLL=3 ... 0.668 ms / 1640 TFLOPS  (130 regs, 2.9s)
[278/540] -DK_LOOP_UNROLL=1 -DMBAR_EARLY=1 -DPHASE1_UNROLL=1 -DSNAKE_ORDER=0 -DSTAGGER_CYCLES=160 -DSUB_MMA_UNROLL=3 -DW0_LOOP_UNROLL=1 ... 0.780 ms / 1405 TFLOPS  (111 regs, 2.9s)
[279/540] -DK_LOOP_UNROLL=1 -DMBAR_EARLY=1 -DPHASE1_UNROLL=1 -DSNAKE_ORDER=0 -DSTAGGER_CYCLES=160 -DSUB_MMA_UNROLL=3 -DW0_LOOP_UNROLL=4 ... 0.665 ms / 1647 TFLOPS  (130 regs, 2.9s)
[280/540] -DK_LOOP_UNROLL=1 -DMBAR_EARLY=1 -DPHASE1_UNROLL=1 -DSTAGGER_CYCLES=160 ... 0.666 ms / 1645 TFLOPS  (130 regs, 2.8s)
[281/540] -DK_LOOP_UNROLL=1 -DMBAR_EARLY=1 -DPHASE1_UNROLL=1 -DSTAGGER_CYCLES=160 -DW0_LOOP_UNROLL=1 ... 0.775 ms / 1413 TFLOPS  (111 regs, 2.9s)
[282/540] -DK_LOOP_UNROLL=1 -DMBAR_EARLY=1 -DPHASE1_UNROLL=1 -DSTAGGER_CYCLES=160 -DW0_LOOP_UNROLL=4 ... 0.669 ms / 1637 TFLOPS  (130 regs, 2.9s)
[283/540] -DK_LOOP_UNROLL=1 -DMBAR_EARLY=1 -DPHASE1_UNROLL=1 -DSTAGGER_CYCLES=160 -DSUB_MMA_UNROLL=1 ... 0.695 ms / 1577 TFLOPS  (125 regs, 2.8s)
[284/540] -DK_LOOP_UNROLL=1 -DMBAR_EARLY=1 -DPHASE1_UNROLL=1 -DSTAGGER_CYCLES=160 -DSUB_MMA_UNROLL=1 -DW0_LOOP_UNROLL=1 ... 0.779 ms / 1405 TFLOPS  (105 regs, 2.9s)
[285/540] -DK_LOOP_UNROLL=1 -DMBAR_EARLY=1 -DPHASE1_UNROLL=1 -DSTAGGER_CYCLES=160 -DSUB_MMA_UNROLL=1 -DW0_LOOP_UNROLL=4 ... 0.703 ms / 1557 TFLOPS  (125 regs, 2.9s)
[286/540] -DK_LOOP_UNROLL=1 -DMBAR_EARLY=1 -DPHASE1_UNROLL=1 -DSTAGGER_CYCLES=160 -DSUB_MMA_UNROLL=3 ... 0.667 ms / 1641 TFLOPS  (130 regs, 2.9s)
[287/540] -DK_LOOP_UNROLL=1 -DMBAR_EARLY=1 -DPHASE1_UNROLL=1 -DSTAGGER_CYCLES=160 -DSUB_MMA_UNROLL=3 -DW0_LOOP_UNROLL=1 ... 0.760 ms / 1441 TFLOPS  (111 regs, 2.8s)
[288/540] -DK_LOOP_UNROLL=1 -DMBAR_EARLY=1 -DPHASE1_UNROLL=1 -DSTAGGER_CYCLES=160 -DSUB_MMA_UNROLL=3 -DW0_LOOP_UNROLL=4 ... 0.665 ms / 1646 TFLOPS  (130 regs, 2.9s)
[289/540] -DK_LOOP_UNROLL=1 -DMBAR_EARLY=1 -DSNAKE_ORDER=0 -DSTAGGER_CYCLES=160 ... 0.666 ms / 1645 TFLOPS  (163 regs, 2.9s)
[290/540] -DK_LOOP_UNROLL=1 -DMBAR_EARLY=1 -DSNAKE_ORDER=0 -DSTAGGER_CYCLES=160 -DW0_LOOP_UNROLL=1 ... 0.769 ms / 1424 TFLOPS  (145 regs, 2.9s)
[291/540] -DK_LOOP_UNROLL=1 -DMBAR_EARLY=1 -DSNAKE_ORDER=0 -DSTAGGER_CYCLES=160 -DW0_LOOP_UNROLL=4 ... 0.670 ms / 1634 TFLOPS  (163 regs, 3.0s)
[292/540] -DK_LOOP_UNROLL=1 -DMBAR_EARLY=1 -DSNAKE_ORDER=0 -DSTAGGER_CYCLES=160 -DSUB_MMA_UNROLL=1 ... 0.702 ms / 1560 TFLOPS  (155 regs, 2.9s)
[293/540] -DK_LOOP_UNROLL=1 -DMBAR_EARLY=1 -DSNAKE_ORDER=0 -DSTAGGER_CYCLES=160 -DSUB_MMA_UNROLL=1 -DW0_LOOP_UNROLL=1 ... 0.778 ms / 1407 TFLOPS  (137 regs, 3.0s)
[294/540] -DK_LOOP_UNROLL=1 -DMBAR_EARLY=1 -DSNAKE_ORDER=0 -DSTAGGER_CYCLES=160 -DSUB_MMA_UNROLL=1 -DW0_LOOP_UNROLL=4 ... 0.705 ms / 1554 TFLOPS  (155 regs, 2.9s)
[295/540] -DK_LOOP_UNROLL=1 -DMBAR_EARLY=1 -DSNAKE_ORDER=0 -DSTAGGER_CYCLES=160 -DSUB_MMA_UNROLL=3 ... 0.665 ms / 1647 TFLOPS  (163 regs, 2.9s)
[296/540] -DK_LOOP_UNROLL=1 -DMBAR_EARLY=1 -DSNAKE_ORDER=0 -DSTAGGER_CYCLES=160 -DSUB_MMA_UNROLL=3 -DW0_LOOP_UNROLL=1 ... 0.770 ms / 1421 TFLOPS  (145 regs, 2.8s)
[297/540] -DK_LOOP_UNROLL=1 -DMBAR_EARLY=1 -DSNAKE_ORDER=0 -DSTAGGER_CYCLES=160 -DSUB_MMA_UNROLL=3 -DW0_LOOP_UNROLL=4 ... 0.661 ms / 1656 TFLOPS  (163 regs, 2.9s)
[298/540] -DK_LOOP_UNROLL=1 -DMBAR_EARLY=1 -DSTAGGER_CYCLES=160 ... 0.665 ms / 1647 TFLOPS  (163 regs, 2.9s)
[299/540] -DK_LOOP_UNROLL=1 -DMBAR_EARLY=1 -DSTAGGER_CYCLES=160 -DW0_LOOP_UNROLL=1 ... 0.755 ms / 1451 TFLOPS  (145 regs, 2.9s)
[300/540] -DK_LOOP_UNROLL=1 -DMBAR_EARLY=1 -DSTAGGER_CYCLES=160 -DW0_LOOP_UNROLL=4 ... 0.673 ms / 1628 TFLOPS  (163 regs, 2.9s)
[301/540] -DK_LOOP_UNROLL=1 -DMBAR_EARLY=1 -DSTAGGER_CYCLES=160 -DSUB_MMA_UNROLL=1 ... 0.710 ms / 1542 TFLOPS  (155 regs, 2.9s)
[302/540] -DK_LOOP_UNROLL=1 -DMBAR_EARLY=1 -DSTAGGER_CYCLES=160 -DSUB_MMA_UNROLL=1 -DW0_LOOP_UNROLL=1 ... 0.781 ms / 1403 TFLOPS  (137 regs, 2.9s)
[303/540] -DK_LOOP_UNROLL=1 -DMBAR_EARLY=1 -DSTAGGER_CYCLES=160 -DSUB_MMA_UNROLL=1 -DW0_LOOP_UNROLL=4 ... 0.713 ms / 1536 TFLOPS  (155 regs, 2.9s)
[304/540] -DK_LOOP_UNROLL=1 -DMBAR_EARLY=1 -DSTAGGER_CYCLES=160 -DSUB_MMA_UNROLL=3 ... 0.660 ms / 1658 TFLOPS  (163 regs, 2.9s)
[305/540] -DK_LOOP_UNROLL=1 -DMBAR_EARLY=1 -DSTAGGER_CYCLES=160 -DSUB_MMA_UNROLL=3 -DW0_LOOP_UNROLL=1 ... 0.756 ms / 1448 TFLOPS  (145 regs, 2.9s)
[306/540] -DK_LOOP_UNROLL=1 -DMBAR_EARLY=1 -DSTAGGER_CYCLES=160 -DSUB_MMA_UNROLL=3 -DW0_LOOP_UNROLL=4 ... 0.667 ms / 1641 TFLOPS  (163 regs, 2.9s)
[307/540] -DK_LOOP_UNROLL=1 -DMBAR_EARLY=1 -DPHASE1_UNROLL=4 -DSNAKE_ORDER=0 -DSTAGGER_CYCLES=160 ... 0.678 ms / 1615 TFLOPS  (212 regs, 3.0s)
[308/540] -DK_LOOP_UNROLL=1 -DMBAR_EARLY=1 -DPHASE1_UNROLL=4 -DSNAKE_ORDER=0 -DSTAGGER_CYCLES=160 -DW0_LOOP_UNROLL=1 ... 0.760 ms / 1440 TFLOPS  (192 regs, 3.0s)
[309/540] -DK_LOOP_UNROLL=1 -DMBAR_EARLY=1 -DPHASE1_UNROLL=4 -DSNAKE_ORDER=0 -DSTAGGER_CYCLES=160 -DW0_LOOP_UNROLL=4 ... 0.661 ms / 1656 TFLOPS  (212 regs, 3.0s)
[310/540] -DK_LOOP_UNROLL=1 -DMBAR_EARLY=1 -DPHASE1_UNROLL=4 -DSNAKE_ORDER=0 -DSTAGGER_CYCLES=160 -DSUB_MMA_UNROLL=1 ... 0.705 ms / 1552 TFLOPS  (204 regs, 3.0s)
[311/540] -DK_LOOP_UNROLL=1 -DMBAR_EARLY=1 -DPHASE1_UNROLL=4 -DSNAKE_ORDER=0 -DSTAGGER_CYCLES=160 -DSUB_MMA_UNROLL=1 -DW0_LOOP_UNROLL=1 ... 0.798 ms / 1372 TFLOPS  (184 regs, 2.9s)
[312/540] -DK_LOOP_UNROLL=1 -DMBAR_EARLY=1 -DPHASE1_UNROLL=4 -DSNAKE_ORDER=0 -DSTAGGER_CYCLES=160 -DSUB_MMA_UNROLL=1 -DW0_LOOP_UNROLL=4 ... 0.704 ms / 1555 TFLOPS  (204 regs, 2.9s)
[313/540] -DK_LOOP_UNROLL=1 -DMBAR_EARLY=1 -DPHASE1_UNROLL=4 -DSNAKE_ORDER=0 -DSTAGGER_CYCLES=160 -DSUB_MMA_UNROLL=3 ... 0.676 ms / 1620 TFLOPS  (212 regs, 3.0s)
[314/540] -DK_LOOP_UNROLL=1 -DMBAR_EARLY=1 -DPHASE1_UNROLL=4 -DSNAKE_ORDER=0 -DSTAGGER_CYCLES=160 -DSUB_MMA_UNROLL=3 -DW0_LOOP_UNROLL=1 ... 0.782 ms / 1401 TFLOPS  (192 regs, 3.0s)
[315/540] -DK_LOOP_UNROLL=1 -DMBAR_EARLY=1 -DPHASE1_UNROLL=4 -DSNAKE_ORDER=0 -DSTAGGER_CYCLES=160 -DSUB_MMA_UNROLL=3 -DW0_LOOP_UNROLL=4 ... 0.678 ms / 1616 TFLOPS  (212 regs, 3.0s)
[316/540] -DK_LOOP_UNROLL=1 -DMBAR_EARLY=1 -DPHASE1_UNROLL=4 -DSTAGGER_CYCLES=160 ... 0.673 ms / 1628 TFLOPS  (212 regs, 3.0s)
[317/540] -DK_LOOP_UNROLL=1 -DMBAR_EARLY=1 -DPHASE1_UNROLL=4 -DSTAGGER_CYCLES=160 -DW0_LOOP_UNROLL=1 ... 0.760 ms / 1441 TFLOPS  (192 regs, 3.0s)
[318/540] -DK_LOOP_UNROLL=1 -DMBAR_EARLY=1 -DPHASE1_UNROLL=4 -DSTAGGER_CYCLES=160 -DW0_LOOP_UNROLL=4 ... 0.674 ms / 1625 TFLOPS  (212 regs, 3.0s)
[319/540] -DK_LOOP_UNROLL=1 -DMBAR_EARLY=1 -DPHASE1_UNROLL=4 -DSTAGGER_CYCLES=160 -DSUB_MMA_UNROLL=1 ... 0.714 ms / 1534 TFLOPS  (204 regs, 3.0s)
[320/540] -DK_LOOP_UNROLL=1 -DMBAR_EARLY=1 -DPHASE1_UNROLL=4 -DSTAGGER_CYCLES=160 -DSUB_MMA_UNROLL=1 -DW0_LOOP_UNROLL=1 ... 0.788 ms / 1390 TFLOPS  (184 regs, 3.0s)
[321/540] -DK_LOOP_UNROLL=1 -DMBAR_EARLY=1 -DPHASE1_UNROLL=4 -DSTAGGER_CYCLES=160 -DSUB_MMA_UNROLL=1 -DW0_LOOP_UNROLL=4 ... 0.711 ms / 1539 TFLOPS  (204 regs, 3.0s)
[322/540] -DK_LOOP_UNROLL=1 -DMBAR_EARLY=1 -DPHASE1_UNROLL=4 -DSTAGGER_CYCLES=160 -DSUB_MMA_UNROLL=3 ... 0.675 ms / 1623 TFLOPS  (212 regs, 3.0s)
[323/540] -DK_LOOP_UNROLL=1 -DMBAR_EARLY=1 -DPHASE1_UNROLL=4 -DSTAGGER_CYCLES=160 -DSUB_MMA_UNROLL=3 -DW0_LOOP_UNROLL=1 ... 0.767 ms / 1427 TFLOPS  (192 regs, 3.0s)
[324/540] -DK_LOOP_UNROLL=1 -DMBAR_EARLY=1 -DPHASE1_UNROLL=4 -DSTAGGER_CYCLES=160 -DSUB_MMA_UNROLL=3 -DW0_LOOP_UNROLL=4 ... 0.670 ms / 1634 TFLOPS  (212 regs, 3.0s)
[325/540] -DK_LOOP_UNROLL=2 -DMBAR_EARLY=1 -DPHASE1_UNROLL=1 -DSNAKE_ORDER=0 -DSTAGGER_CYCLES=160 ... 0.666 ms / 1644 TFLOPS  (130 regs, 2.9s)
[326/540] -DK_LOOP_UNROLL=2 -DMBAR_EARLY=1 -DPHASE1_UNROLL=1 -DSNAKE_ORDER=0 -DSTAGGER_CYCLES=160 -DW0_LOOP_UNROLL=1 ... 0.771 ms / 1420 TFLOPS  (111 regs, 2.9s)
[327/540] -DK_LOOP_UNROLL=2 -DMBAR_EARLY=1 -DPHASE1_UNROLL=1 -DSNAKE_ORDER=0 -DSTAGGER_CYCLES=160 -DW0_LOOP_UNROLL=4 ... 0.658 ms / 1664 TFLOPS  (130 regs, 2.9s)
[328/540] -DK_LOOP_UNROLL=2 -DMBAR_EARLY=1 -DPHASE1_UNROLL=1 -DSNAKE_ORDER=0 -DSTAGGER_CYCLES=160 -DSUB_MMA_UNROLL=1 ... 0.700 ms / 1564 TFLOPS  (125 regs, 2.9s)
[329/540] -DK_LOOP_UNROLL=2 -DMBAR_EARLY=1 -DPHASE1_UNROLL=1 -DSNAKE_ORDER=0 -DSTAGGER_CYCLES=160 -DSUB_MMA_UNROLL=1 -DW0_LOOP_UNROLL=1 ... 0.776 ms / 1411 TFLOPS  (105 regs, 2.9s)
[330/540] -DK_LOOP_UNROLL=2 -DMBAR_EARLY=1 -DPHASE1_UNROLL=1 -DSNAKE_ORDER=0 -DSTAGGER_CYCLES=160 -DSUB_MMA_UNROLL=1 -DW0_LOOP_UNROLL=4 ... 0.698 ms / 1568 TFLOPS  (125 regs, 2.9s)
[331/540] -DK_LOOP_UNROLL=2 -DMBAR_EARLY=1 -DPHASE1_UNROLL=1 -DSNAKE_ORDER=0 -DSTAGGER_CYCLES=160 -DSUB_MMA_UNROLL=3 ... 0.665 ms / 1646 TFLOPS  (130 regs, 2.8s)
[332/540] -DK_LOOP_UNROLL=2 -DMBAR_EARLY=1 -DPHASE1_UNROLL=1 -DSNAKE_ORDER=0 -DSTAGGER_CYCLES=160 -DSUB_MMA_UNROLL=3 -DW0_LOOP_UNROLL=1 ... 0.762 ms / 1437 TFLOPS  (111 regs, 2.9s)
[333/540] -DK_LOOP_UNROLL=2 -DMBAR_EARLY=1 -DPHASE1_UNROLL=1 -DSNAKE_ORDER=0 -DSTAGGER_CYCLES=160 -DSUB_MMA_UNROLL=3 -DW0_LOOP_UNROLL=4 ... 0.660 ms / 1660 TFLOPS  (130 regs, 2.9s)
[334/540] -DK_LOOP_UNROLL=2 -DMBAR_EARLY=1 -DPHASE1_UNROLL=1 -DSTAGGER_CYCLES=160 ... 0.668 ms / 1639 TFLOPS  (130 regs, 2.9s)
[335/540] -DK_LOOP_UNROLL=2 -DMBAR_EARLY=1 -DPHASE1_UNROLL=1 -DSTAGGER_CYCLES=160 -DW0_LOOP_UNROLL=1 ... 0.764 ms / 1433 TFLOPS  (111 regs, 2.9s)
[336/540] -DK_LOOP_UNROLL=2 -DMBAR_EARLY=1 -DPHASE1_UNROLL=1 -DSTAGGER_CYCLES=160 -DW0_LOOP_UNROLL=4 ... 0.662 ms / 1653 TFLOPS  (130 regs, 2.9s)
[337/540] -DK_LOOP_UNROLL=2 -DMBAR_EARLY=1 -DPHASE1_UNROLL=1 -DSTAGGER_CYCLES=160 -DSUB_MMA_UNROLL=1 ... 0.699 ms / 1566 TFLOPS  (125 regs, 2.9s)
[338/540] -DK_LOOP_UNROLL=2 -DMBAR_EARLY=1 -DPHASE1_UNROLL=1 -DSTAGGER_CYCLES=160 -DSUB_MMA_UNROLL=1 -DW0_LOOP_UNROLL=1 ... 0.781 ms / 1402 TFLOPS  (105 regs, 2.9s)
[339/540] -DK_LOOP_UNROLL=2 -DMBAR_EARLY=1 -DPHASE1_UNROLL=1 -DSTAGGER_CYCLES=160 -DSUB_MMA_UNROLL=1 -DW0_LOOP_UNROLL=4 ... 0.693 ms / 1580 TFLOPS  (125 regs, 2.8s)
[340/540] -DK_LOOP_UNROLL=2 -DMBAR_EARLY=1 -DPHASE1_UNROLL=1 -DSTAGGER_CYCLES=160 -DSUB_MMA_UNROLL=3 ... 0.667 ms / 1640 TFLOPS  (130 regs, 2.9s)
[341/540] -DK_LOOP_UNROLL=2 -DMBAR_EARLY=1 -DPHASE1_UNROLL=1 -DSTAGGER_CYCLES=160 -DSUB_MMA_UNROLL=3 -DW0_LOOP_UNROLL=1 ... 0.763 ms / 1434 TFLOPS  (111 regs, 2.9s)
[342/540] -DK_LOOP_UNROLL=2 -DMBAR_EARLY=1 -DPHASE1_UNROLL=1 -DSTAGGER_CYCLES=160 -DSUB_MMA_UNROLL=3 -DW0_LOOP_UNROLL=4 ... 0.662 ms / 1653 TFLOPS  (130 regs, 2.8s)
[343/540] -DK_LOOP_UNROLL=2 -DMBAR_EARLY=1 -DSNAKE_ORDER=0 -DSTAGGER_CYCLES=160 ... 0.662 ms / 1655 TFLOPS  (163 regs, 2.9s)
[344/540] -DK_LOOP_UNROLL=2 -DMBAR_EARLY=1 -DSNAKE_ORDER=0 -DSTAGGER_CYCLES=160 -DW0_LOOP_UNROLL=1 ... 0.773 ms / 1417 TFLOPS  (145 regs, 2.9s)
[345/540] -DK_LOOP_UNROLL=2 -DMBAR_EARLY=1 -DSNAKE_ORDER=0 -DSTAGGER_CYCLES=160 -DW0_LOOP_UNROLL=4 ... 0.669 ms / 1637 TFLOPS  (163 regs, 3.0s)
[346/540] -DK_LOOP_UNROLL=2 -DMBAR_EARLY=1 -DSNAKE_ORDER=0 -DSTAGGER_CYCLES=160 -DSUB_MMA_UNROLL=1 ... 0.701 ms / 1562 TFLOPS  (155 regs, 2.9s)
[347/540] -DK_LOOP_UNROLL=2 -DMBAR_EARLY=1 -DSNAKE_ORDER=0 -DSTAGGER_CYCLES=160 -DSUB_MMA_UNROLL=1 -DW0_LOOP_UNROLL=1 ... 0.786 ms / 1394 TFLOPS  (137 regs, 2.8s)
[348/540] -DK_LOOP_UNROLL=2 -DMBAR_EARLY=1 -DSNAKE_ORDER=0 -DSTAGGER_CYCLES=160 -DSUB_MMA_UNROLL=1 -DW0_LOOP_UNROLL=4 ... 0.704 ms / 1555 TFLOPS  (155 regs, 2.9s)
[349/540] -DK_LOOP_UNROLL=2 -DMBAR_EARLY=1 -DSNAKE_ORDER=0 -DSTAGGER_CYCLES=160 -DSUB_MMA_UNROLL=3 ... 0.668 ms / 1639 TFLOPS  (163 regs, 2.9s)
[350/540] -DK_LOOP_UNROLL=2 -DMBAR_EARLY=1 -DSNAKE_ORDER=0 -DSTAGGER_CYCLES=160 -DSUB_MMA_UNROLL=3 -DW0_LOOP_UNROLL=1 ... 0.762 ms / 1437 TFLOPS  (145 regs, 2.9s)
[351/540] -DK_LOOP_UNROLL=2 -DMBAR_EARLY=1 -DSNAKE_ORDER=0 -DSTAGGER_CYCLES=160 -DSUB_MMA_UNROLL=3 -DW0_LOOP_UNROLL=4 ... 0.663 ms / 1652 TFLOPS  (163 regs, 2.9s)
[352/540] -DK_LOOP_UNROLL=2 -DMBAR_EARLY=1 -DSTAGGER_CYCLES=160 ... 0.665 ms / 1647 TFLOPS  (163 regs, 2.9s)
[353/540] -DK_LOOP_UNROLL=2 -DMBAR_EARLY=1 -DSTAGGER_CYCLES=160 -DW0_LOOP_UNROLL=1 ... 0.765 ms / 1432 TFLOPS  (145 regs, 2.9s)
[354/540] -DK_LOOP_UNROLL=2 -DMBAR_EARLY=1 -DSTAGGER_CYCLES=160 -DW0_LOOP_UNROLL=4 ... 0.661 ms / 1656 TFLOPS  (163 regs, 2.9s)
[355/540] -DK_LOOP_UNROLL=2 -DMBAR_EARLY=1 -DSTAGGER_CYCLES=160 -DSUB_MMA_UNROLL=1 ... 0.703 ms / 1558 TFLOPS  (155 regs, 3.0s)
[356/540] -DK_LOOP_UNROLL=2 -DMBAR_EARLY=1 -DSTAGGER_CYCLES=160 -DSUB_MMA_UNROLL=1 -DW0_LOOP_UNROLL=1 ... 0.780 ms / 1405 TFLOPS  (137 regs, 2.9s)
[357/540] -DK_LOOP_UNROLL=2 -DMBAR_EARLY=1 -DSTAGGER_CYCLES=160 -DSUB_MMA_UNROLL=1 -DW0_LOOP_UNROLL=4 ... 0.713 ms / 1535 TFLOPS  (155 regs, 2.9s)
[358/540] -DK_LOOP_UNROLL=2 -DMBAR_EARLY=1 -DSTAGGER_CYCLES=160 -DSUB_MMA_UNROLL=3 ... 0.668 ms / 1640 TFLOPS  (163 regs, 2.9s)
[359/540] -DK_LOOP_UNROLL=2 -DMBAR_EARLY=1 -DSTAGGER_CYCLES=160 -DSUB_MMA_UNROLL=3 -DW0_LOOP_UNROLL=1 ... 0.762 ms / 1437 TFLOPS  (145 regs, 2.9s)
[360/540] -DK_LOOP_UNROLL=2 -DMBAR_EARLY=1 -DSTAGGER_CYCLES=160 -DSUB_MMA_UNROLL=3 -DW0_LOOP_UNROLL=4 ... 0.673 ms / 1626 TFLOPS  (163 regs, 3.0s)
[361/540] -DK_LOOP_UNROLL=2 -DMBAR_EARLY=1 -DPHASE1_UNROLL=4 -DSNAKE_ORDER=0 -DSTAGGER_CYCLES=160 ... 0.674 ms / 1624 TFLOPS  (212 regs, 3.0s)
[362/540] -DK_LOOP_UNROLL=2 -DMBAR_EARLY=1 -DPHASE1_UNROLL=4 -DSNAKE_ORDER=0 -DSTAGGER_CYCLES=160 -DW0_LOOP_UNROLL=1 ... 0.780 ms / 1404 TFLOPS  (192 regs, 2.9s)
[363/540] -DK_LOOP_UNROLL=2 -DMBAR_EARLY=1 -DPHASE1_UNROLL=4 -DSNAKE_ORDER=0 -DSTAGGER_CYCLES=160 -DW0_LOOP_UNROLL=4 ... 0.674 ms / 1625 TFLOPS  (212 regs, 2.9s)
[364/540] -DK_LOOP_UNROLL=2 -DMBAR_EARLY=1 -DPHASE1_UNROLL=4 -DSNAKE_ORDER=0 -DSTAGGER_CYCLES=160 -DSUB_MMA_UNROLL=1 ... 0.696 ms / 1573 TFLOPS  (204 regs, 3.0s)
[365/540] -DK_LOOP_UNROLL=2 -DMBAR_EARLY=1 -DPHASE1_UNROLL=4 -DSNAKE_ORDER=0 -DSTAGGER_CYCLES=160 -DSUB_MMA_UNROLL=1 -DW0_LOOP_UNROLL=1 ... 0.797 ms / 1374 TFLOPS  (184 regs, 3.0s)
[366/540] -DK_LOOP_UNROLL=2 -DMBAR_EARLY=1 -DPHASE1_UNROLL=4 -DSNAKE_ORDER=0 -DSTAGGER_CYCLES=160 -DSUB_MMA_UNROLL=1 -DW0_LOOP_UNROLL=4 ... 0.711 ms / 1539 TFLOPS  (204 regs, 2.9s)
[367/540] -DK_LOOP_UNROLL=2 -DMBAR_EARLY=1 -DPHASE1_UNROLL=4 -DSNAKE_ORDER=0 -DSTAGGER_CYCLES=160 -DSUB_MMA_UNROLL=3 ... 0.671 ms / 1631 TFLOPS  (212 regs, 3.0s)
[368/540] -DK_LOOP_UNROLL=2 -DMBAR_EARLY=1 -DPHASE1_UNROLL=4 -DSNAKE_ORDER=0 -DSTAGGER_CYCLES=160 -DSUB_MMA_UNROLL=3 -DW0_LOOP_UNROLL=1 ... 0.776 ms / 1411 TFLOPS  (192 regs, 3.0s)
[369/540] -DK_LOOP_UNROLL=2 -DMBAR_EARLY=1 -DPHASE1_UNROLL=4 -DSNAKE_ORDER=0 -DSTAGGER_CYCLES=160 -DSUB_MMA_UNROLL=3 -DW0_LOOP_UNROLL=4 ... 0.672 ms / 1630 TFLOPS  (212 regs, 3.0s)
[370/540] -DK_LOOP_UNROLL=2 -DMBAR_EARLY=1 -DPHASE1_UNROLL=4 -DSTAGGER_CYCLES=160 ... 0.678 ms / 1615 TFLOPS  (212 regs, 3.0s)
[371/540] -DK_LOOP_UNROLL=2 -DMBAR_EARLY=1 -DPHASE1_UNROLL=4 -DSTAGGER_CYCLES=160 -DW0_LOOP_UNROLL=1 ... 0.761 ms / 1439 TFLOPS  (192 regs, 3.1s)
[372/540] -DK_LOOP_UNROLL=2 -DMBAR_EARLY=1 -DPHASE1_UNROLL=4 -DSTAGGER_CYCLES=160 -DW0_LOOP_UNROLL=4 ... 0.673 ms / 1627 TFLOPS  (212 regs, 3.0s)
[373/540] -DK_LOOP_UNROLL=2 -DMBAR_EARLY=1 -DPHASE1_UNROLL=4 -DSTAGGER_CYCLES=160 -DSUB_MMA_UNROLL=1 ... 0.701 ms / 1561 TFLOPS  (204 regs, 3.0s)
[374/540] -DK_LOOP_UNROLL=2 -DMBAR_EARLY=1 -DPHASE1_UNROLL=4 -DSTAGGER_CYCLES=160 -DSUB_MMA_UNROLL=1 -DW0_LOOP_UNROLL=1 ... 0.788 ms / 1390 TFLOPS  (184 regs, 3.0s)
[375/540] -DK_LOOP_UNROLL=2 -DMBAR_EARLY=1 -DPHASE1_UNROLL=4 -DSTAGGER_CYCLES=160 -DSUB_MMA_UNROLL=1 -DW0_LOOP_UNROLL=4 ... 0.710 ms / 1542 TFLOPS  (204 regs, 3.0s)
[376/540] -DK_LOOP_UNROLL=2 -DMBAR_EARLY=1 -DPHASE1_UNROLL=4 -DSTAGGER_CYCLES=160 -DSUB_MMA_UNROLL=3 ... 0.673 ms / 1626 TFLOPS  (212 regs, 3.0s)
[377/540] -DK_LOOP_UNROLL=2 -DMBAR_EARLY=1 -DPHASE1_UNROLL=4 -DSTAGGER_CYCLES=160 -DSUB_MMA_UNROLL=3 -DW0_LOOP_UNROLL=1 ... 0.768 ms / 1426 TFLOPS  (192 regs, 2.9s)
[378/540] -DK_LOOP_UNROLL=2 -DMBAR_EARLY=1 -DPHASE1_UNROLL=4 -DSTAGGER_CYCLES=160 -DSUB_MMA_UNROLL=3 -DW0_LOOP_UNROLL=4 ... 0.673 ms / 1626 TFLOPS  (212 regs, 3.0s)
[379/540] -DMBAR_EARLY=1 -DPHASE1_UNROLL=1 -DSNAKE_ORDER=0 -DSTAGGER_CYCLES=160 ... 0.747 ms / 1465 TFLOPS  (178 regs, 3.0s)
[380/540] -DMBAR_EARLY=1 -DPHASE1_UNROLL=1 -DSNAKE_ORDER=0 -DSTAGGER_CYCLES=160 -DW0_LOOP_UNROLL=1 ... 0.685 ms / 1600 TFLOPS  (164 regs, 2.8s)
[381/540] -DMBAR_EARLY=1 -DPHASE1_UNROLL=1 -DSNAKE_ORDER=0 -DSTAGGER_CYCLES=160 -DW0_LOOP_UNROLL=4 ... 0.745 ms / 1469 TFLOPS  (178 regs, 2.9s)
[382/540] -DMBAR_EARLY=1 -DPHASE1_UNROLL=1 -DSNAKE_ORDER=0 -DSTAGGER_CYCLES=160 -DSUB_MMA_UNROLL=1 ... 0.751 ms / 1458 TFLOPS  (134 regs, 2.9s)
[383/540] -DMBAR_EARLY=1 -DPHASE1_UNROLL=1 -DSNAKE_ORDER=0 -DSTAGGER_CYCLES=160 -DSUB_MMA_UNROLL=1 -DW0_LOOP_UNROLL=1 ... 0.682 ms / 1605 TFLOPS  (120 regs, 2.9s)
[384/540] -DMBAR_EARLY=1 -DPHASE1_UNROLL=1 -DSNAKE_ORDER=0 -DSTAGGER_CYCLES=160 -DSUB_MMA_UNROLL=1 -DW0_LOOP_UNROLL=4 ... 0.757 ms / 1447 TFLOPS  (134 regs, 2.9s)
[385/540] -DMBAR_EARLY=1 -DPHASE1_UNROLL=1 -DSNAKE_ORDER=0 -DSTAGGER_CYCLES=160 -DSUB_MMA_UNROLL=3 ... 0.750 ms / 1460 TFLOPS  (178 regs, 2.9s)
[386/540] -DMBAR_EARLY=1 -DPHASE1_UNROLL=1 -DSNAKE_ORDER=0 -DSTAGGER_CYCLES=160 -DSUB_MMA_UNROLL=3 -DW0_LOOP_UNROLL=1 ... 0.681 ms / 1608 TFLOPS  (164 regs, 2.9s)
[387/540] -DMBAR_EARLY=1 -DPHASE1_UNROLL=1 -DSNAKE_ORDER=0 -DSTAGGER_CYCLES=160 -DSUB_MMA_UNROLL=3 -DW0_LOOP_UNROLL=4 ... 0.752 ms / 1457 TFLOPS  (178 regs, 2.9s)
[388/540] -DMBAR_EARLY=1 -DPHASE1_UNROLL=1 -DSTAGGER_CYCLES=160 ... 0.632 ms / 1733 TFLOPS  (178 regs, 2.9s)
[389/540] -DMBAR_EARLY=1 -DPHASE1_UNROLL=1 -DSTAGGER_CYCLES=160 -DW0_LOOP_UNROLL=1 ... 0.682 ms / 1606 TFLOPS  (164 regs, 2.9s)
[390/540] -DMBAR_EARLY=1 -DPHASE1_UNROLL=1 -DSTAGGER_CYCLES=160 -DW0_LOOP_UNROLL=4 ... 0.630 ms / 1737 TFLOPS  (178 regs, 2.9s)
[391/540] -DMBAR_EARLY=1 -DPHASE1_UNROLL=1 -DSTAGGER_CYCLES=160 -DSUB_MMA_UNROLL=1 ... 0.638 ms / 1715 TFLOPS  (134 regs, 2.9s)
[392/540] -DMBAR_EARLY=1 -DPHASE1_UNROLL=1 -DSTAGGER_CYCLES=160 -DSUB_MMA_UNROLL=1 -DW0_LOOP_UNROLL=1 ... 0.696 ms / 1573 TFLOPS  (120 regs, 2.9s)
[393/540] -DMBAR_EARLY=1 -DPHASE1_UNROLL=1 -DSTAGGER_CYCLES=160 -DSUB_MMA_UNROLL=1 -DW0_LOOP_UNROLL=4 ... 0.635 ms / 1726 TFLOPS  (134 regs, 2.9s)
[394/540] -DMBAR_EARLY=1 -DPHASE1_UNROLL=1 -DSTAGGER_CYCLES=160 -DSUB_MMA_UNROLL=3 ... 0.629 ms / 1740 TFLOPS  (178 regs, 2.8s)
[395/540] -DMBAR_EARLY=1 -DPHASE1_UNROLL=1 -DSTAGGER_CYCLES=160 -DSUB_MMA_UNROLL=3 -DW0_LOOP_UNROLL=1 ... 0.690 ms / 1587 TFLOPS  (164 regs, 3.0s)
[396/540] -DMBAR_EARLY=1 -DPHASE1_UNROLL=1 -DSTAGGER_CYCLES=160 -DSUB_MMA_UNROLL=3 -DW0_LOOP_UNROLL=4 ... 0.632 ms / 1733 TFLOPS  (178 regs, 2.9s)
[397/540] -DMBAR_EARLY=1 -DSNAKE_ORDER=0 -DSTAGGER_CYCLES=160 ... 0.564 ms / 1940 TFLOPS  (210 regs, 3.0s)
[398/540] -DMBAR_EARLY=1 -DSNAKE_ORDER=0 -DSTAGGER_CYCLES=160 -DW0_LOOP_UNROLL=1 ... 0.699 ms / 1567 TFLOPS  (196 regs, 3.0s)
[399/540] -DMBAR_EARLY=1 -DSNAKE_ORDER=0 -DSTAGGER_CYCLES=160 -DW0_LOOP_UNROLL=4 ... 0.563 ms / 1945 TFLOPS  (210 regs, 3.0s)
[400/540] -DMBAR_EARLY=1 -DSNAKE_ORDER=0 -DSTAGGER_CYCLES=160 -DSUB_MMA_UNROLL=1 ... 0.583 ms / 1878 TFLOPS  (166 regs, 2.9s)
[401/540] -DMBAR_EARLY=1 -DSNAKE_ORDER=0 -DSTAGGER_CYCLES=160 -DSUB_MMA_UNROLL=1 -DW0_LOOP_UNROLL=1 ... 0.690 ms / 1587 TFLOPS  (151 regs, 3.0s)
[402/540] -DMBAR_EARLY=1 -DSNAKE_ORDER=0 -DSTAGGER_CYCLES=160 -DSUB_MMA_UNROLL=1 -DW0_LOOP_UNROLL=4 ... 0.589 ms / 1859 TFLOPS  (166 regs, 3.0s)
[403/540] -DMBAR_EARLY=1 -DSNAKE_ORDER=0 -DSTAGGER_CYCLES=160 -DSUB_MMA_UNROLL=3 ... 0.569 ms / 1924 TFLOPS  (210 regs, 2.9s)
[404/540] -DMBAR_EARLY=1 -DSNAKE_ORDER=0 -DSTAGGER_CYCLES=160 -DSUB_MMA_UNROLL=3 -DW0_LOOP_UNROLL=1 ... 0.691 ms / 1584 TFLOPS  (196 regs, 2.9s)
[405/540] -DMBAR_EARLY=1 -DSNAKE_ORDER=0 -DSTAGGER_CYCLES=160 -DSUB_MMA_UNROLL=3 -DW0_LOOP_UNROLL=4 ... 0.571 ms / 1919 TFLOPS  (210 regs, 2.9s)
[406/540] -DMBAR_EARLY=1 -DSTAGGER_CYCLES=160 ... 0.530 ms / 2068 TFLOPS  (210 regs, 2.9s)
[407/540] -DMBAR_EARLY=1 -DSTAGGER_CYCLES=160 -DW0_LOOP_UNROLL=1 ... 0.684 ms / 1600 TFLOPS  (196 regs, 2.9s)
[408/540] -DMBAR_EARLY=1 -DSTAGGER_CYCLES=160 -DW0_LOOP_UNROLL=4 ... 0.528 ms / 2073 TFLOPS  (210 regs, 2.9s)
[409/540] -DMBAR_EARLY=1 -DSTAGGER_CYCLES=160 -DSUB_MMA_UNROLL=1 ... 0.533 ms / 2053 TFLOPS  (166 regs, 2.9s)
[410/540] -DMBAR_EARLY=1 -DSTAGGER_CYCLES=160 -DSUB_MMA_UNROLL=1 -DW0_LOOP_UNROLL=1 ... 0.688 ms / 1592 TFLOPS  (151 regs, 2.8s)
[411/540] -DMBAR_EARLY=1 -DSTAGGER_CYCLES=160 -DSUB_MMA_UNROLL=1 -DW0_LOOP_UNROLL=4 ... 0.531 ms / 2061 TFLOPS  (166 regs, 2.9s)
[412/540] -DMBAR_EARLY=1 -DSTAGGER_CYCLES=160 -DSUB_MMA_UNROLL=3 ... 0.527 ms / 2080 TFLOPS  (210 regs, 3.0s)
[413/540] -DMBAR_EARLY=1 -DSTAGGER_CYCLES=160 -DSUB_MMA_UNROLL=3 -DW0_LOOP_UNROLL=1 ... 0.680 ms / 1611 TFLOPS  (196 regs, 3.0s)
[414/540] -DMBAR_EARLY=1 -DSTAGGER_CYCLES=160 -DSUB_MMA_UNROLL=3 -DW0_LOOP_UNROLL=4 ... 0.528 ms / 2075 TFLOPS  (210 regs, 3.0s)
[415/540] -DMBAR_EARLY=1 -DPHASE1_UNROLL=4 -DSNAKE_ORDER=0 -DSTAGGER_CYCLES=160 ... 0.539 ms / 2032 TFLOPS  (255 regs, 3.0s)
[416/540] -DMBAR_EARLY=1 -DPHASE1_UNROLL=4 -DSNAKE_ORDER=0 -DSTAGGER_CYCLES=160 -DW0_LOOP_UNROLL=1 ... 0.690 ms / 1587 TFLOPS  (244 regs, 2.9s)
[417/540] -DMBAR_EARLY=1 -DPHASE1_UNROLL=4 -DSNAKE_ORDER=0 -DSTAGGER_CYCLES=160 -DW0_LOOP_UNROLL=4 ... 0.541 ms / 2023 TFLOPS  (255 regs, 3.0s)
[418/540] -DMBAR_EARLY=1 -DPHASE1_UNROLL=4 -DSNAKE_ORDER=0 -DSTAGGER_CYCLES=160 -DSUB_MMA_UNROLL=1 ... 0.541 ms / 2023 TFLOPS  (214 regs, 2.9s)
[419/540] -DMBAR_EARLY=1 -DPHASE1_UNROLL=4 -DSNAKE_ORDER=0 -DSTAGGER_CYCLES=160 -DSUB_MMA_UNROLL=1 -DW0_LOOP_UNROLL=1 ... 0.691 ms / 1585 TFLOPS  (200 regs, 3.0s)
[420/540] -DMBAR_EARLY=1 -DPHASE1_UNROLL=4 -DSNAKE_ORDER=0 -DSTAGGER_CYCLES=160 -DSUB_MMA_UNROLL=1 -DW0_LOOP_UNROLL=4 ... 0.544 ms / 2014 TFLOPS  (214 regs, 3.0s)
[421/540] -DMBAR_EARLY=1 -DPHASE1_UNROLL=4 -DSNAKE_ORDER=0 -DSTAGGER_CYCLES=160 -DSUB_MMA_UNROLL=3 ... 0.539 ms / 2031 TFLOPS  (255 regs, 3.0s)
[422/540] -DMBAR_EARLY=1 -DPHASE1_UNROLL=4 -DSNAKE_ORDER=0 -DSTAGGER_CYCLES=160 -DSUB_MMA_UNROLL=3 -DW0_LOOP_UNROLL=1 ... 0.696 ms / 1574 TFLOPS  (244 regs, 2.9s)
[423/540] -DMBAR_EARLY=1 -DPHASE1_UNROLL=4 -DSNAKE_ORDER=0 -DSTAGGER_CYCLES=160 -DSUB_MMA_UNROLL=3 -DW0_LOOP_UNROLL=4 ... 0.539 ms / 2031 TFLOPS  (255 regs, 3.0s)
[424/540] -DMBAR_EARLY=1 -DPHASE1_UNROLL=4 -DSTAGGER_CYCLES=160 ... 0.531 ms / 2061 TFLOPS  (255 regs, 3.0s)
[425/540] -DMBAR_EARLY=1 -DPHASE1_UNROLL=4 -DSTAGGER_CYCLES=160 -DW0_LOOP_UNROLL=1 ... 0.686 ms / 1596 TFLOPS  (244 regs, 3.0s)
[426/540] -DMBAR_EARLY=1 -DPHASE1_UNROLL=4 -DSTAGGER_CYCLES=160 -DW0_LOOP_UNROLL=4 ... 0.530 ms / 2068 TFLOPS  (255 regs, 3.0s)
[427/540] -DMBAR_EARLY=1 -DPHASE1_UNROLL=4 -DSTAGGER_CYCLES=160 -DSUB_MMA_UNROLL=1 ... 0.531 ms / 2062 TFLOPS  (214 regs, 3.0s)
[428/540] -DMBAR_EARLY=1 -DPHASE1_UNROLL=4 -DSTAGGER_CYCLES=160 -DSUB_MMA_UNROLL=1 -DW0_LOOP_UNROLL=1 ... 0.685 ms / 1598 TFLOPS  (200 regs, 3.0s)
[429/540] -DMBAR_EARLY=1 -DPHASE1_UNROLL=4 -DSTAGGER_CYCLES=160 -DSUB_MMA_UNROLL=1 -DW0_LOOP_UNROLL=4 ... 0.532 ms / 2057 TFLOPS  (214 regs, 3.0s)
[430/540] -DMBAR_EARLY=1 -DPHASE1_UNROLL=4 -DSTAGGER_CYCLES=160 -DSUB_MMA_UNROLL=3 ... 0.530 ms / 2065 TFLOPS  (255 regs, 3.0s)
[431/540] -DMBAR_EARLY=1 -DPHASE1_UNROLL=4 -DSTAGGER_CYCLES=160 -DSUB_MMA_UNROLL=3 -DW0_LOOP_UNROLL=1 ... 0.687 ms / 1593 TFLOPS  (244 regs, 3.0s)
[432/540] -DMBAR_EARLY=1 -DPHASE1_UNROLL=4 -DSTAGGER_CYCLES=160 -DSUB_MMA_UNROLL=3 -DW0_LOOP_UNROLL=4 ... 0.530 ms / 2064 TFLOPS  (255 regs, 3.0s)
[433/540] -DK_LOOP_UNROLL=6 -DMBAR_EARLY=1 -DPHASE1_UNROLL=1 -DSNAKE_ORDER=0 -DSTAGGER_CYCLES=160 ... 0.753 ms / 1454 TFLOPS  (147 regs, 2.9s)
[434/540] -DK_LOOP_UNROLL=6 -DMBAR_EARLY=1 -DPHASE1_UNROLL=1 -DSNAKE_ORDER=0 -DSTAGGER_CYCLES=160 -DW0_LOOP_UNROLL=1 ... 0.684 ms / 1600 TFLOPS  (128 regs, 3.0s)
[435/540] -DK_LOOP_UNROLL=6 -DMBAR_EARLY=1 -DPHASE1_UNROLL=1 -DSNAKE_ORDER=0 -DSTAGGER_CYCLES=160 -DW0_LOOP_UNROLL=4 ... 0.755 ms / 1450 TFLOPS  (144 regs, 2.9s)
[436/540] -DK_LOOP_UNROLL=6 -DMBAR_EARLY=1 -DPHASE1_UNROLL=1 -DSNAKE_ORDER=0 -DSTAGGER_CYCLES=160 -DSUB_MMA_UNROLL=1 ... 0.754 ms / 1453 TFLOPS  (134 regs, 2.9s)
[437/540] -DK_LOOP_UNROLL=6 -DMBAR_EARLY=1 -DPHASE1_UNROLL=1 -DSNAKE_ORDER=0 -DSTAGGER_CYCLES=160 -DSUB_MMA_UNROLL=1 -DW0_LOOP_UNROLL=1 ... 0.693 ms / 1581 TFLOPS  (120 regs, 2.9s)
[438/540] -DK_LOOP_UNROLL=6 -DMBAR_EARLY=1 -DPHASE1_UNROLL=1 -DSNAKE_ORDER=0 -DSTAGGER_CYCLES=160 -DSUB_MMA_UNROLL=1 -DW0_LOOP_UNROLL=4 ... 0.746 ms / 1467 TFLOPS  (134 regs, 2.9s)
[439/540] -DK_LOOP_UNROLL=6 -DMBAR_EARLY=1 -DPHASE1_UNROLL=1 -DSNAKE_ORDER=0 -DSTAGGER_CYCLES=160 -DSUB_MMA_UNROLL=3 ... 0.753 ms / 1454 TFLOPS  (147 regs, 2.9s)
[440/540] -DK_LOOP_UNROLL=6 -DMBAR_EARLY=1 -DPHASE1_UNROLL=1 -DSNAKE_ORDER=0 -DSTAGGER_CYCLES=160 -DSUB_MMA_UNROLL=3 -DW0_LOOP_UNROLL=1 ... 0.682 ms / 1605 TFLOPS  (128 regs, 2.9s)
[441/540] -DK_LOOP_UNROLL=6 -DMBAR_EARLY=1 -DPHASE1_UNROLL=1 -DSNAKE_ORDER=0 -DSTAGGER_CYCLES=160 -DSUB_MMA_UNROLL=3 -DW0_LOOP_UNROLL=4 ... 0.748 ms / 1464 TFLOPS  (144 regs, 2.9s)
[442/540] -DK_LOOP_UNROLL=6 -DMBAR_EARLY=1 -DPHASE1_UNROLL=1 -DSTAGGER_CYCLES=160 ... 0.632 ms / 1731 TFLOPS  (147 regs, 2.9s)
[443/540] -DK_LOOP_UNROLL=6 -DMBAR_EARLY=1 -DPHASE1_UNROLL=1 -DSTAGGER_CYCLES=160 -DW0_LOOP_UNROLL=1 ... 0.686 ms / 1595 TFLOPS  (128 regs, 2.9s)
[444/540] -DK_LOOP_UNROLL=6 -DMBAR_EARLY=1 -DPHASE1_UNROLL=1 -DSTAGGER_CYCLES=160 -DW0_LOOP_UNROLL=4 ... 0.624 ms / 1756 TFLOPS  (144 regs, 2.9s)
[445/540] -DK_LOOP_UNROLL=6 -DMBAR_EARLY=1 -DPHASE1_UNROLL=1 -DSTAGGER_CYCLES=160 -DSUB_MMA_UNROLL=1 ... 0.631 ms / 1736 TFLOPS  (134 regs, 2.9s)
[446/540] -DK_LOOP_UNROLL=6 -DMBAR_EARLY=1 -DPHASE1_UNROLL=1 -DSTAGGER_CYCLES=160 -DSUB_MMA_UNROLL=1 -DW0_LOOP_UNROLL=1 ... 0.687 ms / 1595 TFLOPS  (120 regs, 2.9s)
[447/540] -DK_LOOP_UNROLL=6 -DMBAR_EARLY=1 -DPHASE1_UNROLL=1 -DSTAGGER_CYCLES=160 -DSUB_MMA_UNROLL=1 -DW0_LOOP_UNROLL=4 ... 0.643 ms / 1704 TFLOPS  (134 regs, 2.8s)
[448/540] -DK_LOOP_UNROLL=6 -DMBAR_EARLY=1 -DPHASE1_UNROLL=1 -DSTAGGER_CYCLES=160 -DSUB_MMA_UNROLL=3 ... 0.629 ms / 1741 TFLOPS  (147 regs, 2.9s)
[449/540] -DK_LOOP_UNROLL=6 -DMBAR_EARLY=1 -DPHASE1_UNROLL=1 -DSTAGGER_CYCLES=160 -DSUB_MMA_UNROLL=3 -DW0_LOOP_UNROLL=1 ... 0.688 ms / 1591 TFLOPS  (128 regs, 2.9s)
[450/540] -DK_LOOP_UNROLL=6 -DMBAR_EARLY=1 -DPHASE1_UNROLL=1 -DSTAGGER_CYCLES=160 -DSUB_MMA_UNROLL=3 -DW0_LOOP_UNROLL=4 ... 0.627 ms / 1747 TFLOPS  (144 regs, 2.8s)
[451/540] -DK_LOOP_UNROLL=6 -DMBAR_EARLY=1 -DSNAKE_ORDER=0 -DSTAGGER_CYCLES=160 ... 0.595 ms / 1840 TFLOPS  (175 regs, 2.9s)
[452/540] -DK_LOOP_UNROLL=6 -DMBAR_EARLY=1 -DSNAKE_ORDER=0 -DSTAGGER_CYCLES=160 -DW0_LOOP_UNROLL=1 ... 0.686 ms / 1596 TFLOPS  (159 regs, 2.9s)
[453/540] -DK_LOOP_UNROLL=6 -DMBAR_EARLY=1 -DSNAKE_ORDER=0 -DSTAGGER_CYCLES=160 -DW0_LOOP_UNROLL=4 ... 0.568 ms / 1929 TFLOPS  (175 regs, 2.9s)
[454/540] -DK_LOOP_UNROLL=6 -DMBAR_EARLY=1 -DSNAKE_ORDER=0 -DSTAGGER_CYCLES=160 -DSUB_MMA_UNROLL=1 ... 0.584 ms / 1873 TFLOPS  (166 regs, 3.0s)
[455/540] -DK_LOOP_UNROLL=6 -DMBAR_EARLY=1 -DSNAKE_ORDER=0 -DSTAGGER_CYCLES=160 -DSUB_MMA_UNROLL=1 -DW0_LOOP_UNROLL=1 ... 0.687 ms / 1594 TFLOPS  (151 regs, 3.0s)
[456/540] -DK_LOOP_UNROLL=6 -DMBAR_EARLY=1 -DSNAKE_ORDER=0 -DSTAGGER_CYCLES=160 -DSUB_MMA_UNROLL=1 -DW0_LOOP_UNROLL=4 ... 0.586 ms / 1868 TFLOPS  (166 regs, 2.9s)
[457/540] -DK_LOOP_UNROLL=6 -DMBAR_EARLY=1 -DSNAKE_ORDER=0 -DSTAGGER_CYCLES=160 -DSUB_MMA_UNROLL=3 ... 0.581 ms / 1886 TFLOPS  (175 regs, 3.0s)
[458/540] -DK_LOOP_UNROLL=6 -DMBAR_EARLY=1 -DSNAKE_ORDER=0 -DSTAGGER_CYCLES=160 -DSUB_MMA_UNROLL=3 -DW0_LOOP_UNROLL=1 ... 0.680 ms / 1610 TFLOPS  (159 regs, 2.9s)
[459/540] -DK_LOOP_UNROLL=6 -DMBAR_EARLY=1 -DSNAKE_ORDER=0 -DSTAGGER_CYCLES=160 -DSUB_MMA_UNROLL=3 -DW0_LOOP_UNROLL=4 ... 0.575 ms / 1906 TFLOPS  (175 regs, 2.9s)
[460/540] -DK_LOOP_UNROLL=6 -DMBAR_EARLY=1 -DSTAGGER_CYCLES=160 ... 0.526 ms / 2080 TFLOPS  (175 regs, 2.9s)
[461/540] -DK_LOOP_UNROLL=6 -DMBAR_EARLY=1 -DSTAGGER_CYCLES=160 -DW0_LOOP_UNROLL=1 ... 0.669 ms / 1637 TFLOPS  (159 regs, 2.9s)
[462/540] -DK_LOOP_UNROLL=6 -DMBAR_EARLY=1 -DSTAGGER_CYCLES=160 -DW0_LOOP_UNROLL=4 ... 0.526 ms / 2081 TFLOPS  (175 regs, 2.9s)
[463/540] -DK_LOOP_UNROLL=6 -DMBAR_EARLY=1 -DSTAGGER_CYCLES=160 -DSUB_MMA_UNROLL=1 ... 0.527 ms / 2077 TFLOPS  (166 regs, 2.9s)
[464/540] -DK_LOOP_UNROLL=6 -DMBAR_EARLY=1 -DSTAGGER_CYCLES=160 -DSUB_MMA_UNROLL=1 -DW0_LOOP_UNROLL=1 ... 0.686 ms / 1597 TFLOPS  (151 regs, 2.9s)
[465/540] -DK_LOOP_UNROLL=6 -DMBAR_EARLY=1 -DSTAGGER_CYCLES=160 -DSUB_MMA_UNROLL=1 -DW0_LOOP_UNROLL=4 ... 0.527 ms / 2078 TFLOPS  (166 regs, 3.0s)
[466/540] -DK_LOOP_UNROLL=6 -DMBAR_EARLY=1 -DSTAGGER_CYCLES=160 -DSUB_MMA_UNROLL=3 ... 0.526 ms / 2083 TFLOPS  (175 regs, 2.9s)
[467/540] -DK_LOOP_UNROLL=6 -DMBAR_EARLY=1 -DSTAGGER_CYCLES=160 -DSUB_MMA_UNROLL=3 -DW0_LOOP_UNROLL=1 ... 0.686 ms / 1596 TFLOPS  (159 regs, 3.0s)
[468/540] -DK_LOOP_UNROLL=6 -DMBAR_EARLY=1 -DSTAGGER_CYCLES=160 -DSUB_MMA_UNROLL=3 -DW0_LOOP_UNROLL=4 ... 0.526 ms / 2083 TFLOPS  (175 regs, 2.9s)
[469/540] -DK_LOOP_UNROLL=6 -DMBAR_EARLY=1 -DPHASE1_UNROLL=4 -DSNAKE_ORDER=0 -DSTAGGER_CYCLES=160 ... 0.537 ms / 2039 TFLOPS  (222 regs, 3.1s)
[470/540] -DK_LOOP_UNROLL=6 -DMBAR_EARLY=1 -DPHASE1_UNROLL=4 -DSNAKE_ORDER=0 -DSTAGGER_CYCLES=160 -DW0_LOOP_UNROLL=1 ... 0.692 ms / 1582 TFLOPS  (208 regs, 2.9s)
[471/540] -DK_LOOP_UNROLL=6 -DMBAR_EARLY=1 -DPHASE1_UNROLL=4 -DSNAKE_ORDER=0 -DSTAGGER_CYCLES=160 -DW0_LOOP_UNROLL=4 ... 0.538 ms / 2036 TFLOPS  (222 regs, 3.1s)
[472/540] -DK_LOOP_UNROLL=6 -DMBAR_EARLY=1 -DPHASE1_UNROLL=4 -DSNAKE_ORDER=0 -DSTAGGER_CYCLES=160 -DSUB_MMA_UNROLL=1 ... 0.537 ms / 2038 TFLOPS  (214 regs, 3.0s)
[473/540] -DK_LOOP_UNROLL=6 -DMBAR_EARLY=1 -DPHASE1_UNROLL=4 -DSNAKE_ORDER=0 -DSTAGGER_CYCLES=160 -DSUB_MMA_UNROLL=1 -DW0_LOOP_UNROLL=1 ... 0.694 ms / 1578 TFLOPS  (200 regs, 3.0s)
[474/540] -DK_LOOP_UNROLL=6 -DMBAR_EARLY=1 -DPHASE1_UNROLL=4 -DSNAKE_ORDER=0 -DSTAGGER_CYCLES=160 -DSUB_MMA_UNROLL=1 -DW0_LOOP_UNROLL=4 ... 0.538 ms / 2035 TFLOPS  (214 regs, 3.0s)
[475/540] -DK_LOOP_UNROLL=6 -DMBAR_EARLY=1 -DPHASE1_UNROLL=4 -DSNAKE_ORDER=0 -DSTAGGER_CYCLES=160 -DSUB_MMA_UNROLL=3 ... 0.538 ms / 2037 TFLOPS  (222 regs, 3.0s)
[476/540] -DK_LOOP_UNROLL=6 -DMBAR_EARLY=1 -DPHASE1_UNROLL=4 -DSNAKE_ORDER=0 -DSTAGGER_CYCLES=160 -DSUB_MMA_UNROLL=3 -DW0_LOOP_UNROLL=1 ... 0.684 ms / 1601 TFLOPS  (208 regs, 3.0s)
[477/540] -DK_LOOP_UNROLL=6 -DMBAR_EARLY=1 -DPHASE1_UNROLL=4 -DSNAKE_ORDER=0 -DSTAGGER_CYCLES=160 -DSUB_MMA_UNROLL=3 -DW0_LOOP_UNROLL=4 ... 0.539 ms / 2032 TFLOPS  (222 regs, 3.0s)
[478/540] -DK_LOOP_UNROLL=6 -DMBAR_EARLY=1 -DPHASE1_UNROLL=4 -DSTAGGER_CYCLES=160 ... 0.529 ms / 2072 TFLOPS  (222 regs, 2.9s)
[479/540] -DK_LOOP_UNROLL=6 -DMBAR_EARLY=1 -DPHASE1_UNROLL=4 -DSTAGGER_CYCLES=160 -DW0_LOOP_UNROLL=1 ... 0.693 ms / 1581 TFLOPS  (208 regs, 3.1s)
[480/540] -DK_LOOP_UNROLL=6 -DMBAR_EARLY=1 -DPHASE1_UNROLL=4 -DSTAGGER_CYCLES=160 -DW0_LOOP_UNROLL=4 ... 0.529 ms / 2070 TFLOPS  (222 regs, 3.0s)
[481/540] -DK_LOOP_UNROLL=6 -DMBAR_EARLY=1 -DPHASE1_UNROLL=4 -DSTAGGER_CYCLES=160 -DSUB_MMA_UNROLL=1 ... 0.529 ms / 2070 TFLOPS  (214 regs, 3.0s)
[482/540] -DK_LOOP_UNROLL=6 -DMBAR_EARLY=1 -DPHASE1_UNROLL=4 -DSTAGGER_CYCLES=160 -DSUB_MMA_UNROLL=1 -DW0_LOOP_UNROLL=1 ... 0.690 ms / 1587 TFLOPS  (200 regs, 3.0s)
[483/540] -DK_LOOP_UNROLL=6 -DMBAR_EARLY=1 -DPHASE1_UNROLL=4 -DSTAGGER_CYCLES=160 -DSUB_MMA_UNROLL=1 -DW0_LOOP_UNROLL=4 ... 0.528 ms / 2074 TFLOPS  (214 regs, 3.0s)
[484/540] -DK_LOOP_UNROLL=6 -DMBAR_EARLY=1 -DPHASE1_UNROLL=4 -DSTAGGER_CYCLES=160 -DSUB_MMA_UNROLL=3 ... 0.529 ms / 2071 TFLOPS  (222 regs, 2.9s)
[485/540] -DK_LOOP_UNROLL=6 -DMBAR_EARLY=1 -DPHASE1_UNROLL=4 -DSTAGGER_CYCLES=160 -DSUB_MMA_UNROLL=3 -DW0_LOOP_UNROLL=1 ... 0.675 ms / 1622 TFLOPS  (208 regs, 3.1s)
[486/540] -DK_LOOP_UNROLL=6 -DMBAR_EARLY=1 -DPHASE1_UNROLL=4 -DSTAGGER_CYCLES=160 -DSUB_MMA_UNROLL=3 -DW0_LOOP_UNROLL=4 ... 0.529 ms / 2069 TFLOPS  (222 regs, 3.0s)
[487/540] -DK_LOOP_UNROLL=8 -DMBAR_EARLY=1 -DPHASE1_UNROLL=1 -DSNAKE_ORDER=0 -DSTAGGER_CYCLES=160 ... 0.749 ms / 1462 TFLOPS  (181 regs, 2.9s)
[488/540] -DK_LOOP_UNROLL=8 -DMBAR_EARLY=1 -DPHASE1_UNROLL=1 -DSNAKE_ORDER=0 -DSTAGGER_CYCLES=160 -DW0_LOOP_UNROLL=1 ... 0.688 ms / 1591 TFLOPS  (164 regs, 2.9s)
[489/540] -DK_LOOP_UNROLL=8 -DMBAR_EARLY=1 -DPHASE1_UNROLL=1 -DSNAKE_ORDER=0 -DSTAGGER_CYCLES=160 -DW0_LOOP_UNROLL=4 ... 0.752 ms / 1456 TFLOPS  (178 regs, 2.8s)
[490/540] -DK_LOOP_UNROLL=8 -DMBAR_EARLY=1 -DPHASE1_UNROLL=1 -DSNAKE_ORDER=0 -DSTAGGER_CYCLES=160 -DSUB_MMA_UNROLL=1 ... 0.752 ms / 1456 TFLOPS  (134 regs, 2.8s)
[491/540] -DK_LOOP_UNROLL=8 -DMBAR_EARLY=1 -DPHASE1_UNROLL=1 -DSNAKE_ORDER=0 -DSTAGGER_CYCLES=160 -DSUB_MMA_UNROLL=1 -DW0_LOOP_UNROLL=1 ... 0.681 ms / 1607 TFLOPS  (120 regs, 2.9s)
[492/540] -DK_LOOP_UNROLL=8 -DMBAR_EARLY=1 -DPHASE1_UNROLL=1 -DSNAKE_ORDER=0 -DSTAGGER_CYCLES=160 -DSUB_MMA_UNROLL=1 -DW0_LOOP_UNROLL=4 ... 0.749 ms / 1461 TFLOPS  (134 regs, 2.9s)
[493/540] -DK_LOOP_UNROLL=8 -DMBAR_EARLY=1 -DPHASE1_UNROLL=1 -DSNAKE_ORDER=0 -DSTAGGER_CYCLES=160 -DSUB_MMA_UNROLL=3 ... 0.751 ms / 1458 TFLOPS  (181 regs, 2.9s)
[494/540] -DK_LOOP_UNROLL=8 -DMBAR_EARLY=1 -DPHASE1_UNROLL=1 -DSNAKE_ORDER=0 -DSTAGGER_CYCLES=160 -DSUB_MMA_UNROLL=3 -DW0_LOOP_UNROLL=1 ... 0.688 ms / 1593 TFLOPS  (164 regs, 2.9s)
[495/540] -DK_LOOP_UNROLL=8 -DMBAR_EARLY=1 -DPHASE1_UNROLL=1 -DSNAKE_ORDER=0 -DSTAGGER_CYCLES=160 -DSUB_MMA_UNROLL=3 -DW0_LOOP_UNROLL=4 ... 0.751 ms / 1458 TFLOPS  (178 regs, 2.9s)
[496/540] -DK_LOOP_UNROLL=8 -DMBAR_EARLY=1 -DPHASE1_UNROLL=1 -DSTAGGER_CYCLES=160 ... 0.631 ms / 1734 TFLOPS  (181 regs, 2.9s)
[497/540] -DK_LOOP_UNROLL=8 -DMBAR_EARLY=1 -DPHASE1_UNROLL=1 -DSTAGGER_CYCLES=160 -DW0_LOOP_UNROLL=1 ... 0.686 ms / 1597 TFLOPS  (164 regs, 2.9s)
[498/540] -DK_LOOP_UNROLL=8 -DMBAR_EARLY=1 -DPHASE1_UNROLL=1 -DSTAGGER_CYCLES=160 -DW0_LOOP_UNROLL=4 ... 0.631 ms / 1735 TFLOPS  (178 regs, 2.9s)
[499/540] -DK_LOOP_UNROLL=8 -DMBAR_EARLY=1 -DPHASE1_UNROLL=1 -DSTAGGER_CYCLES=160 -DSUB_MMA_UNROLL=1 ... 0.631 ms / 1737 TFLOPS  (134 regs, 2.9s)
[500/540] -DK_LOOP_UNROLL=8 -DMBAR_EARLY=1 -DPHASE1_UNROLL=1 -DSTAGGER_CYCLES=160 -DSUB_MMA_UNROLL=1 -DW0_LOOP_UNROLL=1 ... 0.686 ms / 1595 TFLOPS  (120 regs, 2.9s)
[501/540] -DK_LOOP_UNROLL=8 -DMBAR_EARLY=1 -DPHASE1_UNROLL=1 -DSTAGGER_CYCLES=160 -DSUB_MMA_UNROLL=1 -DW0_LOOP_UNROLL=4 ... 0.627 ms / 1747 TFLOPS  (134 regs, 2.9s)
[502/540] -DK_LOOP_UNROLL=8 -DMBAR_EARLY=1 -DPHASE1_UNROLL=1 -DSTAGGER_CYCLES=160 -DSUB_MMA_UNROLL=3 ... 0.640 ms / 1711 TFLOPS  (181 regs, 2.9s)
[503/540] -DK_LOOP_UNROLL=8 -DMBAR_EARLY=1 -DPHASE1_UNROLL=1 -DSTAGGER_CYCLES=160 -DSUB_MMA_UNROLL=3 -DW0_LOOP_UNROLL=1 ... 0.687 ms / 1594 TFLOPS  (164 regs, 2.9s)
[504/540] -DK_LOOP_UNROLL=8 -DMBAR_EARLY=1 -DPHASE1_UNROLL=1 -DSTAGGER_CYCLES=160 -DSUB_MMA_UNROLL=3 -DW0_LOOP_UNROLL=4 ... 0.635 ms / 1724 TFLOPS  (178 regs, 2.9s)
[505/540] -DK_LOOP_UNROLL=8 -DMBAR_EARLY=1 -DSNAKE_ORDER=0 -DSTAGGER_CYCLES=160 ... 0.592 ms / 1851 TFLOPS  (211 regs, 2.9s)
[506/540] -DK_LOOP_UNROLL=8 -DMBAR_EARLY=1 -DSNAKE_ORDER=0 -DSTAGGER_CYCLES=160 -DW0_LOOP_UNROLL=1 ... 0.693 ms / 1580 TFLOPS  (196 regs, 2.8s)
[507/540] -DK_LOOP_UNROLL=8 -DMBAR_EARLY=1 -DSNAKE_ORDER=0 -DSTAGGER_CYCLES=160 -DW0_LOOP_UNROLL=4 ... 0.588 ms / 1862 TFLOPS  (211 regs, 2.9s)
[508/540] -DK_LOOP_UNROLL=8 -DMBAR_EARLY=1 -DSNAKE_ORDER=0 -DSTAGGER_CYCLES=160 -DSUB_MMA_UNROLL=1 ... 0.594 ms / 1843 TFLOPS  (166 regs, 2.9s)
[509/540] -DK_LOOP_UNROLL=8 -DMBAR_EARLY=1 -DSNAKE_ORDER=0 -DSTAGGER_CYCLES=160 -DSUB_MMA_UNROLL=1 -DW0_LOOP_UNROLL=1 ... 0.696 ms / 1573 TFLOPS  (151 regs, 2.9s)
[510/540] -DK_LOOP_UNROLL=8 -DMBAR_EARLY=1 -DSNAKE_ORDER=0 -DSTAGGER_CYCLES=160 -DSUB_MMA_UNROLL=1 -DW0_LOOP_UNROLL=4 ... 0.581 ms / 1885 TFLOPS  (166 regs, 2.9s)
[511/540] -DK_LOOP_UNROLL=8 -DMBAR_EARLY=1 -DSNAKE_ORDER=0 -DSTAGGER_CYCLES=160 -DSUB_MMA_UNROLL=3 ... 0.561 ms / 1951 TFLOPS  (211 regs, 2.9s)
[512/540] -DK_LOOP_UNROLL=8 -DMBAR_EARLY=1 -DSNAKE_ORDER=0 -DSTAGGER_CYCLES=160 -DSUB_MMA_UNROLL=3 -DW0_LOOP_UNROLL=1 ... 0.674 ms / 1625 TFLOPS  (196 regs, 2.9s)
[513/540] -DK_LOOP_UNROLL=8 -DMBAR_EARLY=1 -DSNAKE_ORDER=0 -DSTAGGER_CYCLES=160 -DSUB_MMA_UNROLL=3 -DW0_LOOP_UNROLL=4 ... 0.585 ms / 1871 TFLOPS  (211 regs, 2.9s)
[514/540] -DK_LOOP_UNROLL=8 -DMBAR_EARLY=1 -DSTAGGER_CYCLES=160 ... 0.525 ms / 2084 TFLOPS  (211 regs, 2.9s)
[515/540] -DK_LOOP_UNROLL=8 -DMBAR_EARLY=1 -DSTAGGER_CYCLES=160 -DW0_LOOP_UNROLL=1 ... 0.681 ms / 1608 TFLOPS  (196 regs, 2.9s)
[516/540] -DK_LOOP_UNROLL=8 -DMBAR_EARLY=1 -DSTAGGER_CYCLES=160 -DW0_LOOP_UNROLL=4 ... 0.527 ms / 2077 TFLOPS  (211 regs, 2.9s)
[517/540] -DK_LOOP_UNROLL=8 -DMBAR_EARLY=1 -DSTAGGER_CYCLES=160 -DSUB_MMA_UNROLL=1 ... 0.527 ms / 2080 TFLOPS  (166 regs, 2.9s)
[518/540] -DK_LOOP_UNROLL=8 -DMBAR_EARLY=1 -DSTAGGER_CYCLES=160 -DSUB_MMA_UNROLL=1 -DW0_LOOP_UNROLL=1 ... 0.679 ms / 1613 TFLOPS  (151 regs, 2.9s)
[519/540] -DK_LOOP_UNROLL=8 -DMBAR_EARLY=1 -DSTAGGER_CYCLES=160 -DSUB_MMA_UNROLL=1 -DW0_LOOP_UNROLL=4 ... 0.530 ms / 2066 TFLOPS  (166 regs, 2.9s)
[520/540] -DK_LOOP_UNROLL=8 -DMBAR_EARLY=1 -DSTAGGER_CYCLES=160 -DSUB_MMA_UNROLL=3 ... 0.525 ms / 2086 TFLOPS  (211 regs, 2.9s)
[521/540] -DK_LOOP_UNROLL=8 -DMBAR_EARLY=1 -DSTAGGER_CYCLES=160 -DSUB_MMA_UNROLL=3 -DW0_LOOP_UNROLL=1 ... 0.682 ms / 1607 TFLOPS  (196 regs, 2.9s)
[522/540] -DK_LOOP_UNROLL=8 -DMBAR_EARLY=1 -DSTAGGER_CYCLES=160 -DSUB_MMA_UNROLL=3 -DW0_LOOP_UNROLL=4 ... 0.528 ms / 2075 TFLOPS  (211 regs, 2.9s)
[523/540] -DK_LOOP_UNROLL=8 -DMBAR_EARLY=1 -DPHASE1_UNROLL=4 -DSNAKE_ORDER=0 -DSTAGGER_CYCLES=160 ... 0.539 ms / 2033 TFLOPS  (255 regs, 3.1s)
[524/540] -DK_LOOP_UNROLL=8 -DMBAR_EARLY=1 -DPHASE1_UNROLL=4 -DSNAKE_ORDER=0 -DSTAGGER_CYCLES=160 -DW0_LOOP_UNROLL=1 ... 0.696 ms / 1574 TFLOPS  (244 regs, 3.0s)
[525/540] -DK_LOOP_UNROLL=8 -DMBAR_EARLY=1 -DPHASE1_UNROLL=4 -DSNAKE_ORDER=0 -DSTAGGER_CYCLES=160 -DW0_LOOP_UNROLL=4 ... 0.542 ms / 2021 TFLOPS  (255 regs, 3.0s)
[526/540] -DK_LOOP_UNROLL=8 -DMBAR_EARLY=1 -DPHASE1_UNROLL=4 -DSNAKE_ORDER=0 -DSTAGGER_CYCLES=160 -DSUB_MMA_UNROLL=1 ... 0.536 ms / 2041 TFLOPS  (214 regs, 3.0s)
[527/540] -DK_LOOP_UNROLL=8 -DMBAR_EARLY=1 -DPHASE1_UNROLL=4 -DSNAKE_ORDER=0 -DSTAGGER_CYCLES=160 -DSUB_MMA_UNROLL=1 -DW0_LOOP_UNROLL=1 ... 0.687 ms / 1594 TFLOPS  (200 regs, 3.0s)
[528/540] -DK_LOOP_UNROLL=8 -DMBAR_EARLY=1 -DPHASE1_UNROLL=4 -DSNAKE_ORDER=0 -DSTAGGER_CYCLES=160 -DSUB_MMA_UNROLL=1 -DW0_LOOP_UNROLL=4 ... 0.540 ms / 2026 TFLOPS  (214 regs, 3.1s)
[529/540] -DK_LOOP_UNROLL=8 -DMBAR_EARLY=1 -DPHASE1_UNROLL=4 -DSNAKE_ORDER=0 -DSTAGGER_CYCLES=160 -DSUB_MMA_UNROLL=3 ... 0.540 ms / 2027 TFLOPS  (255 regs, 3.2s)
[530/540] -DK_LOOP_UNROLL=8 -DMBAR_EARLY=1 -DPHASE1_UNROLL=4 -DSNAKE_ORDER=0 -DSTAGGER_CYCLES=160 -DSUB_MMA_UNROLL=3 -DW0_LOOP_UNROLL=1 ... 0.688 ms / 1592 TFLOPS  (244 regs, 3.0s)
[531/540] -DK_LOOP_UNROLL=8 -DMBAR_EARLY=1 -DPHASE1_UNROLL=4 -DSNAKE_ORDER=0 -DSTAGGER_CYCLES=160 -DSUB_MMA_UNROLL=3 -DW0_LOOP_UNROLL=4 ... 0.538 ms / 2033 TFLOPS  (255 regs, 3.0s)
[532/540] -DK_LOOP_UNROLL=8 -DMBAR_EARLY=1 -DPHASE1_UNROLL=4 -DSTAGGER_CYCLES=160 ... 0.528 ms / 2075 TFLOPS  (255 regs, 3.0s)
[533/540] -DK_LOOP_UNROLL=8 -DMBAR_EARLY=1 -DPHASE1_UNROLL=4 -DSTAGGER_CYCLES=160 -DW0_LOOP_UNROLL=1 ... 0.690 ms / 1586 TFLOPS  (244 regs, 3.1s)
[534/540] -DK_LOOP_UNROLL=8 -DMBAR_EARLY=1 -DPHASE1_UNROLL=4 -DSTAGGER_CYCLES=160 -DW0_LOOP_UNROLL=4 ... 0.530 ms / 2066 TFLOPS  (255 regs, 3.0s)
[535/540] -DK_LOOP_UNROLL=8 -DMBAR_EARLY=1 -DPHASE1_UNROLL=4 -DSTAGGER_CYCLES=160 -DSUB_MMA_UNROLL=1 ... 0.528 ms / 2075 TFLOPS  (214 regs, 3.0s)
[536/540] -DK_LOOP_UNROLL=8 -DMBAR_EARLY=1 -DPHASE1_UNROLL=4 -DSTAGGER_CYCLES=160 -DSUB_MMA_UNROLL=1 -DW0_LOOP_UNROLL=1 ... 0.691 ms / 1585 TFLOPS  (200 regs, 2.9s)
[537/540] -DK_LOOP_UNROLL=8 -DMBAR_EARLY=1 -DPHASE1_UNROLL=4 -DSTAGGER_CYCLES=160 -DSUB_MMA_UNROLL=1 -DW0_LOOP_UNROLL=4 ... 0.531 ms / 2063 TFLOPS  (214 regs, 2.9s)
[538/540] -DK_LOOP_UNROLL=8 -DMBAR_EARLY=1 -DPHASE1_UNROLL=4 -DSTAGGER_CYCLES=160 -DSUB_MMA_UNROLL=3 ... 0.529 ms / 2068 TFLOPS  (255 regs, 3.1s)
[539/540] -DK_LOOP_UNROLL=8 -DMBAR_EARLY=1 -DPHASE1_UNROLL=4 -DSTAGGER_CYCLES=160 -DSUB_MMA_UNROLL=3 -DW0_LOOP_UNROLL=1 ... 0.682 ms / 1605 TFLOPS  (244 regs, 3.0s)
[540/540] -DK_LOOP_UNROLL=8 -DMBAR_EARLY=1 -DPHASE1_UNROLL=4 -DSTAGGER_CYCLES=160 -DSUB_MMA_UNROLL=3 -DW0_LOOP_UNROLL=4 ... 0.530 ms / 2068 TFLOPS  (255 regs, 3.0s)

Tier 3 winner (top-3): -DCVT_ADD_FUSED=0 -DK_LOOP_UNROLL=8 -DSTAGGER_CYCLES=100 -DSUB_MMA_UNROLL=3 → 0.525 ms / 2085 TFLOPS
  #2: -DK_LOOP_UNROLL=8 -DSTAGGER_CYCLES=100 → 0.525 ms / 2085 TFLOPS
  #3: -DK_LOOP_UNROLL=8 -DMBAR_EARLY=1 -DSTAGGER_CYCLES=160 -DSUB_MMA_UNROLL=3 → 0.525 ms / 2086 TFLOPS

=== Tier 4: PRELOAD_MODE, PREFETCH_BEFORE_STORE ===
  Branch 1/3: -DCVT_ADD_FUSED=0 -DK_LOOP_UNROLL=8 -DSTAGGER_CYCLES=100 -DSUB_MMA_UNROLL=3
Sweep: 6 total, 6 valid, 0 pruned
Estimated time: ~0 min (6 configs × ~5s each)

[1/6] -DCVT_ADD_FUSED=0 -DK_LOOP_UNROLL=8 -DPRELOAD_MODE=0 -DSTAGGER_CYCLES=100 -DSUB_MMA_UNROLL=3 ... 0.527 ms / 2079 TFLOPS  (209 regs, 2.9s)
[2/6] -DCVT_ADD_FUSED=0 -DK_LOOP_UNROLL=8 -DSTAGGER_CYCLES=100 -DSUB_MMA_UNROLL=3 ... 0.527 ms / 2076 TFLOPS  (209 regs, 3.0s)
[3/6] -DCVT_ADD_FUSED=0 -DK_LOOP_UNROLL=8 -DPRELOAD_MODE=2 -DSTAGGER_CYCLES=100 -DSUB_MMA_UNROLL=3 ... 0.528 ms / 2075 TFLOPS  (209 regs, 3.0s)
[4/6] -DCVT_ADD_FUSED=0 -DK_LOOP_UNROLL=8 -DPREFETCH_BEFORE_STORE=1 -DPRELOAD_MODE=0 -DSTAGGER_CYCLES=100 -DSUB_MMA_UNROLL=3 ... 0.526 ms / 2082 TFLOPS  (224 regs, 3.0s)
[5/6] -DCVT_ADD_FUSED=0 -DK_LOOP_UNROLL=8 -DPREFETCH_BEFORE_STORE=1 -DSTAGGER_CYCLES=100 -DSUB_MMA_UNROLL=3 ... 0.528 ms / 2073 TFLOPS  (224 regs, 2.9s)
[6/6] -DCVT_ADD_FUSED=0 -DK_LOOP_UNROLL=8 -DPREFETCH_BEFORE_STORE=1 -DPRELOAD_MODE=2 -DSTAGGER_CYCLES=100 -DSUB_MMA_UNROLL=3 ... 0.527 ms / 2078 TFLOPS  (209 regs, 2.9s)
  Branch 2/3: -DK_LOOP_UNROLL=8 -DSTAGGER_CYCLES=100
Sweep: 6 total, 6 valid, 0 pruned
Estimated time: ~0 min (6 configs × ~5s each)

[1/6] -DK_LOOP_UNROLL=8 -DPRELOAD_MODE=0 -DSTAGGER_CYCLES=100 ... 0.526 ms / 2080 TFLOPS  (209 regs, 2.9s)
[2/6] -DK_LOOP_UNROLL=8 -DSTAGGER_CYCLES=100 ... 0.526 ms / 2080 TFLOPS  (209 regs, 2.9s)
[3/6] -DK_LOOP_UNROLL=8 -DPRELOAD_MODE=2 -DSTAGGER_CYCLES=100 ... 0.527 ms / 2077 TFLOPS  (209 regs, 2.9s)
[4/6] -DK_LOOP_UNROLL=8 -DPREFETCH_BEFORE_STORE=1 -DPRELOAD_MODE=0 -DSTAGGER_CYCLES=100 ... 0.525 ms / 2084 TFLOPS  (224 regs, 3.0s)
[5/6] -DK_LOOP_UNROLL=8 -DPREFETCH_BEFORE_STORE=1 -DSTAGGER_CYCLES=100 ... 0.527 ms / 2077 TFLOPS  (224 regs, 2.8s)
[6/6] -DK_LOOP_UNROLL=8 -DPREFETCH_BEFORE_STORE=1 -DPRELOAD_MODE=2 -DSTAGGER_CYCLES=100 ... 0.529 ms / 2069 TFLOPS  (209 regs, 2.8s)
  Branch 3/3: -DK_LOOP_UNROLL=8 -DSTAGGER_CYCLES=100 -DSUB_MMA_UNROLL=3
Sweep: 6 total, 6 valid, 0 pruned
Estimated time: ~0 min (6 configs × ~5s each)

[1/6] -DK_LOOP_UNROLL=8 -DPRELOAD_MODE=0 -DSTAGGER_CYCLES=100 -DSUB_MMA_UNROLL=3 ... 0.527 ms / 2076 TFLOPS  (209 regs, 2.9s)
[2/6] -DK_LOOP_UNROLL=8 -DSTAGGER_CYCLES=100 -DSUB_MMA_UNROLL=3 ... 0.528 ms / 2075 TFLOPS  (209 regs, 2.9s)
[3/6] -DK_LOOP_UNROLL=8 -DPRELOAD_MODE=2 -DSTAGGER_CYCLES=100 -DSUB_MMA_UNROLL=3 ... 0.526 ms / 2080 TFLOPS  (209 regs, 2.9s)
[4/6] -DK_LOOP_UNROLL=8 -DPREFETCH_BEFORE_STORE=1 -DPRELOAD_MODE=0 -DSTAGGER_CYCLES=100 -DSUB_MMA_UNROLL=3 ... 0.528 ms / 2076 TFLOPS  (224 regs, 2.9s)
[5/6] -DK_LOOP_UNROLL=8 -DPREFETCH_BEFORE_STORE=1 -DSTAGGER_CYCLES=100 -DSUB_MMA_UNROLL=3 ... 0.528 ms / 2076 TFLOPS  (224 regs, 3.0s)
[6/6] -DK_LOOP_UNROLL=8 -DPREFETCH_BEFORE_STORE=1 -DPRELOAD_MODE=2 -DSTAGGER_CYCLES=100 -DSUB_MMA_UNROLL=3 ... 0.528 ms / 2073 TFLOPS  (209 regs, 3.0s)

Tier 4 winner (top-3): -DK_LOOP_UNROLL=8 -DPREFETCH_BEFORE_STORE=1 -DPRELOAD_MODE=0 -DSTAGGER_CYCLES=100 → 0.525 ms / 2084 TFLOPS
  #2: -DK_LOOP_UNROLL=8 -DPRELOAD_MODE=0 -DSTAGGER_CYCLES=100 → 0.526 ms / 2080 TFLOPS
  #3: -DK_LOOP_UNROLL=8 -DSTAGGER_CYCLES=100 → 0.526 ms / 2080 TFLOPS

=== Tier 5: GELU_VARIANT ===
  Branch 1/3: -DCVT_ADD_FUSED=0 -DK_LOOP_UNROLL=8 -DPREFETCH_BEFORE_STORE=1 -DPRELOAD_MODE=0 -DSTAGGER_CYCLES=100 -DSUB_MMA_UNROLL=3
Sweep: 3 total, 1 valid, 2 pruned
Estimated time: ~0 min (1 configs × ~5s each)

[1/1] -DCVT_ADD_FUSED=0 -DK_LOOP_UNROLL=8 -DPREFETCH_BEFORE_STORE=1 -DPRELOAD_MODE=0 -DSTAGGER_CYCLES=100 -DSUB_MMA_UNROLL=3 ... 0.527 ms / 2078 TFLOPS  (224 regs, 2.9s)
  Branch 2/3: -DCVT_ADD_FUSED=0 -DK_LOOP_UNROLL=8 -DPRELOAD_MODE=0 -DSTAGGER_CYCLES=100 -DSUB_MMA_UNROLL=3
Sweep: 3 total, 1 valid, 2 pruned
Estimated time: ~0 min (1 configs × ~5s each)

[1/1] -DCVT_ADD_FUSED=0 -DK_LOOP_UNROLL=8 -DPRELOAD_MODE=0 -DSTAGGER_CYCLES=100 -DSUB_MMA_UNROLL=3 ... 0.526 ms / 2080 TFLOPS  (209 regs, 2.9s)
  Branch 3/3: -DCVT_ADD_FUSED=0 -DK_LOOP_UNROLL=8 -DSTAGGER_CYCLES=100 -DSUB_MMA_UNROLL=3
Sweep: 3 total, 1 valid, 2 pruned
Estimated time: ~0 min (1 configs × ~5s each)

[1/1] -DCVT_ADD_FUSED=0 -DK_LOOP_UNROLL=8 -DSTAGGER_CYCLES=100 -DSUB_MMA_UNROLL=3 ... 0.528 ms / 2074 TFLOPS  (209 regs, 2.9s)

Tier 5 winner: -DCVT_ADD_FUSED=0 -DK_LOOP_UNROLL=8 -DPRELOAD_MODE=0 -DSTAGGER_CYCLES=100 -DSUB_MMA_UNROLL=3 → 0.526 ms / 2080 TFLOPS

@@GRID_WINNER -DCVT_ADD_FUSED=0 -DK_LOOP_UNROLL=8 -DPREFETCH_BEFORE_STORE=1 -DPRELOAD_MODE=0 -DSTAGGER_CYCLES=100 -DSUB_MMA_UNROLL=3

================================================================================
RESULTS (sorted by ms)
================================================================================
  #  STG  EPI  INTER  MBAR  TMEM  STAG  PH1U  SNAKE  FUSE  KLU  W0U  SMU  PRLD  PFBS  GELU  TMAR  REGS     SMEM       MS   TFLOPS  STATUS
-----------------------------------------------------------------------------------------------------------------------------------------
  1    4    4      2     0    32   100     2      1     0    8    0    3     1     0     0     0   209   193.0K    0.525     2085  BEST
  2    4    4      2     0    32   100     2      1     1    8    0    0     1     0     0     0   209   193.0K    0.525     2085  BEST
  3    4    4      2     1    32   160     2      1     1    8    0    0     1     0     0     0   211   193.0K    0.525     2084  BEST
  4    4    4      2     1    32   160     2      1     1    8    0    3     1     0     0     0   211   193.0K    0.525     2086  BEST
  5    4    4      2     0    32   100     2      1     1    8    0    0     0     1     0     0   224   193.0K    0.525     2084  BEST
  6    4    4      2     0    32   100     2      1     0    4    0    0     1     0     0     0   209   193.0K    0.526     2080  OK
  7    4    4      2     0    32   100     2      1     0    6    0    0     1     0     0     0   173   193.0K    0.526     2081  OK
  8    4    4      2     0    32   100     2      1     0    8    0    0     1     0     0     0   209   193.0K    0.526     2082  OK
  9    4    4      2     0    32   100     2      1     1    6    0    3     1     0     0     0   173   193.0K    0.526     2081  OK
 10    4    4      2     0    32   100     2      1     1    8    4    1     1     0     0     0   165   193.0K    0.526     2082  OK
 11    4    4      2     0    32   100     2      1     1    8    0    3     1     0     0     0   209   193.0K    0.526     2080  OK
 12    4    4      2     0    32   200     2      1     0    8    0    0     1     0     0     0   209   193.0K    0.526     2081  OK
 13    4    4      2     0    32   200     2      1     1    6    4    1     1     0     0     0   165   193.0K    0.526     2080  OK
 14    4    4      2     1    32   160     2      1     0    4    0    0     1     0     0     0   210   193.0K    0.526     2082  OK
 15    4    4      2     1    32   160     2      1     0    6    0    1     1     0     0     0   166   193.0K    0.526     2081  OK
 16    4    4      2     1    32   160     2      1     0    8    0    1     1     0     0     0   166   193.0K    0.526     2083  OK
 17    4    4      2     1    32   160     2      1     0    8    0    3     1     0     0     0   211   193.0K    0.526     2082  OK
 18    4    4      2     1    32   160     2      1     1    6    0    0     1     0     0     0   175   193.0K    0.526     2080  OK
 19    4    4      2     1    32   160     2      1     1    6    4    0     1     0     0     0   175   193.0K    0.526     2081  OK
 20    4    4      2     1    32   160     2      1     1    6    0    3     1     0     0     0   175   193.0K    0.526     2083  OK
 21    4    4      2     1    32   160     2      1     1    6    4    3     1     0     0     0   175   193.0K    0.526     2083  OK
 22    4    4      2     0    32   100     2      1     0    8    0    3     0     1     0     0   224   193.0K    0.526     2082  OK
 23    4    4      2     0    32   100     2      1     1    8    0    0     0     0     0     0   209   193.0K    0.526     2080  OK
 24    4    4      2     0    32   100     2      1     1    8    0    0     1     0     0     0   209   193.0K    0.526     2080  OK
 25    4    4      2     0    32   100     2      1     1    8    0    3     2     0     0     0   209   193.0K    0.526     2080  OK
 26    4    4      2     0    32   100     2      1     0    8    0    3     0     0     0     0   209   193.0K    0.526     2080  OK
 27    4    4      2     0    32   100     2      1     1    4    0    0     1     0     0     0   209   193.0K    0.527     2077  OK
 28    4    4      2     0    32   200     2      1     1    4    0    0     1     0     0     0   209   193.0K    0.527     2076  OK
 29    4    4      2     1    32   160     2      1     1    4    0    0     1     0     0     0   210   193.0K    0.527     2079  OK
 30    4    4      2     1    32   200     2      1     1    4    0    0     1     0     0     0   210   193.0K    0.527     2079  OK
 31    4    4      2     0    32   100     2      1     0    4    0    3     1     0     0     0   209   193.0K    0.527     2077  OK
 32    4    4      2     0    32   100     2      1     0    6    0    3     1     0     0     0   173   193.0K    0.527     2077  OK
 33    4    4      2     0    32   100     2      1     0    8    4    0     1     0     0     0   209   193.0K    0.527     2076  OK
 34    4    4      2     0    32   100     2      1     0    8    4    1     1     0     0     0   165   193.0K    0.527     2077  OK
 35    4    4      2     0    32   100     2      1     1    6    0    1     1     0     0     0   165   193.0K    0.527     2078  OK
 36    4    4      2     0    32   100     2      1     1    6    4    3     1     0     0     0   173   193.0K    0.527     2078  OK
 37    4    4      2     0    32   100     4      1     1    6    0    1     1     0     0     0   214   193.0K    0.527     2076  OK
 38    4    4      2     0    32   100     2      1     1    8    0    1     1     0     0     0   165   193.0K    0.527     2076  OK
 39    4    4      2     0    32   200     2      1     0    4    4    0     1     0     0     0   209   193.0K    0.527     2076  OK
 40    4    4      2     0    32   200     4      1     0    6    4    1     1     0     0     0   214   193.0K    0.527     2079  OK
 41    4    4      2     0    32   200     4      1     0    6    0    3     1     0     0     0   222   193.0K    0.527     2076  OK
 42    4    4      2     0    32   200     4      1     0    8    0    1     1     0     0     0   214   193.0K    0.527     2076  OK
 43    4    4      2     0    32   200     4      1     0    8    4    1     1     0     0     0   214   193.0K    0.527     2079  OK
 44    4    4      2     0    32   200     2      1     1    4    0    0     1     0     0     0   209   193.0K    0.527     2078  OK
 45    4    4      2     0    32   200     4      1     1    6    0    1     1     0     0     0   214   193.0K    0.527     2079  OK
 46    4    4      2     0    32   200     4      1     1    6    0    3     1     0     0     0   222   193.0K    0.527     2078  OK
 47    4    4      2     0    32   200     4      1     1    8    0    1     1     0     0     0   214   193.0K    0.527     2076  OK
 48    4    4      2     1    32   160     2      1     0    6    0    0     1     0     0     0   175   193.0K    0.527     2076  OK
 49    4    4      2     1    32   160     2      1     0    6    4    0     1     0     0     0   175   193.0K    0.527     2080  OK
 50    4    4      2     1    32   160     2      1     0    6    4    1     1     0     0     0   166   193.0K    0.527     2076  OK
 51    4    4      2     1    32   160     2      1     0    8    0    0     1     0     0     0   211   193.0K    0.527     2076  OK
 52    4    4      2     1    32   160     2      1     0    8    4    3     1     0     0     0   211   193.0K    0.527     2077  OK
 53    4    4      2     1    32   160     2      1     1    4    0    3     1     0     0     0   210   193.0K    0.527     2080  OK
 54    4    4      2     1    32   160     2      1     1    6    0    1     1     0     0     0   166   193.0K    0.527     2077  OK
 55    4    4      2     1    32   160     2      1     1    6    4    1     1     0     0     0   166   193.0K    0.527     2078  OK
 56    4    4      2     1    32   160     2      1     1    8    4    0     1     0     0     0   211   193.0K    0.527     2077  OK
 57    4    4      2     1    32   160     2      1     1    8    0    1     1     0     0     0   166   193.0K    0.527     2080  OK
 58    4    4      2     0    32   100     2      1     0    8    0    3     0     0     0     0   209   193.0K    0.527     2079  OK
 59    4    4      2     0    32   100     2      1     0    8    0    3     1     0     0     0   209   193.0K    0.527     2076  OK
 60    4    4      2     0    32   100     2      1     0    8    0    3     2     1     0     0   209   193.0K    0.527     2078  OK
 61    4    4      2     0    32   100     2      1     1    8    0    0     2     0     0     0   209   193.0K    0.527     2077  OK
 62    4    4      2     0    32   100     2      1     1    8    0    0     1     1     0     0   224   193.0K    0.527     2077  OK
 63    4    4      2     0    32   100     2      1     1    8    0    3     0     0     0     0   209   193.0K    0.527     2076  OK
 64    4    4      2     0    32   100     2      1     0    8    0    3     0     1     0     0   224   193.0K    0.527     2078  OK
 65    4    4      2     0    32    80     2      1     1    4    0    0     1     0     0     0   209   193.0K    0.528     2073  OK
 66    4    4      2     0    32   160     2      1     1    4    0    0     1     0     0     0   209   193.0K    0.528     2076  OK
 67    4    4      2     1    32    40     2      1     1    4    0    0     1     0     0     0   210   193.0K    0.528     2075  OK
 68    4    4      2     1    32    60     2      1     1    4    0    0     1     0     0     0   210   193.0K    0.528     2075  OK
 69    4    4      2     1    32    80     2      1     1    4    0    0     1     0     0     0   210   193.0K    0.528     2073  OK
 70    4    4      2     1    32   120     2      1     1    4    0    0     1     0     0     0   210   193.0K    0.528     2075  OK
 71    4    4      2     0    32   100     2      1     0    6    0    1     1     0     0     0   165   193.0K    0.528     2075  OK
 72    4    4      2     0    32   100     2      1     0    6    4    1     1     0     0     0   165   193.0K    0.528     2072  OK
 73    4    4      2     0    32   100     2      1     1    4    0    0     1     0     0     0   209   193.0K    0.528     2074  OK
 74    4    4      2     0    32   100     2      1     1    4    4    3     1     0     0     0   209   193.0K    0.528     2074  OK
 75    4    4      2     0    32   100     2      1     1    6    0    0     1     0     0     0   173   193.0K    0.528     2074  OK
 76    4    4      2     0    32   100     2      1     1    8    4    3     1     0     0     0   209   193.0K    0.528     2074  OK
 77    4    4      2     0    32   200     2      1     0    4    0    0     1     0     0     0   209   193.0K    0.528     2073  OK
 78    4    4      2     0    32   200     4      1     0    6    0    0     1     0     0     0   222   193.0K    0.528     2075  OK
 79    4    4      2     0    32   200     4      1     0    6    0    1     1     0     0     0   214   193.0K    0.528     2072  OK
 80    4    4      2     0    32   200     4      1     0    6    4    3     1     0     0     0   222   193.0K    0.528     2074  OK
 81    4    4      2     0    32   200     2      1     0    8    0    1     1     0     0     0   165   193.0K    0.528     2073  OK
 82    4    4      2     0    32   200     4      1     0    8    4    0     1     0     0     0   255   193.0K    0.528     2073  OK
 83    4    4      2     0    32   200     4      1     1    4    0    0     1     0     0     0   255   193.0K    0.528     2074  OK
 84    4    4      2     0    32   200     4      1     1    4    4    0     1     0     0     0   255   193.0K    0.528     2072  OK
 85    4    4      2     0    32   200     2      1     1    6    0    1     1     0     0     0   165   193.0K    0.528     2074  OK
 86    4    4      2     0    32   200     4      1     1    6    0    0     1     0     0     0   222   193.0K    0.528     2074  OK
 87    4    4      2     0    32   200     4      1     1    6    4    0     1     0     0     0   222   193.0K    0.528     2075  OK
 88    4    4      2     0    32   200     4      1     1    6    4    1     1     0     0     0   214   193.0K    0.528     2072  OK
 89    4    4      2     0    32   200     4      1     1    6    4    3     1     0     0     0   222   193.0K    0.528     2075  OK
 90    4    4      2     0    32   200     2      1     1    8    0    0     1     0     0     0   209   193.0K    0.528     2072  OK
 91    4    4      2     0    32   200     2      1     1    8    0    1     1     0     0     0   165   193.0K    0.528     2076  OK
 92    4    4      2     0    32   200     2      1     1    8    4    3     1     0     0     0   209   193.0K    0.528     2073  OK
 93    4    4      2     0    32   200     4      1     1    8    4    1     1     0     0     0   214   193.0K    0.528     2074  OK
 94    4    4      2     1    32   160     2      1     0    4    0    3     1     0     0     0   210   193.0K    0.528     2075  OK
 95    4    4      2     1    32   160     2      1     0    4    4    3     1     0     0     0   210   193.0K    0.528     2074  OK
 96    4    4      2     1    32   160     2      1     0    6    0    3     1     0     0     0   175   193.0K    0.528     2076  OK
 97    4    4      2     1    32   160     2      1     0    6    4    3     1     0     0     0   175   193.0K    0.528     2074  OK
 98    4    4      2     1    32   160     4      1     0    6    0    1     1     0     0     0   214   193.0K    0.528     2075  OK
 99    4    4      2     1    32   160     4      1     0    6    0    3     1     0     0     0   222   193.0K    0.528     2076  OK
100    4    4      2     1    32   160     2      1     0    8    4    0     1     0     0     0   211   193.0K    0.528     2076  OK
101    4    4      2     1    32   160     4      1     0    8    0    1     1     0     0     0   214   193.0K    0.528     2073  OK
102    4    4      2     1    32   160     4      1     0    8    4    1     1     0     0     0   214   193.0K    0.528     2072  OK
103    4    4      2     1    32   160     2      1     1    4    4    0     1     0     0     0   210   193.0K    0.528     2073  OK
104    4    4      2     1    32   160     2      1     1    4    4    3     1     0     0     0   210   193.0K    0.528     2075  OK
105    4    4      2     1    32   160     4      1     1    6    4    1     1     0     0     0   214   193.0K    0.528     2074  OK
106    4    4      2     1    32   160     2      1     1    8    4    3     1     0     0     0   211   193.0K    0.528     2075  OK
107    4    4      2     1    32   160     4      1     1    8    0    0     1     0     0     0   255   193.0K    0.528     2075  OK
108    4    4      2     1    32   160     4      1     1    8    0    1     1     0     0     0   214   193.0K    0.528     2075  OK
109    4    4      2     0    32   100     2      1     0    8    0    3     2     0     0     0   209   193.0K    0.528     2075  OK
110    4    4      2     0    32   100     2      1     0    8    0    3     1     1     0     0   224   193.0K    0.528     2073  OK
111    4    4      2     0    32   100     2      1     1    8    0    3     1     0     0     0   209   193.0K    0.528     2075  OK
112    4    4      2     0    32   100     2      1     1    8    0    3     0     1     0     0   224   193.0K    0.528     2076  OK
113    4    4      2     0    32   100     2      1     1    8    0    3     1     1     0     0   224   193.0K    0.528     2076  OK
114    4    4      2     0    32   100     2      1     1    8    0    3     2     1     0     0   209   193.0K    0.528     2073  OK
115    4    4      2     0    32   100     2      1     0    8    0    3     1     0     0     0   209   193.0K    0.528     2074  OK
116    4    4      2     0    32    80     2      1     1    4    0    0     1     0     0     0   209   193.0K    0.529     2069  OK
117    4    4      2     0    32   120     2      1     1    4    0    0     1     0     0     0   209   193.0K    0.529     2068  OK
118    4    4      2     1    32     0     2      1     1    4    0    0     1     0     0     0   209   193.0K    0.529     2070  OK
119    4    4      2     1    32   100     2      1     1    4    0    0     1     0     0     0   210   193.0K    0.529     2071  OK
120    4    4      2     0    32   100     2      1     0    4    4    0     1     0     0     0   209   193.0K    0.529     2072  OK
121    4    4      2     0    32   100     2      1     0    6    4    0     1     0     0     0   173   193.0K    0.529     2068  OK
122    4    4      2     0    32   100     2      1     0    6    4    3     1     0     0     0   173   193.0K    0.529     2070  OK
123    4    4      2     0    32   100     4      1     0    6    0    0     1     0     0     0   222   193.0K    0.529     2068  OK
124    4    4      2     0    32   100     4      1     0    6    0    3     1     0     0     0   222   193.0K    0.529     2070  OK
125    4    4      2     0    32   100     2      1     0    8    0    1     1     0     0     0   165   193.0K    0.529     2072  OK
126    4    4      2     0    32   100     2      1     0    8    4    3     1     0     0     0   209   193.0K    0.529     2070  OK
127    4    4      2     0    32   100     4      1     0    8    0    1     1     0     0     0   214   193.0K    0.529     2069  OK
128    4    4      2     0    32   100     2      1     1    4    4    0     1     0     0     0   209   193.0K    0.529     2071  OK
129    4    4      2     0    32   100     2      1     1    4    0    3     1     0     0     0   209   193.0K    0.529     2068  OK
130    4    4      2     0    32   100     2      1     1    6    4    0     1     0     0     0   173   193.0K    0.529     2070  OK
131    4    4      2     0    32   100     4      1     1    6    0    0     1     0     0     0   222   193.0K    0.529     2069  OK
132    4    4      2     0    32   100     4      1     1    8    4    3     1     0     0     0   255   193.0K    0.529     2070  OK
133    4    4      2     0    32   200     2      1     0    4    0    3     1     0     0     0   209   193.0K    0.529     2070  OK
134    4    4      2     0    32   200     4      1     0    4    0    0     1     0     0     0   255   193.0K    0.529     2069  OK
135    4    4      2     0    32   200     4      1     0    4    0    3     1     0     0     0   255   193.0K    0.529     2068  OK
136    4    4      2     0    32   200     2      1     0    6    0    0     1     0     0     0   173   193.0K    0.529     2069  OK
137    4    4      2     0    32   200     2      1     0    6    4    0     1     0     0     0   173   193.0K    0.529     2070  OK
138    4    4      2     0    32   200     2      1     0    6    0    3     1     0     0     0   173   193.0K    0.529     2068  OK
139    4    4      2     0    32   200     4      1     0    6    4    0     1     0     0     0   222   193.0K    0.529     2071  OK
140    4    4      2     0    32   200     2      1     0    8    0    3     1     0     0     0   209   193.0K    0.529     2071  OK
141    4    4      2     0    32   200     4      1     0    8    0    0     1     0     0     0   255   193.0K    0.529     2072  OK
142    4    4      2     0    32   200     4      1     0    8    0    3     1     0     0     0   255   193.0K    0.529     2072  OK
143    4    4      2     0    32   200     4      1     0    8    4    3     1     0     0     0   255   193.0K    0.529     2070  OK
144    4    4      2     0    32   200     2      1     1    4    0    3     1     0     0     0   209   193.0K    0.529     2072  OK
145    4    4      2     0    32   200     4      1     1    4    0    3     1     0     0     0   255   193.0K    0.529     2070  OK
146    4    4      2     0    32   200     2      1     1    6    0    0     1     0     0     0   173   193.0K    0.529     2068  OK
147    4    4      2     0    32   200     2      1     1    6    4    0     1     0     0     0   173   193.0K    0.529     2070  OK
148    4    4      2     0    32   200     2      1     1    6    0    3     1     0     0     0   173   193.0K    0.529     2069  OK
149    4    4      2     0    32   200     2      1     1    8    4    0     1     0     0     0   209   193.0K    0.529     2069  OK
150    4    4      2     0    32   200     2      1     1    8    0    3     1     0     0     0   209   193.0K    0.529     2069  OK
151    4    4      2     0    32   200     4      1     1    8    0    0     1     0     0     0   255   193.0K    0.529     2071  OK
152    4    4      2     0    32   200     4      1     1    8    4    0     1     0     0     0   255   193.0K    0.529     2070  OK
153    4    4      2     0    32   200     4      1     1    8    0    3     1     0     0     0   255   193.0K    0.529     2071  OK
154    4    4      2     0    32   200     4      1     1    8    4    3     1     0     0     0   255   193.0K    0.529     2069  OK
155    4    4      2     1    32   160     4      1     0    4    0    3     1     0     0     0   255   193.0K    0.529     2069  OK
156    4    4      2     1    32   160     4      1     0    6    4    0     1     0     0     0   222   193.0K    0.529     2070  OK
157    4    4      2     1    32   160     4      1     0    6    4    1     1     0     0     0   214   193.0K    0.529     2072  OK
158    4    4      2     1    32   160     4      1     0    6    4    3     1     0     0     0   222   193.0K    0.529     2068  OK
159    4    4      2     1    32   160     2      1     0    8    4    1     1     0     0     0   166   193.0K    0.529     2068  OK
160    4    4      2     1    32   160     4      1     0    8    4    0     1     0     0     0   255   193.0K    0.529     2069  OK
161    4    4      2     1    32   160     4      1     0    8    0    3     1     0     0     0   255   193.0K    0.529     2070  OK
162    4    4      2     1    32   160     4      1     0    8    4    3     1     0     0     0   255   193.0K    0.529     2069  OK
163    4    4      2     1    32   160     4      1     1    6    0    0     1     0     0     0   222   193.0K    0.529     2072  OK
164    4    4      2     1    32   160     4      1     1    6    4    0     1     0     0     0   222   193.0K    0.529     2070  OK
165    4    4      2     1    32   160     4      1     1    6    0    1     1     0     0     0   214   193.0K    0.529     2070  OK
166    4    4      2     1    32   160     4      1     1    6    0    3     1     0     0     0   222   193.0K    0.529     2071  OK
167    4    4      2     1    32   160     4      1     1    6    4    3     1     0     0     0   222   193.0K    0.529     2069  OK
168    4    4      2     1    32   160     4      1     1    8    0    3     1     0     0     0   255   193.0K    0.529     2068  OK
169    4    4      2     0    32   100     2      1     1    8    0    0     2     1     0     0   209   193.0K    0.529     2069  OK
170    4    4      1     1    32   160     2      1     1    4    0    0     1     0     0     0   208   193.0K    0.530     2067  OK
171    4    4      2     0    32     0     2      1     1    4    0    0     1     0     0     0   208   193.0K    0.530     2065  OK
172    4    4      2     0    32    40     2      1     1    4    0    0     1     0     0     0   209   193.0K    0.530     2067  OK
173    4    4      2     0    32    60     2      1     1    4    0    0     1     0     0     0   209   193.0K    0.530     2066  OK
174    4    4      2     0    32   100     4      1     0    4    4    0     1     0     0     0   255   193.0K    0.530     2067  OK
175    4    4      2     0    32   100     4      1     0    4    4    3     1     0     0     0   255   193.0K    0.530     2065  OK
176    4    4      2     0    32   100     4      1     0    6    0    1     1     0     0     0   214   193.0K    0.530     2066  OK
177    4    4      2     0    32   100     4      1     0    6    4    3     1     0     0     0   222   193.0K    0.530     2064  OK
178    4    4      2     0    32   100     4      1     0    8    0    0     1     0     0     0   255   193.0K    0.530     2065  OK
179    4    4      2     0    32   100     4      1     0    8    4    3     1     0     0     0   255   193.0K    0.530     2065  OK
180    4    4      2     0    32   100     2      1     1    6    4    1     1     0     0     0   165   193.0K    0.530     2065  OK
181    4    4      2     0    32   100     4      1     1    6    0    3     1     0     0     0   222   193.0K    0.530     2066  OK
182    4    4      2     0    32   100     2      1     1    8    4    0     1     0     0     0   209   193.0K    0.530     2065  OK
183    4    4      2     0    32   100     4      1     1    8    0    0     1     0     0     0   255   193.0K    0.530     2066  OK
184    4    4      2     0    32   100     4      1     1    8    0    1     1     0     0     0   214   193.0K    0.530     2065  OK
185    4    4      2     0    32   200     4      1     0    4    4    0     1     0     0     0   255   193.0K    0.530     2068  OK
186    4    4      2     0    32   200     4      1     0    4    4    3     1     0     0     0   255   193.0K    0.530     2065  OK
187    4    4      2     0    32   200     2      1     0    6    0    1     1     0     0     0   165   193.0K    0.530     2065  OK
188    4    4      2     0    32   200     2      1     0    6    4    1     1     0     0     0   165   193.0K    0.530     2067  OK
189    4    4      2     0    32   200     2      1     0    8    4    3     1     0     0     0   209   193.0K    0.530     2065  OK
190    4    4      2     0    32   200     2      1     1    4    4    0     1     0     0     0   209   193.0K    0.530     2065  OK
191    4    4      2     0    32   200     2      1     1    4    4    3     1     0     0     0   209   193.0K    0.530     2065  OK
192    4    4      2     0    32   200     4      1     1    4    4    3     1     0     0     0   255   193.0K    0.530     2066  OK
193    4    4      2     0    32   200     2      1     1    8    4    1     1     0     0     0   165   193.0K    0.530     2065  OK
194    4    4      2     1    32   160     2      1     0    4    4    0     1     0     0     0   210   193.0K    0.530     2067  OK
195    4    4      2     1    32   160     4      1     0    4    0    0     1     0     0     0   255   193.0K    0.530     2066  OK
196    4    4      2     1    32   160     4      1     0    4    4    3     1     0     0     0   255   193.0K    0.530     2064  OK
197    4    4      2     1    32   160     4      1     0    6    0    0     1     0     0     0   222   193.0K    0.530     2067  OK
198    4    4      2     1    32   160     4      1     0    8    0    0     1     0     0     0   255   193.0K    0.530     2064  OK
199    4    4      2     1    32   160     2      1     1    4    0    0     1     0     0     0   210   193.0K    0.530     2068  OK
200    4    4      2     1    32   160     4      1     1    4    4    0     1     0     0     0   255   193.0K    0.530     2068  OK
201    4    4      2     1    32   160     4      1     1    4    0    3     1     0     0     0   255   193.0K    0.530     2065  OK
202    4    4      2     1    32   160     4      1     1    4    4    3     1     0     0     0   255   193.0K    0.530     2064  OK
203    4    4      2     1    32   160     2      1     1    8    4    1     1     0     0     0   166   193.0K    0.530     2066  OK
204    4    4      2     1    32   160     4      1     1    8    4    0     1     0     0     0   255   193.0K    0.530     2066  OK
205    4    4      2     1    32   160     4      1     1    8    4    3     1     0     0     0   255   193.0K    0.530     2068  OK
206    4    4      1     1    32    40     2      1     1    4    0    0     1     0     0     0   208   193.0K    0.531     2064  OK
207    4    4      2     0    32   100     2      1     0    4    4    3     1     0     0     0   209   193.0K    0.531     2062  OK
208    4    4      2     0    32   100     4      1     0    4    0    0     1     0     0     0   255   193.0K    0.531     2060  OK
209    4    4      2     0    32   100     4      1     0    6    4    0     1     0     0     0   222   193.0K    0.531     2064  OK
210    4    4      2     0    32   100     4      1     0    6    4    1     1     0     0     0   214   193.0K    0.531     2062  OK
211    4    4      2     0    32   100     4      1     0    8    4    0     1     0     0     0   255   193.0K    0.531     2063  OK
212    4    4      2     0    32   100     4      1     0    8    4    1     1     0     0     0   214   193.0K    0.531     2062  OK
213    4    4      2     0    32   100     4      1     0    8    0    3     1     0     0     0   255   193.0K    0.531     2061  OK
214    4    4      2     0    32   100     4      1     1    4    0    0     1     0     0     0   255   193.0K    0.531     2062  OK
215    4    4      2     0    32   100     4      1     1    6    4    0     1     0     0     0   222   193.0K    0.531     2061  OK
216    4    4      2     0    32   100     4      1     1    6    4    1     1     0     0     0   214   193.0K    0.531     2064  OK
217    4    4      2     0    32   100     4      1     1    6    4    3     1     0     0     0   222   193.0K    0.531     2064  OK
218    4    4      2     0    32   100     4      1     1    8    4    0     1     0     0     0   255   193.0K    0.531     2062  OK
219    4    4      2     0    32   100     4      1     1    8    4    1     1     0     0     0   214   193.0K    0.531     2063  OK
220    4    4      2     0    32   100     4      1     1    8    0    3     1     0     0     0   255   193.0K    0.531     2063  OK
221    4    4      2     0    32   200     2      1     0    4    4    3     1     0     0     0   209   193.0K    0.531     2063  OK
222    4    4      2     0    32   200     4      1     0    4    0    1     1     0     0     0   214   193.0K    0.531     2061  OK
223    4    4      2     0    32   200     2      1     0    6    4    3     1     0     0     0   173   193.0K    0.531     2064  OK
224    4    4      2     0    32   200     2      1     0    8    4    0     1     0     0     0   209   193.0K    0.531     2063  OK
225    4    4      2     0    32   200     2      1     0    8    4    1     1     0     0     0   165   193.0K    0.531     2064  OK
226    4    4      2     0    32   200     2      1     1    6    4    3     1     0     0     0   173   193.0K    0.531     2064  OK
227    4    4      2     1    32   160     2      1     0    4    0    1     1     0     0     0   166   193.0K    0.531     2063  OK
228    4    4      2     1    32   160     2      1     0    4    4    1     1     0     0     0   166   193.0K    0.531     2061  OK
229    4    4      2     1    32   160     4      1     0    4    4    0     1     0     0     0   255   193.0K    0.531     2063  OK
230    4    4      2     1    32   160     2      1     1    4    4    1     1     0     0     0   166   193.0K    0.531     2061  OK
231    4    4      2     1    32   160     4      1     1    4    0    0     1     0     0     0   255   193.0K    0.531     2061  OK
232    4    4      2     1    32   160     4      1     1    4    0    1     1     0     0     0   214   193.0K    0.531     2062  OK
233    4    4      2     1    32   160     4      1     1    8    4    1     1     0     0     0   214   193.0K    0.531     2063  OK
234    4    4      1     0    32   100     2      1     1    4    0    0     1     0     0     0   206   193.0K    0.532     2056  OK
235    4    4      2     0    32   100     4      1     0    4    0    3     1     0     0     0   255   193.0K    0.532     2057  OK
236    4    4      2     0    32   100     4      1     1    4    4    0     1     0     0     0   255   193.0K    0.532     2058  OK
237    4    4      2     0    32   100     4      1     1    4    0    3     1     0     0     0   255   193.0K    0.532     2057  OK
238    4    4      2     0    32   100     4      1     1    4    4    3     1     0     0     0   255   193.0K    0.532     2059  OK
239    4    4      2     0    32   200     2      1     1    4    0    1     1     0     0     0   165   193.0K    0.532     2058  OK
240    4    4      2     0    32   200     4      1     1    4    0    1     1     0     0     0   214   193.0K    0.532     2058  OK
241    4    4      2     0    32   200     4      1     1    4    4    1     1     0     0     0   214   193.0K    0.532     2058  OK
242    4    4      2     1    32   160     4      1     1    4    4    1     1     0     0     0   214   193.0K    0.532     2057  OK
243    4    4      1     0    32    60     2      1     1    4    0    0     1     0     0     0   206   193.0K    0.533     2053  OK
244    4    4      1     0    32   160     2      1     1    4    0    0     1     0     0     0   206   193.0K    0.533     2053  OK
245    4    4      1     1    32    60     2      1     1    4    0    0     1     0     0     0   208   193.0K    0.533     2054  OK
246    4    4      1     1    32    80     2      1     1    4    0    0     1     0     0     0   208   193.0K    0.533     2056  OK
247    4    4      1     1    32   120     2      1     1    4    0    0     1     0     0     0   208   193.0K    0.533     2055  OK
248    4    4      1     1    32   200     2      1     1    4    0    0     1     0     0     0   208   193.0K    0.533     2053  OK
249    4    4      2     0    32   100     2      1     0    4    0    1     1     0     0     0   165   193.0K    0.533     2053  OK
250    4    4      2     0    32   100     2      1     1    4    0    1     1     0     0     0   165   193.0K    0.533     2055  OK
251    4    4      2     0    32   100     2      1     1    4    4    1     1     0     0     0   165   193.0K    0.533     2054  OK
252    4    4      2     0    32   200     4      1     0    4    4    1     1     0     0     0   214   193.0K    0.533     2056  OK
253    4    4      2     1    32   160     4      1     0    4    0    1     1     0     0     0   214   193.0K    0.533     2055  OK
254    4    4      2     1    32   160     4      1     0    4    4    1     1     0     0     0   214   193.0K    0.533     2054  OK
255    4    4      2     1    32   160     2      1     1    4    0    1     1     0     0     0   166   193.0K    0.533     2053  OK
256    4    4      1     0    32    80     2      1     1    4    0    0     1     0     0     0   206   193.0K    0.534     2051  OK
257    4    4      1     0    32   120     2      1     1    4    0    0     1     0     0     0   206   193.0K    0.534     2051  OK
258    4    4      1     1    32   100     2      1     1    4    0    0     1     0     0     0   208   193.0K    0.534     2052  OK
259    4    4      2     0    32   100     2      1     0    4    4    1     1     0     0     0   165   193.0K    0.534     2049  OK
260    4    4      2     0    32   200     2      1     0    4    0    1     1     0     0     0   165   193.0K    0.534     2051  OK
261    4    4      1     0    32    40     2      1     1    4    0    0     1     0     0     0   206   193.0K    0.535     2048  OK
262    4    4      1     1    32     0     2      1     1    4    0    0     1     0     0     0   206   193.0K    0.535     2046  OK
263    4    4      2     0    32   100     4      1     0    4    0    1     1     0     0     0   214   193.0K    0.535     2047  OK
264    4    4      2     0    32   100     4      1     0    4    4    1     1     0     0     0   214   193.0K    0.535     2045  OK
265    4    4      2     0    32   100     4      0     0    6    0    1     1     0     0     0   214   193.0K    0.535     2045  OK
266    4    4      2     0    32   100     4      1     1    4    0    1     1     0     0     0   214   193.0K    0.535     2047  OK
267    4    4      2     0    32   100     4      1     1    4    4    1     1     0     0     0   214   193.0K    0.535     2048  OK
268    4    4      1     0    32     0     2      1     1    4    0    0     1     0     0     0   205   193.0K    0.536     2042  OK
269    4    4      1     0    32   200     2      1     1    4    0    0     1     0     0     0   206   193.0K    0.536     2042  OK
270    4    4      2     0    32   100     4      0     0    6    4    0     1     0     0     0   222   193.0K    0.536     2043  OK
271    4    4      2     0    32   100     4      0     1    6    0    0     1     0     0     0   222   193.0K    0.536     2041  OK
272    4    4      2     0    32   100     4      0     1    6    0    1     1     0     0     0   214   193.0K    0.536     2044  OK
273    4    4      2     0    32   100     4      0     1    6    0    3     1     0     0     0   222   193.0K    0.536     2042  OK
274    4    4      2     0    32   100     4      0     1    8    0    1     1     0     0     0   214   193.0K    0.536     2042  OK
275    4    4      2     1    32   160     4      0     0    8    0    3     1     0     0     0   255   193.0K    0.536     2043  OK
276    4    4      2     1    32   160     4      0     1    8    0    1     1     0     0     0   214   193.0K    0.536     2041  OK
277    4    4      2     0    32   100     4      0     0    6    4    1     1     0     0     0   214   193.0K    0.537     2039  OK
278    4    4      2     0    32   100     4      0     0    8    4    1     1     0     0     0   214   193.0K    0.537     2039  OK
279    4    4      2     0    32   100     4      0     0    8    4    3     1     0     0     0   255   193.0K    0.537     2038  OK
280    4    4      2     0    32   200     2      1     0    4    4    1     1     0     0     0   165   193.0K    0.537     2040  OK
281    4    4      2     0    32   200     4      0     0    6    4    1     1     0     0     0   214   193.0K    0.537     2038  OK
282    4    4      2     0    32   200     2      1     1    4    4    1     1     0     0     0   165   193.0K    0.537     2041  OK
283    4    4      2     1    32   160     4      0     0    8    0    0     1     0     0     0   255   193.0K    0.537     2038  OK
284    4    4      2     1    32   160     4      0     1    6    0    0     1     0     0     0   222   193.0K    0.537     2039  OK
285    4    4      2     1    32   160     4      0     1    6    0    1     1     0     0     0   214   193.0K    0.537     2038  OK
286    4    4      2     0    32   100     4      0     0    6    0    0     1     0     0     0   222   193.0K    0.538     2035  OK
287    4    4      2     0    32   100     4      0     0    6    4    3     1     0     0     0   222   193.0K    0.538     2034  OK
288    4    4      2     0    32   100     4      0     1    8    0    0     1     0     0     0   255   193.0K    0.538     2034  OK
289    4    4      2     0    32   200     4      0     0    4    4    0     1     0     0     0   255   193.0K    0.538     2035  OK
290    4    4      2     0    32   200     4      0     1    6    4    0     1     0     0     0   222   193.0K    0.538     2036  OK
291    4    4      2     0    32   200     4      0     1    6    0    1     1     0     0     0   214   193.0K    0.538     2036  OK
292    4    4      2     0    32   200     4      0     1    6    0    3     1     0     0     0   222   193.0K    0.538     2036  OK
293    4    4      2     1    32   160     4      0     0    4    0    0     1     0     0     0   255   193.0K    0.538     2034  OK
294    4    4      2     1    32   160     4      0     0    6    4    3     1     0     0     0   222   193.0K    0.538     2035  OK
295    4    4      2     1    32   160     4      0     0    8    0    1     1     0     0     0   214   193.0K    0.538     2034  OK
296    4    4      2     1    32   160     4      0     1    6    4    0     1     0     0     0   222   193.0K    0.538     2036  OK
297    4    4      2     1    32   160     4      0     1    6    4    1     1     0     0     0   214   193.0K    0.538     2035  OK
298    4    4      2     1    32   160     4      0     1    6    0    3     1     0     0     0   222   193.0K    0.538     2037  OK
299    4    4      2     1    32   160     4      0     1    8    4    3     1     0     0     0   255   193.0K    0.538     2033  OK
300    4    4      2     0    32   100     4      0     0    6    0    3     1     0     0     0   222   193.0K    0.539     2030  OK
301    4    4      2     0    32   100     4      0     1    4    4    1     1     0     0     0   214   193.0K    0.539     2030  OK
302    4    4      2     0    32   100     4      0     1    6    4    3     1     0     0     0   222   193.0K    0.539     2033  OK
303    4    4      2     0    32   200     4      0     0    6    0    3     1     0     0     0   222   193.0K    0.539     2033  OK
304    4    4      2     0    32   200     4      0     0    6    4    3     1     0     0     0   222   193.0K    0.539     2032  OK
305    4    4      2     0    32   200     4      0     0    8    0    1     1     0     0     0   214   193.0K    0.539     2033  OK
306    4    4      2     0    32   200     4      0     1    4    4    0     1     0     0     0   255   193.0K    0.539     2033  OK
307    4    4      2     0    32   200     4      0     1    8    0    1     1     0     0     0   214   193.0K    0.539     2031  OK
308    4    4      2     1    32   160     4      0     0    4    4    1     1     0     0     0   214   193.0K    0.539     2031  OK
309    4    4      2     1    32   160     4      0     0    6    0    0     1     0     0     0   222   193.0K    0.539     2030  OK
310    4    4      2     1    32   160     4      0     0    6    0    1     1     0     0     0   214   193.0K    0.539     2032  OK
311    4    4      2     1    32   160     4      0     0    6    4    1     1     0     0     0   214   193.0K    0.539     2030  OK
312    4    4      2     1    32   160     4      0     1    4    0    0     1     0     0     0   255   193.0K    0.539     2032  OK
313    4    4      2     1    32   160     4      0     1    4    0    3     1     0     0     0   255   193.0K    0.539     2031  OK
314    4    4      2     1    32   160     4      0     1    4    4    3     1     0     0     0   255   193.0K    0.539     2031  OK
315    4    4      2     1    32   160     4      0     1    6    4    3     1     0     0     0   222   193.0K    0.539     2032  OK
316    4    4      2     1    32   160     4      0     1    8    0    0     1     0     0     0   255   193.0K    0.539     2033  OK
317    4    4      2     0    32   100     4      0     0    8    0    0     1     0     0     0   255   193.0K    0.540     2026  OK
318    4    4      2     0    32   100     4      0     0    8    4    0     1     0     0     0   255   193.0K    0.540     2028  OK
319    4    4      2     0    32   100     4      0     0    8    0    1     1     0     0     0   214   193.0K    0.540     2030  OK
320    4    4      2     0    32   100     4      0     0    8    0    3     1     0     0     0   255   193.0K    0.540     2028  OK
321    4    4      2     0    32   100     4      0     1    4    4    0     1     0     0     0   255   193.0K    0.540     2029  OK
322    4    4      2     0    32   100     4      0     1    4    0    1     1     0     0     0   214   193.0K    0.540     2026  OK
323    4    4      2     0    32   100     4      0     1    4    0    3     1     0     0     0   255   193.0K    0.540     2026  OK
324    4    4      2     0    32   100     4      0     1    4    4    3     1     0     0     0   255   193.0K    0.540     2027  OK
325    4    4      2     0    32   100     4      0     1    6    4    0     1     0     0     0   222   193.0K    0.540     2029  OK
326    4    4      2     0    32   100     4      0     1    6    4    1     1     0     0     0   214   193.0K    0.540     2027  OK
327    4    4      2     0    32   100     4      0     1    8    4    0     1     0     0     0   255   193.0K    0.540     2026  OK
328    4    4      2     0    32   200     4      0     0    4    0    1     1     0     0     0   214   193.0K    0.540     2028  OK
329    4    4      2     0    32   200     4      0     0    6    0    1     1     0     0     0   214   193.0K    0.540     2030  OK
330    4    4      2     0    32   200     4      0     0    8    4    1     1     0     0     0   214   193.0K    0.540     2030  OK
331    4    4      2     0    32   200     4      0     1    6    4    3     1     0     0     0   222   193.0K    0.540     2029  OK
332    4    4      2     0    32   200     4      0     1    8    0    3     1     0     0     0   255   193.0K    0.540     2026  OK
333    4    4      2     1    32   160     4      0     1    8    4    1     1     0     0     0   214   193.0K    0.540     2026  OK
334    4    4      2     1    32   160     4      0     1    8    0    3     1     0     0     0   255   193.0K    0.540     2027  OK
335    4    4      2     0    32   100     4      0     0    4    0    0     1     0     0     0   255   193.0K    0.541     2024  OK
336    4    4      2     0    32   100     4      0     0    4    4    0     1     0     0     0   255   193.0K    0.541     2026  OK
337    4    4      2     0    32   100     4      0     1    4    0    0     1     0     0     0   255   193.0K    0.541     2024  OK
338    4    4      2     0    32   100     4      0     1    8    4    1     1     0     0     0   214   193.0K    0.541     2025  OK
339    4    4      2     0    32   100     4      0     1    8    0    3     1     0     0     0   255   193.0K    0.541     2026  OK
340    4    4      2     0    32   100     4      0     1    8    4    3     1     0     0     0   255   193.0K    0.541     2022  OK
341    4    4      2     0    32   200     4      0     0    6    0    0     1     0     0     0   222   193.0K    0.541     2025  OK
342    4    4      2     0    32   200     4      0     0    8    0    3     1     0     0     0   255   193.0K    0.541     2022  OK
343    4    4      2     0    32   200     4      0     1    4    4    3     1     0     0     0   255   193.0K    0.541     2025  OK
344    4    4      2     0    32   200     4      0     1    6    0    0     1     0     0     0   222   193.0K    0.541     2025  OK
345    4    4      2     0    32   200     4      0     1    6    4    1     1     0     0     0   214   193.0K    0.541     2024  OK
346    4    4      2     0    32   200     4      0     1    8    4    1     1     0     0     0   214   193.0K    0.541     2022  OK
347    4    4      2     1    32   160     4      0     0    4    0    1     1     0     0     0   214   193.0K    0.541     2024  OK
348    4    4      2     1    32   160     4      0     0    4    0    3     1     0     0     0   255   193.0K    0.541     2025  OK
349    4    4      2     1    32   160     4      0     0    4    4    3     1     0     0     0   255   193.0K    0.541     2026  OK
350    4    4      2     1    32   160     4      0     0    6    4    0     1     0     0     0   222   193.0K    0.541     2022  OK
351    4    4      2     1    32   160     4      0     0    6    0    3     1     0     0     0   222   193.0K    0.541     2025  OK
352    4    4      2     1    32   160     4      0     0    8    4    0     1     0     0     0   255   193.0K    0.541     2024  OK
353    4    4      2     1    32   160     4      0     1    4    4    0     1     0     0     0   255   193.0K    0.541     2023  OK
354    4    4      2     1    32   160     4      0     1    4    0    1     1     0     0     0   214   193.0K    0.541     2023  OK
355    4    4      2     0    32   100     4      0     0    4    4    1     1     0     0     0   214   193.0K    0.542     2021  OK
356    4    4      2     0    32   100     4      0     0    4    0    3     1     0     0     0   255   193.0K    0.542     2019  OK
357    4    4      2     0    32   200     4      0     0    8    4    0     1     0     0     0   255   193.0K    0.542     2019  OK
358    4    4      2     0    32   200     4      0     1    4    0    1     1     0     0     0   214   193.0K    0.542     2019  OK
359    4    4      2     0    32   200     4      0     1    4    4    1     1     0     0     0   214   193.0K    0.542     2020  OK
360    4    4      2     1    32   160     4      0     0    4    4    0     1     0     0     0   255   193.0K    0.542     2022  OK
361    4    4      2     1    32   160     4      0     0    8    4    1     1     0     0     0   214   193.0K    0.542     2022  OK
362    4    4      2     1    32   160     4      0     1    8    4    0     1     0     0     0   255   193.0K    0.542     2021  OK
363    4    4      2     0    32   100     4      0     0    4    0    1     1     0     0     0   214   193.0K    0.543     2018  OK
364    4    4      2     0    32   100     4      0     0    4    4    3     1     0     0     0   255   193.0K    0.543     2017  OK
365    4    4      2     0    32   200     4      0     0    4    4    1     1     0     0     0   214   193.0K    0.543     2017  OK
366    4    4      2     0    32   200     4      0     0    4    0    3     1     0     0     0   255   193.0K    0.543     2018  OK
367    4    4      2     0    32   200     4      0     0    6    4    0     1     0     0     0   222   193.0K    0.543     2015  OK
368    4    4      2     0    32   200     4      0     0    8    0    0     1     0     0     0   255   193.0K    0.543     2017  OK
369    4    4      2     0    32   200     4      0     0    8    4    3     1     0     0     0   255   193.0K    0.543     2017  OK
370    4    4      2     0    32   200     4      0     1    4    0    0     1     0     0     0   255   193.0K    0.543     2016  OK
371    4    4      2     0    32   200     4      0     1    4    0    3     1     0     0     0   255   193.0K    0.543     2015  OK
372    4    4      2     0    32   200     4      0     1    8    4    0     1     0     0     0   255   193.0K    0.543     2017  OK
373    4    4      3     0    32   100     2      1     1    4    0    0     1     0     0     0   209   193.0K    0.544     2011  OK
374    4    4      3     1    32    80     2      1     1    4    0    0     1     0     0     0   210   193.0K    0.544     2014  OK
375    4    4      3     1    32   160     2      1     1    4    0    0     1     0     0     0   210   193.0K    0.544     2012  OK
376    4    4      2     0    32   200     4      0     0    4    0    0     1     0     0     0   255   193.0K    0.544     2011  OK
377    4    4      2     0    32   200     4      0     1    8    0    0     1     0     0     0   255   193.0K    0.544     2013  OK
378    4    4      2     0    32   200     4      0     1    8    4    3     1     0     0     0   255   193.0K    0.544     2011  OK
379    4    4      2     1    32   160     4      0     1    4    4    1     1     0     0     0   214   193.0K    0.544     2014  OK
380    4    4      3     0    32    40     2      1     1    4    0    0     1     0     0     0   209   193.0K    0.545     2010  OK
381    4    4      3     0    32    80     2      1     1    4    0    0     1     0     0     0   209   193.0K    0.545     2009  OK
382    4    4      3     1    32    60     2      1     1    4    0    0     1     0     0     0   210   193.0K    0.545     2010  OK
383    4    4      3     1    32   100     2      1     1    4    0    0     1     0     0     0   210   193.0K    0.545     2008  OK
384    4    4      3     1    32   120     2      1     1    4    0    0     1     0     0     0   210   193.0K    0.545     2010  OK
385    4    4      2     1    32   160     4      0     0    8    4    3     1     0     0     0   255   193.0K    0.545     2010  OK
386    4    4      3     0    32     0     2      1     1    4    0    0     1     0     0     0   208   193.0K    0.546     2006  OK
387    4    4      3     0    32    60     2      1     1    4    0    0     1     0     0     0   209   193.0K    0.546     2007  OK
388    4    4      3     0    32   120     2      1     1    4    0    0     1     0     0     0   209   193.0K    0.546     2007  OK
389    4    4      3     0    32   200     2      1     1    4    0    0     1     0     0     0   209   193.0K    0.546     2005  OK
390    4    4      3     1    32    40     2      1     1    4    0    0     1     0     0     0   210   193.0K    0.546     2004  OK
391    4    4      2     0    32   200     4      0     0    4    4    3     1     0     0     0   255   193.0K    0.546     2005  OK
392    4    4      3     0    32   160     2      1     1    4    0    0     1     0     0     0   209   193.0K    0.547     2001  OK
393    4    4      3     1    32     0     2      1     1    4    0    0     1     0     0     0   209   193.0K    0.548     1997  OK
394    4    4      3     1    32   200     2      1     1    4    0    0     1     0     0     0   210   193.0K    0.548     1999  OK
395    4    4      0     0    32   200     2      1     1    4    0    0     1     0     0     0   208   193.0K    0.554     1978  OK
396    4    4      0     1    32   200     2      1     1    4    0    0     1     0     0     0   208   193.0K    0.554     1977  OK
397    4    4      0     1    32   120     2      1     1    4    0    0     1     0     0     0   208   193.0K    0.555     1974  OK
398    4    4      0     0    32    40     2      1     1    4    0    0     1     0     0     0   208   193.0K    0.556     1970  OK
399    4    4      0     0    32    60     2      1     1    4    0    0     1     0     0     0   208   193.0K    0.556     1971  OK
400    4    4      0     0    32   160     2      1     1    4    0    0     1     0     0     0   208   193.0K    0.556     1970  OK
401    4    4      0     1    32    40     2      1     1    4    0    0     1     0     0     0   208   193.0K    0.556     1970  OK
402    4    4      0     1    32    80     2      1     1    4    0    0     1     0     0     0   208   193.0K    0.556     1971  OK
403    4    4      0     1    32   100     2      1     1    4    0    0     1     0     0     0   208   193.0K    0.556     1969  OK
404    4    4      0     1    32   160     2      1     1    4    0    0     1     0     0     0   208   193.0K    0.556     1969  OK
405    4    4      2     0    32   100     2      0     1    8    4    3     1     0     0     0   209   193.0K    0.556     1971  OK
406    4    4      0     0    32   100     2      1     1    4    0    0     1     0     0     0   208   193.0K    0.557     1968  OK
407    4    4      0     1    32    60     2      1     1    4    0    0     1     0     0     0   208   193.0K    0.557     1967  OK
408    4    4      0     0    32    80     2      1     1    4    0    0     1     0     0     0   208   193.0K    0.558     1963  OK
409    4    4      0     0    32   120     2      1     1    4    0    0     1     0     0     0   208   193.0K    0.558     1964  OK
410    4    4      0     1    32     0     2      1     1    4    0    0     1     0     0     0   207   193.0K    0.558     1961  OK
411    4    4      2     0    32   100     2      0     1    4    4    3     1     0     0     0   209   193.0K    0.558     1963  OK
412    4    4      2     0    32   100     2      0     1    8    4    0     1     0     0     0   209   193.0K    0.558     1963  OK
413    4    4      0     0    32     0     2      1     1    4    0    0     1     0     0     0   207   193.0K    0.559     1958  OK
414    4    4      2     1    32   160     2      0     1    8    0    3     1     0     0     0   211   193.0K    0.561     1951  OK
415    4    4      2     1    32   160     2      0     1    4    4    0     1     0     0     0   210   193.0K    0.563     1945  OK
416    4    4      2     0    32   100     2      0     0    8    4    1     1     0     0     0   165   193.0K    0.564     1943  OK
417    4    4      2     0    32   100     2      0     1    8    4    1     1     0     0     0   165   193.0K    0.564     1941  OK
418    4    4      2     1    32   160     2      0     1    4    0    0     1     0     0     0   210   193.0K    0.564     1940  OK
419    4    4      2     1    32   160     2      0     0    6    0    3     1     0     0     0   175   193.0K    0.565     1938  OK
420    4    4      2     0    32   100     2      0     0    6    0    0     1     0     0     0   173   193.0K    0.566     1936  OK
421    4    4      2     0    32   100     2      0     0    8    0    0     1     0     0     0   209   193.0K    0.566     1936  OK
422    4    4      2     0    32   100     2      0     0    8    4    0     1     0     0     0   209   193.0K    0.566     1936  OK
423    4    4      2     0    32   100     2      0     0    8    0    1     1     0     0     0   165   193.0K    0.566     1936  OK
424    4    4      2     0    32   100     2      0     1    8    0    0     1     0     0     0   209   193.0K    0.566     1935  OK
425    4    4      2     0    32   100     2      0     0    8    0    3     1     0     0     0   209   193.0K    0.567     1933  OK
426    4    4      2     0    32   100     2      0     0    8    4    3     1     0     0     0   209   193.0K    0.567     1930  OK
427    4    4      2     0    32   100     2      0     1    4    0    0     1     0     0     0   209   193.0K    0.567     1930  OK
428    3    4      2     1    32   200     2      1     1    4    0    0     1     0     0     0   156   161.0K    0.568     1926  OK
429    4    4      2     0    32   100     2      0     0    4    0    0     1     0     0     0   209   193.0K    0.568     1929  OK
430    4    4      2     0    32   100     2      0     0    4    4    1     1     0     0     0   165   193.0K    0.568     1928  OK
431    4    4      2     0    32   100     2      0     0    4    0    3     1     0     0     0   209   193.0K    0.568     1929  OK
432    4    4      2     0    32   100     2      0     1    4    0    3     1     0     0     0   209   193.0K    0.568     1929  OK
433    4    4      2     0    32   100     2      0     1    8    0    3     1     0     0     0   209   193.0K    0.568     1928  OK
434    4    4      2     1    32   160     2      0     0    4    0    3     1     0     0     0   210   193.0K    0.568     1928  OK
435    4    4      2     1    32   160     2      0     0    8    4    3     1     0     0     0   211   193.0K    0.568     1927  OK
436    4    4      2     1    32   160     2      0     1    6    4    0     1     0     0     0   175   193.0K    0.568     1929  OK
437    3    4      2     0    32   160     2      1     1    4    0    0     1     0     0     0   154   161.0K    0.569     1923  OK
438    3    4      2     0    32   200     2      1     1    4    0    0     1     0     0     0   154   161.0K    0.569     1923  OK
439    3    4      2     1    32   160     2      1     1    4    0    0     1     0     0     0   156   161.0K    0.569     1923  OK
440    4    4      2     0    32   100     2      0     0    6    4    0     1     0     0     0   173   193.0K    0.569     1926  OK
441    4    4      2     0    32   100     2      0     0    6    0    1     1     0     0     0   165   193.0K    0.569     1923  OK
442    4    4      2     0    32   100     2      0     1    6    0    3     1     0     0     0   173   193.0K    0.569     1923  OK
443    4    4      2     0    32   100     2      0     1    8    0    1     1     0     0     0   165   193.0K    0.569     1926  OK
444    4    4      2     1    32   160     2      0     1    4    0    3     1     0     0     0   210   193.0K    0.569     1924  OK
445    3    4      1     0    32   200     2      1     1    4    0    0     1     0     0     0   152   161.0K    0.570     1920  OK
446    4    4      2     0    32   100     2      0     1    6    4    3     1     0     0     0   173   193.0K    0.570     1920  OK
447    3    4      1     0    32   120     2      1     1    4    0    0     1     0     0     0   152   161.0K    0.571     1919  OK
448    3    4      1     1    32   200     2      1     1    4    0    0     1     0     0     0   153   161.0K    0.571     1917  OK
449    4    4      2     1    32   160     2      0     1    4    4    3     1     0     0     0   210   193.0K    0.571     1919  OK
450    3    4      1     0    32   160     2      1     1    4    0    0     1     0     0     0   152   161.0K    0.572     1914  OK
451    3    4      1     1    32   160     2      1     1    4    0    0     1     0     0     0   153   161.0K    0.572     1916  OK
452    3    4      2     0    32   120     2      1     1    4    0    0     1     0     0     0   154   161.0K    0.572     1914  OK
453    3    4      2     1    32    80     2      1     1    4    0    0     1     0     0     0   156   161.0K    0.572     1915  OK
454    3    4      2     1    32   120     2      1     1    4    0    0     1     0     0     0   156   161.0K    0.572     1915  OK
455    4    4      2     0    32   100     2      0     1    6    0    0     1     0     0     0   173   193.0K    0.572     1913  OK
456    4    4      2     0    32   100     2      0     1    6    4    0     1     0     0     0   173   193.0K    0.572     1915  OK
457    4    4      2     0    32   200     2      0     0    8    4    0     1     0     0     0   209   193.0K    0.572     1914  OK
458    4    4      2     0    32   200     2      0     0    8    4    3     1     0     0     0   209   193.0K    0.572     1916  OK
459    4    4      2     1    32   160     2      0     0    6    0    1     1     0     0     0   166   193.0K    0.572     1913  OK
460    4    4      2     0    32   100     2      0     0    4    4    0     1     0     0     0   209   193.0K    0.573     1912  OK
461    4    4      2     0    32   100     2      0     1    6    4    1     1     0     0     0   165   193.0K    0.573     1911  OK
462    4    4      2     0    32   200     2      0     0    6    0    0     1     0     0     0   173   193.0K    0.573     1911  OK
463    3    4      1     1    32    80     2      1     1    4    0    0     1     0     0     0   153   161.0K    0.574     1906  OK
464    4    4      2     0    32   100     2      0     0    6    4    3     1     0     0     0   173   193.0K    0.574     1907  OK
465    4    4      2     0    32   100     2      0     1    4    4    0     1     0     0     0   209   193.0K    0.574     1909  OK
466    4    4      2     0    32   200     2      0     0    8    0    0     1     0     0     0   209   193.0K    0.574     1909  OK
467    4    4      2     1    32   160     2      0     0    8    0    3     1     0     0     0   211   193.0K    0.574     1907  OK
468    3    4      1     0    32    80     2      1     1    4    0    0     1     0     0     0   152   161.0K    0.575     1904  OK
469    3    4      1     1    32   120     2      1     1    4    0    0     1     0     0     0   153   161.0K    0.575     1905  OK
470    3    4      2     0    32   100     2      1     1    4    0    0     1     0     0     0   154   161.0K    0.575     1906  OK
471    3    4      2     1    32   100     2      1     1    4    0    0     1     0     0     0   156   161.0K    0.575     1905  OK
472    4    4      2     0    32   100     2      0     1    4    0    1     1     0     0     0   165   193.0K    0.575     1906  OK
473    4    4      2     0    32   200     2      0     0    4    0    3     1     0     0     0   209   193.0K    0.575     1904  OK
474    4    4      2     1    32   160     2      0     1    6    4    3     1     0     0     0   175   193.0K    0.575     1906  OK
475    3    4      2     0    32    80     2      1     1    4    0    0     1     0     0     0   154   161.0K    0.576     1903  OK
476    3    4      1     0    32   100     2      1     1    4    0    0     1     0     0     0   152   161.0K    0.576     1900  OK
477    3    4      1     1    32    60     2      1     1    4    0    0     1     0     0     0   153   161.0K    0.576     1900  OK
478    3    4      2     1    32    40     2      1     1    4    0    0     1     0     0     0   156   161.0K    0.576     1901  OK
479    4    4      2     0    32   100     2      0     1    6    0    1     1     0     0     0   165   193.0K    0.576     1901  OK
480    4    4      2     1    32   160     2      0     0    8    4    0     1     0     0     0   211   193.0K    0.576     1900  OK
481    3    4      1     1    32   100     2      1     1    4    0    0     1     0     0     0   153   161.0K    0.577     1897  OK
482    4    4      2     0    32   100     2      0     0    4    4    3     1     0     0     0   209   193.0K    0.577     1898  OK
483    4    4      2     1    32   160     2      0     0    8    4    1     1     0     0     0   166   193.0K    0.577     1897  OK
484    3    4      2     0    32    80     2      1     1    4    0    0     1     0     0     0   154   161.0K    0.578     1894  OK
485    3    4      2     1    32    60     2      1     1    4    0    0     1     0     0     0   156   161.0K    0.578     1896  OK
486    4    4      2     1    32   160     2      0     0    4    0    0     1     0     0     0   210   193.0K    0.578     1895  OK
487    4    4      2     1    32   160     2      0     0    6    0    0     1     0     0     0   175   193.0K    0.578     1895  OK
488    4    4      2     1    32   160     2      0     0    8    0    0     1     0     0     0   211   193.0K    0.578     1894  OK
489    3    4      1     0    32    60     2      1     1    4    0    0     1     0     0     0   152   161.0K    0.579     1890  OK
490    3    4      1     1    32    40     2      1     1    4    0    0     1     0     0     0   153   161.0K    0.579     1891  OK
491    3    4      2     0    32    60     2      1     1    4    0    0     1     0     0     0   154   161.0K    0.579     1892  OK
492    4    4      2     1    32   160     2      0     0    4    4    3     1     0     0     0   210   193.0K    0.579     1890  OK
493    4    4      2     1    32   160     2      0     0    6    4    3     1     0     0     0   175   193.0K    0.579     1890  OK
494    3    4      1     0    32    40     2      1     1    4    0    0     1     0     0     0   152   161.0K    0.580     1888  OK
495    3    4      2     0    32    40     2      1     1    4    0    0     1     0     0     0   154   161.0K    0.580     1890  OK
496    4    4      2     0    32   100     2      0     0    6    4    1     1     0     0     0   165   193.0K    0.580     1889  OK
497    4    4      2     0    32   200     2      0     1    6    4    0     1     0     0     0   173   193.0K    0.581     1886  OK
498    4    4      2     1    32   160     2      0     1    6    0    3     1     0     0     0   175   193.0K    0.581     1886  OK
499    4    4      2     1    32   160     2      0     1    8    4    1     1     0     0     0   166   193.0K    0.581     1885  OK
500    4    4      2     0    32   200     2      0     0    6    0    3     1     0     0     0   173   193.0K    0.582     1882  OK
501    4    4      2     0    32   200     2      0     0    8    4    1     1     0     0     0   165   193.0K    0.583     1879  OK
502    4    4      2     1    32   160     2      0     1    4    0    1     1     0     0     0   166   193.0K    0.583     1878  OK
503    3    4      2     1    32     0     2      1     1    4    0    0     1     0     0     0   155   161.0K    0.584     1874  OK
504    4    4      2     1    32   160     2      0     0    4    4    1     1     0     0     0   166   193.0K    0.584     1876  OK
505    4    4      2     1    32   160     2      0     0    6    4    1     1     0     0     0   166   193.0K    0.584     1874  OK
506    4    4      2     1    32   160     2      0     1    6    0    1     1     0     0     0   166   193.0K    0.584     1873  OK
507    3    4      0     0    32   160     2      1     1    4    0    0     1     0     0     0   153   161.0K    0.585     1871  OK
508    4    4      2     0    32   200     2      0     0    4    4    0     1     0     0     0   209   193.0K    0.585     1871  OK
509    4    4      2     0    32   200     2      0     0    4    4    1     1     0     0     0   165   193.0K    0.585     1872  OK
510    4    4      2     0    32   200     2      0     1    4    4    3     1     0     0     0   209   193.0K    0.585     1871  OK
511    4    4      2     0    32   200     2      0     1    8    0    0     1     0     0     0   209   193.0K    0.585     1873  OK
512    4    4      2     0    32   200     2      0     1    8    0    3     1     0     0     0   209   193.0K    0.585     1871  OK
513    4    4      2     1    32   160     2      0     0    4    4    0     1     0     0     0   210   193.0K    0.585     1872  OK
514    4    4      2     1    32   160     2      0     0    6    4    0     1     0     0     0   175   193.0K    0.585     1870  OK
515    4    4      2     1    32   160     2      0     0    8    0    1     1     0     0     0   166   193.0K    0.585     1872  OK
516    4    4      2     1    32   160     2      0     1    8    4    3     1     0     0     0   211   193.0K    0.585     1871  OK
517    3    4      0     0    32    80     2      1     1    4    0    0     1     0     0     0   153   161.0K    0.586     1870  OK
518    3    4      0     0    32   120     2      1     1    4    0    0     1     0     0     0   153   161.0K    0.586     1868  OK
519    3    4      0     0    32   200     2      1     1    4    0    0     1     0     0     0   153   161.0K    0.586     1868  OK
520    3    4      0     1    32   200     2      1     1    4    0    0     1     0     0     0   153   161.0K    0.586     1870  OK
521    4    4      2     0    32   100     2      0     0    4    0    1     1     0     0     0   165   193.0K    0.586     1870  OK
522    4    4      2     0    32   200     2      0     0    6    4    0     1     0     0     0   173   193.0K    0.586     1869  OK
523    4    4      2     0    32   200     2      0     1    6    0    3     1     0     0     0   173   193.0K    0.586     1869  OK
524    4    4      2     1    32   160     2      0     1    6    4    1     1     0     0     0   166   193.0K    0.586     1868  OK
525    3    4      0     0    32    60     2      1     1    4    0    0     1     0     0     0   153   161.0K    0.587     1864  OK
526    3    4      0     0    32   100     2      1     1    4    0    0     1     0     0     0   153   161.0K    0.587     1866  OK
527    3    4      0     1    32    80     2      1     1    4    0    0     1     0     0     0   153   161.0K    0.587     1865  OK
528    3    4      0     1    32   120     2      1     1    4    0    0     1     0     0     0   153   161.0K    0.587     1864  OK
529    4    4      2     0    32   100     2      0     0    6    0    3     1     0     0     0   173   193.0K    0.587     1865  OK
530    4    4      2     0    32   100     2      0     1    4    4    1     1     0     0     0   165   193.0K    0.587     1865  OK
531    4    4      2     0    32   200     2      0     0    4    4    3     1     0     0     0   209   193.0K    0.587     1867  OK
532    4    4      2     0    32   200     2      0     1    8    4    3     1     0     0     0   209   193.0K    0.587     1864  OK
533    3    4      0     0    32    40     2      1     1    4    0    0     1     0     0     0   153   161.0K    0.588     1862  OK
534    3    4      0     1    32   100     2      1     1    4    0    0     1     0     0     0   153   161.0K    0.588     1861  OK
535    3    4      2     0    32     0     2      1     1    4    0    0     1     0     0     0   153   161.0K    0.588     1862  OK
536    4    4      2     0    32   200     2      0     1    6    0    0     1     0     0     0   173   193.0K    0.588     1861  OK
537    4    4      2     0    32   200     2      0     1    8    0    1     1     0     0     0   165   193.0K    0.588     1864  OK
538    4    4      2     1    32   160     2      0     1    8    4    0     1     0     0     0   211   193.0K    0.588     1862  OK
539    3    4      0     1    32   160     2      1     1    4    0    0     1     0     0     0   153   161.0K    0.589     1859  OK
540    4    4      2     0    32   200     2      0     0    8    0    3     1     0     0     0   209   193.0K    0.589     1859  OK
541    4    4      2     1    32   160     2      0     1    4    4    1     1     0     0     0   166   193.0K    0.589     1859  OK
542    3    4      0     1    32    60     2      1     1    4    0    0     1     0     0     0   153   161.0K    0.590     1857  OK
543    3    4      1     0    32     0     2      1     1    4    0    0     1     0     0     0   151   161.0K    0.590     1855  OK
544    4    4      2     0    32   200     2      0     1    6    4    3     1     0     0     0   173   193.0K    0.590     1856  OK
545    3    4      0     1    32    40     2      1     1    4    0    0     1     0     0     0   153   161.0K    0.591     1852  OK
546    4    4      2     0    32   200     2      0     0    4    0    0     1     0     0     0   209   193.0K    0.591     1853  OK
547    4    4      2     0    32   200     2      0     1    4    0    3     1     0     0     0   209   193.0K    0.591     1854  OK
548    4    4      2     0    32   200     2      0     1    8    4    1     1     0     0     0   165   193.0K    0.591     1854  OK
549    3    4      0     0    32     0     2      1     1    4    0    0     1     0     0     0   152   161.0K    0.592     1848  OK
550    4    4      2     0    32   200     2      0     0    6    4    1     1     0     0     0   165   193.0K    0.592     1849  OK
551    4    4      2     0    32   200     2      0     0    6    4    3     1     0     0     0   173   193.0K    0.592     1851  OK
552    4    4      2     0    32   200     2      0     1    4    4    0     1     0     0     0   209   193.0K    0.592     1851  OK
553    4    4      2     1    32   160     2      0     1    8    0    0     1     0     0     0   211   193.0K    0.592     1851  OK
554    3    4      0     1    32     0     2      1     1    4    0    0     1     0     0     0   152   161.0K    0.593     1845  OK
555    3    4      1     1    32     0     2      1     1    4    0    0     1     0     0     0   151   161.0K    0.594     1844  OK
556    4    4      2     1    32   160     2      0     1    8    0    1     1     0     0     0   166   193.0K    0.594     1843  OK
557    3    4      3     0    32   200     2      1     1    4    0    0     1     0     0     0   155   161.0K    0.595     1839  OK
558    3    4      3     1    32   160     2      1     1    4    0    0     1     0     0     0   155   161.0K    0.595     1840  OK
559    4    4      2     0    32   200     2      0     1    4    0    1     1     0     0     0   165   193.0K    0.595     1842  OK
560    4    4      2     1    32   160     2      0     1    6    0    0     1     0     0     0   175   193.0K    0.595     1840  OK
561    3    4      3     0    32    80     2      1     1    4    0    0     1     0     0     0   155   161.0K    0.596     1836  OK
562    3    4      3     0    32   160     2      1     1    4    0    0     1     0     0     0   155   161.0K    0.596     1837  OK
563    3    4      3     1    32   200     2      1     1    4    0    0     1     0     0     0   155   161.0K    0.596     1839  OK
564    4    4      2     0    32   200     2      0     1    4    0    0     1     0     0     0   209   193.0K    0.596     1837  OK
565    4    4      2     0    32   200     2      0     1    8    4    0     1     0     0     0   209   193.0K    0.596     1837  OK
566    3    4      3     0    32    40     2      1     1    4    0    0     1     0     0     0   155   161.0K    0.597     1835  OK
567    3    4      3     0    32   120     2      1     1    4    0    0     1     0     0     0   155   161.0K    0.597     1834  OK
568    3    4      3     1    32   120     2      1     1    4    0    0     1     0     0     0   155   161.0K    0.597     1835  OK
569    4    4      2     0    32   200     2      0     1    6    4    1     1     0     0     0   165   193.0K    0.597     1834  OK
570    4    4      2     1    32   160     2      0     0    4    0    1     1     0     0     0   166   193.0K    0.598     1832  OK
571    3    4      3     0    32   100     2      1     1    4    0    0     1     0     0     0   155   161.0K    0.599     1827  OK
572    4    4      2     0    32   100     1      1     1    8    0    3     1     0     0     0   180   193.0K    0.599     1829  OK
573    3    4      3     0    32    60     2      1     1    4    0    0     1     0     0     0   155   161.0K    0.600     1825  OK
574    3    4      3     1    32    80     2      1     1    4    0    0     1     0     0     0   155   161.0K    0.600     1824  OK
575    3    4      3     1    32   100     2      1     1    4    0    0     1     0     0     0   155   161.0K    0.600     1826  OK
576    4    4      2     0    32   200     2      0     0    4    0    1     1     0     0     0   165   193.0K    0.600     1824  OK
577    3    4      3     1    32    40     2      1     1    4    0    0     1     0     0     0   155   161.0K    0.601     1820  OK
578    3    4      3     1    32    60     2      1     1    4    0    0     1     0     0     0   155   161.0K    0.601     1823  OK
579    4    4      2     0    32   200     2      0     0    6    0    1     1     0     0     0   165   193.0K    0.601     1823  OK
580    4    4      2     0    32   200     2      0     1    4    4    1     1     0     0     0   165   193.0K    0.601     1821  OK
581    4    4      2     0    32   100     1      1     0    8    0    0     1     0     0     0   180   193.0K    0.602     1818  OK
582    4    4      2     0    32   100     1      1     1    6    0    0     1     0     0     0   147   193.0K    0.602     1818  OK
583    4    4      2     0    32   100     1      1     1    4    4    1     1     0     0     0   134   193.0K    0.603     1817  OK
584    4    4      2     0    32   100     1      1     1    8    0    0     1     0     0     0   180   193.0K    0.603     1815  OK
585    4    4      2     0    32   200     2      0     0    8    0    1     1     0     0     0   165   193.0K    0.604     1814  OK
586    3    4      3     1    32     0     2      1     1    4    0    0     1     0     0     0   154   161.0K    0.605     1809  OK
587    3    4      3     0    32     0     2      1     1    4    0    0     1     0     0     0   154   161.0K    0.608     1802  OK
588    4    4      2     0    32   200     2      0     1    6    0    1     1     0     0     0   165   193.0K    0.608     1800  OK
589    4    4      2     0    32   100     1      1     1    8    4    3     1     0     0     0   178   193.0K    0.610     1794  OK
590    4    4      2     0    32   100     1      1     0    4    0    0     1     0     0     0   179   193.0K    0.611     1793  OK
591    4    4      2     0    32   100     1      1     0    4    0    3     1     0     0     0   179   193.0K    0.612     1790  OK
592    4    4      2     0    32   100     1      1     0    4    4    1     1     0     0     0   134   193.0K    0.613     1786  OK
593    4    4      2     0    32   100     1      1     1    6    4    0     1     0     0     0   144   193.0K    0.615     1781  OK
594    4    4      2     0    32   100     1      1     1    8    4    0     1     0     0     0   178   193.0K    0.615     1780  OK
595    4    4      2     0    32   100     1      1     0    8    4    3     1     0     0     0   179   193.0K    0.616     1779  OK
596    4    4      2     0    32   100     1      1     1    4    0    1     1     0     0     0   134   193.0K    0.616     1778  OK
597    4    4      2     0    32   100     1      1     1    4    0    3     1     0     0     0   178   193.0K    0.616     1778  OK
598    4    4      2     0    32   100     1      1     0    8    0    3     1     0     0     0   180   193.0K    0.617     1774  OK
599    4    4      2     0    32   100     1      1     1    6    0    3     1     0     0     0   147   193.0K    0.617     1774  OK
600    4    4      2     0    32   100     1      1     0    4    4    0     1     0     0     0   179   193.0K    0.618     1773  OK
601    4    4      2     0    32   100     1      1     1    8    4    1     1     0     0     0   134   193.0K    0.618     1772  OK
602    4    4      2     0    32   100     1      1     0    4    0    1     1     0     0     0   134   193.0K    0.619     1769  OK
603    4    4      2     0    32   100     1      1     1    8    0    1     1     0     0     0   134   193.0K    0.619     1769  OK
604    4    4      2     1    32   160     1      1     0    6    4    0     1     0     0     0   144   193.0K    0.619     1770  OK
605    4    4      2     0    32   100     1      1     1    6    4    1     1     0     0     0   134   193.0K    0.620     1765  OK
606    4    4      2     0    32   100     1      1     0    8    0    1     1     0     0     0   134   193.0K    0.621     1763  OK
607    4    4      2     0    32   100     1      1     1    4    4    0     1     0     0     0   178   193.0K    0.621     1764  OK
608    4    4      2     1    32   160     1      1     0    4    4    3     1     0     0     0   179   193.0K    0.622     1761  OK
609    4    4      2     0    32   100     1      1     0    6    4    3     1     0     0     0   144   193.0K    0.623     1759  OK
610    4    4      2     0    32   100     1      1     0    6    0    1     1     0     0     0   134   193.0K    0.624     1754  OK
611    4    4      2     0    32   100     1      1     1    4    0    0     1     0     0     0   178   193.0K    0.624     1755  OK
612    4    4      2     1    32   160     1      1     1    6    4    0     1     0     0     0   144   193.0K    0.624     1756  OK
613    4    4      2     0    32   100     1      1     0    6    4    0     1     0     0     0   144   193.0K    0.625     1751  OK
614    4    4      2     0    32   100     1      1     0    6    4    1     1     0     0     0   134   193.0K    0.625     1751  OK
615    4    4      2     0    32   100     1      1     0    6    0    3     1     0     0     0   149   193.0K    0.625     1753  OK
616    4    4      2     0    32   100     1      1     0    8    4    0     1     0     0     0   179   193.0K    0.625     1751  OK
617    4    4      2     0    32   100     1      1     0    4    4    3     1     0     0     0   179   193.0K    0.626     1748  OK
618    4    4      2     0    32   100     1      1     0    6    0    0     1     0     0     0   149   193.0K    0.626     1751  OK
619    4    4      2     1    32   160     1      1     0    4    4    1     1     0     0     0   134   193.0K    0.626     1749  OK
620    4    4      2     1    32   160     1      1     0    6    4    3     1     0     0     0   144   193.0K    0.626     1749  OK
621    4    4      2     1    32   160     1      1     0    6    0    0     1     0     0     0   149   193.0K    0.627     1745  OK
622    4    4      2     1    32   160     1      1     1    6    4    3     1     0     0     0   144   193.0K    0.627     1747  OK
623    4    4      2     1    32   160     1      1     1    8    4    1     1     0     0     0   134   193.0K    0.627     1747  OK
624    4    4      2     1    32   160     1      1     0    4    4    0     1     0     0     0   179   193.0K    0.628     1742  OK
625    4    4      2     1    32   160     1      1     0    6    0    3     1     0     0     0   149   193.0K    0.628     1744  OK
626    4    4      2     1    32   160     1      1     0    8    4    3     1     0     0     0   179   193.0K    0.628     1743  OK
627    4    4      2     0    32   100     1      1     1    4    4    3     1     0     0     0   178   193.0K    0.629     1740  OK
628    4    4      2     0    32   100     1      1     1    6    4    3     1     0     0     0   144   193.0K    0.629     1740  OK
629    4    4      2     0    32   200     1      1     0    4    4    0     1     0     0     0   179   193.0K    0.629     1742  OK
630    4    4      2     1    32   160     1      1     1    4    0    3     1     0     0     0   178   193.0K    0.629     1740  OK
631    4    4      2     1    32   160     1      1     1    6    0    3     1     0     0     0   147   193.0K    0.629     1741  OK
632    4    4      2     0    32   200     1      1     1    6    0    0     1     0     0     0   147   193.0K    0.630     1738  OK
633    4    4      2     1    32   160     1      1     1    4    4    0     1     0     0     0   178   193.0K    0.630     1737  OK
634    4    4      2     0    32   200     1      1     0    4    0    0     1     0     0     0   179   193.0K    0.631     1735  OK
635    4    4      2     0    32   200     1      1     1    8    0    0     1     0     0     0   180   193.0K    0.631     1735  OK
636    4    4      2     1    32   160     1      1     1    6    0    1     1     0     0     0   134   193.0K    0.631     1736  OK
637    4    4      2     1    32   160     1      1     1    8    0    0     1     0     0     0   181   193.0K    0.631     1734  OK
638    4    4      2     1    32   160     1      1     1    8    4    0     1     0     0     0   178   193.0K    0.631     1735  OK
639    4    4      2     1    32   160     1      1     1    8    0    1     1     0     0     0   134   193.0K    0.631     1737  OK
640    4    4      2     0    32   100     1      1     1    6    0    1     1     0     0     0   134   193.0K    0.632     1732  OK
641    4    4      2     0    32   200     1      1     0    8    0    1     1     0     0     0   134   193.0K    0.632     1734  OK
642    4    4      2     1    32   160     1      1     1    4    0    0     1     0     0     0   178   193.0K    0.632     1733  OK
643    4    4      2     1    32   160     1      1     1    4    4    3     1     0     0     0   178   193.0K    0.632     1733  OK
644    4    4      2     1    32   160     1      1     1    6    0    0     1     0     0     0   147   193.0K    0.632     1731  OK
645    4    4      2     0    32   200     1      1     1    4    0    1     1     0     0     0   134   193.0K    0.633     1729  OK
646    4    4      2     0    32   200     1      1     1    4    4    3     1     0     0     0   178   193.0K    0.633     1729  OK
647    4    4      2     1    32   160     1      1     0    8    4    0     1     0     0     0   179   193.0K    0.633     1729  OK
648    4    4      2     1    32   160     1      1     0    8    4    1     1     0     0     0   134   193.0K    0.633     1731  OK
649    4    4      2     1    32   160     1      1     0    8    0    3     1     0     0     0   181   193.0K    0.633     1730  OK
650    4    4      2     0    32   200     1      1     0    4    0    3     1     0     0     0   179   193.0K    0.634     1727  OK
651    4    4      2     0    32   200     1      1     0    6    4    1     1     0     0     0   134   193.0K    0.634     1727  OK
652    4    4      2     0    32   200     1      1     1    6    0    3     1     0     0     0   147   193.0K    0.634     1727  OK
653    4    4      2     0    32   200     1      1     1    6    4    3     1     0     0     0   144   193.0K    0.634     1728  OK
654    4    4      2     0    32   200     1      1     1    8    0    1     1     0     0     0   134   193.0K    0.634     1726  OK
655    4    4      2     0    32   200     1      1     1    8    0    3     1     0     0     0   180   193.0K    0.634     1726  OK
656    4    4      2     1    32   160     1      1     0    6    0    1     1     0     0     0   134   193.0K    0.634     1726  OK
657    4    4      2     0    32   100     1      1     0    8    4    1     1     0     0     0   134   193.0K    0.635     1724  OK
658    4    4      2     0    32   200     1      1     0    4    4    1     1     0     0     0   134   193.0K    0.635     1725  OK
659    4    4      2     0    32   200     1      1     0    6    0    1     1     0     0     0   134   193.0K    0.635     1724  OK
660    4    4      2     0    32   200     1      1     0    6    4    3     1     0     0     0   144   193.0K    0.635     1724  OK
661    4    4      2     0    32   200     1      1     0    8    0    0     1     0     0     0   180   193.0K    0.635     1725  OK
662    4    4      2     0    32   200     1      1     0    8    4    0     1     0     0     0   179   193.0K    0.635     1724  OK
663    4    4      2     0    32   200     1      1     1    4    4    1     1     0     0     0   134   193.0K    0.635     1724  OK
664    4    4      2     1    32   160     1      1     1    4    4    1     1     0     0     0   134   193.0K    0.635     1726  OK
665    4    4      2     1    32   160     1      1     1    8    4    3     1     0     0     0   178   193.0K    0.635     1724  OK
666    4    4      2     0    32   200     1      1     0    4    0    1     1     0     0     0   134   193.0K    0.636     1721  OK
667    4    4      2     0    32   200     1      1     1    8    4    0     1     0     0     0   178   193.0K    0.636     1722  OK
668    4    4      2     0    32   200     1      1     0    8    0    3     1     0     0     0   180   193.0K    0.637     1718  OK
669    4    4      2     0    32   200     1      1     1    6    0    1     1     0     0     0   134   193.0K    0.637     1718  OK
670    4    4      2     1    32   160     1      1     0    4    0    3     1     0     0     0   179   193.0K    0.637     1718  OK
671    4    4      2     1    32   160     1      1     0    8    0    0     1     0     0     0   181   193.0K    0.637     1718  OK
672    4    4      2     0    32   200     1      1     0    6    0    3     1     0     0     0   149   193.0K    0.638     1715  OK
673    4    4      2     0    32   200     1      1     1    4    0    0     1     0     0     0   178   193.0K    0.638     1717  OK
674    4    4      2     1    32   160     1      1     0    6    4    1     1     0     0     0   134   193.0K    0.638     1715  OK
675    4    4      2     1    32   160     1      1     0    8    0    1     1     0     0     0   134   193.0K    0.638     1716  OK
676    4    4      2     1    32   160     1      1     1    4    0    1     1     0     0     0   134   193.0K    0.638     1715  OK
677    4    4      2     1    32   160     1      1     0    4    0    1     1     0     0     0   134   193.0K    0.639     1714  OK
678    4    4      2     0    32   200     1      1     1    4    4    0     1     0     0     0   178   193.0K    0.640     1710  OK
679    4    4      2     0    32   200     1      1     1    6    4    0     1     0     0     0   144   193.0K    0.640     1710  OK
680    4    4      2     0    32   200     1      1     1    6    4    1     1     0     0     0   134   193.0K    0.640     1710  OK
681    4    4      2     1    32   160     1      1     0    4    0    0     1     0     0     0   179   193.0K    0.640     1711  OK
682    4    4      2     1    32   160     1      1     1    8    0    3     1     0     0     0   181   193.0K    0.640     1711  OK
683    4    4      2     0    32   200     1      1     0    4    4    3     1     0     0     0   179   193.0K    0.641     1707  OK
684    4    4      2     0    32   200     1      1     0    6    4    0     1     0     0     0   144   193.0K    0.641     1709  OK
685    4    4      2     0    32   200     1      1     1    8    4    3     1     0     0     0   178   193.0K    0.642     1706  OK
686    4    4      2     0    32   200     1      1     0    8    4    1     1     0     0     0   134   193.0K    0.643     1704  OK
687    4    4      2     1    32   160     1      1     1    6    4    1     1     0     0     0   134   193.0K    0.643     1704  OK
688    4    4      2     0    32   200     1      1     0    6    0    0     1     0     0     0   149   193.0K    0.645     1698  OK
689    4    4      2     0    32   200     1      1     1    8    4    1     1     0     0     0   134   193.0K    0.645     1697  OK
690    4    4      2     0    32   200     1      1     1    4    0    3     1     0     0     0   178   193.0K    0.648     1689  OK
691    4    4      2     0    32   200     1      1     0    8    4    3     1     0     0     0   179   193.0K    0.650     1684  OK
692    4    4      2     0    32   200     2      0     1    1    0    0     1     0     0     0   161   193.0K    0.656     1670  OK
693    4    4      2     0    32   100     2      0     1    1    4    0     1     0     0     0   161   193.0K    0.658     1665  OK
694    4    4      2     0    32   200     2      0     0    2    4    3     1     0     0     0   161   193.0K    0.658     1663  OK
695    4    4      2     1    32   160     1      0     1    2    4    0     1     0     0     0   130   193.0K    0.658     1664  OK
696    4    4      2     0    32   100     2      0     1    1    4    3     1     0     0     0   161   193.0K    0.659     1661  OK
697    4    4      2     0    32   100     2      0     1    2    0    0     1     0     0     0   161   193.0K    0.659     1662  OK
698    4    4      2     0    32   200     2      0     1    2    4    3     1     0     0     0   161   193.0K    0.659     1662  OK
699    4    4      2     0    32   100     2      0     0    1    0    0     1     0     0     0   161   193.0K    0.660     1658  OK
700    4    4      2     0    32   100     2      1     0    1    0    3     1     0     0     0   161   193.0K    0.660     1658  OK
701    4    4      2     0    32   200     2      1     0    1    4    3     1     0     0     0   161   193.0K    0.660     1659  OK
702    4    4      2     1    32   160     1      1     0    1    4    0     1     0     0     0   130   193.0K    0.660     1658  OK
703    4    4      2     1    32   160     2      1     1    1    0    3     1     0     0     0   163   193.0K    0.660     1658  OK
704    4    4      2     1    32   160     1      0     1    2    4    3     1     0     0     0   130   193.0K    0.660     1660  OK
705    4    4      2     0    32   100     1      1     0    1    4    0     1     0     0     0   130   193.0K    0.661     1657  OK
706    4    4      2     0    32   200     2      0     1    1    4    0     1     0     0     0   161   193.0K    0.661     1657  OK
707    4    4      2     0    32   200     4      1     1    2    4    3     1     0     0     0   210   193.0K    0.661     1656  OK
708    4    4      2     1    32   160     1      1     0    1    4    3     1     0     0     0   130   193.0K    0.661     1658  OK
709    4    4      2     1    32   160     2      0     1    1    4    3     1     0     0     0   163   193.0K    0.661     1656  OK
710    4    4      2     1    32   160     4      0     1    1    4    0     1     0     0     0   212   193.0K    0.661     1656  OK
711    4    4      2     1    32   160     2      1     1    2    4    0     1     0     0     0   163   193.0K    0.661     1656  OK
712    4    4      2     0    32   100     2      1     0    2    4    3     1     0     0     0   161   193.0K    0.662     1654  OK
713    4    4      2     0    32   200     2      0     0    1    0    3     1     0     0     0   161   193.0K    0.662     1655  OK
714    4    4      2     0    32   200     4      1     0    1    4    0     1     0     0     0   210   193.0K    0.662     1655  OK
715    4    4      2     0    32   200     2      0     1    2    4    0     1     0     0     0   161   193.0K    0.662     1655  OK
716    4    4      2     0    32   200     4      1     1    2    0    0     1     0     0     0   210   193.0K    0.662     1655  OK
717    4    4      2     1    32   160     1      0     0    1    4    3     1     0     0     0   130   193.0K    0.662     1654  OK
718    4    4      2     1    32   160     2      1     0    1    0    3     1     0     0     0   163   193.0K    0.662     1655  OK
719    4    4      2     1    32   160     2      0     0    2    0    3     1     0     0     0   163   193.0K    0.662     1655  OK
720    4    4      2     1    32   160     1      1     1    2    4    0     1     0     0     0   130   193.0K    0.662     1653  OK
721    4    4      2     1    32   160     1      1     1    2    4    3     1     0     0     0   130   193.0K    0.662     1653  OK
722    4    4      2     1    32   160     2      0     1    2    0    0     1     0     0     0   163   193.0K    0.662     1655  OK
723    4    4      2     0    32   100     1      0     0    1    0    3     1     0     0     0   130   193.0K    0.663     1652  OK
724    4    4      2     0    32   100     2      0     0    1    0    3     1     0     0     0   161   193.0K    0.663     1651  OK
725    4    4      2     0    32   100     2      0     0    1    4    3     1     0     0     0   161   193.0K    0.663     1651  OK
726    4    4      2     0    32   100     2      1     0    2    4    0     1     0     0     0   161   193.0K    0.663     1652  OK
727    4    4      2     0    32   100     2      1     0    2    0    3     1     0     0     0   161   193.0K    0.663     1651  OK
728    4    4      2     0    32   100     2      0     1    1    0    3     1     0     0     0   161   193.0K    0.663     1652  OK
729    4    4      2     0    32   200     2      1     0    2    4    3     1     0     0     0   161   193.0K    0.663     1653  OK
730    4    4      2     0    32   200     2      1     1    1    0    3     1     0     0     0   161   193.0K    0.663     1651  OK
731    4    4      2     0    32   200     2      0     1    2    0    0     1     0     0     0   161   193.0K    0.663     1650  OK
732    4    4      2     1    32   160     1      0     0    1    0    3     1     0     0     0   130   193.0K    0.663     1651  OK
733    4    4      2     1    32   160     2      0     0    1    0    3     1     0     0     0   163   193.0K    0.663     1651  OK
734    4    4      2     1    32   160     2      0     0    2    4    3     1     0     0     0   163   193.0K    0.663     1653  OK
735    4    4      2     1    32   160     1      0     1    1    4    0     1     0     0     0   130   193.0K    0.663     1653  OK
736    4    4      2     1    32   160     2      0     1    2    4    3     1     0     0     0   163   193.0K    0.663     1652  OK
737    4    4      2     0    32   100     2      0     0    1    4    0     1     0     0     0   161   193.0K    0.664     1648  OK
738    4    4      2     0    32   100     2      0     0    2    0    3     1     0     0     0   161   193.0K    0.664     1648  OK
739    4    4      2     0    32   100     2      0     1    2    4    0     1     0     0     0   161   193.0K    0.664     1649  OK
740    4    4      2     0    32   100     2      0     1    2    0    3     1     0     0     0   161   193.0K    0.664     1650  OK
741    4    4      2     0    32   200     2      0     0    1    4    0     1     0     0     0   161   193.0K    0.664     1650  OK
742    4    4      2     0    32   200     2      0     0    1    4    3     1     0     0     0   161   193.0K    0.664     1650  OK
743    4    4      2     0    32   200     2      1     0    1    4    0     1     0     0     0   161   193.0K    0.664     1649  OK
744    4    4      2     0    32   200     2      0     0    2    4    0     1     0     0     0   161   193.0K    0.664     1650  OK
745    4    4      2     0    32   200     2      1     1    1    4    0     1     0     0     0   161   193.0K    0.664     1648  OK
746    4    4      2     0    32   200     2      0     1    2    0    3     1     0     0     0   161   193.0K    0.664     1648  OK
747    4    4      2     1    32   160     1      1     0    1    0    0     1     0     0     0   130   193.0K    0.664     1648  OK
748    4    4      2     1    32   160     2      0     0    1    0    0     1     0     0     0   163   193.0K    0.664     1649  OK
749    4    4      2     1    32   160     2      0     0    1    4    3     1     0     0     0   163   193.0K    0.664     1649  OK
750    4    4      2     1    32   160     1      0     0    2    4    3     1     0     0     0   130   193.0K    0.664     1650  OK
751    4    4      2     1    32   160     2      0     0    2    0    0     1     0     0     0   163   193.0K    0.664     1648  OK
752    4    4      2     1    32   160     2      1     0    2    0    0     1     0     0     0   163   193.0K    0.664     1649  OK
753    4    4      2     0    32   100     2      0     1    1    0    0     1     0     0     0   161   193.0K    0.665     1645  OK
754    4    4      2     0    32   100     2      1     1    1    0    0     1     0     0     0   161   193.0K    0.665     1647  OK
755    4    4      2     0    32   100     2      1     1    2    0    3     1     0     0     0   161   193.0K    0.665     1646  OK
756    4    4      2     0    32   200     4      1     0    2    0    0     1     0     0     0   210   193.0K    0.665     1646  OK
757    4    4      2     0    32   200     2      0     1    1    4    3     1     0     0     0   161   193.0K    0.665     1647  OK
758    4    4      2     0    32   200     2      1     1    1    0    0     1     0     0     0   161   193.0K    0.665     1647  OK
759    4    4      2     0    32   200     2      1     1    2    0    3     1     0     0     0   161   193.0K    0.665     1648  OK
760    4    4      2     0    32   200     2      1     1    2    4    3     1     0     0     0   161   193.0K    0.665     1645  OK
761    4    4      2     0    32   200     4      1     1    2    4    0     1     0     0     0   210   193.0K    0.665     1648  OK
762    4    4      2     1    32   160     1      1     0    1    0    3     1     0     0     0   130   193.0K    0.665     1648  OK
763    4    4      2     1    32   160     1      0     0    2    4    0     1     0     0     0   130   193.0K    0.665     1646  OK
764    4    4      2     1    32   160     2      1     0    2    0    3     1     0     0     0   163   193.0K    0.665     1646  OK
765    4    4      2     1    32   160     4      0     0    2    4    0     1     0     0     0   212   193.0K    0.665     1647  OK
766    4    4      2     1    32   160     1      0     1    1    4    3     1     0     0     0   130   193.0K    0.665     1647  OK
767    4    4      2     1    32   160     1      1     1    1    4    3     1     0     0     0   130   193.0K    0.665     1646  OK
768    4    4      2     1    32   160     2      0     1    1    0    3     1     0     0     0   163   193.0K    0.665     1647  OK
769    4    4      2     1    32   160     2      1     1    1    0    0     1     0     0     0   163   193.0K    0.665     1647  OK
770    4    4      2     1    32   160     1      0     1    2    0    3     1     0     0     0   130   193.0K    0.665     1646  OK
771    4    4      2     1    32   160     2      1     1    2    0    0     1     0     0     0   163   193.0K    0.665     1647  OK
772    4    4      2     0    32   100     4      1     0    2    0    0     1     0     0     0   210   193.0K    0.666     1644  OK
773    4    4      2     0    32   100     1      0     1    1    0    0     1     0     0     0   130   193.0K    0.666     1645  OK
774    4    4      2     0    32   100     1      0     1    1    0    3     1     0     0     0   130   193.0K    0.666     1644  OK
775    4    4      2     0    32   100     1      1     1    1    4    3     1     0     0     0   130   193.0K    0.666     1645  OK
776    4    4      2     0    32   100     2      1     1    1    0    3     1     0     0     0   161   193.0K    0.666     1644  OK
777    4    4      2     0    32   100     2      0     1    2    4    3     1     0     0     0   161   193.0K    0.666     1644  OK
778    4    4      2     0    32   100     2      1     1    2    4    3     1     0     0     0   161   193.0K    0.666     1644  OK
779    4    4      2     1    32   160     2      1     0    1    4    3     1     0     0     0   163   193.0K    0.666     1643  OK
780    4    4      2     1    32   160     1      1     0    2    0    0     1     0     0     0   130   193.0K    0.666     1643  OK
781    4    4      2     1    32   160     1      1     1    1    0    0     1     0     0     0   130   193.0K    0.666     1645  OK
782    4    4      2     1    32   160     2      0     1    1    0    0     1     0     0     0   163   193.0K    0.666     1645  OK
783    4    4      2     1    32   160     1      0     1    2    0    0     1     0     0     0   130   193.0K    0.666     1644  OK
784    4    4      2     0    32   100     2      1     0    1    0    0     1     0     0     0   161   193.0K    0.667     1643  OK
785    4    4      2     0    32   100     2      1     0    1    4    3     1     0     0     0   161   193.0K    0.667     1643  OK
786    4    4      2     0    32   100     4      1     0    1    4    0     1     0     0     0   210   193.0K    0.667     1641  OK
787    4    4      2     0    32   100     1      0     0    2    0    3     1     0     0     0   130   193.0K    0.667     1641  OK
788    4    4      2     0    32   100     1      1     1    1    0    0     1     0     0     0   130   193.0K    0.667     1642  OK
789    4    4      2     0    32   100     2      1     1    1    4    3     1     0     0     0   161   193.0K    0.667     1642  OK
790    4    4      2     0    32   100     1      1     1    2    0    0     1     0     0     0   130   193.0K    0.667     1641  OK
791    4    4      2     0    32   100     1      1     1    2    4    3     1     0     0     0   130   193.0K    0.667     1642  OK
792    4    4      2     0    32   200     2      1     0    1    0    0     1     0     0     0   161   193.0K    0.667     1643  OK
793    4    4      2     0    32   200     2      0     0    2    0    3     1     0     0     0   161   193.0K    0.667     1641  OK
794    4    4      2     0    32   200     4      1     0    2    0    3     1     0     0     0   210   193.0K    0.667     1643  OK
795    4    4      2     0    32   200     4      0     1    1    0    0     1     0     0     0   210   193.0K    0.667     1643  OK
796    4    4      2     1    32   160     1      0     0    1    4    0     1     0     0     0   130   193.0K    0.667     1641  OK
797    4    4      2     1    32   160     1      1     0    2    4    3     1     0     0     0   130   193.0K    0.667     1641  OK
798    4    4      2     1    32   160     4      0     0    2    0    0     1     0     0     0   212   193.0K    0.667     1643  OK
799    4    4      2     1    32   160     1      1     1    1    0    3     1     0     0     0   130   193.0K    0.667     1641  OK
800    4    4      2     1    32   160     2      1     1    1    4    3     1     0     0     0   163   193.0K    0.667     1641  OK
801    4    4      2     1    32   160     1      1     1    2    0    3     1     0     0     0   130   193.0K    0.667     1640  OK
802    4    4      2     0    32   100     2      0     0    2    4    0     1     0     0     0   161   193.0K    0.668     1639  OK
803    4    4      2     0    32   100     1      0     1    1    4    3     1     0     0     0   130   193.0K    0.668     1640  OK
804    4    4      2     0    32   100     4      1     1    1    0    0     1     0     0     0   210   193.0K    0.668     1639  OK
805    4    4      2     0    32   100     1      0     1    2    4    3     1     0     0     0   130   193.0K    0.668     1639  OK
806    4    4      2     0    32   200     1      0     1    1    0    3     1     0     0     0   130   193.0K    0.668     1640  OK
807    4    4      2     0    32   200     2      0     1    1    0    3     1     0     0     0   161   193.0K    0.668     1638  OK
808    4    4      2     1    32   160     1      0     0    1    0    0     1     0     0     0   130   193.0K    0.668     1639  OK
809    4    4      2     1    32   160     2      1     0    1    0    0     1     0     0     0   163   193.0K    0.668     1640  OK
810    4    4      2     1    32   160     4      0     0    1    4    3     1     0     0     0   212   193.0K    0.668     1639  OK
811    4    4      2     1    32   160     1      0     1    1    0    3     1     0     0     0   130   193.0K    0.668     1640  OK
812    4    4      2     1    32   160     1      1     1    2    0    0     1     0     0     0   130   193.0K    0.668     1639  OK
813    4    4      2     1    32   160     2      0     1    2    0    3     1     0     0     0   163   193.0K    0.668     1639  OK
814    4    4      2     1    32   160     2      1     1    2    0    3     1     0     0     0   163   193.0K    0.668     1640  OK
815    4    4      2     0    32   100     1      1     0    2    4    3     1     0     0     0   130   193.0K    0.669     1637  OK
816    4    4      2     0    32   100     2      1     0    2    0    0     1     0     0     0   161   193.0K    0.669     1637  OK
817    4    4      2     0    32   100     1      0     1    1    4    0     1     0     0     0   130   193.0K    0.669     1637  OK
818    4    4      2     0    32   100     2      1     1    1    4    0     1     0     0     0   161   193.0K    0.669     1636  OK
819    4    4      2     0    32   100     4      0     1    1    4    0     1     0     0     0   210   193.0K    0.669     1637  OK
820    4    4      2     0    32   100     4      0     1    1    0    3     1     0     0     0   210   193.0K    0.669     1637  OK
821    4    4      2     0    32   200     1      0     0    1    0    3     1     0     0     0   130   193.0K    0.669     1637  OK
822    4    4      2     0    32   200     2      0     0    1    0    0     1     0     0     0   161   193.0K    0.669     1636  OK
823    4    4      2     0    32   200     2      1     0    1    0    3     1     0     0     0   161   193.0K    0.669     1637  OK
824    4    4      2     0    32   200     4      1     0    1    0    0     1     0     0     0   210   193.0K    0.669     1637  OK
825    4    4      2     0    32   200     4      1     0    1    0    3     1     0     0     0   210   193.0K    0.669     1636  OK
826    4    4      2     0    32   200     2      1     0    2    0    0     1     0     0     0   161   193.0K    0.669     1637  OK
827    4    4      2     0    32   200     4      1     0    2    4    0     1     0     0     0   210   193.0K    0.669     1638  OK
828    4    4      2     0    32   200     1      0     0    4    1    0     1     0     0     0   164   193.0K    0.669     1637  OK
829    4    4      2     0    32   200     4      0     1    1    0    3     1     0     0     0   210   193.0K    0.669     1637  OK
830    4    4      2     0    32   200     4      1     1    1    0    0     1     0     0     0   210   193.0K    0.669     1637  OK
831    4    4      2     0    32   200     4      1     1    1    4    0     1     0     0     0   210   193.0K    0.669     1636  OK
832    4    4      2     0    32   200     4      1     1    1    4    3     1     0     0     0   210   193.0K    0.669     1637  OK
833    4    4      2     0    32   200     1      0     1    2    0    0     1     0     0     0   130   193.0K    0.669     1636  OK
834    4    4      2     1    32   160     2      0     0    1    4    0     1     0     0     0   163   193.0K    0.669     1636  OK
835    4    4      2     1    32   160     1      0     0    2    0    3     1     0     0     0   130   193.0K    0.669     1638  OK
836    4    4      2     1    32   160     2      0     0    2    4    0     1     0     0     0   163   193.0K    0.669     1636  OK
837    4    4      2     1    32   160     2      1     0    2    4    3     1     0     0     0   163   193.0K    0.669     1636  OK
838    4    4      2     1    32   160     1      0     1    1    0    0     1     0     0     0   130   193.0K    0.669     1638  OK
839    4    4      2     1    32   160     1      1     1    1    4    0     1     0     0     0   130   193.0K    0.669     1637  OK
840    4    4      2     1    32   160     2      0     1    2    4    0     1     0     0     0   163   193.0K    0.669     1637  OK
841    4    4      2     1    32   160     2      1     1    6    1    0     1     0     0     0   159   193.0K    0.669     1637  OK
842    4    4      2     0    32   100     4      0     0    1    0    0     1     0     0     0   210   193.0K    0.670     1635  OK
843    4    4      2     0    32   100     1      0     0    2    0    0     1     0     0     0   130   193.0K    0.670     1635  OK
844    4    4      2     0    32   100     2      0     0    2    0    0     1     0     0     0   161   193.0K    0.670     1634  OK
845    4    4      2     0    32   100     2      0     0    2    4    3     1     0     0     0   161   193.0K    0.670     1634  OK
846    4    4      2     0    32   100     1      1     1    1    4    0     1     0     0     0   130   193.0K    0.670     1634  OK
847    4    4      2     0    32   100     1      1     1    1    0    3     1     0     0     0   130   193.0K    0.670     1633  OK
848    4    4      2     0    32   100     1      1     1    2    4    0     1     0     0     0   130   193.0K    0.670     1634  OK
849    4    4      2     0    32   100     4      1     1    2    4    0     1     0     0     0   210   193.0K    0.670     1635  OK
850    4    4      2     0    32   200     4      1     0    1    4    3     1     0     0     0   210   193.0K    0.670     1634  OK
851    4    4      2     0    32   200     4      0     0    2    4    0     1     0     0     0   210   193.0K    0.670     1634  OK
852    4    4      2     0    32   200     2      1     1    1    4    3     1     0     0     0   161   193.0K    0.670     1634  OK
853    4    4      2     0    32   200     1      0     1    2    4    3     1     0     0     0   130   193.0K    0.670     1635  OK
854    4    4      2     0    32   200     4      0     1    2    4    3     1     0     0     0   210   193.0K    0.670     1633  OK
855    4    4      2     1    32   160     1      1     0    2    0    3     1     0     0     0   130   193.0K    0.670     1634  OK
856    4    4      2     1    32   160     2      1     0    2    4    0     1     0     0     0   163   193.0K    0.670     1635  OK
857    4    4      2     1    32   160     2      0     1    1    4    0     1     0     0     0   163   193.0K    0.670     1634  OK
858    4    4      2     1    32   160     4      1     1    1    4    3     1     0     0     0   212   193.0K    0.670     1634  OK
859    4    4      2     0    32   100     1      0     0    1    4    0     1     0     0     0   130   193.0K    0.671     1632  OK
860    4    4      2     0    32   100     4      0     0    1    4    3     1     0     0     0   210   193.0K    0.671     1631  OK
861    4    4      2     0    32   100     4      0     0    2    0    0     1     0     0     0   210   193.0K    0.671     1633  OK
862    4    4      2     0    32   100     4      0     0    2    0    3     1     0     0     0   210   193.0K    0.671     1633  OK
863    4    4      2     0    32   100     4      0     1    1    0    0     1     0     0     0   210   193.0K    0.671     1632  OK
864    4    4      2     0    32   100     4      1     1    1    4    3     1     0     0     0   210   193.0K    0.671     1631  OK
865    4    4      2     0    32   100     1      0     1    2    4    0     1     0     0     0   130   193.0K    0.671     1631  OK
866    4    4      2     0    32   100     1      0     1    2    0    3     1     0     0     0   130   193.0K    0.671     1633  OK
867    4    4      2     0    32   100     1      1     1    2    0    3     1     0     0     0   130   193.0K    0.671     1631  OK
868    4    4      2     0    32   100     2      1     1    2    4    0     1     0     0     0   161   193.0K    0.671     1632  OK
869    4    4      2     0    32   100     4      0     1    2    0    0     1     0     0     0   210   193.0K    0.671     1632  OK
870    4    4      2     0    32   200     1      1     0    1    0    3     1     0     0     0   130   193.0K    0.671     1632  OK
871    4    4      2     0    32   200     1      1     0    2    0    0     1     0     0     0   130   193.0K    0.671     1632  OK
872    4    4      2     0    32   200     1      0     1    2    4    0     1     0     0     0   130   193.0K    0.671     1631  OK
873    4    4      2     0    32   200     2      1     1    2    4    0     1     0     0     0   161   193.0K    0.671     1633  OK
874    4    4      2     0    32   200     4      1     1    2    0    3     1     0     0     0   210   193.0K    0.671     1631  OK
875    4    4      2     1    32   160     1      0     0    2    0    0     1     0     0     0   130   193.0K    0.671     1632  OK
876    4    4      2     1    32   160     4      0     1    2    0    3     1     0     0     0   212   193.0K    0.671     1631  OK
877    4    4      2     0    32   100     1      1     0    1    4    3     1     0     0     0   130   193.0K    0.672     1630  OK
878    4    4      2     0    32   100     1      1     0    2    0    0     1     0     0     0   130   193.0K    0.672     1630  OK
879    4    4      2     0    32   100     4      0     1    2    4    0     1     0     0     0   210   193.0K    0.672     1629  OK
880    4    4      2     0    32   200     4      0     0    1    0    0     1     0     0     0   210   193.0K    0.672     1630  OK
881    4    4      2     0    32   200     1      0     0    2    0    0     1     0     0     0   130   193.0K    0.672     1630  OK
882    4    4      2     0    32   200     4      0     0    2    4    3     1     0     0     0   210   193.0K    0.672     1629  OK
883    4    4      2     0    32   200     1      1     1    1    4    0     1     0     0     0   130   193.0K    0.672     1629  OK
884    4    4      2     0    32   200     4      0     1    1    4    0     1     0     0     0   210   193.0K    0.672     1631  OK
885    4    4      2     0    32   200     2      1     1    2    0    0     1     0     0     0   161   193.0K    0.672     1630  OK
886    4    4      2     0    32   200     1      0     1    8    1    0     1     0     0     0   164   193.0K    0.672     1629  OK
887    4    4      2     1    32   160     2      1     0    1    4    0     1     0     0     0   163   193.0K    0.672     1629  OK
888    4    4      2     1    32   160     4      0     0    1    0    0     1     0     0     0   212   193.0K    0.672     1628  OK
889    4    4      2     1    32   160     4      1     0    1    0    3     1     0     0     0   212   193.0K    0.672     1630  OK
890    4    4      2     1    32   160     4      0     0    2    0    3     1     0     0     0   212   193.0K    0.672     1628  OK
891    4    4      2     1    32   160     4      1     0    2    0    3     1     0     0     0   212   193.0K    0.672     1630  OK
892    4    4      2     1    32   160     4      1     0    2    4    3     1     0     0     0   212   193.0K    0.672     1629  OK
893    4    4      2     1    32   160     4      0     1    2    4    3     1     0     0     0   212   193.0K    0.672     1630  OK
894    4    4      2     0    32   100     1      0     0    1    4    3     1     0     0     0   130   193.0K    0.673     1626  OK
895    4    4      2     0    32   100     4      1     0    2    0    3     1     0     0     0   210   193.0K    0.673     1627  OK
896    4    4      2     0    32   100     4      1     1    1    4    0     1     0     0     0   210   193.0K    0.673     1628  OK
897    4    4      2     0    32   100     2      1     1    2    0    0     1     0     0     0   161   193.0K    0.673     1626  OK
898    4    4      2     0    32   200     1      1     0    1    4    0     1     0     0     0   130   193.0K    0.673     1627  OK
899    4    4      2     0    32   200     1      1     0    2    0    3     1     0     0     0   130   193.0K    0.673     1628  OK
900    4    4      2     0    32   200     4      1     0    2    4    3     1     0     0     0   210   193.0K    0.673     1628  OK
901    4    4      2     0    32   200     1      0     1    1    0    0     1     0     0     0   130   193.0K    0.673     1628  OK
902    4    4      2     0    32   200     4      0     1    1    4    3     1     0     0     0   210   193.0K    0.673     1628  OK
903    4    4      2     0    32   200     4      0     1    2    0    3     1     0     0     0   210   193.0K    0.673     1628  OK
904    4    4      2     1    32   160     1      1     0    2    4    0     1     0     0     0   130   193.0K    0.673     1627  OK
905    4    4      2     1    32   160     4      1     0    2    4    0     1     0     0     0   212   193.0K    0.673     1628  OK
906    4    4      2     1    32   160     2      1     1    1    4    0     1     0     0     0   163   193.0K    0.673     1628  OK
907    4    4      2     1    32   160     4      1     1    1    0    0     1     0     0     0   212   193.0K    0.673     1628  OK
908    4    4      2     1    32   160     2      1     1    2    4    3     1     0     0     0   163   193.0K    0.673     1626  OK
909    4    4      2     1    32   160     4      1     1    2    4    0     1     0     0     0   212   193.0K    0.673     1627  OK
910    4    4      2     1    32   160     4      1     1    2    0    3     1     0     0     0   212   193.0K    0.673     1626  OK
911    4    4      2     1    32   160     4      1     1    2    4    3     1     0     0     0   212   193.0K    0.673     1626  OK
912    4    4      2     0    32   100     4      0     0    1    4    0     1     0     0     0   210   193.0K    0.674     1625  OK
913    4    4      2     0    32   100     4      0     0    2    4    0     1     0     0     0   210   193.0K    0.674     1624  OK
914    4    4      2     0    32   100     4      0     0    2    4    3     1     0     0     0   210   193.0K    0.674     1624  OK
915    4    4      2     0    32   100     1      0     1    2    0    0     1     0     0     0   130   193.0K    0.674     1626  OK
916    4    4      2     0    32   100     4      1     1    2    0    3     1     0     0     0   210   193.0K    0.674     1623  OK
917    4    4      2     0    32   200     1      0     0    1    0    0     1     0     0     0   130   193.0K    0.674     1624  OK
918    4    4      2     0    32   200     1      0     0    1    4    3     1     0     0     0   130   193.0K    0.674     1624  OK
919    4    4      2     0    32   200     4      0     0    1    4    3     1     0     0     0   210   193.0K    0.674     1624  OK
920    4    4      2     0    32   200     1      0     0    2    0    3     1     0     0     0   130   193.0K    0.674     1624  OK
921    4    4      2     0    32   200     1      0     1    1    4    0     1     0     0     0   130   193.0K    0.674     1624  OK
922    4    4      2     0    32   200     1      1     1    1    0    0     1     0     0     0   130   193.0K    0.674     1626  OK
923    4    4      2     0    32   200     1      1     1    2    0    0     1     0     0     0   130   193.0K    0.674     1624  OK
924    4    4      2     0    32   200     1      1     1    2    4    0     1     0     0     0   130   193.0K    0.674     1624  OK
925    4    4      2     0    32   200     1      1     1    2    0    3     1     0     0     0   130   193.0K    0.674     1625  OK
926    4    4      2     0    32   200     4      0     1    2    4    0     1     0     0     0   210   193.0K    0.674     1623  OK
927    4    4      2     1    32   160     4      0     0    1    0    3     1     0     0     0   212   193.0K    0.674     1625  OK
928    4    4      2     1    32   160     4      0     0    2    4    3     1     0     0     0   212   193.0K    0.674     1624  OK
929    4    4      2     1    32   160     4      1     1    1    4    0     1     0     0     0   212   193.0K    0.674     1625  OK
930    4    4      2     1    32   160     4      0     1    2    0    0     1     0     0     0   212   193.0K    0.674     1624  OK
931    4    4      2     1    32   160     4      0     1    2    4    0     1     0     0     0   212   193.0K    0.674     1625  OK
932    4    4      2     1    32   160     2      0     1    8    1    3     1     0     0     0   196   193.0K    0.674     1625  OK
933    4    4      2     0    32   100     2      1     0    1    4    0     1     0     0     0   161   193.0K    0.675     1623  OK
934    4    4      2     0    32   100     4      0     0    1    0    3     1     0     0     0   210   193.0K    0.675     1622  OK
935    4    4      2     0    32   100     4      1     0    1    0    3     1     0     0     0   210   193.0K    0.675     1622  OK
936    4    4      2     0    32   100     4      1     0    1    4    3     1     0     0     0   210   193.0K    0.675     1623  OK
937    4    4      2     0    32   100     4      1     0    2    4    0     1     0     0     0   210   193.0K    0.675     1623  OK
938    4    4      2     0    32   100     4      0     1    2    4    3     1     0     0     0   210   193.0K    0.675     1623  OK
939    4    4      2     0    32   100     4      1     1    2    0    0     1     0     0     0   210   193.0K    0.675     1622  OK
940    4    4      2     0    32   200     1      1     0    2    4    0     1     0     0     0   130   193.0K    0.675     1623  OK
941    4    4      2     0    32   200     2      0     0    2    0    0     1     0     0     0   161   193.0K    0.675     1623  OK
942    4    4      2     0    32   200     2      1     0    2    4    0     1     0     0     0   161   193.0K    0.675     1622  OK
943    4    4      2     0    32   200     2      1     0    2    0    3     1     0     0     0   161   193.0K    0.675     1622  OK
944    4    4      2     0    32   200     4      0     0    2    0    0     1     0     0     0   210   193.0K    0.675     1623  OK
945    4    4      2     0    32   200     1      0     0    4    1    3     1     0     0     0   164   193.0K    0.675     1622  OK
946    4    4      2     0    32   200     2      1     0    4    1    1     1     0     0     0   149   193.0K    0.675     1623  OK
947    4    4      2     0    32   200     4      1     0    4    1    3     1     0     0     0   244   193.0K    0.675     1623  OK
948    4    4      2     0    32   200     1      1     0    8    1    1     1     0     0     0   120   193.0K    0.675     1622  OK
949    4    4      2     0    32   200     1      1     1    1    4    3     1     0     0     0   130   193.0K    0.675     1622  OK
950    4    4      2     0    32   200     4      1     1    1    0    3     1     0     0     0   210   193.0K    0.675     1623  OK
951    4    4      2     0    32   200     2      1     1    6    1    3     1     0     0     0   157   193.0K    0.675     1621  OK
952    4    4      2     0    32   200     2      1     1    8    1    1     1     0     0     0   149   193.0K    0.675     1622  OK
953    4    4      2     1    32   160     4      0     0    1    4    0     1     0     0     0   212   193.0K    0.675     1623  OK
954    4    4      2     1    32   160     4      1     0    2    0    0     1     0     0     0   212   193.0K    0.675     1622  OK
955    4    4      2     1    32   160     4      1     1    1    0    3     1     0     0     0   212   193.0K    0.675     1623  OK
956    4    4      2     1    32   160     4      1     1    6    1    3     1     0     0     0   208   193.0K    0.675     1622  OK
957    4    4      2     0    32   100     1      0     0    1    0    0     1     0     0     0   130   193.0K    0.676     1620  OK
958    4    4      2     0    32   100     1      1     0    1    0    0     1     0     0     0   130   193.0K    0.676     1621  OK
959    4    4      2     0    32   100     1      0     0    2    4    0     1     0     0     0   130   193.0K    0.676     1620  OK
960    4    4      2     0    32   100     4      0     1    1    4    3     1     0     0     0   210   193.0K    0.676     1619  OK
961    4    4      2     0    32   100     4      1     1    1    0    3     1     0     0     0   210   193.0K    0.676     1621  OK
962    4    4      2     0    32   200     1      0     0    1    4    0     1     0     0     0   130   193.0K    0.676     1619  OK
963    4    4      2     0    32   200     1      1     0    1    4    3     1     0     0     0   130   193.0K    0.676     1621  OK
964    4    4      2     0    32   200     4      0     0    1    4    0     1     0     0     0   210   193.0K    0.676     1621  OK
965    4    4      2     0    32   200     2      0     0    6    1    0     1     0     0     0   157   193.0K    0.676     1619  OK
966    4    4      2     0    32   200     4      1     1    8    1    0     1     0     0     0   244   193.0K    0.676     1621  OK
967    4    4      2     1    32   160     4      0     1    1    0    3     1     0     0     0   212   193.0K    0.676     1620  OK
968    4    4      2     0    32   100     1      1     0    1    0    3     1     0     0     0   130   193.0K    0.677     1617  OK
969    4    4      2     0    32   200     4      0     0    2    0    3     1     0     0     0   210   193.0K    0.677     1617  OK
970    4    4      2     0    32   200     2      0     0    4    1    1     1     0     0     0   149   193.0K    0.677     1618  OK
971    4    4      2     0    32   200     2      1     0    4    1    0     1     0     0     0   194   193.0K    0.677     1618  OK
972    4    4      2     0    32   200     1      1     0    6    1    1     1     0     0     0   120   193.0K    0.677     1617  OK
973    4    4      2     0    32   200     4      0     0    6    1    1     1     0     0     0   200   193.0K    0.677     1618  OK
974    4    4      2     0    32   200     2      1     0    8    1    1     1     0     0     0   149   193.0K    0.677     1617  OK
975    4    4      2     0    32   200     1      0     1    2    0    3     1     0     0     0   130   193.0K    0.677     1618  OK
976    4    4      2     0    32   200     1      1     1    4    1    3     1     0     0     0   164   193.0K    0.677     1618  OK
977    4    4      2     1    32   160     4      1     0    1    4    3     1     0     0     0   212   193.0K    0.677     1616  OK
978    4    4      2     1    32   160     1      0     0    6    1    1     1     0     0     0   122   193.0K    0.677     1617  OK
979    4    4      2     0    32   100     1      1     0    2    0    3     1     0     0     0   130   193.0K    0.678     1615  OK
980    4    4      2     0    32   200     1      1     0    1    0    0     1     0     0     0   130   193.0K    0.678     1616  OK
981    4    4      2     0    32   200     1      1     0    2    4    3     1     0     0     0   130   193.0K    0.678     1616  OK
982    4    4      2     0    32   200     2      0     0    4    1    0     1     0     0     0   194   193.0K    0.678     1614  OK
983    4    4      2     0    32   200     2      1     0    4    1    3     1     0     0     0   194   193.0K    0.678     1615  OK
984    4    4      2     0    32   200     4      0     0    6    1    0     1     0     0     0   208   193.0K    0.678     1614  OK
985    4    4      2     0    32   200     1      1     1    2    4    3     1     0     0     0   130   193.0K    0.678     1615  OK
986    4    4      2     0    32   200     2      1     1    4    1    1     1     0     0     0   149   193.0K    0.678     1614  OK
987    4    4      2     0    32   200     2      1     1    4    1    3     1     0     0     0   194   193.0K    0.678     1614  OK
988    4    4      2     0    32   200     1      1     1    6    1    0     1     0     0     0   128   193.0K    0.678     1615  OK
989    4    4      2     0    32   200     2      1     1    6    1    0     1     0     0     0   157   193.0K    0.678     1614  OK
990    4    4      2     0    32   200     4      1     1    6    1    1     1     0     0     0   200   193.0K    0.678     1615  OK
991    4    4      2     0    32   200     4      0     1    8    1    1     1     0     0     0   200   193.0K    0.678     1616  OK
992    4    4      2     1    32   160     2      1     0    4    1    1     1     0     0     0   151   193.0K    0.678     1615  OK
993    4    4      2     1    32   160     1      1     0    8    1    3     1     0     0     0   164   193.0K    0.678     1614  OK
994    4    4      2     1    32   160     4      0     1    1    0    0     1     0     0     0   212   193.0K    0.678     1615  OK
995    4    4      2     1    32   160     4      0     1    1    4    3     1     0     0     0   212   193.0K    0.678     1616  OK
996    4    4      2     1    32   160     4      1     1    2    0    0     1     0     0     0   212   193.0K    0.678     1615  OK
997    4    4      2     0    32   100     4      1     0    1    0    0     1     0     0     0   210   193.0K    0.679     1613  OK
998    4    4      2     0    32   100     4      1     0    2    4    3     1     0     0     0   210   193.0K    0.679     1612  OK
999    4    4      2     0    32   100     1      0     0    4    1    3     1     0     0     0   164   193.0K    0.679     1613  OK
1000    4    4      2     0    32   200     1      1     0    4    1    3     1     0     0     0   164   193.0K    0.679     1613  OK
1001    4    4      2     0    32   200     1      0     0    8    1    0     1     0     0     0   164   193.0K    0.679     1613  OK
1002    4    4      2     0    32   200     4      1     0    8    1    0     1     0     0     0   244   193.0K    0.679     1612  OK
1003    4    4      2     0    32   200     1      1     1    1    0    3     1     0     0     0   130   193.0K    0.679     1612  OK
1004    4    4      2     0    32   200     1      0     1    4    1    3     1     0     0     0   164   193.0K    0.679     1613  OK
1005    4    4      2     0    32   200     2      0     1    4    1    3     1     0     0     0   194   193.0K    0.679     1613  OK
1006    4    4      2     0    32   200     1      1     1    6    1    1     1     0     0     0   120   193.0K    0.679     1612  OK
1007    4    4      2     0    32   200     2      0     1    8    1    1     1     0     0     0   149   193.0K    0.679     1613  OK
1008    4    4      2     1    32   160     4      1     0    1    0    0     1     0     0     0   212   193.0K    0.679     1613  OK
1009    4    4      2     1    32   160     1      1     0    6    1    1     1     0     0     0   122   193.0K    0.679     1613  OK
1010    4    4      2     1    32   160     1      0     0    8    1    3     1     0     0     0   164   193.0K    0.679     1614  OK
1011    4    4      2     1    32   160     2      1     1    8    1    1     1     0     0     0   151   193.0K    0.679     1613  OK
1012    4    4      2     0    32   100     4      0     1    2    0    3     1     0     0     0   210   193.0K    0.680     1609  OK
1013    4    4      2     0    32   100     4      1     1    2    4    3     1     0     0     0   210   193.0K    0.680     1611  OK
1014    4    4      2     0    32   100     1      0     1    6    1    1     1     0     0     0   120   193.0K    0.680     1610  OK
1015    4    4      2     0    32   200     1      0     0    2    4    0     1     0     0     0   130   193.0K    0.680     1610  OK
1016    4    4      2     0    32   200     1      0     0    2    4    3     1     0     0     0   130   193.0K    0.680     1610  OK
1017    4    4      2     0    32   200     2      0     0    4    1    3     1     0     0     0   194   193.0K    0.680     1610  OK
1018    4    4      2     0    32   200     4      1     0    4    1    0     1     0     0     0   244   193.0K    0.680     1611  OK
1019    4    4      2     0    32   200     1      1     0    6    1    0     1     0     0     0   128   193.0K    0.680     1610  OK
1020    4    4      2     0    32   200     2      1     0    6    1    3     1     0     0     0   157   193.0K    0.680     1610  OK
1021    4    4      2     0    32   200     2      1     0    8    1    3     1     0     0     0   194   193.0K    0.680     1611  OK
1022    4    4      2     0    32   200     1      0     1    1    4    3     1     0     0     0   130   193.0K    0.680     1610  OK
1023    4    4      2     0    32   200     1      1     1    6    1    3     1     0     0     0   128   193.0K    0.680     1610  OK
1024    4    4      2     0    32   200     4      0     1    6    1    1     1     0     0     0   200   193.0K    0.680     1611  OK
1025    4    4      2     0    32   200     2      0     1    8    1    3     1     0     0     0   194   193.0K    0.680     1611  OK
1026    4    4      2     1    32   160     1      0     0    4    1    1     1     0     0     0   122   193.0K    0.680     1610  OK
1027    4    4      2     1    32   160     2      0     0    6    1    0     1     0     0     0   159   193.0K    0.680     1610  OK
1028    4    4      2     1    32   160     2      0     0    6    1    1     1     0     0     0   151   193.0K    0.680     1611  OK
1029    4    4      2     1    32   160     2      1     0    6    1    3     1     0     0     0   159   193.0K    0.680     1611  OK
1030    4    4      2     1    32   160     2      1     1    4    1    3     1     0     0     0   196   193.0K    0.680     1611  OK
1031    4    4      2     1    32   160     2      0     1    6    1    3     1     0     0     0   159   193.0K    0.680     1610  OK
1032    4    4      2     0    32   100     1      0     0    2    4    3     1     0     0     0   130   193.0K    0.681     1608  OK
1033    4    4      2     0    32   100     1      1     0    2    4    0     1     0     0     0   130   193.0K    0.681     1609  OK
1034    4    4      2     0    32   100     1      0     0    6    1    3     1     0     0     0   128   193.0K    0.681     1608  OK
1035    4    4      2     0    32   100     1      0     1    6    1    0     1     0     0     0   128   193.0K    0.681     1607  OK
1036    4    4      2     0    32   100     2      1     1    6    1    0     1     0     0     0   157   193.0K    0.681     1609  OK
1037    4    4      2     0    32   200     4      1     0    4    1    1     1     0     0     0   200   193.0K    0.681     1608  OK
1038    4    4      2     0    32   200     1      0     0    6    1    0     1     0     0     0   128   193.0K    0.681     1608  OK
1039    4    4      2     0    32   200     1      1     0    6    1    3     1     0     0     0   128   193.0K    0.681     1608  OK
1040    4    4      2     0    32   200     2      0     0    6    1    3     1     0     0     0   157   193.0K    0.681     1608  OK
1041    4    4      2     0    32   200     1      1     0    8    1    3     1     0     0     0   164   193.0K    0.681     1607  OK
1042    4    4      2     0    32   200     4      1     0    8    1    1     1     0     0     0   200   193.0K    0.681     1607  OK
1043    4    4      2     0    32   200     1      0     1    4    1    0     1     0     0     0   164   193.0K    0.681     1608  OK
1044    4    4      2     0    32   200     4      1     1    4    1    0     1     0     0     0   244   193.0K    0.681     1608  OK
1045    4    4      2     0    32   200     2      0     1    6    1    0     1     0     0     0   157   193.0K    0.681     1608  OK
1046    4    4      2     0    32   200     2      1     1    6    1    1     1     0     0     0   149   193.0K    0.681     1608  OK
1047    4    4      2     0    32   200     2      0     1    8    1    0     1     0     0     0   194   193.0K    0.681     1609  OK
1048    4    4      2     1    32   160     1      0     0    6    1    3     1     0     0     0   128   193.0K    0.681     1608  OK
1049    4    4      2     1    32   160     1      0     1    4    1    3     1     0     0     0   164   193.0K    0.681     1608  OK
1050    4    4      2     1    32   160     1      0     1    8    1    1     1     0     0     0   120   193.0K    0.681     1607  OK
1051    4    4      2     1    32   160     2      1     1    8    1    0     1     0     0     0   196   193.0K    0.681     1608  OK
1052    4    4      2     0    32   100     1      0     0    8    1    1     1     0     0     0   120   193.0K    0.682     1605  OK
1053    4    4      2     0    32   100     1      1     0    8    1    0     1     0     0     0   164   193.0K    0.682     1607  OK
1054    4    4      2     0    32   100     1      1     1    4    1    0     1     0     0     0   164   193.0K    0.682     1607  OK
1055    4    4      2     0    32   100     1      0     1    6    1    3     1     0     0     0   128   193.0K    0.682     1606  OK
1056    4    4      2     0    32   200     2      1     0    6    1    1     1     0     0     0   149   193.0K    0.682     1606  OK
1057    4    4      2     0    32   200     1      1     0    8    1    0     1     0     0     0   164   193.0K    0.682     1606  OK
1058    4    4      2     0    32   200     2      1     0    8    1    0     1     0     0     0   194   193.0K    0.682     1604  OK
1059    4    4      2     0    32   200     4      0     0    8    1    3     1     0     0     0   244   193.0K    0.682     1606  OK
1060    4    4      2     0    32   200     4      1     0    8    1    3     1     0     0     0   244   193.0K    0.682     1605  OK
1061    4    4      2     0    32   200     2      0     1    4    1    1     1     0     0     0   149   193.0K    0.682     1605  OK
1062    4    4      2     0    32   200     2      1     1    4    1    0     1     0     0     0   194   193.0K    0.682     1605  OK
1063    4    4      2     0    32   200     4      0     1    6    1    0     1     0     0     0   208   193.0K    0.682     1606  OK
1064    4    4      2     0    32   200     4      1     1    6    1    0     1     0     0     0   208   193.0K    0.682     1605  OK
1065    4    4      2     0    32   200     2      1     1    8    1    0     1     0     0     0   194   193.0K    0.682     1605  OK
1066    4    4      2     0    32   200     4      1     1    8    1    3     1     0     0     0   244   193.0K    0.682     1606  OK
1067    4    4      2     1    32   160     2      0     0    6    1    3     1     0     0     0   159   193.0K    0.682     1606  OK
1068    4    4      2     1    32   160     2      0     0    8    1    1     1     0     0     0   151   193.0K    0.682     1605  OK
1069    4    4      2     1    32   160     2      1     0    8    1    1     1     0     0     0   151   193.0K    0.682     1606  OK
1070    4    4      2     1    32   160     1      0     1    4    1    1     1     0     0     0   120   193.0K    0.682     1605  OK
1071    4    4      2     1    32   160     1      1     1    4    1    0     1     0     0     0   164   193.0K    0.682     1606  OK
1072    4    4      2     1    32   160     1      0     1    6    1    3     1     0     0     0   128   193.0K    0.682     1605  OK
1073    4    4      2     1    32   160     2      1     1    8    1    3     1     0     0     0   196   193.0K    0.682     1607  OK
1074    4    4      2     1    32   160     4      1     1    8    1    3     1     0     0     0   244   193.0K    0.682     1605  OK
1075    4    4      2     0    32   100     2      1     0    4    1    3     1     0     0     0   194   193.0K    0.683     1604  OK
1076    4    4      2     0    32   100     1      0     0    6    1    1     1     0     0     0   120   193.0K    0.683     1603  OK
1077    4    4      2     0    32   100     1      1     0    8    1    3     1     0     0     0   164   193.0K    0.683     1604  OK
1078    4    4      2     0    32   100     1      1     1    8    1    0     1     0     0     0   164   193.0K    0.683     1604  OK
1079    4    4      2     0    32   100     2      1     1    8    1    1     1     0     0     0   149   193.0K    0.683     1603  OK
1080    4    4      2     0    32   200     4      0     0    1    0    3     1     0     0     0   210   193.0K    0.683     1604  OK
1081    4    4      2     0    32   200     1      1     0    4    1    1     1     0     0     0   120   193.0K    0.683     1602  OK
1082    4    4      2     0    32   200     4      0     0    4    1    1     1     0     0     0   200   193.0K    0.683     1603  OK
1083    4    4      2     0    32   200     1      0     0    6    1    3     1     0     0     0   128   193.0K    0.683     1603  OK
1084    4    4      2     0    32   200     4      1     0    6    1    3     1     0     0     0   208   193.0K    0.683     1604  OK
1085    4    4      2     0    32   200     1      0     0    8    1    3     1     0     0     0   164   193.0K    0.683     1604  OK
1086    4    4      2     0    32   200     4      0     0    8    1    0     1     0     0     0   244   193.0K    0.683     1603  OK
1087    4    4      2     0    32   200     4      0     0    8    1    1     1     0     0     0   200   193.0K    0.683     1604  OK
1088    4    4      2     0    32   200     4      0     1    2    0    0     1     0     0     0   210   193.0K    0.683     1602  OK
1089    4    4      2     0    32   200     1      1     1    4    1    0     1     0     0     0   164   193.0K    0.683     1603  OK
1090    4    4      2     0    32   200     4      0     1    4    1    3     1     0     0     0   244   193.0K    0.683     1603  OK
1091    4    4      2     0    32   200     1      0     1    6    1    0     1     0     0     0   128   193.0K    0.683     1603  OK
1092    4    4      2     0    32   200     1      0     1    8    1    3     1     0     0     0   164   193.0K    0.683     1603  OK
1093    4    4      2     1    32   160     2      1     0    4    1    0     1     0     0     0   196   193.0K    0.683     1602  OK
1094    4    4      2     1    32   160     1      1     0    6    1    3     1     0     0     0   128   193.0K    0.683     1603  OK
1095    4    4      2     1    32   160     2      1     0    6    1    0     1     0     0     0   159   193.0K    0.683     1602  OK
1096    4    4      2     1    32   160     2      1     0    6    1    1     1     0     0     0   151   193.0K    0.683     1603  OK
1097    4    4      2     1    32   160     4      1     0    6    1    0     1     0     0     0   208   193.0K    0.683     1603  OK
1098    4    4      2     1    32   160     2      1     0    8    1    0     1     0     0     0   196   193.0K    0.683     1603  OK
1099    4    4      2     0    32   100     1      1     0    4    1    0     1     0     0     0   164   193.0K    0.684     1601  OK
1100    4    4      2     0    32   100     2      0     0    6    1    3     1     0     0     0   157   193.0K    0.684     1600  OK
1101    4    4      2     0    32   100     1      1     1    8    1    1     1     0     0     0   120   193.0K    0.684     1600  OK
1102    4    4      2     0    32   100     2      0     1    8    1    1     1     0     0     0   149   193.0K    0.684     1601  OK
1103    4    4      2     0    32   200     1      0     0    6    1    1     1     0     0     0   120   193.0K    0.684     1600  OK
1104    4    4      2     0    32   200     4      1     0    6    1    1     1     0     0     0   200   193.0K    0.684     1601  OK
1105    4    4      2     0    32   200     2      0     0    8    1    0     1     0     0     0   194   193.0K    0.684     1602  OK
1106    4    4      2     0    32   200     2      0     0    8    1    1     1     0     0     0   149   193.0K    0.684     1600  OK
1107    4    4      2     0    32   200     2      0     0    8    1    3     1     0     0     0   194   193.0K    0.684     1602  OK
1108    4    4      2     0    32   200     2      0     1    4    1    0     1     0     0     0   194   193.0K    0.684     1600  OK
1109    4    4      2     0    32   200     1      1     1    8    1    3     1     0     0     0   164   193.0K    0.684     1601  OK
1110    4    4      2     0    32   200     2      1     1    8    1    3     1     0     0     0   194   193.0K    0.684     1601  OK
1111    4    4      2     0    32   200     4      0     1    8    1    0     1     0     0     0   244   193.0K    0.684     1602  OK
1112    4    4      2     1    32   160     4      1     0    1    4    0     1     0     0     0   212   193.0K    0.684     1601  OK
1113    4    4      2     1    32   160     1      1     0    4    1    0     1     0     0     0   164   193.0K    0.684     1601  OK
1114    4    4      2     1    32   160     1      1     0    4    1    3     1     0     0     0   164   193.0K    0.684     1601  OK
1115    4    4      2     1    32   160     1      0     0    6    1    0     1     0     0     0   128   193.0K    0.684     1601  OK
1116    4    4      2     1    32   160     2      0     0    8    1    3     1     0     0     0   196   193.0K    0.684     1601  OK
1117    4    4      2     1    32   160     2      1     0    8    1    3     1     0     0     0   196   193.0K    0.684     1600  OK
1118    4    4      2     1    32   160     2      1     1    4    1    0     1     0     0     0   196   193.0K    0.684     1600  OK
1119    4    4      2     1    32   160     1      0     1    6    1    0     1     0     0     0   128   193.0K    0.684     1600  OK
1120    4    4      2     1    32   160     4      0     1    6    1    3     1     0     0     0   208   193.0K    0.684     1601  OK
1121    4    4      2     0    32   100     2      1     0    4    1    0     1     0     0     0   194   193.0K    0.685     1598  OK
1122    4    4      2     0    32   100     1      0     0    8    1    0     1     0     0     0   164   193.0K    0.685     1599  OK
1123    4    4      2     0    32   100     1      1     1    6    1    1     1     0     0     0   120   193.0K    0.685     1597  OK
1124    4    4      2     0    32   100     2      0     1    6    1    3     1     0     0     0   157   193.0K    0.685     1598  OK
1125    4    4      2     0    32   100     1      1     1    8    1    3     1     0     0     0   164   193.0K    0.685     1598  OK
1126    4    4      2     0    32   200     4      0     0    4    1    0     1     0     0     0   244   193.0K    0.685     1599  OK
1127    4    4      2     0    32   200     2      0     0    6    1    1     1     0     0     0   149   193.0K    0.685     1599  OK
1128    4    4      2     0    32   200     2      1     0    6    1    0     1     0     0     0   157   193.0K    0.685     1599  OK
1129    4    4      2     0    32   200     4      1     0    6    1    0     1     0     0     0   208   193.0K    0.685     1599  OK
1130    4    4      2     0    32   200     1      0     0    8    1    1     1     0     0     0   120   193.0K    0.685     1598  OK
1131    4    4      2     0    32   200     4      0     1    4    1    1     1     0     0     0   200   193.0K    0.685     1598  OK
1132    4    4      2     0    32   200     4      1     1    4    1    1     1     0     0     0   200   193.0K    0.685     1598  OK
1133    4    4      2     0    32   200     2      0     1    6    1    3     1     0     0     0   157   193.0K    0.685     1598  OK
1134    4    4      2     0    32   200     1      0     1    8    1    1     1     0     0     0   120   193.0K    0.685     1598  OK
1135    4    4      2     1    32   160     2      0     0    4    1    0     1     0     0     0   196   193.0K    0.685     1598  OK
1136    4    4      2     1    32   160     2      0     0    4    1    1     1     0     0     0   151   193.0K    0.685     1598  OK
1137    4    4      2     1    32   160     4      1     0    8    1    1     1     0     0     0   200   193.0K    0.685     1598  OK
1138    4    4      2     1    32   160     1      0     1    4    1    0     1     0     0     0   164   193.0K    0.685     1600  OK
1139    4    4      2     1    32   160     4      1     1    4    1    1     1     0     0     0   200   193.0K    0.685     1598  OK
1140    4    4      2     0    32   100     2      0     0    6    1    1     1     0     0     0   149   193.0K    0.686     1596  OK
1141    4    4      2     0    32   100     2      1     0    6    1    1     1     0     0     0   149   193.0K    0.686     1595  OK
1142    4    4      2     0    32   100     2      1     0    6    1    3     1     0     0     0   157   193.0K    0.686     1596  OK
1143    4    4      2     0    32   100     2      0     1    4    1    3     1     0     0     0   194   193.0K    0.686     1596  OK
1144    4    4      2     0    32   100     2      1     1    6    1    1     1     0     0     0   149   193.0K    0.686     1596  OK
1145    4    4      2     0    32   100     1      0     1    8    1    0     1     0     0     0   164   193.0K    0.686     1597  OK
1146    4    4      2     0    32   100     2      1     1    8    1    0     1     0     0     0   194   193.0K    0.686     1597  OK
1147    4    4      2     0    32   200     1      1     1    4    1    1     1     0     0     0   120   193.0K    0.686     1595  OK
1148    4    4      2     0    32   200     4      1     1    4    1    3     1     0     0     0   244   193.0K    0.686     1595  OK
1149    4    4      2     0    32   200     1      0     1    6    1    3     1     0     0     0   128   193.0K    0.686     1595  OK
1150    4    4      2     0    32   200     2      0     1    6    1    1     1     0     0     0   149   193.0K    0.686     1596  OK
1151    4    4      2     0    32   200     1      1     1    8    1    1     1     0     0     0   120   193.0K    0.686     1595  OK
1152    4    4      2     0    32   200     4      0     1    8    1    3     1     0     0     0   244   193.0K    0.686     1596  OK
1153    4    4      2     1    32   160     2      1     0    4    1    3     1     0     0     0   196   193.0K    0.686     1597  OK
1154    4    4      2     1    32   160     4      1     0    4    1    0     1     0     0     0   244   193.0K    0.686     1596  OK
1155    4    4      2     1    32   160     1      1     0    6    1    0     1     0     0     0   128   193.0K    0.686     1596  OK
1156    4    4      2     1    32   160     4      1     0    6    1    1     1     0     0     0   200   193.0K    0.686     1596  OK
1157    4    4      2     1    32   160     1      0     0    8    1    1     1     0     0     0   122   193.0K    0.686     1597  OK
1158    4    4      2     1    32   160     4      1     1    4    1    0     1     0     0     0   244   193.0K    0.686     1596  OK
1159    4    4      2     1    32   160     1      1     1    6    1    0     1     0     0     0   128   193.0K    0.686     1595  OK
1160    4    4      2     1    32   160     2      0     1    6    1    0     1     0     0     0   159   193.0K    0.686     1596  OK
1161    4    4      2     1    32   160     2      1     1    6    1    1     1     0     0     0   151   193.0K    0.686     1597  OK
1162    4    4      2     1    32   160     2      1     1    6    1    3     1     0     0     0   159   193.0K    0.686     1596  OK
1163    4    4      2     1    32   160     1      1     1    8    1    0     1     0     0     0   164   193.0K    0.686     1597  OK
1164    4    4      2     1    32   160     1      1     1    8    1    1     1     0     0     0   120   193.0K    0.686     1595  OK
1165    4    4      2     0    32   100     2      1     0    4    1    1     1     0     0     0   149   193.0K    0.687     1594  OK
1166    4    4      2     0    32   100     2      1     0    8    1    3     1     0     0     0   194   193.0K    0.687     1593  OK
1167    4    4      2     0    32   100     2      1     1    4    1    0     1     0     0     0   194   193.0K    0.687     1594  OK
1168    4    4      2     0    32   200     1      0     1    4    1    1     1     0     0     0   120   193.0K    0.687     1594  OK
1169    4    4      2     0    32   200     1      0     1    6    1    1     1     0     0     0   120   193.0K    0.687     1594  OK
1170    4    4      2     0    32   200     4      1     1    6    1    3     1     0     0     0   208   193.0K    0.687     1594  OK
1171    4    4      2     1    32   160     1      1     0    4    1    1     1     0     0     0   122   193.0K    0.687     1595  OK
1172    4    4      2     1    32   160     4      1     0    6    1    3     1     0     0     0   208   193.0K    0.687     1593  OK
1173    4    4      2     1    32   160     2      0     0    8    1    0     1     0     0     0   196   193.0K    0.687     1595  OK
1174    4    4      2     1    32   160     4      1     0    8    1    0     1     0     0     0   244   193.0K    0.687     1595  OK
1175    4    4      2     1    32   160     4      1     1    4    1    3     1     0     0     0   244   193.0K    0.687     1593  OK
1176    4    4      2     1    32   160     1      1     1    6    1    1     1     0     0     0   120   193.0K    0.687     1595  OK
1177    4    4      2     1    32   160     2      0     1    6    1    1     1     0     0     0   151   193.0K    0.687     1594  OK
1178    4    4      2     1    32   160     1      1     1    8    1    3     1     0     0     0   164   193.0K    0.687     1594  OK
1179    4    4      2     1    32   160     4      0     1    8    1    1     1     0     0     0   200   193.0K    0.687     1594  OK
1180    4    4      2     0    32   100     1      0     0    4    1    0     1     0     0     0   164   193.0K    0.688     1592  OK
1181    4    4      2     0    32   100     2      1     0    8    1    1     1     0     0     0   149   193.0K    0.688     1592  OK
1182    4    4      2     0    32   100     1      1     1    6    1    0     1     0     0     0   128   193.0K    0.688     1593  OK
1183    4    4      2     0    32   100     2      1     1    6    1    3     1     0     0     0   157   193.0K    0.688     1591  OK
1184    4    4      2     0    32   100     1      0     1    8    1    3     1     0     0     0   164   193.0K    0.688     1592  OK
1185    4    4      2     0    32   200     1      0     0    4    1    1     1     0     0     0   120   193.0K    0.688     1593  OK
1186    4    4      2     0    32   200     4      0     0    6    1    3     1     0     0     0   208   193.0K    0.688     1592  OK
1187    4    4      2     0    32   200     1      1     1    8    1    0     1     0     0     0   164   193.0K    0.688     1591  OK
1188    4    4      2     1    32   160     2      0     0    4    1    3     1     0     0     0   196   193.0K    0.688     1592  OK
1189    4    4      2     1    32   160     4      0     0    8    1    0     1     0     0     0   244   193.0K    0.688     1591  OK
1190    4    4      2     1    32   160     2      1     1    4    1    1     1     0     0     0   151   193.0K    0.688     1592  OK
1191    4    4      2     1    32   160     1      1     1    6    1    3     1     0     0     0   128   193.0K    0.688     1591  OK
1192    4    4      2     1    32   160     1      0     1    8    1    0     1     0     0     0   164   193.0K    0.688     1591  OK
1193    4    4      2     1    32   160     1      0     1    8    1    3     1     0     0     0   164   193.0K    0.688     1593  OK
1194    4    4      2     1    32   160     4      0     1    8    1    3     1     0     0     0   244   193.0K    0.688     1592  OK
1195    4    4      2     0    32   100     1      1     0    4    1    3     1     0     0     0   164   193.0K    0.689     1590  OK
1196    4    4      2     0    32   100     1      0     0    8    1    3     1     0     0     0   164   193.0K    0.689     1588  OK
1197    4    4      2     0    32   100     2      0     0    8    1    1     1     0     0     0   149   193.0K    0.689     1590  OK
1198    4    4      2     0    32   100     1      1     1    1    4    1     1     0     0     0   125   193.0K    0.689     1589  OK
1199    4    4      2     0    32   100     1      0     1    4    1    3     1     0     0     0   164   193.0K    0.689     1589  OK
1200    4    4      2     0    32   100     1      1     1    4    1    1     1     0     0     0   120   193.0K    0.689     1589  OK
1201    4    4      2     0    32   100     1      1     1    4    1    3     1     0     0     0   164   193.0K    0.689     1588  OK
1202    4    4      2     0    32   100     4      0     1    4    1    0     1     0     0     0   244   193.0K    0.689     1589  OK
1203    4    4      2     0    32   100     2      0     1    6    1    1     1     0     0     0   149   193.0K    0.689     1590  OK
1204    4    4      2     0    32   100     2      1     1    8    1    3     1     0     0     0   194   193.0K    0.689     1589  OK
1205    4    4      2     0    32   200     1      1     0    4    1    0     1     0     0     0   164   193.0K    0.689     1590  OK
1206    4    4      2     0    32   200     4      0     1    6    1    3     1     0     0     0   208   193.0K    0.689     1589  OK
1207    4    4      2     1    32   160     4      0     0    4    1    0     1     0     0     0   244   193.0K    0.689     1590  OK
1208    4    4      2     1    32   160     4      0     0    6    1    3     1     0     0     0   208   193.0K    0.689     1589  OK
1209    4    4      2     1    32   160     1      1     0    8    1    0     1     0     0     0   164   193.0K    0.689     1589  OK
1210    4    4      2     0    32   100     1      1     0    4    1    1     1     0     0     0   120   193.0K    0.690     1587  OK
1211    4    4      2     0    32   100     1      1     0    6    1    0     1     0     0     0   128   193.0K    0.690     1587  OK
1212    4    4      2     0    32   100     1      1     0    6    1    3     1     0     0     0   128   193.0K    0.690     1586  OK
1213    4    4      2     0    32   100     2      0     1    4    1    0     1     0     0     0   194   193.0K    0.690     1587  OK
1214    4    4      2     0    32   100     2      0     1    4    1    1     1     0     0     0   149   193.0K    0.690     1586  OK
1215    4    4      2     0    32   100     2      1     1    4    1    3     1     0     0     0   194   193.0K    0.690     1587  OK
1216    4    4      2     0    32   100     1      1     1    6    1    3     1     0     0     0   128   193.0K    0.690     1588  OK
1217    4    4      2     0    32   100     1      0     1    8    1    1     1     0     0     0   120   193.0K    0.690     1587  OK
1218    4    4      2     0    32   200     4      1     1    8    1    1     1     0     0     0   200   193.0K    0.690     1587  OK
1219    4    4      2     1    32   160     4      0     0    4    1    1     1     0     0     0   200   193.0K    0.690     1586  OK
1220    4    4      2     1    32   160     1      1     1    4    1    3     1     0     0     0   164   193.0K    0.690     1587  OK
1221    4    4      2     1    32   160     2      0     1    4    1    1     1     0     0     0   151   193.0K    0.690     1587  OK
1222    4    4      2     1    32   160     4      0     1    4    1    0     1     0     0     0   244   193.0K    0.690     1587  OK
1223    4    4      2     1    32   160     4      1     1    6    1    1     1     0     0     0   200   193.0K    0.690     1587  OK
1224    4    4      2     1    32   160     4      1     1    8    1    0     1     0     0     0   244   193.0K    0.690     1586  OK
1225    4    4      2     0    32   100     2      0     0    8    1    0     1     0     0     0   194   193.0K    0.691     1585  OK
1226    4    4      2     0    32   100     1      1     1    2    0    1     1     0     0     0   125   193.0K    0.691     1584  OK
1227    4    4      2     0    32   100     1      0     1    4    1    0     1     0     0     0   164   193.0K    0.691     1584  OK
1228    4    4      2     1    32   160     1      0     0    1    0    1     1     0     0     0   126   193.0K    0.691     1584  OK
1229    4    4      2     1    32   160     1      1     0    2    4    1     1     0     0     0   126   193.0K    0.691     1584  OK
1230    4    4      2     1    32   160     1      0     0    4    1    0     1     0     0     0   164   193.0K    0.691     1584  OK
1231    4    4      2     1    32   160     1      0     0    4    1    3     1     0     0     0   164   193.0K    0.691     1585  OK
1232    4    4      2     1    32   160     4      0     0    4    1    3     1     0     0     0   244   193.0K    0.691     1584  OK
1233    4    4      2     1    32   160     4      0     0    6    1    1     1     0     0     0   200   193.0K    0.691     1585  OK
1234    4    4      2     1    32   160     4      0     0    8    1    3     1     0     0     0   244   193.0K    0.691     1584  OK
1235    4    4      2     1    32   160     2      0     1    4    1    3     1     0     0     0   196   193.0K    0.691     1584  OK
1236    4    4      2     1    32   160     4      0     1    4    1    1     1     0     0     0   200   193.0K    0.691     1585  OK
1237    4    4      2     1    32   160     4      1     1    8    1    1     1     0     0     0   200   193.0K    0.691     1585  OK
1238    4    4      2     0    32   100     1      0     0    4    1    1     1     0     0     0   120   193.0K    0.692     1583  OK
1239    4    4      2     0    32   100     2      0     0    4    1    1     1     0     0     0   149   193.0K    0.692     1583  OK
1240    4    4      2     0    32   100     2      0     0    4    1    3     1     0     0     0   194   193.0K    0.692     1584  OK
1241    4    4      2     0    32   100     1      1     0    6    1    1     1     0     0     0   120   193.0K    0.692     1583  OK
1242    4    4      2     0    32   100     2      1     0    6    1    0     1     0     0     0   157   193.0K    0.692     1583  OK
1243    4    4      2     0    32   100     2      0     0    8    1    3     1     0     0     0   194   193.0K    0.692     1582  OK
1244    4    4      2     0    32   100     2      0     1    8    1    0     1     0     0     0   194   193.0K    0.692     1583  OK
1245    4    4      2     0    32   200     4      0     0    4    1    3     1     0     0     0   244   193.0K    0.692     1583  OK
1246    4    4      2     1    32   160     4      1     0    4    1    1     1     0     0     0   200   193.0K    0.692     1582  OK
1247    4    4      2     1    32   160     4      1     0    8    1    3     1     0     0     0   244   193.0K    0.692     1582  OK
1248    4    4      2     1    32   160     4      0     1    6    1    0     1     0     0     0   208   193.0K    0.692     1582  OK
1249    4    4      2     0    32   100     4      1     0    6    1    0     1     0     0     0   208   193.0K    0.693     1581  OK
1250    4    4      2     0    32   100     1      0     1    4    1    1     1     0     0     0   120   193.0K    0.693     1581  OK
1251    4    4      2     1    32   160     1      0     0    8    1    0     1     0     0     0   164   193.0K    0.693     1579  OK
1252    4    4      2     1    32   160     1      1     0    8    1    1     1     0     0     0   122   193.0K    0.693     1581  OK
1253    4    4      2     1    32   160     1      1     1    2    4    1     1     0     0     0   125   193.0K    0.693     1580  OK
1254    4    4      2     1    32   160     1      0     1    6    1    1     1     0     0     0   120   193.0K    0.693     1581  OK
1255    4    4      2     1    32   160     4      1     1    6    1    0     1     0     0     0   208   193.0K    0.693     1581  OK
1256    4    4      2     1    32   160     2      0     1    8    1    0     1     0     0     0   196   193.0K    0.693     1580  OK
1257    4    4      2     0    32   100     4      1     0    4    1    3     1     0     0     0   244   193.0K    0.694     1578  OK
1258    4    4      2     0    32   100     2      0     1    6    1    0     1     0     0     0   157   193.0K    0.694     1578  OK
1259    4    4      2     0    32   100     4      1     1    6    1    1     1     0     0     0   200   193.0K    0.694     1577  OK
1260    4    4      2     0    32   200     4      1     0    2    4    1     1     0     0     0   202   193.0K    0.694     1577  OK
1261    4    4      2     0    32   200     2      1     1    2    4    1     1     0     0     0   153   193.0K    0.694     1578  OK
1262    4    4      2     1    32   160     1      0     0    2    4    1     1     0     0     0   126   193.0K    0.694     1579  OK
1263    4    4      2     1    32   160     4      0     1    6    1    1     1     0     0     0   200   193.0K    0.694     1578  OK
1264    4    4      2     0    32   100     4      1     0    4    1    1     1     0     0     0   200   193.0K    0.695     1575  OK
1265    4    4      2     0    32   100     1      1     0    8    1    1     1     0     0     0   120   193.0K    0.695     1576  OK
1266    4    4      2     0    32   100     4      1     0    8    1    3     1     0     0     0   244   193.0K    0.695     1576  OK
1267    4    4      2     0    32   100     2      1     1    4    1    1     1     0     0     0   149   193.0K    0.695     1575  OK
1268    4    4      2     0    32   100     4      1     1    6    1    0     1     0     0     0   208   193.0K    0.695     1575  OK
1269    4    4      2     0    32   100     2      0     1    8    1    3     1     0     0     0   194   193.0K    0.695     1575  OK
1270    4    4      2     0    32   200     1      0     0    1    0    1     1     0     0     0   126   193.0K    0.695     1577  OK
1271    4    4      2     1    32   160     1      1     0    1    0    1     1     0     0     0   126   193.0K    0.695     1576  OK
1272    4    4      2     1    32   160     4      1     0    4    1    3     1     0     0     0   244   193.0K    0.695     1576  OK
1273    4    4      2     1    32   160     1      1     1    1    0    1     1     0     0     0   125   193.0K    0.695     1577  OK
1274    4    4      2     0    32   100     2      0     0    1    4    1     1     0     0     0   153   193.0K    0.696     1574  OK
1275    4    4      2     0    32   100     1      0     0    6    1    0     1     0     0     0   128   193.0K    0.696     1574  OK
1276    4    4      2     0    32   100     2      0     0    6    1    0     1     0     0     0   157   193.0K    0.696     1573  OK
1277    4    4      2     0    32   100     2      1     0    8    1    0     1     0     0     0   194   193.0K    0.696     1572  OK
1278    4    4      2     0    32   100     4      0     0    8    1    0     1     0     0     0   244   193.0K    0.696     1573  OK
1279    4    4      2     0    32   100     2      1     1    2    0    1     1     0     0     0   153   193.0K    0.696     1572  OK
1280    4    4      2     0    32   100     4      0     1    8    1    3     1     0     0     0   244   193.0K    0.696     1574  OK
1281    4    4      2     0    32   100     4      1     1    8    1    0     1     0     0     0   244   193.0K    0.696     1574  OK
1282    4    4      2     0    32   100     4      1     1    8    1    1     1     0     0     0   200   193.0K    0.696     1573  OK
1283    4    4      2     0    32   200     2      1     1    2    0    1     1     0     0     0   153   193.0K    0.696     1573  OK
1284    4    4      2     1    32   160     1      0     0    2    0    1     1     0     0     0   126   193.0K    0.696     1573  OK
1285    4    4      2     1    32   160     4      0     0    8    1    1     1     0     0     0   200   193.0K    0.696     1572  OK
1286    4    4      2     1    32   160     4      0     1    2    0    1     1     0     0     0   204   193.0K    0.696     1573  OK
1287    4    4      2     1    32   160     1      1     1    4    1    1     1     0     0     0   120   193.0K    0.696     1573  OK
1288    4    4      2     1    32   160     4      0     1    4    1    3     1     0     0     0   244   193.0K    0.696     1574  OK
1289    4    4      2     1    32   160     2      0     1    8    1    1     1     0     0     0   151   193.0K    0.696     1573  OK
1290    4    4      2     1    32   160     4      0     1    8    1    0     1     0     0     0   244   193.0K    0.696     1574  OK
1291    4    4      2     0    32   100     1      0     0    2    4    1     1     0     0     0   126   193.0K    0.697     1571  OK
1292    4    4      2     0    32   100     4      0     0    6    1    1     1     0     0     0   200   193.0K    0.697     1572  OK
1293    4    4      2     0    32   100     4      1     0    6    1    1     1     0     0     0   200   193.0K    0.697     1571  OK
1294    4    4      2     0    32   100     1      0     1    2    0    1     1     0     0     0   125   193.0K    0.697     1572  OK
1295    4    4      2     0    32   200     4      0     1    1    0    1     1     0     0     0   202   193.0K    0.697     1572  OK
1296    4    4      2     0    32   200     4      0     1    4    1    0     1     0     0     0   244   193.0K    0.697     1571  OK
1297    4    4      2     1    32   160     1      0     1    1    0    1     1     0     0     0   125   193.0K    0.697     1572  OK
1298    4    4      2     0    32   100     1      0     0    1    4    1     1     0     0     0   126   193.0K    0.698     1568  OK
1299    4    4      2     0    32   100     2      1     0    2    0    1     1     0     0     0   153   193.0K    0.698     1569  OK
1300    4    4      2     0    32   100     2      0     0    4    1    0     1     0     0     0   194   193.0K    0.698     1569  OK
1301    4    4      2     0    32   100     1      0     1    2    4    1     1     0     0     0   125   193.0K    0.698     1569  OK
1302    4    4      2     0    32   100     1      1     1    2    4    1     1     0     0     0   125   193.0K    0.698     1568  OK
1303    4    4      2     0    32   100     2      0     1    2    4    1     1     0     0     0   153   193.0K    0.698     1569  OK
1304    4    4      2     0    32   100     4      0     1    4    1    3     1     0     0     0   244   193.0K    0.698     1569  OK
1305    4    4      2     0    32   100     4      0     1    8    1    0     1     0     0     0   244   193.0K    0.698     1569  OK
1306    4    4      2     1    32   160     1      1     0    2    0    1     1     0     0     0   126   193.0K    0.698     1569  OK
1307    4    4      2     1    32   160     4      0     0    6    1    0     1     0     0     0   208   193.0K    0.698     1568  OK
1308    4    4      2     1    32   160     1      0     1    2    4    1     1     0     0     0   125   193.0K    0.698     1568  OK
1309    4    4      2     0    32   100     1      0     0    2    0    1     1     0     0     0   126   193.0K    0.699     1566  OK
1310    4    4      2     0    32   100     1      1     0    2    0    1     1     0     0     0   126   193.0K    0.699     1566  OK
1311    4    4      2     0    32   100     4      0     0    6    1    0     1     0     0     0   208   193.0K    0.699     1566  OK
1312    4    4      2     0    32   100     4      0     0    8    1    3     1     0     0     0   244   193.0K    0.699     1567  OK
1313    4    4      2     0    32   100     4      1     0    8    1    1     1     0     0     0   200   193.0K    0.699     1567  OK
1314    4    4      2     0    32   100     2      1     1    2    4    1     1     0     0     0   153   193.0K    0.699     1566  OK
1315    4    4      2     0    32   100     4      0     1    8    1    1     1     0     0     0   200   193.0K    0.699     1567  OK
1316    4    4      2     0    32   200     2      0     0    1    0    1     1     0     0     0   153   193.0K    0.699     1567  OK
1317    4    4      2     0    32   200     1      1     0    2    4    1     1     0     0     0   126   193.0K    0.699     1566  OK
1318    4    4      2     1    32   160     1      1     0    1    4    1     1     0     0     0   126   193.0K    0.699     1566  OK
1319    4    4      2     1    32   160     4      0     0    2    0    1     1     0     0     0   204   193.0K    0.699     1566  OK
1320    4    4      2     1    32   160     4      1     0    2    4    1     1     0     0     0   204   193.0K    0.699     1566  OK
1321    4    4      2     1    32   160     1      1     1    2    0    1     1     0     0     0   125   193.0K    0.699     1566  OK
1322    4    4      2     1    32   160     2      0     1    4    1    0     1     0     0     0   196   193.0K    0.699     1567  OK
1323    4    4      2     0    32   100     2      0     0    1    0    1     1     0     0     0   153   193.0K    0.700     1564  OK
1324    4    4      2     0    32   100     1      1     0    2    4    1     1     0     0     0   126   193.0K    0.700     1565  OK
1325    4    4      2     0    32   100     2      0     0    2    4    1     1     0     0     0   153   193.0K    0.700     1565  OK
1326    4    4      2     0    32   100     4      0     0    4    1    0     1     0     0     0   244   193.0K    0.700     1563  OK
1327    4    4      2     0    32   100     4      0     0    6    1    3     1     0     0     0   208   193.0K    0.700     1564  OK
1328    4    4      2     0    32   100     4      1     0    6    1    3     1     0     0     0   208   193.0K    0.700     1565  OK
1329    4    4      2     0    32   100     4      1     0    8    1    0     1     0     0     0   244   193.0K    0.700     1564  OK
1330    4    4      2     0    32   100     2      0     1    1    0    1     1     0     0     0   153   193.0K    0.700     1564  OK
1331    4    4      2     0    32   100     2      0     1    1    4    1     1     0     0     0   153   193.0K    0.700     1563  OK
1332    4    4      2     0    32   100     4      0     1    6    1    0     1     0     0     0   208   193.0K    0.700     1565  OK
1333    4    4      2     0    32   200     1      0     0    2    0    1     1     0     0     0   126   193.0K    0.700     1563  OK
1334    4    4      2     1    32   160     2      0     0    1    0    1     1     0     0     0   155   193.0K    0.700     1564  OK
1335    4    4      2     1    32   160     2      1     0    2    4    1     1     0     0     0   155   193.0K    0.700     1564  OK
1336    4    4      2     1    32   160     1      0     1    2    0    1     1     0     0     0   125   193.0K    0.700     1564  OK
1337    4    4      2     0    32   100     1      0     0    1    0    1     1     0     0     0   126   193.0K    0.701     1562  OK
1338    4    4      2     0    32   100     1      1     0    1    0    1     1     0     0     0   126   193.0K    0.701     1562  OK
1339    4    4      2     0    32   100     2      1     0    2    4    1     1     0     0     0   153   193.0K    0.701     1562  OK
1340    4    4      2     0    32   100     4      1     0    4    1    0     1     0     0     0   244   193.0K    0.701     1563  OK
1341    4    4      2     0    32   100     1      0     1    1    0    1     1     0     0     0   125   193.0K    0.701     1562  OK
1342    4    4      2     0    32   100     2      1     1    1    0    1     1     0     0     0   153   193.0K    0.701     1562  OK
1343    4    4      2     0    32   200     1      1     0    1    4    1     1     0     0     0   126   193.0K    0.701     1562  OK
1344    4    4      2     0    32   200     1      0     0    2    4    1     1     0     0     0   126   193.0K    0.701     1562  OK
1345    4    4      2     0    32   200     2      0     0    2    0    1     1     0     0     0   153   193.0K    0.701     1562  OK
1346    4    4      2     0    32   200     1      0     1    2    0    1     1     0     0     0   125   193.0K    0.701     1562  OK
1347    4    4      2     1    32   160     2      0     1    2    0    1     1     0     0     0   155   193.0K    0.701     1562  OK
1348    4    4      2     1    32   160     4      1     1    2    0    1     1     0     0     0   204   193.0K    0.701     1561  OK
1349    4    4      2     0    32   100     2      1     0    1    0    1     1     0     0     0   153   193.0K    0.702     1560  OK
1350    4    4      2     0    32   100     4      1     1    8    1    3     1     0     0     0   244   193.0K    0.702     1560  OK
1351    4    4      2     0    32   200     1      1     0    2    0    1     1     0     0     0   126   193.0K    0.702     1559  OK
1352    4    4      2     0    32   200     4      1     0    2    0    1     1     0     0     0   202   193.0K    0.702     1560  OK
1353    4    4      2     0    32   200     1      1     1    1    4    1     1     0     0     0   125   193.0K    0.702     1560  OK
1354    4    4      2     0    32   200     1      1     1    2    4    1     1     0     0     0   125   193.0K    0.702     1560  OK
1355    4    4      2     1    32   160     2      0     0    2    0    1     1     0     0     0   155   193.0K    0.702     1559  OK
1356    4    4      2     1    32   160     2      0     1    1    0    1     1     0     0     0   155   193.0K    0.702     1560  OK
1357    4    4      2     0    32   100     1      1     0    1    4    1     1     0     0     0   126   193.0K    0.703     1557  OK
1358    4    4      2     0    32   100     2      1     0    1    4    1     1     0     0     0   153   193.0K    0.703     1558  OK
1359    4    4      2     0    32   100     2      0     1    2    0    1     1     0     0     0   153   193.0K    0.703     1557  OK
1360    4    4      2     0    32   100     4      1     1    4    1    0     1     0     0     0   244   193.0K    0.703     1559  OK
1361    4    4      2     0    32   100     4      0     1    6    1    1     1     0     0     0   200   193.0K    0.703     1559  OK
1362    4    4      2     0    32   100     4      0     1    6    1    3     1     0     0     0   208   193.0K    0.703     1557  OK
1363    4    4      2     0    32   200     2      1     0    1    0    1     1     0     0     0   153   193.0K    0.703     1558  OK
1364    4    4      2     0    32   200     1      0     1    1    0    1     1     0     0     0   125   193.0K    0.703     1557  OK
1365    4    4      2     0    32   200     2      0     1    2    0    1     1     0     0     0   153   193.0K    0.703     1558  OK
1366    4    4      2     0    32   200     4      1     1    2    0    1     1     0     0     0   202   193.0K    0.703     1558  OK
1367    4    4      2     1    32   160     4      0     0    1    0    1     1     0     0     0   204   193.0K    0.703     1559  OK
1368    4    4      2     1    32   160     2      0     0    2    4    1     1     0     0     0   155   193.0K    0.703     1557  OK
1369    4    4      2     1    32   160     1      1     1    1    4    1     1     0     0     0   125   193.0K    0.703     1557  OK
1370    4    4      2     1    32   160     2      1     1    2    0    1     1     0     0     0   155   193.0K    0.703     1558  OK
1371    4    4      2     0    32   100     2      0     0    2    0    1     1     0     0     0   153   193.0K    0.704     1555  OK
1372    4    4      2     0    32   100     4      0     0    4    1    3     1     0     0     0   244   193.0K    0.704     1555  OK
1373    4    4      2     0    32   100     4      0     1    2    0    1     1     0     0     0   202   193.0K    0.704     1554  OK
1374    4    4      2     0    32   100     4      1     1    4    1    3     1     0     0     0   244   193.0K    0.704     1556  OK
1375    4    4      2     0    32   200     2      0     0    1    4    1     1     0     0     0   153   193.0K    0.704     1556  OK
1376    4    4      2     0    32   200     1      0     1    1    4    1     1     0     0     0   125   193.0K    0.704     1555  OK
1377    4    4      2     0    32   200     4      1     1    2    4    1     1     0     0     0   202   193.0K    0.704     1556  OK
1378    4    4      2     1    32   160     2      0     0    1    4    1     1     0     0     0   155   193.0K    0.704     1555  OK
1379    4    4      2     1    32   160     2      1     0    1    4    1     1     0     0     0   155   193.0K    0.704     1555  OK
1380    4    4      2     1    32   160     1      0     1    1    4    1     1     0     0     0   125   193.0K    0.704     1557  OK
1381    4    4      2     1    32   160     4      0     1    1    4    1     1     0     0     0   204   193.0K    0.704     1555  OK
1382    4    4      2     1    32   160     2      0     1    2    4    1     1     0     0     0   155   193.0K    0.704     1555  OK
1383    4    4      2     0    32   100     4      0     0    4    1    1     1     0     0     0   200   193.0K    0.705     1554  OK
1384    4    4      2     0    32   100     4      0     0    8    1    1     1     0     0     0   200   193.0K    0.705     1554  OK
1385    4    4      2     0    32   100     1      0     1    1    4    1     1     0     0     0   125   193.0K    0.705     1552  OK
1386    4    4      2     0    32   100     1      1     1    1    0    1     1     0     0     0   125   193.0K    0.705     1553  OK
1387    4    4      2     0    32   100     4      1     1    4    1    1     1     0     0     0   200   193.0K    0.705     1554  OK
1388    4    4      2     0    32   100     4      1     1    6    1    3     1     0     0     0   208   193.0K    0.705     1554  OK
1389    4    4      2     0    32   200     1      0     0    1    4    1     1     0     0     0   126   193.0K    0.705     1554  OK
1390    4    4      2     0    32   200     2      0     1    1    0    1     1     0     0     0   153   193.0K    0.705     1553  OK
1391    4    4      2     0    32   200     2      1     1    1    0    1     1     0     0     0   153   193.0K    0.705     1552  OK
1392    4    4      2     1    32   160     1      0     0    1    4    1     1     0     0     0   126   193.0K    0.705     1553  OK
1393    4    4      2     1    32   160     2      0     1    1    4    1     1     0     0     0   155   193.0K    0.705     1554  OK
1394    4    4      2     1    32   160     4      0     1    1    0    1     1     0     0     0   204   193.0K    0.705     1552  OK
1395    4    4      2     0    32   200     1      1     0    1    0    1     1     0     0     0   126   193.0K    0.706     1551  OK
1396    4    4      2     0    32   200     4      0     0    2    0    1     1     0     0     0   202   193.0K    0.706     1551  OK
1397    4    4      2     0    32   200     2      0     1    2    4    1     1     0     0     0   153   193.0K    0.706     1551  OK
1398    4    4      2     1    32   160     2      1     0    2    0    1     1     0     0     0   155   193.0K    0.706     1551  OK
1399    4    4      2     0    32   200     4      1     0    1    0    1     1     0     0     0   202   193.0K    0.707     1549  OK
1400    4    4      2     0    32   200     1      1     1    1    0    1     1     0     0     0   125   193.0K    0.707     1550  OK
1401    4    4      2     0    32   200     4      1     1    1    4    1     1     0     0     0   202   193.0K    0.707     1548  OK
1402    4    4      2     0    32   200     4      0     1    2    0    1     1     0     0     0   202   193.0K    0.707     1549  OK
1403    4    4      2     1    32   160     2      1     0    1    0    1     1     0     0     0   155   193.0K    0.707     1549  OK
1404    4    4      2     0    32   100     4      0     0    2    0    1     1     0     0     0   202   193.0K    0.708     1547  OK
1405    4    4      2     0    32   100     4      0     1    4    1    1     1     0     0     0   200   193.0K    0.708     1547  OK
1406    4    4      2     0    32   200     4      0     0    1    0    1     1     0     0     0   202   193.0K    0.708     1547  OK
1407    4    4      2     0    32   200     4      1     0    1    4    1     1     0     0     0   202   193.0K    0.708     1546  OK
1408    4    4      2     0    32   200     4      1     1    1    0    1     1     0     0     0   202   193.0K    0.708     1548  OK
1409    4    4      2     1    32   160     4      0     0    1    4    1     1     0     0     0   204   193.0K    0.708     1546  OK
1410    4    4      2     1    32   160     4      1     0    2    0    1     1     0     0     0   204   193.0K    0.708     1548  OK
1411    4    4      2     0    32   200     2      1     0    2    0    1     1     0     0     0   153   193.0K    0.709     1544  OK
1412    4    4      2     0    32   200     2      1     0    2    4    1     1     0     0     0   153   193.0K    0.709     1545  OK
1413    4    4      2     0    32   200     1      1     1    2    0    1     1     0     0     0   125   193.0K    0.709     1544  OK
1414    4    4      2     0    32   100     4      1     0    1    4    1     1     0     0     0   202   193.0K    0.710     1543  OK
1415    4    4      2     0    32   100     4      1     0    2    4    1     1     0     0     0   202   193.0K    0.710     1543  OK
1416    4    4      2     0    32   200     1      0     1    2    4    1     1     0     0     0   125   193.0K    0.710     1542  OK
1417    4    4      2     1    32   160     4      1     0    1    4    1     1     0     0     0   204   193.0K    0.710     1543  OK
1418    4    4      2     1    32   160     4      0     0    2    4    1     1     0     0     0   204   193.0K    0.710     1542  OK
1419    4    4      2     1    32   160     2      1     1    1    0    1     1     0     0     0   155   193.0K    0.710     1542  OK
1420    4    4      2     1    32   160     4      1     1    2    4    1     1     0     0     0   204   193.0K    0.710     1542  OK
1421    4    4      2     0    32   100     4      1     0    1    0    1     1     0     0     0   202   193.0K    0.711     1540  OK
1422    4    4      2     0    32   200     2      1     0    1    4    1     1     0     0     0   153   193.0K    0.711     1541  OK
1423    4    4      2     0    32   200     4      0     1    1    4    1     1     0     0     0   202   193.0K    0.711     1541  OK
1424    4    4      2     1    32   160     4      1     1    1    4    1     1     0     0     0   204   193.0K    0.711     1539  OK
1425    4    4      2     1    32   160     4      0     1    2    4    1     1     0     0     0   204   193.0K    0.711     1539  OK
1426    4    4      2     0    32   100     4      0     0    2    4    1     1     0     0     0   202   193.0K    0.712     1538  OK
1427    4    4      2     0    32   100     2      1     1    1    4    1     1     0     0     0   153   193.0K    0.712     1539  OK
1428    4    4      2     0    32   100     4      1     1    2    0    1     1     0     0     0   202   193.0K    0.712     1539  OK
1429    4    4      2     0    32   200     4      0     0    2    4    1     1     0     0     0   202   193.0K    0.712     1537  OK
1430    4    4      2     0    32   100     4      1     0    2    0    1     1     0     0     0   202   193.0K    0.713     1536  OK
1431    4    4      2     0    32   100     4      0     1    1    4    1     1     0     0     0   202   193.0K    0.713     1537  OK
1432    4    4      2     0    32   100     4      0     1    2    4    1     1     0     0     0   202   193.0K    0.713     1536  OK
1433    4    4      2     1    32   160     4      1     0    1    0    1     1     0     0     0   204   193.0K    0.713     1535  OK
1434    4    4      2     1    32   160     2      1     1    1    4    1     1     0     0     0   155   193.0K    0.713     1536  OK
1435    4    4      2     1    32   160     2      1     1    2    4    1     1     0     0     0   155   193.0K    0.713     1535  OK
1436    4    4      2     0    32   100     4      0     1    1    0    1     1     0     0     0   202   193.0K    0.714     1534  OK
1437    4    4      2     0    32   100     4      1     1    1    4    1     1     0     0     0   202   193.0K    0.714     1534  OK
1438    4    4      2     0    32   200     2      0     0    2    4    1     1     0     0     0   153   193.0K    0.714     1534  OK
1439    4    4      2     1    32   160     4      1     1    1    0    1     1     0     0     0   204   193.0K    0.714     1534  OK
1440    4    4      2     0    32   100     4      0     0    1    4    1     1     0     0     0   202   193.0K    0.715     1531  OK
1441    4    4      2     0    32   200     4      0     0    1    4    1     1     0     0     0   202   193.0K    0.715     1532  OK
1442    4    4      2     0    32   200     2      0     1    1    4    1     1     0     0     0   153   193.0K    0.715     1532  OK
1443    4    4      2     0    32   200     4      0     1    2    4    1     1     0     0     0   202   193.0K    0.715     1533  OK
1444    4    4      2     0    32   100     4      1     1    1    0    1     1     0     0     0   202   193.0K    0.716     1529  OK
1445    4    4      2     0    32   100     4      1     1    2    4    1     1     0     0     0   202   193.0K    0.716     1530  OK
1446    4    4      2     0    32   200     2      1     1    1    4    1     1     0     0     0   153   193.0K    0.717     1527  OK
1447    4    4      2     0    32   100     4      0     0    1    0    1     1     0     0     0   202   193.0K    0.723     1515  OK
1448    4    4      2     0    32   100     1      0     1    8    4    0     1     0     0     0   178   193.0K    0.726     1507  OK
1449    4    4      2     0    32   100     1      0     0    4    4    0     1     0     0     0   179   193.0K    0.727     1506  OK
1450    4    4      2     0    32   100     1      0     1    4    4    0     1     0     0     0   178   193.0K    0.727     1506  OK
1451    4    4      2     0    32   100     1      0     1    4    0    0     1     0     0     0   178   193.0K    0.728     1504  OK
1452    4    4      2     0    32   100     1      0     1    4    0    1     1     0     0     0   134   193.0K    0.728     1503  OK
1453    4    4      2     0    32   100     1      0     1    6    0    0     1     0     0     0   147   193.0K    0.728     1504  OK
1454    4    4      2     0    32   100     1      0     1    8    0    3     1     0     0     0   180   193.0K    0.729     1502  OK
1455    4    4      2     0    32   100     1      0     0    6    0    0     1     0     0     0   149   193.0K    0.730     1500  OK
1456    4    4      2     0    32   100     1      0     0    6    0    1     1     0     0     0   134   193.0K    0.730     1500  OK
1457    4    4      2     0    32   100     1      0     0    6    0    3     1     0     0     0   149   193.0K    0.730     1500  OK
1458    4    4      2     0    32   100     1      0     0    8    4    0     1     0     0     0   179   193.0K    0.730     1499  OK
1459    4    4      2     0    32   100     1      0     1    4    4    3     1     0     0     0   178   193.0K    0.730     1500  OK
1460    4    4      2     0    32   100     1      0     0    4    0    1     1     0     0     0   134   193.0K    0.731     1498  OK
1461    4    4      2     0    32   100     1      0     0    6    4    1     1     0     0     0   134   193.0K    0.731     1497  OK
1462    4    4      2     0    32   100     1      0     0    8    0    0     1     0     0     0   180   193.0K    0.731     1498  OK
1463    4    4      2     0    32   100     1      0     0    8    4    3     1     0     0     0   179   193.0K    0.731     1497  OK
1464    4    4      2     0    32   100     1      0     1    4    0    3     1     0     0     0   178   193.0K    0.731     1497  OK
1465    4    4      2     0    32   100     1      0     0    4    4    3     1     0     0     0   179   193.0K    0.732     1497  OK
1466    4    4      2     0    32   100     1      0     0    6    4    0     1     0     0     0   144   193.0K    0.733     1494  OK
1467    4    4      2     0    32   100     1      0     0    8    0    3     1     0     0     0   180   193.0K    0.733     1493  OK
1468    4    4      2     0    32   100     1      0     1    6    4    3     1     0     0     0   144   193.0K    0.733     1494  OK
1469    4    4      2     0    32   100     1      0     1    8    0    1     1     0     0     0   134   193.0K    0.733     1493  OK
1470    4    4      2     0    32   100     1      0     1    8    4    3     1     0     0     0   178   193.0K    0.733     1495  OK
1471    4    4      2     0    32   100     1      0     0    4    4    1     1     0     0     0   134   193.0K    0.734     1493  OK
1472    4    4      2     0    32   100     1      0     0    6    4    3     1     0     0     0   144   193.0K    0.734     1493  OK
1473    4    4      2     0    32   100     1      0     0    8    4    1     1     0     0     0   134   193.0K    0.734     1491  OK
1474    4    4      2     0    32   100     1      0     1    4    4    1     1     0     0     0   134   193.0K    0.734     1493  OK
1475    4    4      2     0    32   100     1      0     1    6    0    3     1     0     0     0   147   193.0K    0.734     1492  OK
1476    4    4      2     0    32   100     1      0     0    4    0    0     1     0     0     0   179   193.0K    0.735     1490  OK
1477    4    4      2     0    32   100     1      0     1    6    4    0     1     0     0     0   144   193.0K    0.735     1489  OK
1478    4    4      2     0    32   100     1      0     1    6    4    1     1     0     0     0   134   193.0K    0.736     1488  OK
1479    4    4      2     0    32   100     1      0     1    8    0    0     1     0     0     0   180   193.0K    0.736     1488  OK
1480    4    4      2     0    32   100     1      0     1    8    4    1     1     0     0     0   134   193.0K    0.736     1488  OK
1481    4    4      2     0    32   100     1      0     0    4    0    3     1     0     0     0   179   193.0K    0.737     1486  OK
1482    4    4      2     0    32   100     1      0     0    8    0    1     1     0     0     0   134   193.0K    0.737     1486  OK
1483    4    4      2     0    32   100     1      0     1    6    0    1     1     0     0     0   134   193.0K    0.741     1478  OK
1484    4    4      2     0    32   200     2      1     0    1    1    3     1     0     0     0   142   193.0K    0.745     1470  OK
1485    4    4      2     1    32   160     1      0     0    4    4    3     1     0     0     0   179   193.0K    0.745     1470  OK
1486    4    4      2     1    32   160     1      0     1    4    4    0     1     0     0     0   178   193.0K    0.745     1469  OK
1487    4    4      2     1    32   160     1      0     1    6    4    1     1     0     0     0   134   193.0K    0.746     1467  OK
1488    4    4      2     1    32   160     1      0     1    4    0    0     1     0     0     0   178   193.0K    0.747     1465  OK
1489    4    4      2     0    32   200     2      0     1    2    1    0     1     0     0     0   142   193.0K    0.748     1463  OK
1490    4    4      2     1    32   160     1      0     0    8    4    1     1     0     0     0   134   193.0K    0.748     1465  OK
1491    4    4      2     1    32   160     1      0     1    6    4    3     1     0     0     0   144   193.0K    0.748     1464  OK
1492    4    4      2     1    32   160     1      0     0    4    4    0     1     0     0     0   179   193.0K    0.749     1461  OK
1493    4    4      2     1    32   160     1      0     0    4    0    1     1     0     0     0   134   193.0K    0.749     1462  OK
1494    4    4      2     1    32   160     1      0     0    6    0    1     1     0     0     0   134   193.0K    0.749     1463  OK
1495    4    4      2     1    32   160     1      0     0    8    0    3     1     0     0     0   181   193.0K    0.749     1463  OK
1496    4    4      2     1    32   160     1      0     0    8    4    3     1     0     0     0   179   193.0K    0.749     1463  OK
1497    4    4      2     1    32   160     1      0     1    8    0    0     1     0     0     0   181   193.0K    0.749     1462  OK
1498    4    4      2     1    32   160     1      0     1    8    4    1     1     0     0     0   134   193.0K    0.749     1461  OK
1499    4    4      2     0    32   200     4      0     1    1    1    3     1     0     0     0   192   193.0K    0.750     1460  OK
1500    4    4      2     1    32   160     1      0     0    4    0    0     1     0     0     0   179   193.0K    0.750     1460  OK
1501    4    4      2     1    32   160     1      0     0    4    4    1     1     0     0     0   134   193.0K    0.750     1459  OK
1502    4    4      2     1    32   160     1      0     0    8    0    1     1     0     0     0   134   193.0K    0.750     1460  OK
1503    4    4      2     1    32   160     1      0     1    4    0    3     1     0     0     0   178   193.0K    0.750     1460  OK
1504    4    4      2     1    32   160     1      0     0    4    0    3     1     0     0     0   179   193.0K    0.751     1459  OK
1505    4    4      2     1    32   160     1      0     0    6    4    0     1     0     0     0   144   193.0K    0.751     1459  OK
1506    4    4      2     1    32   160     1      0     0    8    0    0     1     0     0     0   181   193.0K    0.751     1457  OK
1507    4    4      2     1    32   160     1      0     0    8    4    0     1     0     0     0   179   193.0K    0.751     1458  OK
1508    4    4      2     1    32   160     1      0     1    4    0    1     1     0     0     0   134   193.0K    0.751     1458  OK
1509    4    4      2     1    32   160     1      0     1    8    0    3     1     0     0     0   181   193.0K    0.751     1458  OK
1510    4    4      2     1    32   160     1      0     1    8    4    3     1     0     0     0   178   193.0K    0.751     1458  OK
1511    4    4      2     0    32   100     1      1     1    1    1    3     1     0     0     0   111   193.0K    0.752     1456  OK
1512    4    4      2     0    32   200     4      1     0    1    1    3     1     0     0     0   192   193.0K    0.752     1455  OK
1513    4    4      2     1    32   160     1      0     0    6    4    3     1     0     0     0   144   193.0K    0.752     1456  OK
1514    4    4      2     1    32   160     1      0     1    4    4    3     1     0     0     0   178   193.0K    0.752     1457  OK
1515    4    4      2     1    32   160     1      0     1    8    4    0     1     0     0     0   178   193.0K    0.752     1456  OK
1516    4    4      2     1    32   160     1      0     1    8    0    1     1     0     0     0   134   193.0K    0.752     1456  OK
1517    4    4      2     0    32   200     1      0     0    8    4    0     1     0     0     0   179   193.0K    0.753     1454  OK
1518    4    4      2     0    32   200     4      1     1    2    1    3     1     0     0     0   192   193.0K    0.753     1455  OK
1519    4    4      2     1    32   160     1      0     1    6    0    0     1     0     0     0   147   193.0K    0.753     1454  OK
1520    4    4      2     1    32   160     1      0     1    6    0    3     1     0     0     0   147   193.0K    0.753     1454  OK
1521    4    4      2     0    32   200     1      0     1    2    1    0     1     0     0     0   111   193.0K    0.754     1452  OK
1522    4    4      2     0    32   200     1      0     1    2    1    3     1     0     0     0   111   193.0K    0.754     1453  OK
1523    4    4      2     1    32   160     1      0     0    6    4    1     1     0     0     0   134   193.0K    0.754     1452  OK
1524    4    4      2     1    32   160     1      0     1    6    0    1     1     0     0     0   134   193.0K    0.754     1453  OK
1525    4    4      2     0    32   100     4      1     1    1    1    0     1     0     0     0   192   193.0K    0.755     1450  OK
1526    4    4      2     0    32   200     1      0     0    4    0    3     1     0     0     0   179   193.0K    0.755     1449  OK
1527    4    4      2     0    32   200     1      0     1    8    0    0     1     0     0     0   180   193.0K    0.755     1450  OK
1528    4    4      2     0    32   200     1      0     1    8    0    3     1     0     0     0   180   193.0K    0.755     1451  OK
1529    4    4      2     1    32   160     2      1     1    1    1    0     1     0     0     0   145   193.0K    0.755     1451  OK
1530    4    4      2     1    32   160     1      0     1    6    4    0     1     0     0     0   144   193.0K    0.755     1450  OK
1531    4    4      2     0    32   100     2      1     0    1    1    3     1     0     0     0   142   193.0K    0.756     1448  OK
1532    4    4      2     0    32   200     1      0     0    4    0    0     1     0     0     0   179   193.0K    0.756     1448  OK
1533    4    4      2     0    32   200     1      0     0    8    0    3     1     0     0     0   180   193.0K    0.756     1449  OK
1534    4    4      2     1    32   160     1      0     0    6    0    3     1     0     0     0   149   193.0K    0.756     1449  OK
1535    4    4      2     1    32   160     2      1     1    1    1    3     1     0     0     0   145   193.0K    0.756     1448  OK
1536    4    4      2     0    32   200     1      0     0    6    4    1     1     0     0     0   134   193.0K    0.757     1447  OK
1537    4    4      2     0    32   200     1      0     0    8    0    0     1     0     0     0   180   193.0K    0.757     1447  OK
1538    4    4      2     0    32   200     1      0     0    8    4    1     1     0     0     0   134   193.0K    0.757     1447  OK
1539    4    4      2     0    32   200     4      1     1    2    1    0     1     0     0     0   192   193.0K    0.757     1447  OK
1540    4    4      2     0    32   200     1      0     1    4    0    1     1     0     0     0   134   193.0K    0.757     1446  OK
1541    4    4      2     0    32   200     1      0     1    4    0    3     1     0     0     0   178   193.0K    0.757     1447  OK
1542    4    4      2     0    32   200     1      0     1    8    0    1     1     0     0     0   134   193.0K    0.757     1446  OK
1543    4    4      2     0    32   200     1      0     1    8    4    3     1     0     0     0   178   193.0K    0.757     1447  OK
1544    4    4      2     1    32   160     1      0     1    4    4    1     1     0     0     0   134   193.0K    0.757     1447  OK
1545    4    4      2     0    32   100     1      1     0    1    1    0     1     0     0     0   111   193.0K    0.758     1444  OK
1546    4    4      2     0    32   100     1      1     1    2    1    3     1     0     0     0   111   193.0K    0.758     1444  OK
1547    4    4      2     0    32   100     2      0     1    2    1    3     1     0     0     0   142   193.0K    0.758     1445  OK
1548    4    4      2     0    32   200     1      0     0    6    4    3     1     0     0     0   144   193.0K    0.758     1445  OK
1549    4    4      2     0    32   200     1      0     0    8    0    1     1     0     0     0   134   193.0K    0.758     1444  OK
1550    4    4      2     0    32   200     1      0     1    4    4    3     1     0     0     0   178   193.0K    0.758     1444  OK
1551    4    4      2     0    32   200     1      0     1    6    4    1     1     0     0     0   134   193.0K    0.758     1444  OK
1552    4    4      2     0    32   200     1      0     1    6    4    3     1     0     0     0   144   193.0K    0.758     1445  OK
1553    4    4      2     0    32   200     1      0     1    8    4    0     1     0     0     0   178   193.0K    0.758     1445  OK
1554    4    4      2     0    32   200     1      0     1    8    4    1     1     0     0     0   134   193.0K    0.758     1445  OK
1555    4    4      2     1    32   160     1      0     0    6    0    0     1     0     0     0   149   193.0K    0.758     1445  OK
1556    4    4      2     0    32   200     4      1     0    1    1    0     1     0     0     0   192   193.0K    0.759     1443  OK
1557    4    4      2     0    32   200     2      1     0    2    1    0     1     0     0     0   142   193.0K    0.759     1443  OK
1558    4    4      2     0    32   200     4      1     0    2    1    0     1     0     0     0   192   193.0K    0.759     1442  OK
1559    4    4      2     0    32   200     1      0     0    4    4    0     1     0     0     0   179   193.0K    0.759     1443  OK
1560    4    4      2     0    32   200     1      0     0    4    4    1     1     0     0     0   134   193.0K    0.759     1442  OK
1561    4    4      2     0    32   200     1      0     0    6    4    0     1     0     0     0   144   193.0K    0.759     1442  OK
1562    4    4      2     0    32   200     1      0     0    6    0    1     1     0     0     0   134   193.0K    0.759     1443  OK
1563    4    4      2     0    32   200     1      0     0    6    0    3     1     0     0     0   149   193.0K    0.759     1442  OK
1564    4    4      2     0    32   200     1      0     0    8    4    3     1     0     0     0   179   193.0K    0.759     1442  OK
1565    4    4      2     0    32   200     2      0     1    2    1    3     1     0     0     0   142   193.0K    0.759     1443  OK
1566    4    4      2     0    32   200     1      0     1    4    4    0     1     0     0     0   178   193.0K    0.759     1443  OK
1567    4    4      2     0    32   200     1      0     1    6    0    0     1     0     0     0   147   193.0K    0.759     1442  OK
1568    4    4      2     0    32   200     1      0     1    6    4    0     1     0     0     0   144   193.0K    0.759     1442  OK
1569    4    4      2     1    32   160     2      1     0    2    1    3     1     0     0     0   145   193.0K    0.759     1443  OK
1570    4    4      2     0    32   200     1      1     0    2    1    0     1     0     0     0   111   193.0K    0.760     1441  OK
1571    4    4      2     0    32   200     4      0     0    2    1    3     1     0     0     0   192   193.0K    0.760     1441  OK
1572    4    4      2     0    32   200     1      1     1    1    1    0     1     0     0     0   111   193.0K    0.760     1441  OK
1573    4    4      2     0    32   200     2      0     1    1    1    0     1     0     0     0   142   193.0K    0.760     1441  OK
1574    4    4      2     0    32   200     1      0     1    4    0    0     1     0     0     0   178   193.0K    0.760     1440  OK
1575    4    4      2     0    32   200     1      0     1    4    4    1     1     0     0     0   134   193.0K    0.760     1441  OK
1576    4    4      2     0    32   200     1      0     1    6    0    1     1     0     0     0   134   193.0K    0.760     1440  OK
1577    4    4      2     1    32   160     1      1     1    1    1    3     1     0     0     0   111   193.0K    0.760     1441  OK
1578    4    4      2     1    32   160     4      0     1    1    1    0     1     0     0     0   192   193.0K    0.760     1440  OK
1579    4    4      2     1    32   160     4      1     1    1    1    0     1     0     0     0   192   193.0K    0.760     1441  OK
1580    4    4      2     0    32   100     2      1     1    2    1    3     1     0     0     0   142   193.0K    0.761     1440  OK
1581    4    4      2     0    32   200     2      1     0    1    1    0     1     0     0     0   142   193.0K    0.761     1439  OK
1582    4    4      2     0    32   200     4      0     0    1    1    3     1     0     0     0   192   193.0K    0.761     1440  OK
1583    4    4      2     0    32   200     1      0     0    4    0    1     1     0     0     0   134   193.0K    0.761     1440  OK
1584    4    4      2     0    32   200     4      1     1    1    1    3     1     0     0     0   192   193.0K    0.761     1439  OK
1585    4    4      2     1    32   160     4      1     1    2    1    0     1     0     0     0   192   193.0K    0.761     1439  OK
1586    4    4      2     0    32   100     1      1     0    2    1    0     1     0     0     0   111   193.0K    0.762     1437  OK
1587    4    4      2     0    32   100     1      0     1    2    1    3     1     0     0     0   111   193.0K    0.762     1436  OK
1588    4    4      2     0    32   200     4      1     0    2    1    3     1     0     0     0   192   193.0K    0.762     1438  OK
1589    4    4      2     0    32   200     1      0     0    4    4    3     1     0     0     0   179   193.0K    0.762     1436  OK
1590    4    4      2     0    32   200     1      0     0    6    0    0     1     0     0     0   149   193.0K    0.762     1437  OK
1591    4    4      2     0    32   200     1      1     1    2    1    3     1     0     0     0   111   193.0K    0.762     1438  OK
1592    4    4      2     0    32   200     2      1     1    2    1    3     1     0     0     0   142   193.0K    0.762     1437  OK
1593    4    4      2     0    32   200     1      0     1    6    0    3     1     0     0     0   147   193.0K    0.762     1437  OK
1594    4    4      2     1    32   160     1      1     0    2    1    3     1     0     0     0   111   193.0K    0.762     1438  OK
1595    4    4      2     1    32   160     4      1     0    2    1    0     1     0     0     0   192   193.0K    0.762     1437  OK
1596    4    4      2     1    32   160     4      1     0    2    1    3     1     0     0     0   192   193.0K    0.762     1436  OK
1597    4    4      2     1    32   160     1      0     1    2    1    3     1     0     0     0   111   193.0K    0.762     1437  OK
1598    4    4      2     1    32   160     2      0     1    2    1    3     1     0     0     0   145   193.0K    0.762     1437  OK
1599    4    4      2     1    32   160     2      1     1    2    1    3     1     0     0     0   145   193.0K    0.762     1437  OK
1600    4    4      2     0    32   100     1      1     1    1    1    0     1     0     0     0   111   193.0K    0.763     1436  OK
1601    4    4      2     0    32   200     1      0     0    2    1    3     1     0     0     0   111   193.0K    0.763     1434  OK
1602    4    4      2     0    32   200     1      0     1    1    1    0     1     0     0     0   111   193.0K    0.763     1436  OK
1603    4    4      2     0    32   200     2      0     1    1    1    3     1     0     0     0   142   193.0K    0.763     1435  OK
1604    4    4      2     0    32   200     2      1     1    1    1    0     1     0     0     0   142   193.0K    0.763     1435  OK
1605    4    4      2     0    32   200     1      1     1    2    1    0     1     0     0     0   111   193.0K    0.763     1435  OK
1606    4    4      2     1    32   160     2      1     0    1    1    3     1     0     0     0   145   193.0K    0.763     1435  OK
1607    4    4      2     1    32   160     1      1     1    2    1    3     1     0     0     0   111   193.0K    0.763     1434  OK
1608    4    4      2     0    32   100     2      1     1    2    1    0     1     0     0     0   142   193.0K    0.764     1433  OK
1609    4    4      2     0    32   200     2      1     1    2    1    0     1     0     0     0   142   193.0K    0.764     1432  OK
1610    4    4      2     1    32   160     4      1     0    1    1    0     1     0     0     0   192   193.0K    0.764     1433  OK
1611    4    4      2     1    32   160     2      0     0    2    1    0     1     0     0     0   145   193.0K    0.764     1433  OK
1612    4    4      2     1    32   160     2      1     0    2    1    0     1     0     0     0   145   193.0K    0.764     1434  OK
1613    4    4      2     1    32   160     1      0     1    1    1    0     1     0     0     0   111   193.0K    0.764     1434  OK
1614    4    4      2     1    32   160     1      1     1    2    1    0     1     0     0     0   111   193.0K    0.764     1433  OK
1615    4    4      2     0    32   100     1      1     0    1    1    3     1     0     0     0   111   193.0K    0.765     1431  OK
1616    4    4      2     0    32   100     4      0     0    2    1    3     1     0     0     0   192   193.0K    0.765     1432  OK
1617    4    4      2     0    32   100     4      1     0    2    1    0     1     0     0     0   192   193.0K    0.765     1431  OK
1618    4    4      2     0    32   200     1      1     0    2    1    3     1     0     0     0   111   193.0K    0.765     1431  OK
1619    4    4      2     0    32   200     2      0     0    2    1    0     1     0     0     0   142   193.0K    0.765     1432  OK
1620    4    4      2     0    32   200     4      1     1    1    1    0     1     0     0     0   192   193.0K    0.765     1431  OK
1621    4    4      2     1    32   160     2      1     1    2    1    0     1     0     0     0   145   193.0K    0.765     1432  OK
1622    4    4      2     0    32   100     4      1     0    2    1    3     1     0     0     0   192   193.0K    0.766     1430  OK
1623    4    4      2     0    32   200     2      0     0    1    1    0     1     0     0     0   142   193.0K    0.766     1429  OK
1624    4    4      2     0    32   200     2      1     1    1    1    3     1     0     0     0   142   193.0K    0.766     1430  OK
1625    4    4      2     1    32   160     1      1     0    1    1    0     1     0     0     0   111   193.0K    0.766     1429  OK
1626    4    4      2     1    32   160     4      1     0    1    1    3     1     0     0     0   192   193.0K    0.766     1429  OK
1627    4    4      2     1    32   160     1      0     0    2    1    0     1     0     0     0   111   193.0K    0.766     1430  OK
1628    4    4      2     0    32   100     1      0     1    2    1    0     1     0     0     0   111   193.0K    0.767     1428  OK
1629    4    4      2     0    32   200     1      0     0    1    1    0     1     0     0     0   111   193.0K    0.767     1428  OK
1630    4    4      2     0    32   200     1      1     0    1    1    0     1     0     0     0   111   193.0K    0.767     1428  OK
1631    4    4      2     1    32   160     2      0     0    2    1    3     1     0     0     0   145   193.0K    0.767     1428  OK
1632    4    4      2     1    32   160     4      1     1    1    1    3     1     0     0     0   192   193.0K    0.767     1427  OK
1633    4    4      2     0    32   100     2      1     0    1    1    0     1     0     0     0   142   193.0K    0.768     1426  OK
1634    4    4      2     0    32   100     1      1     0    2    1    3     1     0     0     0   111   193.0K    0.768     1427  OK
1635    4    4      2     0    32   100     2      0     0    2    1    3     1     0     0     0   142   193.0K    0.768     1426  OK
1636    4    4      2     0    32   100     2      1     0    2    1    0     1     0     0     0   142   193.0K    0.768     1425  OK
1637    4    4      2     0    32   100     1      0     1    1    1    3     1     0     0     0   111   193.0K    0.768     1425  OK
1638    4    4      2     0    32   100     2      0     1    1    1    3     1     0     0     0   142   193.0K    0.768     1425  OK
1639    4    4      2     0    32   200     1      1     0    1    1    3     1     0     0     0   111   193.0K    0.768     1425  OK
1640    4    4      2     1    32   160     4      1     1    2    1    3     1     0     0     0   192   193.0K    0.768     1426  OK
1641    4    4      2     0    32   100     1      0     0    1    1    3     1     0     0     0   111   193.0K    0.769     1425  OK
1642    4    4      2     0    32   100     2      0     0    1    1    0     1     0     0     0   142   193.0K    0.769     1423  OK
1643    4    4      2     0    32   100     4      1     0    1    1    3     1     0     0     0   192   193.0K    0.769     1424  OK
1644    4    4      2     0    32   100     2      1     0    2    1    3     1     0     0     0   142   193.0K    0.769     1425  OK
1645    4    4      2     0    32   100     1      1     1    2    1    0     1     0     0     0   111   193.0K    0.769     1424  OK
1646    4    4      2     0    32   100     2      0     1    2    1    0     1     0     0     0   142   193.0K    0.769     1423  OK
1647    4    4      2     0    32   200     1      0     0    1    1    3     1     0     0     0   111   193.0K    0.769     1424  OK
1648    4    4      2     0    32   200     4      0     0    2    1    0     1     0     0     0   192   193.0K    0.769     1425  OK
1649    4    4      2     1    32   160     2      1     0    1    1    0     1     0     0     0   145   193.0K    0.769     1424  OK
1650    4    4      2     1    32   160     4      0     0    1    1    3     1     0     0     0   192   193.0K    0.769     1424  OK
1651    4    4      2     1    32   160     2      0     1    1    1    0     1     0     0     0   145   193.0K    0.769     1424  OK
1652    4    4      2     0    32   100     2      0     0    2    1    0     1     0     0     0   142   193.0K    0.770     1423  OK
1653    4    4      2     0    32   100     2      1     1    1    1    3     1     0     0     0   142   193.0K    0.770     1423  OK
1654    4    4      2     0    32   200     2      0     0    1    1    3     1     0     0     0   142   193.0K    0.770     1423  OK
1655    4    4      2     0    32   200     2      1     0    2    1    3     1     0     0     0   142   193.0K    0.770     1422  OK
1656    4    4      2     0    32   200     1      0     1    1    1    3     1     0     0     0   111   193.0K    0.770     1422  OK
1657    4    4      2     0    32   200     1      1     1    1    1    3     1     0     0     0   111   193.0K    0.770     1422  OK
1658    4    4      2     0    32   200     4      0     1    1    1    0     1     0     0     0   192   193.0K    0.770     1422  OK
1659    4    4      2     1    32   160     1      0     0    1    1    0     1     0     0     0   111   193.0K    0.770     1423  OK
1660    4    4      2     1    32   160     2      0     0    1    1    0     1     0     0     0   145   193.0K    0.770     1422  OK
1661    4    4      2     1    32   160     2      0     1    1    1    3     1     0     0     0   145   193.0K    0.770     1421  OK
1662    4    4      2     0    32   100     4      0     1    1    1    0     1     0     0     0   192   193.0K    0.771     1421  OK
1663    4    4      2     0    32   100     1      1     1    2    1    1     1     0     0     0   105   193.0K    0.771     1420  OK
1664    4    4      2     0    32   200     4      0     1    2    1    0     1     0     0     0   192   193.0K    0.771     1421  OK
1665    4    4      2     1    32   160     1      0     0    1    1    3     1     0     0     0   111   193.0K    0.771     1421  OK
1666    4    4      2     1    32   160     1      0     1    2    1    0     1     0     0     0   111   193.0K    0.771     1420  OK
1667    4    4      2     0    32   100     4      1     0    1    1    0     1     0     0     0   192   193.0K    0.772     1418  OK
1668    4    4      2     0    32   100     1      0     0    2    1    3     1     0     0     0   111   193.0K    0.772     1419  OK
1669    4    4      2     0    32   100     4      1     1    2    1    3     1     0     0     0   192   193.0K    0.772     1419  OK
1670    4    4      2     0    32   200     2      1     1    1    1    1     1     0     0     0   134   193.0K    0.772     1419  OK
1671    4    4      2     1    32   160     1      1     0    1    1    3     1     0     0     0   111   193.0K    0.772     1419  OK
1672    4    4      2     0    32   100     1      0     0    1    1    0     1     0     0     0   111   193.0K    0.773     1417  OK
1673    4    4      2     0    32   100     4      0     0    1    1    0     1     0     0     0   192   193.0K    0.773     1417  OK
1674    4    4      2     0    32   100     1      0     1    1    1    0     1     0     0     0   111   193.0K    0.773     1416  OK
1675    4    4      2     0    32   200     4      0     0    1    1    0     1     0     0     0   192   193.0K    0.773     1416  OK
1676    4    4      2     0    32   200     4      0     1    2    1    3     1     0     0     0   192   193.0K    0.773     1416  OK
1677    4    4      2     1    32   160     1      1     0    2    1    1     1     0     0     0   105   193.0K    0.773     1416  OK
1678    4    4      2     1    32   160     2      0     1    2    1    0     1     0     0     0   145   193.0K    0.773     1417  OK
1679    4    4      2     0    32   100     1      0     1    1    1    1     1     0     0     0   105   193.0K    0.774     1414  OK
1680    4    4      2     0    32   100     4      1     1    2    1    0     1     0     0     0   192   193.0K    0.774     1414  OK
1681    4    4      2     0    32   200     2      0     1    2    1    1     1     0     0     0   134   193.0K    0.774     1415  OK
1682    4    4      2     1    32   160     2      0     0    1    1    3     1     0     0     0   145   193.0K    0.774     1414  OK
1683    4    4      2     0    32   100     2      1     1    1    1    0     1     0     0     0   142   193.0K    0.775     1412  OK
1684    4    4      2     0    32   200     2      0     0    2    1    3     1     0     0     0   142   193.0K    0.775     1413  OK
1685    4    4      2     1    32   160     1      1     0    2    1    0     1     0     0     0   111   193.0K    0.775     1414  OK
1686    4    4      2     1    32   160     1      1     1    1    1    0     1     0     0     0   111   193.0K    0.775     1413  OK
1687    4    4      2     0    32   200     2      1     1    2    1    1     1     0     0     0   134   193.0K    0.776     1411  OK
1688    4    4      2     0    32   200     4      1     1    2    1    1     1     0     0     0   184   193.0K    0.776     1412  OK
1689    4    4      2     1    32   160     1      0     0    2    1    3     1     0     0     0   111   193.0K    0.776     1412  OK
1690    4    4      2     1    32   160     1      0     1    2    1    1     1     0     0     0   105   193.0K    0.776     1411  OK
1691    4    4      2     1    32   160     4      0     1    2    1    3     1     0     0     0   192   193.0K    0.776     1411  OK
1692    4    4      2     0    32   100     1      0     0    2    1    0     1     0     0     0   111   193.0K    0.777     1410  OK
1693    4    4      2     0    32   200     1      1     1    2    1    1     1     0     0     0   105   193.0K    0.777     1409  OK
1694    4    4      2     0    32   100     2      1     0    1    1    1     1     0     0     0   134   193.0K    0.778     1408  OK
1695    4    4      2     0    32   100     4      1     0    1    1    1     1     0     0     0   184   193.0K    0.778     1408  OK
1696    4    4      2     0    32   100     2      1     1    1    1    1     1     0     0     0   134   193.0K    0.778     1407  OK
1697    4    4      2     1    32   160     2      0     1    1    1    1     1     0     0     0   137   193.0K    0.778     1407  OK
1698    4    4      2     0    32   100     4      1     1    1    1    3     1     0     0     0   192   193.0K    0.779     1406  OK
1699    4    4      2     0    32   200     4      1     1    1    1    1     1     0     0     0   184   193.0K    0.779     1405  OK
1700    4    4      2     1    32   160     2      1     0    1    1    1     1     0     0     0   137   193.0K    0.779     1405  OK
1701    4    4      2     1    32   160     1      1     1    1    1    1     1     0     0     0   105   193.0K    0.779     1405  OK
1702    4    4      2     0    32   100     4      0     0    2    1    0     1     0     0     0   192   193.0K    0.780     1405  OK
1703    4    4      2     0    32   100     2      0     1    1    1    0     1     0     0     0   142   193.0K    0.780     1403  OK
1704    4    4      2     0    32   100     4      0     1    2    1    0     1     0     0     0   192   193.0K    0.780     1404  OK
1705    4    4      2     0    32   200     1      0     0    2    1    0     1     0     0     0   111   193.0K    0.780     1405  OK
1706    4    4      2     0    32   200     1      0     1    1    1    1     1     0     0     0   105   193.0K    0.780     1404  OK
1707    4    4      2     1    32   160     4      0     0    2    1    3     1     0     0     0   192   193.0K    0.780     1405  OK
1708    4    4      2     1    32   160     1      0     1    1    1    3     1     0     0     0   111   193.0K    0.780     1405  OK
1709    4    4      2     1    32   160     2      1     1    2    1    1     1     0     0     0   137   193.0K    0.780     1405  OK
1710    4    4      2     1    32   160     4      0     1    2    1    0     1     0     0     0   192   193.0K    0.780     1404  OK
1711    4    4      2     0    32   100     1      1     0    1    1    1     1     0     0     0   105   193.0K    0.781     1402  OK
1712    4    4      2     0    32   100     2      0     0    1    1    3     1     0     0     0   142   193.0K    0.781     1402  OK
1713    4    4      2     0    32   200     2      0     0    1    1    1     1     0     0     0   134   193.0K    0.781     1403  OK
1714    4    4      2     0    32   200     4      1     0    1    1    1     1     0     0     0   184   193.0K    0.781     1402  OK
1715    4    4      2     1    32   160     2      1     1    1    1    1     1     0     0     0   137   193.0K    0.781     1403  OK
1716    4    4      2     1    32   160     1      1     1    2    1    1     1     0     0     0   105   193.0K    0.781     1402  OK
1717    4    4      2     0    32   100     4      1     0    2    1    1     1     0     0     0   184   193.0K    0.782     1400  OK
1718    4    4      2     1    32   160     4      0     1    1    1    3     1     0     0     0   192   193.0K    0.782     1401  OK
1719    4    4      2     0    32   100     2      1     0    2    1    1     1     0     0     0   134   193.0K    0.783     1399  OK
1720    4    4      2     0    32   100     4      0     0    2    1    1     1     0     0     0   184   193.0K    0.783     1398  OK
1721    4    4      2     0    32   100     4      0     1    1    1    3     1     0     0     0   192   193.0K    0.783     1398  OK
1722    4    4      2     0    32   200     4      0     1    1    1    1     1     0     0     0   184   193.0K    0.783     1398  OK
1723    4    4      2     0    32   200     1      0     1    2    1    1     1     0     0     0   105   193.0K    0.783     1399  OK
1724    4    4      2     1    32   160     1      0     1    1    1    1     1     0     0     0   105   193.0K    0.783     1398  OK
1725    4    4      2     0    32   100     4      1     1    1    1    1     1     0     0     0   184   193.0K    0.784     1397  OK
1726    4    4      2     0    32   200     2      1     0    1    1    1     1     0     0     0   134   193.0K    0.784     1397  OK
1727    4    4      2     0    32   200     2      0     0    2    1    1     1     0     0     0   134   193.0K    0.784     1396  OK
1728    4    4      2     0    32   200     4      0     0    2    1    1     1     0     0     0   184   193.0K    0.784     1396  OK
1729    4    4      2     0    32   200     4      1     0    2    1    1     1     0     0     0   184   193.0K    0.784     1396  OK
1730    4    4      2     1    32   160     1      0     0    1    1    1     1     0     0     0   105   193.0K    0.784     1396  OK
1731    4    4      2     1    32   160     4      0     0    1    1    0     1     0     0     0   192   193.0K    0.784     1397  OK
1732    4    4      2     0    32   100     1      1     1    1    1    1     1     0     0     0   105   193.0K    0.785     1394  OK
1733    4    4      2     0    32   100     4      1     1    2    1    1     1     0     0     0   184   193.0K    0.785     1396  OK
1734    4    4      2     0    32   200     4      0     1    2    1    1     1     0     0     0   184   193.0K    0.785     1395  OK
1735    4    4      2     1    32   160     4      1     0    1    1    1     1     0     0     0   184   193.0K    0.785     1395  OK
1736    4    4      2     1    32   160     4      0     0    2    1    0     1     0     0     0   192   193.0K    0.785     1394  OK
1737    4    4      2     1    32   160     4      1     0    2    1    1     1     0     0     0   184   193.0K    0.785     1394  OK
1738    4    4      2     0    32   100     2      0     1    2    1    1     1     0     0     0   134   193.0K    0.786     1393  OK
1739    4    4      2     0    32   200     1      1     0    2    1    1     1     0     0     0   105   193.0K    0.786     1394  OK
1740    4    4      2     1    32   160     1      0     0    2    1    1     1     0     0     0   105   193.0K    0.786     1393  OK
1741    4    4      2     1    32   160     2      0     1    2    1    1     1     0     0     0   137   193.0K    0.786     1394  OK
1742    4    4      2     0    32   100     4      0     0    1    1    3     1     0     0     0   192   193.0K    0.787     1391  OK
1743    4    4      2     0    32   200     2      1     0    2    1    1     1     0     0     0   134   193.0K    0.787     1392  OK
1744    4    4      2     0    32   100     2      0     1    1    1    1     1     0     0     0   134   193.0K    0.788     1389  OK
1745    4    4      2     0    32   100     2      1     1    2    1    1     1     0     0     0   134   193.0K    0.788     1389  OK
1746    4    4      2     1    32   160     2      0     0    2    1    1     1     0     0     0   137   193.0K    0.788     1389  OK
1747    4    4      2     1    32   160     4      0     0    2    1    1     1     0     0     0   184   193.0K    0.788     1389  OK
1748    4    4      2     1    32   160     4      1     1    1    1    1     1     0     0     0   184   193.0K    0.788     1390  OK
1749    4    4      2     1    32   160     4      1     1    2    1    1     1     0     0     0   184   193.0K    0.788     1390  OK
1750    4    4      2     0    32   100     1      0     0    1    1    1     1     0     0     0   105   193.0K    0.790     1386  OK
1751    4    4      2     0    32   100     1      0     0    2    1    1     1     0     0     0   105   193.0K    0.790     1386  OK
1752    4    4      2     0    32   100     4      0     1    1    1    1     1     0     0     0   184   193.0K    0.790     1387  OK
1753    4    4      2     0    32   100     1      0     1    2    1    1     1     0     0     0   105   193.0K    0.790     1386  OK
1754    4    4      2     0    32   200     2      0     1    1    1    1     1     0     0     0   134   193.0K    0.790     1387  OK
1755    4    4      2     0    32   100     2      0     0    2    1    1     1     0     0     0   134   193.0K    0.791     1384  OK
1756    4    4      2     0    32   100     4      0     1    2    1    3     1     0     0     0   192   193.0K    0.791     1384  OK
1757    4    4      2     0    32   200     1      0     0    1    1    1     1     0     0     0   105   193.0K    0.791     1385  OK
1758    4    4      2     0    32   200     4      0     0    1    1    1     1     0     0     0   184   193.0K    0.791     1384  OK
1759    4    4      2     0    32   200     1      1     1    1    1    1     1     0     0     0   105   193.0K    0.791     1384  OK
1760    4    4      2     1    32   160     2      0     0    1    1    1     1     0     0     0   137   193.0K    0.791     1385  OK
1761    4    4      2     0    32   100     1      1     0    2    1    1     1     0     0     0   105   193.0K    0.793     1381  OK
1762    4    4      2     0    32   200     1      0     0    2    1    1     1     0     0     0   105   193.0K    0.793     1381  OK
1763    4    4      2     1    32   160     1      1     0    1    1    1     1     0     0     0   105   193.0K    0.794     1379  OK
1764    4    4      2     0    32   200     1      1     0    1    1    1     1     0     0     0   105   193.0K    0.795     1378  OK
1765    4    4      2     1    32   160     2      1     0    2    1    1     1     0     0     0   137   193.0K    0.795     1378  OK
1766    4    4      2     1    32   160     4      0     1    2    1    1     1     0     0     0   184   193.0K    0.797     1374  OK
1767    4    4      2     1    32   160     4      0     1    1    1    1     1     0     0     0   184   193.0K    0.798     1372  OK
1768    4    4      2     0    32   100     4      0     0    1    1    1     1     0     0     0   184   193.0K    0.800     1369  OK
1769    4    4      2     0    32   100     4      0     1    2    1    1     1     0     0     0   184   193.0K    0.800     1369  OK
1770    4    4      2     0    32   100     2      0     0    1    1    1     1     0     0     0   134   193.0K    0.801     1368  OK
1771    4    4      2     1    32   160     4      0     0    1    1    1     1     0     0     0   184   193.0K    0.802     1365  OK
1772    5    4      0     0    32    80     2      1     1    4    0    0     1     0     0     0   165   225.0K    0.858     1276  OK
1773    5    4      0     0    32   200     2      1     1    4    0    0     1     0     0     0   165   225.0K    0.859     1274  OK
1774    5    4      0     0    32   120     2      1     1    4    0    0     1     0     0     0   165   225.0K    0.861     1271  OK
1775    5    4      2     1    32   200     2      1     1    4    0    0     1     0     0     0   167   225.0K    0.861     1272  OK
1776    5    4      0     1    32    60     2      1     1    4    0    0     1     0     0     0   165   225.0K    0.862     1270  OK
1777    5    4      1     0    32   120     2      1     1    4    0    0     1     0     0     0   163   225.0K    0.862     1270  OK
1778    5    4      1     1    32   200     2      1     1    4    0    0     1     0     0     0   164   225.0K    0.862     1270  OK
1779    5    4      3     1    32   160     2      1     1    4    0    0     1     0     0     0   167   225.0K    0.862     1270  OK
1780    5    4      3     0    32   120     2      1     1    4    0    0     1     0     0     0   166   225.0K    0.863     1269  OK
1781    5    4      2     0    32    80     2      1     1    4    0    0     1     0     0     0   165   225.0K    0.864     1267  OK
1782    5    4      0     0    32   100     2      1     1    4    0    0     1     0     0     0   165   225.0K    0.864     1267  OK
1783    5    4      0     1    32     0     2      1     1    4    0    0     1     0     0     0   164   225.0K    0.864     1268  OK
1784    5    4      0     1    32   120     2      1     1    4    0    0     1     0     0     0   165   225.0K    0.864     1267  OK
1785    5    4      1     0    32    60     2      1     1    4    0    0     1     0     0     0   163   225.0K    0.864     1267  OK
1786    5    4      2     0    32   120     2      1     1    4    0    0     1     0     0     0   165   225.0K    0.864     1267  OK
1787    5    4      2     0    32   160     2      1     1    4    0    0     1     0     0     0   165   225.0K    0.864     1268  OK
1788    5    4      2     0    32   200     2      1     1    4    0    0     1     0     0     0   165   225.0K    0.864     1267  OK
1789    5    4      3     0    32    60     2      1     1    4    0    0     1     0     0     0   166   225.0K    0.864     1267  OK
1790    5    4      3     1    32   200     2      1     1    4    0    0     1     0     0     0   167   225.0K    0.864     1268  OK
1791    5    4      0     1    32    40     2      1     1    4    0    0     1     0     0     0   165   225.0K    0.865     1266  OK
1792    5    4      0     1    32   200     2      1     1    4    0    0     1     0     0     0   165   225.0K    0.865     1265  OK
1793    5    4      0     0    32   160     2      1     1    4    0    0     1     0     0     0   165   225.0K    0.866     1264  OK
1794    5    4      1     1    32   120     2      1     1    4    0    0     1     0     0     0   164   225.0K    0.866     1265  OK
1795    5    4      2     0    32    60     2      1     1    4    0    0     1     0     0     0   165   225.0K    0.866     1264  OK
1796    5    4      2     0    32    80     2      1     1    4    0    0     1     0     0     0   165   225.0K    0.866     1264  OK
1797    5    4      0     1    32    80     2      1     1    4    0    0     1     0     0     0   165   225.0K    0.867     1263  OK
1798    5    4      0     1    32   160     2      1     1    4    0    0     1     0     0     0   165   225.0K    0.867     1262  OK
1799    5    4      1     1    32    80     2      1     1    4    0    0     1     0     0     0   164   225.0K    0.867     1263  OK
1800    5    4      3     0    32   200     2      1     1    4    0    0     1     0     0     0   166   225.0K    0.867     1263  OK
1801    5    4      2     0    32   100     2      1     1    4    0    0     1     0     0     0   165   225.0K    0.868     1261  OK
1802    5    4      2     1    32    80     2      1     1    4    0    0     1     0     0     0   167   225.0K    0.868     1261  OK
1803    5    4      3     0    32    80     2      1     1    4    0    0     1     0     0     0   166   225.0K    0.868     1261  OK
1804    5    4      3     0    32   160     2      1     1    4    0    0     1     0     0     0   166   225.0K    0.868     1262  OK
1805    5    4      2     1    32   120     2      1     1    4    0    0     1     0     0     0   167   225.0K    0.869     1260  OK
1806    5    4      2     1    32   160     2      1     1    4    0    0     1     0     0     0   167   225.0K    0.869     1260  OK
1807    5    4      1     0    32     0     2      1     1    4    0    0     1     0     0     0   162   225.0K    0.870     1259  OK
1808    5    4      1     0    32    40     2      1     1    4    0    0     1     0     0     0   163   225.0K    0.870     1259  OK
1809    5    4      1     0    32   160     2      1     1    4    0    0     1     0     0     0   163   225.0K    0.870     1259  OK
1810    5    4      1     1    32     0     2      1     1    4    0    0     1     0     0     0   162   225.0K    0.870     1259  OK
1811    5    4      2     1    32   100     2      1     1    4    0    0     1     0     0     0   167   225.0K    0.870     1259  OK
1812    5    4      3     0    32   100     2      1     1    4    0    0     1     0     0     0   166   225.0K    0.870     1258  OK
1813    5    4      0     0    32     0     2      1     1    4    0    0     1     0     0     0   164   225.0K    0.871     1257  OK
1814    5    4      0     0    32    60     2      1     1    4    0    0     1     0     0     0   165   225.0K    0.871     1257  OK
1815    5    4      0     1    32   100     2      1     1    4    0    0     1     0     0     0   165   225.0K    0.871     1257  OK
1816    5    4      1     0    32    80     2      1     1    4    0    0     1     0     0     0   163   225.0K    0.871     1257  OK
1817    5    4      1     0    32   200     2      1     1    4    0    0     1     0     0     0   163   225.0K    0.871     1257  OK
1818    5    4      1     1    32    40     2      1     1    4    0    0     1     0     0     0   164   225.0K    0.872     1256  OK
1819    5    4      1     1    32   100     2      1     1    4    0    0     1     0     0     0   164   225.0K    0.872     1256  OK
1820    5    4      2     0    32    40     2      1     1    4    0    0     1     0     0     0   165   225.0K    0.872     1255  OK
1821    5    4      1     1    32   160     2      1     1    4    0    0     1     0     0     0   164   225.0K    0.873     1255  OK
1822    5    4      2     1    32    60     2      1     1    4    0    0     1     0     0     0   167   225.0K    0.873     1254  OK
1823    5    4      3     0    32    40     2      1     1    4    0    0     1     0     0     0   166   225.0K    0.873     1254  OK
1824    5    4      3     1    32     0     2      1     1    4    0    0     1     0     0     0   166   225.0K    0.873     1254  OK
1825    5    4      3     1    32    80     2      1     1    4    0    0     1     0     0     0   167   225.0K    0.873     1254  OK
1826    5    4      3     1    32   100     2      1     1    4    0    0     1     0     0     0   167   225.0K    0.873     1255  OK
1827    5    4      1     1    32    60     2      1     1    4    0    0     1     0     0     0   164   225.0K    0.874     1252  OK
1828    5    4      3     1    32    40     2      1     1    4    0    0     1     0     0     0   167   225.0K    0.874     1253  OK
1829    5    4      3     1    32    60     2      1     1    4    0    0     1     0     0     0   167   225.0K    0.875     1252  OK
1830    5    4      0     0    32    40     2      1     1    4    0    0     1     0     0     0   165   225.0K    0.876     1250  OK
1831    5    4      3     1    32   120     2      1     1    4    0    0     1     0     0     0   167   225.0K    0.876     1249  OK
1832    5    4      1     0    32   100     2      1     1    4    0    0     1     0     0     0   163   225.0K    0.877     1249  OK
1833    5    4      2     1    32     0     2      1     1    4    0    0     1     0     0     0   167   225.0K    0.878     1247  OK
1834    5    4      2     1    32    40     2      1     1    4    0    0     1     0     0     0   167   225.0K    0.878     1247  OK
1835    5    4      3     0    32     0     2      1     1    4    0    0     1     0     0     0   165   225.0K    0.878     1247  OK
1836    5    4      2     0    32     0     2      1     1    4    0    0     1     0     0     0   164   225.0K    0.880     1244  OK
1837    4    4      0     0    64     0     2      1     1    4    0    0     1     0     0     0     0   193.0K        -        -  COMPILE_FAIL
1838    4    4      0     0    64    40     2      1     1    4    0    0     1     0     0     0     0   193.0K        -        -  COMPILE_FAIL
1839    4    4      0     0    64    60     2      1     1    4    0    0     1     0     0     0     0   193.0K        -        -  COMPILE_FAIL
1840    4    4      0     0    64    80     2      1     1    4    0    0     1     0     0     0     0   193.0K        -        -  COMPILE_FAIL
1841    4    4      0     0    64   100     2      1     1    4    0    0     1     0     0     0     0   193.0K        -        -  COMPILE_FAIL
1842    4    4      0     0    64   120     2      1     1    4    0    0     1     0     0     0     0   193.0K        -        -  COMPILE_FAIL
1843    4    4      0     0    64   160     2      1     1    4    0    0     1     0     0     0     0   193.0K        -        -  COMPILE_FAIL
1844    4    4      0     0    64   200     2      1     1    4    0    0     1     0     0     0     0   193.0K        -        -  COMPILE_FAIL
1845    4    4      0     1    64     0     2      1     1    4    0    0     1     0     0     0     0   193.0K        -        -  COMPILE_FAIL
1846    4    4      0     1    64    40     2      1     1    4    0    0     1     0     0     0     0   193.0K        -        -  COMPILE_FAIL
1847    4    4      0     1    64    60     2      1     1    4    0    0     1     0     0     0     0   193.0K        -        -  COMPILE_FAIL
1848    4    4      0     1    64    80     2      1     1    4    0    0     1     0     0     0     0   193.0K        -        -  COMPILE_FAIL
1849    4    4      0     1    64   100     2      1     1    4    0    0     1     0     0     0     0   193.0K        -        -  COMPILE_FAIL
1850    4    4      0     1    64   120     2      1     1    4    0    0     1     0     0     0     0   193.0K        -        -  COMPILE_FAIL
1851    4    4      0     1    64   160     2      1     1    4    0    0     1     0     0     0     0   193.0K        -        -  COMPILE_FAIL
1852    4    4      0     1    64   200     2      1     1    4    0    0     1     0     0     0     0   193.0K        -        -  COMPILE_FAIL
1853    4    4      1     0    64     0     2      1     1    4    0    0     1     0     0     0     0   193.0K        -        -  COMPILE_FAIL
1854    4    4      1     0    64    40     2      1     1    4    0    0     1     0     0     0     0   193.0K        -        -  COMPILE_FAIL
1855    4    4      1     0    64    60     2      1     1    4    0    0     1     0     0     0     0   193.0K        -        -  COMPILE_FAIL
1856    4    4      1     0    64    80     2      1     1    4    0    0     1     0     0     0     0   193.0K        -        -  COMPILE_FAIL
1857    4    4      1     0    64   100     2      1     1    4    0    0     1     0     0     0     0   193.0K        -        -  COMPILE_FAIL
1858    4    4      1     0    64   120     2      1     1    4    0    0     1     0     0     0     0   193.0K        -        -  COMPILE_FAIL
1859    4    4      1     0    64   160     2      1     1    4    0    0     1     0     0     0     0   193.0K        -        -  COMPILE_FAIL
1860    4    4      1     0    64   200     2      1     1    4    0    0     1     0     0     0     0   193.0K        -        -  COMPILE_FAIL
1861    4    4      1     1    64     0     2      1     1    4    0    0     1     0     0     0     0   193.0K        -        -  COMPILE_FAIL
1862    4    4      1     1    64    40     2      1     1    4    0    0     1     0     0     0     0   193.0K        -        -  COMPILE_FAIL
1863    4    4      1     1    64    60     2      1     1    4    0    0     1     0     0     0     0   193.0K        -        -  COMPILE_FAIL
1864    4    4      1     1    64    80     2      1     1    4    0    0     1     0     0     0     0   193.0K        -        -  COMPILE_FAIL
1865    4    4      1     1    64   100     2      1     1    4    0    0     1     0     0     0     0   193.0K        -        -  COMPILE_FAIL
1866    4    4      1     1    64   120     2      1     1    4    0    0     1     0     0     0     0   193.0K        -        -  COMPILE_FAIL
1867    4    4      1     1    64   160     2      1     1    4    0    0     1     0     0     0     0   193.0K        -        -  COMPILE_FAIL
1868    4    4      1     1    64   200     2      1     1    4    0    0     1     0     0     0     0   193.0K        -        -  COMPILE_FAIL
1869    4    4      2     0    64     0     2      1     1    4    0    0     1     0     0     0     0   193.0K        -        -  COMPILE_FAIL
1870    4    4      2     0    64    40     2      1     1    4    0    0     1     0     0     0     0   193.0K        -        -  COMPILE_FAIL
1871    4    4      2     0    64    60     2      1     1    4    0    0     1     0     0     0     0   193.0K        -        -  COMPILE_FAIL
1872    4    4      2     0    64    80     2      1     1    4    0    0     1     0     0     0     0   193.0K        -        -  COMPILE_FAIL
1873    4    4      2     0    64   100     2      1     1    4    0    0     1     0     0     0     0   193.0K        -        -  COMPILE_FAIL
1874    4    4      2     0    64   120     2      1     1    4    0    0     1     0     0     0     0   193.0K        -        -  COMPILE_FAIL
1875    4    4      2     0    64   160     2      1     1    4    0    0     1     0     0     0     0   193.0K        -        -  COMPILE_FAIL
1876    4    4      2     0    64   200     2      1     1    4    0    0     1     0     0     0     0   193.0K        -        -  COMPILE_FAIL
1877    4    4      2     1    64     0     2      1     1    4    0    0     1     0     0     0     0   193.0K        -        -  COMPILE_FAIL
1878    4    4      2     1    64    40     2      1     1    4    0    0     1     0     0     0     0   193.0K        -        -  COMPILE_FAIL
1879    4    4      2     1    64    60     2      1     1    4    0    0     1     0     0     0     0   193.0K        -        -  COMPILE_FAIL
1880    4    4      2     1    64    80     2      1     1    4    0    0     1     0     0     0     0   193.0K        -        -  COMPILE_FAIL
1881    4    4      2     1    64   100     2      1     1    4    0    0     1     0     0     0     0   193.0K        -        -  COMPILE_FAIL
1882    4    4      2     1    64   120     2      1     1    4    0    0     1     0     0     0     0   193.0K        -        -  COMPILE_FAIL
1883    4    4      2     1    64   160     2      1     1    4    0    0     1     0     0     0     0   193.0K        -        -  COMPILE_FAIL
1884    4    4      2     1    64   200     2      1     1    4    0    0     1     0     0     0     0   193.0K        -        -  COMPILE_FAIL
1885    4    4      3     0    64     0     2      1     1    4    0    0     1     0     0     0     0   193.0K        -        -  COMPILE_FAIL
1886    4    4      3     0    64    40     2      1     1    4    0    0     1     0     0     0     0   193.0K        -        -  COMPILE_FAIL
1887    4    4      3     0    64    60     2      1     1    4    0    0     1     0     0     0     0   193.0K        -        -  COMPILE_FAIL
1888    4    4      3     0    64    80     2      1     1    4    0    0     1     0     0     0     0   193.0K        -        -  COMPILE_FAIL
1889    4    4      3     0    64   100     2      1     1    4    0    0     1     0     0     0     0   193.0K        -        -  COMPILE_FAIL
1890    4    4      3     0    64   120     2      1     1    4    0    0     1     0     0     0     0   193.0K        -        -  COMPILE_FAIL
1891    4    4      3     0    64   160     2      1     1    4    0    0     1     0     0     0     0   193.0K        -        -  COMPILE_FAIL
1892    4    4      3     0    64   200     2      1     1    4    0    0     1     0     0     0     0   193.0K        -        -  COMPILE_FAIL
1893    4    4      3     1    64     0     2      1     1    4    0    0     1     0     0     0     0   193.0K        -        -  COMPILE_FAIL
1894    4    4      3     1    64    40     2      1     1    4    0    0     1     0     0     0     0   193.0K        -        -  COMPILE_FAIL
1895    4    4      3     1    64    60     2      1     1    4    0    0     1     0     0     0     0   193.0K        -        -  COMPILE_FAIL
1896    4    4      3     1    64    80     2      1     1    4    0    0     1     0     0     0     0   193.0K        -        -  COMPILE_FAIL
1897    4    4      3     1    64   100     2      1     1    4    0    0     1     0     0     0     0   193.0K        -        -  COMPILE_FAIL
1898    4    4      3     1    64   120     2      1     1    4    0    0     1     0     0     0     0   193.0K        -        -  COMPILE_FAIL
1899    4    4      3     1    64   160     2      1     1    4    0    0     1     0     0     0     0   193.0K        -        -  COMPILE_FAIL
1900    4    4      3     1    64   200     2      1     1    4    0    0     1     0     0     0     0   193.0K        -        -  COMPILE_FAIL
1901    3    4      0     0    64     0     2      1     1    4    0    0     1     0     0     0     0   161.0K        -        -  COMPILE_FAIL
1902    3    4      0     0    64    40     2      1     1    4    0    0     1     0     0     0     0   161.0K        -        -  COMPILE_FAIL
1903    3    4      0     0    64    60     2      1     1    4    0    0     1     0     0     0     0   161.0K        -        -  COMPILE_FAIL
1904    3    4      0     0    64    80     2      1     1    4    0    0     1     0     0     0     0   161.0K        -        -  COMPILE_FAIL
1905    3    4      0     0    64   100     2      1     1    4    0    0     1     0     0     0     0   161.0K        -        -  COMPILE_FAIL
1906    3    4      0     0    64   120     2      1     1    4    0    0     1     0     0     0     0   161.0K        -        -  COMPILE_FAIL
1907    3    4      0     0    64   160     2      1     1    4    0    0     1     0     0     0     0   161.0K        -        -  COMPILE_FAIL
1908    3    4      0     0    64   200     2      1     1    4    0    0     1     0     0     0     0   161.0K        -        -  COMPILE_FAIL
1909    3    4      0     1    64     0     2      1     1    4    0    0     1     0     0     0     0   161.0K        -        -  COMPILE_FAIL
1910    3    4      0     1    64    40     2      1     1    4    0    0     1     0     0     0     0   161.0K        -        -  COMPILE_FAIL
1911    3    4      0     1    64    60     2      1     1    4    0    0     1     0     0     0     0   161.0K        -        -  COMPILE_FAIL
1912    3    4      0     1    64    80     2      1     1    4    0    0     1     0     0     0     0   161.0K        -        -  COMPILE_FAIL
1913    3    4      0     1    64   100     2      1     1    4    0    0     1     0     0     0     0   161.0K        -        -  COMPILE_FAIL
1914    3    4      0     1    64   120     2      1     1    4    0    0     1     0     0     0     0   161.0K        -        -  COMPILE_FAIL
1915    3    4      0     1    64   160     2      1     1    4    0    0     1     0     0     0     0   161.0K        -        -  COMPILE_FAIL
1916    3    4      0     1    64   200     2      1     1    4    0    0     1     0     0     0     0   161.0K        -        -  COMPILE_FAIL
1917    3    4      1     0    64     0     2      1     1    4    0    0     1     0     0     0     0   161.0K        -        -  COMPILE_FAIL
1918    3    4      1     0    64    40     2      1     1    4    0    0     1     0     0     0     0   161.0K        -        -  COMPILE_FAIL
1919    3    4      1     0    64    60     2      1     1    4    0    0     1     0     0     0     0   161.0K        -        -  COMPILE_FAIL
1920    3    4      1     0    64    80     2      1     1    4    0    0     1     0     0     0     0   161.0K        -        -  COMPILE_FAIL
1921    3    4      1     0    64   100     2      1     1    4    0    0     1     0     0     0     0   161.0K        -        -  COMPILE_FAIL
1922    3    4      1     0    64   120     2      1     1    4    0    0     1     0     0     0     0   161.0K        -        -  COMPILE_FAIL
1923    3    4      1     0    64   160     2      1     1    4    0    0     1     0     0     0     0   161.0K        -        -  COMPILE_FAIL
1924    3    4      1     0    64   200     2      1     1    4    0    0     1     0     0     0     0   161.0K        -        -  COMPILE_FAIL
1925    3    4      1     1    64     0     2      1     1    4    0    0     1     0     0     0     0   161.0K        -        -  COMPILE_FAIL
1926    3    4      1     1    64    40     2      1     1    4    0    0     1     0     0     0     0   161.0K        -        -  COMPILE_FAIL
1927    3    4      1     1    64    60     2      1     1    4    0    0     1     0     0     0     0   161.0K        -        -  COMPILE_FAIL
1928    3    4      1     1    64    80     2      1     1    4    0    0     1     0     0     0     0   161.0K        -        -  COMPILE_FAIL
1929    3    4      1     1    64   100     2      1     1    4    0    0     1     0     0     0     0   161.0K        -        -  COMPILE_FAIL
1930    3    4      1     1    64   120     2      1     1    4    0    0     1     0     0     0     0   161.0K        -        -  COMPILE_FAIL
1931    3    4      1     1    64   160     2      1     1    4    0    0     1     0     0     0     0   161.0K        -        -  COMPILE_FAIL
1932    3    4      1     1    64   200     2      1     1    4    0    0     1     0     0     0     0   161.0K        -        -  COMPILE_FAIL
1933    3    4      2     0    64     0     2      1     1    4    0    0     1     0     0     0     0   161.0K        -        -  COMPILE_FAIL
1934    3    4      2     0    64    40     2      1     1    4    0    0     1     0     0     0     0   161.0K        -        -  COMPILE_FAIL
1935    3    4      2     0    64    60     2      1     1    4    0    0     1     0     0     0     0   161.0K        -        -  COMPILE_FAIL
1936    3    4      2     0    64    80     2      1     1    4    0    0     1     0     0     0     0   161.0K        -        -  COMPILE_FAIL
1937    3    4      2     0    64   100     2      1     1    4    0    0     1     0     0     0     0   161.0K        -        -  COMPILE_FAIL
1938    3    4      2     0    64   120     2      1     1    4    0    0     1     0     0     0     0   161.0K        -        -  COMPILE_FAIL
1939    3    4      2     0    64   160     2      1     1    4    0    0     1     0     0     0     0   161.0K        -        -  COMPILE_FAIL
1940    3    4      2     0    64   200     2      1     1    4    0    0     1     0     0     0     0   161.0K        -        -  COMPILE_FAIL
1941    3    4      2     1    64     0     2      1     1    4    0    0     1     0     0     0     0   161.0K        -        -  COMPILE_FAIL
1942    3    4      2     1    64    40     2      1     1    4    0    0     1     0     0     0     0   161.0K        -        -  COMPILE_FAIL
1943    3    4      2     1    64    60     2      1     1    4    0    0     1     0     0     0     0   161.0K        -        -  COMPILE_FAIL
1944    3    4      2     1    64    80     2      1     1    4    0    0     1     0     0     0     0   161.0K        -        -  COMPILE_FAIL
1945    3    4      2     1    64   100     2      1     1    4    0    0     1     0     0     0     0   161.0K        -        -  COMPILE_FAIL
1946    3    4      2     1    64   120     2      1     1    4    0    0     1     0     0     0     0   161.0K        -        -  COMPILE_FAIL
1947    3    4      2     1    64   160     2      1     1    4    0    0     1     0     0     0     0   161.0K        -        -  COMPILE_FAIL
1948    3    4      2     1    64   200     2      1     1    4    0    0     1     0     0     0     0   161.0K        -        -  COMPILE_FAIL
1949    3    4      3     0    64     0     2      1     1    4    0    0     1     0     0     0     0   161.0K        -        -  COMPILE_FAIL
1950    3    4      3     0    64    40     2      1     1    4    0    0     1     0     0     0     0   161.0K        -        -  COMPILE_FAIL
1951    3    4      3     0    64    60     2      1     1    4    0    0     1     0     0     0     0   161.0K        -        -  COMPILE_FAIL
1952    3    4      3     0    64    80     2      1     1    4    0    0     1     0     0     0     0   161.0K        -        -  COMPILE_FAIL
1953    3    4      3     0    64   100     2      1     1    4    0    0     1     0     0     0     0   161.0K        -        -  COMPILE_FAIL
1954    3    4      3     0    64   120     2      1     1    4    0    0     1     0     0     0     0   161.0K        -        -  COMPILE_FAIL
1955    3    4      3     0    64   160     2      1     1    4    0    0     1     0     0     0     0   161.0K        -        -  COMPILE_FAIL
1956    3    4      3     0    64   200     2      1     1    4    0    0     1     0     0     0     0   161.0K        -        -  COMPILE_FAIL
1957    3    4      3     1    64     0     2      1     1    4    0    0     1     0     0     0     0   161.0K        -        -  COMPILE_FAIL
1958    3    4      3     1    64    40     2      1     1    4    0    0     1     0     0     0     0   161.0K        -        -  COMPILE_FAIL
1959    3    4      3     1    64    60     2      1     1    4    0    0     1     0     0     0     0   161.0K        -        -  COMPILE_FAIL
1960    3    4      3     1    64    80     2      1     1    4    0    0     1     0     0     0     0   161.0K        -        -  COMPILE_FAIL
1961    3    4      3     1    64   100     2      1     1    4    0    0     1     0     0     0     0   161.0K        -        -  COMPILE_FAIL
1962    3    4      3     1    64   120     2      1     1    4    0    0     1     0     0     0     0   161.0K        -        -  COMPILE_FAIL
1963    3    4      3     1    64   160     2      1     1    4    0    0     1     0     0     0     0   161.0K        -        -  COMPILE_FAIL
1964    3    4      3     1    64   200     2      1     1    4    0    0     1     0     0     0     0   161.0K        -        -  COMPILE_FAIL
1965    5    4      0     0    64     0     2      1     1    4    0    0     1     0     0     0     0   225.0K        -        -  COMPILE_FAIL
1966    5    4      0     0    64    40     2      1     1    4    0    0     1     0     0     0     0   225.0K        -        -  COMPILE_FAIL
1967    5    4      0     0    64    60     2      1     1    4    0    0     1     0     0     0     0   225.0K        -        -  COMPILE_FAIL
1968    5    4      0     0    64    80     2      1     1    4    0    0     1     0     0     0     0   225.0K        -        -  COMPILE_FAIL
1969    5    4      0     0    64   100     2      1     1    4    0    0     1     0     0     0     0   225.0K        -        -  COMPILE_FAIL
1970    5    4      0     0    64   120     2      1     1    4    0    0     1     0     0     0     0   225.0K        -        -  COMPILE_FAIL
1971    5    4      0     0    64   160     2      1     1    4    0    0     1     0     0     0     0   225.0K        -        -  COMPILE_FAIL
1972    5    4      0     0    64   200     2      1     1    4    0    0     1     0     0     0     0   225.0K        -        -  COMPILE_FAIL
1973    5    4      0     1    64     0     2      1     1    4    0    0     1     0     0     0     0   225.0K        -        -  COMPILE_FAIL
1974    5    4      0     1    64    40     2      1     1    4    0    0     1     0     0     0     0   225.0K        -        -  COMPILE_FAIL
1975    5    4      0     1    64    60     2      1     1    4    0    0     1     0     0     0     0   225.0K        -        -  COMPILE_FAIL
1976    5    4      0     1    64    80     2      1     1    4    0    0     1     0     0     0     0   225.0K        -        -  COMPILE_FAIL
1977    5    4      0     1    64   100     2      1     1    4    0    0     1     0     0     0     0   225.0K        -        -  COMPILE_FAIL
1978    5    4      0     1    64   120     2      1     1    4    0    0     1     0     0     0     0   225.0K        -        -  COMPILE_FAIL
1979    5    4      0     1    64   160     2      1     1    4    0    0     1     0     0     0     0   225.0K        -        -  COMPILE_FAIL
1980    5    4      0     1    64   200     2      1     1    4    0    0     1     0     0     0     0   225.0K        -        -  COMPILE_FAIL
1981    5    4      1     0    64     0     2      1     1    4    0    0     1     0     0     0     0   225.0K        -        -  COMPILE_FAIL
1982    5    4      1     0    64    40     2      1     1    4    0    0     1     0     0     0     0   225.0K        -        -  COMPILE_FAIL
1983    5    4      1     0    64    60     2      1     1    4    0    0     1     0     0     0     0   225.0K        -        -  COMPILE_FAIL
1984    5    4      1     0    64    80     2      1     1    4    0    0     1     0     0     0     0   225.0K        -        -  COMPILE_FAIL
1985    5    4      1     0    64   100     2      1     1    4    0    0     1     0     0     0     0   225.0K        -        -  COMPILE_FAIL
1986    5    4      1     0    64   120     2      1     1    4    0    0     1     0     0     0     0   225.0K        -        -  COMPILE_FAIL
1987    5    4      1     0    64   160     2      1     1    4    0    0     1     0     0     0     0   225.0K        -        -  COMPILE_FAIL
1988    5    4      1     0    64   200     2      1     1    4    0    0     1     0     0     0     0   225.0K        -        -  COMPILE_FAIL
1989    5    4      1     1    64     0     2      1     1    4    0    0     1     0     0     0     0   225.0K        -        -  COMPILE_FAIL
1990    5    4      1     1    64    40     2      1     1    4    0    0     1     0     0     0     0   225.0K        -        -  COMPILE_FAIL
1991    5    4      1     1    64    60     2      1     1    4    0    0     1     0     0     0     0   225.0K        -        -  COMPILE_FAIL
1992    5    4      1     1    64    80     2      1     1    4    0    0     1     0     0     0     0   225.0K        -        -  COMPILE_FAIL
1993    5    4      1     1    64   100     2      1     1    4    0    0     1     0     0     0     0   225.0K        -        -  COMPILE_FAIL
1994    5    4      1     1    64   120     2      1     1    4    0    0     1     0     0     0     0   225.0K        -        -  COMPILE_FAIL
1995    5    4      1     1    64   160     2      1     1    4    0    0     1     0     0     0     0   225.0K        -        -  COMPILE_FAIL
1996    5    4      1     1    64   200     2      1     1    4    0    0     1     0     0     0     0   225.0K        -        -  COMPILE_FAIL
1997    5    4      2     0    64     0     2      1     1    4    0    0     1     0     0     0     0   225.0K        -        -  COMPILE_FAIL
1998    5    4      2     0    64    40     2      1     1    4    0    0     1     0     0     0     0   225.0K        -        -  COMPILE_FAIL
1999    5    4      2     0    64    60     2      1     1    4    0    0     1     0     0     0     0   225.0K        -        -  COMPILE_FAIL
2000    5    4      2     0    64    80     2      1     1    4    0    0     1     0     0     0     0   225.0K        -        -  COMPILE_FAIL
2001    5    4      2     0    64   100     2      1     1    4    0    0     1     0     0     0     0   225.0K        -        -  COMPILE_FAIL
2002    5    4      2     0    64   120     2      1     1    4    0    0     1     0     0     0     0   225.0K        -        -  COMPILE_FAIL
2003    5    4      2     0    64   160     2      1     1    4    0    0     1     0     0     0     0   225.0K        -        -  COMPILE_FAIL
2004    5    4      2     0    64   200     2      1     1    4    0    0     1     0     0     0     0   225.0K        -        -  COMPILE_FAIL
2005    5    4      2     1    64     0     2      1     1    4    0    0     1     0     0     0     0   225.0K        -        -  COMPILE_FAIL
2006    5    4      2     1    64    40     2      1     1    4    0    0     1     0     0     0     0   225.0K        -        -  COMPILE_FAIL
2007    5    4      2     1    64    60     2      1     1    4    0    0     1     0     0     0     0   225.0K        -        -  COMPILE_FAIL
2008    5    4      2     1    64    80     2      1     1    4    0    0     1     0     0     0     0   225.0K        -        -  COMPILE_FAIL
2009    5    4      2     1    64   100     2      1     1    4    0    0     1     0     0     0     0   225.0K        -        -  COMPILE_FAIL
2010    5    4      2     1    64   120     2      1     1    4    0    0     1     0     0     0     0   225.0K        -        -  COMPILE_FAIL
2011    5    4      2     1    64   160     2      1     1    4    0    0     1     0     0     0     0   225.0K        -        -  COMPILE_FAIL
2012    5    4      2     1    64   200     2      1     1    4    0    0     1     0     0     0     0   225.0K        -        -  COMPILE_FAIL
2013    5    4      3     0    64     0     2      1     1    4    0    0     1     0     0     0     0   225.0K        -        -  COMPILE_FAIL
2014    5    4      3     0    64    40     2      1     1    4    0    0     1     0     0     0     0   225.0K        -        -  COMPILE_FAIL
2015    5    4      3     0    64    60     2      1     1    4    0    0     1     0     0     0     0   225.0K        -        -  COMPILE_FAIL
2016    5    4      3     0    64    80     2      1     1    4    0    0     1     0     0     0     0   225.0K        -        -  COMPILE_FAIL
2017    5    4      3     0    64   100     2      1     1    4    0    0     1     0     0     0     0   225.0K        -        -  COMPILE_FAIL
2018    5    4      3     0    64   120     2      1     1    4    0    0     1     0     0     0     0   225.0K        -        -  COMPILE_FAIL
2019    5    4      3     0    64   160     2      1     1    4    0    0     1     0     0     0     0   225.0K        -        -  COMPILE_FAIL
2020    5    4      3     0    64   200     2      1     1    4    0    0     1     0     0     0     0   225.0K        -        -  COMPILE_FAIL
2021    5    4      3     1    64     0     2      1     1    4    0    0     1     0     0     0     0   225.0K        -        -  COMPILE_FAIL
2022    5    4      3     1    64    40     2      1     1    4    0    0     1     0     0     0     0   225.0K        -        -  COMPILE_FAIL
2023    5    4      3     1    64    60     2      1     1    4    0    0     1     0     0     0     0   225.0K        -        -  COMPILE_FAIL
2024    5    4      3     1    64    80     2      1     1    4    0    0     1     0     0     0     0   225.0K        -        -  COMPILE_FAIL
2025    5    4      3     1    64   100     2      1     1    4    0    0     1     0     0     0     0   225.0K        -        -  COMPILE_FAIL
2026    5    4      3     1    64   120     2      1     1    4    0    0     1     0     0     0     0   225.0K        -        -  COMPILE_FAIL
2027    5    4      3     1    64   160     2      1     1    4    0    0     1     0     0     0     0   225.0K        -        -  COMPILE_FAIL
2028    5    4      3     1    64   200     2      1     1    4    0    0     1     0     0     0     0   225.0K        -        -  COMPILE_FAIL

CSV written to /root/siglip/data/session_20260314_034416/sweep_patch_embed.csv

Best: -DCVT_ADD_FUSED=0 -DK_LOOP_UNROLL=8 -DSTAGGER_CYCLES=100 -DSUB_MMA_UNROLL=3 → 0.525 ms / 2085 TFLOPS (209 regs)
