Kernel: fc2 (fc2.cu)

=== Tier 1: N_STAGES, NUM_EPI_WARPS ===
Sweep: 6 total, 5 valid, 1 pruned
Estimated time: ~0 min (5 configs × ~5s each)

[1/5] -DN_STAGES=3 ... 1.977 ms / 2215 TFLOPS  (240 regs, 2.9s)
[2/5] (defaults) ... 1.660 ms / 2638 TFLOPS  (255 regs, 2.9s)
[3/5] -DN_STAGES=5 ... 1.522 ms / 2877 TFLOPS  (255 regs, 2.9s)
[4/5] -DNUM_EPI_WARPS=5 -DN_STAGES=3 ... 1.987 ms / 2204 TFLOPS  (242 regs, 3.0s)
[5/5] -DNUM_EPI_WARPS=5 ... 1.735 ms / 2525 TFLOPS  (254 regs, 3.0s)

Tier 1 winner: -DN_STAGES=5 → 1.522 ms / 2877 TFLOPS

=== Tier 2: INTERLEAVE_STRATEGY, MBAR_EARLY, STAGGER_CYCLES, TMEM_LOAD_WIDTH ===
Sweep: 128 total, 128 valid, 0 pruned
Estimated time: ~11 min (128 configs × ~5s each)

[1/128] -DINTERLEAVE_STRATEGY=0 -DN_STAGES=5 -DSTAGGER_CYCLES=0 ... 1.532 ms / 2860 TFLOPS  (255 regs, 2.9s)
[2/128] -DINTERLEAVE_STRATEGY=0 -DN_STAGES=5 -DSTAGGER_CYCLES=0 -DTMEM_LOAD_WIDTH=64 ... 1.533 ms / 2857 TFLOPS  (255 regs, 3.2s)
[3/128] -DINTERLEAVE_STRATEGY=0 -DN_STAGES=5 -DSTAGGER_CYCLES=40 ... 1.536 ms / 2852 TFLOPS  (255 regs, 2.9s)
[4/128] -DINTERLEAVE_STRATEGY=0 -DN_STAGES=5 -DSTAGGER_CYCLES=40 -DTMEM_LOAD_WIDTH=64 ... 1.531 ms / 2860 TFLOPS  (255 regs, 3.1s)
[5/128] -DINTERLEAVE_STRATEGY=0 -DN_STAGES=5 -DSTAGGER_CYCLES=60 ... 1.552 ms / 2822 TFLOPS  (255 regs, 2.9s)
[6/128] -DINTERLEAVE_STRATEGY=0 -DN_STAGES=5 -DSTAGGER_CYCLES=60 -DTMEM_LOAD_WIDTH=64 ... 1.542 ms / 2841 TFLOPS  (255 regs, 3.1s)
[7/128] -DINTERLEAVE_STRATEGY=0 -DN_STAGES=5 ... 1.542 ms / 2840 TFLOPS  (255 regs, 2.9s)
[8/128] -DINTERLEAVE_STRATEGY=0 -DN_STAGES=5 -DTMEM_LOAD_WIDTH=64 ... 1.562 ms / 2804 TFLOPS  (255 regs, 3.1s)
[9/128] -DINTERLEAVE_STRATEGY=0 -DN_STAGES=5 -DSTAGGER_CYCLES=100 ... 1.536 ms / 2852 TFLOPS  (255 regs, 2.9s)
[10/128] -DINTERLEAVE_STRATEGY=0 -DN_STAGES=5 -DSTAGGER_CYCLES=100 -DTMEM_LOAD_WIDTH=64 ... 1.561 ms / 2805 TFLOPS  (255 regs, 3.1s)
[11/128] -DINTERLEAVE_STRATEGY=0 -DN_STAGES=5 -DSTAGGER_CYCLES=120 ... 1.536 ms / 2852 TFLOPS  (255 regs, 2.9s)
[12/128] -DINTERLEAVE_STRATEGY=0 -DN_STAGES=5 -DSTAGGER_CYCLES=120 -DTMEM_LOAD_WIDTH=64 ... 1.536 ms / 2851 TFLOPS  (255 regs, 3.1s)
[13/128] -DINTERLEAVE_STRATEGY=0 -DN_STAGES=5 -DSTAGGER_CYCLES=160 ... 1.532 ms / 2859 TFLOPS  (255 regs, 3.0s)
[14/128] -DINTERLEAVE_STRATEGY=0 -DN_STAGES=5 -DSTAGGER_CYCLES=160 -DTMEM_LOAD_WIDTH=64 ... 1.548 ms / 2829 TFLOPS  (255 regs, 3.2s)
[15/128] -DINTERLEAVE_STRATEGY=0 -DN_STAGES=5 -DSTAGGER_CYCLES=200 ... 1.526 ms / 2870 TFLOPS  (255 regs, 2.9s)
[16/128] -DINTERLEAVE_STRATEGY=0 -DN_STAGES=5 -DSTAGGER_CYCLES=200 -DTMEM_LOAD_WIDTH=64 ... 1.547 ms / 2831 TFLOPS  (255 regs, 3.1s)
[17/128] -DINTERLEAVE_STRATEGY=0 -DMBAR_EARLY=1 -DN_STAGES=5 -DSTAGGER_CYCLES=0 ... 1.534 ms / 2854 TFLOPS  (255 regs, 2.9s)
[18/128] -DINTERLEAVE_STRATEGY=0 -DMBAR_EARLY=1 -DN_STAGES=5 -DSTAGGER_CYCLES=0 -DTMEM_LOAD_WIDTH=64 ... 1.525 ms / 2872 TFLOPS  (255 regs, 3.1s)
[19/128] -DINTERLEAVE_STRATEGY=0 -DMBAR_EARLY=1 -DN_STAGES=5 -DSTAGGER_CYCLES=40 ... 1.537 ms / 2850 TFLOPS  (255 regs, 3.0s)
[20/128] -DINTERLEAVE_STRATEGY=0 -DMBAR_EARLY=1 -DN_STAGES=5 -DSTAGGER_CYCLES=40 -DTMEM_LOAD_WIDTH=64 ... 1.534 ms / 2856 TFLOPS  (255 regs, 3.2s)
[21/128] -DINTERLEAVE_STRATEGY=0 -DMBAR_EARLY=1 -DN_STAGES=5 -DSTAGGER_CYCLES=60 ... 1.556 ms / 2815 TFLOPS  (255 regs, 3.0s)
[22/128] -DINTERLEAVE_STRATEGY=0 -DMBAR_EARLY=1 -DN_STAGES=5 -DSTAGGER_CYCLES=60 -DTMEM_LOAD_WIDTH=64 ... 1.530 ms / 2862 TFLOPS  (255 regs, 3.2s)
[23/128] -DINTERLEAVE_STRATEGY=0 -DMBAR_EARLY=1 -DN_STAGES=5 ... 1.540 ms / 2844 TFLOPS  (255 regs, 3.0s)
[24/128] -DINTERLEAVE_STRATEGY=0 -DMBAR_EARLY=1 -DN_STAGES=5 -DTMEM_LOAD_WIDTH=64 ... 1.530 ms / 2862 TFLOPS  (255 regs, 3.2s)
[25/128] -DINTERLEAVE_STRATEGY=0 -DMBAR_EARLY=1 -DN_STAGES=5 -DSTAGGER_CYCLES=100 ... 1.535 ms / 2854 TFLOPS  (255 regs, 2.9s)
[26/128] -DINTERLEAVE_STRATEGY=0 -DMBAR_EARLY=1 -DN_STAGES=5 -DSTAGGER_CYCLES=100 -DTMEM_LOAD_WIDTH=64 ... 1.533 ms / 2857 TFLOPS  (255 regs, 3.1s)
[27/128] -DINTERLEAVE_STRATEGY=0 -DMBAR_EARLY=1 -DN_STAGES=5 -DSTAGGER_CYCLES=120 ... 1.538 ms / 2849 TFLOPS  (255 regs, 2.9s)
[28/128] -DINTERLEAVE_STRATEGY=0 -DMBAR_EARLY=1 -DN_STAGES=5 -DSTAGGER_CYCLES=120 -DTMEM_LOAD_WIDTH=64 ... 1.532 ms / 2860 TFLOPS  (255 regs, 3.2s)
[29/128] -DINTERLEAVE_STRATEGY=0 -DMBAR_EARLY=1 -DN_STAGES=5 -DSTAGGER_CYCLES=160 ... 1.529 ms / 2864 TFLOPS  (255 regs, 2.9s)
[30/128] -DINTERLEAVE_STRATEGY=0 -DMBAR_EARLY=1 -DN_STAGES=5 -DSTAGGER_CYCLES=160 -DTMEM_LOAD_WIDTH=64 ... 1.534 ms / 2855 TFLOPS  (255 regs, 3.1s)
[31/128] -DINTERLEAVE_STRATEGY=0 -DMBAR_EARLY=1 -DN_STAGES=5 -DSTAGGER_CYCLES=200 ... 1.530 ms / 2863 TFLOPS  (255 regs, 2.9s)
[32/128] -DINTERLEAVE_STRATEGY=0 -DMBAR_EARLY=1 -DN_STAGES=5 -DSTAGGER_CYCLES=200 -DTMEM_LOAD_WIDTH=64 ... 1.535 ms / 2853 TFLOPS  (255 regs, 3.2s)
[33/128] -DINTERLEAVE_STRATEGY=1 -DN_STAGES=5 -DSTAGGER_CYCLES=0 ... 1.521 ms / 2880 TFLOPS  (255 regs, 2.9s)
[34/128] -DINTERLEAVE_STRATEGY=1 -DN_STAGES=5 -DSTAGGER_CYCLES=0 -DTMEM_LOAD_WIDTH=64 ... 1.520 ms / 2881 TFLOPS  (255 regs, 3.1s)
[35/128] -DINTERLEAVE_STRATEGY=1 -DN_STAGES=5 -DSTAGGER_CYCLES=40 ... 1.545 ms / 2835 TFLOPS  (255 regs, 2.9s)
[36/128] -DINTERLEAVE_STRATEGY=1 -DN_STAGES=5 -DSTAGGER_CYCLES=40 -DTMEM_LOAD_WIDTH=64 ... 1.532 ms / 2859 TFLOPS  (255 regs, 3.1s)
[37/128] -DINTERLEAVE_STRATEGY=1 -DN_STAGES=5 -DSTAGGER_CYCLES=60 ... 1.546 ms / 2833 TFLOPS  (255 regs, 2.9s)
[38/128] -DINTERLEAVE_STRATEGY=1 -DN_STAGES=5 -DSTAGGER_CYCLES=60 -DTMEM_LOAD_WIDTH=64 ... 1.536 ms / 2851 TFLOPS  (255 regs, 3.1s)
[39/128] -DINTERLEAVE_STRATEGY=1 -DN_STAGES=5 ... 1.527 ms / 2869 TFLOPS  (255 regs, 2.9s)
[40/128] -DINTERLEAVE_STRATEGY=1 -DN_STAGES=5 -DTMEM_LOAD_WIDTH=64 ... 1.543 ms / 2840 TFLOPS  (255 regs, 3.1s)
[41/128] -DINTERLEAVE_STRATEGY=1 -DN_STAGES=5 -DSTAGGER_CYCLES=100 ... 1.524 ms / 2875 TFLOPS  (255 regs, 2.9s)
[42/128] -DINTERLEAVE_STRATEGY=1 -DN_STAGES=5 -DSTAGGER_CYCLES=100 -DTMEM_LOAD_WIDTH=64 ... 1.534 ms / 2855 TFLOPS  (255 regs, 3.1s)
[43/128] -DINTERLEAVE_STRATEGY=1 -DN_STAGES=5 -DSTAGGER_CYCLES=120 ... 1.524 ms / 2875 TFLOPS  (255 regs, 2.9s)
[44/128] -DINTERLEAVE_STRATEGY=1 -DN_STAGES=5 -DSTAGGER_CYCLES=120 -DTMEM_LOAD_WIDTH=64 ... 1.530 ms / 2864 TFLOPS  (255 regs, 3.1s)
[45/128] -DINTERLEAVE_STRATEGY=1 -DN_STAGES=5 -DSTAGGER_CYCLES=160 ... 1.519 ms / 2884 TFLOPS  (255 regs, 2.9s)
[46/128] -DINTERLEAVE_STRATEGY=1 -DN_STAGES=5 -DSTAGGER_CYCLES=160 -DTMEM_LOAD_WIDTH=64 ... 1.532 ms / 2859 TFLOPS  (255 regs, 3.1s)
[47/128] -DINTERLEAVE_STRATEGY=1 -DN_STAGES=5 -DSTAGGER_CYCLES=200 ... 1.520 ms / 2882 TFLOPS  (255 regs, 3.0s)
[48/128] -DINTERLEAVE_STRATEGY=1 -DN_STAGES=5 -DSTAGGER_CYCLES=200 -DTMEM_LOAD_WIDTH=64 ... 1.530 ms / 2862 TFLOPS  (255 regs, 3.1s)
[49/128] -DINTERLEAVE_STRATEGY=1 -DMBAR_EARLY=1 -DN_STAGES=5 -DSTAGGER_CYCLES=0 ... 1.518 ms / 2885 TFLOPS  (255 regs, 2.9s)
[50/128] -DINTERLEAVE_STRATEGY=1 -DMBAR_EARLY=1 -DN_STAGES=5 -DSTAGGER_CYCLES=0 -DTMEM_LOAD_WIDTH=64 ... 1.560 ms / 2807 TFLOPS  (255 regs, 3.1s)
[51/128] -DINTERLEAVE_STRATEGY=1 -DMBAR_EARLY=1 -DN_STAGES=5 -DSTAGGER_CYCLES=40 ... 1.538 ms / 2848 TFLOPS  (255 regs, 2.9s)
[52/128] -DINTERLEAVE_STRATEGY=1 -DMBAR_EARLY=1 -DN_STAGES=5 -DSTAGGER_CYCLES=40 -DTMEM_LOAD_WIDTH=64 ... 1.538 ms / 2848 TFLOPS  (255 regs, 3.2s)
[53/128] -DINTERLEAVE_STRATEGY=1 -DMBAR_EARLY=1 -DN_STAGES=5 -DSTAGGER_CYCLES=60 ... 1.543 ms / 2840 TFLOPS  (255 regs, 2.9s)
[54/128] -DINTERLEAVE_STRATEGY=1 -DMBAR_EARLY=1 -DN_STAGES=5 -DSTAGGER_CYCLES=60 -DTMEM_LOAD_WIDTH=64 ... 1.538 ms / 2848 TFLOPS  (255 regs, 3.1s)
[55/128] -DINTERLEAVE_STRATEGY=1 -DMBAR_EARLY=1 -DN_STAGES=5 ... 1.522 ms / 2878 TFLOPS  (255 regs, 3.0s)
[56/128] -DINTERLEAVE_STRATEGY=1 -DMBAR_EARLY=1 -DN_STAGES=5 -DTMEM_LOAD_WIDTH=64 ... 1.539 ms / 2846 TFLOPS  (255 regs, 3.2s)
[57/128] -DINTERLEAVE_STRATEGY=1 -DMBAR_EARLY=1 -DN_STAGES=5 -DSTAGGER_CYCLES=100 ... 1.526 ms / 2870 TFLOPS  (255 regs, 3.0s)
[58/128] -DINTERLEAVE_STRATEGY=1 -DMBAR_EARLY=1 -DN_STAGES=5 -DSTAGGER_CYCLES=100 -DTMEM_LOAD_WIDTH=64 ... 1.551 ms / 2824 TFLOPS  (255 regs, 3.2s)
[59/128] -DINTERLEAVE_STRATEGY=1 -DMBAR_EARLY=1 -DN_STAGES=5 -DSTAGGER_CYCLES=120 ... 1.522 ms / 2877 TFLOPS  (255 regs, 3.0s)
[60/128] -DINTERLEAVE_STRATEGY=1 -DMBAR_EARLY=1 -DN_STAGES=5 -DSTAGGER_CYCLES=120 -DTMEM_LOAD_WIDTH=64 ... 1.562 ms / 2803 TFLOPS  (255 regs, 3.1s)
[61/128] -DINTERLEAVE_STRATEGY=1 -DMBAR_EARLY=1 -DN_STAGES=5 -DSTAGGER_CYCLES=160 ... 1.519 ms / 2884 TFLOPS  (255 regs, 3.0s)
[62/128] -DINTERLEAVE_STRATEGY=1 -DMBAR_EARLY=1 -DN_STAGES=5 -DSTAGGER_CYCLES=160 -DTMEM_LOAD_WIDTH=64 ... 1.554 ms / 2818 TFLOPS  (255 regs, 3.2s)
[63/128] -DINTERLEAVE_STRATEGY=1 -DMBAR_EARLY=1 -DN_STAGES=5 -DSTAGGER_CYCLES=200 ... 1.519 ms / 2884 TFLOPS  (255 regs, 3.0s)
[64/128] -DINTERLEAVE_STRATEGY=1 -DMBAR_EARLY=1 -DN_STAGES=5 -DSTAGGER_CYCLES=200 -DTMEM_LOAD_WIDTH=64 ... 1.557 ms / 2814 TFLOPS  (255 regs, 3.1s)
[65/128] -DN_STAGES=5 -DSTAGGER_CYCLES=0 ... 1.519 ms / 2883 TFLOPS  (255 regs, 3.0s)
[66/128] -DN_STAGES=5 -DSTAGGER_CYCLES=0 -DTMEM_LOAD_WIDTH=64 ... 1.522 ms / 2877 TFLOPS  (255 regs, 3.1s)
[67/128] -DN_STAGES=5 -DSTAGGER_CYCLES=40 ... 1.528 ms / 2867 TFLOPS  (255 regs, 2.9s)
[68/128] -DN_STAGES=5 -DSTAGGER_CYCLES=40 -DTMEM_LOAD_WIDTH=64 ... 1.531 ms / 2862 TFLOPS  (255 regs, 3.1s)
[69/128] -DN_STAGES=5 -DSTAGGER_CYCLES=60 ... 1.531 ms / 2861 TFLOPS  (255 regs, 2.9s)
[70/128] -DN_STAGES=5 -DSTAGGER_CYCLES=60 -DTMEM_LOAD_WIDTH=64 ... 1.550 ms / 2825 TFLOPS  (255 regs, 3.1s)
[71/128] -DN_STAGES=5 ... 1.521 ms / 2879 TFLOPS  (255 regs, 2.9s)
[72/128] -DN_STAGES=5 -DTMEM_LOAD_WIDTH=64 ... 1.546 ms / 2833 TFLOPS  (255 regs, 3.1s)
[73/128] -DN_STAGES=5 -DSTAGGER_CYCLES=100 ... 1.517 ms / 2887 TFLOPS  (255 regs, 2.9s)
[74/128] -DN_STAGES=5 -DSTAGGER_CYCLES=100 -DTMEM_LOAD_WIDTH=64 ... 1.544 ms / 2837 TFLOPS  (255 regs, 3.1s)
[75/128] -DN_STAGES=5 -DSTAGGER_CYCLES=120 ... 1.522 ms / 2878 TFLOPS  (255 regs, 2.9s)
[76/128] -DN_STAGES=5 -DSTAGGER_CYCLES=120 -DTMEM_LOAD_WIDTH=64 ... 1.540 ms / 2845 TFLOPS  (255 regs, 3.2s)
[77/128] -DN_STAGES=5 -DSTAGGER_CYCLES=160 ... 1.520 ms / 2882 TFLOPS  (255 regs, 2.9s)
[78/128] -DN_STAGES=5 -DSTAGGER_CYCLES=160 -DTMEM_LOAD_WIDTH=64 ... 1.534 ms / 2856 TFLOPS  (255 regs, 3.2s)
[79/128] -DN_STAGES=5 -DSTAGGER_CYCLES=200 ... 1.518 ms / 2886 TFLOPS  (255 regs, 3.0s)
[80/128] -DN_STAGES=5 -DSTAGGER_CYCLES=200 -DTMEM_LOAD_WIDTH=64 ... 1.531 ms / 2860 TFLOPS  (255 regs, 3.2s)
[81/128] -DMBAR_EARLY=1 -DN_STAGES=5 -DSTAGGER_CYCLES=0 ... 1.519 ms / 2884 TFLOPS  (255 regs, 2.9s)
[82/128] -DMBAR_EARLY=1 -DN_STAGES=5 -DSTAGGER_CYCLES=0 -DTMEM_LOAD_WIDTH=64 ... 1.520 ms / 2881 TFLOPS  (255 regs, 3.2s)
[83/128] -DMBAR_EARLY=1 -DN_STAGES=5 -DSTAGGER_CYCLES=40 ... 1.534 ms / 2855 TFLOPS  (255 regs, 3.0s)
[84/128] -DMBAR_EARLY=1 -DN_STAGES=5 -DSTAGGER_CYCLES=40 -DTMEM_LOAD_WIDTH=64 ... 1.516 ms / 2889 TFLOPS  (255 regs, 3.2s)
[85/128] -DMBAR_EARLY=1 -DN_STAGES=5 -DSTAGGER_CYCLES=60 ... 1.532 ms / 2860 TFLOPS  (255 regs, 3.0s)
[86/128] -DMBAR_EARLY=1 -DN_STAGES=5 -DSTAGGER_CYCLES=60 -DTMEM_LOAD_WIDTH=64 ... 1.514 ms / 2893 TFLOPS  (255 regs, 3.1s)
[87/128] -DMBAR_EARLY=1 -DN_STAGES=5 ... 1.519 ms / 2883 TFLOPS  (255 regs, 2.9s)
[88/128] -DMBAR_EARLY=1 -DN_STAGES=5 -DTMEM_LOAD_WIDTH=64 ... 1.517 ms / 2888 TFLOPS  (255 regs, 3.1s)
[89/128] -DMBAR_EARLY=1 -DN_STAGES=5 -DSTAGGER_CYCLES=100 ... 1.519 ms / 2884 TFLOPS  (255 regs, 2.9s)
[90/128] -DMBAR_EARLY=1 -DN_STAGES=5 -DSTAGGER_CYCLES=100 -DTMEM_LOAD_WIDTH=64 ... 1.515 ms / 2891 TFLOPS  (255 regs, 3.1s)
[91/128] -DMBAR_EARLY=1 -DN_STAGES=5 -DSTAGGER_CYCLES=120 ... 1.516 ms / 2889 TFLOPS  (255 regs, 2.9s)
[92/128] -DMBAR_EARLY=1 -DN_STAGES=5 -DSTAGGER_CYCLES=120 -DTMEM_LOAD_WIDTH=64 ... 1.514 ms / 2892 TFLOPS  (255 regs, 3.2s)
[93/128] -DMBAR_EARLY=1 -DN_STAGES=5 -DSTAGGER_CYCLES=160 ... 1.518 ms / 2885 TFLOPS  (255 regs, 2.9s)
[94/128] -DMBAR_EARLY=1 -DN_STAGES=5 -DSTAGGER_CYCLES=160 -DTMEM_LOAD_WIDTH=64 ... 1.516 ms / 2890 TFLOPS  (255 regs, 3.1s)
[95/128] -DMBAR_EARLY=1 -DN_STAGES=5 -DSTAGGER_CYCLES=200 ... 1.511 ms / 2898 TFLOPS  (255 regs, 2.9s)
[96/128] -DMBAR_EARLY=1 -DN_STAGES=5 -DSTAGGER_CYCLES=200 -DTMEM_LOAD_WIDTH=64 ... 1.514 ms / 2893 TFLOPS  (255 regs, 3.1s)
[97/128] -DINTERLEAVE_STRATEGY=3 -DN_STAGES=5 -DSTAGGER_CYCLES=0 ... 1.536 ms / 2852 TFLOPS  (254 regs, 2.9s)
[98/128] -DINTERLEAVE_STRATEGY=3 -DN_STAGES=5 -DSTAGGER_CYCLES=0 -DTMEM_LOAD_WIDTH=64 ... 1.537 ms / 2850 TFLOPS  (255 regs, 3.1s)
[99/128] -DINTERLEAVE_STRATEGY=3 -DN_STAGES=5 -DSTAGGER_CYCLES=40 ... 1.539 ms / 2847 TFLOPS  (255 regs, 2.9s)
[100/128] -DINTERLEAVE_STRATEGY=3 -DN_STAGES=5 -DSTAGGER_CYCLES=40 -DTMEM_LOAD_WIDTH=64 ... 1.534 ms / 2855 TFLOPS  (255 regs, 3.1s)
[101/128] -DINTERLEAVE_STRATEGY=3 -DN_STAGES=5 -DSTAGGER_CYCLES=60 ... 1.555 ms / 2817 TFLOPS  (255 regs, 2.9s)
[102/128] -DINTERLEAVE_STRATEGY=3 -DN_STAGES=5 -DSTAGGER_CYCLES=60 -DTMEM_LOAD_WIDTH=64 ... 1.537 ms / 2850 TFLOPS  (255 regs, 3.1s)
[103/128] -DINTERLEAVE_STRATEGY=3 -DN_STAGES=5 ... 1.548 ms / 2830 TFLOPS  (255 regs, 2.9s)
[104/128] -DINTERLEAVE_STRATEGY=3 -DN_STAGES=5 -DTMEM_LOAD_WIDTH=64 ... 1.554 ms / 2819 TFLOPS  (255 regs, 3.1s)
[105/128] -DINTERLEAVE_STRATEGY=3 -DN_STAGES=5 -DSTAGGER_CYCLES=100 ... 1.540 ms / 2844 TFLOPS  (255 regs, 2.9s)
[106/128] -DINTERLEAVE_STRATEGY=3 -DN_STAGES=5 -DSTAGGER_CYCLES=100 -DTMEM_LOAD_WIDTH=64 ... 1.558 ms / 2811 TFLOPS  (255 regs, 3.1s)
[107/128] -DINTERLEAVE_STRATEGY=3 -DN_STAGES=5 -DSTAGGER_CYCLES=120 ... 1.540 ms / 2845 TFLOPS  (255 regs, 2.9s)
[108/128] -DINTERLEAVE_STRATEGY=3 -DN_STAGES=5 -DSTAGGER_CYCLES=120 -DTMEM_LOAD_WIDTH=64 ... 1.533 ms / 2858 TFLOPS  (255 regs, 3.1s)
[109/128] -DINTERLEAVE_STRATEGY=3 -DN_STAGES=5 -DSTAGGER_CYCLES=160 ... 1.537 ms / 2850 TFLOPS  (255 regs, 2.9s)
[110/128] -DINTERLEAVE_STRATEGY=3 -DN_STAGES=5 -DSTAGGER_CYCLES=160 -DTMEM_LOAD_WIDTH=64 ... 1.549 ms / 2828 TFLOPS  (255 regs, 3.1s)
[111/128] -DINTERLEAVE_STRATEGY=3 -DN_STAGES=5 -DSTAGGER_CYCLES=200 ... 1.539 ms / 2846 TFLOPS  (255 regs, 2.9s)
[112/128] -DINTERLEAVE_STRATEGY=3 -DN_STAGES=5 -DSTAGGER_CYCLES=200 -DTMEM_LOAD_WIDTH=64 ... 1.546 ms / 2833 TFLOPS  (255 regs, 3.1s)
[113/128] -DINTERLEAVE_STRATEGY=3 -DMBAR_EARLY=1 -DN_STAGES=5 -DSTAGGER_CYCLES=0 ... 1.535 ms / 2853 TFLOPS  (254 regs, 2.9s)
[114/128] -DINTERLEAVE_STRATEGY=3 -DMBAR_EARLY=1 -DN_STAGES=5 -DSTAGGER_CYCLES=0 -DTMEM_LOAD_WIDTH=64 ... 1.540 ms / 2844 TFLOPS  (255 regs, 3.1s)
[115/128] -DINTERLEAVE_STRATEGY=3 -DMBAR_EARLY=1 -DN_STAGES=5 -DSTAGGER_CYCLES=40 ... 1.543 ms / 2840 TFLOPS  (255 regs, 3.0s)
[116/128] -DINTERLEAVE_STRATEGY=3 -DMBAR_EARLY=1 -DN_STAGES=5 -DSTAGGER_CYCLES=40 -DTMEM_LOAD_WIDTH=64 ... 1.553 ms / 2820 TFLOPS  (255 regs, 3.1s)
[117/128] -DINTERLEAVE_STRATEGY=3 -DMBAR_EARLY=1 -DN_STAGES=5 -DSTAGGER_CYCLES=60 ... 1.553 ms / 2821 TFLOPS  (255 regs, 2.9s)
[118/128] -DINTERLEAVE_STRATEGY=3 -DMBAR_EARLY=1 -DN_STAGES=5 -DSTAGGER_CYCLES=60 -DTMEM_LOAD_WIDTH=64 ... 1.552 ms / 2822 TFLOPS  (255 regs, 3.1s)
[119/128] -DINTERLEAVE_STRATEGY=3 -DMBAR_EARLY=1 -DN_STAGES=5 ... 1.542 ms / 2840 TFLOPS  (255 regs, 2.9s)
[120/128] -DINTERLEAVE_STRATEGY=3 -DMBAR_EARLY=1 -DN_STAGES=5 -DTMEM_LOAD_WIDTH=64 ... 1.556 ms / 2816 TFLOPS  (255 regs, 3.1s)
[121/128] -DINTERLEAVE_STRATEGY=3 -DMBAR_EARLY=1 -DN_STAGES=5 -DSTAGGER_CYCLES=100 ... 1.538 ms / 2847 TFLOPS  (255 regs, 3.0s)
[122/128] -DINTERLEAVE_STRATEGY=3 -DMBAR_EARLY=1 -DN_STAGES=5 -DSTAGGER_CYCLES=100 -DTMEM_LOAD_WIDTH=64 ... 1.559 ms / 2809 TFLOPS  (255 regs, 3.1s)
[123/128] -DINTERLEAVE_STRATEGY=3 -DMBAR_EARLY=1 -DN_STAGES=5 -DSTAGGER_CYCLES=120 ... 1.535 ms / 2853 TFLOPS  (255 regs, 2.9s)
[124/128] -DINTERLEAVE_STRATEGY=3 -DMBAR_EARLY=1 -DN_STAGES=5 -DSTAGGER_CYCLES=120 -DTMEM_LOAD_WIDTH=64 ... 1.560 ms / 2808 TFLOPS  (255 regs, 3.1s)
[125/128] -DINTERLEAVE_STRATEGY=3 -DMBAR_EARLY=1 -DN_STAGES=5 -DSTAGGER_CYCLES=160 ... 1.535 ms / 2853 TFLOPS  (255 regs, 2.9s)
[126/128] -DINTERLEAVE_STRATEGY=3 -DMBAR_EARLY=1 -DN_STAGES=5 -DSTAGGER_CYCLES=160 -DTMEM_LOAD_WIDTH=64 ... 1.582 ms / 2769 TFLOPS  (255 regs, 3.1s)
[127/128] -DINTERLEAVE_STRATEGY=3 -DMBAR_EARLY=1 -DN_STAGES=5 -DSTAGGER_CYCLES=200 ... 1.534 ms / 2856 TFLOPS  (255 regs, 2.9s)
[128/128] -DINTERLEAVE_STRATEGY=3 -DMBAR_EARLY=1 -DN_STAGES=5 -DSTAGGER_CYCLES=200 -DTMEM_LOAD_WIDTH=64 ... 1.589 ms / 2756 TFLOPS  (255 regs, 3.1s)

Tier 2 winner: -DMBAR_EARLY=1 -DN_STAGES=5 -DSTAGGER_CYCLES=200 → 1.511 ms / 2898 TFLOPS

=== Tier 3: PHASE1_UNROLL, SNAKE_ORDER, CVT_ADD_FUSED, K_LOOP_UNROLL, W0_LOOP_UNROLL, SUB_MMA_UNROLL ===
Sweep: 540 total, 540 valid, 0 pruned
Estimated time: ~45 min (540 configs × ~5s each)

[1/540] -DCVT_ADD_FUSED=0 -DK_LOOP_UNROLL=1 -DMBAR_EARLY=1 -DN_STAGES=5 -DPHASE1_UNROLL=1 -DSNAKE_ORDER=0 -DSTAGGER_CYCLES=200 ... 2.420 ms / 1810 TFLOPS  (168 regs, 2.8s)
[2/540] -DCVT_ADD_FUSED=0 -DK_LOOP_UNROLL=1 -DMBAR_EARLY=1 -DN_STAGES=5 -DPHASE1_UNROLL=1 -DSNAKE_ORDER=0 -DSTAGGER_CYCLES=200 -DW0_LOOP_UNROLL=1 ... 2.446 ms / 1790 TFLOPS  (145 regs, 2.8s)
[3/540] -DCVT_ADD_FUSED=0 -DK_LOOP_UNROLL=1 -DMBAR_EARLY=1 -DN_STAGES=5 -DPHASE1_UNROLL=1 -DSNAKE_ORDER=0 -DSTAGGER_CYCLES=200 -DW0_LOOP_UNROLL=4 ... 2.432 ms / 1801 TFLOPS  (145 regs, 2.8s)
[4/540] -DCVT_ADD_FUSED=0 -DK_LOOP_UNROLL=1 -DMBAR_EARLY=1 -DN_STAGES=5 -DPHASE1_UNROLL=1 -DSNAKE_ORDER=0 -DSTAGGER_CYCLES=200 -DSUB_MMA_UNROLL=1 ... 2.566 ms / 1707 TFLOPS  (160 regs, 2.9s)
[5/540] -DCVT_ADD_FUSED=0 -DK_LOOP_UNROLL=1 -DMBAR_EARLY=1 -DN_STAGES=5 -DPHASE1_UNROLL=1 -DSNAKE_ORDER=0 -DSTAGGER_CYCLES=200 -DSUB_MMA_UNROLL=1 -DW0_LOOP_UNROLL=1 ... 2.580 ms / 1698 TFLOPS  (137 regs, 2.9s)
[6/540] -DCVT_ADD_FUSED=0 -DK_LOOP_UNROLL=1 -DMBAR_EARLY=1 -DN_STAGES=5 -DPHASE1_UNROLL=1 -DSNAKE_ORDER=0 -DSTAGGER_CYCLES=200 -DSUB_MMA_UNROLL=1 -DW0_LOOP_UNROLL=4 ... 2.572 ms / 1703 TFLOPS  (137 regs, 2.8s)
[7/540] -DCVT_ADD_FUSED=0 -DK_LOOP_UNROLL=1 -DMBAR_EARLY=1 -DN_STAGES=5 -DPHASE1_UNROLL=1 -DSNAKE_ORDER=0 -DSTAGGER_CYCLES=200 -DSUB_MMA_UNROLL=3 ... 2.430 ms / 1803 TFLOPS  (168 regs, 2.8s)
[8/540] -DCVT_ADD_FUSED=0 -DK_LOOP_UNROLL=1 -DMBAR_EARLY=1 -DN_STAGES=5 -DPHASE1_UNROLL=1 -DSNAKE_ORDER=0 -DSTAGGER_CYCLES=200 -DSUB_MMA_UNROLL=3 -DW0_LOOP_UNROLL=1 ... 2.457 ms / 1783 TFLOPS  (145 regs, 2.8s)
[9/540] -DCVT_ADD_FUSED=0 -DK_LOOP_UNROLL=1 -DMBAR_EARLY=1 -DN_STAGES=5 -DPHASE1_UNROLL=1 -DSNAKE_ORDER=0 -DSTAGGER_CYCLES=200 -DSUB_MMA_UNROLL=3 -DW0_LOOP_UNROLL=4 ... 2.441 ms / 1794 TFLOPS  (145 regs, 2.8s)
[10/540] -DCVT_ADD_FUSED=0 -DK_LOOP_UNROLL=1 -DMBAR_EARLY=1 -DN_STAGES=5 -DPHASE1_UNROLL=1 -DSTAGGER_CYCLES=200 ... 2.422 ms / 1808 TFLOPS  (168 regs, 2.9s)
[11/540] -DCVT_ADD_FUSED=0 -DK_LOOP_UNROLL=1 -DMBAR_EARLY=1 -DN_STAGES=5 -DPHASE1_UNROLL=1 -DSTAGGER_CYCLES=200 -DW0_LOOP_UNROLL=1 ... 2.469 ms / 1774 TFLOPS  (145 regs, 2.8s)
[12/540] -DCVT_ADD_FUSED=0 -DK_LOOP_UNROLL=1 -DMBAR_EARLY=1 -DN_STAGES=5 -DPHASE1_UNROLL=1 -DSTAGGER_CYCLES=200 -DW0_LOOP_UNROLL=4 ... 2.450 ms / 1788 TFLOPS  (145 regs, 2.8s)
[13/540] -DCVT_ADD_FUSED=0 -DK_LOOP_UNROLL=1 -DMBAR_EARLY=1 -DN_STAGES=5 -DPHASE1_UNROLL=1 -DSTAGGER_CYCLES=200 -DSUB_MMA_UNROLL=1 ... 2.579 ms / 1698 TFLOPS  (160 regs, 2.8s)
[14/540] -DCVT_ADD_FUSED=0 -DK_LOOP_UNROLL=1 -DMBAR_EARLY=1 -DN_STAGES=5 -DPHASE1_UNROLL=1 -DSTAGGER_CYCLES=200 -DSUB_MMA_UNROLL=1 -DW0_LOOP_UNROLL=1 ... 2.579 ms / 1698 TFLOPS  (137 regs, 2.8s)
[15/540] -DCVT_ADD_FUSED=0 -DK_LOOP_UNROLL=1 -DMBAR_EARLY=1 -DN_STAGES=5 -DPHASE1_UNROLL=1 -DSTAGGER_CYCLES=200 -DSUB_MMA_UNROLL=1 -DW0_LOOP_UNROLL=4 ... 2.575 ms / 1701 TFLOPS  (137 regs, 2.8s)
[16/540] -DCVT_ADD_FUSED=0 -DK_LOOP_UNROLL=1 -DMBAR_EARLY=1 -DN_STAGES=5 -DPHASE1_UNROLL=1 -DSTAGGER_CYCLES=200 -DSUB_MMA_UNROLL=3 ... 2.418 ms / 1811 TFLOPS  (168 regs, 2.9s)
[17/540] -DCVT_ADD_FUSED=0 -DK_LOOP_UNROLL=1 -DMBAR_EARLY=1 -DN_STAGES=5 -DPHASE1_UNROLL=1 -DSTAGGER_CYCLES=200 -DSUB_MMA_UNROLL=3 -DW0_LOOP_UNROLL=1 ... 2.430 ms / 1802 TFLOPS  (145 regs, 2.8s)
[18/540] -DCVT_ADD_FUSED=0 -DK_LOOP_UNROLL=1 -DMBAR_EARLY=1 -DN_STAGES=5 -DPHASE1_UNROLL=1 -DSTAGGER_CYCLES=200 -DSUB_MMA_UNROLL=3 -DW0_LOOP_UNROLL=4 ... 2.436 ms / 1798 TFLOPS  (145 regs, 2.8s)
[19/540] -DCVT_ADD_FUSED=0 -DK_LOOP_UNROLL=1 -DMBAR_EARLY=1 -DN_STAGES=5 -DSNAKE_ORDER=0 -DSTAGGER_CYCLES=200 ... 2.396 ms / 1828 TFLOPS  (217 regs, 2.9s)
[20/540] -DCVT_ADD_FUSED=0 -DK_LOOP_UNROLL=1 -DMBAR_EARLY=1 -DN_STAGES=5 -DSNAKE_ORDER=0 -DSTAGGER_CYCLES=200 -DW0_LOOP_UNROLL=1 ... 2.436 ms / 1798 TFLOPS  (193 regs, 2.8s)
[21/540] -DCVT_ADD_FUSED=0 -DK_LOOP_UNROLL=1 -DMBAR_EARLY=1 -DN_STAGES=5 -DSNAKE_ORDER=0 -DSTAGGER_CYCLES=200 -DW0_LOOP_UNROLL=4 ... 2.425 ms / 1806 TFLOPS  (193 regs, 2.9s)
[22/540] -DCVT_ADD_FUSED=0 -DK_LOOP_UNROLL=1 -DMBAR_EARLY=1 -DN_STAGES=5 -DSNAKE_ORDER=0 -DSTAGGER_CYCLES=200 -DSUB_MMA_UNROLL=1 ... 2.564 ms / 1708 TFLOPS  (209 regs, 2.9s)
[23/540] -DCVT_ADD_FUSED=0 -DK_LOOP_UNROLL=1 -DMBAR_EARLY=1 -DN_STAGES=5 -DSNAKE_ORDER=0 -DSTAGGER_CYCLES=200 -DSUB_MMA_UNROLL=1 -DW0_LOOP_UNROLL=1 ... 2.575 ms / 1701 TFLOPS  (185 regs, 2.8s)
[24/540] -DCVT_ADD_FUSED=0 -DK_LOOP_UNROLL=1 -DMBAR_EARLY=1 -DN_STAGES=5 -DSNAKE_ORDER=0 -DSTAGGER_CYCLES=200 -DSUB_MMA_UNROLL=1 -DW0_LOOP_UNROLL=4 ... 2.567 ms / 1706 TFLOPS  (185 regs, 3.0s)
[25/540] -DCVT_ADD_FUSED=0 -DK_LOOP_UNROLL=1 -DMBAR_EARLY=1 -DN_STAGES=5 -DSNAKE_ORDER=0 -DSTAGGER_CYCLES=200 -DSUB_MMA_UNROLL=3 ... 2.423 ms / 1807 TFLOPS  (217 regs, 2.9s)
[26/540] -DCVT_ADD_FUSED=0 -DK_LOOP_UNROLL=1 -DMBAR_EARLY=1 -DN_STAGES=5 -DSNAKE_ORDER=0 -DSTAGGER_CYCLES=200 -DSUB_MMA_UNROLL=3 -DW0_LOOP_UNROLL=1 ... 2.438 ms / 1796 TFLOPS  (193 regs, 2.9s)
[27/540] -DCVT_ADD_FUSED=0 -DK_LOOP_UNROLL=1 -DMBAR_EARLY=1 -DN_STAGES=5 -DSNAKE_ORDER=0 -DSTAGGER_CYCLES=200 -DSUB_MMA_UNROLL=3 -DW0_LOOP_UNROLL=4 ... 2.420 ms / 1810 TFLOPS  (193 regs, 2.9s)
[28/540] -DCVT_ADD_FUSED=0 -DK_LOOP_UNROLL=1 -DMBAR_EARLY=1 -DN_STAGES=5 -DSTAGGER_CYCLES=200 ... 2.409 ms / 1818 TFLOPS  (217 regs, 2.9s)
[29/540] -DCVT_ADD_FUSED=0 -DK_LOOP_UNROLL=1 -DMBAR_EARLY=1 -DN_STAGES=5 -DSTAGGER_CYCLES=200 -DW0_LOOP_UNROLL=1 ... 2.440 ms / 1795 TFLOPS  (193 regs, 2.9s)
[30/540] -DCVT_ADD_FUSED=0 -DK_LOOP_UNROLL=1 -DMBAR_EARLY=1 -DN_STAGES=5 -DSTAGGER_CYCLES=200 -DW0_LOOP_UNROLL=4 ... 2.433 ms / 1800 TFLOPS  (193 regs, 2.9s)
[31/540] -DCVT_ADD_FUSED=0 -DK_LOOP_UNROLL=1 -DMBAR_EARLY=1 -DN_STAGES=5 -DSTAGGER_CYCLES=200 -DSUB_MMA_UNROLL=1 ... 2.577 ms / 1700 TFLOPS  (209 regs, 2.9s)
[32/540] -DCVT_ADD_FUSED=0 -DK_LOOP_UNROLL=1 -DMBAR_EARLY=1 -DN_STAGES=5 -DSTAGGER_CYCLES=200 -DSUB_MMA_UNROLL=1 -DW0_LOOP_UNROLL=1 ... 2.542 ms / 1723 TFLOPS  (185 regs, 2.9s)
[33/540] -DCVT_ADD_FUSED=0 -DK_LOOP_UNROLL=1 -DMBAR_EARLY=1 -DN_STAGES=5 -DSTAGGER_CYCLES=200 -DSUB_MMA_UNROLL=1 -DW0_LOOP_UNROLL=4 ... 2.568 ms / 1706 TFLOPS  (185 regs, 2.9s)
[34/540] -DCVT_ADD_FUSED=0 -DK_LOOP_UNROLL=1 -DMBAR_EARLY=1 -DN_STAGES=5 -DSTAGGER_CYCLES=200 -DSUB_MMA_UNROLL=3 ... 2.415 ms / 1813 TFLOPS  (217 regs, 2.9s)
[35/540] -DCVT_ADD_FUSED=0 -DK_LOOP_UNROLL=1 -DMBAR_EARLY=1 -DN_STAGES=5 -DSTAGGER_CYCLES=200 -DSUB_MMA_UNROLL=3 -DW0_LOOP_UNROLL=1 ... 2.443 ms / 1793 TFLOPS  (193 regs, 2.9s)
[36/540] -DCVT_ADD_FUSED=0 -DK_LOOP_UNROLL=1 -DMBAR_EARLY=1 -DN_STAGES=5 -DSTAGGER_CYCLES=200 -DSUB_MMA_UNROLL=3 -DW0_LOOP_UNROLL=4 ... 2.421 ms / 1809 TFLOPS  (193 regs, 2.9s)
[37/540] -DCVT_ADD_FUSED=0 -DK_LOOP_UNROLL=1 -DMBAR_EARLY=1 -DN_STAGES=5 -DPHASE1_UNROLL=4 -DSNAKE_ORDER=0 -DSTAGGER_CYCLES=200 ... 2.506 ms / 1748 TFLOPS  (246 regs, 3.0s)
[38/540] -DCVT_ADD_FUSED=0 -DK_LOOP_UNROLL=1 -DMBAR_EARLY=1 -DN_STAGES=5 -DPHASE1_UNROLL=4 -DSNAKE_ORDER=0 -DSTAGGER_CYCLES=200 -DW0_LOOP_UNROLL=1 ... 2.435 ms / 1799 TFLOPS  (229 regs, 3.0s)
[39/540] -DCVT_ADD_FUSED=0 -DK_LOOP_UNROLL=1 -DMBAR_EARLY=1 -DN_STAGES=5 -DPHASE1_UNROLL=4 -DSNAKE_ORDER=0 -DSTAGGER_CYCLES=200 -DW0_LOOP_UNROLL=4 ... 2.420 ms / 1810 TFLOPS  (229 regs, 3.0s)
[40/540] -DCVT_ADD_FUSED=0 -DK_LOOP_UNROLL=1 -DMBAR_EARLY=1 -DN_STAGES=5 -DPHASE1_UNROLL=4 -DSNAKE_ORDER=0 -DSTAGGER_CYCLES=200 -DSUB_MMA_UNROLL=1 ... 2.555 ms / 1714 TFLOPS  (245 regs, 3.1s)
[41/540] -DCVT_ADD_FUSED=0 -DK_LOOP_UNROLL=1 -DMBAR_EARLY=1 -DN_STAGES=5 -DPHASE1_UNROLL=4 -DSNAKE_ORDER=0 -DSTAGGER_CYCLES=200 -DSUB_MMA_UNROLL=1 -DW0_LOOP_UNROLL=1 ... 2.563 ms / 1709 TFLOPS  (221 regs, 3.0s)
[42/540] -DCVT_ADD_FUSED=0 -DK_LOOP_UNROLL=1 -DMBAR_EARLY=1 -DN_STAGES=5 -DPHASE1_UNROLL=4 -DSNAKE_ORDER=0 -DSTAGGER_CYCLES=200 -DSUB_MMA_UNROLL=1 -DW0_LOOP_UNROLL=4 ... 2.549 ms / 1718 TFLOPS  (221 regs, 3.0s)
[43/540] -DCVT_ADD_FUSED=0 -DK_LOOP_UNROLL=1 -DMBAR_EARLY=1 -DN_STAGES=5 -DPHASE1_UNROLL=4 -DSNAKE_ORDER=0 -DSTAGGER_CYCLES=200 -DSUB_MMA_UNROLL=3 ... 2.514 ms / 1742 TFLOPS  (246 regs, 3.1s)
[44/540] -DCVT_ADD_FUSED=0 -DK_LOOP_UNROLL=1 -DMBAR_EARLY=1 -DN_STAGES=5 -DPHASE1_UNROLL=4 -DSNAKE_ORDER=0 -DSTAGGER_CYCLES=200 -DSUB_MMA_UNROLL=3 -DW0_LOOP_UNROLL=1 ... 2.437 ms / 1797 TFLOPS  (229 regs, 3.0s)
[45/540] -DCVT_ADD_FUSED=0 -DK_LOOP_UNROLL=1 -DMBAR_EARLY=1 -DN_STAGES=5 -DPHASE1_UNROLL=4 -DSNAKE_ORDER=0 -DSTAGGER_CYCLES=200 -DSUB_MMA_UNROLL=3 -DW0_LOOP_UNROLL=4 ... 2.414 ms / 1814 TFLOPS  (229 regs, 3.0s)
[46/540] -DCVT_ADD_FUSED=0 -DK_LOOP_UNROLL=1 -DMBAR_EARLY=1 -DN_STAGES=5 -DPHASE1_UNROLL=4 -DSTAGGER_CYCLES=200 ... 2.500 ms / 1752 TFLOPS  (246 regs, 3.1s)
[47/540] -DCVT_ADD_FUSED=0 -DK_LOOP_UNROLL=1 -DMBAR_EARLY=1 -DN_STAGES=5 -DPHASE1_UNROLL=4 -DSTAGGER_CYCLES=200 -DW0_LOOP_UNROLL=1 ... 2.438 ms / 1797 TFLOPS  (229 regs, 3.0s)
[48/540] -DCVT_ADD_FUSED=0 -DK_LOOP_UNROLL=1 -DMBAR_EARLY=1 -DN_STAGES=5 -DPHASE1_UNROLL=4 -DSTAGGER_CYCLES=200 -DW0_LOOP_UNROLL=4 ... 2.426 ms / 1805 TFLOPS  (229 regs, 3.0s)
[49/540] -DCVT_ADD_FUSED=0 -DK_LOOP_UNROLL=1 -DMBAR_EARLY=1 -DN_STAGES=5 -DPHASE1_UNROLL=4 -DSTAGGER_CYCLES=200 -DSUB_MMA_UNROLL=1 ... 2.556 ms / 1714 TFLOPS  (245 regs, 3.1s)
[50/540] -DCVT_ADD_FUSED=0 -DK_LOOP_UNROLL=1 -DMBAR_EARLY=1 -DN_STAGES=5 -DPHASE1_UNROLL=4 -DSTAGGER_CYCLES=200 -DSUB_MMA_UNROLL=1 -DW0_LOOP_UNROLL=1 ... 2.556 ms / 1714 TFLOPS  (221 regs, 3.0s)
[51/540] -DCVT_ADD_FUSED=0 -DK_LOOP_UNROLL=1 -DMBAR_EARLY=1 -DN_STAGES=5 -DPHASE1_UNROLL=4 -DSTAGGER_CYCLES=200 -DSUB_MMA_UNROLL=1 -DW0_LOOP_UNROLL=4 ... 2.558 ms / 1712 TFLOPS  (221 regs, 3.0s)
[52/540] -DCVT_ADD_FUSED=0 -DK_LOOP_UNROLL=1 -DMBAR_EARLY=1 -DN_STAGES=5 -DPHASE1_UNROLL=4 -DSTAGGER_CYCLES=200 -DSUB_MMA_UNROLL=3 ... 2.495 ms / 1755 TFLOPS  (246 regs, 3.1s)
[53/540] -DCVT_ADD_FUSED=0 -DK_LOOP_UNROLL=1 -DMBAR_EARLY=1 -DN_STAGES=5 -DPHASE1_UNROLL=4 -DSTAGGER_CYCLES=200 -DSUB_MMA_UNROLL=3 -DW0_LOOP_UNROLL=1 ... 2.420 ms / 1810 TFLOPS  (229 regs, 3.0s)
[54/540] -DCVT_ADD_FUSED=0 -DK_LOOP_UNROLL=1 -DMBAR_EARLY=1 -DN_STAGES=5 -DPHASE1_UNROLL=4 -DSTAGGER_CYCLES=200 -DSUB_MMA_UNROLL=3 -DW0_LOOP_UNROLL=4 ... 2.412 ms / 1816 TFLOPS  (229 regs, 3.0s)
[55/540] -DCVT_ADD_FUSED=0 -DK_LOOP_UNROLL=2 -DMBAR_EARLY=1 -DN_STAGES=5 -DPHASE1_UNROLL=1 -DSNAKE_ORDER=0 -DSTAGGER_CYCLES=200 ... 2.417 ms / 1812 TFLOPS  (168 regs, 2.8s)
[56/540] -DCVT_ADD_FUSED=0 -DK_LOOP_UNROLL=2 -DMBAR_EARLY=1 -DN_STAGES=5 -DPHASE1_UNROLL=1 -DSNAKE_ORDER=0 -DSTAGGER_CYCLES=200 -DW0_LOOP_UNROLL=1 ... 2.455 ms / 1784 TFLOPS  (145 regs, 2.8s)
[57/540] -DCVT_ADD_FUSED=0 -DK_LOOP_UNROLL=2 -DMBAR_EARLY=1 -DN_STAGES=5 -DPHASE1_UNROLL=1 -DSNAKE_ORDER=0 -DSTAGGER_CYCLES=200 -DW0_LOOP_UNROLL=4 ... 2.435 ms / 1799 TFLOPS  (145 regs, 2.8s)
[58/540] -DCVT_ADD_FUSED=0 -DK_LOOP_UNROLL=2 -DMBAR_EARLY=1 -DN_STAGES=5 -DPHASE1_UNROLL=1 -DSNAKE_ORDER=0 -DSTAGGER_CYCLES=200 -DSUB_MMA_UNROLL=1 ... 2.567 ms / 1706 TFLOPS  (160 regs, 2.8s)
[59/540] -DCVT_ADD_FUSED=0 -DK_LOOP_UNROLL=2 -DMBAR_EARLY=1 -DN_STAGES=5 -DPHASE1_UNROLL=1 -DSNAKE_ORDER=0 -DSTAGGER_CYCLES=200 -DSUB_MMA_UNROLL=1 -DW0_LOOP_UNROLL=1 ... 2.575 ms / 1701 TFLOPS  (137 regs, 2.9s)
[60/540] -DCVT_ADD_FUSED=0 -DK_LOOP_UNROLL=2 -DMBAR_EARLY=1 -DN_STAGES=5 -DPHASE1_UNROLL=1 -DSNAKE_ORDER=0 -DSTAGGER_CYCLES=200 -DSUB_MMA_UNROLL=1 -DW0_LOOP_UNROLL=4 ... 2.557 ms / 1713 TFLOPS  (137 regs, 2.9s)
[61/540] -DCVT_ADD_FUSED=0 -DK_LOOP_UNROLL=2 -DMBAR_EARLY=1 -DN_STAGES=5 -DPHASE1_UNROLL=1 -DSNAKE_ORDER=0 -DSTAGGER_CYCLES=200 -DSUB_MMA_UNROLL=3 ... 2.423 ms / 1808 TFLOPS  (168 regs, 2.8s)
[62/540] -DCVT_ADD_FUSED=0 -DK_LOOP_UNROLL=2 -DMBAR_EARLY=1 -DN_STAGES=5 -DPHASE1_UNROLL=1 -DSNAKE_ORDER=0 -DSTAGGER_CYCLES=200 -DSUB_MMA_UNROLL=3 -DW0_LOOP_UNROLL=1 ... 2.450 ms / 1788 TFLOPS  (145 regs, 2.8s)
[63/540] -DCVT_ADD_FUSED=0 -DK_LOOP_UNROLL=2 -DMBAR_EARLY=1 -DN_STAGES=5 -DPHASE1_UNROLL=1 -DSNAKE_ORDER=0 -DSTAGGER_CYCLES=200 -DSUB_MMA_UNROLL=3 -DW0_LOOP_UNROLL=4 ... 2.425 ms / 1806 TFLOPS  (145 regs, 2.8s)
[64/540] -DCVT_ADD_FUSED=0 -DK_LOOP_UNROLL=2 -DMBAR_EARLY=1 -DN_STAGES=5 -DPHASE1_UNROLL=1 -DSTAGGER_CYCLES=200 ... 2.410 ms / 1818 TFLOPS  (168 regs, 2.8s)
[65/540] -DCVT_ADD_FUSED=0 -DK_LOOP_UNROLL=2 -DMBAR_EARLY=1 -DN_STAGES=5 -DPHASE1_UNROLL=1 -DSTAGGER_CYCLES=200 -DW0_LOOP_UNROLL=1 ... 2.431 ms / 1802 TFLOPS  (145 regs, 2.9s)
[66/540] -DCVT_ADD_FUSED=0 -DK_LOOP_UNROLL=2 -DMBAR_EARLY=1 -DN_STAGES=5 -DPHASE1_UNROLL=1 -DSTAGGER_CYCLES=200 -DW0_LOOP_UNROLL=4 ... 2.433 ms / 1800 TFLOPS  (145 regs, 2.8s)
[67/540] -DCVT_ADD_FUSED=0 -DK_LOOP_UNROLL=2 -DMBAR_EARLY=1 -DN_STAGES=5 -DPHASE1_UNROLL=1 -DSTAGGER_CYCLES=200 -DSUB_MMA_UNROLL=1 ... 2.539 ms / 1725 TFLOPS  (160 regs, 2.8s)
[68/540] -DCVT_ADD_FUSED=0 -DK_LOOP_UNROLL=2 -DMBAR_EARLY=1 -DN_STAGES=5 -DPHASE1_UNROLL=1 -DSTAGGER_CYCLES=200 -DSUB_MMA_UNROLL=1 -DW0_LOOP_UNROLL=1 ... 2.576 ms / 1700 TFLOPS  (137 regs, 2.8s)
[69/540] -DCVT_ADD_FUSED=0 -DK_LOOP_UNROLL=2 -DMBAR_EARLY=1 -DN_STAGES=5 -DPHASE1_UNROLL=1 -DSTAGGER_CYCLES=200 -DSUB_MMA_UNROLL=1 -DW0_LOOP_UNROLL=4 ... 2.528 ms / 1732 TFLOPS  (137 regs, 2.8s)
[70/540] -DCVT_ADD_FUSED=0 -DK_LOOP_UNROLL=2 -DMBAR_EARLY=1 -DN_STAGES=5 -DPHASE1_UNROLL=1 -DSTAGGER_CYCLES=200 -DSUB_MMA_UNROLL=3 ... 2.396 ms / 1828 TFLOPS  (168 regs, 2.9s)
[71/540] -DCVT_ADD_FUSED=0 -DK_LOOP_UNROLL=2 -DMBAR_EARLY=1 -DN_STAGES=5 -DPHASE1_UNROLL=1 -DSTAGGER_CYCLES=200 -DSUB_MMA_UNROLL=3 -DW0_LOOP_UNROLL=1 ... 2.426 ms / 1805 TFLOPS  (145 regs, 2.8s)
[72/540] -DCVT_ADD_FUSED=0 -DK_LOOP_UNROLL=2 -DMBAR_EARLY=1 -DN_STAGES=5 -DPHASE1_UNROLL=1 -DSTAGGER_CYCLES=200 -DSUB_MMA_UNROLL=3 -DW0_LOOP_UNROLL=4 ... 2.421 ms / 1809 TFLOPS  (145 regs, 2.8s)
[73/540] -DCVT_ADD_FUSED=0 -DK_LOOP_UNROLL=2 -DMBAR_EARLY=1 -DN_STAGES=5 -DSNAKE_ORDER=0 -DSTAGGER_CYCLES=200 ... 2.402 ms / 1824 TFLOPS  (217 regs, 2.9s)
[74/540] -DCVT_ADD_FUSED=0 -DK_LOOP_UNROLL=2 -DMBAR_EARLY=1 -DN_STAGES=5 -DSNAKE_ORDER=0 -DSTAGGER_CYCLES=200 -DW0_LOOP_UNROLL=1 ... 2.428 ms / 1804 TFLOPS  (193 regs, 2.9s)
[75/540] -DCVT_ADD_FUSED=0 -DK_LOOP_UNROLL=2 -DMBAR_EARLY=1 -DN_STAGES=5 -DSNAKE_ORDER=0 -DSTAGGER_CYCLES=200 -DW0_LOOP_UNROLL=4 ... 2.407 ms / 1820 TFLOPS  (193 regs, 2.9s)
[76/540] -DCVT_ADD_FUSED=0 -DK_LOOP_UNROLL=2 -DMBAR_EARLY=1 -DN_STAGES=5 -DSNAKE_ORDER=0 -DSTAGGER_CYCLES=200 -DSUB_MMA_UNROLL=1 ... 2.535 ms / 1728 TFLOPS  (209 regs, 2.9s)
[77/540] -DCVT_ADD_FUSED=0 -DK_LOOP_UNROLL=2 -DMBAR_EARLY=1 -DN_STAGES=5 -DSNAKE_ORDER=0 -DSTAGGER_CYCLES=200 -DSUB_MMA_UNROLL=1 -DW0_LOOP_UNROLL=1 ... 2.516 ms / 1741 TFLOPS  (185 regs, 2.9s)
[78/540] -DCVT_ADD_FUSED=0 -DK_LOOP_UNROLL=2 -DMBAR_EARLY=1 -DN_STAGES=5 -DSNAKE_ORDER=0 -DSTAGGER_CYCLES=200 -DSUB_MMA_UNROLL=1 -DW0_LOOP_UNROLL=4 ... 2.538 ms / 1726 TFLOPS  (185 regs, 2.9s)
[79/540] -DCVT_ADD_FUSED=0 -DK_LOOP_UNROLL=2 -DMBAR_EARLY=1 -DN_STAGES=5 -DSNAKE_ORDER=0 -DSTAGGER_CYCLES=200 -DSUB_MMA_UNROLL=3 ... 2.400 ms / 1825 TFLOPS  (217 regs, 2.9s)
[80/540] -DCVT_ADD_FUSED=0 -DK_LOOP_UNROLL=2 -DMBAR_EARLY=1 -DN_STAGES=5 -DSNAKE_ORDER=0 -DSTAGGER_CYCLES=200 -DSUB_MMA_UNROLL=3 -DW0_LOOP_UNROLL=1 ... 2.435 ms / 1799 TFLOPS  (193 regs, 2.9s)
[81/540] -DCVT_ADD_FUSED=0 -DK_LOOP_UNROLL=2 -DMBAR_EARLY=1 -DN_STAGES=5 -DSNAKE_ORDER=0 -DSTAGGER_CYCLES=200 -DSUB_MMA_UNROLL=3 -DW0_LOOP_UNROLL=4 ... 2.393 ms / 1830 TFLOPS  (193 regs, 2.9s)
[82/540] -DCVT_ADD_FUSED=0 -DK_LOOP_UNROLL=2 -DMBAR_EARLY=1 -DN_STAGES=5 -DSTAGGER_CYCLES=200 ... 2.403 ms / 1823 TFLOPS  (217 regs, 2.9s)
[83/540] -DCVT_ADD_FUSED=0 -DK_LOOP_UNROLL=2 -DMBAR_EARLY=1 -DN_STAGES=5 -DSTAGGER_CYCLES=200 -DW0_LOOP_UNROLL=1 ... 2.444 ms / 1792 TFLOPS  (193 regs, 3.0s)
[84/540] -DCVT_ADD_FUSED=0 -DK_LOOP_UNROLL=2 -DMBAR_EARLY=1 -DN_STAGES=5 -DSTAGGER_CYCLES=200 -DW0_LOOP_UNROLL=4 ... 2.405 ms / 1822 TFLOPS  (193 regs, 3.0s)
[85/540] -DCVT_ADD_FUSED=0 -DK_LOOP_UNROLL=2 -DMBAR_EARLY=1 -DN_STAGES=5 -DSTAGGER_CYCLES=200 -DSUB_MMA_UNROLL=1 ... 2.550 ms / 1718 TFLOPS  (209 regs, 3.1s)
[86/540] -DCVT_ADD_FUSED=0 -DK_LOOP_UNROLL=2 -DMBAR_EARLY=1 -DN_STAGES=5 -DSTAGGER_CYCLES=200 -DSUB_MMA_UNROLL=1 -DW0_LOOP_UNROLL=1 ... 2.545 ms / 1721 TFLOPS  (185 regs, 3.0s)
[87/540] -DCVT_ADD_FUSED=0 -DK_LOOP_UNROLL=2 -DMBAR_EARLY=1 -DN_STAGES=5 -DSTAGGER_CYCLES=200 -DSUB_MMA_UNROLL=1 -DW0_LOOP_UNROLL=4 ... 2.529 ms / 1732 TFLOPS  (185 regs, 2.9s)
[88/540] -DCVT_ADD_FUSED=0 -DK_LOOP_UNROLL=2 -DMBAR_EARLY=1 -DN_STAGES=5 -DSTAGGER_CYCLES=200 -DSUB_MMA_UNROLL=3 ... 2.410 ms / 1818 TFLOPS  (217 regs, 3.0s)
[89/540] -DCVT_ADD_FUSED=0 -DK_LOOP_UNROLL=2 -DMBAR_EARLY=1 -DN_STAGES=5 -DSTAGGER_CYCLES=200 -DSUB_MMA_UNROLL=3 -DW0_LOOP_UNROLL=1 ... 2.452 ms / 1786 TFLOPS  (193 regs, 2.9s)
[90/540] -DCVT_ADD_FUSED=0 -DK_LOOP_UNROLL=2 -DMBAR_EARLY=1 -DN_STAGES=5 -DSTAGGER_CYCLES=200 -DSUB_MMA_UNROLL=3 -DW0_LOOP_UNROLL=4 ... 2.416 ms / 1813 TFLOPS  (193 regs, 3.0s)
[91/540] -DCVT_ADD_FUSED=0 -DK_LOOP_UNROLL=2 -DMBAR_EARLY=1 -DN_STAGES=5 -DPHASE1_UNROLL=4 -DSNAKE_ORDER=0 -DSTAGGER_CYCLES=200 ... 2.499 ms / 1753 TFLOPS  (246 regs, 3.2s)
[92/540] -DCVT_ADD_FUSED=0 -DK_LOOP_UNROLL=2 -DMBAR_EARLY=1 -DN_STAGES=5 -DPHASE1_UNROLL=4 -DSNAKE_ORDER=0 -DSTAGGER_CYCLES=200 -DW0_LOOP_UNROLL=1 ... 2.430 ms / 1803 TFLOPS  (229 regs, 3.1s)
[93/540] -DCVT_ADD_FUSED=0 -DK_LOOP_UNROLL=2 -DMBAR_EARLY=1 -DN_STAGES=5 -DPHASE1_UNROLL=4 -DSNAKE_ORDER=0 -DSTAGGER_CYCLES=200 -DW0_LOOP_UNROLL=4 ... 2.422 ms / 1809 TFLOPS  (229 regs, 3.0s)
[94/540] -DCVT_ADD_FUSED=0 -DK_LOOP_UNROLL=2 -DMBAR_EARLY=1 -DN_STAGES=5 -DPHASE1_UNROLL=4 -DSNAKE_ORDER=0 -DSTAGGER_CYCLES=200 -DSUB_MMA_UNROLL=1 ... 2.527 ms / 1733 TFLOPS  (245 regs, 3.1s)
[95/540] -DCVT_ADD_FUSED=0 -DK_LOOP_UNROLL=2 -DMBAR_EARLY=1 -DN_STAGES=5 -DPHASE1_UNROLL=4 -DSNAKE_ORDER=0 -DSTAGGER_CYCLES=200 -DSUB_MMA_UNROLL=1 -DW0_LOOP_UNROLL=1 ... 2.523 ms / 1736 TFLOPS  (221 regs, 3.0s)
[96/540] -DCVT_ADD_FUSED=0 -DK_LOOP_UNROLL=2 -DMBAR_EARLY=1 -DN_STAGES=5 -DPHASE1_UNROLL=4 -DSNAKE_ORDER=0 -DSTAGGER_CYCLES=200 -DSUB_MMA_UNROLL=1 -DW0_LOOP_UNROLL=4 ... 2.536 ms / 1727 TFLOPS  (221 regs, 3.0s)
[97/540] -DCVT_ADD_FUSED=0 -DK_LOOP_UNROLL=2 -DMBAR_EARLY=1 -DN_STAGES=5 -DPHASE1_UNROLL=4 -DSNAKE_ORDER=0 -DSTAGGER_CYCLES=200 -DSUB_MMA_UNROLL=3 ... 2.510 ms / 1745 TFLOPS  (246 regs, 3.1s)
[98/540] -DCVT_ADD_FUSED=0 -DK_LOOP_UNROLL=2 -DMBAR_EARLY=1 -DN_STAGES=5 -DPHASE1_UNROLL=4 -DSNAKE_ORDER=0 -DSTAGGER_CYCLES=200 -DSUB_MMA_UNROLL=3 -DW0_LOOP_UNROLL=1 ... 2.426 ms / 1806 TFLOPS  (229 regs, 3.0s)
[99/540] -DCVT_ADD_FUSED=0 -DK_LOOP_UNROLL=2 -DMBAR_EARLY=1 -DN_STAGES=5 -DPHASE1_UNROLL=4 -DSNAKE_ORDER=0 -DSTAGGER_CYCLES=200 -DSUB_MMA_UNROLL=3 -DW0_LOOP_UNROLL=4 ... 2.412 ms / 1816 TFLOPS  (229 regs, 3.0s)
[100/540] -DCVT_ADD_FUSED=0 -DK_LOOP_UNROLL=2 -DMBAR_EARLY=1 -DN_STAGES=5 -DPHASE1_UNROLL=4 -DSTAGGER_CYCLES=200 ... 2.504 ms / 1749 TFLOPS  (246 regs, 3.1s)
[101/540] -DCVT_ADD_FUSED=0 -DK_LOOP_UNROLL=2 -DMBAR_EARLY=1 -DN_STAGES=5 -DPHASE1_UNROLL=4 -DSTAGGER_CYCLES=200 -DW0_LOOP_UNROLL=1 ... 2.425 ms / 1806 TFLOPS  (229 regs, 3.0s)
[102/540] -DCVT_ADD_FUSED=0 -DK_LOOP_UNROLL=2 -DMBAR_EARLY=1 -DN_STAGES=5 -DPHASE1_UNROLL=4 -DSTAGGER_CYCLES=200 -DW0_LOOP_UNROLL=4 ... 2.433 ms / 1800 TFLOPS  (229 regs, 3.1s)
[103/540] -DCVT_ADD_FUSED=0 -DK_LOOP_UNROLL=2 -DMBAR_EARLY=1 -DN_STAGES=5 -DPHASE1_UNROLL=4 -DSTAGGER_CYCLES=200 -DSUB_MMA_UNROLL=1 ... 2.539 ms / 1725 TFLOPS  (245 regs, 3.2s)
[104/540] -DCVT_ADD_FUSED=0 -DK_LOOP_UNROLL=2 -DMBAR_EARLY=1 -DN_STAGES=5 -DPHASE1_UNROLL=4 -DSTAGGER_CYCLES=200 -DSUB_MMA_UNROLL=1 -DW0_LOOP_UNROLL=1 ... 2.514 ms / 1742 TFLOPS  (221 regs, 3.1s)
[105/540] -DCVT_ADD_FUSED=0 -DK_LOOP_UNROLL=2 -DMBAR_EARLY=1 -DN_STAGES=5 -DPHASE1_UNROLL=4 -DSTAGGER_CYCLES=200 -DSUB_MMA_UNROLL=1 -DW0_LOOP_UNROLL=4 ... 2.534 ms / 1728 TFLOPS  (221 regs, 3.1s)
[106/540] -DCVT_ADD_FUSED=0 -DK_LOOP_UNROLL=2 -DMBAR_EARLY=1 -DN_STAGES=5 -DPHASE1_UNROLL=4 -DSTAGGER_CYCLES=200 -DSUB_MMA_UNROLL=3 ... 2.511 ms / 1745 TFLOPS  (246 regs, 3.1s)
[107/540] -DCVT_ADD_FUSED=0 -DK_LOOP_UNROLL=2 -DMBAR_EARLY=1 -DN_STAGES=5 -DPHASE1_UNROLL=4 -DSTAGGER_CYCLES=200 -DSUB_MMA_UNROLL=3 -DW0_LOOP_UNROLL=1 ... 2.434 ms / 1800 TFLOPS  (229 regs, 3.1s)
[108/540] -DCVT_ADD_FUSED=0 -DK_LOOP_UNROLL=2 -DMBAR_EARLY=1 -DN_STAGES=5 -DPHASE1_UNROLL=4 -DSTAGGER_CYCLES=200 -DSUB_MMA_UNROLL=3 -DW0_LOOP_UNROLL=4 ... 2.409 ms / 1818 TFLOPS  (229 regs, 3.0s)
[109/540] -DCVT_ADD_FUSED=0 -DMBAR_EARLY=1 -DN_STAGES=5 -DPHASE1_UNROLL=1 -DSNAKE_ORDER=0 -DSTAGGER_CYCLES=200 ... 1.535 ms / 2854 TFLOPS  (233 regs, 2.9s)
[110/540] -DCVT_ADD_FUSED=0 -DMBAR_EARLY=1 -DN_STAGES=5 -DPHASE1_UNROLL=1 -DSNAKE_ORDER=0 -DSTAGGER_CYCLES=200 -DW0_LOOP_UNROLL=1 ... 2.362 ms / 1854 TFLOPS  (214 regs, 2.9s)
[111/540] -DCVT_ADD_FUSED=0 -DMBAR_EARLY=1 -DN_STAGES=5 -DPHASE1_UNROLL=1 -DSNAKE_ORDER=0 -DSTAGGER_CYCLES=200 -DW0_LOOP_UNROLL=4 ... 2.290 ms / 1913 TFLOPS  (214 regs, 2.9s)
[112/540] -DCVT_ADD_FUSED=0 -DMBAR_EARLY=1 -DN_STAGES=5 -DPHASE1_UNROLL=1 -DSNAKE_ORDER=0 -DSTAGGER_CYCLES=200 -DSUB_MMA_UNROLL=1 ... 1.534 ms / 2855 TFLOPS  (177 regs, 2.8s)
[113/540] -DCVT_ADD_FUSED=0 -DMBAR_EARLY=1 -DN_STAGES=5 -DPHASE1_UNROLL=1 -DSNAKE_ORDER=0 -DSTAGGER_CYCLES=200 -DSUB_MMA_UNROLL=1 -DW0_LOOP_UNROLL=1 ... 2.351 ms / 1863 TFLOPS  (158 regs, 2.7s)
[114/540] -DCVT_ADD_FUSED=0 -DMBAR_EARLY=1 -DN_STAGES=5 -DPHASE1_UNROLL=1 -DSNAKE_ORDER=0 -DSTAGGER_CYCLES=200 -DSUB_MMA_UNROLL=1 -DW0_LOOP_UNROLL=4 ... 2.316 ms / 1891 TFLOPS  (158 regs, 2.7s)
[115/540] -DCVT_ADD_FUSED=0 -DMBAR_EARLY=1 -DN_STAGES=5 -DPHASE1_UNROLL=1 -DSNAKE_ORDER=0 -DSTAGGER_CYCLES=200 -DSUB_MMA_UNROLL=3 ... 1.535 ms / 2853 TFLOPS  (233 regs, 2.8s)
[116/540] -DCVT_ADD_FUSED=0 -DMBAR_EARLY=1 -DN_STAGES=5 -DPHASE1_UNROLL=1 -DSNAKE_ORDER=0 -DSTAGGER_CYCLES=200 -DSUB_MMA_UNROLL=3 -DW0_LOOP_UNROLL=1 ... 2.386 ms / 1835 TFLOPS  (214 regs, 2.7s)
[117/540] -DCVT_ADD_FUSED=0 -DMBAR_EARLY=1 -DN_STAGES=5 -DPHASE1_UNROLL=1 -DSNAKE_ORDER=0 -DSTAGGER_CYCLES=200 -DSUB_MMA_UNROLL=3 -DW0_LOOP_UNROLL=4 ... 2.312 ms / 1894 TFLOPS  (214 regs, 2.7s)
[118/540] -DCVT_ADD_FUSED=0 -DMBAR_EARLY=1 -DN_STAGES=5 -DPHASE1_UNROLL=1 -DSTAGGER_CYCLES=200 ... 1.536 ms / 2852 TFLOPS  (233 regs, 2.8s)
[119/540] -DCVT_ADD_FUSED=0 -DMBAR_EARLY=1 -DN_STAGES=5 -DPHASE1_UNROLL=1 -DSTAGGER_CYCLES=200 -DW0_LOOP_UNROLL=1 ... 2.350 ms / 1864 TFLOPS  (214 regs, 2.7s)
[120/540] -DCVT_ADD_FUSED=0 -DMBAR_EARLY=1 -DN_STAGES=5 -DPHASE1_UNROLL=1 -DSTAGGER_CYCLES=200 -DW0_LOOP_UNROLL=4 ... 2.307 ms / 1898 TFLOPS  (214 regs, 2.7s)
[121/540] -DCVT_ADD_FUSED=0 -DMBAR_EARLY=1 -DN_STAGES=5 -DPHASE1_UNROLL=1 -DSTAGGER_CYCLES=200 -DSUB_MMA_UNROLL=1 ... 1.527 ms / 2868 TFLOPS  (177 regs, 2.7s)
[122/540] -DCVT_ADD_FUSED=0 -DMBAR_EARLY=1 -DN_STAGES=5 -DPHASE1_UNROLL=1 -DSTAGGER_CYCLES=200 -DSUB_MMA_UNROLL=1 -DW0_LOOP_UNROLL=1 ... 2.360 ms / 1856 TFLOPS  (158 regs, 2.7s)
[123/540] -DCVT_ADD_FUSED=0 -DMBAR_EARLY=1 -DN_STAGES=5 -DPHASE1_UNROLL=1 -DSTAGGER_CYCLES=200 -DSUB_MMA_UNROLL=1 -DW0_LOOP_UNROLL=4 ... 2.302 ms / 1902 TFLOPS  (158 regs, 2.7s)
[124/540] -DCVT_ADD_FUSED=0 -DMBAR_EARLY=1 -DN_STAGES=5 -DPHASE1_UNROLL=1 -DSTAGGER_CYCLES=200 -DSUB_MMA_UNROLL=3 ... 1.536 ms / 2852 TFLOPS  (233 regs, 2.7s)
[125/540] -DCVT_ADD_FUSED=0 -DMBAR_EARLY=1 -DN_STAGES=5 -DPHASE1_UNROLL=1 -DSTAGGER_CYCLES=200 -DSUB_MMA_UNROLL=3 -DW0_LOOP_UNROLL=1 ... 2.356 ms / 1859 TFLOPS  (214 regs, 2.8s)
[126/540] -DCVT_ADD_FUSED=0 -DMBAR_EARLY=1 -DN_STAGES=5 -DPHASE1_UNROLL=1 -DSTAGGER_CYCLES=200 -DSUB_MMA_UNROLL=3 -DW0_LOOP_UNROLL=4 ... 2.348 ms / 1865 TFLOPS  (214 regs, 2.8s)
[127/540] -DCVT_ADD_FUSED=0 -DMBAR_EARLY=1 -DN_STAGES=5 -DSNAKE_ORDER=0 -DSTAGGER_CYCLES=200 ... 1.520 ms / 2882 TFLOPS  (255 regs, 2.8s)
[128/540] -DCVT_ADD_FUSED=0 -DMBAR_EARLY=1 -DN_STAGES=5 -DSNAKE_ORDER=0 -DSTAGGER_CYCLES=200 -DW0_LOOP_UNROLL=1 ... 2.369 ms / 1849 TFLOPS  (254 regs, 2.8s)
[129/540] -DCVT_ADD_FUSED=0 -DMBAR_EARLY=1 -DN_STAGES=5 -DSNAKE_ORDER=0 -DSTAGGER_CYCLES=200 -DW0_LOOP_UNROLL=4 ... 2.332 ms / 1878 TFLOPS  (254 regs, 2.8s)
[130/540] -DCVT_ADD_FUSED=0 -DMBAR_EARLY=1 -DN_STAGES=5 -DSNAKE_ORDER=0 -DSTAGGER_CYCLES=200 -DSUB_MMA_UNROLL=1 ... 1.540 ms / 2845 TFLOPS  (226 regs, 2.8s)
[131/540] -DCVT_ADD_FUSED=0 -DMBAR_EARLY=1 -DN_STAGES=5 -DSNAKE_ORDER=0 -DSTAGGER_CYCLES=200 -DSUB_MMA_UNROLL=1 -DW0_LOOP_UNROLL=1 ... 2.377 ms / 1842 TFLOPS  (206 regs, 2.8s)
[132/540] -DCVT_ADD_FUSED=0 -DMBAR_EARLY=1 -DN_STAGES=5 -DSNAKE_ORDER=0 -DSTAGGER_CYCLES=200 -DSUB_MMA_UNROLL=1 -DW0_LOOP_UNROLL=4 ... 2.314 ms / 1893 TFLOPS  (206 regs, 2.8s)
[133/540] -DCVT_ADD_FUSED=0 -DMBAR_EARLY=1 -DN_STAGES=5 -DSNAKE_ORDER=0 -DSTAGGER_CYCLES=200 -DSUB_MMA_UNROLL=3 ... 1.520 ms / 2882 TFLOPS  (255 regs, 2.8s)
[134/540] -DCVT_ADD_FUSED=0 -DMBAR_EARLY=1 -DN_STAGES=5 -DSNAKE_ORDER=0 -DSTAGGER_CYCLES=200 -DSUB_MMA_UNROLL=3 -DW0_LOOP_UNROLL=1 ... 2.352 ms / 1862 TFLOPS  (254 regs, 2.8s)
[135/540] -DCVT_ADD_FUSED=0 -DMBAR_EARLY=1 -DN_STAGES=5 -DSNAKE_ORDER=0 -DSTAGGER_CYCLES=200 -DSUB_MMA_UNROLL=3 -DW0_LOOP_UNROLL=4 ... 2.326 ms / 1883 TFLOPS  (254 regs, 2.8s)
[136/540] -DCVT_ADD_FUSED=0 -DMBAR_EARLY=1 -DN_STAGES=5 -DSTAGGER_CYCLES=200 ... 1.514 ms / 2892 TFLOPS  (255 regs, 2.8s)
[137/540] -DCVT_ADD_FUSED=0 -DMBAR_EARLY=1 -DN_STAGES=5 -DSTAGGER_CYCLES=200 -DW0_LOOP_UNROLL=1 ... 2.380 ms / 1840 TFLOPS  (254 regs, 2.8s)
[138/540] -DCVT_ADD_FUSED=0 -DMBAR_EARLY=1 -DN_STAGES=5 -DSTAGGER_CYCLES=200 -DW0_LOOP_UNROLL=4 ... 2.283 ms / 1919 TFLOPS  (254 regs, 2.8s)
[139/540] -DCVT_ADD_FUSED=0 -DMBAR_EARLY=1 -DN_STAGES=5 -DSTAGGER_CYCLES=200 -DSUB_MMA_UNROLL=1 ... 1.540 ms / 2844 TFLOPS  (226 regs, 2.8s)
[140/540] -DCVT_ADD_FUSED=0 -DMBAR_EARLY=1 -DN_STAGES=5 -DSTAGGER_CYCLES=200 -DSUB_MMA_UNROLL=1 -DW0_LOOP_UNROLL=1 ... 2.341 ms / 1871 TFLOPS  (206 regs, 2.8s)
[141/540] -DCVT_ADD_FUSED=0 -DMBAR_EARLY=1 -DN_STAGES=5 -DSTAGGER_CYCLES=200 -DSUB_MMA_UNROLL=1 -DW0_LOOP_UNROLL=4 ... 2.296 ms / 1908 TFLOPS  (206 regs, 2.8s)
[142/540] -DCVT_ADD_FUSED=0 -DMBAR_EARLY=1 -DN_STAGES=5 -DSTAGGER_CYCLES=200 -DSUB_MMA_UNROLL=3 ... 1.515 ms / 2892 TFLOPS  (255 regs, 2.8s)
[143/540] -DCVT_ADD_FUSED=0 -DMBAR_EARLY=1 -DN_STAGES=5 -DSTAGGER_CYCLES=200 -DSUB_MMA_UNROLL=3 -DW0_LOOP_UNROLL=1 ... 2.360 ms / 1856 TFLOPS  (254 regs, 2.8s)
[144/540] -DCVT_ADD_FUSED=0 -DMBAR_EARLY=1 -DN_STAGES=5 -DSTAGGER_CYCLES=200 -DSUB_MMA_UNROLL=3 -DW0_LOOP_UNROLL=4 ... 2.305 ms / 1900 TFLOPS  (254 regs, 2.8s)
[145/540] -DCVT_ADD_FUSED=0 -DMBAR_EARLY=1 -DN_STAGES=5 -DPHASE1_UNROLL=4 -DSNAKE_ORDER=0 -DSTAGGER_CYCLES=200 ... SKIP_SPILLS  (1.5s)
[146/540] -DCVT_ADD_FUSED=0 -DMBAR_EARLY=1 -DN_STAGES=5 -DPHASE1_UNROLL=4 -DSNAKE_ORDER=0 -DSTAGGER_CYCLES=200 -DW0_LOOP_UNROLL=1 ... 2.383 ms / 1838 TFLOPS  (255 regs, 3.0s)
[147/540] -DCVT_ADD_FUSED=0 -DMBAR_EARLY=1 -DN_STAGES=5 -DPHASE1_UNROLL=4 -DSNAKE_ORDER=0 -DSTAGGER_CYCLES=200 -DW0_LOOP_UNROLL=4 ... SKIP_SPILLS  (1.5s)
[148/540] -DCVT_ADD_FUSED=0 -DMBAR_EARLY=1 -DN_STAGES=5 -DPHASE1_UNROLL=4 -DSNAKE_ORDER=0 -DSTAGGER_CYCLES=200 -DSUB_MMA_UNROLL=1 ... 1.552 ms / 2823 TFLOPS  (244 regs, 3.0s)
[149/540] -DCVT_ADD_FUSED=0 -DMBAR_EARLY=1 -DN_STAGES=5 -DPHASE1_UNROLL=4 -DSNAKE_ORDER=0 -DSTAGGER_CYCLES=200 -DSUB_MMA_UNROLL=1 -DW0_LOOP_UNROLL=1 ... 2.351 ms / 1863 TFLOPS  (242 regs, 2.9s)
[150/540] -DCVT_ADD_FUSED=0 -DMBAR_EARLY=1 -DN_STAGES=5 -DPHASE1_UNROLL=4 -DSNAKE_ORDER=0 -DSTAGGER_CYCLES=200 -DSUB_MMA_UNROLL=1 -DW0_LOOP_UNROLL=4 ... 2.301 ms / 1904 TFLOPS  (242 regs, 2.9s)
[151/540] -DCVT_ADD_FUSED=0 -DMBAR_EARLY=1 -DN_STAGES=5 -DPHASE1_UNROLL=4 -DSNAKE_ORDER=0 -DSTAGGER_CYCLES=200 -DSUB_MMA_UNROLL=3 ... SKIP_SPILLS  (1.5s)
[152/540] -DCVT_ADD_FUSED=0 -DMBAR_EARLY=1 -DN_STAGES=5 -DPHASE1_UNROLL=4 -DSNAKE_ORDER=0 -DSTAGGER_CYCLES=200 -DSUB_MMA_UNROLL=3 -DW0_LOOP_UNROLL=1 ... 2.349 ms / 1865 TFLOPS  (255 regs, 3.0s)
[153/540] -DCVT_ADD_FUSED=0 -DMBAR_EARLY=1 -DN_STAGES=5 -DPHASE1_UNROLL=4 -DSNAKE_ORDER=0 -DSTAGGER_CYCLES=200 -DSUB_MMA_UNROLL=3 -DW0_LOOP_UNROLL=4 ... SKIP_SPILLS  (1.5s)
[154/540] -DCVT_ADD_FUSED=0 -DMBAR_EARLY=1 -DN_STAGES=5 -DPHASE1_UNROLL=4 -DSTAGGER_CYCLES=200 ... SKIP_SPILLS  (1.5s)
[155/540] -DCVT_ADD_FUSED=0 -DMBAR_EARLY=1 -DN_STAGES=5 -DPHASE1_UNROLL=4 -DSTAGGER_CYCLES=200 -DW0_LOOP_UNROLL=1 ... 2.356 ms / 1859 TFLOPS  (255 regs, 3.0s)
[156/540] -DCVT_ADD_FUSED=0 -DMBAR_EARLY=1 -DN_STAGES=5 -DPHASE1_UNROLL=4 -DSTAGGER_CYCLES=200 -DW0_LOOP_UNROLL=4 ... SKIP_SPILLS  (1.5s)
[157/540] -DCVT_ADD_FUSED=0 -DMBAR_EARLY=1 -DN_STAGES=5 -DPHASE1_UNROLL=4 -DSTAGGER_CYCLES=200 -DSUB_MMA_UNROLL=1 ... 1.554 ms / 2819 TFLOPS  (244 regs, 3.0s)
[158/540] -DCVT_ADD_FUSED=0 -DMBAR_EARLY=1 -DN_STAGES=5 -DPHASE1_UNROLL=4 -DSTAGGER_CYCLES=200 -DSUB_MMA_UNROLL=1 -DW0_LOOP_UNROLL=1 ... 2.330 ms / 1880 TFLOPS  (242 regs, 2.9s)
[159/540] -DCVT_ADD_FUSED=0 -DMBAR_EARLY=1 -DN_STAGES=5 -DPHASE1_UNROLL=4 -DSTAGGER_CYCLES=200 -DSUB_MMA_UNROLL=1 -DW0_LOOP_UNROLL=4 ... 2.316 ms / 1891 TFLOPS  (242 regs, 2.9s)
[160/540] -DCVT_ADD_FUSED=0 -DMBAR_EARLY=1 -DN_STAGES=5 -DPHASE1_UNROLL=4 -DSTAGGER_CYCLES=200 -DSUB_MMA_UNROLL=3 ... SKIP_SPILLS  (1.5s)
[161/540] -DCVT_ADD_FUSED=0 -DMBAR_EARLY=1 -DN_STAGES=5 -DPHASE1_UNROLL=4 -DSTAGGER_CYCLES=200 -DSUB_MMA_UNROLL=3 -DW0_LOOP_UNROLL=1 ... 2.381 ms / 1840 TFLOPS  (255 regs, 3.0s)
[162/540] -DCVT_ADD_FUSED=0 -DMBAR_EARLY=1 -DN_STAGES=5 -DPHASE1_UNROLL=4 -DSTAGGER_CYCLES=200 -DSUB_MMA_UNROLL=3 -DW0_LOOP_UNROLL=4 ... SKIP_SPILLS  (1.5s)
[163/540] -DCVT_ADD_FUSED=0 -DK_LOOP_UNROLL=6 -DMBAR_EARLY=1 -DN_STAGES=5 -DPHASE1_UNROLL=1 -DSNAKE_ORDER=0 -DSTAGGER_CYCLES=200 ... 2.393 ms / 1831 TFLOPS  (168 regs, 2.9s)
[164/540] -DCVT_ADD_FUSED=0 -DK_LOOP_UNROLL=6 -DMBAR_EARLY=1 -DN_STAGES=5 -DPHASE1_UNROLL=1 -DSNAKE_ORDER=0 -DSTAGGER_CYCLES=200 -DW0_LOOP_UNROLL=1 ... 2.425 ms / 1806 TFLOPS  (145 regs, 2.7s)
[165/540] -DCVT_ADD_FUSED=0 -DK_LOOP_UNROLL=6 -DMBAR_EARLY=1 -DN_STAGES=5 -DPHASE1_UNROLL=1 -DSNAKE_ORDER=0 -DSTAGGER_CYCLES=200 -DW0_LOOP_UNROLL=4 ... 2.421 ms / 1809 TFLOPS  (145 regs, 2.7s)
[166/540] -DCVT_ADD_FUSED=0 -DK_LOOP_UNROLL=6 -DMBAR_EARLY=1 -DN_STAGES=5 -DPHASE1_UNROLL=1 -DSNAKE_ORDER=0 -DSTAGGER_CYCLES=200 -DSUB_MMA_UNROLL=1 ... 2.517 ms / 1740 TFLOPS  (160 regs, 2.8s)
[167/540] -DCVT_ADD_FUSED=0 -DK_LOOP_UNROLL=6 -DMBAR_EARLY=1 -DN_STAGES=5 -DPHASE1_UNROLL=1 -DSNAKE_ORDER=0 -DSTAGGER_CYCLES=200 -DSUB_MMA_UNROLL=1 -DW0_LOOP_UNROLL=1 ... 2.514 ms / 1742 TFLOPS  (137 regs, 2.7s)
[168/540] -DCVT_ADD_FUSED=0 -DK_LOOP_UNROLL=6 -DMBAR_EARLY=1 -DN_STAGES=5 -DPHASE1_UNROLL=1 -DSNAKE_ORDER=0 -DSTAGGER_CYCLES=200 -DSUB_MMA_UNROLL=1 -DW0_LOOP_UNROLL=4 ... 2.525 ms / 1734 TFLOPS  (137 regs, 2.7s)
[169/540] -DCVT_ADD_FUSED=0 -DK_LOOP_UNROLL=6 -DMBAR_EARLY=1 -DN_STAGES=5 -DPHASE1_UNROLL=1 -DSNAKE_ORDER=0 -DSTAGGER_CYCLES=200 -DSUB_MMA_UNROLL=3 ... 2.417 ms / 1812 TFLOPS  (168 regs, 2.8s)
[170/540] -DCVT_ADD_FUSED=0 -DK_LOOP_UNROLL=6 -DMBAR_EARLY=1 -DN_STAGES=5 -DPHASE1_UNROLL=1 -DSNAKE_ORDER=0 -DSTAGGER_CYCLES=200 -DSUB_MMA_UNROLL=3 -DW0_LOOP_UNROLL=1 ... 2.419 ms / 1811 TFLOPS  (145 regs, 2.8s)
[171/540] -DCVT_ADD_FUSED=0 -DK_LOOP_UNROLL=6 -DMBAR_EARLY=1 -DN_STAGES=5 -DPHASE1_UNROLL=1 -DSNAKE_ORDER=0 -DSTAGGER_CYCLES=200 -DSUB_MMA_UNROLL=3 -DW0_LOOP_UNROLL=4 ... 2.399 ms / 1826 TFLOPS  (145 regs, 2.9s)
[172/540] -DCVT_ADD_FUSED=0 -DK_LOOP_UNROLL=6 -DMBAR_EARLY=1 -DN_STAGES=5 -DPHASE1_UNROLL=1 -DSTAGGER_CYCLES=200 ... 2.380 ms / 1841 TFLOPS  (168 regs, 2.8s)
[173/540] -DCVT_ADD_FUSED=0 -DK_LOOP_UNROLL=6 -DMBAR_EARLY=1 -DN_STAGES=5 -DPHASE1_UNROLL=1 -DSTAGGER_CYCLES=200 -DW0_LOOP_UNROLL=1 ... 2.447 ms / 1790 TFLOPS  (145 regs, 3.0s)
[174/540] -DCVT_ADD_FUSED=0 -DK_LOOP_UNROLL=6 -DMBAR_EARLY=1 -DN_STAGES=5 -DPHASE1_UNROLL=1 -DSTAGGER_CYCLES=200 -DW0_LOOP_UNROLL=4 ... 2.420 ms / 1810 TFLOPS  (145 regs, 2.9s)
[175/540] -DCVT_ADD_FUSED=0 -DK_LOOP_UNROLL=6 -DMBAR_EARLY=1 -DN_STAGES=5 -DPHASE1_UNROLL=1 -DSTAGGER_CYCLES=200 -DSUB_MMA_UNROLL=1 ... 2.527 ms / 1733 TFLOPS  (160 regs, 2.9s)
[176/540] -DCVT_ADD_FUSED=0 -DK_LOOP_UNROLL=6 -DMBAR_EARLY=1 -DN_STAGES=5 -DPHASE1_UNROLL=1 -DSTAGGER_CYCLES=200 -DSUB_MMA_UNROLL=1 -DW0_LOOP_UNROLL=1 ... 2.532 ms / 1730 TFLOPS  (137 regs, 2.8s)
[177/540] -DCVT_ADD_FUSED=0 -DK_LOOP_UNROLL=6 -DMBAR_EARLY=1 -DN_STAGES=5 -DPHASE1_UNROLL=1 -DSTAGGER_CYCLES=200 -DSUB_MMA_UNROLL=1 -DW0_LOOP_UNROLL=4 ... 2.514 ms / 1742 TFLOPS  (137 regs, 2.8s)
[178/540] -DCVT_ADD_FUSED=0 -DK_LOOP_UNROLL=6 -DMBAR_EARLY=1 -DN_STAGES=5 -DPHASE1_UNROLL=1 -DSTAGGER_CYCLES=200 -DSUB_MMA_UNROLL=3 ... 2.402 ms / 1823 TFLOPS  (168 regs, 2.8s)
[179/540] -DCVT_ADD_FUSED=0 -DK_LOOP_UNROLL=6 -DMBAR_EARLY=1 -DN_STAGES=5 -DPHASE1_UNROLL=1 -DSTAGGER_CYCLES=200 -DSUB_MMA_UNROLL=3 -DW0_LOOP_UNROLL=1 ... 2.425 ms / 1806 TFLOPS  (145 regs, 2.8s)
[180/540] -DCVT_ADD_FUSED=0 -DK_LOOP_UNROLL=6 -DMBAR_EARLY=1 -DN_STAGES=5 -DPHASE1_UNROLL=1 -DSTAGGER_CYCLES=200 -DSUB_MMA_UNROLL=3 -DW0_LOOP_UNROLL=4 ... 2.406 ms / 1820 TFLOPS  (145 regs, 2.9s)
[181/540] -DCVT_ADD_FUSED=0 -DK_LOOP_UNROLL=6 -DMBAR_EARLY=1 -DN_STAGES=5 -DSNAKE_ORDER=0 -DSTAGGER_CYCLES=200 ... 2.382 ms / 1839 TFLOPS  (217 regs, 2.9s)
[182/540] -DCVT_ADD_FUSED=0 -DK_LOOP_UNROLL=6 -DMBAR_EARLY=1 -DN_STAGES=5 -DSNAKE_ORDER=0 -DSTAGGER_CYCLES=200 -DW0_LOOP_UNROLL=1 ... 2.407 ms / 1819 TFLOPS  (193 regs, 2.9s)
[183/540] -DCVT_ADD_FUSED=0 -DK_LOOP_UNROLL=6 -DMBAR_EARLY=1 -DN_STAGES=5 -DSNAKE_ORDER=0 -DSTAGGER_CYCLES=200 -DW0_LOOP_UNROLL=4 ... 2.385 ms / 1836 TFLOPS  (193 regs, 2.9s)
[184/540] -DCVT_ADD_FUSED=0 -DK_LOOP_UNROLL=6 -DMBAR_EARLY=1 -DN_STAGES=5 -DSNAKE_ORDER=0 -DSTAGGER_CYCLES=200 -DSUB_MMA_UNROLL=1 ... 2.488 ms / 1760 TFLOPS  (209 regs, 3.0s)
[185/540] -DCVT_ADD_FUSED=0 -DK_LOOP_UNROLL=6 -DMBAR_EARLY=1 -DN_STAGES=5 -DSNAKE_ORDER=0 -DSTAGGER_CYCLES=200 -DSUB_MMA_UNROLL=1 -DW0_LOOP_UNROLL=1 ... 2.514 ms / 1742 TFLOPS  (185 regs, 2.9s)
[186/540] -DCVT_ADD_FUSED=0 -DK_LOOP_UNROLL=6 -DMBAR_EARLY=1 -DN_STAGES=5 -DSNAKE_ORDER=0 -DSTAGGER_CYCLES=200 -DSUB_MMA_UNROLL=1 -DW0_LOOP_UNROLL=4 ... 2.509 ms / 1745 TFLOPS  (185 regs, 2.9s)
[187/540] -DCVT_ADD_FUSED=0 -DK_LOOP_UNROLL=6 -DMBAR_EARLY=1 -DN_STAGES=5 -DSNAKE_ORDER=0 -DSTAGGER_CYCLES=200 -DSUB_MMA_UNROLL=3 ... 2.382 ms / 1839 TFLOPS  (217 regs, 3.0s)
[188/540] -DCVT_ADD_FUSED=0 -DK_LOOP_UNROLL=6 -DMBAR_EARLY=1 -DN_STAGES=5 -DSNAKE_ORDER=0 -DSTAGGER_CYCLES=200 -DSUB_MMA_UNROLL=3 -DW0_LOOP_UNROLL=1 ... 2.407 ms / 1820 TFLOPS  (193 regs, 3.0s)
[189/540] -DCVT_ADD_FUSED=0 -DK_LOOP_UNROLL=6 -DMBAR_EARLY=1 -DN_STAGES=5 -DSNAKE_ORDER=0 -DSTAGGER_CYCLES=200 -DSUB_MMA_UNROLL=3 -DW0_LOOP_UNROLL=4 ... 2.396 ms / 1828 TFLOPS  (193 regs, 3.0s)
[190/540] -DCVT_ADD_FUSED=0 -DK_LOOP_UNROLL=6 -DMBAR_EARLY=1 -DN_STAGES=5 -DSTAGGER_CYCLES=200 ... 2.392 ms / 1831 TFLOPS  (217 regs, 3.0s)
[191/540] -DCVT_ADD_FUSED=0 -DK_LOOP_UNROLL=6 -DMBAR_EARLY=1 -DN_STAGES=5 -DSTAGGER_CYCLES=200 -DW0_LOOP_UNROLL=1 ... 2.427 ms / 1804 TFLOPS  (193 regs, 3.0s)
[192/540] -DCVT_ADD_FUSED=0 -DK_LOOP_UNROLL=6 -DMBAR_EARLY=1 -DN_STAGES=5 -DSTAGGER_CYCLES=200 -DW0_LOOP_UNROLL=4 ... 2.397 ms / 1827 TFLOPS  (193 regs, 3.0s)
[193/540] -DCVT_ADD_FUSED=0 -DK_LOOP_UNROLL=6 -DMBAR_EARLY=1 -DN_STAGES=5 -DSTAGGER_CYCLES=200 -DSUB_MMA_UNROLL=1 ... 2.508 ms / 1746 TFLOPS  (209 regs, 3.0s)
[194/540] -DCVT_ADD_FUSED=0 -DK_LOOP_UNROLL=6 -DMBAR_EARLY=1 -DN_STAGES=5 -DSTAGGER_CYCLES=200 -DSUB_MMA_UNROLL=1 -DW0_LOOP_UNROLL=1 ... 2.491 ms / 1758 TFLOPS  (185 regs, 2.9s)
[195/540] -DCVT_ADD_FUSED=0 -DK_LOOP_UNROLL=6 -DMBAR_EARLY=1 -DN_STAGES=5 -DSTAGGER_CYCLES=200 -DSUB_MMA_UNROLL=1 -DW0_LOOP_UNROLL=4 ... 2.524 ms / 1735 TFLOPS  (185 regs, 2.9s)
[196/540] -DCVT_ADD_FUSED=0 -DK_LOOP_UNROLL=6 -DMBAR_EARLY=1 -DN_STAGES=5 -DSTAGGER_CYCLES=200 -DSUB_MMA_UNROLL=3 ... 2.390 ms / 1833 TFLOPS  (217 regs, 2.9s)
[197/540] -DCVT_ADD_FUSED=0 -DK_LOOP_UNROLL=6 -DMBAR_EARLY=1 -DN_STAGES=5 -DSTAGGER_CYCLES=200 -DSUB_MMA_UNROLL=3 -DW0_LOOP_UNROLL=1 ... 2.420 ms / 1810 TFLOPS  (193 regs, 3.0s)
[198/540] -DCVT_ADD_FUSED=0 -DK_LOOP_UNROLL=6 -DMBAR_EARLY=1 -DN_STAGES=5 -DSTAGGER_CYCLES=200 -DSUB_MMA_UNROLL=3 -DW0_LOOP_UNROLL=4 ... 2.411 ms / 1817 TFLOPS  (193 regs, 2.9s)
[199/540] -DCVT_ADD_FUSED=0 -DK_LOOP_UNROLL=6 -DMBAR_EARLY=1 -DN_STAGES=5 -DPHASE1_UNROLL=4 -DSNAKE_ORDER=0 -DSTAGGER_CYCLES=200 ... 2.449 ms / 1788 TFLOPS  (246 regs, 3.1s)
[200/540] -DCVT_ADD_FUSED=0 -DK_LOOP_UNROLL=6 -DMBAR_EARLY=1 -DN_STAGES=5 -DPHASE1_UNROLL=4 -DSNAKE_ORDER=0 -DSTAGGER_CYCLES=200 -DW0_LOOP_UNROLL=1 ... 2.418 ms / 1812 TFLOPS  (229 regs, 3.1s)
[201/540] -DCVT_ADD_FUSED=0 -DK_LOOP_UNROLL=6 -DMBAR_EARLY=1 -DN_STAGES=5 -DPHASE1_UNROLL=4 -DSNAKE_ORDER=0 -DSTAGGER_CYCLES=200 -DW0_LOOP_UNROLL=4 ... 2.413 ms / 1815 TFLOPS  (229 regs, 3.1s)
[202/540] -DCVT_ADD_FUSED=0 -DK_LOOP_UNROLL=6 -DMBAR_EARLY=1 -DN_STAGES=5 -DPHASE1_UNROLL=4 -DSNAKE_ORDER=0 -DSTAGGER_CYCLES=200 -DSUB_MMA_UNROLL=1 ... 2.502 ms / 1751 TFLOPS  (245 regs, 3.2s)
[203/540] -DCVT_ADD_FUSED=0 -DK_LOOP_UNROLL=6 -DMBAR_EARLY=1 -DN_STAGES=5 -DPHASE1_UNROLL=4 -DSNAKE_ORDER=0 -DSTAGGER_CYCLES=200 -DSUB_MMA_UNROLL=1 -DW0_LOOP_UNROLL=1 ... 2.499 ms / 1753 TFLOPS  (221 regs, 3.0s)
[204/540] -DCVT_ADD_FUSED=0 -DK_LOOP_UNROLL=6 -DMBAR_EARLY=1 -DN_STAGES=5 -DPHASE1_UNROLL=4 -DSNAKE_ORDER=0 -DSTAGGER_CYCLES=200 -DSUB_MMA_UNROLL=1 -DW0_LOOP_UNROLL=4 ... 2.485 ms / 1763 TFLOPS  (221 regs, 3.1s)
[205/540] -DCVT_ADD_FUSED=0 -DK_LOOP_UNROLL=6 -DMBAR_EARLY=1 -DN_STAGES=5 -DPHASE1_UNROLL=4 -DSNAKE_ORDER=0 -DSTAGGER_CYCLES=200 -DSUB_MMA_UNROLL=3 ... 2.462 ms / 1779 TFLOPS  (246 regs, 3.1s)
[206/540] -DCVT_ADD_FUSED=0 -DK_LOOP_UNROLL=6 -DMBAR_EARLY=1 -DN_STAGES=5 -DPHASE1_UNROLL=4 -DSNAKE_ORDER=0 -DSTAGGER_CYCLES=200 -DSUB_MMA_UNROLL=3 -DW0_LOOP_UNROLL=1 ... 2.418 ms / 1812 TFLOPS  (229 regs, 3.1s)
[207/540] -DCVT_ADD_FUSED=0 -DK_LOOP_UNROLL=6 -DMBAR_EARLY=1 -DN_STAGES=5 -DPHASE1_UNROLL=4 -DSNAKE_ORDER=0 -DSTAGGER_CYCLES=200 -DSUB_MMA_UNROLL=3 -DW0_LOOP_UNROLL=4 ... 2.422 ms / 1808 TFLOPS  (229 regs, 3.1s)
[208/540] -DCVT_ADD_FUSED=0 -DK_LOOP_UNROLL=6 -DMBAR_EARLY=1 -DN_STAGES=5 -DPHASE1_UNROLL=4 -DSTAGGER_CYCLES=200 ... 2.476 ms / 1769 TFLOPS  (246 regs, 3.2s)
[209/540] -DCVT_ADD_FUSED=0 -DK_LOOP_UNROLL=6 -DMBAR_EARLY=1 -DN_STAGES=5 -DPHASE1_UNROLL=4 -DSTAGGER_CYCLES=200 -DW0_LOOP_UNROLL=1 ... 2.423 ms / 1808 TFLOPS  (229 regs, 3.5s)
[210/540] -DCVT_ADD_FUSED=0 -DK_LOOP_UNROLL=6 -DMBAR_EARLY=1 -DN_STAGES=5 -DPHASE1_UNROLL=4 -DSTAGGER_CYCLES=200 -DW0_LOOP_UNROLL=4 ... 2.421 ms / 1809 TFLOPS  (229 regs, 3.6s)
[211/540] -DCVT_ADD_FUSED=0 -DK_LOOP_UNROLL=6 -DMBAR_EARLY=1 -DN_STAGES=5 -DPHASE1_UNROLL=4 -DSTAGGER_CYCLES=200 -DSUB_MMA_UNROLL=1 ... 2.493 ms / 1757 TFLOPS  (245 regs, 3.6s)
[212/540] -DCVT_ADD_FUSED=0 -DK_LOOP_UNROLL=6 -DMBAR_EARLY=1 -DN_STAGES=5 -DPHASE1_UNROLL=4 -DSTAGGER_CYCLES=200 -DSUB_MMA_UNROLL=1 -DW0_LOOP_UNROLL=1 ... 2.482 ms / 1765 TFLOPS  (221 regs, 3.7s)
[213/540] -DCVT_ADD_FUSED=0 -DK_LOOP_UNROLL=6 -DMBAR_EARLY=1 -DN_STAGES=5 -DPHASE1_UNROLL=4 -DSTAGGER_CYCLES=200 -DSUB_MMA_UNROLL=1 -DW0_LOOP_UNROLL=4 ... 2.484 ms / 1763 TFLOPS  (221 regs, 3.6s)
[214/540] -DCVT_ADD_FUSED=0 -DK_LOOP_UNROLL=6 -DMBAR_EARLY=1 -DN_STAGES=5 -DPHASE1_UNROLL=4 -DSTAGGER_CYCLES=200 -DSUB_MMA_UNROLL=3 ... 2.464 ms / 1778 TFLOPS  (246 regs, 3.7s)
[215/540] -DCVT_ADD_FUSED=0 -DK_LOOP_UNROLL=6 -DMBAR_EARLY=1 -DN_STAGES=5 -DPHASE1_UNROLL=4 -DSTAGGER_CYCLES=200 -DSUB_MMA_UNROLL=3 -DW0_LOOP_UNROLL=1 ... 2.411 ms / 1816 TFLOPS  (229 regs, 3.5s)
[216/540] -DCVT_ADD_FUSED=0 -DK_LOOP_UNROLL=6 -DMBAR_EARLY=1 -DN_STAGES=5 -DPHASE1_UNROLL=4 -DSTAGGER_CYCLES=200 -DSUB_MMA_UNROLL=3 -DW0_LOOP_UNROLL=4 ... 2.406 ms / 1820 TFLOPS  (229 regs, 3.5s)
[217/540] -DCVT_ADD_FUSED=0 -DK_LOOP_UNROLL=8 -DMBAR_EARLY=1 -DN_STAGES=5 -DPHASE1_UNROLL=1 -DSNAKE_ORDER=0 -DSTAGGER_CYCLES=200 ... 2.416 ms / 1813 TFLOPS  (168 regs, 3.3s)
[218/540] -DCVT_ADD_FUSED=0 -DK_LOOP_UNROLL=8 -DMBAR_EARLY=1 -DN_STAGES=5 -DPHASE1_UNROLL=1 -DSNAKE_ORDER=0 -DSTAGGER_CYCLES=200 -DW0_LOOP_UNROLL=1 ... 2.418 ms / 1811 TFLOPS  (145 regs, 3.1s)
[219/540] -DCVT_ADD_FUSED=0 -DK_LOOP_UNROLL=8 -DMBAR_EARLY=1 -DN_STAGES=5 -DPHASE1_UNROLL=1 -DSNAKE_ORDER=0 -DSTAGGER_CYCLES=200 -DW0_LOOP_UNROLL=4 ... 2.414 ms / 1815 TFLOPS  (145 regs, 3.0s)
[220/540] -DCVT_ADD_FUSED=0 -DK_LOOP_UNROLL=8 -DMBAR_EARLY=1 -DN_STAGES=5 -DPHASE1_UNROLL=1 -DSNAKE_ORDER=0 -DSTAGGER_CYCLES=200 -DSUB_MMA_UNROLL=1 ... 2.521 ms / 1737 TFLOPS  (160 regs, 2.9s)
[221/540] -DCVT_ADD_FUSED=0 -DK_LOOP_UNROLL=8 -DMBAR_EARLY=1 -DN_STAGES=5 -DPHASE1_UNROLL=1 -DSNAKE_ORDER=0 -DSTAGGER_CYCLES=200 -DSUB_MMA_UNROLL=1 -DW0_LOOP_UNROLL=1 ... 2.511 ms / 1744 TFLOPS  (137 regs, 2.8s)
[222/540] -DCVT_ADD_FUSED=0 -DK_LOOP_UNROLL=8 -DMBAR_EARLY=1 -DN_STAGES=5 -DPHASE1_UNROLL=1 -DSNAKE_ORDER=0 -DSTAGGER_CYCLES=200 -DSUB_MMA_UNROLL=1 -DW0_LOOP_UNROLL=4 ... 2.530 ms / 1731 TFLOPS  (137 regs, 2.9s)
[223/540] -DCVT_ADD_FUSED=0 -DK_LOOP_UNROLL=8 -DMBAR_EARLY=1 -DN_STAGES=5 -DPHASE1_UNROLL=1 -DSNAKE_ORDER=0 -DSTAGGER_CYCLES=200 -DSUB_MMA_UNROLL=3 ... 2.409 ms / 1818 TFLOPS  (168 regs, 3.3s)
[224/540] -DCVT_ADD_FUSED=0 -DK_LOOP_UNROLL=8 -DMBAR_EARLY=1 -DN_STAGES=5 -DPHASE1_UNROLL=1 -DSNAKE_ORDER=0 -DSTAGGER_CYCLES=200 -DSUB_MMA_UNROLL=3 -DW0_LOOP_UNROLL=1 ... 2.419 ms / 1811 TFLOPS  (145 regs, 3.2s)
[225/540] -DCVT_ADD_FUSED=0 -DK_LOOP_UNROLL=8 -DMBAR_EARLY=1 -DN_STAGES=5 -DPHASE1_UNROLL=1 -DSNAKE_ORDER=0 -DSTAGGER_CYCLES=200 -DSUB_MMA_UNROLL=3 -DW0_LOOP_UNROLL=4 ... 2.420 ms / 1810 TFLOPS  (145 regs, 3.2s)
[226/540] -DCVT_ADD_FUSED=0 -DK_LOOP_UNROLL=8 -DMBAR_EARLY=1 -DN_STAGES=5 -DPHASE1_UNROLL=1 -DSTAGGER_CYCLES=200 ... 2.419 ms / 1810 TFLOPS  (168 regs, 3.3s)
[227/540] -DCVT_ADD_FUSED=0 -DK_LOOP_UNROLL=8 -DMBAR_EARLY=1 -DN_STAGES=5 -DPHASE1_UNROLL=1 -DSTAGGER_CYCLES=200 -DW0_LOOP_UNROLL=1 ... 2.438 ms / 1797 TFLOPS  (145 regs, 3.2s)
[228/540] -DCVT_ADD_FUSED=0 -DK_LOOP_UNROLL=8 -DMBAR_EARLY=1 -DN_STAGES=5 -DPHASE1_UNROLL=1 -DSTAGGER_CYCLES=200 -DW0_LOOP_UNROLL=4 ... 2.395 ms / 1829 TFLOPS  (145 regs, 3.2s)
[229/540] -DCVT_ADD_FUSED=0 -DK_LOOP_UNROLL=8 -DMBAR_EARLY=1 -DN_STAGES=5 -DPHASE1_UNROLL=1 -DSTAGGER_CYCLES=200 -DSUB_MMA_UNROLL=1 ... 2.507 ms / 1747 TFLOPS  (160 regs, 3.2s)
[230/540] -DCVT_ADD_FUSED=0 -DK_LOOP_UNROLL=8 -DMBAR_EARLY=1 -DN_STAGES=5 -DPHASE1_UNROLL=1 -DSTAGGER_CYCLES=200 -DSUB_MMA_UNROLL=1 -DW0_LOOP_UNROLL=1 ... 2.524 ms / 1736 TFLOPS  (137 regs, 3.3s)
[231/540] -DCVT_ADD_FUSED=0 -DK_LOOP_UNROLL=8 -DMBAR_EARLY=1 -DN_STAGES=5 -DPHASE1_UNROLL=1 -DSTAGGER_CYCLES=200 -DSUB_MMA_UNROLL=1 -DW0_LOOP_UNROLL=4 ... 2.509 ms / 1745 TFLOPS  (137 regs, 2.9s)
[232/540] -DCVT_ADD_FUSED=0 -DK_LOOP_UNROLL=8 -DMBAR_EARLY=1 -DN_STAGES=5 -DPHASE1_UNROLL=1 -DSTAGGER_CYCLES=200 -DSUB_MMA_UNROLL=3 ... 2.411 ms / 1817 TFLOPS  (168 regs, 3.0s)
[233/540] -DCVT_ADD_FUSED=0 -DK_LOOP_UNROLL=8 -DMBAR_EARLY=1 -DN_STAGES=5 -DPHASE1_UNROLL=1 -DSTAGGER_CYCLES=200 -DSUB_MMA_UNROLL=3 -DW0_LOOP_UNROLL=1 ... 2.439 ms / 1796 TFLOPS  (145 regs, 2.9s)
[234/540] -DCVT_ADD_FUSED=0 -DK_LOOP_UNROLL=8 -DMBAR_EARLY=1 -DN_STAGES=5 -DPHASE1_UNROLL=1 -DSTAGGER_CYCLES=200 -DSUB_MMA_UNROLL=3 -DW0_LOOP_UNROLL=4 ... 2.399 ms / 1826 TFLOPS  (145 regs, 3.0s)
[235/540] -DCVT_ADD_FUSED=0 -DK_LOOP_UNROLL=8 -DMBAR_EARLY=1 -DN_STAGES=5 -DSNAKE_ORDER=0 -DSTAGGER_CYCLES=200 ... 2.404 ms / 1822 TFLOPS  (217 regs, 3.5s)
[236/540] -DCVT_ADD_FUSED=0 -DK_LOOP_UNROLL=8 -DMBAR_EARLY=1 -DN_STAGES=5 -DSNAKE_ORDER=0 -DSTAGGER_CYCLES=200 -DW0_LOOP_UNROLL=1 ... 2.398 ms / 1827 TFLOPS  (193 regs, 3.3s)
[237/540] -DCVT_ADD_FUSED=0 -DK_LOOP_UNROLL=8 -DMBAR_EARLY=1 -DN_STAGES=5 -DSNAKE_ORDER=0 -DSTAGGER_CYCLES=200 -DW0_LOOP_UNROLL=4 ... 2.387 ms / 1835 TFLOPS  (193 regs, 3.3s)
[238/540] -DCVT_ADD_FUSED=0 -DK_LOOP_UNROLL=8 -DMBAR_EARLY=1 -DN_STAGES=5 -DSNAKE_ORDER=0 -DSTAGGER_CYCLES=200 -DSUB_MMA_UNROLL=1 ... 2.498 ms / 1753 TFLOPS  (209 regs, 3.3s)
[239/540] -DCVT_ADD_FUSED=0 -DK_LOOP_UNROLL=8 -DMBAR_EARLY=1 -DN_STAGES=5 -DSNAKE_ORDER=0 -DSTAGGER_CYCLES=200 -DSUB_MMA_UNROLL=1 -DW0_LOOP_UNROLL=1 ... 2.485 ms / 1762 TFLOPS  (185 regs, 3.6s)
[240/540] -DCVT_ADD_FUSED=0 -DK_LOOP_UNROLL=8 -DMBAR_EARLY=1 -DN_STAGES=5 -DSNAKE_ORDER=0 -DSTAGGER_CYCLES=200 -DSUB_MMA_UNROLL=1 -DW0_LOOP_UNROLL=4 ... 2.493 ms / 1757 TFLOPS  (185 regs, 3.4s)
[241/540] -DCVT_ADD_FUSED=0 -DK_LOOP_UNROLL=8 -DMBAR_EARLY=1 -DN_STAGES=5 -DSNAKE_ORDER=0 -DSTAGGER_CYCLES=200 -DSUB_MMA_UNROLL=3 ... 2.385 ms / 1836 TFLOPS  (217 regs, 3.2s)
[242/540] -DCVT_ADD_FUSED=0 -DK_LOOP_UNROLL=8 -DMBAR_EARLY=1 -DN_STAGES=5 -DSNAKE_ORDER=0 -DSTAGGER_CYCLES=200 -DSUB_MMA_UNROLL=3 -DW0_LOOP_UNROLL=1 ... 2.413 ms / 1815 TFLOPS  (193 regs, 3.1s)
[243/540] -DCVT_ADD_FUSED=0 -DK_LOOP_UNROLL=8 -DMBAR_EARLY=1 -DN_STAGES=5 -DSNAKE_ORDER=0 -DSTAGGER_CYCLES=200 -DSUB_MMA_UNROLL=3 -DW0_LOOP_UNROLL=4 ... 2.384 ms / 1837 TFLOPS  (193 regs, 2.9s)
[244/540] -DCVT_ADD_FUSED=0 -DK_LOOP_UNROLL=8 -DMBAR_EARLY=1 -DN_STAGES=5 -DSTAGGER_CYCLES=200 ... 2.384 ms / 1837 TFLOPS  (217 regs, 3.1s)
[245/540] -DCVT_ADD_FUSED=0 -DK_LOOP_UNROLL=8 -DMBAR_EARLY=1 -DN_STAGES=5 -DSTAGGER_CYCLES=200 -DW0_LOOP_UNROLL=1 ... 2.410 ms / 1817 TFLOPS  (193 regs, 3.4s)
[246/540] -DCVT_ADD_FUSED=0 -DK_LOOP_UNROLL=8 -DMBAR_EARLY=1 -DN_STAGES=5 -DSTAGGER_CYCLES=200 -DW0_LOOP_UNROLL=4 ... 2.394 ms / 1829 TFLOPS  (193 regs, 3.4s)
[247/540] -DCVT_ADD_FUSED=0 -DK_LOOP_UNROLL=8 -DMBAR_EARLY=1 -DN_STAGES=5 -DSTAGGER_CYCLES=200 -DSUB_MMA_UNROLL=1 ... 2.492 ms / 1758 TFLOPS  (209 regs, 3.4s)
[248/540] -DCVT_ADD_FUSED=0 -DK_LOOP_UNROLL=8 -DMBAR_EARLY=1 -DN_STAGES=5 -DSTAGGER_CYCLES=200 -DSUB_MMA_UNROLL=1 -DW0_LOOP_UNROLL=1 ... 2.499 ms / 1753 TFLOPS  (185 regs, 3.3s)
[249/540] -DCVT_ADD_FUSED=0 -DK_LOOP_UNROLL=8 -DMBAR_EARLY=1 -DN_STAGES=5 -DSTAGGER_CYCLES=200 -DSUB_MMA_UNROLL=1 -DW0_LOOP_UNROLL=4 ... 2.475 ms / 1770 TFLOPS  (185 regs, 3.2s)
[250/540] -DCVT_ADD_FUSED=0 -DK_LOOP_UNROLL=8 -DMBAR_EARLY=1 -DN_STAGES=5 -DSTAGGER_CYCLES=200 -DSUB_MMA_UNROLL=3 ... 2.400 ms / 1825 TFLOPS  (217 regs, 3.1s)
[251/540] -DCVT_ADD_FUSED=0 -DK_LOOP_UNROLL=8 -DMBAR_EARLY=1 -DN_STAGES=5 -DSTAGGER_CYCLES=200 -DSUB_MMA_UNROLL=3 -DW0_LOOP_UNROLL=1 ... 2.423 ms / 1808 TFLOPS  (193 regs, 3.0s)
[252/540] -DCVT_ADD_FUSED=0 -DK_LOOP_UNROLL=8 -DMBAR_EARLY=1 -DN_STAGES=5 -DSTAGGER_CYCLES=200 -DSUB_MMA_UNROLL=3 -DW0_LOOP_UNROLL=4 ... 2.408 ms / 1819 TFLOPS  (193 regs, 2.9s)
[253/540] -DCVT_ADD_FUSED=0 -DK_LOOP_UNROLL=8 -DMBAR_EARLY=1 -DN_STAGES=5 -DPHASE1_UNROLL=4 -DSNAKE_ORDER=0 -DSTAGGER_CYCLES=200 ... 2.468 ms / 1775 TFLOPS  (246 regs, 3.1s)
[254/540] -DCVT_ADD_FUSED=0 -DK_LOOP_UNROLL=8 -DMBAR_EARLY=1 -DN_STAGES=5 -DPHASE1_UNROLL=4 -DSNAKE_ORDER=0 -DSTAGGER_CYCLES=200 -DW0_LOOP_UNROLL=1 ... 2.398 ms / 1826 TFLOPS  (229 regs, 3.1s)
[255/540] -DCVT_ADD_FUSED=0 -DK_LOOP_UNROLL=8 -DMBAR_EARLY=1 -DN_STAGES=5 -DPHASE1_UNROLL=4 -DSNAKE_ORDER=0 -DSTAGGER_CYCLES=200 -DW0_LOOP_UNROLL=4 ... 2.387 ms / 1835 TFLOPS  (229 regs, 3.2s)
[256/540] -DCVT_ADD_FUSED=0 -DK_LOOP_UNROLL=8 -DMBAR_EARLY=1 -DN_STAGES=5 -DPHASE1_UNROLL=4 -DSNAKE_ORDER=0 -DSTAGGER_CYCLES=200 -DSUB_MMA_UNROLL=1 ... 2.489 ms / 1760 TFLOPS  (245 regs, 3.2s)
[257/540] -DCVT_ADD_FUSED=0 -DK_LOOP_UNROLL=8 -DMBAR_EARLY=1 -DN_STAGES=5 -DPHASE1_UNROLL=4 -DSNAKE_ORDER=0 -DSTAGGER_CYCLES=200 -DSUB_MMA_UNROLL=1 -DW0_LOOP_UNROLL=1 ... 2.495 ms / 1755 TFLOPS  (221 regs, 3.1s)
[258/540] -DCVT_ADD_FUSED=0 -DK_LOOP_UNROLL=8 -DMBAR_EARLY=1 -DN_STAGES=5 -DPHASE1_UNROLL=4 -DSNAKE_ORDER=0 -DSTAGGER_CYCLES=200 -DSUB_MMA_UNROLL=1 -DW0_LOOP_UNROLL=4 ... 2.494 ms / 1757 TFLOPS  (221 regs, 3.2s)
[259/540] -DCVT_ADD_FUSED=0 -DK_LOOP_UNROLL=8 -DMBAR_EARLY=1 -DN_STAGES=5 -DPHASE1_UNROLL=4 -DSNAKE_ORDER=0 -DSTAGGER_CYCLES=200 -DSUB_MMA_UNROLL=3 ... 2.461 ms / 1780 TFLOPS  (246 regs, 3.2s)
[260/540] -DCVT_ADD_FUSED=0 -DK_LOOP_UNROLL=8 -DMBAR_EARLY=1 -DN_STAGES=5 -DPHASE1_UNROLL=4 -DSNAKE_ORDER=0 -DSTAGGER_CYCLES=200 -DSUB_MMA_UNROLL=3 -DW0_LOOP_UNROLL=1 ... 2.432 ms / 1801 TFLOPS  (229 regs, 3.1s)
[261/540] -DCVT_ADD_FUSED=0 -DK_LOOP_UNROLL=8 -DMBAR_EARLY=1 -DN_STAGES=5 -DPHASE1_UNROLL=4 -DSNAKE_ORDER=0 -DSTAGGER_CYCLES=200 -DSUB_MMA_UNROLL=3 -DW0_LOOP_UNROLL=4 ... 2.402 ms / 1823 TFLOPS  (229 regs, 3.0s)
[262/540] -DCVT_ADD_FUSED=0 -DK_LOOP_UNROLL=8 -DMBAR_EARLY=1 -DN_STAGES=5 -DPHASE1_UNROLL=4 -DSTAGGER_CYCLES=200 ... 2.468 ms / 1775 TFLOPS  (246 regs, 3.1s)
[263/540] -DCVT_ADD_FUSED=0 -DK_LOOP_UNROLL=8 -DMBAR_EARLY=1 -DN_STAGES=5 -DPHASE1_UNROLL=4 -DSTAGGER_CYCLES=200 -DW0_LOOP_UNROLL=1 ... 2.406 ms / 1821 TFLOPS  (229 regs, 3.0s)
[264/540] -DCVT_ADD_FUSED=0 -DK_LOOP_UNROLL=8 -DMBAR_EARLY=1 -DN_STAGES=5 -DPHASE1_UNROLL=4 -DSTAGGER_CYCLES=200 -DW0_LOOP_UNROLL=4 ... 2.404 ms / 1822 TFLOPS  (229 regs, 3.0s)
[265/540] -DCVT_ADD_FUSED=0 -DK_LOOP_UNROLL=8 -DMBAR_EARLY=1 -DN_STAGES=5 -DPHASE1_UNROLL=4 -DSTAGGER_CYCLES=200 -DSUB_MMA_UNROLL=1 ... 2.491 ms / 1759 TFLOPS  (245 regs, 3.0s)
[266/540] -DCVT_ADD_FUSED=0 -DK_LOOP_UNROLL=8 -DMBAR_EARLY=1 -DN_STAGES=5 -DPHASE1_UNROLL=4 -DSTAGGER_CYCLES=200 -DSUB_MMA_UNROLL=1 -DW0_LOOP_UNROLL=1 ... 2.496 ms / 1755 TFLOPS  (221 regs, 3.0s)
[267/540] -DCVT_ADD_FUSED=0 -DK_LOOP_UNROLL=8 -DMBAR_EARLY=1 -DN_STAGES=5 -DPHASE1_UNROLL=4 -DSTAGGER_CYCLES=200 -DSUB_MMA_UNROLL=1 -DW0_LOOP_UNROLL=4 ... 2.500 ms / 1752 TFLOPS  (221 regs, 3.0s)
[268/540] -DCVT_ADD_FUSED=0 -DK_LOOP_UNROLL=8 -DMBAR_EARLY=1 -DN_STAGES=5 -DPHASE1_UNROLL=4 -DSTAGGER_CYCLES=200 -DSUB_MMA_UNROLL=3 ... 2.454 ms / 1785 TFLOPS  (246 regs, 3.0s)
[269/540] -DCVT_ADD_FUSED=0 -DK_LOOP_UNROLL=8 -DMBAR_EARLY=1 -DN_STAGES=5 -DPHASE1_UNROLL=4 -DSTAGGER_CYCLES=200 -DSUB_MMA_UNROLL=3 -DW0_LOOP_UNROLL=1 ... 2.396 ms / 1828 TFLOPS  (229 regs, 3.0s)
[270/540] -DCVT_ADD_FUSED=0 -DK_LOOP_UNROLL=8 -DMBAR_EARLY=1 -DN_STAGES=5 -DPHASE1_UNROLL=4 -DSTAGGER_CYCLES=200 -DSUB_MMA_UNROLL=3 -DW0_LOOP_UNROLL=4 ... 2.421 ms / 1809 TFLOPS  (229 regs, 2.9s)
[271/540] -DK_LOOP_UNROLL=1 -DMBAR_EARLY=1 -DN_STAGES=5 -DPHASE1_UNROLL=1 -DSNAKE_ORDER=0 -DSTAGGER_CYCLES=200 ... 2.421 ms / 1809 TFLOPS  (168 regs, 2.7s)
[272/540] -DK_LOOP_UNROLL=1 -DMBAR_EARLY=1 -DN_STAGES=5 -DPHASE1_UNROLL=1 -DSNAKE_ORDER=0 -DSTAGGER_CYCLES=200 -DW0_LOOP_UNROLL=1 ... 2.456 ms / 1783 TFLOPS  (145 regs, 2.7s)
[273/540] -DK_LOOP_UNROLL=1 -DMBAR_EARLY=1 -DN_STAGES=5 -DPHASE1_UNROLL=1 -DSNAKE_ORDER=0 -DSTAGGER_CYCLES=200 -DW0_LOOP_UNROLL=4 ... 2.417 ms / 1812 TFLOPS  (145 regs, 2.7s)
[274/540] -DK_LOOP_UNROLL=1 -DMBAR_EARLY=1 -DN_STAGES=5 -DPHASE1_UNROLL=1 -DSNAKE_ORDER=0 -DSTAGGER_CYCLES=200 -DSUB_MMA_UNROLL=1 ... 2.578 ms / 1699 TFLOPS  (160 regs, 2.7s)
[275/540] -DK_LOOP_UNROLL=1 -DMBAR_EARLY=1 -DN_STAGES=5 -DPHASE1_UNROLL=1 -DSNAKE_ORDER=0 -DSTAGGER_CYCLES=200 -DSUB_MMA_UNROLL=1 -DW0_LOOP_UNROLL=1 ... 2.585 ms / 1694 TFLOPS  (137 regs, 2.7s)
[276/540] -DK_LOOP_UNROLL=1 -DMBAR_EARLY=1 -DN_STAGES=5 -DPHASE1_UNROLL=1 -DSNAKE_ORDER=0 -DSTAGGER_CYCLES=200 -DSUB_MMA_UNROLL=1 -DW0_LOOP_UNROLL=4 ... 2.563 ms / 1709 TFLOPS  (137 regs, 2.7s)
[277/540] -DK_LOOP_UNROLL=1 -DMBAR_EARLY=1 -DN_STAGES=5 -DPHASE1_UNROLL=1 -DSNAKE_ORDER=0 -DSTAGGER_CYCLES=200 -DSUB_MMA_UNROLL=3 ... 2.399 ms / 1826 TFLOPS  (168 regs, 2.7s)
[278/540] -DK_LOOP_UNROLL=1 -DMBAR_EARLY=1 -DN_STAGES=5 -DPHASE1_UNROLL=1 -DSNAKE_ORDER=0 -DSTAGGER_CYCLES=200 -DSUB_MMA_UNROLL=3 -DW0_LOOP_UNROLL=1 ... 2.436 ms / 1798 TFLOPS  (145 regs, 2.7s)
[279/540] -DK_LOOP_UNROLL=1 -DMBAR_EARLY=1 -DN_STAGES=5 -DPHASE1_UNROLL=1 -DSNAKE_ORDER=0 -DSTAGGER_CYCLES=200 -DSUB_MMA_UNROLL=3 -DW0_LOOP_UNROLL=4 ... 2.436 ms / 1798 TFLOPS  (145 regs, 2.7s)
[280/540] -DK_LOOP_UNROLL=1 -DMBAR_EARLY=1 -DN_STAGES=5 -DPHASE1_UNROLL=1 -DSTAGGER_CYCLES=200 ... 2.424 ms / 1807 TFLOPS  (168 regs, 2.7s)
[281/540] -DK_LOOP_UNROLL=1 -DMBAR_EARLY=1 -DN_STAGES=5 -DPHASE1_UNROLL=1 -DSTAGGER_CYCLES=200 -DW0_LOOP_UNROLL=1 ... 2.446 ms / 1791 TFLOPS  (145 regs, 2.7s)
[282/540] -DK_LOOP_UNROLL=1 -DMBAR_EARLY=1 -DN_STAGES=5 -DPHASE1_UNROLL=1 -DSTAGGER_CYCLES=200 -DW0_LOOP_UNROLL=4 ... 2.435 ms / 1799 TFLOPS  (145 regs, 2.7s)
[283/540] -DK_LOOP_UNROLL=1 -DMBAR_EARLY=1 -DN_STAGES=5 -DPHASE1_UNROLL=1 -DSTAGGER_CYCLES=200 -DSUB_MMA_UNROLL=1 ... 2.595 ms / 1688 TFLOPS  (160 regs, 2.7s)
[284/540] -DK_LOOP_UNROLL=1 -DMBAR_EARLY=1 -DN_STAGES=5 -DPHASE1_UNROLL=1 -DSTAGGER_CYCLES=200 -DSUB_MMA_UNROLL=1 -DW0_LOOP_UNROLL=1 ... 2.596 ms / 1687 TFLOPS  (137 regs, 2.7s)
[285/540] -DK_LOOP_UNROLL=1 -DMBAR_EARLY=1 -DN_STAGES=5 -DPHASE1_UNROLL=1 -DSTAGGER_CYCLES=200 -DSUB_MMA_UNROLL=1 -DW0_LOOP_UNROLL=4 ... 2.588 ms / 1692 TFLOPS  (137 regs, 2.7s)
[286/540] -DK_LOOP_UNROLL=1 -DMBAR_EARLY=1 -DN_STAGES=5 -DPHASE1_UNROLL=1 -DSTAGGER_CYCLES=200 -DSUB_MMA_UNROLL=3 ... 2.416 ms / 1813 TFLOPS  (168 regs, 2.8s)
[287/540] -DK_LOOP_UNROLL=1 -DMBAR_EARLY=1 -DN_STAGES=5 -DPHASE1_UNROLL=1 -DSTAGGER_CYCLES=200 -DSUB_MMA_UNROLL=3 -DW0_LOOP_UNROLL=1 ... 2.453 ms / 1786 TFLOPS  (145 regs, 2.7s)
[288/540] -DK_LOOP_UNROLL=1 -DMBAR_EARLY=1 -DN_STAGES=5 -DPHASE1_UNROLL=1 -DSTAGGER_CYCLES=200 -DSUB_MMA_UNROLL=3 -DW0_LOOP_UNROLL=4 ... 2.458 ms / 1782 TFLOPS  (145 regs, 2.7s)
[289/540] -DK_LOOP_UNROLL=1 -DMBAR_EARLY=1 -DN_STAGES=5 -DSNAKE_ORDER=0 -DSTAGGER_CYCLES=200 ... 2.408 ms / 1819 TFLOPS  (217 regs, 2.7s)
[290/540] -DK_LOOP_UNROLL=1 -DMBAR_EARLY=1 -DN_STAGES=5 -DSNAKE_ORDER=0 -DSTAGGER_CYCLES=200 -DW0_LOOP_UNROLL=1 ... 2.414 ms / 1814 TFLOPS  (193 regs, 2.7s)
[291/540] -DK_LOOP_UNROLL=1 -DMBAR_EARLY=1 -DN_STAGES=5 -DSNAKE_ORDER=0 -DSTAGGER_CYCLES=200 -DW0_LOOP_UNROLL=4 ... 2.421 ms / 1809 TFLOPS  (193 regs, 2.7s)
[292/540] -DK_LOOP_UNROLL=1 -DMBAR_EARLY=1 -DN_STAGES=5 -DSNAKE_ORDER=0 -DSTAGGER_CYCLES=200 -DSUB_MMA_UNROLL=1 ... 2.567 ms / 1706 TFLOPS  (209 regs, 2.7s)
[293/540] -DK_LOOP_UNROLL=1 -DMBAR_EARLY=1 -DN_STAGES=5 -DSNAKE_ORDER=0 -DSTAGGER_CYCLES=200 -DSUB_MMA_UNROLL=1 -DW0_LOOP_UNROLL=1 ... 2.574 ms / 1702 TFLOPS  (185 regs, 2.8s)
[294/540] -DK_LOOP_UNROLL=1 -DMBAR_EARLY=1 -DN_STAGES=5 -DSNAKE_ORDER=0 -DSTAGGER_CYCLES=200 -DSUB_MMA_UNROLL=1 -DW0_LOOP_UNROLL=4 ... 2.573 ms / 1702 TFLOPS  (185 regs, 2.7s)
[295/540] -DK_LOOP_UNROLL=1 -DMBAR_EARLY=1 -DN_STAGES=5 -DSNAKE_ORDER=0 -DSTAGGER_CYCLES=200 -DSUB_MMA_UNROLL=3 ... 2.425 ms / 1806 TFLOPS  (217 regs, 2.9s)
[296/540] -DK_LOOP_UNROLL=1 -DMBAR_EARLY=1 -DN_STAGES=5 -DSNAKE_ORDER=0 -DSTAGGER_CYCLES=200 -DSUB_MMA_UNROLL=3 -DW0_LOOP_UNROLL=1 ... 2.439 ms / 1796 TFLOPS  (193 regs, 2.8s)
[297/540] -DK_LOOP_UNROLL=1 -DMBAR_EARLY=1 -DN_STAGES=5 -DSNAKE_ORDER=0 -DSTAGGER_CYCLES=200 -DSUB_MMA_UNROLL=3 -DW0_LOOP_UNROLL=4 ... 2.408 ms / 1819 TFLOPS  (193 regs, 2.9s)
[298/540] -DK_LOOP_UNROLL=1 -DMBAR_EARLY=1 -DN_STAGES=5 -DSTAGGER_CYCLES=200 ... 2.417 ms / 1812 TFLOPS  (217 regs, 3.0s)
[299/540] -DK_LOOP_UNROLL=1 -DMBAR_EARLY=1 -DN_STAGES=5 -DSTAGGER_CYCLES=200 -DW0_LOOP_UNROLL=1 ... 2.421 ms / 1809 TFLOPS  (193 regs, 2.9s)
[300/540] -DK_LOOP_UNROLL=1 -DMBAR_EARLY=1 -DN_STAGES=5 -DSTAGGER_CYCLES=200 -DW0_LOOP_UNROLL=4 ... 2.423 ms / 1807 TFLOPS  (193 regs, 3.0s)
[301/540] -DK_LOOP_UNROLL=1 -DMBAR_EARLY=1 -DN_STAGES=5 -DSTAGGER_CYCLES=200 -DSUB_MMA_UNROLL=1 ... 2.577 ms / 1699 TFLOPS  (209 regs, 3.0s)
[302/540] -DK_LOOP_UNROLL=1 -DMBAR_EARLY=1 -DN_STAGES=5 -DSTAGGER_CYCLES=200 -DSUB_MMA_UNROLL=1 -DW0_LOOP_UNROLL=1 ... 2.561 ms / 1710 TFLOPS  (185 regs, 2.9s)
[303/540] -DK_LOOP_UNROLL=1 -DMBAR_EARLY=1 -DN_STAGES=5 -DSTAGGER_CYCLES=200 -DSUB_MMA_UNROLL=1 -DW0_LOOP_UNROLL=4 ... 2.545 ms / 1721 TFLOPS  (185 regs, 2.9s)
[304/540] -DK_LOOP_UNROLL=1 -DMBAR_EARLY=1 -DN_STAGES=5 -DSTAGGER_CYCLES=200 -DSUB_MMA_UNROLL=3 ... 2.404 ms / 1822 TFLOPS  (217 regs, 3.0s)
[305/540] -DK_LOOP_UNROLL=1 -DMBAR_EARLY=1 -DN_STAGES=5 -DSTAGGER_CYCLES=200 -DSUB_MMA_UNROLL=3 -DW0_LOOP_UNROLL=1 ... 2.440 ms / 1795 TFLOPS  (193 regs, 3.0s)
[306/540] -DK_LOOP_UNROLL=1 -DMBAR_EARLY=1 -DN_STAGES=5 -DSTAGGER_CYCLES=200 -DSUB_MMA_UNROLL=3 -DW0_LOOP_UNROLL=4 ... 2.428 ms / 1804 TFLOPS  (193 regs, 3.0s)
[307/540] -DK_LOOP_UNROLL=1 -DMBAR_EARLY=1 -DN_STAGES=5 -DPHASE1_UNROLL=4 -DSNAKE_ORDER=0 -DSTAGGER_CYCLES=200 ... 2.510 ms / 1745 TFLOPS  (246 regs, 3.1s)
[308/540] -DK_LOOP_UNROLL=1 -DMBAR_EARLY=1 -DN_STAGES=5 -DPHASE1_UNROLL=4 -DSNAKE_ORDER=0 -DSTAGGER_CYCLES=200 -DW0_LOOP_UNROLL=1 ... 2.427 ms / 1805 TFLOPS  (229 regs, 3.1s)
[309/540] -DK_LOOP_UNROLL=1 -DMBAR_EARLY=1 -DN_STAGES=5 -DPHASE1_UNROLL=4 -DSNAKE_ORDER=0 -DSTAGGER_CYCLES=200 -DW0_LOOP_UNROLL=4 ... 2.427 ms / 1804 TFLOPS  (229 regs, 3.0s)
[310/540] -DK_LOOP_UNROLL=1 -DMBAR_EARLY=1 -DN_STAGES=5 -DPHASE1_UNROLL=4 -DSNAKE_ORDER=0 -DSTAGGER_CYCLES=200 -DSUB_MMA_UNROLL=1 ... 2.564 ms / 1709 TFLOPS  (245 regs, 3.1s)
[311/540] -DK_LOOP_UNROLL=1 -DMBAR_EARLY=1 -DN_STAGES=5 -DPHASE1_UNROLL=4 -DSNAKE_ORDER=0 -DSTAGGER_CYCLES=200 -DSUB_MMA_UNROLL=1 -DW0_LOOP_UNROLL=1 ... 2.567 ms / 1706 TFLOPS  (221 regs, 3.0s)
[312/540] -DK_LOOP_UNROLL=1 -DMBAR_EARLY=1 -DN_STAGES=5 -DPHASE1_UNROLL=4 -DSNAKE_ORDER=0 -DSTAGGER_CYCLES=200 -DSUB_MMA_UNROLL=1 -DW0_LOOP_UNROLL=4 ... 2.524 ms / 1735 TFLOPS  (221 regs, 3.1s)
[313/540] -DK_LOOP_UNROLL=1 -DMBAR_EARLY=1 -DN_STAGES=5 -DPHASE1_UNROLL=4 -DSNAKE_ORDER=0 -DSTAGGER_CYCLES=200 -DSUB_MMA_UNROLL=3 ... 2.508 ms / 1746 TFLOPS  (246 regs, 3.1s)
[314/540] -DK_LOOP_UNROLL=1 -DMBAR_EARLY=1 -DN_STAGES=5 -DPHASE1_UNROLL=4 -DSNAKE_ORDER=0 -DSTAGGER_CYCLES=200 -DSUB_MMA_UNROLL=3 -DW0_LOOP_UNROLL=1 ... 2.430 ms / 1802 TFLOPS  (229 regs, 3.0s)
[315/540] -DK_LOOP_UNROLL=1 -DMBAR_EARLY=1 -DN_STAGES=5 -DPHASE1_UNROLL=4 -DSNAKE_ORDER=0 -DSTAGGER_CYCLES=200 -DSUB_MMA_UNROLL=3 -DW0_LOOP_UNROLL=4 ... 2.427 ms / 1804 TFLOPS  (229 regs, 3.1s)
[316/540] -DK_LOOP_UNROLL=1 -DMBAR_EARLY=1 -DN_STAGES=5 -DPHASE1_UNROLL=4 -DSTAGGER_CYCLES=200 ... 2.514 ms / 1743 TFLOPS  (246 regs, 3.1s)
[317/540] -DK_LOOP_UNROLL=1 -DMBAR_EARLY=1 -DN_STAGES=5 -DPHASE1_UNROLL=4 -DSTAGGER_CYCLES=200 -DW0_LOOP_UNROLL=1 ... 2.446 ms / 1791 TFLOPS  (229 regs, 3.0s)
[318/540] -DK_LOOP_UNROLL=1 -DMBAR_EARLY=1 -DN_STAGES=5 -DPHASE1_UNROLL=4 -DSTAGGER_CYCLES=200 -DW0_LOOP_UNROLL=4 ... 2.421 ms / 1809 TFLOPS  (229 regs, 3.1s)
[319/540] -DK_LOOP_UNROLL=1 -DMBAR_EARLY=1 -DN_STAGES=5 -DPHASE1_UNROLL=4 -DSTAGGER_CYCLES=200 -DSUB_MMA_UNROLL=1 ... 2.580 ms / 1698 TFLOPS  (245 regs, 3.1s)
[320/540] -DK_LOOP_UNROLL=1 -DMBAR_EARLY=1 -DN_STAGES=5 -DPHASE1_UNROLL=4 -DSTAGGER_CYCLES=200 -DSUB_MMA_UNROLL=1 -DW0_LOOP_UNROLL=1 ... 2.569 ms / 1705 TFLOPS  (221 regs, 3.0s)
[321/540] -DK_LOOP_UNROLL=1 -DMBAR_EARLY=1 -DN_STAGES=5 -DPHASE1_UNROLL=4 -DSTAGGER_CYCLES=200 -DSUB_MMA_UNROLL=1 -DW0_LOOP_UNROLL=4 ... 2.578 ms / 1699 TFLOPS  (221 regs, 3.1s)
[322/540] -DK_LOOP_UNROLL=1 -DMBAR_EARLY=1 -DN_STAGES=5 -DPHASE1_UNROLL=4 -DSTAGGER_CYCLES=200 -DSUB_MMA_UNROLL=3 ... 2.512 ms / 1744 TFLOPS  (246 regs, 3.1s)
[323/540] -DK_LOOP_UNROLL=1 -DMBAR_EARLY=1 -DN_STAGES=5 -DPHASE1_UNROLL=4 -DSTAGGER_CYCLES=200 -DSUB_MMA_UNROLL=3 -DW0_LOOP_UNROLL=1 ... 2.426 ms / 1805 TFLOPS  (229 regs, 3.0s)
[324/540] -DK_LOOP_UNROLL=1 -DMBAR_EARLY=1 -DN_STAGES=5 -DPHASE1_UNROLL=4 -DSTAGGER_CYCLES=200 -DSUB_MMA_UNROLL=3 -DW0_LOOP_UNROLL=4 ... 2.421 ms / 1809 TFLOPS  (229 regs, 2.9s)
[325/540] -DK_LOOP_UNROLL=2 -DMBAR_EARLY=1 -DN_STAGES=5 -DPHASE1_UNROLL=1 -DSNAKE_ORDER=0 -DSTAGGER_CYCLES=200 ... 2.411 ms / 1817 TFLOPS  (168 regs, 2.8s)
[326/540] -DK_LOOP_UNROLL=2 -DMBAR_EARLY=1 -DN_STAGES=5 -DPHASE1_UNROLL=1 -DSNAKE_ORDER=0 -DSTAGGER_CYCLES=200 -DW0_LOOP_UNROLL=1 ... 2.464 ms / 1778 TFLOPS  (145 regs, 2.8s)
[327/540] -DK_LOOP_UNROLL=2 -DMBAR_EARLY=1 -DN_STAGES=5 -DPHASE1_UNROLL=1 -DSNAKE_ORDER=0 -DSTAGGER_CYCLES=200 -DW0_LOOP_UNROLL=4 ... 2.442 ms / 1794 TFLOPS  (145 regs, 2.8s)
[328/540] -DK_LOOP_UNROLL=2 -DMBAR_EARLY=1 -DN_STAGES=5 -DPHASE1_UNROLL=1 -DSNAKE_ORDER=0 -DSTAGGER_CYCLES=200 -DSUB_MMA_UNROLL=1 ... 2.565 ms / 1708 TFLOPS  (160 regs, 2.9s)
[329/540] -DK_LOOP_UNROLL=2 -DMBAR_EARLY=1 -DN_STAGES=5 -DPHASE1_UNROLL=1 -DSNAKE_ORDER=0 -DSTAGGER_CYCLES=200 -DSUB_MMA_UNROLL=1 -DW0_LOOP_UNROLL=1 ... 2.567 ms / 1706 TFLOPS  (137 regs, 2.9s)
[330/540] -DK_LOOP_UNROLL=2 -DMBAR_EARLY=1 -DN_STAGES=5 -DPHASE1_UNROLL=1 -DSNAKE_ORDER=0 -DSTAGGER_CYCLES=200 -DSUB_MMA_UNROLL=1 -DW0_LOOP_UNROLL=4 ... 2.561 ms / 1710 TFLOPS  (137 regs, 2.8s)
[331/540] -DK_LOOP_UNROLL=2 -DMBAR_EARLY=1 -DN_STAGES=5 -DPHASE1_UNROLL=1 -DSNAKE_ORDER=0 -DSTAGGER_CYCLES=200 -DSUB_MMA_UNROLL=3 ... 2.418 ms / 1811 TFLOPS  (168 regs, 2.8s)
[332/540] -DK_LOOP_UNROLL=2 -DMBAR_EARLY=1 -DN_STAGES=5 -DPHASE1_UNROLL=1 -DSNAKE_ORDER=0 -DSTAGGER_CYCLES=200 -DSUB_MMA_UNROLL=3 -DW0_LOOP_UNROLL=1 ... 2.452 ms / 1786 TFLOPS  (145 regs, 2.8s)
[333/540] -DK_LOOP_UNROLL=2 -DMBAR_EARLY=1 -DN_STAGES=5 -DPHASE1_UNROLL=1 -DSNAKE_ORDER=0 -DSTAGGER_CYCLES=200 -DSUB_MMA_UNROLL=3 -DW0_LOOP_UNROLL=4 ... 2.439 ms / 1796 TFLOPS  (145 regs, 2.9s)
[334/540] -DK_LOOP_UNROLL=2 -DMBAR_EARLY=1 -DN_STAGES=5 -DPHASE1_UNROLL=1 -DSTAGGER_CYCLES=200 ... 2.408 ms / 1819 TFLOPS  (168 regs, 2.9s)
[335/540] -DK_LOOP_UNROLL=2 -DMBAR_EARLY=1 -DN_STAGES=5 -DPHASE1_UNROLL=1 -DSTAGGER_CYCLES=200 -DW0_LOOP_UNROLL=1 ... 2.439 ms / 1796 TFLOPS  (145 regs, 2.9s)
[336/540] -DK_LOOP_UNROLL=2 -DMBAR_EARLY=1 -DN_STAGES=5 -DPHASE1_UNROLL=1 -DSTAGGER_CYCLES=200 -DW0_LOOP_UNROLL=4 ... 2.438 ms / 1796 TFLOPS  (145 regs, 2.9s)
[337/540] -DK_LOOP_UNROLL=2 -DMBAR_EARLY=1 -DN_STAGES=5 -DPHASE1_UNROLL=1 -DSTAGGER_CYCLES=200 -DSUB_MMA_UNROLL=1 ... 2.533 ms / 1729 TFLOPS  (160 regs, 2.9s)
[338/540] -DK_LOOP_UNROLL=2 -DMBAR_EARLY=1 -DN_STAGES=5 -DPHASE1_UNROLL=1 -DSTAGGER_CYCLES=200 -DSUB_MMA_UNROLL=1 -DW0_LOOP_UNROLL=1 ... 2.545 ms / 1721 TFLOPS  (137 regs, 2.8s)
[339/540] -DK_LOOP_UNROLL=2 -DMBAR_EARLY=1 -DN_STAGES=5 -DPHASE1_UNROLL=1 -DSTAGGER_CYCLES=200 -DSUB_MMA_UNROLL=1 -DW0_LOOP_UNROLL=4 ... 2.568 ms / 1705 TFLOPS  (137 regs, 2.9s)
[340/540] -DK_LOOP_UNROLL=2 -DMBAR_EARLY=1 -DN_STAGES=5 -DPHASE1_UNROLL=1 -DSTAGGER_CYCLES=200 -DSUB_MMA_UNROLL=3 ... 2.414 ms / 1814 TFLOPS  (168 regs, 2.9s)
[341/540] -DK_LOOP_UNROLL=2 -DMBAR_EARLY=1 -DN_STAGES=5 -DPHASE1_UNROLL=1 -DSTAGGER_CYCLES=200 -DSUB_MMA_UNROLL=3 -DW0_LOOP_UNROLL=1 ... 2.449 ms / 1789 TFLOPS  (145 regs, 2.9s)
[342/540] -DK_LOOP_UNROLL=2 -DMBAR_EARLY=1 -DN_STAGES=5 -DPHASE1_UNROLL=1 -DSTAGGER_CYCLES=200 -DSUB_MMA_UNROLL=3 -DW0_LOOP_UNROLL=4 ... 2.428 ms / 1804 TFLOPS  (145 regs, 2.8s)
[343/540] -DK_LOOP_UNROLL=2 -DMBAR_EARLY=1 -DN_STAGES=5 -DSNAKE_ORDER=0 -DSTAGGER_CYCLES=200 ... 2.382 ms / 1839 TFLOPS  (217 regs, 3.0s)
[344/540] -DK_LOOP_UNROLL=2 -DMBAR_EARLY=1 -DN_STAGES=5 -DSNAKE_ORDER=0 -DSTAGGER_CYCLES=200 -DW0_LOOP_UNROLL=1 ... 2.424 ms / 1807 TFLOPS  (193 regs, 3.0s)
[345/540] -DK_LOOP_UNROLL=2 -DMBAR_EARLY=1 -DN_STAGES=5 -DSNAKE_ORDER=0 -DSTAGGER_CYCLES=200 -DW0_LOOP_UNROLL=4 ... 2.410 ms / 1818 TFLOPS  (193 regs, 3.1s)
[346/540] -DK_LOOP_UNROLL=2 -DMBAR_EARLY=1 -DN_STAGES=5 -DSNAKE_ORDER=0 -DSTAGGER_CYCLES=200 -DSUB_MMA_UNROLL=1 ... 2.533 ms / 1729 TFLOPS  (209 regs, 2.9s)
[347/540] -DK_LOOP_UNROLL=2 -DMBAR_EARLY=1 -DN_STAGES=5 -DSNAKE_ORDER=0 -DSTAGGER_CYCLES=200 -DSUB_MMA_UNROLL=1 -DW0_LOOP_UNROLL=1 ... 2.528 ms / 1732 TFLOPS  (185 regs, 2.9s)
[348/540] -DK_LOOP_UNROLL=2 -DMBAR_EARLY=1 -DN_STAGES=5 -DSNAKE_ORDER=0 -DSTAGGER_CYCLES=200 -DSUB_MMA_UNROLL=1 -DW0_LOOP_UNROLL=4 ... 2.540 ms / 1725 TFLOPS  (185 regs, 2.9s)
[349/540] -DK_LOOP_UNROLL=2 -DMBAR_EARLY=1 -DN_STAGES=5 -DSNAKE_ORDER=0 -DSTAGGER_CYCLES=200 -DSUB_MMA_UNROLL=3 ... 2.390 ms / 1833 TFLOPS  (217 regs, 3.0s)
[350/540] -DK_LOOP_UNROLL=2 -DMBAR_EARLY=1 -DN_STAGES=5 -DSNAKE_ORDER=0 -DSTAGGER_CYCLES=200 -DSUB_MMA_UNROLL=3 -DW0_LOOP_UNROLL=1 ... 2.419 ms / 1811 TFLOPS  (193 regs, 3.0s)
[351/540] -DK_LOOP_UNROLL=2 -DMBAR_EARLY=1 -DN_STAGES=5 -DSNAKE_ORDER=0 -DSTAGGER_CYCLES=200 -DSUB_MMA_UNROLL=3 -DW0_LOOP_UNROLL=4 ... 2.426 ms / 1805 TFLOPS  (193 regs, 2.9s)
[352/540] -DK_LOOP_UNROLL=2 -DMBAR_EARLY=1 -DN_STAGES=5 -DSTAGGER_CYCLES=200 ... 2.412 ms / 1816 TFLOPS  (217 regs, 2.9s)
[353/540] -DK_LOOP_UNROLL=2 -DMBAR_EARLY=1 -DN_STAGES=5 -DSTAGGER_CYCLES=200 -DW0_LOOP_UNROLL=1 ... 2.413 ms / 1816 TFLOPS  (193 regs, 2.9s)
[354/540] -DK_LOOP_UNROLL=2 -DMBAR_EARLY=1 -DN_STAGES=5 -DSTAGGER_CYCLES=200 -DW0_LOOP_UNROLL=4 ... 2.403 ms / 1823 TFLOPS  (193 regs, 2.8s)
[355/540] -DK_LOOP_UNROLL=2 -DMBAR_EARLY=1 -DN_STAGES=5 -DSTAGGER_CYCLES=200 -DSUB_MMA_UNROLL=1 ... 2.541 ms / 1724 TFLOPS  (209 regs, 2.9s)
[356/540] -DK_LOOP_UNROLL=2 -DMBAR_EARLY=1 -DN_STAGES=5 -DSTAGGER_CYCLES=200 -DSUB_MMA_UNROLL=1 -DW0_LOOP_UNROLL=1 ... 2.546 ms / 1720 TFLOPS  (185 regs, 2.8s)
[357/540] -DK_LOOP_UNROLL=2 -DMBAR_EARLY=1 -DN_STAGES=5 -DSTAGGER_CYCLES=200 -DSUB_MMA_UNROLL=1 -DW0_LOOP_UNROLL=4 ... 2.542 ms / 1723 TFLOPS  (185 regs, 3.1s)
[358/540] -DK_LOOP_UNROLL=2 -DMBAR_EARLY=1 -DN_STAGES=5 -DSTAGGER_CYCLES=200 -DSUB_MMA_UNROLL=3 ... 2.387 ms / 1835 TFLOPS  (217 regs, 3.0s)
[359/540] -DK_LOOP_UNROLL=2 -DMBAR_EARLY=1 -DN_STAGES=5 -DSTAGGER_CYCLES=200 -DSUB_MMA_UNROLL=3 -DW0_LOOP_UNROLL=1 ... 2.419 ms / 1811 TFLOPS  (193 regs, 3.0s)
[360/540] -DK_LOOP_UNROLL=2 -DMBAR_EARLY=1 -DN_STAGES=5 -DSTAGGER_CYCLES=200 -DSUB_MMA_UNROLL=3 -DW0_LOOP_UNROLL=4 ... 2.431 ms / 1802 TFLOPS  (193 regs, 3.0s)
[361/540] -DK_LOOP_UNROLL=2 -DMBAR_EARLY=1 -DN_STAGES=5 -DPHASE1_UNROLL=4 -DSNAKE_ORDER=0 -DSTAGGER_CYCLES=200 ... 2.497 ms / 1754 TFLOPS  (246 regs, 3.2s)
[362/540] -DK_LOOP_UNROLL=2 -DMBAR_EARLY=1 -DN_STAGES=5 -DPHASE1_UNROLL=4 -DSNAKE_ORDER=0 -DSTAGGER_CYCLES=200 -DW0_LOOP_UNROLL=1 ... 2.420 ms / 1810 TFLOPS  (229 regs, 3.1s)
[363/540] -DK_LOOP_UNROLL=2 -DMBAR_EARLY=1 -DN_STAGES=5 -DPHASE1_UNROLL=4 -DSNAKE_ORDER=0 -DSTAGGER_CYCLES=200 -DW0_LOOP_UNROLL=4 ... 2.400 ms / 1825 TFLOPS  (229 regs, 3.0s)
[364/540] -DK_LOOP_UNROLL=2 -DMBAR_EARLY=1 -DN_STAGES=5 -DPHASE1_UNROLL=4 -DSNAKE_ORDER=0 -DSTAGGER_CYCLES=200 -DSUB_MMA_UNROLL=1 ... 2.541 ms / 1724 TFLOPS  (245 regs, 3.0s)
[365/540] -DK_LOOP_UNROLL=2 -DMBAR_EARLY=1 -DN_STAGES=5 -DPHASE1_UNROLL=4 -DSNAKE_ORDER=0 -DSTAGGER_CYCLES=200 -DSUB_MMA_UNROLL=1 -DW0_LOOP_UNROLL=1 ... 2.514 ms / 1742 TFLOPS  (221 regs, 3.0s)
[366/540] -DK_LOOP_UNROLL=2 -DMBAR_EARLY=1 -DN_STAGES=5 -DPHASE1_UNROLL=4 -DSNAKE_ORDER=0 -DSTAGGER_CYCLES=200 -DSUB_MMA_UNROLL=1 -DW0_LOOP_UNROLL=4 ... 2.521 ms / 1738 TFLOPS  (221 regs, 3.4s)
[367/540] -DK_LOOP_UNROLL=2 -DMBAR_EARLY=1 -DN_STAGES=5 -DPHASE1_UNROLL=4 -DSNAKE_ORDER=0 -DSTAGGER_CYCLES=200 -DSUB_MMA_UNROLL=3 ... 2.496 ms / 1755 TFLOPS  (246 regs, 3.2s)
[368/540] -DK_LOOP_UNROLL=2 -DMBAR_EARLY=1 -DN_STAGES=5 -DPHASE1_UNROLL=4 -DSNAKE_ORDER=0 -DSTAGGER_CYCLES=200 -DSUB_MMA_UNROLL=3 -DW0_LOOP_UNROLL=1 ... 2.433 ms / 1800 TFLOPS  (229 regs, 3.0s)
[369/540] -DK_LOOP_UNROLL=2 -DMBAR_EARLY=1 -DN_STAGES=5 -DPHASE1_UNROLL=4 -DSNAKE_ORDER=0 -DSTAGGER_CYCLES=200 -DSUB_MMA_UNROLL=3 -DW0_LOOP_UNROLL=4 ... 2.416 ms / 1813 TFLOPS  (229 regs, 3.2s)
[370/540] -DK_LOOP_UNROLL=2 -DMBAR_EARLY=1 -DN_STAGES=5 -DPHASE1_UNROLL=4 -DSTAGGER_CYCLES=200 ... 2.502 ms / 1750 TFLOPS  (246 regs, 3.3s)
[371/540] -DK_LOOP_UNROLL=2 -DMBAR_EARLY=1 -DN_STAGES=5 -DPHASE1_UNROLL=4 -DSTAGGER_CYCLES=200 -DW0_LOOP_UNROLL=1 ... 2.430 ms / 1803 TFLOPS  (229 regs, 3.1s)
[372/540] -DK_LOOP_UNROLL=2 -DMBAR_EARLY=1 -DN_STAGES=5 -DPHASE1_UNROLL=4 -DSTAGGER_CYCLES=200 -DW0_LOOP_UNROLL=4 ... 2.410 ms / 1818 TFLOPS  (229 regs, 3.0s)
[373/540] -DK_LOOP_UNROLL=2 -DMBAR_EARLY=1 -DN_STAGES=5 -DPHASE1_UNROLL=4 -DSTAGGER_CYCLES=200 -DSUB_MMA_UNROLL=1 ... 2.533 ms / 1729 TFLOPS  (245 regs, 3.3s)
[374/540] -DK_LOOP_UNROLL=2 -DMBAR_EARLY=1 -DN_STAGES=5 -DPHASE1_UNROLL=4 -DSTAGGER_CYCLES=200 -DSUB_MMA_UNROLL=1 -DW0_LOOP_UNROLL=1 ... 2.514 ms / 1742 TFLOPS  (221 regs, 2.9s)
[375/540] -DK_LOOP_UNROLL=2 -DMBAR_EARLY=1 -DN_STAGES=5 -DPHASE1_UNROLL=4 -DSTAGGER_CYCLES=200 -DSUB_MMA_UNROLL=1 -DW0_LOOP_UNROLL=4 ... 2.529 ms / 1732 TFLOPS  (221 regs, 2.9s)
[376/540] -DK_LOOP_UNROLL=2 -DMBAR_EARLY=1 -DN_STAGES=5 -DPHASE1_UNROLL=4 -DSTAGGER_CYCLES=200 -DSUB_MMA_UNROLL=3 ... 2.504 ms / 1749 TFLOPS  (246 regs, 3.0s)
[377/540] -DK_LOOP_UNROLL=2 -DMBAR_EARLY=1 -DN_STAGES=5 -DPHASE1_UNROLL=4 -DSTAGGER_CYCLES=200 -DSUB_MMA_UNROLL=3 -DW0_LOOP_UNROLL=1 ... 2.448 ms / 1789 TFLOPS  (229 regs, 3.0s)
[378/540] -DK_LOOP_UNROLL=2 -DMBAR_EARLY=1 -DN_STAGES=5 -DPHASE1_UNROLL=4 -DSTAGGER_CYCLES=200 -DSUB_MMA_UNROLL=3 -DW0_LOOP_UNROLL=4 ... 2.415 ms / 1814 TFLOPS  (229 regs, 3.1s)
[379/540] -DMBAR_EARLY=1 -DN_STAGES=5 -DPHASE1_UNROLL=1 -DSNAKE_ORDER=0 -DSTAGGER_CYCLES=200 ... 1.532 ms / 2859 TFLOPS  (233 regs, 2.9s)
[380/540] -DMBAR_EARLY=1 -DN_STAGES=5 -DPHASE1_UNROLL=1 -DSNAKE_ORDER=0 -DSTAGGER_CYCLES=200 -DW0_LOOP_UNROLL=1 ... 2.348 ms / 1865 TFLOPS  (214 regs, 2.9s)
[381/540] -DMBAR_EARLY=1 -DN_STAGES=5 -DPHASE1_UNROLL=1 -DSNAKE_ORDER=0 -DSTAGGER_CYCLES=200 -DW0_LOOP_UNROLL=4 ... 2.275 ms / 1925 TFLOPS  (214 regs, 2.9s)
[382/540] -DMBAR_EARLY=1 -DN_STAGES=5 -DPHASE1_UNROLL=1 -DSNAKE_ORDER=0 -DSTAGGER_CYCLES=200 -DSUB_MMA_UNROLL=1 ... 1.534 ms / 2855 TFLOPS  (177 regs, 2.9s)
[383/540] -DMBAR_EARLY=1 -DN_STAGES=5 -DPHASE1_UNROLL=1 -DSNAKE_ORDER=0 -DSTAGGER_CYCLES=200 -DSUB_MMA_UNROLL=1 -DW0_LOOP_UNROLL=1 ... 2.368 ms / 1850 TFLOPS  (158 regs, 2.9s)
[384/540] -DMBAR_EARLY=1 -DN_STAGES=5 -DPHASE1_UNROLL=1 -DSNAKE_ORDER=0 -DSTAGGER_CYCLES=200 -DSUB_MMA_UNROLL=1 -DW0_LOOP_UNROLL=4 ... 2.325 ms / 1884 TFLOPS  (158 regs, 2.9s)
[385/540] -DMBAR_EARLY=1 -DN_STAGES=5 -DPHASE1_UNROLL=1 -DSNAKE_ORDER=0 -DSTAGGER_CYCLES=200 -DSUB_MMA_UNROLL=3 ... 1.534 ms / 2856 TFLOPS  (233 regs, 2.9s)
[386/540] -DMBAR_EARLY=1 -DN_STAGES=5 -DPHASE1_UNROLL=1 -DSNAKE_ORDER=0 -DSTAGGER_CYCLES=200 -DSUB_MMA_UNROLL=3 -DW0_LOOP_UNROLL=1 ... 2.378 ms / 1842 TFLOPS  (214 regs, 2.8s)
[387/540] -DMBAR_EARLY=1 -DN_STAGES=5 -DPHASE1_UNROLL=1 -DSNAKE_ORDER=0 -DSTAGGER_CYCLES=200 -DSUB_MMA_UNROLL=3 -DW0_LOOP_UNROLL=4 ... 2.303 ms / 1901 TFLOPS  (214 regs, 2.8s)
[388/540] -DMBAR_EARLY=1 -DN_STAGES=5 -DPHASE1_UNROLL=1 -DSTAGGER_CYCLES=200 ... 1.536 ms / 2852 TFLOPS  (233 regs, 2.8s)
[389/540] -DMBAR_EARLY=1 -DN_STAGES=5 -DPHASE1_UNROLL=1 -DSTAGGER_CYCLES=200 -DW0_LOOP_UNROLL=1 ... 2.362 ms / 1854 TFLOPS  (214 regs, 2.9s)
[390/540] -DMBAR_EARLY=1 -DN_STAGES=5 -DPHASE1_UNROLL=1 -DSTAGGER_CYCLES=200 -DW0_LOOP_UNROLL=4 ... 2.324 ms / 1885 TFLOPS  (214 regs, 3.0s)
[391/540] -DMBAR_EARLY=1 -DN_STAGES=5 -DPHASE1_UNROLL=1 -DSTAGGER_CYCLES=200 -DSUB_MMA_UNROLL=1 ... 1.531 ms / 2861 TFLOPS  (177 regs, 2.9s)
[392/540] -DMBAR_EARLY=1 -DN_STAGES=5 -DPHASE1_UNROLL=1 -DSTAGGER_CYCLES=200 -DSUB_MMA_UNROLL=1 -DW0_LOOP_UNROLL=1 ... 2.374 ms / 1845 TFLOPS  (158 regs, 3.0s)
[393/540] -DMBAR_EARLY=1 -DN_STAGES=5 -DPHASE1_UNROLL=1 -DSTAGGER_CYCLES=200 -DSUB_MMA_UNROLL=1 -DW0_LOOP_UNROLL=4 ... 2.301 ms / 1904 TFLOPS  (158 regs, 2.9s)
[394/540] -DMBAR_EARLY=1 -DN_STAGES=5 -DPHASE1_UNROLL=1 -DSTAGGER_CYCLES=200 -DSUB_MMA_UNROLL=3 ... 1.536 ms / 2852 TFLOPS  (233 regs, 2.9s)
[395/540] -DMBAR_EARLY=1 -DN_STAGES=5 -DPHASE1_UNROLL=1 -DSTAGGER_CYCLES=200 -DSUB_MMA_UNROLL=3 -DW0_LOOP_UNROLL=1 ... 2.345 ms / 1868 TFLOPS  (214 regs, 2.9s)
[396/540] -DMBAR_EARLY=1 -DN_STAGES=5 -DPHASE1_UNROLL=1 -DSTAGGER_CYCLES=200 -DSUB_MMA_UNROLL=3 -DW0_LOOP_UNROLL=4 ... 2.268 ms / 1931 TFLOPS  (214 regs, 2.9s)
[397/540] -DMBAR_EARLY=1 -DN_STAGES=5 -DSNAKE_ORDER=0 -DSTAGGER_CYCLES=200 ... 1.521 ms / 2880 TFLOPS  (255 regs, 2.9s)
[398/540] -DMBAR_EARLY=1 -DN_STAGES=5 -DSNAKE_ORDER=0 -DSTAGGER_CYCLES=200 -DW0_LOOP_UNROLL=1 ... 2.347 ms / 1867 TFLOPS  (254 regs, 2.8s)
[399/540] -DMBAR_EARLY=1 -DN_STAGES=5 -DSNAKE_ORDER=0 -DSTAGGER_CYCLES=200 -DW0_LOOP_UNROLL=4 ... 2.275 ms / 1925 TFLOPS  (254 regs, 2.8s)
[400/540] -DMBAR_EARLY=1 -DN_STAGES=5 -DSNAKE_ORDER=0 -DSTAGGER_CYCLES=200 -DSUB_MMA_UNROLL=1 ... 1.536 ms / 2851 TFLOPS  (226 regs, 2.8s)
[401/540] -DMBAR_EARLY=1 -DN_STAGES=5 -DSNAKE_ORDER=0 -DSTAGGER_CYCLES=200 -DSUB_MMA_UNROLL=1 -DW0_LOOP_UNROLL=1 ... 2.346 ms / 1867 TFLOPS  (206 regs, 2.9s)
[402/540] -DMBAR_EARLY=1 -DN_STAGES=5 -DSNAKE_ORDER=0 -DSTAGGER_CYCLES=200 -DSUB_MMA_UNROLL=1 -DW0_LOOP_UNROLL=4 ... 2.303 ms / 1902 TFLOPS  (206 regs, 2.9s)
[403/540] -DMBAR_EARLY=1 -DN_STAGES=5 -DSNAKE_ORDER=0 -DSTAGGER_CYCLES=200 -DSUB_MMA_UNROLL=3 ... 1.519 ms / 2884 TFLOPS  (255 regs, 2.9s)
[404/540] -DMBAR_EARLY=1 -DN_STAGES=5 -DSNAKE_ORDER=0 -DSTAGGER_CYCLES=200 -DSUB_MMA_UNROLL=3 -DW0_LOOP_UNROLL=1 ... 2.330 ms / 1880 TFLOPS  (254 regs, 2.9s)
[405/540] -DMBAR_EARLY=1 -DN_STAGES=5 -DSNAKE_ORDER=0 -DSTAGGER_CYCLES=200 -DSUB_MMA_UNROLL=3 -DW0_LOOP_UNROLL=4 ... 2.291 ms / 1912 TFLOPS  (254 regs, 2.9s)
[406/540] -DMBAR_EARLY=1 -DN_STAGES=5 -DSTAGGER_CYCLES=200 ... 1.515 ms / 2892 TFLOPS  (255 regs, 2.9s)
[407/540] -DMBAR_EARLY=1 -DN_STAGES=5 -DSTAGGER_CYCLES=200 -DW0_LOOP_UNROLL=1 ... 2.386 ms / 1836 TFLOPS  (254 regs, 2.9s)
[408/540] -DMBAR_EARLY=1 -DN_STAGES=5 -DSTAGGER_CYCLES=200 -DW0_LOOP_UNROLL=4 ... 2.283 ms / 1918 TFLOPS  (254 regs, 2.9s)
[409/540] -DMBAR_EARLY=1 -DN_STAGES=5 -DSTAGGER_CYCLES=200 -DSUB_MMA_UNROLL=1 ... 1.536 ms / 2852 TFLOPS  (226 regs, 3.0s)
[410/540] -DMBAR_EARLY=1 -DN_STAGES=5 -DSTAGGER_CYCLES=200 -DSUB_MMA_UNROLL=1 -DW0_LOOP_UNROLL=1 ... 2.356 ms / 1859 TFLOPS  (206 regs, 2.8s)
[411/540] -DMBAR_EARLY=1 -DN_STAGES=5 -DSTAGGER_CYCLES=200 -DSUB_MMA_UNROLL=1 -DW0_LOOP_UNROLL=4 ... 2.325 ms / 1884 TFLOPS  (206 regs, 3.1s)
[412/540] -DMBAR_EARLY=1 -DN_STAGES=5 -DSTAGGER_CYCLES=200 -DSUB_MMA_UNROLL=3 ... 1.515 ms / 2892 TFLOPS  (255 regs, 2.9s)
[413/540] -DMBAR_EARLY=1 -DN_STAGES=5 -DSTAGGER_CYCLES=200 -DSUB_MMA_UNROLL=3 -DW0_LOOP_UNROLL=1 ... 2.369 ms / 1849 TFLOPS  (254 regs, 2.9s)
[414/540] -DMBAR_EARLY=1 -DN_STAGES=5 -DSTAGGER_CYCLES=200 -DSUB_MMA_UNROLL=3 -DW0_LOOP_UNROLL=4 ... 2.330 ms / 1880 TFLOPS  (254 regs, 2.9s)
[415/540] -DMBAR_EARLY=1 -DN_STAGES=5 -DPHASE1_UNROLL=4 -DSNAKE_ORDER=0 -DSTAGGER_CYCLES=200 ... SKIP_SPILLS  (1.7s)
[416/540] -DMBAR_EARLY=1 -DN_STAGES=5 -DPHASE1_UNROLL=4 -DSNAKE_ORDER=0 -DSTAGGER_CYCLES=200 -DW0_LOOP_UNROLL=1 ... 2.365 ms / 1852 TFLOPS  (255 regs, 3.2s)
[417/540] -DMBAR_EARLY=1 -DN_STAGES=5 -DPHASE1_UNROLL=4 -DSNAKE_ORDER=0 -DSTAGGER_CYCLES=200 -DW0_LOOP_UNROLL=4 ... SKIP_SPILLS  (1.6s)
[418/540] -DMBAR_EARLY=1 -DN_STAGES=5 -DPHASE1_UNROLL=4 -DSNAKE_ORDER=0 -DSTAGGER_CYCLES=200 -DSUB_MMA_UNROLL=1 ... 1.556 ms / 2814 TFLOPS  (244 regs, 3.1s)
[419/540] -DMBAR_EARLY=1 -DN_STAGES=5 -DPHASE1_UNROLL=4 -DSNAKE_ORDER=0 -DSTAGGER_CYCLES=200 -DSUB_MMA_UNROLL=1 -DW0_LOOP_UNROLL=1 ... 2.373 ms / 1846 TFLOPS  (242 regs, 3.1s)
[420/540] -DMBAR_EARLY=1 -DN_STAGES=5 -DPHASE1_UNROLL=4 -DSNAKE_ORDER=0 -DSTAGGER_CYCLES=200 -DSUB_MMA_UNROLL=1 -DW0_LOOP_UNROLL=4 ... 2.322 ms / 1887 TFLOPS  (242 regs, 3.0s)
[421/540] -DMBAR_EARLY=1 -DN_STAGES=5 -DPHASE1_UNROLL=4 -DSNAKE_ORDER=0 -DSTAGGER_CYCLES=200 -DSUB_MMA_UNROLL=3 ... SKIP_SPILLS  (1.5s)
[422/540] -DMBAR_EARLY=1 -DN_STAGES=5 -DPHASE1_UNROLL=4 -DSNAKE_ORDER=0 -DSTAGGER_CYCLES=200 -DSUB_MMA_UNROLL=3 -DW0_LOOP_UNROLL=1 ... 2.363 ms / 1854 TFLOPS  (255 regs, 3.1s)
[423/540] -DMBAR_EARLY=1 -DN_STAGES=5 -DPHASE1_UNROLL=4 -DSNAKE_ORDER=0 -DSTAGGER_CYCLES=200 -DSUB_MMA_UNROLL=3 -DW0_LOOP_UNROLL=4 ... SKIP_SPILLS  (1.5s)
[424/540] -DMBAR_EARLY=1 -DN_STAGES=5 -DPHASE1_UNROLL=4 -DSTAGGER_CYCLES=200 ... SKIP_SPILLS  (1.7s)
[425/540] -DMBAR_EARLY=1 -DN_STAGES=5 -DPHASE1_UNROLL=4 -DSTAGGER_CYCLES=200 -DW0_LOOP_UNROLL=1 ... 2.399 ms / 1826 TFLOPS  (255 regs, 3.2s)
[426/540] -DMBAR_EARLY=1 -DN_STAGES=5 -DPHASE1_UNROLL=4 -DSTAGGER_CYCLES=200 -DW0_LOOP_UNROLL=4 ... SKIP_SPILLS  (1.7s)
[427/540] -DMBAR_EARLY=1 -DN_STAGES=5 -DPHASE1_UNROLL=4 -DSTAGGER_CYCLES=200 -DSUB_MMA_UNROLL=1 ... 1.554 ms / 2818 TFLOPS  (244 regs, 3.1s)
[428/540] -DMBAR_EARLY=1 -DN_STAGES=5 -DPHASE1_UNROLL=4 -DSTAGGER_CYCLES=200 -DSUB_MMA_UNROLL=1 -DW0_LOOP_UNROLL=1 ... 2.346 ms / 1867 TFLOPS  (242 regs, 3.1s)
[429/540] -DMBAR_EARLY=1 -DN_STAGES=5 -DPHASE1_UNROLL=4 -DSTAGGER_CYCLES=200 -DSUB_MMA_UNROLL=1 -DW0_LOOP_UNROLL=4 ... 2.328 ms / 1882 TFLOPS  (242 regs, 3.1s)
[430/540] -DMBAR_EARLY=1 -DN_STAGES=5 -DPHASE1_UNROLL=4 -DSTAGGER_CYCLES=200 -DSUB_MMA_UNROLL=3 ... SKIP_SPILLS  (1.7s)
[431/540] -DMBAR_EARLY=1 -DN_STAGES=5 -DPHASE1_UNROLL=4 -DSTAGGER_CYCLES=200 -DSUB_MMA_UNROLL=3 -DW0_LOOP_UNROLL=1 ... 2.392 ms / 1831 TFLOPS  (255 regs, 3.1s)
[432/540] -DMBAR_EARLY=1 -DN_STAGES=5 -DPHASE1_UNROLL=4 -DSTAGGER_CYCLES=200 -DSUB_MMA_UNROLL=3 -DW0_LOOP_UNROLL=4 ... SKIP_SPILLS  (1.6s)
[433/540] -DK_LOOP_UNROLL=6 -DMBAR_EARLY=1 -DN_STAGES=5 -DPHASE1_UNROLL=1 -DSNAKE_ORDER=0 -DSTAGGER_CYCLES=200 ... 2.405 ms / 1821 TFLOPS  (168 regs, 3.0s)
[434/540] -DK_LOOP_UNROLL=6 -DMBAR_EARLY=1 -DN_STAGES=5 -DPHASE1_UNROLL=1 -DSNAKE_ORDER=0 -DSTAGGER_CYCLES=200 -DW0_LOOP_UNROLL=1 ... 2.425 ms / 1807 TFLOPS  (145 regs, 2.8s)
[435/540] -DK_LOOP_UNROLL=6 -DMBAR_EARLY=1 -DN_STAGES=5 -DPHASE1_UNROLL=1 -DSNAKE_ORDER=0 -DSTAGGER_CYCLES=200 -DW0_LOOP_UNROLL=4 ... 2.400 ms / 1825 TFLOPS  (145 regs, 2.8s)
[436/540] -DK_LOOP_UNROLL=6 -DMBAR_EARLY=1 -DN_STAGES=5 -DPHASE1_UNROLL=1 -DSNAKE_ORDER=0 -DSTAGGER_CYCLES=200 -DSUB_MMA_UNROLL=1 ... 2.518 ms / 1739 TFLOPS  (160 regs, 2.8s)
[437/540] -DK_LOOP_UNROLL=6 -DMBAR_EARLY=1 -DN_STAGES=5 -DPHASE1_UNROLL=1 -DSNAKE_ORDER=0 -DSTAGGER_CYCLES=200 -DSUB_MMA_UNROLL=1 -DW0_LOOP_UNROLL=1 ... 2.533 ms / 1729 TFLOPS  (137 regs, 2.8s)
[438/540] -DK_LOOP_UNROLL=6 -DMBAR_EARLY=1 -DN_STAGES=5 -DPHASE1_UNROLL=1 -DSNAKE_ORDER=0 -DSTAGGER_CYCLES=200 -DSUB_MMA_UNROLL=1 -DW0_LOOP_UNROLL=4 ... 2.514 ms / 1743 TFLOPS  (137 regs, 3.0s)
[439/540] -DK_LOOP_UNROLL=6 -DMBAR_EARLY=1 -DN_STAGES=5 -DPHASE1_UNROLL=1 -DSNAKE_ORDER=0 -DSTAGGER_CYCLES=200 -DSUB_MMA_UNROLL=3 ... 2.416 ms / 1813 TFLOPS  (168 regs, 3.0s)
[440/540] -DK_LOOP_UNROLL=6 -DMBAR_EARLY=1 -DN_STAGES=5 -DPHASE1_UNROLL=1 -DSNAKE_ORDER=0 -DSTAGGER_CYCLES=200 -DSUB_MMA_UNROLL=3 -DW0_LOOP_UNROLL=1 ... 2.436 ms / 1798 TFLOPS  (145 regs, 2.9s)
[441/540] -DK_LOOP_UNROLL=6 -DMBAR_EARLY=1 -DN_STAGES=5 -DPHASE1_UNROLL=1 -DSNAKE_ORDER=0 -DSTAGGER_CYCLES=200 -DSUB_MMA_UNROLL=3 -DW0_LOOP_UNROLL=4 ... 2.388 ms / 1834 TFLOPS  (145 regs, 2.9s)
[442/540] -DK_LOOP_UNROLL=6 -DMBAR_EARLY=1 -DN_STAGES=5 -DPHASE1_UNROLL=1 -DSTAGGER_CYCLES=200 ... 2.419 ms / 1811 TFLOPS  (168 regs, 3.1s)
[443/540] -DK_LOOP_UNROLL=6 -DMBAR_EARLY=1 -DN_STAGES=5 -DPHASE1_UNROLL=1 -DSTAGGER_CYCLES=200 -DW0_LOOP_UNROLL=1 ... 2.426 ms / 1805 TFLOPS  (145 regs, 2.9s)
[444/540] -DK_LOOP_UNROLL=6 -DMBAR_EARLY=1 -DN_STAGES=5 -DPHASE1_UNROLL=1 -DSTAGGER_CYCLES=200 -DW0_LOOP_UNROLL=4 ... 2.411 ms / 1816 TFLOPS  (145 regs, 2.9s)
[445/540] -DK_LOOP_UNROLL=6 -DMBAR_EARLY=1 -DN_STAGES=5 -DPHASE1_UNROLL=1 -DSTAGGER_CYCLES=200 -DSUB_MMA_UNROLL=1 ... 2.526 ms / 1734 TFLOPS  (160 regs, 2.9s)
[446/540] -DK_LOOP_UNROLL=6 -DMBAR_EARLY=1 -DN_STAGES=5 -DPHASE1_UNROLL=1 -DSTAGGER_CYCLES=200 -DSUB_MMA_UNROLL=1 -DW0_LOOP_UNROLL=1 ... 2.528 ms / 1733 TFLOPS  (137 regs, 2.8s)
[447/540] -DK_LOOP_UNROLL=6 -DMBAR_EARLY=1 -DN_STAGES=5 -DPHASE1_UNROLL=1 -DSTAGGER_CYCLES=200 -DSUB_MMA_UNROLL=1 -DW0_LOOP_UNROLL=4 ... 2.525 ms / 1735 TFLOPS  (137 regs, 2.7s)
[448/540] -DK_LOOP_UNROLL=6 -DMBAR_EARLY=1 -DN_STAGES=5 -DPHASE1_UNROLL=1 -DSTAGGER_CYCLES=200 -DSUB_MMA_UNROLL=3 ... 2.408 ms / 1819 TFLOPS  (168 regs, 2.7s)
[449/540] -DK_LOOP_UNROLL=6 -DMBAR_EARLY=1 -DN_STAGES=5 -DPHASE1_UNROLL=1 -DSTAGGER_CYCLES=200 -DSUB_MMA_UNROLL=3 -DW0_LOOP_UNROLL=1 ... 2.432 ms / 1801 TFLOPS  (145 regs, 2.7s)
[450/540] -DK_LOOP_UNROLL=6 -DMBAR_EARLY=1 -DN_STAGES=5 -DPHASE1_UNROLL=1 -DSTAGGER_CYCLES=200 -DSUB_MMA_UNROLL=3 -DW0_LOOP_UNROLL=4 ... 2.421 ms / 1809 TFLOPS  (145 regs, 3.0s)
[451/540] -DK_LOOP_UNROLL=6 -DMBAR_EARLY=1 -DN_STAGES=5 -DSNAKE_ORDER=0 -DSTAGGER_CYCLES=200 ... 2.368 ms / 1850 TFLOPS  (217 regs, 3.0s)
[452/540] -DK_LOOP_UNROLL=6 -DMBAR_EARLY=1 -DN_STAGES=5 -DSNAKE_ORDER=0 -DSTAGGER_CYCLES=200 -DW0_LOOP_UNROLL=1 ... 2.409 ms / 1818 TFLOPS  (193 regs, 2.9s)
[453/540] -DK_LOOP_UNROLL=6 -DMBAR_EARLY=1 -DN_STAGES=5 -DSNAKE_ORDER=0 -DSTAGGER_CYCLES=200 -DW0_LOOP_UNROLL=4 ... 2.397 ms / 1827 TFLOPS  (193 regs, 2.9s)
[454/540] -DK_LOOP_UNROLL=6 -DMBAR_EARLY=1 -DN_STAGES=5 -DSNAKE_ORDER=0 -DSTAGGER_CYCLES=200 -DSUB_MMA_UNROLL=1 ... 2.502 ms / 1750 TFLOPS  (209 regs, 2.9s)
[455/540] -DK_LOOP_UNROLL=6 -DMBAR_EARLY=1 -DN_STAGES=5 -DSNAKE_ORDER=0 -DSTAGGER_CYCLES=200 -DSUB_MMA_UNROLL=1 -DW0_LOOP_UNROLL=1 ... 2.504 ms / 1749 TFLOPS  (185 regs, 2.9s)
[456/540] -DK_LOOP_UNROLL=6 -DMBAR_EARLY=1 -DN_STAGES=5 -DSNAKE_ORDER=0 -DSTAGGER_CYCLES=200 -DSUB_MMA_UNROLL=1 -DW0_LOOP_UNROLL=4 ... 2.509 ms / 1746 TFLOPS  (185 regs, 2.9s)
[457/540] -DK_LOOP_UNROLL=6 -DMBAR_EARLY=1 -DN_STAGES=5 -DSNAKE_ORDER=0 -DSTAGGER_CYCLES=200 -DSUB_MMA_UNROLL=3 ... 2.371 ms / 1847 TFLOPS  (217 regs, 2.9s)
[458/540] -DK_LOOP_UNROLL=6 -DMBAR_EARLY=1 -DN_STAGES=5 -DSNAKE_ORDER=0 -DSTAGGER_CYCLES=200 -DSUB_MMA_UNROLL=3 -DW0_LOOP_UNROLL=1 ... 2.413 ms / 1815 TFLOPS  (193 regs, 2.9s)
[459/540] -DK_LOOP_UNROLL=6 -DMBAR_EARLY=1 -DN_STAGES=5 -DSNAKE_ORDER=0 -DSTAGGER_CYCLES=200 -DSUB_MMA_UNROLL=3 -DW0_LOOP_UNROLL=4 ... 2.383 ms / 1838 TFLOPS  (193 regs, 2.9s)
[460/540] -DK_LOOP_UNROLL=6 -DMBAR_EARLY=1 -DN_STAGES=5 -DSTAGGER_CYCLES=200 ... 2.389 ms / 1833 TFLOPS  (217 regs, 2.9s)
[461/540] -DK_LOOP_UNROLL=6 -DMBAR_EARLY=1 -DN_STAGES=5 -DSTAGGER_CYCLES=200 -DW0_LOOP_UNROLL=1 ... 2.417 ms / 1812 TFLOPS  (193 regs, 3.0s)
[462/540] -DK_LOOP_UNROLL=6 -DMBAR_EARLY=1 -DN_STAGES=5 -DSTAGGER_CYCLES=200 -DW0_LOOP_UNROLL=4 ... 2.380 ms / 1840 TFLOPS  (193 regs, 2.9s)
[463/540] -DK_LOOP_UNROLL=6 -DMBAR_EARLY=1 -DN_STAGES=5 -DSTAGGER_CYCLES=200 -DSUB_MMA_UNROLL=1 ... 2.501 ms / 1752 TFLOPS  (209 regs, 3.0s)
[464/540] -DK_LOOP_UNROLL=6 -DMBAR_EARLY=1 -DN_STAGES=5 -DSTAGGER_CYCLES=200 -DSUB_MMA_UNROLL=1 -DW0_LOOP_UNROLL=1 ... 2.503 ms / 1750 TFLOPS  (185 regs, 2.9s)
[465/540] -DK_LOOP_UNROLL=6 -DMBAR_EARLY=1 -DN_STAGES=5 -DSTAGGER_CYCLES=200 -DSUB_MMA_UNROLL=1 -DW0_LOOP_UNROLL=4 ... 2.506 ms / 1748 TFLOPS  (185 regs, 2.9s)
[466/540] -DK_LOOP_UNROLL=6 -DMBAR_EARLY=1 -DN_STAGES=5 -DSTAGGER_CYCLES=200 -DSUB_MMA_UNROLL=3 ... 2.380 ms / 1840 TFLOPS  (217 regs, 2.9s)
[467/540] -DK_LOOP_UNROLL=6 -DMBAR_EARLY=1 -DN_STAGES=5 -DSTAGGER_CYCLES=200 -DSUB_MMA_UNROLL=3 -DW0_LOOP_UNROLL=1 ... 2.402 ms / 1823 TFLOPS  (193 regs, 2.9s)
[468/540] -DK_LOOP_UNROLL=6 -DMBAR_EARLY=1 -DN_STAGES=5 -DSTAGGER_CYCLES=200 -DSUB_MMA_UNROLL=3 -DW0_LOOP_UNROLL=4 ... 2.393 ms / 1830 TFLOPS  (193 regs, 2.9s)
[469/540] -DK_LOOP_UNROLL=6 -DMBAR_EARLY=1 -DN_STAGES=5 -DPHASE1_UNROLL=4 -DSNAKE_ORDER=0 -DSTAGGER_CYCLES=200 ... 2.459 ms / 1781 TFLOPS  (246 regs, 3.2s)
[470/540] -DK_LOOP_UNROLL=6 -DMBAR_EARLY=1 -DN_STAGES=5 -DPHASE1_UNROLL=4 -DSNAKE_ORDER=0 -DSTAGGER_CYCLES=200 -DW0_LOOP_UNROLL=1 ... 2.417 ms / 1813 TFLOPS  (229 regs, 3.1s)
[471/540] -DK_LOOP_UNROLL=6 -DMBAR_EARLY=1 -DN_STAGES=5 -DPHASE1_UNROLL=4 -DSNAKE_ORDER=0 -DSTAGGER_CYCLES=200 -DW0_LOOP_UNROLL=4 ... 2.409 ms / 1818 TFLOPS  (229 regs, 3.1s)
[472/540] -DK_LOOP_UNROLL=6 -DMBAR_EARLY=1 -DN_STAGES=5 -DPHASE1_UNROLL=4 -DSNAKE_ORDER=0 -DSTAGGER_CYCLES=200 -DSUB_MMA_UNROLL=1 ... 2.492 ms / 1758 TFLOPS  (245 regs, 3.1s)
[473/540] -DK_LOOP_UNROLL=6 -DMBAR_EARLY=1 -DN_STAGES=5 -DPHASE1_UNROLL=4 -DSNAKE_ORDER=0 -DSTAGGER_CYCLES=200 -DSUB_MMA_UNROLL=1 -DW0_LOOP_UNROLL=1 ... 2.487 ms / 1761 TFLOPS  (221 regs, 3.0s)
[474/540] -DK_LOOP_UNROLL=6 -DMBAR_EARLY=1 -DN_STAGES=5 -DPHASE1_UNROLL=4 -DSNAKE_ORDER=0 -DSTAGGER_CYCLES=200 -DSUB_MMA_UNROLL=1 -DW0_LOOP_UNROLL=4 ... 2.500 ms / 1752 TFLOPS  (221 regs, 3.1s)
[475/540] -DK_LOOP_UNROLL=6 -DMBAR_EARLY=1 -DN_STAGES=5 -DPHASE1_UNROLL=4 -DSNAKE_ORDER=0 -DSTAGGER_CYCLES=200 -DSUB_MMA_UNROLL=3 ... 2.457 ms / 1783 TFLOPS  (246 regs, 3.1s)
[476/540] -DK_LOOP_UNROLL=6 -DMBAR_EARLY=1 -DN_STAGES=5 -DPHASE1_UNROLL=4 -DSNAKE_ORDER=0 -DSTAGGER_CYCLES=200 -DSUB_MMA_UNROLL=3 -DW0_LOOP_UNROLL=1 ... 2.436 ms / 1798 TFLOPS  (229 regs, 3.1s)
[477/540] -DK_LOOP_UNROLL=6 -DMBAR_EARLY=1 -DN_STAGES=5 -DPHASE1_UNROLL=4 -DSNAKE_ORDER=0 -DSTAGGER_CYCLES=200 -DSUB_MMA_UNROLL=3 -DW0_LOOP_UNROLL=4 ... 2.401 ms / 1825 TFLOPS  (229 regs, 3.1s)
[478/540] -DK_LOOP_UNROLL=6 -DMBAR_EARLY=1 -DN_STAGES=5 -DPHASE1_UNROLL=4 -DSTAGGER_CYCLES=200 ... 2.459 ms / 1782 TFLOPS  (246 regs, 3.1s)
[479/540] -DK_LOOP_UNROLL=6 -DMBAR_EARLY=1 -DN_STAGES=5 -DPHASE1_UNROLL=4 -DSTAGGER_CYCLES=200 -DW0_LOOP_UNROLL=1 ... 2.407 ms / 1819 TFLOPS  (229 regs, 3.2s)
[480/540] -DK_LOOP_UNROLL=6 -DMBAR_EARLY=1 -DN_STAGES=5 -DPHASE1_UNROLL=4 -DSTAGGER_CYCLES=200 -DW0_LOOP_UNROLL=4 ... 2.404 ms / 1822 TFLOPS  (229 regs, 3.1s)
[481/540] -DK_LOOP_UNROLL=6 -DMBAR_EARLY=1 -DN_STAGES=5 -DPHASE1_UNROLL=4 -DSTAGGER_CYCLES=200 -DSUB_MMA_UNROLL=1 ... 2.494 ms / 1756 TFLOPS  (245 regs, 3.1s)
[482/540] -DK_LOOP_UNROLL=6 -DMBAR_EARLY=1 -DN_STAGES=5 -DPHASE1_UNROLL=4 -DSTAGGER_CYCLES=200 -DSUB_MMA_UNROLL=1 -DW0_LOOP_UNROLL=1 ... 2.490 ms / 1759 TFLOPS  (221 regs, 3.0s)
[483/540] -DK_LOOP_UNROLL=6 -DMBAR_EARLY=1 -DN_STAGES=5 -DPHASE1_UNROLL=4 -DSTAGGER_CYCLES=200 -DSUB_MMA_UNROLL=1 -DW0_LOOP_UNROLL=4 ... 2.481 ms / 1766 TFLOPS  (221 regs, 3.1s)
[484/540] -DK_LOOP_UNROLL=6 -DMBAR_EARLY=1 -DN_STAGES=5 -DPHASE1_UNROLL=4 -DSTAGGER_CYCLES=200 -DSUB_MMA_UNROLL=3 ... 2.460 ms / 1781 TFLOPS  (246 regs, 3.1s)
[485/540] -DK_LOOP_UNROLL=6 -DMBAR_EARLY=1 -DN_STAGES=5 -DPHASE1_UNROLL=4 -DSTAGGER_CYCLES=200 -DSUB_MMA_UNROLL=3 -DW0_LOOP_UNROLL=1 ... 2.417 ms / 1812 TFLOPS  (229 regs, 3.0s)
[486/540] -DK_LOOP_UNROLL=6 -DMBAR_EARLY=1 -DN_STAGES=5 -DPHASE1_UNROLL=4 -DSTAGGER_CYCLES=200 -DSUB_MMA_UNROLL=3 -DW0_LOOP_UNROLL=4 ... 2.408 ms / 1819 TFLOPS  (229 regs, 3.1s)
[487/540] -DK_LOOP_UNROLL=8 -DMBAR_EARLY=1 -DN_STAGES=5 -DPHASE1_UNROLL=1 -DSNAKE_ORDER=0 -DSTAGGER_CYCLES=200 ... 2.418 ms / 1811 TFLOPS  (168 regs, 2.9s)
[488/540] -DK_LOOP_UNROLL=8 -DMBAR_EARLY=1 -DN_STAGES=5 -DPHASE1_UNROLL=1 -DSNAKE_ORDER=0 -DSTAGGER_CYCLES=200 -DW0_LOOP_UNROLL=1 ... 2.425 ms / 1806 TFLOPS  (145 regs, 2.8s)
[489/540] -DK_LOOP_UNROLL=8 -DMBAR_EARLY=1 -DN_STAGES=5 -DPHASE1_UNROLL=1 -DSNAKE_ORDER=0 -DSTAGGER_CYCLES=200 -DW0_LOOP_UNROLL=4 ... 2.423 ms / 1808 TFLOPS  (145 regs, 2.9s)
[490/540] -DK_LOOP_UNROLL=8 -DMBAR_EARLY=1 -DN_STAGES=5 -DPHASE1_UNROLL=1 -DSNAKE_ORDER=0 -DSTAGGER_CYCLES=200 -DSUB_MMA_UNROLL=1 ... 2.528 ms / 1732 TFLOPS  (160 regs, 2.9s)
[491/540] -DK_LOOP_UNROLL=8 -DMBAR_EARLY=1 -DN_STAGES=5 -DPHASE1_UNROLL=1 -DSNAKE_ORDER=0 -DSTAGGER_CYCLES=200 -DSUB_MMA_UNROLL=1 -DW0_LOOP_UNROLL=1 ... 2.523 ms / 1736 TFLOPS  (137 regs, 2.9s)
[492/540] -DK_LOOP_UNROLL=8 -DMBAR_EARLY=1 -DN_STAGES=5 -DPHASE1_UNROLL=1 -DSNAKE_ORDER=0 -DSTAGGER_CYCLES=200 -DSUB_MMA_UNROLL=1 -DW0_LOOP_UNROLL=4 ... 2.511 ms / 1744 TFLOPS  (137 regs, 2.8s)
[493/540] -DK_LOOP_UNROLL=8 -DMBAR_EARLY=1 -DN_STAGES=5 -DPHASE1_UNROLL=1 -DSNAKE_ORDER=0 -DSTAGGER_CYCLES=200 -DSUB_MMA_UNROLL=3 ... 2.403 ms / 1823 TFLOPS  (168 regs, 2.9s)
[494/540] -DK_LOOP_UNROLL=8 -DMBAR_EARLY=1 -DN_STAGES=5 -DPHASE1_UNROLL=1 -DSNAKE_ORDER=0 -DSTAGGER_CYCLES=200 -DSUB_MMA_UNROLL=3 -DW0_LOOP_UNROLL=1 ... 2.421 ms / 1809 TFLOPS  (145 regs, 2.9s)
[495/540] -DK_LOOP_UNROLL=8 -DMBAR_EARLY=1 -DN_STAGES=5 -DPHASE1_UNROLL=1 -DSNAKE_ORDER=0 -DSTAGGER_CYCLES=200 -DSUB_MMA_UNROLL=3 -DW0_LOOP_UNROLL=4 ... 2.405 ms / 1821 TFLOPS  (145 regs, 2.8s)
[496/540] -DK_LOOP_UNROLL=8 -DMBAR_EARLY=1 -DN_STAGES=5 -DPHASE1_UNROLL=1 -DSTAGGER_CYCLES=200 ... 2.405 ms / 1821 TFLOPS  (168 regs, 2.9s)
[497/540] -DK_LOOP_UNROLL=8 -DMBAR_EARLY=1 -DN_STAGES=5 -DPHASE1_UNROLL=1 -DSTAGGER_CYCLES=200 -DW0_LOOP_UNROLL=1 ... 2.417 ms / 1813 TFLOPS  (145 regs, 2.9s)
[498/540] -DK_LOOP_UNROLL=8 -DMBAR_EARLY=1 -DN_STAGES=5 -DPHASE1_UNROLL=1 -DSTAGGER_CYCLES=200 -DW0_LOOP_UNROLL=4 ... 2.401 ms / 1825 TFLOPS  (145 regs, 2.9s)
[499/540] -DK_LOOP_UNROLL=8 -DMBAR_EARLY=1 -DN_STAGES=5 -DPHASE1_UNROLL=1 -DSTAGGER_CYCLES=200 -DSUB_MMA_UNROLL=1 ... 2.533 ms / 1729 TFLOPS  (160 regs, 2.9s)
[500/540] -DK_LOOP_UNROLL=8 -DMBAR_EARLY=1 -DN_STAGES=5 -DPHASE1_UNROLL=1 -DSTAGGER_CYCLES=200 -DSUB_MMA_UNROLL=1 -DW0_LOOP_UNROLL=1 ... 2.515 ms / 1741 TFLOPS  (137 regs, 2.9s)
[501/540] -DK_LOOP_UNROLL=8 -DMBAR_EARLY=1 -DN_STAGES=5 -DPHASE1_UNROLL=1 -DSTAGGER_CYCLES=200 -DSUB_MMA_UNROLL=1 -DW0_LOOP_UNROLL=4 ... 2.521 ms / 1737 TFLOPS  (137 regs, 2.9s)
[502/540] -DK_LOOP_UNROLL=8 -DMBAR_EARLY=1 -DN_STAGES=5 -DPHASE1_UNROLL=1 -DSTAGGER_CYCLES=200 -DSUB_MMA_UNROLL=3 ... 2.419 ms / 1811 TFLOPS  (168 regs, 3.0s)
[503/540] -DK_LOOP_UNROLL=8 -DMBAR_EARLY=1 -DN_STAGES=5 -DPHASE1_UNROLL=1 -DSTAGGER_CYCLES=200 -DSUB_MMA_UNROLL=3 -DW0_LOOP_UNROLL=1 ... 2.437 ms / 1797 TFLOPS  (145 regs, 2.9s)
[504/540] -DK_LOOP_UNROLL=8 -DMBAR_EARLY=1 -DN_STAGES=5 -DPHASE1_UNROLL=1 -DSTAGGER_CYCLES=200 -DSUB_MMA_UNROLL=3 -DW0_LOOP_UNROLL=4 ... 2.428 ms / 1804 TFLOPS  (145 regs, 2.9s)
[505/540] -DK_LOOP_UNROLL=8 -DMBAR_EARLY=1 -DN_STAGES=5 -DSNAKE_ORDER=0 -DSTAGGER_CYCLES=200 ... 2.400 ms / 1825 TFLOPS  (217 regs, 3.0s)
[506/540] -DK_LOOP_UNROLL=8 -DMBAR_EARLY=1 -DN_STAGES=5 -DSNAKE_ORDER=0 -DSTAGGER_CYCLES=200 -DW0_LOOP_UNROLL=1 ... 2.414 ms / 1814 TFLOPS  (193 regs, 2.9s)
[507/540] -DK_LOOP_UNROLL=8 -DMBAR_EARLY=1 -DN_STAGES=5 -DSNAKE_ORDER=0 -DSTAGGER_CYCLES=200 -DW0_LOOP_UNROLL=4 ... 2.407 ms / 1820 TFLOPS  (193 regs, 2.9s)
[508/540] -DK_LOOP_UNROLL=8 -DMBAR_EARLY=1 -DN_STAGES=5 -DSNAKE_ORDER=0 -DSTAGGER_CYCLES=200 -DSUB_MMA_UNROLL=1 ... 2.487 ms / 1761 TFLOPS  (209 regs, 3.0s)
[509/540] -DK_LOOP_UNROLL=8 -DMBAR_EARLY=1 -DN_STAGES=5 -DSNAKE_ORDER=0 -DSTAGGER_CYCLES=200 -DSUB_MMA_UNROLL=1 -DW0_LOOP_UNROLL=1 ... 2.491 ms / 1758 TFLOPS  (185 regs, 2.9s)
[510/540] -DK_LOOP_UNROLL=8 -DMBAR_EARLY=1 -DN_STAGES=5 -DSNAKE_ORDER=0 -DSTAGGER_CYCLES=200 -DSUB_MMA_UNROLL=1 -DW0_LOOP_UNROLL=4 ... 2.497 ms / 1754 TFLOPS  (185 regs, 3.0s)
[511/540] -DK_LOOP_UNROLL=8 -DMBAR_EARLY=1 -DN_STAGES=5 -DSNAKE_ORDER=0 -DSTAGGER_CYCLES=200 -DSUB_MMA_UNROLL=3 ... 2.385 ms / 1836 TFLOPS  (217 regs, 3.0s)
[512/540] -DK_LOOP_UNROLL=8 -DMBAR_EARLY=1 -DN_STAGES=5 -DSNAKE_ORDER=0 -DSTAGGER_CYCLES=200 -DSUB_MMA_UNROLL=3 -DW0_LOOP_UNROLL=1 ... 2.405 ms / 1822 TFLOPS  (193 regs, 3.0s)
[513/540] -DK_LOOP_UNROLL=8 -DMBAR_EARLY=1 -DN_STAGES=5 -DSNAKE_ORDER=0 -DSTAGGER_CYCLES=200 -DSUB_MMA_UNROLL=3 -DW0_LOOP_UNROLL=4 ... 2.383 ms / 1838 TFLOPS  (193 regs, 3.0s)
[514/540] -DK_LOOP_UNROLL=8 -DMBAR_EARLY=1 -DN_STAGES=5 -DSTAGGER_CYCLES=200 ... 2.397 ms / 1827 TFLOPS  (217 regs, 3.0s)
[515/540] -DK_LOOP_UNROLL=8 -DMBAR_EARLY=1 -DN_STAGES=5 -DSTAGGER_CYCLES=200 -DW0_LOOP_UNROLL=1 ... 2.403 ms / 1823 TFLOPS  (193 regs, 2.9s)
[516/540] -DK_LOOP_UNROLL=8 -DMBAR_EARLY=1 -DN_STAGES=5 -DSTAGGER_CYCLES=200 -DW0_LOOP_UNROLL=4 ... 2.408 ms / 1819 TFLOPS  (193 regs, 3.0s)
[517/540] -DK_LOOP_UNROLL=8 -DMBAR_EARLY=1 -DN_STAGES=5 -DSTAGGER_CYCLES=200 -DSUB_MMA_UNROLL=1 ... 2.491 ms / 1759 TFLOPS  (209 regs, 3.1s)
[518/540] -DK_LOOP_UNROLL=8 -DMBAR_EARLY=1 -DN_STAGES=5 -DSTAGGER_CYCLES=200 -DSUB_MMA_UNROLL=1 -DW0_LOOP_UNROLL=1 ... 2.510 ms / 1745 TFLOPS  (185 regs, 2.9s)
[519/540] -DK_LOOP_UNROLL=8 -DMBAR_EARLY=1 -DN_STAGES=5 -DSTAGGER_CYCLES=200 -DSUB_MMA_UNROLL=1 -DW0_LOOP_UNROLL=4 ... 2.492 ms / 1757 TFLOPS  (185 regs, 3.0s)
[520/540] -DK_LOOP_UNROLL=8 -DMBAR_EARLY=1 -DN_STAGES=5 -DSTAGGER_CYCLES=200 -DSUB_MMA_UNROLL=3 ... 2.391 ms / 1832 TFLOPS  (217 regs, 3.1s)
[521/540] -DK_LOOP_UNROLL=8 -DMBAR_EARLY=1 -DN_STAGES=5 -DSTAGGER_CYCLES=200 -DSUB_MMA_UNROLL=3 -DW0_LOOP_UNROLL=1 ... 2.429 ms / 1804 TFLOPS  (193 regs, 3.0s)
[522/540] -DK_LOOP_UNROLL=8 -DMBAR_EARLY=1 -DN_STAGES=5 -DSTAGGER_CYCLES=200 -DSUB_MMA_UNROLL=3 -DW0_LOOP_UNROLL=4 ... 2.418 ms / 1812 TFLOPS  (193 regs, 3.1s)
[523/540] -DK_LOOP_UNROLL=8 -DMBAR_EARLY=1 -DN_STAGES=5 -DPHASE1_UNROLL=4 -DSNAKE_ORDER=0 -DSTAGGER_CYCLES=200 ... 2.473 ms / 1771 TFLOPS  (246 regs, 3.1s)
[524/540] -DK_LOOP_UNROLL=8 -DMBAR_EARLY=1 -DN_STAGES=5 -DPHASE1_UNROLL=4 -DSNAKE_ORDER=0 -DSTAGGER_CYCLES=200 -DW0_LOOP_UNROLL=1 ... 2.417 ms / 1812 TFLOPS  (229 regs, 3.1s)
[525/540] -DK_LOOP_UNROLL=8 -DMBAR_EARLY=1 -DN_STAGES=5 -DPHASE1_UNROLL=4 -DSNAKE_ORDER=0 -DSTAGGER_CYCLES=200 -DW0_LOOP_UNROLL=4 ... 2.405 ms / 1821 TFLOPS  (229 regs, 3.1s)
[526/540] -DK_LOOP_UNROLL=8 -DMBAR_EARLY=1 -DN_STAGES=5 -DPHASE1_UNROLL=4 -DSNAKE_ORDER=0 -DSTAGGER_CYCLES=200 -DSUB_MMA_UNROLL=1 ... 2.495 ms / 1756 TFLOPS  (245 regs, 3.1s)
[527/540] -DK_LOOP_UNROLL=8 -DMBAR_EARLY=1 -DN_STAGES=5 -DPHASE1_UNROLL=4 -DSNAKE_ORDER=0 -DSTAGGER_CYCLES=200 -DSUB_MMA_UNROLL=1 -DW0_LOOP_UNROLL=1 ... 2.512 ms / 1744 TFLOPS  (221 regs, 3.0s)
[528/540] -DK_LOOP_UNROLL=8 -DMBAR_EARLY=1 -DN_STAGES=5 -DPHASE1_UNROLL=4 -DSNAKE_ORDER=0 -DSTAGGER_CYCLES=200 -DSUB_MMA_UNROLL=1 -DW0_LOOP_UNROLL=4 ... 2.498 ms / 1753 TFLOPS  (221 regs, 3.0s)
[529/540] -DK_LOOP_UNROLL=8 -DMBAR_EARLY=1 -DN_STAGES=5 -DPHASE1_UNROLL=4 -DSNAKE_ORDER=0 -DSTAGGER_CYCLES=200 -DSUB_MMA_UNROLL=3 ... 2.474 ms / 1770 TFLOPS  (246 regs, 3.2s)
[530/540] -DK_LOOP_UNROLL=8 -DMBAR_EARLY=1 -DN_STAGES=5 -DPHASE1_UNROLL=4 -DSNAKE_ORDER=0 -DSTAGGER_CYCLES=200 -DSUB_MMA_UNROLL=3 -DW0_LOOP_UNROLL=1 ... 2.432 ms / 1801 TFLOPS  (229 regs, 3.1s)
[531/540] -DK_LOOP_UNROLL=8 -DMBAR_EARLY=1 -DN_STAGES=5 -DPHASE1_UNROLL=4 -DSNAKE_ORDER=0 -DSTAGGER_CYCLES=200 -DSUB_MMA_UNROLL=3 -DW0_LOOP_UNROLL=4 ... 2.401 ms / 1824 TFLOPS  (229 regs, 3.1s)
[532/540] -DK_LOOP_UNROLL=8 -DMBAR_EARLY=1 -DN_STAGES=5 -DPHASE1_UNROLL=4 -DSTAGGER_CYCLES=200 ... 2.456 ms / 1783 TFLOPS  (246 regs, 3.2s)
[533/540] -DK_LOOP_UNROLL=8 -DMBAR_EARLY=1 -DN_STAGES=5 -DPHASE1_UNROLL=4 -DSTAGGER_CYCLES=200 -DW0_LOOP_UNROLL=1 ... 2.410 ms / 1818 TFLOPS  (229 regs, 3.1s)
[534/540] -DK_LOOP_UNROLL=8 -DMBAR_EARLY=1 -DN_STAGES=5 -DPHASE1_UNROLL=4 -DSTAGGER_CYCLES=200 -DW0_LOOP_UNROLL=4 ... 2.417 ms / 1812 TFLOPS  (229 regs, 3.1s)
[535/540] -DK_LOOP_UNROLL=8 -DMBAR_EARLY=1 -DN_STAGES=5 -DPHASE1_UNROLL=4 -DSTAGGER_CYCLES=200 -DSUB_MMA_UNROLL=1 ... 2.495 ms / 1756 TFLOPS  (245 regs, 3.2s)
[536/540] -DK_LOOP_UNROLL=8 -DMBAR_EARLY=1 -DN_STAGES=5 -DPHASE1_UNROLL=4 -DSTAGGER_CYCLES=200 -DSUB_MMA_UNROLL=1 -DW0_LOOP_UNROLL=1 ... 2.503 ms / 1750 TFLOPS  (221 regs, 3.1s)
[537/540] -DK_LOOP_UNROLL=8 -DMBAR_EARLY=1 -DN_STAGES=5 -DPHASE1_UNROLL=4 -DSTAGGER_CYCLES=200 -DSUB_MMA_UNROLL=1 -DW0_LOOP_UNROLL=4 ... 2.485 ms / 1762 TFLOPS  (221 regs, 3.1s)
[538/540] -DK_LOOP_UNROLL=8 -DMBAR_EARLY=1 -DN_STAGES=5 -DPHASE1_UNROLL=4 -DSTAGGER_CYCLES=200 -DSUB_MMA_UNROLL=3 ... 2.459 ms / 1781 TFLOPS  (246 regs, 3.1s)
[539/540] -DK_LOOP_UNROLL=8 -DMBAR_EARLY=1 -DN_STAGES=5 -DPHASE1_UNROLL=4 -DSTAGGER_CYCLES=200 -DSUB_MMA_UNROLL=3 -DW0_LOOP_UNROLL=1 ... 2.408 ms / 1819 TFLOPS  (229 regs, 3.1s)
[540/540] -DK_LOOP_UNROLL=8 -DMBAR_EARLY=1 -DN_STAGES=5 -DPHASE1_UNROLL=4 -DSTAGGER_CYCLES=200 -DSUB_MMA_UNROLL=3 -DW0_LOOP_UNROLL=4 ... 2.423 ms / 1808 TFLOPS  (229 regs, 3.1s)

Tier 3 winner: -DCVT_ADD_FUSED=0 -DMBAR_EARLY=1 -DN_STAGES=5 -DSTAGGER_CYCLES=200 → 1.514 ms / 2892 TFLOPS

=== Tier 4: PRELOAD_MODE, PREFETCH_BEFORE_STORE ===
Sweep: 6 total, 6 valid, 0 pruned
Estimated time: ~0 min (6 configs × ~5s each)

[1/6] -DCVT_ADD_FUSED=0 -DMBAR_EARLY=1 -DN_STAGES=5 -DPRELOAD_MODE=0 -DSTAGGER_CYCLES=200 ... 1.512 ms / 2896 TFLOPS  (255 regs, 3.0s)
[2/6] -DCVT_ADD_FUSED=0 -DMBAR_EARLY=1 -DN_STAGES=5 -DSTAGGER_CYCLES=200 ... 1.514 ms / 2893 TFLOPS  (255 regs, 3.0s)
[3/6] -DCVT_ADD_FUSED=0 -DMBAR_EARLY=1 -DN_STAGES=5 -DPRELOAD_MODE=2 -DSTAGGER_CYCLES=200 ... 1.515 ms / 2892 TFLOPS  (255 regs, 3.0s)
[4/6] -DCVT_ADD_FUSED=0 -DMBAR_EARLY=1 -DN_STAGES=5 -DPREFETCH_BEFORE_STORE=1 -DPRELOAD_MODE=0 -DSTAGGER_CYCLES=200 ... 1.512 ms / 2898 TFLOPS  (255 regs, 3.0s)
[5/6] -DCVT_ADD_FUSED=0 -DMBAR_EARLY=1 -DN_STAGES=5 -DPREFETCH_BEFORE_STORE=1 -DSTAGGER_CYCLES=200 ... 1.514 ms / 2893 TFLOPS  (255 regs, 3.0s)
[6/6] -DCVT_ADD_FUSED=0 -DMBAR_EARLY=1 -DN_STAGES=5 -DPREFETCH_BEFORE_STORE=1 -DPRELOAD_MODE=2 -DSTAGGER_CYCLES=200 ... 1.514 ms / 2894 TFLOPS  (255 regs, 3.0s)

Tier 4 winner: -DCVT_ADD_FUSED=0 -DMBAR_EARLY=1 -DN_STAGES=5 -DPRELOAD_MODE=0 -DSTAGGER_CYCLES=200 → 1.512 ms / 2896 TFLOPS

@@GRID_WINNER -DCVT_ADD_FUSED=0 -DMBAR_EARLY=1 -DN_STAGES=5 -DPRELOAD_MODE=0 -DSTAGGER_CYCLES=200

================================================================================
RESULTS (sorted by ms)
================================================================================
  #  STG  EPI  INTER  MBAR  TMEM  STAG  PH1U  SNAKE  FUSE  KLU  W0U  SMU  PRLD  PFBS  REGS     SMEM       MS   TFLOPS  STATUS
-----------------------------------------------------------------------------------------------------------------------------
  1    5    4      2     1    32   200     2      1     1    4    0    0     1     0   255   224.1K    1.511     2898  BEST
  2    5    4      2     1    32   200     2      1     0    4    0    0     0     0   255   224.1K    1.512     2896  OK
  3    5    4      2     1    32   200     2      1     0    4    0    0     0     1   255   224.1K    1.512     2898  OK
  4    5    4      2     1    64    60     2      1     1    4    0    0     1     0   255   224.1K    1.514     2893  OK
  5    5    4      2     1    64   120     2      1     1    4    0    0     1     0   255   224.1K    1.514     2892  OK
  6    5    4      2     1    64   200     2      1     1    4    0    0     1     0   255   224.1K    1.514     2893  OK
  7    5    4      2     1    32   200     2      1     0    4    0    0     1     0   255   224.1K    1.514     2892  OK
  8    5    4      2     1    32   200     2      1     0    4    0    0     1     0   255   224.1K    1.514     2893  OK
  9    5    4      2     1    32   200     2      1     0    4    0    0     1     1   255   224.1K    1.514     2893  OK
 10    5    4      2     1    32   200     2      1     0    4    0    0     2     1   255   224.1K    1.514     2894  OK
 11    5    4      2     1    64   100     2      1     1    4    0    0     1     0   255   224.1K    1.515     2891  OK
 12    5    4      2     1    32   200     2      1     0    4    0    3     1     0   255   224.1K    1.515     2892  OK
 13    5    4      2     1    32   200     2      1     1    4    0    0     1     0   255   224.1K    1.515     2892  OK
 14    5    4      2     1    32   200     2      1     1    4    0    3     1     0   255   224.1K    1.515     2892  OK
 15    5    4      2     1    32   200     2      1     0    4    0    0     2     0   255   224.1K    1.515     2892  OK
 16    5    4      2     1    64    40     2      1     1    4    0    0     1     0   255   224.1K    1.516     2889  OK
 17    5    4      2     1    32   120     2      1     1    4    0    0     1     0   255   224.1K    1.516     2889  OK
 18    5    4      2     1    64   160     2      1     1    4    0    0     1     0   255   224.1K    1.516     2890  OK
 19    5    4      2     0    32   100     2      1     1    4    0    0     1     0   255   224.1K    1.517     2887  OK
 20    5    4      2     1    64    80     2      1     1    4    0    0     1     0   255   224.1K    1.517     2888  OK
 21    5    4      1     1    32     0     2      1     1    4    0    0     1     0   255   224.1K    1.518     2885  OK
 22    5    4      2     0    32   200     2      1     1    4    0    0     1     0   255   224.1K    1.518     2886  OK
 23    5    4      2     1    32   160     2      1     1    4    0    0     1     0   255   224.1K    1.518     2885  OK
 24    5    4      1     0    32   160     2      1     1    4    0    0     1     0   255   224.1K    1.519     2884  OK
 25    5    4      1     1    32   160     2      1     1    4    0    0     1     0   255   224.1K    1.519     2884  OK
 26    5    4      1     1    32   200     2      1     1    4    0    0     1     0   255   224.1K    1.519     2884  OK
 27    5    4      2     0    32     0     2      1     1    4    0    0     1     0   255   224.1K    1.519     2883  OK
 28    5    4      2     1    32     0     2      1     1    4    0    0     1     0   255   224.1K    1.519     2884  OK
 29    5    4      2     1    32    80     2      1     1    4    0    0     1     0   255   224.1K    1.519     2883  OK
 30    5    4      2     1    32   100     2      1     1    4    0    0     1     0   255   224.1K    1.519     2884  OK
 31    5    4      2     1    32   200     2      0     1    4    0    3     1     0   255   224.1K    1.519     2884  OK
 32    5    4      1     0    64     0     2      1     1    4    0    0     1     0   255   224.1K    1.520     2881  OK
 33    5    4      1     0    32   200     2      1     1    4    0    0     1     0   255   224.1K    1.520     2882  OK
 34    5    4      2     0    32   160     2      1     1    4    0    0     1     0   255   224.1K    1.520     2882  OK
 35    5    4      2     1    64     0     2      1     1    4    0    0     1     0   255   224.1K    1.520     2881  OK
 36    5    4      2     1    32   200     2      0     0    4    0    0     1     0   255   224.1K    1.520     2882  OK
 37    5    4      2     1    32   200     2      0     0    4    0    3     1     0   255   224.1K    1.520     2882  OK
 38    5    4      1     0    32     0     2      1     1    4    0    0     1     0   255   224.1K    1.521     2880  OK
 39    5    4      2     0    32    80     2      1     1    4    0    0     1     0   255   224.1K    1.521     2879  OK
 40    5    4      2     1    32   200     2      0     1    4    0    0     1     0   255   224.1K    1.521     2880  OK
 41    5    4      2     0    32    80     2      1     1    4    0    0     1     0   255   224.1K    1.522     2877  OK
 42    5    4      1     1    32    80     2      1     1    4    0    0     1     0   255   224.1K    1.522     2878  OK
 43    5    4      1     1    32   120     2      1     1    4    0    0     1     0   255   224.1K    1.522     2877  OK
 44    5    4      2     0    64     0     2      1     1    4    0    0     1     0   255   224.1K    1.522     2877  OK
 45    5    4      2     0    32   120     2      1     1    4    0    0     1     0   255   224.1K    1.522     2878  OK
 46    5    4      1     0    32   100     2      1     1    4    0    0     1     0   255   224.1K    1.524     2875  OK
 47    5    4      1     0    32   120     2      1     1    4    0    0     1     0   255   224.1K    1.524     2875  OK
 48    5    4      0     1    64     0     2      1     1    4    0    0     1     0   255   224.1K    1.525     2872  OK
 49    5    4      0     0    32   200     2      1     1    4    0    0     1     0   255   224.1K    1.526     2870  OK
 50    5    4      1     1    32   100     2      1     1    4    0    0     1     0   255   224.1K    1.526     2870  OK
 51    5    4      1     0    32    80     2      1     1    4    0    0     1     0   255   224.1K    1.527     2869  OK
 52    5    4      2     1    32   200     1      1     0    4    0    1     1     0   177   224.1K    1.527     2868  OK
 53    5    4      2     0    32    40     2      1     1    4    0    0     1     0   255   224.1K    1.528     2867  OK
 54    5    4      0     1    32   160     2      1     1    4    0    0     1     0   255   224.1K    1.529     2864  OK
 55    5    4      0     1    64    60     2      1     1    4    0    0     1     0   255   224.1K    1.530     2862  OK
 56    5    4      0     1    64    80     2      1     1    4    0    0     1     0   255   224.1K    1.530     2862  OK
 57    5    4      0     1    32   200     2      1     1    4    0    0     1     0   255   224.1K    1.530     2863  OK
 58    5    4      1     0    64   120     2      1     1    4    0    0     1     0   255   224.1K    1.530     2864  OK
 59    5    4      1     0    64   200     2      1     1    4    0    0     1     0   255   224.1K    1.530     2862  OK
 60    5    4      0     0    64    40     2      1     1    4    0    0     1     0   255   224.1K    1.531     2860  OK
 61    5    4      2     0    64    40     2      1     1    4    0    0     1     0   255   224.1K    1.531     2862  OK
 62    5    4      2     0    32    60     2      1     1    4    0    0     1     0   255   224.1K    1.531     2861  OK
 63    5    4      2     0    64   200     2      1     1    4    0    0     1     0   255   224.1K    1.531     2860  OK
 64    5    4      2     1    32   200     1      1     1    4    0    1     1     0   177   224.1K    1.531     2861  OK
 65    5    4      0     0    32     0     2      1     1    4    0    0     1     0   255   224.1K    1.532     2860  OK
 66    5    4      0     0    32   160     2      1     1    4    0    0     1     0   255   224.1K    1.532     2859  OK
 67    5    4      0     1    64   120     2      1     1    4    0    0     1     0   255   224.1K    1.532     2860  OK
 68    5    4      1     0    64    40     2      1     1    4    0    0     1     0   255   224.1K    1.532     2859  OK
 69    5    4      1     0    64   160     2      1     1    4    0    0     1     0   255   224.1K    1.532     2859  OK
 70    5    4      2     1    32    60     2      1     1    4    0    0     1     0   255   224.1K    1.532     2860  OK
 71    5    4      2     1    32   200     1      0     1    4    0    0     1     0   233   224.1K    1.532     2859  OK
 72    5    4      0     0    64     0     2      1     1    4    0    0     1     0   255   224.1K    1.533     2857  OK
 73    5    4      0     1    64   100     2      1     1    4    0    0     1     0   255   224.1K    1.533     2857  OK
 74    5    4      3     0    64   120     2      1     1    4    0    0     1     0   255   224.1K    1.533     2858  OK
 75    5    4      0     1    32     0     2      1     1    4    0    0     1     0   255   224.1K    1.534     2854  OK
 76    5    4      0     1    64    40     2      1     1    4    0    0     1     0   255   224.1K    1.534     2856  OK
 77    5    4      0     1    64   160     2      1     1    4    0    0     1     0   255   224.1K    1.534     2855  OK
 78    5    4      1     0    64   100     2      1     1    4    0    0     1     0   255   224.1K    1.534     2855  OK
 79    5    4      2     0    64   160     2      1     1    4    0    0     1     0   255   224.1K    1.534     2856  OK
 80    5    4      2     1    32    40     2      1     1    4    0    0     1     0   255   224.1K    1.534     2855  OK
 81    5    4      3     0    64    40     2      1     1    4    0    0     1     0   255   224.1K    1.534     2855  OK
 82    5    4      3     1    32   200     2      1     1    4    0    0     1     0   255   224.1K    1.534     2856  OK
 83    5    4      2     1    32   200     1      0     0    4    0    1     1     0   177   224.1K    1.534     2855  OK
 84    5    4      2     1    32   200     1      0     1    4    0    1     1     0   177   224.1K    1.534     2855  OK
 85    5    4      2     1    32   200     1      0     1    4    0    3     1     0   233   224.1K    1.534     2856  OK
 86    5    4      0     1    32   100     2      1     1    4    0    0     1     0   255   224.1K    1.535     2854  OK
 87    5    4      0     1    64   200     2      1     1    4    0    0     1     0   255   224.1K    1.535     2853  OK
 88    5    4      3     1    32     0     2      1     1    4    0    0     1     0   254   224.1K    1.535     2853  OK
 89    5    4      3     1    32   120     2      1     1    4    0    0     1     0   255   224.1K    1.535     2853  OK
 90    5    4      3     1    32   160     2      1     1    4    0    0     1     0   255   224.1K    1.535     2853  OK
 91    5    4      2     1    32   200     1      0     0    4    0    0     1     0   233   224.1K    1.535     2854  OK
 92    5    4      2     1    32   200     1      0     0    4    0    3     1     0   233   224.1K    1.535     2853  OK
 93    5    4      0     0    32    40     2      1     1    4    0    0     1     0   255   224.1K    1.536     2852  OK
 94    5    4      0     0    32   100     2      1     1    4    0    0     1     0   255   224.1K    1.536     2852  OK
 95    5    4      0     0    32   120     2      1     1    4    0    0     1     0   255   224.1K    1.536     2852  OK
 96    5    4      0     0    64   120     2      1     1    4    0    0     1     0   255   224.1K    1.536     2851  OK
 97    5    4      1     0    64    60     2      1     1    4    0    0     1     0   255   224.1K    1.536     2851  OK
 98    5    4      3     0    32     0     2      1     1    4    0    0     1     0   254   224.1K    1.536     2852  OK
 99    5    4      2     1    32   200     1      1     0    4    0    0     1     0   233   224.1K    1.536     2852  OK
100    5    4      2     1    32   200     1      1     0    4    0    3     1     0   233   224.1K    1.536     2852  OK
101    5    4      2     1    32   200     1      1     1    4    0    0     1     0   233   224.1K    1.536     2852  OK
102    5    4      2     1    32   200     1      1     1    4    0    3     1     0   233   224.1K    1.536     2852  OK
103    5    4      2     1    32   200     2      0     1    4    0    1     1     0   226   224.1K    1.536     2851  OK
104    5    4      2     1    32   200     2      1     1    4    0    1     1     0   226   224.1K    1.536     2852  OK
105    5    4      0     1    32    40     2      1     1    4    0    0     1     0   255   224.1K    1.537     2850  OK
106    5    4      3     0    64     0     2      1     1    4    0    0     1     0   255   224.1K    1.537     2850  OK
107    5    4      3     0    64    60     2      1     1    4    0    0     1     0   255   224.1K    1.537     2850  OK
108    5    4      3     0    32   160     2      1     1    4    0    0     1     0   255   224.1K    1.537     2850  OK
109    5    4      0     1    32   120     2      1     1    4    0    0     1     0   255   224.1K    1.538     2849  OK
110    5    4      1     1    32    40     2      1     1    4    0    0     1     0   255   224.1K    1.538     2848  OK
111    5    4      1     1    64    40     2      1     1    4    0    0     1     0   255   224.1K    1.538     2848  OK
112    5    4      1     1    64    60     2      1     1    4    0    0     1     0   255   224.1K    1.538     2848  OK
113    5    4      3     1    32   100     2      1     1    4    0    0     1     0   255   224.1K    1.538     2847  OK
114    5    4      1     1    64    80     2      1     1    4    0    0     1     0   255   224.1K    1.539     2846  OK
115    5    4      3     0    32    40     2      1     1    4    0    0     1     0   255   224.1K    1.539     2847  OK
116    5    4      3     0    32   200     2      1     1    4    0    0     1     0   255   224.1K    1.539     2846  OK
117    5    4      0     1    32    80     2      1     1    4    0    0     1     0   255   224.1K    1.540     2844  OK
118    5    4      2     0    64   120     2      1     1    4    0    0     1     0   255   224.1K    1.540     2845  OK
119    5    4      3     0    32   100     2      1     1    4    0    0     1     0   255   224.1K    1.540     2844  OK
120    5    4      3     0    32   120     2      1     1    4    0    0     1     0   255   224.1K    1.540     2845  OK
121    5    4      3     1    64     0     2      1     1    4    0    0     1     0   255   224.1K    1.540     2844  OK
122    5    4      2     1    32   200     2      0     0    4    0    1     1     0   226   224.1K    1.540     2845  OK
123    5    4      2     1    32   200     2      1     0    4    0    1     1     0   226   224.1K    1.540     2844  OK
124    5    4      0     0    64    60     2      1     1    4    0    0     1     0   255   224.1K    1.542     2841  OK
125    5    4      0     0    32    80     2      1     1    4    0    0     1     0   255   224.1K    1.542     2840  OK
126    5    4      3     1    32    80     2      1     1    4    0    0     1     0   255   224.1K    1.542     2840  OK
127    5    4      1     0    64    80     2      1     1    4    0    0     1     0   255   224.1K    1.543     2840  OK
128    5    4      1     1    32    60     2      1     1    4    0    0     1     0   255   224.1K    1.543     2840  OK
129    5    4      3     1    32    40     2      1     1    4    0    0     1     0   255   224.1K    1.543     2840  OK
130    5    4      2     0    64   100     2      1     1    4    0    0     1     0   255   224.1K    1.544     2837  OK
131    5    4      1     0    32    40     2      1     1    4    0    0     1     0   255   224.1K    1.545     2835  OK
132    5    4      1     0    32    60     2      1     1    4    0    0     1     0   255   224.1K    1.546     2833  OK
133    5    4      2     0    64    80     2      1     1    4    0    0     1     0   255   224.1K    1.546     2833  OK
134    5    4      3     0    64   200     2      1     1    4    0    0     1     0   255   224.1K    1.546     2833  OK
135    5    4      0     0    64   200     2      1     1    4    0    0     1     0   255   224.1K    1.547     2831  OK
136    5    4      0     0    64   160     2      1     1    4    0    0     1     0   255   224.1K    1.548     2829  OK
137    5    4      3     0    32    80     2      1     1    4    0    0     1     0   255   224.1K    1.548     2830  OK
138    5    4      3     0    64   160     2      1     1    4    0    0     1     0   255   224.1K    1.549     2828  OK
139    5    4      2     0    64    60     2      1     1    4    0    0     1     0   255   224.1K    1.550     2825  OK
140    5    4      1     1    64   100     2      1     1    4    0    0     1     0   255   224.1K    1.551     2824  OK
141    5    4      0     0    32    60     2      1     1    4    0    0     1     0   255   224.1K    1.552     2822  OK
142    5    4      3     1    64    60     2      1     1    4    0    0     1     0   255   224.1K    1.552     2822  OK
143    5    4      2     1    32   200     4      0     0    4    0    1     1     0   244   224.1K    1.552     2823  OK
144    5    4      3     1    64    40     2      1     1    4    0    0     1     0   255   224.1K    1.553     2820  OK
145    5    4      3     1    32    60     2      1     1    4    0    0     1     0   255   224.1K    1.553     2821  OK
146    5    4      1     1    64   160     2      1     1    4    0    0     1     0   255   224.1K    1.554     2818  OK
147    5    4      3     0    64    80     2      1     1    4    0    0     1     0   255   224.1K    1.554     2819  OK
148    5    4      2     1    32   200     4      1     0    4    0    1     1     0   244   224.1K    1.554     2819  OK
149    5    4      2     1    32   200     4      1     1    4    0    1     1     0   244   224.1K    1.554     2818  OK
150    5    4      3     0    32    60     2      1     1    4    0    0     1     0   255   224.1K    1.555     2817  OK
151    5    4      0     1    32    60     2      1     1    4    0    0     1     0   255   224.1K    1.556     2815  OK
152    5    4      3     1    64    80     2      1     1    4    0    0     1     0   255   224.1K    1.556     2816  OK
153    5    4      2     1    32   200     4      0     1    4    0    1     1     0   244   224.1K    1.556     2814  OK
154    5    4      1     1    64   200     2      1     1    4    0    0     1     0   255   224.1K    1.557     2814  OK
155    5    4      3     0    64   100     2      1     1    4    0    0     1     0   255   224.1K    1.558     2811  OK
156    5    4      3     1    64   100     2      1     1    4    0    0     1     0   255   224.1K    1.559     2809  OK
157    5    4      1     1    64     0     2      1     1    4    0    0     1     0   255   224.1K    1.560     2807  OK
158    5    4      3     1    64   120     2      1     1    4    0    0     1     0   255   224.1K    1.560     2808  OK
159    5    4      0     0    64   100     2      1     1    4    0    0     1     0   255   224.1K    1.561     2805  OK
160    5    4      0     0    64    80     2      1     1    4    0    0     1     0   255   224.1K    1.562     2804  OK
161    5    4      1     1    64   120     2      1     1    4    0    0     1     0   255   224.1K    1.562     2803  OK
162    5    4      3     1    64   160     2      1     1    4    0    0     1     0   255   224.1K    1.582     2769  OK
163    5    4      3     1    64   200     2      1     1    4    0    0     1     0   255   224.1K    1.589     2756  OK
164    4    4      2     0    32    80     2      1     1    4    0    0     1     0   255   192.1K    1.660     2638  OK
165    4    5      2     0    32    80     2      1     1    4    0    0     1     0   254   208.1K    1.735     2525  OK
166    3    4      2     0    32    80     2      1     1    4    0    0     1     0   240   160.1K    1.977     2215  OK
167    3    5      2     0    32    80     2      1     1    4    0    0     1     0   242   176.1K    1.987     2204  OK
168    5    4      2     1    32   200     1      1     1    4    4    3     1     0   214   224.1K    2.268     1931  OK
169    5    4      2     1    32   200     1      0     1    4    4    0     1     0   214   224.1K    2.275     1925  OK
170    5    4      2     1    32   200     2      0     1    4    4    0     1     0   254   224.1K    2.275     1925  OK
171    5    4      2     1    32   200     2      1     0    4    4    0     1     0   254   224.1K    2.283     1919  OK
172    5    4      2     1    32   200     2      1     1    4    4    0     1     0   254   224.1K    2.283     1918  OK
173    5    4      2     1    32   200     1      0     0    4    4    0     1     0   214   224.1K    2.290     1913  OK
174    5    4      2     1    32   200     2      0     1    4    4    3     1     0   254   224.1K    2.291     1912  OK
175    5    4      2     1    32   200     2      1     0    4    4    1     1     0   206   224.1K    2.296     1908  OK
176    5    4      2     1    32   200     4      0     0    4    4    1     1     0   242   224.1K    2.301     1904  OK
177    5    4      2     1    32   200     1      1     1    4    4    1     1     0   158   224.1K    2.301     1904  OK
178    5    4      2     1    32   200     1      1     0    4    4    1     1     0   158   224.1K    2.302     1902  OK
179    5    4      2     1    32   200     1      0     1    4    4    3     1     0   214   224.1K    2.303     1901  OK
180    5    4      2     1    32   200     2      0     1    4    4    1     1     0   206   224.1K    2.303     1902  OK
181    5    4      2     1    32   200     2      1     0    4    4    3     1     0   254   224.1K    2.305     1900  OK
182    5    4      2     1    32   200     1      1     0    4    4    0     1     0   214   224.1K    2.307     1898  OK
183    5    4      2     1    32   200     1      0     0    4    4    3     1     0   214   224.1K    2.312     1894  OK
184    5    4      2     1    32   200     2      0     0    4    4    1     1     0   206   224.1K    2.314     1893  OK
185    5    4      2     1    32   200     1      0     0    4    4    1     1     0   158   224.1K    2.316     1891  OK
186    5    4      2     1    32   200     4      1     0    4    4    1     1     0   242   224.1K    2.316     1891  OK
187    5    4      2     1    32   200     4      0     1    4    4    1     1     0   242   224.1K    2.322     1887  OK
188    5    4      2     1    32   200     1      1     1    4    4    0     1     0   214   224.1K    2.324     1885  OK
189    5    4      2     1    32   200     1      0     1    4    4    1     1     0   158   224.1K    2.325     1884  OK
190    5    4      2     1    32   200     2      1     1    4    4    1     1     0   206   224.1K    2.325     1884  OK
191    5    4      2     1    32   200     2      0     0    4    4    3     1     0   254   224.1K    2.326     1883  OK
192    5    4      2     1    32   200     4      1     1    4    4    1     1     0   242   224.1K    2.328     1882  OK
193    5    4      2     1    32   200     4      1     0    4    1    1     1     0   242   224.1K    2.330     1880  OK
194    5    4      2     1    32   200     2      0     1    4    1    3     1     0   254   224.1K    2.330     1880  OK
195    5    4      2     1    32   200     2      1     1    4    4    3     1     0   254   224.1K    2.330     1880  OK
196    5    4      2     1    32   200     2      0     0    4    4    0     1     0   254   224.1K    2.332     1878  OK
197    5    4      2     1    32   200     2      1     0    4    1    1     1     0   206   224.1K    2.341     1871  OK
198    5    4      2     1    32   200     1      1     1    4    1    3     1     0   214   224.1K    2.345     1868  OK
199    5    4      2     1    32   200     2      0     1    4    1    1     1     0   206   224.1K    2.346     1867  OK
200    5    4      2     1    32   200     4      1     1    4    1    1     1     0   242   224.1K    2.346     1867  OK
201    5    4      2     1    32   200     2      0     1    4    1    0     1     0   254   224.1K    2.347     1867  OK
202    5    4      2     1    32   200     1      1     0    4    4    3     1     0   214   224.1K    2.348     1865  OK
203    5    4      2     1    32   200     1      0     1    4    1    0     1     0   214   224.1K    2.348     1865  OK
204    5    4      2     1    32   200     4      0     0    4    1    3     1     0   255   224.1K    2.349     1865  OK
205    5    4      2     1    32   200     1      1     0    4    1    0     1     0   214   224.1K    2.350     1864  OK
206    5    4      2     1    32   200     1      0     0    4    1    1     1     0   158   224.1K    2.351     1863  OK
207    5    4      2     1    32   200     4      0     0    4    1    1     1     0   242   224.1K    2.351     1863  OK
208    5    4      2     1    32   200     2      0     0    4    1    3     1     0   254   224.1K    2.352     1862  OK
209    5    4      2     1    32   200     1      1     0    4    1    3     1     0   214   224.1K    2.356     1859  OK
210    5    4      2     1    32   200     4      1     0    4    1    0     1     0   255   224.1K    2.356     1859  OK
211    5    4      2     1    32   200     2      1     1    4    1    1     1     0   206   224.1K    2.356     1859  OK
212    5    4      2     1    32   200     1      1     0    4    1    1     1     0   158   224.1K    2.360     1856  OK
213    5    4      2     1    32   200     2      1     0    4    1    3     1     0   254   224.1K    2.360     1856  OK
214    5    4      2     1    32   200     1      0     0    4    1    0     1     0   214   224.1K    2.362     1854  OK
215    5    4      2     1    32   200     1      1     1    4    1    0     1     0   214   224.1K    2.362     1854  OK
216    5    4      2     1    32   200     4      0     1    4    1    3     1     0   255   224.1K    2.363     1854  OK
217    5    4      2     1    32   200     4      0     1    4    1    0     1     0   255   224.1K    2.365     1852  OK
218    5    4      2     1    32   200     1      0     1    4    1    1     1     0   158   224.1K    2.368     1850  OK
219    5    4      2     1    32   200     2      0     1    6    0    0     1     0   217   224.1K    2.368     1850  OK
220    5    4      2     1    32   200     2      0     0    4    1    0     1     0   254   224.1K    2.369     1849  OK
221    5    4      2     1    32   200     2      1     1    4    1    3     1     0   254   224.1K    2.369     1849  OK
222    5    4      2     1    32   200     2      0     1    6    0    3     1     0   217   224.1K    2.371     1847  OK
223    5    4      2     1    32   200     4      0     1    4    1    1     1     0   242   224.1K    2.373     1846  OK
224    5    4      2     1    32   200     1      1     1    4    1    1     1     0   158   224.1K    2.374     1845  OK
225    5    4      2     1    32   200     2      0     0    4    1    1     1     0   206   224.1K    2.377     1842  OK
226    5    4      2     1    32   200     1      0     1    4    1    3     1     0   214   224.1K    2.378     1842  OK
227    5    4      2     1    32   200     2      1     0    4    1    0     1     0   254   224.1K    2.380     1840  OK
228    5    4      2     1    32   200     1      1     0    6    0    0     1     0   168   224.1K    2.380     1841  OK
229    5    4      2     1    32   200     2      1     1    6    4    0     1     0   193   224.1K    2.380     1840  OK
230    5    4      2     1    32   200     2      1     1    6    0    3     1     0   217   224.1K    2.380     1840  OK
231    5    4      2     1    32   200     4      1     0    4    1    3     1     0   255   224.1K    2.381     1840  OK
232    5    4      2     1    32   200     2      0     0    6    0    0     1     0   217   224.1K    2.382     1839  OK
233    5    4      2     1    32   200     2      0     0    6    0    3     1     0   217   224.1K    2.382     1839  OK
234    5    4      2     1    32   200     2      0     1    2    0    0     1     0   217   224.1K    2.382     1839  OK
235    5    4      2     1    32   200     4      0     0    4    1    0     1     0   255   224.1K    2.383     1838  OK
236    5    4      2     1    32   200     2      0     1    6    4    3     1     0   193   224.1K    2.383     1838  OK
237    5    4      2     1    32   200     2      0     1    8    4    3     1     0   193   224.1K    2.383     1838  OK
238    5    4      2     1    32   200     2      0     0    8    4    3     1     0   193   224.1K    2.384     1837  OK
239    5    4      2     1    32   200     2      1     0    8    0    0     1     0   217   224.1K    2.384     1837  OK
240    5    4      2     1    32   200     2      0     0    6    4    0     1     0   193   224.1K    2.385     1836  OK
241    5    4      2     1    32   200     2      0     0    8    0    3     1     0   217   224.1K    2.385     1836  OK
242    5    4      2     1    32   200     2      0     1    8    0    3     1     0   217   224.1K    2.385     1836  OK
243    5    4      2     1    32   200     1      0     0    4    1    3     1     0   214   224.1K    2.386     1835  OK
244    5    4      2     1    32   200     2      1     1    4    1    0     1     0   254   224.1K    2.386     1836  OK
245    5    4      2     1    32   200     2      0     0    8    4    0     1     0   193   224.1K    2.387     1835  OK
246    5    4      2     1    32   200     4      0     0    8    4    0     1     0   229   224.1K    2.387     1835  OK
247    5    4      2     1    32   200     2      1     1    2    0    3     1     0   217   224.1K    2.387     1835  OK
248    5    4      2     1    32   200     1      0     1    6    4    3     1     0   145   224.1K    2.388     1834  OK
249    5    4      2     1    32   200     2      1     1    6    0    0     1     0   217   224.1K    2.389     1833  OK
250    5    4      2     1    32   200     2      1     0    6    0    3     1     0   217   224.1K    2.390     1833  OK
251    5    4      2     1    32   200     2      0     1    2    0    3     1     0   217   224.1K    2.390     1833  OK
252    5    4      2     1    32   200     2      1     1    8    0    3     1     0   217   224.1K    2.391     1832  OK
253    5    4      2     1    32   200     2      1     0    6    0    0     1     0   217   224.1K    2.392     1831  OK
254    5    4      2     1    32   200     4      1     1    4    1    3     1     0   255   224.1K    2.392     1831  OK
255    5    4      2     1    32   200     2      0     0    2    4    3     1     0   193   224.1K    2.393     1830  OK
256    5    4      2     1    32   200     1      0     0    6    0    0     1     0   168   224.1K    2.393     1831  OK
257    5    4      2     1    32   200     2      1     1    6    4    3     1     0   193   224.1K    2.393     1830  OK
258    5    4      2     1    32   200     2      1     0    8    4    0     1     0   193   224.1K    2.394     1829  OK
259    5    4      2     1    32   200     1      1     0    8    4    0     1     0   145   224.1K    2.395     1829  OK
260    5    4      2     1    32   200     2      0     0    1    0    0     1     0   217   224.1K    2.396     1828  OK
261    5    4      2     1    32   200     1      1     0    2    0    3     1     0   168   224.1K    2.396     1828  OK
262    5    4      2     1    32   200     2      0     0    6    4    3     1     0   193   224.1K    2.396     1828  OK
263    5    4      2     1    32   200     4      1     0    8    1    3     1     0   229   224.1K    2.396     1828  OK
264    5    4      2     1    32   200     2      1     0    6    4    0     1     0   193   224.1K    2.397     1827  OK
265    5    4      2     1    32   200     2      0     1    6    4    0     1     0   193   224.1K    2.397     1827  OK
266    5    4      2     1    32   200     2      1     1    8    0    0     1     0   217   224.1K    2.397     1827  OK
267    5    4      2     1    32   200     2      0     0    8    1    0     1     0   193   224.1K    2.398     1827  OK
268    5    4      2     1    32   200     4      0     0    8    1    0     1     0   229   224.1K    2.398     1826  OK
269    5    4      2     1    32   200     1      0     0    6    4    3     1     0   145   224.1K    2.399     1826  OK
270    5    4      2     1    32   200     1      1     0    8    4    3     1     0   145   224.1K    2.399     1826  OK
271    5    4      2     1    32   200     1      0     1    1    0    3     1     0   168   224.1K    2.399     1826  OK
272    5    4      2     1    32   200     4      1     1    4    1    0     1     0   255   224.1K    2.399     1826  OK
273    5    4      2     1    32   200     2      0     0    2    0    3     1     0   217   224.1K    2.400     1825  OK
274    5    4      2     1    32   200     2      1     0    8    0    3     1     0   217   224.1K    2.400     1825  OK
275    5    4      2     1    32   200     4      0     1    2    4    0     1     0   229   224.1K    2.400     1825  OK
276    5    4      2     1    32   200     1      0     1    6    4    0     1     0   145   224.1K    2.400     1825  OK
277    5    4      2     1    32   200     2      0     1    8    0    0     1     0   217   224.1K    2.400     1825  OK
278    5    4      2     1    32   200     4      0     1    6    4    3     1     0   229   224.1K    2.401     1825  OK
279    5    4      2     1    32   200     1      1     1    8    4    0     1     0   145   224.1K    2.401     1825  OK
280    5    4      2     1    32   200     4      0     1    8    4    3     1     0   229   224.1K    2.401     1824  OK
281    5    4      2     1    32   200     2      0     0    2    0    0     1     0   217   224.1K    2.402     1824  OK
282    5    4      2     1    32   200     1      1     0    6    0    3     1     0   168   224.1K    2.402     1823  OK
283    5    4      2     1    32   200     4      0     0    8    4    3     1     0   229   224.1K    2.402     1823  OK
284    5    4      2     1    32   200     2      1     1    6    1    3     1     0   193   224.1K    2.402     1823  OK
285    5    4      2     1    32   200     2      1     0    2    0    0     1     0   217   224.1K    2.403     1823  OK
286    5    4      2     1    32   200     2      1     1    2    4    0     1     0   193   224.1K    2.403     1823  OK
287    5    4      2     1    32   200     1      0     1    8    0    3     1     0   168   224.1K    2.403     1823  OK
288    5    4      2     1    32   200     2      1     1    8    1    0     1     0   193   224.1K    2.403     1823  OK
289    5    4      2     1    32   200     2      0     0    8    0    0     1     0   217   224.1K    2.404     1822  OK
290    5    4      2     1    32   200     4      1     0    8    4    0     1     0   229   224.1K    2.404     1822  OK
291    5    4      2     1    32   200     2      1     1    1    0    3     1     0   217   224.1K    2.404     1822  OK
292    5    4      2     1    32   200     4      1     1    6    4    0     1     0   229   224.1K    2.404     1822  OK
293    5    4      2     1    32   200     2      1     0    2    4    0     1     0   193   224.1K    2.405     1822  OK
294    5    4      2     1    32   200     1      0     1    6    0    0     1     0   168   224.1K    2.405     1821  OK
295    5    4      2     1    32   200     1      0     1    8    4    3     1     0   145   224.1K    2.405     1821  OK
296    5    4      2     1    32   200     1      1     1    8    0    0     1     0   168   224.1K    2.405     1821  OK
297    5    4      2     1    32   200     2      0     1    8    1    3     1     0   193   224.1K    2.405     1822  OK
298    5    4      2     1    32   200     4      0     1    8    4    0     1     0   229   224.1K    2.405     1821  OK
299    5    4      2     1    32   200     1      1     0    6    4    3     1     0   145   224.1K    2.406     1820  OK
300    5    4      2     1    32   200     4      1     0    6    4    3     1     0   229   224.1K    2.406     1820  OK
301    5    4      2     1    32   200     4      1     0    8    1    0     1     0   229   224.1K    2.406     1821  OK
302    5    4      2     1    32   200     2      0     0    2    4    0     1     0   193   224.1K    2.407     1820  OK
303    5    4      2     1    32   200     2      0     0    6    1    0     1     0   193   224.1K    2.407     1819  OK
304    5    4      2     1    32   200     2      0     0    6    1    3     1     0   193   224.1K    2.407     1820  OK
305    5    4      2     1    32   200     4      1     1    6    1    0     1     0   229   224.1K    2.407     1819  OK
306    5    4      2     1    32   200     2      0     1    8    4    0     1     0   193   224.1K    2.407     1820  OK
307    5    4      2     1    32   200     2      1     0    8    4    3     1     0   193   224.1K    2.408     1819  OK
308    5    4      2     1    32   200     2      0     1    1    0    0     1     0   217   224.1K    2.408     1819  OK
309    5    4      2     1    32   200     2      0     1    1    4    3     1     0   193   224.1K    2.408     1819  OK
310    5    4      2     1    32   200     1      1     1    2    0    0     1     0   168   224.1K    2.408     1819  OK
311    5    4      2     1    32   200     1      1     1    6    0    3     1     0   168   224.1K    2.408     1819  OK
312    5    4      2     1    32   200     4      1     1    6    4    3     1     0   229   224.1K    2.408     1819  OK
313    5    4      2     1    32   200     2      1     1    8    4    0     1     0   193   224.1K    2.408     1819  OK
314    5    4      2     1    32   200     4      1     1    8    1    3     1     0   229   224.1K    2.408     1819  OK
315    5    4      2     1    32   200     2      1     0    1    0    0     1     0   217   224.1K    2.409     1818  OK
316    5    4      2     1    32   200     4      1     0    2    4    3     1     0   229   224.1K    2.409     1818  OK
317    5    4      2     1    32   200     1      0     0    8    0    3     1     0   168   224.1K    2.409     1818  OK
318    5    4      2     1    32   200     2      0     1    6    1    0     1     0   193   224.1K    2.409     1818  OK
319    5    4      2     1    32   200     4      0     1    6    4    0     1     0   229   224.1K    2.409     1818  OK
320    5    4      2     1    32   200     1      1     0    2    0    0     1     0   168   224.1K    2.410     1818  OK
321    5    4      2     1    32   200     2      1     0    2    0    3     1     0   217   224.1K    2.410     1818  OK
322    5    4      2     1    32   200     2      1     0    8    1    0     1     0   193   224.1K    2.410     1817  OK
323    5    4      2     1    32   200     2      0     1    2    4    0     1     0   193   224.1K    2.410     1818  OK
324    5    4      2     1    32   200     4      1     1    2    4    0     1     0   229   224.1K    2.410     1818  OK
325    5    4      2     1    32   200     4      1     1    8    1    0     1     0   229   224.1K    2.410     1818  OK
326    5    4      2     1    32   200     2      1     0    6    4    3     1     0   193   224.1K    2.411     1817  OK
327    5    4      2     1    32   200     4      1     0    6    1    3     1     0   229   224.1K    2.411     1816  OK
328    5    4      2     1    32   200     1      1     0    8    0    3     1     0   168   224.1K    2.411     1817  OK
329    5    4      2     1    32   200     1      0     1    2    0    0     1     0   168   224.1K    2.411     1817  OK
330    5    4      2     1    32   200     1      1     1    6    4    0     1     0   145   224.1K    2.411     1816  OK
331    5    4      2     1    32   200     4      1     0    1    4    3     1     0   229   224.1K    2.412     1816  OK
332    5    4      2     1    32   200     4      0     0    2    4    3     1     0   229   224.1K    2.412     1816  OK
333    5    4      2     1    32   200     2      1     1    2    0    0     1     0   217   224.1K    2.412     1816  OK
334    5    4      2     1    32   200     4      0     0    6    4    0     1     0   229   224.1K    2.413     1815  OK
335    5    4      2     1    32   200     2      0     0    8    1    3     1     0   193   224.1K    2.413     1815  OK
336    5    4      2     1    32   200     2      1     1    2    1    0     1     0   193   224.1K    2.413     1816  OK
337    5    4      2     1    32   200     2      0     1    6    1    3     1     0   193   224.1K    2.413     1815  OK
338    5    4      2     1    32   200     4      0     0    1    4    3     1     0   229   224.1K    2.414     1814  OK
339    5    4      2     1    32   200     1      0     0    8    4    0     1     0   145   224.1K    2.414     1815  OK
340    5    4      2     1    32   200     2      0     1    1    1    0     1     0   193   224.1K    2.414     1814  OK
341    5    4      2     1    32   200     1      1     1    2    0    3     1     0   168   224.1K    2.414     1814  OK
342    5    4      2     1    32   200     2      0     1    8    1    0     1     0   193   224.1K    2.414     1814  OK
343    5    4      2     1    32   200     2      1     0    1    0    3     1     0   217   224.1K    2.415     1813  OK
344    5    4      2     1    32   200     4      1     1    2    4    3     1     0   229   224.1K    2.415     1814  OK
345    5    4      2     1    32   200     2      1     0    2    4    3     1     0   193   224.1K    2.416     1813  OK
346    5    4      2     1    32   200     1      0     0    8    0    0     1     0   168   224.1K    2.416     1813  OK
347    5    4      2     1    32   200     1      1     1    1    0    3     1     0   168   224.1K    2.416     1813  OK
348    5    4      2     1    32   200     4      0     1    2    4    3     1     0   229   224.1K    2.416     1813  OK
349    5    4      2     1    32   200     1      0     1    6    0    3     1     0   168   224.1K    2.416     1813  OK
350    5    4      2     1    32   200     1      0     0    2    0    0     1     0   168   224.1K    2.417     1812  OK
351    5    4      2     1    32   200     1      0     0    6    0    3     1     0   168   224.1K    2.417     1812  OK
352    5    4      2     1    32   200     1      0     1    1    4    0     1     0   145   224.1K    2.417     1812  OK
353    5    4      2     1    32   200     2      1     1    1    0    0     1     0   217   224.1K    2.417     1812  OK
354    5    4      2     1    32   200     2      1     1    6    1    0     1     0   193   224.1K    2.417     1812  OK
355    5    4      2     1    32   200     4      0     1    6    1    0     1     0   229   224.1K    2.417     1813  OK
356    5    4      2     1    32   200     4      1     1    6    1    3     1     0   229   224.1K    2.417     1812  OK
357    5    4      2     1    32   200     1      1     1    8    1    0     1     0   145   224.1K    2.417     1813  OK
358    5    4      2     1    32   200     4      0     1    8    1    0     1     0   229   224.1K    2.417     1812  OK
359    5    4      2     1    32   200     4      1     1    8    4    0     1     0   229   224.1K    2.417     1812  OK
360    5    4      2     1    32   200     1      1     0    1    0    3     1     0   168   224.1K    2.418     1811  OK
361    5    4      2     1    32   200     4      0     0    6    1    0     1     0   229   224.1K    2.418     1812  OK
362    5    4      2     1    32   200     4      0     0    6    1    3     1     0   229   224.1K    2.418     1812  OK
363    5    4      2     1    32   200     1      0     0    8    1    0     1     0   145   224.1K    2.418     1811  OK
364    5    4      2     1    32   200     1      0     1    2    0    3     1     0   168   224.1K    2.418     1811  OK
365    5    4      2     1    32   200     1      0     1    8    0    0     1     0   168   224.1K    2.418     1811  OK
366    5    4      2     1    32   200     2      1     1    8    4    3     1     0   193   224.1K    2.418     1812  OK
367    5    4      2     1    32   200     1      0     0    6    1    3     1     0   145   224.1K    2.419     1811  OK
368    5    4      2     1    32   200     1      0     0    8    1    3     1     0   145   224.1K    2.419     1811  OK
369    5    4      2     1    32   200     1      1     0    8    0    0     1     0   168   224.1K    2.419     1810  OK
370    5    4      2     1    32   200     2      0     1    2    1    3     1     0   193   224.1K    2.419     1811  OK
371    5    4      2     1    32   200     2      1     1    2    1    3     1     0   193   224.1K    2.419     1811  OK
372    5    4      2     1    32   200     1      1     1    6    0    0     1     0   168   224.1K    2.419     1811  OK
373    5    4      2     1    32   200     1      1     1    8    0    3     1     0   168   224.1K    2.419     1811  OK
374    5    4      2     1    32   200     1      0     0    1    0    0     1     0   168   224.1K    2.420     1810  OK
375    5    4      2     1    32   200     2      0     0    1    4    3     1     0   193   224.1K    2.420     1810  OK
376    5    4      2     1    32   200     4      0     0    1    4    0     1     0   229   224.1K    2.420     1810  OK
377    5    4      2     1    32   200     4      1     0    1    1    3     1     0   229   224.1K    2.420     1810  OK
378    5    4      2     1    32   200     1      1     0    6    4    0     1     0   145   224.1K    2.420     1810  OK
379    5    4      2     1    32   200     2      1     0    6    1    3     1     0   193   224.1K    2.420     1810  OK
380    5    4      2     1    32   200     1      0     0    8    4    3     1     0   145   224.1K    2.420     1810  OK
381    5    4      2     1    32   200     4      0     1    2    1    0     1     0   229   224.1K    2.420     1810  OK
382    5    4      2     1    32   200     2      1     0    1    4    3     1     0   193   224.1K    2.421     1809  OK
383    5    4      2     1    32   200     1      1     0    2    4    3     1     0   145   224.1K    2.421     1809  OK
384    5    4      2     1    32   200     1      0     0    6    4    0     1     0   145   224.1K    2.421     1809  OK
385    5    4      2     1    32   200     4      1     0    6    4    0     1     0   229   224.1K    2.421     1809  OK
386    5    4      2     1    32   200     4      1     0    8    4    3     1     0   229   224.1K    2.421     1809  OK
387    5    4      2     1    32   200     1      0     1    1    0    0     1     0   168   224.1K    2.421     1809  OK
388    5    4      2     1    32   200     2      0     1    1    4    0     1     0   193   224.1K    2.421     1809  OK
389    5    4      2     1    32   200     2      1     1    1    1    0     1     0   193   224.1K    2.421     1809  OK
390    5    4      2     1    32   200     4      1     1    1    4    0     1     0   229   224.1K    2.421     1809  OK
391    5    4      2     1    32   200     4      1     1    1    4    3     1     0   229   224.1K    2.421     1809  OK
392    5    4      2     1    32   200     1      1     1    6    4    3     1     0   145   224.1K    2.421     1809  OK
393    5    4      2     1    32   200     1      0     1    8    1    3     1     0   145   224.1K    2.421     1809  OK
394    5    4      2     1    32   200     1      1     0    1    0    0     1     0   168   224.1K    2.422     1808  OK
395    5    4      2     1    32   200     4      0     0    2    4    0     1     0   229   224.1K    2.422     1809  OK
396    5    4      2     1    32   200     4      0     0    6    4    3     1     0   229   224.1K    2.422     1808  OK
397    5    4      2     1    32   200     2      0     0    1    0    3     1     0   217   224.1K    2.423     1807  OK
398    5    4      2     1    32   200     1      0     0    2    0    3     1     0   168   224.1K    2.423     1808  OK
399    5    4      2     1    32   200     4      1     0    6    1    0     1     0   229   224.1K    2.423     1808  OK
400    5    4      2     1    32   200     2      1     0    8    1    3     1     0   193   224.1K    2.423     1808  OK
401    5    4      2     1    32   200     2      1     1    1    4    0     1     0   193   224.1K    2.423     1807  OK
402    5    4      2     1    32   200     1      0     1    8    4    0     1     0   145   224.1K    2.423     1808  OK
403    5    4      2     1    32   200     4      1     1    8    4    3     1     0   229   224.1K    2.423     1808  OK
404    5    4      2     1    32   200     1      1     1    1    0    0     1     0   168   224.1K    2.424     1807  OK
405    5    4      2     1    32   200     2      0     1    2    1    0     1     0   193   224.1K    2.424     1807  OK
406    5    4      2     1    32   200     2      0     0    1    4    0     1     0   193   224.1K    2.425     1806  OK
407    5    4      2     1    32   200     1      0     0    2    4    3     1     0   145   224.1K    2.425     1806  OK
408    5    4      2     1    32   200     4      1     0    2    1    0     1     0   229   224.1K    2.425     1806  OK
409    5    4      2     1    32   200     1      0     0    6    1    0     1     0   145   224.1K    2.425     1806  OK
410    5    4      2     1    32   200     1      1     0    6    1    3     1     0   145   224.1K    2.425     1806  OK
411    5    4      2     1    32   200     2      0     1    1    0    3     1     0   217   224.1K    2.425     1806  OK
412    5    4      2     1    32   200     1      0     1    6    1    0     1     0   145   224.1K    2.425     1807  OK
413    5    4      2     1    32   200     1      0     1    8    1    0     1     0   145   224.1K    2.425     1806  OK
414    5    4      2     1    32   200     4      1     0    1    4    0     1     0   229   224.1K    2.426     1805  OK
415    5    4      2     1    32   200     1      1     0    2    1    3     1     0   145   224.1K    2.426     1805  OK
416    5    4      2     1    32   200     4      0     0    2    1    3     1     0   229   224.1K    2.426     1806  OK
417    5    4      2     1    32   200     4      1     1    1    1    3     1     0   229   224.1K    2.426     1805  OK
418    5    4      2     1    32   200     2      0     1    2    4    3     1     0   193   224.1K    2.426     1805  OK
419    5    4      2     1    32   200     1      1     1    6    1    0     1     0   145   224.1K    2.426     1805  OK
420    5    4      2     1    32   200     2      1     0    6    1    0     1     0   193   224.1K    2.427     1804  OK
421    5    4      2     1    32   200     4      0     1    1    1    0     1     0   229   224.1K    2.427     1805  OK
422    5    4      2     1    32   200     4      0     1    1    4    0     1     0   229   224.1K    2.427     1804  OK
423    5    4      2     1    32   200     4      0     1    1    4    3     1     0   229   224.1K    2.427     1804  OK
424    5    4      2     1    32   200     2      0     0    2    1    0     1     0   193   224.1K    2.428     1804  OK
425    5    4      2     1    32   200     2      1     1    1    4    3     1     0   193   224.1K    2.428     1804  OK
426    5    4      2     1    32   200     1      1     1    2    4    3     1     0   145   224.1K    2.428     1804  OK
427    5    4      2     1    32   200     1      1     1    8    4    3     1     0   145   224.1K    2.428     1804  OK
428    5    4      2     1    32   200     2      1     1    8    1    3     1     0   193   224.1K    2.429     1804  OK
429    5    4      2     1    32   200     1      0     0    1    0    3     1     0   168   224.1K    2.430     1803  OK
430    5    4      2     1    32   200     1      1     0    1    1    3     1     0   145   224.1K    2.430     1802  OK
431    5    4      2     1    32   200     4      0     0    2    1    0     1     0   229   224.1K    2.430     1803  OK
432    5    4      2     1    32   200     4      0     1    1    1    3     1     0   229   224.1K    2.430     1802  OK
433    5    4      2     1    32   200     4      1     1    2    1    0     1     0   229   224.1K    2.430     1803  OK
434    5    4      2     1    32   200     1      1     0    2    1    0     1     0   145   224.1K    2.431     1802  OK
435    5    4      2     1    32   200     2      1     1    2    4    3     1     0   193   224.1K    2.431     1802  OK
436    5    4      2     1    32   200     1      0     0    1    4    0     1     0   145   224.1K    2.432     1801  OK
437    5    4      2     1    32   200     4      0     0    8    1    3     1     0   229   224.1K    2.432     1801  OK
438    5    4      2     1    32   200     1      1     1    6    1    3     1     0   145   224.1K    2.432     1801  OK
439    5    4      2     1    32   200     4      0     1    8    1    3     1     0   229   224.1K    2.432     1801  OK
440    5    4      2     1    32   200     2      1     0    1    4    0     1     0   193   224.1K    2.433     1800  OK
441    5    4      2     1    32   200     1      1     0    2    4    0     1     0   145   224.1K    2.433     1800  OK
442    5    4      2     1    32   200     4      1     0    2    4    0     1     0   229   224.1K    2.433     1800  OK
443    5    4      2     1    32   200     4      0     1    2    1    3     1     0   229   224.1K    2.433     1800  OK
444    5    4      2     1    32   200     4      1     0    2    1    3     1     0   229   224.1K    2.434     1800  OK
445    5    4      2     1    32   200     4      0     0    1    1    0     1     0   229   224.1K    2.435     1799  OK
446    5    4      2     1    32   200     1      0     0    2    4    0     1     0   145   224.1K    2.435     1799  OK
447    5    4      2     1    32   200     2      0     0    2    1    3     1     0   193   224.1K    2.435     1799  OK
448    5    4      2     1    32   200     1      1     1    1    4    0     1     0   145   224.1K    2.435     1799  OK
449    5    4      2     1    32   200     1      1     0    1    4    3     1     0   145   224.1K    2.436     1798  OK
450    5    4      2     1    32   200     2      0     0    1    1    0     1     0   193   224.1K    2.436     1798  OK
451    5    4      2     1    32   200     1      0     1    1    1    3     1     0   145   224.1K    2.436     1798  OK
452    5    4      2     1    32   200     1      0     1    1    4    3     1     0   145   224.1K    2.436     1798  OK
453    5    4      2     1    32   200     1      0     1    6    1    3     1     0   145   224.1K    2.436     1798  OK
454    5    4      2     1    32   200     4      0     1    6    1    3     1     0   229   224.1K    2.436     1798  OK
455    5    4      2     1    32   200     4      0     0    1    1    3     1     0   229   224.1K    2.437     1797  OK
456    5    4      2     1    32   200     1      1     1    8    1    3     1     0   145   224.1K    2.437     1797  OK
457    5    4      2     1    32   200     2      0     0    1    1    3     1     0   193   224.1K    2.438     1796  OK
458    5    4      2     1    32   200     4      1     0    1    1    0     1     0   229   224.1K    2.438     1797  OK
459    5    4      2     1    32   200     1      1     0    8    1    0     1     0   145   224.1K    2.438     1797  OK
460    5    4      2     1    32   200     1      1     1    2    4    0     1     0   145   224.1K    2.438     1796  OK
461    5    4      2     1    32   200     1      1     0    8    1    3     1     0   145   224.1K    2.439     1796  OK
462    5    4      2     1    32   200     2      0     1    1    1    3     1     0   193   224.1K    2.439     1796  OK
463    5    4      2     1    32   200     1      0     1    2    4    3     1     0   145   224.1K    2.439     1796  OK
464    5    4      2     1    32   200     1      1     1    2    1    0     1     0   145   224.1K    2.439     1796  OK
465    5    4      2     1    32   200     2      1     0    1    1    0     1     0   193   224.1K    2.440     1795  OK
466    5    4      2     1    32   200     2      1     1    1    1    3     1     0   193   224.1K    2.440     1795  OK
467    5    4      2     1    32   200     1      0     0    1    4    3     1     0   145   224.1K    2.441     1794  OK
468    5    4      2     1    32   200     1      0     1    2    4    0     1     0   145   224.1K    2.442     1794  OK
469    5    4      2     1    32   200     2      1     0    1    1    3     1     0   193   224.1K    2.443     1793  OK
470    5    4      2     1    32   200     2      1     0    2    1    0     1     0   193   224.1K    2.444     1792  OK
471    5    4      2     1    32   200     1      0     0    1    1    0     1     0   145   224.1K    2.446     1790  OK
472    5    4      2     1    32   200     1      1     1    1    1    0     1     0   145   224.1K    2.446     1791  OK
473    5    4      2     1    32   200     4      1     1    1    1    0     1     0   229   224.1K    2.446     1791  OK
474    5    4      2     1    32   200     1      1     0    6    1    0     1     0   145   224.1K    2.447     1790  OK
475    5    4      2     1    32   200     4      1     1    2    1    3     1     0   229   224.1K    2.448     1789  OK
476    5    4      2     1    32   200     4      0     0    6    0    0     1     0   246   224.1K    2.449     1788  OK
477    5    4      2     1    32   200     1      1     1    2    1    3     1     0   145   224.1K    2.449     1789  OK
478    5    4      2     1    32   200     1      1     0    1    4    0     1     0   145   224.1K    2.450     1788  OK
479    5    4      2     1    32   200     1      0     0    2    1    3     1     0   145   224.1K    2.450     1788  OK
480    5    4      2     1    32   200     2      1     0    2    1    3     1     0   193   224.1K    2.452     1786  OK
481    5    4      2     1    32   200     1      0     1    2    1    3     1     0   145   224.1K    2.452     1786  OK
482    5    4      2     1    32   200     1      1     1    1    1    3     1     0   145   224.1K    2.453     1786  OK
483    5    4      2     1    32   200     4      1     0    8    0    3     1     0   246   224.1K    2.454     1785  OK
484    5    4      2     1    32   200     1      0     0    2    1    0     1     0   145   224.1K    2.455     1784  OK
485    5    4      2     1    32   200     1      0     1    1    1    0     1     0   145   224.1K    2.456     1783  OK
486    5    4      2     1    32   200     4      1     1    8    0    0     1     0   246   224.1K    2.456     1783  OK
487    5    4      2     1    32   200     1      0     0    1    1    3     1     0   145   224.1K    2.457     1783  OK
488    5    4      2     1    32   200     4      0     1    6    0    3     1     0   246   224.1K    2.457     1783  OK
489    5    4      2     1    32   200     1      1     1    1    4    3     1     0   145   224.1K    2.458     1782  OK
490    5    4      2     1    32   200     4      0     1    6    0    0     1     0   246   224.1K    2.459     1781  OK
491    5    4      2     1    32   200     4      1     1    6    0    0     1     0   246   224.1K    2.459     1782  OK
492    5    4      2     1    32   200     4      1     1    8    0    3     1     0   246   224.1K    2.459     1781  OK
493    5    4      2     1    32   200     4      1     1    6    0    3     1     0   246   224.1K    2.460     1781  OK
494    5    4      2     1    32   200     4      0     0    8    0    3     1     0   246   224.1K    2.461     1780  OK
495    5    4      2     1    32   200     4      0     0    6    0    3     1     0   246   224.1K    2.462     1779  OK
496    5    4      2     1    32   200     4      1     0    6    0    3     1     0   246   224.1K    2.464     1778  OK
497    5    4      2     1    32   200     1      0     1    2    1    0     1     0   145   224.1K    2.464     1778  OK
498    5    4      2     1    32   200     4      0     0    8    0    0     1     0   246   224.1K    2.468     1775  OK
499    5    4      2     1    32   200     4      1     0    8    0    0     1     0   246   224.1K    2.468     1775  OK
500    5    4      2     1    32   200     1      1     0    1    1    0     1     0   145   224.1K    2.469     1774  OK
501    5    4      2     1    32   200     4      0     1    8    0    0     1     0   246   224.1K    2.473     1771  OK
502    5    4      2     1    32   200     4      0     1    8    0    3     1     0   246   224.1K    2.474     1770  OK
503    5    4      2     1    32   200     2      1     0    8    4    1     1     0   185   224.1K    2.475     1770  OK
504    5    4      2     1    32   200     4      1     0    6    0    0     1     0   246   224.1K    2.476     1769  OK
505    5    4      2     1    32   200     4      1     1    6    4    1     1     0   221   224.1K    2.481     1766  OK
506    5    4      2     1    32   200     4      1     0    6    1    1     1     0   221   224.1K    2.482     1765  OK
507    5    4      2     1    32   200     4      1     0    6    4    1     1     0   221   224.1K    2.484     1763  OK
508    5    4      2     1    32   200     4      0     0    6    4    1     1     0   221   224.1K    2.485     1763  OK
509    5    4      2     1    32   200     2      0     0    8    1    1     1     0   185   224.1K    2.485     1762  OK
510    5    4      2     1    32   200     4      1     1    8    4    1     1     0   221   224.1K    2.485     1762  OK
511    5    4      2     1    32   200     4      0     1    6    1    1     1     0   221   224.1K    2.487     1761  OK
512    5    4      2     1    32   200     2      0     1    8    0    1     1     0   209   224.1K    2.487     1761  OK
513    5    4      2     1    32   200     2      0     0    6    0    1     1     0   209   224.1K    2.488     1760  OK
514    5    4      2     1    32   200     4      0     0    8    0    1     1     0   245   224.1K    2.489     1760  OK
515    5    4      2     1    32   200     4      1     1    6    1    1     1     0   221   224.1K    2.490     1759  OK
516    5    4      2     1    32   200     2      1     0    6    1    1     1     0   185   224.1K    2.491     1758  OK
517    5    4      2     1    32   200     4      1     0    8    0    1     1     0   245   224.1K    2.491     1759  OK
518    5    4      2     1    32   200     2      0     1    8    1    1     1     0   185   224.1K    2.491     1758  OK
519    5    4      2     1    32   200     2      1     1    8    0    1     1     0   209   224.1K    2.491     1759  OK
520    5    4      2     1    32   200     2      1     0    8    0    1     1     0   209   224.1K    2.492     1758  OK
521    5    4      2     1    32   200     4      0     1    6    0    1     1     0   245   224.1K    2.492     1758  OK
522    5    4      2     1    32   200     2      1     1    8    4    1     1     0   185   224.1K    2.492     1757  OK
523    5    4      2     1    32   200     4      1     0    6    0    1     1     0   245   224.1K    2.493     1757  OK
524    5    4      2     1    32   200     2      0     0    8    4    1     1     0   185   224.1K    2.493     1757  OK
525    5    4      2     1    32   200     4      0     0    8    4    1     1     0   221   224.1K    2.494     1757  OK
526    5    4      2     1    32   200     4      1     1    6    0    1     1     0   245   224.1K    2.494     1756  OK
527    5    4      2     1    32   200     4      1     0    1    0    3     1     0   246   224.1K    2.495     1755  OK
528    5    4      2     1    32   200     4      0     0    8    1    1     1     0   221   224.1K    2.495     1755  OK
529    5    4      2     1    32   200     4      0     1    8    0    1     1     0   245   224.1K    2.495     1756  OK
530    5    4      2     1    32   200     4      1     1    8    0    1     1     0   245   224.1K    2.495     1756  OK
531    5    4      2     1    32   200     4      1     0    8    1    1     1     0   221   224.1K    2.496     1755  OK
532    5    4      2     1    32   200     4      0     1    2    0    3     1     0   246   224.1K    2.496     1755  OK
533    5    4      2     1    32   200     4      0     1    2    0    0     1     0   246   224.1K    2.497     1754  OK
534    5    4      2     1    32   200     2      0     1    8    4    1     1     0   185   224.1K    2.497     1754  OK
535    5    4      2     1    32   200     2      0     0    8    0    1     1     0   209   224.1K    2.498     1753  OK
536    5    4      2     1    32   200     4      0     1    8    4    1     1     0   221   224.1K    2.498     1753  OK
537    5    4      2     1    32   200     4      0     0    2    0    0     1     0   246   224.1K    2.499     1753  OK
538    5    4      2     1    32   200     4      0     0    6    1    1     1     0   221   224.1K    2.499     1753  OK
539    5    4      2     1    32   200     2      1     0    8    1    1     1     0   185   224.1K    2.499     1753  OK
540    5    4      2     1    32   200     4      1     0    1    0    0     1     0   246   224.1K    2.500     1752  OK
541    5    4      2     1    32   200     4      1     0    8    4    1     1     0   221   224.1K    2.500     1752  OK
542    5    4      2     1    32   200     4      0     1    6    4    1     1     0   221   224.1K    2.500     1752  OK
543    5    4      2     1    32   200     2      1     1    6    0    1     1     0   209   224.1K    2.501     1752  OK
544    5    4      2     1    32   200     4      0     0    6    0    1     1     0   245   224.1K    2.502     1751  OK
545    5    4      2     1    32   200     4      1     1    2    0    0     1     0   246   224.1K    2.502     1750  OK
546    5    4      2     1    32   200     2      0     1    6    0    1     1     0   209   224.1K    2.502     1750  OK
547    5    4      2     1    32   200     2      1     1    6    1    1     1     0   185   224.1K    2.503     1750  OK
548    5    4      2     1    32   200     4      1     1    8    1    1     1     0   221   224.1K    2.503     1750  OK
549    5    4      2     1    32   200     4      1     0    2    0    0     1     0   246   224.1K    2.504     1749  OK
550    5    4      2     1    32   200     4      1     1    2    0    3     1     0   246   224.1K    2.504     1749  OK
551    5    4      2     1    32   200     2      0     1    6    1    1     1     0   185   224.1K    2.504     1749  OK
552    5    4      2     1    32   200     4      0     0    1    0    0     1     0   246   224.1K    2.506     1748  OK
553    5    4      2     1    32   200     2      1     1    6    4    1     1     0   185   224.1K    2.506     1748  OK
554    5    4      2     1    32   200     1      1     0    8    0    1     1     0   160   224.1K    2.507     1747  OK
555    5    4      2     1    32   200     2      1     0    6    0    1     1     0   209   224.1K    2.508     1746  OK
556    5    4      2     1    32   200     4      0     1    1    0    3     1     0   246   224.1K    2.508     1746  OK
557    5    4      2     1    32   200     2      0     0    6    4    1     1     0   185   224.1K    2.509     1745  OK
558    5    4      2     1    32   200     1      1     0    8    4    1     1     0   137   224.1K    2.509     1745  OK
559    5    4      2     1    32   200     2      0     1    6    4    1     1     0   185   224.1K    2.509     1746  OK
560    5    4      2     1    32   200     4      0     0    2    0    3     1     0   246   224.1K    2.510     1745  OK
561    5    4      2     1    32   200     4      0     1    1    0    0     1     0   246   224.1K    2.510     1745  OK
562    5    4      2     1    32   200     2      1     1    8    1    1     1     0   185   224.1K    2.510     1745  OK
563    5    4      2     1    32   200     4      1     0    2    0    3     1     0   246   224.1K    2.511     1745  OK
564    5    4      2     1    32   200     1      0     0    8    1    1     1     0   137   224.1K    2.511     1744  OK
565    5    4      2     1    32   200     1      0     1    8    4    1     1     0   137   224.1K    2.511     1744  OK
566    5    4      2     1    32   200     4      1     1    1    0    3     1     0   246   224.1K    2.512     1744  OK
567    5    4      2     1    32   200     4      0     1    8    1    1     1     0   221   224.1K    2.512     1744  OK
568    5    4      2     1    32   200     4      0     0    1    0    3     1     0   246   224.1K    2.514     1742  OK
569    5    4      2     1    32   200     4      1     0    2    1    1     1     0   221   224.1K    2.514     1742  OK
570    5    4      2     1    32   200     1      0     0    6    1    1     1     0   137   224.1K    2.514     1742  OK
571    5    4      2     1    32   200     1      1     0    6    4    1     1     0   137   224.1K    2.514     1742  OK
572    5    4      2     1    32   200     2      0     0    6    1    1     1     0   185   224.1K    2.514     1742  OK
573    5    4      2     1    32   200     4      1     1    1    0    0     1     0   246   224.1K    2.514     1743  OK
574    5    4      2     1    32   200     4      0     1    2    1    1     1     0   221   224.1K    2.514     1742  OK
575    5    4      2     1    32   200     4      1     1    2    1    1     1     0   221   224.1K    2.514     1742  OK
576    5    4      2     1    32   200     1      0     1    6    4    1     1     0   137   224.1K    2.514     1743  OK
577    5    4      2     1    32   200     1      1     1    8    1    1     1     0   137   224.1K    2.515     1741  OK
578    5    4      2     1    32   200     2      0     0    2    1    1     1     0   185   224.1K    2.516     1741  OK
579    5    4      2     1    32   200     1      0     0    6    0    1     1     0   160   224.1K    2.517     1740  OK
580    5    4      2     1    32   200     1      0     1    6    0    1     1     0   160   224.1K    2.518     1739  OK
581    5    4      2     1    32   200     1      0     0    8    0    1     1     0   160   224.1K    2.521     1737  OK
582    5    4      2     1    32   200     4      0     1    2    4    1     1     0   221   224.1K    2.521     1738  OK
583    5    4      2     1    32   200     1      1     1    8    4    1     1     0   137   224.1K    2.521     1737  OK
584    5    4      2     1    32   200     4      0     0    2    1    1     1     0   221   224.1K    2.523     1736  OK
585    5    4      2     1    32   200     1      0     1    8    1    1     1     0   137   224.1K    2.523     1736  OK
586    5    4      2     1    32   200     2      1     0    6    4    1     1     0   185   224.1K    2.524     1735  OK
587    5    4      2     1    32   200     1      1     0    8    1    1     1     0   137   224.1K    2.524     1736  OK
588    5    4      2     1    32   200     4      0     1    1    4    1     1     0   221   224.1K    2.524     1735  OK
589    5    4      2     1    32   200     1      0     0    6    4    1     1     0   137   224.1K    2.525     1734  OK
590    5    4      2     1    32   200     1      1     1    6    4    1     1     0   137   224.1K    2.525     1735  OK
591    5    4      2     1    32   200     1      1     1    6    0    1     1     0   160   224.1K    2.526     1734  OK
592    5    4      2     1    32   200     4      0     0    2    0    1     1     0   245   224.1K    2.527     1733  OK
593    5    4      2     1    32   200     1      1     0    6    0    1     1     0   160   224.1K    2.527     1733  OK
594    5    4      2     1    32   200     1      1     0    2    4    1     1     0   137   224.1K    2.528     1732  OK
595    5    4      2     1    32   200     2      0     1    2    1    1     1     0   185   224.1K    2.528     1732  OK
596    5    4      2     1    32   200     1      1     1    6    1    1     1     0   137   224.1K    2.528     1733  OK
597    5    4      2     1    32   200     1      0     1    8    0    1     1     0   160   224.1K    2.528     1732  OK
598    5    4      2     1    32   200     2      1     0    2    4    1     1     0   185   224.1K    2.529     1732  OK
599    5    4      2     1    32   200     4      1     1    2    4    1     1     0   221   224.1K    2.529     1732  OK
600    5    4      2     1    32   200     1      0     0    8    4    1     1     0   137   224.1K    2.530     1731  OK
601    5    4      2     1    32   200     1      1     0    6    1    1     1     0   137   224.1K    2.532     1730  OK
602    5    4      2     1    32   200     1      1     1    2    0    1     1     0   160   224.1K    2.533     1729  OK
603    5    4      2     1    32   200     2      0     1    2    0    1     1     0   209   224.1K    2.533     1729  OK
604    5    4      2     1    32   200     4      1     1    2    0    1     1     0   245   224.1K    2.533     1729  OK
605    5    4      2     1    32   200     1      0     1    6    1    1     1     0   137   224.1K    2.533     1729  OK
606    5    4      2     1    32   200     1      1     1    8    0    1     1     0   160   224.1K    2.533     1729  OK
607    5    4      2     1    32   200     4      1     0    2    4    1     1     0   221   224.1K    2.534     1728  OK
608    5    4      2     1    32   200     2      0     0    2    0    1     1     0   209   224.1K    2.535     1728  OK
609    5    4      2     1    32   200     4      0     0    2    4    1     1     0   221   224.1K    2.536     1727  OK
610    5    4      2     1    32   200     2      0     0    2    4    1     1     0   185   224.1K    2.538     1726  OK
611    5    4      2     1    32   200     1      1     0    2    0    1     1     0   160   224.1K    2.539     1725  OK
612    5    4      2     1    32   200     4      1     0    2    0    1     1     0   245   224.1K    2.539     1725  OK
613    5    4      2     1    32   200     2      0     1    2    4    1     1     0   185   224.1K    2.540     1725  OK
614    5    4      2     1    32   200     2      1     1    2    0    1     1     0   209   224.1K    2.541     1724  OK
615    5    4      2     1    32   200     4      0     1    2    0    1     1     0   245   224.1K    2.541     1724  OK
616    5    4      2     1    32   200     2      1     0    1    1    1     1     0   185   224.1K    2.542     1723  OK
617    5    4      2     1    32   200     2      1     1    2    4    1     1     0   185   224.1K    2.542     1723  OK
618    5    4      2     1    32   200     2      1     0    2    1    1     1     0   185   224.1K    2.545     1721  OK
619    5    4      2     1    32   200     2      1     1    1    4    1     1     0   185   224.1K    2.545     1721  OK
620    5    4      2     1    32   200     1      1     1    2    1    1     1     0   137   224.1K    2.545     1721  OK
621    5    4      2     1    32   200     2      1     1    2    1    1     1     0   185   224.1K    2.546     1720  OK
622    5    4      2     1    32   200     4      0     0    1    4    1     1     0   221   224.1K    2.549     1718  OK
623    5    4      2     1    32   200     2      1     0    2    0    1     1     0   209   224.1K    2.550     1718  OK
624    5    4      2     1    32   200     4      0     0    1    0    1     1     0   245   224.1K    2.555     1714  OK
625    5    4      2     1    32   200     4      1     0    1    0    1     1     0   245   224.1K    2.556     1714  OK
626    5    4      2     1    32   200     4      1     0    1    1    1     1     0   221   224.1K    2.556     1714  OK
627    5    4      2     1    32   200     1      0     0    2    4    1     1     0   137   224.1K    2.557     1713  OK
628    5    4      2     1    32   200     4      1     0    1    4    1     1     0   221   224.1K    2.558     1712  OK
629    5    4      2     1    32   200     2      1     1    1    1    1     1     0   185   224.1K    2.561     1710  OK
630    5    4      2     1    32   200     1      0     1    2    4    1     1     0   137   224.1K    2.561     1710  OK
631    5    4      2     1    32   200     4      0     0    1    1    1     1     0   221   224.1K    2.563     1709  OK
632    5    4      2     1    32   200     1      0     1    1    4    1     1     0   137   224.1K    2.563     1709  OK
633    5    4      2     1    32   200     2      0     0    1    0    1     1     0   209   224.1K    2.564     1708  OK
634    5    4      2     1    32   200     4      0     1    1    0    1     1     0   245   224.1K    2.564     1709  OK
635    5    4      2     1    32   200     1      0     1    2    0    1     1     0   160   224.1K    2.565     1708  OK
636    5    4      2     1    32   200     1      0     0    1    0    1     1     0   160   224.1K    2.566     1707  OK
637    5    4      2     1    32   200     2      0     0    1    4    1     1     0   185   224.1K    2.567     1706  OK
638    5    4      2     1    32   200     1      0     0    2    0    1     1     0   160   224.1K    2.567     1706  OK
639    5    4      2     1    32   200     2      0     1    1    0    1     1     0   209   224.1K    2.567     1706  OK
640    5    4      2     1    32   200     4      0     1    1    1    1     1     0   221   224.1K    2.567     1706  OK
641    5    4      2     1    32   200     1      0     1    2    1    1     1     0   137   224.1K    2.567     1706  OK
642    5    4      2     1    32   200     2      1     0    1    4    1     1     0   185   224.1K    2.568     1706  OK
643    5    4      2     1    32   200     1      1     1    2    4    1     1     0   137   224.1K    2.568     1705  OK
644    5    4      2     1    32   200     4      1     1    1    1    1     1     0   221   224.1K    2.569     1705  OK
645    5    4      2     1    32   200     1      0     0    1    4    1     1     0   137   224.1K    2.572     1703  OK
646    5    4      2     1    32   200     2      0     1    1    4    1     1     0   185   224.1K    2.573     1702  OK
647    5    4      2     1    32   200     2      0     1    1    1    1     1     0   185   224.1K    2.574     1702  OK
648    5    4      2     1    32   200     1      1     0    1    4    1     1     0   137   224.1K    2.575     1701  OK
649    5    4      2     1    32   200     2      0     0    1    1    1     1     0   185   224.1K    2.575     1701  OK
650    5    4      2     1    32   200     1      0     0    2    1    1     1     0   137   224.1K    2.575     1701  OK
651    5    4      2     1    32   200     1      1     0    2    1    1     1     0   137   224.1K    2.576     1700  OK
652    5    4      2     1    32   200     2      1     0    1    0    1     1     0   209   224.1K    2.577     1700  OK
653    5    4      2     1    32   200     2      1     1    1    0    1     1     0   209   224.1K    2.577     1699  OK
654    5    4      2     1    32   200     1      0     1    1    0    1     1     0   160   224.1K    2.578     1699  OK
655    5    4      2     1    32   200     4      1     1    1    4    1     1     0   221   224.1K    2.578     1699  OK
656    5    4      2     1    32   200     1      1     0    1    0    1     1     0   160   224.1K    2.579     1698  OK
657    5    4      2     1    32   200     1      1     0    1    1    1     1     0   137   224.1K    2.579     1698  OK
658    5    4      2     1    32   200     1      0     0    1    1    1     1     0   137   224.1K    2.580     1698  OK
659    5    4      2     1    32   200     4      1     1    1    0    1     1     0   245   224.1K    2.580     1698  OK
660    5    4      2     1    32   200     1      0     1    1    1    1     1     0   137   224.1K    2.585     1694  OK
661    5    4      2     1    32   200     1      1     1    1    4    1     1     0   137   224.1K    2.588     1692  OK
662    5    4      2     1    32   200     1      1     1    1    0    1     1     0   160   224.1K    2.595     1688  OK
663    5    4      2     1    32   200     1      1     1    1    1    1     1     0   137   224.1K    2.596     1687  OK
664    5    4      2     1    32   200     4      0     0    4    0    0     1     0   255   224.1K        -        -  SKIP_SPILLS
665    5    4      2     1    32   200     4      0     0    4    4    0     1     0   255   224.1K        -        -  SKIP_SPILLS
666    5    4      2     1    32   200     4      0     0    4    0    3     1     0   255   224.1K        -        -  SKIP_SPILLS
667    5    4      2     1    32   200     4      0     0    4    4    3     1     0   255   224.1K        -        -  SKIP_SPILLS
668    5    4      2     1    32   200     4      1     0    4    0    0     1     0   255   224.1K        -        -  SKIP_SPILLS
669    5    4      2     1    32   200     4      1     0    4    4    0     1     0   255   224.1K        -        -  SKIP_SPILLS
670    5    4      2     1    32   200     4      1     0    4    0    3     1     0   255   224.1K        -        -  SKIP_SPILLS
671    5    4      2     1    32   200     4      1     0    4    4    3     1     0   255   224.1K        -        -  SKIP_SPILLS
672    5    4      2     1    32   200     4      0     1    4    0    0     1     0   255   224.1K        -        -  SKIP_SPILLS
673    5    4      2     1    32   200     4      0     1    4    4    0     1     0   255   224.1K        -        -  SKIP_SPILLS
674    5    4      2     1    32   200     4      0     1    4    0    3     1     0   255   224.1K        -        -  SKIP_SPILLS
675    5    4      2     1    32   200     4      0     1    4    4    3     1     0   255   224.1K        -        -  SKIP_SPILLS
676    5    4      2     1    32   200     4      1     1    4    0    0     1     0   255   224.1K        -        -  SKIP_SPILLS
677    5    4      2     1    32   200     4      1     1    4    4    0     1     0   255   224.1K        -        -  SKIP_SPILLS
678    5    4      2     1    32   200     4      1     1    4    0    3     1     0   255   224.1K        -        -  SKIP_SPILLS
679    5    4      2     1    32   200     4      1     1    4    4    3     1     0   255   224.1K        -        -  SKIP_SPILLS

CSV written to /root/siglip/data/session_20260313_031324/sweep_fc2.csv

Best: -DMBAR_EARLY=1 -DN_STAGES=5 -DSTAGGER_CYCLES=200 → 1.511 ms / 2898 TFLOPS (255 regs)
