Kernel: fc1_gelu (fc1_gelu.cu)

=== Tier 1: N_STAGES, NUM_EPI_WARPS ===
Sweep: 6 total, 5 valid, 1 pruned
Estimated time: ~0 min (5 configs × ~5s each)

[1/5] -DN_STAGES=3 ... 3.137 ms / 1396 TFLOPS  (205 regs, 5.6s)
[2/5] (defaults) ... 3.080 ms / 1422 TFLOPS  (243 regs, 5.6s)
[3/5] -DN_STAGES=5 ... 2.995 ms / 1463 TFLOPS  (240 regs, 5.7s)
[4/5] -DNUM_EPI_WARPS=5 -DN_STAGES=3 ... 2.900 ms / 1510 TFLOPS  (207 regs, 5.8s)
[5/5] -DNUM_EPI_WARPS=5 ... 2.676 ms / 1637 TFLOPS  (240 regs, 5.8s)

Tier 1 winner: -DNUM_EPI_WARPS=5 → 2.676 ms / 1637 TFLOPS

=== Tier 2: INTERLEAVE_STRATEGY, MBAR_EARLY, STAGGER_CYCLES, TMEM_LOAD_WIDTH ===
Sweep: 128 total, 128 valid, 0 pruned
Estimated time: ~11 min (128 configs × ~5s each)

[1/128] -DINTERLEAVE_STRATEGY=0 -DNUM_EPI_WARPS=5 -DSTAGGER_CYCLES=0 ... 2.773 ms / 1579 TFLOPS  (241 regs, 5.9s)
[2/128] -DINTERLEAVE_STRATEGY=0 -DNUM_EPI_WARPS=5 -DSTAGGER_CYCLES=0 -DTMEM_LOAD_WIDTH=64 ... COMPILE_FAIL  (0.4s)
[3/128] -DINTERLEAVE_STRATEGY=0 -DNUM_EPI_WARPS=5 -DSTAGGER_CYCLES=40 ... 2.771 ms / 1581 TFLOPS  (242 regs, 6.0s)
[4/128] -DINTERLEAVE_STRATEGY=0 -DNUM_EPI_WARPS=5 -DSTAGGER_CYCLES=40 -DTMEM_LOAD_WIDTH=64 ... COMPILE_FAIL  (0.4s)
[5/128] -DINTERLEAVE_STRATEGY=0 -DNUM_EPI_WARPS=5 -DSTAGGER_CYCLES=60 ... 2.758 ms / 1588 TFLOPS  (242 regs, 5.9s)
[6/128] -DINTERLEAVE_STRATEGY=0 -DNUM_EPI_WARPS=5 -DSTAGGER_CYCLES=60 -DTMEM_LOAD_WIDTH=64 ... COMPILE_FAIL  (0.4s)
[7/128] -DINTERLEAVE_STRATEGY=0 -DNUM_EPI_WARPS=5 ... 2.757 ms / 1589 TFLOPS  (242 regs, 5.9s)
[8/128] -DINTERLEAVE_STRATEGY=0 -DNUM_EPI_WARPS=5 -DTMEM_LOAD_WIDTH=64 ... COMPILE_FAIL  (0.4s)
[9/128] -DINTERLEAVE_STRATEGY=0 -DNUM_EPI_WARPS=5 -DSTAGGER_CYCLES=100 ... 2.760 ms / 1587 TFLOPS  (242 regs, 5.9s)
[10/128] -DINTERLEAVE_STRATEGY=0 -DNUM_EPI_WARPS=5 -DSTAGGER_CYCLES=100 -DTMEM_LOAD_WIDTH=64 ... COMPILE_FAIL  (0.4s)
[11/128] -DINTERLEAVE_STRATEGY=0 -DNUM_EPI_WARPS=5 -DSTAGGER_CYCLES=120 ... 2.738 ms / 1600 TFLOPS  (242 regs, 5.8s)
[12/128] -DINTERLEAVE_STRATEGY=0 -DNUM_EPI_WARPS=5 -DSTAGGER_CYCLES=120 -DTMEM_LOAD_WIDTH=64 ... COMPILE_FAIL  (0.4s)
[13/128] -DINTERLEAVE_STRATEGY=0 -DNUM_EPI_WARPS=5 -DSTAGGER_CYCLES=160 ... 2.731 ms / 1604 TFLOPS  (242 regs, 5.9s)
[14/128] -DINTERLEAVE_STRATEGY=0 -DNUM_EPI_WARPS=5 -DSTAGGER_CYCLES=160 -DTMEM_LOAD_WIDTH=64 ... COMPILE_FAIL  (0.4s)
[15/128] -DINTERLEAVE_STRATEGY=0 -DNUM_EPI_WARPS=5 -DSTAGGER_CYCLES=200 ... 2.732 ms / 1603 TFLOPS  (242 regs, 5.8s)
[16/128] -DINTERLEAVE_STRATEGY=0 -DNUM_EPI_WARPS=5 -DSTAGGER_CYCLES=200 -DTMEM_LOAD_WIDTH=64 ... COMPILE_FAIL  (0.4s)
[17/128] -DINTERLEAVE_STRATEGY=0 -DMBAR_EARLY=1 -DNUM_EPI_WARPS=5 -DSTAGGER_CYCLES=0 ... 2.765 ms / 1584 TFLOPS  (241 regs, 5.9s)
[18/128] -DINTERLEAVE_STRATEGY=0 -DMBAR_EARLY=1 -DNUM_EPI_WARPS=5 -DSTAGGER_CYCLES=0 -DTMEM_LOAD_WIDTH=64 ... COMPILE_FAIL  (0.4s)
[19/128] -DINTERLEAVE_STRATEGY=0 -DMBAR_EARLY=1 -DNUM_EPI_WARPS=5 -DSTAGGER_CYCLES=40 ... 2.783 ms / 1574 TFLOPS  (244 regs, 5.8s)
[20/128] -DINTERLEAVE_STRATEGY=0 -DMBAR_EARLY=1 -DNUM_EPI_WARPS=5 -DSTAGGER_CYCLES=40 -DTMEM_LOAD_WIDTH=64 ... COMPILE_FAIL  (0.4s)
[21/128] -DINTERLEAVE_STRATEGY=0 -DMBAR_EARLY=1 -DNUM_EPI_WARPS=5 -DSTAGGER_CYCLES=60 ... 2.771 ms / 1581 TFLOPS  (244 regs, 5.9s)
[22/128] -DINTERLEAVE_STRATEGY=0 -DMBAR_EARLY=1 -DNUM_EPI_WARPS=5 -DSTAGGER_CYCLES=60 -DTMEM_LOAD_WIDTH=64 ... COMPILE_FAIL  (0.4s)
[23/128] -DINTERLEAVE_STRATEGY=0 -DMBAR_EARLY=1 -DNUM_EPI_WARPS=5 ... 2.766 ms / 1584 TFLOPS  (244 regs, 5.8s)
[24/128] -DINTERLEAVE_STRATEGY=0 -DMBAR_EARLY=1 -DNUM_EPI_WARPS=5 -DTMEM_LOAD_WIDTH=64 ... COMPILE_FAIL  (0.4s)
[25/128] -DINTERLEAVE_STRATEGY=0 -DMBAR_EARLY=1 -DNUM_EPI_WARPS=5 -DSTAGGER_CYCLES=100 ... 2.762 ms / 1586 TFLOPS  (244 regs, 5.8s)
[26/128] -DINTERLEAVE_STRATEGY=0 -DMBAR_EARLY=1 -DNUM_EPI_WARPS=5 -DSTAGGER_CYCLES=100 -DTMEM_LOAD_WIDTH=64 ... COMPILE_FAIL  (0.4s)
[27/128] -DINTERLEAVE_STRATEGY=0 -DMBAR_EARLY=1 -DNUM_EPI_WARPS=5 -DSTAGGER_CYCLES=120 ... 2.736 ms / 1601 TFLOPS  (244 regs, 5.9s)
[28/128] -DINTERLEAVE_STRATEGY=0 -DMBAR_EARLY=1 -DNUM_EPI_WARPS=5 -DSTAGGER_CYCLES=120 -DTMEM_LOAD_WIDTH=64 ... COMPILE_FAIL  (0.4s)
[29/128] -DINTERLEAVE_STRATEGY=0 -DMBAR_EARLY=1 -DNUM_EPI_WARPS=5 -DSTAGGER_CYCLES=160 ... 2.728 ms / 1606 TFLOPS  (244 regs, 5.9s)
[30/128] -DINTERLEAVE_STRATEGY=0 -DMBAR_EARLY=1 -DNUM_EPI_WARPS=5 -DSTAGGER_CYCLES=160 -DTMEM_LOAD_WIDTH=64 ... COMPILE_FAIL  (0.4s)
[31/128] -DINTERLEAVE_STRATEGY=0 -DMBAR_EARLY=1 -DNUM_EPI_WARPS=5 -DSTAGGER_CYCLES=200 ... 2.722 ms / 1609 TFLOPS  (244 regs, 5.8s)
[32/128] -DINTERLEAVE_STRATEGY=0 -DMBAR_EARLY=1 -DNUM_EPI_WARPS=5 -DSTAGGER_CYCLES=200 -DTMEM_LOAD_WIDTH=64 ... COMPILE_FAIL  (0.4s)
[33/128] -DINTERLEAVE_STRATEGY=1 -DNUM_EPI_WARPS=5 -DSTAGGER_CYCLES=0 ... 2.601 ms / 1684 TFLOPS  (243 regs, 5.9s)
[34/128] -DINTERLEAVE_STRATEGY=1 -DNUM_EPI_WARPS=5 -DSTAGGER_CYCLES=0 -DTMEM_LOAD_WIDTH=64 ... COMPILE_FAIL  (0.4s)
[35/128] -DINTERLEAVE_STRATEGY=1 -DNUM_EPI_WARPS=5 -DSTAGGER_CYCLES=40 ... 2.660 ms / 1646 TFLOPS  (242 regs, 5.8s)
[36/128] -DINTERLEAVE_STRATEGY=1 -DNUM_EPI_WARPS=5 -DSTAGGER_CYCLES=40 -DTMEM_LOAD_WIDTH=64 ... COMPILE_FAIL  (0.4s)
[37/128] -DINTERLEAVE_STRATEGY=1 -DNUM_EPI_WARPS=5 -DSTAGGER_CYCLES=60 ... 2.656 ms / 1649 TFLOPS  (242 regs, 5.9s)
[38/128] -DINTERLEAVE_STRATEGY=1 -DNUM_EPI_WARPS=5 -DSTAGGER_CYCLES=60 -DTMEM_LOAD_WIDTH=64 ... COMPILE_FAIL  (0.4s)
[39/128] -DINTERLEAVE_STRATEGY=1 -DNUM_EPI_WARPS=5 ... 2.648 ms / 1654 TFLOPS  (242 regs, 5.9s)
[40/128] -DINTERLEAVE_STRATEGY=1 -DNUM_EPI_WARPS=5 -DTMEM_LOAD_WIDTH=64 ... COMPILE_FAIL  (0.4s)
[41/128] -DINTERLEAVE_STRATEGY=1 -DNUM_EPI_WARPS=5 -DSTAGGER_CYCLES=100 ... 2.648 ms / 1654 TFLOPS  (242 regs, 5.8s)
[42/128] -DINTERLEAVE_STRATEGY=1 -DNUM_EPI_WARPS=5 -DSTAGGER_CYCLES=100 -DTMEM_LOAD_WIDTH=64 ... COMPILE_FAIL  (0.4s)
[43/128] -DINTERLEAVE_STRATEGY=1 -DNUM_EPI_WARPS=5 -DSTAGGER_CYCLES=120 ... 2.642 ms / 1658 TFLOPS  (242 regs, 6.0s)
[44/128] -DINTERLEAVE_STRATEGY=1 -DNUM_EPI_WARPS=5 -DSTAGGER_CYCLES=120 -DTMEM_LOAD_WIDTH=64 ... COMPILE_FAIL  (0.4s)
[45/128] -DINTERLEAVE_STRATEGY=1 -DNUM_EPI_WARPS=5 -DSTAGGER_CYCLES=160 ... 2.642 ms / 1658 TFLOPS  (242 regs, 5.8s)
[46/128] -DINTERLEAVE_STRATEGY=1 -DNUM_EPI_WARPS=5 -DSTAGGER_CYCLES=160 -DTMEM_LOAD_WIDTH=64 ... COMPILE_FAIL  (0.4s)
[47/128] -DINTERLEAVE_STRATEGY=1 -DNUM_EPI_WARPS=5 -DSTAGGER_CYCLES=200 ... 2.643 ms / 1657 TFLOPS  (242 regs, 5.8s)
[48/128] -DINTERLEAVE_STRATEGY=1 -DNUM_EPI_WARPS=5 -DSTAGGER_CYCLES=200 -DTMEM_LOAD_WIDTH=64 ... COMPILE_FAIL  (0.4s)
[49/128] -DINTERLEAVE_STRATEGY=1 -DMBAR_EARLY=1 -DNUM_EPI_WARPS=5 -DSTAGGER_CYCLES=0 ... 2.564 ms / 1708 TFLOPS  (244 regs, 5.8s)
[50/128] -DINTERLEAVE_STRATEGY=1 -DMBAR_EARLY=1 -DNUM_EPI_WARPS=5 -DSTAGGER_CYCLES=0 -DTMEM_LOAD_WIDTH=64 ... COMPILE_FAIL  (0.4s)
[51/128] -DINTERLEAVE_STRATEGY=1 -DMBAR_EARLY=1 -DNUM_EPI_WARPS=5 -DSTAGGER_CYCLES=40 ... 2.617 ms / 1674 TFLOPS  (245 regs, 5.8s)
[52/128] -DINTERLEAVE_STRATEGY=1 -DMBAR_EARLY=1 -DNUM_EPI_WARPS=5 -DSTAGGER_CYCLES=40 -DTMEM_LOAD_WIDTH=64 ... COMPILE_FAIL  (0.4s)
[53/128] -DINTERLEAVE_STRATEGY=1 -DMBAR_EARLY=1 -DNUM_EPI_WARPS=5 -DSTAGGER_CYCLES=60 ... 2.625 ms / 1669 TFLOPS  (245 regs, 5.8s)
[54/128] -DINTERLEAVE_STRATEGY=1 -DMBAR_EARLY=1 -DNUM_EPI_WARPS=5 -DSTAGGER_CYCLES=60 -DTMEM_LOAD_WIDTH=64 ... COMPILE_FAIL  (0.4s)
[55/128] -DINTERLEAVE_STRATEGY=1 -DMBAR_EARLY=1 -DNUM_EPI_WARPS=5 ... 2.615 ms / 1675 TFLOPS  (245 regs, 5.9s)
[56/128] -DINTERLEAVE_STRATEGY=1 -DMBAR_EARLY=1 -DNUM_EPI_WARPS=5 -DTMEM_LOAD_WIDTH=64 ... COMPILE_FAIL  (0.4s)
[57/128] -DINTERLEAVE_STRATEGY=1 -DMBAR_EARLY=1 -DNUM_EPI_WARPS=5 -DSTAGGER_CYCLES=100 ... 2.608 ms / 1679 TFLOPS  (245 regs, 6.0s)
[58/128] -DINTERLEAVE_STRATEGY=1 -DMBAR_EARLY=1 -DNUM_EPI_WARPS=5 -DSTAGGER_CYCLES=100 -DTMEM_LOAD_WIDTH=64 ... COMPILE_FAIL  (0.4s)
[59/128] -DINTERLEAVE_STRATEGY=1 -DMBAR_EARLY=1 -DNUM_EPI_WARPS=5 -DSTAGGER_CYCLES=120 ... 2.599 ms / 1685 TFLOPS  (245 regs, 5.9s)
[60/128] -DINTERLEAVE_STRATEGY=1 -DMBAR_EARLY=1 -DNUM_EPI_WARPS=5 -DSTAGGER_CYCLES=120 -DTMEM_LOAD_WIDTH=64 ... COMPILE_FAIL  (0.4s)
[61/128] -DINTERLEAVE_STRATEGY=1 -DMBAR_EARLY=1 -DNUM_EPI_WARPS=5 -DSTAGGER_CYCLES=160 ... 2.598 ms / 1686 TFLOPS  (245 regs, 5.8s)
[62/128] -DINTERLEAVE_STRATEGY=1 -DMBAR_EARLY=1 -DNUM_EPI_WARPS=5 -DSTAGGER_CYCLES=160 -DTMEM_LOAD_WIDTH=64 ... COMPILE_FAIL  (0.4s)
[63/128] -DINTERLEAVE_STRATEGY=1 -DMBAR_EARLY=1 -DNUM_EPI_WARPS=5 -DSTAGGER_CYCLES=200 ... 2.593 ms / 1689 TFLOPS  (245 regs, 5.9s)
[64/128] -DINTERLEAVE_STRATEGY=1 -DMBAR_EARLY=1 -DNUM_EPI_WARPS=5 -DSTAGGER_CYCLES=200 -DTMEM_LOAD_WIDTH=64 ... COMPILE_FAIL  (0.4s)
[65/128] -DNUM_EPI_WARPS=5 -DSTAGGER_CYCLES=0 ... 2.734 ms / 1602 TFLOPS  (242 regs, 5.9s)
[66/128] -DNUM_EPI_WARPS=5 -DSTAGGER_CYCLES=0 -DTMEM_LOAD_WIDTH=64 ... COMPILE_FAIL  (0.4s)
[67/128] -DNUM_EPI_WARPS=5 -DSTAGGER_CYCLES=40 ... 2.681 ms / 1634 TFLOPS  (240 regs, 5.9s)
[68/128] -DNUM_EPI_WARPS=5 -DSTAGGER_CYCLES=40 -DTMEM_LOAD_WIDTH=64 ... COMPILE_FAIL  (0.4s)
[69/128] -DNUM_EPI_WARPS=5 -DSTAGGER_CYCLES=60 ... 2.679 ms / 1635 TFLOPS  (240 regs, 5.9s)
[70/128] -DNUM_EPI_WARPS=5 -DSTAGGER_CYCLES=60 -DTMEM_LOAD_WIDTH=64 ... COMPILE_FAIL  (0.4s)
[71/128] -DNUM_EPI_WARPS=5 ... 2.673 ms / 1638 TFLOPS  (240 regs, 5.8s)
[72/128] -DNUM_EPI_WARPS=5 -DTMEM_LOAD_WIDTH=64 ... COMPILE_FAIL  (0.4s)
[73/128] -DNUM_EPI_WARPS=5 -DSTAGGER_CYCLES=100 ... 2.676 ms / 1637 TFLOPS  (240 regs, 5.9s)
[74/128] -DNUM_EPI_WARPS=5 -DSTAGGER_CYCLES=100 -DTMEM_LOAD_WIDTH=64 ... COMPILE_FAIL  (0.4s)
[75/128] -DNUM_EPI_WARPS=5 -DSTAGGER_CYCLES=120 ... 2.680 ms / 1635 TFLOPS  (240 regs, 5.9s)
[76/128] -DNUM_EPI_WARPS=5 -DSTAGGER_CYCLES=120 -DTMEM_LOAD_WIDTH=64 ... COMPILE_FAIL  (0.4s)
[77/128] -DNUM_EPI_WARPS=5 -DSTAGGER_CYCLES=160 ... 2.669 ms / 1641 TFLOPS  (240 regs, 5.9s)
[78/128] -DNUM_EPI_WARPS=5 -DSTAGGER_CYCLES=160 -DTMEM_LOAD_WIDTH=64 ... COMPILE_FAIL  (0.4s)
[79/128] -DNUM_EPI_WARPS=5 -DSTAGGER_CYCLES=200 ... 2.667 ms / 1642 TFLOPS  (240 regs, 5.8s)
[80/128] -DNUM_EPI_WARPS=5 -DSTAGGER_CYCLES=200 -DTMEM_LOAD_WIDTH=64 ... COMPILE_FAIL  (0.4s)
[81/128] -DMBAR_EARLY=1 -DNUM_EPI_WARPS=5 -DSTAGGER_CYCLES=0 ... 2.648 ms / 1654 TFLOPS  (244 regs, 5.9s)
[82/128] -DMBAR_EARLY=1 -DNUM_EPI_WARPS=5 -DSTAGGER_CYCLES=0 -DTMEM_LOAD_WIDTH=64 ... COMPILE_FAIL  (0.4s)
[83/128] -DMBAR_EARLY=1 -DNUM_EPI_WARPS=5 -DSTAGGER_CYCLES=40 ... 2.698 ms / 1623 TFLOPS  (242 regs, 5.9s)
[84/128] -DMBAR_EARLY=1 -DNUM_EPI_WARPS=5 -DSTAGGER_CYCLES=40 -DTMEM_LOAD_WIDTH=64 ... COMPILE_FAIL  (0.4s)
[85/128] -DMBAR_EARLY=1 -DNUM_EPI_WARPS=5 -DSTAGGER_CYCLES=60 ... 2.700 ms / 1622 TFLOPS  (242 regs, 5.9s)
[86/128] -DMBAR_EARLY=1 -DNUM_EPI_WARPS=5 -DSTAGGER_CYCLES=60 -DTMEM_LOAD_WIDTH=64 ... COMPILE_FAIL  (0.4s)
[87/128] -DMBAR_EARLY=1 -DNUM_EPI_WARPS=5 ... 2.696 ms / 1625 TFLOPS  (242 regs, 5.9s)
[88/128] -DMBAR_EARLY=1 -DNUM_EPI_WARPS=5 -DTMEM_LOAD_WIDTH=64 ... COMPILE_FAIL  (0.4s)
[89/128] -DMBAR_EARLY=1 -DNUM_EPI_WARPS=5 -DSTAGGER_CYCLES=100 ... 2.692 ms / 1627 TFLOPS  (242 regs, 5.9s)
[90/128] -DMBAR_EARLY=1 -DNUM_EPI_WARPS=5 -DSTAGGER_CYCLES=100 -DTMEM_LOAD_WIDTH=64 ... COMPILE_FAIL  (0.4s)
[91/128] -DMBAR_EARLY=1 -DNUM_EPI_WARPS=5 -DSTAGGER_CYCLES=120 ... 2.684 ms / 1632 TFLOPS  (242 regs, 5.9s)
[92/128] -DMBAR_EARLY=1 -DNUM_EPI_WARPS=5 -DSTAGGER_CYCLES=120 -DTMEM_LOAD_WIDTH=64 ... COMPILE_FAIL  (0.4s)
[93/128] -DMBAR_EARLY=1 -DNUM_EPI_WARPS=5 -DSTAGGER_CYCLES=160 ... 2.668 ms / 1642 TFLOPS  (242 regs, 5.9s)
[94/128] -DMBAR_EARLY=1 -DNUM_EPI_WARPS=5 -DSTAGGER_CYCLES=160 -DTMEM_LOAD_WIDTH=64 ... COMPILE_FAIL  (0.4s)
[95/128] -DMBAR_EARLY=1 -DNUM_EPI_WARPS=5 -DSTAGGER_CYCLES=200 ... 2.672 ms / 1640 TFLOPS  (242 regs, 5.8s)
[96/128] -DMBAR_EARLY=1 -DNUM_EPI_WARPS=5 -DSTAGGER_CYCLES=200 -DTMEM_LOAD_WIDTH=64 ... COMPILE_FAIL  (0.4s)
[97/128] -DINTERLEAVE_STRATEGY=3 -DNUM_EPI_WARPS=5 -DSTAGGER_CYCLES=0 ... 2.719 ms / 1611 TFLOPS  (240 regs, 5.6s)
[98/128] -DINTERLEAVE_STRATEGY=3 -DNUM_EPI_WARPS=5 -DSTAGGER_CYCLES=0 -DTMEM_LOAD_WIDTH=64 ... COMPILE_FAIL  (0.4s)
[99/128] -DINTERLEAVE_STRATEGY=3 -DNUM_EPI_WARPS=5 -DSTAGGER_CYCLES=40 ... 2.735 ms / 1601 TFLOPS  (240 regs, 5.6s)
[100/128] -DINTERLEAVE_STRATEGY=3 -DNUM_EPI_WARPS=5 -DSTAGGER_CYCLES=40 -DTMEM_LOAD_WIDTH=64 ... COMPILE_FAIL  (0.4s)
[101/128] -DINTERLEAVE_STRATEGY=3 -DNUM_EPI_WARPS=5 -DSTAGGER_CYCLES=60 ... 2.743 ms / 1597 TFLOPS  (240 regs, 5.7s)
[102/128] -DINTERLEAVE_STRATEGY=3 -DNUM_EPI_WARPS=5 -DSTAGGER_CYCLES=60 -DTMEM_LOAD_WIDTH=64 ... COMPILE_FAIL  (0.4s)
[103/128] -DINTERLEAVE_STRATEGY=3 -DNUM_EPI_WARPS=5 ... 2.745 ms / 1596 TFLOPS  (240 regs, 5.8s)
[104/128] -DINTERLEAVE_STRATEGY=3 -DNUM_EPI_WARPS=5 -DTMEM_LOAD_WIDTH=64 ... COMPILE_FAIL  (0.4s)
[105/128] -DINTERLEAVE_STRATEGY=3 -DNUM_EPI_WARPS=5 -DSTAGGER_CYCLES=100 ... 2.745 ms / 1596 TFLOPS  (240 regs, 5.9s)
[106/128] -DINTERLEAVE_STRATEGY=3 -DNUM_EPI_WARPS=5 -DSTAGGER_CYCLES=100 -DTMEM_LOAD_WIDTH=64 ... COMPILE_FAIL  (0.4s)
[107/128] -DINTERLEAVE_STRATEGY=3 -DNUM_EPI_WARPS=5 -DSTAGGER_CYCLES=120 ... 2.747 ms / 1595 TFLOPS  (240 regs, 5.9s)
[108/128] -DINTERLEAVE_STRATEGY=3 -DNUM_EPI_WARPS=5 -DSTAGGER_CYCLES=120 -DTMEM_LOAD_WIDTH=64 ... COMPILE_FAIL  (0.4s)
[109/128] -DINTERLEAVE_STRATEGY=3 -DNUM_EPI_WARPS=5 -DSTAGGER_CYCLES=160 ... 2.733 ms / 1603 TFLOPS  (240 regs, 5.9s)
[110/128] -DINTERLEAVE_STRATEGY=3 -DNUM_EPI_WARPS=5 -DSTAGGER_CYCLES=160 -DTMEM_LOAD_WIDTH=64 ... COMPILE_FAIL  (0.4s)
[111/128] -DINTERLEAVE_STRATEGY=3 -DNUM_EPI_WARPS=5 -DSTAGGER_CYCLES=200 ... 2.738 ms / 1600 TFLOPS  (240 regs, 5.9s)
[112/128] -DINTERLEAVE_STRATEGY=3 -DNUM_EPI_WARPS=5 -DSTAGGER_CYCLES=200 -DTMEM_LOAD_WIDTH=64 ... COMPILE_FAIL  (0.4s)
[113/128] -DINTERLEAVE_STRATEGY=3 -DMBAR_EARLY=1 -DNUM_EPI_WARPS=5 -DSTAGGER_CYCLES=0 ... 2.653 ms / 1651 TFLOPS  (242 regs, 5.8s)
[114/128] -DINTERLEAVE_STRATEGY=3 -DMBAR_EARLY=1 -DNUM_EPI_WARPS=5 -DSTAGGER_CYCLES=0 -DTMEM_LOAD_WIDTH=64 ... COMPILE_FAIL  (0.4s)
[115/128] -DINTERLEAVE_STRATEGY=3 -DMBAR_EARLY=1 -DNUM_EPI_WARPS=5 -DSTAGGER_CYCLES=40 ... 2.698 ms / 1623 TFLOPS  (240 regs, 5.9s)
[116/128] -DINTERLEAVE_STRATEGY=3 -DMBAR_EARLY=1 -DNUM_EPI_WARPS=5 -DSTAGGER_CYCLES=40 -DTMEM_LOAD_WIDTH=64 ... COMPILE_FAIL  (0.4s)
[117/128] -DINTERLEAVE_STRATEGY=3 -DMBAR_EARLY=1 -DNUM_EPI_WARPS=5 -DSTAGGER_CYCLES=60 ... 2.715 ms / 1614 TFLOPS  (240 regs, 6.0s)
[118/128] -DINTERLEAVE_STRATEGY=3 -DMBAR_EARLY=1 -DNUM_EPI_WARPS=5 -DSTAGGER_CYCLES=60 -DTMEM_LOAD_WIDTH=64 ... COMPILE_FAIL  (0.4s)
[119/128] -DINTERLEAVE_STRATEGY=3 -DMBAR_EARLY=1 -DNUM_EPI_WARPS=5 ... 2.716 ms / 1613 TFLOPS  (240 regs, 5.8s)
[120/128] -DINTERLEAVE_STRATEGY=3 -DMBAR_EARLY=1 -DNUM_EPI_WARPS=5 -DTMEM_LOAD_WIDTH=64 ... COMPILE_FAIL  (0.4s)
[121/128] -DINTERLEAVE_STRATEGY=3 -DMBAR_EARLY=1 -DNUM_EPI_WARPS=5 -DSTAGGER_CYCLES=100 ... 2.719 ms / 1611 TFLOPS  (240 regs, 5.8s)
[122/128] -DINTERLEAVE_STRATEGY=3 -DMBAR_EARLY=1 -DNUM_EPI_WARPS=5 -DSTAGGER_CYCLES=100 -DTMEM_LOAD_WIDTH=64 ... COMPILE_FAIL  (0.4s)
[123/128] -DINTERLEAVE_STRATEGY=3 -DMBAR_EARLY=1 -DNUM_EPI_WARPS=5 -DSTAGGER_CYCLES=120 ... 2.717 ms / 1612 TFLOPS  (240 regs, 5.9s)
[124/128] -DINTERLEAVE_STRATEGY=3 -DMBAR_EARLY=1 -DNUM_EPI_WARPS=5 -DSTAGGER_CYCLES=120 -DTMEM_LOAD_WIDTH=64 ... COMPILE_FAIL  (0.4s)
[125/128] -DINTERLEAVE_STRATEGY=3 -DMBAR_EARLY=1 -DNUM_EPI_WARPS=5 -DSTAGGER_CYCLES=160 ... 2.699 ms / 1623 TFLOPS  (240 regs, 5.8s)
[126/128] -DINTERLEAVE_STRATEGY=3 -DMBAR_EARLY=1 -DNUM_EPI_WARPS=5 -DSTAGGER_CYCLES=160 -DTMEM_LOAD_WIDTH=64 ... COMPILE_FAIL  (0.4s)
[127/128] -DINTERLEAVE_STRATEGY=3 -DMBAR_EARLY=1 -DNUM_EPI_WARPS=5 -DSTAGGER_CYCLES=200 ... 2.701 ms / 1622 TFLOPS  (240 regs, 5.8s)
[128/128] -DINTERLEAVE_STRATEGY=3 -DMBAR_EARLY=1 -DNUM_EPI_WARPS=5 -DSTAGGER_CYCLES=200 -DTMEM_LOAD_WIDTH=64 ... COMPILE_FAIL  (0.4s)

Tier 2 winner: -DINTERLEAVE_STRATEGY=1 -DMBAR_EARLY=1 -DNUM_EPI_WARPS=5 -DSTAGGER_CYCLES=0 → 2.564 ms / 1708 TFLOPS

=== Tier 3: PHASE1_UNROLL, SNAKE_ORDER, CVT_ADD_FUSED, K_LOOP_UNROLL, W0_LOOP_UNROLL, SUB_MMA_UNROLL ===
Sweep: 540 total, 540 valid, 0 pruned
Estimated time: ~45 min (540 configs × ~5s each)

[1/540] -DCVT_ADD_FUSED=0 -DINTERLEAVE_STRATEGY=1 -DK_LOOP_UNROLL=1 -DMBAR_EARLY=1 -DNUM_EPI_WARPS=5 -DPHASE1_UNROLL=1 -DSNAKE_ORDER=0 -DSTAGGER_CYCLES=0 ... 2.727 ms / 1606 TFLOPS  (174 regs, 5.6s)
[2/540] -DCVT_ADD_FUSED=0 -DINTERLEAVE_STRATEGY=1 -DK_LOOP_UNROLL=1 -DMBAR_EARLY=1 -DNUM_EPI_WARPS=5 -DPHASE1_UNROLL=1 -DSNAKE_ORDER=0 -DSTAGGER_CYCLES=0 -DW0_LOOP_UNROLL=1 ... 2.670 ms / 1640 TFLOPS  (154 regs, 5.6s)
[3/540] -DCVT_ADD_FUSED=0 -DINTERLEAVE_STRATEGY=1 -DK_LOOP_UNROLL=1 -DMBAR_EARLY=1 -DNUM_EPI_WARPS=5 -DPHASE1_UNROLL=1 -DSNAKE_ORDER=0 -DSTAGGER_CYCLES=0 -DW0_LOOP_UNROLL=4 ... 2.729 ms / 1605 TFLOPS  (174 regs, 5.5s)
[4/540] -DCVT_ADD_FUSED=0 -DINTERLEAVE_STRATEGY=1 -DK_LOOP_UNROLL=1 -DMBAR_EARLY=1 -DNUM_EPI_WARPS=5 -DPHASE1_UNROLL=1 -DSNAKE_ORDER=0 -DSTAGGER_CYCLES=0 -DSUB_MMA_UNROLL=1 ... 2.732 ms / 1603 TFLOPS  (164 regs, 5.6s)
[5/540] -DCVT_ADD_FUSED=0 -DINTERLEAVE_STRATEGY=1 -DK_LOOP_UNROLL=1 -DMBAR_EARLY=1 -DNUM_EPI_WARPS=5 -DPHASE1_UNROLL=1 -DSNAKE_ORDER=0 -DSTAGGER_CYCLES=0 -DSUB_MMA_UNROLL=1 -DW0_LOOP_UNROLL=1 ... 2.675 ms / 1638 TFLOPS  (147 regs, 5.5s)
[6/540] -DCVT_ADD_FUSED=0 -DINTERLEAVE_STRATEGY=1 -DK_LOOP_UNROLL=1 -DMBAR_EARLY=1 -DNUM_EPI_WARPS=5 -DPHASE1_UNROLL=1 -DSNAKE_ORDER=0 -DSTAGGER_CYCLES=0 -DSUB_MMA_UNROLL=1 -DW0_LOOP_UNROLL=4 ... 2.728 ms / 1605 TFLOPS  (164 regs, 5.6s)
[7/540] -DCVT_ADD_FUSED=0 -DINTERLEAVE_STRATEGY=1 -DK_LOOP_UNROLL=1 -DMBAR_EARLY=1 -DNUM_EPI_WARPS=5 -DPHASE1_UNROLL=1 -DSNAKE_ORDER=0 -DSTAGGER_CYCLES=0 -DSUB_MMA_UNROLL=3 ... 2.728 ms / 1605 TFLOPS  (174 regs, 5.6s)
[8/540] -DCVT_ADD_FUSED=0 -DINTERLEAVE_STRATEGY=1 -DK_LOOP_UNROLL=1 -DMBAR_EARLY=1 -DNUM_EPI_WARPS=5 -DPHASE1_UNROLL=1 -DSNAKE_ORDER=0 -DSTAGGER_CYCLES=0 -DSUB_MMA_UNROLL=3 -DW0_LOOP_UNROLL=1 ... 2.673 ms / 1639 TFLOPS  (154 regs, 5.6s)
[9/540] -DCVT_ADD_FUSED=0 -DINTERLEAVE_STRATEGY=1 -DK_LOOP_UNROLL=1 -DMBAR_EARLY=1 -DNUM_EPI_WARPS=5 -DPHASE1_UNROLL=1 -DSNAKE_ORDER=0 -DSTAGGER_CYCLES=0 -DSUB_MMA_UNROLL=3 -DW0_LOOP_UNROLL=4 ... 2.729 ms / 1605 TFLOPS  (174 regs, 5.6s)
[10/540] -DCVT_ADD_FUSED=0 -DINTERLEAVE_STRATEGY=1 -DK_LOOP_UNROLL=1 -DMBAR_EARLY=1 -DNUM_EPI_WARPS=5 -DPHASE1_UNROLL=1 -DSTAGGER_CYCLES=0 ... 2.722 ms / 1609 TFLOPS  (174 regs, 5.7s)
[11/540] -DCVT_ADD_FUSED=0 -DINTERLEAVE_STRATEGY=1 -DK_LOOP_UNROLL=1 -DMBAR_EARLY=1 -DNUM_EPI_WARPS=5 -DPHASE1_UNROLL=1 -DSTAGGER_CYCLES=0 -DW0_LOOP_UNROLL=1 ... 2.660 ms / 1647 TFLOPS  (154 regs, 5.6s)
[12/540] -DCVT_ADD_FUSED=0 -DINTERLEAVE_STRATEGY=1 -DK_LOOP_UNROLL=1 -DMBAR_EARLY=1 -DNUM_EPI_WARPS=5 -DPHASE1_UNROLL=1 -DSTAGGER_CYCLES=0 -DW0_LOOP_UNROLL=4 ... 2.724 ms / 1608 TFLOPS  (174 regs, 5.6s)
[13/540] -DCVT_ADD_FUSED=0 -DINTERLEAVE_STRATEGY=1 -DK_LOOP_UNROLL=1 -DMBAR_EARLY=1 -DNUM_EPI_WARPS=5 -DPHASE1_UNROLL=1 -DSTAGGER_CYCLES=0 -DSUB_MMA_UNROLL=1 ... 2.728 ms / 1606 TFLOPS  (164 regs, 5.6s)
[14/540] -DCVT_ADD_FUSED=0 -DINTERLEAVE_STRATEGY=1 -DK_LOOP_UNROLL=1 -DMBAR_EARLY=1 -DNUM_EPI_WARPS=5 -DPHASE1_UNROLL=1 -DSTAGGER_CYCLES=0 -DSUB_MMA_UNROLL=1 -DW0_LOOP_UNROLL=1 ... 2.643 ms / 1658 TFLOPS  (147 regs, 5.6s)
[15/540] -DCVT_ADD_FUSED=0 -DINTERLEAVE_STRATEGY=1 -DK_LOOP_UNROLL=1 -DMBAR_EARLY=1 -DNUM_EPI_WARPS=5 -DPHASE1_UNROLL=1 -DSTAGGER_CYCLES=0 -DSUB_MMA_UNROLL=1 -DW0_LOOP_UNROLL=4 ... 2.732 ms / 1603 TFLOPS  (164 regs, 5.7s)
[16/540] -DCVT_ADD_FUSED=0 -DINTERLEAVE_STRATEGY=1 -DK_LOOP_UNROLL=1 -DMBAR_EARLY=1 -DNUM_EPI_WARPS=5 -DPHASE1_UNROLL=1 -DSTAGGER_CYCLES=0 -DSUB_MMA_UNROLL=3 ... 2.723 ms / 1609 TFLOPS  (174 regs, 5.6s)
[17/540] -DCVT_ADD_FUSED=0 -DINTERLEAVE_STRATEGY=1 -DK_LOOP_UNROLL=1 -DMBAR_EARLY=1 -DNUM_EPI_WARPS=5 -DPHASE1_UNROLL=1 -DSTAGGER_CYCLES=0 -DSUB_MMA_UNROLL=3 -DW0_LOOP_UNROLL=1 ... 2.661 ms / 1646 TFLOPS  (154 regs, 5.5s)
[18/540] -DCVT_ADD_FUSED=0 -DINTERLEAVE_STRATEGY=1 -DK_LOOP_UNROLL=1 -DMBAR_EARLY=1 -DNUM_EPI_WARPS=5 -DPHASE1_UNROLL=1 -DSTAGGER_CYCLES=0 -DSUB_MMA_UNROLL=3 -DW0_LOOP_UNROLL=4 ... 2.724 ms / 1608 TFLOPS  (174 regs, 5.6s)
[19/540] -DCVT_ADD_FUSED=0 -DINTERLEAVE_STRATEGY=1 -DK_LOOP_UNROLL=1 -DMBAR_EARLY=1 -DNUM_EPI_WARPS=5 -DSNAKE_ORDER=0 -DSTAGGER_CYCLES=0 ... 2.509 ms / 1746 TFLOPS  (213 regs, 5.7s)
[20/540] -DCVT_ADD_FUSED=0 -DINTERLEAVE_STRATEGY=1 -DK_LOOP_UNROLL=1 -DMBAR_EARLY=1 -DNUM_EPI_WARPS=5 -DSNAKE_ORDER=0 -DSTAGGER_CYCLES=0 -DW0_LOOP_UNROLL=1 ... 2.525 ms / 1735 TFLOPS  (195 regs, 5.6s)
[21/540] -DCVT_ADD_FUSED=0 -DINTERLEAVE_STRATEGY=1 -DK_LOOP_UNROLL=1 -DMBAR_EARLY=1 -DNUM_EPI_WARPS=5 -DSNAKE_ORDER=0 -DSTAGGER_CYCLES=0 -DW0_LOOP_UNROLL=4 ... 2.505 ms / 1748 TFLOPS  (213 regs, 5.9s)
[22/540] -DCVT_ADD_FUSED=0 -DINTERLEAVE_STRATEGY=1 -DK_LOOP_UNROLL=1 -DMBAR_EARLY=1 -DNUM_EPI_WARPS=5 -DSNAKE_ORDER=0 -DSTAGGER_CYCLES=0 -DSUB_MMA_UNROLL=1 ... 2.579 ms / 1698 TFLOPS  (209 regs, 5.8s)
[23/540] -DCVT_ADD_FUSED=0 -DINTERLEAVE_STRATEGY=1 -DK_LOOP_UNROLL=1 -DMBAR_EARLY=1 -DNUM_EPI_WARPS=5 -DSNAKE_ORDER=0 -DSTAGGER_CYCLES=0 -DSUB_MMA_UNROLL=1 -DW0_LOOP_UNROLL=1 ... 2.495 ms / 1755 TFLOPS  (188 regs, 5.8s)
[24/540] -DCVT_ADD_FUSED=0 -DINTERLEAVE_STRATEGY=1 -DK_LOOP_UNROLL=1 -DMBAR_EARLY=1 -DNUM_EPI_WARPS=5 -DSNAKE_ORDER=0 -DSTAGGER_CYCLES=0 -DSUB_MMA_UNROLL=1 -DW0_LOOP_UNROLL=4 ... 2.566 ms / 1707 TFLOPS  (209 regs, 5.7s)
[25/540] -DCVT_ADD_FUSED=0 -DINTERLEAVE_STRATEGY=1 -DK_LOOP_UNROLL=1 -DMBAR_EARLY=1 -DNUM_EPI_WARPS=5 -DSNAKE_ORDER=0 -DSTAGGER_CYCLES=0 -DSUB_MMA_UNROLL=3 ... 2.508 ms / 1747 TFLOPS  (213 regs, 5.9s)
[26/540] -DCVT_ADD_FUSED=0 -DINTERLEAVE_STRATEGY=1 -DK_LOOP_UNROLL=1 -DMBAR_EARLY=1 -DNUM_EPI_WARPS=5 -DSNAKE_ORDER=0 -DSTAGGER_CYCLES=0 -DSUB_MMA_UNROLL=3 -DW0_LOOP_UNROLL=1 ... 2.524 ms / 1735 TFLOPS  (195 regs, 5.8s)
[27/540] -DCVT_ADD_FUSED=0 -DINTERLEAVE_STRATEGY=1 -DK_LOOP_UNROLL=1 -DMBAR_EARLY=1 -DNUM_EPI_WARPS=5 -DSNAKE_ORDER=0 -DSTAGGER_CYCLES=0 -DSUB_MMA_UNROLL=3 -DW0_LOOP_UNROLL=4 ... 2.505 ms / 1749 TFLOPS  (213 regs, 5.8s)
[28/540] -DCVT_ADD_FUSED=0 -DINTERLEAVE_STRATEGY=1 -DK_LOOP_UNROLL=1 -DMBAR_EARLY=1 -DNUM_EPI_WARPS=5 -DSTAGGER_CYCLES=0 ... 2.510 ms / 1745 TFLOPS  (213 regs, 5.8s)
[29/540] -DCVT_ADD_FUSED=0 -DINTERLEAVE_STRATEGY=1 -DK_LOOP_UNROLL=1 -DMBAR_EARLY=1 -DNUM_EPI_WARPS=5 -DSTAGGER_CYCLES=0 -DW0_LOOP_UNROLL=1 ... 2.532 ms / 1730 TFLOPS  (195 regs, 5.6s)
[30/540] -DCVT_ADD_FUSED=0 -DINTERLEAVE_STRATEGY=1 -DK_LOOP_UNROLL=1 -DMBAR_EARLY=1 -DNUM_EPI_WARPS=5 -DSTAGGER_CYCLES=0 -DW0_LOOP_UNROLL=4 ... 2.499 ms / 1753 TFLOPS  (213 regs, 5.8s)
[31/540] -DCVT_ADD_FUSED=0 -DINTERLEAVE_STRATEGY=1 -DK_LOOP_UNROLL=1 -DMBAR_EARLY=1 -DNUM_EPI_WARPS=5 -DSTAGGER_CYCLES=0 -DSUB_MMA_UNROLL=1 ... 2.601 ms / 1684 TFLOPS  (209 regs, 5.7s)
[32/540] -DCVT_ADD_FUSED=0 -DINTERLEAVE_STRATEGY=1 -DK_LOOP_UNROLL=1 -DMBAR_EARLY=1 -DNUM_EPI_WARPS=5 -DSTAGGER_CYCLES=0 -DSUB_MMA_UNROLL=1 -DW0_LOOP_UNROLL=1 ... 2.486 ms / 1762 TFLOPS  (188 regs, 5.9s)
[33/540] -DCVT_ADD_FUSED=0 -DINTERLEAVE_STRATEGY=1 -DK_LOOP_UNROLL=1 -DMBAR_EARLY=1 -DNUM_EPI_WARPS=5 -DSTAGGER_CYCLES=0 -DSUB_MMA_UNROLL=1 -DW0_LOOP_UNROLL=4 ... 2.560 ms / 1711 TFLOPS  (209 regs, 5.8s)
[34/540] -DCVT_ADD_FUSED=0 -DINTERLEAVE_STRATEGY=1 -DK_LOOP_UNROLL=1 -DMBAR_EARLY=1 -DNUM_EPI_WARPS=5 -DSTAGGER_CYCLES=0 -DSUB_MMA_UNROLL=3 ... 2.511 ms / 1745 TFLOPS  (213 regs, 5.9s)
[35/540] -DCVT_ADD_FUSED=0 -DINTERLEAVE_STRATEGY=1 -DK_LOOP_UNROLL=1 -DMBAR_EARLY=1 -DNUM_EPI_WARPS=5 -DSTAGGER_CYCLES=0 -DSUB_MMA_UNROLL=3 -DW0_LOOP_UNROLL=1 ... 2.532 ms / 1730 TFLOPS  (195 regs, 5.8s)
[36/540] -DCVT_ADD_FUSED=0 -DINTERLEAVE_STRATEGY=1 -DK_LOOP_UNROLL=1 -DMBAR_EARLY=1 -DNUM_EPI_WARPS=5 -DSTAGGER_CYCLES=0 -DSUB_MMA_UNROLL=3 -DW0_LOOP_UNROLL=4 ... 2.500 ms / 1752 TFLOPS  (213 regs, 5.7s)
[37/540] -DCVT_ADD_FUSED=0 -DINTERLEAVE_STRATEGY=1 -DK_LOOP_UNROLL=1 -DMBAR_EARLY=1 -DNUM_EPI_WARPS=5 -DPHASE1_UNROLL=4 -DSNAKE_ORDER=0 -DSTAGGER_CYCLES=0 ... 3.975 ms / 1102 TFLOPS  (218 regs, 6.1s)
[38/540] -DCVT_ADD_FUSED=0 -DINTERLEAVE_STRATEGY=1 -DK_LOOP_UNROLL=1 -DMBAR_EARLY=1 -DNUM_EPI_WARPS=5 -DPHASE1_UNROLL=4 -DSNAKE_ORDER=0 -DSTAGGER_CYCLES=0 -DW0_LOOP_UNROLL=1 ... 3.762 ms / 1164 TFLOPS  (198 regs, 6.1s)
[39/540] -DCVT_ADD_FUSED=0 -DINTERLEAVE_STRATEGY=1 -DK_LOOP_UNROLL=1 -DMBAR_EARLY=1 -DNUM_EPI_WARPS=5 -DPHASE1_UNROLL=4 -DSNAKE_ORDER=0 -DSTAGGER_CYCLES=0 -DW0_LOOP_UNROLL=4 ... 3.938 ms / 1112 TFLOPS  (218 regs, 6.1s)
[40/540] -DCVT_ADD_FUSED=0 -DINTERLEAVE_STRATEGY=1 -DK_LOOP_UNROLL=1 -DMBAR_EARLY=1 -DNUM_EPI_WARPS=5 -DPHASE1_UNROLL=4 -DSNAKE_ORDER=0 -DSTAGGER_CYCLES=0 -DSUB_MMA_UNROLL=1 ... 4.053 ms / 1081 TFLOPS  (210 regs, 6.2s)
[41/540] -DCVT_ADD_FUSED=0 -DINTERLEAVE_STRATEGY=1 -DK_LOOP_UNROLL=1 -DMBAR_EARLY=1 -DNUM_EPI_WARPS=5 -DPHASE1_UNROLL=4 -DSNAKE_ORDER=0 -DSTAGGER_CYCLES=0 -DSUB_MMA_UNROLL=1 -DW0_LOOP_UNROLL=1 ... 3.898 ms / 1124 TFLOPS  (190 regs, 6.1s)
[42/540] -DCVT_ADD_FUSED=0 -DINTERLEAVE_STRATEGY=1 -DK_LOOP_UNROLL=1 -DMBAR_EARLY=1 -DNUM_EPI_WARPS=5 -DPHASE1_UNROLL=4 -DSNAKE_ORDER=0 -DSTAGGER_CYCLES=0 -DSUB_MMA_UNROLL=1 -DW0_LOOP_UNROLL=4 ... 3.973 ms / 1102 TFLOPS  (210 regs, 6.0s)
[43/540] -DCVT_ADD_FUSED=0 -DINTERLEAVE_STRATEGY=1 -DK_LOOP_UNROLL=1 -DMBAR_EARLY=1 -DNUM_EPI_WARPS=5 -DPHASE1_UNROLL=4 -DSNAKE_ORDER=0 -DSTAGGER_CYCLES=0 -DSUB_MMA_UNROLL=3 ... 3.973 ms / 1102 TFLOPS  (218 regs, 6.1s)
[44/540] -DCVT_ADD_FUSED=0 -DINTERLEAVE_STRATEGY=1 -DK_LOOP_UNROLL=1 -DMBAR_EARLY=1 -DNUM_EPI_WARPS=5 -DPHASE1_UNROLL=4 -DSNAKE_ORDER=0 -DSTAGGER_CYCLES=0 -DSUB_MMA_UNROLL=3 -DW0_LOOP_UNROLL=1 ... 3.763 ms / 1164 TFLOPS  (198 regs, 6.0s)
[45/540] -DCVT_ADD_FUSED=0 -DINTERLEAVE_STRATEGY=1 -DK_LOOP_UNROLL=1 -DMBAR_EARLY=1 -DNUM_EPI_WARPS=5 -DPHASE1_UNROLL=4 -DSNAKE_ORDER=0 -DSTAGGER_CYCLES=0 -DSUB_MMA_UNROLL=3 -DW0_LOOP_UNROLL=4 ... 3.935 ms / 1113 TFLOPS  (218 regs, 6.2s)
[46/540] -DCVT_ADD_FUSED=0 -DINTERLEAVE_STRATEGY=1 -DK_LOOP_UNROLL=1 -DMBAR_EARLY=1 -DNUM_EPI_WARPS=5 -DPHASE1_UNROLL=4 -DSTAGGER_CYCLES=0 ... 3.993 ms / 1097 TFLOPS  (218 regs, 6.2s)
[47/540] -DCVT_ADD_FUSED=0 -DINTERLEAVE_STRATEGY=1 -DK_LOOP_UNROLL=1 -DMBAR_EARLY=1 -DNUM_EPI_WARPS=5 -DPHASE1_UNROLL=4 -DSTAGGER_CYCLES=0 -DW0_LOOP_UNROLL=1 ... 3.793 ms / 1155 TFLOPS  (198 regs, 6.1s)
[48/540] -DCVT_ADD_FUSED=0 -DINTERLEAVE_STRATEGY=1 -DK_LOOP_UNROLL=1 -DMBAR_EARLY=1 -DNUM_EPI_WARPS=5 -DPHASE1_UNROLL=4 -DSTAGGER_CYCLES=0 -DW0_LOOP_UNROLL=4 ... 3.961 ms / 1106 TFLOPS  (218 regs, 6.2s)
[49/540] -DCVT_ADD_FUSED=0 -DINTERLEAVE_STRATEGY=1 -DK_LOOP_UNROLL=1 -DMBAR_EARLY=1 -DNUM_EPI_WARPS=5 -DPHASE1_UNROLL=4 -DSTAGGER_CYCLES=0 -DSUB_MMA_UNROLL=1 ... 4.064 ms / 1078 TFLOPS  (210 regs, 6.2s)
[50/540] -DCVT_ADD_FUSED=0 -DINTERLEAVE_STRATEGY=1 -DK_LOOP_UNROLL=1 -DMBAR_EARLY=1 -DNUM_EPI_WARPS=5 -DPHASE1_UNROLL=4 -DSTAGGER_CYCLES=0 -DSUB_MMA_UNROLL=1 -DW0_LOOP_UNROLL=1 ... 3.903 ms / 1122 TFLOPS  (190 regs, 6.4s)
[51/540] -DCVT_ADD_FUSED=0 -DINTERLEAVE_STRATEGY=1 -DK_LOOP_UNROLL=1 -DMBAR_EARLY=1 -DNUM_EPI_WARPS=5 -DPHASE1_UNROLL=4 -DSTAGGER_CYCLES=0 -DSUB_MMA_UNROLL=1 -DW0_LOOP_UNROLL=4 ... 3.974 ms / 1102 TFLOPS  (210 regs, 6.1s)
[52/540] -DCVT_ADD_FUSED=0 -DINTERLEAVE_STRATEGY=1 -DK_LOOP_UNROLL=1 -DMBAR_EARLY=1 -DNUM_EPI_WARPS=5 -DPHASE1_UNROLL=4 -DSTAGGER_CYCLES=0 -DSUB_MMA_UNROLL=3 ... 3.994 ms / 1097 TFLOPS  (218 regs, 6.2s)
[53/540] -DCVT_ADD_FUSED=0 -DINTERLEAVE_STRATEGY=1 -DK_LOOP_UNROLL=1 -DMBAR_EARLY=1 -DNUM_EPI_WARPS=5 -DPHASE1_UNROLL=4 -DSTAGGER_CYCLES=0 -DSUB_MMA_UNROLL=3 -DW0_LOOP_UNROLL=1 ... 3.789 ms / 1156 TFLOPS  (198 regs, 6.2s)
[54/540] -DCVT_ADD_FUSED=0 -DINTERLEAVE_STRATEGY=1 -DK_LOOP_UNROLL=1 -DMBAR_EARLY=1 -DNUM_EPI_WARPS=5 -DPHASE1_UNROLL=4 -DSTAGGER_CYCLES=0 -DSUB_MMA_UNROLL=3 -DW0_LOOP_UNROLL=4 ... 3.964 ms / 1105 TFLOPS  (218 regs, 6.1s)
[55/540] -DCVT_ADD_FUSED=0 -DINTERLEAVE_STRATEGY=1 -DK_LOOP_UNROLL=2 -DMBAR_EARLY=1 -DNUM_EPI_WARPS=5 -DPHASE1_UNROLL=1 -DSNAKE_ORDER=0 -DSTAGGER_CYCLES=0 ... 2.727 ms / 1606 TFLOPS  (174 regs, 5.7s)
[56/540] -DCVT_ADD_FUSED=0 -DINTERLEAVE_STRATEGY=1 -DK_LOOP_UNROLL=2 -DMBAR_EARLY=1 -DNUM_EPI_WARPS=5 -DPHASE1_UNROLL=1 -DSNAKE_ORDER=0 -DSTAGGER_CYCLES=0 -DW0_LOOP_UNROLL=1 ... 2.655 ms / 1650 TFLOPS  (154 regs, 5.6s)
[57/540] -DCVT_ADD_FUSED=0 -DINTERLEAVE_STRATEGY=1 -DK_LOOP_UNROLL=2 -DMBAR_EARLY=1 -DNUM_EPI_WARPS=5 -DPHASE1_UNROLL=1 -DSNAKE_ORDER=0 -DSTAGGER_CYCLES=0 -DW0_LOOP_UNROLL=4 ... 2.727 ms / 1606 TFLOPS  (174 regs, 5.6s)
[58/540] -DCVT_ADD_FUSED=0 -DINTERLEAVE_STRATEGY=1 -DK_LOOP_UNROLL=2 -DMBAR_EARLY=1 -DNUM_EPI_WARPS=5 -DPHASE1_UNROLL=1 -DSNAKE_ORDER=0 -DSTAGGER_CYCLES=0 -DSUB_MMA_UNROLL=1 ... 2.734 ms / 1602 TFLOPS  (164 regs, 5.7s)
[59/540] -DCVT_ADD_FUSED=0 -DINTERLEAVE_STRATEGY=1 -DK_LOOP_UNROLL=2 -DMBAR_EARLY=1 -DNUM_EPI_WARPS=5 -DPHASE1_UNROLL=1 -DSNAKE_ORDER=0 -DSTAGGER_CYCLES=0 -DSUB_MMA_UNROLL=1 -DW0_LOOP_UNROLL=1 ... 2.688 ms / 1629 TFLOPS  (146 regs, 5.6s)
[60/540] -DCVT_ADD_FUSED=0 -DINTERLEAVE_STRATEGY=1 -DK_LOOP_UNROLL=2 -DMBAR_EARLY=1 -DNUM_EPI_WARPS=5 -DPHASE1_UNROLL=1 -DSNAKE_ORDER=0 -DSTAGGER_CYCLES=0 -DSUB_MMA_UNROLL=1 -DW0_LOOP_UNROLL=4 ... 2.730 ms / 1604 TFLOPS  (164 regs, 5.6s)
[61/540] -DCVT_ADD_FUSED=0 -DINTERLEAVE_STRATEGY=1 -DK_LOOP_UNROLL=2 -DMBAR_EARLY=1 -DNUM_EPI_WARPS=5 -DPHASE1_UNROLL=1 -DSNAKE_ORDER=0 -DSTAGGER_CYCLES=0 -DSUB_MMA_UNROLL=3 ... 2.726 ms / 1607 TFLOPS  (174 regs, 5.6s)
[62/540] -DCVT_ADD_FUSED=0 -DINTERLEAVE_STRATEGY=1 -DK_LOOP_UNROLL=2 -DMBAR_EARLY=1 -DNUM_EPI_WARPS=5 -DPHASE1_UNROLL=1 -DSNAKE_ORDER=0 -DSTAGGER_CYCLES=0 -DSUB_MMA_UNROLL=3 -DW0_LOOP_UNROLL=1 ... 2.655 ms / 1650 TFLOPS  (154 regs, 5.6s)
[63/540] -DCVT_ADD_FUSED=0 -DINTERLEAVE_STRATEGY=1 -DK_LOOP_UNROLL=2 -DMBAR_EARLY=1 -DNUM_EPI_WARPS=5 -DPHASE1_UNROLL=1 -DSNAKE_ORDER=0 -DSTAGGER_CYCLES=0 -DSUB_MMA_UNROLL=3 -DW0_LOOP_UNROLL=4 ... 2.727 ms / 1606 TFLOPS  (174 regs, 5.7s)
[64/540] -DCVT_ADD_FUSED=0 -DINTERLEAVE_STRATEGY=1 -DK_LOOP_UNROLL=2 -DMBAR_EARLY=1 -DNUM_EPI_WARPS=5 -DPHASE1_UNROLL=1 -DSTAGGER_CYCLES=0 ... 2.722 ms / 1609 TFLOPS  (174 regs, 5.7s)
[65/540] -DCVT_ADD_FUSED=0 -DINTERLEAVE_STRATEGY=1 -DK_LOOP_UNROLL=2 -DMBAR_EARLY=1 -DNUM_EPI_WARPS=5 -DPHASE1_UNROLL=1 -DSTAGGER_CYCLES=0 -DW0_LOOP_UNROLL=1 ... 2.640 ms / 1659 TFLOPS  (154 regs, 5.6s)
[66/540] -DCVT_ADD_FUSED=0 -DINTERLEAVE_STRATEGY=1 -DK_LOOP_UNROLL=2 -DMBAR_EARLY=1 -DNUM_EPI_WARPS=5 -DPHASE1_UNROLL=1 -DSTAGGER_CYCLES=0 -DW0_LOOP_UNROLL=4 ... 2.724 ms / 1608 TFLOPS  (174 regs, 5.6s)
[67/540] -DCVT_ADD_FUSED=0 -DINTERLEAVE_STRATEGY=1 -DK_LOOP_UNROLL=2 -DMBAR_EARLY=1 -DNUM_EPI_WARPS=5 -DPHASE1_UNROLL=1 -DSTAGGER_CYCLES=0 -DSUB_MMA_UNROLL=1 ... 2.731 ms / 1604 TFLOPS  (164 regs, 5.6s)
[68/540] -DCVT_ADD_FUSED=0 -DINTERLEAVE_STRATEGY=1 -DK_LOOP_UNROLL=2 -DMBAR_EARLY=1 -DNUM_EPI_WARPS=5 -DPHASE1_UNROLL=1 -DSTAGGER_CYCLES=0 -DSUB_MMA_UNROLL=1 -DW0_LOOP_UNROLL=1 ... 2.679 ms / 1635 TFLOPS  (146 regs, 5.6s)
[69/540] -DCVT_ADD_FUSED=0 -DINTERLEAVE_STRATEGY=1 -DK_LOOP_UNROLL=2 -DMBAR_EARLY=1 -DNUM_EPI_WARPS=5 -DPHASE1_UNROLL=1 -DSTAGGER_CYCLES=0 -DSUB_MMA_UNROLL=1 -DW0_LOOP_UNROLL=4 ... 2.732 ms / 1603 TFLOPS  (164 regs, 5.6s)
[70/540] -DCVT_ADD_FUSED=0 -DINTERLEAVE_STRATEGY=1 -DK_LOOP_UNROLL=2 -DMBAR_EARLY=1 -DNUM_EPI_WARPS=5 -DPHASE1_UNROLL=1 -DSTAGGER_CYCLES=0 -DSUB_MMA_UNROLL=3 ... 2.722 ms / 1609 TFLOPS  (174 regs, 5.6s)
[71/540] -DCVT_ADD_FUSED=0 -DINTERLEAVE_STRATEGY=1 -DK_LOOP_UNROLL=2 -DMBAR_EARLY=1 -DNUM_EPI_WARPS=5 -DPHASE1_UNROLL=1 -DSTAGGER_CYCLES=0 -DSUB_MMA_UNROLL=3 -DW0_LOOP_UNROLL=1 ... 2.640 ms / 1659 TFLOPS  (154 regs, 5.6s)
[72/540] -DCVT_ADD_FUSED=0 -DINTERLEAVE_STRATEGY=1 -DK_LOOP_UNROLL=2 -DMBAR_EARLY=1 -DNUM_EPI_WARPS=5 -DPHASE1_UNROLL=1 -DSTAGGER_CYCLES=0 -DSUB_MMA_UNROLL=3 -DW0_LOOP_UNROLL=4 ... 2.723 ms / 1608 TFLOPS  (174 regs, 5.7s)
[73/540] -DCVT_ADD_FUSED=0 -DINTERLEAVE_STRATEGY=1 -DK_LOOP_UNROLL=2 -DMBAR_EARLY=1 -DNUM_EPI_WARPS=5 -DSNAKE_ORDER=0 -DSTAGGER_CYCLES=0 ... 2.571 ms / 1704 TFLOPS  (213 regs, 5.8s)
[74/540] -DCVT_ADD_FUSED=0 -DINTERLEAVE_STRATEGY=1 -DK_LOOP_UNROLL=2 -DMBAR_EARLY=1 -DNUM_EPI_WARPS=5 -DSNAKE_ORDER=0 -DSTAGGER_CYCLES=0 -DW0_LOOP_UNROLL=1 ... 2.537 ms / 1727 TFLOPS  (196 regs, 5.8s)
[75/540] -DCVT_ADD_FUSED=0 -DINTERLEAVE_STRATEGY=1 -DK_LOOP_UNROLL=2 -DMBAR_EARLY=1 -DNUM_EPI_WARPS=5 -DSNAKE_ORDER=0 -DSTAGGER_CYCLES=0 -DW0_LOOP_UNROLL=4 ... 2.578 ms / 1699 TFLOPS  (213 regs, 5.8s)
[76/540] -DCVT_ADD_FUSED=0 -DINTERLEAVE_STRATEGY=1 -DK_LOOP_UNROLL=2 -DMBAR_EARLY=1 -DNUM_EPI_WARPS=5 -DSNAKE_ORDER=0 -DSTAGGER_CYCLES=0 -DSUB_MMA_UNROLL=1 ... 2.615 ms / 1675 TFLOPS  (209 regs, 5.8s)
[77/540] -DCVT_ADD_FUSED=0 -DINTERLEAVE_STRATEGY=1 -DK_LOOP_UNROLL=2 -DMBAR_EARLY=1 -DNUM_EPI_WARPS=5 -DSNAKE_ORDER=0 -DSTAGGER_CYCLES=0 -DSUB_MMA_UNROLL=1 -DW0_LOOP_UNROLL=1 ... 2.500 ms / 1752 TFLOPS  (187 regs, 5.8s)
[78/540] -DCVT_ADD_FUSED=0 -DINTERLEAVE_STRATEGY=1 -DK_LOOP_UNROLL=2 -DMBAR_EARLY=1 -DNUM_EPI_WARPS=5 -DSNAKE_ORDER=0 -DSTAGGER_CYCLES=0 -DSUB_MMA_UNROLL=1 -DW0_LOOP_UNROLL=4 ... 2.610 ms / 1678 TFLOPS  (209 regs, 5.8s)
[79/540] -DCVT_ADD_FUSED=0 -DINTERLEAVE_STRATEGY=1 -DK_LOOP_UNROLL=2 -DMBAR_EARLY=1 -DNUM_EPI_WARPS=5 -DSNAKE_ORDER=0 -DSTAGGER_CYCLES=0 -DSUB_MMA_UNROLL=3 ... 2.569 ms / 1705 TFLOPS  (213 regs, 5.7s)
[80/540] -DCVT_ADD_FUSED=0 -DINTERLEAVE_STRATEGY=1 -DK_LOOP_UNROLL=2 -DMBAR_EARLY=1 -DNUM_EPI_WARPS=5 -DSNAKE_ORDER=0 -DSTAGGER_CYCLES=0 -DSUB_MMA_UNROLL=3 -DW0_LOOP_UNROLL=1 ... 2.537 ms / 1726 TFLOPS  (196 regs, 5.8s)
[81/540] -DCVT_ADD_FUSED=0 -DINTERLEAVE_STRATEGY=1 -DK_LOOP_UNROLL=2 -DMBAR_EARLY=1 -DNUM_EPI_WARPS=5 -DSNAKE_ORDER=0 -DSTAGGER_CYCLES=0 -DSUB_MMA_UNROLL=3 -DW0_LOOP_UNROLL=4 ... 2.578 ms / 1699 TFLOPS  (213 regs, 5.7s)
[82/540] -DCVT_ADD_FUSED=0 -DINTERLEAVE_STRATEGY=1 -DK_LOOP_UNROLL=2 -DMBAR_EARLY=1 -DNUM_EPI_WARPS=5 -DSTAGGER_CYCLES=0 ... 2.597 ms / 1686 TFLOPS  (213 regs, 5.9s)
[83/540] -DCVT_ADD_FUSED=0 -DINTERLEAVE_STRATEGY=1 -DK_LOOP_UNROLL=2 -DMBAR_EARLY=1 -DNUM_EPI_WARPS=5 -DSTAGGER_CYCLES=0 -DW0_LOOP_UNROLL=1 ... 2.553 ms / 1716 TFLOPS  (196 regs, 5.7s)
[84/540] -DCVT_ADD_FUSED=0 -DINTERLEAVE_STRATEGY=1 -DK_LOOP_UNROLL=2 -DMBAR_EARLY=1 -DNUM_EPI_WARPS=5 -DSTAGGER_CYCLES=0 -DW0_LOOP_UNROLL=4 ... 2.578 ms / 1699 TFLOPS  (213 regs, 5.7s)
[85/540] -DCVT_ADD_FUSED=0 -DINTERLEAVE_STRATEGY=1 -DK_LOOP_UNROLL=2 -DMBAR_EARLY=1 -DNUM_EPI_WARPS=5 -DSTAGGER_CYCLES=0 -DSUB_MMA_UNROLL=1 ... 2.633 ms / 1664 TFLOPS  (209 regs, 5.7s)
[86/540] -DCVT_ADD_FUSED=0 -DINTERLEAVE_STRATEGY=1 -DK_LOOP_UNROLL=2 -DMBAR_EARLY=1 -DNUM_EPI_WARPS=5 -DSTAGGER_CYCLES=0 -DSUB_MMA_UNROLL=1 -DW0_LOOP_UNROLL=1 ... 2.496 ms / 1755 TFLOPS  (187 regs, 5.7s)
[87/540] -DCVT_ADD_FUSED=0 -DINTERLEAVE_STRATEGY=1 -DK_LOOP_UNROLL=2 -DMBAR_EARLY=1 -DNUM_EPI_WARPS=5 -DSTAGGER_CYCLES=0 -DSUB_MMA_UNROLL=1 -DW0_LOOP_UNROLL=4 ... 2.604 ms / 1682 TFLOPS  (209 regs, 5.7s)
[88/540] -DCVT_ADD_FUSED=0 -DINTERLEAVE_STRATEGY=1 -DK_LOOP_UNROLL=2 -DMBAR_EARLY=1 -DNUM_EPI_WARPS=5 -DSTAGGER_CYCLES=0 -DSUB_MMA_UNROLL=3 ... 2.597 ms / 1687 TFLOPS  (213 regs, 5.7s)
[89/540] -DCVT_ADD_FUSED=0 -DINTERLEAVE_STRATEGY=1 -DK_LOOP_UNROLL=2 -DMBAR_EARLY=1 -DNUM_EPI_WARPS=5 -DSTAGGER_CYCLES=0 -DSUB_MMA_UNROLL=3 -DW0_LOOP_UNROLL=1 ... 2.555 ms / 1714 TFLOPS  (196 regs, 5.8s)
[90/540] -DCVT_ADD_FUSED=0 -DINTERLEAVE_STRATEGY=1 -DK_LOOP_UNROLL=2 -DMBAR_EARLY=1 -DNUM_EPI_WARPS=5 -DSTAGGER_CYCLES=0 -DSUB_MMA_UNROLL=3 -DW0_LOOP_UNROLL=4 ... 2.580 ms / 1698 TFLOPS  (213 regs, 5.8s)
[91/540] -DCVT_ADD_FUSED=0 -DINTERLEAVE_STRATEGY=1 -DK_LOOP_UNROLL=2 -DMBAR_EARLY=1 -DNUM_EPI_WARPS=5 -DPHASE1_UNROLL=4 -DSNAKE_ORDER=0 -DSTAGGER_CYCLES=0 ... 4.076 ms / 1075 TFLOPS  (218 regs, 6.1s)
[92/540] -DCVT_ADD_FUSED=0 -DINTERLEAVE_STRATEGY=1 -DK_LOOP_UNROLL=2 -DMBAR_EARLY=1 -DNUM_EPI_WARPS=5 -DPHASE1_UNROLL=4 -DSNAKE_ORDER=0 -DSTAGGER_CYCLES=0 -DW0_LOOP_UNROLL=1 ... 3.882 ms / 1128 TFLOPS  (198 regs, 6.2s)
[93/540] -DCVT_ADD_FUSED=0 -DINTERLEAVE_STRATEGY=1 -DK_LOOP_UNROLL=2 -DMBAR_EARLY=1 -DNUM_EPI_WARPS=5 -DPHASE1_UNROLL=4 -DSNAKE_ORDER=0 -DSTAGGER_CYCLES=0 -DW0_LOOP_UNROLL=4 ... 4.064 ms / 1078 TFLOPS  (218 regs, 5.8s)
[94/540] -DCVT_ADD_FUSED=0 -DINTERLEAVE_STRATEGY=1 -DK_LOOP_UNROLL=2 -DMBAR_EARLY=1 -DNUM_EPI_WARPS=5 -DPHASE1_UNROLL=4 -DSNAKE_ORDER=0 -DSTAGGER_CYCLES=0 -DSUB_MMA_UNROLL=1 ... 4.008 ms / 1093 TFLOPS  (210 regs, 6.1s)
[95/540] -DCVT_ADD_FUSED=0 -DINTERLEAVE_STRATEGY=1 -DK_LOOP_UNROLL=2 -DMBAR_EARLY=1 -DNUM_EPI_WARPS=5 -DPHASE1_UNROLL=4 -DSNAKE_ORDER=0 -DSTAGGER_CYCLES=0 -DSUB_MMA_UNROLL=1 -DW0_LOOP_UNROLL=1 ... 3.909 ms / 1120 TFLOPS  (190 regs, 6.1s)
[96/540] -DCVT_ADD_FUSED=0 -DINTERLEAVE_STRATEGY=1 -DK_LOOP_UNROLL=2 -DMBAR_EARLY=1 -DNUM_EPI_WARPS=5 -DPHASE1_UNROLL=4 -DSNAKE_ORDER=0 -DSTAGGER_CYCLES=0 -DSUB_MMA_UNROLL=1 -DW0_LOOP_UNROLL=4 ... 4.014 ms / 1091 TFLOPS  (210 regs, 6.1s)
[97/540] -DCVT_ADD_FUSED=0 -DINTERLEAVE_STRATEGY=1 -DK_LOOP_UNROLL=2 -DMBAR_EARLY=1 -DNUM_EPI_WARPS=5 -DPHASE1_UNROLL=4 -DSNAKE_ORDER=0 -DSTAGGER_CYCLES=0 -DSUB_MMA_UNROLL=3 ... 4.080 ms / 1074 TFLOPS  (218 regs, 6.1s)
[98/540] -DCVT_ADD_FUSED=0 -DINTERLEAVE_STRATEGY=1 -DK_LOOP_UNROLL=2 -DMBAR_EARLY=1 -DNUM_EPI_WARPS=5 -DPHASE1_UNROLL=4 -DSNAKE_ORDER=0 -DSTAGGER_CYCLES=0 -DSUB_MMA_UNROLL=3 -DW0_LOOP_UNROLL=1 ... 3.884 ms / 1128 TFLOPS  (198 regs, 6.2s)
[99/540] -DCVT_ADD_FUSED=0 -DINTERLEAVE_STRATEGY=1 -DK_LOOP_UNROLL=2 -DMBAR_EARLY=1 -DNUM_EPI_WARPS=5 -DPHASE1_UNROLL=4 -DSNAKE_ORDER=0 -DSTAGGER_CYCLES=0 -DSUB_MMA_UNROLL=3 -DW0_LOOP_UNROLL=4 ... 4.066 ms / 1077 TFLOPS  (218 regs, 6.2s)
[100/540] -DCVT_ADD_FUSED=0 -DINTERLEAVE_STRATEGY=1 -DK_LOOP_UNROLL=2 -DMBAR_EARLY=1 -DNUM_EPI_WARPS=5 -DPHASE1_UNROLL=4 -DSTAGGER_CYCLES=0 ... 4.099 ms / 1068 TFLOPS  (218 regs, 6.1s)
[101/540] -DCVT_ADD_FUSED=0 -DINTERLEAVE_STRATEGY=1 -DK_LOOP_UNROLL=2 -DMBAR_EARLY=1 -DNUM_EPI_WARPS=5 -DPHASE1_UNROLL=4 -DSTAGGER_CYCLES=0 -DW0_LOOP_UNROLL=1 ... 3.890 ms / 1126 TFLOPS  (198 regs, 6.1s)
[102/540] -DCVT_ADD_FUSED=0 -DINTERLEAVE_STRATEGY=1 -DK_LOOP_UNROLL=2 -DMBAR_EARLY=1 -DNUM_EPI_WARPS=5 -DPHASE1_UNROLL=4 -DSTAGGER_CYCLES=0 -DW0_LOOP_UNROLL=4 ... 4.070 ms / 1076 TFLOPS  (218 regs, 6.2s)
[103/540] -DCVT_ADD_FUSED=0 -DINTERLEAVE_STRATEGY=1 -DK_LOOP_UNROLL=2 -DMBAR_EARLY=1 -DNUM_EPI_WARPS=5 -DPHASE1_UNROLL=4 -DSTAGGER_CYCLES=0 -DSUB_MMA_UNROLL=1 ... 4.036 ms / 1085 TFLOPS  (210 regs, 6.2s)
[104/540] -DCVT_ADD_FUSED=0 -DINTERLEAVE_STRATEGY=1 -DK_LOOP_UNROLL=2 -DMBAR_EARLY=1 -DNUM_EPI_WARPS=5 -DPHASE1_UNROLL=4 -DSTAGGER_CYCLES=0 -DSUB_MMA_UNROLL=1 -DW0_LOOP_UNROLL=1 ... 3.881 ms / 1128 TFLOPS  (190 regs, 6.2s)
[105/540] -DCVT_ADD_FUSED=0 -DINTERLEAVE_STRATEGY=1 -DK_LOOP_UNROLL=2 -DMBAR_EARLY=1 -DNUM_EPI_WARPS=5 -DPHASE1_UNROLL=4 -DSTAGGER_CYCLES=0 -DSUB_MMA_UNROLL=1 -DW0_LOOP_UNROLL=4 ... 4.033 ms / 1086 TFLOPS  (210 regs, 6.3s)
[106/540] -DCVT_ADD_FUSED=0 -DINTERLEAVE_STRATEGY=1 -DK_LOOP_UNROLL=2 -DMBAR_EARLY=1 -DNUM_EPI_WARPS=5 -DPHASE1_UNROLL=4 -DSTAGGER_CYCLES=0 -DSUB_MMA_UNROLL=3 ... 4.099 ms / 1069 TFLOPS  (218 regs, 6.2s)
[107/540] -DCVT_ADD_FUSED=0 -DINTERLEAVE_STRATEGY=1 -DK_LOOP_UNROLL=2 -DMBAR_EARLY=1 -DNUM_EPI_WARPS=5 -DPHASE1_UNROLL=4 -DSTAGGER_CYCLES=0 -DSUB_MMA_UNROLL=3 -DW0_LOOP_UNROLL=1 ... 3.886 ms / 1127 TFLOPS  (198 regs, 6.2s)
[108/540] -DCVT_ADD_FUSED=0 -DINTERLEAVE_STRATEGY=1 -DK_LOOP_UNROLL=2 -DMBAR_EARLY=1 -DNUM_EPI_WARPS=5 -DPHASE1_UNROLL=4 -DSTAGGER_CYCLES=0 -DSUB_MMA_UNROLL=3 -DW0_LOOP_UNROLL=4 ... 4.068 ms / 1077 TFLOPS  (218 regs, 6.3s)
[109/540] -DCVT_ADD_FUSED=0 -DINTERLEAVE_STRATEGY=1 -DMBAR_EARLY=1 -DNUM_EPI_WARPS=5 -DPHASE1_UNROLL=1 -DSNAKE_ORDER=0 -DSTAGGER_CYCLES=0 ... 2.690 ms / 1628 TFLOPS  (222 regs, 5.7s)
[110/540] -DCVT_ADD_FUSED=0 -DINTERLEAVE_STRATEGY=1 -DMBAR_EARLY=1 -DNUM_EPI_WARPS=5 -DPHASE1_UNROLL=1 -DSNAKE_ORDER=0 -DSTAGGER_CYCLES=0 -DW0_LOOP_UNROLL=1 ... 2.744 ms / 1596 TFLOPS  (206 regs, 5.7s)
[111/540] -DCVT_ADD_FUSED=0 -DINTERLEAVE_STRATEGY=1 -DMBAR_EARLY=1 -DNUM_EPI_WARPS=5 -DPHASE1_UNROLL=1 -DSNAKE_ORDER=0 -DSTAGGER_CYCLES=0 -DW0_LOOP_UNROLL=4 ... 2.689 ms / 1629 TFLOPS  (222 regs, 5.6s)
[112/540] -DCVT_ADD_FUSED=0 -DINTERLEAVE_STRATEGY=1 -DMBAR_EARLY=1 -DNUM_EPI_WARPS=5 -DPHASE1_UNROLL=1 -DSNAKE_ORDER=0 -DSTAGGER_CYCLES=0 -DSUB_MMA_UNROLL=1 ... 2.720 ms / 1610 TFLOPS  (176 regs, 5.7s)
[113/540] -DCVT_ADD_FUSED=0 -DINTERLEAVE_STRATEGY=1 -DMBAR_EARLY=1 -DNUM_EPI_WARPS=5 -DPHASE1_UNROLL=1 -DSNAKE_ORDER=0 -DSTAGGER_CYCLES=0 -DSUB_MMA_UNROLL=1 -DW0_LOOP_UNROLL=1 ... 2.741 ms / 1598 TFLOPS  (160 regs, 5.6s)
[114/540] -DCVT_ADD_FUSED=0 -DINTERLEAVE_STRATEGY=1 -DMBAR_EARLY=1 -DNUM_EPI_WARPS=5 -DPHASE1_UNROLL=1 -DSNAKE_ORDER=0 -DSTAGGER_CYCLES=0 -DSUB_MMA_UNROLL=1 -DW0_LOOP_UNROLL=4 ... 2.721 ms / 1610 TFLOPS  (176 regs, 5.6s)
[115/540] -DCVT_ADD_FUSED=0 -DINTERLEAVE_STRATEGY=1 -DMBAR_EARLY=1 -DNUM_EPI_WARPS=5 -DPHASE1_UNROLL=1 -DSNAKE_ORDER=0 -DSTAGGER_CYCLES=0 -DSUB_MMA_UNROLL=3 ... 2.692 ms / 1627 TFLOPS  (222 regs, 5.6s)
[116/540] -DCVT_ADD_FUSED=0 -DINTERLEAVE_STRATEGY=1 -DMBAR_EARLY=1 -DNUM_EPI_WARPS=5 -DPHASE1_UNROLL=1 -DSNAKE_ORDER=0 -DSTAGGER_CYCLES=0 -DSUB_MMA_UNROLL=3 -DW0_LOOP_UNROLL=1 ... 2.744 ms / 1596 TFLOPS  (206 regs, 5.6s)
[117/540] -DCVT_ADD_FUSED=0 -DINTERLEAVE_STRATEGY=1 -DMBAR_EARLY=1 -DNUM_EPI_WARPS=5 -DPHASE1_UNROLL=1 -DSNAKE_ORDER=0 -DSTAGGER_CYCLES=0 -DSUB_MMA_UNROLL=3 -DW0_LOOP_UNROLL=4 ... 2.689 ms / 1629 TFLOPS  (222 regs, 5.7s)
[118/540] -DCVT_ADD_FUSED=0 -DINTERLEAVE_STRATEGY=1 -DMBAR_EARLY=1 -DNUM_EPI_WARPS=5 -DPHASE1_UNROLL=1 -DSTAGGER_CYCLES=0 ... 2.687 ms / 1630 TFLOPS  (222 regs, 5.8s)
[119/540] -DCVT_ADD_FUSED=0 -DINTERLEAVE_STRATEGY=1 -DMBAR_EARLY=1 -DNUM_EPI_WARPS=5 -DPHASE1_UNROLL=1 -DSTAGGER_CYCLES=0 -DW0_LOOP_UNROLL=1 ... 2.741 ms / 1598 TFLOPS  (206 regs, 5.6s)
[120/540] -DCVT_ADD_FUSED=0 -DINTERLEAVE_STRATEGY=1 -DMBAR_EARLY=1 -DNUM_EPI_WARPS=5 -DPHASE1_UNROLL=1 -DSTAGGER_CYCLES=0 -DW0_LOOP_UNROLL=4 ... 2.686 ms / 1631 TFLOPS  (222 regs, 5.7s)
[121/540] -DCVT_ADD_FUSED=0 -DINTERLEAVE_STRATEGY=1 -DMBAR_EARLY=1 -DNUM_EPI_WARPS=5 -DPHASE1_UNROLL=1 -DSTAGGER_CYCLES=0 -DSUB_MMA_UNROLL=1 ... 2.721 ms / 1610 TFLOPS  (176 regs, 5.6s)
[122/540] -DCVT_ADD_FUSED=0 -DINTERLEAVE_STRATEGY=1 -DMBAR_EARLY=1 -DNUM_EPI_WARPS=5 -DPHASE1_UNROLL=1 -DSTAGGER_CYCLES=0 -DSUB_MMA_UNROLL=1 -DW0_LOOP_UNROLL=1 ... 2.735 ms / 1602 TFLOPS  (160 regs, 5.7s)
[123/540] -DCVT_ADD_FUSED=0 -DINTERLEAVE_STRATEGY=1 -DMBAR_EARLY=1 -DNUM_EPI_WARPS=5 -DPHASE1_UNROLL=1 -DSTAGGER_CYCLES=0 -DSUB_MMA_UNROLL=1 -DW0_LOOP_UNROLL=4 ... 2.722 ms / 1609 TFLOPS  (176 regs, 5.6s)
[124/540] -DCVT_ADD_FUSED=0 -DINTERLEAVE_STRATEGY=1 -DMBAR_EARLY=1 -DNUM_EPI_WARPS=5 -DPHASE1_UNROLL=1 -DSTAGGER_CYCLES=0 -DSUB_MMA_UNROLL=3 ... 2.687 ms / 1630 TFLOPS  (222 regs, 5.6s)
[125/540] -DCVT_ADD_FUSED=0 -DINTERLEAVE_STRATEGY=1 -DMBAR_EARLY=1 -DNUM_EPI_WARPS=5 -DPHASE1_UNROLL=1 -DSTAGGER_CYCLES=0 -DSUB_MMA_UNROLL=3 -DW0_LOOP_UNROLL=1 ... 2.740 ms / 1598 TFLOPS  (206 regs, 5.6s)
[126/540] -DCVT_ADD_FUSED=0 -DINTERLEAVE_STRATEGY=1 -DMBAR_EARLY=1 -DNUM_EPI_WARPS=5 -DPHASE1_UNROLL=1 -DSTAGGER_CYCLES=0 -DSUB_MMA_UNROLL=3 -DW0_LOOP_UNROLL=4 ... 2.687 ms / 1630 TFLOPS  (222 regs, 5.8s)
[127/540] -DCVT_ADD_FUSED=0 -DINTERLEAVE_STRATEGY=1 -DMBAR_EARLY=1 -DNUM_EPI_WARPS=5 -DSNAKE_ORDER=0 -DSTAGGER_CYCLES=0 ... 2.569 ms / 1705 TFLOPS  (244 regs, 5.8s)
[128/540] -DCVT_ADD_FUSED=0 -DINTERLEAVE_STRATEGY=1 -DMBAR_EARLY=1 -DNUM_EPI_WARPS=5 -DSNAKE_ORDER=0 -DSTAGGER_CYCLES=0 -DW0_LOOP_UNROLL=1 ... 2.574 ms / 1702 TFLOPS  (241 regs, 5.9s)
[129/540] -DCVT_ADD_FUSED=0 -DINTERLEAVE_STRATEGY=1 -DMBAR_EARLY=1 -DNUM_EPI_WARPS=5 -DSNAKE_ORDER=0 -DSTAGGER_CYCLES=0 -DW0_LOOP_UNROLL=4 ... 2.548 ms / 1719 TFLOPS  (244 regs, 5.8s)
[130/540] -DCVT_ADD_FUSED=0 -DINTERLEAVE_STRATEGY=1 -DMBAR_EARLY=1 -DNUM_EPI_WARPS=5 -DSNAKE_ORDER=0 -DSTAGGER_CYCLES=0 -DSUB_MMA_UNROLL=1 ... 2.646 ms / 1655 TFLOPS  (214 regs, 5.8s)
[131/540] -DCVT_ADD_FUSED=0 -DINTERLEAVE_STRATEGY=1 -DMBAR_EARLY=1 -DNUM_EPI_WARPS=5 -DSNAKE_ORDER=0 -DSTAGGER_CYCLES=0 -DSUB_MMA_UNROLL=1 -DW0_LOOP_UNROLL=1 ... 2.585 ms / 1694 TFLOPS  (203 regs, 5.9s)
[132/540] -DCVT_ADD_FUSED=0 -DINTERLEAVE_STRATEGY=1 -DMBAR_EARLY=1 -DNUM_EPI_WARPS=5 -DSNAKE_ORDER=0 -DSTAGGER_CYCLES=0 -DSUB_MMA_UNROLL=1 -DW0_LOOP_UNROLL=4 ... 2.640 ms / 1659 TFLOPS  (214 regs, 5.8s)
[133/540] -DCVT_ADD_FUSED=0 -DINTERLEAVE_STRATEGY=1 -DMBAR_EARLY=1 -DNUM_EPI_WARPS=5 -DSNAKE_ORDER=0 -DSTAGGER_CYCLES=0 -DSUB_MMA_UNROLL=3 ... 2.570 ms / 1704 TFLOPS  (244 regs, 5.9s)
[134/540] -DCVT_ADD_FUSED=0 -DINTERLEAVE_STRATEGY=1 -DMBAR_EARLY=1 -DNUM_EPI_WARPS=5 -DSNAKE_ORDER=0 -DSTAGGER_CYCLES=0 -DSUB_MMA_UNROLL=3 -DW0_LOOP_UNROLL=1 ... 2.573 ms / 1702 TFLOPS  (241 regs, 5.9s)
[135/540] -DCVT_ADD_FUSED=0 -DINTERLEAVE_STRATEGY=1 -DMBAR_EARLY=1 -DNUM_EPI_WARPS=5 -DSNAKE_ORDER=0 -DSTAGGER_CYCLES=0 -DSUB_MMA_UNROLL=3 -DW0_LOOP_UNROLL=4 ... 2.548 ms / 1719 TFLOPS  (244 regs, 5.8s)
[136/540] -DCVT_ADD_FUSED=0 -DINTERLEAVE_STRATEGY=1 -DMBAR_EARLY=1 -DNUM_EPI_WARPS=5 -DSTAGGER_CYCLES=0 ... 2.564 ms / 1708 TFLOPS  (244 regs, 5.8s)
[137/540] -DCVT_ADD_FUSED=0 -DINTERLEAVE_STRATEGY=1 -DMBAR_EARLY=1 -DNUM_EPI_WARPS=5 -DSTAGGER_CYCLES=0 -DW0_LOOP_UNROLL=1 ... 2.575 ms / 1701 TFLOPS  (241 regs, 5.8s)
[138/540] -DCVT_ADD_FUSED=0 -DINTERLEAVE_STRATEGY=1 -DMBAR_EARLY=1 -DNUM_EPI_WARPS=5 -DSTAGGER_CYCLES=0 -DW0_LOOP_UNROLL=4 ... 2.545 ms / 1721 TFLOPS  (244 regs, 5.8s)
[139/540] -DCVT_ADD_FUSED=0 -DINTERLEAVE_STRATEGY=1 -DMBAR_EARLY=1 -DNUM_EPI_WARPS=5 -DSTAGGER_CYCLES=0 -DSUB_MMA_UNROLL=1 ... 2.669 ms / 1641 TFLOPS  (214 regs, 5.7s)
[140/540] -DCVT_ADD_FUSED=0 -DINTERLEAVE_STRATEGY=1 -DMBAR_EARLY=1 -DNUM_EPI_WARPS=5 -DSTAGGER_CYCLES=0 -DSUB_MMA_UNROLL=1 -DW0_LOOP_UNROLL=1 ... 2.573 ms / 1702 TFLOPS  (203 regs, 5.8s)
[141/540] -DCVT_ADD_FUSED=0 -DINTERLEAVE_STRATEGY=1 -DMBAR_EARLY=1 -DNUM_EPI_WARPS=5 -DSTAGGER_CYCLES=0 -DSUB_MMA_UNROLL=1 -DW0_LOOP_UNROLL=4 ... 2.652 ms / 1651 TFLOPS  (214 regs, 5.7s)
[142/540] -DCVT_ADD_FUSED=0 -DINTERLEAVE_STRATEGY=1 -DMBAR_EARLY=1 -DNUM_EPI_WARPS=5 -DSTAGGER_CYCLES=0 -DSUB_MMA_UNROLL=3 ... 2.564 ms / 1708 TFLOPS  (244 regs, 5.9s)
[143/540] -DCVT_ADD_FUSED=0 -DINTERLEAVE_STRATEGY=1 -DMBAR_EARLY=1 -DNUM_EPI_WARPS=5 -DSTAGGER_CYCLES=0 -DSUB_MMA_UNROLL=3 -DW0_LOOP_UNROLL=1 ... 2.575 ms / 1701 TFLOPS  (241 regs, 5.8s)
[144/540] -DCVT_ADD_FUSED=0 -DINTERLEAVE_STRATEGY=1 -DMBAR_EARLY=1 -DNUM_EPI_WARPS=5 -DSTAGGER_CYCLES=0 -DSUB_MMA_UNROLL=3 -DW0_LOOP_UNROLL=4 ... 2.545 ms / 1721 TFLOPS  (244 regs, 5.8s)
[145/540] -DCVT_ADD_FUSED=0 -DINTERLEAVE_STRATEGY=1 -DMBAR_EARLY=1 -DNUM_EPI_WARPS=5 -DPHASE1_UNROLL=4 -DSNAKE_ORDER=0 -DSTAGGER_CYCLES=0 ... 4.191 ms / 1045 TFLOPS  (245 regs, 6.1s)
[146/540] -DCVT_ADD_FUSED=0 -DINTERLEAVE_STRATEGY=1 -DMBAR_EARLY=1 -DNUM_EPI_WARPS=5 -DPHASE1_UNROLL=4 -DSNAKE_ORDER=0 -DSTAGGER_CYCLES=0 -DW0_LOOP_UNROLL=1 ... 3.927 ms / 1115 TFLOPS  (240 regs, 6.2s)
[147/540] -DCVT_ADD_FUSED=0 -DINTERLEAVE_STRATEGY=1 -DMBAR_EARLY=1 -DNUM_EPI_WARPS=5 -DPHASE1_UNROLL=4 -DSNAKE_ORDER=0 -DSTAGGER_CYCLES=0 -DW0_LOOP_UNROLL=4 ... 4.067 ms / 1077 TFLOPS  (245 regs, 6.1s)
[148/540] -DCVT_ADD_FUSED=0 -DINTERLEAVE_STRATEGY=1 -DMBAR_EARLY=1 -DNUM_EPI_WARPS=5 -DPHASE1_UNROLL=4 -DSNAKE_ORDER=0 -DSTAGGER_CYCLES=0 -DSUB_MMA_UNROLL=1 ... 4.037 ms / 1085 TFLOPS  (220 regs, 6.1s)
[149/540] -DCVT_ADD_FUSED=0 -DINTERLEAVE_STRATEGY=1 -DMBAR_EARLY=1 -DNUM_EPI_WARPS=5 -DPHASE1_UNROLL=4 -DSNAKE_ORDER=0 -DSTAGGER_CYCLES=0 -DSUB_MMA_UNROLL=1 -DW0_LOOP_UNROLL=1 ... 3.822 ms / 1146 TFLOPS  (204 regs, 6.1s)
[150/540] -DCVT_ADD_FUSED=0 -DINTERLEAVE_STRATEGY=1 -DMBAR_EARLY=1 -DNUM_EPI_WARPS=5 -DPHASE1_UNROLL=4 -DSNAKE_ORDER=0 -DSTAGGER_CYCLES=0 -DSUB_MMA_UNROLL=1 -DW0_LOOP_UNROLL=4 ... 3.998 ms / 1096 TFLOPS  (220 regs, 6.3s)
[151/540] -DCVT_ADD_FUSED=0 -DINTERLEAVE_STRATEGY=1 -DMBAR_EARLY=1 -DNUM_EPI_WARPS=5 -DPHASE1_UNROLL=4 -DSNAKE_ORDER=0 -DSTAGGER_CYCLES=0 -DSUB_MMA_UNROLL=3 ... 4.192 ms / 1045 TFLOPS  (245 regs, 6.2s)
[152/540] -DCVT_ADD_FUSED=0 -DINTERLEAVE_STRATEGY=1 -DMBAR_EARLY=1 -DNUM_EPI_WARPS=5 -DPHASE1_UNROLL=4 -DSNAKE_ORDER=0 -DSTAGGER_CYCLES=0 -DSUB_MMA_UNROLL=3 -DW0_LOOP_UNROLL=1 ... 3.925 ms / 1116 TFLOPS  (240 regs, 6.2s)
[153/540] -DCVT_ADD_FUSED=0 -DINTERLEAVE_STRATEGY=1 -DMBAR_EARLY=1 -DNUM_EPI_WARPS=5 -DPHASE1_UNROLL=4 -DSNAKE_ORDER=0 -DSTAGGER_CYCLES=0 -DSUB_MMA_UNROLL=3 -DW0_LOOP_UNROLL=4 ... 4.066 ms / 1077 TFLOPS  (245 regs, 6.2s)
[154/540] -DCVT_ADD_FUSED=0 -DINTERLEAVE_STRATEGY=1 -DMBAR_EARLY=1 -DNUM_EPI_WARPS=5 -DPHASE1_UNROLL=4 -DSTAGGER_CYCLES=0 ... 4.185 ms / 1047 TFLOPS  (245 regs, 6.2s)
[155/540] -DCVT_ADD_FUSED=0 -DINTERLEAVE_STRATEGY=1 -DMBAR_EARLY=1 -DNUM_EPI_WARPS=5 -DPHASE1_UNROLL=4 -DSTAGGER_CYCLES=0 -DW0_LOOP_UNROLL=1 ... 3.938 ms / 1112 TFLOPS  (240 regs, 6.0s)
[156/540] -DCVT_ADD_FUSED=0 -DINTERLEAVE_STRATEGY=1 -DMBAR_EARLY=1 -DNUM_EPI_WARPS=5 -DPHASE1_UNROLL=4 -DSTAGGER_CYCLES=0 -DW0_LOOP_UNROLL=4 ... 4.111 ms / 1065 TFLOPS  (245 regs, 6.2s)
[157/540] -DCVT_ADD_FUSED=0 -DINTERLEAVE_STRATEGY=1 -DMBAR_EARLY=1 -DNUM_EPI_WARPS=5 -DPHASE1_UNROLL=4 -DSTAGGER_CYCLES=0 -DSUB_MMA_UNROLL=1 ... 4.060 ms / 1079 TFLOPS  (220 regs, 6.0s)
[158/540] -DCVT_ADD_FUSED=0 -DINTERLEAVE_STRATEGY=1 -DMBAR_EARLY=1 -DNUM_EPI_WARPS=5 -DPHASE1_UNROLL=4 -DSTAGGER_CYCLES=0 -DSUB_MMA_UNROLL=1 -DW0_LOOP_UNROLL=1 ... 3.826 ms / 1145 TFLOPS  (204 regs, 6.0s)
[159/540] -DCVT_ADD_FUSED=0 -DINTERLEAVE_STRATEGY=1 -DMBAR_EARLY=1 -DNUM_EPI_WARPS=5 -DPHASE1_UNROLL=4 -DSTAGGER_CYCLES=0 -DSUB_MMA_UNROLL=1 -DW0_LOOP_UNROLL=4 ... 4.004 ms / 1094 TFLOPS  (220 regs, 6.1s)
[160/540] -DCVT_ADD_FUSED=0 -DINTERLEAVE_STRATEGY=1 -DMBAR_EARLY=1 -DNUM_EPI_WARPS=5 -DPHASE1_UNROLL=4 -DSTAGGER_CYCLES=0 -DSUB_MMA_UNROLL=3 ... 4.185 ms / 1047 TFLOPS  (245 regs, 6.2s)
[161/540] -DCVT_ADD_FUSED=0 -DINTERLEAVE_STRATEGY=1 -DMBAR_EARLY=1 -DNUM_EPI_WARPS=5 -DPHASE1_UNROLL=4 -DSTAGGER_CYCLES=0 -DSUB_MMA_UNROLL=3 -DW0_LOOP_UNROLL=1 ... 3.936 ms / 1113 TFLOPS  (240 regs, 6.2s)
[162/540] -DCVT_ADD_FUSED=0 -DINTERLEAVE_STRATEGY=1 -DMBAR_EARLY=1 -DNUM_EPI_WARPS=5 -DPHASE1_UNROLL=4 -DSTAGGER_CYCLES=0 -DSUB_MMA_UNROLL=3 -DW0_LOOP_UNROLL=4 ... 4.108 ms / 1066 TFLOPS  (245 regs, 6.1s)
[163/540] -DCVT_ADD_FUSED=0 -DINTERLEAVE_STRATEGY=1 -DK_LOOP_UNROLL=6 -DMBAR_EARLY=1 -DNUM_EPI_WARPS=5 -DPHASE1_UNROLL=1 -DSNAKE_ORDER=0 -DSTAGGER_CYCLES=0 ... 2.677 ms / 1636 TFLOPS  (188 regs, 5.6s)
[164/540] -DCVT_ADD_FUSED=0 -DINTERLEAVE_STRATEGY=1 -DK_LOOP_UNROLL=6 -DMBAR_EARLY=1 -DNUM_EPI_WARPS=5 -DPHASE1_UNROLL=1 -DSNAKE_ORDER=0 -DSTAGGER_CYCLES=0 -DW0_LOOP_UNROLL=1 ... 2.669 ms / 1641 TFLOPS  (168 regs, 5.6s)
[165/540] -DCVT_ADD_FUSED=0 -DINTERLEAVE_STRATEGY=1 -DK_LOOP_UNROLL=6 -DMBAR_EARLY=1 -DNUM_EPI_WARPS=5 -DPHASE1_UNROLL=1 -DSNAKE_ORDER=0 -DSTAGGER_CYCLES=0 -DW0_LOOP_UNROLL=4 ... 2.693 ms / 1627 TFLOPS  (184 regs, 5.7s)
[166/540] -DCVT_ADD_FUSED=0 -DINTERLEAVE_STRATEGY=1 -DK_LOOP_UNROLL=6 -DMBAR_EARLY=1 -DNUM_EPI_WARPS=5 -DPHASE1_UNROLL=1 -DSNAKE_ORDER=0 -DSTAGGER_CYCLES=0 -DSUB_MMA_UNROLL=1 ... 2.714 ms / 1614 TFLOPS  (176 regs, 5.6s)
[167/540] -DCVT_ADD_FUSED=0 -DINTERLEAVE_STRATEGY=1 -DK_LOOP_UNROLL=6 -DMBAR_EARLY=1 -DNUM_EPI_WARPS=5 -DPHASE1_UNROLL=1 -DSNAKE_ORDER=0 -DSTAGGER_CYCLES=0 -DSUB_MMA_UNROLL=1 -DW0_LOOP_UNROLL=1 ... 2.733 ms / 1602 TFLOPS  (161 regs, 5.6s)
[168/540] -DCVT_ADD_FUSED=0 -DINTERLEAVE_STRATEGY=1 -DK_LOOP_UNROLL=6 -DMBAR_EARLY=1 -DNUM_EPI_WARPS=5 -DPHASE1_UNROLL=1 -DSNAKE_ORDER=0 -DSTAGGER_CYCLES=0 -DSUB_MMA_UNROLL=1 -DW0_LOOP_UNROLL=4 ... 2.711 ms / 1616 TFLOPS  (176 regs, 5.6s)
[169/540] -DCVT_ADD_FUSED=0 -DINTERLEAVE_STRATEGY=1 -DK_LOOP_UNROLL=6 -DMBAR_EARLY=1 -DNUM_EPI_WARPS=5 -DPHASE1_UNROLL=1 -DSNAKE_ORDER=0 -DSTAGGER_CYCLES=0 -DSUB_MMA_UNROLL=3 ... 2.677 ms / 1636 TFLOPS  (188 regs, 5.6s)
[170/540] -DCVT_ADD_FUSED=0 -DINTERLEAVE_STRATEGY=1 -DK_LOOP_UNROLL=6 -DMBAR_EARLY=1 -DNUM_EPI_WARPS=5 -DPHASE1_UNROLL=1 -DSNAKE_ORDER=0 -DSTAGGER_CYCLES=0 -DSUB_MMA_UNROLL=3 -DW0_LOOP_UNROLL=1 ... 2.669 ms / 1641 TFLOPS  (168 regs, 5.6s)
[171/540] -DCVT_ADD_FUSED=0 -DINTERLEAVE_STRATEGY=1 -DK_LOOP_UNROLL=6 -DMBAR_EARLY=1 -DNUM_EPI_WARPS=5 -DPHASE1_UNROLL=1 -DSNAKE_ORDER=0 -DSTAGGER_CYCLES=0 -DSUB_MMA_UNROLL=3 -DW0_LOOP_UNROLL=4 ... 2.693 ms / 1626 TFLOPS  (184 regs, 5.6s)
[172/540] -DCVT_ADD_FUSED=0 -DINTERLEAVE_STRATEGY=1 -DK_LOOP_UNROLL=6 -DMBAR_EARLY=1 -DNUM_EPI_WARPS=5 -DPHASE1_UNROLL=1 -DSTAGGER_CYCLES=0 ... 2.677 ms / 1636 TFLOPS  (188 regs, 5.6s)
[173/540] -DCVT_ADD_FUSED=0 -DINTERLEAVE_STRATEGY=1 -DK_LOOP_UNROLL=6 -DMBAR_EARLY=1 -DNUM_EPI_WARPS=5 -DPHASE1_UNROLL=1 -DSTAGGER_CYCLES=0 -DW0_LOOP_UNROLL=1 ... 2.666 ms / 1643 TFLOPS  (168 regs, 5.6s)
[174/540] -DCVT_ADD_FUSED=0 -DINTERLEAVE_STRATEGY=1 -DK_LOOP_UNROLL=6 -DMBAR_EARLY=1 -DNUM_EPI_WARPS=5 -DPHASE1_UNROLL=1 -DSTAGGER_CYCLES=0 -DW0_LOOP_UNROLL=4 ... 2.696 ms / 1625 TFLOPS  (184 regs, 5.5s)
[175/540] -DCVT_ADD_FUSED=0 -DINTERLEAVE_STRATEGY=1 -DK_LOOP_UNROLL=6 -DMBAR_EARLY=1 -DNUM_EPI_WARPS=5 -DPHASE1_UNROLL=1 -DSTAGGER_CYCLES=0 -DSUB_MMA_UNROLL=1 ... 2.710 ms / 1616 TFLOPS  (176 regs, 5.7s)
[176/540] -DCVT_ADD_FUSED=0 -DINTERLEAVE_STRATEGY=1 -DK_LOOP_UNROLL=6 -DMBAR_EARLY=1 -DNUM_EPI_WARPS=5 -DPHASE1_UNROLL=1 -DSTAGGER_CYCLES=0 -DSUB_MMA_UNROLL=1 -DW0_LOOP_UNROLL=1 ... 2.731 ms / 1604 TFLOPS  (161 regs, 5.6s)
[177/540] -DCVT_ADD_FUSED=0 -DINTERLEAVE_STRATEGY=1 -DK_LOOP_UNROLL=6 -DMBAR_EARLY=1 -DNUM_EPI_WARPS=5 -DPHASE1_UNROLL=1 -DSTAGGER_CYCLES=0 -DSUB_MMA_UNROLL=1 -DW0_LOOP_UNROLL=4 ... 2.711 ms / 1616 TFLOPS  (176 regs, 5.6s)
[178/540] -DCVT_ADD_FUSED=0 -DINTERLEAVE_STRATEGY=1 -DK_LOOP_UNROLL=6 -DMBAR_EARLY=1 -DNUM_EPI_WARPS=5 -DPHASE1_UNROLL=1 -DSTAGGER_CYCLES=0 -DSUB_MMA_UNROLL=3 ... 2.678 ms / 1635 TFLOPS  (188 regs, 5.6s)
[179/540] -DCVT_ADD_FUSED=0 -DINTERLEAVE_STRATEGY=1 -DK_LOOP_UNROLL=6 -DMBAR_EARLY=1 -DNUM_EPI_WARPS=5 -DPHASE1_UNROLL=1 -DSTAGGER_CYCLES=0 -DSUB_MMA_UNROLL=3 -DW0_LOOP_UNROLL=1 ... 2.664 ms / 1644 TFLOPS  (168 regs, 5.6s)
[180/540] -DCVT_ADD_FUSED=0 -DINTERLEAVE_STRATEGY=1 -DK_LOOP_UNROLL=6 -DMBAR_EARLY=1 -DNUM_EPI_WARPS=5 -DPHASE1_UNROLL=1 -DSTAGGER_CYCLES=0 -DSUB_MMA_UNROLL=3 -DW0_LOOP_UNROLL=4 ... 2.695 ms / 1625 TFLOPS  (184 regs, 5.6s)
[181/540] -DCVT_ADD_FUSED=0 -DINTERLEAVE_STRATEGY=1 -DK_LOOP_UNROLL=6 -DMBAR_EARLY=1 -DNUM_EPI_WARPS=5 -DSNAKE_ORDER=0 -DSTAGGER_CYCLES=0 ... 2.729 ms / 1605 TFLOPS  (223 regs, 5.8s)
[182/540] -DCVT_ADD_FUSED=0 -DINTERLEAVE_STRATEGY=1 -DK_LOOP_UNROLL=6 -DMBAR_EARLY=1 -DNUM_EPI_WARPS=5 -DSNAKE_ORDER=0 -DSTAGGER_CYCLES=0 -DW0_LOOP_UNROLL=1 ... 2.626 ms / 1668 TFLOPS  (210 regs, 5.8s)
[183/540] -DCVT_ADD_FUSED=0 -DINTERLEAVE_STRATEGY=1 -DK_LOOP_UNROLL=6 -DMBAR_EARLY=1 -DNUM_EPI_WARPS=5 -DSNAKE_ORDER=0 -DSTAGGER_CYCLES=0 -DW0_LOOP_UNROLL=4 ... 2.715 ms / 1613 TFLOPS  (223 regs, 5.7s)
[184/540] -DCVT_ADD_FUSED=0 -DINTERLEAVE_STRATEGY=1 -DK_LOOP_UNROLL=6 -DMBAR_EARLY=1 -DNUM_EPI_WARPS=5 -DSNAKE_ORDER=0 -DSTAGGER_CYCLES=0 -DSUB_MMA_UNROLL=1 ... 2.639 ms / 1660 TFLOPS  (214 regs, 5.9s)
[185/540] -DCVT_ADD_FUSED=0 -DINTERLEAVE_STRATEGY=1 -DK_LOOP_UNROLL=6 -DMBAR_EARLY=1 -DNUM_EPI_WARPS=5 -DSNAKE_ORDER=0 -DSTAGGER_CYCLES=0 -DSUB_MMA_UNROLL=1 -DW0_LOOP_UNROLL=1 ... 2.604 ms / 1682 TFLOPS  (203 regs, 5.7s)
[186/540] -DCVT_ADD_FUSED=0 -DINTERLEAVE_STRATEGY=1 -DK_LOOP_UNROLL=6 -DMBAR_EARLY=1 -DNUM_EPI_WARPS=5 -DSNAKE_ORDER=0 -DSTAGGER_CYCLES=0 -DSUB_MMA_UNROLL=1 -DW0_LOOP_UNROLL=4 ... 2.627 ms / 1668 TFLOPS  (214 regs, 5.8s)
[187/540] -DCVT_ADD_FUSED=0 -DINTERLEAVE_STRATEGY=1 -DK_LOOP_UNROLL=6 -DMBAR_EARLY=1 -DNUM_EPI_WARPS=5 -DSNAKE_ORDER=0 -DSTAGGER_CYCLES=0 -DSUB_MMA_UNROLL=3 ... 2.730 ms / 1604 TFLOPS  (223 regs, 6.0s)
[188/540] -DCVT_ADD_FUSED=0 -DINTERLEAVE_STRATEGY=1 -DK_LOOP_UNROLL=6 -DMBAR_EARLY=1 -DNUM_EPI_WARPS=5 -DSNAKE_ORDER=0 -DSTAGGER_CYCLES=0 -DSUB_MMA_UNROLL=3 -DW0_LOOP_UNROLL=1 ... 2.628 ms / 1667 TFLOPS  (210 regs, 5.8s)
[189/540] -DCVT_ADD_FUSED=0 -DINTERLEAVE_STRATEGY=1 -DK_LOOP_UNROLL=6 -DMBAR_EARLY=1 -DNUM_EPI_WARPS=5 -DSNAKE_ORDER=0 -DSTAGGER_CYCLES=0 -DSUB_MMA_UNROLL=3 -DW0_LOOP_UNROLL=4 ... 2.714 ms / 1614 TFLOPS  (223 regs, 5.8s)
[190/540] -DCVT_ADD_FUSED=0 -DINTERLEAVE_STRATEGY=1 -DK_LOOP_UNROLL=6 -DMBAR_EARLY=1 -DNUM_EPI_WARPS=5 -DSTAGGER_CYCLES=0 ... 2.745 ms / 1596 TFLOPS  (223 regs, 5.8s)
[191/540] -DCVT_ADD_FUSED=0 -DINTERLEAVE_STRATEGY=1 -DK_LOOP_UNROLL=6 -DMBAR_EARLY=1 -DNUM_EPI_WARPS=5 -DSTAGGER_CYCLES=0 -DW0_LOOP_UNROLL=1 ... 2.616 ms / 1674 TFLOPS  (210 regs, 5.8s)
[192/540] -DCVT_ADD_FUSED=0 -DINTERLEAVE_STRATEGY=1 -DK_LOOP_UNROLL=6 -DMBAR_EARLY=1 -DNUM_EPI_WARPS=5 -DSTAGGER_CYCLES=0 -DW0_LOOP_UNROLL=4 ... 2.708 ms / 1618 TFLOPS  (223 regs, 5.8s)
[193/540] -DCVT_ADD_FUSED=0 -DINTERLEAVE_STRATEGY=1 -DK_LOOP_UNROLL=6 -DMBAR_EARLY=1 -DNUM_EPI_WARPS=5 -DSTAGGER_CYCLES=0 -DSUB_MMA_UNROLL=1 ... 2.641 ms / 1658 TFLOPS  (214 regs, 5.8s)
[194/540] -DCVT_ADD_FUSED=0 -DINTERLEAVE_STRATEGY=1 -DK_LOOP_UNROLL=6 -DMBAR_EARLY=1 -DNUM_EPI_WARPS=5 -DSTAGGER_CYCLES=0 -DSUB_MMA_UNROLL=1 -DW0_LOOP_UNROLL=1 ... 2.588 ms / 1692 TFLOPS  (203 regs, 5.8s)
[195/540] -DCVT_ADD_FUSED=0 -DINTERLEAVE_STRATEGY=1 -DK_LOOP_UNROLL=6 -DMBAR_EARLY=1 -DNUM_EPI_WARPS=5 -DSTAGGER_CYCLES=0 -DSUB_MMA_UNROLL=1 -DW0_LOOP_UNROLL=4 ... 2.628 ms / 1666 TFLOPS  (214 regs, 5.9s)
[196/540] -DCVT_ADD_FUSED=0 -DINTERLEAVE_STRATEGY=1 -DK_LOOP_UNROLL=6 -DMBAR_EARLY=1 -DNUM_EPI_WARPS=5 -DSTAGGER_CYCLES=0 -DSUB_MMA_UNROLL=3 ... 2.743 ms / 1597 TFLOPS  (223 regs, 5.9s)
[197/540] -DCVT_ADD_FUSED=0 -DINTERLEAVE_STRATEGY=1 -DK_LOOP_UNROLL=6 -DMBAR_EARLY=1 -DNUM_EPI_WARPS=5 -DSTAGGER_CYCLES=0 -DSUB_MMA_UNROLL=3 -DW0_LOOP_UNROLL=1 ... 2.616 ms / 1674 TFLOPS  (210 regs, 5.8s)
[198/540] -DCVT_ADD_FUSED=0 -DINTERLEAVE_STRATEGY=1 -DK_LOOP_UNROLL=6 -DMBAR_EARLY=1 -DNUM_EPI_WARPS=5 -DSTAGGER_CYCLES=0 -DSUB_MMA_UNROLL=3 -DW0_LOOP_UNROLL=4 ... 2.706 ms / 1619 TFLOPS  (223 regs, 5.8s)
[199/540] -DCVT_ADD_FUSED=0 -DINTERLEAVE_STRATEGY=1 -DK_LOOP_UNROLL=6 -DMBAR_EARLY=1 -DNUM_EPI_WARPS=5 -DPHASE1_UNROLL=4 -DSNAKE_ORDER=0 -DSTAGGER_CYCLES=0 ... 4.195 ms / 1044 TFLOPS  (227 regs, 6.1s)
[200/540] -DCVT_ADD_FUSED=0 -DINTERLEAVE_STRATEGY=1 -DK_LOOP_UNROLL=6 -DMBAR_EARLY=1 -DNUM_EPI_WARPS=5 -DPHASE1_UNROLL=4 -DSNAKE_ORDER=0 -DSTAGGER_CYCLES=0 -DW0_LOOP_UNROLL=1 ... 4.074 ms / 1075 TFLOPS  (212 regs, 6.1s)
[201/540] -DCVT_ADD_FUSED=0 -DINTERLEAVE_STRATEGY=1 -DK_LOOP_UNROLL=6 -DMBAR_EARLY=1 -DNUM_EPI_WARPS=5 -DPHASE1_UNROLL=4 -DSNAKE_ORDER=0 -DSTAGGER_CYCLES=0 -DW0_LOOP_UNROLL=4 ... 4.164 ms / 1052 TFLOPS  (227 regs, 6.1s)
[202/540] -DCVT_ADD_FUSED=0 -DINTERLEAVE_STRATEGY=1 -DK_LOOP_UNROLL=6 -DMBAR_EARLY=1 -DNUM_EPI_WARPS=5 -DPHASE1_UNROLL=4 -DSNAKE_ORDER=0 -DSTAGGER_CYCLES=0 -DSUB_MMA_UNROLL=1 ... 4.021 ms / 1089 TFLOPS  (220 regs, 6.1s)
[203/540] -DCVT_ADD_FUSED=0 -DINTERLEAVE_STRATEGY=1 -DK_LOOP_UNROLL=6 -DMBAR_EARLY=1 -DNUM_EPI_WARPS=5 -DPHASE1_UNROLL=4 -DSNAKE_ORDER=0 -DSTAGGER_CYCLES=0 -DSUB_MMA_UNROLL=1 -DW0_LOOP_UNROLL=1 ... 3.856 ms / 1136 TFLOPS  (204 regs, 6.1s)
[204/540] -DCVT_ADD_FUSED=0 -DINTERLEAVE_STRATEGY=1 -DK_LOOP_UNROLL=6 -DMBAR_EARLY=1 -DNUM_EPI_WARPS=5 -DPHASE1_UNROLL=4 -DSNAKE_ORDER=0 -DSTAGGER_CYCLES=0 -DSUB_MMA_UNROLL=1 -DW0_LOOP_UNROLL=4 ... 3.993 ms / 1097 TFLOPS  (220 regs, 6.2s)
[205/540] -DCVT_ADD_FUSED=0 -DINTERLEAVE_STRATEGY=1 -DK_LOOP_UNROLL=6 -DMBAR_EARLY=1 -DNUM_EPI_WARPS=5 -DPHASE1_UNROLL=4 -DSNAKE_ORDER=0 -DSTAGGER_CYCLES=0 -DSUB_MMA_UNROLL=3 ... 4.194 ms / 1044 TFLOPS  (227 regs, 6.3s)
[206/540] -DCVT_ADD_FUSED=0 -DINTERLEAVE_STRATEGY=1 -DK_LOOP_UNROLL=6 -DMBAR_EARLY=1 -DNUM_EPI_WARPS=5 -DPHASE1_UNROLL=4 -DSNAKE_ORDER=0 -DSTAGGER_CYCLES=0 -DSUB_MMA_UNROLL=3 -DW0_LOOP_UNROLL=1 ... 4.070 ms / 1076 TFLOPS  (212 regs, 6.2s)
[207/540] -DCVT_ADD_FUSED=0 -DINTERLEAVE_STRATEGY=1 -DK_LOOP_UNROLL=6 -DMBAR_EARLY=1 -DNUM_EPI_WARPS=5 -DPHASE1_UNROLL=4 -DSNAKE_ORDER=0 -DSTAGGER_CYCLES=0 -DSUB_MMA_UNROLL=3 -DW0_LOOP_UNROLL=4 ... 4.165 ms / 1052 TFLOPS  (227 regs, 6.1s)
[208/540] -DCVT_ADD_FUSED=0 -DINTERLEAVE_STRATEGY=1 -DK_LOOP_UNROLL=6 -DMBAR_EARLY=1 -DNUM_EPI_WARPS=5 -DPHASE1_UNROLL=4 -DSTAGGER_CYCLES=0 ... 4.244 ms / 1032 TFLOPS  (227 regs, 6.1s)
[209/540] -DCVT_ADD_FUSED=0 -DINTERLEAVE_STRATEGY=1 -DK_LOOP_UNROLL=6 -DMBAR_EARLY=1 -DNUM_EPI_WARPS=5 -DPHASE1_UNROLL=4 -DSTAGGER_CYCLES=0 -DW0_LOOP_UNROLL=1 ... 4.068 ms / 1077 TFLOPS  (212 regs, 6.1s)
[210/540] -DCVT_ADD_FUSED=0 -DINTERLEAVE_STRATEGY=1 -DK_LOOP_UNROLL=6 -DMBAR_EARLY=1 -DNUM_EPI_WARPS=5 -DPHASE1_UNROLL=4 -DSTAGGER_CYCLES=0 -DW0_LOOP_UNROLL=4 ... 4.183 ms / 1047 TFLOPS  (227 regs, 6.1s)
[211/540] -DCVT_ADD_FUSED=0 -DINTERLEAVE_STRATEGY=1 -DK_LOOP_UNROLL=6 -DMBAR_EARLY=1 -DNUM_EPI_WARPS=5 -DPHASE1_UNROLL=4 -DSTAGGER_CYCLES=0 -DSUB_MMA_UNROLL=1 ... 4.042 ms / 1084 TFLOPS  (220 regs, 6.1s)
[212/540] -DCVT_ADD_FUSED=0 -DINTERLEAVE_STRATEGY=1 -DK_LOOP_UNROLL=6 -DMBAR_EARLY=1 -DNUM_EPI_WARPS=5 -DPHASE1_UNROLL=4 -DSTAGGER_CYCLES=0 -DSUB_MMA_UNROLL=1 -DW0_LOOP_UNROLL=1 ... 3.863 ms / 1134 TFLOPS  (204 regs, 6.1s)
[213/540] -DCVT_ADD_FUSED=0 -DINTERLEAVE_STRATEGY=1 -DK_LOOP_UNROLL=6 -DMBAR_EARLY=1 -DNUM_EPI_WARPS=5 -DPHASE1_UNROLL=4 -DSTAGGER_CYCLES=0 -DSUB_MMA_UNROLL=1 -DW0_LOOP_UNROLL=4 ... 4.010 ms / 1092 TFLOPS  (220 regs, 6.1s)
[214/540] -DCVT_ADD_FUSED=0 -DINTERLEAVE_STRATEGY=1 -DK_LOOP_UNROLL=6 -DMBAR_EARLY=1 -DNUM_EPI_WARPS=5 -DPHASE1_UNROLL=4 -DSTAGGER_CYCLES=0 -DSUB_MMA_UNROLL=3 ... 4.245 ms / 1032 TFLOPS  (227 regs, 6.2s)
[215/540] -DCVT_ADD_FUSED=0 -DINTERLEAVE_STRATEGY=1 -DK_LOOP_UNROLL=6 -DMBAR_EARLY=1 -DNUM_EPI_WARPS=5 -DPHASE1_UNROLL=4 -DSTAGGER_CYCLES=0 -DSUB_MMA_UNROLL=3 -DW0_LOOP_UNROLL=1 ... 4.067 ms / 1077 TFLOPS  (212 regs, 6.2s)
[216/540] -DCVT_ADD_FUSED=0 -DINTERLEAVE_STRATEGY=1 -DK_LOOP_UNROLL=6 -DMBAR_EARLY=1 -DNUM_EPI_WARPS=5 -DPHASE1_UNROLL=4 -DSTAGGER_CYCLES=0 -DSUB_MMA_UNROLL=3 -DW0_LOOP_UNROLL=4 ... 4.181 ms / 1048 TFLOPS  (227 regs, 6.1s)
[217/540] -DCVT_ADD_FUSED=0 -DINTERLEAVE_STRATEGY=1 -DK_LOOP_UNROLL=8 -DMBAR_EARLY=1 -DNUM_EPI_WARPS=5 -DPHASE1_UNROLL=1 -DSNAKE_ORDER=0 -DSTAGGER_CYCLES=0 ... 2.697 ms / 1624 TFLOPS  (224 regs, 5.6s)
[218/540] -DCVT_ADD_FUSED=0 -DINTERLEAVE_STRATEGY=1 -DK_LOOP_UNROLL=8 -DMBAR_EARLY=1 -DNUM_EPI_WARPS=5 -DPHASE1_UNROLL=1 -DSNAKE_ORDER=0 -DSTAGGER_CYCLES=0 -DW0_LOOP_UNROLL=1 ... 2.743 ms / 1597 TFLOPS  (206 regs, 5.6s)
[219/540] -DCVT_ADD_FUSED=0 -DINTERLEAVE_STRATEGY=1 -DK_LOOP_UNROLL=8 -DMBAR_EARLY=1 -DNUM_EPI_WARPS=5 -DPHASE1_UNROLL=1 -DSNAKE_ORDER=0 -DSTAGGER_CYCLES=0 -DW0_LOOP_UNROLL=4 ... 2.720 ms / 1610 TFLOPS  (220 regs, 5.7s)
[220/540] -DCVT_ADD_FUSED=0 -DINTERLEAVE_STRATEGY=1 -DK_LOOP_UNROLL=8 -DMBAR_EARLY=1 -DNUM_EPI_WARPS=5 -DPHASE1_UNROLL=1 -DSNAKE_ORDER=0 -DSTAGGER_CYCLES=0 -DSUB_MMA_UNROLL=1 ... 2.714 ms / 1614 TFLOPS  (176 regs, 5.6s)
[221/540] -DCVT_ADD_FUSED=0 -DINTERLEAVE_STRATEGY=1 -DK_LOOP_UNROLL=8 -DMBAR_EARLY=1 -DNUM_EPI_WARPS=5 -DPHASE1_UNROLL=1 -DSNAKE_ORDER=0 -DSTAGGER_CYCLES=0 -DSUB_MMA_UNROLL=1 -DW0_LOOP_UNROLL=1 ... 2.734 ms / 1602 TFLOPS  (161 regs, 5.6s)
[222/540] -DCVT_ADD_FUSED=0 -DINTERLEAVE_STRATEGY=1 -DK_LOOP_UNROLL=8 -DMBAR_EARLY=1 -DNUM_EPI_WARPS=5 -DPHASE1_UNROLL=1 -DSNAKE_ORDER=0 -DSTAGGER_CYCLES=0 -DSUB_MMA_UNROLL=1 -DW0_LOOP_UNROLL=4 ... 2.712 ms / 1615 TFLOPS  (176 regs, 5.6s)
[223/540] -DCVT_ADD_FUSED=0 -DINTERLEAVE_STRATEGY=1 -DK_LOOP_UNROLL=8 -DMBAR_EARLY=1 -DNUM_EPI_WARPS=5 -DPHASE1_UNROLL=1 -DSNAKE_ORDER=0 -DSTAGGER_CYCLES=0 -DSUB_MMA_UNROLL=3 ... 2.696 ms / 1625 TFLOPS  (224 regs, 5.6s)
[224/540] -DCVT_ADD_FUSED=0 -DINTERLEAVE_STRATEGY=1 -DK_LOOP_UNROLL=8 -DMBAR_EARLY=1 -DNUM_EPI_WARPS=5 -DPHASE1_UNROLL=1 -DSNAKE_ORDER=0 -DSTAGGER_CYCLES=0 -DSUB_MMA_UNROLL=3 -DW0_LOOP_UNROLL=1 ... 2.743 ms / 1597 TFLOPS  (206 regs, 5.6s)
[225/540] -DCVT_ADD_FUSED=0 -DINTERLEAVE_STRATEGY=1 -DK_LOOP_UNROLL=8 -DMBAR_EARLY=1 -DNUM_EPI_WARPS=5 -DPHASE1_UNROLL=1 -DSNAKE_ORDER=0 -DSTAGGER_CYCLES=0 -DSUB_MMA_UNROLL=3 -DW0_LOOP_UNROLL=4 ... 2.718 ms / 1611 TFLOPS  (220 regs, 5.6s)
[226/540] -DCVT_ADD_FUSED=0 -DINTERLEAVE_STRATEGY=1 -DK_LOOP_UNROLL=8 -DMBAR_EARLY=1 -DNUM_EPI_WARPS=5 -DPHASE1_UNROLL=1 -DSTAGGER_CYCLES=0 ... 2.697 ms / 1624 TFLOPS  (224 regs, 5.5s)
[227/540] -DCVT_ADD_FUSED=0 -DINTERLEAVE_STRATEGY=1 -DK_LOOP_UNROLL=8 -DMBAR_EARLY=1 -DNUM_EPI_WARPS=5 -DPHASE1_UNROLL=1 -DSTAGGER_CYCLES=0 -DW0_LOOP_UNROLL=1 ... 2.739 ms / 1599 TFLOPS  (206 regs, 5.7s)
[228/540] -DCVT_ADD_FUSED=0 -DINTERLEAVE_STRATEGY=1 -DK_LOOP_UNROLL=8 -DMBAR_EARLY=1 -DNUM_EPI_WARPS=5 -DPHASE1_UNROLL=1 -DSTAGGER_CYCLES=0 -DW0_LOOP_UNROLL=4 ... 2.672 ms / 1639 TFLOPS  (220 regs, 5.6s)
[229/540] -DCVT_ADD_FUSED=0 -DINTERLEAVE_STRATEGY=1 -DK_LOOP_UNROLL=8 -DMBAR_EARLY=1 -DNUM_EPI_WARPS=5 -DPHASE1_UNROLL=1 -DSTAGGER_CYCLES=0 -DSUB_MMA_UNROLL=1 ... 2.712 ms / 1615 TFLOPS  (176 regs, 5.6s)
[230/540] -DCVT_ADD_FUSED=0 -DINTERLEAVE_STRATEGY=1 -DK_LOOP_UNROLL=8 -DMBAR_EARLY=1 -DNUM_EPI_WARPS=5 -DPHASE1_UNROLL=1 -DSTAGGER_CYCLES=0 -DSUB_MMA_UNROLL=1 -DW0_LOOP_UNROLL=1 ... 2.732 ms / 1603 TFLOPS  (161 regs, 5.6s)
[231/540] -DCVT_ADD_FUSED=0 -DINTERLEAVE_STRATEGY=1 -DK_LOOP_UNROLL=8 -DMBAR_EARLY=1 -DNUM_EPI_WARPS=5 -DPHASE1_UNROLL=1 -DSTAGGER_CYCLES=0 -DSUB_MMA_UNROLL=1 -DW0_LOOP_UNROLL=4 ... 2.711 ms / 1616 TFLOPS  (176 regs, 5.6s)
[232/540] -DCVT_ADD_FUSED=0 -DINTERLEAVE_STRATEGY=1 -DK_LOOP_UNROLL=8 -DMBAR_EARLY=1 -DNUM_EPI_WARPS=5 -DPHASE1_UNROLL=1 -DSTAGGER_CYCLES=0 -DSUB_MMA_UNROLL=3 ... 2.698 ms / 1623 TFLOPS  (224 regs, 5.6s)
[233/540] -DCVT_ADD_FUSED=0 -DINTERLEAVE_STRATEGY=1 -DK_LOOP_UNROLL=8 -DMBAR_EARLY=1 -DNUM_EPI_WARPS=5 -DPHASE1_UNROLL=1 -DSTAGGER_CYCLES=0 -DSUB_MMA_UNROLL=3 -DW0_LOOP_UNROLL=1 ... 2.739 ms / 1599 TFLOPS  (206 regs, 5.6s)
[234/540] -DCVT_ADD_FUSED=0 -DINTERLEAVE_STRATEGY=1 -DK_LOOP_UNROLL=8 -DMBAR_EARLY=1 -DNUM_EPI_WARPS=5 -DPHASE1_UNROLL=1 -DSTAGGER_CYCLES=0 -DSUB_MMA_UNROLL=3 -DW0_LOOP_UNROLL=4 ... 2.672 ms / 1639 TFLOPS  (220 regs, 5.6s)
[235/540] -DCVT_ADD_FUSED=0 -DINTERLEAVE_STRATEGY=1 -DK_LOOP_UNROLL=8 -DMBAR_EARLY=1 -DNUM_EPI_WARPS=5 -DSNAKE_ORDER=0 -DSTAGGER_CYCLES=0 ... 2.617 ms / 1674 TFLOPS  (244 regs, 5.8s)
[236/540] -DCVT_ADD_FUSED=0 -DINTERLEAVE_STRATEGY=1 -DK_LOOP_UNROLL=8 -DMBAR_EARLY=1 -DNUM_EPI_WARPS=5 -DSNAKE_ORDER=0 -DSTAGGER_CYCLES=0 -DW0_LOOP_UNROLL=1 ... 2.607 ms / 1680 TFLOPS  (241 regs, 5.7s)
[237/540] -DCVT_ADD_FUSED=0 -DINTERLEAVE_STRATEGY=1 -DK_LOOP_UNROLL=8 -DMBAR_EARLY=1 -DNUM_EPI_WARPS=5 -DSNAKE_ORDER=0 -DSTAGGER_CYCLES=0 -DW0_LOOP_UNROLL=4 ... 2.593 ms / 1689 TFLOPS  (244 regs, 5.7s)
[238/540] -DCVT_ADD_FUSED=0 -DINTERLEAVE_STRATEGY=1 -DK_LOOP_UNROLL=8 -DMBAR_EARLY=1 -DNUM_EPI_WARPS=5 -DSNAKE_ORDER=0 -DSTAGGER_CYCLES=0 -DSUB_MMA_UNROLL=1 ... 2.640 ms / 1659 TFLOPS  (214 regs, 5.7s)
[239/540] -DCVT_ADD_FUSED=0 -DINTERLEAVE_STRATEGY=1 -DK_LOOP_UNROLL=8 -DMBAR_EARLY=1 -DNUM_EPI_WARPS=5 -DSNAKE_ORDER=0 -DSTAGGER_CYCLES=0 -DSUB_MMA_UNROLL=1 -DW0_LOOP_UNROLL=1 ... 2.603 ms / 1683 TFLOPS  (203 regs, 5.8s)
[240/540] -DCVT_ADD_FUSED=0 -DINTERLEAVE_STRATEGY=1 -DK_LOOP_UNROLL=8 -DMBAR_EARLY=1 -DNUM_EPI_WARPS=5 -DSNAKE_ORDER=0 -DSTAGGER_CYCLES=0 -DSUB_MMA_UNROLL=1 -DW0_LOOP_UNROLL=4 ... 2.626 ms / 1668 TFLOPS  (214 regs, 5.7s)
[241/540] -DCVT_ADD_FUSED=0 -DINTERLEAVE_STRATEGY=1 -DK_LOOP_UNROLL=8 -DMBAR_EARLY=1 -DNUM_EPI_WARPS=5 -DSNAKE_ORDER=0 -DSTAGGER_CYCLES=0 -DSUB_MMA_UNROLL=3 ... 2.618 ms / 1673 TFLOPS  (244 regs, 5.7s)
[242/540] -DCVT_ADD_FUSED=0 -DINTERLEAVE_STRATEGY=1 -DK_LOOP_UNROLL=8 -DMBAR_EARLY=1 -DNUM_EPI_WARPS=5 -DSNAKE_ORDER=0 -DSTAGGER_CYCLES=0 -DSUB_MMA_UNROLL=3 -DW0_LOOP_UNROLL=1 ... 2.607 ms / 1680 TFLOPS  (241 regs, 5.8s)
[243/540] -DCVT_ADD_FUSED=0 -DINTERLEAVE_STRATEGY=1 -DK_LOOP_UNROLL=8 -DMBAR_EARLY=1 -DNUM_EPI_WARPS=5 -DSNAKE_ORDER=0 -DSTAGGER_CYCLES=0 -DSUB_MMA_UNROLL=3 -DW0_LOOP_UNROLL=4 ... 2.592 ms / 1690 TFLOPS  (244 regs, 5.8s)
[244/540] -DCVT_ADD_FUSED=0 -DINTERLEAVE_STRATEGY=1 -DK_LOOP_UNROLL=8 -DMBAR_EARLY=1 -DNUM_EPI_WARPS=5 -DSTAGGER_CYCLES=0 ... 2.625 ms / 1669 TFLOPS  (244 regs, 5.8s)
[245/540] -DCVT_ADD_FUSED=0 -DINTERLEAVE_STRATEGY=1 -DK_LOOP_UNROLL=8 -DMBAR_EARLY=1 -DNUM_EPI_WARPS=5 -DSTAGGER_CYCLES=0 -DW0_LOOP_UNROLL=1 ... 2.614 ms / 1675 TFLOPS  (241 regs, 5.7s)
[246/540] -DCVT_ADD_FUSED=0 -DINTERLEAVE_STRATEGY=1 -DK_LOOP_UNROLL=8 -DMBAR_EARLY=1 -DNUM_EPI_WARPS=5 -DSTAGGER_CYCLES=0 -DW0_LOOP_UNROLL=4 ... 2.592 ms / 1690 TFLOPS  (244 regs, 5.7s)
[247/540] -DCVT_ADD_FUSED=0 -DINTERLEAVE_STRATEGY=1 -DK_LOOP_UNROLL=8 -DMBAR_EARLY=1 -DNUM_EPI_WARPS=5 -DSTAGGER_CYCLES=0 -DSUB_MMA_UNROLL=1 ... 2.641 ms / 1658 TFLOPS  (214 regs, 5.8s)
[248/540] -DCVT_ADD_FUSED=0 -DINTERLEAVE_STRATEGY=1 -DK_LOOP_UNROLL=8 -DMBAR_EARLY=1 -DNUM_EPI_WARPS=5 -DSTAGGER_CYCLES=0 -DSUB_MMA_UNROLL=1 -DW0_LOOP_UNROLL=1 ... 2.589 ms / 1692 TFLOPS  (203 regs, 5.8s)
[249/540] -DCVT_ADD_FUSED=0 -DINTERLEAVE_STRATEGY=1 -DK_LOOP_UNROLL=8 -DMBAR_EARLY=1 -DNUM_EPI_WARPS=5 -DSTAGGER_CYCLES=0 -DSUB_MMA_UNROLL=1 -DW0_LOOP_UNROLL=4 ... 2.628 ms / 1666 TFLOPS  (214 regs, 5.7s)
[250/540] -DCVT_ADD_FUSED=0 -DINTERLEAVE_STRATEGY=1 -DK_LOOP_UNROLL=8 -DMBAR_EARLY=1 -DNUM_EPI_WARPS=5 -DSTAGGER_CYCLES=0 -DSUB_MMA_UNROLL=3 ... 2.628 ms / 1667 TFLOPS  (244 regs, 5.7s)
[251/540] -DCVT_ADD_FUSED=0 -DINTERLEAVE_STRATEGY=1 -DK_LOOP_UNROLL=8 -DMBAR_EARLY=1 -DNUM_EPI_WARPS=5 -DSTAGGER_CYCLES=0 -DSUB_MMA_UNROLL=3 -DW0_LOOP_UNROLL=1 ... 2.613 ms / 1676 TFLOPS  (241 regs, 5.7s)
[252/540] -DCVT_ADD_FUSED=0 -DINTERLEAVE_STRATEGY=1 -DK_LOOP_UNROLL=8 -DMBAR_EARLY=1 -DNUM_EPI_WARPS=5 -DSTAGGER_CYCLES=0 -DSUB_MMA_UNROLL=3 -DW0_LOOP_UNROLL=4 ... 2.593 ms / 1689 TFLOPS  (244 regs, 5.8s)
[253/540] -DCVT_ADD_FUSED=0 -DINTERLEAVE_STRATEGY=1 -DK_LOOP_UNROLL=8 -DMBAR_EARLY=1 -DNUM_EPI_WARPS=5 -DPHASE1_UNROLL=4 -DSNAKE_ORDER=0 -DSTAGGER_CYCLES=0 ... 4.187 ms / 1046 TFLOPS  (245 regs, 6.1s)
[254/540] -DCVT_ADD_FUSED=0 -DINTERLEAVE_STRATEGY=1 -DK_LOOP_UNROLL=8 -DMBAR_EARLY=1 -DNUM_EPI_WARPS=5 -DPHASE1_UNROLL=4 -DSNAKE_ORDER=0 -DSTAGGER_CYCLES=0 -DW0_LOOP_UNROLL=1 ... 4.067 ms / 1077 TFLOPS  (241 regs, 5.9s)
[255/540] -DCVT_ADD_FUSED=0 -DINTERLEAVE_STRATEGY=1 -DK_LOOP_UNROLL=8 -DMBAR_EARLY=1 -DNUM_EPI_WARPS=5 -DPHASE1_UNROLL=4 -DSNAKE_ORDER=0 -DSTAGGER_CYCLES=0 -DW0_LOOP_UNROLL=4 ... 4.145 ms / 1057 TFLOPS  (245 regs, 6.2s)
[256/540] -DCVT_ADD_FUSED=0 -DINTERLEAVE_STRATEGY=1 -DK_LOOP_UNROLL=8 -DMBAR_EARLY=1 -DNUM_EPI_WARPS=5 -DPHASE1_UNROLL=4 -DSNAKE_ORDER=0 -DSTAGGER_CYCLES=0 -DSUB_MMA_UNROLL=1 ... 4.019 ms / 1090 TFLOPS  (220 regs, 6.0s)
[257/540] -DCVT_ADD_FUSED=0 -DINTERLEAVE_STRATEGY=1 -DK_LOOP_UNROLL=8 -DMBAR_EARLY=1 -DNUM_EPI_WARPS=5 -DPHASE1_UNROLL=4 -DSNAKE_ORDER=0 -DSTAGGER_CYCLES=0 -DSUB_MMA_UNROLL=1 -DW0_LOOP_UNROLL=1 ... 3.854 ms / 1137 TFLOPS  (204 regs, 6.0s)
[258/540] -DCVT_ADD_FUSED=0 -DINTERLEAVE_STRATEGY=1 -DK_LOOP_UNROLL=8 -DMBAR_EARLY=1 -DNUM_EPI_WARPS=5 -DPHASE1_UNROLL=4 -DSNAKE_ORDER=0 -DSTAGGER_CYCLES=0 -DSUB_MMA_UNROLL=1 -DW0_LOOP_UNROLL=4 ... 3.993 ms / 1097 TFLOPS  (220 regs, 6.1s)
[259/540] -DCVT_ADD_FUSED=0 -DINTERLEAVE_STRATEGY=1 -DK_LOOP_UNROLL=8 -DMBAR_EARLY=1 -DNUM_EPI_WARPS=5 -DPHASE1_UNROLL=4 -DSNAKE_ORDER=0 -DSTAGGER_CYCLES=0 -DSUB_MMA_UNROLL=3 ... 4.189 ms / 1046 TFLOPS  (245 regs, 6.0s)
[260/540] -DCVT_ADD_FUSED=0 -DINTERLEAVE_STRATEGY=1 -DK_LOOP_UNROLL=8 -DMBAR_EARLY=1 -DNUM_EPI_WARPS=5 -DPHASE1_UNROLL=4 -DSNAKE_ORDER=0 -DSTAGGER_CYCLES=0 -DSUB_MMA_UNROLL=3 -DW0_LOOP_UNROLL=1 ... 4.069 ms / 1077 TFLOPS  (241 regs, 6.2s)
[261/540] -DCVT_ADD_FUSED=0 -DINTERLEAVE_STRATEGY=1 -DK_LOOP_UNROLL=8 -DMBAR_EARLY=1 -DNUM_EPI_WARPS=5 -DPHASE1_UNROLL=4 -DSNAKE_ORDER=0 -DSTAGGER_CYCLES=0 -DSUB_MMA_UNROLL=3 -DW0_LOOP_UNROLL=4 ... 4.146 ms / 1056 TFLOPS  (245 regs, 6.1s)
[262/540] -DCVT_ADD_FUSED=0 -DINTERLEAVE_STRATEGY=1 -DK_LOOP_UNROLL=8 -DMBAR_EARLY=1 -DNUM_EPI_WARPS=5 -DPHASE1_UNROLL=4 -DSTAGGER_CYCLES=0 ... 4.187 ms / 1046 TFLOPS  (245 regs, 6.1s)
[263/540] -DCVT_ADD_FUSED=0 -DINTERLEAVE_STRATEGY=1 -DK_LOOP_UNROLL=8 -DMBAR_EARLY=1 -DNUM_EPI_WARPS=5 -DPHASE1_UNROLL=4 -DSTAGGER_CYCLES=0 -DW0_LOOP_UNROLL=1 ... 4.069 ms / 1076 TFLOPS  (241 regs, 6.1s)
[264/540] -DCVT_ADD_FUSED=0 -DINTERLEAVE_STRATEGY=1 -DK_LOOP_UNROLL=8 -DMBAR_EARLY=1 -DNUM_EPI_WARPS=5 -DPHASE1_UNROLL=4 -DSTAGGER_CYCLES=0 -DW0_LOOP_UNROLL=4 ... 4.168 ms / 1051 TFLOPS  (245 regs, 6.1s)
[265/540] -DCVT_ADD_FUSED=0 -DINTERLEAVE_STRATEGY=1 -DK_LOOP_UNROLL=8 -DMBAR_EARLY=1 -DNUM_EPI_WARPS=5 -DPHASE1_UNROLL=4 -DSTAGGER_CYCLES=0 -DSUB_MMA_UNROLL=1 ... 4.044 ms / 1083 TFLOPS  (220 regs, 6.1s)
[266/540] -DCVT_ADD_FUSED=0 -DINTERLEAVE_STRATEGY=1 -DK_LOOP_UNROLL=8 -DMBAR_EARLY=1 -DNUM_EPI_WARPS=5 -DPHASE1_UNROLL=4 -DSTAGGER_CYCLES=0 -DSUB_MMA_UNROLL=1 -DW0_LOOP_UNROLL=1 ... 3.863 ms / 1134 TFLOPS  (204 regs, 6.1s)
[267/540] -DCVT_ADD_FUSED=0 -DINTERLEAVE_STRATEGY=1 -DK_LOOP_UNROLL=8 -DMBAR_EARLY=1 -DNUM_EPI_WARPS=5 -DPHASE1_UNROLL=4 -DSTAGGER_CYCLES=0 -DSUB_MMA_UNROLL=1 -DW0_LOOP_UNROLL=4 ... 4.010 ms / 1092 TFLOPS  (220 regs, 6.1s)
[268/540] -DCVT_ADD_FUSED=0 -DINTERLEAVE_STRATEGY=1 -DK_LOOP_UNROLL=8 -DMBAR_EARLY=1 -DNUM_EPI_WARPS=5 -DPHASE1_UNROLL=4 -DSTAGGER_CYCLES=0 -DSUB_MMA_UNROLL=3 ... 4.188 ms / 1046 TFLOPS  (245 regs, 6.1s)
[269/540] -DCVT_ADD_FUSED=0 -DINTERLEAVE_STRATEGY=1 -DK_LOOP_UNROLL=8 -DMBAR_EARLY=1 -DNUM_EPI_WARPS=5 -DPHASE1_UNROLL=4 -DSTAGGER_CYCLES=0 -DSUB_MMA_UNROLL=3 -DW0_LOOP_UNROLL=1 ... 4.068 ms / 1077 TFLOPS  (241 regs, 6.2s)
[270/540] -DCVT_ADD_FUSED=0 -DINTERLEAVE_STRATEGY=1 -DK_LOOP_UNROLL=8 -DMBAR_EARLY=1 -DNUM_EPI_WARPS=5 -DPHASE1_UNROLL=4 -DSTAGGER_CYCLES=0 -DSUB_MMA_UNROLL=3 -DW0_LOOP_UNROLL=4 ... 4.169 ms / 1051 TFLOPS  (245 regs, 6.2s)
[271/540] -DINTERLEAVE_STRATEGY=1 -DK_LOOP_UNROLL=1 -DMBAR_EARLY=1 -DNUM_EPI_WARPS=5 -DPHASE1_UNROLL=1 -DSNAKE_ORDER=0 -DSTAGGER_CYCLES=0 ... 2.729 ms / 1605 TFLOPS  (174 regs, 5.6s)
[272/540] -DINTERLEAVE_STRATEGY=1 -DK_LOOP_UNROLL=1 -DMBAR_EARLY=1 -DNUM_EPI_WARPS=5 -DPHASE1_UNROLL=1 -DSNAKE_ORDER=0 -DSTAGGER_CYCLES=0 -DW0_LOOP_UNROLL=1 ... 2.673 ms / 1639 TFLOPS  (154 regs, 5.6s)
[273/540] -DINTERLEAVE_STRATEGY=1 -DK_LOOP_UNROLL=1 -DMBAR_EARLY=1 -DNUM_EPI_WARPS=5 -DPHASE1_UNROLL=1 -DSNAKE_ORDER=0 -DSTAGGER_CYCLES=0 -DW0_LOOP_UNROLL=4 ... 2.728 ms / 1606 TFLOPS  (174 regs, 5.7s)
[274/540] -DINTERLEAVE_STRATEGY=1 -DK_LOOP_UNROLL=1 -DMBAR_EARLY=1 -DNUM_EPI_WARPS=5 -DPHASE1_UNROLL=1 -DSNAKE_ORDER=0 -DSTAGGER_CYCLES=0 -DSUB_MMA_UNROLL=1 ... 2.731 ms / 1604 TFLOPS  (164 regs, 5.6s)
[275/540] -DINTERLEAVE_STRATEGY=1 -DK_LOOP_UNROLL=1 -DMBAR_EARLY=1 -DNUM_EPI_WARPS=5 -DPHASE1_UNROLL=1 -DSNAKE_ORDER=0 -DSTAGGER_CYCLES=0 -DSUB_MMA_UNROLL=1 -DW0_LOOP_UNROLL=1 ... 2.678 ms / 1635 TFLOPS  (147 regs, 5.6s)
[276/540] -DINTERLEAVE_STRATEGY=1 -DK_LOOP_UNROLL=1 -DMBAR_EARLY=1 -DNUM_EPI_WARPS=5 -DPHASE1_UNROLL=1 -DSNAKE_ORDER=0 -DSTAGGER_CYCLES=0 -DSUB_MMA_UNROLL=1 -DW0_LOOP_UNROLL=4 ... 2.731 ms / 1604 TFLOPS  (164 regs, 5.6s)
[277/540] -DINTERLEAVE_STRATEGY=1 -DK_LOOP_UNROLL=1 -DMBAR_EARLY=1 -DNUM_EPI_WARPS=5 -DPHASE1_UNROLL=1 -DSNAKE_ORDER=0 -DSTAGGER_CYCLES=0 -DSUB_MMA_UNROLL=3 ... 2.727 ms / 1606 TFLOPS  (174 regs, 5.6s)
[278/540] -DINTERLEAVE_STRATEGY=1 -DK_LOOP_UNROLL=1 -DMBAR_EARLY=1 -DNUM_EPI_WARPS=5 -DPHASE1_UNROLL=1 -DSNAKE_ORDER=0 -DSTAGGER_CYCLES=0 -DSUB_MMA_UNROLL=3 -DW0_LOOP_UNROLL=1 ... 2.670 ms / 1641 TFLOPS  (154 regs, 5.6s)
[279/540] -DINTERLEAVE_STRATEGY=1 -DK_LOOP_UNROLL=1 -DMBAR_EARLY=1 -DNUM_EPI_WARPS=5 -DPHASE1_UNROLL=1 -DSNAKE_ORDER=0 -DSTAGGER_CYCLES=0 -DSUB_MMA_UNROLL=3 -DW0_LOOP_UNROLL=4 ... 2.729 ms / 1605 TFLOPS  (174 regs, 5.6s)
[280/540] -DINTERLEAVE_STRATEGY=1 -DK_LOOP_UNROLL=1 -DMBAR_EARLY=1 -DNUM_EPI_WARPS=5 -DPHASE1_UNROLL=1 -DSTAGGER_CYCLES=0 ... 2.723 ms / 1609 TFLOPS  (174 regs, 5.5s)
[281/540] -DINTERLEAVE_STRATEGY=1 -DK_LOOP_UNROLL=1 -DMBAR_EARLY=1 -DNUM_EPI_WARPS=5 -DPHASE1_UNROLL=1 -DSTAGGER_CYCLES=0 -DW0_LOOP_UNROLL=1 ... 2.661 ms / 1646 TFLOPS  (154 regs, 5.6s)
[282/540] -DINTERLEAVE_STRATEGY=1 -DK_LOOP_UNROLL=1 -DMBAR_EARLY=1 -DNUM_EPI_WARPS=5 -DPHASE1_UNROLL=1 -DSTAGGER_CYCLES=0 -DW0_LOOP_UNROLL=4 ... 2.724 ms / 1608 TFLOPS  (174 regs, 5.6s)
[283/540] -DINTERLEAVE_STRATEGY=1 -DK_LOOP_UNROLL=1 -DMBAR_EARLY=1 -DNUM_EPI_WARPS=5 -DPHASE1_UNROLL=1 -DSTAGGER_CYCLES=0 -DSUB_MMA_UNROLL=1 ... 2.730 ms / 1605 TFLOPS  (164 regs, 5.5s)
[284/540] -DINTERLEAVE_STRATEGY=1 -DK_LOOP_UNROLL=1 -DMBAR_EARLY=1 -DNUM_EPI_WARPS=5 -DPHASE1_UNROLL=1 -DSTAGGER_CYCLES=0 -DSUB_MMA_UNROLL=1 -DW0_LOOP_UNROLL=1 ... 2.642 ms / 1658 TFLOPS  (147 regs, 5.4s)
[285/540] -DINTERLEAVE_STRATEGY=1 -DK_LOOP_UNROLL=1 -DMBAR_EARLY=1 -DNUM_EPI_WARPS=5 -DPHASE1_UNROLL=1 -DSTAGGER_CYCLES=0 -DSUB_MMA_UNROLL=1 -DW0_LOOP_UNROLL=4 ... 2.732 ms / 1603 TFLOPS  (164 regs, 5.4s)
[286/540] -DINTERLEAVE_STRATEGY=1 -DK_LOOP_UNROLL=1 -DMBAR_EARLY=1 -DNUM_EPI_WARPS=5 -DPHASE1_UNROLL=1 -DSTAGGER_CYCLES=0 -DSUB_MMA_UNROLL=3 ... 2.722 ms / 1609 TFLOPS  (174 regs, 5.4s)
[287/540] -DINTERLEAVE_STRATEGY=1 -DK_LOOP_UNROLL=1 -DMBAR_EARLY=1 -DNUM_EPI_WARPS=5 -DPHASE1_UNROLL=1 -DSTAGGER_CYCLES=0 -DSUB_MMA_UNROLL=3 -DW0_LOOP_UNROLL=1 ... 2.660 ms / 1647 TFLOPS  (154 regs, 5.3s)
[288/540] -DINTERLEAVE_STRATEGY=1 -DK_LOOP_UNROLL=1 -DMBAR_EARLY=1 -DNUM_EPI_WARPS=5 -DPHASE1_UNROLL=1 -DSTAGGER_CYCLES=0 -DSUB_MMA_UNROLL=3 -DW0_LOOP_UNROLL=4 ... 2.724 ms / 1608 TFLOPS  (174 regs, 5.4s)
[289/540] -DINTERLEAVE_STRATEGY=1 -DK_LOOP_UNROLL=1 -DMBAR_EARLY=1 -DNUM_EPI_WARPS=5 -DSNAKE_ORDER=0 -DSTAGGER_CYCLES=0 ... 2.505 ms / 1748 TFLOPS  (213 regs, 5.5s)
[290/540] -DINTERLEAVE_STRATEGY=1 -DK_LOOP_UNROLL=1 -DMBAR_EARLY=1 -DNUM_EPI_WARPS=5 -DSNAKE_ORDER=0 -DSTAGGER_CYCLES=0 -DW0_LOOP_UNROLL=1 ... 2.526 ms / 1734 TFLOPS  (195 regs, 5.7s)
[291/540] -DINTERLEAVE_STRATEGY=1 -DK_LOOP_UNROLL=1 -DMBAR_EARLY=1 -DNUM_EPI_WARPS=5 -DSNAKE_ORDER=0 -DSTAGGER_CYCLES=0 -DW0_LOOP_UNROLL=4 ... 2.503 ms / 1750 TFLOPS  (213 regs, 5.7s)
[292/540] -DINTERLEAVE_STRATEGY=1 -DK_LOOP_UNROLL=1 -DMBAR_EARLY=1 -DNUM_EPI_WARPS=5 -DSNAKE_ORDER=0 -DSTAGGER_CYCLES=0 -DSUB_MMA_UNROLL=1 ... 2.578 ms / 1699 TFLOPS  (209 regs, 5.7s)
[293/540] -DINTERLEAVE_STRATEGY=1 -DK_LOOP_UNROLL=1 -DMBAR_EARLY=1 -DNUM_EPI_WARPS=5 -DSNAKE_ORDER=0 -DSTAGGER_CYCLES=0 -DSUB_MMA_UNROLL=1 -DW0_LOOP_UNROLL=1 ... 2.496 ms / 1755 TFLOPS  (188 regs, 5.7s)
[294/540] -DINTERLEAVE_STRATEGY=1 -DK_LOOP_UNROLL=1 -DMBAR_EARLY=1 -DNUM_EPI_WARPS=5 -DSNAKE_ORDER=0 -DSTAGGER_CYCLES=0 -DSUB_MMA_UNROLL=1 -DW0_LOOP_UNROLL=4 ... 2.565 ms / 1708 TFLOPS  (209 regs, 5.7s)
[295/540] -DINTERLEAVE_STRATEGY=1 -DK_LOOP_UNROLL=1 -DMBAR_EARLY=1 -DNUM_EPI_WARPS=5 -DSNAKE_ORDER=0 -DSTAGGER_CYCLES=0 -DSUB_MMA_UNROLL=3 ... 2.507 ms / 1747 TFLOPS  (213 regs, 5.8s)
[296/540] -DINTERLEAVE_STRATEGY=1 -DK_LOOP_UNROLL=1 -DMBAR_EARLY=1 -DNUM_EPI_WARPS=5 -DSNAKE_ORDER=0 -DSTAGGER_CYCLES=0 -DSUB_MMA_UNROLL=3 -DW0_LOOP_UNROLL=1 ... 2.526 ms / 1734 TFLOPS  (195 regs, 5.7s)
[297/540] -DINTERLEAVE_STRATEGY=1 -DK_LOOP_UNROLL=1 -DMBAR_EARLY=1 -DNUM_EPI_WARPS=5 -DSNAKE_ORDER=0 -DSTAGGER_CYCLES=0 -DSUB_MMA_UNROLL=3 -DW0_LOOP_UNROLL=4 ... 2.503 ms / 1750 TFLOPS  (213 regs, 5.7s)
[298/540] -DINTERLEAVE_STRATEGY=1 -DK_LOOP_UNROLL=1 -DMBAR_EARLY=1 -DNUM_EPI_WARPS=5 -DSTAGGER_CYCLES=0 ... 2.509 ms / 1746 TFLOPS  (213 regs, 5.8s)
[299/540] -DINTERLEAVE_STRATEGY=1 -DK_LOOP_UNROLL=1 -DMBAR_EARLY=1 -DNUM_EPI_WARPS=5 -DSTAGGER_CYCLES=0 -DW0_LOOP_UNROLL=1 ... 2.532 ms / 1730 TFLOPS  (195 regs, 5.8s)
[300/540] -DINTERLEAVE_STRATEGY=1 -DK_LOOP_UNROLL=1 -DMBAR_EARLY=1 -DNUM_EPI_WARPS=5 -DSTAGGER_CYCLES=0 -DW0_LOOP_UNROLL=4 ... 2.499 ms / 1753 TFLOPS  (213 regs, 5.8s)
[301/540] -DINTERLEAVE_STRATEGY=1 -DK_LOOP_UNROLL=1 -DMBAR_EARLY=1 -DNUM_EPI_WARPS=5 -DSTAGGER_CYCLES=0 -DSUB_MMA_UNROLL=1 ... 2.600 ms / 1685 TFLOPS  (209 regs, 5.8s)
[302/540] -DINTERLEAVE_STRATEGY=1 -DK_LOOP_UNROLL=1 -DMBAR_EARLY=1 -DNUM_EPI_WARPS=5 -DSTAGGER_CYCLES=0 -DSUB_MMA_UNROLL=1 -DW0_LOOP_UNROLL=1 ... 2.485 ms / 1762 TFLOPS  (188 regs, 5.7s)
[303/540] -DINTERLEAVE_STRATEGY=1 -DK_LOOP_UNROLL=1 -DMBAR_EARLY=1 -DNUM_EPI_WARPS=5 -DSTAGGER_CYCLES=0 -DSUB_MMA_UNROLL=1 -DW0_LOOP_UNROLL=4 ... 2.558 ms / 1712 TFLOPS  (209 regs, 5.8s)
[304/540] -DINTERLEAVE_STRATEGY=1 -DK_LOOP_UNROLL=1 -DMBAR_EARLY=1 -DNUM_EPI_WARPS=5 -DSTAGGER_CYCLES=0 -DSUB_MMA_UNROLL=3 ... 2.511 ms / 1745 TFLOPS  (213 regs, 5.8s)
[305/540] -DINTERLEAVE_STRATEGY=1 -DK_LOOP_UNROLL=1 -DMBAR_EARLY=1 -DNUM_EPI_WARPS=5 -DSTAGGER_CYCLES=0 -DSUB_MMA_UNROLL=3 -DW0_LOOP_UNROLL=1 ... 2.533 ms / 1729 TFLOPS  (195 regs, 5.8s)
[306/540] -DINTERLEAVE_STRATEGY=1 -DK_LOOP_UNROLL=1 -DMBAR_EARLY=1 -DNUM_EPI_WARPS=5 -DSTAGGER_CYCLES=0 -DSUB_MMA_UNROLL=3 -DW0_LOOP_UNROLL=4 ... 2.501 ms / 1752 TFLOPS  (213 regs, 5.8s)
[307/540] -DINTERLEAVE_STRATEGY=1 -DK_LOOP_UNROLL=1 -DMBAR_EARLY=1 -DNUM_EPI_WARPS=5 -DPHASE1_UNROLL=4 -DSNAKE_ORDER=0 -DSTAGGER_CYCLES=0 ... 3.972 ms / 1103 TFLOPS  (218 regs, 6.1s)
[308/540] -DINTERLEAVE_STRATEGY=1 -DK_LOOP_UNROLL=1 -DMBAR_EARLY=1 -DNUM_EPI_WARPS=5 -DPHASE1_UNROLL=4 -DSNAKE_ORDER=0 -DSTAGGER_CYCLES=0 -DW0_LOOP_UNROLL=1 ... 3.763 ms / 1164 TFLOPS  (198 regs, 6.1s)
[309/540] -DINTERLEAVE_STRATEGY=1 -DK_LOOP_UNROLL=1 -DMBAR_EARLY=1 -DNUM_EPI_WARPS=5 -DPHASE1_UNROLL=4 -DSNAKE_ORDER=0 -DSTAGGER_CYCLES=0 -DW0_LOOP_UNROLL=4 ... 3.936 ms / 1113 TFLOPS  (218 regs, 6.1s)
[310/540] -DINTERLEAVE_STRATEGY=1 -DK_LOOP_UNROLL=1 -DMBAR_EARLY=1 -DNUM_EPI_WARPS=5 -DPHASE1_UNROLL=4 -DSNAKE_ORDER=0 -DSTAGGER_CYCLES=0 -DSUB_MMA_UNROLL=1 ... 4.055 ms / 1080 TFLOPS  (210 regs, 6.1s)
[311/540] -DINTERLEAVE_STRATEGY=1 -DK_LOOP_UNROLL=1 -DMBAR_EARLY=1 -DNUM_EPI_WARPS=5 -DPHASE1_UNROLL=4 -DSNAKE_ORDER=0 -DSTAGGER_CYCLES=0 -DSUB_MMA_UNROLL=1 -DW0_LOOP_UNROLL=1 ... 3.896 ms / 1124 TFLOPS  (190 regs, 6.1s)
[312/540] -DINTERLEAVE_STRATEGY=1 -DK_LOOP_UNROLL=1 -DMBAR_EARLY=1 -DNUM_EPI_WARPS=5 -DPHASE1_UNROLL=4 -DSNAKE_ORDER=0 -DSTAGGER_CYCLES=0 -DSUB_MMA_UNROLL=1 -DW0_LOOP_UNROLL=4 ... 3.979 ms / 1101 TFLOPS  (210 regs, 6.0s)
[313/540] -DINTERLEAVE_STRATEGY=1 -DK_LOOP_UNROLL=1 -DMBAR_EARLY=1 -DNUM_EPI_WARPS=5 -DPHASE1_UNROLL=4 -DSNAKE_ORDER=0 -DSTAGGER_CYCLES=0 -DSUB_MMA_UNROLL=3 ... 3.972 ms / 1103 TFLOPS  (218 regs, 6.0s)
[314/540] -DINTERLEAVE_STRATEGY=1 -DK_LOOP_UNROLL=1 -DMBAR_EARLY=1 -DNUM_EPI_WARPS=5 -DPHASE1_UNROLL=4 -DSNAKE_ORDER=0 -DSTAGGER_CYCLES=0 -DSUB_MMA_UNROLL=3 -DW0_LOOP_UNROLL=1 ... 3.764 ms / 1164 TFLOPS  (198 regs, 6.1s)
[315/540] -DINTERLEAVE_STRATEGY=1 -DK_LOOP_UNROLL=1 -DMBAR_EARLY=1 -DNUM_EPI_WARPS=5 -DPHASE1_UNROLL=4 -DSNAKE_ORDER=0 -DSTAGGER_CYCLES=0 -DSUB_MMA_UNROLL=3 -DW0_LOOP_UNROLL=4 ... 3.940 ms / 1112 TFLOPS  (218 regs, 6.1s)
[316/540] -DINTERLEAVE_STRATEGY=1 -DK_LOOP_UNROLL=1 -DMBAR_EARLY=1 -DNUM_EPI_WARPS=5 -DPHASE1_UNROLL=4 -DSTAGGER_CYCLES=0 ... 3.994 ms / 1097 TFLOPS  (218 regs, 6.0s)
[317/540] -DINTERLEAVE_STRATEGY=1 -DK_LOOP_UNROLL=1 -DMBAR_EARLY=1 -DNUM_EPI_WARPS=5 -DPHASE1_UNROLL=4 -DSTAGGER_CYCLES=0 -DW0_LOOP_UNROLL=1 ... 3.791 ms / 1155 TFLOPS  (198 regs, 6.1s)
[318/540] -DINTERLEAVE_STRATEGY=1 -DK_LOOP_UNROLL=1 -DMBAR_EARLY=1 -DNUM_EPI_WARPS=5 -DPHASE1_UNROLL=4 -DSTAGGER_CYCLES=0 -DW0_LOOP_UNROLL=4 ... 3.965 ms / 1105 TFLOPS  (218 regs, 6.1s)
[319/540] -DINTERLEAVE_STRATEGY=1 -DK_LOOP_UNROLL=1 -DMBAR_EARLY=1 -DNUM_EPI_WARPS=5 -DPHASE1_UNROLL=4 -DSTAGGER_CYCLES=0 -DSUB_MMA_UNROLL=1 ... 4.066 ms / 1077 TFLOPS  (210 regs, 6.2s)
[320/540] -DINTERLEAVE_STRATEGY=1 -DK_LOOP_UNROLL=1 -DMBAR_EARLY=1 -DNUM_EPI_WARPS=5 -DPHASE1_UNROLL=4 -DSTAGGER_CYCLES=0 -DSUB_MMA_UNROLL=1 -DW0_LOOP_UNROLL=1 ... 3.905 ms / 1122 TFLOPS  (190 regs, 6.1s)
[321/540] -DINTERLEAVE_STRATEGY=1 -DK_LOOP_UNROLL=1 -DMBAR_EARLY=1 -DNUM_EPI_WARPS=5 -DPHASE1_UNROLL=4 -DSTAGGER_CYCLES=0 -DSUB_MMA_UNROLL=1 -DW0_LOOP_UNROLL=4 ... 3.961 ms / 1106 TFLOPS  (210 regs, 6.1s)
[322/540] -DINTERLEAVE_STRATEGY=1 -DK_LOOP_UNROLL=1 -DMBAR_EARLY=1 -DNUM_EPI_WARPS=5 -DPHASE1_UNROLL=4 -DSTAGGER_CYCLES=0 -DSUB_MMA_UNROLL=3 ... 3.989 ms / 1098 TFLOPS  (218 regs, 6.1s)
[323/540] -DINTERLEAVE_STRATEGY=1 -DK_LOOP_UNROLL=1 -DMBAR_EARLY=1 -DNUM_EPI_WARPS=5 -DPHASE1_UNROLL=4 -DSTAGGER_CYCLES=0 -DSUB_MMA_UNROLL=3 -DW0_LOOP_UNROLL=1 ... 3.789 ms / 1156 TFLOPS  (198 regs, 6.2s)
[324/540] -DINTERLEAVE_STRATEGY=1 -DK_LOOP_UNROLL=1 -DMBAR_EARLY=1 -DNUM_EPI_WARPS=5 -DPHASE1_UNROLL=4 -DSTAGGER_CYCLES=0 -DSUB_MMA_UNROLL=3 -DW0_LOOP_UNROLL=4 ... 3.964 ms / 1105 TFLOPS  (218 regs, 6.0s)
[325/540] -DINTERLEAVE_STRATEGY=1 -DK_LOOP_UNROLL=2 -DMBAR_EARLY=1 -DNUM_EPI_WARPS=5 -DPHASE1_UNROLL=1 -DSNAKE_ORDER=0 -DSTAGGER_CYCLES=0 ... 2.727 ms / 1606 TFLOPS  (174 regs, 5.5s)
[326/540] -DINTERLEAVE_STRATEGY=1 -DK_LOOP_UNROLL=2 -DMBAR_EARLY=1 -DNUM_EPI_WARPS=5 -DPHASE1_UNROLL=1 -DSNAKE_ORDER=0 -DSTAGGER_CYCLES=0 -DW0_LOOP_UNROLL=1 ... 2.656 ms / 1649 TFLOPS  (154 regs, 5.7s)
[327/540] -DINTERLEAVE_STRATEGY=1 -DK_LOOP_UNROLL=2 -DMBAR_EARLY=1 -DNUM_EPI_WARPS=5 -DPHASE1_UNROLL=1 -DSNAKE_ORDER=0 -DSTAGGER_CYCLES=0 -DW0_LOOP_UNROLL=4 ... 2.726 ms / 1606 TFLOPS  (174 regs, 5.6s)
[328/540] -DINTERLEAVE_STRATEGY=1 -DK_LOOP_UNROLL=2 -DMBAR_EARLY=1 -DNUM_EPI_WARPS=5 -DPHASE1_UNROLL=1 -DSNAKE_ORDER=0 -DSTAGGER_CYCLES=0 -DSUB_MMA_UNROLL=1 ... 2.731 ms / 1604 TFLOPS  (164 regs, 5.6s)
[329/540] -DINTERLEAVE_STRATEGY=1 -DK_LOOP_UNROLL=2 -DMBAR_EARLY=1 -DNUM_EPI_WARPS=5 -DPHASE1_UNROLL=1 -DSNAKE_ORDER=0 -DSTAGGER_CYCLES=0 -DSUB_MMA_UNROLL=1 -DW0_LOOP_UNROLL=1 ... 2.689 ms / 1629 TFLOPS  (146 regs, 5.6s)
[330/540] -DINTERLEAVE_STRATEGY=1 -DK_LOOP_UNROLL=2 -DMBAR_EARLY=1 -DNUM_EPI_WARPS=5 -DPHASE1_UNROLL=1 -DSNAKE_ORDER=0 -DSTAGGER_CYCLES=0 -DSUB_MMA_UNROLL=1 -DW0_LOOP_UNROLL=4 ... 2.729 ms / 1605 TFLOPS  (164 regs, 5.6s)
[331/540] -DINTERLEAVE_STRATEGY=1 -DK_LOOP_UNROLL=2 -DMBAR_EARLY=1 -DNUM_EPI_WARPS=5 -DPHASE1_UNROLL=1 -DSNAKE_ORDER=0 -DSTAGGER_CYCLES=0 -DSUB_MMA_UNROLL=3 ... 2.728 ms / 1606 TFLOPS  (174 regs, 5.6s)
[332/540] -DINTERLEAVE_STRATEGY=1 -DK_LOOP_UNROLL=2 -DMBAR_EARLY=1 -DNUM_EPI_WARPS=5 -DPHASE1_UNROLL=1 -DSNAKE_ORDER=0 -DSTAGGER_CYCLES=0 -DSUB_MMA_UNROLL=3 -DW0_LOOP_UNROLL=1 ... 2.655 ms / 1650 TFLOPS  (154 regs, 5.6s)
[333/540] -DINTERLEAVE_STRATEGY=1 -DK_LOOP_UNROLL=2 -DMBAR_EARLY=1 -DNUM_EPI_WARPS=5 -DPHASE1_UNROLL=1 -DSNAKE_ORDER=0 -DSTAGGER_CYCLES=0 -DSUB_MMA_UNROLL=3 -DW0_LOOP_UNROLL=4 ... 2.728 ms / 1606 TFLOPS  (174 regs, 5.6s)
[334/540] -DINTERLEAVE_STRATEGY=1 -DK_LOOP_UNROLL=2 -DMBAR_EARLY=1 -DNUM_EPI_WARPS=5 -DPHASE1_UNROLL=1 -DSTAGGER_CYCLES=0 ... 2.724 ms / 1608 TFLOPS  (174 regs, 5.6s)
[335/540] -DINTERLEAVE_STRATEGY=1 -DK_LOOP_UNROLL=2 -DMBAR_EARLY=1 -DNUM_EPI_WARPS=5 -DPHASE1_UNROLL=1 -DSTAGGER_CYCLES=0 -DW0_LOOP_UNROLL=1 ... 2.641 ms / 1658 TFLOPS  (154 regs, 5.6s)
[336/540] -DINTERLEAVE_STRATEGY=1 -DK_LOOP_UNROLL=2 -DMBAR_EARLY=1 -DNUM_EPI_WARPS=5 -DPHASE1_UNROLL=1 -DSTAGGER_CYCLES=0 -DW0_LOOP_UNROLL=4 ... 2.724 ms / 1608 TFLOPS  (174 regs, 5.7s)
[337/540] -DINTERLEAVE_STRATEGY=1 -DK_LOOP_UNROLL=2 -DMBAR_EARLY=1 -DNUM_EPI_WARPS=5 -DPHASE1_UNROLL=1 -DSTAGGER_CYCLES=0 -DSUB_MMA_UNROLL=1 ... 2.729 ms / 1605 TFLOPS  (164 regs, 5.6s)
[338/540] -DINTERLEAVE_STRATEGY=1 -DK_LOOP_UNROLL=2 -DMBAR_EARLY=1 -DNUM_EPI_WARPS=5 -DPHASE1_UNROLL=1 -DSTAGGER_CYCLES=0 -DSUB_MMA_UNROLL=1 -DW0_LOOP_UNROLL=1 ... 2.679 ms / 1635 TFLOPS  (146 regs, 5.7s)
[339/540] -DINTERLEAVE_STRATEGY=1 -DK_LOOP_UNROLL=2 -DMBAR_EARLY=1 -DNUM_EPI_WARPS=5 -DPHASE1_UNROLL=1 -DSTAGGER_CYCLES=0 -DSUB_MMA_UNROLL=1 -DW0_LOOP_UNROLL=4 ... 2.732 ms / 1603 TFLOPS  (164 regs, 5.7s)
[340/540] -DINTERLEAVE_STRATEGY=1 -DK_LOOP_UNROLL=2 -DMBAR_EARLY=1 -DNUM_EPI_WARPS=5 -DPHASE1_UNROLL=1 -DSTAGGER_CYCLES=0 -DSUB_MMA_UNROLL=3 ... 2.722 ms / 1609 TFLOPS  (174 regs, 5.6s)
[341/540] -DINTERLEAVE_STRATEGY=1 -DK_LOOP_UNROLL=2 -DMBAR_EARLY=1 -DNUM_EPI_WARPS=5 -DPHASE1_UNROLL=1 -DSTAGGER_CYCLES=0 -DSUB_MMA_UNROLL=3 -DW0_LOOP_UNROLL=1 ... 2.641 ms / 1659 TFLOPS  (154 regs, 5.5s)
[342/540] -DINTERLEAVE_STRATEGY=1 -DK_LOOP_UNROLL=2 -DMBAR_EARLY=1 -DNUM_EPI_WARPS=5 -DPHASE1_UNROLL=1 -DSTAGGER_CYCLES=0 -DSUB_MMA_UNROLL=3 -DW0_LOOP_UNROLL=4 ... 2.725 ms / 1607 TFLOPS  (174 regs, 5.4s)
[343/540] -DINTERLEAVE_STRATEGY=1 -DK_LOOP_UNROLL=2 -DMBAR_EARLY=1 -DNUM_EPI_WARPS=5 -DSNAKE_ORDER=0 -DSTAGGER_CYCLES=0 ... 2.570 ms / 1704 TFLOPS  (213 regs, 5.7s)
[344/540] -DINTERLEAVE_STRATEGY=1 -DK_LOOP_UNROLL=2 -DMBAR_EARLY=1 -DNUM_EPI_WARPS=5 -DSNAKE_ORDER=0 -DSTAGGER_CYCLES=0 -DW0_LOOP_UNROLL=1 ... 2.538 ms / 1726 TFLOPS  (196 regs, 5.7s)
[345/540] -DINTERLEAVE_STRATEGY=1 -DK_LOOP_UNROLL=2 -DMBAR_EARLY=1 -DNUM_EPI_WARPS=5 -DSNAKE_ORDER=0 -DSTAGGER_CYCLES=0 -DW0_LOOP_UNROLL=4 ... 2.579 ms / 1699 TFLOPS  (213 regs, 5.7s)
[346/540] -DINTERLEAVE_STRATEGY=1 -DK_LOOP_UNROLL=2 -DMBAR_EARLY=1 -DNUM_EPI_WARPS=5 -DSNAKE_ORDER=0 -DSTAGGER_CYCLES=0 -DSUB_MMA_UNROLL=1 ... 2.616 ms / 1675 TFLOPS  (209 regs, 5.7s)
[347/540] -DINTERLEAVE_STRATEGY=1 -DK_LOOP_UNROLL=2 -DMBAR_EARLY=1 -DNUM_EPI_WARPS=5 -DSNAKE_ORDER=0 -DSTAGGER_CYCLES=0 -DSUB_MMA_UNROLL=1 -DW0_LOOP_UNROLL=1 ... 2.500 ms / 1752 TFLOPS  (187 regs, 5.7s)
[348/540] -DINTERLEAVE_STRATEGY=1 -DK_LOOP_UNROLL=2 -DMBAR_EARLY=1 -DNUM_EPI_WARPS=5 -DSNAKE_ORDER=0 -DSTAGGER_CYCLES=0 -DSUB_MMA_UNROLL=1 -DW0_LOOP_UNROLL=4 ... 2.610 ms / 1678 TFLOPS  (209 regs, 5.7s)
[349/540] -DINTERLEAVE_STRATEGY=1 -DK_LOOP_UNROLL=2 -DMBAR_EARLY=1 -DNUM_EPI_WARPS=5 -DSNAKE_ORDER=0 -DSTAGGER_CYCLES=0 -DSUB_MMA_UNROLL=3 ... 2.570 ms / 1704 TFLOPS  (213 regs, 5.9s)
[350/540] -DINTERLEAVE_STRATEGY=1 -DK_LOOP_UNROLL=2 -DMBAR_EARLY=1 -DNUM_EPI_WARPS=5 -DSNAKE_ORDER=0 -DSTAGGER_CYCLES=0 -DSUB_MMA_UNROLL=3 -DW0_LOOP_UNROLL=1 ... 2.537 ms / 1726 TFLOPS  (196 regs, 5.7s)
[351/540] -DINTERLEAVE_STRATEGY=1 -DK_LOOP_UNROLL=2 -DMBAR_EARLY=1 -DNUM_EPI_WARPS=5 -DSNAKE_ORDER=0 -DSTAGGER_CYCLES=0 -DSUB_MMA_UNROLL=3 -DW0_LOOP_UNROLL=4 ... 2.579 ms / 1698 TFLOPS  (213 regs, 5.9s)
[352/540] -DINTERLEAVE_STRATEGY=1 -DK_LOOP_UNROLL=2 -DMBAR_EARLY=1 -DNUM_EPI_WARPS=5 -DSTAGGER_CYCLES=0 ... 2.597 ms / 1686 TFLOPS  (213 regs, 5.8s)
[353/540] -DINTERLEAVE_STRATEGY=1 -DK_LOOP_UNROLL=2 -DMBAR_EARLY=1 -DNUM_EPI_WARPS=5 -DSTAGGER_CYCLES=0 -DW0_LOOP_UNROLL=1 ... 2.554 ms / 1715 TFLOPS  (196 regs, 5.8s)
[354/540] -DINTERLEAVE_STRATEGY=1 -DK_LOOP_UNROLL=2 -DMBAR_EARLY=1 -DNUM_EPI_WARPS=5 -DSTAGGER_CYCLES=0 -DW0_LOOP_UNROLL=4 ... 2.580 ms / 1698 TFLOPS  (213 regs, 5.7s)
[355/540] -DINTERLEAVE_STRATEGY=1 -DK_LOOP_UNROLL=2 -DMBAR_EARLY=1 -DNUM_EPI_WARPS=5 -DSTAGGER_CYCLES=0 -DSUB_MMA_UNROLL=1 ... 2.633 ms / 1663 TFLOPS  (209 regs, 5.8s)
[356/540] -DINTERLEAVE_STRATEGY=1 -DK_LOOP_UNROLL=2 -DMBAR_EARLY=1 -DNUM_EPI_WARPS=5 -DSTAGGER_CYCLES=0 -DSUB_MMA_UNROLL=1 -DW0_LOOP_UNROLL=1 ... 2.496 ms / 1755 TFLOPS  (187 regs, 5.9s)
[357/540] -DINTERLEAVE_STRATEGY=1 -DK_LOOP_UNROLL=2 -DMBAR_EARLY=1 -DNUM_EPI_WARPS=5 -DSTAGGER_CYCLES=0 -DSUB_MMA_UNROLL=1 -DW0_LOOP_UNROLL=4 ... 2.604 ms / 1682 TFLOPS  (209 regs, 5.8s)
[358/540] -DINTERLEAVE_STRATEGY=1 -DK_LOOP_UNROLL=2 -DMBAR_EARLY=1 -DNUM_EPI_WARPS=5 -DSTAGGER_CYCLES=0 -DSUB_MMA_UNROLL=3 ... 2.597 ms / 1687 TFLOPS  (213 regs, 5.7s)
[359/540] -DINTERLEAVE_STRATEGY=1 -DK_LOOP_UNROLL=2 -DMBAR_EARLY=1 -DNUM_EPI_WARPS=5 -DSTAGGER_CYCLES=0 -DSUB_MMA_UNROLL=3 -DW0_LOOP_UNROLL=1 ... 2.553 ms / 1716 TFLOPS  (196 regs, 5.7s)
[360/540] -DINTERLEAVE_STRATEGY=1 -DK_LOOP_UNROLL=2 -DMBAR_EARLY=1 -DNUM_EPI_WARPS=5 -DSTAGGER_CYCLES=0 -DSUB_MMA_UNROLL=3 -DW0_LOOP_UNROLL=4 ... 2.577 ms / 1700 TFLOPS  (213 regs, 5.8s)
[361/540] -DINTERLEAVE_STRATEGY=1 -DK_LOOP_UNROLL=2 -DMBAR_EARLY=1 -DNUM_EPI_WARPS=5 -DPHASE1_UNROLL=4 -DSNAKE_ORDER=0 -DSTAGGER_CYCLES=0 ... 4.079 ms / 1074 TFLOPS  (218 regs, 6.1s)
[362/540] -DINTERLEAVE_STRATEGY=1 -DK_LOOP_UNROLL=2 -DMBAR_EARLY=1 -DNUM_EPI_WARPS=5 -DPHASE1_UNROLL=4 -DSNAKE_ORDER=0 -DSTAGGER_CYCLES=0 -DW0_LOOP_UNROLL=1 ... 3.885 ms / 1127 TFLOPS  (198 regs, 6.1s)
[363/540] -DINTERLEAVE_STRATEGY=1 -DK_LOOP_UNROLL=2 -DMBAR_EARLY=1 -DNUM_EPI_WARPS=5 -DPHASE1_UNROLL=4 -DSNAKE_ORDER=0 -DSTAGGER_CYCLES=0 -DW0_LOOP_UNROLL=4 ... 4.064 ms / 1078 TFLOPS  (218 regs, 6.1s)
[364/540] -DINTERLEAVE_STRATEGY=1 -DK_LOOP_UNROLL=2 -DMBAR_EARLY=1 -DNUM_EPI_WARPS=5 -DPHASE1_UNROLL=4 -DSNAKE_ORDER=0 -DSTAGGER_CYCLES=0 -DSUB_MMA_UNROLL=1 ... 4.008 ms / 1093 TFLOPS  (210 regs, 6.1s)
[365/540] -DINTERLEAVE_STRATEGY=1 -DK_LOOP_UNROLL=2 -DMBAR_EARLY=1 -DNUM_EPI_WARPS=5 -DPHASE1_UNROLL=4 -DSNAKE_ORDER=0 -DSTAGGER_CYCLES=0 -DSUB_MMA_UNROLL=1 -DW0_LOOP_UNROLL=1 ... 3.910 ms / 1120 TFLOPS  (190 regs, 6.1s)
[366/540] -DINTERLEAVE_STRATEGY=1 -DK_LOOP_UNROLL=2 -DMBAR_EARLY=1 -DNUM_EPI_WARPS=5 -DPHASE1_UNROLL=4 -DSNAKE_ORDER=0 -DSTAGGER_CYCLES=0 -DSUB_MMA_UNROLL=1 -DW0_LOOP_UNROLL=4 ... 4.012 ms / 1092 TFLOPS  (210 regs, 6.0s)
[367/540] -DINTERLEAVE_STRATEGY=1 -DK_LOOP_UNROLL=2 -DMBAR_EARLY=1 -DNUM_EPI_WARPS=5 -DPHASE1_UNROLL=4 -DSNAKE_ORDER=0 -DSTAGGER_CYCLES=0 -DSUB_MMA_UNROLL=3 ... 4.080 ms / 1073 TFLOPS  (218 regs, 6.0s)
[368/540] -DINTERLEAVE_STRATEGY=1 -DK_LOOP_UNROLL=2 -DMBAR_EARLY=1 -DNUM_EPI_WARPS=5 -DPHASE1_UNROLL=4 -DSNAKE_ORDER=0 -DSTAGGER_CYCLES=0 -DSUB_MMA_UNROLL=3 -DW0_LOOP_UNROLL=1 ... 3.889 ms / 1126 TFLOPS  (198 regs, 6.0s)
[369/540] -DINTERLEAVE_STRATEGY=1 -DK_LOOP_UNROLL=2 -DMBAR_EARLY=1 -DNUM_EPI_WARPS=5 -DPHASE1_UNROLL=4 -DSNAKE_ORDER=0 -DSTAGGER_CYCLES=0 -DSUB_MMA_UNROLL=3 -DW0_LOOP_UNROLL=4 ... 4.065 ms / 1077 TFLOPS  (218 regs, 5.9s)
[370/540] -DINTERLEAVE_STRATEGY=1 -DK_LOOP_UNROLL=2 -DMBAR_EARLY=1 -DNUM_EPI_WARPS=5 -DPHASE1_UNROLL=4 -DSTAGGER_CYCLES=0 ... 4.098 ms / 1069 TFLOPS  (218 regs, 6.0s)
[371/540] -DINTERLEAVE_STRATEGY=1 -DK_LOOP_UNROLL=2 -DMBAR_EARLY=1 -DNUM_EPI_WARPS=5 -DPHASE1_UNROLL=4 -DSTAGGER_CYCLES=0 -DW0_LOOP_UNROLL=1 ... 3.888 ms / 1127 TFLOPS  (198 regs, 6.1s)
[372/540] -DINTERLEAVE_STRATEGY=1 -DK_LOOP_UNROLL=2 -DMBAR_EARLY=1 -DNUM_EPI_WARPS=5 -DPHASE1_UNROLL=4 -DSTAGGER_CYCLES=0 -DW0_LOOP_UNROLL=4 ... 4.071 ms / 1076 TFLOPS  (218 regs, 6.1s)
[373/540] -DINTERLEAVE_STRATEGY=1 -DK_LOOP_UNROLL=2 -DMBAR_EARLY=1 -DNUM_EPI_WARPS=5 -DPHASE1_UNROLL=4 -DSTAGGER_CYCLES=0 -DSUB_MMA_UNROLL=1 ... 4.038 ms / 1085 TFLOPS  (210 regs, 6.1s)
[374/540] -DINTERLEAVE_STRATEGY=1 -DK_LOOP_UNROLL=2 -DMBAR_EARLY=1 -DNUM_EPI_WARPS=5 -DPHASE1_UNROLL=4 -DSTAGGER_CYCLES=0 -DSUB_MMA_UNROLL=1 -DW0_LOOP_UNROLL=1 ... 3.888 ms / 1127 TFLOPS  (190 regs, 6.1s)
[375/540] -DINTERLEAVE_STRATEGY=1 -DK_LOOP_UNROLL=2 -DMBAR_EARLY=1 -DNUM_EPI_WARPS=5 -DPHASE1_UNROLL=4 -DSTAGGER_CYCLES=0 -DSUB_MMA_UNROLL=1 -DW0_LOOP_UNROLL=4 ... 4.040 ms / 1084 TFLOPS  (210 regs, 6.1s)
[376/540] -DINTERLEAVE_STRATEGY=1 -DK_LOOP_UNROLL=2 -DMBAR_EARLY=1 -DNUM_EPI_WARPS=5 -DPHASE1_UNROLL=4 -DSTAGGER_CYCLES=0 -DSUB_MMA_UNROLL=3 ... 4.101 ms / 1068 TFLOPS  (218 regs, 6.2s)
[377/540] -DINTERLEAVE_STRATEGY=1 -DK_LOOP_UNROLL=2 -DMBAR_EARLY=1 -DNUM_EPI_WARPS=5 -DPHASE1_UNROLL=4 -DSTAGGER_CYCLES=0 -DSUB_MMA_UNROLL=3 -DW0_LOOP_UNROLL=1 ... 3.888 ms / 1126 TFLOPS  (198 regs, 6.0s)
[378/540] -DINTERLEAVE_STRATEGY=1 -DK_LOOP_UNROLL=2 -DMBAR_EARLY=1 -DNUM_EPI_WARPS=5 -DPHASE1_UNROLL=4 -DSTAGGER_CYCLES=0 -DSUB_MMA_UNROLL=3 -DW0_LOOP_UNROLL=4 ... 4.068 ms / 1077 TFLOPS  (218 regs, 6.0s)
[379/540] -DINTERLEAVE_STRATEGY=1 -DMBAR_EARLY=1 -DNUM_EPI_WARPS=5 -DPHASE1_UNROLL=1 -DSNAKE_ORDER=0 -DSTAGGER_CYCLES=0 ... 2.691 ms / 1628 TFLOPS  (222 regs, 5.6s)
[380/540] -DINTERLEAVE_STRATEGY=1 -DMBAR_EARLY=1 -DNUM_EPI_WARPS=5 -DPHASE1_UNROLL=1 -DSNAKE_ORDER=0 -DSTAGGER_CYCLES=0 -DW0_LOOP_UNROLL=1 ... 2.744 ms / 1596 TFLOPS  (206 regs, 5.5s)
[381/540] -DINTERLEAVE_STRATEGY=1 -DMBAR_EARLY=1 -DNUM_EPI_WARPS=5 -DPHASE1_UNROLL=1 -DSNAKE_ORDER=0 -DSTAGGER_CYCLES=0 -DW0_LOOP_UNROLL=4 ... 2.689 ms / 1629 TFLOPS  (222 regs, 5.6s)
[382/540] -DINTERLEAVE_STRATEGY=1 -DMBAR_EARLY=1 -DNUM_EPI_WARPS=5 -DPHASE1_UNROLL=1 -DSNAKE_ORDER=0 -DSTAGGER_CYCLES=0 -DSUB_MMA_UNROLL=1 ... 2.720 ms / 1610 TFLOPS  (176 regs, 5.7s)
[383/540] -DINTERLEAVE_STRATEGY=1 -DMBAR_EARLY=1 -DNUM_EPI_WARPS=5 -DPHASE1_UNROLL=1 -DSNAKE_ORDER=0 -DSTAGGER_CYCLES=0 -DSUB_MMA_UNROLL=1 -DW0_LOOP_UNROLL=1 ... 2.741 ms / 1598 TFLOPS  (160 regs, 5.6s)
[384/540] -DINTERLEAVE_STRATEGY=1 -DMBAR_EARLY=1 -DNUM_EPI_WARPS=5 -DPHASE1_UNROLL=1 -DSNAKE_ORDER=0 -DSTAGGER_CYCLES=0 -DSUB_MMA_UNROLL=1 -DW0_LOOP_UNROLL=4 ... 2.722 ms / 1609 TFLOPS  (176 regs, 5.7s)
[385/540] -DINTERLEAVE_STRATEGY=1 -DMBAR_EARLY=1 -DNUM_EPI_WARPS=5 -DPHASE1_UNROLL=1 -DSNAKE_ORDER=0 -DSTAGGER_CYCLES=0 -DSUB_MMA_UNROLL=3 ... 2.691 ms / 1628 TFLOPS  (222 regs, 5.6s)
[386/540] -DINTERLEAVE_STRATEGY=1 -DMBAR_EARLY=1 -DNUM_EPI_WARPS=5 -DPHASE1_UNROLL=1 -DSNAKE_ORDER=0 -DSTAGGER_CYCLES=0 -DSUB_MMA_UNROLL=3 -DW0_LOOP_UNROLL=1 ... 2.744 ms / 1596 TFLOPS  (206 regs, 5.6s)
[387/540] -DINTERLEAVE_STRATEGY=1 -DMBAR_EARLY=1 -DNUM_EPI_WARPS=5 -DPHASE1_UNROLL=1 -DSNAKE_ORDER=0 -DSTAGGER_CYCLES=0 -DSUB_MMA_UNROLL=3 -DW0_LOOP_UNROLL=4 ... 2.689 ms / 1629 TFLOPS  (222 regs, 5.6s)
[388/540] -DINTERLEAVE_STRATEGY=1 -DMBAR_EARLY=1 -DNUM_EPI_WARPS=5 -DPHASE1_UNROLL=1 -DSTAGGER_CYCLES=0 ... 2.688 ms / 1629 TFLOPS  (222 regs, 5.6s)
[389/540] -DINTERLEAVE_STRATEGY=1 -DMBAR_EARLY=1 -DNUM_EPI_WARPS=5 -DPHASE1_UNROLL=1 -DSTAGGER_CYCLES=0 -DW0_LOOP_UNROLL=1 ... 2.740 ms / 1599 TFLOPS  (206 regs, 5.6s)
[390/540] -DINTERLEAVE_STRATEGY=1 -DMBAR_EARLY=1 -DNUM_EPI_WARPS=5 -DPHASE1_UNROLL=1 -DSTAGGER_CYCLES=0 -DW0_LOOP_UNROLL=4 ... 2.687 ms / 1630 TFLOPS  (222 regs, 5.6s)
[391/540] -DINTERLEAVE_STRATEGY=1 -DMBAR_EARLY=1 -DNUM_EPI_WARPS=5 -DPHASE1_UNROLL=1 -DSTAGGER_CYCLES=0 -DSUB_MMA_UNROLL=1 ... 2.721 ms / 1610 TFLOPS  (176 regs, 5.6s)
[392/540] -DINTERLEAVE_STRATEGY=1 -DMBAR_EARLY=1 -DNUM_EPI_WARPS=5 -DPHASE1_UNROLL=1 -DSTAGGER_CYCLES=0 -DSUB_MMA_UNROLL=1 -DW0_LOOP_UNROLL=1 ... 2.735 ms / 1602 TFLOPS  (160 regs, 5.6s)
[393/540] -DINTERLEAVE_STRATEGY=1 -DMBAR_EARLY=1 -DNUM_EPI_WARPS=5 -DPHASE1_UNROLL=1 -DSTAGGER_CYCLES=0 -DSUB_MMA_UNROLL=1 -DW0_LOOP_UNROLL=4 ... 2.722 ms / 1609 TFLOPS  (176 regs, 5.6s)
[394/540] -DINTERLEAVE_STRATEGY=1 -DMBAR_EARLY=1 -DNUM_EPI_WARPS=5 -DPHASE1_UNROLL=1 -DSTAGGER_CYCLES=0 -DSUB_MMA_UNROLL=3 ... 2.688 ms / 1630 TFLOPS  (222 regs, 5.6s)
[395/540] -DINTERLEAVE_STRATEGY=1 -DMBAR_EARLY=1 -DNUM_EPI_WARPS=5 -DPHASE1_UNROLL=1 -DSTAGGER_CYCLES=0 -DSUB_MMA_UNROLL=3 -DW0_LOOP_UNROLL=1 ... 2.739 ms / 1599 TFLOPS  (206 regs, 5.6s)
[396/540] -DINTERLEAVE_STRATEGY=1 -DMBAR_EARLY=1 -DNUM_EPI_WARPS=5 -DPHASE1_UNROLL=1 -DSTAGGER_CYCLES=0 -DSUB_MMA_UNROLL=3 -DW0_LOOP_UNROLL=4 ... 2.687 ms / 1630 TFLOPS  (222 regs, 5.5s)
[397/540] -DINTERLEAVE_STRATEGY=1 -DMBAR_EARLY=1 -DNUM_EPI_WARPS=5 -DSNAKE_ORDER=0 -DSTAGGER_CYCLES=0 ... 2.570 ms / 1705 TFLOPS  (244 regs, 5.8s)
[398/540] -DINTERLEAVE_STRATEGY=1 -DMBAR_EARLY=1 -DNUM_EPI_WARPS=5 -DSNAKE_ORDER=0 -DSTAGGER_CYCLES=0 -DW0_LOOP_UNROLL=1 ... 2.573 ms / 1702 TFLOPS  (241 regs, 5.8s)
[399/540] -DINTERLEAVE_STRATEGY=1 -DMBAR_EARLY=1 -DNUM_EPI_WARPS=5 -DSNAKE_ORDER=0 -DSTAGGER_CYCLES=0 -DW0_LOOP_UNROLL=4 ... 2.549 ms / 1719 TFLOPS  (244 regs, 5.8s)
[400/540] -DINTERLEAVE_STRATEGY=1 -DMBAR_EARLY=1 -DNUM_EPI_WARPS=5 -DSNAKE_ORDER=0 -DSTAGGER_CYCLES=0 -DSUB_MMA_UNROLL=1 ... 2.645 ms / 1656 TFLOPS  (214 regs, 5.7s)
[401/540] -DINTERLEAVE_STRATEGY=1 -DMBAR_EARLY=1 -DNUM_EPI_WARPS=5 -DSNAKE_ORDER=0 -DSTAGGER_CYCLES=0 -DSUB_MMA_UNROLL=1 -DW0_LOOP_UNROLL=1 ... 2.584 ms / 1695 TFLOPS  (203 regs, 5.7s)
[402/540] -DINTERLEAVE_STRATEGY=1 -DMBAR_EARLY=1 -DNUM_EPI_WARPS=5 -DSNAKE_ORDER=0 -DSTAGGER_CYCLES=0 -DSUB_MMA_UNROLL=1 -DW0_LOOP_UNROLL=4 ... 2.641 ms / 1658 TFLOPS  (214 regs, 5.7s)
[403/540] -DINTERLEAVE_STRATEGY=1 -DMBAR_EARLY=1 -DNUM_EPI_WARPS=5 -DSNAKE_ORDER=0 -DSTAGGER_CYCLES=0 -DSUB_MMA_UNROLL=3 ... 2.570 ms / 1705 TFLOPS  (244 regs, 5.7s)
[404/540] -DINTERLEAVE_STRATEGY=1 -DMBAR_EARLY=1 -DNUM_EPI_WARPS=5 -DSNAKE_ORDER=0 -DSTAGGER_CYCLES=0 -DSUB_MMA_UNROLL=3 -DW0_LOOP_UNROLL=1 ... 2.573 ms / 1702 TFLOPS  (241 regs, 5.7s)
[405/540] -DINTERLEAVE_STRATEGY=1 -DMBAR_EARLY=1 -DNUM_EPI_WARPS=5 -DSNAKE_ORDER=0 -DSTAGGER_CYCLES=0 -DSUB_MMA_UNROLL=3 -DW0_LOOP_UNROLL=4 ... 2.550 ms / 1718 TFLOPS  (244 regs, 5.8s)
[406/540] -DINTERLEAVE_STRATEGY=1 -DMBAR_EARLY=1 -DNUM_EPI_WARPS=5 -DSTAGGER_CYCLES=0 ... 2.564 ms / 1708 TFLOPS  (244 regs, 5.8s)
[407/540] -DINTERLEAVE_STRATEGY=1 -DMBAR_EARLY=1 -DNUM_EPI_WARPS=5 -DSTAGGER_CYCLES=0 -DW0_LOOP_UNROLL=1 ... 2.576 ms / 1700 TFLOPS  (241 regs, 5.8s)
[408/540] -DINTERLEAVE_STRATEGY=1 -DMBAR_EARLY=1 -DNUM_EPI_WARPS=5 -DSTAGGER_CYCLES=0 -DW0_LOOP_UNROLL=4 ... 2.545 ms / 1721 TFLOPS  (244 regs, 5.8s)
[409/540] -DINTERLEAVE_STRATEGY=1 -DMBAR_EARLY=1 -DNUM_EPI_WARPS=5 -DSTAGGER_CYCLES=0 -DSUB_MMA_UNROLL=1 ... 2.668 ms / 1642 TFLOPS  (214 regs, 5.7s)
[410/540] -DINTERLEAVE_STRATEGY=1 -DMBAR_EARLY=1 -DNUM_EPI_WARPS=5 -DSTAGGER_CYCLES=0 -DSUB_MMA_UNROLL=1 -DW0_LOOP_UNROLL=1 ... 2.573 ms / 1702 TFLOPS  (203 regs, 5.8s)
[411/540] -DINTERLEAVE_STRATEGY=1 -DMBAR_EARLY=1 -DNUM_EPI_WARPS=5 -DSTAGGER_CYCLES=0 -DSUB_MMA_UNROLL=1 -DW0_LOOP_UNROLL=4 ... 2.654 ms / 1650 TFLOPS  (214 regs, 5.7s)
[412/540] -DINTERLEAVE_STRATEGY=1 -DMBAR_EARLY=1 -DNUM_EPI_WARPS=5 -DSTAGGER_CYCLES=0 -DSUB_MMA_UNROLL=3 ... 2.564 ms / 1708 TFLOPS  (244 regs, 5.8s)
[413/540] -DINTERLEAVE_STRATEGY=1 -DMBAR_EARLY=1 -DNUM_EPI_WARPS=5 -DSTAGGER_CYCLES=0 -DSUB_MMA_UNROLL=3 -DW0_LOOP_UNROLL=1 ... 2.575 ms / 1701 TFLOPS  (241 regs, 5.9s)
[414/540] -DINTERLEAVE_STRATEGY=1 -DMBAR_EARLY=1 -DNUM_EPI_WARPS=5 -DSTAGGER_CYCLES=0 -DSUB_MMA_UNROLL=3 -DW0_LOOP_UNROLL=4 ... 2.545 ms / 1721 TFLOPS  (244 regs, 5.7s)
[415/540] -DINTERLEAVE_STRATEGY=1 -DMBAR_EARLY=1 -DNUM_EPI_WARPS=5 -DPHASE1_UNROLL=4 -DSNAKE_ORDER=0 -DSTAGGER_CYCLES=0 ... 4.192 ms / 1045 TFLOPS  (245 regs, 6.1s)
[416/540] -DINTERLEAVE_STRATEGY=1 -DMBAR_EARLY=1 -DNUM_EPI_WARPS=5 -DPHASE1_UNROLL=4 -DSNAKE_ORDER=0 -DSTAGGER_CYCLES=0 -DW0_LOOP_UNROLL=1 ... 3.923 ms / 1116 TFLOPS  (240 regs, 6.0s)
[417/540] -DINTERLEAVE_STRATEGY=1 -DMBAR_EARLY=1 -DNUM_EPI_WARPS=5 -DPHASE1_UNROLL=4 -DSNAKE_ORDER=0 -DSTAGGER_CYCLES=0 -DW0_LOOP_UNROLL=4 ... 4.066 ms / 1077 TFLOPS  (245 regs, 6.1s)
[418/540] -DINTERLEAVE_STRATEGY=1 -DMBAR_EARLY=1 -DNUM_EPI_WARPS=5 -DPHASE1_UNROLL=4 -DSNAKE_ORDER=0 -DSTAGGER_CYCLES=0 -DSUB_MMA_UNROLL=1 ... 4.041 ms / 1084 TFLOPS  (220 regs, 6.1s)
[419/540] -DINTERLEAVE_STRATEGY=1 -DMBAR_EARLY=1 -DNUM_EPI_WARPS=5 -DPHASE1_UNROLL=4 -DSNAKE_ORDER=0 -DSTAGGER_CYCLES=0 -DSUB_MMA_UNROLL=1 -DW0_LOOP_UNROLL=1 ... 3.826 ms / 1145 TFLOPS  (204 regs, 6.0s)
[420/540] -DINTERLEAVE_STRATEGY=1 -DMBAR_EARLY=1 -DNUM_EPI_WARPS=5 -DPHASE1_UNROLL=4 -DSNAKE_ORDER=0 -DSTAGGER_CYCLES=0 -DSUB_MMA_UNROLL=1 -DW0_LOOP_UNROLL=4 ... 3.998 ms / 1096 TFLOPS  (220 regs, 6.1s)
[421/540] -DINTERLEAVE_STRATEGY=1 -DMBAR_EARLY=1 -DNUM_EPI_WARPS=5 -DPHASE1_UNROLL=4 -DSNAKE_ORDER=0 -DSTAGGER_CYCLES=0 -DSUB_MMA_UNROLL=3 ... 4.192 ms / 1045 TFLOPS  (245 regs, 6.0s)
[422/540] -DINTERLEAVE_STRATEGY=1 -DMBAR_EARLY=1 -DNUM_EPI_WARPS=5 -DPHASE1_UNROLL=4 -DSNAKE_ORDER=0 -DSTAGGER_CYCLES=0 -DSUB_MMA_UNROLL=3 -DW0_LOOP_UNROLL=1 ... 3.925 ms / 1116 TFLOPS  (240 regs, 6.1s)
[423/540] -DINTERLEAVE_STRATEGY=1 -DMBAR_EARLY=1 -DNUM_EPI_WARPS=5 -DPHASE1_UNROLL=4 -DSNAKE_ORDER=0 -DSTAGGER_CYCLES=0 -DSUB_MMA_UNROLL=3 -DW0_LOOP_UNROLL=4 ... 4.066 ms / 1077 TFLOPS  (245 regs, 6.0s)
[424/540] -DINTERLEAVE_STRATEGY=1 -DMBAR_EARLY=1 -DNUM_EPI_WARPS=5 -DPHASE1_UNROLL=4 -DSTAGGER_CYCLES=0 ... 4.185 ms / 1047 TFLOPS  (245 regs, 6.2s)
[425/540] -DINTERLEAVE_STRATEGY=1 -DMBAR_EARLY=1 -DNUM_EPI_WARPS=5 -DPHASE1_UNROLL=4 -DSTAGGER_CYCLES=0 -DW0_LOOP_UNROLL=1 ... 3.937 ms / 1113 TFLOPS  (240 regs, 6.1s)
[426/540] -DINTERLEAVE_STRATEGY=1 -DMBAR_EARLY=1 -DNUM_EPI_WARPS=5 -DPHASE1_UNROLL=4 -DSTAGGER_CYCLES=0 -DW0_LOOP_UNROLL=4 ... 4.111 ms / 1066 TFLOPS  (245 regs, 6.1s)
[427/540] -DINTERLEAVE_STRATEGY=1 -DMBAR_EARLY=1 -DNUM_EPI_WARPS=5 -DPHASE1_UNROLL=4 -DSTAGGER_CYCLES=0 -DSUB_MMA_UNROLL=1 ... 4.059 ms / 1079 TFLOPS  (220 regs, 6.1s)
[428/540] -DINTERLEAVE_STRATEGY=1 -DMBAR_EARLY=1 -DNUM_EPI_WARPS=5 -DPHASE1_UNROLL=4 -DSTAGGER_CYCLES=0 -DSUB_MMA_UNROLL=1 -DW0_LOOP_UNROLL=1 ... 3.827 ms / 1145 TFLOPS  (204 regs, 6.0s)
[429/540] -DINTERLEAVE_STRATEGY=1 -DMBAR_EARLY=1 -DNUM_EPI_WARPS=5 -DPHASE1_UNROLL=4 -DSTAGGER_CYCLES=0 -DSUB_MMA_UNROLL=1 -DW0_LOOP_UNROLL=4 ... 4.006 ms / 1093 TFLOPS  (220 regs, 6.0s)
[430/540] -DINTERLEAVE_STRATEGY=1 -DMBAR_EARLY=1 -DNUM_EPI_WARPS=5 -DPHASE1_UNROLL=4 -DSTAGGER_CYCLES=0 -DSUB_MMA_UNROLL=3 ... 4.185 ms / 1046 TFLOPS  (245 regs, 6.0s)
[431/540] -DINTERLEAVE_STRATEGY=1 -DMBAR_EARLY=1 -DNUM_EPI_WARPS=5 -DPHASE1_UNROLL=4 -DSTAGGER_CYCLES=0 -DSUB_MMA_UNROLL=3 -DW0_LOOP_UNROLL=1 ... 3.936 ms / 1113 TFLOPS  (240 regs, 6.1s)
[432/540] -DINTERLEAVE_STRATEGY=1 -DMBAR_EARLY=1 -DNUM_EPI_WARPS=5 -DPHASE1_UNROLL=4 -DSTAGGER_CYCLES=0 -DSUB_MMA_UNROLL=3 -DW0_LOOP_UNROLL=4 ... 4.109 ms / 1066 TFLOPS  (245 regs, 6.1s)
[433/540] -DINTERLEAVE_STRATEGY=1 -DK_LOOP_UNROLL=6 -DMBAR_EARLY=1 -DNUM_EPI_WARPS=5 -DPHASE1_UNROLL=1 -DSNAKE_ORDER=0 -DSTAGGER_CYCLES=0 ... 2.680 ms / 1634 TFLOPS  (188 regs, 5.6s)
[434/540] -DINTERLEAVE_STRATEGY=1 -DK_LOOP_UNROLL=6 -DMBAR_EARLY=1 -DNUM_EPI_WARPS=5 -DPHASE1_UNROLL=1 -DSNAKE_ORDER=0 -DSTAGGER_CYCLES=0 -DW0_LOOP_UNROLL=1 ... 2.670 ms / 1640 TFLOPS  (168 regs, 5.5s)
[435/540] -DINTERLEAVE_STRATEGY=1 -DK_LOOP_UNROLL=6 -DMBAR_EARLY=1 -DNUM_EPI_WARPS=5 -DPHASE1_UNROLL=1 -DSNAKE_ORDER=0 -DSTAGGER_CYCLES=0 -DW0_LOOP_UNROLL=4 ... 2.694 ms / 1626 TFLOPS  (184 regs, 5.6s)
[436/540] -DINTERLEAVE_STRATEGY=1 -DK_LOOP_UNROLL=6 -DMBAR_EARLY=1 -DNUM_EPI_WARPS=5 -DPHASE1_UNROLL=1 -DSNAKE_ORDER=0 -DSTAGGER_CYCLES=0 -DSUB_MMA_UNROLL=1 ... 2.713 ms / 1615 TFLOPS  (176 regs, 5.6s)
[437/540] -DINTERLEAVE_STRATEGY=1 -DK_LOOP_UNROLL=6 -DMBAR_EARLY=1 -DNUM_EPI_WARPS=5 -DPHASE1_UNROLL=1 -DSNAKE_ORDER=0 -DSTAGGER_CYCLES=0 -DSUB_MMA_UNROLL=1 -DW0_LOOP_UNROLL=1 ... 2.734 ms / 1602 TFLOPS  (161 regs, 5.6s)
[438/540] -DINTERLEAVE_STRATEGY=1 -DK_LOOP_UNROLL=6 -DMBAR_EARLY=1 -DNUM_EPI_WARPS=5 -DPHASE1_UNROLL=1 -DSNAKE_ORDER=0 -DSTAGGER_CYCLES=0 -DSUB_MMA_UNROLL=1 -DW0_LOOP_UNROLL=4 ... 2.712 ms / 1615 TFLOPS  (176 regs, 5.6s)
[439/540] -DINTERLEAVE_STRATEGY=1 -DK_LOOP_UNROLL=6 -DMBAR_EARLY=1 -DNUM_EPI_WARPS=5 -DPHASE1_UNROLL=1 -DSNAKE_ORDER=0 -DSTAGGER_CYCLES=0 -DSUB_MMA_UNROLL=3 ... 2.680 ms / 1634 TFLOPS  (188 regs, 5.6s)
[440/540] -DINTERLEAVE_STRATEGY=1 -DK_LOOP_UNROLL=6 -DMBAR_EARLY=1 -DNUM_EPI_WARPS=5 -DPHASE1_UNROLL=1 -DSNAKE_ORDER=0 -DSTAGGER_CYCLES=0 -DSUB_MMA_UNROLL=3 -DW0_LOOP_UNROLL=1 ... 2.670 ms / 1641 TFLOPS  (168 regs, 5.6s)
[441/540] -DINTERLEAVE_STRATEGY=1 -DK_LOOP_UNROLL=6 -DMBAR_EARLY=1 -DNUM_EPI_WARPS=5 -DPHASE1_UNROLL=1 -DSNAKE_ORDER=0 -DSTAGGER_CYCLES=0 -DSUB_MMA_UNROLL=3 -DW0_LOOP_UNROLL=4 ... 2.694 ms / 1626 TFLOPS  (184 regs, 5.7s)
[442/540] -DINTERLEAVE_STRATEGY=1 -DK_LOOP_UNROLL=6 -DMBAR_EARLY=1 -DNUM_EPI_WARPS=5 -DPHASE1_UNROLL=1 -DSTAGGER_CYCLES=0 ... 2.677 ms / 1636 TFLOPS  (188 regs, 5.6s)
[443/540] -DINTERLEAVE_STRATEGY=1 -DK_LOOP_UNROLL=6 -DMBAR_EARLY=1 -DNUM_EPI_WARPS=5 -DPHASE1_UNROLL=1 -DSTAGGER_CYCLES=0 -DW0_LOOP_UNROLL=1 ... 2.666 ms / 1643 TFLOPS  (168 regs, 5.6s)
[444/540] -DINTERLEAVE_STRATEGY=1 -DK_LOOP_UNROLL=6 -DMBAR_EARLY=1 -DNUM_EPI_WARPS=5 -DPHASE1_UNROLL=1 -DSTAGGER_CYCLES=0 -DW0_LOOP_UNROLL=4 ... 2.695 ms / 1625 TFLOPS  (184 regs, 5.6s)
[445/540] -DINTERLEAVE_STRATEGY=1 -DK_LOOP_UNROLL=6 -DMBAR_EARLY=1 -DNUM_EPI_WARPS=5 -DPHASE1_UNROLL=1 -DSTAGGER_CYCLES=0 -DSUB_MMA_UNROLL=1 ... 2.711 ms / 1616 TFLOPS  (176 regs, 5.5s)
[446/540] -DINTERLEAVE_STRATEGY=1 -DK_LOOP_UNROLL=6 -DMBAR_EARLY=1 -DNUM_EPI_WARPS=5 -DPHASE1_UNROLL=1 -DSTAGGER_CYCLES=0 -DSUB_MMA_UNROLL=1 -DW0_LOOP_UNROLL=1 ... 2.732 ms / 1603 TFLOPS  (161 regs, 5.6s)
[447/540] -DINTERLEAVE_STRATEGY=1 -DK_LOOP_UNROLL=6 -DMBAR_EARLY=1 -DNUM_EPI_WARPS=5 -DPHASE1_UNROLL=1 -DSTAGGER_CYCLES=0 -DSUB_MMA_UNROLL=1 -DW0_LOOP_UNROLL=4 ... 2.710 ms / 1616 TFLOPS  (176 regs, 5.6s)
[448/540] -DINTERLEAVE_STRATEGY=1 -DK_LOOP_UNROLL=6 -DMBAR_EARLY=1 -DNUM_EPI_WARPS=5 -DPHASE1_UNROLL=1 -DSTAGGER_CYCLES=0 -DSUB_MMA_UNROLL=3 ... 2.680 ms / 1634 TFLOPS  (188 regs, 5.6s)
[449/540] -DINTERLEAVE_STRATEGY=1 -DK_LOOP_UNROLL=6 -DMBAR_EARLY=1 -DNUM_EPI_WARPS=5 -DPHASE1_UNROLL=1 -DSTAGGER_CYCLES=0 -DSUB_MMA_UNROLL=3 -DW0_LOOP_UNROLL=1 ... 2.664 ms / 1644 TFLOPS  (168 regs, 5.6s)
[450/540] -DINTERLEAVE_STRATEGY=1 -DK_LOOP_UNROLL=6 -DMBAR_EARLY=1 -DNUM_EPI_WARPS=5 -DPHASE1_UNROLL=1 -DSTAGGER_CYCLES=0 -DSUB_MMA_UNROLL=3 -DW0_LOOP_UNROLL=4 ... 2.694 ms / 1626 TFLOPS  (184 regs, 5.5s)
[451/540] -DINTERLEAVE_STRATEGY=1 -DK_LOOP_UNROLL=6 -DMBAR_EARLY=1 -DNUM_EPI_WARPS=5 -DSNAKE_ORDER=0 -DSTAGGER_CYCLES=0 ... 2.731 ms / 1604 TFLOPS  (223 regs, 5.8s)
[452/540] -DINTERLEAVE_STRATEGY=1 -DK_LOOP_UNROLL=6 -DMBAR_EARLY=1 -DNUM_EPI_WARPS=5 -DSNAKE_ORDER=0 -DSTAGGER_CYCLES=0 -DW0_LOOP_UNROLL=1 ... 2.626 ms / 1668 TFLOPS  (210 regs, 5.9s)
[453/540] -DINTERLEAVE_STRATEGY=1 -DK_LOOP_UNROLL=6 -DMBAR_EARLY=1 -DNUM_EPI_WARPS=5 -DSNAKE_ORDER=0 -DSTAGGER_CYCLES=0 -DW0_LOOP_UNROLL=4 ... 2.715 ms / 1613 TFLOPS  (223 regs, 5.8s)
[454/540] -DINTERLEAVE_STRATEGY=1 -DK_LOOP_UNROLL=6 -DMBAR_EARLY=1 -DNUM_EPI_WARPS=5 -DSNAKE_ORDER=0 -DSTAGGER_CYCLES=0 -DSUB_MMA_UNROLL=1 ... 2.641 ms / 1658 TFLOPS  (214 regs, 5.8s)
[455/540] -DINTERLEAVE_STRATEGY=1 -DK_LOOP_UNROLL=6 -DMBAR_EARLY=1 -DNUM_EPI_WARPS=5 -DSNAKE_ORDER=0 -DSTAGGER_CYCLES=0 -DSUB_MMA_UNROLL=1 -DW0_LOOP_UNROLL=1 ... 2.604 ms / 1682 TFLOPS  (203 regs, 5.8s)
[456/540] -DINTERLEAVE_STRATEGY=1 -DK_LOOP_UNROLL=6 -DMBAR_EARLY=1 -DNUM_EPI_WARPS=5 -DSNAKE_ORDER=0 -DSTAGGER_CYCLES=0 -DSUB_MMA_UNROLL=1 -DW0_LOOP_UNROLL=4 ... 2.626 ms / 1668 TFLOPS  (214 regs, 5.8s)
[457/540] -DINTERLEAVE_STRATEGY=1 -DK_LOOP_UNROLL=6 -DMBAR_EARLY=1 -DNUM_EPI_WARPS=5 -DSNAKE_ORDER=0 -DSTAGGER_CYCLES=0 -DSUB_MMA_UNROLL=3 ... 2.730 ms / 1605 TFLOPS  (223 regs, 5.7s)
[458/540] -DINTERLEAVE_STRATEGY=1 -DK_LOOP_UNROLL=6 -DMBAR_EARLY=1 -DNUM_EPI_WARPS=5 -DSNAKE_ORDER=0 -DSTAGGER_CYCLES=0 -DSUB_MMA_UNROLL=3 -DW0_LOOP_UNROLL=1 ... 2.626 ms / 1668 TFLOPS  (210 regs, 5.7s)
[459/540] -DINTERLEAVE_STRATEGY=1 -DK_LOOP_UNROLL=6 -DMBAR_EARLY=1 -DNUM_EPI_WARPS=5 -DSNAKE_ORDER=0 -DSTAGGER_CYCLES=0 -DSUB_MMA_UNROLL=3 -DW0_LOOP_UNROLL=4 ... 2.715 ms / 1613 TFLOPS  (223 regs, 5.8s)
[460/540] -DINTERLEAVE_STRATEGY=1 -DK_LOOP_UNROLL=6 -DMBAR_EARLY=1 -DNUM_EPI_WARPS=5 -DSTAGGER_CYCLES=0 ... 2.743 ms / 1597 TFLOPS  (223 regs, 5.7s)
[461/540] -DINTERLEAVE_STRATEGY=1 -DK_LOOP_UNROLL=6 -DMBAR_EARLY=1 -DNUM_EPI_WARPS=5 -DSTAGGER_CYCLES=0 -DW0_LOOP_UNROLL=1 ... 2.616 ms / 1674 TFLOPS  (210 regs, 5.8s)
[462/540] -DINTERLEAVE_STRATEGY=1 -DK_LOOP_UNROLL=6 -DMBAR_EARLY=1 -DNUM_EPI_WARPS=5 -DSTAGGER_CYCLES=0 -DW0_LOOP_UNROLL=4 ... 2.707 ms / 1618 TFLOPS  (223 regs, 5.7s)
[463/540] -DINTERLEAVE_STRATEGY=1 -DK_LOOP_UNROLL=6 -DMBAR_EARLY=1 -DNUM_EPI_WARPS=5 -DSTAGGER_CYCLES=0 -DSUB_MMA_UNROLL=1 ... 2.642 ms / 1658 TFLOPS  (214 regs, 5.8s)
[464/540] -DINTERLEAVE_STRATEGY=1 -DK_LOOP_UNROLL=6 -DMBAR_EARLY=1 -DNUM_EPI_WARPS=5 -DSTAGGER_CYCLES=0 -DSUB_MMA_UNROLL=1 -DW0_LOOP_UNROLL=1 ... 2.588 ms / 1692 TFLOPS  (203 regs, 5.7s)
[465/540] -DINTERLEAVE_STRATEGY=1 -DK_LOOP_UNROLL=6 -DMBAR_EARLY=1 -DNUM_EPI_WARPS=5 -DSTAGGER_CYCLES=0 -DSUB_MMA_UNROLL=1 -DW0_LOOP_UNROLL=4 ... 2.629 ms / 1666 TFLOPS  (214 regs, 5.8s)
[466/540] -DINTERLEAVE_STRATEGY=1 -DK_LOOP_UNROLL=6 -DMBAR_EARLY=1 -DNUM_EPI_WARPS=5 -DSTAGGER_CYCLES=0 -DSUB_MMA_UNROLL=3 ... 2.744 ms / 1596 TFLOPS  (223 regs, 5.9s)
[467/540] -DINTERLEAVE_STRATEGY=1 -DK_LOOP_UNROLL=6 -DMBAR_EARLY=1 -DNUM_EPI_WARPS=5 -DSTAGGER_CYCLES=0 -DSUB_MMA_UNROLL=3 -DW0_LOOP_UNROLL=1 ... 2.616 ms / 1674 TFLOPS  (210 regs, 5.7s)
[468/540] -DINTERLEAVE_STRATEGY=1 -DK_LOOP_UNROLL=6 -DMBAR_EARLY=1 -DNUM_EPI_WARPS=5 -DSTAGGER_CYCLES=0 -DSUB_MMA_UNROLL=3 -DW0_LOOP_UNROLL=4 ... 2.706 ms / 1619 TFLOPS  (223 regs, 5.7s)
[469/540] -DINTERLEAVE_STRATEGY=1 -DK_LOOP_UNROLL=6 -DMBAR_EARLY=1 -DNUM_EPI_WARPS=5 -DPHASE1_UNROLL=4 -DSNAKE_ORDER=0 -DSTAGGER_CYCLES=0 ... 4.195 ms / 1044 TFLOPS  (227 regs, 6.1s)
[470/540] -DINTERLEAVE_STRATEGY=1 -DK_LOOP_UNROLL=6 -DMBAR_EARLY=1 -DNUM_EPI_WARPS=5 -DPHASE1_UNROLL=4 -DSNAKE_ORDER=0 -DSTAGGER_CYCLES=0 -DW0_LOOP_UNROLL=1 ... 4.072 ms / 1076 TFLOPS  (212 regs, 6.1s)
[471/540] -DINTERLEAVE_STRATEGY=1 -DK_LOOP_UNROLL=6 -DMBAR_EARLY=1 -DNUM_EPI_WARPS=5 -DPHASE1_UNROLL=4 -DSNAKE_ORDER=0 -DSTAGGER_CYCLES=0 -DW0_LOOP_UNROLL=4 ... 4.164 ms / 1052 TFLOPS  (227 regs, 6.0s)
[472/540] -DINTERLEAVE_STRATEGY=1 -DK_LOOP_UNROLL=6 -DMBAR_EARLY=1 -DNUM_EPI_WARPS=5 -DPHASE1_UNROLL=4 -DSNAKE_ORDER=0 -DSTAGGER_CYCLES=0 -DSUB_MMA_UNROLL=1 ... 4.020 ms / 1090 TFLOPS  (220 regs, 6.1s)
[473/540] -DINTERLEAVE_STRATEGY=1 -DK_LOOP_UNROLL=6 -DMBAR_EARLY=1 -DNUM_EPI_WARPS=5 -DPHASE1_UNROLL=4 -DSNAKE_ORDER=0 -DSTAGGER_CYCLES=0 -DSUB_MMA_UNROLL=1 -DW0_LOOP_UNROLL=1 ... 3.854 ms / 1136 TFLOPS  (204 regs, 6.1s)
[474/540] -DINTERLEAVE_STRATEGY=1 -DK_LOOP_UNROLL=6 -DMBAR_EARLY=1 -DNUM_EPI_WARPS=5 -DPHASE1_UNROLL=4 -DSNAKE_ORDER=0 -DSTAGGER_CYCLES=0 -DSUB_MMA_UNROLL=1 -DW0_LOOP_UNROLL=4 ... 3.993 ms / 1097 TFLOPS  (220 regs, 6.1s)
[475/540] -DINTERLEAVE_STRATEGY=1 -DK_LOOP_UNROLL=6 -DMBAR_EARLY=1 -DNUM_EPI_WARPS=5 -DPHASE1_UNROLL=4 -DSNAKE_ORDER=0 -DSTAGGER_CYCLES=0 -DSUB_MMA_UNROLL=3 ... 4.194 ms / 1044 TFLOPS  (227 regs, 6.1s)
[476/540] -DINTERLEAVE_STRATEGY=1 -DK_LOOP_UNROLL=6 -DMBAR_EARLY=1 -DNUM_EPI_WARPS=5 -DPHASE1_UNROLL=4 -DSNAKE_ORDER=0 -DSTAGGER_CYCLES=0 -DSUB_MMA_UNROLL=3 -DW0_LOOP_UNROLL=1 ... 4.073 ms / 1075 TFLOPS  (212 regs, 6.3s)
[477/540] -DINTERLEAVE_STRATEGY=1 -DK_LOOP_UNROLL=6 -DMBAR_EARLY=1 -DNUM_EPI_WARPS=5 -DPHASE1_UNROLL=4 -DSNAKE_ORDER=0 -DSTAGGER_CYCLES=0 -DSUB_MMA_UNROLL=3 -DW0_LOOP_UNROLL=4 ... 4.167 ms / 1051 TFLOPS  (227 regs, 6.2s)
[478/540] -DINTERLEAVE_STRATEGY=1 -DK_LOOP_UNROLL=6 -DMBAR_EARLY=1 -DNUM_EPI_WARPS=5 -DPHASE1_UNROLL=4 -DSTAGGER_CYCLES=0 ... 4.246 ms / 1032 TFLOPS  (227 regs, 6.1s)
[479/540] -DINTERLEAVE_STRATEGY=1 -DK_LOOP_UNROLL=6 -DMBAR_EARLY=1 -DNUM_EPI_WARPS=5 -DPHASE1_UNROLL=4 -DSTAGGER_CYCLES=0 -DW0_LOOP_UNROLL=1 ... 4.065 ms / 1077 TFLOPS  (212 regs, 6.1s)
[480/540] -DINTERLEAVE_STRATEGY=1 -DK_LOOP_UNROLL=6 -DMBAR_EARLY=1 -DNUM_EPI_WARPS=5 -DPHASE1_UNROLL=4 -DSTAGGER_CYCLES=0 -DW0_LOOP_UNROLL=4 ... 4.182 ms / 1047 TFLOPS  (227 regs, 6.1s)
[481/540] -DINTERLEAVE_STRATEGY=1 -DK_LOOP_UNROLL=6 -DMBAR_EARLY=1 -DNUM_EPI_WARPS=5 -DPHASE1_UNROLL=4 -DSTAGGER_CYCLES=0 -DSUB_MMA_UNROLL=1 ... 4.043 ms / 1083 TFLOPS  (220 regs, 6.0s)
[482/540] -DINTERLEAVE_STRATEGY=1 -DK_LOOP_UNROLL=6 -DMBAR_EARLY=1 -DNUM_EPI_WARPS=5 -DPHASE1_UNROLL=4 -DSTAGGER_CYCLES=0 -DSUB_MMA_UNROLL=1 -DW0_LOOP_UNROLL=1 ... 3.863 ms / 1134 TFLOPS  (204 regs, 6.1s)
[483/540] -DINTERLEAVE_STRATEGY=1 -DK_LOOP_UNROLL=6 -DMBAR_EARLY=1 -DNUM_EPI_WARPS=5 -DPHASE1_UNROLL=4 -DSTAGGER_CYCLES=0 -DSUB_MMA_UNROLL=1 -DW0_LOOP_UNROLL=4 ... 4.009 ms / 1092 TFLOPS  (220 regs, 6.1s)
[484/540] -DINTERLEAVE_STRATEGY=1 -DK_LOOP_UNROLL=6 -DMBAR_EARLY=1 -DNUM_EPI_WARPS=5 -DPHASE1_UNROLL=4 -DSTAGGER_CYCLES=0 -DSUB_MMA_UNROLL=3 ... 4.246 ms / 1032 TFLOPS  (227 regs, 6.1s)
[485/540] -DINTERLEAVE_STRATEGY=1 -DK_LOOP_UNROLL=6 -DMBAR_EARLY=1 -DNUM_EPI_WARPS=5 -DPHASE1_UNROLL=4 -DSTAGGER_CYCLES=0 -DSUB_MMA_UNROLL=3 -DW0_LOOP_UNROLL=1 ... 4.069 ms / 1076 TFLOPS  (212 regs, 6.1s)
[486/540] -DINTERLEAVE_STRATEGY=1 -DK_LOOP_UNROLL=6 -DMBAR_EARLY=1 -DNUM_EPI_WARPS=5 -DPHASE1_UNROLL=4 -DSTAGGER_CYCLES=0 -DSUB_MMA_UNROLL=3 -DW0_LOOP_UNROLL=4 ... 4.184 ms / 1047 TFLOPS  (227 regs, 6.0s)
[487/540] -DINTERLEAVE_STRATEGY=1 -DK_LOOP_UNROLL=8 -DMBAR_EARLY=1 -DNUM_EPI_WARPS=5 -DPHASE1_UNROLL=1 -DSNAKE_ORDER=0 -DSTAGGER_CYCLES=0 ... 2.694 ms / 1626 TFLOPS  (224 regs, 5.5s)
[488/540] -DINTERLEAVE_STRATEGY=1 -DK_LOOP_UNROLL=8 -DMBAR_EARLY=1 -DNUM_EPI_WARPS=5 -DPHASE1_UNROLL=1 -DSNAKE_ORDER=0 -DSTAGGER_CYCLES=0 -DW0_LOOP_UNROLL=1 ... 2.744 ms / 1596 TFLOPS  (206 regs, 5.6s)
[489/540] -DINTERLEAVE_STRATEGY=1 -DK_LOOP_UNROLL=8 -DMBAR_EARLY=1 -DNUM_EPI_WARPS=5 -DPHASE1_UNROLL=1 -DSNAKE_ORDER=0 -DSTAGGER_CYCLES=0 -DW0_LOOP_UNROLL=4 ... 2.721 ms / 1610 TFLOPS  (220 regs, 5.6s)
[490/540] -DINTERLEAVE_STRATEGY=1 -DK_LOOP_UNROLL=8 -DMBAR_EARLY=1 -DNUM_EPI_WARPS=5 -DPHASE1_UNROLL=1 -DSNAKE_ORDER=0 -DSTAGGER_CYCLES=0 -DSUB_MMA_UNROLL=1 ... 2.716 ms / 1613 TFLOPS  (176 regs, 5.6s)
[491/540] -DINTERLEAVE_STRATEGY=1 -DK_LOOP_UNROLL=8 -DMBAR_EARLY=1 -DNUM_EPI_WARPS=5 -DPHASE1_UNROLL=1 -DSNAKE_ORDER=0 -DSTAGGER_CYCLES=0 -DSUB_MMA_UNROLL=1 -DW0_LOOP_UNROLL=1 ... 2.734 ms / 1602 TFLOPS  (161 regs, 5.5s)
[492/540] -DINTERLEAVE_STRATEGY=1 -DK_LOOP_UNROLL=8 -DMBAR_EARLY=1 -DNUM_EPI_WARPS=5 -DPHASE1_UNROLL=1 -DSNAKE_ORDER=0 -DSTAGGER_CYCLES=0 -DSUB_MMA_UNROLL=1 -DW0_LOOP_UNROLL=4 ... 2.713 ms / 1614 TFLOPS  (176 regs, 5.6s)
[493/540] -DINTERLEAVE_STRATEGY=1 -DK_LOOP_UNROLL=8 -DMBAR_EARLY=1 -DNUM_EPI_WARPS=5 -DPHASE1_UNROLL=1 -DSNAKE_ORDER=0 -DSTAGGER_CYCLES=0 -DSUB_MMA_UNROLL=3 ... 2.697 ms / 1624 TFLOPS  (224 regs, 5.6s)
[494/540] -DINTERLEAVE_STRATEGY=1 -DK_LOOP_UNROLL=8 -DMBAR_EARLY=1 -DNUM_EPI_WARPS=5 -DPHASE1_UNROLL=1 -DSNAKE_ORDER=0 -DSTAGGER_CYCLES=0 -DSUB_MMA_UNROLL=3 -DW0_LOOP_UNROLL=1 ... 2.744 ms / 1596 TFLOPS  (206 regs, 5.6s)
[495/540] -DINTERLEAVE_STRATEGY=1 -DK_LOOP_UNROLL=8 -DMBAR_EARLY=1 -DNUM_EPI_WARPS=5 -DPHASE1_UNROLL=1 -DSNAKE_ORDER=0 -DSTAGGER_CYCLES=0 -DSUB_MMA_UNROLL=3 -DW0_LOOP_UNROLL=4 ... 2.720 ms / 1610 TFLOPS  (220 regs, 5.6s)
[496/540] -DINTERLEAVE_STRATEGY=1 -DK_LOOP_UNROLL=8 -DMBAR_EARLY=1 -DNUM_EPI_WARPS=5 -DPHASE1_UNROLL=1 -DSTAGGER_CYCLES=0 ... 2.698 ms / 1624 TFLOPS  (224 regs, 5.6s)
[497/540] -DINTERLEAVE_STRATEGY=1 -DK_LOOP_UNROLL=8 -DMBAR_EARLY=1 -DNUM_EPI_WARPS=5 -DPHASE1_UNROLL=1 -DSTAGGER_CYCLES=0 -DW0_LOOP_UNROLL=1 ... 2.739 ms / 1599 TFLOPS  (206 regs, 5.6s)
[498/540] -DINTERLEAVE_STRATEGY=1 -DK_LOOP_UNROLL=8 -DMBAR_EARLY=1 -DNUM_EPI_WARPS=5 -DPHASE1_UNROLL=1 -DSTAGGER_CYCLES=0 -DW0_LOOP_UNROLL=4 ... 2.673 ms / 1639 TFLOPS  (220 regs, 5.6s)
[499/540] -DINTERLEAVE_STRATEGY=1 -DK_LOOP_UNROLL=8 -DMBAR_EARLY=1 -DNUM_EPI_WARPS=5 -DPHASE1_UNROLL=1 -DSTAGGER_CYCLES=0 -DSUB_MMA_UNROLL=1 ... 2.712 ms / 1615 TFLOPS  (176 regs, 5.7s)
[500/540] -DINTERLEAVE_STRATEGY=1 -DK_LOOP_UNROLL=8 -DMBAR_EARLY=1 -DNUM_EPI_WARPS=5 -DPHASE1_UNROLL=1 -DSTAGGER_CYCLES=0 -DSUB_MMA_UNROLL=1 -DW0_LOOP_UNROLL=1 ... 2.733 ms / 1603 TFLOPS  (161 regs, 5.6s)
[501/540] -DINTERLEAVE_STRATEGY=1 -DK_LOOP_UNROLL=8 -DMBAR_EARLY=1 -DNUM_EPI_WARPS=5 -DPHASE1_UNROLL=1 -DSTAGGER_CYCLES=0 -DSUB_MMA_UNROLL=1 -DW0_LOOP_UNROLL=4 ... 2.711 ms / 1616 TFLOPS  (176 regs, 5.6s)
[502/540] -DINTERLEAVE_STRATEGY=1 -DK_LOOP_UNROLL=8 -DMBAR_EARLY=1 -DNUM_EPI_WARPS=5 -DPHASE1_UNROLL=1 -DSTAGGER_CYCLES=0 -DSUB_MMA_UNROLL=3 ... 2.698 ms / 1624 TFLOPS  (224 regs, 5.6s)
[503/540] -DINTERLEAVE_STRATEGY=1 -DK_LOOP_UNROLL=8 -DMBAR_EARLY=1 -DNUM_EPI_WARPS=5 -DPHASE1_UNROLL=1 -DSTAGGER_CYCLES=0 -DSUB_MMA_UNROLL=3 -DW0_LOOP_UNROLL=1 ... 2.739 ms / 1599 TFLOPS  (206 regs, 5.7s)
[504/540] -DINTERLEAVE_STRATEGY=1 -DK_LOOP_UNROLL=8 -DMBAR_EARLY=1 -DNUM_EPI_WARPS=5 -DPHASE1_UNROLL=1 -DSTAGGER_CYCLES=0 -DSUB_MMA_UNROLL=3 -DW0_LOOP_UNROLL=4 ... 2.673 ms / 1639 TFLOPS  (220 regs, 5.6s)
[505/540] -DINTERLEAVE_STRATEGY=1 -DK_LOOP_UNROLL=8 -DMBAR_EARLY=1 -DNUM_EPI_WARPS=5 -DSNAKE_ORDER=0 -DSTAGGER_CYCLES=0 ... 2.618 ms / 1673 TFLOPS  (244 regs, 5.7s)
[506/540] -DINTERLEAVE_STRATEGY=1 -DK_LOOP_UNROLL=8 -DMBAR_EARLY=1 -DNUM_EPI_WARPS=5 -DSNAKE_ORDER=0 -DSTAGGER_CYCLES=0 -DW0_LOOP_UNROLL=1 ... 2.607 ms / 1680 TFLOPS  (241 regs, 5.8s)
[507/540] -DINTERLEAVE_STRATEGY=1 -DK_LOOP_UNROLL=8 -DMBAR_EARLY=1 -DNUM_EPI_WARPS=5 -DSNAKE_ORDER=0 -DSTAGGER_CYCLES=0 -DW0_LOOP_UNROLL=4 ... 2.592 ms / 1690 TFLOPS  (244 regs, 5.8s)
[508/540] -DINTERLEAVE_STRATEGY=1 -DK_LOOP_UNROLL=8 -DMBAR_EARLY=1 -DNUM_EPI_WARPS=5 -DSNAKE_ORDER=0 -DSTAGGER_CYCLES=0 -DSUB_MMA_UNROLL=1 ... 2.641 ms / 1658 TFLOPS  (214 regs, 5.8s)
[509/540] -DINTERLEAVE_STRATEGY=1 -DK_LOOP_UNROLL=8 -DMBAR_EARLY=1 -DNUM_EPI_WARPS=5 -DSNAKE_ORDER=0 -DSTAGGER_CYCLES=0 -DSUB_MMA_UNROLL=1 -DW0_LOOP_UNROLL=1 ... 2.604 ms / 1682 TFLOPS  (203 regs, 5.7s)
[510/540] -DINTERLEAVE_STRATEGY=1 -DK_LOOP_UNROLL=8 -DMBAR_EARLY=1 -DNUM_EPI_WARPS=5 -DSNAKE_ORDER=0 -DSTAGGER_CYCLES=0 -DSUB_MMA_UNROLL=1 -DW0_LOOP_UNROLL=4 ... 2.625 ms / 1668 TFLOPS  (214 regs, 5.8s)
[511/540] -DINTERLEAVE_STRATEGY=1 -DK_LOOP_UNROLL=8 -DMBAR_EARLY=1 -DNUM_EPI_WARPS=5 -DSNAKE_ORDER=0 -DSTAGGER_CYCLES=0 -DSUB_MMA_UNROLL=3 ... 2.620 ms / 1672 TFLOPS  (244 regs, 5.8s)
[512/540] -DINTERLEAVE_STRATEGY=1 -DK_LOOP_UNROLL=8 -DMBAR_EARLY=1 -DNUM_EPI_WARPS=5 -DSNAKE_ORDER=0 -DSTAGGER_CYCLES=0 -DSUB_MMA_UNROLL=3 -DW0_LOOP_UNROLL=1 ... 2.607 ms / 1680 TFLOPS  (241 regs, 5.7s)
[513/540] -DINTERLEAVE_STRATEGY=1 -DK_LOOP_UNROLL=8 -DMBAR_EARLY=1 -DNUM_EPI_WARPS=5 -DSNAKE_ORDER=0 -DSTAGGER_CYCLES=0 -DSUB_MMA_UNROLL=3 -DW0_LOOP_UNROLL=4 ... 2.593 ms / 1690 TFLOPS  (244 regs, 5.7s)
[514/540] -DINTERLEAVE_STRATEGY=1 -DK_LOOP_UNROLL=8 -DMBAR_EARLY=1 -DNUM_EPI_WARPS=5 -DSTAGGER_CYCLES=0 ... 2.627 ms / 1667 TFLOPS  (244 regs, 5.8s)
[515/540] -DINTERLEAVE_STRATEGY=1 -DK_LOOP_UNROLL=8 -DMBAR_EARLY=1 -DNUM_EPI_WARPS=5 -DSTAGGER_CYCLES=0 -DW0_LOOP_UNROLL=1 ... 2.614 ms / 1676 TFLOPS  (241 regs, 5.8s)
[516/540] -DINTERLEAVE_STRATEGY=1 -DK_LOOP_UNROLL=8 -DMBAR_EARLY=1 -DNUM_EPI_WARPS=5 -DSTAGGER_CYCLES=0 -DW0_LOOP_UNROLL=4 ... 2.593 ms / 1689 TFLOPS  (244 regs, 5.8s)
[517/540] -DINTERLEAVE_STRATEGY=1 -DK_LOOP_UNROLL=8 -DMBAR_EARLY=1 -DNUM_EPI_WARPS=5 -DSTAGGER_CYCLES=0 -DSUB_MMA_UNROLL=1 ... 2.642 ms / 1658 TFLOPS  (214 regs, 5.8s)
[518/540] -DINTERLEAVE_STRATEGY=1 -DK_LOOP_UNROLL=8 -DMBAR_EARLY=1 -DNUM_EPI_WARPS=5 -DSTAGGER_CYCLES=0 -DSUB_MMA_UNROLL=1 -DW0_LOOP_UNROLL=1 ... 2.588 ms / 1692 TFLOPS  (203 regs, 5.8s)
[519/540] -DINTERLEAVE_STRATEGY=1 -DK_LOOP_UNROLL=8 -DMBAR_EARLY=1 -DNUM_EPI_WARPS=5 -DSTAGGER_CYCLES=0 -DSUB_MMA_UNROLL=1 -DW0_LOOP_UNROLL=4 ... 2.628 ms / 1667 TFLOPS  (214 regs, 5.8s)
[520/540] -DINTERLEAVE_STRATEGY=1 -DK_LOOP_UNROLL=8 -DMBAR_EARLY=1 -DNUM_EPI_WARPS=5 -DSTAGGER_CYCLES=0 -DSUB_MMA_UNROLL=3 ... 2.626 ms / 1668 TFLOPS  (244 regs, 5.7s)
[521/540] -DINTERLEAVE_STRATEGY=1 -DK_LOOP_UNROLL=8 -DMBAR_EARLY=1 -DNUM_EPI_WARPS=5 -DSTAGGER_CYCLES=0 -DSUB_MMA_UNROLL=3 -DW0_LOOP_UNROLL=1 ... 2.615 ms / 1675 TFLOPS  (241 regs, 5.7s)
[522/540] -DINTERLEAVE_STRATEGY=1 -DK_LOOP_UNROLL=8 -DMBAR_EARLY=1 -DNUM_EPI_WARPS=5 -DSTAGGER_CYCLES=0 -DSUB_MMA_UNROLL=3 -DW0_LOOP_UNROLL=4 ... 2.595 ms / 1688 TFLOPS  (244 regs, 5.7s)
[523/540] -DINTERLEAVE_STRATEGY=1 -DK_LOOP_UNROLL=8 -DMBAR_EARLY=1 -DNUM_EPI_WARPS=5 -DPHASE1_UNROLL=4 -DSNAKE_ORDER=0 -DSTAGGER_CYCLES=0 ... 4.190 ms / 1045 TFLOPS  (245 regs, 6.1s)
[524/540] -DINTERLEAVE_STRATEGY=1 -DK_LOOP_UNROLL=8 -DMBAR_EARLY=1 -DNUM_EPI_WARPS=5 -DPHASE1_UNROLL=4 -DSNAKE_ORDER=0 -DSTAGGER_CYCLES=0 -DW0_LOOP_UNROLL=1 ... 4.069 ms / 1076 TFLOPS  (241 regs, 6.0s)
[525/540] -DINTERLEAVE_STRATEGY=1 -DK_LOOP_UNROLL=8 -DMBAR_EARLY=1 -DNUM_EPI_WARPS=5 -DPHASE1_UNROLL=4 -DSNAKE_ORDER=0 -DSTAGGER_CYCLES=0 -DW0_LOOP_UNROLL=4 ... 4.145 ms / 1057 TFLOPS  (245 regs, 6.1s)
[526/540] -DINTERLEAVE_STRATEGY=1 -DK_LOOP_UNROLL=8 -DMBAR_EARLY=1 -DNUM_EPI_WARPS=5 -DPHASE1_UNROLL=4 -DSNAKE_ORDER=0 -DSTAGGER_CYCLES=0 -DSUB_MMA_UNROLL=1 ... 4.018 ms / 1090 TFLOPS  (220 regs, 6.1s)
[527/540] -DINTERLEAVE_STRATEGY=1 -DK_LOOP_UNROLL=8 -DMBAR_EARLY=1 -DNUM_EPI_WARPS=5 -DPHASE1_UNROLL=4 -DSNAKE_ORDER=0 -DSTAGGER_CYCLES=0 -DSUB_MMA_UNROLL=1 -DW0_LOOP_UNROLL=1 ... 3.856 ms / 1136 TFLOPS  (204 regs, 6.0s)
[528/540] -DINTERLEAVE_STRATEGY=1 -DK_LOOP_UNROLL=8 -DMBAR_EARLY=1 -DNUM_EPI_WARPS=5 -DPHASE1_UNROLL=4 -DSNAKE_ORDER=0 -DSTAGGER_CYCLES=0 -DSUB_MMA_UNROLL=1 -DW0_LOOP_UNROLL=4 ... 3.992 ms / 1097 TFLOPS  (220 regs, 6.1s)
[529/540] -DINTERLEAVE_STRATEGY=1 -DK_LOOP_UNROLL=8 -DMBAR_EARLY=1 -DNUM_EPI_WARPS=5 -DPHASE1_UNROLL=4 -DSNAKE_ORDER=0 -DSTAGGER_CYCLES=0 -DSUB_MMA_UNROLL=3 ... 4.188 ms / 1046 TFLOPS  (245 regs, 6.0s)
[530/540] -DINTERLEAVE_STRATEGY=1 -DK_LOOP_UNROLL=8 -DMBAR_EARLY=1 -DNUM_EPI_WARPS=5 -DPHASE1_UNROLL=4 -DSNAKE_ORDER=0 -DSTAGGER_CYCLES=0 -DSUB_MMA_UNROLL=3 -DW0_LOOP_UNROLL=1 ... 4.071 ms / 1076 TFLOPS  (241 regs, 6.1s)
[531/540] -DINTERLEAVE_STRATEGY=1 -DK_LOOP_UNROLL=8 -DMBAR_EARLY=1 -DNUM_EPI_WARPS=5 -DPHASE1_UNROLL=4 -DSNAKE_ORDER=0 -DSTAGGER_CYCLES=0 -DSUB_MMA_UNROLL=3 -DW0_LOOP_UNROLL=4 ... 4.146 ms / 1057 TFLOPS  (245 regs, 6.1s)
[532/540] -DINTERLEAVE_STRATEGY=1 -DK_LOOP_UNROLL=8 -DMBAR_EARLY=1 -DNUM_EPI_WARPS=5 -DPHASE1_UNROLL=4 -DSTAGGER_CYCLES=0 ... 4.188 ms / 1046 TFLOPS  (245 regs, 6.3s)
[533/540] -DINTERLEAVE_STRATEGY=1 -DK_LOOP_UNROLL=8 -DMBAR_EARLY=1 -DNUM_EPI_WARPS=5 -DPHASE1_UNROLL=4 -DSTAGGER_CYCLES=0 -DW0_LOOP_UNROLL=1 ... 4.066 ms / 1077 TFLOPS  (241 regs, 6.2s)
[534/540] -DINTERLEAVE_STRATEGY=1 -DK_LOOP_UNROLL=8 -DMBAR_EARLY=1 -DNUM_EPI_WARPS=5 -DPHASE1_UNROLL=4 -DSTAGGER_CYCLES=0 -DW0_LOOP_UNROLL=4 ... 4.170 ms / 1050 TFLOPS  (245 regs, 6.2s)
[535/540] -DINTERLEAVE_STRATEGY=1 -DK_LOOP_UNROLL=8 -DMBAR_EARLY=1 -DNUM_EPI_WARPS=5 -DPHASE1_UNROLL=4 -DSTAGGER_CYCLES=0 -DSUB_MMA_UNROLL=1 ... 4.045 ms / 1083 TFLOPS  (220 regs, 6.2s)
[536/540] -DINTERLEAVE_STRATEGY=1 -DK_LOOP_UNROLL=8 -DMBAR_EARLY=1 -DNUM_EPI_WARPS=5 -DPHASE1_UNROLL=4 -DSTAGGER_CYCLES=0 -DSUB_MMA_UNROLL=1 -DW0_LOOP_UNROLL=1 ... 3.862 ms / 1134 TFLOPS  (204 regs, 6.1s)
[537/540] -DINTERLEAVE_STRATEGY=1 -DK_LOOP_UNROLL=8 -DMBAR_EARLY=1 -DNUM_EPI_WARPS=5 -DPHASE1_UNROLL=4 -DSTAGGER_CYCLES=0 -DSUB_MMA_UNROLL=1 -DW0_LOOP_UNROLL=4 ... 4.009 ms / 1093 TFLOPS  (220 regs, 6.2s)
[538/540] -DINTERLEAVE_STRATEGY=1 -DK_LOOP_UNROLL=8 -DMBAR_EARLY=1 -DNUM_EPI_WARPS=5 -DPHASE1_UNROLL=4 -DSTAGGER_CYCLES=0 -DSUB_MMA_UNROLL=3 ... 4.189 ms / 1045 TFLOPS  (245 regs, 6.3s)
[539/540] -DINTERLEAVE_STRATEGY=1 -DK_LOOP_UNROLL=8 -DMBAR_EARLY=1 -DNUM_EPI_WARPS=5 -DPHASE1_UNROLL=4 -DSTAGGER_CYCLES=0 -DSUB_MMA_UNROLL=3 -DW0_LOOP_UNROLL=1 ... 4.067 ms / 1077 TFLOPS  (241 regs, 6.1s)
[540/540] -DINTERLEAVE_STRATEGY=1 -DK_LOOP_UNROLL=8 -DMBAR_EARLY=1 -DNUM_EPI_WARPS=5 -DPHASE1_UNROLL=4 -DSTAGGER_CYCLES=0 -DSUB_MMA_UNROLL=3 -DW0_LOOP_UNROLL=4 ... 4.168 ms / 1051 TFLOPS  (245 regs, 6.1s)

Tier 3 winner: -DINTERLEAVE_STRATEGY=1 -DK_LOOP_UNROLL=1 -DMBAR_EARLY=1 -DNUM_EPI_WARPS=5 -DSTAGGER_CYCLES=0 -DSUB_MMA_UNROLL=1 -DW0_LOOP_UNROLL=1 → 2.485 ms / 1762 TFLOPS

=== Tier 4: PRELOAD_MODE, PREFETCH_BEFORE_STORE ===
Sweep: 6 total, 6 valid, 0 pruned
Estimated time: ~0 min (6 configs × ~5s each)

[1/6] -DINTERLEAVE_STRATEGY=1 -DK_LOOP_UNROLL=1 -DMBAR_EARLY=1 -DNUM_EPI_WARPS=5 -DPRELOAD_MODE=0 -DSTAGGER_CYCLES=0 -DSUB_MMA_UNROLL=1 -DW0_LOOP_UNROLL=1 ... 2.524 ms / 1735 TFLOPS  (186 regs, 5.8s)
[2/6] -DINTERLEAVE_STRATEGY=1 -DK_LOOP_UNROLL=1 -DMBAR_EARLY=1 -DNUM_EPI_WARPS=5 -DSTAGGER_CYCLES=0 -DSUB_MMA_UNROLL=1 -DW0_LOOP_UNROLL=1 ... 2.485 ms / 1762 TFLOPS  (188 regs, 5.7s)
[3/6] -DINTERLEAVE_STRATEGY=1 -DK_LOOP_UNROLL=1 -DMBAR_EARLY=1 -DNUM_EPI_WARPS=5 -DPRELOAD_MODE=2 -DSTAGGER_CYCLES=0 -DSUB_MMA_UNROLL=1 -DW0_LOOP_UNROLL=1 ... 2.486 ms / 1762 TFLOPS  (188 regs, 5.8s)
[4/6] -DINTERLEAVE_STRATEGY=1 -DK_LOOP_UNROLL=1 -DMBAR_EARLY=1 -DNUM_EPI_WARPS=5 -DPREFETCH_BEFORE_STORE=1 -DPRELOAD_MODE=0 -DSTAGGER_CYCLES=0 -DSUB_MMA_UNROLL=1 -DW0_LOOP_UNROLL=1 ... 2.516 ms / 1741 TFLOPS  (186 regs, 5.7s)
[5/6] -DINTERLEAVE_STRATEGY=1 -DK_LOOP_UNROLL=1 -DMBAR_EARLY=1 -DNUM_EPI_WARPS=5 -DPREFETCH_BEFORE_STORE=1 -DSTAGGER_CYCLES=0 -DSUB_MMA_UNROLL=1 -DW0_LOOP_UNROLL=1 ... 2.473 ms / 1771 TFLOPS  (188 regs, 5.8s)
[6/6] -DINTERLEAVE_STRATEGY=1 -DK_LOOP_UNROLL=1 -DMBAR_EARLY=1 -DNUM_EPI_WARPS=5 -DPREFETCH_BEFORE_STORE=1 -DPRELOAD_MODE=2 -DSTAGGER_CYCLES=0 -DSUB_MMA_UNROLL=1 -DW0_LOOP_UNROLL=1 ... 2.472 ms / 1772 TFLOPS  (188 regs, 5.7s)

Tier 4 winner: -DINTERLEAVE_STRATEGY=1 -DK_LOOP_UNROLL=1 -DMBAR_EARLY=1 -DNUM_EPI_WARPS=5 -DPREFETCH_BEFORE_STORE=1 -DPRELOAD_MODE=2 -DSTAGGER_CYCLES=0 -DSUB_MMA_UNROLL=1 -DW0_LOOP_UNROLL=1 → 2.472 ms / 1772 TFLOPS

@@GRID_WINNER -DINTERLEAVE_STRATEGY=1 -DK_LOOP_UNROLL=1 -DMBAR_EARLY=1 -DNUM_EPI_WARPS=5 -DPREFETCH_BEFORE_STORE=1 -DPRELOAD_MODE=2 -DSTAGGER_CYCLES=0 -DSUB_MMA_UNROLL=1 -DW0_LOOP_UNROLL=1

================================================================================
RESULTS (sorted by ms)
================================================================================
  #  STG  EPI  INTER  MBAR  TMEM  STAG  PH1U  SNAKE  FUSE  KLU  W0U  SMU  PRLD  PFBS  REGS     SMEM       MS   TFLOPS  STATUS
-----------------------------------------------------------------------------------------------------------------------------
  1    4    5      1     1    32     0     2      1     1    1    1    1     2     1   188   208.1K    2.472     1772  BEST
  2    4    5      1     1    32     0     2      1     1    1    1    1     1     1   188   208.1K    2.473     1771  OK
  3    4    5      1     1    32     0     2      1     1    1    1    1     1     0   188   208.1K    2.485     1762  OK
  4    4    5      1     1    32     0     2      1     1    1    1    1     1     0   188   208.1K    2.485     1762  OK
  5    4    5      1     1    32     0     2      1     0    1    1    1     1     0   188   208.1K    2.486     1762  OK
  6    4    5      1     1    32     0     2      1     1    1    1    1     2     0   188   208.1K    2.486     1762  OK
  7    4    5      1     1    32     0     2      0     0    1    1    1     1     0   188   208.1K    2.495     1755  OK
  8    4    5      1     1    32     0     2      1     0    2    1    1     1     0   187   208.1K    2.496     1755  OK
  9    4    5      1     1    32     0     2      0     1    1    1    1     1     0   188   208.1K    2.496     1755  OK
 10    4    5      1     1    32     0     2      1     1    2    1    1     1     0   187   208.1K    2.496     1755  OK
 11    4    5      1     1    32     0     2      1     0    1    4    0     1     0   213   208.1K    2.499     1753  OK
 12    4    5      1     1    32     0     2      1     1    1    4    0     1     0   213   208.1K    2.499     1753  OK
 13    4    5      1     1    32     0     2      1     0    1    4    3     1     0   213   208.1K    2.500     1752  OK
 14    4    5      1     1    32     0     2      0     0    2    1    1     1     0   187   208.1K    2.500     1752  OK
 15    4    5      1     1    32     0     2      0     1    2    1    1     1     0   187   208.1K    2.500     1752  OK
 16    4    5      1     1    32     0     2      1     1    1    4    3     1     0   213   208.1K    2.501     1752  OK
 17    4    5      1     1    32     0     2      0     1    1    4    0     1     0   213   208.1K    2.503     1750  OK
 18    4    5      1     1    32     0     2      0     1    1    4    3     1     0   213   208.1K    2.503     1750  OK
 19    4    5      1     1    32     0     2      0     0    1    4    0     1     0   213   208.1K    2.505     1748  OK
 20    4    5      1     1    32     0     2      0     0    1    4    3     1     0   213   208.1K    2.505     1749  OK
 21    4    5      1     1    32     0     2      0     1    1    0    0     1     0   213   208.1K    2.505     1748  OK
 22    4    5      1     1    32     0     2      0     1    1    0    3     1     0   213   208.1K    2.507     1747  OK
 23    4    5      1     1    32     0     2      0     0    1    0    3     1     0   213   208.1K    2.508     1747  OK
 24    4    5      1     1    32     0     2      0     0    1    0    0     1     0   213   208.1K    2.509     1746  OK
 25    4    5      1     1    32     0     2      1     1    1    0    0     1     0   213   208.1K    2.509     1746  OK
 26    4    5      1     1    32     0     2      1     0    1    0    0     1     0   213   208.1K    2.510     1745  OK
 27    4    5      1     1    32     0     2      1     0    1    0    3     1     0   213   208.1K    2.511     1745  OK
 28    4    5      1     1    32     0     2      1     1    1    0    3     1     0   213   208.1K    2.511     1745  OK
 29    4    5      1     1    32     0     2      1     1    1    1    1     0     1   186   208.1K    2.516     1741  OK
 30    4    5      1     1    32     0     2      0     0    1    1    3     1     0   195   208.1K    2.524     1735  OK
 31    4    5      1     1    32     0     2      1     1    1    1    1     0     0   186   208.1K    2.524     1735  OK
 32    4    5      1     1    32     0     2      0     0    1    1    0     1     0   195   208.1K    2.525     1735  OK
 33    4    5      1     1    32     0     2      0     1    1    1    0     1     0   195   208.1K    2.526     1734  OK
 34    4    5      1     1    32     0     2      0     1    1    1    3     1     0   195   208.1K    2.526     1734  OK
 35    4    5      1     1    32     0     2      1     0    1    1    0     1     0   195   208.1K    2.532     1730  OK
 36    4    5      1     1    32     0     2      1     0    1    1    3     1     0   195   208.1K    2.532     1730  OK
 37    4    5      1     1    32     0     2      1     1    1    1    0     1     0   195   208.1K    2.532     1730  OK
 38    4    5      1     1    32     0     2      1     1    1    1    3     1     0   195   208.1K    2.533     1729  OK
 39    4    5      1     1    32     0     2      0     0    2    1    0     1     0   196   208.1K    2.537     1727  OK
 40    4    5      1     1    32     0     2      0     0    2    1    3     1     0   196   208.1K    2.537     1726  OK
 41    4    5      1     1    32     0     2      0     1    2    1    3     1     0   196   208.1K    2.537     1726  OK
 42    4    5      1     1    32     0     2      0     1    2    1    0     1     0   196   208.1K    2.538     1726  OK
 43    4    5      1     1    32     0     2      1     0    4    4    0     1     0   244   208.1K    2.545     1721  OK
 44    4    5      1     1    32     0     2      1     0    4    4    3     1     0   244   208.1K    2.545     1721  OK
 45    4    5      1     1    32     0     2      1     1    4    4    0     1     0   244   208.1K    2.545     1721  OK
 46    4    5      1     1    32     0     2      1     1    4    4    3     1     0   244   208.1K    2.545     1721  OK
 47    4    5      1     1    32     0     2      0     0    4    4    0     1     0   244   208.1K    2.548     1719  OK
 48    4    5      1     1    32     0     2      0     0    4    4    3     1     0   244   208.1K    2.548     1719  OK
 49    4    5      1     1    32     0     2      0     1    4    4    0     1     0   244   208.1K    2.549     1719  OK
 50    4    5      1     1    32     0     2      0     1    4    4    3     1     0   244   208.1K    2.550     1718  OK
 51    4    5      1     1    32     0     2      1     0    2    1    0     1     0   196   208.1K    2.553     1716  OK
 52    4    5      1     1    32     0     2      1     1    2    1    3     1     0   196   208.1K    2.553     1716  OK
 53    4    5      1     1    32     0     2      1     1    2    1    0     1     0   196   208.1K    2.554     1715  OK
 54    4    5      1     1    32     0     2      1     0    2    1    3     1     0   196   208.1K    2.555     1714  OK
 55    4    5      1     1    32     0     2      1     1    1    4    1     1     0   209   208.1K    2.558     1712  OK
 56    4    5      1     1    32     0     2      1     0    1    4    1     1     0   209   208.1K    2.560     1711  OK
 57    4    5      1     1    32     0     2      1     1    4    0    0     1     0   244   208.1K    2.564     1708  OK
 58    4    5      1     1    32     0     2      1     0    4    0    0     1     0   244   208.1K    2.564     1708  OK
 59    4    5      1     1    32     0     2      1     0    4    0    3     1     0   244   208.1K    2.564     1708  OK
 60    4    5      1     1    32     0     2      1     1    4    0    0     1     0   244   208.1K    2.564     1708  OK
 61    4    5      1     1    32     0     2      1     1    4    0    3     1     0   244   208.1K    2.564     1708  OK
 62    4    5      1     1    32     0     2      0     1    1    4    1     1     0   209   208.1K    2.565     1708  OK
 63    4    5      1     1    32     0     2      0     0    1    4    1     1     0   209   208.1K    2.566     1707  OK
 64    4    5      1     1    32     0     2      0     0    2    0    3     1     0   213   208.1K    2.569     1705  OK
 65    4    5      1     1    32     0     2      0     0    4    0    0     1     0   244   208.1K    2.569     1705  OK
 66    4    5      1     1    32     0     2      0     0    4    0    3     1     0   244   208.1K    2.570     1704  OK
 67    4    5      1     1    32     0     2      0     1    2    0    0     1     0   213   208.1K    2.570     1704  OK
 68    4    5      1     1    32     0     2      0     1    2    0    3     1     0   213   208.1K    2.570     1704  OK
 69    4    5      1     1    32     0     2      0     1    4    0    0     1     0   244   208.1K    2.570     1705  OK
 70    4    5      1     1    32     0     2      0     1    4    0    3     1     0   244   208.1K    2.570     1705  OK
 71    4    5      1     1    32     0     2      0     0    2    0    0     1     0   213   208.1K    2.571     1704  OK
 72    4    5      1     1    32     0     2      0     0    4    1    3     1     0   241   208.1K    2.573     1702  OK
 73    4    5      1     1    32     0     2      1     0    4    1    1     1     0   203   208.1K    2.573     1702  OK
 74    4    5      1     1    32     0     2      0     1    4    1    0     1     0   241   208.1K    2.573     1702  OK
 75    4    5      1     1    32     0     2      0     1    4    1    3     1     0   241   208.1K    2.573     1702  OK
 76    4    5      1     1    32     0     2      1     1    4    1    1     1     0   203   208.1K    2.573     1702  OK
 77    4    5      1     1    32     0     2      0     0    4    1    0     1     0   241   208.1K    2.574     1702  OK
 78    4    5      1     1    32     0     2      1     0    4    1    0     1     0   241   208.1K    2.575     1701  OK
 79    4    5      1     1    32     0     2      1     0    4    1    3     1     0   241   208.1K    2.575     1701  OK
 80    4    5      1     1    32     0     2      1     1    4    1    3     1     0   241   208.1K    2.575     1701  OK
 81    4    5      1     1    32     0     2      1     1    4    1    0     1     0   241   208.1K    2.576     1700  OK
 82    4    5      1     1    32     0     2      1     1    2    4    3     1     0   213   208.1K    2.577     1700  OK
 83    4    5      1     1    32     0     2      0     0    2    4    0     1     0   213   208.1K    2.578     1699  OK
 84    4    5      1     1    32     0     2      0     0    2    4    3     1     0   213   208.1K    2.578     1699  OK
 85    4    5      1     1    32     0     2      1     0    2    4    0     1     0   213   208.1K    2.578     1699  OK
 86    4    5      1     1    32     0     2      0     1    1    0    1     1     0   209   208.1K    2.578     1699  OK
 87    4    5      1     1    32     0     2      0     0    1    0    1     1     0   209   208.1K    2.579     1698  OK
 88    4    5      1     1    32     0     2      0     1    2    4    0     1     0   213   208.1K    2.579     1699  OK
 89    4    5      1     1    32     0     2      0     1    2    4    3     1     0   213   208.1K    2.579     1698  OK
 90    4    5      1     1    32     0     2      1     0    2    4    3     1     0   213   208.1K    2.580     1698  OK
 91    4    5      1     1    32     0     2      1     1    2    4    0     1     0   213   208.1K    2.580     1698  OK
 92    4    5      1     1    32     0     2      0     1    4    1    1     1     0   203   208.1K    2.584     1695  OK
 93    4    5      1     1    32     0     2      0     0    4    1    1     1     0   203   208.1K    2.585     1694  OK
 94    4    5      1     1    32     0     2      1     0    6    1    1     1     0   203   208.1K    2.588     1692  OK
 95    4    5      1     1    32     0     2      1     1    6    1    1     1     0   203   208.1K    2.588     1692  OK
 96    4    5      1     1    32     0     2      1     1    8    1    1     1     0   203   208.1K    2.588     1692  OK
 97    4    5      1     1    32     0     2      1     0    8    1    1     1     0   203   208.1K    2.589     1692  OK
 98    4    5      1     1    32     0     2      0     0    8    4    3     1     0   244   208.1K    2.592     1690  OK
 99    4    5      1     1    32     0     2      1     0    8    4    0     1     0   244   208.1K    2.592     1690  OK
100    4    5      1     1    32     0     2      0     1    8    4    0     1     0   244   208.1K    2.592     1690  OK
101    4    5      1     1    32   200     2      1     1    4    0    0     1     0   245   208.1K    2.593     1689  OK
102    4    5      1     1    32     0     2      0     0    8    4    0     1     0   244   208.1K    2.593     1689  OK
103    4    5      1     1    32     0     2      1     0    8    4    3     1     0   244   208.1K    2.593     1689  OK
104    4    5      1     1    32     0     2      0     1    8    4    3     1     0   244   208.1K    2.593     1690  OK
105    4    5      1     1    32     0     2      1     1    8    4    0     1     0   244   208.1K    2.593     1689  OK
106    4    5      1     1    32     0     2      1     1    8    4    3     1     0   244   208.1K    2.595     1688  OK
107    4    5      1     1    32     0     2      1     0    2    0    0     1     0   213   208.1K    2.597     1686  OK
108    4    5      1     1    32     0     2      1     0    2    0    3     1     0   213   208.1K    2.597     1687  OK
109    4    5      1     1    32     0     2      1     1    2    0    0     1     0   213   208.1K    2.597     1686  OK
110    4    5      1     1    32     0     2      1     1    2    0    3     1     0   213   208.1K    2.597     1687  OK
111    4    5      1     1    32   160     2      1     1    4    0    0     1     0   245   208.1K    2.598     1686  OK
112    4    5      1     1    32   120     2      1     1    4    0    0     1     0   245   208.1K    2.599     1685  OK
113    4    5      1     1    32     0     2      1     1    1    0    1     1     0   209   208.1K    2.600     1685  OK
114    4    5      1     0    32     0     2      1     1    4    0    0     1     0   243   208.1K    2.601     1684  OK
115    4    5      1     1    32     0     2      1     0    1    0    1     1     0   209   208.1K    2.601     1684  OK
116    4    5      1     1    32     0     2      0     0    8    1    1     1     0   203   208.1K    2.603     1683  OK
117    4    5      1     1    32     0     2      1     0    2    4    1     1     0   209   208.1K    2.604     1682  OK
118    4    5      1     1    32     0     2      0     0    6    1    1     1     0   203   208.1K    2.604     1682  OK
119    4    5      1     1    32     0     2      1     1    2    4    1     1     0   209   208.1K    2.604     1682  OK
120    4    5      1     1    32     0     2      0     1    6    1    1     1     0   203   208.1K    2.604     1682  OK
121    4    5      1     1    32     0     2      0     1    8    1    1     1     0   203   208.1K    2.604     1682  OK
122    4    5      1     1    32     0     2      0     0    8    1    0     1     0   241   208.1K    2.607     1680  OK
123    4    5      1     1    32     0     2      0     0    8    1    3     1     0   241   208.1K    2.607     1680  OK
124    4    5      1     1    32     0     2      0     1    8    1    0     1     0   241   208.1K    2.607     1680  OK
125    4    5      1     1    32     0     2      0     1    8    1    3     1     0   241   208.1K    2.607     1680  OK
126    4    5      1     1    32   100     2      1     1    4    0    0     1     0   245   208.1K    2.608     1679  OK
127    4    5      1     1    32     0     2      0     0    2    4    1     1     0   209   208.1K    2.610     1678  OK
128    4    5      1     1    32     0     2      0     1    2    4    1     1     0   209   208.1K    2.610     1678  OK
129    4    5      1     1    32     0     2      1     0    8    1    3     1     0   241   208.1K    2.613     1676  OK
130    4    5      1     1    32     0     2      1     0    8    1    0     1     0   241   208.1K    2.614     1675  OK
131    4    5      1     1    32     0     2      1     1    8    1    0     1     0   241   208.1K    2.614     1676  OK
132    4    5      1     1    32    80     2      1     1    4    0    0     1     0   245   208.1K    2.615     1675  OK
133    4    5      1     1    32     0     2      0     0    2    0    1     1     0   209   208.1K    2.615     1675  OK
134    4    5      1     1    32     0     2      1     1    8    1    3     1     0   241   208.1K    2.615     1675  OK
135    4    5      1     1    32     0     2      1     0    6    1    0     1     0   210   208.1K    2.616     1674  OK
136    4    5      1     1    32     0     2      1     0    6    1    3     1     0   210   208.1K    2.616     1674  OK
137    4    5      1     1    32     0     2      0     1    2    0    1     1     0   209   208.1K    2.616     1675  OK
138    4    5      1     1    32     0     2      1     1    6    1    0     1     0   210   208.1K    2.616     1674  OK
139    4    5      1     1    32     0     2      1     1    6    1    3     1     0   210   208.1K    2.616     1674  OK
140    4    5      1     1    32    40     2      1     1    4    0    0     1     0   245   208.1K    2.617     1674  OK
141    4    5      1     1    32     0     2      0     0    8    0    0     1     0   244   208.1K    2.617     1674  OK
142    4    5      1     1    32     0     2      0     0    8    0    3     1     0   244   208.1K    2.618     1673  OK
143    4    5      1     1    32     0     2      0     1    8    0    0     1     0   244   208.1K    2.618     1673  OK
144    4    5      1     1    32     0     2      0     1    8    0    3     1     0   244   208.1K    2.620     1672  OK
145    4    5      1     1    32    60     2      1     1    4    0    0     1     0   245   208.1K    2.625     1669  OK
146    4    5      1     1    32     0     2      1     0    8    0    0     1     0   244   208.1K    2.625     1669  OK
147    4    5      1     1    32     0     2      0     1    8    4    1     1     0   214   208.1K    2.625     1668  OK
148    4    5      1     1    32     0     2      0     0    6    1    0     1     0   210   208.1K    2.626     1668  OK
149    4    5      1     1    32     0     2      0     0    8    4    1     1     0   214   208.1K    2.626     1668  OK
150    4    5      1     1    32     0     2      0     1    6    1    0     1     0   210   208.1K    2.626     1668  OK
151    4    5      1     1    32     0     2      0     1    6    4    1     1     0   214   208.1K    2.626     1668  OK
152    4    5      1     1    32     0     2      0     1    6    1    3     1     0   210   208.1K    2.626     1668  OK
153    4    5      1     1    32     0     2      1     1    8    0    3     1     0   244   208.1K    2.626     1668  OK
154    4    5      1     1    32     0     2      0     0    6    4    1     1     0   214   208.1K    2.627     1668  OK
155    4    5      1     1    32     0     2      1     1    8    0    0     1     0   244   208.1K    2.627     1667  OK
156    4    5      1     1    32     0     2      0     0    6    1    3     1     0   210   208.1K    2.628     1667  OK
157    4    5      1     1    32     0     2      1     0    6    4    1     1     0   214   208.1K    2.628     1666  OK
158    4    5      1     1    32     0     2      1     0    8    4    1     1     0   214   208.1K    2.628     1666  OK
159    4    5      1     1    32     0     2      1     0    8    0    3     1     0   244   208.1K    2.628     1667  OK
160    4    5      1     1    32     0     2      1     1    8    4    1     1     0   214   208.1K    2.628     1667  OK
161    4    5      1     1    32     0     2      1     1    6    4    1     1     0   214   208.1K    2.629     1666  OK
162    4    5      1     1    32     0     2      1     0    2    0    1     1     0   209   208.1K    2.633     1664  OK
163    4    5      1     1    32     0     2      1     1    2    0    1     1     0   209   208.1K    2.633     1663  OK
164    4    5      1     1    32     0     2      0     0    6    0    1     1     0   214   208.1K    2.639     1660  OK
165    4    5      1     1    32     0     1      1     0    2    1    0     1     0   154   208.1K    2.640     1659  OK
166    4    5      1     1    32     0     1      1     0    2    1    3     1     0   154   208.1K    2.640     1659  OK
167    4    5      1     1    32     0     2      0     0    4    4    1     1     0   214   208.1K    2.640     1659  OK
168    4    5      1     1    32     0     2      0     0    8    0    1     1     0   214   208.1K    2.640     1659  OK
169    4    5      1     1    32     0     2      1     0    6    0    1     1     0   214   208.1K    2.641     1658  OK
170    4    5      1     1    32     0     2      1     0    8    0    1     1     0   214   208.1K    2.641     1658  OK
171    4    5      1     1    32     0     1      1     1    2    1    0     1     0   154   208.1K    2.641     1658  OK
172    4    5      1     1    32     0     1      1     1    2    1    3     1     0   154   208.1K    2.641     1659  OK
173    4    5      1     1    32     0     2      0     1    4    4    1     1     0   214   208.1K    2.641     1658  OK
174    4    5      1     1    32     0     2      0     1    6    0    1     1     0   214   208.1K    2.641     1658  OK
175    4    5      1     1    32     0     2      0     1    8    0    1     1     0   214   208.1K    2.641     1658  OK
176    4    5      1     0    32   120     2      1     1    4    0    0     1     0   242   208.1K    2.642     1658  OK
177    4    5      1     0    32   160     2      1     1    4    0    0     1     0   242   208.1K    2.642     1658  OK
178    4    5      1     1    32     0     1      1     1    1    1    1     1     0   147   208.1K    2.642     1658  OK
179    4    5      1     1    32     0     2      1     1    6    0    1     1     0   214   208.1K    2.642     1658  OK
180    4    5      1     1    32     0     2      1     1    8    0    1     1     0   214   208.1K    2.642     1658  OK
181    4    5      1     0    32   200     2      1     1    4    0    0     1     0   242   208.1K    2.643     1657  OK
182    4    5      1     1    32     0     1      1     0    1    1    1     1     0   147   208.1K    2.643     1658  OK
183    4    5      1     1    32     0     2      0     1    4    0    1     1     0   214   208.1K    2.645     1656  OK
184    4    5      1     1    32     0     2      0     0    4    0    1     1     0   214   208.1K    2.646     1655  OK
185    4    5      1     0    32    80     2      1     1    4    0    0     1     0   242   208.1K    2.648     1654  OK
186    4    5      1     0    32   100     2      1     1    4    0    0     1     0   242   208.1K    2.648     1654  OK
187    4    5      2     1    32     0     2      1     1    4    0    0     1     0   244   208.1K    2.648     1654  OK
188    4    5      1     1    32     0     2      1     0    4    4    1     1     0   214   208.1K    2.652     1651  OK
189    4    5      3     1    32     0     2      1     1    4    0    0     1     0   242   208.1K    2.653     1651  OK
190    4    5      1     1    32     0     2      1     1    4    4    1     1     0   214   208.1K    2.654     1650  OK
191    4    5      1     1    32     0     1      0     0    2    1    0     1     0   154   208.1K    2.655     1650  OK
192    4    5      1     1    32     0     1      0     0    2    1    3     1     0   154   208.1K    2.655     1650  OK
193    4    5      1     1    32     0     1      0     1    2    1    3     1     0   154   208.1K    2.655     1650  OK
194    4    5      1     0    32    60     2      1     1    4    0    0     1     0   242   208.1K    2.656     1649  OK
195    4    5      1     1    32     0     1      0     1    2    1    0     1     0   154   208.1K    2.656     1649  OK
196    4    5      1     0    32    40     2      1     1    4    0    0     1     0   242   208.1K    2.660     1646  OK
197    4    5      1     1    32     0     1      1     0    1    1    0     1     0   154   208.1K    2.660     1647  OK
198    4    5      1     1    32     0     1      1     1    1    1    3     1     0   154   208.1K    2.660     1647  OK
199    4    5      1     1    32     0     1      1     0    1    1    3     1     0   154   208.1K    2.661     1646  OK
200    4    5      1     1    32     0     1      1     1    1    1    0     1     0   154   208.1K    2.661     1646  OK
201    4    5      1     1    32     0     1      1     0    6    1    3     1     0   168   208.1K    2.664     1644  OK
202    4    5      1     1    32     0     1      1     1    6    1    3     1     0   168   208.1K    2.664     1644  OK
203    4    5      1     1    32     0     1      1     0    6    1    0     1     0   168   208.1K    2.666     1643  OK
204    4    5      1     1    32     0     1      1     1    6    1    0     1     0   168   208.1K    2.666     1643  OK
205    4    5      2     0    32   200     2      1     1    4    0    0     1     0   240   208.1K    2.667     1642  OK
206    4    5      2     1    32   160     2      1     1    4    0    0     1     0   242   208.1K    2.668     1642  OK
207    4    5      1     1    32     0     2      1     1    4    0    1     1     0   214   208.1K    2.668     1642  OK
208    4    5      2     0    32   160     2      1     1    4    0    0     1     0   240   208.1K    2.669     1641  OK
209    4    5      1     1    32     0     2      1     0    4    0    1     1     0   214   208.1K    2.669     1641  OK
210    4    5      1     1    32     0     1      0     0    6    1    0     1     0   168   208.1K    2.669     1641  OK
211    4    5      1     1    32     0     1      0     0    6    1    3     1     0   168   208.1K    2.669     1641  OK
212    4    5      1     1    32     0     1      0     0    1    1    0     1     0   154   208.1K    2.670     1640  OK
213    4    5      1     1    32     0     1      0     1    1    1    3     1     0   154   208.1K    2.670     1641  OK
214    4    5      1     1    32     0     1      0     1    6    1    0     1     0   168   208.1K    2.670     1640  OK
215    4    5      1     1    32     0     1      0     1    6    1    3     1     0   168   208.1K    2.670     1641  OK
216    4    5      2     1    32   200     2      1     1    4    0    0     1     0   242   208.1K    2.672     1640  OK
217    4    5      1     1    32     0     1      1     0    8    4    0     1     0   220   208.1K    2.672     1639  OK
218    4    5      1     1    32     0     1      1     0    8    4    3     1     0   220   208.1K    2.672     1639  OK
219    4    5      2     0    32    80     2      1     1    4    0    0     1     0   240   208.1K    2.673     1638  OK
220    4    5      1     1    32     0     1      0     0    1    1    3     1     0   154   208.1K    2.673     1639  OK
221    4    5      1     1    32     0     1      0     1    1    1    0     1     0   154   208.1K    2.673     1639  OK
222    4    5      1     1    32     0     1      1     1    8    4    0     1     0   220   208.1K    2.673     1639  OK
223    4    5      1     1    32     0     1      1     1    8    4    3     1     0   220   208.1K    2.673     1639  OK
224    4    5      1     1    32     0     1      0     0    1    1    1     1     0   147   208.1K    2.675     1638  OK
225    4    5      2     0    32    80     2      1     1    4    0    0     1     0   240   208.1K    2.676     1637  OK
226    4    5      2     0    32   100     2      1     1    4    0    0     1     0   240   208.1K    2.676     1637  OK
227    4    5      1     1    32     0     1      0     0    6    0    0     1     0   188   208.1K    2.677     1636  OK
228    4    5      1     1    32     0     1      0     0    6    0    3     1     0   188   208.1K    2.677     1636  OK
229    4    5      1     1    32     0     1      1     0    6    0    0     1     0   188   208.1K    2.677     1636  OK
230    4    5      1     1    32     0     1      1     1    6    0    0     1     0   188   208.1K    2.677     1636  OK
231    4    5      1     1    32     0     1      1     0    6    0    3     1     0   188   208.1K    2.678     1635  OK
232    4    5      1     1    32     0     1      0     1    1    1    1     1     0   147   208.1K    2.678     1635  OK
233    4    5      2     0    32    60     2      1     1    4    0    0     1     0   240   208.1K    2.679     1635  OK
234    4    5      1     1    32     0     1      1     0    2    1    1     1     0   146   208.1K    2.679     1635  OK
235    4    5      1     1    32     0     1      1     1    2    1    1     1     0   146   208.1K    2.679     1635  OK
236    4    5      2     0    32   120     2      1     1    4    0    0     1     0   240   208.1K    2.680     1635  OK
237    4    5      1     1    32     0     1      0     1    6    0    0     1     0   188   208.1K    2.680     1634  OK
238    4    5      1     1    32     0     1      0     1    6    0    3     1     0   188   208.1K    2.680     1634  OK
239    4    5      1     1    32     0     1      1     1    6    0    3     1     0   188   208.1K    2.680     1634  OK
240    4    5      2     0    32    40     2      1     1    4    0    0     1     0   240   208.1K    2.681     1634  OK
241    4    5      2     1    32   120     2      1     1    4    0    0     1     0   242   208.1K    2.684     1632  OK
242    4    5      1     1    32     0     1      1     0    4    4    0     1     0   222   208.1K    2.686     1631  OK
243    4    5      1     1    32     0     1      1     0    4    0    0     1     0   222   208.1K    2.687     1630  OK
244    4    5      1     1    32     0     1      1     0    4    0    3     1     0   222   208.1K    2.687     1630  OK
245    4    5      1     1    32     0     1      1     0    4    4    3     1     0   222   208.1K    2.687     1630  OK
246    4    5      1     1    32     0     1      1     1    4    4    0     1     0   222   208.1K    2.687     1630  OK
247    4    5      1     1    32     0     1      1     1    4    4    3     1     0   222   208.1K    2.687     1630  OK
248    4    5      1     1    32     0     1      0     0    2    1    1     1     0   146   208.1K    2.688     1629  OK
249    4    5      1     1    32     0     1      1     1    4    0    0     1     0   222   208.1K    2.688     1629  OK
250    4    5      1     1    32     0     1      1     1    4    0    3     1     0   222   208.1K    2.688     1630  OK
251    4    5      1     1    32     0     1      0     0    4    4    0     1     0   222   208.1K    2.689     1629  OK
252    4    5      1     1    32     0     1      0     0    4    4    3     1     0   222   208.1K    2.689     1629  OK
253    4    5      1     1    32     0     1      0     1    2    1    1     1     0   146   208.1K    2.689     1629  OK
254    4    5      1     1    32     0     1      0     1    4    4    0     1     0   222   208.1K    2.689     1629  OK
255    4    5      1     1    32     0     1      0     1    4    4    3     1     0   222   208.1K    2.689     1629  OK
256    4    5      1     1    32     0     1      0     0    4    0    0     1     0   222   208.1K    2.690     1628  OK
257    4    5      1     1    32     0     1      0     1    4    0    0     1     0   222   208.1K    2.691     1628  OK
258    4    5      1     1    32     0     1      0     1    4    0    3     1     0   222   208.1K    2.691     1628  OK
259    4    5      2     1    32   100     2      1     1    4    0    0     1     0   242   208.1K    2.692     1627  OK
260    4    5      1     1    32     0     1      0     0    4    0    3     1     0   222   208.1K    2.692     1627  OK
261    4    5      1     1    32     0     1      0     0    6    4    0     1     0   184   208.1K    2.693     1627  OK
262    4    5      1     1    32     0     1      0     0    6    4    3     1     0   184   208.1K    2.693     1626  OK
263    4    5      1     1    32     0     1      0     1    6    4    0     1     0   184   208.1K    2.694     1626  OK
264    4    5      1     1    32     0     1      0     1    6    4    3     1     0   184   208.1K    2.694     1626  OK
265    4    5      1     1    32     0     1      1     1    6    4    3     1     0   184   208.1K    2.694     1626  OK
266    4    5      1     1    32     0     1      0     1    8    0    0     1     0   224   208.1K    2.694     1626  OK
267    4    5      1     1    32     0     1      1     0    6    4    3     1     0   184   208.1K    2.695     1625  OK
268    4    5      1     1    32     0     1      1     1    6    4    0     1     0   184   208.1K    2.695     1625  OK
269    4    5      2     1    32    80     2      1     1    4    0    0     1     0   242   208.1K    2.696     1625  OK
270    4    5      1     1    32     0     1      1     0    6    4    0     1     0   184   208.1K    2.696     1625  OK
271    4    5      1     1    32     0     1      0     0    8    0    3     1     0   224   208.1K    2.696     1625  OK
272    4    5      1     1    32     0     1      0     0    8    0    0     1     0   224   208.1K    2.697     1624  OK
273    4    5      1     1    32     0     1      1     0    8    0    0     1     0   224   208.1K    2.697     1624  OK
274    4    5      1     1    32     0     1      0     1    8    0    3     1     0   224   208.1K    2.697     1624  OK
275    4    5      2     1    32    40     2      1     1    4    0    0     1     0   242   208.1K    2.698     1623  OK
276    4    5      3     1    32    40     2      1     1    4    0    0     1     0   240   208.1K    2.698     1623  OK
277    4    5      1     1    32     0     1      1     0    8    0    3     1     0   224   208.1K    2.698     1623  OK
278    4    5      1     1    32     0     1      1     1    8    0    0     1     0   224   208.1K    2.698     1624  OK
279    4    5      1     1    32     0     1      1     1    8    0    3     1     0   224   208.1K    2.698     1624  OK
280    4    5      3     1    32   160     2      1     1    4    0    0     1     0   240   208.1K    2.699     1623  OK
281    4    5      2     1    32    60     2      1     1    4    0    0     1     0   242   208.1K    2.700     1622  OK
282    4    5      3     1    32   200     2      1     1    4    0    0     1     0   240   208.1K    2.701     1622  OK
283    4    5      1     1    32     0     2      1     0    6    4    3     1     0   223   208.1K    2.706     1619  OK
284    4    5      1     1    32     0     2      1     1    6    4    3     1     0   223   208.1K    2.706     1619  OK
285    4    5      1     1    32     0     2      1     1    6    4    0     1     0   223   208.1K    2.707     1618  OK
286    4    5      1     1    32     0     2      1     0    6    4    0     1     0   223   208.1K    2.708     1618  OK
287    4    5      1     1    32     0     1      1     0    6    0    1     1     0   176   208.1K    2.710     1616  OK
288    4    5      1     1    32     0     1      1     1    6    4    1     1     0   176   208.1K    2.710     1616  OK
289    4    5      1     1    32     0     1      0     0    6    4    1     1     0   176   208.1K    2.711     1616  OK
290    4    5      1     1    32     0     1      1     0    6    4    1     1     0   176   208.1K    2.711     1616  OK
291    4    5      1     1    32     0     1      1     0    8    4    1     1     0   176   208.1K    2.711     1616  OK
292    4    5      1     1    32     0     1      1     1    6    0    1     1     0   176   208.1K    2.711     1616  OK
293    4    5      1     1    32     0     1      1     1    8    4    1     1     0   176   208.1K    2.711     1616  OK
294    4    5      1     1    32     0     1      0     0    8    4    1     1     0   176   208.1K    2.712     1615  OK
295    4    5      1     1    32     0     1      1     0    8    0    1     1     0   176   208.1K    2.712     1615  OK
296    4    5      1     1    32     0     1      0     1    6    4    1     1     0   176   208.1K    2.712     1615  OK
297    4    5      1     1    32     0     1      1     1    8    0    1     1     0   176   208.1K    2.712     1615  OK
298    4    5      1     1    32     0     1      0     1    6    0    1     1     0   176   208.1K    2.713     1615  OK
299    4    5      1     1    32     0     1      0     1    8    4    1     1     0   176   208.1K    2.713     1614  OK
300    4    5      1     1    32     0     1      0     0    6    0    1     1     0   176   208.1K    2.714     1614  OK
301    4    5      1     1    32     0     2      0     0    6    4    3     1     0   223   208.1K    2.714     1614  OK
302    4    5      1     1    32     0     1      0     0    8    0    1     1     0   176   208.1K    2.714     1614  OK
303    4    5      3     1    32    60     2      1     1    4    0    0     1     0   240   208.1K    2.715     1614  OK
304    4    5      1     1    32     0     2      0     0    6    4    0     1     0   223   208.1K    2.715     1613  OK
305    4    5      1     1    32     0     2      0     1    6    4    0     1     0   223   208.1K    2.715     1613  OK
306    4    5      1     1    32     0     2      0     1    6    4    3     1     0   223   208.1K    2.715     1613  OK
307    4    5      3     1    32    80     2      1     1    4    0    0     1     0   240   208.1K    2.716     1613  OK
308    4    5      1     1    32     0     1      0     1    8    0    1     1     0   176   208.1K    2.716     1613  OK
309    4    5      3     1    32   120     2      1     1    4    0    0     1     0   240   208.1K    2.717     1612  OK
310    4    5      1     1    32     0     1      0     0    8    4    3     1     0   220   208.1K    2.718     1611  OK
311    4    5      3     0    32     0     2      1     1    4    0    0     1     0   240   208.1K    2.719     1611  OK
312    4    5      3     1    32   100     2      1     1    4    0    0     1     0   240   208.1K    2.719     1611  OK
313    4    5      1     1    32     0     1      0     0    4    0    1     1     0   176   208.1K    2.720     1610  OK
314    4    5      1     1    32     0     1      0     0    8    4    0     1     0   220   208.1K    2.720     1610  OK
315    4    5      1     1    32     0     1      0     1    4    0    1     1     0   176   208.1K    2.720     1610  OK
316    4    5      1     1    32     0     1      0     1    8    4    3     1     0   220   208.1K    2.720     1610  OK
317    4    5      1     1    32     0     1      0     0    4    4    1     1     0   176   208.1K    2.721     1610  OK
318    4    5      1     1    32     0     1      1     0    4    0    1     1     0   176   208.1K    2.721     1610  OK
319    4    5      1     1    32     0     1      1     1    4    0    1     1     0   176   208.1K    2.721     1610  OK
320    4    5      1     1    32     0     1      0     1    8    4    0     1     0   220   208.1K    2.721     1610  OK
321    4    5      0     1    32   200     2      1     1    4    0    0     1     0   244   208.1K    2.722     1609  OK
322    4    5      1     1    32     0     1      1     0    1    0    0     1     0   174   208.1K    2.722     1609  OK
323    4    5      1     1    32     0     1      1     0    2    0    0     1     0   174   208.1K    2.722     1609  OK
324    4    5      1     1    32     0     1      1     0    2    0    3     1     0   174   208.1K    2.722     1609  OK
325    4    5      1     1    32     0     1      1     0    4    4    1     1     0   176   208.1K    2.722     1609  OK
326    4    5      1     1    32     0     1      1     1    1    0    3     1     0   174   208.1K    2.722     1609  OK
327    4    5      1     1    32     0     1      1     1    2    0    3     1     0   174   208.1K    2.722     1609  OK
328    4    5      1     1    32     0     1      0     1    4    4    1     1     0   176   208.1K    2.722     1609  OK
329    4    5      1     1    32     0     1      1     1    4    4    1     1     0   176   208.1K    2.722     1609  OK
330    4    5      1     1    32     0     1      1     0    1    0    3     1     0   174   208.1K    2.723     1609  OK
331    4    5      1     1    32     0     1      1     0    2    4    3     1     0   174   208.1K    2.723     1608  OK
332    4    5      1     1    32     0     1      1     1    1    0    0     1     0   174   208.1K    2.723     1609  OK
333    4    5      1     1    32     0     1      1     0    1    4    0     1     0   174   208.1K    2.724     1608  OK
334    4    5      1     1    32     0     1      1     0    1    4    3     1     0   174   208.1K    2.724     1608  OK
335    4    5      1     1    32     0     1      1     0    2    4    0     1     0   174   208.1K    2.724     1608  OK
336    4    5      1     1    32     0     1      1     1    1    4    0     1     0   174   208.1K    2.724     1608  OK
337    4    5      1     1    32     0     1      1     1    1    4    3     1     0   174   208.1K    2.724     1608  OK
338    4    5      1     1    32     0     1      1     1    2    0    0     1     0   174   208.1K    2.724     1608  OK
339    4    5      1     1    32     0     1      1     1    2    4    0     1     0   174   208.1K    2.724     1608  OK
340    4    5      1     1    32     0     1      1     1    2    4    3     1     0   174   208.1K    2.725     1607  OK
341    4    5      1     1    32     0     1      0     0    2    0    3     1     0   174   208.1K    2.726     1607  OK
342    4    5      1     1    32     0     1      0     1    2    4    0     1     0   174   208.1K    2.726     1606  OK
343    4    5      1     1    32     0     1      0     0    1    0    0     1     0   174   208.1K    2.727     1606  OK
344    4    5      1     1    32     0     1      0     0    2    0    0     1     0   174   208.1K    2.727     1606  OK
345    4    5      1     1    32     0     1      0     0    2    4    0     1     0   174   208.1K    2.727     1606  OK
346    4    5      1     1    32     0     1      0     0    2    4    3     1     0   174   208.1K    2.727     1606  OK
347    4    5      1     1    32     0     1      0     1    1    0    3     1     0   174   208.1K    2.727     1606  OK
348    4    5      1     1    32     0     1      0     1    2    0    0     1     0   174   208.1K    2.727     1606  OK
349    4    5      0     1    32   160     2      1     1    4    0    0     1     0   244   208.1K    2.728     1606  OK
350    4    5      1     1    32     0     1      0     0    1    4    1     1     0   164   208.1K    2.728     1605  OK
351    4    5      1     1    32     0     1      0     0    1    0    3     1     0   174   208.1K    2.728     1605  OK
352    4    5      1     1    32     0     1      1     0    1    0    1     1     0   164   208.1K    2.728     1606  OK
353    4    5      1     1    32     0     1      0     1    1    4    0     1     0   174   208.1K    2.728     1606  OK
354    4    5      1     1    32     0     1      0     1    2    0    3     1     0   174   208.1K    2.728     1606  OK
355    4    5      1     1    32     0     1      0     1    2    4    3     1     0   174   208.1K    2.728     1606  OK
356    4    5      1     1    32     0     1      0     0    1    4    0     1     0   174   208.1K    2.729     1605  OK
357    4    5      1     1    32     0     1      0     0    1    4    3     1     0   174   208.1K    2.729     1605  OK
358    4    5      1     1    32     0     2      0     0    6    0    0     1     0   223   208.1K    2.729     1605  OK
359    4    5      1     1    32     0     1      0     1    1    0    0     1     0   174   208.1K    2.729     1605  OK
360    4    5      1     1    32     0     1      0     1    1    4    3     1     0   174   208.1K    2.729     1605  OK
361    4    5      1     1    32     0     1      0     1    2    4    1     1     0   164   208.1K    2.729     1605  OK
362    4    5      1     1    32     0     1      1     1    2    0    1     1     0   164   208.1K    2.729     1605  OK
363    4    5      1     1    32     0     1      0     0    2    4    1     1     0   164   208.1K    2.730     1604  OK
364    4    5      1     1    32     0     2      0     0    6    0    3     1     0   223   208.1K    2.730     1604  OK
365    4    5      1     1    32     0     1      1     1    1    0    1     1     0   164   208.1K    2.730     1605  OK
366    4    5      1     1    32     0     2      0     1    6    0    3     1     0   223   208.1K    2.730     1605  OK
367    4    5      0     0    32   160     2      1     1    4    0    0     1     0   242   208.1K    2.731     1604  OK
368    4    5      1     1    32     0     1      1     0    2    0    1     1     0   164   208.1K    2.731     1604  OK
369    4    5      1     1    32     0     1      1     0    6    1    1     1     0   161   208.1K    2.731     1604  OK
370    4    5      1     1    32     0     1      0     1    1    0    1     1     0   164   208.1K    2.731     1604  OK
371    4    5      1     1    32     0     1      0     1    1    4    1     1     0   164   208.1K    2.731     1604  OK
372    4    5      1     1    32     0     1      0     1    2    0    1     1     0   164   208.1K    2.731     1604  OK
373    4    5      1     1    32     0     2      0     1    6    0    0     1     0   223   208.1K    2.731     1604  OK
374    4    5      0     0    32   200     2      1     1    4    0    0     1     0   242   208.1K    2.732     1603  OK
375    4    5      1     1    32     0     1      0     0    1    0    1     1     0   164   208.1K    2.732     1603  OK
376    4    5      1     1    32     0     1      1     0    1    4    1     1     0   164   208.1K    2.732     1603  OK
377    4    5      1     1    32     0     1      1     0    2    4    1     1     0   164   208.1K    2.732     1603  OK
378    4    5      1     1    32     0     1      1     0    8    1    1     1     0   161   208.1K    2.732     1603  OK
379    4    5      1     1    32     0     1      1     1    1    4    1     1     0   164   208.1K    2.732     1603  OK
380    4    5      1     1    32     0     1      1     1    2    4    1     1     0   164   208.1K    2.732     1603  OK
381    4    5      1     1    32     0     1      1     1    6    1    1     1     0   161   208.1K    2.732     1603  OK
382    4    5      3     0    32   160     2      1     1    4    0    0     1     0   240   208.1K    2.733     1603  OK
383    4    5      1     1    32     0     1      0     0    6    1    1     1     0   161   208.1K    2.733     1602  OK
384    4    5      1     1    32     0     1      1     1    8    1    1     1     0   161   208.1K    2.733     1603  OK
385    4    5      2     0    32     0     2      1     1    4    0    0     1     0   242   208.1K    2.734     1602  OK
386    4    5      1     1    32     0     1      0     0    2    0    1     1     0   164   208.1K    2.734     1602  OK
387    4    5      1     1    32     0     1      0     0    8    1    1     1     0   161   208.1K    2.734     1602  OK
388    4    5      1     1    32     0     1      0     1    6    1    1     1     0   161   208.1K    2.734     1602  OK
389    4    5      1     1    32     0     1      0     1    8    1    1     1     0   161   208.1K    2.734     1602  OK
390    4    5      3     0    32    40     2      1     1    4    0    0     1     0   240   208.1K    2.735     1601  OK
391    4    5      1     1    32     0     1      1     0    4    1    1     1     0   160   208.1K    2.735     1602  OK
392    4    5      1     1    32     0     1      1     1    4    1    1     1     0   160   208.1K    2.735     1602  OK
393    4    5      0     1    32   120     2      1     1    4    0    0     1     0   244   208.1K    2.736     1601  OK
394    4    5      0     0    32   120     2      1     1    4    0    0     1     0   242   208.1K    2.738     1600  OK
395    4    5      3     0    32   200     2      1     1    4    0    0     1     0   240   208.1K    2.738     1600  OK
396    4    5      1     1    32     0     1      1     0    8    1    0     1     0   206   208.1K    2.739     1599  OK
397    4    5      1     1    32     0     1      1     0    8    1    3     1     0   206   208.1K    2.739     1599  OK
398    4    5      1     1    32     0     1      1     1    4    1    3     1     0   206   208.1K    2.739     1599  OK
399    4    5      1     1    32     0     1      1     1    8    1    0     1     0   206   208.1K    2.739     1599  OK
400    4    5      1     1    32     0     1      1     1    8    1    3     1     0   206   208.1K    2.739     1599  OK
401    4    5      1     1    32     0     1      1     0    4    1    3     1     0   206   208.1K    2.740     1598  OK
402    4    5      1     1    32     0     1      1     1    4    1    0     1     0   206   208.1K    2.740     1599  OK
403    4    5      1     1    32     0     1      0     0    4    1    1     1     0   160   208.1K    2.741     1598  OK
404    4    5      1     1    32     0     1      1     0    4    1    0     1     0   206   208.1K    2.741     1598  OK
405    4    5      1     1    32     0     1      0     1    4    1    1     1     0   160   208.1K    2.741     1598  OK
406    4    5      3     0    32    60     2      1     1    4    0    0     1     0   240   208.1K    2.743     1597  OK
407    4    5      1     1    32     0     2      1     0    6    0    3     1     0   223   208.1K    2.743     1597  OK
408    4    5      1     1    32     0     1      0     0    8    1    0     1     0   206   208.1K    2.743     1597  OK
409    4    5      1     1    32     0     1      0     0    8    1    3     1     0   206   208.1K    2.743     1597  OK
410    4    5      1     1    32     0     2      1     1    6    0    0     1     0   223   208.1K    2.743     1597  OK
411    4    5      1     1    32     0     1      0     0    4    1    0     1     0   206   208.1K    2.744     1596  OK
412    4    5      1     1    32     0     1      0     0    4    1    3     1     0   206   208.1K    2.744     1596  OK
413    4    5      1     1    32     0     1      0     1    4    1    0     1     0   206   208.1K    2.744     1596  OK
414    4    5      1     1    32     0     1      0     1    4    1    3     1     0   206   208.1K    2.744     1596  OK
415    4    5      1     1    32     0     2      1     1    6    0    3     1     0   223   208.1K    2.744     1596  OK
416    4    5      1     1    32     0     1      0     1    8    1    0     1     0   206   208.1K    2.744     1596  OK
417    4    5      1     1    32     0     1      0     1    8    1    3     1     0   206   208.1K    2.744     1596  OK
418    4    5      3     0    32    80     2      1     1    4    0    0     1     0   240   208.1K    2.745     1596  OK
419    4    5      3     0    32   100     2      1     1    4    0    0     1     0   240   208.1K    2.745     1596  OK
420    4    5      1     1    32     0     2      1     0    6    0    0     1     0   223   208.1K    2.745     1596  OK
421    4    5      3     0    32   120     2      1     1    4    0    0     1     0   240   208.1K    2.747     1595  OK
422    4    5      0     0    32    80     2      1     1    4    0    0     1     0   242   208.1K    2.757     1589  OK
423    4    5      0     0    32    60     2      1     1    4    0    0     1     0   242   208.1K    2.758     1588  OK
424    4    5      0     0    32   100     2      1     1    4    0    0     1     0   242   208.1K    2.760     1587  OK
425    4    5      0     1    32   100     2      1     1    4    0    0     1     0   244   208.1K    2.762     1586  OK
426    4    5      0     1    32     0     2      1     1    4    0    0     1     0   241   208.1K    2.765     1584  OK
427    4    5      0     1    32    80     2      1     1    4    0    0     1     0   244   208.1K    2.766     1584  OK
428    4    5      0     0    32    40     2      1     1    4    0    0     1     0   242   208.1K    2.771     1581  OK
429    4    5      0     1    32    60     2      1     1    4    0    0     1     0   244   208.1K    2.771     1581  OK
430    4    5      0     0    32     0     2      1     1    4    0    0     1     0   241   208.1K    2.773     1579  OK
431    4    5      0     1    32    40     2      1     1    4    0    0     1     0   244   208.1K    2.783     1574  OK
432    3    5      2     0    32    80     2      1     1    4    0    0     1     0   207   176.1K    2.900     1510  OK
433    5    4      2     0    32    80     2      1     1    4    0    0     1     0   240   224.1K    2.995     1463  OK
434    4    4      2     0    32    80     2      1     1    4    0    0     1     0   243   192.1K    3.080     1422  OK
435    3    4      2     0    32    80     2      1     1    4    0    0     1     0   205   160.1K    3.137     1396  OK
436    4    5      1     1    32     0     4      0     0    1    1    0     1     0   198   208.1K    3.762     1164  OK
437    4    5      1     1    32     0     4      0     0    1    1    3     1     0   198   208.1K    3.763     1164  OK
438    4    5      1     1    32     0     4      0     1    1    1    0     1     0   198   208.1K    3.763     1164  OK
439    4    5      1     1    32     0     4      0     1    1    1    3     1     0   198   208.1K    3.764     1164  OK
440    4    5      1     1    32     0     4      1     0    1    1    3     1     0   198   208.1K    3.789     1156  OK
441    4    5      1     1    32     0     4      1     1    1    1    3     1     0   198   208.1K    3.789     1156  OK
442    4    5      1     1    32     0     4      1     1    1    1    0     1     0   198   208.1K    3.791     1155  OK
443    4    5      1     1    32     0     4      1     0    1    1    0     1     0   198   208.1K    3.793     1155  OK
444    4    5      1     1    32     0     4      0     0    4    1    1     1     0   204   208.1K    3.822     1146  OK
445    4    5      1     1    32     0     4      1     0    4    1    1     1     0   204   208.1K    3.826     1145  OK
446    4    5      1     1    32     0     4      0     1    4    1    1     1     0   204   208.1K    3.826     1145  OK
447    4    5      1     1    32     0     4      1     1    4    1    1     1     0   204   208.1K    3.827     1145  OK
448    4    5      1     1    32     0     4      0     0    8    1    1     1     0   204   208.1K    3.854     1137  OK
449    4    5      1     1    32     0     4      0     1    6    1    1     1     0   204   208.1K    3.854     1136  OK
450    4    5      1     1    32     0     4      0     0    6    1    1     1     0   204   208.1K    3.856     1136  OK
451    4    5      1     1    32     0     4      0     1    8    1    1     1     0   204   208.1K    3.856     1136  OK
452    4    5      1     1    32     0     4      1     1    8    1    1     1     0   204   208.1K    3.862     1134  OK
453    4    5      1     1    32     0     4      1     0    6    1    1     1     0   204   208.1K    3.863     1134  OK
454    4    5      1     1    32     0     4      1     0    8    1    1     1     0   204   208.1K    3.863     1134  OK
455    4    5      1     1    32     0     4      1     1    6    1    1     1     0   204   208.1K    3.863     1134  OK
456    4    5      1     1    32     0     4      1     0    2    1    1     1     0   190   208.1K    3.881     1128  OK
457    4    5      1     1    32     0     4      0     0    2    1    0     1     0   198   208.1K    3.882     1128  OK
458    4    5      1     1    32     0     4      0     0    2    1    3     1     0   198   208.1K    3.884     1128  OK
459    4    5      1     1    32     0     4      0     1    2    1    0     1     0   198   208.1K    3.885     1127  OK
460    4    5      1     1    32     0     4      1     0    2    1    3     1     0   198   208.1K    3.886     1127  OK
461    4    5      1     1    32     0     4      1     1    2    1    0     1     0   198   208.1K    3.888     1127  OK
462    4    5      1     1    32     0     4      1     1    2    1    1     1     0   190   208.1K    3.888     1127  OK
463    4    5      1     1    32     0     4      1     1    2    1    3     1     0   198   208.1K    3.888     1126  OK
464    4    5      1     1    32     0     4      0     1    2    1    3     1     0   198   208.1K    3.889     1126  OK
465    4    5      1     1    32     0     4      1     0    2    1    0     1     0   198   208.1K    3.890     1126  OK
466    4    5      1     1    32     0     4      0     1    1    1    1     1     0   190   208.1K    3.896     1124  OK
467    4    5      1     1    32     0     4      0     0    1    1    1     1     0   190   208.1K    3.898     1124  OK
468    4    5      1     1    32     0     4      1     0    1    1    1     1     0   190   208.1K    3.903     1122  OK
469    4    5      1     1    32     0     4      1     1    1    1    1     1     0   190   208.1K    3.905     1122  OK
470    4    5      1     1    32     0     4      0     0    2    1    1     1     0   190   208.1K    3.909     1120  OK
471    4    5      1     1    32     0     4      0     1    2    1    1     1     0   190   208.1K    3.910     1120  OK
472    4    5      1     1    32     0     4      0     1    4    1    0     1     0   240   208.1K    3.923     1116  OK
473    4    5      1     1    32     0     4      0     0    4    1    3     1     0   240   208.1K    3.925     1116  OK
474    4    5      1     1    32     0     4      0     1    4    1    3     1     0   240   208.1K    3.925     1116  OK
475    4    5      1     1    32     0     4      0     0    4    1    0     1     0   240   208.1K    3.927     1115  OK
476    4    5      1     1    32     0     4      0     0    1    4    3     1     0   218   208.1K    3.935     1113  OK
477    4    5      1     1    32     0     4      1     0    4    1    3     1     0   240   208.1K    3.936     1113  OK
478    4    5      1     1    32     0     4      0     1    1    4    0     1     0   218   208.1K    3.936     1113  OK
479    4    5      1     1    32     0     4      1     1    4    1    3     1     0   240   208.1K    3.936     1113  OK
480    4    5      1     1    32     0     4      1     1    4    1    0     1     0   240   208.1K    3.937     1113  OK
481    4    5      1     1    32     0     4      0     0    1    4    0     1     0   218   208.1K    3.938     1112  OK
482    4    5      1     1    32     0     4      1     0    4    1    0     1     0   240   208.1K    3.938     1112  OK
483    4    5      1     1    32     0     4      0     1    1    4    3     1     0   218   208.1K    3.940     1112  OK
484    4    5      1     1    32     0     4      1     0    1    4    0     1     0   218   208.1K    3.961     1106  OK
485    4    5      1     1    32     0     4      1     1    1    4    1     1     0   210   208.1K    3.961     1106  OK
486    4    5      1     1    32     0     4      1     0    1    4    3     1     0   218   208.1K    3.964     1105  OK
487    4    5      1     1    32     0     4      1     1    1    4    3     1     0   218   208.1K    3.964     1105  OK
488    4    5      1     1    32     0     4      1     1    1    4    0     1     0   218   208.1K    3.965     1105  OK
489    4    5      1     1    32     0     4      0     1    1    0    0     1     0   218   208.1K    3.972     1103  OK
490    4    5      1     1    32     0     4      0     1    1    0    3     1     0   218   208.1K    3.972     1103  OK
491    4    5      1     1    32     0     4      0     0    1    4    1     1     0   210   208.1K    3.973     1102  OK
492    4    5      1     1    32     0     4      0     0    1    0    3     1     0   218   208.1K    3.973     1102  OK
493    4    5      1     1    32     0     4      1     0    1    4    1     1     0   210   208.1K    3.974     1102  OK
494    4    5      1     1    32     0     4      0     0    1    0    0     1     0   218   208.1K    3.975     1102  OK
495    4    5      1     1    32     0     4      0     1    1    4    1     1     0   210   208.1K    3.979     1101  OK
496    4    5      1     1    32     0     4      1     1    1    0    3     1     0   218   208.1K    3.989     1098  OK
497    4    5      1     1    32     0     4      0     1    8    4    1     1     0   220   208.1K    3.992     1097  OK
498    4    5      1     1    32     0     4      1     0    1    0    0     1     0   218   208.1K    3.993     1097  OK
499    4    5      1     1    32     0     4      0     0    6    4    1     1     0   220   208.1K    3.993     1097  OK
500    4    5      1     1    32     0     4      0     0    8    4    1     1     0   220   208.1K    3.993     1097  OK
501    4    5      1     1    32     0     4      0     1    6    4    1     1     0   220   208.1K    3.993     1097  OK
502    4    5      1     1    32     0     4      1     0    1    0    3     1     0   218   208.1K    3.994     1097  OK
503    4    5      1     1    32     0     4      1     1    1    0    0     1     0   218   208.1K    3.994     1097  OK
504    4    5      1     1    32     0     4      0     0    4    4    1     1     0   220   208.1K    3.998     1096  OK
505    4    5      1     1    32     0     4      0     1    4    4    1     1     0   220   208.1K    3.998     1096  OK
506    4    5      1     1    32     0     4      1     0    4    4    1     1     0   220   208.1K    4.004     1094  OK
507    4    5      1     1    32     0     4      1     1    4    4    1     1     0   220   208.1K    4.006     1093  OK
508    4    5      1     1    32     0     4      0     0    2    0    1     1     0   210   208.1K    4.008     1093  OK
509    4    5      1     1    32     0     4      0     1    2    0    1     1     0   210   208.1K    4.008     1093  OK
510    4    5      1     1    32     0     4      1     1    6    4    1     1     0   220   208.1K    4.009     1092  OK
511    4    5      1     1    32     0     4      1     1    8    4    1     1     0   220   208.1K    4.009     1093  OK
512    4    5      1     1    32     0     4      1     0    6    4    1     1     0   220   208.1K    4.010     1092  OK
513    4    5      1     1    32     0     4      1     0    8    4    1     1     0   220   208.1K    4.010     1092  OK
514    4    5      1     1    32     0     4      0     1    2    4    1     1     0   210   208.1K    4.012     1092  OK
515    4    5      1     1    32     0     4      0     0    2    4    1     1     0   210   208.1K    4.014     1091  OK
516    4    5      1     1    32     0     4      0     1    8    0    1     1     0   220   208.1K    4.018     1090  OK
517    4    5      1     1    32     0     4      0     0    8    0    1     1     0   220   208.1K    4.019     1090  OK
518    4    5      1     1    32     0     4      0     1    6    0    1     1     0   220   208.1K    4.020     1090  OK
519    4    5      1     1    32     0     4      0     0    6    0    1     1     0   220   208.1K    4.021     1089  OK
520    4    5      1     1    32     0     4      1     0    2    4    1     1     0   210   208.1K    4.033     1086  OK
521    4    5      1     1    32     0     4      1     0    2    0    1     1     0   210   208.1K    4.036     1085  OK
522    4    5      1     1    32     0     4      0     0    4    0    1     1     0   220   208.1K    4.037     1085  OK
523    4    5      1     1    32     0     4      1     1    2    0    1     1     0   210   208.1K    4.038     1085  OK
524    4    5      1     1    32     0     4      1     1    2    4    1     1     0   210   208.1K    4.040     1084  OK
525    4    5      1     1    32     0     4      0     1    4    0    1     1     0   220   208.1K    4.041     1084  OK
526    4    5      1     1    32     0     4      1     0    6    0    1     1     0   220   208.1K    4.042     1084  OK
527    4    5      1     1    32     0     4      1     1    6    0    1     1     0   220   208.1K    4.043     1083  OK
528    4    5      1     1    32     0     4      1     0    8    0    1     1     0   220   208.1K    4.044     1083  OK
529    4    5      1     1    32     0     4      1     1    8    0    1     1     0   220   208.1K    4.045     1083  OK
530    4    5      1     1    32     0     4      0     0    1    0    1     1     0   210   208.1K    4.053     1081  OK
531    4    5      1     1    32     0     4      0     1    1    0    1     1     0   210   208.1K    4.055     1080  OK
532    4    5      1     1    32     0     4      1     1    4    0    1     1     0   220   208.1K    4.059     1079  OK
533    4    5      1     1    32     0     4      1     0    4    0    1     1     0   220   208.1K    4.060     1079  OK
534    4    5      1     1    32     0     4      1     0    1    0    1     1     0   210   208.1K    4.064     1078  OK
535    4    5      1     1    32     0     4      0     0    2    4    0     1     0   218   208.1K    4.064     1078  OK
536    4    5      1     1    32     0     4      0     1    2    4    0     1     0   218   208.1K    4.064     1078  OK
537    4    5      1     1    32     0     4      0     1    2    4    3     1     0   218   208.1K    4.065     1077  OK
538    4    5      1     1    32     0     4      1     1    6    1    0     1     0   212   208.1K    4.065     1077  OK
539    4    5      1     1    32     0     4      0     0    2    4    3     1     0   218   208.1K    4.066     1077  OK
540    4    5      1     1    32     0     4      0     0    4    4    3     1     0   245   208.1K    4.066     1077  OK
541    4    5      1     1    32     0     4      1     1    1    0    1     1     0   210   208.1K    4.066     1077  OK
542    4    5      1     1    32     0     4      0     1    4    4    0     1     0   245   208.1K    4.066     1077  OK
543    4    5      1     1    32     0     4      0     1    4    4    3     1     0   245   208.1K    4.066     1077  OK
544    4    5      1     1    32     0     4      1     1    8    1    0     1     0   241   208.1K    4.066     1077  OK
545    4    5      1     1    32     0     4      0     0    4    4    0     1     0   245   208.1K    4.067     1077  OK
546    4    5      1     1    32     0     4      1     0    6    1    3     1     0   212   208.1K    4.067     1077  OK
547    4    5      1     1    32     0     4      0     0    8    1    0     1     0   241   208.1K    4.067     1077  OK
548    4    5      1     1    32     0     4      1     1    8    1    3     1     0   241   208.1K    4.067     1077  OK
549    4    5      1     1    32     0     4      1     0    2    4    3     1     0   218   208.1K    4.068     1077  OK
550    4    5      1     1    32     0     4      1     0    6    1    0     1     0   212   208.1K    4.068     1077  OK
551    4    5      1     1    32     0     4      1     0    8    1    3     1     0   241   208.1K    4.068     1077  OK
552    4    5      1     1    32     0     4      1     1    2    4    3     1     0   218   208.1K    4.068     1077  OK
553    4    5      1     1    32     0     4      0     0    8    1    3     1     0   241   208.1K    4.069     1077  OK
554    4    5      1     1    32     0     4      1     0    8    1    0     1     0   241   208.1K    4.069     1076  OK
555    4    5      1     1    32     0     4      1     1    6    1    3     1     0   212   208.1K    4.069     1076  OK
556    4    5      1     1    32     0     4      0     1    8    1    0     1     0   241   208.1K    4.069     1076  OK
557    4    5      1     1    32     0     4      1     0    2    4    0     1     0   218   208.1K    4.070     1076  OK
558    4    5      1     1    32     0     4      0     0    6    1    3     1     0   212   208.1K    4.070     1076  OK
559    4    5      1     1    32     0     4      1     1    2    4    0     1     0   218   208.1K    4.071     1076  OK
560    4    5      1     1    32     0     4      0     1    8    1    3     1     0   241   208.1K    4.071     1076  OK
561    4    5      1     1    32     0     4      0     1    6    1    0     1     0   212   208.1K    4.072     1076  OK
562    4    5      1     1    32     0     4      0     1    6    1    3     1     0   212   208.1K    4.073     1075  OK
563    4    5      1     1    32     0     4      0     0    6    1    0     1     0   212   208.1K    4.074     1075  OK
564    4    5      1     1    32     0     4      0     0    2    0    0     1     0   218   208.1K    4.076     1075  OK
565    4    5      1     1    32     0     4      0     1    2    0    0     1     0   218   208.1K    4.079     1074  OK
566    4    5      1     1    32     0     4      0     0    2    0    3     1     0   218   208.1K    4.080     1074  OK
567    4    5      1     1    32     0     4      0     1    2    0    3     1     0   218   208.1K    4.080     1073  OK
568    4    5      1     1    32     0     4      1     1    2    0    0     1     0   218   208.1K    4.098     1069  OK
569    4    5      1     1    32     0     4      1     0    2    0    0     1     0   218   208.1K    4.099     1068  OK
570    4    5      1     1    32     0     4      1     0    2    0    3     1     0   218   208.1K    4.099     1069  OK
571    4    5      1     1    32     0     4      1     1    2    0    3     1     0   218   208.1K    4.101     1068  OK
572    4    5      1     1    32     0     4      1     0    4    4    3     1     0   245   208.1K    4.108     1066  OK
573    4    5      1     1    32     0     4      1     1    4    4    3     1     0   245   208.1K    4.109     1066  OK
574    4    5      1     1    32     0     4      1     0    4    4    0     1     0   245   208.1K    4.111     1065  OK
575    4    5      1     1    32     0     4      1     1    4    4    0     1     0   245   208.1K    4.111     1066  OK
576    4    5      1     1    32     0     4      0     0    8    4    0     1     0   245   208.1K    4.145     1057  OK
577    4    5      1     1    32     0     4      0     1    8    4    0     1     0   245   208.1K    4.145     1057  OK
578    4    5      1     1    32     0     4      0     0    8    4    3     1     0   245   208.1K    4.146     1056  OK
579    4    5      1     1    32     0     4      0     1    8    4    3     1     0   245   208.1K    4.146     1057  OK
580    4    5      1     1    32     0     4      0     0    6    4    0     1     0   227   208.1K    4.164     1052  OK
581    4    5      1     1    32     0     4      0     1    6    4    0     1     0   227   208.1K    4.164     1052  OK
582    4    5      1     1    32     0     4      0     0    6    4    3     1     0   227   208.1K    4.165     1052  OK
583    4    5      1     1    32     0     4      0     1    6    4    3     1     0   227   208.1K    4.167     1051  OK
584    4    5      1     1    32     0     4      1     0    8    4    0     1     0   245   208.1K    4.168     1051  OK
585    4    5      1     1    32     0     4      1     1    8    4    3     1     0   245   208.1K    4.168     1051  OK
586    4    5      1     1    32     0     4      1     0    8    4    3     1     0   245   208.1K    4.169     1051  OK
587    4    5      1     1    32     0     4      1     1    8    4    0     1     0   245   208.1K    4.170     1050  OK
588    4    5      1     1    32     0     4      1     0    6    4    3     1     0   227   208.1K    4.181     1048  OK
589    4    5      1     1    32     0     4      1     1    6    4    0     1     0   227   208.1K    4.182     1047  OK
590    4    5      1     1    32     0     4      1     0    6    4    0     1     0   227   208.1K    4.183     1047  OK
591    4    5      1     1    32     0     4      1     1    6    4    3     1     0   227   208.1K    4.184     1047  OK
592    4    5      1     1    32     0     4      1     0    4    0    0     1     0   245   208.1K    4.185     1047  OK
593    4    5      1     1    32     0     4      1     0    4    0    3     1     0   245   208.1K    4.185     1047  OK
594    4    5      1     1    32     0     4      1     1    4    0    0     1     0   245   208.1K    4.185     1047  OK
595    4    5      1     1    32     0     4      1     1    4    0    3     1     0   245   208.1K    4.185     1046  OK
596    4    5      1     1    32     0     4      0     0    8    0    0     1     0   245   208.1K    4.187     1046  OK
597    4    5      1     1    32     0     4      1     0    8    0    0     1     0   245   208.1K    4.187     1046  OK
598    4    5      1     1    32     0     4      1     0    8    0    3     1     0   245   208.1K    4.188     1046  OK
599    4    5      1     1    32     0     4      0     1    8    0    3     1     0   245   208.1K    4.188     1046  OK
600    4    5      1     1    32     0     4      1     1    8    0    0     1     0   245   208.1K    4.188     1046  OK
601    4    5      1     1    32     0     4      0     0    8    0    3     1     0   245   208.1K    4.189     1046  OK
602    4    5      1     1    32     0     4      1     1    8    0    3     1     0   245   208.1K    4.189     1045  OK
603    4    5      1     1    32     0     4      0     1    8    0    0     1     0   245   208.1K    4.190     1045  OK
604    4    5      1     1    32     0     4      0     0    4    0    0     1     0   245   208.1K    4.191     1045  OK
605    4    5      1     1    32     0     4      0     0    4    0    3     1     0   245   208.1K    4.192     1045  OK
606    4    5      1     1    32     0     4      0     1    4    0    0     1     0   245   208.1K    4.192     1045  OK
607    4    5      1     1    32     0     4      0     1    4    0    3     1     0   245   208.1K    4.192     1045  OK
608    4    5      1     1    32     0     4      0     0    6    0    3     1     0   227   208.1K    4.194     1044  OK
609    4    5      1     1    32     0     4      0     1    6    0    3     1     0   227   208.1K    4.194     1044  OK
610    4    5      1     1    32     0     4      0     0    6    0    0     1     0   227   208.1K    4.195     1044  OK
611    4    5      1     1    32     0     4      0     1    6    0    0     1     0   227   208.1K    4.195     1044  OK
612    4    5      1     1    32     0     4      1     0    6    0    0     1     0   227   208.1K    4.244     1032  OK
613    4    5      1     1    32     0     4      1     0    6    0    3     1     0   227   208.1K    4.245     1032  OK
614    4    5      1     1    32     0     4      1     1    6    0    0     1     0   227   208.1K    4.246     1032  OK
615    4    5      1     1    32     0     4      1     1    6    0    3     1     0   227   208.1K    4.246     1032  OK
616    4    5      0     0    64     0     2      1     1    4    0    0     1     0     0   208.1K        -        -  COMPILE_FAIL
617    4    5      0     0    64    40     2      1     1    4    0    0     1     0     0   208.1K        -        -  COMPILE_FAIL
618    4    5      0     0    64    60     2      1     1    4    0    0     1     0     0   208.1K        -        -  COMPILE_FAIL
619    4    5      0     0    64    80     2      1     1    4    0    0     1     0     0   208.1K        -        -  COMPILE_FAIL
620    4    5      0     0    64   100     2      1     1    4    0    0     1     0     0   208.1K        -        -  COMPILE_FAIL
621    4    5      0     0    64   120     2      1     1    4    0    0     1     0     0   208.1K        -        -  COMPILE_FAIL
622    4    5      0     0    64   160     2      1     1    4    0    0     1     0     0   208.1K        -        -  COMPILE_FAIL
623    4    5      0     0    64   200     2      1     1    4    0    0     1     0     0   208.1K        -        -  COMPILE_FAIL
624    4    5      0     1    64     0     2      1     1    4    0    0     1     0     0   208.1K        -        -  COMPILE_FAIL
625    4    5      0     1    64    40     2      1     1    4    0    0     1     0     0   208.1K        -        -  COMPILE_FAIL
626    4    5      0     1    64    60     2      1     1    4    0    0     1     0     0   208.1K        -        -  COMPILE_FAIL
627    4    5      0     1    64    80     2      1     1    4    0    0     1     0     0   208.1K        -        -  COMPILE_FAIL
628    4    5      0     1    64   100     2      1     1    4    0    0     1     0     0   208.1K        -        -  COMPILE_FAIL
629    4    5      0     1    64   120     2      1     1    4    0    0     1     0     0   208.1K        -        -  COMPILE_FAIL
630    4    5      0     1    64   160     2      1     1    4    0    0     1     0     0   208.1K        -        -  COMPILE_FAIL
631    4    5      0     1    64   200     2      1     1    4    0    0     1     0     0   208.1K        -        -  COMPILE_FAIL
632    4    5      1     0    64     0     2      1     1    4    0    0     1     0     0   208.1K        -        -  COMPILE_FAIL
633    4    5      1     0    64    40     2      1     1    4    0    0     1     0     0   208.1K        -        -  COMPILE_FAIL
634    4    5      1     0    64    60     2      1     1    4    0    0     1     0     0   208.1K        -        -  COMPILE_FAIL
635    4    5      1     0    64    80     2      1     1    4    0    0     1     0     0   208.1K        -        -  COMPILE_FAIL
636    4    5      1     0    64   100     2      1     1    4    0    0     1     0     0   208.1K        -        -  COMPILE_FAIL
637    4    5      1     0    64   120     2      1     1    4    0    0     1     0     0   208.1K        -        -  COMPILE_FAIL
638    4    5      1     0    64   160     2      1     1    4    0    0     1     0     0   208.1K        -        -  COMPILE_FAIL
639    4    5      1     0    64   200     2      1     1    4    0    0     1     0     0   208.1K        -        -  COMPILE_FAIL
640    4    5      1     1    64     0     2      1     1    4    0    0     1     0     0   208.1K        -        -  COMPILE_FAIL
641    4    5      1     1    64    40     2      1     1    4    0    0     1     0     0   208.1K        -        -  COMPILE_FAIL
642    4    5      1     1    64    60     2      1     1    4    0    0     1     0     0   208.1K        -        -  COMPILE_FAIL
643    4    5      1     1    64    80     2      1     1    4    0    0     1     0     0   208.1K        -        -  COMPILE_FAIL
644    4    5      1     1    64   100     2      1     1    4    0    0     1     0     0   208.1K        -        -  COMPILE_FAIL
645    4    5      1     1    64   120     2      1     1    4    0    0     1     0     0   208.1K        -        -  COMPILE_FAIL
646    4    5      1     1    64   160     2      1     1    4    0    0     1     0     0   208.1K        -        -  COMPILE_FAIL
647    4    5      1     1    64   200     2      1     1    4    0    0     1     0     0   208.1K        -        -  COMPILE_FAIL
648    4    5      2     0    64     0     2      1     1    4    0    0     1     0     0   208.1K        -        -  COMPILE_FAIL
649    4    5      2     0    64    40     2      1     1    4    0    0     1     0     0   208.1K        -        -  COMPILE_FAIL
650    4    5      2     0    64    60     2      1     1    4    0    0     1     0     0   208.1K        -        -  COMPILE_FAIL
651    4    5      2     0    64    80     2      1     1    4    0    0     1     0     0   208.1K        -        -  COMPILE_FAIL
652    4    5      2     0    64   100     2      1     1    4    0    0     1     0     0   208.1K        -        -  COMPILE_FAIL
653    4    5      2     0    64   120     2      1     1    4    0    0     1     0     0   208.1K        -        -  COMPILE_FAIL
654    4    5      2     0    64   160     2      1     1    4    0    0     1     0     0   208.1K        -        -  COMPILE_FAIL
655    4    5      2     0    64   200     2      1     1    4    0    0     1     0     0   208.1K        -        -  COMPILE_FAIL
656    4    5      2     1    64     0     2      1     1    4    0    0     1     0     0   208.1K        -        -  COMPILE_FAIL
657    4    5      2     1    64    40     2      1     1    4    0    0     1     0     0   208.1K        -        -  COMPILE_FAIL
658    4    5      2     1    64    60     2      1     1    4    0    0     1     0     0   208.1K        -        -  COMPILE_FAIL
659    4    5      2     1    64    80     2      1     1    4    0    0     1     0     0   208.1K        -        -  COMPILE_FAIL
660    4    5      2     1    64   100     2      1     1    4    0    0     1     0     0   208.1K        -        -  COMPILE_FAIL
661    4    5      2     1    64   120     2      1     1    4    0    0     1     0     0   208.1K        -        -  COMPILE_FAIL
662    4    5      2     1    64   160     2      1     1    4    0    0     1     0     0   208.1K        -        -  COMPILE_FAIL
663    4    5      2     1    64   200     2      1     1    4    0    0     1     0     0   208.1K        -        -  COMPILE_FAIL
664    4    5      3     0    64     0     2      1     1    4    0    0     1     0     0   208.1K        -        -  COMPILE_FAIL
665    4    5      3     0    64    40     2      1     1    4    0    0     1     0     0   208.1K        -        -  COMPILE_FAIL
666    4    5      3     0    64    60     2      1     1    4    0    0     1     0     0   208.1K        -        -  COMPILE_FAIL
667    4    5      3     0    64    80     2      1     1    4    0    0     1     0     0   208.1K        -        -  COMPILE_FAIL
668    4    5      3     0    64   100     2      1     1    4    0    0     1     0     0   208.1K        -        -  COMPILE_FAIL
669    4    5      3     0    64   120     2      1     1    4    0    0     1     0     0   208.1K        -        -  COMPILE_FAIL
670    4    5      3     0    64   160     2      1     1    4    0    0     1     0     0   208.1K        -        -  COMPILE_FAIL
671    4    5      3     0    64   200     2      1     1    4    0    0     1     0     0   208.1K        -        -  COMPILE_FAIL
672    4    5      3     1    64     0     2      1     1    4    0    0     1     0     0   208.1K        -        -  COMPILE_FAIL
673    4    5      3     1    64    40     2      1     1    4    0    0     1     0     0   208.1K        -        -  COMPILE_FAIL
674    4    5      3     1    64    60     2      1     1    4    0    0     1     0     0   208.1K        -        -  COMPILE_FAIL
675    4    5      3     1    64    80     2      1     1    4    0    0     1     0     0   208.1K        -        -  COMPILE_FAIL
676    4    5      3     1    64   100     2      1     1    4    0    0     1     0     0   208.1K        -        -  COMPILE_FAIL
677    4    5      3     1    64   120     2      1     1    4    0    0     1     0     0   208.1K        -        -  COMPILE_FAIL
678    4    5      3     1    64   160     2      1     1    4    0    0     1     0     0   208.1K        -        -  COMPILE_FAIL
679    4    5      3     1    64   200     2      1     1    4    0    0     1     0     0   208.1K        -        -  COMPILE_FAIL

CSV written to /root/siglip/data/session_20260313_031324/sweep_fc1_gelu.csv

Best: -DINTERLEAVE_STRATEGY=1 -DK_LOOP_UNROLL=1 -DMBAR_EARLY=1 -DNUM_EPI_WARPS=5 -DPREFETCH_BEFORE_STORE=1 -DPRELOAD_MODE=2 -DSTAGGER_CYCLES=0 -DSUB_MMA_UNROLL=1 -DW0_LOOP_UNROLL=1 → 2.472 ms / 1772 TFLOPS (188 regs)
