Kernel: patch_embed (patch_embed.cu)

=== Tier 1: N_STAGES, NUM_EPI_WARPS ===
Sweep: 6 total, 5 valid, 1 pruned
Estimated time: ~0 min (5 configs × ~5s each)

[1/5] -DN_STAGES=3 ... 0.575 ms / 1905 TFLOPS  (154 regs, 3.7s)
[2/5] (defaults) ... 0.525 ms / 2085 TFLOPS  (209 regs, 2.8s)
[3/5] -DN_STAGES=5 ... 0.539 ms / 2033 TFLOPS  (229 regs, 2.8s)
[4/5] -DNUM_EPI_WARPS=5 -DN_STAGES=3 ... 0.631 ms / 1735 TFLOPS  (157 regs, 2.8s)
[5/5] -DNUM_EPI_WARPS=5 ... 0.525 ms / 2086 TFLOPS  (211 regs, 2.9s)

Tier 1 winner: (defaults) → 0.525 ms / 2085 TFLOPS

=== Tier 2: INTERLEAVE_STRATEGY, MBAR_EARLY, STAGGER_CYCLES, TMEM_LOAD_WIDTH ===
Sweep: 128 total, 128 valid, 0 pruned
Estimated time: ~11 min (128 configs × ~5s each)

[1/128] -DINTERLEAVE_STRATEGY=0 -DSTAGGER_CYCLES=0 ... 0.557 ms / 1965 TFLOPS  (207 regs, 2.8s)
[2/128] -DINTERLEAVE_STRATEGY=0 -DSTAGGER_CYCLES=0 -DTMEM_LOAD_WIDTH=64 ... COMPILE_FAIL  (0.4s)
[3/128] -DINTERLEAVE_STRATEGY=0 -DSTAGGER_CYCLES=40 ... 0.557 ms / 1965 TFLOPS  (208 regs, 2.9s)
[4/128] -DINTERLEAVE_STRATEGY=0 -DSTAGGER_CYCLES=40 -DTMEM_LOAD_WIDTH=64 ... COMPILE_FAIL  (0.4s)
[5/128] -DINTERLEAVE_STRATEGY=0 -DSTAGGER_CYCLES=60 ... 0.555 ms / 1973 TFLOPS  (208 regs, 2.8s)
[6/128] -DINTERLEAVE_STRATEGY=0 -DSTAGGER_CYCLES=60 -DTMEM_LOAD_WIDTH=64 ... COMPILE_FAIL  (0.4s)
[7/128] -DINTERLEAVE_STRATEGY=0 ... 0.556 ms / 1970 TFLOPS  (208 regs, 2.8s)
[8/128] -DINTERLEAVE_STRATEGY=0 -DTMEM_LOAD_WIDTH=64 ... COMPILE_FAIL  (0.4s)
[9/128] -DINTERLEAVE_STRATEGY=0 -DSTAGGER_CYCLES=100 ... 0.556 ms / 1968 TFLOPS  (208 regs, 2.8s)
[10/128] -DINTERLEAVE_STRATEGY=0 -DSTAGGER_CYCLES=100 -DTMEM_LOAD_WIDTH=64 ... COMPILE_FAIL  (0.4s)
[11/128] -DINTERLEAVE_STRATEGY=0 -DSTAGGER_CYCLES=120 ... 0.555 ms / 1971 TFLOPS  (208 regs, 2.8s)
[12/128] -DINTERLEAVE_STRATEGY=0 -DSTAGGER_CYCLES=120 -DTMEM_LOAD_WIDTH=64 ... COMPILE_FAIL  (0.4s)
[13/128] -DINTERLEAVE_STRATEGY=0 -DSTAGGER_CYCLES=160 ... 0.555 ms / 1971 TFLOPS  (208 regs, 2.8s)
[14/128] -DINTERLEAVE_STRATEGY=0 -DSTAGGER_CYCLES=160 -DTMEM_LOAD_WIDTH=64 ... COMPILE_FAIL  (0.4s)
[15/128] -DINTERLEAVE_STRATEGY=0 -DSTAGGER_CYCLES=200 ... 0.555 ms / 1974 TFLOPS  (208 regs, 2.9s)
[16/128] -DINTERLEAVE_STRATEGY=0 -DSTAGGER_CYCLES=200 -DTMEM_LOAD_WIDTH=64 ... COMPILE_FAIL  (0.4s)
[17/128] -DINTERLEAVE_STRATEGY=0 -DMBAR_EARLY=1 -DSTAGGER_CYCLES=0 ... 0.556 ms / 1968 TFLOPS  (207 regs, 2.8s)
[18/128] -DINTERLEAVE_STRATEGY=0 -DMBAR_EARLY=1 -DSTAGGER_CYCLES=0 -DTMEM_LOAD_WIDTH=64 ... COMPILE_FAIL  (0.4s)
[19/128] -DINTERLEAVE_STRATEGY=0 -DMBAR_EARLY=1 -DSTAGGER_CYCLES=40 ... 0.556 ms / 1968 TFLOPS  (208 regs, 2.8s)
[20/128] -DINTERLEAVE_STRATEGY=0 -DMBAR_EARLY=1 -DSTAGGER_CYCLES=40 -DTMEM_LOAD_WIDTH=64 ... COMPILE_FAIL  (0.4s)
[21/128] -DINTERLEAVE_STRATEGY=0 -DMBAR_EARLY=1 -DSTAGGER_CYCLES=60 ... 0.557 ms / 1965 TFLOPS  (208 regs, 2.8s)
[22/128] -DINTERLEAVE_STRATEGY=0 -DMBAR_EARLY=1 -DSTAGGER_CYCLES=60 -DTMEM_LOAD_WIDTH=64 ... COMPILE_FAIL  (0.4s)
[23/128] -DINTERLEAVE_STRATEGY=0 -DMBAR_EARLY=1 ... 0.557 ms / 1967 TFLOPS  (208 regs, 2.8s)
[24/128] -DINTERLEAVE_STRATEGY=0 -DMBAR_EARLY=1 -DTMEM_LOAD_WIDTH=64 ... COMPILE_FAIL  (0.4s)
[25/128] -DINTERLEAVE_STRATEGY=0 -DMBAR_EARLY=1 -DSTAGGER_CYCLES=100 ... 0.557 ms / 1966 TFLOPS  (208 regs, 2.9s)
[26/128] -DINTERLEAVE_STRATEGY=0 -DMBAR_EARLY=1 -DSTAGGER_CYCLES=100 -DTMEM_LOAD_WIDTH=64 ... COMPILE_FAIL  (0.4s)
[27/128] -DINTERLEAVE_STRATEGY=0 -DMBAR_EARLY=1 -DSTAGGER_CYCLES=120 ... 0.556 ms / 1968 TFLOPS  (208 regs, 2.9s)
[28/128] -DINTERLEAVE_STRATEGY=0 -DMBAR_EARLY=1 -DSTAGGER_CYCLES=120 -DTMEM_LOAD_WIDTH=64 ... COMPILE_FAIL  (0.4s)
[29/128] -DINTERLEAVE_STRATEGY=0 -DMBAR_EARLY=1 -DSTAGGER_CYCLES=160 ... 0.557 ms / 1966 TFLOPS  (208 regs, 2.8s)
[30/128] -DINTERLEAVE_STRATEGY=0 -DMBAR_EARLY=1 -DSTAGGER_CYCLES=160 -DTMEM_LOAD_WIDTH=64 ... COMPILE_FAIL  (0.4s)
[31/128] -DINTERLEAVE_STRATEGY=0 -DMBAR_EARLY=1 -DSTAGGER_CYCLES=200 ... 0.558 ms / 1963 TFLOPS  (208 regs, 2.8s)
[32/128] -DINTERLEAVE_STRATEGY=0 -DMBAR_EARLY=1 -DSTAGGER_CYCLES=200 -DTMEM_LOAD_WIDTH=64 ... COMPILE_FAIL  (0.4s)
[33/128] -DINTERLEAVE_STRATEGY=1 -DSTAGGER_CYCLES=0 ... 0.533 ms / 2055 TFLOPS  (205 regs, 2.8s)
[34/128] -DINTERLEAVE_STRATEGY=1 -DSTAGGER_CYCLES=0 -DTMEM_LOAD_WIDTH=64 ... COMPILE_FAIL  (0.4s)
[35/128] -DINTERLEAVE_STRATEGY=1 -DSTAGGER_CYCLES=40 ... 0.534 ms / 2052 TFLOPS  (206 regs, 2.9s)
[36/128] -DINTERLEAVE_STRATEGY=1 -DSTAGGER_CYCLES=40 -DTMEM_LOAD_WIDTH=64 ... COMPILE_FAIL  (0.4s)
[37/128] -DINTERLEAVE_STRATEGY=1 -DSTAGGER_CYCLES=60 ... 0.532 ms / 2057 TFLOPS  (206 regs, 2.9s)
[38/128] -DINTERLEAVE_STRATEGY=1 -DSTAGGER_CYCLES=60 -DTMEM_LOAD_WIDTH=64 ... COMPILE_FAIL  (0.4s)
[39/128] -DINTERLEAVE_STRATEGY=1 ... 0.531 ms / 2061 TFLOPS  (206 regs, 2.8s)
[40/128] -DINTERLEAVE_STRATEGY=1 -DTMEM_LOAD_WIDTH=64 ... COMPILE_FAIL  (0.4s)
[41/128] -DINTERLEAVE_STRATEGY=1 -DSTAGGER_CYCLES=100 ... 0.531 ms / 2062 TFLOPS  (206 regs, 2.9s)
[42/128] -DINTERLEAVE_STRATEGY=1 -DSTAGGER_CYCLES=100 -DTMEM_LOAD_WIDTH=64 ... COMPILE_FAIL  (0.4s)
[43/128] -DINTERLEAVE_STRATEGY=1 -DSTAGGER_CYCLES=120 ... 0.530 ms / 2065 TFLOPS  (206 regs, 2.9s)
[44/128] -DINTERLEAVE_STRATEGY=1 -DSTAGGER_CYCLES=120 -DTMEM_LOAD_WIDTH=64 ... COMPILE_FAIL  (0.4s)
[45/128] -DINTERLEAVE_STRATEGY=1 -DSTAGGER_CYCLES=160 ... 0.530 ms / 2066 TFLOPS  (206 regs, 2.9s)
[46/128] -DINTERLEAVE_STRATEGY=1 -DSTAGGER_CYCLES=160 -DTMEM_LOAD_WIDTH=64 ... COMPILE_FAIL  (0.4s)
[47/128] -DINTERLEAVE_STRATEGY=1 -DSTAGGER_CYCLES=200 ... 0.533 ms / 2053 TFLOPS  (206 regs, 2.8s)
[48/128] -DINTERLEAVE_STRATEGY=1 -DSTAGGER_CYCLES=200 -DTMEM_LOAD_WIDTH=64 ... COMPILE_FAIL  (0.4s)
[49/128] -DINTERLEAVE_STRATEGY=1 -DMBAR_EARLY=1 -DSTAGGER_CYCLES=0 ... 0.535 ms / 2046 TFLOPS  (206 regs, 2.8s)
[50/128] -DINTERLEAVE_STRATEGY=1 -DMBAR_EARLY=1 -DSTAGGER_CYCLES=0 -DTMEM_LOAD_WIDTH=64 ... COMPILE_FAIL  (0.4s)
[51/128] -DINTERLEAVE_STRATEGY=1 -DMBAR_EARLY=1 -DSTAGGER_CYCLES=40 ... 0.530 ms / 2066 TFLOPS  (208 regs, 2.9s)
[52/128] -DINTERLEAVE_STRATEGY=1 -DMBAR_EARLY=1 -DSTAGGER_CYCLES=40 -DTMEM_LOAD_WIDTH=64 ... COMPILE_FAIL  (0.4s)
[53/128] -DINTERLEAVE_STRATEGY=1 -DMBAR_EARLY=1 -DSTAGGER_CYCLES=60 ... 0.531 ms / 2061 TFLOPS  (208 regs, 2.9s)
[54/128] -DINTERLEAVE_STRATEGY=1 -DMBAR_EARLY=1 -DSTAGGER_CYCLES=60 -DTMEM_LOAD_WIDTH=64 ... COMPILE_FAIL  (0.4s)
[55/128] -DINTERLEAVE_STRATEGY=1 -DMBAR_EARLY=1 ... 0.529 ms / 2069 TFLOPS  (208 regs, 2.9s)
[56/128] -DINTERLEAVE_STRATEGY=1 -DMBAR_EARLY=1 -DTMEM_LOAD_WIDTH=64 ... COMPILE_FAIL  (0.4s)
[57/128] -DINTERLEAVE_STRATEGY=1 -DMBAR_EARLY=1 -DSTAGGER_CYCLES=100 ... 0.529 ms / 2068 TFLOPS  (208 regs, 2.9s)
[58/128] -DINTERLEAVE_STRATEGY=1 -DMBAR_EARLY=1 -DSTAGGER_CYCLES=100 -DTMEM_LOAD_WIDTH=64 ... COMPILE_FAIL  (0.4s)
[59/128] -DINTERLEAVE_STRATEGY=1 -DMBAR_EARLY=1 -DSTAGGER_CYCLES=120 ... 0.530 ms / 2064 TFLOPS  (208 regs, 2.8s)
[60/128] -DINTERLEAVE_STRATEGY=1 -DMBAR_EARLY=1 -DSTAGGER_CYCLES=120 -DTMEM_LOAD_WIDTH=64 ... COMPILE_FAIL  (0.4s)
[61/128] -DINTERLEAVE_STRATEGY=1 -DMBAR_EARLY=1 -DSTAGGER_CYCLES=160 ... 0.527 ms / 2076 TFLOPS  (208 regs, 2.8s)
[62/128] -DINTERLEAVE_STRATEGY=1 -DMBAR_EARLY=1 -DSTAGGER_CYCLES=160 -DTMEM_LOAD_WIDTH=64 ... COMPILE_FAIL  (0.4s)
[63/128] -DINTERLEAVE_STRATEGY=1 -DMBAR_EARLY=1 -DSTAGGER_CYCLES=200 ... 0.531 ms / 2061 TFLOPS  (208 regs, 2.9s)
[64/128] -DINTERLEAVE_STRATEGY=1 -DMBAR_EARLY=1 -DSTAGGER_CYCLES=200 -DTMEM_LOAD_WIDTH=64 ... COMPILE_FAIL  (0.4s)
[65/128] -DSTAGGER_CYCLES=0 ... 0.530 ms / 2068 TFLOPS  (208 regs, 2.8s)
[66/128] -DSTAGGER_CYCLES=0 -DTMEM_LOAD_WIDTH=64 ... COMPILE_FAIL  (0.4s)
[67/128] -DSTAGGER_CYCLES=40 ... 0.528 ms / 2075 TFLOPS  (209 regs, 2.9s)
[68/128] -DSTAGGER_CYCLES=40 -DTMEM_LOAD_WIDTH=64 ... COMPILE_FAIL  (0.4s)
[69/128] -DSTAGGER_CYCLES=60 ... 0.526 ms / 2081 TFLOPS  (209 regs, 2.8s)
[70/128] -DSTAGGER_CYCLES=60 -DTMEM_LOAD_WIDTH=64 ... COMPILE_FAIL  (0.4s)
[71/128] (defaults) ... 0.527 ms / 2077 TFLOPS  (209 regs, 2.9s)
[72/128] -DTMEM_LOAD_WIDTH=64 ... COMPILE_FAIL  (0.4s)
[73/128] -DSTAGGER_CYCLES=100 ... 0.525 ms / 2084 TFLOPS  (209 regs, 2.8s)
[74/128] -DSTAGGER_CYCLES=100 -DTMEM_LOAD_WIDTH=64 ... COMPILE_FAIL  (0.4s)
[75/128] -DSTAGGER_CYCLES=120 ... 0.524 ms / 2089 TFLOPS  (209 regs, 2.9s)
[76/128] -DSTAGGER_CYCLES=120 -DTMEM_LOAD_WIDTH=64 ... COMPILE_FAIL  (0.4s)
[77/128] -DSTAGGER_CYCLES=160 ... 0.524 ms / 2088 TFLOPS  (209 regs, 2.9s)
[78/128] -DSTAGGER_CYCLES=160 -DTMEM_LOAD_WIDTH=64 ... COMPILE_FAIL  (0.4s)
[79/128] -DSTAGGER_CYCLES=200 ... 0.525 ms / 2085 TFLOPS  (209 regs, 2.9s)
[80/128] -DSTAGGER_CYCLES=200 -DTMEM_LOAD_WIDTH=64 ... COMPILE_FAIL  (0.4s)
[81/128] -DMBAR_EARLY=1 -DSTAGGER_CYCLES=0 ... 0.528 ms / 2075 TFLOPS  (209 regs, 2.9s)
[82/128] -DMBAR_EARLY=1 -DSTAGGER_CYCLES=0 -DTMEM_LOAD_WIDTH=64 ... COMPILE_FAIL  (0.4s)
[83/128] -DMBAR_EARLY=1 -DSTAGGER_CYCLES=40 ... 0.525 ms / 2084 TFLOPS  (210 regs, 2.9s)
[84/128] -DMBAR_EARLY=1 -DSTAGGER_CYCLES=40 -DTMEM_LOAD_WIDTH=64 ... COMPILE_FAIL  (0.4s)
[85/128] -DMBAR_EARLY=1 -DSTAGGER_CYCLES=60 ... 0.525 ms / 2087 TFLOPS  (210 regs, 2.9s)
[86/128] -DMBAR_EARLY=1 -DSTAGGER_CYCLES=60 -DTMEM_LOAD_WIDTH=64 ... COMPILE_FAIL  (0.4s)
[87/128] -DMBAR_EARLY=1 ... 0.524 ms / 2090 TFLOPS  (210 regs, 2.9s)
[88/128] -DMBAR_EARLY=1 -DTMEM_LOAD_WIDTH=64 ... COMPILE_FAIL  (0.4s)
[89/128] -DMBAR_EARLY=1 -DSTAGGER_CYCLES=100 ... 0.525 ms / 2084 TFLOPS  (210 regs, 2.9s)
[90/128] -DMBAR_EARLY=1 -DSTAGGER_CYCLES=100 -DTMEM_LOAD_WIDTH=64 ... COMPILE_FAIL  (0.4s)
[91/128] -DMBAR_EARLY=1 -DSTAGGER_CYCLES=120 ... 0.524 ms / 2088 TFLOPS  (210 regs, 2.9s)
[92/128] -DMBAR_EARLY=1 -DSTAGGER_CYCLES=120 -DTMEM_LOAD_WIDTH=64 ... COMPILE_FAIL  (0.4s)
[93/128] -DMBAR_EARLY=1 -DSTAGGER_CYCLES=160 ... 0.522 ms / 2099 TFLOPS  (210 regs, 2.9s)
[94/128] -DMBAR_EARLY=1 -DSTAGGER_CYCLES=160 -DTMEM_LOAD_WIDTH=64 ... COMPILE_FAIL  (0.4s)
[95/128] -DMBAR_EARLY=1 -DSTAGGER_CYCLES=200 ... 0.526 ms / 2081 TFLOPS  (210 regs, 2.9s)
[96/128] -DMBAR_EARLY=1 -DSTAGGER_CYCLES=200 -DTMEM_LOAD_WIDTH=64 ... COMPILE_FAIL  (0.4s)
[97/128] -DINTERLEAVE_STRATEGY=3 -DSTAGGER_CYCLES=0 ... 0.549 ms / 1994 TFLOPS  (208 regs, 2.8s)
[98/128] -DINTERLEAVE_STRATEGY=3 -DSTAGGER_CYCLES=0 -DTMEM_LOAD_WIDTH=64 ... COMPILE_FAIL  (0.4s)
[99/128] -DINTERLEAVE_STRATEGY=3 -DSTAGGER_CYCLES=40 ... 0.542 ms / 2019 TFLOPS  (209 regs, 2.9s)
[100/128] -DINTERLEAVE_STRATEGY=3 -DSTAGGER_CYCLES=40 -DTMEM_LOAD_WIDTH=64 ... COMPILE_FAIL  (0.4s)
[101/128] -DINTERLEAVE_STRATEGY=3 -DSTAGGER_CYCLES=60 ... 0.542 ms / 2018 TFLOPS  (209 regs, 3.0s)
[102/128] -DINTERLEAVE_STRATEGY=3 -DSTAGGER_CYCLES=60 -DTMEM_LOAD_WIDTH=64 ... COMPILE_FAIL  (0.4s)
[103/128] -DINTERLEAVE_STRATEGY=3 ... 0.545 ms / 2009 TFLOPS  (209 regs, 2.9s)
[104/128] -DINTERLEAVE_STRATEGY=3 -DTMEM_LOAD_WIDTH=64 ... COMPILE_FAIL  (0.4s)
[105/128] -DINTERLEAVE_STRATEGY=3 -DSTAGGER_CYCLES=100 ... 0.541 ms / 2026 TFLOPS  (209 regs, 2.9s)
[106/128] -DINTERLEAVE_STRATEGY=3 -DSTAGGER_CYCLES=100 -DTMEM_LOAD_WIDTH=64 ... COMPILE_FAIL  (0.4s)
[107/128] -DINTERLEAVE_STRATEGY=3 -DSTAGGER_CYCLES=120 ... 0.546 ms / 2004 TFLOPS  (209 regs, 2.9s)
[108/128] -DINTERLEAVE_STRATEGY=3 -DSTAGGER_CYCLES=120 -DTMEM_LOAD_WIDTH=64 ... COMPILE_FAIL  (0.4s)
[109/128] -DINTERLEAVE_STRATEGY=3 -DSTAGGER_CYCLES=160 ... 0.541 ms / 2023 TFLOPS  (209 regs, 2.9s)
[110/128] -DINTERLEAVE_STRATEGY=3 -DSTAGGER_CYCLES=160 -DTMEM_LOAD_WIDTH=64 ... COMPILE_FAIL  (0.4s)
[111/128] -DINTERLEAVE_STRATEGY=3 -DSTAGGER_CYCLES=200 ... 0.545 ms / 2008 TFLOPS  (209 regs, 2.9s)
[112/128] -DINTERLEAVE_STRATEGY=3 -DSTAGGER_CYCLES=200 -DTMEM_LOAD_WIDTH=64 ... COMPILE_FAIL  (0.4s)
[113/128] -DINTERLEAVE_STRATEGY=3 -DMBAR_EARLY=1 -DSTAGGER_CYCLES=0 ... 0.545 ms / 2009 TFLOPS  (209 regs, 3.0s)
[114/128] -DINTERLEAVE_STRATEGY=3 -DMBAR_EARLY=1 -DSTAGGER_CYCLES=0 -DTMEM_LOAD_WIDTH=64 ... COMPILE_FAIL  (0.4s)
[115/128] -DINTERLEAVE_STRATEGY=3 -DMBAR_EARLY=1 -DSTAGGER_CYCLES=40 ... 0.546 ms / 2007 TFLOPS  (210 regs, 2.9s)
[116/128] -DINTERLEAVE_STRATEGY=3 -DMBAR_EARLY=1 -DSTAGGER_CYCLES=40 -DTMEM_LOAD_WIDTH=64 ... COMPILE_FAIL  (0.4s)
[117/128] -DINTERLEAVE_STRATEGY=3 -DMBAR_EARLY=1 -DSTAGGER_CYCLES=60 ... 0.542 ms / 2019 TFLOPS  (210 regs, 3.0s)
[118/128] -DINTERLEAVE_STRATEGY=3 -DMBAR_EARLY=1 -DSTAGGER_CYCLES=60 -DTMEM_LOAD_WIDTH=64 ... COMPILE_FAIL  (0.4s)
[119/128] -DINTERLEAVE_STRATEGY=3 -DMBAR_EARLY=1 ... 0.543 ms / 2015 TFLOPS  (210 regs, 2.9s)
[120/128] -DINTERLEAVE_STRATEGY=3 -DMBAR_EARLY=1 -DTMEM_LOAD_WIDTH=64 ... COMPILE_FAIL  (0.4s)
[121/128] -DINTERLEAVE_STRATEGY=3 -DMBAR_EARLY=1 -DSTAGGER_CYCLES=100 ... 0.544 ms / 2013 TFLOPS  (210 regs, 2.9s)
[122/128] -DINTERLEAVE_STRATEGY=3 -DMBAR_EARLY=1 -DSTAGGER_CYCLES=100 -DTMEM_LOAD_WIDTH=64 ... COMPILE_FAIL  (0.4s)
[123/128] -DINTERLEAVE_STRATEGY=3 -DMBAR_EARLY=1 -DSTAGGER_CYCLES=120 ... 0.545 ms / 2009 TFLOPS  (210 regs, 2.9s)
[124/128] -DINTERLEAVE_STRATEGY=3 -DMBAR_EARLY=1 -DSTAGGER_CYCLES=120 -DTMEM_LOAD_WIDTH=64 ... COMPILE_FAIL  (0.4s)
[125/128] -DINTERLEAVE_STRATEGY=3 -DMBAR_EARLY=1 -DSTAGGER_CYCLES=160 ... 0.543 ms / 2015 TFLOPS  (210 regs, 2.9s)
[126/128] -DINTERLEAVE_STRATEGY=3 -DMBAR_EARLY=1 -DSTAGGER_CYCLES=160 -DTMEM_LOAD_WIDTH=64 ... COMPILE_FAIL  (0.4s)
[127/128] -DINTERLEAVE_STRATEGY=3 -DMBAR_EARLY=1 -DSTAGGER_CYCLES=200 ... 0.544 ms / 2012 TFLOPS  (210 regs, 3.0s)
[128/128] -DINTERLEAVE_STRATEGY=3 -DMBAR_EARLY=1 -DSTAGGER_CYCLES=200 -DTMEM_LOAD_WIDTH=64 ... COMPILE_FAIL  (0.4s)

Tier 2 winner: -DMBAR_EARLY=1 -DSTAGGER_CYCLES=160 → 0.522 ms / 2099 TFLOPS

=== Tier 3: PHASE1_UNROLL, SNAKE_ORDER, CVT_ADD_FUSED, K_LOOP_UNROLL, W0_LOOP_UNROLL, SUB_MMA_UNROLL ===
Sweep: 540 total, 540 valid, 0 pruned
Estimated time: ~45 min (540 configs × ~5s each)

[1/540] -DCVT_ADD_FUSED=0 -DK_LOOP_UNROLL=1 -DMBAR_EARLY=1 -DPHASE1_UNROLL=1 -DSNAKE_ORDER=0 -DSTAGGER_CYCLES=160 ... 0.658 ms / 1665 TFLOPS  (130 regs, 2.9s)
[2/540] -DCVT_ADD_FUSED=0 -DK_LOOP_UNROLL=1 -DMBAR_EARLY=1 -DPHASE1_UNROLL=1 -DSNAKE_ORDER=0 -DSTAGGER_CYCLES=160 -DW0_LOOP_UNROLL=1 ... 0.765 ms / 1432 TFLOPS  (111 regs, 2.8s)
[3/540] -DCVT_ADD_FUSED=0 -DK_LOOP_UNROLL=1 -DMBAR_EARLY=1 -DPHASE1_UNROLL=1 -DSNAKE_ORDER=0 -DSTAGGER_CYCLES=160 -DW0_LOOP_UNROLL=4 ... 0.658 ms / 1665 TFLOPS  (130 regs, 2.8s)
[4/540] -DCVT_ADD_FUSED=0 -DK_LOOP_UNROLL=1 -DMBAR_EARLY=1 -DPHASE1_UNROLL=1 -DSNAKE_ORDER=0 -DSTAGGER_CYCLES=160 -DSUB_MMA_UNROLL=1 ... 0.695 ms / 1575 TFLOPS  (126 regs, 2.8s)
[5/540] -DCVT_ADD_FUSED=0 -DK_LOOP_UNROLL=1 -DMBAR_EARLY=1 -DPHASE1_UNROLL=1 -DSNAKE_ORDER=0 -DSTAGGER_CYCLES=160 -DSUB_MMA_UNROLL=1 -DW0_LOOP_UNROLL=1 ... 0.794 ms / 1378 TFLOPS  (105 regs, 2.8s)
[6/540] -DCVT_ADD_FUSED=0 -DK_LOOP_UNROLL=1 -DMBAR_EARLY=1 -DPHASE1_UNROLL=1 -DSNAKE_ORDER=0 -DSTAGGER_CYCLES=160 -DSUB_MMA_UNROLL=1 -DW0_LOOP_UNROLL=4 ... 0.691 ms / 1585 TFLOPS  (126 regs, 2.8s)
[7/540] -DCVT_ADD_FUSED=0 -DK_LOOP_UNROLL=1 -DMBAR_EARLY=1 -DPHASE1_UNROLL=1 -DSNAKE_ORDER=0 -DSTAGGER_CYCLES=160 -DSUB_MMA_UNROLL=3 ... 0.663 ms / 1652 TFLOPS  (130 regs, 2.8s)
[8/540] -DCVT_ADD_FUSED=0 -DK_LOOP_UNROLL=1 -DMBAR_EARLY=1 -DPHASE1_UNROLL=1 -DSNAKE_ORDER=0 -DSTAGGER_CYCLES=160 -DSUB_MMA_UNROLL=3 -DW0_LOOP_UNROLL=1 ... 0.768 ms / 1426 TFLOPS  (111 regs, 2.8s)
[9/540] -DCVT_ADD_FUSED=0 -DK_LOOP_UNROLL=1 -DMBAR_EARLY=1 -DPHASE1_UNROLL=1 -DSNAKE_ORDER=0 -DSTAGGER_CYCLES=160 -DSUB_MMA_UNROLL=3 -DW0_LOOP_UNROLL=4 ... 0.660 ms / 1658 TFLOPS  (130 regs, 2.8s)
[10/540] -DCVT_ADD_FUSED=0 -DK_LOOP_UNROLL=1 -DMBAR_EARLY=1 -DPHASE1_UNROLL=1 -DSTAGGER_CYCLES=160 ... 0.662 ms / 1654 TFLOPS  (130 regs, 2.8s)
[11/540] -DCVT_ADD_FUSED=0 -DK_LOOP_UNROLL=1 -DMBAR_EARLY=1 -DPHASE1_UNROLL=1 -DSTAGGER_CYCLES=160 -DW0_LOOP_UNROLL=1 ... 0.764 ms / 1433 TFLOPS  (111 regs, 2.8s)
[12/540] -DCVT_ADD_FUSED=0 -DK_LOOP_UNROLL=1 -DMBAR_EARLY=1 -DPHASE1_UNROLL=1 -DSTAGGER_CYCLES=160 -DW0_LOOP_UNROLL=4 ... 0.656 ms / 1670 TFLOPS  (130 regs, 2.8s)
[13/540] -DCVT_ADD_FUSED=0 -DK_LOOP_UNROLL=1 -DMBAR_EARLY=1 -DPHASE1_UNROLL=1 -DSTAGGER_CYCLES=160 -DSUB_MMA_UNROLL=1 ... 0.700 ms / 1564 TFLOPS  (126 regs, 2.8s)
[14/540] -DCVT_ADD_FUSED=0 -DK_LOOP_UNROLL=1 -DMBAR_EARLY=1 -DPHASE1_UNROLL=1 -DSTAGGER_CYCLES=160 -DSUB_MMA_UNROLL=1 -DW0_LOOP_UNROLL=1 ... 0.774 ms / 1415 TFLOPS  (105 regs, 2.8s)
[15/540] -DCVT_ADD_FUSED=0 -DK_LOOP_UNROLL=1 -DMBAR_EARLY=1 -DPHASE1_UNROLL=1 -DSTAGGER_CYCLES=160 -DSUB_MMA_UNROLL=1 -DW0_LOOP_UNROLL=4 ... 0.689 ms / 1589 TFLOPS  (126 regs, 2.8s)
[16/540] -DCVT_ADD_FUSED=0 -DK_LOOP_UNROLL=1 -DMBAR_EARLY=1 -DPHASE1_UNROLL=1 -DSTAGGER_CYCLES=160 -DSUB_MMA_UNROLL=3 ... 0.661 ms / 1657 TFLOPS  (130 regs, 2.8s)
[17/540] -DCVT_ADD_FUSED=0 -DK_LOOP_UNROLL=1 -DMBAR_EARLY=1 -DPHASE1_UNROLL=1 -DSTAGGER_CYCLES=160 -DSUB_MMA_UNROLL=3 -DW0_LOOP_UNROLL=1 ... 0.766 ms / 1429 TFLOPS  (111 regs, 2.8s)
[18/540] -DCVT_ADD_FUSED=0 -DK_LOOP_UNROLL=1 -DMBAR_EARLY=1 -DPHASE1_UNROLL=1 -DSTAGGER_CYCLES=160 -DSUB_MMA_UNROLL=3 -DW0_LOOP_UNROLL=4 ... 0.657 ms / 1667 TFLOPS  (130 regs, 2.8s)
[19/540] -DCVT_ADD_FUSED=0 -DK_LOOP_UNROLL=1 -DMBAR_EARLY=1 -DSNAKE_ORDER=0 -DSTAGGER_CYCLES=160 ... 0.666 ms / 1645 TFLOPS  (163 regs, 2.8s)
[20/540] -DCVT_ADD_FUSED=0 -DK_LOOP_UNROLL=1 -DMBAR_EARLY=1 -DSNAKE_ORDER=0 -DSTAGGER_CYCLES=160 -DW0_LOOP_UNROLL=1 ... 0.763 ms / 1434 TFLOPS  (145 regs, 2.8s)
[21/540] -DCVT_ADD_FUSED=0 -DK_LOOP_UNROLL=1 -DMBAR_EARLY=1 -DSNAKE_ORDER=0 -DSTAGGER_CYCLES=160 -DW0_LOOP_UNROLL=4 ... 0.652 ms / 1680 TFLOPS  (163 regs, 2.9s)
[22/540] -DCVT_ADD_FUSED=0 -DK_LOOP_UNROLL=1 -DMBAR_EARLY=1 -DSNAKE_ORDER=0 -DSTAGGER_CYCLES=160 -DSUB_MMA_UNROLL=1 ... 0.697 ms / 1571 TFLOPS  (155 regs, 2.9s)
[23/540] -DCVT_ADD_FUSED=0 -DK_LOOP_UNROLL=1 -DMBAR_EARLY=1 -DSNAKE_ORDER=0 -DSTAGGER_CYCLES=160 -DSUB_MMA_UNROLL=1 -DW0_LOOP_UNROLL=1 ... 0.782 ms / 1400 TFLOPS  (137 regs, 2.9s)
[24/540] -DCVT_ADD_FUSED=0 -DK_LOOP_UNROLL=1 -DMBAR_EARLY=1 -DSNAKE_ORDER=0 -DSTAGGER_CYCLES=160 -DSUB_MMA_UNROLL=1 -DW0_LOOP_UNROLL=4 ... 0.702 ms / 1561 TFLOPS  (155 regs, 2.9s)
[25/540] -DCVT_ADD_FUSED=0 -DK_LOOP_UNROLL=1 -DMBAR_EARLY=1 -DSNAKE_ORDER=0 -DSTAGGER_CYCLES=160 -DSUB_MMA_UNROLL=3 ... 0.653 ms / 1677 TFLOPS  (163 regs, 2.9s)
[26/540] -DCVT_ADD_FUSED=0 -DK_LOOP_UNROLL=1 -DMBAR_EARLY=1 -DSNAKE_ORDER=0 -DSTAGGER_CYCLES=160 -DSUB_MMA_UNROLL=3 -DW0_LOOP_UNROLL=1 ... 0.764 ms / 1434 TFLOPS  (145 regs, 2.8s)
[27/540] -DCVT_ADD_FUSED=0 -DK_LOOP_UNROLL=1 -DMBAR_EARLY=1 -DSNAKE_ORDER=0 -DSTAGGER_CYCLES=160 -DSUB_MMA_UNROLL=3 -DW0_LOOP_UNROLL=4 ... 0.662 ms / 1653 TFLOPS  (163 regs, 2.8s)
[28/540] -DCVT_ADD_FUSED=0 -DK_LOOP_UNROLL=1 -DMBAR_EARLY=1 -DSTAGGER_CYCLES=160 ... 0.659 ms / 1661 TFLOPS  (163 regs, 2.9s)
[29/540] -DCVT_ADD_FUSED=0 -DK_LOOP_UNROLL=1 -DMBAR_EARLY=1 -DSTAGGER_CYCLES=160 -DW0_LOOP_UNROLL=1 ... 0.769 ms / 1425 TFLOPS  (145 regs, 2.9s)
[30/540] -DCVT_ADD_FUSED=0 -DK_LOOP_UNROLL=1 -DMBAR_EARLY=1 -DSTAGGER_CYCLES=160 -DW0_LOOP_UNROLL=4 ... 0.669 ms / 1636 TFLOPS  (163 regs, 2.8s)
[31/540] -DCVT_ADD_FUSED=0 -DK_LOOP_UNROLL=1 -DMBAR_EARLY=1 -DSTAGGER_CYCLES=160 -DSUB_MMA_UNROLL=1 ... 0.703 ms / 1558 TFLOPS  (155 regs, 2.9s)
[32/540] -DCVT_ADD_FUSED=0 -DK_LOOP_UNROLL=1 -DMBAR_EARLY=1 -DSTAGGER_CYCLES=160 -DSUB_MMA_UNROLL=1 -DW0_LOOP_UNROLL=1 ... 0.788 ms / 1389 TFLOPS  (137 regs, 2.9s)
[33/540] -DCVT_ADD_FUSED=0 -DK_LOOP_UNROLL=1 -DMBAR_EARLY=1 -DSTAGGER_CYCLES=160 -DSUB_MMA_UNROLL=1 -DW0_LOOP_UNROLL=4 ... 0.701 ms / 1561 TFLOPS  (155 regs, 2.8s)
[34/540] -DCVT_ADD_FUSED=0 -DK_LOOP_UNROLL=1 -DMBAR_EARLY=1 -DSTAGGER_CYCLES=160 -DSUB_MMA_UNROLL=3 ... 0.662 ms / 1655 TFLOPS  (163 regs, 3.0s)
[35/540] -DCVT_ADD_FUSED=0 -DK_LOOP_UNROLL=1 -DMBAR_EARLY=1 -DSTAGGER_CYCLES=160 -DSUB_MMA_UNROLL=3 -DW0_LOOP_UNROLL=1 ... 0.760 ms / 1441 TFLOPS  (145 regs, 2.9s)
[36/540] -DCVT_ADD_FUSED=0 -DK_LOOP_UNROLL=1 -DMBAR_EARLY=1 -DSTAGGER_CYCLES=160 -DSUB_MMA_UNROLL=3 -DW0_LOOP_UNROLL=4 ... 0.662 ms / 1655 TFLOPS  (163 regs, 2.9s)
[37/540] -DCVT_ADD_FUSED=0 -DK_LOOP_UNROLL=1 -DMBAR_EARLY=1 -DPHASE1_UNROLL=4 -DSNAKE_ORDER=0 -DSTAGGER_CYCLES=160 ... 0.665 ms / 1647 TFLOPS  (212 regs, 2.9s)
[38/540] -DCVT_ADD_FUSED=0 -DK_LOOP_UNROLL=1 -DMBAR_EARLY=1 -DPHASE1_UNROLL=4 -DSNAKE_ORDER=0 -DSTAGGER_CYCLES=160 -DW0_LOOP_UNROLL=1 ... 0.780 ms / 1403 TFLOPS  (192 regs, 2.7s)
[39/540] -DCVT_ADD_FUSED=0 -DK_LOOP_UNROLL=1 -DMBAR_EARLY=1 -DPHASE1_UNROLL=4 -DSNAKE_ORDER=0 -DSTAGGER_CYCLES=160 -DW0_LOOP_UNROLL=4 ... 0.673 ms / 1628 TFLOPS  (212 regs, 2.7s)
[40/540] -DCVT_ADD_FUSED=0 -DK_LOOP_UNROLL=1 -DMBAR_EARLY=1 -DPHASE1_UNROLL=4 -DSNAKE_ORDER=0 -DSTAGGER_CYCLES=160 -DSUB_MMA_UNROLL=1 ... 0.699 ms / 1566 TFLOPS  (204 regs, 2.8s)
[41/540] -DCVT_ADD_FUSED=0 -DK_LOOP_UNROLL=1 -DMBAR_EARLY=1 -DPHASE1_UNROLL=4 -DSNAKE_ORDER=0 -DSTAGGER_CYCLES=160 -DSUB_MMA_UNROLL=1 -DW0_LOOP_UNROLL=1 ... 0.784 ms / 1396 TFLOPS  (184 regs, 2.7s)
[42/540] -DCVT_ADD_FUSED=0 -DK_LOOP_UNROLL=1 -DMBAR_EARLY=1 -DPHASE1_UNROLL=4 -DSNAKE_ORDER=0 -DSTAGGER_CYCLES=160 -DSUB_MMA_UNROLL=1 -DW0_LOOP_UNROLL=4 ... 0.701 ms / 1561 TFLOPS  (204 regs, 2.8s)
[43/540] -DCVT_ADD_FUSED=0 -DK_LOOP_UNROLL=1 -DMBAR_EARLY=1 -DPHASE1_UNROLL=4 -DSNAKE_ORDER=0 -DSTAGGER_CYCLES=160 -DSUB_MMA_UNROLL=3 ... 0.668 ms / 1639 TFLOPS  (212 regs, 2.9s)
[44/540] -DCVT_ADD_FUSED=0 -DK_LOOP_UNROLL=1 -DMBAR_EARLY=1 -DPHASE1_UNROLL=4 -DSNAKE_ORDER=0 -DSTAGGER_CYCLES=160 -DSUB_MMA_UNROLL=3 -DW0_LOOP_UNROLL=1 ... 0.771 ms / 1421 TFLOPS  (192 regs, 2.9s)
[45/540] -DCVT_ADD_FUSED=0 -DK_LOOP_UNROLL=1 -DMBAR_EARLY=1 -DPHASE1_UNROLL=4 -DSNAKE_ORDER=0 -DSTAGGER_CYCLES=160 -DSUB_MMA_UNROLL=3 -DW0_LOOP_UNROLL=4 ... 0.664 ms / 1650 TFLOPS  (212 regs, 3.0s)
[46/540] -DCVT_ADD_FUSED=0 -DK_LOOP_UNROLL=1 -DMBAR_EARLY=1 -DPHASE1_UNROLL=4 -DSTAGGER_CYCLES=160 ... 0.676 ms / 1619 TFLOPS  (212 regs, 2.9s)
[47/540] -DCVT_ADD_FUSED=0 -DK_LOOP_UNROLL=1 -DMBAR_EARLY=1 -DPHASE1_UNROLL=4 -DSTAGGER_CYCLES=160 -DW0_LOOP_UNROLL=1 ... 0.759 ms / 1443 TFLOPS  (192 regs, 2.9s)
[48/540] -DCVT_ADD_FUSED=0 -DK_LOOP_UNROLL=1 -DMBAR_EARLY=1 -DPHASE1_UNROLL=4 -DSTAGGER_CYCLES=160 -DW0_LOOP_UNROLL=4 ... 0.682 ms / 1605 TFLOPS  (212 regs, 2.8s)
[49/540] -DCVT_ADD_FUSED=0 -DK_LOOP_UNROLL=1 -DMBAR_EARLY=1 -DPHASE1_UNROLL=4 -DSTAGGER_CYCLES=160 -DSUB_MMA_UNROLL=1 ... 0.707 ms / 1550 TFLOPS  (204 regs, 2.8s)
[50/540] -DCVT_ADD_FUSED=0 -DK_LOOP_UNROLL=1 -DMBAR_EARLY=1 -DPHASE1_UNROLL=4 -DSTAGGER_CYCLES=160 -DSUB_MMA_UNROLL=1 -DW0_LOOP_UNROLL=1 ... 0.782 ms / 1401 TFLOPS  (184 regs, 2.9s)
[51/540] -DCVT_ADD_FUSED=0 -DK_LOOP_UNROLL=1 -DMBAR_EARLY=1 -DPHASE1_UNROLL=4 -DSTAGGER_CYCLES=160 -DSUB_MMA_UNROLL=1 -DW0_LOOP_UNROLL=4 ... 0.706 ms / 1552 TFLOPS  (204 regs, 2.9s)
[52/540] -DCVT_ADD_FUSED=0 -DK_LOOP_UNROLL=1 -DMBAR_EARLY=1 -DPHASE1_UNROLL=4 -DSTAGGER_CYCLES=160 -DSUB_MMA_UNROLL=3 ... 0.669 ms / 1638 TFLOPS  (212 regs, 2.8s)
[53/540] -DCVT_ADD_FUSED=0 -DK_LOOP_UNROLL=1 -DMBAR_EARLY=1 -DPHASE1_UNROLL=4 -DSTAGGER_CYCLES=160 -DSUB_MMA_UNROLL=3 -DW0_LOOP_UNROLL=1 ... 0.761 ms / 1439 TFLOPS  (192 regs, 2.8s)
[54/540] -DCVT_ADD_FUSED=0 -DK_LOOP_UNROLL=1 -DMBAR_EARLY=1 -DPHASE1_UNROLL=4 -DSTAGGER_CYCLES=160 -DSUB_MMA_UNROLL=3 -DW0_LOOP_UNROLL=4 ... 0.665 ms / 1646 TFLOPS  (212 regs, 2.7s)
[55/540] -DCVT_ADD_FUSED=0 -DK_LOOP_UNROLL=2 -DMBAR_EARLY=1 -DPHASE1_UNROLL=1 -DSNAKE_ORDER=0 -DSTAGGER_CYCLES=160 ... 0.668 ms / 1639 TFLOPS  (130 regs, 2.7s)
[56/540] -DCVT_ADD_FUSED=0 -DK_LOOP_UNROLL=2 -DMBAR_EARLY=1 -DPHASE1_UNROLL=1 -DSNAKE_ORDER=0 -DSTAGGER_CYCLES=160 -DW0_LOOP_UNROLL=1 ... 0.774 ms / 1415 TFLOPS  (111 regs, 2.6s)
[57/540] -DCVT_ADD_FUSED=0 -DK_LOOP_UNROLL=2 -DMBAR_EARLY=1 -DPHASE1_UNROLL=1 -DSNAKE_ORDER=0 -DSTAGGER_CYCLES=160 -DW0_LOOP_UNROLL=4 ... 0.664 ms / 1649 TFLOPS  (130 regs, 2.6s)
[58/540] -DCVT_ADD_FUSED=0 -DK_LOOP_UNROLL=2 -DMBAR_EARLY=1 -DPHASE1_UNROLL=1 -DSNAKE_ORDER=0 -DSTAGGER_CYCLES=160 -DSUB_MMA_UNROLL=1 ... 0.697 ms / 1571 TFLOPS  (126 regs, 2.7s)
[59/540] -DCVT_ADD_FUSED=0 -DK_LOOP_UNROLL=2 -DMBAR_EARLY=1 -DPHASE1_UNROLL=1 -DSNAKE_ORDER=0 -DSTAGGER_CYCLES=160 -DSUB_MMA_UNROLL=1 -DW0_LOOP_UNROLL=1 ... 0.778 ms / 1408 TFLOPS  (105 regs, 2.6s)
[60/540] -DCVT_ADD_FUSED=0 -DK_LOOP_UNROLL=2 -DMBAR_EARLY=1 -DPHASE1_UNROLL=1 -DSNAKE_ORDER=0 -DSTAGGER_CYCLES=160 -DSUB_MMA_UNROLL=1 -DW0_LOOP_UNROLL=4 ... 0.697 ms / 1572 TFLOPS  (126 regs, 2.6s)
[61/540] -DCVT_ADD_FUSED=0 -DK_LOOP_UNROLL=2 -DMBAR_EARLY=1 -DPHASE1_UNROLL=1 -DSNAKE_ORDER=0 -DSTAGGER_CYCLES=160 -DSUB_MMA_UNROLL=3 ... 0.656 ms / 1669 TFLOPS  (130 regs, 2.7s)
[62/540] -DCVT_ADD_FUSED=0 -DK_LOOP_UNROLL=2 -DMBAR_EARLY=1 -DPHASE1_UNROLL=1 -DSNAKE_ORDER=0 -DSTAGGER_CYCLES=160 -DSUB_MMA_UNROLL=3 -DW0_LOOP_UNROLL=1 ... 0.779 ms / 1406 TFLOPS  (111 regs, 2.6s)
[63/540] -DCVT_ADD_FUSED=0 -DK_LOOP_UNROLL=2 -DMBAR_EARLY=1 -DPHASE1_UNROLL=1 -DSNAKE_ORDER=0 -DSTAGGER_CYCLES=160 -DSUB_MMA_UNROLL=3 -DW0_LOOP_UNROLL=4 ... 0.659 ms / 1662 TFLOPS  (130 regs, 2.6s)
[64/540] -DCVT_ADD_FUSED=0 -DK_LOOP_UNROLL=2 -DMBAR_EARLY=1 -DPHASE1_UNROLL=1 -DSTAGGER_CYCLES=160 ... 0.660 ms / 1660 TFLOPS  (130 regs, 2.6s)
[65/540] -DCVT_ADD_FUSED=0 -DK_LOOP_UNROLL=2 -DMBAR_EARLY=1 -DPHASE1_UNROLL=1 -DSTAGGER_CYCLES=160 -DW0_LOOP_UNROLL=1 ... 0.767 ms / 1427 TFLOPS  (111 regs, 2.6s)
[66/540] -DCVT_ADD_FUSED=0 -DK_LOOP_UNROLL=2 -DMBAR_EARLY=1 -DPHASE1_UNROLL=1 -DSTAGGER_CYCLES=160 -DW0_LOOP_UNROLL=4 ... 0.660 ms / 1660 TFLOPS  (130 regs, 2.6s)
[67/540] -DCVT_ADD_FUSED=0 -DK_LOOP_UNROLL=2 -DMBAR_EARLY=1 -DPHASE1_UNROLL=1 -DSTAGGER_CYCLES=160 -DSUB_MMA_UNROLL=1 ... 0.693 ms / 1580 TFLOPS  (126 regs, 2.6s)
[68/540] -DCVT_ADD_FUSED=0 -DK_LOOP_UNROLL=2 -DMBAR_EARLY=1 -DPHASE1_UNROLL=1 -DSTAGGER_CYCLES=160 -DSUB_MMA_UNROLL=1 -DW0_LOOP_UNROLL=1 ... 0.787 ms / 1391 TFLOPS  (105 regs, 2.6s)
[69/540] -DCVT_ADD_FUSED=0 -DK_LOOP_UNROLL=2 -DMBAR_EARLY=1 -DPHASE1_UNROLL=1 -DSTAGGER_CYCLES=160 -DSUB_MMA_UNROLL=1 -DW0_LOOP_UNROLL=4 ... 0.694 ms / 1579 TFLOPS  (126 regs, 2.7s)
[70/540] -DCVT_ADD_FUSED=0 -DK_LOOP_UNROLL=2 -DMBAR_EARLY=1 -DPHASE1_UNROLL=1 -DSTAGGER_CYCLES=160 -DSUB_MMA_UNROLL=3 ... 0.662 ms / 1654 TFLOPS  (130 regs, 2.6s)
[71/540] -DCVT_ADD_FUSED=0 -DK_LOOP_UNROLL=2 -DMBAR_EARLY=1 -DPHASE1_UNROLL=1 -DSTAGGER_CYCLES=160 -DSUB_MMA_UNROLL=3 -DW0_LOOP_UNROLL=1 ... 0.766 ms / 1429 TFLOPS  (111 regs, 2.6s)
[72/540] -DCVT_ADD_FUSED=0 -DK_LOOP_UNROLL=2 -DMBAR_EARLY=1 -DPHASE1_UNROLL=1 -DSTAGGER_CYCLES=160 -DSUB_MMA_UNROLL=3 -DW0_LOOP_UNROLL=4 ... 0.662 ms / 1654 TFLOPS  (130 regs, 2.6s)
[73/540] -DCVT_ADD_FUSED=0 -DK_LOOP_UNROLL=2 -DMBAR_EARLY=1 -DSNAKE_ORDER=0 -DSTAGGER_CYCLES=160 ... 0.668 ms / 1639 TFLOPS  (163 regs, 2.8s)
[74/540] -DCVT_ADD_FUSED=0 -DK_LOOP_UNROLL=2 -DMBAR_EARLY=1 -DSNAKE_ORDER=0 -DSTAGGER_CYCLES=160 -DW0_LOOP_UNROLL=1 ... 0.768 ms / 1426 TFLOPS  (145 regs, 2.8s)
[75/540] -DCVT_ADD_FUSED=0 -DK_LOOP_UNROLL=2 -DMBAR_EARLY=1 -DSNAKE_ORDER=0 -DSTAGGER_CYCLES=160 -DW0_LOOP_UNROLL=4 ... 0.665 ms / 1647 TFLOPS  (163 regs, 2.8s)
[76/540] -DCVT_ADD_FUSED=0 -DK_LOOP_UNROLL=2 -DMBAR_EARLY=1 -DSNAKE_ORDER=0 -DSTAGGER_CYCLES=160 -DSUB_MMA_UNROLL=1 ... 0.697 ms / 1570 TFLOPS  (155 regs, 2.9s)
[77/540] -DCVT_ADD_FUSED=0 -DK_LOOP_UNROLL=2 -DMBAR_EARLY=1 -DSNAKE_ORDER=0 -DSTAGGER_CYCLES=160 -DSUB_MMA_UNROLL=1 -DW0_LOOP_UNROLL=1 ... 0.778 ms / 1408 TFLOPS  (137 regs, 2.8s)
[78/540] -DCVT_ADD_FUSED=0 -DK_LOOP_UNROLL=2 -DMBAR_EARLY=1 -DSNAKE_ORDER=0 -DSTAGGER_CYCLES=160 -DSUB_MMA_UNROLL=1 -DW0_LOOP_UNROLL=4 ... 0.698 ms / 1568 TFLOPS  (155 regs, 2.8s)
[79/540] -DCVT_ADD_FUSED=0 -DK_LOOP_UNROLL=2 -DMBAR_EARLY=1 -DSNAKE_ORDER=0 -DSTAGGER_CYCLES=160 -DSUB_MMA_UNROLL=3 ... 0.656 ms / 1669 TFLOPS  (163 regs, 2.8s)
[80/540] -DCVT_ADD_FUSED=0 -DK_LOOP_UNROLL=2 -DMBAR_EARLY=1 -DSNAKE_ORDER=0 -DSTAGGER_CYCLES=160 -DSUB_MMA_UNROLL=3 -DW0_LOOP_UNROLL=1 ... 0.756 ms / 1449 TFLOPS  (145 regs, 2.8s)
[81/540] -DCVT_ADD_FUSED=0 -DK_LOOP_UNROLL=2 -DMBAR_EARLY=1 -DSNAKE_ORDER=0 -DSTAGGER_CYCLES=160 -DSUB_MMA_UNROLL=3 -DW0_LOOP_UNROLL=4 ... 0.660 ms / 1659 TFLOPS  (163 regs, 2.9s)
[82/540] -DCVT_ADD_FUSED=0 -DK_LOOP_UNROLL=2 -DMBAR_EARLY=1 -DSTAGGER_CYCLES=160 ... 0.666 ms / 1643 TFLOPS  (163 regs, 2.8s)
[83/540] -DCVT_ADD_FUSED=0 -DK_LOOP_UNROLL=2 -DMBAR_EARLY=1 -DSTAGGER_CYCLES=160 -DW0_LOOP_UNROLL=1 ... 0.773 ms / 1417 TFLOPS  (145 regs, 2.8s)
[84/540] -DCVT_ADD_FUSED=0 -DK_LOOP_UNROLL=2 -DMBAR_EARLY=1 -DSTAGGER_CYCLES=160 -DW0_LOOP_UNROLL=4 ... 0.661 ms / 1657 TFLOPS  (163 regs, 2.8s)
[85/540] -DCVT_ADD_FUSED=0 -DK_LOOP_UNROLL=2 -DMBAR_EARLY=1 -DSTAGGER_CYCLES=160 -DSUB_MMA_UNROLL=1 ... 0.687 ms / 1595 TFLOPS  (155 regs, 2.8s)
[86/540] -DCVT_ADD_FUSED=0 -DK_LOOP_UNROLL=2 -DMBAR_EARLY=1 -DSTAGGER_CYCLES=160 -DSUB_MMA_UNROLL=1 -DW0_LOOP_UNROLL=1 ... 0.776 ms / 1411 TFLOPS  (137 regs, 2.8s)
[87/540] -DCVT_ADD_FUSED=0 -DK_LOOP_UNROLL=2 -DMBAR_EARLY=1 -DSTAGGER_CYCLES=160 -DSUB_MMA_UNROLL=1 -DW0_LOOP_UNROLL=4 ... 0.696 ms / 1572 TFLOPS  (155 regs, 2.9s)
[88/540] -DCVT_ADD_FUSED=0 -DK_LOOP_UNROLL=2 -DMBAR_EARLY=1 -DSTAGGER_CYCLES=160 -DSUB_MMA_UNROLL=3 ... 0.658 ms / 1664 TFLOPS  (163 regs, 2.8s)
[89/540] -DCVT_ADD_FUSED=0 -DK_LOOP_UNROLL=2 -DMBAR_EARLY=1 -DSTAGGER_CYCLES=160 -DSUB_MMA_UNROLL=3 -DW0_LOOP_UNROLL=1 ... 0.751 ms / 1459 TFLOPS  (145 regs, 2.8s)
[90/540] -DCVT_ADD_FUSED=0 -DK_LOOP_UNROLL=2 -DMBAR_EARLY=1 -DSTAGGER_CYCLES=160 -DSUB_MMA_UNROLL=3 -DW0_LOOP_UNROLL=4 ... 0.654 ms / 1676 TFLOPS  (163 regs, 2.8s)
[91/540] -DCVT_ADD_FUSED=0 -DK_LOOP_UNROLL=2 -DMBAR_EARLY=1 -DPHASE1_UNROLL=4 -DSNAKE_ORDER=0 -DSTAGGER_CYCLES=160 ... 0.673 ms / 1628 TFLOPS  (212 regs, 2.9s)
[92/540] -DCVT_ADD_FUSED=0 -DK_LOOP_UNROLL=2 -DMBAR_EARLY=1 -DPHASE1_UNROLL=4 -DSNAKE_ORDER=0 -DSTAGGER_CYCLES=160 -DW0_LOOP_UNROLL=1 ... 0.769 ms / 1425 TFLOPS  (192 regs, 2.9s)
[93/540] -DCVT_ADD_FUSED=0 -DK_LOOP_UNROLL=2 -DMBAR_EARLY=1 -DPHASE1_UNROLL=4 -DSNAKE_ORDER=0 -DSTAGGER_CYCLES=160 -DW0_LOOP_UNROLL=4 ... 0.664 ms / 1649 TFLOPS  (212 regs, 2.9s)
[94/540] -DCVT_ADD_FUSED=0 -DK_LOOP_UNROLL=2 -DMBAR_EARLY=1 -DPHASE1_UNROLL=4 -DSNAKE_ORDER=0 -DSTAGGER_CYCLES=160 -DSUB_MMA_UNROLL=1 ... 0.705 ms / 1553 TFLOPS  (204 regs, 2.9s)
[95/540] -DCVT_ADD_FUSED=0 -DK_LOOP_UNROLL=2 -DMBAR_EARLY=1 -DPHASE1_UNROLL=4 -DSNAKE_ORDER=0 -DSTAGGER_CYCLES=160 -DSUB_MMA_UNROLL=1 -DW0_LOOP_UNROLL=1 ... 0.794 ms / 1379 TFLOPS  (184 regs, 3.0s)
[96/540] -DCVT_ADD_FUSED=0 -DK_LOOP_UNROLL=2 -DMBAR_EARLY=1 -DPHASE1_UNROLL=4 -DSNAKE_ORDER=0 -DSTAGGER_CYCLES=160 -DSUB_MMA_UNROLL=1 -DW0_LOOP_UNROLL=4 ... 0.701 ms / 1562 TFLOPS  (204 regs, 2.9s)
[97/540] -DCVT_ADD_FUSED=0 -DK_LOOP_UNROLL=2 -DMBAR_EARLY=1 -DPHASE1_UNROLL=4 -DSNAKE_ORDER=0 -DSTAGGER_CYCLES=160 -DSUB_MMA_UNROLL=3 ... 0.660 ms / 1658 TFLOPS  (212 regs, 2.9s)
[98/540] -DCVT_ADD_FUSED=0 -DK_LOOP_UNROLL=2 -DMBAR_EARLY=1 -DPHASE1_UNROLL=4 -DSNAKE_ORDER=0 -DSTAGGER_CYCLES=160 -DSUB_MMA_UNROLL=3 -DW0_LOOP_UNROLL=1 ... 0.773 ms / 1416 TFLOPS  (192 regs, 2.9s)
[99/540] -DCVT_ADD_FUSED=0 -DK_LOOP_UNROLL=2 -DMBAR_EARLY=1 -DPHASE1_UNROLL=4 -DSNAKE_ORDER=0 -DSTAGGER_CYCLES=160 -DSUB_MMA_UNROLL=3 -DW0_LOOP_UNROLL=4 ... 0.670 ms / 1633 TFLOPS  (212 regs, 2.9s)
[100/540] -DCVT_ADD_FUSED=0 -DK_LOOP_UNROLL=2 -DMBAR_EARLY=1 -DPHASE1_UNROLL=4 -DSTAGGER_CYCLES=160 ... 0.666 ms / 1644 TFLOPS  (212 regs, 2.9s)
[101/540] -DCVT_ADD_FUSED=0 -DK_LOOP_UNROLL=2 -DMBAR_EARLY=1 -DPHASE1_UNROLL=4 -DSTAGGER_CYCLES=160 -DW0_LOOP_UNROLL=1 ... 0.764 ms / 1433 TFLOPS  (192 regs, 2.9s)
[102/540] -DCVT_ADD_FUSED=0 -DK_LOOP_UNROLL=2 -DMBAR_EARLY=1 -DPHASE1_UNROLL=4 -DSTAGGER_CYCLES=160 -DW0_LOOP_UNROLL=4 ... 0.663 ms / 1652 TFLOPS  (212 regs, 2.9s)
[103/540] -DCVT_ADD_FUSED=0 -DK_LOOP_UNROLL=2 -DMBAR_EARLY=1 -DPHASE1_UNROLL=4 -DSTAGGER_CYCLES=160 -DSUB_MMA_UNROLL=1 ... 0.698 ms / 1569 TFLOPS  (204 regs, 2.9s)
[104/540] -DCVT_ADD_FUSED=0 -DK_LOOP_UNROLL=2 -DMBAR_EARLY=1 -DPHASE1_UNROLL=4 -DSTAGGER_CYCLES=160 -DSUB_MMA_UNROLL=1 -DW0_LOOP_UNROLL=1 ... 0.786 ms / 1394 TFLOPS  (184 regs, 2.9s)
[105/540] -DCVT_ADD_FUSED=0 -DK_LOOP_UNROLL=2 -DMBAR_EARLY=1 -DPHASE1_UNROLL=4 -DSTAGGER_CYCLES=160 -DSUB_MMA_UNROLL=1 -DW0_LOOP_UNROLL=4 ... 0.699 ms / 1567 TFLOPS  (204 regs, 3.0s)
[106/540] -DCVT_ADD_FUSED=0 -DK_LOOP_UNROLL=2 -DMBAR_EARLY=1 -DPHASE1_UNROLL=4 -DSTAGGER_CYCLES=160 -DSUB_MMA_UNROLL=3 ... 0.665 ms / 1648 TFLOPS  (212 regs, 3.0s)
[107/540] -DCVT_ADD_FUSED=0 -DK_LOOP_UNROLL=2 -DMBAR_EARLY=1 -DPHASE1_UNROLL=4 -DSTAGGER_CYCLES=160 -DSUB_MMA_UNROLL=3 -DW0_LOOP_UNROLL=1 ... 0.765 ms / 1432 TFLOPS  (192 regs, 3.0s)
[108/540] -DCVT_ADD_FUSED=0 -DK_LOOP_UNROLL=2 -DMBAR_EARLY=1 -DPHASE1_UNROLL=4 -DSTAGGER_CYCLES=160 -DSUB_MMA_UNROLL=3 -DW0_LOOP_UNROLL=4 ... 0.666 ms / 1644 TFLOPS  (212 regs, 2.9s)
[109/540] -DCVT_ADD_FUSED=0 -DMBAR_EARLY=1 -DPHASE1_UNROLL=1 -DSNAKE_ORDER=0 -DSTAGGER_CYCLES=160 ... 0.737 ms / 1486 TFLOPS  (179 regs, 2.8s)
[110/540] -DCVT_ADD_FUSED=0 -DMBAR_EARLY=1 -DPHASE1_UNROLL=1 -DSNAKE_ORDER=0 -DSTAGGER_CYCLES=160 -DW0_LOOP_UNROLL=1 ... 0.679 ms / 1612 TFLOPS  (164 regs, 2.8s)
[111/540] -DCVT_ADD_FUSED=0 -DMBAR_EARLY=1 -DPHASE1_UNROLL=1 -DSNAKE_ORDER=0 -DSTAGGER_CYCLES=160 -DW0_LOOP_UNROLL=4 ... 0.734 ms / 1492 TFLOPS  (179 regs, 2.8s)
[112/540] -DCVT_ADD_FUSED=0 -DMBAR_EARLY=1 -DPHASE1_UNROLL=1 -DSNAKE_ORDER=0 -DSTAGGER_CYCLES=160 -DSUB_MMA_UNROLL=1 ... 0.740 ms / 1479 TFLOPS  (134 regs, 2.8s)
[113/540] -DCVT_ADD_FUSED=0 -DMBAR_EARLY=1 -DPHASE1_UNROLL=1 -DSNAKE_ORDER=0 -DSTAGGER_CYCLES=160 -DSUB_MMA_UNROLL=1 -DW0_LOOP_UNROLL=1 ... 0.677 ms / 1618 TFLOPS  (122 regs, 2.8s)
[114/540] -DCVT_ADD_FUSED=0 -DMBAR_EARLY=1 -DPHASE1_UNROLL=1 -DSNAKE_ORDER=0 -DSTAGGER_CYCLES=160 -DSUB_MMA_UNROLL=1 -DW0_LOOP_UNROLL=4 ... 0.736 ms / 1488 TFLOPS  (134 regs, 2.8s)
[115/540] -DCVT_ADD_FUSED=0 -DMBAR_EARLY=1 -DPHASE1_UNROLL=1 -DSNAKE_ORDER=0 -DSTAGGER_CYCLES=160 -DSUB_MMA_UNROLL=3 ... 0.737 ms / 1485 TFLOPS  (179 regs, 2.8s)
[116/540] -DCVT_ADD_FUSED=0 -DMBAR_EARLY=1 -DPHASE1_UNROLL=1 -DSNAKE_ORDER=0 -DSTAGGER_CYCLES=160 -DSUB_MMA_UNROLL=3 -DW0_LOOP_UNROLL=1 ... 0.688 ms / 1592 TFLOPS  (164 regs, 2.8s)
[117/540] -DCVT_ADD_FUSED=0 -DMBAR_EARLY=1 -DPHASE1_UNROLL=1 -DSNAKE_ORDER=0 -DSTAGGER_CYCLES=160 -DSUB_MMA_UNROLL=3 -DW0_LOOP_UNROLL=4 ... 0.745 ms / 1471 TFLOPS  (179 regs, 2.8s)
[118/540] -DCVT_ADD_FUSED=0 -DMBAR_EARLY=1 -DPHASE1_UNROLL=1 -DSTAGGER_CYCLES=160 ... 0.627 ms / 1745 TFLOPS  (179 regs, 2.8s)
[119/540] -DCVT_ADD_FUSED=0 -DMBAR_EARLY=1 -DPHASE1_UNROLL=1 -DSTAGGER_CYCLES=160 -DW0_LOOP_UNROLL=1 ... 0.692 ms / 1581 TFLOPS  (164 regs, 2.8s)
[120/540] -DCVT_ADD_FUSED=0 -DMBAR_EARLY=1 -DPHASE1_UNROLL=1 -DSTAGGER_CYCLES=160 -DW0_LOOP_UNROLL=4 ... 0.624 ms / 1754 TFLOPS  (179 regs, 2.8s)
[121/540] -DCVT_ADD_FUSED=0 -DMBAR_EARLY=1 -DPHASE1_UNROLL=1 -DSTAGGER_CYCLES=160 -DSUB_MMA_UNROLL=1 ... 0.641 ms / 1708 TFLOPS  (134 regs, 2.8s)
[122/540] -DCVT_ADD_FUSED=0 -DMBAR_EARLY=1 -DPHASE1_UNROLL=1 -DSTAGGER_CYCLES=160 -DSUB_MMA_UNROLL=1 -DW0_LOOP_UNROLL=1 ... 0.673 ms / 1626 TFLOPS  (122 regs, 2.8s)
[123/540] -DCVT_ADD_FUSED=0 -DMBAR_EARLY=1 -DPHASE1_UNROLL=1 -DSTAGGER_CYCLES=160 -DSUB_MMA_UNROLL=1 -DW0_LOOP_UNROLL=4 ... 0.623 ms / 1756 TFLOPS  (134 regs, 2.8s)
[124/540] -DCVT_ADD_FUSED=0 -DMBAR_EARLY=1 -DPHASE1_UNROLL=1 -DSTAGGER_CYCLES=160 -DSUB_MMA_UNROLL=3 ... 0.639 ms / 1713 TFLOPS  (179 regs, 2.8s)
[125/540] -DCVT_ADD_FUSED=0 -DMBAR_EARLY=1 -DPHASE1_UNROLL=1 -DSTAGGER_CYCLES=160 -DSUB_MMA_UNROLL=3 -DW0_LOOP_UNROLL=1 ... 0.681 ms / 1608 TFLOPS  (164 regs, 2.8s)
[126/540] -DCVT_ADD_FUSED=0 -DMBAR_EARLY=1 -DPHASE1_UNROLL=1 -DSTAGGER_CYCLES=160 -DSUB_MMA_UNROLL=3 -DW0_LOOP_UNROLL=4 ... 0.626 ms / 1750 TFLOPS  (179 regs, 2.8s)
[127/540] -DCVT_ADD_FUSED=0 -DMBAR_EARLY=1 -DSNAKE_ORDER=0 -DSTAGGER_CYCLES=160 ... 0.573 ms / 1910 TFLOPS  (210 regs, 2.9s)
[128/540] -DCVT_ADD_FUSED=0 -DMBAR_EARLY=1 -DSNAKE_ORDER=0 -DSTAGGER_CYCLES=160 -DW0_LOOP_UNROLL=1 ... 0.685 ms / 1598 TFLOPS  (196 regs, 2.8s)
[129/540] -DCVT_ADD_FUSED=0 -DMBAR_EARLY=1 -DSNAKE_ORDER=0 -DSTAGGER_CYCLES=160 -DW0_LOOP_UNROLL=4 ... 0.573 ms / 1910 TFLOPS  (210 regs, 2.8s)
[130/540] -DCVT_ADD_FUSED=0 -DMBAR_EARLY=1 -DSNAKE_ORDER=0 -DSTAGGER_CYCLES=160 -DSUB_MMA_UNROLL=1 ... 0.589 ms / 1860 TFLOPS  (166 regs, 2.8s)
[131/540] -DCVT_ADD_FUSED=0 -DMBAR_EARLY=1 -DSNAKE_ORDER=0 -DSTAGGER_CYCLES=160 -DSUB_MMA_UNROLL=1 -DW0_LOOP_UNROLL=1 ... 0.686 ms / 1596 TFLOPS  (151 regs, 2.9s)
[132/540] -DCVT_ADD_FUSED=0 -DMBAR_EARLY=1 -DSNAKE_ORDER=0 -DSTAGGER_CYCLES=160 -DSUB_MMA_UNROLL=1 -DW0_LOOP_UNROLL=4 ... 0.570 ms / 1922 TFLOPS  (166 regs, 2.8s)
[133/540] -DCVT_ADD_FUSED=0 -DMBAR_EARLY=1 -DSNAKE_ORDER=0 -DSTAGGER_CYCLES=160 -DSUB_MMA_UNROLL=3 ... 0.587 ms / 1864 TFLOPS  (210 regs, 2.9s)
[134/540] -DCVT_ADD_FUSED=0 -DMBAR_EARLY=1 -DSNAKE_ORDER=0 -DSTAGGER_CYCLES=160 -DSUB_MMA_UNROLL=3 -DW0_LOOP_UNROLL=1 ... 0.682 ms / 1605 TFLOPS  (196 regs, 2.8s)
[135/540] -DCVT_ADD_FUSED=0 -DMBAR_EARLY=1 -DSNAKE_ORDER=0 -DSTAGGER_CYCLES=160 -DSUB_MMA_UNROLL=3 -DW0_LOOP_UNROLL=4 ... 0.586 ms / 1870 TFLOPS  (210 regs, 2.8s)
[136/540] -DCVT_ADD_FUSED=0 -DMBAR_EARLY=1 -DSTAGGER_CYCLES=160 ... 0.522 ms / 2097 TFLOPS  (210 regs, 2.8s)
[137/540] -DCVT_ADD_FUSED=0 -DMBAR_EARLY=1 -DSTAGGER_CYCLES=160 -DW0_LOOP_UNROLL=1 ... 0.682 ms / 1605 TFLOPS  (196 regs, 2.8s)
[138/540] -DCVT_ADD_FUSED=0 -DMBAR_EARLY=1 -DSTAGGER_CYCLES=160 -DW0_LOOP_UNROLL=4 ... 0.523 ms / 2094 TFLOPS  (210 regs, 2.8s)
[139/540] -DCVT_ADD_FUSED=0 -DMBAR_EARLY=1 -DSTAGGER_CYCLES=160 -DSUB_MMA_UNROLL=1 ... 0.529 ms / 2068 TFLOPS  (166 regs, 2.9s)
[140/540] -DCVT_ADD_FUSED=0 -DMBAR_EARLY=1 -DSTAGGER_CYCLES=160 -DSUB_MMA_UNROLL=1 -DW0_LOOP_UNROLL=1 ... 0.683 ms / 1602 TFLOPS  (151 regs, 2.9s)
[141/540] -DCVT_ADD_FUSED=0 -DMBAR_EARLY=1 -DSTAGGER_CYCLES=160 -DSUB_MMA_UNROLL=1 -DW0_LOOP_UNROLL=4 ... 0.531 ms / 2064 TFLOPS  (166 regs, 2.8s)
[142/540] -DCVT_ADD_FUSED=0 -DMBAR_EARLY=1 -DSTAGGER_CYCLES=160 -DSUB_MMA_UNROLL=3 ... 0.526 ms / 2080 TFLOPS  (210 regs, 2.9s)
[143/540] -DCVT_ADD_FUSED=0 -DMBAR_EARLY=1 -DSTAGGER_CYCLES=160 -DSUB_MMA_UNROLL=3 -DW0_LOOP_UNROLL=1 ... 0.681 ms / 1609 TFLOPS  (196 regs, 2.8s)
[144/540] -DCVT_ADD_FUSED=0 -DMBAR_EARLY=1 -DSTAGGER_CYCLES=160 -DSUB_MMA_UNROLL=3 -DW0_LOOP_UNROLL=4 ... 0.527 ms / 2078 TFLOPS  (210 regs, 2.9s)
[145/540] -DCVT_ADD_FUSED=0 -DMBAR_EARLY=1 -DPHASE1_UNROLL=4 -DSNAKE_ORDER=0 -DSTAGGER_CYCLES=160 ... 0.543 ms / 2018 TFLOPS  (255 regs, 2.9s)
[146/540] -DCVT_ADD_FUSED=0 -DMBAR_EARLY=1 -DPHASE1_UNROLL=4 -DSNAKE_ORDER=0 -DSTAGGER_CYCLES=160 -DW0_LOOP_UNROLL=1 ... 0.697 ms / 1571 TFLOPS  (244 regs, 2.9s)
[147/540] -DCVT_ADD_FUSED=0 -DMBAR_EARLY=1 -DPHASE1_UNROLL=4 -DSNAKE_ORDER=0 -DSTAGGER_CYCLES=160 -DW0_LOOP_UNROLL=4 ... 0.544 ms / 2012 TFLOPS  (255 regs, 3.0s)
[148/540] -DCVT_ADD_FUSED=0 -DMBAR_EARLY=1 -DPHASE1_UNROLL=4 -DSNAKE_ORDER=0 -DSTAGGER_CYCLES=160 -DSUB_MMA_UNROLL=1 ... 0.544 ms / 2012 TFLOPS  (214 regs, 2.9s)
[149/540] -DCVT_ADD_FUSED=0 -DMBAR_EARLY=1 -DPHASE1_UNROLL=4 -DSNAKE_ORDER=0 -DSTAGGER_CYCLES=160 -DSUB_MMA_UNROLL=1 -DW0_LOOP_UNROLL=1 ... 0.689 ms / 1589 TFLOPS  (200 regs, 2.9s)
[150/540] -DCVT_ADD_FUSED=0 -DMBAR_EARLY=1 -DPHASE1_UNROLL=4 -DSNAKE_ORDER=0 -DSTAGGER_CYCLES=160 -DSUB_MMA_UNROLL=1 -DW0_LOOP_UNROLL=4 ... 0.545 ms / 2008 TFLOPS  (214 regs, 2.9s)
[151/540] -DCVT_ADD_FUSED=0 -DMBAR_EARLY=1 -DPHASE1_UNROLL=4 -DSNAKE_ORDER=0 -DSTAGGER_CYCLES=160 -DSUB_MMA_UNROLL=3 ... 0.543 ms / 2017 TFLOPS  (255 regs, 2.9s)
[152/540] -DCVT_ADD_FUSED=0 -DMBAR_EARLY=1 -DPHASE1_UNROLL=4 -DSNAKE_ORDER=0 -DSTAGGER_CYCLES=160 -DSUB_MMA_UNROLL=3 -DW0_LOOP_UNROLL=1 ... 0.690 ms / 1586 TFLOPS  (244 regs, 2.9s)
[153/540] -DCVT_ADD_FUSED=0 -DMBAR_EARLY=1 -DPHASE1_UNROLL=4 -DSNAKE_ORDER=0 -DSTAGGER_CYCLES=160 -DSUB_MMA_UNROLL=3 -DW0_LOOP_UNROLL=4 ... 0.545 ms / 2010 TFLOPS  (255 regs, 2.9s)
[154/540] -DCVT_ADD_FUSED=0 -DMBAR_EARLY=1 -DPHASE1_UNROLL=4 -DSTAGGER_CYCLES=160 ... 0.526 ms / 2081 TFLOPS  (255 regs, 2.9s)
[155/540] -DCVT_ADD_FUSED=0 -DMBAR_EARLY=1 -DPHASE1_UNROLL=4 -DSTAGGER_CYCLES=160 -DW0_LOOP_UNROLL=1 ... 0.687 ms / 1595 TFLOPS  (244 regs, 2.9s)
[156/540] -DCVT_ADD_FUSED=0 -DMBAR_EARLY=1 -DPHASE1_UNROLL=4 -DSTAGGER_CYCLES=160 -DW0_LOOP_UNROLL=4 ... 0.527 ms / 2078 TFLOPS  (255 regs, 2.9s)
[157/540] -DCVT_ADD_FUSED=0 -DMBAR_EARLY=1 -DPHASE1_UNROLL=4 -DSTAGGER_CYCLES=160 -DSUB_MMA_UNROLL=1 ... 0.531 ms / 2061 TFLOPS  (214 regs, 2.9s)
[158/540] -DCVT_ADD_FUSED=0 -DMBAR_EARLY=1 -DPHASE1_UNROLL=4 -DSTAGGER_CYCLES=160 -DSUB_MMA_UNROLL=1 -DW0_LOOP_UNROLL=1 ... 0.689 ms / 1590 TFLOPS  (200 regs, 2.9s)
[159/540] -DCVT_ADD_FUSED=0 -DMBAR_EARLY=1 -DPHASE1_UNROLL=4 -DSTAGGER_CYCLES=160 -DSUB_MMA_UNROLL=1 -DW0_LOOP_UNROLL=4 ... 0.532 ms / 2059 TFLOPS  (214 regs, 3.0s)
[160/540] -DCVT_ADD_FUSED=0 -DMBAR_EARLY=1 -DPHASE1_UNROLL=4 -DSTAGGER_CYCLES=160 -DSUB_MMA_UNROLL=3 ... 0.529 ms / 2070 TFLOPS  (255 regs, 3.0s)
[161/540] -DCVT_ADD_FUSED=0 -DMBAR_EARLY=1 -DPHASE1_UNROLL=4 -DSTAGGER_CYCLES=160 -DSUB_MMA_UNROLL=3 -DW0_LOOP_UNROLL=1 ... 0.690 ms / 1586 TFLOPS  (244 regs, 3.0s)
[162/540] -DCVT_ADD_FUSED=0 -DMBAR_EARLY=1 -DPHASE1_UNROLL=4 -DSTAGGER_CYCLES=160 -DSUB_MMA_UNROLL=3 -DW0_LOOP_UNROLL=4 ... 0.528 ms / 2073 TFLOPS  (255 regs, 3.0s)
[163/540] -DCVT_ADD_FUSED=0 -DK_LOOP_UNROLL=6 -DMBAR_EARLY=1 -DPHASE1_UNROLL=1 -DSNAKE_ORDER=0 -DSTAGGER_CYCLES=160 ... 0.745 ms / 1469 TFLOPS  (149 regs, 2.8s)
[164/540] -DCVT_ADD_FUSED=0 -DK_LOOP_UNROLL=6 -DMBAR_EARLY=1 -DPHASE1_UNROLL=1 -DSNAKE_ORDER=0 -DSTAGGER_CYCLES=160 -DW0_LOOP_UNROLL=1 ... 0.681 ms / 1609 TFLOPS  (128 regs, 2.8s)
[165/540] -DCVT_ADD_FUSED=0 -DK_LOOP_UNROLL=6 -DMBAR_EARLY=1 -DPHASE1_UNROLL=1 -DSNAKE_ORDER=0 -DSTAGGER_CYCLES=160 -DW0_LOOP_UNROLL=4 ... 0.738 ms / 1484 TFLOPS  (144 regs, 2.8s)
[166/540] -DCVT_ADD_FUSED=0 -DK_LOOP_UNROLL=6 -DMBAR_EARLY=1 -DPHASE1_UNROLL=1 -DSNAKE_ORDER=0 -DSTAGGER_CYCLES=160 -DSUB_MMA_UNROLL=1 ... 0.743 ms / 1474 TFLOPS  (134 regs, 2.8s)
[167/540] -DCVT_ADD_FUSED=0 -DK_LOOP_UNROLL=6 -DMBAR_EARLY=1 -DPHASE1_UNROLL=1 -DSNAKE_ORDER=0 -DSTAGGER_CYCLES=160 -DSUB_MMA_UNROLL=1 -DW0_LOOP_UNROLL=1 ... 0.683 ms / 1602 TFLOPS  (122 regs, 2.8s)
[168/540] -DCVT_ADD_FUSED=0 -DK_LOOP_UNROLL=6 -DMBAR_EARLY=1 -DPHASE1_UNROLL=1 -DSNAKE_ORDER=0 -DSTAGGER_CYCLES=160 -DSUB_MMA_UNROLL=1 -DW0_LOOP_UNROLL=4 ... 0.741 ms / 1477 TFLOPS  (134 regs, 2.8s)
[169/540] -DCVT_ADD_FUSED=0 -DK_LOOP_UNROLL=6 -DMBAR_EARLY=1 -DPHASE1_UNROLL=1 -DSNAKE_ORDER=0 -DSTAGGER_CYCLES=160 -DSUB_MMA_UNROLL=3 ... 0.743 ms / 1473 TFLOPS  (149 regs, 2.8s)
[170/540] -DCVT_ADD_FUSED=0 -DK_LOOP_UNROLL=6 -DMBAR_EARLY=1 -DPHASE1_UNROLL=1 -DSNAKE_ORDER=0 -DSTAGGER_CYCLES=160 -DSUB_MMA_UNROLL=3 -DW0_LOOP_UNROLL=1 ... 0.685 ms / 1600 TFLOPS  (128 regs, 2.8s)
[171/540] -DCVT_ADD_FUSED=0 -DK_LOOP_UNROLL=6 -DMBAR_EARLY=1 -DPHASE1_UNROLL=1 -DSNAKE_ORDER=0 -DSTAGGER_CYCLES=160 -DSUB_MMA_UNROLL=3 -DW0_LOOP_UNROLL=4 ... 0.740 ms / 1480 TFLOPS  (144 regs, 2.8s)
[172/540] -DCVT_ADD_FUSED=0 -DK_LOOP_UNROLL=6 -DMBAR_EARLY=1 -DPHASE1_UNROLL=1 -DSTAGGER_CYCLES=160 ... 0.628 ms / 1743 TFLOPS  (149 regs, 2.8s)
[173/540] -DCVT_ADD_FUSED=0 -DK_LOOP_UNROLL=6 -DMBAR_EARLY=1 -DPHASE1_UNROLL=1 -DSTAGGER_CYCLES=160 -DW0_LOOP_UNROLL=1 ... 0.680 ms / 1610 TFLOPS  (128 regs, 2.8s)
[174/540] -DCVT_ADD_FUSED=0 -DK_LOOP_UNROLL=6 -DMBAR_EARLY=1 -DPHASE1_UNROLL=1 -DSTAGGER_CYCLES=160 -DW0_LOOP_UNROLL=4 ... 0.630 ms / 1739 TFLOPS  (144 regs, 2.8s)
[175/540] -DCVT_ADD_FUSED=0 -DK_LOOP_UNROLL=6 -DMBAR_EARLY=1 -DPHASE1_UNROLL=1 -DSTAGGER_CYCLES=160 -DSUB_MMA_UNROLL=1 ... 0.639 ms / 1713 TFLOPS  (134 regs, 2.8s)
[176/540] -DCVT_ADD_FUSED=0 -DK_LOOP_UNROLL=6 -DMBAR_EARLY=1 -DPHASE1_UNROLL=1 -DSTAGGER_CYCLES=160 -DSUB_MMA_UNROLL=1 -DW0_LOOP_UNROLL=1 ... 0.676 ms / 1619 TFLOPS  (122 regs, 2.8s)
[177/540] -DCVT_ADD_FUSED=0 -DK_LOOP_UNROLL=6 -DMBAR_EARLY=1 -DPHASE1_UNROLL=1 -DSTAGGER_CYCLES=160 -DSUB_MMA_UNROLL=1 -DW0_LOOP_UNROLL=4 ... 0.629 ms / 1742 TFLOPS  (134 regs, 2.8s)
[178/540] -DCVT_ADD_FUSED=0 -DK_LOOP_UNROLL=6 -DMBAR_EARLY=1 -DPHASE1_UNROLL=1 -DSTAGGER_CYCLES=160 -DSUB_MMA_UNROLL=3 ... 0.624 ms / 1754 TFLOPS  (149 regs, 2.8s)
[179/540] -DCVT_ADD_FUSED=0 -DK_LOOP_UNROLL=6 -DMBAR_EARLY=1 -DPHASE1_UNROLL=1 -DSTAGGER_CYCLES=160 -DSUB_MMA_UNROLL=3 -DW0_LOOP_UNROLL=1 ... 0.683 ms / 1603 TFLOPS  (128 regs, 2.8s)
[180/540] -DCVT_ADD_FUSED=0 -DK_LOOP_UNROLL=6 -DMBAR_EARLY=1 -DPHASE1_UNROLL=1 -DSTAGGER_CYCLES=160 -DSUB_MMA_UNROLL=3 -DW0_LOOP_UNROLL=4 ... 0.629 ms / 1740 TFLOPS  (144 regs, 2.8s)
[181/540] -DCVT_ADD_FUSED=0 -DK_LOOP_UNROLL=6 -DMBAR_EARLY=1 -DSNAKE_ORDER=0 -DSTAGGER_CYCLES=160 ... 0.592 ms / 1849 TFLOPS  (175 regs, 2.8s)
[182/540] -DCVT_ADD_FUSED=0 -DK_LOOP_UNROLL=6 -DMBAR_EARLY=1 -DSNAKE_ORDER=0 -DSTAGGER_CYCLES=160 -DW0_LOOP_UNROLL=1 ... 0.683 ms / 1604 TFLOPS  (159 regs, 2.8s)
[183/540] -DCVT_ADD_FUSED=0 -DK_LOOP_UNROLL=6 -DMBAR_EARLY=1 -DSNAKE_ORDER=0 -DSTAGGER_CYCLES=160 -DW0_LOOP_UNROLL=4 ... 0.589 ms / 1859 TFLOPS  (175 regs, 2.8s)
[184/540] -DCVT_ADD_FUSED=0 -DK_LOOP_UNROLL=6 -DMBAR_EARLY=1 -DSNAKE_ORDER=0 -DSTAGGER_CYCLES=160 -DSUB_MMA_UNROLL=1 ... 0.591 ms / 1854 TFLOPS  (166 regs, 2.8s)
[185/540] -DCVT_ADD_FUSED=0 -DK_LOOP_UNROLL=6 -DMBAR_EARLY=1 -DSNAKE_ORDER=0 -DSTAGGER_CYCLES=160 -DSUB_MMA_UNROLL=1 -DW0_LOOP_UNROLL=1 ... 0.681 ms / 1609 TFLOPS  (151 regs, 2.8s)
[186/540] -DCVT_ADD_FUSED=0 -DK_LOOP_UNROLL=6 -DMBAR_EARLY=1 -DSNAKE_ORDER=0 -DSTAGGER_CYCLES=160 -DSUB_MMA_UNROLL=1 -DW0_LOOP_UNROLL=4 ... 0.581 ms / 1883 TFLOPS  (166 regs, 2.9s)
[187/540] -DCVT_ADD_FUSED=0 -DK_LOOP_UNROLL=6 -DMBAR_EARLY=1 -DSNAKE_ORDER=0 -DSTAGGER_CYCLES=160 -DSUB_MMA_UNROLL=3 ... 0.578 ms / 1896 TFLOPS  (175 regs, 2.8s)
[188/540] -DCVT_ADD_FUSED=0 -DK_LOOP_UNROLL=6 -DMBAR_EARLY=1 -DSNAKE_ORDER=0 -DSTAGGER_CYCLES=160 -DSUB_MMA_UNROLL=3 -DW0_LOOP_UNROLL=1 ... 0.678 ms / 1614 TFLOPS  (159 regs, 2.8s)
[189/540] -DCVT_ADD_FUSED=0 -DK_LOOP_UNROLL=6 -DMBAR_EARLY=1 -DSNAKE_ORDER=0 -DSTAGGER_CYCLES=160 -DSUB_MMA_UNROLL=3 -DW0_LOOP_UNROLL=4 ... 0.580 ms / 1887 TFLOPS  (175 regs, 2.8s)
[190/540] -DCVT_ADD_FUSED=0 -DK_LOOP_UNROLL=6 -DMBAR_EARLY=1 -DSTAGGER_CYCLES=160 ... 0.522 ms / 2096 TFLOPS  (175 regs, 2.8s)
[191/540] -DCVT_ADD_FUSED=0 -DK_LOOP_UNROLL=6 -DMBAR_EARLY=1 -DSTAGGER_CYCLES=160 -DW0_LOOP_UNROLL=1 ... 0.679 ms / 1614 TFLOPS  (159 regs, 2.8s)
[192/540] -DCVT_ADD_FUSED=0 -DK_LOOP_UNROLL=6 -DMBAR_EARLY=1 -DSTAGGER_CYCLES=160 -DW0_LOOP_UNROLL=4 ... 0.522 ms / 2098 TFLOPS  (175 regs, 2.9s)
[193/540] -DCVT_ADD_FUSED=0 -DK_LOOP_UNROLL=6 -DMBAR_EARLY=1 -DSTAGGER_CYCLES=160 -DSUB_MMA_UNROLL=1 ... 0.522 ms / 2097 TFLOPS  (166 regs, 2.8s)
[194/540] -DCVT_ADD_FUSED=0 -DK_LOOP_UNROLL=6 -DMBAR_EARLY=1 -DSTAGGER_CYCLES=160 -DSUB_MMA_UNROLL=1 -DW0_LOOP_UNROLL=1 ... 0.679 ms / 1612 TFLOPS  (151 regs, 2.8s)
[195/540] -DCVT_ADD_FUSED=0 -DK_LOOP_UNROLL=6 -DMBAR_EARLY=1 -DSTAGGER_CYCLES=160 -DSUB_MMA_UNROLL=1 -DW0_LOOP_UNROLL=4 ... 0.523 ms / 2092 TFLOPS  (166 regs, 2.8s)
[196/540] -DCVT_ADD_FUSED=0 -DK_LOOP_UNROLL=6 -DMBAR_EARLY=1 -DSTAGGER_CYCLES=160 -DSUB_MMA_UNROLL=3 ... 0.523 ms / 2094 TFLOPS  (175 regs, 2.8s)
[197/540] -DCVT_ADD_FUSED=0 -DK_LOOP_UNROLL=6 -DMBAR_EARLY=1 -DSTAGGER_CYCLES=160 -DSUB_MMA_UNROLL=3 -DW0_LOOP_UNROLL=1 ... 0.680 ms / 1611 TFLOPS  (159 regs, 2.8s)
[198/540] -DCVT_ADD_FUSED=0 -DK_LOOP_UNROLL=6 -DMBAR_EARLY=1 -DSTAGGER_CYCLES=160 -DSUB_MMA_UNROLL=3 -DW0_LOOP_UNROLL=4 ... 0.526 ms / 2081 TFLOPS  (175 regs, 2.9s)
[199/540] -DCVT_ADD_FUSED=0 -DK_LOOP_UNROLL=6 -DMBAR_EARLY=1 -DPHASE1_UNROLL=4 -DSNAKE_ORDER=0 -DSTAGGER_CYCLES=160 ... 0.540 ms / 2027 TFLOPS  (222 regs, 2.9s)
[200/540] -DCVT_ADD_FUSED=0 -DK_LOOP_UNROLL=6 -DMBAR_EARLY=1 -DPHASE1_UNROLL=4 -DSNAKE_ORDER=0 -DSTAGGER_CYCLES=160 -DW0_LOOP_UNROLL=1 ... 0.687 ms / 1595 TFLOPS  (208 regs, 2.9s)
[201/540] -DCVT_ADD_FUSED=0 -DK_LOOP_UNROLL=6 -DMBAR_EARLY=1 -DPHASE1_UNROLL=4 -DSNAKE_ORDER=0 -DSTAGGER_CYCLES=160 -DW0_LOOP_UNROLL=4 ... 0.542 ms / 2020 TFLOPS  (222 regs, 2.9s)
[202/540] -DCVT_ADD_FUSED=0 -DK_LOOP_UNROLL=6 -DMBAR_EARLY=1 -DPHASE1_UNROLL=4 -DSNAKE_ORDER=0 -DSTAGGER_CYCLES=160 -DSUB_MMA_UNROLL=1 ... 0.538 ms / 2033 TFLOPS  (214 regs, 2.9s)
[203/540] -DCVT_ADD_FUSED=0 -DK_LOOP_UNROLL=6 -DMBAR_EARLY=1 -DPHASE1_UNROLL=4 -DSNAKE_ORDER=0 -DSTAGGER_CYCLES=160 -DSUB_MMA_UNROLL=1 -DW0_LOOP_UNROLL=1 ... 0.696 ms / 1573 TFLOPS  (200 regs, 2.9s)
[204/540] -DCVT_ADD_FUSED=0 -DK_LOOP_UNROLL=6 -DMBAR_EARLY=1 -DPHASE1_UNROLL=4 -DSNAKE_ORDER=0 -DSTAGGER_CYCLES=160 -DSUB_MMA_UNROLL=1 -DW0_LOOP_UNROLL=4 ... 0.543 ms / 2017 TFLOPS  (214 regs, 2.9s)
[205/540] -DCVT_ADD_FUSED=0 -DK_LOOP_UNROLL=6 -DMBAR_EARLY=1 -DPHASE1_UNROLL=4 -DSNAKE_ORDER=0 -DSTAGGER_CYCLES=160 -DSUB_MMA_UNROLL=3 ... 0.542 ms / 2020 TFLOPS  (222 regs, 2.9s)
[206/540] -DCVT_ADD_FUSED=0 -DK_LOOP_UNROLL=6 -DMBAR_EARLY=1 -DPHASE1_UNROLL=4 -DSNAKE_ORDER=0 -DSTAGGER_CYCLES=160 -DSUB_MMA_UNROLL=3 -DW0_LOOP_UNROLL=1 ... 0.686 ms / 1596 TFLOPS  (208 regs, 2.9s)
[207/540] -DCVT_ADD_FUSED=0 -DK_LOOP_UNROLL=6 -DMBAR_EARLY=1 -DPHASE1_UNROLL=4 -DSNAKE_ORDER=0 -DSTAGGER_CYCLES=160 -DSUB_MMA_UNROLL=3 -DW0_LOOP_UNROLL=4 ... 0.540 ms / 2027 TFLOPS  (222 regs, 2.9s)
[208/540] -DCVT_ADD_FUSED=0 -DK_LOOP_UNROLL=6 -DMBAR_EARLY=1 -DPHASE1_UNROLL=4 -DSTAGGER_CYCLES=160 ... 0.527 ms / 2079 TFLOPS  (222 regs, 2.9s)
[209/540] -DCVT_ADD_FUSED=0 -DK_LOOP_UNROLL=6 -DMBAR_EARLY=1 -DPHASE1_UNROLL=4 -DSTAGGER_CYCLES=160 -DW0_LOOP_UNROLL=1 ... 0.680 ms / 1610 TFLOPS  (208 regs, 2.9s)
[210/540] -DCVT_ADD_FUSED=0 -DK_LOOP_UNROLL=6 -DMBAR_EARLY=1 -DPHASE1_UNROLL=4 -DSTAGGER_CYCLES=160 -DW0_LOOP_UNROLL=4 ... 0.529 ms / 2071 TFLOPS  (222 regs, 2.9s)
[211/540] -DCVT_ADD_FUSED=0 -DK_LOOP_UNROLL=6 -DMBAR_EARLY=1 -DPHASE1_UNROLL=4 -DSTAGGER_CYCLES=160 -DSUB_MMA_UNROLL=1 ... 0.527 ms / 2078 TFLOPS  (214 regs, 2.9s)
[212/540] -DCVT_ADD_FUSED=0 -DK_LOOP_UNROLL=6 -DMBAR_EARLY=1 -DPHASE1_UNROLL=4 -DSTAGGER_CYCLES=160 -DSUB_MMA_UNROLL=1 -DW0_LOOP_UNROLL=1 ... 0.684 ms / 1600 TFLOPS  (200 regs, 3.0s)
[213/540] -DCVT_ADD_FUSED=0 -DK_LOOP_UNROLL=6 -DMBAR_EARLY=1 -DPHASE1_UNROLL=4 -DSTAGGER_CYCLES=160 -DSUB_MMA_UNROLL=1 -DW0_LOOP_UNROLL=4 ... 0.527 ms / 2079 TFLOPS  (214 regs, 3.0s)
[214/540] -DCVT_ADD_FUSED=0 -DK_LOOP_UNROLL=6 -DMBAR_EARLY=1 -DPHASE1_UNROLL=4 -DSTAGGER_CYCLES=160 -DSUB_MMA_UNROLL=3 ... 0.527 ms / 2078 TFLOPS  (222 regs, 2.9s)
[215/540] -DCVT_ADD_FUSED=0 -DK_LOOP_UNROLL=6 -DMBAR_EARLY=1 -DPHASE1_UNROLL=4 -DSTAGGER_CYCLES=160 -DSUB_MMA_UNROLL=3 -DW0_LOOP_UNROLL=1 ... 0.684 ms / 1602 TFLOPS  (208 regs, 3.0s)
[216/540] -DCVT_ADD_FUSED=0 -DK_LOOP_UNROLL=6 -DMBAR_EARLY=1 -DPHASE1_UNROLL=4 -DSTAGGER_CYCLES=160 -DSUB_MMA_UNROLL=3 -DW0_LOOP_UNROLL=4 ... 0.528 ms / 2075 TFLOPS  (222 regs, 3.0s)
[217/540] -DCVT_ADD_FUSED=0 -DK_LOOP_UNROLL=8 -DMBAR_EARLY=1 -DPHASE1_UNROLL=1 -DSNAKE_ORDER=0 -DSTAGGER_CYCLES=160 ... 0.733 ms / 1493 TFLOPS  (181 regs, 2.8s)
[218/540] -DCVT_ADD_FUSED=0 -DK_LOOP_UNROLL=8 -DMBAR_EARLY=1 -DPHASE1_UNROLL=1 -DSNAKE_ORDER=0 -DSTAGGER_CYCLES=160 -DW0_LOOP_UNROLL=1 ... 0.686 ms / 1596 TFLOPS  (164 regs, 2.8s)
[219/540] -DCVT_ADD_FUSED=0 -DK_LOOP_UNROLL=8 -DMBAR_EARLY=1 -DPHASE1_UNROLL=1 -DSNAKE_ORDER=0 -DSTAGGER_CYCLES=160 -DW0_LOOP_UNROLL=4 ... 0.738 ms / 1484 TFLOPS  (179 regs, 2.8s)
[220/540] -DCVT_ADD_FUSED=0 -DK_LOOP_UNROLL=8 -DMBAR_EARLY=1 -DPHASE1_UNROLL=1 -DSNAKE_ORDER=0 -DSTAGGER_CYCLES=160 -DSUB_MMA_UNROLL=1 ... 0.740 ms / 1479 TFLOPS  (134 regs, 2.9s)
[221/540] -DCVT_ADD_FUSED=0 -DK_LOOP_UNROLL=8 -DMBAR_EARLY=1 -DPHASE1_UNROLL=1 -DSNAKE_ORDER=0 -DSTAGGER_CYCLES=160 -DSUB_MMA_UNROLL=1 -DW0_LOOP_UNROLL=1 ... 0.679 ms / 1613 TFLOPS  (122 regs, 2.8s)
[222/540] -DCVT_ADD_FUSED=0 -DK_LOOP_UNROLL=8 -DMBAR_EARLY=1 -DPHASE1_UNROLL=1 -DSNAKE_ORDER=0 -DSTAGGER_CYCLES=160 -DSUB_MMA_UNROLL=1 -DW0_LOOP_UNROLL=4 ... 0.743 ms / 1473 TFLOPS  (134 regs, 2.9s)
[223/540] -DCVT_ADD_FUSED=0 -DK_LOOP_UNROLL=8 -DMBAR_EARLY=1 -DPHASE1_UNROLL=1 -DSNAKE_ORDER=0 -DSTAGGER_CYCLES=160 -DSUB_MMA_UNROLL=3 ... 0.739 ms / 1482 TFLOPS  (181 regs, 2.8s)
[224/540] -DCVT_ADD_FUSED=0 -DK_LOOP_UNROLL=8 -DMBAR_EARLY=1 -DPHASE1_UNROLL=1 -DSNAKE_ORDER=0 -DSTAGGER_CYCLES=160 -DSUB_MMA_UNROLL=3 -DW0_LOOP_UNROLL=1 ... 0.682 ms / 1605 TFLOPS  (164 regs, 2.8s)
[225/540] -DCVT_ADD_FUSED=0 -DK_LOOP_UNROLL=8 -DMBAR_EARLY=1 -DPHASE1_UNROLL=1 -DSNAKE_ORDER=0 -DSTAGGER_CYCLES=160 -DSUB_MMA_UNROLL=3 -DW0_LOOP_UNROLL=4 ... 0.740 ms / 1480 TFLOPS  (179 regs, 2.8s)
[226/540] -DCVT_ADD_FUSED=0 -DK_LOOP_UNROLL=8 -DMBAR_EARLY=1 -DPHASE1_UNROLL=1 -DSTAGGER_CYCLES=160 ... 0.642 ms / 1707 TFLOPS  (181 regs, 2.8s)
[227/540] -DCVT_ADD_FUSED=0 -DK_LOOP_UNROLL=8 -DMBAR_EARLY=1 -DPHASE1_UNROLL=1 -DSTAGGER_CYCLES=160 -DW0_LOOP_UNROLL=1 ... 0.684 ms / 1601 TFLOPS  (164 regs, 2.8s)
[228/540] -DCVT_ADD_FUSED=0 -DK_LOOP_UNROLL=8 -DMBAR_EARLY=1 -DPHASE1_UNROLL=1 -DSTAGGER_CYCLES=160 -DW0_LOOP_UNROLL=4 ... 0.636 ms / 1720 TFLOPS  (179 regs, 2.8s)
[229/540] -DCVT_ADD_FUSED=0 -DK_LOOP_UNROLL=8 -DMBAR_EARLY=1 -DPHASE1_UNROLL=1 -DSTAGGER_CYCLES=160 -DSUB_MMA_UNROLL=1 ... 0.632 ms / 1733 TFLOPS  (134 regs, 2.8s)
[230/540] -DCVT_ADD_FUSED=0 -DK_LOOP_UNROLL=8 -DMBAR_EARLY=1 -DPHASE1_UNROLL=1 -DSTAGGER_CYCLES=160 -DSUB_MMA_UNROLL=1 -DW0_LOOP_UNROLL=1 ... 0.680 ms / 1610 TFLOPS  (122 regs, 2.8s)
[231/540] -DCVT_ADD_FUSED=0 -DK_LOOP_UNROLL=8 -DMBAR_EARLY=1 -DPHASE1_UNROLL=1 -DSTAGGER_CYCLES=160 -DSUB_MMA_UNROLL=1 -DW0_LOOP_UNROLL=4 ... 0.641 ms / 1709 TFLOPS  (134 regs, 2.8s)
[232/540] -DCVT_ADD_FUSED=0 -DK_LOOP_UNROLL=8 -DMBAR_EARLY=1 -DPHASE1_UNROLL=1 -DSTAGGER_CYCLES=160 -DSUB_MMA_UNROLL=3 ... 0.630 ms / 1739 TFLOPS  (181 regs, 2.8s)
[233/540] -DCVT_ADD_FUSED=0 -DK_LOOP_UNROLL=8 -DMBAR_EARLY=1 -DPHASE1_UNROLL=1 -DSTAGGER_CYCLES=160 -DSUB_MMA_UNROLL=3 -DW0_LOOP_UNROLL=1 ... 0.676 ms / 1620 TFLOPS  (164 regs, 2.8s)
[234/540] -DCVT_ADD_FUSED=0 -DK_LOOP_UNROLL=8 -DMBAR_EARLY=1 -DPHASE1_UNROLL=1 -DSTAGGER_CYCLES=160 -DSUB_MMA_UNROLL=3 -DW0_LOOP_UNROLL=4 ... 0.625 ms / 1752 TFLOPS  (179 regs, 2.8s)
[235/540] -DCVT_ADD_FUSED=0 -DK_LOOP_UNROLL=8 -DMBAR_EARLY=1 -DSNAKE_ORDER=0 -DSTAGGER_CYCLES=160 ... 0.583 ms / 1878 TFLOPS  (211 regs, 2.8s)
[236/540] -DCVT_ADD_FUSED=0 -DK_LOOP_UNROLL=8 -DMBAR_EARLY=1 -DSNAKE_ORDER=0 -DSTAGGER_CYCLES=160 -DW0_LOOP_UNROLL=1 ... 0.691 ms / 1585 TFLOPS  (196 regs, 2.8s)
[237/540] -DCVT_ADD_FUSED=0 -DK_LOOP_UNROLL=8 -DMBAR_EARLY=1 -DSNAKE_ORDER=0 -DSTAGGER_CYCLES=160 -DW0_LOOP_UNROLL=4 ... 0.585 ms / 1871 TFLOPS  (211 regs, 2.8s)
[238/540] -DCVT_ADD_FUSED=0 -DK_LOOP_UNROLL=8 -DMBAR_EARLY=1 -DSNAKE_ORDER=0 -DSTAGGER_CYCLES=160 -DSUB_MMA_UNROLL=1 ... 0.593 ms / 1848 TFLOPS  (166 regs, 2.8s)
[239/540] -DCVT_ADD_FUSED=0 -DK_LOOP_UNROLL=8 -DMBAR_EARLY=1 -DSNAKE_ORDER=0 -DSTAGGER_CYCLES=160 -DSUB_MMA_UNROLL=1 -DW0_LOOP_UNROLL=1 ... 0.683 ms / 1604 TFLOPS  (151 regs, 2.8s)
[240/540] -DCVT_ADD_FUSED=0 -DK_LOOP_UNROLL=8 -DMBAR_EARLY=1 -DSNAKE_ORDER=0 -DSTAGGER_CYCLES=160 -DSUB_MMA_UNROLL=1 -DW0_LOOP_UNROLL=4 ... 0.587 ms / 1867 TFLOPS  (166 regs, 2.8s)
[241/540] -DCVT_ADD_FUSED=0 -DK_LOOP_UNROLL=8 -DMBAR_EARLY=1 -DSNAKE_ORDER=0 -DSTAGGER_CYCLES=160 -DSUB_MMA_UNROLL=3 ... 0.579 ms / 1892 TFLOPS  (211 regs, 2.8s)
[242/540] -DCVT_ADD_FUSED=0 -DK_LOOP_UNROLL=8 -DMBAR_EARLY=1 -DSNAKE_ORDER=0 -DSTAGGER_CYCLES=160 -DSUB_MMA_UNROLL=3 -DW0_LOOP_UNROLL=1 ... 0.678 ms / 1615 TFLOPS  (196 regs, 2.8s)
[243/540] -DCVT_ADD_FUSED=0 -DK_LOOP_UNROLL=8 -DMBAR_EARLY=1 -DSNAKE_ORDER=0 -DSTAGGER_CYCLES=160 -DSUB_MMA_UNROLL=3 -DW0_LOOP_UNROLL=4 ... 0.585 ms / 1873 TFLOPS  (211 regs, 2.9s)
[244/540] -DCVT_ADD_FUSED=0 -DK_LOOP_UNROLL=8 -DMBAR_EARLY=1 -DSTAGGER_CYCLES=160 ... 0.523 ms / 2093 TFLOPS  (211 regs, 2.8s)
[245/540] -DCVT_ADD_FUSED=0 -DK_LOOP_UNROLL=8 -DMBAR_EARLY=1 -DSTAGGER_CYCLES=160 -DW0_LOOP_UNROLL=1 ... 0.684 ms / 1601 TFLOPS  (196 regs, 2.8s)
[246/540] -DCVT_ADD_FUSED=0 -DK_LOOP_UNROLL=8 -DMBAR_EARLY=1 -DSTAGGER_CYCLES=160 -DW0_LOOP_UNROLL=4 ... 0.523 ms / 2095 TFLOPS  (211 regs, 2.8s)
[247/540] -DCVT_ADD_FUSED=0 -DK_LOOP_UNROLL=8 -DMBAR_EARLY=1 -DSTAGGER_CYCLES=160 -DSUB_MMA_UNROLL=1 ... 0.524 ms / 2088 TFLOPS  (166 regs, 2.8s)
[248/540] -DCVT_ADD_FUSED=0 -DK_LOOP_UNROLL=8 -DMBAR_EARLY=1 -DSTAGGER_CYCLES=160 -DSUB_MMA_UNROLL=1 -DW0_LOOP_UNROLL=1 ... 0.682 ms / 1606 TFLOPS  (151 regs, 2.8s)
[249/540] -DCVT_ADD_FUSED=0 -DK_LOOP_UNROLL=8 -DMBAR_EARLY=1 -DSTAGGER_CYCLES=160 -DSUB_MMA_UNROLL=1 -DW0_LOOP_UNROLL=4 ... 0.525 ms / 2087 TFLOPS  (166 regs, 2.7s)
[250/540] -DCVT_ADD_FUSED=0 -DK_LOOP_UNROLL=8 -DMBAR_EARLY=1 -DSTAGGER_CYCLES=160 -DSUB_MMA_UNROLL=3 ... 0.523 ms / 2093 TFLOPS  (211 regs, 2.8s)
[251/540] -DCVT_ADD_FUSED=0 -DK_LOOP_UNROLL=8 -DMBAR_EARLY=1 -DSTAGGER_CYCLES=160 -DSUB_MMA_UNROLL=3 -DW0_LOOP_UNROLL=1 ... 0.684 ms / 1601 TFLOPS  (196 regs, 2.8s)
[252/540] -DCVT_ADD_FUSED=0 -DK_LOOP_UNROLL=8 -DMBAR_EARLY=1 -DSTAGGER_CYCLES=160 -DSUB_MMA_UNROLL=3 -DW0_LOOP_UNROLL=4 ... 0.522 ms / 2097 TFLOPS  (211 regs, 2.8s)
[253/540] -DCVT_ADD_FUSED=0 -DK_LOOP_UNROLL=8 -DMBAR_EARLY=1 -DPHASE1_UNROLL=4 -DSNAKE_ORDER=0 -DSTAGGER_CYCLES=160 ... 0.541 ms / 2026 TFLOPS  (255 regs, 2.9s)
[254/540] -DCVT_ADD_FUSED=0 -DK_LOOP_UNROLL=8 -DMBAR_EARLY=1 -DPHASE1_UNROLL=4 -DSNAKE_ORDER=0 -DSTAGGER_CYCLES=160 -DW0_LOOP_UNROLL=1 ... 0.690 ms / 1587 TFLOPS  (244 regs, 3.0s)
[255/540] -DCVT_ADD_FUSED=0 -DK_LOOP_UNROLL=8 -DMBAR_EARLY=1 -DPHASE1_UNROLL=4 -DSNAKE_ORDER=0 -DSTAGGER_CYCLES=160 -DW0_LOOP_UNROLL=4 ... 0.543 ms / 2016 TFLOPS  (255 regs, 3.0s)
[256/540] -DCVT_ADD_FUSED=0 -DK_LOOP_UNROLL=8 -DMBAR_EARLY=1 -DPHASE1_UNROLL=4 -DSNAKE_ORDER=0 -DSTAGGER_CYCLES=160 -DSUB_MMA_UNROLL=1 ... 0.540 ms / 2027 TFLOPS  (214 regs, 2.9s)
[257/540] -DCVT_ADD_FUSED=0 -DK_LOOP_UNROLL=8 -DMBAR_EARLY=1 -DPHASE1_UNROLL=4 -DSNAKE_ORDER=0 -DSTAGGER_CYCLES=160 -DSUB_MMA_UNROLL=1 -DW0_LOOP_UNROLL=1 ... 0.683 ms / 1603 TFLOPS  (200 regs, 3.0s)
[258/540] -DCVT_ADD_FUSED=0 -DK_LOOP_UNROLL=8 -DMBAR_EARLY=1 -DPHASE1_UNROLL=4 -DSNAKE_ORDER=0 -DSTAGGER_CYCLES=160 -DSUB_MMA_UNROLL=1 -DW0_LOOP_UNROLL=4 ... 0.540 ms / 2029 TFLOPS  (214 regs, 2.9s)
[259/540] -DCVT_ADD_FUSED=0 -DK_LOOP_UNROLL=8 -DMBAR_EARLY=1 -DPHASE1_UNROLL=4 -DSNAKE_ORDER=0 -DSTAGGER_CYCLES=160 -DSUB_MMA_UNROLL=3 ... 0.542 ms / 2020 TFLOPS  (255 regs, 2.9s)
[260/540] -DCVT_ADD_FUSED=0 -DK_LOOP_UNROLL=8 -DMBAR_EARLY=1 -DPHASE1_UNROLL=4 -DSNAKE_ORDER=0 -DSTAGGER_CYCLES=160 -DSUB_MMA_UNROLL=3 -DW0_LOOP_UNROLL=1 ... 0.686 ms / 1595 TFLOPS  (244 regs, 2.9s)
[261/540] -DCVT_ADD_FUSED=0 -DK_LOOP_UNROLL=8 -DMBAR_EARLY=1 -DPHASE1_UNROLL=4 -DSNAKE_ORDER=0 -DSTAGGER_CYCLES=160 -DSUB_MMA_UNROLL=3 -DW0_LOOP_UNROLL=4 ... 0.542 ms / 2021 TFLOPS  (255 regs, 2.9s)
[262/540] -DCVT_ADD_FUSED=0 -DK_LOOP_UNROLL=8 -DMBAR_EARLY=1 -DPHASE1_UNROLL=4 -DSTAGGER_CYCLES=160 ... 0.527 ms / 2080 TFLOPS  (255 regs, 2.9s)
[263/540] -DCVT_ADD_FUSED=0 -DK_LOOP_UNROLL=8 -DMBAR_EARLY=1 -DPHASE1_UNROLL=4 -DSTAGGER_CYCLES=160 -DW0_LOOP_UNROLL=1 ... 0.680 ms / 1611 TFLOPS  (244 regs, 2.9s)
[264/540] -DCVT_ADD_FUSED=0 -DK_LOOP_UNROLL=8 -DMBAR_EARLY=1 -DPHASE1_UNROLL=4 -DSTAGGER_CYCLES=160 -DW0_LOOP_UNROLL=4 ... 0.526 ms / 2080 TFLOPS  (255 regs, 2.9s)
[265/540] -DCVT_ADD_FUSED=0 -DK_LOOP_UNROLL=8 -DMBAR_EARLY=1 -DPHASE1_UNROLL=4 -DSTAGGER_CYCLES=160 -DSUB_MMA_UNROLL=1 ... 0.528 ms / 2073 TFLOPS  (214 regs, 3.0s)
[266/540] -DCVT_ADD_FUSED=0 -DK_LOOP_UNROLL=8 -DMBAR_EARLY=1 -DPHASE1_UNROLL=4 -DSTAGGER_CYCLES=160 -DSUB_MMA_UNROLL=1 -DW0_LOOP_UNROLL=1 ... 0.685 ms / 1598 TFLOPS  (200 regs, 3.0s)
[267/540] -DCVT_ADD_FUSED=0 -DK_LOOP_UNROLL=8 -DMBAR_EARLY=1 -DPHASE1_UNROLL=4 -DSTAGGER_CYCLES=160 -DSUB_MMA_UNROLL=1 -DW0_LOOP_UNROLL=4 ... 0.528 ms / 2075 TFLOPS  (214 regs, 2.9s)
[268/540] -DCVT_ADD_FUSED=0 -DK_LOOP_UNROLL=8 -DMBAR_EARLY=1 -DPHASE1_UNROLL=4 -DSTAGGER_CYCLES=160 -DSUB_MMA_UNROLL=3 ... 0.527 ms / 2076 TFLOPS  (255 regs, 2.9s)
[269/540] -DCVT_ADD_FUSED=0 -DK_LOOP_UNROLL=8 -DMBAR_EARLY=1 -DPHASE1_UNROLL=4 -DSTAGGER_CYCLES=160 -DSUB_MMA_UNROLL=3 -DW0_LOOP_UNROLL=1 ... 0.682 ms / 1605 TFLOPS  (244 regs, 2.9s)
[270/540] -DCVT_ADD_FUSED=0 -DK_LOOP_UNROLL=8 -DMBAR_EARLY=1 -DPHASE1_UNROLL=4 -DSTAGGER_CYCLES=160 -DSUB_MMA_UNROLL=3 -DW0_LOOP_UNROLL=4 ... 0.530 ms / 2068 TFLOPS  (255 regs, 3.0s)
[271/540] -DK_LOOP_UNROLL=1 -DMBAR_EARLY=1 -DPHASE1_UNROLL=1 -DSNAKE_ORDER=0 -DSTAGGER_CYCLES=160 ... 0.658 ms / 1664 TFLOPS  (130 regs, 2.8s)
[272/540] -DK_LOOP_UNROLL=1 -DMBAR_EARLY=1 -DPHASE1_UNROLL=1 -DSNAKE_ORDER=0 -DSTAGGER_CYCLES=160 -DW0_LOOP_UNROLL=1 ... 0.776 ms / 1412 TFLOPS  (111 regs, 2.8s)
[273/540] -DK_LOOP_UNROLL=1 -DMBAR_EARLY=1 -DPHASE1_UNROLL=1 -DSNAKE_ORDER=0 -DSTAGGER_CYCLES=160 -DW0_LOOP_UNROLL=4 ... 0.657 ms / 1666 TFLOPS  (130 regs, 2.8s)
[274/540] -DK_LOOP_UNROLL=1 -DMBAR_EARLY=1 -DPHASE1_UNROLL=1 -DSNAKE_ORDER=0 -DSTAGGER_CYCLES=160 -DSUB_MMA_UNROLL=1 ... 0.690 ms / 1587 TFLOPS  (125 regs, 2.8s)
[275/540] -DK_LOOP_UNROLL=1 -DMBAR_EARLY=1 -DPHASE1_UNROLL=1 -DSNAKE_ORDER=0 -DSTAGGER_CYCLES=160 -DSUB_MMA_UNROLL=1 -DW0_LOOP_UNROLL=1 ... 0.796 ms / 1376 TFLOPS  (105 regs, 2.8s)
[276/540] -DK_LOOP_UNROLL=1 -DMBAR_EARLY=1 -DPHASE1_UNROLL=1 -DSNAKE_ORDER=0 -DSTAGGER_CYCLES=160 -DSUB_MMA_UNROLL=1 -DW0_LOOP_UNROLL=4 ... 0.694 ms / 1577 TFLOPS  (125 regs, 2.8s)
[277/540] -DK_LOOP_UNROLL=1 -DMBAR_EARLY=1 -DPHASE1_UNROLL=1 -DSNAKE_ORDER=0 -DSTAGGER_CYCLES=160 -DSUB_MMA_UNROLL=3 ... 0.661 ms / 1656 TFLOPS  (130 regs, 2.7s)
[278/540] -DK_LOOP_UNROLL=1 -DMBAR_EARLY=1 -DPHASE1_UNROLL=1 -DSNAKE_ORDER=0 -DSTAGGER_CYCLES=160 -DSUB_MMA_UNROLL=3 -DW0_LOOP_UNROLL=1 ... 0.765 ms / 1431 TFLOPS  (111 regs, 2.8s)
[279/540] -DK_LOOP_UNROLL=1 -DMBAR_EARLY=1 -DPHASE1_UNROLL=1 -DSNAKE_ORDER=0 -DSTAGGER_CYCLES=160 -DSUB_MMA_UNROLL=3 -DW0_LOOP_UNROLL=4 ... 0.654 ms / 1675 TFLOPS  (130 regs, 2.8s)
[280/540] -DK_LOOP_UNROLL=1 -DMBAR_EARLY=1 -DPHASE1_UNROLL=1 -DSTAGGER_CYCLES=160 ... 0.658 ms / 1665 TFLOPS  (130 regs, 2.8s)
[281/540] -DK_LOOP_UNROLL=1 -DMBAR_EARLY=1 -DPHASE1_UNROLL=1 -DSTAGGER_CYCLES=160 -DW0_LOOP_UNROLL=1 ... 0.767 ms / 1428 TFLOPS  (111 regs, 2.8s)
[282/540] -DK_LOOP_UNROLL=1 -DMBAR_EARLY=1 -DPHASE1_UNROLL=1 -DSTAGGER_CYCLES=160 -DW0_LOOP_UNROLL=4 ... 0.658 ms / 1665 TFLOPS  (130 regs, 2.8s)
[283/540] -DK_LOOP_UNROLL=1 -DMBAR_EARLY=1 -DPHASE1_UNROLL=1 -DSTAGGER_CYCLES=160 -DSUB_MMA_UNROLL=1 ... 0.693 ms / 1581 TFLOPS  (125 regs, 2.8s)
[284/540] -DK_LOOP_UNROLL=1 -DMBAR_EARLY=1 -DPHASE1_UNROLL=1 -DSTAGGER_CYCLES=160 -DSUB_MMA_UNROLL=1 -DW0_LOOP_UNROLL=1 ... 0.784 ms / 1396 TFLOPS  (105 regs, 2.8s)
[285/540] -DK_LOOP_UNROLL=1 -DMBAR_EARLY=1 -DPHASE1_UNROLL=1 -DSTAGGER_CYCLES=160 -DSUB_MMA_UNROLL=1 -DW0_LOOP_UNROLL=4 ... 0.690 ms / 1588 TFLOPS  (125 regs, 2.7s)
[286/540] -DK_LOOP_UNROLL=1 -DMBAR_EARLY=1 -DPHASE1_UNROLL=1 -DSTAGGER_CYCLES=160 -DSUB_MMA_UNROLL=3 ... 0.660 ms / 1659 TFLOPS  (130 regs, 2.8s)
[287/540] -DK_LOOP_UNROLL=1 -DMBAR_EARLY=1 -DPHASE1_UNROLL=1 -DSTAGGER_CYCLES=160 -DSUB_MMA_UNROLL=3 -DW0_LOOP_UNROLL=1 ... 0.765 ms / 1432 TFLOPS  (111 regs, 2.8s)
[288/540] -DK_LOOP_UNROLL=1 -DMBAR_EARLY=1 -DPHASE1_UNROLL=1 -DSTAGGER_CYCLES=160 -DSUB_MMA_UNROLL=3 -DW0_LOOP_UNROLL=4 ... 0.657 ms / 1667 TFLOPS  (130 regs, 2.8s)
[289/540] -DK_LOOP_UNROLL=1 -DMBAR_EARLY=1 -DSNAKE_ORDER=0 -DSTAGGER_CYCLES=160 ... 0.668 ms / 1640 TFLOPS  (163 regs, 2.8s)
[290/540] -DK_LOOP_UNROLL=1 -DMBAR_EARLY=1 -DSNAKE_ORDER=0 -DSTAGGER_CYCLES=160 -DW0_LOOP_UNROLL=1 ... 0.763 ms / 1436 TFLOPS  (145 regs, 2.8s)
[291/540] -DK_LOOP_UNROLL=1 -DMBAR_EARLY=1 -DSNAKE_ORDER=0 -DSTAGGER_CYCLES=160 -DW0_LOOP_UNROLL=4 ... 0.661 ms / 1656 TFLOPS  (163 regs, 2.8s)
[292/540] -DK_LOOP_UNROLL=1 -DMBAR_EARLY=1 -DSNAKE_ORDER=0 -DSTAGGER_CYCLES=160 -DSUB_MMA_UNROLL=1 ... 0.690 ms / 1588 TFLOPS  (155 regs, 2.8s)
[293/540] -DK_LOOP_UNROLL=1 -DMBAR_EARLY=1 -DSNAKE_ORDER=0 -DSTAGGER_CYCLES=160 -DSUB_MMA_UNROLL=1 -DW0_LOOP_UNROLL=1 ... 0.783 ms / 1399 TFLOPS  (137 regs, 2.7s)
[294/540] -DK_LOOP_UNROLL=1 -DMBAR_EARLY=1 -DSNAKE_ORDER=0 -DSTAGGER_CYCLES=160 -DSUB_MMA_UNROLL=1 -DW0_LOOP_UNROLL=4 ... 0.694 ms / 1577 TFLOPS  (155 regs, 2.8s)
[295/540] -DK_LOOP_UNROLL=1 -DMBAR_EARLY=1 -DSNAKE_ORDER=0 -DSTAGGER_CYCLES=160 -DSUB_MMA_UNROLL=3 ... 0.653 ms / 1677 TFLOPS  (163 regs, 2.9s)
[296/540] -DK_LOOP_UNROLL=1 -DMBAR_EARLY=1 -DSNAKE_ORDER=0 -DSTAGGER_CYCLES=160 -DSUB_MMA_UNROLL=3 -DW0_LOOP_UNROLL=1 ... 0.764 ms / 1433 TFLOPS  (145 regs, 2.8s)
[297/540] -DK_LOOP_UNROLL=1 -DMBAR_EARLY=1 -DSNAKE_ORDER=0 -DSTAGGER_CYCLES=160 -DSUB_MMA_UNROLL=3 -DW0_LOOP_UNROLL=4 ... 0.661 ms / 1656 TFLOPS  (163 regs, 3.0s)
[298/540] -DK_LOOP_UNROLL=1 -DMBAR_EARLY=1 -DSTAGGER_CYCLES=160 ... 0.660 ms / 1658 TFLOPS  (163 regs, 2.9s)
[299/540] -DK_LOOP_UNROLL=1 -DMBAR_EARLY=1 -DSTAGGER_CYCLES=160 -DW0_LOOP_UNROLL=1 ... 0.759 ms / 1443 TFLOPS  (145 regs, 2.8s)
[300/540] -DK_LOOP_UNROLL=1 -DMBAR_EARLY=1 -DSTAGGER_CYCLES=160 -DW0_LOOP_UNROLL=4 ... 0.668 ms / 1640 TFLOPS  (163 regs, 2.8s)
[301/540] -DK_LOOP_UNROLL=1 -DMBAR_EARLY=1 -DSTAGGER_CYCLES=160 -DSUB_MMA_UNROLL=1 ... 0.697 ms / 1571 TFLOPS  (155 regs, 2.8s)
[302/540] -DK_LOOP_UNROLL=1 -DMBAR_EARLY=1 -DSTAGGER_CYCLES=160 -DSUB_MMA_UNROLL=1 -DW0_LOOP_UNROLL=1 ... 0.779 ms / 1406 TFLOPS  (137 regs, 2.8s)
[303/540] -DK_LOOP_UNROLL=1 -DMBAR_EARLY=1 -DSTAGGER_CYCLES=160 -DSUB_MMA_UNROLL=1 -DW0_LOOP_UNROLL=4 ... 0.694 ms / 1577 TFLOPS  (155 regs, 2.9s)
[304/540] -DK_LOOP_UNROLL=1 -DMBAR_EARLY=1 -DSTAGGER_CYCLES=160 -DSUB_MMA_UNROLL=3 ... 0.661 ms / 1658 TFLOPS  (163 regs, 2.9s)
[305/540] -DK_LOOP_UNROLL=1 -DMBAR_EARLY=1 -DSTAGGER_CYCLES=160 -DSUB_MMA_UNROLL=3 -DW0_LOOP_UNROLL=1 ... 0.761 ms / 1440 TFLOPS  (145 regs, 2.8s)
[306/540] -DK_LOOP_UNROLL=1 -DMBAR_EARLY=1 -DSTAGGER_CYCLES=160 -DSUB_MMA_UNROLL=3 -DW0_LOOP_UNROLL=4 ... 0.664 ms / 1650 TFLOPS  (163 regs, 2.8s)
[307/540] -DK_LOOP_UNROLL=1 -DMBAR_EARLY=1 -DPHASE1_UNROLL=4 -DSNAKE_ORDER=0 -DSTAGGER_CYCLES=160 ... 0.663 ms / 1651 TFLOPS  (212 regs, 2.9s)
[308/540] -DK_LOOP_UNROLL=1 -DMBAR_EARLY=1 -DPHASE1_UNROLL=4 -DSNAKE_ORDER=0 -DSTAGGER_CYCLES=160 -DW0_LOOP_UNROLL=1 ... 0.773 ms / 1417 TFLOPS  (192 regs, 2.9s)
[309/540] -DK_LOOP_UNROLL=1 -DMBAR_EARLY=1 -DPHASE1_UNROLL=4 -DSNAKE_ORDER=0 -DSTAGGER_CYCLES=160 -DW0_LOOP_UNROLL=4 ... 0.666 ms / 1645 TFLOPS  (212 regs, 2.9s)
[310/540] -DK_LOOP_UNROLL=1 -DMBAR_EARLY=1 -DPHASE1_UNROLL=4 -DSNAKE_ORDER=0 -DSTAGGER_CYCLES=160 -DSUB_MMA_UNROLL=1 ... 0.706 ms / 1552 TFLOPS  (204 regs, 2.9s)
[311/540] -DK_LOOP_UNROLL=1 -DMBAR_EARLY=1 -DPHASE1_UNROLL=4 -DSNAKE_ORDER=0 -DSTAGGER_CYCLES=160 -DSUB_MMA_UNROLL=1 -DW0_LOOP_UNROLL=1 ... 0.790 ms / 1387 TFLOPS  (184 regs, 2.9s)
[312/540] -DK_LOOP_UNROLL=1 -DMBAR_EARLY=1 -DPHASE1_UNROLL=4 -DSNAKE_ORDER=0 -DSTAGGER_CYCLES=160 -DSUB_MMA_UNROLL=1 -DW0_LOOP_UNROLL=4 ... 0.693 ms / 1579 TFLOPS  (204 regs, 2.9s)
[313/540] -DK_LOOP_UNROLL=1 -DMBAR_EARLY=1 -DPHASE1_UNROLL=4 -DSNAKE_ORDER=0 -DSTAGGER_CYCLES=160 -DSUB_MMA_UNROLL=3 ... 0.667 ms / 1641 TFLOPS  (212 regs, 2.9s)
[314/540] -DK_LOOP_UNROLL=1 -DMBAR_EARLY=1 -DPHASE1_UNROLL=4 -DSNAKE_ORDER=0 -DSTAGGER_CYCLES=160 -DSUB_MMA_UNROLL=3 -DW0_LOOP_UNROLL=1 ... 0.765 ms / 1432 TFLOPS  (192 regs, 2.8s)
[315/540] -DK_LOOP_UNROLL=1 -DMBAR_EARLY=1 -DPHASE1_UNROLL=4 -DSNAKE_ORDER=0 -DSTAGGER_CYCLES=160 -DSUB_MMA_UNROLL=3 -DW0_LOOP_UNROLL=4 ... 0.669 ms / 1636 TFLOPS  (212 regs, 3.0s)
[316/540] -DK_LOOP_UNROLL=1 -DMBAR_EARLY=1 -DPHASE1_UNROLL=4 -DSTAGGER_CYCLES=160 ... 0.663 ms / 1651 TFLOPS  (212 regs, 3.0s)
[317/540] -DK_LOOP_UNROLL=1 -DMBAR_EARLY=1 -DPHASE1_UNROLL=4 -DSTAGGER_CYCLES=160 -DW0_LOOP_UNROLL=1 ... 0.756 ms / 1449 TFLOPS  (192 regs, 3.0s)
[318/540] -DK_LOOP_UNROLL=1 -DMBAR_EARLY=1 -DPHASE1_UNROLL=4 -DSTAGGER_CYCLES=160 -DW0_LOOP_UNROLL=4 ... 0.664 ms / 1650 TFLOPS  (212 regs, 2.9s)
[319/540] -DK_LOOP_UNROLL=1 -DMBAR_EARLY=1 -DPHASE1_UNROLL=4 -DSTAGGER_CYCLES=160 -DSUB_MMA_UNROLL=1 ... 0.709 ms / 1543 TFLOPS  (204 regs, 2.9s)
[320/540] -DK_LOOP_UNROLL=1 -DMBAR_EARLY=1 -DPHASE1_UNROLL=4 -DSTAGGER_CYCLES=160 -DSUB_MMA_UNROLL=1 -DW0_LOOP_UNROLL=1 ... 0.782 ms / 1400 TFLOPS  (184 regs, 2.9s)
[321/540] -DK_LOOP_UNROLL=1 -DMBAR_EARLY=1 -DPHASE1_UNROLL=4 -DSTAGGER_CYCLES=160 -DSUB_MMA_UNROLL=1 -DW0_LOOP_UNROLL=4 ... 0.710 ms / 1543 TFLOPS  (204 regs, 2.9s)
[322/540] -DK_LOOP_UNROLL=1 -DMBAR_EARLY=1 -DPHASE1_UNROLL=4 -DSTAGGER_CYCLES=160 -DSUB_MMA_UNROLL=3 ... 0.677 ms / 1617 TFLOPS  (212 regs, 2.9s)
[323/540] -DK_LOOP_UNROLL=1 -DMBAR_EARLY=1 -DPHASE1_UNROLL=4 -DSTAGGER_CYCLES=160 -DSUB_MMA_UNROLL=3 -DW0_LOOP_UNROLL=1 ... 0.763 ms / 1434 TFLOPS  (192 regs, 2.9s)
[324/540] -DK_LOOP_UNROLL=1 -DMBAR_EARLY=1 -DPHASE1_UNROLL=4 -DSTAGGER_CYCLES=160 -DSUB_MMA_UNROLL=3 -DW0_LOOP_UNROLL=4 ... 0.666 ms / 1645 TFLOPS  (212 regs, 2.9s)
[325/540] -DK_LOOP_UNROLL=2 -DMBAR_EARLY=1 -DPHASE1_UNROLL=1 -DSNAKE_ORDER=0 -DSTAGGER_CYCLES=160 ... 0.659 ms / 1660 TFLOPS  (130 regs, 2.7s)
[326/540] -DK_LOOP_UNROLL=2 -DMBAR_EARLY=1 -DPHASE1_UNROLL=1 -DSNAKE_ORDER=0 -DSTAGGER_CYCLES=160 -DW0_LOOP_UNROLL=1 ... 0.778 ms / 1408 TFLOPS  (111 regs, 2.8s)
[327/540] -DK_LOOP_UNROLL=2 -DMBAR_EARLY=1 -DPHASE1_UNROLL=1 -DSNAKE_ORDER=0 -DSTAGGER_CYCLES=160 -DW0_LOOP_UNROLL=4 ... 0.659 ms / 1661 TFLOPS  (130 regs, 2.8s)
[328/540] -DK_LOOP_UNROLL=2 -DMBAR_EARLY=1 -DPHASE1_UNROLL=1 -DSNAKE_ORDER=0 -DSTAGGER_CYCLES=160 -DSUB_MMA_UNROLL=1 ... 0.697 ms / 1571 TFLOPS  (125 regs, 2.8s)
[329/540] -DK_LOOP_UNROLL=2 -DMBAR_EARLY=1 -DPHASE1_UNROLL=1 -DSNAKE_ORDER=0 -DSTAGGER_CYCLES=160 -DSUB_MMA_UNROLL=1 -DW0_LOOP_UNROLL=1 ... 0.783 ms / 1399 TFLOPS  (105 regs, 2.8s)
[330/540] -DK_LOOP_UNROLL=2 -DMBAR_EARLY=1 -DPHASE1_UNROLL=1 -DSNAKE_ORDER=0 -DSTAGGER_CYCLES=160 -DSUB_MMA_UNROLL=1 -DW0_LOOP_UNROLL=4 ... 0.693 ms / 1580 TFLOPS  (125 regs, 2.8s)
[331/540] -DK_LOOP_UNROLL=2 -DMBAR_EARLY=1 -DPHASE1_UNROLL=1 -DSNAKE_ORDER=0 -DSTAGGER_CYCLES=160 -DSUB_MMA_UNROLL=3 ... 0.661 ms / 1657 TFLOPS  (130 regs, 2.8s)
[332/540] -DK_LOOP_UNROLL=2 -DMBAR_EARLY=1 -DPHASE1_UNROLL=1 -DSNAKE_ORDER=0 -DSTAGGER_CYCLES=160 -DSUB_MMA_UNROLL=3 -DW0_LOOP_UNROLL=1 ... 0.761 ms / 1438 TFLOPS  (111 regs, 2.8s)
[333/540] -DK_LOOP_UNROLL=2 -DMBAR_EARLY=1 -DPHASE1_UNROLL=1 -DSNAKE_ORDER=0 -DSTAGGER_CYCLES=160 -DSUB_MMA_UNROLL=3 -DW0_LOOP_UNROLL=4 ... 0.660 ms / 1660 TFLOPS  (130 regs, 2.8s)
[334/540] -DK_LOOP_UNROLL=2 -DMBAR_EARLY=1 -DPHASE1_UNROLL=1 -DSTAGGER_CYCLES=160 ... 0.660 ms / 1660 TFLOPS  (130 regs, 2.8s)
[335/540] -DK_LOOP_UNROLL=2 -DMBAR_EARLY=1 -DPHASE1_UNROLL=1 -DSTAGGER_CYCLES=160 -DW0_LOOP_UNROLL=1 ... 0.763 ms / 1435 TFLOPS  (111 regs, 2.8s)
[336/540] -DK_LOOP_UNROLL=2 -DMBAR_EARLY=1 -DPHASE1_UNROLL=1 -DSTAGGER_CYCLES=160 -DW0_LOOP_UNROLL=4 ... 0.661 ms / 1656 TFLOPS  (130 regs, 2.7s)
[337/540] -DK_LOOP_UNROLL=2 -DMBAR_EARLY=1 -DPHASE1_UNROLL=1 -DSTAGGER_CYCLES=160 -DSUB_MMA_UNROLL=1 ... 0.697 ms / 1571 TFLOPS  (125 regs, 2.8s)
[338/540] -DK_LOOP_UNROLL=2 -DMBAR_EARLY=1 -DPHASE1_UNROLL=1 -DSTAGGER_CYCLES=160 -DSUB_MMA_UNROLL=1 -DW0_LOOP_UNROLL=1 ... 0.786 ms / 1394 TFLOPS  (105 regs, 2.8s)
[339/540] -DK_LOOP_UNROLL=2 -DMBAR_EARLY=1 -DPHASE1_UNROLL=1 -DSTAGGER_CYCLES=160 -DSUB_MMA_UNROLL=1 -DW0_LOOP_UNROLL=4 ... 0.706 ms / 1551 TFLOPS  (125 regs, 2.8s)
[340/540] -DK_LOOP_UNROLL=2 -DMBAR_EARLY=1 -DPHASE1_UNROLL=1 -DSTAGGER_CYCLES=160 -DSUB_MMA_UNROLL=3 ... 0.662 ms / 1655 TFLOPS  (130 regs, 2.9s)
[341/540] -DK_LOOP_UNROLL=2 -DMBAR_EARLY=1 -DPHASE1_UNROLL=1 -DSTAGGER_CYCLES=160 -DSUB_MMA_UNROLL=3 -DW0_LOOP_UNROLL=1 ... 0.760 ms / 1440 TFLOPS  (111 regs, 2.8s)
[342/540] -DK_LOOP_UNROLL=2 -DMBAR_EARLY=1 -DPHASE1_UNROLL=1 -DSTAGGER_CYCLES=160 -DSUB_MMA_UNROLL=3 -DW0_LOOP_UNROLL=4 ... 0.660 ms / 1658 TFLOPS  (130 regs, 2.8s)
[343/540] -DK_LOOP_UNROLL=2 -DMBAR_EARLY=1 -DSNAKE_ORDER=0 -DSTAGGER_CYCLES=160 ... 0.659 ms / 1663 TFLOPS  (163 regs, 2.8s)
[344/540] -DK_LOOP_UNROLL=2 -DMBAR_EARLY=1 -DSNAKE_ORDER=0 -DSTAGGER_CYCLES=160 -DW0_LOOP_UNROLL=1 ... 0.776 ms / 1410 TFLOPS  (145 regs, 2.8s)
[345/540] -DK_LOOP_UNROLL=2 -DMBAR_EARLY=1 -DSNAKE_ORDER=0 -DSTAGGER_CYCLES=160 -DW0_LOOP_UNROLL=4 ... 0.657 ms / 1666 TFLOPS  (163 regs, 2.8s)
[346/540] -DK_LOOP_UNROLL=2 -DMBAR_EARLY=1 -DSNAKE_ORDER=0 -DSTAGGER_CYCLES=160 -DSUB_MMA_UNROLL=1 ... 0.701 ms / 1563 TFLOPS  (155 regs, 2.9s)
[347/540] -DK_LOOP_UNROLL=2 -DMBAR_EARLY=1 -DSNAKE_ORDER=0 -DSTAGGER_CYCLES=160 -DSUB_MMA_UNROLL=1 -DW0_LOOP_UNROLL=1 ... 0.783 ms / 1399 TFLOPS  (137 regs, 2.8s)
[348/540] -DK_LOOP_UNROLL=2 -DMBAR_EARLY=1 -DSNAKE_ORDER=0 -DSTAGGER_CYCLES=160 -DSUB_MMA_UNROLL=1 -DW0_LOOP_UNROLL=4 ... 0.701 ms / 1561 TFLOPS  (155 regs, 2.8s)
[349/540] -DK_LOOP_UNROLL=2 -DMBAR_EARLY=1 -DSNAKE_ORDER=0 -DSTAGGER_CYCLES=160 -DSUB_MMA_UNROLL=3 ... 0.665 ms / 1646 TFLOPS  (163 regs, 2.8s)
[350/540] -DK_LOOP_UNROLL=2 -DMBAR_EARLY=1 -DSNAKE_ORDER=0 -DSTAGGER_CYCLES=160 -DSUB_MMA_UNROLL=3 -DW0_LOOP_UNROLL=1 ... 0.763 ms / 1435 TFLOPS  (145 regs, 2.8s)
[351/540] -DK_LOOP_UNROLL=2 -DMBAR_EARLY=1 -DSNAKE_ORDER=0 -DSTAGGER_CYCLES=160 -DSUB_MMA_UNROLL=3 -DW0_LOOP_UNROLL=4 ... 0.663 ms / 1651 TFLOPS  (163 regs, 2.9s)
[352/540] -DK_LOOP_UNROLL=2 -DMBAR_EARLY=1 -DSTAGGER_CYCLES=160 ... 0.661 ms / 1658 TFLOPS  (163 regs, 2.9s)
[353/540] -DK_LOOP_UNROLL=2 -DMBAR_EARLY=1 -DSTAGGER_CYCLES=160 -DW0_LOOP_UNROLL=1 ... 0.765 ms / 1432 TFLOPS  (145 regs, 2.8s)
[354/540] -DK_LOOP_UNROLL=2 -DMBAR_EARLY=1 -DSTAGGER_CYCLES=160 -DW0_LOOP_UNROLL=4 ... 0.664 ms / 1650 TFLOPS  (163 regs, 2.8s)
[355/540] -DK_LOOP_UNROLL=2 -DMBAR_EARLY=1 -DSTAGGER_CYCLES=160 -DSUB_MMA_UNROLL=1 ... 0.694 ms / 1579 TFLOPS  (155 regs, 2.8s)
[356/540] -DK_LOOP_UNROLL=2 -DMBAR_EARLY=1 -DSTAGGER_CYCLES=160 -DSUB_MMA_UNROLL=1 -DW0_LOOP_UNROLL=1 ... 0.785 ms / 1394 TFLOPS  (137 regs, 2.9s)
[357/540] -DK_LOOP_UNROLL=2 -DMBAR_EARLY=1 -DSTAGGER_CYCLES=160 -DSUB_MMA_UNROLL=1 -DW0_LOOP_UNROLL=4 ... 0.703 ms / 1558 TFLOPS  (155 regs, 2.9s)
[358/540] -DK_LOOP_UNROLL=2 -DMBAR_EARLY=1 -DSTAGGER_CYCLES=160 -DSUB_MMA_UNROLL=3 ... 0.663 ms / 1652 TFLOPS  (163 regs, 2.8s)
[359/540] -DK_LOOP_UNROLL=2 -DMBAR_EARLY=1 -DSTAGGER_CYCLES=160 -DSUB_MMA_UNROLL=3 -DW0_LOOP_UNROLL=1 ... 0.767 ms / 1427 TFLOPS  (145 regs, 2.8s)
[360/540] -DK_LOOP_UNROLL=2 -DMBAR_EARLY=1 -DSTAGGER_CYCLES=160 -DSUB_MMA_UNROLL=3 -DW0_LOOP_UNROLL=4 ... 0.666 ms / 1645 TFLOPS  (163 regs, 2.8s)
[361/540] -DK_LOOP_UNROLL=2 -DMBAR_EARLY=1 -DPHASE1_UNROLL=4 -DSNAKE_ORDER=0 -DSTAGGER_CYCLES=160 ... 0.673 ms / 1628 TFLOPS  (212 regs, 2.9s)
[362/540] -DK_LOOP_UNROLL=2 -DMBAR_EARLY=1 -DPHASE1_UNROLL=4 -DSNAKE_ORDER=0 -DSTAGGER_CYCLES=160 -DW0_LOOP_UNROLL=1 ... 0.759 ms / 1442 TFLOPS  (192 regs, 2.9s)
[363/540] -DK_LOOP_UNROLL=2 -DMBAR_EARLY=1 -DPHASE1_UNROLL=4 -DSNAKE_ORDER=0 -DSTAGGER_CYCLES=160 -DW0_LOOP_UNROLL=4 ... 0.673 ms / 1627 TFLOPS  (212 regs, 2.9s)
[364/540] -DK_LOOP_UNROLL=2 -DMBAR_EARLY=1 -DPHASE1_UNROLL=4 -DSNAKE_ORDER=0 -DSTAGGER_CYCLES=160 -DSUB_MMA_UNROLL=1 ... 0.698 ms / 1569 TFLOPS  (204 regs, 3.0s)
[365/540] -DK_LOOP_UNROLL=2 -DMBAR_EARLY=1 -DPHASE1_UNROLL=4 -DSNAKE_ORDER=0 -DSTAGGER_CYCLES=160 -DSUB_MMA_UNROLL=1 -DW0_LOOP_UNROLL=1 ... 0.792 ms / 1383 TFLOPS  (184 regs, 2.9s)
[366/540] -DK_LOOP_UNROLL=2 -DMBAR_EARLY=1 -DPHASE1_UNROLL=4 -DSNAKE_ORDER=0 -DSTAGGER_CYCLES=160 -DSUB_MMA_UNROLL=1 -DW0_LOOP_UNROLL=4 ... 0.697 ms / 1571 TFLOPS  (204 regs, 2.9s)
[367/540] -DK_LOOP_UNROLL=2 -DMBAR_EARLY=1 -DPHASE1_UNROLL=4 -DSNAKE_ORDER=0 -DSTAGGER_CYCLES=160 -DSUB_MMA_UNROLL=3 ... 0.667 ms / 1641 TFLOPS  (212 regs, 2.9s)
[368/540] -DK_LOOP_UNROLL=2 -DMBAR_EARLY=1 -DPHASE1_UNROLL=4 -DSNAKE_ORDER=0 -DSTAGGER_CYCLES=160 -DSUB_MMA_UNROLL=3 -DW0_LOOP_UNROLL=1 ... 0.775 ms / 1414 TFLOPS  (192 regs, 2.9s)
[369/540] -DK_LOOP_UNROLL=2 -DMBAR_EARLY=1 -DPHASE1_UNROLL=4 -DSNAKE_ORDER=0 -DSTAGGER_CYCLES=160 -DSUB_MMA_UNROLL=3 -DW0_LOOP_UNROLL=4 ... 0.668 ms / 1639 TFLOPS  (212 regs, 2.9s)
[370/540] -DK_LOOP_UNROLL=2 -DMBAR_EARLY=1 -DPHASE1_UNROLL=4 -DSTAGGER_CYCLES=160 ... 0.667 ms / 1643 TFLOPS  (212 regs, 2.9s)
[371/540] -DK_LOOP_UNROLL=2 -DMBAR_EARLY=1 -DPHASE1_UNROLL=4 -DSTAGGER_CYCLES=160 -DW0_LOOP_UNROLL=1 ... 0.754 ms / 1453 TFLOPS  (192 regs, 2.9s)
[372/540] -DK_LOOP_UNROLL=2 -DMBAR_EARLY=1 -DPHASE1_UNROLL=4 -DSTAGGER_CYCLES=160 -DW0_LOOP_UNROLL=4 ... 0.663 ms / 1651 TFLOPS  (212 regs, 2.9s)
[373/540] -DK_LOOP_UNROLL=2 -DMBAR_EARLY=1 -DPHASE1_UNROLL=4 -DSTAGGER_CYCLES=160 -DSUB_MMA_UNROLL=1 ... 0.701 ms / 1561 TFLOPS  (204 regs, 2.9s)
[374/540] -DK_LOOP_UNROLL=2 -DMBAR_EARLY=1 -DPHASE1_UNROLL=4 -DSTAGGER_CYCLES=160 -DSUB_MMA_UNROLL=1 -DW0_LOOP_UNROLL=1 ... 0.784 ms / 1397 TFLOPS  (184 regs, 3.0s)
[375/540] -DK_LOOP_UNROLL=2 -DMBAR_EARLY=1 -DPHASE1_UNROLL=4 -DSTAGGER_CYCLES=160 -DSUB_MMA_UNROLL=1 -DW0_LOOP_UNROLL=4 ... 0.702 ms / 1560 TFLOPS  (204 regs, 2.9s)
[376/540] -DK_LOOP_UNROLL=2 -DMBAR_EARLY=1 -DPHASE1_UNROLL=4 -DSTAGGER_CYCLES=160 -DSUB_MMA_UNROLL=3 ... 0.668 ms / 1640 TFLOPS  (212 regs, 2.9s)
[377/540] -DK_LOOP_UNROLL=2 -DMBAR_EARLY=1 -DPHASE1_UNROLL=4 -DSTAGGER_CYCLES=160 -DSUB_MMA_UNROLL=3 -DW0_LOOP_UNROLL=1 ... 0.768 ms / 1425 TFLOPS  (192 regs, 2.9s)
[378/540] -DK_LOOP_UNROLL=2 -DMBAR_EARLY=1 -DPHASE1_UNROLL=4 -DSTAGGER_CYCLES=160 -DSUB_MMA_UNROLL=3 -DW0_LOOP_UNROLL=4 ... 0.672 ms / 1629 TFLOPS  (212 regs, 2.9s)
[379/540] -DMBAR_EARLY=1 -DPHASE1_UNROLL=1 -DSNAKE_ORDER=0 -DSTAGGER_CYCLES=160 ... 0.738 ms / 1484 TFLOPS  (178 regs, 2.8s)
[380/540] -DMBAR_EARLY=1 -DPHASE1_UNROLL=1 -DSNAKE_ORDER=0 -DSTAGGER_CYCLES=160 -DW0_LOOP_UNROLL=1 ... 0.684 ms / 1602 TFLOPS  (164 regs, 2.8s)
[381/540] -DMBAR_EARLY=1 -DPHASE1_UNROLL=1 -DSNAKE_ORDER=0 -DSTAGGER_CYCLES=160 -DW0_LOOP_UNROLL=4 ... 0.741 ms / 1477 TFLOPS  (178 regs, 2.8s)
[382/540] -DMBAR_EARLY=1 -DPHASE1_UNROLL=1 -DSNAKE_ORDER=0 -DSTAGGER_CYCLES=160 -DSUB_MMA_UNROLL=1 ... 0.737 ms / 1486 TFLOPS  (134 regs, 2.8s)
[383/540] -DMBAR_EARLY=1 -DPHASE1_UNROLL=1 -DSNAKE_ORDER=0 -DSTAGGER_CYCLES=160 -DSUB_MMA_UNROLL=1 -DW0_LOOP_UNROLL=1 ... 0.675 ms / 1622 TFLOPS  (120 regs, 2.8s)
[384/540] -DMBAR_EARLY=1 -DPHASE1_UNROLL=1 -DSNAKE_ORDER=0 -DSTAGGER_CYCLES=160 -DSUB_MMA_UNROLL=1 -DW0_LOOP_UNROLL=4 ... 0.737 ms / 1485 TFLOPS  (134 regs, 2.8s)
[385/540] -DMBAR_EARLY=1 -DPHASE1_UNROLL=1 -DSNAKE_ORDER=0 -DSTAGGER_CYCLES=160 -DSUB_MMA_UNROLL=3 ... 0.739 ms / 1481 TFLOPS  (178 regs, 2.8s)
[386/540] -DMBAR_EARLY=1 -DPHASE1_UNROLL=1 -DSNAKE_ORDER=0 -DSTAGGER_CYCLES=160 -DSUB_MMA_UNROLL=3 -DW0_LOOP_UNROLL=1 ... 0.667 ms / 1641 TFLOPS  (164 regs, 2.8s)
[387/540] -DMBAR_EARLY=1 -DPHASE1_UNROLL=1 -DSNAKE_ORDER=0 -DSTAGGER_CYCLES=160 -DSUB_MMA_UNROLL=3 -DW0_LOOP_UNROLL=4 ... 0.739 ms / 1482 TFLOPS  (178 regs, 2.9s)
[388/540] -DMBAR_EARLY=1 -DPHASE1_UNROLL=1 -DSTAGGER_CYCLES=160 ... 0.625 ms / 1751 TFLOPS  (178 regs, 2.8s)
[389/540] -DMBAR_EARLY=1 -DPHASE1_UNROLL=1 -DSTAGGER_CYCLES=160 -DW0_LOOP_UNROLL=1 ... 0.677 ms / 1617 TFLOPS  (164 regs, 2.8s)
[390/540] -DMBAR_EARLY=1 -DPHASE1_UNROLL=1 -DSTAGGER_CYCLES=160 -DW0_LOOP_UNROLL=4 ... 0.620 ms / 1767 TFLOPS  (178 regs, 2.8s)
[391/540] -DMBAR_EARLY=1 -DPHASE1_UNROLL=1 -DSTAGGER_CYCLES=160 -DSUB_MMA_UNROLL=1 ... 0.624 ms / 1753 TFLOPS  (134 regs, 2.8s)
[392/540] -DMBAR_EARLY=1 -DPHASE1_UNROLL=1 -DSTAGGER_CYCLES=160 -DSUB_MMA_UNROLL=1 -DW0_LOOP_UNROLL=1 ... 0.676 ms / 1619 TFLOPS  (120 regs, 2.9s)
[393/540] -DMBAR_EARLY=1 -DPHASE1_UNROLL=1 -DSTAGGER_CYCLES=160 -DSUB_MMA_UNROLL=1 -DW0_LOOP_UNROLL=4 ... 0.636 ms / 1722 TFLOPS  (134 regs, 2.7s)
[394/540] -DMBAR_EARLY=1 -DPHASE1_UNROLL=1 -DSTAGGER_CYCLES=160 -DSUB_MMA_UNROLL=3 ... 0.623 ms / 1758 TFLOPS  (178 regs, 2.8s)
[395/540] -DMBAR_EARLY=1 -DPHASE1_UNROLL=1 -DSTAGGER_CYCLES=160 -DSUB_MMA_UNROLL=3 -DW0_LOOP_UNROLL=1 ... 0.681 ms / 1607 TFLOPS  (164 regs, 2.8s)
[396/540] -DMBAR_EARLY=1 -DPHASE1_UNROLL=1 -DSTAGGER_CYCLES=160 -DSUB_MMA_UNROLL=3 -DW0_LOOP_UNROLL=4 ... 0.639 ms / 1714 TFLOPS  (178 regs, 2.8s)
[397/540] -DMBAR_EARLY=1 -DSNAKE_ORDER=0 -DSTAGGER_CYCLES=160 ... 0.591 ms / 1853 TFLOPS  (210 regs, 2.9s)
[398/540] -DMBAR_EARLY=1 -DSNAKE_ORDER=0 -DSTAGGER_CYCLES=160 -DW0_LOOP_UNROLL=1 ... 0.683 ms / 1604 TFLOPS  (196 regs, 2.8s)
[399/540] -DMBAR_EARLY=1 -DSNAKE_ORDER=0 -DSTAGGER_CYCLES=160 -DW0_LOOP_UNROLL=4 ... 0.590 ms / 1856 TFLOPS  (210 regs, 2.8s)
[400/540] -DMBAR_EARLY=1 -DSNAKE_ORDER=0 -DSTAGGER_CYCLES=160 -DSUB_MMA_UNROLL=1 ... 0.584 ms / 1876 TFLOPS  (166 regs, 2.8s)
[401/540] -DMBAR_EARLY=1 -DSNAKE_ORDER=0 -DSTAGGER_CYCLES=160 -DSUB_MMA_UNROLL=1 -DW0_LOOP_UNROLL=1 ... 0.690 ms / 1588 TFLOPS  (151 regs, 2.9s)
[402/540] -DMBAR_EARLY=1 -DSNAKE_ORDER=0 -DSTAGGER_CYCLES=160 -DSUB_MMA_UNROLL=1 -DW0_LOOP_UNROLL=4 ... 0.587 ms / 1864 TFLOPS  (166 regs, 2.9s)
[403/540] -DMBAR_EARLY=1 -DSNAKE_ORDER=0 -DSTAGGER_CYCLES=160 -DSUB_MMA_UNROLL=3 ... 0.593 ms / 1847 TFLOPS  (210 regs, 2.9s)
[404/540] -DMBAR_EARLY=1 -DSNAKE_ORDER=0 -DSTAGGER_CYCLES=160 -DSUB_MMA_UNROLL=3 -DW0_LOOP_UNROLL=1 ... 0.684 ms / 1601 TFLOPS  (196 regs, 2.9s)
[405/540] -DMBAR_EARLY=1 -DSNAKE_ORDER=0 -DSTAGGER_CYCLES=160 -DSUB_MMA_UNROLL=3 -DW0_LOOP_UNROLL=4 ... 0.581 ms / 1884 TFLOPS  (210 regs, 2.8s)
[406/540] -DMBAR_EARLY=1 -DSTAGGER_CYCLES=160 ... 0.523 ms / 2096 TFLOPS  (210 regs, 2.8s)
[407/540] -DMBAR_EARLY=1 -DSTAGGER_CYCLES=160 -DW0_LOOP_UNROLL=1 ... 0.681 ms / 1608 TFLOPS  (196 regs, 2.8s)
[408/540] -DMBAR_EARLY=1 -DSTAGGER_CYCLES=160 -DW0_LOOP_UNROLL=4 ... 0.525 ms / 2087 TFLOPS  (210 regs, 2.8s)
[409/540] -DMBAR_EARLY=1 -DSTAGGER_CYCLES=160 -DSUB_MMA_UNROLL=1 ... 0.531 ms / 2062 TFLOPS  (166 regs, 2.9s)
[410/540] -DMBAR_EARLY=1 -DSTAGGER_CYCLES=160 -DSUB_MMA_UNROLL=1 -DW0_LOOP_UNROLL=1 ... 0.681 ms / 1608 TFLOPS  (151 regs, 2.9s)
[411/540] -DMBAR_EARLY=1 -DSTAGGER_CYCLES=160 -DSUB_MMA_UNROLL=1 -DW0_LOOP_UNROLL=4 ... 0.531 ms / 2062 TFLOPS  (166 regs, 2.8s)
[412/540] -DMBAR_EARLY=1 -DSTAGGER_CYCLES=160 -DSUB_MMA_UNROLL=3 ... 0.523 ms / 2092 TFLOPS  (210 regs, 2.8s)
[413/540] -DMBAR_EARLY=1 -DSTAGGER_CYCLES=160 -DSUB_MMA_UNROLL=3 -DW0_LOOP_UNROLL=1 ... 0.687 ms / 1595 TFLOPS  (196 regs, 2.8s)
[414/540] -DMBAR_EARLY=1 -DSTAGGER_CYCLES=160 -DSUB_MMA_UNROLL=3 -DW0_LOOP_UNROLL=4 ... 0.526 ms / 2080 TFLOPS  (210 regs, 2.8s)
[415/540] -DMBAR_EARLY=1 -DPHASE1_UNROLL=4 -DSNAKE_ORDER=0 -DSTAGGER_CYCLES=160 ... 0.542 ms / 2019 TFLOPS  (255 regs, 2.9s)
[416/540] -DMBAR_EARLY=1 -DPHASE1_UNROLL=4 -DSNAKE_ORDER=0 -DSTAGGER_CYCLES=160 -DW0_LOOP_UNROLL=1 ... 0.689 ms / 1590 TFLOPS  (244 regs, 2.9s)
[417/540] -DMBAR_EARLY=1 -DPHASE1_UNROLL=4 -DSNAKE_ORDER=0 -DSTAGGER_CYCLES=160 -DW0_LOOP_UNROLL=4 ... 0.545 ms / 2009 TFLOPS  (255 regs, 2.9s)
[418/540] -DMBAR_EARLY=1 -DPHASE1_UNROLL=4 -DSNAKE_ORDER=0 -DSTAGGER_CYCLES=160 -DSUB_MMA_UNROLL=1 ... 0.542 ms / 2021 TFLOPS  (214 regs, 2.9s)
[419/540] -DMBAR_EARLY=1 -DPHASE1_UNROLL=4 -DSNAKE_ORDER=0 -DSTAGGER_CYCLES=160 -DSUB_MMA_UNROLL=1 -DW0_LOOP_UNROLL=1 ... 0.687 ms / 1593 TFLOPS  (200 regs, 2.9s)
[420/540] -DMBAR_EARLY=1 -DPHASE1_UNROLL=4 -DSNAKE_ORDER=0 -DSTAGGER_CYCLES=160 -DSUB_MMA_UNROLL=1 -DW0_LOOP_UNROLL=4 ... 0.544 ms / 2012 TFLOPS  (214 regs, 2.9s)
[421/540] -DMBAR_EARLY=1 -DPHASE1_UNROLL=4 -DSNAKE_ORDER=0 -DSTAGGER_CYCLES=160 -DSUB_MMA_UNROLL=3 ... 0.542 ms / 2020 TFLOPS  (255 regs, 3.0s)
[422/540] -DMBAR_EARLY=1 -DPHASE1_UNROLL=4 -DSNAKE_ORDER=0 -DSTAGGER_CYCLES=160 -DSUB_MMA_UNROLL=3 -DW0_LOOP_UNROLL=1 ... 0.690 ms / 1588 TFLOPS  (244 regs, 3.0s)
[423/540] -DMBAR_EARLY=1 -DPHASE1_UNROLL=4 -DSNAKE_ORDER=0 -DSTAGGER_CYCLES=160 -DSUB_MMA_UNROLL=3 -DW0_LOOP_UNROLL=4 ... 0.544 ms / 2012 TFLOPS  (255 regs, 3.0s)
[424/540] -DMBAR_EARLY=1 -DPHASE1_UNROLL=4 -DSTAGGER_CYCLES=160 ... 0.527 ms / 2078 TFLOPS  (255 regs, 3.0s)
[425/540] -DMBAR_EARLY=1 -DPHASE1_UNROLL=4 -DSTAGGER_CYCLES=160 -DW0_LOOP_UNROLL=1 ... 0.691 ms / 1586 TFLOPS  (244 regs, 2.9s)
[426/540] -DMBAR_EARLY=1 -DPHASE1_UNROLL=4 -DSTAGGER_CYCLES=160 -DW0_LOOP_UNROLL=4 ... 0.529 ms / 2068 TFLOPS  (255 regs, 2.9s)
[427/540] -DMBAR_EARLY=1 -DPHASE1_UNROLL=4 -DSTAGGER_CYCLES=160 -DSUB_MMA_UNROLL=1 ... 0.532 ms / 2058 TFLOPS  (214 regs, 2.9s)
[428/540] -DMBAR_EARLY=1 -DPHASE1_UNROLL=4 -DSTAGGER_CYCLES=160 -DSUB_MMA_UNROLL=1 -DW0_LOOP_UNROLL=1 ... 0.685 ms / 1598 TFLOPS  (200 regs, 2.9s)
[429/540] -DMBAR_EARLY=1 -DPHASE1_UNROLL=4 -DSTAGGER_CYCLES=160 -DSUB_MMA_UNROLL=1 -DW0_LOOP_UNROLL=4 ... 0.532 ms / 2058 TFLOPS  (214 regs, 2.9s)
[430/540] -DMBAR_EARLY=1 -DPHASE1_UNROLL=4 -DSTAGGER_CYCLES=160 -DSUB_MMA_UNROLL=3 ... 0.530 ms / 2065 TFLOPS  (255 regs, 3.0s)
[431/540] -DMBAR_EARLY=1 -DPHASE1_UNROLL=4 -DSTAGGER_CYCLES=160 -DSUB_MMA_UNROLL=3 -DW0_LOOP_UNROLL=1 ... 0.680 ms / 1609 TFLOPS  (244 regs, 2.9s)
[432/540] -DMBAR_EARLY=1 -DPHASE1_UNROLL=4 -DSTAGGER_CYCLES=160 -DSUB_MMA_UNROLL=3 -DW0_LOOP_UNROLL=4 ... 0.529 ms / 2069 TFLOPS  (255 regs, 2.9s)
[433/540] -DK_LOOP_UNROLL=6 -DMBAR_EARLY=1 -DPHASE1_UNROLL=1 -DSNAKE_ORDER=0 -DSTAGGER_CYCLES=160 ... 0.739 ms / 1481 TFLOPS  (147 regs, 2.9s)
[434/540] -DK_LOOP_UNROLL=6 -DMBAR_EARLY=1 -DPHASE1_UNROLL=1 -DSNAKE_ORDER=0 -DSTAGGER_CYCLES=160 -DW0_LOOP_UNROLL=1 ... 0.679 ms / 1614 TFLOPS  (128 regs, 2.8s)
[435/540] -DK_LOOP_UNROLL=6 -DMBAR_EARLY=1 -DPHASE1_UNROLL=1 -DSNAKE_ORDER=0 -DSTAGGER_CYCLES=160 -DW0_LOOP_UNROLL=4 ... 0.741 ms / 1477 TFLOPS  (144 regs, 2.8s)
[436/540] -DK_LOOP_UNROLL=6 -DMBAR_EARLY=1 -DPHASE1_UNROLL=1 -DSNAKE_ORDER=0 -DSTAGGER_CYCLES=160 -DSUB_MMA_UNROLL=1 ... 0.738 ms / 1484 TFLOPS  (134 regs, 2.8s)
[437/540] -DK_LOOP_UNROLL=6 -DMBAR_EARLY=1 -DPHASE1_UNROLL=1 -DSNAKE_ORDER=0 -DSTAGGER_CYCLES=160 -DSUB_MMA_UNROLL=1 -DW0_LOOP_UNROLL=1 ... 0.674 ms / 1625 TFLOPS  (120 regs, 2.8s)
[438/540] -DK_LOOP_UNROLL=6 -DMBAR_EARLY=1 -DPHASE1_UNROLL=1 -DSNAKE_ORDER=0 -DSTAGGER_CYCLES=160 -DSUB_MMA_UNROLL=1 -DW0_LOOP_UNROLL=4 ... 0.740 ms / 1481 TFLOPS  (134 regs, 2.8s)
[439/540] -DK_LOOP_UNROLL=6 -DMBAR_EARLY=1 -DPHASE1_UNROLL=1 -DSNAKE_ORDER=0 -DSTAGGER_CYCLES=160 -DSUB_MMA_UNROLL=3 ... 0.743 ms / 1475 TFLOPS  (147 regs, 2.8s)
[440/540] -DK_LOOP_UNROLL=6 -DMBAR_EARLY=1 -DPHASE1_UNROLL=1 -DSNAKE_ORDER=0 -DSTAGGER_CYCLES=160 -DSUB_MMA_UNROLL=3 -DW0_LOOP_UNROLL=1 ... 0.681 ms / 1608 TFLOPS  (128 regs, 2.8s)
[441/540] -DK_LOOP_UNROLL=6 -DMBAR_EARLY=1 -DPHASE1_UNROLL=1 -DSNAKE_ORDER=0 -DSTAGGER_CYCLES=160 -DSUB_MMA_UNROLL=3 -DW0_LOOP_UNROLL=4 ... 0.739 ms / 1481 TFLOPS  (144 regs, 2.8s)
[442/540] -DK_LOOP_UNROLL=6 -DMBAR_EARLY=1 -DPHASE1_UNROLL=1 -DSTAGGER_CYCLES=160 ... 0.630 ms / 1738 TFLOPS  (147 regs, 2.8s)
[443/540] -DK_LOOP_UNROLL=6 -DMBAR_EARLY=1 -DPHASE1_UNROLL=1 -DSTAGGER_CYCLES=160 -DW0_LOOP_UNROLL=1 ... 0.679 ms / 1613 TFLOPS  (128 regs, 2.8s)
[444/540] -DK_LOOP_UNROLL=6 -DMBAR_EARLY=1 -DPHASE1_UNROLL=1 -DSTAGGER_CYCLES=160 -DW0_LOOP_UNROLL=4 ... 0.634 ms / 1727 TFLOPS  (144 regs, 2.8s)
[445/540] -DK_LOOP_UNROLL=6 -DMBAR_EARLY=1 -DPHASE1_UNROLL=1 -DSTAGGER_CYCLES=160 -DSUB_MMA_UNROLL=1 ... 0.632 ms / 1731 TFLOPS  (134 regs, 2.8s)
[446/540] -DK_LOOP_UNROLL=6 -DMBAR_EARLY=1 -DPHASE1_UNROLL=1 -DSTAGGER_CYCLES=160 -DSUB_MMA_UNROLL=1 -DW0_LOOP_UNROLL=1 ... 0.679 ms / 1612 TFLOPS  (120 regs, 2.8s)
[447/540] -DK_LOOP_UNROLL=6 -DMBAR_EARLY=1 -DPHASE1_UNROLL=1 -DSTAGGER_CYCLES=160 -DSUB_MMA_UNROLL=1 -DW0_LOOP_UNROLL=4 ... 0.633 ms / 1729 TFLOPS  (134 regs, 2.8s)
[448/540] -DK_LOOP_UNROLL=6 -DMBAR_EARLY=1 -DPHASE1_UNROLL=1 -DSTAGGER_CYCLES=160 -DSUB_MMA_UNROLL=3 ... 0.636 ms / 1723 TFLOPS  (147 regs, 2.8s)
[449/540] -DK_LOOP_UNROLL=6 -DMBAR_EARLY=1 -DPHASE1_UNROLL=1 -DSTAGGER_CYCLES=160 -DSUB_MMA_UNROLL=3 -DW0_LOOP_UNROLL=1 ... 0.684 ms / 1601 TFLOPS  (128 regs, 2.8s)
[450/540] -DK_LOOP_UNROLL=6 -DMBAR_EARLY=1 -DPHASE1_UNROLL=1 -DSTAGGER_CYCLES=160 -DSUB_MMA_UNROLL=3 -DW0_LOOP_UNROLL=4 ... 0.636 ms / 1723 TFLOPS  (144 regs, 2.8s)
[451/540] -DK_LOOP_UNROLL=6 -DMBAR_EARLY=1 -DSNAKE_ORDER=0 -DSTAGGER_CYCLES=160 ... 0.594 ms / 1845 TFLOPS  (175 regs, 2.8s)
[452/540] -DK_LOOP_UNROLL=6 -DMBAR_EARLY=1 -DSNAKE_ORDER=0 -DSTAGGER_CYCLES=160 -DW0_LOOP_UNROLL=1 ... 0.681 ms / 1608 TFLOPS  (159 regs, 2.8s)
[453/540] -DK_LOOP_UNROLL=6 -DMBAR_EARLY=1 -DSNAKE_ORDER=0 -DSTAGGER_CYCLES=160 -DW0_LOOP_UNROLL=4 ... 0.570 ms / 1923 TFLOPS  (175 regs, 2.9s)
[454/540] -DK_LOOP_UNROLL=6 -DMBAR_EARLY=1 -DSNAKE_ORDER=0 -DSTAGGER_CYCLES=160 -DSUB_MMA_UNROLL=1 ... 0.585 ms / 1872 TFLOPS  (166 regs, 2.8s)
[455/540] -DK_LOOP_UNROLL=6 -DMBAR_EARLY=1 -DSNAKE_ORDER=0 -DSTAGGER_CYCLES=160 -DSUB_MMA_UNROLL=1 -DW0_LOOP_UNROLL=1 ... 0.682 ms / 1606 TFLOPS  (151 regs, 2.8s)
[456/540] -DK_LOOP_UNROLL=6 -DMBAR_EARLY=1 -DSNAKE_ORDER=0 -DSTAGGER_CYCLES=160 -DSUB_MMA_UNROLL=1 -DW0_LOOP_UNROLL=4 ... 0.585 ms / 1871 TFLOPS  (166 regs, 2.8s)
[457/540] -DK_LOOP_UNROLL=6 -DMBAR_EARLY=1 -DSNAKE_ORDER=0 -DSTAGGER_CYCLES=160 -DSUB_MMA_UNROLL=3 ... 0.577 ms / 1899 TFLOPS  (175 regs, 2.8s)
[458/540] -DK_LOOP_UNROLL=6 -DMBAR_EARLY=1 -DSNAKE_ORDER=0 -DSTAGGER_CYCLES=160 -DSUB_MMA_UNROLL=3 -DW0_LOOP_UNROLL=1 ... 0.681 ms / 1607 TFLOPS  (159 regs, 2.8s)
[459/540] -DK_LOOP_UNROLL=6 -DMBAR_EARLY=1 -DSNAKE_ORDER=0 -DSTAGGER_CYCLES=160 -DSUB_MMA_UNROLL=3 -DW0_LOOP_UNROLL=4 ... 0.580 ms / 1888 TFLOPS  (175 regs, 2.8s)
[460/540] -DK_LOOP_UNROLL=6 -DMBAR_EARLY=1 -DSTAGGER_CYCLES=160 ... 0.524 ms / 2092 TFLOPS  (175 regs, 2.9s)
[461/540] -DK_LOOP_UNROLL=6 -DMBAR_EARLY=1 -DSTAGGER_CYCLES=160 -DW0_LOOP_UNROLL=1 ... 0.681 ms / 1607 TFLOPS  (159 regs, 2.8s)
[462/540] -DK_LOOP_UNROLL=6 -DMBAR_EARLY=1 -DSTAGGER_CYCLES=160 -DW0_LOOP_UNROLL=4 ... 0.525 ms / 2087 TFLOPS  (175 regs, 2.8s)
[463/540] -DK_LOOP_UNROLL=6 -DMBAR_EARLY=1 -DSTAGGER_CYCLES=160 -DSUB_MMA_UNROLL=1 ... 0.522 ms / 2096 TFLOPS  (166 regs, 2.8s)
[464/540] -DK_LOOP_UNROLL=6 -DMBAR_EARLY=1 -DSTAGGER_CYCLES=160 -DSUB_MMA_UNROLL=1 -DW0_LOOP_UNROLL=1 ... 0.684 ms / 1600 TFLOPS  (151 regs, 2.8s)
[465/540] -DK_LOOP_UNROLL=6 -DMBAR_EARLY=1 -DSTAGGER_CYCLES=160 -DSUB_MMA_UNROLL=1 -DW0_LOOP_UNROLL=4 ... 0.526 ms / 2082 TFLOPS  (166 regs, 2.8s)
[466/540] -DK_LOOP_UNROLL=6 -DMBAR_EARLY=1 -DSTAGGER_CYCLES=160 -DSUB_MMA_UNROLL=3 ... 0.523 ms / 2092 TFLOPS  (175 regs, 2.9s)
[467/540] -DK_LOOP_UNROLL=6 -DMBAR_EARLY=1 -DSTAGGER_CYCLES=160 -DSUB_MMA_UNROLL=3 -DW0_LOOP_UNROLL=1 ... 0.684 ms / 1600 TFLOPS  (159 regs, 2.8s)
[468/540] -DK_LOOP_UNROLL=6 -DMBAR_EARLY=1 -DSTAGGER_CYCLES=160 -DSUB_MMA_UNROLL=3 -DW0_LOOP_UNROLL=4 ... 0.523 ms / 2093 TFLOPS  (175 regs, 2.8s)
[469/540] -DK_LOOP_UNROLL=6 -DMBAR_EARLY=1 -DPHASE1_UNROLL=4 -DSNAKE_ORDER=0 -DSTAGGER_CYCLES=160 ... 0.540 ms / 2029 TFLOPS  (222 regs, 2.9s)
[470/540] -DK_LOOP_UNROLL=6 -DMBAR_EARLY=1 -DPHASE1_UNROLL=4 -DSNAKE_ORDER=0 -DSTAGGER_CYCLES=160 -DW0_LOOP_UNROLL=1 ... 0.687 ms / 1594 TFLOPS  (208 regs, 2.9s)
[471/540] -DK_LOOP_UNROLL=6 -DMBAR_EARLY=1 -DPHASE1_UNROLL=4 -DSNAKE_ORDER=0 -DSTAGGER_CYCLES=160 -DW0_LOOP_UNROLL=4 ... 0.540 ms / 2029 TFLOPS  (222 regs, 2.9s)
[472/540] -DK_LOOP_UNROLL=6 -DMBAR_EARLY=1 -DPHASE1_UNROLL=4 -DSNAKE_ORDER=0 -DSTAGGER_CYCLES=160 -DSUB_MMA_UNROLL=1 ... 0.539 ms / 2031 TFLOPS  (214 regs, 2.9s)
[473/540] -DK_LOOP_UNROLL=6 -DMBAR_EARLY=1 -DPHASE1_UNROLL=4 -DSNAKE_ORDER=0 -DSTAGGER_CYCLES=160 -DSUB_MMA_UNROLL=1 -DW0_LOOP_UNROLL=1 ... 0.691 ms / 1586 TFLOPS  (200 regs, 2.9s)
[474/540] -DK_LOOP_UNROLL=6 -DMBAR_EARLY=1 -DPHASE1_UNROLL=4 -DSNAKE_ORDER=0 -DSTAGGER_CYCLES=160 -DSUB_MMA_UNROLL=1 -DW0_LOOP_UNROLL=4 ... 0.541 ms / 2026 TFLOPS  (214 regs, 2.9s)
[475/540] -DK_LOOP_UNROLL=6 -DMBAR_EARLY=1 -DPHASE1_UNROLL=4 -DSNAKE_ORDER=0 -DSTAGGER_CYCLES=160 -DSUB_MMA_UNROLL=3 ... 0.539 ms / 2032 TFLOPS  (222 regs, 2.9s)
[476/540] -DK_LOOP_UNROLL=6 -DMBAR_EARLY=1 -DPHASE1_UNROLL=4 -DSNAKE_ORDER=0 -DSTAGGER_CYCLES=160 -DSUB_MMA_UNROLL=3 -DW0_LOOP_UNROLL=1 ... 0.696 ms / 1573 TFLOPS  (208 regs, 2.9s)
[477/540] -DK_LOOP_UNROLL=6 -DMBAR_EARLY=1 -DPHASE1_UNROLL=4 -DSNAKE_ORDER=0 -DSTAGGER_CYCLES=160 -DSUB_MMA_UNROLL=3 -DW0_LOOP_UNROLL=4 ... 0.541 ms / 2025 TFLOPS  (222 regs, 3.0s)
[478/540] -DK_LOOP_UNROLL=6 -DMBAR_EARLY=1 -DPHASE1_UNROLL=4 -DSTAGGER_CYCLES=160 ... 0.528 ms / 2074 TFLOPS  (222 regs, 3.0s)
[479/540] -DK_LOOP_UNROLL=6 -DMBAR_EARLY=1 -DPHASE1_UNROLL=4 -DSTAGGER_CYCLES=160 -DW0_LOOP_UNROLL=1 ... 0.676 ms / 1621 TFLOPS  (208 regs, 3.0s)
[480/540] -DK_LOOP_UNROLL=6 -DMBAR_EARLY=1 -DPHASE1_UNROLL=4 -DSTAGGER_CYCLES=160 -DW0_LOOP_UNROLL=4 ... 0.528 ms / 2072 TFLOPS  (222 regs, 2.9s)
[481/540] -DK_LOOP_UNROLL=6 -DMBAR_EARLY=1 -DPHASE1_UNROLL=4 -DSTAGGER_CYCLES=160 -DSUB_MMA_UNROLL=1 ... 0.527 ms / 2079 TFLOPS  (214 regs, 2.9s)
[482/540] -DK_LOOP_UNROLL=6 -DMBAR_EARLY=1 -DPHASE1_UNROLL=4 -DSTAGGER_CYCLES=160 -DSUB_MMA_UNROLL=1 -DW0_LOOP_UNROLL=1 ... 0.688 ms / 1591 TFLOPS  (200 regs, 2.9s)
[483/540] -DK_LOOP_UNROLL=6 -DMBAR_EARLY=1 -DPHASE1_UNROLL=4 -DSTAGGER_CYCLES=160 -DSUB_MMA_UNROLL=1 -DW0_LOOP_UNROLL=4 ... 0.530 ms / 2066 TFLOPS  (214 regs, 2.9s)
[484/540] -DK_LOOP_UNROLL=6 -DMBAR_EARLY=1 -DPHASE1_UNROLL=4 -DSTAGGER_CYCLES=160 -DSUB_MMA_UNROLL=3 ... 0.528 ms / 2074 TFLOPS  (222 regs, 2.9s)
[485/540] -DK_LOOP_UNROLL=6 -DMBAR_EARLY=1 -DPHASE1_UNROLL=4 -DSTAGGER_CYCLES=160 -DSUB_MMA_UNROLL=3 -DW0_LOOP_UNROLL=1 ... 0.682 ms / 1605 TFLOPS  (208 regs, 2.9s)
[486/540] -DK_LOOP_UNROLL=6 -DMBAR_EARLY=1 -DPHASE1_UNROLL=4 -DSTAGGER_CYCLES=160 -DSUB_MMA_UNROLL=3 -DW0_LOOP_UNROLL=4 ... 0.528 ms / 2073 TFLOPS  (222 regs, 2.9s)
[487/540] -DK_LOOP_UNROLL=8 -DMBAR_EARLY=1 -DPHASE1_UNROLL=1 -DSNAKE_ORDER=0 -DSTAGGER_CYCLES=160 ... 0.738 ms / 1484 TFLOPS  (181 regs, 2.8s)
[488/540] -DK_LOOP_UNROLL=8 -DMBAR_EARLY=1 -DPHASE1_UNROLL=1 -DSNAKE_ORDER=0 -DSTAGGER_CYCLES=160 -DW0_LOOP_UNROLL=1 ... 0.685 ms / 1598 TFLOPS  (164 regs, 2.8s)
[489/540] -DK_LOOP_UNROLL=8 -DMBAR_EARLY=1 -DPHASE1_UNROLL=1 -DSNAKE_ORDER=0 -DSTAGGER_CYCLES=160 -DW0_LOOP_UNROLL=4 ... 0.740 ms / 1480 TFLOPS  (178 regs, 2.8s)
[490/540] -DK_LOOP_UNROLL=8 -DMBAR_EARLY=1 -DPHASE1_UNROLL=1 -DSNAKE_ORDER=0 -DSTAGGER_CYCLES=160 -DSUB_MMA_UNROLL=1 ... 0.745 ms / 1470 TFLOPS  (134 regs, 2.8s)
[491/540] -DK_LOOP_UNROLL=8 -DMBAR_EARLY=1 -DPHASE1_UNROLL=1 -DSNAKE_ORDER=0 -DSTAGGER_CYCLES=160 -DSUB_MMA_UNROLL=1 -DW0_LOOP_UNROLL=1 ... 0.680 ms / 1611 TFLOPS  (120 regs, 2.8s)
[492/540] -DK_LOOP_UNROLL=8 -DMBAR_EARLY=1 -DPHASE1_UNROLL=1 -DSNAKE_ORDER=0 -DSTAGGER_CYCLES=160 -DSUB_MMA_UNROLL=1 -DW0_LOOP_UNROLL=4 ... 0.744 ms / 1471 TFLOPS  (134 regs, 2.8s)
[493/540] -DK_LOOP_UNROLL=8 -DMBAR_EARLY=1 -DPHASE1_UNROLL=1 -DSNAKE_ORDER=0 -DSTAGGER_CYCLES=160 -DSUB_MMA_UNROLL=3 ... 0.739 ms / 1481 TFLOPS  (181 regs, 2.9s)
[494/540] -DK_LOOP_UNROLL=8 -DMBAR_EARLY=1 -DPHASE1_UNROLL=1 -DSNAKE_ORDER=0 -DSTAGGER_CYCLES=160 -DSUB_MMA_UNROLL=3 -DW0_LOOP_UNROLL=1 ... 0.686 ms / 1596 TFLOPS  (164 regs, 2.8s)
[495/540] -DK_LOOP_UNROLL=8 -DMBAR_EARLY=1 -DPHASE1_UNROLL=1 -DSNAKE_ORDER=0 -DSTAGGER_CYCLES=160 -DSUB_MMA_UNROLL=3 -DW0_LOOP_UNROLL=4 ... 0.734 ms / 1491 TFLOPS  (178 regs, 2.8s)
[496/540] -DK_LOOP_UNROLL=8 -DMBAR_EARLY=1 -DPHASE1_UNROLL=1 -DSTAGGER_CYCLES=160 ... 0.634 ms / 1727 TFLOPS  (181 regs, 2.8s)
[497/540] -DK_LOOP_UNROLL=8 -DMBAR_EARLY=1 -DPHASE1_UNROLL=1 -DSTAGGER_CYCLES=160 -DW0_LOOP_UNROLL=1 ... 0.686 ms / 1595 TFLOPS  (164 regs, 2.8s)
[498/540] -DK_LOOP_UNROLL=8 -DMBAR_EARLY=1 -DPHASE1_UNROLL=1 -DSTAGGER_CYCLES=160 -DW0_LOOP_UNROLL=4 ... 0.644 ms / 1701 TFLOPS  (178 regs, 2.9s)
[499/540] -DK_LOOP_UNROLL=8 -DMBAR_EARLY=1 -DPHASE1_UNROLL=1 -DSTAGGER_CYCLES=160 -DSUB_MMA_UNROLL=1 ... 0.629 ms / 1742 TFLOPS  (134 regs, 2.8s)
[500/540] -DK_LOOP_UNROLL=8 -DMBAR_EARLY=1 -DPHASE1_UNROLL=1 -DSTAGGER_CYCLES=160 -DSUB_MMA_UNROLL=1 -DW0_LOOP_UNROLL=1 ... 0.679 ms / 1613 TFLOPS  (120 regs, 2.8s)
[501/540] -DK_LOOP_UNROLL=8 -DMBAR_EARLY=1 -DPHASE1_UNROLL=1 -DSTAGGER_CYCLES=160 -DSUB_MMA_UNROLL=1 -DW0_LOOP_UNROLL=4 ... 0.637 ms / 1719 TFLOPS  (134 regs, 2.8s)
[502/540] -DK_LOOP_UNROLL=8 -DMBAR_EARLY=1 -DPHASE1_UNROLL=1 -DSTAGGER_CYCLES=160 -DSUB_MMA_UNROLL=3 ... 0.621 ms / 1763 TFLOPS  (181 regs, 2.8s)
[503/540] -DK_LOOP_UNROLL=8 -DMBAR_EARLY=1 -DPHASE1_UNROLL=1 -DSTAGGER_CYCLES=160 -DSUB_MMA_UNROLL=3 -DW0_LOOP_UNROLL=1 ... 0.677 ms / 1618 TFLOPS  (164 regs, 2.8s)
[504/540] -DK_LOOP_UNROLL=8 -DMBAR_EARLY=1 -DPHASE1_UNROLL=1 -DSTAGGER_CYCLES=160 -DSUB_MMA_UNROLL=3 -DW0_LOOP_UNROLL=4 ... 0.638 ms / 1717 TFLOPS  (178 regs, 2.8s)
[505/540] -DK_LOOP_UNROLL=8 -DMBAR_EARLY=1 -DSNAKE_ORDER=0 -DSTAGGER_CYCLES=160 ... 0.582 ms / 1882 TFLOPS  (211 regs, 2.9s)
[506/540] -DK_LOOP_UNROLL=8 -DMBAR_EARLY=1 -DSNAKE_ORDER=0 -DSTAGGER_CYCLES=160 -DW0_LOOP_UNROLL=1 ... 0.683 ms / 1602 TFLOPS  (196 regs, 2.8s)
[507/540] -DK_LOOP_UNROLL=8 -DMBAR_EARLY=1 -DSNAKE_ORDER=0 -DSTAGGER_CYCLES=160 -DW0_LOOP_UNROLL=4 ... 0.584 ms / 1875 TFLOPS  (211 regs, 2.8s)
[508/540] -DK_LOOP_UNROLL=8 -DMBAR_EARLY=1 -DSNAKE_ORDER=0 -DSTAGGER_CYCLES=160 -DSUB_MMA_UNROLL=1 ... 0.581 ms / 1884 TFLOPS  (166 regs, 2.8s)
[509/540] -DK_LOOP_UNROLL=8 -DMBAR_EARLY=1 -DSNAKE_ORDER=0 -DSTAGGER_CYCLES=160 -DSUB_MMA_UNROLL=1 -DW0_LOOP_UNROLL=1 ... 0.675 ms / 1621 TFLOPS  (151 regs, 2.9s)
[510/540] -DK_LOOP_UNROLL=8 -DMBAR_EARLY=1 -DSNAKE_ORDER=0 -DSTAGGER_CYCLES=160 -DSUB_MMA_UNROLL=1 -DW0_LOOP_UNROLL=4 ... 0.580 ms / 1889 TFLOPS  (166 regs, 2.9s)
[511/540] -DK_LOOP_UNROLL=8 -DMBAR_EARLY=1 -DSNAKE_ORDER=0 -DSTAGGER_CYCLES=160 -DSUB_MMA_UNROLL=3 ... 0.589 ms / 1859 TFLOPS  (211 regs, 2.8s)
[512/540] -DK_LOOP_UNROLL=8 -DMBAR_EARLY=1 -DSNAKE_ORDER=0 -DSTAGGER_CYCLES=160 -DSUB_MMA_UNROLL=3 -DW0_LOOP_UNROLL=1 ... 0.682 ms / 1607 TFLOPS  (196 regs, 2.8s)
[513/540] -DK_LOOP_UNROLL=8 -DMBAR_EARLY=1 -DSNAKE_ORDER=0 -DSTAGGER_CYCLES=160 -DSUB_MMA_UNROLL=3 -DW0_LOOP_UNROLL=4 ... 0.586 ms / 1869 TFLOPS  (211 regs, 2.8s)
[514/540] -DK_LOOP_UNROLL=8 -DMBAR_EARLY=1 -DSTAGGER_CYCLES=160 ... 0.524 ms / 2091 TFLOPS  (211 regs, 2.9s)
[515/540] -DK_LOOP_UNROLL=8 -DMBAR_EARLY=1 -DSTAGGER_CYCLES=160 -DW0_LOOP_UNROLL=1 ... 0.685 ms / 1599 TFLOPS  (196 regs, 2.9s)
[516/540] -DK_LOOP_UNROLL=8 -DMBAR_EARLY=1 -DSTAGGER_CYCLES=160 -DW0_LOOP_UNROLL=4 ... 0.524 ms / 2090 TFLOPS  (211 regs, 2.9s)
[517/540] -DK_LOOP_UNROLL=8 -DMBAR_EARLY=1 -DSTAGGER_CYCLES=160 -DSUB_MMA_UNROLL=1 ... 0.523 ms / 2092 TFLOPS  (166 regs, 2.8s)
[518/540] -DK_LOOP_UNROLL=8 -DMBAR_EARLY=1 -DSTAGGER_CYCLES=160 -DSUB_MMA_UNROLL=1 -DW0_LOOP_UNROLL=1 ... 0.679 ms / 1612 TFLOPS  (151 regs, 2.8s)
[519/540] -DK_LOOP_UNROLL=8 -DMBAR_EARLY=1 -DSTAGGER_CYCLES=160 -DSUB_MMA_UNROLL=1 -DW0_LOOP_UNROLL=4 ... 0.524 ms / 2092 TFLOPS  (166 regs, 2.8s)
[520/540] -DK_LOOP_UNROLL=8 -DMBAR_EARLY=1 -DSTAGGER_CYCLES=160 -DSUB_MMA_UNROLL=3 ... 0.522 ms / 2097 TFLOPS  (211 regs, 2.8s)
[521/540] -DK_LOOP_UNROLL=8 -DMBAR_EARLY=1 -DSTAGGER_CYCLES=160 -DSUB_MMA_UNROLL=3 -DW0_LOOP_UNROLL=1 ... 0.682 ms / 1605 TFLOPS  (196 regs, 2.8s)
[522/540] -DK_LOOP_UNROLL=8 -DMBAR_EARLY=1 -DSTAGGER_CYCLES=160 -DSUB_MMA_UNROLL=3 -DW0_LOOP_UNROLL=4 ... 0.524 ms / 2092 TFLOPS  (211 regs, 2.8s)
[523/540] -DK_LOOP_UNROLL=8 -DMBAR_EARLY=1 -DPHASE1_UNROLL=4 -DSNAKE_ORDER=0 -DSTAGGER_CYCLES=160 ... 0.542 ms / 2021 TFLOPS  (255 regs, 2.9s)
[524/540] -DK_LOOP_UNROLL=8 -DMBAR_EARLY=1 -DPHASE1_UNROLL=4 -DSNAKE_ORDER=0 -DSTAGGER_CYCLES=160 -DW0_LOOP_UNROLL=1 ... 0.699 ms / 1566 TFLOPS  (244 regs, 2.9s)
[525/540] -DK_LOOP_UNROLL=8 -DMBAR_EARLY=1 -DPHASE1_UNROLL=4 -DSNAKE_ORDER=0 -DSTAGGER_CYCLES=160 -DW0_LOOP_UNROLL=4 ... 0.545 ms / 2010 TFLOPS  (255 regs, 2.9s)
[526/540] -DK_LOOP_UNROLL=8 -DMBAR_EARLY=1 -DPHASE1_UNROLL=4 -DSNAKE_ORDER=0 -DSTAGGER_CYCLES=160 -DSUB_MMA_UNROLL=1 ... 0.538 ms / 2036 TFLOPS  (214 regs, 2.9s)
[527/540] -DK_LOOP_UNROLL=8 -DMBAR_EARLY=1 -DPHASE1_UNROLL=4 -DSNAKE_ORDER=0 -DSTAGGER_CYCLES=160 -DSUB_MMA_UNROLL=1 -DW0_LOOP_UNROLL=1 ... 0.694 ms / 1577 TFLOPS  (200 regs, 2.9s)
[528/540] -DK_LOOP_UNROLL=8 -DMBAR_EARLY=1 -DPHASE1_UNROLL=4 -DSNAKE_ORDER=0 -DSTAGGER_CYCLES=160 -DSUB_MMA_UNROLL=1 -DW0_LOOP_UNROLL=4 ... 0.539 ms / 2033 TFLOPS  (214 regs, 2.9s)
[529/540] -DK_LOOP_UNROLL=8 -DMBAR_EARLY=1 -DPHASE1_UNROLL=4 -DSNAKE_ORDER=0 -DSTAGGER_CYCLES=160 -DSUB_MMA_UNROLL=3 ... 0.542 ms / 2019 TFLOPS  (255 regs, 2.9s)
[530/540] -DK_LOOP_UNROLL=8 -DMBAR_EARLY=1 -DPHASE1_UNROLL=4 -DSNAKE_ORDER=0 -DSTAGGER_CYCLES=160 -DSUB_MMA_UNROLL=3 -DW0_LOOP_UNROLL=1 ... 0.689 ms / 1589 TFLOPS  (244 regs, 2.9s)
[531/540] -DK_LOOP_UNROLL=8 -DMBAR_EARLY=1 -DPHASE1_UNROLL=4 -DSNAKE_ORDER=0 -DSTAGGER_CYCLES=160 -DSUB_MMA_UNROLL=3 -DW0_LOOP_UNROLL=4 ... 0.542 ms / 2019 TFLOPS  (255 regs, 2.9s)
[532/540] -DK_LOOP_UNROLL=8 -DMBAR_EARLY=1 -DPHASE1_UNROLL=4 -DSTAGGER_CYCLES=160 ... 0.528 ms / 2074 TFLOPS  (255 regs, 2.9s)
[533/540] -DK_LOOP_UNROLL=8 -DMBAR_EARLY=1 -DPHASE1_UNROLL=4 -DSTAGGER_CYCLES=160 -DW0_LOOP_UNROLL=1 ... 0.683 ms / 1603 TFLOPS  (244 regs, 3.0s)
[534/540] -DK_LOOP_UNROLL=8 -DMBAR_EARLY=1 -DPHASE1_UNROLL=4 -DSTAGGER_CYCLES=160 -DW0_LOOP_UNROLL=4 ... 0.529 ms / 2071 TFLOPS  (255 regs, 2.9s)
[535/540] -DK_LOOP_UNROLL=8 -DMBAR_EARLY=1 -DPHASE1_UNROLL=4 -DSTAGGER_CYCLES=160 -DSUB_MMA_UNROLL=1 ... 0.527 ms / 2078 TFLOPS  (214 regs, 2.9s)
[536/540] -DK_LOOP_UNROLL=8 -DMBAR_EARLY=1 -DPHASE1_UNROLL=4 -DSTAGGER_CYCLES=160 -DSUB_MMA_UNROLL=1 -DW0_LOOP_UNROLL=1 ... 0.683 ms / 1604 TFLOPS  (200 regs, 2.9s)
[537/540] -DK_LOOP_UNROLL=8 -DMBAR_EARLY=1 -DPHASE1_UNROLL=4 -DSTAGGER_CYCLES=160 -DSUB_MMA_UNROLL=1 -DW0_LOOP_UNROLL=4 ... 0.528 ms / 2075 TFLOPS  (214 regs, 2.9s)
[538/540] -DK_LOOP_UNROLL=8 -DMBAR_EARLY=1 -DPHASE1_UNROLL=4 -DSTAGGER_CYCLES=160 -DSUB_MMA_UNROLL=3 ... 0.528 ms / 2073 TFLOPS  (255 regs, 2.9s)
[539/540] -DK_LOOP_UNROLL=8 -DMBAR_EARLY=1 -DPHASE1_UNROLL=4 -DSTAGGER_CYCLES=160 -DSUB_MMA_UNROLL=3 -DW0_LOOP_UNROLL=1 ... 0.686 ms / 1595 TFLOPS  (244 regs, 2.9s)
[540/540] -DK_LOOP_UNROLL=8 -DMBAR_EARLY=1 -DPHASE1_UNROLL=4 -DSTAGGER_CYCLES=160 -DSUB_MMA_UNROLL=3 -DW0_LOOP_UNROLL=4 ... 0.528 ms / 2074 TFLOPS  (255 regs, 2.9s)

Tier 3 winner: -DCVT_ADD_FUSED=0 -DMBAR_EARLY=1 -DSTAGGER_CYCLES=160 → 0.522 ms / 2097 TFLOPS

=== Tier 4: PRELOAD_MODE, PREFETCH_BEFORE_STORE ===
Sweep: 6 total, 6 valid, 0 pruned
Estimated time: ~0 min (6 configs × ~5s each)

[1/6] -DCVT_ADD_FUSED=0 -DMBAR_EARLY=1 -DPRELOAD_MODE=0 -DSTAGGER_CYCLES=160 ... 0.525 ms / 2087 TFLOPS  (208 regs, 2.9s)
[2/6] -DCVT_ADD_FUSED=0 -DMBAR_EARLY=1 -DSTAGGER_CYCLES=160 ... 0.523 ms / 2095 TFLOPS  (210 regs, 2.9s)
[3/6] -DCVT_ADD_FUSED=0 -DMBAR_EARLY=1 -DPRELOAD_MODE=2 -DSTAGGER_CYCLES=160 ... 0.523 ms / 2094 TFLOPS  (208 regs, 2.9s)
[4/6] -DCVT_ADD_FUSED=0 -DMBAR_EARLY=1 -DPREFETCH_BEFORE_STORE=1 -DPRELOAD_MODE=0 -DSTAGGER_CYCLES=160 ... 0.522 ms / 2100 TFLOPS  (208 regs, 2.9s)
[5/6] -DCVT_ADD_FUSED=0 -DMBAR_EARLY=1 -DPREFETCH_BEFORE_STORE=1 -DSTAGGER_CYCLES=160 ... 0.525 ms / 2088 TFLOPS  (211 regs, 2.9s)
[6/6] -DCVT_ADD_FUSED=0 -DMBAR_EARLY=1 -DPREFETCH_BEFORE_STORE=1 -DPRELOAD_MODE=2 -DSTAGGER_CYCLES=160 ... 0.520 ms / 2104 TFLOPS  (208 regs, 2.8s)

Tier 4 winner: -DCVT_ADD_FUSED=0 -DMBAR_EARLY=1 -DPREFETCH_BEFORE_STORE=1 -DPRELOAD_MODE=2 -DSTAGGER_CYCLES=160 → 0.520 ms / 2104 TFLOPS

@@GRID_WINNER -DCVT_ADD_FUSED=0 -DMBAR_EARLY=1 -DPREFETCH_BEFORE_STORE=1 -DPRELOAD_MODE=2 -DSTAGGER_CYCLES=160

================================================================================
RESULTS (sorted by ms)
================================================================================
  #  STG  EPI  INTER  MBAR  TMEM  STAG  PH1U  SNAKE  FUSE  KLU  W0U  SMU  PRLD  PFBS  REGS     SMEM       MS   TFLOPS  STATUS
-----------------------------------------------------------------------------------------------------------------------------
  1    4    4      2     1    32   160     2      1     0    4    0    0     2     1   208   192.1K    0.520     2104  BEST
  2    4    4      2     1    32   160     2      1     1    4    0    0     1     0   210   192.1K    0.522     2099  OK
  3    4    4      2     1    32   160     2      1     0    4    0    0     1     0   210   192.1K    0.522     2097  OK
  4    4    4      2     1    32   160     2      1     0    6    0    0     1     0   175   192.1K    0.522     2096  OK
  5    4    4      2     1    32   160     2      1     0    6    4    0     1     0   175   192.1K    0.522     2098  OK
  6    4    4      2     1    32   160     2      1     0    6    0    1     1     0   166   192.1K    0.522     2097  OK
  7    4    4      2     1    32   160     2      1     0    8    4    3     1     0   211   192.1K    0.522     2097  OK
  8    4    4      2     1    32   160     2      1     1    6    0    1     1     0   166   192.1K    0.522     2096  OK
  9    4    4      2     1    32   160     2      1     1    8    0    3     1     0   211   192.1K    0.522     2097  OK
 10    4    4      2     1    32   160     2      1     0    4    0    0     0     1   208   192.1K    0.522     2100  OK
 11    4    4      2     1    32   160     2      1     0    4    4    0     1     0   210   192.1K    0.523     2094  OK
 12    4    4      2     1    32   160     2      1     0    6    4    1     1     0   166   192.1K    0.523     2092  OK
 13    4    4      2     1    32   160     2      1     0    6    0    3     1     0   175   192.1K    0.523     2094  OK
 14    4    4      2     1    32   160     2      1     0    8    0    0     1     0   211   192.1K    0.523     2093  OK
 15    4    4      2     1    32   160     2      1     0    8    4    0     1     0   211   192.1K    0.523     2095  OK
 16    4    4      2     1    32   160     2      1     0    8    0    3     1     0   211   192.1K    0.523     2093  OK
 17    4    4      2     1    32   160     2      1     1    4    0    0     1     0   210   192.1K    0.523     2096  OK
 18    4    4      2     1    32   160     2      1     1    4    0    3     1     0   210   192.1K    0.523     2092  OK
 19    4    4      2     1    32   160     2      1     1    6    0    3     1     0   175   192.1K    0.523     2092  OK
 20    4    4      2     1    32   160     2      1     1    6    4    3     1     0   175   192.1K    0.523     2093  OK
 21    4    4      2     1    32   160     2      1     1    8    0    1     1     0   166   192.1K    0.523     2092  OK
 22    4    4      2     1    32   160     2      1     0    4    0    0     1     0   210   192.1K    0.523     2095  OK
 23    4    4      2     1    32   160     2      1     0    4    0    0     2     0   208   192.1K    0.523     2094  OK
 24    4    4      2     0    32   120     2      1     1    4    0    0     1     0   209   192.1K    0.524     2089  OK
 25    4    4      2     0    32   160     2      1     1    4    0    0     1     0   209   192.1K    0.524     2088  OK
 26    4    4      2     1    32    80     2      1     1    4    0    0     1     0   210   192.1K    0.524     2090  OK
 27    4    4      2     1    32   120     2      1     1    4    0    0     1     0   210   192.1K    0.524     2088  OK
 28    4    4      2     1    32   160     2      1     0    8    0    1     1     0   166   192.1K    0.524     2088  OK
 29    4    4      2     1    32   160     2      1     1    6    0    0     1     0   175   192.1K    0.524     2092  OK
 30    4    4      2     1    32   160     2      1     1    8    0    0     1     0   211   192.1K    0.524     2091  OK
 31    4    4      2     1    32   160     2      1     1    8    4    0     1     0   211   192.1K    0.524     2090  OK
 32    4    4      2     1    32   160     2      1     1    8    4    1     1     0   166   192.1K    0.524     2092  OK
 33    4    4      2     1    32   160     2      1     1    8    4    3     1     0   211   192.1K    0.524     2092  OK
 34    4    4      2     0    32    80     2      1     1    4    0    0     1     0   209   192.1K    0.525     2085  OK
 35    4    5      2     0    32    80     2      1     1    4    0    0     1     0   211   208.1K    0.525     2086  OK
 36    4    4      2     0    32   100     2      1     1    4    0    0     1     0   209   192.1K    0.525     2084  OK
 37    4    4      2     0    32   200     2      1     1    4    0    0     1     0   209   192.1K    0.525     2085  OK
 38    4    4      2     1    32    40     2      1     1    4    0    0     1     0   210   192.1K    0.525     2084  OK
 39    4    4      2     1    32    60     2      1     1    4    0    0     1     0   210   192.1K    0.525     2087  OK
 40    4    4      2     1    32   100     2      1     1    4    0    0     1     0   210   192.1K    0.525     2084  OK
 41    4    4      2     1    32   160     2      1     0    8    4    1     1     0   166   192.1K    0.525     2087  OK
 42    4    4      2     1    32   160     2      1     1    4    4    0     1     0   210   192.1K    0.525     2087  OK
 43    4    4      2     1    32   160     2      1     1    6    4    0     1     0   175   192.1K    0.525     2087  OK
 44    4    4      2     1    32   160     2      1     0    4    0    0     0     0   208   192.1K    0.525     2087  OK
 45    4    4      2     1    32   160     2      1     0    4    0    0     1     1   211   192.1K    0.525     2088  OK
 46    4    4      2     0    32    60     2      1     1    4    0    0     1     0   209   192.1K    0.526     2081  OK
 47    4    4      2     1    32   200     2      1     1    4    0    0     1     0   210   192.1K    0.526     2081  OK
 48    4    4      2     1    32   160     2      1     0    4    0    3     1     0   210   192.1K    0.526     2080  OK
 49    4    4      2     1    32   160     4      1     0    4    0    0     1     0   255   192.1K    0.526     2081  OK
 50    4    4      2     1    32   160     2      1     0    6    4    3     1     0   175   192.1K    0.526     2081  OK
 51    4    4      2     1    32   160     4      1     0    8    4    0     1     0   255   192.1K    0.526     2080  OK
 52    4    4      2     1    32   160     2      1     1    4    4    3     1     0   210   192.1K    0.526     2080  OK
 53    4    4      2     1    32   160     2      1     1    6    4    1     1     0   166   192.1K    0.526     2082  OK
 54    4    4      1     1    32   160     2      1     1    4    0    0     1     0   208   192.1K    0.527     2076  OK
 55    4    4      2     0    32    80     2      1     1    4    0    0     1     0   209   192.1K    0.527     2077  OK
 56    4    4      2     1    32   160     2      1     0    4    4    3     1     0   210   192.1K    0.527     2078  OK
 57    4    4      2     1    32   160     4      1     0    4    4    0     1     0   255   192.1K    0.527     2078  OK
 58    4    4      2     1    32   160     4      1     0    6    0    0     1     0   222   192.1K    0.527     2079  OK
 59    4    4      2     1    32   160     4      1     0    6    0    1     1     0   214   192.1K    0.527     2078  OK
 60    4    4      2     1    32   160     4      1     0    6    4    1     1     0   214   192.1K    0.527     2079  OK
 61    4    4      2     1    32   160     4      1     0    6    0    3     1     0   222   192.1K    0.527     2078  OK
 62    4    4      2     1    32   160     4      1     0    8    0    0     1     0   255   192.1K    0.527     2080  OK
 63    4    4      2     1    32   160     4      1     0    8    0    3     1     0   255   192.1K    0.527     2076  OK
 64    4    4      2     1    32   160     4      1     1    4    0    0     1     0   255   192.1K    0.527     2078  OK
 65    4    4      2     1    32   160     4      1     1    6    0    1     1     0   214   192.1K    0.527     2079  OK
 66    4    4      2     1    32   160     4      1     1    8    0    1     1     0   214   192.1K    0.527     2078  OK
 67    4    4      2     0    32    40     2      1     1    4    0    0     1     0   209   192.1K    0.528     2075  OK
 68    4    4      2     1    32     0     2      1     1    4    0    0     1     0   209   192.1K    0.528     2075  OK
 69    4    4      2     1    32   160     4      1     0    4    4    3     1     0   255   192.1K    0.528     2073  OK
 70    4    4      2     1    32   160     4      1     0    6    4    3     1     0   222   192.1K    0.528     2075  OK
 71    4    4      2     1    32   160     4      1     0    8    0    1     1     0   214   192.1K    0.528     2073  OK
 72    4    4      2     1    32   160     4      1     0    8    4    1     1     0   214   192.1K    0.528     2075  OK
 73    4    4      2     1    32   160     4      1     1    6    0    0     1     0   222   192.1K    0.528     2074  OK
 74    4    4      2     1    32   160     4      1     1    6    4    0     1     0   222   192.1K    0.528     2072  OK
 75    4    4      2     1    32   160     4      1     1    6    0    3     1     0   222   192.1K    0.528     2074  OK
 76    4    4      2     1    32   160     4      1     1    6    4    3     1     0   222   192.1K    0.528     2073  OK
 77    4    4      2     1    32   160     4      1     1    8    0    0     1     0   255   192.1K    0.528     2074  OK
 78    4    4      2     1    32   160     4      1     1    8    4    1     1     0   214   192.1K    0.528     2075  OK
 79    4    4      2     1    32   160     4      1     1    8    0    3     1     0   255   192.1K    0.528     2073  OK
 80    4    4      2     1    32   160     4      1     1    8    4    3     1     0   255   192.1K    0.528     2074  OK
 81    4    4      1     1    32    80     2      1     1    4    0    0     1     0   208   192.1K    0.529     2069  OK
 82    4    4      1     1    32   100     2      1     1    4    0    0     1     0   208   192.1K    0.529     2068  OK
 83    4    4      2     1    32   160     2      1     0    4    0    1     1     0   166   192.1K    0.529     2068  OK
 84    4    4      2     1    32   160     4      1     0    4    0    3     1     0   255   192.1K    0.529     2070  OK
 85    4    4      2     1    32   160     4      1     0    6    4    0     1     0   222   192.1K    0.529     2071  OK
 86    4    4      2     1    32   160     4      1     1    4    4    0     1     0   255   192.1K    0.529     2068  OK
 87    4    4      2     1    32   160     4      1     1    4    4    3     1     0   255   192.1K    0.529     2069  OK
 88    4    4      2     1    32   160     4      1     1    8    4    0     1     0   255   192.1K    0.529     2071  OK
 89    4    4      1     0    32   120     2      1     1    4    0    0     1     0   206   192.1K    0.530     2065  OK
 90    4    4      1     0    32   160     2      1     1    4    0    0     1     0   206   192.1K    0.530     2066  OK
 91    4    4      1     1    32    40     2      1     1    4    0    0     1     0   208   192.1K    0.530     2066  OK
 92    4    4      1     1    32   120     2      1     1    4    0    0     1     0   208   192.1K    0.530     2064  OK
 93    4    4      2     0    32     0     2      1     1    4    0    0     1     0   208   192.1K    0.530     2068  OK
 94    4    4      2     1    32   160     4      1     0    8    4    3     1     0   255   192.1K    0.530     2068  OK
 95    4    4      2     1    32   160     4      1     1    4    0    3     1     0   255   192.1K    0.530     2065  OK
 96    4    4      2     1    32   160     4      1     1    6    4    1     1     0   214   192.1K    0.530     2066  OK
 97    4    4      1     0    32    80     2      1     1    4    0    0     1     0   206   192.1K    0.531     2061  OK
 98    4    4      1     0    32   100     2      1     1    4    0    0     1     0   206   192.1K    0.531     2062  OK
 99    4    4      1     1    32    60     2      1     1    4    0    0     1     0   208   192.1K    0.531     2061  OK
100    4    4      1     1    32   200     2      1     1    4    0    0     1     0   208   192.1K    0.531     2061  OK
101    4    4      2     1    32   160     2      1     0    4    4    1     1     0   166   192.1K    0.531     2064  OK
102    4    4      2     1    32   160     4      1     0    4    0    1     1     0   214   192.1K    0.531     2061  OK
103    4    4      2     1    32   160     2      1     1    4    0    1     1     0   166   192.1K    0.531     2062  OK
104    4    4      2     1    32   160     2      1     1    4    4    1     1     0   166   192.1K    0.531     2062  OK
105    4    4      1     0    32    60     2      1     1    4    0    0     1     0   206   192.1K    0.532     2057  OK
106    4    4      2     1    32   160     4      1     0    4    4    1     1     0   214   192.1K    0.532     2059  OK
107    4    4      2     1    32   160     4      1     1    4    0    1     1     0   214   192.1K    0.532     2058  OK
108    4    4      2     1    32   160     4      1     1    4    4    1     1     0   214   192.1K    0.532     2058  OK
109    4    4      1     0    32     0     2      1     1    4    0    0     1     0   205   192.1K    0.533     2055  OK
110    4    4      1     0    32   200     2      1     1    4    0    0     1     0   206   192.1K    0.533     2053  OK
111    4    4      1     0    32    40     2      1     1    4    0    0     1     0   206   192.1K    0.534     2052  OK
112    4    4      1     1    32     0     2      1     1    4    0    0     1     0   206   192.1K    0.535     2046  OK
113    4    4      2     1    32   160     4      0     0    6    0    1     1     0   214   192.1K    0.538     2033  OK
114    4    4      2     1    32   160     4      0     1    8    0    1     1     0   214   192.1K    0.538     2036  OK
115    5    4      2     0    32    80     2      1     1    4    0    0     1     0   229   224.1K    0.539     2033  OK
116    4    4      2     1    32   160     4      0     1    6    0    1     1     0   214   192.1K    0.539     2031  OK
117    4    4      2     1    32   160     4      0     1    6    0    3     1     0   222   192.1K    0.539     2032  OK
118    4    4      2     1    32   160     4      0     1    8    4    1     1     0   214   192.1K    0.539     2033  OK
119    4    4      2     1    32   160     4      0     0    6    0    0     1     0   222   192.1K    0.540     2027  OK
120    4    4      2     1    32   160     4      0     0    6    4    3     1     0   222   192.1K    0.540     2027  OK
121    4    4      2     1    32   160     4      0     0    8    0    1     1     0   214   192.1K    0.540     2027  OK
122    4    4      2     1    32   160     4      0     0    8    4    1     1     0   214   192.1K    0.540     2029  OK
123    4    4      2     1    32   160     4      0     1    6    0    0     1     0   222   192.1K    0.540     2029  OK
124    4    4      2     1    32   160     4      0     1    6    4    0     1     0   222   192.1K    0.540     2029  OK
125    4    4      3     0    32   100     2      1     1    4    0    0     1     0   209   192.1K    0.541     2026  OK
126    4    4      3     0    32   160     2      1     1    4    0    0     1     0   209   192.1K    0.541     2023  OK
127    4    4      2     1    32   160     4      0     0    8    0    0     1     0   255   192.1K    0.541     2026  OK
128    4    4      2     1    32   160     4      0     1    6    4    1     1     0   214   192.1K    0.541     2026  OK
129    4    4      2     1    32   160     4      0     1    6    4    3     1     0   222   192.1K    0.541     2025  OK
130    4    4      3     0    32    40     2      1     1    4    0    0     1     0   209   192.1K    0.542     2019  OK
131    4    4      3     0    32    60     2      1     1    4    0    0     1     0   209   192.1K    0.542     2018  OK
132    4    4      3     1    32    60     2      1     1    4    0    0     1     0   210   192.1K    0.542     2019  OK
133    4    4      2     1    32   160     4      0     0    6    4    0     1     0   222   192.1K    0.542     2020  OK
134    4    4      2     1    32   160     4      0     0    6    0    3     1     0   222   192.1K    0.542     2020  OK
135    4    4      2     1    32   160     4      0     0    8    0    3     1     0   255   192.1K    0.542     2020  OK
136    4    4      2     1    32   160     4      0     0    8    4    3     1     0   255   192.1K    0.542     2021  OK
137    4    4      2     1    32   160     4      0     1    4    0    0     1     0   255   192.1K    0.542     2019  OK
138    4    4      2     1    32   160     4      0     1    4    0    1     1     0   214   192.1K    0.542     2021  OK
139    4    4      2     1    32   160     4      0     1    4    0    3     1     0   255   192.1K    0.542     2020  OK
140    4    4      2     1    32   160     4      0     1    8    0    0     1     0   255   192.1K    0.542     2021  OK
141    4    4      2     1    32   160     4      0     1    8    0    3     1     0   255   192.1K    0.542     2019  OK
142    4    4      2     1    32   160     4      0     1    8    4    3     1     0   255   192.1K    0.542     2019  OK
143    4    4      3     1    32    80     2      1     1    4    0    0     1     0   210   192.1K    0.543     2015  OK
144    4    4      3     1    32   160     2      1     1    4    0    0     1     0   210   192.1K    0.543     2015  OK
145    4    4      2     1    32   160     4      0     0    4    0    0     1     0   255   192.1K    0.543     2018  OK
146    4    4      2     1    32   160     4      0     0    4    0    3     1     0   255   192.1K    0.543     2017  OK
147    4    4      2     1    32   160     4      0     0    6    4    1     1     0   214   192.1K    0.543     2017  OK
148    4    4      2     1    32   160     4      0     0    8    4    0     1     0   255   192.1K    0.543     2016  OK
149    4    4      3     1    32   100     2      1     1    4    0    0     1     0   210   192.1K    0.544     2013  OK
150    4    4      3     1    32   200     2      1     1    4    0    0     1     0   210   192.1K    0.544     2012  OK
151    4    4      2     1    32   160     4      0     0    4    4    0     1     0   255   192.1K    0.544     2012  OK
152    4    4      2     1    32   160     4      0     0    4    0    1     1     0   214   192.1K    0.544     2012  OK
153    4    4      2     1    32   160     4      0     1    4    4    1     1     0   214   192.1K    0.544     2012  OK
154    4    4      2     1    32   160     4      0     1    4    4    3     1     0   255   192.1K    0.544     2012  OK
155    4    4      3     0    32    80     2      1     1    4    0    0     1     0   209   192.1K    0.545     2009  OK
156    4    4      3     0    32   200     2      1     1    4    0    0     1     0   209   192.1K    0.545     2008  OK
157    4    4      3     1    32     0     2      1     1    4    0    0     1     0   209   192.1K    0.545     2009  OK
158    4    4      3     1    32   120     2      1     1    4    0    0     1     0   210   192.1K    0.545     2009  OK
159    4    4      2     1    32   160     4      0     0    4    4    1     1     0   214   192.1K    0.545     2008  OK
160    4    4      2     1    32   160     4      0     0    4    4    3     1     0   255   192.1K    0.545     2010  OK
161    4    4      2     1    32   160     4      0     1    4    4    0     1     0   255   192.1K    0.545     2009  OK
162    4    4      2     1    32   160     4      0     1    8    4    0     1     0   255   192.1K    0.545     2010  OK
163    4    4      3     0    32   120     2      1     1    4    0    0     1     0   209   192.1K    0.546     2004  OK
164    4    4      3     1    32    40     2      1     1    4    0    0     1     0   210   192.1K    0.546     2007  OK
165    4    4      3     0    32     0     2      1     1    4    0    0     1     0   208   192.1K    0.549     1994  OK
166    4    4      0     0    32    60     2      1     1    4    0    0     1     0   208   192.1K    0.555     1973  OK
167    4    4      0     0    32   120     2      1     1    4    0    0     1     0   208   192.1K    0.555     1971  OK
168    4    4      0     0    32   160     2      1     1    4    0    0     1     0   208   192.1K    0.555     1971  OK
169    4    4      0     0    32   200     2      1     1    4    0    0     1     0   208   192.1K    0.555     1974  OK
170    4    4      0     0    32    80     2      1     1    4    0    0     1     0   208   192.1K    0.556     1970  OK
171    4    4      0     0    32   100     2      1     1    4    0    0     1     0   208   192.1K    0.556     1968  OK
172    4    4      0     1    32     0     2      1     1    4    0    0     1     0   207   192.1K    0.556     1968  OK
173    4    4      0     1    32    40     2      1     1    4    0    0     1     0   208   192.1K    0.556     1968  OK
174    4    4      0     1    32   120     2      1     1    4    0    0     1     0   208   192.1K    0.556     1968  OK
175    4    4      0     0    32     0     2      1     1    4    0    0     1     0   207   192.1K    0.557     1965  OK
176    4    4      0     0    32    40     2      1     1    4    0    0     1     0   208   192.1K    0.557     1965  OK
177    4    4      0     1    32    60     2      1     1    4    0    0     1     0   208   192.1K    0.557     1965  OK
178    4    4      0     1    32    80     2      1     1    4    0    0     1     0   208   192.1K    0.557     1967  OK
179    4    4      0     1    32   100     2      1     1    4    0    0     1     0   208   192.1K    0.557     1966  OK
180    4    4      0     1    32   160     2      1     1    4    0    0     1     0   208   192.1K    0.557     1966  OK
181    4    4      0     1    32   200     2      1     1    4    0    0     1     0   208   192.1K    0.558     1963  OK
182    4    4      2     1    32   160     2      0     0    4    4    1     1     0   166   192.1K    0.570     1922  OK
183    4    4      2     1    32   160     2      0     1    6    4    0     1     0   175   192.1K    0.570     1923  OK
184    4    4      2     1    32   160     2      0     0    4    0    0     1     0   210   192.1K    0.573     1910  OK
185    4    4      2     1    32   160     2      0     0    4    4    0     1     0   210   192.1K    0.573     1910  OK
186    3    4      2     0    32    80     2      1     1    4    0    0     1     0   154   160.1K    0.575     1905  OK
187    4    4      2     1    32   160     2      0     1    6    0    3     1     0   175   192.1K    0.577     1899  OK
188    4    4      2     1    32   160     2      0     0    6    0    3     1     0   175   192.1K    0.578     1896  OK
189    4    4      2     1    32   160     2      0     0    8    0    3     1     0   211   192.1K    0.579     1892  OK
190    4    4      2     1    32   160     2      0     0    6    4    3     1     0   175   192.1K    0.580     1887  OK
191    4    4      2     1    32   160     2      0     1    6    4    3     1     0   175   192.1K    0.580     1888  OK
192    4    4      2     1    32   160     2      0     1    8    4    1     1     0   166   192.1K    0.580     1889  OK
193    4    4      2     1    32   160     2      0     0    6    4    1     1     0   166   192.1K    0.581     1883  OK
194    4    4      2     1    32   160     2      0     1    4    4    3     1     0   210   192.1K    0.581     1884  OK
195    4    4      2     1    32   160     2      0     1    8    0    1     1     0   166   192.1K    0.581     1884  OK
196    4    4      2     1    32   160     2      0     1    8    0    0     1     0   211   192.1K    0.582     1882  OK
197    4    4      2     1    32   160     2      0     0    8    0    0     1     0   211   192.1K    0.583     1878  OK
198    4    4      2     1    32   160     2      0     1    4    0    1     1     0   166   192.1K    0.584     1876  OK
199    4    4      2     1    32   160     2      0     1    8    4    0     1     0   211   192.1K    0.584     1875  OK
200    4    4      2     1    32   160     2      0     0    8    4    0     1     0   211   192.1K    0.585     1871  OK
201    4    4      2     1    32   160     2      0     0    8    4    3     1     0   211   192.1K    0.585     1873  OK
202    4    4      2     1    32   160     2      0     1    6    0    1     1     0   166   192.1K    0.585     1872  OK
203    4    4      2     1    32   160     2      0     1    6    4    1     1     0   166   192.1K    0.585     1871  OK
204    4    4      2     1    32   160     2      0     0    4    4    3     1     0   210   192.1K    0.586     1870  OK
205    4    4      2     1    32   160     2      0     1    8    4    3     1     0   211   192.1K    0.586     1869  OK
206    4    4      2     1    32   160     2      0     0    4    0    3     1     0   210   192.1K    0.587     1864  OK
207    4    4      2     1    32   160     2      0     0    8    4    1     1     0   166   192.1K    0.587     1867  OK
208    4    4      2     1    32   160     2      0     1    4    4    1     1     0   166   192.1K    0.587     1864  OK
209    4    4      2     1    32   160     2      0     0    4    0    1     1     0   166   192.1K    0.589     1860  OK
210    4    4      2     1    32   160     2      0     0    6    4    0     1     0   175   192.1K    0.589     1859  OK
211    4    4      2     1    32   160     2      0     1    8    0    3     1     0   211   192.1K    0.589     1859  OK
212    4    4      2     1    32   160     2      0     1    4    4    0     1     0   210   192.1K    0.590     1856  OK
213    4    4      2     1    32   160     2      0     0    6    0    1     1     0   166   192.1K    0.591     1854  OK
214    4    4      2     1    32   160     2      0     1    4    0    0     1     0   210   192.1K    0.591     1853  OK
215    4    4      2     1    32   160     2      0     0    6    0    0     1     0   175   192.1K    0.592     1849  OK
216    4    4      2     1    32   160     2      0     0    8    0    1     1     0   166   192.1K    0.593     1848  OK
217    4    4      2     1    32   160     2      0     1    4    0    3     1     0   210   192.1K    0.593     1847  OK
218    4    4      2     1    32   160     2      0     1    6    0    0     1     0   175   192.1K    0.594     1845  OK
219    4    4      2     1    32   160     1      1     1    4    4    0     1     0   178   192.1K    0.620     1767  OK
220    4    4      2     1    32   160     1      1     1    8    0    3     1     0   181   192.1K    0.621     1763  OK
221    4    4      2     1    32   160     1      1     0    4    4    1     1     0   134   192.1K    0.623     1756  OK
222    4    4      2     1    32   160     1      1     1    4    0    3     1     0   178   192.1K    0.623     1758  OK
223    4    4      2     1    32   160     1      1     0    4    4    0     1     0   179   192.1K    0.624     1754  OK
224    4    4      2     1    32   160     1      1     0    6    0    3     1     0   149   192.1K    0.624     1754  OK
225    4    4      2     1    32   160     1      1     1    4    0    1     1     0   134   192.1K    0.624     1753  OK
226    4    4      2     1    32   160     1      1     0    8    4    3     1     0   179   192.1K    0.625     1752  OK
227    4    4      2     1    32   160     1      1     1    4    0    0     1     0   178   192.1K    0.625     1751  OK
228    4    4      2     1    32   160     1      1     0    4    4    3     1     0   179   192.1K    0.626     1750  OK
229    4    4      2     1    32   160     1      1     0    4    0    0     1     0   179   192.1K    0.627     1745  OK
230    4    4      2     1    32   160     1      1     0    6    0    0     1     0   149   192.1K    0.628     1743  OK
231    4    4      2     1    32   160     1      1     0    6    4    1     1     0   134   192.1K    0.629     1742  OK
232    4    4      2     1    32   160     1      1     0    6    4    3     1     0   144   192.1K    0.629     1740  OK
233    4    4      2     1    32   160     1      1     1    8    0    1     1     0   134   192.1K    0.629     1742  OK
234    4    4      2     1    32   160     1      1     0    6    4    0     1     0   144   192.1K    0.630     1739  OK
235    4    4      2     1    32   160     1      1     0    8    0    3     1     0   181   192.1K    0.630     1739  OK
236    4    4      2     1    32   160     1      1     1    6    0    0     1     0   147   192.1K    0.630     1738  OK
237    3    5      2     0    32    80     2      1     1    4    0    0     1     0   157   176.1K    0.631     1735  OK
238    4    4      2     1    32   160     1      1     0    8    0    1     1     0   134   192.1K    0.632     1733  OK
239    4    4      2     1    32   160     1      1     1    6    0    1     1     0   134   192.1K    0.632     1731  OK
240    4    4      2     1    32   160     1      1     1    6    4    1     1     0   134   192.1K    0.633     1729  OK
241    4    4      2     1    32   160     1      1     1    6    4    0     1     0   144   192.1K    0.634     1727  OK
242    4    4      2     1    32   160     1      1     1    8    0    0     1     0   181   192.1K    0.634     1727  OK
243    4    4      2     1    32   160     1      1     0    8    4    0     1     0   179   192.1K    0.636     1720  OK
244    4    4      2     1    32   160     1      1     1    4    4    1     1     0   134   192.1K    0.636     1722  OK
245    4    4      2     1    32   160     1      1     1    6    0    3     1     0   147   192.1K    0.636     1723  OK
246    4    4      2     1    32   160     1      1     1    6    4    3     1     0   144   192.1K    0.636     1723  OK
247    4    4      2     1    32   160     1      1     1    8    4    1     1     0   134   192.1K    0.637     1719  OK
248    4    4      2     1    32   160     1      1     1    8    4    3     1     0   178   192.1K    0.638     1717  OK
249    4    4      2     1    32   160     1      1     0    4    0    3     1     0   179   192.1K    0.639     1713  OK
250    4    4      2     1    32   160     1      1     0    6    0    1     1     0   134   192.1K    0.639     1713  OK
251    4    4      2     1    32   160     1      1     1    4    4    3     1     0   178   192.1K    0.639     1714  OK
252    4    4      2     1    32   160     1      1     0    4    0    1     1     0   134   192.1K    0.641     1708  OK
253    4    4      2     1    32   160     1      1     0    8    4    1     1     0   134   192.1K    0.641     1709  OK
254    4    4      2     1    32   160     1      1     0    8    0    0     1     0   181   192.1K    0.642     1707  OK
255    4    4      2     1    32   160     1      1     1    8    4    0     1     0   178   192.1K    0.644     1701  OK
256    4    4      2     1    32   160     2      0     0    1    4    0     1     0   163   192.1K    0.652     1680  OK
257    4    4      2     1    32   160     2      0     0    1    0    3     1     0   163   192.1K    0.653     1677  OK
258    4    4      2     1    32   160     2      0     1    1    0    3     1     0   163   192.1K    0.653     1677  OK
259    4    4      2     1    32   160     2      1     0    2    4    3     1     0   163   192.1K    0.654     1676  OK
260    4    4      2     1    32   160     1      0     1    1    4    3     1     0   130   192.1K    0.654     1675  OK
261    4    4      2     1    32   160     1      1     0    1    4    0     1     0   130   192.1K    0.656     1670  OK
262    4    4      2     1    32   160     1      0     0    2    0    3     1     0   130   192.1K    0.656     1669  OK
263    4    4      2     1    32   160     2      0     0    2    0    3     1     0   163   192.1K    0.656     1669  OK
264    4    4      2     1    32   160     1      1     0    1    4    3     1     0   130   192.1K    0.657     1667  OK
265    4    4      2     1    32   160     1      0     1    1    4    0     1     0   130   192.1K    0.657     1666  OK
266    4    4      2     1    32   160     1      1     1    1    4    3     1     0   130   192.1K    0.657     1667  OK
267    4    4      2     1    32   160     2      0     1    2    4    0     1     0   163   192.1K    0.657     1666  OK
268    4    4      2     1    32   160     1      0     0    1    0    0     1     0   130   192.1K    0.658     1665  OK
269    4    4      2     1    32   160     1      0     0    1    4    0     1     0   130   192.1K    0.658     1665  OK
270    4    4      2     1    32   160     2      1     0    2    0    3     1     0   163   192.1K    0.658     1664  OK
271    4    4      2     1    32   160     1      0     1    1    0    0     1     0   130   192.1K    0.658     1664  OK
272    4    4      2     1    32   160     1      1     1    1    0    0     1     0   130   192.1K    0.658     1665  OK
273    4    4      2     1    32   160     1      1     1    1    4    0     1     0   130   192.1K    0.658     1665  OK
274    4    4      2     1    32   160     2      1     0    1    0    0     1     0   163   192.1K    0.659     1661  OK
275    4    4      2     1    32   160     1      0     0    2    4    3     1     0   130   192.1K    0.659     1662  OK
276    4    4      2     1    32   160     1      0     1    2    0    0     1     0   130   192.1K    0.659     1660  OK
277    4    4      2     1    32   160     1      0     1    2    4    0     1     0   130   192.1K    0.659     1661  OK
278    4    4      2     1    32   160     2      0     1    2    0    0     1     0   163   192.1K    0.659     1663  OK
279    4    4      2     1    32   160     1      0     0    1    4    3     1     0   130   192.1K    0.660     1658  OK
280    4    4      2     1    32   160     1      1     0    2    0    0     1     0   130   192.1K    0.660     1660  OK
281    4    4      2     1    32   160     1      1     0    2    4    0     1     0   130   192.1K    0.660     1660  OK
282    4    4      2     1    32   160     2      0     0    2    4    3     1     0   163   192.1K    0.660     1659  OK
283    4    4      2     1    32   160     4      0     0    2    0    3     1     0   212   192.1K    0.660     1658  OK
284    4    4      2     1    32   160     1      1     1    1    0    3     1     0   130   192.1K    0.660     1659  OK
285    4    4      2     1    32   160     2      1     1    1    0    0     1     0   163   192.1K    0.660     1658  OK
286    4    4      2     1    32   160     1      0     1    2    4    3     1     0   130   192.1K    0.660     1660  OK
287    4    4      2     1    32   160     1      1     1    2    0    0     1     0   130   192.1K    0.660     1660  OK
288    4    4      2     1    32   160     1      1     1    2    4    3     1     0   130   192.1K    0.660     1658  OK
289    4    4      2     1    32   160     1      1     0    1    0    3     1     0   130   192.1K    0.661     1657  OK
290    4    4      2     1    32   160     2      1     0    2    4    0     1     0   163   192.1K    0.661     1657  OK
291    4    4      2     1    32   160     1      0     1    1    0    3     1     0   130   192.1K    0.661     1656  OK
292    4    4      2     1    32   160     2      0     1    1    4    0     1     0   163   192.1K    0.661     1656  OK
293    4    4      2     1    32   160     2      0     1    1    4    3     1     0   163   192.1K    0.661     1656  OK
294    4    4      2     1    32   160     2      1     1    1    0    3     1     0   163   192.1K    0.661     1658  OK
295    4    4      2     1    32   160     1      0     1    2    0    3     1     0   130   192.1K    0.661     1657  OK
296    4    4      2     1    32   160     1      1     1    2    4    0     1     0   130   192.1K    0.661     1656  OK
297    4    4      2     1    32   160     2      1     1    2    0    0     1     0   163   192.1K    0.661     1658  OK
298    4    4      2     1    32   160     1      1     0    1    0    0     1     0   130   192.1K    0.662     1654  OK
299    4    4      2     1    32   160     2      0     0    1    4    3     1     0   163   192.1K    0.662     1653  OK
300    4    4      2     1    32   160     2      1     0    1    0    3     1     0   163   192.1K    0.662     1655  OK
301    4    4      2     1    32   160     2      1     0    1    4    3     1     0   163   192.1K    0.662     1655  OK
302    4    4      2     1    32   160     1      1     0    2    0    3     1     0   130   192.1K    0.662     1654  OK
303    4    4      2     1    32   160     1      1     0    2    4    3     1     0   130   192.1K    0.662     1654  OK
304    4    4      2     1    32   160     1      1     1    2    0    3     1     0   130   192.1K    0.662     1655  OK
305    4    4      2     1    32   160     1      0     0    1    0    3     1     0   130   192.1K    0.663     1652  OK
306    4    4      2     1    32   160     4      1     0    2    4    0     1     0   212   192.1K    0.663     1652  OK
307    4    4      2     1    32   160     4      0     1    1    0    0     1     0   212   192.1K    0.663     1651  OK
308    4    4      2     1    32   160     4      1     1    1    0    0     1     0   212   192.1K    0.663     1651  OK
309    4    4      2     1    32   160     2      0     1    2    4    3     1     0   163   192.1K    0.663     1651  OK
310    4    4      2     1    32   160     2      1     1    2    0    3     1     0   163   192.1K    0.663     1652  OK
311    4    4      2     1    32   160     4      1     1    2    4    0     1     0   212   192.1K    0.663     1651  OK
312    4    4      2     1    32   160     4      0     0    1    4    3     1     0   212   192.1K    0.664     1650  OK
313    4    4      2     1    32   160     1      0     0    2    4    0     1     0   130   192.1K    0.664     1649  OK
314    4    4      2     1    32   160     4      0     0    2    4    0     1     0   212   192.1K    0.664     1649  OK
315    4    4      2     1    32   160     2      1     1    1    4    3     1     0   163   192.1K    0.664     1650  OK
316    4    4      2     1    32   160     4      1     1    1    4    0     1     0   212   192.1K    0.664     1650  OK
317    4    4      2     1    32   160     2      1     1    2    4    0     1     0   163   192.1K    0.664     1650  OK
318    4    4      2     1    32   160     4      0     0    1    0    0     1     0   212   192.1K    0.665     1647  OK
319    4    4      2     1    32   160     4      1     0    1    4    3     1     0   212   192.1K    0.665     1646  OK
320    4    4      2     1    32   160     2      0     0    2    4    0     1     0   163   192.1K    0.665     1647  OK
321    4    4      2     1    32   160     4      1     0    2    0    3     1     0   212   192.1K    0.665     1648  OK
322    4    4      2     1    32   160     2      0     1    2    0    3     1     0   163   192.1K    0.665     1646  OK
323    4    4      2     1    32   160     2      0     0    1    0    0     1     0   163   192.1K    0.666     1645  OK
324    4    4      2     1    32   160     2      1     0    2    0    0     1     0   163   192.1K    0.666     1643  OK
325    4    4      2     1    32   160     4      1     0    2    0    0     1     0   212   192.1K    0.666     1644  OK
326    4    4      2     1    32   160     4      1     0    2    4    3     1     0   212   192.1K    0.666     1644  OK
327    4    4      2     1    32   160     4      0     1    1    4    0     1     0   212   192.1K    0.666     1645  OK
328    4    4      2     1    32   160     4      1     1    1    4    3     1     0   212   192.1K    0.666     1645  OK
329    4    4      2     1    32   160     2      1     1    2    4    3     1     0   163   192.1K    0.666     1645  OK
330    4    4      2     1    32   160     4      0     1    1    0    3     1     0   212   192.1K    0.667     1641  OK
331    4    4      2     1    32   160     4      0     1    2    0    3     1     0   212   192.1K    0.667     1641  OK
332    4    4      2     1    32   160     4      1     1    2    0    0     1     0   212   192.1K    0.667     1643  OK
333    4    4      2     1    32   160     1      0     1    4    1    3     1     0   164   192.1K    0.667     1641  OK
334    4    4      2     1    32   160     4      0     0    1    0    3     1     0   212   192.1K    0.668     1639  OK
335    4    4      2     1    32   160     1      0     0    2    0    0     1     0   130   192.1K    0.668     1639  OK
336    4    4      2     1    32   160     2      0     0    2    0    0     1     0   163   192.1K    0.668     1639  OK
337    4    4      2     1    32   160     2      0     1    1    0    0     1     0   163   192.1K    0.668     1640  OK
338    4    4      2     1    32   160     2      1     1    1    4    0     1     0   163   192.1K    0.668     1640  OK
339    4    4      2     1    32   160     4      0     1    2    4    3     1     0   212   192.1K    0.668     1639  OK
340    4    4      2     1    32   160     4      1     1    2    0    3     1     0   212   192.1K    0.668     1640  OK
341    4    4      2     1    32   160     2      1     0    1    4    0     1     0   163   192.1K    0.669     1636  OK
342    4    4      2     1    32   160     4      1     0    1    0    3     1     0   212   192.1K    0.669     1638  OK
343    4    4      2     1    32   160     4      0     1    1    4    3     1     0   212   192.1K    0.669     1636  OK
344    4    4      2     1    32   160     4      0     0    2    4    3     1     0   212   192.1K    0.670     1633  OK
345    4    4      2     1    32   160     4      1     1    2    4    3     1     0   212   192.1K    0.672     1629  OK
346    4    4      2     1    32   160     4      0     0    1    4    0     1     0   212   192.1K    0.673     1628  OK
347    4    4      2     1    32   160     4      0     0    2    0    0     1     0   212   192.1K    0.673     1628  OK
348    4    4      2     1    32   160     1      1     0    4    1    1     1     0   122   192.1K    0.673     1626  OK
349    4    4      2     1    32   160     4      0     1    2    0    0     1     0   212   192.1K    0.673     1628  OK
350    4    4      2     1    32   160     4      0     1    2    4    0     1     0   212   192.1K    0.673     1627  OK
351    4    4      2     1    32   160     1      0     1    6    1    1     1     0   120   192.1K    0.674     1625  OK
352    4    4      2     1    32   160     1      0     1    4    1    1     1     0   120   192.1K    0.675     1622  OK
353    4    4      2     1    32   160     2      0     1    8    1    1     1     0   151   192.1K    0.675     1621  OK
354    4    4      2     1    32   160     4      1     0    1    0    0     1     0   212   192.1K    0.676     1619  OK
355    4    4      2     1    32   160     1      1     0    6    1    1     1     0   122   192.1K    0.676     1619  OK
356    4    4      2     1    32   160     1      1     0    8    1    3     1     0   164   192.1K    0.676     1620  OK
357    4    4      2     1    32   160     1      1     1    4    1    1     1     0   120   192.1K    0.676     1619  OK
358    4    4      2     1    32   160     4      1     1    6    1    0     1     0   208   192.1K    0.676     1621  OK
359    4    4      2     1    32   160     1      0     0    4    1    1     1     0   122   192.1K    0.677     1618  OK
360    4    4      2     1    32   160     4      1     1    1    0    3     1     0   212   192.1K    0.677     1617  OK
361    4    4      2     1    32   160     1      1     1    4    1    0     1     0   164   192.1K    0.677     1617  OK
362    4    4      2     1    32   160     1      1     1    8    1    3     1     0   164   192.1K    0.677     1618  OK
363    4    4      2     1    32   160     2      0     0    6    1    3     1     0   159   192.1K    0.678     1614  OK
364    4    4      2     1    32   160     2      0     0    8    1    3     1     0   196   192.1K    0.678     1615  OK
365    4    4      2     1    32   160     1      0     0    4    1    0     1     0   164   192.1K    0.679     1612  OK
366    4    4      2     1    32   160     2      1     0    6    1    0     1     0   159   192.1K    0.679     1614  OK
367    4    4      2     1    32   160     2      1     0    6    1    1     1     0   151   192.1K    0.679     1612  OK
368    4    4      2     1    32   160     1      0     0    8    1    1     1     0   122   192.1K    0.679     1613  OK
369    4    4      2     1    32   160     1      0     1    6    1    0     1     0   128   192.1K    0.679     1614  OK
370    4    4      2     1    32   160     1      1     1    6    1    0     1     0   128   192.1K    0.679     1613  OK
371    4    4      2     1    32   160     1      1     1    6    1    1     1     0   120   192.1K    0.679     1612  OK
372    4    4      2     1    32   160     1      1     1    8    1    1     1     0   120   192.1K    0.679     1613  OK
373    4    4      2     1    32   160     2      1     1    8    1    1     1     0   151   192.1K    0.679     1612  OK
374    4    4      2     1    32   160     1      1     0    6    1    0     1     0   128   192.1K    0.680     1610  OK
375    4    4      2     1    32   160     2      1     0    6    1    3     1     0   159   192.1K    0.680     1611  OK
376    4    4      2     1    32   160     4      1     0    6    1    0     1     0   208   192.1K    0.680     1610  OK
377    4    4      2     1    32   160     1      1     0    8    1    1     1     0   122   192.1K    0.680     1610  OK
378    4    4      2     1    32   160     4      1     0    8    1    0     1     0   244   192.1K    0.680     1611  OK
379    4    4      2     1    32   160     4      1     1    4    1    3     1     0   244   192.1K    0.680     1609  OK
380    4    4      2     1    32   160     1      0     1    8    1    1     1     0   120   192.1K    0.680     1611  OK
381    4    4      2     1    32   160     1      1     0    4    1    3     1     0   164   192.1K    0.681     1608  OK
382    4    4      2     1    32   160     2      1     0    4    1    3     1     0   196   192.1K    0.681     1609  OK
383    4    4      2     1    32   160     1      0     0    6    1    0     1     0   128   192.1K    0.681     1609  OK
384    4    4      2     1    32   160     2      0     0    6    1    1     1     0   151   192.1K    0.681     1609  OK
385    4    4      2     1    32   160     1      1     1    4    1    3     1     0   164   192.1K    0.681     1607  OK
386    4    4      2     1    32   160     2      1     1    4    1    0     1     0   196   192.1K    0.681     1608  OK
387    4    4      2     1    32   160     2      1     1    4    1    1     1     0   151   192.1K    0.681     1608  OK
388    4    4      2     1    32   160     1      0     1    6    1    3     1     0   128   192.1K    0.681     1608  OK
389    4    4      2     1    32   160     2      0     1    6    1    0     1     0   159   192.1K    0.681     1608  OK
390    4    4      2     1    32   160     2      0     1    6    1    3     1     0   159   192.1K    0.681     1607  OK
391    4    4      2     1    32   160     2      1     1    6    1    0     1     0   159   192.1K    0.681     1607  OK
392    4    4      2     1    32   160     4      1     0    1    4    0     1     0   212   192.1K    0.682     1605  OK
393    4    4      2     1    32   160     2      0     0    4    1    3     1     0   196   192.1K    0.682     1605  OK
394    4    4      2     1    32   160     2      1     0    4    1    0     1     0   196   192.1K    0.682     1605  OK
395    4    4      2     1    32   160     1      0     0    8    1    3     1     0   164   192.1K    0.682     1605  OK
396    4    4      2     1    32   160     2      1     0    8    1    1     1     0   151   192.1K    0.682     1606  OK
397    4    4      2     1    32   160     4      1     0    8    1    3     1     0   244   192.1K    0.682     1605  OK
398    4    4      2     1    32   160     2      0     1    6    1    1     1     0   151   192.1K    0.682     1606  OK
399    4    4      2     1    32   160     4      1     1    6    1    3     1     0   208   192.1K    0.682     1605  OK
400    4    4      2     1    32   160     2      0     1    8    1    3     1     0   196   192.1K    0.682     1607  OK
401    4    4      2     1    32   160     2      1     1    8    1    3     1     0   196   192.1K    0.682     1605  OK
402    4    4      2     1    32   160     2      1     0    4    1    1     1     0   151   192.1K    0.683     1602  OK
403    4    4      2     1    32   160     1      0     0    6    1    1     1     0   122   192.1K    0.683     1602  OK
404    4    4      2     1    32   160     1      1     0    6    1    3     1     0   128   192.1K    0.683     1603  OK
405    4    4      2     1    32   160     2      0     0    6    1    0     1     0   159   192.1K    0.683     1604  OK
406    4    4      2     1    32   160     2      0     0    8    1    1     1     0   151   192.1K    0.683     1604  OK
407    4    4      2     1    32   160     4      0     0    8    1    1     1     0   200   192.1K    0.683     1603  OK
408    4    4      2     1    32   160     2      0     1    4    1    0     1     0   196   192.1K    0.683     1604  OK
409    4    4      2     1    32   160     2      0     1    8    1    0     1     0   196   192.1K    0.683     1602  OK
410    4    4      2     1    32   160     4      1     1    8    1    0     1     0   244   192.1K    0.683     1603  OK
411    4    4      2     1    32   160     4      1     1    8    1    1     1     0   200   192.1K    0.683     1604  OK
412    4    4      2     1    32   160     4      1     0    6    1    1     1     0   200   192.1K    0.684     1600  OK
413    4    4      2     1    32   160     4      1     0    6    1    3     1     0   208   192.1K    0.684     1602  OK
414    4    4      2     1    32   160     1      1     0    8    1    0     1     0   164   192.1K    0.684     1601  OK
415    4    4      2     1    32   160     2      1     0    8    1    0     1     0   196   192.1K    0.684     1601  OK
416    4    4      2     1    32   160     2      1     0    8    1    3     1     0   196   192.1K    0.684     1601  OK
417    4    4      2     1    32   160     1      0     1    4    1    0     1     0   164   192.1K    0.684     1602  OK
418    4    4      2     1    32   160     2      0     1    4    1    3     1     0   196   192.1K    0.684     1601  OK
419    4    4      2     1    32   160     1      1     1    6    1    3     1     0   128   192.1K    0.684     1601  OK
420    4    4      2     1    32   160     2      1     1    6    1    1     1     0   151   192.1K    0.684     1600  OK
421    4    4      2     1    32   160     2      1     1    6    1    3     1     0   159   192.1K    0.684     1600  OK
422    4    4      2     1    32   160     2      0     0    4    1    0     1     0   196   192.1K    0.685     1598  OK
423    4    4      2     1    32   160     1      0     0    6    1    3     1     0   128   192.1K    0.685     1600  OK
424    4    4      2     1    32   160     4      1     0    8    1    1     1     0   200   192.1K    0.685     1598  OK
425    4    4      2     1    32   160     4      1     1    4    1    1     1     0   200   192.1K    0.685     1598  OK
426    4    4      2     1    32   160     1      0     1    8    1    0     1     0   164   192.1K    0.685     1598  OK
427    4    4      2     1    32   160     2      1     1    8    1    0     1     0   196   192.1K    0.685     1599  OK
428    4    4      2     1    32   160     2      0     0    4    1    1     1     0   151   192.1K    0.686     1596  OK
429    4    4      2     1    32   160     4      0     0    6    1    3     1     0   208   192.1K    0.686     1596  OK
430    4    4      2     1    32   160     1      0     0    8    1    0     1     0   164   192.1K    0.686     1596  OK
431    4    4      2     1    32   160     4      0     0    8    1    3     1     0   244   192.1K    0.686     1595  OK
432    4    4      2     1    32   160     1      0     1    8    1    3     1     0   164   192.1K    0.686     1596  OK
433    4    4      2     1    32   160     1      1     1    8    1    0     1     0   164   192.1K    0.686     1595  OK
434    4    4      2     1    32   160     4      1     1    8    1    3     1     0   244   192.1K    0.686     1595  OK
435    4    4      2     1    32   160     2      1     0    2    0    1     1     0   155   192.1K    0.687     1595  OK
436    4    4      2     1    32   160     4      1     0    4    1    0     1     0   244   192.1K    0.687     1595  OK
437    4    4      2     1    32   160     4      0     0    6    1    0     1     0   208   192.1K    0.687     1595  OK
438    4    4      2     1    32   160     2      1     1    4    1    3     1     0   196   192.1K    0.687     1595  OK
439    4    4      2     1    32   160     4      0     1    4    1    1     1     0   200   192.1K    0.687     1593  OK
440    4    4      2     1    32   160     4      0     1    6    1    0     1     0   208   192.1K    0.687     1594  OK
441    4    4      2     1    32   160     1      0     0    4    1    3     1     0   164   192.1K    0.688     1592  OK
442    4    4      2     1    32   160     4      1     1    6    1    1     1     0   200   192.1K    0.688     1591  OK
443    4    4      2     1    32   160     1      1     0    1    4    1     1     0   126   192.1K    0.689     1589  OK
444    4    4      2     1    32   160     4      0     0    4    1    1     1     0   200   192.1K    0.689     1589  OK
445    4    4      2     1    32   160     4      1     0    4    1    1     1     0   200   192.1K    0.689     1590  OK
446    4    4      2     1    32   160     4      0     1    4    1    0     1     0   244   192.1K    0.689     1590  OK
447    4    4      2     1    32   160     4      0     1    8    1    3     1     0   244   192.1K    0.689     1589  OK
448    4    4      2     1    32   160     4      0     0    4    1    3     1     0   244   192.1K    0.690     1586  OK
449    4    4      2     1    32   160     4      1     0    4    1    3     1     0   244   192.1K    0.690     1586  OK
450    4    4      2     1    32   160     4      0     0    8    1    0     1     0   244   192.1K    0.690     1587  OK
451    4    4      2     1    32   160     1      0     1    1    0    1     1     0   125   192.1K    0.690     1587  OK
452    4    4      2     1    32   160     1      1     1    1    4    1     1     0   125   192.1K    0.690     1588  OK
453    4    4      2     1    32   160     2      0     1    1    0    1     1     0   155   192.1K    0.690     1588  OK
454    4    4      2     1    32   160     2      0     1    4    1    1     1     0   151   192.1K    0.690     1588  OK
455    4    4      2     1    32   160     4      0     1    4    1    3     1     0   244   192.1K    0.690     1588  OK
456    4    4      2     1    32   160     1      0     0    1    4    1     1     0   126   192.1K    0.691     1585  OK
457    4    4      2     1    32   160     2      0     0    8    1    0     1     0   196   192.1K    0.691     1585  OK
458    4    4      2     1    32   160     4      1     1    4    1    0     1     0   244   192.1K    0.691     1586  OK
459    4    4      2     1    32   160     4      0     1    6    1    1     1     0   200   192.1K    0.691     1586  OK
460    4    4      2     1    32   160     1      1     0    4    1    0     1     0   164   192.1K    0.692     1581  OK
461    4    4      2     1    32   160     1      1     0    2    0    1     1     0   126   192.1K    0.693     1580  OK
462    4    4      2     1    32   160     1      1     1    1    0    1     1     0   125   192.1K    0.693     1581  OK
463    4    4      2     1    32   160     4      0     1    1    4    1     1     0   204   192.1K    0.693     1579  OK
464    4    4      2     1    32   160     1      0     1    2    4    1     1     0   125   192.1K    0.693     1580  OK
465    4    4      2     1    32   160     1      1     0    2    4    1     1     0   126   192.1K    0.694     1579  OK
466    4    4      2     1    32   160     1      0     1    1    4    1     1     0   125   192.1K    0.694     1577  OK
467    4    4      2     1    32   160     2      0     1    1    4    1     1     0   155   192.1K    0.694     1577  OK
468    4    4      2     1    32   160     2      1     1    1    4    1     1     0   155   192.1K    0.694     1577  OK
469    4    4      2     1    32   160     2      1     1    2    0    1     1     0   155   192.1K    0.694     1579  OK
470    4    4      2     1    32   160     4      0     1    8    1    1     1     0   200   192.1K    0.694     1577  OK
471    4    4      2     1    32   160     1      0     0    1    0    1     1     0   126   192.1K    0.695     1575  OK
472    4    4      2     1    32   160     2      1     0    2    4    1     1     0   155   192.1K    0.696     1572  OK
473    4    4      2     1    32   160     4      0     0    6    1    1     1     0   200   192.1K    0.696     1573  OK
474    4    4      2     1    32   160     4      0     1    6    1    3     1     0   208   192.1K    0.696     1573  OK
475    4    4      2     1    32   160     2      0     0    1    0    1     1     0   155   192.1K    0.697     1571  OK
476    4    4      2     1    32   160     1      0     0    2    0    1     1     0   126   192.1K    0.697     1571  OK
477    4    4      2     1    32   160     1      0     0    2    4    1     1     0   126   192.1K    0.697     1572  OK
478    4    4      2     1    32   160     2      0     0    2    0    1     1     0   155   192.1K    0.697     1570  OK
479    4    4      2     1    32   160     4      0     0    4    1    0     1     0   244   192.1K    0.697     1571  OK
480    4    4      2     1    32   160     2      1     1    1    0    1     1     0   155   192.1K    0.697     1571  OK
481    4    4      2     1    32   160     1      0     1    2    0    1     1     0   125   192.1K    0.697     1571  OK
482    4    4      2     1    32   160     1      1     1    2    0    1     1     0   125   192.1K    0.697     1571  OK
483    4    4      2     1    32   160     4      0     1    2    4    1     1     0   204   192.1K    0.697     1571  OK
484    4    4      2     1    32   160     2      0     0    2    4    1     1     0   155   192.1K    0.698     1568  OK
485    4    4      2     1    32   160     4      1     0    2    0    1     1     0   204   192.1K    0.698     1569  OK
486    4    4      2     1    32   160     4      0     1    2    0    1     1     0   204   192.1K    0.698     1569  OK
487    4    4      2     1    32   160     4      0     0    1    0    1     1     0   204   192.1K    0.699     1566  OK
488    4    4      2     1    32   160     4      1     0    2    4    1     1     0   204   192.1K    0.699     1567  OK
489    4    4      2     1    32   160     4      0     1    8    1    0     1     0   244   192.1K    0.699     1566  OK
490    4    4      2     1    32   160     1      1     0    1    0    1     1     0   126   192.1K    0.700     1564  OK
491    4    4      2     1    32   160     2      1     0    1    4    1     1     0   155   192.1K    0.701     1561  OK
492    4    4      2     1    32   160     4      0     0    1    4    1     1     0   204   192.1K    0.701     1561  OK
493    4    4      2     1    32   160     4      0     0    2    4    1     1     0   204   192.1K    0.701     1562  OK
494    4    4      2     1    32   160     2      0     1    2    0    1     1     0   155   192.1K    0.701     1563  OK
495    4    4      2     1    32   160     2      0     1    2    4    1     1     0   155   192.1K    0.701     1561  OK
496    4    4      2     1    32   160     4      1     1    2    0    1     1     0   204   192.1K    0.701     1561  OK
497    4    4      2     1    32   160     2      0     0    1    4    1     1     0   155   192.1K    0.702     1561  OK
498    4    4      2     1    32   160     4      1     1    2    4    1     1     0   204   192.1K    0.702     1560  OK
499    4    4      2     1    32   160     2      1     0    1    0    1     1     0   155   192.1K    0.703     1558  OK
500    4    4      2     1    32   160     2      1     1    2    4    1     1     0   155   192.1K    0.703     1558  OK
501    4    4      2     1    32   160     4      0     0    2    0    1     1     0   204   192.1K    0.705     1553  OK
502    4    4      2     1    32   160     4      1     0    1    4    1     1     0   204   192.1K    0.706     1552  OK
503    4    4      2     1    32   160     4      0     1    1    0    1     1     0   204   192.1K    0.706     1552  OK
504    4    4      2     1    32   160     1      1     1    2    4    1     1     0   125   192.1K    0.706     1551  OK
505    4    4      2     1    32   160     4      1     0    1    0    1     1     0   204   192.1K    0.707     1550  OK
506    4    4      2     1    32   160     4      1     1    1    0    1     1     0   204   192.1K    0.709     1543  OK
507    4    4      2     1    32   160     4      1     1    1    4    1     1     0   204   192.1K    0.710     1543  OK
508    4    4      2     1    32   160     1      0     0    8    0    0     1     0   181   192.1K    0.733     1493  OK
509    4    4      2     1    32   160     1      0     0    4    4    0     1     0   179   192.1K    0.734     1492  OK
510    4    4      2     1    32   160     1      0     1    8    4    3     1     0   178   192.1K    0.734     1491  OK
511    4    4      2     1    32   160     1      0     0    4    4    1     1     0   134   192.1K    0.736     1488  OK
512    4    4      2     1    32   160     1      0     0    4    0    0     1     0   179   192.1K    0.737     1486  OK
513    4    4      2     1    32   160     1      0     0    4    0    3     1     0   179   192.1K    0.737     1485  OK
514    4    4      2     1    32   160     1      0     1    4    0    1     1     0   134   192.1K    0.737     1486  OK
515    4    4      2     1    32   160     1      0     1    4    4    1     1     0   134   192.1K    0.737     1485  OK
516    4    4      2     1    32   160     1      0     0    6    4    0     1     0   144   192.1K    0.738     1484  OK
517    4    4      2     1    32   160     1      0     0    8    4    0     1     0   179   192.1K    0.738     1484  OK
518    4    4      2     1    32   160     1      0     1    4    0    0     1     0   178   192.1K    0.738     1484  OK
519    4    4      2     1    32   160     1      0     1    6    0    1     1     0   134   192.1K    0.738     1484  OK
520    4    4      2     1    32   160     1      0     1    8    0    0     1     0   181   192.1K    0.738     1484  OK
521    4    4      2     1    32   160     1      0     0    8    0    3     1     0   181   192.1K    0.739     1482  OK
522    4    4      2     1    32   160     1      0     1    4    0    3     1     0   178   192.1K    0.739     1481  OK
523    4    4      2     1    32   160     1      0     1    4    4    3     1     0   178   192.1K    0.739     1482  OK
524    4    4      2     1    32   160     1      0     1    6    0    0     1     0   147   192.1K    0.739     1481  OK
525    4    4      2     1    32   160     1      0     1    6    4    3     1     0   144   192.1K    0.739     1481  OK
526    4    4      2     1    32   160     1      0     1    8    0    3     1     0   181   192.1K    0.739     1481  OK
527    4    4      2     1    32   160     1      0     0    4    0    1     1     0   134   192.1K    0.740     1479  OK
528    4    4      2     1    32   160     1      0     0    6    4    3     1     0   144   192.1K    0.740     1480  OK
529    4    4      2     1    32   160     1      0     0    8    0    1     1     0   134   192.1K    0.740     1479  OK
530    4    4      2     1    32   160     1      0     0    8    4    3     1     0   179   192.1K    0.740     1480  OK
531    4    4      2     1    32   160     1      0     1    6    4    1     1     0   134   192.1K    0.740     1481  OK
532    4    4      2     1    32   160     1      0     1    8    4    0     1     0   178   192.1K    0.740     1480  OK
533    4    4      2     1    32   160     1      0     0    6    4    1     1     0   134   192.1K    0.741     1477  OK
534    4    4      2     1    32   160     1      0     1    4    4    0     1     0   178   192.1K    0.741     1477  OK
535    4    4      2     1    32   160     1      0     1    6    4    0     1     0   144   192.1K    0.741     1477  OK
536    4    4      2     1    32   160     1      0     0    6    0    1     1     0   134   192.1K    0.743     1474  OK
537    4    4      2     1    32   160     1      0     0    6    0    3     1     0   149   192.1K    0.743     1473  OK
538    4    4      2     1    32   160     1      0     0    8    4    1     1     0   134   192.1K    0.743     1473  OK
539    4    4      2     1    32   160     1      0     1    6    0    3     1     0   147   192.1K    0.743     1475  OK
540    4    4      2     1    32   160     1      0     1    8    4    1     1     0   134   192.1K    0.744     1471  OK
541    4    4      2     1    32   160     1      0     0    4    4    3     1     0   179   192.1K    0.745     1471  OK
542    4    4      2     1    32   160     1      0     0    6    0    0     1     0   149   192.1K    0.745     1469  OK
543    4    4      2     1    32   160     1      0     1    8    0    1     1     0   134   192.1K    0.745     1470  OK
544    4    4      2     1    32   160     2      1     0    2    1    3     1     0   145   192.1K    0.751     1459  OK
545    4    4      2     1    32   160     4      1     1    2    1    0     1     0   192   192.1K    0.754     1453  OK
546    4    4      2     1    32   160     2      0     0    2    1    3     1     0   145   192.1K    0.756     1449  OK
547    4    4      2     1    32   160     4      1     1    1    1    0     1     0   192   192.1K    0.756     1449  OK
548    4    4      2     1    32   160     4      1     0    1    1    0     1     0   192   192.1K    0.759     1443  OK
549    4    4      2     1    32   160     2      1     1    1    1    0     1     0   145   192.1K    0.759     1443  OK
550    4    4      2     1    32   160     4      0     1    2    1    0     1     0   192   192.1K    0.759     1442  OK
551    4    4      2     1    32   160     2      1     0    1    1    3     1     0   145   192.1K    0.760     1441  OK
552    4    4      2     1    32   160     1      1     1    2    1    3     1     0   111   192.1K    0.760     1440  OK
553    4    4      2     1    32   160     4      1     0    1    1    3     1     0   192   192.1K    0.761     1439  OK
554    4    4      2     1    32   160     2      1     1    1    1    3     1     0   145   192.1K    0.761     1440  OK
555    4    4      2     1    32   160     1      0     1    2    1    3     1     0   111   192.1K    0.761     1438  OK
556    4    4      2     1    32   160     2      0     0    1    1    0     1     0   145   192.1K    0.763     1434  OK
557    4    4      2     1    32   160     2      0     1    1    1    0     1     0   145   192.1K    0.763     1436  OK
558    4    4      2     1    32   160     4      1     1    1    1    3     1     0   192   192.1K    0.763     1434  OK
559    4    4      2     1    32   160     1      1     1    2    1    0     1     0   111   192.1K    0.763     1435  OK
560    4    4      2     1    32   160     2      0     1    2    1    3     1     0   145   192.1K    0.763     1435  OK
561    4    4      2     1    32   160     1      1     0    1    1    0     1     0   111   192.1K    0.764     1433  OK
562    4    4      2     1    32   160     2      0     0    1    1    3     1     0   145   192.1K    0.764     1434  OK
563    4    4      2     1    32   160     4      1     0    2    1    0     1     0   192   192.1K    0.764     1433  OK
564    4    4      2     1    32   160     2      0     1    1    1    3     1     0   145   192.1K    0.764     1433  OK
565    4    4      2     1    32   160     1      0     0    1    1    0     1     0   111   192.1K    0.765     1432  OK
566    4    4      2     1    32   160     4      1     0    2    1    3     1     0   192   192.1K    0.765     1432  OK
567    4    4      2     1    32   160     1      0     1    1    1    3     1     0   111   192.1K    0.765     1431  OK
568    4    4      2     1    32   160     1      1     1    1    1    3     1     0   111   192.1K    0.765     1432  OK
569    4    4      2     1    32   160     4      0     1    1    1    3     1     0   192   192.1K    0.765     1432  OK
570    4    4      2     1    32   160     2      1     1    2    1    0     1     0   145   192.1K    0.765     1432  OK
571    4    4      2     1    32   160     1      1     0    1    1    3     1     0   111   192.1K    0.766     1429  OK
572    4    4      2     1    32   160     1      1     0    2    1    3     1     0   111   192.1K    0.766     1429  OK
573    4    4      2     1    32   160     1      1     0    2    1    0     1     0   111   192.1K    0.767     1427  OK
574    4    4      2     1    32   160     1      1     1    1    1    0     1     0   111   192.1K    0.767     1428  OK
575    4    4      2     1    32   160     2      1     1    2    1    3     1     0   145   192.1K    0.767     1427  OK
576    4    4      2     1    32   160     1      0     0    1    1    3     1     0   111   192.1K    0.768     1426  OK
577    4    4      2     1    32   160     2      0     0    2    1    0     1     0   145   192.1K    0.768     1426  OK
578    4    4      2     1    32   160     4      1     1    2    1    3     1     0   192   192.1K    0.768     1425  OK
579    4    4      2     1    32   160     2      1     0    1    1    0     1     0   145   192.1K    0.769     1425  OK
580    4    4      2     1    32   160     4      0     0    2    1    0     1     0   192   192.1K    0.769     1425  OK
581    4    4      2     1    32   160     4      0     0    1    1    3     1     0   192   192.1K    0.771     1421  OK
582    4    4      2     1    32   160     2      1     0    2    1    0     1     0   145   192.1K    0.773     1417  OK
583    4    4      2     1    32   160     4      0     0    2    1    3     1     0   192   192.1K    0.773     1416  OK
584    4    4      2     1    32   160     4      0     1    1    1    0     1     0   192   192.1K    0.773     1417  OK
585    4    4      2     1    32   160     1      1     0    1    1    1     1     0   105   192.1K    0.774     1415  OK
586    4    4      2     1    32   160     1      0     0    2    1    0     1     0   111   192.1K    0.774     1415  OK
587    4    4      2     1    32   160     4      0     1    2    1    3     1     0   192   192.1K    0.775     1414  OK
588    4    4      2     1    32   160     2      1     0    2    1    1     1     0   137   192.1K    0.776     1411  OK
589    4    4      2     1    32   160     1      0     1    1    1    0     1     0   111   192.1K    0.776     1412  OK
590    4    4      2     1    32   160     2      0     1    2    1    0     1     0   145   192.1K    0.776     1410  OK
591    4    4      2     1    32   160     1      0     0    2    1    1     1     0   105   192.1K    0.778     1408  OK
592    4    4      2     1    32   160     2      0     0    2    1    1     1     0   137   192.1K    0.778     1408  OK
593    4    4      2     1    32   160     1      0     1    2    1    0     1     0   111   192.1K    0.778     1408  OK
594    4    4      2     1    32   160     1      0     0    2    1    3     1     0   111   192.1K    0.779     1406  OK
595    4    4      2     1    32   160     2      1     1    1    1    1     1     0   137   192.1K    0.779     1406  OK
596    4    4      2     1    32   160     4      0     0    1    1    0     1     0   192   192.1K    0.780     1403  OK
597    4    4      2     1    32   160     2      0     0    1    1    1     1     0   137   192.1K    0.782     1400  OK
598    4    4      2     1    32   160     4      1     0    1    1    1     1     0   184   192.1K    0.782     1401  OK
599    4    4      2     1    32   160     4      1     1    1    1    1     1     0   184   192.1K    0.782     1400  OK
600    4    4      2     1    32   160     2      0     1    1    1    1     1     0   137   192.1K    0.783     1399  OK
601    4    4      2     1    32   160     1      0     1    2    1    1     1     0   105   192.1K    0.783     1399  OK
602    4    4      2     1    32   160     2      0     1    2    1    1     1     0   137   192.1K    0.783     1399  OK
603    4    4      2     1    32   160     4      0     0    1    1    1     1     0   184   192.1K    0.784     1396  OK
604    4    4      2     1    32   160     1      1     1    1    1    1     1     0   105   192.1K    0.784     1396  OK
605    4    4      2     1    32   160     4      1     1    2    1    1     1     0   184   192.1K    0.784     1397  OK
606    4    4      2     1    32   160     2      1     1    2    1    1     1     0   137   192.1K    0.785     1394  OK
607    4    4      2     1    32   160     4      1     0    2    1    1     1     0   184   192.1K    0.786     1394  OK
608    4    4      2     1    32   160     1      1     1    2    1    1     1     0   105   192.1K    0.786     1394  OK
609    4    4      2     1    32   160     1      1     0    2    1    1     1     0   105   192.1K    0.787     1391  OK
610    4    4      2     1    32   160     2      1     0    1    1    1     1     0   137   192.1K    0.788     1389  OK
611    4    4      2     1    32   160     4      0     1    1    1    1     1     0   184   192.1K    0.790     1387  OK
612    4    4      2     1    32   160     4      0     1    2    1    1     1     0   184   192.1K    0.792     1383  OK
613    4    4      2     1    32   160     1      0     0    1    1    1     1     0   105   192.1K    0.794     1378  OK
614    4    4      2     1    32   160     4      0     0    2    1    1     1     0   184   192.1K    0.794     1379  OK
615    4    4      2     1    32   160     1      0     1    1    1    1     1     0   105   192.1K    0.796     1376  OK
616    4    4      0     0    64     0     2      1     1    4    0    0     1     0     0   192.1K        -        -  COMPILE_FAIL
617    4    4      0     0    64    40     2      1     1    4    0    0     1     0     0   192.1K        -        -  COMPILE_FAIL
618    4    4      0     0    64    60     2      1     1    4    0    0     1     0     0   192.1K        -        -  COMPILE_FAIL
619    4    4      0     0    64    80     2      1     1    4    0    0     1     0     0   192.1K        -        -  COMPILE_FAIL
620    4    4      0     0    64   100     2      1     1    4    0    0     1     0     0   192.1K        -        -  COMPILE_FAIL
621    4    4      0     0    64   120     2      1     1    4    0    0     1     0     0   192.1K        -        -  COMPILE_FAIL
622    4    4      0     0    64   160     2      1     1    4    0    0     1     0     0   192.1K        -        -  COMPILE_FAIL
623    4    4      0     0    64   200     2      1     1    4    0    0     1     0     0   192.1K        -        -  COMPILE_FAIL
624    4    4      0     1    64     0     2      1     1    4    0    0     1     0     0   192.1K        -        -  COMPILE_FAIL
625    4    4      0     1    64    40     2      1     1    4    0    0     1     0     0   192.1K        -        -  COMPILE_FAIL
626    4    4      0     1    64    60     2      1     1    4    0    0     1     0     0   192.1K        -        -  COMPILE_FAIL
627    4    4      0     1    64    80     2      1     1    4    0    0     1     0     0   192.1K        -        -  COMPILE_FAIL
628    4    4      0     1    64   100     2      1     1    4    0    0     1     0     0   192.1K        -        -  COMPILE_FAIL
629    4    4      0     1    64   120     2      1     1    4    0    0     1     0     0   192.1K        -        -  COMPILE_FAIL
630    4    4      0     1    64   160     2      1     1    4    0    0     1     0     0   192.1K        -        -  COMPILE_FAIL
631    4    4      0     1    64   200     2      1     1    4    0    0     1     0     0   192.1K        -        -  COMPILE_FAIL
632    4    4      1     0    64     0     2      1     1    4    0    0     1     0     0   192.1K        -        -  COMPILE_FAIL
633    4    4      1     0    64    40     2      1     1    4    0    0     1     0     0   192.1K        -        -  COMPILE_FAIL
634    4    4      1     0    64    60     2      1     1    4    0    0     1     0     0   192.1K        -        -  COMPILE_FAIL
635    4    4      1     0    64    80     2      1     1    4    0    0     1     0     0   192.1K        -        -  COMPILE_FAIL
636    4    4      1     0    64   100     2      1     1    4    0    0     1     0     0   192.1K        -        -  COMPILE_FAIL
637    4    4      1     0    64   120     2      1     1    4    0    0     1     0     0   192.1K        -        -  COMPILE_FAIL
638    4    4      1     0    64   160     2      1     1    4    0    0     1     0     0   192.1K        -        -  COMPILE_FAIL
639    4    4      1     0    64   200     2      1     1    4    0    0     1     0     0   192.1K        -        -  COMPILE_FAIL
640    4    4      1     1    64     0     2      1     1    4    0    0     1     0     0   192.1K        -        -  COMPILE_FAIL
641    4    4      1     1    64    40     2      1     1    4    0    0     1     0     0   192.1K        -        -  COMPILE_FAIL
642    4    4      1     1    64    60     2      1     1    4    0    0     1     0     0   192.1K        -        -  COMPILE_FAIL
643    4    4      1     1    64    80     2      1     1    4    0    0     1     0     0   192.1K        -        -  COMPILE_FAIL
644    4    4      1     1    64   100     2      1     1    4    0    0     1     0     0   192.1K        -        -  COMPILE_FAIL
645    4    4      1     1    64   120     2      1     1    4    0    0     1     0     0   192.1K        -        -  COMPILE_FAIL
646    4    4      1     1    64   160     2      1     1    4    0    0     1     0     0   192.1K        -        -  COMPILE_FAIL
647    4    4      1     1    64   200     2      1     1    4    0    0     1     0     0   192.1K        -        -  COMPILE_FAIL
648    4    4      2     0    64     0     2      1     1    4    0    0     1     0     0   192.1K        -        -  COMPILE_FAIL
649    4    4      2     0    64    40     2      1     1    4    0    0     1     0     0   192.1K        -        -  COMPILE_FAIL
650    4    4      2     0    64    60     2      1     1    4    0    0     1     0     0   192.1K        -        -  COMPILE_FAIL
651    4    4      2     0    64    80     2      1     1    4    0    0     1     0     0   192.1K        -        -  COMPILE_FAIL
652    4    4      2     0    64   100     2      1     1    4    0    0     1     0     0   192.1K        -        -  COMPILE_FAIL
653    4    4      2     0    64   120     2      1     1    4    0    0     1     0     0   192.1K        -        -  COMPILE_FAIL
654    4    4      2     0    64   160     2      1     1    4    0    0     1     0     0   192.1K        -        -  COMPILE_FAIL
655    4    4      2     0    64   200     2      1     1    4    0    0     1     0     0   192.1K        -        -  COMPILE_FAIL
656    4    4      2     1    64     0     2      1     1    4    0    0     1     0     0   192.1K        -        -  COMPILE_FAIL
657    4    4      2     1    64    40     2      1     1    4    0    0     1     0     0   192.1K        -        -  COMPILE_FAIL
658    4    4      2     1    64    60     2      1     1    4    0    0     1     0     0   192.1K        -        -  COMPILE_FAIL
659    4    4      2     1    64    80     2      1     1    4    0    0     1     0     0   192.1K        -        -  COMPILE_FAIL
660    4    4      2     1    64   100     2      1     1    4    0    0     1     0     0   192.1K        -        -  COMPILE_FAIL
661    4    4      2     1    64   120     2      1     1    4    0    0     1     0     0   192.1K        -        -  COMPILE_FAIL
662    4    4      2     1    64   160     2      1     1    4    0    0     1     0     0   192.1K        -        -  COMPILE_FAIL
663    4    4      2     1    64   200     2      1     1    4    0    0     1     0     0   192.1K        -        -  COMPILE_FAIL
664    4    4      3     0    64     0     2      1     1    4    0    0     1     0     0   192.1K        -        -  COMPILE_FAIL
665    4    4      3     0    64    40     2      1     1    4    0    0     1     0     0   192.1K        -        -  COMPILE_FAIL
666    4    4      3     0    64    60     2      1     1    4    0    0     1     0     0   192.1K        -        -  COMPILE_FAIL
667    4    4      3     0    64    80     2      1     1    4    0    0     1     0     0   192.1K        -        -  COMPILE_FAIL
668    4    4      3     0    64   100     2      1     1    4    0    0     1     0     0   192.1K        -        -  COMPILE_FAIL
669    4    4      3     0    64   120     2      1     1    4    0    0     1     0     0   192.1K        -        -  COMPILE_FAIL
670    4    4      3     0    64   160     2      1     1    4    0    0     1     0     0   192.1K        -        -  COMPILE_FAIL
671    4    4      3     0    64   200     2      1     1    4    0    0     1     0     0   192.1K        -        -  COMPILE_FAIL
672    4    4      3     1    64     0     2      1     1    4    0    0     1     0     0   192.1K        -        -  COMPILE_FAIL
673    4    4      3     1    64    40     2      1     1    4    0    0     1     0     0   192.1K        -        -  COMPILE_FAIL
674    4    4      3     1    64    60     2      1     1    4    0    0     1     0     0   192.1K        -        -  COMPILE_FAIL
675    4    4      3     1    64    80     2      1     1    4    0    0     1     0     0   192.1K        -        -  COMPILE_FAIL
676    4    4      3     1    64   100     2      1     1    4    0    0     1     0     0   192.1K        -        -  COMPILE_FAIL
677    4    4      3     1    64   120     2      1     1    4    0    0     1     0     0   192.1K        -        -  COMPILE_FAIL
678    4    4      3     1    64   160     2      1     1    4    0    0     1     0     0   192.1K        -        -  COMPILE_FAIL
679    4    4      3     1    64   200     2      1     1    4    0    0     1     0     0   192.1K        -        -  COMPILE_FAIL

CSV written to /root/siglip/data/session_20260313_031324/sweep_patch_embed.csv

Best: -DCVT_ADD_FUSED=0 -DMBAR_EARLY=1 -DPREFETCH_BEFORE_STORE=1 -DPRELOAD_MODE=2 -DSTAGGER_CYCLES=160 → 0.520 ms / 2104 TFLOPS (208 regs)
