Kernel: fc2 (fc2.cu)
Per-kernel tiers for fc2: skipping SNAKE_ORDER, GELU_VARIANT, GELU_VECTOR_WIDTH
Pinned at winner values: STAGGER_CYCLES=100

=== Tier 1: N_STAGES, K_LOOP_UNROLL, TMA_RESIDUAL, W0_RES_PREFETCH ===
Sweep: 90 total, 75 valid, 15 pruned
Estimated time: ~6 min (75 configs × ~5s each)

[1/75] -DK_LOOP_UNROLL=1 -DN_STAGES=3 -DSTAGGER_CYCLES=100 ... 2.053 ms / 2134 TFLOPS  (206 regs, 1.7s)
[2/75] -DK_LOOP_UNROLL=1 -DN_STAGES=3 -DSTAGGER_CYCLES=100 -DTMA_RESIDUAL=1 ... 1.988 ms / 2204 TFLOPS  (202 regs, 1.7s)
[3/75] -DK_LOOP_UNROLL=1 -DN_STAGES=3 -DSTAGGER_CYCLES=100 -DTMA_RESIDUAL=1 -DW0_RES_PREFETCH=1 ... 1.994 ms / 2197 TFLOPS  (204 regs, 1.7s)
[4/75] -DK_LOOP_UNROLL=1 -DN_STAGES=3 -DSTAGGER_CYCLES=100 -DTMA_RESIDUAL=2 ... 2.000 ms / 2191 TFLOPS  (201 regs, 1.7s)
[5/75] -DK_LOOP_UNROLL=1 -DN_STAGES=3 -DSTAGGER_CYCLES=100 -DTMA_RESIDUAL=2 -DW0_RES_PREFETCH=1 ... 1.994 ms / 2196 TFLOPS  (204 regs, 1.7s)
[6/75] -DK_LOOP_UNROLL=1 -DSTAGGER_CYCLES=100 ... 2.073 ms / 2113 TFLOPS  (212 regs, 1.6s)
[7/75] -DK_LOOP_UNROLL=1 -DSTAGGER_CYCLES=100 -DTMA_RESIDUAL=1 ... 1.657 ms / 2643 TFLOPS  (207 regs, 1.7s)
[8/75] -DK_LOOP_UNROLL=1 -DSTAGGER_CYCLES=100 -DTMA_RESIDUAL=1 -DW0_RES_PREFETCH=1 ... 1.663 ms / 2634 TFLOPS  (209 regs, 1.7s)
[9/75] -DK_LOOP_UNROLL=1 -DSTAGGER_CYCLES=100 -DTMA_RESIDUAL=2 ... 1.665 ms / 2630 TFLOPS  (208 regs, 1.7s)
[10/75] -DK_LOOP_UNROLL=1 -DSTAGGER_CYCLES=100 -DTMA_RESIDUAL=2 -DW0_RES_PREFETCH=1 ... 1.663 ms / 2633 TFLOPS  (209 regs, 1.7s)
[11/75] -DK_LOOP_UNROLL=1 -DN_STAGES=5 -DSTAGGER_CYCLES=100 ... 2.424 ms / 1807 TFLOPS  (216 regs, 1.6s)
[12/75] -DK_LOOP_UNROLL=1 -DN_STAGES=5 -DSTAGGER_CYCLES=100 -DTMA_RESIDUAL=1 ... 1.528 ms / 2866 TFLOPS  (212 regs, 1.7s)
[13/75] -DK_LOOP_UNROLL=1 -DN_STAGES=5 -DSTAGGER_CYCLES=100 -DTMA_RESIDUAL=1 -DW0_RES_PREFETCH=1 ... 1.536 ms / 2852 TFLOPS  (214 regs, 1.7s)
[14/75] -DK_LOOP_UNROLL=1 -DN_STAGES=5 -DSTAGGER_CYCLES=100 -DTMA_RESIDUAL=2 ... 1.546 ms / 2833 TFLOPS  (213 regs, 1.7s)
[15/75] -DK_LOOP_UNROLL=1 -DN_STAGES=5 -DSTAGGER_CYCLES=100 -DTMA_RESIDUAL=2 -DW0_RES_PREFETCH=1 ... 1.535 ms / 2854 TFLOPS  (214 regs, 1.7s)
[16/75] -DK_LOOP_UNROLL=2 -DN_STAGES=3 -DSTAGGER_CYCLES=100 ... 2.053 ms / 2134 TFLOPS  (206 regs, 1.6s)
[17/75] -DK_LOOP_UNROLL=2 -DN_STAGES=3 -DSTAGGER_CYCLES=100 -DTMA_RESIDUAL=1 ... 1.988 ms / 2203 TFLOPS  (202 regs, 1.7s)
[18/75] -DK_LOOP_UNROLL=2 -DN_STAGES=3 -DSTAGGER_CYCLES=100 -DTMA_RESIDUAL=1 -DW0_RES_PREFETCH=1 ... 1.990 ms / 2201 TFLOPS  (204 regs, 1.7s)
[19/75] -DK_LOOP_UNROLL=2 -DN_STAGES=3 -DSTAGGER_CYCLES=100 -DTMA_RESIDUAL=2 ... 2.000 ms / 2190 TFLOPS  (201 regs, 1.8s)
[20/75] -DK_LOOP_UNROLL=2 -DN_STAGES=3 -DSTAGGER_CYCLES=100 -DTMA_RESIDUAL=2 -DW0_RES_PREFETCH=1 ... 1.992 ms / 2199 TFLOPS  (204 regs, 1.7s)
[21/75] -DK_LOOP_UNROLL=2 -DSTAGGER_CYCLES=100 ... 2.073 ms / 2113 TFLOPS  (212 regs, 1.6s)
[22/75] -DK_LOOP_UNROLL=2 -DSTAGGER_CYCLES=100 -DTMA_RESIDUAL=1 ... 1.655 ms / 2647 TFLOPS  (207 regs, 1.7s)
[23/75] -DK_LOOP_UNROLL=2 -DSTAGGER_CYCLES=100 -DTMA_RESIDUAL=1 -DW0_RES_PREFETCH=1 ... 1.657 ms / 2643 TFLOPS  (209 regs, 1.7s)
[24/75] -DK_LOOP_UNROLL=2 -DSTAGGER_CYCLES=100 -DTMA_RESIDUAL=2 ... 1.664 ms / 2633 TFLOPS  (208 regs, 1.7s)
[25/75] -DK_LOOP_UNROLL=2 -DSTAGGER_CYCLES=100 -DTMA_RESIDUAL=2 -DW0_RES_PREFETCH=1 ... 1.658 ms / 2642 TFLOPS  (209 regs, 1.7s)
[26/75] -DK_LOOP_UNROLL=2 -DN_STAGES=5 -DSTAGGER_CYCLES=100 ... 2.411 ms / 1817 TFLOPS  (216 regs, 1.7s)
[27/75] -DK_LOOP_UNROLL=2 -DN_STAGES=5 -DSTAGGER_CYCLES=100 -DTMA_RESIDUAL=1 ... 1.524 ms / 2874 TFLOPS  (212 regs, 1.7s)
[28/75] -DK_LOOP_UNROLL=2 -DN_STAGES=5 -DSTAGGER_CYCLES=100 -DTMA_RESIDUAL=1 -DW0_RES_PREFETCH=1 ... 1.527 ms / 2868 TFLOPS  (214 regs, 1.7s)
[29/75] -DK_LOOP_UNROLL=2 -DN_STAGES=5 -DSTAGGER_CYCLES=100 -DTMA_RESIDUAL=2 ... 1.536 ms / 2851 TFLOPS  (213 regs, 1.7s)
[30/75] -DK_LOOP_UNROLL=2 -DN_STAGES=5 -DSTAGGER_CYCLES=100 -DTMA_RESIDUAL=2 -DW0_RES_PREFETCH=1 ... 1.528 ms / 2867 TFLOPS  (214 regs, 1.7s)
[31/75] -DN_STAGES=3 -DSTAGGER_CYCLES=100 ... 1.980 ms / 2212 TFLOPS  (238 regs, 1.7s)
[32/75] -DN_STAGES=3 -DSTAGGER_CYCLES=100 -DTMA_RESIDUAL=1 ... 1.968 ms / 2226 TFLOPS  (232 regs, 1.7s)
[33/75] -DN_STAGES=3 -DSTAGGER_CYCLES=100 -DTMA_RESIDUAL=1 -DW0_RES_PREFETCH=1 ... 1.975 ms / 2217 TFLOPS  (234 regs, 1.7s)
[34/75] -DN_STAGES=3 -DSTAGGER_CYCLES=100 -DTMA_RESIDUAL=2 ... 1.981 ms / 2211 TFLOPS  (232 regs, 1.7s)
[35/75] -DN_STAGES=3 -DSTAGGER_CYCLES=100 -DTMA_RESIDUAL=2 -DW0_RES_PREFETCH=1 ... 1.975 ms / 2218 TFLOPS  (234 regs, 1.7s)
[36/75] -DSTAGGER_CYCLES=100 ... 1.660 ms / 2638 TFLOPS  (255 regs, 1.6s)
[37/75] -DSTAGGER_CYCLES=100 -DTMA_RESIDUAL=1 ... 1.641 ms / 2669 TFLOPS  (250 regs, 1.7s)
[38/75] -DSTAGGER_CYCLES=100 -DTMA_RESIDUAL=1 -DW0_RES_PREFETCH=1 ... 1.642 ms / 2667 TFLOPS  (251 regs, 1.7s)
[39/75] -DSTAGGER_CYCLES=100 -DTMA_RESIDUAL=2 ... 1.648 ms / 2658 TFLOPS  (250 regs, 1.7s)
[40/75] -DSTAGGER_CYCLES=100 -DTMA_RESIDUAL=2 -DW0_RES_PREFETCH=1 ... 1.643 ms / 2665 TFLOPS  (251 regs, 1.7s)
[41/75] -DN_STAGES=5 -DSTAGGER_CYCLES=100 ... 1.518 ms / 2886 TFLOPS  (255 regs, 1.7s)
[42/75] -DN_STAGES=5 -DSTAGGER_CYCLES=100 -DTMA_RESIDUAL=1 ... 1.499 ms / 2923 TFLOPS  (255 regs, 1.7s)
[43/75] -DN_STAGES=5 -DSTAGGER_CYCLES=100 -DTMA_RESIDUAL=1 -DW0_RES_PREFETCH=1 ... 1.500 ms / 2919 TFLOPS  (254 regs, 1.7s)
[44/75] -DN_STAGES=5 -DSTAGGER_CYCLES=100 -DTMA_RESIDUAL=2 ... 1.508 ms / 2904 TFLOPS  (255 regs, 1.7s)
[45/75] -DN_STAGES=5 -DSTAGGER_CYCLES=100 -DTMA_RESIDUAL=2 -DW0_RES_PREFETCH=1 ... 1.502 ms / 2916 TFLOPS  (254 regs, 1.7s)
[46/75] -DK_LOOP_UNROLL=6 -DN_STAGES=3 -DSTAGGER_CYCLES=100 ... 1.977 ms / 2215 TFLOPS  (240 regs, 1.6s)
[47/75] -DK_LOOP_UNROLL=6 -DN_STAGES=3 -DSTAGGER_CYCLES=100 -DTMA_RESIDUAL=1 ... 1.965 ms / 2229 TFLOPS  (232 regs, 1.7s)
[48/75] -DK_LOOP_UNROLL=6 -DN_STAGES=3 -DSTAGGER_CYCLES=100 -DTMA_RESIDUAL=1 -DW0_RES_PREFETCH=1 ... 1.969 ms / 2224 TFLOPS  (234 regs, 1.7s)
[49/75] -DK_LOOP_UNROLL=6 -DN_STAGES=3 -DSTAGGER_CYCLES=100 -DTMA_RESIDUAL=2 ... 1.977 ms / 2216 TFLOPS  (234 regs, 1.7s)
[50/75] -DK_LOOP_UNROLL=6 -DN_STAGES=3 -DSTAGGER_CYCLES=100 -DTMA_RESIDUAL=2 -DW0_RES_PREFETCH=1 ... 1.970 ms / 2223 TFLOPS  (234 regs, 1.7s)
[51/75] -DK_LOOP_UNROLL=6 -DSTAGGER_CYCLES=100 ... 2.033 ms / 2155 TFLOPS  (212 regs, 1.7s)
[52/75] -DK_LOOP_UNROLL=6 -DSTAGGER_CYCLES=100 -DTMA_RESIDUAL=1 ... 1.648 ms / 2657 TFLOPS  (207 regs, 1.7s)
[53/75] -DK_LOOP_UNROLL=6 -DSTAGGER_CYCLES=100 -DTMA_RESIDUAL=1 -DW0_RES_PREFETCH=1 ... 1.651 ms / 2653 TFLOPS  (209 regs, 1.7s)
[54/75] -DK_LOOP_UNROLL=6 -DSTAGGER_CYCLES=100 -DTMA_RESIDUAL=2 ... 1.655 ms / 2647 TFLOPS  (208 regs, 1.7s)
[55/75] -DK_LOOP_UNROLL=6 -DSTAGGER_CYCLES=100 -DTMA_RESIDUAL=2 -DW0_RES_PREFETCH=1 ... 1.654 ms / 2649 TFLOPS  (209 regs, 1.7s)
[56/75] -DK_LOOP_UNROLL=6 -DN_STAGES=5 -DSTAGGER_CYCLES=100 ... 2.400 ms / 1825 TFLOPS  (216 regs, 1.7s)
[57/75] -DK_LOOP_UNROLL=6 -DN_STAGES=5 -DSTAGGER_CYCLES=100 -DTMA_RESIDUAL=1 ... 1.516 ms / 2889 TFLOPS  (212 regs, 1.7s)
[58/75] -DK_LOOP_UNROLL=6 -DN_STAGES=5 -DSTAGGER_CYCLES=100 -DTMA_RESIDUAL=1 -DW0_RES_PREFETCH=1 ... 1.518 ms / 2885 TFLOPS  (214 regs, 1.7s)
[59/75] -DK_LOOP_UNROLL=6 -DN_STAGES=5 -DSTAGGER_CYCLES=100 -DTMA_RESIDUAL=2 ... 1.529 ms / 2865 TFLOPS  (213 regs, 1.7s)
[60/75] -DK_LOOP_UNROLL=6 -DN_STAGES=5 -DSTAGGER_CYCLES=100 -DTMA_RESIDUAL=2 -DW0_RES_PREFETCH=1 ... 1.517 ms / 2887 TFLOPS  (214 regs, 1.7s)
[61/75] -DK_LOOP_UNROLL=8 -DN_STAGES=3 -DSTAGGER_CYCLES=100 ... 2.054 ms / 2133 TFLOPS  (206 regs, 1.7s)
[62/75] -DK_LOOP_UNROLL=8 -DN_STAGES=3 -DSTAGGER_CYCLES=100 -DTMA_RESIDUAL=1 ... 1.987 ms / 2204 TFLOPS  (202 regs, 1.8s)
[63/75] -DK_LOOP_UNROLL=8 -DN_STAGES=3 -DSTAGGER_CYCLES=100 -DTMA_RESIDUAL=1 -DW0_RES_PREFETCH=1 ... 1.988 ms / 2204 TFLOPS  (204 regs, 1.8s)
[64/75] -DK_LOOP_UNROLL=8 -DN_STAGES=3 -DSTAGGER_CYCLES=100 -DTMA_RESIDUAL=2 ... 1.991 ms / 2199 TFLOPS  (201 regs, 1.7s)
[65/75] -DK_LOOP_UNROLL=8 -DN_STAGES=3 -DSTAGGER_CYCLES=100 -DTMA_RESIDUAL=2 -DW0_RES_PREFETCH=1 ... 1.989 ms / 2202 TFLOPS  (204 regs, 1.8s)
[66/75] -DK_LOOP_UNROLL=8 -DSTAGGER_CYCLES=100 ... 1.655 ms / 2647 TFLOPS  (254 regs, 1.7s)
[67/75] -DK_LOOP_UNROLL=8 -DSTAGGER_CYCLES=100 -DTMA_RESIDUAL=1 ... 1.637 ms / 2676 TFLOPS  (251 regs, 1.7s)
[68/75] -DK_LOOP_UNROLL=8 -DSTAGGER_CYCLES=100 -DTMA_RESIDUAL=1 -DW0_RES_PREFETCH=1 ... 1.639 ms / 2672 TFLOPS  (254 regs, 1.7s)
[69/75] -DK_LOOP_UNROLL=8 -DSTAGGER_CYCLES=100 -DTMA_RESIDUAL=2 ... 1.644 ms / 2664 TFLOPS  (252 regs, 1.7s)
[70/75] -DK_LOOP_UNROLL=8 -DSTAGGER_CYCLES=100 -DTMA_RESIDUAL=2 -DW0_RES_PREFETCH=1 ... 1.640 ms / 2671 TFLOPS  (254 regs, 1.7s)
[71/75] -DK_LOOP_UNROLL=8 -DN_STAGES=5 -DSTAGGER_CYCLES=100 ... 2.399 ms / 1826 TFLOPS  (216 regs, 1.7s)
[72/75] -DK_LOOP_UNROLL=8 -DN_STAGES=5 -DSTAGGER_CYCLES=100 -DTMA_RESIDUAL=1 ... 1.512 ms / 2897 TFLOPS  (212 regs, 1.7s)
[73/75] -DK_LOOP_UNROLL=8 -DN_STAGES=5 -DSTAGGER_CYCLES=100 -DTMA_RESIDUAL=1 -DW0_RES_PREFETCH=1 ... 1.525 ms / 2873 TFLOPS  (214 regs, 1.7s)
[74/75] -DK_LOOP_UNROLL=8 -DN_STAGES=5 -DSTAGGER_CYCLES=100 -DTMA_RESIDUAL=2 ... 1.532 ms / 2860 TFLOPS  (213 regs, 1.7s)
[75/75] -DK_LOOP_UNROLL=8 -DN_STAGES=5 -DSTAGGER_CYCLES=100 -DTMA_RESIDUAL=2 -DW0_RES_PREFETCH=1 ... 1.524 ms / 2873 TFLOPS  (214 regs, 1.7s)
  η²: N_STAGES=0.342, K_LOOP_UNROLL=0.150, TMA_RESIDUAL=0.280, W0_RES_PREFETCH=0.047
  top-lock: N_STAGES=5(top20,33%)

Tier 1 winner (top-3): -DN_STAGES=5 -DSTAGGER_CYCLES=100 -DTMA_RESIDUAL=1 → 1.499 ms / 2923 TFLOPS
  #2: -DN_STAGES=5 -DSTAGGER_CYCLES=100 -DTMA_RESIDUAL=1 -DW0_RES_PREFETCH=1 → 1.500 ms / 2919 TFLOPS
  #3: -DN_STAGES=5 -DSTAGGER_CYCLES=100 -DTMA_RESIDUAL=2 -DW0_RES_PREFETCH=1 → 1.502 ms / 2916 TFLOPS

=== Tier 2: INTERLEAVE_STRATEGY, PHASE1_UNROLL ===
  Branch 1/3: -DN_STAGES=5 -DSTAGGER_CYCLES=100 -DTMA_RESIDUAL=1
Sweep: 12 total, 12 valid, 0 pruned
Estimated time: ~1 min (12 configs × ~5s each)

[1/12] -DINTERLEAVE_STRATEGY=0 -DN_STAGES=5 -DPHASE1_UNROLL=1 -DSTAGGER_CYCLES=100 -DTMA_RESIDUAL=1 ... 1.497 ms / 2927 TFLOPS  (224 regs, 1.7s)
[2/12] -DINTERLEAVE_STRATEGY=0 -DN_STAGES=5 -DSTAGGER_CYCLES=100 -DTMA_RESIDUAL=1 ... 1.495 ms / 2930 TFLOPS  (255 regs, 1.7s)
[3/12] -DINTERLEAVE_STRATEGY=0 -DN_STAGES=5 -DPHASE1_UNROLL=4 -DSTAGGER_CYCLES=100 -DTMA_RESIDUAL=1 ... 1.494 ms / 2931 TFLOPS  (249 regs, 1.7s)
[4/12] -DINTERLEAVE_STRATEGY=1 -DN_STAGES=5 -DPHASE1_UNROLL=1 -DSTAGGER_CYCLES=100 -DTMA_RESIDUAL=1 ... 1.477 ms / 2966 TFLOPS  (226 regs, 1.7s)
[5/12] -DINTERLEAVE_STRATEGY=1 -DN_STAGES=5 -DSTAGGER_CYCLES=100 -DTMA_RESIDUAL=1 ... 1.475 ms / 2970 TFLOPS  (255 regs, 1.7s)
[6/12] -DINTERLEAVE_STRATEGY=1 -DN_STAGES=5 -DPHASE1_UNROLL=4 -DSTAGGER_CYCLES=100 -DTMA_RESIDUAL=1 ... 1.474 ms / 2971 TFLOPS  (243 regs, 1.7s)
[7/12] -DN_STAGES=5 -DPHASE1_UNROLL=1 -DSTAGGER_CYCLES=100 -DTMA_RESIDUAL=1 ... 1.497 ms / 2926 TFLOPS  (226 regs, 1.7s)
[8/12] -DN_STAGES=5 -DSTAGGER_CYCLES=100 -DTMA_RESIDUAL=1 ... 1.496 ms / 2928 TFLOPS  (255 regs, 1.7s)
[9/12] -DN_STAGES=5 -DPHASE1_UNROLL=4 -DSTAGGER_CYCLES=100 -DTMA_RESIDUAL=1 ... 1.496 ms / 2929 TFLOPS  (249 regs, 1.8s)
[10/12] -DINTERLEAVE_STRATEGY=3 -DN_STAGES=5 -DPHASE1_UNROLL=1 -DSTAGGER_CYCLES=100 -DTMA_RESIDUAL=1 ... 1.498 ms / 2924 TFLOPS  (226 regs, 1.7s)
[11/12] -DINTERLEAVE_STRATEGY=3 -DN_STAGES=5 -DSTAGGER_CYCLES=100 -DTMA_RESIDUAL=1 ... 1.494 ms / 2932 TFLOPS  (255 regs, 1.7s)
[12/12] -DINTERLEAVE_STRATEGY=3 -DN_STAGES=5 -DPHASE1_UNROLL=4 -DSTAGGER_CYCLES=100 -DTMA_RESIDUAL=1 ... 1.494 ms / 2933 TFLOPS  (249 regs, 1.7s)
  Branch 2/3: -DN_STAGES=5 -DSTAGGER_CYCLES=100 -DTMA_RESIDUAL=1 -DW0_RES_PREFETCH=1
Sweep: 12 total, 12 valid, 0 pruned
Estimated time: ~1 min (12 configs × ~5s each)

[1/12] -DINTERLEAVE_STRATEGY=0 -DN_STAGES=5 -DPHASE1_UNROLL=1 -DSTAGGER_CYCLES=100 -DTMA_RESIDUAL=1 -DW0_RES_PREFETCH=1 ... 1.503 ms / 2914 TFLOPS  (226 regs, 1.6s)
[2/12] -DINTERLEAVE_STRATEGY=0 -DN_STAGES=5 -DSTAGGER_CYCLES=100 -DTMA_RESIDUAL=1 -DW0_RES_PREFETCH=1 ... 1.503 ms / 2915 TFLOPS  (255 regs, 1.7s)
[3/12] -DINTERLEAVE_STRATEGY=0 -DN_STAGES=5 -DPHASE1_UNROLL=4 -DSTAGGER_CYCLES=100 -DTMA_RESIDUAL=1 -DW0_RES_PREFETCH=1 ... 1.510 ms / 2900 TFLOPS  (248 regs, 1.7s)
[4/12] -DINTERLEAVE_STRATEGY=1 -DN_STAGES=5 -DPHASE1_UNROLL=1 -DSTAGGER_CYCLES=100 -DTMA_RESIDUAL=1 -DW0_RES_PREFETCH=1 ... 1.481 ms / 2957 TFLOPS  (230 regs, 1.7s)
[5/12] -DINTERLEAVE_STRATEGY=1 -DN_STAGES=5 -DSTAGGER_CYCLES=100 -DTMA_RESIDUAL=1 -DW0_RES_PREFETCH=1 ... 1.477 ms / 2966 TFLOPS  (255 regs, 1.7s)
[6/12] -DINTERLEAVE_STRATEGY=1 -DN_STAGES=5 -DPHASE1_UNROLL=4 -DSTAGGER_CYCLES=100 -DTMA_RESIDUAL=1 -DW0_RES_PREFETCH=1 ... 1.477 ms / 2965 TFLOPS  (243 regs, 1.7s)
[7/12] -DN_STAGES=5 -DPHASE1_UNROLL=1 -DSTAGGER_CYCLES=100 -DTMA_RESIDUAL=1 -DW0_RES_PREFETCH=1 ... 1.502 ms / 2917 TFLOPS  (228 regs, 1.7s)
[8/12] -DN_STAGES=5 -DSTAGGER_CYCLES=100 -DTMA_RESIDUAL=1 -DW0_RES_PREFETCH=1 ... 1.503 ms / 2915 TFLOPS  (254 regs, 1.7s)
[9/12] -DN_STAGES=5 -DPHASE1_UNROLL=4 -DSTAGGER_CYCLES=100 -DTMA_RESIDUAL=1 -DW0_RES_PREFETCH=1 ... 1.507 ms / 2906 TFLOPS  (249 regs, 1.8s)
[10/12] -DINTERLEAVE_STRATEGY=3 -DN_STAGES=5 -DPHASE1_UNROLL=1 -DSTAGGER_CYCLES=100 -DTMA_RESIDUAL=1 -DW0_RES_PREFETCH=1 ... 1.502 ms / 2917 TFLOPS  (228 regs, 1.7s)
[11/12] -DINTERLEAVE_STRATEGY=3 -DN_STAGES=5 -DSTAGGER_CYCLES=100 -DTMA_RESIDUAL=1 -DW0_RES_PREFETCH=1 ... 1.503 ms / 2915 TFLOPS  (254 regs, 1.7s)
[12/12] -DINTERLEAVE_STRATEGY=3 -DN_STAGES=5 -DPHASE1_UNROLL=4 -DSTAGGER_CYCLES=100 -DTMA_RESIDUAL=1 -DW0_RES_PREFETCH=1 ... 1.507 ms / 2907 TFLOPS  (249 regs, 1.8s)
  Branch 3/3: -DN_STAGES=5 -DSTAGGER_CYCLES=100 -DTMA_RESIDUAL=2 -DW0_RES_PREFETCH=1
Sweep: 12 total, 12 valid, 0 pruned
Estimated time: ~1 min (12 configs × ~5s each)

[1/12] -DINTERLEAVE_STRATEGY=0 -DN_STAGES=5 -DPHASE1_UNROLL=1 -DSTAGGER_CYCLES=100 -DTMA_RESIDUAL=2 -DW0_RES_PREFETCH=1 ... 1.505 ms / 2909 TFLOPS  (226 regs, 1.7s)
[2/12] -DINTERLEAVE_STRATEGY=0 -DN_STAGES=5 -DSTAGGER_CYCLES=100 -DTMA_RESIDUAL=2 -DW0_RES_PREFETCH=1 ... 1.502 ms / 2917 TFLOPS  (255 regs, 1.7s)
[3/12] -DINTERLEAVE_STRATEGY=0 -DN_STAGES=5 -DPHASE1_UNROLL=4 -DSTAGGER_CYCLES=100 -DTMA_RESIDUAL=2 -DW0_RES_PREFETCH=1 ... 1.511 ms / 2899 TFLOPS  (248 regs, 1.8s)
[4/12] -DINTERLEAVE_STRATEGY=1 -DN_STAGES=5 -DPHASE1_UNROLL=1 -DSTAGGER_CYCLES=100 -DTMA_RESIDUAL=2 -DW0_RES_PREFETCH=1 ... 1.482 ms / 2955 TFLOPS  (230 regs, 1.7s)
[5/12] -DINTERLEAVE_STRATEGY=1 -DN_STAGES=5 -DSTAGGER_CYCLES=100 -DTMA_RESIDUAL=2 -DW0_RES_PREFETCH=1 ... 1.478 ms / 2964 TFLOPS  (255 regs, 1.7s)
[6/12] -DINTERLEAVE_STRATEGY=1 -DN_STAGES=5 -DPHASE1_UNROLL=4 -DSTAGGER_CYCLES=100 -DTMA_RESIDUAL=2 -DW0_RES_PREFETCH=1 ... 1.479 ms / 2961 TFLOPS  (243 regs, 1.8s)
[7/12] -DN_STAGES=5 -DPHASE1_UNROLL=1 -DSTAGGER_CYCLES=100 -DTMA_RESIDUAL=2 -DW0_RES_PREFETCH=1 ... 1.501 ms / 2919 TFLOPS  (228 regs, 1.7s)
[8/12] -DN_STAGES=5 -DSTAGGER_CYCLES=100 -DTMA_RESIDUAL=2 -DW0_RES_PREFETCH=1 ... 1.503 ms / 2914 TFLOPS  (254 regs, 1.7s)
[9/12] -DN_STAGES=5 -DPHASE1_UNROLL=4 -DSTAGGER_CYCLES=100 -DTMA_RESIDUAL=2 -DW0_RES_PREFETCH=1 ... 1.507 ms / 2907 TFLOPS  (249 regs, 1.7s)
[10/12] -DINTERLEAVE_STRATEGY=3 -DN_STAGES=5 -DPHASE1_UNROLL=1 -DSTAGGER_CYCLES=100 -DTMA_RESIDUAL=2 -DW0_RES_PREFETCH=1 ... 1.501 ms / 2919 TFLOPS  (228 regs, 1.7s)
[11/12] -DINTERLEAVE_STRATEGY=3 -DN_STAGES=5 -DSTAGGER_CYCLES=100 -DTMA_RESIDUAL=2 -DW0_RES_PREFETCH=1 ... 1.502 ms / 2917 TFLOPS  (254 regs, 1.7s)
[12/12] -DINTERLEAVE_STRATEGY=3 -DN_STAGES=5 -DPHASE1_UNROLL=4 -DSTAGGER_CYCLES=100 -DTMA_RESIDUAL=2 -DW0_RES_PREFETCH=1 ... 1.508 ms / 2905 TFLOPS  (249 regs, 1.7s)
  η²: INTERLEAVE_STRATEGY=0.847, PHASE1_UNROLL=0.010
  top-lock: TMA_RESIDUAL=1(top5,67%), INTERLEAVE_STRATEGY=1(top5,25%)

Tier 2 winner (top-3): -DINTERLEAVE_STRATEGY=1 -DN_STAGES=5 -DPHASE1_UNROLL=4 -DSTAGGER_CYCLES=100 -DTMA_RESIDUAL=1 → 1.474 ms / 2971 TFLOPS
  #2: -DINTERLEAVE_STRATEGY=1 -DN_STAGES=5 -DSTAGGER_CYCLES=100 -DTMA_RESIDUAL=1 → 1.475 ms / 2970 TFLOPS
  #3: -DINTERLEAVE_STRATEGY=1 -DN_STAGES=5 -DPHASE1_UNROLL=1 -DSTAGGER_CYCLES=100 -DTMA_RESIDUAL=1 → 1.477 ms / 2966 TFLOPS

=== Tier 3: BATCH_EPILOGUE, STORE_TIMING, STS_WIDTH, PRELOAD_MODE ===
  Branch 1/3: -DINTERLEAVE_STRATEGY=1 -DN_STAGES=5 -DPHASE1_UNROLL=4 -DSTAGGER_CYCLES=100 -DTMA_RESIDUAL=1
Sweep: 24 total, 18 valid, 6 pruned
Estimated time: ~2 min (18 configs × ~5s each)

[1/18] -DINTERLEAVE_STRATEGY=1 -DN_STAGES=5 -DPHASE1_UNROLL=4 -DPRELOAD_MODE=0 -DSTAGGER_CYCLES=100 -DTMA_RESIDUAL=1 ... 1.475 ms / 2970 TFLOPS  (243 regs, 1.7s)
[2/18] -DN_STAGES=5 -DPHASE1_UNROLL=4 -DPRELOAD_MODE=0 -DSTAGGER_CYCLES=100 -DSTORE_TIMING=1 -DTMA_RESIDUAL=1 ... 1.496 ms / 2927 TFLOPS  (249 regs, 1.7s)
[3/18] -DINTERLEAVE_STRATEGY=1 -DN_STAGES=5 -DPHASE1_UNROLL=4 -DSTAGGER_CYCLES=100 -DTMA_RESIDUAL=1 ... 1.472 ms / 2976 TFLOPS  (243 regs, 1.7s)
[4/18] -DN_STAGES=5 -DPHASE1_UNROLL=4 -DSTAGGER_CYCLES=100 -DSTORE_TIMING=1 -DTMA_RESIDUAL=1 ... 1.493 ms / 2933 TFLOPS  (249 regs, 1.8s)
[5/18] -DINTERLEAVE_STRATEGY=1 -DN_STAGES=5 -DPHASE1_UNROLL=4 -DPRELOAD_MODE=2 -DSTAGGER_CYCLES=100 -DTMA_RESIDUAL=1 ... 1.474 ms / 2971 TFLOPS  (243 regs, 1.7s)
[6/18] -DN_STAGES=5 -DPHASE1_UNROLL=4 -DPRELOAD_MODE=2 -DSTAGGER_CYCLES=100 -DSTORE_TIMING=1 -DTMA_RESIDUAL=1 ... 1.493 ms / 2933 TFLOPS  (249 regs, 1.8s)
[7/18] -DBATCH_EPILOGUE=1 -DINTERLEAVE_STRATEGY=1 -DN_STAGES=5 -DPHASE1_UNROLL=4 -DPRELOAD_MODE=0 -DSTAGGER_CYCLES=100 -DTMA_RESIDUAL=1 ... 1.473 ms / 2973 TFLOPS  (243 regs, 1.8s)
[8/18] -DBATCH_EPILOGUE=1 -DINTERLEAVE_STRATEGY=1 -DN_STAGES=5 -DPHASE1_UNROLL=4 -DPRELOAD_MODE=0 -DSTAGGER_CYCLES=100 -DSTS_WIDTH=32 -DTMA_RESIDUAL=1 ... 1.474 ms / 2972 TFLOPS  (243 regs, 1.8s)
[9/18] -DBATCH_EPILOGUE=1 -DN_STAGES=5 -DPHASE1_UNROLL=4 -DPRELOAD_MODE=0 -DSTAGGER_CYCLES=100 -DSTORE_TIMING=1 -DTMA_RESIDUAL=1 ... 1.494 ms / 2932 TFLOPS  (249 regs, 1.8s)
[10/18] -DBATCH_EPILOGUE=1 -DN_STAGES=5 -DPHASE1_UNROLL=4 -DPRELOAD_MODE=0 -DSTAGGER_CYCLES=100 -DSTORE_TIMING=1 -DSTS_WIDTH=32 -DTMA_RESIDUAL=1 ... 1.497 ms / 2927 TFLOPS  (249 regs, 1.8s)
[11/18] -DBATCH_EPILOGUE=1 -DINTERLEAVE_STRATEGY=1 -DN_STAGES=5 -DPHASE1_UNROLL=4 -DSTAGGER_CYCLES=100 -DTMA_RESIDUAL=1 ... 1.473 ms / 2974 TFLOPS  (243 regs, 1.8s)
[12/18] -DBATCH_EPILOGUE=1 -DINTERLEAVE_STRATEGY=1 -DN_STAGES=5 -DPHASE1_UNROLL=4 -DSTAGGER_CYCLES=100 -DSTS_WIDTH=32 -DTMA_RESIDUAL=1 ... 1.472 ms / 2976 TFLOPS  (243 regs, 1.8s)
[13/18] -DBATCH_EPILOGUE=1 -DN_STAGES=5 -DPHASE1_UNROLL=4 -DSTAGGER_CYCLES=100 -DSTORE_TIMING=1 -DTMA_RESIDUAL=1 ... 1.495 ms / 2930 TFLOPS  (249 regs, 1.8s)
[14/18] -DBATCH_EPILOGUE=1 -DN_STAGES=5 -DPHASE1_UNROLL=4 -DSTAGGER_CYCLES=100 -DSTORE_TIMING=1 -DSTS_WIDTH=32 -DTMA_RESIDUAL=1 ... 1.493 ms / 2934 TFLOPS  (249 regs, 1.8s)
[15/18] -DBATCH_EPILOGUE=1 -DINTERLEAVE_STRATEGY=1 -DN_STAGES=5 -DPHASE1_UNROLL=4 -DPRELOAD_MODE=2 -DSTAGGER_CYCLES=100 -DTMA_RESIDUAL=1 ... 1.476 ms / 2967 TFLOPS  (243 regs, 1.8s)
[16/18] -DBATCH_EPILOGUE=1 -DINTERLEAVE_STRATEGY=1 -DN_STAGES=5 -DPHASE1_UNROLL=4 -DPRELOAD_MODE=2 -DSTAGGER_CYCLES=100 -DSTS_WIDTH=32 -DTMA_RESIDUAL=1 ... 1.473 ms / 2974 TFLOPS  (243 regs, 1.8s)
[17/18] -DBATCH_EPILOGUE=1 -DN_STAGES=5 -DPHASE1_UNROLL=4 -DPRELOAD_MODE=2 -DSTAGGER_CYCLES=100 -DSTORE_TIMING=1 -DTMA_RESIDUAL=1 ... 1.493 ms / 2934 TFLOPS  (249 regs, 1.8s)
[18/18] -DBATCH_EPILOGUE=1 -DN_STAGES=5 -DPHASE1_UNROLL=4 -DPRELOAD_MODE=2 -DSTAGGER_CYCLES=100 -DSTORE_TIMING=1 -DSTS_WIDTH=32 -DTMA_RESIDUAL=1 ... 1.494 ms / 2931 TFLOPS  (249 regs, 1.8s)
  Branch 2/3: -DINTERLEAVE_STRATEGY=1 -DN_STAGES=5 -DSTAGGER_CYCLES=100 -DTMA_RESIDUAL=1
Sweep: 24 total, 18 valid, 6 pruned
Estimated time: ~2 min (18 configs × ~5s each)

[1/18] -DINTERLEAVE_STRATEGY=1 -DN_STAGES=5 -DPRELOAD_MODE=0 -DSTAGGER_CYCLES=100 -DTMA_RESIDUAL=1 ... 1.477 ms / 2965 TFLOPS  (255 regs, 1.7s)
[2/18] -DN_STAGES=5 -DPRELOAD_MODE=0 -DSTAGGER_CYCLES=100 -DSTORE_TIMING=1 -DTMA_RESIDUAL=1 ... 1.495 ms / 2930 TFLOPS  (255 regs, 1.7s)
[3/18] -DINTERLEAVE_STRATEGY=1 -DN_STAGES=5 -DSTAGGER_CYCLES=100 -DTMA_RESIDUAL=1 ... 1.473 ms / 2973 TFLOPS  (255 regs, 1.7s)
[4/18] -DN_STAGES=5 -DSTAGGER_CYCLES=100 -DSTORE_TIMING=1 -DTMA_RESIDUAL=1 ... 1.496 ms / 2928 TFLOPS  (255 regs, 1.7s)
[5/18] -DINTERLEAVE_STRATEGY=1 -DN_STAGES=5 -DPRELOAD_MODE=2 -DSTAGGER_CYCLES=100 -DTMA_RESIDUAL=1 ... 1.473 ms / 2973 TFLOPS  (255 regs, 1.7s)
[6/18] -DN_STAGES=5 -DPRELOAD_MODE=2 -DSTAGGER_CYCLES=100 -DSTORE_TIMING=1 -DTMA_RESIDUAL=1 ... 1.496 ms / 2929 TFLOPS  (255 regs, 1.7s)
[7/18] -DBATCH_EPILOGUE=1 -DINTERLEAVE_STRATEGY=1 -DN_STAGES=5 -DPRELOAD_MODE=0 -DSTAGGER_CYCLES=100 -DTMA_RESIDUAL=1 ... 1.473 ms / 2973 TFLOPS  (255 regs, 1.7s)
[8/18] -DBATCH_EPILOGUE=1 -DINTERLEAVE_STRATEGY=1 -DN_STAGES=5 -DPRELOAD_MODE=0 -DSTAGGER_CYCLES=100 -DSTS_WIDTH=32 -DTMA_RESIDUAL=1 ... 1.473 ms / 2973 TFLOPS  (255 regs, 1.7s)
[9/18] -DBATCH_EPILOGUE=1 -DN_STAGES=5 -DPRELOAD_MODE=0 -DSTAGGER_CYCLES=100 -DSTORE_TIMING=1 -DTMA_RESIDUAL=1 ... 1.495 ms / 2930 TFLOPS  (255 regs, 1.7s)
[10/18] -DBATCH_EPILOGUE=1 -DN_STAGES=5 -DPRELOAD_MODE=0 -DSTAGGER_CYCLES=100 -DSTORE_TIMING=1 -DSTS_WIDTH=32 -DTMA_RESIDUAL=1 ... 1.494 ms / 2933 TFLOPS  (255 regs, 1.7s)
[11/18] -DBATCH_EPILOGUE=1 -DINTERLEAVE_STRATEGY=1 -DN_STAGES=5 -DSTAGGER_CYCLES=100 -DTMA_RESIDUAL=1 ... 1.472 ms / 2976 TFLOPS  (255 regs, 1.7s)
[12/18] -DBATCH_EPILOGUE=1 -DINTERLEAVE_STRATEGY=1 -DN_STAGES=5 -DSTAGGER_CYCLES=100 -DSTS_WIDTH=32 -DTMA_RESIDUAL=1 ... 1.473 ms / 2973 TFLOPS  (255 regs, 1.7s)
[13/18] -DBATCH_EPILOGUE=1 -DN_STAGES=5 -DSTAGGER_CYCLES=100 -DSTORE_TIMING=1 -DTMA_RESIDUAL=1 ... 1.493 ms / 2933 TFLOPS  (255 regs, 1.7s)
[14/18] -DBATCH_EPILOGUE=1 -DN_STAGES=5 -DSTAGGER_CYCLES=100 -DSTORE_TIMING=1 -DSTS_WIDTH=32 -DTMA_RESIDUAL=1 ... 1.494 ms / 2931 TFLOPS  (255 regs, 1.7s)
[15/18] -DBATCH_EPILOGUE=1 -DINTERLEAVE_STRATEGY=1 -DN_STAGES=5 -DPRELOAD_MODE=2 -DSTAGGER_CYCLES=100 -DTMA_RESIDUAL=1 ... 1.473 ms / 2973 TFLOPS  (255 regs, 1.7s)
[16/18] -DBATCH_EPILOGUE=1 -DINTERLEAVE_STRATEGY=1 -DN_STAGES=5 -DPRELOAD_MODE=2 -DSTAGGER_CYCLES=100 -DSTS_WIDTH=32 -DTMA_RESIDUAL=1 ... 1.474 ms / 2971 TFLOPS  (255 regs, 1.8s)
[17/18] -DBATCH_EPILOGUE=1 -DN_STAGES=5 -DPRELOAD_MODE=2 -DSTAGGER_CYCLES=100 -DSTORE_TIMING=1 -DTMA_RESIDUAL=1 ... 1.494 ms / 2933 TFLOPS  (255 regs, 1.7s)
[18/18] -DBATCH_EPILOGUE=1 -DN_STAGES=5 -DPRELOAD_MODE=2 -DSTAGGER_CYCLES=100 -DSTORE_TIMING=1 -DSTS_WIDTH=32 -DTMA_RESIDUAL=1 ... 1.494 ms / 2932 TFLOPS  (255 regs, 1.8s)
  Branch 3/3: -DINTERLEAVE_STRATEGY=1 -DN_STAGES=5 -DPHASE1_UNROLL=1 -DSTAGGER_CYCLES=100 -DTMA_RESIDUAL=1
Sweep: 24 total, 18 valid, 6 pruned
Estimated time: ~2 min (18 configs × ~5s each)

[1/18] -DINTERLEAVE_STRATEGY=1 -DN_STAGES=5 -DPHASE1_UNROLL=1 -DPRELOAD_MODE=0 -DSTAGGER_CYCLES=100 -DTMA_RESIDUAL=1 ... 1.478 ms / 2963 TFLOPS  (226 regs, 1.7s)
[2/18] -DN_STAGES=5 -DPHASE1_UNROLL=1 -DPRELOAD_MODE=0 -DSTAGGER_CYCLES=100 -DSTORE_TIMING=1 -DTMA_RESIDUAL=1 ... 1.498 ms / 2925 TFLOPS  (224 regs, 1.7s)
[3/18] -DINTERLEAVE_STRATEGY=1 -DN_STAGES=5 -DPHASE1_UNROLL=1 -DSTAGGER_CYCLES=100 -DTMA_RESIDUAL=1 ... 1.479 ms / 2962 TFLOPS  (226 regs, 1.7s)
[4/18] -DN_STAGES=5 -DPHASE1_UNROLL=1 -DSTAGGER_CYCLES=100 -DSTORE_TIMING=1 -DTMA_RESIDUAL=1 ... 1.498 ms / 2924 TFLOPS  (224 regs, 1.7s)
[5/18] -DINTERLEAVE_STRATEGY=1 -DN_STAGES=5 -DPHASE1_UNROLL=1 -DPRELOAD_MODE=2 -DSTAGGER_CYCLES=100 -DTMA_RESIDUAL=1 ... 1.478 ms / 2964 TFLOPS  (226 regs, 1.7s)
[6/18] -DN_STAGES=5 -DPHASE1_UNROLL=1 -DPRELOAD_MODE=2 -DSTAGGER_CYCLES=100 -DSTORE_TIMING=1 -DTMA_RESIDUAL=1 ... 1.499 ms / 2922 TFLOPS  (224 regs, 1.7s)
[7/18] -DBATCH_EPILOGUE=1 -DINTERLEAVE_STRATEGY=1 -DN_STAGES=5 -DPHASE1_UNROLL=1 -DPRELOAD_MODE=0 -DSTAGGER_CYCLES=100 -DTMA_RESIDUAL=1 ... 1.478 ms / 2963 TFLOPS  (226 regs, 1.7s)
[8/18] -DBATCH_EPILOGUE=1 -DINTERLEAVE_STRATEGY=1 -DN_STAGES=5 -DPHASE1_UNROLL=1 -DPRELOAD_MODE=0 -DSTAGGER_CYCLES=100 -DSTS_WIDTH=32 -DTMA_RESIDUAL=1 ... 1.478 ms / 2964 TFLOPS  (226 regs, 1.7s)
[9/18] -DBATCH_EPILOGUE=1 -DN_STAGES=5 -DPHASE1_UNROLL=1 -DPRELOAD_MODE=0 -DSTAGGER_CYCLES=100 -DSTORE_TIMING=1 -DTMA_RESIDUAL=1 ... 1.497 ms / 2925 TFLOPS  (224 regs, 1.7s)
[10/18] -DBATCH_EPILOGUE=1 -DN_STAGES=5 -DPHASE1_UNROLL=1 -DPRELOAD_MODE=0 -DSTAGGER_CYCLES=100 -DSTORE_TIMING=1 -DSTS_WIDTH=32 -DTMA_RESIDUAL=1 ... 1.500 ms / 2920 TFLOPS  (224 regs, 1.7s)
[11/18] -DBATCH_EPILOGUE=1 -DINTERLEAVE_STRATEGY=1 -DN_STAGES=5 -DPHASE1_UNROLL=1 -DSTAGGER_CYCLES=100 -DTMA_RESIDUAL=1 ... 1.481 ms / 2957 TFLOPS  (226 regs, 1.7s)
[12/18] -DBATCH_EPILOGUE=1 -DINTERLEAVE_STRATEGY=1 -DN_STAGES=5 -DPHASE1_UNROLL=1 -DSTAGGER_CYCLES=100 -DSTS_WIDTH=32 -DTMA_RESIDUAL=1 ... 1.476 ms / 2967 TFLOPS  (226 regs, 1.7s)
[13/18] -DBATCH_EPILOGUE=1 -DN_STAGES=5 -DPHASE1_UNROLL=1 -DSTAGGER_CYCLES=100 -DSTORE_TIMING=1 -DTMA_RESIDUAL=1 ... 1.501 ms / 2919 TFLOPS  (224 regs, 1.7s)
[14/18] -DBATCH_EPILOGUE=1 -DN_STAGES=5 -DPHASE1_UNROLL=1 -DSTAGGER_CYCLES=100 -DSTORE_TIMING=1 -DSTS_WIDTH=32 -DTMA_RESIDUAL=1 ... 1.499 ms / 2922 TFLOPS  (224 regs, 1.7s)
[15/18] -DBATCH_EPILOGUE=1 -DINTERLEAVE_STRATEGY=1 -DN_STAGES=5 -DPHASE1_UNROLL=1 -DPRELOAD_MODE=2 -DSTAGGER_CYCLES=100 -DTMA_RESIDUAL=1 ... 1.477 ms / 2966 TFLOPS  (226 regs, 1.7s)
[16/18] -DBATCH_EPILOGUE=1 -DINTERLEAVE_STRATEGY=1 -DN_STAGES=5 -DPHASE1_UNROLL=1 -DPRELOAD_MODE=2 -DSTAGGER_CYCLES=100 -DSTS_WIDTH=32 -DTMA_RESIDUAL=1 ... 1.478 ms / 2964 TFLOPS  (226 regs, 1.7s)
[17/18] -DBATCH_EPILOGUE=1 -DN_STAGES=5 -DPHASE1_UNROLL=1 -DPRELOAD_MODE=2 -DSTAGGER_CYCLES=100 -DSTORE_TIMING=1 -DTMA_RESIDUAL=1 ... 1.497 ms / 2925 TFLOPS  (224 regs, 1.7s)
[18/18] -DBATCH_EPILOGUE=1 -DN_STAGES=5 -DPHASE1_UNROLL=1 -DPRELOAD_MODE=2 -DSTAGGER_CYCLES=100 -DSTORE_TIMING=1 -DSTS_WIDTH=32 -DTMA_RESIDUAL=1 ... 1.498 ms / 2925 TFLOPS  (224 regs, 1.7s)
  η²: BATCH_EPILOGUE=0.000, STORE_TIMING=0.948, STS_WIDTH=0.000, PRELOAD_MODE=0.001
  top-lock: STORE_TIMING=0(top20,50%)

Tier 3 winner (top-3): -DINTERLEAVE_STRATEGY=1 -DN_STAGES=5 -DPHASE1_UNROLL=4 -DSTAGGER_CYCLES=100 -DTMA_RESIDUAL=1 → 1.472 ms / 2976 TFLOPS
  #2: -DBATCH_EPILOGUE=1 -DINTERLEAVE_STRATEGY=1 -DN_STAGES=5 -DPHASE1_UNROLL=4 -DSTAGGER_CYCLES=100 -DSTS_WIDTH=32 -DTMA_RESIDUAL=1 → 1.472 ms / 2976 TFLOPS
  #3: -DBATCH_EPILOGUE=1 -DINTERLEAVE_STRATEGY=1 -DN_STAGES=5 -DSTAGGER_CYCLES=100 -DTMA_RESIDUAL=1 → 1.472 ms / 2976 TFLOPS

=== Tier 4: EPILOGUE_LOOP, EPI_SYNC, NUM_PASSES_PARAM ===
  Branch 1/3: -DINTERLEAVE_STRATEGY=1 -DN_STAGES=5 -DPHASE1_UNROLL=4 -DSTAGGER_CYCLES=100 -DTMA_RESIDUAL=1
Sweep: 8 total, 2 valid, 6 pruned
Estimated time: ~0 min (2 configs × ~5s each)

[1/2] -DINTERLEAVE_STRATEGY=1 -DN_STAGES=5 -DPHASE1_UNROLL=4 -DSTAGGER_CYCLES=100 -DTMA_RESIDUAL=1 ... 1.474 ms / 2972 TFLOPS  (243 regs, 1.8s)
[2/2] -DINTERLEAVE_STRATEGY=1 -DNUM_PASSES_PARAM=4 -DN_STAGES=5 -DPHASE1_UNROLL=4 -DSTAGGER_CYCLES=100 -DTMA_RESIDUAL=1 ... 1.510 ms / 2900 TFLOPS  (250 regs, 1.6s)
  Branch 2/3: -DBATCH_EPILOGUE=1 -DINTERLEAVE_STRATEGY=1 -DN_STAGES=5 -DPHASE1_UNROLL=4 -DSTAGGER_CYCLES=100 -DSTS_WIDTH=32 -DTMA_RESIDUAL=1
Sweep: 8 total, 2 valid, 6 pruned
Estimated time: ~0 min (2 configs × ~5s each)

[1/2] -DBATCH_EPILOGUE=1 -DINTERLEAVE_STRATEGY=1 -DN_STAGES=5 -DPHASE1_UNROLL=4 -DSTAGGER_CYCLES=100 -DSTS_WIDTH=32 -DTMA_RESIDUAL=1 ... 1.473 ms / 2973 TFLOPS  (243 regs, 1.7s)
[2/2] -DBATCH_EPILOGUE=1 -DINTERLEAVE_STRATEGY=1 -DNUM_PASSES_PARAM=4 -DN_STAGES=5 -DPHASE1_UNROLL=4 -DSTAGGER_CYCLES=100 -DSTS_WIDTH=32 -DTMA_RESIDUAL=1 ... 1.508 ms / 2905 TFLOPS  (250 regs, 1.7s)
  Branch 3/3: -DBATCH_EPILOGUE=1 -DINTERLEAVE_STRATEGY=1 -DN_STAGES=5 -DSTAGGER_CYCLES=100 -DTMA_RESIDUAL=1
Sweep: 8 total, 2 valid, 6 pruned
Estimated time: ~0 min (2 configs × ~5s each)

[1/2] -DBATCH_EPILOGUE=1 -DINTERLEAVE_STRATEGY=1 -DN_STAGES=5 -DSTAGGER_CYCLES=100 -DTMA_RESIDUAL=1 ... 1.473 ms / 2973 TFLOPS  (255 regs, 1.7s)
[2/2] -DBATCH_EPILOGUE=1 -DINTERLEAVE_STRATEGY=1 -DNUM_PASSES_PARAM=4 -DN_STAGES=5 -DSTAGGER_CYCLES=100 -DTMA_RESIDUAL=1 ... 1.506 ms / 2909 TFLOPS  (255 regs, 1.8s)
  η²: NUM_PASSES_PARAM=0.995

Tier 4 winner (top-2): -DBATCH_EPILOGUE=1 -DINTERLEAVE_STRATEGY=1 -DN_STAGES=5 -DPHASE1_UNROLL=4 -DSTAGGER_CYCLES=100 -DSTS_WIDTH=32 -DTMA_RESIDUAL=1 → 1.473 ms / 2973 TFLOPS
  #2: -DBATCH_EPILOGUE=1 -DINTERLEAVE_STRATEGY=1 -DNUM_PASSES_PARAM=4 -DN_STAGES=5 -DSTAGGER_CYCLES=100 -DTMA_RESIDUAL=1 → 1.506 ms / 2909 TFLOPS

=== Interaction: epilogue (BATCH_EPILOGUE, INTERLEAVE_STRATEGY, PRELOAD_MODE) ===
  Branch 1/2: -DBATCH_EPILOGUE=1 -DINTERLEAVE_STRATEGY=1 -DN_STAGES=5 -DPHASE1_UNROLL=4 -DSTAGGER_CYCLES=100 -DSTS_WIDTH=32 -DTMA_RESIDUAL=1
Sweep: 24 total, 12 valid, 12 pruned
Estimated time: ~1 min (12 configs × ~5s each)

[1/12] -DBATCH_EPILOGUE=1 -DINTERLEAVE_STRATEGY=0 -DN_STAGES=5 -DPHASE1_UNROLL=4 -DPRELOAD_MODE=0 -DSTAGGER_CYCLES=100 -DSTS_WIDTH=32 -DTMA_RESIDUAL=1 ... 1.493 ms / 2934 TFLOPS  (249 regs, 1.8s)
[2/12] -DBATCH_EPILOGUE=1 -DINTERLEAVE_STRATEGY=0 -DN_STAGES=5 -DPHASE1_UNROLL=4 -DSTAGGER_CYCLES=100 -DSTS_WIDTH=32 -DTMA_RESIDUAL=1 ... 1.493 ms / 2934 TFLOPS  (249 regs, 1.8s)
[3/12] -DBATCH_EPILOGUE=1 -DINTERLEAVE_STRATEGY=0 -DN_STAGES=5 -DPHASE1_UNROLL=4 -DPRELOAD_MODE=2 -DSTAGGER_CYCLES=100 -DSTS_WIDTH=32 -DTMA_RESIDUAL=1 ... 1.495 ms / 2931 TFLOPS  (249 regs, 1.8s)
[4/12] -DBATCH_EPILOGUE=1 -DINTERLEAVE_STRATEGY=1 -DN_STAGES=5 -DPHASE1_UNROLL=4 -DPRELOAD_MODE=0 -DSTAGGER_CYCLES=100 -DSTS_WIDTH=32 -DTMA_RESIDUAL=1 ... 1.475 ms / 2970 TFLOPS  (243 regs, 1.8s)
[5/12] -DBATCH_EPILOGUE=1 -DINTERLEAVE_STRATEGY=1 -DN_STAGES=5 -DPHASE1_UNROLL=4 -DSTAGGER_CYCLES=100 -DSTS_WIDTH=32 -DTMA_RESIDUAL=1 ... 1.477 ms / 2966 TFLOPS  (243 regs, 1.8s)
[6/12] -DBATCH_EPILOGUE=1 -DINTERLEAVE_STRATEGY=1 -DN_STAGES=5 -DPHASE1_UNROLL=4 -DPRELOAD_MODE=2 -DSTAGGER_CYCLES=100 -DSTS_WIDTH=32 -DTMA_RESIDUAL=1 ... 1.473 ms / 2974 TFLOPS  (243 regs, 1.8s)
[7/12] -DBATCH_EPILOGUE=1 -DN_STAGES=5 -DPHASE1_UNROLL=4 -DPRELOAD_MODE=0 -DSTAGGER_CYCLES=100 -DSTS_WIDTH=32 -DTMA_RESIDUAL=1 ... 1.495 ms / 2929 TFLOPS  (249 regs, 1.8s)
[8/12] -DBATCH_EPILOGUE=1 -DN_STAGES=5 -DPHASE1_UNROLL=4 -DSTAGGER_CYCLES=100 -DSTS_WIDTH=32 -DTMA_RESIDUAL=1 ... 1.494 ms / 2932 TFLOPS  (249 regs, 1.7s)
[9/12] -DBATCH_EPILOGUE=1 -DN_STAGES=5 -DPHASE1_UNROLL=4 -DPRELOAD_MODE=2 -DSTAGGER_CYCLES=100 -DSTS_WIDTH=32 -DTMA_RESIDUAL=1 ... 1.494 ms / 2931 TFLOPS  (249 regs, 1.8s)
[10/12] -DBATCH_EPILOGUE=1 -DINTERLEAVE_STRATEGY=3 -DN_STAGES=5 -DPHASE1_UNROLL=4 -DPRELOAD_MODE=0 -DSTAGGER_CYCLES=100 -DSTS_WIDTH=32 -DTMA_RESIDUAL=1 ... 1.496 ms / 2927 TFLOPS  (249 regs, 1.8s)
[11/12] -DBATCH_EPILOGUE=1 -DINTERLEAVE_STRATEGY=3 -DN_STAGES=5 -DPHASE1_UNROLL=4 -DSTAGGER_CYCLES=100 -DSTS_WIDTH=32 -DTMA_RESIDUAL=1 ... 1.494 ms / 2932 TFLOPS  (249 regs, 1.8s)
[12/12] -DBATCH_EPILOGUE=1 -DINTERLEAVE_STRATEGY=3 -DN_STAGES=5 -DPHASE1_UNROLL=4 -DPRELOAD_MODE=2 -DSTAGGER_CYCLES=100 -DSTS_WIDTH=32 -DTMA_RESIDUAL=1 ... 1.494 ms / 2932 TFLOPS  (249 regs, 1.7s)
  Branch 2/2: -DBATCH_EPILOGUE=1 -DINTERLEAVE_STRATEGY=1 -DNUM_PASSES_PARAM=4 -DN_STAGES=5 -DSTAGGER_CYCLES=100 -DTMA_RESIDUAL=1
Sweep: 24 total, 24 valid, 0 pruned
Estimated time: ~2 min (24 configs × ~5s each)

[1/24] -DINTERLEAVE_STRATEGY=0 -DNUM_PASSES_PARAM=4 -DN_STAGES=5 -DPRELOAD_MODE=0 -DSTAGGER_CYCLES=100 -DTMA_RESIDUAL=1 ... 1.507 ms / 2907 TFLOPS  (255 regs, 1.8s)
[2/24] -DINTERLEAVE_STRATEGY=0 -DNUM_PASSES_PARAM=4 -DN_STAGES=5 -DSTAGGER_CYCLES=100 -DTMA_RESIDUAL=1 ... 1.508 ms / 2905 TFLOPS  (255 regs, 1.8s)
[3/24] -DINTERLEAVE_STRATEGY=0 -DNUM_PASSES_PARAM=4 -DN_STAGES=5 -DPRELOAD_MODE=2 -DSTAGGER_CYCLES=100 -DTMA_RESIDUAL=1 ... 1.508 ms / 2904 TFLOPS  (255 regs, 1.7s)
[4/24] -DINTERLEAVE_STRATEGY=1 -DNUM_PASSES_PARAM=4 -DN_STAGES=5 -DPRELOAD_MODE=0 -DSTAGGER_CYCLES=100 -DTMA_RESIDUAL=1 ... 1.507 ms / 2907 TFLOPS  (255 regs, 1.8s)
[5/24] -DINTERLEAVE_STRATEGY=1 -DNUM_PASSES_PARAM=4 -DN_STAGES=5 -DSTAGGER_CYCLES=100 -DTMA_RESIDUAL=1 ... 1.508 ms / 2905 TFLOPS  (255 regs, 1.7s)
[6/24] -DINTERLEAVE_STRATEGY=1 -DNUM_PASSES_PARAM=4 -DN_STAGES=5 -DPRELOAD_MODE=2 -DSTAGGER_CYCLES=100 -DTMA_RESIDUAL=1 ... 1.509 ms / 2902 TFLOPS  (255 regs, 1.8s)
[7/24] -DNUM_PASSES_PARAM=4 -DN_STAGES=5 -DPRELOAD_MODE=0 -DSTAGGER_CYCLES=100 -DTMA_RESIDUAL=1 ... 1.509 ms / 2903 TFLOPS  (255 regs, 1.8s)
[8/24] -DNUM_PASSES_PARAM=4 -DN_STAGES=5 -DSTAGGER_CYCLES=100 -DTMA_RESIDUAL=1 ... 1.508 ms / 2905 TFLOPS  (255 regs, 1.8s)
[9/24] -DNUM_PASSES_PARAM=4 -DN_STAGES=5 -DPRELOAD_MODE=2 -DSTAGGER_CYCLES=100 -DTMA_RESIDUAL=1 ... 1.509 ms / 2902 TFLOPS  (255 regs, 1.8s)
[10/24] -DINTERLEAVE_STRATEGY=3 -DNUM_PASSES_PARAM=4 -DN_STAGES=5 -DPRELOAD_MODE=0 -DSTAGGER_CYCLES=100 -DTMA_RESIDUAL=1 ... 1.507 ms / 2906 TFLOPS  (255 regs, 1.8s)
[11/24] -DINTERLEAVE_STRATEGY=3 -DNUM_PASSES_PARAM=4 -DN_STAGES=5 -DSTAGGER_CYCLES=100 -DTMA_RESIDUAL=1 ... 1.507 ms / 2906 TFLOPS  (255 regs, 1.8s)
[12/24] -DINTERLEAVE_STRATEGY=3 -DNUM_PASSES_PARAM=4 -DN_STAGES=5 -DPRELOAD_MODE=2 -DSTAGGER_CYCLES=100 -DTMA_RESIDUAL=1 ... 1.508 ms / 2905 TFLOPS  (255 regs, 1.7s)
[13/24] -DBATCH_EPILOGUE=1 -DINTERLEAVE_STRATEGY=0 -DNUM_PASSES_PARAM=4 -DN_STAGES=5 -DPRELOAD_MODE=0 -DSTAGGER_CYCLES=100 -DTMA_RESIDUAL=1 ... 1.510 ms / 2901 TFLOPS  (255 regs, 1.8s)
[14/24] -DBATCH_EPILOGUE=1 -DINTERLEAVE_STRATEGY=0 -DNUM_PASSES_PARAM=4 -DN_STAGES=5 -DSTAGGER_CYCLES=100 -DTMA_RESIDUAL=1 ... 1.510 ms / 2900 TFLOPS  (255 regs, 1.8s)
[15/24] -DBATCH_EPILOGUE=1 -DINTERLEAVE_STRATEGY=0 -DNUM_PASSES_PARAM=4 -DN_STAGES=5 -DPRELOAD_MODE=2 -DSTAGGER_CYCLES=100 -DTMA_RESIDUAL=1 ... 1.508 ms / 2904 TFLOPS  (255 regs, 1.8s)
[16/24] -DBATCH_EPILOGUE=1 -DINTERLEAVE_STRATEGY=1 -DNUM_PASSES_PARAM=4 -DN_STAGES=5 -DPRELOAD_MODE=0 -DSTAGGER_CYCLES=100 -DTMA_RESIDUAL=1 ... 1.508 ms / 2904 TFLOPS  (255 regs, 1.8s)
[17/24] -DBATCH_EPILOGUE=1 -DINTERLEAVE_STRATEGY=1 -DNUM_PASSES_PARAM=4 -DN_STAGES=5 -DSTAGGER_CYCLES=100 -DTMA_RESIDUAL=1 ... 1.508 ms / 2905 TFLOPS  (255 regs, 1.8s)
[18/24] -DBATCH_EPILOGUE=1 -DINTERLEAVE_STRATEGY=1 -DNUM_PASSES_PARAM=4 -DN_STAGES=5 -DPRELOAD_MODE=2 -DSTAGGER_CYCLES=100 -DTMA_RESIDUAL=1 ... 1.508 ms / 2904 TFLOPS  (255 regs, 1.8s)
[19/24] -DBATCH_EPILOGUE=1 -DNUM_PASSES_PARAM=4 -DN_STAGES=5 -DPRELOAD_MODE=0 -DSTAGGER_CYCLES=100 -DTMA_RESIDUAL=1 ... 1.508 ms / 2904 TFLOPS  (255 regs, 1.8s)
[20/24] -DBATCH_EPILOGUE=1 -DNUM_PASSES_PARAM=4 -DN_STAGES=5 -DSTAGGER_CYCLES=100 -DTMA_RESIDUAL=1 ... 1.508 ms / 2905 TFLOPS  (255 regs, 1.8s)
[21/24] -DBATCH_EPILOGUE=1 -DNUM_PASSES_PARAM=4 -DN_STAGES=5 -DPRELOAD_MODE=2 -DSTAGGER_CYCLES=100 -DTMA_RESIDUAL=1 ... 1.509 ms / 2902 TFLOPS  (255 regs, 1.8s)
[22/24] -DBATCH_EPILOGUE=1 -DINTERLEAVE_STRATEGY=3 -DNUM_PASSES_PARAM=4 -DN_STAGES=5 -DPRELOAD_MODE=0 -DSTAGGER_CYCLES=100 -DTMA_RESIDUAL=1 ... 1.510 ms / 2901 TFLOPS  (255 regs, 1.8s)
[23/24] -DBATCH_EPILOGUE=1 -DINTERLEAVE_STRATEGY=3 -DNUM_PASSES_PARAM=4 -DN_STAGES=5 -DSTAGGER_CYCLES=100 -DTMA_RESIDUAL=1 ... 1.509 ms / 2903 TFLOPS  (255 regs, 1.8s)
[24/24] -DBATCH_EPILOGUE=1 -DINTERLEAVE_STRATEGY=3 -DNUM_PASSES_PARAM=4 -DN_STAGES=5 -DPRELOAD_MODE=2 -DSTAGGER_CYCLES=100 -DTMA_RESIDUAL=1 ... 1.509 ms / 2902 TFLOPS  (255 regs, 1.7s)
  η²: BATCH_EPILOGUE=0.167, INTERLEAVE_STRATEGY=0.081, PRELOAD_MODE=0.000
  Best: -DBATCH_EPILOGUE=1 -DINTERLEAVE_STRATEGY=1 -DN_STAGES=5 -DPHASE1_UNROLL=4 -DPRELOAD_MODE=2 -DSTAGGER_CYCLES=100 -DSTS_WIDTH=32 -DTMA_RESIDUAL=1 → 1.473 ms / 2974 TFLOPS

=== Interaction: residual (TMA_RESIDUAL, PRELOAD_MODE, INTERLEAVE_STRATEGY) ===
  Branch 1/2: -DBATCH_EPILOGUE=1 -DINTERLEAVE_STRATEGY=1 -DN_STAGES=5 -DPHASE1_UNROLL=4 -DSTAGGER_CYCLES=100 -DSTS_WIDTH=32 -DTMA_RESIDUAL=1
Sweep: 36 total, 36 valid, 0 pruned
Estimated time: ~3 min (36 configs × ~5s each)

[1/36] -DBATCH_EPILOGUE=1 -DINTERLEAVE_STRATEGY=0 -DN_STAGES=5 -DPHASE1_UNROLL=4 -DPRELOAD_MODE=0 -DSTAGGER_CYCLES=100 -DSTS_WIDTH=32 ... 1.547 ms / 2831 TFLOPS  (255 regs, 1.7s)
[2/36] -DBATCH_EPILOGUE=1 -DINTERLEAVE_STRATEGY=0 -DN_STAGES=5 -DPHASE1_UNROLL=4 -DPRELOAD_MODE=0 -DSTAGGER_CYCLES=100 -DSTS_WIDTH=32 -DTMA_RESIDUAL=1 ... 1.493 ms / 2933 TFLOPS  (249 regs, 1.8s)
[3/36] -DBATCH_EPILOGUE=1 -DINTERLEAVE_STRATEGY=0 -DN_STAGES=5 -DPHASE1_UNROLL=4 -DPRELOAD_MODE=0 -DSTAGGER_CYCLES=100 -DSTS_WIDTH=32 -DTMA_RESIDUAL=2 ... 1.515 ms / 2890 TFLOPS  (248 regs, 1.8s)
[4/36] -DBATCH_EPILOGUE=1 -DINTERLEAVE_STRATEGY=0 -DN_STAGES=5 -DPHASE1_UNROLL=4 -DSTAGGER_CYCLES=100 -DSTS_WIDTH=32 ... 1.547 ms / 2832 TFLOPS  (255 regs, 1.7s)
[5/36] -DBATCH_EPILOGUE=1 -DINTERLEAVE_STRATEGY=0 -DN_STAGES=5 -DPHASE1_UNROLL=4 -DSTAGGER_CYCLES=100 -DSTS_WIDTH=32 -DTMA_RESIDUAL=1 ... 1.493 ms / 2934 TFLOPS  (249 regs, 1.8s)
[6/36] -DBATCH_EPILOGUE=1 -DINTERLEAVE_STRATEGY=0 -DN_STAGES=5 -DPHASE1_UNROLL=4 -DSTAGGER_CYCLES=100 -DSTS_WIDTH=32 -DTMA_RESIDUAL=2 ... 1.515 ms / 2891 TFLOPS  (248 regs, 1.8s)
[7/36] -DBATCH_EPILOGUE=1 -DINTERLEAVE_STRATEGY=0 -DN_STAGES=5 -DPHASE1_UNROLL=4 -DPRELOAD_MODE=2 -DSTAGGER_CYCLES=100 -DSTS_WIDTH=32 ... 1.528 ms / 2867 TFLOPS  (255 regs, 1.7s)
[8/36] -DBATCH_EPILOGUE=1 -DINTERLEAVE_STRATEGY=0 -DN_STAGES=5 -DPHASE1_UNROLL=4 -DPRELOAD_MODE=2 -DSTAGGER_CYCLES=100 -DSTS_WIDTH=32 -DTMA_RESIDUAL=1 ... 1.493 ms / 2933 TFLOPS  (249 regs, 1.8s)
[9/36] -DBATCH_EPILOGUE=1 -DINTERLEAVE_STRATEGY=0 -DN_STAGES=5 -DPHASE1_UNROLL=4 -DPRELOAD_MODE=2 -DSTAGGER_CYCLES=100 -DSTS_WIDTH=32 -DTMA_RESIDUAL=2 ... 1.515 ms / 2892 TFLOPS  (248 regs, 1.8s)
[10/36] -DBATCH_EPILOGUE=1 -DINTERLEAVE_STRATEGY=1 -DN_STAGES=5 -DPHASE1_UNROLL=4 -DPRELOAD_MODE=0 -DSTAGGER_CYCLES=100 -DSTS_WIDTH=32 ... 1.526 ms / 2871 TFLOPS  (255 regs, 1.7s)
[11/36] -DBATCH_EPILOGUE=1 -DINTERLEAVE_STRATEGY=1 -DN_STAGES=5 -DPHASE1_UNROLL=4 -DPRELOAD_MODE=0 -DSTAGGER_CYCLES=100 -DSTS_WIDTH=32 -DTMA_RESIDUAL=1 ... 1.473 ms / 2974 TFLOPS  (243 regs, 1.8s)
[12/36] -DBATCH_EPILOGUE=1 -DINTERLEAVE_STRATEGY=1 -DN_STAGES=5 -DPHASE1_UNROLL=4 -DPRELOAD_MODE=0 -DSTAGGER_CYCLES=100 -DSTS_WIDTH=32 -DTMA_RESIDUAL=2 ... 1.483 ms / 2954 TFLOPS  (244 regs, 1.8s)
[13/36] -DBATCH_EPILOGUE=1 -DINTERLEAVE_STRATEGY=1 -DN_STAGES=5 -DPHASE1_UNROLL=4 -DSTAGGER_CYCLES=100 -DSTS_WIDTH=32 ... 1.540 ms / 2844 TFLOPS  (255 regs, 1.7s)
[14/36] -DBATCH_EPILOGUE=1 -DINTERLEAVE_STRATEGY=1 -DN_STAGES=5 -DPHASE1_UNROLL=4 -DSTAGGER_CYCLES=100 -DSTS_WIDTH=32 -DTMA_RESIDUAL=1 ... 1.473 ms / 2973 TFLOPS  (243 regs, 1.8s)
[15/36] -DBATCH_EPILOGUE=1 -DINTERLEAVE_STRATEGY=1 -DN_STAGES=5 -DPHASE1_UNROLL=4 -DSTAGGER_CYCLES=100 -DSTS_WIDTH=32 -DTMA_RESIDUAL=2 ... 1.485 ms / 2950 TFLOPS  (244 regs, 1.8s)
[16/36] -DBATCH_EPILOGUE=1 -DINTERLEAVE_STRATEGY=1 -DN_STAGES=5 -DPHASE1_UNROLL=4 -DPRELOAD_MODE=2 -DSTAGGER_CYCLES=100 -DSTS_WIDTH=32 ... 1.526 ms / 2870 TFLOPS  (255 regs, 1.7s)
[17/36] -DBATCH_EPILOGUE=1 -DINTERLEAVE_STRATEGY=1 -DN_STAGES=5 -DPHASE1_UNROLL=4 -DPRELOAD_MODE=2 -DSTAGGER_CYCLES=100 -DSTS_WIDTH=32 -DTMA_RESIDUAL=1 ... 1.472 ms / 2975 TFLOPS  (243 regs, 1.8s)
[18/36] -DBATCH_EPILOGUE=1 -DINTERLEAVE_STRATEGY=1 -DN_STAGES=5 -DPHASE1_UNROLL=4 -DPRELOAD_MODE=2 -DSTAGGER_CYCLES=100 -DSTS_WIDTH=32 -DTMA_RESIDUAL=2 ... 1.482 ms / 2955 TFLOPS  (244 regs, 1.7s)
[19/36] -DBATCH_EPILOGUE=1 -DN_STAGES=5 -DPHASE1_UNROLL=4 -DPRELOAD_MODE=0 -DSTAGGER_CYCLES=100 -DSTS_WIDTH=32 ... 1.535 ms / 2854 TFLOPS  (255 regs, 1.7s)
[20/36] -DBATCH_EPILOGUE=1 -DN_STAGES=5 -DPHASE1_UNROLL=4 -DPRELOAD_MODE=0 -DSTAGGER_CYCLES=100 -DSTS_WIDTH=32 -DTMA_RESIDUAL=1 ... 1.494 ms / 2932 TFLOPS  (249 regs, 1.8s)
[21/36] -DBATCH_EPILOGUE=1 -DN_STAGES=5 -DPHASE1_UNROLL=4 -DPRELOAD_MODE=0 -DSTAGGER_CYCLES=100 -DSTS_WIDTH=32 -DTMA_RESIDUAL=2 ... 1.516 ms / 2890 TFLOPS  (248 regs, 1.8s)
[22/36] -DBATCH_EPILOGUE=1 -DN_STAGES=5 -DPHASE1_UNROLL=4 -DSTAGGER_CYCLES=100 -DSTS_WIDTH=32 ... 1.539 ms / 2847 TFLOPS  (255 regs, 1.7s)
[23/36] -DBATCH_EPILOGUE=1 -DN_STAGES=5 -DPHASE1_UNROLL=4 -DSTAGGER_CYCLES=100 -DSTS_WIDTH=32 -DTMA_RESIDUAL=1 ... 1.492 ms / 2935 TFLOPS  (249 regs, 1.7s)
[24/36] -DBATCH_EPILOGUE=1 -DN_STAGES=5 -DPHASE1_UNROLL=4 -DSTAGGER_CYCLES=100 -DSTS_WIDTH=32 -DTMA_RESIDUAL=2 ... 1.516 ms / 2890 TFLOPS  (248 regs, 1.8s)
[25/36] -DBATCH_EPILOGUE=1 -DN_STAGES=5 -DPHASE1_UNROLL=4 -DPRELOAD_MODE=2 -DSTAGGER_CYCLES=100 -DSTS_WIDTH=32 ... 1.513 ms / 2894 TFLOPS  (255 regs, 1.7s)
[26/36] -DBATCH_EPILOGUE=1 -DN_STAGES=5 -DPHASE1_UNROLL=4 -DPRELOAD_MODE=2 -DSTAGGER_CYCLES=100 -DSTS_WIDTH=32 -DTMA_RESIDUAL=1 ... 1.492 ms / 2936 TFLOPS  (249 regs, 1.8s)
[27/36] -DBATCH_EPILOGUE=1 -DN_STAGES=5 -DPHASE1_UNROLL=4 -DPRELOAD_MODE=2 -DSTAGGER_CYCLES=100 -DSTS_WIDTH=32 -DTMA_RESIDUAL=2 ... 1.515 ms / 2891 TFLOPS  (248 regs, 1.8s)
[28/36] -DBATCH_EPILOGUE=1 -DINTERLEAVE_STRATEGY=3 -DN_STAGES=5 -DPHASE1_UNROLL=4 -DPRELOAD_MODE=0 -DSTAGGER_CYCLES=100 -DSTS_WIDTH=32 ... 1.538 ms / 2849 TFLOPS  (255 regs, 1.8s)
[29/36] -DBATCH_EPILOGUE=1 -DINTERLEAVE_STRATEGY=3 -DN_STAGES=5 -DPHASE1_UNROLL=4 -DPRELOAD_MODE=0 -DSTAGGER_CYCLES=100 -DSTS_WIDTH=32 -DTMA_RESIDUAL=1 ... 1.493 ms / 2934 TFLOPS  (249 regs, 1.8s)
[30/36] -DBATCH_EPILOGUE=1 -DINTERLEAVE_STRATEGY=3 -DN_STAGES=5 -DPHASE1_UNROLL=4 -DPRELOAD_MODE=0 -DSTAGGER_CYCLES=100 -DSTS_WIDTH=32 -DTMA_RESIDUAL=2 ... 1.517 ms / 2888 TFLOPS  (248 regs, 1.8s)
[31/36] -DBATCH_EPILOGUE=1 -DINTERLEAVE_STRATEGY=3 -DN_STAGES=5 -DPHASE1_UNROLL=4 -DSTAGGER_CYCLES=100 -DSTS_WIDTH=32 ... 1.542 ms / 2840 TFLOPS  (255 regs, 1.7s)
[32/36] -DBATCH_EPILOGUE=1 -DINTERLEAVE_STRATEGY=3 -DN_STAGES=5 -DPHASE1_UNROLL=4 -DSTAGGER_CYCLES=100 -DSTS_WIDTH=32 -DTMA_RESIDUAL=1 ... 1.493 ms / 2935 TFLOPS  (249 regs, 1.8s)
[33/36] -DBATCH_EPILOGUE=1 -DINTERLEAVE_STRATEGY=3 -DN_STAGES=5 -DPHASE1_UNROLL=4 -DSTAGGER_CYCLES=100 -DSTS_WIDTH=32 -DTMA_RESIDUAL=2 ... 1.515 ms / 2891 TFLOPS  (248 regs, 1.8s)
[34/36] -DBATCH_EPILOGUE=1 -DINTERLEAVE_STRATEGY=3 -DN_STAGES=5 -DPHASE1_UNROLL=4 -DPRELOAD_MODE=2 -DSTAGGER_CYCLES=100 -DSTS_WIDTH=32 ... 1.532 ms / 2858 TFLOPS  (255 regs, 1.7s)
[35/36] -DBATCH_EPILOGUE=1 -DINTERLEAVE_STRATEGY=3 -DN_STAGES=5 -DPHASE1_UNROLL=4 -DPRELOAD_MODE=2 -DSTAGGER_CYCLES=100 -DSTS_WIDTH=32 -DTMA_RESIDUAL=1 ... 1.493 ms / 2934 TFLOPS  (249 regs, 1.8s)
[36/36] -DBATCH_EPILOGUE=1 -DINTERLEAVE_STRATEGY=3 -DN_STAGES=5 -DPHASE1_UNROLL=4 -DPRELOAD_MODE=2 -DSTAGGER_CYCLES=100 -DSTS_WIDTH=32 -DTMA_RESIDUAL=2 ... 1.516 ms / 2888 TFLOPS  (248 regs, 1.8s)
  Branch 2/2: -DBATCH_EPILOGUE=1 -DINTERLEAVE_STRATEGY=1 -DNUM_PASSES_PARAM=4 -DN_STAGES=5 -DSTAGGER_CYCLES=100 -DTMA_RESIDUAL=1
Sweep: 36 total, 24 valid, 12 pruned
Estimated time: ~2 min (24 configs × ~5s each)

[1/24] -DBATCH_EPILOGUE=1 -DINTERLEAVE_STRATEGY=0 -DNUM_PASSES_PARAM=4 -DN_STAGES=5 -DPRELOAD_MODE=0 -DSTAGGER_CYCLES=100 -DTMA_RESIDUAL=1 ... 1.509 ms / 2903 TFLOPS  (255 regs, 1.8s)
[2/24] -DBATCH_EPILOGUE=1 -DINTERLEAVE_STRATEGY=0 -DNUM_PASSES_PARAM=4 -DN_STAGES=5 -DPRELOAD_MODE=0 -DSTAGGER_CYCLES=100 -DTMA_RESIDUAL=2 ... 1.502 ms / 2916 TFLOPS  (255 regs, 1.7s)
[3/24] -DBATCH_EPILOGUE=1 -DINTERLEAVE_STRATEGY=0 -DNUM_PASSES_PARAM=4 -DN_STAGES=5 -DSTAGGER_CYCLES=100 -DTMA_RESIDUAL=1 ... 1.507 ms / 2907 TFLOPS  (255 regs, 1.8s)
[4/24] -DBATCH_EPILOGUE=1 -DINTERLEAVE_STRATEGY=0 -DNUM_PASSES_PARAM=4 -DN_STAGES=5 -DSTAGGER_CYCLES=100 -DTMA_RESIDUAL=2 ... 1.505 ms / 2910 TFLOPS  (255 regs, 1.7s)
[5/24] -DBATCH_EPILOGUE=1 -DINTERLEAVE_STRATEGY=0 -DNUM_PASSES_PARAM=4 -DN_STAGES=5 -DPRELOAD_MODE=2 -DSTAGGER_CYCLES=100 -DTMA_RESIDUAL=1 ... 1.507 ms / 2906 TFLOPS  (255 regs, 1.8s)
[6/24] -DBATCH_EPILOGUE=1 -DINTERLEAVE_STRATEGY=0 -DNUM_PASSES_PARAM=4 -DN_STAGES=5 -DPRELOAD_MODE=2 -DSTAGGER_CYCLES=100 -DTMA_RESIDUAL=2 ... 1.504 ms / 2912 TFLOPS  (255 regs, 1.8s)
[7/24] -DBATCH_EPILOGUE=1 -DINTERLEAVE_STRATEGY=1 -DNUM_PASSES_PARAM=4 -DN_STAGES=5 -DPRELOAD_MODE=0 -DSTAGGER_CYCLES=100 -DTMA_RESIDUAL=1 ... 1.507 ms / 2907 TFLOPS  (255 regs, 1.8s)
[8/24] -DBATCH_EPILOGUE=1 -DINTERLEAVE_STRATEGY=1 -DNUM_PASSES_PARAM=4 -DN_STAGES=5 -DPRELOAD_MODE=0 -DSTAGGER_CYCLES=100 -DTMA_RESIDUAL=2 ... 1.505 ms / 2910 TFLOPS  (255 regs, 1.7s)
[9/24] -DBATCH_EPILOGUE=1 -DINTERLEAVE_STRATEGY=1 -DNUM_PASSES_PARAM=4 -DN_STAGES=5 -DSTAGGER_CYCLES=100 -DTMA_RESIDUAL=1 ... 1.508 ms / 2905 TFLOPS  (255 regs, 1.7s)
[10/24] -DBATCH_EPILOGUE=1 -DINTERLEAVE_STRATEGY=1 -DNUM_PASSES_PARAM=4 -DN_STAGES=5 -DSTAGGER_CYCLES=100 -DTMA_RESIDUAL=2 ... 1.503 ms / 2915 TFLOPS  (255 regs, 1.8s)
[11/24] -DBATCH_EPILOGUE=1 -DINTERLEAVE_STRATEGY=1 -DNUM_PASSES_PARAM=4 -DN_STAGES=5 -DPRELOAD_MODE=2 -DSTAGGER_CYCLES=100 -DTMA_RESIDUAL=1 ... 1.511 ms / 2899 TFLOPS  (255 regs, 1.8s)
[12/24] -DBATCH_EPILOGUE=1 -DINTERLEAVE_STRATEGY=1 -DNUM_PASSES_PARAM=4 -DN_STAGES=5 -DPRELOAD_MODE=2 -DSTAGGER_CYCLES=100 -DTMA_RESIDUAL=2 ... 1.503 ms / 2914 TFLOPS  (255 regs, 1.8s)
[13/24] -DBATCH_EPILOGUE=1 -DNUM_PASSES_PARAM=4 -DN_STAGES=5 -DPRELOAD_MODE=0 -DSTAGGER_CYCLES=100 -DTMA_RESIDUAL=1 ... 1.507 ms / 2906 TFLOPS  (255 regs, 1.8s)
[14/24] -DBATCH_EPILOGUE=1 -DNUM_PASSES_PARAM=4 -DN_STAGES=5 -DPRELOAD_MODE=0 -DSTAGGER_CYCLES=100 -DTMA_RESIDUAL=2 ... 1.504 ms / 2912 TFLOPS  (255 regs, 1.8s)
[15/24] -DBATCH_EPILOGUE=1 -DNUM_PASSES_PARAM=4 -DN_STAGES=5 -DSTAGGER_CYCLES=100 -DTMA_RESIDUAL=1 ... 1.507 ms / 2906 TFLOPS  (255 regs, 1.8s)
[16/24] -DBATCH_EPILOGUE=1 -DNUM_PASSES_PARAM=4 -DN_STAGES=5 -DSTAGGER_CYCLES=100 -DTMA_RESIDUAL=2 ... 1.503 ms / 2914 TFLOPS  (255 regs, 1.8s)
[17/24] -DBATCH_EPILOGUE=1 -DNUM_PASSES_PARAM=4 -DN_STAGES=5 -DPRELOAD_MODE=2 -DSTAGGER_CYCLES=100 -DTMA_RESIDUAL=1 ... 1.506 ms / 2908 TFLOPS  (255 regs, 1.8s)
[18/24] -DBATCH_EPILOGUE=1 -DNUM_PASSES_PARAM=4 -DN_STAGES=5 -DPRELOAD_MODE=2 -DSTAGGER_CYCLES=100 -DTMA_RESIDUAL=2 ... 1.503 ms / 2915 TFLOPS  (255 regs, 1.8s)
[19/24] -DBATCH_EPILOGUE=1 -DINTERLEAVE_STRATEGY=3 -DNUM_PASSES_PARAM=4 -DN_STAGES=5 -DPRELOAD_MODE=0 -DSTAGGER_CYCLES=100 -DTMA_RESIDUAL=1 ... 1.507 ms / 2906 TFLOPS  (255 regs, 1.8s)
[20/24] -DBATCH_EPILOGUE=1 -DINTERLEAVE_STRATEGY=3 -DNUM_PASSES_PARAM=4 -DN_STAGES=5 -DPRELOAD_MODE=0 -DSTAGGER_CYCLES=100 -DTMA_RESIDUAL=2 ... 1.504 ms / 2912 TFLOPS  (255 regs, 1.8s)
[21/24] -DBATCH_EPILOGUE=1 -DINTERLEAVE_STRATEGY=3 -DNUM_PASSES_PARAM=4 -DN_STAGES=5 -DSTAGGER_CYCLES=100 -DTMA_RESIDUAL=1 ... 1.508 ms / 2905 TFLOPS  (255 regs, 1.8s)
[22/24] -DBATCH_EPILOGUE=1 -DINTERLEAVE_STRATEGY=3 -DNUM_PASSES_PARAM=4 -DN_STAGES=5 -DSTAGGER_CYCLES=100 -DTMA_RESIDUAL=2 ... 1.504 ms / 2913 TFLOPS  (255 regs, 1.8s)
[23/24] -DBATCH_EPILOGUE=1 -DINTERLEAVE_STRATEGY=3 -DNUM_PASSES_PARAM=4 -DN_STAGES=5 -DPRELOAD_MODE=2 -DSTAGGER_CYCLES=100 -DTMA_RESIDUAL=1 ... 1.508 ms / 2905 TFLOPS  (255 regs, 1.8s)
[24/24] -DBATCH_EPILOGUE=1 -DINTERLEAVE_STRATEGY=3 -DNUM_PASSES_PARAM=4 -DN_STAGES=5 -DPRELOAD_MODE=2 -DSTAGGER_CYCLES=100 -DTMA_RESIDUAL=2 ... 1.502 ms / 2917 TFLOPS  (255 regs, 1.8s)
  η²: TMA_RESIDUAL=0.617, PRELOAD_MODE=0.008, INTERLEAVE_STRATEGY=0.082
  Best: -DBATCH_EPILOGUE=1 -DINTERLEAVE_STRATEGY=1 -DN_STAGES=5 -DPHASE1_UNROLL=4 -DPRELOAD_MODE=2 -DSTAGGER_CYCLES=100 -DSTS_WIDTH=32 -DTMA_RESIDUAL=1 → 1.472 ms / 2975 TFLOPS

=== Interaction: reg_pressure — skipped (noise params: TMEM_LOAD_WIDTH) ===

=== Interaction: unroll_batch (PHASE1_UNROLL, BATCH_EPILOGUE) ===
  Branch 1/2: -DBATCH_EPILOGUE=1 -DINTERLEAVE_STRATEGY=1 -DN_STAGES=5 -DPHASE1_UNROLL=4 -DSTAGGER_CYCLES=100 -DSTS_WIDTH=32 -DTMA_RESIDUAL=1
Sweep: 6 total, 3 valid, 3 pruned
Estimated time: ~0 min (3 configs × ~5s each)

[1/3] -DBATCH_EPILOGUE=1 -DINTERLEAVE_STRATEGY=1 -DN_STAGES=5 -DPHASE1_UNROLL=1 -DSTAGGER_CYCLES=100 -DSTS_WIDTH=32 -DTMA_RESIDUAL=1 ... 1.478 ms / 2964 TFLOPS  (226 regs, 1.7s)
[2/3] -DBATCH_EPILOGUE=1 -DINTERLEAVE_STRATEGY=1 -DN_STAGES=5 -DSTAGGER_CYCLES=100 -DSTS_WIDTH=32 -DTMA_RESIDUAL=1 ... 1.473 ms / 2974 TFLOPS  (255 regs, 1.8s)
[3/3] -DBATCH_EPILOGUE=1 -DINTERLEAVE_STRATEGY=1 -DN_STAGES=5 -DPHASE1_UNROLL=4 -DSTAGGER_CYCLES=100 -DSTS_WIDTH=32 -DTMA_RESIDUAL=1 ... 1.473 ms / 2973 TFLOPS  (243 regs, 1.8s)
  Branch 2/2: -DBATCH_EPILOGUE=1 -DINTERLEAVE_STRATEGY=1 -DNUM_PASSES_PARAM=4 -DN_STAGES=5 -DSTAGGER_CYCLES=100 -DTMA_RESIDUAL=1
Sweep: 6 total, 6 valid, 0 pruned
Estimated time: ~0 min (6 configs × ~5s each)

[1/6] -DINTERLEAVE_STRATEGY=1 -DNUM_PASSES_PARAM=4 -DN_STAGES=5 -DPHASE1_UNROLL=1 -DSTAGGER_CYCLES=100 -DTMA_RESIDUAL=1 ... 1.521 ms / 2881 TFLOPS  (226 regs, 1.7s)
[2/6] -DINTERLEAVE_STRATEGY=1 -DNUM_PASSES_PARAM=4 -DN_STAGES=5 -DSTAGGER_CYCLES=100 -DTMA_RESIDUAL=1 ... 1.507 ms / 2906 TFLOPS  (255 regs, 1.8s)
[3/6] -DINTERLEAVE_STRATEGY=1 -DNUM_PASSES_PARAM=4 -DN_STAGES=5 -DPHASE1_UNROLL=4 -DSTAGGER_CYCLES=100 -DTMA_RESIDUAL=1 ... 1.512 ms / 2897 TFLOPS  (250 regs, 1.7s)
[4/6] -DBATCH_EPILOGUE=1 -DINTERLEAVE_STRATEGY=1 -DNUM_PASSES_PARAM=4 -DN_STAGES=5 -DPHASE1_UNROLL=1 -DSTAGGER_CYCLES=100 -DTMA_RESIDUAL=1 ... 1.524 ms / 2875 TFLOPS  (226 regs, 1.7s)
[5/6] -DBATCH_EPILOGUE=1 -DINTERLEAVE_STRATEGY=1 -DNUM_PASSES_PARAM=4 -DN_STAGES=5 -DSTAGGER_CYCLES=100 -DTMA_RESIDUAL=1 ... 1.509 ms / 2902 TFLOPS  (255 regs, 1.8s)
[6/6] -DBATCH_EPILOGUE=1 -DINTERLEAVE_STRATEGY=1 -DNUM_PASSES_PARAM=4 -DN_STAGES=5 -DPHASE1_UNROLL=4 -DSTAGGER_CYCLES=100 -DTMA_RESIDUAL=1 ... 1.509 ms / 2903 TFLOPS  (250 regs, 1.7s)
  η²: PHASE1_UNROLL=0.068, BATCH_EPILOGUE=0.218
  Best: -DBATCH_EPILOGUE=1 -DINTERLEAVE_STRATEGY=1 -DN_STAGES=5 -DSTAGGER_CYCLES=100 -DSTS_WIDTH=32 -DTMA_RESIDUAL=1 → 1.473 ms / 2974 TFLOPS

=== Interaction: store_batch (STORE_TIMING, BATCH_EPILOGUE) ===
  Branch 1/2: -DBATCH_EPILOGUE=1 -DINTERLEAVE_STRATEGY=1 -DN_STAGES=5 -DPHASE1_UNROLL=4 -DSTAGGER_CYCLES=100 -DSTS_WIDTH=32 -DTMA_RESIDUAL=1
Sweep: 4 total, 2 valid, 2 pruned
Estimated time: ~0 min (2 configs × ~5s each)

[1/2] -DBATCH_EPILOGUE=1 -DINTERLEAVE_STRATEGY=1 -DN_STAGES=5 -DPHASE1_UNROLL=4 -DSTAGGER_CYCLES=100 -DSTS_WIDTH=32 -DTMA_RESIDUAL=1 ... 1.473 ms / 2974 TFLOPS  (243 regs, 1.7s)
[2/2] -DBATCH_EPILOGUE=1 -DN_STAGES=5 -DPHASE1_UNROLL=4 -DSTAGGER_CYCLES=100 -DSTORE_TIMING=1 -DSTS_WIDTH=32 -DTMA_RESIDUAL=1 ... 1.493 ms / 2934 TFLOPS  (249 regs, 1.8s)
  Branch 2/2: -DBATCH_EPILOGUE=1 -DINTERLEAVE_STRATEGY=1 -DNUM_PASSES_PARAM=4 -DN_STAGES=5 -DSTAGGER_CYCLES=100 -DTMA_RESIDUAL=1
Sweep: 4 total, 4 valid, 0 pruned
Estimated time: ~0 min (4 configs × ~5s each)

[1/4] -DINTERLEAVE_STRATEGY=1 -DNUM_PASSES_PARAM=4 -DN_STAGES=5 -DSTAGGER_CYCLES=100 -DTMA_RESIDUAL=1 ... 1.509 ms / 2902 TFLOPS  (255 regs, 1.8s)
[2/4] -DNUM_PASSES_PARAM=4 -DN_STAGES=5 -DSTAGGER_CYCLES=100 -DSTORE_TIMING=1 -DTMA_RESIDUAL=1 ... 1.507 ms / 2906 TFLOPS  (255 regs, 1.8s)
[3/4] -DBATCH_EPILOGUE=1 -DINTERLEAVE_STRATEGY=1 -DNUM_PASSES_PARAM=4 -DN_STAGES=5 -DSTAGGER_CYCLES=100 -DTMA_RESIDUAL=1 ... 1.509 ms / 2903 TFLOPS  (255 regs, 1.8s)
[4/4] -DBATCH_EPILOGUE=1 -DNUM_PASSES_PARAM=4 -DN_STAGES=5 -DSTAGGER_CYCLES=100 -DSTORE_TIMING=1 -DTMA_RESIDUAL=1 ... 1.509 ms / 2904 TFLOPS  (255 regs, 1.8s)
  η²: STORE_TIMING=0.050, BATCH_EPILOGUE=0.179
  Best: -DBATCH_EPILOGUE=1 -DINTERLEAVE_STRATEGY=1 -DN_STAGES=5 -DPHASE1_UNROLL=4 -DSTAGGER_CYCLES=100 -DSTS_WIDTH=32 -DTMA_RESIDUAL=1 → 1.473 ms / 2974 TFLOPS

=== Interaction: prefetch_store — skipped (noise params: PREFETCH_BEFORE_STORE) ===

=== Interaction: loop_store (EPILOGUE_LOOP, STORE_TIMING) ===
  Branch 1/2: -DBATCH_EPILOGUE=1 -DINTERLEAVE_STRATEGY=1 -DN_STAGES=5 -DPHASE1_UNROLL=4 -DSTAGGER_CYCLES=100 -DSTS_WIDTH=32 -DTMA_RESIDUAL=1
Sweep: 4 total, 2 valid, 2 pruned
Estimated time: ~0 min (2 configs × ~5s each)

[1/2] -DBATCH_EPILOGUE=1 -DINTERLEAVE_STRATEGY=1 -DN_STAGES=5 -DPHASE1_UNROLL=4 -DSTAGGER_CYCLES=100 -DSTS_WIDTH=32 -DTMA_RESIDUAL=1 ... 1.474 ms / 2972 TFLOPS  (243 regs, 1.8s)
[2/2] -DBATCH_EPILOGUE=1 -DN_STAGES=5 -DPHASE1_UNROLL=4 -DSTAGGER_CYCLES=100 -DSTORE_TIMING=1 -DSTS_WIDTH=32 -DTMA_RESIDUAL=1 ... 1.494 ms / 2932 TFLOPS  (249 regs, 1.8s)
  Branch 2/2: -DBATCH_EPILOGUE=1 -DINTERLEAVE_STRATEGY=1 -DNUM_PASSES_PARAM=4 -DN_STAGES=5 -DSTAGGER_CYCLES=100 -DTMA_RESIDUAL=1
Sweep: 4 total, 2 valid, 2 pruned
Estimated time: ~0 min (2 configs × ~5s each)

[1/2] -DBATCH_EPILOGUE=1 -DINTERLEAVE_STRATEGY=1 -DNUM_PASSES_PARAM=4 -DN_STAGES=5 -DSTAGGER_CYCLES=100 -DTMA_RESIDUAL=1 ... 1.506 ms / 2909 TFLOPS  (255 regs, 1.8s)
[2/2] -DBATCH_EPILOGUE=1 -DNUM_PASSES_PARAM=4 -DN_STAGES=5 -DSTAGGER_CYCLES=100 -DSTORE_TIMING=1 -DTMA_RESIDUAL=1 ... 1.508 ms / 2904 TFLOPS  (255 regs, 1.8s)
  η²: STORE_TIMING=0.166
  Best: -DBATCH_EPILOGUE=1 -DINTERLEAVE_STRATEGY=1 -DN_STAGES=5 -DPHASE1_UNROLL=4 -DSTAGGER_CYCLES=100 -DSTS_WIDTH=32 -DTMA_RESIDUAL=1 → 1.474 ms / 2972 TFLOPS

=== Interaction: sts_batch (STS_WIDTH, BATCH_EPILOGUE) ===
  Branch 1/2: -DBATCH_EPILOGUE=1 -DINTERLEAVE_STRATEGY=1 -DN_STAGES=5 -DPHASE1_UNROLL=4 -DSTAGGER_CYCLES=100 -DSTS_WIDTH=32 -DTMA_RESIDUAL=1
Sweep: 4 total, 3 valid, 1 pruned
Estimated time: ~0 min (3 configs × ~5s each)

[1/3] -DINTERLEAVE_STRATEGY=1 -DN_STAGES=5 -DPHASE1_UNROLL=4 -DSTAGGER_CYCLES=100 -DTMA_RESIDUAL=1 ... 1.476 ms / 2968 TFLOPS  (243 regs, 1.8s)
[2/3] -DBATCH_EPILOGUE=1 -DINTERLEAVE_STRATEGY=1 -DN_STAGES=5 -DPHASE1_UNROLL=4 -DSTAGGER_CYCLES=100 -DTMA_RESIDUAL=1 ... 1.473 ms / 2974 TFLOPS  (243 regs, 1.7s)
[3/3] -DBATCH_EPILOGUE=1 -DINTERLEAVE_STRATEGY=1 -DN_STAGES=5 -DPHASE1_UNROLL=4 -DSTAGGER_CYCLES=100 -DSTS_WIDTH=32 -DTMA_RESIDUAL=1 ... 1.473 ms / 2973 TFLOPS  (243 regs, 1.8s)
  Branch 2/2: -DBATCH_EPILOGUE=1 -DINTERLEAVE_STRATEGY=1 -DNUM_PASSES_PARAM=4 -DN_STAGES=5 -DSTAGGER_CYCLES=100 -DTMA_RESIDUAL=1
Sweep: 4 total, 3 valid, 1 pruned
Estimated time: ~0 min (3 configs × ~5s each)

[1/3] -DINTERLEAVE_STRATEGY=1 -DNUM_PASSES_PARAM=4 -DN_STAGES=5 -DSTAGGER_CYCLES=100 -DTMA_RESIDUAL=1 ... 1.509 ms / 2903 TFLOPS  (255 regs, 1.7s)
[2/3] -DBATCH_EPILOGUE=1 -DINTERLEAVE_STRATEGY=1 -DNUM_PASSES_PARAM=4 -DN_STAGES=5 -DSTAGGER_CYCLES=100 -DTMA_RESIDUAL=1 ... 1.508 ms / 2905 TFLOPS  (255 regs, 1.8s)
[3/3] -DBATCH_EPILOGUE=1 -DINTERLEAVE_STRATEGY=1 -DNUM_PASSES_PARAM=4 -DN_STAGES=5 -DSTAGGER_CYCLES=100 -DSTS_WIDTH=32 -DTMA_RESIDUAL=1 ... 1.509 ms / 2902 TFLOPS  (255 regs, 1.7s)
  η²: STS_WIDTH=0.000, BATCH_EPILOGUE=0.002
  Best: -DBATCH_EPILOGUE=1 -DINTERLEAVE_STRATEGY=1 -DN_STAGES=5 -DPHASE1_UNROLL=4 -DSTAGGER_CYCLES=100 -DTMA_RESIDUAL=1 → 1.473 ms / 2974 TFLOPS

=== Interaction: sync_stagger — skipped (noise params: STAGGER_CYCLES) ===

=== Interaction: passes_residual (NUM_PASSES_PARAM, TMA_RESIDUAL) ===
  Branch 1/2: -DBATCH_EPILOGUE=1 -DINTERLEAVE_STRATEGY=1 -DN_STAGES=5 -DPHASE1_UNROLL=4 -DSTAGGER_CYCLES=100 -DSTS_WIDTH=32 -DTMA_RESIDUAL=1
Sweep: 6 total, 5 valid, 1 pruned
Estimated time: ~0 min (5 configs × ~5s each)

[1/5] -DBATCH_EPILOGUE=1 -DINTERLEAVE_STRATEGY=1 -DN_STAGES=5 -DPHASE1_UNROLL=4 -DSTAGGER_CYCLES=100 -DSTS_WIDTH=32 ... 1.540 ms / 2845 TFLOPS  (255 regs, 1.7s)
[2/5] -DBATCH_EPILOGUE=1 -DINTERLEAVE_STRATEGY=1 -DN_STAGES=5 -DPHASE1_UNROLL=4 -DSTAGGER_CYCLES=100 -DSTS_WIDTH=32 -DTMA_RESIDUAL=1 ... 1.472 ms / 2975 TFLOPS  (243 regs, 1.8s)
[3/5] -DBATCH_EPILOGUE=1 -DINTERLEAVE_STRATEGY=1 -DN_STAGES=5 -DPHASE1_UNROLL=4 -DSTAGGER_CYCLES=100 -DSTS_WIDTH=32 -DTMA_RESIDUAL=2 ... 1.483 ms / 2953 TFLOPS  (244 regs, 1.7s)
[4/5] -DBATCH_EPILOGUE=1 -DINTERLEAVE_STRATEGY=1 -DNUM_PASSES_PARAM=4 -DN_STAGES=5 -DPHASE1_UNROLL=4 -DSTAGGER_CYCLES=100 -DSTS_WIDTH=32 -DTMA_RESIDUAL=1 ... 1.508 ms / 2904 TFLOPS  (250 regs, 1.7s)
[5/5] -DBATCH_EPILOGUE=1 -DINTERLEAVE_STRATEGY=1 -DNUM_PASSES_PARAM=4 -DN_STAGES=5 -DPHASE1_UNROLL=4 -DSTAGGER_CYCLES=100 -DSTS_WIDTH=32 -DTMA_RESIDUAL=2 ... 1.501 ms / 2918 TFLOPS  (254 regs, 1.7s)
  Branch 2/2: -DBATCH_EPILOGUE=1 -DINTERLEAVE_STRATEGY=1 -DNUM_PASSES_PARAM=4 -DN_STAGES=5 -DSTAGGER_CYCLES=100 -DTMA_RESIDUAL=1
Sweep: 6 total, 5 valid, 1 pruned
Estimated time: ~0 min (5 configs × ~5s each)

[1/5] -DBATCH_EPILOGUE=1 -DINTERLEAVE_STRATEGY=1 -DN_STAGES=5 -DSTAGGER_CYCLES=100 ... 1.523 ms / 2875 TFLOPS  (254 regs, 1.6s)
[2/5] -DBATCH_EPILOGUE=1 -DINTERLEAVE_STRATEGY=1 -DN_STAGES=5 -DSTAGGER_CYCLES=100 -DTMA_RESIDUAL=1 ... 1.475 ms / 2970 TFLOPS  (255 regs, 1.7s)
[3/5] -DBATCH_EPILOGUE=1 -DINTERLEAVE_STRATEGY=1 -DN_STAGES=5 -DSTAGGER_CYCLES=100 -DTMA_RESIDUAL=2 ... 1.481 ms / 2957 TFLOPS  (255 regs, 1.7s)
[4/5] -DBATCH_EPILOGUE=1 -DINTERLEAVE_STRATEGY=1 -DNUM_PASSES_PARAM=4 -DN_STAGES=5 -DSTAGGER_CYCLES=100 -DTMA_RESIDUAL=1 ... 1.508 ms / 2904 TFLOPS  (255 regs, 1.8s)
[5/5] -DBATCH_EPILOGUE=1 -DINTERLEAVE_STRATEGY=1 -DNUM_PASSES_PARAM=4 -DN_STAGES=5 -DSTAGGER_CYCLES=100 -DTMA_RESIDUAL=2 ... 1.502 ms / 2916 TFLOPS  (255 regs, 1.8s)
  η²: NUM_PASSES_PARAM=0.046, TMA_RESIDUAL=0.601
  Best: -DBATCH_EPILOGUE=1 -DINTERLEAVE_STRATEGY=1 -DN_STAGES=5 -DPHASE1_UNROLL=4 -DSTAGGER_CYCLES=100 -DSTS_WIDTH=32 -DTMA_RESIDUAL=1 → 1.472 ms / 2975 TFLOPS

=== Interaction: w0_prefetch (W0_RES_PREFETCH, TMA_RESIDUAL, N_STAGES) ===
  Branch 1/2: -DBATCH_EPILOGUE=1 -DINTERLEAVE_STRATEGY=1 -DN_STAGES=5 -DPHASE1_UNROLL=4 -DSTAGGER_CYCLES=100 -DSTS_WIDTH=32 -DTMA_RESIDUAL=1
Sweep: 18 total, 15 valid, 3 pruned
Estimated time: ~1 min (15 configs × ~5s each)

[1/15] -DBATCH_EPILOGUE=1 -DINTERLEAVE_STRATEGY=1 -DK_LOOP_UNROLL=5 -DN_STAGES=3 -DPHASE1_UNROLL=4 -DSTAGGER_CYCLES=100 -DSTS_WIDTH=32 ... 2.060 ms / 2126 TFLOPS  (212 regs, 1.7s)
[2/15] -DBATCH_EPILOGUE=1 -DINTERLEAVE_STRATEGY=1 -DK_LOOP_UNROLL=5 -DN_STAGES=3 -DPHASE1_UNROLL=4 -DSTAGGER_CYCLES=100 -DSTS_WIDTH=32 -DTMA_RESIDUAL=1 ... 1.964 ms / 2231 TFLOPS  (185 regs, 1.8s)
[3/15] -DBATCH_EPILOGUE=1 -DINTERLEAVE_STRATEGY=1 -DK_LOOP_UNROLL=5 -DN_STAGES=3 -DPHASE1_UNROLL=4 -DSTAGGER_CYCLES=100 -DSTS_WIDTH=32 -DTMA_RESIDUAL=1 -DW0_RES_PREFETCH=1 ... 1.972 ms / 2221 TFLOPS  (187 regs, 1.7s)
[4/15] -DBATCH_EPILOGUE=1 -DINTERLEAVE_STRATEGY=1 -DK_LOOP_UNROLL=5 -DN_STAGES=3 -DPHASE1_UNROLL=4 -DSTAGGER_CYCLES=100 -DSTS_WIDTH=32 -DTMA_RESIDUAL=2 ... 1.969 ms / 2224 TFLOPS  (186 regs, 1.7s)
[5/15] -DBATCH_EPILOGUE=1 -DINTERLEAVE_STRATEGY=1 -DK_LOOP_UNROLL=5 -DN_STAGES=3 -DPHASE1_UNROLL=4 -DSTAGGER_CYCLES=100 -DSTS_WIDTH=32 -DTMA_RESIDUAL=2 -DW0_RES_PREFETCH=1 ... 1.969 ms / 2225 TFLOPS  (187 regs, 1.7s)
[6/15] -DBATCH_EPILOGUE=1 -DINTERLEAVE_STRATEGY=1 -DK_LOOP_UNROLL=5 -DPHASE1_UNROLL=4 -DSTAGGER_CYCLES=100 -DSTS_WIDTH=32 ... 2.064 ms / 2122 TFLOPS  (218 regs, 1.7s)
[7/15] -DBATCH_EPILOGUE=1 -DINTERLEAVE_STRATEGY=1 -DK_LOOP_UNROLL=5 -DPHASE1_UNROLL=4 -DSTAGGER_CYCLES=100 -DSTS_WIDTH=32 -DTMA_RESIDUAL=1 ... 1.634 ms / 2680 TFLOPS  (191 regs, 1.7s)
[8/15] -DBATCH_EPILOGUE=1 -DINTERLEAVE_STRATEGY=1 -DK_LOOP_UNROLL=5 -DPHASE1_UNROLL=4 -DSTAGGER_CYCLES=100 -DSTS_WIDTH=32 -DTMA_RESIDUAL=1 -DW0_RES_PREFETCH=1 ... 1.637 ms / 2676 TFLOPS  (193 regs, 1.8s)
[9/15] -DBATCH_EPILOGUE=1 -DINTERLEAVE_STRATEGY=1 -DK_LOOP_UNROLL=5 -DPHASE1_UNROLL=4 -DSTAGGER_CYCLES=100 -DSTS_WIDTH=32 -DTMA_RESIDUAL=2 ... 1.637 ms / 2676 TFLOPS  (192 regs, 1.7s)
[10/15] -DBATCH_EPILOGUE=1 -DINTERLEAVE_STRATEGY=1 -DK_LOOP_UNROLL=5 -DPHASE1_UNROLL=4 -DSTAGGER_CYCLES=100 -DSTS_WIDTH=32 -DTMA_RESIDUAL=2 -DW0_RES_PREFETCH=1 ... 1.638 ms / 2674 TFLOPS  (193 regs, 1.8s)
[11/15] -DBATCH_EPILOGUE=1 -DINTERLEAVE_STRATEGY=1 -DN_STAGES=5 -DPHASE1_UNROLL=4 -DSTAGGER_CYCLES=100 -DSTS_WIDTH=32 ... 1.539 ms / 2846 TFLOPS  (255 regs, 1.7s)
[12/15] -DBATCH_EPILOGUE=1 -DINTERLEAVE_STRATEGY=1 -DN_STAGES=5 -DPHASE1_UNROLL=4 -DSTAGGER_CYCLES=100 -DSTS_WIDTH=32 -DTMA_RESIDUAL=1 ... 1.475 ms / 2970 TFLOPS  (243 regs, 1.8s)
[13/15] -DBATCH_EPILOGUE=1 -DINTERLEAVE_STRATEGY=1 -DN_STAGES=5 -DPHASE1_UNROLL=4 -DSTAGGER_CYCLES=100 -DSTS_WIDTH=32 -DTMA_RESIDUAL=1 -DW0_RES_PREFETCH=1 ... 1.479 ms / 2961 TFLOPS  (243 regs, 1.8s)
[14/15] -DBATCH_EPILOGUE=1 -DINTERLEAVE_STRATEGY=1 -DN_STAGES=5 -DPHASE1_UNROLL=4 -DSTAGGER_CYCLES=100 -DSTS_WIDTH=32 -DTMA_RESIDUAL=2 ... 1.484 ms / 2952 TFLOPS  (244 regs, 1.8s)
[15/15] -DBATCH_EPILOGUE=1 -DINTERLEAVE_STRATEGY=1 -DN_STAGES=5 -DPHASE1_UNROLL=4 -DSTAGGER_CYCLES=100 -DSTS_WIDTH=32 -DTMA_RESIDUAL=2 -DW0_RES_PREFETCH=1 ... 1.480 ms / 2960 TFLOPS  (243 regs, 1.8s)
  Branch 2/2: -DBATCH_EPILOGUE=1 -DINTERLEAVE_STRATEGY=1 -DNUM_PASSES_PARAM=4 -DN_STAGES=5 -DSTAGGER_CYCLES=100 -DTMA_RESIDUAL=1
Sweep: 18 total, 12 valid, 6 pruned
Estimated time: ~1 min (12 configs × ~5s each)

[1/12] -DBATCH_EPILOGUE=1 -DINTERLEAVE_STRATEGY=1 -DK_LOOP_UNROLL=5 -DNUM_PASSES_PARAM=4 -DN_STAGES=3 -DSTAGGER_CYCLES=100 -DTMA_RESIDUAL=1 ... 2.003 ms / 2186 TFLOPS  (188 regs, 1.8s)
[2/12] -DBATCH_EPILOGUE=1 -DINTERLEAVE_STRATEGY=1 -DK_LOOP_UNROLL=5 -DNUM_PASSES_PARAM=4 -DN_STAGES=3 -DSTAGGER_CYCLES=100 -DTMA_RESIDUAL=1 -DW0_RES_PREFETCH=1 ... 1.994 ms / 2197 TFLOPS  (190 regs, 1.8s)
[3/12] -DBATCH_EPILOGUE=1 -DINTERLEAVE_STRATEGY=1 -DK_LOOP_UNROLL=5 -DNUM_PASSES_PARAM=4 -DN_STAGES=3 -DSTAGGER_CYCLES=100 -DTMA_RESIDUAL=2 ... 1.993 ms / 2197 TFLOPS  (190 regs, 1.8s)
[4/12] -DBATCH_EPILOGUE=1 -DINTERLEAVE_STRATEGY=1 -DK_LOOP_UNROLL=5 -DNUM_PASSES_PARAM=4 -DN_STAGES=3 -DSTAGGER_CYCLES=100 -DTMA_RESIDUAL=2 -DW0_RES_PREFETCH=1 ... 1.995 ms / 2196 TFLOPS  (190 regs, 1.8s)
[5/12] -DBATCH_EPILOGUE=1 -DINTERLEAVE_STRATEGY=1 -DK_LOOP_UNROLL=5 -DNUM_PASSES_PARAM=4 -DSTAGGER_CYCLES=100 -DTMA_RESIDUAL=1 ... 1.659 ms / 2640 TFLOPS  (194 regs, 1.8s)
[6/12] -DBATCH_EPILOGUE=1 -DINTERLEAVE_STRATEGY=1 -DK_LOOP_UNROLL=5 -DNUM_PASSES_PARAM=4 -DSTAGGER_CYCLES=100 -DTMA_RESIDUAL=1 -DW0_RES_PREFETCH=1 ... 1.653 ms / 2651 TFLOPS  (196 regs, 1.7s)
[7/12] -DBATCH_EPILOGUE=1 -DINTERLEAVE_STRATEGY=1 -DK_LOOP_UNROLL=5 -DNUM_PASSES_PARAM=4 -DSTAGGER_CYCLES=100 -DTMA_RESIDUAL=2 ... 1.652 ms / 2652 TFLOPS  (196 regs, 1.7s)
[8/12] -DBATCH_EPILOGUE=1 -DINTERLEAVE_STRATEGY=1 -DK_LOOP_UNROLL=5 -DNUM_PASSES_PARAM=4 -DSTAGGER_CYCLES=100 -DTMA_RESIDUAL=2 -DW0_RES_PREFETCH=1 ... 1.652 ms / 2652 TFLOPS  (196 regs, 1.8s)
[9/12] -DBATCH_EPILOGUE=1 -DINTERLEAVE_STRATEGY=1 -DNUM_PASSES_PARAM=4 -DN_STAGES=5 -DSTAGGER_CYCLES=100 -DTMA_RESIDUAL=1 ... 1.508 ms / 2905 TFLOPS  (255 regs, 1.8s)
[10/12] -DBATCH_EPILOGUE=1 -DINTERLEAVE_STRATEGY=1 -DNUM_PASSES_PARAM=4 -DN_STAGES=5 -DSTAGGER_CYCLES=100 -DTMA_RESIDUAL=1 -DW0_RES_PREFETCH=1 ... 1.507 ms / 2906 TFLOPS  (253 regs, 1.8s)
[11/12] -DBATCH_EPILOGUE=1 -DINTERLEAVE_STRATEGY=1 -DNUM_PASSES_PARAM=4 -DN_STAGES=5 -DSTAGGER_CYCLES=100 -DTMA_RESIDUAL=2 ... 1.504 ms / 2912 TFLOPS  (255 regs, 1.8s)
[12/12] -DBATCH_EPILOGUE=1 -DINTERLEAVE_STRATEGY=1 -DNUM_PASSES_PARAM=4 -DN_STAGES=5 -DSTAGGER_CYCLES=100 -DTMA_RESIDUAL=2 -DW0_RES_PREFETCH=1 ... 1.506 ms / 2908 TFLOPS  (253 regs, 1.8s)
  η²: W0_RES_PREFETCH=0.007, TMA_RESIDUAL=0.068, N_STAGES=0.869
  Best: -DBATCH_EPILOGUE=1 -DINTERLEAVE_STRATEGY=1 -DN_STAGES=5 -DPHASE1_UNROLL=4 -DSTAGGER_CYCLES=100 -DSTS_WIDTH=32 -DTMA_RESIDUAL=1 → 1.475 ms / 2970 TFLOPS

Top-locked params: INTERLEAVE_STRATEGY=1, N_STAGES=5, STORE_TIMING=0, TMA_RESIDUAL=1

@@GRID_WINNER -DBATCH_EPILOGUE=1 -DINTERLEAVE_STRATEGY=1 -DN_STAGES=5 -DPHASE1_UNROLL=4 -DSTAGGER_CYCLES=100 -DSTS_WIDTH=32 -DTMA_RESIDUAL=1

================================================================================
RESULTS (sorted by ms)
================================================================================
  #  STG  EPI  INTER  MBAR  TMEM  STAG  PH1U  SNAKE  FUSE  KLU  W0U  SMU  PRLD  PFBS  GELU  TMAR  BTCH  GVW  STIM  ELOP  STSW  ESYN  NPP  REGS     SMEM       MS   TFLOPS  STATUS
---------------------------------------------------------------------------------------------------------------------------------------------------------------------------------
  1    5    4      1     0    32   100     4      1     1    5    0    0     1     0     0     1     0   32     0     0    16     0    0   243   225.0K    1.472     2976  BEST
  2    5    4      1     0    32   100     4      1     1    5    0    0     1     0     0     1     1   32     0     0    32     0    0   243   225.0K    1.472     2976  BEST
  3    5    4      1     0    32   100     2      1     1    5    0    0     1     0     0     1     1   32     0     0    16     0    0   255   225.0K    1.472     2976  BEST
  4    5    4      1     0    32   100     4      1     1    5    0    0     2     0     0     1     1   32     0     0    32     0    0   243   225.0K    1.472     2975  BEST
  5    5    4      1     0    32   100     4      1     1    5    0    0     1     0     0     1     1   32     0     0    32     0    0   243   225.0K    1.472     2975  BEST
  6    5    4      1     0    32   100     4      1     1    5    0    0     0     0     0     1     1   32     0     0    16     0    0   243   225.0K    1.473     2973  OK
  7    5    4      1     0    32   100     4      1     1    5    0    0     1     0     0     1     1   32     0     0    16     0    0   243   225.0K    1.473     2974  OK
  8    5    4      1     0    32   100     4      1     1    5    0    0     2     0     0     1     1   32     0     0    32     0    0   243   225.0K    1.473     2974  OK
  9    5    4      1     0    32   100     2      1     1    5    0    0     1     0     0     1     0   32     0     0    16     0    0   255   225.0K    1.473     2973  OK
 10    5    4      1     0    32   100     2      1     1    5    0    0     2     0     0     1     0   32     0     0    16     0    0   255   225.0K    1.473     2973  OK
 11    5    4      1     0    32   100     2      1     1    5    0    0     0     0     0     1     1   32     0     0    16     0    0   255   225.0K    1.473     2973  OK
 12    5    4      1     0    32   100     2      1     1    5    0    0     0     0     0     1     1   32     0     0    32     0    0   255   225.0K    1.473     2973  OK
 13    5    4      1     0    32   100     2      1     1    5    0    0     1     0     0     1     1   32     0     0    32     0    0   255   225.0K    1.473     2973  OK
 14    5    4      1     0    32   100     2      1     1    5    0    0     2     0     0     1     1   32     0     0    16     0    0   255   225.0K    1.473     2973  OK
 15    5    4      1     0    32   100     4      1     1    5    0    0     1     0     0     1     1   32     0     0    32     0    0   243   225.0K    1.473     2973  OK
 16    5    4      1     0    32   100     2      1     1    5    0    0     1     0     0     1     1   32     0     0    16     0    0   255   225.0K    1.473     2973  OK
 17    5    4      1     0    32   100     4      1     1    5    0    0     2     0     0     1     1   32     0     0    32     0    0   243   225.0K    1.473     2974  OK
 18    5    4      1     0    32   100     4      1     1    5    0    0     0     0     0     1     1   32     0     0    32     0    0   243   225.0K    1.473     2974  OK
 19    5    4      1     0    32   100     4      1     1    5    0    0     1     0     0     1     1   32     0     0    32     0    0   243   225.0K    1.473     2973  OK
 20    5    4      1     0    32   100     2      1     1    5    0    0     1     0     0     1     1   32     0     0    32     0    0   255   225.0K    1.473     2974  OK
 21    5    4      1     0    32   100     4      1     1    5    0    0     1     0     0     1     1   32     0     0    32     0    0   243   225.0K    1.473     2973  OK
 22    5    4      1     0    32   100     4      1     1    5    0    0     1     0     0     1     1   32     0     0    32     0    0   243   225.0K    1.473     2974  OK
 23    5    4      1     0    32   100     4      1     1    5    0    0     1     0     0     1     1   32     0     0    16     0    0   243   225.0K    1.473     2974  OK
 24    5    4      1     0    32   100     4      1     1    5    0    0     1     0     0     1     1   32     0     0    32     0    0   243   225.0K    1.473     2973  OK
 25    5    4      1     0    32   100     4      1     1    5    0    0     1     0     0     1     0   32     0     0    16     0    0   243   225.0K    1.474     2971  OK
 26    5    4      1     0    32   100     4      1     1    5    0    0     2     0     0     1     0   32     0     0    16     0    0   243   225.0K    1.474     2971  OK
 27    5    4      1     0    32   100     4      1     1    5    0    0     0     0     0     1     1   32     0     0    32     0    0   243   225.0K    1.474     2972  OK
 28    5    4      1     0    32   100     2      1     1    5    0    0     2     0     0     1     1   32     0     0    32     0    0   255   225.0K    1.474     2971  OK
 29    5    4      1     0    32   100     4      1     1    5    0    0     1     0     0     1     0   32     0     0    16     0    0   243   225.0K    1.474     2972  OK
 30    5    4      1     0    32   100     4      1     1    5    0    0     1     0     0     1     1   32     0     0    32     0    0   243   225.0K    1.474     2972  OK
 31    5    4      1     0    32   100     2      1     1    5    0    0     1     0     0     1     0   32     0     0    16     0    0   255   225.0K    1.475     2970  OK
 32    5    4      1     0    32   100     4      1     1    5    0    0     0     0     0     1     0   32     0     0    16     0    0   243   225.0K    1.475     2970  OK
 33    5    4      1     0    32   100     4      1     1    5    0    0     0     0     0     1     1   32     0     0    32     0    0   243   225.0K    1.475     2970  OK
 34    5    4      1     0    32   100     2      1     1    5    0    0     1     0     0     1     1   32     0     0    16     0    0   255   225.0K    1.475     2970  OK
 35    5    4      1     0    32   100     4      1     1    5    0    0     1     0     0     1     1   32     0     0    32     0    0   243   225.0K    1.475     2970  OK
 36    5    4      1     0    32   100     4      1     1    5    0    0     2     0     0     1     1   32     0     0    16     0    0   243   225.0K    1.476     2967  OK
 37    5    4      1     0    32   100     1      1     1    5    0    0     1     0     0     1     1   32     0     0    32     0    0   226   225.0K    1.476     2967  OK
 38    5    4      1     0    32   100     4      1     1    5    0    0     1     0     0     1     0   32     0     0    16     0    0   243   225.0K    1.476     2968  OK
 39    5    4      1     0    32   100     1      1     1    5    0    0     1     0     0     1     0   32     0     0    16     0    0   226   225.0K    1.477     2966  OK
 40    5    4      1     0    32   100     2      1     1    5    0    0     1     0     0     1     0   32     0     0    16     0    0   255   225.0K    1.477     2966  OK
 41    5    4      1     0    32   100     4      1     1    5    0    0     1     0     0     1     0   32     0     0    16     0    0   243   225.0K    1.477     2965  OK
 42    5    4      1     0    32   100     2      1     1    5    0    0     0     0     0     1     0   32     0     0    16     0    0   255   225.0K    1.477     2965  OK
 43    5    4      1     0    32   100     1      1     1    5    0    0     2     0     0     1     1   32     0     0    16     0    0   226   225.0K    1.477     2966  OK
 44    5    4      1     0    32   100     4      1     1    5    0    0     1     0     0     1     1   32     0     0    32     0    0   243   225.0K    1.477     2966  OK
 45    5    4      1     0    32   100     2      1     1    5    0    0     1     0     0     2     0   32     0     0    16     0    0   255   225.0K    1.478     2964  OK
 46    5    4      1     0    32   100     1      1     1    5    0    0     0     0     0     1     0   32     0     0    16     0    0   226   225.0K    1.478     2963  OK
 47    5    4      1     0    32   100     1      1     1    5    0    0     2     0     0     1     0   32     0     0    16     0    0   226   225.0K    1.478     2964  OK
 48    5    4      1     0    32   100     1      1     1    5    0    0     0     0     0     1     1   32     0     0    16     0    0   226   225.0K    1.478     2963  OK
 49    5    4      1     0    32   100     1      1     1    5    0    0     0     0     0     1     1   32     0     0    32     0    0   226   225.0K    1.478     2964  OK
 50    5    4      1     0    32   100     1      1     1    5    0    0     2     0     0     1     1   32     0     0    32     0    0   226   225.0K    1.478     2964  OK
 51    5    4      1     0    32   100     1      1     1    5    0    0     1     0     0     1     1   32     0     0    32     0    0   226   225.0K    1.478     2964  OK
 52    5    4      1     0    32   100     4      1     1    5    0    0     1     0     0     2     0   32     0     0    16     0    0   243   225.0K    1.479     2961  OK
 53    5    4      1     0    32   100     1      1     1    5    0    0     1     0     0     1     0   32     0     0    16     0    0   226   225.0K    1.479     2962  OK
 54    5    4      1     0    32   100     4      1     1    5    0    0     1     0     0     1     1   32     0     0    32     0    0   243   225.0K    1.479     2961  OK
 55    5    4      1     0    32   100     4      1     1    5    0    0     1     0     0     2     1   32     0     0    32     0    0   243   225.0K    1.480     2960  OK
 56    5    4      1     0    32   100     1      1     1    5    0    0     1     0     0     1     0   32     0     0    16     0    0   230   225.0K    1.481     2957  OK
 57    5    4      1     0    32   100     1      1     1    5    0    0     1     0     0     1     1   32     0     0    16     0    0   226   225.0K    1.481     2957  OK
 58    5    4      1     0    32   100     2      1     1    5    0    0     1     0     0     2     1   32     0     0    16     0    0   255   225.0K    1.481     2957  OK
 59    5    4      1     0    32   100     1      1     1    5    0    0     1     0     0     2     0   32     0     0    16     0    0   230   225.0K    1.482     2955  OK
 60    5    4      1     0    32   100     4      1     1    5    0    0     2     0     0     2     1   32     0     0    32     0    0   244   225.0K    1.482     2955  OK
 61    5    4      1     0    32   100     4      1     1    5    0    0     0     0     0     2     1   32     0     0    32     0    0   244   225.0K    1.483     2954  OK
 62    5    4      1     0    32   100     4      1     1    5    0    0     1     0     0     2     1   32     0     0    32     0    0   244   225.0K    1.483     2953  OK
 63    5    4      1     0    32   100     4      1     1    5    0    0     1     0     0     2     1   32     0     0    32     0    0   244   225.0K    1.484     2952  OK
 64    5    4      1     0    32   100     4      1     1    5    0    0     1     0     0     2     1   32     0     0    32     0    0   244   225.0K    1.485     2950  OK
 65    5    4      2     0    32   100     4      1     1    5    0    0     1     0     0     1     1   32     0     0    32     0    0   249   225.0K    1.492     2935  OK
 66    5    4      2     0    32   100     4      1     1    5    0    0     2     0     0     1     1   32     0     0    32     0    0   249   225.0K    1.492     2936  OK
 67    5    4      1     0    32   100     4      1     1    5    0    0     1     0     0     1     0   32     1     0    16     0    0   249   225.0K    1.493     2933  OK
 68    5    4      1     0    32   100     4      1     1    5    0    0     2     0     0     1     0   32     1     0    16     0    0   249   225.0K    1.493     2933  OK
 69    5    4      1     0    32   100     4      1     1    5    0    0     1     0     0     1     1   32     1     0    32     0    0   249   225.0K    1.493     2934  OK
 70    5    4      1     0    32   100     4      1     1    5    0    0     2     0     0     1     1   32     1     0    16     0    0   249   225.0K    1.493     2934  OK
 71    5    4      1     0    32   100     2      1     1    5    0    0     1     0     0     1     1   32     1     0    16     0    0   255   225.0K    1.493     2933  OK
 72    5    4      0     0    32   100     4      1     1    5    0    0     0     0     0     1     1   32     0     0    32     0    0   249   225.0K    1.493     2934  OK
 73    5    4      0     0    32   100     4      1     1    5    0    0     1     0     0     1     1   32     0     0    32     0    0   249   225.0K    1.493     2934  OK
 74    5    4      0     0    32   100     4      1     1    5    0    0     0     0     0     1     1   32     0     0    32     0    0   249   225.0K    1.493     2933  OK
 75    5    4      0     0    32   100     4      1     1    5    0    0     1     0     0     1     1   32     0     0    32     0    0   249   225.0K    1.493     2934  OK
 76    5    4      0     0    32   100     4      1     1    5    0    0     2     0     0     1     1   32     0     0    32     0    0   249   225.0K    1.493     2933  OK
 77    5    4      3     0    32   100     4      1     1    5    0    0     0     0     0     1     1   32     0     0    32     0    0   249   225.0K    1.493     2934  OK
 78    5    4      3     0    32   100     4      1     1    5    0    0     1     0     0     1     1   32     0     0    32     0    0   249   225.0K    1.493     2935  OK
 79    5    4      3     0    32   100     4      1     1    5    0    0     2     0     0     1     1   32     0     0    32     0    0   249   225.0K    1.493     2934  OK
 80    5    4      1     0    32   100     4      1     1    5    0    0     1     0     0     1     1   32     1     0    32     0    0   249   225.0K    1.493     2934  OK
 81    5    4      0     0    32   100     4      1     1    5    0    0     1     0     0     1     0   32     0     0    16     0    0   249   225.0K    1.494     2931  OK
 82    5    4      3     0    32   100     2      1     1    5    0    0     1     0     0     1     0   32     0     0    16     0    0   255   225.0K    1.494     2932  OK
 83    5    4      3     0    32   100     4      1     1    5    0    0     1     0     0     1     0   32     0     0    16     0    0   249   225.0K    1.494     2933  OK
 84    5    4      1     0    32   100     4      1     1    5    0    0     0     0     0     1     1   32     1     0    16     0    0   249   225.0K    1.494     2932  OK
 85    5    4      1     0    32   100     4      1     1    5    0    0     2     0     0     1     1   32     1     0    32     0    0   249   225.0K    1.494     2931  OK
 86    5    4      1     0    32   100     2      1     1    5    0    0     0     0     0     1     1   32     1     0    32     0    0   255   225.0K    1.494     2933  OK
 87    5    4      1     0    32   100     2      1     1    5    0    0     1     0     0     1     1   32     1     0    32     0    0   255   225.0K    1.494     2931  OK
 88    5    4      1     0    32   100     2      1     1    5    0    0     2     0     0     1     1   32     1     0    16     0    0   255   225.0K    1.494     2933  OK
 89    5    4      1     0    32   100     2      1     1    5    0    0     2     0     0     1     1   32     1     0    32     0    0   255   225.0K    1.494     2932  OK
 90    5    4      2     0    32   100     4      1     1    5    0    0     1     0     0     1     1   32     0     0    32     0    0   249   225.0K    1.494     2932  OK
 91    5    4      2     0    32   100     4      1     1    5    0    0     2     0     0     1     1   32     0     0    32     0    0   249   225.0K    1.494     2931  OK
 92    5    4      3     0    32   100     4      1     1    5    0    0     1     0     0     1     1   32     0     0    32     0    0   249   225.0K    1.494     2932  OK
 93    5    4      3     0    32   100     4      1     1    5    0    0     2     0     0     1     1   32     0     0    32     0    0   249   225.0K    1.494     2932  OK
 94    5    4      2     0    32   100     4      1     1    5    0    0     0     0     0     1     1   32     0     0    32     0    0   249   225.0K    1.494     2932  OK
 95    5    4      1     0    32   100     4      1     1    5    0    0     1     0     0     1     1   32     1     0    32     0    0   249   225.0K    1.494     2932  OK
 96    5    4      0     0    32   100     2      1     1    5    0    0     1     0     0     1     0   32     0     0    16     0    0   255   225.0K    1.495     2930  OK
 97    5    4      1     0    32   100     4      1     1    5    0    0     1     0     0     1     1   32     1     0    16     0    0   249   225.0K    1.495     2930  OK
 98    5    4      1     0    32   100     2      1     1    5    0    0     0     0     0     1     0   32     1     0    16     0    0   255   225.0K    1.495     2930  OK
 99    5    4      1     0    32   100     2      1     1    5    0    0     0     0     0     1     1   32     1     0    16     0    0   255   225.0K    1.495     2930  OK
100    5    4      0     0    32   100     4      1     1    5    0    0     2     0     0     1     1   32     0     0    32     0    0   249   225.0K    1.495     2931  OK
101    5    4      2     0    32   100     4      1     1    5    0    0     0     0     0     1     1   32     0     0    32     0    0   249   225.0K    1.495     2929  OK
102    5    4      2     0    32   100     2      1     1    5    0    0     1     0     0     1     0   32     0     0    16     0    0   255   225.0K    1.496     2928  OK
103    5    4      2     0    32   100     4      1     1    5    0    0     1     0     0     1     0   32     0     0    16     0    0   249   225.0K    1.496     2929  OK
104    5    4      1     0    32   100     4      1     1    5    0    0     0     0     0     1     0   32     1     0    16     0    0   249   225.0K    1.496     2927  OK
105    5    4      1     0    32   100     2      1     1    5    0    0     1     0     0     1     0   32     1     0    16     0    0   255   225.0K    1.496     2928  OK
106    5    4      1     0    32   100     2      1     1    5    0    0     2     0     0     1     0   32     1     0    16     0    0   255   225.0K    1.496     2929  OK
107    5    4      3     0    32   100     4      1     1    5    0    0     0     0     0     1     1   32     0     0    32     0    0   249   225.0K    1.496     2927  OK
108    5    4      0     0    32   100     1      1     1    5    0    0     1     0     0     1     0   32     0     0    16     0    0   224   225.0K    1.497     2927  OK
109    5    4      2     0    32   100     1      1     1    5    0    0     1     0     0     1     0   32     0     0    16     0    0   226   225.0K    1.497     2926  OK
110    5    4      1     0    32   100     4      1     1    5    0    0     0     0     0     1     1   32     1     0    32     0    0   249   225.0K    1.497     2927  OK
111    5    4      1     0    32   100     1      1     1    5    0    0     0     0     0     1     1   32     1     0    16     0    0   224   225.0K    1.497     2925  OK
112    5    4      1     0    32   100     1      1     1    5    0    0     2     0     0     1     1   32     1     0    16     0    0   224   225.0K    1.497     2925  OK
113    5    4      3     0    32   100     1      1     1    5    0    0     1     0     0     1     0   32     0     0    16     0    0   226   225.0K    1.498     2924  OK
114    5    4      1     0    32   100     1      1     1    5    0    0     0     0     0     1     0   32     1     0    16     0    0   224   225.0K    1.498     2925  OK
115    5    4      1     0    32   100     1      1     1    5    0    0     1     0     0     1     0   32     1     0    16     0    0   224   225.0K    1.498     2924  OK
116    5    4      1     0    32   100     1      1     1    5    0    0     2     0     0     1     1   32     1     0    32     0    0   224   225.0K    1.498     2925  OK
117    5    4      2     0    32   100     2      1     1    5    0    0     1     0     0     1     0   32     0     0    16     0    0   255   225.0K    1.499     2923  OK
118    5    4      1     0    32   100     1      1     1    5    0    0     2     0     0     1     0   32     1     0    16     0    0   224   225.0K    1.499     2922  OK
119    5    4      1     0    32   100     1      1     1    5    0    0     1     0     0     1     1   32     1     0    32     0    0   224   225.0K    1.499     2922  OK
120    5    4      2     0    32   100     2      1     1    5    0    0     1     0     0     1     0   32     0     0    16     0    0   254   225.0K    1.500     2919  OK
121    5    4      1     0    32   100     1      1     1    5    0    0     0     0     0     1     1   32     1     0    32     0    0   224   225.0K    1.500     2920  OK
122    5    4      2     0    32   100     1      1     1    5    0    0     1     0     0     2     0   32     0     0    16     0    0   228   225.0K    1.501     2919  OK
123    5    4      3     0    32   100     1      1     1    5    0    0     1     0     0     2     0   32     0     0    16     0    0   228   225.0K    1.501     2919  OK
124    5    4      1     0    32   100     1      1     1    5    0    0     1     0     0     1     1   32     1     0    16     0    0   224   225.0K    1.501     2919  OK
125    5    4      1     0    32   100     4      1     1    5    0    0     1     0     0     2     1   32     0     0    32     0    4   254   225.0K    1.501     2918  OK
126    5    4      2     0    32   100     2      1     1    5    0    0     1     0     0     2     0   32     0     0    16     0    0   254   225.0K    1.502     2916  OK
127    5    4      2     0    32   100     1      1     1    5    0    0     1     0     0     1     0   32     0     0    16     0    0   228   225.0K    1.502     2917  OK
128    5    4      3     0    32   100     1      1     1    5    0    0     1     0     0     1     0   32     0     0    16     0    0   228   225.0K    1.502     2917  OK
129    5    4      0     0    32   100     2      1     1    5    0    0     1     0     0     2     0   32     0     0    16     0    0   255   225.0K    1.502     2917  OK
130    5    4      3     0    32   100     2      1     1    5    0    0     1     0     0     2     0   32     0     0    16     0    0   254   225.0K    1.502     2917  OK
131    5    4      0     0    32   100     2      1     1    5    0    0     0     0     0     2     1   32     0     0    16     0    4   255   225.0K    1.502     2916  OK
132    5    4      3     0    32   100     2      1     1    5    0    0     2     0     0     2     1   32     0     0    16     0    4   255   225.0K    1.502     2917  OK
133    5    4      1     0    32   100     2      1     1    5    0    0     1     0     0     2     1   32     0     0    16     0    4   255   225.0K    1.502     2916  OK
134    5    4      0     0    32   100     1      1     1    5    0    0     1     0     0     1     0   32     0     0    16     0    0   226   225.0K    1.503     2914  OK
135    5    4      0     0    32   100     2      1     1    5    0    0     1     0     0     1     0   32     0     0    16     0    0   255   225.0K    1.503     2915  OK
136    5    4      2     0    32   100     2      1     1    5    0    0     1     0     0     1     0   32     0     0    16     0    0   254   225.0K    1.503     2915  OK
137    5    4      3     0    32   100     2      1     1    5    0    0     1     0     0     1     0   32     0     0    16     0    0   254   225.0K    1.503     2915  OK
138    5    4      2     0    32   100     2      1     1    5    0    0     1     0     0     2     0   32     0     0    16     0    0   254   225.0K    1.503     2914  OK
139    5    4      1     0    32   100     2      1     1    5    0    0     1     0     0     2     1   32     0     0    16     0    4   255   225.0K    1.503     2915  OK
140    5    4      1     0    32   100     2      1     1    5    0    0     2     0     0     2     1   32     0     0    16     0    4   255   225.0K    1.503     2914  OK
141    5    4      2     0    32   100     2      1     1    5    0    0     1     0     0     2     1   32     0     0    16     0    4   255   225.0K    1.503     2914  OK
142    5    4      2     0    32   100     2      1     1    5    0    0     2     0     0     2     1   32     0     0    16     0    4   255   225.0K    1.503     2915  OK
143    5    4      0     0    32   100     2      1     1    5    0    0     2     0     0     2     1   32     0     0    16     0    4   255   225.0K    1.504     2912  OK
144    5    4      2     0    32   100     2      1     1    5    0    0     0     0     0     2     1   32     0     0    16     0    4   255   225.0K    1.504     2912  OK
145    5    4      3     0    32   100     2      1     1    5    0    0     0     0     0     2     1   32     0     0    16     0    4   255   225.0K    1.504     2912  OK
146    5    4      3     0    32   100     2      1     1    5    0    0     1     0     0     2     1   32     0     0    16     0    4   255   225.0K    1.504     2913  OK
147    5    4      1     0    32   100     2      1     1    5    0    0     1     0     0     2     1   32     0     0    16     0    4   255   225.0K    1.504     2912  OK
148    5    4      0     0    32   100     1      1     1    5    0    0     1     0     0     2     0   32     0     0    16     0    0   226   225.0K    1.505     2909  OK
149    5    4      0     0    32   100     2      1     1    5    0    0     1     0     0     2     1   32     0     0    16     0    4   255   225.0K    1.505     2910  OK
150    5    4      1     0    32   100     2      1     1    5    0    0     0     0     0     2     1   32     0     0    16     0    4   255   225.0K    1.505     2910  OK
151    5    4      1     0    32   100     2      1     1    5    0    0     1     0     0     1     1   32     0     0    16     0    4   255   225.0K    1.506     2909  OK
152    5    4      2     0    32   100     2      1     1    5    0    0     2     0     0     1     1   32     0     0    16     0    4   255   225.0K    1.506     2908  OK
153    5    4      1     0    32   100     2      1     1    5    0    0     1     0     0     1     1   32     0     0    16     0    4   255   225.0K    1.506     2909  OK
154    5    4      1     0    32   100     2      1     1    5    0    0     1     0     0     2     1   32     0     0    16     0    4   253   225.0K    1.506     2908  OK
155    5    4      2     0    32   100     4      1     1    5    0    0     1     0     0     1     0   32     0     0    16     0    0   249   225.0K    1.507     2906  OK
156    5    4      3     0    32   100     4      1     1    5    0    0     1     0     0     1     0   32     0     0    16     0    0   249   225.0K    1.507     2907  OK
157    5    4      2     0    32   100     4      1     1    5    0    0     1     0     0     2     0   32     0     0    16     0    0   249   225.0K    1.507     2907  OK
158    5    4      0     0    32   100     2      1     1    5    0    0     0     0     0     1     0   32     0     0    16     0    4   255   225.0K    1.507     2907  OK
159    5    4      1     0    32   100     2      1     1    5    0    0     0     0     0     1     0   32     0     0    16     0    4   255   225.0K    1.507     2907  OK
160    5    4      3     0    32   100     2      1     1    5    0    0     0     0     0     1     0   32     0     0    16     0    4   255   225.0K    1.507     2906  OK
161    5    4      3     0    32   100     2      1     1    5    0    0     1     0     0     1     0   32     0     0    16     0    4   255   225.0K    1.507     2906  OK
162    5    4      0     0    32   100     2      1     1    5    0    0     1     0     0     1     1   32     0     0    16     0    4   255   225.0K    1.507     2907  OK
163    5    4      0     0    32   100     2      1     1    5    0    0     2     0     0     1     1   32     0     0    16     0    4   255   225.0K    1.507     2906  OK
164    5    4      1     0    32   100     2      1     1    5    0    0     0     0     0     1     1   32     0     0    16     0    4   255   225.0K    1.507     2907  OK
165    5    4      2     0    32   100     2      1     1    5    0    0     0     0     0     1     1   32     0     0    16     0    4   255   225.0K    1.507     2906  OK
166    5    4      2     0    32   100     2      1     1    5    0    0     1     0     0     1     1   32     0     0    16     0    4   255   225.0K    1.507     2906  OK
167    5    4      3     0    32   100     2      1     1    5    0    0     0     0     0     1     1   32     0     0    16     0    4   255   225.0K    1.507     2906  OK
168    5    4      1     0    32   100     2      1     1    5    0    0     1     0     0     1     0   32     0     0    16     0    4   255   225.0K    1.507     2906  OK
169    5    4      1     0    32   100     2      1     1    5    0    0     1     0     0     1     0   32     1     0    16     0    4   255   225.0K    1.507     2906  OK
170    5    4      1     0    32   100     2      1     1    5    0    0     1     0     0     1     1   32     0     0    16     0    4   253   225.0K    1.507     2906  OK
171    5    4      2     0    32   100     2      1     1    5    0    0     1     0     0     2     0   32     0     0    16     0    0   255   225.0K    1.508     2904  OK
172    5    4      3     0    32   100     4      1     1    5    0    0     1     0     0     2     0   32     0     0    16     0    0   249   225.0K    1.508     2905  OK
173    5    4      1     0    32   100     4      1     1    5    0    0     1     0     0     1     1   32     0     0    32     0    4   250   225.0K    1.508     2905  OK
174    5    4      0     0    32   100     2      1     1    5    0    0     1     0     0     1     0   32     0     0    16     0    4   255   225.0K    1.508     2905  OK
175    5    4      0     0    32   100     2      1     1    5    0    0     2     0     0     1     0   32     0     0    16     0    4   255   225.0K    1.508     2904  OK
176    5    4      1     0    32   100     2      1     1    5    0    0     1     0     0     1     0   32     0     0    16     0    4   255   225.0K    1.508     2905  OK
177    5    4      2     0    32   100     2      1     1    5    0    0     1     0     0     1     0   32     0     0    16     0    4   255   225.0K    1.508     2905  OK
178    5    4      3     0    32   100     2      1     1    5    0    0     2     0     0     1     0   32     0     0    16     0    4   255   225.0K    1.508     2905  OK
179    5    4      0     0    32   100     2      1     1    5    0    0     2     0     0     1     1   32     0     0    16     0    4   255   225.0K    1.508     2904  OK
180    5    4      1     0    32   100     2      1     1    5    0    0     0     0     0     1     1   32     0     0    16     0    4   255   225.0K    1.508     2904  OK
181    5    4      1     0    32   100     2      1     1    5    0    0     1     0     0     1     1   32     0     0    16     0    4   255   225.0K    1.508     2905  OK
182    5    4      1     0    32   100     2      1     1    5    0    0     2     0     0     1     1   32     0     0    16     0    4   255   225.0K    1.508     2904  OK
183    5    4      2     0    32   100     2      1     1    5    0    0     0     0     0     1     1   32     0     0    16     0    4   255   225.0K    1.508     2904  OK
184    5    4      2     0    32   100     2      1     1    5    0    0     1     0     0     1     1   32     0     0    16     0    4   255   225.0K    1.508     2905  OK
185    5    4      1     0    32   100     2      1     1    5    0    0     1     0     0     1     1   32     0     0    16     0    4   255   225.0K    1.508     2905  OK
186    5    4      3     0    32   100     2      1     1    5    0    0     1     0     0     1     1   32     0     0    16     0    4   255   225.0K    1.508     2905  OK
187    5    4      3     0    32   100     2      1     1    5    0    0     2     0     0     1     1   32     0     0    16     0    4   255   225.0K    1.508     2905  OK
188    5    4      1     0    32   100     2      1     1    5    0    0     1     0     0     1     1   32     1     0    16     0    4   255   225.0K    1.508     2904  OK
189    5    4      1     0    32   100     2      1     1    5    0    0     1     0     0     1     1   32     0     0    16     0    4   255   225.0K    1.508     2905  OK
190    5    4      1     0    32   100     4      1     1    5    0    0     1     0     0     1     1   32     0     0    32     0    4   250   225.0K    1.508     2904  OK
191    5    4      1     0    32   100     2      1     1    5    0    0     1     0     0     1     1   32     0     0    16     0    4   255   225.0K    1.508     2904  OK
192    5    4      1     0    32   100     2      1     1    5    0    0     1     0     0     1     1   32     0     0    16     0    4   255   225.0K    1.508     2905  OK
193    5    4      1     0    32   100     2      1     1    5    0    0     2     0     0     1     0   32     0     0    16     0    4   255   225.0K    1.509     2902  OK
194    5    4      2     0    32   100     2      1     1    5    0    0     0     0     0     1     0   32     0     0    16     0    4   255   225.0K    1.509     2903  OK
195    5    4      2     0    32   100     2      1     1    5    0    0     2     0     0     1     0   32     0     0    16     0    4   255   225.0K    1.509     2902  OK
196    5    4      2     0    32   100     2      1     1    5    0    0     2     0     0     1     1   32     0     0    16     0    4   255   225.0K    1.509     2902  OK
197    5    4      3     0    32   100     2      1     1    5    0    0     1     0     0     1     1   32     0     0    16     0    4   255   225.0K    1.509     2903  OK
198    5    4      3     0    32   100     2      1     1    5    0    0     2     0     0     1     1   32     0     0    16     0    4   255   225.0K    1.509     2902  OK
199    5    4      0     0    32   100     2      1     1    5    0    0     0     0     0     1     1   32     0     0    16     0    4   255   225.0K    1.509     2903  OK
200    5    4      1     0    32   100     2      1     1    5    0    0     1     0     0     1     1   32     0     0    16     0    4   255   225.0K    1.509     2902  OK
201    5    4      1     0    32   100     4      1     1    5    0    0     1     0     0     1     1   32     0     0    16     0    4   250   225.0K    1.509     2903  OK
202    5    4      1     0    32   100     2      1     1    5    0    0     1     0     0     1     0   32     0     0    16     0    4   255   225.0K    1.509     2902  OK
203    5    4      1     0    32   100     2      1     1    5    0    0     1     0     0     1     1   32     0     0    16     0    4   255   225.0K    1.509     2903  OK
204    5    4      1     0    32   100     2      1     1    5    0    0     1     0     0     1     1   32     1     0    16     0    4   255   225.0K    1.509     2904  OK
205    5    4      1     0    32   100     2      1     1    5    0    0     1     0     0     1     0   32     0     0    16     0    4   255   225.0K    1.509     2903  OK
206    5    4      1     0    32   100     2      1     1    5    0    0     1     0     0     1     1   32     0     0    32     0    4   255   225.0K    1.509     2902  OK
207    5    4      0     0    32   100     4      1     1    5    0    0     1     0     0     1     0   32     0     0    16     0    0   248   225.0K    1.510     2900  OK
208    5    4      1     0    32   100     4      1     1    5    0    0     1     0     0     1     0   32     0     0    16     0    4   250   225.0K    1.510     2900  OK
209    5    4      0     0    32   100     2      1     1    5    0    0     0     0     0     1     1   32     0     0    16     0    4   255   225.0K    1.510     2901  OK
210    5    4      0     0    32   100     2      1     1    5    0    0     1     0     0     1     1   32     0     0    16     0    4   255   225.0K    1.510     2900  OK
211    5    4      3     0    32   100     2      1     1    5    0    0     0     0     0     1     1   32     0     0    16     0    4   255   225.0K    1.510     2901  OK
212    5    4      0     0    32   100     4      1     1    5    0    0     1     0     0     2     0   32     0     0    16     0    0   248   225.0K    1.511     2899  OK
213    5    4      1     0    32   100     2      1     1    5    0    0     2     0     0     1     1   32     0     0    16     0    4   255   225.0K    1.511     2899  OK
214    5    4      2     0    32   100     2      1     1    8    0    0     1     0     0     1     0   32     0     0    16     0    0   212   225.0K    1.512     2897  OK
215    5    4      1     0    32   100     4      1     1    5    0    0     1     0     0     1     0   32     0     0    16     0    4   250   225.0K    1.512     2897  OK
216    5    4      2     0    32   100     4      1     1    5    0    0     2     0     0     0     1   32     0     0    32     0    0   255   225.0K    1.513     2894  OK
217    5    4      0     0    32   100     4      1     1    5    0    0     0     0     0     2     1   32     0     0    32     0    0   248   225.0K    1.515     2890  OK
218    5    4      0     0    32   100     4      1     1    5    0    0     1     0     0     2     1   32     0     0    32     0    0   248   225.0K    1.515     2891  OK
219    5    4      0     0    32   100     4      1     1    5    0    0     2     0     0     2     1   32     0     0    32     0    0   248   225.0K    1.515     2892  OK
220    5    4      2     0    32   100     4      1     1    5    0    0     2     0     0     2     1   32     0     0    32     0    0   248   225.0K    1.515     2891  OK
221    5    4      3     0    32   100     4      1     1    5    0    0     1     0     0     2     1   32     0     0    32     0    0   248   225.0K    1.515     2891  OK
222    5    4      2     0    32   100     2      1     1    6    0    0     1     0     0     1     0   32     0     0    16     0    0   212   225.0K    1.516     2889  OK
223    5    4      2     0    32   100     4      1     1    5    0    0     0     0     0     2     1   32     0     0    32     0    0   248   225.0K    1.516     2890  OK
224    5    4      2     0    32   100     4      1     1    5    0    0     1     0     0     2     1   32     0     0    32     0    0   248   225.0K    1.516     2890  OK
225    5    4      3     0    32   100     4      1     1    5    0    0     2     0     0     2     1   32     0     0    32     0    0   248   225.0K    1.516     2888  OK
226    5    4      2     0    32   100     2      1     1    6    0    0     1     0     0     2     0   32     0     0    16     0    0   214   225.0K    1.517     2887  OK
227    5    4      3     0    32   100     4      1     1    5    0    0     0     0     0     2     1   32     0     0    32     0    0   248   225.0K    1.517     2888  OK
228    5    4      2     0    32   100     2      1     1    5    0    0     1     0     0     0     0   32     0     0    16     0    0   255   225.0K    1.518     2886  OK
229    5    4      2     0    32   100     2      1     1    6    0    0     1     0     0     1     0   32     0     0    16     0    0   214   225.0K    1.518     2885  OK
230    5    4      1     0    32   100     1      1     1    5    0    0     1     0     0     1     0   32     0     0    16     0    4   226   225.0K    1.521     2881  OK
231    5    4      1     0    32   100     2      1     1    5    0    0     1     0     0     0     1   32     0     0    16     0    0   254   225.0K    1.523     2875  OK
232    5    4      2     0    32   100     2      1     1    2    0    0     1     0     0     1     0   32     0     0    16     0    0   212   225.0K    1.524     2874  OK
233    5    4      2     0    32   100     2      1     1    8    0    0     1     0     0     2     0   32     0     0    16     0    0   214   225.0K    1.524     2873  OK
234    5    4      1     0    32   100     1      1     1    5    0    0     1     0     0     1     1   32     0     0    16     0    4   226   225.0K    1.524     2875  OK
235    5    4      2     0    32   100     2      1     1    8    0    0     1     0     0     1     0   32     0     0    16     0    0   214   225.0K    1.525     2873  OK
236    5    4      1     0    32   100     4      1     1    5    0    0     0     0     0     0     1   32     0     0    32     0    0   255   225.0K    1.526     2871  OK
237    5    4      1     0    32   100     4      1     1    5    0    0     2     0     0     0     1   32     0     0    32     0    0   255   225.0K    1.526     2870  OK
238    5    4      2     0    32   100     2      1     1    2    0    0     1     0     0     1     0   32     0     0    16     0    0   214   225.0K    1.527     2868  OK
239    5    4      2     0    32   100     2      1     1    1    0    0     1     0     0     1     0   32     0     0    16     0    0   212   225.0K    1.528     2866  OK
240    5    4      2     0    32   100     2      1     1    2    0    0     1     0     0     2     0   32     0     0    16     0    0   214   225.0K    1.528     2867  OK
241    5    4      0     0    32   100     4      1     1    5    0    0     2     0     0     0     1   32     0     0    32     0    0   255   225.0K    1.528     2867  OK
242    5    4      2     0    32   100     2      1     1    6    0    0     1     0     0     2     0   32     0     0    16     0    0   213   225.0K    1.529     2865  OK
243    5    4      2     0    32   100     2      1     1    8    0    0     1     0     0     2     0   32     0     0    16     0    0   213   225.0K    1.532     2860  OK
244    5    4      3     0    32   100     4      1     1    5    0    0     2     0     0     0     1   32     0     0    32     0    0   255   225.0K    1.532     2858  OK
245    5    4      2     0    32   100     2      1     1    1    0    0     1     0     0     2     0   32     0     0    16     0    0   214   225.0K    1.535     2854  OK
246    5    4      2     0    32   100     4      1     1    5    0    0     0     0     0     0     1   32     0     0    32     0    0   255   225.0K    1.535     2854  OK
247    5    4      2     0    32   100     2      1     1    1    0    0     1     0     0     1     0   32     0     0    16     0    0   214   225.0K    1.536     2852  OK
248    5    4      2     0    32   100     2      1     1    2    0    0     1     0     0     2     0   32     0     0    16     0    0   213   225.0K    1.536     2851  OK
249    5    4      3     0    32   100     4      1     1    5    0    0     0     0     0     0     1   32     0     0    32     0    0   255   225.0K    1.538     2849  OK
250    5    4      2     0    32   100     4      1     1    5    0    0     1     0     0     0     1   32     0     0    32     0    0   255   225.0K    1.539     2847  OK
251    5    4      1     0    32   100     4      1     1    5    0    0     1     0     0     0     1   32     0     0    32     0    0   255   225.0K    1.539     2846  OK
252    5    4      1     0    32   100     4      1     1    5    0    0     1     0     0     0     1   32     0     0    32     0    0   255   225.0K    1.540     2844  OK
253    5    4      1     0    32   100     4      1     1    5    0    0     1     0     0     0     1   32     0     0    32     0    0   255   225.0K    1.540     2845  OK
254    5    4      3     0    32   100     4      1     1    5    0    0     1     0     0     0     1   32     0     0    32     0    0   255   225.0K    1.542     2840  OK
255    5    4      2     0    32   100     2      1     1    1    0    0     1     0     0     2     0   32     0     0    16     0    0   213   225.0K    1.546     2833  OK
256    5    4      0     0    32   100     4      1     1    5    0    0     0     0     0     0     1   32     0     0    32     0    0   255   225.0K    1.547     2831  OK
257    5    4      0     0    32   100     4      1     1    5    0    0     1     0     0     0     1   32     0     0    32     0    0   255   225.0K    1.547     2832  OK
258    4    4      1     0    32   100     4      1     1    5    0    0     1     0     0     1     1   32     0     0    32     0    0   191   193.0K    1.634     2680  OK
259    4    4      2     0    32   100     2      1     1    8    0    0     1     0     0     1     0   32     0     0    16     0    0   251   193.0K    1.637     2676  OK
260    4    4      1     0    32   100     4      1     1    5    0    0     1     0     0     1     1   32     0     0    32     0    0   193   193.0K    1.637     2676  OK
261    4    4      1     0    32   100     4      1     1    5    0    0     1     0     0     2     1   32     0     0    32     0    0   192   193.0K    1.637     2676  OK
262    4    4      1     0    32   100     4      1     1    5    0    0     1     0     0     2     1   32     0     0    32     0    0   193   193.0K    1.638     2674  OK
263    4    4      2     0    32   100     2      1     1    8    0    0     1     0     0     1     0   32     0     0    16     0    0   254   193.0K    1.639     2672  OK
264    4    4      2     0    32   100     2      1     1    8    0    0     1     0     0     2     0   32     0     0    16     0    0   254   193.0K    1.640     2671  OK
265    4    4      2     0    32   100     2      1     1    4    0    0     1     0     0     1     0   32     0     0    16     0    0   250   193.0K    1.641     2669  OK
266    4    4      2     0    32   100     2      1     1    4    0    0     1     0     0     1     0   32     0     0    16     0    0   251   193.0K    1.642     2667  OK
267    4    4      2     0    32   100     2      1     1    4    0    0     1     0     0     2     0   32     0     0    16     0    0   251   193.0K    1.643     2665  OK
268    4    4      2     0    32   100     2      1     1    8    0    0     1     0     0     2     0   32     0     0    16     0    0   252   193.0K    1.644     2664  OK
269    4    4      2     0    32   100     2      1     1    4    0    0     1     0     0     2     0   32     0     0    16     0    0   250   193.0K    1.648     2658  OK
270    4    4      2     0    32   100     2      1     1    6    0    0     1     0     0     1     0   32     0     0    16     0    0   207   193.0K    1.648     2657  OK
271    4    4      2     0    32   100     2      1     1    6    0    0     1     0     0     1     0   32     0     0    16     0    0   209   193.0K    1.651     2653  OK
272    4    4      1     0    32   100     2      1     1    5    0    0     1     0     0     2     1   32     0     0    16     0    4   196   193.0K    1.652     2652  OK
273    4    4      1     0    32   100     2      1     1    5    0    0     1     0     0     2     1   32     0     0    16     0    4   196   193.0K    1.652     2652  OK
274    4    4      1     0    32   100     2      1     1    5    0    0     1     0     0     1     1   32     0     0    16     0    4   196   193.0K    1.653     2651  OK
275    4    4      2     0    32   100     2      1     1    6    0    0     1     0     0     2     0   32     0     0    16     0    0   209   193.0K    1.654     2649  OK
276    4    4      2     0    32   100     2      1     1    2    0    0     1     0     0     1     0   32     0     0    16     0    0   207   193.0K    1.655     2647  OK
277    4    4      2     0    32   100     2      1     1    6    0    0     1     0     0     2     0   32     0     0    16     0    0   208   193.0K    1.655     2647  OK
278    4    4      2     0    32   100     2      1     1    8    0    0     1     0     0     0     0   32     0     0    16     0    0   254   193.0K    1.655     2647  OK
279    4    4      2     0    32   100     2      1     1    1    0    0     1     0     0     1     0   32     0     0    16     0    0   207   193.0K    1.657     2643  OK
280    4    4      2     0    32   100     2      1     1    2    0    0     1     0     0     1     0   32     0     0    16     0    0   209   193.0K    1.657     2643  OK
281    4    4      2     0    32   100     2      1     1    2    0    0     1     0     0     2     0   32     0     0    16     0    0   209   193.0K    1.658     2642  OK
282    4    4      1     0    32   100     2      1     1    5    0    0     1     0     0     1     1   32     0     0    16     0    4   194   193.0K    1.659     2640  OK
283    4    4      2     0    32   100     2      1     1    4    0    0     1     0     0     0     0   32     0     0    16     0    0   255   193.0K    1.660     2638  OK
284    4    4      2     0    32   100     2      1     1    1    0    0     1     0     0     1     0   32     0     0    16     0    0   209   193.0K    1.663     2634  OK
285    4    4      2     0    32   100     2      1     1    1    0    0     1     0     0     2     0   32     0     0    16     0    0   209   193.0K    1.663     2633  OK
286    4    4      2     0    32   100     2      1     1    2    0    0     1     0     0     2     0   32     0     0    16     0    0   208   193.0K    1.664     2633  OK
287    4    4      2     0    32   100     2      1     1    1    0    0     1     0     0     2     0   32     0     0    16     0    0   208   193.0K    1.665     2630  OK
288    3    4      1     0    32   100     4      1     1    5    0    0     1     0     0     1     1   32     0     0    32     0    0   185   161.0K    1.964     2231  OK
289    3    4      2     0    32   100     2      1     1    6    0    0     1     0     0     1     0   32     0     0    16     0    0   232   161.0K    1.965     2229  OK
290    3    4      2     0    32   100     2      1     1    3    0    0     1     0     0     1     0   32     0     0    16     0    0   232   161.0K    1.968     2226  OK
291    3    4      2     0    32   100     2      1     1    6    0    0     1     0     0     1     0   32     0     0    16     0    0   234   161.0K    1.969     2224  OK
292    3    4      1     0    32   100     4      1     1    5    0    0     1     0     0     2     1   32     0     0    32     0    0   186   161.0K    1.969     2224  OK
293    3    4      1     0    32   100     4      1     1    5    0    0     1     0     0     2     1   32     0     0    32     0    0   187   161.0K    1.969     2225  OK
294    3    4      2     0    32   100     2      1     1    6    0    0     1     0     0     2     0   32     0     0    16     0    0   234   161.0K    1.970     2223  OK
295    3    4      1     0    32   100     4      1     1    5    0    0     1     0     0     1     1   32     0     0    32     0    0   187   161.0K    1.972     2221  OK
296    3    4      2     0    32   100     2      1     1    3    0    0     1     0     0     1     0   32     0     0    16     0    0   234   161.0K    1.975     2217  OK
297    3    4      2     0    32   100     2      1     1    3    0    0     1     0     0     2     0   32     0     0    16     0    0   234   161.0K    1.975     2218  OK
298    3    4      2     0    32   100     2      1     1    6    0    0     1     0     0     0     0   32     0     0    16     0    0   240   161.0K    1.977     2215  OK
299    3    4      2     0    32   100     2      1     1    6    0    0     1     0     0     2     0   32     0     0    16     0    0   234   161.0K    1.977     2216  OK
300    3    4      2     0    32   100     2      1     1    3    0    0     1     0     0     0     0   32     0     0    16     0    0   238   161.0K    1.980     2212  OK
301    3    4      2     0    32   100     2      1     1    3    0    0     1     0     0     2     0   32     0     0    16     0    0   232   161.0K    1.981     2211  OK
302    3    4      2     0    32   100     2      1     1    8    0    0     1     0     0     1     0   32     0     0    16     0    0   202   161.0K    1.987     2204  OK
303    3    4      2     0    32   100     2      1     1    1    0    0     1     0     0     1     0   32     0     0    16     0    0   202   161.0K    1.988     2204  OK
304    3    4      2     0    32   100     2      1     1    2    0    0     1     0     0     1     0   32     0     0    16     0    0   202   161.0K    1.988     2203  OK
305    3    4      2     0    32   100     2      1     1    8    0    0     1     0     0     1     0   32     0     0    16     0    0   204   161.0K    1.988     2204  OK
306    3    4      2     0    32   100     2      1     1    8    0    0     1     0     0     2     0   32     0     0    16     0    0   204   161.0K    1.989     2202  OK
307    3    4      2     0    32   100     2      1     1    2    0    0     1     0     0     1     0   32     0     0    16     0    0   204   161.0K    1.990     2201  OK
308    3    4      2     0    32   100     2      1     1    8    0    0     1     0     0     2     0   32     0     0    16     0    0   201   161.0K    1.991     2199  OK
309    3    4      2     0    32   100     2      1     1    2    0    0     1     0     0     2     0   32     0     0    16     0    0   204   161.0K    1.992     2199  OK
310    3    4      1     0    32   100     2      1     1    5    0    0     1     0     0     2     1   32     0     0    16     0    4   190   161.0K    1.993     2197  OK
311    3    4      2     0    32   100     2      1     1    1    0    0     1     0     0     1     0   32     0     0    16     0    0   204   161.0K    1.994     2197  OK
312    3    4      2     0    32   100     2      1     1    1    0    0     1     0     0     2     0   32     0     0    16     0    0   204   161.0K    1.994     2196  OK
313    3    4      1     0    32   100     2      1     1    5    0    0     1     0     0     1     1   32     0     0    16     0    4   190   161.0K    1.994     2197  OK
314    3    4      1     0    32   100     2      1     1    5    0    0     1     0     0     2     1   32     0     0    16     0    4   190   161.0K    1.995     2196  OK
315    3    4      2     0    32   100     2      1     1    1    0    0     1     0     0     2     0   32     0     0    16     0    0   201   161.0K    2.000     2191  OK
316    3    4      2     0    32   100     2      1     1    2    0    0     1     0     0     2     0   32     0     0    16     0    0   201   161.0K    2.000     2190  OK
317    3    4      1     0    32   100     2      1     1    5    0    0     1     0     0     1     1   32     0     0    16     0    4   188   161.0K    2.003     2186  OK
318    4    4      2     0    32   100     2      1     1    6    0    0     1     0     0     0     0   32     0     0    16     0    0   212   193.0K    2.033     2155  OK
319    3    4      2     0    32   100     2      1     1    1    0    0     1     0     0     0     0   32     0     0    16     0    0   206   161.0K    2.053     2134  OK
320    3    4      2     0    32   100     2      1     1    2    0    0     1     0     0     0     0   32     0     0    16     0    0   206   161.0K    2.053     2134  OK
321    3    4      2     0    32   100     2      1     1    8    0    0     1     0     0     0     0   32     0     0    16     0    0   206   161.0K    2.054     2133  OK
322    3    4      1     0    32   100     4      1     1    5    0    0     1     0     0     0     1   32     0     0    32     0    0   212   161.0K    2.060     2126  OK
323    4    4      1     0    32   100     4      1     1    5    0    0     1     0     0     0     1   32     0     0    32     0    0   218   193.0K    2.064     2122  OK
324    4    4      2     0    32   100     2      1     1    1    0    0     1     0     0     0     0   32     0     0    16     0    0   212   193.0K    2.073     2113  OK
325    4    4      2     0    32   100     2      1     1    2    0    0     1     0     0     0     0   32     0     0    16     0    0   212   193.0K    2.073     2113  OK
326    5    4      2     0    32   100     2      1     1    8    0    0     1     0     0     0     0   32     0     0    16     0    0   216   225.0K    2.399     1826  OK
327    5    4      2     0    32   100     2      1     1    6    0    0     1     0     0     0     0   32     0     0    16     0    0   216   225.0K    2.400     1825  OK
328    5    4      2     0    32   100     2      1     1    2    0    0     1     0     0     0     0   32     0     0    16     0    0   216   225.0K    2.411     1817  OK
329    5    4      2     0    32   100     2      1     1    1    0    0     1     0     0     0     0   32     0     0    16     0    0   216   225.0K    2.424     1807  OK

CSV written to /root/siglip/data/session_20260316_230241/sweep_fc2.csv

Best: -DINTERLEAVE_STRATEGY=1 -DN_STAGES=5 -DPHASE1_UNROLL=4 -DSTAGGER_CYCLES=100 -DTMA_RESIDUAL=1 → 1.472 ms / 2976 TFLOPS (243 regs)
