
[build] N=256 K=1024 M=928256 flags=['-DM_TOTAL=928256', '-DN_DIM=256', '-DK_DIM=1024']
$ make -B fc2-w3x DFLAGS=-DM_TOTAL=928256 -DN_DIM=256 -DK_DIM=1024
nvcc -gencode arch=compute_100a,code=sm_100a -O3 -std=c++17 -lineinfo --ptxas-options=-v --cudart=static -DM_TOTAL=928256 -DN_DIM=256 -DK_DIM=1024 fc2_w3x.cu -o fc2-w3x -lcurand_static -lculibos -lcuda
ptxas info    : 0 bytes gmem
ptxas info    : Compiling entry function '_Z14fc2_w3x_kernelILi54ELi8ELi64EEv14CUtensorMap_stS0_S0_PK13__nv_bfloat16PS1_PmS5_S5_S5_S5_' for 'sm_100a'
ptxas info    : Function properties for _Z14fc2_w3x_kernelILi54ELi8ELi64EEv14CUtensorMap_stS0_S0_PK13__nv_bfloat16PS1_PmS5_S5_S5_S5_
    0 bytes stack frame, 0 bytes spill stores, 0 bytes spill loads
ptxas info    : Used 64 registers, used 1 barriers
ptxas info    : Compile time = 65.373 ms
ptxas info    : Compiling entry function '_Z14fc2_w3x_kernelILi54ELi8ELi48EEv14CUtensorMap_stS0_S0_PK13__nv_bfloat16PS1_PmS5_S5_S5_S5_' for 'sm_100a'
ptxas info    : Function properties for _Z14fc2_w3x_kernelILi54ELi8ELi48EEv14CUtensorMap_stS0_S0_PK13__nv_bfloat16PS1_PmS5_S5_S5_S5_
    0 bytes stack frame, 0 bytes spill stores, 0 bytes spill loads
ptxas info    : Used 64 registers, used 1 barriers
ptxas info    : Compile time = 63.966 ms
ptxas info    : Compiling entry function '_Z14fc2_w3x_kernelILi54ELi8ELi32EEv14CUtensorMap_stS0_S0_PK13__nv_bfloat16PS1_PmS5_S5_S5_S5_' for 'sm_100a'
ptxas info    : Function properties for _Z14fc2_w3x_kernelILi54ELi8ELi32EEv14CUtensorMap_stS0_S0_PK13__nv_bfloat16PS1_PmS5_S5_S5_S5_
    0 bytes stack frame, 0 bytes spill stores, 0 bytes spill loads
ptxas info    : Used 64 registers, used 1 barriers
ptxas info    : Compile time = 65.199 ms
ptxas info    : Compiling entry function '_Z14fc2_w3x_kernelILi54ELi8ELi24EEv14CUtensorMap_stS0_S0_PK13__nv_bfloat16PS1_PmS5_S5_S5_S5_' for 'sm_100a'
ptxas info    : Function properties for _Z14fc2_w3x_kernelILi54ELi8ELi24EEv14CUtensorMap_stS0_S0_PK13__nv_bfloat16PS1_PmS5_S5_S5_S5_
    0 bytes stack frame, 0 bytes spill stores, 0 bytes spill loads
ptxas info    : Used 64 registers, used 1 barriers
ptxas info    : Compile time = 64.478 ms
ptxas info    : Compiling entry function '_Z14fc2_w3x_kernelILi54ELi8ELi16EEv14CUtensorMap_stS0_S0_PK13__nv_bfloat16PS1_PmS5_S5_S5_S5_' for 'sm_100a'
ptxas info    : Function properties for _Z14fc2_w3x_kernelILi54ELi8ELi16EEv14CUtensorMap_stS0_S0_PK13__nv_bfloat16PS1_PmS5_S5_S5_S5_
    0 bytes stack frame, 0 bytes spill stores, 0 bytes spill loads
ptxas info    : Used 64 registers, used 1 barriers
ptxas info    : Compile time = 63.672 ms
ptxas info    : Compiling entry function '_Z14fc2_w3x_kernelILi54ELi8ELi12EEv14CUtensorMap_stS0_S0_PK13__nv_bfloat16PS1_PmS5_S5_S5_S5_' for 'sm_100a'
ptxas info    : Function properties for _Z14fc2_w3x_kernelILi54ELi8ELi12EEv14CUtensorMap_stS0_S0_PK13__nv_bfloat16PS1_PmS5_S5_S5_S5_
    0 bytes stack frame, 0 bytes spill stores, 0 bytes spill loads
ptxas info    : Used 64 registers, used 1 barriers
ptxas info    : Compile time = 62.897 ms
ptxas info    : Compiling entry function '_Z14fc2_w3x_kernelILi54ELi8ELi8EEv14CUtensorMap_stS0_S0_PK13__nv_bfloat16PS1_PmS5_S5_S5_S5_' for 'sm_100a'
ptxas info    : Function properties for _Z14fc2_w3x_kernelILi54ELi8ELi8EEv14CUtensorMap_stS0_S0_PK13__nv_bfloat16PS1_PmS5_S5_S5_S5_
    0 bytes stack frame, 0 bytes spill stores, 0 bytes spill loads
ptxas info    : Used 64 registers, used 1 barriers
ptxas info    : Compile time = 61.965 ms
ptxas info    : Compiling entry function '_Z14fc2_w3x_kernelILi54ELi8ELi4EEv14CUtensorMap_stS0_S0_PK13__nv_bfloat16PS1_PmS5_S5_S5_S5_' for 'sm_100a'
ptxas info    : Function properties for _Z14fc2_w3x_kernelILi54ELi8ELi4EEv14CUtensorMap_stS0_S0_PK13__nv_bfloat16PS1_PmS5_S5_S5_S5_
    0 bytes stack frame, 0 bytes spill stores, 0 bytes spill loads
ptxas info    : Used 64 registers, used 1 barriers
ptxas info    : Compile time = 61.405 ms
ptxas info    : Compiling entry function '_Z14fc2_w3x_kernelILi54ELi8ELi0EEv14CUtensorMap_stS0_S0_PK13__nv_bfloat16PS1_PmS5_S5_S5_S5_' for 'sm_100a'
ptxas info    : Function properties for _Z14fc2_w3x_kernelILi54ELi8ELi0EEv14CUtensorMap_stS0_S0_PK13__nv_bfloat16PS1_PmS5_S5_S5_S5_
    0 bytes stack frame, 0 bytes spill stores, 0 bytes spill loads
ptxas info    : Used 64 registers, used 1 barriers
ptxas info    : Compile time = 61.851 ms
ptxas info    : Compiling entry function '_Z14fc2_w3x_kernelILi99ELi8ELi20EEv14CUtensorMap_stS0_S0_PK13__nv_bfloat16PS1_PmS5_S5_S5_S5_' for 'sm_100a'
ptxas info    : Function properties for _Z14fc2_w3x_kernelILi99ELi8ELi20EEv14CUtensorMap_stS0_S0_PK13__nv_bfloat16PS1_PmS5_S5_S5_S5_
    0 bytes stack frame, 0 bytes spill stores, 0 bytes spill loads
ptxas info    : Used 64 registers, used 1 barriers
ptxas info    : Compile time = 63.015 ms
ptxas info    : Compiling entry function '_Z14fc2_w3x_kernelILi98ELi8ELi20EEv14CUtensorMap_stS0_S0_PK13__nv_bfloat16PS1_PmS5_S5_S5_S5_' for 'sm_100a'
ptxas info    : Function properties for _Z14fc2_w3x_kernelILi98ELi8ELi20EEv14CUtensorMap_stS0_S0_PK13__nv_bfloat16PS1_PmS5_S5_S5_S5_
    0 bytes stack frame, 0 bytes spill stores, 0 bytes spill loads
ptxas info    : Used 64 registers, used 1 barriers
ptxas info    : Compile time = 62.788 ms
ptxas info    : Compiling entry function '_Z14fc2_w3x_kernelILi97ELi8ELi20EEv14CUtensorMap_stS0_S0_PK13__nv_bfloat16PS1_PmS5_S5_S5_S5_' for 'sm_100a'
ptxas info    : Function properties for _Z14fc2_w3x_kernelILi97ELi8ELi20EEv14CUtensorMap_stS0_S0_PK13__nv_bfloat16PS1_PmS5_S5_S5_S5_
    0 bytes stack frame, 0 bytes spill stores, 0 bytes spill loads
ptxas info    : Used 64 registers, used 1 barriers
ptxas info    : Compile time = 62.077 ms
ptxas info    : Compiling entry function '_Z14fc2_w3x_kernelILi96ELi8ELi20EEv14CUtensorMap_stS0_S0_PK13__nv_bfloat16PS1_PmS5_S5_S5_S5_' for 'sm_100a'
ptxas info    : Function properties for _Z14fc2_w3x_kernelILi96ELi8ELi20EEv14CUtensorMap_stS0_S0_PK13__nv_bfloat16PS1_PmS5_S5_S5_S5_
    0 bytes stack frame, 0 bytes spill stores, 0 bytes spill loads
ptxas info    : Used 64 registers, used 1 barriers
ptxas info    : Compile time = 62.065 ms
ptxas info    : Compiling entry function '_Z14fc2_w3x_kernelILi95ELi8ELi20EEv14CUtensorMap_stS0_S0_PK13__nv_bfloat16PS1_PmS5_S5_S5_S5_' for 'sm_100a'
ptxas info    : Function properties for _Z14fc2_w3x_kernelILi95ELi8ELi20EEv14CUtensorMap_stS0_S0_PK13__nv_bfloat16PS1_PmS5_S5_S5_S5_
    0 bytes stack frame, 0 bytes spill stores, 0 bytes spill loads
ptxas info    : Used 64 registers, used 1 barriers
ptxas info    : Compile time = 61.109 ms
ptxas info    : Compiling entry function '_Z14fc2_w3x_kernelILi94ELi8ELi20EEv14CUtensorMap_stS0_S0_PK13__nv_bfloat16PS1_PmS5_S5_S5_S5_' for 'sm_100a'
ptxas info    : Function properties for _Z14fc2_w3x_kernelILi94ELi8ELi20EEv14CUtensorMap_stS0_S0_PK13__nv_bfloat16PS1_PmS5_S5_S5_S5_
    0 bytes stack frame, 0 bytes spill stores, 0 bytes spill loads
ptxas info    : Used 64 registers, used 1 barriers
ptxas info    : Compile time = 61.912 ms
ptxas info    : Compiling entry function '_Z14fc2_w3x_kernelILi93ELi8ELi20EEv14CUtensorMap_stS0_S0_PK13__nv_bfloat16PS1_PmS5_S5_S5_S5_' for 'sm_100a'
ptxas info    : Function properties for _Z14fc2_w3x_kernelILi93ELi8ELi20EEv14CUtensorMap_stS0_S0_PK13__nv_bfloat16PS1_PmS5_S5_S5_S5_
    0 bytes stack frame, 0 bytes spill stores, 0 bytes spill loads
ptxas info    : Used 64 registers, used 1 barriers
ptxas info    : Compile time = 62.066 ms
ptxas info    : Compiling entry function '_Z14fc2_w3x_kernelILi92ELi8ELi20EEv14CUtensorMap_stS0_S0_PK13__nv_bfloat16PS1_PmS5_S5_S5_S5_' for 'sm_100a'
ptxas info    : Function properties for _Z14fc2_w3x_kernelILi92ELi8ELi20EEv14CUtensorMap_stS0_S0_PK13__nv_bfloat16PS1_PmS5_S5_S5_S5_
    0 bytes stack frame, 0 bytes spill stores, 0 bytes spill loads
ptxas info    : Used 64 registers, used 1 barriers
ptxas info    : Compile time = 62.931 ms
ptxas info    : Compiling entry function '_Z14fc2_w3x_kernelILi91ELi8ELi20EEv14CUtensorMap_stS0_S0_PK13__nv_bfloat16PS1_PmS5_S5_S5_S5_' for 'sm_100a'
ptxas info    : Function properties for _Z14fc2_w3x_kernelILi91ELi8ELi20EEv14CUtensorMap_stS0_S0_PK13__nv_bfloat16PS1_PmS5_S5_S5_S5_
    0 bytes stack frame, 0 bytes spill stores, 0 bytes spill loads
ptxas info    : Used 64 registers, used 1 barriers
ptxas info    : Compile time = 61.533 ms
ptxas info    : Compiling entry function '_Z14fc2_w3x_kernelILi90ELi8ELi20EEv14CUtensorMap_stS0_S0_PK13__nv_bfloat16PS1_PmS5_S5_S5_S5_' for 'sm_100a'
ptxas info    : Function properties for _Z14fc2_w3x_kernelILi90ELi8ELi20EEv14CUtensorMap_stS0_S0_PK13__nv_bfloat16PS1_PmS5_S5_S5_S5_
    0 bytes stack frame, 0 bytes spill stores, 0 bytes spill loads
ptxas info    : Used 64 registers, used 1 barriers
ptxas info    : Compile time = 62.248 ms
ptxas info    : Compiling entry function '_Z14fc2_w3x_kernelILi89ELi8ELi20EEv14CUtensorMap_stS0_S0_PK13__nv_bfloat16PS1_PmS5_S5_S5_S5_' for 'sm_100a'
ptxas info    : Function properties for _Z14fc2_w3x_kernelILi89ELi8ELi20EEv14CUtensorMap_stS0_S0_PK13__nv_bfloat16PS1_PmS5_S5_S5_S5_
    0 bytes stack frame, 0 bytes spill stores, 0 bytes spill loads
ptxas info    : Used 64 registers, used 1 barriers
ptxas info    : Compile time = 62.178 ms
ptxas info    : Compiling entry function '_Z14fc2_w3x_kernelILi88ELi8ELi20EEv14CUtensorMap_stS0_S0_PK13__nv_bfloat16PS1_PmS5_S5_S5_S5_' for 'sm_100a'
ptxas info    : Function properties for _Z14fc2_w3x_kernelILi88ELi8ELi20EEv14CUtensorMap_stS0_S0_PK13__nv_bfloat16PS1_PmS5_S5_S5_S5_
    0 bytes stack frame, 0 bytes spill stores, 0 bytes spill loads
ptxas info    : Used 64 registers, used 1 barriers
ptxas info    : Compile time = 61.659 ms
ptxas info    : Compiling entry function '_Z14fc2_w3x_kernelILi87ELi8ELi20EEv14CUtensorMap_stS0_S0_PK13__nv_bfloat16PS1_PmS5_S5_S5_S5_' for 'sm_100a'
ptxas info    : Function properties for _Z14fc2_w3x_kernelILi87ELi8ELi20EEv14CUtensorMap_stS0_S0_PK13__nv_bfloat16PS1_PmS5_S5_S5_S5_
    0 bytes stack frame, 0 bytes spill stores, 0 bytes spill loads
ptxas info    : Used 64 registers, used 1 barriers
ptxas info    : Compile time = 61.753 ms
ptxas info    : Compiling entry function '_Z14fc2_w3x_kernelILi86ELi8ELi20EEv14CUtensorMap_stS0_S0_PK13__nv_bfloat16PS1_PmS5_S5_S5_S5_' for 'sm_100a'
ptxas info    : Function properties for _Z14fc2_w3x_kernelILi86ELi8ELi20EEv14CUtensorMap_stS0_S0_PK13__nv_bfloat16PS1_PmS5_S5_S5_S5_
    0 bytes stack frame, 0 bytes spill stores, 0 bytes spill loads
ptxas info    : Used 64 registers, used 1 barriers
ptxas info    : Compile time = 61.626 ms
ptxas info    : Compiling entry function '_Z14fc2_w3x_kernelILi85ELi8ELi20EEv14CUtensorMap_stS0_S0_PK13__nv_bfloat16PS1_PmS5_S5_S5_S5_' for 'sm_100a'
ptxas info    : Function properties for _Z14fc2_w3x_kernelILi85ELi8ELi20EEv14CUtensorMap_stS0_S0_PK13__nv_bfloat16PS1_PmS5_S5_S5_S5_
    0 bytes stack frame, 0 bytes spill stores, 0 bytes spill loads
ptxas info    : Used 64 registers, used 1 barriers
ptxas info    : Compile time = 62.085 ms
ptxas info    : Compiling entry function '_Z14fc2_w3x_kernelILi84ELi8ELi20EEv14CUtensorMap_stS0_S0_PK13__nv_bfloat16PS1_PmS5_S5_S5_S5_' for 'sm_100a'
ptxas info    : Function properties for _Z14fc2_w3x_kernelILi84ELi8ELi20EEv14CUtensorMap_stS0_S0_PK13__nv_bfloat16PS1_PmS5_S5_S5_S5_
    0 bytes stack frame, 0 bytes spill stores, 0 bytes spill loads
ptxas info    : Used 64 registers, used 1 barriers
ptxas info    : Compile time = 62.572 ms
ptxas info    : Compiling entry function '_Z14fc2_w3x_kernelILi83ELi8ELi20EEv14CUtensorMap_stS0_S0_PK13__nv_bfloat16PS1_PmS5_S5_S5_S5_' for 'sm_100a'
ptxas info    : Function properties for _Z14fc2_w3x_kernelILi83ELi8ELi20EEv14CUtensorMap_stS0_S0_PK13__nv_bfloat16PS1_PmS5_S5_S5_S5_
    0 bytes stack frame, 0 bytes spill stores, 0 bytes spill loads
ptxas info    : Used 64 registers, used 1 barriers
ptxas info    : Compile time = 61.788 ms
ptxas info    : Compiling entry function '_Z14fc2_w3x_kernelILi82ELi8ELi20EEv14CUtensorMap_stS0_S0_PK13__nv_bfloat16PS1_PmS5_S5_S5_S5_' for 'sm_100a'
ptxas info    : Function properties for _Z14fc2_w3x_kernelILi82ELi8ELi20EEv14CUtensorMap_stS0_S0_PK13__nv_bfloat16PS1_PmS5_S5_S5_S5_
    0 bytes stack frame, 0 bytes spill stores, 0 bytes spill loads
ptxas info    : Used 64 registers, used 1 barriers
ptxas info    : Compile time = 62.755 ms
ptxas info    : Compiling entry function '_Z14fc2_w3x_kernelILi81ELi8ELi20EEv14CUtensorMap_stS0_S0_PK13__nv_bfloat16PS1_PmS5_S5_S5_S5_' for 'sm_100a'
ptxas info    : Function properties for _Z14fc2_w3x_kernelILi81ELi8ELi20EEv14CUtensorMap_stS0_S0_PK13__nv_bfloat16PS1_PmS5_S5_S5_S5_
    0 bytes stack frame, 0 bytes spill stores, 0 bytes spill loads
ptxas info    : Used 64 registers, used 1 barriers
ptxas info    : Compile time = 63.633 ms
ptxas info    : Compiling entry function '_Z14fc2_w3x_kernelILi80ELi8ELi20EEv14CUtensorMap_stS0_S0_PK13__nv_bfloat16PS1_PmS5_S5_S5_S5_' for 'sm_100a'
ptxas info    : Function properties for _Z14fc2_w3x_kernelILi80ELi8ELi20EEv14CUtensorMap_stS0_S0_PK13__nv_bfloat16PS1_PmS5_S5_S5_S5_
    0 bytes stack frame, 0 bytes spill stores, 0 bytes spill loads
ptxas info    : Used 64 registers, used 1 barriers
ptxas info    : Compile time = 63.040 ms
ptxas info    : Compiling entry function '_Z14fc2_w3x_kernelILi58ELi8ELi20EEv14CUtensorMap_stS0_S0_PK13__nv_bfloat16PS1_PmS5_S5_S5_S5_' for 'sm_100a'
ptxas info    : Function properties for _Z14fc2_w3x_kernelILi58ELi8ELi20EEv14CUtensorMap_stS0_S0_PK13__nv_bfloat16PS1_PmS5_S5_S5_S5_
    0 bytes stack frame, 0 bytes spill stores, 0 bytes spill loads
ptxas info    : Used 64 registers, used 1 barriers
ptxas info    : Compile time = 63.150 ms
ptxas info    : Compiling entry function '_Z14fc2_w3x_kernelILi57ELi8ELi20EEv14CUtensorMap_stS0_S0_PK13__nv_bfloat16PS1_PmS5_S5_S5_S5_' for 'sm_100a'
ptxas info    : Function properties for _Z14fc2_w3x_kernelILi57ELi8ELi20EEv14CUtensorMap_stS0_S0_PK13__nv_bfloat16PS1_PmS5_S5_S5_S5_
    0 bytes stack frame, 0 bytes spill stores, 0 bytes spill loads
ptxas info    : Used 64 registers, used 1 barriers
ptxas info    : Compile time = 62.332 ms
ptxas info    : Compiling entry function '_Z14fc2_w3x_kernelILi56ELi8ELi20EEv14CUtensorMap_stS0_S0_PK13__nv_bfloat16PS1_PmS5_S5_S5_S5_' for 'sm_100a'
ptxas info    : Function properties for _Z14fc2_w3x_kernelILi56ELi8ELi20EEv14CUtensorMap_stS0_S0_PK13__nv_bfloat16PS1_PmS5_S5_S5_S5_
    0 bytes stack frame, 0 bytes spill stores, 0 bytes spill loads
ptxas info    : Used 64 registers, used 1 barriers
ptxas info    : Compile time = 63.234 ms
ptxas info    : Compiling entry function '_Z14fc2_w3x_kernelILi55ELi8ELi20EEv14CUtensorMap_stS0_S0_PK13__nv_bfloat16PS1_PmS5_S5_S5_S5_' for 'sm_100a'
ptxas info    : Function properties for _Z14fc2_w3x_kernelILi55ELi8ELi20EEv14CUtensorMap_stS0_S0_PK13__nv_bfloat16PS1_PmS5_S5_S5_S5_
    0 bytes stack frame, 0 bytes spill stores, 0 bytes spill loads
ptxas info    : Used 64 registers, used 1 barriers
ptxas info    : Compile time = 63.557 ms
ptxas info    : Compiling entry function '_Z14fc2_w3x_kernelILi54ELi8ELi20EEv14CUtensorMap_stS0_S0_PK13__nv_bfloat16PS1_PmS5_S5_S5_S5_' for 'sm_100a'
ptxas info    : Function properties for _Z14fc2_w3x_kernelILi54ELi8ELi20EEv14CUtensorMap_stS0_S0_PK13__nv_bfloat16PS1_PmS5_S5_S5_S5_
    0 bytes stack frame, 0 bytes spill stores, 0 bytes spill loads
ptxas info    : Used 64 registers, used 1 barriers
ptxas info    : Compile time = 62.381 ms
ptxas info    : Compiling entry function '_Z14fc2_w3x_kernelILi53ELi8ELi20EEv14CUtensorMap_stS0_S0_PK13__nv_bfloat16PS1_PmS5_S5_S5_S5_' for 'sm_100a'
ptxas info    : Function properties for _Z14fc2_w3x_kernelILi53ELi8ELi20EEv14CUtensorMap_stS0_S0_PK13__nv_bfloat16PS1_PmS5_S5_S5_S5_
    0 bytes stack frame, 0 bytes spill stores, 0 bytes spill loads
ptxas info    : Used 64 registers, used 1 barriers
ptxas info    : Compile time = 62.625 ms
ptxas info    : Compiling entry function '_Z14fc2_w3x_kernelILi52ELi8ELi20EEv14CUtensorMap_stS0_S0_PK13__nv_bfloat16PS1_PmS5_S5_S5_S5_' for 'sm_100a'
ptxas info    : Function properties for _Z14fc2_w3x_kernelILi52ELi8ELi20EEv14CUtensorMap_stS0_S0_PK13__nv_bfloat16PS1_PmS5_S5_S5_S5_
    0 bytes stack frame, 0 bytes spill stores, 0 bytes spill loads
ptxas info    : Used 64 registers, used 1 barriers
ptxas info    : Compile time = 63.868 ms
ptxas info    : Compiling entry function '_Z14fc2_w3x_kernelILi51ELi8ELi20EEv14CUtensorMap_stS0_S0_PK13__nv_bfloat16PS1_PmS5_S5_S5_S5_' for 'sm_100a'
ptxas info    : Function properties for _Z14fc2_w3x_kernelILi51ELi8ELi20EEv14CUtensorMap_stS0_S0_PK13__nv_bfloat16PS1_PmS5_S5_S5_S5_
    0 bytes stack frame, 0 bytes spill stores, 0 bytes spill loads
ptxas info    : Used 64 registers, used 1 barriers
ptxas info    : Compile time = 63.801 ms
ptxas info    : Compiling entry function '_Z14fc2_w3x_kernelILi50ELi8ELi20EEv14CUtensorMap_stS0_S0_PK13__nv_bfloat16PS1_PmS5_S5_S5_S5_' for 'sm_100a'
ptxas info    : Function properties for _Z14fc2_w3x_kernelILi50ELi8ELi20EEv14CUtensorMap_stS0_S0_PK13__nv_bfloat16PS1_PmS5_S5_S5_S5_
    0 bytes stack frame, 0 bytes spill stores, 0 bytes spill loads
ptxas info    : Used 64 registers, used 1 barriers
ptxas info    : Compile time = 62.735 ms
ptxas info    : Compiling entry function '_Z14fc2_w3x_kernelILi49ELi8ELi20EEv14CUtensorMap_stS0_S0_PK13__nv_bfloat16PS1_PmS5_S5_S5_S5_' for 'sm_100a'
ptxas info    : Function properties for _Z14fc2_w3x_kernelILi49ELi8ELi20EEv14CUtensorMap_stS0_S0_PK13__nv_bfloat16PS1_PmS5_S5_S5_S5_
    0 bytes stack frame, 0 bytes spill stores, 0 bytes spill loads
ptxas info    : Used 64 registers, used 1 barriers
ptxas info    : Compile time = 62.065 ms
ptxas info    : Compiling entry function '_Z14fc2_w3x_kernelILi19ELi16ELi20EEv14CUtensorMap_stS0_S0_PK13__nv_bfloat16PS1_PmS5_S5_S5_S5_' for 'sm_100a'
ptxas info    : Function properties for _Z14fc2_w3x_kernelILi19ELi16ELi20EEv14CUtensorMap_stS0_S0_PK13__nv_bfloat16PS1_PmS5_S5_S5_S5_
    0 bytes stack frame, 0 bytes spill stores, 0 bytes spill loads
ptxas info    : Used 64 registers, used 1 barriers
ptxas info    : Compile time = 61.225 ms
ptxas info    : Compiling entry function '_Z14fc2_w3x_kernelILi19ELi4ELi20EEv14CUtensorMap_stS0_S0_PK13__nv_bfloat16PS1_PmS5_S5_S5_S5_' for 'sm_100a'
ptxas info    : Function properties for _Z14fc2_w3x_kernelILi19ELi4ELi20EEv14CUtensorMap_stS0_S0_PK13__nv_bfloat16PS1_PmS5_S5_S5_S5_
    0 bytes stack frame, 0 bytes spill stores, 0 bytes spill loads
ptxas info    : Used 64 registers, used 1 barriers
ptxas info    : Compile time = 61.299 ms
ptxas info    : Compiling entry function '_Z14fc2_w3x_kernelILi48ELi8ELi20EEv14CUtensorMap_stS0_S0_PK13__nv_bfloat16PS1_PmS5_S5_S5_S5_' for 'sm_100a'
ptxas info    : Function properties for _Z14fc2_w3x_kernelILi48ELi8ELi20EEv14CUtensorMap_stS0_S0_PK13__nv_bfloat16PS1_PmS5_S5_S5_S5_
    0 bytes stack frame, 0 bytes spill stores, 0 bytes spill loads
ptxas info    : Used 64 registers, used 1 barriers
ptxas info    : Compile time = 63.134 ms
ptxas info    : Compiling entry function '_Z14fc2_w3x_kernelILi47ELi8ELi20EEv14CUtensorMap_stS0_S0_PK13__nv_bfloat16PS1_PmS5_S5_S5_S5_' for 'sm_100a'
ptxas info    : Function properties for _Z14fc2_w3x_kernelILi47ELi8ELi20EEv14CUtensorMap_stS0_S0_PK13__nv_bfloat16PS1_PmS5_S5_S5_S5_
    0 bytes stack frame, 0 bytes spill stores, 0 bytes spill loads
ptxas info    : Used 64 registers, used 1 barriers
ptxas info    : Compile time = 62.222 ms
ptxas info    : Compiling entry function '_Z14fc2_w3x_kernelILi46ELi8ELi20EEv14CUtensorMap_stS0_S0_PK13__nv_bfloat16PS1_PmS5_S5_S5_S5_' for 'sm_100a'
ptxas info    : Function properties for _Z14fc2_w3x_kernelILi46ELi8ELi20EEv14CUtensorMap_stS0_S0_PK13__nv_bfloat16PS1_PmS5_S5_S5_S5_
    0 bytes stack frame, 0 bytes spill stores, 0 bytes spill loads
ptxas info    : Used 64 registers, used 1 barriers
ptxas info    : Compile time = 62.955 ms
ptxas info    : Compiling entry function '_Z14fc2_w3x_kernelILi45ELi8ELi20EEv14CUtensorMap_stS0_S0_PK13__nv_bfloat16PS1_PmS5_S5_S5_S5_' for 'sm_100a'
ptxas info    : Function properties for _Z14fc2_w3x_kernelILi45ELi8ELi20EEv14CUtensorMap_stS0_S0_PK13__nv_bfloat16PS1_PmS5_S5_S5_S5_
    0 bytes stack frame, 0 bytes spill stores, 0 bytes spill loads
ptxas info    : Used 64 registers, used 1 barriers
ptxas info    : Compile time = 63.112 ms
ptxas info    : Compiling entry function '_Z14fc2_w3x_kernelILi44ELi8ELi20EEv14CUtensorMap_stS0_S0_PK13__nv_bfloat16PS1_PmS5_S5_S5_S5_' for 'sm_100a'
ptxas info    : Function properties for _Z14fc2_w3x_kernelILi44ELi8ELi20EEv14CUtensorMap_stS0_S0_PK13__nv_bfloat16PS1_PmS5_S5_S5_S5_
    0 bytes stack frame, 0 bytes spill stores, 0 bytes spill loads
ptxas info    : Used 64 registers, used 1 barriers
ptxas info    : Compile time = 62.262 ms
ptxas info    : Compiling entry function '_Z14fc2_w3x_kernelILi43ELi8ELi20EEv14CUtensorMap_stS0_S0_PK13__nv_bfloat16PS1_PmS5_S5_S5_S5_' for 'sm_100a'
ptxas info    : Function properties for _Z14fc2_w3x_kernelILi43ELi8ELi20EEv14CUtensorMap_stS0_S0_PK13__nv_bfloat16PS1_PmS5_S5_S5_S5_
    0 bytes stack frame, 0 bytes spill stores, 0 bytes spill loads
ptxas info    : Used 64 registers, used 1 barriers
ptxas info    : Compile time = 62.755 ms
ptxas info    : Compiling entry function '_Z14fc2_w3x_kernelILi41ELi8ELi20EEv14CUtensorMap_stS0_S0_PK13__nv_bfloat16PS1_PmS5_S5_S5_S5_' for 'sm_100a'
ptxas info    : Function properties for _Z14fc2_w3x_kernelILi41ELi8ELi20EEv14CUtensorMap_stS0_S0_PK13__nv_bfloat16PS1_PmS5_S5_S5_S5_
    0 bytes stack frame, 0 bytes spill stores, 0 bytes spill loads
ptxas info    : Used 64 registers, used 1 barriers
ptxas info    : Compile time = 61.622 ms
ptxas info    : Compiling entry function '_Z14fc2_w3x_kernelILi40ELi8ELi20EEv14CUtensorMap_stS0_S0_PK13__nv_bfloat16PS1_PmS5_S5_S5_S5_' for 'sm_100a'
ptxas info    : Function properties for _Z14fc2_w3x_kernelILi40ELi8ELi20EEv14CUtensorMap_stS0_S0_PK13__nv_bfloat16PS1_PmS5_S5_S5_S5_
    0 bytes stack frame, 0 bytes spill stores, 0 bytes spill loads
ptxas info    : Used 64 registers, used 1 barriers
ptxas info    : Compile time = 60.411 ms
ptxas info    : Compiling entry function '_Z14fc2_w3x_kernelILi39ELi8ELi20EEv14CUtensorMap_stS0_S0_PK13__nv_bfloat16PS1_PmS5_S5_S5_S5_' for 'sm_100a'
ptxas info    : Function properties for _Z14fc2_w3x_kernelILi39ELi8ELi20EEv14CUtensorMap_stS0_S0_PK13__nv_bfloat16PS1_PmS5_S5_S5_S5_
    0 bytes stack frame, 0 bytes spill stores, 0 bytes spill loads
ptxas info    : Used 64 registers, used 1 barriers
ptxas info    : Compile time = 61.735 ms
ptxas info    : Compiling entry function '_Z14fc2_w3x_kernelILi38ELi8ELi20EEv14CUtensorMap_stS0_S0_PK13__nv_bfloat16PS1_PmS5_S5_S5_S5_' for 'sm_100a'
ptxas info    : Function properties for _Z14fc2_w3x_kernelILi38ELi8ELi20EEv14CUtensorMap_stS0_S0_PK13__nv_bfloat16PS1_PmS5_S5_S5_S5_
    0 bytes stack frame, 0 bytes spill stores, 0 bytes spill loads
ptxas info    : Used 64 registers, used 1 barriers
ptxas info    : Compile time = 63.328 ms
ptxas info    : Compiling entry function '_Z14fc2_w3x_kernelILi36ELi4ELi20EEv14CUtensorMap_stS0_S0_PK13__nv_bfloat16PS1_PmS5_S5_S5_S5_' for 'sm_100a'
ptxas info    : Function properties for _Z14fc2_w3x_kernelILi36ELi4ELi20EEv14CUtensorMap_stS0_S0_PK13__nv_bfloat16PS1_PmS5_S5_S5_S5_
    0 bytes stack frame, 0 bytes spill stores, 0 bytes spill loads
ptxas info    : Used 64 registers, used 1 barriers
ptxas info    : Compile time = 61.532 ms
ptxas info    : Compiling entry function '_Z14fc2_w3x_kernelILi35ELi4ELi20EEv14CUtensorMap_stS0_S0_PK13__nv_bfloat16PS1_PmS5_S5_S5_S5_' for 'sm_100a'
ptxas info    : Function properties for _Z14fc2_w3x_kernelILi35ELi4ELi20EEv14CUtensorMap_stS0_S0_PK13__nv_bfloat16PS1_PmS5_S5_S5_S5_
    0 bytes stack frame, 0 bytes spill stores, 0 bytes spill loads
ptxas info    : Used 64 registers, used 1 barriers
ptxas info    : Compile time = 62.726 ms
ptxas info    : Compiling entry function '_Z14fc2_w3x_kernelILi34ELi8ELi20EEv14CUtensorMap_stS0_S0_PK13__nv_bfloat16PS1_PmS5_S5_S5_S5_' for 'sm_100a'
ptxas info    : Function properties for _Z14fc2_w3x_kernelILi34ELi8ELi20EEv14CUtensorMap_stS0_S0_PK13__nv_bfloat16PS1_PmS5_S5_S5_S5_
    0 bytes stack frame, 0 bytes spill stores, 0 bytes spill loads
ptxas info    : Used 64 registers, used 1 barriers
ptxas info    : Compile time = 63.789 ms
ptxas info    : Compiling entry function '_Z14fc2_w3x_kernelILi33ELi8ELi20EEv14CUtensorMap_stS0_S0_PK13__nv_bfloat16PS1_PmS5_S5_S5_S5_' for 'sm_100a'
ptxas info    : Function properties for _Z14fc2_w3x_kernelILi33ELi8ELi20EEv14CUtensorMap_stS0_S0_PK13__nv_bfloat16PS1_PmS5_S5_S5_S5_
    0 bytes stack frame, 0 bytes spill stores, 0 bytes spill loads
ptxas info    : Used 64 registers, used 1 barriers
ptxas info    : Compile time = 61.898 ms
ptxas info    : Compiling entry function '_Z14fc2_w3x_kernelILi19ELi8ELi20EEv14CUtensorMap_stS0_S0_PK13__nv_bfloat16PS1_PmS5_S5_S5_S5_' for 'sm_100a'
ptxas info    : Function properties for _Z14fc2_w3x_kernelILi19ELi8ELi20EEv14CUtensorMap_stS0_S0_PK13__nv_bfloat16PS1_PmS5_S5_S5_S5_
    0 bytes stack frame, 0 bytes spill stores, 0 bytes spill loads
ptxas info    : Used 64 registers, used 1 barriers
ptxas info    : Compile time = 61.686 ms
ptxas info    : Compiling entry function '_Z14fc2_w3x_kernelILi18ELi8ELi20EEv14CUtensorMap_stS0_S0_PK13__nv_bfloat16PS1_PmS5_S5_S5_S5_' for 'sm_100a'
ptxas info    : Function properties for _Z14fc2_w3x_kernelILi18ELi8ELi20EEv14CUtensorMap_stS0_S0_PK13__nv_bfloat16PS1_PmS5_S5_S5_S5_
    0 bytes stack frame, 0 bytes spill stores, 0 bytes spill loads
ptxas info    : Used 64 registers, used 1 barriers
ptxas info    : Compile time = 62.287 ms
ptxas info    : Compiling entry function '_Z14fc2_w3x_kernelILi13ELi8ELi20EEv14CUtensorMap_stS0_S0_PK13__nv_bfloat16PS1_PmS5_S5_S5_S5_' for 'sm_100a'
ptxas info    : Function properties for _Z14fc2_w3x_kernelILi13ELi8ELi20EEv14CUtensorMap_stS0_S0_PK13__nv_bfloat16PS1_PmS5_S5_S5_S5_
    0 bytes stack frame, 0 bytes spill stores, 0 bytes spill loads
ptxas info    : Used 64 registers, used 1 barriers
ptxas info    : Compile time = 59.975 ms
ptxas info    : Compiling entry function '_Z14fc2_w3x_kernelILi11ELi8ELi20EEv14CUtensorMap_stS0_S0_PK13__nv_bfloat16PS1_PmS5_S5_S5_S5_' for 'sm_100a'
ptxas info    : Function properties for _Z14fc2_w3x_kernelILi11ELi8ELi20EEv14CUtensorMap_stS0_S0_PK13__nv_bfloat16PS1_PmS5_S5_S5_S5_
    0 bytes stack frame, 0 bytes spill stores, 0 bytes spill loads
ptxas info    : Used 64 registers, used 1 barriers
ptxas info    : Compile time = 59.687 ms
ptxas info    : Compiling entry function '_Z14fc2_w3x_kernelILi0ELi32ELi20EEv14CUtensorMap_stS0_S0_PK13__nv_bfloat16PS1_PmS5_S5_S5_S5_' for 'sm_100a'
ptxas info    : Function properties for _Z14fc2_w3x_kernelILi0ELi32ELi20EEv14CUtensorMap_stS0_S0_PK13__nv_bfloat16PS1_PmS5_S5_S5_S5_
    0 bytes stack frame, 0 bytes spill stores, 0 bytes spill loads
ptxas info    : Used 64 registers, used 1 barriers
ptxas info    : Compile time = 61.541 ms
ptxas info    : Compiling entry function '_Z14fc2_w3x_kernelILi0ELi16ELi20EEv14CUtensorMap_stS0_S0_PK13__nv_bfloat16PS1_PmS5_S5_S5_S5_' for 'sm_100a'
ptxas info    : Function properties for _Z14fc2_w3x_kernelILi0ELi16ELi20EEv14CUtensorMap_stS0_S0_PK13__nv_bfloat16PS1_PmS5_S5_S5_S5_
    0 bytes stack frame, 0 bytes spill stores, 0 bytes spill loads
ptxas info    : Used 64 registers, used 1 barriers
ptxas info    : Compile time = 62.138 ms
ptxas info    : Compiling entry function '_Z14fc2_w3x_kernelILi0ELi4ELi20EEv14CUtensorMap_stS0_S0_PK13__nv_bfloat16PS1_PmS5_S5_S5_S5_' for 'sm_100a'
ptxas info    : Function properties for _Z14fc2_w3x_kernelILi0ELi4ELi20EEv14CUtensorMap_stS0_S0_PK13__nv_bfloat16PS1_PmS5_S5_S5_S5_
    0 bytes stack frame, 0 bytes spill stores, 0 bytes spill loads
ptxas info    : Used 64 registers, used 1 barriers
ptxas info    : Compile time = 61.465 ms
ptxas info    : Compiling entry function '_Z14fc2_w3x_kernelILi0ELi2ELi20EEv14CUtensorMap_stS0_S0_PK13__nv_bfloat16PS1_PmS5_S5_S5_S5_' for 'sm_100a'
ptxas info    : Function properties for _Z14fc2_w3x_kernelILi0ELi2ELi20EEv14CUtensorMap_stS0_S0_PK13__nv_bfloat16PS1_PmS5_S5_S5_S5_
    0 bytes stack frame, 0 bytes spill stores, 0 bytes spill loads
ptxas info    : Used 64 registers, used 1 barriers
ptxas info    : Compile time = 59.501 ms
ptxas info    : Compiling entry function '_Z14fc2_w3x_kernelILi0ELi8ELi20EEv14CUtensorMap_stS0_S0_PK13__nv_bfloat16PS1_PmS5_S5_S5_S5_' for 'sm_100a'
ptxas info    : Function properties for _Z14fc2_w3x_kernelILi0ELi8ELi20EEv14CUtensorMap_stS0_S0_PK13__nv_bfloat16PS1_PmS5_S5_S5_S5_
    0 bytes stack frame, 0 bytes spill stores, 0 bytes spill loads
ptxas info    : Used 64 registers, used 1 barriers
ptxas info    : Compile time = 61.297 ms
--- rep 1/3 ec=0
FC2 W3X kernel — 6-warp bias-only rank-1-shaped persistent
  [928256,1024] x [256,1024]^T  NS=5  THREADS=192  SMEM=181120 B  (cap 228KB)
  Alloc + init + pack done
  TMA + func attr done (SMEM=181120 B)  variant=default TD=0 DGG=8
Warmup (2 iters)...
Timing 1 reps × 10 iters/rep × 1 variant ...
@@SAMPLE rep=1 ms=0.22220 cyc=398053 cyc_min=390759 cyc_p50=393567 cyc_p95=396019 cyc_max=398053
@@STATS reps=1 mean=0.22220 std=0.00000 min=0.22220 p25=0.22220 p50=0.22220 p75=0.22220 max=0.22220 iqr=0.00000
FC2-W3X kernel: 0.222 ms  2190.27 TFLOPS
PASS  errors=0/32
@@RESULT ms=0.2222 tflops=2190.27 checksum=0.000000 valid=1 c0=1536.0
--- rep 2/3 ec=0
FC2 W3X kernel — 6-warp bias-only rank-1-shaped persistent
  [928256,1024] x [256,1024]^T  NS=5  THREADS=192  SMEM=181120 B  (cap 228KB)
  Alloc + init + pack done
  TMA + func attr done (SMEM=181120 B)  variant=default TD=0 DGG=8
Warmup (2 iters)...
Timing 1 reps × 10 iters/rep × 1 variant ...
@@SAMPLE rep=1 ms=0.22221 cyc=398379 cyc_min=391042 cyc_p50=393989 cyc_p95=396145 cyc_max=398379
@@STATS reps=1 mean=0.22221 std=0.00000 min=0.22221 p25=0.22221 p50=0.22221 p75=0.22221 max=0.22221 iqr=0.00000
FC2-W3X kernel: 0.222 ms  2190.14 TFLOPS
PASS  errors=0/32
@@RESULT ms=0.2222 tflops=2190.14 checksum=0.000000 valid=1 c0=1536.0
--- rep 3/3 ec=0
FC2 W3X kernel — 6-warp bias-only rank-1-shaped persistent
  [928256,1024] x [256,1024]^T  NS=5  THREADS=192  SMEM=181120 B  (cap 228KB)
  Alloc + init + pack done
  TMA + func attr done (SMEM=181120 B)  variant=default TD=0 DGG=8
Warmup (2 iters)...
Timing 1 reps × 10 iters/rep × 1 variant ...
@@SAMPLE rep=1 ms=0.22179 cyc=397381 cyc_min=391207 cyc_p50=393971 cyc_p95=396053 cyc_max=397381
@@STATS reps=1 mean=0.22179 std=0.00000 min=0.22179 p25=0.22179 p50=0.22179 p75=0.22179 max=0.22179 iqr=0.00000
FC2-W3X kernel: 0.222 ms  2194.34 TFLOPS
PASS  errors=0/32
@@RESULT ms=0.2218 tflops=2194.34 checksum=0.000000 valid=1 c0=1536.0
--- cublas epi=3 rep 1/1 ec=0
### CUBLASLT INTROSPECT M=928256 N=256 K=1024 epi=bias_only
### Heuristics returned: 8

# TSV
rank	heur	ms	cyc	algoId	tile	stages	cluster	inner	splitk	redux	swizzle	custom	waves	ws_MB
1	2	0.2015	372397	66	29	36	3	-1	1	0	0	1	78.41	0.0
2	1	0.2047	378316	66	32	36	3	-1	1	0	0	1	65.34	0.0
3	0	0.2109	389895	66	23	36	3	-1	1	0	0	1	49.00	0.0
4	3	0.2122	392164	66	20	36	3	-1	1	0	0	1	98.00	0.0
5	4	0.2161	399332	66	447	36	3	-1	1	0	0	1	24.50	0.0
6	5	0.2163	399823	66	177	36	3	-1	1	0	0	1	32.68	0.0
7	6	0.2357	435586	66	33	36	3	-1	1	0	0	1	130.68	0.0
8	7	0.2398	443146	66	184	36	5	-1	1	0	0	2	98.00	0.0

# Top-3 caps:

## rank=1  algoId=66  tile=29  stages=36  cluster=3  inner=-1  ms=0.2015
    CUBLASLT_ALGO_CAP_REDUCTION_SCHEME_MASK      = 2
    CUBLASLT_ALGO_CAP_CTA_SWIZZLING_SUPPORT      = 0
    CUBLASLT_ALGO_CAP_STRIDED_BATCH_SUPPORT      = 1
    CUBLASLT_ALGO_CAP_OUT_OF_PLACE_RESULT_SUPPORT = 1
    CUBLASLT_ALGO_CAP_CUSTOM_OPTION_MAX          = 7
    CUBLASLT_ALGO_CAP_POINTER_MODE_MASK          = 3
    CUBLASLT_ALGO_CAP_EPILOGUE_MASK              = 1023
    CUBLASLT_ALGO_CAP_TILE_IDS                   = --  (status=7 wrote=0)
    CUBLASLT_ALGO_CAP_STAGES_IDS                 = [36] (n=1, elem=4B)
    CUBLASLT_ALGO_CONFIG_CLUSTER_SHAPE_ID sz=2 → status=0 wrote=2 val=3

## rank=2  algoId=66  tile=32  stages=36  cluster=3  inner=-1  ms=0.2047
    CUBLASLT_ALGO_CAP_REDUCTION_SCHEME_MASK      = 2
    CUBLASLT_ALGO_CAP_CTA_SWIZZLING_SUPPORT      = 0
    CUBLASLT_ALGO_CAP_STRIDED_BATCH_SUPPORT      = 1
    CUBLASLT_ALGO_CAP_OUT_OF_PLACE_RESULT_SUPPORT = 1
    CUBLASLT_ALGO_CAP_CUSTOM_OPTION_MAX          = 7
    CUBLASLT_ALGO_CAP_POINTER_MODE_MASK          = 3
    CUBLASLT_ALGO_CAP_EPILOGUE_MASK              = 1023
    CUBLASLT_ALGO_CAP_TILE_IDS                   = --  (status=7 wrote=0)
    CUBLASLT_ALGO_CAP_STAGES_IDS                 = [36] (n=1, elem=4B)
    CUBLASLT_ALGO_CONFIG_CLUSTER_SHAPE_ID sz=2 → status=0 wrote=2 val=3

## rank=3  algoId=66  tile=23  stages=36  cluster=3  inner=-1  ms=0.2109
    CUBLASLT_ALGO_CAP_REDUCTION_SCHEME_MASK      = 2
    CUBLASLT_ALGO_CAP_CTA_SWIZZLING_SUPPORT      = 0
    CUBLASLT_ALGO_CAP_STRIDED_BATCH_SUPPORT      = 1
    CUBLASLT_ALGO_CAP_OUT_OF_PLACE_RESULT_SUPPORT = 1
    CUBLASLT_ALGO_CAP_CUSTOM_OPTION_MAX          = 7
    CUBLASLT_ALGO_CAP_POINTER_MODE_MASK          = 3
    CUBLASLT_ALGO_CAP_EPILOGUE_MASK              = 1023
    CUBLASLT_ALGO_CAP_TILE_IDS                   = --  (status=7 wrote=0)
    CUBLASLT_ALGO_CAP_STAGES_IDS                 = [36] (n=1, elem=4B)
    CUBLASLT_ALGO_CONFIG_CLUSTER_SHAPE_ID sz=2 → status=0 wrote=2 val=3

# Winner:  rank=1  tile=29  stages=36  cluster=3  inner=-1  splitk=1  swizzle=0  ms=0.2015  cyc=372397

@@RESULT ms=0.2015 cyc=372397 tflops=2414.97 checksum=0.000000 valid=1 c0=0.0
--- cublas epi=0 rep 1/1 ec=0
### CUBLASLT INTROSPECT M=928256 N=256 K=1024 epi=none
### Heuristics returned: 8

# TSV
rank	heur	ms	cyc	algoId	tile	stages	cluster	inner	splitk	redux	swizzle	custom	waves	ws_MB
1	3	0.2049	378601	66	20	36	3	-1	1	0	0	1	98.00	0.0
2	2	0.2064	381359	66	29	36	3	-1	1	0	0	1	78.41	0.0
3	1	0.2083	384981	66	32	36	3	-1	1	0	0	1	65.34	0.0
4	7	0.2098	387739	66	184	36	5	-1	1	0	0	2	98.00	0.0
5	0	0.2125	392789	66	23	36	3	-1	1	0	0	1	49.00	0.0
6	5	0.2173	401862	66	177	36	3	-1	1	0	0	1	32.68	0.0
7	4	0.2189	405006	66	447	36	3	-1	1	0	0	1	24.50	0.0
8	6	0.2239	413850	66	33	36	3	-1	1	0	0	1	130.68	0.0

# Top-3 caps:

## rank=1  algoId=66  tile=20  stages=36  cluster=3  inner=-1  ms=0.2049
    CUBLASLT_ALGO_CAP_REDUCTION_SCHEME_MASK      = 2
    CUBLASLT_ALGO_CAP_CTA_SWIZZLING_SUPPORT      = 0
    CUBLASLT_ALGO_CAP_STRIDED_BATCH_SUPPORT      = 1
    CUBLASLT_ALGO_CAP_OUT_OF_PLACE_RESULT_SUPPORT = 1
    CUBLASLT_ALGO_CAP_CUSTOM_OPTION_MAX          = 7
    CUBLASLT_ALGO_CAP_POINTER_MODE_MASK          = 3
    CUBLASLT_ALGO_CAP_EPILOGUE_MASK              = 1023
    CUBLASLT_ALGO_CAP_TILE_IDS                   = --  (status=7 wrote=0)
    CUBLASLT_ALGO_CAP_STAGES_IDS                 = [36] (n=1, elem=4B)
    CUBLASLT_ALGO_CONFIG_CLUSTER_SHAPE_ID sz=2 → status=0 wrote=2 val=3

## rank=2  algoId=66  tile=29  stages=36  cluster=3  inner=-1  ms=0.2064
    CUBLASLT_ALGO_CAP_REDUCTION_SCHEME_MASK      = 2
    CUBLASLT_ALGO_CAP_CTA_SWIZZLING_SUPPORT      = 0
    CUBLASLT_ALGO_CAP_STRIDED_BATCH_SUPPORT      = 1
    CUBLASLT_ALGO_CAP_OUT_OF_PLACE_RESULT_SUPPORT = 1
    CUBLASLT_ALGO_CAP_CUSTOM_OPTION_MAX          = 7
    CUBLASLT_ALGO_CAP_POINTER_MODE_MASK          = 3
    CUBLASLT_ALGO_CAP_EPILOGUE_MASK              = 1023
    CUBLASLT_ALGO_CAP_TILE_IDS                   = --  (status=7 wrote=0)
    CUBLASLT_ALGO_CAP_STAGES_IDS                 = [36] (n=1, elem=4B)
    CUBLASLT_ALGO_CONFIG_CLUSTER_SHAPE_ID sz=2 → status=0 wrote=2 val=3

## rank=3  algoId=66  tile=32  stages=36  cluster=3  inner=-1  ms=0.2083
    CUBLASLT_ALGO_CAP_REDUCTION_SCHEME_MASK      = 2
    CUBLASLT_ALGO_CAP_CTA_SWIZZLING_SUPPORT      = 0
    CUBLASLT_ALGO_CAP_STRIDED_BATCH_SUPPORT      = 1
    CUBLASLT_ALGO_CAP_OUT_OF_PLACE_RESULT_SUPPORT = 1
    CUBLASLT_ALGO_CAP_CUSTOM_OPTION_MAX          = 7
    CUBLASLT_ALGO_CAP_POINTER_MODE_MASK          = 3
    CUBLASLT_ALGO_CAP_EPILOGUE_MASK              = 1023
    CUBLASLT_ALGO_CAP_TILE_IDS                   = --  (status=7 wrote=0)
    CUBLASLT_ALGO_CAP_STAGES_IDS                 = [36] (n=1, elem=4B)
    CUBLASLT_ALGO_CONFIG_CLUSTER_SHAPE_ID sz=2 → status=0 wrote=2 val=3

# Winner:  rank=1  tile=20  stages=36  cluster=3  inner=-1  splitk=1  swizzle=0  ms=0.2049  cyc=378601

@@RESULT ms=0.2049 cyc=378601 tflops=2375.15 checksum=0.000000 valid=1 c0=0.0

[build] N=256 K=2048 M=928256 flags=['-DM_TOTAL=928256', '-DN_DIM=256', '-DK_DIM=2048']
$ make -B fc2-w3x DFLAGS=-DM_TOTAL=928256 -DN_DIM=256 -DK_DIM=2048
nvcc -gencode arch=compute_100a,code=sm_100a -O3 -std=c++17 -lineinfo --ptxas-options=-v --cudart=static -DM_TOTAL=928256 -DN_DIM=256 -DK_DIM=2048 fc2_w3x.cu -o fc2-w3x -lcurand_static -lculibos -lcuda
ptxas info    : 0 bytes gmem
ptxas info    : Compiling entry function '_Z14fc2_w3x_kernelILi54ELi8ELi64EEv14CUtensorMap_stS0_S0_PK13__nv_bfloat16PS1_PmS5_S5_S5_S5_' for 'sm_100a'
ptxas info    : Function properties for _Z14fc2_w3x_kernelILi54ELi8ELi64EEv14CUtensorMap_stS0_S0_PK13__nv_bfloat16PS1_PmS5_S5_S5_S5_
    0 bytes stack frame, 0 bytes spill stores, 0 bytes spill loads
ptxas info    : Used 64 registers, used 1 barriers
ptxas info    : Compile time = 64.743 ms
ptxas info    : Compiling entry function '_Z14fc2_w3x_kernelILi54ELi8ELi48EEv14CUtensorMap_stS0_S0_PK13__nv_bfloat16PS1_PmS5_S5_S5_S5_' for 'sm_100a'
ptxas info    : Function properties for _Z14fc2_w3x_kernelILi54ELi8ELi48EEv14CUtensorMap_stS0_S0_PK13__nv_bfloat16PS1_PmS5_S5_S5_S5_
    0 bytes stack frame, 0 bytes spill stores, 0 bytes spill loads
ptxas info    : Used 64 registers, used 1 barriers
ptxas info    : Compile time = 62.114 ms
ptxas info    : Compiling entry function '_Z14fc2_w3x_kernelILi54ELi8ELi32EEv14CUtensorMap_stS0_S0_PK13__nv_bfloat16PS1_PmS5_S5_S5_S5_' for 'sm_100a'
ptxas info    : Function properties for _Z14fc2_w3x_kernelILi54ELi8ELi32EEv14CUtensorMap_stS0_S0_PK13__nv_bfloat16PS1_PmS5_S5_S5_S5_
    0 bytes stack frame, 0 bytes spill stores, 0 bytes spill loads
ptxas info    : Used 64 registers, used 1 barriers
ptxas info    : Compile time = 63.062 ms
ptxas info    : Compiling entry function '_Z14fc2_w3x_kernelILi54ELi8ELi24EEv14CUtensorMap_stS0_S0_PK13__nv_bfloat16PS1_PmS5_S5_S5_S5_' for 'sm_100a'
ptxas info    : Function properties for _Z14fc2_w3x_kernelILi54ELi8ELi24EEv14CUtensorMap_stS0_S0_PK13__nv_bfloat16PS1_PmS5_S5_S5_S5_
    0 bytes stack frame, 0 bytes spill stores, 0 bytes spill loads
ptxas info    : Used 64 registers, used 1 barriers
ptxas info    : Compile time = 62.611 ms
ptxas info    : Compiling entry function '_Z14fc2_w3x_kernelILi54ELi8ELi16EEv14CUtensorMap_stS0_S0_PK13__nv_bfloat16PS1_PmS5_S5_S5_S5_' for 'sm_100a'
ptxas info    : Function properties for _Z14fc2_w3x_kernelILi54ELi8ELi16EEv14CUtensorMap_stS0_S0_PK13__nv_bfloat16PS1_PmS5_S5_S5_S5_
    0 bytes stack frame, 0 bytes spill stores, 0 bytes spill loads
ptxas info    : Used 64 registers, used 1 barriers
ptxas info    : Compile time = 63.491 ms
ptxas info    : Compiling entry function '_Z14fc2_w3x_kernelILi54ELi8ELi12EEv14CUtensorMap_stS0_S0_PK13__nv_bfloat16PS1_PmS5_S5_S5_S5_' for 'sm_100a'
ptxas info    : Function properties for _Z14fc2_w3x_kernelILi54ELi8ELi12EEv14CUtensorMap_stS0_S0_PK13__nv_bfloat16PS1_PmS5_S5_S5_S5_
    0 bytes stack frame, 0 bytes spill stores, 0 bytes spill loads
ptxas info    : Used 64 registers, used 1 barriers
ptxas info    : Compile time = 61.275 ms
ptxas info    : Compiling entry function '_Z14fc2_w3x_kernelILi54ELi8ELi8EEv14CUtensorMap_stS0_S0_PK13__nv_bfloat16PS1_PmS5_S5_S5_S5_' for 'sm_100a'
ptxas info    : Function properties for _Z14fc2_w3x_kernelILi54ELi8ELi8EEv14CUtensorMap_stS0_S0_PK13__nv_bfloat16PS1_PmS5_S5_S5_S5_
    0 bytes stack frame, 0 bytes spill stores, 0 bytes spill loads
ptxas info    : Used 64 registers, used 1 barriers
ptxas info    : Compile time = 60.420 ms
ptxas info    : Compiling entry function '_Z14fc2_w3x_kernelILi54ELi8ELi4EEv14CUtensorMap_stS0_S0_PK13__nv_bfloat16PS1_PmS5_S5_S5_S5_' for 'sm_100a'
ptxas info    : Function properties for _Z14fc2_w3x_kernelILi54ELi8ELi4EEv14CUtensorMap_stS0_S0_PK13__nv_bfloat16PS1_PmS5_S5_S5_S5_
    0 bytes stack frame, 0 bytes spill stores, 0 bytes spill loads
ptxas info    : Used 64 registers, used 1 barriers
ptxas info    : Compile time = 60.603 ms
ptxas info    : Compiling entry function '_Z14fc2_w3x_kernelILi54ELi8ELi0EEv14CUtensorMap_stS0_S0_PK13__nv_bfloat16PS1_PmS5_S5_S5_S5_' for 'sm_100a'
ptxas info    : Function properties for _Z14fc2_w3x_kernelILi54ELi8ELi0EEv14CUtensorMap_stS0_S0_PK13__nv_bfloat16PS1_PmS5_S5_S5_S5_
    0 bytes stack frame, 0 bytes spill stores, 0 bytes spill loads
ptxas info    : Used 64 registers, used 1 barriers
ptxas info    : Compile time = 60.837 ms
ptxas info    : Compiling entry function '_Z14fc2_w3x_kernelILi99ELi8ELi20EEv14CUtensorMap_stS0_S0_PK13__nv_bfloat16PS1_PmS5_S5_S5_S5_' for 'sm_100a'
ptxas info    : Function properties for _Z14fc2_w3x_kernelILi99ELi8ELi20EEv14CUtensorMap_stS0_S0_PK13__nv_bfloat16PS1_PmS5_S5_S5_S5_
    0 bytes stack frame, 0 bytes spill stores, 0 bytes spill loads
ptxas info    : Used 64 registers, used 1 barriers
ptxas info    : Compile time = 61.854 ms
ptxas info    : Compiling entry function '_Z14fc2_w3x_kernelILi98ELi8ELi20EEv14CUtensorMap_stS0_S0_PK13__nv_bfloat16PS1_PmS5_S5_S5_S5_' for 'sm_100a'
ptxas info    : Function properties for _Z14fc2_w3x_kernelILi98ELi8ELi20EEv14CUtensorMap_stS0_S0_PK13__nv_bfloat16PS1_PmS5_S5_S5_S5_
    0 bytes stack frame, 0 bytes spill stores, 0 bytes spill loads
ptxas info    : Used 64 registers, used 1 barriers
ptxas info    : Compile time = 62.284 ms
ptxas info    : Compiling entry function '_Z14fc2_w3x_kernelILi97ELi8ELi20EEv14CUtensorMap_stS0_S0_PK13__nv_bfloat16PS1_PmS5_S5_S5_S5_' for 'sm_100a'
ptxas info    : Function properties for _Z14fc2_w3x_kernelILi97ELi8ELi20EEv14CUtensorMap_stS0_S0_PK13__nv_bfloat16PS1_PmS5_S5_S5_S5_
    0 bytes stack frame, 0 bytes spill stores, 0 bytes spill loads
ptxas info    : Used 64 registers, used 1 barriers
ptxas info    : Compile time = 60.632 ms
ptxas info    : Compiling entry function '_Z14fc2_w3x_kernelILi96ELi8ELi20EEv14CUtensorMap_stS0_S0_PK13__nv_bfloat16PS1_PmS5_S5_S5_S5_' for 'sm_100a'
ptxas info    : Function properties for _Z14fc2_w3x_kernelILi96ELi8ELi20EEv14CUtensorMap_stS0_S0_PK13__nv_bfloat16PS1_PmS5_S5_S5_S5_
    0 bytes stack frame, 0 bytes spill stores, 0 bytes spill loads
ptxas info    : Used 64 registers, used 1 barriers
ptxas info    : Compile time = 61.227 ms
ptxas info    : Compiling entry function '_Z14fc2_w3x_kernelILi95ELi8ELi20EEv14CUtensorMap_stS0_S0_PK13__nv_bfloat16PS1_PmS5_S5_S5_S5_' for 'sm_100a'
ptxas info    : Function properties for _Z14fc2_w3x_kernelILi95ELi8ELi20EEv14CUtensorMap_stS0_S0_PK13__nv_bfloat16PS1_PmS5_S5_S5_S5_
    0 bytes stack frame, 0 bytes spill stores, 0 bytes spill loads
ptxas info    : Used 64 registers, used 1 barriers
ptxas info    : Compile time = 61.537 ms
ptxas info    : Compiling entry function '_Z14fc2_w3x_kernelILi94ELi8ELi20EEv14CUtensorMap_stS0_S0_PK13__nv_bfloat16PS1_PmS5_S5_S5_S5_' for 'sm_100a'
ptxas info    : Function properties for _Z14fc2_w3x_kernelILi94ELi8ELi20EEv14CUtensorMap_stS0_S0_PK13__nv_bfloat16PS1_PmS5_S5_S5_S5_
    0 bytes stack frame, 0 bytes spill stores, 0 bytes spill loads
ptxas info    : Used 64 registers, used 1 barriers
ptxas info    : Compile time = 60.796 ms
ptxas info    : Compiling entry function '_Z14fc2_w3x_kernelILi93ELi8ELi20EEv14CUtensorMap_stS0_S0_PK13__nv_bfloat16PS1_PmS5_S5_S5_S5_' for 'sm_100a'
ptxas info    : Function properties for _Z14fc2_w3x_kernelILi93ELi8ELi20EEv14CUtensorMap_stS0_S0_PK13__nv_bfloat16PS1_PmS5_S5_S5_S5_
    0 bytes stack frame, 0 bytes spill stores, 0 bytes spill loads
ptxas info    : Used 64 registers, used 1 barriers
ptxas info    : Compile time = 61.803 ms
ptxas info    : Compiling entry function '_Z14fc2_w3x_kernelILi92ELi8ELi20EEv14CUtensorMap_stS0_S0_PK13__nv_bfloat16PS1_PmS5_S5_S5_S5_' for 'sm_100a'
ptxas info    : Function properties for _Z14fc2_w3x_kernelILi92ELi8ELi20EEv14CUtensorMap_stS0_S0_PK13__nv_bfloat16PS1_PmS5_S5_S5_S5_
    0 bytes stack frame, 0 bytes spill stores, 0 bytes spill loads
ptxas info    : Used 64 registers, used 1 barriers
ptxas info    : Compile time = 63.329 ms
ptxas info    : Compiling entry function '_Z14fc2_w3x_kernelILi91ELi8ELi20EEv14CUtensorMap_stS0_S0_PK13__nv_bfloat16PS1_PmS5_S5_S5_S5_' for 'sm_100a'
ptxas info    : Function properties for _Z14fc2_w3x_kernelILi91ELi8ELi20EEv14CUtensorMap_stS0_S0_PK13__nv_bfloat16PS1_PmS5_S5_S5_S5_
    0 bytes stack frame, 0 bytes spill stores, 0 bytes spill loads
ptxas info    : Used 64 registers, used 1 barriers
ptxas info    : Compile time = 62.025 ms
ptxas info    : Compiling entry function '_Z14fc2_w3x_kernelILi90ELi8ELi20EEv14CUtensorMap_stS0_S0_PK13__nv_bfloat16PS1_PmS5_S5_S5_S5_' for 'sm_100a'
ptxas info    : Function properties for _Z14fc2_w3x_kernelILi90ELi8ELi20EEv14CUtensorMap_stS0_S0_PK13__nv_bfloat16PS1_PmS5_S5_S5_S5_
    0 bytes stack frame, 0 bytes spill stores, 0 bytes spill loads
ptxas info    : Used 64 registers, used 1 barriers
ptxas info    : Compile time = 61.927 ms
ptxas info    : Compiling entry function '_Z14fc2_w3x_kernelILi89ELi8ELi20EEv14CUtensorMap_stS0_S0_PK13__nv_bfloat16PS1_PmS5_S5_S5_S5_' for 'sm_100a'
ptxas info    : Function properties for _Z14fc2_w3x_kernelILi89ELi8ELi20EEv14CUtensorMap_stS0_S0_PK13__nv_bfloat16PS1_PmS5_S5_S5_S5_
    0 bytes stack frame, 0 bytes spill stores, 0 bytes spill loads
ptxas info    : Used 64 registers, used 1 barriers
ptxas info    : Compile time = 62.140 ms
ptxas info    : Compiling entry function '_Z14fc2_w3x_kernelILi88ELi8ELi20EEv14CUtensorMap_stS0_S0_PK13__nv_bfloat16PS1_PmS5_S5_S5_S5_' for 'sm_100a'
ptxas info    : Function properties for _Z14fc2_w3x_kernelILi88ELi8ELi20EEv14CUtensorMap_stS0_S0_PK13__nv_bfloat16PS1_PmS5_S5_S5_S5_
    0 bytes stack frame, 0 bytes spill stores, 0 bytes spill loads
ptxas info    : Used 64 registers, used 1 barriers
ptxas info    : Compile time = 62.782 ms
ptxas info    : Compiling entry function '_Z14fc2_w3x_kernelILi87ELi8ELi20EEv14CUtensorMap_stS0_S0_PK13__nv_bfloat16PS1_PmS5_S5_S5_S5_' for 'sm_100a'
ptxas info    : Function properties for _Z14fc2_w3x_kernelILi87ELi8ELi20EEv14CUtensorMap_stS0_S0_PK13__nv_bfloat16PS1_PmS5_S5_S5_S5_
    0 bytes stack frame, 0 bytes spill stores, 0 bytes spill loads
ptxas info    : Used 64 registers, used 1 barriers
ptxas info    : Compile time = 63.503 ms
ptxas info    : Compiling entry function '_Z14fc2_w3x_kernelILi86ELi8ELi20EEv14CUtensorMap_stS0_S0_PK13__nv_bfloat16PS1_PmS5_S5_S5_S5_' for 'sm_100a'
ptxas info    : Function properties for _Z14fc2_w3x_kernelILi86ELi8ELi20EEv14CUtensorMap_stS0_S0_PK13__nv_bfloat16PS1_PmS5_S5_S5_S5_
    0 bytes stack frame, 0 bytes spill stores, 0 bytes spill loads
ptxas info    : Used 64 registers, used 1 barriers
ptxas info    : Compile time = 61.184 ms
ptxas info    : Compiling entry function '_Z14fc2_w3x_kernelILi85ELi8ELi20EEv14CUtensorMap_stS0_S0_PK13__nv_bfloat16PS1_PmS5_S5_S5_S5_' for 'sm_100a'
ptxas info    : Function properties for _Z14fc2_w3x_kernelILi85ELi8ELi20EEv14CUtensorMap_stS0_S0_PK13__nv_bfloat16PS1_PmS5_S5_S5_S5_
    0 bytes stack frame, 0 bytes spill stores, 0 bytes spill loads
ptxas info    : Used 64 registers, used 1 barriers
ptxas info    : Compile time = 60.929 ms
ptxas info    : Compiling entry function '_Z14fc2_w3x_kernelILi84ELi8ELi20EEv14CUtensorMap_stS0_S0_PK13__nv_bfloat16PS1_PmS5_S5_S5_S5_' for 'sm_100a'
ptxas info    : Function properties for _Z14fc2_w3x_kernelILi84ELi8ELi20EEv14CUtensorMap_stS0_S0_PK13__nv_bfloat16PS1_PmS5_S5_S5_S5_
    0 bytes stack frame, 0 bytes spill stores, 0 bytes spill loads
ptxas info    : Used 64 registers, used 1 barriers
ptxas info    : Compile time = 60.844 ms
ptxas info    : Compiling entry function '_Z14fc2_w3x_kernelILi83ELi8ELi20EEv14CUtensorMap_stS0_S0_PK13__nv_bfloat16PS1_PmS5_S5_S5_S5_' for 'sm_100a'
ptxas info    : Function properties for _Z14fc2_w3x_kernelILi83ELi8ELi20EEv14CUtensorMap_stS0_S0_PK13__nv_bfloat16PS1_PmS5_S5_S5_S5_
    0 bytes stack frame, 0 bytes spill stores, 0 bytes spill loads
ptxas info    : Used 64 registers, used 1 barriers
ptxas info    : Compile time = 61.173 ms
ptxas info    : Compiling entry function '_Z14fc2_w3x_kernelILi82ELi8ELi20EEv14CUtensorMap_stS0_S0_PK13__nv_bfloat16PS1_PmS5_S5_S5_S5_' for 'sm_100a'
ptxas info    : Function properties for _Z14fc2_w3x_kernelILi82ELi8ELi20EEv14CUtensorMap_stS0_S0_PK13__nv_bfloat16PS1_PmS5_S5_S5_S5_
    0 bytes stack frame, 0 bytes spill stores, 0 bytes spill loads
ptxas info    : Used 64 registers, used 1 barriers
ptxas info    : Compile time = 62.348 ms
ptxas info    : Compiling entry function '_Z14fc2_w3x_kernelILi81ELi8ELi20EEv14CUtensorMap_stS0_S0_PK13__nv_bfloat16PS1_PmS5_S5_S5_S5_' for 'sm_100a'
ptxas info    : Function properties for _Z14fc2_w3x_kernelILi81ELi8ELi20EEv14CUtensorMap_stS0_S0_PK13__nv_bfloat16PS1_PmS5_S5_S5_S5_
    0 bytes stack frame, 0 bytes spill stores, 0 bytes spill loads
ptxas info    : Used 64 registers, used 1 barriers
ptxas info    : Compile time = 61.559 ms
ptxas info    : Compiling entry function '_Z14fc2_w3x_kernelILi80ELi8ELi20EEv14CUtensorMap_stS0_S0_PK13__nv_bfloat16PS1_PmS5_S5_S5_S5_' for 'sm_100a'
ptxas info    : Function properties for _Z14fc2_w3x_kernelILi80ELi8ELi20EEv14CUtensorMap_stS0_S0_PK13__nv_bfloat16PS1_PmS5_S5_S5_S5_
    0 bytes stack frame, 0 bytes spill stores, 0 bytes spill loads
ptxas info    : Used 64 registers, used 1 barriers
ptxas info    : Compile time = 61.008 ms
ptxas info    : Compiling entry function '_Z14fc2_w3x_kernelILi58ELi8ELi20EEv14CUtensorMap_stS0_S0_PK13__nv_bfloat16PS1_PmS5_S5_S5_S5_' for 'sm_100a'
ptxas info    : Function properties for _Z14fc2_w3x_kernelILi58ELi8ELi20EEv14CUtensorMap_stS0_S0_PK13__nv_bfloat16PS1_PmS5_S5_S5_S5_
    0 bytes stack frame, 0 bytes spill stores, 0 bytes spill loads
ptxas info    : Used 64 registers, used 1 barriers
ptxas info    : Compile time = 62.886 ms
ptxas info    : Compiling entry function '_Z14fc2_w3x_kernelILi57ELi8ELi20EEv14CUtensorMap_stS0_S0_PK13__nv_bfloat16PS1_PmS5_S5_S5_S5_' for 'sm_100a'
ptxas info    : Function properties for _Z14fc2_w3x_kernelILi57ELi8ELi20EEv14CUtensorMap_stS0_S0_PK13__nv_bfloat16PS1_PmS5_S5_S5_S5_
    0 bytes stack frame, 0 bytes spill stores, 0 bytes spill loads
ptxas info    : Used 64 registers, used 1 barriers
ptxas info    : Compile time = 62.341 ms
ptxas info    : Compiling entry function '_Z14fc2_w3x_kernelILi56ELi8ELi20EEv14CUtensorMap_stS0_S0_PK13__nv_bfloat16PS1_PmS5_S5_S5_S5_' for 'sm_100a'
ptxas info    : Function properties for _Z14fc2_w3x_kernelILi56ELi8ELi20EEv14CUtensorMap_stS0_S0_PK13__nv_bfloat16PS1_PmS5_S5_S5_S5_
    0 bytes stack frame, 0 bytes spill stores, 0 bytes spill loads
ptxas info    : Used 64 registers, used 1 barriers
ptxas info    : Compile time = 62.340 ms
ptxas info    : Compiling entry function '_Z14fc2_w3x_kernelILi55ELi8ELi20EEv14CUtensorMap_stS0_S0_PK13__nv_bfloat16PS1_PmS5_S5_S5_S5_' for 'sm_100a'
ptxas info    : Function properties for _Z14fc2_w3x_kernelILi55ELi8ELi20EEv14CUtensorMap_stS0_S0_PK13__nv_bfloat16PS1_PmS5_S5_S5_S5_
    0 bytes stack frame, 0 bytes spill stores, 0 bytes spill loads
ptxas info    : Used 64 registers, used 1 barriers
ptxas info    : Compile time = 62.226 ms
ptxas info    : Compiling entry function '_Z14fc2_w3x_kernelILi54ELi8ELi20EEv14CUtensorMap_stS0_S0_PK13__nv_bfloat16PS1_PmS5_S5_S5_S5_' for 'sm_100a'
ptxas info    : Function properties for _Z14fc2_w3x_kernelILi54ELi8ELi20EEv14CUtensorMap_stS0_S0_PK13__nv_bfloat16PS1_PmS5_S5_S5_S5_
    0 bytes stack frame, 0 bytes spill stores, 0 bytes spill loads
ptxas info    : Used 64 registers, used 1 barriers
ptxas info    : Compile time = 61.725 ms
ptxas info    : Compiling entry function '_Z14fc2_w3x_kernelILi53ELi8ELi20EEv14CUtensorMap_stS0_S0_PK13__nv_bfloat16PS1_PmS5_S5_S5_S5_' for 'sm_100a'
ptxas info    : Function properties for _Z14fc2_w3x_kernelILi53ELi8ELi20EEv14CUtensorMap_stS0_S0_PK13__nv_bfloat16PS1_PmS5_S5_S5_S5_
    0 bytes stack frame, 0 bytes spill stores, 0 bytes spill loads
ptxas info    : Used 64 registers, used 1 barriers
ptxas info    : Compile time = 62.299 ms
ptxas info    : Compiling entry function '_Z14fc2_w3x_kernelILi52ELi8ELi20EEv14CUtensorMap_stS0_S0_PK13__nv_bfloat16PS1_PmS5_S5_S5_S5_' for 'sm_100a'
ptxas info    : Function properties for _Z14fc2_w3x_kernelILi52ELi8ELi20EEv14CUtensorMap_stS0_S0_PK13__nv_bfloat16PS1_PmS5_S5_S5_S5_
    0 bytes stack frame, 0 bytes spill stores, 0 bytes spill loads
ptxas info    : Used 64 registers, used 1 barriers
ptxas info    : Compile time = 61.596 ms
ptxas info    : Compiling entry function '_Z14fc2_w3x_kernelILi51ELi8ELi20EEv14CUtensorMap_stS0_S0_PK13__nv_bfloat16PS1_PmS5_S5_S5_S5_' for 'sm_100a'
ptxas info    : Function properties for _Z14fc2_w3x_kernelILi51ELi8ELi20EEv14CUtensorMap_stS0_S0_PK13__nv_bfloat16PS1_PmS5_S5_S5_S5_
    0 bytes stack frame, 0 bytes spill stores, 0 bytes spill loads
ptxas info    : Used 64 registers, used 1 barriers
ptxas info    : Compile time = 62.249 ms
ptxas info    : Compiling entry function '_Z14fc2_w3x_kernelILi50ELi8ELi20EEv14CUtensorMap_stS0_S0_PK13__nv_bfloat16PS1_PmS5_S5_S5_S5_' for 'sm_100a'
ptxas info    : Function properties for _Z14fc2_w3x_kernelILi50ELi8ELi20EEv14CUtensorMap_stS0_S0_PK13__nv_bfloat16PS1_PmS5_S5_S5_S5_
    0 bytes stack frame, 0 bytes spill stores, 0 bytes spill loads
ptxas info    : Used 64 registers, used 1 barriers
ptxas info    : Compile time = 62.099 ms
ptxas info    : Compiling entry function '_Z14fc2_w3x_kernelILi49ELi8ELi20EEv14CUtensorMap_stS0_S0_PK13__nv_bfloat16PS1_PmS5_S5_S5_S5_' for 'sm_100a'
ptxas info    : Function properties for _Z14fc2_w3x_kernelILi49ELi8ELi20EEv14CUtensorMap_stS0_S0_PK13__nv_bfloat16PS1_PmS5_S5_S5_S5_
    0 bytes stack frame, 0 bytes spill stores, 0 bytes spill loads
ptxas info    : Used 64 registers, used 1 barriers
ptxas info    : Compile time = 61.398 ms
ptxas info    : Compiling entry function '_Z14fc2_w3x_kernelILi19ELi16ELi20EEv14CUtensorMap_stS0_S0_PK13__nv_bfloat16PS1_PmS5_S5_S5_S5_' for 'sm_100a'
ptxas info    : Function properties for _Z14fc2_w3x_kernelILi19ELi16ELi20EEv14CUtensorMap_stS0_S0_PK13__nv_bfloat16PS1_PmS5_S5_S5_S5_
    0 bytes stack frame, 0 bytes spill stores, 0 bytes spill loads
ptxas info    : Used 64 registers, used 1 barriers
ptxas info    : Compile time = 61.691 ms
ptxas info    : Compiling entry function '_Z14fc2_w3x_kernelILi19ELi4ELi20EEv14CUtensorMap_stS0_S0_PK13__nv_bfloat16PS1_PmS5_S5_S5_S5_' for 'sm_100a'
ptxas info    : Function properties for _Z14fc2_w3x_kernelILi19ELi4ELi20EEv14CUtensorMap_stS0_S0_PK13__nv_bfloat16PS1_PmS5_S5_S5_S5_
    0 bytes stack frame, 0 bytes spill stores, 0 bytes spill loads
ptxas info    : Used 64 registers, used 1 barriers
ptxas info    : Compile time = 62.590 ms
ptxas info    : Compiling entry function '_Z14fc2_w3x_kernelILi48ELi8ELi20EEv14CUtensorMap_stS0_S0_PK13__nv_bfloat16PS1_PmS5_S5_S5_S5_' for 'sm_100a'
ptxas info    : Function properties for _Z14fc2_w3x_kernelILi48ELi8ELi20EEv14CUtensorMap_stS0_S0_PK13__nv_bfloat16PS1_PmS5_S5_S5_S5_
    0 bytes stack frame, 0 bytes spill stores, 0 bytes spill loads
ptxas info    : Used 64 registers, used 1 barriers
ptxas info    : Compile time = 62.938 ms
ptxas info    : Compiling entry function '_Z14fc2_w3x_kernelILi47ELi8ELi20EEv14CUtensorMap_stS0_S0_PK13__nv_bfloat16PS1_PmS5_S5_S5_S5_' for 'sm_100a'
ptxas info    : Function properties for _Z14fc2_w3x_kernelILi47ELi8ELi20EEv14CUtensorMap_stS0_S0_PK13__nv_bfloat16PS1_PmS5_S5_S5_S5_
    0 bytes stack frame, 0 bytes spill stores, 0 bytes spill loads
ptxas info    : Used 64 registers, used 1 barriers
ptxas info    : Compile time = 63.363 ms
ptxas info    : Compiling entry function '_Z14fc2_w3x_kernelILi46ELi8ELi20EEv14CUtensorMap_stS0_S0_PK13__nv_bfloat16PS1_PmS5_S5_S5_S5_' for 'sm_100a'
ptxas info    : Function properties for _Z14fc2_w3x_kernelILi46ELi8ELi20EEv14CUtensorMap_stS0_S0_PK13__nv_bfloat16PS1_PmS5_S5_S5_S5_
    0 bytes stack frame, 0 bytes spill stores, 0 bytes spill loads
ptxas info    : Used 64 registers, used 1 barriers
ptxas info    : Compile time = 63.808 ms
ptxas info    : Compiling entry function '_Z14fc2_w3x_kernelILi45ELi8ELi20EEv14CUtensorMap_stS0_S0_PK13__nv_bfloat16PS1_PmS5_S5_S5_S5_' for 'sm_100a'
ptxas info    : Function properties for _Z14fc2_w3x_kernelILi45ELi8ELi20EEv14CUtensorMap_stS0_S0_PK13__nv_bfloat16PS1_PmS5_S5_S5_S5_
    0 bytes stack frame, 0 bytes spill stores, 0 bytes spill loads
ptxas info    : Used 64 registers, used 1 barriers
ptxas info    : Compile time = 63.663 ms
ptxas info    : Compiling entry function '_Z14fc2_w3x_kernelILi44ELi8ELi20EEv14CUtensorMap_stS0_S0_PK13__nv_bfloat16PS1_PmS5_S5_S5_S5_' for 'sm_100a'
ptxas info    : Function properties for _Z14fc2_w3x_kernelILi44ELi8ELi20EEv14CUtensorMap_stS0_S0_PK13__nv_bfloat16PS1_PmS5_S5_S5_S5_
    0 bytes stack frame, 0 bytes spill stores, 0 bytes spill loads
ptxas info    : Used 64 registers, used 1 barriers
ptxas info    : Compile time = 62.545 ms
ptxas info    : Compiling entry function '_Z14fc2_w3x_kernelILi43ELi8ELi20EEv14CUtensorMap_stS0_S0_PK13__nv_bfloat16PS1_PmS5_S5_S5_S5_' for 'sm_100a'
ptxas info    : Function properties for _Z14fc2_w3x_kernelILi43ELi8ELi20EEv14CUtensorMap_stS0_S0_PK13__nv_bfloat16PS1_PmS5_S5_S5_S5_
    0 bytes stack frame, 0 bytes spill stores, 0 bytes spill loads
ptxas info    : Used 64 registers, used 1 barriers
ptxas info    : Compile time = 60.618 ms
ptxas info    : Compiling entry function '_Z14fc2_w3x_kernelILi41ELi8ELi20EEv14CUtensorMap_stS0_S0_PK13__nv_bfloat16PS1_PmS5_S5_S5_S5_' for 'sm_100a'
ptxas info    : Function properties for _Z14fc2_w3x_kernelILi41ELi8ELi20EEv14CUtensorMap_stS0_S0_PK13__nv_bfloat16PS1_PmS5_S5_S5_S5_
    0 bytes stack frame, 0 bytes spill stores, 0 bytes spill loads
ptxas info    : Used 64 registers, used 1 barriers
ptxas info    : Compile time = 60.234 ms
ptxas info    : Compiling entry function '_Z14fc2_w3x_kernelILi40ELi8ELi20EEv14CUtensorMap_stS0_S0_PK13__nv_bfloat16PS1_PmS5_S5_S5_S5_' for 'sm_100a'
ptxas info    : Function properties for _Z14fc2_w3x_kernelILi40ELi8ELi20EEv14CUtensorMap_stS0_S0_PK13__nv_bfloat16PS1_PmS5_S5_S5_S5_
    0 bytes stack frame, 0 bytes spill stores, 0 bytes spill loads
ptxas info    : Used 64 registers, used 1 barriers
ptxas info    : Compile time = 59.877 ms
ptxas info    : Compiling entry function '_Z14fc2_w3x_kernelILi39ELi8ELi20EEv14CUtensorMap_stS0_S0_PK13__nv_bfloat16PS1_PmS5_S5_S5_S5_' for 'sm_100a'
ptxas info    : Function properties for _Z14fc2_w3x_kernelILi39ELi8ELi20EEv14CUtensorMap_stS0_S0_PK13__nv_bfloat16PS1_PmS5_S5_S5_S5_
    0 bytes stack frame, 0 bytes spill stores, 0 bytes spill loads
ptxas info    : Used 64 registers, used 1 barriers
ptxas info    : Compile time = 61.170 ms
ptxas info    : Compiling entry function '_Z14fc2_w3x_kernelILi38ELi8ELi20EEv14CUtensorMap_stS0_S0_PK13__nv_bfloat16PS1_PmS5_S5_S5_S5_' for 'sm_100a'
ptxas info    : Function properties for _Z14fc2_w3x_kernelILi38ELi8ELi20EEv14CUtensorMap_stS0_S0_PK13__nv_bfloat16PS1_PmS5_S5_S5_S5_
    0 bytes stack frame, 0 bytes spill stores, 0 bytes spill loads
ptxas info    : Used 64 registers, used 1 barriers
ptxas info    : Compile time = 62.138 ms
ptxas info    : Compiling entry function '_Z14fc2_w3x_kernelILi36ELi4ELi20EEv14CUtensorMap_stS0_S0_PK13__nv_bfloat16PS1_PmS5_S5_S5_S5_' for 'sm_100a'
ptxas info    : Function properties for _Z14fc2_w3x_kernelILi36ELi4ELi20EEv14CUtensorMap_stS0_S0_PK13__nv_bfloat16PS1_PmS5_S5_S5_S5_
    0 bytes stack frame, 0 bytes spill stores, 0 bytes spill loads
ptxas info    : Used 64 registers, used 1 barriers
ptxas info    : Compile time = 61.166 ms
ptxas info    : Compiling entry function '_Z14fc2_w3x_kernelILi35ELi4ELi20EEv14CUtensorMap_stS0_S0_PK13__nv_bfloat16PS1_PmS5_S5_S5_S5_' for 'sm_100a'
ptxas info    : Function properties for _Z14fc2_w3x_kernelILi35ELi4ELi20EEv14CUtensorMap_stS0_S0_PK13__nv_bfloat16PS1_PmS5_S5_S5_S5_
    0 bytes stack frame, 0 bytes spill stores, 0 bytes spill loads
ptxas info    : Used 64 registers, used 1 barriers
ptxas info    : Compile time = 60.899 ms
ptxas info    : Compiling entry function '_Z14fc2_w3x_kernelILi34ELi8ELi20EEv14CUtensorMap_stS0_S0_PK13__nv_bfloat16PS1_PmS5_S5_S5_S5_' for 'sm_100a'
ptxas info    : Function properties for _Z14fc2_w3x_kernelILi34ELi8ELi20EEv14CUtensorMap_stS0_S0_PK13__nv_bfloat16PS1_PmS5_S5_S5_S5_
    0 bytes stack frame, 0 bytes spill stores, 0 bytes spill loads
ptxas info    : Used 64 registers, used 1 barriers
ptxas info    : Compile time = 61.886 ms
ptxas info    : Compiling entry function '_Z14fc2_w3x_kernelILi33ELi8ELi20EEv14CUtensorMap_stS0_S0_PK13__nv_bfloat16PS1_PmS5_S5_S5_S5_' for 'sm_100a'
ptxas info    : Function properties for _Z14fc2_w3x_kernelILi33ELi8ELi20EEv14CUtensorMap_stS0_S0_PK13__nv_bfloat16PS1_PmS5_S5_S5_S5_
    0 bytes stack frame, 0 bytes spill stores, 0 bytes spill loads
ptxas info    : Used 64 registers, used 1 barriers
ptxas info    : Compile time = 61.599 ms
ptxas info    : Compiling entry function '_Z14fc2_w3x_kernelILi19ELi8ELi20EEv14CUtensorMap_stS0_S0_PK13__nv_bfloat16PS1_PmS5_S5_S5_S5_' for 'sm_100a'
ptxas info    : Function properties for _Z14fc2_w3x_kernelILi19ELi8ELi20EEv14CUtensorMap_stS0_S0_PK13__nv_bfloat16PS1_PmS5_S5_S5_S5_
    0 bytes stack frame, 0 bytes spill stores, 0 bytes spill loads
ptxas info    : Used 64 registers, used 1 barriers
ptxas info    : Compile time = 61.150 ms
ptxas info    : Compiling entry function '_Z14fc2_w3x_kernelILi18ELi8ELi20EEv14CUtensorMap_stS0_S0_PK13__nv_bfloat16PS1_PmS5_S5_S5_S5_' for 'sm_100a'
ptxas info    : Function properties for _Z14fc2_w3x_kernelILi18ELi8ELi20EEv14CUtensorMap_stS0_S0_PK13__nv_bfloat16PS1_PmS5_S5_S5_S5_
    0 bytes stack frame, 0 bytes spill stores, 0 bytes spill loads
ptxas info    : Used 64 registers, used 1 barriers
ptxas info    : Compile time = 60.809 ms
ptxas info    : Compiling entry function '_Z14fc2_w3x_kernelILi13ELi8ELi20EEv14CUtensorMap_stS0_S0_PK13__nv_bfloat16PS1_PmS5_S5_S5_S5_' for 'sm_100a'
ptxas info    : Function properties for _Z14fc2_w3x_kernelILi13ELi8ELi20EEv14CUtensorMap_stS0_S0_PK13__nv_bfloat16PS1_PmS5_S5_S5_S5_
    0 bytes stack frame, 0 bytes spill stores, 0 bytes spill loads
ptxas info    : Used 64 registers, used 1 barriers
ptxas info    : Compile time = 58.891 ms
ptxas info    : Compiling entry function '_Z14fc2_w3x_kernelILi11ELi8ELi20EEv14CUtensorMap_stS0_S0_PK13__nv_bfloat16PS1_PmS5_S5_S5_S5_' for 'sm_100a'
ptxas info    : Function properties for _Z14fc2_w3x_kernelILi11ELi8ELi20EEv14CUtensorMap_stS0_S0_PK13__nv_bfloat16PS1_PmS5_S5_S5_S5_
    0 bytes stack frame, 0 bytes spill stores, 0 bytes spill loads
ptxas info    : Used 64 registers, used 1 barriers
ptxas info    : Compile time = 59.067 ms
ptxas info    : Compiling entry function '_Z14fc2_w3x_kernelILi0ELi32ELi20EEv14CUtensorMap_stS0_S0_PK13__nv_bfloat16PS1_PmS5_S5_S5_S5_' for 'sm_100a'
ptxas info    : Function properties for _Z14fc2_w3x_kernelILi0ELi32ELi20EEv14CUtensorMap_stS0_S0_PK13__nv_bfloat16PS1_PmS5_S5_S5_S5_
    0 bytes stack frame, 0 bytes spill stores, 0 bytes spill loads
ptxas info    : Used 64 registers, used 1 barriers
ptxas info    : Compile time = 60.640 ms
ptxas info    : Compiling entry function '_Z14fc2_w3x_kernelILi0ELi16ELi20EEv14CUtensorMap_stS0_S0_PK13__nv_bfloat16PS1_PmS5_S5_S5_S5_' for 'sm_100a'
ptxas info    : Function properties for _Z14fc2_w3x_kernelILi0ELi16ELi20EEv14CUtensorMap_stS0_S0_PK13__nv_bfloat16PS1_PmS5_S5_S5_S5_
    0 bytes stack frame, 0 bytes spill stores, 0 bytes spill loads
ptxas info    : Used 64 registers, used 1 barriers
ptxas info    : Compile time = 60.970 ms
ptxas info    : Compiling entry function '_Z14fc2_w3x_kernelILi0ELi4ELi20EEv14CUtensorMap_stS0_S0_PK13__nv_bfloat16PS1_PmS5_S5_S5_S5_' for 'sm_100a'
ptxas info    : Function properties for _Z14fc2_w3x_kernelILi0ELi4ELi20EEv14CUtensorMap_stS0_S0_PK13__nv_bfloat16PS1_PmS5_S5_S5_S5_
    0 bytes stack frame, 0 bytes spill stores, 0 bytes spill loads
ptxas info    : Used 64 registers, used 1 barriers
ptxas info    : Compile time = 61.128 ms
ptxas info    : Compiling entry function '_Z14fc2_w3x_kernelILi0ELi2ELi20EEv14CUtensorMap_stS0_S0_PK13__nv_bfloat16PS1_PmS5_S5_S5_S5_' for 'sm_100a'
ptxas info    : Function properties for _Z14fc2_w3x_kernelILi0ELi2ELi20EEv14CUtensorMap_stS0_S0_PK13__nv_bfloat16PS1_PmS5_S5_S5_S5_
    0 bytes stack frame, 0 bytes spill stores, 0 bytes spill loads
ptxas info    : Used 64 registers, used 1 barriers
ptxas info    : Compile time = 59.954 ms
ptxas info    : Compiling entry function '_Z14fc2_w3x_kernelILi0ELi8ELi20EEv14CUtensorMap_stS0_S0_PK13__nv_bfloat16PS1_PmS5_S5_S5_S5_' for 'sm_100a'
ptxas info    : Function properties for _Z14fc2_w3x_kernelILi0ELi8ELi20EEv14CUtensorMap_stS0_S0_PK13__nv_bfloat16PS1_PmS5_S5_S5_S5_
    0 bytes stack frame, 0 bytes spill stores, 0 bytes spill loads
ptxas info    : Used 64 registers, used 1 barriers
ptxas info    : Compile time = 61.263 ms
--- rep 1/3 ec=0
FC2 W3X kernel — 6-warp bias-only rank-1-shaped persistent
  [928256,2048] x [256,2048]^T  NS=6  THREADS=192  SMEM=213888 B  (cap 228KB)
  Alloc + init + pack done
  TMA + func attr done (SMEM=213888 B)  variant=default TD=0 DGG=8
Warmup (2 iters)...
Timing 1 reps × 10 iters/rep × 1 variant ...
@@SAMPLE rep=1 ms=0.35256 cyc=635207 cyc_min=627875 cyc_p50=631143 cyc_p95=633259 cyc_max=635207
@@STATS reps=1 mean=0.35256 std=0.00000 min=0.35256 p25=0.35256 p50=0.35256 p75=0.35256 max=0.35256 iqr=0.00000
FC2-W3X kernel: 0.353 ms  2760.82 TFLOPS
PASS  errors=0/32
@@RESULT ms=0.3526 tflops=2760.82 checksum=0.000000 valid=1 c0=3072.0
--- rep 2/3 ec=0
FC2 W3X kernel — 6-warp bias-only rank-1-shaped persistent
  [928256,2048] x [256,2048]^T  NS=6  THREADS=192  SMEM=213888 B  (cap 228KB)
  Alloc + init + pack done
  TMA + func attr done (SMEM=213888 B)  variant=default TD=0 DGG=8
Warmup (2 iters)...
Timing 1 reps × 10 iters/rep × 1 variant ...
@@SAMPLE rep=1 ms=0.35228 cyc=635585 cyc_min=627010 cyc_p50=631271 cyc_p95=633958 cyc_max=635585
@@STATS reps=1 mean=0.35228 std=0.00000 min=0.35228 p25=0.35228 p50=0.35228 p75=0.35228 max=0.35228 iqr=0.00000
FC2-W3X kernel: 0.352 ms  2763.00 TFLOPS
PASS  errors=0/32
@@RESULT ms=0.3523 tflops=2763.00 checksum=0.000000 valid=1 c0=3072.0
--- rep 3/3 ec=0
FC2 W3X kernel — 6-warp bias-only rank-1-shaped persistent
  [928256,2048] x [256,2048]^T  NS=6  THREADS=192  SMEM=213888 B  (cap 228KB)
  Alloc + init + pack done
  TMA + func attr done (SMEM=213888 B)  variant=default TD=0 DGG=8
Warmup (2 iters)...
Timing 1 reps × 10 iters/rep × 1 variant ...
@@SAMPLE rep=1 ms=0.35211 cyc=634843 cyc_min=627494 cyc_p50=631318 cyc_p95=634297 cyc_max=634843
@@STATS reps=1 mean=0.35211 std=0.00000 min=0.35211 p25=0.35211 p50=0.35211 p75=0.35211 max=0.35211 iqr=0.00000
FC2-W3X kernel: 0.352 ms  2764.31 TFLOPS
PASS  errors=0/32
@@RESULT ms=0.3521 tflops=2764.31 checksum=0.000000 valid=1 c0=3072.0
--- cublas epi=3 rep 1/1 ec=0
### CUBLASLT INTROSPECT M=928256 N=256 K=2048 epi=bias_only
### Heuristics returned: 8

# TSV
rank	heur	ms	cyc	algoId	tile	stages	cluster	inner	splitk	redux	swizzle	custom	waves	ws_MB
1	0	0.3609	666525	66	23	36	3	-1	1	0	0	1	49.00	0.0
2	2	0.3661	675544	66	29	36	3	-1	1	0	0	1	78.41	0.0
3	1	0.3665	676560	66	32	36	3	-1	1	0	0	1	65.34	0.0
4	5	0.3715	686008	66	177	36	3	-1	1	0	0	1	32.68	0.0
5	4	0.3780	697852	66	20	36	3	-1	1	0	0	1	98.00	0.0
6	3	0.3848	710726	66	447	36	3	-1	1	0	0	1	24.50	0.0
7	6	0.3876	715265	66	184	36	5	-1	1	0	0	2	98.00	0.0
8	7	0.4004	739047	66	33	36	3	-1	1	0	0	1	130.68	0.0

# Top-3 caps:

## rank=1  algoId=66  tile=23  stages=36  cluster=3  inner=-1  ms=0.3609
    CUBLASLT_ALGO_CAP_REDUCTION_SCHEME_MASK      = 2
    CUBLASLT_ALGO_CAP_CTA_SWIZZLING_SUPPORT      = 0
    CUBLASLT_ALGO_CAP_STRIDED_BATCH_SUPPORT      = 1
    CUBLASLT_ALGO_CAP_OUT_OF_PLACE_RESULT_SUPPORT = 1
    CUBLASLT_ALGO_CAP_CUSTOM_OPTION_MAX          = 7
    CUBLASLT_ALGO_CAP_POINTER_MODE_MASK          = 3
    CUBLASLT_ALGO_CAP_EPILOGUE_MASK              = 1023
    CUBLASLT_ALGO_CAP_TILE_IDS                   = --  (status=7 wrote=0)
    CUBLASLT_ALGO_CAP_STAGES_IDS                 = [36] (n=1, elem=4B)
    CUBLASLT_ALGO_CONFIG_CLUSTER_SHAPE_ID sz=2 → status=0 wrote=2 val=3

## rank=2  algoId=66  tile=29  stages=36  cluster=3  inner=-1  ms=0.3661
    CUBLASLT_ALGO_CAP_REDUCTION_SCHEME_MASK      = 2
    CUBLASLT_ALGO_CAP_CTA_SWIZZLING_SUPPORT      = 0
    CUBLASLT_ALGO_CAP_STRIDED_BATCH_SUPPORT      = 1
    CUBLASLT_ALGO_CAP_OUT_OF_PLACE_RESULT_SUPPORT = 1
    CUBLASLT_ALGO_CAP_CUSTOM_OPTION_MAX          = 7
    CUBLASLT_ALGO_CAP_POINTER_MODE_MASK          = 3
    CUBLASLT_ALGO_CAP_EPILOGUE_MASK              = 1023
    CUBLASLT_ALGO_CAP_TILE_IDS                   = --  (status=7 wrote=0)
    CUBLASLT_ALGO_CAP_STAGES_IDS                 = [36] (n=1, elem=4B)
    CUBLASLT_ALGO_CONFIG_CLUSTER_SHAPE_ID sz=2 → status=0 wrote=2 val=3

## rank=3  algoId=66  tile=32  stages=36  cluster=3  inner=-1  ms=0.3665
    CUBLASLT_ALGO_CAP_REDUCTION_SCHEME_MASK      = 2
    CUBLASLT_ALGO_CAP_CTA_SWIZZLING_SUPPORT      = 0
    CUBLASLT_ALGO_CAP_STRIDED_BATCH_SUPPORT      = 1
    CUBLASLT_ALGO_CAP_OUT_OF_PLACE_RESULT_SUPPORT = 1
    CUBLASLT_ALGO_CAP_CUSTOM_OPTION_MAX          = 7
    CUBLASLT_ALGO_CAP_POINTER_MODE_MASK          = 3
    CUBLASLT_ALGO_CAP_EPILOGUE_MASK              = 1023
    CUBLASLT_ALGO_CAP_TILE_IDS                   = --  (status=7 wrote=0)
    CUBLASLT_ALGO_CAP_STAGES_IDS                 = [36] (n=1, elem=4B)
    CUBLASLT_ALGO_CONFIG_CLUSTER_SHAPE_ID sz=2 → status=0 wrote=2 val=3

# Winner:  rank=1  tile=23  stages=36  cluster=3  inner=-1  splitk=1  swizzle=0  ms=0.3609  cyc=666525

@@RESULT ms=0.3609 cyc=666525 tflops=2697.12 checksum=0.000000 valid=1 c0=0.0
--- cublas epi=0 rep 1/1 ec=0
### CUBLASLT INTROSPECT M=928256 N=256 K=2048 epi=none
### Heuristics returned: 8

# TSV
rank	heur	ms	cyc	algoId	tile	stages	cluster	inner	splitk	redux	swizzle	custom	waves	ws_MB
1	0	0.3626	669817	66	23	36	3	-1	1	0	0	1	49.00	0.0
2	2	0.3631	670045	66	29	36	3	-1	1	0	0	1	78.41	0.0
3	1	0.3644	672826	66	32	36	3	-1	1	0	0	1	65.34	0.0
4	5	0.3729	688538	66	177	36	3	-1	1	0	0	1	32.68	0.0
5	4	0.3743	690936	66	20	36	3	-1	1	0	0	1	98.00	0.0
6	6	0.3843	709390	66	184	36	5	-1	1	0	0	2	98.00	0.0
7	3	0.3853	711987	66	447	36	3	-1	1	0	0	1	24.50	0.0
8	7	0.3985	735548	66	33	36	3	-1	1	0	0	1	130.68	0.0

# Top-3 caps:

## rank=1  algoId=66  tile=23  stages=36  cluster=3  inner=-1  ms=0.3626
    CUBLASLT_ALGO_CAP_REDUCTION_SCHEME_MASK      = 2
    CUBLASLT_ALGO_CAP_CTA_SWIZZLING_SUPPORT      = 0
    CUBLASLT_ALGO_CAP_STRIDED_BATCH_SUPPORT      = 1
    CUBLASLT_ALGO_CAP_OUT_OF_PLACE_RESULT_SUPPORT = 1
    CUBLASLT_ALGO_CAP_CUSTOM_OPTION_MAX          = 7
    CUBLASLT_ALGO_CAP_POINTER_MODE_MASK          = 3
    CUBLASLT_ALGO_CAP_EPILOGUE_MASK              = 1023
    CUBLASLT_ALGO_CAP_TILE_IDS                   = --  (status=7 wrote=0)
    CUBLASLT_ALGO_CAP_STAGES_IDS                 = [36] (n=1, elem=4B)
    CUBLASLT_ALGO_CONFIG_CLUSTER_SHAPE_ID sz=2 → status=0 wrote=2 val=3

## rank=2  algoId=66  tile=29  stages=36  cluster=3  inner=-1  ms=0.3631
    CUBLASLT_ALGO_CAP_REDUCTION_SCHEME_MASK      = 2
    CUBLASLT_ALGO_CAP_CTA_SWIZZLING_SUPPORT      = 0
    CUBLASLT_ALGO_CAP_STRIDED_BATCH_SUPPORT      = 1
    CUBLASLT_ALGO_CAP_OUT_OF_PLACE_RESULT_SUPPORT = 1
    CUBLASLT_ALGO_CAP_CUSTOM_OPTION_MAX          = 7
    CUBLASLT_ALGO_CAP_POINTER_MODE_MASK          = 3
    CUBLASLT_ALGO_CAP_EPILOGUE_MASK              = 1023
    CUBLASLT_ALGO_CAP_TILE_IDS                   = --  (status=7 wrote=0)
    CUBLASLT_ALGO_CAP_STAGES_IDS                 = [36] (n=1, elem=4B)
    CUBLASLT_ALGO_CONFIG_CLUSTER_SHAPE_ID sz=2 → status=0 wrote=2 val=3

## rank=3  algoId=66  tile=32  stages=36  cluster=3  inner=-1  ms=0.3644
    CUBLASLT_ALGO_CAP_REDUCTION_SCHEME_MASK      = 2
    CUBLASLT_ALGO_CAP_CTA_SWIZZLING_SUPPORT      = 0
    CUBLASLT_ALGO_CAP_STRIDED_BATCH_SUPPORT      = 1
    CUBLASLT_ALGO_CAP_OUT_OF_PLACE_RESULT_SUPPORT = 1
    CUBLASLT_ALGO_CAP_CUSTOM_OPTION_MAX          = 7
    CUBLASLT_ALGO_CAP_POINTER_MODE_MASK          = 3
    CUBLASLT_ALGO_CAP_EPILOGUE_MASK              = 1023
    CUBLASLT_ALGO_CAP_TILE_IDS                   = --  (status=7 wrote=0)
    CUBLASLT_ALGO_CAP_STAGES_IDS                 = [36] (n=1, elem=4B)
    CUBLASLT_ALGO_CONFIG_CLUSTER_SHAPE_ID sz=2 → status=0 wrote=2 val=3

# Winner:  rank=1  tile=23  stages=36  cluster=3  inner=-1  splitk=1  swizzle=0  ms=0.3626  cyc=669817

@@RESULT ms=0.3626 cyc=669817 tflops=2684.03 checksum=0.000000 valid=1 c0=0.0

[build] N=256 K=4096 M=928256 flags=['-DM_TOTAL=928256', '-DN_DIM=256', '-DK_DIM=4096']
$ make -B fc2-w3x DFLAGS=-DM_TOTAL=928256 -DN_DIM=256 -DK_DIM=4096
nvcc -gencode arch=compute_100a,code=sm_100a -O3 -std=c++17 -lineinfo --ptxas-options=-v --cudart=static -DM_TOTAL=928256 -DN_DIM=256 -DK_DIM=4096 fc2_w3x.cu -o fc2-w3x -lcurand_static -lculibos -lcuda
fc2_w3x.cu(1511): warning #177-D: function "mbar_arrive" was declared but never referenced
  void mbar_arrive(uint32_t addr) {
       ^

Remark: The warnings can be suppressed with "-diag-suppress <warning-number>"

ptxas info    : 0 bytes gmem
ptxas info    : Compiling entry function '_Z14fc2_w3x_kernelILi54ELi8ELi64EEv14CUtensorMap_stS0_S0_PK13__nv_bfloat16PS1_PmS5_S5_S5_S5_' for 'sm_100a'
ptxas info    : Function properties for _Z14fc2_w3x_kernelILi54ELi8ELi64EEv14CUtensorMap_stS0_S0_PK13__nv_bfloat16PS1_PmS5_S5_S5_S5_
    0 bytes stack frame, 0 bytes spill stores, 0 bytes spill loads
ptxas info    : Used 62 registers, used 1 barriers
ptxas info    : Compile time = 72.743 ms
ptxas info    : Compiling entry function '_Z14fc2_w3x_kernelILi54ELi8ELi48EEv14CUtensorMap_stS0_S0_PK13__nv_bfloat16PS1_PmS5_S5_S5_S5_' for 'sm_100a'
ptxas info    : Function properties for _Z14fc2_w3x_kernelILi54ELi8ELi48EEv14CUtensorMap_stS0_S0_PK13__nv_bfloat16PS1_PmS5_S5_S5_S5_
    0 bytes stack frame, 0 bytes spill stores, 0 bytes spill loads
ptxas info    : Used 62 registers, used 1 barriers
ptxas info    : Compile time = 71.514 ms
ptxas info    : Compiling entry function '_Z14fc2_w3x_kernelILi54ELi8ELi32EEv14CUtensorMap_stS0_S0_PK13__nv_bfloat16PS1_PmS5_S5_S5_S5_' for 'sm_100a'
ptxas info    : Function properties for _Z14fc2_w3x_kernelILi54ELi8ELi32EEv14CUtensorMap_stS0_S0_PK13__nv_bfloat16PS1_PmS5_S5_S5_S5_
    0 bytes stack frame, 0 bytes spill stores, 0 bytes spill loads
ptxas info    : Used 62 registers, used 1 barriers
ptxas info    : Compile time = 69.440 ms
ptxas info    : Compiling entry function '_Z14fc2_w3x_kernelILi54ELi8ELi24EEv14CUtensorMap_stS0_S0_PK13__nv_bfloat16PS1_PmS5_S5_S5_S5_' for 'sm_100a'
ptxas info    : Function properties for _Z14fc2_w3x_kernelILi54ELi8ELi24EEv14CUtensorMap_stS0_S0_PK13__nv_bfloat16PS1_PmS5_S5_S5_S5_
    0 bytes stack frame, 0 bytes spill stores, 0 bytes spill loads
ptxas info    : Used 62 registers, used 1 barriers
ptxas info    : Compile time = 70.256 ms
ptxas info    : Compiling entry function '_Z14fc2_w3x_kernelILi54ELi8ELi16EEv14CUtensorMap_stS0_S0_PK13__nv_bfloat16PS1_PmS5_S5_S5_S5_' for 'sm_100a'
ptxas info    : Function properties for _Z14fc2_w3x_kernelILi54ELi8ELi16EEv14CUtensorMap_stS0_S0_PK13__nv_bfloat16PS1_PmS5_S5_S5_S5_
    0 bytes stack frame, 0 bytes spill stores, 0 bytes spill loads
ptxas info    : Used 62 registers, used 1 barriers
ptxas info    : Compile time = 70.450 ms
ptxas info    : Compiling entry function '_Z14fc2_w3x_kernelILi54ELi8ELi12EEv14CUtensorMap_stS0_S0_PK13__nv_bfloat16PS1_PmS5_S5_S5_S5_' for 'sm_100a'
ptxas info    : Function properties for _Z14fc2_w3x_kernelILi54ELi8ELi12EEv14CUtensorMap_stS0_S0_PK13__nv_bfloat16PS1_PmS5_S5_S5_S5_
    0 bytes stack frame, 0 bytes spill stores, 0 bytes spill loads
ptxas info    : Used 62 registers, used 1 barriers
ptxas info    : Compile time = 69.977 ms
ptxas info    : Compiling entry function '_Z14fc2_w3x_kernelILi54ELi8ELi8EEv14CUtensorMap_stS0_S0_PK13__nv_bfloat16PS1_PmS5_S5_S5_S5_' for 'sm_100a'
ptxas info    : Function properties for _Z14fc2_w3x_kernelILi54ELi8ELi8EEv14CUtensorMap_stS0_S0_PK13__nv_bfloat16PS1_PmS5_S5_S5_S5_
    0 bytes stack frame, 0 bytes spill stores, 0 bytes spill loads
ptxas info    : Used 62 registers, used 1 barriers
ptxas info    : Compile time = 70.056 ms
ptxas info    : Compiling entry function '_Z14fc2_w3x_kernelILi54ELi8ELi4EEv14CUtensorMap_stS0_S0_PK13__nv_bfloat16PS1_PmS5_S5_S5_S5_' for 'sm_100a'
ptxas info    : Function properties for _Z14fc2_w3x_kernelILi54ELi8ELi4EEv14CUtensorMap_stS0_S0_PK13__nv_bfloat16PS1_PmS5_S5_S5_S5_
    0 bytes stack frame, 0 bytes spill stores, 0 bytes spill loads
ptxas info    : Used 62 registers, used 1 barriers
ptxas info    : Compile time = 70.059 ms
ptxas info    : Compiling entry function '_Z14fc2_w3x_kernelILi54ELi8ELi0EEv14CUtensorMap_stS0_S0_PK13__nv_bfloat16PS1_PmS5_S5_S5_S5_' for 'sm_100a'
ptxas info    : Function properties for _Z14fc2_w3x_kernelILi54ELi8ELi0EEv14CUtensorMap_stS0_S0_PK13__nv_bfloat16PS1_PmS5_S5_S5_S5_
    0 bytes stack frame, 0 bytes spill stores, 0 bytes spill loads
ptxas info    : Used 62 registers, used 1 barriers
ptxas info    : Compile time = 69.420 ms
ptxas info    : Compiling entry function '_Z14fc2_w3x_kernelILi99ELi8ELi20EEv14CUtensorMap_stS0_S0_PK13__nv_bfloat16PS1_PmS5_S5_S5_S5_' for 'sm_100a'
ptxas info    : Function properties for _Z14fc2_w3x_kernelILi99ELi8ELi20EEv14CUtensorMap_stS0_S0_PK13__nv_bfloat16PS1_PmS5_S5_S5_S5_
    0 bytes stack frame, 0 bytes spill stores, 0 bytes spill loads
ptxas info    : Used 62 registers, used 1 barriers
ptxas info    : Compile time = 69.505 ms
ptxas info    : Compiling entry function '_Z14fc2_w3x_kernelILi98ELi8ELi20EEv14CUtensorMap_stS0_S0_PK13__nv_bfloat16PS1_PmS5_S5_S5_S5_' for 'sm_100a'
ptxas info    : Function properties for _Z14fc2_w3x_kernelILi98ELi8ELi20EEv14CUtensorMap_stS0_S0_PK13__nv_bfloat16PS1_PmS5_S5_S5_S5_
    0 bytes stack frame, 0 bytes spill stores, 0 bytes spill loads
ptxas info    : Used 62 registers, used 1 barriers
ptxas info    : Compile time = 69.651 ms
ptxas info    : Compiling entry function '_Z14fc2_w3x_kernelILi97ELi8ELi20EEv14CUtensorMap_stS0_S0_PK13__nv_bfloat16PS1_PmS5_S5_S5_S5_' for 'sm_100a'
ptxas info    : Function properties for _Z14fc2_w3x_kernelILi97ELi8ELi20EEv14CUtensorMap_stS0_S0_PK13__nv_bfloat16PS1_PmS5_S5_S5_S5_
    0 bytes stack frame, 0 bytes spill stores, 0 bytes spill loads
ptxas info    : Used 62 registers, used 1 barriers
ptxas info    : Compile time = 69.468 ms
ptxas info    : Compiling entry function '_Z14fc2_w3x_kernelILi96ELi8ELi20EEv14CUtensorMap_stS0_S0_PK13__nv_bfloat16PS1_PmS5_S5_S5_S5_' for 'sm_100a'
ptxas info    : Function properties for _Z14fc2_w3x_kernelILi96ELi8ELi20EEv14CUtensorMap_stS0_S0_PK13__nv_bfloat16PS1_PmS5_S5_S5_S5_
    0 bytes stack frame, 0 bytes spill stores, 0 bytes spill loads
ptxas info    : Used 62 registers, used 1 barriers
ptxas info    : Compile time = 69.996 ms
ptxas info    : Compiling entry function '_Z14fc2_w3x_kernelILi95ELi8ELi20EEv14CUtensorMap_stS0_S0_PK13__nv_bfloat16PS1_PmS5_S5_S5_S5_' for 'sm_100a'
ptxas info    : Function properties for _Z14fc2_w3x_kernelILi95ELi8ELi20EEv14CUtensorMap_stS0_S0_PK13__nv_bfloat16PS1_PmS5_S5_S5_S5_
    0 bytes stack frame, 0 bytes spill stores, 0 bytes spill loads
ptxas info    : Used 62 registers, used 1 barriers
ptxas info    : Compile time = 70.285 ms
ptxas info    : Compiling entry function '_Z14fc2_w3x_kernelILi94ELi8ELi20EEv14CUtensorMap_stS0_S0_PK13__nv_bfloat16PS1_PmS5_S5_S5_S5_' for 'sm_100a'
ptxas info    : Function properties for _Z14fc2_w3x_kernelILi94ELi8ELi20EEv14CUtensorMap_stS0_S0_PK13__nv_bfloat16PS1_PmS5_S5_S5_S5_
    0 bytes stack frame, 0 bytes spill stores, 0 bytes spill loads
ptxas info    : Used 62 registers, used 1 barriers
ptxas info    : Compile time = 69.846 ms
ptxas info    : Compiling entry function '_Z14fc2_w3x_kernelILi93ELi8ELi20EEv14CUtensorMap_stS0_S0_PK13__nv_bfloat16PS1_PmS5_S5_S5_S5_' for 'sm_100a'
ptxas info    : Function properties for _Z14fc2_w3x_kernelILi93ELi8ELi20EEv14CUtensorMap_stS0_S0_PK13__nv_bfloat16PS1_PmS5_S5_S5_S5_
    0 bytes stack frame, 0 bytes spill stores, 0 bytes spill loads
ptxas info    : Used 62 registers, used 1 barriers
ptxas info    : Compile time = 70.047 ms
ptxas info    : Compiling entry function '_Z14fc2_w3x_kernelILi92ELi8ELi20EEv14CUtensorMap_stS0_S0_PK13__nv_bfloat16PS1_PmS5_S5_S5_S5_' for 'sm_100a'
ptxas info    : Function properties for _Z14fc2_w3x_kernelILi92ELi8ELi20EEv14CUtensorMap_stS0_S0_PK13__nv_bfloat16PS1_PmS5_S5_S5_S5_
    0 bytes stack frame, 0 bytes spill stores, 0 bytes spill loads
ptxas info    : Used 62 registers, used 1 barriers
ptxas info    : Compile time = 70.172 ms
ptxas info    : Compiling entry function '_Z14fc2_w3x_kernelILi91ELi8ELi20EEv14CUtensorMap_stS0_S0_PK13__nv_bfloat16PS1_PmS5_S5_S5_S5_' for 'sm_100a'
ptxas info    : Function properties for _Z14fc2_w3x_kernelILi91ELi8ELi20EEv14CUtensorMap_stS0_S0_PK13__nv_bfloat16PS1_PmS5_S5_S5_S5_
    0 bytes stack frame, 0 bytes spill stores, 0 bytes spill loads
ptxas info    : Used 62 registers, used 1 barriers
ptxas info    : Compile time = 69.697 ms
ptxas info    : Compiling entry function '_Z14fc2_w3x_kernelILi90ELi8ELi20EEv14CUtensorMap_stS0_S0_PK13__nv_bfloat16PS1_PmS5_S5_S5_S5_' for 'sm_100a'
ptxas info    : Function properties for _Z14fc2_w3x_kernelILi90ELi8ELi20EEv14CUtensorMap_stS0_S0_PK13__nv_bfloat16PS1_PmS5_S5_S5_S5_
    0 bytes stack frame, 0 bytes spill stores, 0 bytes spill loads
ptxas info    : Used 62 registers, used 1 barriers
ptxas info    : Compile time = 70.227 ms
ptxas info    : Compiling entry function '_Z14fc2_w3x_kernelILi89ELi8ELi20EEv14CUtensorMap_stS0_S0_PK13__nv_bfloat16PS1_PmS5_S5_S5_S5_' for 'sm_100a'
ptxas info    : Function properties for _Z14fc2_w3x_kernelILi89ELi8ELi20EEv14CUtensorMap_stS0_S0_PK13__nv_bfloat16PS1_PmS5_S5_S5_S5_
    0 bytes stack frame, 0 bytes spill stores, 0 bytes spill loads
ptxas info    : Used 62 registers, used 1 barriers
ptxas info    : Compile time = 70.197 ms
ptxas info    : Compiling entry function '_Z14fc2_w3x_kernelILi88ELi8ELi20EEv14CUtensorMap_stS0_S0_PK13__nv_bfloat16PS1_PmS5_S5_S5_S5_' for 'sm_100a'
ptxas info    : Function properties for _Z14fc2_w3x_kernelILi88ELi8ELi20EEv14CUtensorMap_stS0_S0_PK13__nv_bfloat16PS1_PmS5_S5_S5_S5_
    0 bytes stack frame, 0 bytes spill stores, 0 bytes spill loads
ptxas info    : Used 62 registers, used 1 barriers
ptxas info    : Compile time = 69.968 ms
ptxas info    : Compiling entry function '_Z14fc2_w3x_kernelILi87ELi8ELi20EEv14CUtensorMap_stS0_S0_PK13__nv_bfloat16PS1_PmS5_S5_S5_S5_' for 'sm_100a'
ptxas info    : Function properties for _Z14fc2_w3x_kernelILi87ELi8ELi20EEv14CUtensorMap_stS0_S0_PK13__nv_bfloat16PS1_PmS5_S5_S5_S5_
    0 bytes stack frame, 0 bytes spill stores, 0 bytes spill loads
ptxas info    : Used 62 registers, used 1 barriers
ptxas info    : Compile time = 69.590 ms
ptxas info    : Compiling entry function '_Z14fc2_w3x_kernelILi86ELi8ELi20EEv14CUtensorMap_stS0_S0_PK13__nv_bfloat16PS1_PmS5_S5_S5_S5_' for 'sm_100a'
ptxas info    : Function properties for _Z14fc2_w3x_kernelILi86ELi8ELi20EEv14CUtensorMap_stS0_S0_PK13__nv_bfloat16PS1_PmS5_S5_S5_S5_
    0 bytes stack frame, 0 bytes spill stores, 0 bytes spill loads
ptxas info    : Used 62 registers, used 1 barriers
ptxas info    : Compile time = 69.072 ms
ptxas info    : Compiling entry function '_Z14fc2_w3x_kernelILi85ELi8ELi20EEv14CUtensorMap_stS0_S0_PK13__nv_bfloat16PS1_PmS5_S5_S5_S5_' for 'sm_100a'
ptxas info    : Function properties for _Z14fc2_w3x_kernelILi85ELi8ELi20EEv14CUtensorMap_stS0_S0_PK13__nv_bfloat16PS1_PmS5_S5_S5_S5_
    0 bytes stack frame, 0 bytes spill stores, 0 bytes spill loads
ptxas info    : Used 62 registers, used 1 barriers
ptxas info    : Compile time = 69.010 ms
ptxas info    : Compiling entry function '_Z14fc2_w3x_kernelILi84ELi8ELi20EEv14CUtensorMap_stS0_S0_PK13__nv_bfloat16PS1_PmS5_S5_S5_S5_' for 'sm_100a'
ptxas info    : Function properties for _Z14fc2_w3x_kernelILi84ELi8ELi20EEv14CUtensorMap_stS0_S0_PK13__nv_bfloat16PS1_PmS5_S5_S5_S5_
    0 bytes stack frame, 0 bytes spill stores, 0 bytes spill loads
ptxas info    : Used 62 registers, used 1 barriers
ptxas info    : Compile time = 70.250 ms
ptxas info    : Compiling entry function '_Z14fc2_w3x_kernelILi83ELi8ELi20EEv14CUtensorMap_stS0_S0_PK13__nv_bfloat16PS1_PmS5_S5_S5_S5_' for 'sm_100a'
ptxas info    : Function properties for _Z14fc2_w3x_kernelILi83ELi8ELi20EEv14CUtensorMap_stS0_S0_PK13__nv_bfloat16PS1_PmS5_S5_S5_S5_
    0 bytes stack frame, 0 bytes spill stores, 0 bytes spill loads
ptxas info    : Used 62 registers, used 1 barriers
ptxas info    : Compile time = 70.951 ms
ptxas info    : Compiling entry function '_Z14fc2_w3x_kernelILi82ELi8ELi20EEv14CUtensorMap_stS0_S0_PK13__nv_bfloat16PS1_PmS5_S5_S5_S5_' for 'sm_100a'
ptxas info    : Function properties for _Z14fc2_w3x_kernelILi82ELi8ELi20EEv14CUtensorMap_stS0_S0_PK13__nv_bfloat16PS1_PmS5_S5_S5_S5_
    0 bytes stack frame, 0 bytes spill stores, 0 bytes spill loads
ptxas info    : Used 62 registers, used 1 barriers
ptxas info    : Compile time = 69.822 ms
ptxas info    : Compiling entry function '_Z14fc2_w3x_kernelILi81ELi8ELi20EEv14CUtensorMap_stS0_S0_PK13__nv_bfloat16PS1_PmS5_S5_S5_S5_' for 'sm_100a'
ptxas info    : Function properties for _Z14fc2_w3x_kernelILi81ELi8ELi20EEv14CUtensorMap_stS0_S0_PK13__nv_bfloat16PS1_PmS5_S5_S5_S5_
    0 bytes stack frame, 0 bytes spill stores, 0 bytes spill loads
ptxas info    : Used 62 registers, used 1 barriers
ptxas info    : Compile time = 69.553 ms
ptxas info    : Compiling entry function '_Z14fc2_w3x_kernelILi80ELi8ELi20EEv14CUtensorMap_stS0_S0_PK13__nv_bfloat16PS1_PmS5_S5_S5_S5_' for 'sm_100a'
ptxas info    : Function properties for _Z14fc2_w3x_kernelILi80ELi8ELi20EEv14CUtensorMap_stS0_S0_PK13__nv_bfloat16PS1_PmS5_S5_S5_S5_
    0 bytes stack frame, 0 bytes spill stores, 0 bytes spill loads
ptxas info    : Used 62 registers, used 1 barriers
ptxas info    : Compile time = 68.933 ms
ptxas info    : Compiling entry function '_Z14fc2_w3x_kernelILi58ELi8ELi20EEv14CUtensorMap_stS0_S0_PK13__nv_bfloat16PS1_PmS5_S5_S5_S5_' for 'sm_100a'
ptxas info    : Function properties for _Z14fc2_w3x_kernelILi58ELi8ELi20EEv14CUtensorMap_stS0_S0_PK13__nv_bfloat16PS1_PmS5_S5_S5_S5_
    0 bytes stack frame, 0 bytes spill stores, 0 bytes spill loads
ptxas info    : Used 62 registers, used 1 barriers
ptxas info    : Compile time = 69.870 ms
ptxas info    : Compiling entry function '_Z14fc2_w3x_kernelILi57ELi8ELi20EEv14CUtensorMap_stS0_S0_PK13__nv_bfloat16PS1_PmS5_S5_S5_S5_' for 'sm_100a'
ptxas info    : Function properties for _Z14fc2_w3x_kernelILi57ELi8ELi20EEv14CUtensorMap_stS0_S0_PK13__nv_bfloat16PS1_PmS5_S5_S5_S5_
    0 bytes stack frame, 0 bytes spill stores, 0 bytes spill loads
ptxas info    : Used 62 registers, used 1 barriers
ptxas info    : Compile time = 70.204 ms
ptxas info    : Compiling entry function '_Z14fc2_w3x_kernelILi56ELi8ELi20EEv14CUtensorMap_stS0_S0_PK13__nv_bfloat16PS1_PmS5_S5_S5_S5_' for 'sm_100a'
ptxas info    : Function properties for _Z14fc2_w3x_kernelILi56ELi8ELi20EEv14CUtensorMap_stS0_S0_PK13__nv_bfloat16PS1_PmS5_S5_S5_S5_
    0 bytes stack frame, 0 bytes spill stores, 0 bytes spill loads
ptxas info    : Used 62 registers, used 1 barriers
ptxas info    : Compile time = 69.614 ms
ptxas info    : Compiling entry function '_Z14fc2_w3x_kernelILi55ELi8ELi20EEv14CUtensorMap_stS0_S0_PK13__nv_bfloat16PS1_PmS5_S5_S5_S5_' for 'sm_100a'
ptxas info    : Function properties for _Z14fc2_w3x_kernelILi55ELi8ELi20EEv14CUtensorMap_stS0_S0_PK13__nv_bfloat16PS1_PmS5_S5_S5_S5_
    0 bytes stack frame, 0 bytes spill stores, 0 bytes spill loads
ptxas info    : Used 62 registers, used 1 barriers
ptxas info    : Compile time = 68.864 ms
ptxas info    : Compiling entry function '_Z14fc2_w3x_kernelILi54ELi8ELi20EEv14CUtensorMap_stS0_S0_PK13__nv_bfloat16PS1_PmS5_S5_S5_S5_' for 'sm_100a'
ptxas info    : Function properties for _Z14fc2_w3x_kernelILi54ELi8ELi20EEv14CUtensorMap_stS0_S0_PK13__nv_bfloat16PS1_PmS5_S5_S5_S5_
    0 bytes stack frame, 0 bytes spill stores, 0 bytes spill loads
ptxas info    : Used 62 registers, used 1 barriers
ptxas info    : Compile time = 68.767 ms
ptxas info    : Compiling entry function '_Z14fc2_w3x_kernelILi53ELi8ELi20EEv14CUtensorMap_stS0_S0_PK13__nv_bfloat16PS1_PmS5_S5_S5_S5_' for 'sm_100a'
ptxas info    : Function properties for _Z14fc2_w3x_kernelILi53ELi8ELi20EEv14CUtensorMap_stS0_S0_PK13__nv_bfloat16PS1_PmS5_S5_S5_S5_
    0 bytes stack frame, 0 bytes spill stores, 0 bytes spill loads
ptxas info    : Used 62 registers, used 1 barriers
ptxas info    : Compile time = 69.975 ms
ptxas info    : Compiling entry function '_Z14fc2_w3x_kernelILi52ELi8ELi20EEv14CUtensorMap_stS0_S0_PK13__nv_bfloat16PS1_PmS5_S5_S5_S5_' for 'sm_100a'
ptxas info    : Function properties for _Z14fc2_w3x_kernelILi52ELi8ELi20EEv14CUtensorMap_stS0_S0_PK13__nv_bfloat16PS1_PmS5_S5_S5_S5_
    0 bytes stack frame, 0 bytes spill stores, 0 bytes spill loads
ptxas info    : Used 62 registers, used 1 barriers
ptxas info    : Compile time = 69.920 ms
ptxas info    : Compiling entry function '_Z14fc2_w3x_kernelILi51ELi8ELi20EEv14CUtensorMap_stS0_S0_PK13__nv_bfloat16PS1_PmS5_S5_S5_S5_' for 'sm_100a'
ptxas info    : Function properties for _Z14fc2_w3x_kernelILi51ELi8ELi20EEv14CUtensorMap_stS0_S0_PK13__nv_bfloat16PS1_PmS5_S5_S5_S5_
    0 bytes stack frame, 0 bytes spill stores, 0 bytes spill loads
ptxas info    : Used 62 registers, used 1 barriers
ptxas info    : Compile time = 71.450 ms
ptxas info    : Compiling entry function '_Z14fc2_w3x_kernelILi50ELi8ELi20EEv14CUtensorMap_stS0_S0_PK13__nv_bfloat16PS1_PmS5_S5_S5_S5_' for 'sm_100a'
ptxas info    : Function properties for _Z14fc2_w3x_kernelILi50ELi8ELi20EEv14CUtensorMap_stS0_S0_PK13__nv_bfloat16PS1_PmS5_S5_S5_S5_
    0 bytes stack frame, 0 bytes spill stores, 0 bytes spill loads
ptxas info    : Used 62 registers, used 1 barriers
ptxas info    : Compile time = 72.091 ms
ptxas info    : Compiling entry function '_Z14fc2_w3x_kernelILi49ELi8ELi20EEv14CUtensorMap_stS0_S0_PK13__nv_bfloat16PS1_PmS5_S5_S5_S5_' for 'sm_100a'
ptxas info    : Function properties for _Z14fc2_w3x_kernelILi49ELi8ELi20EEv14CUtensorMap_stS0_S0_PK13__nv_bfloat16PS1_PmS5_S5_S5_S5_
    0 bytes stack frame, 0 bytes spill stores, 0 bytes spill loads
ptxas info    : Used 62 registers, used 1 barriers
ptxas info    : Compile time = 69.984 ms
ptxas info    : Compiling entry function '_Z14fc2_w3x_kernelILi19ELi16ELi20EEv14CUtensorMap_stS0_S0_PK13__nv_bfloat16PS1_PmS5_S5_S5_S5_' for 'sm_100a'
ptxas info    : Function properties for _Z14fc2_w3x_kernelILi19ELi16ELi20EEv14CUtensorMap_stS0_S0_PK13__nv_bfloat16PS1_PmS5_S5_S5_S5_
    0 bytes stack frame, 0 bytes spill stores, 0 bytes spill loads
ptxas info    : Used 62 registers, used 1 barriers
ptxas info    : Compile time = 68.784 ms
ptxas info    : Compiling entry function '_Z14fc2_w3x_kernelILi19ELi4ELi20EEv14CUtensorMap_stS0_S0_PK13__nv_bfloat16PS1_PmS5_S5_S5_S5_' for 'sm_100a'
ptxas info    : Function properties for _Z14fc2_w3x_kernelILi19ELi4ELi20EEv14CUtensorMap_stS0_S0_PK13__nv_bfloat16PS1_PmS5_S5_S5_S5_
    0 bytes stack frame, 0 bytes spill stores, 0 bytes spill loads
ptxas info    : Used 62 registers, used 1 barriers
ptxas info    : Compile time = 69.444 ms
ptxas info    : Compiling entry function '_Z14fc2_w3x_kernelILi48ELi8ELi20EEv14CUtensorMap_stS0_S0_PK13__nv_bfloat16PS1_PmS5_S5_S5_S5_' for 'sm_100a'
ptxas info    : Function properties for _Z14fc2_w3x_kernelILi48ELi8ELi20EEv14CUtensorMap_stS0_S0_PK13__nv_bfloat16PS1_PmS5_S5_S5_S5_
    0 bytes stack frame, 0 bytes spill stores, 0 bytes spill loads
ptxas info    : Used 62 registers, used 1 barriers
ptxas info    : Compile time = 70.251 ms
ptxas info    : Compiling entry function '_Z14fc2_w3x_kernelILi47ELi8ELi20EEv14CUtensorMap_stS0_S0_PK13__nv_bfloat16PS1_PmS5_S5_S5_S5_' for 'sm_100a'
ptxas info    : Function properties for _Z14fc2_w3x_kernelILi47ELi8ELi20EEv14CUtensorMap_stS0_S0_PK13__nv_bfloat16PS1_PmS5_S5_S5_S5_
    0 bytes stack frame, 0 bytes spill stores, 0 bytes spill loads
ptxas info    : Used 62 registers, used 1 barriers
ptxas info    : Compile time = 70.246 ms
ptxas info    : Compiling entry function '_Z14fc2_w3x_kernelILi46ELi8ELi20EEv14CUtensorMap_stS0_S0_PK13__nv_bfloat16PS1_PmS5_S5_S5_S5_' for 'sm_100a'
ptxas info    : Function properties for _Z14fc2_w3x_kernelILi46ELi8ELi20EEv14CUtensorMap_stS0_S0_PK13__nv_bfloat16PS1_PmS5_S5_S5_S5_
    0 bytes stack frame, 0 bytes spill stores, 0 bytes spill loads
ptxas info    : Used 62 registers, used 1 barriers
ptxas info    : Compile time = 71.624 ms
ptxas info    : Compiling entry function '_Z14fc2_w3x_kernelILi45ELi8ELi20EEv14CUtensorMap_stS0_S0_PK13__nv_bfloat16PS1_PmS5_S5_S5_S5_' for 'sm_100a'
ptxas info    : Function properties for _Z14fc2_w3x_kernelILi45ELi8ELi20EEv14CUtensorMap_stS0_S0_PK13__nv_bfloat16PS1_PmS5_S5_S5_S5_
    0 bytes stack frame, 0 bytes spill stores, 0 bytes spill loads
ptxas info    : Used 62 registers, used 1 barriers
ptxas info    : Compile time = 71.268 ms
ptxas info    : Compiling entry function '_Z14fc2_w3x_kernelILi44ELi8ELi20EEv14CUtensorMap_stS0_S0_PK13__nv_bfloat16PS1_PmS5_S5_S5_S5_' for 'sm_100a'
ptxas info    : Function properties for _Z14fc2_w3x_kernelILi44ELi8ELi20EEv14CUtensorMap_stS0_S0_PK13__nv_bfloat16PS1_PmS5_S5_S5_S5_
    0 bytes stack frame, 0 bytes spill stores, 0 bytes spill loads
ptxas info    : Used 62 registers, used 1 barriers
ptxas info    : Compile time = 70.239 ms
ptxas info    : Compiling entry function '_Z14fc2_w3x_kernelILi43ELi8ELi20EEv14CUtensorMap_stS0_S0_PK13__nv_bfloat16PS1_PmS5_S5_S5_S5_' for 'sm_100a'
ptxas info    : Function properties for _Z14fc2_w3x_kernelILi43ELi8ELi20EEv14CUtensorMap_stS0_S0_PK13__nv_bfloat16PS1_PmS5_S5_S5_S5_
    0 bytes stack frame, 0 bytes spill stores, 0 bytes spill loads
ptxas info    : Used 62 registers, used 1 barriers
ptxas info    : Compile time = 69.972 ms
ptxas info    : Compiling entry function '_Z14fc2_w3x_kernelILi41ELi8ELi20EEv14CUtensorMap_stS0_S0_PK13__nv_bfloat16PS1_PmS5_S5_S5_S5_' for 'sm_100a'
ptxas info    : Function properties for _Z14fc2_w3x_kernelILi41ELi8ELi20EEv14CUtensorMap_stS0_S0_PK13__nv_bfloat16PS1_PmS5_S5_S5_S5_
    0 bytes stack frame, 0 bytes spill stores, 0 bytes spill loads
ptxas info    : Used 62 registers, used 1 barriers
ptxas info    : Compile time = 68.889 ms
ptxas info    : Compiling entry function '_Z14fc2_w3x_kernelILi40ELi8ELi20EEv14CUtensorMap_stS0_S0_PK13__nv_bfloat16PS1_PmS5_S5_S5_S5_' for 'sm_100a'
ptxas info    : Function properties for _Z14fc2_w3x_kernelILi40ELi8ELi20EEv14CUtensorMap_stS0_S0_PK13__nv_bfloat16PS1_PmS5_S5_S5_S5_
    0 bytes stack frame, 0 bytes spill stores, 0 bytes spill loads
ptxas info    : Used 62 registers, used 1 barriers
ptxas info    : Compile time = 68.548 ms
ptxas info    : Compiling entry function '_Z14fc2_w3x_kernelILi39ELi8ELi20EEv14CUtensorMap_stS0_S0_PK13__nv_bfloat16PS1_PmS5_S5_S5_S5_' for 'sm_100a'
ptxas info    : Function properties for _Z14fc2_w3x_kernelILi39ELi8ELi20EEv14CUtensorMap_stS0_S0_PK13__nv_bfloat16PS1_PmS5_S5_S5_S5_
    0 bytes stack frame, 0 bytes spill stores, 0 bytes spill loads
ptxas info    : Used 62 registers, used 1 barriers
ptxas info    : Compile time = 70.326 ms
ptxas info    : Compiling entry function '_Z14fc2_w3x_kernelILi38ELi8ELi20EEv14CUtensorMap_stS0_S0_PK13__nv_bfloat16PS1_PmS5_S5_S5_S5_' for 'sm_100a'
ptxas info    : Function properties for _Z14fc2_w3x_kernelILi38ELi8ELi20EEv14CUtensorMap_stS0_S0_PK13__nv_bfloat16PS1_PmS5_S5_S5_S5_
    0 bytes stack frame, 0 bytes spill stores, 0 bytes spill loads
ptxas info    : Used 62 registers, used 1 barriers
ptxas info    : Compile time = 71.280 ms
ptxas info    : Compiling entry function '_Z14fc2_w3x_kernelILi36ELi4ELi20EEv14CUtensorMap_stS0_S0_PK13__nv_bfloat16PS1_PmS5_S5_S5_S5_' for 'sm_100a'
ptxas info    : Function properties for _Z14fc2_w3x_kernelILi36ELi4ELi20EEv14CUtensorMap_stS0_S0_PK13__nv_bfloat16PS1_PmS5_S5_S5_S5_
    0 bytes stack frame, 0 bytes spill stores, 0 bytes spill loads
ptxas info    : Used 62 registers, used 1 barriers
ptxas info    : Compile time = 69.451 ms
ptxas info    : Compiling entry function '_Z14fc2_w3x_kernelILi35ELi4ELi20EEv14CUtensorMap_stS0_S0_PK13__nv_bfloat16PS1_PmS5_S5_S5_S5_' for 'sm_100a'
ptxas info    : Function properties for _Z14fc2_w3x_kernelILi35ELi4ELi20EEv14CUtensorMap_stS0_S0_PK13__nv_bfloat16PS1_PmS5_S5_S5_S5_
    0 bytes stack frame, 0 bytes spill stores, 0 bytes spill loads
ptxas info    : Used 62 registers, used 1 barriers
ptxas info    : Compile time = 69.362 ms
ptxas info    : Compiling entry function '_Z14fc2_w3x_kernelILi34ELi8ELi20EEv14CUtensorMap_stS0_S0_PK13__nv_bfloat16PS1_PmS5_S5_S5_S5_' for 'sm_100a'
ptxas info    : Function properties for _Z14fc2_w3x_kernelILi34ELi8ELi20EEv14CUtensorMap_stS0_S0_PK13__nv_bfloat16PS1_PmS5_S5_S5_S5_
    0 bytes stack frame, 0 bytes spill stores, 0 bytes spill loads
ptxas info    : Used 62 registers, used 1 barriers
ptxas info    : Compile time = 70.580 ms
ptxas info    : Compiling entry function '_Z14fc2_w3x_kernelILi33ELi8ELi20EEv14CUtensorMap_stS0_S0_PK13__nv_bfloat16PS1_PmS5_S5_S5_S5_' for 'sm_100a'
ptxas info    : Function properties for _Z14fc2_w3x_kernelILi33ELi8ELi20EEv14CUtensorMap_stS0_S0_PK13__nv_bfloat16PS1_PmS5_S5_S5_S5_
    0 bytes stack frame, 0 bytes spill stores, 0 bytes spill loads
ptxas info    : Used 62 registers, used 1 barriers
ptxas info    : Compile time = 70.473 ms
ptxas info    : Compiling entry function '_Z14fc2_w3x_kernelILi19ELi8ELi20EEv14CUtensorMap_stS0_S0_PK13__nv_bfloat16PS1_PmS5_S5_S5_S5_' for 'sm_100a'
ptxas info    : Function properties for _Z14fc2_w3x_kernelILi19ELi8ELi20EEv14CUtensorMap_stS0_S0_PK13__nv_bfloat16PS1_PmS5_S5_S5_S5_
    0 bytes stack frame, 0 bytes spill stores, 0 bytes spill loads
ptxas info    : Used 62 registers, used 1 barriers
ptxas info    : Compile time = 69.135 ms
ptxas info    : Compiling entry function '_Z14fc2_w3x_kernelILi18ELi8ELi20EEv14CUtensorMap_stS0_S0_PK13__nv_bfloat16PS1_PmS5_S5_S5_S5_' for 'sm_100a'
ptxas info    : Function properties for _Z14fc2_w3x_kernelILi18ELi8ELi20EEv14CUtensorMap_stS0_S0_PK13__nv_bfloat16PS1_PmS5_S5_S5_S5_
    0 bytes stack frame, 0 bytes spill stores, 0 bytes spill loads
ptxas info    : Used 62 registers, used 1 barriers
ptxas info    : Compile time = 69.340 ms
ptxas info    : Compiling entry function '_Z14fc2_w3x_kernelILi13ELi8ELi20EEv14CUtensorMap_stS0_S0_PK13__nv_bfloat16PS1_PmS5_S5_S5_S5_' for 'sm_100a'
ptxas info    : Function properties for _Z14fc2_w3x_kernelILi13ELi8ELi20EEv14CUtensorMap_stS0_S0_PK13__nv_bfloat16PS1_PmS5_S5_S5_S5_
    0 bytes stack frame, 0 bytes spill stores, 0 bytes spill loads
ptxas info    : Used 62 registers, used 1 barriers
ptxas info    : Compile time = 67.822 ms
ptxas info    : Compiling entry function '_Z14fc2_w3x_kernelILi11ELi8ELi20EEv14CUtensorMap_stS0_S0_PK13__nv_bfloat16PS1_PmS5_S5_S5_S5_' for 'sm_100a'
ptxas info    : Function properties for _Z14fc2_w3x_kernelILi11ELi8ELi20EEv14CUtensorMap_stS0_S0_PK13__nv_bfloat16PS1_PmS5_S5_S5_S5_
    0 bytes stack frame, 0 bytes spill stores, 0 bytes spill loads
ptxas info    : Used 62 registers, used 1 barriers
ptxas info    : Compile time = 67.631 ms
ptxas info    : Compiling entry function '_Z14fc2_w3x_kernelILi0ELi32ELi20EEv14CUtensorMap_stS0_S0_PK13__nv_bfloat16PS1_PmS5_S5_S5_S5_' for 'sm_100a'
ptxas info    : Function properties for _Z14fc2_w3x_kernelILi0ELi32ELi20EEv14CUtensorMap_stS0_S0_PK13__nv_bfloat16PS1_PmS5_S5_S5_S5_
    0 bytes stack frame, 0 bytes spill stores, 0 bytes spill loads
ptxas info    : Used 62 registers, used 1 barriers
ptxas info    : Compile time = 70.048 ms
ptxas info    : Compiling entry function '_Z14fc2_w3x_kernelILi0ELi16ELi20EEv14CUtensorMap_stS0_S0_PK13__nv_bfloat16PS1_PmS5_S5_S5_S5_' for 'sm_100a'
ptxas info    : Function properties for _Z14fc2_w3x_kernelILi0ELi16ELi20EEv14CUtensorMap_stS0_S0_PK13__nv_bfloat16PS1_PmS5_S5_S5_S5_
    0 bytes stack frame, 0 bytes spill stores, 0 bytes spill loads
ptxas info    : Used 62 registers, used 1 barriers
ptxas info    : Compile time = 70.220 ms
ptxas info    : Compiling entry function '_Z14fc2_w3x_kernelILi0ELi4ELi20EEv14CUtensorMap_stS0_S0_PK13__nv_bfloat16PS1_PmS5_S5_S5_S5_' for 'sm_100a'
ptxas info    : Function properties for _Z14fc2_w3x_kernelILi0ELi4ELi20EEv14CUtensorMap_stS0_S0_PK13__nv_bfloat16PS1_PmS5_S5_S5_S5_
    0 bytes stack frame, 0 bytes spill stores, 0 bytes spill loads
ptxas info    : Used 62 registers, used 1 barriers
ptxas info    : Compile time = 69.385 ms
ptxas info    : Compiling entry function '_Z14fc2_w3x_kernelILi0ELi2ELi20EEv14CUtensorMap_stS0_S0_PK13__nv_bfloat16PS1_PmS5_S5_S5_S5_' for 'sm_100a'
ptxas info    : Function properties for _Z14fc2_w3x_kernelILi0ELi2ELi20EEv14CUtensorMap_stS0_S0_PK13__nv_bfloat16PS1_PmS5_S5_S5_S5_
    0 bytes stack frame, 0 bytes spill stores, 0 bytes spill loads
ptxas info    : Used 62 registers, used 1 barriers
ptxas info    : Compile time = 68.132 ms
ptxas info    : Compiling entry function '_Z14fc2_w3x_kernelILi0ELi8ELi20EEv14CUtensorMap_stS0_S0_PK13__nv_bfloat16PS1_PmS5_S5_S5_S5_' for 'sm_100a'
ptxas info    : Function properties for _Z14fc2_w3x_kernelILi0ELi8ELi20EEv14CUtensorMap_stS0_S0_PK13__nv_bfloat16PS1_PmS5_S5_S5_S5_
    0 bytes stack frame, 0 bytes spill stores, 0 bytes spill loads
ptxas info    : Used 62 registers, used 1 barriers
ptxas info    : Compile time = 69.843 ms
--- rep 1/3 ec=0
FC2 W3X kernel — 6-warp bias-only rank-1-shaped persistent
  [928256,4096] x [256,4096]^T  NS=6  THREADS=192  SMEM=213888 B  (cap 228KB)
  Alloc + init + pack done
  TMA + func attr done (SMEM=213888 B)  variant=default TD=0 DGG=8
Warmup (2 iters)...
Timing 1 reps × 10 iters/rep × 1 variant ...
@@SAMPLE rep=1 ms=0.63364 cyc=1153448 cyc_min=1142740 cyc_p50=1149248 cyc_p95=1151913 cyc_max=1153448
@@STATS reps=1 mean=0.63364 std=0.00000 min=0.63364 p25=0.63364 p50=0.63364 p75=0.63364 max=0.63364 iqr=0.00000
FC2-W3X kernel: 0.634 ms  3072.25 TFLOPS
PASS  errors=0/32
@@RESULT ms=0.6336 tflops=3072.25 checksum=0.000000 valid=1 c0=6144.0
--- rep 2/3 ec=0
FC2 W3X kernel — 6-warp bias-only rank-1-shaped persistent
  [928256,4096] x [256,4096]^T  NS=6  THREADS=192  SMEM=213888 B  (cap 228KB)
  Alloc + init + pack done
  TMA + func attr done (SMEM=213888 B)  variant=default TD=0 DGG=8
Warmup (2 iters)...
Timing 1 reps × 10 iters/rep × 1 variant ...
@@SAMPLE rep=1 ms=0.63333 cyc=1152822 cyc_min=1142590 cyc_p50=1147649 cyc_p95=1151819 cyc_max=1152822
@@STATS reps=1 mean=0.63333 std=0.00000 min=0.63333 p25=0.63333 p50=0.63333 p75=0.63333 max=0.63333 iqr=0.00000
FC2-W3X kernel: 0.633 ms  3073.72 TFLOPS
PASS  errors=0/32
@@RESULT ms=0.6333 tflops=3073.72 checksum=0.000000 valid=1 c0=6144.0
--- rep 3/3 ec=0
FC2 W3X kernel — 6-warp bias-only rank-1-shaped persistent
  [928256,4096] x [256,4096]^T  NS=6  THREADS=192  SMEM=213888 B  (cap 228KB)
  Alloc + init + pack done
  TMA + func attr done (SMEM=213888 B)  variant=default TD=0 DGG=8
Warmup (2 iters)...
Timing 1 reps × 10 iters/rep × 1 variant ...
@@SAMPLE rep=1 ms=0.63453 cyc=1153251 cyc_min=1142359 cyc_p50=1147891 cyc_p95=1152160 cyc_max=1153251
@@STATS reps=1 mean=0.63453 std=0.00000 min=0.63453 p25=0.63453 p50=0.63453 p75=0.63453 max=0.63453 iqr=0.00000
FC2-W3X kernel: 0.635 ms  3067.91 TFLOPS
PASS  errors=0/32
@@RESULT ms=0.6345 tflops=3067.91 checksum=0.000000 valid=1 c0=6144.0
--- cublas epi=3 rep 1/1 ec=0
### CUBLASLT INTROSPECT M=928256 N=256 K=4096 epi=bias_only
### Heuristics returned: 8

# TSV
rank	heur	ms	cyc	algoId	tile	stages	cluster	inner	splitk	redux	swizzle	custom	waves	ws_MB
1	0	0.6396	1180964	66	23	36	3	-1	1	0	0	1	49.00	0.0
2	2	0.6431	1186507	66	29	36	3	-1	1	0	0	1	78.41	0.0
3	1	0.6492	1197962	66	32	36	3	-1	1	0	0	1	65.34	0.0
4	4	0.6533	1206171	66	177	36	3	-1	1	0	0	1	32.68	0.0
5	5	0.6793	1253518	66	20	36	3	-1	1	0	0	1	98.00	0.0
6	3	0.6838	1262283	66	447	36	3	-1	1	0	0	1	24.50	0.0
7	7	0.6976	1287188	66	184	36	5	-1	1	0	0	2	98.00	0.0
8	6	0.7140	1317735	66	194	36	5	-1	1	0	0	2	65.34	0.0

# Top-3 caps:

## rank=1  algoId=66  tile=23  stages=36  cluster=3  inner=-1  ms=0.6396
    CUBLASLT_ALGO_CAP_REDUCTION_SCHEME_MASK      = 2
    CUBLASLT_ALGO_CAP_CTA_SWIZZLING_SUPPORT      = 0
    CUBLASLT_ALGO_CAP_STRIDED_BATCH_SUPPORT      = 1
    CUBLASLT_ALGO_CAP_OUT_OF_PLACE_RESULT_SUPPORT = 1
    CUBLASLT_ALGO_CAP_CUSTOM_OPTION_MAX          = 7
    CUBLASLT_ALGO_CAP_POINTER_MODE_MASK          = 3
    CUBLASLT_ALGO_CAP_EPILOGUE_MASK              = 1023
    CUBLASLT_ALGO_CAP_TILE_IDS                   = --  (status=7 wrote=0)
    CUBLASLT_ALGO_CAP_STAGES_IDS                 = [36] (n=1, elem=4B)
    CUBLASLT_ALGO_CONFIG_CLUSTER_SHAPE_ID sz=2 → status=0 wrote=2 val=3

## rank=2  algoId=66  tile=29  stages=36  cluster=3  inner=-1  ms=0.6431
    CUBLASLT_ALGO_CAP_REDUCTION_SCHEME_MASK      = 2
    CUBLASLT_ALGO_CAP_CTA_SWIZZLING_SUPPORT      = 0
    CUBLASLT_ALGO_CAP_STRIDED_BATCH_SUPPORT      = 1
    CUBLASLT_ALGO_CAP_OUT_OF_PLACE_RESULT_SUPPORT = 1
    CUBLASLT_ALGO_CAP_CUSTOM_OPTION_MAX          = 7
    CUBLASLT_ALGO_CAP_POINTER_MODE_MASK          = 3
    CUBLASLT_ALGO_CAP_EPILOGUE_MASK              = 1023
    CUBLASLT_ALGO_CAP_TILE_IDS                   = --  (status=7 wrote=0)
    CUBLASLT_ALGO_CAP_STAGES_IDS                 = [36] (n=1, elem=4B)
    CUBLASLT_ALGO_CONFIG_CLUSTER_SHAPE_ID sz=2 → status=0 wrote=2 val=3

## rank=3  algoId=66  tile=32  stages=36  cluster=3  inner=-1  ms=0.6492
    CUBLASLT_ALGO_CAP_REDUCTION_SCHEME_MASK      = 2
    CUBLASLT_ALGO_CAP_CTA_SWIZZLING_SUPPORT      = 0
    CUBLASLT_ALGO_CAP_STRIDED_BATCH_SUPPORT      = 1
    CUBLASLT_ALGO_CAP_OUT_OF_PLACE_RESULT_SUPPORT = 1
    CUBLASLT_ALGO_CAP_CUSTOM_OPTION_MAX          = 7
    CUBLASLT_ALGO_CAP_POINTER_MODE_MASK          = 3
    CUBLASLT_ALGO_CAP_EPILOGUE_MASK              = 1023
    CUBLASLT_ALGO_CAP_TILE_IDS                   = --  (status=7 wrote=0)
    CUBLASLT_ALGO_CAP_STAGES_IDS                 = [36] (n=1, elem=4B)
    CUBLASLT_ALGO_CONFIG_CLUSTER_SHAPE_ID sz=2 → status=0 wrote=2 val=3

# Winner:  rank=1  tile=23  stages=36  cluster=3  inner=-1  splitk=1  swizzle=0  ms=0.6396  cyc=1180964

@@RESULT ms=0.6396 cyc=1180964 tflops=3043.66 checksum=0.000000 valid=1 c0=0.0
--- cublas epi=0 rep 1/1 ec=0
### CUBLASLT INTROSPECT M=928256 N=256 K=4096 epi=none
### Heuristics returned: 8

# TSV
rank	heur	ms	cyc	algoId	tile	stages	cluster	inner	splitk	redux	swizzle	custom	waves	ws_MB
1	0	0.6386	1179005	66	23	36	3	-1	1	0	0	1	49.00	0.0
2	2	0.6408	1182408	66	29	36	3	-1	1	0	0	1	78.41	0.0
3	1	0.6482	1196322	66	32	36	3	-1	1	0	0	1	65.34	0.0
4	4	0.6568	1212374	66	177	36	3	-1	1	0	0	1	32.68	0.0
5	5	0.6739	1243614	66	20	36	3	-1	1	0	0	1	98.00	0.0
6	3	0.6840	1262908	66	447	36	3	-1	1	0	0	1	24.50	0.0
7	7	0.6920	1276907	66	184	36	5	-1	1	0	0	2	98.00	0.0
8	6	0.7091	1308761	66	194	36	5	-1	1	0	0	2	65.34	0.0

# Top-3 caps:

## rank=1  algoId=66  tile=23  stages=36  cluster=3  inner=-1  ms=0.6386
    CUBLASLT_ALGO_CAP_REDUCTION_SCHEME_MASK      = 2
    CUBLASLT_ALGO_CAP_CTA_SWIZZLING_SUPPORT      = 0
    CUBLASLT_ALGO_CAP_STRIDED_BATCH_SUPPORT      = 1
    CUBLASLT_ALGO_CAP_OUT_OF_PLACE_RESULT_SUPPORT = 1
    CUBLASLT_ALGO_CAP_CUSTOM_OPTION_MAX          = 7
    CUBLASLT_ALGO_CAP_POINTER_MODE_MASK          = 3
    CUBLASLT_ALGO_CAP_EPILOGUE_MASK              = 1023
    CUBLASLT_ALGO_CAP_TILE_IDS                   = --  (status=7 wrote=0)
    CUBLASLT_ALGO_CAP_STAGES_IDS                 = [36] (n=1, elem=4B)
    CUBLASLT_ALGO_CONFIG_CLUSTER_SHAPE_ID sz=2 → status=0 wrote=2 val=3

## rank=2  algoId=66  tile=29  stages=36  cluster=3  inner=-1  ms=0.6408
    CUBLASLT_ALGO_CAP_REDUCTION_SCHEME_MASK      = 2
    CUBLASLT_ALGO_CAP_CTA_SWIZZLING_SUPPORT      = 0
    CUBLASLT_ALGO_CAP_STRIDED_BATCH_SUPPORT      = 1
    CUBLASLT_ALGO_CAP_OUT_OF_PLACE_RESULT_SUPPORT = 1
    CUBLASLT_ALGO_CAP_CUSTOM_OPTION_MAX          = 7
    CUBLASLT_ALGO_CAP_POINTER_MODE_MASK          = 3
    CUBLASLT_ALGO_CAP_EPILOGUE_MASK              = 1023
    CUBLASLT_ALGO_CAP_TILE_IDS                   = --  (status=7 wrote=0)
    CUBLASLT_ALGO_CAP_STAGES_IDS                 = [36] (n=1, elem=4B)
    CUBLASLT_ALGO_CONFIG_CLUSTER_SHAPE_ID sz=2 → status=0 wrote=2 val=3

## rank=3  algoId=66  tile=32  stages=36  cluster=3  inner=-1  ms=0.6482
    CUBLASLT_ALGO_CAP_REDUCTION_SCHEME_MASK      = 2
    CUBLASLT_ALGO_CAP_CTA_SWIZZLING_SUPPORT      = 0
    CUBLASLT_ALGO_CAP_STRIDED_BATCH_SUPPORT      = 1
    CUBLASLT_ALGO_CAP_OUT_OF_PLACE_RESULT_SUPPORT = 1
    CUBLASLT_ALGO_CAP_CUSTOM_OPTION_MAX          = 7
    CUBLASLT_ALGO_CAP_POINTER_MODE_MASK          = 3
    CUBLASLT_ALGO_CAP_EPILOGUE_MASK              = 1023
    CUBLASLT_ALGO_CAP_TILE_IDS                   = --  (status=7 wrote=0)
    CUBLASLT_ALGO_CAP_STAGES_IDS                 = [36] (n=1, elem=4B)
    CUBLASLT_ALGO_CONFIG_CLUSTER_SHAPE_ID sz=2 → status=0 wrote=2 val=3

# Winner:  rank=1  tile=23  stages=36  cluster=3  inner=-1  splitk=1  swizzle=0  ms=0.6386  cyc=1179005

@@RESULT ms=0.6386 cyc=1179005 tflops=3048.46 checksum=0.000000 valid=1 c0=0.0

[build] N=256 K=8192 M=928256 flags=['-DM_TOTAL=928256', '-DN_DIM=256', '-DK_DIM=8192']
$ make -B fc2-w3x DFLAGS=-DM_TOTAL=928256 -DN_DIM=256 -DK_DIM=8192
nvcc -gencode arch=compute_100a,code=sm_100a -O3 -std=c++17 -lineinfo --ptxas-options=-v --cudart=static -DM_TOTAL=928256 -DN_DIM=256 -DK_DIM=8192 fc2_w3x.cu -o fc2-w3x -lcurand_static -lculibos -lcuda
fc2_w3x.cu(1511): warning #177-D: function "mbar_arrive" was declared but never referenced
  void mbar_arrive(uint32_t addr) {
       ^

Remark: The warnings can be suppressed with "-diag-suppress <warning-number>"

ptxas info    : 0 bytes gmem
ptxas info    : Compiling entry function '_Z14fc2_w3x_kernelILi54ELi8ELi64EEv14CUtensorMap_stS0_S0_PK13__nv_bfloat16PS1_PmS5_S5_S5_S5_' for 'sm_100a'
ptxas info    : Function properties for _Z14fc2_w3x_kernelILi54ELi8ELi64EEv14CUtensorMap_stS0_S0_PK13__nv_bfloat16PS1_PmS5_S5_S5_S5_
    0 bytes stack frame, 0 bytes spill stores, 0 bytes spill loads
ptxas info    : Used 62 registers, used 1 barriers
ptxas info    : Compile time = 140.411 ms
ptxas info    : Compiling entry function '_Z14fc2_w3x_kernelILi54ELi8ELi48EEv14CUtensorMap_stS0_S0_PK13__nv_bfloat16PS1_PmS5_S5_S5_S5_' for 'sm_100a'
ptxas info    : Function properties for _Z14fc2_w3x_kernelILi54ELi8ELi48EEv14CUtensorMap_stS0_S0_PK13__nv_bfloat16PS1_PmS5_S5_S5_S5_
    0 bytes stack frame, 0 bytes spill stores, 0 bytes spill loads
ptxas info    : Used 62 registers, used 1 barriers
ptxas info    : Compile time = 136.699 ms
ptxas info    : Compiling entry function '_Z14fc2_w3x_kernelILi54ELi8ELi32EEv14CUtensorMap_stS0_S0_PK13__nv_bfloat16PS1_PmS5_S5_S5_S5_' for 'sm_100a'
ptxas info    : Function properties for _Z14fc2_w3x_kernelILi54ELi8ELi32EEv14CUtensorMap_stS0_S0_PK13__nv_bfloat16PS1_PmS5_S5_S5_S5_
    0 bytes stack frame, 0 bytes spill stores, 0 bytes spill loads
ptxas info    : Used 62 registers, used 1 barriers
ptxas info    : Compile time = 136.720 ms
ptxas info    : Compiling entry function '_Z14fc2_w3x_kernelILi54ELi8ELi24EEv14CUtensorMap_stS0_S0_PK13__nv_bfloat16PS1_PmS5_S5_S5_S5_' for 'sm_100a'
ptxas info    : Function properties for _Z14fc2_w3x_kernelILi54ELi8ELi24EEv14CUtensorMap_stS0_S0_PK13__nv_bfloat16PS1_PmS5_S5_S5_S5_
    0 bytes stack frame, 0 bytes spill stores, 0 bytes spill loads
ptxas info    : Used 62 registers, used 1 barriers
ptxas info    : Compile time = 132.641 ms
ptxas info    : Compiling entry function '_Z14fc2_w3x_kernelILi54ELi8ELi16EEv14CUtensorMap_stS0_S0_PK13__nv_bfloat16PS1_PmS5_S5_S5_S5_' for 'sm_100a'
ptxas info    : Function properties for _Z14fc2_w3x_kernelILi54ELi8ELi16EEv14CUtensorMap_stS0_S0_PK13__nv_bfloat16PS1_PmS5_S5_S5_S5_
    0 bytes stack frame, 0 bytes spill stores, 0 bytes spill loads
ptxas info    : Used 62 registers, used 1 barriers
ptxas info    : Compile time = 131.678 ms
ptxas info    : Compiling entry function '_Z14fc2_w3x_kernelILi54ELi8ELi12EEv14CUtensorMap_stS0_S0_PK13__nv_bfloat16PS1_PmS5_S5_S5_S5_' for 'sm_100a'
ptxas info    : Function properties for _Z14fc2_w3x_kernelILi54ELi8ELi12EEv14CUtensorMap_stS0_S0_PK13__nv_bfloat16PS1_PmS5_S5_S5_S5_
    0 bytes stack frame, 0 bytes spill stores, 0 bytes spill loads
ptxas info    : Used 62 registers, used 1 barriers
ptxas info    : Compile time = 133.816 ms
ptxas info    : Compiling entry function '_Z14fc2_w3x_kernelILi54ELi8ELi8EEv14CUtensorMap_stS0_S0_PK13__nv_bfloat16PS1_PmS5_S5_S5_S5_' for 'sm_100a'
ptxas info    : Function properties for _Z14fc2_w3x_kernelILi54ELi8ELi8EEv14CUtensorMap_stS0_S0_PK13__nv_bfloat16PS1_PmS5_S5_S5_S5_
    0 bytes stack frame, 0 bytes spill stores, 0 bytes spill loads
ptxas info    : Used 62 registers, used 1 barriers
ptxas info    : Compile time = 133.042 ms
ptxas info    : Compiling entry function '_Z14fc2_w3x_kernelILi54ELi8ELi4EEv14CUtensorMap_stS0_S0_PK13__nv_bfloat16PS1_PmS5_S5_S5_S5_' for 'sm_100a'
ptxas info    : Function properties for _Z14fc2_w3x_kernelILi54ELi8ELi4EEv14CUtensorMap_stS0_S0_PK13__nv_bfloat16PS1_PmS5_S5_S5_S5_
    0 bytes stack frame, 0 bytes spill stores, 0 bytes spill loads
ptxas info    : Used 62 registers, used 1 barriers
ptxas info    : Compile time = 133.421 ms
ptxas info    : Compiling entry function '_Z14fc2_w3x_kernelILi54ELi8ELi0EEv14CUtensorMap_stS0_S0_PK13__nv_bfloat16PS1_PmS5_S5_S5_S5_' for 'sm_100a'
ptxas info    : Function properties for _Z14fc2_w3x_kernelILi54ELi8ELi0EEv14CUtensorMap_stS0_S0_PK13__nv_bfloat16PS1_PmS5_S5_S5_S5_
    0 bytes stack frame, 0 bytes spill stores, 0 bytes spill loads
ptxas info    : Used 62 registers, used 1 barriers
ptxas info    : Compile time = 133.240 ms
ptxas info    : Compiling entry function '_Z14fc2_w3x_kernelILi99ELi8ELi20EEv14CUtensorMap_stS0_S0_PK13__nv_bfloat16PS1_PmS5_S5_S5_S5_' for 'sm_100a'
ptxas info    : Function properties for _Z14fc2_w3x_kernelILi99ELi8ELi20EEv14CUtensorMap_stS0_S0_PK13__nv_bfloat16PS1_PmS5_S5_S5_S5_
    0 bytes stack frame, 0 bytes spill stores, 0 bytes spill loads
ptxas info    : Used 62 registers, used 1 barriers
ptxas info    : Compile time = 133.221 ms
ptxas info    : Compiling entry function '_Z14fc2_w3x_kernelILi98ELi8ELi20EEv14CUtensorMap_stS0_S0_PK13__nv_bfloat16PS1_PmS5_S5_S5_S5_' for 'sm_100a'
ptxas info    : Function properties for _Z14fc2_w3x_kernelILi98ELi8ELi20EEv14CUtensorMap_stS0_S0_PK13__nv_bfloat16PS1_PmS5_S5_S5_S5_
    0 bytes stack frame, 0 bytes spill stores, 0 bytes spill loads
ptxas info    : Used 62 registers, used 1 barriers
ptxas info    : Compile time = 134.712 ms
ptxas info    : Compiling entry function '_Z14fc2_w3x_kernelILi97ELi8ELi20EEv14CUtensorMap_stS0_S0_PK13__nv_bfloat16PS1_PmS5_S5_S5_S5_' for 'sm_100a'
ptxas info    : Function properties for _Z14fc2_w3x_kernelILi97ELi8ELi20EEv14CUtensorMap_stS0_S0_PK13__nv_bfloat16PS1_PmS5_S5_S5_S5_
    0 bytes stack frame, 0 bytes spill stores, 0 bytes spill loads
ptxas info    : Used 62 registers, used 1 barriers
ptxas info    : Compile time = 132.381 ms
ptxas info    : Compiling entry function '_Z14fc2_w3x_kernelILi96ELi8ELi20EEv14CUtensorMap_stS0_S0_PK13__nv_bfloat16PS1_PmS5_S5_S5_S5_' for 'sm_100a'
ptxas info    : Function properties for _Z14fc2_w3x_kernelILi96ELi8ELi20EEv14CUtensorMap_stS0_S0_PK13__nv_bfloat16PS1_PmS5_S5_S5_S5_
    0 bytes stack frame, 0 bytes spill stores, 0 bytes spill loads
ptxas info    : Used 62 registers, used 1 barriers
ptxas info    : Compile time = 133.161 ms
ptxas info    : Compiling entry function '_Z14fc2_w3x_kernelILi95ELi8ELi20EEv14CUtensorMap_stS0_S0_PK13__nv_bfloat16PS1_PmS5_S5_S5_S5_' for 'sm_100a'
ptxas info    : Function properties for _Z14fc2_w3x_kernelILi95ELi8ELi20EEv14CUtensorMap_stS0_S0_PK13__nv_bfloat16PS1_PmS5_S5_S5_S5_
    0 bytes stack frame, 0 bytes spill stores, 0 bytes spill loads
ptxas info    : Used 62 registers, used 1 barriers
ptxas info    : Compile time = 133.837 ms
ptxas info    : Compiling entry function '_Z14fc2_w3x_kernelILi94ELi8ELi20EEv14CUtensorMap_stS0_S0_PK13__nv_bfloat16PS1_PmS5_S5_S5_S5_' for 'sm_100a'
ptxas info    : Function properties for _Z14fc2_w3x_kernelILi94ELi8ELi20EEv14CUtensorMap_stS0_S0_PK13__nv_bfloat16PS1_PmS5_S5_S5_S5_
    0 bytes stack frame, 0 bytes spill stores, 0 bytes spill loads
ptxas info    : Used 62 registers, used 1 barriers
ptxas info    : Compile time = 132.712 ms
ptxas info    : Compiling entry function '_Z14fc2_w3x_kernelILi93ELi8ELi20EEv14CUtensorMap_stS0_S0_PK13__nv_bfloat16PS1_PmS5_S5_S5_S5_' for 'sm_100a'
ptxas info    : Function properties for _Z14fc2_w3x_kernelILi93ELi8ELi20EEv14CUtensorMap_stS0_S0_PK13__nv_bfloat16PS1_PmS5_S5_S5_S5_
    0 bytes stack frame, 0 bytes spill stores, 0 bytes spill loads
ptxas info    : Used 62 registers, used 1 barriers
ptxas info    : Compile time = 134.466 ms
ptxas info    : Compiling entry function '_Z14fc2_w3x_kernelILi92ELi8ELi20EEv14CUtensorMap_stS0_S0_PK13__nv_bfloat16PS1_PmS5_S5_S5_S5_' for 'sm_100a'
ptxas info    : Function properties for _Z14fc2_w3x_kernelILi92ELi8ELi20EEv14CUtensorMap_stS0_S0_PK13__nv_bfloat16PS1_PmS5_S5_S5_S5_
    0 bytes stack frame, 0 bytes spill stores, 0 bytes spill loads
ptxas info    : Used 62 registers, used 1 barriers
ptxas info    : Compile time = 132.234 ms
ptxas info    : Compiling entry function '_Z14fc2_w3x_kernelILi91ELi8ELi20EEv14CUtensorMap_stS0_S0_PK13__nv_bfloat16PS1_PmS5_S5_S5_S5_' for 'sm_100a'
ptxas info    : Function properties for _Z14fc2_w3x_kernelILi91ELi8ELi20EEv14CUtensorMap_stS0_S0_PK13__nv_bfloat16PS1_PmS5_S5_S5_S5_
    0 bytes stack frame, 0 bytes spill stores, 0 bytes spill loads
ptxas info    : Used 62 registers, used 1 barriers
ptxas info    : Compile time = 132.914 ms
ptxas info    : Compiling entry function '_Z14fc2_w3x_kernelILi90ELi8ELi20EEv14CUtensorMap_stS0_S0_PK13__nv_bfloat16PS1_PmS5_S5_S5_S5_' for 'sm_100a'
ptxas info    : Function properties for _Z14fc2_w3x_kernelILi90ELi8ELi20EEv14CUtensorMap_stS0_S0_PK13__nv_bfloat16PS1_PmS5_S5_S5_S5_
    0 bytes stack frame, 0 bytes spill stores, 0 bytes spill loads
ptxas info    : Used 62 registers, used 1 barriers
ptxas info    : Compile time = 133.508 ms
ptxas info    : Compiling entry function '_Z14fc2_w3x_kernelILi89ELi8ELi20EEv14CUtensorMap_stS0_S0_PK13__nv_bfloat16PS1_PmS5_S5_S5_S5_' for 'sm_100a'
ptxas info    : Function properties for _Z14fc2_w3x_kernelILi89ELi8ELi20EEv14CUtensorMap_stS0_S0_PK13__nv_bfloat16PS1_PmS5_S5_S5_S5_
    0 bytes stack frame, 0 bytes spill stores, 0 bytes spill loads
ptxas info    : Used 62 registers, used 1 barriers
ptxas info    : Compile time = 133.750 ms
ptxas info    : Compiling entry function '_Z14fc2_w3x_kernelILi88ELi8ELi20EEv14CUtensorMap_stS0_S0_PK13__nv_bfloat16PS1_PmS5_S5_S5_S5_' for 'sm_100a'
ptxas info    : Function properties for _Z14fc2_w3x_kernelILi88ELi8ELi20EEv14CUtensorMap_stS0_S0_PK13__nv_bfloat16PS1_PmS5_S5_S5_S5_
    0 bytes stack frame, 0 bytes spill stores, 0 bytes spill loads
ptxas info    : Used 62 registers, used 1 barriers
ptxas info    : Compile time = 132.846 ms
ptxas info    : Compiling entry function '_Z14fc2_w3x_kernelILi87ELi8ELi20EEv14CUtensorMap_stS0_S0_PK13__nv_bfloat16PS1_PmS5_S5_S5_S5_' for 'sm_100a'
ptxas info    : Function properties for _Z14fc2_w3x_kernelILi87ELi8ELi20EEv14CUtensorMap_stS0_S0_PK13__nv_bfloat16PS1_PmS5_S5_S5_S5_
    0 bytes stack frame, 0 bytes spill stores, 0 bytes spill loads
ptxas info    : Used 62 registers, used 1 barriers
ptxas info    : Compile time = 133.341 ms
ptxas info    : Compiling entry function '_Z14fc2_w3x_kernelILi86ELi8ELi20EEv14CUtensorMap_stS0_S0_PK13__nv_bfloat16PS1_PmS5_S5_S5_S5_' for 'sm_100a'
ptxas info    : Function properties for _Z14fc2_w3x_kernelILi86ELi8ELi20EEv14CUtensorMap_stS0_S0_PK13__nv_bfloat16PS1_PmS5_S5_S5_S5_
    0 bytes stack frame, 0 bytes spill stores, 0 bytes spill loads
ptxas info    : Used 62 registers, used 1 barriers
ptxas info    : Compile time = 132.404 ms
ptxas info    : Compiling entry function '_Z14fc2_w3x_kernelILi85ELi8ELi20EEv14CUtensorMap_stS0_S0_PK13__nv_bfloat16PS1_PmS5_S5_S5_S5_' for 'sm_100a'
ptxas info    : Function properties for _Z14fc2_w3x_kernelILi85ELi8ELi20EEv14CUtensorMap_stS0_S0_PK13__nv_bfloat16PS1_PmS5_S5_S5_S5_
    0 bytes stack frame, 0 bytes spill stores, 0 bytes spill loads
ptxas info    : Used 62 registers, used 1 barriers
ptxas info    : Compile time = 134.133 ms
ptxas info    : Compiling entry function '_Z14fc2_w3x_kernelILi84ELi8ELi20EEv14CUtensorMap_stS0_S0_PK13__nv_bfloat16PS1_PmS5_S5_S5_S5_' for 'sm_100a'
ptxas info    : Function properties for _Z14fc2_w3x_kernelILi84ELi8ELi20EEv14CUtensorMap_stS0_S0_PK13__nv_bfloat16PS1_PmS5_S5_S5_S5_
    0 bytes stack frame, 0 bytes spill stores, 0 bytes spill loads
ptxas info    : Used 62 registers, used 1 barriers
ptxas info    : Compile time = 133.237 ms
ptxas info    : Compiling entry function '_Z14fc2_w3x_kernelILi83ELi8ELi20EEv14CUtensorMap_stS0_S0_PK13__nv_bfloat16PS1_PmS5_S5_S5_S5_' for 'sm_100a'
ptxas info    : Function properties for _Z14fc2_w3x_kernelILi83ELi8ELi20EEv14CUtensorMap_stS0_S0_PK13__nv_bfloat16PS1_PmS5_S5_S5_S5_
    0 bytes stack frame, 0 bytes spill stores, 0 bytes spill loads
ptxas info    : Used 62 registers, used 1 barriers
ptxas info    : Compile time = 132.966 ms
ptxas info    : Compiling entry function '_Z14fc2_w3x_kernelILi82ELi8ELi20EEv14CUtensorMap_stS0_S0_PK13__nv_bfloat16PS1_PmS5_S5_S5_S5_' for 'sm_100a'
ptxas info    : Function properties for _Z14fc2_w3x_kernelILi82ELi8ELi20EEv14CUtensorMap_stS0_S0_PK13__nv_bfloat16PS1_PmS5_S5_S5_S5_
    0 bytes stack frame, 0 bytes spill stores, 0 bytes spill loads
ptxas info    : Used 62 registers, used 1 barriers
ptxas info    : Compile time = 133.151 ms
ptxas info    : Compiling entry function '_Z14fc2_w3x_kernelILi81ELi8ELi20EEv14CUtensorMap_stS0_S0_PK13__nv_bfloat16PS1_PmS5_S5_S5_S5_' for 'sm_100a'
ptxas info    : Function properties for _Z14fc2_w3x_kernelILi81ELi8ELi20EEv14CUtensorMap_stS0_S0_PK13__nv_bfloat16PS1_PmS5_S5_S5_S5_
    0 bytes stack frame, 0 bytes spill stores, 0 bytes spill loads
ptxas info    : Used 62 registers, used 1 barriers
ptxas info    : Compile time = 133.749 ms
ptxas info    : Compiling entry function '_Z14fc2_w3x_kernelILi80ELi8ELi20EEv14CUtensorMap_stS0_S0_PK13__nv_bfloat16PS1_PmS5_S5_S5_S5_' for 'sm_100a'
ptxas info    : Function properties for _Z14fc2_w3x_kernelILi80ELi8ELi20EEv14CUtensorMap_stS0_S0_PK13__nv_bfloat16PS1_PmS5_S5_S5_S5_
    0 bytes stack frame, 0 bytes spill stores, 0 bytes spill loads
ptxas info    : Used 62 registers, used 1 barriers
ptxas info    : Compile time = 134.983 ms
ptxas info    : Compiling entry function '_Z14fc2_w3x_kernelILi58ELi8ELi20EEv14CUtensorMap_stS0_S0_PK13__nv_bfloat16PS1_PmS5_S5_S5_S5_' for 'sm_100a'
ptxas info    : Function properties for _Z14fc2_w3x_kernelILi58ELi8ELi20EEv14CUtensorMap_stS0_S0_PK13__nv_bfloat16PS1_PmS5_S5_S5_S5_
    0 bytes stack frame, 0 bytes spill stores, 0 bytes spill loads
ptxas info    : Used 62 registers, used 1 barriers
ptxas info    : Compile time = 133.029 ms
ptxas info    : Compiling entry function '_Z14fc2_w3x_kernelILi57ELi8ELi20EEv14CUtensorMap_stS0_S0_PK13__nv_bfloat16PS1_PmS5_S5_S5_S5_' for 'sm_100a'
ptxas info    : Function properties for _Z14fc2_w3x_kernelILi57ELi8ELi20EEv14CUtensorMap_stS0_S0_PK13__nv_bfloat16PS1_PmS5_S5_S5_S5_
    0 bytes stack frame, 0 bytes spill stores, 0 bytes spill loads
ptxas info    : Used 62 registers, used 1 barriers
ptxas info    : Compile time = 132.540 ms
ptxas info    : Compiling entry function '_Z14fc2_w3x_kernelILi56ELi8ELi20EEv14CUtensorMap_stS0_S0_PK13__nv_bfloat16PS1_PmS5_S5_S5_S5_' for 'sm_100a'
ptxas info    : Function properties for _Z14fc2_w3x_kernelILi56ELi8ELi20EEv14CUtensorMap_stS0_S0_PK13__nv_bfloat16PS1_PmS5_S5_S5_S5_
    0 bytes stack frame, 0 bytes spill stores, 0 bytes spill loads
ptxas info    : Used 62 registers, used 1 barriers
ptxas info    : Compile time = 134.002 ms
ptxas info    : Compiling entry function '_Z14fc2_w3x_kernelILi55ELi8ELi20EEv14CUtensorMap_stS0_S0_PK13__nv_bfloat16PS1_PmS5_S5_S5_S5_' for 'sm_100a'
ptxas info    : Function properties for _Z14fc2_w3x_kernelILi55ELi8ELi20EEv14CUtensorMap_stS0_S0_PK13__nv_bfloat16PS1_PmS5_S5_S5_S5_
    0 bytes stack frame, 0 bytes spill stores, 0 bytes spill loads
ptxas info    : Used 62 registers, used 1 barriers
ptxas info    : Compile time = 132.977 ms
ptxas info    : Compiling entry function '_Z14fc2_w3x_kernelILi54ELi8ELi20EEv14CUtensorMap_stS0_S0_PK13__nv_bfloat16PS1_PmS5_S5_S5_S5_' for 'sm_100a'
ptxas info    : Function properties for _Z14fc2_w3x_kernelILi54ELi8ELi20EEv14CUtensorMap_stS0_S0_PK13__nv_bfloat16PS1_PmS5_S5_S5_S5_
    0 bytes stack frame, 0 bytes spill stores, 0 bytes spill loads
ptxas info    : Used 62 registers, used 1 barriers
ptxas info    : Compile time = 132.513 ms
ptxas info    : Compiling entry function '_Z14fc2_w3x_kernelILi53ELi8ELi20EEv14CUtensorMap_stS0_S0_PK13__nv_bfloat16PS1_PmS5_S5_S5_S5_' for 'sm_100a'
ptxas info    : Function properties for _Z14fc2_w3x_kernelILi53ELi8ELi20EEv14CUtensorMap_stS0_S0_PK13__nv_bfloat16PS1_PmS5_S5_S5_S5_
    0 bytes stack frame, 0 bytes spill stores, 0 bytes spill loads
ptxas info    : Used 62 registers, used 1 barriers
ptxas info    : Compile time = 133.171 ms
ptxas info    : Compiling entry function '_Z14fc2_w3x_kernelILi52ELi8ELi20EEv14CUtensorMap_stS0_S0_PK13__nv_bfloat16PS1_PmS5_S5_S5_S5_' for 'sm_100a'
ptxas info    : Function properties for _Z14fc2_w3x_kernelILi52ELi8ELi20EEv14CUtensorMap_stS0_S0_PK13__nv_bfloat16PS1_PmS5_S5_S5_S5_
    0 bytes stack frame, 0 bytes spill stores, 0 bytes spill loads
ptxas info    : Used 62 registers, used 1 barriers
ptxas info    : Compile time = 134.033 ms
ptxas info    : Compiling entry function '_Z14fc2_w3x_kernelILi51ELi8ELi20EEv14CUtensorMap_stS0_S0_PK13__nv_bfloat16PS1_PmS5_S5_S5_S5_' for 'sm_100a'
ptxas info    : Function properties for _Z14fc2_w3x_kernelILi51ELi8ELi20EEv14CUtensorMap_stS0_S0_PK13__nv_bfloat16PS1_PmS5_S5_S5_S5_
    0 bytes stack frame, 0 bytes spill stores, 0 bytes spill loads
ptxas info    : Used 62 registers, used 1 barriers
ptxas info    : Compile time = 134.361 ms
ptxas info    : Compiling entry function '_Z14fc2_w3x_kernelILi50ELi8ELi20EEv14CUtensorMap_stS0_S0_PK13__nv_bfloat16PS1_PmS5_S5_S5_S5_' for 'sm_100a'
ptxas info    : Function properties for _Z14fc2_w3x_kernelILi50ELi8ELi20EEv14CUtensorMap_stS0_S0_PK13__nv_bfloat16PS1_PmS5_S5_S5_S5_
    0 bytes stack frame, 0 bytes spill stores, 0 bytes spill loads
ptxas info    : Used 62 registers, used 1 barriers
ptxas info    : Compile time = 133.426 ms
ptxas info    : Compiling entry function '_Z14fc2_w3x_kernelILi49ELi8ELi20EEv14CUtensorMap_stS0_S0_PK13__nv_bfloat16PS1_PmS5_S5_S5_S5_' for 'sm_100a'
ptxas info    : Function properties for _Z14fc2_w3x_kernelILi49ELi8ELi20EEv14CUtensorMap_stS0_S0_PK13__nv_bfloat16PS1_PmS5_S5_S5_S5_
    0 bytes stack frame, 0 bytes spill stores, 0 bytes spill loads
ptxas info    : Used 62 registers, used 1 barriers
ptxas info    : Compile time = 133.627 ms
ptxas info    : Compiling entry function '_Z14fc2_w3x_kernelILi19ELi16ELi20EEv14CUtensorMap_stS0_S0_PK13__nv_bfloat16PS1_PmS5_S5_S5_S5_' for 'sm_100a'
ptxas info    : Function properties for _Z14fc2_w3x_kernelILi19ELi16ELi20EEv14CUtensorMap_stS0_S0_PK13__nv_bfloat16PS1_PmS5_S5_S5_S5_
    0 bytes stack frame, 0 bytes spill stores, 0 bytes spill loads
ptxas info    : Used 62 registers, used 1 barriers
ptxas info    : Compile time = 133.191 ms
ptxas info    : Compiling entry function '_Z14fc2_w3x_kernelILi19ELi4ELi20EEv14CUtensorMap_stS0_S0_PK13__nv_bfloat16PS1_PmS5_S5_S5_S5_' for 'sm_100a'
ptxas info    : Function properties for _Z14fc2_w3x_kernelILi19ELi4ELi20EEv14CUtensorMap_stS0_S0_PK13__nv_bfloat16PS1_PmS5_S5_S5_S5_
    0 bytes stack frame, 0 bytes spill stores, 0 bytes spill loads
ptxas info    : Used 62 registers, used 1 barriers
ptxas info    : Compile time = 134.750 ms
ptxas info    : Compiling entry function '_Z14fc2_w3x_kernelILi48ELi8ELi20EEv14CUtensorMap_stS0_S0_PK13__nv_bfloat16PS1_PmS5_S5_S5_S5_' for 'sm_100a'
ptxas info    : Function properties for _Z14fc2_w3x_kernelILi48ELi8ELi20EEv14CUtensorMap_stS0_S0_PK13__nv_bfloat16PS1_PmS5_S5_S5_S5_
    0 bytes stack frame, 0 bytes spill stores, 0 bytes spill loads
ptxas info    : Used 62 registers, used 1 barriers
ptxas info    : Compile time = 139.838 ms
ptxas info    : Compiling entry function '_Z14fc2_w3x_kernelILi47ELi8ELi20EEv14CUtensorMap_stS0_S0_PK13__nv_bfloat16PS1_PmS5_S5_S5_S5_' for 'sm_100a'
ptxas info    : Function properties for _Z14fc2_w3x_kernelILi47ELi8ELi20EEv14CUtensorMap_stS0_S0_PK13__nv_bfloat16PS1_PmS5_S5_S5_S5_
    0 bytes stack frame, 0 bytes spill stores, 0 bytes spill loads
ptxas info    : Used 62 registers, used 1 barriers
ptxas info    : Compile time = 138.912 ms
ptxas info    : Compiling entry function '_Z14fc2_w3x_kernelILi46ELi8ELi20EEv14CUtensorMap_stS0_S0_PK13__nv_bfloat16PS1_PmS5_S5_S5_S5_' for 'sm_100a'
ptxas info    : Function properties for _Z14fc2_w3x_kernelILi46ELi8ELi20EEv14CUtensorMap_stS0_S0_PK13__nv_bfloat16PS1_PmS5_S5_S5_S5_
    0 bytes stack frame, 0 bytes spill stores, 0 bytes spill loads
ptxas info    : Used 62 registers, used 1 barriers
ptxas info    : Compile time = 133.860 ms
ptxas info    : Compiling entry function '_Z14fc2_w3x_kernelILi45ELi8ELi20EEv14CUtensorMap_stS0_S0_PK13__nv_bfloat16PS1_PmS5_S5_S5_S5_' for 'sm_100a'
ptxas info    : Function properties for _Z14fc2_w3x_kernelILi45ELi8ELi20EEv14CUtensorMap_stS0_S0_PK13__nv_bfloat16PS1_PmS5_S5_S5_S5_
    0 bytes stack frame, 0 bytes spill stores, 0 bytes spill loads
ptxas info    : Used 62 registers, used 1 barriers
ptxas info    : Compile time = 133.884 ms
ptxas info    : Compiling entry function '_Z14fc2_w3x_kernelILi44ELi8ELi20EEv14CUtensorMap_stS0_S0_PK13__nv_bfloat16PS1_PmS5_S5_S5_S5_' for 'sm_100a'
ptxas info    : Function properties for _Z14fc2_w3x_kernelILi44ELi8ELi20EEv14CUtensorMap_stS0_S0_PK13__nv_bfloat16PS1_PmS5_S5_S5_S5_
    0 bytes stack frame, 0 bytes spill stores, 0 bytes spill loads
ptxas info    : Used 62 registers, used 1 barriers
ptxas info    : Compile time = 133.164 ms
ptxas info    : Compiling entry function '_Z14fc2_w3x_kernelILi43ELi8ELi20EEv14CUtensorMap_stS0_S0_PK13__nv_bfloat16PS1_PmS5_S5_S5_S5_' for 'sm_100a'
ptxas info    : Function properties for _Z14fc2_w3x_kernelILi43ELi8ELi20EEv14CUtensorMap_stS0_S0_PK13__nv_bfloat16PS1_PmS5_S5_S5_S5_
    0 bytes stack frame, 0 bytes spill stores, 0 bytes spill loads
ptxas info    : Used 62 registers, used 1 barriers
ptxas info    : Compile time = 133.605 ms
ptxas info    : Compiling entry function '_Z14fc2_w3x_kernelILi41ELi8ELi20EEv14CUtensorMap_stS0_S0_PK13__nv_bfloat16PS1_PmS5_S5_S5_S5_' for 'sm_100a'
ptxas info    : Function properties for _Z14fc2_w3x_kernelILi41ELi8ELi20EEv14CUtensorMap_stS0_S0_PK13__nv_bfloat16PS1_PmS5_S5_S5_S5_
    0 bytes stack frame, 0 bytes spill stores, 0 bytes spill loads
ptxas info    : Used 62 registers, used 1 barriers
ptxas info    : Compile time = 132.061 ms
ptxas info    : Compiling entry function '_Z14fc2_w3x_kernelILi40ELi8ELi20EEv14CUtensorMap_stS0_S0_PK13__nv_bfloat16PS1_PmS5_S5_S5_S5_' for 'sm_100a'
ptxas info    : Function properties for _Z14fc2_w3x_kernelILi40ELi8ELi20EEv14CUtensorMap_stS0_S0_PK13__nv_bfloat16PS1_PmS5_S5_S5_S5_
    0 bytes stack frame, 0 bytes spill stores, 0 bytes spill loads
ptxas info    : Used 62 registers, used 1 barriers
ptxas info    : Compile time = 131.987 ms
ptxas info    : Compiling entry function '_Z14fc2_w3x_kernelILi39ELi8ELi20EEv14CUtensorMap_stS0_S0_PK13__nv_bfloat16PS1_PmS5_S5_S5_S5_' for 'sm_100a'
ptxas info    : Function properties for _Z14fc2_w3x_kernelILi39ELi8ELi20EEv14CUtensorMap_stS0_S0_PK13__nv_bfloat16PS1_PmS5_S5_S5_S5_
    0 bytes stack frame, 0 bytes spill stores, 0 bytes spill loads
ptxas info    : Used 62 registers, used 1 barriers
ptxas info    : Compile time = 134.860 ms
ptxas info    : Compiling entry function '_Z14fc2_w3x_kernelILi38ELi8ELi20EEv14CUtensorMap_stS0_S0_PK13__nv_bfloat16PS1_PmS5_S5_S5_S5_' for 'sm_100a'
ptxas info    : Function properties for _Z14fc2_w3x_kernelILi38ELi8ELi20EEv14CUtensorMap_stS0_S0_PK13__nv_bfloat16PS1_PmS5_S5_S5_S5_
    0 bytes stack frame, 0 bytes spill stores, 0 bytes spill loads
ptxas info    : Used 62 registers, used 1 barriers
ptxas info    : Compile time = 133.143 ms
ptxas info    : Compiling entry function '_Z14fc2_w3x_kernelILi36ELi4ELi20EEv14CUtensorMap_stS0_S0_PK13__nv_bfloat16PS1_PmS5_S5_S5_S5_' for 'sm_100a'
ptxas info    : Function properties for _Z14fc2_w3x_kernelILi36ELi4ELi20EEv14CUtensorMap_stS0_S0_PK13__nv_bfloat16PS1_PmS5_S5_S5_S5_
    0 bytes stack frame, 0 bytes spill stores, 0 bytes spill loads
ptxas info    : Used 62 registers, used 1 barriers
ptxas info    : Compile time = 133.324 ms
ptxas info    : Compiling entry function '_Z14fc2_w3x_kernelILi35ELi4ELi20EEv14CUtensorMap_stS0_S0_PK13__nv_bfloat16PS1_PmS5_S5_S5_S5_' for 'sm_100a'
ptxas info    : Function properties for _Z14fc2_w3x_kernelILi35ELi4ELi20EEv14CUtensorMap_stS0_S0_PK13__nv_bfloat16PS1_PmS5_S5_S5_S5_
    0 bytes stack frame, 0 bytes spill stores, 0 bytes spill loads
ptxas info    : Used 62 registers, used 1 barriers
ptxas info    : Compile time = 133.683 ms
ptxas info    : Compiling entry function '_Z14fc2_w3x_kernelILi34ELi8ELi20EEv14CUtensorMap_stS0_S0_PK13__nv_bfloat16PS1_PmS5_S5_S5_S5_' for 'sm_100a'
ptxas info    : Function properties for _Z14fc2_w3x_kernelILi34ELi8ELi20EEv14CUtensorMap_stS0_S0_PK13__nv_bfloat16PS1_PmS5_S5_S5_S5_
    0 bytes stack frame, 0 bytes spill stores, 0 bytes spill loads
ptxas info    : Used 62 registers, used 1 barriers
ptxas info    : Compile time = 134.053 ms
ptxas info    : Compiling entry function '_Z14fc2_w3x_kernelILi33ELi8ELi20EEv14CUtensorMap_stS0_S0_PK13__nv_bfloat16PS1_PmS5_S5_S5_S5_' for 'sm_100a'
ptxas info    : Function properties for _Z14fc2_w3x_kernelILi33ELi8ELi20EEv14CUtensorMap_stS0_S0_PK13__nv_bfloat16PS1_PmS5_S5_S5_S5_
    0 bytes stack frame, 0 bytes spill stores, 0 bytes spill loads
ptxas info    : Used 62 registers, used 1 barriers
ptxas info    : Compile time = 133.096 ms
ptxas info    : Compiling entry function '_Z14fc2_w3x_kernelILi19ELi8ELi20EEv14CUtensorMap_stS0_S0_PK13__nv_bfloat16PS1_PmS5_S5_S5_S5_' for 'sm_100a'
ptxas info    : Function properties for _Z14fc2_w3x_kernelILi19ELi8ELi20EEv14CUtensorMap_stS0_S0_PK13__nv_bfloat16PS1_PmS5_S5_S5_S5_
    0 bytes stack frame, 0 bytes spill stores, 0 bytes spill loads
ptxas info    : Used 62 registers, used 1 barriers
ptxas info    : Compile time = 134.360 ms
ptxas info    : Compiling entry function '_Z14fc2_w3x_kernelILi18ELi8ELi20EEv14CUtensorMap_stS0_S0_PK13__nv_bfloat16PS1_PmS5_S5_S5_S5_' for 'sm_100a'
ptxas info    : Function properties for _Z14fc2_w3x_kernelILi18ELi8ELi20EEv14CUtensorMap_stS0_S0_PK13__nv_bfloat16PS1_PmS5_S5_S5_S5_
    0 bytes stack frame, 0 bytes spill stores, 0 bytes spill loads
ptxas info    : Used 62 registers, used 1 barriers
ptxas info    : Compile time = 134.043 ms
ptxas info    : Compiling entry function '_Z14fc2_w3x_kernelILi13ELi8ELi20EEv14CUtensorMap_stS0_S0_PK13__nv_bfloat16PS1_PmS5_S5_S5_S5_' for 'sm_100a'
ptxas info    : Function properties for _Z14fc2_w3x_kernelILi13ELi8ELi20EEv14CUtensorMap_stS0_S0_PK13__nv_bfloat16PS1_PmS5_S5_S5_S5_
    0 bytes stack frame, 0 bytes spill stores, 0 bytes spill loads
ptxas info    : Used 62 registers, used 1 barriers
ptxas info    : Compile time = 130.593 ms
ptxas info    : Compiling entry function '_Z14fc2_w3x_kernelILi11ELi8ELi20EEv14CUtensorMap_stS0_S0_PK13__nv_bfloat16PS1_PmS5_S5_S5_S5_' for 'sm_100a'
ptxas info    : Function properties for _Z14fc2_w3x_kernelILi11ELi8ELi20EEv14CUtensorMap_stS0_S0_PK13__nv_bfloat16PS1_PmS5_S5_S5_S5_
    0 bytes stack frame, 0 bytes spill stores, 0 bytes spill loads
ptxas info    : Used 62 registers, used 1 barriers
ptxas info    : Compile time = 130.497 ms
ptxas info    : Compiling entry function '_Z14fc2_w3x_kernelILi0ELi32ELi20EEv14CUtensorMap_stS0_S0_PK13__nv_bfloat16PS1_PmS5_S5_S5_S5_' for 'sm_100a'
ptxas info    : Function properties for _Z14fc2_w3x_kernelILi0ELi32ELi20EEv14CUtensorMap_stS0_S0_PK13__nv_bfloat16PS1_PmS5_S5_S5_S5_
    0 bytes stack frame, 0 bytes spill stores, 0 bytes spill loads
ptxas info    : Used 62 registers, used 1 barriers
ptxas info    : Compile time = 133.162 ms
ptxas info    : Compiling entry function '_Z14fc2_w3x_kernelILi0ELi16ELi20EEv14CUtensorMap_stS0_S0_PK13__nv_bfloat16PS1_PmS5_S5_S5_S5_' for 'sm_100a'
ptxas info    : Function properties for _Z14fc2_w3x_kernelILi0ELi16ELi20EEv14CUtensorMap_stS0_S0_PK13__nv_bfloat16PS1_PmS5_S5_S5_S5_
    0 bytes stack frame, 0 bytes spill stores, 0 bytes spill loads
ptxas info    : Used 62 registers, used 1 barriers
ptxas info    : Compile time = 132.604 ms
ptxas info    : Compiling entry function '_Z14fc2_w3x_kernelILi0ELi4ELi20EEv14CUtensorMap_stS0_S0_PK13__nv_bfloat16PS1_PmS5_S5_S5_S5_' for 'sm_100a'
ptxas info    : Function properties for _Z14fc2_w3x_kernelILi0ELi4ELi20EEv14CUtensorMap_stS0_S0_PK13__nv_bfloat16PS1_PmS5_S5_S5_S5_
    0 bytes stack frame, 0 bytes spill stores, 0 bytes spill loads
ptxas info    : Used 62 registers, used 1 barriers
ptxas info    : Compile time = 132.344 ms
ptxas info    : Compiling entry function '_Z14fc2_w3x_kernelILi0ELi2ELi20EEv14CUtensorMap_stS0_S0_PK13__nv_bfloat16PS1_PmS5_S5_S5_S5_' for 'sm_100a'
ptxas info    : Function properties for _Z14fc2_w3x_kernelILi0ELi2ELi20EEv14CUtensorMap_stS0_S0_PK13__nv_bfloat16PS1_PmS5_S5_S5_S5_
    0 bytes stack frame, 0 bytes spill stores, 0 bytes spill loads
ptxas info    : Used 62 registers, used 1 barriers
ptxas info    : Compile time = 129.944 ms
ptxas info    : Compiling entry function '_Z14fc2_w3x_kernelILi0ELi8ELi20EEv14CUtensorMap_stS0_S0_PK13__nv_bfloat16PS1_PmS5_S5_S5_S5_' for 'sm_100a'
ptxas info    : Function properties for _Z14fc2_w3x_kernelILi0ELi8ELi20EEv14CUtensorMap_stS0_S0_PK13__nv_bfloat16PS1_PmS5_S5_S5_S5_
    0 bytes stack frame, 0 bytes spill stores, 0 bytes spill loads
ptxas info    : Used 62 registers, used 1 barriers
ptxas info    : Compile time = 133.809 ms
--- rep 1/3 ec=0
FC2 W3X kernel — 6-warp bias-only rank-1-shaped persistent
  [928256,8192] x [256,8192]^T  NS=6  THREADS=192  SMEM=213888 B  (cap 228KB)
  Alloc + init + pack done
  TMA + func attr done (SMEM=213888 B)  variant=default TD=0 DGG=8
Warmup (2 iters)...
Timing 1 reps × 10 iters/rep × 1 variant ...
@@SAMPLE rep=1 ms=1.17862 cyc=2149408 cyc_min=2138173 cyc_p50=2144064 cyc_p95=2148446 cyc_max=2149408
@@STATS reps=1 mean=1.17862 std=0.00000 min=1.17862 p25=1.17862 p50=1.17862 p75=1.17862 max=1.17862 iqr=0.00000
FC2-W3X kernel: 1.179 ms  3303.34 TFLOPS
PASS  errors=0/32
@@RESULT ms=1.1786 tflops=3303.34 checksum=0.000000 valid=1 c0=12288.0
--- rep 2/3 ec=0
FC2 W3X kernel — 6-warp bias-only rank-1-shaped persistent
  [928256,8192] x [256,8192]^T  NS=6  THREADS=192  SMEM=213888 B  (cap 228KB)
  Alloc + init + pack done
  TMA + func attr done (SMEM=213888 B)  variant=default TD=0 DGG=8
Warmup (2 iters)...
Timing 1 reps × 10 iters/rep × 1 variant ...
@@SAMPLE rep=1 ms=1.17908 cyc=2150556 cyc_min=2137039 cyc_p50=2143437 cyc_p95=2148802 cyc_max=2150556
@@STATS reps=1 mean=1.17908 std=0.00000 min=1.17908 p25=1.17908 p50=1.17908 p75=1.17908 max=1.17908 iqr=0.00000
FC2-W3X kernel: 1.179 ms  3302.07 TFLOPS
PASS  errors=0/32
@@RESULT ms=1.1791 tflops=3302.07 checksum=0.000000 valid=1 c0=12288.0
--- rep 3/3 ec=0
FC2 W3X kernel — 6-warp bias-only rank-1-shaped persistent
  [928256,8192] x [256,8192]^T  NS=6  THREADS=192  SMEM=213888 B  (cap 228KB)
  Alloc + init + pack done
  TMA + func attr done (SMEM=213888 B)  variant=default TD=0 DGG=8
Warmup (2 iters)...
Timing 1 reps × 10 iters/rep × 1 variant ...
@@SAMPLE rep=1 ms=1.17917 cyc=2152578 cyc_min=2137943 cyc_p50=2145093 cyc_p95=2150353 cyc_max=2152578
@@STATS reps=1 mean=1.17917 std=0.00000 min=1.17917 p25=1.17917 p50=1.17917 p75=1.17917 max=1.17917 iqr=0.00000
FC2-W3X kernel: 1.179 ms  3301.80 TFLOPS
PASS  errors=0/32
@@RESULT ms=1.1792 tflops=3301.80 checksum=0.000000 valid=1 c0=12288.0
--- cublas epi=3 rep 1/1 ec=0
### CUBLASLT INTROSPECT M=928256 N=256 K=8192 epi=bias_only
### Heuristics returned: 8

# TSV
rank	heur	ms	cyc	algoId	tile	stages	cluster	inner	splitk	redux	swizzle	custom	waves	ws_MB
1	4	1.3103	2417803	66	177	36	3	-1	1	0	0	1	32.68	0.0
2	0	1.3105	2418777	66	23	36	3	-1	1	0	0	1	49.00	0.0
3	2	1.3328	2459741	66	447	36	3	-1	1	0	0	1	24.50	0.0
4	1	1.3493	2489133	66	32	36	3	-1	1	0	0	1	65.34	0.0
5	3	1.3684	2524147	66	29	36	3	-1	1	0	0	1	78.41	0.0
6	7	1.4281	2634546	66	184	36	5	-1	1	0	0	2	98.00	0.0
7	6	1.5179	2801319	66	194	36	6	-1	1	0	0	2	65.34	0.0
8	5	1.5353	2833355	66	20	36	6	-1	1	0	0	3	98.00	0.0

# Top-3 caps:

## rank=1  algoId=66  tile=177  stages=36  cluster=3  inner=-1  ms=1.3103
    CUBLASLT_ALGO_CAP_REDUCTION_SCHEME_MASK      = 2
    CUBLASLT_ALGO_CAP_CTA_SWIZZLING_SUPPORT      = 0
    CUBLASLT_ALGO_CAP_STRIDED_BATCH_SUPPORT      = 1
    CUBLASLT_ALGO_CAP_OUT_OF_PLACE_RESULT_SUPPORT = 1
    CUBLASLT_ALGO_CAP_CUSTOM_OPTION_MAX          = 7
    CUBLASLT_ALGO_CAP_POINTER_MODE_MASK          = 3
    CUBLASLT_ALGO_CAP_EPILOGUE_MASK              = 1023
    CUBLASLT_ALGO_CAP_TILE_IDS                   = --  (status=7 wrote=0)
    CUBLASLT_ALGO_CAP_STAGES_IDS                 = [36] (n=1, elem=4B)
    CUBLASLT_ALGO_CONFIG_CLUSTER_SHAPE_ID sz=2 → status=0 wrote=2 val=3

## rank=2  algoId=66  tile=23  stages=36  cluster=3  inner=-1  ms=1.3105
    CUBLASLT_ALGO_CAP_REDUCTION_SCHEME_MASK      = 2
    CUBLASLT_ALGO_CAP_CTA_SWIZZLING_SUPPORT      = 0
    CUBLASLT_ALGO_CAP_STRIDED_BATCH_SUPPORT      = 1
    CUBLASLT_ALGO_CAP_OUT_OF_PLACE_RESULT_SUPPORT = 1
    CUBLASLT_ALGO_CAP_CUSTOM_OPTION_MAX          = 7
    CUBLASLT_ALGO_CAP_POINTER_MODE_MASK          = 3
    CUBLASLT_ALGO_CAP_EPILOGUE_MASK              = 1023
    CUBLASLT_ALGO_CAP_TILE_IDS                   = --  (status=7 wrote=0)
    CUBLASLT_ALGO_CAP_STAGES_IDS                 = [36] (n=1, elem=4B)
    CUBLASLT_ALGO_CONFIG_CLUSTER_SHAPE_ID sz=2 → status=0 wrote=2 val=3

## rank=3  algoId=66  tile=447  stages=36  cluster=3  inner=-1  ms=1.3328
    CUBLASLT_ALGO_CAP_REDUCTION_SCHEME_MASK      = 2
    CUBLASLT_ALGO_CAP_CTA_SWIZZLING_SUPPORT      = 0
    CUBLASLT_ALGO_CAP_STRIDED_BATCH_SUPPORT      = 1
    CUBLASLT_ALGO_CAP_OUT_OF_PLACE_RESULT_SUPPORT = 1
    CUBLASLT_ALGO_CAP_CUSTOM_OPTION_MAX          = 7
    CUBLASLT_ALGO_CAP_POINTER_MODE_MASK          = 3
    CUBLASLT_ALGO_CAP_EPILOGUE_MASK              = 1023
    CUBLASLT_ALGO_CAP_TILE_IDS                   = --  (status=7 wrote=0)
    CUBLASLT_ALGO_CAP_STAGES_IDS                 = [36] (n=1, elem=4B)
    CUBLASLT_ALGO_CONFIG_CLUSTER_SHAPE_ID sz=2 → status=0 wrote=2 val=3

# Winner:  rank=1  tile=177  stages=36  cluster=3  inner=-1  splitk=1  swizzle=0  ms=1.3103  cyc=2417803

@@RESULT ms=1.3103 cyc=2417803 tflops=2971.35 checksum=0.000000 valid=1 c0=0.0
--- cublas epi=0 rep 1/1 ec=0
### CUBLASLT INTROSPECT M=928256 N=256 K=8192 epi=none
### Heuristics returned: 8

# TSV
rank	heur	ms	cyc	algoId	tile	stages	cluster	inner	splitk	redux	swizzle	custom	waves	ws_MB
1	0	1.3083	2414183	66	23	36	3	-1	1	0	0	1	49.00	0.0
2	4	1.3084	2414123	66	177	36	3	-1	1	0	0	1	32.68	0.0
3	2	1.3274	2449080	66	447	36	3	-1	1	0	0	1	24.50	0.0
4	1	1.3474	2485280	66	32	36	3	-1	1	0	0	1	65.34	0.0
5	3	1.3667	2520941	66	29	36	3	-1	1	0	0	1	78.41	0.0
6	7	1.4254	2629391	66	184	36	5	-1	1	0	0	2	98.00	0.0
7	6	1.5151	2796456	66	194	36	6	-1	1	0	0	2	65.34	0.0
8	5	1.5349	2833034	66	20	36	6	-1	1	0	0	3	98.00	0.0

# Top-3 caps:

## rank=1  algoId=66  tile=23  stages=36  cluster=3  inner=-1  ms=1.3083
    CUBLASLT_ALGO_CAP_REDUCTION_SCHEME_MASK      = 2
    CUBLASLT_ALGO_CAP_CTA_SWIZZLING_SUPPORT      = 0
    CUBLASLT_ALGO_CAP_STRIDED_BATCH_SUPPORT      = 1
    CUBLASLT_ALGO_CAP_OUT_OF_PLACE_RESULT_SUPPORT = 1
    CUBLASLT_ALGO_CAP_CUSTOM_OPTION_MAX          = 7
    CUBLASLT_ALGO_CAP_POINTER_MODE_MASK          = 3
    CUBLASLT_ALGO_CAP_EPILOGUE_MASK              = 1023
    CUBLASLT_ALGO_CAP_TILE_IDS                   = --  (status=7 wrote=0)
    CUBLASLT_ALGO_CAP_STAGES_IDS                 = [36] (n=1, elem=4B)
    CUBLASLT_ALGO_CONFIG_CLUSTER_SHAPE_ID sz=2 → status=0 wrote=2 val=3

## rank=2  algoId=66  tile=177  stages=36  cluster=3  inner=-1  ms=1.3084
    CUBLASLT_ALGO_CAP_REDUCTION_SCHEME_MASK      = 2
    CUBLASLT_ALGO_CAP_CTA_SWIZZLING_SUPPORT      = 0
    CUBLASLT_ALGO_CAP_STRIDED_BATCH_SUPPORT      = 1
    CUBLASLT_ALGO_CAP_OUT_OF_PLACE_RESULT_SUPPORT = 1
    CUBLASLT_ALGO_CAP_CUSTOM_OPTION_MAX          = 7
    CUBLASLT_ALGO_CAP_POINTER_MODE_MASK          = 3
    CUBLASLT_ALGO_CAP_EPILOGUE_MASK              = 1023
    CUBLASLT_ALGO_CAP_TILE_IDS                   = --  (status=7 wrote=0)
    CUBLASLT_ALGO_CAP_STAGES_IDS                 = [36] (n=1, elem=4B)
    CUBLASLT_ALGO_CONFIG_CLUSTER_SHAPE_ID sz=2 → status=0 wrote=2 val=3

## rank=3  algoId=66  tile=447  stages=36  cluster=3  inner=-1  ms=1.3274
    CUBLASLT_ALGO_CAP_REDUCTION_SCHEME_MASK      = 2
    CUBLASLT_ALGO_CAP_CTA_SWIZZLING_SUPPORT      = 0
    CUBLASLT_ALGO_CAP_STRIDED_BATCH_SUPPORT      = 1
    CUBLASLT_ALGO_CAP_OUT_OF_PLACE_RESULT_SUPPORT = 1
    CUBLASLT_ALGO_CAP_CUSTOM_OPTION_MAX          = 7
    CUBLASLT_ALGO_CAP_POINTER_MODE_MASK          = 3
    CUBLASLT_ALGO_CAP_EPILOGUE_MASK              = 1023
    CUBLASLT_ALGO_CAP_TILE_IDS                   = --  (status=7 wrote=0)
    CUBLASLT_ALGO_CAP_STAGES_IDS                 = [36] (n=1, elem=4B)
    CUBLASLT_ALGO_CONFIG_CLUSTER_SHAPE_ID sz=2 → status=0 wrote=2 val=3

# Winner:  rank=1  tile=23  stages=36  cluster=3  inner=-1  splitk=1  swizzle=0  ms=1.3083  cyc=2414183

@@RESULT ms=1.3083 cyc=2414183 tflops=2975.99 checksum=0.000000 valid=1 c0=0.0

[build] N=512 K=1024 M=928256 flags=['-DM_TOTAL=928256', '-DN_DIM=512', '-DK_DIM=1024']
$ make -B fc2-w3x DFLAGS=-DM_TOTAL=928256 -DN_DIM=512 -DK_DIM=1024
nvcc -gencode arch=compute_100a,code=sm_100a -O3 -std=c++17 -lineinfo --ptxas-options=-v --cudart=static -DM_TOTAL=928256 -DN_DIM=512 -DK_DIM=1024 fc2_w3x.cu -o fc2-w3x -lcurand_static -lculibos -lcuda
ptxas info    : 0 bytes gmem
ptxas info    : Compiling entry function '_Z14fc2_w3x_kernelILi54ELi8ELi64EEv14CUtensorMap_stS0_S0_PK13__nv_bfloat16PS1_PmS5_S5_S5_S5_' for 'sm_100a'
ptxas info    : Function properties for _Z14fc2_w3x_kernelILi54ELi8ELi64EEv14CUtensorMap_stS0_S0_PK13__nv_bfloat16PS1_PmS5_S5_S5_S5_
    0 bytes stack frame, 0 bytes spill stores, 0 bytes spill loads
ptxas info    : Used 68 registers, used 1 barriers
ptxas info    : Compile time = 45.317 ms
ptxas info    : Compiling entry function '_Z14fc2_w3x_kernelILi54ELi8ELi48EEv14CUtensorMap_stS0_S0_PK13__nv_bfloat16PS1_PmS5_S5_S5_S5_' for 'sm_100a'
ptxas info    : Function properties for _Z14fc2_w3x_kernelILi54ELi8ELi48EEv14CUtensorMap_stS0_S0_PK13__nv_bfloat16PS1_PmS5_S5_S5_S5_
    0 bytes stack frame, 0 bytes spill stores, 0 bytes spill loads
ptxas info    : Used 68 registers, used 1 barriers
ptxas info    : Compile time = 42.638 ms
ptxas info    : Compiling entry function '_Z14fc2_w3x_kernelILi54ELi8ELi32EEv14CUtensorMap_stS0_S0_PK13__nv_bfloat16PS1_PmS5_S5_S5_S5_' for 'sm_100a'
ptxas info    : Function properties for _Z14fc2_w3x_kernelILi54ELi8ELi32EEv14CUtensorMap_stS0_S0_PK13__nv_bfloat16PS1_PmS5_S5_S5_S5_
    0 bytes stack frame, 0 bytes spill stores, 0 bytes spill loads
ptxas info    : Used 68 registers, used 1 barriers
ptxas info    : Compile time = 43.096 ms
ptxas info    : Compiling entry function '_Z14fc2_w3x_kernelILi54ELi8ELi24EEv14CUtensorMap_stS0_S0_PK13__nv_bfloat16PS1_PmS5_S5_S5_S5_' for 'sm_100a'
ptxas info    : Function properties for _Z14fc2_w3x_kernelILi54ELi8ELi24EEv14CUtensorMap_stS0_S0_PK13__nv_bfloat16PS1_PmS5_S5_S5_S5_
    0 bytes stack frame, 0 bytes spill stores, 0 bytes spill loads
ptxas info    : Used 68 registers, used 1 barriers
ptxas info    : Compile time = 42.926 ms
ptxas info    : Compiling entry function '_Z14fc2_w3x_kernelILi54ELi8ELi16EEv14CUtensorMap_stS0_S0_PK13__nv_bfloat16PS1_PmS5_S5_S5_S5_' for 'sm_100a'
ptxas info    : Function properties for _Z14fc2_w3x_kernelILi54ELi8ELi16EEv14CUtensorMap_stS0_S0_PK13__nv_bfloat16PS1_PmS5_S5_S5_S5_
    0 bytes stack frame, 0 bytes spill stores, 0 bytes spill loads
ptxas info    : Used 68 registers, used 1 barriers
ptxas info    : Compile time = 42.877 ms
ptxas info    : Compiling entry function '_Z14fc2_w3x_kernelILi54ELi8ELi12EEv14CUtensorMap_stS0_S0_PK13__nv_bfloat16PS1_PmS5_S5_S5_S5_' for 'sm_100a'
ptxas info    : Function properties for _Z14fc2_w3x_kernelILi54ELi8ELi12EEv14CUtensorMap_stS0_S0_PK13__nv_bfloat16PS1_PmS5_S5_S5_S5_
    0 bytes stack frame, 0 bytes spill stores, 0 bytes spill loads
ptxas info    : Used 68 registers, used 1 barriers
ptxas info    : Compile time = 42.953 ms
ptxas info    : Compiling entry function '_Z14fc2_w3x_kernelILi54ELi8ELi8EEv14CUtensorMap_stS0_S0_PK13__nv_bfloat16PS1_PmS5_S5_S5_S5_' for 'sm_100a'
ptxas info    : Function properties for _Z14fc2_w3x_kernelILi54ELi8ELi8EEv14CUtensorMap_stS0_S0_PK13__nv_bfloat16PS1_PmS5_S5_S5_S5_
    0 bytes stack frame, 0 bytes spill stores, 0 bytes spill loads
ptxas info    : Used 68 registers, used 1 barriers
ptxas info    : Compile time = 43.184 ms
ptxas info    : Compiling entry function '_Z14fc2_w3x_kernelILi54ELi8ELi4EEv14CUtensorMap_stS0_S0_PK13__nv_bfloat16PS1_PmS5_S5_S5_S5_' for 'sm_100a'
ptxas info    : Function properties for _Z14fc2_w3x_kernelILi54ELi8ELi4EEv14CUtensorMap_stS0_S0_PK13__nv_bfloat16PS1_PmS5_S5_S5_S5_
    0 bytes stack frame, 0 bytes spill stores, 0 bytes spill loads
ptxas info    : Used 68 registers, used 1 barriers
ptxas info    : Compile time = 43.196 ms
ptxas info    : Compiling entry function '_Z14fc2_w3x_kernelILi54ELi8ELi0EEv14CUtensorMap_stS0_S0_PK13__nv_bfloat16PS1_PmS5_S5_S5_S5_' for 'sm_100a'
ptxas info    : Function properties for _Z14fc2_w3x_kernelILi54ELi8ELi0EEv14CUtensorMap_stS0_S0_PK13__nv_bfloat16PS1_PmS5_S5_S5_S5_
    0 bytes stack frame, 0 bytes spill stores, 0 bytes spill loads
ptxas info    : Used 68 registers, used 1 barriers
ptxas info    : Compile time = 41.826 ms
ptxas info    : Compiling entry function '_Z14fc2_w3x_kernelILi99ELi8ELi20EEv14CUtensorMap_stS0_S0_PK13__nv_bfloat16PS1_PmS5_S5_S5_S5_' for 'sm_100a'
ptxas info    : Function properties for _Z14fc2_w3x_kernelILi99ELi8ELi20EEv14CUtensorMap_stS0_S0_PK13__nv_bfloat16PS1_PmS5_S5_S5_S5_
    0 bytes stack frame, 0 bytes spill stores, 0 bytes spill loads
ptxas info    : Used 68 registers, used 1 barriers
ptxas info    : Compile time = 41.611 ms
ptxas info    : Compiling entry function '_Z14fc2_w3x_kernelILi98ELi8ELi20EEv14CUtensorMap_stS0_S0_PK13__nv_bfloat16PS1_PmS5_S5_S5_S5_' for 'sm_100a'
ptxas info    : Function properties for _Z14fc2_w3x_kernelILi98ELi8ELi20EEv14CUtensorMap_stS0_S0_PK13__nv_bfloat16PS1_PmS5_S5_S5_S5_
    0 bytes stack frame, 0 bytes spill stores, 0 bytes spill loads
ptxas info    : Used 68 registers, used 1 barriers
ptxas info    : Compile time = 41.820 ms
ptxas info    : Compiling entry function '_Z14fc2_w3x_kernelILi97ELi8ELi20EEv14CUtensorMap_stS0_S0_PK13__nv_bfloat16PS1_PmS5_S5_S5_S5_' for 'sm_100a'
ptxas info    : Function properties for _Z14fc2_w3x_kernelILi97ELi8ELi20EEv14CUtensorMap_stS0_S0_PK13__nv_bfloat16PS1_PmS5_S5_S5_S5_
    0 bytes stack frame, 0 bytes spill stores, 0 bytes spill loads
ptxas info    : Used 68 registers, used 1 barriers
ptxas info    : Compile time = 42.063 ms
ptxas info    : Compiling entry function '_Z14fc2_w3x_kernelILi96ELi8ELi20EEv14CUtensorMap_stS0_S0_PK13__nv_bfloat16PS1_PmS5_S5_S5_S5_' for 'sm_100a'
ptxas info    : Function properties for _Z14fc2_w3x_kernelILi96ELi8ELi20EEv14CUtensorMap_stS0_S0_PK13__nv_bfloat16PS1_PmS5_S5_S5_S5_
    0 bytes stack frame, 0 bytes spill stores, 0 bytes spill loads
ptxas info    : Used 68 registers, used 1 barriers
ptxas info    : Compile time = 41.747 ms
ptxas info    : Compiling entry function '_Z14fc2_w3x_kernelILi95ELi8ELi20EEv14CUtensorMap_stS0_S0_PK13__nv_bfloat16PS1_PmS5_S5_S5_S5_' for 'sm_100a'
ptxas info    : Function properties for _Z14fc2_w3x_kernelILi95ELi8ELi20EEv14CUtensorMap_stS0_S0_PK13__nv_bfloat16PS1_PmS5_S5_S5_S5_
    0 bytes stack frame, 0 bytes spill stores, 0 bytes spill loads
ptxas info    : Used 68 registers, used 1 barriers
ptxas info    : Compile time = 41.616 ms
ptxas info    : Compiling entry function '_Z14fc2_w3x_kernelILi94ELi8ELi20EEv14CUtensorMap_stS0_S0_PK13__nv_bfloat16PS1_PmS5_S5_S5_S5_' for 'sm_100a'
ptxas info    : Function properties for _Z14fc2_w3x_kernelILi94ELi8ELi20EEv14CUtensorMap_stS0_S0_PK13__nv_bfloat16PS1_PmS5_S5_S5_S5_
    0 bytes stack frame, 0 bytes spill stores, 0 bytes spill loads
ptxas info    : Used 68 registers, used 1 barriers
ptxas info    : Compile time = 42.328 ms
ptxas info    : Compiling entry function '_Z14fc2_w3x_kernelILi93ELi8ELi20EEv14CUtensorMap_stS0_S0_PK13__nv_bfloat16PS1_PmS5_S5_S5_S5_' for 'sm_100a'
ptxas info    : Function properties for _Z14fc2_w3x_kernelILi93ELi8ELi20EEv14CUtensorMap_stS0_S0_PK13__nv_bfloat16PS1_PmS5_S5_S5_S5_
    0 bytes stack frame, 0 bytes spill stores, 0 bytes spill loads
ptxas info    : Used 68 registers, used 1 barriers
ptxas info    : Compile time = 42.283 ms
ptxas info    : Compiling entry function '_Z14fc2_w3x_kernelILi92ELi8ELi20EEv14CUtensorMap_stS0_S0_PK13__nv_bfloat16PS1_PmS5_S5_S5_S5_' for 'sm_100a'
ptxas info    : Function properties for _Z14fc2_w3x_kernelILi92ELi8ELi20EEv14CUtensorMap_stS0_S0_PK13__nv_bfloat16PS1_PmS5_S5_S5_S5_
    0 bytes stack frame, 0 bytes spill stores, 0 bytes spill loads
ptxas info    : Used 68 registers, used 1 barriers
ptxas info    : Compile time = 42.196 ms
ptxas info    : Compiling entry function '_Z14fc2_w3x_kernelILi91ELi8ELi20EEv14CUtensorMap_stS0_S0_PK13__nv_bfloat16PS1_PmS5_S5_S5_S5_' for 'sm_100a'
ptxas info    : Function properties for _Z14fc2_w3x_kernelILi91ELi8ELi20EEv14CUtensorMap_stS0_S0_PK13__nv_bfloat16PS1_PmS5_S5_S5_S5_
    0 bytes stack frame, 0 bytes spill stores, 0 bytes spill loads
ptxas info    : Used 68 registers, used 1 barriers
ptxas info    : Compile time = 42.287 ms
ptxas info    : Compiling entry function '_Z14fc2_w3x_kernelILi90ELi8ELi20EEv14CUtensorMap_stS0_S0_PK13__nv_bfloat16PS1_PmS5_S5_S5_S5_' for 'sm_100a'
ptxas info    : Function properties for _Z14fc2_w3x_kernelILi90ELi8ELi20EEv14CUtensorMap_stS0_S0_PK13__nv_bfloat16PS1_PmS5_S5_S5_S5_
    0 bytes stack frame, 0 bytes spill stores, 0 bytes spill loads
ptxas info    : Used 68 registers, used 1 barriers
ptxas info    : Compile time = 42.027 ms
ptxas info    : Compiling entry function '_Z14fc2_w3x_kernelILi89ELi8ELi20EEv14CUtensorMap_stS0_S0_PK13__nv_bfloat16PS1_PmS5_S5_S5_S5_' for 'sm_100a'
ptxas info    : Function properties for _Z14fc2_w3x_kernelILi89ELi8ELi20EEv14CUtensorMap_stS0_S0_PK13__nv_bfloat16PS1_PmS5_S5_S5_S5_
    0 bytes stack frame, 0 bytes spill stores, 0 bytes spill loads
ptxas info    : Used 68 registers, used 1 barriers
ptxas info    : Compile time = 42.374 ms
ptxas info    : Compiling entry function '_Z14fc2_w3x_kernelILi88ELi8ELi20EEv14CUtensorMap_stS0_S0_PK13__nv_bfloat16PS1_PmS5_S5_S5_S5_' for 'sm_100a'
ptxas info    : Function properties for _Z14fc2_w3x_kernelILi88ELi8ELi20EEv14CUtensorMap_stS0_S0_PK13__nv_bfloat16PS1_PmS5_S5_S5_S5_
    0 bytes stack frame, 0 bytes spill stores, 0 bytes spill loads
ptxas info    : Used 68 registers, used 1 barriers
ptxas info    : Compile time = 42.026 ms
ptxas info    : Compiling entry function '_Z14fc2_w3x_kernelILi87ELi8ELi20EEv14CUtensorMap_stS0_S0_PK13__nv_bfloat16PS1_PmS5_S5_S5_S5_' for 'sm_100a'
ptxas info    : Function properties for _Z14fc2_w3x_kernelILi87ELi8ELi20EEv14CUtensorMap_stS0_S0_PK13__nv_bfloat16PS1_PmS5_S5_S5_S5_
    0 bytes stack frame, 0 bytes spill stores, 0 bytes spill loads
ptxas info    : Used 68 registers, used 1 barriers
ptxas info    : Compile time = 42.364 ms
ptxas info    : Compiling entry function '_Z14fc2_w3x_kernelILi86ELi8ELi20EEv14CUtensorMap_stS0_S0_PK13__nv_bfloat16PS1_PmS5_S5_S5_S5_' for 'sm_100a'
ptxas info    : Function properties for _Z14fc2_w3x_kernelILi86ELi8ELi20EEv14CUtensorMap_stS0_S0_PK13__nv_bfloat16PS1_PmS5_S5_S5_S5_
    0 bytes stack frame, 0 bytes spill stores, 0 bytes spill loads
ptxas info    : Used 68 registers, used 1 barriers
ptxas info    : Compile time = 43.129 ms
ptxas info    : Compiling entry function '_Z14fc2_w3x_kernelILi85ELi8ELi20EEv14CUtensorMap_stS0_S0_PK13__nv_bfloat16PS1_PmS5_S5_S5_S5_' for 'sm_100a'
ptxas info    : Function properties for _Z14fc2_w3x_kernelILi85ELi8ELi20EEv14CUtensorMap_stS0_S0_PK13__nv_bfloat16PS1_PmS5_S5_S5_S5_
    0 bytes stack frame, 0 bytes spill stores, 0 bytes spill loads
ptxas info    : Used 68 registers, used 1 barriers
ptxas info    : Compile time = 42.926 ms
ptxas info    : Compiling entry function '_Z14fc2_w3x_kernelILi84ELi8ELi20EEv14CUtensorMap_stS0_S0_PK13__nv_bfloat16PS1_PmS5_S5_S5_S5_' for 'sm_100a'
ptxas info    : Function properties for _Z14fc2_w3x_kernelILi84ELi8ELi20EEv14CUtensorMap_stS0_S0_PK13__nv_bfloat16PS1_PmS5_S5_S5_S5_
    0 bytes stack frame, 0 bytes spill stores, 0 bytes spill loads
ptxas info    : Used 68 registers, used 1 barriers
ptxas info    : Compile time = 42.767 ms
ptxas info    : Compiling entry function '_Z14fc2_w3x_kernelILi83ELi8ELi20EEv14CUtensorMap_stS0_S0_PK13__nv_bfloat16PS1_PmS5_S5_S5_S5_' for 'sm_100a'
ptxas info    : Function properties for _Z14fc2_w3x_kernelILi83ELi8ELi20EEv14CUtensorMap_stS0_S0_PK13__nv_bfloat16PS1_PmS5_S5_S5_S5_
    0 bytes stack frame, 0 bytes spill stores, 0 bytes spill loads
ptxas info    : Used 68 registers, used 1 barriers
ptxas info    : Compile time = 42.955 ms
ptxas info    : Compiling entry function '_Z14fc2_w3x_kernelILi82ELi8ELi20EEv14CUtensorMap_stS0_S0_PK13__nv_bfloat16PS1_PmS5_S5_S5_S5_' for 'sm_100a'
ptxas info    : Function properties for _Z14fc2_w3x_kernelILi82ELi8ELi20EEv14CUtensorMap_stS0_S0_PK13__nv_bfloat16PS1_PmS5_S5_S5_S5_
    0 bytes stack frame, 0 bytes spill stores, 0 bytes spill loads
ptxas info    : Used 68 registers, used 1 barriers
ptxas info    : Compile time = 43.080 ms
ptxas info    : Compiling entry function '_Z14fc2_w3x_kernelILi81ELi8ELi20EEv14CUtensorMap_stS0_S0_PK13__nv_bfloat16PS1_PmS5_S5_S5_S5_' for 'sm_100a'
ptxas info    : Function properties for _Z14fc2_w3x_kernelILi81ELi8ELi20EEv14CUtensorMap_stS0_S0_PK13__nv_bfloat16PS1_PmS5_S5_S5_S5_
    0 bytes stack frame, 0 bytes spill stores, 0 bytes spill loads
ptxas info    : Used 68 registers, used 1 barriers
ptxas info    : Compile time = 43.629 ms
ptxas info    : Compiling entry function '_Z14fc2_w3x_kernelILi80ELi8ELi20EEv14CUtensorMap_stS0_S0_PK13__nv_bfloat16PS1_PmS5_S5_S5_S5_' for 'sm_100a'
ptxas info    : Function properties for _Z14fc2_w3x_kernelILi80ELi8ELi20EEv14CUtensorMap_stS0_S0_PK13__nv_bfloat16PS1_PmS5_S5_S5_S5_
    0 bytes stack frame, 0 bytes spill stores, 0 bytes spill loads
ptxas info    : Used 68 registers, used 1 barriers
ptxas info    : Compile time = 43.376 ms
ptxas info    : Compiling entry function '_Z14fc2_w3x_kernelILi58ELi8ELi20EEv14CUtensorMap_stS0_S0_PK13__nv_bfloat16PS1_PmS5_S5_S5_S5_' for 'sm_100a'
ptxas info    : Function properties for _Z14fc2_w3x_kernelILi58ELi8ELi20EEv14CUtensorMap_stS0_S0_PK13__nv_bfloat16PS1_PmS5_S5_S5_S5_
    0 bytes stack frame, 0 bytes spill stores, 0 bytes spill loads
ptxas info    : Used 68 registers, used 1 barriers
ptxas info    : Compile time = 43.316 ms
ptxas info    : Compiling entry function '_Z14fc2_w3x_kernelILi57ELi8ELi20EEv14CUtensorMap_stS0_S0_PK13__nv_bfloat16PS1_PmS5_S5_S5_S5_' for 'sm_100a'
ptxas info    : Function properties for _Z14fc2_w3x_kernelILi57ELi8ELi20EEv14CUtensorMap_stS0_S0_PK13__nv_bfloat16PS1_PmS5_S5_S5_S5_
    0 bytes stack frame, 0 bytes spill stores, 0 bytes spill loads
ptxas info    : Used 68 registers, used 1 barriers
ptxas info    : Compile time = 41.673 ms
ptxas info    : Compiling entry function '_Z14fc2_w3x_kernelILi56ELi8ELi20EEv14CUtensorMap_stS0_S0_PK13__nv_bfloat16PS1_PmS5_S5_S5_S5_' for 'sm_100a'
ptxas info    : Function properties for _Z14fc2_w3x_kernelILi56ELi8ELi20EEv14CUtensorMap_stS0_S0_PK13__nv_bfloat16PS1_PmS5_S5_S5_S5_
    0 bytes stack frame, 0 bytes spill stores, 0 bytes spill loads
ptxas info    : Used 68 registers, used 1 barriers
ptxas info    : Compile time = 41.780 ms
ptxas info    : Compiling entry function '_Z14fc2_w3x_kernelILi55ELi8ELi20EEv14CUtensorMap_stS0_S0_PK13__nv_bfloat16PS1_PmS5_S5_S5_S5_' for 'sm_100a'
ptxas info    : Function properties for _Z14fc2_w3x_kernelILi55ELi8ELi20EEv14CUtensorMap_stS0_S0_PK13__nv_bfloat16PS1_PmS5_S5_S5_S5_
    0 bytes stack frame, 0 bytes spill stores, 0 bytes spill loads
ptxas info    : Used 68 registers, used 1 barriers
ptxas info    : Compile time = 41.588 ms
ptxas info    : Compiling entry function '_Z14fc2_w3x_kernelILi54ELi8ELi20EEv14CUtensorMap_stS0_S0_PK13__nv_bfloat16PS1_PmS5_S5_S5_S5_' for 'sm_100a'
ptxas info    : Function properties for _Z14fc2_w3x_kernelILi54ELi8ELi20EEv14CUtensorMap_stS0_S0_PK13__nv_bfloat16PS1_PmS5_S5_S5_S5_
    0 bytes stack frame, 0 bytes spill stores, 0 bytes spill loads
ptxas info    : Used 68 registers, used 1 barriers
ptxas info    : Compile time = 41.627 ms
ptxas info    : Compiling entry function '_Z14fc2_w3x_kernelILi53ELi8ELi20EEv14CUtensorMap_stS0_S0_PK13__nv_bfloat16PS1_PmS5_S5_S5_S5_' for 'sm_100a'
ptxas info    : Function properties for _Z14fc2_w3x_kernelILi53ELi8ELi20EEv14CUtensorMap_stS0_S0_PK13__nv_bfloat16PS1_PmS5_S5_S5_S5_
    0 bytes stack frame, 0 bytes spill stores, 0 bytes spill loads
ptxas info    : Used 68 registers, used 1 barriers
ptxas info    : Compile time = 41.483 ms
ptxas info    : Compiling entry function '_Z14fc2_w3x_kernelILi52ELi8ELi20EEv14CUtensorMap_stS0_S0_PK13__nv_bfloat16PS1_PmS5_S5_S5_S5_' for 'sm_100a'
ptxas info    : Function properties for _Z14fc2_w3x_kernelILi52ELi8ELi20EEv14CUtensorMap_stS0_S0_PK13__nv_bfloat16PS1_PmS5_S5_S5_S5_
    0 bytes stack frame, 0 bytes spill stores, 0 bytes spill loads
ptxas info    : Used 68 registers, used 1 barriers
ptxas info    : Compile time = 41.629 ms
ptxas info    : Compiling entry function '_Z14fc2_w3x_kernelILi51ELi8ELi20EEv14CUtensorMap_stS0_S0_PK13__nv_bfloat16PS1_PmS5_S5_S5_S5_' for 'sm_100a'
ptxas info    : Function properties for _Z14fc2_w3x_kernelILi51ELi8ELi20EEv14CUtensorMap_stS0_S0_PK13__nv_bfloat16PS1_PmS5_S5_S5_S5_
    0 bytes stack frame, 0 bytes spill stores, 0 bytes spill loads
ptxas info    : Used 68 registers, used 1 barriers
ptxas info    : Compile time = 42.157 ms
ptxas info    : Compiling entry function '_Z14fc2_w3x_kernelILi50ELi8ELi20EEv14CUtensorMap_stS0_S0_PK13__nv_bfloat16PS1_PmS5_S5_S5_S5_' for 'sm_100a'
ptxas info    : Function properties for _Z14fc2_w3x_kernelILi50ELi8ELi20EEv14CUtensorMap_stS0_S0_PK13__nv_bfloat16PS1_PmS5_S5_S5_S5_
    0 bytes stack frame, 0 bytes spill stores, 0 bytes spill loads
ptxas info    : Used 68 registers, used 1 barriers
ptxas info    : Compile time = 41.820 ms
ptxas info    : Compiling entry function '_Z14fc2_w3x_kernelILi49ELi8ELi20EEv14CUtensorMap_stS0_S0_PK13__nv_bfloat16PS1_PmS5_S5_S5_S5_' for 'sm_100a'
ptxas info    : Function properties for _Z14fc2_w3x_kernelILi49ELi8ELi20EEv14CUtensorMap_stS0_S0_PK13__nv_bfloat16PS1_PmS5_S5_S5_S5_
    0 bytes stack frame, 0 bytes spill stores, 0 bytes spill loads
ptxas info    : Used 68 registers, used 1 barriers
ptxas info    : Compile time = 41.410 ms
ptxas info    : Compiling entry function '_Z14fc2_w3x_kernelILi19ELi16ELi20EEv14CUtensorMap_stS0_S0_PK13__nv_bfloat16PS1_PmS5_S5_S5_S5_' for 'sm_100a'
ptxas info    : Function properties for _Z14fc2_w3x_kernelILi19ELi16ELi20EEv14CUtensorMap_stS0_S0_PK13__nv_bfloat16PS1_PmS5_S5_S5_S5_
    0 bytes stack frame, 0 bytes spill stores, 0 bytes spill loads
ptxas info    : Used 68 registers, used 1 barriers
ptxas info    : Compile time = 41.242 ms
ptxas info    : Compiling entry function '_Z14fc2_w3x_kernelILi19ELi4ELi20EEv14CUtensorMap_stS0_S0_PK13__nv_bfloat16PS1_PmS5_S5_S5_S5_' for 'sm_100a'
ptxas info    : Function properties for _Z14fc2_w3x_kernelILi19ELi4ELi20EEv14CUtensorMap_stS0_S0_PK13__nv_bfloat16PS1_PmS5_S5_S5_S5_
    0 bytes stack frame, 0 bytes spill stores, 0 bytes spill loads
ptxas info    : Used 68 registers, used 1 barriers
ptxas info    : Compile time = 41.766 ms
ptxas info    : Compiling entry function '_Z14fc2_w3x_kernelILi48ELi8ELi20EEv14CUtensorMap_stS0_S0_PK13__nv_bfloat16PS1_PmS5_S5_S5_S5_' for 'sm_100a'
ptxas info    : Function properties for _Z14fc2_w3x_kernelILi48ELi8ELi20EEv14CUtensorMap_stS0_S0_PK13__nv_bfloat16PS1_PmS5_S5_S5_S5_
    0 bytes stack frame, 0 bytes spill stores, 0 bytes spill loads
ptxas info    : Used 68 registers, used 1 barriers
ptxas info    : Compile time = 41.632 ms
ptxas info    : Compiling entry function '_Z14fc2_w3x_kernelILi47ELi8ELi20EEv14CUtensorMap_stS0_S0_PK13__nv_bfloat16PS1_PmS5_S5_S5_S5_' for 'sm_100a'
ptxas info    : Function properties for _Z14fc2_w3x_kernelILi47ELi8ELi20EEv14CUtensorMap_stS0_S0_PK13__nv_bfloat16PS1_PmS5_S5_S5_S5_
    0 bytes stack frame, 0 bytes spill stores, 0 bytes spill loads
ptxas info    : Used 68 registers, used 1 barriers
ptxas info    : Compile time = 41.984 ms
ptxas info    : Compiling entry function '_Z14fc2_w3x_kernelILi46ELi8ELi20EEv14CUtensorMap_stS0_S0_PK13__nv_bfloat16PS1_PmS5_S5_S5_S5_' for 'sm_100a'
ptxas info    : Function properties for _Z14fc2_w3x_kernelILi46ELi8ELi20EEv14CUtensorMap_stS0_S0_PK13__nv_bfloat16PS1_PmS5_S5_S5_S5_
    0 bytes stack frame, 0 bytes spill stores, 0 bytes spill loads
ptxas info    : Used 68 registers, used 1 barriers
ptxas info    : Compile time = 41.898 ms
ptxas info    : Compiling entry function '_Z14fc2_w3x_kernelILi45ELi8ELi20EEv14CUtensorMap_stS0_S0_PK13__nv_bfloat16PS1_PmS5_S5_S5_S5_' for 'sm_100a'
ptxas info    : Function properties for _Z14fc2_w3x_kernelILi45ELi8ELi20EEv14CUtensorMap_stS0_S0_PK13__nv_bfloat16PS1_PmS5_S5_S5_S5_
    0 bytes stack frame, 0 bytes spill stores, 0 bytes spill loads
ptxas info    : Used 68 registers, used 1 barriers
ptxas info    : Compile time = 41.396 ms
ptxas info    : Compiling entry function '_Z14fc2_w3x_kernelILi44ELi8ELi20EEv14CUtensorMap_stS0_S0_PK13__nv_bfloat16PS1_PmS5_S5_S5_S5_' for 'sm_100a'
ptxas info    : Function properties for _Z14fc2_w3x_kernelILi44ELi8ELi20EEv14CUtensorMap_stS0_S0_PK13__nv_bfloat16PS1_PmS5_S5_S5_S5_
    0 bytes stack frame, 0 bytes spill stores, 0 bytes spill loads
ptxas info    : Used 68 registers, used 1 barriers
ptxas info    : Compile time = 41.180 ms
ptxas info    : Compiling entry function '_Z14fc2_w3x_kernelILi43ELi8ELi20EEv14CUtensorMap_stS0_S0_PK13__nv_bfloat16PS1_PmS5_S5_S5_S5_' for 'sm_100a'
ptxas info    : Function properties for _Z14fc2_w3x_kernelILi43ELi8ELi20EEv14CUtensorMap_stS0_S0_PK13__nv_bfloat16PS1_PmS5_S5_S5_S5_
    0 bytes stack frame, 0 bytes spill stores, 0 bytes spill loads
ptxas info    : Used 68 registers, used 1 barriers
ptxas info    : Compile time = 41.691 ms
ptxas info    : Compiling entry function '_Z14fc2_w3x_kernelILi41ELi8ELi20EEv14CUtensorMap_stS0_S0_PK13__nv_bfloat16PS1_PmS5_S5_S5_S5_' for 'sm_100a'
ptxas info    : Function properties for _Z14fc2_w3x_kernelILi41ELi8ELi20EEv14CUtensorMap_stS0_S0_PK13__nv_bfloat16PS1_PmS5_S5_S5_S5_
    0 bytes stack frame, 0 bytes spill stores, 0 bytes spill loads
ptxas info    : Used 68 registers, used 1 barriers
ptxas info    : Compile time = 41.404 ms
ptxas info    : Compiling entry function '_Z14fc2_w3x_kernelILi40ELi8ELi20EEv14CUtensorMap_stS0_S0_PK13__nv_bfloat16PS1_PmS5_S5_S5_S5_' for 'sm_100a'
ptxas info    : Function properties for _Z14fc2_w3x_kernelILi40ELi8ELi20EEv14CUtensorMap_stS0_S0_PK13__nv_bfloat16PS1_PmS5_S5_S5_S5_
    0 bytes stack frame, 0 bytes spill stores, 0 bytes spill loads
ptxas info    : Used 68 registers, used 1 barriers
ptxas info    : Compile time = 40.822 ms
ptxas info    : Compiling entry function '_Z14fc2_w3x_kernelILi39ELi8ELi20EEv14CUtensorMap_stS0_S0_PK13__nv_bfloat16PS1_PmS5_S5_S5_S5_' for 'sm_100a'
ptxas info    : Function properties for _Z14fc2_w3x_kernelILi39ELi8ELi20EEv14CUtensorMap_stS0_S0_PK13__nv_bfloat16PS1_PmS5_S5_S5_S5_
    0 bytes stack frame, 0 bytes spill stores, 0 bytes spill loads
ptxas info    : Used 68 registers, used 1 barriers
ptxas info    : Compile time = 41.405 ms
ptxas info    : Compiling entry function '_Z14fc2_w3x_kernelILi38ELi8ELi20EEv14CUtensorMap_stS0_S0_PK13__nv_bfloat16PS1_PmS5_S5_S5_S5_' for 'sm_100a'
ptxas info    : Function properties for _Z14fc2_w3x_kernelILi38ELi8ELi20EEv14CUtensorMap_stS0_S0_PK13__nv_bfloat16PS1_PmS5_S5_S5_S5_
    0 bytes stack frame, 0 bytes spill stores, 0 bytes spill loads
ptxas info    : Used 68 registers, used 1 barriers
ptxas info    : Compile time = 41.565 ms
ptxas info    : Compiling entry function '_Z14fc2_w3x_kernelILi36ELi4ELi20EEv14CUtensorMap_stS0_S0_PK13__nv_bfloat16PS1_PmS5_S5_S5_S5_' for 'sm_100a'
ptxas info    : Function properties for _Z14fc2_w3x_kernelILi36ELi4ELi20EEv14CUtensorMap_stS0_S0_PK13__nv_bfloat16PS1_PmS5_S5_S5_S5_
    0 bytes stack frame, 0 bytes spill stores, 0 bytes spill loads
ptxas info    : Used 68 registers, used 1 barriers
ptxas info    : Compile time = 41.301 ms
ptxas info    : Compiling entry function '_Z14fc2_w3x_kernelILi35ELi4ELi20EEv14CUtensorMap_stS0_S0_PK13__nv_bfloat16PS1_PmS5_S5_S5_S5_' for 'sm_100a'
ptxas info    : Function properties for _Z14fc2_w3x_kernelILi35ELi4ELi20EEv14CUtensorMap_stS0_S0_PK13__nv_bfloat16PS1_PmS5_S5_S5_S5_
    0 bytes stack frame, 0 bytes spill stores, 0 bytes spill loads
ptxas info    : Used 68 registers, used 1 barriers
ptxas info    : Compile time = 42.072 ms
ptxas info    : Compiling entry function '_Z14fc2_w3x_kernelILi34ELi8ELi20EEv14CUtensorMap_stS0_S0_PK13__nv_bfloat16PS1_PmS5_S5_S5_S5_' for 'sm_100a'
ptxas info    : Function properties for _Z14fc2_w3x_kernelILi34ELi8ELi20EEv14CUtensorMap_stS0_S0_PK13__nv_bfloat16PS1_PmS5_S5_S5_S5_
    0 bytes stack frame, 0 bytes spill stores, 0 bytes spill loads
ptxas info    : Used 68 registers, used 1 barriers
ptxas info    : Compile time = 41.470 ms
ptxas info    : Compiling entry function '_Z14fc2_w3x_kernelILi33ELi8ELi20EEv14CUtensorMap_stS0_S0_PK13__nv_bfloat16PS1_PmS5_S5_S5_S5_' for 'sm_100a'
ptxas info    : Function properties for _Z14fc2_w3x_kernelILi33ELi8ELi20EEv14CUtensorMap_stS0_S0_PK13__nv_bfloat16PS1_PmS5_S5_S5_S5_
    0 bytes stack frame, 0 bytes spill stores, 0 bytes spill loads
ptxas info    : Used 68 registers, used 1 barriers
ptxas info    : Compile time = 41.982 ms
ptxas info    : Compiling entry function '_Z14fc2_w3x_kernelILi19ELi8ELi20EEv14CUtensorMap_stS0_S0_PK13__nv_bfloat16PS1_PmS5_S5_S5_S5_' for 'sm_100a'
ptxas info    : Function properties for _Z14fc2_w3x_kernelILi19ELi8ELi20EEv14CUtensorMap_stS0_S0_PK13__nv_bfloat16PS1_PmS5_S5_S5_S5_
    0 bytes stack frame, 0 bytes spill stores, 0 bytes spill loads
ptxas info    : Used 68 registers, used 1 barriers
ptxas info    : Compile time = 41.923 ms
ptxas info    : Compiling entry function '_Z14fc2_w3x_kernelILi18ELi8ELi20EEv14CUtensorMap_stS0_S0_PK13__nv_bfloat16PS1_PmS5_S5_S5_S5_' for 'sm_100a'
ptxas info    : Function properties for _Z14fc2_w3x_kernelILi18ELi8ELi20EEv14CUtensorMap_stS0_S0_PK13__nv_bfloat16PS1_PmS5_S5_S5_S5_
    0 bytes stack frame, 0 bytes spill stores, 0 bytes spill loads
ptxas info    : Used 68 registers, used 1 barriers
ptxas info    : Compile time = 41.768 ms
ptxas info    : Compiling entry function '_Z14fc2_w3x_kernelILi13ELi8ELi20EEv14CUtensorMap_stS0_S0_PK13__nv_bfloat16PS1_PmS5_S5_S5_S5_' for 'sm_100a'
ptxas info    : Function properties for _Z14fc2_w3x_kernelILi13ELi8ELi20EEv14CUtensorMap_stS0_S0_PK13__nv_bfloat16PS1_PmS5_S5_S5_S5_
    0 bytes stack frame, 0 bytes spill stores, 0 bytes spill loads
ptxas info    : Used 68 registers, used 1 barriers
ptxas info    : Compile time = 40.545 ms
ptxas info    : Compiling entry function '_Z14fc2_w3x_kernelILi11ELi8ELi20EEv14CUtensorMap_stS0_S0_PK13__nv_bfloat16PS1_PmS5_S5_S5_S5_' for 'sm_100a'
ptxas info    : Function properties for _Z14fc2_w3x_kernelILi11ELi8ELi20EEv14CUtensorMap_stS0_S0_PK13__nv_bfloat16PS1_PmS5_S5_S5_S5_
    0 bytes stack frame, 0 bytes spill stores, 0 bytes spill loads
ptxas info    : Used 68 registers, used 1 barriers
ptxas info    : Compile time = 40.468 ms
ptxas info    : Compiling entry function '_Z14fc2_w3x_kernelILi0ELi32ELi20EEv14CUtensorMap_stS0_S0_PK13__nv_bfloat16PS1_PmS5_S5_S5_S5_' for 'sm_100a'
ptxas info    : Function properties for _Z14fc2_w3x_kernelILi0ELi32ELi20EEv14CUtensorMap_stS0_S0_PK13__nv_bfloat16PS1_PmS5_S5_S5_S5_
    0 bytes stack frame, 0 bytes spill stores, 0 bytes spill loads
ptxas info    : Used 68 registers, used 1 barriers
ptxas info    : Compile time = 41.477 ms
ptxas info    : Compiling entry function '_Z14fc2_w3x_kernelILi0ELi16ELi20EEv14CUtensorMap_stS0_S0_PK13__nv_bfloat16PS1_PmS5_S5_S5_S5_' for 'sm_100a'
ptxas info    : Function properties for _Z14fc2_w3x_kernelILi0ELi16ELi20EEv14CUtensorMap_stS0_S0_PK13__nv_bfloat16PS1_PmS5_S5_S5_S5_
    0 bytes stack frame, 0 bytes spill stores, 0 bytes spill loads
ptxas info    : Used 68 registers, used 1 barriers
ptxas info    : Compile time = 41.053 ms
ptxas info    : Compiling entry function '_Z14fc2_w3x_kernelILi0ELi4ELi20EEv14CUtensorMap_stS0_S0_PK13__nv_bfloat16PS1_PmS5_S5_S5_S5_' for 'sm_100a'
ptxas info    : Function properties for _Z14fc2_w3x_kernelILi0ELi4ELi20EEv14CUtensorMap_stS0_S0_PK13__nv_bfloat16PS1_PmS5_S5_S5_S5_
    0 bytes stack frame, 0 bytes spill stores, 0 bytes spill loads
ptxas info    : Used 68 registers, used 1 barriers
ptxas info    : Compile time = 41.902 ms
ptxas info    : Compiling entry function '_Z14fc2_w3x_kernelILi0ELi2ELi20EEv14CUtensorMap_stS0_S0_PK13__nv_bfloat16PS1_PmS5_S5_S5_S5_' for 'sm_100a'
ptxas info    : Function properties for _Z14fc2_w3x_kernelILi0ELi2ELi20EEv14CUtensorMap_stS0_S0_PK13__nv_bfloat16PS1_PmS5_S5_S5_S5_
    0 bytes stack frame, 0 bytes spill stores, 0 bytes spill loads
ptxas info    : Used 68 registers, used 1 barriers
ptxas info    : Compile time = 40.198 ms
ptxas info    : Compiling entry function '_Z14fc2_w3x_kernelILi0ELi8ELi20EEv14CUtensorMap_stS0_S0_PK13__nv_bfloat16PS1_PmS5_S5_S5_S5_' for 'sm_100a'
ptxas info    : Function properties for _Z14fc2_w3x_kernelILi0ELi8ELi20EEv14CUtensorMap_stS0_S0_PK13__nv_bfloat16PS1_PmS5_S5_S5_S5_
    0 bytes stack frame, 0 bytes spill stores, 0 bytes spill loads
ptxas info    : Used 68 registers, used 1 barriers
ptxas info    : Compile time = 41.425 ms
--- rep 1/3 ec=0
FC2 W3X kernel — 6-warp bias-only rank-1-shaped persistent
  [928256,1024] x [512,1024]^T  NS=5  THREADS=192  SMEM=181888 B  (cap 228KB)
  Alloc + init + pack done
  TMA + func attr done (SMEM=181888 B)  variant=default TD=0 DGG=8
Warmup (2 iters)...
Timing 1 reps × 10 iters/rep × 1 variant ...
@@SAMPLE rep=1 ms=0.36298 cyc=662379 cyc_min=655835 cyc_p50=659708 cyc_p95=661475 cyc_max=662379
@@STATS reps=1 mean=0.36298 std=0.00000 min=0.36298 p25=0.36298 p50=0.36298 p75=0.36298 max=0.36298 iqr=0.00000
FC2-W3X kernel: 0.363 ms  2681.57 TFLOPS
PASS  errors=0/32
@@RESULT ms=0.3630 tflops=2681.57 checksum=0.000000 valid=1 c0=1536.0
--- rep 2/3 ec=0
FC2 W3X kernel — 6-warp bias-only rank-1-shaped persistent
  [928256,1024] x [512,1024]^T  NS=5  THREADS=192  SMEM=181888 B  (cap 228KB)
  Alloc + init + pack done
  TMA + func attr done (SMEM=181888 B)  variant=default TD=0 DGG=8
Warmup (2 iters)...
Timing 1 reps × 10 iters/rep × 1 variant ...
@@SAMPLE rep=1 ms=0.36316 cyc=662956 cyc_min=655620 cyc_p50=659761 cyc_p95=661718 cyc_max=662956
@@STATS reps=1 mean=0.36316 std=0.00000 min=0.36316 p25=0.36316 p50=0.36316 p75=0.36316 max=0.36316 iqr=0.00000
FC2-W3X kernel: 0.363 ms  2680.23 TFLOPS
PASS  errors=0/32
@@RESULT ms=0.3632 tflops=2680.23 checksum=0.000000 valid=1 c0=1536.0
--- rep 3/3 ec=0
FC2 W3X kernel — 6-warp bias-only rank-1-shaped persistent
  [928256,1024] x [512,1024]^T  NS=5  THREADS=192  SMEM=181888 B  (cap 228KB)
  Alloc + init + pack done
  TMA + func attr done (SMEM=181888 B)  variant=default TD=0 DGG=8
Warmup (2 iters)...
Timing 1 reps × 10 iters/rep × 1 variant ...
@@SAMPLE rep=1 ms=0.36316 cyc=662819 cyc_min=655910 cyc_p50=659728 cyc_p95=661734 cyc_max=662819
@@STATS reps=1 mean=0.36316 std=0.00000 min=0.36316 p25=0.36316 p50=0.36316 p75=0.36316 max=0.36316 iqr=0.00000
FC2-W3X kernel: 0.363 ms  2680.23 TFLOPS
PASS  errors=0/32
@@RESULT ms=0.3632 tflops=2680.23 checksum=0.000000 valid=1 c0=1536.0
--- cublas epi=3 rep 1/1 ec=0
### CUBLASLT INTROSPECT M=928256 N=512 K=1024 epi=bias_only
### Heuristics returned: 8

# TSV
rank	heur	ms	cyc	algoId	tile	stages	cluster	inner	splitk	redux	swizzle	custom	waves	ws_MB
1	0	0.3346	618019	66	23	36	3	-1	1	0	0	1	98.00	0.0
2	3	0.3450	637068	66	29	36	3	-1	1	0	0	1	156.81	0.0
3	2	0.3518	649761	66	32	36	3	-1	1	0	0	1	130.68	0.0
4	6	0.3700	683073	66	20	36	3	-1	1	0	0	1	196.00	0.0
5	1	0.3887	717705	66	24	36	5	-1	1	0	0	3	98.00	0.0
6	7	0.3917	723098	66	513	36	3	-1	1	0	0	1	49.00	0.0
7	4	0.3987	736091	66	201	36	5	-1	1	0	0	2	147.00	0.0
8	5	0.4320	797337	66	495	36	5	-1	1	0	0	3	130.68	0.0

# Top-3 caps:

## rank=1  algoId=66  tile=23  stages=36  cluster=3  inner=-1  ms=0.3346
    CUBLASLT_ALGO_CAP_REDUCTION_SCHEME_MASK      = 2
    CUBLASLT_ALGO_CAP_CTA_SWIZZLING_SUPPORT      = 0
    CUBLASLT_ALGO_CAP_STRIDED_BATCH_SUPPORT      = 1
    CUBLASLT_ALGO_CAP_OUT_OF_PLACE_RESULT_SUPPORT = 1
    CUBLASLT_ALGO_CAP_CUSTOM_OPTION_MAX          = 7
    CUBLASLT_ALGO_CAP_POINTER_MODE_MASK          = 3
    CUBLASLT_ALGO_CAP_EPILOGUE_MASK              = 1023
    CUBLASLT_ALGO_CAP_TILE_IDS                   = --  (status=7 wrote=0)
    CUBLASLT_ALGO_CAP_STAGES_IDS                 = [36] (n=1, elem=4B)
    CUBLASLT_ALGO_CONFIG_CLUSTER_SHAPE_ID sz=2 → status=0 wrote=2 val=3

## rank=2  algoId=66  tile=29  stages=36  cluster=3  inner=-1  ms=0.3450
    CUBLASLT_ALGO_CAP_REDUCTION_SCHEME_MASK      = 2
    CUBLASLT_ALGO_CAP_CTA_SWIZZLING_SUPPORT      = 0
    CUBLASLT_ALGO_CAP_STRIDED_BATCH_SUPPORT      = 1
    CUBLASLT_ALGO_CAP_OUT_OF_PLACE_RESULT_SUPPORT = 1
    CUBLASLT_ALGO_CAP_CUSTOM_OPTION_MAX          = 7
    CUBLASLT_ALGO_CAP_POINTER_MODE_MASK          = 3
    CUBLASLT_ALGO_CAP_EPILOGUE_MASK              = 1023
    CUBLASLT_ALGO_CAP_TILE_IDS                   = --  (status=7 wrote=0)
    CUBLASLT_ALGO_CAP_STAGES_IDS                 = [36] (n=1, elem=4B)
    CUBLASLT_ALGO_CONFIG_CLUSTER_SHAPE_ID sz=2 → status=0 wrote=2 val=3

## rank=3  algoId=66  tile=32  stages=36  cluster=3  inner=-1  ms=0.3518
    CUBLASLT_ALGO_CAP_REDUCTION_SCHEME_MASK      = 2
    CUBLASLT_ALGO_CAP_CTA_SWIZZLING_SUPPORT      = 0
    CUBLASLT_ALGO_CAP_STRIDED_BATCH_SUPPORT      = 1
    CUBLASLT_ALGO_CAP_OUT_OF_PLACE_RESULT_SUPPORT = 1
    CUBLASLT_ALGO_CAP_CUSTOM_OPTION_MAX          = 7
    CUBLASLT_ALGO_CAP_POINTER_MODE_MASK          = 3
    CUBLASLT_ALGO_CAP_EPILOGUE_MASK              = 1023
    CUBLASLT_ALGO_CAP_TILE_IDS                   = --  (status=7 wrote=0)
    CUBLASLT_ALGO_CAP_STAGES_IDS                 = [36] (n=1, elem=4B)
    CUBLASLT_ALGO_CONFIG_CLUSTER_SHAPE_ID sz=2 → status=0 wrote=2 val=3

# Winner:  rank=1  tile=23  stages=36  cluster=3  inner=-1  splitk=1  swizzle=0  ms=0.3346  cyc=618019

@@RESULT ms=0.3346 cyc=618019 tflops=2909.36 checksum=0.000000 valid=1 c0=0.0
--- cublas epi=0 rep 1/1 ec=0
### CUBLASLT INTROSPECT M=928256 N=512 K=1024 epi=none
### Heuristics returned: 8

# TSV
rank	heur	ms	cyc	algoId	tile	stages	cluster	inner	splitk	redux	swizzle	custom	waves	ws_MB
1	0	0.3154	582786	66	23	36	3	-1	1	0	0	1	98.00	0.0
2	3	0.3328	614523	66	29	36	3	-1	1	0	0	1	156.81	0.0
3	2	0.3330	615005	66	32	36	3	-1	1	0	0	1	130.68	0.0
4	6	0.3549	655317	66	20	36	3	-1	1	0	0	1	196.00	0.0
5	4	0.3595	663933	66	201	36	5	-1	1	0	0	2	147.00	0.0
6	7	0.3655	674700	66	513	36	3	-1	1	0	0	1	49.00	0.0
7	1	0.3858	712214	66	24	36	5	-1	1	0	0	3	98.00	0.0
8	5	0.4273	788857	66	495	36	5	-1	1	0	0	3	130.68	0.0

# Top-3 caps:

## rank=1  algoId=66  tile=23  stages=36  cluster=3  inner=-1  ms=0.3154
    CUBLASLT_ALGO_CAP_REDUCTION_SCHEME_MASK      = 2
    CUBLASLT_ALGO_CAP_CTA_SWIZZLING_SUPPORT      = 0
    CUBLASLT_ALGO_CAP_STRIDED_BATCH_SUPPORT      = 1
    CUBLASLT_ALGO_CAP_OUT_OF_PLACE_RESULT_SUPPORT = 1
    CUBLASLT_ALGO_CAP_CUSTOM_OPTION_MAX          = 7
    CUBLASLT_ALGO_CAP_POINTER_MODE_MASK          = 3
    CUBLASLT_ALGO_CAP_EPILOGUE_MASK              = 1023
    CUBLASLT_ALGO_CAP_TILE_IDS                   = --  (status=7 wrote=0)
    CUBLASLT_ALGO_CAP_STAGES_IDS                 = [36] (n=1, elem=4B)
    CUBLASLT_ALGO_CONFIG_CLUSTER_SHAPE_ID sz=2 → status=0 wrote=2 val=3

## rank=2  algoId=66  tile=29  stages=36  cluster=3  inner=-1  ms=0.3328
    CUBLASLT_ALGO_CAP_REDUCTION_SCHEME_MASK      = 2
    CUBLASLT_ALGO_CAP_CTA_SWIZZLING_SUPPORT      = 0
    CUBLASLT_ALGO_CAP_STRIDED_BATCH_SUPPORT      = 1
    CUBLASLT_ALGO_CAP_OUT_OF_PLACE_RESULT_SUPPORT = 1
    CUBLASLT_ALGO_CAP_CUSTOM_OPTION_MAX          = 7
    CUBLASLT_ALGO_CAP_POINTER_MODE_MASK          = 3
    CUBLASLT_ALGO_CAP_EPILOGUE_MASK              = 1023
    CUBLASLT_ALGO_CAP_TILE_IDS                   = --  (status=7 wrote=0)
    CUBLASLT_ALGO_CAP_STAGES_IDS                 = [36] (n=1, elem=4B)
    CUBLASLT_ALGO_CONFIG_CLUSTER_SHAPE_ID sz=2 → status=0 wrote=2 val=3

## rank=3  algoId=66  tile=32  stages=36  cluster=3  inner=-1  ms=0.3330
    CUBLASLT_ALGO_CAP_REDUCTION_SCHEME_MASK      = 2
    CUBLASLT_ALGO_CAP_CTA_SWIZZLING_SUPPORT      = 0
    CUBLASLT_ALGO_CAP_STRIDED_BATCH_SUPPORT      = 1
    CUBLASLT_ALGO_CAP_OUT_OF_PLACE_RESULT_SUPPORT = 1
    CUBLASLT_ALGO_CAP_CUSTOM_OPTION_MAX          = 7
    CUBLASLT_ALGO_CAP_POINTER_MODE_MASK          = 3
    CUBLASLT_ALGO_CAP_EPILOGUE_MASK              = 1023
    CUBLASLT_ALGO_CAP_TILE_IDS                   = --  (status=7 wrote=0)
    CUBLASLT_ALGO_CAP_STAGES_IDS                 = [36] (n=1, elem=4B)
    CUBLASLT_ALGO_CONFIG_CLUSTER_SHAPE_ID sz=2 → status=0 wrote=2 val=3

# Winner:  rank=1  tile=23  stages=36  cluster=3  inner=-1  splitk=1  swizzle=0  ms=0.3154  cyc=582786

@@RESULT ms=0.3154 cyc=582786 tflops=3086.02 checksum=0.000000 valid=1 c0=0.0

[build] N=512 K=2048 M=928256 flags=['-DM_TOTAL=928256', '-DN_DIM=512', '-DK_DIM=2048']
$ make -B fc2-w3x DFLAGS=-DM_TOTAL=928256 -DN_DIM=512 -DK_DIM=2048
nvcc -gencode arch=compute_100a,code=sm_100a -O3 -std=c++17 -lineinfo --ptxas-options=-v --cudart=static -DM_TOTAL=928256 -DN_DIM=512 -DK_DIM=2048 fc2_w3x.cu -o fc2-w3x -lcurand_static -lculibos -lcuda
ptxas info    : 0 bytes gmem
ptxas info    : Compiling entry function '_Z14fc2_w3x_kernelILi54ELi8ELi64EEv14CUtensorMap_stS0_S0_PK13__nv_bfloat16PS1_PmS5_S5_S5_S5_' for 'sm_100a'
ptxas info    : Function properties for _Z14fc2_w3x_kernelILi54ELi8ELi64EEv14CUtensorMap_stS0_S0_PK13__nv_bfloat16PS1_PmS5_S5_S5_S5_
    0 bytes stack frame, 0 bytes spill stores, 0 bytes spill loads
ptxas info    : Used 68 registers, used 1 barriers
ptxas info    : Compile time = 65.379 ms
ptxas info    : Compiling entry function '_Z14fc2_w3x_kernelILi54ELi8ELi48EEv14CUtensorMap_stS0_S0_PK13__nv_bfloat16PS1_PmS5_S5_S5_S5_' for 'sm_100a'
ptxas info    : Function properties for _Z14fc2_w3x_kernelILi54ELi8ELi48EEv14CUtensorMap_stS0_S0_PK13__nv_bfloat16PS1_PmS5_S5_S5_S5_
    0 bytes stack frame, 0 bytes spill stores, 0 bytes spill loads
ptxas info    : Used 68 registers, used 1 barriers
ptxas info    : Compile time = 62.994 ms
ptxas info    : Compiling entry function '_Z14fc2_w3x_kernelILi54ELi8ELi32EEv14CUtensorMap_stS0_S0_PK13__nv_bfloat16PS1_PmS5_S5_S5_S5_' for 'sm_100a'
ptxas info    : Function properties for _Z14fc2_w3x_kernelILi54ELi8ELi32EEv14CUtensorMap_stS0_S0_PK13__nv_bfloat16PS1_PmS5_S5_S5_S5_
    0 bytes stack frame, 0 bytes spill stores, 0 bytes spill loads
ptxas info    : Used 68 registers, used 1 barriers
ptxas info    : Compile time = 63.562 ms
ptxas info    : Compiling entry function '_Z14fc2_w3x_kernelILi54ELi8ELi24EEv14CUtensorMap_stS0_S0_PK13__nv_bfloat16PS1_PmS5_S5_S5_S5_' for 'sm_100a'
ptxas info    : Function properties for _Z14fc2_w3x_kernelILi54ELi8ELi24EEv14CUtensorMap_stS0_S0_PK13__nv_bfloat16PS1_PmS5_S5_S5_S5_
    0 bytes stack frame, 0 bytes spill stores, 0 bytes spill loads
ptxas info    : Used 68 registers, used 1 barriers
ptxas info    : Compile time = 63.594 ms
ptxas info    : Compiling entry function '_Z14fc2_w3x_kernelILi54ELi8ELi16EEv14CUtensorMap_stS0_S0_PK13__nv_bfloat16PS1_PmS5_S5_S5_S5_' for 'sm_100a'
ptxas info    : Function properties for _Z14fc2_w3x_kernelILi54ELi8ELi16EEv14CUtensorMap_stS0_S0_PK13__nv_bfloat16PS1_PmS5_S5_S5_S5_
    0 bytes stack frame, 0 bytes spill stores, 0 bytes spill loads
ptxas info    : Used 68 registers, used 1 barriers
ptxas info    : Compile time = 63.872 ms
ptxas info    : Compiling entry function '_Z14fc2_w3x_kernelILi54ELi8ELi12EEv14CUtensorMap_stS0_S0_PK13__nv_bfloat16PS1_PmS5_S5_S5_S5_' for 'sm_100a'
ptxas info    : Function properties for _Z14fc2_w3x_kernelILi54ELi8ELi12EEv14CUtensorMap_stS0_S0_PK13__nv_bfloat16PS1_PmS5_S5_S5_S5_
    0 bytes stack frame, 0 bytes spill stores, 0 bytes spill loads
ptxas info    : Used 68 registers, used 1 barriers
ptxas info    : Compile time = 62.561 ms
ptxas info    : Compiling entry function '_Z14fc2_w3x_kernelILi54ELi8ELi8EEv14CUtensorMap_stS0_S0_PK13__nv_bfloat16PS1_PmS5_S5_S5_S5_' for 'sm_100a'
ptxas info    : Function properties for _Z14fc2_w3x_kernelILi54ELi8ELi8EEv14CUtensorMap_stS0_S0_PK13__nv_bfloat16PS1_PmS5_S5_S5_S5_
    0 bytes stack frame, 0 bytes spill stores, 0 bytes spill loads
ptxas info    : Used 68 registers, used 1 barriers
ptxas info    : Compile time = 62.774 ms
ptxas info    : Compiling entry function '_Z14fc2_w3x_kernelILi54ELi8ELi4EEv14CUtensorMap_stS0_S0_PK13__nv_bfloat16PS1_PmS5_S5_S5_S5_' for 'sm_100a'
ptxas info    : Function properties for _Z14fc2_w3x_kernelILi54ELi8ELi4EEv14CUtensorMap_stS0_S0_PK13__nv_bfloat16PS1_PmS5_S5_S5_S5_
    0 bytes stack frame, 0 bytes spill stores, 0 bytes spill loads
ptxas info    : Used 68 registers, used 1 barriers
ptxas info    : Compile time = 61.765 ms
ptxas info    : Compiling entry function '_Z14fc2_w3x_kernelILi54ELi8ELi0EEv14CUtensorMap_stS0_S0_PK13__nv_bfloat16PS1_PmS5_S5_S5_S5_' for 'sm_100a'
ptxas info    : Function properties for _Z14fc2_w3x_kernelILi54ELi8ELi0EEv14CUtensorMap_stS0_S0_PK13__nv_bfloat16PS1_PmS5_S5_S5_S5_
    0 bytes stack frame, 0 bytes spill stores, 0 bytes spill loads
ptxas info    : Used 68 registers, used 1 barriers
ptxas info    : Compile time = 62.353 ms
ptxas info    : Compiling entry function '_Z14fc2_w3x_kernelILi99ELi8ELi20EEv14CUtensorMap_stS0_S0_PK13__nv_bfloat16PS1_PmS5_S5_S5_S5_' for 'sm_100a'
ptxas info    : Function properties for _Z14fc2_w3x_kernelILi99ELi8ELi20EEv14CUtensorMap_stS0_S0_PK13__nv_bfloat16PS1_PmS5_S5_S5_S5_
    0 bytes stack frame, 0 bytes spill stores, 0 bytes spill loads
ptxas info    : Used 68 registers, used 1 barriers
ptxas info    : Compile time = 62.054 ms
ptxas info    : Compiling entry function '_Z14fc2_w3x_kernelILi98ELi8ELi20EEv14CUtensorMap_stS0_S0_PK13__nv_bfloat16PS1_PmS5_S5_S5_S5_' for 'sm_100a'
ptxas info    : Function properties for _Z14fc2_w3x_kernelILi98ELi8ELi20EEv14CUtensorMap_stS0_S0_PK13__nv_bfloat16PS1_PmS5_S5_S5_S5_
    0 bytes stack frame, 0 bytes spill stores, 0 bytes spill loads
ptxas info    : Used 68 registers, used 1 barriers
ptxas info    : Compile time = 62.258 ms
ptxas info    : Compiling entry function '_Z14fc2_w3x_kernelILi97ELi8ELi20EEv14CUtensorMap_stS0_S0_PK13__nv_bfloat16PS1_PmS5_S5_S5_S5_' for 'sm_100a'
ptxas info    : Function properties for _Z14fc2_w3x_kernelILi97ELi8ELi20EEv14CUtensorMap_stS0_S0_PK13__nv_bfloat16PS1_PmS5_S5_S5_S5_
    0 bytes stack frame, 0 bytes spill stores, 0 bytes spill loads
ptxas info    : Used 68 registers, used 1 barriers
ptxas info    : Compile time = 61.897 ms
ptxas info    : Compiling entry function '_Z14fc2_w3x_kernelILi96ELi8ELi20EEv14CUtensorMap_stS0_S0_PK13__nv_bfloat16PS1_PmS5_S5_S5_S5_' for 'sm_100a'
ptxas info    : Function properties for _Z14fc2_w3x_kernelILi96ELi8ELi20EEv14CUtensorMap_stS0_S0_PK13__nv_bfloat16PS1_PmS5_S5_S5_S5_
    0 bytes stack frame, 0 bytes spill stores, 0 bytes spill loads
ptxas info    : Used 68 registers, used 1 barriers
ptxas info    : Compile time = 61.936 ms
ptxas info    : Compiling entry function '_Z14fc2_w3x_kernelILi95ELi8ELi20EEv14CUtensorMap_stS0_S0_PK13__nv_bfloat16PS1_PmS5_S5_S5_S5_' for 'sm_100a'
ptxas info    : Function properties for _Z14fc2_w3x_kernelILi95ELi8ELi20EEv14CUtensorMap_stS0_S0_PK13__nv_bfloat16PS1_PmS5_S5_S5_S5_
    0 bytes stack frame, 0 bytes spill stores, 0 bytes spill loads
ptxas info    : Used 68 registers, used 1 barriers
ptxas info    : Compile time = 61.813 ms
ptxas info    : Compiling entry function '_Z14fc2_w3x_kernelILi94ELi8ELi20EEv14CUtensorMap_stS0_S0_PK13__nv_bfloat16PS1_PmS5_S5_S5_S5_' for 'sm_100a'
ptxas info    : Function properties for _Z14fc2_w3x_kernelILi94ELi8ELi20EEv14CUtensorMap_stS0_S0_PK13__nv_bfloat16PS1_PmS5_S5_S5_S5_
    0 bytes stack frame, 0 bytes spill stores, 0 bytes spill loads
ptxas info    : Used 68 registers, used 1 barriers
ptxas info    : Compile time = 62.062 ms
ptxas info    : Compiling entry function '_Z14fc2_w3x_kernelILi93ELi8ELi20EEv14CUtensorMap_stS0_S0_PK13__nv_bfloat16PS1_PmS5_S5_S5_S5_' for 'sm_100a'
ptxas info    : Function properties for _Z14fc2_w3x_kernelILi93ELi8ELi20EEv14CUtensorMap_stS0_S0_PK13__nv_bfloat16PS1_PmS5_S5_S5_S5_
    0 bytes stack frame, 0 bytes spill stores, 0 bytes spill loads
ptxas info    : Used 68 registers, used 1 barriers
ptxas info    : Compile time = 61.901 ms
ptxas info    : Compiling entry function '_Z14fc2_w3x_kernelILi92ELi8ELi20EEv14CUtensorMap_stS0_S0_PK13__nv_bfloat16PS1_PmS5_S5_S5_S5_' for 'sm_100a'
ptxas info    : Function properties for _Z14fc2_w3x_kernelILi92ELi8ELi20EEv14CUtensorMap_stS0_S0_PK13__nv_bfloat16PS1_PmS5_S5_S5_S5_
    0 bytes stack frame, 0 bytes spill stores, 0 bytes spill loads
ptxas info    : Used 68 registers, used 1 barriers
ptxas info    : Compile time = 61.076 ms
ptxas info    : Compiling entry function '_Z14fc2_w3x_kernelILi91ELi8ELi20EEv14CUtensorMap_stS0_S0_PK13__nv_bfloat16PS1_PmS5_S5_S5_S5_' for 'sm_100a'
ptxas info    : Function properties for _Z14fc2_w3x_kernelILi91ELi8ELi20EEv14CUtensorMap_stS0_S0_PK13__nv_bfloat16PS1_PmS5_S5_S5_S5_
    0 bytes stack frame, 0 bytes spill stores, 0 bytes spill loads
ptxas info    : Used 68 registers, used 1 barriers
ptxas info    : Compile time = 61.204 ms
ptxas info    : Compiling entry function '_Z14fc2_w3x_kernelILi90ELi8ELi20EEv14CUtensorMap_stS0_S0_PK13__nv_bfloat16PS1_PmS5_S5_S5_S5_' for 'sm_100a'
ptxas info    : Function properties for _Z14fc2_w3x_kernelILi90ELi8ELi20EEv14CUtensorMap_stS0_S0_PK13__nv_bfloat16PS1_PmS5_S5_S5_S5_
    0 bytes stack frame, 0 bytes spill stores, 0 bytes spill loads
ptxas info    : Used 68 registers, used 1 barriers
ptxas info    : Compile time = 60.944 ms
ptxas info    : Compiling entry function '_Z14fc2_w3x_kernelILi89ELi8ELi20EEv14CUtensorMap_stS0_S0_PK13__nv_bfloat16PS1_PmS5_S5_S5_S5_' for 'sm_100a'
ptxas info    : Function properties for _Z14fc2_w3x_kernelILi89ELi8ELi20EEv14CUtensorMap_stS0_S0_PK13__nv_bfloat16PS1_PmS5_S5_S5_S5_
    0 bytes stack frame, 0 bytes spill stores, 0 bytes spill loads
ptxas info    : Used 68 registers, used 1 barriers
ptxas info    : Compile time = 61.786 ms
ptxas info    : Compiling entry function '_Z14fc2_w3x_kernelILi88ELi8ELi20EEv14CUtensorMap_stS0_S0_PK13__nv_bfloat16PS1_PmS5_S5_S5_S5_' for 'sm_100a'
ptxas info    : Function properties for _Z14fc2_w3x_kernelILi88ELi8ELi20EEv14CUtensorMap_stS0_S0_PK13__nv_bfloat16PS1_PmS5_S5_S5_S5_
    0 bytes stack frame, 0 bytes spill stores, 0 bytes spill loads
ptxas info    : Used 68 registers, used 1 barriers
ptxas info    : Compile time = 62.285 ms
ptxas info    : Compiling entry function '_Z14fc2_w3x_kernelILi87ELi8ELi20EEv14CUtensorMap_stS0_S0_PK13__nv_bfloat16PS1_PmS5_S5_S5_S5_' for 'sm_100a'
ptxas info    : Function properties for _Z14fc2_w3x_kernelILi87ELi8ELi20EEv14CUtensorMap_stS0_S0_PK13__nv_bfloat16PS1_PmS5_S5_S5_S5_
    0 bytes stack frame, 0 bytes spill stores, 0 bytes spill loads
ptxas info    : Used 68 registers, used 1 barriers
ptxas info    : Compile time = 62.042 ms
ptxas info    : Compiling entry function '_Z14fc2_w3x_kernelILi86ELi8ELi20EEv14CUtensorMap_stS0_S0_PK13__nv_bfloat16PS1_PmS5_S5_S5_S5_' for 'sm_100a'
ptxas info    : Function properties for _Z14fc2_w3x_kernelILi86ELi8ELi20EEv14CUtensorMap_stS0_S0_PK13__nv_bfloat16PS1_PmS5_S5_S5_S5_
    0 bytes stack frame, 0 bytes spill stores, 0 bytes spill loads
ptxas info    : Used 68 registers, used 1 barriers
ptxas info    : Compile time = 62.384 ms
ptxas info    : Compiling entry function '_Z14fc2_w3x_kernelILi85ELi8ELi20EEv14CUtensorMap_stS0_S0_PK13__nv_bfloat16PS1_PmS5_S5_S5_S5_' for 'sm_100a'
ptxas info    : Function properties for _Z14fc2_w3x_kernelILi85ELi8ELi20EEv14CUtensorMap_stS0_S0_PK13__nv_bfloat16PS1_PmS5_S5_S5_S5_
    0 bytes stack frame, 0 bytes spill stores, 0 bytes spill loads
ptxas info    : Used 68 registers, used 1 barriers
ptxas info    : Compile time = 62.448 ms
ptxas info    : Compiling entry function '_Z14fc2_w3x_kernelILi84ELi8ELi20EEv14CUtensorMap_stS0_S0_PK13__nv_bfloat16PS1_PmS5_S5_S5_S5_' for 'sm_100a'
ptxas info    : Function properties for _Z14fc2_w3x_kernelILi84ELi8ELi20EEv14CUtensorMap_stS0_S0_PK13__nv_bfloat16PS1_PmS5_S5_S5_S5_
    0 bytes stack frame, 0 bytes spill stores, 0 bytes spill loads
ptxas info    : Used 68 registers, used 1 barriers
ptxas info    : Compile time = 62.970 ms
ptxas info    : Compiling entry function '_Z14fc2_w3x_kernelILi83ELi8ELi20EEv14CUtensorMap_stS0_S0_PK13__nv_bfloat16PS1_PmS5_S5_S5_S5_' for 'sm_100a'
ptxas info    : Function properties for _Z14fc2_w3x_kernelILi83ELi8ELi20EEv14CUtensorMap_stS0_S0_PK13__nv_bfloat16PS1_PmS5_S5_S5_S5_
    0 bytes stack frame, 0 bytes spill stores, 0 bytes spill loads
ptxas info    : Used 68 registers, used 1 barriers
ptxas info    : Compile time = 63.515 ms
ptxas info    : Compiling entry function '_Z14fc2_w3x_kernelILi82ELi8ELi20EEv14CUtensorMap_stS0_S0_PK13__nv_bfloat16PS1_PmS5_S5_S5_S5_' for 'sm_100a'
ptxas info    : Function properties for _Z14fc2_w3x_kernelILi82ELi8ELi20EEv14CUtensorMap_stS0_S0_PK13__nv_bfloat16PS1_PmS5_S5_S5_S5_
    0 bytes stack frame, 0 bytes spill stores, 0 bytes spill loads
ptxas info    : Used 68 registers, used 1 barriers
ptxas info    : Compile time = 62.995 ms
ptxas info    : Compiling entry function '_Z14fc2_w3x_kernelILi81ELi8ELi20EEv14CUtensorMap_stS0_S0_PK13__nv_bfloat16PS1_PmS5_S5_S5_S5_' for 'sm_100a'
ptxas info    : Function properties for _Z14fc2_w3x_kernelILi81ELi8ELi20EEv14CUtensorMap_stS0_S0_PK13__nv_bfloat16PS1_PmS5_S5_S5_S5_
    0 bytes stack frame, 0 bytes spill stores, 0 bytes spill loads
ptxas info    : Used 68 registers, used 1 barriers
ptxas info    : Compile time = 62.401 ms
ptxas info    : Compiling entry function '_Z14fc2_w3x_kernelILi80ELi8ELi20EEv14CUtensorMap_stS0_S0_PK13__nv_bfloat16PS1_PmS5_S5_S5_S5_' for 'sm_100a'
ptxas info    : Function properties for _Z14fc2_w3x_kernelILi80ELi8ELi20EEv14CUtensorMap_stS0_S0_PK13__nv_bfloat16PS1_PmS5_S5_S5_S5_
    0 bytes stack frame, 0 bytes spill stores, 0 bytes spill loads
ptxas info    : Used 68 registers, used 1 barriers
ptxas info    : Compile time = 61.628 ms
ptxas info    : Compiling entry function '_Z14fc2_w3x_kernelILi58ELi8ELi20EEv14CUtensorMap_stS0_S0_PK13__nv_bfloat16PS1_PmS5_S5_S5_S5_' for 'sm_100a'
ptxas info    : Function properties for _Z14fc2_w3x_kernelILi58ELi8ELi20EEv14CUtensorMap_stS0_S0_PK13__nv_bfloat16PS1_PmS5_S5_S5_S5_
    0 bytes stack frame, 0 bytes spill stores, 0 bytes spill loads
ptxas info    : Used 68 registers, used 1 barriers
ptxas info    : Compile time = 61.831 ms
ptxas info    : Compiling entry function '_Z14fc2_w3x_kernelILi57ELi8ELi20EEv14CUtensorMap_stS0_S0_PK13__nv_bfloat16PS1_PmS5_S5_S5_S5_' for 'sm_100a'
ptxas info    : Function properties for _Z14fc2_w3x_kernelILi57ELi8ELi20EEv14CUtensorMap_stS0_S0_PK13__nv_bfloat16PS1_PmS5_S5_S5_S5_
    0 bytes stack frame, 0 bytes spill stores, 0 bytes spill loads
ptxas info    : Used 68 registers, used 1 barriers
ptxas info    : Compile time = 62.127 ms
ptxas info    : Compiling entry function '_Z14fc2_w3x_kernelILi56ELi8ELi20EEv14CUtensorMap_stS0_S0_PK13__nv_bfloat16PS1_PmS5_S5_S5_S5_' for 'sm_100a'
ptxas info    : Function properties for _Z14fc2_w3x_kernelILi56ELi8ELi20EEv14CUtensorMap_stS0_S0_PK13__nv_bfloat16PS1_PmS5_S5_S5_S5_
    0 bytes stack frame, 0 bytes spill stores, 0 bytes spill loads
ptxas info    : Used 68 registers, used 1 barriers
ptxas info    : Compile time = 62.309 ms
ptxas info    : Compiling entry function '_Z14fc2_w3x_kernelILi55ELi8ELi20EEv14CUtensorMap_stS0_S0_PK13__nv_bfloat16PS1_PmS5_S5_S5_S5_' for 'sm_100a'
ptxas info    : Function properties for _Z14fc2_w3x_kernelILi55ELi8ELi20EEv14CUtensorMap_stS0_S0_PK13__nv_bfloat16PS1_PmS5_S5_S5_S5_
    0 bytes stack frame, 0 bytes spill stores, 0 bytes spill loads
ptxas info    : Used 68 registers, used 1 barriers
ptxas info    : Compile time = 62.158 ms
ptxas info    : Compiling entry function '_Z14fc2_w3x_kernelILi54ELi8ELi20EEv14CUtensorMap_stS0_S0_PK13__nv_bfloat16PS1_PmS5_S5_S5_S5_' for 'sm_100a'
ptxas info    : Function properties for _Z14fc2_w3x_kernelILi54ELi8ELi20EEv14CUtensorMap_stS0_S0_PK13__nv_bfloat16PS1_PmS5_S5_S5_S5_
    0 bytes stack frame, 0 bytes spill stores, 0 bytes spill loads
ptxas info    : Used 68 registers, used 1 barriers
ptxas info    : Compile time = 62.257 ms
ptxas info    : Compiling entry function '_Z14fc2_w3x_kernelILi53ELi8ELi20EEv14CUtensorMap_stS0_S0_PK13__nv_bfloat16PS1_PmS5_S5_S5_S5_' for 'sm_100a'
ptxas info    : Function properties for _Z14fc2_w3x_kernelILi53ELi8ELi20EEv14CUtensorMap_stS0_S0_PK13__nv_bfloat16PS1_PmS5_S5_S5_S5_
    0 bytes stack frame, 0 bytes spill stores, 0 bytes spill loads
ptxas info    : Used 68 registers, used 1 barriers
ptxas info    : Compile time = 63.088 ms
ptxas info    : Compiling entry function '_Z14fc2_w3x_kernelILi52ELi8ELi20EEv14CUtensorMap_stS0_S0_PK13__nv_bfloat16PS1_PmS5_S5_S5_S5_' for 'sm_100a'
ptxas info    : Function properties for _Z14fc2_w3x_kernelILi52ELi8ELi20EEv14CUtensorMap_stS0_S0_PK13__nv_bfloat16PS1_PmS5_S5_S5_S5_
    0 bytes stack frame, 0 bytes spill stores, 0 bytes spill loads
ptxas info    : Used 68 registers, used 1 barriers
ptxas info    : Compile time = 63.048 ms
ptxas info    : Compiling entry function '_Z14fc2_w3x_kernelILi51ELi8ELi20EEv14CUtensorMap_stS0_S0_PK13__nv_bfloat16PS1_PmS5_S5_S5_S5_' for 'sm_100a'
ptxas info    : Function properties for _Z14fc2_w3x_kernelILi51ELi8ELi20EEv14CUtensorMap_stS0_S0_PK13__nv_bfloat16PS1_PmS5_S5_S5_S5_
    0 bytes stack frame, 0 bytes spill stores, 0 bytes spill loads
ptxas info    : Used 68 registers, used 1 barriers
ptxas info    : Compile time = 64.182 ms
ptxas info    : Compiling entry function '_Z14fc2_w3x_kernelILi50ELi8ELi20EEv14CUtensorMap_stS0_S0_PK13__nv_bfloat16PS1_PmS5_S5_S5_S5_' for 'sm_100a'
ptxas info    : Function properties for _Z14fc2_w3x_kernelILi50ELi8ELi20EEv14CUtensorMap_stS0_S0_PK13__nv_bfloat16PS1_PmS5_S5_S5_S5_
    0 bytes stack frame, 0 bytes spill stores, 0 bytes spill loads
ptxas info    : Used 68 registers, used 1 barriers
ptxas info    : Compile time = 63.049 ms
ptxas info    : Compiling entry function '_Z14fc2_w3x_kernelILi49ELi8ELi20EEv14CUtensorMap_stS0_S0_PK13__nv_bfloat16PS1_PmS5_S5_S5_S5_' for 'sm_100a'
ptxas info    : Function properties for _Z14fc2_w3x_kernelILi49ELi8ELi20EEv14CUtensorMap_stS0_S0_PK13__nv_bfloat16PS1_PmS5_S5_S5_S5_
    0 bytes stack frame, 0 bytes spill stores, 0 bytes spill loads
ptxas info    : Used 68 registers, used 1 barriers
ptxas info    : Compile time = 61.848 ms
ptxas info    : Compiling entry function '_Z14fc2_w3x_kernelILi19ELi16ELi20EEv14CUtensorMap_stS0_S0_PK13__nv_bfloat16PS1_PmS5_S5_S5_S5_' for 'sm_100a'
ptxas info    : Function properties for _Z14fc2_w3x_kernelILi19ELi16ELi20EEv14CUtensorMap_stS0_S0_PK13__nv_bfloat16PS1_PmS5_S5_S5_S5_
    0 bytes stack frame, 0 bytes spill stores, 0 bytes spill loads
ptxas info    : Used 68 registers, used 1 barriers
ptxas info    : Compile time = 61.343 ms
ptxas info    : Compiling entry function '_Z14fc2_w3x_kernelILi19ELi4ELi20EEv14CUtensorMap_stS0_S0_PK13__nv_bfloat16PS1_PmS5_S5_S5_S5_' for 'sm_100a'
ptxas info    : Function properties for _Z14fc2_w3x_kernelILi19ELi4ELi20EEv14CUtensorMap_stS0_S0_PK13__nv_bfloat16PS1_PmS5_S5_S5_S5_
    0 bytes stack frame, 0 bytes spill stores, 0 bytes spill loads
ptxas info    : Used 68 registers, used 1 barriers
ptxas info    : Compile time = 61.492 ms
ptxas info    : Compiling entry function '_Z14fc2_w3x_kernelILi48ELi8ELi20EEv14CUtensorMap_stS0_S0_PK13__nv_bfloat16PS1_PmS5_S5_S5_S5_' for 'sm_100a'
ptxas info    : Function properties for _Z14fc2_w3x_kernelILi48ELi8ELi20EEv14CUtensorMap_stS0_S0_PK13__nv_bfloat16PS1_PmS5_S5_S5_S5_
    0 bytes stack frame, 0 bytes spill stores, 0 bytes spill loads
ptxas info    : Used 68 registers, used 1 barriers
ptxas info    : Compile time = 62.052 ms
ptxas info    : Compiling entry function '_Z14fc2_w3x_kernelILi47ELi8ELi20EEv14CUtensorMap_stS0_S0_PK13__nv_bfloat16PS1_PmS5_S5_S5_S5_' for 'sm_100a'
ptxas info    : Function properties for _Z14fc2_w3x_kernelILi47ELi8ELi20EEv14CUtensorMap_stS0_S0_PK13__nv_bfloat16PS1_PmS5_S5_S5_S5_
    0 bytes stack frame, 0 bytes spill stores, 0 bytes spill loads
ptxas info    : Used 68 registers, used 1 barriers
ptxas info    : Compile time = 62.178 ms
ptxas info    : Compiling entry function '_Z14fc2_w3x_kernelILi46ELi8ELi20EEv14CUtensorMap_stS0_S0_PK13__nv_bfloat16PS1_PmS5_S5_S5_S5_' for 'sm_100a'
ptxas info    : Function properties for _Z14fc2_w3x_kernelILi46ELi8ELi20EEv14CUtensorMap_stS0_S0_PK13__nv_bfloat16PS1_PmS5_S5_S5_S5_
    0 bytes stack frame, 0 bytes spill stores, 0 bytes spill loads
ptxas info    : Used 68 registers, used 1 barriers
ptxas info    : Compile time = 62.549 ms
ptxas info    : Compiling entry function '_Z14fc2_w3x_kernelILi45ELi8ELi20EEv14CUtensorMap_stS0_S0_PK13__nv_bfloat16PS1_PmS5_S5_S5_S5_' for 'sm_100a'
ptxas info    : Function properties for _Z14fc2_w3x_kernelILi45ELi8ELi20EEv14CUtensorMap_stS0_S0_PK13__nv_bfloat16PS1_PmS5_S5_S5_S5_
    0 bytes stack frame, 0 bytes spill stores, 0 bytes spill loads
ptxas info    : Used 68 registers, used 1 barriers
ptxas info    : Compile time = 62.280 ms
ptxas info    : Compiling entry function '_Z14fc2_w3x_kernelILi44ELi8ELi20EEv14CUtensorMap_stS0_S0_PK13__nv_bfloat16PS1_PmS5_S5_S5_S5_' for 'sm_100a'
ptxas info    : Function properties for _Z14fc2_w3x_kernelILi44ELi8ELi20EEv14CUtensorMap_stS0_S0_PK13__nv_bfloat16PS1_PmS5_S5_S5_S5_
    0 bytes stack frame, 0 bytes spill stores, 0 bytes spill loads
ptxas info    : Used 68 registers, used 1 barriers
ptxas info    : Compile time = 61.565 ms
ptxas info    : Compiling entry function '_Z14fc2_w3x_kernelILi43ELi8ELi20EEv14CUtensorMap_stS0_S0_PK13__nv_bfloat16PS1_PmS5_S5_S5_S5_' for 'sm_100a'
ptxas info    : Function properties for _Z14fc2_w3x_kernelILi43ELi8ELi20EEv14CUtensorMap_stS0_S0_PK13__nv_bfloat16PS1_PmS5_S5_S5_S5_
    0 bytes stack frame, 0 bytes spill stores, 0 bytes spill loads
ptxas info    : Used 68 registers, used 1 barriers
ptxas info    : Compile time = 62.074 ms
ptxas info    : Compiling entry function '_Z14fc2_w3x_kernelILi41ELi8ELi20EEv14CUtensorMap_stS0_S0_PK13__nv_bfloat16PS1_PmS5_S5_S5_S5_' for 'sm_100a'
ptxas info    : Function properties for _Z14fc2_w3x_kernelILi41ELi8ELi20EEv14CUtensorMap_stS0_S0_PK13__nv_bfloat16PS1_PmS5_S5_S5_S5_
    0 bytes stack frame, 0 bytes spill stores, 0 bytes spill loads
ptxas info    : Used 68 registers, used 1 barriers
ptxas info    : Compile time = 60.240 ms
ptxas info    : Compiling entry function '_Z14fc2_w3x_kernelILi40ELi8ELi20EEv14CUtensorMap_stS0_S0_PK13__nv_bfloat16PS1_PmS5_S5_S5_S5_' for 'sm_100a'
ptxas info    : Function properties for _Z14fc2_w3x_kernelILi40ELi8ELi20EEv14CUtensorMap_stS0_S0_PK13__nv_bfloat16PS1_PmS5_S5_S5_S5_
    0 bytes stack frame, 0 bytes spill stores, 0 bytes spill loads
ptxas info    : Used 68 registers, used 1 barriers
ptxas info    : Compile time = 60.687 ms
ptxas info    : Compiling entry function '_Z14fc2_w3x_kernelILi39ELi8ELi20EEv14CUtensorMap_stS0_S0_PK13__nv_bfloat16PS1_PmS5_S5_S5_S5_' for 'sm_100a'
ptxas info    : Function properties for _Z14fc2_w3x_kernelILi39ELi8ELi20EEv14CUtensorMap_stS0_S0_PK13__nv_bfloat16PS1_PmS5_S5_S5_S5_
    0 bytes stack frame, 0 bytes spill stores, 0 bytes spill loads
ptxas info    : Used 68 registers, used 1 barriers
ptxas info    : Compile time = 61.264 ms
ptxas info    : Compiling entry function '_Z14fc2_w3x_kernelILi38ELi8ELi20EEv14CUtensorMap_stS0_S0_PK13__nv_bfloat16PS1_PmS5_S5_S5_S5_' for 'sm_100a'
ptxas info    : Function properties for _Z14fc2_w3x_kernelILi38ELi8ELi20EEv14CUtensorMap_stS0_S0_PK13__nv_bfloat16PS1_PmS5_S5_S5_S5_
    0 bytes stack frame, 0 bytes spill stores, 0 bytes spill loads
ptxas info    : Used 68 registers, used 1 barriers
ptxas info    : Compile time = 61.562 ms
ptxas info    : Compiling entry function '_Z14fc2_w3x_kernelILi36ELi4ELi20EEv14CUtensorMap_stS0_S0_PK13__nv_bfloat16PS1_PmS5_S5_S5_S5_' for 'sm_100a'
ptxas info    : Function properties for _Z14fc2_w3x_kernelILi36ELi4ELi20EEv14CUtensorMap_stS0_S0_PK13__nv_bfloat16PS1_PmS5_S5_S5_S5_
    0 bytes stack frame, 0 bytes spill stores, 0 bytes spill loads
ptxas info    : Used 68 registers, used 1 barriers
ptxas info    : Compile time = 62.268 ms
ptxas info    : Compiling entry function '_Z14fc2_w3x_kernelILi35ELi4ELi20EEv14CUtensorMap_stS0_S0_PK13__nv_bfloat16PS1_PmS5_S5_S5_S5_' for 'sm_100a'
ptxas info    : Function properties for _Z14fc2_w3x_kernelILi35ELi4ELi20EEv14CUtensorMap_stS0_S0_PK13__nv_bfloat16PS1_PmS5_S5_S5_S5_
    0 bytes stack frame, 0 bytes spill stores, 0 bytes spill loads
ptxas info    : Used 68 registers, used 1 barriers
ptxas info    : Compile time = 62.929 ms
ptxas info    : Compiling entry function '_Z14fc2_w3x_kernelILi34ELi8ELi20EEv14CUtensorMap_stS0_S0_PK13__nv_bfloat16PS1_PmS5_S5_S5_S5_' for 'sm_100a'
ptxas info    : Function properties for _Z14fc2_w3x_kernelILi34ELi8ELi20EEv14CUtensorMap_stS0_S0_PK13__nv_bfloat16PS1_PmS5_S5_S5_S5_
    0 bytes stack frame, 0 bytes spill stores, 0 bytes spill loads
ptxas info    : Used 68 registers, used 1 barriers
ptxas info    : Compile time = 62.372 ms
ptxas info    : Compiling entry function '_Z14fc2_w3x_kernelILi33ELi8ELi20EEv14CUtensorMap_stS0_S0_PK13__nv_bfloat16PS1_PmS5_S5_S5_S5_' for 'sm_100a'
ptxas info    : Function properties for _Z14fc2_w3x_kernelILi33ELi8ELi20EEv14CUtensorMap_stS0_S0_PK13__nv_bfloat16PS1_PmS5_S5_S5_S5_
    0 bytes stack frame, 0 bytes spill stores, 0 bytes spill loads
ptxas info    : Used 68 registers, used 1 barriers
ptxas info    : Compile time = 61.985 ms
ptxas info    : Compiling entry function '_Z14fc2_w3x_kernelILi19ELi8ELi20EEv14CUtensorMap_stS0_S0_PK13__nv_bfloat16PS1_PmS5_S5_S5_S5_' for 'sm_100a'
ptxas info    : Function properties for _Z14fc2_w3x_kernelILi19ELi8ELi20EEv14CUtensorMap_stS0_S0_PK13__nv_bfloat16PS1_PmS5_S5_S5_S5_
    0 bytes stack frame, 0 bytes spill stores, 0 bytes spill loads
ptxas info    : Used 68 registers, used 1 barriers
ptxas info    : Compile time = 61.481 ms
ptxas info    : Compiling entry function '_Z14fc2_w3x_kernelILi18ELi8ELi20EEv14CUtensorMap_stS0_S0_PK13__nv_bfloat16PS1_PmS5_S5_S5_S5_' for 'sm_100a'
ptxas info    : Function properties for _Z14fc2_w3x_kernelILi18ELi8ELi20EEv14CUtensorMap_stS0_S0_PK13__nv_bfloat16PS1_PmS5_S5_S5_S5_
    0 bytes stack frame, 0 bytes spill stores, 0 bytes spill loads
ptxas info    : Used 68 registers, used 1 barriers
ptxas info    : Compile time = 62.126 ms
ptxas info    : Compiling entry function '_Z14fc2_w3x_kernelILi13ELi8ELi20EEv14CUtensorMap_stS0_S0_PK13__nv_bfloat16PS1_PmS5_S5_S5_S5_' for 'sm_100a'
ptxas info    : Function properties for _Z14fc2_w3x_kernelILi13ELi8ELi20EEv14CUtensorMap_stS0_S0_PK13__nv_bfloat16PS1_PmS5_S5_S5_S5_
    0 bytes stack frame, 0 bytes spill stores, 0 bytes spill loads
ptxas info    : Used 68 registers, used 1 barriers
ptxas info    : Compile time = 59.143 ms
ptxas info    : Compiling entry function '_Z14fc2_w3x_kernelILi11ELi8ELi20EEv14CUtensorMap_stS0_S0_PK13__nv_bfloat16PS1_PmS5_S5_S5_S5_' for 'sm_100a'
ptxas info    : Function properties for _Z14fc2_w3x_kernelILi11ELi8ELi20EEv14CUtensorMap_stS0_S0_PK13__nv_bfloat16PS1_PmS5_S5_S5_S5_
    0 bytes stack frame, 0 bytes spill stores, 0 bytes spill loads
ptxas info    : Used 68 registers, used 1 barriers
ptxas info    : Compile time = 59.868 ms
ptxas info    : Compiling entry function '_Z14fc2_w3x_kernelILi0ELi32ELi20EEv14CUtensorMap_stS0_S0_PK13__nv_bfloat16PS1_PmS5_S5_S5_S5_' for 'sm_100a'
ptxas info    : Function properties for _Z14fc2_w3x_kernelILi0ELi32ELi20EEv14CUtensorMap_stS0_S0_PK13__nv_bfloat16PS1_PmS5_S5_S5_S5_
    0 bytes stack frame, 0 bytes spill stores, 0 bytes spill loads
ptxas info    : Used 68 registers, used 1 barriers
ptxas info    : Compile time = 61.498 ms
ptxas info    : Compiling entry function '_Z14fc2_w3x_kernelILi0ELi16ELi20EEv14CUtensorMap_stS0_S0_PK13__nv_bfloat16PS1_PmS5_S5_S5_S5_' for 'sm_100a'
ptxas info    : Function properties for _Z14fc2_w3x_kernelILi0ELi16ELi20EEv14CUtensorMap_stS0_S0_PK13__nv_bfloat16PS1_PmS5_S5_S5_S5_
    0 bytes stack frame, 0 bytes spill stores, 0 bytes spill loads
ptxas info    : Used 68 registers, used 1 barriers
ptxas info    : Compile time = 61.228 ms
ptxas info    : Compiling entry function '_Z14fc2_w3x_kernelILi0ELi4ELi20EEv14CUtensorMap_stS0_S0_PK13__nv_bfloat16PS1_PmS5_S5_S5_S5_' for 'sm_100a'
ptxas info    : Function properties for _Z14fc2_w3x_kernelILi0ELi4ELi20EEv14CUtensorMap_stS0_S0_PK13__nv_bfloat16PS1_PmS5_S5_S5_S5_
    0 bytes stack frame, 0 bytes spill stores, 0 bytes spill loads
ptxas info    : Used 68 registers, used 1 barriers
ptxas info    : Compile time = 60.997 ms
ptxas info    : Compiling entry function '_Z14fc2_w3x_kernelILi0ELi2ELi20EEv14CUtensorMap_stS0_S0_PK13__nv_bfloat16PS1_PmS5_S5_S5_S5_' for 'sm_100a'
ptxas info    : Function properties for _Z14fc2_w3x_kernelILi0ELi2ELi20EEv14CUtensorMap_stS0_S0_PK13__nv_bfloat16PS1_PmS5_S5_S5_S5_
    0 bytes stack frame, 0 bytes spill stores, 0 bytes spill loads
ptxas info    : Used 68 registers, used 1 barriers
ptxas info    : Compile time = 59.889 ms
ptxas info    : Compiling entry function '_Z14fc2_w3x_kernelILi0ELi8ELi20EEv14CUtensorMap_stS0_S0_PK13__nv_bfloat16PS1_PmS5_S5_S5_S5_' for 'sm_100a'
ptxas info    : Function properties for _Z14fc2_w3x_kernelILi0ELi8ELi20EEv14CUtensorMap_stS0_S0_PK13__nv_bfloat16PS1_PmS5_S5_S5_S5_
    0 bytes stack frame, 0 bytes spill stores, 0 bytes spill loads
ptxas info    : Used 68 registers, used 1 barriers
ptxas info    : Compile time = 61.119 ms
--- rep 1/3 ec=0
FC2 W3X kernel — 6-warp bias-only rank-1-shaped persistent
  [928256,2048] x [512,2048]^T  NS=6  THREADS=192  SMEM=214656 B  (cap 228KB)
  Alloc + init + pack done
  TMA + func attr done (SMEM=214656 B)  variant=default TD=0 DGG=8
Warmup (2 iters)...
Timing 1 reps × 10 iters/rep × 1 variant ...
@@SAMPLE rep=1 ms=0.52107 cyc=952142 cyc_min=942176 cyc_p50=947924 cyc_p95=951951 cyc_max=952142
@@STATS reps=1 mean=0.52107 std=0.00000 min=0.52107 p25=0.52107 p50=0.52107 p75=0.52107 max=0.52107 iqr=0.00000
FC2-W3X kernel: 0.521 ms  3735.94 TFLOPS
PASS  errors=0/32
@@RESULT ms=0.5211 tflops=3735.94 checksum=0.000000 valid=1 c0=3072.0
--- rep 2/3 ec=0
FC2 W3X kernel — 6-warp bias-only rank-1-shaped persistent
  [928256,2048] x [512,2048]^T  NS=6  THREADS=192  SMEM=214656 B  (cap 228KB)
  Alloc + init + pack done
  TMA + func attr done (SMEM=214656 B)  variant=default TD=0 DGG=8
Warmup (2 iters)...
Timing 1 reps × 10 iters/rep × 1 variant ...
@@SAMPLE rep=1 ms=0.52112 cyc=952651 cyc_min=941483 cyc_p50=947963 cyc_p95=951752 cyc_max=952651
@@STATS reps=1 mean=0.52112 std=0.00000 min=0.52112 p25=0.52112 p50=0.52112 p75=0.52112 max=0.52112 iqr=0.00000
FC2-W3X kernel: 0.521 ms  3735.62 TFLOPS
PASS  errors=0/32
@@RESULT ms=0.5211 tflops=3735.62 checksum=0.000000 valid=1 c0=3072.0
--- rep 3/3 ec=0
FC2 W3X kernel — 6-warp bias-only rank-1-shaped persistent
  [928256,2048] x [512,2048]^T  NS=6  THREADS=192  SMEM=214656 B  (cap 228KB)
  Alloc + init + pack done
  TMA + func attr done (SMEM=214656 B)  variant=default TD=0 DGG=8
Warmup (2 iters)...
Timing 1 reps × 10 iters/rep × 1 variant ...
@@SAMPLE rep=1 ms=0.52160 cyc=952490 cyc_min=942397 cyc_p50=947854 cyc_p95=951999 cyc_max=952490
@@STATS reps=1 mean=0.52160 std=0.00000 min=0.52160 p25=0.52160 p50=0.52160 p75=0.52160 max=0.52160 iqr=0.00000
FC2-W3X kernel: 0.522 ms  3732.14 TFLOPS
PASS  errors=0/32
@@RESULT ms=0.5216 tflops=3732.14 checksum=0.000000 valid=1 c0=3072.0
--- cublas epi=3 rep 1/1 ec=0
### CUBLASLT INTROSPECT M=928256 N=512 K=2048 epi=bias_only
### Heuristics returned: 8

# TSV
rank	heur	ms	cyc	algoId	tile	stages	cluster	inner	splitk	redux	swizzle	custom	waves	ws_MB
1	0	0.5193	959071	66	23	36	3	-1	1	0	0	1	98.00	0.0
2	2	0.5463	1008281	66	32	36	3	-1	1	0	0	1	130.68	0.0
3	5	0.5543	1023112	66	201	36	5	-1	1	0	0	2	147.00	0.0
4	4	0.5559	1026259	66	29	36	3	-1	1	0	0	1	156.81	0.0
5	3	0.6101	1125823	66	513	36	3	-1	1	0	0	1	49.00	0.0
6	7	0.6133	1131663	66	232	36	3	-1	1	0	0	1	65.34	0.0
7	1	0.6673	1231537	66	24	36	5	-1	1	0	0	3	98.00	0.0
8	6	0.7700	1421118	66	495	36	5	-1	1	0	0	3	130.68	0.0

# Top-3 caps:

## rank=1  algoId=66  tile=23  stages=36  cluster=3  inner=-1  ms=0.5193
    CUBLASLT_ALGO_CAP_REDUCTION_SCHEME_MASK      = 2
    CUBLASLT_ALGO_CAP_CTA_SWIZZLING_SUPPORT      = 0
    CUBLASLT_ALGO_CAP_STRIDED_BATCH_SUPPORT      = 1
    CUBLASLT_ALGO_CAP_OUT_OF_PLACE_RESULT_SUPPORT = 1
    CUBLASLT_ALGO_CAP_CUSTOM_OPTION_MAX          = 7
    CUBLASLT_ALGO_CAP_POINTER_MODE_MASK          = 3
    CUBLASLT_ALGO_CAP_EPILOGUE_MASK              = 1023
    CUBLASLT_ALGO_CAP_TILE_IDS                   = --  (status=7 wrote=0)
    CUBLASLT_ALGO_CAP_STAGES_IDS                 = [36] (n=1, elem=4B)
    CUBLASLT_ALGO_CONFIG_CLUSTER_SHAPE_ID sz=2 → status=0 wrote=2 val=3

## rank=2  algoId=66  tile=32  stages=36  cluster=3  inner=-1  ms=0.5463
    CUBLASLT_ALGO_CAP_REDUCTION_SCHEME_MASK      = 2
    CUBLASLT_ALGO_CAP_CTA_SWIZZLING_SUPPORT      = 0
    CUBLASLT_ALGO_CAP_STRIDED_BATCH_SUPPORT      = 1
    CUBLASLT_ALGO_CAP_OUT_OF_PLACE_RESULT_SUPPORT = 1
    CUBLASLT_ALGO_CAP_CUSTOM_OPTION_MAX          = 7
    CUBLASLT_ALGO_CAP_POINTER_MODE_MASK          = 3
    CUBLASLT_ALGO_CAP_EPILOGUE_MASK              = 1023
    CUBLASLT_ALGO_CAP_TILE_IDS                   = --  (status=7 wrote=0)
    CUBLASLT_ALGO_CAP_STAGES_IDS                 = [36] (n=1, elem=4B)
    CUBLASLT_ALGO_CONFIG_CLUSTER_SHAPE_ID sz=2 → status=0 wrote=2 val=3

## rank=3  algoId=66  tile=201  stages=36  cluster=5  inner=-1  ms=0.5543
    CUBLASLT_ALGO_CAP_REDUCTION_SCHEME_MASK      = 2
    CUBLASLT_ALGO_CAP_CTA_SWIZZLING_SUPPORT      = 0
    CUBLASLT_ALGO_CAP_STRIDED_BATCH_SUPPORT      = 1
    CUBLASLT_ALGO_CAP_OUT_OF_PLACE_RESULT_SUPPORT = 1
    CUBLASLT_ALGO_CAP_CUSTOM_OPTION_MAX          = 7
    CUBLASLT_ALGO_CAP_POINTER_MODE_MASK          = 3
    CUBLASLT_ALGO_CAP_EPILOGUE_MASK              = 1023
    CUBLASLT_ALGO_CAP_TILE_IDS                   = --  (status=7 wrote=0)
    CUBLASLT_ALGO_CAP_STAGES_IDS                 = [36] (n=1, elem=4B)
    CUBLASLT_ALGO_CONFIG_CLUSTER_SHAPE_ID sz=2 → status=0 wrote=2 val=5

# Winner:  rank=1  tile=23  stages=36  cluster=3  inner=-1  splitk=1  swizzle=0  ms=0.5193  cyc=959071

@@RESULT ms=0.5193 cyc=959071 tflops=3748.76 checksum=0.000000 valid=1 c0=0.0
--- cublas epi=0 rep 1/1 ec=0
### CUBLASLT INTROSPECT M=928256 N=512 K=2048 epi=none
### Heuristics returned: 8

# TSV
rank	heur	ms	cyc	algoId	tile	stages	cluster	inner	splitk	redux	swizzle	custom	waves	ws_MB
1	0	0.5141	949456	66	23	36	3	-1	1	0	0	1	98.00	0.0
2	2	0.5409	998156	66	32	36	3	-1	1	0	0	1	130.68	0.0
3	5	0.5431	1002430	66	201	36	5	-1	1	0	0	2	147.00	0.0
4	4	0.5515	1018097	66	29	36	3	-1	1	0	0	1	156.81	0.0
5	3	0.5801	1070564	66	513	36	3	-1	1	0	0	1	49.00	0.0
6	7	0.6004	1107941	66	232	36	3	-1	1	0	0	1	65.34	0.0
7	1	0.6623	1222404	66	24	36	5	-1	1	0	0	3	98.00	0.0
8	6	0.7632	1408279	66	495	36	5	-1	1	0	0	3	130.68	0.0

# Top-3 caps:

## rank=1  algoId=66  tile=23  stages=36  cluster=3  inner=-1  ms=0.5141
    CUBLASLT_ALGO_CAP_REDUCTION_SCHEME_MASK      = 2
    CUBLASLT_ALGO_CAP_CTA_SWIZZLING_SUPPORT      = 0
    CUBLASLT_ALGO_CAP_STRIDED_BATCH_SUPPORT      = 1
    CUBLASLT_ALGO_CAP_OUT_OF_PLACE_RESULT_SUPPORT = 1
    CUBLASLT_ALGO_CAP_CUSTOM_OPTION_MAX          = 7
    CUBLASLT_ALGO_CAP_POINTER_MODE_MASK          = 3
    CUBLASLT_ALGO_CAP_EPILOGUE_MASK              = 1023
    CUBLASLT_ALGO_CAP_TILE_IDS                   = --  (status=7 wrote=0)
    CUBLASLT_ALGO_CAP_STAGES_IDS                 = [36] (n=1, elem=4B)
    CUBLASLT_ALGO_CONFIG_CLUSTER_SHAPE_ID sz=2 → status=0 wrote=2 val=3

## rank=2  algoId=66  tile=32  stages=36  cluster=3  inner=-1  ms=0.5409
    CUBLASLT_ALGO_CAP_REDUCTION_SCHEME_MASK      = 2
    CUBLASLT_ALGO_CAP_CTA_SWIZZLING_SUPPORT      = 0
    CUBLASLT_ALGO_CAP_STRIDED_BATCH_SUPPORT      = 1
    CUBLASLT_ALGO_CAP_OUT_OF_PLACE_RESULT_SUPPORT = 1
    CUBLASLT_ALGO_CAP_CUSTOM_OPTION_MAX          = 7
    CUBLASLT_ALGO_CAP_POINTER_MODE_MASK          = 3
    CUBLASLT_ALGO_CAP_EPILOGUE_MASK              = 1023
    CUBLASLT_ALGO_CAP_TILE_IDS                   = --  (status=7 wrote=0)
    CUBLASLT_ALGO_CAP_STAGES_IDS                 = [36] (n=1, elem=4B)
    CUBLASLT_ALGO_CONFIG_CLUSTER_SHAPE_ID sz=2 → status=0 wrote=2 val=3

## rank=3  algoId=66  tile=201  stages=36  cluster=5  inner=-1  ms=0.5431
    CUBLASLT_ALGO_CAP_REDUCTION_SCHEME_MASK      = 2
    CUBLASLT_ALGO_CAP_CTA_SWIZZLING_SUPPORT      = 0
    CUBLASLT_ALGO_CAP_STRIDED_BATCH_SUPPORT      = 1
    CUBLASLT_ALGO_CAP_OUT_OF_PLACE_RESULT_SUPPORT = 1
    CUBLASLT_ALGO_CAP_CUSTOM_OPTION_MAX          = 7
    CUBLASLT_ALGO_CAP_POINTER_MODE_MASK          = 3
    CUBLASLT_ALGO_CAP_EPILOGUE_MASK              = 1023
    CUBLASLT_ALGO_CAP_TILE_IDS                   = --  (status=7 wrote=0)
    CUBLASLT_ALGO_CAP_STAGES_IDS                 = [36] (n=1, elem=4B)
    CUBLASLT_ALGO_CONFIG_CLUSTER_SHAPE_ID sz=2 → status=0 wrote=2 val=5

# Winner:  rank=1  tile=23  stages=36  cluster=3  inner=-1  splitk=1  swizzle=0  ms=0.5141  cyc=949456

@@RESULT ms=0.5141 cyc=949456 tflops=3786.31 checksum=0.000000 valid=1 c0=0.0

[build] N=512 K=4096 M=928256 flags=['-DM_TOTAL=928256', '-DN_DIM=512', '-DK_DIM=4096']
$ make -B fc2-w3x DFLAGS=-DM_TOTAL=928256 -DN_DIM=512 -DK_DIM=4096
nvcc -gencode arch=compute_100a,code=sm_100a -O3 -std=c++17 -lineinfo --ptxas-options=-v --cudart=static -DM_TOTAL=928256 -DN_DIM=512 -DK_DIM=4096 fc2_w3x.cu -o fc2-w3x -lcurand_static -lculibos -lcuda
fc2_w3x.cu(1511): warning #177-D: function "mbar_arrive" was declared but never referenced
  void mbar_arrive(uint32_t addr) {
       ^

Remark: The warnings can be suppressed with "-diag-suppress <warning-number>"

ptxas info    : 0 bytes gmem
ptxas info    : Compiling entry function '_Z14fc2_w3x_kernelILi54ELi8ELi64EEv14CUtensorMap_stS0_S0_PK13__nv_bfloat16PS1_PmS5_S5_S5_S5_' for 'sm_100a'
ptxas info    : Function properties for _Z14fc2_w3x_kernelILi54ELi8ELi64EEv14CUtensorMap_stS0_S0_PK13__nv_bfloat16PS1_PmS5_S5_S5_S5_
    0 bytes stack frame, 0 bytes spill stores, 0 bytes spill loads
ptxas info    : Used 66 registers, used 1 barriers
ptxas info    : Compile time = 74.069 ms
ptxas info    : Compiling entry function '_Z14fc2_w3x_kernelILi54ELi8ELi48EEv14CUtensorMap_stS0_S0_PK13__nv_bfloat16PS1_PmS5_S5_S5_S5_' for 'sm_100a'
ptxas info    : Function properties for _Z14fc2_w3x_kernelILi54ELi8ELi48EEv14CUtensorMap_stS0_S0_PK13__nv_bfloat16PS1_PmS5_S5_S5_S5_
    0 bytes stack frame, 0 bytes spill stores, 0 bytes spill loads
ptxas info    : Used 66 registers, used 1 barriers
ptxas info    : Compile time = 71.099 ms
ptxas info    : Compiling entry function '_Z14fc2_w3x_kernelILi54ELi8ELi32EEv14CUtensorMap_stS0_S0_PK13__nv_bfloat16PS1_PmS5_S5_S5_S5_' for 'sm_100a'
ptxas info    : Function properties for _Z14fc2_w3x_kernelILi54ELi8ELi32EEv14CUtensorMap_stS0_S0_PK13__nv_bfloat16PS1_PmS5_S5_S5_S5_
    0 bytes stack frame, 0 bytes spill stores, 0 bytes spill loads
ptxas info    : Used 66 registers, used 1 barriers
ptxas info    : Compile time = 69.268 ms
ptxas info    : Compiling entry function '_Z14fc2_w3x_kernelILi54ELi8ELi24EEv14CUtensorMap_stS0_S0_PK13__nv_bfloat16PS1_PmS5_S5_S5_S5_' for 'sm_100a'
ptxas info    : Function properties for _Z14fc2_w3x_kernelILi54ELi8ELi24EEv14CUtensorMap_stS0_S0_PK13__nv_bfloat16PS1_PmS5_S5_S5_S5_
    0 bytes stack frame, 0 bytes spill stores, 0 bytes spill loads
ptxas info    : Used 66 registers, used 1 barriers
ptxas info    : Compile time = 69.670 ms
ptxas info    : Compiling entry function '_Z14fc2_w3x_kernelILi54ELi8ELi16EEv14CUtensorMap_stS0_S0_PK13__nv_bfloat16PS1_PmS5_S5_S5_S5_' for 'sm_100a'
ptxas info    : Function properties for _Z14fc2_w3x_kernelILi54ELi8ELi16EEv14CUtensorMap_stS0_S0_PK13__nv_bfloat16PS1_PmS5_S5_S5_S5_
    0 bytes stack frame, 0 bytes spill stores, 0 bytes spill loads
ptxas info    : Used 66 registers, used 1 barriers
ptxas info    : Compile time = 69.781 ms
ptxas info    : Compiling entry function '_Z14fc2_w3x_kernelILi54ELi8ELi12EEv14CUtensorMap_stS0_S0_PK13__nv_bfloat16PS1_PmS5_S5_S5_S5_' for 'sm_100a'
ptxas info    : Function properties for _Z14fc2_w3x_kernelILi54ELi8ELi12EEv14CUtensorMap_stS0_S0_PK13__nv_bfloat16PS1_PmS5_S5_S5_S5_
    0 bytes stack frame, 0 bytes spill stores, 0 bytes spill loads
ptxas info    : Used 66 registers, used 1 barriers
ptxas info    : Compile time = 69.761 ms
ptxas info    : Compiling entry function '_Z14fc2_w3x_kernelILi54ELi8ELi8EEv14CUtensorMap_stS0_S0_PK13__nv_bfloat16PS1_PmS5_S5_S5_S5_' for 'sm_100a'
ptxas info    : Function properties for _Z14fc2_w3x_kernelILi54ELi8ELi8EEv14CUtensorMap_stS0_S0_PK13__nv_bfloat16PS1_PmS5_S5_S5_S5_
    0 bytes stack frame, 0 bytes spill stores, 0 bytes spill loads
ptxas info    : Used 66 registers, used 1 barriers
ptxas info    : Compile time = 69.739 ms
ptxas info    : Compiling entry function '_Z14fc2_w3x_kernelILi54ELi8ELi4EEv14CUtensorMap_stS0_S0_PK13__nv_bfloat16PS1_PmS5_S5_S5_S5_' for 'sm_100a'
ptxas info    : Function properties for _Z14fc2_w3x_kernelILi54ELi8ELi4EEv14CUtensorMap_stS0_S0_PK13__nv_bfloat16PS1_PmS5_S5_S5_S5_
    0 bytes stack frame, 0 bytes spill stores, 0 bytes spill loads
ptxas info    : Used 66 registers, used 1 barriers
ptxas info    : Compile time = 70.439 ms
ptxas info    : Compiling entry function '_Z14fc2_w3x_kernelILi54ELi8ELi0EEv14CUtensorMap_stS0_S0_PK13__nv_bfloat16PS1_PmS5_S5_S5_S5_' for 'sm_100a'
ptxas info    : Function properties for _Z14fc2_w3x_kernelILi54ELi8ELi0EEv14CUtensorMap_stS0_S0_PK13__nv_bfloat16PS1_PmS5_S5_S5_S5_
    0 bytes stack frame, 0 bytes spill stores, 0 bytes spill loads
ptxas info    : Used 66 registers, used 1 barriers
ptxas info    : Compile time = 70.083 ms
ptxas info    : Compiling entry function '_Z14fc2_w3x_kernelILi99ELi8ELi20EEv14CUtensorMap_stS0_S0_PK13__nv_bfloat16PS1_PmS5_S5_S5_S5_' for 'sm_100a'
ptxas info    : Function properties for _Z14fc2_w3x_kernelILi99ELi8ELi20EEv14CUtensorMap_stS0_S0_PK13__nv_bfloat16PS1_PmS5_S5_S5_S5_
    0 bytes stack frame, 0 bytes spill stores, 0 bytes spill loads
ptxas info    : Used 66 registers, used 1 barriers
ptxas info    : Compile time = 70.723 ms
ptxas info    : Compiling entry function '_Z14fc2_w3x_kernelILi98ELi8ELi20EEv14CUtensorMap_stS0_S0_PK13__nv_bfloat16PS1_PmS5_S5_S5_S5_' for 'sm_100a'
ptxas info    : Function properties for _Z14fc2_w3x_kernelILi98ELi8ELi20EEv14CUtensorMap_stS0_S0_PK13__nv_bfloat16PS1_PmS5_S5_S5_S5_
    0 bytes stack frame, 0 bytes spill stores, 0 bytes spill loads
ptxas info    : Used 66 registers, used 1 barriers
ptxas info    : Compile time = 70.043 ms
ptxas info    : Compiling entry function '_Z14fc2_w3x_kernelILi97ELi8ELi20EEv14CUtensorMap_stS0_S0_PK13__nv_bfloat16PS1_PmS5_S5_S5_S5_' for 'sm_100a'
ptxas info    : Function properties for _Z14fc2_w3x_kernelILi97ELi8ELi20EEv14CUtensorMap_stS0_S0_PK13__nv_bfloat16PS1_PmS5_S5_S5_S5_
    0 bytes stack frame, 0 bytes spill stores, 0 bytes spill loads
ptxas info    : Used 66 registers, used 1 barriers
ptxas info    : Compile time = 70.009 ms
ptxas info    : Compiling entry function '_Z14fc2_w3x_kernelILi96ELi8ELi20EEv14CUtensorMap_stS0_S0_PK13__nv_bfloat16PS1_PmS5_S5_S5_S5_' for 'sm_100a'
ptxas info    : Function properties for _Z14fc2_w3x_kernelILi96ELi8ELi20EEv14CUtensorMap_stS0_S0_PK13__nv_bfloat16PS1_PmS5_S5_S5_S5_
    0 bytes stack frame, 0 bytes spill stores, 0 bytes spill loads
ptxas info    : Used 66 registers, used 1 barriers
ptxas info    : Compile time = 70.312 ms
ptxas info    : Compiling entry function '_Z14fc2_w3x_kernelILi95ELi8ELi20EEv14CUtensorMap_stS0_S0_PK13__nv_bfloat16PS1_PmS5_S5_S5_S5_' for 'sm_100a'
ptxas info    : Function properties for _Z14fc2_w3x_kernelILi95ELi8ELi20EEv14CUtensorMap_stS0_S0_PK13__nv_bfloat16PS1_PmS5_S5_S5_S5_
    0 bytes stack frame, 0 bytes spill stores, 0 bytes spill loads
ptxas info    : Used 66 registers, used 1 barriers
ptxas info    : Compile time = 70.752 ms
ptxas info    : Compiling entry function '_Z14fc2_w3x_kernelILi94ELi8ELi20EEv14CUtensorMap_stS0_S0_PK13__nv_bfloat16PS1_PmS5_S5_S5_S5_' for 'sm_100a'
ptxas info    : Function properties for _Z14fc2_w3x_kernelILi94ELi8ELi20EEv14CUtensorMap_stS0_S0_PK13__nv_bfloat16PS1_PmS5_S5_S5_S5_
    0 bytes stack frame, 0 bytes spill stores, 0 bytes spill loads
ptxas info    : Used 66 registers, used 1 barriers
ptxas info    : Compile time = 70.771 ms
ptxas info    : Compiling entry function '_Z14fc2_w3x_kernelILi93ELi8ELi20EEv14CUtensorMap_stS0_S0_PK13__nv_bfloat16PS1_PmS5_S5_S5_S5_' for 'sm_100a'
ptxas info    : Function properties for _Z14fc2_w3x_kernelILi93ELi8ELi20EEv14CUtensorMap_stS0_S0_PK13__nv_bfloat16PS1_PmS5_S5_S5_S5_
    0 bytes stack frame, 0 bytes spill stores, 0 bytes spill loads
ptxas info    : Used 66 registers, used 1 barriers
ptxas info    : Compile time = 69.439 ms
ptxas info    : Compiling entry function '_Z14fc2_w3x_kernelILi92ELi8ELi20EEv14CUtensorMap_stS0_S0_PK13__nv_bfloat16PS1_PmS5_S5_S5_S5_' for 'sm_100a'
ptxas info    : Function properties for _Z14fc2_w3x_kernelILi92ELi8ELi20EEv14CUtensorMap_stS0_S0_PK13__nv_bfloat16PS1_PmS5_S5_S5_S5_
    0 bytes stack frame, 0 bytes spill stores, 0 bytes spill loads
ptxas info    : Used 66 registers, used 1 barriers
ptxas info    : Compile time = 69.437 ms
ptxas info    : Compiling entry function '_Z14fc2_w3x_kernelILi91ELi8ELi20EEv14CUtensorMap_stS0_S0_PK13__nv_bfloat16PS1_PmS5_S5_S5_S5_' for 'sm_100a'
ptxas info    : Function properties for _Z14fc2_w3x_kernelILi91ELi8ELi20EEv14CUtensorMap_stS0_S0_PK13__nv_bfloat16PS1_PmS5_S5_S5_S5_
    0 bytes stack frame, 0 bytes spill stores, 0 bytes spill loads
ptxas info    : Used 66 registers, used 1 barriers
ptxas info    : Compile time = 70.032 ms
ptxas info    : Compiling entry function '_Z14fc2_w3x_kernelILi90ELi8ELi20EEv14CUtensorMap_stS0_S0_PK13__nv_bfloat16PS1_PmS5_S5_S5_S5_' for 'sm_100a'
ptxas info    : Function properties for _Z14fc2_w3x_kernelILi90ELi8ELi20EEv14CUtensorMap_stS0_S0_PK13__nv_bfloat16PS1_PmS5_S5_S5_S5_
    0 bytes stack frame, 0 bytes spill stores, 0 bytes spill loads
ptxas info    : Used 66 registers, used 1 barriers
ptxas info    : Compile time = 69.686 ms
ptxas info    : Compiling entry function '_Z14fc2_w3x_kernelILi89ELi8ELi20EEv14CUtensorMap_stS0_S0_PK13__nv_bfloat16PS1_PmS5_S5_S5_S5_' for 'sm_100a'
ptxas info    : Function properties for _Z14fc2_w3x_kernelILi89ELi8ELi20EEv14CUtensorMap_stS0_S0_PK13__nv_bfloat16PS1_PmS5_S5_S5_S5_
    0 bytes stack frame, 0 bytes spill stores, 0 bytes spill loads
ptxas info    : Used 66 registers, used 1 barriers
ptxas info    : Compile time = 70.079 ms
ptxas info    : Compiling entry function '_Z14fc2_w3x_kernelILi88ELi8ELi20EEv14CUtensorMap_stS0_S0_PK13__nv_bfloat16PS1_PmS5_S5_S5_S5_' for 'sm_100a'
ptxas info    : Function properties for _Z14fc2_w3x_kernelILi88ELi8ELi20EEv14CUtensorMap_stS0_S0_PK13__nv_bfloat16PS1_PmS5_S5_S5_S5_
    0 bytes stack frame, 0 bytes spill stores, 0 bytes spill loads
ptxas info    : Used 66 registers, used 1 barriers
ptxas info    : Compile time = 70.051 ms
ptxas info    : Compiling entry function '_Z14fc2_w3x_kernelILi87ELi8ELi20EEv14CUtensorMap_stS0_S0_PK13__nv_bfloat16PS1_PmS5_S5_S5_S5_' for 'sm_100a'
ptxas info    : Function properties for _Z14fc2_w3x_kernelILi87ELi8ELi20EEv14CUtensorMap_stS0_S0_PK13__nv_bfloat16PS1_PmS5_S5_S5_S5_
    0 bytes stack frame, 0 bytes spill stores, 0 bytes spill loads
ptxas info    : Used 66 registers, used 1 barriers
ptxas info    : Compile time = 70.446 ms
ptxas info    : Compiling entry function '_Z14fc2_w3x_kernelILi86ELi8ELi20EEv14CUtensorMap_stS0_S0_PK13__nv_bfloat16PS1_PmS5_S5_S5_S5_' for 'sm_100a'
ptxas info    : Function properties for _Z14fc2_w3x_kernelILi86ELi8ELi20EEv14CUtensorMap_stS0_S0_PK13__nv_bfloat16PS1_PmS5_S5_S5_S5_
    0 bytes stack frame, 0 bytes spill stores, 0 bytes spill loads
ptxas info    : Used 66 registers, used 1 barriers
ptxas info    : Compile time = 70.149 ms
ptxas info    : Compiling entry function '_Z14fc2_w3x_kernelILi85ELi8ELi20EEv14CUtensorMap_stS0_S0_PK13__nv_bfloat16PS1_PmS5_S5_S5_S5_' for 'sm_100a'
ptxas info    : Function properties for _Z14fc2_w3x_kernelILi85ELi8ELi20EEv14CUtensorMap_stS0_S0_PK13__nv_bfloat16PS1_PmS5_S5_S5_S5_
    0 bytes stack frame, 0 bytes spill stores, 0 bytes spill loads
ptxas info    : Used 66 registers, used 1 barriers
ptxas info    : Compile time = 70.706 ms
ptxas info    : Compiling entry function '_Z14fc2_w3x_kernelILi84ELi8ELi20EEv14CUtensorMap_stS0_S0_PK13__nv_bfloat16PS1_PmS5_S5_S5_S5_' for 'sm_100a'
ptxas info    : Function properties for _Z14fc2_w3x_kernelILi84ELi8ELi20EEv14CUtensorMap_stS0_S0_PK13__nv_bfloat16PS1_PmS5_S5_S5_S5_
    0 bytes stack frame, 0 bytes spill stores, 0 bytes spill loads
ptxas info    : Used 66 registers, used 1 barriers
ptxas info    : Compile time = 69.751 ms
ptxas info    : Compiling entry function '_Z14fc2_w3x_kernelILi83ELi8ELi20EEv14CUtensorMap_stS0_S0_PK13__nv_bfloat16PS1_PmS5_S5_S5_S5_' for 'sm_100a'
ptxas info    : Function properties for _Z14fc2_w3x_kernelILi83ELi8ELi20EEv14CUtensorMap_stS0_S0_PK13__nv_bfloat16PS1_PmS5_S5_S5_S5_
    0 bytes stack frame, 0 bytes spill stores, 0 bytes spill loads
ptxas info    : Used 66 registers, used 1 barriers
ptxas info    : Compile time = 69.715 ms
ptxas info    : Compiling entry function '_Z14fc2_w3x_kernelILi82ELi8ELi20EEv14CUtensorMap_stS0_S0_PK13__nv_bfloat16PS1_PmS5_S5_S5_S5_' for 'sm_100a'
ptxas info    : Function properties for _Z14fc2_w3x_kernelILi82ELi8ELi20EEv14CUtensorMap_stS0_S0_PK13__nv_bfloat16PS1_PmS5_S5_S5_S5_
    0 bytes stack frame, 0 bytes spill stores, 0 bytes spill loads
ptxas info    : Used 66 registers, used 1 barriers
ptxas info    : Compile time = 70.530 ms
ptxas info    : Compiling entry function '_Z14fc2_w3x_kernelILi81ELi8ELi20EEv14CUtensorMap_stS0_S0_PK13__nv_bfloat16PS1_PmS5_S5_S5_S5_' for 'sm_100a'
ptxas info    : Function properties for _Z14fc2_w3x_kernelILi81ELi8ELi20EEv14CUtensorMap_stS0_S0_PK13__nv_bfloat16PS1_PmS5_S5_S5_S5_
    0 bytes stack frame, 0 bytes spill stores, 0 bytes spill loads
ptxas info    : Used 66 registers, used 1 barriers
ptxas info    : Compile time = 70.564 ms
ptxas info    : Compiling entry function '_Z14fc2_w3x_kernelILi80ELi8ELi20EEv14CUtensorMap_stS0_S0_PK13__nv_bfloat16PS1_PmS5_S5_S5_S5_' for 'sm_100a'
ptxas info    : Function properties for _Z14fc2_w3x_kernelILi80ELi8ELi20EEv14CUtensorMap_stS0_S0_PK13__nv_bfloat16PS1_PmS5_S5_S5_S5_
    0 bytes stack frame, 0 bytes spill stores, 0 bytes spill loads
ptxas info    : Used 66 registers, used 1 barriers
ptxas info    : Compile time = 70.152 ms
ptxas info    : Compiling entry function '_Z14fc2_w3x_kernelILi58ELi8ELi20EEv14CUtensorMap_stS0_S0_PK13__nv_bfloat16PS1_PmS5_S5_S5_S5_' for 'sm_100a'
ptxas info    : Function properties for _Z14fc2_w3x_kernelILi58ELi8ELi20EEv14CUtensorMap_stS0_S0_PK13__nv_bfloat16PS1_PmS5_S5_S5_S5_
    0 bytes stack frame, 0 bytes spill stores, 0 bytes spill loads
ptxas info    : Used 66 registers, used 1 barriers
ptxas info    : Compile time = 70.230 ms
ptxas info    : Compiling entry function '_Z14fc2_w3x_kernelILi57ELi8ELi20EEv14CUtensorMap_stS0_S0_PK13__nv_bfloat16PS1_PmS5_S5_S5_S5_' for 'sm_100a'
ptxas info    : Function properties for _Z14fc2_w3x_kernelILi57ELi8ELi20EEv14CUtensorMap_stS0_S0_PK13__nv_bfloat16PS1_PmS5_S5_S5_S5_
    0 bytes stack frame, 0 bytes spill stores, 0 bytes spill loads
ptxas info    : Used 66 registers, used 1 barriers
ptxas info    : Compile time = 70.465 ms
ptxas info    : Compiling entry function '_Z14fc2_w3x_kernelILi56ELi8ELi20EEv14CUtensorMap_stS0_S0_PK13__nv_bfloat16PS1_PmS5_S5_S5_S5_' for 'sm_100a'
ptxas info    : Function properties for _Z14fc2_w3x_kernelILi56ELi8ELi20EEv14CUtensorMap_stS0_S0_PK13__nv_bfloat16PS1_PmS5_S5_S5_S5_
    0 bytes stack frame, 0 bytes spill stores, 0 bytes spill loads
ptxas info    : Used 66 registers, used 1 barriers
ptxas info    : Compile time = 71.438 ms
ptxas info    : Compiling entry function '_Z14fc2_w3x_kernelILi55ELi8ELi20EEv14CUtensorMap_stS0_S0_PK13__nv_bfloat16PS1_PmS5_S5_S5_S5_' for 'sm_100a'
ptxas info    : Function properties for _Z14fc2_w3x_kernelILi55ELi8ELi20EEv14CUtensorMap_stS0_S0_PK13__nv_bfloat16PS1_PmS5_S5_S5_S5_
    0 bytes stack frame, 0 bytes spill stores, 0 bytes spill loads
ptxas info    : Used 66 registers, used 1 barriers
ptxas info    : Compile time = 70.860 ms
ptxas info    : Compiling entry function '_Z14fc2_w3x_kernelILi54ELi8ELi20EEv14CUtensorMap_stS0_S0_PK13__nv_bfloat16PS1_PmS5_S5_S5_S5_' for 'sm_100a'
ptxas info    : Function properties for _Z14fc2_w3x_kernelILi54ELi8ELi20EEv14CUtensorMap_stS0_S0_PK13__nv_bfloat16PS1_PmS5_S5_S5_S5_
    0 bytes stack frame, 0 bytes spill stores, 0 bytes spill loads
ptxas info    : Used 66 registers, used 1 barriers
ptxas info    : Compile time = 70.737 ms
ptxas info    : Compiling entry function '_Z14fc2_w3x_kernelILi53ELi8ELi20EEv14CUtensorMap_stS0_S0_PK13__nv_bfloat16PS1_PmS5_S5_S5_S5_' for 'sm_100a'
ptxas info    : Function properties for _Z14fc2_w3x_kernelILi53ELi8ELi20EEv14CUtensorMap_stS0_S0_PK13__nv_bfloat16PS1_PmS5_S5_S5_S5_
    0 bytes stack frame, 0 bytes spill stores, 0 bytes spill loads
ptxas info    : Used 66 registers, used 1 barriers
ptxas info    : Compile time = 70.650 ms
ptxas info    : Compiling entry function '_Z14fc2_w3x_kernelILi52ELi8ELi20EEv14CUtensorMap_stS0_S0_PK13__nv_bfloat16PS1_PmS5_S5_S5_S5_' for 'sm_100a'
ptxas info    : Function properties for _Z14fc2_w3x_kernelILi52ELi8ELi20EEv14CUtensorMap_stS0_S0_PK13__nv_bfloat16PS1_PmS5_S5_S5_S5_
    0 bytes stack frame, 0 bytes spill stores, 0 bytes spill loads
ptxas info    : Used 66 registers, used 1 barriers
ptxas info    : Compile time = 70.222 ms
ptxas info    : Compiling entry function '_Z14fc2_w3x_kernelILi51ELi8ELi20EEv14CUtensorMap_stS0_S0_PK13__nv_bfloat16PS1_PmS5_S5_S5_S5_' for 'sm_100a'
ptxas info    : Function properties for _Z14fc2_w3x_kernelILi51ELi8ELi20EEv14CUtensorMap_stS0_S0_PK13__nv_bfloat16PS1_PmS5_S5_S5_S5_
    0 bytes stack frame, 0 bytes spill stores, 0 bytes spill loads
ptxas info    : Used 66 registers, used 1 barriers
ptxas info    : Compile time = 72.779 ms
ptxas info    : Compiling entry function '_Z14fc2_w3x_kernelILi50ELi8ELi20EEv14CUtensorMap_stS0_S0_PK13__nv_bfloat16PS1_PmS5_S5_S5_S5_' for 'sm_100a'
ptxas info    : Function properties for _Z14fc2_w3x_kernelILi50ELi8ELi20EEv14CUtensorMap_stS0_S0_PK13__nv_bfloat16PS1_PmS5_S5_S5_S5_
    0 bytes stack frame, 0 bytes spill stores, 0 bytes spill loads
ptxas info    : Used 66 registers, used 1 barriers
ptxas info    : Compile time = 70.008 ms
ptxas info    : Compiling entry function '_Z14fc2_w3x_kernelILi49ELi8ELi20EEv14CUtensorMap_stS0_S0_PK13__nv_bfloat16PS1_PmS5_S5_S5_S5_' for 'sm_100a'
ptxas info    : Function properties for _Z14fc2_w3x_kernelILi49ELi8ELi20EEv14CUtensorMap_stS0_S0_PK13__nv_bfloat16PS1_PmS5_S5_S5_S5_
    0 bytes stack frame, 0 bytes spill stores, 0 bytes spill loads
ptxas info    : Used 66 registers, used 1 barriers
ptxas info    : Compile time = 69.964 ms
ptxas info    : Compiling entry function '_Z14fc2_w3x_kernelILi19ELi16ELi20EEv14CUtensorMap_stS0_S0_PK13__nv_bfloat16PS1_PmS5_S5_S5_S5_' for 'sm_100a'
ptxas info    : Function properties for _Z14fc2_w3x_kernelILi19ELi16ELi20EEv14CUtensorMap_stS0_S0_PK13__nv_bfloat16PS1_PmS5_S5_S5_S5_
    0 bytes stack frame, 0 bytes spill stores, 0 bytes spill loads
ptxas info    : Used 66 registers, used 1 barriers
ptxas info    : Compile time = 69.026 ms
ptxas info    : Compiling entry function '_Z14fc2_w3x_kernelILi19ELi4ELi20EEv14CUtensorMap_stS0_S0_PK13__nv_bfloat16PS1_PmS5_S5_S5_S5_' for 'sm_100a'
ptxas info    : Function properties for _Z14fc2_w3x_kernelILi19ELi4ELi20EEv14CUtensorMap_stS0_S0_PK13__nv_bfloat16PS1_PmS5_S5_S5_S5_
    0 bytes stack frame, 0 bytes spill stores, 0 bytes spill loads
ptxas info    : Used 66 registers, used 1 barriers
ptxas info    : Compile time = 68.293 ms
ptxas info    : Compiling entry function '_Z14fc2_w3x_kernelILi48ELi8ELi20EEv14CUtensorMap_stS0_S0_PK13__nv_bfloat16PS1_PmS5_S5_S5_S5_' for 'sm_100a'
ptxas info    : Function properties for _Z14fc2_w3x_kernelILi48ELi8ELi20EEv14CUtensorMap_stS0_S0_PK13__nv_bfloat16PS1_PmS5_S5_S5_S5_
    0 bytes stack frame, 0 bytes spill stores, 0 bytes spill loads
ptxas info    : Used 66 registers, used 1 barriers
ptxas info    : Compile time = 69.902 ms
ptxas info    : Compiling entry function '_Z14fc2_w3x_kernelILi47ELi8ELi20EEv14CUtensorMap_stS0_S0_PK13__nv_bfloat16PS1_PmS5_S5_S5_S5_' for 'sm_100a'
ptxas info    : Function properties for _Z14fc2_w3x_kernelILi47ELi8ELi20EEv14CUtensorMap_stS0_S0_PK13__nv_bfloat16PS1_PmS5_S5_S5_S5_
    0 bytes stack frame, 0 bytes spill stores, 0 bytes spill loads
ptxas info    : Used 66 registers, used 1 barriers
ptxas info    : Compile time = 70.322 ms
ptxas info    : Compiling entry function '_Z14fc2_w3x_kernelILi46ELi8ELi20EEv14CUtensorMap_stS0_S0_PK13__nv_bfloat16PS1_PmS5_S5_S5_S5_' for 'sm_100a'
ptxas info    : Function properties for _Z14fc2_w3x_kernelILi46ELi8ELi20EEv14CUtensorMap_stS0_S0_PK13__nv_bfloat16PS1_PmS5_S5_S5_S5_
    0 bytes stack frame, 0 bytes spill stores, 0 bytes spill loads
ptxas info    : Used 66 registers, used 1 barriers
ptxas info    : Compile time = 70.202 ms
ptxas info    : Compiling entry function '_Z14fc2_w3x_kernelILi45ELi8ELi20EEv14CUtensorMap_stS0_S0_PK13__nv_bfloat16PS1_PmS5_S5_S5_S5_' for 'sm_100a'
ptxas info    : Function properties for _Z14fc2_w3x_kernelILi45ELi8ELi20EEv14CUtensorMap_stS0_S0_PK13__nv_bfloat16PS1_PmS5_S5_S5_S5_
    0 bytes stack frame, 0 bytes spill stores, 0 bytes spill loads
ptxas info    : Used 66 registers, used 1 barriers
ptxas info    : Compile time = 69.814 ms
ptxas info    : Compiling entry function '_Z14fc2_w3x_kernelILi44ELi8ELi20EEv14CUtensorMap_stS0_S0_PK13__nv_bfloat16PS1_PmS5_S5_S5_S5_' for 'sm_100a'
ptxas info    : Function properties for _Z14fc2_w3x_kernelILi44ELi8ELi20EEv14CUtensorMap_stS0_S0_PK13__nv_bfloat16PS1_PmS5_S5_S5_S5_
    0 bytes stack frame, 0 bytes spill stores, 0 bytes spill loads
ptxas info    : Used 66 registers, used 1 barriers
ptxas info    : Compile time = 69.123 ms
ptxas info    : Compiling entry function '_Z14fc2_w3x_kernelILi43ELi8ELi20EEv14CUtensorMap_stS0_S0_PK13__nv_bfloat16PS1_PmS5_S5_S5_S5_' for 'sm_100a'
ptxas info    : Function properties for _Z14fc2_w3x_kernelILi43ELi8ELi20EEv14CUtensorMap_stS0_S0_PK13__nv_bfloat16PS1_PmS5_S5_S5_S5_
    0 bytes stack frame, 0 bytes spill stores, 0 bytes spill loads
ptxas info    : Used 66 registers, used 1 barriers
ptxas info    : Compile time = 69.741 ms
ptxas info    : Compiling entry function '_Z14fc2_w3x_kernelILi41ELi8ELi20EEv14CUtensorMap_stS0_S0_PK13__nv_bfloat16PS1_PmS5_S5_S5_S5_' for 'sm_100a'
ptxas info    : Function properties for _Z14fc2_w3x_kernelILi41ELi8ELi20EEv14CUtensorMap_stS0_S0_PK13__nv_bfloat16PS1_PmS5_S5_S5_S5_
    0 bytes stack frame, 0 bytes spill stores, 0 bytes spill loads
ptxas info    : Used 66 registers, used 1 barriers
ptxas info    : Compile time = 68.828 ms
ptxas info    : Compiling entry function '_Z14fc2_w3x_kernelILi40ELi8ELi20EEv14CUtensorMap_stS0_S0_PK13__nv_bfloat16PS1_PmS5_S5_S5_S5_' for 'sm_100a'
ptxas info    : Function properties for _Z14fc2_w3x_kernelILi40ELi8ELi20EEv14CUtensorMap_stS0_S0_PK13__nv_bfloat16PS1_PmS5_S5_S5_S5_
    0 bytes stack frame, 0 bytes spill stores, 0 bytes spill loads
ptxas info    : Used 66 registers, used 1 barriers
ptxas info    : Compile time = 68.653 ms
ptxas info    : Compiling entry function '_Z14fc2_w3x_kernelILi39ELi8ELi20EEv14CUtensorMap_stS0_S0_PK13__nv_bfloat16PS1_PmS5_S5_S5_S5_' for 'sm_100a'
ptxas info    : Function properties for _Z14fc2_w3x_kernelILi39ELi8ELi20EEv14CUtensorMap_stS0_S0_PK13__nv_bfloat16PS1_PmS5_S5_S5_S5_
    0 bytes stack frame, 0 bytes spill stores, 0 bytes spill loads
ptxas info    : Used 66 registers, used 1 barriers
ptxas info    : Compile time = 69.869 ms
ptxas info    : Compiling entry function '_Z14fc2_w3x_kernelILi38ELi8ELi20EEv14CUtensorMap_stS0_S0_PK13__nv_bfloat16PS1_PmS5_S5_S5_S5_' for 'sm_100a'
ptxas info    : Function properties for _Z14fc2_w3x_kernelILi38ELi8ELi20EEv14CUtensorMap_stS0_S0_PK13__nv_bfloat16PS1_PmS5_S5_S5_S5_
    0 bytes stack frame, 0 bytes spill stores, 0 bytes spill loads
ptxas info    : Used 66 registers, used 1 barriers
ptxas info    : Compile time = 70.617 ms
ptxas info    : Compiling entry function '_Z14fc2_w3x_kernelILi36ELi4ELi20EEv14CUtensorMap_stS0_S0_PK13__nv_bfloat16PS1_PmS5_S5_S5_S5_' for 'sm_100a'
ptxas info    : Function properties for _Z14fc2_w3x_kernelILi36ELi4ELi20EEv14CUtensorMap_stS0_S0_PK13__nv_bfloat16PS1_PmS5_S5_S5_S5_
    0 bytes stack frame, 0 bytes spill stores, 0 bytes spill loads
ptxas info    : Used 66 registers, used 1 barriers
ptxas info    : Compile time = 70.076 ms
ptxas info    : Compiling entry function '_Z14fc2_w3x_kernelILi35ELi4ELi20EEv14CUtensorMap_stS0_S0_PK13__nv_bfloat16PS1_PmS5_S5_S5_S5_' for 'sm_100a'
ptxas info    : Function properties for _Z14fc2_w3x_kernelILi35ELi4ELi20EEv14CUtensorMap_stS0_S0_PK13__nv_bfloat16PS1_PmS5_S5_S5_S5_
    0 bytes stack frame, 0 bytes spill stores, 0 bytes spill loads
ptxas info    : Used 66 registers, used 1 barriers
ptxas info    : Compile time = 72.412 ms
ptxas info    : Compiling entry function '_Z14fc2_w3x_kernelILi34ELi8ELi20EEv14CUtensorMap_stS0_S0_PK13__nv_bfloat16PS1_PmS5_S5_S5_S5_' for 'sm_100a'
ptxas info    : Function properties for _Z14fc2_w3x_kernelILi34ELi8ELi20EEv14CUtensorMap_stS0_S0_PK13__nv_bfloat16PS1_PmS5_S5_S5_S5_
    0 bytes stack frame, 0 bytes spill stores, 0 bytes spill loads
ptxas info    : Used 66 registers, used 1 barriers
ptxas info    : Compile time = 72.010 ms
ptxas info    : Compiling entry function '_Z14fc2_w3x_kernelILi33ELi8ELi20EEv14CUtensorMap_stS0_S0_PK13__nv_bfloat16PS1_PmS5_S5_S5_S5_' for 'sm_100a'
ptxas info    : Function properties for _Z14fc2_w3x_kernelILi33ELi8ELi20EEv14CUtensorMap_stS0_S0_PK13__nv_bfloat16PS1_PmS5_S5_S5_S5_
    0 bytes stack frame, 0 bytes spill stores, 0 bytes spill loads
ptxas info    : Used 66 registers, used 1 barriers
ptxas info    : Compile time = 70.976 ms
ptxas info    : Compiling entry function '_Z14fc2_w3x_kernelILi19ELi8ELi20EEv14CUtensorMap_stS0_S0_PK13__nv_bfloat16PS1_PmS5_S5_S5_S5_' for 'sm_100a'
ptxas info    : Function properties for _Z14fc2_w3x_kernelILi19ELi8ELi20EEv14CUtensorMap_stS0_S0_PK13__nv_bfloat16PS1_PmS5_S5_S5_S5_
    0 bytes stack frame, 0 bytes spill stores, 0 bytes spill loads
ptxas info    : Used 66 registers, used 1 barriers
ptxas info    : Compile time = 70.122 ms
ptxas info    : Compiling entry function '_Z14fc2_w3x_kernelILi18ELi8ELi20EEv14CUtensorMap_stS0_S0_PK13__nv_bfloat16PS1_PmS5_S5_S5_S5_' for 'sm_100a'
ptxas info    : Function properties for _Z14fc2_w3x_kernelILi18ELi8ELi20EEv14CUtensorMap_stS0_S0_PK13__nv_bfloat16PS1_PmS5_S5_S5_S5_
    0 bytes stack frame, 0 bytes spill stores, 0 bytes spill loads
ptxas info    : Used 66 registers, used 1 barriers
ptxas info    : Compile time = 70.865 ms
ptxas info    : Compiling entry function '_Z14fc2_w3x_kernelILi13ELi8ELi20EEv14CUtensorMap_stS0_S0_PK13__nv_bfloat16PS1_PmS5_S5_S5_S5_' for 'sm_100a'
ptxas info    : Function properties for _Z14fc2_w3x_kernelILi13ELi8ELi20EEv14CUtensorMap_stS0_S0_PK13__nv_bfloat16PS1_PmS5_S5_S5_S5_
    0 bytes stack frame, 0 bytes spill stores, 0 bytes spill loads
ptxas info    : Used 66 registers, used 1 barriers
ptxas info    : Compile time = 67.091 ms
ptxas info    : Compiling entry function '_Z14fc2_w3x_kernelILi11ELi8ELi20EEv14CUtensorMap_stS0_S0_PK13__nv_bfloat16PS1_PmS5_S5_S5_S5_' for 'sm_100a'
ptxas info    : Function properties for _Z14fc2_w3x_kernelILi11ELi8ELi20EEv14CUtensorMap_stS0_S0_PK13__nv_bfloat16PS1_PmS5_S5_S5_S5_
    0 bytes stack frame, 0 bytes spill stores, 0 bytes spill loads
ptxas info    : Used 66 registers, used 1 barriers
ptxas info    : Compile time = 67.591 ms
ptxas info    : Compiling entry function '_Z14fc2_w3x_kernelILi0ELi32ELi20EEv14CUtensorMap_stS0_S0_PK13__nv_bfloat16PS1_PmS5_S5_S5_S5_' for 'sm_100a'
ptxas info    : Function properties for _Z14fc2_w3x_kernelILi0ELi32ELi20EEv14CUtensorMap_stS0_S0_PK13__nv_bfloat16PS1_PmS5_S5_S5_S5_
    0 bytes stack frame, 0 bytes spill stores, 0 bytes spill loads
ptxas info    : Used 66 registers, used 1 barriers
ptxas info    : Compile time = 69.275 ms
ptxas info    : Compiling entry function '_Z14fc2_w3x_kernelILi0ELi16ELi20EEv14CUtensorMap_stS0_S0_PK13__nv_bfloat16PS1_PmS5_S5_S5_S5_' for 'sm_100a'
ptxas info    : Function properties for _Z14fc2_w3x_kernelILi0ELi16ELi20EEv14CUtensorMap_stS0_S0_PK13__nv_bfloat16PS1_PmS5_S5_S5_S5_
    0 bytes stack frame, 0 bytes spill stores, 0 bytes spill loads
ptxas info    : Used 66 registers, used 1 barriers
ptxas info    : Compile time = 69.232 ms
ptxas info    : Compiling entry function '_Z14fc2_w3x_kernelILi0ELi4ELi20EEv14CUtensorMap_stS0_S0_PK13__nv_bfloat16PS1_PmS5_S5_S5_S5_' for 'sm_100a'
ptxas info    : Function properties for _Z14fc2_w3x_kernelILi0ELi4ELi20EEv14CUtensorMap_stS0_S0_PK13__nv_bfloat16PS1_PmS5_S5_S5_S5_
    0 bytes stack frame, 0 bytes spill stores, 0 bytes spill loads
ptxas info    : Used 66 registers, used 1 barriers
ptxas info    : Compile time = 69.471 ms
ptxas info    : Compiling entry function '_Z14fc2_w3x_kernelILi0ELi2ELi20EEv14CUtensorMap_stS0_S0_PK13__nv_bfloat16PS1_PmS5_S5_S5_S5_' for 'sm_100a'
ptxas info    : Function properties for _Z14fc2_w3x_kernelILi0ELi2ELi20EEv14CUtensorMap_stS0_S0_PK13__nv_bfloat16PS1_PmS5_S5_S5_S5_
    0 bytes stack frame, 0 bytes spill stores, 0 bytes spill loads
ptxas info    : Used 66 registers, used 1 barriers
ptxas info    : Compile time = 68.552 ms
ptxas info    : Compiling entry function '_Z14fc2_w3x_kernelILi0ELi8ELi20EEv14CUtensorMap_stS0_S0_PK13__nv_bfloat16PS1_PmS5_S5_S5_S5_' for 'sm_100a'
ptxas info    : Function properties for _Z14fc2_w3x_kernelILi0ELi8ELi20EEv14CUtensorMap_stS0_S0_PK13__nv_bfloat16PS1_PmS5_S5_S5_S5_
    0 bytes stack frame, 0 bytes spill stores, 0 bytes spill loads
ptxas info    : Used 66 registers, used 1 barriers
ptxas info    : Compile time = 69.395 ms
--- rep 1/3 ec=0
FC2 W3X kernel — 6-warp bias-only rank-1-shaped persistent
  [928256,4096] x [512,4096]^T  NS=6  THREADS=192  SMEM=214656 B  (cap 228KB)
  Alloc + init + pack done
  TMA + func attr done (SMEM=214656 B)  variant=default TD=0 DGG=8
Warmup (2 iters)...
Timing 1 reps × 10 iters/rep × 1 variant ...
@@SAMPLE rep=1 ms=0.97030 cyc=1780841 cyc_min=1758391 cyc_p50=1771602 cyc_p95=1778894 cyc_max=1780841
@@STATS reps=1 mean=0.97030 std=0.00000 min=0.97030 p25=0.97030 p50=0.97030 p75=0.97030 max=0.97030 iqr=0.00000
FC2-W3X kernel: 0.970 ms  4012.56 TFLOPS
PASS  errors=0/32
@@RESULT ms=0.9703 tflops=4012.56 checksum=0.000000 valid=1 c0=6144.0
--- rep 2/3 ec=0
FC2 W3X kernel — 6-warp bias-only rank-1-shaped persistent
  [928256,4096] x [512,4096]^T  NS=6  THREADS=192  SMEM=214656 B  (cap 228KB)
  Alloc + init + pack done
  TMA + func attr done (SMEM=214656 B)  variant=default TD=0 DGG=8
Warmup (2 iters)...
Timing 1 reps × 10 iters/rep × 1 variant ...
@@SAMPLE rep=1 ms=0.96951 cyc=1780126 cyc_min=1759316 cyc_p50=1771182 cyc_p95=1778142 cyc_max=1780126
@@STATS reps=1 mean=0.96951 std=0.00000 min=0.96951 p25=0.96951 p50=0.96951 p75=0.96951 max=0.96951 iqr=0.00000
FC2-W3X kernel: 0.970 ms  4015.82 TFLOPS
PASS  errors=0/32
@@RESULT ms=0.9695 tflops=4015.82 checksum=0.000000 valid=1 c0=6144.0
--- rep 3/3 ec=0
FC2 W3X kernel — 6-warp bias-only rank-1-shaped persistent
  [928256,4096] x [512,4096]^T  NS=6  THREADS=192  SMEM=214656 B  (cap 228KB)
  Alloc + init + pack done
  TMA + func attr done (SMEM=214656 B)  variant=default TD=0 DGG=8
Warmup (2 iters)...
Timing 1 reps × 10 iters/rep × 1 variant ...
@@SAMPLE rep=1 ms=0.97017 cyc=1782066 cyc_min=1759367 cyc_p50=1771895 cyc_p95=1779799 cyc_max=1782066
@@STATS reps=1 mean=0.97017 std=0.00000 min=0.97017 p25=0.97017 p50=0.97017 p75=0.97017 max=0.97017 iqr=0.00000
FC2-W3X kernel: 0.970 ms  4013.10 TFLOPS
PASS  errors=0/32
@@RESULT ms=0.9702 tflops=4013.10 checksum=0.000000 valid=1 c0=6144.0
--- cublas epi=3 rep 1/1 ec=0
### CUBLASLT INTROSPECT M=928256 N=512 K=4096 epi=bias_only
### Heuristics returned: 8

# TSV
rank	heur	ms	cyc	algoId	tile	stages	cluster	inner	splitk	redux	swizzle	custom	waves	ws_MB
1	0	0.9448	1744031	66	23	36	3	-1	1	0	0	1	98.00	0.0
2	3	0.9823	1812779	66	32	36	3	-1	1	0	0	1	130.68	0.0
3	4	0.9889	1824955	66	201	36	5	-1	1	0	0	2	147.00	0.0
4	5	1.0103	1864552	66	29	36	3	-1	1	0	0	1	156.81	0.0
5	2	1.0478	1933185	66	513	36	3	-1	1	0	0	1	49.00	0.0
6	7	1.0811	1994393	66	232	36	3	-1	1	0	0	1	65.34	0.0
7	1	1.2079	2228709	66	24	36	5	-1	1	0	0	3	98.00	0.0
8	6	1.4142	2609583	66	495	36	5	-1	1	0	0	3	130.68	0.0

# Top-3 caps:

## rank=1  algoId=66  tile=23  stages=36  cluster=3  inner=-1  ms=0.9448
    CUBLASLT_ALGO_CAP_REDUCTION_SCHEME_MASK      = 2
    CUBLASLT_ALGO_CAP_CTA_SWIZZLING_SUPPORT      = 0
    CUBLASLT_ALGO_CAP_STRIDED_BATCH_SUPPORT      = 1
    CUBLASLT_ALGO_CAP_OUT_OF_PLACE_RESULT_SUPPORT = 1
    CUBLASLT_ALGO_CAP_CUSTOM_OPTION_MAX          = 7
    CUBLASLT_ALGO_CAP_POINTER_MODE_MASK          = 3
    CUBLASLT_ALGO_CAP_EPILOGUE_MASK              = 1023
    CUBLASLT_ALGO_CAP_TILE_IDS                   = --  (status=7 wrote=0)
    CUBLASLT_ALGO_CAP_STAGES_IDS                 = [36] (n=1, elem=4B)
    CUBLASLT_ALGO_CONFIG_CLUSTER_SHAPE_ID sz=2 → status=0 wrote=2 val=3

## rank=2  algoId=66  tile=32  stages=36  cluster=3  inner=-1  ms=0.9823
    CUBLASLT_ALGO_CAP_REDUCTION_SCHEME_MASK      = 2
    CUBLASLT_ALGO_CAP_CTA_SWIZZLING_SUPPORT      = 0
    CUBLASLT_ALGO_CAP_STRIDED_BATCH_SUPPORT      = 1
    CUBLASLT_ALGO_CAP_OUT_OF_PLACE_RESULT_SUPPORT = 1
    CUBLASLT_ALGO_CAP_CUSTOM_OPTION_MAX          = 7
    CUBLASLT_ALGO_CAP_POINTER_MODE_MASK          = 3
    CUBLASLT_ALGO_CAP_EPILOGUE_MASK              = 1023
    CUBLASLT_ALGO_CAP_TILE_IDS                   = --  (status=7 wrote=0)
    CUBLASLT_ALGO_CAP_STAGES_IDS                 = [36] (n=1, elem=4B)
    CUBLASLT_ALGO_CONFIG_CLUSTER_SHAPE_ID sz=2 → status=0 wrote=2 val=3

## rank=3  algoId=66  tile=201  stages=36  cluster=5  inner=-1  ms=0.9889
    CUBLASLT_ALGO_CAP_REDUCTION_SCHEME_MASK      = 2
    CUBLASLT_ALGO_CAP_CTA_SWIZZLING_SUPPORT      = 0
    CUBLASLT_ALGO_CAP_STRIDED_BATCH_SUPPORT      = 1
    CUBLASLT_ALGO_CAP_OUT_OF_PLACE_RESULT_SUPPORT = 1
    CUBLASLT_ALGO_CAP_CUSTOM_OPTION_MAX          = 7
    CUBLASLT_ALGO_CAP_POINTER_MODE_MASK          = 3
    CUBLASLT_ALGO_CAP_EPILOGUE_MASK              = 1023
    CUBLASLT_ALGO_CAP_TILE_IDS                   = --  (status=7 wrote=0)
    CUBLASLT_ALGO_CAP_STAGES_IDS                 = [36] (n=1, elem=4B)
    CUBLASLT_ALGO_CONFIG_CLUSTER_SHAPE_ID sz=2 → status=0 wrote=2 val=5

# Winner:  rank=1  tile=23  stages=36  cluster=3  inner=-1  splitk=1  swizzle=0  ms=0.9448  cyc=1744031

@@RESULT ms=0.9448 cyc=1744031 tflops=4120.90 checksum=0.000000 valid=1 c0=0.0
--- cublas epi=0 rep 1/1 ec=0
### CUBLASLT INTROSPECT M=928256 N=512 K=4096 epi=none
### Heuristics returned: 8

# TSV
rank	heur	ms	cyc	algoId	tile	stages	cluster	inner	splitk	redux	swizzle	custom	waves	ws_MB
1	0	0.9398	1734776	66	23	36	3	-1	1	0	0	1	98.00	0.0
2	3	0.9747	1798921	66	32	36	3	-1	1	0	0	1	130.68	0.0
3	4	0.9805	1809542	66	201	36	5	-1	1	0	0	2	147.00	0.0
4	5	1.0096	1849937	66	29	36	3	-1	1	0	0	1	156.81	0.0
5	2	1.0203	1883062	66	513	36	3	-1	1	0	0	1	49.00	0.0
6	7	1.0748	1968085	66	232	36	3	-1	1	0	0	1	65.34	0.0
7	1	1.1997	2213874	66	24	36	5	-1	1	0	0	3	98.00	0.0
8	6	1.4148	2579466	66	495	36	5	-1	1	0	0	3	130.68	0.0

# Top-3 caps:

## rank=1  algoId=66  tile=23  stages=36  cluster=3  inner=-1  ms=0.9398
    CUBLASLT_ALGO_CAP_REDUCTION_SCHEME_MASK      = 2
    CUBLASLT_ALGO_CAP_CTA_SWIZZLING_SUPPORT      = 0
    CUBLASLT_ALGO_CAP_STRIDED_BATCH_SUPPORT      = 1
    CUBLASLT_ALGO_CAP_OUT_OF_PLACE_RESULT_SUPPORT = 1
    CUBLASLT_ALGO_CAP_CUSTOM_OPTION_MAX          = 7
    CUBLASLT_ALGO_CAP_POINTER_MODE_MASK          = 3
    CUBLASLT_ALGO_CAP_EPILOGUE_MASK              = 1023
    CUBLASLT_ALGO_CAP_TILE_IDS                   = --  (status=7 wrote=0)
    CUBLASLT_ALGO_CAP_STAGES_IDS                 = [36] (n=1, elem=4B)
    CUBLASLT_ALGO_CONFIG_CLUSTER_SHAPE_ID sz=2 → status=0 wrote=2 val=3

## rank=2  algoId=66  tile=32  stages=36  cluster=3  inner=-1  ms=0.9747
    CUBLASLT_ALGO_CAP_REDUCTION_SCHEME_MASK      = 2
    CUBLASLT_ALGO_CAP_CTA_SWIZZLING_SUPPORT      = 0
    CUBLASLT_ALGO_CAP_STRIDED_BATCH_SUPPORT      = 1
    CUBLASLT_ALGO_CAP_OUT_OF_PLACE_RESULT_SUPPORT = 1
    CUBLASLT_ALGO_CAP_CUSTOM_OPTION_MAX          = 7
    CUBLASLT_ALGO_CAP_POINTER_MODE_MASK          = 3
    CUBLASLT_ALGO_CAP_EPILOGUE_MASK              = 1023
    CUBLASLT_ALGO_CAP_TILE_IDS                   = --  (status=7 wrote=0)
    CUBLASLT_ALGO_CAP_STAGES_IDS                 = [36] (n=1, elem=4B)
    CUBLASLT_ALGO_CONFIG_CLUSTER_SHAPE_ID sz=2 → status=0 wrote=2 val=3

## rank=3  algoId=66  tile=201  stages=36  cluster=5  inner=-1  ms=0.9805
    CUBLASLT_ALGO_CAP_REDUCTION_SCHEME_MASK      = 2
    CUBLASLT_ALGO_CAP_CTA_SWIZZLING_SUPPORT      = 0
    CUBLASLT_ALGO_CAP_STRIDED_BATCH_SUPPORT      = 1
    CUBLASLT_ALGO_CAP_OUT_OF_PLACE_RESULT_SUPPORT = 1
    CUBLASLT_ALGO_CAP_CUSTOM_OPTION_MAX          = 7
    CUBLASLT_ALGO_CAP_POINTER_MODE_MASK          = 3
    CUBLASLT_ALGO_CAP_EPILOGUE_MASK              = 1023
    CUBLASLT_ALGO_CAP_TILE_IDS                   = --  (status=7 wrote=0)
    CUBLASLT_ALGO_CAP_STAGES_IDS                 = [36] (n=1, elem=4B)
    CUBLASLT_ALGO_CONFIG_CLUSTER_SHAPE_ID sz=2 → status=0 wrote=2 val=5

# Winner:  rank=1  tile=23  stages=36  cluster=3  inner=-1  splitk=1  swizzle=0  ms=0.9398  cyc=1734776

@@RESULT ms=0.9398 cyc=1734776 tflops=4142.99 checksum=0.000000 valid=1 c0=0.0

[build] N=512 K=8192 M=928256 flags=['-DM_TOTAL=928256', '-DN_DIM=512', '-DK_DIM=8192']
$ make -B fc2-w3x DFLAGS=-DM_TOTAL=928256 -DN_DIM=512 -DK_DIM=8192
nvcc -gencode arch=compute_100a,code=sm_100a -O3 -std=c++17 -lineinfo --ptxas-options=-v --cudart=static -DM_TOTAL=928256 -DN_DIM=512 -DK_DIM=8192 fc2_w3x.cu -o fc2-w3x -lcurand_static -lculibos -lcuda
fc2_w3x.cu(1511): warning #177-D: function "mbar_arrive" was declared but never referenced
  void mbar_arrive(uint32_t addr) {
       ^

Remark: The warnings can be suppressed with "-diag-suppress <warning-number>"

ptxas info    : 0 bytes gmem
ptxas info    : Compiling entry function '_Z14fc2_w3x_kernelILi54ELi8ELi64EEv14CUtensorMap_stS0_S0_PK13__nv_bfloat16PS1_PmS5_S5_S5_S5_' for 'sm_100a'
ptxas info    : Function properties for _Z14fc2_w3x_kernelILi54ELi8ELi64EEv14CUtensorMap_stS0_S0_PK13__nv_bfloat16PS1_PmS5_S5_S5_S5_
    0 bytes stack frame, 0 bytes spill stores, 0 bytes spill loads
ptxas info    : Used 66 registers, used 1 barriers
ptxas info    : Compile time = 142.107 ms
ptxas info    : Compiling entry function '_Z14fc2_w3x_kernelILi54ELi8ELi48EEv14CUtensorMap_stS0_S0_PK13__nv_bfloat16PS1_PmS5_S5_S5_S5_' for 'sm_100a'
ptxas info    : Function properties for _Z14fc2_w3x_kernelILi54ELi8ELi48EEv14CUtensorMap_stS0_S0_PK13__nv_bfloat16PS1_PmS5_S5_S5_S5_
    0 bytes stack frame, 0 bytes spill stores, 0 bytes spill loads
ptxas info    : Used 66 registers, used 1 barriers
ptxas info    : Compile time = 138.846 ms
ptxas info    : Compiling entry function '_Z14fc2_w3x_kernelILi54ELi8ELi32EEv14CUtensorMap_stS0_S0_PK13__nv_bfloat16PS1_PmS5_S5_S5_S5_' for 'sm_100a'
ptxas info    : Function properties for _Z14fc2_w3x_kernelILi54ELi8ELi32EEv14CUtensorMap_stS0_S0_PK13__nv_bfloat16PS1_PmS5_S5_S5_S5_
    0 bytes stack frame, 0 bytes spill stores, 0 bytes spill loads
ptxas info    : Used 66 registers, used 1 barriers
ptxas info    : Compile time = 137.632 ms
ptxas info    : Compiling entry function '_Z14fc2_w3x_kernelILi54ELi8ELi24EEv14CUtensorMap_stS0_S0_PK13__nv_bfloat16PS1_PmS5_S5_S5_S5_' for 'sm_100a'
ptxas info    : Function properties for _Z14fc2_w3x_kernelILi54ELi8ELi24EEv14CUtensorMap_stS0_S0_PK13__nv_bfloat16PS1_PmS5_S5_S5_S5_
    0 bytes stack frame, 0 bytes spill stores, 0 bytes spill loads
ptxas info    : Used 66 registers, used 1 barriers
ptxas info    : Compile time = 134.374 ms
ptxas info    : Compiling entry function '_Z14fc2_w3x_kernelILi54ELi8ELi16EEv14CUtensorMap_stS0_S0_PK13__nv_bfloat16PS1_PmS5_S5_S5_S5_' for 'sm_100a'
ptxas info    : Function properties for _Z14fc2_w3x_kernelILi54ELi8ELi16EEv14CUtensorMap_stS0_S0_PK13__nv_bfloat16PS1_PmS5_S5_S5_S5_
    0 bytes stack frame, 0 bytes spill stores, 0 bytes spill loads
ptxas info    : Used 66 registers, used 1 barriers
ptxas info    : Compile time = 135.748 ms
ptxas info    : Compiling entry function '_Z14fc2_w3x_kernelILi54ELi8ELi12EEv14CUtensorMap_stS0_S0_PK13__nv_bfloat16PS1_PmS5_S5_S5_S5_' for 'sm_100a'
ptxas info    : Function properties for _Z14fc2_w3x_kernelILi54ELi8ELi12EEv14CUtensorMap_stS0_S0_PK13__nv_bfloat16PS1_PmS5_S5_S5_S5_
    0 bytes stack frame, 0 bytes spill stores, 0 bytes spill loads
ptxas info    : Used 66 registers, used 1 barriers
ptxas info    : Compile time = 135.576 ms
ptxas info    : Compiling entry function '_Z14fc2_w3x_kernelILi54ELi8ELi8EEv14CUtensorMap_stS0_S0_PK13__nv_bfloat16PS1_PmS5_S5_S5_S5_' for 'sm_100a'
ptxas info    : Function properties for _Z14fc2_w3x_kernelILi54ELi8ELi8EEv14CUtensorMap_stS0_S0_PK13__nv_bfloat16PS1_PmS5_S5_S5_S5_
    0 bytes stack frame, 0 bytes spill stores, 0 bytes spill loads
ptxas info    : Used 66 registers, used 1 barriers
ptxas info    : Compile time = 135.544 ms
ptxas info    : Compiling entry function '_Z14fc2_w3x_kernelILi54ELi8ELi4EEv14CUtensorMap_stS0_S0_PK13__nv_bfloat16PS1_PmS5_S5_S5_S5_' for 'sm_100a'
ptxas info    : Function properties for _Z14fc2_w3x_kernelILi54ELi8ELi4EEv14CUtensorMap_stS0_S0_PK13__nv_bfloat16PS1_PmS5_S5_S5_S5_
    0 bytes stack frame, 0 bytes spill stores, 0 bytes spill loads
ptxas info    : Used 66 registers, used 1 barriers
ptxas info    : Compile time = 133.984 ms
ptxas info    : Compiling entry function '_Z14fc2_w3x_kernelILi54ELi8ELi0EEv14CUtensorMap_stS0_S0_PK13__nv_bfloat16PS1_PmS5_S5_S5_S5_' for 'sm_100a'
ptxas info    : Function properties for _Z14fc2_w3x_kernelILi54ELi8ELi0EEv14CUtensorMap_stS0_S0_PK13__nv_bfloat16PS1_PmS5_S5_S5_S5_
    0 bytes stack frame, 0 bytes spill stores, 0 bytes spill loads
ptxas info    : Used 66 registers, used 1 barriers
ptxas info    : Compile time = 134.722 ms
ptxas info    : Compiling entry function '_Z14fc2_w3x_kernelILi99ELi8ELi20EEv14CUtensorMap_stS0_S0_PK13__nv_bfloat16PS1_PmS5_S5_S5_S5_' for 'sm_100a'
ptxas info    : Function properties for _Z14fc2_w3x_kernelILi99ELi8ELi20EEv14CUtensorMap_stS0_S0_PK13__nv_bfloat16PS1_PmS5_S5_S5_S5_
    0 bytes stack frame, 0 bytes spill stores, 0 bytes spill loads
ptxas info    : Used 66 registers, used 1 barriers
ptxas info    : Compile time = 135.142 ms
ptxas info    : Compiling entry function '_Z14fc2_w3x_kernelILi98ELi8ELi20EEv14CUtensorMap_stS0_S0_PK13__nv_bfloat16PS1_PmS5_S5_S5_S5_' for 'sm_100a'
ptxas info    : Function properties for _Z14fc2_w3x_kernelILi98ELi8ELi20EEv14CUtensorMap_stS0_S0_PK13__nv_bfloat16PS1_PmS5_S5_S5_S5_
    0 bytes stack frame, 0 bytes spill stores, 0 bytes spill loads
ptxas info    : Used 66 registers, used 1 barriers
ptxas info    : Compile time = 135.555 ms
ptxas info    : Compiling entry function '_Z14fc2_w3x_kernelILi97ELi8ELi20EEv14CUtensorMap_stS0_S0_PK13__nv_bfloat16PS1_PmS5_S5_S5_S5_' for 'sm_100a'
ptxas info    : Function properties for _Z14fc2_w3x_kernelILi97ELi8ELi20EEv14CUtensorMap_stS0_S0_PK13__nv_bfloat16PS1_PmS5_S5_S5_S5_
    0 bytes stack frame, 0 bytes spill stores, 0 bytes spill loads
ptxas info    : Used 66 registers, used 1 barriers
ptxas info    : Compile time = 134.936 ms
ptxas info    : Compiling entry function '_Z14fc2_w3x_kernelILi96ELi8ELi20EEv14CUtensorMap_stS0_S0_PK13__nv_bfloat16PS1_PmS5_S5_S5_S5_' for 'sm_100a'
ptxas info    : Function properties for _Z14fc2_w3x_kernelILi96ELi8ELi20EEv14CUtensorMap_stS0_S0_PK13__nv_bfloat16PS1_PmS5_S5_S5_S5_
    0 bytes stack frame, 0 bytes spill stores, 0 bytes spill loads
ptxas info    : Used 66 registers, used 1 barriers
ptxas info    : Compile time = 135.676 ms
ptxas info    : Compiling entry function '_Z14fc2_w3x_kernelILi95ELi8ELi20EEv14CUtensorMap_stS0_S0_PK13__nv_bfloat16PS1_PmS5_S5_S5_S5_' for 'sm_100a'
ptxas info    : Function properties for _Z14fc2_w3x_kernelILi95ELi8ELi20EEv14CUtensorMap_stS0_S0_PK13__nv_bfloat16PS1_PmS5_S5_S5_S5_
    0 bytes stack frame, 0 bytes spill stores, 0 bytes spill loads
ptxas info    : Used 66 registers, used 1 barriers
ptxas info    : Compile time = 135.534 ms
ptxas info    : Compiling entry function '_Z14fc2_w3x_kernelILi94ELi8ELi20EEv14CUtensorMap_stS0_S0_PK13__nv_bfloat16PS1_PmS5_S5_S5_S5_' for 'sm_100a'
ptxas info    : Function properties for _Z14fc2_w3x_kernelILi94ELi8ELi20EEv14CUtensorMap_stS0_S0_PK13__nv_bfloat16PS1_PmS5_S5_S5_S5_
    0 bytes stack frame, 0 bytes spill stores, 0 bytes spill loads
ptxas info    : Used 66 registers, used 1 barriers
ptxas info    : Compile time = 135.738 ms
ptxas info    : Compiling entry function '_Z14fc2_w3x_kernelILi93ELi8ELi20EEv14CUtensorMap_stS0_S0_PK13__nv_bfloat16PS1_PmS5_S5_S5_S5_' for 'sm_100a'
ptxas info    : Function properties for _Z14fc2_w3x_kernelILi93ELi8ELi20EEv14CUtensorMap_stS0_S0_PK13__nv_bfloat16PS1_PmS5_S5_S5_S5_
    0 bytes stack frame, 0 bytes spill stores, 0 bytes spill loads
ptxas info    : Used 66 registers, used 1 barriers
ptxas info    : Compile time = 135.488 ms
ptxas info    : Compiling entry function '_Z14fc2_w3x_kernelILi92ELi8ELi20EEv14CUtensorMap_stS0_S0_PK13__nv_bfloat16PS1_PmS5_S5_S5_S5_' for 'sm_100a'
ptxas info    : Function properties for _Z14fc2_w3x_kernelILi92ELi8ELi20EEv14CUtensorMap_stS0_S0_PK13__nv_bfloat16PS1_PmS5_S5_S5_S5_
    0 bytes stack frame, 0 bytes spill stores, 0 bytes spill loads
ptxas info    : Used 66 registers, used 1 barriers
ptxas info    : Compile time = 135.981 ms
ptxas info    : Compiling entry function '_Z14fc2_w3x_kernelILi91ELi8ELi20EEv14CUtensorMap_stS0_S0_PK13__nv_bfloat16PS1_PmS5_S5_S5_S5_' for 'sm_100a'
ptxas info    : Function properties for _Z14fc2_w3x_kernelILi91ELi8ELi20EEv14CUtensorMap_stS0_S0_PK13__nv_bfloat16PS1_PmS5_S5_S5_S5_
    0 bytes stack frame, 0 bytes spill stores, 0 bytes spill loads
ptxas info    : Used 66 registers, used 1 barriers
ptxas info    : Compile time = 135.375 ms
ptxas info    : Compiling entry function '_Z14fc2_w3x_kernelILi90ELi8ELi20EEv14CUtensorMap_stS0_S0_PK13__nv_bfloat16PS1_PmS5_S5_S5_S5_' for 'sm_100a'
ptxas info    : Function properties for _Z14fc2_w3x_kernelILi90ELi8ELi20EEv14CUtensorMap_stS0_S0_PK13__nv_bfloat16PS1_PmS5_S5_S5_S5_
    0 bytes stack frame, 0 bytes spill stores, 0 bytes spill loads
ptxas info    : Used 66 registers, used 1 barriers
ptxas info    : Compile time = 135.739 ms
ptxas info    : Compiling entry function '_Z14fc2_w3x_kernelILi89ELi8ELi20EEv14CUtensorMap_stS0_S0_PK13__nv_bfloat16PS1_PmS5_S5_S5_S5_' for 'sm_100a'
ptxas info    : Function properties for _Z14fc2_w3x_kernelILi89ELi8ELi20EEv14CUtensorMap_stS0_S0_PK13__nv_bfloat16PS1_PmS5_S5_S5_S5_
    0 bytes stack frame, 0 bytes spill stores, 0 bytes spill loads
ptxas info    : Used 66 registers, used 1 barriers
ptxas info    : Compile time = 135.606 ms
ptxas info    : Compiling entry function '_Z14fc2_w3x_kernelILi88ELi8ELi20EEv14CUtensorMap_stS0_S0_PK13__nv_bfloat16PS1_PmS5_S5_S5_S5_' for 'sm_100a'
ptxas info    : Function properties for _Z14fc2_w3x_kernelILi88ELi8ELi20EEv14CUtensorMap_stS0_S0_PK13__nv_bfloat16PS1_PmS5_S5_S5_S5_
    0 bytes stack frame, 0 bytes spill stores, 0 bytes spill loads
ptxas info    : Used 66 registers, used 1 barriers
ptxas info    : Compile time = 135.547 ms
ptxas info    : Compiling entry function '_Z14fc2_w3x_kernelILi87ELi8ELi20EEv14CUtensorMap_stS0_S0_PK13__nv_bfloat16PS1_PmS5_S5_S5_S5_' for 'sm_100a'
ptxas info    : Function properties for _Z14fc2_w3x_kernelILi87ELi8ELi20EEv14CUtensorMap_stS0_S0_PK13__nv_bfloat16PS1_PmS5_S5_S5_S5_
    0 bytes stack frame, 0 bytes spill stores, 0 bytes spill loads
ptxas info    : Used 66 registers, used 1 barriers
ptxas info    : Compile time = 134.116 ms
ptxas info    : Compiling entry function '_Z14fc2_w3x_kernelILi86ELi8ELi20EEv14CUtensorMap_stS0_S0_PK13__nv_bfloat16PS1_PmS5_S5_S5_S5_' for 'sm_100a'
ptxas info    : Function properties for _Z14fc2_w3x_kernelILi86ELi8ELi20EEv14CUtensorMap_stS0_S0_PK13__nv_bfloat16PS1_PmS5_S5_S5_S5_
    0 bytes stack frame, 0 bytes spill stores, 0 bytes spill loads
ptxas info    : Used 66 registers, used 1 barriers
ptxas info    : Compile time = 135.516 ms
ptxas info    : Compiling entry function '_Z14fc2_w3x_kernelILi85ELi8ELi20EEv14CUtensorMap_stS0_S0_PK13__nv_bfloat16PS1_PmS5_S5_S5_S5_' for 'sm_100a'
ptxas info    : Function properties for _Z14fc2_w3x_kernelILi85ELi8ELi20EEv14CUtensorMap_stS0_S0_PK13__nv_bfloat16PS1_PmS5_S5_S5_S5_
    0 bytes stack frame, 0 bytes spill stores, 0 bytes spill loads
ptxas info    : Used 66 registers, used 1 barriers
ptxas info    : Compile time = 135.695 ms
ptxas info    : Compiling entry function '_Z14fc2_w3x_kernelILi84ELi8ELi20EEv14CUtensorMap_stS0_S0_PK13__nv_bfloat16PS1_PmS5_S5_S5_S5_' for 'sm_100a'
ptxas info    : Function properties for _Z14fc2_w3x_kernelILi84ELi8ELi20EEv14CUtensorMap_stS0_S0_PK13__nv_bfloat16PS1_PmS5_S5_S5_S5_
    0 bytes stack frame, 0 bytes spill stores, 0 bytes spill loads
ptxas info    : Used 66 registers, used 1 barriers
ptxas info    : Compile time = 135.367 ms
ptxas info    : Compiling entry function '_Z14fc2_w3x_kernelILi83ELi8ELi20EEv14CUtensorMap_stS0_S0_PK13__nv_bfloat16PS1_PmS5_S5_S5_S5_' for 'sm_100a'
ptxas info    : Function properties for _Z14fc2_w3x_kernelILi83ELi8ELi20EEv14CUtensorMap_stS0_S0_PK13__nv_bfloat16PS1_PmS5_S5_S5_S5_
    0 bytes stack frame, 0 bytes spill stores, 0 bytes spill loads
ptxas info    : Used 66 registers, used 1 barriers
ptxas info    : Compile time = 135.401 ms
ptxas info    : Compiling entry function '_Z14fc2_w3x_kernelILi82ELi8ELi20EEv14CUtensorMap_stS0_S0_PK13__nv_bfloat16PS1_PmS5_S5_S5_S5_' for 'sm_100a'
ptxas info    : Function properties for _Z14fc2_w3x_kernelILi82ELi8ELi20EEv14CUtensorMap_stS0_S0_PK13__nv_bfloat16PS1_PmS5_S5_S5_S5_
    0 bytes stack frame, 0 bytes spill stores, 0 bytes spill loads
ptxas info    : Used 66 registers, used 1 barriers
ptxas info    : Compile time = 134.344 ms
ptxas info    : Compiling entry function '_Z14fc2_w3x_kernelILi81ELi8ELi20EEv14CUtensorMap_stS0_S0_PK13__nv_bfloat16PS1_PmS5_S5_S5_S5_' for 'sm_100a'
ptxas info    : Function properties for _Z14fc2_w3x_kernelILi81ELi8ELi20EEv14CUtensorMap_stS0_S0_PK13__nv_bfloat16PS1_PmS5_S5_S5_S5_
    0 bytes stack frame, 0 bytes spill stores, 0 bytes spill loads
ptxas info    : Used 66 registers, used 1 barriers
ptxas info    : Compile time = 134.865 ms
ptxas info    : Compiling entry function '_Z14fc2_w3x_kernelILi80ELi8ELi20EEv14CUtensorMap_stS0_S0_PK13__nv_bfloat16PS1_PmS5_S5_S5_S5_' for 'sm_100a'
ptxas info    : Function properties for _Z14fc2_w3x_kernelILi80ELi8ELi20EEv14CUtensorMap_stS0_S0_PK13__nv_bfloat16PS1_PmS5_S5_S5_S5_
    0 bytes stack frame, 0 bytes spill stores, 0 bytes spill loads
ptxas info    : Used 66 registers, used 1 barriers
ptxas info    : Compile time = 134.650 ms
ptxas info    : Compiling entry function '_Z14fc2_w3x_kernelILi58ELi8ELi20EEv14CUtensorMap_stS0_S0_PK13__nv_bfloat16PS1_PmS5_S5_S5_S5_' for 'sm_100a'
ptxas info    : Function properties for _Z14fc2_w3x_kernelILi58ELi8ELi20EEv14CUtensorMap_stS0_S0_PK13__nv_bfloat16PS1_PmS5_S5_S5_S5_
    0 bytes stack frame, 0 bytes spill stores, 0 bytes spill loads
ptxas info    : Used 66 registers, used 1 barriers
ptxas info    : Compile time = 134.831 ms
ptxas info    : Compiling entry function '_Z14fc2_w3x_kernelILi57ELi8ELi20EEv14CUtensorMap_stS0_S0_PK13__nv_bfloat16PS1_PmS5_S5_S5_S5_' for 'sm_100a'
ptxas info    : Function properties for _Z14fc2_w3x_kernelILi57ELi8ELi20EEv14CUtensorMap_stS0_S0_PK13__nv_bfloat16PS1_PmS5_S5_S5_S5_
    0 bytes stack frame, 0 bytes spill stores, 0 bytes spill loads
ptxas info    : Used 66 registers, used 1 barriers
ptxas info    : Compile time = 136.172 ms
ptxas info    : Compiling entry function '_Z14fc2_w3x_kernelILi56ELi8ELi20EEv14CUtensorMap_stS0_S0_PK13__nv_bfloat16PS1_PmS5_S5_S5_S5_' for 'sm_100a'
ptxas info    : Function properties for _Z14fc2_w3x_kernelILi56ELi8ELi20EEv14CUtensorMap_stS0_S0_PK13__nv_bfloat16PS1_PmS5_S5_S5_S5_
    0 bytes stack frame, 0 bytes spill stores, 0 bytes spill loads
ptxas info    : Used 66 registers, used 1 barriers
ptxas info    : Compile time = 136.626 ms
ptxas info    : Compiling entry function '_Z14fc2_w3x_kernelILi55ELi8ELi20EEv14CUtensorMap_stS0_S0_PK13__nv_bfloat16PS1_PmS5_S5_S5_S5_' for 'sm_100a'
ptxas info    : Function properties for _Z14fc2_w3x_kernelILi55ELi8ELi20EEv14CUtensorMap_stS0_S0_PK13__nv_bfloat16PS1_PmS5_S5_S5_S5_
    0 bytes stack frame, 0 bytes spill stores, 0 bytes spill loads
ptxas info    : Used 66 registers, used 1 barriers
ptxas info    : Compile time = 134.634 ms
ptxas info    : Compiling entry function '_Z14fc2_w3x_kernelILi54ELi8ELi20EEv14CUtensorMap_stS0_S0_PK13__nv_bfloat16PS1_PmS5_S5_S5_S5_' for 'sm_100a'
ptxas info    : Function properties for _Z14fc2_w3x_kernelILi54ELi8ELi20EEv14CUtensorMap_stS0_S0_PK13__nv_bfloat16PS1_PmS5_S5_S5_S5_
    0 bytes stack frame, 0 bytes spill stores, 0 bytes spill loads
ptxas info    : Used 66 registers, used 1 barriers
ptxas info    : Compile time = 135.958 ms
ptxas info    : Compiling entry function '_Z14fc2_w3x_kernelILi53ELi8ELi20EEv14CUtensorMap_stS0_S0_PK13__nv_bfloat16PS1_PmS5_S5_S5_S5_' for 'sm_100a'
ptxas info    : Function properties for _Z14fc2_w3x_kernelILi53ELi8ELi20EEv14CUtensorMap_stS0_S0_PK13__nv_bfloat16PS1_PmS5_S5_S5_S5_
    0 bytes stack frame, 0 bytes spill stores, 0 bytes spill loads
ptxas info    : Used 66 registers, used 1 barriers
ptxas info    : Compile time = 135.138 ms
ptxas info    : Compiling entry function '_Z14fc2_w3x_kernelILi52ELi8ELi20EEv14CUtensorMap_stS0_S0_PK13__nv_bfloat16PS1_PmS5_S5_S5_S5_' for 'sm_100a'
ptxas info    : Function properties for _Z14fc2_w3x_kernelILi52ELi8ELi20EEv14CUtensorMap_stS0_S0_PK13__nv_bfloat16PS1_PmS5_S5_S5_S5_
    0 bytes stack frame, 0 bytes spill stores, 0 bytes spill loads
ptxas info    : Used 66 registers, used 1 barriers
ptxas info    : Compile time = 136.214 ms
ptxas info    : Compiling entry function '_Z14fc2_w3x_kernelILi51ELi8ELi20EEv14CUtensorMap_stS0_S0_PK13__nv_bfloat16PS1_PmS5_S5_S5_S5_' for 'sm_100a'
ptxas info    : Function properties for _Z14fc2_w3x_kernelILi51ELi8ELi20EEv14CUtensorMap_stS0_S0_PK13__nv_bfloat16PS1_PmS5_S5_S5_S5_
    0 bytes stack frame, 0 bytes spill stores, 0 bytes spill loads
ptxas info    : Used 66 registers, used 1 barriers
ptxas info    : Compile time = 137.643 ms
ptxas info    : Compiling entry function '_Z14fc2_w3x_kernelILi50ELi8ELi20EEv14CUtensorMap_stS0_S0_PK13__nv_bfloat16PS1_PmS5_S5_S5_S5_' for 'sm_100a'
ptxas info    : Function properties for _Z14fc2_w3x_kernelILi50ELi8ELi20EEv14CUtensorMap_stS0_S0_PK13__nv_bfloat16PS1_PmS5_S5_S5_S5_
    0 bytes stack frame, 0 bytes spill stores, 0 bytes spill loads
ptxas info    : Used 66 registers, used 1 barriers
ptxas info    : Compile time = 135.643 ms
ptxas info    : Compiling entry function '_Z14fc2_w3x_kernelILi49ELi8ELi20EEv14CUtensorMap_stS0_S0_PK13__nv_bfloat16PS1_PmS5_S5_S5_S5_' for 'sm_100a'
ptxas info    : Function properties for _Z14fc2_w3x_kernelILi49ELi8ELi20EEv14CUtensorMap_stS0_S0_PK13__nv_bfloat16PS1_PmS5_S5_S5_S5_
    0 bytes stack frame, 0 bytes spill stores, 0 bytes spill loads
ptxas info    : Used 66 registers, used 1 barriers
ptxas info    : Compile time = 135.986 ms
ptxas info    : Compiling entry function '_Z14fc2_w3x_kernelILi19ELi16ELi20EEv14CUtensorMap_stS0_S0_PK13__nv_bfloat16PS1_PmS5_S5_S5_S5_' for 'sm_100a'
ptxas info    : Function properties for _Z14fc2_w3x_kernelILi19ELi16ELi20EEv14CUtensorMap_stS0_S0_PK13__nv_bfloat16PS1_PmS5_S5_S5_S5_
    0 bytes stack frame, 0 bytes spill stores, 0 bytes spill loads
ptxas info    : Used 66 registers, used 1 barriers
ptxas info    : Compile time = 135.348 ms
ptxas info    : Compiling entry function '_Z14fc2_w3x_kernelILi19ELi4ELi20EEv14CUtensorMap_stS0_S0_PK13__nv_bfloat16PS1_PmS5_S5_S5_S5_' for 'sm_100a'
ptxas info    : Function properties for _Z14fc2_w3x_kernelILi19ELi4ELi20EEv14CUtensorMap_stS0_S0_PK13__nv_bfloat16PS1_PmS5_S5_S5_S5_
    0 bytes stack frame, 0 bytes spill stores, 0 bytes spill loads
ptxas info    : Used 66 registers, used 1 barriers
ptxas info    : Compile time = 134.440 ms
ptxas info    : Compiling entry function '_Z14fc2_w3x_kernelILi48ELi8ELi20EEv14CUtensorMap_stS0_S0_PK13__nv_bfloat16PS1_PmS5_S5_S5_S5_' for 'sm_100a'
ptxas info    : Function properties for _Z14fc2_w3x_kernelILi48ELi8ELi20EEv14CUtensorMap_stS0_S0_PK13__nv_bfloat16PS1_PmS5_S5_S5_S5_
    0 bytes stack frame, 0 bytes spill stores, 0 bytes spill loads
ptxas info    : Used 66 registers, used 1 barriers
ptxas info    : Compile time = 135.669 ms
ptxas info    : Compiling entry function '_Z14fc2_w3x_kernelILi47ELi8ELi20EEv14CUtensorMap_stS0_S0_PK13__nv_bfloat16PS1_PmS5_S5_S5_S5_' for 'sm_100a'
ptxas info    : Function properties for _Z14fc2_w3x_kernelILi47ELi8ELi20EEv14CUtensorMap_stS0_S0_PK13__nv_bfloat16PS1_PmS5_S5_S5_S5_
    0 bytes stack frame, 0 bytes spill stores, 0 bytes spill loads
ptxas info    : Used 66 registers, used 1 barriers
ptxas info    : Compile time = 136.433 ms
ptxas info    : Compiling entry function '_Z14fc2_w3x_kernelILi46ELi8ELi20EEv14CUtensorMap_stS0_S0_PK13__nv_bfloat16PS1_PmS5_S5_S5_S5_' for 'sm_100a'
ptxas info    : Function properties for _Z14fc2_w3x_kernelILi46ELi8ELi20EEv14CUtensorMap_stS0_S0_PK13__nv_bfloat16PS1_PmS5_S5_S5_S5_
    0 bytes stack frame, 0 bytes spill stores, 0 bytes spill loads
ptxas info    : Used 66 registers, used 1 barriers
ptxas info    : Compile time = 137.144 ms
ptxas info    : Compiling entry function '_Z14fc2_w3x_kernelILi45ELi8ELi20EEv14CUtensorMap_stS0_S0_PK13__nv_bfloat16PS1_PmS5_S5_S5_S5_' for 'sm_100a'
ptxas info    : Function properties for _Z14fc2_w3x_kernelILi45ELi8ELi20EEv14CUtensorMap_stS0_S0_PK13__nv_bfloat16PS1_PmS5_S5_S5_S5_
    0 bytes stack frame, 0 bytes spill stores, 0 bytes spill loads
ptxas info    : Used 66 registers, used 1 barriers
ptxas info    : Compile time = 136.567 ms
ptxas info    : Compiling entry function '_Z14fc2_w3x_kernelILi44ELi8ELi20EEv14CUtensorMap_stS0_S0_PK13__nv_bfloat16PS1_PmS5_S5_S5_S5_' for 'sm_100a'
ptxas info    : Function properties for _Z14fc2_w3x_kernelILi44ELi8ELi20EEv14CUtensorMap_stS0_S0_PK13__nv_bfloat16PS1_PmS5_S5_S5_S5_
    0 bytes stack frame, 0 bytes spill stores, 0 bytes spill loads
ptxas info    : Used 66 registers, used 1 barriers
ptxas info    : Compile time = 135.685 ms
ptxas info    : Compiling entry function '_Z14fc2_w3x_kernelILi43ELi8ELi20EEv14CUtensorMap_stS0_S0_PK13__nv_bfloat16PS1_PmS5_S5_S5_S5_' for 'sm_100a'
ptxas info    : Function properties for _Z14fc2_w3x_kernelILi43ELi8ELi20EEv14CUtensorMap_stS0_S0_PK13__nv_bfloat16PS1_PmS5_S5_S5_S5_
    0 bytes stack frame, 0 bytes spill stores, 0 bytes spill loads
ptxas info    : Used 66 registers, used 1 barriers
ptxas info    : Compile time = 135.263 ms
ptxas info    : Compiling entry function '_Z14fc2_w3x_kernelILi41ELi8ELi20EEv14CUtensorMap_stS0_S0_PK13__nv_bfloat16PS1_PmS5_S5_S5_S5_' for 'sm_100a'
ptxas info    : Function properties for _Z14fc2_w3x_kernelILi41ELi8ELi20EEv14CUtensorMap_stS0_S0_PK13__nv_bfloat16PS1_PmS5_S5_S5_S5_
    0 bytes stack frame, 0 bytes spill stores, 0 bytes spill loads
ptxas info    : Used 66 registers, used 1 barriers
ptxas info    : Compile time = 132.600 ms
ptxas info    : Compiling entry function '_Z14fc2_w3x_kernelILi40ELi8ELi20EEv14CUtensorMap_stS0_S0_PK13__nv_bfloat16PS1_PmS5_S5_S5_S5_' for 'sm_100a'
ptxas info    : Function properties for _Z14fc2_w3x_kernelILi40ELi8ELi20EEv14CUtensorMap_stS0_S0_PK13__nv_bfloat16PS1_PmS5_S5_S5_S5_
    0 bytes stack frame, 0 bytes spill stores, 0 bytes spill loads
ptxas info    : Used 66 registers, used 1 barriers
ptxas info    : Compile time = 133.165 ms
ptxas info    : Compiling entry function '_Z14fc2_w3x_kernelILi39ELi8ELi20EEv14CUtensorMap_stS0_S0_PK13__nv_bfloat16PS1_PmS5_S5_S5_S5_' for 'sm_100a'
ptxas info    : Function properties for _Z14fc2_w3x_kernelILi39ELi8ELi20EEv14CUtensorMap_stS0_S0_PK13__nv_bfloat16PS1_PmS5_S5_S5_S5_
    0 bytes stack frame, 0 bytes spill stores, 0 bytes spill loads
ptxas info    : Used 66 registers, used 1 barriers
ptxas info    : Compile time = 135.401 ms
ptxas info    : Compiling entry function '_Z14fc2_w3x_kernelILi38ELi8ELi20EEv14CUtensorMap_stS0_S0_PK13__nv_bfloat16PS1_PmS5_S5_S5_S5_' for 'sm_100a'
ptxas info    : Function properties for _Z14fc2_w3x_kernelILi38ELi8ELi20EEv14CUtensorMap_stS0_S0_PK13__nv_bfloat16PS1_PmS5_S5_S5_S5_
    0 bytes stack frame, 0 bytes spill stores, 0 bytes spill loads
ptxas info    : Used 66 registers, used 1 barriers
ptxas info    : Compile time = 136.342 ms
ptxas info    : Compiling entry function '_Z14fc2_w3x_kernelILi36ELi4ELi20EEv14CUtensorMap_stS0_S0_PK13__nv_bfloat16PS1_PmS5_S5_S5_S5_' for 'sm_100a'
ptxas info    : Function properties for _Z14fc2_w3x_kernelILi36ELi4ELi20EEv14CUtensorMap_stS0_S0_PK13__nv_bfloat16PS1_PmS5_S5_S5_S5_
    0 bytes stack frame, 0 bytes spill stores, 0 bytes spill loads
ptxas info    : Used 66 registers, used 1 barriers
ptxas info    : Compile time = 135.208 ms
ptxas info    : Compiling entry function '_Z14fc2_w3x_kernelILi35ELi4ELi20EEv14CUtensorMap_stS0_S0_PK13__nv_bfloat16PS1_PmS5_S5_S5_S5_' for 'sm_100a'
ptxas info    : Function properties for _Z14fc2_w3x_kernelILi35ELi4ELi20EEv14CUtensorMap_stS0_S0_PK13__nv_bfloat16PS1_PmS5_S5_S5_S5_
    0 bytes stack frame, 0 bytes spill stores, 0 bytes spill loads
ptxas info    : Used 66 registers, used 1 barriers
ptxas info    : Compile time = 135.733 ms
ptxas info    : Compiling entry function '_Z14fc2_w3x_kernelILi34ELi8ELi20EEv14CUtensorMap_stS0_S0_PK13__nv_bfloat16PS1_PmS5_S5_S5_S5_' for 'sm_100a'
ptxas info    : Function properties for _Z14fc2_w3x_kernelILi34ELi8ELi20EEv14CUtensorMap_stS0_S0_PK13__nv_bfloat16PS1_PmS5_S5_S5_S5_
    0 bytes stack frame, 0 bytes spill stores, 0 bytes spill loads
ptxas info    : Used 66 registers, used 1 barriers
ptxas info    : Compile time = 134.646 ms
ptxas info    : Compiling entry function '_Z14fc2_w3x_kernelILi33ELi8ELi20EEv14CUtensorMap_stS0_S0_PK13__nv_bfloat16PS1_PmS5_S5_S5_S5_' for 'sm_100a'
ptxas info    : Function properties for _Z14fc2_w3x_kernelILi33ELi8ELi20EEv14CUtensorMap_stS0_S0_PK13__nv_bfloat16PS1_PmS5_S5_S5_S5_
    0 bytes stack frame, 0 bytes spill stores, 0 bytes spill loads
ptxas info    : Used 66 registers, used 1 barriers
ptxas info    : Compile time = 135.043 ms
ptxas info    : Compiling entry function '_Z14fc2_w3x_kernelILi19ELi8ELi20EEv14CUtensorMap_stS0_S0_PK13__nv_bfloat16PS1_PmS5_S5_S5_S5_' for 'sm_100a'
ptxas info    : Function properties for _Z14fc2_w3x_kernelILi19ELi8ELi20EEv14CUtensorMap_stS0_S0_PK13__nv_bfloat16PS1_PmS5_S5_S5_S5_
    0 bytes stack frame, 0 bytes spill stores, 0 bytes spill loads
ptxas info    : Used 66 registers, used 1 barriers
ptxas info    : Compile time = 134.222 ms
ptxas info    : Compiling entry function '_Z14fc2_w3x_kernelILi18ELi8ELi20EEv14CUtensorMap_stS0_S0_PK13__nv_bfloat16PS1_PmS5_S5_S5_S5_' for 'sm_100a'
ptxas info    : Function properties for _Z14fc2_w3x_kernelILi18ELi8ELi20EEv14CUtensorMap_stS0_S0_PK13__nv_bfloat16PS1_PmS5_S5_S5_S5_
    0 bytes stack frame, 0 bytes spill stores, 0 bytes spill loads
ptxas info    : Used 66 registers, used 1 barriers
ptxas info    : Compile time = 135.389 ms
ptxas info    : Compiling entry function '_Z14fc2_w3x_kernelILi13ELi8ELi20EEv14CUtensorMap_stS0_S0_PK13__nv_bfloat16PS1_PmS5_S5_S5_S5_' for 'sm_100a'
ptxas info    : Function properties for _Z14fc2_w3x_kernelILi13ELi8ELi20EEv14CUtensorMap_stS0_S0_PK13__nv_bfloat16PS1_PmS5_S5_S5_S5_
    0 bytes stack frame, 0 bytes spill stores, 0 bytes spill loads
ptxas info    : Used 66 registers, used 1 barriers
ptxas info    : Compile time = 132.208 ms
ptxas info    : Compiling entry function '_Z14fc2_w3x_kernelILi11ELi8ELi20EEv14CUtensorMap_stS0_S0_PK13__nv_bfloat16PS1_PmS5_S5_S5_S5_' for 'sm_100a'
ptxas info    : Function properties for _Z14fc2_w3x_kernelILi11ELi8ELi20EEv14CUtensorMap_stS0_S0_PK13__nv_bfloat16PS1_PmS5_S5_S5_S5_
    0 bytes stack frame, 0 bytes spill stores, 0 bytes spill loads
ptxas info    : Used 66 registers, used 1 barriers
ptxas info    : Compile time = 132.799 ms
ptxas info    : Compiling entry function '_Z14fc2_w3x_kernelILi0ELi32ELi20EEv14CUtensorMap_stS0_S0_PK13__nv_bfloat16PS1_PmS5_S5_S5_S5_' for 'sm_100a'
ptxas info    : Function properties for _Z14fc2_w3x_kernelILi0ELi32ELi20EEv14CUtensorMap_stS0_S0_PK13__nv_bfloat16PS1_PmS5_S5_S5_S5_
    0 bytes stack frame, 0 bytes spill stores, 0 bytes spill loads
ptxas info    : Used 66 registers, used 1 barriers
ptxas info    : Compile time = 135.051 ms
ptxas info    : Compiling entry function '_Z14fc2_w3x_kernelILi0ELi16ELi20EEv14CUtensorMap_stS0_S0_PK13__nv_bfloat16PS1_PmS5_S5_S5_S5_' for 'sm_100a'
ptxas info    : Function properties for _Z14fc2_w3x_kernelILi0ELi16ELi20EEv14CUtensorMap_stS0_S0_PK13__nv_bfloat16PS1_PmS5_S5_S5_S5_
    0 bytes stack frame, 0 bytes spill stores, 0 bytes spill loads
ptxas info    : Used 66 registers, used 1 barriers
ptxas info    : Compile time = 135.321 ms
ptxas info    : Compiling entry function '_Z14fc2_w3x_kernelILi0ELi4ELi20EEv14CUtensorMap_stS0_S0_PK13__nv_bfloat16PS1_PmS5_S5_S5_S5_' for 'sm_100a'
ptxas info    : Function properties for _Z14fc2_w3x_kernelILi0ELi4ELi20EEv14CUtensorMap_stS0_S0_PK13__nv_bfloat16PS1_PmS5_S5_S5_S5_
    0 bytes stack frame, 0 bytes spill stores, 0 bytes spill loads
ptxas info    : Used 66 registers, used 1 barriers
ptxas info    : Compile time = 135.147 ms
ptxas info    : Compiling entry function '_Z14fc2_w3x_kernelILi0ELi2ELi20EEv14CUtensorMap_stS0_S0_PK13__nv_bfloat16PS1_PmS5_S5_S5_S5_' for 'sm_100a'
ptxas info    : Function properties for _Z14fc2_w3x_kernelILi0ELi2ELi20EEv14CUtensorMap_stS0_S0_PK13__nv_bfloat16PS1_PmS5_S5_S5_S5_
    0 bytes stack frame, 0 bytes spill stores, 0 bytes spill loads
ptxas info    : Used 66 registers, used 1 barriers
ptxas info    : Compile time = 132.705 ms
ptxas info    : Compiling entry function '_Z14fc2_w3x_kernelILi0ELi8ELi20EEv14CUtensorMap_stS0_S0_PK13__nv_bfloat16PS1_PmS5_S5_S5_S5_' for 'sm_100a'
ptxas info    : Function properties for _Z14fc2_w3x_kernelILi0ELi8ELi20EEv14CUtensorMap_stS0_S0_PK13__nv_bfloat16PS1_PmS5_S5_S5_S5_
    0 bytes stack frame, 0 bytes spill stores, 0 bytes spill loads
ptxas info    : Used 66 registers, used 1 barriers
ptxas info    : Compile time = 135.680 ms
--- rep 1/3 ec=0
FC2 W3X kernel — 6-warp bias-only rank-1-shaped persistent
  [928256,8192] x [512,8192]^T  NS=6  THREADS=192  SMEM=214656 B  (cap 228KB)
  Alloc + init + pack done
  TMA + func attr done (SMEM=214656 B)  variant=default TD=0 DGG=8
Warmup (2 iters)...
Timing 1 reps × 10 iters/rep × 1 variant ...
@@SAMPLE rep=1 ms=1.83884 cyc=3383796 cyc_min=3378356 cyc_p50=3382733 cyc_p95=3383628 cyc_max=3383796
@@STATS reps=1 mean=1.83884 std=0.00000 min=1.83884 p25=1.83884 p50=1.83884 p75=1.83884 max=1.83884 iqr=0.00000
FC2-W3X kernel: 1.839 ms  4234.61 TFLOPS
PASS  errors=0/32
@@RESULT ms=1.8388 tflops=4234.61 checksum=0.000000 valid=1 c0=12288.0
--- rep 2/3 ec=0
FC2 W3X kernel — 6-warp bias-only rank-1-shaped persistent
  [928256,8192] x [512,8192]^T  NS=6  THREADS=192  SMEM=214656 B  (cap 228KB)
  Alloc + init + pack done
  TMA + func attr done (SMEM=214656 B)  variant=default TD=0 DGG=8
Warmup (2 iters)...
Timing 1 reps × 10 iters/rep × 1 variant ...
@@SAMPLE rep=1 ms=1.83922 cyc=3384814 cyc_min=3378850 cyc_p50=3383393 cyc_p95=3384406 cyc_max=3384814
@@STATS reps=1 mean=1.83922 std=0.00000 min=1.83922 p25=1.83922 p50=1.83922 p75=1.83922 max=1.83922 iqr=0.00000
FC2-W3X kernel: 1.839 ms  4233.74 TFLOPS
PASS  errors=0/32
@@RESULT ms=1.8392 tflops=4233.74 checksum=0.000000 valid=1 c0=12288.0
--- rep 3/3 ec=0
FC2 W3X kernel — 6-warp bias-only rank-1-shaped persistent
  [928256,8192] x [512,8192]^T  NS=6  THREADS=192  SMEM=214656 B  (cap 228KB)
  Alloc + init + pack done
  TMA + func attr done (SMEM=214656 B)  variant=default TD=0 DGG=8
Warmup (2 iters)...
Timing 1 reps × 10 iters/rep × 1 variant ...
@@SAMPLE rep=1 ms=1.83904 cyc=3384172 cyc_min=3378951 cyc_p50=3383162 cyc_p95=3383812 cyc_max=3384172
@@STATS reps=1 mean=1.83904 std=0.00000 min=1.83904 p25=1.83904 p50=1.83904 p75=1.83904 max=1.83904 iqr=0.00000
FC2-W3X kernel: 1.839 ms  4234.15 TFLOPS
PASS  errors=0/32
@@RESULT ms=1.8390 tflops=4234.15 checksum=0.000000 valid=1 c0=12288.0
--- cublas epi=3 rep 1/1 ec=0
### CUBLASLT INTROSPECT M=928256 N=512 K=8192 epi=bias_only
### Heuristics returned: 8

# TSV
rank	heur	ms	cyc	algoId	tile	stages	cluster	inner	splitk	redux	swizzle	custom	waves	ws_MB
1	0	1.9363	3573096	66	23	36	3	-1	1	0	0	1	98.00	0.0
2	3	1.9414	3579994	66	32	36	3	-1	1	0	0	1	130.68	0.0
3	2	1.9526	3602577	66	513	36	3	-1	1	0	0	1	49.00	0.0
4	4	1.9579	3576214	66	201	36	5	-1	1	0	0	2	147.00	0.0
5	5	1.9933	3641206	66	29	36	3	-1	1	0	0	1	156.81	0.0
6	7	2.0490	3780069	66	232	36	3	-1	1	0	0	1	65.34	0.0
7	1	2.2913	4228669	66	24	36	6	-1	1	0	0	3	98.00	0.0
8	6	2.7830	5060446	66	495	36	5	-1	1	0	0	3	130.68	0.0

# Top-3 caps:

## rank=1  algoId=66  tile=23  stages=36  cluster=3  inner=-1  ms=1.9363
    CUBLASLT_ALGO_CAP_REDUCTION_SCHEME_MASK      = 2
    CUBLASLT_ALGO_CAP_CTA_SWIZZLING_SUPPORT      = 0
    CUBLASLT_ALGO_CAP_STRIDED_BATCH_SUPPORT      = 1
    CUBLASLT_ALGO_CAP_OUT_OF_PLACE_RESULT_SUPPORT = 1
    CUBLASLT_ALGO_CAP_CUSTOM_OPTION_MAX          = 7
    CUBLASLT_ALGO_CAP_POINTER_MODE_MASK          = 3
    CUBLASLT_ALGO_CAP_EPILOGUE_MASK              = 1023
    CUBLASLT_ALGO_CAP_TILE_IDS                   = --  (status=7 wrote=0)
    CUBLASLT_ALGO_CAP_STAGES_IDS                 = [36] (n=1, elem=4B)
    CUBLASLT_ALGO_CONFIG_CLUSTER_SHAPE_ID sz=2 → status=0 wrote=2 val=3

## rank=2  algoId=66  tile=32  stages=36  cluster=3  inner=-1  ms=1.9414
    CUBLASLT_ALGO_CAP_REDUCTION_SCHEME_MASK      = 2
    CUBLASLT_ALGO_CAP_CTA_SWIZZLING_SUPPORT      = 0
    CUBLASLT_ALGO_CAP_STRIDED_BATCH_SUPPORT      = 1
    CUBLASLT_ALGO_CAP_OUT_OF_PLACE_RESULT_SUPPORT = 1
    CUBLASLT_ALGO_CAP_CUSTOM_OPTION_MAX          = 7
    CUBLASLT_ALGO_CAP_POINTER_MODE_MASK          = 3
    CUBLASLT_ALGO_CAP_EPILOGUE_MASK              = 1023
    CUBLASLT_ALGO_CAP_TILE_IDS                   = --  (status=7 wrote=0)
    CUBLASLT_ALGO_CAP_STAGES_IDS                 = [36] (n=1, elem=4B)
    CUBLASLT_ALGO_CONFIG_CLUSTER_SHAPE_ID sz=2 → status=0 wrote=2 val=3

## rank=3  algoId=66  tile=513  stages=36  cluster=3  inner=-1  ms=1.9526
    CUBLASLT_ALGO_CAP_REDUCTION_SCHEME_MASK      = 2
    CUBLASLT_ALGO_CAP_CTA_SWIZZLING_SUPPORT      = 0
    CUBLASLT_ALGO_CAP_STRIDED_BATCH_SUPPORT      = 1
    CUBLASLT_ALGO_CAP_OUT_OF_PLACE_RESULT_SUPPORT = 1
    CUBLASLT_ALGO_CAP_CUSTOM_OPTION_MAX          = 7
    CUBLASLT_ALGO_CAP_POINTER_MODE_MASK          = 3
    CUBLASLT_ALGO_CAP_EPILOGUE_MASK              = 1023
    CUBLASLT_ALGO_CAP_TILE_IDS                   = --  (status=7 wrote=0)
    CUBLASLT_ALGO_CAP_STAGES_IDS                 = [36] (n=1, elem=4B)
    CUBLASLT_ALGO_CONFIG_CLUSTER_SHAPE_ID sz=2 → status=0 wrote=2 val=3

# Winner:  rank=1  tile=23  stages=36  cluster=3  inner=-1  splitk=1  swizzle=0  ms=1.9363  cyc=3573096

@@RESULT ms=1.9363 cyc=3573096 tflops=4021.46 checksum=0.000000 valid=1 c0=0.0
--- cublas epi=0 rep 1/1 ec=0
### CUBLASLT INTROSPECT M=928256 N=512 K=8192 epi=none
### Heuristics returned: 8

# TSV
rank	heur	ms	cyc	algoId	tile	stages	cluster	inner	splitk	redux	swizzle	custom	waves	ws_MB
1	2	1.9206	3543891	66	513	36	3	-1	1	0	0	1	49.00	0.0
2	0	1.9307	3562611	66	23	36	3	-1	1	0	0	1	98.00	0.0
3	3	1.9322	3565251	66	32	36	3	-1	1	0	0	1	130.68	0.0
4	4	1.9581	3583303	66	201	36	5	-1	1	0	0	2	147.00	0.0
5	5	2.0184	3615166	66	29	36	3	-1	1	0	0	1	156.81	0.0
6	7	2.0419	3748767	66	232	36	3	-1	1	0	0	1	65.34	0.0
7	1	2.2873	4221450	66	24	36	6	-1	1	0	0	3	98.00	0.0
8	6	2.7964	4990837	66	495	36	5	-1	1	0	0	3	130.68	0.0

# Top-3 caps:

## rank=1  algoId=66  tile=513  stages=36  cluster=3  inner=-1  ms=1.9206
    CUBLASLT_ALGO_CAP_REDUCTION_SCHEME_MASK      = 2
    CUBLASLT_ALGO_CAP_CTA_SWIZZLING_SUPPORT      = 0
    CUBLASLT_ALGO_CAP_STRIDED_BATCH_SUPPORT      = 1
    CUBLASLT_ALGO_CAP_OUT_OF_PLACE_RESULT_SUPPORT = 1
    CUBLASLT_ALGO_CAP_CUSTOM_OPTION_MAX          = 7
    CUBLASLT_ALGO_CAP_POINTER_MODE_MASK          = 3
    CUBLASLT_ALGO_CAP_EPILOGUE_MASK              = 1023
    CUBLASLT_ALGO_CAP_TILE_IDS                   = --  (status=7 wrote=0)
    CUBLASLT_ALGO_CAP_STAGES_IDS                 = [36] (n=1, elem=4B)
    CUBLASLT_ALGO_CONFIG_CLUSTER_SHAPE_ID sz=2 → status=0 wrote=2 val=3

## rank=2  algoId=66  tile=23  stages=36  cluster=3  inner=-1  ms=1.9307
    CUBLASLT_ALGO_CAP_REDUCTION_SCHEME_MASK      = 2
    CUBLASLT_ALGO_CAP_CTA_SWIZZLING_SUPPORT      = 0
    CUBLASLT_ALGO_CAP_STRIDED_BATCH_SUPPORT      = 1
    CUBLASLT_ALGO_CAP_OUT_OF_PLACE_RESULT_SUPPORT = 1
    CUBLASLT_ALGO_CAP_CUSTOM_OPTION_MAX          = 7
    CUBLASLT_ALGO_CAP_POINTER_MODE_MASK          = 3
    CUBLASLT_ALGO_CAP_EPILOGUE_MASK              = 1023
    CUBLASLT_ALGO_CAP_TILE_IDS                   = --  (status=7 wrote=0)
    CUBLASLT_ALGO_CAP_STAGES_IDS                 = [36] (n=1, elem=4B)
    CUBLASLT_ALGO_CONFIG_CLUSTER_SHAPE_ID sz=2 → status=0 wrote=2 val=3

## rank=3  algoId=66  tile=32  stages=36  cluster=3  inner=-1  ms=1.9322
    CUBLASLT_ALGO_CAP_REDUCTION_SCHEME_MASK      = 2
    CUBLASLT_ALGO_CAP_CTA_SWIZZLING_SUPPORT      = 0
    CUBLASLT_ALGO_CAP_STRIDED_BATCH_SUPPORT      = 1
    CUBLASLT_ALGO_CAP_OUT_OF_PLACE_RESULT_SUPPORT = 1
    CUBLASLT_ALGO_CAP_CUSTOM_OPTION_MAX          = 7
    CUBLASLT_ALGO_CAP_POINTER_MODE_MASK          = 3
    CUBLASLT_ALGO_CAP_EPILOGUE_MASK              = 1023
    CUBLASLT_ALGO_CAP_TILE_IDS                   = --  (status=7 wrote=0)
    CUBLASLT_ALGO_CAP_STAGES_IDS                 = [36] (n=1, elem=4B)
    CUBLASLT_ALGO_CONFIG_CLUSTER_SHAPE_ID sz=2 → status=0 wrote=2 val=3

# Winner:  rank=1  tile=513  stages=36  cluster=3  inner=-1  splitk=1  swizzle=0  ms=1.9206  cyc=3543891

@@RESULT ms=1.9206 cyc=3543891 tflops=4054.32 checksum=0.000000 valid=1 c0=0.0

[build] N=1024 K=1024 M=928256 flags=['-DM_TOTAL=928256', '-DN_DIM=1024', '-DK_DIM=1024']
$ make -B fc2-w3x DFLAGS=-DM_TOTAL=928256 -DN_DIM=1024 -DK_DIM=1024
nvcc -gencode arch=compute_100a,code=sm_100a -O3 -std=c++17 -lineinfo --ptxas-options=-v --cudart=static -DM_TOTAL=928256 -DN_DIM=1024 -DK_DIM=1024 fc2_w3x.cu -o fc2-w3x -lcurand_static -lculibos -lcuda
ptxas info    : 0 bytes gmem
ptxas info    : Compiling entry function '_Z14fc2_w3x_kernelILi54ELi8ELi64EEv14CUtensorMap_stS0_S0_PK13__nv_bfloat16PS1_PmS5_S5_S5_S5_' for 'sm_100a'
ptxas info    : Function properties for _Z14fc2_w3x_kernelILi54ELi8ELi64EEv14CUtensorMap_stS0_S0_PK13__nv_bfloat16PS1_PmS5_S5_S5_S5_
    0 bytes stack frame, 0 bytes spill stores, 0 bytes spill loads
ptxas info    : Used 72 registers, used 1 barriers
ptxas info    : Compile time = 69.461 ms
ptxas info    : Compiling entry function '_Z14fc2_w3x_kernelILi54ELi8ELi48EEv14CUtensorMap_stS0_S0_PK13__nv_bfloat16PS1_PmS5_S5_S5_S5_' for 'sm_100a'
ptxas info    : Function properties for _Z14fc2_w3x_kernelILi54ELi8ELi48EEv14CUtensorMap_stS0_S0_PK13__nv_bfloat16PS1_PmS5_S5_S5_S5_
    0 bytes stack frame, 0 bytes spill stores, 0 bytes spill loads
ptxas info    : Used 72 registers, used 1 barriers
ptxas info    : Compile time = 66.995 ms
ptxas info    : Compiling entry function '_Z14fc2_w3x_kernelILi54ELi8ELi32EEv14CUtensorMap_stS0_S0_PK13__nv_bfloat16PS1_PmS5_S5_S5_S5_' for 'sm_100a'
ptxas info    : Function properties for _Z14fc2_w3x_kernelILi54ELi8ELi32EEv14CUtensorMap_stS0_S0_PK13__nv_bfloat16PS1_PmS5_S5_S5_S5_
    0 bytes stack frame, 0 bytes spill stores, 0 bytes spill loads
ptxas info    : Used 72 registers, used 1 barriers
ptxas info    : Compile time = 67.560 ms
ptxas info    : Compiling entry function '_Z14fc2_w3x_kernelILi54ELi8ELi24EEv14CUtensorMap_stS0_S0_PK13__nv_bfloat16PS1_PmS5_S5_S5_S5_' for 'sm_100a'
ptxas info    : Function properties for _Z14fc2_w3x_kernelILi54ELi8ELi24EEv14CUtensorMap_stS0_S0_PK13__nv_bfloat16PS1_PmS5_S5_S5_S5_
    0 bytes stack frame, 0 bytes spill stores, 0 bytes spill loads
ptxas info    : Used 72 registers, used 1 barriers
ptxas info    : Compile time = 67.443 ms
ptxas info    : Compiling entry function '_Z14fc2_w3x_kernelILi54ELi8ELi16EEv14CUtensorMap_stS0_S0_PK13__nv_bfloat16PS1_PmS5_S5_S5_S5_' for 'sm_100a'
ptxas info    : Function properties for _Z14fc2_w3x_kernelILi54ELi8ELi16EEv14CUtensorMap_stS0_S0_PK13__nv_bfloat16PS1_PmS5_S5_S5_S5_
    0 bytes stack frame, 0 bytes spill stores, 0 bytes spill loads
ptxas info    : Used 72 registers, used 1 barriers
ptxas info    : Compile time = 67.553 ms
ptxas info    : Compiling entry function '_Z14fc2_w3x_kernelILi54ELi8ELi12EEv14CUtensorMap_stS0_S0_PK13__nv_bfloat16PS1_PmS5_S5_S5_S5_' for 'sm_100a'
ptxas info    : Function properties for _Z14fc2_w3x_kernelILi54ELi8ELi12EEv14CUtensorMap_stS0_S0_PK13__nv_bfloat16PS1_PmS5_S5_S5_S5_
    0 bytes stack frame, 0 bytes spill stores, 0 bytes spill loads
ptxas info    : Used 72 registers, used 1 barriers
ptxas info    : Compile time = 67.470 ms
ptxas info    : Compiling entry function '_Z14fc2_w3x_kernelILi54ELi8ELi8EEv14CUtensorMap_stS0_S0_PK13__nv_bfloat16PS1_PmS5_S5_S5_S5_' for 'sm_100a'
ptxas info    : Function properties for _Z14fc2_w3x_kernelILi54ELi8ELi8EEv14CUtensorMap_stS0_S0_PK13__nv_bfloat16PS1_PmS5_S5_S5_S5_
    0 bytes stack frame, 0 bytes spill stores, 0 bytes spill loads
ptxas info    : Used 72 registers, used 1 barriers
ptxas info    : Compile time = 65.292 ms
ptxas info    : Compiling entry function '_Z14fc2_w3x_kernelILi54ELi8ELi4EEv14CUtensorMap_stS0_S0_PK13__nv_bfloat16PS1_PmS5_S5_S5_S5_' for 'sm_100a'
ptxas info    : Function properties for _Z14fc2_w3x_kernelILi54ELi8ELi4EEv14CUtensorMap_stS0_S0_PK13__nv_bfloat16PS1_PmS5_S5_S5_S5_
    0 bytes stack frame, 0 bytes spill stores, 0 bytes spill loads
ptxas info    : Used 72 registers, used 1 barriers
ptxas info    : Compile time = 65.963 ms
ptxas info    : Compiling entry function '_Z14fc2_w3x_kernelILi54ELi8ELi0EEv14CUtensorMap_stS0_S0_PK13__nv_bfloat16PS1_PmS5_S5_S5_S5_' for 'sm_100a'
ptxas info    : Function properties for _Z14fc2_w3x_kernelILi54ELi8ELi0EEv14CUtensorMap_stS0_S0_PK13__nv_bfloat16PS1_PmS5_S5_S5_S5_
    0 bytes stack frame, 0 bytes spill stores, 0 bytes spill loads
ptxas info    : Used 72 registers, used 1 barriers
ptxas info    : Compile time = 65.854 ms
ptxas info    : Compiling entry function '_Z14fc2_w3x_kernelILi99ELi8ELi20EEv14CUtensorMap_stS0_S0_PK13__nv_bfloat16PS1_PmS5_S5_S5_S5_' for 'sm_100a'
ptxas info    : Function properties for _Z14fc2_w3x_kernelILi99ELi8ELi20EEv14CUtensorMap_stS0_S0_PK13__nv_bfloat16PS1_PmS5_S5_S5_S5_
    0 bytes stack frame, 0 bytes spill stores, 0 bytes spill loads
ptxas info    : Used 72 registers, used 1 barriers
ptxas info    : Compile time = 66.519 ms
ptxas info    : Compiling entry function '_Z14fc2_w3x_kernelILi98ELi8ELi20EEv14CUtensorMap_stS0_S0_PK13__nv_bfloat16PS1_PmS5_S5_S5_S5_' for 'sm_100a'
ptxas info    : Function properties for _Z14fc2_w3x_kernelILi98ELi8ELi20EEv14CUtensorMap_stS0_S0_PK13__nv_bfloat16PS1_PmS5_S5_S5_S5_
    0 bytes stack frame, 0 bytes spill stores, 0 bytes spill loads
ptxas info    : Used 72 registers, used 1 barriers
ptxas info    : Compile time = 66.469 ms
ptxas info    : Compiling entry function '_Z14fc2_w3x_kernelILi97ELi8ELi20EEv14CUtensorMap_stS0_S0_PK13__nv_bfloat16PS1_PmS5_S5_S5_S5_' for 'sm_100a'
ptxas info    : Function properties for _Z14fc2_w3x_kernelILi97ELi8ELi20EEv14CUtensorMap_stS0_S0_PK13__nv_bfloat16PS1_PmS5_S5_S5_S5_
    0 bytes stack frame, 0 bytes spill stores, 0 bytes spill loads
ptxas info    : Used 72 registers, used 1 barriers
ptxas info    : Compile time = 67.197 ms
ptxas info    : Compiling entry function '_Z14fc2_w3x_kernelILi96ELi8ELi20EEv14CUtensorMap_stS0_S0_PK13__nv_bfloat16PS1_PmS5_S5_S5_S5_' for 'sm_100a'
ptxas info    : Function properties for _Z14fc2_w3x_kernelILi96ELi8ELi20EEv14CUtensorMap_stS0_S0_PK13__nv_bfloat16PS1_PmS5_S5_S5_S5_
    0 bytes stack frame, 0 bytes spill stores, 0 bytes spill loads
ptxas info    : Used 72 registers, used 1 barriers
ptxas info    : Compile time = 65.784 ms
ptxas info    : Compiling entry function '_Z14fc2_w3x_kernelILi95ELi8ELi20EEv14CUtensorMap_stS0_S0_PK13__nv_bfloat16PS1_PmS5_S5_S5_S5_' for 'sm_100a'
ptxas info    : Function properties for _Z14fc2_w3x_kernelILi95ELi8ELi20EEv14CUtensorMap_stS0_S0_PK13__nv_bfloat16PS1_PmS5_S5_S5_S5_
    0 bytes stack frame, 0 bytes spill stores, 0 bytes spill loads
ptxas info    : Used 72 registers, used 1 barriers
ptxas info    : Compile time = 65.502 ms
ptxas info    : Compiling entry function '_Z14fc2_w3x_kernelILi94ELi8ELi20EEv14CUtensorMap_stS0_S0_PK13__nv_bfloat16PS1_PmS5_S5_S5_S5_' for 'sm_100a'
ptxas info    : Function properties for _Z14fc2_w3x_kernelILi94ELi8ELi20EEv14CUtensorMap_stS0_S0_PK13__nv_bfloat16PS1_PmS5_S5_S5_S5_
    0 bytes stack frame, 0 bytes spill stores, 0 bytes spill loads
ptxas info    : Used 72 registers, used 1 barriers
ptxas info    : Compile time = 66.373 ms
ptxas info    : Compiling entry function '_Z14fc2_w3x_kernelILi93ELi8ELi20EEv14CUtensorMap_stS0_S0_PK13__nv_bfloat16PS1_PmS5_S5_S5_S5_' for 'sm_100a'
ptxas info    : Function properties for _Z14fc2_w3x_kernelILi93ELi8ELi20EEv14CUtensorMap_stS0_S0_PK13__nv_bfloat16PS1_PmS5_S5_S5_S5_
    0 bytes stack frame, 0 bytes spill stores, 0 bytes spill loads
ptxas info    : Used 72 registers, used 1 barriers
ptxas info    : Compile time = 65.763 ms
ptxas info    : Compiling entry function '_Z14fc2_w3x_kernelILi92ELi8ELi20EEv14CUtensorMap_stS0_S0_PK13__nv_bfloat16PS1_PmS5_S5_S5_S5_' for 'sm_100a'
ptxas info    : Function properties for _Z14fc2_w3x_kernelILi92ELi8ELi20EEv14CUtensorMap_stS0_S0_PK13__nv_bfloat16PS1_PmS5_S5_S5_S5_
    0 bytes stack frame, 0 bytes spill stores, 0 bytes spill loads
ptxas info    : Used 72 registers, used 1 barriers
ptxas info    : Compile time = 65.891 ms
ptxas info    : Compiling entry function '_Z14fc2_w3x_kernelILi91ELi8ELi20EEv14CUtensorMap_stS0_S0_PK13__nv_bfloat16PS1_PmS5_S5_S5_S5_' for 'sm_100a'
ptxas info    : Function properties for _Z14fc2_w3x_kernelILi91ELi8ELi20EEv14CUtensorMap_stS0_S0_PK13__nv_bfloat16PS1_PmS5_S5_S5_S5_
    0 bytes stack frame, 0 bytes spill stores, 0 bytes spill loads
ptxas info    : Used 72 registers, used 1 barriers
ptxas info    : Compile time = 65.614 ms
ptxas info    : Compiling entry function '_Z14fc2_w3x_kernelILi90ELi8ELi20EEv14CUtensorMap_stS0_S0_PK13__nv_bfloat16PS1_PmS5_S5_S5_S5_' for 'sm_100a'
ptxas info    : Function properties for _Z14fc2_w3x_kernelILi90ELi8ELi20EEv14CUtensorMap_stS0_S0_PK13__nv_bfloat16PS1_PmS5_S5_S5_S5_
    0 bytes stack frame, 0 bytes spill stores, 0 bytes spill loads
ptxas info    : Used 72 registers, used 1 barriers
ptxas info    : Compile time = 66.107 ms
ptxas info    : Compiling entry function '_Z14fc2_w3x_kernelILi89ELi8ELi20EEv14CUtensorMap_stS0_S0_PK13__nv_bfloat16PS1_PmS5_S5_S5_S5_' for 'sm_100a'
ptxas info    : Function properties for _Z14fc2_w3x_kernelILi89ELi8ELi20EEv14CUtensorMap_stS0_S0_PK13__nv_bfloat16PS1_PmS5_S5_S5_S5_
    0 bytes stack frame, 0 bytes spill stores, 0 bytes spill loads
ptxas info    : Used 72 registers, used 1 barriers
ptxas info    : Compile time = 65.848 ms
ptxas info    : Compiling entry function '_Z14fc2_w3x_kernelILi88ELi8ELi20EEv14CUtensorMap_stS0_S0_PK13__nv_bfloat16PS1_PmS5_S5_S5_S5_' for 'sm_100a'
ptxas info    : Function properties for _Z14fc2_w3x_kernelILi88ELi8ELi20EEv14CUtensorMap_stS0_S0_PK13__nv_bfloat16PS1_PmS5_S5_S5_S5_
    0 bytes stack frame, 0 bytes spill stores, 0 bytes spill loads
ptxas info    : Used 72 registers, used 1 barriers
ptxas info    : Compile time = 65.643 ms
ptxas info    : Compiling entry function '_Z14fc2_w3x_kernelILi87ELi8ELi20EEv14CUtensorMap_stS0_S0_PK13__nv_bfloat16PS1_PmS5_S5_S5_S5_' for 'sm_100a'
ptxas info    : Function properties for _Z14fc2_w3x_kernelILi87ELi8ELi20EEv14CUtensorMap_stS0_S0_PK13__nv_bfloat16PS1_PmS5_S5_S5_S5_
    0 bytes stack frame, 0 bytes spill stores, 0 bytes spill loads
ptxas info    : Used 72 registers, used 1 barriers
ptxas info    : Compile time = 66.688 ms
ptxas info    : Compiling entry function '_Z14fc2_w3x_kernelILi86ELi8ELi20EEv14CUtensorMap_stS0_S0_PK13__nv_bfloat16PS1_PmS5_S5_S5_S5_' for 'sm_100a'
ptxas info    : Function properties for _Z14fc2_w3x_kernelILi86ELi8ELi20EEv14CUtensorMap_stS0_S0_PK13__nv_bfloat16PS1_PmS5_S5_S5_S5_
    0 bytes stack frame, 0 bytes spill stores, 0 bytes spill loads
ptxas info    : Used 72 registers, used 1 barriers
ptxas info    : Compile time = 66.659 ms
ptxas info    : Compiling entry function '_Z14fc2_w3x_kernelILi85ELi8ELi20EEv14CUtensorMap_stS0_S0_PK13__nv_bfloat16PS1_PmS5_S5_S5_S5_' for 'sm_100a'
ptxas info    : Function properties for _Z14fc2_w3x_kernelILi85ELi8ELi20EEv14CUtensorMap_stS0_S0_PK13__nv_bfloat16PS1_PmS5_S5_S5_S5_
    0 bytes stack frame, 0 bytes spill stores, 0 bytes spill loads
ptxas info    : Used 72 registers, used 1 barriers
ptxas info    : Compile time = 65.656 ms
ptxas info    : Compiling entry function '_Z14fc2_w3x_kernelILi84ELi8ELi20EEv14CUtensorMap_stS0_S0_PK13__nv_bfloat16PS1_PmS5_S5_S5_S5_' for 'sm_100a'
ptxas info    : Function properties for _Z14fc2_w3x_kernelILi84ELi8ELi20EEv14CUtensorMap_stS0_S0_PK13__nv_bfloat16PS1_PmS5_S5_S5_S5_
    0 bytes stack frame, 0 bytes spill stores, 0 bytes spill loads
ptxas info    : Used 72 registers, used 1 barriers
ptxas info    : Compile time = 65.721 ms
ptxas info    : Compiling entry function '_Z14fc2_w3x_kernelILi83ELi8ELi20EEv14CUtensorMap_stS0_S0_PK13__nv_bfloat16PS1_PmS5_S5_S5_S5_' for 'sm_100a'
ptxas info    : Function properties for _Z14fc2_w3x_kernelILi83ELi8ELi20EEv14CUtensorMap_stS0_S0_PK13__nv_bfloat16PS1_PmS5_S5_S5_S5_
    0 bytes stack frame, 0 bytes spill stores, 0 bytes spill loads
ptxas info    : Used 72 registers, used 1 barriers
ptxas info    : Compile time = 65.591 ms
ptxas info    : Compiling entry function '_Z14fc2_w3x_kernelILi82ELi8ELi20EEv14CUtensorMap_stS0_S0_PK13__nv_bfloat16PS1_PmS5_S5_S5_S5_' for 'sm_100a'
ptxas info    : Function properties for _Z14fc2_w3x_kernelILi82ELi8ELi20EEv14CUtensorMap_stS0_S0_PK13__nv_bfloat16PS1_PmS5_S5_S5_S5_
    0 bytes stack frame, 0 bytes spill stores, 0 bytes spill loads
ptxas info    : Used 72 registers, used 1 barriers
ptxas info    : Compile time = 65.382 ms
ptxas info    : Compiling entry function '_Z14fc2_w3x_kernelILi81ELi8ELi20EEv14CUtensorMap_stS0_S0_PK13__nv_bfloat16PS1_PmS5_S5_S5_S5_' for 'sm_100a'
ptxas info    : Function properties for _Z14fc2_w3x_kernelILi81ELi8ELi20EEv14CUtensorMap_stS0_S0_PK13__nv_bfloat16PS1_PmS5_S5_S5_S5_
    0 bytes stack frame, 0 bytes spill stores, 0 bytes spill loads
ptxas info    : Used 72 registers, used 1 barriers
ptxas info    : Compile time = 66.038 ms
ptxas info    : Compiling entry function '_Z14fc2_w3x_kernelILi80ELi8ELi20EEv14CUtensorMap_stS0_S0_PK13__nv_bfloat16PS1_PmS5_S5_S5_S5_' for 'sm_100a'
ptxas info    : Function properties for _Z14fc2_w3x_kernelILi80ELi8ELi20EEv14CUtensorMap_stS0_S0_PK13__nv_bfloat16PS1_PmS5_S5_S5_S5_
    0 bytes stack frame, 0 bytes spill stores, 0 bytes spill loads
ptxas info    : Used 72 registers, used 1 barriers
ptxas info    : Compile time = 66.789 ms
ptxas info    : Compiling entry function '_Z14fc2_w3x_kernelILi58ELi8ELi20EEv14CUtensorMap_stS0_S0_PK13__nv_bfloat16PS1_PmS5_S5_S5_S5_' for 'sm_100a'
ptxas info    : Function properties for _Z14fc2_w3x_kernelILi58ELi8ELi20EEv14CUtensorMap_stS0_S0_PK13__nv_bfloat16PS1_PmS5_S5_S5_S5_
    0 bytes stack frame, 0 bytes spill stores, 0 bytes spill loads
ptxas info    : Used 72 registers, used 1 barriers
ptxas info    : Compile time = 66.160 ms
ptxas info    : Compiling entry function '_Z14fc2_w3x_kernelILi57ELi8ELi20EEv14CUtensorMap_stS0_S0_PK13__nv_bfloat16PS1_PmS5_S5_S5_S5_' for 'sm_100a'
ptxas info    : Function properties for _Z14fc2_w3x_kernelILi57ELi8ELi20EEv14CUtensorMap_stS0_S0_PK13__nv_bfloat16PS1_PmS5_S5_S5_S5_
    0 bytes stack frame, 0 bytes spill stores, 0 bytes spill loads
ptxas info    : Used 72 registers, used 1 barriers
ptxas info    : Compile time = 66.541 ms
ptxas info    : Compiling entry function '_Z14fc2_w3x_kernelILi56ELi8ELi20EEv14CUtensorMap_stS0_S0_PK13__nv_bfloat16PS1_PmS5_S5_S5_S5_' for 'sm_100a'
ptxas info    : Function properties for _Z14fc2_w3x_kernelILi56ELi8ELi20EEv14CUtensorMap_stS0_S0_PK13__nv_bfloat16PS1_PmS5_S5_S5_S5_
    0 bytes stack frame, 0 bytes spill stores, 0 bytes spill loads
ptxas info    : Used 72 registers, used 1 barriers
ptxas info    : Compile time = 66.388 ms
ptxas info    : Compiling entry function '_Z14fc2_w3x_kernelILi55ELi8ELi20EEv14CUtensorMap_stS0_S0_PK13__nv_bfloat16PS1_PmS5_S5_S5_S5_' for 'sm_100a'
ptxas info    : Function properties for _Z14fc2_w3x_kernelILi55ELi8ELi20EEv14CUtensorMap_stS0_S0_PK13__nv_bfloat16PS1_PmS5_S5_S5_S5_
    0 bytes stack frame, 0 bytes spill stores, 0 bytes spill loads
ptxas info    : Used 72 registers, used 1 barriers
ptxas info    : Compile time = 65.296 ms
ptxas info    : Compiling entry function '_Z14fc2_w3x_kernelILi54ELi8ELi20EEv14CUtensorMap_stS0_S0_PK13__nv_bfloat16PS1_PmS5_S5_S5_S5_' for 'sm_100a'
ptxas info    : Function properties for _Z14fc2_w3x_kernelILi54ELi8ELi20EEv14CUtensorMap_stS0_S0_PK13__nv_bfloat16PS1_PmS5_S5_S5_S5_
    0 bytes stack frame, 0 bytes spill stores, 0 bytes spill loads
ptxas info    : Used 72 registers, used 1 barriers
ptxas info    : Compile time = 65.240 ms
ptxas info    : Compiling entry function '_Z14fc2_w3x_kernelILi53ELi8ELi20EEv14CUtensorMap_stS0_S0_PK13__nv_bfloat16PS1_PmS5_S5_S5_S5_' for 'sm_100a'
ptxas info    : Function properties for _Z14fc2_w3x_kernelILi53ELi8ELi20EEv14CUtensorMap_stS0_S0_PK13__nv_bfloat16PS1_PmS5_S5_S5_S5_
    0 bytes stack frame, 0 bytes spill stores, 0 bytes spill loads
ptxas info    : Used 72 registers, used 1 barriers
ptxas info    : Compile time = 66.267 ms
ptxas info    : Compiling entry function '_Z14fc2_w3x_kernelILi52ELi8ELi20EEv14CUtensorMap_stS0_S0_PK13__nv_bfloat16PS1_PmS5_S5_S5_S5_' for 'sm_100a'
ptxas info    : Function properties for _Z14fc2_w3x_kernelILi52ELi8ELi20EEv14CUtensorMap_stS0_S0_PK13__nv_bfloat16PS1_PmS5_S5_S5_S5_
    0 bytes stack frame, 0 bytes spill stores, 0 bytes spill loads
ptxas info    : Used 72 registers, used 1 barriers
ptxas info    : Compile time = 66.144 ms
ptxas info    : Compiling entry function '_Z14fc2_w3x_kernelILi51ELi8ELi20EEv14CUtensorMap_stS0_S0_PK13__nv_bfloat16PS1_PmS5_S5_S5_S5_' for 'sm_100a'
ptxas info    : Function properties for _Z14fc2_w3x_kernelILi51ELi8ELi20EEv14CUtensorMap_stS0_S0_PK13__nv_bfloat16PS1_PmS5_S5_S5_S5_
    0 bytes stack frame, 0 bytes spill stores, 0 bytes spill loads
ptxas info    : Used 72 registers, used 1 barriers
ptxas info    : Compile time = 66.077 ms
ptxas info    : Compiling entry function '_Z14fc2_w3x_kernelILi50ELi8ELi20EEv14CUtensorMap_stS0_S0_PK13__nv_bfloat16PS1_PmS5_S5_S5_S5_' for 'sm_100a'
ptxas info    : Function properties for _Z14fc2_w3x_kernelILi50ELi8ELi20EEv14CUtensorMap_stS0_S0_PK13__nv_bfloat16PS1_PmS5_S5_S5_S5_
    0 bytes stack frame, 0 bytes spill stores, 0 bytes spill loads
ptxas info    : Used 72 registers, used 1 barriers
ptxas info    : Compile time = 66.544 ms
ptxas info    : Compiling entry function '_Z14fc2_w3x_kernelILi49ELi8ELi20EEv14CUtensorMap_stS0_S0_PK13__nv_bfloat16PS1_PmS5_S5_S5_S5_' for 'sm_100a'
ptxas info    : Function properties for _Z14fc2_w3x_kernelILi49ELi8ELi20EEv14CUtensorMap_stS0_S0_PK13__nv_bfloat16PS1_PmS5_S5_S5_S5_
    0 bytes stack frame, 0 bytes spill stores, 0 bytes spill loads
ptxas info    : Used 72 registers, used 1 barriers
ptxas info    : Compile time = 65.208 ms
ptxas info    : Compiling entry function '_Z14fc2_w3x_kernelILi19ELi16ELi20EEv14CUtensorMap_stS0_S0_PK13__nv_bfloat16PS1_PmS5_S5_S5_S5_' for 'sm_100a'
ptxas info    : Function properties for _Z14fc2_w3x_kernelILi19ELi16ELi20EEv14CUtensorMap_stS0_S0_PK13__nv_bfloat16PS1_PmS5_S5_S5_S5_
    0 bytes stack frame, 0 bytes spill stores, 0 bytes spill loads
ptxas info    : Used 72 registers, used 1 barriers
ptxas info    : Compile time = 65.097 ms
ptxas info    : Compiling entry function '_Z14fc2_w3x_kernelILi19ELi4ELi20EEv14CUtensorMap_stS0_S0_PK13__nv_bfloat16PS1_PmS5_S5_S5_S5_' for 'sm_100a'
ptxas info    : Function properties for _Z14fc2_w3x_kernelILi19ELi4ELi20EEv14CUtensorMap_stS0_S0_PK13__nv_bfloat16PS1_PmS5_S5_S5_S5_
    0 bytes stack frame, 0 bytes spill stores, 0 bytes spill loads
ptxas info    : Used 72 registers, used 1 barriers
ptxas info    : Compile time = 64.576 ms
ptxas info    : Compiling entry function '_Z14fc2_w3x_kernelILi48ELi8ELi20EEv14CUtensorMap_stS0_S0_PK13__nv_bfloat16PS1_PmS5_S5_S5_S5_' for 'sm_100a'
ptxas info    : Function properties for _Z14fc2_w3x_kernelILi48ELi8ELi20EEv14CUtensorMap_stS0_S0_PK13__nv_bfloat16PS1_PmS5_S5_S5_S5_
    0 bytes stack frame, 0 bytes spill stores, 0 bytes spill loads
ptxas info    : Used 72 registers, used 1 barriers
ptxas info    : Compile time = 66.238 ms
ptxas info    : Compiling entry function '_Z14fc2_w3x_kernelILi47ELi8ELi20EEv14CUtensorMap_stS0_S0_PK13__nv_bfloat16PS1_PmS5_S5_S5_S5_' for 'sm_100a'
ptxas info    : Function properties for _Z14fc2_w3x_kernelILi47ELi8ELi20EEv14CUtensorMap_stS0_S0_PK13__nv_bfloat16PS1_PmS5_S5_S5_S5_
    0 bytes stack frame, 0 bytes spill stores, 0 bytes spill loads
ptxas info    : Used 72 registers, used 1 barriers
ptxas info    : Compile time = 66.779 ms
ptxas info    : Compiling entry function '_Z14fc2_w3x_kernelILi46ELi8ELi20EEv14CUtensorMap_stS0_S0_PK13__nv_bfloat16PS1_PmS5_S5_S5_S5_' for 'sm_100a'
ptxas info    : Function properties for _Z14fc2_w3x_kernelILi46ELi8ELi20EEv14CUtensorMap_stS0_S0_PK13__nv_bfloat16PS1_PmS5_S5_S5_S5_
    0 bytes stack frame, 0 bytes spill stores, 0 bytes spill loads
ptxas info    : Used 72 registers, used 1 barriers
ptxas info    : Compile time = 67.032 ms
ptxas info    : Compiling entry function '_Z14fc2_w3x_kernelILi45ELi8ELi20EEv14CUtensorMap_stS0_S0_PK13__nv_bfloat16PS1_PmS5_S5_S5_S5_' for 'sm_100a'
ptxas info    : Function properties for _Z14fc2_w3x_kernelILi45ELi8ELi20EEv14CUtensorMap_stS0_S0_PK13__nv_bfloat16PS1_PmS5_S5_S5_S5_
    0 bytes stack frame, 0 bytes spill stores, 0 bytes spill loads
ptxas info    : Used 72 registers, used 1 barriers
ptxas info    : Compile time = 66.391 ms
ptxas info    : Compiling entry function '_Z14fc2_w3x_kernelILi44ELi8ELi20EEv14CUtensorMap_stS0_S0_PK13__nv_bfloat16PS1_PmS5_S5_S5_S5_' for 'sm_100a'
ptxas info    : Function properties for _Z14fc2_w3x_kernelILi44ELi8ELi20EEv14CUtensorMap_stS0_S0_PK13__nv_bfloat16PS1_PmS5_S5_S5_S5_
    0 bytes stack frame, 0 bytes spill stores, 0 bytes spill loads
ptxas info    : Used 72 registers, used 1 barriers
ptxas info    : Compile time = 65.591 ms
ptxas info    : Compiling entry function '_Z14fc2_w3x_kernelILi43ELi8ELi20EEv14CUtensorMap_stS0_S0_PK13__nv_bfloat16PS1_PmS5_S5_S5_S5_' for 'sm_100a'
ptxas info    : Function properties for _Z14fc2_w3x_kernelILi43ELi8ELi20EEv14CUtensorMap_stS0_S0_PK13__nv_bfloat16PS1_PmS5_S5_S5_S5_
    0 bytes stack frame, 0 bytes spill stores, 0 bytes spill loads
ptxas info    : Used 72 registers, used 1 barriers
ptxas info    : Compile time = 66.143 ms
ptxas info    : Compiling entry function '_Z14fc2_w3x_kernelILi41ELi8ELi20EEv14CUtensorMap_stS0_S0_PK13__nv_bfloat16PS1_PmS5_S5_S5_S5_' for 'sm_100a'
ptxas info    : Function properties for _Z14fc2_w3x_kernelILi41ELi8ELi20EEv14CUtensorMap_stS0_S0_PK13__nv_bfloat16PS1_PmS5_S5_S5_S5_
    0 bytes stack frame, 0 bytes spill stores, 0 bytes spill loads
ptxas info    : Used 72 registers, used 1 barriers
ptxas info    : Compile time = 63.859 ms
ptxas info    : Compiling entry function '_Z14fc2_w3x_kernelILi40ELi8ELi20EEv14CUtensorMap_stS0_S0_PK13__nv_bfloat16PS1_PmS5_S5_S5_S5_' for 'sm_100a'
ptxas info    : Function properties for _Z14fc2_w3x_kernelILi40ELi8ELi20EEv14CUtensorMap_stS0_S0_PK13__nv_bfloat16PS1_PmS5_S5_S5_S5_
    0 bytes stack frame, 0 bytes spill stores, 0 bytes spill loads
ptxas info    : Used 72 registers, used 1 barriers
ptxas info    : Compile time = 64.475 ms
ptxas info    : Compiling entry function '_Z14fc2_w3x_kernelILi39ELi8ELi20EEv14CUtensorMap_stS0_S0_PK13__nv_bfloat16PS1_PmS5_S5_S5_S5_' for 'sm_100a'
ptxas info    : Function properties for _Z14fc2_w3x_kernelILi39ELi8ELi20EEv14CUtensorMap_stS0_S0_PK13__nv_bfloat16PS1_PmS5_S5_S5_S5_
    0 bytes stack frame, 0 bytes spill stores, 0 bytes spill loads
ptxas info    : Used 72 registers, used 1 barriers
ptxas info    : Compile time = 66.420 ms
ptxas info    : Compiling entry function '_Z14fc2_w3x_kernelILi38ELi8ELi20EEv14CUtensorMap_stS0_S0_PK13__nv_bfloat16PS1_PmS5_S5_S5_S5_' for 'sm_100a'
ptxas info    : Function properties for _Z14fc2_w3x_kernelILi38ELi8ELi20EEv14CUtensorMap_stS0_S0_PK13__nv_bfloat16PS1_PmS5_S5_S5_S5_
    0 bytes stack frame, 0 bytes spill stores, 0 bytes spill loads
ptxas info    : Used 72 registers, used 1 barriers
ptxas info    : Compile time = 66.816 ms
ptxas info    : Compiling entry function '_Z14fc2_w3x_kernelILi36ELi4ELi20EEv14CUtensorMap_stS0_S0_PK13__nv_bfloat16PS1_PmS5_S5_S5_S5_' for 'sm_100a'
ptxas info    : Function properties for _Z14fc2_w3x_kernelILi36ELi4ELi20EEv14CUtensorMap_stS0_S0_PK13__nv_bfloat16PS1_PmS5_S5_S5_S5_
    0 bytes stack frame, 0 bytes spill stores, 0 bytes spill loads
ptxas info    : Used 72 registers, used 1 barriers
ptxas info    : Compile time = 65.816 ms
ptxas info    : Compiling entry function '_Z14fc2_w3x_kernelILi35ELi4ELi20EEv14CUtensorMap_stS0_S0_PK13__nv_bfloat16PS1_PmS5_S5_S5_S5_' for 'sm_100a'
ptxas info    : Function properties for _Z14fc2_w3x_kernelILi35ELi4ELi20EEv14CUtensorMap_stS0_S0_PK13__nv_bfloat16PS1_PmS5_S5_S5_S5_
    0 bytes stack frame, 0 bytes spill stores, 0 bytes spill loads
ptxas info    : Used 72 registers, used 1 barriers
ptxas info    : Compile time = 66.318 ms
ptxas info    : Compiling entry function '_Z14fc2_w3x_kernelILi34ELi8ELi20EEv14CUtensorMap_stS0_S0_PK13__nv_bfloat16PS1_PmS5_S5_S5_S5_' for 'sm_100a'
ptxas info    : Function properties for _Z14fc2_w3x_kernelILi34ELi8ELi20EEv14CUtensorMap_stS0_S0_PK13__nv_bfloat16PS1_PmS5_S5_S5_S5_
    0 bytes stack frame, 0 bytes spill stores, 0 bytes spill loads
ptxas info    : Used 72 registers, used 1 barriers
ptxas info    : Compile time = 65.745 ms
ptxas info    : Compiling entry function '_Z14fc2_w3x_kernelILi33ELi8ELi20EEv14CUtensorMap_stS0_S0_PK13__nv_bfloat16PS1_PmS5_S5_S5_S5_' for 'sm_100a'
ptxas info    : Function properties for _Z14fc2_w3x_kernelILi33ELi8ELi20EEv14CUtensorMap_stS0_S0_PK13__nv_bfloat16PS1_PmS5_S5_S5_S5_
    0 bytes stack frame, 0 bytes spill stores, 0 bytes spill loads
ptxas info    : Used 72 registers, used 1 barriers
ptxas info    : Compile time = 65.975 ms
ptxas info    : Compiling entry function '_Z14fc2_w3x_kernelILi19ELi8ELi20EEv14CUtensorMap_stS0_S0_PK13__nv_bfloat16PS1_PmS5_S5_S5_S5_' for 'sm_100a'
ptxas info    : Function properties for _Z14fc2_w3x_kernelILi19ELi8ELi20EEv14CUtensorMap_stS0_S0_PK13__nv_bfloat16PS1_PmS5_S5_S5_S5_
    0 bytes stack frame, 0 bytes spill stores, 0 bytes spill loads
ptxas info    : Used 72 registers, used 1 barriers
ptxas info    : Compile time = 65.622 ms
ptxas info    : Compiling entry function '_Z14fc2_w3x_kernelILi18ELi8ELi20EEv14CUtensorMap_stS0_S0_PK13__nv_bfloat16PS1_PmS5_S5_S5_S5_' for 'sm_100a'
ptxas info    : Function properties for _Z14fc2_w3x_kernelILi18ELi8ELi20EEv14CUtensorMap_stS0_S0_PK13__nv_bfloat16PS1_PmS5_S5_S5_S5_
    0 bytes stack frame, 0 bytes spill stores, 0 bytes spill loads
ptxas info    : Used 72 registers, used 1 barriers
ptxas info    : Compile time = 66.863 ms
ptxas info    : Compiling entry function '_Z14fc2_w3x_kernelILi13ELi8ELi20EEv14CUtensorMap_stS0_S0_PK13__nv_bfloat16PS1_PmS5_S5_S5_S5_' for 'sm_100a'
ptxas info    : Function properties for _Z14fc2_w3x_kernelILi13ELi8ELi20EEv14CUtensorMap_stS0_S0_PK13__nv_bfloat16PS1_PmS5_S5_S5_S5_
    0 bytes stack frame, 0 bytes spill stores, 0 bytes spill loads
ptxas info    : Used 72 registers, used 1 barriers
ptxas info    : Compile time = 62.968 ms
ptxas info    : Compiling entry function '_Z14fc2_w3x_kernelILi11ELi8ELi20EEv14CUtensorMap_stS0_S0_PK13__nv_bfloat16PS1_PmS5_S5_S5_S5_' for 'sm_100a'
ptxas info    : Function properties for _Z14fc2_w3x_kernelILi11ELi8ELi20EEv14CUtensorMap_stS0_S0_PK13__nv_bfloat16PS1_PmS5_S5_S5_S5_
    0 bytes stack frame, 0 bytes spill stores, 0 bytes spill loads
ptxas info    : Used 72 registers, used 1 barriers
ptxas info    : Compile time = 63.082 ms
ptxas info    : Compiling entry function '_Z14fc2_w3x_kernelILi0ELi32ELi20EEv14CUtensorMap_stS0_S0_PK13__nv_bfloat16PS1_PmS5_S5_S5_S5_' for 'sm_100a'
ptxas info    : Function properties for _Z14fc2_w3x_kernelILi0ELi32ELi20EEv14CUtensorMap_stS0_S0_PK13__nv_bfloat16PS1_PmS5_S5_S5_S5_
    0 bytes stack frame, 0 bytes spill stores, 0 bytes spill loads
ptxas info    : Used 72 registers, used 1 barriers
ptxas info    : Compile time = 66.384 ms
ptxas info    : Compiling entry function '_Z14fc2_w3x_kernelILi0ELi16ELi20EEv14CUtensorMap_stS0_S0_PK13__nv_bfloat16PS1_PmS5_S5_S5_S5_' for 'sm_100a'
ptxas info    : Function properties for _Z14fc2_w3x_kernelILi0ELi16ELi20EEv14CUtensorMap_stS0_S0_PK13__nv_bfloat16PS1_PmS5_S5_S5_S5_
    0 bytes stack frame, 0 bytes spill stores, 0 bytes spill loads
ptxas info    : Used 72 registers, used 1 barriers
ptxas info    : Compile time = 65.661 ms
ptxas info    : Compiling entry function '_Z14fc2_w3x_kernelILi0ELi4ELi20EEv14CUtensorMap_stS0_S0_PK13__nv_bfloat16PS1_PmS5_S5_S5_S5_' for 'sm_100a'
ptxas info    : Function properties for _Z14fc2_w3x_kernelILi0ELi4ELi20EEv14CUtensorMap_stS0_S0_PK13__nv_bfloat16PS1_PmS5_S5_S5_S5_
    0 bytes stack frame, 0 bytes spill stores, 0 bytes spill loads
ptxas info    : Used 72 registers, used 1 barriers
ptxas info    : Compile time = 65.032 ms
ptxas info    : Compiling entry function '_Z14fc2_w3x_kernelILi0ELi2ELi20EEv14CUtensorMap_stS0_S0_PK13__nv_bfloat16PS1_PmS5_S5_S5_S5_' for 'sm_100a'
ptxas info    : Function properties for _Z14fc2_w3x_kernelILi0ELi2ELi20EEv14CUtensorMap_stS0_S0_PK13__nv_bfloat16PS1_PmS5_S5_S5_S5_
    0 bytes stack frame, 0 bytes spill stores, 0 bytes spill loads
ptxas info    : Used 72 registers, used 1 barriers
ptxas info    : Compile time = 63.068 ms
ptxas info    : Compiling entry function '_Z14fc2_w3x_kernelILi0ELi8ELi20EEv14CUtensorMap_stS0_S0_PK13__nv_bfloat16PS1_PmS5_S5_S5_S5_' for 'sm_100a'
ptxas info    : Function properties for _Z14fc2_w3x_kernelILi0ELi8ELi20EEv14CUtensorMap_stS0_S0_PK13__nv_bfloat16PS1_PmS5_S5_S5_S5_
    0 bytes stack frame, 0 bytes spill stores, 0 bytes spill loads
ptxas info    : Used 72 registers, used 1 barriers
ptxas info    : Compile time = 65.933 ms
--- rep 1/3 ec=0
FC2 W3X kernel — 6-warp bias-only rank-1-shaped persistent
  [928256,1024] x [1024,1024]^T  NS=5  THREADS=192  SMEM=183296 B  (cap 228KB)
  Alloc + init + pack done
  TMA + func attr done (SMEM=183296 B)  variant=default TD=0 DGG=8
Warmup (2 iters)...
Timing 1 reps × 10 iters/rep × 1 variant ...
@@SAMPLE rep=1 ms=0.72804 cyc=1334074 cyc_min=1316521 cyc_p50=1323100 cyc_p95=1331908 cyc_max=1334074
@@STATS reps=1 mean=0.72804 std=0.00000 min=0.72804 p25=0.72804 p50=0.72804 p75=0.72804 max=0.72804 iqr=0.00000
FC2-W3X kernel: 0.728 ms  2673.89 TFLOPS
PASS  errors=0/32
@@RESULT ms=0.7280 tflops=2673.89 checksum=0.000000 valid=1 c0=1536.0
--- rep 2/3 ec=0
FC2 W3X kernel — 6-warp bias-only rank-1-shaped persistent
  [928256,1024] x [1024,1024]^T  NS=5  THREADS=192  SMEM=183296 B  (cap 228KB)
  Alloc + init + pack done
  TMA + func attr done (SMEM=183296 B)  variant=default TD=0 DGG=8
Warmup (2 iters)...
Timing 1 reps × 10 iters/rep × 1 variant ...
@@SAMPLE rep=1 ms=0.72857 cyc=1334200 cyc_min=1317147 cyc_p50=1322932 cyc_p95=1332014 cyc_max=1334200
@@STATS reps=1 mean=0.72857 std=0.00000 min=0.72857 p25=0.72857 p50=0.72857 p75=0.72857 max=0.72857 iqr=0.00000
FC2-W3X kernel: 0.729 ms  2671.95 TFLOPS
PASS  errors=0/32
@@RESULT ms=0.7286 tflops=2671.95 checksum=0.000000 valid=1 c0=1536.0
--- rep 3/3 ec=0
FC2 W3X kernel — 6-warp bias-only rank-1-shaped persistent
  [928256,1024] x [1024,1024]^T  NS=5  THREADS=192  SMEM=183296 B  (cap 228KB)
  Alloc + init + pack done
  TMA + func attr done (SMEM=183296 B)  variant=default TD=0 DGG=8
Warmup (2 iters)...
Timing 1 reps × 10 iters/rep × 1 variant ...
@@SAMPLE rep=1 ms=0.72813 cyc=1333741 cyc_min=1316149 cyc_p50=1323194 cyc_p95=1331569 cyc_max=1333741
@@STATS reps=1 mean=0.72813 std=0.00000 min=0.72813 p25=0.72813 p50=0.72813 p75=0.72813 max=0.72813 iqr=0.00000
FC2-W3X kernel: 0.728 ms  2673.55 TFLOPS
PASS  errors=0/32
@@RESULT ms=0.7281 tflops=2673.55 checksum=0.000000 valid=1 c0=1536.0
--- cublas epi=3 rep 1/1 ec=0
### CUBLASLT INTROSPECT M=928256 N=1024 K=1024 epi=bias_only
### Heuristics returned: 8

# TSV
rank	heur	ms	cyc	algoId	tile	stages	cluster	inner	splitk	redux	swizzle	custom	waves	ws_MB
1	0	0.5903	1089878	66	23	36	3	-1	1	0	0	1	196.00	0.0
2	2	0.6280	1159043	66	32	36	3	-1	1	0	0	1	261.35	0.0
3	3	0.6539	1206893	66	29	36	3	-1	1	0	0	1	313.62	0.0
4	1	0.7082	1306877	66	24	36	5	-1	1	0	0	3	196.00	0.0
5	6	0.7113	1312421	66	20	36	3	-1	1	0	0	1	392.00	0.0
6	7	0.7615	1404779	66	513	36	3	-1	1	0	0	1	98.00	0.0
7	4	0.7853	1448958	66	201	36	5	-1	1	0	0	2	294.00	0.0
8	5	0.8069	1488789	66	495	36	5	-1	1	0	0	3	261.35	0.0

# Top-3 caps:

## rank=1  algoId=66  tile=23  stages=36  cluster=3  inner=-1  ms=0.5903
    CUBLASLT_ALGO_CAP_REDUCTION_SCHEME_MASK      = 2
    CUBLASLT_ALGO_CAP_CTA_SWIZZLING_SUPPORT      = 0
    CUBLASLT_ALGO_CAP_STRIDED_BATCH_SUPPORT      = 1
    CUBLASLT_ALGO_CAP_OUT_OF_PLACE_RESULT_SUPPORT = 1
    CUBLASLT_ALGO_CAP_CUSTOM_OPTION_MAX          = 7
    CUBLASLT_ALGO_CAP_POINTER_MODE_MASK          = 3
    CUBLASLT_ALGO_CAP_EPILOGUE_MASK              = 1023
    CUBLASLT_ALGO_CAP_TILE_IDS                   = --  (status=7 wrote=0)
    CUBLASLT_ALGO_CAP_STAGES_IDS                 = [36] (n=1, elem=4B)
    CUBLASLT_ALGO_CONFIG_CLUSTER_SHAPE_ID sz=2 → status=0 wrote=2 val=3

## rank=2  algoId=66  tile=32  stages=36  cluster=3  inner=-1  ms=0.6280
    CUBLASLT_ALGO_CAP_REDUCTION_SCHEME_MASK      = 2
    CUBLASLT_ALGO_CAP_CTA_SWIZZLING_SUPPORT      = 0
    CUBLASLT_ALGO_CAP_STRIDED_BATCH_SUPPORT      = 1
    CUBLASLT_ALGO_CAP_OUT_OF_PLACE_RESULT_SUPPORT = 1
    CUBLASLT_ALGO_CAP_CUSTOM_OPTION_MAX          = 7
    CUBLASLT_ALGO_CAP_POINTER_MODE_MASK          = 3
    CUBLASLT_ALGO_CAP_EPILOGUE_MASK              = 1023
    CUBLASLT_ALGO_CAP_TILE_IDS                   = --  (status=7 wrote=0)
    CUBLASLT_ALGO_CAP_STAGES_IDS                 = [36] (n=1, elem=4B)
    CUBLASLT_ALGO_CONFIG_CLUSTER_SHAPE_ID sz=2 → status=0 wrote=2 val=3

## rank=3  algoId=66  tile=29  stages=36  cluster=3  inner=-1  ms=0.6539
    CUBLASLT_ALGO_CAP_REDUCTION_SCHEME_MASK      = 2
    CUBLASLT_ALGO_CAP_CTA_SWIZZLING_SUPPORT      = 0
    CUBLASLT_ALGO_CAP_STRIDED_BATCH_SUPPORT      = 1
    CUBLASLT_ALGO_CAP_OUT_OF_PLACE_RESULT_SUPPORT = 1
    CUBLASLT_ALGO_CAP_CUSTOM_OPTION_MAX          = 7
    CUBLASLT_ALGO_CAP_POINTER_MODE_MASK          = 3
    CUBLASLT_ALGO_CAP_EPILOGUE_MASK              = 1023
    CUBLASLT_ALGO_CAP_TILE_IDS                   = --  (status=7 wrote=0)
    CUBLASLT_ALGO_CAP_STAGES_IDS                 = [36] (n=1, elem=4B)
    CUBLASLT_ALGO_CONFIG_CLUSTER_SHAPE_ID sz=2 → status=0 wrote=2 val=3

# Winner:  rank=1  tile=23  stages=36  cluster=3  inner=-1  splitk=1  swizzle=0  ms=0.5903  cyc=1089878

@@RESULT ms=0.5903 cyc=1089878 tflops=3297.69 checksum=0.000000 valid=1 c0=0.0
--- cublas epi=0 rep 1/1 ec=0
### CUBLASLT INTROSPECT M=928256 N=1024 K=1024 epi=none
### Heuristics returned: 8

# TSV
rank	heur	ms	cyc	algoId	tile	stages	cluster	inner	splitk	redux	swizzle	custom	waves	ws_MB
1	0	0.5475	1010938	66	23	36	3	-1	1	0	0	1	196.00	0.0
2	2	0.5717	1054988	66	32	36	3	-1	1	0	0	1	261.35	0.0
3	3	0.6134	1131951	66	29	36	3	-1	1	0	0	1	313.62	0.0
4	6	0.6619	1221321	66	20	36	3	-1	1	0	0	1	392.00	0.0
5	7	0.6967	1284982	66	513	36	3	-1	1	0	0	1	98.00	0.0
6	1	0.6999	1291429	66	24	36	5	-1	1	0	0	3	196.00	0.0
7	4	0.7170	1322854	66	201	36	5	-1	1	0	0	2	294.00	0.0
8	5	0.7945	1466089	66	495	36	5	-1	1	0	0	3	261.35	0.0

# Top-3 caps:

## rank=1  algoId=66  tile=23  stages=36  cluster=3  inner=-1  ms=0.5475
    CUBLASLT_ALGO_CAP_REDUCTION_SCHEME_MASK      = 2
    CUBLASLT_ALGO_CAP_CTA_SWIZZLING_SUPPORT      = 0
    CUBLASLT_ALGO_CAP_STRIDED_BATCH_SUPPORT      = 1
    CUBLASLT_ALGO_CAP_OUT_OF_PLACE_RESULT_SUPPORT = 1
    CUBLASLT_ALGO_CAP_CUSTOM_OPTION_MAX          = 7
    CUBLASLT_ALGO_CAP_POINTER_MODE_MASK          = 3
    CUBLASLT_ALGO_CAP_EPILOGUE_MASK              = 1023
    CUBLASLT_ALGO_CAP_TILE_IDS                   = --  (status=7 wrote=0)
    CUBLASLT_ALGO_CAP_STAGES_IDS                 = [36] (n=1, elem=4B)
    CUBLASLT_ALGO_CONFIG_CLUSTER_SHAPE_ID sz=2 → status=0 wrote=2 val=3

## rank=2  algoId=66  tile=32  stages=36  cluster=3  inner=-1  ms=0.5717
    CUBLASLT_ALGO_CAP_REDUCTION_SCHEME_MASK      = 2
    CUBLASLT_ALGO_CAP_CTA_SWIZZLING_SUPPORT      = 0
    CUBLASLT_ALGO_CAP_STRIDED_BATCH_SUPPORT      = 1
    CUBLASLT_ALGO_CAP_OUT_OF_PLACE_RESULT_SUPPORT = 1
    CUBLASLT_ALGO_CAP_CUSTOM_OPTION_MAX          = 7
    CUBLASLT_ALGO_CAP_POINTER_MODE_MASK          = 3
    CUBLASLT_ALGO_CAP_EPILOGUE_MASK              = 1023
    CUBLASLT_ALGO_CAP_TILE_IDS                   = --  (status=7 wrote=0)
    CUBLASLT_ALGO_CAP_STAGES_IDS                 = [36] (n=1, elem=4B)
    CUBLASLT_ALGO_CONFIG_CLUSTER_SHAPE_ID sz=2 → status=0 wrote=2 val=3

## rank=3  algoId=66  tile=29  stages=36  cluster=3  inner=-1  ms=0.6134
    CUBLASLT_ALGO_CAP_REDUCTION_SCHEME_MASK      = 2
    CUBLASLT_ALGO_CAP_CTA_SWIZZLING_SUPPORT      = 0
    CUBLASLT_ALGO_CAP_STRIDED_BATCH_SUPPORT      = 1
    CUBLASLT_ALGO_CAP_OUT_OF_PLACE_RESULT_SUPPORT = 1
    CUBLASLT_ALGO_CAP_CUSTOM_OPTION_MAX          = 7
    CUBLASLT_ALGO_CAP_POINTER_MODE_MASK          = 3
    CUBLASLT_ALGO_CAP_EPILOGUE_MASK              = 1023
    CUBLASLT_ALGO_CAP_TILE_IDS                   = --  (status=7 wrote=0)
    CUBLASLT_ALGO_CAP_STAGES_IDS                 = [36] (n=1, elem=4B)
    CUBLASLT_ALGO_CONFIG_CLUSTER_SHAPE_ID sz=2 → status=0 wrote=2 val=3

# Winner:  rank=1  tile=23  stages=36  cluster=3  inner=-1  splitk=1  swizzle=0  ms=0.5475  cyc=1010938

@@RESULT ms=0.5475 cyc=1010938 tflops=3555.70 checksum=0.000000 valid=1 c0=0.0

[build] N=1024 K=2048 M=928256 flags=['-DM_TOTAL=928256', '-DN_DIM=1024', '-DK_DIM=2048']
$ make -B fc2-w3x DFLAGS=-DM_TOTAL=928256 -DN_DIM=1024 -DK_DIM=2048
nvcc -gencode arch=compute_100a,code=sm_100a -O3 -std=c++17 -lineinfo --ptxas-options=-v --cudart=static -DM_TOTAL=928256 -DN_DIM=1024 -DK_DIM=2048 fc2_w3x.cu -o fc2-w3x -lcurand_static -lculibos -lcuda
ptxas info    : 0 bytes gmem
ptxas info    : Compiling entry function '_Z14fc2_w3x_kernelILi54ELi8ELi64EEv14CUtensorMap_stS0_S0_PK13__nv_bfloat16PS1_PmS5_S5_S5_S5_' for 'sm_100a'
ptxas info    : Function properties for _Z14fc2_w3x_kernelILi54ELi8ELi64EEv14CUtensorMap_stS0_S0_PK13__nv_bfloat16PS1_PmS5_S5_S5_S5_
    0 bytes stack frame, 0 bytes spill stores, 0 bytes spill loads
ptxas info    : Used 72 registers, used 1 barriers
ptxas info    : Compile time = 68.976 ms
ptxas info    : Compiling entry function '_Z14fc2_w3x_kernelILi54ELi8ELi48EEv14CUtensorMap_stS0_S0_PK13__nv_bfloat16PS1_PmS5_S5_S5_S5_' for 'sm_100a'
ptxas info    : Function properties for _Z14fc2_w3x_kernelILi54ELi8ELi48EEv14CUtensorMap_stS0_S0_PK13__nv_bfloat16PS1_PmS5_S5_S5_S5_
    0 bytes stack frame, 0 bytes spill stores, 0 bytes spill loads
ptxas info    : Used 72 registers, used 1 barriers
ptxas info    : Compile time = 66.355 ms
ptxas info    : Compiling entry function '_Z14fc2_w3x_kernelILi54ELi8ELi32EEv14CUtensorMap_stS0_S0_PK13__nv_bfloat16PS1_PmS5_S5_S5_S5_' for 'sm_100a'
ptxas info    : Function properties for _Z14fc2_w3x_kernelILi54ELi8ELi32EEv14CUtensorMap_stS0_S0_PK13__nv_bfloat16PS1_PmS5_S5_S5_S5_
    0 bytes stack frame, 0 bytes spill stores, 0 bytes spill loads
ptxas info    : Used 72 registers, used 1 barriers
ptxas info    : Compile time = 66.733 ms
ptxas info    : Compiling entry function '_Z14fc2_w3x_kernelILi54ELi8ELi24EEv14CUtensorMap_stS0_S0_PK13__nv_bfloat16PS1_PmS5_S5_S5_S5_' for 'sm_100a'
ptxas info    : Function properties for _Z14fc2_w3x_kernelILi54ELi8ELi24EEv14CUtensorMap_stS0_S0_PK13__nv_bfloat16PS1_PmS5_S5_S5_S5_
    0 bytes stack frame, 0 bytes spill stores, 0 bytes spill loads
ptxas info    : Used 72 registers, used 1 barriers
ptxas info    : Compile time = 66.448 ms
ptxas info    : Compiling entry function '_Z14fc2_w3x_kernelILi54ELi8ELi16EEv14CUtensorMap_stS0_S0_PK13__nv_bfloat16PS1_PmS5_S5_S5_S5_' for 'sm_100a'
ptxas info    : Function properties for _Z14fc2_w3x_kernelILi54ELi8ELi16EEv14CUtensorMap_stS0_S0_PK13__nv_bfloat16PS1_PmS5_S5_S5_S5_
    0 bytes stack frame, 0 bytes spill stores, 0 bytes spill loads
ptxas info    : Used 72 registers, used 1 barriers
ptxas info    : Compile time = 66.863 ms
ptxas info    : Compiling entry function '_Z14fc2_w3x_kernelILi54ELi8ELi12EEv14CUtensorMap_stS0_S0_PK13__nv_bfloat16PS1_PmS5_S5_S5_S5_' for 'sm_100a'
ptxas info    : Function properties for _Z14fc2_w3x_kernelILi54ELi8ELi12EEv14CUtensorMap_stS0_S0_PK13__nv_bfloat16PS1_PmS5_S5_S5_S5_
    0 bytes stack frame, 0 bytes spill stores, 0 bytes spill loads
ptxas info    : Used 72 registers, used 1 barriers
ptxas info    : Compile time = 65.367 ms
ptxas info    : Compiling entry function '_Z14fc2_w3x_kernelILi54ELi8ELi8EEv14CUtensorMap_stS0_S0_PK13__nv_bfloat16PS1_PmS5_S5_S5_S5_' for 'sm_100a'
ptxas info    : Function properties for _Z14fc2_w3x_kernelILi54ELi8ELi8EEv14CUtensorMap_stS0_S0_PK13__nv_bfloat16PS1_PmS5_S5_S5_S5_
    0 bytes stack frame, 0 bytes spill stores, 0 bytes spill loads
ptxas info    : Used 72 registers, used 1 barriers
ptxas info    : Compile time = 64.795 ms
ptxas info    : Compiling entry function '_Z14fc2_w3x_kernelILi54ELi8ELi4EEv14CUtensorMap_stS0_S0_PK13__nv_bfloat16PS1_PmS5_S5_S5_S5_' for 'sm_100a'
ptxas info    : Function properties for _Z14fc2_w3x_kernelILi54ELi8ELi4EEv14CUtensorMap_stS0_S0_PK13__nv_bfloat16PS1_PmS5_S5_S5_S5_
    0 bytes stack frame, 0 bytes spill stores, 0 bytes spill loads
ptxas info    : Used 72 registers, used 1 barriers
ptxas info    : Compile time = 64.578 ms
ptxas info    : Compiling entry function '_Z14fc2_w3x_kernelILi54ELi8ELi0EEv14CUtensorMap_stS0_S0_PK13__nv_bfloat16PS1_PmS5_S5_S5_S5_' for 'sm_100a'
ptxas info    : Function properties for _Z14fc2_w3x_kernelILi54ELi8ELi0EEv14CUtensorMap_stS0_S0_PK13__nv_bfloat16PS1_PmS5_S5_S5_S5_
    0 bytes stack frame, 0 bytes spill stores, 0 bytes spill loads
ptxas info    : Used 72 registers, used 1 barriers
ptxas info    : Compile time = 64.590 ms
ptxas info    : Compiling entry function '_Z14fc2_w3x_kernelILi99ELi8ELi20EEv14CUtensorMap_stS0_S0_PK13__nv_bfloat16PS1_PmS5_S5_S5_S5_' for 'sm_100a'
ptxas info    : Function properties for _Z14fc2_w3x_kernelILi99ELi8ELi20EEv14CUtensorMap_stS0_S0_PK13__nv_bfloat16PS1_PmS5_S5_S5_S5_
    0 bytes stack frame, 0 bytes spill stores, 0 bytes spill loads
ptxas info    : Used 72 registers, used 1 barriers
ptxas info    : Compile time = 65.557 ms
ptxas info    : Compiling entry function '_Z14fc2_w3x_kernelILi98ELi8ELi20EEv14CUtensorMap_stS0_S0_PK13__nv_bfloat16PS1_PmS5_S5_S5_S5_' for 'sm_100a'
ptxas info    : Function properties for _Z14fc2_w3x_kernelILi98ELi8ELi20EEv14CUtensorMap_stS0_S0_PK13__nv_bfloat16PS1_PmS5_S5_S5_S5_
    0 bytes stack frame, 0 bytes spill stores, 0 bytes spill loads
ptxas info    : Used 72 registers, used 1 barriers
ptxas info    : Compile time = 65.967 ms
ptxas info    : Compiling entry function '_Z14fc2_w3x_kernelILi97ELi8ELi20EEv14CUtensorMap_stS0_S0_PK13__nv_bfloat16PS1_PmS5_S5_S5_S5_' for 'sm_100a'
ptxas info    : Function properties for _Z14fc2_w3x_kernelILi97ELi8ELi20EEv14CUtensorMap_stS0_S0_PK13__nv_bfloat16PS1_PmS5_S5_S5_S5_
    0 bytes stack frame, 0 bytes spill stores, 0 bytes spill loads
ptxas info    : Used 72 registers, used 1 barriers
ptxas info    : Compile time = 66.011 ms
ptxas info    : Compiling entry function '_Z14fc2_w3x_kernelILi96ELi8ELi20EEv14CUtensorMap_stS0_S0_PK13__nv_bfloat16PS1_PmS5_S5_S5_S5_' for 'sm_100a'
ptxas info    : Function properties for _Z14fc2_w3x_kernelILi96ELi8ELi20EEv14CUtensorMap_stS0_S0_PK13__nv_bfloat16PS1_PmS5_S5_S5_S5_
    0 bytes stack frame, 0 bytes spill stores, 0 bytes spill loads
ptxas info    : Used 72 registers, used 1 barriers
ptxas info    : Compile time = 65.813 ms
ptxas info    : Compiling entry function '_Z14fc2_w3x_kernelILi95ELi8ELi20EEv14CUtensorMap_stS0_S0_PK13__nv_bfloat16PS1_PmS5_S5_S5_S5_' for 'sm_100a'
ptxas info    : Function properties for _Z14fc2_w3x_kernelILi95ELi8ELi20EEv14CUtensorMap_stS0_S0_PK13__nv_bfloat16PS1_PmS5_S5_S5_S5_
    0 bytes stack frame, 0 bytes spill stores, 0 bytes spill loads
ptxas info    : Used 72 registers, used 1 barriers
ptxas info    : Compile time = 64.844 ms
ptxas info    : Compiling entry function '_Z14fc2_w3x_kernelILi94ELi8ELi20EEv14CUtensorMap_stS0_S0_PK13__nv_bfloat16PS1_PmS5_S5_S5_S5_' for 'sm_100a'
ptxas info    : Function properties for _Z14fc2_w3x_kernelILi94ELi8ELi20EEv14CUtensorMap_stS0_S0_PK13__nv_bfloat16PS1_PmS5_S5_S5_S5_
    0 bytes stack frame, 0 bytes spill stores, 0 bytes spill loads
ptxas info    : Used 72 registers, used 1 barriers
ptxas info    : Compile time = 65.101 ms
ptxas info    : Compiling entry function '_Z14fc2_w3x_kernelILi93ELi8ELi20EEv14CUtensorMap_stS0_S0_PK13__nv_bfloat16PS1_PmS5_S5_S5_S5_' for 'sm_100a'
ptxas info    : Function properties for _Z14fc2_w3x_kernelILi93ELi8ELi20EEv14CUtensorMap_stS0_S0_PK13__nv_bfloat16PS1_PmS5_S5_S5_S5_
    0 bytes stack frame, 0 bytes spill stores, 0 bytes spill loads
ptxas info    : Used 72 registers, used 1 barriers
ptxas info    : Compile time = 65.563 ms
ptxas info    : Compiling entry function '_Z14fc2_w3x_kernelILi92ELi8ELi20EEv14CUtensorMap_stS0_S0_PK13__nv_bfloat16PS1_PmS5_S5_S5_S5_' for 'sm_100a'
ptxas info    : Function properties for _Z14fc2_w3x_kernelILi92ELi8ELi20EEv14CUtensorMap_stS0_S0_PK13__nv_bfloat16PS1_PmS5_S5_S5_S5_
    0 bytes stack frame, 0 bytes spill stores, 0 bytes spill loads
ptxas info    : Used 72 registers, used 1 barriers
ptxas info    : Compile time = 65.447 ms
ptxas info    : Compiling entry function '_Z14fc2_w3x_kernelILi91ELi8ELi20EEv14CUtensorMap_stS0_S0_PK13__nv_bfloat16PS1_PmS5_S5_S5_S5_' for 'sm_100a'
ptxas info    : Function properties for _Z14fc2_w3x_kernelILi91ELi8ELi20EEv14CUtensorMap_stS0_S0_PK13__nv_bfloat16PS1_PmS5_S5_S5_S5_
    0 bytes stack frame, 0 bytes spill stores, 0 bytes spill loads
ptxas info    : Used 72 registers, used 1 barriers
ptxas info    : Compile time = 65.026 ms
ptxas info    : Compiling entry function '_Z14fc2_w3x_kernelILi90ELi8ELi20EEv14CUtensorMap_stS0_S0_PK13__nv_bfloat16PS1_PmS5_S5_S5_S5_' for 'sm_100a'
ptxas info    : Function properties for _Z14fc2_w3x_kernelILi90ELi8ELi20EEv14CUtensorMap_stS0_S0_PK13__nv_bfloat16PS1_PmS5_S5_S5_S5_
    0 bytes stack frame, 0 bytes spill stores, 0 bytes spill loads
ptxas info    : Used 72 registers, used 1 barriers
ptxas info    : Compile time = 65.102 ms
ptxas info    : Compiling entry function '_Z14fc2_w3x_kernelILi89ELi8ELi20EEv14CUtensorMap_stS0_S0_PK13__nv_bfloat16PS1_PmS5_S5_S5_S5_' for 'sm_100a'
ptxas info    : Function properties for _Z14fc2_w3x_kernelILi89ELi8ELi20EEv14CUtensorMap_stS0_S0_PK13__nv_bfloat16PS1_PmS5_S5_S5_S5_
    0 bytes stack frame, 0 bytes spill stores, 0 bytes spill loads
ptxas info    : Used 72 registers, used 1 barriers
ptxas info    : Compile time = 65.037 ms
ptxas info    : Compiling entry function '_Z14fc2_w3x_kernelILi88ELi8ELi20EEv14CUtensorMap_stS0_S0_PK13__nv_bfloat16PS1_PmS5_S5_S5_S5_' for 'sm_100a'
ptxas info    : Function properties for _Z14fc2_w3x_kernelILi88ELi8ELi20EEv14CUtensorMap_stS0_S0_PK13__nv_bfloat16PS1_PmS5_S5_S5_S5_
    0 bytes stack frame, 0 bytes spill stores, 0 bytes spill loads
ptxas info    : Used 72 registers, used 1 barriers
ptxas info    : Compile time = 64.915 ms
ptxas info    : Compiling entry function '_Z14fc2_w3x_kernelILi87ELi8ELi20EEv14CUtensorMap_stS0_S0_PK13__nv_bfloat16PS1_PmS5_S5_S5_S5_' for 'sm_100a'
ptxas info    : Function properties for _Z14fc2_w3x_kernelILi87ELi8ELi20EEv14CUtensorMap_stS0_S0_PK13__nv_bfloat16PS1_PmS5_S5_S5_S5_
    0 bytes stack frame, 0 bytes spill stores, 0 bytes spill loads
ptxas info    : Used 72 registers, used 1 barriers
ptxas info    : Compile time = 65.356 ms
ptxas info    : Compiling entry function '_Z14fc2_w3x_kernelILi86ELi8ELi20EEv14CUtensorMap_stS0_S0_PK13__nv_bfloat16PS1_PmS5_S5_S5_S5_' for 'sm_100a'
ptxas info    : Function properties for _Z14fc2_w3x_kernelILi86ELi8ELi20EEv14CUtensorMap_stS0_S0_PK13__nv_bfloat16PS1_PmS5_S5_S5_S5_
    0 bytes stack frame, 0 bytes spill stores, 0 bytes spill loads
ptxas info    : Used 72 registers, used 1 barriers
ptxas info    : Compile time = 65.258 ms
ptxas info    : Compiling entry function '_Z14fc2_w3x_kernelILi85ELi8ELi20EEv14CUtensorMap_stS0_S0_PK13__nv_bfloat16PS1_PmS5_S5_S5_S5_' for 'sm_100a'
ptxas info    : Function properties for _Z14fc2_w3x_kernelILi85ELi8ELi20EEv14CUtensorMap_stS0_S0_PK13__nv_bfloat16PS1_PmS5_S5_S5_S5_
    0 bytes stack frame, 0 bytes spill stores, 0 bytes spill loads
ptxas info    : Used 72 registers, used 1 barriers
ptxas info    : Compile time = 65.103 ms
ptxas info    : Compiling entry function '_Z14fc2_w3x_kernelILi84ELi8ELi20EEv14CUtensorMap_stS0_S0_PK13__nv_bfloat16PS1_PmS5_S5_S5_S5_' for 'sm_100a'
ptxas info    : Function properties for _Z14fc2_w3x_kernelILi84ELi8ELi20EEv14CUtensorMap_stS0_S0_PK13__nv_bfloat16PS1_PmS5_S5_S5_S5_
    0 bytes stack frame, 0 bytes spill stores, 0 bytes spill loads
ptxas info    : Used 72 registers, used 1 barriers
ptxas info    : Compile time = 64.837 ms
ptxas info    : Compiling entry function '_Z14fc2_w3x_kernelILi83ELi8ELi20EEv14CUtensorMap_stS0_S0_PK13__nv_bfloat16PS1_PmS5_S5_S5_S5_' for 'sm_100a'
ptxas info    : Function properties for _Z14fc2_w3x_kernelILi83ELi8ELi20EEv14CUtensorMap_stS0_S0_PK13__nv_bfloat16PS1_PmS5_S5_S5_S5_
    0 bytes stack frame, 0 bytes spill stores, 0 bytes spill loads
ptxas info    : Used 72 registers, used 1 barriers
ptxas info    : Compile time = 64.668 ms
ptxas info    : Compiling entry function '_Z14fc2_w3x_kernelILi82ELi8ELi20EEv14CUtensorMap_stS0_S0_PK13__nv_bfloat16PS1_PmS5_S5_S5_S5_' for 'sm_100a'
ptxas info    : Function properties for _Z14fc2_w3x_kernelILi82ELi8ELi20EEv14CUtensorMap_stS0_S0_PK13__nv_bfloat16PS1_PmS5_S5_S5_S5_
    0 bytes stack frame, 0 bytes spill stores, 0 bytes spill loads
ptxas info    : Used 72 registers, used 1 barriers
ptxas info    : Compile time = 64.391 ms
ptxas info    : Compiling entry function '_Z14fc2_w3x_kernelILi81ELi8ELi20EEv14CUtensorMap_stS0_S0_PK13__nv_bfloat16PS1_PmS5_S5_S5_S5_' for 'sm_100a'
ptxas info    : Function properties for _Z14fc2_w3x_kernelILi81ELi8ELi20EEv14CUtensorMap_stS0_S0_PK13__nv_bfloat16PS1_PmS5_S5_S5_S5_
    0 bytes stack frame, 0 bytes spill stores, 0 bytes spill loads
ptxas info    : Used 72 registers, used 1 barriers
ptxas info    : Compile time = 64.730 ms
ptxas info    : Compiling entry function '_Z14fc2_w3x_kernelILi80ELi8ELi20EEv14CUtensorMap_stS0_S0_PK13__nv_bfloat16PS1_PmS5_S5_S5_S5_' for 'sm_100a'
ptxas info    : Function properties for _Z14fc2_w3x_kernelILi80ELi8ELi20EEv14CUtensorMap_stS0_S0_PK13__nv_bfloat16PS1_PmS5_S5_S5_S5_
    0 bytes stack frame, 0 bytes spill stores, 0 bytes spill loads
ptxas info    : Used 72 registers, used 1 barriers
ptxas info    : Compile time = 65.069 ms
ptxas info    : Compiling entry function '_Z14fc2_w3x_kernelILi58ELi8ELi20EEv14CUtensorMap_stS0_S0_PK13__nv_bfloat16PS1_PmS5_S5_S5_S5_' for 'sm_100a'
ptxas info    : Function properties for _Z14fc2_w3x_kernelILi58ELi8ELi20EEv14CUtensorMap_stS0_S0_PK13__nv_bfloat16PS1_PmS5_S5_S5_S5_
    0 bytes stack frame, 0 bytes spill stores, 0 bytes spill loads
ptxas info    : Used 72 registers, used 1 barriers
ptxas info    : Compile time = 65.071 ms
ptxas info    : Compiling entry function '_Z14fc2_w3x_kernelILi57ELi8ELi20EEv14CUtensorMap_stS0_S0_PK13__nv_bfloat16PS1_PmS5_S5_S5_S5_' for 'sm_100a'
ptxas info    : Function properties for _Z14fc2_w3x_kernelILi57ELi8ELi20EEv14CUtensorMap_stS0_S0_PK13__nv_bfloat16PS1_PmS5_S5_S5_S5_
    0 bytes stack frame, 0 bytes spill stores, 0 bytes spill loads
ptxas info    : Used 72 registers, used 1 barriers
ptxas info    : Compile time = 65.204 ms
ptxas info    : Compiling entry function '_Z14fc2_w3x_kernelILi56ELi8ELi20EEv14CUtensorMap_stS0_S0_PK13__nv_bfloat16PS1_PmS5_S5_S5_S5_' for 'sm_100a'
ptxas info    : Function properties for _Z14fc2_w3x_kernelILi56ELi8ELi20EEv14CUtensorMap_stS0_S0_PK13__nv_bfloat16PS1_PmS5_S5_S5_S5_
    0 bytes stack frame, 0 bytes spill stores, 0 bytes spill loads
ptxas info    : Used 72 registers, used 1 barriers
ptxas info    : Compile time = 65.631 ms
ptxas info    : Compiling entry function '_Z14fc2_w3x_kernelILi55ELi8ELi20EEv14CUtensorMap_stS0_S0_PK13__nv_bfloat16PS1_PmS5_S5_S5_S5_' for 'sm_100a'
ptxas info    : Function properties for _Z14fc2_w3x_kernelILi55ELi8ELi20EEv14CUtensorMap_stS0_S0_PK13__nv_bfloat16PS1_PmS5_S5_S5_S5_
    0 bytes stack frame, 0 bytes spill stores, 0 bytes spill loads
ptxas info    : Used 72 registers, used 1 barriers
ptxas info    : Compile time = 64.906 ms
ptxas info    : Compiling entry function '_Z14fc2_w3x_kernelILi54ELi8ELi20EEv14CUtensorMap_stS0_S0_PK13__nv_bfloat16PS1_PmS5_S5_S5_S5_' for 'sm_100a'
ptxas info    : Function properties for _Z14fc2_w3x_kernelILi54ELi8ELi20EEv14CUtensorMap_stS0_S0_PK13__nv_bfloat16PS1_PmS5_S5_S5_S5_
    0 bytes stack frame, 0 bytes spill stores, 0 bytes spill loads
ptxas info    : Used 72 registers, used 1 barriers
ptxas info    : Compile time = 64.624 ms
ptxas info    : Compiling entry function '_Z14fc2_w3x_kernelILi53ELi8ELi20EEv14CUtensorMap_stS0_S0_PK13__nv_bfloat16PS1_PmS5_S5_S5_S5_' for 'sm_100a'
ptxas info    : Function properties for _Z14fc2_w3x_kernelILi53ELi8ELi20EEv14CUtensorMap_stS0_S0_PK13__nv_bfloat16PS1_PmS5_S5_S5_S5_
    0 bytes stack frame, 0 bytes spill stores, 0 bytes spill loads
ptxas info    : Used 72 registers, used 1 barriers
ptxas info    : Compile time = 65.162 ms
ptxas info    : Compiling entry function '_Z14fc2_w3x_kernelILi52ELi8ELi20EEv14CUtensorMap_stS0_S0_PK13__nv_bfloat16PS1_PmS5_S5_S5_S5_' for 'sm_100a'
ptxas info    : Function properties for _Z14fc2_w3x_kernelILi52ELi8ELi20EEv14CUtensorMap_stS0_S0_PK13__nv_bfloat16PS1_PmS5_S5_S5_S5_
    0 bytes stack frame, 0 bytes spill stores, 0 bytes spill loads
ptxas info    : Used 72 registers, used 1 barriers
ptxas info    : Compile time = 65.563 ms
ptxas info    : Compiling entry function '_Z14fc2_w3x_kernelILi51ELi8ELi20EEv14CUtensorMap_stS0_S0_PK13__nv_bfloat16PS1_PmS5_S5_S5_S5_' for 'sm_100a'
ptxas info    : Function properties for _Z14fc2_w3x_kernelILi51ELi8ELi20EEv14CUtensorMap_stS0_S0_PK13__nv_bfloat16PS1_PmS5_S5_S5_S5_
    0 bytes stack frame, 0 bytes spill stores, 0 bytes spill loads
ptxas info    : Used 72 registers, used 1 barriers
ptxas info    : Compile time = 65.747 ms
ptxas info    : Compiling entry function '_Z14fc2_w3x_kernelILi50ELi8ELi20EEv14CUtensorMap_stS0_S0_PK13__nv_bfloat16PS1_PmS5_S5_S5_S5_' for 'sm_100a'
ptxas info    : Function properties for _Z14fc2_w3x_kernelILi50ELi8ELi20EEv14CUtensorMap_stS0_S0_PK13__nv_bfloat16PS1_PmS5_S5_S5_S5_
    0 bytes stack frame, 0 bytes spill stores, 0 bytes spill loads
ptxas info    : Used 72 registers, used 1 barriers
ptxas info    : Compile time = 66.137 ms
ptxas info    : Compiling entry function '_Z14fc2_w3x_kernelILi49ELi8ELi20EEv14CUtensorMap_stS0_S0_PK13__nv_bfloat16PS1_PmS5_S5_S5_S5_' for 'sm_100a'
ptxas info    : Function properties for _Z14fc2_w3x_kernelILi49ELi8ELi20EEv14CUtensorMap_stS0_S0_PK13__nv_bfloat16PS1_PmS5_S5_S5_S5_
    0 bytes stack frame, 0 bytes spill stores, 0 bytes spill loads
ptxas info    : Used 72 registers, used 1 barriers
ptxas info    : Compile time = 65.950 ms
ptxas info    : Compiling entry function '_Z14fc2_w3x_kernelILi19ELi16ELi20EEv14CUtensorMap_stS0_S0_PK13__nv_bfloat16PS1_PmS5_S5_S5_S5_' for 'sm_100a'
ptxas info    : Function properties for _Z14fc2_w3x_kernelILi19ELi16ELi20EEv14CUtensorMap_stS0_S0_PK13__nv_bfloat16PS1_PmS5_S5_S5_S5_
    0 bytes stack frame, 0 bytes spill stores, 0 bytes spill loads
ptxas info    : Used 72 registers, used 1 barriers
ptxas info    : Compile time = 64.349 ms
ptxas info    : Compiling entry function '_Z14fc2_w3x_kernelILi19ELi4ELi20EEv14CUtensorMap_stS0_S0_PK13__nv_bfloat16PS1_PmS5_S5_S5_S5_' for 'sm_100a'
ptxas info    : Function properties for _Z14fc2_w3x_kernelILi19ELi4ELi20EEv14CUtensorMap_stS0_S0_PK13__nv_bfloat16PS1_PmS5_S5_S5_S5_
    0 bytes stack frame, 0 bytes spill stores, 0 bytes spill loads
ptxas info    : Used 72 registers, used 1 barriers
ptxas info    : Compile time = 65.100 ms
ptxas info    : Compiling entry function '_Z14fc2_w3x_kernelILi48ELi8ELi20EEv14CUtensorMap_stS0_S0_PK13__nv_bfloat16PS1_PmS5_S5_S5_S5_' for 'sm_100a'
ptxas info    : Function properties for _Z14fc2_w3x_kernelILi48ELi8ELi20EEv14CUtensorMap_stS0_S0_PK13__nv_bfloat16PS1_PmS5_S5_S5_S5_
    0 bytes stack frame, 0 bytes spill stores, 0 bytes spill loads
ptxas info    : Used 72 registers, used 1 barriers
ptxas info    : Compile time = 65.437 ms
ptxas info    : Compiling entry function '_Z14fc2_w3x_kernelILi47ELi8ELi20EEv14CUtensorMap_stS0_S0_PK13__nv_bfloat16PS1_PmS5_S5_S5_S5_' for 'sm_100a'
ptxas info    : Function properties for _Z14fc2_w3x_kernelILi47ELi8ELi20EEv14CUtensorMap_stS0_S0_PK13__nv_bfloat16PS1_PmS5_S5_S5_S5_
    0 bytes stack frame, 0 bytes spill stores, 0 bytes spill loads
ptxas info    : Used 72 registers, used 1 barriers
ptxas info    : Compile time = 65.285 ms
ptxas info    : Compiling entry function '_Z14fc2_w3x_kernelILi46ELi8ELi20EEv14CUtensorMap_stS0_S0_PK13__nv_bfloat16PS1_PmS5_S5_S5_S5_' for 'sm_100a'
ptxas info    : Function properties for _Z14fc2_w3x_kernelILi46ELi8ELi20EEv14CUtensorMap_stS0_S0_PK13__nv_bfloat16PS1_PmS5_S5_S5_S5_
    0 bytes stack frame, 0 bytes spill stores, 0 bytes spill loads
ptxas info    : Used 72 registers, used 1 barriers
ptxas info    : Compile time = 65.739 ms
ptxas info    : Compiling entry function '_Z14fc2_w3x_kernelILi45ELi8ELi20EEv14CUtensorMap_stS0_S0_PK13__nv_bfloat16PS1_PmS5_S5_S5_S5_' for 'sm_100a'
ptxas info    : Function properties for _Z14fc2_w3x_kernelILi45ELi8ELi20EEv14CUtensorMap_stS0_S0_PK13__nv_bfloat16PS1_PmS5_S5_S5_S5_
    0 bytes stack frame, 0 bytes spill stores, 0 bytes spill loads
ptxas info    : Used 72 registers, used 1 barriers
ptxas info    : Compile time = 65.187 ms
ptxas info    : Compiling entry function '_Z14fc2_w3x_kernelILi44ELi8ELi20EEv14CUtensorMap_stS0_S0_PK13__nv_bfloat16PS1_PmS5_S5_S5_S5_' for 'sm_100a'
ptxas info    : Function properties for _Z14fc2_w3x_kernelILi44ELi8ELi20EEv14CUtensorMap_stS0_S0_PK13__nv_bfloat16PS1_PmS5_S5_S5_S5_
    0 bytes stack frame, 0 bytes spill stores, 0 bytes spill loads
ptxas info    : Used 72 registers, used 1 barriers
ptxas info    : Compile time = 64.559 ms
ptxas info    : Compiling entry function '_Z14fc2_w3x_kernelILi43ELi8ELi20EEv14CUtensorMap_stS0_S0_PK13__nv_bfloat16PS1_PmS5_S5_S5_S5_' for 'sm_100a'
ptxas info    : Function properties for _Z14fc2_w3x_kernelILi43ELi8ELi20EEv14CUtensorMap_stS0_S0_PK13__nv_bfloat16PS1_PmS5_S5_S5_S5_
    0 bytes stack frame, 0 bytes spill stores, 0 bytes spill loads
ptxas info    : Used 72 registers, used 1 barriers
ptxas info    : Compile time = 64.221 ms
ptxas info    : Compiling entry function '_Z14fc2_w3x_kernelILi41ELi8ELi20EEv14CUtensorMap_stS0_S0_PK13__nv_bfloat16PS1_PmS5_S5_S5_S5_' for 'sm_100a'
ptxas info    : Function properties for _Z14fc2_w3x_kernelILi41ELi8ELi20EEv14CUtensorMap_stS0_S0_PK13__nv_bfloat16PS1_PmS5_S5_S5_S5_
    0 bytes stack frame, 0 bytes spill stores, 0 bytes spill loads
ptxas info    : Used 72 registers, used 1 barriers
ptxas info    : Compile time = 62.131 ms
ptxas info    : Compiling entry function '_Z14fc2_w3x_kernelILi40ELi8ELi20EEv14CUtensorMap_stS0_S0_PK13__nv_bfloat16PS1_PmS5_S5_S5_S5_' for 'sm_100a'
ptxas info    : Function properties for _Z14fc2_w3x_kernelILi40ELi8ELi20EEv14CUtensorMap_stS0_S0_PK13__nv_bfloat16PS1_PmS5_S5_S5_S5_
    0 bytes stack frame, 0 bytes spill stores, 0 bytes spill loads
ptxas info    : Used 72 registers, used 1 barriers
ptxas info    : Compile time = 63.470 ms
ptxas info    : Compiling entry function '_Z14fc2_w3x_kernelILi39ELi8ELi20EEv14CUtensorMap_stS0_S0_PK13__nv_bfloat16PS1_PmS5_S5_S5_S5_' for 'sm_100a'
ptxas info    : Function properties for _Z14fc2_w3x_kernelILi39ELi8ELi20EEv14CUtensorMap_stS0_S0_PK13__nv_bfloat16PS1_PmS5_S5_S5_S5_
    0 bytes stack frame, 0 bytes spill stores, 0 bytes spill loads
ptxas info    : Used 72 registers, used 1 barriers
ptxas info    : Compile time = 65.058 ms
ptxas info    : Compiling entry function '_Z14fc2_w3x_kernelILi38ELi8ELi20EEv14CUtensorMap_stS0_S0_PK13__nv_bfloat16PS1_PmS5_S5_S5_S5_' for 'sm_100a'
ptxas info    : Function properties for _Z14fc2_w3x_kernelILi38ELi8ELi20EEv14CUtensorMap_stS0_S0_PK13__nv_bfloat16PS1_PmS5_S5_S5_S5_
    0 bytes stack frame, 0 bytes spill stores, 0 bytes spill loads
ptxas info    : Used 72 registers, used 1 barriers
ptxas info    : Compile time = 65.829 ms
ptxas info    : Compiling entry function '_Z14fc2_w3x_kernelILi36ELi4ELi20EEv14CUtensorMap_stS0_S0_PK13__nv_bfloat16PS1_PmS5_S5_S5_S5_' for 'sm_100a'
ptxas info    : Function properties for _Z14fc2_w3x_kernelILi36ELi4ELi20EEv14CUtensorMap_stS0_S0_PK13__nv_bfloat16PS1_PmS5_S5_S5_S5_
    0 bytes stack frame, 0 bytes spill stores, 0 bytes spill loads
ptxas info    : Used 72 registers, used 1 barriers
ptxas info    : Compile time = 64.878 ms
ptxas info    : Compiling entry function '_Z14fc2_w3x_kernelILi35ELi4ELi20EEv14CUtensorMap_stS0_S0_PK13__nv_bfloat16PS1_PmS5_S5_S5_S5_' for 'sm_100a'
ptxas info    : Function properties for _Z14fc2_w3x_kernelILi35ELi4ELi20EEv14CUtensorMap_stS0_S0_PK13__nv_bfloat16PS1_PmS5_S5_S5_S5_
    0 bytes stack frame, 0 bytes spill stores, 0 bytes spill loads
ptxas info    : Used 72 registers, used 1 barriers
ptxas info    : Compile time = 65.925 ms
ptxas info    : Compiling entry function '_Z14fc2_w3x_kernelILi34ELi8ELi20EEv14CUtensorMap_stS0_S0_PK13__nv_bfloat16PS1_PmS5_S5_S5_S5_' for 'sm_100a'
ptxas info    : Function properties for _Z14fc2_w3x_kernelILi34ELi8ELi20EEv14CUtensorMap_stS0_S0_PK13__nv_bfloat16PS1_PmS5_S5_S5_S5_
    0 bytes stack frame, 0 bytes spill stores, 0 bytes spill loads
ptxas info    : Used 72 registers, used 1 barriers
ptxas info    : Compile time = 64.745 ms
ptxas info    : Compiling entry function '_Z14fc2_w3x_kernelILi33ELi8ELi20EEv14CUtensorMap_stS0_S0_PK13__nv_bfloat16PS1_PmS5_S5_S5_S5_' for 'sm_100a'
ptxas info    : Function properties for _Z14fc2_w3x_kernelILi33ELi8ELi20EEv14CUtensorMap_stS0_S0_PK13__nv_bfloat16PS1_PmS5_S5_S5_S5_
    0 bytes stack frame, 0 bytes spill stores, 0 bytes spill loads
ptxas info    : Used 72 registers, used 1 barriers
ptxas info    : Compile time = 65.294 ms
ptxas info    : Compiling entry function '_Z14fc2_w3x_kernelILi19ELi8ELi20EEv14CUtensorMap_stS0_S0_PK13__nv_bfloat16PS1_PmS5_S5_S5_S5_' for 'sm_100a'
ptxas info    : Function properties for _Z14fc2_w3x_kernelILi19ELi8ELi20EEv14CUtensorMap_stS0_S0_PK13__nv_bfloat16PS1_PmS5_S5_S5_S5_
    0 bytes stack frame, 0 bytes spill stores, 0 bytes spill loads
ptxas info    : Used 72 registers, used 1 barriers
ptxas info    : Compile time = 64.878 ms
ptxas info    : Compiling entry function '_Z14fc2_w3x_kernelILi18ELi8ELi20EEv14CUtensorMap_stS0_S0_PK13__nv_bfloat16PS1_PmS5_S5_S5_S5_' for 'sm_100a'
ptxas info    : Function properties for _Z14fc2_w3x_kernelILi18ELi8ELi20EEv14CUtensorMap_stS0_S0_PK13__nv_bfloat16PS1_PmS5_S5_S5_S5_
    0 bytes stack frame, 0 bytes spill stores, 0 bytes spill loads
ptxas info    : Used 72 registers, used 1 barriers
ptxas info    : Compile time = 64.799 ms
ptxas info    : Compiling entry function '_Z14fc2_w3x_kernelILi13ELi8ELi20EEv14CUtensorMap_stS0_S0_PK13__nv_bfloat16PS1_PmS5_S5_S5_S5_' for 'sm_100a'
ptxas info    : Function properties for _Z14fc2_w3x_kernelILi13ELi8ELi20EEv14CUtensorMap_stS0_S0_PK13__nv_bfloat16PS1_PmS5_S5_S5_S5_
    0 bytes stack frame, 0 bytes spill stores, 0 bytes spill loads
ptxas info    : Used 72 registers, used 1 barriers
ptxas info    : Compile time = 62.177 ms
ptxas info    : Compiling entry function '_Z14fc2_w3x_kernelILi11ELi8ELi20EEv14CUtensorMap_stS0_S0_PK13__nv_bfloat16PS1_PmS5_S5_S5_S5_' for 'sm_100a'
ptxas info    : Function properties for _Z14fc2_w3x_kernelILi11ELi8ELi20EEv14CUtensorMap_stS0_S0_PK13__nv_bfloat16PS1_PmS5_S5_S5_S5_
    0 bytes stack frame, 0 bytes spill stores, 0 bytes spill loads
ptxas info    : Used 72 registers, used 1 barriers
ptxas info    : Compile time = 62.272 ms
ptxas info    : Compiling entry function '_Z14fc2_w3x_kernelILi0ELi32ELi20EEv14CUtensorMap_stS0_S0_PK13__nv_bfloat16PS1_PmS5_S5_S5_S5_' for 'sm_100a'
ptxas info    : Function properties for _Z14fc2_w3x_kernelILi0ELi32ELi20EEv14CUtensorMap_stS0_S0_PK13__nv_bfloat16PS1_PmS5_S5_S5_S5_
    0 bytes stack frame, 0 bytes spill stores, 0 bytes spill loads
ptxas info    : Used 72 registers, used 1 barriers
ptxas info    : Compile time = 64.804 ms
ptxas info    : Compiling entry function '_Z14fc2_w3x_kernelILi0ELi16ELi20EEv14CUtensorMap_stS0_S0_PK13__nv_bfloat16PS1_PmS5_S5_S5_S5_' for 'sm_100a'
ptxas info    : Function properties for _Z14fc2_w3x_kernelILi0ELi16ELi20EEv14CUtensorMap_stS0_S0_PK13__nv_bfloat16PS1_PmS5_S5_S5_S5_
    0 bytes stack frame, 0 bytes spill stores, 0 bytes spill loads
ptxas info    : Used 72 registers, used 1 barriers
ptxas info    : Compile time = 64.535 ms
ptxas info    : Compiling entry function '_Z14fc2_w3x_kernelILi0ELi4ELi20EEv14CUtensorMap_stS0_S0_PK13__nv_bfloat16PS1_PmS5_S5_S5_S5_' for 'sm_100a'
ptxas info    : Function properties for _Z14fc2_w3x_kernelILi0ELi4ELi20EEv14CUtensorMap_stS0_S0_PK13__nv_bfloat16PS1_PmS5_S5_S5_S5_
    0 bytes stack frame, 0 bytes spill stores, 0 bytes spill loads
ptxas info    : Used 72 registers, used 1 barriers
ptxas info    : Compile time = 65.254 ms
ptxas info    : Compiling entry function '_Z14fc2_w3x_kernelILi0ELi2ELi20EEv14CUtensorMap_stS0_S0_PK13__nv_bfloat16PS1_PmS5_S5_S5_S5_' for 'sm_100a'
ptxas info    : Function properties for _Z14fc2_w3x_kernelILi0ELi2ELi20EEv14CUtensorMap_stS0_S0_PK13__nv_bfloat16PS1_PmS5_S5_S5_S5_
    0 bytes stack frame, 0 bytes spill stores, 0 bytes spill loads
ptxas info    : Used 72 registers, used 1 barriers
ptxas info    : Compile time = 63.406 ms
ptxas info    : Compiling entry function '_Z14fc2_w3x_kernelILi0ELi8ELi20EEv14CUtensorMap_stS0_S0_PK13__nv_bfloat16PS1_PmS5_S5_S5_S5_' for 'sm_100a'
ptxas info    : Function properties for _Z14fc2_w3x_kernelILi0ELi8ELi20EEv14CUtensorMap_stS0_S0_PK13__nv_bfloat16PS1_PmS5_S5_S5_S5_
    0 bytes stack frame, 0 bytes spill stores, 0 bytes spill loads
ptxas info    : Used 72 registers, used 1 barriers
ptxas info    : Compile time = 65.347 ms
--- rep 1/3 ec=0
FC2 W3X kernel — 6-warp bias-only rank-1-shaped persistent
  [928256,2048] x [1024,2048]^T  NS=6  THREADS=192  SMEM=216064 B  (cap 228KB)
  Alloc + init + pack done
  TMA + func attr done (SMEM=216064 B)  variant=default TD=0 DGG=8
Warmup (2 iters)...
Timing 1 reps × 10 iters/rep × 1 variant ...
@@SAMPLE rep=1 ms=0.92204 cyc=1692460 cyc_min=1681174 cyc_p50=1687338 cyc_p95=1691329 cyc_max=1692460
@@STATS reps=1 mean=0.92204 std=0.00000 min=0.92204 p25=0.92204 p50=0.92204 p75=0.92204 max=0.92204 iqr=0.00000
FC2-W3X kernel: 0.922 ms  4222.59 TFLOPS
PASS  errors=0/32
@@RESULT ms=0.9220 tflops=4222.59 checksum=0.000000 valid=1 c0=3072.0
--- rep 2/3 ec=0
FC2 W3X kernel — 6-warp bias-only rank-1-shaped persistent
  [928256,2048] x [1024,2048]^T  NS=6  THREADS=192  SMEM=216064 B  (cap 228KB)
  Alloc + init + pack done
  TMA + func attr done (SMEM=216064 B)  variant=default TD=0 DGG=8
Warmup (2 iters)...
Timing 1 reps × 10 iters/rep × 1 variant ...
@@SAMPLE rep=1 ms=0.92172 cyc=1691433 cyc_min=1681004 cyc_p50=1687356 cyc_p95=1690873 cyc_max=1691433
@@STATS reps=1 mean=0.92172 std=0.00000 min=0.92172 p25=0.92172 p50=0.92172 p75=0.92172 max=0.92172 iqr=0.00000
FC2-W3X kernel: 0.922 ms  4224.07 TFLOPS
PASS  errors=0/32
@@RESULT ms=0.9217 tflops=4224.07 checksum=0.000000 valid=1 c0=3072.0
--- rep 3/3 ec=0
FC2 W3X kernel — 6-warp bias-only rank-1-shaped persistent
  [928256,2048] x [1024,2048]^T  NS=6  THREADS=192  SMEM=216064 B  (cap 228KB)
  Alloc + init + pack done
  TMA + func attr done (SMEM=216064 B)  variant=default TD=0 DGG=8
Warmup (2 iters)...
Timing 1 reps × 10 iters/rep × 1 variant ...
@@SAMPLE rep=1 ms=0.92167 cyc=1691167 cyc_min=1681356 cyc_p50=1687106 cyc_p95=1690909 cyc_max=1691167
@@STATS reps=1 mean=0.92167 std=0.00000 min=0.92167 p25=0.92167 p50=0.92167 p75=0.92167 max=0.92167 iqr=0.00000
FC2-W3X kernel: 0.922 ms  4224.27 TFLOPS
PASS  errors=0/32
@@RESULT ms=0.9217 tflops=4224.27 checksum=0.000000 valid=1 c0=3072.0
--- cublas epi=3 rep 1/1 ec=0
### CUBLASLT INTROSPECT M=928256 N=1024 K=2048 epi=bias_only
### Heuristics returned: 8

# TSV
rank	heur	ms	cyc	algoId	tile	stages	cluster	inner	splitk	redux	swizzle	custom	waves	ws_MB
1	0	0.9366	1728920	66	23	36	3	-1	1	0	0	1	196.00	0.0
2	2	0.9715	1792882	66	32	36	3	-1	1	0	0	1	261.35	0.0
3	4	1.0086	1861232	66	29	36	3	-1	1	0	0	1	313.62	0.0
4	5	1.0446	1927474	66	201	36	5	-1	1	0	0	2	294.00	0.0
5	7	1.1409	2104225	66	232	36	3	-1	1	0	0	1	130.68	0.0
6	3	1.1984	2210889	66	513	36	3	-1	1	0	0	1	98.00	0.0
7	1	1.2229	2256226	66	24	36	5	-1	1	0	0	3	196.00	0.0
8	6	1.4288	2636113	66	495	36	5	-1	1	0	0	3	261.35	0.0

# Top-3 caps:

## rank=1  algoId=66  tile=23  stages=36  cluster=3  inner=-1  ms=0.9366
    CUBLASLT_ALGO_CAP_REDUCTION_SCHEME_MASK      = 2
    CUBLASLT_ALGO_CAP_CTA_SWIZZLING_SUPPORT      = 0
    CUBLASLT_ALGO_CAP_STRIDED_BATCH_SUPPORT      = 1
    CUBLASLT_ALGO_CAP_OUT_OF_PLACE_RESULT_SUPPORT = 1
    CUBLASLT_ALGO_CAP_CUSTOM_OPTION_MAX          = 7
    CUBLASLT_ALGO_CAP_POINTER_MODE_MASK          = 3
    CUBLASLT_ALGO_CAP_EPILOGUE_MASK              = 1023
    CUBLASLT_ALGO_CAP_TILE_IDS                   = --  (status=7 wrote=0)
    CUBLASLT_ALGO_CAP_STAGES_IDS                 = [36] (n=1, elem=4B)
    CUBLASLT_ALGO_CONFIG_CLUSTER_SHAPE_ID sz=2 → status=0 wrote=2 val=3

## rank=2  algoId=66  tile=32  stages=36  cluster=3  inner=-1  ms=0.9715
    CUBLASLT_ALGO_CAP_REDUCTION_SCHEME_MASK      = 2
    CUBLASLT_ALGO_CAP_CTA_SWIZZLING_SUPPORT      = 0
    CUBLASLT_ALGO_CAP_STRIDED_BATCH_SUPPORT      = 1
    CUBLASLT_ALGO_CAP_OUT_OF_PLACE_RESULT_SUPPORT = 1
    CUBLASLT_ALGO_CAP_CUSTOM_OPTION_MAX          = 7
    CUBLASLT_ALGO_CAP_POINTER_MODE_MASK          = 3
    CUBLASLT_ALGO_CAP_EPILOGUE_MASK              = 1023
    CUBLASLT_ALGO_CAP_TILE_IDS                   = --  (status=7 wrote=0)
    CUBLASLT_ALGO_CAP_STAGES_IDS                 = [36] (n=1, elem=4B)
    CUBLASLT_ALGO_CONFIG_CLUSTER_SHAPE_ID sz=2 → status=0 wrote=2 val=3

## rank=3  algoId=66  tile=29  stages=36  cluster=3  inner=-1  ms=1.0086
    CUBLASLT_ALGO_CAP_REDUCTION_SCHEME_MASK      = 2
    CUBLASLT_ALGO_CAP_CTA_SWIZZLING_SUPPORT      = 0
    CUBLASLT_ALGO_CAP_STRIDED_BATCH_SUPPORT      = 1
    CUBLASLT_ALGO_CAP_OUT_OF_PLACE_RESULT_SUPPORT = 1
    CUBLASLT_ALGO_CAP_CUSTOM_OPTION_MAX          = 7
    CUBLASLT_ALGO_CAP_POINTER_MODE_MASK          = 3
    CUBLASLT_ALGO_CAP_EPILOGUE_MASK              = 1023
    CUBLASLT_ALGO_CAP_TILE_IDS                   = --  (status=7 wrote=0)
    CUBLASLT_ALGO_CAP_STAGES_IDS                 = [36] (n=1, elem=4B)
    CUBLASLT_ALGO_CONFIG_CLUSTER_SHAPE_ID sz=2 → status=0 wrote=2 val=3

# Winner:  rank=1  tile=23  stages=36  cluster=3  inner=-1  splitk=1  swizzle=0  ms=0.9366  cyc=1728920

@@RESULT ms=0.9366 cyc=1728920 tflops=4157.06 checksum=0.000000 valid=1 c0=0.0
--- cublas epi=0 rep 1/1 ec=0
### CUBLASLT INTROSPECT M=928256 N=1024 K=2048 epi=none
### Heuristics returned: 8

# TSV
rank	heur	ms	cyc	algoId	tile	stages	cluster	inner	splitk	redux	swizzle	custom	waves	ws_MB
1	0	0.9311	1718682	66	23	36	3	-1	1	0	0	1	196.00	0.0
2	2	0.9655	1781874	66	32	36	3	-1	1	0	0	1	261.35	0.0
3	5	0.9934	1833195	66	201	36	5	-1	1	0	0	2	294.00	0.0
4	4	1.0032	1851233	66	29	36	3	-1	1	0	0	1	313.62	0.0
5	7	1.1108	2048803	66	232	36	3	-1	1	0	0	1	130.68	0.0
6	3	1.1314	2086771	66	513	36	3	-1	1	0	0	1	98.00	0.0
7	1	1.2122	2236495	66	24	36	5	-1	1	0	0	3	196.00	0.0
8	6	1.4120	2605216	66	495	36	5	-1	1	0	0	3	261.35	0.0

# Top-3 caps:

## rank=1  algoId=66  tile=23  stages=36  cluster=3  inner=-1  ms=0.9311
    CUBLASLT_ALGO_CAP_REDUCTION_SCHEME_MASK      = 2
    CUBLASLT_ALGO_CAP_CTA_SWIZZLING_SUPPORT      = 0
    CUBLASLT_ALGO_CAP_STRIDED_BATCH_SUPPORT      = 1
    CUBLASLT_ALGO_CAP_OUT_OF_PLACE_RESULT_SUPPORT = 1
    CUBLASLT_ALGO_CAP_CUSTOM_OPTION_MAX          = 7
    CUBLASLT_ALGO_CAP_POINTER_MODE_MASK          = 3
    CUBLASLT_ALGO_CAP_EPILOGUE_MASK              = 1023
    CUBLASLT_ALGO_CAP_TILE_IDS                   = --  (status=7 wrote=0)
    CUBLASLT_ALGO_CAP_STAGES_IDS                 = [36] (n=1, elem=4B)
    CUBLASLT_ALGO_CONFIG_CLUSTER_SHAPE_ID sz=2 → status=0 wrote=2 val=3

## rank=2  algoId=66  tile=32  stages=36  cluster=3  inner=-1  ms=0.9655
    CUBLASLT_ALGO_CAP_REDUCTION_SCHEME_MASK      = 2
    CUBLASLT_ALGO_CAP_CTA_SWIZZLING_SUPPORT      = 0
    CUBLASLT_ALGO_CAP_STRIDED_BATCH_SUPPORT      = 1
    CUBLASLT_ALGO_CAP_OUT_OF_PLACE_RESULT_SUPPORT = 1
    CUBLASLT_ALGO_CAP_CUSTOM_OPTION_MAX          = 7
    CUBLASLT_ALGO_CAP_POINTER_MODE_MASK          = 3
    CUBLASLT_ALGO_CAP_EPILOGUE_MASK              = 1023
    CUBLASLT_ALGO_CAP_TILE_IDS                   = --  (status=7 wrote=0)
    CUBLASLT_ALGO_CAP_STAGES_IDS                 = [36] (n=1, elem=4B)
    CUBLASLT_ALGO_CONFIG_CLUSTER_SHAPE_ID sz=2 → status=0 wrote=2 val=3

## rank=3  algoId=66  tile=201  stages=36  cluster=5  inner=-1  ms=0.9934
    CUBLASLT_ALGO_CAP_REDUCTION_SCHEME_MASK      = 2
    CUBLASLT_ALGO_CAP_CTA_SWIZZLING_SUPPORT      = 0
    CUBLASLT_ALGO_CAP_STRIDED_BATCH_SUPPORT      = 1
    CUBLASLT_ALGO_CAP_OUT_OF_PLACE_RESULT_SUPPORT = 1
    CUBLASLT_ALGO_CAP_CUSTOM_OPTION_MAX          = 7
    CUBLASLT_ALGO_CAP_POINTER_MODE_MASK          = 3
    CUBLASLT_ALGO_CAP_EPILOGUE_MASK              = 1023
    CUBLASLT_ALGO_CAP_TILE_IDS                   = --  (status=7 wrote=0)
    CUBLASLT_ALGO_CAP_STAGES_IDS                 = [36] (n=1, elem=4B)
    CUBLASLT_ALGO_CONFIG_CLUSTER_SHAPE_ID sz=2 → status=0 wrote=2 val=5

# Winner:  rank=1  tile=23  stages=36  cluster=3  inner=-1  splitk=1  swizzle=0  ms=0.9311  cyc=1718682

@@RESULT ms=0.9311 cyc=1718682 tflops=4181.68 checksum=0.000000 valid=1 c0=0.0

[build] N=1024 K=4096 M=928256 flags=['-DM_TOTAL=928256', '-DN_DIM=1024', '-DK_DIM=4096']
$ make -B fc2-w3x DFLAGS=-DM_TOTAL=928256 -DN_DIM=1024 -DK_DIM=4096
nvcc -gencode arch=compute_100a,code=sm_100a -O3 -std=c++17 -lineinfo --ptxas-options=-v --cudart=static -DM_TOTAL=928256 -DN_DIM=1024 -DK_DIM=4096 fc2_w3x.cu -o fc2-w3x -lcurand_static -lculibos -lcuda
fc2_w3x.cu(1511): warning #177-D: function "mbar_arrive" was declared but never referenced
  void mbar_arrive(uint32_t addr) {
       ^

Remark: The warnings can be suppressed with "-diag-suppress <warning-number>"

ptxas info    : 0 bytes gmem
ptxas info    : Compiling entry function '_Z14fc2_w3x_kernelILi54ELi8ELi64EEv14CUtensorMap_stS0_S0_PK13__nv_bfloat16PS1_PmS5_S5_S5_S5_' for 'sm_100a'
ptxas info    : Function properties for _Z14fc2_w3x_kernelILi54ELi8ELi64EEv14CUtensorMap_stS0_S0_PK13__nv_bfloat16PS1_PmS5_S5_S5_S5_
    0 bytes stack frame, 0 bytes spill stores, 0 bytes spill loads
ptxas info    : Used 70 registers, used 1 barriers
ptxas info    : Compile time = 76.350 ms
ptxas info    : Compiling entry function '_Z14fc2_w3x_kernelILi54ELi8ELi48EEv14CUtensorMap_stS0_S0_PK13__nv_bfloat16PS1_PmS5_S5_S5_S5_' for 'sm_100a'
ptxas info    : Function properties for _Z14fc2_w3x_kernelILi54ELi8ELi48EEv14CUtensorMap_stS0_S0_PK13__nv_bfloat16PS1_PmS5_S5_S5_S5_
    0 bytes stack frame, 0 bytes spill stores, 0 bytes spill loads
ptxas info    : Used 70 registers, used 1 barriers
ptxas info    : Compile time = 73.671 ms
ptxas info    : Compiling entry function '_Z14fc2_w3x_kernelILi54ELi8ELi32EEv14CUtensorMap_stS0_S0_PK13__nv_bfloat16PS1_PmS5_S5_S5_S5_' for 'sm_100a'
ptxas info    : Function properties for _Z14fc2_w3x_kernelILi54ELi8ELi32EEv14CUtensorMap_stS0_S0_PK13__nv_bfloat16PS1_PmS5_S5_S5_S5_
    0 bytes stack frame, 0 bytes spill stores, 0 bytes spill loads
ptxas info    : Used 70 registers, used 1 barriers
ptxas info    : Compile time = 72.663 ms
ptxas info    : Compiling entry function '_Z14fc2_w3x_kernelILi54ELi8ELi24EEv14CUtensorMap_stS0_S0_PK13__nv_bfloat16PS1_PmS5_S5_S5_S5_' for 'sm_100a'
ptxas info    : Function properties for _Z14fc2_w3x_kernelILi54ELi8ELi24EEv14CUtensorMap_stS0_S0_PK13__nv_bfloat16PS1_PmS5_S5_S5_S5_
    0 bytes stack frame, 0 bytes spill stores, 0 bytes spill loads
ptxas info    : Used 70 registers, used 1 barriers
ptxas info    : Compile time = 73.141 ms
ptxas info    : Compiling entry function '_Z14fc2_w3x_kernelILi54ELi8ELi16EEv14CUtensorMap_stS0_S0_PK13__nv_bfloat16PS1_PmS5_S5_S5_S5_' for 'sm_100a'
ptxas info    : Function properties for _Z14fc2_w3x_kernelILi54ELi8ELi16EEv14CUtensorMap_stS0_S0_PK13__nv_bfloat16PS1_PmS5_S5_S5_S5_
    0 bytes stack frame, 0 bytes spill stores, 0 bytes spill loads
ptxas info    : Used 70 registers, used 1 barriers
ptxas info    : Compile time = 71.923 ms
ptxas info    : Compiling entry function '_Z14fc2_w3x_kernelILi54ELi8ELi12EEv14CUtensorMap_stS0_S0_PK13__nv_bfloat16PS1_PmS5_S5_S5_S5_' for 'sm_100a'
ptxas info    : Function properties for _Z14fc2_w3x_kernelILi54ELi8ELi12EEv14CUtensorMap_stS0_S0_PK13__nv_bfloat16PS1_PmS5_S5_S5_S5_
    0 bytes stack frame, 0 bytes spill stores, 0 bytes spill loads
ptxas info    : Used 70 registers, used 1 barriers
ptxas info    : Compile time = 72.539 ms
ptxas info    : Compiling entry function '_Z14fc2_w3x_kernelILi54ELi8ELi8EEv14CUtensorMap_stS0_S0_PK13__nv_bfloat16PS1_PmS5_S5_S5_S5_' for 'sm_100a'
ptxas info    : Function properties for _Z14fc2_w3x_kernelILi54ELi8ELi8EEv14CUtensorMap_stS0_S0_PK13__nv_bfloat16PS1_PmS5_S5_S5_S5_
    0 bytes stack frame, 0 bytes spill stores, 0 bytes spill loads
ptxas info    : Used 70 registers, used 1 barriers
ptxas info    : Compile time = 73.137 ms
ptxas info    : Compiling entry function '_Z14fc2_w3x_kernelILi54ELi8ELi4EEv14CUtensorMap_stS0_S0_PK13__nv_bfloat16PS1_PmS5_S5_S5_S5_' for 'sm_100a'
ptxas info    : Function properties for _Z14fc2_w3x_kernelILi54ELi8ELi4EEv14CUtensorMap_stS0_S0_PK13__nv_bfloat16PS1_PmS5_S5_S5_S5_
    0 bytes stack frame, 0 bytes spill stores, 0 bytes spill loads
ptxas info    : Used 70 registers, used 1 barriers
ptxas info    : Compile time = 73.011 ms
ptxas info    : Compiling entry function '_Z14fc2_w3x_kernelILi54ELi8ELi0EEv14CUtensorMap_stS0_S0_PK13__nv_bfloat16PS1_PmS5_S5_S5_S5_' for 'sm_100a'
ptxas info    : Function properties for _Z14fc2_w3x_kernelILi54ELi8ELi0EEv14CUtensorMap_stS0_S0_PK13__nv_bfloat16PS1_PmS5_S5_S5_S5_
    0 bytes stack frame, 0 bytes spill stores, 0 bytes spill loads
ptxas info    : Used 70 registers, used 1 barriers
ptxas info    : Compile time = 73.103 ms
ptxas info    : Compiling entry function '_Z14fc2_w3x_kernelILi99ELi8ELi20EEv14CUtensorMap_stS0_S0_PK13__nv_bfloat16PS1_PmS5_S5_S5_S5_' for 'sm_100a'
ptxas info    : Function properties for _Z14fc2_w3x_kernelILi99ELi8ELi20EEv14CUtensorMap_stS0_S0_PK13__nv_bfloat16PS1_PmS5_S5_S5_S5_
    0 bytes stack frame, 0 bytes spill stores, 0 bytes spill loads
ptxas info    : Used 70 registers, used 1 barriers
ptxas info    : Compile time = 72.414 ms
ptxas info    : Compiling entry function '_Z14fc2_w3x_kernelILi98ELi8ELi20EEv14CUtensorMap_stS0_S0_PK13__nv_bfloat16PS1_PmS5_S5_S5_S5_' for 'sm_100a'
ptxas info    : Function properties for _Z14fc2_w3x_kernelILi98ELi8ELi20EEv14CUtensorMap_stS0_S0_PK13__nv_bfloat16PS1_PmS5_S5_S5_S5_
    0 bytes stack frame, 0 bytes spill stores, 0 bytes spill loads
ptxas info    : Used 70 registers, used 1 barriers
ptxas info    : Compile time = 72.461 ms
ptxas info    : Compiling entry function '_Z14fc2_w3x_kernelILi97ELi8ELi20EEv14CUtensorMap_stS0_S0_PK13__nv_bfloat16PS1_PmS5_S5_S5_S5_' for 'sm_100a'
ptxas info    : Function properties for _Z14fc2_w3x_kernelILi97ELi8ELi20EEv14CUtensorMap_stS0_S0_PK13__nv_bfloat16PS1_PmS5_S5_S5_S5_
    0 bytes stack frame, 0 bytes spill stores, 0 bytes spill loads
ptxas info    : Used 70 registers, used 1 barriers
ptxas info    : Compile time = 72.661 ms
ptxas info    : Compiling entry function '_Z14fc2_w3x_kernelILi96ELi8ELi20EEv14CUtensorMap_stS0_S0_PK13__nv_bfloat16PS1_PmS5_S5_S5_S5_' for 'sm_100a'
ptxas info    : Function properties for _Z14fc2_w3x_kernelILi96ELi8ELi20EEv14CUtensorMap_stS0_S0_PK13__nv_bfloat16PS1_PmS5_S5_S5_S5_
    0 bytes stack frame, 0 bytes spill stores, 0 bytes spill loads
ptxas info    : Used 70 registers, used 1 barriers
ptxas info    : Compile time = 72.142 ms
ptxas info    : Compiling entry function '_Z14fc2_w3x_kernelILi95ELi8ELi20EEv14CUtensorMap_stS0_S0_PK13__nv_bfloat16PS1_PmS5_S5_S5_S5_' for 'sm_100a'
ptxas info    : Function properties for _Z14fc2_w3x_kernelILi95ELi8ELi20EEv14CUtensorMap_stS0_S0_PK13__nv_bfloat16PS1_PmS5_S5_S5_S5_
    0 bytes stack frame, 0 bytes spill stores, 0 bytes spill loads
ptxas info    : Used 70 registers, used 1 barriers
ptxas info    : Compile time = 72.746 ms
ptxas info    : Compiling entry function '_Z14fc2_w3x_kernelILi94ELi8ELi20EEv14CUtensorMap_stS0_S0_PK13__nv_bfloat16PS1_PmS5_S5_S5_S5_' for 'sm_100a'
ptxas info    : Function properties for _Z14fc2_w3x_kernelILi94ELi8ELi20EEv14CUtensorMap_stS0_S0_PK13__nv_bfloat16PS1_PmS5_S5_S5_S5_
    0 bytes stack frame, 0 bytes spill stores, 0 bytes spill loads
ptxas info    : Used 70 registers, used 1 barriers
ptxas info    : Compile time = 73.316 ms
ptxas info    : Compiling entry function '_Z14fc2_w3x_kernelILi93ELi8ELi20EEv14CUtensorMap_stS0_S0_PK13__nv_bfloat16PS1_PmS5_S5_S5_S5_' for 'sm_100a'
ptxas info    : Function properties for _Z14fc2_w3x_kernelILi93ELi8ELi20EEv14CUtensorMap_stS0_S0_PK13__nv_bfloat16PS1_PmS5_S5_S5_S5_
    0 bytes stack frame, 0 bytes spill stores, 0 bytes spill loads
ptxas info    : Used 70 registers, used 1 barriers
ptxas info    : Compile time = 73.047 ms
ptxas info    : Compiling entry function '_Z14fc2_w3x_kernelILi92ELi8ELi20EEv14CUtensorMap_stS0_S0_PK13__nv_bfloat16PS1_PmS5_S5_S5_S5_' for 'sm_100a'
ptxas info    : Function properties for _Z14fc2_w3x_kernelILi92ELi8ELi20EEv14CUtensorMap_stS0_S0_PK13__nv_bfloat16PS1_PmS5_S5_S5_S5_
    0 bytes stack frame, 0 bytes spill stores, 0 bytes spill loads
ptxas info    : Used 70 registers, used 1 barriers
ptxas info    : Compile time = 73.324 ms
ptxas info    : Compiling entry function '_Z14fc2_w3x_kernelILi91ELi8ELi20EEv14CUtensorMap_stS0_S0_PK13__nv_bfloat16PS1_PmS5_S5_S5_S5_' for 'sm_100a'
ptxas info    : Function properties for _Z14fc2_w3x_kernelILi91ELi8ELi20EEv14CUtensorMap_stS0_S0_PK13__nv_bfloat16PS1_PmS5_S5_S5_S5_
    0 bytes stack frame, 0 bytes spill stores, 0 bytes spill loads
ptxas info    : Used 70 registers, used 1 barriers
ptxas info    : Compile time = 73.009 ms
ptxas info    : Compiling entry function '_Z14fc2_w3x_kernelILi90ELi8ELi20EEv14CUtensorMap_stS0_S0_PK13__nv_bfloat16PS1_PmS5_S5_S5_S5_' for 'sm_100a'
ptxas info    : Function properties for _Z14fc2_w3x_kernelILi90ELi8ELi20EEv14CUtensorMap_stS0_S0_PK13__nv_bfloat16PS1_PmS5_S5_S5_S5_
    0 bytes stack frame, 0 bytes spill stores, 0 bytes spill loads
ptxas info    : Used 70 registers, used 1 barriers
ptxas info    : Compile time = 72.889 ms
ptxas info    : Compiling entry function '_Z14fc2_w3x_kernelILi89ELi8ELi20EEv14CUtensorMap_stS0_S0_PK13__nv_bfloat16PS1_PmS5_S5_S5_S5_' for 'sm_100a'
ptxas info    : Function properties for _Z14fc2_w3x_kernelILi89ELi8ELi20EEv14CUtensorMap_stS0_S0_PK13__nv_bfloat16PS1_PmS5_S5_S5_S5_
    0 bytes stack frame, 0 bytes spill stores, 0 bytes spill loads
ptxas info    : Used 70 registers, used 1 barriers
ptxas info    : Compile time = 72.873 ms
ptxas info    : Compiling entry function '_Z14fc2_w3x_kernelILi88ELi8ELi20EEv14CUtensorMap_stS0_S0_PK13__nv_bfloat16PS1_PmS5_S5_S5_S5_' for 'sm_100a'
ptxas info    : Function properties for _Z14fc2_w3x_kernelILi88ELi8ELi20EEv14CUtensorMap_stS0_S0_PK13__nv_bfloat16PS1_PmS5_S5_S5_S5_
    0 bytes stack frame, 0 bytes spill stores, 0 bytes spill loads
ptxas info    : Used 70 registers, used 1 barriers
ptxas info    : Compile time = 72.229 ms
ptxas info    : Compiling entry function '_Z14fc2_w3x_kernelILi87ELi8ELi20EEv14CUtensorMap_stS0_S0_PK13__nv_bfloat16PS1_PmS5_S5_S5_S5_' for 'sm_100a'
ptxas info    : Function properties for _Z14fc2_w3x_kernelILi87ELi8ELi20EEv14CUtensorMap_stS0_S0_PK13__nv_bfloat16PS1_PmS5_S5_S5_S5_
    0 bytes stack frame, 0 bytes spill stores, 0 bytes spill loads
ptxas info    : Used 70 registers, used 1 barriers
ptxas info    : Compile time = 72.728 ms
ptxas info    : Compiling entry function '_Z14fc2_w3x_kernelILi86ELi8ELi20EEv14CUtensorMap_stS0_S0_PK13__nv_bfloat16PS1_PmS5_S5_S5_S5_' for 'sm_100a'
ptxas info    : Function properties for _Z14fc2_w3x_kernelILi86ELi8ELi20EEv14CUtensorMap_stS0_S0_PK13__nv_bfloat16PS1_PmS5_S5_S5_S5_
    0 bytes stack frame, 0 bytes spill stores, 0 bytes spill loads
ptxas info    : Used 70 registers, used 1 barriers
ptxas info    : Compile time = 72.575 ms
ptxas info    : Compiling entry function '_Z14fc2_w3x_kernelILi85ELi8ELi20EEv14CUtensorMap_stS0_S0_PK13__nv_bfloat16PS1_PmS5_S5_S5_S5_' for 'sm_100a'
ptxas info    : Function properties for _Z14fc2_w3x_kernelILi85ELi8ELi20EEv14CUtensorMap_stS0_S0_PK13__nv_bfloat16PS1_PmS5_S5_S5_S5_
    0 bytes stack frame, 0 bytes spill stores, 0 bytes spill loads
ptxas info    : Used 70 registers, used 1 barriers
ptxas info    : Compile time = 72.648 ms
ptxas info    : Compiling entry function '_Z14fc2_w3x_kernelILi84ELi8ELi20EEv14CUtensorMap_stS0_S0_PK13__nv_bfloat16PS1_PmS5_S5_S5_S5_' for 'sm_100a'
ptxas info    : Function properties for _Z14fc2_w3x_kernelILi84ELi8ELi20EEv14CUtensorMap_stS0_S0_PK13__nv_bfloat16PS1_PmS5_S5_S5_S5_
    0 bytes stack frame, 0 bytes spill stores, 0 bytes spill loads
ptxas info    : Used 70 registers, used 1 barriers
ptxas info    : Compile time = 72.020 ms
ptxas info    : Compiling entry function '_Z14fc2_w3x_kernelILi83ELi8ELi20EEv14CUtensorMap_stS0_S0_PK13__nv_bfloat16PS1_PmS5_S5_S5_S5_' for 'sm_100a'
ptxas info    : Function properties for _Z14fc2_w3x_kernelILi83ELi8ELi20EEv14CUtensorMap_stS0_S0_PK13__nv_bfloat16PS1_PmS5_S5_S5_S5_
    0 bytes stack frame, 0 bytes spill stores, 0 bytes spill loads
ptxas info    : Used 70 registers, used 1 barriers
ptxas info    : Compile time = 72.878 ms
ptxas info    : Compiling entry function '_Z14fc2_w3x_kernelILi82ELi8ELi20EEv14CUtensorMap_stS0_S0_PK13__nv_bfloat16PS1_PmS5_S5_S5_S5_' for 'sm_100a'
ptxas info    : Function properties for _Z14fc2_w3x_kernelILi82ELi8ELi20EEv14CUtensorMap_stS0_S0_PK13__nv_bfloat16PS1_PmS5_S5_S5_S5_
    0 bytes stack frame, 0 bytes spill stores, 0 bytes spill loads
ptxas info    : Used 70 registers, used 1 barriers
ptxas info    : Compile time = 72.445 ms
ptxas info    : Compiling entry function '_Z14fc2_w3x_kernelILi81ELi8ELi20EEv14CUtensorMap_stS0_S0_PK13__nv_bfloat16PS1_PmS5_S5_S5_S5_' for 'sm_100a'
ptxas info    : Function properties for _Z14fc2_w3x_kernelILi81ELi8ELi20EEv14CUtensorMap_stS0_S0_PK13__nv_bfloat16PS1_PmS5_S5_S5_S5_
    0 bytes stack frame, 0 bytes spill stores, 0 bytes spill loads
ptxas info    : Used 70 registers, used 1 barriers
ptxas info    : Compile time = 72.595 ms
ptxas info    : Compiling entry function '_Z14fc2_w3x_kernelILi80ELi8ELi20EEv14CUtensorMap_stS0_S0_PK13__nv_bfloat16PS1_PmS5_S5_S5_S5_' for 'sm_100a'
ptxas info    : Function properties for _Z14fc2_w3x_kernelILi80ELi8ELi20EEv14CUtensorMap_stS0_S0_PK13__nv_bfloat16PS1_PmS5_S5_S5_S5_
    0 bytes stack frame, 0 bytes spill stores, 0 bytes spill loads
ptxas info    : Used 70 registers, used 1 barriers
ptxas info    : Compile time = 72.620 ms
ptxas info    : Compiling entry function '_Z14fc2_w3x_kernelILi58ELi8ELi20EEv14CUtensorMap_stS0_S0_PK13__nv_bfloat16PS1_PmS5_S5_S5_S5_' for 'sm_100a'
ptxas info    : Function properties for _Z14fc2_w3x_kernelILi58ELi8ELi20EEv14CUtensorMap_stS0_S0_PK13__nv_bfloat16PS1_PmS5_S5_S5_S5_
    0 bytes stack frame, 0 bytes spill stores, 0 bytes spill loads
ptxas info    : Used 70 registers, used 1 barriers
ptxas info    : Compile time = 73.176 ms
ptxas info    : Compiling entry function '_Z14fc2_w3x_kernelILi57ELi8ELi20EEv14CUtensorMap_stS0_S0_PK13__nv_bfloat16PS1_PmS5_S5_S5_S5_' for 'sm_100a'
ptxas info    : Function properties for _Z14fc2_w3x_kernelILi57ELi8ELi20EEv14CUtensorMap_stS0_S0_PK13__nv_bfloat16PS1_PmS5_S5_S5_S5_
    0 bytes stack frame, 0 bytes spill stores, 0 bytes spill loads
ptxas info    : Used 70 registers, used 1 barriers
ptxas info    : Compile time = 74.036 ms
ptxas info    : Compiling entry function '_Z14fc2_w3x_kernelILi56ELi8ELi20EEv14CUtensorMap_stS0_S0_PK13__nv_bfloat16PS1_PmS5_S5_S5_S5_' for 'sm_100a'
ptxas info    : Function properties for _Z14fc2_w3x_kernelILi56ELi8ELi20EEv14CUtensorMap_stS0_S0_PK13__nv_bfloat16PS1_PmS5_S5_S5_S5_
    0 bytes stack frame, 0 bytes spill stores, 0 bytes spill loads
ptxas info    : Used 70 registers, used 1 barriers
ptxas info    : Compile time = 74.281 ms
ptxas info    : Compiling entry function '_Z14fc2_w3x_kernelILi55ELi8ELi20EEv14CUtensorMap_stS0_S0_PK13__nv_bfloat16PS1_PmS5_S5_S5_S5_' for 'sm_100a'
ptxas info    : Function properties for _Z14fc2_w3x_kernelILi55ELi8ELi20EEv14CUtensorMap_stS0_S0_PK13__nv_bfloat16PS1_PmS5_S5_S5_S5_
    0 bytes stack frame, 0 bytes spill stores, 0 bytes spill loads
ptxas info    : Used 70 registers, used 1 barriers
ptxas info    : Compile time = 73.285 ms
ptxas info    : Compiling entry function '_Z14fc2_w3x_kernelILi54ELi8ELi20EEv14CUtensorMap_stS0_S0_PK13__nv_bfloat16PS1_PmS5_S5_S5_S5_' for 'sm_100a'
ptxas info    : Function properties for _Z14fc2_w3x_kernelILi54ELi8ELi20EEv14CUtensorMap_stS0_S0_PK13__nv_bfloat16PS1_PmS5_S5_S5_S5_
    0 bytes stack frame, 0 bytes spill stores, 0 bytes spill loads
ptxas info    : Used 70 registers, used 1 barriers
ptxas info    : Compile time = 73.839 ms
ptxas info    : Compiling entry function '_Z14fc2_w3x_kernelILi53ELi8ELi20EEv14CUtensorMap_stS0_S0_PK13__nv_bfloat16PS1_PmS5_S5_S5_S5_' for 'sm_100a'
ptxas info    : Function properties for _Z14fc2_w3x_kernelILi53ELi8ELi20EEv14CUtensorMap_stS0_S0_PK13__nv_bfloat16PS1_PmS5_S5_S5_S5_
    0 bytes stack frame, 0 bytes spill stores, 0 bytes spill loads
ptxas info    : Used 70 registers, used 1 barriers
ptxas info    : Compile time = 73.985 ms
ptxas info    : Compiling entry function '_Z14fc2_w3x_kernelILi52ELi8ELi20EEv14CUtensorMap_stS0_S0_PK13__nv_bfloat16PS1_PmS5_S5_S5_S5_' for 'sm_100a'
ptxas info    : Function properties for _Z14fc2_w3x_kernelILi52ELi8ELi20EEv14CUtensorMap_stS0_S0_PK13__nv_bfloat16PS1_PmS5_S5_S5_S5_
    0 bytes stack frame, 0 bytes spill stores, 0 bytes spill loads
ptxas info    : Used 70 registers, used 1 barriers
ptxas info    : Compile time = 73.395 ms
ptxas info    : Compiling entry function '_Z14fc2_w3x_kernelILi51ELi8ELi20EEv14CUtensorMap_stS0_S0_PK13__nv_bfloat16PS1_PmS5_S5_S5_S5_' for 'sm_100a'
ptxas info    : Function properties for _Z14fc2_w3x_kernelILi51ELi8ELi20EEv14CUtensorMap_stS0_S0_PK13__nv_bfloat16PS1_PmS5_S5_S5_S5_
    0 bytes stack frame, 0 bytes spill stores, 0 bytes spill loads
ptxas info    : Used 70 registers, used 1 barriers
ptxas info    : Compile time = 72.501 ms
ptxas info    : Compiling entry function '_Z14fc2_w3x_kernelILi50ELi8ELi20EEv14CUtensorMap_stS0_S0_PK13__nv_bfloat16PS1_PmS5_S5_S5_S5_' for 'sm_100a'
ptxas info    : Function properties for _Z14fc2_w3x_kernelILi50ELi8ELi20EEv14CUtensorMap_stS0_S0_PK13__nv_bfloat16PS1_PmS5_S5_S5_S5_
    0 bytes stack frame, 0 bytes spill stores, 0 bytes spill loads
ptxas info    : Used 70 registers, used 1 barriers
ptxas info    : Compile time = 73.094 ms
ptxas info    : Compiling entry function '_Z14fc2_w3x_kernelILi49ELi8ELi20EEv14CUtensorMap_stS0_S0_PK13__nv_bfloat16PS1_PmS5_S5_S5_S5_' for 'sm_100a'
ptxas info    : Function properties for _Z14fc2_w3x_kernelILi49ELi8ELi20EEv14CUtensorMap_stS0_S0_PK13__nv_bfloat16PS1_PmS5_S5_S5_S5_
    0 bytes stack frame, 0 bytes spill stores, 0 bytes spill loads
ptxas info    : Used 70 registers, used 1 barriers
ptxas info    : Compile time = 73.799 ms
ptxas info    : Compiling entry function '_Z14fc2_w3x_kernelILi19ELi16ELi20EEv14CUtensorMap_stS0_S0_PK13__nv_bfloat16PS1_PmS5_S5_S5_S5_' for 'sm_100a'
ptxas info    : Function properties for _Z14fc2_w3x_kernelILi19ELi16ELi20EEv14CUtensorMap_stS0_S0_PK13__nv_bfloat16PS1_PmS5_S5_S5_S5_
    0 bytes stack frame, 0 bytes spill stores, 0 bytes spill loads
ptxas info    : Used 70 registers, used 1 barriers
ptxas info    : Compile time = 72.946 ms
ptxas info    : Compiling entry function '_Z14fc2_w3x_kernelILi19ELi4ELi20EEv14CUtensorMap_stS0_S0_PK13__nv_bfloat16PS1_PmS5_S5_S5_S5_' for 'sm_100a'
ptxas info    : Function properties for _Z14fc2_w3x_kernelILi19ELi4ELi20EEv14CUtensorMap_stS0_S0_PK13__nv_bfloat16PS1_PmS5_S5_S5_S5_
    0 bytes stack frame, 0 bytes spill stores, 0 bytes spill loads
ptxas info    : Used 70 registers, used 1 barriers
ptxas info    : Compile time = 72.546 ms
ptxas info    : Compiling entry function '_Z14fc2_w3x_kernelILi48ELi8ELi20EEv14CUtensorMap_stS0_S0_PK13__nv_bfloat16PS1_PmS5_S5_S5_S5_' for 'sm_100a'
ptxas info    : Function properties for _Z14fc2_w3x_kernelILi48ELi8ELi20EEv14CUtensorMap_stS0_S0_PK13__nv_bfloat16PS1_PmS5_S5_S5_S5_
    0 bytes stack frame, 0 bytes spill stores, 0 bytes spill loads
ptxas info    : Used 70 registers, used 1 barriers
ptxas info    : Compile time = 72.580 ms
ptxas info    : Compiling entry function '_Z14fc2_w3x_kernelILi47ELi8ELi20EEv14CUtensorMap_stS0_S0_PK13__nv_bfloat16PS1_PmS5_S5_S5_S5_' for 'sm_100a'
ptxas info    : Function properties for _Z14fc2_w3x_kernelILi47ELi8ELi20EEv14CUtensorMap_stS0_S0_PK13__nv_bfloat16PS1_PmS5_S5_S5_S5_
    0 bytes stack frame, 0 bytes spill stores, 0 bytes spill loads
ptxas info    : Used 70 registers, used 1 barriers
ptxas info    : Compile time = 72.892 ms
ptxas info    : Compiling entry function '_Z14fc2_w3x_kernelILi46ELi8ELi20EEv14CUtensorMap_stS0_S0_PK13__nv_bfloat16PS1_PmS5_S5_S5_S5_' for 'sm_100a'
ptxas info    : Function properties for _Z14fc2_w3x_kernelILi46ELi8ELi20EEv14CUtensorMap_stS0_S0_PK13__nv_bfloat16PS1_PmS5_S5_S5_S5_
    0 bytes stack frame, 0 bytes spill stores, 0 bytes spill loads
ptxas info    : Used 70 registers, used 1 barriers
ptxas info    : Compile time = 73.490 ms
ptxas info    : Compiling entry function '_Z14fc2_w3x_kernelILi45ELi8ELi20EEv14CUtensorMap_stS0_S0_PK13__nv_bfloat16PS1_PmS5_S5_S5_S5_' for 'sm_100a'
ptxas info    : Function properties for _Z14fc2_w3x_kernelILi45ELi8ELi20EEv14CUtensorMap_stS0_S0_PK13__nv_bfloat16PS1_PmS5_S5_S5_S5_
    0 bytes stack frame, 0 bytes spill stores, 0 bytes spill loads
ptxas info    : Used 70 registers, used 1 barriers
ptxas info    : Compile time = 73.317 ms
ptxas info    : Compiling entry function '_Z14fc2_w3x_kernelILi44ELi8ELi20EEv14CUtensorMap_stS0_S0_PK13__nv_bfloat16PS1_PmS5_S5_S5_S5_' for 'sm_100a'
ptxas info    : Function properties for _Z14fc2_w3x_kernelILi44ELi8ELi20EEv14CUtensorMap_stS0_S0_PK13__nv_bfloat16PS1_PmS5_S5_S5_S5_
    0 bytes stack frame, 0 bytes spill stores, 0 bytes spill loads
ptxas info    : Used 70 registers, used 1 barriers
ptxas info    : Compile time = 73.414 ms
ptxas info    : Compiling entry function '_Z14fc2_w3x_kernelILi43ELi8ELi20EEv14CUtensorMap_stS0_S0_PK13__nv_bfloat16PS1_PmS5_S5_S5_S5_' for 'sm_100a'
ptxas info    : Function properties for _Z14fc2_w3x_kernelILi43ELi8ELi20EEv14CUtensorMap_stS0_S0_PK13__nv_bfloat16PS1_PmS5_S5_S5_S5_
    0 bytes stack frame, 0 bytes spill stores, 0 bytes spill loads
ptxas info    : Used 70 registers, used 1 barriers
ptxas info    : Compile time = 73.680 ms
ptxas info    : Compiling entry function '_Z14fc2_w3x_kernelILi41ELi8ELi20EEv14CUtensorMap_stS0_S0_PK13__nv_bfloat16PS1_PmS5_S5_S5_S5_' for 'sm_100a'
ptxas info    : Function properties for _Z14fc2_w3x_kernelILi41ELi8ELi20EEv14CUtensorMap_stS0_S0_PK13__nv_bfloat16PS1_PmS5_S5_S5_S5_
    0 bytes stack frame, 0 bytes spill stores, 0 bytes spill loads
ptxas info    : Used 70 registers, used 1 barriers
ptxas info    : Compile time = 70.673 ms
ptxas info    : Compiling entry function '_Z14fc2_w3x_kernelILi40ELi8ELi20EEv14CUtensorMap_stS0_S0_PK13__nv_bfloat16PS1_PmS5_S5_S5_S5_' for 'sm_100a'
ptxas info    : Function properties for _Z14fc2_w3x_kernelILi40ELi8ELi20EEv14CUtensorMap_stS0_S0_PK13__nv_bfloat16PS1_PmS5_S5_S5_S5_
    0 bytes stack frame, 0 bytes spill stores, 0 bytes spill loads
ptxas info    : Used 70 registers, used 1 barriers
ptxas info    : Compile time = 70.889 ms
ptxas info    : Compiling entry function '_Z14fc2_w3x_kernelILi39ELi8ELi20EEv14CUtensorMap_stS0_S0_PK13__nv_bfloat16PS1_PmS5_S5_S5_S5_' for 'sm_100a'
ptxas info    : Function properties for _Z14fc2_w3x_kernelILi39ELi8ELi20EEv14CUtensorMap_stS0_S0_PK13__nv_bfloat16PS1_PmS5_S5_S5_S5_
    0 bytes stack frame, 0 bytes spill stores, 0 bytes spill loads
ptxas info    : Used 70 registers, used 1 barriers
ptxas info    : Compile time = 72.940 ms
ptxas info    : Compiling entry function '_Z14fc2_w3x_kernelILi38ELi8ELi20EEv14CUtensorMap_stS0_S0_PK13__nv_bfloat16PS1_PmS5_S5_S5_S5_' for 'sm_100a'
ptxas info    : Function properties for _Z14fc2_w3x_kernelILi38ELi8ELi20EEv14CUtensorMap_stS0_S0_PK13__nv_bfloat16PS1_PmS5_S5_S5_S5_
    0 bytes stack frame, 0 bytes spill stores, 0 bytes spill loads
ptxas info    : Used 70 registers, used 1 barriers
ptxas info    : Compile time = 72.548 ms
ptxas info    : Compiling entry function '_Z14fc2_w3x_kernelILi36ELi4ELi20EEv14CUtensorMap_stS0_S0_PK13__nv_bfloat16PS1_PmS5_S5_S5_S5_' for 'sm_100a'
ptxas info    : Function properties for _Z14fc2_w3x_kernelILi36ELi4ELi20EEv14CUtensorMap_stS0_S0_PK13__nv_bfloat16PS1_PmS5_S5_S5_S5_
    0 bytes stack frame, 0 bytes spill stores, 0 bytes spill loads
ptxas info    : Used 70 registers, used 1 barriers
ptxas info    : Compile time = 72.108 ms
ptxas info    : Compiling entry function '_Z14fc2_w3x_kernelILi35ELi4ELi20EEv14CUtensorMap_stS0_S0_PK13__nv_bfloat16PS1_PmS5_S5_S5_S5_' for 'sm_100a'
ptxas info    : Function properties for _Z14fc2_w3x_kernelILi35ELi4ELi20EEv14CUtensorMap_stS0_S0_PK13__nv_bfloat16PS1_PmS5_S5_S5_S5_
    0 bytes stack frame, 0 bytes spill stores, 0 bytes spill loads
ptxas info    : Used 70 registers, used 1 barriers
ptxas info    : Compile time = 73.956 ms
ptxas info    : Compiling entry function '_Z14fc2_w3x_kernelILi34ELi8ELi20EEv14CUtensorMap_stS0_S0_PK13__nv_bfloat16PS1_PmS5_S5_S5_S5_' for 'sm_100a'
ptxas info    : Function properties for _Z14fc2_w3x_kernelILi34ELi8ELi20EEv14CUtensorMap_stS0_S0_PK13__nv_bfloat16PS1_PmS5_S5_S5_S5_
    0 bytes stack frame, 0 bytes spill stores, 0 bytes spill loads
ptxas info    : Used 70 registers, used 1 barriers
ptxas info    : Compile time = 72.516 ms
ptxas info    : Compiling entry function '_Z14fc2_w3x_kernelILi33ELi8ELi20EEv14CUtensorMap_stS0_S0_PK13__nv_bfloat16PS1_PmS5_S5_S5_S5_' for 'sm_100a'
ptxas info    : Function properties for _Z14fc2_w3x_kernelILi33ELi8ELi20EEv14CUtensorMap_stS0_S0_PK13__nv_bfloat16PS1_PmS5_S5_S5_S5_
    0 bytes stack frame, 0 bytes spill stores, 0 bytes spill loads
ptxas info    : Used 70 registers, used 1 barriers
ptxas info    : Compile time = 73.458 ms
ptxas info    : Compiling entry function '_Z14fc2_w3x_kernelILi19ELi8ELi20EEv14CUtensorMap_stS0_S0_PK13__nv_bfloat16PS1_PmS5_S5_S5_S5_' for 'sm_100a'
ptxas info    : Function properties for _Z14fc2_w3x_kernelILi19ELi8ELi20EEv14CUtensorMap_stS0_S0_PK13__nv_bfloat16PS1_PmS5_S5_S5_S5_
    0 bytes stack frame, 0 bytes spill stores, 0 bytes spill loads
ptxas info    : Used 70 registers, used 1 barriers
ptxas info    : Compile time = 73.357 ms
ptxas info    : Compiling entry function '_Z14fc2_w3x_kernelILi18ELi8ELi20EEv14CUtensorMap_stS0_S0_PK13__nv_bfloat16PS1_PmS5_S5_S5_S5_' for 'sm_100a'
ptxas info    : Function properties for _Z14fc2_w3x_kernelILi18ELi8ELi20EEv14CUtensorMap_stS0_S0_PK13__nv_bfloat16PS1_PmS5_S5_S5_S5_
    0 bytes stack frame, 0 bytes spill stores, 0 bytes spill loads
ptxas info    : Used 70 registers, used 1 barriers
ptxas info    : Compile time = 73.827 ms
ptxas info    : Compiling entry function '_Z14fc2_w3x_kernelILi13ELi8ELi20EEv14CUtensorMap_stS0_S0_PK13__nv_bfloat16PS1_PmS5_S5_S5_S5_' for 'sm_100a'
ptxas info    : Function properties for _Z14fc2_w3x_kernelILi13ELi8ELi20EEv14CUtensorMap_stS0_S0_PK13__nv_bfloat16PS1_PmS5_S5_S5_S5_
    0 bytes stack frame, 0 bytes spill stores, 0 bytes spill loads
ptxas info    : Used 70 registers, used 1 barriers
ptxas info    : Compile time = 70.541 ms
ptxas info    : Compiling entry function '_Z14fc2_w3x_kernelILi11ELi8ELi20EEv14CUtensorMap_stS0_S0_PK13__nv_bfloat16PS1_PmS5_S5_S5_S5_' for 'sm_100a'
ptxas info    : Function properties for _Z14fc2_w3x_kernelILi11ELi8ELi20EEv14CUtensorMap_stS0_S0_PK13__nv_bfloat16PS1_PmS5_S5_S5_S5_
    0 bytes stack frame, 0 bytes spill stores, 0 bytes spill loads
ptxas info    : Used 70 registers, used 1 barriers
ptxas info    : Compile time = 70.761 ms
ptxas info    : Compiling entry function '_Z14fc2_w3x_kernelILi0ELi32ELi20EEv14CUtensorMap_stS0_S0_PK13__nv_bfloat16PS1_PmS5_S5_S5_S5_' for 'sm_100a'
ptxas info    : Function properties for _Z14fc2_w3x_kernelILi0ELi32ELi20EEv14CUtensorMap_stS0_S0_PK13__nv_bfloat16PS1_PmS5_S5_S5_S5_
    0 bytes stack frame, 0 bytes spill stores, 0 bytes spill loads
ptxas info    : Used 70 registers, used 1 barriers
ptxas info    : Compile time = 71.754 ms
ptxas info    : Compiling entry function '_Z14fc2_w3x_kernelILi0ELi16ELi20EEv14CUtensorMap_stS0_S0_PK13__nv_bfloat16PS1_PmS5_S5_S5_S5_' for 'sm_100a'
ptxas info    : Function properties for _Z14fc2_w3x_kernelILi0ELi16ELi20EEv14CUtensorMap_stS0_S0_PK13__nv_bfloat16PS1_PmS5_S5_S5_S5_
    0 bytes stack frame, 0 bytes spill stores, 0 bytes spill loads
ptxas info    : Used 70 registers, used 1 barriers
ptxas info    : Compile time = 72.987 ms
ptxas info    : Compiling entry function '_Z14fc2_w3x_kernelILi0ELi4ELi20EEv14CUtensorMap_stS0_S0_PK13__nv_bfloat16PS1_PmS5_S5_S5_S5_' for 'sm_100a'
ptxas info    : Function properties for _Z14fc2_w3x_kernelILi0ELi4ELi20EEv14CUtensorMap_stS0_S0_PK13__nv_bfloat16PS1_PmS5_S5_S5_S5_
    0 bytes stack frame, 0 bytes spill stores, 0 bytes spill loads
ptxas info    : Used 70 registers, used 1 barriers
ptxas info    : Compile time = 72.095 ms
ptxas info    : Compiling entry function '_Z14fc2_w3x_kernelILi0ELi2ELi20EEv14CUtensorMap_stS0_S0_PK13__nv_bfloat16PS1_PmS5_S5_S5_S5_' for 'sm_100a'
ptxas info    : Function properties for _Z14fc2_w3x_kernelILi0ELi2ELi20EEv14CUtensorMap_stS0_S0_PK13__nv_bfloat16PS1_PmS5_S5_S5_S5_
    0 bytes stack frame, 0 bytes spill stores, 0 bytes spill loads
ptxas info    : Used 70 registers, used 1 barriers
ptxas info    : Compile time = 70.554 ms
ptxas info    : Compiling entry function '_Z14fc2_w3x_kernelILi0ELi8ELi20EEv14CUtensorMap_stS0_S0_PK13__nv_bfloat16PS1_PmS5_S5_S5_S5_' for 'sm_100a'
ptxas info    : Function properties for _Z14fc2_w3x_kernelILi0ELi8ELi20EEv14CUtensorMap_stS0_S0_PK13__nv_bfloat16PS1_PmS5_S5_S5_S5_
    0 bytes stack frame, 0 bytes spill stores, 0 bytes spill loads
ptxas info    : Used 70 registers, used 1 barriers
ptxas info    : Compile time = 72.240 ms
--- rep 1/3 ec=0
FC2 W3X kernel — 6-warp bias-only rank-1-shaped persistent
  [928256,4096] x [1024,4096]^T  NS=6  THREADS=192  SMEM=216064 B  (cap 228KB)
  Alloc + init + pack done
  TMA + func attr done (SMEM=216064 B)  variant=default TD=0 DGG=8
Warmup (2 iters)...
Timing 1 reps × 10 iters/rep × 1 variant ...
@@SAMPLE rep=1 ms=1.85437 cyc=3412965 cyc_min=3376309 cyc_p50=3391986 cyc_p95=3403430 cyc_max=3412965
@@STATS reps=1 mean=1.85437 std=0.00000 min=1.85437 p25=1.85437 p50=1.85437 p75=1.85437 max=1.85437 iqr=0.00000
FC2-W3X kernel: 1.854 ms  4199.14 TFLOPS
PASS  errors=0/32
@@RESULT ms=1.8544 tflops=4199.14 checksum=0.000000 valid=1 c0=6144.0
--- rep 2/3 ec=0
FC2 W3X kernel — 6-warp bias-only rank-1-shaped persistent
  [928256,4096] x [1024,4096]^T  NS=6  THREADS=192  SMEM=216064 B  (cap 228KB)
  Alloc + init + pack done
  TMA + func attr done (SMEM=216064 B)  variant=default TD=0 DGG=8
Warmup (2 iters)...
Timing 1 reps × 10 iters/rep × 1 variant ...
@@SAMPLE rep=1 ms=1.85509 cyc=3413317 cyc_min=3375407 cyc_p50=3391985 cyc_p95=3405155 cyc_max=3413317
@@STATS reps=1 mean=1.85509 std=0.00000 min=1.85509 p25=1.85509 p50=1.85509 p75=1.85509 max=1.85509 iqr=0.00000
FC2-W3X kernel: 1.855 ms  4197.52 TFLOPS
PASS  errors=0/32
@@RESULT ms=1.8551 tflops=4197.52 checksum=0.000000 valid=1 c0=6144.0
--- rep 3/3 ec=0
FC2 W3X kernel — 6-warp bias-only rank-1-shaped persistent
  [928256,4096] x [1024,4096]^T  NS=6  THREADS=192  SMEM=216064 B  (cap 228KB)
  Alloc + init + pack done
  TMA + func attr done (SMEM=216064 B)  variant=default TD=0 DGG=8
Warmup (2 iters)...
Timing 1 reps × 10 iters/rep × 1 variant ...
@@SAMPLE rep=1 ms=1.85478 cyc=3410429 cyc_min=3376775 cyc_p50=3391734 cyc_p95=3402614 cyc_max=3410429
@@STATS reps=1 mean=1.85478 std=0.00000 min=1.85478 p25=1.85478 p50=1.85478 p75=1.85478 max=1.85478 iqr=0.00000
FC2-W3X kernel: 1.855 ms  4198.22 TFLOPS
PASS  errors=0/32
@@RESULT ms=1.8548 tflops=4198.22 checksum=0.000000 valid=1 c0=6144.0
--- cublas epi=3 rep 1/1 ec=0
### CUBLASLT INTROSPECT M=928256 N=1024 K=4096 epi=bias_only
### Heuristics returned: 8

# TSV
rank	heur	ms	cyc	algoId	tile	stages	cluster	inner	splitk	redux	swizzle	custom	waves	ws_MB
1	0	1.7776	3280478	66	23	36	3	-1	1	0	0	1	196.00	0.0
2	3	1.8172	3353243	66	32	36	3	-1	1	0	0	1	261.35	0.0
3	4	1.8546	3422062	66	201	36	5	-1	1	0	0	2	294.00	0.0
4	5	1.9078	3501850	66	29	36	3	-1	1	0	0	1	313.62	0.0
5	7	2.0045	3697634	66	232	36	3	-1	1	0	0	1	130.68	0.0
6	2	2.0714	3820582	66	513	36	3	-1	1	0	0	1	98.00	0.0
7	1	2.1886	4037769	66	24	36	5	-1	1	0	0	3	196.00	0.0
8	6	2.5956	4788628	66	495	36	5	-1	1	0	0	3	261.35	0.0

# Top-3 caps:

## rank=1  algoId=66  tile=23  stages=36  cluster=3  inner=-1  ms=1.7776
    CUBLASLT_ALGO_CAP_REDUCTION_SCHEME_MASK      = 2
    CUBLASLT_ALGO_CAP_CTA_SWIZZLING_SUPPORT      = 0
    CUBLASLT_ALGO_CAP_STRIDED_BATCH_SUPPORT      = 1
    CUBLASLT_ALGO_CAP_OUT_OF_PLACE_RESULT_SUPPORT = 1
    CUBLASLT_ALGO_CAP_CUSTOM_OPTION_MAX          = 7
    CUBLASLT_ALGO_CAP_POINTER_MODE_MASK          = 3
    CUBLASLT_ALGO_CAP_EPILOGUE_MASK              = 1023
    CUBLASLT_ALGO_CAP_TILE_IDS                   = --  (status=7 wrote=0)
    CUBLASLT_ALGO_CAP_STAGES_IDS                 = [36] (n=1, elem=4B)
    CUBLASLT_ALGO_CONFIG_CLUSTER_SHAPE_ID sz=2 → status=0 wrote=2 val=3

## rank=2  algoId=66  tile=32  stages=36  cluster=3  inner=-1  ms=1.8172
    CUBLASLT_ALGO_CAP_REDUCTION_SCHEME_MASK      = 2
    CUBLASLT_ALGO_CAP_CTA_SWIZZLING_SUPPORT      = 0
    CUBLASLT_ALGO_CAP_STRIDED_BATCH_SUPPORT      = 1
    CUBLASLT_ALGO_CAP_OUT_OF_PLACE_RESULT_SUPPORT = 1
    CUBLASLT_ALGO_CAP_CUSTOM_OPTION_MAX          = 7
    CUBLASLT_ALGO_CAP_POINTER_MODE_MASK          = 3
    CUBLASLT_ALGO_CAP_EPILOGUE_MASK              = 1023
    CUBLASLT_ALGO_CAP_TILE_IDS                   = --  (status=7 wrote=0)
    CUBLASLT_ALGO_CAP_STAGES_IDS                 = [36] (n=1, elem=4B)
    CUBLASLT_ALGO_CONFIG_CLUSTER_SHAPE_ID sz=2 → status=0 wrote=2 val=3

## rank=3  algoId=66  tile=201  stages=36  cluster=5  inner=-1  ms=1.8546
    CUBLASLT_ALGO_CAP_REDUCTION_SCHEME_MASK      = 2
    CUBLASLT_ALGO_CAP_CTA_SWIZZLING_SUPPORT      = 0
    CUBLASLT_ALGO_CAP_STRIDED_BATCH_SUPPORT      = 1
    CUBLASLT_ALGO_CAP_OUT_OF_PLACE_RESULT_SUPPORT = 1
    CUBLASLT_ALGO_CAP_CUSTOM_OPTION_MAX          = 7
    CUBLASLT_ALGO_CAP_POINTER_MODE_MASK          = 3
    CUBLASLT_ALGO_CAP_EPILOGUE_MASK              = 1023
    CUBLASLT_ALGO_CAP_TILE_IDS                   = --  (status=7 wrote=0)
    CUBLASLT_ALGO_CAP_STAGES_IDS                 = [36] (n=1, elem=4B)
    CUBLASLT_ALGO_CONFIG_CLUSTER_SHAPE_ID sz=2 → status=0 wrote=2 val=5

# Winner:  rank=1  tile=23  stages=36  cluster=3  inner=-1  splitk=1  swizzle=0  ms=1.7776  cyc=3280478

@@RESULT ms=1.7776 cyc=3280478 tflops=4380.42 checksum=0.000000 valid=1 c0=0.0
--- cublas epi=0 rep 1/1 ec=0
### CUBLASLT INTROSPECT M=928256 N=1024 K=4096 epi=none
### Heuristics returned: 8

# TSV
rank	heur	ms	cyc	algoId	tile	stages	cluster	inner	splitk	redux	swizzle	custom	waves	ws_MB
1	0	1.7758	3277066	66	23	36	3	-1	1	0	0	1	196.00	0.0
2	3	1.8082	3336492	66	32	36	3	-1	1	0	0	1	261.35	0.0
3	4	1.8474	3408985	66	201	36	5	-1	1	0	0	2	294.00	0.0
4	5	1.8918	3490964	66	29	36	3	-1	1	0	0	1	313.62	0.0
5	7	1.9734	3640452	66	232	36	3	-1	1	0	0	1	130.68	0.0
6	2	2.0026	3693940	66	513	36	3	-1	1	0	0	1	98.00	0.0
7	1	2.1734	4009925	66	24	36	5	-1	1	0	0	3	196.00	0.0
8	6	2.5751	4750856	66	495	36	5	-1	1	0	0	3	261.35	0.0

# Top-3 caps:

## rank=1  algoId=66  tile=23  stages=36  cluster=3  inner=-1  ms=1.7758
    CUBLASLT_ALGO_CAP_REDUCTION_SCHEME_MASK      = 2
    CUBLASLT_ALGO_CAP_CTA_SWIZZLING_SUPPORT      = 0
    CUBLASLT_ALGO_CAP_STRIDED_BATCH_SUPPORT      = 1
    CUBLASLT_ALGO_CAP_OUT_OF_PLACE_RESULT_SUPPORT = 1
    CUBLASLT_ALGO_CAP_CUSTOM_OPTION_MAX          = 7
    CUBLASLT_ALGO_CAP_POINTER_MODE_MASK          = 3
    CUBLASLT_ALGO_CAP_EPILOGUE_MASK              = 1023
    CUBLASLT_ALGO_CAP_TILE_IDS                   = --  (status=7 wrote=0)
    CUBLASLT_ALGO_CAP_STAGES_IDS                 = [36] (n=1, elem=4B)
    CUBLASLT_ALGO_CONFIG_CLUSTER_SHAPE_ID sz=2 → status=0 wrote=2 val=3

## rank=2  algoId=66  tile=32  stages=36  cluster=3  inner=-1  ms=1.8082
    CUBLASLT_ALGO_CAP_REDUCTION_SCHEME_MASK      = 2
    CUBLASLT_ALGO_CAP_CTA_SWIZZLING_SUPPORT      = 0
    CUBLASLT_ALGO_CAP_STRIDED_BATCH_SUPPORT      = 1
    CUBLASLT_ALGO_CAP_OUT_OF_PLACE_RESULT_SUPPORT = 1
    CUBLASLT_ALGO_CAP_CUSTOM_OPTION_MAX          = 7
    CUBLASLT_ALGO_CAP_POINTER_MODE_MASK          = 3
    CUBLASLT_ALGO_CAP_EPILOGUE_MASK              = 1023
    CUBLASLT_ALGO_CAP_TILE_IDS                   = --  (status=7 wrote=0)
    CUBLASLT_ALGO_CAP_STAGES_IDS                 = [36] (n=1, elem=4B)
    CUBLASLT_ALGO_CONFIG_CLUSTER_SHAPE_ID sz=2 → status=0 wrote=2 val=3

## rank=3  algoId=66  tile=201  stages=36  cluster=5  inner=-1  ms=1.8474
    CUBLASLT_ALGO_CAP_REDUCTION_SCHEME_MASK      = 2
    CUBLASLT_ALGO_CAP_CTA_SWIZZLING_SUPPORT      = 0
    CUBLASLT_ALGO_CAP_STRIDED_BATCH_SUPPORT      = 1
    CUBLASLT_ALGO_CAP_OUT_OF_PLACE_RESULT_SUPPORT = 1
    CUBLASLT_ALGO_CAP_CUSTOM_OPTION_MAX          = 7
    CUBLASLT_ALGO_CAP_POINTER_MODE_MASK          = 3
    CUBLASLT_ALGO_CAP_EPILOGUE_MASK              = 1023
    CUBLASLT_ALGO_CAP_TILE_IDS                   = --  (status=7 wrote=0)
    CUBLASLT_ALGO_CAP_STAGES_IDS                 = [36] (n=1, elem=4B)
    CUBLASLT_ALGO_CONFIG_CLUSTER_SHAPE_ID sz=2 → status=0 wrote=2 val=5

# Winner:  rank=1  tile=23  stages=36  cluster=3  inner=-1  splitk=1  swizzle=0  ms=1.7758  cyc=3277066

@@RESULT ms=1.7758 cyc=3277066 tflops=4384.89 checksum=0.000000 valid=1 c0=0.0

[build] N=1024 K=8192 M=928256 flags=['-DM_TOTAL=928256', '-DN_DIM=1024', '-DK_DIM=8192']
$ make -B fc2-w3x DFLAGS=-DM_TOTAL=928256 -DN_DIM=1024 -DK_DIM=8192
nvcc -gencode arch=compute_100a,code=sm_100a -O3 -std=c++17 -lineinfo --ptxas-options=-v --cudart=static -DM_TOTAL=928256 -DN_DIM=1024 -DK_DIM=8192 fc2_w3x.cu -o fc2-w3x -lcurand_static -lculibos -lcuda
fc2_w3x.cu(1511): warning #177-D: function "mbar_arrive" was declared but never referenced
  void mbar_arrive(uint32_t addr) {
       ^

Remark: The warnings can be suppressed with "-diag-suppress <warning-number>"

ptxas info    : 0 bytes gmem
ptxas info    : Compiling entry function '_Z14fc2_w3x_kernelILi54ELi8ELi64EEv14CUtensorMap_stS0_S0_PK13__nv_bfloat16PS1_PmS5_S5_S5_S5_' for 'sm_100a'
ptxas info    : Function properties for _Z14fc2_w3x_kernelILi54ELi8ELi64EEv14CUtensorMap_stS0_S0_PK13__nv_bfloat16PS1_PmS5_S5_S5_S5_
    0 bytes stack frame, 0 bytes spill stores, 0 bytes spill loads
ptxas info    : Used 70 registers, used 1 barriers
ptxas info    : Compile time = 146.467 ms
ptxas info    : Compiling entry function '_Z14fc2_w3x_kernelILi54ELi8ELi48EEv14CUtensorMap_stS0_S0_PK13__nv_bfloat16PS1_PmS5_S5_S5_S5_' for 'sm_100a'
ptxas info    : Function properties for _Z14fc2_w3x_kernelILi54ELi8ELi48EEv14CUtensorMap_stS0_S0_PK13__nv_bfloat16PS1_PmS5_S5_S5_S5_
    0 bytes stack frame, 0 bytes spill stores, 0 bytes spill loads
ptxas info    : Used 70 registers, used 1 barriers
ptxas info    : Compile time = 142.388 ms
ptxas info    : Compiling entry function '_Z14fc2_w3x_kernelILi54ELi8ELi32EEv14CUtensorMap_stS0_S0_PK13__nv_bfloat16PS1_PmS5_S5_S5_S5_' for 'sm_100a'
ptxas info    : Function properties for _Z14fc2_w3x_kernelILi54ELi8ELi32EEv14CUtensorMap_stS0_S0_PK13__nv_bfloat16PS1_PmS5_S5_S5_S5_
    0 bytes stack frame, 0 bytes spill stores, 0 bytes spill loads
ptxas info    : Used 70 registers, used 1 barriers
ptxas info    : Compile time = 141.379 ms
ptxas info    : Compiling entry function '_Z14fc2_w3x_kernelILi54ELi8ELi24EEv14CUtensorMap_stS0_S0_PK13__nv_bfloat16PS1_PmS5_S5_S5_S5_' for 'sm_100a'
ptxas info    : Function properties for _Z14fc2_w3x_kernelILi54ELi8ELi24EEv14CUtensorMap_stS0_S0_PK13__nv_bfloat16PS1_PmS5_S5_S5_S5_
    0 bytes stack frame, 0 bytes spill stores, 0 bytes spill loads
ptxas info    : Used 70 registers, used 1 barriers
ptxas info    : Compile time = 137.410 ms
ptxas info    : Compiling entry function '_Z14fc2_w3x_kernelILi54ELi8ELi16EEv14CUtensorMap_stS0_S0_PK13__nv_bfloat16PS1_PmS5_S5_S5_S5_' for 'sm_100a'
ptxas info    : Function properties for _Z14fc2_w3x_kernelILi54ELi8ELi16EEv14CUtensorMap_stS0_S0_PK13__nv_bfloat16PS1_PmS5_S5_S5_S5_
    0 bytes stack frame, 0 bytes spill stores, 0 bytes spill loads
ptxas info    : Used 70 registers, used 1 barriers
ptxas info    : Compile time = 137.699 ms
ptxas info    : Compiling entry function '_Z14fc2_w3x_kernelILi54ELi8ELi12EEv14CUtensorMap_stS0_S0_PK13__nv_bfloat16PS1_PmS5_S5_S5_S5_' for 'sm_100a'
ptxas info    : Function properties for _Z14fc2_w3x_kernelILi54ELi8ELi12EEv14CUtensorMap_stS0_S0_PK13__nv_bfloat16PS1_PmS5_S5_S5_S5_
    0 bytes stack frame, 0 bytes spill stores, 0 bytes spill loads
ptxas info    : Used 70 registers, used 1 barriers
ptxas info    : Compile time = 138.100 ms
ptxas info    : Compiling entry function '_Z14fc2_w3x_kernelILi54ELi8ELi8EEv14CUtensorMap_stS0_S0_PK13__nv_bfloat16PS1_PmS5_S5_S5_S5_' for 'sm_100a'
ptxas info    : Function properties for _Z14fc2_w3x_kernelILi54ELi8ELi8EEv14CUtensorMap_stS0_S0_PK13__nv_bfloat16PS1_PmS5_S5_S5_S5_
    0 bytes stack frame, 0 bytes spill stores, 0 bytes spill loads
ptxas info    : Used 70 registers, used 1 barriers
ptxas info    : Compile time = 137.916 ms
ptxas info    : Compiling entry function '_Z14fc2_w3x_kernelILi54ELi8ELi4EEv14CUtensorMap_stS0_S0_PK13__nv_bfloat16PS1_PmS5_S5_S5_S5_' for 'sm_100a'
ptxas info    : Function properties for _Z14fc2_w3x_kernelILi54ELi8ELi4EEv14CUtensorMap_stS0_S0_PK13__nv_bfloat16PS1_PmS5_S5_S5_S5_
    0 bytes stack frame, 0 bytes spill stores, 0 bytes spill loads
ptxas info    : Used 70 registers, used 1 barriers
ptxas info    : Compile time = 138.196 ms
ptxas info    : Compiling entry function '_Z14fc2_w3x_kernelILi54ELi8ELi0EEv14CUtensorMap_stS0_S0_PK13__nv_bfloat16PS1_PmS5_S5_S5_S5_' for 'sm_100a'
ptxas info    : Function properties for _Z14fc2_w3x_kernelILi54ELi8ELi0EEv14CUtensorMap_stS0_S0_PK13__nv_bfloat16PS1_PmS5_S5_S5_S5_
    0 bytes stack frame, 0 bytes spill stores, 0 bytes spill loads
ptxas info    : Used 70 registers, used 1 barriers
ptxas info    : Compile time = 138.288 ms
ptxas info    : Compiling entry function '_Z14fc2_w3x_kernelILi99ELi8ELi20EEv14CUtensorMap_stS0_S0_PK13__nv_bfloat16PS1_PmS5_S5_S5_S5_' for 'sm_100a'
ptxas info    : Function properties for _Z14fc2_w3x_kernelILi99ELi8ELi20EEv14CUtensorMap_stS0_S0_PK13__nv_bfloat16PS1_PmS5_S5_S5_S5_
    0 bytes stack frame, 0 bytes spill stores, 0 bytes spill loads
ptxas info    : Used 70 registers, used 1 barriers
ptxas info    : Compile time = 137.732 ms
ptxas info    : Compiling entry function '_Z14fc2_w3x_kernelILi98ELi8ELi20EEv14CUtensorMap_stS0_S0_PK13__nv_bfloat16PS1_PmS5_S5_S5_S5_' for 'sm_100a'
ptxas info    : Function properties for _Z14fc2_w3x_kernelILi98ELi8ELi20EEv14CUtensorMap_stS0_S0_PK13__nv_bfloat16PS1_PmS5_S5_S5_S5_
    0 bytes stack frame, 0 bytes spill stores, 0 bytes spill loads
ptxas info    : Used 70 registers, used 1 barriers
ptxas info    : Compile time = 138.623 ms
ptxas info    : Compiling entry function '_Z14fc2_w3x_kernelILi97ELi8ELi20EEv14CUtensorMap_stS0_S0_PK13__nv_bfloat16PS1_PmS5_S5_S5_S5_' for 'sm_100a'
ptxas info    : Function properties for _Z14fc2_w3x_kernelILi97ELi8ELi20EEv14CUtensorMap_stS0_S0_PK13__nv_bfloat16PS1_PmS5_S5_S5_S5_
    0 bytes stack frame, 0 bytes spill stores, 0 bytes spill loads
ptxas info    : Used 70 registers, used 1 barriers
ptxas info    : Compile time = 138.347 ms
ptxas info    : Compiling entry function '_Z14fc2_w3x_kernelILi96ELi8ELi20EEv14CUtensorMap_stS0_S0_PK13__nv_bfloat16PS1_PmS5_S5_S5_S5_' for 'sm_100a'
ptxas info    : Function properties for _Z14fc2_w3x_kernelILi96ELi8ELi20EEv14CUtensorMap_stS0_S0_PK13__nv_bfloat16PS1_PmS5_S5_S5_S5_
    0 bytes stack frame, 0 bytes spill stores, 0 bytes spill loads
ptxas info    : Used 70 registers, used 1 barriers
ptxas info    : Compile time = 137.829 ms
ptxas info    : Compiling entry function '_Z14fc2_w3x_kernelILi95ELi8ELi20EEv14CUtensorMap_stS0_S0_PK13__nv_bfloat16PS1_PmS5_S5_S5_S5_' for 'sm_100a'
ptxas info    : Function properties for _Z14fc2_w3x_kernelILi95ELi8ELi20EEv14CUtensorMap_stS0_S0_PK13__nv_bfloat16PS1_PmS5_S5_S5_S5_
    0 bytes stack frame, 0 bytes spill stores, 0 bytes spill loads
ptxas info    : Used 70 registers, used 1 barriers
ptxas info    : Compile time = 137.184 ms
ptxas info    : Compiling entry function '_Z14fc2_w3x_kernelILi94ELi8ELi20EEv14CUtensorMap_stS0_S0_PK13__nv_bfloat16PS1_PmS5_S5_S5_S5_' for 'sm_100a'
ptxas info    : Function properties for _Z14fc2_w3x_kernelILi94ELi8ELi20EEv14CUtensorMap_stS0_S0_PK13__nv_bfloat16PS1_PmS5_S5_S5_S5_
    0 bytes stack frame, 0 bytes spill stores, 0 bytes spill loads
ptxas info    : Used 70 registers, used 1 barriers
ptxas info    : Compile time = 139.171 ms
ptxas info    : Compiling entry function '_Z14fc2_w3x_kernelILi93ELi8ELi20EEv14CUtensorMap_stS0_S0_PK13__nv_bfloat16PS1_PmS5_S5_S5_S5_' for 'sm_100a'
ptxas info    : Function properties for _Z14fc2_w3x_kernelILi93ELi8ELi20EEv14CUtensorMap_stS0_S0_PK13__nv_bfloat16PS1_PmS5_S5_S5_S5_
    0 bytes stack frame, 0 bytes spill stores, 0 bytes spill loads
ptxas info    : Used 70 registers, used 1 barriers
ptxas info    : Compile time = 137.563 ms
ptxas info    : Compiling entry function '_Z14fc2_w3x_kernelILi92ELi8ELi20EEv14CUtensorMap_stS0_S0_PK13__nv_bfloat16PS1_PmS5_S5_S5_S5_' for 'sm_100a'
ptxas info    : Function properties for _Z14fc2_w3x_kernelILi92ELi8ELi20EEv14CUtensorMap_stS0_S0_PK13__nv_bfloat16PS1_PmS5_S5_S5_S5_
    0 bytes stack frame, 0 bytes spill stores, 0 bytes spill loads
ptxas info    : Used 70 registers, used 1 barriers
ptxas info    : Compile time = 138.128 ms
ptxas info    : Compiling entry function '_Z14fc2_w3x_kernelILi91ELi8ELi20EEv14CUtensorMap_stS0_S0_PK13__nv_bfloat16PS1_PmS5_S5_S5_S5_' for 'sm_100a'
ptxas info    : Function properties for _Z14fc2_w3x_kernelILi91ELi8ELi20EEv14CUtensorMap_stS0_S0_PK13__nv_bfloat16PS1_PmS5_S5_S5_S5_
    0 bytes stack frame, 0 bytes spill stores, 0 bytes spill loads
ptxas info    : Used 70 registers, used 1 barriers
ptxas info    : Compile time = 137.978 ms
ptxas info    : Compiling entry function '_Z14fc2_w3x_kernelILi90ELi8ELi20EEv14CUtensorMap_stS0_S0_PK13__nv_bfloat16PS1_PmS5_S5_S5_S5_' for 'sm_100a'
ptxas info    : Function properties for _Z14fc2_w3x_kernelILi90ELi8ELi20EEv14CUtensorMap_stS0_S0_PK13__nv_bfloat16PS1_PmS5_S5_S5_S5_
    0 bytes stack frame, 0 bytes spill stores, 0 bytes spill loads
ptxas info    : Used 70 registers, used 1 barriers
ptxas info    : Compile time = 136.960 ms
ptxas info    : Compiling entry function '_Z14fc2_w3x_kernelILi89ELi8ELi20EEv14CUtensorMap_stS0_S0_PK13__nv_bfloat16PS1_PmS5_S5_S5_S5_' for 'sm_100a'
ptxas info    : Function properties for _Z14fc2_w3x_kernelILi89ELi8ELi20EEv14CUtensorMap_stS0_S0_PK13__nv_bfloat16PS1_PmS5_S5_S5_S5_
    0 bytes stack frame, 0 bytes spill stores, 0 bytes spill loads
ptxas info    : Used 70 registers, used 1 barriers
ptxas info    : Compile time = 137.875 ms
ptxas info    : Compiling entry function '_Z14fc2_w3x_kernelILi88ELi8ELi20EEv14CUtensorMap_stS0_S0_PK13__nv_bfloat16PS1_PmS5_S5_S5_S5_' for 'sm_100a'
ptxas info    : Function properties for _Z14fc2_w3x_kernelILi88ELi8ELi20EEv14CUtensorMap_stS0_S0_PK13__nv_bfloat16PS1_PmS5_S5_S5_S5_
    0 bytes stack frame, 0 bytes spill stores, 0 bytes spill loads
ptxas info    : Used 70 registers, used 1 barriers
ptxas info    : Compile time = 137.608 ms
ptxas info    : Compiling entry function '_Z14fc2_w3x_kernelILi87ELi8ELi20EEv14CUtensorMap_stS0_S0_PK13__nv_bfloat16PS1_PmS5_S5_S5_S5_' for 'sm_100a'
ptxas info    : Function properties for _Z14fc2_w3x_kernelILi87ELi8ELi20EEv14CUtensorMap_stS0_S0_PK13__nv_bfloat16PS1_PmS5_S5_S5_S5_
    0 bytes stack frame, 0 bytes spill stores, 0 bytes spill loads
ptxas info    : Used 70 registers, used 1 barriers
ptxas info    : Compile time = 138.872 ms
ptxas info    : Compiling entry function '_Z14fc2_w3x_kernelILi86ELi8ELi20EEv14CUtensorMap_stS0_S0_PK13__nv_bfloat16PS1_PmS5_S5_S5_S5_' for 'sm_100a'
ptxas info    : Function properties for _Z14fc2_w3x_kernelILi86ELi8ELi20EEv14CUtensorMap_stS0_S0_PK13__nv_bfloat16PS1_PmS5_S5_S5_S5_
    0 bytes stack frame, 0 bytes spill stores, 0 bytes spill loads
ptxas info    : Used 70 registers, used 1 barriers
ptxas info    : Compile time = 138.132 ms
ptxas info    : Compiling entry function '_Z14fc2_w3x_kernelILi85ELi8ELi20EEv14CUtensorMap_stS0_S0_PK13__nv_bfloat16PS1_PmS5_S5_S5_S5_' for 'sm_100a'
ptxas info    : Function properties for _Z14fc2_w3x_kernelILi85ELi8ELi20EEv14CUtensorMap_stS0_S0_PK13__nv_bfloat16PS1_PmS5_S5_S5_S5_
    0 bytes stack frame, 0 bytes spill stores, 0 bytes spill loads
ptxas info    : Used 70 registers, used 1 barriers
ptxas info    : Compile time = 137.804 ms
ptxas info    : Compiling entry function '_Z14fc2_w3x_kernelILi84ELi8ELi20EEv14CUtensorMap_stS0_S0_PK13__nv_bfloat16PS1_PmS5_S5_S5_S5_' for 'sm_100a'
ptxas info    : Function properties for _Z14fc2_w3x_kernelILi84ELi8ELi20EEv14CUtensorMap_stS0_S0_PK13__nv_bfloat16PS1_PmS5_S5_S5_S5_
    0 bytes stack frame, 0 bytes spill stores, 0 bytes spill loads
ptxas info    : Used 70 registers, used 1 barriers
ptxas info    : Compile time = 137.452 ms
ptxas info    : Compiling entry function '_Z14fc2_w3x_kernelILi83ELi8ELi20EEv14CUtensorMap_stS0_S0_PK13__nv_bfloat16PS1_PmS5_S5_S5_S5_' for 'sm_100a'
ptxas info    : Function properties for _Z14fc2_w3x_kernelILi83ELi8ELi20EEv14CUtensorMap_stS0_S0_PK13__nv_bfloat16PS1_PmS5_S5_S5_S5_
    0 bytes stack frame, 0 bytes spill stores, 0 bytes spill loads
ptxas info    : Used 70 registers, used 1 barriers
ptxas info    : Compile time = 138.255 ms
ptxas info    : Compiling entry function '_Z14fc2_w3x_kernelILi82ELi8ELi20EEv14CUtensorMap_stS0_S0_PK13__nv_bfloat16PS1_PmS5_S5_S5_S5_' for 'sm_100a'
ptxas info    : Function properties for _Z14fc2_w3x_kernelILi82ELi8ELi20EEv14CUtensorMap_stS0_S0_PK13__nv_bfloat16PS1_PmS5_S5_S5_S5_
    0 bytes stack frame, 0 bytes spill stores, 0 bytes spill loads
ptxas info    : Used 70 registers, used 1 barriers
ptxas info    : Compile time = 138.262 ms
ptxas info    : Compiling entry function '_Z14fc2_w3x_kernelILi81ELi8ELi20EEv14CUtensorMap_stS0_S0_PK13__nv_bfloat16PS1_PmS5_S5_S5_S5_' for 'sm_100a'
ptxas info    : Function properties for _Z14fc2_w3x_kernelILi81ELi8ELi20EEv14CUtensorMap_stS0_S0_PK13__nv_bfloat16PS1_PmS5_S5_S5_S5_
    0 bytes stack frame, 0 bytes spill stores, 0 bytes spill loads
ptxas info    : Used 70 registers, used 1 barriers
ptxas info    : Compile time = 138.171 ms
ptxas info    : Compiling entry function '_Z14fc2_w3x_kernelILi80ELi8ELi20EEv14CUtensorMap_stS0_S0_PK13__nv_bfloat16PS1_PmS5_S5_S5_S5_' for 'sm_100a'
ptxas info    : Function properties for _Z14fc2_w3x_kernelILi80ELi8ELi20EEv14CUtensorMap_stS0_S0_PK13__nv_bfloat16PS1_PmS5_S5_S5_S5_
    0 bytes stack frame, 0 bytes spill stores, 0 bytes spill loads
ptxas info    : Used 70 registers, used 1 barriers
ptxas info    : Compile time = 138.674 ms
ptxas info    : Compiling entry function '_Z14fc2_w3x_kernelILi58ELi8ELi20EEv14CUtensorMap_stS0_S0_PK13__nv_bfloat16PS1_PmS5_S5_S5_S5_' for 'sm_100a'
ptxas info    : Function properties for _Z14fc2_w3x_kernelILi58ELi8ELi20EEv14CUtensorMap_stS0_S0_PK13__nv_bfloat16PS1_PmS5_S5_S5_S5_
    0 bytes stack frame, 0 bytes spill stores, 0 bytes spill loads
ptxas info    : Used 70 registers, used 1 barriers
ptxas info    : Compile time = 139.481 ms
ptxas info    : Compiling entry function '_Z14fc2_w3x_kernelILi57ELi8ELi20EEv14CUtensorMap_stS0_S0_PK13__nv_bfloat16PS1_PmS5_S5_S5_S5_' for 'sm_100a'
ptxas info    : Function properties for _Z14fc2_w3x_kernelILi57ELi8ELi20EEv14CUtensorMap_stS0_S0_PK13__nv_bfloat16PS1_PmS5_S5_S5_S5_
    0 bytes stack frame, 0 bytes spill stores, 0 bytes spill loads
ptxas info    : Used 70 registers, used 1 barriers
ptxas info    : Compile time = 138.518 ms
ptxas info    : Compiling entry function '_Z14fc2_w3x_kernelILi56ELi8ELi20EEv14CUtensorMap_stS0_S0_PK13__nv_bfloat16PS1_PmS5_S5_S5_S5_' for 'sm_100a'
ptxas info    : Function properties for _Z14fc2_w3x_kernelILi56ELi8ELi20EEv14CUtensorMap_stS0_S0_PK13__nv_bfloat16PS1_PmS5_S5_S5_S5_
    0 bytes stack frame, 0 bytes spill stores, 0 bytes spill loads
ptxas info    : Used 70 registers, used 1 barriers
ptxas info    : Compile time = 138.553 ms
ptxas info    : Compiling entry function '_Z14fc2_w3x_kernelILi55ELi8ELi20EEv14CUtensorMap_stS0_S0_PK13__nv_bfloat16PS1_PmS5_S5_S5_S5_' for 'sm_100a'
ptxas info    : Function properties for _Z14fc2_w3x_kernelILi55ELi8ELi20EEv14CUtensorMap_stS0_S0_PK13__nv_bfloat16PS1_PmS5_S5_S5_S5_
    0 bytes stack frame, 0 bytes spill stores, 0 bytes spill loads
ptxas info    : Used 70 registers, used 1 barriers
ptxas info    : Compile time = 135.834 ms
ptxas info    : Compiling entry function '_Z14fc2_w3x_kernelILi54ELi8ELi20EEv14CUtensorMap_stS0_S0_PK13__nv_bfloat16PS1_PmS5_S5_S5_S5_' for 'sm_100a'
ptxas info    : Function properties for _Z14fc2_w3x_kernelILi54ELi8ELi20EEv14CUtensorMap_stS0_S0_PK13__nv_bfloat16PS1_PmS5_S5_S5_S5_
    0 bytes stack frame, 0 bytes spill stores, 0 bytes spill loads
ptxas info    : Used 70 registers, used 1 barriers
ptxas info    : Compile time = 137.635 ms
ptxas info    : Compiling entry function '_Z14fc2_w3x_kernelILi53ELi8ELi20EEv14CUtensorMap_stS0_S0_PK13__nv_bfloat16PS1_PmS5_S5_S5_S5_' for 'sm_100a'
ptxas info    : Function properties for _Z14fc2_w3x_kernelILi53ELi8ELi20EEv14CUtensorMap_stS0_S0_PK13__nv_bfloat16PS1_PmS5_S5_S5_S5_
    0 bytes stack frame, 0 bytes spill stores, 0 bytes spill loads
ptxas info    : Used 70 registers, used 1 barriers
ptxas info    : Compile time = 139.257 ms
ptxas info    : Compiling entry function '_Z14fc2_w3x_kernelILi52ELi8ELi20EEv14CUtensorMap_stS0_S0_PK13__nv_bfloat16PS1_PmS5_S5_S5_S5_' for 'sm_100a'
ptxas info    : Function properties for _Z14fc2_w3x_kernelILi52ELi8ELi20EEv14CUtensorMap_stS0_S0_PK13__nv_bfloat16PS1_PmS5_S5_S5_S5_
    0 bytes stack frame, 0 bytes spill stores, 0 bytes spill loads
ptxas info    : Used 70 registers, used 1 barriers
ptxas info    : Compile time = 138.576 ms
ptxas info    : Compiling entry function '_Z14fc2_w3x_kernelILi51ELi8ELi20EEv14CUtensorMap_stS0_S0_PK13__nv_bfloat16PS1_PmS5_S5_S5_S5_' for 'sm_100a'
ptxas info    : Function properties for _Z14fc2_w3x_kernelILi51ELi8ELi20EEv14CUtensorMap_stS0_S0_PK13__nv_bfloat16PS1_PmS5_S5_S5_S5_
    0 bytes stack frame, 0 bytes spill stores, 0 bytes spill loads
ptxas info    : Used 70 registers, used 1 barriers
ptxas info    : Compile time = 138.632 ms
ptxas info    : Compiling entry function '_Z14fc2_w3x_kernelILi50ELi8ELi20EEv14CUtensorMap_stS0_S0_PK13__nv_bfloat16PS1_PmS5_S5_S5_S5_' for 'sm_100a'
ptxas info    : Function properties for _Z14fc2_w3x_kernelILi50ELi8ELi20EEv14CUtensorMap_stS0_S0_PK13__nv_bfloat16PS1_PmS5_S5_S5_S5_
    0 bytes stack frame, 0 bytes spill stores, 0 bytes spill loads
ptxas info    : Used 70 registers, used 1 barriers
ptxas info    : Compile time = 139.407 ms
ptxas info    : Compiling entry function '_Z14fc2_w3x_kernelILi49ELi8ELi20EEv14CUtensorMap_stS0_S0_PK13__nv_bfloat16PS1_PmS5_S5_S5_S5_' for 'sm_100a'
ptxas info    : Function properties for _Z14fc2_w3x_kernelILi49ELi8ELi20EEv14CUtensorMap_stS0_S0_PK13__nv_bfloat16PS1_PmS5_S5_S5_S5_
    0 bytes stack frame, 0 bytes spill stores, 0 bytes spill loads
ptxas info    : Used 70 registers, used 1 barriers
ptxas info    : Compile time = 138.042 ms
ptxas info    : Compiling entry function '_Z14fc2_w3x_kernelILi19ELi16ELi20EEv14CUtensorMap_stS0_S0_PK13__nv_bfloat16PS1_PmS5_S5_S5_S5_' for 'sm_100a'
ptxas info    : Function properties for _Z14fc2_w3x_kernelILi19ELi16ELi20EEv14CUtensorMap_stS0_S0_PK13__nv_bfloat16PS1_PmS5_S5_S5_S5_
    0 bytes stack frame, 0 bytes spill stores, 0 bytes spill loads
ptxas info    : Used 70 registers, used 1 barriers
ptxas info    : Compile time = 137.595 ms
ptxas info    : Compiling entry function '_Z14fc2_w3x_kernelILi19ELi4ELi20EEv14CUtensorMap_stS0_S0_PK13__nv_bfloat16PS1_PmS5_S5_S5_S5_' for 'sm_100a'
ptxas info    : Function properties for _Z14fc2_w3x_kernelILi19ELi4ELi20EEv14CUtensorMap_stS0_S0_PK13__nv_bfloat16PS1_PmS5_S5_S5_S5_
    0 bytes stack frame, 0 bytes spill stores, 0 bytes spill loads
ptxas info    : Used 70 registers, used 1 barriers
ptxas info    : Compile time = 137.774 ms
ptxas info    : Compiling entry function '_Z14fc2_w3x_kernelILi48ELi8ELi20EEv14CUtensorMap_stS0_S0_PK13__nv_bfloat16PS1_PmS5_S5_S5_S5_' for 'sm_100a'
ptxas info    : Function properties for _Z14fc2_w3x_kernelILi48ELi8ELi20EEv14CUtensorMap_stS0_S0_PK13__nv_bfloat16PS1_PmS5_S5_S5_S5_
    0 bytes stack frame, 0 bytes spill stores, 0 bytes spill loads
ptxas info    : Used 70 registers, used 1 barriers
ptxas info    : Compile time = 137.819 ms
ptxas info    : Compiling entry function '_Z14fc2_w3x_kernelILi47ELi8ELi20EEv14CUtensorMap_stS0_S0_PK13__nv_bfloat16PS1_PmS5_S5_S5_S5_' for 'sm_100a'
ptxas info    : Function properties for _Z14fc2_w3x_kernelILi47ELi8ELi20EEv14CUtensorMap_stS0_S0_PK13__nv_bfloat16PS1_PmS5_S5_S5_S5_
    0 bytes stack frame, 0 bytes spill stores, 0 bytes spill loads
ptxas info    : Used 70 registers, used 1 barriers
ptxas info    : Compile time = 139.181 ms
ptxas info    : Compiling entry function '_Z14fc2_w3x_kernelILi46ELi8ELi20EEv14CUtensorMap_stS0_S0_PK13__nv_bfloat16PS1_PmS5_S5_S5_S5_' for 'sm_100a'
ptxas info    : Function properties for _Z14fc2_w3x_kernelILi46ELi8ELi20EEv14CUtensorMap_stS0_S0_PK13__nv_bfloat16PS1_PmS5_S5_S5_S5_
    0 bytes stack frame, 0 bytes spill stores, 0 bytes spill loads
ptxas info    : Used 70 registers, used 1 barriers
ptxas info    : Compile time = 138.725 ms
ptxas info    : Compiling entry function '_Z14fc2_w3x_kernelILi45ELi8ELi20EEv14CUtensorMap_stS0_S0_PK13__nv_bfloat16PS1_PmS5_S5_S5_S5_' for 'sm_100a'
ptxas info    : Function properties for _Z14fc2_w3x_kernelILi45ELi8ELi20EEv14CUtensorMap_stS0_S0_PK13__nv_bfloat16PS1_PmS5_S5_S5_S5_
    0 bytes stack frame, 0 bytes spill stores, 0 bytes spill loads
ptxas info    : Used 70 registers, used 1 barriers
ptxas info    : Compile time = 138.963 ms
ptxas info    : Compiling entry function '_Z14fc2_w3x_kernelILi44ELi8ELi20EEv14CUtensorMap_stS0_S0_PK13__nv_bfloat16PS1_PmS5_S5_S5_S5_' for 'sm_100a'
ptxas info    : Function properties for _Z14fc2_w3x_kernelILi44ELi8ELi20EEv14CUtensorMap_stS0_S0_PK13__nv_bfloat16PS1_PmS5_S5_S5_S5_
    0 bytes stack frame, 0 bytes spill stores, 0 bytes spill loads
ptxas info    : Used 70 registers, used 1 barriers
ptxas info    : Compile time = 137.301 ms
ptxas info    : Compiling entry function '_Z14fc2_w3x_kernelILi43ELi8ELi20EEv14CUtensorMap_stS0_S0_PK13__nv_bfloat16PS1_PmS5_S5_S5_S5_' for 'sm_100a'
ptxas info    : Function properties for _Z14fc2_w3x_kernelILi43ELi8ELi20EEv14CUtensorMap_stS0_S0_PK13__nv_bfloat16PS1_PmS5_S5_S5_S5_
    0 bytes stack frame, 0 bytes spill stores, 0 bytes spill loads
ptxas info    : Used 70 registers, used 1 barriers
ptxas info    : Compile time = 137.695 ms
ptxas info    : Compiling entry function '_Z14fc2_w3x_kernelILi41ELi8ELi20EEv14CUtensorMap_stS0_S0_PK13__nv_bfloat16PS1_PmS5_S5_S5_S5_' for 'sm_100a'
ptxas info    : Function properties for _Z14fc2_w3x_kernelILi41ELi8ELi20EEv14CUtensorMap_stS0_S0_PK13__nv_bfloat16PS1_PmS5_S5_S5_S5_
    0 bytes stack frame, 0 bytes spill stores, 0 bytes spill loads
ptxas info    : Used 70 registers, used 1 barriers
ptxas info    : Compile time = 134.588 ms
ptxas info    : Compiling entry function '_Z14fc2_w3x_kernelILi40ELi8ELi20EEv14CUtensorMap_stS0_S0_PK13__nv_bfloat16PS1_PmS5_S5_S5_S5_' for 'sm_100a'
ptxas info    : Function properties for _Z14fc2_w3x_kernelILi40ELi8ELi20EEv14CUtensorMap_stS0_S0_PK13__nv_bfloat16PS1_PmS5_S5_S5_S5_
    0 bytes stack frame, 0 bytes spill stores, 0 bytes spill loads
ptxas info    : Used 70 registers, used 1 barriers
ptxas info    : Compile time = 135.120 ms
ptxas info    : Compiling entry function '_Z14fc2_w3x_kernelILi39ELi8ELi20EEv14CUtensorMap_stS0_S0_PK13__nv_bfloat16PS1_PmS5_S5_S5_S5_' for 'sm_100a'
ptxas info    : Function properties for _Z14fc2_w3x_kernelILi39ELi8ELi20EEv14CUtensorMap_stS0_S0_PK13__nv_bfloat16PS1_PmS5_S5_S5_S5_
    0 bytes stack frame, 0 bytes spill stores, 0 bytes spill loads
ptxas info    : Used 70 registers, used 1 barriers
ptxas info    : Compile time = 138.099 ms
ptxas info    : Compiling entry function '_Z14fc2_w3x_kernelILi38ELi8ELi20EEv14CUtensorMap_stS0_S0_PK13__nv_bfloat16PS1_PmS5_S5_S5_S5_' for 'sm_100a'
ptxas info    : Function properties for _Z14fc2_w3x_kernelILi38ELi8ELi20EEv14CUtensorMap_stS0_S0_PK13__nv_bfloat16PS1_PmS5_S5_S5_S5_
    0 bytes stack frame, 0 bytes spill stores, 0 bytes spill loads
ptxas info    : Used 70 registers, used 1 barriers
ptxas info    : Compile time = 138.485 ms
ptxas info    : Compiling entry function '_Z14fc2_w3x_kernelILi36ELi4ELi20EEv14CUtensorMap_stS0_S0_PK13__nv_bfloat16PS1_PmS5_S5_S5_S5_' for 'sm_100a'
ptxas info    : Function properties for _Z14fc2_w3x_kernelILi36ELi4ELi20EEv14CUtensorMap_stS0_S0_PK13__nv_bfloat16PS1_PmS5_S5_S5_S5_
    0 bytes stack frame, 0 bytes spill stores, 0 bytes spill loads
ptxas info    : Used 70 registers, used 1 barriers
ptxas info    : Compile time = 136.603 ms
ptxas info    : Compiling entry function '_Z14fc2_w3x_kernelILi35ELi4ELi20EEv14CUtensorMap_stS0_S0_PK13__nv_bfloat16PS1_PmS5_S5_S5_S5_' for 'sm_100a'
ptxas info    : Function properties for _Z14fc2_w3x_kernelILi35ELi4ELi20EEv14CUtensorMap_stS0_S0_PK13__nv_bfloat16PS1_PmS5_S5_S5_S5_
    0 bytes stack frame, 0 bytes spill stores, 0 bytes spill loads
ptxas info    : Used 70 registers, used 1 barriers
ptxas info    : Compile time = 138.597 ms
ptxas info    : Compiling entry function '_Z14fc2_w3x_kernelILi34ELi8ELi20EEv14CUtensorMap_stS0_S0_PK13__nv_bfloat16PS1_PmS5_S5_S5_S5_' for 'sm_100a'
ptxas info    : Function properties for _Z14fc2_w3x_kernelILi34ELi8ELi20EEv14CUtensorMap_stS0_S0_PK13__nv_bfloat16PS1_PmS5_S5_S5_S5_
    0 bytes stack frame, 0 bytes spill stores, 0 bytes spill loads
ptxas info    : Used 70 registers, used 1 barriers
ptxas info    : Compile time = 137.334 ms
ptxas info    : Compiling entry function '_Z14fc2_w3x_kernelILi33ELi8ELi20EEv14CUtensorMap_stS0_S0_PK13__nv_bfloat16PS1_PmS5_S5_S5_S5_' for 'sm_100a'
ptxas info    : Function properties for _Z14fc2_w3x_kernelILi33ELi8ELi20EEv14CUtensorMap_stS0_S0_PK13__nv_bfloat16PS1_PmS5_S5_S5_S5_
    0 bytes stack frame, 0 bytes spill stores, 0 bytes spill loads
ptxas info    : Used 70 registers, used 1 barriers
ptxas info    : Compile time = 137.714 ms
ptxas info    : Compiling entry function '_Z14fc2_w3x_kernelILi19ELi8ELi20EEv14CUtensorMap_stS0_S0_PK13__nv_bfloat16PS1_PmS5_S5_S5_S5_' for 'sm_100a'
ptxas info    : Function properties for _Z14fc2_w3x_kernelILi19ELi8ELi20EEv14CUtensorMap_stS0_S0_PK13__nv_bfloat16PS1_PmS5_S5_S5_S5_
    0 bytes stack frame, 0 bytes spill stores, 0 bytes spill loads
ptxas info    : Used 70 registers, used 1 barriers
ptxas info    : Compile time = 137.216 ms
ptxas info    : Compiling entry function '_Z14fc2_w3x_kernelILi18ELi8ELi20EEv14CUtensorMap_stS0_S0_PK13__nv_bfloat16PS1_PmS5_S5_S5_S5_' for 'sm_100a'
ptxas info    : Function properties for _Z14fc2_w3x_kernelILi18ELi8ELi20EEv14CUtensorMap_stS0_S0_PK13__nv_bfloat16PS1_PmS5_S5_S5_S5_
    0 bytes stack frame, 0 bytes spill stores, 0 bytes spill loads
ptxas info    : Used 70 registers, used 1 barriers
ptxas info    : Compile time = 137.461 ms
ptxas info    : Compiling entry function '_Z14fc2_w3x_kernelILi13ELi8ELi20EEv14CUtensorMap_stS0_S0_PK13__nv_bfloat16PS1_PmS5_S5_S5_S5_' for 'sm_100a'
ptxas info    : Function properties for _Z14fc2_w3x_kernelILi13ELi8ELi20EEv14CUtensorMap_stS0_S0_PK13__nv_bfloat16PS1_PmS5_S5_S5_S5_
    0 bytes stack frame, 0 bytes spill stores, 0 bytes spill loads
ptxas info    : Used 70 registers, used 1 barriers
ptxas info    : Compile time = 132.627 ms
ptxas info    : Compiling entry function '_Z14fc2_w3x_kernelILi11ELi8ELi20EEv14CUtensorMap_stS0_S0_PK13__nv_bfloat16PS1_PmS5_S5_S5_S5_' for 'sm_100a'
ptxas info    : Function properties for _Z14fc2_w3x_kernelILi11ELi8ELi20EEv14CUtensorMap_stS0_S0_PK13__nv_bfloat16PS1_PmS5_S5_S5_S5_
    0 bytes stack frame, 0 bytes spill stores, 0 bytes spill loads
ptxas info    : Used 70 registers, used 1 barriers
ptxas info    : Compile time = 134.665 ms
ptxas info    : Compiling entry function '_Z14fc2_w3x_kernelILi0ELi32ELi20EEv14CUtensorMap_stS0_S0_PK13__nv_bfloat16PS1_PmS5_S5_S5_S5_' for 'sm_100a'
ptxas info    : Function properties for _Z14fc2_w3x_kernelILi0ELi32ELi20EEv14CUtensorMap_stS0_S0_PK13__nv_bfloat16PS1_PmS5_S5_S5_S5_
    0 bytes stack frame, 0 bytes spill stores, 0 bytes spill loads
ptxas info    : Used 70 registers, used 1 barriers
ptxas info    : Compile time = 137.285 ms
ptxas info    : Compiling entry function '_Z14fc2_w3x_kernelILi0ELi16ELi20EEv14CUtensorMap_stS0_S0_PK13__nv_bfloat16PS1_PmS5_S5_S5_S5_' for 'sm_100a'
ptxas info    : Function properties for _Z14fc2_w3x_kernelILi0ELi16ELi20EEv14CUtensorMap_stS0_S0_PK13__nv_bfloat16PS1_PmS5_S5_S5_S5_
    0 bytes stack frame, 0 bytes spill stores, 0 bytes spill loads
ptxas info    : Used 70 registers, used 1 barriers
ptxas info    : Compile time = 137.608 ms
ptxas info    : Compiling entry function '_Z14fc2_w3x_kernelILi0ELi4ELi20EEv14CUtensorMap_stS0_S0_PK13__nv_bfloat16PS1_PmS5_S5_S5_S5_' for 'sm_100a'
ptxas info    : Function properties for _Z14fc2_w3x_kernelILi0ELi4ELi20EEv14CUtensorMap_stS0_S0_PK13__nv_bfloat16PS1_PmS5_S5_S5_S5_
    0 bytes stack frame, 0 bytes spill stores, 0 bytes spill loads
ptxas info    : Used 70 registers, used 1 barriers
ptxas info    : Compile time = 137.391 ms
ptxas info    : Compiling entry function '_Z14fc2_w3x_kernelILi0ELi2ELi20EEv14CUtensorMap_stS0_S0_PK13__nv_bfloat16PS1_PmS5_S5_S5_S5_' for 'sm_100a'
ptxas info    : Function properties for _Z14fc2_w3x_kernelILi0ELi2ELi20EEv14CUtensorMap_stS0_S0_PK13__nv_bfloat16PS1_PmS5_S5_S5_S5_
    0 bytes stack frame, 0 bytes spill stores, 0 bytes spill loads
ptxas info    : Used 70 registers, used 1 barriers
ptxas info    : Compile time = 133.721 ms
ptxas info    : Compiling entry function '_Z14fc2_w3x_kernelILi0ELi8ELi20EEv14CUtensorMap_stS0_S0_PK13__nv_bfloat16PS1_PmS5_S5_S5_S5_' for 'sm_100a'
ptxas info    : Function properties for _Z14fc2_w3x_kernelILi0ELi8ELi20EEv14CUtensorMap_stS0_S0_PK13__nv_bfloat16PS1_PmS5_S5_S5_S5_
    0 bytes stack frame, 0 bytes spill stores, 0 bytes spill loads
ptxas info    : Used 70 registers, used 1 barriers
ptxas info    : Compile time = 137.957 ms
--- rep 1/3 ec=0
FC2 W3X kernel — 6-warp bias-only rank-1-shaped persistent
  [928256,8192] x [1024,8192]^T  NS=6  THREADS=192  SMEM=216064 B  (cap 228KB)
  Alloc + init + pack done
  TMA + func attr done (SMEM=216064 B)  variant=default TD=0 DGG=8
Warmup (2 iters)...
Timing 1 reps × 10 iters/rep × 1 variant ...
@@SAMPLE rep=1 ms=3.53518 cyc=6510182 cyc_min=6465301 cyc_p50=6488445 cyc_p95=6509689 cyc_max=6510182
@@STATS reps=1 mean=3.53518 std=0.00000 min=3.53518 p25=3.53518 p50=3.53518 p75=3.53518 max=3.53518 iqr=0.00000
FC2-W3X kernel: 3.535 ms  4405.30 TFLOPS
PASS  errors=0/32
@@RESULT ms=3.5352 tflops=4405.30 checksum=0.000000 valid=1 c0=12288.0
--- rep 2/3 ec=0
FC2 W3X kernel — 6-warp bias-only rank-1-shaped persistent
  [928256,8192] x [1024,8192]^T  NS=6  THREADS=192  SMEM=216064 B  (cap 228KB)
  Alloc + init + pack done
  TMA + func attr done (SMEM=216064 B)  variant=default TD=0 DGG=8
Warmup (2 iters)...
Timing 1 reps × 10 iters/rep × 1 variant ...
@@SAMPLE rep=1 ms=3.53625 cyc=6514935 cyc_min=6464362 cyc_p50=6485042 cyc_p95=6514425 cyc_max=6514935
@@STATS reps=1 mean=3.53625 std=0.00000 min=3.53625 p25=3.53625 p50=3.53625 p75=3.53625 max=3.53625 iqr=0.00000
FC2-W3X kernel: 3.536 ms  4403.97 TFLOPS
PASS  errors=0/32
@@RESULT ms=3.5363 tflops=4403.97 checksum=0.000000 valid=1 c0=12288.0
--- rep 3/3 ec=0
FC2 W3X kernel — 6-warp bias-only rank-1-shaped persistent
  [928256,8192] x [1024,8192]^T  NS=6  THREADS=192  SMEM=216064 B  (cap 228KB)
  Alloc + init + pack done
  TMA + func attr done (SMEM=216064 B)  variant=default TD=0 DGG=8
Warmup (2 iters)...
Timing 1 reps × 10 iters/rep × 1 variant ...
@@SAMPLE rep=1 ms=3.53472 cyc=6512574 cyc_min=6465279 cyc_p50=6485534 cyc_p95=6512047 cyc_max=6512574
@@STATS reps=1 mean=3.53472 std=0.00000 min=3.53472 p25=3.53472 p50=3.53472 p75=3.53472 max=3.53472 iqr=0.00000
FC2-W3X kernel: 3.535 ms  4405.88 TFLOPS
PASS  errors=0/32
@@RESULT ms=3.5347 tflops=4405.88 checksum=0.000000 valid=1 c0=12288.0
--- cublas epi=3 rep 1/1 ec=0
### CUBLASLT INTROSPECT M=928256 N=1024 K=8192 epi=bias_only
### Heuristics returned: 8

# TSV
rank	heur	ms	cyc	algoId	tile	stages	cluster	inner	splitk	redux	swizzle	custom	waves	ws_MB
1	3	3.5741	6594814	66	32	36	3	-1	1	0	0	1	261.35	0.0
2	0	3.5870	6618430	66	23	36	3	-1	1	0	0	1	196.00	0.0
3	4	3.6410	6711246	66	201	36	5	-1	1	0	0	2	294.00	0.0
4	5	3.7644	6908401	66	29	36	3	-1	1	0	0	1	313.62	0.0
5	6	3.7655	6938579	66	232	36	3	-1	1	0	0	1	130.68	0.0
6	2	3.8195	7045818	66	513	36	3	-1	1	0	0	1	98.00	0.0
7	1	4.1339	7627826	66	24	36	6	-1	1	0	0	3	196.00	0.0
8	7	4.9682	9165910	66	495	36	5	-1	1	0	0	3	261.35	0.0

# Top-3 caps:

## rank=1  algoId=66  tile=32  stages=36  cluster=3  inner=-1  ms=3.5741
    CUBLASLT_ALGO_CAP_REDUCTION_SCHEME_MASK      = 2
    CUBLASLT_ALGO_CAP_CTA_SWIZZLING_SUPPORT      = 0
    CUBLASLT_ALGO_CAP_STRIDED_BATCH_SUPPORT      = 1
    CUBLASLT_ALGO_CAP_OUT_OF_PLACE_RESULT_SUPPORT = 1
    CUBLASLT_ALGO_CAP_CUSTOM_OPTION_MAX          = 7
    CUBLASLT_ALGO_CAP_POINTER_MODE_MASK          = 3
    CUBLASLT_ALGO_CAP_EPILOGUE_MASK              = 1023
    CUBLASLT_ALGO_CAP_TILE_IDS                   = --  (status=7 wrote=0)
    CUBLASLT_ALGO_CAP_STAGES_IDS                 = [36] (n=1, elem=4B)
    CUBLASLT_ALGO_CONFIG_CLUSTER_SHAPE_ID sz=2 → status=0 wrote=2 val=3

## rank=2  algoId=66  tile=23  stages=36  cluster=3  inner=-1  ms=3.5870
    CUBLASLT_ALGO_CAP_REDUCTION_SCHEME_MASK      = 2
    CUBLASLT_ALGO_CAP_CTA_SWIZZLING_SUPPORT      = 0
    CUBLASLT_ALGO_CAP_STRIDED_BATCH_SUPPORT      = 1
    CUBLASLT_ALGO_CAP_OUT_OF_PLACE_RESULT_SUPPORT = 1
    CUBLASLT_ALGO_CAP_CUSTOM_OPTION_MAX          = 7
    CUBLASLT_ALGO_CAP_POINTER_MODE_MASK          = 3
    CUBLASLT_ALGO_CAP_EPILOGUE_MASK              = 1023
    CUBLASLT_ALGO_CAP_TILE_IDS                   = --  (status=7 wrote=0)
    CUBLASLT_ALGO_CAP_STAGES_IDS                 = [36] (n=1, elem=4B)
    CUBLASLT_ALGO_CONFIG_CLUSTER_SHAPE_ID sz=2 → status=0 wrote=2 val=3

## rank=3  algoId=66  tile=201  stages=36  cluster=5  inner=-1  ms=3.6410
    CUBLASLT_ALGO_CAP_REDUCTION_SCHEME_MASK      = 2
    CUBLASLT_ALGO_CAP_CTA_SWIZZLING_SUPPORT      = 0
    CUBLASLT_ALGO_CAP_STRIDED_BATCH_SUPPORT      = 1
    CUBLASLT_ALGO_CAP_OUT_OF_PLACE_RESULT_SUPPORT = 1
    CUBLASLT_ALGO_CAP_CUSTOM_OPTION_MAX          = 7
    CUBLASLT_ALGO_CAP_POINTER_MODE_MASK          = 3
    CUBLASLT_ALGO_CAP_EPILOGUE_MASK              = 1023
    CUBLASLT_ALGO_CAP_TILE_IDS                   = --  (status=7 wrote=0)
    CUBLASLT_ALGO_CAP_STAGES_IDS                 = [36] (n=1, elem=4B)
    CUBLASLT_ALGO_CONFIG_CLUSTER_SHAPE_ID sz=2 → status=0 wrote=2 val=5

# Winner:  rank=1  tile=32  stages=36  cluster=3  inner=-1  splitk=1  swizzle=0  ms=3.5741  cyc=6594814

@@RESULT ms=3.5741 cyc=6594814 tflops=4357.37 checksum=0.000000 valid=1 c0=0.0
--- cublas epi=0 rep 1/1 ec=0
### CUBLASLT INTROSPECT M=928256 N=1024 K=8192 epi=none
### Heuristics returned: 8

# TSV
rank	heur	ms	cyc	algoId	tile	stages	cluster	inner	splitk	redux	swizzle	custom	waves	ws_MB
1	3	3.5673	6582357	66	32	36	3	-1	1	0	0	1	261.35	0.0
2	0	3.5876	6619572	66	23	36	3	-1	1	0	0	1	196.00	0.0
3	4	3.6483	6694402	66	201	36	5	-1	1	0	0	2	294.00	0.0
4	6	3.7413	6898723	66	232	36	3	-1	1	0	0	1	130.68	0.0
5	5	3.7466	6875612	66	29	36	3	-1	1	0	0	1	313.62	0.0
6	2	3.7512	6921261	66	513	36	3	-1	1	0	0	1	98.00	0.0
7	1	4.1189	7600378	66	24	36	6	-1	1	0	0	3	196.00	0.0
8	7	4.9455	9124109	66	495	36	5	-1	1	0	0	3	261.35	0.0

# Top-3 caps:

## rank=1  algoId=66  tile=32  stages=36  cluster=3  inner=-1  ms=3.5673
    CUBLASLT_ALGO_CAP_REDUCTION_SCHEME_MASK      = 2
    CUBLASLT_ALGO_CAP_CTA_SWIZZLING_SUPPORT      = 0
    CUBLASLT_ALGO_CAP_STRIDED_BATCH_SUPPORT      = 1
    CUBLASLT_ALGO_CAP_OUT_OF_PLACE_RESULT_SUPPORT = 1
    CUBLASLT_ALGO_CAP_CUSTOM_OPTION_MAX          = 7
    CUBLASLT_ALGO_CAP_POINTER_MODE_MASK          = 3
    CUBLASLT_ALGO_CAP_EPILOGUE_MASK              = 1023
    CUBLASLT_ALGO_CAP_TILE_IDS                   = --  (status=7 wrote=0)
    CUBLASLT_ALGO_CAP_STAGES_IDS                 = [36] (n=1, elem=4B)
    CUBLASLT_ALGO_CONFIG_CLUSTER_SHAPE_ID sz=2 → status=0 wrote=2 val=3

## rank=2  algoId=66  tile=23  stages=36  cluster=3  inner=-1  ms=3.5876
    CUBLASLT_ALGO_CAP_REDUCTION_SCHEME_MASK      = 2
    CUBLASLT_ALGO_CAP_CTA_SWIZZLING_SUPPORT      = 0
    CUBLASLT_ALGO_CAP_STRIDED_BATCH_SUPPORT      = 1
    CUBLASLT_ALGO_CAP_OUT_OF_PLACE_RESULT_SUPPORT = 1
    CUBLASLT_ALGO_CAP_CUSTOM_OPTION_MAX          = 7
    CUBLASLT_ALGO_CAP_POINTER_MODE_MASK          = 3
    CUBLASLT_ALGO_CAP_EPILOGUE_MASK              = 1023
    CUBLASLT_ALGO_CAP_TILE_IDS                   = --  (status=7 wrote=0)
    CUBLASLT_ALGO_CAP_STAGES_IDS                 = [36] (n=1, elem=4B)
    CUBLASLT_ALGO_CONFIG_CLUSTER_SHAPE_ID sz=2 → status=0 wrote=2 val=3

## rank=3  algoId=66  tile=201  stages=36  cluster=5  inner=-1  ms=3.6483
    CUBLASLT_ALGO_CAP_REDUCTION_SCHEME_MASK      = 2
    CUBLASLT_ALGO_CAP_CTA_SWIZZLING_SUPPORT      = 0
    CUBLASLT_ALGO_CAP_STRIDED_BATCH_SUPPORT      = 1
    CUBLASLT_ALGO_CAP_OUT_OF_PLACE_RESULT_SUPPORT = 1
    CUBLASLT_ALGO_CAP_CUSTOM_OPTION_MAX          = 7
    CUBLASLT_ALGO_CAP_POINTER_MODE_MASK          = 3
    CUBLASLT_ALGO_CAP_EPILOGUE_MASK              = 1023
    CUBLASLT_ALGO_CAP_TILE_IDS                   = --  (status=7 wrote=0)
    CUBLASLT_ALGO_CAP_STAGES_IDS                 = [36] (n=1, elem=4B)
    CUBLASLT_ALGO_CONFIG_CLUSTER_SHAPE_ID sz=2 → status=0 wrote=2 val=5

# Winner:  rank=1  tile=32  stages=36  cluster=3  inner=-1  splitk=1  swizzle=0  ms=3.5673  cyc=6582357

@@RESULT ms=3.5673 cyc=6582357 tflops=4365.63 checksum=0.000000 valid=1 c0=0.0

[build] N=2048 K=1024 M=928256 flags=['-DM_TOTAL=928256', '-DN_DIM=2048', '-DK_DIM=1024']
$ make -B fc2-w3x DFLAGS=-DM_TOTAL=928256 -DN_DIM=2048 -DK_DIM=1024
nvcc -gencode arch=compute_100a,code=sm_100a -O3 -std=c++17 -lineinfo --ptxas-options=-v --cudart=static -DM_TOTAL=928256 -DN_DIM=2048 -DK_DIM=1024 fc2_w3x.cu -o fc2-w3x -lcurand_static -lculibos -lcuda
ptxas info    : 0 bytes gmem
ptxas info    : Compiling entry function '_Z14fc2_w3x_kernelILi54ELi8ELi64EEv14CUtensorMap_stS0_S0_PK13__nv_bfloat16PS1_PmS5_S5_S5_S5_' for 'sm_100a'
ptxas info    : Function properties for _Z14fc2_w3x_kernelILi54ELi8ELi64EEv14CUtensorMap_stS0_S0_PK13__nv_bfloat16PS1_PmS5_S5_S5_S5_
    0 bytes stack frame, 0 bytes spill stores, 0 bytes spill loads
ptxas info    : Used 72 registers, used 1 barriers
ptxas info    : Compile time = 69.063 ms
ptxas info    : Compiling entry function '_Z14fc2_w3x_kernelILi54ELi8ELi48EEv14CUtensorMap_stS0_S0_PK13__nv_bfloat16PS1_PmS5_S5_S5_S5_' for 'sm_100a'
ptxas info    : Function properties for _Z14fc2_w3x_kernelILi54ELi8ELi48EEv14CUtensorMap_stS0_S0_PK13__nv_bfloat16PS1_PmS5_S5_S5_S5_
    0 bytes stack frame, 0 bytes spill stores, 0 bytes spill loads
ptxas info    : Used 72 registers, used 1 barriers
ptxas info    : Compile time = 66.651 ms
ptxas info    : Compiling entry function '_Z14fc2_w3x_kernelILi54ELi8ELi32EEv14CUtensorMap_stS0_S0_PK13__nv_bfloat16PS1_PmS5_S5_S5_S5_' for 'sm_100a'
ptxas info    : Function properties for _Z14fc2_w3x_kernelILi54ELi8ELi32EEv14CUtensorMap_stS0_S0_PK13__nv_bfloat16PS1_PmS5_S5_S5_S5_
    0 bytes stack frame, 0 bytes spill stores, 0 bytes spill loads
ptxas info    : Used 72 registers, used 1 barriers
ptxas info    : Compile time = 67.091 ms
ptxas info    : Compiling entry function '_Z14fc2_w3x_kernelILi54ELi8ELi24EEv14CUtensorMap_stS0_S0_PK13__nv_bfloat16PS1_PmS5_S5_S5_S5_' for 'sm_100a'
ptxas info    : Function properties for _Z14fc2_w3x_kernelILi54ELi8ELi24EEv14CUtensorMap_stS0_S0_PK13__nv_bfloat16PS1_PmS5_S5_S5_S5_
    0 bytes stack frame, 0 bytes spill stores, 0 bytes spill loads
ptxas info    : Used 72 registers, used 1 barriers
ptxas info    : Compile time = 66.802 ms
ptxas info    : Compiling entry function '_Z14fc2_w3x_kernelILi54ELi8ELi16EEv14CUtensorMap_stS0_S0_PK13__nv_bfloat16PS1_PmS5_S5_S5_S5_' for 'sm_100a'
ptxas info    : Function properties for _Z14fc2_w3x_kernelILi54ELi8ELi16EEv14CUtensorMap_stS0_S0_PK13__nv_bfloat16PS1_PmS5_S5_S5_S5_
    0 bytes stack frame, 0 bytes spill stores, 0 bytes spill loads
ptxas info    : Used 72 registers, used 1 barriers
ptxas info    : Compile time = 66.888 ms
ptxas info    : Compiling entry function '_Z14fc2_w3x_kernelILi54ELi8ELi12EEv14CUtensorMap_stS0_S0_PK13__nv_bfloat16PS1_PmS5_S5_S5_S5_' for 'sm_100a'
ptxas info    : Function properties for _Z14fc2_w3x_kernelILi54ELi8ELi12EEv14CUtensorMap_stS0_S0_PK13__nv_bfloat16PS1_PmS5_S5_S5_S5_
    0 bytes stack frame, 0 bytes spill stores, 0 bytes spill loads
ptxas info    : Used 72 registers, used 1 barriers
ptxas info    : Compile time = 67.893 ms
ptxas info    : Compiling entry function '_Z14fc2_w3x_kernelILi54ELi8ELi8EEv14CUtensorMap_stS0_S0_PK13__nv_bfloat16PS1_PmS5_S5_S5_S5_' for 'sm_100a'
ptxas info    : Function properties for _Z14fc2_w3x_kernelILi54ELi8ELi8EEv14CUtensorMap_stS0_S0_PK13__nv_bfloat16PS1_PmS5_S5_S5_S5_
    0 bytes stack frame, 0 bytes spill stores, 0 bytes spill loads
ptxas info    : Used 72 registers, used 1 barriers
ptxas info    : Compile time = 65.869 ms
ptxas info    : Compiling entry function '_Z14fc2_w3x_kernelILi54ELi8ELi4EEv14CUtensorMap_stS0_S0_PK13__nv_bfloat16PS1_PmS5_S5_S5_S5_' for 'sm_100a'
ptxas info    : Function properties for _Z14fc2_w3x_kernelILi54ELi8ELi4EEv14CUtensorMap_stS0_S0_PK13__nv_bfloat16PS1_PmS5_S5_S5_S5_
    0 bytes stack frame, 0 bytes spill stores, 0 bytes spill loads
ptxas info    : Used 72 registers, used 1 barriers
ptxas info    : Compile time = 65.313 ms
ptxas info    : Compiling entry function '_Z14fc2_w3x_kernelILi54ELi8ELi0EEv14CUtensorMap_stS0_S0_PK13__nv_bfloat16PS1_PmS5_S5_S5_S5_' for 'sm_100a'
ptxas info    : Function properties for _Z14fc2_w3x_kernelILi54ELi8ELi0EEv14CUtensorMap_stS0_S0_PK13__nv_bfloat16PS1_PmS5_S5_S5_S5_
    0 bytes stack frame, 0 bytes spill stores, 0 bytes spill loads
ptxas info    : Used 72 registers, used 1 barriers
ptxas info    : Compile time = 65.541 ms
ptxas info    : Compiling entry function '_Z14fc2_w3x_kernelILi99ELi8ELi20EEv14CUtensorMap_stS0_S0_PK13__nv_bfloat16PS1_PmS5_S5_S5_S5_' for 'sm_100a'
ptxas info    : Function properties for _Z14fc2_w3x_kernelILi99ELi8ELi20EEv14CUtensorMap_stS0_S0_PK13__nv_bfloat16PS1_PmS5_S5_S5_S5_
    0 bytes stack frame, 0 bytes spill stores, 0 bytes spill loads
ptxas info    : Used 72 registers, used 1 barriers
ptxas info    : Compile time = 65.631 ms
ptxas info    : Compiling entry function '_Z14fc2_w3x_kernelILi98ELi8ELi20EEv14CUtensorMap_stS0_S0_PK13__nv_bfloat16PS1_PmS5_S5_S5_S5_' for 'sm_100a'
ptxas info    : Function properties for _Z14fc2_w3x_kernelILi98ELi8ELi20EEv14CUtensorMap_stS0_S0_PK13__nv_bfloat16PS1_PmS5_S5_S5_S5_
    0 bytes stack frame, 0 bytes spill stores, 0 bytes spill loads
ptxas info    : Used 72 registers, used 1 barriers
ptxas info    : Compile time = 66.932 ms
ptxas info    : Compiling entry function '_Z14fc2_w3x_kernelILi97ELi8ELi20EEv14CUtensorMap_stS0_S0_PK13__nv_bfloat16PS1_PmS5_S5_S5_S5_' for 'sm_100a'
ptxas info    : Function properties for _Z14fc2_w3x_kernelILi97ELi8ELi20EEv14CUtensorMap_stS0_S0_PK13__nv_bfloat16PS1_PmS5_S5_S5_S5_
    0 bytes stack frame, 0 bytes spill stores, 0 bytes spill loads
ptxas info    : Used 72 registers, used 1 barriers
ptxas info    : Compile time = 67.293 ms
ptxas info    : Compiling entry function '_Z14fc2_w3x_kernelILi96ELi8ELi20EEv14CUtensorMap_stS0_S0_PK13__nv_bfloat16PS1_PmS5_S5_S5_S5_' for 'sm_100a'
ptxas info    : Function properties for _Z14fc2_w3x_kernelILi96ELi8ELi20EEv14CUtensorMap_stS0_S0_PK13__nv_bfloat16PS1_PmS5_S5_S5_S5_
    0 bytes stack frame, 0 bytes spill stores, 0 bytes spill loads
ptxas info    : Used 72 registers, used 1 barriers
ptxas info    : Compile time = 65.063 ms
ptxas info    : Compiling entry function '_Z14fc2_w3x_kernelILi95ELi8ELi20EEv14CUtensorMap_stS0_S0_PK13__nv_bfloat16PS1_PmS5_S5_S5_S5_' for 'sm_100a'
ptxas info    : Function properties for _Z14fc2_w3x_kernelILi95ELi8ELi20EEv14CUtensorMap_stS0_S0_PK13__nv_bfloat16PS1_PmS5_S5_S5_S5_
    0 bytes stack frame, 0 bytes spill stores, 0 bytes spill loads
ptxas info    : Used 72 registers, used 1 barriers
ptxas info    : Compile time = 65.710 ms
ptxas info    : Compiling entry function '_Z14fc2_w3x_kernelILi94ELi8ELi20EEv14CUtensorMap_stS0_S0_PK13__nv_bfloat16PS1_PmS5_S5_S5_S5_' for 'sm_100a'
ptxas info    : Function properties for _Z14fc2_w3x_kernelILi94ELi8ELi20EEv14CUtensorMap_stS0_S0_PK13__nv_bfloat16PS1_PmS5_S5_S5_S5_
    0 bytes stack frame, 0 bytes spill stores, 0 bytes spill loads
ptxas info    : Used 72 registers, used 1 barriers
ptxas info    : Compile time = 65.979 ms
ptxas info    : Compiling entry function '_Z14fc2_w3x_kernelILi93ELi8ELi20EEv14CUtensorMap_stS0_S0_PK13__nv_bfloat16PS1_PmS5_S5_S5_S5_' for 'sm_100a'
ptxas info    : Function properties for _Z14fc2_w3x_kernelILi93ELi8ELi20EEv14CUtensorMap_stS0_S0_PK13__nv_bfloat16PS1_PmS5_S5_S5_S5_
    0 bytes stack frame, 0 bytes spill stores, 0 bytes spill loads
ptxas info    : Used 72 registers, used 1 barriers
ptxas info    : Compile time = 66.348 ms
ptxas info    : Compiling entry function '_Z14fc2_w3x_kernelILi92ELi8ELi20EEv14CUtensorMap_stS0_S0_PK13__nv_bfloat16PS1_PmS5_S5_S5_S5_' for 'sm_100a'
ptxas info    : Function properties for _Z14fc2_w3x_kernelILi92ELi8ELi20EEv14CUtensorMap_stS0_S0_PK13__nv_bfloat16PS1_PmS5_S5_S5_S5_
    0 bytes stack frame, 0 bytes spill stores, 0 bytes spill loads
ptxas info    : Used 72 registers, used 1 barriers
ptxas info    : Compile time = 66.191 ms
ptxas info    : Compiling entry function '_Z14fc2_w3x_kernelILi91ELi8ELi20EEv14CUtensorMap_stS0_S0_PK13__nv_bfloat16PS1_PmS5_S5_S5_S5_' for 'sm_100a'
ptxas info    : Function properties for _Z14fc2_w3x_kernelILi91ELi8ELi20EEv14CUtensorMap_stS0_S0_PK13__nv_bfloat16PS1_PmS5_S5_S5_S5_
    0 bytes stack frame, 0 bytes spill stores, 0 bytes spill loads
ptxas info    : Used 72 registers, used 1 barriers
ptxas info    : Compile time = 65.939 ms
ptxas info    : Compiling entry function '_Z14fc2_w3x_kernelILi90ELi8ELi20EEv14CUtensorMap_stS0_S0_PK13__nv_bfloat16PS1_PmS5_S5_S5_S5_' for 'sm_100a'
ptxas info    : Function properties for _Z14fc2_w3x_kernelILi90ELi8ELi20EEv14CUtensorMap_stS0_S0_PK13__nv_bfloat16PS1_PmS5_S5_S5_S5_
    0 bytes stack frame, 0 bytes spill stores, 0 bytes spill loads
ptxas info    : Used 72 registers, used 1 barriers
ptxas info    : Compile time = 65.788 ms
ptxas info    : Compiling entry function '_Z14fc2_w3x_kernelILi89ELi8ELi20EEv14CUtensorMap_stS0_S0_PK13__nv_bfloat16PS1_PmS5_S5_S5_S5_' for 'sm_100a'
ptxas info    : Function properties for _Z14fc2_w3x_kernelILi89ELi8ELi20EEv14CUtensorMap_stS0_S0_PK13__nv_bfloat16PS1_PmS5_S5_S5_S5_
    0 bytes stack frame, 0 bytes spill stores, 0 bytes spill loads
ptxas info    : Used 72 registers, used 1 barriers
ptxas info    : Compile time = 65.693 ms
ptxas info    : Compiling entry function '_Z14fc2_w3x_kernelILi88ELi8ELi20EEv14CUtensorMap_stS0_S0_PK13__nv_bfloat16PS1_PmS5_S5_S5_S5_' for 'sm_100a'
ptxas info    : Function properties for _Z14fc2_w3x_kernelILi88ELi8ELi20EEv14CUtensorMap_stS0_S0_PK13__nv_bfloat16PS1_PmS5_S5_S5_S5_
    0 bytes stack frame, 0 bytes spill stores, 0 bytes spill loads
ptxas info    : Used 72 registers, used 1 barriers
ptxas info    : Compile time = 65.498 ms
ptxas info    : Compiling entry function '_Z14fc2_w3x_kernelILi87ELi8ELi20EEv14CUtensorMap_stS0_S0_PK13__nv_bfloat16PS1_PmS5_S5_S5_S5_' for 'sm_100a'
ptxas info    : Function properties for _Z14fc2_w3x_kernelILi87ELi8ELi20EEv14CUtensorMap_stS0_S0_PK13__nv_bfloat16PS1_PmS5_S5_S5_S5_
    0 bytes stack frame, 0 bytes spill stores, 0 bytes spill loads
ptxas info    : Used 72 registers, used 1 barriers
ptxas info    : Compile time = 66.092 ms
ptxas info    : Compiling entry function '_Z14fc2_w3x_kernelILi86ELi8ELi20EEv14CUtensorMap_stS0_S0_PK13__nv_bfloat16PS1_PmS5_S5_S5_S5_' for 'sm_100a'
ptxas info    : Function properties for _Z14fc2_w3x_kernelILi86ELi8ELi20EEv14CUtensorMap_stS0_S0_PK13__nv_bfloat16PS1_PmS5_S5_S5_S5_
    0 bytes stack frame, 0 bytes spill stores, 0 bytes spill loads
ptxas info    : Used 72 registers, used 1 barriers
ptxas info    : Compile time = 66.442 ms
ptxas info    : Compiling entry function '_Z14fc2_w3x_kernelILi85ELi8ELi20EEv14CUtensorMap_stS0_S0_PK13__nv_bfloat16PS1_PmS5_S5_S5_S5_' for 'sm_100a'
ptxas info    : Function properties for _Z14fc2_w3x_kernelILi85ELi8ELi20EEv14CUtensorMap_stS0_S0_PK13__nv_bfloat16PS1_PmS5_S5_S5_S5_
    0 bytes stack frame, 0 bytes spill stores, 0 bytes spill loads
ptxas info    : Used 72 registers, used 1 barriers
ptxas info    : Compile time = 64.874 ms
ptxas info    : Compiling entry function '_Z14fc2_w3x_kernelILi84ELi8ELi20EEv14CUtensorMap_stS0_S0_PK13__nv_bfloat16PS1_PmS5_S5_S5_S5_' for 'sm_100a'
ptxas info    : Function properties for _Z14fc2_w3x_kernelILi84ELi8ELi20EEv14CUtensorMap_stS0_S0_PK13__nv_bfloat16PS1_PmS5_S5_S5_S5_
    0 bytes stack frame, 0 bytes spill stores, 0 bytes spill loads
ptxas info    : Used 72 registers, used 1 barriers
ptxas info    : Compile time = 65.411 ms
ptxas info    : Compiling entry function '_Z14fc2_w3x_kernelILi83ELi8ELi20EEv14CUtensorMap_stS0_S0_PK13__nv_bfloat16PS1_PmS5_S5_S5_S5_' for 'sm_100a'
ptxas info    : Function properties for _Z14fc2_w3x_kernelILi83ELi8ELi20EEv14CUtensorMap_stS0_S0_PK13__nv_bfloat16PS1_PmS5_S5_S5_S5_
    0 bytes stack frame, 0 bytes spill stores, 0 bytes spill loads
ptxas info    : Used 72 registers, used 1 barriers
ptxas info    : Compile time = 65.094 ms
ptxas info    : Compiling entry function '_Z14fc2_w3x_kernelILi82ELi8ELi20EEv14CUtensorMap_stS0_S0_PK13__nv_bfloat16PS1_PmS5_S5_S5_S5_' for 'sm_100a'
ptxas info    : Function properties for _Z14fc2_w3x_kernelILi82ELi8ELi20EEv14CUtensorMap_stS0_S0_PK13__nv_bfloat16PS1_PmS5_S5_S5_S5_
    0 bytes stack frame, 0 bytes spill stores, 0 bytes spill loads
ptxas info    : Used 72 registers, used 1 barriers
ptxas info    : Compile time = 65.334 ms
ptxas info    : Compiling entry function '_Z14fc2_w3x_kernelILi81ELi8ELi20EEv14CUtensorMap_stS0_S0_PK13__nv_bfloat16PS1_PmS5_S5_S5_S5_' for 'sm_100a'
ptxas info    : Function properties for _Z14fc2_w3x_kernelILi81ELi8ELi20EEv14CUtensorMap_stS0_S0_PK13__nv_bfloat16PS1_PmS5_S5_S5_S5_
    0 bytes stack frame, 0 bytes spill stores, 0 bytes spill loads
ptxas info    : Used 72 registers, used 1 barriers
ptxas info    : Compile time = 66.282 ms
ptxas info    : Compiling entry function '_Z14fc2_w3x_kernelILi80ELi8ELi20EEv14CUtensorMap_stS0_S0_PK13__nv_bfloat16PS1_PmS5_S5_S5_S5_' for 'sm_100a'
ptxas info    : Function properties for _Z14fc2_w3x_kernelILi80ELi8ELi20EEv14CUtensorMap_stS0_S0_PK13__nv_bfloat16PS1_PmS5_S5_S5_S5_
    0 bytes stack frame, 0 bytes spill stores, 0 bytes spill loads
ptxas info    : Used 72 registers, used 1 barriers
ptxas info    : Compile time = 66.011 ms
ptxas info    : Compiling entry function '_Z14fc2_w3x_kernelILi58ELi8ELi20EEv14CUtensorMap_stS0_S0_PK13__nv_bfloat16PS1_PmS5_S5_S5_S5_' for 'sm_100a'
ptxas info    : Function properties for _Z14fc2_w3x_kernelILi58ELi8ELi20EEv14CUtensorMap_stS0_S0_PK13__nv_bfloat16PS1_PmS5_S5_S5_S5_
    0 bytes stack frame, 0 bytes spill stores, 0 bytes spill loads
ptxas info    : Used 72 registers, used 1 barriers
ptxas info    : Compile time = 65.595 ms
ptxas info    : Compiling entry function '_Z14fc2_w3x_kernelILi57ELi8ELi20EEv14CUtensorMap_stS0_S0_PK13__nv_bfloat16PS1_PmS5_S5_S5_S5_' for 'sm_100a'
ptxas info    : Function properties for _Z14fc2_w3x_kernelILi57ELi8ELi20EEv14CUtensorMap_stS0_S0_PK13__nv_bfloat16PS1_PmS5_S5_S5_S5_
    0 bytes stack frame, 0 bytes spill stores, 0 bytes spill loads
ptxas info    : Used 72 registers, used 1 barriers
ptxas info    : Compile time = 65.404 ms
ptxas info    : Compiling entry function '_Z14fc2_w3x_kernelILi56ELi8ELi20EEv14CUtensorMap_stS0_S0_PK13__nv_bfloat16PS1_PmS5_S5_S5_S5_' for 'sm_100a'
ptxas info    : Function properties for _Z14fc2_w3x_kernelILi56ELi8ELi20EEv14CUtensorMap_stS0_S0_PK13__nv_bfloat16PS1_PmS5_S5_S5_S5_
    0 bytes stack frame, 0 bytes spill stores, 0 bytes spill loads
ptxas info    : Used 72 registers, used 1 barriers
ptxas info    : Compile time = 66.322 ms
ptxas info    : Compiling entry function '_Z14fc2_w3x_kernelILi55ELi8ELi20EEv14CUtensorMap_stS0_S0_PK13__nv_bfloat16PS1_PmS5_S5_S5_S5_' for 'sm_100a'
ptxas info    : Function properties for _Z14fc2_w3x_kernelILi55ELi8ELi20EEv14CUtensorMap_stS0_S0_PK13__nv_bfloat16PS1_PmS5_S5_S5_S5_
    0 bytes stack frame, 0 bytes spill stores, 0 bytes spill loads
ptxas info    : Used 72 registers, used 1 barriers
ptxas info    : Compile time = 65.727 ms
ptxas info    : Compiling entry function '_Z14fc2_w3x_kernelILi54ELi8ELi20EEv14CUtensorMap_stS0_S0_PK13__nv_bfloat16PS1_PmS5_S5_S5_S5_' for 'sm_100a'
ptxas info    : Function properties for _Z14fc2_w3x_kernelILi54ELi8ELi20EEv14CUtensorMap_stS0_S0_PK13__nv_bfloat16PS1_PmS5_S5_S5_S5_
    0 bytes stack frame, 0 bytes spill stores, 0 bytes spill loads
ptxas info    : Used 72 registers, used 1 barriers
ptxas info    : Compile time = 66.132 ms
ptxas info    : Compiling entry function '_Z14fc2_w3x_kernelILi53ELi8ELi20EEv14CUtensorMap_stS0_S0_PK13__nv_bfloat16PS1_PmS5_S5_S5_S5_' for 'sm_100a'
ptxas info    : Function properties for _Z14fc2_w3x_kernelILi53ELi8ELi20EEv14CUtensorMap_stS0_S0_PK13__nv_bfloat16PS1_PmS5_S5_S5_S5_
    0 bytes stack frame, 0 bytes spill stores, 0 bytes spill loads
ptxas info    : Used 72 registers, used 1 barriers
ptxas info    : Compile time = 65.791 ms
ptxas info    : Compiling entry function '_Z14fc2_w3x_kernelILi52ELi8ELi20EEv14CUtensorMap_stS0_S0_PK13__nv_bfloat16PS1_PmS5_S5_S5_S5_' for 'sm_100a'
ptxas info    : Function properties for _Z14fc2_w3x_kernelILi52ELi8ELi20EEv14CUtensorMap_stS0_S0_PK13__nv_bfloat16PS1_PmS5_S5_S5_S5_
    0 bytes stack frame, 0 bytes spill stores, 0 bytes spill loads
ptxas info    : Used 72 registers, used 1 barriers
ptxas info    : Compile time = 66.626 ms
ptxas info    : Compiling entry function '_Z14fc2_w3x_kernelILi51ELi8ELi20EEv14CUtensorMap_stS0_S0_PK13__nv_bfloat16PS1_PmS5_S5_S5_S5_' for 'sm_100a'
ptxas info    : Function properties for _Z14fc2_w3x_kernelILi51ELi8ELi20EEv14CUtensorMap_stS0_S0_PK13__nv_bfloat16PS1_PmS5_S5_S5_S5_
    0 bytes stack frame, 0 bytes spill stores, 0 bytes spill loads
ptxas info    : Used 72 registers, used 1 barriers
ptxas info    : Compile time = 66.686 ms
ptxas info    : Compiling entry function '_Z14fc2_w3x_kernelILi50ELi8ELi20EEv14CUtensorMap_stS0_S0_PK13__nv_bfloat16PS1_PmS5_S5_S5_S5_' for 'sm_100a'
ptxas info    : Function properties for _Z14fc2_w3x_kernelILi50ELi8ELi20EEv14CUtensorMap_stS0_S0_PK13__nv_bfloat16PS1_PmS5_S5_S5_S5_
    0 bytes stack frame, 0 bytes spill stores, 0 bytes spill loads
ptxas info    : Used 72 registers, used 1 barriers
ptxas info    : Compile time = 66.401 ms
ptxas info    : Compiling entry function '_Z14fc2_w3x_kernelILi49ELi8ELi20EEv14CUtensorMap_stS0_S0_PK13__nv_bfloat16PS1_PmS5_S5_S5_S5_' for 'sm_100a'
ptxas info    : Function properties for _Z14fc2_w3x_kernelILi49ELi8ELi20EEv14CUtensorMap_stS0_S0_PK13__nv_bfloat16PS1_PmS5_S5_S5_S5_
    0 bytes stack frame, 0 bytes spill stores, 0 bytes spill loads
ptxas info    : Used 72 registers, used 1 barriers
ptxas info    : Compile time = 66.901 ms
ptxas info    : Compiling entry function '_Z14fc2_w3x_kernelILi19ELi16ELi20EEv14CUtensorMap_stS0_S0_PK13__nv_bfloat16PS1_PmS5_S5_S5_S5_' for 'sm_100a'
ptxas info    : Function properties for _Z14fc2_w3x_kernelILi19ELi16ELi20EEv14CUtensorMap_stS0_S0_PK13__nv_bfloat16PS1_PmS5_S5_S5_S5_
    0 bytes stack frame, 0 bytes spill stores, 0 bytes spill loads
ptxas info    : Used 72 registers, used 1 barriers
ptxas info    : Compile time = 66.394 ms
ptxas info    : Compiling entry function '_Z14fc2_w3x_kernelILi19ELi4ELi20EEv14CUtensorMap_stS0_S0_PK13__nv_bfloat16PS1_PmS5_S5_S5_S5_' for 'sm_100a'
ptxas info    : Function properties for _Z14fc2_w3x_kernelILi19ELi4ELi20EEv14CUtensorMap_stS0_S0_PK13__nv_bfloat16PS1_PmS5_S5_S5_S5_
    0 bytes stack frame, 0 bytes spill stores, 0 bytes spill loads
ptxas info    : Used 72 registers, used 1 barriers
ptxas info    : Compile time = 64.970 ms
ptxas info    : Compiling entry function '_Z14fc2_w3x_kernelILi48ELi8ELi20EEv14CUtensorMap_stS0_S0_PK13__nv_bfloat16PS1_PmS5_S5_S5_S5_' for 'sm_100a'
ptxas info    : Function properties for _Z14fc2_w3x_kernelILi48ELi8ELi20EEv14CUtensorMap_stS0_S0_PK13__nv_bfloat16PS1_PmS5_S5_S5_S5_
    0 bytes stack frame, 0 bytes spill stores, 0 bytes spill loads
ptxas info    : Used 72 registers, used 1 barriers
ptxas info    : Compile time = 66.413 ms
ptxas info    : Compiling entry function '_Z14fc2_w3x_kernelILi47ELi8ELi20EEv14CUtensorMap_stS0_S0_PK13__nv_bfloat16PS1_PmS5_S5_S5_S5_' for 'sm_100a'
ptxas info    : Function properties for _Z14fc2_w3x_kernelILi47ELi8ELi20EEv14CUtensorMap_stS0_S0_PK13__nv_bfloat16PS1_PmS5_S5_S5_S5_
    0 bytes stack frame, 0 bytes spill stores, 0 bytes spill loads
ptxas info    : Used 72 registers, used 1 barriers
ptxas info    : Compile time = 64.849 ms
ptxas info    : Compiling entry function '_Z14fc2_w3x_kernelILi46ELi8ELi20EEv14CUtensorMap_stS0_S0_PK13__nv_bfloat16PS1_PmS5_S5_S5_S5_' for 'sm_100a'
ptxas info    : Function properties for _Z14fc2_w3x_kernelILi46ELi8ELi20EEv14CUtensorMap_stS0_S0_PK13__nv_bfloat16PS1_PmS5_S5_S5_S5_
    0 bytes stack frame, 0 bytes spill stores, 0 bytes spill loads
ptxas info    : Used 72 registers, used 1 barriers
ptxas info    : Compile time = 64.495 ms
ptxas info    : Compiling entry function '_Z14fc2_w3x_kernelILi45ELi8ELi20EEv14CUtensorMap_stS0_S0_PK13__nv_bfloat16PS1_PmS5_S5_S5_S5_' for 'sm_100a'
ptxas info    : Function properties for _Z14fc2_w3x_kernelILi45ELi8ELi20EEv14CUtensorMap_stS0_S0_PK13__nv_bfloat16PS1_PmS5_S5_S5_S5_
    0 bytes stack frame, 0 bytes spill stores, 0 bytes spill loads
ptxas info    : Used 72 registers, used 1 barriers
ptxas info    : Compile time = 65.870 ms
ptxas info    : Compiling entry function '_Z14fc2_w3x_kernelILi44ELi8ELi20EEv14CUtensorMap_stS0_S0_PK13__nv_bfloat16PS1_PmS5_S5_S5_S5_' for 'sm_100a'
ptxas info    : Function properties for _Z14fc2_w3x_kernelILi44ELi8ELi20EEv14CUtensorMap_stS0_S0_PK13__nv_bfloat16PS1_PmS5_S5_S5_S5_
    0 bytes stack frame, 0 bytes spill stores, 0 bytes spill loads
ptxas info    : Used 72 registers, used 1 barriers
ptxas info    : Compile time = 65.232 ms
ptxas info    : Compiling entry function '_Z14fc2_w3x_kernelILi43ELi8ELi20EEv14CUtensorMap_stS0_S0_PK13__nv_bfloat16PS1_PmS5_S5_S5_S5_' for 'sm_100a'
ptxas info    : Function properties for _Z14fc2_w3x_kernelILi43ELi8ELi20EEv14CUtensorMap_stS0_S0_PK13__nv_bfloat16PS1_PmS5_S5_S5_S5_
    0 bytes stack frame, 0 bytes spill stores, 0 bytes spill loads
ptxas info    : Used 72 registers, used 1 barriers
ptxas info    : Compile time = 65.588 ms
ptxas info    : Compiling entry function '_Z14fc2_w3x_kernelILi41ELi8ELi20EEv14CUtensorMap_stS0_S0_PK13__nv_bfloat16PS1_PmS5_S5_S5_S5_' for 'sm_100a'
ptxas info    : Function properties for _Z14fc2_w3x_kernelILi41ELi8ELi20EEv14CUtensorMap_stS0_S0_PK13__nv_bfloat16PS1_PmS5_S5_S5_S5_
    0 bytes stack frame, 0 bytes spill stores, 0 bytes spill loads
ptxas info    : Used 72 registers, used 1 barriers
ptxas info    : Compile time = 63.714 ms
ptxas info    : Compiling entry function '_Z14fc2_w3x_kernelILi40ELi8ELi20EEv14CUtensorMap_stS0_S0_PK13__nv_bfloat16PS1_PmS5_S5_S5_S5_' for 'sm_100a'
ptxas info    : Function properties for _Z14fc2_w3x_kernelILi40ELi8ELi20EEv14CUtensorMap_stS0_S0_PK13__nv_bfloat16PS1_PmS5_S5_S5_S5_
    0 bytes stack frame, 0 bytes spill stores, 0 bytes spill loads
ptxas info    : Used 72 registers, used 1 barriers
ptxas info    : Compile time = 64.404 ms
ptxas info    : Compiling entry function '_Z14fc2_w3x_kernelILi39ELi8ELi20EEv14CUtensorMap_stS0_S0_PK13__nv_bfloat16PS1_PmS5_S5_S5_S5_' for 'sm_100a'
ptxas info    : Function properties for _Z14fc2_w3x_kernelILi39ELi8ELi20EEv14CUtensorMap_stS0_S0_PK13__nv_bfloat16PS1_PmS5_S5_S5_S5_
    0 bytes stack frame, 0 bytes spill stores, 0 bytes spill loads
ptxas info    : Used 72 registers, used 1 barriers
ptxas info    : Compile time = 65.062 ms
ptxas info    : Compiling entry function '_Z14fc2_w3x_kernelILi38ELi8ELi20EEv14CUtensorMap_stS0_S0_PK13__nv_bfloat16PS1_PmS5_S5_S5_S5_' for 'sm_100a'
ptxas info    : Function properties for _Z14fc2_w3x_kernelILi38ELi8ELi20EEv14CUtensorMap_stS0_S0_PK13__nv_bfloat16PS1_PmS5_S5_S5_S5_
    0 bytes stack frame, 0 bytes spill stores, 0 bytes spill loads
ptxas info    : Used 72 registers, used 1 barriers
ptxas info    : Compile time = 66.148 ms
ptxas info    : Compiling entry function '_Z14fc2_w3x_kernelILi36ELi4ELi20EEv14CUtensorMap_stS0_S0_PK13__nv_bfloat16PS1_PmS5_S5_S5_S5_' for 'sm_100a'
ptxas info    : Function properties for _Z14fc2_w3x_kernelILi36ELi4ELi20EEv14CUtensorMap_stS0_S0_PK13__nv_bfloat16PS1_PmS5_S5_S5_S5_
    0 bytes stack frame, 0 bytes spill stores, 0 bytes spill loads
ptxas info    : Used 72 registers, used 1 barriers
ptxas info    : Compile time = 64.819 ms
ptxas info    : Compiling entry function '_Z14fc2_w3x_kernelILi35ELi4ELi20EEv14CUtensorMap_stS0_S0_PK13__nv_bfloat16PS1_PmS5_S5_S5_S5_' for 'sm_100a'
ptxas info    : Function properties for _Z14fc2_w3x_kernelILi35ELi4ELi20EEv14CUtensorMap_stS0_S0_PK13__nv_bfloat16PS1_PmS5_S5_S5_S5_
    0 bytes stack frame, 0 bytes spill stores, 0 bytes spill loads
ptxas info    : Used 72 registers, used 1 barriers
ptxas info    : Compile time = 66.513 ms
ptxas info    : Compiling entry function '_Z14fc2_w3x_kernelILi34ELi8ELi20EEv14CUtensorMap_stS0_S0_PK13__nv_bfloat16PS1_PmS5_S5_S5_S5_' for 'sm_100a'
ptxas info    : Function properties for _Z14fc2_w3x_kernelILi34ELi8ELi20EEv14CUtensorMap_stS0_S0_PK13__nv_bfloat16PS1_PmS5_S5_S5_S5_
    0 bytes stack frame, 0 bytes spill stores, 0 bytes spill loads
ptxas info    : Used 72 registers, used 1 barriers
ptxas info    : Compile time = 66.088 ms
ptxas info    : Compiling entry function '_Z14fc2_w3x_kernelILi33ELi8ELi20EEv14CUtensorMap_stS0_S0_PK13__nv_bfloat16PS1_PmS5_S5_S5_S5_' for 'sm_100a'
ptxas info    : Function properties for _Z14fc2_w3x_kernelILi33ELi8ELi20EEv14CUtensorMap_stS0_S0_PK13__nv_bfloat16PS1_PmS5_S5_S5_S5_
    0 bytes stack frame, 0 bytes spill stores, 0 bytes spill loads
ptxas info    : Used 72 registers, used 1 barriers
ptxas info    : Compile time = 65.704 ms
ptxas info    : Compiling entry function '_Z14fc2_w3x_kernelILi19ELi8ELi20EEv14CUtensorMap_stS0_S0_PK13__nv_bfloat16PS1_PmS5_S5_S5_S5_' for 'sm_100a'
ptxas info    : Function properties for _Z14fc2_w3x_kernelILi19ELi8ELi20EEv14CUtensorMap_stS0_S0_PK13__nv_bfloat16PS1_PmS5_S5_S5_S5_
    0 bytes stack frame, 0 bytes spill stores, 0 bytes spill loads
ptxas info    : Used 72 registers, used 1 barriers
ptxas info    : Compile time = 64.876 ms
ptxas info    : Compiling entry function '_Z14fc2_w3x_kernelILi18ELi8ELi20EEv14CUtensorMap_stS0_S0_PK13__nv_bfloat16PS1_PmS5_S5_S5_S5_' for 'sm_100a'
ptxas info    : Function properties for _Z14fc2_w3x_kernelILi18ELi8ELi20EEv14CUtensorMap_stS0_S0_PK13__nv_bfloat16PS1_PmS5_S5_S5_S5_
    0 bytes stack frame, 0 bytes spill stores, 0 bytes spill loads
ptxas info    : Used 72 registers, used 1 barriers
ptxas info    : Compile time = 66.805 ms
ptxas info    : Compiling entry function '_Z14fc2_w3x_kernelILi13ELi8ELi20EEv14CUtensorMap_stS0_S0_PK13__nv_bfloat16PS1_PmS5_S5_S5_S5_' for 'sm_100a'
ptxas info    : Function properties for _Z14fc2_w3x_kernelILi13ELi8ELi20EEv14CUtensorMap_stS0_S0_PK13__nv_bfloat16PS1_PmS5_S5_S5_S5_
    0 bytes stack frame, 0 bytes spill stores, 0 bytes spill loads
ptxas info    : Used 72 registers, used 1 barriers
ptxas info    : Compile time = 63.439 ms
ptxas info    : Compiling entry function '_Z14fc2_w3x_kernelILi11ELi8ELi20EEv14CUtensorMap_stS0_S0_PK13__nv_bfloat16PS1_PmS5_S5_S5_S5_' for 'sm_100a'
ptxas info    : Function properties for _Z14fc2_w3x_kernelILi11ELi8ELi20EEv14CUtensorMap_stS0_S0_PK13__nv_bfloat16PS1_PmS5_S5_S5_S5_
    0 bytes stack frame, 0 bytes spill stores, 0 bytes spill loads
ptxas info    : Used 72 registers, used 1 barriers
ptxas info    : Compile time = 63.682 ms
ptxas info    : Compiling entry function '_Z14fc2_w3x_kernelILi0ELi32ELi20EEv14CUtensorMap_stS0_S0_PK13__nv_bfloat16PS1_PmS5_S5_S5_S5_' for 'sm_100a'
ptxas info    : Function properties for _Z14fc2_w3x_kernelILi0ELi32ELi20EEv14CUtensorMap_stS0_S0_PK13__nv_bfloat16PS1_PmS5_S5_S5_S5_
    0 bytes stack frame, 0 bytes spill stores, 0 bytes spill loads
ptxas info    : Used 72 registers, used 1 barriers
ptxas info    : Compile time = 66.886 ms
ptxas info    : Compiling entry function '_Z14fc2_w3x_kernelILi0ELi16ELi20EEv14CUtensorMap_stS0_S0_PK13__nv_bfloat16PS1_PmS5_S5_S5_S5_' for 'sm_100a'
ptxas info    : Function properties for _Z14fc2_w3x_kernelILi0ELi16ELi20EEv14CUtensorMap_stS0_S0_PK13__nv_bfloat16PS1_PmS5_S5_S5_S5_
    0 bytes stack frame, 0 bytes spill stores, 0 bytes spill loads
ptxas info    : Used 72 registers, used 1 barriers
ptxas info    : Compile time = 67.567 ms
ptxas info    : Compiling entry function '_Z14fc2_w3x_kernelILi0ELi4ELi20EEv14CUtensorMap_stS0_S0_PK13__nv_bfloat16PS1_PmS5_S5_S5_S5_' for 'sm_100a'
ptxas info    : Function properties for _Z14fc2_w3x_kernelILi0ELi4ELi20EEv14CUtensorMap_stS0_S0_PK13__nv_bfloat16PS1_PmS5_S5_S5_S5_
    0 bytes stack frame, 0 bytes spill stores, 0 bytes spill loads
ptxas info    : Used 72 registers, used 1 barriers
ptxas info    : Compile time = 67.492 ms
ptxas info    : Compiling entry function '_Z14fc2_w3x_kernelILi0ELi2ELi20EEv14CUtensorMap_stS0_S0_PK13__nv_bfloat16PS1_PmS5_S5_S5_S5_' for 'sm_100a'
ptxas info    : Function properties for _Z14fc2_w3x_kernelILi0ELi2ELi20EEv14CUtensorMap_stS0_S0_PK13__nv_bfloat16PS1_PmS5_S5_S5_S5_
    0 bytes stack frame, 0 bytes spill stores, 0 bytes spill loads
ptxas info    : Used 72 registers, used 1 barriers
ptxas info    : Compile time = 64.716 ms
ptxas info    : Compiling entry function '_Z14fc2_w3x_kernelILi0ELi8ELi20EEv14CUtensorMap_stS0_S0_PK13__nv_bfloat16PS1_PmS5_S5_S5_S5_' for 'sm_100a'
ptxas info    : Function properties for _Z14fc2_w3x_kernelILi0ELi8ELi20EEv14CUtensorMap_stS0_S0_PK13__nv_bfloat16PS1_PmS5_S5_S5_S5_
    0 bytes stack frame, 0 bytes spill stores, 0 bytes spill loads
ptxas info    : Used 72 registers, used 1 barriers
ptxas info    : Compile time = 67.409 ms
--- rep 1/3 ec=0
FC2 W3X kernel — 6-warp bias-only rank-1-shaped persistent
  [928256,1024] x [2048,1024]^T  NS=5  THREADS=192  SMEM=186112 B  (cap 228KB)
  Alloc + init + pack done
  TMA + func attr done (SMEM=186112 B)  variant=default TD=0 DGG=8
Warmup (2 iters)...
Timing 1 reps × 10 iters/rep × 1 variant ...
@@SAMPLE rep=1 ms=1.46508 cyc=2692127 cyc_min=2666699 cyc_p50=2679116 cyc_p95=2689723 cyc_max=2692127
@@STATS reps=1 mean=1.46508 std=0.00000 min=1.46508 p25=1.46508 p50=1.46508 p75=1.46508 max=1.46508 iqr=0.00000
FC2-W3X kernel: 1.465 ms  2657.46 TFLOPS
PASS  errors=0/32
@@RESULT ms=1.4651 tflops=2657.46 checksum=0.000000 valid=1 c0=1536.0
--- rep 2/3 ec=0
FC2 W3X kernel — 6-warp bias-only rank-1-shaped persistent
  [928256,1024] x [2048,1024]^T  NS=5  THREADS=192  SMEM=186112 B  (cap 228KB)
  Alloc + init + pack done
  TMA + func attr done (SMEM=186112 B)  variant=default TD=0 DGG=8
Warmup (2 iters)...
Timing 1 reps × 10 iters/rep × 1 variant ...
@@SAMPLE rep=1 ms=1.46506 cyc=2692339 cyc_min=2663535 cyc_p50=2679333 cyc_p95=2689983 cyc_max=2692339
@@STATS reps=1 mean=1.46506 std=0.00000 min=1.46506 p25=1.46506 p50=1.46506 p75=1.46506 max=1.46506 iqr=0.00000
FC2-W3X kernel: 1.465 ms  2657.49 TFLOPS
PASS  errors=0/32
@@RESULT ms=1.4651 tflops=2657.49 checksum=0.000000 valid=1 c0=1536.0
--- rep 3/3 ec=0
FC2 W3X kernel — 6-warp bias-only rank-1-shaped persistent
  [928256,1024] x [2048,1024]^T  NS=5  THREADS=192  SMEM=186112 B  (cap 228KB)
  Alloc + init + pack done
  TMA + func attr done (SMEM=186112 B)  variant=default TD=0 DGG=8
Warmup (2 iters)...
Timing 1 reps × 10 iters/rep × 1 variant ...
@@SAMPLE rep=1 ms=1.46512 cyc=2692237 cyc_min=2664123 cyc_p50=2678655 cyc_p95=2689947 cyc_max=2692237
@@STATS reps=1 mean=1.46512 std=0.00000 min=1.46512 p25=1.46512 p50=1.46512 p75=1.46512 max=1.46512 iqr=0.00000
FC2-W3X kernel: 1.465 ms  2657.38 TFLOPS
PASS  errors=0/32
@@RESULT ms=1.4651 tflops=2657.38 checksum=0.000000 valid=1 c0=1536.0
--- cublas epi=3 rep 1/1 ec=0
### CUBLASLT INTROSPECT M=928256 N=2048 K=1024 epi=bias_only
### Heuristics returned: 8

# TSV
rank	heur	ms	cyc	algoId	tile	stages	cluster	inner	splitk	redux	swizzle	custom	waves	ws_MB
1	0	1.1343	2093636	66	23	36	3	-1	1	0	0	1	392.00	0.0
2	2	1.2258	2261704	66	32	36	3	-1	1	0	0	1	522.70	0.0
3	3	1.3115	2419913	66	29	36	3	-1	1	0	0	1	627.24	0.0
4	1	1.3895	2562961	66	24	36	5	-1	1	0	0	3	392.00	0.0
5	7	1.5141	2792860	66	513	36	3	-1	1	0	0	1	196.00	0.0
6	4	1.5454	2850827	66	495	36	5	-1	1	0	0	3	522.70	0.0
7	5	1.5772	2909450	66	201	36	5	-1	1	0	0	2	588.00	0.0
8	6	1.6028	2956828	66	31	36	5	-1	1	0	0	3	539.00	0.0

# Top-3 caps:

## rank=1  algoId=66  tile=23  stages=36  cluster=3  inner=-1  ms=1.1343
    CUBLASLT_ALGO_CAP_REDUCTION_SCHEME_MASK      = 2
    CUBLASLT_ALGO_CAP_CTA_SWIZZLING_SUPPORT      = 0
    CUBLASLT_ALGO_CAP_STRIDED_BATCH_SUPPORT      = 1
    CUBLASLT_ALGO_CAP_OUT_OF_PLACE_RESULT_SUPPORT = 1
    CUBLASLT_ALGO_CAP_CUSTOM_OPTION_MAX          = 7
    CUBLASLT_ALGO_CAP_POINTER_MODE_MASK          = 3
    CUBLASLT_ALGO_CAP_EPILOGUE_MASK              = 1023
    CUBLASLT_ALGO_CAP_TILE_IDS                   = --  (status=7 wrote=0)
    CUBLASLT_ALGO_CAP_STAGES_IDS                 = [36] (n=1, elem=4B)
    CUBLASLT_ALGO_CONFIG_CLUSTER_SHAPE_ID sz=2 → status=0 wrote=2 val=3

## rank=2  algoId=66  tile=32  stages=36  cluster=3  inner=-1  ms=1.2258
    CUBLASLT_ALGO_CAP_REDUCTION_SCHEME_MASK      = 2
    CUBLASLT_ALGO_CAP_CTA_SWIZZLING_SUPPORT      = 0
    CUBLASLT_ALGO_CAP_STRIDED_BATCH_SUPPORT      = 1
    CUBLASLT_ALGO_CAP_OUT_OF_PLACE_RESULT_SUPPORT = 1
    CUBLASLT_ALGO_CAP_CUSTOM_OPTION_MAX          = 7
    CUBLASLT_ALGO_CAP_POINTER_MODE_MASK          = 3
    CUBLASLT_ALGO_CAP_EPILOGUE_MASK              = 1023
    CUBLASLT_ALGO_CAP_TILE_IDS                   = --  (status=7 wrote=0)
    CUBLASLT_ALGO_CAP_STAGES_IDS                 = [36] (n=1, elem=4B)
    CUBLASLT_ALGO_CONFIG_CLUSTER_SHAPE_ID sz=2 → status=0 wrote=2 val=3

## rank=3  algoId=66  tile=29  stages=36  cluster=3  inner=-1  ms=1.3115
    CUBLASLT_ALGO_CAP_REDUCTION_SCHEME_MASK      = 2
    CUBLASLT_ALGO_CAP_CTA_SWIZZLING_SUPPORT      = 0
    CUBLASLT_ALGO_CAP_STRIDED_BATCH_SUPPORT      = 1
    CUBLASLT_ALGO_CAP_OUT_OF_PLACE_RESULT_SUPPORT = 1
    CUBLASLT_ALGO_CAP_CUSTOM_OPTION_MAX          = 7
    CUBLASLT_ALGO_CAP_POINTER_MODE_MASK          = 3
    CUBLASLT_ALGO_CAP_EPILOGUE_MASK              = 1023
    CUBLASLT_ALGO_CAP_TILE_IDS                   = --  (status=7 wrote=0)
    CUBLASLT_ALGO_CAP_STAGES_IDS                 = [36] (n=1, elem=4B)
    CUBLASLT_ALGO_CONFIG_CLUSTER_SHAPE_ID sz=2 → status=0 wrote=2 val=3

# Winner:  rank=1  tile=23  stages=36  cluster=3  inner=-1  splitk=1  swizzle=0  ms=1.1343  cyc=2093636

@@RESULT ms=1.1343 cyc=2093636 tflops=3432.32 checksum=0.000000 valid=1 c0=0.0
--- cublas epi=0 rep 1/1 ec=0
### CUBLASLT INTROSPECT M=928256 N=2048 K=1024 epi=none
### Heuristics returned: 8

# TSV
rank	heur	ms	cyc	algoId	tile	stages	cluster	inner	splitk	redux	swizzle	custom	waves	ws_MB
1	0	1.0649	1965612	66	23	36	3	-1	1	0	0	1	392.00	0.0
2	2	1.1272	2079849	66	32	36	3	-1	1	0	0	1	522.70	0.0
3	3	1.2190	2249435	66	29	36	3	-1	1	0	0	1	627.24	0.0
4	1	1.3600	2508762	66	24	36	5	-1	1	0	0	3	392.00	0.0
5	7	1.3831	2549512	66	513	36	3	-1	1	0	0	1	196.00	0.0
6	5	1.4212	2621912	66	201	36	5	-1	1	0	0	2	588.00	0.0
7	6	1.5067	2779675	66	31	36	5	-1	1	0	0	3	539.00	0.0
8	4	1.5179	2800210	66	495	36	5	-1	1	0	0	3	522.70	0.0

# Top-3 caps:

## rank=1  algoId=66  tile=23  stages=36  cluster=3  inner=-1  ms=1.0649
    CUBLASLT_ALGO_CAP_REDUCTION_SCHEME_MASK      = 2
    CUBLASLT_ALGO_CAP_CTA_SWIZZLING_SUPPORT      = 0
    CUBLASLT_ALGO_CAP_STRIDED_BATCH_SUPPORT      = 1
    CUBLASLT_ALGO_CAP_OUT_OF_PLACE_RESULT_SUPPORT = 1
    CUBLASLT_ALGO_CAP_CUSTOM_OPTION_MAX          = 7
    CUBLASLT_ALGO_CAP_POINTER_MODE_MASK          = 3
    CUBLASLT_ALGO_CAP_EPILOGUE_MASK              = 1023
    CUBLASLT_ALGO_CAP_TILE_IDS                   = --  (status=7 wrote=0)
    CUBLASLT_ALGO_CAP_STAGES_IDS                 = [36] (n=1, elem=4B)
    CUBLASLT_ALGO_CONFIG_CLUSTER_SHAPE_ID sz=2 → status=0 wrote=2 val=3

## rank=2  algoId=66  tile=32  stages=36  cluster=3  inner=-1  ms=1.1272
    CUBLASLT_ALGO_CAP_REDUCTION_SCHEME_MASK      = 2
    CUBLASLT_ALGO_CAP_CTA_SWIZZLING_SUPPORT      = 0
    CUBLASLT_ALGO_CAP_STRIDED_BATCH_SUPPORT      = 1
    CUBLASLT_ALGO_CAP_OUT_OF_PLACE_RESULT_SUPPORT = 1
    CUBLASLT_ALGO_CAP_CUSTOM_OPTION_MAX          = 7
    CUBLASLT_ALGO_CAP_POINTER_MODE_MASK          = 3
    CUBLASLT_ALGO_CAP_EPILOGUE_MASK              = 1023
    CUBLASLT_ALGO_CAP_TILE_IDS                   = --  (status=7 wrote=0)
    CUBLASLT_ALGO_CAP_STAGES_IDS                 = [36] (n=1, elem=4B)
    CUBLASLT_ALGO_CONFIG_CLUSTER_SHAPE_ID sz=2 → status=0 wrote=2 val=3

## rank=3  algoId=66  tile=29  stages=36  cluster=3  inner=-1  ms=1.2190
    CUBLASLT_ALGO_CAP_REDUCTION_SCHEME_MASK      = 2
    CUBLASLT_ALGO_CAP_CTA_SWIZZLING_SUPPORT      = 0
    CUBLASLT_ALGO_CAP_STRIDED_BATCH_SUPPORT      = 1
    CUBLASLT_ALGO_CAP_OUT_OF_PLACE_RESULT_SUPPORT = 1
    CUBLASLT_ALGO_CAP_CUSTOM_OPTION_MAX          = 7
    CUBLASLT_ALGO_CAP_POINTER_MODE_MASK          = 3
    CUBLASLT_ALGO_CAP_EPILOGUE_MASK              = 1023
    CUBLASLT_ALGO_CAP_TILE_IDS                   = --  (status=7 wrote=0)
    CUBLASLT_ALGO_CAP_STAGES_IDS                 = [36] (n=1, elem=4B)
    CUBLASLT_ALGO_CONFIG_CLUSTER_SHAPE_ID sz=2 → status=0 wrote=2 val=3

# Winner:  rank=1  tile=23  stages=36  cluster=3  inner=-1  splitk=1  swizzle=0  ms=1.0649  cyc=1965612

@@RESULT ms=1.0649 cyc=1965612 tflops=3656.07 checksum=0.000000 valid=1 c0=0.0

[build] N=2048 K=2048 M=928256 flags=['-DM_TOTAL=928256', '-DN_DIM=2048', '-DK_DIM=2048']
$ make -B fc2-w3x DFLAGS=-DM_TOTAL=928256 -DN_DIM=2048 -DK_DIM=2048
nvcc -gencode arch=compute_100a,code=sm_100a -O3 -std=c++17 -lineinfo --ptxas-options=-v --cudart=static -DM_TOTAL=928256 -DN_DIM=2048 -DK_DIM=2048 fc2_w3x.cu -o fc2-w3x -lcurand_static -lculibos -lcuda
ptxas info    : 0 bytes gmem
ptxas info    : Compiling entry function '_Z14fc2_w3x_kernelILi54ELi8ELi64EEv14CUtensorMap_stS0_S0_PK13__nv_bfloat16PS1_PmS5_S5_S5_S5_' for 'sm_100a'
ptxas info    : Function properties for _Z14fc2_w3x_kernelILi54ELi8ELi64EEv14CUtensorMap_stS0_S0_PK13__nv_bfloat16PS1_PmS5_S5_S5_S5_
    0 bytes stack frame, 0 bytes spill stores, 0 bytes spill loads
ptxas info    : Used 72 registers, used 1 barriers
ptxas info    : Compile time = 68.399 ms
ptxas info    : Compiling entry function '_Z14fc2_w3x_kernelILi54ELi8ELi48EEv14CUtensorMap_stS0_S0_PK13__nv_bfloat16PS1_PmS5_S5_S5_S5_' for 'sm_100a'
ptxas info    : Function properties for _Z14fc2_w3x_kernelILi54ELi8ELi48EEv14CUtensorMap_stS0_S0_PK13__nv_bfloat16PS1_PmS5_S5_S5_S5_
    0 bytes stack frame, 0 bytes spill stores, 0 bytes spill loads
ptxas info    : Used 72 registers, used 1 barriers
ptxas info    : Compile time = 66.245 ms
ptxas info    : Compiling entry function '_Z14fc2_w3x_kernelILi54ELi8ELi32EEv14CUtensorMap_stS0_S0_PK13__nv_bfloat16PS1_PmS5_S5_S5_S5_' for 'sm_100a'
ptxas info    : Function properties for _Z14fc2_w3x_kernelILi54ELi8ELi32EEv14CUtensorMap_stS0_S0_PK13__nv_bfloat16PS1_PmS5_S5_S5_S5_
    0 bytes stack frame, 0 bytes spill stores, 0 bytes spill loads
ptxas info    : Used 72 registers, used 1 barriers
ptxas info    : Compile time = 65.525 ms
ptxas info    : Compiling entry function '_Z14fc2_w3x_kernelILi54ELi8ELi24EEv14CUtensorMap_stS0_S0_PK13__nv_bfloat16PS1_PmS5_S5_S5_S5_' for 'sm_100a'
ptxas info    : Function properties for _Z14fc2_w3x_kernelILi54ELi8ELi24EEv14CUtensorMap_stS0_S0_PK13__nv_bfloat16PS1_PmS5_S5_S5_S5_
    0 bytes stack frame, 0 bytes spill stores, 0 bytes spill loads
ptxas info    : Used 72 registers, used 1 barriers
ptxas info    : Compile time = 66.343 ms
ptxas info    : Compiling entry function '_Z14fc2_w3x_kernelILi54ELi8ELi16EEv14CUtensorMap_stS0_S0_PK13__nv_bfloat16PS1_PmS5_S5_S5_S5_' for 'sm_100a'
ptxas info    : Function properties for _Z14fc2_w3x_kernelILi54ELi8ELi16EEv14CUtensorMap_stS0_S0_PK13__nv_bfloat16PS1_PmS5_S5_S5_S5_
    0 bytes stack frame, 0 bytes spill stores, 0 bytes spill loads
ptxas info    : Used 72 registers, used 1 barriers
ptxas info    : Compile time = 66.274 ms
ptxas info    : Compiling entry function '_Z14fc2_w3x_kernelILi54ELi8ELi12EEv14CUtensorMap_stS0_S0_PK13__nv_bfloat16PS1_PmS5_S5_S5_S5_' for 'sm_100a'
ptxas info    : Function properties for _Z14fc2_w3x_kernelILi54ELi8ELi12EEv14CUtensorMap_stS0_S0_PK13__nv_bfloat16PS1_PmS5_S5_S5_S5_
    0 bytes stack frame, 0 bytes spill stores, 0 bytes spill loads
ptxas info    : Used 72 registers, used 1 barriers
ptxas info    : Compile time = 64.267 ms
ptxas info    : Compiling entry function '_Z14fc2_w3x_kernelILi54ELi8ELi8EEv14CUtensorMap_stS0_S0_PK13__nv_bfloat16PS1_PmS5_S5_S5_S5_' for 'sm_100a'
ptxas info    : Function properties for _Z14fc2_w3x_kernelILi54ELi8ELi8EEv14CUtensorMap_stS0_S0_PK13__nv_bfloat16PS1_PmS5_S5_S5_S5_
    0 bytes stack frame, 0 bytes spill stores, 0 bytes spill loads
ptxas info    : Used 72 registers, used 1 barriers
ptxas info    : Compile time = 63.723 ms
ptxas info    : Compiling entry function '_Z14fc2_w3x_kernelILi54ELi8ELi4EEv14CUtensorMap_stS0_S0_PK13__nv_bfloat16PS1_PmS5_S5_S5_S5_' for 'sm_100a'
ptxas info    : Function properties for _Z14fc2_w3x_kernelILi54ELi8ELi4EEv14CUtensorMap_stS0_S0_PK13__nv_bfloat16PS1_PmS5_S5_S5_S5_
    0 bytes stack frame, 0 bytes spill stores, 0 bytes spill loads
ptxas info    : Used 72 registers, used 1 barriers
ptxas info    : Compile time = 63.806 ms
ptxas info    : Compiling entry function '_Z14fc2_w3x_kernelILi54ELi8ELi0EEv14CUtensorMap_stS0_S0_PK13__nv_bfloat16PS1_PmS5_S5_S5_S5_' for 'sm_100a'
ptxas info    : Function properties for _Z14fc2_w3x_kernelILi54ELi8ELi0EEv14CUtensorMap_stS0_S0_PK13__nv_bfloat16PS1_PmS5_S5_S5_S5_
    0 bytes stack frame, 0 bytes spill stores, 0 bytes spill loads
ptxas info    : Used 72 registers, used 1 barriers
ptxas info    : Compile time = 64.394 ms
ptxas info    : Compiling entry function '_Z14fc2_w3x_kernelILi99ELi8ELi20EEv14CUtensorMap_stS0_S0_PK13__nv_bfloat16PS1_PmS5_S5_S5_S5_' for 'sm_100a'
ptxas info    : Function properties for _Z14fc2_w3x_kernelILi99ELi8ELi20EEv14CUtensorMap_stS0_S0_PK13__nv_bfloat16PS1_PmS5_S5_S5_S5_
    0 bytes stack frame, 0 bytes spill stores, 0 bytes spill loads
ptxas info    : Used 72 registers, used 1 barriers
ptxas info    : Compile time = 64.924 ms
ptxas info    : Compiling entry function '_Z14fc2_w3x_kernelILi98ELi8ELi20EEv14CUtensorMap_stS0_S0_PK13__nv_bfloat16PS1_PmS5_S5_S5_S5_' for 'sm_100a'
ptxas info    : Function properties for _Z14fc2_w3x_kernelILi98ELi8ELi20EEv14CUtensorMap_stS0_S0_PK13__nv_bfloat16PS1_PmS5_S5_S5_S5_
    0 bytes stack frame, 0 bytes spill stores, 0 bytes spill loads
ptxas info    : Used 72 registers, used 1 barriers
ptxas info    : Compile time = 65.136 ms
ptxas info    : Compiling entry function '_Z14fc2_w3x_kernelILi97ELi8ELi20EEv14CUtensorMap_stS0_S0_PK13__nv_bfloat16PS1_PmS5_S5_S5_S5_' for 'sm_100a'
ptxas info    : Function properties for _Z14fc2_w3x_kernelILi97ELi8ELi20EEv14CUtensorMap_stS0_S0_PK13__nv_bfloat16PS1_PmS5_S5_S5_S5_
    0 bytes stack frame, 0 bytes spill stores, 0 bytes spill loads
ptxas info    : Used 72 registers, used 1 barriers
ptxas info    : Compile time = 64.487 ms
ptxas info    : Compiling entry function '_Z14fc2_w3x_kernelILi96ELi8ELi20EEv14CUtensorMap_stS0_S0_PK13__nv_bfloat16PS1_PmS5_S5_S5_S5_' for 'sm_100a'
ptxas info    : Function properties for _Z14fc2_w3x_kernelILi96ELi8ELi20EEv14CUtensorMap_stS0_S0_PK13__nv_bfloat16PS1_PmS5_S5_S5_S5_
    0 bytes stack frame, 0 bytes spill stores, 0 bytes spill loads
ptxas info    : Used 72 registers, used 1 barriers
ptxas info    : Compile time = 64.149 ms
ptxas info    : Compiling entry function '_Z14fc2_w3x_kernelILi95ELi8ELi20EEv14CUtensorMap_stS0_S0_PK13__nv_bfloat16PS1_PmS5_S5_S5_S5_' for 'sm_100a'
ptxas info    : Function properties for _Z14fc2_w3x_kernelILi95ELi8ELi20EEv14CUtensorMap_stS0_S0_PK13__nv_bfloat16PS1_PmS5_S5_S5_S5_
    0 bytes stack frame, 0 bytes spill stores, 0 bytes spill loads
ptxas info    : Used 72 registers, used 1 barriers
ptxas info    : Compile time = 64.055 ms
ptxas info    : Compiling entry function '_Z14fc2_w3x_kernelILi94ELi8ELi20EEv14CUtensorMap_stS0_S0_PK13__nv_bfloat16PS1_PmS5_S5_S5_S5_' for 'sm_100a'
ptxas info    : Function properties for _Z14fc2_w3x_kernelILi94ELi8ELi20EEv14CUtensorMap_stS0_S0_PK13__nv_bfloat16PS1_PmS5_S5_S5_S5_
    0 bytes stack frame, 0 bytes spill stores, 0 bytes spill loads
ptxas info    : Used 72 registers, used 1 barriers
ptxas info    : Compile time = 64.333 ms
ptxas info    : Compiling entry function '_Z14fc2_w3x_kernelILi93ELi8ELi20EEv14CUtensorMap_stS0_S0_PK13__nv_bfloat16PS1_PmS5_S5_S5_S5_' for 'sm_100a'
ptxas info    : Function properties for _Z14fc2_w3x_kernelILi93ELi8ELi20EEv14CUtensorMap_stS0_S0_PK13__nv_bfloat16PS1_PmS5_S5_S5_S5_
    0 bytes stack frame, 0 bytes spill stores, 0 bytes spill loads
ptxas info    : Used 72 registers, used 1 barriers
ptxas info    : Compile time = 64.543 ms
ptxas info    : Compiling entry function '_Z14fc2_w3x_kernelILi92ELi8ELi20EEv14CUtensorMap_stS0_S0_PK13__nv_bfloat16PS1_PmS5_S5_S5_S5_' for 'sm_100a'
ptxas info    : Function properties for _Z14fc2_w3x_kernelILi92ELi8ELi20EEv14CUtensorMap_stS0_S0_PK13__nv_bfloat16PS1_PmS5_S5_S5_S5_
    0 bytes stack frame, 0 bytes spill stores, 0 bytes spill loads
ptxas info    : Used 72 registers, used 1 barriers
ptxas info    : Compile time = 64.623 ms
ptxas info    : Compiling entry function '_Z14fc2_w3x_kernelILi91ELi8ELi20EEv14CUtensorMap_stS0_S0_PK13__nv_bfloat16PS1_PmS5_S5_S5_S5_' for 'sm_100a'
ptxas info    : Function properties for _Z14fc2_w3x_kernelILi91ELi8ELi20EEv14CUtensorMap_stS0_S0_PK13__nv_bfloat16PS1_PmS5_S5_S5_S5_
    0 bytes stack frame, 0 bytes spill stores, 0 bytes spill loads
ptxas info    : Used 72 registers, used 1 barriers
ptxas info    : Compile time = 64.304 ms
ptxas info    : Compiling entry function '_Z14fc2_w3x_kernelILi90ELi8ELi20EEv14CUtensorMap_stS0_S0_PK13__nv_bfloat16PS1_PmS5_S5_S5_S5_' for 'sm_100a'
ptxas info    : Function properties for _Z14fc2_w3x_kernelILi90ELi8ELi20EEv14CUtensorMap_stS0_S0_PK13__nv_bfloat16PS1_PmS5_S5_S5_S5_
    0 bytes stack frame, 0 bytes spill stores, 0 bytes spill loads
ptxas info    : Used 72 registers, used 1 barriers
ptxas info    : Compile time = 64.427 ms
ptxas info    : Compiling entry function '_Z14fc2_w3x_kernelILi89ELi8ELi20EEv14CUtensorMap_stS0_S0_PK13__nv_bfloat16PS1_PmS5_S5_S5_S5_' for 'sm_100a'
ptxas info    : Function properties for _Z14fc2_w3x_kernelILi89ELi8ELi20EEv14CUtensorMap_stS0_S0_PK13__nv_bfloat16PS1_PmS5_S5_S5_S5_
    0 bytes stack frame, 0 bytes spill stores, 0 bytes spill loads
ptxas info    : Used 72 registers, used 1 barriers
ptxas info    : Compile time = 64.450 ms
ptxas info    : Compiling entry function '_Z14fc2_w3x_kernelILi88ELi8ELi20EEv14CUtensorMap_stS0_S0_PK13__nv_bfloat16PS1_PmS5_S5_S5_S5_' for 'sm_100a'
ptxas info    : Function properties for _Z14fc2_w3x_kernelILi88ELi8ELi20EEv14CUtensorMap_stS0_S0_PK13__nv_bfloat16PS1_PmS5_S5_S5_S5_
    0 bytes stack frame, 0 bytes spill stores, 0 bytes spill loads
ptxas info    : Used 72 registers, used 1 barriers
ptxas info    : Compile time = 65.209 ms
ptxas info    : Compiling entry function '_Z14fc2_w3x_kernelILi87ELi8ELi20EEv14CUtensorMap_stS0_S0_PK13__nv_bfloat16PS1_PmS5_S5_S5_S5_' for 'sm_100a'
ptxas info    : Function properties for _Z14fc2_w3x_kernelILi87ELi8ELi20EEv14CUtensorMap_stS0_S0_PK13__nv_bfloat16PS1_PmS5_S5_S5_S5_
    0 bytes stack frame, 0 bytes spill stores, 0 bytes spill loads
ptxas info    : Used 72 registers, used 1 barriers
ptxas info    : Compile time = 65.632 ms
ptxas info    : Compiling entry function '_Z14fc2_w3x_kernelILi86ELi8ELi20EEv14CUtensorMap_stS0_S0_PK13__nv_bfloat16PS1_PmS5_S5_S5_S5_' for 'sm_100a'
ptxas info    : Function properties for _Z14fc2_w3x_kernelILi86ELi8ELi20EEv14CUtensorMap_stS0_S0_PK13__nv_bfloat16PS1_PmS5_S5_S5_S5_
    0 bytes stack frame, 0 bytes spill stores, 0 bytes spill loads
ptxas info    : Used 72 registers, used 1 barriers
ptxas info    : Compile time = 65.876 ms
ptxas info    : Compiling entry function '_Z14fc2_w3x_kernelILi85ELi8ELi20EEv14CUtensorMap_stS0_S0_PK13__nv_bfloat16PS1_PmS5_S5_S5_S5_' for 'sm_100a'
ptxas info    : Function properties for _Z14fc2_w3x_kernelILi85ELi8ELi20EEv14CUtensorMap_stS0_S0_PK13__nv_bfloat16PS1_PmS5_S5_S5_S5_
    0 bytes stack frame, 0 bytes spill stores, 0 bytes spill loads
ptxas info    : Used 72 registers, used 1 barriers
ptxas info    : Compile time = 65.447 ms
ptxas info    : Compiling entry function '_Z14fc2_w3x_kernelILi84ELi8ELi20EEv14CUtensorMap_stS0_S0_PK13__nv_bfloat16PS1_PmS5_S5_S5_S5_' for 'sm_100a'
ptxas info    : Function properties for _Z14fc2_w3x_kernelILi84ELi8ELi20EEv14CUtensorMap_stS0_S0_PK13__nv_bfloat16PS1_PmS5_S5_S5_S5_
    0 bytes stack frame, 0 bytes spill stores, 0 bytes spill loads
ptxas info    : Used 72 registers, used 1 barriers
ptxas info    : Compile time = 64.847 ms
ptxas info    : Compiling entry function '_Z14fc2_w3x_kernelILi83ELi8ELi20EEv14CUtensorMap_stS0_S0_PK13__nv_bfloat16PS1_PmS5_S5_S5_S5_' for 'sm_100a'
ptxas info    : Function properties for _Z14fc2_w3x_kernelILi83ELi8ELi20EEv14CUtensorMap_stS0_S0_PK13__nv_bfloat16PS1_PmS5_S5_S5_S5_
    0 bytes stack frame, 0 bytes spill stores, 0 bytes spill loads
ptxas info    : Used 72 registers, used 1 barriers
ptxas info    : Compile time = 65.196 ms
ptxas info    : Compiling entry function '_Z14fc2_w3x_kernelILi82ELi8ELi20EEv14CUtensorMap_stS0_S0_PK13__nv_bfloat16PS1_PmS5_S5_S5_S5_' for 'sm_100a'
ptxas info    : Function properties for _Z14fc2_w3x_kernelILi82ELi8ELi20EEv14CUtensorMap_stS0_S0_PK13__nv_bfloat16PS1_PmS5_S5_S5_S5_
    0 bytes stack frame, 0 bytes spill stores, 0 bytes spill loads
ptxas info    : Used 72 registers, used 1 barriers
ptxas info    : Compile time = 63.851 ms
ptxas info    : Compiling entry function '_Z14fc2_w3x_kernelILi81ELi8ELi20EEv14CUtensorMap_stS0_S0_PK13__nv_bfloat16PS1_PmS5_S5_S5_S5_' for 'sm_100a'
ptxas info    : Function properties for _Z14fc2_w3x_kernelILi81ELi8ELi20EEv14CUtensorMap_stS0_S0_PK13__nv_bfloat16PS1_PmS5_S5_S5_S5_
    0 bytes stack frame, 0 bytes spill stores, 0 bytes spill loads
ptxas info    : Used 72 registers, used 1 barriers
ptxas info    : Compile time = 63.453 ms
ptxas info    : Compiling entry function '_Z14fc2_w3x_kernelILi80ELi8ELi20EEv14CUtensorMap_stS0_S0_PK13__nv_bfloat16PS1_PmS5_S5_S5_S5_' for 'sm_100a'
ptxas info    : Function properties for _Z14fc2_w3x_kernelILi80ELi8ELi20EEv14CUtensorMap_stS0_S0_PK13__nv_bfloat16PS1_PmS5_S5_S5_S5_
    0 bytes stack frame, 0 bytes spill stores, 0 bytes spill loads
ptxas info    : Used 72 registers, used 1 barriers
ptxas info    : Compile time = 64.660 ms
ptxas info    : Compiling entry function '_Z14fc2_w3x_kernelILi58ELi8ELi20EEv14CUtensorMap_stS0_S0_PK13__nv_bfloat16PS1_PmS5_S5_S5_S5_' for 'sm_100a'
ptxas info    : Function properties for _Z14fc2_w3x_kernelILi58ELi8ELi20EEv14CUtensorMap_stS0_S0_PK13__nv_bfloat16PS1_PmS5_S5_S5_S5_
    0 bytes stack frame, 0 bytes spill stores, 0 bytes spill loads
ptxas info    : Used 72 registers, used 1 barriers
ptxas info    : Compile time = 65.298 ms
ptxas info    : Compiling entry function '_Z14fc2_w3x_kernelILi57ELi8ELi20EEv14CUtensorMap_stS0_S0_PK13__nv_bfloat16PS1_PmS5_S5_S5_S5_' for 'sm_100a'
ptxas info    : Function properties for _Z14fc2_w3x_kernelILi57ELi8ELi20EEv14CUtensorMap_stS0_S0_PK13__nv_bfloat16PS1_PmS5_S5_S5_S5_
    0 bytes stack frame, 0 bytes spill stores, 0 bytes spill loads
ptxas info    : Used 72 registers, used 1 barriers
ptxas info    : Compile time = 66.147 ms
ptxas info    : Compiling entry function '_Z14fc2_w3x_kernelILi56ELi8ELi20EEv14CUtensorMap_stS0_S0_PK13__nv_bfloat16PS1_PmS5_S5_S5_S5_' for 'sm_100a'
ptxas info    : Function properties for _Z14fc2_w3x_kernelILi56ELi8ELi20EEv14CUtensorMap_stS0_S0_PK13__nv_bfloat16PS1_PmS5_S5_S5_S5_
    0 bytes stack frame, 0 bytes spill stores, 0 bytes spill loads
ptxas info    : Used 72 registers, used 1 barriers
ptxas info    : Compile time = 65.567 ms
ptxas info    : Compiling entry function '_Z14fc2_w3x_kernelILi55ELi8ELi20EEv14CUtensorMap_stS0_S0_PK13__nv_bfloat16PS1_PmS5_S5_S5_S5_' for 'sm_100a'
ptxas info    : Function properties for _Z14fc2_w3x_kernelILi55ELi8ELi20EEv14CUtensorMap_stS0_S0_PK13__nv_bfloat16PS1_PmS5_S5_S5_S5_
    0 bytes stack frame, 0 bytes spill stores, 0 bytes spill loads
ptxas info    : Used 72 registers, used 1 barriers
ptxas info    : Compile time = 64.426 ms
ptxas info    : Compiling entry function '_Z14fc2_w3x_kernelILi54ELi8ELi20EEv14CUtensorMap_stS0_S0_PK13__nv_bfloat16PS1_PmS5_S5_S5_S5_' for 'sm_100a'
ptxas info    : Function properties for _Z14fc2_w3x_kernelILi54ELi8ELi20EEv14CUtensorMap_stS0_S0_PK13__nv_bfloat16PS1_PmS5_S5_S5_S5_
    0 bytes stack frame, 0 bytes spill stores, 0 bytes spill loads
ptxas info    : Used 72 registers, used 1 barriers
ptxas info    : Compile time = 65.059 ms
ptxas info    : Compiling entry function '_Z14fc2_w3x_kernelILi53ELi8ELi20EEv14CUtensorMap_stS0_S0_PK13__nv_bfloat16PS1_PmS5_S5_S5_S5_' for 'sm_100a'
ptxas info    : Function properties for _Z14fc2_w3x_kernelILi53ELi8ELi20EEv14CUtensorMap_stS0_S0_PK13__nv_bfloat16PS1_PmS5_S5_S5_S5_
    0 bytes stack frame, 0 bytes spill stores, 0 bytes spill loads
ptxas info    : Used 72 registers, used 1 barriers
ptxas info    : Compile time = 63.654 ms
ptxas info    : Compiling entry function '_Z14fc2_w3x_kernelILi52ELi8ELi20EEv14CUtensorMap_stS0_S0_PK13__nv_bfloat16PS1_PmS5_S5_S5_S5_' for 'sm_100a'
ptxas info    : Function properties for _Z14fc2_w3x_kernelILi52ELi8ELi20EEv14CUtensorMap_stS0_S0_PK13__nv_bfloat16PS1_PmS5_S5_S5_S5_
    0 bytes stack frame, 0 bytes spill stores, 0 bytes spill loads
ptxas info    : Used 72 registers, used 1 barriers
ptxas info    : Compile time = 64.252 ms
ptxas info    : Compiling entry function '_Z14fc2_w3x_kernelILi51ELi8ELi20EEv14CUtensorMap_stS0_S0_PK13__nv_bfloat16PS1_PmS5_S5_S5_S5_' for 'sm_100a'
ptxas info    : Function properties for _Z14fc2_w3x_kernelILi51ELi8ELi20EEv14CUtensorMap_stS0_S0_PK13__nv_bfloat16PS1_PmS5_S5_S5_S5_
    0 bytes stack frame, 0 bytes spill stores, 0 bytes spill loads
ptxas info    : Used 72 registers, used 1 barriers
ptxas info    : Compile time = 63.767 ms
ptxas info    : Compiling entry function '_Z14fc2_w3x_kernelILi50ELi8ELi20EEv14CUtensorMap_stS0_S0_PK13__nv_bfloat16PS1_PmS5_S5_S5_S5_' for 'sm_100a'
ptxas info    : Function properties for _Z14fc2_w3x_kernelILi50ELi8ELi20EEv14CUtensorMap_stS0_S0_PK13__nv_bfloat16PS1_PmS5_S5_S5_S5_
    0 bytes stack frame, 0 bytes spill stores, 0 bytes spill loads
ptxas info    : Used 72 registers, used 1 barriers
ptxas info    : Compile time = 63.100 ms
ptxas info    : Compiling entry function '_Z14fc2_w3x_kernelILi49ELi8ELi20EEv14CUtensorMap_stS0_S0_PK13__nv_bfloat16PS1_PmS5_S5_S5_S5_' for 'sm_100a'
ptxas info    : Function properties for _Z14fc2_w3x_kernelILi49ELi8ELi20EEv14CUtensorMap_stS0_S0_PK13__nv_bfloat16PS1_PmS5_S5_S5_S5_
    0 bytes stack frame, 0 bytes spill stores, 0 bytes spill loads
ptxas info    : Used 72 registers, used 1 barriers
ptxas info    : Compile time = 64.167 ms
ptxas info    : Compiling entry function '_Z14fc2_w3x_kernelILi19ELi16ELi20EEv14CUtensorMap_stS0_S0_PK13__nv_bfloat16PS1_PmS5_S5_S5_S5_' for 'sm_100a'
ptxas info    : Function properties for _Z14fc2_w3x_kernelILi19ELi16ELi20EEv14CUtensorMap_stS0_S0_PK13__nv_bfloat16PS1_PmS5_S5_S5_S5_
    0 bytes stack frame, 0 bytes spill stores, 0 bytes spill loads
ptxas info    : Used 72 registers, used 1 barriers
ptxas info    : Compile time = 62.949 ms
ptxas info    : Compiling entry function '_Z14fc2_w3x_kernelILi19ELi4ELi20EEv14CUtensorMap_stS0_S0_PK13__nv_bfloat16PS1_PmS5_S5_S5_S5_' for 'sm_100a'
ptxas info    : Function properties for _Z14fc2_w3x_kernelILi19ELi4ELi20EEv14CUtensorMap_stS0_S0_PK13__nv_bfloat16PS1_PmS5_S5_S5_S5_
    0 bytes stack frame, 0 bytes spill stores, 0 bytes spill loads
ptxas info    : Used 72 registers, used 1 barriers
ptxas info    : Compile time = 63.657 ms
ptxas info    : Compiling entry function '_Z14fc2_w3x_kernelILi48ELi8ELi20EEv14CUtensorMap_stS0_S0_PK13__nv_bfloat16PS1_PmS5_S5_S5_S5_' for 'sm_100a'
ptxas info    : Function properties for _Z14fc2_w3x_kernelILi48ELi8ELi20EEv14CUtensorMap_stS0_S0_PK13__nv_bfloat16PS1_PmS5_S5_S5_S5_
    0 bytes stack frame, 0 bytes spill stores, 0 bytes spill loads
ptxas info    : Used 72 registers, used 1 barriers
ptxas info    : Compile time = 64.602 ms
ptxas info    : Compiling entry function '_Z14fc2_w3x_kernelILi47ELi8ELi20EEv14CUtensorMap_stS0_S0_PK13__nv_bfloat16PS1_PmS5_S5_S5_S5_' for 'sm_100a'
ptxas info    : Function properties for _Z14fc2_w3x_kernelILi47ELi8ELi20EEv14CUtensorMap_stS0_S0_PK13__nv_bfloat16PS1_PmS5_S5_S5_S5_
    0 bytes stack frame, 0 bytes spill stores, 0 bytes spill loads
ptxas info    : Used 72 registers, used 1 barriers
ptxas info    : Compile time = 63.405 ms
ptxas info    : Compiling entry function '_Z14fc2_w3x_kernelILi46ELi8ELi20EEv14CUtensorMap_stS0_S0_PK13__nv_bfloat16PS1_PmS5_S5_S5_S5_' for 'sm_100a'
ptxas info    : Function properties for _Z14fc2_w3x_kernelILi46ELi8ELi20EEv14CUtensorMap_stS0_S0_PK13__nv_bfloat16PS1_PmS5_S5_S5_S5_
    0 bytes stack frame, 0 bytes spill stores, 0 bytes spill loads
ptxas info    : Used 72 registers, used 1 barriers
ptxas info    : Compile time = 64.401 ms
ptxas info    : Compiling entry function '_Z14fc2_w3x_kernelILi45ELi8ELi20EEv14CUtensorMap_stS0_S0_PK13__nv_bfloat16PS1_PmS5_S5_S5_S5_' for 'sm_100a'
ptxas info    : Function properties for _Z14fc2_w3x_kernelILi45ELi8ELi20EEv14CUtensorMap_stS0_S0_PK13__nv_bfloat16PS1_PmS5_S5_S5_S5_
    0 bytes stack frame, 0 bytes spill stores, 0 bytes spill loads
ptxas info    : Used 72 registers, used 1 barriers
ptxas info    : Compile time = 64.948 ms
ptxas info    : Compiling entry function '_Z14fc2_w3x_kernelILi44ELi8ELi20EEv14CUtensorMap_stS0_S0_PK13__nv_bfloat16PS1_PmS5_S5_S5_S5_' for 'sm_100a'
ptxas info    : Function properties for _Z14fc2_w3x_kernelILi44ELi8ELi20EEv14CUtensorMap_stS0_S0_PK13__nv_bfloat16PS1_PmS5_S5_S5_S5_
    0 bytes stack frame, 0 bytes spill stores, 0 bytes spill loads
ptxas info    : Used 72 registers, used 1 barriers
ptxas info    : Compile time = 64.615 ms
ptxas info    : Compiling entry function '_Z14fc2_w3x_kernelILi43ELi8ELi20EEv14CUtensorMap_stS0_S0_PK13__nv_bfloat16PS1_PmS5_S5_S5_S5_' for 'sm_100a'
ptxas info    : Function properties for _Z14fc2_w3x_kernelILi43ELi8ELi20EEv14CUtensorMap_stS0_S0_PK13__nv_bfloat16PS1_PmS5_S5_S5_S5_
    0 bytes stack frame, 0 bytes spill stores, 0 bytes spill loads
ptxas info    : Used 72 registers, used 1 barriers
ptxas info    : Compile time = 64.905 ms
ptxas info    : Compiling entry function '_Z14fc2_w3x_kernelILi41ELi8ELi20EEv14CUtensorMap_stS0_S0_PK13__nv_bfloat16PS1_PmS5_S5_S5_S5_' for 'sm_100a'
ptxas info    : Function properties for _Z14fc2_w3x_kernelILi41ELi8ELi20EEv14CUtensorMap_stS0_S0_PK13__nv_bfloat16PS1_PmS5_S5_S5_S5_
    0 bytes stack frame, 0 bytes spill stores, 0 bytes spill loads
ptxas info    : Used 72 registers, used 1 barriers
ptxas info    : Compile time = 62.400 ms
ptxas info    : Compiling entry function '_Z14fc2_w3x_kernelILi40ELi8ELi20EEv14CUtensorMap_stS0_S0_PK13__nv_bfloat16PS1_PmS5_S5_S5_S5_' for 'sm_100a'
ptxas info    : Function properties for _Z14fc2_w3x_kernelILi40ELi8ELi20EEv14CUtensorMap_stS0_S0_PK13__nv_bfloat16PS1_PmS5_S5_S5_S5_
    0 bytes stack frame, 0 bytes spill stores, 0 bytes spill loads
ptxas info    : Used 72 registers, used 1 barriers
ptxas info    : Compile time = 62.964 ms
ptxas info    : Compiling entry function '_Z14fc2_w3x_kernelILi39ELi8ELi20EEv14CUtensorMap_stS0_S0_PK13__nv_bfloat16PS1_PmS5_S5_S5_S5_' for 'sm_100a'
ptxas info    : Function properties for _Z14fc2_w3x_kernelILi39ELi8ELi20EEv14CUtensorMap_stS0_S0_PK13__nv_bfloat16PS1_PmS5_S5_S5_S5_
    0 bytes stack frame, 0 bytes spill stores, 0 bytes spill loads
ptxas info    : Used 72 registers, used 1 barriers
ptxas info    : Compile time = 63.710 ms
ptxas info    : Compiling entry function '_Z14fc2_w3x_kernelILi38ELi8ELi20EEv14CUtensorMap_stS0_S0_PK13__nv_bfloat16PS1_PmS5_S5_S5_S5_' for 'sm_100a'
ptxas info    : Function properties for _Z14fc2_w3x_kernelILi38ELi8ELi20EEv14CUtensorMap_stS0_S0_PK13__nv_bfloat16PS1_PmS5_S5_S5_S5_
    0 bytes stack frame, 0 bytes spill stores, 0 bytes spill loads
ptxas info    : Used 72 registers, used 1 barriers
ptxas info    : Compile time = 64.030 ms
ptxas info    : Compiling entry function '_Z14fc2_w3x_kernelILi36ELi4ELi20EEv14CUtensorMap_stS0_S0_PK13__nv_bfloat16PS1_PmS5_S5_S5_S5_' for 'sm_100a'
ptxas info    : Function properties for _Z14fc2_w3x_kernelILi36ELi4ELi20EEv14CUtensorMap_stS0_S0_PK13__nv_bfloat16PS1_PmS5_S5_S5_S5_
    0 bytes stack frame, 0 bytes spill stores, 0 bytes spill loads
ptxas info    : Used 72 registers, used 1 barriers
ptxas info    : Compile time = 63.818 ms
ptxas info    : Compiling entry function '_Z14fc2_w3x_kernelILi35ELi4ELi20EEv14CUtensorMap_stS0_S0_PK13__nv_bfloat16PS1_PmS5_S5_S5_S5_' for 'sm_100a'
ptxas info    : Function properties for _Z14fc2_w3x_kernelILi35ELi4ELi20EEv14CUtensorMap_stS0_S0_PK13__nv_bfloat16PS1_PmS5_S5_S5_S5_
    0 bytes stack frame, 0 bytes spill stores, 0 bytes spill loads
ptxas info    : Used 72 registers, used 1 barriers
ptxas info    : Compile time = 65.605 ms
ptxas info    : Compiling entry function '_Z14fc2_w3x_kernelILi34ELi8ELi20EEv14CUtensorMap_stS0_S0_PK13__nv_bfloat16PS1_PmS5_S5_S5_S5_' for 'sm_100a'
ptxas info    : Function properties for _Z14fc2_w3x_kernelILi34ELi8ELi20EEv14CUtensorMap_stS0_S0_PK13__nv_bfloat16PS1_PmS5_S5_S5_S5_
    0 bytes stack frame, 0 bytes spill stores, 0 bytes spill loads
ptxas info    : Used 72 registers, used 1 barriers
ptxas info    : Compile time = 63.904 ms
ptxas info    : Compiling entry function '_Z14fc2_w3x_kernelILi33ELi8ELi20EEv14CUtensorMap_stS0_S0_PK13__nv_bfloat16PS1_PmS5_S5_S5_S5_' for 'sm_100a'
ptxas info    : Function properties for _Z14fc2_w3x_kernelILi33ELi8ELi20EEv14CUtensorMap_stS0_S0_PK13__nv_bfloat16PS1_PmS5_S5_S5_S5_
    0 bytes stack frame, 0 bytes spill stores, 0 bytes spill loads
ptxas info    : Used 72 registers, used 1 barriers
ptxas info    : Compile time = 64.648 ms
ptxas info    : Compiling entry function '_Z14fc2_w3x_kernelILi19ELi8ELi20EEv14CUtensorMap_stS0_S0_PK13__nv_bfloat16PS1_PmS5_S5_S5_S5_' for 'sm_100a'
ptxas info    : Function properties for _Z14fc2_w3x_kernelILi19ELi8ELi20EEv14CUtensorMap_stS0_S0_PK13__nv_bfloat16PS1_PmS5_S5_S5_S5_
    0 bytes stack frame, 0 bytes spill stores, 0 bytes spill loads
ptxas info    : Used 72 registers, used 1 barriers
ptxas info    : Compile time = 63.485 ms
ptxas info    : Compiling entry function '_Z14fc2_w3x_kernelILi18ELi8ELi20EEv14CUtensorMap_stS0_S0_PK13__nv_bfloat16PS1_PmS5_S5_S5_S5_' for 'sm_100a'
ptxas info    : Function properties for _Z14fc2_w3x_kernelILi18ELi8ELi20EEv14CUtensorMap_stS0_S0_PK13__nv_bfloat16PS1_PmS5_S5_S5_S5_
    0 bytes stack frame, 0 bytes spill stores, 0 bytes spill loads
ptxas info    : Used 72 registers, used 1 barriers
ptxas info    : Compile time = 63.490 ms
ptxas info    : Compiling entry function '_Z14fc2_w3x_kernelILi13ELi8ELi20EEv14CUtensorMap_stS0_S0_PK13__nv_bfloat16PS1_PmS5_S5_S5_S5_' for 'sm_100a'
ptxas info    : Function properties for _Z14fc2_w3x_kernelILi13ELi8ELi20EEv14CUtensorMap_stS0_S0_PK13__nv_bfloat16PS1_PmS5_S5_S5_S5_
    0 bytes stack frame, 0 bytes spill stores, 0 bytes spill loads
ptxas info    : Used 72 registers, used 1 barriers
ptxas info    : Compile time = 60.722 ms
ptxas info    : Compiling entry function '_Z14fc2_w3x_kernelILi11ELi8ELi20EEv14CUtensorMap_stS0_S0_PK13__nv_bfloat16PS1_PmS5_S5_S5_S5_' for 'sm_100a'
ptxas info    : Function properties for _Z14fc2_w3x_kernelILi11ELi8ELi20EEv14CUtensorMap_stS0_S0_PK13__nv_bfloat16PS1_PmS5_S5_S5_S5_
    0 bytes stack frame, 0 bytes spill stores, 0 bytes spill loads
ptxas info    : Used 72 registers, used 1 barriers
ptxas info    : Compile time = 61.365 ms
ptxas info    : Compiling entry function '_Z14fc2_w3x_kernelILi0ELi32ELi20EEv14CUtensorMap_stS0_S0_PK13__nv_bfloat16PS1_PmS5_S5_S5_S5_' for 'sm_100a'
ptxas info    : Function properties for _Z14fc2_w3x_kernelILi0ELi32ELi20EEv14CUtensorMap_stS0_S0_PK13__nv_bfloat16PS1_PmS5_S5_S5_S5_
    0 bytes stack frame, 0 bytes spill stores, 0 bytes spill loads
ptxas info    : Used 72 registers, used 1 barriers
ptxas info    : Compile time = 63.591 ms
ptxas info    : Compiling entry function '_Z14fc2_w3x_kernelILi0ELi16ELi20EEv14CUtensorMap_stS0_S0_PK13__nv_bfloat16PS1_PmS5_S5_S5_S5_' for 'sm_100a'
ptxas info    : Function properties for _Z14fc2_w3x_kernelILi0ELi16ELi20EEv14CUtensorMap_stS0_S0_PK13__nv_bfloat16PS1_PmS5_S5_S5_S5_
    0 bytes stack frame, 0 bytes spill stores, 0 bytes spill loads
ptxas info    : Used 72 registers, used 1 barriers
ptxas info    : Compile time = 64.907 ms
ptxas info    : Compiling entry function '_Z14fc2_w3x_kernelILi0ELi4ELi20EEv14CUtensorMap_stS0_S0_PK13__nv_bfloat16PS1_PmS5_S5_S5_S5_' for 'sm_100a'
ptxas info    : Function properties for _Z14fc2_w3x_kernelILi0ELi4ELi20EEv14CUtensorMap_stS0_S0_PK13__nv_bfloat16PS1_PmS5_S5_S5_S5_
    0 bytes stack frame, 0 bytes spill stores, 0 bytes spill loads
ptxas info    : Used 72 registers, used 1 barriers
ptxas info    : Compile time = 64.100 ms
ptxas info    : Compiling entry function '_Z14fc2_w3x_kernelILi0ELi2ELi20EEv14CUtensorMap_stS0_S0_PK13__nv_bfloat16PS1_PmS5_S5_S5_S5_' for 'sm_100a'
ptxas info    : Function properties for _Z14fc2_w3x_kernelILi0ELi2ELi20EEv14CUtensorMap_stS0_S0_PK13__nv_bfloat16PS1_PmS5_S5_S5_S5_
    0 bytes stack frame, 0 bytes spill stores, 0 bytes spill loads
ptxas info    : Used 72 registers, used 1 barriers
ptxas info    : Compile time = 62.252 ms
ptxas info    : Compiling entry function '_Z14fc2_w3x_kernelILi0ELi8ELi20EEv14CUtensorMap_stS0_S0_PK13__nv_bfloat16PS1_PmS5_S5_S5_S5_' for 'sm_100a'
ptxas info    : Function properties for _Z14fc2_w3x_kernelILi0ELi8ELi20EEv14CUtensorMap_stS0_S0_PK13__nv_bfloat16PS1_PmS5_S5_S5_S5_
    0 bytes stack frame, 0 bytes spill stores, 0 bytes spill loads
ptxas info    : Used 72 registers, used 1 barriers
ptxas info    : Compile time = 63.890 ms
--- rep 1/3 ec=0
FC2 W3X kernel — 6-warp bias-only rank-1-shaped persistent
  [928256,2048] x [2048,2048]^T  NS=5  THREADS=192  SMEM=186112 B  (cap 228KB)
  Alloc + init + pack done
  TMA + func attr done (SMEM=186112 B)  variant=default TD=0 DGG=8
Warmup (2 iters)...
Timing 1 reps × 10 iters/rep × 1 variant ...
@@SAMPLE rep=1 ms=2.04517 cyc=3759332 cyc_min=3728311 cyc_p50=3741969 cyc_p95=3757648 cyc_max=3759332
@@STATS reps=1 mean=2.04517 std=0.00000 min=2.04517 p25=2.04517 p50=2.04517 p75=2.04517 max=2.04517 iqr=0.00000
FC2-W3X kernel: 2.045 ms  3807.40 TFLOPS
PASS  errors=0/32
@@RESULT ms=2.0452 tflops=3807.40 checksum=0.000000 valid=1 c0=3072.0
--- rep 2/3 ec=0
FC2 W3X kernel — 6-warp bias-only rank-1-shaped persistent
  [928256,2048] x [2048,2048]^T  NS=5  THREADS=192  SMEM=186112 B  (cap 228KB)
  Alloc + init + pack done
  TMA + func attr done (SMEM=186112 B)  variant=default TD=0 DGG=8
Warmup (2 iters)...
Timing 1 reps × 10 iters/rep × 1 variant ...
@@SAMPLE rep=1 ms=2.04181 cyc=3756266 cyc_min=3725999 cyc_p50=3739744 cyc_p95=3755521 cyc_max=3756266
@@STATS reps=1 mean=2.04181 std=0.00000 min=2.04181 p25=2.04181 p50=2.04181 p75=2.04181 max=2.04181 iqr=0.00000
FC2-W3X kernel: 2.042 ms  3813.67 TFLOPS
PASS  errors=0/32
@@RESULT ms=2.0418 tflops=3813.67 checksum=0.000000 valid=1 c0=3072.0
--- rep 3/3 ec=0
FC2 W3X kernel — 6-warp bias-only rank-1-shaped persistent
  [928256,2048] x [2048,2048]^T  NS=5  THREADS=192  SMEM=186112 B  (cap 228KB)
  Alloc + init + pack done
  TMA + func attr done (SMEM=186112 B)  variant=default TD=0 DGG=8
Warmup (2 iters)...
Timing 1 reps × 10 iters/rep × 1 variant ...
@@SAMPLE rep=1 ms=2.05118 cyc=3775661 cyc_min=3730170 cyc_p50=3745472 cyc_p95=3767128 cyc_max=3775661
@@STATS reps=1 mean=2.05118 std=0.00000 min=2.05118 p25=2.05118 p50=2.05118 p75=2.05118 max=2.05118 iqr=0.00000
FC2-W3X kernel: 2.051 ms  3796.25 TFLOPS
PASS  errors=0/32
@@RESULT ms=2.0512 tflops=3796.25 checksum=0.000000 valid=1 c0=3072.0
--- cublas epi=3 rep 1/1 ec=0
### CUBLASLT INTROSPECT M=928256 N=2048 K=2048 epi=bias_only
### Heuristics returned: 8

# TSV
rank	heur	ms	cyc	algoId	tile	stages	cluster	inner	splitk	redux	swizzle	custom	waves	ws_MB
1	0	1.7899	3303118	66	23	36	3	-1	1	0	0	1	392.00	0.0
2	2	1.8438	3402224	66	32	36	3	-1	1	0	0	1	522.70	0.0
3	4	1.9485	3595103	66	29	36	3	-1	1	0	0	1	627.24	0.0
4	5	2.1554	3976448	66	201	36	5	-1	1	0	0	2	588.00	0.0
5	1	2.3394	4316080	66	24	36	5	-1	1	0	0	3	392.00	0.0
6	3	2.3881	4405057	66	513	36	3	-1	1	0	0	1	196.00	0.0
7	7	2.6359	4862907	66	31	36	5	-1	1	0	0	3	539.00	0.0
8	6	2.7162	5010730	66	495	36	5	-1	1	0	0	3	522.70	0.0

# Top-3 caps:

## rank=1  algoId=66  tile=23  stages=36  cluster=3  inner=-1  ms=1.7899
    CUBLASLT_ALGO_CAP_REDUCTION_SCHEME_MASK      = 2
    CUBLASLT_ALGO_CAP_CTA_SWIZZLING_SUPPORT      = 0
    CUBLASLT_ALGO_CAP_STRIDED_BATCH_SUPPORT      = 1
    CUBLASLT_ALGO_CAP_OUT_OF_PLACE_RESULT_SUPPORT = 1
    CUBLASLT_ALGO_CAP_CUSTOM_OPTION_MAX          = 7
    CUBLASLT_ALGO_CAP_POINTER_MODE_MASK          = 3
    CUBLASLT_ALGO_CAP_EPILOGUE_MASK              = 1023
    CUBLASLT_ALGO_CAP_TILE_IDS                   = --  (status=7 wrote=0)
    CUBLASLT_ALGO_CAP_STAGES_IDS                 = [36] (n=1, elem=4B)
    CUBLASLT_ALGO_CONFIG_CLUSTER_SHAPE_ID sz=2 → status=0 wrote=2 val=3

## rank=2  algoId=66  tile=32  stages=36  cluster=3  inner=-1  ms=1.8438
    CUBLASLT_ALGO_CAP_REDUCTION_SCHEME_MASK      = 2
    CUBLASLT_ALGO_CAP_CTA_SWIZZLING_SUPPORT      = 0
    CUBLASLT_ALGO_CAP_STRIDED_BATCH_SUPPORT      = 1
    CUBLASLT_ALGO_CAP_OUT_OF_PLACE_RESULT_SUPPORT = 1
    CUBLASLT_ALGO_CAP_CUSTOM_OPTION_MAX          = 7
    CUBLASLT_ALGO_CAP_POINTER_MODE_MASK          = 3
    CUBLASLT_ALGO_CAP_EPILOGUE_MASK              = 1023
    CUBLASLT_ALGO_CAP_TILE_IDS                   = --  (status=7 wrote=0)
    CUBLASLT_ALGO_CAP_STAGES_IDS                 = [36] (n=1, elem=4B)
    CUBLASLT_ALGO_CONFIG_CLUSTER_SHAPE_ID sz=2 → status=0 wrote=2 val=3

## rank=3  algoId=66  tile=29  stages=36  cluster=3  inner=-1  ms=1.9485
    CUBLASLT_ALGO_CAP_REDUCTION_SCHEME_MASK      = 2
    CUBLASLT_ALGO_CAP_CTA_SWIZZLING_SUPPORT      = 0
    CUBLASLT_ALGO_CAP_STRIDED_BATCH_SUPPORT      = 1
    CUBLASLT_ALGO_CAP_OUT_OF_PLACE_RESULT_SUPPORT = 1
    CUBLASLT_ALGO_CAP_CUSTOM_OPTION_MAX          = 7
    CUBLASLT_ALGO_CAP_POINTER_MODE_MASK          = 3
    CUBLASLT_ALGO_CAP_EPILOGUE_MASK              = 1023
    CUBLASLT_ALGO_CAP_TILE_IDS                   = --  (status=7 wrote=0)
    CUBLASLT_ALGO_CAP_STAGES_IDS                 = [36] (n=1, elem=4B)
    CUBLASLT_ALGO_CONFIG_CLUSTER_SHAPE_ID sz=2 → status=0 wrote=2 val=3

# Winner:  rank=1  tile=23  stages=36  cluster=3  inner=-1  splitk=1  swizzle=0  ms=1.7899  cyc=3303118

@@RESULT ms=1.7899 cyc=3303118 tflops=4350.40 checksum=0.000000 valid=1 c0=0.0
--- cublas epi=0 rep 1/1 ec=0
### CUBLASLT INTROSPECT M=928256 N=2048 K=2048 epi=none
### Heuristics returned: 8

# TSV
rank	heur	ms	cyc	algoId	tile	stages	cluster	inner	splitk	redux	swizzle	custom	waves	ws_MB
1	0	1.7859	3295731	66	23	36	3	-1	1	0	0	1	392.00	0.0
2	2	1.8365	3388947	66	32	36	3	-1	1	0	0	1	522.70	0.0
3	4	1.9366	3573345	66	29	36	3	-1	1	0	0	1	627.24	0.0
4	5	2.0622	3805033	66	201	36	5	-1	1	0	0	2	588.00	0.0
5	3	2.2563	4161707	66	513	36	3	-1	1	0	0	1	196.00	0.0
6	1	2.3163	4273275	66	24	36	5	-1	1	0	0	3	392.00	0.0
7	7	2.6240	4841230	66	31	36	5	-1	1	0	0	3	539.00	0.0
8	6	2.6926	4967370	66	495	36	5	-1	1	0	0	3	522.70	0.0

# Top-3 caps:

## rank=1  algoId=66  tile=23  stages=36  cluster=3  inner=-1  ms=1.7859
    CUBLASLT_ALGO_CAP_REDUCTION_SCHEME_MASK      = 2
    CUBLASLT_ALGO_CAP_CTA_SWIZZLING_SUPPORT      = 0
    CUBLASLT_ALGO_CAP_STRIDED_BATCH_SUPPORT      = 1
    CUBLASLT_ALGO_CAP_OUT_OF_PLACE_RESULT_SUPPORT = 1
    CUBLASLT_ALGO_CAP_CUSTOM_OPTION_MAX          = 7
    CUBLASLT_ALGO_CAP_POINTER_MODE_MASK          = 3
    CUBLASLT_ALGO_CAP_EPILOGUE_MASK              = 1023
    CUBLASLT_ALGO_CAP_TILE_IDS                   = --  (status=7 wrote=0)
    CUBLASLT_ALGO_CAP_STAGES_IDS                 = [36] (n=1, elem=4B)
    CUBLASLT_ALGO_CONFIG_CLUSTER_SHAPE_ID sz=2 → status=0 wrote=2 val=3

## rank=2  algoId=66  tile=32  stages=36  cluster=3  inner=-1  ms=1.8365
    CUBLASLT_ALGO_CAP_REDUCTION_SCHEME_MASK      = 2
    CUBLASLT_ALGO_CAP_CTA_SWIZZLING_SUPPORT      = 0
    CUBLASLT_ALGO_CAP_STRIDED_BATCH_SUPPORT      = 1
    CUBLASLT_ALGO_CAP_OUT_OF_PLACE_RESULT_SUPPORT = 1
    CUBLASLT_ALGO_CAP_CUSTOM_OPTION_MAX          = 7
    CUBLASLT_ALGO_CAP_POINTER_MODE_MASK          = 3
    CUBLASLT_ALGO_CAP_EPILOGUE_MASK              = 1023
    CUBLASLT_ALGO_CAP_TILE_IDS                   = --  (status=7 wrote=0)
    CUBLASLT_ALGO_CAP_STAGES_IDS                 = [36] (n=1, elem=4B)
    CUBLASLT_ALGO_CONFIG_CLUSTER_SHAPE_ID sz=2 → status=0 wrote=2 val=3

## rank=3  algoId=66  tile=29  stages=36  cluster=3  inner=-1  ms=1.9366
    CUBLASLT_ALGO_CAP_REDUCTION_SCHEME_MASK      = 2
    CUBLASLT_ALGO_CAP_CTA_SWIZZLING_SUPPORT      = 0
    CUBLASLT_ALGO_CAP_STRIDED_BATCH_SUPPORT      = 1
    CUBLASLT_ALGO_CAP_OUT_OF_PLACE_RESULT_SUPPORT = 1
    CUBLASLT_ALGO_CAP_CUSTOM_OPTION_MAX          = 7
    CUBLASLT_ALGO_CAP_POINTER_MODE_MASK          = 3
    CUBLASLT_ALGO_CAP_EPILOGUE_MASK              = 1023
    CUBLASLT_ALGO_CAP_TILE_IDS                   = --  (status=7 wrote=0)
    CUBLASLT_ALGO_CAP_STAGES_IDS                 = [36] (n=1, elem=4B)
    CUBLASLT_ALGO_CONFIG_CLUSTER_SHAPE_ID sz=2 → status=0 wrote=2 val=3

# Winner:  rank=1  tile=23  stages=36  cluster=3  inner=-1  splitk=1  swizzle=0  ms=1.7859  cyc=3295731

@@RESULT ms=1.7859 cyc=3295731 tflops=4360.22 checksum=0.000000 valid=1 c0=0.0

[build] N=2048 K=4096 M=928256 flags=['-DM_TOTAL=928256', '-DN_DIM=2048', '-DK_DIM=4096']
$ make -B fc2-w3x DFLAGS=-DM_TOTAL=928256 -DN_DIM=2048 -DK_DIM=4096
nvcc -gencode arch=compute_100a,code=sm_100a -O3 -std=c++17 -lineinfo --ptxas-options=-v --cudart=static -DM_TOTAL=928256 -DN_DIM=2048 -DK_DIM=4096 fc2_w3x.cu -o fc2-w3x -lcurand_static -lculibos -lcuda
fc2_w3x.cu(1511): warning #177-D: function "mbar_arrive" was declared but never referenced
  void mbar_arrive(uint32_t addr) {
       ^

Remark: The warnings can be suppressed with "-diag-suppress <warning-number>"

ptxas info    : 0 bytes gmem
ptxas info    : Compiling entry function '_Z14fc2_w3x_kernelILi54ELi8ELi64EEv14CUtensorMap_stS0_S0_PK13__nv_bfloat16PS1_PmS5_S5_S5_S5_' for 'sm_100a'
ptxas info    : Function properties for _Z14fc2_w3x_kernelILi54ELi8ELi64EEv14CUtensorMap_stS0_S0_PK13__nv_bfloat16PS1_PmS5_S5_S5_S5_
    0 bytes stack frame, 0 bytes spill stores, 0 bytes spill loads
ptxas info    : Used 70 registers, used 1 barriers
ptxas info    : Compile time = 77.426 ms
ptxas info    : Compiling entry function '_Z14fc2_w3x_kernelILi54ELi8ELi48EEv14CUtensorMap_stS0_S0_PK13__nv_bfloat16PS1_PmS5_S5_S5_S5_' for 'sm_100a'
ptxas info    : Function properties for _Z14fc2_w3x_kernelILi54ELi8ELi48EEv14CUtensorMap_stS0_S0_PK13__nv_bfloat16PS1_PmS5_S5_S5_S5_
    0 bytes stack frame, 0 bytes spill stores, 0 bytes spill loads
ptxas info    : Used 70 registers, used 1 barriers
ptxas info    : Compile time = 74.986 ms
ptxas info    : Compiling entry function '_Z14fc2_w3x_kernelILi54ELi8ELi32EEv14CUtensorMap_stS0_S0_PK13__nv_bfloat16PS1_PmS5_S5_S5_S5_' for 'sm_100a'
ptxas info    : Function properties for _Z14fc2_w3x_kernelILi54ELi8ELi32EEv14CUtensorMap_stS0_S0_PK13__nv_bfloat16PS1_PmS5_S5_S5_S5_
    0 bytes stack frame, 0 bytes spill stores, 0 bytes spill loads
ptxas info    : Used 70 registers, used 1 barriers
ptxas info    : Compile time = 73.189 ms
ptxas info    : Compiling entry function '_Z14fc2_w3x_kernelILi54ELi8ELi24EEv14CUtensorMap_stS0_S0_PK13__nv_bfloat16PS1_PmS5_S5_S5_S5_' for 'sm_100a'
ptxas info    : Function properties for _Z14fc2_w3x_kernelILi54ELi8ELi24EEv14CUtensorMap_stS0_S0_PK13__nv_bfloat16PS1_PmS5_S5_S5_S5_
    0 bytes stack frame, 0 bytes spill stores, 0 bytes spill loads
ptxas info    : Used 70 registers, used 1 barriers
ptxas info    : Compile time = 73.229 ms
ptxas info    : Compiling entry function '_Z14fc2_w3x_kernelILi54ELi8ELi16EEv14CUtensorMap_stS0_S0_PK13__nv_bfloat16PS1_PmS5_S5_S5_S5_' for 'sm_100a'
ptxas info    : Function properties for _Z14fc2_w3x_kernelILi54ELi8ELi16EEv14CUtensorMap_stS0_S0_PK13__nv_bfloat16PS1_PmS5_S5_S5_S5_
    0 bytes stack frame, 0 bytes spill stores, 0 bytes spill loads
ptxas info    : Used 70 registers, used 1 barriers
ptxas info    : Compile time = 73.238 ms
ptxas info    : Compiling entry function '_Z14fc2_w3x_kernelILi54ELi8ELi12EEv14CUtensorMap_stS0_S0_PK13__nv_bfloat16PS1_PmS5_S5_S5_S5_' for 'sm_100a'
ptxas info    : Function properties for _Z14fc2_w3x_kernelILi54ELi8ELi12EEv14CUtensorMap_stS0_S0_PK13__nv_bfloat16PS1_PmS5_S5_S5_S5_
    0 bytes stack frame, 0 bytes spill stores, 0 bytes spill loads
ptxas info    : Used 70 registers, used 1 barriers
ptxas info    : Compile time = 72.453 ms
ptxas info    : Compiling entry function '_Z14fc2_w3x_kernelILi54ELi8ELi8EEv14CUtensorMap_stS0_S0_PK13__nv_bfloat16PS1_PmS5_S5_S5_S5_' for 'sm_100a'
ptxas info    : Function properties for _Z14fc2_w3x_kernelILi54ELi8ELi8EEv14CUtensorMap_stS0_S0_PK13__nv_bfloat16PS1_PmS5_S5_S5_S5_
    0 bytes stack frame, 0 bytes spill stores, 0 bytes spill loads
ptxas info    : Used 70 registers, used 1 barriers
ptxas info    : Compile time = 72.652 ms
ptxas info    : Compiling entry function '_Z14fc2_w3x_kernelILi54ELi8ELi4EEv14CUtensorMap_stS0_S0_PK13__nv_bfloat16PS1_PmS5_S5_S5_S5_' for 'sm_100a'
ptxas info    : Function properties for _Z14fc2_w3x_kernelILi54ELi8ELi4EEv14CUtensorMap_stS0_S0_PK13__nv_bfloat16PS1_PmS5_S5_S5_S5_
    0 bytes stack frame, 0 bytes spill stores, 0 bytes spill loads
ptxas info    : Used 70 registers, used 1 barriers
ptxas info    : Compile time = 72.562 ms
ptxas info    : Compiling entry function '_Z14fc2_w3x_kernelILi54ELi8ELi0EEv14CUtensorMap_stS0_S0_PK13__nv_bfloat16PS1_PmS5_S5_S5_S5_' for 'sm_100a'
ptxas info    : Function properties for _Z14fc2_w3x_kernelILi54ELi8ELi0EEv14CUtensorMap_stS0_S0_PK13__nv_bfloat16PS1_PmS5_S5_S5_S5_
    0 bytes stack frame, 0 bytes spill stores, 0 bytes spill loads
ptxas info    : Used 70 registers, used 1 barriers
ptxas info    : Compile time = 72.938 ms
ptxas info    : Compiling entry function '_Z14fc2_w3x_kernelILi99ELi8ELi20EEv14CUtensorMap_stS0_S0_PK13__nv_bfloat16PS1_PmS5_S5_S5_S5_' for 'sm_100a'
ptxas info    : Function properties for _Z14fc2_w3x_kernelILi99ELi8ELi20EEv14CUtensorMap_stS0_S0_PK13__nv_bfloat16PS1_PmS5_S5_S5_S5_
    0 bytes stack frame, 0 bytes spill stores, 0 bytes spill loads
ptxas info    : Used 70 registers, used 1 barriers
ptxas info    : Compile time = 74.444 ms
ptxas info    : Compiling entry function '_Z14fc2_w3x_kernelILi98ELi8ELi20EEv14CUtensorMap_stS0_S0_PK13__nv_bfloat16PS1_PmS5_S5_S5_S5_' for 'sm_100a'
ptxas info    : Function properties for _Z14fc2_w3x_kernelILi98ELi8ELi20EEv14CUtensorMap_stS0_S0_PK13__nv_bfloat16PS1_PmS5_S5_S5_S5_
    0 bytes stack frame, 0 bytes spill stores, 0 bytes spill loads
ptxas info    : Used 70 registers, used 1 barriers
ptxas info    : Compile time = 73.439 ms
ptxas info    : Compiling entry function '_Z14fc2_w3x_kernelILi97ELi8ELi20EEv14CUtensorMap_stS0_S0_PK13__nv_bfloat16PS1_PmS5_S5_S5_S5_' for 'sm_100a'
ptxas info    : Function properties for _Z14fc2_w3x_kernelILi97ELi8ELi20EEv14CUtensorMap_stS0_S0_PK13__nv_bfloat16PS1_PmS5_S5_S5_S5_
    0 bytes stack frame, 0 bytes spill stores, 0 bytes spill loads
ptxas info    : Used 70 registers, used 1 barriers
ptxas info    : Compile time = 73.288 ms
ptxas info    : Compiling entry function '_Z14fc2_w3x_kernelILi96ELi8ELi20EEv14CUtensorMap_stS0_S0_PK13__nv_bfloat16PS1_PmS5_S5_S5_S5_' for 'sm_100a'
ptxas info    : Function properties for _Z14fc2_w3x_kernelILi96ELi8ELi20EEv14CUtensorMap_stS0_S0_PK13__nv_bfloat16PS1_PmS5_S5_S5_S5_
    0 bytes stack frame, 0 bytes spill stores, 0 bytes spill loads
ptxas info    : Used 70 registers, used 1 barriers
ptxas info    : Compile time = 73.574 ms
ptxas info    : Compiling entry function '_Z14fc2_w3x_kernelILi95ELi8ELi20EEv14CUtensorMap_stS0_S0_PK13__nv_bfloat16PS1_PmS5_S5_S5_S5_' for 'sm_100a'
ptxas info    : Function properties for _Z14fc2_w3x_kernelILi95ELi8ELi20EEv14CUtensorMap_stS0_S0_PK13__nv_bfloat16PS1_PmS5_S5_S5_S5_
    0 bytes stack frame, 0 bytes spill stores, 0 bytes spill loads
ptxas info    : Used 70 registers, used 1 barriers
ptxas info    : Compile time = 72.698 ms
ptxas info    : Compiling entry function '_Z14fc2_w3x_kernelILi94ELi8ELi20EEv14CUtensorMap_stS0_S0_PK13__nv_bfloat16PS1_PmS5_S5_S5_S5_' for 'sm_100a'
ptxas info    : Function properties for _Z14fc2_w3x_kernelILi94ELi8ELi20EEv14CUtensorMap_stS0_S0_PK13__nv_bfloat16PS1_PmS5_S5_S5_S5_
    0 bytes stack frame, 0 bytes spill stores, 0 bytes spill loads
ptxas info    : Used 70 registers, used 1 barriers
ptxas info    : Compile time = 73.264 ms
ptxas info    : Compiling entry function '_Z14fc2_w3x_kernelILi93ELi8ELi20EEv14CUtensorMap_stS0_S0_PK13__nv_bfloat16PS1_PmS5_S5_S5_S5_' for 'sm_100a'
ptxas info    : Function properties for _Z14fc2_w3x_kernelILi93ELi8ELi20EEv14CUtensorMap_stS0_S0_PK13__nv_bfloat16PS1_PmS5_S5_S5_S5_
    0 bytes stack frame, 0 bytes spill stores, 0 bytes spill loads
ptxas info    : Used 70 registers, used 1 barriers
ptxas info    : Compile time = 72.728 ms
ptxas info    : Compiling entry function '_Z14fc2_w3x_kernelILi92ELi8ELi20EEv14CUtensorMap_stS0_S0_PK13__nv_bfloat16PS1_PmS5_S5_S5_S5_' for 'sm_100a'
ptxas info    : Function properties for _Z14fc2_w3x_kernelILi92ELi8ELi20EEv14CUtensorMap_stS0_S0_PK13__nv_bfloat16PS1_PmS5_S5_S5_S5_
    0 bytes stack frame, 0 bytes spill stores, 0 bytes spill loads
ptxas info    : Used 70 registers, used 1 barriers
ptxas info    : Compile time = 73.094 ms
ptxas info    : Compiling entry function '_Z14fc2_w3x_kernelILi91ELi8ELi20EEv14CUtensorMap_stS0_S0_PK13__nv_bfloat16PS1_PmS5_S5_S5_S5_' for 'sm_100a'
ptxas info    : Function properties for _Z14fc2_w3x_kernelILi91ELi8ELi20EEv14CUtensorMap_stS0_S0_PK13__nv_bfloat16PS1_PmS5_S5_S5_S5_
    0 bytes stack frame, 0 bytes spill stores, 0 bytes spill loads
ptxas info    : Used 70 registers, used 1 barriers
ptxas info    : Compile time = 72.305 ms
ptxas info    : Compiling entry function '_Z14fc2_w3x_kernelILi90ELi8ELi20EEv14CUtensorMap_stS0_S0_PK13__nv_bfloat16PS1_PmS5_S5_S5_S5_' for 'sm_100a'
ptxas info    : Function properties for _Z14fc2_w3x_kernelILi90ELi8ELi20EEv14CUtensorMap_stS0_S0_PK13__nv_bfloat16PS1_PmS5_S5_S5_S5_
    0 bytes stack frame, 0 bytes spill stores, 0 bytes spill loads
ptxas info    : Used 70 registers, used 1 barriers
ptxas info    : Compile time = 73.965 ms
ptxas info    : Compiling entry function '_Z14fc2_w3x_kernelILi89ELi8ELi20EEv14CUtensorMap_stS0_S0_PK13__nv_bfloat16PS1_PmS5_S5_S5_S5_' for 'sm_100a'
ptxas info    : Function properties for _Z14fc2_w3x_kernelILi89ELi8ELi20EEv14CUtensorMap_stS0_S0_PK13__nv_bfloat16PS1_PmS5_S5_S5_S5_
    0 bytes stack frame, 0 bytes spill stores, 0 bytes spill loads
ptxas info    : Used 70 registers, used 1 barriers
ptxas info    : Compile time = 73.743 ms
ptxas info    : Compiling entry function '_Z14fc2_w3x_kernelILi88ELi8ELi20EEv14CUtensorMap_stS0_S0_PK13__nv_bfloat16PS1_PmS5_S5_S5_S5_' for 'sm_100a'
ptxas info    : Function properties for _Z14fc2_w3x_kernelILi88ELi8ELi20EEv14CUtensorMap_stS0_S0_PK13__nv_bfloat16PS1_PmS5_S5_S5_S5_
    0 bytes stack frame, 0 bytes spill stores, 0 bytes spill loads
ptxas info    : Used 70 registers, used 1 barriers
ptxas info    : Compile time = 73.420 ms
ptxas info    : Compiling entry function '_Z14fc2_w3x_kernelILi87ELi8ELi20EEv14CUtensorMap_stS0_S0_PK13__nv_bfloat16PS1_PmS5_S5_S5_S5_' for 'sm_100a'
ptxas info    : Function properties for _Z14fc2_w3x_kernelILi87ELi8ELi20EEv14CUtensorMap_stS0_S0_PK13__nv_bfloat16PS1_PmS5_S5_S5_S5_
    0 bytes stack frame, 0 bytes spill stores, 0 bytes spill loads
ptxas info    : Used 70 registers, used 1 barriers
ptxas info    : Compile time = 74.122 ms
ptxas info    : Compiling entry function '_Z14fc2_w3x_kernelILi86ELi8ELi20EEv14CUtensorMap_stS0_S0_PK13__nv_bfloat16PS1_PmS5_S5_S5_S5_' for 'sm_100a'
ptxas info    : Function properties for _Z14fc2_w3x_kernelILi86ELi8ELi20EEv14CUtensorMap_stS0_S0_PK13__nv_bfloat16PS1_PmS5_S5_S5_S5_
    0 bytes stack frame, 0 bytes spill stores, 0 bytes spill loads
ptxas info    : Used 70 registers, used 1 barriers
ptxas info    : Compile time = 73.324 ms
ptxas info    : Compiling entry function '_Z14fc2_w3x_kernelILi85ELi8ELi20EEv14CUtensorMap_stS0_S0_PK13__nv_bfloat16PS1_PmS5_S5_S5_S5_' for 'sm_100a'
ptxas info    : Function properties for _Z14fc2_w3x_kernelILi85ELi8ELi20EEv14CUtensorMap_stS0_S0_PK13__nv_bfloat16PS1_PmS5_S5_S5_S5_
    0 bytes stack frame, 0 bytes spill stores, 0 bytes spill loads
ptxas info    : Used 70 registers, used 1 barriers
ptxas info    : Compile time = 72.933 ms
ptxas info    : Compiling entry function '_Z14fc2_w3x_kernelILi84ELi8ELi20EEv14CUtensorMap_stS0_S0_PK13__nv_bfloat16PS1_PmS5_S5_S5_S5_' for 'sm_100a'
ptxas info    : Function properties for _Z14fc2_w3x_kernelILi84ELi8ELi20EEv14CUtensorMap_stS0_S0_PK13__nv_bfloat16PS1_PmS5_S5_S5_S5_
    0 bytes stack frame, 0 bytes spill stores, 0 bytes spill loads
ptxas info    : Used 70 registers, used 1 barriers
ptxas info    : Compile time = 73.698 ms
ptxas info    : Compiling entry function '_Z14fc2_w3x_kernelILi83ELi8ELi20EEv14CUtensorMap_stS0_S0_PK13__nv_bfloat16PS1_PmS5_S5_S5_S5_' for 'sm_100a'
ptxas info    : Function properties for _Z14fc2_w3x_kernelILi83ELi8ELi20EEv14CUtensorMap_stS0_S0_PK13__nv_bfloat16PS1_PmS5_S5_S5_S5_
    0 bytes stack frame, 0 bytes spill stores, 0 bytes spill loads
ptxas info    : Used 70 registers, used 1 barriers
ptxas info    : Compile time = 73.374 ms
ptxas info    : Compiling entry function '_Z14fc2_w3x_kernelILi82ELi8ELi20EEv14CUtensorMap_stS0_S0_PK13__nv_bfloat16PS1_PmS5_S5_S5_S5_' for 'sm_100a'
ptxas info    : Function properties for _Z14fc2_w3x_kernelILi82ELi8ELi20EEv14CUtensorMap_stS0_S0_PK13__nv_bfloat16PS1_PmS5_S5_S5_S5_
    0 bytes stack frame, 0 bytes spill stores, 0 bytes spill loads
ptxas info    : Used 70 registers, used 1 barriers
ptxas info    : Compile time = 73.206 ms
ptxas info    : Compiling entry function '_Z14fc2_w3x_kernelILi81ELi8ELi20EEv14CUtensorMap_stS0_S0_PK13__nv_bfloat16PS1_PmS5_S5_S5_S5_' for 'sm_100a'
ptxas info    : Function properties for _Z14fc2_w3x_kernelILi81ELi8ELi20EEv14CUtensorMap_stS0_S0_PK13__nv_bfloat16PS1_PmS5_S5_S5_S5_
    0 bytes stack frame, 0 bytes spill stores, 0 bytes spill loads
ptxas info    : Used 70 registers, used 1 barriers
ptxas info    : Compile time = 72.372 ms
ptxas info    : Compiling entry function '_Z14fc2_w3x_kernelILi80ELi8ELi20EEv14CUtensorMap_stS0_S0_PK13__nv_bfloat16PS1_PmS5_S5_S5_S5_' for 'sm_100a'
ptxas info    : Function properties for _Z14fc2_w3x_kernelILi80ELi8ELi20EEv14CUtensorMap_stS0_S0_PK13__nv_bfloat16PS1_PmS5_S5_S5_S5_
    0 bytes stack frame, 0 bytes spill stores, 0 bytes spill loads
ptxas info    : Used 70 registers, used 1 barriers
ptxas info    : Compile time = 72.531 ms
ptxas info    : Compiling entry function '_Z14fc2_w3x_kernelILi58ELi8ELi20EEv14CUtensorMap_stS0_S0_PK13__nv_bfloat16PS1_PmS5_S5_S5_S5_' for 'sm_100a'
ptxas info    : Function properties for _Z14fc2_w3x_kernelILi58ELi8ELi20EEv14CUtensorMap_stS0_S0_PK13__nv_bfloat16PS1_PmS5_S5_S5_S5_
    0 bytes stack frame, 0 bytes spill stores, 0 bytes spill loads
ptxas info    : Used 70 registers, used 1 barriers
ptxas info    : Compile time = 74.228 ms
ptxas info    : Compiling entry function '_Z14fc2_w3x_kernelILi57ELi8ELi20EEv14CUtensorMap_stS0_S0_PK13__nv_bfloat16PS1_PmS5_S5_S5_S5_' for 'sm_100a'
ptxas info    : Function properties for _Z14fc2_w3x_kernelILi57ELi8ELi20EEv14CUtensorMap_stS0_S0_PK13__nv_bfloat16PS1_PmS5_S5_S5_S5_
    0 bytes stack frame, 0 bytes spill stores, 0 bytes spill loads
ptxas info    : Used 70 registers, used 1 barriers
ptxas info    : Compile time = 73.772 ms
ptxas info    : Compiling entry function '_Z14fc2_w3x_kernelILi56ELi8ELi20EEv14CUtensorMap_stS0_S0_PK13__nv_bfloat16PS1_PmS5_S5_S5_S5_' for 'sm_100a'
ptxas info    : Function properties for _Z14fc2_w3x_kernelILi56ELi8ELi20EEv14CUtensorMap_stS0_S0_PK13__nv_bfloat16PS1_PmS5_S5_S5_S5_
    0 bytes stack frame, 0 bytes spill stores, 0 bytes spill loads
ptxas info    : Used 70 registers, used 1 barriers
ptxas info    : Compile time = 74.371 ms
ptxas info    : Compiling entry function '_Z14fc2_w3x_kernelILi55ELi8ELi20EEv14CUtensorMap_stS0_S0_PK13__nv_bfloat16PS1_PmS5_S5_S5_S5_' for 'sm_100a'
ptxas info    : Function properties for _Z14fc2_w3x_kernelILi55ELi8ELi20EEv14CUtensorMap_stS0_S0_PK13__nv_bfloat16PS1_PmS5_S5_S5_S5_
    0 bytes stack frame, 0 bytes spill stores, 0 bytes spill loads
ptxas info    : Used 70 registers, used 1 barriers
ptxas info    : Compile time = 73.515 ms
ptxas info    : Compiling entry function '_Z14fc2_w3x_kernelILi54ELi8ELi20EEv14CUtensorMap_stS0_S0_PK13__nv_bfloat16PS1_PmS5_S5_S5_S5_' for 'sm_100a'
ptxas info    : Function properties for _Z14fc2_w3x_kernelILi54ELi8ELi20EEv14CUtensorMap_stS0_S0_PK13__nv_bfloat16PS1_PmS5_S5_S5_S5_
    0 bytes stack frame, 0 bytes spill stores, 0 bytes spill loads
ptxas info    : Used 70 registers, used 1 barriers
ptxas info    : Compile time = 74.700 ms
ptxas info    : Compiling entry function '_Z14fc2_w3x_kernelILi53ELi8ELi20EEv14CUtensorMap_stS0_S0_PK13__nv_bfloat16PS1_PmS5_S5_S5_S5_' for 'sm_100a'
ptxas info    : Function properties for _Z14fc2_w3x_kernelILi53ELi8ELi20EEv14CUtensorMap_stS0_S0_PK13__nv_bfloat16PS1_PmS5_S5_S5_S5_
    0 bytes stack frame, 0 bytes spill stores, 0 bytes spill loads
ptxas info    : Used 70 registers, used 1 barriers
ptxas info    : Compile time = 74.931 ms
ptxas info    : Compiling entry function '_Z14fc2_w3x_kernelILi52ELi8ELi20EEv14CUtensorMap_stS0_S0_PK13__nv_bfloat16PS1_PmS5_S5_S5_S5_' for 'sm_100a'
ptxas info    : Function properties for _Z14fc2_w3x_kernelILi52ELi8ELi20EEv14CUtensorMap_stS0_S0_PK13__nv_bfloat16PS1_PmS5_S5_S5_S5_
    0 bytes stack frame, 0 bytes spill stores, 0 bytes spill loads
ptxas info    : Used 70 registers, used 1 barriers
ptxas info    : Compile time = 73.559 ms
ptxas info    : Compiling entry function '_Z14fc2_w3x_kernelILi51ELi8ELi20EEv14CUtensorMap_stS0_S0_PK13__nv_bfloat16PS1_PmS5_S5_S5_S5_' for 'sm_100a'
ptxas info    : Function properties for _Z14fc2_w3x_kernelILi51ELi8ELi20EEv14CUtensorMap_stS0_S0_PK13__nv_bfloat16PS1_PmS5_S5_S5_S5_
    0 bytes stack frame, 0 bytes spill stores, 0 bytes spill loads
ptxas info    : Used 70 registers, used 1 barriers
ptxas info    : Compile time = 73.418 ms
ptxas info    : Compiling entry function '_Z14fc2_w3x_kernelILi50ELi8ELi20EEv14CUtensorMap_stS0_S0_PK13__nv_bfloat16PS1_PmS5_S5_S5_S5_' for 'sm_100a'
ptxas info    : Function properties for _Z14fc2_w3x_kernelILi50ELi8ELi20EEv14CUtensorMap_stS0_S0_PK13__nv_bfloat16PS1_PmS5_S5_S5_S5_
    0 bytes stack frame, 0 bytes spill stores, 0 bytes spill loads
ptxas info    : Used 70 registers, used 1 barriers
ptxas info    : Compile time = 72.284 ms
ptxas info    : Compiling entry function '_Z14fc2_w3x_kernelILi49ELi8ELi20EEv14CUtensorMap_stS0_S0_PK13__nv_bfloat16PS1_PmS5_S5_S5_S5_' for 'sm_100a'
ptxas info    : Function properties for _Z14fc2_w3x_kernelILi49ELi8ELi20EEv14CUtensorMap_stS0_S0_PK13__nv_bfloat16PS1_PmS5_S5_S5_S5_
    0 bytes stack frame, 0 bytes spill stores, 0 bytes spill loads
ptxas info    : Used 70 registers, used 1 barriers
ptxas info    : Compile time = 72.437 ms
ptxas info    : Compiling entry function '_Z14fc2_w3x_kernelILi19ELi16ELi20EEv14CUtensorMap_stS0_S0_PK13__nv_bfloat16PS1_PmS5_S5_S5_S5_' for 'sm_100a'
ptxas info    : Function properties for _Z14fc2_w3x_kernelILi19ELi16ELi20EEv14CUtensorMap_stS0_S0_PK13__nv_bfloat16PS1_PmS5_S5_S5_S5_
    0 bytes stack frame, 0 bytes spill stores, 0 bytes spill loads
ptxas info    : Used 70 registers, used 1 barriers
ptxas info    : Compile time = 72.628 ms
ptxas info    : Compiling entry function '_Z14fc2_w3x_kernelILi19ELi4ELi20EEv14CUtensorMap_stS0_S0_PK13__nv_bfloat16PS1_PmS5_S5_S5_S5_' for 'sm_100a'
ptxas info    : Function properties for _Z14fc2_w3x_kernelILi19ELi4ELi20EEv14CUtensorMap_stS0_S0_PK13__nv_bfloat16PS1_PmS5_S5_S5_S5_
    0 bytes stack frame, 0 bytes spill stores, 0 bytes spill loads
ptxas info    : Used 70 registers, used 1 barriers
ptxas info    : Compile time = 72.102 ms
ptxas info    : Compiling entry function '_Z14fc2_w3x_kernelILi48ELi8ELi20EEv14CUtensorMap_stS0_S0_PK13__nv_bfloat16PS1_PmS5_S5_S5_S5_' for 'sm_100a'
ptxas info    : Function properties for _Z14fc2_w3x_kernelILi48ELi8ELi20EEv14CUtensorMap_stS0_S0_PK13__nv_bfloat16PS1_PmS5_S5_S5_S5_
    0 bytes stack frame, 0 bytes spill stores, 0 bytes spill loads
ptxas info    : Used 70 registers, used 1 barriers
ptxas info    : Compile time = 73.285 ms
ptxas info    : Compiling entry function '_Z14fc2_w3x_kernelILi47ELi8ELi20EEv14CUtensorMap_stS0_S0_PK13__nv_bfloat16PS1_PmS5_S5_S5_S5_' for 'sm_100a'
ptxas info    : Function properties for _Z14fc2_w3x_kernelILi47ELi8ELi20EEv14CUtensorMap_stS0_S0_PK13__nv_bfloat16PS1_PmS5_S5_S5_S5_
    0 bytes stack frame, 0 bytes spill stores, 0 bytes spill loads
ptxas info    : Used 70 registers, used 1 barriers
ptxas info    : Compile time = 71.955 ms
ptxas info    : Compiling entry function '_Z14fc2_w3x_kernelILi46ELi8ELi20EEv14CUtensorMap_stS0_S0_PK13__nv_bfloat16PS1_PmS5_S5_S5_S5_' for 'sm_100a'
ptxas info    : Function properties for _Z14fc2_w3x_kernelILi46ELi8ELi20EEv14CUtensorMap_stS0_S0_PK13__nv_bfloat16PS1_PmS5_S5_S5_S5_
    0 bytes stack frame, 0 bytes spill stores, 0 bytes spill loads
ptxas info    : Used 70 registers, used 1 barriers
ptxas info    : Compile time = 71.827 ms
ptxas info    : Compiling entry function '_Z14fc2_w3x_kernelILi45ELi8ELi20EEv14CUtensorMap_stS0_S0_PK13__nv_bfloat16PS1_PmS5_S5_S5_S5_' for 'sm_100a'
ptxas info    : Function properties for _Z14fc2_w3x_kernelILi45ELi8ELi20EEv14CUtensorMap_stS0_S0_PK13__nv_bfloat16PS1_PmS5_S5_S5_S5_
    0 bytes stack frame, 0 bytes spill stores, 0 bytes spill loads
ptxas info    : Used 70 registers, used 1 barriers
ptxas info    : Compile time = 73.102 ms
ptxas info    : Compiling entry function '_Z14fc2_w3x_kernelILi44ELi8ELi20EEv14CUtensorMap_stS0_S0_PK13__nv_bfloat16PS1_PmS5_S5_S5_S5_' for 'sm_100a'
ptxas info    : Function properties for _Z14fc2_w3x_kernelILi44ELi8ELi20EEv14CUtensorMap_stS0_S0_PK13__nv_bfloat16PS1_PmS5_S5_S5_S5_
    0 bytes stack frame, 0 bytes spill stores, 0 bytes spill loads
ptxas info    : Used 70 registers, used 1 barriers
ptxas info    : Compile time = 73.154 ms
ptxas info    : Compiling entry function '_Z14fc2_w3x_kernelILi43ELi8ELi20EEv14CUtensorMap_stS0_S0_PK13__nv_bfloat16PS1_PmS5_S5_S5_S5_' for 'sm_100a'
ptxas info    : Function properties for _Z14fc2_w3x_kernelILi43ELi8ELi20EEv14CUtensorMap_stS0_S0_PK13__nv_bfloat16PS1_PmS5_S5_S5_S5_
    0 bytes stack frame, 0 bytes spill stores, 0 bytes spill loads
ptxas info    : Used 70 registers, used 1 barriers
ptxas info    : Compile time = 73.446 ms
ptxas info    : Compiling entry function '_Z14fc2_w3x_kernelILi41ELi8ELi20EEv14CUtensorMap_stS0_S0_PK13__nv_bfloat16PS1_PmS5_S5_S5_S5_' for 'sm_100a'
ptxas info    : Function properties for _Z14fc2_w3x_kernelILi41ELi8ELi20EEv14CUtensorMap_stS0_S0_PK13__nv_bfloat16PS1_PmS5_S5_S5_S5_
    0 bytes stack frame, 0 bytes spill stores, 0 bytes spill loads
ptxas info    : Used 70 registers, used 1 barriers
ptxas info    : Compile time = 71.129 ms
ptxas info    : Compiling entry function '_Z14fc2_w3x_kernelILi40ELi8ELi20EEv14CUtensorMap_stS0_S0_PK13__nv_bfloat16PS1_PmS5_S5_S5_S5_' for 'sm_100a'
ptxas info    : Function properties for _Z14fc2_w3x_kernelILi40ELi8ELi20EEv14CUtensorMap_stS0_S0_PK13__nv_bfloat16PS1_PmS5_S5_S5_S5_
    0 bytes stack frame, 0 bytes spill stores, 0 bytes spill loads
ptxas info    : Used 70 registers, used 1 barriers
ptxas info    : Compile time = 71.342 ms
ptxas info    : Compiling entry function '_Z14fc2_w3x_kernelILi39ELi8ELi20EEv14CUtensorMap_stS0_S0_PK13__nv_bfloat16PS1_PmS5_S5_S5_S5_' for 'sm_100a'
ptxas info    : Function properties for _Z14fc2_w3x_kernelILi39ELi8ELi20EEv14CUtensorMap_stS0_S0_PK13__nv_bfloat16PS1_PmS5_S5_S5_S5_
    0 bytes stack frame, 0 bytes spill stores, 0 bytes spill loads
ptxas info    : Used 70 registers, used 1 barriers
ptxas info    : Compile time = 73.389 ms
ptxas info    : Compiling entry function '_Z14fc2_w3x_kernelILi38ELi8ELi20EEv14CUtensorMap_stS0_S0_PK13__nv_bfloat16PS1_PmS5_S5_S5_S5_' for 'sm_100a'
ptxas info    : Function properties for _Z14fc2_w3x_kernelILi38ELi8ELi20EEv14CUtensorMap_stS0_S0_PK13__nv_bfloat16PS1_PmS5_S5_S5_S5_
    0 bytes stack frame, 0 bytes spill stores, 0 bytes spill loads
ptxas info    : Used 70 registers, used 1 barriers
ptxas info    : Compile time = 72.637 ms
ptxas info    : Compiling entry function '_Z14fc2_w3x_kernelILi36ELi4ELi20EEv14CUtensorMap_stS0_S0_PK13__nv_bfloat16PS1_PmS5_S5_S5_S5_' for 'sm_100a'
ptxas info    : Function properties for _Z14fc2_w3x_kernelILi36ELi4ELi20EEv14CUtensorMap_stS0_S0_PK13__nv_bfloat16PS1_PmS5_S5_S5_S5_
    0 bytes stack frame, 0 bytes spill stores, 0 bytes spill loads
ptxas info    : Used 70 registers, used 1 barriers
ptxas info    : Compile time = 72.252 ms
ptxas info    : Compiling entry function '_Z14fc2_w3x_kernelILi35ELi4ELi20EEv14CUtensorMap_stS0_S0_PK13__nv_bfloat16PS1_PmS5_S5_S5_S5_' for 'sm_100a'
ptxas info    : Function properties for _Z14fc2_w3x_kernelILi35ELi4ELi20EEv14CUtensorMap_stS0_S0_PK13__nv_bfloat16PS1_PmS5_S5_S5_S5_
    0 bytes stack frame, 0 bytes spill stores, 0 bytes spill loads
ptxas info    : Used 70 registers, used 1 barriers
ptxas info    : Compile time = 74.551 ms
ptxas info    : Compiling entry function '_Z14fc2_w3x_kernelILi34ELi8ELi20EEv14CUtensorMap_stS0_S0_PK13__nv_bfloat16PS1_PmS5_S5_S5_S5_' for 'sm_100a'
ptxas info    : Function properties for _Z14fc2_w3x_kernelILi34ELi8ELi20EEv14CUtensorMap_stS0_S0_PK13__nv_bfloat16PS1_PmS5_S5_S5_S5_
    0 bytes stack frame, 0 bytes spill stores, 0 bytes spill loads
ptxas info    : Used 70 registers, used 1 barriers
ptxas info    : Compile time = 73.701 ms
ptxas info    : Compiling entry function '_Z14fc2_w3x_kernelILi33ELi8ELi20EEv14CUtensorMap_stS0_S0_PK13__nv_bfloat16PS1_PmS5_S5_S5_S5_' for 'sm_100a'
ptxas info    : Function properties for _Z14fc2_w3x_kernelILi33ELi8ELi20EEv14CUtensorMap_stS0_S0_PK13__nv_bfloat16PS1_PmS5_S5_S5_S5_
    0 bytes stack frame, 0 bytes spill stores, 0 bytes spill loads
ptxas info    : Used 70 registers, used 1 barriers
ptxas info    : Compile time = 73.735 ms
ptxas info    : Compiling entry function '_Z14fc2_w3x_kernelILi19ELi8ELi20EEv14CUtensorMap_stS0_S0_PK13__nv_bfloat16PS1_PmS5_S5_S5_S5_' for 'sm_100a'
ptxas info    : Function properties for _Z14fc2_w3x_kernelILi19ELi8ELi20EEv14CUtensorMap_stS0_S0_PK13__nv_bfloat16PS1_PmS5_S5_S5_S5_
    0 bytes stack frame, 0 bytes spill stores, 0 bytes spill loads
ptxas info    : Used 70 registers, used 1 barriers
ptxas info    : Compile time = 73.671 ms
ptxas info    : Compiling entry function '_Z14fc2_w3x_kernelILi18ELi8ELi20EEv14CUtensorMap_stS0_S0_PK13__nv_bfloat16PS1_PmS5_S5_S5_S5_' for 'sm_100a'
ptxas info    : Function properties for _Z14fc2_w3x_kernelILi18ELi8ELi20EEv14CUtensorMap_stS0_S0_PK13__nv_bfloat16PS1_PmS5_S5_S5_S5_
    0 bytes stack frame, 0 bytes spill stores, 0 bytes spill loads
ptxas info    : Used 70 registers, used 1 barriers
ptxas info    : Compile time = 73.837 ms
ptxas info    : Compiling entry function '_Z14fc2_w3x_kernelILi13ELi8ELi20EEv14CUtensorMap_stS0_S0_PK13__nv_bfloat16PS1_PmS5_S5_S5_S5_' for 'sm_100a'
ptxas info    : Function properties for _Z14fc2_w3x_kernelILi13ELi8ELi20EEv14CUtensorMap_stS0_S0_PK13__nv_bfloat16PS1_PmS5_S5_S5_S5_
    0 bytes stack frame, 0 bytes spill stores, 0 bytes spill loads
ptxas info    : Used 70 registers, used 1 barriers
ptxas info    : Compile time = 70.170 ms
ptxas info    : Compiling entry function '_Z14fc2_w3x_kernelILi11ELi8ELi20EEv14CUtensorMap_stS0_S0_PK13__nv_bfloat16PS1_PmS5_S5_S5_S5_' for 'sm_100a'
ptxas info    : Function properties for _Z14fc2_w3x_kernelILi11ELi8ELi20EEv14CUtensorMap_stS0_S0_PK13__nv_bfloat16PS1_PmS5_S5_S5_S5_
    0 bytes stack frame, 0 bytes spill stores, 0 bytes spill loads
ptxas info    : Used 70 registers, used 1 barriers
ptxas info    : Compile time = 70.827 ms
ptxas info    : Compiling entry function '_Z14fc2_w3x_kernelILi0ELi32ELi20EEv14CUtensorMap_stS0_S0_PK13__nv_bfloat16PS1_PmS5_S5_S5_S5_' for 'sm_100a'
ptxas info    : Function properties for _Z14fc2_w3x_kernelILi0ELi32ELi20EEv14CUtensorMap_stS0_S0_PK13__nv_bfloat16PS1_PmS5_S5_S5_S5_
    0 bytes stack frame, 0 bytes spill stores, 0 bytes spill loads
ptxas info    : Used 70 registers, used 1 barriers
ptxas info    : Compile time = 72.524 ms
ptxas info    : Compiling entry function '_Z14fc2_w3x_kernelILi0ELi16ELi20EEv14CUtensorMap_stS0_S0_PK13__nv_bfloat16PS1_PmS5_S5_S5_S5_' for 'sm_100a'
ptxas info    : Function properties for _Z14fc2_w3x_kernelILi0ELi16ELi20EEv14CUtensorMap_stS0_S0_PK13__nv_bfloat16PS1_PmS5_S5_S5_S5_
    0 bytes stack frame, 0 bytes spill stores, 0 bytes spill loads
ptxas info    : Used 70 registers, used 1 barriers
ptxas info    : Compile time = 72.893 ms
ptxas info    : Compiling entry function '_Z14fc2_w3x_kernelILi0ELi4ELi20EEv14CUtensorMap_stS0_S0_PK13__nv_bfloat16PS1_PmS5_S5_S5_S5_' for 'sm_100a'
ptxas info    : Function properties for _Z14fc2_w3x_kernelILi0ELi4ELi20EEv14CUtensorMap_stS0_S0_PK13__nv_bfloat16PS1_PmS5_S5_S5_S5_
    0 bytes stack frame, 0 bytes spill stores, 0 bytes spill loads
ptxas info    : Used 70 registers, used 1 barriers
ptxas info    : Compile time = 73.183 ms
ptxas info    : Compiling entry function '_Z14fc2_w3x_kernelILi0ELi2ELi20EEv14CUtensorMap_stS0_S0_PK13__nv_bfloat16PS1_PmS5_S5_S5_S5_' for 'sm_100a'
ptxas info    : Function properties for _Z14fc2_w3x_kernelILi0ELi2ELi20EEv14CUtensorMap_stS0_S0_PK13__nv_bfloat16PS1_PmS5_S5_S5_S5_
    0 bytes stack frame, 0 bytes spill stores, 0 bytes spill loads
ptxas info    : Used 70 registers, used 1 barriers
ptxas info    : Compile time = 70.682 ms
ptxas info    : Compiling entry function '_Z14fc2_w3x_kernelILi0ELi8ELi20EEv14CUtensorMap_stS0_S0_PK13__nv_bfloat16PS1_PmS5_S5_S5_S5_' for 'sm_100a'
ptxas info    : Function properties for _Z14fc2_w3x_kernelILi0ELi8ELi20EEv14CUtensorMap_stS0_S0_PK13__nv_bfloat16PS1_PmS5_S5_S5_S5_
    0 bytes stack frame, 0 bytes spill stores, 0 bytes spill loads
ptxas info    : Used 70 registers, used 1 barriers
ptxas info    : Compile time = 73.448 ms
--- rep 1/3 ec=0
FC2 W3X kernel — 6-warp bias-only rank-1-shaped persistent
  [928256,4096] x [2048,4096]^T  NS=5  THREADS=192  SMEM=186112 B  (cap 228KB)
  Alloc + init + pack done
  TMA + func attr done (SMEM=186112 B)  variant=default TD=0 DGG=8
Warmup (2 iters)...
Timing 1 reps × 10 iters/rep × 1 variant ...
@@SAMPLE rep=1 ms=3.65820 cyc=6740674 cyc_min=6695125 cyc_p50=6714563 cyc_p95=6737715 cyc_max=6740674
@@STATS reps=1 mean=3.65820 std=0.00000 min=3.65820 p25=3.65820 p50=3.65820 p75=3.65820 max=3.65820 iqr=0.00000
FC2-W3X kernel: 3.658 ms  4257.16 TFLOPS
PASS  errors=0/32
@@RESULT ms=3.6582 tflops=4257.16 checksum=0.000000 valid=1 c0=6144.0
--- rep 2/3 ec=0
FC2 W3X kernel — 6-warp bias-only rank-1-shaped persistent
  [928256,4096] x [2048,4096]^T  NS=5  THREADS=192  SMEM=186112 B  (cap 228KB)
  Alloc + init + pack done
  TMA + func attr done (SMEM=186112 B)  variant=default TD=0 DGG=8
Warmup (2 iters)...
Timing 1 reps × 10 iters/rep × 1 variant ...
@@SAMPLE rep=1 ms=3.65848 cyc=6739728 cyc_min=6695602 cyc_p50=6715348 cyc_p95=6738771 cyc_max=6739728
@@STATS reps=1 mean=3.65848 std=0.00000 min=3.65848 p25=3.65848 p50=3.65848 p75=3.65848 max=3.65848 iqr=0.00000
FC2-W3X kernel: 3.658 ms  4256.84 TFLOPS
PASS  errors=0/32
@@RESULT ms=3.6585 tflops=4256.84 checksum=0.000000 valid=1 c0=6144.0
--- rep 3/3 ec=0
FC2 W3X kernel — 6-warp bias-only rank-1-shaped persistent
  [928256,4096] x [2048,4096]^T  NS=5  THREADS=192  SMEM=186112 B  (cap 228KB)
  Alloc + init + pack done
  TMA + func attr done (SMEM=186112 B)  variant=default TD=0 DGG=8
Warmup (2 iters)...
Timing 1 reps × 10 iters/rep × 1 variant ...
@@SAMPLE rep=1 ms=3.65882 cyc=6741608 cyc_min=6696737 cyc_p50=6715746 cyc_p95=6738815 cyc_max=6741608
@@STATS reps=1 mean=3.65882 std=0.00000 min=3.65882 p25=3.65882 p50=3.65882 p75=3.65882 max=3.65882 iqr=0.00000
FC2-W3X kernel: 3.659 ms  4256.44 TFLOPS
PASS  errors=0/32
@@RESULT ms=3.6588 tflops=4256.44 checksum=0.000000 valid=1 c0=6144.0
--- cublas epi=3 rep 1/1 ec=0
### CUBLASLT INTROSPECT M=928256 N=2048 K=4096 epi=bias_only
### Heuristics returned: 8

# TSV
rank	heur	ms	cyc	algoId	tile	stages	cluster	inner	splitk	redux	swizzle	custom	waves	ws_MB
1	0	3.5140	6483970	66	23	36	3	-1	1	0	0	1	392.00	0.0
2	3	3.5499	6550066	66	32	36	3	-1	1	0	0	1	522.70	0.0
3	5	3.7243	6871724	66	29	36	3	-1	1	0	0	1	627.24	0.0
4	4	3.9328	7256475	66	201	36	5	-1	1	0	0	2	588.00	0.0
5	7	3.9668	7317572	66	232	36	3	-1	1	0	0	1	261.35	0.0
6	2	4.1330	7624479	66	513	36	3	-1	1	0	0	1	196.00	0.0
7	1	4.1687	7690838	66	24	36	5	-1	1	0	0	3	392.00	0.0
8	6	4.9287	9093286	66	495	36	5	-1	1	0	0	3	522.70	0.0

# Top-3 caps:

## rank=1  algoId=66  tile=23  stages=36  cluster=3  inner=-1  ms=3.5140
    CUBLASLT_ALGO_CAP_REDUCTION_SCHEME_MASK      = 2
    CUBLASLT_ALGO_CAP_CTA_SWIZZLING_SUPPORT      = 0
    CUBLASLT_ALGO_CAP_STRIDED_BATCH_SUPPORT      = 1
    CUBLASLT_ALGO_CAP_OUT_OF_PLACE_RESULT_SUPPORT = 1
    CUBLASLT_ALGO_CAP_CUSTOM_OPTION_MAX          = 7
    CUBLASLT_ALGO_CAP_POINTER_MODE_MASK          = 3
    CUBLASLT_ALGO_CAP_EPILOGUE_MASK              = 1023
    CUBLASLT_ALGO_CAP_TILE_IDS                   = --  (status=7 wrote=0)
    CUBLASLT_ALGO_CAP_STAGES_IDS                 = [36] (n=1, elem=4B)
    CUBLASLT_ALGO_CONFIG_CLUSTER_SHAPE_ID sz=2 → status=0 wrote=2 val=3

## rank=2  algoId=66  tile=32  stages=36  cluster=3  inner=-1  ms=3.5499
    CUBLASLT_ALGO_CAP_REDUCTION_SCHEME_MASK      = 2
    CUBLASLT_ALGO_CAP_CTA_SWIZZLING_SUPPORT      = 0
    CUBLASLT_ALGO_CAP_STRIDED_BATCH_SUPPORT      = 1
    CUBLASLT_ALGO_CAP_OUT_OF_PLACE_RESULT_SUPPORT = 1
    CUBLASLT_ALGO_CAP_CUSTOM_OPTION_MAX          = 7
    CUBLASLT_ALGO_CAP_POINTER_MODE_MASK          = 3
    CUBLASLT_ALGO_CAP_EPILOGUE_MASK              = 1023
    CUBLASLT_ALGO_CAP_TILE_IDS                   = --  (status=7 wrote=0)
    CUBLASLT_ALGO_CAP_STAGES_IDS                 = [36] (n=1, elem=4B)
    CUBLASLT_ALGO_CONFIG_CLUSTER_SHAPE_ID sz=2 → status=0 wrote=2 val=3

## rank=3  algoId=66  tile=29  stages=36  cluster=3  inner=-1  ms=3.7243
    CUBLASLT_ALGO_CAP_REDUCTION_SCHEME_MASK      = 2
    CUBLASLT_ALGO_CAP_CTA_SWIZZLING_SUPPORT      = 0
    CUBLASLT_ALGO_CAP_STRIDED_BATCH_SUPPORT      = 1
    CUBLASLT_ALGO_CAP_OUT_OF_PLACE_RESULT_SUPPORT = 1
    CUBLASLT_ALGO_CAP_CUSTOM_OPTION_MAX          = 7
    CUBLASLT_ALGO_CAP_POINTER_MODE_MASK          = 3
    CUBLASLT_ALGO_CAP_EPILOGUE_MASK              = 1023
    CUBLASLT_ALGO_CAP_TILE_IDS                   = --  (status=7 wrote=0)
    CUBLASLT_ALGO_CAP_STAGES_IDS                 = [36] (n=1, elem=4B)
    CUBLASLT_ALGO_CONFIG_CLUSTER_SHAPE_ID sz=2 → status=0 wrote=2 val=3

# Winner:  rank=1  tile=23  stages=36  cluster=3  inner=-1  splitk=1  swizzle=0  ms=3.5140  cyc=6483970

@@RESULT ms=3.5140 cyc=6483970 tflops=4431.82 checksum=0.000000 valid=1 c0=0.0
--- cublas epi=0 rep 1/1 ec=0
### CUBLASLT INTROSPECT M=928256 N=2048 K=4096 epi=none
### Heuristics returned: 8

# TSV
rank	heur	ms	cyc	algoId	tile	stages	cluster	inner	splitk	redux	swizzle	custom	waves	ws_MB
1	0	3.5157	6487072	66	23	36	3	-1	1	0	0	1	392.00	0.0
2	3	3.5429	6537199	66	32	36	3	-1	1	0	0	1	522.70	0.0
3	5	3.7143	6853607	66	29	36	3	-1	1	0	0	1	627.24	0.0
4	7	3.9058	7205477	66	232	36	3	-1	1	0	0	1	261.35	0.0
5	4	3.9247	7241558	66	201	36	5	-1	1	0	0	2	588.00	0.0
6	2	3.9994	7377905	66	513	36	3	-1	1	0	0	1	196.00	0.0
7	1	4.1449	7647374	66	24	36	5	-1	1	0	0	3	392.00	0.0
8	6	4.8964	9033524	66	495	36	5	-1	1	0	0	3	522.70	0.0

# Top-3 caps:

## rank=1  algoId=66  tile=23  stages=36  cluster=3  inner=-1  ms=3.5157
    CUBLASLT_ALGO_CAP_REDUCTION_SCHEME_MASK      = 2
    CUBLASLT_ALGO_CAP_CTA_SWIZZLING_SUPPORT      = 0
    CUBLASLT_ALGO_CAP_STRIDED_BATCH_SUPPORT      = 1
    CUBLASLT_ALGO_CAP_OUT_OF_PLACE_RESULT_SUPPORT = 1
    CUBLASLT_ALGO_CAP_CUSTOM_OPTION_MAX          = 7
    CUBLASLT_ALGO_CAP_POINTER_MODE_MASK          = 3
    CUBLASLT_ALGO_CAP_EPILOGUE_MASK              = 1023
    CUBLASLT_ALGO_CAP_TILE_IDS                   = --  (status=7 wrote=0)
    CUBLASLT_ALGO_CAP_STAGES_IDS                 = [36] (n=1, elem=4B)
    CUBLASLT_ALGO_CONFIG_CLUSTER_SHAPE_ID sz=2 → status=0 wrote=2 val=3

## rank=2  algoId=66  tile=32  stages=36  cluster=3  inner=-1  ms=3.5429
    CUBLASLT_ALGO_CAP_REDUCTION_SCHEME_MASK      = 2
    CUBLASLT_ALGO_CAP_CTA_SWIZZLING_SUPPORT      = 0
    CUBLASLT_ALGO_CAP_STRIDED_BATCH_SUPPORT      = 1
    CUBLASLT_ALGO_CAP_OUT_OF_PLACE_RESULT_SUPPORT = 1
    CUBLASLT_ALGO_CAP_CUSTOM_OPTION_MAX          = 7
    CUBLASLT_ALGO_CAP_POINTER_MODE_MASK          = 3
    CUBLASLT_ALGO_CAP_EPILOGUE_MASK              = 1023
    CUBLASLT_ALGO_CAP_TILE_IDS                   = --  (status=7 wrote=0)
    CUBLASLT_ALGO_CAP_STAGES_IDS                 = [36] (n=1, elem=4B)
    CUBLASLT_ALGO_CONFIG_CLUSTER_SHAPE_ID sz=2 → status=0 wrote=2 val=3

## rank=3  algoId=66  tile=29  stages=36  cluster=3  inner=-1  ms=3.7143
    CUBLASLT_ALGO_CAP_REDUCTION_SCHEME_MASK      = 2
    CUBLASLT_ALGO_CAP_CTA_SWIZZLING_SUPPORT      = 0
    CUBLASLT_ALGO_CAP_STRIDED_BATCH_SUPPORT      = 1
    CUBLASLT_ALGO_CAP_OUT_OF_PLACE_RESULT_SUPPORT = 1
    CUBLASLT_ALGO_CAP_CUSTOM_OPTION_MAX          = 7
    CUBLASLT_ALGO_CAP_POINTER_MODE_MASK          = 3
    CUBLASLT_ALGO_CAP_EPILOGUE_MASK              = 1023
    CUBLASLT_ALGO_CAP_TILE_IDS                   = --  (status=7 wrote=0)
    CUBLASLT_ALGO_CAP_STAGES_IDS                 = [36] (n=1, elem=4B)
    CUBLASLT_ALGO_CONFIG_CLUSTER_SHAPE_ID sz=2 → status=0 wrote=2 val=3

# Winner:  rank=1  tile=23  stages=36  cluster=3  inner=-1  splitk=1  swizzle=0  ms=3.5157  cyc=6487072

@@RESULT ms=3.5157 cyc=6487072 tflops=4429.75 checksum=0.000000 valid=1 c0=0.0

[build] N=2048 K=8192 M=928256 flags=['-DM_TOTAL=928256', '-DN_DIM=2048', '-DK_DIM=8192']
$ make -B fc2-w3x DFLAGS=-DM_TOTAL=928256 -DN_DIM=2048 -DK_DIM=8192
nvcc -gencode arch=compute_100a,code=sm_100a -O3 -std=c++17 -lineinfo --ptxas-options=-v --cudart=static -DM_TOTAL=928256 -DN_DIM=2048 -DK_DIM=8192 fc2_w3x.cu -o fc2-w3x -lcurand_static -lculibos -lcuda
fc2_w3x.cu(1511): warning #177-D: function "mbar_arrive" was declared but never referenced
  void mbar_arrive(uint32_t addr) {
       ^

Remark: The warnings can be suppressed with "-diag-suppress <warning-number>"

ptxas info    : 0 bytes gmem
ptxas info    : Compiling entry function '_Z14fc2_w3x_kernelILi54ELi8ELi64EEv14CUtensorMap_stS0_S0_PK13__nv_bfloat16PS1_PmS5_S5_S5_S5_' for 'sm_100a'
ptxas info    : Function properties for _Z14fc2_w3x_kernelILi54ELi8ELi64EEv14CUtensorMap_stS0_S0_PK13__nv_bfloat16PS1_PmS5_S5_S5_S5_
    0 bytes stack frame, 0 bytes spill stores, 0 bytes spill loads
ptxas info    : Used 70 registers, used 1 barriers
ptxas info    : Compile time = 146.748 ms
ptxas info    : Compiling entry function '_Z14fc2_w3x_kernelILi54ELi8ELi48EEv14CUtensorMap_stS0_S0_PK13__nv_bfloat16PS1_PmS5_S5_S5_S5_' for 'sm_100a'
ptxas info    : Function properties for _Z14fc2_w3x_kernelILi54ELi8ELi48EEv14CUtensorMap_stS0_S0_PK13__nv_bfloat16PS1_PmS5_S5_S5_S5_
    0 bytes stack frame, 0 bytes spill stores, 0 bytes spill loads
ptxas info    : Used 70 registers, used 1 barriers
ptxas info    : Compile time = 141.314 ms
ptxas info    : Compiling entry function '_Z14fc2_w3x_kernelILi54ELi8ELi32EEv14CUtensorMap_stS0_S0_PK13__nv_bfloat16PS1_PmS5_S5_S5_S5_' for 'sm_100a'
ptxas info    : Function properties for _Z14fc2_w3x_kernelILi54ELi8ELi32EEv14CUtensorMap_stS0_S0_PK13__nv_bfloat16PS1_PmS5_S5_S5_S5_
    0 bytes stack frame, 0 bytes spill stores, 0 bytes spill loads
ptxas info    : Used 70 registers, used 1 barriers
ptxas info    : Compile time = 141.099 ms
ptxas info    : Compiling entry function '_Z14fc2_w3x_kernelILi54ELi8ELi24EEv14CUtensorMap_stS0_S0_PK13__nv_bfloat16PS1_PmS5_S5_S5_S5_' for 'sm_100a'
ptxas info    : Function properties for _Z14fc2_w3x_kernelILi54ELi8ELi24EEv14CUtensorMap_stS0_S0_PK13__nv_bfloat16PS1_PmS5_S5_S5_S5_
    0 bytes stack frame, 0 bytes spill stores, 0 bytes spill loads
ptxas info    : Used 70 registers, used 1 barriers
ptxas info    : Compile time = 137.527 ms
ptxas info    : Compiling entry function '_Z14fc2_w3x_kernelILi54ELi8ELi16EEv14CUtensorMap_stS0_S0_PK13__nv_bfloat16PS1_PmS5_S5_S5_S5_' for 'sm_100a'
ptxas info    : Function properties for _Z14fc2_w3x_kernelILi54ELi8ELi16EEv14CUtensorMap_stS0_S0_PK13__nv_bfloat16PS1_PmS5_S5_S5_S5_
    0 bytes stack frame, 0 bytes spill stores, 0 bytes spill loads
ptxas info    : Used 70 registers, used 1 barriers
ptxas info    : Compile time = 137.836 ms
ptxas info    : Compiling entry function '_Z14fc2_w3x_kernelILi54ELi8ELi12EEv14CUtensorMap_stS0_S0_PK13__nv_bfloat16PS1_PmS5_S5_S5_S5_' for 'sm_100a'
ptxas info    : Function properties for _Z14fc2_w3x_kernelILi54ELi8ELi12EEv14CUtensorMap_stS0_S0_PK13__nv_bfloat16PS1_PmS5_S5_S5_S5_
    0 bytes stack frame, 0 bytes spill stores, 0 bytes spill loads
ptxas info    : Used 70 registers, used 1 barriers
ptxas info    : Compile time = 138.196 ms
ptxas info    : Compiling entry function '_Z14fc2_w3x_kernelILi54ELi8ELi8EEv14CUtensorMap_stS0_S0_PK13__nv_bfloat16PS1_PmS5_S5_S5_S5_' for 'sm_100a'
ptxas info    : Function properties for _Z14fc2_w3x_kernelILi54ELi8ELi8EEv14CUtensorMap_stS0_S0_PK13__nv_bfloat16PS1_PmS5_S5_S5_S5_
    0 bytes stack frame, 0 bytes spill stores, 0 bytes spill loads
ptxas info    : Used 70 registers, used 1 barriers
ptxas info    : Compile time = 138.314 ms
ptxas info    : Compiling entry function '_Z14fc2_w3x_kernelILi54ELi8ELi4EEv14CUtensorMap_stS0_S0_PK13__nv_bfloat16PS1_PmS5_S5_S5_S5_' for 'sm_100a'
ptxas info    : Function properties for _Z14fc2_w3x_kernelILi54ELi8ELi4EEv14CUtensorMap_stS0_S0_PK13__nv_bfloat16PS1_PmS5_S5_S5_S5_
    0 bytes stack frame, 0 bytes spill stores, 0 bytes spill loads
ptxas info    : Used 70 registers, used 1 barriers
ptxas info    : Compile time = 137.792 ms
ptxas info    : Compiling entry function '_Z14fc2_w3x_kernelILi54ELi8ELi0EEv14CUtensorMap_stS0_S0_PK13__nv_bfloat16PS1_PmS5_S5_S5_S5_' for 'sm_100a'
ptxas info    : Function properties for _Z14fc2_w3x_kernelILi54ELi8ELi0EEv14CUtensorMap_stS0_S0_PK13__nv_bfloat16PS1_PmS5_S5_S5_S5_
    0 bytes stack frame, 0 bytes spill stores, 0 bytes spill loads
ptxas info    : Used 70 registers, used 1 barriers
ptxas info    : Compile time = 138.436 ms
ptxas info    : Compiling entry function '_Z14fc2_w3x_kernelILi99ELi8ELi20EEv14CUtensorMap_stS0_S0_PK13__nv_bfloat16PS1_PmS5_S5_S5_S5_' for 'sm_100a'
ptxas info    : Function properties for _Z14fc2_w3x_kernelILi99ELi8ELi20EEv14CUtensorMap_stS0_S0_PK13__nv_bfloat16PS1_PmS5_S5_S5_S5_
    0 bytes stack frame, 0 bytes spill stores, 0 bytes spill loads
ptxas info    : Used 70 registers, used 1 barriers
ptxas info    : Compile time = 138.226 ms
ptxas info    : Compiling entry function '_Z14fc2_w3x_kernelILi98ELi8ELi20EEv14CUtensorMap_stS0_S0_PK13__nv_bfloat16PS1_PmS5_S5_S5_S5_' for 'sm_100a'
ptxas info    : Function properties for _Z14fc2_w3x_kernelILi98ELi8ELi20EEv14CUtensorMap_stS0_S0_PK13__nv_bfloat16PS1_PmS5_S5_S5_S5_
    0 bytes stack frame, 0 bytes spill stores, 0 bytes spill loads
ptxas info    : Used 70 registers, used 1 barriers
ptxas info    : Compile time = 138.726 ms
ptxas info    : Compiling entry function '_Z14fc2_w3x_kernelILi97ELi8ELi20EEv14CUtensorMap_stS0_S0_PK13__nv_bfloat16PS1_PmS5_S5_S5_S5_' for 'sm_100a'
ptxas info    : Function properties for _Z14fc2_w3x_kernelILi97ELi8ELi20EEv14CUtensorMap_stS0_S0_PK13__nv_bfloat16PS1_PmS5_S5_S5_S5_
    0 bytes stack frame, 0 bytes spill stores, 0 bytes spill loads
ptxas info    : Used 70 registers, used 1 barriers
ptxas info    : Compile time = 138.367 ms
ptxas info    : Compiling entry function '_Z14fc2_w3x_kernelILi96ELi8ELi20EEv14CUtensorMap_stS0_S0_PK13__nv_bfloat16PS1_PmS5_S5_S5_S5_' for 'sm_100a'
ptxas info    : Function properties for _Z14fc2_w3x_kernelILi96ELi8ELi20EEv14CUtensorMap_stS0_S0_PK13__nv_bfloat16PS1_PmS5_S5_S5_S5_
    0 bytes stack frame, 0 bytes spill stores, 0 bytes spill loads
ptxas info    : Used 70 registers, used 1 barriers
ptxas info    : Compile time = 138.906 ms
ptxas info    : Compiling entry function '_Z14fc2_w3x_kernelILi95ELi8ELi20EEv14CUtensorMap_stS0_S0_PK13__nv_bfloat16PS1_PmS5_S5_S5_S5_' for 'sm_100a'
ptxas info    : Function properties for _Z14fc2_w3x_kernelILi95ELi8ELi20EEv14CUtensorMap_stS0_S0_PK13__nv_bfloat16PS1_PmS5_S5_S5_S5_
    0 bytes stack frame, 0 bytes spill stores, 0 bytes spill loads
ptxas info    : Used 70 registers, used 1 barriers
ptxas info    : Compile time = 138.451 ms
ptxas info    : Compiling entry function '_Z14fc2_w3x_kernelILi94ELi8ELi20EEv14CUtensorMap_stS0_S0_PK13__nv_bfloat16PS1_PmS5_S5_S5_S5_' for 'sm_100a'
ptxas info    : Function properties for _Z14fc2_w3x_kernelILi94ELi8ELi20EEv14CUtensorMap_stS0_S0_PK13__nv_bfloat16PS1_PmS5_S5_S5_S5_
    0 bytes stack frame, 0 bytes spill stores, 0 bytes spill loads
ptxas info    : Used 70 registers, used 1 barriers
ptxas info    : Compile time = 139.665 ms
ptxas info    : Compiling entry function '_Z14fc2_w3x_kernelILi93ELi8ELi20EEv14CUtensorMap_stS0_S0_PK13__nv_bfloat16PS1_PmS5_S5_S5_S5_' for 'sm_100a'
ptxas info    : Function properties for _Z14fc2_w3x_kernelILi93ELi8ELi20EEv14CUtensorMap_stS0_S0_PK13__nv_bfloat16PS1_PmS5_S5_S5_S5_
    0 bytes stack frame, 0 bytes spill stores, 0 bytes spill loads
ptxas info    : Used 70 registers, used 1 barriers
ptxas info    : Compile time = 138.717 ms
ptxas info    : Compiling entry function '_Z14fc2_w3x_kernelILi92ELi8ELi20EEv14CUtensorMap_stS0_S0_PK13__nv_bfloat16PS1_PmS5_S5_S5_S5_' for 'sm_100a'
ptxas info    : Function properties for _Z14fc2_w3x_kernelILi92ELi8ELi20EEv14CUtensorMap_stS0_S0_PK13__nv_bfloat16PS1_PmS5_S5_S5_S5_
    0 bytes stack frame, 0 bytes spill stores, 0 bytes spill loads
ptxas info    : Used 70 registers, used 1 barriers
ptxas info    : Compile time = 137.909 ms
ptxas info    : Compiling entry function '_Z14fc2_w3x_kernelILi91ELi8ELi20EEv14CUtensorMap_stS0_S0_PK13__nv_bfloat16PS1_PmS5_S5_S5_S5_' for 'sm_100a'
ptxas info    : Function properties for _Z14fc2_w3x_kernelILi91ELi8ELi20EEv14CUtensorMap_stS0_S0_PK13__nv_bfloat16PS1_PmS5_S5_S5_S5_
    0 bytes stack frame, 0 bytes spill stores, 0 bytes spill loads
ptxas info    : Used 70 registers, used 1 barriers
ptxas info    : Compile time = 138.071 ms
ptxas info    : Compiling entry function '_Z14fc2_w3x_kernelILi90ELi8ELi20EEv14CUtensorMap_stS0_S0_PK13__nv_bfloat16PS1_PmS5_S5_S5_S5_' for 'sm_100a'
ptxas info    : Function properties for _Z14fc2_w3x_kernelILi90ELi8ELi20EEv14CUtensorMap_stS0_S0_PK13__nv_bfloat16PS1_PmS5_S5_S5_S5_
    0 bytes stack frame, 0 bytes spill stores, 0 bytes spill loads
ptxas info    : Used 70 registers, used 1 barriers
ptxas info    : Compile time = 138.215 ms
ptxas info    : Compiling entry function '_Z14fc2_w3x_kernelILi89ELi8ELi20EEv14CUtensorMap_stS0_S0_PK13__nv_bfloat16PS1_PmS5_S5_S5_S5_' for 'sm_100a'
ptxas info    : Function properties for _Z14fc2_w3x_kernelILi89ELi8ELi20EEv14CUtensorMap_stS0_S0_PK13__nv_bfloat16PS1_PmS5_S5_S5_S5_
    0 bytes stack frame, 0 bytes spill stores, 0 bytes spill loads
ptxas info    : Used 70 registers, used 1 barriers
ptxas info    : Compile time = 139.401 ms
ptxas info    : Compiling entry function '_Z14fc2_w3x_kernelILi88ELi8ELi20EEv14CUtensorMap_stS0_S0_PK13__nv_bfloat16PS1_PmS5_S5_S5_S5_' for 'sm_100a'
ptxas info    : Function properties for _Z14fc2_w3x_kernelILi88ELi8ELi20EEv14CUtensorMap_stS0_S0_PK13__nv_bfloat16PS1_PmS5_S5_S5_S5_
    0 bytes stack frame, 0 bytes spill stores, 0 bytes spill loads
ptxas info    : Used 70 registers, used 1 barriers
ptxas info    : Compile time = 138.960 ms
ptxas info    : Compiling entry function '_Z14fc2_w3x_kernelILi87ELi8ELi20EEv14CUtensorMap_stS0_S0_PK13__nv_bfloat16PS1_PmS5_S5_S5_S5_' for 'sm_100a'
ptxas info    : Function properties for _Z14fc2_w3x_kernelILi87ELi8ELi20EEv14CUtensorMap_stS0_S0_PK13__nv_bfloat16PS1_PmS5_S5_S5_S5_
    0 bytes stack frame, 0 bytes spill stores, 0 bytes spill loads
ptxas info    : Used 70 registers, used 1 barriers
ptxas info    : Compile time = 139.540 ms
ptxas info    : Compiling entry function '_Z14fc2_w3x_kernelILi86ELi8ELi20EEv14CUtensorMap_stS0_S0_PK13__nv_bfloat16PS1_PmS5_S5_S5_S5_' for 'sm_100a'
ptxas info    : Function properties for _Z14fc2_w3x_kernelILi86ELi8ELi20EEv14CUtensorMap_stS0_S0_PK13__nv_bfloat16PS1_PmS5_S5_S5_S5_
    0 bytes stack frame, 0 bytes spill stores, 0 bytes spill loads
ptxas info    : Used 70 registers, used 1 barriers
ptxas info    : Compile time = 138.837 ms
ptxas info    : Compiling entry function '_Z14fc2_w3x_kernelILi85ELi8ELi20EEv14CUtensorMap_stS0_S0_PK13__nv_bfloat16PS1_PmS5_S5_S5_S5_' for 'sm_100a'
ptxas info    : Function properties for _Z14fc2_w3x_kernelILi85ELi8ELi20EEv14CUtensorMap_stS0_S0_PK13__nv_bfloat16PS1_PmS5_S5_S5_S5_
    0 bytes stack frame, 0 bytes spill stores, 0 bytes spill loads
ptxas info    : Used 70 registers, used 1 barriers
ptxas info    : Compile time = 137.298 ms
ptxas info    : Compiling entry function '_Z14fc2_w3x_kernelILi84ELi8ELi20EEv14CUtensorMap_stS0_S0_PK13__nv_bfloat16PS1_PmS5_S5_S5_S5_' for 'sm_100a'
ptxas info    : Function properties for _Z14fc2_w3x_kernelILi84ELi8ELi20EEv14CUtensorMap_stS0_S0_PK13__nv_bfloat16PS1_PmS5_S5_S5_S5_
    0 bytes stack frame, 0 bytes spill stores, 0 bytes spill loads
ptxas info    : Used 70 registers, used 1 barriers
ptxas info    : Compile time = 138.893 ms
ptxas info    : Compiling entry function '_Z14fc2_w3x_kernelILi83ELi8ELi20EEv14CUtensorMap_stS0_S0_PK13__nv_bfloat16PS1_PmS5_S5_S5_S5_' for 'sm_100a'
ptxas info    : Function properties for _Z14fc2_w3x_kernelILi83ELi8ELi20EEv14CUtensorMap_stS0_S0_PK13__nv_bfloat16PS1_PmS5_S5_S5_S5_
    0 bytes stack frame, 0 bytes spill stores, 0 bytes spill loads
ptxas info    : Used 70 registers, used 1 barriers
ptxas info    : Compile time = 138.066 ms
ptxas info    : Compiling entry function '_Z14fc2_w3x_kernelILi82ELi8ELi20EEv14CUtensorMap_stS0_S0_PK13__nv_bfloat16PS1_PmS5_S5_S5_S5_' for 'sm_100a'
ptxas info    : Function properties for _Z14fc2_w3x_kernelILi82ELi8ELi20EEv14CUtensorMap_stS0_S0_PK13__nv_bfloat16PS1_PmS5_S5_S5_S5_
    0 bytes stack frame, 0 bytes spill stores, 0 bytes spill loads
ptxas info    : Used 70 registers, used 1 barriers
ptxas info    : Compile time = 137.684 ms
ptxas info    : Compiling entry function '_Z14fc2_w3x_kernelILi81ELi8ELi20EEv14CUtensorMap_stS0_S0_PK13__nv_bfloat16PS1_PmS5_S5_S5_S5_' for 'sm_100a'
ptxas info    : Function properties for _Z14fc2_w3x_kernelILi81ELi8ELi20EEv14CUtensorMap_stS0_S0_PK13__nv_bfloat16PS1_PmS5_S5_S5_S5_
    0 bytes stack frame, 0 bytes spill stores, 0 bytes spill loads
ptxas info    : Used 70 registers, used 1 barriers
ptxas info    : Compile time = 137.530 ms
ptxas info    : Compiling entry function '_Z14fc2_w3x_kernelILi80ELi8ELi20EEv14CUtensorMap_stS0_S0_PK13__nv_bfloat16PS1_PmS5_S5_S5_S5_' for 'sm_100a'
ptxas info    : Function properties for _Z14fc2_w3x_kernelILi80ELi8ELi20EEv14CUtensorMap_stS0_S0_PK13__nv_bfloat16PS1_PmS5_S5_S5_S5_
    0 bytes stack frame, 0 bytes spill stores, 0 bytes spill loads
ptxas info    : Used 70 registers, used 1 barriers
ptxas info    : Compile time = 138.037 ms
ptxas info    : Compiling entry function '_Z14fc2_w3x_kernelILi58ELi8ELi20EEv14CUtensorMap_stS0_S0_PK13__nv_bfloat16PS1_PmS5_S5_S5_S5_' for 'sm_100a'
ptxas info    : Function properties for _Z14fc2_w3x_kernelILi58ELi8ELi20EEv14CUtensorMap_stS0_S0_PK13__nv_bfloat16PS1_PmS5_S5_S5_S5_
    0 bytes stack frame, 0 bytes spill stores, 0 bytes spill loads
ptxas info    : Used 70 registers, used 1 barriers
ptxas info    : Compile time = 137.739 ms
ptxas info    : Compiling entry function '_Z14fc2_w3x_kernelILi57ELi8ELi20EEv14CUtensorMap_stS0_S0_PK13__nv_bfloat16PS1_PmS5_S5_S5_S5_' for 'sm_100a'
ptxas info    : Function properties for _Z14fc2_w3x_kernelILi57ELi8ELi20EEv14CUtensorMap_stS0_S0_PK13__nv_bfloat16PS1_PmS5_S5_S5_S5_
    0 bytes stack frame, 0 bytes spill stores, 0 bytes spill loads
ptxas info    : Used 70 registers, used 1 barriers
ptxas info    : Compile time = 137.715 ms
ptxas info    : Compiling entry function '_Z14fc2_w3x_kernelILi56ELi8ELi20EEv14CUtensorMap_stS0_S0_PK13__nv_bfloat16PS1_PmS5_S5_S5_S5_' for 'sm_100a'
ptxas info    : Function properties for _Z14fc2_w3x_kernelILi56ELi8ELi20EEv14CUtensorMap_stS0_S0_PK13__nv_bfloat16PS1_PmS5_S5_S5_S5_
    0 bytes stack frame, 0 bytes spill stores, 0 bytes spill loads
ptxas info    : Used 70 registers, used 1 barriers
ptxas info    : Compile time = 138.099 ms
ptxas info    : Compiling entry function '_Z14fc2_w3x_kernelILi55ELi8ELi20EEv14CUtensorMap_stS0_S0_PK13__nv_bfloat16PS1_PmS5_S5_S5_S5_' for 'sm_100a'
ptxas info    : Function properties for _Z14fc2_w3x_kernelILi55ELi8ELi20EEv14CUtensorMap_stS0_S0_PK13__nv_bfloat16PS1_PmS5_S5_S5_S5_
    0 bytes stack frame, 0 bytes spill stores, 0 bytes spill loads
ptxas info    : Used 70 registers, used 1 barriers
ptxas info    : Compile time = 135.620 ms
ptxas info    : Compiling entry function '_Z14fc2_w3x_kernelILi54ELi8ELi20EEv14CUtensorMap_stS0_S0_PK13__nv_bfloat16PS1_PmS5_S5_S5_S5_' for 'sm_100a'
ptxas info    : Function properties for _Z14fc2_w3x_kernelILi54ELi8ELi20EEv14CUtensorMap_stS0_S0_PK13__nv_bfloat16PS1_PmS5_S5_S5_S5_
    0 bytes stack frame, 0 bytes spill stores, 0 bytes spill loads
ptxas info    : Used 70 registers, used 1 barriers
ptxas info    : Compile time = 138.518 ms
ptxas info    : Compiling entry function '_Z14fc2_w3x_kernelILi53ELi8ELi20EEv14CUtensorMap_stS0_S0_PK13__nv_bfloat16PS1_PmS5_S5_S5_S5_' for 'sm_100a'
ptxas info    : Function properties for _Z14fc2_w3x_kernelILi53ELi8ELi20EEv14CUtensorMap_stS0_S0_PK13__nv_bfloat16PS1_PmS5_S5_S5_S5_
    0 bytes stack frame, 0 bytes spill stores, 0 bytes spill loads
ptxas info    : Used 70 registers, used 1 barriers
ptxas info    : Compile time = 138.787 ms
ptxas info    : Compiling entry function '_Z14fc2_w3x_kernelILi52ELi8ELi20EEv14CUtensorMap_stS0_S0_PK13__nv_bfloat16PS1_PmS5_S5_S5_S5_' for 'sm_100a'
ptxas info    : Function properties for _Z14fc2_w3x_kernelILi52ELi8ELi20EEv14CUtensorMap_stS0_S0_PK13__nv_bfloat16PS1_PmS5_S5_S5_S5_
    0 bytes stack frame, 0 bytes spill stores, 0 bytes spill loads
ptxas info    : Used 70 registers, used 1 barriers
ptxas info    : Compile time = 139.125 ms
ptxas info    : Compiling entry function '_Z14fc2_w3x_kernelILi51ELi8ELi20EEv14CUtensorMap_stS0_S0_PK13__nv_bfloat16PS1_PmS5_S5_S5_S5_' for 'sm_100a'
ptxas info    : Function properties for _Z14fc2_w3x_kernelILi51ELi8ELi20EEv14CUtensorMap_stS0_S0_PK13__nv_bfloat16PS1_PmS5_S5_S5_S5_
    0 bytes stack frame, 0 bytes spill stores, 0 bytes spill loads
ptxas info    : Used 70 registers, used 1 barriers
ptxas info    : Compile time = 138.594 ms
ptxas info    : Compiling entry function '_Z14fc2_w3x_kernelILi50ELi8ELi20EEv14CUtensorMap_stS0_S0_PK13__nv_bfloat16PS1_PmS5_S5_S5_S5_' for 'sm_100a'
ptxas info    : Function properties for _Z14fc2_w3x_kernelILi50ELi8ELi20EEv14CUtensorMap_stS0_S0_PK13__nv_bfloat16PS1_PmS5_S5_S5_S5_
    0 bytes stack frame, 0 bytes spill stores, 0 bytes spill loads
ptxas info    : Used 70 registers, used 1 barriers
ptxas info    : Compile time = 135.597 ms
ptxas info    : Compiling entry function '_Z14fc2_w3x_kernelILi49ELi8ELi20EEv14CUtensorMap_stS0_S0_PK13__nv_bfloat16PS1_PmS5_S5_S5_S5_' for 'sm_100a'
ptxas info    : Function properties for _Z14fc2_w3x_kernelILi49ELi8ELi20EEv14CUtensorMap_stS0_S0_PK13__nv_bfloat16PS1_PmS5_S5_S5_S5_
    0 bytes stack frame, 0 bytes spill stores, 0 bytes spill loads
ptxas info    : Used 70 registers, used 1 barriers
ptxas info    : Compile time = 138.087 ms
ptxas info    : Compiling entry function '_Z14fc2_w3x_kernelILi19ELi16ELi20EEv14CUtensorMap_stS0_S0_PK13__nv_bfloat16PS1_PmS5_S5_S5_S5_' for 'sm_100a'
ptxas info    : Function properties for _Z14fc2_w3x_kernelILi19ELi16ELi20EEv14CUtensorMap_stS0_S0_PK13__nv_bfloat16PS1_PmS5_S5_S5_S5_
    0 bytes stack frame, 0 bytes spill stores, 0 bytes spill loads
ptxas info    : Used 70 registers, used 1 barriers
ptxas info    : Compile time = 135.901 ms
ptxas info    : Compiling entry function '_Z14fc2_w3x_kernelILi19ELi4ELi20EEv14CUtensorMap_stS0_S0_PK13__nv_bfloat16PS1_PmS5_S5_S5_S5_' for 'sm_100a'
ptxas info    : Function properties for _Z14fc2_w3x_kernelILi19ELi4ELi20EEv14CUtensorMap_stS0_S0_PK13__nv_bfloat16PS1_PmS5_S5_S5_S5_
    0 bytes stack frame, 0 bytes spill stores, 0 bytes spill loads
ptxas info    : Used 70 registers, used 1 barriers
ptxas info    : Compile time = 136.872 ms
ptxas info    : Compiling entry function '_Z14fc2_w3x_kernelILi48ELi8ELi20EEv14CUtensorMap_stS0_S0_PK13__nv_bfloat16PS1_PmS5_S5_S5_S5_' for 'sm_100a'
ptxas info    : Function properties for _Z14fc2_w3x_kernelILi48ELi8ELi20EEv14CUtensorMap_stS0_S0_PK13__nv_bfloat16PS1_PmS5_S5_S5_S5_
    0 bytes stack frame, 0 bytes spill stores, 0 bytes spill loads
ptxas info    : Used 70 registers, used 1 barriers
ptxas info    : Compile time = 137.962 ms
ptxas info    : Compiling entry function '_Z14fc2_w3x_kernelILi47ELi8ELi20EEv14CUtensorMap_stS0_S0_PK13__nv_bfloat16PS1_PmS5_S5_S5_S5_' for 'sm_100a'
ptxas info    : Function properties for _Z14fc2_w3x_kernelILi47ELi8ELi20EEv14CUtensorMap_stS0_S0_PK13__nv_bfloat16PS1_PmS5_S5_S5_S5_
    0 bytes stack frame, 0 bytes spill stores, 0 bytes spill loads
ptxas info    : Used 70 registers, used 1 barriers
ptxas info    : Compile time = 134.737 ms
ptxas info    : Compiling entry function '_Z14fc2_w3x_kernelILi46ELi8ELi20EEv14CUtensorMap_stS0_S0_PK13__nv_bfloat16PS1_PmS5_S5_S5_S5_' for 'sm_100a'
ptxas info    : Function properties for _Z14fc2_w3x_kernelILi46ELi8ELi20EEv14CUtensorMap_stS0_S0_PK13__nv_bfloat16PS1_PmS5_S5_S5_S5_
    0 bytes stack frame, 0 bytes spill stores, 0 bytes spill loads
ptxas info    : Used 70 registers, used 1 barriers
ptxas info    : Compile time = 136.050 ms
ptxas info    : Compiling entry function '_Z14fc2_w3x_kernelILi45ELi8ELi20EEv14CUtensorMap_stS0_S0_PK13__nv_bfloat16PS1_PmS5_S5_S5_S5_' for 'sm_100a'
ptxas info    : Function properties for _Z14fc2_w3x_kernelILi45ELi8ELi20EEv14CUtensorMap_stS0_S0_PK13__nv_bfloat16PS1_PmS5_S5_S5_S5_
    0 bytes stack frame, 0 bytes spill stores, 0 bytes spill loads
ptxas info    : Used 70 registers, used 1 barriers
ptxas info    : Compile time = 138.502 ms
ptxas info    : Compiling entry function '_Z14fc2_w3x_kernelILi44ELi8ELi20EEv14CUtensorMap_stS0_S0_PK13__nv_bfloat16PS1_PmS5_S5_S5_S5_' for 'sm_100a'
ptxas info    : Function properties for _Z14fc2_w3x_kernelILi44ELi8ELi20EEv14CUtensorMap_stS0_S0_PK13__nv_bfloat16PS1_PmS5_S5_S5_S5_
    0 bytes stack frame, 0 bytes spill stores, 0 bytes spill loads
ptxas info    : Used 70 registers, used 1 barriers
ptxas info    : Compile time = 137.773 ms
ptxas info    : Compiling entry function '_Z14fc2_w3x_kernelILi43ELi8ELi20EEv14CUtensorMap_stS0_S0_PK13__nv_bfloat16PS1_PmS5_S5_S5_S5_' for 'sm_100a'
ptxas info    : Function properties for _Z14fc2_w3x_kernelILi43ELi8ELi20EEv14CUtensorMap_stS0_S0_PK13__nv_bfloat16PS1_PmS5_S5_S5_S5_
    0 bytes stack frame, 0 bytes spill stores, 0 bytes spill loads
ptxas info    : Used 70 registers, used 1 barriers
ptxas info    : Compile time = 136.911 ms
ptxas info    : Compiling entry function '_Z14fc2_w3x_kernelILi41ELi8ELi20EEv14CUtensorMap_stS0_S0_PK13__nv_bfloat16PS1_PmS5_S5_S5_S5_' for 'sm_100a'
ptxas info    : Function properties for _Z14fc2_w3x_kernelILi41ELi8ELi20EEv14CUtensorMap_stS0_S0_PK13__nv_bfloat16PS1_PmS5_S5_S5_S5_
    0 bytes stack frame, 0 bytes spill stores, 0 bytes spill loads
ptxas info    : Used 70 registers, used 1 barriers
ptxas info    : Compile time = 134.157 ms
ptxas info    : Compiling entry function '_Z14fc2_w3x_kernelILi40ELi8ELi20EEv14CUtensorMap_stS0_S0_PK13__nv_bfloat16PS1_PmS5_S5_S5_S5_' for 'sm_100a'
ptxas info    : Function properties for _Z14fc2_w3x_kernelILi40ELi8ELi20EEv14CUtensorMap_stS0_S0_PK13__nv_bfloat16PS1_PmS5_S5_S5_S5_
    0 bytes stack frame, 0 bytes spill stores, 0 bytes spill loads
ptxas info    : Used 70 registers, used 1 barriers
ptxas info    : Compile time = 134.733 ms
ptxas info    : Compiling entry function '_Z14fc2_w3x_kernelILi39ELi8ELi20EEv14CUtensorMap_stS0_S0_PK13__nv_bfloat16PS1_PmS5_S5_S5_S5_' for 'sm_100a'
ptxas info    : Function properties for _Z14fc2_w3x_kernelILi39ELi8ELi20EEv14CUtensorMap_stS0_S0_PK13__nv_bfloat16PS1_PmS5_S5_S5_S5_
    0 bytes stack frame, 0 bytes spill stores, 0 bytes spill loads
ptxas info    : Used 70 registers, used 1 barriers
ptxas info    : Compile time = 137.838 ms
ptxas info    : Compiling entry function '_Z14fc2_w3x_kernelILi38ELi8ELi20EEv14CUtensorMap_stS0_S0_PK13__nv_bfloat16PS1_PmS5_S5_S5_S5_' for 'sm_100a'
ptxas info    : Function properties for _Z14fc2_w3x_kernelILi38ELi8ELi20EEv14CUtensorMap_stS0_S0_PK13__nv_bfloat16PS1_PmS5_S5_S5_S5_
    0 bytes stack frame, 0 bytes spill stores, 0 bytes spill loads
ptxas info    : Used 70 registers, used 1 barriers
ptxas info    : Compile time = 138.304 ms
ptxas info    : Compiling entry function '_Z14fc2_w3x_kernelILi36ELi4ELi20EEv14CUtensorMap_stS0_S0_PK13__nv_bfloat16PS1_PmS5_S5_S5_S5_' for 'sm_100a'
ptxas info    : Function properties for _Z14fc2_w3x_kernelILi36ELi4ELi20EEv14CUtensorMap_stS0_S0_PK13__nv_bfloat16PS1_PmS5_S5_S5_S5_
    0 bytes stack frame, 0 bytes spill stores, 0 bytes spill loads
ptxas info    : Used 70 registers, used 1 barriers
ptxas info    : Compile time = 137.174 ms
ptxas info    : Compiling entry function '_Z14fc2_w3x_kernelILi35ELi4ELi20EEv14CUtensorMap_stS0_S0_PK13__nv_bfloat16PS1_PmS5_S5_S5_S5_' for 'sm_100a'
ptxas info    : Function properties for _Z14fc2_w3x_kernelILi35ELi4ELi20EEv14CUtensorMap_stS0_S0_PK13__nv_bfloat16PS1_PmS5_S5_S5_S5_
    0 bytes stack frame, 0 bytes spill stores, 0 bytes spill loads
ptxas info    : Used 70 registers, used 1 barriers
ptxas info    : Compile time = 137.976 ms
ptxas info    : Compiling entry function '_Z14fc2_w3x_kernelILi34ELi8ELi20EEv14CUtensorMap_stS0_S0_PK13__nv_bfloat16PS1_PmS5_S5_S5_S5_' for 'sm_100a'
ptxas info    : Function properties for _Z14fc2_w3x_kernelILi34ELi8ELi20EEv14CUtensorMap_stS0_S0_PK13__nv_bfloat16PS1_PmS5_S5_S5_S5_
    0 bytes stack frame, 0 bytes spill stores, 0 bytes spill loads
ptxas info    : Used 70 registers, used 1 barriers
ptxas info    : Compile time = 136.835 ms
ptxas info    : Compiling entry function '_Z14fc2_w3x_kernelILi33ELi8ELi20EEv14CUtensorMap_stS0_S0_PK13__nv_bfloat16PS1_PmS5_S5_S5_S5_' for 'sm_100a'
ptxas info    : Function properties for _Z14fc2_w3x_kernelILi33ELi8ELi20EEv14CUtensorMap_stS0_S0_PK13__nv_bfloat16PS1_PmS5_S5_S5_S5_
    0 bytes stack frame, 0 bytes spill stores, 0 bytes spill loads
ptxas info    : Used 70 registers, used 1 barriers
ptxas info    : Compile time = 137.954 ms
ptxas info    : Compiling entry function '_Z14fc2_w3x_kernelILi19ELi8ELi20EEv14CUtensorMap_stS0_S0_PK13__nv_bfloat16PS1_PmS5_S5_S5_S5_' for 'sm_100a'
ptxas info    : Function properties for _Z14fc2_w3x_kernelILi19ELi8ELi20EEv14CUtensorMap_stS0_S0_PK13__nv_bfloat16PS1_PmS5_S5_S5_S5_
    0 bytes stack frame, 0 bytes spill stores, 0 bytes spill loads
ptxas info    : Used 70 registers, used 1 barriers
ptxas info    : Compile time = 135.924 ms
ptxas info    : Compiling entry function '_Z14fc2_w3x_kernelILi18ELi8ELi20EEv14CUtensorMap_stS0_S0_PK13__nv_bfloat16PS1_PmS5_S5_S5_S5_' for 'sm_100a'
ptxas info    : Function properties for _Z14fc2_w3x_kernelILi18ELi8ELi20EEv14CUtensorMap_stS0_S0_PK13__nv_bfloat16PS1_PmS5_S5_S5_S5_
    0 bytes stack frame, 0 bytes spill stores, 0 bytes spill loads
ptxas info    : Used 70 registers, used 1 barriers
ptxas info    : Compile time = 137.418 ms
ptxas info    : Compiling entry function '_Z14fc2_w3x_kernelILi13ELi8ELi20EEv14CUtensorMap_stS0_S0_PK13__nv_bfloat16PS1_PmS5_S5_S5_S5_' for 'sm_100a'
ptxas info    : Function properties for _Z14fc2_w3x_kernelILi13ELi8ELi20EEv14CUtensorMap_stS0_S0_PK13__nv_bfloat16PS1_PmS5_S5_S5_S5_
    0 bytes stack frame, 0 bytes spill stores, 0 bytes spill loads
ptxas info    : Used 70 registers, used 1 barriers
ptxas info    : Compile time = 133.245 ms
ptxas info    : Compiling entry function '_Z14fc2_w3x_kernelILi11ELi8ELi20EEv14CUtensorMap_stS0_S0_PK13__nv_bfloat16PS1_PmS5_S5_S5_S5_' for 'sm_100a'
ptxas info    : Function properties for _Z14fc2_w3x_kernelILi11ELi8ELi20EEv14CUtensorMap_stS0_S0_PK13__nv_bfloat16PS1_PmS5_S5_S5_S5_
    0 bytes stack frame, 0 bytes spill stores, 0 bytes spill loads
ptxas info    : Used 70 registers, used 1 barriers
ptxas info    : Compile time = 134.272 ms
ptxas info    : Compiling entry function '_Z14fc2_w3x_kernelILi0ELi32ELi20EEv14CUtensorMap_stS0_S0_PK13__nv_bfloat16PS1_PmS5_S5_S5_S5_' for 'sm_100a'
ptxas info    : Function properties for _Z14fc2_w3x_kernelILi0ELi32ELi20EEv14CUtensorMap_stS0_S0_PK13__nv_bfloat16PS1_PmS5_S5_S5_S5_
    0 bytes stack frame, 0 bytes spill stores, 0 bytes spill loads
ptxas info    : Used 70 registers, used 1 barriers
ptxas info    : Compile time = 137.474 ms
ptxas info    : Compiling entry function '_Z14fc2_w3x_kernelILi0ELi16ELi20EEv14CUtensorMap_stS0_S0_PK13__nv_bfloat16PS1_PmS5_S5_S5_S5_' for 'sm_100a'
ptxas info    : Function properties for _Z14fc2_w3x_kernelILi0ELi16ELi20EEv14CUtensorMap_stS0_S0_PK13__nv_bfloat16PS1_PmS5_S5_S5_S5_
    0 bytes stack frame, 0 bytes spill stores, 0 bytes spill loads
ptxas info    : Used 70 registers, used 1 barriers
ptxas info    : Compile time = 137.717 ms
ptxas info    : Compiling entry function '_Z14fc2_w3x_kernelILi0ELi4ELi20EEv14CUtensorMap_stS0_S0_PK13__nv_bfloat16PS1_PmS5_S5_S5_S5_' for 'sm_100a'
ptxas info    : Function properties for _Z14fc2_w3x_kernelILi0ELi4ELi20EEv14CUtensorMap_stS0_S0_PK13__nv_bfloat16PS1_PmS5_S5_S5_S5_
    0 bytes stack frame, 0 bytes spill stores, 0 bytes spill loads
ptxas info    : Used 70 registers, used 1 barriers
ptxas info    : Compile time = 137.756 ms
ptxas info    : Compiling entry function '_Z14fc2_w3x_kernelILi0ELi2ELi20EEv14CUtensorMap_stS0_S0_PK13__nv_bfloat16PS1_PmS5_S5_S5_S5_' for 'sm_100a'
ptxas info    : Function properties for _Z14fc2_w3x_kernelILi0ELi2ELi20EEv14CUtensorMap_stS0_S0_PK13__nv_bfloat16PS1_PmS5_S5_S5_S5_
    0 bytes stack frame, 0 bytes spill stores, 0 bytes spill loads
ptxas info    : Used 70 registers, used 1 barriers
ptxas info    : Compile time = 133.189 ms
ptxas info    : Compiling entry function '_Z14fc2_w3x_kernelILi0ELi8ELi20EEv14CUtensorMap_stS0_S0_PK13__nv_bfloat16PS1_PmS5_S5_S5_S5_' for 'sm_100a'
ptxas info    : Function properties for _Z14fc2_w3x_kernelILi0ELi8ELi20EEv14CUtensorMap_stS0_S0_PK13__nv_bfloat16PS1_PmS5_S5_S5_S5_
    0 bytes stack frame, 0 bytes spill stores, 0 bytes spill loads
ptxas info    : Used 70 registers, used 1 barriers
ptxas info    : Compile time = 137.802 ms
--- rep 1/3 ec=0
FC2 W3X kernel — 6-warp bias-only rank-1-shaped persistent
  [928256,8192] x [2048,8192]^T  NS=5  THREADS=192  SMEM=186112 B  (cap 228KB)
  Alloc + init + pack done
  TMA + func attr done (SMEM=186112 B)  variant=default TD=0 DGG=8
Warmup (2 iters)...
Timing 1 reps × 10 iters/rep × 1 variant ...
@@SAMPLE rep=1 ms=7.03395 cyc=12961755 cyc_min=12907775 cyc_p50=12927588 cyc_p95=12959982 cyc_max=12961755
@@STATS reps=1 mean=7.03395 std=0.00000 min=7.03395 p25=7.03395 p50=7.03395 p75=7.03395 max=7.03395 iqr=0.00000
FC2-W3X kernel: 7.034 ms  4428.11 TFLOPS
PASS  errors=0/32
@@RESULT ms=7.0340 tflops=4428.11 checksum=0.000000 valid=1 c0=12288.0
--- rep 2/3 ec=0
FC2 W3X kernel — 6-warp bias-only rank-1-shaped persistent
  [928256,8192] x [2048,8192]^T  NS=5  THREADS=192  SMEM=186112 B  (cap 228KB)
  Alloc + init + pack done
  TMA + func attr done (SMEM=186112 B)  variant=default TD=0 DGG=8
Warmup (2 iters)...
Timing 1 reps × 10 iters/rep × 1 variant ...
@@SAMPLE rep=1 ms=7.03520 cyc=12964241 cyc_min=12906975 cyc_p50=12925007 cyc_p95=12962984 cyc_max=12964241
@@STATS reps=1 mean=7.03520 std=0.00000 min=7.03520 p25=7.03520 p50=7.03520 p75=7.03520 max=7.03520 iqr=0.00000
FC2-W3X kernel: 7.035 ms  4427.33 TFLOPS
PASS  errors=0/32
@@RESULT ms=7.0352 tflops=4427.33 checksum=0.000000 valid=1 c0=12288.0
--- rep 3/3 ec=0
FC2 W3X kernel — 6-warp bias-only rank-1-shaped persistent
  [928256,8192] x [2048,8192]^T  NS=5  THREADS=192  SMEM=186112 B  (cap 228KB)
  Alloc + init + pack done
  TMA + func attr done (SMEM=186112 B)  variant=default TD=0 DGG=8
Warmup (2 iters)...
Timing 1 reps × 10 iters/rep × 1 variant ...
@@SAMPLE rep=1 ms=7.03255 cyc=12951508 cyc_min=12909026 cyc_p50=12923905 cyc_p95=12949434 cyc_max=12951508
@@STATS reps=1 mean=7.03255 std=0.00000 min=7.03255 p25=7.03255 p50=7.03255 p75=7.03255 max=7.03255 iqr=0.00000
FC2-W3X kernel: 7.033 ms  4428.99 TFLOPS
PASS  errors=0/32
@@RESULT ms=7.0325 tflops=4428.99 checksum=0.000000 valid=1 c0=12288.0
--- cublas epi=3 rep 1/1 ec=0
### CUBLASLT INTROSPECT M=928256 N=2048 K=8192 epi=bias_only
### Heuristics returned: 8

# TSV
rank	heur	ms	cyc	algoId	tile	stages	cluster	inner	splitk	redux	swizzle	custom	waves	ws_MB
1	0	7.0296	12969558	66	23	36	3	-1	1	0	0	1	392.00	0.0
2	3	7.0696	13043803	66	32	36	3	-1	1	0	0	1	522.70	0.0
3	5	7.4268	13702973	66	29	36	3	-1	1	0	0	1	627.24	0.0
4	6	7.4651	13772741	66	232	36	3	-1	1	0	0	1	261.35	0.0
5	4	7.5444	13919399	66	201	36	5	-1	1	0	0	2	588.00	0.0
6	2	7.6171	14052237	66	513	36	3	-1	1	0	0	1	196.00	0.0
7	1	8.0334	14822780	66	24	36	6	-1	1	0	0	3	392.00	0.0
8	7	9.4354	17407804	66	495	36	5	-1	1	0	0	3	522.70	0.0

# Top-3 caps:

## rank=1  algoId=66  tile=23  stages=36  cluster=3  inner=-1  ms=7.0296
    CUBLASLT_ALGO_CAP_REDUCTION_SCHEME_MASK      = 2
    CUBLASLT_ALGO_CAP_CTA_SWIZZLING_SUPPORT      = 0
    CUBLASLT_ALGO_CAP_STRIDED_BATCH_SUPPORT      = 1
    CUBLASLT_ALGO_CAP_OUT_OF_PLACE_RESULT_SUPPORT = 1
    CUBLASLT_ALGO_CAP_CUSTOM_OPTION_MAX          = 7
    CUBLASLT_ALGO_CAP_POINTER_MODE_MASK          = 3
    CUBLASLT_ALGO_CAP_EPILOGUE_MASK              = 1023
    CUBLASLT_ALGO_CAP_TILE_IDS                   = --  (status=7 wrote=0)
    CUBLASLT_ALGO_CAP_STAGES_IDS                 = [36] (n=1, elem=4B)
    CUBLASLT_ALGO_CONFIG_CLUSTER_SHAPE_ID sz=2 → status=0 wrote=2 val=3

## rank=2  algoId=66  tile=32  stages=36  cluster=3  inner=-1  ms=7.0696
    CUBLASLT_ALGO_CAP_REDUCTION_SCHEME_MASK      = 2
    CUBLASLT_ALGO_CAP_CTA_SWIZZLING_SUPPORT      = 0
    CUBLASLT_ALGO_CAP_STRIDED_BATCH_SUPPORT      = 1
    CUBLASLT_ALGO_CAP_OUT_OF_PLACE_RESULT_SUPPORT = 1
    CUBLASLT_ALGO_CAP_CUSTOM_OPTION_MAX          = 7
    CUBLASLT_ALGO_CAP_POINTER_MODE_MASK          = 3
    CUBLASLT_ALGO_CAP_EPILOGUE_MASK              = 1023
    CUBLASLT_ALGO_CAP_TILE_IDS                   = --  (status=7 wrote=0)
    CUBLASLT_ALGO_CAP_STAGES_IDS                 = [36] (n=1, elem=4B)
    CUBLASLT_ALGO_CONFIG_CLUSTER_SHAPE_ID sz=2 → status=0 wrote=2 val=3

## rank=3  algoId=66  tile=29  stages=36  cluster=3  inner=-1  ms=7.4268
    CUBLASLT_ALGO_CAP_REDUCTION_SCHEME_MASK      = 2
    CUBLASLT_ALGO_CAP_CTA_SWIZZLING_SUPPORT      = 0
    CUBLASLT_ALGO_CAP_STRIDED_BATCH_SUPPORT      = 1
    CUBLASLT_ALGO_CAP_OUT_OF_PLACE_RESULT_SUPPORT = 1
    CUBLASLT_ALGO_CAP_CUSTOM_OPTION_MAX          = 7
    CUBLASLT_ALGO_CAP_POINTER_MODE_MASK          = 3
    CUBLASLT_ALGO_CAP_EPILOGUE_MASK              = 1023
    CUBLASLT_ALGO_CAP_TILE_IDS                   = --  (status=7 wrote=0)
    CUBLASLT_ALGO_CAP_STAGES_IDS                 = [36] (n=1, elem=4B)
    CUBLASLT_ALGO_CONFIG_CLUSTER_SHAPE_ID sz=2 → status=0 wrote=2 val=3

# Winner:  rank=1  tile=23  stages=36  cluster=3  inner=-1  splitk=1  swizzle=0  ms=7.0296  cyc=12969558

@@RESULT ms=7.0296 cyc=12969558 tflops=4430.86 checksum=0.000000 valid=1 c0=0.0
--- cublas epi=0 rep 1/1 ec=0
### CUBLASLT INTROSPECT M=928256 N=2048 K=8192 epi=none
### Heuristics returned: 8

# TSV
rank	heur	ms	cyc	algoId	tile	stages	cluster	inner	splitk	redux	swizzle	custom	waves	ws_MB
1	0	7.0500	13007795	66	23	36	3	-1	1	0	0	1	392.00	0.0
2	3	7.0635	13032801	66	32	36	3	-1	1	0	0	1	522.70	0.0
3	5	7.3987	13651114	66	29	36	3	-1	1	0	0	1	627.24	0.0
4	6	7.4096	13670648	66	232	36	3	-1	1	0	0	1	261.35	0.0
5	2	7.4869	13814671	66	513	36	3	-1	1	0	0	1	196.00	0.0
6	4	7.5416	13914230	66	201	36	5	-1	1	0	0	2	588.00	0.0
7	1	8.0198	14797660	66	24	36	6	-1	1	0	0	3	392.00	0.0
8	7	9.4031	17347965	66	495	36	5	-1	1	0	0	3	522.70	0.0

# Top-3 caps:

## rank=1  algoId=66  tile=23  stages=36  cluster=3  inner=-1  ms=7.0500
    CUBLASLT_ALGO_CAP_REDUCTION_SCHEME_MASK      = 2
    CUBLASLT_ALGO_CAP_CTA_SWIZZLING_SUPPORT      = 0
    CUBLASLT_ALGO_CAP_STRIDED_BATCH_SUPPORT      = 1
    CUBLASLT_ALGO_CAP_OUT_OF_PLACE_RESULT_SUPPORT = 1
    CUBLASLT_ALGO_CAP_CUSTOM_OPTION_MAX          = 7
    CUBLASLT_ALGO_CAP_POINTER_MODE_MASK          = 3
    CUBLASLT_ALGO_CAP_EPILOGUE_MASK              = 1023
    CUBLASLT_ALGO_CAP_TILE_IDS                   = --  (status=7 wrote=0)
    CUBLASLT_ALGO_CAP_STAGES_IDS                 = [36] (n=1, elem=4B)
    CUBLASLT_ALGO_CONFIG_CLUSTER_SHAPE_ID sz=2 → status=0 wrote=2 val=3

## rank=2  algoId=66  tile=32  stages=36  cluster=3  inner=-1  ms=7.0635
    CUBLASLT_ALGO_CAP_REDUCTION_SCHEME_MASK      = 2
    CUBLASLT_ALGO_CAP_CTA_SWIZZLING_SUPPORT      = 0
    CUBLASLT_ALGO_CAP_STRIDED_BATCH_SUPPORT      = 1
    CUBLASLT_ALGO_CAP_OUT_OF_PLACE_RESULT_SUPPORT = 1
    CUBLASLT_ALGO_CAP_CUSTOM_OPTION_MAX          = 7
    CUBLASLT_ALGO_CAP_POINTER_MODE_MASK          = 3
    CUBLASLT_ALGO_CAP_EPILOGUE_MASK              = 1023
    CUBLASLT_ALGO_CAP_TILE_IDS                   = --  (status=7 wrote=0)
    CUBLASLT_ALGO_CAP_STAGES_IDS                 = [36] (n=1, elem=4B)
    CUBLASLT_ALGO_CONFIG_CLUSTER_SHAPE_ID sz=2 → status=0 wrote=2 val=3

## rank=3  algoId=66  tile=29  stages=36  cluster=3  inner=-1  ms=7.3987
    CUBLASLT_ALGO_CAP_REDUCTION_SCHEME_MASK      = 2
    CUBLASLT_ALGO_CAP_CTA_SWIZZLING_SUPPORT      = 0
    CUBLASLT_ALGO_CAP_STRIDED_BATCH_SUPPORT      = 1
    CUBLASLT_ALGO_CAP_OUT_OF_PLACE_RESULT_SUPPORT = 1
    CUBLASLT_ALGO_CAP_CUSTOM_OPTION_MAX          = 7
    CUBLASLT_ALGO_CAP_POINTER_MODE_MASK          = 3
    CUBLASLT_ALGO_CAP_EPILOGUE_MASK              = 1023
    CUBLASLT_ALGO_CAP_TILE_IDS                   = --  (status=7 wrote=0)
    CUBLASLT_ALGO_CAP_STAGES_IDS                 = [36] (n=1, elem=4B)
    CUBLASLT_ALGO_CONFIG_CLUSTER_SHAPE_ID sz=2 → status=0 wrote=2 val=3

# Winner:  rank=1  tile=23  stages=36  cluster=3  inner=-1  splitk=1  swizzle=0  ms=7.0500  cyc=13007795

@@RESULT ms=7.0500 cyc=13007795 tflops=4418.03 checksum=0.000000 valid=1 c0=0.0
