========================================================================================================================
FULL METRIC TABLE  (directory: data/bench_20260418_034637)
========================================================================================================================
Metric                                                         Unit     cublas_fc1 cublas_fc2 cutlass_fc cutlass_fc fc1_defaul fc1_defaul fc1_defaul fc1_dgswiz fc1_dgswiz fc1_dgswiz fc1_hilber fc1_hilber fc1_hilber fc1_lean_p fc1_lean_p fc1_lean_p fc1_ncycle fc1_ncycle fc1_ncycle fc1_nflat_ fc1_nflat_ fc1_nflat_ fc1_nsnake fc1_nsnake fc1_nsnake fc1_rowmaj fc1_rowmaj fc1_rowmaj fc1_sched_ fc1_sched_ fc1_sched_ fc1_zigzag fc1_zigzag fc1_zigzag fc1_zorder fc1_zorder fc1_zorder fc2_defaul fc2_defaul fc2_defaul fc2_dgswiz fc2_dgswiz fc2_dgswiz fc2_hilber fc2_hilber fc2_hilber fc2_lean_p fc2_lean_p fc2_lean_p fc2_ncycle fc2_ncycle fc2_ncycle fc2_nflat_ fc2_nflat_ fc2_nflat_ fc2_nsnake fc2_nsnake fc2_nsnake fc2_rowmaj fc2_rowmaj fc2_rowmaj fc2_rowste fc2_rowste fc2_rowste fc2_sched_ fc2_sched_ fc2_sched_ fc2_tail_l fc2_tail_l fc2_tail_l fc2_tail_p fc2_tail_p fc2_tail_p fc2_zigzag fc2_zigzag fc2_zigzag fc2_zorder fc2_zorder fc2_zorder
------------------------------------------------------------------------------------------------------------------------------------------------------------------------------------
dram__bytes_read.sum                                           Gbyte    739,150,000 2,940,000,000 4,280,000,000 2,850,000,000 1,510,000,000 1,310,000,000 920,760,000 1,020,000,000 715,820,000 716,390,000 717,810,000 714,550,000 714,920,000 715,500,000 715,460,000 715,470,000 736,290,000 826,570,000 715,380,000 718,320,000 717,590,000 715,440,000 742,050,000 826,890,000 715,400,000 752,450,000 715,390,000 715,420,000 715,570,000 715,560,000 715,330,000 749,870,000 715,460,000 715,450,000 747,180,000 714,720,000 714,520,000 6,790,000,000 4,160,000,000 5,090,000,000 5,440,000,000 3,030,000,000 3,360,000,000 5,810,000,000 2,960,000,000 4,050,000,000 4,280,000,000 2,850,000,000 2,850,000,000 5,530,000,000 3,280,000,000 2,930,000,000 5,510,000,000 3,290,000,000 2,950,000,000 5,510,000,000 3,270,000,000 2,940,000,000 6,060,000,000 2,860,000,000 3,990,000,000 4,870,000,000 2,970,000,000 2,870,000,000 4,280,000,000 2,850,000,000 2,860,000,000 5,510,000,000 2,850,000,000 3,880,000,000 5,610,000,000 2,860,000,000 3,830,000,000 6,040,000,000 2,870,000,000 3,920,000,000 5,950,000,000 3,080,000,000 4,090,000,000
dram__bytes_write.sum                                          Mbyte    5,640,000,000 1,400,000,000 1,400,000,000 1,400,000,000 5,650,000,000 5,640,000,000  3,550,000 5,650,000,000 5,640,000,000  3,560,000 1,850,000,000 1,850,000,000  3,600,000 5,640,000,000 5,640,000,000  3,970,000 5,650,000,000 5,640,000,000  3,580,000 5,650,000,000 5,650,000,000  3,290,000 5,650,000,000 5,640,000,000  3,220,000 5,650,000,000 5,640,000,000  3,600,000 5,640,000,000 5,640,000,000  4,000,000 5,650,000,000 5,640,000,000  3,540,000 1,860,000,000 1,850,000,000  3,460,000 1,430,000,000 1,420,000,000 11,650,000 1,420,000,000 1,400,000,000  6,070,000 1,450,000,000 1,410,000,000 20,560,000 1,420,000,000 1,400,000,000  4,070,000 1,420,000,000 1,410,000,000  7,780,000 1,420,000,000 1,410,000,000  7,480,000 1,420,000,000 1,410,000,000  7,250,000 1,420,000,000 1,400,000,000  9,620,000 1,440,000,000 1,420,000,000 12,250,000 1,430,000,000 1,410,000,000  3,930,000 1,430,000,000 1,410,000,000 13,380,000 1,440,000,000 1,410,000,000 19,540,000 1,420,000,000 1,400,000,000  9,180,000 1,420,000,000 1,410,000,000 10,490,000
dram__sectors_read.sum                                         sector   23,098,520 92,018,336 133,747,408 89,205,136 47,142,040 40,957,048 28,773,640 31,961,400 22,369,352 22,387,064 22,431,624 22,329,824 22,341,392 22,359,320 22,358,248 22,358,424 23,009,032 25,830,440 22,355,760 22,447,568 22,424,768 22,357,632 23,189,184 25,840,184 22,356,400 23,514,024 22,355,960 22,356,808 22,361,488 22,361,136 22,354,016 23,433,416 22,358,144 22,357,856 23,349,488 22,335,064 22,328,856 212,173,000 129,862,416 159,179,336 170,124,488 94,611,712 104,853,992 181,621,752 92,478,392 126,597,824 133,747,960 89,192,296 89,188,640 172,901,584 102,602,472 91,706,976 172,138,488 102,892,696 92,093,224 172,113,984 102,277,576 91,727,680 189,376,184 89,228,784 124,551,936 152,333,600 92,726,952 89,609,928 133,746,952 89,194,320 89,220,240 172,258,704 89,209,016 121,349,048 175,395,440 89,329,072 119,697,896 188,597,200 89,777,200 122,375,232 186,009,616 96,346,856 127,790,920
dram__sectors_write.sum                                        sector   176,351,168 43,750,944 43,856,360 43,735,328 176,484,392 176,368,584  110,976.0 176,544,608 176,369,344  111,264.0 57,941,776 57,884,240  112,624.0 176,364,920 176,367,848  124,016.0 176,417,840 176,378,640  111,784.0 176,413,576 176,418,512  102,880.0 176,417,384 176,379,520  100,608.0 176,461,160 176,341,336  112,640.0 176,364,624 176,370,776  125,152.0 176,464,176 176,340,608  110,608.0 58,143,480 57,854,224  107,984.0 44,586,480 44,452,528  364,080.0 44,341,624 43,810,512  189,776.0 45,396,552 44,126,296  642,488.0 44,332,128 43,883,312  127,040.0 44,253,968 43,981,056  242,984.0 44,260,416 43,980,240  233,656.0 44,255,096 43,984,712  226,640.0 44,448,776 43,851,624  300,760.0 44,887,632 44,419,392  382,952.0 44,605,272 43,943,464  122,752.0 44,746,248 43,913,760  418,000.0 45,093,320 44,074,096  610,768.0 44,437,432 43,870,672  286,776.0 44,425,944 44,046,864  327,800.0
dram__throughput.avg.pct_of_peak_sustained_elapsed             %             34.60      30.27      40.11      30.43      26.00      29.59       5.03      24.34      30.60       4.00       8.68      11.97       3.82      23.36      28.77       3.92      23.94      27.66       4.06      23.75      29.18       4.06      23.97      27.66       4.07      23.94      29.22       4.02      23.27      28.44       3.96      23.96      29.17       4.01       9.50      11.91       4.04      57.47      38.39      36.64      50.09      31.56      24.92      51.89      31.47      30.15      41.74      30.87      21.43      50.31      33.53      21.81      50.05      33.52      21.82      50.10      33.42      21.78      54.30      30.91      29.64      45.55      31.48      21.42      41.93      30.79      21.47      49.15      30.86      28.84      49.91      30.85      28.54      53.89      31.14      29.13      53.33      32.43      30.35
l1tex__data_pipe_lsu_wavefronts_mem_global_op_ld.sum                           n/a        n/a        n/a        n/a        n/a        n/a        n/a        n/a        n/a        n/a        n/a        n/a        n/a        n/a        n/a        n/a        n/a        n/a        n/a        n/a        n/a        n/a        n/a        n/a        n/a        n/a        n/a        n/a        n/a        n/a        n/a        n/a        n/a        n/a        n/a        n/a        n/a        n/a        n/a        n/a        n/a        n/a        n/a        n/a        n/a        n/a        n/a        n/a        n/a        n/a        n/a        n/a        n/a        n/a        n/a        n/a        n/a        n/a        n/a        n/a        n/a        n/a        n/a        n/a        n/a        n/a        n/a        n/a        n/a        n/a        n/a        n/a        n/a        n/a        n/a        n/a        n/a        n/a        n/a
l1tex__data_pipe_lsu_wavefronts_mem_shared.sum                          87,991,281 17,962,197 60,199,413 20,140,205 78,886,434 49,934,137  318,938.0 80,063,703 49,777,274  318,842.0 88,949,538 59,613,970  471,345.0 84,695,843 53,222,295  2,685,220 79,529,971 49,938,630  319,024.0 79,617,463 49,959,547  318,715.0 79,821,139 49,933,461  318,817.0 79,826,101 49,924,812  318,708.0 84,988,951 54,434,198  2,707,718 79,357,566 49,910,825  318,630.0 79,757,118 49,679,794  318,863.0 48,470,271 17,438,335   87,884.0 49,997,715 16,855,067  108,703.0 49,488,852 16,799,953  177,184.0 49,693,287 18,246,486  1,033,827 50,283,130 15,775,865   85,892.0 50,262,596 15,704,537   85,684.0 50,268,547 15,814,168   85,826.0 48,713,196 16,429,151   87,766.0 50,264,863 18,014,569  1,087,525 49,850,268 18,717,904  928,902.0 49,824,384 18,547,256  1,065,887 49,848,808 18,707,275  1,048,705 49,330,875 16,427,521   86,960.0 49,556,884 18,682,643  106,216.0
l1tex__data_pipe_lsu_wavefronts_mem_shared_op_ld.sum                     1,754,180  443,568.0 37,572,434  423,531.0 28,299,997    1,857.0    1,889.0 29,395,005    1,859.0    1,850.0 28,902,152    1,927.0    1,857.0 29,435,831  671,384.0  633,718.0 29,264,648    1,917.0    1,878.0 29,401,192    1,861.0    1,857.0 29,539,327    1,857.0    1,861.0 29,386,923    1,859.0    1,893.0 29,380,969  1,355,335  634,016.0 28,908,412    1,859.0    1,861.0 29,092,442    1,859.0    1,860.0 27,943,932    2,010.0    2,014.0 30,172,816    1,998.0    2,004.0 25,860,948    2,005.0    2,024.0 33,242,419  237,135.0  231,121.0 30,511,583    2,012.0    2,010.0 29,969,782    2,065.0    2,005.0 30,625,996    2,065.0    2,007.0 29,300,032    2,012.0    2,027.0 32,114,896  236,587.0  209,935.0 33,213,785  237,213.0  225,701.0 32,527,856  230,215.0  218,827.0 32,457,408  236,308.0  218,391.0 29,621,742    2,065.0    2,069.0 28,613,190    2,009.0    2,072.0
l1tex__data_pipe_lsu_wavefronts_mem_shared_op_st.sum                    82,426,152 16,595,867 19,116,060 16,642,021 45,341,741 45,280,444    8,151.0 45,385,707 45,186,804    8,206.0 54,365,332 55,279,780    8,259.0 48,638,844 46,514,944  228,811.0 44,968,327 45,284,567    8,260.0 45,068,700 45,309,323    8,219.0 45,004,296 45,326,397    8,059.0 45,118,381 45,250,151    8,119.0 49,029,856 46,935,440  232,572.0 45,035,671 45,286,556    8,142.0 45,337,476 45,150,633    8,162.0 19,171,433 16,226,212    2,430.0 18,324,004 15,593,421    2,478.0 21,761,658 15,488,163    2,452.0 14,510,627 16,368,925  253,349.0 18,311,031 14,483,148    2,486.0 18,785,876 14,447,407    2,476.0 18,228,202 14,652,886    2,475.0 18,125,543 15,262,254    2,520.0 16,351,246 16,268,155  467,679.0 14,788,402 16,806,437  148,505.0 15,090,695 16,731,633  373,546.0 15,305,137 17,004,871  360,379.0 18,208,858 15,165,494    2,473.0 19,747,532 17,492,006    2,522.0
l1tex__t_bytes_pipe_tma_opc_read.sum                                           n/a        n/a        n/a        n/a        n/a        n/a        n/a        n/a        n/a        n/a        n/a        n/a        n/a        n/a        n/a        n/a        n/a        n/a        n/a        n/a        n/a        n/a        n/a        n/a        n/a        n/a        n/a        n/a        n/a        n/a        n/a        n/a        n/a        n/a        n/a        n/a        n/a        n/a        n/a        n/a        n/a        n/a        n/a        n/a        n/a        n/a        n/a        n/a        n/a        n/a        n/a        n/a        n/a        n/a        n/a        n/a        n/a        n/a        n/a        n/a        n/a        n/a        n/a        n/a        n/a        n/a        n/a        n/a        n/a        n/a        n/a        n/a        n/a        n/a        n/a        n/a        n/a        n/a        n/a
l1tex__t_bytes_pipe_tma_opc_write.sum                                          n/a        n/a        n/a        n/a        n/a        n/a        n/a        n/a        n/a        n/a        n/a        n/a        n/a        n/a        n/a        n/a        n/a        n/a        n/a        n/a        n/a        n/a        n/a        n/a        n/a        n/a        n/a        n/a        n/a        n/a        n/a        n/a        n/a        n/a        n/a        n/a        n/a        n/a        n/a        n/a        n/a        n/a        n/a        n/a        n/a        n/a        n/a        n/a        n/a        n/a        n/a        n/a        n/a        n/a        n/a        n/a        n/a        n/a        n/a        n/a        n/a        n/a        n/a        n/a        n/a        n/a        n/a        n/a        n/a        n/a        n/a        n/a        n/a        n/a        n/a        n/a        n/a        n/a        n/a
l1tex__t_requests_pipe_tma_opc_read.sum                                        n/a        n/a        n/a        n/a        n/a        n/a        n/a        n/a        n/a        n/a        n/a        n/a        n/a        n/a        n/a        n/a        n/a        n/a        n/a        n/a        n/a        n/a        n/a        n/a        n/a        n/a        n/a        n/a        n/a        n/a        n/a        n/a        n/a        n/a        n/a        n/a        n/a        n/a        n/a        n/a        n/a        n/a        n/a        n/a        n/a        n/a        n/a        n/a        n/a        n/a        n/a        n/a        n/a        n/a        n/a        n/a        n/a        n/a        n/a        n/a        n/a        n/a        n/a        n/a        n/a        n/a        n/a        n/a        n/a        n/a        n/a        n/a        n/a        n/a        n/a        n/a        n/a        n/a        n/a
l1tex__t_requests_pipe_tma_opc_write.sum                                       n/a        n/a        n/a        n/a        n/a        n/a        n/a        n/a        n/a        n/a        n/a        n/a        n/a        n/a        n/a        n/a        n/a        n/a        n/a        n/a        n/a        n/a        n/a        n/a        n/a        n/a        n/a        n/a        n/a        n/a        n/a        n/a        n/a        n/a        n/a        n/a        n/a        n/a        n/a        n/a        n/a        n/a        n/a        n/a        n/a        n/a        n/a        n/a        n/a        n/a        n/a        n/a        n/a        n/a        n/a        n/a        n/a        n/a        n/a        n/a        n/a        n/a        n/a        n/a        n/a        n/a        n/a        n/a        n/a        n/a        n/a        n/a        n/a        n/a        n/a        n/a        n/a        n/a        n/a
l1tex__throughput.avg.pct_of_peak_sustained_elapsed            %             68.45      52.02      54.29      52.39      43.53      51.22      35.19      43.76      57.94      35.95      49.66      69.69      34.36      44.42      54.90      35.22      44.96      51.73      36.54      44.82      55.14      36.55      45.07      51.73      36.63      45.04      55.34      36.15      44.58      54.56      35.65      44.97      55.31      36.09      43.61      55.66      36.40      49.69      45.19      47.17      52.30      46.80      48.85      51.40      46.74      48.86      52.48      47.76      49.55      51.87      47.01      48.83      51.71      47.06      48.89      51.85      46.92      48.84      51.43      47.88      48.90      51.58      47.28      49.11      52.79      47.63      49.48      50.53      47.77      48.76      50.54      47.60      48.87      51.80      47.90      48.94      51.50      47.44      48.76
launch__occupancy                                                              n/a        n/a        n/a        n/a        n/a        n/a        n/a        n/a        n/a        n/a        n/a        n/a        n/a        n/a        n/a        n/a        n/a        n/a        n/a        n/a        n/a        n/a        n/a        n/a        n/a        n/a        n/a        n/a        n/a        n/a        n/a        n/a        n/a        n/a        n/a        n/a        n/a        n/a        n/a        n/a        n/a        n/a        n/a        n/a        n/a        n/a        n/a        n/a        n/a        n/a        n/a        n/a        n/a        n/a        n/a        n/a        n/a        n/a        n/a        n/a        n/a        n/a        n/a        n/a        n/a        n/a        n/a        n/a        n/a        n/a        n/a        n/a        n/a        n/a        n/a        n/a        n/a        n/a        n/a
launch__registers_per_thread                                   register/thread      255.0      255.0      252.0      186.0      105.0      108.0      34.00      110.0      112.0      40.00      112.0      112.0      52.00      151.0      151.0      80.00      110.0      114.0      39.00      110.0      113.0      39.00      110.0      112.0      39.00      110.0      112.0      39.00      151.0      152.0      76.00      110.0      112.0      39.00      112.0      116.0      40.00      126.0      111.0      48.00      117.0      119.0      56.00      117.0      116.0      56.00      164.0      163.0      100.0      117.0      118.0      56.00      117.0      117.0      56.00      117.0      116.0      56.00      117.0      116.0      56.00      164.0      164.0      98.00      164.0      164.0      98.00      164.0      163.0      100.0      165.0      165.0      99.00      117.0      116.0      56.00      117.0      116.0      56.00
lts__t_sector_hit_rate.pct                                     %             61.71      61.25      57.65      63.33      57.28      56.19      89.67      59.95      59.35      91.09      83.40      82.34      92.44      58.49      56.35      88.42      60.27      52.50      92.98      62.75      62.90      93.77      59.81      52.48      94.45      60.88      59.35      91.43      58.79      56.78      88.24      60.38      59.43      91.34      81.30      81.96      91.46      45.85      58.20      54.81      50.57      62.45      61.10      52.38      64.79      61.30      56.38      63.69      64.80      52.72      65.02      70.65      54.35      65.64      71.86      52.92      64.58      73.57      50.72      66.19      63.28      57.13      67.24      73.15      56.08      63.51      65.33      53.17      65.70      65.42      52.78      65.73      63.13      50.09      66.23      61.57      50.27      63.79      60.26
lts__t_sectors.sum                                             sector   821,013,603 650,240,836 684,422,545 636,139,843 839,087,933 778,772,607 529,558,023 822,475,932 771,105,737 495,702,239 887,656,816 852,829,990 574,781,240 780,765,213 740,511,431 460,261,523 778,740,964 656,026,420 539,410,445 806,308,776 812,335,510 545,814,730 731,649,308 655,543,699 528,625,436 809,814,790 763,983,713 518,256,803 784,368,702 739,356,196 480,981,417 804,869,393 763,322,966 518,808,880 782,105,568 744,719,986 527,780,652 741,578,731 683,033,990 538,871,658 666,641,872 609,221,954 464,506,001 777,220,013 698,753,991 574,851,667 690,501,123 636,066,387 408,381,153 706,991,297 638,019,780 499,074,722 721,950,155 650,091,266 535,892,420 707,134,985 637,782,508 490,226,677 735,445,901 660,997,918 531,588,098 707,394,148 631,463,434 540,974,169 677,071,129 624,092,730 399,082,993 742,397,020 667,327,619 541,516,157 741,772,298 666,348,618 558,068,646 735,146,313 658,877,728 550,854,433 744,340,761 674,523,235 546,791,893
lts__t_sectors_op_read.sum                                     sector   552,644,318 582,720,618 617,154,425 569,048,989 568,909,981 508,644,057 527,335,741 552,416,531 501,186,867 493,505,416 527,130,300 492,206,859 520,918,575 497,058,069 457,051,039 444,829,426 508,443,143 383,112,325 537,238,789 535,975,333 542,171,871 543,642,033 461,335,489 382,732,797 526,404,857 539,765,263 494,093,447 516,014,875 498,535,935 453,534,505 463,397,126 534,836,571 493,432,481 516,594,009 509,309,583 469,572,263 525,559,393 673,397,167 615,036,433 537,887,947 598,531,661 541,291,301 463,524,237 683,524,711 607,352,467 558,875,483 619,016,093 564,595,764 403,921,203 638,692,087 569,931,393 497,976,491 653,664,734 581,978,569 534,772,079 638,847,472 569,663,285 489,156,838 667,382,395 593,058,381 530,616,542 637,018,075 561,163,315 537,663,726 604,909,447 551,958,701 394,043,001 670,796,817 595,923,473 537,042,549 669,498,629 594,278,811 552,957,285 667,072,537 590,936,063 549,891,135 676,300,303 606,601,443 545,867,721
lts__t_sectors_op_write.sum                                    sector   267,337,621 66,847,246 66,837,026 66,846,405 269,537,140 269,483,788  2,115,457 269,553,379 269,463,888  2,092,516 355,354,073 354,814,056 53,756,278 271,229,562 271,166,216  3,814,712 269,541,356 269,469,652  2,110,034 269,564,471 269,439,227  2,112,585 269,553,774 269,446,086  2,160,222 269,534,760 269,452,739  2,138,678 273,380,003 273,258,995  5,960,370 269,511,000 269,451,713  2,113,609 269,559,963 269,443,948  2,124,417 67,511,752 67,518,335  679,759.0 67,512,113 67,513,761  681,797.0 93,129,231 90,960,162 15,696,667 67,977,321 67,973,328  1,141,834 67,514,858 67,515,942  680,274.0 67,516,170 67,504,595  680,181.0 67,498,322 67,517,721  670,093.0 67,518,799 67,505,835  673,765.0 68,635,493 68,622,118  1,803,347 68,628,854 68,635,483  1,796,649 67,976,091 67,976,407  1,141,866 68,637,837 68,630,220  1,792,669 67,512,649 67,511,689  669,676.0 67,514,256 67,507,580  667,175.0
lts__throughput.avg.pct_of_peak_sustained_elapsed              %             59.43      62.93      67.81      63.39      39.71      43.72      49.26      39.81      50.09      47.40      43.42      57.29      48.02      39.89      46.95      42.42      39.78      39.94      53.30      40.57      49.71      54.18      38.81      39.90      52.70      40.48      47.55      49.80      40.00      46.62      44.41      40.26      47.44      49.75      38.68      47.71      51.11      70.73      65.27      57.37      66.60      61.12      54.65      72.75      67.77      61.35      69.32      65.03      49.51      71.44      66.46      57.53      73.56      68.22      63.12      71.57      66.25      59.20      72.64      69.29      61.14      72.56      66.74      66.88      68.51      62.61      45.59      72.93      69.29      62.64      72.56      69.00      62.72      72.46      69.08      60.29      72.85      68.24      62.25
sm__inst_executed_pipe_lsu.avg.pct_of_peak_sustained_elapsed   %              3.92       1.28       5.17       2.08       4.76       3.28       0.21       4.79       3.74       0.22       5.05       4.51       0.83       5.27       4.07       0.89       4.92       3.32       0.22       4.91       3.56       0.22       4.93       3.32       0.22       4.93       3.56       0.22       5.40       4.21       1.11       4.92       3.56       0.22       4.77       3.59       0.22       3.31       1.38       0.09       3.49       1.43       0.09       3.91       1.86       0.39       3.76       1.72       0.37       3.46       1.44       0.09       3.45       1.44       0.09       3.46       1.43       0.09       3.43       1.46       0.09       3.73       1.73       0.39       3.87       1.80       0.45       3.60       1.69       0.33       3.69       1.77       0.42       3.45       1.46       0.09       3.43       1.45       0.09
sm__mio_pq_read_cycles_active.avg.pct_of_peak_sustained_elapsed %             12.45       4.60       5.12       4.69       8.92      10.41       1.43       9.01      11.85       1.73      10.60      14.59       3.66       9.81      12.06       2.61       9.23      10.54       1.47       9.19      11.32       1.47       9.25      10.54       1.47       9.24      11.27       1.47       9.93      12.08       2.83       9.23      11.26       1.46       8.95      11.34       1.46       5.75       5.31       1.61       6.03       5.49       1.73       7.55       6.88       2.55       6.70       6.22       2.32       5.98       5.50       1.65       5.96       5.50       1.64       5.98       5.49       1.65       5.95       5.60       1.67       6.58       6.07       2.27       6.81       6.22       2.40       6.44       6.18       2.24       6.52       6.18       2.33       5.99       5.60       1.66       5.96       5.53       1.76
sm__mio_pq_write_cycles_active.avg.pct_of_peak_sustained_elapsed %             12.43       4.59       5.11       4.68       8.92      10.41       1.43       9.01      11.85       1.73      10.60      14.59       3.66       9.79      12.05       2.59       9.23      10.54       1.47       9.19      11.32       1.47       9.25      10.54       1.47       9.24      11.27       1.47       9.91      12.07       2.81       9.22      11.27       1.46       8.95      11.34       1.46       5.75       5.31       1.61       6.03       5.49       1.73       7.54       6.87       2.55       6.69       6.21       2.31       5.98       5.50       1.65       5.97       5.50       1.64       5.98       5.49       1.65       5.95       5.60       1.67       6.57       6.07       2.26       6.81       6.22       2.39       6.42       6.18       2.23       6.52       6.17       2.32       5.98       5.60       1.66       5.96       5.52       1.76
sm__pipe_shared_cycles_active.avg.pct_of_peak_sustained_elapsed %             70.43      91.78      93.31      94.33      46.55      54.46      70.37      46.80      61.97      71.89      43.16      60.15      68.72      47.13      58.14      70.39      48.13      55.05      73.07      47.97      59.05      73.09      48.24      55.04      73.26      48.20      59.02      72.30      47.03      57.47      71.25      48.11      58.99      72.17      46.68      59.58      72.79      91.74      90.38      94.33      96.55      93.59      97.70      94.88      93.49      97.72      96.87      95.50      99.07      95.76      94.03      97.67      95.47      94.12      97.79      95.72      93.84      97.68      94.95      95.77      97.80      95.22      94.56      98.22      97.43      95.24      98.95      93.27      95.53      97.50      93.28      95.19      97.72      95.63      95.79      97.88      95.07      94.88      97.51
sm__throughput.avg.pct_of_peak_sustained_elapsed               %             75.83      93.48      94.83      95.59      47.48      58.65      71.81      47.73      66.89      73.35      44.20      64.20      70.16      48.08      62.63      71.81      49.09      59.25      74.53      48.93      63.95      74.56      49.20      59.26      74.72      49.15      63.67      73.76      47.99      61.92      72.69      49.07      63.64      73.63      47.60      64.53      74.25      92.34      91.24      94.34      96.72      94.33      97.71      95.56      94.52      97.73      97.51      96.46      99.08      96.13      94.81      97.68      95.90      94.89      97.79      96.11      94.62      97.69      95.48      96.57      97.80      96.08      95.36      98.25      97.96      96.09      98.96      94.26      96.49      97.51      94.27      96.07      97.75      96.09      96.60      97.89      95.49      95.54      97.52
sm__warps_active.avg.per_cycle_active                          warp           6.00       6.00       7.50       6.50       6.00       6.00       6.00       6.00       6.00       6.00       6.00       6.00       6.00       6.99       7.00       7.00       6.00       6.00       6.00       6.00       6.00       6.00       6.00       6.00       6.00       6.00       6.00       6.00       6.99       7.00       7.00       6.00       6.00       6.00       6.00       6.00       6.00       7.00       7.00       7.00       7.00       7.00       7.00       7.00       7.00       7.00       7.98       7.98       7.98       7.00       7.00       7.00       7.00       7.00       7.00       7.00       7.00       7.00       7.00       7.00       7.00       7.98       7.98       7.99       7.98       7.98       7.99       7.98       7.98       7.99       7.98       7.98       7.99       7.00       7.00       7.00       7.00       7.00       7.00
smsp__cycles_active.avg                                        cycle     2,558,238  1,958,262  1,922,390  1,901,482  3,684,934  3,216,079  2,513,691  3,748,288  2,901,223  2,504,262  4,096,721  2,966,511  2,610,843  3,827,379  3,085,237  2,555,264  3,670,875  3,275,130  2,436,198  3,684,232  3,032,360  2,430,176  3,672,648  3,270,989  2,431,435  3,673,335  3,045,259  2,488,360  3,835,377  3,130,508  2,527,458  3,674,092  3,049,460  2,490,039  3,701,830  3,004,584  2,472,034  1,850,406  1,892,436  1,812,348  1,827,439  1,872,518  1,812,470  1,860,552  1,879,539  1,813,071  1,851,300  1,877,976  1,815,302  1,841,637  1,880,100  1,812,980  1,841,297  1,878,299  1,812,956  1,843,661  1,879,467  1,812,930  1,842,089  1,874,410  1,812,071  1,867,225  1,883,277  1,816,563  1,841,178  1,883,980  1,815,236  1,877,781  1,879,656  1,814,201  1,878,458  1,884,479  1,814,746  1,841,230  1,871,242  1,812,223  1,840,544  1,858,050  1,812,728
smsp__inst_executed.sum                                        inst     255,618,271 89,718,443 163,087,574 141,729,604 972,904,708 160,649,578 54,037,609 986,384,314 174,299,102 77,211,376 1,011,978,722 199,185,993 80,918,213 990,359,719 178,047,563 74,609,257 978,898,006 166,654,243 66,783,029 982,698,223 170,514,635 74,591,576 979,828,586 167,608,584 67,892,289 974,184,837 161,864,570 53,395,928 992,488,688 180,724,432 75,112,625 976,351,892 164,061,566 60,668,817 995,587,978 183,124,900 69,010,740 101,843,853 70,331,114 44,057,266 106,057,818 73,930,660 51,029,089 113,092,145 80,504,551 51,478,870 107,944,702 76,375,837 50,118,420 103,826,363 71,959,200 48,072,429 105,085,926 73,007,450 50,694,328 104,121,566 72,200,136 48,232,782 102,574,505 70,863,540 44,068,265 107,913,996 75,905,304 50,341,438 108,567,112 76,644,867 51,058,822 107,804,283 76,136,445 49,882,329 108,411,010 76,352,703 50,826,022 103,194,597 71,406,095 46,142,968 109,154,067 76,836,633 48,965,239
smsp__warps_eligible.avg.per_cycle_active                      warp           0.18       0.08       0.15       0.14       0.48       0.09       0.04       0.48       0.11       0.05       0.45       0.12       0.05       0.47       0.10       0.05       0.48       0.09       0.05       0.49       0.10       0.05       0.49       0.09       0.05       0.48       0.09       0.04       0.47       0.10       0.05       0.48       0.10       0.04       0.49       0.11       0.05       0.10       0.07       0.04       0.10       0.07       0.05       0.11       0.08       0.05       0.10       0.07       0.05       0.10       0.07       0.05       0.10       0.07       0.05       0.10       0.07       0.05       0.10       0.07       0.04       0.10       0.07       0.05       0.10       0.07       0.05       0.10       0.07       0.05       0.10       0.07       0.05       0.10       0.07       0.04       0.10       0.07       0.05
smsp__warps_issue_stalled_barrier.avg                          warp      257,003.5   64,524.6   31,728.6   93,205.4  556,050.8  495,043.3  303,650.4  556,494.4  517,009.7  286,375.5  604,242.8  488,226.5  300,326.8  113,867.0   86,396.5    1,999.9  544,903.9  500,506.5  290,023.1  549,069.5  474,912.9  286,377.6  543,096.4  480,001.5  289,149.2  549,700.2  482,292.5  300,384.9  120,116.6  118,571.3    1,642.4  546,581.1  450,792.3  298,152.6  545,151.9  470,790.4  292,676.8  271,656.3  280,893.5  224,642.6  267,308.7  278,366.4  220,890.7  268,695.7  257,355.9  221,186.1   43,803.4   44,809.8    2,723.4  269,249.7  277,873.1  223,873.8  269,641.5  277,311.4  223,143.6  269,100.0  277,935.3  223,776.0  270,653.3  278,111.1  224,658.1   45,002.6   36,855.0    2,485.8   44,525.2   43,417.3    2,442.0   44,182.3   44,735.2    2,760.0   43,931.7   41,098.2    2,328.7  270,975.6  277,648.2  223,956.8  266,499.4  266,442.5  220,942.0
smsp__warps_issue_stalled_long_scoreboard.avg                  warp      1,944,718  2,257,609  2,703,140  2,412,125  1,168,904  2,980,197  2,815,795  1,155,568  2,397,427  2,638,931  1,387,473  2,342,249  2,781,926  2,432,399  3,726,626  3,542,305  1,169,489  3,028,888  2,676,863  1,157,304  2,709,502  2,640,760  1,157,493  3,042,875  2,668,990  1,177,373  2,748,585  2,781,125  2,496,562  3,769,420  3,528,430  1,173,606  2,771,486  2,759,344  1,149,857  2,610,194  2,702,426  2,117,224  2,421,937  2,509,841  2,023,480  2,363,070  2,457,696  2,051,897  2,348,436  2,470,658  2,661,670  2,983,042  3,072,114  2,081,314  2,392,755  2,496,547  2,071,100  2,386,266  2,487,222  2,075,707  2,390,148  2,495,300  2,120,153  2,385,687  2,509,870  2,758,379  3,064,280  3,125,562  2,659,541  3,014,187  3,083,045  2,714,761  2,989,217  3,080,561  2,744,000  3,030,805  3,090,926  2,117,656  2,382,905  2,500,100  2,016,959  2,308,636  2,463,228
smsp__warps_issue_stalled_math_pipe_throttle.avg               warp       61,179.8   27,997.7    2,580.1      556.7   39,110.6    5,254.1      244.7   30,849.6    7,751.7      608.6   36,538.2    6,879.7    1,096.8   46,698.0    4,764.2      329.0   41,504.1    4,345.2      526.1   19,166.0    4,224.3      668.2   34,644.8    4,433.0      392.5   26,581.1    4,340.5      234.6   48,587.4    6,215.6      671.9   42,231.3    4,608.8      280.2   36,938.2    6,783.3      499.5    2,214.4    2,353.5      236.1    2,858.3    2,109.5      494.5    3,743.1    2,491.9      782.4    2,325.0    2,183.0      219.4    2,586.7    2,528.7      719.4    2,851.9    2,622.3      967.5    2,693.4    2,760.1      725.8    2,575.5    2,344.3      190.1    2,364.5    3,157.6      316.3    2,365.7    3,265.3      310.0    2,330.3    2,088.8      212.7    2,329.8    3,219.0      295.4    2,629.0    2,335.1      281.4    2,704.4    2,498.9      408.1
smsp__warps_issue_stalled_mio_throttle.avg                     warp       18,905.3    3,569.9    3,777.7    2,176.1      443.0      11.00      11.00    1,221.3      11.00      26.72      542.7    2,733.7      11.00    1,288.5      17.54      17.86      474.5      11.00      11.00      484.5      11.00      11.00      433.1      11.00      11.00      476.7      11.00      11.00    1,286.2      17.57      17.81      548.5      11.00      11.00      989.2      11.00      11.00      17.61      17.62      17.67      17.80      17.61      42.48      67.34      21.20      17.65      23.46      24.51      24.09      17.74      17.59      17.67      17.83      17.68      17.73      17.73      17.62      17.60      17.75      17.56      17.68      24.23      23.16      23.07      24.39      23.02      23.64      23.18      23.60      23.94      24.86      23.56      23.53      17.70      17.62      17.63      17.71      17.62      17.61
smsp__warps_issue_stalled_not_selected.avg                     warp       21,321.1    4,839.3   21,918.9   25,958.4  124,075.1   10,062.0    1,424.3  127,823.3   12,735.3    2,145.0  128,642.6   14,564.3    3,280.4  142,185.1   11,303.3    1,986.6  120,839.7   11,532.6    1,698.7  132,690.8   11,193.0    2,569.7  133,022.8   10,232.5    1,865.3  115,867.9   11,898.2    1,335.4  139,694.9   12,142.5    2,173.7  116,500.3   11,866.1    1,432.1  122,295.0   12,392.4    1,982.8    6,697.8    4,206.7      629.5    7,772.5    4,159.0    1,486.0    8,962.2    4,913.8    2,203.7    7,168.6    4,188.2      822.0    7,203.5    4,725.1    1,254.2    7,483.0    4,789.2    1,538.1    7,297.6    5,208.9    1,251.1    7,193.0    4,478.4      598.4    7,392.2    5,388.3      966.1    7,445.1    5,677.2      934.8    7,178.3    4,025.0      793.1    7,335.5    5,378.8      995.1    7,121.8    4,675.2      830.1    7,531.4    4,551.1    1,097.6
smsp__warps_issue_stalled_short_scoreboard.avg                 warp      608,715.1  205,676.3  133,556.9   30,338.4  393,562.2  101,783.1      744.1  408,546.3  117,885.2   37,333.8  379,452.4  104,649.3      728.2  433,255.9  149,025.4   40,753.7  383,046.0  106,934.4      745.8  381,000.5   99,244.1      727.9  386,606.7  106,586.8      873.9  390,866.7  111,070.4      723.8  403,187.0  132,349.6   23,326.5  384,101.7  106,093.4      727.9  349,760.4  107,578.2      713.7  168,700.8   26,375.1    2,308.1  187,957.9   31,237.2   14,956.4  179,142.7   33,065.9    1,478.9  216,935.8   55,590.3   29,955.5  180,972.6   28,194.0    3,839.1  180,778.4   27,317.9    3,281.0  181,344.1   27,360.1    3,975.2  173,765.5   28,916.4    2,583.2  200,824.8   42,242.5   15,678.2  203,239.8   46,008.2   16,529.5  213,274.2   51,744.9   27,427.6  201,144.3   41,119.2   15,184.6  177,438.1   27,881.6    2,865.8  178,323.5   30,650.7    8,149.9
smsp__warps_issue_stalled_sleeping.avg                         warp          240.9      228.8       0.00       0.00  140,501.0  134,048.1   93,750.4  141,590.7   97,152.8   66,485.8  160,239.0   95,962.0   77,923.2  105,484.4   59,040.3   43,397.3  136,322.5  136,178.4   79,182.0  134,117.8  102,591.1   73,533.5  132,371.3  135,925.0   78,276.8  139,463.4  113,359.4   90,150.4  103,704.4   64,796.9   43,939.3  139,930.4  113,099.3   86,412.7  130,734.2  103,158.6   79,495.4   20,952.3   24,222.7   12,895.8   18,741.3   21,649.8   10,364.4   17,126.2   20,283.6   12,046.6    3,578.2    5,682.4    1,016.1   20,376.8   22,888.6    9,678.4   20,198.0   23,302.5    9,396.0   20,109.7   23,357.1    9,470.4   20,376.4   21,956.4   11,100.8    4,864.7    7,617.4      749.4    3,693.0    7,029.1    1,028.6    4,847.8    5,961.0      816.9    4,902.1    7,264.9      877.9   20,218.8   21,948.3   10,511.5   17,572.4   18,433.9    9,891.6
smsp__warps_issue_stalled_wait.avg                             warp      436,699.5  188,325.3  228,153.0  140,956.4  1,126,523  620,788.9  340,959.4  1,191,094  676,745.1  427,195.0  1,294,722  773,334.8  443,098.6  1,201,619  695,599.0  425,615.8  1,127,822  626,791.1  366,646.5  1,145,381  636,225.2  389,128.0  1,122,682  626,882.4  368,485.2  1,140,812  617,048.9  346,353.2  1,197,895  690,742.5  419,821.5  1,122,606  627,270.5  367,818.3  1,201,695  663,996.9  393,042.1  384,327.8  332,145.2  263,584.4  401,027.4  344,419.5  286,687.4  418,656.4  365,667.7  288,841.9  403,953.8  357,684.0  290,879.7  386,613.8  334,124.6  273,276.6  391,565.6  334,664.4  277,607.9  387,947.8  334,021.8  274,101.0  382,712.8  331,666.3  265,607.1  395,332.6  346,523.5  284,071.1  400,536.5  352,003.1  289,472.1  402,975.4  356,446.8  289,533.8  399,637.0  350,443.4  288,224.5  387,401.4  334,173.9  271,758.9  422,387.4  368,328.0  290,084.3

########################################################################################################################
# CROSS-DISPATCH COMPARISONS (within same layer + pk + mode; baseline = default, else alphabetically first)
########################################################################################################################

========================================================================================================================
fc1 pk=p mode=fused: dgswizzle vs default
  A = fc1_dgswizzle_p_fused,  B = fc1_default_p_fused   (positive delta% = A higher than B)
========================================================================================================================
Metric                                                     Unit                 A             B          Diff     Diff%
-----------------------------------------------------------------------------------------------------------------------
smsp__warps_issue_stalled_mio_throttle.avg                 warp           1,221.3         443.0        +778.3   +175.7%
dram__bytes_read.sum                                       Gbyte    1,020,000,000 1,510,000,000 -490,000,000.0    -32.5%
dram__sectors_read.sum                                     sector      31,961,400    47,142,040 -15,180,640.0    -32.2%
smsp__warps_issue_stalled_math_pipe_throttle.avg           warp          30,849.6      39,110.6      -8,261.0    -21.1%
dram__throughput.avg.pct_of_peak_sustained_elapsed         %                24.34         26.00          -1.7     -6.4%
smsp__warps_issue_stalled_wait.avg                         warp         1,191,094     1,126,523     +64,571.1     +5.7%
launch__registers_per_thread                               register/thread         110.0         105.0          +5.0     +4.8%
lts__t_sector_hit_rate.pct                                 %                59.95         57.28          +2.7     +4.7%
l1tex__data_pipe_lsu_wavefronts_mem_shared_op_ld.sum                   29,395,005    28,299,997  +1,095,008.0     +3.9%
smsp__warps_issue_stalled_short_scoreboard.avg             warp         408,546.3     393,562.2     +14,984.0     +3.8%
smsp__warps_issue_stalled_not_selected.avg                 warp         127,823.3     124,075.1      +3,748.1     +3.0%
lts__t_sectors_op_read.sum                                 sector     552,416,531   568,909,981 -16,493,450.0     -2.9%
lts__t_sectors.sum                                         sector     822,475,932   839,087,933 -16,612,001.0     -2.0%
smsp__cycles_active.avg                                    cycle        3,748,288     3,684,934     +63,354.0     +1.7%
l1tex__data_pipe_lsu_wavefronts_mem_shared.sum                         80,063,703    78,886,434  +1,177,269.0     +1.5%
smsp__inst_executed.sum                                    inst       986,384,314   972,904,708 +13,479,606.0     +1.4%
smsp__warps_issue_stalled_long_scoreboard.avg              warp         1,155,568     1,168,904     -13,336.4     -1.1%
sm__mio_pq_write_cycles_active.avg.pct_of_peak_sustained_elapsed %                 9.01          8.92        +0.090     +1.0%
sm__mio_pq_read_cycles_active.avg.pct_of_peak_sustained_elapsed %                 9.01          8.92        +0.090     +1.0%
smsp__warps_issue_stalled_sleeping.avg                     warp         141,590.7     140,501.0      +1,089.7     +0.8%
sm__inst_executed_pipe_lsu.avg.pct_of_peak_sustained_elapsed %                 4.79          4.76        +0.030     +0.6%
sm__pipe_shared_cycles_active.avg.pct_of_peak_sustained_elapsed %                46.80         46.55        +0.250     +0.5%
l1tex__throughput.avg.pct_of_peak_sustained_elapsed        %                43.76         43.53        +0.230     +0.5%
sm__throughput.avg.pct_of_peak_sustained_elapsed           %                47.73         47.48        +0.250     +0.5%
lts__throughput.avg.pct_of_peak_sustained_elapsed          %                39.81         39.71        +0.100     +0.3%

========================================================================================================================
fc1 pk=p mode=fused: hilbert vs default
  A = fc1_hilbert_p_fused,  B = fc1_default_p_fused   (positive delta% = A higher than B)
========================================================================================================================
Metric                                                     Unit                 A             B          Diff     Diff%
-----------------------------------------------------------------------------------------------------------------------
dram__bytes_write.sum                                      Mbyte    1,850,000,000 5,650,000,000 -3,800,000,000.0    -67.3%
dram__sectors_write.sum                                    sector      57,941,776   176,484,392 -118,542,616.0    -67.2%
dram__throughput.avg.pct_of_peak_sustained_elapsed         %                 8.68         26.00         -17.3    -66.6%
dram__bytes_read.sum                                       Gbyte      717,810,000 1,510,000,000 -792,190,000.0    -52.5%
dram__sectors_read.sum                                     sector      22,431,624    47,142,040 -24,710,416.0    -52.4%
lts__t_sector_hit_rate.pct                                 %                83.40         57.28         +26.1    +45.6%
lts__t_sectors_op_write.sum                                sector     355,354,073   269,537,140 +85,816,933.0    +31.8%
smsp__warps_issue_stalled_mio_throttle.avg                 warp             542.7         443.0         +99.7    +22.5%
l1tex__data_pipe_lsu_wavefronts_mem_shared_op_st.sum                   54,365,332    45,341,741  +9,023,591.0    +19.9%
sm__mio_pq_write_cycles_active.avg.pct_of_peak_sustained_elapsed %                10.60          8.92          +1.7    +18.8%
sm__mio_pq_read_cycles_active.avg.pct_of_peak_sustained_elapsed %                10.60          8.92          +1.7    +18.8%
smsp__warps_issue_stalled_long_scoreboard.avg              warp         1,387,473     1,168,904    +218,568.9    +18.7%
smsp__warps_issue_stalled_wait.avg                         warp         1,294,722     1,126,523    +168,199.0    +14.9%
l1tex__throughput.avg.pct_of_peak_sustained_elapsed        %                49.66         43.53          +6.1    +14.1%
smsp__warps_issue_stalled_sleeping.avg                     warp         160,239.0     140,501.0     +19,738.0    +14.0%
l1tex__data_pipe_lsu_wavefronts_mem_shared.sum                         88,949,538    78,886,434 +10,063,104.0    +12.8%
smsp__cycles_active.avg                                    cycle        4,096,721     3,684,934    +411,786.5    +11.2%
lts__throughput.avg.pct_of_peak_sustained_elapsed          %                43.42         39.71          +3.7     +9.3%
smsp__warps_issue_stalled_barrier.avg                      warp         604,242.8     556,050.8     +48,191.9     +8.7%
lts__t_sectors_op_read.sum                                 sector     527,130,300   568,909,981 -41,779,681.0     -7.3%
sm__pipe_shared_cycles_active.avg.pct_of_peak_sustained_elapsed %                43.16         46.55          -3.4     -7.3%
sm__throughput.avg.pct_of_peak_sustained_elapsed           %                44.20         47.48          -3.3     -6.9%
launch__registers_per_thread                               register/thread         112.0         105.0          +7.0     +6.7%
smsp__warps_issue_stalled_math_pipe_throttle.avg           warp          36,538.2      39,110.6      -2,572.3     -6.6%
smsp__warps_eligible.avg.per_cycle_active                  warp              0.45          0.48        -0.030     -6.2%

========================================================================================================================
fc1 pk=p mode=fused: lean vs default
  A = fc1_lean_p_fused,  B = fc1_default_p_fused   (positive delta% = A higher than B)
========================================================================================================================
Metric                                                     Unit                 A             B          Diff     Diff%
-----------------------------------------------------------------------------------------------------------------------
smsp__warps_issue_stalled_mio_throttle.avg                 warp           1,288.5         443.0        +845.5   +190.8%
smsp__warps_issue_stalled_long_scoreboard.avg              warp         2,432,399     1,168,904  +1,263,494.7   +108.1%
smsp__warps_issue_stalled_barrier.avg                      warp         113,867.0     556,050.8    -442,183.8    -79.5%
dram__bytes_read.sum                                       Gbyte      715,500,000 1,510,000,000 -794,500,000.0    -52.6%
dram__sectors_read.sum                                     sector      22,359,320    47,142,040 -24,782,720.0    -52.6%
launch__registers_per_thread                               register/thread         151.0         105.0         +46.0    +43.8%
smsp__warps_issue_stalled_sleeping.avg                     warp         105,484.4     140,501.0     -35,016.7    -24.9%
smsp__warps_issue_stalled_math_pipe_throttle.avg           warp          46,698.0      39,110.6      +7,587.4    +19.4%
sm__warps_active.avg.per_cycle_active                      warp              6.99          6.00        +0.990    +16.5%
smsp__warps_issue_stalled_not_selected.avg                 warp         142,185.1     124,075.1     +18,109.9    +14.6%
lts__t_sectors_op_read.sum                                 sector     497,058,069   568,909,981 -71,851,912.0    -12.6%
sm__inst_executed_pipe_lsu.avg.pct_of_peak_sustained_elapsed %                 5.27          4.76        +0.510    +10.7%
dram__throughput.avg.pct_of_peak_sustained_elapsed         %                23.36         26.00          -2.6    -10.2%
smsp__warps_issue_stalled_short_scoreboard.avg             warp         433,255.9     393,562.2     +39,693.6    +10.1%
sm__mio_pq_read_cycles_active.avg.pct_of_peak_sustained_elapsed %                 9.81          8.92        +0.890    +10.0%
sm__mio_pq_write_cycles_active.avg.pct_of_peak_sustained_elapsed %                 9.79          8.92        +0.870     +9.8%
l1tex__data_pipe_lsu_wavefronts_mem_shared.sum                         84,695,843    78,886,434  +5,809,409.0     +7.4%
l1tex__data_pipe_lsu_wavefronts_mem_shared_op_st.sum                   48,638,844    45,341,741  +3,297,103.0     +7.3%
lts__t_sectors.sum                                         sector     780,765,213   839,087,933 -58,322,720.0     -7.0%
smsp__warps_issue_stalled_wait.avg                         warp         1,201,619     1,126,523     +75,096.4     +6.7%
l1tex__data_pipe_lsu_wavefronts_mem_shared_op_ld.sum                   29,435,831    28,299,997  +1,135,834.0     +4.0%
smsp__cycles_active.avg                                    cycle        3,827,379     3,684,934    +142,444.6     +3.9%
lts__t_sector_hit_rate.pct                                 %                58.49         57.28          +1.2     +2.1%
smsp__warps_eligible.avg.per_cycle_active                  warp              0.47          0.48        -0.010     -2.1%
l1tex__throughput.avg.pct_of_peak_sustained_elapsed        %                44.42         43.53        +0.890     +2.0%

========================================================================================================================
fc1 pk=p mode=fused: ncycle vs default
  A = fc1_ncycle_p_fused,  B = fc1_default_p_fused   (positive delta% = A higher than B)
========================================================================================================================
Metric                                                     Unit                 A             B          Diff     Diff%
-----------------------------------------------------------------------------------------------------------------------
dram__bytes_read.sum                                       Gbyte      736,290,000 1,510,000,000 -773,710,000.0    -51.2%
dram__sectors_read.sum                                     sector      23,009,032    47,142,040 -24,133,008.0    -51.2%
lts__t_sectors_op_read.sum                                 sector     508,443,143   568,909,981 -60,466,838.0    -10.6%
dram__throughput.avg.pct_of_peak_sustained_elapsed         %                23.94         26.00          -2.1     -7.9%
lts__t_sectors.sum                                         sector     778,740,964   839,087,933 -60,346,969.0     -7.2%
smsp__warps_issue_stalled_mio_throttle.avg                 warp             474.5         443.0         +31.5     +7.1%
smsp__warps_issue_stalled_math_pipe_throttle.avg           warp          41,504.1      39,110.6      +2,393.6     +6.1%
lts__t_sector_hit_rate.pct                                 %                60.27         57.28          +3.0     +5.2%
launch__registers_per_thread                               register/thread         110.0         105.0          +5.0     +4.8%
sm__mio_pq_write_cycles_active.avg.pct_of_peak_sustained_elapsed %                 9.23          8.92        +0.310     +3.5%
sm__mio_pq_read_cycles_active.avg.pct_of_peak_sustained_elapsed %                 9.23          8.92        +0.310     +3.5%
l1tex__data_pipe_lsu_wavefronts_mem_shared_op_ld.sum                   29,264,648    28,299,997    +964,651.0     +3.4%
sm__pipe_shared_cycles_active.avg.pct_of_peak_sustained_elapsed %                48.13         46.55          +1.6     +3.4%
sm__throughput.avg.pct_of_peak_sustained_elapsed           %                49.09         47.48          +1.6     +3.4%
sm__inst_executed_pipe_lsu.avg.pct_of_peak_sustained_elapsed %                 4.92          4.76        +0.160     +3.4%
l1tex__throughput.avg.pct_of_peak_sustained_elapsed        %                44.96         43.53          +1.4     +3.3%
smsp__warps_issue_stalled_sleeping.avg                     warp         136,322.5     140,501.0      -4,178.5     -3.0%
smsp__warps_issue_stalled_short_scoreboard.avg             warp         383,046.0     393,562.2     -10,516.2     -2.7%
smsp__warps_issue_stalled_not_selected.avg                 warp         120,839.7     124,075.1      -3,235.4     -2.6%
smsp__warps_issue_stalled_barrier.avg                      warp         544,903.9     556,050.8     -11,146.9     -2.0%
l1tex__data_pipe_lsu_wavefronts_mem_shared_op_st.sum                   44,968,327    45,341,741    -373,414.0     -0.8%
l1tex__data_pipe_lsu_wavefronts_mem_shared.sum                         79,529,971    78,886,434    +643,537.0     +0.8%
smsp__inst_executed.sum                                    inst       978,898,006   972,904,708  +5,993,298.0     +0.6%
smsp__cycles_active.avg                                    cycle        3,670,875     3,684,934     -14,059.0     -0.4%
lts__throughput.avg.pct_of_peak_sustained_elapsed          %                39.78         39.71        +0.070     +0.2%

========================================================================================================================
fc1 pk=p mode=fused: nflat vs default
  A = fc1_nflat_p_fused,  B = fc1_default_p_fused   (positive delta% = A higher than B)
========================================================================================================================
Metric                                                     Unit                 A             B          Diff     Diff%
-----------------------------------------------------------------------------------------------------------------------
dram__bytes_read.sum                                       Gbyte      718,320,000 1,510,000,000 -791,680,000.0    -52.4%
dram__sectors_read.sum                                     sector      22,447,568    47,142,040 -24,694,472.0    -52.4%
smsp__warps_issue_stalled_math_pipe_throttle.avg           warp          19,166.0      39,110.6     -19,944.6    -51.0%
lts__t_sector_hit_rate.pct                                 %                62.75         57.28          +5.5     +9.5%
smsp__warps_issue_stalled_mio_throttle.avg                 warp             484.5         443.0         +41.4     +9.4%
dram__throughput.avg.pct_of_peak_sustained_elapsed         %                23.75         26.00          -2.2     -8.7%
smsp__warps_issue_stalled_not_selected.avg                 warp         132,690.8     124,075.1      +8,615.7     +6.9%
lts__t_sectors_op_read.sum                                 sector     535,975,333   568,909,981 -32,934,648.0     -5.8%
launch__registers_per_thread                               register/thread         110.0         105.0          +5.0     +4.8%
smsp__warps_issue_stalled_sleeping.avg                     warp         134,117.8     140,501.0      -6,383.2     -4.5%
lts__t_sectors.sum                                         sector     806,308,776   839,087,933 -32,779,157.0     -3.9%
l1tex__data_pipe_lsu_wavefronts_mem_shared_op_ld.sum                   29,401,192    28,299,997  +1,101,195.0     +3.9%
smsp__warps_issue_stalled_short_scoreboard.avg             warp         381,000.5     393,562.2     -12,561.7     -3.2%
sm__inst_executed_pipe_lsu.avg.pct_of_peak_sustained_elapsed %                 4.91          4.76        +0.150     +3.2%
sm__throughput.avg.pct_of_peak_sustained_elapsed           %                48.93         47.48          +1.5     +3.1%
sm__pipe_shared_cycles_active.avg.pct_of_peak_sustained_elapsed %                47.97         46.55          +1.4     +3.1%
sm__mio_pq_write_cycles_active.avg.pct_of_peak_sustained_elapsed %                 9.19          8.92        +0.270     +3.0%
sm__mio_pq_read_cycles_active.avg.pct_of_peak_sustained_elapsed %                 9.19          8.92        +0.270     +3.0%
l1tex__throughput.avg.pct_of_peak_sustained_elapsed        %                44.82         43.53          +1.3     +3.0%
lts__throughput.avg.pct_of_peak_sustained_elapsed          %                40.57         39.71        +0.860     +2.2%
smsp__warps_eligible.avg.per_cycle_active                  warp              0.49          0.48        +0.010     +2.1%
smsp__warps_issue_stalled_wait.avg                         warp         1,145,381     1,126,523     +18,858.2     +1.7%
smsp__warps_issue_stalled_barrier.avg                      warp         549,069.5     556,050.8      -6,981.3     -1.3%
smsp__inst_executed.sum                                    inst       982,698,223   972,904,708  +9,793,515.0     +1.0%
smsp__warps_issue_stalled_long_scoreboard.avg              warp         1,157,304     1,168,904     -11,600.2     -1.0%

========================================================================================================================
fc1 pk=p mode=fused: nsnake vs default
  A = fc1_nsnake_p_fused,  B = fc1_default_p_fused   (positive delta% = A higher than B)
========================================================================================================================
Metric                                                     Unit                 A             B          Diff     Diff%
-----------------------------------------------------------------------------------------------------------------------
dram__bytes_read.sum                                       Gbyte      742,050,000 1,510,000,000 -767,950,000.0    -50.9%
dram__sectors_read.sum                                     sector      23,189,184    47,142,040 -23,952,856.0    -50.8%
lts__t_sectors_op_read.sum                                 sector     461,335,489   568,909,981 -107,574,492.0    -18.9%
lts__t_sectors.sum                                         sector     731,649,308   839,087,933 -107,438,625.0    -12.8%
smsp__warps_issue_stalled_math_pipe_throttle.avg           warp          34,644.8      39,110.6      -4,465.7    -11.4%
dram__throughput.avg.pct_of_peak_sustained_elapsed         %                23.97         26.00          -2.0     -7.8%
smsp__warps_issue_stalled_not_selected.avg                 warp         133,022.8     124,075.1      +8,947.7     +7.2%
smsp__warps_issue_stalled_sleeping.avg                     warp         132,371.3     140,501.0      -8,129.7     -5.8%
launch__registers_per_thread                               register/thread         110.0         105.0          +5.0     +4.8%
lts__t_sector_hit_rate.pct                                 %                59.81         57.28          +2.5     +4.4%
l1tex__data_pipe_lsu_wavefronts_mem_shared_op_ld.sum                   29,539,327    28,299,997  +1,239,330.0     +4.4%
sm__mio_pq_write_cycles_active.avg.pct_of_peak_sustained_elapsed %                 9.25          8.92        +0.330     +3.7%
sm__mio_pq_read_cycles_active.avg.pct_of_peak_sustained_elapsed %                 9.25          8.92        +0.330     +3.7%
sm__pipe_shared_cycles_active.avg.pct_of_peak_sustained_elapsed %                48.24         46.55          +1.7     +3.6%
sm__throughput.avg.pct_of_peak_sustained_elapsed           %                49.20         47.48          +1.7     +3.6%
sm__inst_executed_pipe_lsu.avg.pct_of_peak_sustained_elapsed %                 4.93          4.76        +0.170     +3.6%
l1tex__throughput.avg.pct_of_peak_sustained_elapsed        %                45.07         43.53          +1.5     +3.5%
smsp__warps_issue_stalled_barrier.avg                      warp         543,096.4     556,050.8     -12,954.4     -2.3%
lts__throughput.avg.pct_of_peak_sustained_elapsed          %                38.81         39.71        -0.900     -2.3%
smsp__warps_issue_stalled_mio_throttle.avg                 warp             433.1         443.0         -10.0     -2.3%
smsp__warps_eligible.avg.per_cycle_active                  warp              0.49          0.48        +0.010     +2.1%
smsp__warps_issue_stalled_short_scoreboard.avg             warp         386,606.7     393,562.2      -6,955.6     -1.8%
l1tex__data_pipe_lsu_wavefronts_mem_shared.sum                         79,821,139    78,886,434    +934,705.0     +1.2%
smsp__warps_issue_stalled_long_scoreboard.avg              warp         1,157,493     1,168,904     -11,411.6     -1.0%
l1tex__data_pipe_lsu_wavefronts_mem_shared_op_st.sum                   45,004,296    45,341,741    -337,445.0     -0.7%

========================================================================================================================
fc1 pk=p mode=fused: rowmajor vs default
  A = fc1_rowmajor_p_fused,  B = fc1_default_p_fused   (positive delta% = A higher than B)
========================================================================================================================
Metric                                                     Unit                 A             B          Diff     Diff%
-----------------------------------------------------------------------------------------------------------------------
dram__bytes_read.sum                                       Gbyte      752,450,000 1,510,000,000 -757,550,000.0    -50.2%
dram__sectors_read.sum                                     sector      23,514,024    47,142,040 -23,628,016.0    -50.1%
smsp__warps_issue_stalled_math_pipe_throttle.avg           warp          26,581.1      39,110.6     -12,529.5    -32.0%
dram__throughput.avg.pct_of_peak_sustained_elapsed         %                23.94         26.00          -2.1     -7.9%
smsp__warps_issue_stalled_mio_throttle.avg                 warp             476.7         443.0         +33.7     +7.6%
smsp__warps_issue_stalled_not_selected.avg                 warp         115,867.9     124,075.1      -8,207.2     -6.6%
lts__t_sector_hit_rate.pct                                 %                60.88         57.28          +3.6     +6.3%
lts__t_sectors_op_read.sum                                 sector     539,765,263   568,909,981 -29,144,718.0     -5.1%
launch__registers_per_thread                               register/thread         110.0         105.0          +5.0     +4.8%
l1tex__data_pipe_lsu_wavefronts_mem_shared_op_ld.sum                   29,386,923    28,299,997  +1,086,926.0     +3.8%
sm__mio_pq_write_cycles_active.avg.pct_of_peak_sustained_elapsed %                 9.24          8.92        +0.320     +3.6%
sm__mio_pq_read_cycles_active.avg.pct_of_peak_sustained_elapsed %                 9.24          8.92        +0.320     +3.6%
sm__inst_executed_pipe_lsu.avg.pct_of_peak_sustained_elapsed %                 4.93          4.76        +0.170     +3.6%
sm__pipe_shared_cycles_active.avg.pct_of_peak_sustained_elapsed %                48.20         46.55          +1.7     +3.5%
sm__throughput.avg.pct_of_peak_sustained_elapsed           %                49.15         47.48          +1.7     +3.5%
lts__t_sectors.sum                                         sector     809,814,790   839,087,933 -29,273,143.0     -3.5%
l1tex__throughput.avg.pct_of_peak_sustained_elapsed        %                45.04         43.53          +1.5     +3.5%
lts__throughput.avg.pct_of_peak_sustained_elapsed          %                40.48         39.71        +0.770     +1.9%
smsp__warps_issue_stalled_wait.avg                         warp         1,140,812     1,126,523     +14,289.2     +1.3%
l1tex__data_pipe_lsu_wavefronts_mem_shared.sum                         79,826,101    78,886,434    +939,667.0     +1.2%
smsp__warps_issue_stalled_barrier.avg                      warp         549,700.2     556,050.8      -6,350.6     -1.1%
smsp__warps_issue_stalled_sleeping.avg                     warp         139,463.4     140,501.0      -1,037.6     -0.7%
smsp__warps_issue_stalled_long_scoreboard.avg              warp         1,177,373     1,168,904      +8,468.2     +0.7%
smsp__warps_issue_stalled_short_scoreboard.avg             warp         390,866.7     393,562.2      -2,695.6     -0.7%
l1tex__data_pipe_lsu_wavefronts_mem_shared_op_st.sum                   45,118,381    45,341,741    -223,360.0     -0.5%

========================================================================================================================
fc1 pk=p mode=fused: sched vs default
  A = fc1_sched_p_fused,  B = fc1_default_p_fused   (positive delta% = A higher than B)
========================================================================================================================
Metric                                                     Unit                 A             B          Diff     Diff%
-----------------------------------------------------------------------------------------------------------------------
smsp__warps_issue_stalled_mio_throttle.avg                 warp           1,286.2         443.0        +843.1   +190.3%
smsp__warps_issue_stalled_long_scoreboard.avg              warp         2,496,562     1,168,904  +1,327,657.4   +113.6%
smsp__warps_issue_stalled_barrier.avg                      warp         120,116.6     556,050.8    -435,934.2    -78.4%
dram__bytes_read.sum                                       Gbyte      715,570,000 1,510,000,000 -794,430,000.0    -52.6%
dram__sectors_read.sum                                     sector      22,361,488    47,142,040 -24,780,552.0    -52.6%
launch__registers_per_thread                               register/thread         151.0         105.0         +46.0    +43.8%
smsp__warps_issue_stalled_sleeping.avg                     warp         103,704.4     140,501.0     -36,796.6    -26.2%
smsp__warps_issue_stalled_math_pipe_throttle.avg           warp          48,587.4      39,110.6      +9,476.9    +24.2%
sm__warps_active.avg.per_cycle_active                      warp              6.99          6.00        +0.990    +16.5%
sm__inst_executed_pipe_lsu.avg.pct_of_peak_sustained_elapsed %                 5.40          4.76        +0.640    +13.4%
smsp__warps_issue_stalled_not_selected.avg                 warp         139,694.9     124,075.1     +15,619.7    +12.6%
lts__t_sectors_op_read.sum                                 sector     498,535,935   568,909,981 -70,374,046.0    -12.4%
sm__mio_pq_read_cycles_active.avg.pct_of_peak_sustained_elapsed %                 9.93          8.92          +1.0    +11.3%
sm__mio_pq_write_cycles_active.avg.pct_of_peak_sustained_elapsed %                 9.91          8.92        +0.990    +11.1%
dram__throughput.avg.pct_of_peak_sustained_elapsed         %                23.27         26.00          -2.7    -10.5%
l1tex__data_pipe_lsu_wavefronts_mem_shared_op_st.sum                   49,029,856    45,341,741  +3,688,115.0     +8.1%
l1tex__data_pipe_lsu_wavefronts_mem_shared.sum                         84,988,951    78,886,434  +6,102,517.0     +7.7%
lts__t_sectors.sum                                         sector     784,368,702   839,087,933 -54,719,231.0     -6.5%
smsp__warps_issue_stalled_wait.avg                         warp         1,197,895     1,126,523     +71,372.5     +6.3%
smsp__cycles_active.avg                                    cycle        3,835,377     3,684,934    +150,442.7     +4.1%
l1tex__data_pipe_lsu_wavefronts_mem_shared_op_ld.sum                   29,380,969    28,299,997  +1,080,972.0     +3.8%
lts__t_sector_hit_rate.pct                                 %                58.79         57.28          +1.5     +2.6%
smsp__warps_issue_stalled_short_scoreboard.avg             warp         403,187.0     393,562.2      +9,624.7     +2.4%
l1tex__throughput.avg.pct_of_peak_sustained_elapsed        %                44.58         43.53          +1.0     +2.4%
smsp__warps_eligible.avg.per_cycle_active                  warp              0.47          0.48        -0.010     -2.1%

========================================================================================================================
fc1 pk=p mode=fused: zigzag vs default
  A = fc1_zigzag_p_fused,  B = fc1_default_p_fused   (positive delta% = A higher than B)
========================================================================================================================
Metric                                                     Unit                 A             B          Diff     Diff%
-----------------------------------------------------------------------------------------------------------------------
dram__bytes_read.sum                                       Gbyte      749,870,000 1,510,000,000 -760,130,000.0    -50.3%
dram__sectors_read.sum                                     sector      23,433,416    47,142,040 -23,708,624.0    -50.3%
smsp__warps_issue_stalled_mio_throttle.avg                 warp             548.5         443.0        +105.5    +23.8%
smsp__warps_issue_stalled_math_pipe_throttle.avg           warp          42,231.3      39,110.6      +3,120.8     +8.0%
dram__throughput.avg.pct_of_peak_sustained_elapsed         %                23.96         26.00          -2.0     -7.8%
smsp__warps_issue_stalled_not_selected.avg                 warp         116,500.3     124,075.1      -7,574.8     -6.1%
lts__t_sectors_op_read.sum                                 sector     534,836,571   568,909,981 -34,073,410.0     -6.0%
lts__t_sector_hit_rate.pct                                 %                60.38         57.28          +3.1     +5.4%
launch__registers_per_thread                               register/thread         110.0         105.0          +5.0     +4.8%
lts__t_sectors.sum                                         sector     804,869,393   839,087,933 -34,218,540.0     -4.1%
sm__mio_pq_read_cycles_active.avg.pct_of_peak_sustained_elapsed %                 9.23          8.92        +0.310     +3.5%
sm__mio_pq_write_cycles_active.avg.pct_of_peak_sustained_elapsed %                 9.22          8.92        +0.300     +3.4%
sm__inst_executed_pipe_lsu.avg.pct_of_peak_sustained_elapsed %                 4.92          4.76        +0.160     +3.4%
sm__pipe_shared_cycles_active.avg.pct_of_peak_sustained_elapsed %                48.11         46.55          +1.6     +3.4%
sm__throughput.avg.pct_of_peak_sustained_elapsed           %                49.07         47.48          +1.6     +3.3%
l1tex__throughput.avg.pct_of_peak_sustained_elapsed        %                44.97         43.53          +1.4     +3.3%
smsp__warps_issue_stalled_short_scoreboard.avg             warp         384,101.7     393,562.2      -9,460.5     -2.4%
l1tex__data_pipe_lsu_wavefronts_mem_shared_op_ld.sum                   28,908,412    28,299,997    +608,415.0     +2.1%
smsp__warps_issue_stalled_barrier.avg                      warp         546,581.1     556,050.8      -9,469.7     -1.7%
lts__throughput.avg.pct_of_peak_sustained_elapsed          %                40.26         39.71        +0.550     +1.4%
l1tex__data_pipe_lsu_wavefronts_mem_shared_op_st.sum                   45,035,671    45,341,741    -306,070.0     -0.7%
l1tex__data_pipe_lsu_wavefronts_mem_shared.sum                         79,357,566    78,886,434    +471,132.0     +0.6%
smsp__warps_issue_stalled_sleeping.avg                     warp         139,930.4     140,501.0        -570.7     -0.4%
smsp__warps_issue_stalled_long_scoreboard.avg              warp         1,173,606     1,168,904      +4,701.3     +0.4%
smsp__inst_executed.sum                                    inst       976,351,892   972,904,708  +3,447,184.0     +0.4%

========================================================================================================================
fc1 pk=p mode=fused: zorder vs default
  A = fc1_zorder_p_fused,  B = fc1_default_p_fused   (positive delta% = A higher than B)
========================================================================================================================
Metric                                                     Unit                 A             B          Diff     Diff%
-----------------------------------------------------------------------------------------------------------------------
smsp__warps_issue_stalled_mio_throttle.avg                 warp             989.2         443.0        +546.1   +123.3%
dram__bytes_write.sum                                      Mbyte    1,860,000,000 5,650,000,000 -3,790,000,000.0    -67.1%
dram__sectors_write.sum                                    sector      58,143,480   176,484,392 -118,340,912.0    -67.1%
dram__throughput.avg.pct_of_peak_sustained_elapsed         %                 9.50         26.00         -16.5    -63.5%
dram__bytes_read.sum                                       Gbyte      747,180,000 1,510,000,000 -762,820,000.0    -50.5%
dram__sectors_read.sum                                     sector      23,349,488    47,142,040 -23,792,552.0    -50.5%
lts__t_sector_hit_rate.pct                                 %                81.30         57.28         +24.0    +41.9%
smsp__warps_issue_stalled_short_scoreboard.avg             warp         349,760.4     393,562.2     -43,801.8    -11.1%
lts__t_sectors_op_read.sum                                 sector     509,309,583   568,909,981 -59,600,398.0    -10.5%
smsp__warps_issue_stalled_sleeping.avg                     warp         130,734.2     140,501.0      -9,766.8     -7.0%
lts__t_sectors.sum                                         sector     782,105,568   839,087,933 -56,982,365.0     -6.8%
smsp__warps_issue_stalled_wait.avg                         warp         1,201,695     1,126,523     +75,171.9     +6.7%
launch__registers_per_thread                               register/thread         112.0         105.0          +7.0     +6.7%
smsp__warps_issue_stalled_math_pipe_throttle.avg           warp          36,938.2      39,110.6      -2,172.4     -5.6%
l1tex__data_pipe_lsu_wavefronts_mem_shared_op_ld.sum                   29,092,442    28,299,997    +792,445.0     +2.8%
lts__throughput.avg.pct_of_peak_sustained_elapsed          %                38.68         39.71          -1.0     -2.6%
smsp__inst_executed.sum                                    inst       995,587,978   972,904,708 +22,683,270.0     +2.3%
smsp__warps_eligible.avg.per_cycle_active                  warp              0.49          0.48        +0.010     +2.1%
smsp__warps_issue_stalled_barrier.avg                      warp         545,151.9     556,050.8     -10,898.9     -2.0%
smsp__warps_issue_stalled_long_scoreboard.avg              warp         1,149,857     1,168,904     -19,047.6     -1.6%
smsp__warps_issue_stalled_not_selected.avg                 warp         122,295.0     124,075.1      -1,780.1     -1.4%
l1tex__data_pipe_lsu_wavefronts_mem_shared.sum                         79,757,118    78,886,434    +870,684.0     +1.1%
smsp__cycles_active.avg                                    cycle        3,701,830     3,684,934     +16,895.2     +0.5%
sm__mio_pq_write_cycles_active.avg.pct_of_peak_sustained_elapsed %                 8.95          8.92        +0.030     +0.3%
sm__mio_pq_read_cycles_active.avg.pct_of_peak_sustained_elapsed %                 8.95          8.92        +0.030     +0.3%

========================================================================================================================
fc1 pk=p mode=gemm: dgswizzle vs default
  A = fc1_dgswizzle_p_gemm,  B = fc1_default_p_gemm   (positive delta% = A higher than B)
========================================================================================================================
Metric                                                     Unit                 A             B          Diff     Diff%
-----------------------------------------------------------------------------------------------------------------------
smsp__warps_issue_stalled_math_pipe_throttle.avg           warp           7,751.7       5,254.1      +2,497.6    +47.5%
dram__sectors_read.sum                                     sector      22,369,352    40,957,048 -18,587,696.0    -45.4%
dram__bytes_read.sum                                       Gbyte      715,820,000 1,310,000,000 -594,180,000.0    -45.4%
smsp__warps_issue_stalled_sleeping.avg                     warp          97,152.8     134,048.1     -36,895.4    -27.5%
smsp__warps_issue_stalled_not_selected.avg                 warp          12,735.3      10,062.0      +2,673.2    +26.6%
smsp__warps_eligible.avg.per_cycle_active                  warp              0.11          0.09        +0.020    +22.2%
smsp__warps_issue_stalled_long_scoreboard.avg              warp         2,397,427     2,980,197    -582,770.6    -19.6%
smsp__warps_issue_stalled_short_scoreboard.avg             warp         117,885.2     101,783.1     +16,102.1    +15.8%
lts__throughput.avg.pct_of_peak_sustained_elapsed          %                50.09         43.72          +6.4    +14.6%
sm__throughput.avg.pct_of_peak_sustained_elapsed           %                66.89         58.65          +8.2    +14.0%
sm__inst_executed_pipe_lsu.avg.pct_of_peak_sustained_elapsed %                 3.74          3.28        +0.460    +14.0%
sm__mio_pq_write_cycles_active.avg.pct_of_peak_sustained_elapsed %                11.85         10.41          +1.4    +13.8%
sm__mio_pq_read_cycles_active.avg.pct_of_peak_sustained_elapsed %                11.85         10.41          +1.4    +13.8%
sm__pipe_shared_cycles_active.avg.pct_of_peak_sustained_elapsed %                61.97         54.46          +7.5    +13.8%
l1tex__throughput.avg.pct_of_peak_sustained_elapsed        %                57.94         51.22          +6.7    +13.1%
smsp__cycles_active.avg                                    cycle        2,901,223     3,216,079    -314,856.4     -9.8%
smsp__warps_issue_stalled_wait.avg                         warp         676,745.1     620,788.9     +55,956.2     +9.0%
smsp__inst_executed.sum                                    inst       174,299,102   160,649,578 +13,649,524.0     +8.5%
lts__t_sector_hit_rate.pct                                 %                59.35         56.19          +3.2     +5.6%
smsp__warps_issue_stalled_barrier.avg                      warp         517,009.7     495,043.3     +21,966.4     +4.4%
launch__registers_per_thread                               register/thread         112.0         108.0          +4.0     +3.7%
dram__throughput.avg.pct_of_peak_sustained_elapsed         %                30.60         29.59          +1.0     +3.4%
lts__t_sectors_op_read.sum                                 sector     501,186,867   508,644,057  -7,457,190.0     -1.5%
lts__t_sectors.sum                                         sector     771,105,737   778,772,607  -7,666,870.0     -1.0%
l1tex__data_pipe_lsu_wavefronts_mem_shared.sum                         49,777,274    49,934,137    -156,863.0     -0.3%

========================================================================================================================
fc1 pk=p mode=gemm: hilbert vs default
  A = fc1_hilbert_p_gemm,  B = fc1_default_p_gemm   (positive delta% = A higher than B)
========================================================================================================================
Metric                                                     Unit                 A             B          Diff     Diff%
-----------------------------------------------------------------------------------------------------------------------
smsp__warps_issue_stalled_mio_throttle.avg                 warp           2,733.7         11.00      +2,722.7 +24752.0%
dram__bytes_write.sum                                      Mbyte    1,850,000,000 5,640,000,000 -3,790,000,000.0    -67.2%
dram__sectors_write.sum                                    sector      57,884,240   176,368,584 -118,484,344.0    -67.2%
dram__throughput.avg.pct_of_peak_sustained_elapsed         %                11.97         29.59         -17.6    -59.5%
lts__t_sector_hit_rate.pct                                 %                82.34         56.19         +26.2    +46.5%
dram__sectors_read.sum                                     sector      22,329,824    40,957,048 -18,627,224.0    -45.5%
dram__bytes_read.sum                                       Gbyte      714,550,000 1,310,000,000 -595,450,000.0    -45.5%
smsp__warps_issue_stalled_not_selected.avg                 warp          14,564.3      10,062.0      +4,502.3    +44.7%
sm__mio_pq_write_cycles_active.avg.pct_of_peak_sustained_elapsed %                14.59         10.41          +4.2    +40.2%
sm__mio_pq_read_cycles_active.avg.pct_of_peak_sustained_elapsed %                14.59         10.41          +4.2    +40.2%
sm__inst_executed_pipe_lsu.avg.pct_of_peak_sustained_elapsed %                 4.51          3.28          +1.2    +37.5%
l1tex__throughput.avg.pct_of_peak_sustained_elapsed        %                69.69         51.22         +18.5    +36.1%
smsp__warps_eligible.avg.per_cycle_active                  warp              0.12          0.09        +0.030    +33.3%
lts__t_sectors_op_write.sum                                sector     354,814,056   269,483,788 +85,330,268.0    +31.7%
lts__throughput.avg.pct_of_peak_sustained_elapsed          %                57.29         43.72         +13.6    +31.0%
smsp__warps_issue_stalled_math_pipe_throttle.avg           warp           6,879.7       5,254.1      +1,625.6    +30.9%
smsp__warps_issue_stalled_sleeping.avg                     warp          95,962.0     134,048.1     -38,086.2    -28.4%
smsp__warps_issue_stalled_wait.avg                         warp         773,334.8     620,788.9    +152,545.9    +24.6%
smsp__inst_executed.sum                                    inst       199,185,993   160,649,578 +38,536,415.0    +24.0%
l1tex__data_pipe_lsu_wavefronts_mem_shared_op_st.sum                   55,279,780    45,280,444  +9,999,336.0    +22.1%
smsp__warps_issue_stalled_long_scoreboard.avg              warp         2,342,249     2,980,197    -637,948.4    -21.4%
l1tex__data_pipe_lsu_wavefronts_mem_shared.sum                         59,613,970    49,934,137  +9,679,833.0    +19.4%
sm__pipe_shared_cycles_active.avg.pct_of_peak_sustained_elapsed %                60.15         54.46          +5.7    +10.4%
lts__t_sectors.sum                                         sector     852,829,990   778,772,607 +74,057,383.0     +9.5%
sm__throughput.avg.pct_of_peak_sustained_elapsed           %                64.20         58.65          +5.6     +9.5%

========================================================================================================================
fc1 pk=p mode=gemm: lean vs default
  A = fc1_lean_p_gemm,  B = fc1_default_p_gemm   (positive delta% = A higher than B)
========================================================================================================================
Metric                                                     Unit                 A             B          Diff     Diff%
-----------------------------------------------------------------------------------------------------------------------
l1tex__data_pipe_lsu_wavefronts_mem_shared_op_ld.sum                    671,384.0       1,857.0    +669,527.0 +36054.2%
smsp__warps_issue_stalled_barrier.avg                      warp          86,396.5     495,043.3    -408,646.7    -82.5%
smsp__warps_issue_stalled_mio_throttle.avg                 warp             17.54         11.00          +6.5    +59.5%
smsp__warps_issue_stalled_sleeping.avg                     warp          59,040.3     134,048.1     -75,007.9    -56.0%
smsp__warps_issue_stalled_short_scoreboard.avg             warp         149,025.4     101,783.1     +47,242.3    +46.4%
dram__sectors_read.sum                                     sector      22,358,248    40,957,048 -18,598,800.0    -45.4%
dram__bytes_read.sum                                       Gbyte      715,460,000 1,310,000,000 -594,540,000.0    -45.4%
launch__registers_per_thread                               register/thread         151.0         108.0         +43.0    +39.8%
smsp__warps_issue_stalled_long_scoreboard.avg              warp         3,726,626     2,980,197    +746,429.2    +25.0%
sm__inst_executed_pipe_lsu.avg.pct_of_peak_sustained_elapsed %                 4.07          3.28        +0.790    +24.1%
sm__warps_active.avg.per_cycle_active                      warp              7.00          6.00          +1.0    +16.7%
sm__mio_pq_read_cycles_active.avg.pct_of_peak_sustained_elapsed %                12.06         10.41          +1.7    +15.9%
sm__mio_pq_write_cycles_active.avg.pct_of_peak_sustained_elapsed %                12.05         10.41          +1.6    +15.8%
smsp__warps_issue_stalled_not_selected.avg                 warp          11,303.3      10,062.0      +1,241.2    +12.3%
smsp__warps_issue_stalled_wait.avg                         warp         695,599.0     620,788.9     +74,810.1    +12.1%
smsp__warps_eligible.avg.per_cycle_active                  warp              0.10          0.09        +0.010    +11.1%
smsp__inst_executed.sum                                    inst       178,047,563   160,649,578 +17,397,985.0    +10.8%
lts__t_sectors_op_read.sum                                 sector     457,051,039   508,644,057 -51,593,018.0    -10.1%
smsp__warps_issue_stalled_math_pipe_throttle.avg           warp           4,764.2       5,254.1        -489.9     -9.3%
lts__throughput.avg.pct_of_peak_sustained_elapsed          %                46.95         43.72          +3.2     +7.4%
l1tex__throughput.avg.pct_of_peak_sustained_elapsed        %                54.90         51.22          +3.7     +7.2%
sm__throughput.avg.pct_of_peak_sustained_elapsed           %                62.63         58.65          +4.0     +6.8%
sm__pipe_shared_cycles_active.avg.pct_of_peak_sustained_elapsed %                58.14         54.46          +3.7     +6.8%
l1tex__data_pipe_lsu_wavefronts_mem_shared.sum                         53,222,295    49,934,137  +3,288,158.0     +6.6%
lts__t_sectors.sum                                         sector     740,511,431   778,772,607 -38,261,176.0     -4.9%

========================================================================================================================
fc1 pk=p mode=gemm: ncycle vs default
  A = fc1_ncycle_p_gemm,  B = fc1_default_p_gemm   (positive delta% = A higher than B)
========================================================================================================================
Metric                                                     Unit                 A             B          Diff     Diff%
-----------------------------------------------------------------------------------------------------------------------
dram__sectors_read.sum                                     sector      25,830,440    40,957,048 -15,126,608.0    -36.9%
dram__bytes_read.sum                                       Gbyte      826,570,000 1,310,000,000 -483,430,000.0    -36.9%
lts__t_sectors_op_read.sum                                 sector     383,112,325   508,644,057 -125,531,732.0    -24.7%
smsp__warps_issue_stalled_math_pipe_throttle.avg           warp           4,345.2       5,254.1        -908.8    -17.3%
lts__t_sectors.sum                                         sector     656,026,420   778,772,607 -122,746,187.0    -15.8%
smsp__warps_issue_stalled_not_selected.avg                 warp          11,532.6      10,062.0      +1,470.6    +14.6%
lts__throughput.avg.pct_of_peak_sustained_elapsed          %                39.94         43.72          -3.8     -8.6%
lts__t_sector_hit_rate.pct                                 %                52.50         56.19          -3.7     -6.6%
dram__throughput.avg.pct_of_peak_sustained_elapsed         %                27.66         29.59          -1.9     -6.5%
launch__registers_per_thread                               register/thread         114.0         108.0          +6.0     +5.6%
smsp__warps_issue_stalled_short_scoreboard.avg             warp         106,934.4     101,783.1      +5,151.3     +5.1%
smsp__inst_executed.sum                                    inst       166,654,243   160,649,578  +6,004,665.0     +3.7%
l1tex__data_pipe_lsu_wavefronts_mem_shared_op_ld.sum                      1,917.0       1,857.0         +60.0     +3.2%
smsp__cycles_active.avg                                    cycle        3,275,130     3,216,079     +59,050.8     +1.8%
smsp__warps_issue_stalled_long_scoreboard.avg              warp         3,028,888     2,980,197     +48,690.6     +1.6%
smsp__warps_issue_stalled_sleeping.avg                     warp         136,178.4     134,048.1      +2,130.2     +1.6%
sm__mio_pq_write_cycles_active.avg.pct_of_peak_sustained_elapsed %                10.54         10.41        +0.130     +1.2%
sm__mio_pq_read_cycles_active.avg.pct_of_peak_sustained_elapsed %                10.54         10.41        +0.130     +1.2%
sm__inst_executed_pipe_lsu.avg.pct_of_peak_sustained_elapsed %                 3.32          3.28        +0.040     +1.2%
smsp__warps_issue_stalled_barrier.avg                      warp         500,506.5     495,043.3      +5,463.2     +1.1%
sm__pipe_shared_cycles_active.avg.pct_of_peak_sustained_elapsed %                55.05         54.46        +0.590     +1.1%
sm__throughput.avg.pct_of_peak_sustained_elapsed           %                59.25         58.65        +0.600     +1.0%
l1tex__throughput.avg.pct_of_peak_sustained_elapsed        %                51.73         51.22        +0.510     +1.0%
smsp__warps_issue_stalled_wait.avg                         warp         626,791.1     620,788.9      +6,002.2     +1.0%
l1tex__data_pipe_lsu_wavefronts_mem_shared_op_st.sum                   45,284,567    45,280,444      +4,123.0     +0.0%

========================================================================================================================
fc1 pk=p mode=gemm: nflat vs default
  A = fc1_nflat_p_gemm,  B = fc1_default_p_gemm   (positive delta% = A higher than B)
========================================================================================================================
Metric                                                     Unit                 A             B          Diff     Diff%
-----------------------------------------------------------------------------------------------------------------------
dram__sectors_read.sum                                     sector      22,424,768    40,957,048 -18,532,280.0    -45.2%
dram__bytes_read.sum                                       Gbyte      717,590,000 1,310,000,000 -592,410,000.0    -45.2%
smsp__warps_issue_stalled_sleeping.avg                     warp         102,591.1     134,048.1     -31,457.0    -23.5%
smsp__warps_issue_stalled_math_pipe_throttle.avg           warp           4,224.3       5,254.1      -1,029.8    -19.6%
lts__throughput.avg.pct_of_peak_sustained_elapsed          %                49.71         43.72          +6.0    +13.7%
lts__t_sector_hit_rate.pct                                 %                62.90         56.19          +6.7    +11.9%
smsp__warps_issue_stalled_not_selected.avg                 warp          11,193.0      10,062.0      +1,130.9    +11.2%
smsp__warps_eligible.avg.per_cycle_active                  warp              0.10          0.09        +0.010    +11.1%
smsp__warps_issue_stalled_long_scoreboard.avg              warp         2,709,502     2,980,197    -270,694.9     -9.1%
sm__throughput.avg.pct_of_peak_sustained_elapsed           %                63.95         58.65          +5.3     +9.0%
sm__mio_pq_write_cycles_active.avg.pct_of_peak_sustained_elapsed %                11.32         10.41        +0.910     +8.7%
sm__mio_pq_read_cycles_active.avg.pct_of_peak_sustained_elapsed %                11.32         10.41        +0.910     +8.7%
sm__inst_executed_pipe_lsu.avg.pct_of_peak_sustained_elapsed %                 3.56          3.28        +0.280     +8.5%
sm__pipe_shared_cycles_active.avg.pct_of_peak_sustained_elapsed %                59.05         54.46          +4.6     +8.4%
l1tex__throughput.avg.pct_of_peak_sustained_elapsed        %                55.14         51.22          +3.9     +7.7%
lts__t_sectors_op_read.sum                                 sector     542,171,871   508,644,057 +33,527,814.0     +6.6%
smsp__inst_executed.sum                                    inst       170,514,635   160,649,578  +9,865,057.0     +6.1%
smsp__cycles_active.avg                                    cycle        3,032,360     3,216,079    -183,719.4     -5.7%
launch__registers_per_thread                               register/thread         113.0         108.0          +5.0     +4.6%
lts__t_sectors.sum                                         sector     812,335,510   778,772,607 +33,562,903.0     +4.3%
smsp__warps_issue_stalled_barrier.avg                      warp         474,912.9     495,043.3     -20,130.4     -4.1%
smsp__warps_issue_stalled_short_scoreboard.avg             warp          99,244.1     101,783.1      -2,539.0     -2.5%
smsp__warps_issue_stalled_wait.avg                         warp         636,225.2     620,788.9     +15,436.3     +2.5%
dram__throughput.avg.pct_of_peak_sustained_elapsed         %                29.18         29.59        -0.410     -1.4%
l1tex__data_pipe_lsu_wavefronts_mem_shared_op_ld.sum                      1,861.0       1,857.0          +4.0     +0.2%

========================================================================================================================
fc1 pk=p mode=gemm: nsnake vs default
  A = fc1_nsnake_p_gemm,  B = fc1_default_p_gemm   (positive delta% = A higher than B)
========================================================================================================================
Metric                                                     Unit                 A             B          Diff     Diff%
-----------------------------------------------------------------------------------------------------------------------
dram__sectors_read.sum                                     sector      25,840,184    40,957,048 -15,116,864.0    -36.9%
dram__bytes_read.sum                                       Gbyte      826,890,000 1,310,000,000 -483,110,000.0    -36.9%
lts__t_sectors_op_read.sum                                 sector     382,732,797   508,644,057 -125,911,260.0    -24.8%
lts__t_sectors.sum                                         sector     655,543,699   778,772,607 -123,228,908.0    -15.8%
smsp__warps_issue_stalled_math_pipe_throttle.avg           warp           4,433.0       5,254.1        -821.1    -15.6%
lts__throughput.avg.pct_of_peak_sustained_elapsed          %                39.90         43.72          -3.8     -8.7%
lts__t_sector_hit_rate.pct                                 %                52.48         56.19          -3.7     -6.6%
dram__throughput.avg.pct_of_peak_sustained_elapsed         %                27.66         29.59          -1.9     -6.5%
smsp__warps_issue_stalled_short_scoreboard.avg             warp         106,586.8     101,783.1      +4,803.7     +4.7%
smsp__inst_executed.sum                                    inst       167,608,584   160,649,578  +6,959,006.0     +4.3%
launch__registers_per_thread                               register/thread         112.0         108.0          +4.0     +3.7%
smsp__warps_issue_stalled_barrier.avg                      warp         480,001.5     495,043.3     -15,041.7     -3.0%
smsp__warps_issue_stalled_long_scoreboard.avg              warp         3,042,875     2,980,197     +62,678.2     +2.1%
smsp__cycles_active.avg                                    cycle        3,270,989     3,216,079     +54,909.2     +1.7%
smsp__warps_issue_stalled_not_selected.avg                 warp          10,232.5      10,062.0        +170.5     +1.7%
smsp__warps_issue_stalled_sleeping.avg                     warp         135,925.0     134,048.1      +1,876.9     +1.4%
sm__mio_pq_write_cycles_active.avg.pct_of_peak_sustained_elapsed %                10.54         10.41        +0.130     +1.2%
sm__mio_pq_read_cycles_active.avg.pct_of_peak_sustained_elapsed %                10.54         10.41        +0.130     +1.2%
sm__inst_executed_pipe_lsu.avg.pct_of_peak_sustained_elapsed %                 3.32          3.28        +0.040     +1.2%
sm__pipe_shared_cycles_active.avg.pct_of_peak_sustained_elapsed %                55.04         54.46        +0.580     +1.1%
sm__throughput.avg.pct_of_peak_sustained_elapsed           %                59.26         58.65        +0.610     +1.0%
l1tex__throughput.avg.pct_of_peak_sustained_elapsed        %                51.73         51.22        +0.510     +1.0%
smsp__warps_issue_stalled_wait.avg                         warp         626,882.4     620,788.9      +6,093.5     +1.0%
l1tex__data_pipe_lsu_wavefronts_mem_shared_op_st.sum                   45,326,397    45,280,444     +45,953.0     +0.1%
lts__t_sectors_op_write.sum                                sector     269,446,086   269,483,788     -37,702.0     -0.0%

========================================================================================================================
fc1 pk=p mode=gemm: rowmajor vs default
  A = fc1_rowmajor_p_gemm,  B = fc1_default_p_gemm   (positive delta% = A higher than B)
========================================================================================================================
Metric                                                     Unit                 A             B          Diff     Diff%
-----------------------------------------------------------------------------------------------------------------------
dram__sectors_read.sum                                     sector      22,355,960    40,957,048 -18,601,088.0    -45.4%
dram__bytes_read.sum                                       Gbyte      715,390,000 1,310,000,000 -594,610,000.0    -45.4%
smsp__warps_issue_stalled_not_selected.avg                 warp          11,898.2      10,062.0      +1,836.2    +18.2%
smsp__warps_issue_stalled_math_pipe_throttle.avg           warp           4,340.5       5,254.1        -913.6    -17.4%
smsp__warps_issue_stalled_sleeping.avg                     warp         113,359.4     134,048.1     -20,688.7    -15.4%
smsp__warps_issue_stalled_short_scoreboard.avg             warp         111,070.4     101,783.1      +9,287.3     +9.1%
lts__throughput.avg.pct_of_peak_sustained_elapsed          %                47.55         43.72          +3.8     +8.8%
sm__throughput.avg.pct_of_peak_sustained_elapsed           %                63.67         58.65          +5.0     +8.6%
sm__inst_executed_pipe_lsu.avg.pct_of_peak_sustained_elapsed %                 3.56          3.28        +0.280     +8.5%
sm__pipe_shared_cycles_active.avg.pct_of_peak_sustained_elapsed %                59.02         54.46          +4.6     +8.4%
sm__mio_pq_write_cycles_active.avg.pct_of_peak_sustained_elapsed %                11.27         10.41        +0.860     +8.3%
sm__mio_pq_read_cycles_active.avg.pct_of_peak_sustained_elapsed %                11.27         10.41        +0.860     +8.3%
l1tex__throughput.avg.pct_of_peak_sustained_elapsed        %                55.34         51.22          +4.1     +8.0%
smsp__warps_issue_stalled_long_scoreboard.avg              warp         2,748,585     2,980,197    -231,612.4     -7.8%
lts__t_sector_hit_rate.pct                                 %                59.35         56.19          +3.2     +5.6%
smsp__cycles_active.avg                                    cycle        3,045,259     3,216,079    -170,820.2     -5.3%
launch__registers_per_thread                               register/thread         112.0         108.0          +4.0     +3.7%
lts__t_sectors_op_read.sum                                 sector     494,093,447   508,644,057 -14,550,610.0     -2.9%
smsp__warps_issue_stalled_barrier.avg                      warp         482,292.5     495,043.3     -12,750.8     -2.6%
lts__t_sectors.sum                                         sector     763,983,713   778,772,607 -14,788,894.0     -1.9%
dram__throughput.avg.pct_of_peak_sustained_elapsed         %                29.22         29.59        -0.370     -1.3%
smsp__inst_executed.sum                                    inst       161,864,570   160,649,578  +1,214,992.0     +0.8%
smsp__warps_issue_stalled_wait.avg                         warp         617,048.9     620,788.9      -3,740.0     -0.6%
l1tex__data_pipe_lsu_wavefronts_mem_shared_op_ld.sum                      1,859.0       1,857.0          +2.0     +0.1%
l1tex__data_pipe_lsu_wavefronts_mem_shared_op_st.sum                   45,250,151    45,280,444     -30,293.0     -0.1%

========================================================================================================================
fc1 pk=p mode=gemm: sched vs default
  A = fc1_sched_p_gemm,  B = fc1_default_p_gemm   (positive delta% = A higher than B)
========================================================================================================================
Metric                                                     Unit                 A             B          Diff     Diff%
-----------------------------------------------------------------------------------------------------------------------
l1tex__data_pipe_lsu_wavefronts_mem_shared_op_ld.sum                    1,355,335       1,857.0  +1,353,478.0 +72885.2%
smsp__warps_issue_stalled_barrier.avg                      warp         118,571.3     495,043.3    -376,472.0    -76.0%
smsp__warps_issue_stalled_mio_throttle.avg                 warp             17.57         11.00          +6.6    +59.7%
smsp__warps_issue_stalled_sleeping.avg                     warp          64,796.9     134,048.1     -69,251.2    -51.7%
dram__sectors_read.sum                                     sector      22,361,136    40,957,048 -18,595,912.0    -45.4%
dram__bytes_read.sum                                       Gbyte      715,560,000 1,310,000,000 -594,440,000.0    -45.4%
launch__registers_per_thread                               register/thread         152.0         108.0         +44.0    +40.7%
smsp__warps_issue_stalled_short_scoreboard.avg             warp         132,349.6     101,783.1     +30,566.5    +30.0%
sm__inst_executed_pipe_lsu.avg.pct_of_peak_sustained_elapsed %                 4.21          3.28        +0.930    +28.4%
smsp__warps_issue_stalled_long_scoreboard.avg              warp         3,769,420     2,980,197    +789,222.4    +26.5%
smsp__warps_issue_stalled_not_selected.avg                 warp          12,142.5      10,062.0      +2,080.5    +20.7%
smsp__warps_issue_stalled_math_pipe_throttle.avg           warp           6,215.6       5,254.1        +961.6    +18.3%
sm__warps_active.avg.per_cycle_active                      warp              7.00          6.00          +1.0    +16.7%
sm__mio_pq_read_cycles_active.avg.pct_of_peak_sustained_elapsed %                12.08         10.41          +1.7    +16.0%
sm__mio_pq_write_cycles_active.avg.pct_of_peak_sustained_elapsed %                12.07         10.41          +1.7    +15.9%
smsp__inst_executed.sum                                    inst       180,724,432   160,649,578 +20,074,854.0    +12.5%
smsp__warps_issue_stalled_wait.avg                         warp         690,742.5     620,788.9     +69,953.6    +11.3%
smsp__warps_eligible.avg.per_cycle_active                  warp              0.10          0.09        +0.010    +11.1%
lts__t_sectors_op_read.sum                                 sector     453,534,505   508,644,057 -55,109,552.0    -10.8%
l1tex__data_pipe_lsu_wavefronts_mem_shared.sum                         54,434,198    49,934,137  +4,500,061.0     +9.0%
lts__throughput.avg.pct_of_peak_sustained_elapsed          %                46.62         43.72          +2.9     +6.6%
l1tex__throughput.avg.pct_of_peak_sustained_elapsed        %                54.56         51.22          +3.3     +6.5%
sm__throughput.avg.pct_of_peak_sustained_elapsed           %                61.92         58.65          +3.3     +5.6%
sm__pipe_shared_cycles_active.avg.pct_of_peak_sustained_elapsed %                57.47         54.46          +3.0     +5.5%
lts__t_sectors.sum                                         sector     739,356,196   778,772,607 -39,416,411.0     -5.1%

========================================================================================================================
fc1 pk=p mode=gemm: zigzag vs default
  A = fc1_zigzag_p_gemm,  B = fc1_default_p_gemm   (positive delta% = A higher than B)
========================================================================================================================
Metric                                                     Unit                 A             B          Diff     Diff%
-----------------------------------------------------------------------------------------------------------------------
dram__sectors_read.sum                                     sector      22,358,144    40,957,048 -18,598,904.0    -45.4%
dram__bytes_read.sum                                       Gbyte      715,460,000 1,310,000,000 -594,540,000.0    -45.4%
smsp__warps_issue_stalled_not_selected.avg                 warp          11,866.1      10,062.0      +1,804.1    +17.9%
smsp__warps_issue_stalled_sleeping.avg                     warp         113,099.3     134,048.1     -20,948.9    -15.6%
smsp__warps_issue_stalled_math_pipe_throttle.avg           warp           4,608.8       5,254.1        -645.2    -12.3%
smsp__warps_eligible.avg.per_cycle_active                  warp              0.10          0.09        +0.010    +11.1%
smsp__warps_issue_stalled_barrier.avg                      warp         450,792.3     495,043.3     -44,250.9     -8.9%
sm__inst_executed_pipe_lsu.avg.pct_of_peak_sustained_elapsed %                 3.56          3.28        +0.280     +8.5%
lts__throughput.avg.pct_of_peak_sustained_elapsed          %                47.44         43.72          +3.7     +8.5%
sm__throughput.avg.pct_of_peak_sustained_elapsed           %                63.64         58.65          +5.0     +8.5%
sm__pipe_shared_cycles_active.avg.pct_of_peak_sustained_elapsed %                58.99         54.46          +4.5     +8.3%
sm__mio_pq_write_cycles_active.avg.pct_of_peak_sustained_elapsed %                11.27         10.41        +0.860     +8.3%
sm__mio_pq_read_cycles_active.avg.pct_of_peak_sustained_elapsed %                11.26         10.41        +0.850     +8.2%
l1tex__throughput.avg.pct_of_peak_sustained_elapsed        %                55.31         51.22          +4.1     +8.0%
smsp__warps_issue_stalled_long_scoreboard.avg              warp         2,771,486     2,980,197    -208,710.8     -7.0%
lts__t_sector_hit_rate.pct                                 %                59.43         56.19          +3.2     +5.8%
smsp__cycles_active.avg                                    cycle        3,049,460     3,216,079    -166,619.4     -5.2%
smsp__warps_issue_stalled_short_scoreboard.avg             warp         106,093.4     101,783.1      +4,310.3     +4.2%
launch__registers_per_thread                               register/thread         112.0         108.0          +4.0     +3.7%
lts__t_sectors_op_read.sum                                 sector     493,432,481   508,644,057 -15,211,576.0     -3.0%
smsp__inst_executed.sum                                    inst       164,061,566   160,649,578  +3,411,988.0     +2.1%
lts__t_sectors.sum                                         sector     763,322,966   778,772,607 -15,449,641.0     -2.0%
dram__throughput.avg.pct_of_peak_sustained_elapsed         %                29.17         29.59        -0.420     -1.4%
smsp__warps_issue_stalled_wait.avg                         warp         627,270.5     620,788.9      +6,481.6     +1.0%
l1tex__data_pipe_lsu_wavefronts_mem_shared_op_ld.sum                      1,859.0       1,857.0          +2.0     +0.1%

========================================================================================================================
fc1 pk=p mode=gemm: zorder vs default
  A = fc1_zorder_p_gemm,  B = fc1_default_p_gemm   (positive delta% = A higher than B)
========================================================================================================================
Metric                                                     Unit                 A             B          Diff     Diff%
-----------------------------------------------------------------------------------------------------------------------
dram__bytes_write.sum                                      Mbyte    1,850,000,000 5,640,000,000 -3,790,000,000.0    -67.2%
dram__sectors_write.sum                                    sector      57,854,224   176,368,584 -118,514,360.0    -67.2%
dram__throughput.avg.pct_of_peak_sustained_elapsed         %                11.91         29.59         -17.7    -59.7%
lts__t_sector_hit_rate.pct                                 %                81.96         56.19         +25.8    +45.9%
dram__sectors_read.sum                                     sector      22,335,064    40,957,048 -18,621,984.0    -45.5%
dram__bytes_read.sum                                       Gbyte      714,720,000 1,310,000,000 -595,280,000.0    -45.4%
smsp__warps_issue_stalled_math_pipe_throttle.avg           warp           6,783.3       5,254.1      +1,529.3    +29.1%
smsp__warps_issue_stalled_not_selected.avg                 warp          12,392.4      10,062.0      +2,330.4    +23.2%
smsp__warps_issue_stalled_sleeping.avg                     warp         103,158.6     134,048.1     -30,889.5    -23.0%
smsp__warps_eligible.avg.per_cycle_active                  warp              0.11          0.09        +0.020    +22.2%
smsp__inst_executed.sum                                    inst       183,124,900   160,649,578 +22,475,322.0    +14.0%
smsp__warps_issue_stalled_long_scoreboard.avg              warp         2,610,194     2,980,197    -370,003.2    -12.4%
sm__throughput.avg.pct_of_peak_sustained_elapsed           %                64.53         58.65          +5.9    +10.0%
sm__inst_executed_pipe_lsu.avg.pct_of_peak_sustained_elapsed %                 3.59          3.28        +0.310     +9.5%
sm__pipe_shared_cycles_active.avg.pct_of_peak_sustained_elapsed %                59.58         54.46          +5.1     +9.4%
lts__throughput.avg.pct_of_peak_sustained_elapsed          %                47.71         43.72          +4.0     +9.1%
sm__mio_pq_write_cycles_active.avg.pct_of_peak_sustained_elapsed %                11.34         10.41        +0.930     +8.9%
sm__mio_pq_read_cycles_active.avg.pct_of_peak_sustained_elapsed %                11.34         10.41        +0.930     +8.9%
l1tex__throughput.avg.pct_of_peak_sustained_elapsed        %                55.66         51.22          +4.4     +8.7%
lts__t_sectors_op_read.sum                                 sector     469,572,263   508,644,057 -39,071,794.0     -7.7%
launch__registers_per_thread                               register/thread         116.0         108.0          +8.0     +7.4%
smsp__warps_issue_stalled_wait.avg                         warp         663,996.9     620,788.9     +43,208.0     +7.0%
smsp__cycles_active.avg                                    cycle        3,004,584     3,216,079    -211,495.3     -6.6%
smsp__warps_issue_stalled_short_scoreboard.avg             warp         107,578.2     101,783.1      +5,795.1     +5.7%
smsp__warps_issue_stalled_barrier.avg                      warp         470,790.4     495,043.3     -24,252.9     -4.9%

========================================================================================================================
fc1 pk=p mode=strip: dgswizzle vs default
  A = fc1_dgswizzle_p_strip,  B = fc1_default_p_strip   (positive delta% = A higher than B)
========================================================================================================================
Metric                                                     Unit                 A             B          Diff     Diff%
-----------------------------------------------------------------------------------------------------------------------
smsp__warps_issue_stalled_short_scoreboard.avg             warp          37,333.8         744.1     +36,589.7  +4917.0%
smsp__warps_issue_stalled_math_pipe_throttle.avg           warp             608.6         244.7        +363.9   +148.7%
smsp__warps_issue_stalled_mio_throttle.avg                 warp             26.72         11.00         +15.7   +142.9%
smsp__warps_issue_stalled_not_selected.avg                 warp           2,145.0       1,424.3        +720.7    +50.6%
smsp__inst_executed.sum                                    inst        77,211,376    54,037,609 +23,173,767.0    +42.9%
smsp__warps_issue_stalled_sleeping.avg                     warp          66,485.8      93,750.4     -27,264.6    -29.1%
smsp__warps_issue_stalled_wait.avg                         warp         427,195.0     340,959.4     +86,235.6    +25.3%
smsp__warps_eligible.avg.per_cycle_active                  warp              0.05          0.04        +0.010    +25.0%
dram__sectors_read.sum                                     sector      22,387,064    28,773,640  -6,386,576.0    -22.2%
dram__bytes_read.sum                                       Gbyte      716,390,000   920,760,000 -204,370,000.0    -22.2%
sm__mio_pq_write_cycles_active.avg.pct_of_peak_sustained_elapsed %                 1.73          1.43        +0.300    +21.0%
sm__mio_pq_read_cycles_active.avg.pct_of_peak_sustained_elapsed %                 1.73          1.43        +0.300    +21.0%
dram__throughput.avg.pct_of_peak_sustained_elapsed         %                 4.00          5.03          -1.0    -20.5%
launch__registers_per_thread                               register/thread         40.00         34.00          +6.0    +17.6%
lts__t_sectors_op_read.sum                                 sector     493,505,416   527,335,741 -33,830,325.0     -6.4%
lts__t_sectors.sum                                         sector     495,702,239   529,558,023 -33,855,784.0     -6.4%
smsp__warps_issue_stalled_long_scoreboard.avg              warp         2,638,931     2,815,795    -176,863.8     -6.3%
smsp__warps_issue_stalled_barrier.avg                      warp         286,375.5     303,650.4     -17,274.8     -5.7%
sm__inst_executed_pipe_lsu.avg.pct_of_peak_sustained_elapsed %                 0.22          0.21        +0.010     +4.8%
lts__throughput.avg.pct_of_peak_sustained_elapsed          %                47.40         49.26          -1.9     -3.8%
sm__pipe_shared_cycles_active.avg.pct_of_peak_sustained_elapsed %                71.89         70.37          +1.5     +2.2%
l1tex__throughput.avg.pct_of_peak_sustained_elapsed        %                35.95         35.19        +0.760     +2.2%
sm__throughput.avg.pct_of_peak_sustained_elapsed           %                73.35         71.81          +1.5     +2.1%
l1tex__data_pipe_lsu_wavefronts_mem_shared_op_ld.sum                      1,850.0       1,889.0         -39.0     -2.1%
lts__t_sector_hit_rate.pct                                 %                91.09         89.67          +1.4     +1.6%

========================================================================================================================
fc1 pk=p mode=strip: hilbert vs default
  A = fc1_hilbert_p_strip,  B = fc1_default_p_strip   (positive delta% = A higher than B)
========================================================================================================================
Metric                                                     Unit                 A             B          Diff     Diff%
-----------------------------------------------------------------------------------------------------------------------
lts__t_sectors_op_write.sum                                sector      53,756,278     2,115,457 +51,640,821.0  +2441.1%
smsp__warps_issue_stalled_math_pipe_throttle.avg           warp           1,096.8         244.7        +852.1   +348.2%
sm__inst_executed_pipe_lsu.avg.pct_of_peak_sustained_elapsed %                 0.83          0.21        +0.620   +295.2%
sm__mio_pq_write_cycles_active.avg.pct_of_peak_sustained_elapsed %                 3.66          1.43          +2.2   +155.9%
sm__mio_pq_read_cycles_active.avg.pct_of_peak_sustained_elapsed %                 3.66          1.43          +2.2   +155.9%
smsp__warps_issue_stalled_not_selected.avg                 warp           3,280.4       1,424.3      +1,856.1   +130.3%
launch__registers_per_thread                               register/thread         52.00         34.00         +18.0    +52.9%
smsp__inst_executed.sum                                    inst        80,918,213    54,037,609 +26,880,604.0    +49.7%
l1tex__data_pipe_lsu_wavefronts_mem_shared.sum                          471,345.0     318,938.0    +152,407.0    +47.8%
smsp__warps_issue_stalled_wait.avg                         warp         443,098.6     340,959.4    +102,139.2    +30.0%
smsp__warps_eligible.avg.per_cycle_active                  warp              0.05          0.04        +0.010    +25.0%
dram__throughput.avg.pct_of_peak_sustained_elapsed         %                 3.82          5.03          -1.2    -24.1%
dram__bytes_read.sum                                       Gbyte      714,920,000   920,760,000 -205,840,000.0    -22.4%
dram__sectors_read.sum                                     sector      22,341,392    28,773,640  -6,432,248.0    -22.4%
smsp__warps_issue_stalled_sleeping.avg                     warp          77,923.2      93,750.4     -15,827.2    -16.9%
lts__t_sectors.sum                                         sector     574,781,240   529,558,023 +45,223,217.0     +8.5%
smsp__cycles_active.avg                                    cycle        2,610,843     2,513,691     +97,151.7     +3.9%
lts__t_sector_hit_rate.pct                                 %                92.44         89.67          +2.8     +3.1%
lts__throughput.avg.pct_of_peak_sustained_elapsed          %                48.02         49.26          -1.2     -2.5%
l1tex__throughput.avg.pct_of_peak_sustained_elapsed        %                34.36         35.19        -0.830     -2.4%
sm__pipe_shared_cycles_active.avg.pct_of_peak_sustained_elapsed %                68.72         70.37          -1.7     -2.3%
sm__throughput.avg.pct_of_peak_sustained_elapsed           %                70.16         71.81          -1.7     -2.3%
smsp__warps_issue_stalled_short_scoreboard.avg             warp             728.2         744.1         -16.0     -2.1%
l1tex__data_pipe_lsu_wavefronts_mem_shared_op_ld.sum                      1,857.0       1,889.0         -32.0     -1.7%
dram__sectors_write.sum                                    sector       112,624.0     110,976.0      +1,648.0     +1.5%

========================================================================================================================
fc1 pk=p mode=strip: lean vs default
  A = fc1_lean_p_strip,  B = fc1_default_p_strip   (positive delta% = A higher than B)
========================================================================================================================
Metric                                                     Unit                 A             B          Diff     Diff%
-----------------------------------------------------------------------------------------------------------------------
l1tex__data_pipe_lsu_wavefronts_mem_shared_op_ld.sum                    633,718.0       1,889.0    +631,829.0 +33447.8%
smsp__warps_issue_stalled_short_scoreboard.avg             warp          40,753.7         744.1     +40,009.6  +5376.5%
l1tex__data_pipe_lsu_wavefronts_mem_shared_op_st.sum                    228,811.0       8,151.0    +220,660.0  +2707.2%
l1tex__data_pipe_lsu_wavefronts_mem_shared.sum                          2,685,220     318,938.0  +2,366,282.0   +741.9%
sm__inst_executed_pipe_lsu.avg.pct_of_peak_sustained_elapsed %                 0.89          0.21        +0.680   +323.8%
launch__registers_per_thread                               register/thread         80.00         34.00         +46.0   +135.3%
smsp__warps_issue_stalled_barrier.avg                      warp           1,999.9     303,650.4    -301,650.5    -99.3%
sm__mio_pq_read_cycles_active.avg.pct_of_peak_sustained_elapsed %                 2.61          1.43          +1.2    +82.5%
sm__mio_pq_write_cycles_active.avg.pct_of_peak_sustained_elapsed %                 2.59          1.43          +1.2    +81.1%
lts__t_sectors_op_write.sum                                sector       3,814,712     2,115,457  +1,699,255.0    +80.3%
smsp__warps_issue_stalled_mio_throttle.avg                 warp             17.86         11.00          +6.9    +62.4%
smsp__warps_issue_stalled_sleeping.avg                     warp          43,397.3      93,750.4     -50,353.1    -53.7%
smsp__warps_issue_stalled_not_selected.avg                 warp           1,986.6       1,424.3        +562.3    +39.5%
smsp__inst_executed.sum                                    inst        74,609,257    54,037,609 +20,571,648.0    +38.1%
smsp__warps_issue_stalled_math_pipe_throttle.avg           warp             329.0         244.7         +84.3    +34.4%
smsp__warps_issue_stalled_long_scoreboard.avg              warp         3,542,305     2,815,795    +726,510.1    +25.8%
smsp__warps_eligible.avg.per_cycle_active                  warp              0.05          0.04        +0.010    +25.0%
smsp__warps_issue_stalled_wait.avg                         warp         425,615.8     340,959.4     +84,656.5    +24.8%
dram__bytes_read.sum                                       Gbyte      715,470,000   920,760,000 -205,290,000.0    -22.3%
dram__sectors_read.sum                                     sector      22,358,424    28,773,640  -6,415,216.0    -22.3%
dram__throughput.avg.pct_of_peak_sustained_elapsed         %                 3.92          5.03          -1.1    -22.1%
sm__warps_active.avg.per_cycle_active                      warp              7.00          6.00          +1.0    +16.7%
lts__t_sectors_op_read.sum                                 sector     444,829,426   527,335,741 -82,506,315.0    -15.6%
lts__throughput.avg.pct_of_peak_sustained_elapsed          %                42.42         49.26          -6.8    -13.9%
lts__t_sectors.sum                                         sector     460,261,523   529,558,023 -69,296,500.0    -13.1%

========================================================================================================================
fc1 pk=p mode=strip: ncycle vs default
  A = fc1_ncycle_p_strip,  B = fc1_default_p_strip   (positive delta% = A higher than B)
========================================================================================================================
Metric                                                     Unit                 A             B          Diff     Diff%
-----------------------------------------------------------------------------------------------------------------------
smsp__warps_issue_stalled_math_pipe_throttle.avg           warp             526.1         244.7        +281.4   +115.0%
smsp__warps_eligible.avg.per_cycle_active                  warp              0.05          0.04        +0.010    +25.0%
smsp__inst_executed.sum                                    inst        66,783,029    54,037,609 +12,745,420.0    +23.6%
dram__bytes_read.sum                                       Gbyte      715,380,000   920,760,000 -205,380,000.0    -22.3%
dram__sectors_read.sum                                     sector      22,355,760    28,773,640  -6,417,880.0    -22.3%
dram__throughput.avg.pct_of_peak_sustained_elapsed         %                 4.06          5.03        -0.970    -19.3%
smsp__warps_issue_stalled_not_selected.avg                 warp           1,698.7       1,424.3        +274.4    +19.3%
smsp__warps_issue_stalled_sleeping.avg                     warp          79,182.0      93,750.4     -14,568.4    -15.5%
launch__registers_per_thread                               register/thread         39.00         34.00          +5.0    +14.7%
lts__throughput.avg.pct_of_peak_sustained_elapsed          %                53.30         49.26          +4.0     +8.2%
smsp__warps_issue_stalled_wait.avg                         warp         366,646.5     340,959.4     +25,687.2     +7.5%
smsp__warps_issue_stalled_long_scoreboard.avg              warp         2,676,863     2,815,795    -138,932.1     -4.9%
sm__inst_executed_pipe_lsu.avg.pct_of_peak_sustained_elapsed %                 0.22          0.21        +0.010     +4.8%
smsp__warps_issue_stalled_barrier.avg                      warp         290,023.1     303,650.4     -13,627.3     -4.5%
sm__pipe_shared_cycles_active.avg.pct_of_peak_sustained_elapsed %                73.07         70.37          +2.7     +3.8%
l1tex__throughput.avg.pct_of_peak_sustained_elapsed        %                36.54         35.19          +1.4     +3.8%
sm__throughput.avg.pct_of_peak_sustained_elapsed           %                74.53         71.81          +2.7     +3.8%
lts__t_sector_hit_rate.pct                                 %                92.98         89.67          +3.3     +3.7%
smsp__cycles_active.avg                                    cycle        2,436,198     2,513,691     -77,492.6     -3.1%
sm__mio_pq_write_cycles_active.avg.pct_of_peak_sustained_elapsed %                 1.47          1.43        +0.040     +2.8%
sm__mio_pq_read_cycles_active.avg.pct_of_peak_sustained_elapsed %                 1.47          1.43        +0.040     +2.8%
lts__t_sectors_op_read.sum                                 sector     537,238,789   527,335,741  +9,903,048.0     +1.9%
lts__t_sectors.sum                                         sector     539,410,445   529,558,023  +9,852,422.0     +1.9%
l1tex__data_pipe_lsu_wavefronts_mem_shared_op_st.sum                      8,260.0       8,151.0        +109.0     +1.3%
dram__bytes_write.sum                                      Mbyte        3,580,000     3,550,000     +30,000.0     +0.8%

========================================================================================================================
fc1 pk=p mode=strip: nflat vs default
  A = fc1_nflat_p_strip,  B = fc1_default_p_strip   (positive delta% = A higher than B)
========================================================================================================================
Metric                                                     Unit                 A             B          Diff     Diff%
-----------------------------------------------------------------------------------------------------------------------
smsp__warps_issue_stalled_math_pipe_throttle.avg           warp             668.2         244.7        +423.5   +173.1%
smsp__warps_issue_stalled_not_selected.avg                 warp           2,569.7       1,424.3      +1,145.3    +80.4%
smsp__inst_executed.sum                                    inst        74,591,576    54,037,609 +20,553,967.0    +38.0%
smsp__warps_eligible.avg.per_cycle_active                  warp              0.05          0.04        +0.010    +25.0%
dram__bytes_read.sum                                       Gbyte      715,440,000   920,760,000 -205,320,000.0    -22.3%
dram__sectors_read.sum                                     sector      22,357,632    28,773,640  -6,416,008.0    -22.3%
smsp__warps_issue_stalled_sleeping.avg                     warp          73,533.5      93,750.4     -20,216.9    -21.6%
dram__throughput.avg.pct_of_peak_sustained_elapsed         %                 4.06          5.03        -0.970    -19.3%
launch__registers_per_thread                               register/thread         39.00         34.00          +5.0    +14.7%
smsp__warps_issue_stalled_wait.avg                         warp         389,128.0     340,959.4     +48,168.7    +14.1%
lts__throughput.avg.pct_of_peak_sustained_elapsed          %                54.18         49.26          +4.9    +10.0%
dram__bytes_write.sum                                      Mbyte        3,290,000     3,550,000    -260,000.0     -7.3%
dram__sectors_write.sum                                    sector       102,880.0     110,976.0      -8,096.0     -7.3%
smsp__warps_issue_stalled_long_scoreboard.avg              warp         2,640,760     2,815,795    -175,035.3     -6.2%
smsp__warps_issue_stalled_barrier.avg                      warp         286,377.6     303,650.4     -17,272.7     -5.7%
sm__inst_executed_pipe_lsu.avg.pct_of_peak_sustained_elapsed %                 0.22          0.21        +0.010     +4.8%
lts__t_sector_hit_rate.pct                                 %                93.77         89.67          +4.1     +4.6%
sm__pipe_shared_cycles_active.avg.pct_of_peak_sustained_elapsed %                73.09         70.37          +2.7     +3.9%
l1tex__throughput.avg.pct_of_peak_sustained_elapsed        %                36.55         35.19          +1.4     +3.9%
sm__throughput.avg.pct_of_peak_sustained_elapsed           %                74.56         71.81          +2.8     +3.8%
smsp__cycles_active.avg                                    cycle        2,430,176     2,513,691     -83,515.0     -3.3%
lts__t_sectors_op_read.sum                                 sector     543,642,033   527,335,741 +16,306,292.0     +3.1%
lts__t_sectors.sum                                         sector     545,814,730   529,558,023 +16,256,707.0     +3.1%
sm__mio_pq_write_cycles_active.avg.pct_of_peak_sustained_elapsed %                 1.47          1.43        +0.040     +2.8%
sm__mio_pq_read_cycles_active.avg.pct_of_peak_sustained_elapsed %                 1.47          1.43        +0.040     +2.8%

========================================================================================================================
fc1 pk=p mode=strip: nsnake vs default
  A = fc1_nsnake_p_strip,  B = fc1_default_p_strip   (positive delta% = A higher than B)
========================================================================================================================
Metric                                                     Unit                 A             B          Diff     Diff%
-----------------------------------------------------------------------------------------------------------------------
smsp__warps_issue_stalled_math_pipe_throttle.avg           warp             392.5         244.7        +147.8    +60.4%
smsp__warps_issue_stalled_not_selected.avg                 warp           1,865.3       1,424.3        +441.0    +31.0%
smsp__inst_executed.sum                                    inst        67,892,289    54,037,609 +13,854,680.0    +25.6%
smsp__warps_eligible.avg.per_cycle_active                  warp              0.05          0.04        +0.010    +25.0%
dram__bytes_read.sum                                       Gbyte      715,400,000   920,760,000 -205,360,000.0    -22.3%
dram__sectors_read.sum                                     sector      22,356,400    28,773,640  -6,417,240.0    -22.3%
dram__throughput.avg.pct_of_peak_sustained_elapsed         %                 4.07          5.03        -0.960    -19.1%
smsp__warps_issue_stalled_short_scoreboard.avg             warp             873.9         744.1        +129.7    +17.4%
smsp__warps_issue_stalled_sleeping.avg                     warp          78,276.8      93,750.4     -15,473.6    -16.5%
launch__registers_per_thread                               register/thread         39.00         34.00          +5.0    +14.7%
dram__sectors_write.sum                                    sector       100,608.0     110,976.0     -10,368.0     -9.3%
dram__bytes_write.sum                                      Mbyte        3,220,000     3,550,000    -330,000.0     -9.3%
smsp__warps_issue_stalled_wait.avg                         warp         368,485.2     340,959.4     +27,525.8     +8.1%
lts__throughput.avg.pct_of_peak_sustained_elapsed          %                52.70         49.26          +3.4     +7.0%
lts__t_sector_hit_rate.pct                                 %                94.45         89.67          +4.8     +5.3%
smsp__warps_issue_stalled_long_scoreboard.avg              warp         2,668,990     2,815,795    -146,804.6     -5.2%
smsp__warps_issue_stalled_barrier.avg                      warp         289,149.2     303,650.4     -14,501.2     -4.8%
sm__inst_executed_pipe_lsu.avg.pct_of_peak_sustained_elapsed %                 0.22          0.21        +0.010     +4.8%
sm__pipe_shared_cycles_active.avg.pct_of_peak_sustained_elapsed %                73.26         70.37          +2.9     +4.1%
l1tex__throughput.avg.pct_of_peak_sustained_elapsed        %                36.63         35.19          +1.4     +4.1%
sm__throughput.avg.pct_of_peak_sustained_elapsed           %                74.72         71.81          +2.9     +4.1%
smsp__cycles_active.avg                                    cycle        2,431,435     2,513,691     -82,255.5     -3.3%
sm__mio_pq_write_cycles_active.avg.pct_of_peak_sustained_elapsed %                 1.47          1.43        +0.040     +2.8%
sm__mio_pq_read_cycles_active.avg.pct_of_peak_sustained_elapsed %                 1.47          1.43        +0.040     +2.8%
lts__t_sectors_op_write.sum                                sector       2,160,222     2,115,457     +44,765.0     +2.1%

========================================================================================================================
fc1 pk=p mode=strip: rowmajor vs default
  A = fc1_rowmajor_p_strip,  B = fc1_default_p_strip   (positive delta% = A higher than B)
========================================================================================================================
Metric                                                     Unit                 A             B          Diff     Diff%
-----------------------------------------------------------------------------------------------------------------------
dram__bytes_read.sum                                       Gbyte      715,420,000   920,760,000 -205,340,000.0    -22.3%
dram__sectors_read.sum                                     sector      22,356,808    28,773,640  -6,416,832.0    -22.3%
dram__throughput.avg.pct_of_peak_sustained_elapsed         %                 4.02          5.03          -1.0    -20.1%
launch__registers_per_thread                               register/thread         39.00         34.00          +5.0    +14.7%
smsp__warps_issue_stalled_not_selected.avg                 warp           1,335.4       1,424.3         -88.9     -6.2%
sm__inst_executed_pipe_lsu.avg.pct_of_peak_sustained_elapsed %                 0.22          0.21        +0.010     +4.8%
smsp__warps_issue_stalled_math_pipe_throttle.avg           warp             234.6         244.7         -10.2     -4.2%
smsp__warps_issue_stalled_sleeping.avg                     warp          90,150.4      93,750.4      -3,599.9     -3.8%
sm__mio_pq_write_cycles_active.avg.pct_of_peak_sustained_elapsed %                 1.47          1.43        +0.040     +2.8%
sm__mio_pq_read_cycles_active.avg.pct_of_peak_sustained_elapsed %                 1.47          1.43        +0.040     +2.8%
sm__pipe_shared_cycles_active.avg.pct_of_peak_sustained_elapsed %                72.30         70.37          +1.9     +2.7%
smsp__warps_issue_stalled_short_scoreboard.avg             warp             723.8         744.1         -20.3     -2.7%
l1tex__throughput.avg.pct_of_peak_sustained_elapsed        %                36.15         35.19        +0.960     +2.7%
sm__throughput.avg.pct_of_peak_sustained_elapsed           %                73.76         71.81          +2.0     +2.7%
lts__t_sectors_op_read.sum                                 sector     516,014,875   527,335,741 -11,320,866.0     -2.1%
lts__t_sectors.sum                                         sector     518,256,803   529,558,023 -11,301,220.0     -2.1%
lts__t_sector_hit_rate.pct                                 %                91.43         89.67          +1.8     +2.0%
smsp__warps_issue_stalled_wait.avg                         warp         346,353.2     340,959.4      +5,393.8     +1.6%
dram__sectors_write.sum                                    sector       112,640.0     110,976.0      +1,664.0     +1.5%
dram__bytes_write.sum                                      Mbyte        3,600,000     3,550,000     +50,000.0     +1.4%
smsp__warps_issue_stalled_long_scoreboard.avg              warp         2,781,125     2,815,795     -34,670.6     -1.2%
smsp__inst_executed.sum                                    inst        53,395,928    54,037,609    -641,681.0     -1.2%
lts__t_sectors_op_write.sum                                sector       2,138,678     2,115,457     +23,221.0     +1.1%
lts__throughput.avg.pct_of_peak_sustained_elapsed          %                49.80         49.26        +0.540     +1.1%
smsp__warps_issue_stalled_barrier.avg                      warp         300,384.9     303,650.4      -3,265.5     -1.1%

========================================================================================================================
fc1 pk=p mode=strip: sched vs default
  A = fc1_sched_p_strip,  B = fc1_default_p_strip   (positive delta% = A higher than B)
========================================================================================================================
Metric                                                     Unit                 A             B          Diff     Diff%
-----------------------------------------------------------------------------------------------------------------------
l1tex__data_pipe_lsu_wavefronts_mem_shared_op_ld.sum                    634,016.0       1,889.0    +632,127.0 +33463.6%
smsp__warps_issue_stalled_short_scoreboard.avg             warp          23,326.5         744.1     +22,582.3  +3034.6%
l1tex__data_pipe_lsu_wavefronts_mem_shared_op_st.sum                    232,572.0       8,151.0    +224,421.0  +2753.3%
l1tex__data_pipe_lsu_wavefronts_mem_shared.sum                          2,707,718     318,938.0  +2,388,780.0   +749.0%
sm__inst_executed_pipe_lsu.avg.pct_of_peak_sustained_elapsed %                 1.11          0.21        +0.900   +428.6%
lts__t_sectors_op_write.sum                                sector       5,960,370     2,115,457  +3,844,913.0   +181.8%
smsp__warps_issue_stalled_math_pipe_throttle.avg           warp             671.9         244.7        +427.2   +174.6%
launch__registers_per_thread                               register/thread         76.00         34.00         +42.0   +123.5%
smsp__warps_issue_stalled_barrier.avg                      warp           1,642.4     303,650.4    -302,008.0    -99.5%
sm__mio_pq_read_cycles_active.avg.pct_of_peak_sustained_elapsed %                 2.83          1.43          +1.4    +97.9%
sm__mio_pq_write_cycles_active.avg.pct_of_peak_sustained_elapsed %                 2.81          1.43          +1.4    +96.5%
smsp__warps_issue_stalled_mio_throttle.avg                 warp             17.81         11.00          +6.8    +61.9%
smsp__warps_issue_stalled_sleeping.avg                     warp          43,939.3      93,750.4     -49,811.1    -53.1%
smsp__warps_issue_stalled_not_selected.avg                 warp           2,173.7       1,424.3        +749.4    +52.6%
smsp__inst_executed.sum                                    inst        75,112,625    54,037,609 +21,075,016.0    +39.0%
smsp__warps_issue_stalled_long_scoreboard.avg              warp         3,528,430     2,815,795    +712,635.0    +25.3%
smsp__warps_eligible.avg.per_cycle_active                  warp              0.05          0.04        +0.010    +25.0%
smsp__warps_issue_stalled_wait.avg                         warp         419,821.5     340,959.4     +78,862.2    +23.1%
dram__bytes_read.sum                                       Gbyte      715,330,000   920,760,000 -205,430,000.0    -22.3%
dram__sectors_read.sum                                     sector      22,354,016    28,773,640  -6,419,624.0    -22.3%
dram__throughput.avg.pct_of_peak_sustained_elapsed         %                 3.96          5.03          -1.1    -21.3%
sm__warps_active.avg.per_cycle_active                      warp              7.00          6.00          +1.0    +16.7%
dram__sectors_write.sum                                    sector       125,152.0     110,976.0     +14,176.0    +12.8%
dram__bytes_write.sum                                      Mbyte        4,000,000     3,550,000    +450,000.0    +12.7%
lts__t_sectors_op_read.sum                                 sector     463,397,126   527,335,741 -63,938,615.0    -12.1%

========================================================================================================================
fc1 pk=p mode=strip: zigzag vs default
  A = fc1_zigzag_p_strip,  B = fc1_default_p_strip   (positive delta% = A higher than B)
========================================================================================================================
Metric                                                     Unit                 A             B          Diff     Diff%
-----------------------------------------------------------------------------------------------------------------------
dram__bytes_read.sum                                       Gbyte      715,450,000   920,760,000 -205,310,000.0    -22.3%
dram__sectors_read.sum                                     sector      22,357,856    28,773,640  -6,415,784.0    -22.3%
dram__throughput.avg.pct_of_peak_sustained_elapsed         %                 4.01          5.03          -1.0    -20.3%
launch__registers_per_thread                               register/thread         39.00         34.00          +5.0    +14.7%
smsp__warps_issue_stalled_math_pipe_throttle.avg           warp             280.2         244.7         +35.5    +14.5%
smsp__inst_executed.sum                                    inst        60,668,817    54,037,609  +6,631,208.0    +12.3%
smsp__warps_issue_stalled_wait.avg                         warp         367,818.3     340,959.4     +26,859.0     +7.9%
smsp__warps_issue_stalled_sleeping.avg                     warp          86,412.7      93,750.4      -7,337.7     -7.8%
sm__inst_executed_pipe_lsu.avg.pct_of_peak_sustained_elapsed %                 0.22          0.21        +0.010     +4.8%
sm__pipe_shared_cycles_active.avg.pct_of_peak_sustained_elapsed %                72.17         70.37          +1.8     +2.6%
l1tex__throughput.avg.pct_of_peak_sustained_elapsed        %                36.09         35.19        +0.900     +2.6%
sm__throughput.avg.pct_of_peak_sustained_elapsed           %                73.63         71.81          +1.8     +2.5%
smsp__warps_issue_stalled_short_scoreboard.avg             warp             727.9         744.1         -16.3     -2.2%
sm__mio_pq_write_cycles_active.avg.pct_of_peak_sustained_elapsed %                 1.46          1.43        +0.030     +2.1%
sm__mio_pq_read_cycles_active.avg.pct_of_peak_sustained_elapsed %                 1.46          1.43        +0.030     +2.1%
lts__t_sectors_op_read.sum                                 sector     516,594,009   527,335,741 -10,741,732.0     -2.0%
lts__t_sectors.sum                                         sector     518,808,880   529,558,023 -10,749,143.0     -2.0%
smsp__warps_issue_stalled_long_scoreboard.avg              warp         2,759,344     2,815,795     -56,450.9     -2.0%
lts__t_sector_hit_rate.pct                                 %                91.34         89.67          +1.7     +1.9%
smsp__warps_issue_stalled_barrier.avg                      warp         298,152.6     303,650.4      -5,497.8     -1.8%
l1tex__data_pipe_lsu_wavefronts_mem_shared_op_ld.sum                      1,861.0       1,889.0         -28.0     -1.5%
lts__throughput.avg.pct_of_peak_sustained_elapsed          %                49.75         49.26        +0.490     +1.0%
smsp__cycles_active.avg                                    cycle        2,490,039     2,513,691     -23,651.6     -0.9%
smsp__warps_issue_stalled_not_selected.avg                 warp           1,432.1       1,424.3          +7.7     +0.5%
dram__sectors_write.sum                                    sector       110,608.0     110,976.0        -368.0     -0.3%

========================================================================================================================
fc1 pk=p mode=strip: zorder vs default
  A = fc1_zorder_p_strip,  B = fc1_default_p_strip   (positive delta% = A higher than B)
========================================================================================================================
Metric                                                     Unit                 A             B          Diff     Diff%
-----------------------------------------------------------------------------------------------------------------------
smsp__warps_issue_stalled_math_pipe_throttle.avg           warp             499.5         244.7        +254.8   +104.1%
smsp__warps_issue_stalled_not_selected.avg                 warp           1,982.8       1,424.3        +558.5    +39.2%
smsp__inst_executed.sum                                    inst        69,010,740    54,037,609 +14,973,131.0    +27.7%
smsp__warps_eligible.avg.per_cycle_active                  warp              0.05          0.04        +0.010    +25.0%
dram__bytes_read.sum                                       Gbyte      714,520,000   920,760,000 -206,240,000.0    -22.4%
dram__sectors_read.sum                                     sector      22,328,856    28,773,640  -6,444,784.0    -22.4%
dram__throughput.avg.pct_of_peak_sustained_elapsed         %                 4.04          5.03        -0.990    -19.7%
launch__registers_per_thread                               register/thread         40.00         34.00          +6.0    +17.6%
smsp__warps_issue_stalled_wait.avg                         warp         393,042.1     340,959.4     +52,082.7    +15.3%
smsp__warps_issue_stalled_sleeping.avg                     warp          79,495.4      93,750.4     -14,255.0    -15.2%
sm__inst_executed_pipe_lsu.avg.pct_of_peak_sustained_elapsed %                 0.22          0.21        +0.010     +4.8%
smsp__warps_issue_stalled_short_scoreboard.avg             warp             713.7         744.1         -30.4     -4.1%
smsp__warps_issue_stalled_long_scoreboard.avg              warp         2,702,426     2,815,795    -113,369.2     -4.0%
lts__throughput.avg.pct_of_peak_sustained_elapsed          %                51.11         49.26          +1.9     +3.8%
smsp__warps_issue_stalled_barrier.avg                      warp         292,676.8     303,650.4     -10,973.6     -3.6%
sm__pipe_shared_cycles_active.avg.pct_of_peak_sustained_elapsed %                72.79         70.37          +2.4     +3.4%
l1tex__throughput.avg.pct_of_peak_sustained_elapsed        %                36.40         35.19          +1.2     +3.4%
sm__throughput.avg.pct_of_peak_sustained_elapsed           %                74.25         71.81          +2.4     +3.4%
dram__sectors_write.sum                                    sector       107,984.0     110,976.0      -2,992.0     -2.7%
dram__bytes_write.sum                                      Mbyte        3,460,000     3,550,000     -90,000.0     -2.5%
sm__mio_pq_write_cycles_active.avg.pct_of_peak_sustained_elapsed %                 1.46          1.43        +0.030     +2.1%
sm__mio_pq_read_cycles_active.avg.pct_of_peak_sustained_elapsed %                 1.46          1.43        +0.030     +2.1%
lts__t_sector_hit_rate.pct                                 %                91.46         89.67          +1.8     +2.0%
smsp__cycles_active.avg                                    cycle        2,472,034     2,513,691     -41,657.2     -1.7%
l1tex__data_pipe_lsu_wavefronts_mem_shared_op_ld.sum                      1,860.0       1,889.0         -29.0     -1.5%

========================================================================================================================
fc2 pk=p mode=fused: dgswizzle vs default
  A = fc2_dgswizzle_p_fused,  B = fc2_default_p_fused   (positive delta% = A higher than B)
========================================================================================================================
Metric                                                     Unit                 A             B          Diff     Diff%
-----------------------------------------------------------------------------------------------------------------------
smsp__warps_issue_stalled_math_pipe_throttle.avg           warp           2,858.3       2,214.4        +643.9    +29.1%
dram__bytes_read.sum                                       Gbyte    5,440,000,000 6,790,000,000 -1,350,000,000.0    -19.9%
dram__sectors_read.sum                                     sector     170,124,488   212,173,000 -42,048,512.0    -19.8%
smsp__warps_issue_stalled_not_selected.avg                 warp           7,772.5       6,697.8      +1,074.7    +16.0%
dram__throughput.avg.pct_of_peak_sustained_elapsed         %                50.09         57.47          -7.4    -12.8%
smsp__warps_issue_stalled_short_scoreboard.avg             warp         187,957.9     168,700.8     +19,257.0    +11.4%
lts__t_sectors_op_read.sum                                 sector     598,531,661   673,397,167 -74,865,506.0    -11.1%
smsp__warps_issue_stalled_sleeping.avg                     warp          18,741.3      20,952.3      -2,211.0    -10.6%
lts__t_sector_hit_rate.pct                                 %                50.57         45.85          +4.7    +10.3%
lts__t_sectors.sum                                         sector     666,641,872   741,578,731 -74,936,859.0    -10.1%
l1tex__data_pipe_lsu_wavefronts_mem_shared_op_ld.sum                   30,172,816    27,943,932  +2,228,884.0     +8.0%
launch__registers_per_thread                               register/thread         117.0         126.0          -9.0     -7.1%
lts__throughput.avg.pct_of_peak_sustained_elapsed          %                66.60         70.73          -4.1     -5.8%
sm__inst_executed_pipe_lsu.avg.pct_of_peak_sustained_elapsed %                 3.49          3.31        +0.180     +5.4%
l1tex__throughput.avg.pct_of_peak_sustained_elapsed        %                52.30         49.69          +2.6     +5.3%
sm__pipe_shared_cycles_active.avg.pct_of_peak_sustained_elapsed %                96.55         91.74          +4.8     +5.2%
sm__mio_pq_write_cycles_active.avg.pct_of_peak_sustained_elapsed %                 6.03          5.75        +0.280     +4.9%
sm__mio_pq_read_cycles_active.avg.pct_of_peak_sustained_elapsed %                 6.03          5.75        +0.280     +4.9%
sm__throughput.avg.pct_of_peak_sustained_elapsed           %                96.72         92.34          +4.4     +4.7%
smsp__warps_issue_stalled_long_scoreboard.avg              warp         2,023,480     2,117,224     -93,744.4     -4.4%
l1tex__data_pipe_lsu_wavefronts_mem_shared_op_st.sum                   18,324,004    19,171,433    -847,429.0     -4.4%
smsp__warps_issue_stalled_wait.avg                         warp         401,027.4     384,327.8     +16,699.7     +4.3%
smsp__inst_executed.sum                                    inst       106,057,818   101,843,853  +4,213,965.0     +4.1%
l1tex__data_pipe_lsu_wavefronts_mem_shared.sum                         49,997,715    48,470,271  +1,527,444.0     +3.2%
smsp__warps_issue_stalled_barrier.avg                      warp         267,308.7     271,656.3      -4,347.6     -1.6%

========================================================================================================================
fc2 pk=p mode=fused: hilbert vs default
  A = fc2_hilbert_p_fused,  B = fc2_default_p_fused   (positive delta% = A higher than B)
========================================================================================================================
Metric                                                     Unit                 A             B          Diff     Diff%
-----------------------------------------------------------------------------------------------------------------------
smsp__warps_issue_stalled_mio_throttle.avg                 warp             67.34         17.61         +49.7   +282.4%
smsp__warps_issue_stalled_math_pipe_throttle.avg           warp           3,743.1       2,214.4      +1,528.8    +69.0%
lts__t_sectors_op_write.sum                                sector      93,129,231    67,511,752 +25,617,479.0    +37.9%
smsp__warps_issue_stalled_not_selected.avg                 warp           8,962.2       6,697.8      +2,264.4    +33.8%
sm__mio_pq_read_cycles_active.avg.pct_of_peak_sustained_elapsed %                 7.55          5.75          +1.8    +31.3%
sm__mio_pq_write_cycles_active.avg.pct_of_peak_sustained_elapsed %                 7.54          5.75          +1.8    +31.1%
smsp__warps_issue_stalled_sleeping.avg                     warp          17,126.2      20,952.3      -3,826.1    -18.3%
sm__inst_executed_pipe_lsu.avg.pct_of_peak_sustained_elapsed %                 3.91          3.31        +0.600    +18.1%
dram__bytes_read.sum                                       Gbyte    5,810,000,000 6,790,000,000 -980,000,000.0    -14.4%
dram__sectors_read.sum                                     sector     181,621,752   212,173,000 -30,551,248.0    -14.4%
lts__t_sector_hit_rate.pct                                 %                52.38         45.85          +6.5    +14.2%
l1tex__data_pipe_lsu_wavefronts_mem_shared_op_st.sum                   21,761,658    19,171,433  +2,590,225.0    +13.5%
smsp__inst_executed.sum                                    inst       113,092,145   101,843,853 +11,248,292.0    +11.0%
smsp__warps_eligible.avg.per_cycle_active                  warp              0.11          0.10        +0.010    +10.0%
dram__throughput.avg.pct_of_peak_sustained_elapsed         %                51.89         57.47          -5.6     -9.7%
smsp__warps_issue_stalled_wait.avg                         warp         418,656.4     384,327.8     +34,328.6     +8.9%
l1tex__data_pipe_lsu_wavefronts_mem_shared_op_ld.sum                   25,860,948    27,943,932  -2,082,984.0     -7.5%
launch__registers_per_thread                               register/thread         117.0         126.0          -9.0     -7.1%
smsp__warps_issue_stalled_short_scoreboard.avg             warp         179,142.7     168,700.8     +10,441.9     +6.2%
lts__t_sectors.sum                                         sector     777,220,013   741,578,731 +35,641,282.0     +4.8%
sm__throughput.avg.pct_of_peak_sustained_elapsed           %                95.56         92.34          +3.2     +3.5%
l1tex__throughput.avg.pct_of_peak_sustained_elapsed        %                51.40         49.69          +1.7     +3.4%
sm__pipe_shared_cycles_active.avg.pct_of_peak_sustained_elapsed %                94.88         91.74          +3.1     +3.4%
smsp__warps_issue_stalled_long_scoreboard.avg              warp         2,051,897     2,117,224     -65,327.0     -3.1%
lts__throughput.avg.pct_of_peak_sustained_elapsed          %                72.75         70.73          +2.0     +2.9%

========================================================================================================================
fc2 pk=p mode=fused: lean vs default
  A = fc2_lean_p_fused,  B = fc2_default_p_fused   (positive delta% = A higher than B)
========================================================================================================================
Metric                                                     Unit                 A             B          Diff     Diff%
-----------------------------------------------------------------------------------------------------------------------
smsp__warps_issue_stalled_barrier.avg                      warp          43,803.4     271,656.3    -227,852.9    -83.9%
smsp__warps_issue_stalled_sleeping.avg                     warp           3,578.2      20,952.3     -17,374.1    -82.9%
dram__bytes_read.sum                                       Gbyte    4,280,000,000 6,790,000,000 -2,510,000,000.0    -37.0%
dram__sectors_read.sum                                     sector     133,747,960   212,173,000 -78,425,040.0    -37.0%
smsp__warps_issue_stalled_mio_throttle.avg                 warp             23.46         17.61          +5.9    +33.2%
launch__registers_per_thread                               register/thread         164.0         126.0         +38.0    +30.2%
smsp__warps_issue_stalled_short_scoreboard.avg             warp         216,935.8     168,700.8     +48,235.0    +28.6%
dram__throughput.avg.pct_of_peak_sustained_elapsed         %                41.74         57.47         -15.7    -27.4%
smsp__warps_issue_stalled_long_scoreboard.avg              warp         2,661,670     2,117,224    +544,445.8    +25.7%
l1tex__data_pipe_lsu_wavefronts_mem_shared_op_st.sum                   14,510,627    19,171,433  -4,660,806.0    -24.3%
lts__t_sector_hit_rate.pct                                 %                56.38         45.85         +10.5    +23.0%
l1tex__data_pipe_lsu_wavefronts_mem_shared_op_ld.sum                   33,242,419    27,943,932  +5,298,487.0    +19.0%
sm__mio_pq_read_cycles_active.avg.pct_of_peak_sustained_elapsed %                 6.70          5.75        +0.950    +16.5%
sm__mio_pq_write_cycles_active.avg.pct_of_peak_sustained_elapsed %                 6.69          5.75        +0.940    +16.3%
sm__warps_active.avg.per_cycle_active                      warp              7.98          7.00        +0.980    +14.0%
sm__inst_executed_pipe_lsu.avg.pct_of_peak_sustained_elapsed %                 3.76          3.31        +0.450    +13.6%
lts__t_sectors_op_read.sum                                 sector     619,016,093   673,397,167 -54,381,074.0     -8.1%
smsp__warps_issue_stalled_not_selected.avg                 warp           7,168.6       6,697.8        +470.8     +7.0%
lts__t_sectors.sum                                         sector     690,501,123   741,578,731 -51,077,608.0     -6.9%
smsp__inst_executed.sum                                    inst       107,944,702   101,843,853  +6,100,849.0     +6.0%
l1tex__throughput.avg.pct_of_peak_sustained_elapsed        %                52.48         49.69          +2.8     +5.6%
sm__throughput.avg.pct_of_peak_sustained_elapsed           %                97.51         92.34          +5.2     +5.6%
sm__pipe_shared_cycles_active.avg.pct_of_peak_sustained_elapsed %                96.87         91.74          +5.1     +5.6%
smsp__warps_issue_stalled_wait.avg                         warp         403,953.8     384,327.8     +19,626.1     +5.1%
smsp__warps_issue_stalled_math_pipe_throttle.avg           warp           2,325.0       2,214.4        +110.6     +5.0%

========================================================================================================================
fc2 pk=p mode=fused: ncycle vs default
  A = fc2_ncycle_p_fused,  B = fc2_default_p_fused   (positive delta% = A higher than B)
========================================================================================================================
Metric                                                     Unit                 A             B          Diff     Diff%
-----------------------------------------------------------------------------------------------------------------------
dram__bytes_read.sum                                       Gbyte    5,530,000,000 6,790,000,000 -1,260,000,000.0    -18.6%
dram__sectors_read.sum                                     sector     172,901,584   212,173,000 -39,271,416.0    -18.5%
smsp__warps_issue_stalled_math_pipe_throttle.avg           warp           2,586.7       2,214.4        +372.3    +16.8%
lts__t_sector_hit_rate.pct                                 %                52.72         45.85          +6.9    +15.0%
dram__throughput.avg.pct_of_peak_sustained_elapsed         %                50.31         57.47          -7.2    -12.5%
l1tex__data_pipe_lsu_wavefronts_mem_shared_op_ld.sum                   30,511,583    27,943,932  +2,567,651.0     +9.2%
smsp__warps_issue_stalled_not_selected.avg                 warp           7,203.5       6,697.8        +505.7     +7.6%
smsp__warps_issue_stalled_short_scoreboard.avg             warp         180,972.6     168,700.8     +12,271.8     +7.3%
launch__registers_per_thread                               register/thread         117.0         126.0          -9.0     -7.1%
lts__t_sectors_op_read.sum                                 sector     638,692,087   673,397,167 -34,705,080.0     -5.2%
lts__t_sectors.sum                                         sector     706,991,297   741,578,731 -34,587,434.0     -4.7%
sm__inst_executed_pipe_lsu.avg.pct_of_peak_sustained_elapsed %                 3.46          3.31        +0.150     +4.5%
l1tex__data_pipe_lsu_wavefronts_mem_shared_op_st.sum                   18,311,031    19,171,433    -860,402.0     -4.5%
l1tex__throughput.avg.pct_of_peak_sustained_elapsed        %                51.87         49.69          +2.2     +4.4%
sm__pipe_shared_cycles_active.avg.pct_of_peak_sustained_elapsed %                95.76         91.74          +4.0     +4.4%
sm__throughput.avg.pct_of_peak_sustained_elapsed           %                96.13         92.34          +3.8     +4.1%
sm__mio_pq_write_cycles_active.avg.pct_of_peak_sustained_elapsed %                 5.98          5.75        +0.230     +4.0%
sm__mio_pq_read_cycles_active.avg.pct_of_peak_sustained_elapsed %                 5.98          5.75        +0.230     +4.0%
l1tex__data_pipe_lsu_wavefronts_mem_shared.sum                         50,283,130    48,470,271  +1,812,859.0     +3.7%
smsp__warps_issue_stalled_sleeping.avg                     warp          20,376.8      20,952.3        -575.5     -2.7%
smsp__inst_executed.sum                                    inst       103,826,363   101,843,853  +1,982,510.0     +1.9%
smsp__warps_issue_stalled_long_scoreboard.avg              warp         2,081,314     2,117,224     -35,910.4     -1.7%
lts__throughput.avg.pct_of_peak_sustained_elapsed          %                71.44         70.73        +0.710     +1.0%
smsp__warps_issue_stalled_barrier.avg                      warp         269,249.7     271,656.3      -2,406.6     -0.9%
dram__sectors_write.sum                                    sector      44,253,968    44,586,480    -332,512.0     -0.7%

========================================================================================================================
fc2 pk=p mode=fused: nflat vs default
  A = fc2_nflat_p_fused,  B = fc2_default_p_fused   (positive delta% = A higher than B)
========================================================================================================================
Metric                                                     Unit                 A             B          Diff     Diff%
-----------------------------------------------------------------------------------------------------------------------
smsp__warps_issue_stalled_math_pipe_throttle.avg           warp           2,851.9       2,214.4        +637.6    +28.8%
dram__sectors_read.sum                                     sector     172,138,488   212,173,000 -40,034,512.0    -18.9%
dram__bytes_read.sum                                       Gbyte    5,510,000,000 6,790,000,000 -1,280,000,000.0    -18.9%
lts__t_sector_hit_rate.pct                                 %                54.35         45.85          +8.5    +18.5%
dram__throughput.avg.pct_of_peak_sustained_elapsed         %                50.05         57.47          -7.4    -12.9%
smsp__warps_issue_stalled_not_selected.avg                 warp           7,483.0       6,697.8        +785.2    +11.7%
l1tex__data_pipe_lsu_wavefronts_mem_shared_op_ld.sum                   29,969,782    27,943,932  +2,025,850.0     +7.2%
smsp__warps_issue_stalled_short_scoreboard.avg             warp         180,778.4     168,700.8     +12,077.5     +7.2%
launch__registers_per_thread                               register/thread         117.0         126.0          -9.0     -7.1%
sm__inst_executed_pipe_lsu.avg.pct_of_peak_sustained_elapsed %                 3.45          3.31        +0.140     +4.2%
sm__pipe_shared_cycles_active.avg.pct_of_peak_sustained_elapsed %                95.47         91.74          +3.7     +4.1%
l1tex__throughput.avg.pct_of_peak_sustained_elapsed        %                51.71         49.69          +2.0     +4.1%
lts__throughput.avg.pct_of_peak_sustained_elapsed          %                73.56         70.73          +2.8     +4.0%
sm__throughput.avg.pct_of_peak_sustained_elapsed           %                95.90         92.34          +3.6     +3.9%
sm__mio_pq_write_cycles_active.avg.pct_of_peak_sustained_elapsed %                 5.97          5.75        +0.220     +3.8%
l1tex__data_pipe_lsu_wavefronts_mem_shared.sum                         50,262,596    48,470,271  +1,792,325.0     +3.7%
sm__mio_pq_read_cycles_active.avg.pct_of_peak_sustained_elapsed %                 5.96          5.75        +0.210     +3.7%
smsp__warps_issue_stalled_sleeping.avg                     warp          20,198.0      20,952.3        -754.3     -3.6%
smsp__inst_executed.sum                                    inst       105,085,926   101,843,853  +3,242,073.0     +3.2%
lts__t_sectors_op_read.sum                                 sector     653,664,734   673,397,167 -19,732,433.0     -2.9%
lts__t_sectors.sum                                         sector     721,950,155   741,578,731 -19,628,576.0     -2.6%
smsp__warps_issue_stalled_long_scoreboard.avg              warp         2,071,100     2,117,224     -46,124.1     -2.2%
l1tex__data_pipe_lsu_wavefronts_mem_shared_op_st.sum                   18,785,876    19,171,433    -385,557.0     -2.0%
smsp__warps_issue_stalled_wait.avg                         warp         391,565.6     384,327.8      +7,237.8     +1.9%
smsp__warps_issue_stalled_mio_throttle.avg                 warp             17.83         17.61        +0.220     +1.2%

========================================================================================================================
fc2 pk=p mode=fused: nsnake vs default
  A = fc2_nsnake_p_fused,  B = fc2_default_p_fused   (positive delta% = A higher than B)
========================================================================================================================
Metric                                                     Unit                 A             B          Diff     Diff%
-----------------------------------------------------------------------------------------------------------------------
smsp__warps_issue_stalled_math_pipe_throttle.avg           warp           2,693.4       2,214.4        +479.1    +21.6%
dram__sectors_read.sum                                     sector     172,113,984   212,173,000 -40,059,016.0    -18.9%
dram__bytes_read.sum                                       Gbyte    5,510,000,000 6,790,000,000 -1,280,000,000.0    -18.9%
lts__t_sector_hit_rate.pct                                 %                52.92         45.85          +7.1    +15.4%
dram__throughput.avg.pct_of_peak_sustained_elapsed         %                50.10         57.47          -7.4    -12.8%
l1tex__data_pipe_lsu_wavefronts_mem_shared_op_ld.sum                   30,625,996    27,943,932  +2,682,064.0     +9.6%
smsp__warps_issue_stalled_not_selected.avg                 warp           7,297.6       6,697.8        +599.9     +9.0%
smsp__warps_issue_stalled_short_scoreboard.avg             warp         181,344.1     168,700.8     +12,643.3     +7.5%
launch__registers_per_thread                               register/thread         117.0         126.0          -9.0     -7.1%
lts__t_sectors_op_read.sum                                 sector     638,847,472   673,397,167 -34,549,695.0     -5.1%
l1tex__data_pipe_lsu_wavefronts_mem_shared_op_st.sum                   18,228,202    19,171,433    -943,231.0     -4.9%
lts__t_sectors.sum                                         sector     707,134,985   741,578,731 -34,443,746.0     -4.6%
sm__inst_executed_pipe_lsu.avg.pct_of_peak_sustained_elapsed %                 3.46          3.31        +0.150     +4.5%
l1tex__throughput.avg.pct_of_peak_sustained_elapsed        %                51.85         49.69          +2.2     +4.3%
sm__pipe_shared_cycles_active.avg.pct_of_peak_sustained_elapsed %                95.72         91.74          +4.0     +4.3%
sm__throughput.avg.pct_of_peak_sustained_elapsed           %                96.11         92.34          +3.8     +4.1%
smsp__warps_issue_stalled_sleeping.avg                     warp          20,109.7      20,952.3        -842.6     -4.0%
sm__mio_pq_write_cycles_active.avg.pct_of_peak_sustained_elapsed %                 5.98          5.75        +0.230     +4.0%
sm__mio_pq_read_cycles_active.avg.pct_of_peak_sustained_elapsed %                 5.98          5.75        +0.230     +4.0%
l1tex__data_pipe_lsu_wavefronts_mem_shared.sum                         50,268,547    48,470,271  +1,798,276.0     +3.7%
smsp__inst_executed.sum                                    inst       104,121,566   101,843,853  +2,277,713.0     +2.2%
smsp__warps_issue_stalled_long_scoreboard.avg              warp         2,075,707     2,117,224     -41,517.3     -2.0%
lts__throughput.avg.pct_of_peak_sustained_elapsed          %                71.57         70.73        +0.840     +1.2%
smsp__warps_issue_stalled_wait.avg                         warp         387,947.8     384,327.8      +3,620.0     +0.9%
smsp__warps_issue_stalled_barrier.avg                      warp         269,100.0     271,656.3      -2,556.3     -0.9%

========================================================================================================================
fc2 pk=p mode=fused: rowmajor vs default
  A = fc2_rowmajor_p_fused,  B = fc2_default_p_fused   (positive delta% = A higher than B)
========================================================================================================================
Metric                                                     Unit                 A             B          Diff     Diff%
-----------------------------------------------------------------------------------------------------------------------
smsp__warps_issue_stalled_math_pipe_throttle.avg           warp           2,575.5       2,214.4        +361.1    +16.3%
dram__bytes_read.sum                                       Gbyte    6,060,000,000 6,790,000,000 -730,000,000.0    -10.8%
dram__sectors_read.sum                                     sector     189,376,184   212,173,000 -22,796,816.0    -10.7%
lts__t_sector_hit_rate.pct                                 %                50.72         45.85          +4.9    +10.6%
smsp__warps_issue_stalled_not_selected.avg                 warp           7,193.0       6,697.8        +495.3     +7.4%
launch__registers_per_thread                               register/thread         117.0         126.0          -9.0     -7.1%
dram__throughput.avg.pct_of_peak_sustained_elapsed         %                54.30         57.47          -3.2     -5.5%
l1tex__data_pipe_lsu_wavefronts_mem_shared_op_st.sum                   18,125,543    19,171,433  -1,045,890.0     -5.5%
l1tex__data_pipe_lsu_wavefronts_mem_shared_op_ld.sum                   29,300,032    27,943,932  +1,356,100.0     +4.9%
sm__inst_executed_pipe_lsu.avg.pct_of_peak_sustained_elapsed %                 3.43          3.31        +0.120     +3.6%
l1tex__throughput.avg.pct_of_peak_sustained_elapsed        %                51.43         49.69          +1.7     +3.5%
sm__pipe_shared_cycles_active.avg.pct_of_peak_sustained_elapsed %                94.95         91.74          +3.2     +3.5%
sm__mio_pq_write_cycles_active.avg.pct_of_peak_sustained_elapsed %                 5.95          5.75        +0.200     +3.5%
sm__mio_pq_read_cycles_active.avg.pct_of_peak_sustained_elapsed %                 5.95          5.75        +0.200     +3.5%
sm__throughput.avg.pct_of_peak_sustained_elapsed           %                95.48         92.34          +3.1     +3.4%
smsp__warps_issue_stalled_short_scoreboard.avg             warp         173,765.5     168,700.8      +5,064.7     +3.0%
smsp__warps_issue_stalled_sleeping.avg                     warp          20,376.4      20,952.3        -575.9     -2.7%
lts__throughput.avg.pct_of_peak_sustained_elapsed          %                72.64         70.73          +1.9     +2.7%
lts__t_sectors_op_read.sum                                 sector     667,382,395   673,397,167  -6,014,772.0     -0.9%
lts__t_sectors.sum                                         sector     735,445,901   741,578,731  -6,132,830.0     -0.8%
smsp__warps_issue_stalled_mio_throttle.avg                 warp             17.75         17.61        +0.140     +0.8%
smsp__inst_executed.sum                                    inst       102,574,505   101,843,853    +730,652.0     +0.7%
dram__bytes_write.sum                                      Mbyte    1,420,000,000 1,430,000,000 -10,000,000.0     -0.7%
l1tex__data_pipe_lsu_wavefronts_mem_shared.sum                         48,713,196    48,470,271    +242,925.0     +0.5%
smsp__cycles_active.avg                                    cycle        1,842,089     1,850,406      -8,316.8     -0.4%

========================================================================================================================
fc2 pk=p mode=fused: rowsteal vs default
  A = fc2_rowsteal_p_fused,  B = fc2_default_p_fused   (positive delta% = A higher than B)
========================================================================================================================
Metric                                                     Unit                 A             B          Diff     Diff%
-----------------------------------------------------------------------------------------------------------------------
smsp__warps_issue_stalled_barrier.avg                      warp          45,002.6     271,656.3    -226,653.7    -83.4%
smsp__warps_issue_stalled_sleeping.avg                     warp           4,864.7      20,952.3     -16,087.6    -76.8%
smsp__warps_issue_stalled_mio_throttle.avg                 warp             24.23         17.61          +6.6    +37.6%
smsp__warps_issue_stalled_long_scoreboard.avg              warp         2,758,379     2,117,224    +641,155.2    +30.3%
launch__registers_per_thread                               register/thread         164.0         126.0         +38.0    +30.2%
dram__bytes_read.sum                                       Gbyte    4,870,000,000 6,790,000,000 -1,920,000,000.0    -28.3%
dram__sectors_read.sum                                     sector     152,333,600   212,173,000 -59,839,400.0    -28.2%
lts__t_sector_hit_rate.pct                                 %                57.13         45.85         +11.3    +24.6%
dram__throughput.avg.pct_of_peak_sustained_elapsed         %                45.55         57.47         -11.9    -20.7%
smsp__warps_issue_stalled_short_scoreboard.avg             warp         200,824.8     168,700.8     +32,124.0    +19.0%
l1tex__data_pipe_lsu_wavefronts_mem_shared_op_ld.sum                   32,114,896    27,943,932  +4,170,964.0    +14.9%
l1tex__data_pipe_lsu_wavefronts_mem_shared_op_st.sum                   16,351,246    19,171,433  -2,820,187.0    -14.7%
sm__mio_pq_read_cycles_active.avg.pct_of_peak_sustained_elapsed %                 6.58          5.75        +0.830    +14.4%
sm__mio_pq_write_cycles_active.avg.pct_of_peak_sustained_elapsed %                 6.57          5.75        +0.820    +14.3%
sm__warps_active.avg.per_cycle_active                      warp              7.98          7.00        +0.980    +14.0%
sm__inst_executed_pipe_lsu.avg.pct_of_peak_sustained_elapsed %                 3.73          3.31        +0.420    +12.7%
smsp__warps_issue_stalled_not_selected.avg                 warp           7,392.2       6,697.8        +694.4    +10.4%
smsp__warps_issue_stalled_math_pipe_throttle.avg           warp           2,364.5       2,214.4        +150.1     +6.8%
smsp__inst_executed.sum                                    inst       107,913,996   101,843,853  +6,070,143.0     +6.0%
lts__t_sectors_op_read.sum                                 sector     637,018,075   673,397,167 -36,379,092.0     -5.4%
lts__t_sectors.sum                                         sector     707,394,148   741,578,731 -34,184,583.0     -4.6%
sm__throughput.avg.pct_of_peak_sustained_elapsed           %                96.08         92.34          +3.7     +4.1%
l1tex__throughput.avg.pct_of_peak_sustained_elapsed        %                51.58         49.69          +1.9     +3.8%
sm__pipe_shared_cycles_active.avg.pct_of_peak_sustained_elapsed %                95.22         91.74          +3.5     +3.8%
l1tex__data_pipe_lsu_wavefronts_mem_shared.sum                         50,264,863    48,470,271  +1,794,592.0     +3.7%

========================================================================================================================
fc2 pk=p mode=fused: sched vs default
  A = fc2_sched_p_fused,  B = fc2_default_p_fused   (positive delta% = A higher than B)
========================================================================================================================
Metric                                                     Unit                 A             B          Diff     Diff%
-----------------------------------------------------------------------------------------------------------------------
smsp__warps_issue_stalled_barrier.avg                      warp          44,525.2     271,656.3    -227,131.1    -83.6%
smsp__warps_issue_stalled_sleeping.avg                     warp           3,693.0      20,952.3     -17,259.3    -82.4%
smsp__warps_issue_stalled_mio_throttle.avg                 warp             24.39         17.61          +6.8    +38.5%
dram__bytes_read.sum                                       Gbyte    4,280,000,000 6,790,000,000 -2,510,000,000.0    -37.0%
dram__sectors_read.sum                                     sector     133,746,952   212,173,000 -78,426,048.0    -37.0%
launch__registers_per_thread                               register/thread         164.0         126.0         +38.0    +30.2%
dram__throughput.avg.pct_of_peak_sustained_elapsed         %                41.93         57.47         -15.5    -27.0%
smsp__warps_issue_stalled_long_scoreboard.avg              warp         2,659,541     2,117,224    +542,316.3    +25.6%
l1tex__data_pipe_lsu_wavefronts_mem_shared_op_st.sum                   14,788,402    19,171,433  -4,383,031.0    -22.9%
lts__t_sector_hit_rate.pct                                 %                56.08         45.85         +10.2    +22.3%
smsp__warps_issue_stalled_short_scoreboard.avg             warp         203,239.8     168,700.8     +34,538.9    +20.5%
l1tex__data_pipe_lsu_wavefronts_mem_shared_op_ld.sum                   33,213,785    27,943,932  +5,269,853.0    +18.9%
sm__mio_pq_write_cycles_active.avg.pct_of_peak_sustained_elapsed %                 6.81          5.75          +1.1    +18.4%
sm__mio_pq_read_cycles_active.avg.pct_of_peak_sustained_elapsed %                 6.81          5.75          +1.1    +18.4%
sm__inst_executed_pipe_lsu.avg.pct_of_peak_sustained_elapsed %                 3.87          3.31        +0.560    +16.9%
sm__warps_active.avg.per_cycle_active                      warp              7.98          7.00        +0.980    +14.0%
smsp__warps_issue_stalled_not_selected.avg                 warp           7,445.1       6,697.8        +747.3    +11.2%
lts__t_sectors_op_read.sum                                 sector     604,909,447   673,397,167 -68,487,720.0    -10.2%
lts__t_sectors.sum                                         sector     677,071,129   741,578,731 -64,507,602.0     -8.7%
smsp__warps_issue_stalled_math_pipe_throttle.avg           warp           2,365.7       2,214.4        +151.3     +6.8%
smsp__inst_executed.sum                                    inst       108,567,112   101,843,853  +6,723,259.0     +6.6%
l1tex__throughput.avg.pct_of_peak_sustained_elapsed        %                52.79         49.69          +3.1     +6.2%
sm__pipe_shared_cycles_active.avg.pct_of_peak_sustained_elapsed %                97.43         91.74          +5.7     +6.2%
sm__throughput.avg.pct_of_peak_sustained_elapsed           %                97.96         92.34          +5.6     +6.1%
smsp__warps_issue_stalled_wait.avg                         warp         400,536.5     384,327.8     +16,208.7     +4.2%

========================================================================================================================
fc2 pk=p mode=fused: tail vs default
  A = fc2_tail_p_fused,  B = fc2_default_p_fused   (positive delta% = A higher than B)
========================================================================================================================
Metric                                                     Unit                 A             B          Diff     Diff%
-----------------------------------------------------------------------------------------------------------------------
smsp__warps_issue_stalled_barrier.avg                      warp          43,931.7     271,656.3    -227,724.6    -83.8%
smsp__warps_issue_stalled_sleeping.avg                     warp           4,902.1      20,952.3     -16,050.2    -76.6%
smsp__warps_issue_stalled_mio_throttle.avg                 warp             24.86         17.61          +7.2    +41.2%
launch__registers_per_thread                               register/thread         165.0         126.0         +39.0    +31.0%
smsp__warps_issue_stalled_long_scoreboard.avg              warp         2,744,000     2,117,224    +626,775.9    +29.6%
l1tex__data_pipe_lsu_wavefronts_mem_shared_op_st.sum                   15,305,137    19,171,433  -3,866,296.0    -20.2%
smsp__warps_issue_stalled_short_scoreboard.avg             warp         201,144.3     168,700.8     +32,443.5    +19.2%
dram__bytes_read.sum                                       Gbyte    5,610,000,000 6,790,000,000 -1,180,000,000.0    -17.4%
dram__sectors_read.sum                                     sector     175,395,440   212,173,000 -36,777,560.0    -17.3%
l1tex__data_pipe_lsu_wavefronts_mem_shared_op_ld.sum                   32,457,408    27,943,932  +4,513,476.0    +16.2%
lts__t_sector_hit_rate.pct                                 %                52.78         45.85          +6.9    +15.1%
sm__warps_active.avg.per_cycle_active                      warp              7.98          7.00        +0.980    +14.0%
sm__mio_pq_write_cycles_active.avg.pct_of_peak_sustained_elapsed %                 6.52          5.75        +0.770    +13.4%
sm__mio_pq_read_cycles_active.avg.pct_of_peak_sustained_elapsed %                 6.52          5.75        +0.770    +13.4%
dram__throughput.avg.pct_of_peak_sustained_elapsed         %                49.91         57.47          -7.6    -13.2%
sm__inst_executed_pipe_lsu.avg.pct_of_peak_sustained_elapsed %                 3.69          3.31        +0.380    +11.5%
smsp__warps_issue_stalled_not_selected.avg                 warp           7,335.5       6,697.8        +637.8     +9.5%
smsp__inst_executed.sum                                    inst       108,411,010   101,843,853  +6,567,157.0     +6.4%
smsp__warps_issue_stalled_math_pipe_throttle.avg           warp           2,329.8       2,214.4        +115.4     +5.2%
smsp__warps_issue_stalled_wait.avg                         warp         399,637.0     384,327.8     +15,309.2     +4.0%
l1tex__data_pipe_lsu_wavefronts_mem_shared.sum                         49,848,808    48,470,271  +1,378,537.0     +2.8%
lts__throughput.avg.pct_of_peak_sustained_elapsed          %                72.56         70.73          +1.8     +2.6%
sm__throughput.avg.pct_of_peak_sustained_elapsed           %                94.27         92.34          +1.9     +2.1%
l1tex__throughput.avg.pct_of_peak_sustained_elapsed        %                50.54         49.69        +0.850     +1.7%
sm__pipe_shared_cycles_active.avg.pct_of_peak_sustained_elapsed %                93.28         91.74          +1.5     +1.7%

========================================================================================================================
fc2 pk=p mode=fused: tail_lean vs default
  A = fc2_tail_lean_p_fused,  B = fc2_default_p_fused   (positive delta% = A higher than B)
========================================================================================================================
Metric                                                     Unit                 A             B          Diff     Diff%
-----------------------------------------------------------------------------------------------------------------------
smsp__warps_issue_stalled_barrier.avg                      warp          44,182.3     271,656.3    -227,473.9    -83.7%
smsp__warps_issue_stalled_sleeping.avg                     warp           4,847.8      20,952.3     -16,104.5    -76.9%
smsp__warps_issue_stalled_mio_throttle.avg                 warp             23.18         17.61          +5.6    +31.6%
launch__registers_per_thread                               register/thread         164.0         126.0         +38.0    +30.2%
smsp__warps_issue_stalled_long_scoreboard.avg              warp         2,714,761     2,117,224    +597,536.9    +28.2%
smsp__warps_issue_stalled_short_scoreboard.avg             warp         213,274.2     168,700.8     +44,573.4    +26.4%
l1tex__data_pipe_lsu_wavefronts_mem_shared_op_st.sum                   15,090,695    19,171,433  -4,080,738.0    -21.3%
dram__bytes_read.sum                                       Gbyte    5,510,000,000 6,790,000,000 -1,280,000,000.0    -18.9%
dram__sectors_read.sum                                     sector     172,258,704   212,173,000 -39,914,296.0    -18.8%
l1tex__data_pipe_lsu_wavefronts_mem_shared_op_ld.sum                   32,527,856    27,943,932  +4,583,924.0    +16.4%
lts__t_sector_hit_rate.pct                                 %                53.17         45.85          +7.3    +16.0%
dram__throughput.avg.pct_of_peak_sustained_elapsed         %                49.15         57.47          -8.3    -14.5%
sm__warps_active.avg.per_cycle_active                      warp              7.98          7.00        +0.980    +14.0%
sm__mio_pq_read_cycles_active.avg.pct_of_peak_sustained_elapsed %                 6.44          5.75        +0.690    +12.0%
sm__mio_pq_write_cycles_active.avg.pct_of_peak_sustained_elapsed %                 6.42          5.75        +0.670    +11.7%
sm__inst_executed_pipe_lsu.avg.pct_of_peak_sustained_elapsed %                 3.60          3.31        +0.290     +8.8%
smsp__warps_issue_stalled_not_selected.avg                 warp           7,178.3       6,697.8        +480.5     +7.2%
smsp__inst_executed.sum                                    inst       107,804,283   101,843,853  +5,960,430.0     +5.9%
smsp__warps_issue_stalled_math_pipe_throttle.avg           warp           2,330.3       2,214.4        +115.9     +5.2%
smsp__warps_issue_stalled_wait.avg                         warp         402,975.4     384,327.8     +18,647.7     +4.9%
lts__throughput.avg.pct_of_peak_sustained_elapsed          %                72.93         70.73          +2.2     +3.1%
l1tex__data_pipe_lsu_wavefronts_mem_shared.sum                         49,824,384    48,470,271  +1,354,113.0     +2.8%
sm__throughput.avg.pct_of_peak_sustained_elapsed           %                94.26         92.34          +1.9     +2.1%
l1tex__throughput.avg.pct_of_peak_sustained_elapsed        %                50.53         49.69        +0.840     +1.7%
sm__pipe_shared_cycles_active.avg.pct_of_peak_sustained_elapsed %                93.27         91.74          +1.5     +1.7%

========================================================================================================================
fc2 pk=p mode=fused: zigzag vs default
  A = fc2_zigzag_p_fused,  B = fc2_default_p_fused   (positive delta% = A higher than B)
========================================================================================================================
Metric                                                     Unit                 A             B          Diff     Diff%
-----------------------------------------------------------------------------------------------------------------------
smsp__warps_issue_stalled_math_pipe_throttle.avg           warp           2,629.0       2,214.4        +414.6    +18.7%
dram__sectors_read.sum                                     sector     188,597,200   212,173,000 -23,575,800.0    -11.1%
dram__bytes_read.sum                                       Gbyte    6,040,000,000 6,790,000,000 -750,000,000.0    -11.0%
lts__t_sector_hit_rate.pct                                 %                50.09         45.85          +4.2     +9.2%
launch__registers_per_thread                               register/thread         117.0         126.0          -9.0     -7.1%
smsp__warps_issue_stalled_not_selected.avg                 warp           7,121.8       6,697.8        +424.0     +6.3%
dram__throughput.avg.pct_of_peak_sustained_elapsed         %                53.89         57.47          -3.6     -6.2%
l1tex__data_pipe_lsu_wavefronts_mem_shared_op_ld.sum                   29,621,742    27,943,932  +1,677,810.0     +6.0%
smsp__warps_issue_stalled_short_scoreboard.avg             warp         177,438.1     168,700.8      +8,737.3     +5.2%
l1tex__data_pipe_lsu_wavefronts_mem_shared_op_st.sum                   18,208,858    19,171,433    -962,575.0     -5.0%
l1tex__throughput.avg.pct_of_peak_sustained_elapsed        %                51.80         49.69          +2.1     +4.2%
sm__pipe_shared_cycles_active.avg.pct_of_peak_sustained_elapsed %                95.63         91.74          +3.9     +4.2%
sm__inst_executed_pipe_lsu.avg.pct_of_peak_sustained_elapsed %                 3.45          3.31        +0.140     +4.2%
sm__mio_pq_read_cycles_active.avg.pct_of_peak_sustained_elapsed %                 5.99          5.75        +0.240     +4.2%
sm__throughput.avg.pct_of_peak_sustained_elapsed           %                96.09         92.34          +3.8     +4.1%
sm__mio_pq_write_cycles_active.avg.pct_of_peak_sustained_elapsed %                 5.98          5.75        +0.230     +4.0%
smsp__warps_issue_stalled_sleeping.avg                     warp          20,218.8      20,952.3        -733.5     -3.5%
lts__throughput.avg.pct_of_peak_sustained_elapsed          %                72.46         70.73          +1.7     +2.4%
l1tex__data_pipe_lsu_wavefronts_mem_shared.sum                         49,330,875    48,470,271    +860,604.0     +1.8%
smsp__inst_executed.sum                                    inst       103,194,597   101,843,853  +1,350,744.0     +1.3%
lts__t_sectors_op_read.sum                                 sector     667,072,537   673,397,167  -6,324,630.0     -0.9%
lts__t_sectors.sum                                         sector     735,146,313   741,578,731  -6,432,418.0     -0.9%
smsp__warps_issue_stalled_wait.avg                         warp         387,401.4     384,327.8      +3,073.6     +0.8%
dram__bytes_write.sum                                      Mbyte    1,420,000,000 1,430,000,000 -10,000,000.0     -0.7%
smsp__warps_issue_stalled_mio_throttle.avg                 warp             17.70         17.61        +0.090     +0.5%

========================================================================================================================
fc2 pk=p mode=fused: zorder vs default
  A = fc2_zorder_p_fused,  B = fc2_default_p_fused   (positive delta% = A higher than B)
========================================================================================================================
Metric                                                     Unit                 A             B          Diff     Diff%
-----------------------------------------------------------------------------------------------------------------------
smsp__warps_issue_stalled_math_pipe_throttle.avg           warp           2,704.4       2,214.4        +490.0    +22.1%
smsp__warps_issue_stalled_sleeping.avg                     warp          17,572.4      20,952.3      -3,380.0    -16.1%
smsp__warps_issue_stalled_not_selected.avg                 warp           7,531.4       6,697.8        +833.7    +12.4%
dram__bytes_read.sum                                       Gbyte    5,950,000,000 6,790,000,000 -840,000,000.0    -12.4%
dram__sectors_read.sum                                     sector     186,009,616   212,173,000 -26,163,384.0    -12.3%
smsp__warps_issue_stalled_wait.avg                         warp         422,387.4     384,327.8     +38,059.7     +9.9%
lts__t_sector_hit_rate.pct                                 %                50.27         45.85          +4.4     +9.6%
dram__throughput.avg.pct_of_peak_sustained_elapsed         %                53.33         57.47          -4.1     -7.2%
smsp__inst_executed.sum                                    inst       109,154,067   101,843,853  +7,310,214.0     +7.2%
launch__registers_per_thread                               register/thread         117.0         126.0          -9.0     -7.1%
smsp__warps_issue_stalled_short_scoreboard.avg             warp         178,323.5     168,700.8      +9,622.7     +5.7%
smsp__warps_issue_stalled_long_scoreboard.avg              warp         2,016,959     2,117,224    -100,265.0     -4.7%
sm__mio_pq_write_cycles_active.avg.pct_of_peak_sustained_elapsed %                 5.96          5.75        +0.210     +3.7%
sm__mio_pq_read_cycles_active.avg.pct_of_peak_sustained_elapsed %                 5.96          5.75        +0.210     +3.7%
l1tex__throughput.avg.pct_of_peak_sustained_elapsed        %                51.50         49.69          +1.8     +3.6%
sm__pipe_shared_cycles_active.avg.pct_of_peak_sustained_elapsed %                95.07         91.74          +3.3     +3.6%
sm__inst_executed_pipe_lsu.avg.pct_of_peak_sustained_elapsed %                 3.43          3.31        +0.120     +3.6%
sm__throughput.avg.pct_of_peak_sustained_elapsed           %                95.49         92.34          +3.1     +3.4%
l1tex__data_pipe_lsu_wavefronts_mem_shared_op_st.sum                   19,747,532    19,171,433    +576,099.0     +3.0%
lts__throughput.avg.pct_of_peak_sustained_elapsed          %                72.85         70.73          +2.1     +3.0%
l1tex__data_pipe_lsu_wavefronts_mem_shared_op_ld.sum                   28,613,190    27,943,932    +669,258.0     +2.4%
l1tex__data_pipe_lsu_wavefronts_mem_shared.sum                         49,556,884    48,470,271  +1,086,613.0     +2.2%
smsp__warps_issue_stalled_barrier.avg                      warp         266,499.4     271,656.3      -5,156.8     -1.9%
dram__bytes_write.sum                                      Mbyte    1,420,000,000 1,430,000,000 -10,000,000.0     -0.7%
smsp__warps_issue_stalled_mio_throttle.avg                 warp             17.71         17.61        +0.100     +0.6%

========================================================================================================================
fc2 pk=p mode=gemm: dgswizzle vs default
  A = fc2_dgswizzle_p_gemm,  B = fc2_default_p_gemm   (positive delta% = A higher than B)
========================================================================================================================
Metric                                                     Unit                 A             B          Diff     Diff%
-----------------------------------------------------------------------------------------------------------------------
dram__bytes_read.sum                                       Gbyte    3,030,000,000 4,160,000,000 -1,130,000,000.0    -27.2%
dram__sectors_read.sum                                     sector      94,611,712   129,862,416 -35,250,704.0    -27.1%
smsp__warps_issue_stalled_short_scoreboard.avg             warp          31,237.2      26,375.1      +4,862.1    +18.4%
dram__throughput.avg.pct_of_peak_sustained_elapsed         %                31.56         38.39          -6.8    -17.8%
lts__t_sectors_op_read.sum                                 sector     541,291,301   615,036,433 -73,745,132.0    -12.0%
lts__t_sectors.sum                                         sector     609,221,954   683,033,990 -73,812,036.0    -10.8%
smsp__warps_issue_stalled_sleeping.avg                     warp          21,649.8      24,222.7      -2,572.9    -10.6%
smsp__warps_issue_stalled_math_pipe_throttle.avg           warp           2,109.5       2,353.5        -244.0    -10.4%
lts__t_sector_hit_rate.pct                                 %                62.45         58.20          +4.2     +7.3%
launch__registers_per_thread                               register/thread         119.0         111.0          +8.0     +7.2%
lts__throughput.avg.pct_of_peak_sustained_elapsed          %                61.12         65.27          -4.1     -6.4%
smsp__inst_executed.sum                                    inst        73,930,660    70,331,114  +3,599,546.0     +5.1%
l1tex__data_pipe_lsu_wavefronts_mem_shared_op_st.sum                   15,593,421    16,226,212    -632,791.0     -3.9%
smsp__warps_issue_stalled_wait.avg                         warp         344,419.5     332,145.2     +12,274.3     +3.7%
sm__inst_executed_pipe_lsu.avg.pct_of_peak_sustained_elapsed %                 1.43          1.38        +0.050     +3.6%
l1tex__throughput.avg.pct_of_peak_sustained_elapsed        %                46.80         45.19          +1.6     +3.6%
sm__pipe_shared_cycles_active.avg.pct_of_peak_sustained_elapsed %                93.59         90.38          +3.2     +3.6%
sm__mio_pq_write_cycles_active.avg.pct_of_peak_sustained_elapsed %                 5.49          5.31        +0.180     +3.4%
sm__mio_pq_read_cycles_active.avg.pct_of_peak_sustained_elapsed %                 5.49          5.31        +0.180     +3.4%
sm__throughput.avg.pct_of_peak_sustained_elapsed           %                94.33         91.24          +3.1     +3.4%
l1tex__data_pipe_lsu_wavefronts_mem_shared.sum                         16,855,067    17,438,335    -583,268.0     -3.3%
smsp__warps_issue_stalled_long_scoreboard.avg              warp         2,363,070     2,421,937     -58,866.2     -2.4%
dram__sectors_write.sum                                    sector      43,810,512    44,452,528    -642,016.0     -1.4%
dram__bytes_write.sum                                      Mbyte    1,400,000,000 1,420,000,000 -20,000,000.0     -1.4%
smsp__warps_issue_stalled_not_selected.avg                 warp           4,159.0       4,206.7         -47.7     -1.1%

========================================================================================================================
fc2 pk=p mode=gemm: hilbert vs default
  A = fc2_hilbert_p_gemm,  B = fc2_default_p_gemm   (positive delta% = A higher than B)
========================================================================================================================
Metric                                                     Unit                 A             B          Diff     Diff%
-----------------------------------------------------------------------------------------------------------------------
sm__inst_executed_pipe_lsu.avg.pct_of_peak_sustained_elapsed %                 1.86          1.38        +0.480    +34.8%
lts__t_sectors_op_write.sum                                sector      90,960,162    67,518,335 +23,441,827.0    +34.7%
sm__mio_pq_read_cycles_active.avg.pct_of_peak_sustained_elapsed %                 6.88          5.31          +1.6    +29.6%
sm__mio_pq_write_cycles_active.avg.pct_of_peak_sustained_elapsed %                 6.87          5.31          +1.6    +29.4%
dram__bytes_read.sum                                       Gbyte    2,960,000,000 4,160,000,000 -1,200,000,000.0    -28.8%
dram__sectors_read.sum                                     sector      92,478,392   129,862,416 -37,384,024.0    -28.8%
smsp__warps_issue_stalled_short_scoreboard.avg             warp          33,065.9      26,375.1      +6,690.8    +25.4%
smsp__warps_issue_stalled_mio_throttle.avg                 warp             21.20         17.62          +3.6    +20.3%
dram__throughput.avg.pct_of_peak_sustained_elapsed         %                31.47         38.39          -6.9    -18.0%
smsp__warps_issue_stalled_not_selected.avg                 warp           4,913.8       4,206.7        +707.1    +16.8%
smsp__warps_issue_stalled_sleeping.avg                     warp          20,283.6      24,222.7      -3,939.1    -16.3%
smsp__inst_executed.sum                                    inst        80,504,551    70,331,114 +10,173,437.0    +14.5%
smsp__warps_eligible.avg.per_cycle_active                  warp              0.08          0.07        +0.010    +14.3%
lts__t_sector_hit_rate.pct                                 %                64.79         58.20          +6.6    +11.3%
smsp__warps_issue_stalled_wait.avg                         warp         365,667.7     332,145.2     +33,522.5    +10.1%
smsp__warps_issue_stalled_barrier.avg                      warp         257,355.9     280,893.5     -23,537.6     -8.4%
smsp__warps_issue_stalled_math_pipe_throttle.avg           warp           2,491.9       2,353.5        +138.4     +5.9%
l1tex__data_pipe_lsu_wavefronts_mem_shared_op_st.sum                   15,488,163    16,226,212    -738,049.0     -4.5%
launch__registers_per_thread                               register/thread         116.0         111.0          +5.0     +4.5%
lts__throughput.avg.pct_of_peak_sustained_elapsed          %                67.77         65.27          +2.5     +3.8%
l1tex__data_pipe_lsu_wavefronts_mem_shared.sum                         16,799,953    17,438,335    -638,382.0     -3.7%
sm__throughput.avg.pct_of_peak_sustained_elapsed           %                94.52         91.24          +3.3     +3.6%
sm__pipe_shared_cycles_active.avg.pct_of_peak_sustained_elapsed %                93.49         90.38          +3.1     +3.4%
l1tex__throughput.avg.pct_of_peak_sustained_elapsed        %                46.74         45.19          +1.6     +3.4%
smsp__warps_issue_stalled_long_scoreboard.avg              warp         2,348,436     2,421,937     -73,500.5     -3.0%

========================================================================================================================
fc2 pk=p mode=gemm: lean vs default
  A = fc2_lean_p_gemm,  B = fc2_default_p_gemm   (positive delta% = A higher than B)
========================================================================================================================
Metric                                                     Unit                 A             B          Diff     Diff%
-----------------------------------------------------------------------------------------------------------------------
l1tex__data_pipe_lsu_wavefronts_mem_shared_op_ld.sum                    237,135.0       2,010.0    +235,125.0 +11697.8%
smsp__warps_issue_stalled_short_scoreboard.avg             warp          55,590.3      26,375.1     +29,215.2   +110.8%
smsp__warps_issue_stalled_barrier.avg                      warp          44,809.8     280,893.5    -236,083.7    -84.0%
smsp__warps_issue_stalled_sleeping.avg                     warp           5,682.4      24,222.7     -18,540.2    -76.5%
launch__registers_per_thread                               register/thread         163.0         111.0         +52.0    +46.8%
smsp__warps_issue_stalled_mio_throttle.avg                 warp             24.51         17.62          +6.9    +39.1%
dram__bytes_read.sum                                       Gbyte    2,850,000,000 4,160,000,000 -1,310,000,000.0    -31.5%
dram__sectors_read.sum                                     sector      89,192,296   129,862,416 -40,670,120.0    -31.3%
sm__inst_executed_pipe_lsu.avg.pct_of_peak_sustained_elapsed %                 1.72          1.38        +0.340    +24.6%
smsp__warps_issue_stalled_long_scoreboard.avg              warp         2,983,042     2,421,937    +561,105.6    +23.2%
dram__throughput.avg.pct_of_peak_sustained_elapsed         %                30.87         38.39          -7.5    -19.6%
sm__mio_pq_read_cycles_active.avg.pct_of_peak_sustained_elapsed %                 6.22          5.31        +0.910    +17.1%
sm__mio_pq_write_cycles_active.avg.pct_of_peak_sustained_elapsed %                 6.21          5.31        +0.900    +16.9%
sm__warps_active.avg.per_cycle_active                      warp              7.98          7.00        +0.980    +14.0%
lts__t_sector_hit_rate.pct                                 %                63.69         58.20          +5.5     +9.4%
smsp__inst_executed.sum                                    inst        76,375,837    70,331,114  +6,044,723.0     +8.6%
lts__t_sectors_op_read.sum                                 sector     564,595,764   615,036,433 -50,440,669.0     -8.2%
smsp__warps_issue_stalled_wait.avg                         warp         357,684.0     332,145.2     +25,538.8     +7.7%
smsp__warps_issue_stalled_math_pipe_throttle.avg           warp           2,183.0       2,353.5        -170.5     -7.2%
lts__t_sectors.sum                                         sector     636,066,387   683,033,990 -46,967,603.0     -6.9%
sm__throughput.avg.pct_of_peak_sustained_elapsed           %                96.46         91.24          +5.2     +5.7%
l1tex__throughput.avg.pct_of_peak_sustained_elapsed        %                47.76         45.19          +2.6     +5.7%
sm__pipe_shared_cycles_active.avg.pct_of_peak_sustained_elapsed %                95.50         90.38          +5.1     +5.7%
l1tex__data_pipe_lsu_wavefronts_mem_shared.sum                         18,246,486    17,438,335    +808,151.0     +4.6%
dram__bytes_write.sum                                      Mbyte    1,400,000,000 1,420,000,000 -20,000,000.0     -1.4%

========================================================================================================================
fc2 pk=p mode=gemm: ncycle vs default
  A = fc2_ncycle_p_gemm,  B = fc2_default_p_gemm   (positive delta% = A higher than B)
========================================================================================================================
Metric                                                     Unit                 A             B          Diff     Diff%
-----------------------------------------------------------------------------------------------------------------------
dram__bytes_read.sum                                       Gbyte    3,280,000,000 4,160,000,000 -880,000,000.0    -21.2%
dram__sectors_read.sum                                     sector     102,602,472   129,862,416 -27,259,944.0    -21.0%
dram__throughput.avg.pct_of_peak_sustained_elapsed         %                33.53         38.39          -4.9    -12.7%
smsp__warps_issue_stalled_not_selected.avg                 warp           4,725.1       4,206.7        +518.3    +12.3%
lts__t_sector_hit_rate.pct                                 %                65.02         58.20          +6.8    +11.7%
l1tex__data_pipe_lsu_wavefronts_mem_shared_op_st.sum                   14,483,148    16,226,212  -1,743,064.0    -10.7%
l1tex__data_pipe_lsu_wavefronts_mem_shared.sum                         15,775,865    17,438,335  -1,662,470.0     -9.5%
smsp__warps_issue_stalled_math_pipe_throttle.avg           warp           2,528.7       2,353.5        +175.2     +7.4%
lts__t_sectors_op_read.sum                                 sector     569,931,393   615,036,433 -45,105,040.0     -7.3%
smsp__warps_issue_stalled_short_scoreboard.avg             warp          28,194.0      26,375.1      +1,818.9     +6.9%
lts__t_sectors.sum                                         sector     638,019,780   683,033,990 -45,014,210.0     -6.6%
launch__registers_per_thread                               register/thread         118.0         111.0          +7.0     +6.3%
smsp__warps_issue_stalled_sleeping.avg                     warp          22,888.6      24,222.7      -1,334.0     -5.5%
sm__inst_executed_pipe_lsu.avg.pct_of_peak_sustained_elapsed %                 1.44          1.38        +0.060     +4.3%
sm__pipe_shared_cycles_active.avg.pct_of_peak_sustained_elapsed %                94.03         90.38          +3.7     +4.0%
l1tex__throughput.avg.pct_of_peak_sustained_elapsed        %                47.01         45.19          +1.8     +4.0%
sm__throughput.avg.pct_of_peak_sustained_elapsed           %                94.81         91.24          +3.6     +3.9%
sm__mio_pq_write_cycles_active.avg.pct_of_peak_sustained_elapsed %                 5.50          5.31        +0.190     +3.6%
sm__mio_pq_read_cycles_active.avg.pct_of_peak_sustained_elapsed %                 5.50          5.31        +0.190     +3.6%
smsp__inst_executed.sum                                    inst        71,959,200    70,331,114  +1,628,086.0     +2.3%
lts__throughput.avg.pct_of_peak_sustained_elapsed          %                66.46         65.27          +1.2     +1.8%
smsp__warps_issue_stalled_long_scoreboard.avg              warp         2,392,755     2,421,937     -29,181.5     -1.2%
smsp__warps_issue_stalled_barrier.avg                      warp         277,873.1     280,893.5      -3,020.4     -1.1%
dram__sectors_write.sum                                    sector      43,981,056    44,452,528    -471,472.0     -1.1%
dram__bytes_write.sum                                      Mbyte    1,410,000,000 1,420,000,000 -10,000,000.0     -0.7%

========================================================================================================================
fc2 pk=p mode=gemm: nflat vs default
  A = fc2_nflat_p_gemm,  B = fc2_default_p_gemm   (positive delta% = A higher than B)
========================================================================================================================
Metric                                                     Unit                 A             B          Diff     Diff%
-----------------------------------------------------------------------------------------------------------------------
dram__bytes_read.sum                                       Gbyte    3,290,000,000 4,160,000,000 -870,000,000.0    -20.9%
dram__sectors_read.sum                                     sector     102,892,696   129,862,416 -26,969,720.0    -20.8%
smsp__warps_issue_stalled_not_selected.avg                 warp           4,789.2       4,206.7        +582.5    +13.8%
lts__t_sector_hit_rate.pct                                 %                65.64         58.20          +7.4    +12.8%
dram__throughput.avg.pct_of_peak_sustained_elapsed         %                33.52         38.39          -4.9    -12.7%
smsp__warps_issue_stalled_math_pipe_throttle.avg           warp           2,622.3       2,353.5        +268.8    +11.4%
l1tex__data_pipe_lsu_wavefronts_mem_shared_op_st.sum                   14,447,407    16,226,212  -1,778,805.0    -11.0%
l1tex__data_pipe_lsu_wavefronts_mem_shared.sum                         15,704,537    17,438,335  -1,733,798.0     -9.9%
launch__registers_per_thread                               register/thread         117.0         111.0          +6.0     +5.4%
lts__t_sectors_op_read.sum                                 sector     581,978,569   615,036,433 -33,057,864.0     -5.4%
lts__t_sectors.sum                                         sector     650,091,266   683,033,990 -32,942,724.0     -4.8%
lts__throughput.avg.pct_of_peak_sustained_elapsed          %                68.22         65.27          +3.0     +4.5%
sm__inst_executed_pipe_lsu.avg.pct_of_peak_sustained_elapsed %                 1.44          1.38        +0.060     +4.3%
sm__pipe_shared_cycles_active.avg.pct_of_peak_sustained_elapsed %                94.12         90.38          +3.7     +4.1%
l1tex__throughput.avg.pct_of_peak_sustained_elapsed        %                47.06         45.19          +1.9     +4.1%
sm__throughput.avg.pct_of_peak_sustained_elapsed           %                94.89         91.24          +3.7     +4.0%
smsp__inst_executed.sum                                    inst        73,007,450    70,331,114  +2,676,336.0     +3.8%
smsp__warps_issue_stalled_sleeping.avg                     warp          23,302.5      24,222.7        -920.2     -3.8%
sm__mio_pq_write_cycles_active.avg.pct_of_peak_sustained_elapsed %                 5.50          5.31        +0.190     +3.6%
sm__mio_pq_read_cycles_active.avg.pct_of_peak_sustained_elapsed %                 5.50          5.31        +0.190     +3.6%
smsp__warps_issue_stalled_short_scoreboard.avg             warp          27,317.9      26,375.1        +942.8     +3.6%
l1tex__data_pipe_lsu_wavefronts_mem_shared_op_ld.sum                      2,065.0       2,010.0         +55.0     +2.7%
smsp__warps_issue_stalled_long_scoreboard.avg              warp         2,386,266     2,421,937     -35,670.8     -1.5%
smsp__warps_issue_stalled_barrier.avg                      warp         277,311.4     280,893.5      -3,582.1     -1.3%
dram__sectors_write.sum                                    sector      43,980,240    44,452,528    -472,288.0     -1.1%

========================================================================================================================
fc2 pk=p mode=gemm: nsnake vs default
  A = fc2_nsnake_p_gemm,  B = fc2_default_p_gemm   (positive delta% = A higher than B)
========================================================================================================================
Metric                                                     Unit                 A             B          Diff     Diff%
-----------------------------------------------------------------------------------------------------------------------
smsp__warps_issue_stalled_not_selected.avg                 warp           5,208.9       4,206.7      +1,002.2    +23.8%
dram__bytes_read.sum                                       Gbyte    3,270,000,000 4,160,000,000 -890,000,000.0    -21.4%
dram__sectors_read.sum                                     sector     102,277,576   129,862,416 -27,584,840.0    -21.2%
smsp__warps_issue_stalled_math_pipe_throttle.avg           warp           2,760.1       2,353.5        +406.6    +17.3%
dram__throughput.avg.pct_of_peak_sustained_elapsed         %                33.42         38.39          -5.0    -12.9%
lts__t_sector_hit_rate.pct                                 %                64.58         58.20          +6.4    +11.0%
l1tex__data_pipe_lsu_wavefronts_mem_shared_op_st.sum                   14,652,886    16,226,212  -1,573,326.0     -9.7%
l1tex__data_pipe_lsu_wavefronts_mem_shared.sum                         15,814,168    17,438,335  -1,624,167.0     -9.3%
lts__t_sectors_op_read.sum                                 sector     569,663,285   615,036,433 -45,373,148.0     -7.4%
lts__t_sectors.sum                                         sector     637,782,508   683,033,990 -45,251,482.0     -6.6%
launch__registers_per_thread                               register/thread         116.0         111.0          +5.0     +4.5%
sm__pipe_shared_cycles_active.avg.pct_of_peak_sustained_elapsed %                93.84         90.38          +3.5     +3.8%
l1tex__throughput.avg.pct_of_peak_sustained_elapsed        %                46.92         45.19          +1.7     +3.8%
smsp__warps_issue_stalled_short_scoreboard.avg             warp          27,360.1      26,375.1        +985.0     +3.7%
sm__throughput.avg.pct_of_peak_sustained_elapsed           %                94.62         91.24          +3.4     +3.7%
sm__inst_executed_pipe_lsu.avg.pct_of_peak_sustained_elapsed %                 1.43          1.38        +0.050     +3.6%
smsp__warps_issue_stalled_sleeping.avg                     warp          23,357.1      24,222.7        -865.6     -3.6%
sm__mio_pq_write_cycles_active.avg.pct_of_peak_sustained_elapsed %                 5.49          5.31        +0.180     +3.4%
sm__mio_pq_read_cycles_active.avg.pct_of_peak_sustained_elapsed %                 5.49          5.31        +0.180     +3.4%
l1tex__data_pipe_lsu_wavefronts_mem_shared_op_ld.sum                      2,065.0       2,010.0         +55.0     +2.7%
smsp__inst_executed.sum                                    inst        72,200,136    70,331,114  +1,869,022.0     +2.7%
lts__throughput.avg.pct_of_peak_sustained_elapsed          %                66.25         65.27        +0.980     +1.5%
smsp__warps_issue_stalled_long_scoreboard.avg              warp         2,390,148     2,421,937     -31,788.5     -1.3%
smsp__warps_issue_stalled_barrier.avg                      warp         277,935.3     280,893.5      -2,958.2     -1.1%
dram__sectors_write.sum                                    sector      43,984,712    44,452,528    -467,816.0     -1.1%

========================================================================================================================
fc2 pk=p mode=gemm: rowmajor vs default
  A = fc2_rowmajor_p_gemm,  B = fc2_default_p_gemm   (positive delta% = A higher than B)
========================================================================================================================
Metric                                                     Unit                 A             B          Diff     Diff%
-----------------------------------------------------------------------------------------------------------------------
dram__sectors_read.sum                                     sector      89,228,784   129,862,416 -40,633,632.0    -31.3%
dram__bytes_read.sum                                       Gbyte    2,860,000,000 4,160,000,000 -1,300,000,000.0    -31.2%
dram__throughput.avg.pct_of_peak_sustained_elapsed         %                30.91         38.39          -7.5    -19.5%
lts__t_sector_hit_rate.pct                                 %                66.19         58.20          +8.0    +13.7%
smsp__warps_issue_stalled_short_scoreboard.avg             warp          28,916.4      26,375.1      +2,541.3     +9.6%
smsp__warps_issue_stalled_sleeping.avg                     warp          21,956.4      24,222.7      -2,266.3     -9.4%
smsp__warps_issue_stalled_not_selected.avg                 warp           4,478.4       4,206.7        +271.7     +6.5%
lts__throughput.avg.pct_of_peak_sustained_elapsed          %                69.29         65.27          +4.0     +6.2%
sm__pipe_shared_cycles_active.avg.pct_of_peak_sustained_elapsed %                95.77         90.38          +5.4     +6.0%
l1tex__throughput.avg.pct_of_peak_sustained_elapsed        %                47.88         45.19          +2.7     +6.0%
l1tex__data_pipe_lsu_wavefronts_mem_shared_op_st.sum                   15,262,254    16,226,212    -963,958.0     -5.9%
sm__throughput.avg.pct_of_peak_sustained_elapsed           %                96.57         91.24          +5.3     +5.8%
sm__inst_executed_pipe_lsu.avg.pct_of_peak_sustained_elapsed %                 1.46          1.38        +0.080     +5.8%
l1tex__data_pipe_lsu_wavefronts_mem_shared.sum                         16,429,151    17,438,335  -1,009,184.0     -5.8%
sm__mio_pq_write_cycles_active.avg.pct_of_peak_sustained_elapsed %                 5.60          5.31        +0.290     +5.5%
sm__mio_pq_read_cycles_active.avg.pct_of_peak_sustained_elapsed %                 5.60          5.31        +0.290     +5.5%
launch__registers_per_thread                               register/thread         116.0         111.0          +5.0     +4.5%
lts__t_sectors_op_read.sum                                 sector     593,058,381   615,036,433 -21,978,052.0     -3.6%
lts__t_sectors.sum                                         sector     660,997,918   683,033,990 -22,036,072.0     -3.2%
smsp__warps_issue_stalled_long_scoreboard.avg              warp         2,385,687     2,421,937     -36,249.5     -1.5%
dram__bytes_write.sum                                      Mbyte    1,400,000,000 1,420,000,000 -20,000,000.0     -1.4%
dram__sectors_write.sum                                    sector      43,851,624    44,452,528    -600,904.0     -1.4%
smsp__warps_issue_stalled_barrier.avg                      warp         278,111.1     280,893.5      -2,782.4     -1.0%
smsp__cycles_active.avg                                    cycle        1,874,410     1,892,436     -18,026.1     -1.0%
smsp__inst_executed.sum                                    inst        70,863,540    70,331,114    +532,426.0     +0.8%

========================================================================================================================
fc2 pk=p mode=gemm: rowsteal vs default
  A = fc2_rowsteal_p_gemm,  B = fc2_default_p_gemm   (positive delta% = A higher than B)
========================================================================================================================
Metric                                                     Unit                 A             B          Diff     Diff%
-----------------------------------------------------------------------------------------------------------------------
l1tex__data_pipe_lsu_wavefronts_mem_shared_op_ld.sum                    236,587.0       2,010.0    +234,577.0 +11670.5%
smsp__warps_issue_stalled_barrier.avg                      warp          36,855.0     280,893.5    -244,038.4    -86.9%
smsp__warps_issue_stalled_sleeping.avg                     warp           7,617.4      24,222.7     -16,605.3    -68.6%
smsp__warps_issue_stalled_short_scoreboard.avg             warp          42,242.5      26,375.1     +15,867.4    +60.2%
launch__registers_per_thread                               register/thread         164.0         111.0         +53.0    +47.7%
smsp__warps_issue_stalled_math_pipe_throttle.avg           warp           3,157.6       2,353.5        +804.1    +34.2%
smsp__warps_issue_stalled_mio_throttle.avg                 warp             23.16         17.62          +5.5    +31.4%
dram__bytes_read.sum                                       Gbyte    2,970,000,000 4,160,000,000 -1,190,000,000.0    -28.6%
dram__sectors_read.sum                                     sector      92,726,952   129,862,416 -37,135,464.0    -28.6%
smsp__warps_issue_stalled_not_selected.avg                 warp           5,388.3       4,206.7      +1,181.6    +28.1%
smsp__warps_issue_stalled_long_scoreboard.avg              warp         3,064,280     2,421,937    +642,343.7    +26.5%
sm__inst_executed_pipe_lsu.avg.pct_of_peak_sustained_elapsed %                 1.73          1.38        +0.350    +25.4%
dram__throughput.avg.pct_of_peak_sustained_elapsed         %                31.48         38.39          -6.9    -18.0%
lts__t_sector_hit_rate.pct                                 %                67.24         58.20          +9.0    +15.5%
sm__mio_pq_write_cycles_active.avg.pct_of_peak_sustained_elapsed %                 6.07          5.31        +0.760    +14.3%
sm__mio_pq_read_cycles_active.avg.pct_of_peak_sustained_elapsed %                 6.07          5.31        +0.760    +14.3%
sm__warps_active.avg.per_cycle_active                      warp              7.98          7.00        +0.980    +14.0%
lts__t_sectors_op_read.sum                                 sector     561,163,315   615,036,433 -53,873,118.0     -8.8%
smsp__inst_executed.sum                                    inst        75,905,304    70,331,114  +5,574,190.0     +7.9%
lts__t_sectors.sum                                         sector     631,463,434   683,033,990 -51,570,556.0     -7.6%
sm__pipe_shared_cycles_active.avg.pct_of_peak_sustained_elapsed %                94.56         90.38          +4.2     +4.6%
l1tex__throughput.avg.pct_of_peak_sustained_elapsed        %                47.28         45.19          +2.1     +4.6%
sm__throughput.avg.pct_of_peak_sustained_elapsed           %                95.36         91.24          +4.1     +4.5%
smsp__warps_issue_stalled_wait.avg                         warp         346,523.5     332,145.2     +14,378.3     +4.3%
l1tex__data_pipe_lsu_wavefronts_mem_shared.sum                         18,014,569    17,438,335    +576,234.0     +3.3%

========================================================================================================================
fc2 pk=p mode=gemm: sched vs default
  A = fc2_sched_p_gemm,  B = fc2_default_p_gemm   (positive delta% = A higher than B)
========================================================================================================================
Metric                                                     Unit                 A             B          Diff     Diff%
-----------------------------------------------------------------------------------------------------------------------
l1tex__data_pipe_lsu_wavefronts_mem_shared_op_ld.sum                    237,213.0       2,010.0    +235,203.0 +11701.6%
smsp__warps_issue_stalled_barrier.avg                      warp          43,417.3     280,893.5    -237,476.2    -84.5%
smsp__warps_issue_stalled_short_scoreboard.avg             warp          46,008.2      26,375.1     +19,633.1    +74.4%
smsp__warps_issue_stalled_sleeping.avg                     warp           7,029.1      24,222.7     -17,193.6    -71.0%
launch__registers_per_thread                               register/thread         164.0         111.0         +53.0    +47.7%
smsp__warps_issue_stalled_math_pipe_throttle.avg           warp           3,265.3       2,353.5        +911.8    +38.7%
smsp__warps_issue_stalled_not_selected.avg                 warp           5,677.2       4,206.7      +1,470.5    +35.0%
dram__bytes_read.sum                                       Gbyte    2,850,000,000 4,160,000,000 -1,310,000,000.0    -31.5%
dram__sectors_read.sum                                     sector      89,194,320   129,862,416 -40,668,096.0    -31.3%
smsp__warps_issue_stalled_mio_throttle.avg                 warp             23.02         17.62          +5.4    +30.6%
sm__inst_executed_pipe_lsu.avg.pct_of_peak_sustained_elapsed %                 1.80          1.38        +0.420    +30.4%
smsp__warps_issue_stalled_long_scoreboard.avg              warp         3,014,187     2,421,937    +592,250.5    +24.5%
dram__throughput.avg.pct_of_peak_sustained_elapsed         %                30.79         38.39          -7.6    -19.8%
sm__mio_pq_write_cycles_active.avg.pct_of_peak_sustained_elapsed %                 6.22          5.31        +0.910    +17.1%
sm__mio_pq_read_cycles_active.avg.pct_of_peak_sustained_elapsed %                 6.22          5.31        +0.910    +17.1%
sm__warps_active.avg.per_cycle_active                      warp              7.98          7.00        +0.980    +14.0%
lts__t_sectors_op_read.sum                                 sector     551,958,701   615,036,433 -63,077,732.0    -10.3%
lts__t_sector_hit_rate.pct                                 %                63.51         58.20          +5.3     +9.1%
smsp__inst_executed.sum                                    inst        76,644,867    70,331,114  +6,313,753.0     +9.0%
lts__t_sectors.sum                                         sector     624,092,730   683,033,990 -58,941,260.0     -8.6%
l1tex__data_pipe_lsu_wavefronts_mem_shared.sum                         18,717,904    17,438,335  +1,279,569.0     +7.3%
smsp__warps_issue_stalled_wait.avg                         warp         352,003.1     332,145.2     +19,857.9     +6.0%
l1tex__throughput.avg.pct_of_peak_sustained_elapsed        %                47.63         45.19          +2.4     +5.4%
sm__pipe_shared_cycles_active.avg.pct_of_peak_sustained_elapsed %                95.24         90.38          +4.9     +5.4%
sm__throughput.avg.pct_of_peak_sustained_elapsed           %                96.09         91.24          +4.9     +5.3%

========================================================================================================================
fc2 pk=p mode=gemm: tail vs default
  A = fc2_tail_p_gemm,  B = fc2_default_p_gemm   (positive delta% = A higher than B)
========================================================================================================================
Metric                                                     Unit                 A             B          Diff     Diff%
-----------------------------------------------------------------------------------------------------------------------
l1tex__data_pipe_lsu_wavefronts_mem_shared_op_ld.sum                    236,308.0       2,010.0    +234,298.0 +11656.6%
smsp__warps_issue_stalled_barrier.avg                      warp          41,098.2     280,893.5    -239,795.3    -85.4%
smsp__warps_issue_stalled_sleeping.avg                     warp           7,264.9      24,222.7     -16,957.8    -70.0%
smsp__warps_issue_stalled_short_scoreboard.avg             warp          41,119.2      26,375.1     +14,744.2    +55.9%
launch__registers_per_thread                               register/thread         165.0         111.0         +54.0    +48.6%
smsp__warps_issue_stalled_math_pipe_throttle.avg           warp           3,219.0       2,353.5        +865.5    +36.8%
smsp__warps_issue_stalled_mio_throttle.avg                 warp             23.56         17.62          +5.9    +33.7%
dram__bytes_read.sum                                       Gbyte    2,860,000,000 4,160,000,000 -1,300,000,000.0    -31.2%
dram__sectors_read.sum                                     sector      89,329,072   129,862,416 -40,533,344.0    -31.2%
sm__inst_executed_pipe_lsu.avg.pct_of_peak_sustained_elapsed %                 1.77          1.38        +0.390    +28.3%
smsp__warps_issue_stalled_not_selected.avg                 warp           5,378.8       4,206.7      +1,172.1    +27.9%
smsp__warps_issue_stalled_long_scoreboard.avg              warp         3,030,805     2,421,937    +608,868.1    +25.1%
dram__throughput.avg.pct_of_peak_sustained_elapsed         %                30.85         38.39          -7.5    -19.6%
sm__mio_pq_read_cycles_active.avg.pct_of_peak_sustained_elapsed %                 6.18          5.31        +0.870    +16.4%
sm__mio_pq_write_cycles_active.avg.pct_of_peak_sustained_elapsed %                 6.17          5.31        +0.860    +16.2%
sm__warps_active.avg.per_cycle_active                      warp              7.98          7.00        +0.980    +14.0%
lts__t_sector_hit_rate.pct                                 %                65.73         58.20          +7.5    +12.9%
smsp__inst_executed.sum                                    inst        76,352,703    70,331,114  +6,021,589.0     +8.6%
l1tex__data_pipe_lsu_wavefronts_mem_shared.sum                         18,707,275    17,438,335  +1,268,940.0     +7.3%
lts__throughput.avg.pct_of_peak_sustained_elapsed          %                69.00         65.27          +3.7     +5.7%
smsp__warps_issue_stalled_wait.avg                         warp         350,443.4     332,145.2     +18,298.2     +5.5%
l1tex__throughput.avg.pct_of_peak_sustained_elapsed        %                47.60         45.19          +2.4     +5.3%
sm__pipe_shared_cycles_active.avg.pct_of_peak_sustained_elapsed %                95.19         90.38          +4.8     +5.3%
sm__throughput.avg.pct_of_peak_sustained_elapsed           %                96.07         91.24          +4.8     +5.3%
l1tex__data_pipe_lsu_wavefronts_mem_shared_op_st.sum                   17,004,871    16,226,212    +778,659.0     +4.8%

========================================================================================================================
fc2 pk=p mode=gemm: tail_lean vs default
  A = fc2_tail_lean_p_gemm,  B = fc2_default_p_gemm   (positive delta% = A higher than B)
========================================================================================================================
Metric                                                     Unit                 A             B          Diff     Diff%
-----------------------------------------------------------------------------------------------------------------------
l1tex__data_pipe_lsu_wavefronts_mem_shared_op_ld.sum                    230,215.0       2,010.0    +228,205.0 +11353.5%
smsp__warps_issue_stalled_short_scoreboard.avg             warp          51,744.9      26,375.1     +25,369.8    +96.2%
smsp__warps_issue_stalled_barrier.avg                      warp          44,735.2     280,893.5    -236,158.3    -84.1%
smsp__warps_issue_stalled_sleeping.avg                     warp           5,961.0      24,222.7     -18,261.6    -75.4%
launch__registers_per_thread                               register/thread         163.0         111.0         +52.0    +46.8%
smsp__warps_issue_stalled_mio_throttle.avg                 warp             23.60         17.62          +6.0    +33.9%
dram__bytes_read.sum                                       Gbyte    2,850,000,000 4,160,000,000 -1,310,000,000.0    -31.5%
dram__sectors_read.sum                                     sector      89,209,016   129,862,416 -40,653,400.0    -31.3%
smsp__warps_issue_stalled_long_scoreboard.avg              warp         2,989,217     2,421,937    +567,280.3    +23.4%
sm__inst_executed_pipe_lsu.avg.pct_of_peak_sustained_elapsed %                 1.69          1.38        +0.310    +22.5%
dram__throughput.avg.pct_of_peak_sustained_elapsed         %                30.86         38.39          -7.5    -19.6%
sm__mio_pq_write_cycles_active.avg.pct_of_peak_sustained_elapsed %                 6.18          5.31        +0.870    +16.4%
sm__mio_pq_read_cycles_active.avg.pct_of_peak_sustained_elapsed %                 6.18          5.31        +0.870    +16.4%
sm__warps_active.avg.per_cycle_active                      warp              7.98          7.00        +0.980    +14.0%
lts__t_sector_hit_rate.pct                                 %                65.70         58.20          +7.5    +12.9%
smsp__warps_issue_stalled_math_pipe_throttle.avg           warp           2,088.8       2,353.5        -264.7    -11.2%
smsp__inst_executed.sum                                    inst        76,136,445    70,331,114  +5,805,331.0     +8.3%
smsp__warps_issue_stalled_wait.avg                         warp         356,446.8     332,145.2     +24,301.6     +7.3%
l1tex__data_pipe_lsu_wavefronts_mem_shared.sum                         18,547,256    17,438,335  +1,108,921.0     +6.4%
lts__throughput.avg.pct_of_peak_sustained_elapsed          %                69.29         65.27          +4.0     +6.2%
sm__throughput.avg.pct_of_peak_sustained_elapsed           %                96.49         91.24          +5.2     +5.8%
l1tex__throughput.avg.pct_of_peak_sustained_elapsed        %                47.77         45.19          +2.6     +5.7%
sm__pipe_shared_cycles_active.avg.pct_of_peak_sustained_elapsed %                95.53         90.38          +5.2     +5.7%
smsp__warps_issue_stalled_not_selected.avg                 warp           4,025.0       4,206.7        -181.8     -4.3%
l1tex__data_pipe_lsu_wavefronts_mem_shared_op_st.sum                   16,731,633    16,226,212    +505,421.0     +3.1%

========================================================================================================================
fc2 pk=p mode=gemm: zigzag vs default
  A = fc2_zigzag_p_gemm,  B = fc2_default_p_gemm   (positive delta% = A higher than B)
========================================================================================================================
Metric                                                     Unit                 A             B          Diff     Diff%
-----------------------------------------------------------------------------------------------------------------------
dram__bytes_read.sum                                       Gbyte    2,870,000,000 4,160,000,000 -1,290,000,000.0    -31.0%
dram__sectors_read.sum                                     sector      89,777,200   129,862,416 -40,085,216.0    -30.9%
dram__throughput.avg.pct_of_peak_sustained_elapsed         %                31.14         38.39          -7.2    -18.9%
lts__t_sector_hit_rate.pct                                 %                66.23         58.20          +8.0    +13.8%
smsp__warps_issue_stalled_not_selected.avg                 warp           4,675.2       4,206.7        +468.4    +11.1%
smsp__warps_issue_stalled_sleeping.avg                     warp          21,948.3      24,222.7      -2,274.3     -9.4%
l1tex__data_pipe_lsu_wavefronts_mem_shared_op_st.sum                   15,165,494    16,226,212  -1,060,718.0     -6.5%
l1tex__throughput.avg.pct_of_peak_sustained_elapsed        %                47.90         45.19          +2.7     +6.0%
sm__pipe_shared_cycles_active.avg.pct_of_peak_sustained_elapsed %                95.79         90.38          +5.4     +6.0%
sm__throughput.avg.pct_of_peak_sustained_elapsed           %                96.60         91.24          +5.4     +5.9%
lts__throughput.avg.pct_of_peak_sustained_elapsed          %                69.08         65.27          +3.8     +5.8%
sm__inst_executed_pipe_lsu.avg.pct_of_peak_sustained_elapsed %                 1.46          1.38        +0.080     +5.8%
l1tex__data_pipe_lsu_wavefronts_mem_shared.sum                         16,427,521    17,438,335  -1,010,814.0     -5.8%
smsp__warps_issue_stalled_short_scoreboard.avg             warp          27,881.6      26,375.1      +1,506.5     +5.7%
sm__mio_pq_write_cycles_active.avg.pct_of_peak_sustained_elapsed %                 5.60          5.31        +0.290     +5.5%
sm__mio_pq_read_cycles_active.avg.pct_of_peak_sustained_elapsed %                 5.60          5.31        +0.290     +5.5%
launch__registers_per_thread                               register/thread         116.0         111.0          +5.0     +4.5%
lts__t_sectors_op_read.sum                                 sector     590,936,063   615,036,433 -24,100,370.0     -3.9%
lts__t_sectors.sum                                         sector     658,877,728   683,033,990 -24,156,262.0     -3.5%
l1tex__data_pipe_lsu_wavefronts_mem_shared_op_ld.sum                      2,065.0       2,010.0         +55.0     +2.7%
smsp__warps_issue_stalled_long_scoreboard.avg              warp         2,382,905     2,421,937     -39,032.0     -1.6%
smsp__inst_executed.sum                                    inst        71,406,095    70,331,114  +1,074,981.0     +1.5%
dram__bytes_write.sum                                      Mbyte    1,400,000,000 1,420,000,000 -20,000,000.0     -1.4%
dram__sectors_write.sum                                    sector      43,870,672    44,452,528    -581,856.0     -1.3%
smsp__warps_issue_stalled_barrier.avg                      warp         277,648.2     280,893.5      -3,245.3     -1.2%

========================================================================================================================
fc2 pk=p mode=gemm: zorder vs default
  A = fc2_zorder_p_gemm,  B = fc2_default_p_gemm   (positive delta% = A higher than B)
========================================================================================================================
Metric                                                     Unit                 A             B          Diff     Diff%
-----------------------------------------------------------------------------------------------------------------------
dram__bytes_read.sum                                       Gbyte    3,080,000,000 4,160,000,000 -1,080,000,000.0    -26.0%
dram__sectors_read.sum                                     sector      96,346,856   129,862,416 -33,515,560.0    -25.8%
smsp__warps_issue_stalled_sleeping.avg                     warp          18,433.9      24,222.7      -5,788.7    -23.9%
smsp__warps_issue_stalled_short_scoreboard.avg             warp          30,650.7      26,375.1      +4,275.6    +16.2%
dram__throughput.avg.pct_of_peak_sustained_elapsed         %                32.43         38.39          -6.0    -15.5%
smsp__warps_issue_stalled_wait.avg                         warp         368,328.0     332,145.2     +36,182.8    +10.9%
lts__t_sector_hit_rate.pct                                 %                63.79         58.20          +5.6     +9.6%
smsp__inst_executed.sum                                    inst        76,836,633    70,331,114  +6,505,519.0     +9.2%
smsp__warps_issue_stalled_not_selected.avg                 warp           4,551.1       4,206.7        +344.3     +8.2%
l1tex__data_pipe_lsu_wavefronts_mem_shared_op_st.sum                   17,492,006    16,226,212  +1,265,794.0     +7.8%
l1tex__data_pipe_lsu_wavefronts_mem_shared.sum                         18,682,643    17,438,335  +1,244,308.0     +7.1%
smsp__warps_issue_stalled_math_pipe_throttle.avg           warp           2,498.9       2,353.5        +145.5     +6.2%
smsp__warps_issue_stalled_barrier.avg                      warp         266,442.5     280,893.5     -14,450.9     -5.1%
sm__inst_executed_pipe_lsu.avg.pct_of_peak_sustained_elapsed %                 1.45          1.38        +0.070     +5.1%
sm__pipe_shared_cycles_active.avg.pct_of_peak_sustained_elapsed %                94.88         90.38          +4.5     +5.0%
l1tex__throughput.avg.pct_of_peak_sustained_elapsed        %                47.44         45.19          +2.2     +5.0%
sm__throughput.avg.pct_of_peak_sustained_elapsed           %                95.54         91.24          +4.3     +4.7%
smsp__warps_issue_stalled_long_scoreboard.avg              warp         2,308,636     2,421,937    -113,300.4     -4.7%
lts__throughput.avg.pct_of_peak_sustained_elapsed          %                68.24         65.27          +3.0     +4.6%
launch__registers_per_thread                               register/thread         116.0         111.0          +5.0     +4.5%
sm__mio_pq_read_cycles_active.avg.pct_of_peak_sustained_elapsed %                 5.53          5.31        +0.220     +4.1%
sm__mio_pq_write_cycles_active.avg.pct_of_peak_sustained_elapsed %                 5.52          5.31        +0.210     +4.0%
smsp__cycles_active.avg                                    cycle        1,858,050     1,892,436     -34,386.0     -1.8%
lts__t_sectors_op_read.sum                                 sector     606,601,443   615,036,433  -8,434,990.0     -1.4%
lts__t_sectors.sum                                         sector     674,523,235   683,033,990  -8,510,755.0     -1.2%

========================================================================================================================
fc2 pk=p mode=strip: dgswizzle vs default
  A = fc2_dgswizzle_p_strip,  B = fc2_default_p_strip   (positive delta% = A higher than B)
========================================================================================================================
Metric                                                     Unit                 A             B          Diff     Diff%
-----------------------------------------------------------------------------------------------------------------------
smsp__warps_issue_stalled_short_scoreboard.avg             warp          14,956.4       2,308.1     +12,648.3   +548.0%
smsp__warps_issue_stalled_mio_throttle.avg                 warp             42.48         17.67         +24.8   +140.4%
smsp__warps_issue_stalled_not_selected.avg                 warp           1,486.0         629.5        +856.5   +136.1%
smsp__warps_issue_stalled_math_pipe_throttle.avg           warp             494.5         236.1        +258.4   +109.5%
dram__bytes_write.sum                                      Mbyte        6,070,000    11,650,000  -5,580,000.0    -47.9%
dram__sectors_write.sum                                    sector       189,776.0     364,080.0    -174,304.0    -47.9%
dram__sectors_read.sum                                     sector     104,853,992   159,179,336 -54,325,344.0    -34.1%
dram__bytes_read.sum                                       Gbyte    3,360,000,000 5,090,000,000 -1,730,000,000.0    -34.0%
dram__throughput.avg.pct_of_peak_sustained_elapsed         %                24.92         36.64         -11.7    -32.0%
smsp__warps_eligible.avg.per_cycle_active                  warp              0.05          0.04        +0.010    +25.0%
l1tex__data_pipe_lsu_wavefronts_mem_shared.sum                          108,703.0      87,884.0     +20,819.0    +23.7%
smsp__warps_issue_stalled_sleeping.avg                     warp          10,364.4      12,895.8      -2,531.4    -19.6%
launch__registers_per_thread                               register/thread         56.00         48.00          +8.0    +16.7%
smsp__inst_executed.sum                                    inst        51,029,089    44,057,266  +6,971,823.0    +15.8%
lts__t_sectors_op_read.sum                                 sector     463,524,237   537,887,947 -74,363,710.0    -13.8%
lts__t_sectors.sum                                         sector     464,506,001   538,871,658 -74,365,657.0    -13.8%
lts__t_sector_hit_rate.pct                                 %                61.10         54.81          +6.3    +11.5%
smsp__warps_issue_stalled_wait.avg                         warp         286,687.4     263,584.4     +23,103.0     +8.8%
sm__mio_pq_write_cycles_active.avg.pct_of_peak_sustained_elapsed %                 1.73          1.61        +0.120     +7.5%
sm__mio_pq_read_cycles_active.avg.pct_of_peak_sustained_elapsed %                 1.73          1.61        +0.120     +7.5%
lts__throughput.avg.pct_of_peak_sustained_elapsed          %                54.65         57.37          -2.7     -4.7%
sm__pipe_shared_cycles_active.avg.pct_of_peak_sustained_elapsed %                97.70         94.33          +3.4     +3.6%
sm__throughput.avg.pct_of_peak_sustained_elapsed           %                97.71         94.34          +3.4     +3.6%
l1tex__throughput.avg.pct_of_peak_sustained_elapsed        %                48.85         47.17          +1.7     +3.6%
smsp__warps_issue_stalled_long_scoreboard.avg              warp         2,457,696     2,509,841     -52,145.3     -2.1%

========================================================================================================================
fc2 pk=p mode=strip: hilbert vs default
  A = fc2_hilbert_p_strip,  B = fc2_default_p_strip   (positive delta% = A higher than B)
========================================================================================================================
Metric                                                     Unit                 A             B          Diff     Diff%
-----------------------------------------------------------------------------------------------------------------------
lts__t_sectors_op_write.sum                                sector      15,696,667     679,759.0 +15,016,908.0  +2209.2%
sm__inst_executed_pipe_lsu.avg.pct_of_peak_sustained_elapsed %                 0.39          0.09        +0.300   +333.3%
smsp__warps_issue_stalled_not_selected.avg                 warp           2,203.7         629.5      +1,574.2   +250.1%
smsp__warps_issue_stalled_math_pipe_throttle.avg           warp             782.4         236.1        +546.4   +231.5%
l1tex__data_pipe_lsu_wavefronts_mem_shared.sum                          177,184.0      87,884.0     +89,300.0   +101.6%
dram__bytes_write.sum                                      Mbyte       20,560,000    11,650,000  +8,910,000.0    +76.5%
dram__sectors_write.sum                                    sector       642,488.0     364,080.0    +278,408.0    +76.5%
sm__mio_pq_write_cycles_active.avg.pct_of_peak_sustained_elapsed %                 2.55          1.61        +0.940    +58.4%
sm__mio_pq_read_cycles_active.avg.pct_of_peak_sustained_elapsed %                 2.55          1.61        +0.940    +58.4%
smsp__warps_issue_stalled_short_scoreboard.avg             warp           1,478.9       2,308.1        -829.2    -35.9%
smsp__warps_eligible.avg.per_cycle_active                  warp              0.05          0.04        +0.010    +25.0%
dram__sectors_read.sum                                     sector     126,597,824   159,179,336 -32,581,512.0    -20.5%
dram__bytes_read.sum                                       Gbyte    4,050,000,000 5,090,000,000 -1,040,000,000.0    -20.4%
dram__throughput.avg.pct_of_peak_sustained_elapsed         %                30.15         36.64          -6.5    -17.7%
smsp__inst_executed.sum                                    inst        51,478,870    44,057,266  +7,421,604.0    +16.8%
launch__registers_per_thread                               register/thread         56.00         48.00          +8.0    +16.7%
lts__t_sector_hit_rate.pct                                 %                61.30         54.81          +6.5    +11.8%
smsp__warps_issue_stalled_wait.avg                         warp         288,841.9     263,584.4     +25,257.5     +9.6%
lts__throughput.avg.pct_of_peak_sustained_elapsed          %                61.35         57.37          +4.0     +6.9%
lts__t_sectors.sum                                         sector     574,851,667   538,871,658 +35,980,009.0     +6.7%
smsp__warps_issue_stalled_sleeping.avg                     warp          12,046.6      12,895.8        -849.2     -6.6%
lts__t_sectors_op_read.sum                                 sector     558,875,483   537,887,947 +20,987,536.0     +3.9%
sm__pipe_shared_cycles_active.avg.pct_of_peak_sustained_elapsed %                97.72         94.33          +3.4     +3.6%
sm__throughput.avg.pct_of_peak_sustained_elapsed           %                97.73         94.34          +3.4     +3.6%
l1tex__throughput.avg.pct_of_peak_sustained_elapsed        %                48.86         47.17          +1.7     +3.6%

========================================================================================================================
fc2 pk=p mode=strip: lean vs default
  A = fc2_lean_p_strip,  B = fc2_default_p_strip   (positive delta% = A higher than B)
========================================================================================================================
Metric                                                     Unit                 A             B          Diff     Diff%
-----------------------------------------------------------------------------------------------------------------------
l1tex__data_pipe_lsu_wavefronts_mem_shared_op_ld.sum                    231,121.0       2,014.0    +229,107.0 +11375.7%
l1tex__data_pipe_lsu_wavefronts_mem_shared_op_st.sum                    253,349.0       2,430.0    +250,919.0 +10325.9%
smsp__warps_issue_stalled_short_scoreboard.avg             warp          29,955.5       2,308.1     +27,647.4  +1197.8%
l1tex__data_pipe_lsu_wavefronts_mem_shared.sum                          1,033,827      87,884.0    +945,943.0  +1076.4%
sm__inst_executed_pipe_lsu.avg.pct_of_peak_sustained_elapsed %                 0.37          0.09        +0.280   +311.1%
launch__registers_per_thread                               register/thread         100.0         48.00         +52.0   +108.3%
smsp__warps_issue_stalled_barrier.avg                      warp           2,723.4     224,642.6    -221,919.2    -98.8%
smsp__warps_issue_stalled_sleeping.avg                     warp           1,016.1      12,895.8     -11,879.7    -92.1%
lts__t_sectors_op_write.sum                                sector       1,141,834     679,759.0    +462,075.0    +68.0%
dram__sectors_write.sum                                    sector       127,040.0     364,080.0    -237,040.0    -65.1%
dram__bytes_write.sum                                      Mbyte        4,070,000    11,650,000  -7,580,000.0    -65.1%
sm__mio_pq_read_cycles_active.avg.pct_of_peak_sustained_elapsed %                 2.32          1.61        +0.710    +44.1%
dram__bytes_read.sum                                       Gbyte    2,850,000,000 5,090,000,000 -2,240,000,000.0    -44.0%
dram__sectors_read.sum                                     sector      89,188,640   159,179,336 -69,990,696.0    -44.0%
sm__mio_pq_write_cycles_active.avg.pct_of_peak_sustained_elapsed %                 2.31          1.61        +0.700    +43.5%
dram__throughput.avg.pct_of_peak_sustained_elapsed         %                21.43         36.64         -15.2    -41.5%
smsp__warps_issue_stalled_mio_throttle.avg                 warp             24.09         17.67          +6.4    +36.3%
smsp__warps_issue_stalled_not_selected.avg                 warp             822.0         629.5        +192.5    +30.6%
smsp__warps_eligible.avg.per_cycle_active                  warp              0.05          0.04        +0.010    +25.0%
lts__t_sectors_op_read.sum                                 sector     403,921,203   537,887,947 -133,966,744.0    -24.9%
lts__t_sectors.sum                                         sector     408,381,153   538,871,658 -130,490,505.0    -24.2%
smsp__warps_issue_stalled_long_scoreboard.avg              warp         3,072,114     2,509,841    +562,272.6    +22.4%
lts__t_sector_hit_rate.pct                                 %                64.80         54.81         +10.0    +18.2%
sm__warps_active.avg.per_cycle_active                      warp              7.98          7.00        +0.980    +14.0%
smsp__inst_executed.sum                                    inst        50,118,420    44,057,266  +6,061,154.0    +13.8%

========================================================================================================================
fc2 pk=p mode=strip: ncycle vs default
  A = fc2_ncycle_p_strip,  B = fc2_default_p_strip   (positive delta% = A higher than B)
========================================================================================================================
Metric                                                     Unit                 A             B          Diff     Diff%
-----------------------------------------------------------------------------------------------------------------------
smsp__warps_issue_stalled_math_pipe_throttle.avg           warp             719.4         236.1        +483.4   +204.8%
smsp__warps_issue_stalled_not_selected.avg                 warp           1,254.2         629.5        +624.7    +99.2%
smsp__warps_issue_stalled_short_scoreboard.avg             warp           3,839.1       2,308.1      +1,531.0    +66.3%
dram__bytes_read.sum                                       Gbyte    2,930,000,000 5,090,000,000 -2,160,000,000.0    -42.4%
dram__sectors_read.sum                                     sector      91,706,976   159,179,336 -67,472,360.0    -42.4%
dram__throughput.avg.pct_of_peak_sustained_elapsed         %                21.81         36.64         -14.8    -40.5%
dram__sectors_write.sum                                    sector       242,984.0     364,080.0    -121,096.0    -33.3%
dram__bytes_write.sum                                      Mbyte        7,780,000    11,650,000  -3,870,000.0    -33.2%
lts__t_sector_hit_rate.pct                                 %                70.65         54.81         +15.8    +28.9%
smsp__warps_eligible.avg.per_cycle_active                  warp              0.05          0.04        +0.010    +25.0%
smsp__warps_issue_stalled_sleeping.avg                     warp           9,678.4      12,895.8      -3,217.5    -24.9%
launch__registers_per_thread                               register/thread         56.00         48.00          +8.0    +16.7%
smsp__inst_executed.sum                                    inst        48,072,429    44,057,266  +4,015,163.0     +9.1%
lts__t_sectors_op_read.sum                                 sector     497,976,491   537,887,947 -39,911,456.0     -7.4%
lts__t_sectors.sum                                         sector     499,074,722   538,871,658 -39,796,936.0     -7.4%
smsp__warps_issue_stalled_wait.avg                         warp         273,276.6     263,584.4      +9,692.2     +3.7%
sm__pipe_shared_cycles_active.avg.pct_of_peak_sustained_elapsed %                97.67         94.33          +3.3     +3.5%
sm__throughput.avg.pct_of_peak_sustained_elapsed           %                97.68         94.34          +3.3     +3.5%
l1tex__throughput.avg.pct_of_peak_sustained_elapsed        %                48.83         47.17          +1.7     +3.5%
sm__mio_pq_write_cycles_active.avg.pct_of_peak_sustained_elapsed %                 1.65          1.61        +0.040     +2.5%
sm__mio_pq_read_cycles_active.avg.pct_of_peak_sustained_elapsed %                 1.65          1.61        +0.040     +2.5%
l1tex__data_pipe_lsu_wavefronts_mem_shared_op_st.sum                      2,486.0       2,430.0         +56.0     +2.3%
l1tex__data_pipe_lsu_wavefronts_mem_shared.sum                           85,892.0      87,884.0      -1,992.0     -2.3%
smsp__warps_issue_stalled_long_scoreboard.avg              warp         2,496,547     2,509,841     -13,294.4     -0.5%
smsp__warps_issue_stalled_barrier.avg                      warp         223,873.8     224,642.6        -768.7     -0.3%

========================================================================================================================
fc2 pk=p mode=strip: nflat vs default
  A = fc2_nflat_p_strip,  B = fc2_default_p_strip   (positive delta% = A higher than B)
========================================================================================================================
Metric                                                     Unit                 A             B          Diff     Diff%
-----------------------------------------------------------------------------------------------------------------------
smsp__warps_issue_stalled_math_pipe_throttle.avg           warp             967.5         236.1        +731.4   +309.9%
smsp__warps_issue_stalled_not_selected.avg                 warp           1,538.1         629.5        +908.6   +144.3%
smsp__warps_issue_stalled_short_scoreboard.avg             warp           3,281.0       2,308.1        +972.9    +42.2%
dram__sectors_read.sum                                     sector      92,093,224   159,179,336 -67,086,112.0    -42.1%
dram__bytes_read.sum                                       Gbyte    2,950,000,000 5,090,000,000 -2,140,000,000.0    -42.0%
dram__throughput.avg.pct_of_peak_sustained_elapsed         %                21.82         36.64         -14.8    -40.4%
dram__sectors_write.sum                                    sector       233,656.0     364,080.0    -130,424.0    -35.8%
dram__bytes_write.sum                                      Mbyte        7,480,000    11,650,000  -4,170,000.0    -35.8%
lts__t_sector_hit_rate.pct                                 %                71.86         54.81         +17.0    +31.1%
smsp__warps_issue_stalled_sleeping.avg                     warp           9,396.0      12,895.8      -3,499.8    -27.1%
smsp__warps_eligible.avg.per_cycle_active                  warp              0.05          0.04        +0.010    +25.0%
launch__registers_per_thread                               register/thread         56.00         48.00          +8.0    +16.7%
smsp__inst_executed.sum                                    inst        50,694,328    44,057,266  +6,637,062.0    +15.1%
lts__throughput.avg.pct_of_peak_sustained_elapsed          %                63.12         57.37          +5.8    +10.0%
smsp__warps_issue_stalled_wait.avg                         warp         277,607.9     263,584.4     +14,023.5     +5.3%
sm__pipe_shared_cycles_active.avg.pct_of_peak_sustained_elapsed %                97.79         94.33          +3.5     +3.7%
sm__throughput.avg.pct_of_peak_sustained_elapsed           %                97.79         94.34          +3.5     +3.7%
l1tex__throughput.avg.pct_of_peak_sustained_elapsed        %                48.89         47.17          +1.7     +3.6%
l1tex__data_pipe_lsu_wavefronts_mem_shared.sum                           85,684.0      87,884.0      -2,200.0     -2.5%
l1tex__data_pipe_lsu_wavefronts_mem_shared_op_st.sum                      2,476.0       2,430.0         +46.0     +1.9%
sm__mio_pq_write_cycles_active.avg.pct_of_peak_sustained_elapsed %                 1.64          1.61        +0.030     +1.9%
sm__mio_pq_read_cycles_active.avg.pct_of_peak_sustained_elapsed %                 1.64          1.61        +0.030     +1.9%
smsp__warps_issue_stalled_long_scoreboard.avg              warp         2,487,222     2,509,841     -22,618.8     -0.9%
smsp__warps_issue_stalled_barrier.avg                      warp         223,143.6     224,642.6      -1,499.0     -0.7%
lts__t_sectors_op_read.sum                                 sector     534,772,079   537,887,947  -3,115,868.0     -0.6%

========================================================================================================================
fc2 pk=p mode=strip: nsnake vs default
  A = fc2_nsnake_p_strip,  B = fc2_default_p_strip   (positive delta% = A higher than B)
========================================================================================================================
Metric                                                     Unit                 A             B          Diff     Diff%
-----------------------------------------------------------------------------------------------------------------------
smsp__warps_issue_stalled_math_pipe_throttle.avg           warp             725.8         236.1        +489.8   +207.5%
smsp__warps_issue_stalled_not_selected.avg                 warp           1,251.1         629.5        +621.6    +98.7%
smsp__warps_issue_stalled_short_scoreboard.avg             warp           3,975.2       2,308.1      +1,667.1    +72.2%
dram__sectors_read.sum                                     sector      91,727,680   159,179,336 -67,451,656.0    -42.4%
dram__bytes_read.sum                                       Gbyte    2,940,000,000 5,090,000,000 -2,150,000,000.0    -42.2%
dram__throughput.avg.pct_of_peak_sustained_elapsed         %                21.78         36.64         -14.9    -40.6%
dram__bytes_write.sum                                      Mbyte        7,250,000    11,650,000  -4,400,000.0    -37.8%
dram__sectors_write.sum                                    sector       226,640.0     364,080.0    -137,440.0    -37.7%
lts__t_sector_hit_rate.pct                                 %                73.57         54.81         +18.8    +34.2%
smsp__warps_issue_stalled_sleeping.avg                     warp           9,470.4      12,895.8      -3,425.4    -26.6%
smsp__warps_eligible.avg.per_cycle_active                  warp              0.05          0.04        +0.010    +25.0%
launch__registers_per_thread                               register/thread         56.00         48.00          +8.0    +16.7%
smsp__inst_executed.sum                                    inst        48,232,782    44,057,266  +4,175,516.0     +9.5%
lts__t_sectors_op_read.sum                                 sector     489,156,838   537,887,947 -48,731,109.0     -9.1%
lts__t_sectors.sum                                         sector     490,226,677   538,871,658 -48,644,981.0     -9.0%
smsp__warps_issue_stalled_wait.avg                         warp         274,101.0     263,584.4     +10,516.6     +4.0%
sm__pipe_shared_cycles_active.avg.pct_of_peak_sustained_elapsed %                97.68         94.33          +3.4     +3.6%
sm__throughput.avg.pct_of_peak_sustained_elapsed           %                97.69         94.34          +3.3     +3.6%
l1tex__throughput.avg.pct_of_peak_sustained_elapsed        %                48.84         47.17          +1.7     +3.5%
lts__throughput.avg.pct_of_peak_sustained_elapsed          %                59.20         57.37          +1.8     +3.2%
sm__mio_pq_write_cycles_active.avg.pct_of_peak_sustained_elapsed %                 1.65          1.61        +0.040     +2.5%
sm__mio_pq_read_cycles_active.avg.pct_of_peak_sustained_elapsed %                 1.65          1.61        +0.040     +2.5%
l1tex__data_pipe_lsu_wavefronts_mem_shared.sum                           85,826.0      87,884.0      -2,058.0     -2.3%
l1tex__data_pipe_lsu_wavefronts_mem_shared_op_st.sum                      2,475.0       2,430.0         +45.0     +1.9%
lts__t_sectors_op_write.sum                                sector       670,093.0     679,759.0      -9,666.0     -1.4%

========================================================================================================================
fc2 pk=p mode=strip: rowmajor vs default
  A = fc2_rowmajor_p_strip,  B = fc2_default_p_strip   (positive delta% = A higher than B)
========================================================================================================================
Metric                                                     Unit                 A             B          Diff     Diff%
-----------------------------------------------------------------------------------------------------------------------
dram__sectors_read.sum                                     sector     124,551,936   159,179,336 -34,627,400.0    -21.8%
dram__bytes_read.sum                                       Gbyte    3,990,000,000 5,090,000,000 -1,100,000,000.0    -21.6%
smsp__warps_issue_stalled_math_pipe_throttle.avg           warp             190.1         236.1         -45.9    -19.5%
dram__throughput.avg.pct_of_peak_sustained_elapsed         %                29.64         36.64          -7.0    -19.1%
dram__bytes_write.sum                                      Mbyte        9,620,000    11,650,000  -2,030,000.0    -17.4%
dram__sectors_write.sum                                    sector       300,760.0     364,080.0     -63,320.0    -17.4%
launch__registers_per_thread                               register/thread         56.00         48.00          +8.0    +16.7%
lts__t_sector_hit_rate.pct                                 %                63.28         54.81          +8.5    +15.5%
smsp__warps_issue_stalled_sleeping.avg                     warp          11,100.8      12,895.8      -1,795.0    -13.9%
smsp__warps_issue_stalled_short_scoreboard.avg             warp           2,583.2       2,308.1        +275.1    +11.9%
lts__throughput.avg.pct_of_peak_sustained_elapsed          %                61.14         57.37          +3.8     +6.6%
smsp__warps_issue_stalled_not_selected.avg                 warp             598.4         629.5         -31.1     -4.9%
sm__mio_pq_write_cycles_active.avg.pct_of_peak_sustained_elapsed %                 1.67          1.61        +0.060     +3.7%
sm__mio_pq_read_cycles_active.avg.pct_of_peak_sustained_elapsed %                 1.67          1.61        +0.060     +3.7%
l1tex__data_pipe_lsu_wavefronts_mem_shared_op_st.sum                      2,520.0       2,430.0         +90.0     +3.7%
sm__pipe_shared_cycles_active.avg.pct_of_peak_sustained_elapsed %                97.80         94.33          +3.5     +3.7%
sm__throughput.avg.pct_of_peak_sustained_elapsed           %                97.80         94.34          +3.5     +3.7%
l1tex__throughput.avg.pct_of_peak_sustained_elapsed        %                48.90         47.17          +1.7     +3.7%
lts__t_sectors_op_read.sum                                 sector     530,616,542   537,887,947  -7,271,405.0     -1.4%
lts__t_sectors.sum                                         sector     531,588,098   538,871,658  -7,283,560.0     -1.4%
lts__t_sectors_op_write.sum                                sector       673,765.0     679,759.0      -5,994.0     -0.9%
smsp__warps_issue_stalled_wait.avg                         warp         265,607.1     263,584.4      +2,022.7     +0.8%
l1tex__data_pipe_lsu_wavefronts_mem_shared_op_ld.sum                      2,027.0       2,014.0         +13.0     +0.6%
l1tex__data_pipe_lsu_wavefronts_mem_shared.sum                           87,766.0      87,884.0        -118.0     -0.1%
smsp__warps_issue_stalled_mio_throttle.avg                 warp             17.68         17.67        +0.010     +0.1%

========================================================================================================================
fc2 pk=p mode=strip: rowsteal vs default
  A = fc2_rowsteal_p_strip,  B = fc2_default_p_strip   (positive delta% = A higher than B)
========================================================================================================================
Metric                                                     Unit                 A             B          Diff     Diff%
-----------------------------------------------------------------------------------------------------------------------
l1tex__data_pipe_lsu_wavefronts_mem_shared_op_st.sum                    467,679.0       2,430.0    +465,249.0 +19146.0%
l1tex__data_pipe_lsu_wavefronts_mem_shared_op_ld.sum                    209,935.0       2,014.0    +207,921.0 +10323.8%
l1tex__data_pipe_lsu_wavefronts_mem_shared.sum                          1,087,525      87,884.0    +999,641.0  +1137.5%
smsp__warps_issue_stalled_short_scoreboard.avg             warp          15,678.2       2,308.1     +13,370.1   +579.3%
sm__inst_executed_pipe_lsu.avg.pct_of_peak_sustained_elapsed %                 0.39          0.09        +0.300   +333.3%
lts__t_sectors_op_write.sum                                sector       1,803,347     679,759.0  +1,123,588.0   +165.3%
launch__registers_per_thread                               register/thread         98.00         48.00         +50.0   +104.2%
smsp__warps_issue_stalled_barrier.avg                      warp           2,485.8     224,642.6    -222,156.8    -98.9%
smsp__warps_issue_stalled_sleeping.avg                     warp             749.4      12,895.8     -12,146.4    -94.2%
smsp__warps_issue_stalled_not_selected.avg                 warp             966.1         629.5        +336.6    +53.5%
dram__sectors_read.sum                                     sector      89,609,928   159,179,336 -69,569,408.0    -43.7%
dram__bytes_read.sum                                       Gbyte    2,870,000,000 5,090,000,000 -2,220,000,000.0    -43.6%
dram__throughput.avg.pct_of_peak_sustained_elapsed         %                21.42         36.64         -15.2    -41.5%
sm__mio_pq_read_cycles_active.avg.pct_of_peak_sustained_elapsed %                 2.27          1.61        +0.660    +41.0%
sm__mio_pq_write_cycles_active.avg.pct_of_peak_sustained_elapsed %                 2.26          1.61        +0.650    +40.4%
smsp__warps_issue_stalled_math_pipe_throttle.avg           warp             316.3         236.1         +80.2    +34.0%
lts__t_sector_hit_rate.pct                                 %                73.15         54.81         +18.3    +33.5%
smsp__warps_issue_stalled_mio_throttle.avg                 warp             23.07         17.67          +5.4    +30.6%
smsp__warps_eligible.avg.per_cycle_active                  warp              0.05          0.04        +0.010    +25.0%
smsp__warps_issue_stalled_long_scoreboard.avg              warp         3,125,562     2,509,841    +615,720.6    +24.5%
lts__throughput.avg.pct_of_peak_sustained_elapsed          %                66.88         57.37          +9.5    +16.6%
smsp__inst_executed.sum                                    inst        50,341,438    44,057,266  +6,284,172.0    +14.3%
sm__warps_active.avg.per_cycle_active                      warp              7.99          7.00        +0.990    +14.1%
smsp__warps_issue_stalled_wait.avg                         warp         284,071.1     263,584.4     +20,486.7     +7.8%
dram__sectors_write.sum                                    sector       382,952.0     364,080.0     +18,872.0     +5.2%

========================================================================================================================
fc2 pk=p mode=strip: sched vs default
  A = fc2_sched_p_strip,  B = fc2_default_p_strip   (positive delta% = A higher than B)
========================================================================================================================
Metric                                                     Unit                 A             B          Diff     Diff%
-----------------------------------------------------------------------------------------------------------------------
l1tex__data_pipe_lsu_wavefronts_mem_shared_op_ld.sum                    225,701.0       2,014.0    +223,687.0 +11106.6%
l1tex__data_pipe_lsu_wavefronts_mem_shared_op_st.sum                    148,505.0       2,430.0    +146,075.0  +6011.3%
l1tex__data_pipe_lsu_wavefronts_mem_shared.sum                          928,902.0      87,884.0    +841,018.0   +957.0%
smsp__warps_issue_stalled_short_scoreboard.avg             warp          16,529.5       2,308.1     +14,221.4   +616.2%
sm__inst_executed_pipe_lsu.avg.pct_of_peak_sustained_elapsed %                 0.45          0.09        +0.360   +400.0%
lts__t_sectors_op_write.sum                                sector       1,796,649     679,759.0  +1,116,890.0   +164.3%
launch__registers_per_thread                               register/thread         98.00         48.00         +50.0   +104.2%
smsp__warps_issue_stalled_barrier.avg                      warp           2,442.0     224,642.6    -222,200.5    -98.9%
smsp__warps_issue_stalled_sleeping.avg                     warp           1,028.6      12,895.8     -11,867.2    -92.0%
dram__sectors_write.sum                                    sector       122,752.0     364,080.0    -241,328.0    -66.3%
dram__bytes_write.sum                                      Mbyte        3,930,000    11,650,000  -7,720,000.0    -66.3%
sm__mio_pq_read_cycles_active.avg.pct_of_peak_sustained_elapsed %                 2.40          1.61        +0.790    +49.1%
smsp__warps_issue_stalled_not_selected.avg                 warp             934.8         629.5        +305.4    +48.5%
sm__mio_pq_write_cycles_active.avg.pct_of_peak_sustained_elapsed %                 2.39          1.61        +0.780    +48.4%
dram__sectors_read.sum                                     sector      89,220,240   159,179,336 -69,959,096.0    -43.9%
dram__bytes_read.sum                                       Gbyte    2,860,000,000 5,090,000,000 -2,230,000,000.0    -43.8%
dram__throughput.avg.pct_of_peak_sustained_elapsed         %                21.47         36.64         -15.2    -41.4%
smsp__warps_issue_stalled_mio_throttle.avg                 warp             23.64         17.67          +6.0    +33.8%
smsp__warps_issue_stalled_math_pipe_throttle.avg           warp             310.0         236.1         +74.0    +31.3%
lts__t_sectors_op_read.sum                                 sector     394,043,001   537,887,947 -143,844,946.0    -26.7%
lts__t_sectors.sum                                         sector     399,082,993   538,871,658 -139,788,665.0    -25.9%
smsp__warps_eligible.avg.per_cycle_active                  warp              0.05          0.04        +0.010    +25.0%
smsp__warps_issue_stalled_long_scoreboard.avg              warp         3,083,045     2,509,841    +573,204.1    +22.8%
lts__throughput.avg.pct_of_peak_sustained_elapsed          %                45.59         57.37         -11.8    -20.5%
lts__t_sector_hit_rate.pct                                 %                65.33         54.81         +10.5    +19.2%

========================================================================================================================
fc2 pk=p mode=strip: tail vs default
  A = fc2_tail_p_strip,  B = fc2_default_p_strip   (positive delta% = A higher than B)
========================================================================================================================
Metric                                                     Unit                 A             B          Diff     Diff%
-----------------------------------------------------------------------------------------------------------------------
l1tex__data_pipe_lsu_wavefronts_mem_shared_op_st.sum                    360,379.0       2,430.0    +357,949.0 +14730.4%
l1tex__data_pipe_lsu_wavefronts_mem_shared_op_ld.sum                    218,391.0       2,014.0    +216,377.0 +10743.6%
l1tex__data_pipe_lsu_wavefronts_mem_shared.sum                          1,048,705      87,884.0    +960,821.0  +1093.3%
smsp__warps_issue_stalled_short_scoreboard.avg             warp          15,184.6       2,308.1     +12,876.5   +557.9%
sm__inst_executed_pipe_lsu.avg.pct_of_peak_sustained_elapsed %                 0.42          0.09        +0.330   +366.7%
lts__t_sectors_op_write.sum                                sector       1,792,669     679,759.0  +1,112,910.0   +163.7%
launch__registers_per_thread                               register/thread         99.00         48.00         +51.0   +106.2%
smsp__warps_issue_stalled_barrier.avg                      warp           2,328.7     224,642.6    -222,313.9    -99.0%
smsp__warps_issue_stalled_sleeping.avg                     warp             877.9      12,895.8     -12,017.9    -93.2%
dram__sectors_write.sum                                    sector       610,768.0     364,080.0    +246,688.0    +67.8%
dram__bytes_write.sum                                      Mbyte       19,540,000    11,650,000  +7,890,000.0    +67.7%
smsp__warps_issue_stalled_not_selected.avg                 warp             995.1         629.5        +365.6    +58.1%
sm__mio_pq_read_cycles_active.avg.pct_of_peak_sustained_elapsed %                 2.33          1.61        +0.720    +44.7%
sm__mio_pq_write_cycles_active.avg.pct_of_peak_sustained_elapsed %                 2.32          1.61        +0.710    +44.1%
smsp__warps_issue_stalled_mio_throttle.avg                 warp             23.53         17.67          +5.9    +33.2%
smsp__warps_issue_stalled_math_pipe_throttle.avg           warp             295.4         236.1         +59.3    +25.1%
smsp__warps_eligible.avg.per_cycle_active                  warp              0.05          0.04        +0.010    +25.0%
dram__sectors_read.sum                                     sector     119,697,896   159,179,336 -39,481,440.0    -24.8%
dram__bytes_read.sum                                       Gbyte    3,830,000,000 5,090,000,000 -1,260,000,000.0    -24.8%
smsp__warps_issue_stalled_long_scoreboard.avg              warp         3,090,926     2,509,841    +581,085.1    +23.2%
dram__throughput.avg.pct_of_peak_sustained_elapsed         %                28.54         36.64          -8.1    -22.1%
smsp__inst_executed.sum                                    inst        50,826,022    44,057,266  +6,768,756.0    +15.4%
lts__t_sector_hit_rate.pct                                 %                63.13         54.81          +8.3    +15.2%
sm__warps_active.avg.per_cycle_active                      warp              7.99          7.00        +0.990    +14.1%
smsp__warps_issue_stalled_wait.avg                         warp         288,224.5     263,584.4     +24,640.1     +9.3%

========================================================================================================================
fc2 pk=p mode=strip: tail_lean vs default
  A = fc2_tail_lean_p_strip,  B = fc2_default_p_strip   (positive delta% = A higher than B)
========================================================================================================================
Metric                                                     Unit                 A             B          Diff     Diff%
-----------------------------------------------------------------------------------------------------------------------
l1tex__data_pipe_lsu_wavefronts_mem_shared_op_st.sum                    373,546.0       2,430.0    +371,116.0 +15272.3%
l1tex__data_pipe_lsu_wavefronts_mem_shared_op_ld.sum                    218,827.0       2,014.0    +216,813.0 +10765.3%
l1tex__data_pipe_lsu_wavefronts_mem_shared.sum                          1,065,887      87,884.0    +978,003.0  +1112.8%
smsp__warps_issue_stalled_short_scoreboard.avg             warp          27,427.6       2,308.1     +25,119.5  +1088.3%
sm__inst_executed_pipe_lsu.avg.pct_of_peak_sustained_elapsed %                 0.33          0.09        +0.240   +266.7%
launch__registers_per_thread                               register/thread         100.0         48.00         +52.0   +108.3%
smsp__warps_issue_stalled_barrier.avg                      warp           2,760.0     224,642.6    -221,882.5    -98.8%
smsp__warps_issue_stalled_sleeping.avg                     warp             816.9      12,895.8     -12,078.9    -93.7%
lts__t_sectors_op_write.sum                                sector       1,141,866     679,759.0    +462,107.0    +68.0%
sm__mio_pq_read_cycles_active.avg.pct_of_peak_sustained_elapsed %                 2.24          1.61        +0.630    +39.1%
sm__mio_pq_write_cycles_active.avg.pct_of_peak_sustained_elapsed %                 2.23          1.61        +0.620    +38.5%
smsp__warps_issue_stalled_mio_throttle.avg                 warp             23.94         17.67          +6.3    +35.5%
smsp__warps_issue_stalled_not_selected.avg                 warp             793.1         629.5        +163.6    +26.0%
smsp__warps_eligible.avg.per_cycle_active                  warp              0.05          0.04        +0.010    +25.0%
dram__bytes_read.sum                                       Gbyte    3,880,000,000 5,090,000,000 -1,210,000,000.0    -23.8%
dram__sectors_read.sum                                     sector     121,349,048   159,179,336 -37,830,288.0    -23.8%
smsp__warps_issue_stalled_long_scoreboard.avg              warp         3,080,561     2,509,841    +570,720.4    +22.7%
dram__throughput.avg.pct_of_peak_sustained_elapsed         %                28.84         36.64          -7.8    -21.3%
lts__t_sector_hit_rate.pct                                 %                65.42         54.81         +10.6    +19.4%
dram__bytes_write.sum                                      Mbyte       13,380,000    11,650,000  +1,730,000.0    +14.8%
dram__sectors_write.sum                                    sector       418,000.0     364,080.0     +53,920.0    +14.8%
sm__warps_active.avg.per_cycle_active                      warp              7.99          7.00        +0.990    +14.1%
smsp__inst_executed.sum                                    inst        49,882,329    44,057,266  +5,825,063.0    +13.2%
smsp__warps_issue_stalled_math_pipe_throttle.avg           warp             212.7         236.1         -23.3     -9.9%
smsp__warps_issue_stalled_wait.avg                         warp         289,533.8     263,584.4     +25,949.4     +9.8%

========================================================================================================================
fc2 pk=p mode=strip: zigzag vs default
  A = fc2_zigzag_p_strip,  B = fc2_default_p_strip   (positive delta% = A higher than B)
========================================================================================================================
Metric                                                     Unit                 A             B          Diff     Diff%
-----------------------------------------------------------------------------------------------------------------------
smsp__warps_issue_stalled_not_selected.avg                 warp             830.1         629.5        +200.6    +31.9%
smsp__warps_issue_stalled_short_scoreboard.avg             warp           2,865.8       2,308.1        +557.7    +24.2%
dram__sectors_read.sum                                     sector     122,375,232   159,179,336 -36,804,104.0    -23.1%
dram__bytes_read.sum                                       Gbyte    3,920,000,000 5,090,000,000 -1,170,000,000.0    -23.0%
dram__sectors_write.sum                                    sector       286,776.0     364,080.0     -77,304.0    -21.2%
dram__bytes_write.sum                                      Mbyte        9,180,000    11,650,000  -2,470,000.0    -21.2%
dram__throughput.avg.pct_of_peak_sustained_elapsed         %                29.13         36.64          -7.5    -20.5%
smsp__warps_issue_stalled_math_pipe_throttle.avg           warp             281.4         236.1         +45.3    +19.2%
smsp__warps_issue_stalled_sleeping.avg                     warp          10,511.5      12,895.8      -2,384.4    -18.5%
launch__registers_per_thread                               register/thread         56.00         48.00          +8.0    +16.7%
lts__t_sector_hit_rate.pct                                 %                61.57         54.81          +6.8    +12.3%
lts__throughput.avg.pct_of_peak_sustained_elapsed          %                60.29         57.37          +2.9     +5.1%
smsp__inst_executed.sum                                    inst        46,142,968    44,057,266  +2,085,702.0     +4.7%
sm__pipe_shared_cycles_active.avg.pct_of_peak_sustained_elapsed %                97.88         94.33          +3.5     +3.8%
sm__throughput.avg.pct_of_peak_sustained_elapsed           %                97.89         94.34          +3.5     +3.8%
l1tex__throughput.avg.pct_of_peak_sustained_elapsed        %                48.94         47.17          +1.8     +3.8%
sm__mio_pq_write_cycles_active.avg.pct_of_peak_sustained_elapsed %                 1.66          1.61        +0.050     +3.1%
sm__mio_pq_read_cycles_active.avg.pct_of_peak_sustained_elapsed %                 1.66          1.61        +0.050     +3.1%
smsp__warps_issue_stalled_wait.avg                         warp         271,758.9     263,584.4      +8,174.5     +3.1%
l1tex__data_pipe_lsu_wavefronts_mem_shared_op_ld.sum                      2,069.0       2,014.0         +55.0     +2.7%
lts__t_sectors_op_read.sum                                 sector     549,891,135   537,887,947 +12,003,188.0     +2.2%
lts__t_sectors.sum                                         sector     550,854,433   538,871,658 +11,982,775.0     +2.2%
l1tex__data_pipe_lsu_wavefronts_mem_shared_op_st.sum                      2,473.0       2,430.0         +43.0     +1.8%
lts__t_sectors_op_write.sum                                sector       669,676.0     679,759.0     -10,083.0     -1.5%
l1tex__data_pipe_lsu_wavefronts_mem_shared.sum                           86,960.0      87,884.0        -924.0     -1.1%

========================================================================================================================
fc2 pk=p mode=strip: zorder vs default
  A = fc2_zorder_p_strip,  B = fc2_default_p_strip   (positive delta% = A higher than B)
========================================================================================================================
Metric                                                     Unit                 A             B          Diff     Diff%
-----------------------------------------------------------------------------------------------------------------------
smsp__warps_issue_stalled_short_scoreboard.avg             warp           8,149.9       2,308.1      +5,841.8   +253.1%
smsp__warps_issue_stalled_not_selected.avg                 warp           1,097.6         629.5        +468.1    +74.4%
smsp__warps_issue_stalled_math_pipe_throttle.avg           warp             408.1         236.1        +172.1    +72.9%
smsp__warps_eligible.avg.per_cycle_active                  warp              0.05          0.04        +0.010    +25.0%
smsp__warps_issue_stalled_sleeping.avg                     warp           9,891.6      12,895.8      -3,004.2    -23.3%
l1tex__data_pipe_lsu_wavefronts_mem_shared.sum                          106,216.0      87,884.0     +18,332.0    +20.9%
dram__sectors_read.sum                                     sector     127,790,920   159,179,336 -31,388,416.0    -19.7%
dram__bytes_read.sum                                       Gbyte    4,090,000,000 5,090,000,000 -1,000,000,000.0    -19.6%
dram__throughput.avg.pct_of_peak_sustained_elapsed         %                30.35         36.64          -6.3    -17.2%
launch__registers_per_thread                               register/thread         56.00         48.00          +8.0    +16.7%
smsp__inst_executed.sum                                    inst        48,965,239    44,057,266  +4,907,973.0    +11.1%
smsp__warps_issue_stalled_wait.avg                         warp         290,084.3     263,584.4     +26,499.9    +10.1%
dram__sectors_write.sum                                    sector       327,800.0     364,080.0     -36,280.0    -10.0%
dram__bytes_write.sum                                      Mbyte       10,490,000    11,650,000  -1,160,000.0    -10.0%
lts__t_sector_hit_rate.pct                                 %                60.26         54.81          +5.4     +9.9%
sm__mio_pq_write_cycles_active.avg.pct_of_peak_sustained_elapsed %                 1.76          1.61        +0.150     +9.3%
sm__mio_pq_read_cycles_active.avg.pct_of_peak_sustained_elapsed %                 1.76          1.61        +0.150     +9.3%
lts__throughput.avg.pct_of_peak_sustained_elapsed          %                62.25         57.37          +4.9     +8.5%
l1tex__data_pipe_lsu_wavefronts_mem_shared_op_st.sum                      2,522.0       2,430.0         +92.0     +3.8%
sm__pipe_shared_cycles_active.avg.pct_of_peak_sustained_elapsed %                97.51         94.33          +3.2     +3.4%
sm__throughput.avg.pct_of_peak_sustained_elapsed           %                97.52         94.34          +3.2     +3.4%
l1tex__throughput.avg.pct_of_peak_sustained_elapsed        %                48.76         47.17          +1.6     +3.4%
l1tex__data_pipe_lsu_wavefronts_mem_shared_op_ld.sum                      2,072.0       2,014.0         +58.0     +2.9%
smsp__warps_issue_stalled_long_scoreboard.avg              warp         2,463,228     2,509,841     -46,612.9     -1.9%
lts__t_sectors_op_write.sum                                sector       667,175.0     679,759.0     -12,584.0     -1.9%

########################################################################################################################
# MODE DECOMPOSITION (per layer+dispatch+pk: fused−gemm, gemm−strip)
########################################################################################################################

========================================================================================================================
fc1 default pk=p: fused - gemm  (residual load + bias mul cost)
  A = fc1_default_p_fused,  B = fc1_default_p_gemm   (positive delta% = A higher than B)
========================================================================================================================
Metric                                                     Unit                 A             B          Diff     Diff%
-----------------------------------------------------------------------------------------------------------------------
l1tex__data_pipe_lsu_wavefronts_mem_shared_op_ld.sum                   28,299,997       1,857.0 +28,298,140.0       >>>
smsp__warps_issue_stalled_mio_throttle.avg                 warp             443.0         11.00        +432.0  +3927.5%
smsp__warps_issue_stalled_not_selected.avg                 warp         124,075.1      10,062.0    +114,013.1  +1133.1%
smsp__warps_issue_stalled_math_pipe_throttle.avg           warp          39,110.6       5,254.1     +33,856.5   +644.4%
smsp__inst_executed.sum                                    inst       972,904,708   160,649,578 +812,255,130.0   +505.6%
smsp__warps_eligible.avg.per_cycle_active                  warp              0.48          0.09        +0.390   +433.3%
smsp__warps_issue_stalled_short_scoreboard.avg             warp         393,562.2     101,783.1    +291,779.2   +286.7%
smsp__warps_issue_stalled_wait.avg                         warp         1,126,523     620,788.9    +505,734.1    +81.5%
smsp__warps_issue_stalled_long_scoreboard.avg              warp         1,168,904     2,980,197  -1,811,292.7    -60.8%
l1tex__data_pipe_lsu_wavefronts_mem_shared.sum                         78,886,434    49,934,137 +28,952,297.0    +58.0%
sm__inst_executed_pipe_lsu.avg.pct_of_peak_sustained_elapsed %                 4.76          3.28          +1.5    +45.1%
sm__throughput.avg.pct_of_peak_sustained_elapsed           %                47.48         58.65         -11.2    -19.0%
dram__bytes_read.sum                                       Gbyte    1,510,000,000 1,310,000,000 +200,000,000.0    +15.3%
dram__sectors_read.sum                                     sector      47,142,040    40,957,048  +6,184,992.0    +15.1%
l1tex__throughput.avg.pct_of_peak_sustained_elapsed        %                43.53         51.22          -7.7    -15.0%
smsp__cycles_active.avg                                    cycle        3,684,934     3,216,079    +468,855.0    +14.6%
sm__pipe_shared_cycles_active.avg.pct_of_peak_sustained_elapsed %                46.55         54.46          -7.9    -14.5%
sm__mio_pq_write_cycles_active.avg.pct_of_peak_sustained_elapsed %                 8.92         10.41          -1.5    -14.3%
sm__mio_pq_read_cycles_active.avg.pct_of_peak_sustained_elapsed %                 8.92         10.41          -1.5    -14.3%
smsp__warps_issue_stalled_barrier.avg                      warp         556,050.8     495,043.3     +61,007.6    +12.3%
dram__throughput.avg.pct_of_peak_sustained_elapsed         %                26.00         29.59          -3.6    -12.1%
lts__t_sectors_op_read.sum                                 sector     568,909,981   508,644,057 +60,265,924.0    +11.8%
lts__throughput.avg.pct_of_peak_sustained_elapsed          %                39.71         43.72          -4.0     -9.2%
lts__t_sectors.sum                                         sector     839,087,933   778,772,607 +60,315,326.0     +7.7%
smsp__warps_issue_stalled_sleeping.avg                     warp         140,501.0     134,048.1      +6,452.9     +4.8%

========================================================================================================================
fc1 default pk=p: gemm - strip  (output store cost)
  A = fc1_default_p_gemm,  B = fc1_default_p_strip   (positive delta% = A higher than B)
========================================================================================================================
Metric                                                     Unit                 A             B          Diff     Diff%
-----------------------------------------------------------------------------------------------------------------------
l1tex__data_pipe_lsu_wavefronts_mem_shared_op_st.sum                   45,280,444       8,151.0 +45,272,293.0 +555420.1%
dram__sectors_write.sum                                    sector     176,368,584     110,976.0 +176,257,608.0 +158825.0%
dram__bytes_write.sum                                      Mbyte    5,640,000,000     3,550,000 +5,636,450,000.0 +158773.2%
l1tex__data_pipe_lsu_wavefronts_mem_shared.sum                         49,934,137     318,938.0 +49,615,199.0 +15556.4%
smsp__warps_issue_stalled_short_scoreboard.avg             warp         101,783.1         744.1    +101,038.9 +13577.8%
lts__t_sectors_op_write.sum                                sector     269,483,788     2,115,457 +267,368,331.0 +12638.8%
smsp__warps_issue_stalled_math_pipe_throttle.avg           warp           5,254.1         244.7      +5,009.4  +2047.1%
sm__inst_executed_pipe_lsu.avg.pct_of_peak_sustained_elapsed %                 3.28          0.21          +3.1  +1461.9%
sm__mio_pq_write_cycles_active.avg.pct_of_peak_sustained_elapsed %                10.41          1.43          +9.0   +628.0%
sm__mio_pq_read_cycles_active.avg.pct_of_peak_sustained_elapsed %                10.41          1.43          +9.0   +628.0%
smsp__warps_issue_stalled_not_selected.avg                 warp          10,062.0       1,424.3      +8,637.7   +606.4%
dram__throughput.avg.pct_of_peak_sustained_elapsed         %                29.59          5.03         +24.6   +488.3%
launch__registers_per_thread                               register/thread         108.0         34.00         +74.0   +217.6%
smsp__inst_executed.sum                                    inst       160,649,578    54,037,609 +106,611,969.0   +197.3%
smsp__warps_eligible.avg.per_cycle_active                  warp              0.09          0.04        +0.050   +125.0%
smsp__warps_issue_stalled_wait.avg                         warp         620,788.9     340,959.4    +279,829.5    +82.1%
smsp__warps_issue_stalled_barrier.avg                      warp         495,043.3     303,650.4    +191,392.9    +63.0%
lts__t_sectors.sum                                         sector     778,772,607   529,558,023 +249,214,584.0    +47.1%
l1tex__throughput.avg.pct_of_peak_sustained_elapsed        %                51.22         35.19         +16.0    +45.6%
smsp__warps_issue_stalled_sleeping.avg                     warp         134,048.1      93,750.4     +40,297.7    +43.0%
dram__sectors_read.sum                                     sector      40,957,048    28,773,640 +12,183,408.0    +42.3%
dram__bytes_read.sum                                       Gbyte    1,310,000,000   920,760,000 +389,240,000.0    +42.3%
lts__t_sector_hit_rate.pct                                 %                56.19         89.67         -33.5    -37.3%
smsp__cycles_active.avg                                    cycle        3,216,079     2,513,691    +702,388.6    +27.9%
sm__pipe_shared_cycles_active.avg.pct_of_peak_sustained_elapsed %                54.46         70.37         -15.9    -22.6%

========================================================================================================================
fc1 dgswizzle pk=p: fused - gemm  (residual load + bias mul cost)
  A = fc1_dgswizzle_p_fused,  B = fc1_dgswizzle_p_gemm   (positive delta% = A higher than B)
========================================================================================================================
Metric                                                     Unit                 A             B          Diff     Diff%
-----------------------------------------------------------------------------------------------------------------------
l1tex__data_pipe_lsu_wavefronts_mem_shared_op_ld.sum                   29,395,005       1,859.0 +29,393,146.0       >>>
smsp__warps_issue_stalled_mio_throttle.avg                 warp           1,221.3         11.00      +1,210.3 +11002.7%
smsp__warps_issue_stalled_not_selected.avg                 warp         127,823.3      12,735.3    +115,088.0   +903.7%
smsp__inst_executed.sum                                    inst       986,384,314   174,299,102 +812,085,212.0   +465.9%
smsp__warps_eligible.avg.per_cycle_active                  warp              0.48          0.11        +0.370   +336.4%
smsp__warps_issue_stalled_math_pipe_throttle.avg           warp          30,849.6       7,751.7     +23,097.9   +298.0%
smsp__warps_issue_stalled_short_scoreboard.avg             warp         408,546.3     117,885.2    +290,661.0   +246.6%
smsp__warps_issue_stalled_wait.avg                         warp         1,191,094     676,745.1    +514,349.1    +76.0%
l1tex__data_pipe_lsu_wavefronts_mem_shared.sum                         80,063,703    49,777,274 +30,286,429.0    +60.8%
smsp__warps_issue_stalled_long_scoreboard.avg              warp         1,155,568     2,397,427  -1,241,858.5    -51.8%
smsp__warps_issue_stalled_sleeping.avg                     warp         141,590.7      97,152.8     +44,438.0    +45.7%
dram__sectors_read.sum                                     sector      31,961,400    22,369,352  +9,592,048.0    +42.9%
dram__bytes_read.sum                                       Gbyte    1,020,000,000   715,820,000 +304,180,000.0    +42.5%
smsp__cycles_active.avg                                    cycle        3,748,288     2,901,223    +847,065.4    +29.2%
sm__throughput.avg.pct_of_peak_sustained_elapsed           %                47.73         66.89         -19.2    -28.6%
sm__inst_executed_pipe_lsu.avg.pct_of_peak_sustained_elapsed %                 4.79          3.74          +1.0    +28.1%
sm__pipe_shared_cycles_active.avg.pct_of_peak_sustained_elapsed %                46.80         61.97         -15.2    -24.5%
l1tex__throughput.avg.pct_of_peak_sustained_elapsed        %                43.76         57.94         -14.2    -24.5%
sm__mio_pq_write_cycles_active.avg.pct_of_peak_sustained_elapsed %                 9.01         11.85          -2.8    -24.0%
sm__mio_pq_read_cycles_active.avg.pct_of_peak_sustained_elapsed %                 9.01         11.85          -2.8    -24.0%
lts__throughput.avg.pct_of_peak_sustained_elapsed          %                39.81         50.09         -10.3    -20.5%
dram__throughput.avg.pct_of_peak_sustained_elapsed         %                24.34         30.60          -6.3    -20.5%
lts__t_sectors_op_read.sum                                 sector     552,416,531   501,186,867 +51,229,664.0    +10.2%
smsp__warps_issue_stalled_barrier.avg                      warp         556,494.4     517,009.7     +39,484.7     +7.6%
lts__t_sectors.sum                                         sector     822,475,932   771,105,737 +51,370,195.0     +6.7%

========================================================================================================================
fc1 dgswizzle pk=p: gemm - strip  (output store cost)
  A = fc1_dgswizzle_p_gemm,  B = fc1_dgswizzle_p_strip   (positive delta% = A higher than B)
========================================================================================================================
Metric                                                     Unit                 A             B          Diff     Diff%
-----------------------------------------------------------------------------------------------------------------------
l1tex__data_pipe_lsu_wavefronts_mem_shared_op_st.sum                   45,186,804       8,206.0 +45,178,598.0 +550555.7%
dram__sectors_write.sum                                    sector     176,369,344     111,264.0 +176,258,080.0 +158414.3%
dram__bytes_write.sum                                      Mbyte    5,640,000,000     3,560,000 +5,636,440,000.0 +158327.0%
l1tex__data_pipe_lsu_wavefronts_mem_shared.sum                         49,777,274     318,842.0 +49,458,432.0 +15511.9%
lts__t_sectors_op_write.sum                                sector     269,463,888     2,092,516 +267,371,372.0 +12777.5%
sm__inst_executed_pipe_lsu.avg.pct_of_peak_sustained_elapsed %                 3.74          0.22          +3.5  +1600.0%
smsp__warps_issue_stalled_math_pipe_throttle.avg           warp           7,751.7         608.6      +7,143.1  +1173.7%
dram__throughput.avg.pct_of_peak_sustained_elapsed         %                30.60          4.00         +26.6   +665.0%
sm__mio_pq_write_cycles_active.avg.pct_of_peak_sustained_elapsed %                11.85          1.73         +10.1   +585.0%
sm__mio_pq_read_cycles_active.avg.pct_of_peak_sustained_elapsed %                11.85          1.73         +10.1   +585.0%
smsp__warps_issue_stalled_not_selected.avg                 warp          12,735.3       2,145.0     +10,590.2   +493.7%
smsp__warps_issue_stalled_short_scoreboard.avg             warp         117,885.2      37,333.8     +80,551.4   +215.8%
launch__registers_per_thread                               register/thread         112.0         40.00         +72.0   +180.0%
smsp__inst_executed.sum                                    inst       174,299,102    77,211,376 +97,087,726.0   +125.7%
smsp__warps_eligible.avg.per_cycle_active                  warp              0.11          0.05        +0.060   +120.0%
smsp__warps_issue_stalled_barrier.avg                      warp         517,009.7     286,375.5    +230,634.2    +80.5%
l1tex__throughput.avg.pct_of_peak_sustained_elapsed        %                57.94         35.95         +22.0    +61.2%
smsp__warps_issue_stalled_mio_throttle.avg                 warp             11.00         26.72         -15.7    -58.8%
smsp__warps_issue_stalled_wait.avg                         warp         676,745.1     427,195.0    +249,550.1    +58.4%
lts__t_sectors.sum                                         sector     771,105,737   495,702,239 +275,403,498.0    +55.6%
smsp__warps_issue_stalled_sleeping.avg                     warp          97,152.8      66,485.8     +30,667.0    +46.1%
lts__t_sector_hit_rate.pct                                 %                59.35         91.09         -31.7    -34.8%
smsp__cycles_active.avg                                    cycle        2,901,223     2,504,262    +396,960.6    +15.9%
sm__pipe_shared_cycles_active.avg.pct_of_peak_sustained_elapsed %                61.97         71.89          -9.9    -13.8%
smsp__warps_issue_stalled_long_scoreboard.avg              warp         2,397,427     2,638,931    -241,504.8     -9.2%

========================================================================================================================
fc1 hilbert pk=p: fused - gemm  (residual load + bias mul cost)
  A = fc1_hilbert_p_fused,  B = fc1_hilbert_p_gemm   (positive delta% = A higher than B)
========================================================================================================================
Metric                                                     Unit                 A             B          Diff     Diff%
-----------------------------------------------------------------------------------------------------------------------
l1tex__data_pipe_lsu_wavefronts_mem_shared_op_ld.sum                   28,902,152       1,927.0 +28,900,225.0       >>>
smsp__warps_issue_stalled_not_selected.avg                 warp         128,642.6      14,564.3    +114,078.3   +783.3%
smsp__warps_issue_stalled_math_pipe_throttle.avg           warp          36,538.2       6,879.7     +29,658.6   +431.1%
smsp__inst_executed.sum                                    inst     1,011,978,722   199,185,993 +812,792,729.0   +408.1%
smsp__warps_eligible.avg.per_cycle_active                  warp              0.45          0.12        +0.330   +275.0%
smsp__warps_issue_stalled_short_scoreboard.avg             warp         379,452.4     104,649.3    +274,803.0   +262.6%
smsp__warps_issue_stalled_mio_throttle.avg                 warp             542.7       2,733.7      -2,191.0    -80.1%
smsp__warps_issue_stalled_wait.avg                         warp         1,294,722     773,334.8    +521,387.1    +67.4%
smsp__warps_issue_stalled_sleeping.avg                     warp         160,239.0      95,962.0     +64,277.0    +67.0%
l1tex__data_pipe_lsu_wavefronts_mem_shared.sum                         88,949,538    59,613,970 +29,335,568.0    +49.2%
smsp__warps_issue_stalled_long_scoreboard.avg              warp         1,387,473     2,342,249    -954,775.4    -40.8%
smsp__cycles_active.avg                                    cycle        4,096,721     2,966,511  +1,130,209.7    +38.1%
sm__throughput.avg.pct_of_peak_sustained_elapsed           %                44.20         64.20         -20.0    -31.2%
l1tex__throughput.avg.pct_of_peak_sustained_elapsed        %                49.66         69.69         -20.0    -28.7%
sm__pipe_shared_cycles_active.avg.pct_of_peak_sustained_elapsed %                43.16         60.15         -17.0    -28.2%
dram__throughput.avg.pct_of_peak_sustained_elapsed         %                 8.68         11.97          -3.3    -27.5%
sm__mio_pq_write_cycles_active.avg.pct_of_peak_sustained_elapsed %                10.60         14.59          -4.0    -27.3%
sm__mio_pq_read_cycles_active.avg.pct_of_peak_sustained_elapsed %                10.60         14.59          -4.0    -27.3%
lts__throughput.avg.pct_of_peak_sustained_elapsed          %                43.42         57.29         -13.9    -24.2%
smsp__warps_issue_stalled_barrier.avg                      warp         604,242.8     488,226.5    +116,016.2    +23.8%
sm__inst_executed_pipe_lsu.avg.pct_of_peak_sustained_elapsed %                 5.05          4.51        +0.540    +12.0%
lts__t_sectors_op_read.sum                                 sector     527,130,300   492,206,859 +34,923,441.0     +7.1%
lts__t_sectors.sum                                         sector     887,656,816   852,829,990 +34,826,826.0     +4.1%
l1tex__data_pipe_lsu_wavefronts_mem_shared_op_st.sum                   54,365,332    55,279,780    -914,448.0     -1.7%
lts__t_sector_hit_rate.pct                                 %                83.40         82.34          +1.1     +1.3%

========================================================================================================================
fc1 hilbert pk=p: gemm - strip  (output store cost)
  A = fc1_hilbert_p_gemm,  B = fc1_hilbert_p_strip   (positive delta% = A higher than B)
========================================================================================================================
Metric                                                     Unit                 A             B          Diff     Diff%
-----------------------------------------------------------------------------------------------------------------------
l1tex__data_pipe_lsu_wavefronts_mem_shared_op_st.sum                   55,279,780       8,259.0 +55,271,521.0 +669227.8%
dram__sectors_write.sum                                    sector      57,884,240     112,624.0 +57,771,616.0 +51296.0%
dram__bytes_write.sum                                      Mbyte    1,850,000,000     3,600,000 +1,846,400,000.0 +51288.9%
smsp__warps_issue_stalled_mio_throttle.avg                 warp           2,733.7         11.00      +2,722.7 +24752.0%
smsp__warps_issue_stalled_short_scoreboard.avg             warp         104,649.3         728.2    +103,921.1 +14271.4%
l1tex__data_pipe_lsu_wavefronts_mem_shared.sum                         59,613,970     471,345.0 +59,142,625.0 +12547.6%
lts__t_sectors_op_write.sum                                sector     354,814,056    53,756,278 +301,057,778.0   +560.0%
smsp__warps_issue_stalled_math_pipe_throttle.avg           warp           6,879.7       1,096.8      +5,782.9   +527.3%
sm__inst_executed_pipe_lsu.avg.pct_of_peak_sustained_elapsed %                 4.51          0.83          +3.7   +443.4%
smsp__warps_issue_stalled_not_selected.avg                 warp          14,564.3       3,280.4     +11,283.9   +344.0%
sm__mio_pq_write_cycles_active.avg.pct_of_peak_sustained_elapsed %                14.59          3.66         +10.9   +298.6%
sm__mio_pq_read_cycles_active.avg.pct_of_peak_sustained_elapsed %                14.59          3.66         +10.9   +298.6%
dram__throughput.avg.pct_of_peak_sustained_elapsed         %                11.97          3.82          +8.2   +213.4%
smsp__inst_executed.sum                                    inst       199,185,993    80,918,213 +118,267,780.0   +146.2%
smsp__warps_eligible.avg.per_cycle_active                  warp              0.12          0.05        +0.070   +140.0%
launch__registers_per_thread                               register/thread         112.0         52.00         +60.0   +115.4%
l1tex__throughput.avg.pct_of_peak_sustained_elapsed        %                69.69         34.36         +35.3   +102.8%
smsp__warps_issue_stalled_wait.avg                         warp         773,334.8     443,098.6    +330,236.2    +74.5%
smsp__warps_issue_stalled_barrier.avg                      warp         488,226.5     300,326.8    +187,899.8    +62.6%
lts__t_sectors.sum                                         sector     852,829,990   574,781,240 +278,048,750.0    +48.4%
smsp__warps_issue_stalled_sleeping.avg                     warp          95,962.0      77,923.2     +18,038.8    +23.1%
lts__throughput.avg.pct_of_peak_sustained_elapsed          %                57.29         48.02          +9.3    +19.3%
smsp__warps_issue_stalled_long_scoreboard.avg              warp         2,342,249     2,781,926    -439,677.7    -15.8%
smsp__cycles_active.avg                                    cycle        2,966,511     2,610,843    +355,668.7    +13.6%
sm__pipe_shared_cycles_active.avg.pct_of_peak_sustained_elapsed %                60.15         68.72          -8.6    -12.5%

========================================================================================================================
fc1 lean pk=p: fused - gemm  (residual load + bias mul cost)
  A = fc1_lean_p_fused,  B = fc1_lean_p_gemm   (positive delta% = A higher than B)
========================================================================================================================
Metric                                                     Unit                 A             B          Diff     Diff%
-----------------------------------------------------------------------------------------------------------------------
smsp__warps_issue_stalled_mio_throttle.avg                 warp           1,288.5         17.54      +1,271.0  +7246.4%
l1tex__data_pipe_lsu_wavefronts_mem_shared_op_ld.sum                   29,435,831     671,384.0 +28,764,447.0  +4284.4%
smsp__warps_issue_stalled_not_selected.avg                 warp         142,185.1      11,303.3    +130,881.8  +1157.9%
smsp__warps_issue_stalled_math_pipe_throttle.avg           warp          46,698.0       4,764.2     +41,933.8   +880.2%
smsp__inst_executed.sum                                    inst       990,359,719   178,047,563 +812,312,156.0   +456.2%
smsp__warps_eligible.avg.per_cycle_active                  warp              0.47          0.10        +0.370   +370.0%
smsp__warps_issue_stalled_short_scoreboard.avg             warp         433,255.9     149,025.4    +284,230.5   +190.7%
smsp__warps_issue_stalled_sleeping.avg                     warp         105,484.4      59,040.3     +46,444.1    +78.7%
smsp__warps_issue_stalled_wait.avg                         warp         1,201,619     695,599.0    +506,020.5    +72.7%
l1tex__data_pipe_lsu_wavefronts_mem_shared.sum                         84,695,843    53,222,295 +31,473,548.0    +59.1%
smsp__warps_issue_stalled_long_scoreboard.avg              warp         2,432,399     3,726,626  -1,294,227.2    -34.7%
smsp__warps_issue_stalled_barrier.avg                      warp         113,867.0      86,396.5     +27,470.5    +31.8%
sm__inst_executed_pipe_lsu.avg.pct_of_peak_sustained_elapsed %                 5.27          4.07          +1.2    +29.5%
smsp__cycles_active.avg                                    cycle        3,827,379     3,085,237    +742,142.5    +24.1%
sm__throughput.avg.pct_of_peak_sustained_elapsed           %                48.08         62.63         -14.6    -23.2%
l1tex__throughput.avg.pct_of_peak_sustained_elapsed        %                44.42         54.90         -10.5    -19.1%
sm__pipe_shared_cycles_active.avg.pct_of_peak_sustained_elapsed %                47.13         58.14         -11.0    -18.9%
dram__throughput.avg.pct_of_peak_sustained_elapsed         %                23.36         28.77          -5.4    -18.8%
sm__mio_pq_write_cycles_active.avg.pct_of_peak_sustained_elapsed %                 9.79         12.05          -2.3    -18.8%
sm__mio_pq_read_cycles_active.avg.pct_of_peak_sustained_elapsed %                 9.81         12.06          -2.2    -18.7%
lts__throughput.avg.pct_of_peak_sustained_elapsed          %                39.89         46.95          -7.1    -15.0%
lts__t_sectors_op_read.sum                                 sector     497,058,069   457,051,039 +40,007,030.0     +8.8%
lts__t_sectors.sum                                         sector     780,765,213   740,511,431 +40,253,782.0     +5.4%
l1tex__data_pipe_lsu_wavefronts_mem_shared_op_st.sum                   48,638,844    46,514,944  +2,123,900.0     +4.6%
lts__t_sector_hit_rate.pct                                 %                58.49         56.35          +2.1     +3.8%

========================================================================================================================
fc1 lean pk=p: gemm - strip  (output store cost)
  A = fc1_lean_p_gemm,  B = fc1_lean_p_strip   (positive delta% = A higher than B)
========================================================================================================================
Metric                                                     Unit                 A             B          Diff     Diff%
-----------------------------------------------------------------------------------------------------------------------
dram__sectors_write.sum                                    sector     176,367,848     124,016.0 +176,243,832.0 +142113.8%
dram__bytes_write.sum                                      Mbyte    5,640,000,000     3,970,000 +5,636,030,000.0 +141965.5%
l1tex__data_pipe_lsu_wavefronts_mem_shared_op_st.sum                   46,514,944     228,811.0 +46,286,133.0 +20229.0%
lts__t_sectors_op_write.sum                                sector     271,166,216     3,814,712 +267,351,504.0  +7008.4%
smsp__warps_issue_stalled_barrier.avg                      warp          86,396.5       1,999.9     +84,396.6  +4220.0%
l1tex__data_pipe_lsu_wavefronts_mem_shared.sum                         53,222,295     2,685,220 +50,537,075.0  +1882.0%
smsp__warps_issue_stalled_math_pipe_throttle.avg           warp           4,764.2         329.0      +4,435.2  +1348.0%
dram__throughput.avg.pct_of_peak_sustained_elapsed         %                28.77          3.92         +24.9   +633.9%
smsp__warps_issue_stalled_not_selected.avg                 warp          11,303.3       1,986.6      +9,316.6   +469.0%
sm__mio_pq_write_cycles_active.avg.pct_of_peak_sustained_elapsed %                12.05          2.59          +9.5   +365.3%
sm__mio_pq_read_cycles_active.avg.pct_of_peak_sustained_elapsed %                12.06          2.61          +9.5   +362.1%
sm__inst_executed_pipe_lsu.avg.pct_of_peak_sustained_elapsed %                 4.07          0.89          +3.2   +357.3%
smsp__warps_issue_stalled_short_scoreboard.avg             warp         149,025.4      40,753.7    +108,271.7   +265.7%
smsp__inst_executed.sum                                    inst       178,047,563    74,609,257 +103,438,306.0   +138.6%
smsp__warps_eligible.avg.per_cycle_active                  warp              0.10          0.05        +0.050   +100.0%
launch__registers_per_thread                               register/thread         151.0         80.00         +71.0    +88.8%
smsp__warps_issue_stalled_wait.avg                         warp         695,599.0     425,615.8    +269,983.1    +63.4%
lts__t_sectors.sum                                         sector     740,511,431   460,261,523 +280,249,908.0    +60.9%
l1tex__throughput.avg.pct_of_peak_sustained_elapsed        %                54.90         35.22         +19.7    +55.9%
lts__t_sector_hit_rate.pct                                 %                56.35         88.42         -32.1    -36.3%
smsp__warps_issue_stalled_sleeping.avg                     warp          59,040.3      43,397.3     +15,643.0    +36.0%
smsp__cycles_active.avg                                    cycle        3,085,237     2,555,264    +529,972.2    +20.7%
sm__pipe_shared_cycles_active.avg.pct_of_peak_sustained_elapsed %                58.14         70.39         -12.2    -17.4%
sm__throughput.avg.pct_of_peak_sustained_elapsed           %                62.63         71.81          -9.2    -12.8%
lts__throughput.avg.pct_of_peak_sustained_elapsed          %                46.95         42.42          +4.5    +10.7%

========================================================================================================================
fc1 ncycle pk=p: fused - gemm  (residual load + bias mul cost)
  A = fc1_ncycle_p_fused,  B = fc1_ncycle_p_gemm   (positive delta% = A higher than B)
========================================================================================================================
Metric                                                     Unit                 A             B          Diff     Diff%
-----------------------------------------------------------------------------------------------------------------------
l1tex__data_pipe_lsu_wavefronts_mem_shared_op_ld.sum                   29,264,648       1,917.0 +29,262,731.0       >>>
smsp__warps_issue_stalled_mio_throttle.avg                 warp             474.5         11.00        +463.5  +4213.9%
smsp__warps_issue_stalled_not_selected.avg                 warp         120,839.7      11,532.6    +109,307.1   +947.8%
smsp__warps_issue_stalled_math_pipe_throttle.avg           warp          41,504.1       4,345.2     +37,158.9   +855.2%
smsp__inst_executed.sum                                    inst       978,898,006   166,654,243 +812,243,763.0   +487.4%
smsp__warps_eligible.avg.per_cycle_active                  warp              0.48          0.09        +0.390   +433.3%
smsp__warps_issue_stalled_short_scoreboard.avg             warp         383,046.0     106,934.4    +276,111.6   +258.2%
smsp__warps_issue_stalled_wait.avg                         warp         1,127,822     626,791.1    +501,030.6    +79.9%
smsp__warps_issue_stalled_long_scoreboard.avg              warp         1,169,489     3,028,888  -1,859,398.9    -61.4%
l1tex__data_pipe_lsu_wavefronts_mem_shared.sum                         79,529,971    49,938,630 +29,591,341.0    +59.3%
sm__inst_executed_pipe_lsu.avg.pct_of_peak_sustained_elapsed %                 4.92          3.32          +1.6    +48.2%
lts__t_sectors_op_read.sum                                 sector     508,443,143   383,112,325 +125,330,818.0    +32.7%
lts__t_sectors.sum                                         sector     778,740,964   656,026,420 +122,714,544.0    +18.7%
sm__throughput.avg.pct_of_peak_sustained_elapsed           %                49.09         59.25         -10.2    -17.1%
lts__t_sector_hit_rate.pct                                 %                60.27         52.50          +7.8    +14.8%
dram__throughput.avg.pct_of_peak_sustained_elapsed         %                23.94         27.66          -3.7    -13.4%
l1tex__throughput.avg.pct_of_peak_sustained_elapsed        %                44.96         51.73          -6.8    -13.1%
sm__pipe_shared_cycles_active.avg.pct_of_peak_sustained_elapsed %                48.13         55.05          -6.9    -12.6%
sm__mio_pq_write_cycles_active.avg.pct_of_peak_sustained_elapsed %                 9.23         10.54          -1.3    -12.4%
sm__mio_pq_read_cycles_active.avg.pct_of_peak_sustained_elapsed %                 9.23         10.54          -1.3    -12.4%
smsp__cycles_active.avg                                    cycle        3,670,875     3,275,130    +395,745.2    +12.1%
dram__sectors_read.sum                                     sector      23,009,032    25,830,440  -2,821,408.0    -10.9%
dram__bytes_read.sum                                       Gbyte      736,290,000   826,570,000 -90,280,000.0    -10.9%
smsp__warps_issue_stalled_barrier.avg                      warp         544,903.9     500,506.5     +44,397.5     +8.9%
launch__registers_per_thread                               register/thread         110.0         114.0          -4.0     -3.5%

========================================================================================================================
fc1 ncycle pk=p: gemm - strip  (output store cost)
  A = fc1_ncycle_p_gemm,  B = fc1_ncycle_p_strip   (positive delta% = A higher than B)
========================================================================================================================
Metric                                                     Unit                 A             B          Diff     Diff%
-----------------------------------------------------------------------------------------------------------------------
l1tex__data_pipe_lsu_wavefronts_mem_shared_op_st.sum                   45,284,567       8,260.0 +45,276,307.0 +548139.3%
dram__sectors_write.sum                                    sector     176,378,640     111,784.0 +176,266,856.0 +157685.2%
dram__bytes_write.sum                                      Mbyte    5,640,000,000     3,580,000 +5,636,420,000.0 +157441.9%
l1tex__data_pipe_lsu_wavefronts_mem_shared.sum                         49,938,630     319,024.0 +49,619,606.0 +15553.6%
smsp__warps_issue_stalled_short_scoreboard.avg             warp         106,934.4         745.8    +106,188.6 +14238.6%
lts__t_sectors_op_write.sum                                sector     269,469,652     2,110,034 +267,359,618.0 +12670.9%
sm__inst_executed_pipe_lsu.avg.pct_of_peak_sustained_elapsed %                 3.32          0.22          +3.1  +1409.1%
smsp__warps_issue_stalled_math_pipe_throttle.avg           warp           4,345.2         526.1      +3,819.1   +725.9%
sm__mio_pq_write_cycles_active.avg.pct_of_peak_sustained_elapsed %                10.54          1.47          +9.1   +617.0%
sm__mio_pq_read_cycles_active.avg.pct_of_peak_sustained_elapsed %                10.54          1.47          +9.1   +617.0%
dram__throughput.avg.pct_of_peak_sustained_elapsed         %                27.66          4.06         +23.6   +581.3%
smsp__warps_issue_stalled_not_selected.avg                 warp          11,532.6       1,698.7      +9,833.9   +578.9%
launch__registers_per_thread                               register/thread         114.0         39.00         +75.0   +192.3%
smsp__inst_executed.sum                                    inst       166,654,243    66,783,029 +99,871,214.0   +149.5%
smsp__warps_eligible.avg.per_cycle_active                  warp              0.09          0.05        +0.040    +80.0%
smsp__warps_issue_stalled_barrier.avg                      warp         500,506.5     290,023.1    +210,483.4    +72.6%
smsp__warps_issue_stalled_sleeping.avg                     warp         136,178.4      79,182.0     +56,996.4    +72.0%
smsp__warps_issue_stalled_wait.avg                         warp         626,791.1     366,646.5    +260,144.6    +71.0%
lts__t_sector_hit_rate.pct                                 %                52.50         92.98         -40.5    -43.5%
l1tex__throughput.avg.pct_of_peak_sustained_elapsed        %                51.73         36.54         +15.2    +41.6%
smsp__cycles_active.avg                                    cycle        3,275,130     2,436,198    +838,932.0    +34.4%
lts__t_sectors_op_read.sum                                 sector     383,112,325   537,238,789 -154,126,464.0    -28.7%
lts__throughput.avg.pct_of_peak_sustained_elapsed          %                39.94         53.30         -13.4    -25.1%
sm__pipe_shared_cycles_active.avg.pct_of_peak_sustained_elapsed %                55.05         73.07         -18.0    -24.7%
lts__t_sectors.sum                                         sector     656,026,420   539,410,445 +116,615,975.0    +21.6%

========================================================================================================================
fc1 nflat pk=p: fused - gemm  (residual load + bias mul cost)
  A = fc1_nflat_p_fused,  B = fc1_nflat_p_gemm   (positive delta% = A higher than B)
========================================================================================================================
Metric                                                     Unit                 A             B          Diff     Diff%
-----------------------------------------------------------------------------------------------------------------------
l1tex__data_pipe_lsu_wavefronts_mem_shared_op_ld.sum                   29,401,192       1,861.0 +29,399,331.0       >>>
smsp__warps_issue_stalled_mio_throttle.avg                 warp             484.5         11.00        +473.5  +4304.3%
smsp__warps_issue_stalled_not_selected.avg                 warp         132,690.8      11,193.0    +121,497.8  +1085.5%
smsp__inst_executed.sum                                    inst       982,698,223   170,514,635 +812,183,588.0   +476.3%
smsp__warps_eligible.avg.per_cycle_active                  warp              0.49          0.10        +0.390   +390.0%
smsp__warps_issue_stalled_math_pipe_throttle.avg           warp          19,166.0       4,224.3     +14,941.7   +353.7%
smsp__warps_issue_stalled_short_scoreboard.avg             warp         381,000.5      99,244.1    +281,756.4   +283.9%
smsp__warps_issue_stalled_wait.avg                         warp         1,145,381     636,225.2    +509,156.0    +80.0%
l1tex__data_pipe_lsu_wavefronts_mem_shared.sum                         79,617,463    49,959,547 +29,657,916.0    +59.4%
smsp__warps_issue_stalled_long_scoreboard.avg              warp         1,157,304     2,709,502  -1,552,198.0    -57.3%
sm__inst_executed_pipe_lsu.avg.pct_of_peak_sustained_elapsed %                 4.91          3.56          +1.4    +37.9%
smsp__warps_issue_stalled_sleeping.avg                     warp         134,117.8     102,591.1     +31,526.7    +30.7%
sm__throughput.avg.pct_of_peak_sustained_elapsed           %                48.93         63.95         -15.0    -23.5%
smsp__cycles_active.avg                                    cycle        3,684,232     3,032,360    +651,871.9    +21.5%
sm__mio_pq_write_cycles_active.avg.pct_of_peak_sustained_elapsed %                 9.19         11.32          -2.1    -18.8%
sm__mio_pq_read_cycles_active.avg.pct_of_peak_sustained_elapsed %                 9.19         11.32          -2.1    -18.8%
sm__pipe_shared_cycles_active.avg.pct_of_peak_sustained_elapsed %                47.97         59.05         -11.1    -18.8%
l1tex__throughput.avg.pct_of_peak_sustained_elapsed        %                44.82         55.14         -10.3    -18.7%
dram__throughput.avg.pct_of_peak_sustained_elapsed         %                23.75         29.18          -5.4    -18.6%
lts__throughput.avg.pct_of_peak_sustained_elapsed          %                40.57         49.71          -9.1    -18.4%
smsp__warps_issue_stalled_barrier.avg                      warp         549,069.5     474,912.9     +74,156.6    +15.6%
launch__registers_per_thread                               register/thread         110.0         113.0          -3.0     -2.7%
lts__t_sectors_op_read.sum                                 sector     535,975,333   542,171,871  -6,196,538.0     -1.1%
lts__t_sectors.sum                                         sector     806,308,776   812,335,510  -6,026,734.0     -0.7%
l1tex__data_pipe_lsu_wavefronts_mem_shared_op_st.sum                   45,068,700    45,309,323    -240,623.0     -0.5%

========================================================================================================================
fc1 nflat pk=p: gemm - strip  (output store cost)
  A = fc1_nflat_p_gemm,  B = fc1_nflat_p_strip   (positive delta% = A higher than B)
========================================================================================================================
Metric                                                     Unit                 A             B          Diff     Diff%
-----------------------------------------------------------------------------------------------------------------------
l1tex__data_pipe_lsu_wavefronts_mem_shared_op_st.sum                   45,309,323       8,219.0 +45,301,104.0 +551175.4%
dram__bytes_write.sum                                      Mbyte    5,650,000,000     3,290,000 +5,646,710,000.0 +171632.5%
dram__sectors_write.sum                                    sector     176,418,512     102,880.0 +176,315,632.0 +171379.9%
l1tex__data_pipe_lsu_wavefronts_mem_shared.sum                         49,959,547     318,715.0 +49,640,832.0 +15575.3%
smsp__warps_issue_stalled_short_scoreboard.avg             warp          99,244.1         727.9     +98,516.2 +13533.7%
lts__t_sectors_op_write.sum                                sector     269,439,227     2,112,585 +267,326,642.0 +12654.0%
sm__inst_executed_pipe_lsu.avg.pct_of_peak_sustained_elapsed %                 3.56          0.22          +3.3  +1518.2%
sm__mio_pq_write_cycles_active.avg.pct_of_peak_sustained_elapsed %                11.32          1.47          +9.8   +670.1%
sm__mio_pq_read_cycles_active.avg.pct_of_peak_sustained_elapsed %                11.32          1.47          +9.8   +670.1%
dram__throughput.avg.pct_of_peak_sustained_elapsed         %                29.18          4.06         +25.1   +618.7%
smsp__warps_issue_stalled_math_pipe_throttle.avg           warp           4,224.3         668.2      +3,556.1   +532.2%
smsp__warps_issue_stalled_not_selected.avg                 warp          11,193.0       2,569.7      +8,623.3   +335.6%
launch__registers_per_thread                               register/thread         113.0         39.00         +74.0   +189.7%
smsp__inst_executed.sum                                    inst       170,514,635    74,591,576 +95,923,059.0   +128.6%
smsp__warps_eligible.avg.per_cycle_active                  warp              0.10          0.05        +0.050   +100.0%
smsp__warps_issue_stalled_barrier.avg                      warp         474,912.9     286,377.6    +188,535.3    +65.8%
smsp__warps_issue_stalled_wait.avg                         warp         636,225.2     389,128.0    +247,097.2    +63.5%
l1tex__throughput.avg.pct_of_peak_sustained_elapsed        %                55.14         36.55         +18.6    +50.9%
lts__t_sectors.sum                                         sector     812,335,510   545,814,730 +266,520,780.0    +48.8%
smsp__warps_issue_stalled_sleeping.avg                     warp         102,591.1      73,533.5     +29,057.6    +39.5%
lts__t_sector_hit_rate.pct                                 %                62.90         93.77         -30.9    -32.9%
smsp__cycles_active.avg                                    cycle        3,032,360     2,430,176    +602,184.2    +24.8%
sm__pipe_shared_cycles_active.avg.pct_of_peak_sustained_elapsed %                59.05         73.09         -14.0    -19.2%
sm__throughput.avg.pct_of_peak_sustained_elapsed           %                63.95         74.56         -10.6    -14.2%
lts__throughput.avg.pct_of_peak_sustained_elapsed          %                49.71         54.18          -4.5     -8.3%

========================================================================================================================
fc1 nsnake pk=p: fused - gemm  (residual load + bias mul cost)
  A = fc1_nsnake_p_fused,  B = fc1_nsnake_p_gemm   (positive delta% = A higher than B)
========================================================================================================================
Metric                                                     Unit                 A             B          Diff     Diff%
-----------------------------------------------------------------------------------------------------------------------
l1tex__data_pipe_lsu_wavefronts_mem_shared_op_ld.sum                   29,539,327       1,857.0 +29,537,470.0       >>>
smsp__warps_issue_stalled_mio_throttle.avg                 warp             433.1         11.00        +422.1  +3836.9%
smsp__warps_issue_stalled_not_selected.avg                 warp         133,022.8      10,232.5    +122,790.3  +1200.0%
smsp__warps_issue_stalled_math_pipe_throttle.avg           warp          34,644.8       4,433.0     +30,211.9   +681.5%
smsp__inst_executed.sum                                    inst       979,828,586   167,608,584 +812,220,002.0   +484.6%
smsp__warps_eligible.avg.per_cycle_active                  warp              0.49          0.09        +0.400   +444.4%
smsp__warps_issue_stalled_short_scoreboard.avg             warp         386,606.7     106,586.8    +280,019.8   +262.7%
smsp__warps_issue_stalled_wait.avg                         warp         1,122,682     626,882.4    +495,799.2    +79.1%
smsp__warps_issue_stalled_long_scoreboard.avg              warp         1,157,493     3,042,875  -1,885,382.5    -62.0%
l1tex__data_pipe_lsu_wavefronts_mem_shared.sum                         79,821,139    49,933,461 +29,887,678.0    +59.9%
sm__inst_executed_pipe_lsu.avg.pct_of_peak_sustained_elapsed %                 4.93          3.32          +1.6    +48.5%
lts__t_sectors_op_read.sum                                 sector     461,335,489   382,732,797 +78,602,692.0    +20.5%
sm__throughput.avg.pct_of_peak_sustained_elapsed           %                49.20         59.26         -10.1    -17.0%
lts__t_sector_hit_rate.pct                                 %                59.81         52.48          +7.3    +14.0%
dram__throughput.avg.pct_of_peak_sustained_elapsed         %                23.97         27.66          -3.7    -13.3%
smsp__warps_issue_stalled_barrier.avg                      warp         543,096.4     480,001.5     +63,094.9    +13.1%
l1tex__throughput.avg.pct_of_peak_sustained_elapsed        %                45.07         51.73          -6.7    -12.9%
sm__pipe_shared_cycles_active.avg.pct_of_peak_sustained_elapsed %                48.24         55.04          -6.8    -12.4%
smsp__cycles_active.avg                                    cycle        3,672,648     3,270,989    +401,659.4    +12.3%
sm__mio_pq_write_cycles_active.avg.pct_of_peak_sustained_elapsed %                 9.25         10.54          -1.3    -12.2%
sm__mio_pq_read_cycles_active.avg.pct_of_peak_sustained_elapsed %                 9.25         10.54          -1.3    -12.2%
lts__t_sectors.sum                                         sector     731,649,308   655,543,699 +76,105,609.0    +11.6%
dram__bytes_read.sum                                       Gbyte      742,050,000   826,890,000 -84,840,000.0    -10.3%
dram__sectors_read.sum                                     sector      23,189,184    25,840,184  -2,651,000.0    -10.3%
lts__throughput.avg.pct_of_peak_sustained_elapsed          %                38.81         39.90          -1.1     -2.7%

========================================================================================================================
fc1 nsnake pk=p: gemm - strip  (output store cost)
  A = fc1_nsnake_p_gemm,  B = fc1_nsnake_p_strip   (positive delta% = A higher than B)
========================================================================================================================
Metric                                                     Unit                 A             B          Diff     Diff%
-----------------------------------------------------------------------------------------------------------------------
l1tex__data_pipe_lsu_wavefronts_mem_shared_op_st.sum                   45,326,397       8,059.0 +45,318,338.0 +562332.0%
dram__sectors_write.sum                                    sector     176,379,520     100,608.0 +176,278,912.0 +175213.6%
dram__bytes_write.sum                                      Mbyte    5,640,000,000     3,220,000 +5,636,780,000.0 +175055.3%
l1tex__data_pipe_lsu_wavefronts_mem_shared.sum                         49,933,461     318,817.0 +49,614,644.0 +15562.1%
lts__t_sectors_op_write.sum                                sector     269,446,086     2,160,222 +267,285,864.0 +12373.1%
smsp__warps_issue_stalled_short_scoreboard.avg             warp         106,586.8         873.9    +105,712.9 +12097.0%
sm__inst_executed_pipe_lsu.avg.pct_of_peak_sustained_elapsed %                 3.32          0.22          +3.1  +1409.1%
smsp__warps_issue_stalled_math_pipe_throttle.avg           warp           4,433.0         392.5      +4,040.4  +1029.4%
sm__mio_pq_write_cycles_active.avg.pct_of_peak_sustained_elapsed %                10.54          1.47          +9.1   +617.0%
sm__mio_pq_read_cycles_active.avg.pct_of_peak_sustained_elapsed %                10.54          1.47          +9.1   +617.0%
dram__throughput.avg.pct_of_peak_sustained_elapsed         %                27.66          4.07         +23.6   +579.6%
smsp__warps_issue_stalled_not_selected.avg                 warp          10,232.5       1,865.3      +8,367.2   +448.6%
launch__registers_per_thread                               register/thread         112.0         39.00         +73.0   +187.2%
smsp__inst_executed.sum                                    inst       167,608,584    67,892,289 +99,716,295.0   +146.9%
smsp__warps_eligible.avg.per_cycle_active                  warp              0.09          0.05        +0.040    +80.0%
smsp__warps_issue_stalled_sleeping.avg                     warp         135,925.0      78,276.8     +57,648.2    +73.6%
smsp__warps_issue_stalled_wait.avg                         warp         626,882.4     368,485.2    +258,397.3    +70.1%
smsp__warps_issue_stalled_barrier.avg                      warp         480,001.5     289,149.2    +190,852.4    +66.0%
lts__t_sector_hit_rate.pct                                 %                52.48         94.45         -42.0    -44.4%
l1tex__throughput.avg.pct_of_peak_sustained_elapsed        %                51.73         36.63         +15.1    +41.2%
smsp__cycles_active.avg                                    cycle        3,270,989     2,431,435    +839,553.3    +34.5%
lts__t_sectors_op_read.sum                                 sector     382,732,797   526,404,857 -143,672,060.0    -27.3%
sm__pipe_shared_cycles_active.avg.pct_of_peak_sustained_elapsed %                55.04         73.26         -18.2    -24.9%
lts__throughput.avg.pct_of_peak_sustained_elapsed          %                39.90         52.70         -12.8    -24.3%
lts__t_sectors.sum                                         sector     655,543,699   528,625,436 +126,918,263.0    +24.0%

========================================================================================================================
fc1 rowmajor pk=p: fused - gemm  (residual load + bias mul cost)
  A = fc1_rowmajor_p_fused,  B = fc1_rowmajor_p_gemm   (positive delta% = A higher than B)
========================================================================================================================
Metric                                                     Unit                 A             B          Diff     Diff%
-----------------------------------------------------------------------------------------------------------------------
l1tex__data_pipe_lsu_wavefronts_mem_shared_op_ld.sum                   29,386,923       1,859.0 +29,385,064.0       >>>
smsp__warps_issue_stalled_mio_throttle.avg                 warp             476.7         11.00        +465.7  +4233.8%
smsp__warps_issue_stalled_not_selected.avg                 warp         115,867.9      11,898.2    +103,969.7   +873.8%
smsp__warps_issue_stalled_math_pipe_throttle.avg           warp          26,581.1       4,340.5     +22,240.6   +512.4%
smsp__inst_executed.sum                                    inst       974,184,837   161,864,570 +812,320,267.0   +501.9%
smsp__warps_eligible.avg.per_cycle_active                  warp              0.48          0.09        +0.390   +433.3%
smsp__warps_issue_stalled_short_scoreboard.avg             warp         390,866.7     111,070.4    +279,796.3   +251.9%
smsp__warps_issue_stalled_wait.avg                         warp         1,140,812     617,048.9    +523,763.3    +84.9%
l1tex__data_pipe_lsu_wavefronts_mem_shared.sum                         79,826,101    49,924,812 +29,901,289.0    +59.9%
smsp__warps_issue_stalled_long_scoreboard.avg              warp         1,177,373     2,748,585  -1,571,212.2    -57.2%
sm__inst_executed_pipe_lsu.avg.pct_of_peak_sustained_elapsed %                 4.93          3.56          +1.4    +38.5%
smsp__warps_issue_stalled_sleeping.avg                     warp         139,463.4     113,359.4     +26,104.0    +23.0%
sm__throughput.avg.pct_of_peak_sustained_elapsed           %                49.15         63.67         -14.5    -22.8%
smsp__cycles_active.avg                                    cycle        3,673,335     3,045,259    +628,076.0    +20.6%
l1tex__throughput.avg.pct_of_peak_sustained_elapsed        %                45.04         55.34         -10.3    -18.6%
sm__pipe_shared_cycles_active.avg.pct_of_peak_sustained_elapsed %                48.20         59.02         -10.8    -18.3%
dram__throughput.avg.pct_of_peak_sustained_elapsed         %                23.94         29.22          -5.3    -18.1%
sm__mio_pq_write_cycles_active.avg.pct_of_peak_sustained_elapsed %                 9.24         11.27          -2.0    -18.0%
sm__mio_pq_read_cycles_active.avg.pct_of_peak_sustained_elapsed %                 9.24         11.27          -2.0    -18.0%
lts__throughput.avg.pct_of_peak_sustained_elapsed          %                40.48         47.55          -7.1    -14.9%
smsp__warps_issue_stalled_barrier.avg                      warp         549,700.2     482,292.5     +67,407.7    +14.0%
lts__t_sectors_op_read.sum                                 sector     539,765,263   494,093,447 +45,671,816.0     +9.2%
lts__t_sectors.sum                                         sector     809,814,790   763,983,713 +45,831,077.0     +6.0%
dram__bytes_read.sum                                       Gbyte      752,450,000   715,390,000 +37,060,000.0     +5.2%
dram__sectors_read.sum                                     sector      23,514,024    22,355,960  +1,158,064.0     +5.2%

========================================================================================================================
fc1 rowmajor pk=p: gemm - strip  (output store cost)
  A = fc1_rowmajor_p_gemm,  B = fc1_rowmajor_p_strip   (positive delta% = A higher than B)
========================================================================================================================
Metric                                                     Unit                 A             B          Diff     Diff%
-----------------------------------------------------------------------------------------------------------------------
l1tex__data_pipe_lsu_wavefronts_mem_shared_op_st.sum                   45,250,151       8,119.0 +45,242,032.0 +557236.5%
dram__bytes_write.sum                                      Mbyte    5,640,000,000     3,600,000 +5,636,400,000.0 +156566.7%
dram__sectors_write.sum                                    sector     176,341,336     112,640.0 +176,228,696.0 +156453.0%
l1tex__data_pipe_lsu_wavefronts_mem_shared.sum                         49,924,812     318,708.0 +49,606,104.0 +15564.8%
smsp__warps_issue_stalled_short_scoreboard.avg             warp         111,070.4         723.8    +110,346.5 +15244.6%
lts__t_sectors_op_write.sum                                sector     269,452,739     2,138,678 +267,314,061.0 +12499.0%
smsp__warps_issue_stalled_math_pipe_throttle.avg           warp           4,340.5         234.6      +4,105.9  +1750.5%
sm__inst_executed_pipe_lsu.avg.pct_of_peak_sustained_elapsed %                 3.56          0.22          +3.3  +1518.2%
smsp__warps_issue_stalled_not_selected.avg                 warp          11,898.2       1,335.4     +10,562.8   +791.0%
sm__mio_pq_write_cycles_active.avg.pct_of_peak_sustained_elapsed %                11.27          1.47          +9.8   +666.7%
sm__mio_pq_read_cycles_active.avg.pct_of_peak_sustained_elapsed %                11.27          1.47          +9.8   +666.7%
dram__throughput.avg.pct_of_peak_sustained_elapsed         %                29.22          4.02         +25.2   +626.9%
smsp__inst_executed.sum                                    inst       161,864,570    53,395,928 +108,468,642.0   +203.1%
launch__registers_per_thread                               register/thread         112.0         39.00         +73.0   +187.2%
smsp__warps_eligible.avg.per_cycle_active                  warp              0.09          0.04        +0.050   +125.0%
smsp__warps_issue_stalled_wait.avg                         warp         617,048.9     346,353.2    +270,695.7    +78.2%
smsp__warps_issue_stalled_barrier.avg                      warp         482,292.5     300,384.9    +181,907.6    +60.6%
l1tex__throughput.avg.pct_of_peak_sustained_elapsed        %                55.34         36.15         +19.2    +53.1%
lts__t_sectors.sum                                         sector     763,983,713   518,256,803 +245,726,910.0    +47.4%
lts__t_sector_hit_rate.pct                                 %                59.35         91.43         -32.1    -35.1%
smsp__warps_issue_stalled_sleeping.avg                     warp         113,359.4      90,150.4     +23,209.0    +25.7%
smsp__cycles_active.avg                                    cycle        3,045,259     2,488,360    +556,899.6    +22.4%
sm__pipe_shared_cycles_active.avg.pct_of_peak_sustained_elapsed %                59.02         72.30         -13.3    -18.4%
sm__throughput.avg.pct_of_peak_sustained_elapsed           %                63.67         73.76         -10.1    -13.7%
lts__throughput.avg.pct_of_peak_sustained_elapsed          %                47.55         49.80          -2.2     -4.5%

========================================================================================================================
fc1 sched pk=p: fused - gemm  (residual load + bias mul cost)
  A = fc1_sched_p_fused,  B = fc1_sched_p_gemm   (positive delta% = A higher than B)
========================================================================================================================
Metric                                                     Unit                 A             B          Diff     Diff%
-----------------------------------------------------------------------------------------------------------------------
smsp__warps_issue_stalled_mio_throttle.avg                 warp           1,286.2         17.57      +1,268.6  +7220.3%
l1tex__data_pipe_lsu_wavefronts_mem_shared_op_ld.sum                   29,380,969     1,355,335 +28,025,634.0  +2067.8%
smsp__warps_issue_stalled_not_selected.avg                 warp         139,694.9      12,142.5    +127,552.3  +1050.5%
smsp__warps_issue_stalled_math_pipe_throttle.avg           warp          48,587.4       6,215.6     +42,371.8   +681.7%
smsp__inst_executed.sum                                    inst       992,488,688   180,724,432 +811,764,256.0   +449.2%
smsp__warps_eligible.avg.per_cycle_active                  warp              0.47          0.10        +0.370   +370.0%
smsp__warps_issue_stalled_short_scoreboard.avg             warp         403,187.0     132,349.6    +270,837.4   +204.6%
smsp__warps_issue_stalled_wait.avg                         warp         1,197,895     690,742.5    +507,153.0    +73.4%
smsp__warps_issue_stalled_sleeping.avg                     warp         103,704.4      64,796.9     +38,907.5    +60.0%
l1tex__data_pipe_lsu_wavefronts_mem_shared.sum                         84,988,951    54,434,198 +30,554,753.0    +56.1%
smsp__warps_issue_stalled_long_scoreboard.avg              warp         2,496,562     3,769,420  -1,272,857.7    -33.8%
sm__inst_executed_pipe_lsu.avg.pct_of_peak_sustained_elapsed %                 5.40          4.21          +1.2    +28.3%
smsp__cycles_active.avg                                    cycle        3,835,377     3,130,508    +704,869.7    +22.5%
sm__throughput.avg.pct_of_peak_sustained_elapsed           %                47.99         61.92         -13.9    -22.5%
l1tex__throughput.avg.pct_of_peak_sustained_elapsed        %                44.58         54.56         -10.0    -18.3%
dram__throughput.avg.pct_of_peak_sustained_elapsed         %                23.27         28.44          -5.2    -18.2%
sm__pipe_shared_cycles_active.avg.pct_of_peak_sustained_elapsed %                47.03         57.47         -10.4    -18.2%
sm__mio_pq_write_cycles_active.avg.pct_of_peak_sustained_elapsed %                 9.91         12.07          -2.2    -17.9%
sm__mio_pq_read_cycles_active.avg.pct_of_peak_sustained_elapsed %                 9.93         12.08          -2.2    -17.8%
lts__throughput.avg.pct_of_peak_sustained_elapsed          %                40.00         46.62          -6.6    -14.2%
lts__t_sectors_op_read.sum                                 sector     498,535,935   453,534,505 +45,001,430.0     +9.9%
lts__t_sectors.sum                                         sector     784,368,702   739,356,196 +45,012,506.0     +6.1%
l1tex__data_pipe_lsu_wavefronts_mem_shared_op_st.sum                   49,029,856    46,935,440  +2,094,416.0     +4.5%
lts__t_sector_hit_rate.pct                                 %                58.79         56.78          +2.0     +3.5%
smsp__warps_issue_stalled_barrier.avg                      warp         120,116.6     118,571.3      +1,545.3     +1.3%

========================================================================================================================
fc1 sched pk=p: gemm - strip  (output store cost)
  A = fc1_sched_p_gemm,  B = fc1_sched_p_strip   (positive delta% = A higher than B)
========================================================================================================================
Metric                                                     Unit                 A             B          Diff     Diff%
-----------------------------------------------------------------------------------------------------------------------
dram__bytes_write.sum                                      Mbyte    5,640,000,000     4,000,000 +5,636,000,000.0 +140900.0%
dram__sectors_write.sum                                    sector     176,370,776     125,152.0 +176,245,624.0 +140825.3%
l1tex__data_pipe_lsu_wavefronts_mem_shared_op_st.sum                   46,935,440     232,572.0 +46,702,868.0 +20081.0%
smsp__warps_issue_stalled_barrier.avg                      warp         118,571.3       1,642.4    +116,928.9  +7119.3%
lts__t_sectors_op_write.sum                                sector     273,258,995     5,960,370 +267,298,625.0  +4484.6%
l1tex__data_pipe_lsu_wavefronts_mem_shared.sum                         54,434,198     2,707,718 +51,726,480.0  +1910.3%
smsp__warps_issue_stalled_math_pipe_throttle.avg           warp           6,215.6         671.9      +5,543.8   +825.1%
dram__throughput.avg.pct_of_peak_sustained_elapsed         %                28.44          3.96         +24.5   +618.2%
smsp__warps_issue_stalled_short_scoreboard.avg             warp         132,349.6      23,326.5    +109,023.1   +467.4%
smsp__warps_issue_stalled_not_selected.avg                 warp          12,142.5       2,173.7      +9,968.8   +458.6%
sm__mio_pq_write_cycles_active.avg.pct_of_peak_sustained_elapsed %                12.07          2.81          +9.3   +329.5%
sm__mio_pq_read_cycles_active.avg.pct_of_peak_sustained_elapsed %                12.08          2.83          +9.2   +326.9%
sm__inst_executed_pipe_lsu.avg.pct_of_peak_sustained_elapsed %                 4.21          1.11          +3.1   +279.3%
smsp__inst_executed.sum                                    inst       180,724,432    75,112,625 +105,611,807.0   +140.6%
l1tex__data_pipe_lsu_wavefronts_mem_shared_op_ld.sum                    1,355,335     634,016.0    +721,319.0   +113.8%
launch__registers_per_thread                               register/thread         152.0         76.00         +76.0   +100.0%
smsp__warps_eligible.avg.per_cycle_active                  warp              0.10          0.05        +0.050   +100.0%
smsp__warps_issue_stalled_wait.avg                         warp         690,742.5     419,821.5    +270,921.0    +64.5%
lts__t_sectors.sum                                         sector     739,356,196   480,981,417 +258,374,779.0    +53.7%
l1tex__throughput.avg.pct_of_peak_sustained_elapsed        %                54.56         35.65         +18.9    +53.0%
smsp__warps_issue_stalled_sleeping.avg                     warp          64,796.9      43,939.3     +20,857.6    +47.5%
lts__t_sector_hit_rate.pct                                 %                56.78         88.24         -31.5    -35.7%
smsp__cycles_active.avg                                    cycle        3,130,508     2,527,458    +603,049.4    +23.9%
sm__pipe_shared_cycles_active.avg.pct_of_peak_sustained_elapsed %                57.47         71.25         -13.8    -19.3%
sm__throughput.avg.pct_of_peak_sustained_elapsed           %                61.92         72.69         -10.8    -14.8%

========================================================================================================================
fc1 zigzag pk=p: fused - gemm  (residual load + bias mul cost)
  A = fc1_zigzag_p_fused,  B = fc1_zigzag_p_gemm   (positive delta% = A higher than B)
========================================================================================================================
Metric                                                     Unit                 A             B          Diff     Diff%
-----------------------------------------------------------------------------------------------------------------------
l1tex__data_pipe_lsu_wavefronts_mem_shared_op_ld.sum                   28,908,412       1,859.0 +28,906,553.0       >>>
smsp__warps_issue_stalled_mio_throttle.avg                 warp             548.5         11.00        +537.5  +4886.4%
smsp__warps_issue_stalled_not_selected.avg                 warp         116,500.3      11,866.1    +104,634.2   +881.8%
smsp__warps_issue_stalled_math_pipe_throttle.avg           warp          42,231.3       4,608.8     +37,622.5   +816.3%
smsp__inst_executed.sum                                    inst       976,351,892   164,061,566 +812,290,326.0   +495.1%
smsp__warps_eligible.avg.per_cycle_active                  warp              0.48          0.10        +0.380   +380.0%
smsp__warps_issue_stalled_short_scoreboard.avg             warp         384,101.7     106,093.4    +278,008.3   +262.0%
smsp__warps_issue_stalled_wait.avg                         warp         1,122,606     627,270.5    +495,335.4    +79.0%
l1tex__data_pipe_lsu_wavefronts_mem_shared.sum                         79,357,566    49,910,825 +29,446,741.0    +59.0%
smsp__warps_issue_stalled_long_scoreboard.avg              warp         1,173,606     2,771,486  -1,597,880.6    -57.7%
sm__inst_executed_pipe_lsu.avg.pct_of_peak_sustained_elapsed %                 4.92          3.56          +1.4    +38.2%
smsp__warps_issue_stalled_sleeping.avg                     warp         139,930.4     113,099.3     +26,831.1    +23.7%
sm__throughput.avg.pct_of_peak_sustained_elapsed           %                49.07         63.64         -14.6    -22.9%
smsp__warps_issue_stalled_barrier.avg                      warp         546,581.1     450,792.3     +95,788.8    +21.2%
smsp__cycles_active.avg                                    cycle        3,674,092     3,049,460    +624,632.4    +20.5%
l1tex__throughput.avg.pct_of_peak_sustained_elapsed        %                44.97         55.31         -10.3    -18.7%
sm__pipe_shared_cycles_active.avg.pct_of_peak_sustained_elapsed %                48.11         58.99         -10.9    -18.4%
sm__mio_pq_write_cycles_active.avg.pct_of_peak_sustained_elapsed %                 9.22         11.27          -2.0    -18.2%
sm__mio_pq_read_cycles_active.avg.pct_of_peak_sustained_elapsed %                 9.23         11.26          -2.0    -18.0%
dram__throughput.avg.pct_of_peak_sustained_elapsed         %                23.96         29.17          -5.2    -17.9%
lts__throughput.avg.pct_of_peak_sustained_elapsed          %                40.26         47.44          -7.2    -15.1%
lts__t_sectors_op_read.sum                                 sector     534,836,571   493,432,481 +41,404,090.0     +8.4%
lts__t_sectors.sum                                         sector     804,869,393   763,322,966 +41,546,427.0     +5.4%
dram__bytes_read.sum                                       Gbyte      749,870,000   715,460,000 +34,410,000.0     +4.8%
dram__sectors_read.sum                                     sector      23,433,416    22,358,144  +1,075,272.0     +4.8%

========================================================================================================================
fc1 zigzag pk=p: gemm - strip  (output store cost)
  A = fc1_zigzag_p_gemm,  B = fc1_zigzag_p_strip   (positive delta% = A higher than B)
========================================================================================================================
Metric                                                     Unit                 A             B          Diff     Diff%
-----------------------------------------------------------------------------------------------------------------------
l1tex__data_pipe_lsu_wavefronts_mem_shared_op_st.sum                   45,286,556       8,142.0 +45,278,414.0 +556109.2%
dram__sectors_write.sum                                    sector     176,340,608     110,608.0 +176,230,000.0 +159328.4%
dram__bytes_write.sum                                      Mbyte    5,640,000,000     3,540,000 +5,636,460,000.0 +159222.0%
l1tex__data_pipe_lsu_wavefronts_mem_shared.sum                         49,910,825     318,630.0 +49,592,195.0 +15564.2%
smsp__warps_issue_stalled_short_scoreboard.avg             warp         106,093.4         727.9    +105,365.5 +14475.7%
lts__t_sectors_op_write.sum                                sector     269,451,713     2,113,609 +267,338,104.0 +12648.4%
smsp__warps_issue_stalled_math_pipe_throttle.avg           warp           4,608.8         280.2      +4,328.6  +1545.0%
sm__inst_executed_pipe_lsu.avg.pct_of_peak_sustained_elapsed %                 3.56          0.22          +3.3  +1518.2%
smsp__warps_issue_stalled_not_selected.avg                 warp          11,866.1       1,432.1     +10,434.0   +728.6%
sm__mio_pq_write_cycles_active.avg.pct_of_peak_sustained_elapsed %                11.27          1.46          +9.8   +671.9%
sm__mio_pq_read_cycles_active.avg.pct_of_peak_sustained_elapsed %                11.26          1.46          +9.8   +671.2%
dram__throughput.avg.pct_of_peak_sustained_elapsed         %                29.17          4.01         +25.2   +627.4%
launch__registers_per_thread                               register/thread         112.0         39.00         +73.0   +187.2%
smsp__inst_executed.sum                                    inst       164,061,566    60,668,817 +103,392,749.0   +170.4%
smsp__warps_eligible.avg.per_cycle_active                  warp              0.10          0.04        +0.060   +150.0%
smsp__warps_issue_stalled_wait.avg                         warp         627,270.5     367,818.3    +259,452.2    +70.5%
l1tex__throughput.avg.pct_of_peak_sustained_elapsed        %                55.31         36.09         +19.2    +53.3%
smsp__warps_issue_stalled_barrier.avg                      warp         450,792.3     298,152.6    +152,639.8    +51.2%
lts__t_sectors.sum                                         sector     763,322,966   518,808,880 +244,514,086.0    +47.1%
lts__t_sector_hit_rate.pct                                 %                59.43         91.34         -31.9    -34.9%
smsp__warps_issue_stalled_sleeping.avg                     warp         113,099.3      86,412.7     +26,686.6    +30.9%
smsp__cycles_active.avg                                    cycle        3,049,460     2,490,039    +559,420.7    +22.5%
sm__pipe_shared_cycles_active.avg.pct_of_peak_sustained_elapsed %                58.99         72.17         -13.2    -18.3%
sm__throughput.avg.pct_of_peak_sustained_elapsed           %                63.64         73.63         -10.0    -13.6%
lts__throughput.avg.pct_of_peak_sustained_elapsed          %                47.44         49.75          -2.3     -4.6%

========================================================================================================================
fc1 zorder pk=p: fused - gemm  (residual load + bias mul cost)
  A = fc1_zorder_p_fused,  B = fc1_zorder_p_gemm   (positive delta% = A higher than B)
========================================================================================================================
Metric                                                     Unit                 A             B          Diff     Diff%
-----------------------------------------------------------------------------------------------------------------------
l1tex__data_pipe_lsu_wavefronts_mem_shared_op_ld.sum                   29,092,442       1,859.0 +29,090,583.0       >>>
smsp__warps_issue_stalled_mio_throttle.avg                 warp             989.2         11.00        +978.2  +8892.4%
smsp__warps_issue_stalled_not_selected.avg                 warp         122,295.0      12,392.4    +109,902.6   +886.9%
smsp__warps_issue_stalled_math_pipe_throttle.avg           warp          36,938.2       6,783.3     +30,154.8   +444.5%
smsp__inst_executed.sum                                    inst       995,587,978   183,124,900 +812,463,078.0   +443.7%
smsp__warps_eligible.avg.per_cycle_active                  warp              0.49          0.11        +0.380   +345.5%
smsp__warps_issue_stalled_short_scoreboard.avg             warp         349,760.4     107,578.2    +242,182.2   +225.1%
smsp__warps_issue_stalled_wait.avg                         warp         1,201,695     663,996.9    +537,698.0    +81.0%
l1tex__data_pipe_lsu_wavefronts_mem_shared.sum                         79,757,118    49,679,794 +30,077,324.0    +60.5%
smsp__warps_issue_stalled_long_scoreboard.avg              warp         1,149,857     2,610,194  -1,460,337.1    -55.9%
sm__inst_executed_pipe_lsu.avg.pct_of_peak_sustained_elapsed %                 4.77          3.59          +1.2    +32.9%
smsp__warps_issue_stalled_sleeping.avg                     warp         130,734.2     103,158.6     +27,575.5    +26.7%
sm__throughput.avg.pct_of_peak_sustained_elapsed           %                47.60         64.53         -16.9    -26.2%
smsp__cycles_active.avg                                    cycle        3,701,830     3,004,584    +697,245.5    +23.2%
sm__pipe_shared_cycles_active.avg.pct_of_peak_sustained_elapsed %                46.68         59.58         -12.9    -21.7%
l1tex__throughput.avg.pct_of_peak_sustained_elapsed        %                43.61         55.66         -12.0    -21.6%
sm__mio_pq_write_cycles_active.avg.pct_of_peak_sustained_elapsed %                 8.95         11.34          -2.4    -21.1%
sm__mio_pq_read_cycles_active.avg.pct_of_peak_sustained_elapsed %                 8.95         11.34          -2.4    -21.1%
dram__throughput.avg.pct_of_peak_sustained_elapsed         %                 9.50         11.91          -2.4    -20.2%
lts__throughput.avg.pct_of_peak_sustained_elapsed          %                38.68         47.71          -9.0    -18.9%
smsp__warps_issue_stalled_barrier.avg                      warp         545,151.9     470,790.4     +74,361.6    +15.8%
lts__t_sectors_op_read.sum                                 sector     509,309,583   469,572,263 +39,737,320.0     +8.5%
lts__t_sectors.sum                                         sector     782,105,568   744,719,986 +37,385,582.0     +5.0%
dram__sectors_read.sum                                     sector      23,349,488    22,335,064  +1,014,424.0     +4.5%
dram__bytes_read.sum                                       Gbyte      747,180,000   714,720,000 +32,460,000.0     +4.5%

========================================================================================================================
fc1 zorder pk=p: gemm - strip  (output store cost)
  A = fc1_zorder_p_gemm,  B = fc1_zorder_p_strip   (positive delta% = A higher than B)
========================================================================================================================
Metric                                                     Unit                 A             B          Diff     Diff%
-----------------------------------------------------------------------------------------------------------------------
l1tex__data_pipe_lsu_wavefronts_mem_shared_op_st.sum                   45,150,633       8,162.0 +45,142,471.0 +553081.0%
dram__sectors_write.sum                                    sector      57,854,224     107,984.0 +57,746,240.0 +53476.7%
dram__bytes_write.sum                                      Mbyte    1,850,000,000     3,460,000 +1,846,540,000.0 +53368.2%
l1tex__data_pipe_lsu_wavefronts_mem_shared.sum                         49,679,794     318,863.0 +49,360,931.0 +15480.3%
smsp__warps_issue_stalled_short_scoreboard.avg             warp         107,578.2         713.7    +106,864.5 +14972.7%
lts__t_sectors_op_write.sum                                sector     269,443,948     2,124,417 +267,319,531.0 +12583.2%
sm__inst_executed_pipe_lsu.avg.pct_of_peak_sustained_elapsed %                 3.59          0.22          +3.4  +1531.8%
smsp__warps_issue_stalled_math_pipe_throttle.avg           warp           6,783.3         499.5      +6,283.9  +1258.1%
sm__mio_pq_write_cycles_active.avg.pct_of_peak_sustained_elapsed %                11.34          1.46          +9.9   +676.7%
sm__mio_pq_read_cycles_active.avg.pct_of_peak_sustained_elapsed %                11.34          1.46          +9.9   +676.7%
smsp__warps_issue_stalled_not_selected.avg                 warp          12,392.4       1,982.8     +10,409.6   +525.0%
dram__throughput.avg.pct_of_peak_sustained_elapsed         %                11.91          4.04          +7.9   +194.8%
launch__registers_per_thread                               register/thread         116.0         40.00         +76.0   +190.0%
smsp__inst_executed.sum                                    inst       183,124,900    69,010,740 +114,114,160.0   +165.4%
smsp__warps_eligible.avg.per_cycle_active                  warp              0.11          0.05        +0.060   +120.0%
smsp__warps_issue_stalled_wait.avg                         warp         663,996.9     393,042.1    +270,954.8    +68.9%
smsp__warps_issue_stalled_barrier.avg                      warp         470,790.4     292,676.8    +178,113.6    +60.9%
l1tex__throughput.avg.pct_of_peak_sustained_elapsed        %                55.66         36.40         +19.3    +52.9%
lts__t_sectors.sum                                         sector     744,719,986   527,780,652 +216,939,334.0    +41.1%
smsp__warps_issue_stalled_sleeping.avg                     warp         103,158.6      79,495.4     +23,663.2    +29.8%
smsp__cycles_active.avg                                    cycle        3,004,584     2,472,034    +532,550.4    +21.5%
sm__pipe_shared_cycles_active.avg.pct_of_peak_sustained_elapsed %                59.58         72.79         -13.2    -18.1%
sm__throughput.avg.pct_of_peak_sustained_elapsed           %                64.53         74.25          -9.7    -13.1%
lts__t_sectors_op_read.sum                                 sector     469,572,263   525,559,393 -55,987,130.0    -10.7%
lts__t_sector_hit_rate.pct                                 %                81.96         91.46          -9.5    -10.4%

========================================================================================================================
fc2 default pk=p: fused - gemm  (residual load + bias mul cost)
  A = fc2_default_p_fused,  B = fc2_default_p_gemm   (positive delta% = A higher than B)
========================================================================================================================
Metric                                                     Unit                 A             B          Diff     Diff%
-----------------------------------------------------------------------------------------------------------------------
l1tex__data_pipe_lsu_wavefronts_mem_shared_op_ld.sum                   27,943,932       2,010.0 +27,941,922.0       >>>
smsp__warps_issue_stalled_short_scoreboard.avg             warp         168,700.8      26,375.1    +142,325.7   +539.6%
l1tex__data_pipe_lsu_wavefronts_mem_shared.sum                         48,470,271    17,438,335 +31,031,936.0   +178.0%
sm__inst_executed_pipe_lsu.avg.pct_of_peak_sustained_elapsed %                 3.31          1.38          +1.9   +139.9%
dram__sectors_read.sum                                     sector     212,173,000   129,862,416 +82,310,584.0    +63.4%
dram__bytes_read.sum                                       Gbyte    6,790,000,000 4,160,000,000 +2,630,000,000.0    +63.2%
smsp__warps_issue_stalled_not_selected.avg                 warp           6,697.8       4,206.7      +2,491.0    +59.2%
dram__throughput.avg.pct_of_peak_sustained_elapsed         %                57.47         38.39         +19.1    +49.7%
smsp__inst_executed.sum                                    inst       101,843,853    70,331,114 +31,512,739.0    +44.8%
smsp__warps_eligible.avg.per_cycle_active                  warp              0.10          0.07        +0.030    +42.9%
lts__t_sector_hit_rate.pct                                 %                45.85         58.20         -12.4    -21.2%
l1tex__data_pipe_lsu_wavefronts_mem_shared_op_st.sum                   19,171,433    16,226,212  +2,945,221.0    +18.2%
smsp__warps_issue_stalled_wait.avg                         warp         384,327.8     332,145.2     +52,182.6    +15.7%
launch__registers_per_thread                               register/thread         126.0         111.0         +15.0    +13.5%
smsp__warps_issue_stalled_sleeping.avg                     warp          20,952.3      24,222.7      -3,270.3    -13.5%
smsp__warps_issue_stalled_long_scoreboard.avg              warp         2,117,224     2,421,937    -304,712.4    -12.6%
l1tex__throughput.avg.pct_of_peak_sustained_elapsed        %                49.69         45.19          +4.5    +10.0%
lts__t_sectors_op_read.sum                                 sector     673,397,167   615,036,433 +58,360,734.0     +9.5%
lts__t_sectors.sum                                         sector     741,578,731   683,033,990 +58,544,741.0     +8.6%
lts__throughput.avg.pct_of_peak_sustained_elapsed          %                70.73         65.27          +5.5     +8.4%
sm__mio_pq_write_cycles_active.avg.pct_of_peak_sustained_elapsed %                 5.75          5.31        +0.440     +8.3%
sm__mio_pq_read_cycles_active.avg.pct_of_peak_sustained_elapsed %                 5.75          5.31        +0.440     +8.3%
smsp__warps_issue_stalled_math_pipe_throttle.avg           warp           2,214.4       2,353.5        -139.1     -5.9%
smsp__warps_issue_stalled_barrier.avg                      warp         271,656.3     280,893.5      -9,237.2     -3.3%
smsp__cycles_active.avg                                    cycle        1,850,406     1,892,436     -42,030.5     -2.2%

========================================================================================================================
fc2 default pk=p: gemm - strip  (output store cost)
  A = fc2_default_p_gemm,  B = fc2_default_p_strip   (positive delta% = A higher than B)
========================================================================================================================
Metric                                                     Unit                 A             B          Diff     Diff%
-----------------------------------------------------------------------------------------------------------------------
l1tex__data_pipe_lsu_wavefronts_mem_shared_op_st.sum                   16,226,212       2,430.0 +16,223,782.0 +667645.3%
l1tex__data_pipe_lsu_wavefronts_mem_shared.sum                         17,438,335      87,884.0 +17,350,451.0 +19742.4%
dram__sectors_write.sum                                    sector      44,452,528     364,080.0 +44,088,448.0 +12109.5%
dram__bytes_write.sum                                      Mbyte    1,420,000,000    11,650,000 +1,408,350,000.0 +12088.8%
lts__t_sectors_op_write.sum                                sector      67,518,335     679,759.0 +66,838,576.0  +9832.7%
sm__inst_executed_pipe_lsu.avg.pct_of_peak_sustained_elapsed %                 1.38          0.09          +1.3  +1433.3%
smsp__warps_issue_stalled_short_scoreboard.avg             warp          26,375.1       2,308.1     +24,067.0  +1042.7%
smsp__warps_issue_stalled_math_pipe_throttle.avg           warp           2,353.5         236.1      +2,117.4   +897.0%
smsp__warps_issue_stalled_not_selected.avg                 warp           4,206.7         629.5      +3,577.2   +568.3%
sm__mio_pq_write_cycles_active.avg.pct_of_peak_sustained_elapsed %                 5.31          1.61          +3.7   +229.8%
sm__mio_pq_read_cycles_active.avg.pct_of_peak_sustained_elapsed %                 5.31          1.61          +3.7   +229.8%
launch__registers_per_thread                               register/thread         111.0         48.00         +63.0   +131.2%
smsp__warps_issue_stalled_sleeping.avg                     warp          24,222.7      12,895.8     +11,326.9    +87.8%
smsp__warps_eligible.avg.per_cycle_active                  warp              0.07          0.04        +0.030    +75.0%
smsp__inst_executed.sum                                    inst        70,331,114    44,057,266 +26,273,848.0    +59.6%
lts__t_sectors.sum                                         sector     683,033,990   538,871,658 +144,162,332.0    +26.8%
smsp__warps_issue_stalled_wait.avg                         warp         332,145.2     263,584.4     +68,560.8    +26.0%
smsp__warps_issue_stalled_barrier.avg                      warp         280,893.5     224,642.6     +56,250.9    +25.0%
dram__sectors_read.sum                                     sector     129,862,416   159,179,336 -29,316,920.0    -18.4%
dram__bytes_read.sum                                       Gbyte    4,160,000,000 5,090,000,000 -930,000,000.0    -18.3%
lts__t_sectors_op_read.sum                                 sector     615,036,433   537,887,947 +77,148,486.0    +14.3%
lts__throughput.avg.pct_of_peak_sustained_elapsed          %                65.27         57.37          +7.9    +13.8%
lts__t_sector_hit_rate.pct                                 %                58.20         54.81          +3.4     +6.2%
dram__throughput.avg.pct_of_peak_sustained_elapsed         %                38.39         36.64          +1.8     +4.8%
smsp__cycles_active.avg                                    cycle        1,892,436     1,812,348     +80,088.0     +4.4%

========================================================================================================================
fc2 dgswizzle pk=p: fused - gemm  (residual load + bias mul cost)
  A = fc2_dgswizzle_p_fused,  B = fc2_dgswizzle_p_gemm   (positive delta% = A higher than B)
========================================================================================================================
Metric                                                     Unit                 A             B          Diff     Diff%
-----------------------------------------------------------------------------------------------------------------------
l1tex__data_pipe_lsu_wavefronts_mem_shared_op_ld.sum                   30,172,816       1,998.0 +30,170,818.0       >>>
smsp__warps_issue_stalled_short_scoreboard.avg             warp         187,957.9      31,237.2    +156,720.6   +501.7%
l1tex__data_pipe_lsu_wavefronts_mem_shared.sum                         49,997,715    16,855,067 +33,142,648.0   +196.6%
sm__inst_executed_pipe_lsu.avg.pct_of_peak_sustained_elapsed %                 3.49          1.43          +2.1   +144.1%
smsp__warps_issue_stalled_not_selected.avg                 warp           7,772.5       4,159.0      +3,613.4    +86.9%
dram__sectors_read.sum                                     sector     170,124,488    94,611,712 +75,512,776.0    +79.8%
dram__bytes_read.sum                                       Gbyte    5,440,000,000 3,030,000,000 +2,410,000,000.0    +79.5%
dram__throughput.avg.pct_of_peak_sustained_elapsed         %                50.09         31.56         +18.5    +58.7%
smsp__inst_executed.sum                                    inst       106,057,818    73,930,660 +32,127,158.0    +43.5%
smsp__warps_eligible.avg.per_cycle_active                  warp              0.10          0.07        +0.030    +42.9%
smsp__warps_issue_stalled_math_pipe_throttle.avg           warp           2,858.3       2,109.5        +748.8    +35.5%
lts__t_sector_hit_rate.pct                                 %                50.57         62.45         -11.9    -19.0%
l1tex__data_pipe_lsu_wavefronts_mem_shared_op_st.sum                   18,324,004    15,593,421  +2,730,583.0    +17.5%
smsp__warps_issue_stalled_wait.avg                         warp         401,027.4     344,419.5     +56,607.9    +16.4%
smsp__warps_issue_stalled_long_scoreboard.avg              warp         2,023,480     2,363,070    -339,590.6    -14.4%
smsp__warps_issue_stalled_sleeping.avg                     warp          18,741.3      21,649.8      -2,908.5    -13.4%
l1tex__throughput.avg.pct_of_peak_sustained_elapsed        %                52.30         46.80          +5.5    +11.8%
lts__t_sectors_op_read.sum                                 sector     598,531,661   541,291,301 +57,240,360.0    +10.6%
sm__mio_pq_write_cycles_active.avg.pct_of_peak_sustained_elapsed %                 6.03          5.49        +0.540     +9.8%
sm__mio_pq_read_cycles_active.avg.pct_of_peak_sustained_elapsed %                 6.03          5.49        +0.540     +9.8%
lts__t_sectors.sum                                         sector     666,641,872   609,221,954 +57,419,918.0     +9.4%
lts__throughput.avg.pct_of_peak_sustained_elapsed          %                66.60         61.12          +5.5     +9.0%
smsp__warps_issue_stalled_barrier.avg                      warp         267,308.7     278,366.4     -11,057.7     -4.0%
sm__pipe_shared_cycles_active.avg.pct_of_peak_sustained_elapsed %                96.55         93.59          +3.0     +3.2%
sm__throughput.avg.pct_of_peak_sustained_elapsed           %                96.72         94.33          +2.4     +2.5%

========================================================================================================================
fc2 dgswizzle pk=p: gemm - strip  (output store cost)
  A = fc2_dgswizzle_p_gemm,  B = fc2_dgswizzle_p_strip   (positive delta% = A higher than B)
========================================================================================================================
Metric                                                     Unit                 A             B          Diff     Diff%
-----------------------------------------------------------------------------------------------------------------------
l1tex__data_pipe_lsu_wavefronts_mem_shared_op_st.sum                   15,593,421       2,478.0 +15,590,943.0 +629174.5%
dram__sectors_write.sum                                    sector      43,810,512     189,776.0 +43,620,736.0 +22985.4%
dram__bytes_write.sum                                      Mbyte    1,400,000,000     6,070,000 +1,393,930,000.0 +22964.3%
l1tex__data_pipe_lsu_wavefronts_mem_shared.sum                         16,855,067     108,703.0 +16,746,364.0 +15405.6%
lts__t_sectors_op_write.sum                                sector      67,513,761     681,797.0 +66,831,964.0  +9802.3%
sm__inst_executed_pipe_lsu.avg.pct_of_peak_sustained_elapsed %                 1.43          0.09          +1.3  +1488.9%
smsp__warps_issue_stalled_math_pipe_throttle.avg           warp           2,109.5         494.5      +1,615.0   +326.6%
sm__mio_pq_write_cycles_active.avg.pct_of_peak_sustained_elapsed %                 5.49          1.73          +3.8   +217.3%
sm__mio_pq_read_cycles_active.avg.pct_of_peak_sustained_elapsed %                 5.49          1.73          +3.8   +217.3%
smsp__warps_issue_stalled_not_selected.avg                 warp           4,159.0       1,486.0      +2,673.0   +179.9%
launch__registers_per_thread                               register/thread         119.0         56.00         +63.0   +112.5%
smsp__warps_issue_stalled_sleeping.avg                     warp          21,649.8      10,364.4     +11,285.4   +108.9%
smsp__warps_issue_stalled_short_scoreboard.avg             warp          31,237.2      14,956.4     +16,280.8   +108.9%
smsp__warps_issue_stalled_mio_throttle.avg                 warp             17.61         42.48         -24.9    -58.5%
smsp__inst_executed.sum                                    inst        73,930,660    51,029,089 +22,901,571.0    +44.9%
smsp__warps_eligible.avg.per_cycle_active                  warp              0.07          0.05        +0.020    +40.0%
lts__t_sectors.sum                                         sector     609,221,954   464,506,001 +144,715,953.0    +31.2%
dram__throughput.avg.pct_of_peak_sustained_elapsed         %                31.56         24.92          +6.6    +26.6%
smsp__warps_issue_stalled_barrier.avg                      warp         278,366.4     220,890.7     +57,475.7    +26.0%
smsp__warps_issue_stalled_wait.avg                         warp         344,419.5     286,687.4     +57,732.1    +20.1%
lts__t_sectors_op_read.sum                                 sector     541,291,301   463,524,237 +77,767,064.0    +16.8%
lts__throughput.avg.pct_of_peak_sustained_elapsed          %                61.12         54.65          +6.5    +11.8%
dram__bytes_read.sum                                       Gbyte    3,030,000,000 3,360,000,000 -330,000,000.0     -9.8%
dram__sectors_read.sum                                     sector      94,611,712   104,853,992 -10,242,280.0     -9.8%
sm__pipe_shared_cycles_active.avg.pct_of_peak_sustained_elapsed %                93.59         97.70          -4.1     -4.2%

========================================================================================================================
fc2 hilbert pk=p: fused - gemm  (residual load + bias mul cost)
  A = fc2_hilbert_p_fused,  B = fc2_hilbert_p_gemm   (positive delta% = A higher than B)
========================================================================================================================
Metric                                                     Unit                 A             B          Diff     Diff%
-----------------------------------------------------------------------------------------------------------------------
l1tex__data_pipe_lsu_wavefronts_mem_shared_op_ld.sum                   25,860,948       2,005.0 +25,858,943.0       >>>
smsp__warps_issue_stalled_short_scoreboard.avg             warp         179,142.7      33,065.9    +146,076.8   +441.8%
smsp__warps_issue_stalled_mio_throttle.avg                 warp             67.34         21.20         +46.1   +217.6%
l1tex__data_pipe_lsu_wavefronts_mem_shared.sum                         49,488,852    16,799,953 +32,688,899.0   +194.6%
sm__inst_executed_pipe_lsu.avg.pct_of_peak_sustained_elapsed %                 3.91          1.86          +2.0   +110.2%
dram__sectors_read.sum                                     sector     181,621,752    92,478,392 +89,143,360.0    +96.4%
dram__bytes_read.sum                                       Gbyte    5,810,000,000 2,960,000,000 +2,850,000,000.0    +96.3%
smsp__warps_issue_stalled_not_selected.avg                 warp           8,962.2       4,913.8      +4,048.4    +82.4%
dram__throughput.avg.pct_of_peak_sustained_elapsed         %                51.89         31.47         +20.4    +64.9%
smsp__warps_issue_stalled_math_pipe_throttle.avg           warp           3,743.1       2,491.9      +1,251.2    +50.2%
l1tex__data_pipe_lsu_wavefronts_mem_shared_op_st.sum                   21,761,658    15,488,163  +6,273,495.0    +40.5%
smsp__inst_executed.sum                                    inst       113,092,145    80,504,551 +32,587,594.0    +40.5%
smsp__warps_eligible.avg.per_cycle_active                  warp              0.11          0.08        +0.030    +37.5%
lts__t_sector_hit_rate.pct                                 %                52.38         64.79         -12.4    -19.2%
smsp__warps_issue_stalled_sleeping.avg                     warp          17,126.2      20,283.6      -3,157.3    -15.6%
smsp__warps_issue_stalled_wait.avg                         warp         418,656.4     365,667.7     +52,988.7    +14.5%
smsp__warps_issue_stalled_long_scoreboard.avg              warp         2,051,897     2,348,436    -296,538.9    -12.6%
lts__t_sectors_op_read.sum                                 sector     683,524,711   607,352,467 +76,172,244.0    +12.5%
lts__t_sectors.sum                                         sector     777,220,013   698,753,991 +78,466,022.0    +11.2%
l1tex__throughput.avg.pct_of_peak_sustained_elapsed        %                51.40         46.74          +4.7    +10.0%
sm__mio_pq_write_cycles_active.avg.pct_of_peak_sustained_elapsed %                 7.54          6.87        +0.670     +9.8%
sm__mio_pq_read_cycles_active.avg.pct_of_peak_sustained_elapsed %                 7.55          6.88        +0.670     +9.7%
lts__throughput.avg.pct_of_peak_sustained_elapsed          %                72.75         67.77          +5.0     +7.3%
smsp__warps_issue_stalled_barrier.avg                      warp         268,695.7     257,355.9     +11,339.8     +4.4%
dram__sectors_write.sum                                    sector      45,396,552    44,126,296  +1,270,256.0     +2.9%

========================================================================================================================
fc2 hilbert pk=p: gemm - strip  (output store cost)
  A = fc2_hilbert_p_gemm,  B = fc2_hilbert_p_strip   (positive delta% = A higher than B)
========================================================================================================================
Metric                                                     Unit                 A             B          Diff     Diff%
-----------------------------------------------------------------------------------------------------------------------
l1tex__data_pipe_lsu_wavefronts_mem_shared_op_st.sum                   15,488,163       2,452.0 +15,485,711.0 +631554.3%
l1tex__data_pipe_lsu_wavefronts_mem_shared.sum                         16,799,953     177,184.0 +16,622,769.0  +9381.6%
dram__sectors_write.sum                                    sector      44,126,296     642,488.0 +43,483,808.0  +6768.0%
dram__bytes_write.sum                                      Mbyte    1,410,000,000    20,560,000 +1,389,440,000.0  +6758.0%
smsp__warps_issue_stalled_short_scoreboard.avg             warp          33,065.9       1,478.9     +31,587.0  +2135.8%
lts__t_sectors_op_write.sum                                sector      90,960,162    15,696,667 +75,263,495.0   +479.5%
sm__inst_executed_pipe_lsu.avg.pct_of_peak_sustained_elapsed %                 1.86          0.39          +1.5   +376.9%
smsp__warps_issue_stalled_math_pipe_throttle.avg           warp           2,491.9         782.4      +1,709.5   +218.5%
sm__mio_pq_read_cycles_active.avg.pct_of_peak_sustained_elapsed %                 6.88          2.55          +4.3   +169.8%
sm__mio_pq_write_cycles_active.avg.pct_of_peak_sustained_elapsed %                 6.87          2.55          +4.3   +169.4%
smsp__warps_issue_stalled_not_selected.avg                 warp           4,913.8       2,203.7      +2,710.2   +123.0%
launch__registers_per_thread                               register/thread         116.0         56.00         +60.0   +107.1%
smsp__warps_issue_stalled_sleeping.avg                     warp          20,283.6      12,046.6      +8,237.0    +68.4%
smsp__warps_eligible.avg.per_cycle_active                  warp              0.08          0.05        +0.030    +60.0%
smsp__inst_executed.sum                                    inst        80,504,551    51,478,870 +29,025,681.0    +56.4%
dram__sectors_read.sum                                     sector      92,478,392   126,597,824 -34,119,432.0    -27.0%
dram__bytes_read.sum                                       Gbyte    2,960,000,000 4,050,000,000 -1,090,000,000.0    -26.9%
smsp__warps_issue_stalled_wait.avg                         warp         365,667.7     288,841.9     +76,825.8    +26.6%
lts__t_sectors.sum                                         sector     698,753,991   574,851,667 +123,902,324.0    +21.6%
smsp__warps_issue_stalled_mio_throttle.avg                 warp             21.20         17.65          +3.6    +20.1%
smsp__warps_issue_stalled_barrier.avg                      warp         257,355.9     221,186.1     +36,169.8    +16.4%
lts__throughput.avg.pct_of_peak_sustained_elapsed          %                67.77         61.35          +6.4    +10.5%
lts__t_sectors_op_read.sum                                 sector     607,352,467   558,875,483 +48,476,984.0     +8.7%
lts__t_sector_hit_rate.pct                                 %                64.79         61.30          +3.5     +5.7%
smsp__warps_issue_stalled_long_scoreboard.avg              warp         2,348,436     2,470,658    -122,221.6     -4.9%

========================================================================================================================
fc2 lean pk=p: fused - gemm  (residual load + bias mul cost)
  A = fc2_lean_p_fused,  B = fc2_lean_p_gemm   (positive delta% = A higher than B)
========================================================================================================================
Metric                                                     Unit                 A             B          Diff     Diff%
-----------------------------------------------------------------------------------------------------------------------
l1tex__data_pipe_lsu_wavefronts_mem_shared_op_ld.sum                   33,242,419     237,135.0 +33,005,284.0 +13918.4%
smsp__warps_issue_stalled_short_scoreboard.avg             warp         216,935.8      55,590.3    +161,345.4   +290.2%
l1tex__data_pipe_lsu_wavefronts_mem_shared.sum                         49,693,287    18,246,486 +31,446,801.0   +172.3%
sm__inst_executed_pipe_lsu.avg.pct_of_peak_sustained_elapsed %                 3.76          1.72          +2.0   +118.6%
smsp__warps_issue_stalled_not_selected.avg                 warp           7,168.6       4,188.2      +2,980.4    +71.2%
dram__bytes_read.sum                                       Gbyte    4,280,000,000 2,850,000,000 +1,430,000,000.0    +50.2%
dram__sectors_read.sum                                     sector     133,747,960    89,192,296 +44,555,664.0    +50.0%
smsp__warps_eligible.avg.per_cycle_active                  warp              0.10          0.07        +0.030    +42.9%
smsp__inst_executed.sum                                    inst       107,944,702    76,375,837 +31,568,865.0    +41.3%
smsp__warps_issue_stalled_sleeping.avg                     warp           3,578.2       5,682.4      -2,104.2    -37.0%
dram__throughput.avg.pct_of_peak_sustained_elapsed         %                41.74         30.87         +10.9    +35.2%
smsp__warps_issue_stalled_wait.avg                         warp         403,953.8     357,684.0     +46,269.9    +12.9%
lts__t_sector_hit_rate.pct                                 %                56.38         63.69          -7.3    -11.5%
l1tex__data_pipe_lsu_wavefronts_mem_shared_op_st.sum                   14,510,627    16,368,925  -1,858,298.0    -11.4%
smsp__warps_issue_stalled_long_scoreboard.avg              warp         2,661,670     2,983,042    -321,372.1    -10.8%
l1tex__throughput.avg.pct_of_peak_sustained_elapsed        %                52.48         47.76          +4.7     +9.9%
lts__t_sectors_op_read.sum                                 sector     619,016,093   564,595,764 +54,420,329.0     +9.6%
lts__t_sectors.sum                                         sector     690,501,123   636,066,387 +54,434,736.0     +8.6%
sm__mio_pq_write_cycles_active.avg.pct_of_peak_sustained_elapsed %                 6.69          6.21        +0.480     +7.7%
sm__mio_pq_read_cycles_active.avg.pct_of_peak_sustained_elapsed %                 6.70          6.22        +0.480     +7.7%
lts__throughput.avg.pct_of_peak_sustained_elapsed          %                69.32         65.03          +4.3     +6.6%
smsp__warps_issue_stalled_math_pipe_throttle.avg           warp           2,325.0       2,183.0        +142.0     +6.5%
smsp__warps_issue_stalled_mio_throttle.avg                 warp             23.46         24.51          -1.1     -4.3%
smsp__warps_issue_stalled_barrier.avg                      warp          43,803.4      44,809.8      -1,006.4     -2.2%
sm__pipe_shared_cycles_active.avg.pct_of_peak_sustained_elapsed %                96.87         95.50          +1.4     +1.4%

========================================================================================================================
fc2 lean pk=p: gemm - strip  (output store cost)
  A = fc2_lean_p_gemm,  B = fc2_lean_p_strip   (positive delta% = A higher than B)
========================================================================================================================
Metric                                                     Unit                 A             B          Diff     Diff%
-----------------------------------------------------------------------------------------------------------------------
dram__sectors_write.sum                                    sector      43,883,312     127,040.0 +43,756,272.0 +34442.9%
dram__bytes_write.sum                                      Mbyte    1,400,000,000     4,070,000 +1,395,930,000.0 +34298.0%
l1tex__data_pipe_lsu_wavefronts_mem_shared_op_st.sum                   16,368,925     253,349.0 +16,115,576.0  +6361.0%
lts__t_sectors_op_write.sum                                sector      67,973,328     1,141,834 +66,831,494.0  +5853.0%
l1tex__data_pipe_lsu_wavefronts_mem_shared.sum                         18,246,486     1,033,827 +17,212,659.0  +1664.9%
smsp__warps_issue_stalled_barrier.avg                      warp          44,809.8       2,723.4     +42,086.4  +1545.4%
smsp__warps_issue_stalled_math_pipe_throttle.avg           warp           2,183.0         219.4      +1,963.6   +894.9%
smsp__warps_issue_stalled_sleeping.avg                     warp           5,682.4       1,016.1      +4,666.3   +459.2%
smsp__warps_issue_stalled_not_selected.avg                 warp           4,188.2         822.0      +3,366.2   +409.5%
sm__inst_executed_pipe_lsu.avg.pct_of_peak_sustained_elapsed %                 1.72          0.37          +1.4   +364.9%
sm__mio_pq_write_cycles_active.avg.pct_of_peak_sustained_elapsed %                 6.21          2.31          +3.9   +168.8%
sm__mio_pq_read_cycles_active.avg.pct_of_peak_sustained_elapsed %                 6.22          2.32          +3.9   +168.1%
smsp__warps_issue_stalled_short_scoreboard.avg             warp          55,590.3      29,955.5     +25,634.9    +85.6%
launch__registers_per_thread                               register/thread         163.0         100.0         +63.0    +63.0%
lts__t_sectors.sum                                         sector     636,066,387   408,381,153 +227,685,234.0    +55.8%
smsp__inst_executed.sum                                    inst        76,375,837    50,118,420 +26,257,417.0    +52.4%
dram__throughput.avg.pct_of_peak_sustained_elapsed         %                30.87         21.43          +9.4    +44.1%
smsp__warps_eligible.avg.per_cycle_active                  warp              0.07          0.05        +0.020    +40.0%
lts__t_sectors_op_read.sum                                 sector     564,595,764   403,921,203 +160,674,561.0    +39.8%
lts__throughput.avg.pct_of_peak_sustained_elapsed          %                65.03         49.51         +15.5    +31.3%
smsp__warps_issue_stalled_wait.avg                         warp         357,684.0     290,879.7     +66,804.3    +23.0%
l1tex__throughput.avg.pct_of_peak_sustained_elapsed        %                47.76         49.55          -1.8     -3.6%
sm__pipe_shared_cycles_active.avg.pct_of_peak_sustained_elapsed %                95.50         99.07          -3.6     -3.6%
smsp__cycles_active.avg                                    cycle        1,877,976     1,815,302     +62,673.2     +3.5%
smsp__warps_issue_stalled_long_scoreboard.avg              warp         2,983,042     3,072,114     -89,071.5     -2.9%

========================================================================================================================
fc2 ncycle pk=p: fused - gemm  (residual load + bias mul cost)
  A = fc2_ncycle_p_fused,  B = fc2_ncycle_p_gemm   (positive delta% = A higher than B)
========================================================================================================================
Metric                                                     Unit                 A             B          Diff     Diff%
-----------------------------------------------------------------------------------------------------------------------
l1tex__data_pipe_lsu_wavefronts_mem_shared_op_ld.sum                   30,511,583       2,012.0 +30,509,571.0       >>>
smsp__warps_issue_stalled_short_scoreboard.avg             warp         180,972.6      28,194.0    +152,778.6   +541.9%
l1tex__data_pipe_lsu_wavefronts_mem_shared.sum                         50,283,130    15,775,865 +34,507,265.0   +218.7%
sm__inst_executed_pipe_lsu.avg.pct_of_peak_sustained_elapsed %                 3.46          1.44          +2.0   +140.3%
dram__bytes_read.sum                                       Gbyte    5,530,000,000 3,280,000,000 +2,250,000,000.0    +68.6%
dram__sectors_read.sum                                     sector     172,901,584   102,602,472 +70,299,112.0    +68.5%
smsp__warps_issue_stalled_not_selected.avg                 warp           7,203.5       4,725.1      +2,478.4    +52.5%
dram__throughput.avg.pct_of_peak_sustained_elapsed         %                50.31         33.53         +16.8    +50.0%
smsp__inst_executed.sum                                    inst       103,826,363    71,959,200 +31,867,163.0    +44.3%
smsp__warps_eligible.avg.per_cycle_active                  warp              0.10          0.07        +0.030    +42.9%
l1tex__data_pipe_lsu_wavefronts_mem_shared_op_st.sum                   18,311,031    14,483,148  +3,827,883.0    +26.4%
lts__t_sector_hit_rate.pct                                 %                52.72         65.02         -12.3    -18.9%
smsp__warps_issue_stalled_wait.avg                         warp         386,613.8     334,124.6     +52,489.3    +15.7%
smsp__warps_issue_stalled_long_scoreboard.avg              warp         2,081,314     2,392,755    -311,441.4    -13.0%
lts__t_sectors_op_read.sum                                 sector     638,692,087   569,931,393 +68,760,694.0    +12.1%
smsp__warps_issue_stalled_sleeping.avg                     warp          20,376.8      22,888.6      -2,511.9    -11.0%
lts__t_sectors.sum                                         sector     706,991,297   638,019,780 +68,971,517.0    +10.8%
l1tex__throughput.avg.pct_of_peak_sustained_elapsed        %                51.87         47.01          +4.9    +10.3%
sm__mio_pq_write_cycles_active.avg.pct_of_peak_sustained_elapsed %                 5.98          5.50        +0.480     +8.7%
sm__mio_pq_read_cycles_active.avg.pct_of_peak_sustained_elapsed %                 5.98          5.50        +0.480     +8.7%
lts__throughput.avg.pct_of_peak_sustained_elapsed          %                71.44         66.46          +5.0     +7.5%
smsp__warps_issue_stalled_barrier.avg                      warp         269,249.7     277,873.1      -8,623.4     -3.1%
smsp__warps_issue_stalled_math_pipe_throttle.avg           warp           2,586.7       2,528.7         +57.9     +2.3%
smsp__cycles_active.avg                                    cycle        1,841,637     1,880,100     -38,463.0     -2.0%
sm__pipe_shared_cycles_active.avg.pct_of_peak_sustained_elapsed %                95.76         94.03          +1.7     +1.8%

========================================================================================================================
fc2 ncycle pk=p: gemm - strip  (output store cost)
  A = fc2_ncycle_p_gemm,  B = fc2_ncycle_p_strip   (positive delta% = A higher than B)
========================================================================================================================
Metric                                                     Unit                 A             B          Diff     Diff%
-----------------------------------------------------------------------------------------------------------------------
l1tex__data_pipe_lsu_wavefronts_mem_shared_op_st.sum                   14,483,148       2,486.0 +14,480,662.0 +582488.4%
l1tex__data_pipe_lsu_wavefronts_mem_shared.sum                         15,775,865      85,892.0 +15,689,973.0 +18267.1%
dram__bytes_write.sum                                      Mbyte    1,410,000,000     7,780,000 +1,402,220,000.0 +18023.4%
dram__sectors_write.sum                                    sector      43,981,056     242,984.0 +43,738,072.0 +18000.4%
lts__t_sectors_op_write.sum                                sector      67,515,942     680,274.0 +66,835,668.0  +9824.8%
sm__inst_executed_pipe_lsu.avg.pct_of_peak_sustained_elapsed %                 1.44          0.09          +1.3  +1500.0%
smsp__warps_issue_stalled_short_scoreboard.avg             warp          28,194.0       3,839.1     +24,355.0   +634.4%
smsp__warps_issue_stalled_not_selected.avg                 warp           4,725.1       1,254.2      +3,470.9   +276.7%
smsp__warps_issue_stalled_math_pipe_throttle.avg           warp           2,528.7         719.4      +1,809.3   +251.5%
sm__mio_pq_write_cycles_active.avg.pct_of_peak_sustained_elapsed %                 5.50          1.65          +3.9   +233.3%
sm__mio_pq_read_cycles_active.avg.pct_of_peak_sustained_elapsed %                 5.50          1.65          +3.9   +233.3%
smsp__warps_issue_stalled_sleeping.avg                     warp          22,888.6       9,678.4     +13,210.3   +136.5%
launch__registers_per_thread                               register/thread         118.0         56.00         +62.0   +110.7%
dram__throughput.avg.pct_of_peak_sustained_elapsed         %                33.53         21.81         +11.7    +53.7%
smsp__inst_executed.sum                                    inst        71,959,200    48,072,429 +23,886,771.0    +49.7%
smsp__warps_eligible.avg.per_cycle_active                  warp              0.07          0.05        +0.020    +40.0%
lts__t_sectors.sum                                         sector     638,019,780   499,074,722 +138,945,058.0    +27.8%
smsp__warps_issue_stalled_barrier.avg                      warp         277,873.1     223,873.8     +53,999.3    +24.1%
smsp__warps_issue_stalled_wait.avg                         warp         334,124.6     273,276.6     +60,847.9    +22.3%
lts__throughput.avg.pct_of_peak_sustained_elapsed          %                66.46         57.53          +8.9    +15.5%
lts__t_sectors_op_read.sum                                 sector     569,931,393   497,976,491 +71,954,902.0    +14.4%
dram__bytes_read.sum                                       Gbyte    3,280,000,000 2,930,000,000 +350,000,000.0    +11.9%
dram__sectors_read.sum                                     sector     102,602,472    91,706,976 +10,895,496.0    +11.9%
lts__t_sector_hit_rate.pct                                 %                65.02         70.65          -5.6     -8.0%
smsp__warps_issue_stalled_long_scoreboard.avg              warp         2,392,755     2,496,547    -103,791.5     -4.2%

========================================================================================================================
fc2 nflat pk=p: fused - gemm  (residual load + bias mul cost)
  A = fc2_nflat_p_fused,  B = fc2_nflat_p_gemm   (positive delta% = A higher than B)
========================================================================================================================
Metric                                                     Unit                 A             B          Diff     Diff%
-----------------------------------------------------------------------------------------------------------------------
l1tex__data_pipe_lsu_wavefronts_mem_shared_op_ld.sum                   29,969,782       2,065.0 +29,967,717.0       >>>
smsp__warps_issue_stalled_short_scoreboard.avg             warp         180,778.4      27,317.9    +153,460.4   +561.8%
l1tex__data_pipe_lsu_wavefronts_mem_shared.sum                         50,262,596    15,704,537 +34,558,059.0   +220.1%
sm__inst_executed_pipe_lsu.avg.pct_of_peak_sustained_elapsed %                 3.45          1.44          +2.0   +139.6%
dram__bytes_read.sum                                       Gbyte    5,510,000,000 3,290,000,000 +2,220,000,000.0    +67.5%
dram__sectors_read.sum                                     sector     172,138,488   102,892,696 +69,245,792.0    +67.3%
smsp__warps_issue_stalled_not_selected.avg                 warp           7,483.0       4,789.2      +2,693.7    +56.2%
dram__throughput.avg.pct_of_peak_sustained_elapsed         %                50.05         33.52         +16.5    +49.3%
smsp__inst_executed.sum                                    inst       105,085,926    73,007,450 +32,078,476.0    +43.9%
smsp__warps_eligible.avg.per_cycle_active                  warp              0.10          0.07        +0.030    +42.9%
l1tex__data_pipe_lsu_wavefronts_mem_shared_op_st.sum                   18,785,876    14,447,407  +4,338,469.0    +30.0%
lts__t_sector_hit_rate.pct                                 %                54.35         65.64         -11.3    -17.2%
smsp__warps_issue_stalled_wait.avg                         warp         391,565.6     334,664.4     +56,901.2    +17.0%
smsp__warps_issue_stalled_sleeping.avg                     warp          20,198.0      23,302.5      -3,104.5    -13.3%
smsp__warps_issue_stalled_long_scoreboard.avg              warp         2,071,100     2,386,266    -315,165.7    -13.2%
lts__t_sectors_op_read.sum                                 sector     653,664,734   581,978,569 +71,686,165.0    +12.3%
lts__t_sectors.sum                                         sector     721,950,155   650,091,266 +71,858,889.0    +11.1%
l1tex__throughput.avg.pct_of_peak_sustained_elapsed        %                51.71         47.06          +4.6     +9.9%
smsp__warps_issue_stalled_math_pipe_throttle.avg           warp           2,851.9       2,622.3        +229.6     +8.8%
sm__mio_pq_write_cycles_active.avg.pct_of_peak_sustained_elapsed %                 5.97          5.50        +0.470     +8.5%
sm__mio_pq_read_cycles_active.avg.pct_of_peak_sustained_elapsed %                 5.96          5.50        +0.460     +8.4%
lts__throughput.avg.pct_of_peak_sustained_elapsed          %                73.56         68.22          +5.3     +7.8%
smsp__warps_issue_stalled_barrier.avg                      warp         269,641.5     277,311.4      -7,669.9     -2.8%
smsp__cycles_active.avg                                    cycle        1,841,297     1,878,299     -37,002.2     -2.0%
sm__pipe_shared_cycles_active.avg.pct_of_peak_sustained_elapsed %                95.47         94.12          +1.3     +1.4%

========================================================================================================================
fc2 nflat pk=p: gemm - strip  (output store cost)
  A = fc2_nflat_p_gemm,  B = fc2_nflat_p_strip   (positive delta% = A higher than B)
========================================================================================================================
Metric                                                     Unit                 A             B          Diff     Diff%
-----------------------------------------------------------------------------------------------------------------------
l1tex__data_pipe_lsu_wavefronts_mem_shared_op_st.sum                   14,447,407       2,476.0 +14,444,931.0 +583397.9%
dram__bytes_write.sum                                      Mbyte    1,410,000,000     7,480,000 +1,402,520,000.0 +18750.3%
dram__sectors_write.sum                                    sector      43,980,240     233,656.0 +43,746,584.0 +18722.6%
l1tex__data_pipe_lsu_wavefronts_mem_shared.sum                         15,704,537      85,684.0 +15,618,853.0 +18228.4%
lts__t_sectors_op_write.sum                                sector      67,504,595     680,181.0 +66,824,414.0  +9824.5%
sm__inst_executed_pipe_lsu.avg.pct_of_peak_sustained_elapsed %                 1.44          0.09          +1.3  +1500.0%
smsp__warps_issue_stalled_short_scoreboard.avg             warp          27,317.9       3,281.0     +24,036.9   +732.6%
sm__mio_pq_write_cycles_active.avg.pct_of_peak_sustained_elapsed %                 5.50          1.64          +3.9   +235.4%
sm__mio_pq_read_cycles_active.avg.pct_of_peak_sustained_elapsed %                 5.50          1.64          +3.9   +235.4%
smsp__warps_issue_stalled_not_selected.avg                 warp           4,789.2       1,538.1      +3,251.1   +211.4%
smsp__warps_issue_stalled_math_pipe_throttle.avg           warp           2,622.3         967.5      +1,654.8   +171.0%
smsp__warps_issue_stalled_sleeping.avg                     warp          23,302.5       9,396.0     +13,906.4   +148.0%
launch__registers_per_thread                               register/thread         117.0         56.00         +61.0   +108.9%
dram__throughput.avg.pct_of_peak_sustained_elapsed         %                33.52         21.82         +11.7    +53.6%
smsp__inst_executed.sum                                    inst        73,007,450    50,694,328 +22,313,122.0    +44.0%
smsp__warps_eligible.avg.per_cycle_active                  warp              0.07          0.05        +0.020    +40.0%
smsp__warps_issue_stalled_barrier.avg                      warp         277,311.4     223,143.6     +54,167.8    +24.3%
lts__t_sectors.sum                                         sector     650,091,266   535,892,420 +114,198,846.0    +21.3%
smsp__warps_issue_stalled_wait.avg                         warp         334,664.4     277,607.9     +57,056.5    +20.6%
dram__sectors_read.sum                                     sector     102,892,696    92,093,224 +10,799,472.0    +11.7%
dram__bytes_read.sum                                       Gbyte    3,290,000,000 2,950,000,000 +340,000,000.0    +11.5%
lts__t_sectors_op_read.sum                                 sector     581,978,569   534,772,079 +47,206,490.0     +8.8%
lts__t_sector_hit_rate.pct                                 %                65.64         71.86          -6.2     -8.7%
lts__throughput.avg.pct_of_peak_sustained_elapsed          %                68.22         63.12          +5.1     +8.1%
smsp__warps_issue_stalled_long_scoreboard.avg              warp         2,386,266     2,487,222    -100,956.5     -4.1%

========================================================================================================================
fc2 nsnake pk=p: fused - gemm  (residual load + bias mul cost)
  A = fc2_nsnake_p_fused,  B = fc2_nsnake_p_gemm   (positive delta% = A higher than B)
========================================================================================================================
Metric                                                     Unit                 A             B          Diff     Diff%
-----------------------------------------------------------------------------------------------------------------------
l1tex__data_pipe_lsu_wavefronts_mem_shared_op_ld.sum                   30,625,996       2,065.0 +30,623,931.0       >>>
smsp__warps_issue_stalled_short_scoreboard.avg             warp         181,344.1      27,360.1    +153,984.1   +562.8%
l1tex__data_pipe_lsu_wavefronts_mem_shared.sum                         50,268,547    15,814,168 +34,454,379.0   +217.9%
sm__inst_executed_pipe_lsu.avg.pct_of_peak_sustained_elapsed %                 3.46          1.43          +2.0   +142.0%
dram__bytes_read.sum                                       Gbyte    5,510,000,000 3,270,000,000 +2,240,000,000.0    +68.5%
dram__sectors_read.sum                                     sector     172,113,984   102,277,576 +69,836,408.0    +68.3%
dram__throughput.avg.pct_of_peak_sustained_elapsed         %                50.10         33.42         +16.7    +49.9%
smsp__inst_executed.sum                                    inst       104,121,566    72,200,136 +31,921,430.0    +44.2%
smsp__warps_eligible.avg.per_cycle_active                  warp              0.10          0.07        +0.030    +42.9%
smsp__warps_issue_stalled_not_selected.avg                 warp           7,297.6       5,208.9      +2,088.7    +40.1%
l1tex__data_pipe_lsu_wavefronts_mem_shared_op_st.sum                   18,228,202    14,652,886  +3,575,316.0    +24.4%
lts__t_sector_hit_rate.pct                                 %                52.92         64.58         -11.7    -18.1%
smsp__warps_issue_stalled_wait.avg                         warp         387,947.8     334,021.8     +53,926.0    +16.1%
smsp__warps_issue_stalled_sleeping.avg                     warp          20,109.7      23,357.1      -3,247.4    -13.9%
smsp__warps_issue_stalled_long_scoreboard.avg              warp         2,075,707     2,390,148    -314,441.2    -13.2%
lts__t_sectors_op_read.sum                                 sector     638,847,472   569,663,285 +69,184,187.0    +12.1%
lts__t_sectors.sum                                         sector     707,134,985   637,782,508 +69,352,477.0    +10.9%
l1tex__throughput.avg.pct_of_peak_sustained_elapsed        %                51.85         46.92          +4.9    +10.5%
sm__mio_pq_write_cycles_active.avg.pct_of_peak_sustained_elapsed %                 5.98          5.49        +0.490     +8.9%
sm__mio_pq_read_cycles_active.avg.pct_of_peak_sustained_elapsed %                 5.98          5.49        +0.490     +8.9%
lts__throughput.avg.pct_of_peak_sustained_elapsed          %                71.57         66.25          +5.3     +8.0%
smsp__warps_issue_stalled_barrier.avg                      warp         269,100.0     277,935.3      -8,835.3     -3.2%
smsp__warps_issue_stalled_math_pipe_throttle.avg           warp           2,693.4       2,760.1         -66.7     -2.4%
sm__pipe_shared_cycles_active.avg.pct_of_peak_sustained_elapsed %                95.72         93.84          +1.9     +2.0%
smsp__cycles_active.avg                                    cycle        1,843,661     1,879,467     -35,806.0     -1.9%

========================================================================================================================
fc2 nsnake pk=p: gemm - strip  (output store cost)
  A = fc2_nsnake_p_gemm,  B = fc2_nsnake_p_strip   (positive delta% = A higher than B)
========================================================================================================================
Metric                                                     Unit                 A             B          Diff     Diff%
-----------------------------------------------------------------------------------------------------------------------
l1tex__data_pipe_lsu_wavefronts_mem_shared_op_st.sum                   14,652,886       2,475.0 +14,650,411.0 +591935.8%
dram__bytes_write.sum                                      Mbyte    1,410,000,000     7,250,000 +1,402,750,000.0 +19348.3%
dram__sectors_write.sum                                    sector      43,984,712     226,640.0 +43,758,072.0 +19307.3%
l1tex__data_pipe_lsu_wavefronts_mem_shared.sum                         15,814,168      85,826.0 +15,728,342.0 +18325.8%
lts__t_sectors_op_write.sum                                sector      67,517,721     670,093.0 +66,847,628.0  +9975.9%
sm__inst_executed_pipe_lsu.avg.pct_of_peak_sustained_elapsed %                 1.43          0.09          +1.3  +1488.9%
smsp__warps_issue_stalled_short_scoreboard.avg             warp          27,360.1       3,975.2     +23,384.9   +588.3%
smsp__warps_issue_stalled_not_selected.avg                 warp           5,208.9       1,251.1      +3,957.8   +316.3%
smsp__warps_issue_stalled_math_pipe_throttle.avg           warp           2,760.1         725.8      +2,034.3   +280.3%
sm__mio_pq_write_cycles_active.avg.pct_of_peak_sustained_elapsed %                 5.49          1.65          +3.8   +232.7%
sm__mio_pq_read_cycles_active.avg.pct_of_peak_sustained_elapsed %                 5.49          1.65          +3.8   +232.7%
smsp__warps_issue_stalled_sleeping.avg                     warp          23,357.1       9,470.4     +13,886.6   +146.6%
launch__registers_per_thread                               register/thread         116.0         56.00         +60.0   +107.1%
dram__throughput.avg.pct_of_peak_sustained_elapsed         %                33.42         21.78         +11.6    +53.4%
smsp__inst_executed.sum                                    inst        72,200,136    48,232,782 +23,967,354.0    +49.7%
smsp__warps_eligible.avg.per_cycle_active                  warp              0.07          0.05        +0.020    +40.0%
lts__t_sectors.sum                                         sector     637,782,508   490,226,677 +147,555,831.0    +30.1%
smsp__warps_issue_stalled_barrier.avg                      warp         277,935.3     223,776.0     +54,159.3    +24.2%
smsp__warps_issue_stalled_wait.avg                         warp         334,021.8     274,101.0     +59,920.7    +21.9%
lts__t_sectors_op_read.sum                                 sector     569,663,285   489,156,838 +80,506,447.0    +16.5%
lts__t_sector_hit_rate.pct                                 %                64.58         73.57          -9.0    -12.2%
lts__throughput.avg.pct_of_peak_sustained_elapsed          %                66.25         59.20          +7.0    +11.9%
dram__sectors_read.sum                                     sector     102,277,576    91,727,680 +10,549,896.0    +11.5%
dram__bytes_read.sum                                       Gbyte    3,270,000,000 2,940,000,000 +330,000,000.0    +11.2%
smsp__warps_issue_stalled_long_scoreboard.avg              warp         2,390,148     2,495,300    -105,151.8     -4.2%

========================================================================================================================
fc2 rowmajor pk=p: fused - gemm  (residual load + bias mul cost)
  A = fc2_rowmajor_p_fused,  B = fc2_rowmajor_p_gemm   (positive delta% = A higher than B)
========================================================================================================================
Metric                                                     Unit                 A             B          Diff     Diff%
-----------------------------------------------------------------------------------------------------------------------
l1tex__data_pipe_lsu_wavefronts_mem_shared_op_ld.sum                   29,300,032       2,012.0 +29,298,020.0       >>>
smsp__warps_issue_stalled_short_scoreboard.avg             warp         173,765.5      28,916.4    +144,849.2   +500.9%
l1tex__data_pipe_lsu_wavefronts_mem_shared.sum                         48,713,196    16,429,151 +32,284,045.0   +196.5%
sm__inst_executed_pipe_lsu.avg.pct_of_peak_sustained_elapsed %                 3.43          1.46          +2.0   +134.9%
dram__sectors_read.sum                                     sector     189,376,184    89,228,784 +100,147,400.0   +112.2%
dram__bytes_read.sum                                       Gbyte    6,060,000,000 2,860,000,000 +3,200,000,000.0   +111.9%
dram__throughput.avg.pct_of_peak_sustained_elapsed         %                54.30         30.91         +23.4    +75.7%
smsp__warps_issue_stalled_not_selected.avg                 warp           7,193.0       4,478.4      +2,714.6    +60.6%
smsp__inst_executed.sum                                    inst       102,574,505    70,863,540 +31,710,965.0    +44.7%
smsp__warps_eligible.avg.per_cycle_active                  warp              0.10          0.07        +0.030    +42.9%
lts__t_sector_hit_rate.pct                                 %                50.72         66.19         -15.5    -23.4%
l1tex__data_pipe_lsu_wavefronts_mem_shared_op_st.sum                   18,125,543    15,262,254  +2,863,289.0    +18.8%
smsp__warps_issue_stalled_wait.avg                         warp         382,712.8     331,666.3     +51,046.5    +15.4%
lts__t_sectors_op_read.sum                                 sector     667,382,395   593,058,381 +74,324,014.0    +12.5%
lts__t_sectors.sum                                         sector     735,445,901   660,997,918 +74,447,983.0    +11.3%
smsp__warps_issue_stalled_long_scoreboard.avg              warp         2,120,153     2,385,687    -265,533.8    -11.1%
smsp__warps_issue_stalled_math_pipe_throttle.avg           warp           2,575.5       2,344.3        +231.1     +9.9%
l1tex__throughput.avg.pct_of_peak_sustained_elapsed        %                51.43         47.88          +3.5     +7.4%
smsp__warps_issue_stalled_sleeping.avg                     warp          20,376.4      21,956.4      -1,580.0     -7.2%
sm__mio_pq_write_cycles_active.avg.pct_of_peak_sustained_elapsed %                 5.95          5.60        +0.350     +6.3%
sm__mio_pq_read_cycles_active.avg.pct_of_peak_sustained_elapsed %                 5.95          5.60        +0.350     +6.3%
lts__throughput.avg.pct_of_peak_sustained_elapsed          %                72.64         69.29          +3.3     +4.8%
smsp__warps_issue_stalled_barrier.avg                      warp         270,653.3     278,111.1      -7,457.8     -2.7%
smsp__cycles_active.avg                                    cycle        1,842,089     1,874,410     -32,321.1     -1.7%
dram__bytes_write.sum                                      Mbyte    1,420,000,000 1,400,000,000 +20,000,000.0     +1.4%

========================================================================================================================
fc2 rowmajor pk=p: gemm - strip  (output store cost)
  A = fc2_rowmajor_p_gemm,  B = fc2_rowmajor_p_strip   (positive delta% = A higher than B)
========================================================================================================================
Metric                                                     Unit                 A             B          Diff     Diff%
-----------------------------------------------------------------------------------------------------------------------
l1tex__data_pipe_lsu_wavefronts_mem_shared_op_st.sum                   15,262,254       2,520.0 +15,259,734.0 +605545.0%
l1tex__data_pipe_lsu_wavefronts_mem_shared.sum                         16,429,151      87,766.0 +16,341,385.0 +18619.3%
dram__sectors_write.sum                                    sector      43,851,624     300,760.0 +43,550,864.0 +14480.3%
dram__bytes_write.sum                                      Mbyte    1,400,000,000     9,620,000 +1,390,380,000.0 +14453.0%
lts__t_sectors_op_write.sum                                sector      67,505,835     673,765.0 +66,832,070.0  +9919.2%
sm__inst_executed_pipe_lsu.avg.pct_of_peak_sustained_elapsed %                 1.46          0.09          +1.4  +1522.2%
smsp__warps_issue_stalled_math_pipe_throttle.avg           warp           2,344.3         190.1      +2,154.2  +1133.1%
smsp__warps_issue_stalled_short_scoreboard.avg             warp          28,916.4       2,583.2     +26,333.2  +1019.4%
smsp__warps_issue_stalled_not_selected.avg                 warp           4,478.4         598.4      +3,880.0   +648.4%
sm__mio_pq_write_cycles_active.avg.pct_of_peak_sustained_elapsed %                 5.60          1.67          +3.9   +235.3%
sm__mio_pq_read_cycles_active.avg.pct_of_peak_sustained_elapsed %                 5.60          1.67          +3.9   +235.3%
launch__registers_per_thread                               register/thread         116.0         56.00         +60.0   +107.1%
smsp__warps_issue_stalled_sleeping.avg                     warp          21,956.4      11,100.8     +10,855.6    +97.8%
smsp__warps_eligible.avg.per_cycle_active                  warp              0.07          0.04        +0.030    +75.0%
smsp__inst_executed.sum                                    inst        70,863,540    44,068,265 +26,795,275.0    +60.8%
dram__sectors_read.sum                                     sector      89,228,784   124,551,936 -35,323,152.0    -28.4%
dram__bytes_read.sum                                       Gbyte    2,860,000,000 3,990,000,000 -1,130,000,000.0    -28.3%
smsp__warps_issue_stalled_wait.avg                         warp         331,666.3     265,607.1     +66,059.1    +24.9%
lts__t_sectors.sum                                         sector     660,997,918   531,588,098 +129,409,820.0    +24.3%
smsp__warps_issue_stalled_barrier.avg                      warp         278,111.1     224,658.1     +53,453.0    +23.8%
lts__throughput.avg.pct_of_peak_sustained_elapsed          %                69.29         61.14          +8.2    +13.3%
lts__t_sectors_op_read.sum                                 sector     593,058,381   530,616,542 +62,441,839.0    +11.8%
smsp__warps_issue_stalled_long_scoreboard.avg              warp         2,385,687     2,509,870    -124,182.5     -4.9%
lts__t_sector_hit_rate.pct                                 %                66.19         63.28          +2.9     +4.6%
dram__throughput.avg.pct_of_peak_sustained_elapsed         %                30.91         29.64          +1.3     +4.3%

========================================================================================================================
fc2 rowsteal pk=p: fused - gemm  (residual load + bias mul cost)
  A = fc2_rowsteal_p_fused,  B = fc2_rowsteal_p_gemm   (positive delta% = A higher than B)
========================================================================================================================
Metric                                                     Unit                 A             B          Diff     Diff%
-----------------------------------------------------------------------------------------------------------------------
l1tex__data_pipe_lsu_wavefronts_mem_shared_op_ld.sum                   32,114,896     236,587.0 +31,878,309.0 +13474.2%
smsp__warps_issue_stalled_short_scoreboard.avg             warp         200,824.8      42,242.5    +158,582.2   +375.4%
l1tex__data_pipe_lsu_wavefronts_mem_shared.sum                         50,264,863    18,014,569 +32,250,294.0   +179.0%
sm__inst_executed_pipe_lsu.avg.pct_of_peak_sustained_elapsed %                 3.73          1.73          +2.0   +115.6%
dram__sectors_read.sum                                     sector     152,333,600    92,726,952 +59,606,648.0    +64.3%
dram__bytes_read.sum                                       Gbyte    4,870,000,000 2,970,000,000 +1,900,000,000.0    +64.0%
dram__throughput.avg.pct_of_peak_sustained_elapsed         %                45.55         31.48         +14.1    +44.7%
smsp__warps_eligible.avg.per_cycle_active                  warp              0.10          0.07        +0.030    +42.9%
smsp__inst_executed.sum                                    inst       107,913,996    75,905,304 +32,008,692.0    +42.2%
smsp__warps_issue_stalled_not_selected.avg                 warp           7,392.2       5,388.3      +2,003.8    +37.2%
smsp__warps_issue_stalled_sleeping.avg                     warp           4,864.7       7,617.4      -2,752.7    -36.1%
smsp__warps_issue_stalled_math_pipe_throttle.avg           warp           2,364.5       3,157.6        -793.1    -25.1%
smsp__warps_issue_stalled_barrier.avg                      warp          45,002.6      36,855.0      +8,147.6    +22.1%
lts__t_sector_hit_rate.pct                                 %                57.13         67.24         -10.1    -15.0%
smsp__warps_issue_stalled_wait.avg                         warp         395,332.6     346,523.5     +48,809.1    +14.1%
lts__t_sectors_op_read.sum                                 sector     637,018,075   561,163,315 +75,854,760.0    +13.5%
lts__t_sectors.sum                                         sector     707,394,148   631,463,434 +75,930,714.0    +12.0%
smsp__warps_issue_stalled_long_scoreboard.avg              warp         2,758,379     3,064,280    -305,900.8    -10.0%
l1tex__throughput.avg.pct_of_peak_sustained_elapsed        %                51.58         47.28          +4.3     +9.1%
lts__throughput.avg.pct_of_peak_sustained_elapsed          %                72.56         66.74          +5.8     +8.7%
sm__mio_pq_read_cycles_active.avg.pct_of_peak_sustained_elapsed %                 6.58          6.07        +0.510     +8.4%
sm__mio_pq_write_cycles_active.avg.pct_of_peak_sustained_elapsed %                 6.57          6.07        +0.500     +8.2%
smsp__warps_issue_stalled_mio_throttle.avg                 warp             24.23         23.16          +1.1     +4.6%
dram__bytes_write.sum                                      Mbyte    1,440,000,000 1,420,000,000 +20,000,000.0     +1.4%
dram__sectors_write.sum                                    sector      44,887,632    44,419,392    +468,240.0     +1.1%

========================================================================================================================
fc2 rowsteal pk=p: gemm - strip  (output store cost)
  A = fc2_rowsteal_p_gemm,  B = fc2_rowsteal_p_strip   (positive delta% = A higher than B)
========================================================================================================================
Metric                                                     Unit                 A             B          Diff     Diff%
-----------------------------------------------------------------------------------------------------------------------
dram__sectors_write.sum                                    sector      44,419,392     382,952.0 +44,036,440.0 +11499.2%
dram__bytes_write.sum                                      Mbyte    1,420,000,000    12,250,000 +1,407,750,000.0 +11491.8%
lts__t_sectors_op_write.sum                                sector      68,622,118     1,803,347 +66,818,771.0  +3705.3%
l1tex__data_pipe_lsu_wavefronts_mem_shared_op_st.sum                   16,268,155     467,679.0 +15,800,476.0  +3378.5%
l1tex__data_pipe_lsu_wavefronts_mem_shared.sum                         18,014,569     1,087,525 +16,927,044.0  +1556.5%
smsp__warps_issue_stalled_barrier.avg                      warp          36,855.0       2,485.8     +34,369.3  +1382.6%
smsp__warps_issue_stalled_sleeping.avg                     warp           7,617.4         749.4      +6,868.0   +916.5%
smsp__warps_issue_stalled_math_pipe_throttle.avg           warp           3,157.6         316.3      +2,841.3   +898.4%
smsp__warps_issue_stalled_not_selected.avg                 warp           5,388.3         966.1      +4,422.2   +457.7%
sm__inst_executed_pipe_lsu.avg.pct_of_peak_sustained_elapsed %                 1.73          0.39          +1.3   +343.6%
smsp__warps_issue_stalled_short_scoreboard.avg             warp          42,242.5      15,678.2     +26,564.3   +169.4%
sm__mio_pq_write_cycles_active.avg.pct_of_peak_sustained_elapsed %                 6.07          2.26          +3.8   +168.6%
sm__mio_pq_read_cycles_active.avg.pct_of_peak_sustained_elapsed %                 6.07          2.27          +3.8   +167.4%
launch__registers_per_thread                               register/thread         164.0         98.00         +66.0    +67.3%
smsp__inst_executed.sum                                    inst        75,905,304    50,341,438 +25,563,866.0    +50.8%
dram__throughput.avg.pct_of_peak_sustained_elapsed         %                31.48         21.42         +10.1    +47.0%
smsp__warps_eligible.avg.per_cycle_active                  warp              0.07          0.05        +0.020    +40.0%
smsp__warps_issue_stalled_wait.avg                         warp         346,523.5     284,071.1     +62,452.4    +22.0%
lts__t_sectors.sum                                         sector     631,463,434   540,974,169 +90,489,265.0    +16.7%
l1tex__data_pipe_lsu_wavefronts_mem_shared_op_ld.sum                    236,587.0     209,935.0     +26,652.0    +12.7%
lts__t_sector_hit_rate.pct                                 %                67.24         73.15          -5.9     -8.1%
lts__t_sectors_op_read.sum                                 sector     561,163,315   537,663,726 +23,499,589.0     +4.4%
l1tex__throughput.avg.pct_of_peak_sustained_elapsed        %                47.28         49.11          -1.8     -3.7%
sm__pipe_shared_cycles_active.avg.pct_of_peak_sustained_elapsed %                94.56         98.22          -3.7     -3.7%
smsp__cycles_active.avg                                    cycle        1,883,277     1,816,563     +66,713.8     +3.7%

========================================================================================================================
fc2 sched pk=p: fused - gemm  (residual load + bias mul cost)
  A = fc2_sched_p_fused,  B = fc2_sched_p_gemm   (positive delta% = A higher than B)
========================================================================================================================
Metric                                                     Unit                 A             B          Diff     Diff%
-----------------------------------------------------------------------------------------------------------------------
l1tex__data_pipe_lsu_wavefronts_mem_shared_op_ld.sum                   33,213,785     237,213.0 +32,976,572.0 +13901.7%
smsp__warps_issue_stalled_short_scoreboard.avg             warp         203,239.8      46,008.2    +157,231.6   +341.7%
l1tex__data_pipe_lsu_wavefronts_mem_shared.sum                         49,850,268    18,717,904 +31,132,364.0   +166.3%
sm__inst_executed_pipe_lsu.avg.pct_of_peak_sustained_elapsed %                 3.87          1.80          +2.1   +115.0%
dram__bytes_read.sum                                       Gbyte    4,280,000,000 2,850,000,000 +1,430,000,000.0    +50.2%
dram__sectors_read.sum                                     sector     133,746,952    89,194,320 +44,552,632.0    +50.0%
smsp__warps_issue_stalled_sleeping.avg                     warp           3,693.0       7,029.1      -3,336.0    -47.5%
smsp__warps_eligible.avg.per_cycle_active                  warp              0.10          0.07        +0.030    +42.9%
smsp__inst_executed.sum                                    inst       108,567,112    76,644,867 +31,922,245.0    +41.6%
dram__throughput.avg.pct_of_peak_sustained_elapsed         %                41.93         30.79         +11.1    +36.2%
smsp__warps_issue_stalled_not_selected.avg                 warp           7,445.1       5,677.2      +1,767.9    +31.1%
smsp__warps_issue_stalled_math_pipe_throttle.avg           warp           2,365.7       3,265.3        -899.7    -27.6%
smsp__warps_issue_stalled_wait.avg                         warp         400,536.5     352,003.1     +48,533.4    +13.8%
l1tex__data_pipe_lsu_wavefronts_mem_shared_op_st.sum                   14,788,402    16,806,437  -2,018,035.0    -12.0%
smsp__warps_issue_stalled_long_scoreboard.avg              warp         2,659,541     3,014,187    -354,646.6    -11.8%
lts__t_sector_hit_rate.pct                                 %                56.08         63.51          -7.4    -11.7%
l1tex__throughput.avg.pct_of_peak_sustained_elapsed        %                52.79         47.63          +5.2    +10.8%
lts__t_sectors_op_read.sum                                 sector     604,909,447   551,958,701 +52,950,746.0     +9.6%
sm__mio_pq_write_cycles_active.avg.pct_of_peak_sustained_elapsed %                 6.81          6.22        +0.590     +9.5%
sm__mio_pq_read_cycles_active.avg.pct_of_peak_sustained_elapsed %                 6.81          6.22        +0.590     +9.5%
lts__throughput.avg.pct_of_peak_sustained_elapsed          %                68.51         62.61          +5.9     +9.4%
lts__t_sectors.sum                                         sector     677,071,129   624,092,730 +52,978,399.0     +8.5%
smsp__warps_issue_stalled_mio_throttle.avg                 warp             24.39         23.02          +1.4     +6.0%
smsp__warps_issue_stalled_barrier.avg                      warp          44,525.2      43,417.3      +1,107.9     +2.6%
sm__pipe_shared_cycles_active.avg.pct_of_peak_sustained_elapsed %                97.43         95.24          +2.2     +2.3%

========================================================================================================================
fc2 sched pk=p: gemm - strip  (output store cost)
  A = fc2_sched_p_gemm,  B = fc2_sched_p_strip   (positive delta% = A higher than B)
========================================================================================================================
Metric                                                     Unit                 A             B          Diff     Diff%
-----------------------------------------------------------------------------------------------------------------------
dram__bytes_write.sum                                      Mbyte    1,410,000,000     3,930,000 +1,406,070,000.0 +35777.9%
dram__sectors_write.sum                                    sector      43,943,464     122,752.0 +43,820,712.0 +35698.6%
l1tex__data_pipe_lsu_wavefronts_mem_shared_op_st.sum                   16,806,437     148,505.0 +16,657,932.0 +11217.1%
lts__t_sectors_op_write.sum                                sector      68,635,483     1,796,649 +66,838,834.0  +3720.2%
l1tex__data_pipe_lsu_wavefronts_mem_shared.sum                         18,717,904     928,902.0 +17,789,002.0  +1915.1%
smsp__warps_issue_stalled_barrier.avg                      warp          43,417.3       2,442.0     +40,975.3  +1677.9%
smsp__warps_issue_stalled_math_pipe_throttle.avg           warp           3,265.3         310.0      +2,955.3   +953.2%
smsp__warps_issue_stalled_sleeping.avg                     warp           7,029.1       1,028.6      +6,000.5   +583.4%
smsp__warps_issue_stalled_not_selected.avg                 warp           5,677.2         934.8      +4,742.4   +507.3%
sm__inst_executed_pipe_lsu.avg.pct_of_peak_sustained_elapsed %                 1.80          0.45          +1.4   +300.0%
smsp__warps_issue_stalled_short_scoreboard.avg             warp          46,008.2      16,529.5     +29,478.7   +178.3%
sm__mio_pq_write_cycles_active.avg.pct_of_peak_sustained_elapsed %                 6.22          2.39          +3.8   +160.3%
sm__mio_pq_read_cycles_active.avg.pct_of_peak_sustained_elapsed %                 6.22          2.40          +3.8   +159.2%
launch__registers_per_thread                               register/thread         164.0         98.00         +66.0    +67.3%
lts__t_sectors.sum                                         sector     624,092,730   399,082,993 +225,009,737.0    +56.4%
smsp__inst_executed.sum                                    inst        76,644,867    51,058,822 +25,586,045.0    +50.1%
dram__throughput.avg.pct_of_peak_sustained_elapsed         %                30.79         21.47          +9.3    +43.4%
lts__t_sectors_op_read.sum                                 sector     551,958,701   394,043,001 +157,915,700.0    +40.1%
smsp__warps_eligible.avg.per_cycle_active                  warp              0.07          0.05        +0.020    +40.0%
lts__throughput.avg.pct_of_peak_sustained_elapsed          %                62.61         45.59         +17.0    +37.3%
smsp__warps_issue_stalled_wait.avg                         warp         352,003.1     289,472.1     +62,531.1    +21.6%
l1tex__data_pipe_lsu_wavefronts_mem_shared_op_ld.sum                    237,213.0     225,701.0     +11,512.0     +5.1%
smsp__cycles_active.avg                                    cycle        1,883,980     1,815,236     +68,743.7     +3.8%
sm__pipe_shared_cycles_active.avg.pct_of_peak_sustained_elapsed %                95.24         98.95          -3.7     -3.7%
l1tex__throughput.avg.pct_of_peak_sustained_elapsed        %                47.63         49.48          -1.8     -3.7%

========================================================================================================================
fc2 tail pk=p: fused - gemm  (residual load + bias mul cost)
  A = fc2_tail_p_fused,  B = fc2_tail_p_gemm   (positive delta% = A higher than B)
========================================================================================================================
Metric                                                     Unit                 A             B          Diff     Diff%
-----------------------------------------------------------------------------------------------------------------------
l1tex__data_pipe_lsu_wavefronts_mem_shared_op_ld.sum                   32,457,408     236,308.0 +32,221,100.0 +13635.2%
smsp__warps_issue_stalled_short_scoreboard.avg             warp         201,144.3      41,119.2    +160,025.0   +389.2%
l1tex__data_pipe_lsu_wavefronts_mem_shared.sum                         49,848,808    18,707,275 +31,141,533.0   +166.5%
sm__inst_executed_pipe_lsu.avg.pct_of_peak_sustained_elapsed %                 3.69          1.77          +1.9   +108.5%
dram__sectors_read.sum                                     sector     175,395,440    89,329,072 +86,066,368.0    +96.3%
dram__bytes_read.sum                                       Gbyte    5,610,000,000 2,860,000,000 +2,750,000,000.0    +96.2%
dram__throughput.avg.pct_of_peak_sustained_elapsed         %                49.91         30.85         +19.1    +61.8%
smsp__warps_eligible.avg.per_cycle_active                  warp              0.10          0.07        +0.030    +42.9%
smsp__inst_executed.sum                                    inst       108,411,010    76,352,703 +32,058,307.0    +42.0%
smsp__warps_issue_stalled_not_selected.avg                 warp           7,335.5       5,378.8      +1,956.7    +36.4%
smsp__warps_issue_stalled_sleeping.avg                     warp           4,902.1       7,264.9      -2,362.8    -32.5%
smsp__warps_issue_stalled_math_pipe_throttle.avg           warp           2,329.8       3,219.0        -889.2    -27.6%
lts__t_sector_hit_rate.pct                                 %                52.78         65.73         -13.0    -19.7%
smsp__warps_issue_stalled_wait.avg                         warp         399,637.0     350,443.4     +49,193.6    +14.0%
lts__t_sectors_op_read.sum                                 sector     669,498,629   594,278,811 +75,219,818.0    +12.7%
lts__t_sectors.sum                                         sector     741,772,298   666,348,618 +75,423,680.0    +11.3%
l1tex__data_pipe_lsu_wavefronts_mem_shared_op_st.sum                   15,305,137    17,004,871  -1,699,734.0    -10.0%
smsp__warps_issue_stalled_long_scoreboard.avg              warp         2,744,000     3,030,805    -286,804.6     -9.5%
smsp__warps_issue_stalled_barrier.avg                      warp          43,931.7      41,098.2      +2,833.5     +6.9%
l1tex__throughput.avg.pct_of_peak_sustained_elapsed        %                50.54         47.60          +2.9     +6.2%
sm__mio_pq_write_cycles_active.avg.pct_of_peak_sustained_elapsed %                 6.52          6.17        +0.350     +5.7%
smsp__warps_issue_stalled_mio_throttle.avg                 warp             24.86         23.56          +1.3     +5.5%
sm__mio_pq_read_cycles_active.avg.pct_of_peak_sustained_elapsed %                 6.52          6.18        +0.340     +5.5%
lts__throughput.avg.pct_of_peak_sustained_elapsed          %                72.56         69.00          +3.6     +5.2%
dram__sectors_write.sum                                    sector      45,093,320    44,074,096  +1,019,224.0     +2.3%

========================================================================================================================
fc2 tail pk=p: gemm - strip  (output store cost)
  A = fc2_tail_p_gemm,  B = fc2_tail_p_strip   (positive delta% = A higher than B)
========================================================================================================================
Metric                                                     Unit                 A             B          Diff     Diff%
-----------------------------------------------------------------------------------------------------------------------
dram__sectors_write.sum                                    sector      44,074,096     610,768.0 +43,463,328.0  +7116.2%
dram__bytes_write.sum                                      Mbyte    1,410,000,000    19,540,000 +1,390,460,000.0  +7116.0%
l1tex__data_pipe_lsu_wavefronts_mem_shared_op_st.sum                   17,004,871     360,379.0 +16,644,492.0  +4618.6%
lts__t_sectors_op_write.sum                                sector      68,630,220     1,792,669 +66,837,551.0  +3728.4%
l1tex__data_pipe_lsu_wavefronts_mem_shared.sum                         18,707,275     1,048,705 +17,658,570.0  +1683.8%
smsp__warps_issue_stalled_barrier.avg                      warp          41,098.2       2,328.7     +38,769.5  +1664.9%
smsp__warps_issue_stalled_math_pipe_throttle.avg           warp           3,219.0         295.4      +2,923.6   +989.7%
smsp__warps_issue_stalled_sleeping.avg                     warp           7,264.9         877.9      +6,387.0   +727.5%
smsp__warps_issue_stalled_not_selected.avg                 warp           5,378.8         995.1      +4,383.8   +440.5%
sm__inst_executed_pipe_lsu.avg.pct_of_peak_sustained_elapsed %                 1.77          0.42          +1.4   +321.4%
smsp__warps_issue_stalled_short_scoreboard.avg             warp          41,119.2      15,184.6     +25,934.6   +170.8%
sm__mio_pq_write_cycles_active.avg.pct_of_peak_sustained_elapsed %                 6.17          2.32          +3.9   +165.9%
sm__mio_pq_read_cycles_active.avg.pct_of_peak_sustained_elapsed %                 6.18          2.33          +3.8   +165.2%
launch__registers_per_thread                               register/thread         165.0         99.00         +66.0    +66.7%
smsp__inst_executed.sum                                    inst        76,352,703    50,826,022 +25,526,681.0    +50.2%
smsp__warps_eligible.avg.per_cycle_active                  warp              0.07          0.05        +0.020    +40.0%
dram__sectors_read.sum                                     sector      89,329,072   119,697,896 -30,368,824.0    -25.4%
dram__bytes_read.sum                                       Gbyte    2,860,000,000 3,830,000,000 -970,000,000.0    -25.3%
smsp__warps_issue_stalled_wait.avg                         warp         350,443.4     288,224.5     +62,218.9    +21.6%
lts__t_sectors.sum                                         sector     666,348,618   558,068,646 +108,279,972.0    +19.4%
lts__throughput.avg.pct_of_peak_sustained_elapsed          %                69.00         62.72          +6.3    +10.0%
l1tex__data_pipe_lsu_wavefronts_mem_shared_op_ld.sum                    236,308.0     218,391.0     +17,917.0     +8.2%
dram__throughput.avg.pct_of_peak_sustained_elapsed         %                30.85         28.54          +2.3     +8.1%
lts__t_sectors_op_read.sum                                 sector     594,278,811   552,957,285 +41,321,526.0     +7.5%
lts__t_sector_hit_rate.pct                                 %                65.73         63.13          +2.6     +4.1%

========================================================================================================================
fc2 tail_lean pk=p: fused - gemm  (residual load + bias mul cost)
  A = fc2_tail_lean_p_fused,  B = fc2_tail_lean_p_gemm   (positive delta% = A higher than B)
========================================================================================================================
Metric                                                     Unit                 A             B          Diff     Diff%
-----------------------------------------------------------------------------------------------------------------------
l1tex__data_pipe_lsu_wavefronts_mem_shared_op_ld.sum                   32,527,856     230,215.0 +32,297,641.0 +14029.3%
smsp__warps_issue_stalled_short_scoreboard.avg             warp         213,274.2      51,744.9    +161,529.3   +312.2%
l1tex__data_pipe_lsu_wavefronts_mem_shared.sum                         49,824,384    18,547,256 +31,277,128.0   +168.6%
sm__inst_executed_pipe_lsu.avg.pct_of_peak_sustained_elapsed %                 3.60          1.69          +1.9   +113.0%
dram__bytes_read.sum                                       Gbyte    5,510,000,000 2,850,000,000 +2,660,000,000.0    +93.3%
dram__sectors_read.sum                                     sector     172,258,704    89,209,016 +83,049,688.0    +93.1%
smsp__warps_issue_stalled_not_selected.avg                 warp           7,178.3       4,025.0      +3,153.3    +78.3%
dram__throughput.avg.pct_of_peak_sustained_elapsed         %                49.15         30.86         +18.3    +59.3%
smsp__warps_eligible.avg.per_cycle_active                  warp              0.10          0.07        +0.030    +42.9%
smsp__inst_executed.sum                                    inst       107,804,283    76,136,445 +31,667,838.0    +41.6%
lts__t_sector_hit_rate.pct                                 %                53.17         65.70         -12.5    -19.1%
smsp__warps_issue_stalled_sleeping.avg                     warp           4,847.8       5,961.0      -1,113.2    -18.7%
smsp__warps_issue_stalled_wait.avg                         warp         402,975.4     356,446.8     +46,528.6    +13.1%
lts__t_sectors_op_read.sum                                 sector     670,796,817   595,923,473 +74,873,344.0    +12.6%
smsp__warps_issue_stalled_math_pipe_throttle.avg           warp           2,330.3       2,088.8        +241.5    +11.6%
lts__t_sectors.sum                                         sector     742,397,020   667,327,619 +75,069,401.0    +11.2%
l1tex__data_pipe_lsu_wavefronts_mem_shared_op_st.sum                   15,090,695    16,731,633  -1,640,938.0     -9.8%
smsp__warps_issue_stalled_long_scoreboard.avg              warp         2,714,761     2,989,217    -274,455.8     -9.2%
l1tex__throughput.avg.pct_of_peak_sustained_elapsed        %                50.53         47.77          +2.8     +5.8%
lts__throughput.avg.pct_of_peak_sustained_elapsed          %                72.93         69.29          +3.6     +5.3%
sm__mio_pq_read_cycles_active.avg.pct_of_peak_sustained_elapsed %                 6.44          6.18        +0.260     +4.2%
sm__mio_pq_write_cycles_active.avg.pct_of_peak_sustained_elapsed %                 6.42          6.18        +0.240     +3.9%
sm__pipe_shared_cycles_active.avg.pct_of_peak_sustained_elapsed %                93.27         95.53          -2.3     -2.4%
sm__throughput.avg.pct_of_peak_sustained_elapsed           %                94.26         96.49          -2.2     -2.3%
dram__sectors_write.sum                                    sector      44,746,248    43,913,760    +832,488.0     +1.9%

========================================================================================================================
fc2 tail_lean pk=p: gemm - strip  (output store cost)
  A = fc2_tail_lean_p_gemm,  B = fc2_tail_lean_p_strip   (positive delta% = A higher than B)
========================================================================================================================
Metric                                                     Unit                 A             B          Diff     Diff%
-----------------------------------------------------------------------------------------------------------------------
dram__bytes_write.sum                                      Mbyte    1,410,000,000    13,380,000 +1,396,620,000.0 +10438.1%
dram__sectors_write.sum                                    sector      43,913,760     418,000.0 +43,495,760.0 +10405.7%
lts__t_sectors_op_write.sum                                sector      67,976,407     1,141,866 +66,834,541.0  +5853.1%
l1tex__data_pipe_lsu_wavefronts_mem_shared_op_st.sum                   16,731,633     373,546.0 +16,358,087.0  +4379.1%
l1tex__data_pipe_lsu_wavefronts_mem_shared.sum                         18,547,256     1,065,887 +17,481,369.0  +1640.1%
smsp__warps_issue_stalled_barrier.avg                      warp          44,735.2       2,760.0     +41,975.2  +1520.8%
smsp__warps_issue_stalled_math_pipe_throttle.avg           warp           2,088.8         212.7      +1,876.1   +881.9%
smsp__warps_issue_stalled_sleeping.avg                     warp           5,961.0         816.9      +5,144.1   +629.7%
sm__inst_executed_pipe_lsu.avg.pct_of_peak_sustained_elapsed %                 1.69          0.33          +1.4   +412.1%
smsp__warps_issue_stalled_not_selected.avg                 warp           4,025.0         793.1      +3,231.9   +407.5%
sm__mio_pq_write_cycles_active.avg.pct_of_peak_sustained_elapsed %                 6.18          2.23          +3.9   +177.1%
sm__mio_pq_read_cycles_active.avg.pct_of_peak_sustained_elapsed %                 6.18          2.24          +3.9   +175.9%
smsp__warps_issue_stalled_short_scoreboard.avg             warp          51,744.9      27,427.6     +24,317.3    +88.7%
launch__registers_per_thread                               register/thread         163.0         100.0         +63.0    +63.0%
smsp__inst_executed.sum                                    inst        76,136,445    49,882,329 +26,254,116.0    +52.6%
smsp__warps_eligible.avg.per_cycle_active                  warp              0.07          0.05        +0.020    +40.0%
dram__bytes_read.sum                                       Gbyte    2,850,000,000 3,880,000,000 -1,030,000,000.0    -26.5%
dram__sectors_read.sum                                     sector      89,209,016   121,349,048 -32,140,032.0    -26.5%
lts__t_sectors.sum                                         sector     667,327,619   541,516,157 +125,811,462.0    +23.2%
smsp__warps_issue_stalled_wait.avg                         warp         356,446.8     289,533.8     +66,913.0    +23.1%
lts__t_sectors_op_read.sum                                 sector     595,923,473   537,042,549 +58,880,924.0    +11.0%
lts__throughput.avg.pct_of_peak_sustained_elapsed          %                69.29         62.64          +6.7    +10.6%
dram__throughput.avg.pct_of_peak_sustained_elapsed         %                30.86         28.84          +2.0     +7.0%
l1tex__data_pipe_lsu_wavefronts_mem_shared_op_ld.sum                    230,215.0     218,827.0     +11,388.0     +5.2%
smsp__cycles_active.avg                                    cycle        1,879,656     1,814,201     +65,454.2     +3.6%

========================================================================================================================
fc2 zigzag pk=p: fused - gemm  (residual load + bias mul cost)
  A = fc2_zigzag_p_fused,  B = fc2_zigzag_p_gemm   (positive delta% = A higher than B)
========================================================================================================================
Metric                                                     Unit                 A             B          Diff     Diff%
-----------------------------------------------------------------------------------------------------------------------
l1tex__data_pipe_lsu_wavefronts_mem_shared_op_ld.sum                   29,621,742       2,065.0 +29,619,677.0       >>>
smsp__warps_issue_stalled_short_scoreboard.avg             warp         177,438.1      27,881.6    +149,556.5   +536.4%
l1tex__data_pipe_lsu_wavefronts_mem_shared.sum                         49,330,875    16,427,521 +32,903,354.0   +200.3%
sm__inst_executed_pipe_lsu.avg.pct_of_peak_sustained_elapsed %                 3.45          1.46          +2.0   +136.3%
dram__bytes_read.sum                                       Gbyte    6,040,000,000 2,870,000,000 +3,170,000,000.0   +110.5%
dram__sectors_read.sum                                     sector     188,597,200    89,777,200 +98,820,000.0   +110.1%
dram__throughput.avg.pct_of_peak_sustained_elapsed         %                53.89         31.14         +22.8    +73.1%
smsp__warps_issue_stalled_not_selected.avg                 warp           7,121.8       4,675.2      +2,446.6    +52.3%
smsp__inst_executed.sum                                    inst       103,194,597    71,406,095 +31,788,502.0    +44.5%
smsp__warps_eligible.avg.per_cycle_active                  warp              0.10          0.07        +0.030    +42.9%
lts__t_sector_hit_rate.pct                                 %                50.09         66.23         -16.1    -24.4%
l1tex__data_pipe_lsu_wavefronts_mem_shared_op_st.sum                   18,208,858    15,165,494  +3,043,364.0    +20.1%
smsp__warps_issue_stalled_wait.avg                         warp         387,401.4     334,173.9     +53,227.5    +15.9%
lts__t_sectors_op_read.sum                                 sector     667,072,537   590,936,063 +76,136,474.0    +12.9%
smsp__warps_issue_stalled_math_pipe_throttle.avg           warp           2,629.0       2,335.1        +293.8    +12.6%
lts__t_sectors.sum                                         sector     735,146,313   658,877,728 +76,268,585.0    +11.6%
smsp__warps_issue_stalled_long_scoreboard.avg              warp         2,117,656     2,382,905    -265,248.3    -11.1%
l1tex__throughput.avg.pct_of_peak_sustained_elapsed        %                51.80         47.90          +3.9     +8.1%
smsp__warps_issue_stalled_sleeping.avg                     warp          20,218.8      21,948.3      -1,729.5     -7.9%
sm__mio_pq_read_cycles_active.avg.pct_of_peak_sustained_elapsed %                 5.99          5.60        +0.390     +7.0%
sm__mio_pq_write_cycles_active.avg.pct_of_peak_sustained_elapsed %                 5.98          5.60        +0.380     +6.8%
lts__throughput.avg.pct_of_peak_sustained_elapsed          %                72.46         69.08          +3.4     +4.9%
smsp__warps_issue_stalled_barrier.avg                      warp         270,975.6     277,648.2      -6,672.6     -2.4%
smsp__cycles_active.avg                                    cycle        1,841,230     1,871,242     -30,012.1     -1.6%
dram__bytes_write.sum                                      Mbyte    1,420,000,000 1,400,000,000 +20,000,000.0     +1.4%

========================================================================================================================
fc2 zigzag pk=p: gemm - strip  (output store cost)
  A = fc2_zigzag_p_gemm,  B = fc2_zigzag_p_strip   (positive delta% = A higher than B)
========================================================================================================================
Metric                                                     Unit                 A             B          Diff     Diff%
-----------------------------------------------------------------------------------------------------------------------
l1tex__data_pipe_lsu_wavefronts_mem_shared_op_st.sum                   15,165,494       2,473.0 +15,163,021.0 +613142.8%
l1tex__data_pipe_lsu_wavefronts_mem_shared.sum                         16,427,521      86,960.0 +16,340,561.0 +18790.9%
dram__sectors_write.sum                                    sector      43,870,672     286,776.0 +43,583,896.0 +15197.9%
dram__bytes_write.sum                                      Mbyte    1,400,000,000     9,180,000 +1,390,820,000.0 +15150.5%
lts__t_sectors_op_write.sum                                sector      67,511,689     669,676.0 +66,842,013.0  +9981.2%
sm__inst_executed_pipe_lsu.avg.pct_of_peak_sustained_elapsed %                 1.46          0.09          +1.4  +1522.2%
smsp__warps_issue_stalled_short_scoreboard.avg             warp          27,881.6       2,865.8     +25,015.8   +872.9%
smsp__warps_issue_stalled_math_pipe_throttle.avg           warp           2,335.1         281.4      +2,053.8   +729.9%
smsp__warps_issue_stalled_not_selected.avg                 warp           4,675.2         830.1      +3,845.0   +463.2%
sm__mio_pq_write_cycles_active.avg.pct_of_peak_sustained_elapsed %                 5.60          1.66          +3.9   +237.3%
sm__mio_pq_read_cycles_active.avg.pct_of_peak_sustained_elapsed %                 5.60          1.66          +3.9   +237.3%
smsp__warps_issue_stalled_sleeping.avg                     warp          21,948.3      10,511.5     +11,436.9   +108.8%
launch__registers_per_thread                               register/thread         116.0         56.00         +60.0   +107.1%
smsp__warps_eligible.avg.per_cycle_active                  warp              0.07          0.04        +0.030    +75.0%
smsp__inst_executed.sum                                    inst        71,406,095    46,142,968 +25,263,127.0    +54.7%
dram__bytes_read.sum                                       Gbyte    2,870,000,000 3,920,000,000 -1,050,000,000.0    -26.8%
dram__sectors_read.sum                                     sector      89,777,200   122,375,232 -32,598,032.0    -26.6%
smsp__warps_issue_stalled_barrier.avg                      warp         277,648.2     223,956.8     +53,691.5    +24.0%
smsp__warps_issue_stalled_wait.avg                         warp         334,173.9     271,758.9     +62,415.0    +23.0%
lts__t_sectors.sum                                         sector     658,877,728   550,854,433 +108,023,295.0    +19.6%
lts__throughput.avg.pct_of_peak_sustained_elapsed          %                69.08         60.29          +8.8    +14.6%
lts__t_sector_hit_rate.pct                                 %                66.23         61.57          +4.7     +7.6%
lts__t_sectors_op_read.sum                                 sector     590,936,063   549,891,135 +41,044,928.0     +7.5%
dram__throughput.avg.pct_of_peak_sustained_elapsed         %                31.14         29.13          +2.0     +6.9%
smsp__warps_issue_stalled_long_scoreboard.avg              warp         2,382,905     2,500,100    -117,195.5     -4.7%

========================================================================================================================
fc2 zorder pk=p: fused - gemm  (residual load + bias mul cost)
  A = fc2_zorder_p_fused,  B = fc2_zorder_p_gemm   (positive delta% = A higher than B)
========================================================================================================================
Metric                                                     Unit                 A             B          Diff     Diff%
-----------------------------------------------------------------------------------------------------------------------
l1tex__data_pipe_lsu_wavefronts_mem_shared_op_ld.sum                   28,613,190       2,009.0 +28,611,181.0       >>>
smsp__warps_issue_stalled_short_scoreboard.avg             warp         178,323.5      30,650.7    +147,672.8   +481.8%
l1tex__data_pipe_lsu_wavefronts_mem_shared.sum                         49,556,884    18,682,643 +30,874,241.0   +165.3%
sm__inst_executed_pipe_lsu.avg.pct_of_peak_sustained_elapsed %                 3.43          1.45          +2.0   +136.6%
dram__bytes_read.sum                                       Gbyte    5,950,000,000 3,080,000,000 +2,870,000,000.0    +93.2%
dram__sectors_read.sum                                     sector     186,009,616    96,346,856 +89,662,760.0    +93.1%
smsp__warps_issue_stalled_not_selected.avg                 warp           7,531.4       4,551.1      +2,980.4    +65.5%
dram__throughput.avg.pct_of_peak_sustained_elapsed         %                53.33         32.43         +20.9    +64.4%
smsp__warps_eligible.avg.per_cycle_active                  warp              0.10          0.07        +0.030    +42.9%
smsp__inst_executed.sum                                    inst       109,154,067    76,836,633 +32,317,434.0    +42.1%
lts__t_sector_hit_rate.pct                                 %                50.27         63.79         -13.5    -21.2%
smsp__warps_issue_stalled_wait.avg                         warp         422,387.4     368,328.0     +54,059.5    +14.7%
l1tex__data_pipe_lsu_wavefronts_mem_shared_op_st.sum                   19,747,532    17,492,006  +2,255,526.0    +12.9%
smsp__warps_issue_stalled_long_scoreboard.avg              warp         2,016,959     2,308,636    -291,677.0    -12.6%
lts__t_sectors_op_read.sum                                 sector     676,300,303   606,601,443 +69,698,860.0    +11.5%
lts__t_sectors.sum                                         sector     744,340,761   674,523,235 +69,817,526.0    +10.4%
l1tex__throughput.avg.pct_of_peak_sustained_elapsed        %                51.50         47.44          +4.1     +8.6%
smsp__warps_issue_stalled_math_pipe_throttle.avg           warp           2,704.4       2,498.9        +205.4     +8.2%
sm__mio_pq_write_cycles_active.avg.pct_of_peak_sustained_elapsed %                 5.96          5.52        +0.440     +8.0%
sm__mio_pq_read_cycles_active.avg.pct_of_peak_sustained_elapsed %                 5.96          5.53        +0.430     +7.8%
lts__throughput.avg.pct_of_peak_sustained_elapsed          %                72.85         68.24          +4.6     +6.8%
smsp__warps_issue_stalled_sleeping.avg                     warp          17,572.4      18,433.9        -861.6     -4.7%
smsp__cycles_active.avg                                    cycle        1,840,544     1,858,050     -17,506.0     -0.9%
launch__registers_per_thread                               register/thread         117.0         116.0          +1.0     +0.9%
dram__sectors_write.sum                                    sector      44,425,944    44,046,864    +379,080.0     +0.9%

========================================================================================================================
fc2 zorder pk=p: gemm - strip  (output store cost)
  A = fc2_zorder_p_gemm,  B = fc2_zorder_p_strip   (positive delta% = A higher than B)
========================================================================================================================
Metric                                                     Unit                 A             B          Diff     Diff%
-----------------------------------------------------------------------------------------------------------------------
l1tex__data_pipe_lsu_wavefronts_mem_shared_op_st.sum                   17,492,006       2,522.0 +17,489,484.0 +693476.8%
l1tex__data_pipe_lsu_wavefronts_mem_shared.sum                         18,682,643     106,216.0 +18,576,427.0 +17489.3%
dram__bytes_write.sum                                      Mbyte    1,410,000,000    10,490,000 +1,399,510,000.0 +13341.4%
dram__sectors_write.sum                                    sector      44,046,864     327,800.0 +43,719,064.0 +13337.1%
lts__t_sectors_op_write.sum                                sector      67,507,580     667,175.0 +66,840,405.0 +10018.4%
sm__inst_executed_pipe_lsu.avg.pct_of_peak_sustained_elapsed %                 1.45          0.09          +1.4  +1511.1%
smsp__warps_issue_stalled_math_pipe_throttle.avg           warp           2,498.9         408.1      +2,090.8   +512.3%
smsp__warps_issue_stalled_not_selected.avg                 warp           4,551.1       1,097.6      +3,453.4   +314.6%
smsp__warps_issue_stalled_short_scoreboard.avg             warp          30,650.7       8,149.9     +22,500.8   +276.1%
sm__mio_pq_read_cycles_active.avg.pct_of_peak_sustained_elapsed %                 5.53          1.76          +3.8   +214.2%
sm__mio_pq_write_cycles_active.avg.pct_of_peak_sustained_elapsed %                 5.52          1.76          +3.8   +213.6%
launch__registers_per_thread                               register/thread         116.0         56.00         +60.0   +107.1%
smsp__warps_issue_stalled_sleeping.avg                     warp          18,433.9       9,891.6      +8,542.4    +86.4%
smsp__inst_executed.sum                                    inst        76,836,633    48,965,239 +27,871,394.0    +56.9%
smsp__warps_eligible.avg.per_cycle_active                  warp              0.07          0.05        +0.020    +40.0%
smsp__warps_issue_stalled_wait.avg                         warp         368,328.0     290,084.3     +78,243.6    +27.0%
dram__bytes_read.sum                                       Gbyte    3,080,000,000 4,090,000,000 -1,010,000,000.0    -24.7%
dram__sectors_read.sum                                     sector      96,346,856   127,790,920 -31,444,064.0    -24.6%
lts__t_sectors.sum                                         sector     674,523,235   546,791,893 +127,731,342.0    +23.4%
smsp__warps_issue_stalled_barrier.avg                      warp         266,442.5     220,942.0     +45,500.5    +20.6%
lts__t_sectors_op_read.sum                                 sector     606,601,443   545,867,721 +60,733,722.0    +11.1%
lts__throughput.avg.pct_of_peak_sustained_elapsed          %                68.24         62.25          +6.0     +9.6%
dram__throughput.avg.pct_of_peak_sustained_elapsed         %                32.43         30.35          +2.1     +6.9%
smsp__warps_issue_stalled_long_scoreboard.avg              warp         2,308,636     2,463,228    -154,592.0     -6.3%
lts__t_sector_hit_rate.pct                                 %                63.79         60.26          +3.5     +5.9%

########################################################################################################################
# BASELINE COMPARISONS (cutlass / cublas vs best w3 per layer+mode)
########################################################################################################################

========================================================================================================================
cublas_fc1_gemm vs fc1_default_p_gemm
  A = fc1_default_p_gemm,  B = cublas_fc1_gemm   (positive delta% = A higher than B)
========================================================================================================================
Metric                                                     Unit                 A             B          Diff     Diff%
-----------------------------------------------------------------------------------------------------------------------
smsp__warps_issue_stalled_sleeping.avg                     warp         134,048.1         240.9    +133,807.2 +55533.2%
smsp__warps_issue_stalled_mio_throttle.avg                 warp             11.00      18,905.3     -18,894.3    -99.9%
l1tex__data_pipe_lsu_wavefronts_mem_shared_op_ld.sum                      1,857.0     1,754,180  -1,752,323.0    -99.9%
smsp__warps_issue_stalled_barrier.avg                      warp         495,043.3     257,003.5    +238,039.8    +92.6%
smsp__warps_issue_stalled_math_pipe_throttle.avg           warp           5,254.1      61,179.8     -55,925.8    -91.4%
smsp__warps_issue_stalled_short_scoreboard.avg             warp         101,783.1     608,715.1    -506,932.0    -83.3%
dram__sectors_read.sum                                     sector      40,957,048    23,098,520 +17,858,528.0    +77.3%
dram__bytes_read.sum                                       Gbyte    1,310,000,000   739,150,000 +570,850,000.0    +77.2%
launch__registers_per_thread                               register/thread         108.0         255.0        -147.0    -57.6%
smsp__warps_issue_stalled_long_scoreboard.avg              warp         2,980,197     1,944,718  +1,035,479.4    +53.2%
smsp__warps_issue_stalled_not_selected.avg                 warp          10,062.0      21,321.1     -11,259.1    -52.8%
smsp__warps_eligible.avg.per_cycle_active                  warp              0.09          0.18        -0.090    -50.0%
l1tex__data_pipe_lsu_wavefronts_mem_shared_op_st.sum                   45,280,444    82,426,152 -37,145,708.0    -45.1%
l1tex__data_pipe_lsu_wavefronts_mem_shared.sum                         49,934,137    87,991,281 -38,057,144.0    -43.3%
smsp__warps_issue_stalled_wait.avg                         warp         620,788.9     436,699.5    +184,089.4    +42.2%
smsp__inst_executed.sum                                    inst       160,649,578   255,618,271 -94,968,693.0    -37.2%
lts__throughput.avg.pct_of_peak_sustained_elapsed          %                43.72         59.43         -15.7    -26.4%
smsp__cycles_active.avg                                    cycle        3,216,079     2,558,238    +657,841.8    +25.7%
l1tex__throughput.avg.pct_of_peak_sustained_elapsed        %                51.22         68.45         -17.2    -25.2%
sm__pipe_shared_cycles_active.avg.pct_of_peak_sustained_elapsed %                54.46         70.43         -16.0    -22.7%
sm__throughput.avg.pct_of_peak_sustained_elapsed           %                58.65         75.83         -17.2    -22.7%
sm__mio_pq_read_cycles_active.avg.pct_of_peak_sustained_elapsed %                10.41         12.45          -2.0    -16.4%
sm__inst_executed_pipe_lsu.avg.pct_of_peak_sustained_elapsed %                 3.28          3.92        -0.640    -16.3%
sm__mio_pq_write_cycles_active.avg.pct_of_peak_sustained_elapsed %                10.41         12.43          -2.0    -16.3%
dram__throughput.avg.pct_of_peak_sustained_elapsed         %                29.59         34.60          -5.0    -14.5%

========================================================================================================================
cublas_fc2_gemm vs fc2_default_p_gemm
  A = fc2_default_p_gemm,  B = cublas_fc2_gemm   (positive delta% = A higher than B)
========================================================================================================================
Metric                                                     Unit                 A             B          Diff     Diff%
-----------------------------------------------------------------------------------------------------------------------
smsp__warps_issue_stalled_sleeping.avg                     warp          24,222.7         228.8     +23,993.9 +10488.7%
smsp__warps_issue_stalled_barrier.avg                      warp         280,893.5      64,524.6    +216,368.9   +335.3%
l1tex__data_pipe_lsu_wavefronts_mem_shared_op_ld.sum                      2,010.0     443,568.0    -441,558.0    -99.5%
smsp__warps_issue_stalled_mio_throttle.avg                 warp             17.62       3,569.9      -3,552.2    -99.5%
smsp__warps_issue_stalled_math_pipe_throttle.avg           warp           2,353.5      27,997.7     -25,644.2    -91.6%
smsp__warps_issue_stalled_short_scoreboard.avg             warp          26,375.1     205,676.3    -179,301.2    -87.2%
smsp__warps_issue_stalled_wait.avg                         warp         332,145.2     188,325.3    +143,819.9    +76.4%
launch__registers_per_thread                               register/thread         111.0         255.0        -144.0    -56.5%
dram__bytes_read.sum                                       Gbyte    4,160,000,000 2,940,000,000 +1,220,000,000.0    +41.5%
dram__sectors_read.sum                                     sector     129,862,416    92,018,336 +37,844,080.0    +41.1%
dram__throughput.avg.pct_of_peak_sustained_elapsed         %                38.39         30.27          +8.1    +26.8%
smsp__inst_executed.sum                                    inst        70,331,114    89,718,443 -19,387,329.0    -21.6%
sm__warps_active.avg.per_cycle_active                      warp              7.00          6.00          +1.0    +16.7%
sm__mio_pq_write_cycles_active.avg.pct_of_peak_sustained_elapsed %                 5.31          4.59        +0.720    +15.7%
sm__mio_pq_read_cycles_active.avg.pct_of_peak_sustained_elapsed %                 5.31          4.60        +0.710    +15.4%
l1tex__throughput.avg.pct_of_peak_sustained_elapsed        %                45.19         52.02          -6.8    -13.1%
smsp__warps_issue_stalled_not_selected.avg                 warp           4,206.7       4,839.3        -632.6    -13.1%
smsp__warps_eligible.avg.per_cycle_active                  warp              0.07          0.08        -0.010    -12.5%
sm__inst_executed_pipe_lsu.avg.pct_of_peak_sustained_elapsed %                 1.38          1.28        +0.100     +7.8%
smsp__warps_issue_stalled_long_scoreboard.avg              warp         2,421,937     2,257,609    +164,327.8     +7.3%
lts__t_sectors_op_read.sum                                 sector     615,036,433   582,720,618 +32,315,815.0     +5.5%
lts__t_sectors.sum                                         sector     683,033,990   650,240,836 +32,793,154.0     +5.0%
lts__t_sector_hit_rate.pct                                 %                58.20         61.25          -3.0     -5.0%
lts__throughput.avg.pct_of_peak_sustained_elapsed          %                65.27         62.93          +2.3     +3.7%
smsp__cycles_active.avg                                    cycle        1,892,436     1,958,262     -65,825.9     -3.4%

========================================================================================================================
cutlass_fc2_fused vs fc2_default_p_fused
  A = fc2_default_p_fused,  B = cutlass_fc2_fused   (positive delta% = A higher than B)
========================================================================================================================
Metric                                                     Unit                 A             B          Diff     Diff%
-----------------------------------------------------------------------------------------------------------------------
smsp__warps_issue_stalled_sleeping.avg                     warp          20,952.3          0.00     +20,952.3       >>>
smsp__warps_issue_stalled_barrier.avg                      warp         271,656.3      31,728.6    +239,927.7   +756.2%
smsp__warps_issue_stalled_mio_throttle.avg                 warp             17.61       3,777.7      -3,760.0    -99.5%
smsp__warps_issue_stalled_not_selected.avg                 warp           6,697.8      21,918.9     -15,221.2    -69.4%
smsp__warps_issue_stalled_wait.avg                         warp         384,327.8     228,153.0    +156,174.8    +68.5%
dram__bytes_read.sum                                       Gbyte    6,790,000,000 4,280,000,000 +2,510,000,000.0    +58.6%
dram__sectors_read.sum                                     sector     212,173,000   133,747,408 +78,425,592.0    +58.6%
launch__registers_per_thread                               register/thread         126.0         252.0        -126.0    -50.0%
dram__throughput.avg.pct_of_peak_sustained_elapsed         %                57.47         40.11         +17.4    +43.3%
smsp__inst_executed.sum                                    inst       101,843,853   163,087,574 -61,243,721.0    -37.6%
sm__inst_executed_pipe_lsu.avg.pct_of_peak_sustained_elapsed %                 3.31          5.17          -1.9    -36.0%
smsp__warps_eligible.avg.per_cycle_active                  warp              0.10          0.15        -0.050    -33.3%
smsp__warps_issue_stalled_short_scoreboard.avg             warp         168,700.8     133,556.9     +35,143.9    +26.3%
l1tex__data_pipe_lsu_wavefronts_mem_shared_op_ld.sum                   27,943,932    37,572,434  -9,628,502.0    -25.6%
smsp__warps_issue_stalled_long_scoreboard.avg              warp         2,117,224     2,703,140    -585,915.5    -21.7%
lts__t_sector_hit_rate.pct                                 %                45.85         57.65         -11.8    -20.5%
l1tex__data_pipe_lsu_wavefronts_mem_shared.sum                         48,470,271    60,199,413 -11,729,142.0    -19.5%
smsp__warps_issue_stalled_math_pipe_throttle.avg           warp           2,214.4       2,580.1        -365.7    -14.2%
sm__mio_pq_write_cycles_active.avg.pct_of_peak_sustained_elapsed %                 5.75          5.11        +0.640    +12.5%
sm__mio_pq_read_cycles_active.avg.pct_of_peak_sustained_elapsed %                 5.75          5.12        +0.630    +12.3%
lts__t_sectors_op_read.sum                                 sector     673,397,167   617,154,425 +56,242,742.0     +9.1%
l1tex__throughput.avg.pct_of_peak_sustained_elapsed        %                49.69         54.29          -4.6     -8.5%
lts__t_sectors.sum                                         sector     741,578,731   684,422,545 +57,156,186.0     +8.4%
sm__warps_active.avg.per_cycle_active                      warp              7.00          7.50        -0.500     -6.7%
lts__throughput.avg.pct_of_peak_sustained_elapsed          %                70.73         67.81          +2.9     +4.3%

========================================================================================================================
cutlass_fc2_strip vs fc2_default_p_strip
  A = fc2_default_p_strip,  B = cutlass_fc2_strip   (positive delta% = A higher than B)
========================================================================================================================
Metric                                                     Unit                 A             B          Diff     Diff%
-----------------------------------------------------------------------------------------------------------------------
smsp__warps_issue_stalled_sleeping.avg                     warp          12,895.8          0.00     +12,895.8       >>>
smsp__warps_issue_stalled_barrier.avg                      warp         224,642.6      93,205.4    +131,437.2   +141.0%
l1tex__data_pipe_lsu_wavefronts_mem_shared_op_st.sum                      2,430.0    16,642,021 -16,639,591.0   -100.0%
l1tex__data_pipe_lsu_wavefronts_mem_shared.sum                           87,884.0    20,140,205 -20,052,321.0    -99.6%
l1tex__data_pipe_lsu_wavefronts_mem_shared_op_ld.sum                      2,014.0     423,531.0    -421,517.0    -99.5%
smsp__warps_issue_stalled_mio_throttle.avg                 warp             17.67       2,176.1      -2,158.4    -99.2%
dram__bytes_write.sum                                      Mbyte       11,650,000 1,400,000,000 -1,388,350,000.0    -99.2%
dram__sectors_write.sum                                    sector       364,080.0    43,735,328 -43,371,248.0    -99.2%
lts__t_sectors_op_write.sum                                sector       679,759.0    66,846,405 -66,166,646.0    -99.0%
smsp__warps_issue_stalled_not_selected.avg                 warp             629.5      25,958.4     -25,328.9    -97.6%
sm__inst_executed_pipe_lsu.avg.pct_of_peak_sustained_elapsed %                 0.09          2.08          -2.0    -95.7%
smsp__warps_issue_stalled_short_scoreboard.avg             warp           2,308.1      30,338.4     -28,030.3    -92.4%
smsp__warps_issue_stalled_wait.avg                         warp         263,584.4     140,956.4    +122,628.0    +87.0%
dram__bytes_read.sum                                       Gbyte    5,090,000,000 2,850,000,000 +2,240,000,000.0    +78.6%
dram__sectors_read.sum                                     sector     159,179,336    89,205,136 +69,974,200.0    +78.4%
launch__registers_per_thread                               register/thread         48.00         186.0        -138.0    -74.2%
smsp__warps_eligible.avg.per_cycle_active                  warp              0.04          0.14        -0.100    -71.4%
smsp__inst_executed.sum                                    inst        44,057,266   141,729,604 -97,672,338.0    -68.9%
sm__mio_pq_read_cycles_active.avg.pct_of_peak_sustained_elapsed %                 1.61          4.69          -3.1    -65.7%
sm__mio_pq_write_cycles_active.avg.pct_of_peak_sustained_elapsed %                 1.61          4.68          -3.1    -65.6%
smsp__warps_issue_stalled_math_pipe_throttle.avg           warp             236.1         556.7        -320.7    -57.6%
dram__throughput.avg.pct_of_peak_sustained_elapsed         %                36.64         30.43          +6.2    +20.4%
lts__t_sectors.sum                                         sector     538,871,658   636,139,843 -97,268,185.0    -15.3%
lts__t_sector_hit_rate.pct                                 %                54.81         63.33          -8.5    -13.5%
l1tex__throughput.avg.pct_of_peak_sustained_elapsed        %                47.17         52.39          -5.2    -10.0%

========================================================================================================================
STALL BREAKDOWN (per variant, sorted)
========================================================================================================================

  cublas_fc1_gemm:
    long_scoreboard               1,944,717.7  ( 58.1%) █████████████████████████████
    short_scoreboard                608,715.1  ( 18.2%) █████████
    wait                            436,699.5  ( 13.0%) ██████
    barrier                         257,003.5  (  7.7%) ███
    math_pipe_throttle               61,179.8  (  1.8%) 
    not_selected                     21,321.1  (  0.6%) 
    mio_throttle                     18,905.3  (  0.6%) 
    sleeping                            240.9  (  0.0%) 
    TOTAL                         3,348,783.0

  cublas_fc2_gemm:
    long_scoreboard               2,257,608.9  ( 82.0%) █████████████████████████████████████████
    short_scoreboard                205,676.3  (  7.5%) ███
    wait                            188,325.3  (  6.8%) ███
    barrier                          64,524.6  (  2.3%) █
    math_pipe_throttle               27,997.7  (  1.0%) 
    not_selected                      4,839.3  (  0.2%) 
    mio_throttle                      3,569.9  (  0.1%) 
    sleeping                            228.8  (  0.0%) 
    TOTAL                         2,752,770.7

  cutlass_fc2_fused:
    long_scoreboard               2,703,139.7  ( 86.5%) ███████████████████████████████████████████
    wait                            228,153.0  (  7.3%) ███
    short_scoreboard                133,556.9  (  4.3%) ██
    barrier                          31,728.6  (  1.0%) 
    not_selected                     21,918.9  (  0.7%) 
    mio_throttle                      3,777.7  (  0.1%) 
    math_pipe_throttle                2,580.1  (  0.1%) 
    sleeping                              0.0  (  0.0%) 
    TOTAL                         3,124,854.9

  cutlass_fc2_strip:
    long_scoreboard               2,412,125.2  ( 89.2%) ████████████████████████████████████████████
    wait                            140,956.4  (  5.2%) ██
    barrier                          93,205.4  (  3.4%) █
    short_scoreboard                 30,338.4  (  1.1%) 
    not_selected                     25,958.4  (  1.0%) 
    mio_throttle                      2,176.1  (  0.1%) 
    math_pipe_throttle                  556.7  (  0.0%) 
    sleeping                              0.0  (  0.0%) 
    TOTAL                         2,705,316.6

  fc1_default_p_fused:
    long_scoreboard               1,168,904.4  ( 32.9%) ████████████████
    wait                          1,126,523.0  ( 31.7%) ███████████████
    barrier                         556,050.8  ( 15.7%) ███████
    short_scoreboard                393,562.2  ( 11.1%) █████
    sleeping                        140,501.0  (  4.0%) █
    not_selected                    124,075.1  (  3.5%) █
    math_pipe_throttle               39,110.6  (  1.1%) 
    mio_throttle                        443.0  (  0.0%) 
    TOTAL                         3,549,170.2

  fc1_default_p_gemm:
    long_scoreboard               2,980,197.1  ( 68.6%) ██████████████████████████████████
    wait                            620,788.9  ( 14.3%) ███████
    barrier                         495,043.3  ( 11.4%) █████
    sleeping                        134,048.1  (  3.1%) █
    short_scoreboard                101,783.1  (  2.3%) █
    not_selected                     10,062.0  (  0.2%) 
    math_pipe_throttle                5,254.1  (  0.1%) 
    mio_throttle                         11.0  (  0.0%) 
    TOTAL                         4,347,187.6

  fc1_default_p_strip:
    long_scoreboard               2,815,795.1  ( 79.2%) ███████████████████████████████████████
    wait                            340,959.4  (  9.6%) ████
    barrier                         303,650.4  (  8.5%) ████
    sleeping                         93,750.4  (  2.6%) █
    not_selected                      1,424.3  (  0.0%) 
    short_scoreboard                    744.1  (  0.0%) 
    math_pipe_throttle                  244.7  (  0.0%) 
    mio_throttle                         11.0  (  0.0%) 
    TOTAL                         3,556,579.5

  fc1_dgswizzle_p_fused:
    wait                          1,191,094.1  ( 33.0%) ████████████████
    long_scoreboard               1,155,568.1  ( 32.0%) ███████████████
    barrier                         556,494.4  ( 15.4%) ███████
    short_scoreboard                408,546.3  ( 11.3%) █████
    sleeping                        141,590.7  (  3.9%) █
    not_selected                    127,823.3  (  3.5%) █
    math_pipe_throttle               30,849.6  (  0.9%) 
    mio_throttle                      1,221.3  (  0.0%) 
    TOTAL                         3,613,187.7

  fc1_dgswizzle_p_gemm:
    long_scoreboard               2,397,426.5  ( 62.6%) ███████████████████████████████
    wait                            676,745.1  ( 17.7%) ████████
    barrier                         517,009.7  ( 13.5%) ██████
    short_scoreboard                117,885.2  (  3.1%) █
    sleeping                         97,152.8  (  2.5%) █
    not_selected                     12,735.3  (  0.3%) 
    math_pipe_throttle                7,751.7  (  0.2%) 
    mio_throttle                         11.0  (  0.0%) 
    TOTAL                         3,826,717.1

  fc1_dgswizzle_p_strip:
    long_scoreboard               2,638,931.3  ( 76.3%) ██████████████████████████████████████
    wait                            427,195.0  ( 12.3%) ██████
    barrier                         286,375.5  (  8.3%) ████
    sleeping                         66,485.8  (  1.9%) 
    short_scoreboard                 37,333.8  (  1.1%) 
    not_selected                      2,145.0  (  0.1%) 
    math_pipe_throttle                  608.6  (  0.0%) 
    mio_throttle                         26.7  (  0.0%) 
    TOTAL                         3,459,101.8

  fc1_hilbert_p_fused:
    long_scoreboard               1,387,473.3  ( 34.8%) █████████████████
    wait                          1,294,722.0  ( 32.4%) ████████████████
    barrier                         604,242.8  ( 15.1%) ███████
    short_scoreboard                379,452.4  (  9.5%) ████
    sleeping                        160,239.0  (  4.0%) ██
    not_selected                    128,642.6  (  3.2%) █
    math_pipe_throttle               36,538.2  (  0.9%) 
    mio_throttle                        542.7  (  0.0%) 
    TOTAL                         3,991,853.0

  fc1_hilbert_p_gemm:
    long_scoreboard               2,342,248.7  ( 61.2%) ██████████████████████████████
    wait                            773,334.8  ( 20.2%) ██████████
    barrier                         488,226.5  ( 12.8%) ██████
    short_scoreboard                104,649.3  (  2.7%) █
    sleeping                         95,962.0  (  2.5%) █
    not_selected                     14,564.3  (  0.4%) 
    math_pipe_throttle                6,879.7  (  0.2%) 
    mio_throttle                      2,733.7  (  0.1%) 
    TOTAL                         3,828,599.0

  fc1_hilbert_p_strip:
    long_scoreboard               2,781,926.4  ( 77.1%) ██████████████████████████████████████
    wait                            443,098.6  ( 12.3%) ██████
    barrier                         300,326.8  (  8.3%) ████
    sleeping                         77,923.2  (  2.2%) █
    not_selected                      3,280.4  (  0.1%) 
    math_pipe_throttle                1,096.8  (  0.0%) 
    short_scoreboard                    728.2  (  0.0%) 
    mio_throttle                         11.0  (  0.0%) 
    TOTAL                         3,608,391.4

  fc1_lean_p_fused:
    long_scoreboard               2,432,399.2  ( 54.3%) ███████████████████████████
    wait                          1,201,619.4  ( 26.8%) █████████████
    short_scoreboard                433,255.9  (  9.7%) ████
    not_selected                    142,185.1  (  3.2%) █
    barrier                         113,867.0  (  2.5%) █
    sleeping                        105,484.4  (  2.4%) █
    math_pipe_throttle               46,698.0  (  1.0%) 
    mio_throttle                      1,288.5  (  0.0%) 
    TOTAL                         4,476,797.4

  fc1_lean_p_gemm:
    long_scoreboard               3,726,626.3  ( 78.7%) ███████████████████████████████████████
    wait                            695,599.0  ( 14.7%) ███████
    short_scoreboard                149,025.4  (  3.1%) █
    barrier                          86,396.5  (  1.8%) 
    sleeping                         59,040.3  (  1.2%) 
    not_selected                     11,303.3  (  0.2%) 
    math_pipe_throttle                4,764.2  (  0.1%) 
    mio_throttle                         17.5  (  0.0%) 
    TOTAL                         4,732,772.5

  fc1_lean_p_strip:
    long_scoreboard               3,542,305.2  ( 87.3%) ███████████████████████████████████████████
    wait                            425,615.8  ( 10.5%) █████
    sleeping                         43,397.3  (  1.1%) 
    short_scoreboard                 40,753.7  (  1.0%) 
    barrier                           1,999.9  (  0.0%) 
    not_selected                      1,986.6  (  0.0%) 
    math_pipe_throttle                  329.0  (  0.0%) 
    mio_throttle                         17.9  (  0.0%) 
    TOTAL                         4,056,405.5

  fc1_ncycle_p_fused:
    long_scoreboard               1,169,488.9  ( 33.2%) ████████████████
    wait                          1,127,821.7  ( 32.0%) ████████████████
    barrier                         544,903.9  ( 15.5%) ███████
    short_scoreboard                383,046.0  ( 10.9%) █████
    sleeping                        136,322.5  (  3.9%) █
    not_selected                    120,839.7  (  3.4%) █
    math_pipe_throttle               41,504.1  (  1.2%) 
    mio_throttle                        474.5  (  0.0%) 
    TOTAL                         3,524,401.5

  fc1_ncycle_p_gemm:
    long_scoreboard               3,028,887.8  ( 68.6%) ██████████████████████████████████
    wait                            626,791.1  ( 14.2%) ███████
    barrier                         500,506.5  ( 11.3%) █████
    sleeping                        136,178.4  (  3.1%) █
    short_scoreboard                106,934.4  (  2.4%) █
    not_selected                     11,532.6  (  0.3%) 
    math_pipe_throttle                4,345.2  (  0.1%) 
    mio_throttle                         11.0  (  0.0%) 
    TOTAL                         4,415,187.0

  fc1_ncycle_p_strip:
    long_scoreboard               2,676,863.0  ( 78.4%) ███████████████████████████████████████
    wait                            366,646.5  ( 10.7%) █████
    barrier                         290,023.1  (  8.5%) ████
    sleeping                         79,182.0  (  2.3%) █
    not_selected                      1,698.7  (  0.0%) 
    short_scoreboard                    745.8  (  0.0%) 
    math_pipe_throttle                  526.1  (  0.0%) 
    mio_throttle                         11.0  (  0.0%) 
    TOTAL                         3,415,696.2

  fc1_nflat_p_fused:
    long_scoreboard               1,157,304.3  ( 32.9%) ████████████████
    wait                          1,145,381.2  ( 32.5%) ████████████████
    barrier                         549,069.5  ( 15.6%) ███████
    short_scoreboard                381,000.5  ( 10.8%) █████
    sleeping                        134,117.8  (  3.8%) █
    not_selected                    132,690.8  (  3.8%) █
    math_pipe_throttle               19,166.0  (  0.5%) 
    mio_throttle                        484.5  (  0.0%) 
    TOTAL                         3,519,214.6

  fc1_nflat_p_gemm:
    long_scoreboard               2,709,502.2  ( 67.1%) █████████████████████████████████
    wait                            636,225.2  ( 15.8%) ███████
    barrier                         474,912.9  ( 11.8%) █████
    sleeping                        102,591.1  (  2.5%) █
    short_scoreboard                 99,244.1  (  2.5%) █
    not_selected                     11,193.0  (  0.3%) 
    math_pipe_throttle                4,224.3  (  0.1%) 
    mio_throttle                         11.0  (  0.0%) 
    TOTAL                         4,037,903.8

  fc1_nflat_p_strip:
    long_scoreboard               2,640,759.8  ( 77.8%) ██████████████████████████████████████
    wait                            389,128.0  ( 11.5%) █████
    barrier                         286,377.6  (  8.4%) ████
    sleeping                         73,533.5  (  2.2%) █
    not_selected                      2,569.7  (  0.1%) 
    short_scoreboard                    727.9  (  0.0%) 
    math_pipe_throttle                  668.2  (  0.0%) 
    mio_throttle                         11.0  (  0.0%) 
    TOTAL                         3,393,775.8

  fc1_nsnake_p_fused:
    long_scoreboard               1,157,492.8  ( 33.0%) ████████████████
    wait                          1,122,681.7  ( 32.0%) ███████████████
    barrier                         543,096.4  ( 15.5%) ███████
    short_scoreboard                386,606.7  ( 11.0%) █████
    not_selected                    133,022.8  (  3.8%) █
    sleeping                        132,371.3  (  3.8%) █
    math_pipe_throttle               34,644.8  (  1.0%) 
    mio_throttle                        433.1  (  0.0%) 
    TOTAL                         3,510,349.6

  fc1_nsnake_p_gemm:
    long_scoreboard               3,042,875.3  ( 69.0%) ██████████████████████████████████
    wait                            626,882.4  ( 14.2%) ███████
    barrier                         480,001.5  ( 10.9%) █████
    sleeping                        135,925.0  (  3.1%) █
    short_scoreboard                106,586.8  (  2.4%) █
    not_selected                     10,232.5  (  0.2%) 
    math_pipe_throttle                4,433.0  (  0.1%) 
    mio_throttle                         11.0  (  0.0%) 
    TOTAL                         4,406,947.6

  fc1_nsnake_p_strip:
    long_scoreboard               2,668,990.5  ( 78.3%) ███████████████████████████████████████
    wait                            368,485.2  ( 10.8%) █████
    barrier                         289,149.2  (  8.5%) ████
    sleeping                         78,276.8  (  2.3%) █
    not_selected                      1,865.3  (  0.1%) 
    short_scoreboard                    873.9  (  0.0%) 
    math_pipe_throttle                  392.5  (  0.0%) 
    mio_throttle                         11.0  (  0.0%) 
    TOTAL                         3,408,044.3

  fc1_rowmajor_p_fused:
    long_scoreboard               1,177,372.6  ( 33.2%) ████████████████
    wait                          1,140,812.2  ( 32.2%) ████████████████
    barrier                         549,700.2  ( 15.5%) ███████
    short_scoreboard                390,866.7  ( 11.0%) █████
    sleeping                        139,463.4  (  3.9%) █
    not_selected                    115,867.9  (  3.3%) █
    math_pipe_throttle               26,581.1  (  0.8%) 
    mio_throttle                        476.7  (  0.0%) 
    TOTAL                         3,541,140.7

  fc1_rowmajor_p_gemm:
    long_scoreboard               2,748,584.7  ( 67.2%) █████████████████████████████████
    wait                            617,048.9  ( 15.1%) ███████
    barrier                         482,292.5  ( 11.8%) █████
    sleeping                        113,359.4  (  2.8%) █
    short_scoreboard                111,070.4  (  2.7%) █
    not_selected                     11,898.2  (  0.3%) 
    math_pipe_throttle                4,340.5  (  0.1%) 
    mio_throttle                         11.0  (  0.0%) 
    TOTAL                         4,088,605.5

  fc1_rowmajor_p_strip:
    long_scoreboard               2,781,124.5  ( 79.0%) ███████████████████████████████████████
    wait                            346,353.2  (  9.8%) ████
    barrier                         300,384.9  (  8.5%) ████
    sleeping                         90,150.4  (  2.6%) █
    not_selected                      1,335.4  (  0.0%) 
    short_scoreboard                    723.8  (  0.0%) 
    math_pipe_throttle                  234.6  (  0.0%) 
    mio_throttle                         11.0  (  0.0%) 
    TOTAL                         3,520,317.8

  fc1_sched_p_fused:
    long_scoreboard               2,496,561.9  ( 55.3%) ███████████████████████████
    wait                          1,197,895.5  ( 26.6%) █████████████
    short_scoreboard                403,187.0  (  8.9%) ████
    not_selected                    139,694.9  (  3.1%) █
    barrier                         120,116.6  (  2.7%) █
    sleeping                        103,704.4  (  2.3%) █
    math_pipe_throttle               48,587.4  (  1.1%) 
    mio_throttle                      1,286.2  (  0.0%) 
    TOTAL                         4,511,033.8

  fc1_sched_p_gemm:
    long_scoreboard               3,769,419.5  ( 78.6%) ███████████████████████████████████████
    wait                            690,742.5  ( 14.4%) ███████
    short_scoreboard                132,349.6  (  2.8%) █
    barrier                         118,571.3  (  2.5%) █
    sleeping                         64,796.9  (  1.4%) 
    not_selected                     12,142.5  (  0.3%) 
    math_pipe_throttle                6,215.6  (  0.1%) 
    mio_throttle                         17.6  (  0.0%) 
    TOTAL                         4,794,255.6

  fc1_sched_p_strip:
    long_scoreboard               3,528,430.1  ( 87.8%) ███████████████████████████████████████████
    wait                            419,821.5  ( 10.4%) █████
    sleeping                         43,939.3  (  1.1%) 
    short_scoreboard                 23,326.5  (  0.6%) 
    not_selected                      2,173.7  (  0.1%) 
    barrier                           1,642.4  (  0.0%) 
    math_pipe_throttle                  671.9  (  0.0%) 
    mio_throttle                         17.8  (  0.0%) 
    TOTAL                         4,020,023.3

  fc1_zigzag_p_fused:
    long_scoreboard               1,173,605.7  ( 33.3%) ████████████████
    wait                          1,122,605.9  ( 31.8%) ███████████████
    barrier                         546,581.1  ( 15.5%) ███████
    short_scoreboard                384,101.7  ( 10.9%) █████
    sleeping                        139,930.4  (  4.0%) █
    not_selected                    116,500.3  (  3.3%) █
    math_pipe_throttle               42,231.3  (  1.2%) 
    mio_throttle                        548.5  (  0.0%) 
    TOTAL                         3,526,105.0

  fc1_zigzag_p_gemm:
    long_scoreboard               2,771,486.3  ( 67.8%) █████████████████████████████████
    wait                            627,270.5  ( 15.4%) ███████
    barrier                         450,792.3  ( 11.0%) █████
    sleeping                        113,099.3  (  2.8%) █
    short_scoreboard                106,093.4  (  2.6%) █
    not_selected                     11,866.1  (  0.3%) 
    math_pipe_throttle                4,608.8  (  0.1%) 
    mio_throttle                         11.0  (  0.0%) 
    TOTAL                         4,085,227.8

  fc1_zigzag_p_strip:
    long_scoreboard               2,759,344.3  ( 78.5%) ███████████████████████████████████████
    wait                            367,818.3  ( 10.5%) █████
    barrier                         298,152.6  (  8.5%) ████
    sleeping                         86,412.7  (  2.5%) █
    not_selected                      1,432.1  (  0.0%) 
    short_scoreboard                    727.9  (  0.0%) 
    math_pipe_throttle                  280.2  (  0.0%) 
    mio_throttle                         11.0  (  0.0%) 
    TOTAL                         3,514,179.0

  fc1_zorder_p_fused:
    wait                          1,201,694.9  ( 34.0%) ████████████████
    long_scoreboard               1,149,856.9  ( 32.5%) ████████████████
    barrier                         545,151.9  ( 15.4%) ███████
    short_scoreboard                349,760.4  (  9.9%) ████
    sleeping                        130,734.2  (  3.7%) █
    not_selected                    122,295.0  (  3.5%) █
    math_pipe_throttle               36,938.2  (  1.0%) 
    mio_throttle                        989.2  (  0.0%) 
    TOTAL                         3,537,420.6

  fc1_zorder_p_gemm:
    long_scoreboard               2,610,193.9  ( 65.7%) ████████████████████████████████
    wait                            663,996.9  ( 16.7%) ████████
    barrier                         470,790.4  ( 11.8%) █████
    short_scoreboard                107,578.2  (  2.7%) █
    sleeping                        103,158.6  (  2.6%) █
    not_selected                     12,392.4  (  0.3%) 
    math_pipe_throttle                6,783.3  (  0.2%) 
    mio_throttle                         11.0  (  0.0%) 
    TOTAL                         3,974,904.8

  fc1_zorder_p_strip:
    long_scoreboard               2,702,426.0  ( 77.9%) ██████████████████████████████████████
    wait                            393,042.1  ( 11.3%) █████
    barrier                         292,676.8  (  8.4%) ████
    sleeping                         79,495.4  (  2.3%) █
    not_selected                      1,982.8  (  0.1%) 
    short_scoreboard                    713.7  (  0.0%) 
    math_pipe_throttle                  499.5  (  0.0%) 
    mio_throttle                         11.0  (  0.0%) 
    TOTAL                         3,470,847.2

  fc2_default_p_fused:
    long_scoreboard               2,117,224.2  ( 71.2%) ███████████████████████████████████
    wait                            384,327.8  ( 12.9%) ██████
    barrier                         271,656.3  (  9.1%) ████
    short_scoreboard                168,700.8  (  5.7%) ██
    sleeping                         20,952.3  (  0.7%) 
    not_selected                      6,697.8  (  0.2%) 
    math_pipe_throttle                2,214.4  (  0.1%) 
    mio_throttle                         17.6  (  0.0%) 
    TOTAL                         2,971,791.1

  fc2_default_p_gemm:
    long_scoreboard               2,421,936.6  ( 78.3%) ███████████████████████████████████████
    wait                            332,145.2  ( 10.7%) █████
    barrier                         280,893.5  (  9.1%) ████
    short_scoreboard                 26,375.1  (  0.9%) 
    sleeping                         24,222.7  (  0.8%) 
    not_selected                      4,206.7  (  0.1%) 
    math_pipe_throttle                2,353.5  (  0.1%) 
    mio_throttle                         17.6  (  0.0%) 
    TOTAL                         3,092,150.9

  fc2_default_p_strip:
    long_scoreboard               2,509,841.1  ( 83.3%) █████████████████████████████████████████
    wait                            263,584.4  (  8.7%) ████
    barrier                         224,642.6  (  7.5%) ███
    sleeping                         12,895.8  (  0.4%) 
    short_scoreboard                  2,308.1  (  0.1%) 
    not_selected                        629.5  (  0.0%) 
    math_pipe_throttle                  236.1  (  0.0%) 
    mio_throttle                         17.7  (  0.0%) 
    TOTAL                         3,014,155.2

  fc2_dgswizzle_p_fused:
    long_scoreboard               2,023,479.8  ( 69.6%) ██████████████████████████████████
    wait                            401,027.4  ( 13.8%) ██████
    barrier                         267,308.7  (  9.2%) ████
    short_scoreboard                187,957.9  (  6.5%) ███
    sleeping                         18,741.3  (  0.6%) 
    not_selected                      7,772.5  (  0.3%) 
    math_pipe_throttle                2,858.3  (  0.1%) 
    mio_throttle                         17.8  (  0.0%) 
    TOTAL                         2,909,163.7

  fc2_dgswizzle_p_gemm:
    long_scoreboard               2,363,070.5  ( 77.6%) ██████████████████████████████████████
    wait                            344,419.5  ( 11.3%) █████
    barrier                         278,366.4  (  9.1%) ████
    short_scoreboard                 31,237.2  (  1.0%) 
    sleeping                         21,649.8  (  0.7%) 
    not_selected                      4,159.0  (  0.1%) 
    math_pipe_throttle                2,109.5  (  0.1%) 
    mio_throttle                         17.6  (  0.0%) 
    TOTAL                         3,045,029.5

  fc2_dgswizzle_p_strip:
    long_scoreboard               2,457,695.8  ( 82.1%) █████████████████████████████████████████
    wait                            286,687.4  (  9.6%) ████
    barrier                         220,890.7  (  7.4%) ███
    short_scoreboard                 14,956.4  (  0.5%) 
    sleeping                         10,364.4  (  0.3%) 
    not_selected                      1,486.0  (  0.0%) 
    math_pipe_throttle                  494.5  (  0.0%) 
    mio_throttle                         42.5  (  0.0%) 
    TOTAL                         2,992,617.7

  fc2_hilbert_p_fused:
    long_scoreboard               2,051,897.2  ( 69.6%) ██████████████████████████████████
    wait                            418,656.4  ( 14.2%) ███████
    barrier                         268,695.7  (  9.1%) ████
    short_scoreboard                179,142.7  (  6.1%) ███
    sleeping                         17,126.2  (  0.6%) 
    not_selected                      8,962.2  (  0.3%) 
    math_pipe_throttle                3,743.1  (  0.1%) 
    mio_throttle                         67.3  (  0.0%) 
    TOTAL                         2,948,290.9

  fc2_hilbert_p_gemm:
    long_scoreboard               2,348,436.1  ( 77.4%) ██████████████████████████████████████
    wait                            365,667.7  ( 12.1%) ██████
    barrier                         257,355.9  (  8.5%) ████
    short_scoreboard                 33,065.9  (  1.1%) 
    sleeping                         20,283.6  (  0.7%) 
    not_selected                      4,913.8  (  0.2%) 
    math_pipe_throttle                2,491.9  (  0.1%) 
    mio_throttle                         21.2  (  0.0%) 
    TOTAL                         3,032,236.2

  fc2_hilbert_p_strip:
    long_scoreboard               2,470,657.7  ( 82.4%) █████████████████████████████████████████
    wait                            288,841.9  (  9.6%) ████
    barrier                         221,186.1  (  7.4%) ███
    sleeping                         12,046.6  (  0.4%) 
    not_selected                      2,203.7  (  0.1%) 
    short_scoreboard                  1,478.9  (  0.0%) 
    math_pipe_throttle                  782.4  (  0.0%) 
    mio_throttle                         17.6  (  0.0%) 
    TOTAL                         2,997,215.0

  fc2_lean_p_fused:
    long_scoreboard               2,661,670.1  ( 79.7%) ███████████████████████████████████████
    wait                            403,953.8  ( 12.1%) ██████
    short_scoreboard                216,935.8  (  6.5%) ███
    barrier                          43,803.4  (  1.3%) 
    not_selected                      7,168.6  (  0.2%) 
    sleeping                          3,578.2  (  0.1%) 
    math_pipe_throttle                2,325.0  (  0.1%) 
    mio_throttle                         23.5  (  0.0%) 
    TOTAL                         3,339,458.3

  fc2_lean_p_gemm:
    long_scoreboard               2,983,042.2  ( 86.4%) ███████████████████████████████████████████
    wait                            357,684.0  ( 10.4%) █████
    short_scoreboard                 55,590.3  (  1.6%) 
    barrier                          44,809.8  (  1.3%) 
    sleeping                          5,682.4  (  0.2%) 
    not_selected                      4,188.2  (  0.1%) 
    math_pipe_throttle                2,183.0  (  0.1%) 
    mio_throttle                         24.5  (  0.0%) 
    TOTAL                         3,453,204.4

  fc2_lean_p_strip:
    long_scoreboard               3,072,113.7  ( 90.4%) █████████████████████████████████████████████
    wait                            290,879.7  (  8.6%) ████
    short_scoreboard                 29,955.5  (  0.9%) 
    barrier                           2,723.4  (  0.1%) 
    sleeping                          1,016.1  (  0.0%) 
    not_selected                        822.0  (  0.0%) 
    math_pipe_throttle                  219.4  (  0.0%) 
    mio_throttle                         24.1  (  0.0%) 
    TOTAL                         3,397,753.8

  fc2_ncycle_p_fused:
    long_scoreboard               2,081,313.8  ( 70.6%) ███████████████████████████████████
    wait                            386,613.8  ( 13.1%) ██████
    barrier                         269,249.7  (  9.1%) ████
    short_scoreboard                180,972.6  (  6.1%) ███
    sleeping                         20,376.8  (  0.7%) 
    not_selected                      7,203.5  (  0.2%) 
    math_pipe_throttle                2,586.7  (  0.1%) 
    mio_throttle                         17.7  (  0.0%) 
    TOTAL                         2,948,334.5

  fc2_ncycle_p_gemm:
    long_scoreboard               2,392,755.1  ( 78.1%) ███████████████████████████████████████
    wait                            334,124.6  ( 10.9%) █████
    barrier                         277,873.1  (  9.1%) ████
    short_scoreboard                 28,194.0  (  0.9%) 
    sleeping                         22,888.6  (  0.7%) 
    not_selected                      4,725.1  (  0.2%) 
    math_pipe_throttle                2,528.7  (  0.1%) 
    mio_throttle                         17.6  (  0.0%) 
    TOTAL                         3,063,106.9

  fc2_ncycle_p_strip:
    long_scoreboard               2,496,546.7  ( 83.0%) █████████████████████████████████████████
    wait                            273,276.6  (  9.1%) ████
    barrier                         223,873.8  (  7.4%) ███
    sleeping                          9,678.4  (  0.3%) 
    short_scoreboard                  3,839.1  (  0.1%) 
    not_selected                      1,254.2  (  0.0%) 
    math_pipe_throttle                  719.4  (  0.0%) 
    mio_throttle                         17.7  (  0.0%) 
    TOTAL                         3,009,205.8

  fc2_nflat_p_fused:
    long_scoreboard               2,071,100.1  ( 70.4%) ███████████████████████████████████
    wait                            391,565.6  ( 13.3%) ██████
    barrier                         269,641.5  (  9.2%) ████
    short_scoreboard                180,778.4  (  6.1%) ███
    sleeping                         20,198.0  (  0.7%) 
    not_selected                      7,483.0  (  0.3%) 
    math_pipe_throttle                2,851.9  (  0.1%) 
    mio_throttle                         17.8  (  0.0%) 
    TOTAL                         2,943,636.3

  fc2_nflat_p_gemm:
    long_scoreboard               2,386,265.8  ( 78.1%) ███████████████████████████████████████
    wait                            334,664.4  ( 11.0%) █████
    barrier                         277,311.4  (  9.1%) ████
    short_scoreboard                 27,317.9  (  0.9%) 
    sleeping                         23,302.5  (  0.8%) 
    not_selected                      4,789.2  (  0.2%) 
    math_pipe_throttle                2,622.3  (  0.1%) 
    mio_throttle                         17.7  (  0.0%) 
    TOTAL                         3,056,291.3

  fc2_nflat_p_strip:
    long_scoreboard               2,487,222.3  ( 82.8%) █████████████████████████████████████████
    wait                            277,607.9  (  9.2%) ████
    barrier                         223,143.6  (  7.4%) ███
    sleeping                          9,396.0  (  0.3%) 
    short_scoreboard                  3,281.0  (  0.1%) 
    not_selected                      1,538.1  (  0.1%) 
    math_pipe_throttle                  967.5  (  0.0%) 
    mio_throttle                         17.7  (  0.0%) 
    TOTAL                         3,003,174.2

  fc2_nsnake_p_fused:
    long_scoreboard               2,075,706.9  ( 70.5%) ███████████████████████████████████
    wait                            387,947.8  ( 13.2%) ██████
    barrier                         269,100.0  (  9.1%) ████
    short_scoreboard                181,344.1  (  6.2%) ███
    sleeping                         20,109.7  (  0.7%) 
    not_selected                      7,297.6  (  0.2%) 
    math_pipe_throttle                2,693.4  (  0.1%) 
    mio_throttle                         17.7  (  0.0%) 
    TOTAL                         2,944,217.2

  fc2_nsnake_p_gemm:
    long_scoreboard               2,390,148.1  ( 78.1%) ███████████████████████████████████████
    wait                            334,021.8  ( 10.9%) █████
    barrier                         277,935.3  (  9.1%) ████
    short_scoreboard                 27,360.1  (  0.9%) 
    sleeping                         23,357.1  (  0.8%) 
    not_selected                      5,208.9  (  0.2%) 
    math_pipe_throttle                2,760.1  (  0.1%) 
    mio_throttle                         17.6  (  0.0%) 
    TOTAL                         3,060,809.0

  fc2_nsnake_p_strip:
    long_scoreboard               2,495,299.9  ( 82.9%) █████████████████████████████████████████
    wait                            274,101.0  (  9.1%) ████
    barrier                         223,776.0  (  7.4%) ███
    sleeping                          9,470.4  (  0.3%) 
    short_scoreboard                  3,975.2  (  0.1%) 
    not_selected                      1,251.1  (  0.0%) 
    math_pipe_throttle                  725.8  (  0.0%) 
    mio_throttle                         17.6  (  0.0%) 
    TOTAL                         3,008,617.1

  fc2_rowmajor_p_fused:
    long_scoreboard               2,120,153.3  ( 71.2%) ███████████████████████████████████
    wait                            382,712.8  ( 12.9%) ██████
    barrier                         270,653.3  (  9.1%) ████
    short_scoreboard                173,765.5  (  5.8%) ██
    sleeping                         20,376.4  (  0.7%) 
    not_selected                      7,193.0  (  0.2%) 
    math_pipe_throttle                2,575.5  (  0.1%) 
    mio_throttle                         17.8  (  0.0%) 
    TOTAL                         2,977,447.5

  fc2_rowmajor_p_gemm:
    long_scoreboard               2,385,687.1  ( 78.1%) ███████████████████████████████████████
    wait                            331,666.3  ( 10.9%) █████
    barrier                         278,111.1  (  9.1%) ████
    short_scoreboard                 28,916.4  (  0.9%) 
    sleeping                         21,956.4  (  0.7%) 
    not_selected                      4,478.4  (  0.1%) 
    math_pipe_throttle                2,344.3  (  0.1%) 
    mio_throttle                         17.6  (  0.0%) 
    TOTAL                         3,053,177.5

  fc2_rowmajor_p_strip:
    long_scoreboard               2,509,869.6  ( 83.3%) █████████████████████████████████████████
    wait                            265,607.1  (  8.8%) ████
    barrier                         224,658.1  (  7.5%) ███
    sleeping                         11,100.8  (  0.4%) 
    short_scoreboard                  2,583.2  (  0.1%) 
    not_selected                        598.4  (  0.0%) 
    math_pipe_throttle                  190.1  (  0.0%) 
    mio_throttle                         17.7  (  0.0%) 
    TOTAL                         3,014,625.0

  fc2_rowsteal_p_fused:
    long_scoreboard               2,758,379.5  ( 80.8%) ████████████████████████████████████████
    wait                            395,332.6  ( 11.6%) █████
    short_scoreboard                200,824.8  (  5.9%) ██
    barrier                          45,002.6  (  1.3%) 
    not_selected                      7,392.2  (  0.2%) 
    sleeping                          4,864.7  (  0.1%) 
    math_pipe_throttle                2,364.5  (  0.1%) 
    mio_throttle                         24.2  (  0.0%) 
    TOTAL                         3,414,185.1

  fc2_rowsteal_p_gemm:
    long_scoreboard               3,064,280.3  ( 87.4%) ███████████████████████████████████████████
    wait                            346,523.5  (  9.9%) ████
    short_scoreboard                 42,242.5  (  1.2%) 
    barrier                          36,855.0  (  1.1%) 
    sleeping                          7,617.4  (  0.2%) 
    not_selected                      5,388.3  (  0.2%) 
    math_pipe_throttle                3,157.6  (  0.1%) 
    mio_throttle                         23.2  (  0.0%) 
    TOTAL                         3,506,087.8

  fc2_rowsteal_p_strip:
    long_scoreboard               3,125,561.7  ( 91.1%) █████████████████████████████████████████████
    wait                            284,071.1  (  8.3%) ████
    short_scoreboard                 15,678.2  (  0.5%) 
    barrier                           2,485.8  (  0.1%) 
    not_selected                        966.1  (  0.0%) 
    sleeping                            749.4  (  0.0%) 
    math_pipe_throttle                  316.3  (  0.0%) 
    mio_throttle                         23.1  (  0.0%) 
    TOTAL                         3,429,851.6

  fc2_sched_p_fused:
    long_scoreboard               2,659,540.5  ( 80.1%) ████████████████████████████████████████
    wait                            400,536.5  ( 12.1%) ██████
    short_scoreboard                203,239.8  (  6.1%) ███
    barrier                          44,525.2  (  1.3%) 
    not_selected                      7,445.1  (  0.2%) 
    sleeping                          3,693.0  (  0.1%) 
    math_pipe_throttle                2,365.7  (  0.1%) 
    mio_throttle                         24.4  (  0.0%) 
    TOTAL                         3,321,370.1

  fc2_sched_p_gemm:
    long_scoreboard               3,014,187.1  ( 86.8%) ███████████████████████████████████████████
    wait                            352,003.1  ( 10.1%) █████
    short_scoreboard                 46,008.2  (  1.3%) 
    barrier                          43,417.3  (  1.3%) 
    sleeping                          7,029.1  (  0.2%) 
    not_selected                      5,677.2  (  0.2%) 
    math_pipe_throttle                3,265.3  (  0.1%) 
    mio_throttle                         23.0  (  0.0%) 
    TOTAL                         3,471,610.3

  fc2_sched_p_strip:
    long_scoreboard               3,083,045.1  ( 90.8%) █████████████████████████████████████████████
    wait                            289,472.1  (  8.5%) ████
    short_scoreboard                 16,529.5  (  0.5%) 
    barrier                           2,442.0  (  0.1%) 
    sleeping                          1,028.6  (  0.0%) 
    not_selected                        934.8  (  0.0%) 
    math_pipe_throttle                  310.0  (  0.0%) 
    mio_throttle                         23.6  (  0.0%) 
    TOTAL                         3,393,785.8

  fc2_tail_lean_p_fused:
    long_scoreboard               2,714,761.1  ( 80.1%) ████████████████████████████████████████
    wait                            402,975.4  ( 11.9%) █████
    short_scoreboard                213,274.2  (  6.3%) ███
    barrier                          44,182.3  (  1.3%) 
    not_selected                      7,178.3  (  0.2%) 
    sleeping                          4,847.8  (  0.1%) 
    math_pipe_throttle                2,330.3  (  0.1%) 
    mio_throttle                         23.2  (  0.0%) 
    TOTAL                         3,389,572.6

  fc2_tail_lean_p_gemm:
    long_scoreboard               2,989,216.9  ( 86.5%) ███████████████████████████████████████████
    wait                            356,446.8  ( 10.3%) █████
    short_scoreboard                 51,744.9  (  1.5%) 
    barrier                          44,735.2  (  1.3%) 
    sleeping                          5,961.0  (  0.2%) 
    not_selected                      4,025.0  (  0.1%) 
    math_pipe_throttle                2,088.8  (  0.1%) 
    mio_throttle                         23.6  (  0.0%) 
    TOTAL                         3,454,242.3

  fc2_tail_lean_p_strip:
    long_scoreboard               3,080,561.4  ( 90.5%) █████████████████████████████████████████████
    wait                            289,533.8  (  8.5%) ████
    short_scoreboard                 27,427.6  (  0.8%) 
    barrier                           2,760.0  (  0.1%) 
    sleeping                            816.9  (  0.0%) 
    not_selected                        793.1  (  0.0%) 
    math_pipe_throttle                  212.7  (  0.0%) 
    mio_throttle                         23.9  (  0.0%) 
    TOTAL                         3,402,129.6

  fc2_tail_p_fused:
    long_scoreboard               2,744,000.1  ( 80.6%) ████████████████████████████████████████
    wait                            399,637.0  ( 11.7%) █████
    short_scoreboard                201,144.3  (  5.9%) ██
    barrier                          43,931.7  (  1.3%) 
    not_selected                      7,335.5  (  0.2%) 
    sleeping                          4,902.1  (  0.1%) 
    math_pipe_throttle                2,329.8  (  0.1%) 
    mio_throttle                         24.9  (  0.0%) 
    TOTAL                         3,403,305.4

  fc2_tail_p_gemm:
    long_scoreboard               3,030,804.8  ( 87.1%) ███████████████████████████████████████████
    wait                            350,443.4  ( 10.1%) █████
    short_scoreboard                 41,119.2  (  1.2%) 
    barrier                          41,098.2  (  1.2%) 
    sleeping                          7,264.9  (  0.2%) 
    not_selected                      5,378.8  (  0.2%) 
    math_pipe_throttle                3,219.0  (  0.1%) 
    mio_throttle                         23.6  (  0.0%) 
    TOTAL                         3,479,351.8

  fc2_tail_p_strip:
    long_scoreboard               3,090,926.2  ( 90.9%) █████████████████████████████████████████████
    wait                            288,224.5  (  8.5%) ████
    short_scoreboard                 15,184.6  (  0.4%) 
    barrier                           2,328.7  (  0.1%) 
    not_selected                        995.1  (  0.0%) 
    sleeping                            877.9  (  0.0%) 
    math_pipe_throttle                  295.4  (  0.0%) 
    mio_throttle                         23.5  (  0.0%) 
    TOTAL                         3,398,855.9

  fc2_zigzag_p_fused:
    long_scoreboard               2,117,656.3  ( 71.0%) ███████████████████████████████████
    wait                            387,401.4  ( 13.0%) ██████
    barrier                         270,975.6  (  9.1%) ████
    short_scoreboard                177,438.1  (  5.9%) ██
    sleeping                         20,218.8  (  0.7%) 
    not_selected                      7,121.8  (  0.2%) 
    math_pipe_throttle                2,629.0  (  0.1%) 
    mio_throttle                         17.7  (  0.0%) 
    TOTAL                         2,983,458.6

  fc2_zigzag_p_gemm:
    long_scoreboard               2,382,904.6  ( 78.1%) ███████████████████████████████████████
    wait                            334,173.9  ( 11.0%) █████
    barrier                         277,648.2  (  9.1%) ████
    short_scoreboard                 27,881.6  (  0.9%) 
    sleeping                         21,948.3  (  0.7%) 
    not_selected                      4,675.2  (  0.2%) 
    math_pipe_throttle                2,335.1  (  0.1%) 
    mio_throttle                         17.6  (  0.0%) 
    TOTAL                         3,051,584.6

  fc2_zigzag_p_strip:
    long_scoreboard               2,500,100.1  ( 83.1%) █████████████████████████████████████████
    wait                            271,758.9  (  9.0%) ████
    barrier                         223,956.8  (  7.4%) ███
    sleeping                         10,511.5  (  0.3%) 
    short_scoreboard                  2,865.8  (  0.1%) 
    not_selected                        830.1  (  0.0%) 
    math_pipe_throttle                  281.4  (  0.0%) 
    mio_throttle                         17.6  (  0.0%) 
    TOTAL                         3,010,322.2

  fc2_zorder_p_fused:
    long_scoreboard               2,016,959.2  ( 69.3%) ██████████████████████████████████
    wait                            422,387.4  ( 14.5%) ███████
    barrier                         266,499.4  (  9.2%) ████
    short_scoreboard                178,323.5  (  6.1%) ███
    sleeping                         17,572.4  (  0.6%) 
    not_selected                      7,531.4  (  0.3%) 
    math_pipe_throttle                2,704.4  (  0.1%) 
    mio_throttle                         17.7  (  0.0%) 
    TOTAL                         2,911,995.5

  fc2_zorder_p_gemm:
    long_scoreboard               2,308,636.2  ( 77.0%) ██████████████████████████████████████
    wait                            368,328.0  ( 12.3%) ██████
    barrier                         266,442.5  (  8.9%) ████
    short_scoreboard                 30,650.7  (  1.0%) 
    sleeping                         18,433.9  (  0.6%) 
    not_selected                      4,551.1  (  0.2%) 
    math_pipe_throttle                2,498.9  (  0.1%) 
    mio_throttle                         17.6  (  0.0%) 
    TOTAL                         2,999,558.9

  fc2_zorder_p_strip:
    long_scoreboard               2,463,228.2  ( 82.3%) █████████████████████████████████████████
    wait                            290,084.3  (  9.7%) ████
    barrier                         220,942.0  (  7.4%) ███
    sleeping                          9,891.6  (  0.3%) 
    short_scoreboard                  8,149.9  (  0.3%) 
    not_selected                      1,097.6  (  0.0%) 
    math_pipe_throttle                  408.1  (  0.0%) 
    mio_throttle                         17.6  (  0.0%) 
    TOTAL                         2,993,819.3

========================================================================================================================
FUSED − STRIP STALL DELTA  (what the epilogue adds, per triple)
========================================================================================================================
stall                         default/fc1/p dgswizzle/fc1/  hilbert/fc1/p     lean/fc1/p   ncycle/fc1/p    nflat/fc1/p   nsnake/fc1/p rowmajor/fc1/p    sched/fc1/p   zigzag/fc1/p   zorder/fc1/p  default/fc2/p dgswizzle/fc2/  hilbert/fc2/p     lean/fc2/p   ncycle/fc2/p    nflat/fc2/p   nsnake/fc2/p rowmajor/fc2/p rowsteal/fc2/p    sched/fc2/p     tail/fc2/p tail_lean/fc2/   zigzag/fc2/p   zorder/fc2/p
------------------------------------------------------------------------------------------------------------------------------------------------------------------------------------
barrier                            +252,400       +270,119       +303,916       +111,867       +254,881       +262,692       +253,947       +249,315       +118,474       +248,429       +252,475        +47,014        +46,418        +47,510        +41,080        +45,376        +46,498        +45,324        +45,995        +42,517        +42,083        +41,603        +41,422        +47,019        +45,557
long_scoreboard                  -1,646,891     -1,483,363     -1,394,453     -1,109,906     -1,507,374     -1,483,456     -1,511,498     -1,603,752     -1,031,868     -1,585,739     -1,552,569       -392,617       -434,216       -418,761       -410,444       -415,233       -416,122       -419,593       -389,716       -367,182       -423,505       -346,926       -365,800       -382,444       -446,269
math_pipe_throttle                  +38,866        +30,241        +35,441        +46,369        +40,978        +18,498        +34,252        +26,347        +47,916        +41,951        +36,439         +1,978         +2,364         +2,961         +2,106         +1,867         +1,884         +1,968         +2,385         +2,048         +2,056         +2,034         +2,118         +2,348         +2,296
mio_throttle                           +432         +1,195           +532         +1,271           +464           +473           +422           +466         +1,268           +538           +978             -0            -25            +50             -1             +0             +0             +0             +0             +1             +1             +1             -1             +0             +0
not_selected                       +122,651       +125,678       +125,362       +140,198       +119,141       +130,121       +131,157       +114,533       +137,521       +115,068       +120,312         +6,068         +6,286         +6,759         +6,347         +5,949         +5,945         +6,047         +6,595         +6,426         +6,510         +6,340         +6,385         +6,292         +6,434
short_scoreboard                   +392,818       +371,212       +378,724       +392,502       +382,300       +380,273       +385,733       +390,143       +379,860       +383,374       +349,047       +166,393       +173,001       +177,664       +186,980       +177,134       +177,497       +177,369       +171,182       +185,147       +186,710       +185,960       +185,847       +174,572       +170,174
sleeping                            +46,751        +75,105        +82,316        +62,087        +57,141        +60,584        +54,095        +49,313        +59,765        +53,518        +51,239         +8,057         +8,377         +5,080         +2,562        +10,698        +10,802        +10,639         +9,276         +4,115         +2,664         +4,024         +4,031         +9,707         +7,681
wait                               +785,564       +763,899       +851,623       +776,004       +761,175       +756,253       +754,196       +794,459       +778,074       +754,788       +808,653       +120,743       +114,340       +129,814       +113,074       +113,337       +113,958       +113,847       +117,106       +111,262       +111,064       +111,413       +113,442       +115,642       +132,303
