Kernel: fc1_gelu (fc1_gelu.cu)

=== Tier 1: N_STAGES, NUM_EPI_WARPS ===
Sweep: 6 total, 2 valid, 4 pruned
Estimated time: ~0 min (2 configs × ~5s each)

[1/2] -DNUM_EPI_WARPS=5 -DN_STAGES=3 -DK_LOOP_UNROLL=4 ... 2.873 ms / 1524 TFLOPS  (208 regs, 6.2s)
[2/2] -DNUM_EPI_WARPS=5 ... 2.700 ms / 1622 TFLOPS  (242 regs, 6.2s)

Tier 1 winner: -DNUM_EPI_WARPS=5 → 2.700 ms / 1622 TFLOPS

=== Tier 2: INTERLEAVE_STRATEGY, MBAR_EARLY, STAGGER_CYCLES, TMEM_LOAD_WIDTH ===
Sweep: 128 total, 128 valid, 0 pruned
Estimated time: ~11 min (128 configs × ~5s each)

[1/128] -DINTERLEAVE_STRATEGY=0 -DNUM_EPI_WARPS=5 -DSTAGGER_CYCLES=0 ... 2.753 ms / 1591 TFLOPS  (240 regs, 6.2s)
[2/128] -DINTERLEAVE_STRATEGY=0 -DNUM_EPI_WARPS=5 -DSTAGGER_CYCLES=0 -DTMEM_LOAD_WIDTH=64 ... COMPILE_FAIL  (0.4s)
[3/128] -DINTERLEAVE_STRATEGY=0 -DNUM_EPI_WARPS=5 -DSTAGGER_CYCLES=40 ... 2.782 ms / 1574 TFLOPS  (243 regs, 6.3s)
[4/128] -DINTERLEAVE_STRATEGY=0 -DNUM_EPI_WARPS=5 -DSTAGGER_CYCLES=40 -DTMEM_LOAD_WIDTH=64 ... COMPILE_FAIL  (0.4s)
[5/128] -DINTERLEAVE_STRATEGY=0 -DNUM_EPI_WARPS=5 -DSTAGGER_CYCLES=60 ... 2.773 ms / 1579 TFLOPS  (243 regs, 6.3s)
[6/128] -DINTERLEAVE_STRATEGY=0 -DNUM_EPI_WARPS=5 -DSTAGGER_CYCLES=60 -DTMEM_LOAD_WIDTH=64 ... COMPILE_FAIL  (0.4s)
[7/128] -DINTERLEAVE_STRATEGY=0 -DNUM_EPI_WARPS=5 ... 2.768 ms / 1583 TFLOPS  (243 regs, 6.2s)
[8/128] -DINTERLEAVE_STRATEGY=0 -DNUM_EPI_WARPS=5 -DTMEM_LOAD_WIDTH=64 ... COMPILE_FAIL  (0.4s)
[9/128] -DINTERLEAVE_STRATEGY=0 -DNUM_EPI_WARPS=5 -DSTAGGER_CYCLES=100 ... 2.765 ms / 1584 TFLOPS  (243 regs, 6.2s)
[10/128] -DINTERLEAVE_STRATEGY=0 -DNUM_EPI_WARPS=5 -DSTAGGER_CYCLES=100 -DTMEM_LOAD_WIDTH=64 ... COMPILE_FAIL  (0.4s)
[11/128] -DINTERLEAVE_STRATEGY=0 -DNUM_EPI_WARPS=5 -DSTAGGER_CYCLES=120 ... 2.744 ms / 1596 TFLOPS  (243 regs, 6.1s)
[12/128] -DINTERLEAVE_STRATEGY=0 -DNUM_EPI_WARPS=5 -DSTAGGER_CYCLES=120 -DTMEM_LOAD_WIDTH=64 ... COMPILE_FAIL  (0.4s)
[13/128] -DINTERLEAVE_STRATEGY=0 -DNUM_EPI_WARPS=5 -DSTAGGER_CYCLES=160 ... 2.731 ms / 1604 TFLOPS  (243 regs, 6.1s)
[14/128] -DINTERLEAVE_STRATEGY=0 -DNUM_EPI_WARPS=5 -DSTAGGER_CYCLES=160 -DTMEM_LOAD_WIDTH=64 ... COMPILE_FAIL  (0.4s)
[15/128] -DINTERLEAVE_STRATEGY=0 -DNUM_EPI_WARPS=5 -DSTAGGER_CYCLES=200 ... 2.725 ms / 1607 TFLOPS  (243 regs, 6.2s)
[16/128] -DINTERLEAVE_STRATEGY=0 -DNUM_EPI_WARPS=5 -DSTAGGER_CYCLES=200 -DTMEM_LOAD_WIDTH=64 ... COMPILE_FAIL  (0.4s)
[17/128] -DINTERLEAVE_STRATEGY=0 -DMBAR_EARLY=1 -DNUM_EPI_WARPS=5 -DSTAGGER_CYCLES=0 ... 2.667 ms / 1642 TFLOPS  (244 regs, 6.1s)
[18/128] -DINTERLEAVE_STRATEGY=0 -DMBAR_EARLY=1 -DNUM_EPI_WARPS=5 -DSTAGGER_CYCLES=0 -DTMEM_LOAD_WIDTH=64 ... COMPILE_FAIL  (0.4s)
[19/128] -DINTERLEAVE_STRATEGY=0 -DMBAR_EARLY=1 -DNUM_EPI_WARPS=5 -DSTAGGER_CYCLES=40 ... 2.668 ms / 1642 TFLOPS  (243 regs, 6.2s)
[20/128] -DINTERLEAVE_STRATEGY=0 -DMBAR_EARLY=1 -DNUM_EPI_WARPS=5 -DSTAGGER_CYCLES=40 -DTMEM_LOAD_WIDTH=64 ... COMPILE_FAIL  (0.4s)
[21/128] -DINTERLEAVE_STRATEGY=0 -DMBAR_EARLY=1 -DNUM_EPI_WARPS=5 -DSTAGGER_CYCLES=60 ... 2.673 ms / 1639 TFLOPS  (243 regs, 6.0s)
[22/128] -DINTERLEAVE_STRATEGY=0 -DMBAR_EARLY=1 -DNUM_EPI_WARPS=5 -DSTAGGER_CYCLES=60 -DTMEM_LOAD_WIDTH=64 ... COMPILE_FAIL  (0.4s)
[23/128] -DINTERLEAVE_STRATEGY=0 -DMBAR_EARLY=1 -DNUM_EPI_WARPS=5 ... 2.667 ms / 1642 TFLOPS  (243 regs, 6.2s)
[24/128] -DINTERLEAVE_STRATEGY=0 -DMBAR_EARLY=1 -DNUM_EPI_WARPS=5 -DTMEM_LOAD_WIDTH=64 ... COMPILE_FAIL  (0.4s)
[25/128] -DINTERLEAVE_STRATEGY=0 -DMBAR_EARLY=1 -DNUM_EPI_WARPS=5 -DSTAGGER_CYCLES=100 ... 2.668 ms / 1642 TFLOPS  (243 regs, 6.2s)
[26/128] -DINTERLEAVE_STRATEGY=0 -DMBAR_EARLY=1 -DNUM_EPI_WARPS=5 -DSTAGGER_CYCLES=100 -DTMEM_LOAD_WIDTH=64 ... COMPILE_FAIL  (0.4s)
[27/128] -DINTERLEAVE_STRATEGY=0 -DMBAR_EARLY=1 -DNUM_EPI_WARPS=5 -DSTAGGER_CYCLES=120 ... 2.647 ms / 1655 TFLOPS  (243 regs, 6.2s)
[28/128] -DINTERLEAVE_STRATEGY=0 -DMBAR_EARLY=1 -DNUM_EPI_WARPS=5 -DSTAGGER_CYCLES=120 -DTMEM_LOAD_WIDTH=64 ... COMPILE_FAIL  (0.4s)
[29/128] -DINTERLEAVE_STRATEGY=0 -DMBAR_EARLY=1 -DNUM_EPI_WARPS=5 -DSTAGGER_CYCLES=160 ... 2.649 ms / 1653 TFLOPS  (243 regs, 6.2s)
[30/128] -DINTERLEAVE_STRATEGY=0 -DMBAR_EARLY=1 -DNUM_EPI_WARPS=5 -DSTAGGER_CYCLES=160 -DTMEM_LOAD_WIDTH=64 ... COMPILE_FAIL  (0.4s)
[31/128] -DINTERLEAVE_STRATEGY=0 -DMBAR_EARLY=1 -DNUM_EPI_WARPS=5 -DSTAGGER_CYCLES=200 ... 2.652 ms / 1652 TFLOPS  (243 regs, 6.3s)
[32/128] -DINTERLEAVE_STRATEGY=0 -DMBAR_EARLY=1 -DNUM_EPI_WARPS=5 -DSTAGGER_CYCLES=200 -DTMEM_LOAD_WIDTH=64 ... COMPILE_FAIL  (0.4s)
[33/128] -DINTERLEAVE_STRATEGY=1 -DNUM_EPI_WARPS=5 -DSTAGGER_CYCLES=0 ... 2.590 ms / 1691 TFLOPS  (243 regs, 6.2s)
[34/128] -DINTERLEAVE_STRATEGY=1 -DNUM_EPI_WARPS=5 -DSTAGGER_CYCLES=0 -DTMEM_LOAD_WIDTH=64 ... COMPILE_FAIL  (0.4s)
[35/128] -DINTERLEAVE_STRATEGY=1 -DNUM_EPI_WARPS=5 -DSTAGGER_CYCLES=40 ... 2.638 ms / 1660 TFLOPS  (243 regs, 6.0s)
[36/128] -DINTERLEAVE_STRATEGY=1 -DNUM_EPI_WARPS=5 -DSTAGGER_CYCLES=40 -DTMEM_LOAD_WIDTH=64 ... COMPILE_FAIL  (0.4s)
[37/128] -DINTERLEAVE_STRATEGY=1 -DNUM_EPI_WARPS=5 -DSTAGGER_CYCLES=60 ... 2.640 ms / 1659 TFLOPS  (243 regs, 6.3s)
[38/128] -DINTERLEAVE_STRATEGY=1 -DNUM_EPI_WARPS=5 -DSTAGGER_CYCLES=60 -DTMEM_LOAD_WIDTH=64 ... COMPILE_FAIL  (0.4s)
[39/128] -DINTERLEAVE_STRATEGY=1 -DNUM_EPI_WARPS=5 ... 2.634 ms / 1663 TFLOPS  (243 regs, 6.2s)
[40/128] -DINTERLEAVE_STRATEGY=1 -DNUM_EPI_WARPS=5 -DTMEM_LOAD_WIDTH=64 ... COMPILE_FAIL  (0.4s)
[41/128] -DINTERLEAVE_STRATEGY=1 -DNUM_EPI_WARPS=5 -DSTAGGER_CYCLES=100 ... 2.635 ms / 1662 TFLOPS  (243 regs, 6.2s)
[42/128] -DINTERLEAVE_STRATEGY=1 -DNUM_EPI_WARPS=5 -DSTAGGER_CYCLES=100 -DTMEM_LOAD_WIDTH=64 ... COMPILE_FAIL  (0.4s)
[43/128] -DINTERLEAVE_STRATEGY=1 -DNUM_EPI_WARPS=5 -DSTAGGER_CYCLES=120 ... 2.622 ms / 1670 TFLOPS  (243 regs, 6.2s)
[44/128] -DINTERLEAVE_STRATEGY=1 -DNUM_EPI_WARPS=5 -DSTAGGER_CYCLES=120 -DTMEM_LOAD_WIDTH=64 ... COMPILE_FAIL  (0.4s)
[45/128] -DINTERLEAVE_STRATEGY=1 -DNUM_EPI_WARPS=5 -DSTAGGER_CYCLES=160 ... 2.623 ms / 1670 TFLOPS  (243 regs, 6.2s)
[46/128] -DINTERLEAVE_STRATEGY=1 -DNUM_EPI_WARPS=5 -DSTAGGER_CYCLES=160 -DTMEM_LOAD_WIDTH=64 ... COMPILE_FAIL  (0.4s)
[47/128] -DINTERLEAVE_STRATEGY=1 -DNUM_EPI_WARPS=5 -DSTAGGER_CYCLES=200 ... 2.623 ms / 1670 TFLOPS  (243 regs, 6.2s)
[48/128] -DINTERLEAVE_STRATEGY=1 -DNUM_EPI_WARPS=5 -DSTAGGER_CYCLES=200 -DTMEM_LOAD_WIDTH=64 ... COMPILE_FAIL  (0.4s)
[49/128] -DINTERLEAVE_STRATEGY=1 -DMBAR_EARLY=1 -DNUM_EPI_WARPS=5 -DSTAGGER_CYCLES=0 ... 2.527 ms / 1733 TFLOPS  (244 regs, 6.2s)
[50/128] -DINTERLEAVE_STRATEGY=1 -DMBAR_EARLY=1 -DNUM_EPI_WARPS=5 -DSTAGGER_CYCLES=0 -DTMEM_LOAD_WIDTH=64 ... COMPILE_FAIL  (0.4s)
[51/128] -DINTERLEAVE_STRATEGY=1 -DMBAR_EARLY=1 -DNUM_EPI_WARPS=5 -DSTAGGER_CYCLES=40 ... 2.599 ms / 1685 TFLOPS  (245 regs, 6.3s)
[52/128] -DINTERLEAVE_STRATEGY=1 -DMBAR_EARLY=1 -DNUM_EPI_WARPS=5 -DSTAGGER_CYCLES=40 -DTMEM_LOAD_WIDTH=64 ... COMPILE_FAIL  (0.4s)
[53/128] -DINTERLEAVE_STRATEGY=1 -DMBAR_EARLY=1 -DNUM_EPI_WARPS=5 -DSTAGGER_CYCLES=60 ... 2.592 ms / 1690 TFLOPS  (245 regs, 6.2s)
[54/128] -DINTERLEAVE_STRATEGY=1 -DMBAR_EARLY=1 -DNUM_EPI_WARPS=5 -DSTAGGER_CYCLES=60 -DTMEM_LOAD_WIDTH=64 ... COMPILE_FAIL  (0.4s)
[55/128] -DINTERLEAVE_STRATEGY=1 -DMBAR_EARLY=1 -DNUM_EPI_WARPS=5 ... 2.586 ms / 1694 TFLOPS  (245 regs, 6.2s)
[56/128] -DINTERLEAVE_STRATEGY=1 -DMBAR_EARLY=1 -DNUM_EPI_WARPS=5 -DTMEM_LOAD_WIDTH=64 ... COMPILE_FAIL  (0.4s)
[57/128] -DINTERLEAVE_STRATEGY=1 -DMBAR_EARLY=1 -DNUM_EPI_WARPS=5 -DSTAGGER_CYCLES=100 ... 2.587 ms / 1693 TFLOPS  (245 regs, 6.2s)
[58/128] -DINTERLEAVE_STRATEGY=1 -DMBAR_EARLY=1 -DNUM_EPI_WARPS=5 -DSTAGGER_CYCLES=100 -DTMEM_LOAD_WIDTH=64 ... COMPILE_FAIL  (0.4s)
[59/128] -DINTERLEAVE_STRATEGY=1 -DMBAR_EARLY=1 -DNUM_EPI_WARPS=5 -DSTAGGER_CYCLES=120 ... 2.581 ms / 1697 TFLOPS  (245 regs, 6.2s)
[60/128] -DINTERLEAVE_STRATEGY=1 -DMBAR_EARLY=1 -DNUM_EPI_WARPS=5 -DSTAGGER_CYCLES=120 -DTMEM_LOAD_WIDTH=64 ... COMPILE_FAIL  (0.4s)
[61/128] -DINTERLEAVE_STRATEGY=1 -DMBAR_EARLY=1 -DNUM_EPI_WARPS=5 -DSTAGGER_CYCLES=160 ... 2.582 ms / 1696 TFLOPS  (245 regs, 6.2s)
[62/128] -DINTERLEAVE_STRATEGY=1 -DMBAR_EARLY=1 -DNUM_EPI_WARPS=5 -DSTAGGER_CYCLES=160 -DTMEM_LOAD_WIDTH=64 ... COMPILE_FAIL  (0.4s)
[63/128] -DINTERLEAVE_STRATEGY=1 -DMBAR_EARLY=1 -DNUM_EPI_WARPS=5 -DSTAGGER_CYCLES=200 ... 2.582 ms / 1696 TFLOPS  (245 regs, 6.1s)
[64/128] -DINTERLEAVE_STRATEGY=1 -DMBAR_EARLY=1 -DNUM_EPI_WARPS=5 -DSTAGGER_CYCLES=200 -DTMEM_LOAD_WIDTH=64 ... COMPILE_FAIL  (0.4s)
[65/128] -DNUM_EPI_WARPS=5 -DSTAGGER_CYCLES=0 ... 2.694 ms / 1626 TFLOPS  (243 regs, 6.1s)
[66/128] -DNUM_EPI_WARPS=5 -DSTAGGER_CYCLES=0 -DTMEM_LOAD_WIDTH=64 ... COMPILE_FAIL  (0.4s)
[67/128] -DNUM_EPI_WARPS=5 -DSTAGGER_CYCLES=40 ... 2.700 ms / 1622 TFLOPS  (242 regs, 6.2s)
[68/128] -DNUM_EPI_WARPS=5 -DSTAGGER_CYCLES=40 -DTMEM_LOAD_WIDTH=64 ... COMPILE_FAIL  (0.4s)
[69/128] -DNUM_EPI_WARPS=5 -DSTAGGER_CYCLES=60 ... 2.702 ms / 1621 TFLOPS  (242 regs, 6.3s)
[70/128] -DNUM_EPI_WARPS=5 -DSTAGGER_CYCLES=60 -DTMEM_LOAD_WIDTH=64 ... COMPILE_FAIL  (0.4s)
[71/128] -DNUM_EPI_WARPS=5 ... 2.701 ms / 1622 TFLOPS  (242 regs, 6.3s)
[72/128] -DNUM_EPI_WARPS=5 -DTMEM_LOAD_WIDTH=64 ... COMPILE_FAIL  (0.4s)
[73/128] -DNUM_EPI_WARPS=5 -DSTAGGER_CYCLES=100 ... 2.704 ms / 1620 TFLOPS  (242 regs, 6.4s)
[74/128] -DNUM_EPI_WARPS=5 -DSTAGGER_CYCLES=100 -DTMEM_LOAD_WIDTH=64 ... COMPILE_FAIL  (0.4s)
[75/128] -DNUM_EPI_WARPS=5 -DSTAGGER_CYCLES=120 ... 2.712 ms / 1615 TFLOPS  (242 regs, 6.2s)
[76/128] -DNUM_EPI_WARPS=5 -DSTAGGER_CYCLES=120 -DTMEM_LOAD_WIDTH=64 ... COMPILE_FAIL  (0.4s)
[77/128] -DNUM_EPI_WARPS=5 -DSTAGGER_CYCLES=160 ... 2.695 ms / 1625 TFLOPS  (242 regs, 6.3s)
[78/128] -DNUM_EPI_WARPS=5 -DSTAGGER_CYCLES=160 -DTMEM_LOAD_WIDTH=64 ... COMPILE_FAIL  (0.4s)
[79/128] -DNUM_EPI_WARPS=5 -DSTAGGER_CYCLES=200 ... 2.694 ms / 1626 TFLOPS  (242 regs, 6.1s)
[80/128] -DNUM_EPI_WARPS=5 -DSTAGGER_CYCLES=200 -DTMEM_LOAD_WIDTH=64 ... COMPILE_FAIL  (0.4s)
[81/128] -DMBAR_EARLY=1 -DNUM_EPI_WARPS=5 -DSTAGGER_CYCLES=0 ... 2.691 ms / 1628 TFLOPS  (243 regs, 6.2s)
[82/128] -DMBAR_EARLY=1 -DNUM_EPI_WARPS=5 -DSTAGGER_CYCLES=0 -DTMEM_LOAD_WIDTH=64 ... COMPILE_FAIL  (0.4s)
[83/128] -DMBAR_EARLY=1 -DNUM_EPI_WARPS=5 -DSTAGGER_CYCLES=40 ... 2.657 ms / 1648 TFLOPS  (244 regs, 6.0s)
[84/128] -DMBAR_EARLY=1 -DNUM_EPI_WARPS=5 -DSTAGGER_CYCLES=40 -DTMEM_LOAD_WIDTH=64 ... COMPILE_FAIL  (0.4s)
[85/128] -DMBAR_EARLY=1 -DNUM_EPI_WARPS=5 -DSTAGGER_CYCLES=60 ... 2.662 ms / 1645 TFLOPS  (244 regs, 6.3s)
[86/128] -DMBAR_EARLY=1 -DNUM_EPI_WARPS=5 -DSTAGGER_CYCLES=60 -DTMEM_LOAD_WIDTH=64 ... COMPILE_FAIL  (0.4s)
[87/128] -DMBAR_EARLY=1 -DNUM_EPI_WARPS=5 ... 2.665 ms / 1644 TFLOPS  (244 regs, 6.3s)
[88/128] -DMBAR_EARLY=1 -DNUM_EPI_WARPS=5 -DTMEM_LOAD_WIDTH=64 ... COMPILE_FAIL  (0.4s)
[89/128] -DMBAR_EARLY=1 -DNUM_EPI_WARPS=5 -DSTAGGER_CYCLES=100 ... 2.664 ms / 1644 TFLOPS  (244 regs, 6.0s)
[90/128] -DMBAR_EARLY=1 -DNUM_EPI_WARPS=5 -DSTAGGER_CYCLES=100 -DTMEM_LOAD_WIDTH=64 ... COMPILE_FAIL  (0.4s)
[91/128] -DMBAR_EARLY=1 -DNUM_EPI_WARPS=5 -DSTAGGER_CYCLES=120 ... 2.652 ms / 1652 TFLOPS  (244 regs, 6.4s)
[92/128] -DMBAR_EARLY=1 -DNUM_EPI_WARPS=5 -DSTAGGER_CYCLES=120 -DTMEM_LOAD_WIDTH=64 ... COMPILE_FAIL  (0.4s)
[93/128] -DMBAR_EARLY=1 -DNUM_EPI_WARPS=5 -DSTAGGER_CYCLES=160 ... 2.638 ms / 1660 TFLOPS  (244 regs, 6.2s)
[94/128] -DMBAR_EARLY=1 -DNUM_EPI_WARPS=5 -DSTAGGER_CYCLES=160 -DTMEM_LOAD_WIDTH=64 ... COMPILE_FAIL  (0.4s)
[95/128] -DMBAR_EARLY=1 -DNUM_EPI_WARPS=5 -DSTAGGER_CYCLES=200 ... 2.636 ms / 1661 TFLOPS  (244 regs, 6.2s)
[96/128] -DMBAR_EARLY=1 -DNUM_EPI_WARPS=5 -DSTAGGER_CYCLES=200 -DTMEM_LOAD_WIDTH=64 ... COMPILE_FAIL  (0.4s)
[97/128] -DINTERLEAVE_STRATEGY=3 -DNUM_EPI_WARPS=5 -DSTAGGER_CYCLES=0 ... 2.658 ms / 1648 TFLOPS  (242 regs, 6.2s)
[98/128] -DINTERLEAVE_STRATEGY=3 -DNUM_EPI_WARPS=5 -DSTAGGER_CYCLES=0 -DTMEM_LOAD_WIDTH=64 ... COMPILE_FAIL  (0.4s)
[99/128] -DINTERLEAVE_STRATEGY=3 -DNUM_EPI_WARPS=5 -DSTAGGER_CYCLES=40 ... 2.738 ms / 1600 TFLOPS  (239 regs, 6.2s)
[100/128] -DINTERLEAVE_STRATEGY=3 -DNUM_EPI_WARPS=5 -DSTAGGER_CYCLES=40 -DTMEM_LOAD_WIDTH=64 ... COMPILE_FAIL  (0.4s)
[101/128] -DINTERLEAVE_STRATEGY=3 -DNUM_EPI_WARPS=5 -DSTAGGER_CYCLES=60 ... 2.745 ms / 1596 TFLOPS  (239 regs, 6.2s)
[102/128] -DINTERLEAVE_STRATEGY=3 -DNUM_EPI_WARPS=5 -DSTAGGER_CYCLES=60 -DTMEM_LOAD_WIDTH=64 ... COMPILE_FAIL  (0.4s)
[103/128] -DINTERLEAVE_STRATEGY=3 -DNUM_EPI_WARPS=5 ... 2.745 ms / 1596 TFLOPS  (239 regs, 6.2s)
[104/128] -DINTERLEAVE_STRATEGY=3 -DNUM_EPI_WARPS=5 -DTMEM_LOAD_WIDTH=64 ... COMPILE_FAIL  (0.4s)
[105/128] -DINTERLEAVE_STRATEGY=3 -DNUM_EPI_WARPS=5 -DSTAGGER_CYCLES=100 ... 2.748 ms / 1594 TFLOPS  (239 regs, 6.0s)
[106/128] -DINTERLEAVE_STRATEGY=3 -DNUM_EPI_WARPS=5 -DSTAGGER_CYCLES=100 -DTMEM_LOAD_WIDTH=64 ... COMPILE_FAIL  (0.4s)
[107/128] -DINTERLEAVE_STRATEGY=3 -DNUM_EPI_WARPS=5 -DSTAGGER_CYCLES=120 ... 2.755 ms / 1590 TFLOPS  (239 regs, 6.3s)
[108/128] -DINTERLEAVE_STRATEGY=3 -DNUM_EPI_WARPS=5 -DSTAGGER_CYCLES=120 -DTMEM_LOAD_WIDTH=64 ... COMPILE_FAIL  (0.4s)
[109/128] -DINTERLEAVE_STRATEGY=3 -DNUM_EPI_WARPS=5 -DSTAGGER_CYCLES=160 ... 2.740 ms / 1599 TFLOPS  (239 regs, 6.4s)
[110/128] -DINTERLEAVE_STRATEGY=3 -DNUM_EPI_WARPS=5 -DSTAGGER_CYCLES=160 -DTMEM_LOAD_WIDTH=64 ... COMPILE_FAIL  (0.4s)
[111/128] -DINTERLEAVE_STRATEGY=3 -DNUM_EPI_WARPS=5 -DSTAGGER_CYCLES=200 ... 2.744 ms / 1597 TFLOPS  (239 regs, 6.2s)
[112/128] -DINTERLEAVE_STRATEGY=3 -DNUM_EPI_WARPS=5 -DSTAGGER_CYCLES=200 -DTMEM_LOAD_WIDTH=64 ... COMPILE_FAIL  (0.4s)
[113/128] -DINTERLEAVE_STRATEGY=3 -DMBAR_EARLY=1 -DNUM_EPI_WARPS=5 -DSTAGGER_CYCLES=0 ... 2.637 ms / 1661 TFLOPS  (244 regs, 6.0s)
[114/128] -DINTERLEAVE_STRATEGY=3 -DMBAR_EARLY=1 -DNUM_EPI_WARPS=5 -DSTAGGER_CYCLES=0 -DTMEM_LOAD_WIDTH=64 ... COMPILE_FAIL  (0.4s)
[115/128] -DINTERLEAVE_STRATEGY=3 -DMBAR_EARLY=1 -DNUM_EPI_WARPS=5 -DSTAGGER_CYCLES=40 ... 2.705 ms / 1619 TFLOPS  (244 regs, 6.1s)
[116/128] -DINTERLEAVE_STRATEGY=3 -DMBAR_EARLY=1 -DNUM_EPI_WARPS=5 -DSTAGGER_CYCLES=40 -DTMEM_LOAD_WIDTH=64 ... COMPILE_FAIL  (0.4s)
[117/128] -DINTERLEAVE_STRATEGY=3 -DMBAR_EARLY=1 -DNUM_EPI_WARPS=5 -DSTAGGER_CYCLES=60 ... 2.720 ms / 1610 TFLOPS  (244 regs, 6.1s)
[118/128] -DINTERLEAVE_STRATEGY=3 -DMBAR_EARLY=1 -DNUM_EPI_WARPS=5 -DSTAGGER_CYCLES=60 -DTMEM_LOAD_WIDTH=64 ... COMPILE_FAIL  (0.4s)
[119/128] -DINTERLEAVE_STRATEGY=3 -DMBAR_EARLY=1 -DNUM_EPI_WARPS=5 ... 2.718 ms / 1611 TFLOPS  (244 regs, 6.2s)
[120/128] -DINTERLEAVE_STRATEGY=3 -DMBAR_EARLY=1 -DNUM_EPI_WARPS=5 -DTMEM_LOAD_WIDTH=64 ... COMPILE_FAIL  (0.4s)
[121/128] -DINTERLEAVE_STRATEGY=3 -DMBAR_EARLY=1 -DNUM_EPI_WARPS=5 -DSTAGGER_CYCLES=100 ... 2.718 ms / 1612 TFLOPS  (244 regs, 6.0s)
[122/128] -DINTERLEAVE_STRATEGY=3 -DMBAR_EARLY=1 -DNUM_EPI_WARPS=5 -DSTAGGER_CYCLES=100 -DTMEM_LOAD_WIDTH=64 ... COMPILE_FAIL  (0.4s)
[123/128] -DINTERLEAVE_STRATEGY=3 -DMBAR_EARLY=1 -DNUM_EPI_WARPS=5 -DSTAGGER_CYCLES=120 ... 2.712 ms / 1615 TFLOPS  (244 regs, 6.2s)
[124/128] -DINTERLEAVE_STRATEGY=3 -DMBAR_EARLY=1 -DNUM_EPI_WARPS=5 -DSTAGGER_CYCLES=120 -DTMEM_LOAD_WIDTH=64 ... COMPILE_FAIL  (0.4s)
[125/128] -DINTERLEAVE_STRATEGY=3 -DMBAR_EARLY=1 -DNUM_EPI_WARPS=5 -DSTAGGER_CYCLES=160 ... 2.696 ms / 1625 TFLOPS  (244 regs, 6.3s)
[126/128] -DINTERLEAVE_STRATEGY=3 -DMBAR_EARLY=1 -DNUM_EPI_WARPS=5 -DSTAGGER_CYCLES=160 -DTMEM_LOAD_WIDTH=64 ... COMPILE_FAIL  (0.4s)
[127/128] -DINTERLEAVE_STRATEGY=3 -DMBAR_EARLY=1 -DNUM_EPI_WARPS=5 -DSTAGGER_CYCLES=200 ... 2.702 ms / 1621 TFLOPS  (244 regs, 6.2s)
[128/128] -DINTERLEAVE_STRATEGY=3 -DMBAR_EARLY=1 -DNUM_EPI_WARPS=5 -DSTAGGER_CYCLES=200 -DTMEM_LOAD_WIDTH=64 ... COMPILE_FAIL  (0.4s)

Tier 2 winner: -DINTERLEAVE_STRATEGY=1 -DMBAR_EARLY=1 -DNUM_EPI_WARPS=5 -DSTAGGER_CYCLES=0 → 2.527 ms / 1733 TFLOPS

=== Tier 3: PHASE1_UNROLL, SNAKE_ORDER, CVT_ADD_FUSED, K_LOOP_UNROLL, W0_LOOP_UNROLL, SUB_MMA_UNROLL ===
Sweep: 540 total, 270 valid, 270 pruned
Estimated time: ~22 min (270 configs × ~5s each)

[1/270] -DINTERLEAVE_STRATEGY=1 -DK_LOOP_UNROLL=1 -DMBAR_EARLY=1 -DNUM_EPI_WARPS=5 -DPHASE1_UNROLL=1 -DSNAKE_ORDER=0 -DSTAGGER_CYCLES=0 ... 2.658 ms / 1648 TFLOPS  (168 regs, 6.2s)
[2/270] -DINTERLEAVE_STRATEGY=1 -DK_LOOP_UNROLL=1 -DMBAR_EARLY=1 -DNUM_EPI_WARPS=5 -DPHASE1_UNROLL=1 -DSNAKE_ORDER=0 -DSTAGGER_CYCLES=0 -DW0_LOOP_UNROLL=1 ... 2.687 ms / 1630 TFLOPS  (154 regs, 5.8s)
[3/270] -DINTERLEAVE_STRATEGY=1 -DK_LOOP_UNROLL=1 -DMBAR_EARLY=1 -DNUM_EPI_WARPS=5 -DPHASE1_UNROLL=1 -DSNAKE_ORDER=0 -DSTAGGER_CYCLES=0 -DW0_LOOP_UNROLL=4 ... 2.656 ms / 1649 TFLOPS  (168 regs, 6.2s)
[4/270] -DINTERLEAVE_STRATEGY=1 -DK_LOOP_UNROLL=1 -DMBAR_EARLY=1 -DNUM_EPI_WARPS=5 -DPHASE1_UNROLL=1 -DSNAKE_ORDER=0 -DSTAGGER_CYCLES=0 -DSUB_MMA_UNROLL=1 ... 2.708 ms / 1618 TFLOPS  (163 regs, 6.0s)
[5/270] -DINTERLEAVE_STRATEGY=1 -DK_LOOP_UNROLL=1 -DMBAR_EARLY=1 -DNUM_EPI_WARPS=5 -DPHASE1_UNROLL=1 -DSNAKE_ORDER=0 -DSTAGGER_CYCLES=0 -DSUB_MMA_UNROLL=1 -DW0_LOOP_UNROLL=1 ... 2.699 ms / 1623 TFLOPS  (145 regs, 5.9s)
[6/270] -DINTERLEAVE_STRATEGY=1 -DK_LOOP_UNROLL=1 -DMBAR_EARLY=1 -DNUM_EPI_WARPS=5 -DPHASE1_UNROLL=1 -DSNAKE_ORDER=0 -DSTAGGER_CYCLES=0 -DSUB_MMA_UNROLL=1 -DW0_LOOP_UNROLL=4 ... 2.709 ms / 1617 TFLOPS  (163 regs, 5.8s)
[7/270] -DINTERLEAVE_STRATEGY=1 -DK_LOOP_UNROLL=1 -DMBAR_EARLY=1 -DNUM_EPI_WARPS=5 -DPHASE1_UNROLL=1 -DSNAKE_ORDER=0 -DSTAGGER_CYCLES=0 -DSUB_MMA_UNROLL=3 ... 2.656 ms / 1649 TFLOPS  (168 regs, 5.8s)
[8/270] -DINTERLEAVE_STRATEGY=1 -DK_LOOP_UNROLL=1 -DMBAR_EARLY=1 -DNUM_EPI_WARPS=5 -DPHASE1_UNROLL=1 -DSNAKE_ORDER=0 -DSTAGGER_CYCLES=0 -DSUB_MMA_UNROLL=3 -DW0_LOOP_UNROLL=1 ... 2.688 ms / 1629 TFLOPS  (154 regs, 5.7s)
[9/270] -DINTERLEAVE_STRATEGY=1 -DK_LOOP_UNROLL=1 -DMBAR_EARLY=1 -DNUM_EPI_WARPS=5 -DPHASE1_UNROLL=1 -DSNAKE_ORDER=0 -DSTAGGER_CYCLES=0 -DSUB_MMA_UNROLL=3 -DW0_LOOP_UNROLL=4 ... 2.657 ms / 1649 TFLOPS  (168 regs, 5.8s)
[10/270] -DINTERLEAVE_STRATEGY=1 -DK_LOOP_UNROLL=1 -DMBAR_EARLY=1 -DNUM_EPI_WARPS=5 -DPHASE1_UNROLL=1 -DSTAGGER_CYCLES=0 ... 2.650 ms / 1653 TFLOPS  (168 regs, 6.1s)
[11/270] -DINTERLEAVE_STRATEGY=1 -DK_LOOP_UNROLL=1 -DMBAR_EARLY=1 -DNUM_EPI_WARPS=5 -DPHASE1_UNROLL=1 -DSTAGGER_CYCLES=0 -DW0_LOOP_UNROLL=1 ... 2.678 ms / 1635 TFLOPS  (154 regs, 5.9s)
[12/270] -DINTERLEAVE_STRATEGY=1 -DK_LOOP_UNROLL=1 -DMBAR_EARLY=1 -DNUM_EPI_WARPS=5 -DPHASE1_UNROLL=1 -DSTAGGER_CYCLES=0 -DW0_LOOP_UNROLL=4 ... 2.650 ms / 1653 TFLOPS  (168 regs, 5.7s)
[13/270] -DINTERLEAVE_STRATEGY=1 -DK_LOOP_UNROLL=1 -DMBAR_EARLY=1 -DNUM_EPI_WARPS=5 -DPHASE1_UNROLL=1 -DSTAGGER_CYCLES=0 -DSUB_MMA_UNROLL=1 ... 2.700 ms / 1622 TFLOPS  (163 regs, 6.0s)
[14/270] -DINTERLEAVE_STRATEGY=1 -DK_LOOP_UNROLL=1 -DMBAR_EARLY=1 -DNUM_EPI_WARPS=5 -DPHASE1_UNROLL=1 -DSTAGGER_CYCLES=0 -DSUB_MMA_UNROLL=1 -DW0_LOOP_UNROLL=1 ... 2.655 ms / 1649 TFLOPS  (145 regs, 5.9s)
[15/270] -DINTERLEAVE_STRATEGY=1 -DK_LOOP_UNROLL=1 -DMBAR_EARLY=1 -DNUM_EPI_WARPS=5 -DPHASE1_UNROLL=1 -DSTAGGER_CYCLES=0 -DSUB_MMA_UNROLL=1 -DW0_LOOP_UNROLL=4 ... 2.700 ms / 1622 TFLOPS  (163 regs, 5.8s)
[16/270] -DINTERLEAVE_STRATEGY=1 -DK_LOOP_UNROLL=1 -DMBAR_EARLY=1 -DNUM_EPI_WARPS=5 -DPHASE1_UNROLL=1 -DSTAGGER_CYCLES=0 -DSUB_MMA_UNROLL=3 ... 2.650 ms / 1653 TFLOPS  (168 regs, 5.9s)
[17/270] -DINTERLEAVE_STRATEGY=1 -DK_LOOP_UNROLL=1 -DMBAR_EARLY=1 -DNUM_EPI_WARPS=5 -DPHASE1_UNROLL=1 -DSTAGGER_CYCLES=0 -DSUB_MMA_UNROLL=3 -DW0_LOOP_UNROLL=1 ... 2.679 ms / 1635 TFLOPS  (154 regs, 5.8s)
[18/270] -DINTERLEAVE_STRATEGY=1 -DK_LOOP_UNROLL=1 -DMBAR_EARLY=1 -DNUM_EPI_WARPS=5 -DPHASE1_UNROLL=1 -DSTAGGER_CYCLES=0 -DSUB_MMA_UNROLL=3 -DW0_LOOP_UNROLL=4 ... 2.649 ms / 1654 TFLOPS  (168 regs, 5.9s)
[19/270] -DINTERLEAVE_STRATEGY=1 -DK_LOOP_UNROLL=1 -DMBAR_EARLY=1 -DNUM_EPI_WARPS=5 -DSNAKE_ORDER=0 -DSTAGGER_CYCLES=0 ... 2.513 ms / 1743 TFLOPS  (213 regs, 6.1s)
[20/270] -DINTERLEAVE_STRATEGY=1 -DK_LOOP_UNROLL=1 -DMBAR_EARLY=1 -DNUM_EPI_WARPS=5 -DSNAKE_ORDER=0 -DSTAGGER_CYCLES=0 -DW0_LOOP_UNROLL=1 ... 2.597 ms / 1687 TFLOPS  (196 regs, 5.9s)
[21/270] -DINTERLEAVE_STRATEGY=1 -DK_LOOP_UNROLL=1 -DMBAR_EARLY=1 -DNUM_EPI_WARPS=5 -DSNAKE_ORDER=0 -DSTAGGER_CYCLES=0 -DW0_LOOP_UNROLL=4 ... 2.505 ms / 1749 TFLOPS  (213 regs, 6.1s)
[22/270] -DINTERLEAVE_STRATEGY=1 -DK_LOOP_UNROLL=1 -DMBAR_EARLY=1 -DNUM_EPI_WARPS=5 -DSNAKE_ORDER=0 -DSTAGGER_CYCLES=0 -DSUB_MMA_UNROLL=1 ... 2.604 ms / 1682 TFLOPS  (208 regs, 6.1s)
[23/270] -DINTERLEAVE_STRATEGY=1 -DK_LOOP_UNROLL=1 -DMBAR_EARLY=1 -DNUM_EPI_WARPS=5 -DSNAKE_ORDER=0 -DSTAGGER_CYCLES=0 -DSUB_MMA_UNROLL=1 -DW0_LOOP_UNROLL=1 ... 2.514 ms / 1742 TFLOPS  (187 regs, 6.1s)
[24/270] -DINTERLEAVE_STRATEGY=1 -DK_LOOP_UNROLL=1 -DMBAR_EARLY=1 -DNUM_EPI_WARPS=5 -DSNAKE_ORDER=0 -DSTAGGER_CYCLES=0 -DSUB_MMA_UNROLL=1 -DW0_LOOP_UNROLL=4 ... 2.579 ms / 1698 TFLOPS  (208 regs, 5.9s)
[25/270] -DINTERLEAVE_STRATEGY=1 -DK_LOOP_UNROLL=1 -DMBAR_EARLY=1 -DNUM_EPI_WARPS=5 -DSNAKE_ORDER=0 -DSTAGGER_CYCLES=0 -DSUB_MMA_UNROLL=3 ... 2.513 ms / 1743 TFLOPS  (213 regs, 5.9s)
[26/270] -DINTERLEAVE_STRATEGY=1 -DK_LOOP_UNROLL=1 -DMBAR_EARLY=1 -DNUM_EPI_WARPS=5 -DSNAKE_ORDER=0 -DSTAGGER_CYCLES=0 -DSUB_MMA_UNROLL=3 -DW0_LOOP_UNROLL=1 ... 2.597 ms / 1687 TFLOPS  (196 regs, 6.1s)
[27/270] -DINTERLEAVE_STRATEGY=1 -DK_LOOP_UNROLL=1 -DMBAR_EARLY=1 -DNUM_EPI_WARPS=5 -DSNAKE_ORDER=0 -DSTAGGER_CYCLES=0 -DSUB_MMA_UNROLL=3 -DW0_LOOP_UNROLL=4 ... 2.503 ms / 1750 TFLOPS  (213 regs, 6.1s)
[28/270] -DINTERLEAVE_STRATEGY=1 -DK_LOOP_UNROLL=1 -DMBAR_EARLY=1 -DNUM_EPI_WARPS=5 -DSTAGGER_CYCLES=0 ... 2.530 ms / 1731 TFLOPS  (213 regs, 6.1s)
[29/270] -DINTERLEAVE_STRATEGY=1 -DK_LOOP_UNROLL=1 -DMBAR_EARLY=1 -DNUM_EPI_WARPS=5 -DSTAGGER_CYCLES=0 -DW0_LOOP_UNROLL=1 ... 2.604 ms / 1682 TFLOPS  (196 regs, 6.1s)
[30/270] -DINTERLEAVE_STRATEGY=1 -DK_LOOP_UNROLL=1 -DMBAR_EARLY=1 -DNUM_EPI_WARPS=5 -DSTAGGER_CYCLES=0 -DW0_LOOP_UNROLL=4 ... 2.515 ms / 1741 TFLOPS  (213 regs, 6.1s)
[31/270] -DINTERLEAVE_STRATEGY=1 -DK_LOOP_UNROLL=1 -DMBAR_EARLY=1 -DNUM_EPI_WARPS=5 -DSTAGGER_CYCLES=0 -DSUB_MMA_UNROLL=1 ... 2.623 ms / 1670 TFLOPS  (208 regs, 6.3s)
[32/270] -DINTERLEAVE_STRATEGY=1 -DK_LOOP_UNROLL=1 -DMBAR_EARLY=1 -DNUM_EPI_WARPS=5 -DSTAGGER_CYCLES=0 -DSUB_MMA_UNROLL=1 -DW0_LOOP_UNROLL=1 ... 2.508 ms / 1746 TFLOPS  (187 regs, 6.1s)
[33/270] -DINTERLEAVE_STRATEGY=1 -DK_LOOP_UNROLL=1 -DMBAR_EARLY=1 -DNUM_EPI_WARPS=5 -DSTAGGER_CYCLES=0 -DSUB_MMA_UNROLL=1 -DW0_LOOP_UNROLL=4 ... 2.583 ms / 1696 TFLOPS  (208 regs, 6.1s)
[34/270] -DINTERLEAVE_STRATEGY=1 -DK_LOOP_UNROLL=1 -DMBAR_EARLY=1 -DNUM_EPI_WARPS=5 -DSTAGGER_CYCLES=0 -DSUB_MMA_UNROLL=3 ... 2.530 ms / 1731 TFLOPS  (213 regs, 6.1s)
[35/270] -DINTERLEAVE_STRATEGY=1 -DK_LOOP_UNROLL=1 -DMBAR_EARLY=1 -DNUM_EPI_WARPS=5 -DSTAGGER_CYCLES=0 -DSUB_MMA_UNROLL=3 -DW0_LOOP_UNROLL=1 ... 2.603 ms / 1683 TFLOPS  (196 regs, 5.9s)
[36/270] -DINTERLEAVE_STRATEGY=1 -DK_LOOP_UNROLL=1 -DMBAR_EARLY=1 -DNUM_EPI_WARPS=5 -DSTAGGER_CYCLES=0 -DSUB_MMA_UNROLL=3 -DW0_LOOP_UNROLL=4 ... 2.515 ms / 1742 TFLOPS  (213 regs, 6.0s)
[37/270] -DINTERLEAVE_STRATEGY=1 -DK_LOOP_UNROLL=1 -DMBAR_EARLY=1 -DNUM_EPI_WARPS=5 -DPHASE1_UNROLL=4 -DSNAKE_ORDER=0 -DSTAGGER_CYCLES=0 ... 3.969 ms / 1104 TFLOPS  (216 regs, 6.6s)
[38/270] -DINTERLEAVE_STRATEGY=1 -DK_LOOP_UNROLL=1 -DMBAR_EARLY=1 -DNUM_EPI_WARPS=5 -DPHASE1_UNROLL=4 -DSNAKE_ORDER=0 -DSTAGGER_CYCLES=0 -DW0_LOOP_UNROLL=1 ... 3.781 ms / 1158 TFLOPS  (196 regs, 6.5s)
[39/270] -DINTERLEAVE_STRATEGY=1 -DK_LOOP_UNROLL=1 -DMBAR_EARLY=1 -DNUM_EPI_WARPS=5 -DPHASE1_UNROLL=4 -DSNAKE_ORDER=0 -DSTAGGER_CYCLES=0 -DW0_LOOP_UNROLL=4 ... 3.944 ms / 1111 TFLOPS  (216 regs, 6.3s)
[40/270] -DINTERLEAVE_STRATEGY=1 -DK_LOOP_UNROLL=1 -DMBAR_EARLY=1 -DNUM_EPI_WARPS=5 -DPHASE1_UNROLL=4 -DSNAKE_ORDER=0 -DSTAGGER_CYCLES=0 -DSUB_MMA_UNROLL=1 ... 4.026 ms / 1088 TFLOPS  (206 regs, 6.5s)
[41/270] -DINTERLEAVE_STRATEGY=1 -DK_LOOP_UNROLL=1 -DMBAR_EARLY=1 -DNUM_EPI_WARPS=5 -DPHASE1_UNROLL=4 -DSNAKE_ORDER=0 -DSTAGGER_CYCLES=0 -DSUB_MMA_UNROLL=1 -DW0_LOOP_UNROLL=1 ... 3.888 ms / 1126 TFLOPS  (188 regs, 6.3s)
[42/270] -DINTERLEAVE_STRATEGY=1 -DK_LOOP_UNROLL=1 -DMBAR_EARLY=1 -DNUM_EPI_WARPS=5 -DPHASE1_UNROLL=4 -DSNAKE_ORDER=0 -DSTAGGER_CYCLES=0 -DSUB_MMA_UNROLL=1 -DW0_LOOP_UNROLL=4 ... 3.981 ms / 1100 TFLOPS  (206 regs, 6.5s)
[43/270] -DINTERLEAVE_STRATEGY=1 -DK_LOOP_UNROLL=1 -DMBAR_EARLY=1 -DNUM_EPI_WARPS=5 -DPHASE1_UNROLL=4 -DSNAKE_ORDER=0 -DSTAGGER_CYCLES=0 -DSUB_MMA_UNROLL=3 ... 3.966 ms / 1105 TFLOPS  (216 regs, 6.5s)
[44/270] -DINTERLEAVE_STRATEGY=1 -DK_LOOP_UNROLL=1 -DMBAR_EARLY=1 -DNUM_EPI_WARPS=5 -DPHASE1_UNROLL=4 -DSNAKE_ORDER=0 -DSTAGGER_CYCLES=0 -DSUB_MMA_UNROLL=3 -DW0_LOOP_UNROLL=1 ... 3.780 ms / 1159 TFLOPS  (196 regs, 6.5s)
[45/270] -DINTERLEAVE_STRATEGY=1 -DK_LOOP_UNROLL=1 -DMBAR_EARLY=1 -DNUM_EPI_WARPS=5 -DPHASE1_UNROLL=4 -DSNAKE_ORDER=0 -DSTAGGER_CYCLES=0 -DSUB_MMA_UNROLL=3 -DW0_LOOP_UNROLL=4 ... 3.941 ms / 1111 TFLOPS  (216 regs, 6.5s)
[46/270] -DINTERLEAVE_STRATEGY=1 -DK_LOOP_UNROLL=1 -DMBAR_EARLY=1 -DNUM_EPI_WARPS=5 -DPHASE1_UNROLL=4 -DSTAGGER_CYCLES=0 ... 3.997 ms / 1096 TFLOPS  (216 regs, 6.5s)
[47/270] -DINTERLEAVE_STRATEGY=1 -DK_LOOP_UNROLL=1 -DMBAR_EARLY=1 -DNUM_EPI_WARPS=5 -DPHASE1_UNROLL=4 -DSTAGGER_CYCLES=0 -DW0_LOOP_UNROLL=1 ... 3.806 ms / 1151 TFLOPS  (196 regs, 6.5s)
[48/270] -DINTERLEAVE_STRATEGY=1 -DK_LOOP_UNROLL=1 -DMBAR_EARLY=1 -DNUM_EPI_WARPS=5 -DPHASE1_UNROLL=4 -DSTAGGER_CYCLES=0 -DW0_LOOP_UNROLL=4 ... 3.976 ms / 1102 TFLOPS  (216 regs, 6.5s)
[49/270] -DINTERLEAVE_STRATEGY=1 -DK_LOOP_UNROLL=1 -DMBAR_EARLY=1 -DNUM_EPI_WARPS=5 -DPHASE1_UNROLL=4 -DSTAGGER_CYCLES=0 -DSUB_MMA_UNROLL=1 ... 4.026 ms / 1088 TFLOPS  (206 regs, 6.5s)
[50/270] -DINTERLEAVE_STRATEGY=1 -DK_LOOP_UNROLL=1 -DMBAR_EARLY=1 -DNUM_EPI_WARPS=5 -DPHASE1_UNROLL=4 -DSTAGGER_CYCLES=0 -DSUB_MMA_UNROLL=1 -DW0_LOOP_UNROLL=1 ... 3.895 ms / 1124 TFLOPS  (188 regs, 6.6s)
[51/270] -DINTERLEAVE_STRATEGY=1 -DK_LOOP_UNROLL=1 -DMBAR_EARLY=1 -DNUM_EPI_WARPS=5 -DPHASE1_UNROLL=4 -DSTAGGER_CYCLES=0 -DSUB_MMA_UNROLL=1 -DW0_LOOP_UNROLL=4 ... 3.983 ms / 1100 TFLOPS  (206 regs, 6.4s)
[52/270] -DINTERLEAVE_STRATEGY=1 -DK_LOOP_UNROLL=1 -DMBAR_EARLY=1 -DNUM_EPI_WARPS=5 -DPHASE1_UNROLL=4 -DSTAGGER_CYCLES=0 -DSUB_MMA_UNROLL=3 ... 3.995 ms / 1096 TFLOPS  (216 regs, 6.3s)
[53/270] -DINTERLEAVE_STRATEGY=1 -DK_LOOP_UNROLL=1 -DMBAR_EARLY=1 -DNUM_EPI_WARPS=5 -DPHASE1_UNROLL=4 -DSTAGGER_CYCLES=0 -DSUB_MMA_UNROLL=3 -DW0_LOOP_UNROLL=1 ... 3.801 ms / 1152 TFLOPS  (196 regs, 6.6s)
[54/270] -DINTERLEAVE_STRATEGY=1 -DK_LOOP_UNROLL=1 -DMBAR_EARLY=1 -DNUM_EPI_WARPS=5 -DPHASE1_UNROLL=4 -DSTAGGER_CYCLES=0 -DSUB_MMA_UNROLL=3 -DW0_LOOP_UNROLL=4 ... 3.976 ms / 1102 TFLOPS  (216 regs, 6.4s)
[55/270] -DINTERLEAVE_STRATEGY=1 -DK_LOOP_UNROLL=2 -DMBAR_EARLY=1 -DNUM_EPI_WARPS=5 -DPHASE1_UNROLL=1 -DSNAKE_ORDER=0 -DSTAGGER_CYCLES=0 ... 2.658 ms / 1648 TFLOPS  (168 regs, 5.9s)
[56/270] -DINTERLEAVE_STRATEGY=1 -DK_LOOP_UNROLL=2 -DMBAR_EARLY=1 -DNUM_EPI_WARPS=5 -DPHASE1_UNROLL=1 -DSNAKE_ORDER=0 -DSTAGGER_CYCLES=0 -DW0_LOOP_UNROLL=1 ... 2.669 ms / 1641 TFLOPS  (153 regs, 5.9s)
[57/270] -DINTERLEAVE_STRATEGY=1 -DK_LOOP_UNROLL=2 -DMBAR_EARLY=1 -DNUM_EPI_WARPS=5 -DPHASE1_UNROLL=1 -DSNAKE_ORDER=0 -DSTAGGER_CYCLES=0 -DW0_LOOP_UNROLL=4 ... 2.660 ms / 1647 TFLOPS  (168 regs, 6.0s)
[58/270] -DINTERLEAVE_STRATEGY=1 -DK_LOOP_UNROLL=2 -DMBAR_EARLY=1 -DNUM_EPI_WARPS=5 -DPHASE1_UNROLL=1 -DSNAKE_ORDER=0 -DSTAGGER_CYCLES=0 -DSUB_MMA_UNROLL=1 ... 2.703 ms / 1620 TFLOPS  (163 regs, 5.9s)
[59/270] -DINTERLEAVE_STRATEGY=1 -DK_LOOP_UNROLL=2 -DMBAR_EARLY=1 -DNUM_EPI_WARPS=5 -DPHASE1_UNROLL=1 -DSNAKE_ORDER=0 -DSTAGGER_CYCLES=0 -DSUB_MMA_UNROLL=1 -DW0_LOOP_UNROLL=1 ... 2.736 ms / 1601 TFLOPS  (144 regs, 5.7s)
[60/270] -DINTERLEAVE_STRATEGY=1 -DK_LOOP_UNROLL=2 -DMBAR_EARLY=1 -DNUM_EPI_WARPS=5 -DPHASE1_UNROLL=1 -DSNAKE_ORDER=0 -DSTAGGER_CYCLES=0 -DSUB_MMA_UNROLL=1 -DW0_LOOP_UNROLL=4 ... 2.701 ms / 1621 TFLOPS  (163 regs, 5.9s)
[61/270] -DINTERLEAVE_STRATEGY=1 -DK_LOOP_UNROLL=2 -DMBAR_EARLY=1 -DNUM_EPI_WARPS=5 -DPHASE1_UNROLL=1 -DSNAKE_ORDER=0 -DSTAGGER_CYCLES=0 -DSUB_MMA_UNROLL=3 ... 2.659 ms / 1648 TFLOPS  (168 regs, 5.9s)
[62/270] -DINTERLEAVE_STRATEGY=1 -DK_LOOP_UNROLL=2 -DMBAR_EARLY=1 -DNUM_EPI_WARPS=5 -DPHASE1_UNROLL=1 -DSNAKE_ORDER=0 -DSTAGGER_CYCLES=0 -DSUB_MMA_UNROLL=3 -DW0_LOOP_UNROLL=1 ... 2.671 ms / 1640 TFLOPS  (153 regs, 5.8s)
[63/270] -DINTERLEAVE_STRATEGY=1 -DK_LOOP_UNROLL=2 -DMBAR_EARLY=1 -DNUM_EPI_WARPS=5 -DPHASE1_UNROLL=1 -DSNAKE_ORDER=0 -DSTAGGER_CYCLES=0 -DSUB_MMA_UNROLL=3 -DW0_LOOP_UNROLL=4 ... 2.658 ms / 1648 TFLOPS  (168 regs, 6.0s)
[64/270] -DINTERLEAVE_STRATEGY=1 -DK_LOOP_UNROLL=2 -DMBAR_EARLY=1 -DNUM_EPI_WARPS=5 -DPHASE1_UNROLL=1 -DSTAGGER_CYCLES=0 ... 2.652 ms / 1652 TFLOPS  (168 regs, 5.9s)
[65/270] -DINTERLEAVE_STRATEGY=1 -DK_LOOP_UNROLL=2 -DMBAR_EARLY=1 -DNUM_EPI_WARPS=5 -DPHASE1_UNROLL=1 -DSTAGGER_CYCLES=0 -DW0_LOOP_UNROLL=1 ... 2.659 ms / 1647 TFLOPS  (153 regs, 5.8s)
[66/270] -DINTERLEAVE_STRATEGY=1 -DK_LOOP_UNROLL=2 -DMBAR_EARLY=1 -DNUM_EPI_WARPS=5 -DPHASE1_UNROLL=1 -DSTAGGER_CYCLES=0 -DW0_LOOP_UNROLL=4 ... 2.650 ms / 1653 TFLOPS  (168 regs, 6.0s)
[67/270] -DINTERLEAVE_STRATEGY=1 -DK_LOOP_UNROLL=2 -DMBAR_EARLY=1 -DNUM_EPI_WARPS=5 -DPHASE1_UNROLL=1 -DSTAGGER_CYCLES=0 -DSUB_MMA_UNROLL=1 ... 2.699 ms / 1623 TFLOPS  (163 regs, 5.7s)
[68/270] -DINTERLEAVE_STRATEGY=1 -DK_LOOP_UNROLL=2 -DMBAR_EARLY=1 -DNUM_EPI_WARPS=5 -DPHASE1_UNROLL=1 -DSTAGGER_CYCLES=0 -DSUB_MMA_UNROLL=1 -DW0_LOOP_UNROLL=1 ... 2.733 ms / 1602 TFLOPS  (144 regs, 6.0s)
[69/270] -DINTERLEAVE_STRATEGY=1 -DK_LOOP_UNROLL=2 -DMBAR_EARLY=1 -DNUM_EPI_WARPS=5 -DPHASE1_UNROLL=1 -DSTAGGER_CYCLES=0 -DSUB_MMA_UNROLL=1 -DW0_LOOP_UNROLL=4 ... 2.702 ms / 1621 TFLOPS  (163 regs, 5.8s)
[70/270] -DINTERLEAVE_STRATEGY=1 -DK_LOOP_UNROLL=2 -DMBAR_EARLY=1 -DNUM_EPI_WARPS=5 -DPHASE1_UNROLL=1 -DSTAGGER_CYCLES=0 -DSUB_MMA_UNROLL=3 ... 2.652 ms / 1651 TFLOPS  (168 regs, 5.9s)
[71/270] -DINTERLEAVE_STRATEGY=1 -DK_LOOP_UNROLL=2 -DMBAR_EARLY=1 -DNUM_EPI_WARPS=5 -DPHASE1_UNROLL=1 -DSTAGGER_CYCLES=0 -DSUB_MMA_UNROLL=3 -DW0_LOOP_UNROLL=1 ... 2.660 ms / 1647 TFLOPS  (153 regs, 5.9s)
[72/270] -DINTERLEAVE_STRATEGY=1 -DK_LOOP_UNROLL=2 -DMBAR_EARLY=1 -DNUM_EPI_WARPS=5 -DPHASE1_UNROLL=1 -DSTAGGER_CYCLES=0 -DSUB_MMA_UNROLL=3 -DW0_LOOP_UNROLL=4 ... 2.652 ms / 1651 TFLOPS  (168 regs, 6.0s)
[73/270] -DINTERLEAVE_STRATEGY=1 -DK_LOOP_UNROLL=2 -DMBAR_EARLY=1 -DNUM_EPI_WARPS=5 -DSNAKE_ORDER=0 -DSTAGGER_CYCLES=0 ... 2.619 ms / 1672 TFLOPS  (213 regs, 6.1s)
[74/270] -DINTERLEAVE_STRATEGY=1 -DK_LOOP_UNROLL=2 -DMBAR_EARLY=1 -DNUM_EPI_WARPS=5 -DSNAKE_ORDER=0 -DSTAGGER_CYCLES=0 -DW0_LOOP_UNROLL=1 ... 2.555 ms / 1714 TFLOPS  (197 regs, 6.1s)
[75/270] -DINTERLEAVE_STRATEGY=1 -DK_LOOP_UNROLL=2 -DMBAR_EARLY=1 -DNUM_EPI_WARPS=5 -DSNAKE_ORDER=0 -DSTAGGER_CYCLES=0 -DW0_LOOP_UNROLL=4 ... 2.589 ms / 1692 TFLOPS  (213 regs, 5.9s)
[76/270] -DINTERLEAVE_STRATEGY=1 -DK_LOOP_UNROLL=2 -DMBAR_EARLY=1 -DNUM_EPI_WARPS=5 -DSNAKE_ORDER=0 -DSTAGGER_CYCLES=0 -DSUB_MMA_UNROLL=1 ... 2.658 ms / 1648 TFLOPS  (208 regs, 6.0s)
[77/270] -DINTERLEAVE_STRATEGY=1 -DK_LOOP_UNROLL=2 -DMBAR_EARLY=1 -DNUM_EPI_WARPS=5 -DSNAKE_ORDER=0 -DSTAGGER_CYCLES=0 -DSUB_MMA_UNROLL=1 -DW0_LOOP_UNROLL=1 ... 2.483 ms / 1764 TFLOPS  (187 regs, 6.1s)
[78/270] -DINTERLEAVE_STRATEGY=1 -DK_LOOP_UNROLL=2 -DMBAR_EARLY=1 -DNUM_EPI_WARPS=5 -DSNAKE_ORDER=0 -DSTAGGER_CYCLES=0 -DSUB_MMA_UNROLL=1 -DW0_LOOP_UNROLL=4 ... 2.636 ms / 1662 TFLOPS  (208 regs, 6.1s)
[79/270] -DINTERLEAVE_STRATEGY=1 -DK_LOOP_UNROLL=2 -DMBAR_EARLY=1 -DNUM_EPI_WARPS=5 -DSNAKE_ORDER=0 -DSTAGGER_CYCLES=0 -DSUB_MMA_UNROLL=3 ... 2.621 ms / 1671 TFLOPS  (213 regs, 6.1s)
[80/270] -DINTERLEAVE_STRATEGY=1 -DK_LOOP_UNROLL=2 -DMBAR_EARLY=1 -DNUM_EPI_WARPS=5 -DSNAKE_ORDER=0 -DSTAGGER_CYCLES=0 -DSUB_MMA_UNROLL=3 -DW0_LOOP_UNROLL=1 ... 2.555 ms / 1714 TFLOPS  (197 regs, 6.2s)
[81/270] -DINTERLEAVE_STRATEGY=1 -DK_LOOP_UNROLL=2 -DMBAR_EARLY=1 -DNUM_EPI_WARPS=5 -DSNAKE_ORDER=0 -DSTAGGER_CYCLES=0 -DSUB_MMA_UNROLL=3 -DW0_LOOP_UNROLL=4 ... 2.588 ms / 1692 TFLOPS  (213 regs, 6.0s)
[82/270] -DINTERLEAVE_STRATEGY=1 -DK_LOOP_UNROLL=2 -DMBAR_EARLY=1 -DNUM_EPI_WARPS=5 -DSTAGGER_CYCLES=0 ... 2.631 ms / 1665 TFLOPS  (213 regs, 6.3s)
[83/270] -DINTERLEAVE_STRATEGY=1 -DK_LOOP_UNROLL=2 -DMBAR_EARLY=1 -DNUM_EPI_WARPS=5 -DSTAGGER_CYCLES=0 -DW0_LOOP_UNROLL=1 ... 2.548 ms / 1719 TFLOPS  (197 regs, 6.3s)
[84/270] -DINTERLEAVE_STRATEGY=1 -DK_LOOP_UNROLL=2 -DMBAR_EARLY=1 -DNUM_EPI_WARPS=5 -DSTAGGER_CYCLES=0 -DW0_LOOP_UNROLL=4 ... 2.603 ms / 1683 TFLOPS  (213 regs, 6.0s)
[85/270] -DINTERLEAVE_STRATEGY=1 -DK_LOOP_UNROLL=2 -DMBAR_EARLY=1 -DNUM_EPI_WARPS=5 -DSTAGGER_CYCLES=0 -DSUB_MMA_UNROLL=1 ... 2.678 ms / 1636 TFLOPS  (208 regs, 6.1s)
[86/270] -DINTERLEAVE_STRATEGY=1 -DK_LOOP_UNROLL=2 -DMBAR_EARLY=1 -DNUM_EPI_WARPS=5 -DSTAGGER_CYCLES=0 -DSUB_MMA_UNROLL=1 -DW0_LOOP_UNROLL=1 ... 2.477 ms / 1768 TFLOPS  (187 regs, 6.1s)
[87/270] -DINTERLEAVE_STRATEGY=1 -DK_LOOP_UNROLL=2 -DMBAR_EARLY=1 -DNUM_EPI_WARPS=5 -DSTAGGER_CYCLES=0 -DSUB_MMA_UNROLL=1 -DW0_LOOP_UNROLL=4 ... 2.651 ms / 1652 TFLOPS  (208 regs, 6.1s)
[88/270] -DINTERLEAVE_STRATEGY=1 -DK_LOOP_UNROLL=2 -DMBAR_EARLY=1 -DNUM_EPI_WARPS=5 -DSTAGGER_CYCLES=0 -DSUB_MMA_UNROLL=3 ... 2.630 ms / 1665 TFLOPS  (213 regs, 5.9s)
[89/270] -DINTERLEAVE_STRATEGY=1 -DK_LOOP_UNROLL=2 -DMBAR_EARLY=1 -DNUM_EPI_WARPS=5 -DSTAGGER_CYCLES=0 -DSUB_MMA_UNROLL=3 -DW0_LOOP_UNROLL=1 ... 2.550 ms / 1717 TFLOPS  (197 regs, 6.1s)
[90/270] -DINTERLEAVE_STRATEGY=1 -DK_LOOP_UNROLL=2 -DMBAR_EARLY=1 -DNUM_EPI_WARPS=5 -DSTAGGER_CYCLES=0 -DSUB_MMA_UNROLL=3 -DW0_LOOP_UNROLL=4 ... 2.603 ms / 1683 TFLOPS  (213 regs, 5.9s)
[91/270] -DINTERLEAVE_STRATEGY=1 -DK_LOOP_UNROLL=2 -DMBAR_EARLY=1 -DNUM_EPI_WARPS=5 -DPHASE1_UNROLL=4 -DSNAKE_ORDER=0 -DSTAGGER_CYCLES=0 ... 4.078 ms / 1074 TFLOPS  (216 regs, 6.5s)
[92/270] -DINTERLEAVE_STRATEGY=1 -DK_LOOP_UNROLL=2 -DMBAR_EARLY=1 -DNUM_EPI_WARPS=5 -DPHASE1_UNROLL=4 -DSNAKE_ORDER=0 -DSTAGGER_CYCLES=0 -DW0_LOOP_UNROLL=1 ... 3.880 ms / 1129 TFLOPS  (196 regs, 6.6s)
[93/270] -DINTERLEAVE_STRATEGY=1 -DK_LOOP_UNROLL=2 -DMBAR_EARLY=1 -DNUM_EPI_WARPS=5 -DPHASE1_UNROLL=4 -DSNAKE_ORDER=0 -DSTAGGER_CYCLES=0 -DW0_LOOP_UNROLL=4 ... 4.062 ms / 1078 TFLOPS  (216 regs, 6.5s)
[94/270] -DINTERLEAVE_STRATEGY=1 -DK_LOOP_UNROLL=2 -DMBAR_EARLY=1 -DNUM_EPI_WARPS=5 -DPHASE1_UNROLL=4 -DSNAKE_ORDER=0 -DSTAGGER_CYCLES=0 -DSUB_MMA_UNROLL=1 ... 4.025 ms / 1088 TFLOPS  (206 regs, 6.5s)
[95/270] -DINTERLEAVE_STRATEGY=1 -DK_LOOP_UNROLL=2 -DMBAR_EARLY=1 -DNUM_EPI_WARPS=5 -DPHASE1_UNROLL=4 -DSNAKE_ORDER=0 -DSTAGGER_CYCLES=0 -DSUB_MMA_UNROLL=1 -DW0_LOOP_UNROLL=1 ... 3.860 ms / 1135 TFLOPS  (188 regs, 6.3s)
[96/270] -DINTERLEAVE_STRATEGY=1 -DK_LOOP_UNROLL=2 -DMBAR_EARLY=1 -DNUM_EPI_WARPS=5 -DPHASE1_UNROLL=4 -DSNAKE_ORDER=0 -DSTAGGER_CYCLES=0 -DSUB_MMA_UNROLL=1 -DW0_LOOP_UNROLL=4 ... 4.010 ms / 1092 TFLOPS  (206 regs, 6.6s)
[97/270] -DINTERLEAVE_STRATEGY=1 -DK_LOOP_UNROLL=2 -DMBAR_EARLY=1 -DNUM_EPI_WARPS=5 -DPHASE1_UNROLL=4 -DSNAKE_ORDER=0 -DSTAGGER_CYCLES=0 -DSUB_MMA_UNROLL=3 ... 4.079 ms / 1074 TFLOPS  (216 regs, 6.5s)
[98/270] -DINTERLEAVE_STRATEGY=1 -DK_LOOP_UNROLL=2 -DMBAR_EARLY=1 -DNUM_EPI_WARPS=5 -DPHASE1_UNROLL=4 -DSNAKE_ORDER=0 -DSTAGGER_CYCLES=0 -DSUB_MMA_UNROLL=3 -DW0_LOOP_UNROLL=1 ... 3.876 ms / 1130 TFLOPS  (196 regs, 6.4s)
[99/270] -DINTERLEAVE_STRATEGY=1 -DK_LOOP_UNROLL=2 -DMBAR_EARLY=1 -DNUM_EPI_WARPS=5 -DPHASE1_UNROLL=4 -DSNAKE_ORDER=0 -DSTAGGER_CYCLES=0 -DSUB_MMA_UNROLL=3 -DW0_LOOP_UNROLL=4 ... 4.063 ms / 1078 TFLOPS  (216 regs, 6.5s)
[100/270] -DINTERLEAVE_STRATEGY=1 -DK_LOOP_UNROLL=2 -DMBAR_EARLY=1 -DNUM_EPI_WARPS=5 -DPHASE1_UNROLL=4 -DSTAGGER_CYCLES=0 ... 4.092 ms / 1070 TFLOPS  (216 regs, 6.5s)
[101/270] -DINTERLEAVE_STRATEGY=1 -DK_LOOP_UNROLL=2 -DMBAR_EARLY=1 -DNUM_EPI_WARPS=5 -DPHASE1_UNROLL=4 -DSTAGGER_CYCLES=0 -DW0_LOOP_UNROLL=1 ... 3.906 ms / 1121 TFLOPS  (196 regs, 6.6s)
[102/270] -DINTERLEAVE_STRATEGY=1 -DK_LOOP_UNROLL=2 -DMBAR_EARLY=1 -DNUM_EPI_WARPS=5 -DPHASE1_UNROLL=4 -DSTAGGER_CYCLES=0 -DW0_LOOP_UNROLL=4 ... 4.077 ms / 1074 TFLOPS  (216 regs, 6.3s)
[103/270] -DINTERLEAVE_STRATEGY=1 -DK_LOOP_UNROLL=2 -DMBAR_EARLY=1 -DNUM_EPI_WARPS=5 -DPHASE1_UNROLL=4 -DSTAGGER_CYCLES=0 -DSUB_MMA_UNROLL=1 ... 4.037 ms / 1085 TFLOPS  (206 regs, 6.5s)
[104/270] -DINTERLEAVE_STRATEGY=1 -DK_LOOP_UNROLL=2 -DMBAR_EARLY=1 -DNUM_EPI_WARPS=5 -DPHASE1_UNROLL=4 -DSTAGGER_CYCLES=0 -DSUB_MMA_UNROLL=1 -DW0_LOOP_UNROLL=1 ... 3.870 ms / 1132 TFLOPS  (188 regs, 6.4s)
[105/270] -DINTERLEAVE_STRATEGY=1 -DK_LOOP_UNROLL=2 -DMBAR_EARLY=1 -DNUM_EPI_WARPS=5 -DPHASE1_UNROLL=4 -DSTAGGER_CYCLES=0 -DSUB_MMA_UNROLL=1 -DW0_LOOP_UNROLL=4 ... 4.012 ms / 1092 TFLOPS  (206 regs, 6.6s)
[106/270] -DINTERLEAVE_STRATEGY=1 -DK_LOOP_UNROLL=2 -DMBAR_EARLY=1 -DNUM_EPI_WARPS=5 -DPHASE1_UNROLL=4 -DSTAGGER_CYCLES=0 -DSUB_MMA_UNROLL=3 ... 4.090 ms / 1071 TFLOPS  (216 regs, 6.5s)
[107/270] -DINTERLEAVE_STRATEGY=1 -DK_LOOP_UNROLL=2 -DMBAR_EARLY=1 -DNUM_EPI_WARPS=5 -DPHASE1_UNROLL=4 -DSTAGGER_CYCLES=0 -DSUB_MMA_UNROLL=3 -DW0_LOOP_UNROLL=1 ... 3.904 ms / 1122 TFLOPS  (196 regs, 6.3s)
[108/270] -DINTERLEAVE_STRATEGY=1 -DK_LOOP_UNROLL=2 -DMBAR_EARLY=1 -DNUM_EPI_WARPS=5 -DPHASE1_UNROLL=4 -DSTAGGER_CYCLES=0 -DSUB_MMA_UNROLL=3 -DW0_LOOP_UNROLL=4 ... 4.077 ms / 1074 TFLOPS  (216 regs, 6.5s)
[109/270] -DINTERLEAVE_STRATEGY=1 -DMBAR_EARLY=1 -DNUM_EPI_WARPS=5 -DPHASE1_UNROLL=1 -DSNAKE_ORDER=0 -DSTAGGER_CYCLES=0 ... 2.712 ms / 1615 TFLOPS  (220 regs, 5.9s)
[110/270] -DINTERLEAVE_STRATEGY=1 -DMBAR_EARLY=1 -DNUM_EPI_WARPS=5 -DPHASE1_UNROLL=1 -DSNAKE_ORDER=0 -DSTAGGER_CYCLES=0 -DW0_LOOP_UNROLL=1 ... 2.723 ms / 1608 TFLOPS  (204 regs, 5.8s)
[111/270] -DINTERLEAVE_STRATEGY=1 -DMBAR_EARLY=1 -DNUM_EPI_WARPS=5 -DPHASE1_UNROLL=1 -DSNAKE_ORDER=0 -DSTAGGER_CYCLES=0 -DW0_LOOP_UNROLL=4 ... 2.706 ms / 1619 TFLOPS  (220 regs, 5.9s)
[112/270] -DINTERLEAVE_STRATEGY=1 -DMBAR_EARLY=1 -DNUM_EPI_WARPS=5 -DPHASE1_UNROLL=1 -DSNAKE_ORDER=0 -DSTAGGER_CYCLES=0 -DSUB_MMA_UNROLL=1 ... 2.716 ms / 1613 TFLOPS  (175 regs, 5.9s)
[113/270] -DINTERLEAVE_STRATEGY=1 -DMBAR_EARLY=1 -DNUM_EPI_WARPS=5 -DPHASE1_UNROLL=1 -DSNAKE_ORDER=0 -DSTAGGER_CYCLES=0 -DSUB_MMA_UNROLL=1 -DW0_LOOP_UNROLL=1 ... 2.714 ms / 1614 TFLOPS  (159 regs, 5.7s)
[114/270] -DINTERLEAVE_STRATEGY=1 -DMBAR_EARLY=1 -DNUM_EPI_WARPS=5 -DPHASE1_UNROLL=1 -DSNAKE_ORDER=0 -DSTAGGER_CYCLES=0 -DSUB_MMA_UNROLL=1 -DW0_LOOP_UNROLL=4 ... 2.717 ms / 1612 TFLOPS  (175 regs, 5.8s)
[115/270] -DINTERLEAVE_STRATEGY=1 -DMBAR_EARLY=1 -DNUM_EPI_WARPS=5 -DPHASE1_UNROLL=1 -DSNAKE_ORDER=0 -DSTAGGER_CYCLES=0 -DSUB_MMA_UNROLL=3 ... 2.712 ms / 1615 TFLOPS  (220 regs, 6.0s)
[116/270] -DINTERLEAVE_STRATEGY=1 -DMBAR_EARLY=1 -DNUM_EPI_WARPS=5 -DPHASE1_UNROLL=1 -DSNAKE_ORDER=0 -DSTAGGER_CYCLES=0 -DSUB_MMA_UNROLL=3 -DW0_LOOP_UNROLL=1 ... 2.724 ms / 1608 TFLOPS  (204 regs, 5.9s)
[117/270] -DINTERLEAVE_STRATEGY=1 -DMBAR_EARLY=1 -DNUM_EPI_WARPS=5 -DPHASE1_UNROLL=1 -DSNAKE_ORDER=0 -DSTAGGER_CYCLES=0 -DSUB_MMA_UNROLL=3 -DW0_LOOP_UNROLL=4 ... 2.708 ms / 1617 TFLOPS  (220 regs, 6.0s)
[118/270] -DINTERLEAVE_STRATEGY=1 -DMBAR_EARLY=1 -DNUM_EPI_WARPS=5 -DPHASE1_UNROLL=1 -DSTAGGER_CYCLES=0 ... 2.708 ms / 1618 TFLOPS  (220 regs, 5.9s)
[119/270] -DINTERLEAVE_STRATEGY=1 -DMBAR_EARLY=1 -DNUM_EPI_WARPS=5 -DPHASE1_UNROLL=1 -DSTAGGER_CYCLES=0 -DW0_LOOP_UNROLL=1 ... 2.715 ms / 1613 TFLOPS  (204 regs, 5.9s)
[120/270] -DINTERLEAVE_STRATEGY=1 -DMBAR_EARLY=1 -DNUM_EPI_WARPS=5 -DPHASE1_UNROLL=1 -DSTAGGER_CYCLES=0 -DW0_LOOP_UNROLL=4 ... 2.706 ms / 1618 TFLOPS  (220 regs, 5.9s)
[121/270] -DINTERLEAVE_STRATEGY=1 -DMBAR_EARLY=1 -DNUM_EPI_WARPS=5 -DPHASE1_UNROLL=1 -DSTAGGER_CYCLES=0 -DSUB_MMA_UNROLL=1 ... 2.717 ms / 1612 TFLOPS  (175 regs, 5.9s)
[122/270] -DINTERLEAVE_STRATEGY=1 -DMBAR_EARLY=1 -DNUM_EPI_WARPS=5 -DPHASE1_UNROLL=1 -DSTAGGER_CYCLES=0 -DSUB_MMA_UNROLL=1 -DW0_LOOP_UNROLL=1 ... 2.707 ms / 1618 TFLOPS  (159 regs, 5.9s)
[123/270] -DINTERLEAVE_STRATEGY=1 -DMBAR_EARLY=1 -DNUM_EPI_WARPS=5 -DPHASE1_UNROLL=1 -DSTAGGER_CYCLES=0 -DSUB_MMA_UNROLL=1 -DW0_LOOP_UNROLL=4 ... 2.716 ms / 1613 TFLOPS  (175 regs, 6.0s)
[124/270] -DINTERLEAVE_STRATEGY=1 -DMBAR_EARLY=1 -DNUM_EPI_WARPS=5 -DPHASE1_UNROLL=1 -DSTAGGER_CYCLES=0 -DSUB_MMA_UNROLL=3 ... 2.704 ms / 1620 TFLOPS  (220 regs, 5.9s)
[125/270] -DINTERLEAVE_STRATEGY=1 -DMBAR_EARLY=1 -DNUM_EPI_WARPS=5 -DPHASE1_UNROLL=1 -DSTAGGER_CYCLES=0 -DSUB_MMA_UNROLL=3 -DW0_LOOP_UNROLL=1 ... 2.715 ms / 1613 TFLOPS  (204 regs, 5.8s)
[126/270] -DINTERLEAVE_STRATEGY=1 -DMBAR_EARLY=1 -DNUM_EPI_WARPS=5 -DPHASE1_UNROLL=1 -DSTAGGER_CYCLES=0 -DSUB_MMA_UNROLL=3 -DW0_LOOP_UNROLL=4 ... 2.706 ms / 1619 TFLOPS  (220 regs, 6.1s)
[127/270] -DINTERLEAVE_STRATEGY=1 -DMBAR_EARLY=1 -DNUM_EPI_WARPS=5 -DSNAKE_ORDER=0 -DSTAGGER_CYCLES=0 ... 2.506 ms / 1748 TFLOPS  (244 regs, 6.1s)
[128/270] -DINTERLEAVE_STRATEGY=1 -DMBAR_EARLY=1 -DNUM_EPI_WARPS=5 -DSNAKE_ORDER=0 -DSTAGGER_CYCLES=0 -DW0_LOOP_UNROLL=1 ... 2.638 ms / 1660 TFLOPS  (242 regs, 6.0s)
[129/270] -DINTERLEAVE_STRATEGY=1 -DMBAR_EARLY=1 -DNUM_EPI_WARPS=5 -DSNAKE_ORDER=0 -DSTAGGER_CYCLES=0 -DW0_LOOP_UNROLL=4 ... 2.495 ms / 1756 TFLOPS  (244 regs, 6.3s)
[130/270] -DINTERLEAVE_STRATEGY=1 -DMBAR_EARLY=1 -DNUM_EPI_WARPS=5 -DSNAKE_ORDER=0 -DSTAGGER_CYCLES=0 -DSUB_MMA_UNROLL=1 ... 2.654 ms / 1650 TFLOPS  (215 regs, 6.1s)
[131/270] -DINTERLEAVE_STRATEGY=1 -DMBAR_EARLY=1 -DNUM_EPI_WARPS=5 -DSNAKE_ORDER=0 -DSTAGGER_CYCLES=0 -DSUB_MMA_UNROLL=1 -DW0_LOOP_UNROLL=1 ... 2.631 ms / 1665 TFLOPS  (204 regs, 6.2s)
[132/270] -DINTERLEAVE_STRATEGY=1 -DMBAR_EARLY=1 -DNUM_EPI_WARPS=5 -DSNAKE_ORDER=0 -DSTAGGER_CYCLES=0 -DSUB_MMA_UNROLL=1 -DW0_LOOP_UNROLL=4 ... 2.632 ms / 1664 TFLOPS  (215 regs, 6.0s)
[133/270] -DINTERLEAVE_STRATEGY=1 -DMBAR_EARLY=1 -DNUM_EPI_WARPS=5 -DSNAKE_ORDER=0 -DSTAGGER_CYCLES=0 -DSUB_MMA_UNROLL=3 ... 2.507 ms / 1747 TFLOPS  (244 regs, 5.9s)
[134/270] -DINTERLEAVE_STRATEGY=1 -DMBAR_EARLY=1 -DNUM_EPI_WARPS=5 -DSNAKE_ORDER=0 -DSTAGGER_CYCLES=0 -DSUB_MMA_UNROLL=3 -DW0_LOOP_UNROLL=1 ... 2.639 ms / 1660 TFLOPS  (242 regs, 6.2s)
[135/270] -DINTERLEAVE_STRATEGY=1 -DMBAR_EARLY=1 -DNUM_EPI_WARPS=5 -DSNAKE_ORDER=0 -DSTAGGER_CYCLES=0 -DSUB_MMA_UNROLL=3 -DW0_LOOP_UNROLL=4 ... 2.494 ms / 1756 TFLOPS  (244 regs, 6.0s)
[136/270] -DINTERLEAVE_STRATEGY=1 -DMBAR_EARLY=1 -DNUM_EPI_WARPS=5 -DSTAGGER_CYCLES=0 ... 2.526 ms / 1734 TFLOPS  (244 regs, 6.2s)
[137/270] -DINTERLEAVE_STRATEGY=1 -DMBAR_EARLY=1 -DNUM_EPI_WARPS=5 -DSTAGGER_CYCLES=0 -DW0_LOOP_UNROLL=1 ... 2.638 ms / 1660 TFLOPS  (242 regs, 6.0s)
[138/270] -DINTERLEAVE_STRATEGY=1 -DMBAR_EARLY=1 -DNUM_EPI_WARPS=5 -DSTAGGER_CYCLES=0 -DW0_LOOP_UNROLL=4 ... 2.511 ms / 1744 TFLOPS  (244 regs, 6.2s)
[139/270] -DINTERLEAVE_STRATEGY=1 -DMBAR_EARLY=1 -DNUM_EPI_WARPS=5 -DSTAGGER_CYCLES=0 -DSUB_MMA_UNROLL=1 ... 2.652 ms / 1652 TFLOPS  (215 regs, 5.9s)
[140/270] -DINTERLEAVE_STRATEGY=1 -DMBAR_EARLY=1 -DNUM_EPI_WARPS=5 -DSTAGGER_CYCLES=0 -DSUB_MMA_UNROLL=1 -DW0_LOOP_UNROLL=1 ... 2.642 ms / 1658 TFLOPS  (204 regs, 6.2s)
[141/270] -DINTERLEAVE_STRATEGY=1 -DMBAR_EARLY=1 -DNUM_EPI_WARPS=5 -DSTAGGER_CYCLES=0 -DSUB_MMA_UNROLL=1 -DW0_LOOP_UNROLL=4 ... 2.637 ms / 1661 TFLOPS  (215 regs, 6.2s)
[142/270] -DINTERLEAVE_STRATEGY=1 -DMBAR_EARLY=1 -DNUM_EPI_WARPS=5 -DSTAGGER_CYCLES=0 -DSUB_MMA_UNROLL=3 ... 2.528 ms / 1733 TFLOPS  (244 regs, 6.1s)
[143/270] -DINTERLEAVE_STRATEGY=1 -DMBAR_EARLY=1 -DNUM_EPI_WARPS=5 -DSTAGGER_CYCLES=0 -DSUB_MMA_UNROLL=3 -DW0_LOOP_UNROLL=1 ... 2.639 ms / 1660 TFLOPS  (242 regs, 6.1s)
[144/270] -DINTERLEAVE_STRATEGY=1 -DMBAR_EARLY=1 -DNUM_EPI_WARPS=5 -DSTAGGER_CYCLES=0 -DSUB_MMA_UNROLL=3 -DW0_LOOP_UNROLL=4 ... 2.513 ms / 1743 TFLOPS  (244 regs, 6.3s)
[145/270] -DINTERLEAVE_STRATEGY=1 -DMBAR_EARLY=1 -DNUM_EPI_WARPS=5 -DPHASE1_UNROLL=4 -DSNAKE_ORDER=0 -DSTAGGER_CYCLES=0 ... 4.173 ms / 1050 TFLOPS  (245 regs, 6.6s)
[146/270] -DINTERLEAVE_STRATEGY=1 -DMBAR_EARLY=1 -DNUM_EPI_WARPS=5 -DPHASE1_UNROLL=4 -DSNAKE_ORDER=0 -DSTAGGER_CYCLES=0 -DW0_LOOP_UNROLL=1 ... 3.879 ms / 1129 TFLOPS  (240 regs, 6.6s)
[147/270] -DINTERLEAVE_STRATEGY=1 -DMBAR_EARLY=1 -DNUM_EPI_WARPS=5 -DPHASE1_UNROLL=4 -DSNAKE_ORDER=0 -DSTAGGER_CYCLES=0 -DW0_LOOP_UNROLL=4 ... 4.049 ms / 1082 TFLOPS  (245 regs, 6.5s)
[148/270] -DINTERLEAVE_STRATEGY=1 -DMBAR_EARLY=1 -DNUM_EPI_WARPS=5 -DPHASE1_UNROLL=4 -DSNAKE_ORDER=0 -DSTAGGER_CYCLES=0 -DSUB_MMA_UNROLL=1 ... 4.013 ms / 1091 TFLOPS  (218 regs, 6.3s)
[149/270] -DINTERLEAVE_STRATEGY=1 -DMBAR_EARLY=1 -DNUM_EPI_WARPS=5 -DPHASE1_UNROLL=4 -DSNAKE_ORDER=0 -DSTAGGER_CYCLES=0 -DSUB_MMA_UNROLL=1 -DW0_LOOP_UNROLL=1 ... 3.801 ms / 1152 TFLOPS  (202 regs, 6.4s)
[150/270] -DINTERLEAVE_STRATEGY=1 -DMBAR_EARLY=1 -DNUM_EPI_WARPS=5 -DPHASE1_UNROLL=4 -DSNAKE_ORDER=0 -DSTAGGER_CYCLES=0 -DSUB_MMA_UNROLL=1 -DW0_LOOP_UNROLL=4 ... 3.983 ms / 1100 TFLOPS  (218 regs, 6.6s)
[151/270] -DINTERLEAVE_STRATEGY=1 -DMBAR_EARLY=1 -DNUM_EPI_WARPS=5 -DPHASE1_UNROLL=4 -DSNAKE_ORDER=0 -DSTAGGER_CYCLES=0 -DSUB_MMA_UNROLL=3 ... 4.172 ms / 1050 TFLOPS  (245 regs, 6.3s)
[152/270] -DINTERLEAVE_STRATEGY=1 -DMBAR_EARLY=1 -DNUM_EPI_WARPS=5 -DPHASE1_UNROLL=4 -DSNAKE_ORDER=0 -DSTAGGER_CYCLES=0 -DSUB_MMA_UNROLL=3 -DW0_LOOP_UNROLL=1 ... 3.880 ms / 1129 TFLOPS  (240 regs, 6.5s)
[153/270] -DINTERLEAVE_STRATEGY=1 -DMBAR_EARLY=1 -DNUM_EPI_WARPS=5 -DPHASE1_UNROLL=4 -DSNAKE_ORDER=0 -DSTAGGER_CYCLES=0 -DSUB_MMA_UNROLL=3 -DW0_LOOP_UNROLL=4 ... 4.047 ms / 1082 TFLOPS  (245 regs, 6.5s)
[154/270] -DINTERLEAVE_STRATEGY=1 -DMBAR_EARLY=1 -DNUM_EPI_WARPS=5 -DPHASE1_UNROLL=4 -DSTAGGER_CYCLES=0 ... 4.179 ms / 1048 TFLOPS  (245 regs, 6.3s)
[155/270] -DINTERLEAVE_STRATEGY=1 -DMBAR_EARLY=1 -DNUM_EPI_WARPS=5 -DPHASE1_UNROLL=4 -DSTAGGER_CYCLES=0 -DW0_LOOP_UNROLL=1 ... 3.892 ms / 1125 TFLOPS  (240 regs, 6.6s)
[156/270] -DINTERLEAVE_STRATEGY=1 -DMBAR_EARLY=1 -DNUM_EPI_WARPS=5 -DPHASE1_UNROLL=4 -DSTAGGER_CYCLES=0 -DW0_LOOP_UNROLL=4 ... 4.084 ms / 1073 TFLOPS  (245 regs, 6.4s)
[157/270] -DINTERLEAVE_STRATEGY=1 -DMBAR_EARLY=1 -DNUM_EPI_WARPS=5 -DPHASE1_UNROLL=4 -DSTAGGER_CYCLES=0 -DSUB_MMA_UNROLL=1 ... 4.042 ms / 1084 TFLOPS  (218 regs, 6.6s)
[158/270] -DINTERLEAVE_STRATEGY=1 -DMBAR_EARLY=1 -DNUM_EPI_WARPS=5 -DPHASE1_UNROLL=4 -DSTAGGER_CYCLES=0 -DSUB_MMA_UNROLL=1 -DW0_LOOP_UNROLL=1 ... 3.796 ms / 1154 TFLOPS  (202 regs, 6.3s)
[159/270] -DINTERLEAVE_STRATEGY=1 -DMBAR_EARLY=1 -DNUM_EPI_WARPS=5 -DPHASE1_UNROLL=4 -DSTAGGER_CYCLES=0 -DSUB_MMA_UNROLL=1 -DW0_LOOP_UNROLL=4 ... 4.000 ms / 1095 TFLOPS  (218 regs, 6.6s)
[160/270] -DINTERLEAVE_STRATEGY=1 -DMBAR_EARLY=1 -DNUM_EPI_WARPS=5 -DPHASE1_UNROLL=4 -DSTAGGER_CYCLES=0 -DSUB_MMA_UNROLL=3 ... 4.182 ms / 1047 TFLOPS  (245 regs, 6.4s)
[161/270] -DINTERLEAVE_STRATEGY=1 -DMBAR_EARLY=1 -DNUM_EPI_WARPS=5 -DPHASE1_UNROLL=4 -DSTAGGER_CYCLES=0 -DSUB_MMA_UNROLL=3 -DW0_LOOP_UNROLL=1 ... 3.892 ms / 1125 TFLOPS  (240 regs, 6.5s)
[162/270] -DINTERLEAVE_STRATEGY=1 -DMBAR_EARLY=1 -DNUM_EPI_WARPS=5 -DPHASE1_UNROLL=4 -DSTAGGER_CYCLES=0 -DSUB_MMA_UNROLL=3 -DW0_LOOP_UNROLL=4 ... 4.083 ms / 1073 TFLOPS  (245 regs, 6.5s)
[163/270] -DINTERLEAVE_STRATEGY=1 -DK_LOOP_UNROLL=6 -DMBAR_EARLY=1 -DNUM_EPI_WARPS=5 -DPHASE1_UNROLL=1 -DSNAKE_ORDER=0 -DSTAGGER_CYCLES=0 ... 2.653 ms / 1651 TFLOPS  (186 regs, 6.0s)
[164/270] -DINTERLEAVE_STRATEGY=1 -DK_LOOP_UNROLL=6 -DMBAR_EARLY=1 -DNUM_EPI_WARPS=5 -DPHASE1_UNROLL=1 -DSNAKE_ORDER=0 -DSTAGGER_CYCLES=0 -DW0_LOOP_UNROLL=1 ... 2.686 ms / 1631 TFLOPS  (168 regs, 5.7s)
[165/270] -DINTERLEAVE_STRATEGY=1 -DK_LOOP_UNROLL=6 -DMBAR_EARLY=1 -DNUM_EPI_WARPS=5 -DPHASE1_UNROLL=1 -DSNAKE_ORDER=0 -DSTAGGER_CYCLES=0 -DW0_LOOP_UNROLL=4 ... 2.695 ms / 1625 TFLOPS  (181 regs, 6.0s)
[166/270] -DINTERLEAVE_STRATEGY=1 -DK_LOOP_UNROLL=6 -DMBAR_EARLY=1 -DNUM_EPI_WARPS=5 -DPHASE1_UNROLL=1 -DSNAKE_ORDER=0 -DSTAGGER_CYCLES=0 -DSUB_MMA_UNROLL=1 ... 2.711 ms / 1615 TFLOPS  (175 regs, 5.9s)
[167/270] -DINTERLEAVE_STRATEGY=1 -DK_LOOP_UNROLL=6 -DMBAR_EARLY=1 -DNUM_EPI_WARPS=5 -DPHASE1_UNROLL=1 -DSNAKE_ORDER=0 -DSTAGGER_CYCLES=0 -DSUB_MMA_UNROLL=1 -DW0_LOOP_UNROLL=1 ... 2.709 ms / 1617 TFLOPS  (159 regs, 5.7s)
[168/270] -DINTERLEAVE_STRATEGY=1 -DK_LOOP_UNROLL=6 -DMBAR_EARLY=1 -DNUM_EPI_WARPS=5 -DPHASE1_UNROLL=1 -DSNAKE_ORDER=0 -DSTAGGER_CYCLES=0 -DSUB_MMA_UNROLL=1 -DW0_LOOP_UNROLL=4 ... 2.712 ms / 1615 TFLOPS  (175 regs, 5.9s)
[169/270] -DINTERLEAVE_STRATEGY=1 -DK_LOOP_UNROLL=6 -DMBAR_EARLY=1 -DNUM_EPI_WARPS=5 -DPHASE1_UNROLL=1 -DSNAKE_ORDER=0 -DSTAGGER_CYCLES=0 -DSUB_MMA_UNROLL=3 ... 2.651 ms / 1652 TFLOPS  (186 regs, 5.8s)
[170/270] -DINTERLEAVE_STRATEGY=1 -DK_LOOP_UNROLL=6 -DMBAR_EARLY=1 -DNUM_EPI_WARPS=5 -DPHASE1_UNROLL=1 -DSNAKE_ORDER=0 -DSTAGGER_CYCLES=0 -DSUB_MMA_UNROLL=3 -DW0_LOOP_UNROLL=1 ... 2.685 ms / 1631 TFLOPS  (168 regs, 5.9s)
[171/270] -DINTERLEAVE_STRATEGY=1 -DK_LOOP_UNROLL=6 -DMBAR_EARLY=1 -DNUM_EPI_WARPS=5 -DPHASE1_UNROLL=1 -DSNAKE_ORDER=0 -DSTAGGER_CYCLES=0 -DSUB_MMA_UNROLL=3 -DW0_LOOP_UNROLL=4 ... 2.697 ms / 1624 TFLOPS  (181 regs, 6.0s)
[172/270] -DINTERLEAVE_STRATEGY=1 -DK_LOOP_UNROLL=6 -DMBAR_EARLY=1 -DNUM_EPI_WARPS=5 -DPHASE1_UNROLL=1 -DSTAGGER_CYCLES=0 ... 2.646 ms / 1655 TFLOPS  (186 regs, 6.0s)
[173/270] -DINTERLEAVE_STRATEGY=1 -DK_LOOP_UNROLL=6 -DMBAR_EARLY=1 -DNUM_EPI_WARPS=5 -DPHASE1_UNROLL=1 -DSTAGGER_CYCLES=0 -DW0_LOOP_UNROLL=1 ... 2.685 ms / 1632 TFLOPS  (168 regs, 6.0s)
[174/270] -DINTERLEAVE_STRATEGY=1 -DK_LOOP_UNROLL=6 -DMBAR_EARLY=1 -DNUM_EPI_WARPS=5 -DPHASE1_UNROLL=1 -DSTAGGER_CYCLES=0 -DW0_LOOP_UNROLL=4 ... 2.699 ms / 1623 TFLOPS  (181 regs, 5.9s)
[175/270] -DINTERLEAVE_STRATEGY=1 -DK_LOOP_UNROLL=6 -DMBAR_EARLY=1 -DNUM_EPI_WARPS=5 -DPHASE1_UNROLL=1 -DSTAGGER_CYCLES=0 -DSUB_MMA_UNROLL=1 ... 2.709 ms / 1617 TFLOPS  (175 regs, 5.7s)
[176/270] -DINTERLEAVE_STRATEGY=1 -DK_LOOP_UNROLL=6 -DMBAR_EARLY=1 -DNUM_EPI_WARPS=5 -DPHASE1_UNROLL=1 -DSTAGGER_CYCLES=0 -DSUB_MMA_UNROLL=1 -DW0_LOOP_UNROLL=1 ... 2.700 ms / 1622 TFLOPS  (159 regs, 5.9s)
[177/270] -DINTERLEAVE_STRATEGY=1 -DK_LOOP_UNROLL=6 -DMBAR_EARLY=1 -DNUM_EPI_WARPS=5 -DPHASE1_UNROLL=1 -DSTAGGER_CYCLES=0 -DSUB_MMA_UNROLL=1 -DW0_LOOP_UNROLL=4 ... 2.711 ms / 1616 TFLOPS  (175 regs, 5.9s)
[178/270] -DINTERLEAVE_STRATEGY=1 -DK_LOOP_UNROLL=6 -DMBAR_EARLY=1 -DNUM_EPI_WARPS=5 -DPHASE1_UNROLL=1 -DSTAGGER_CYCLES=0 -DSUB_MMA_UNROLL=3 ... 2.646 ms / 1655 TFLOPS  (186 regs, 5.9s)
[179/270] -DINTERLEAVE_STRATEGY=1 -DK_LOOP_UNROLL=6 -DMBAR_EARLY=1 -DNUM_EPI_WARPS=5 -DPHASE1_UNROLL=1 -DSTAGGER_CYCLES=0 -DSUB_MMA_UNROLL=3 -DW0_LOOP_UNROLL=1 ... 2.683 ms / 1632 TFLOPS  (168 regs, 5.9s)
[180/270] -DINTERLEAVE_STRATEGY=1 -DK_LOOP_UNROLL=6 -DMBAR_EARLY=1 -DNUM_EPI_WARPS=5 -DPHASE1_UNROLL=1 -DSTAGGER_CYCLES=0 -DSUB_MMA_UNROLL=3 -DW0_LOOP_UNROLL=4 ... 2.700 ms / 1622 TFLOPS  (181 regs, 6.0s)
[181/270] -DINTERLEAVE_STRATEGY=1 -DK_LOOP_UNROLL=6 -DMBAR_EARLY=1 -DNUM_EPI_WARPS=5 -DSNAKE_ORDER=0 -DSTAGGER_CYCLES=0 ... 2.715 ms / 1613 TFLOPS  (223 regs, 6.1s)
[182/270] -DINTERLEAVE_STRATEGY=1 -DK_LOOP_UNROLL=6 -DMBAR_EARLY=1 -DNUM_EPI_WARPS=5 -DSNAKE_ORDER=0 -DSTAGGER_CYCLES=0 -DW0_LOOP_UNROLL=1 ... 2.618 ms / 1673 TFLOPS  (212 regs, 6.1s)
[183/270] -DINTERLEAVE_STRATEGY=1 -DK_LOOP_UNROLL=6 -DMBAR_EARLY=1 -DNUM_EPI_WARPS=5 -DSNAKE_ORDER=0 -DSTAGGER_CYCLES=0 -DW0_LOOP_UNROLL=4 ... 2.680 ms / 1635 TFLOPS  (223 regs, 6.1s)
[184/270] -DINTERLEAVE_STRATEGY=1 -DK_LOOP_UNROLL=6 -DMBAR_EARLY=1 -DNUM_EPI_WARPS=5 -DSNAKE_ORDER=0 -DSTAGGER_CYCLES=0 -DSUB_MMA_UNROLL=1 ... 2.632 ms / 1664 TFLOPS  (215 regs, 6.1s)
[185/270] -DINTERLEAVE_STRATEGY=1 -DK_LOOP_UNROLL=6 -DMBAR_EARLY=1 -DNUM_EPI_WARPS=5 -DSNAKE_ORDER=0 -DSTAGGER_CYCLES=0 -DSUB_MMA_UNROLL=1 -DW0_LOOP_UNROLL=1 ... 2.631 ms / 1664 TFLOPS  (204 regs, 6.1s)
[186/270] -DINTERLEAVE_STRATEGY=1 -DK_LOOP_UNROLL=6 -DMBAR_EARLY=1 -DNUM_EPI_WARPS=5 -DSNAKE_ORDER=0 -DSTAGGER_CYCLES=0 -DSUB_MMA_UNROLL=1 -DW0_LOOP_UNROLL=4 ... 2.621 ms / 1671 TFLOPS  (215 regs, 6.0s)
[187/270] -DINTERLEAVE_STRATEGY=1 -DK_LOOP_UNROLL=6 -DMBAR_EARLY=1 -DNUM_EPI_WARPS=5 -DSNAKE_ORDER=0 -DSTAGGER_CYCLES=0 -DSUB_MMA_UNROLL=3 ... 2.714 ms / 1614 TFLOPS  (223 regs, 6.1s)
[188/270] -DINTERLEAVE_STRATEGY=1 -DK_LOOP_UNROLL=6 -DMBAR_EARLY=1 -DNUM_EPI_WARPS=5 -DSNAKE_ORDER=0 -DSTAGGER_CYCLES=0 -DSUB_MMA_UNROLL=3 -DW0_LOOP_UNROLL=1 ... 2.616 ms / 1674 TFLOPS  (212 regs, 6.1s)
[189/270] -DINTERLEAVE_STRATEGY=1 -DK_LOOP_UNROLL=6 -DMBAR_EARLY=1 -DNUM_EPI_WARPS=5 -DSNAKE_ORDER=0 -DSTAGGER_CYCLES=0 -DSUB_MMA_UNROLL=3 -DW0_LOOP_UNROLL=4 ... 2.680 ms / 1635 TFLOPS  (223 regs, 6.0s)
[190/270] -DINTERLEAVE_STRATEGY=1 -DK_LOOP_UNROLL=6 -DMBAR_EARLY=1 -DNUM_EPI_WARPS=5 -DSTAGGER_CYCLES=0 ... 2.722 ms / 1609 TFLOPS  (223 regs, 6.2s)
[191/270] -DINTERLEAVE_STRATEGY=1 -DK_LOOP_UNROLL=6 -DMBAR_EARLY=1 -DNUM_EPI_WARPS=5 -DSTAGGER_CYCLES=0 -DW0_LOOP_UNROLL=1 ... 2.624 ms / 1669 TFLOPS  (212 regs, 6.1s)
[192/270] -DINTERLEAVE_STRATEGY=1 -DK_LOOP_UNROLL=6 -DMBAR_EARLY=1 -DNUM_EPI_WARPS=5 -DSTAGGER_CYCLES=0 -DW0_LOOP_UNROLL=4 ... 2.698 ms / 1624 TFLOPS  (223 regs, 6.1s)
[193/270] -DINTERLEAVE_STRATEGY=1 -DK_LOOP_UNROLL=6 -DMBAR_EARLY=1 -DNUM_EPI_WARPS=5 -DSTAGGER_CYCLES=0 -DSUB_MMA_UNROLL=1 ... 2.653 ms / 1651 TFLOPS  (215 regs, 6.1s)
[194/270] -DINTERLEAVE_STRATEGY=1 -DK_LOOP_UNROLL=6 -DMBAR_EARLY=1 -DNUM_EPI_WARPS=5 -DSTAGGER_CYCLES=0 -DSUB_MMA_UNROLL=1 -DW0_LOOP_UNROLL=1 ... 2.634 ms / 1663 TFLOPS  (204 regs, 6.1s)
[195/270] -DINTERLEAVE_STRATEGY=1 -DK_LOOP_UNROLL=6 -DMBAR_EARLY=1 -DNUM_EPI_WARPS=5 -DSTAGGER_CYCLES=0 -DSUB_MMA_UNROLL=1 -DW0_LOOP_UNROLL=4 ... 2.636 ms / 1661 TFLOPS  (215 regs, 6.1s)
[196/270] -DINTERLEAVE_STRATEGY=1 -DK_LOOP_UNROLL=6 -DMBAR_EARLY=1 -DNUM_EPI_WARPS=5 -DSTAGGER_CYCLES=0 -DSUB_MMA_UNROLL=3 ... 2.724 ms / 1608 TFLOPS  (223 regs, 6.1s)
[197/270] -DINTERLEAVE_STRATEGY=1 -DK_LOOP_UNROLL=6 -DMBAR_EARLY=1 -DNUM_EPI_WARPS=5 -DSTAGGER_CYCLES=0 -DSUB_MMA_UNROLL=3 -DW0_LOOP_UNROLL=1 ... 2.624 ms / 1669 TFLOPS  (212 regs, 6.1s)
[198/270] -DINTERLEAVE_STRATEGY=1 -DK_LOOP_UNROLL=6 -DMBAR_EARLY=1 -DNUM_EPI_WARPS=5 -DSTAGGER_CYCLES=0 -DSUB_MMA_UNROLL=3 -DW0_LOOP_UNROLL=4 ... 2.698 ms / 1624 TFLOPS  (223 regs, 6.1s)
[199/270] -DINTERLEAVE_STRATEGY=1 -DK_LOOP_UNROLL=6 -DMBAR_EARLY=1 -DNUM_EPI_WARPS=5 -DPHASE1_UNROLL=4 -DSNAKE_ORDER=0 -DSTAGGER_CYCLES=0 ... 4.187 ms / 1046 TFLOPS  (228 regs, 6.5s)
[200/270] -DINTERLEAVE_STRATEGY=1 -DK_LOOP_UNROLL=6 -DMBAR_EARLY=1 -DNUM_EPI_WARPS=5 -DPHASE1_UNROLL=4 -DSNAKE_ORDER=0 -DSTAGGER_CYCLES=0 -DW0_LOOP_UNROLL=1 ... 4.080 ms / 1074 TFLOPS  (212 regs, 6.5s)
[201/270] -DINTERLEAVE_STRATEGY=1 -DK_LOOP_UNROLL=6 -DMBAR_EARLY=1 -DNUM_EPI_WARPS=5 -DPHASE1_UNROLL=4 -DSNAKE_ORDER=0 -DSTAGGER_CYCLES=0 -DW0_LOOP_UNROLL=4 ... 4.174 ms / 1049 TFLOPS  (228 regs, 6.3s)
[202/270] -DINTERLEAVE_STRATEGY=1 -DK_LOOP_UNROLL=6 -DMBAR_EARLY=1 -DNUM_EPI_WARPS=5 -DPHASE1_UNROLL=4 -DSNAKE_ORDER=0 -DSTAGGER_CYCLES=0 -DSUB_MMA_UNROLL=1 ... 4.008 ms / 1093 TFLOPS  (218 regs, 6.5s)
[203/270] -DINTERLEAVE_STRATEGY=1 -DK_LOOP_UNROLL=6 -DMBAR_EARLY=1 -DNUM_EPI_WARPS=5 -DPHASE1_UNROLL=4 -DSNAKE_ORDER=0 -DSTAGGER_CYCLES=0 -DSUB_MMA_UNROLL=1 -DW0_LOOP_UNROLL=1 ... 3.847 ms / 1139 TFLOPS  (202 regs, 6.5s)
[204/270] -DINTERLEAVE_STRATEGY=1 -DK_LOOP_UNROLL=6 -DMBAR_EARLY=1 -DNUM_EPI_WARPS=5 -DPHASE1_UNROLL=4 -DSNAKE_ORDER=0 -DSTAGGER_CYCLES=0 -DSUB_MMA_UNROLL=1 -DW0_LOOP_UNROLL=4 ... 3.974 ms / 1102 TFLOPS  (218 regs, 6.5s)
[205/270] -DINTERLEAVE_STRATEGY=1 -DK_LOOP_UNROLL=6 -DMBAR_EARLY=1 -DNUM_EPI_WARPS=5 -DPHASE1_UNROLL=4 -DSNAKE_ORDER=0 -DSTAGGER_CYCLES=0 -DSUB_MMA_UNROLL=3 ... 4.187 ms / 1046 TFLOPS  (228 regs, 6.5s)
[206/270] -DINTERLEAVE_STRATEGY=1 -DK_LOOP_UNROLL=6 -DMBAR_EARLY=1 -DNUM_EPI_WARPS=5 -DPHASE1_UNROLL=4 -DSNAKE_ORDER=0 -DSTAGGER_CYCLES=0 -DSUB_MMA_UNROLL=3 -DW0_LOOP_UNROLL=1 ... 4.083 ms / 1073 TFLOPS  (212 regs, 6.5s)
[207/270] -DINTERLEAVE_STRATEGY=1 -DK_LOOP_UNROLL=6 -DMBAR_EARLY=1 -DNUM_EPI_WARPS=5 -DPHASE1_UNROLL=4 -DSNAKE_ORDER=0 -DSTAGGER_CYCLES=0 -DSUB_MMA_UNROLL=3 -DW0_LOOP_UNROLL=4 ... 4.174 ms / 1049 TFLOPS  (228 regs, 6.4s)
[208/270] -DINTERLEAVE_STRATEGY=1 -DK_LOOP_UNROLL=6 -DMBAR_EARLY=1 -DNUM_EPI_WARPS=5 -DPHASE1_UNROLL=4 -DSTAGGER_CYCLES=0 ... 4.215 ms / 1039 TFLOPS  (228 regs, 6.6s)
[209/270] -DINTERLEAVE_STRATEGY=1 -DK_LOOP_UNROLL=6 -DMBAR_EARLY=1 -DNUM_EPI_WARPS=5 -DPHASE1_UNROLL=4 -DSTAGGER_CYCLES=0 -DW0_LOOP_UNROLL=1 ... 4.076 ms / 1075 TFLOPS  (212 regs, 6.3s)
[210/270] -DINTERLEAVE_STRATEGY=1 -DK_LOOP_UNROLL=6 -DMBAR_EARLY=1 -DNUM_EPI_WARPS=5 -DPHASE1_UNROLL=4 -DSTAGGER_CYCLES=0 -DW0_LOOP_UNROLL=4 ... 4.167 ms / 1051 TFLOPS  (228 regs, 6.4s)
[211/270] -DINTERLEAVE_STRATEGY=1 -DK_LOOP_UNROLL=6 -DMBAR_EARLY=1 -DNUM_EPI_WARPS=5 -DPHASE1_UNROLL=4 -DSTAGGER_CYCLES=0 -DSUB_MMA_UNROLL=1 ... 4.038 ms / 1085 TFLOPS  (218 regs, 6.6s)
[212/270] -DINTERLEAVE_STRATEGY=1 -DK_LOOP_UNROLL=6 -DMBAR_EARLY=1 -DNUM_EPI_WARPS=5 -DPHASE1_UNROLL=4 -DSTAGGER_CYCLES=0 -DSUB_MMA_UNROLL=1 -DW0_LOOP_UNROLL=1 ... 3.872 ms / 1131 TFLOPS  (202 regs, 6.5s)
[213/270] -DINTERLEAVE_STRATEGY=1 -DK_LOOP_UNROLL=6 -DMBAR_EARLY=1 -DNUM_EPI_WARPS=5 -DPHASE1_UNROLL=4 -DSTAGGER_CYCLES=0 -DSUB_MMA_UNROLL=1 -DW0_LOOP_UNROLL=4 ... 4.000 ms / 1095 TFLOPS  (218 regs, 6.5s)
[214/270] -DINTERLEAVE_STRATEGY=1 -DK_LOOP_UNROLL=6 -DMBAR_EARLY=1 -DNUM_EPI_WARPS=5 -DPHASE1_UNROLL=4 -DSTAGGER_CYCLES=0 -DSUB_MMA_UNROLL=3 ... 4.215 ms / 1039 TFLOPS  (228 regs, 6.3s)
[215/270] -DINTERLEAVE_STRATEGY=1 -DK_LOOP_UNROLL=6 -DMBAR_EARLY=1 -DNUM_EPI_WARPS=5 -DPHASE1_UNROLL=4 -DSTAGGER_CYCLES=0 -DSUB_MMA_UNROLL=3 -DW0_LOOP_UNROLL=1 ... 4.077 ms / 1074 TFLOPS  (212 regs, 6.6s)
[216/270] -DINTERLEAVE_STRATEGY=1 -DK_LOOP_UNROLL=6 -DMBAR_EARLY=1 -DNUM_EPI_WARPS=5 -DPHASE1_UNROLL=4 -DSTAGGER_CYCLES=0 -DSUB_MMA_UNROLL=3 -DW0_LOOP_UNROLL=4 ... 4.167 ms / 1051 TFLOPS  (228 regs, 6.5s)
[217/270] -DINTERLEAVE_STRATEGY=1 -DK_LOOP_UNROLL=8 -DMBAR_EARLY=1 -DNUM_EPI_WARPS=5 -DPHASE1_UNROLL=1 -DSNAKE_ORDER=0 -DSTAGGER_CYCLES=0 ... 2.673 ms / 1639 TFLOPS  (224 regs, 5.9s)
[218/270] -DINTERLEAVE_STRATEGY=1 -DK_LOOP_UNROLL=8 -DMBAR_EARLY=1 -DNUM_EPI_WARPS=5 -DPHASE1_UNROLL=1 -DSNAKE_ORDER=0 -DSTAGGER_CYCLES=0 -DW0_LOOP_UNROLL=1 ... 2.721 ms / 1610 TFLOPS  (204 regs, 5.8s)
[219/270] -DINTERLEAVE_STRATEGY=1 -DK_LOOP_UNROLL=8 -DMBAR_EARLY=1 -DNUM_EPI_WARPS=5 -DPHASE1_UNROLL=1 -DSNAKE_ORDER=0 -DSTAGGER_CYCLES=0 -DW0_LOOP_UNROLL=4 ... 2.728 ms / 1606 TFLOPS  (219 regs, 5.8s)
[220/270] -DINTERLEAVE_STRATEGY=1 -DK_LOOP_UNROLL=8 -DMBAR_EARLY=1 -DNUM_EPI_WARPS=5 -DPHASE1_UNROLL=1 -DSNAKE_ORDER=0 -DSTAGGER_CYCLES=0 -DSUB_MMA_UNROLL=1 ... 2.712 ms / 1615 TFLOPS  (175 regs, 5.7s)
[221/270] -DINTERLEAVE_STRATEGY=1 -DK_LOOP_UNROLL=8 -DMBAR_EARLY=1 -DNUM_EPI_WARPS=5 -DPHASE1_UNROLL=1 -DSNAKE_ORDER=0 -DSTAGGER_CYCLES=0 -DSUB_MMA_UNROLL=1 -DW0_LOOP_UNROLL=1 ... 2.709 ms / 1617 TFLOPS  (159 regs, 5.7s)
[222/270] -DINTERLEAVE_STRATEGY=1 -DK_LOOP_UNROLL=8 -DMBAR_EARLY=1 -DNUM_EPI_WARPS=5 -DPHASE1_UNROLL=1 -DSNAKE_ORDER=0 -DSTAGGER_CYCLES=0 -DSUB_MMA_UNROLL=1 -DW0_LOOP_UNROLL=4 ... 2.713 ms / 1614 TFLOPS  (175 regs, 6.1s)
[223/270] -DINTERLEAVE_STRATEGY=1 -DK_LOOP_UNROLL=8 -DMBAR_EARLY=1 -DNUM_EPI_WARPS=5 -DPHASE1_UNROLL=1 -DSNAKE_ORDER=0 -DSTAGGER_CYCLES=0 -DSUB_MMA_UNROLL=3 ... 2.673 ms / 1639 TFLOPS  (224 regs, 5.8s)
[224/270] -DINTERLEAVE_STRATEGY=1 -DK_LOOP_UNROLL=8 -DMBAR_EARLY=1 -DNUM_EPI_WARPS=5 -DPHASE1_UNROLL=1 -DSNAKE_ORDER=0 -DSTAGGER_CYCLES=0 -DSUB_MMA_UNROLL=3 -DW0_LOOP_UNROLL=1 ... 2.719 ms / 1611 TFLOPS  (204 regs, 5.8s)
[225/270] -DINTERLEAVE_STRATEGY=1 -DK_LOOP_UNROLL=8 -DMBAR_EARLY=1 -DNUM_EPI_WARPS=5 -DPHASE1_UNROLL=1 -DSNAKE_ORDER=0 -DSTAGGER_CYCLES=0 -DSUB_MMA_UNROLL=3 -DW0_LOOP_UNROLL=4 ... 2.727 ms / 1606 TFLOPS  (219 regs, 5.9s)
[226/270] -DINTERLEAVE_STRATEGY=1 -DK_LOOP_UNROLL=8 -DMBAR_EARLY=1 -DNUM_EPI_WARPS=5 -DPHASE1_UNROLL=1 -DSTAGGER_CYCLES=0 ... 2.667 ms / 1643 TFLOPS  (224 regs, 5.8s)
[227/270] -DINTERLEAVE_STRATEGY=1 -DK_LOOP_UNROLL=8 -DMBAR_EARLY=1 -DNUM_EPI_WARPS=5 -DPHASE1_UNROLL=1 -DSTAGGER_CYCLES=0 -DW0_LOOP_UNROLL=1 ... 2.714 ms / 1614 TFLOPS  (204 regs, 5.9s)
[228/270] -DINTERLEAVE_STRATEGY=1 -DK_LOOP_UNROLL=8 -DMBAR_EARLY=1 -DNUM_EPI_WARPS=5 -DPHASE1_UNROLL=1 -DSTAGGER_CYCLES=0 -DW0_LOOP_UNROLL=4 ... 2.730 ms / 1604 TFLOPS  (219 regs, 5.9s)
[229/270] -DINTERLEAVE_STRATEGY=1 -DK_LOOP_UNROLL=8 -DMBAR_EARLY=1 -DNUM_EPI_WARPS=5 -DPHASE1_UNROLL=1 -DSTAGGER_CYCLES=0 -DSUB_MMA_UNROLL=1 ... 2.708 ms / 1618 TFLOPS  (175 regs, 5.9s)
[230/270] -DINTERLEAVE_STRATEGY=1 -DK_LOOP_UNROLL=8 -DMBAR_EARLY=1 -DNUM_EPI_WARPS=5 -DPHASE1_UNROLL=1 -DSTAGGER_CYCLES=0 -DSUB_MMA_UNROLL=1 -DW0_LOOP_UNROLL=1 ... 2.702 ms / 1621 TFLOPS  (159 regs, 5.8s)
[231/270] -DINTERLEAVE_STRATEGY=1 -DK_LOOP_UNROLL=8 -DMBAR_EARLY=1 -DNUM_EPI_WARPS=5 -DPHASE1_UNROLL=1 -DSTAGGER_CYCLES=0 -DSUB_MMA_UNROLL=1 -DW0_LOOP_UNROLL=4 ... 2.710 ms / 1616 TFLOPS  (175 regs, 5.8s)
[232/270] -DINTERLEAVE_STRATEGY=1 -DK_LOOP_UNROLL=8 -DMBAR_EARLY=1 -DNUM_EPI_WARPS=5 -DPHASE1_UNROLL=1 -DSTAGGER_CYCLES=0 -DSUB_MMA_UNROLL=3 ... 2.667 ms / 1642 TFLOPS  (224 regs, 5.9s)
[233/270] -DINTERLEAVE_STRATEGY=1 -DK_LOOP_UNROLL=8 -DMBAR_EARLY=1 -DNUM_EPI_WARPS=5 -DPHASE1_UNROLL=1 -DSTAGGER_CYCLES=0 -DSUB_MMA_UNROLL=3 -DW0_LOOP_UNROLL=1 ... 2.714 ms / 1614 TFLOPS  (204 regs, 5.7s)
[234/270] -DINTERLEAVE_STRATEGY=1 -DK_LOOP_UNROLL=8 -DMBAR_EARLY=1 -DNUM_EPI_WARPS=5 -DPHASE1_UNROLL=1 -DSTAGGER_CYCLES=0 -DSUB_MMA_UNROLL=3 -DW0_LOOP_UNROLL=4 ... 2.727 ms / 1606 TFLOPS  (219 regs, 5.8s)
[235/270] -DINTERLEAVE_STRATEGY=1 -DK_LOOP_UNROLL=8 -DMBAR_EARLY=1 -DNUM_EPI_WARPS=5 -DSNAKE_ORDER=0 -DSTAGGER_CYCLES=0 ... 2.567 ms / 1706 TFLOPS  (244 regs, 6.2s)
[236/270] -DINTERLEAVE_STRATEGY=1 -DK_LOOP_UNROLL=8 -DMBAR_EARLY=1 -DNUM_EPI_WARPS=5 -DSNAKE_ORDER=0 -DSTAGGER_CYCLES=0 -DW0_LOOP_UNROLL=1 ... 2.677 ms / 1636 TFLOPS  (242 regs, 6.1s)
[237/270] -DINTERLEAVE_STRATEGY=1 -DK_LOOP_UNROLL=8 -DMBAR_EARLY=1 -DNUM_EPI_WARPS=5 -DSNAKE_ORDER=0 -DSTAGGER_CYCLES=0 -DW0_LOOP_UNROLL=4 ... 2.544 ms / 1721 TFLOPS  (244 regs, 6.0s)
[238/270] -DINTERLEAVE_STRATEGY=1 -DK_LOOP_UNROLL=8 -DMBAR_EARLY=1 -DNUM_EPI_WARPS=5 -DSNAKE_ORDER=0 -DSTAGGER_CYCLES=0 -DSUB_MMA_UNROLL=1 ... 2.633 ms / 1663 TFLOPS  (215 regs, 5.9s)
[239/270] -DINTERLEAVE_STRATEGY=1 -DK_LOOP_UNROLL=8 -DMBAR_EARLY=1 -DNUM_EPI_WARPS=5 -DSNAKE_ORDER=0 -DSTAGGER_CYCLES=0 -DSUB_MMA_UNROLL=1 -DW0_LOOP_UNROLL=1 ... 2.631 ms / 1665 TFLOPS  (204 regs, 6.2s)
[240/270] -DINTERLEAVE_STRATEGY=1 -DK_LOOP_UNROLL=8 -DMBAR_EARLY=1 -DNUM_EPI_WARPS=5 -DSNAKE_ORDER=0 -DSTAGGER_CYCLES=0 -DSUB_MMA_UNROLL=1 -DW0_LOOP_UNROLL=4 ... 2.620 ms / 1672 TFLOPS  (215 regs, 6.1s)
[241/270] -DINTERLEAVE_STRATEGY=1 -DK_LOOP_UNROLL=8 -DMBAR_EARLY=1 -DNUM_EPI_WARPS=5 -DSNAKE_ORDER=0 -DSTAGGER_CYCLES=0 -DSUB_MMA_UNROLL=3 ... 2.568 ms / 1706 TFLOPS  (244 regs, 6.1s)
[242/270] -DINTERLEAVE_STRATEGY=1 -DK_LOOP_UNROLL=8 -DMBAR_EARLY=1 -DNUM_EPI_WARPS=5 -DSNAKE_ORDER=0 -DSTAGGER_CYCLES=0 -DSUB_MMA_UNROLL=3 -DW0_LOOP_UNROLL=1 ... 2.676 ms / 1637 TFLOPS  (242 regs, 6.1s)
[243/270] -DINTERLEAVE_STRATEGY=1 -DK_LOOP_UNROLL=8 -DMBAR_EARLY=1 -DNUM_EPI_WARPS=5 -DSNAKE_ORDER=0 -DSTAGGER_CYCLES=0 -DSUB_MMA_UNROLL=3 -DW0_LOOP_UNROLL=4 ... 2.546 ms / 1720 TFLOPS  (244 regs, 6.2s)
[244/270] -DINTERLEAVE_STRATEGY=1 -DK_LOOP_UNROLL=8 -DMBAR_EARLY=1 -DNUM_EPI_WARPS=5 -DSTAGGER_CYCLES=0 ... 2.589 ms / 1692 TFLOPS  (244 regs, 6.2s)
[245/270] -DINTERLEAVE_STRATEGY=1 -DK_LOOP_UNROLL=8 -DMBAR_EARLY=1 -DNUM_EPI_WARPS=5 -DSTAGGER_CYCLES=0 -DW0_LOOP_UNROLL=1 ... 2.672 ms / 1639 TFLOPS  (242 regs, 6.1s)
[246/270] -DINTERLEAVE_STRATEGY=1 -DK_LOOP_UNROLL=8 -DMBAR_EARLY=1 -DNUM_EPI_WARPS=5 -DSTAGGER_CYCLES=0 -DW0_LOOP_UNROLL=4 ... 2.555 ms / 1714 TFLOPS  (244 regs, 6.2s)
[247/270] -DINTERLEAVE_STRATEGY=1 -DK_LOOP_UNROLL=8 -DMBAR_EARLY=1 -DNUM_EPI_WARPS=5 -DSTAGGER_CYCLES=0 -DSUB_MMA_UNROLL=1 ... 2.654 ms / 1651 TFLOPS  (215 regs, 6.1s)
[248/270] -DINTERLEAVE_STRATEGY=1 -DK_LOOP_UNROLL=8 -DMBAR_EARLY=1 -DNUM_EPI_WARPS=5 -DSTAGGER_CYCLES=0 -DSUB_MMA_UNROLL=1 -DW0_LOOP_UNROLL=1 ... 2.633 ms / 1663 TFLOPS  (204 regs, 6.1s)
[249/270] -DINTERLEAVE_STRATEGY=1 -DK_LOOP_UNROLL=8 -DMBAR_EARLY=1 -DNUM_EPI_WARPS=5 -DSTAGGER_CYCLES=0 -DSUB_MMA_UNROLL=1 -DW0_LOOP_UNROLL=4 ... 2.638 ms / 1660 TFLOPS  (215 regs, 6.1s)
[250/270] -DINTERLEAVE_STRATEGY=1 -DK_LOOP_UNROLL=8 -DMBAR_EARLY=1 -DNUM_EPI_WARPS=5 -DSTAGGER_CYCLES=0 -DSUB_MMA_UNROLL=3 ... 2.589 ms / 1692 TFLOPS  (244 regs, 6.1s)
[251/270] -DINTERLEAVE_STRATEGY=1 -DK_LOOP_UNROLL=8 -DMBAR_EARLY=1 -DNUM_EPI_WARPS=5 -DSTAGGER_CYCLES=0 -DSUB_MMA_UNROLL=3 -DW0_LOOP_UNROLL=1 ... 2.673 ms / 1639 TFLOPS  (242 regs, 6.1s)
[252/270] -DINTERLEAVE_STRATEGY=1 -DK_LOOP_UNROLL=8 -DMBAR_EARLY=1 -DNUM_EPI_WARPS=5 -DSTAGGER_CYCLES=0 -DSUB_MMA_UNROLL=3 -DW0_LOOP_UNROLL=4 ... 2.556 ms / 1714 TFLOPS  (244 regs, 6.1s)
[253/270] -DINTERLEAVE_STRATEGY=1 -DK_LOOP_UNROLL=8 -DMBAR_EARLY=1 -DNUM_EPI_WARPS=5 -DPHASE1_UNROLL=4 -DSNAKE_ORDER=0 -DSTAGGER_CYCLES=0 ... 4.192 ms / 1045 TFLOPS  (245 regs, 6.5s)
[254/270] -DINTERLEAVE_STRATEGY=1 -DK_LOOP_UNROLL=8 -DMBAR_EARLY=1 -DNUM_EPI_WARPS=5 -DPHASE1_UNROLL=4 -DSNAKE_ORDER=0 -DSTAGGER_CYCLES=0 -DW0_LOOP_UNROLL=1 ... 4.044 ms / 1083 TFLOPS  (240 regs, 6.5s)
[255/270] -DINTERLEAVE_STRATEGY=1 -DK_LOOP_UNROLL=8 -DMBAR_EARLY=1 -DNUM_EPI_WARPS=5 -DPHASE1_UNROLL=4 -DSNAKE_ORDER=0 -DSTAGGER_CYCLES=0 -DW0_LOOP_UNROLL=4 ... 4.155 ms / 1054 TFLOPS  (245 regs, 6.5s)
[256/270] -DINTERLEAVE_STRATEGY=1 -DK_LOOP_UNROLL=8 -DMBAR_EARLY=1 -DNUM_EPI_WARPS=5 -DPHASE1_UNROLL=4 -DSNAKE_ORDER=0 -DSTAGGER_CYCLES=0 -DSUB_MMA_UNROLL=1 ... 4.006 ms / 1093 TFLOPS  (218 regs, 6.7s)
[257/270] -DINTERLEAVE_STRATEGY=1 -DK_LOOP_UNROLL=8 -DMBAR_EARLY=1 -DNUM_EPI_WARPS=5 -DPHASE1_UNROLL=4 -DSNAKE_ORDER=0 -DSTAGGER_CYCLES=0 -DSUB_MMA_UNROLL=1 -DW0_LOOP_UNROLL=1 ... 3.844 ms / 1139 TFLOPS  (202 regs, 6.6s)
[258/270] -DINTERLEAVE_STRATEGY=1 -DK_LOOP_UNROLL=8 -DMBAR_EARLY=1 -DNUM_EPI_WARPS=5 -DPHASE1_UNROLL=4 -DSNAKE_ORDER=0 -DSTAGGER_CYCLES=0 -DSUB_MMA_UNROLL=1 -DW0_LOOP_UNROLL=4 ... 3.973 ms / 1102 TFLOPS  (218 regs, 6.3s)
[259/270] -DINTERLEAVE_STRATEGY=1 -DK_LOOP_UNROLL=8 -DMBAR_EARLY=1 -DNUM_EPI_WARPS=5 -DPHASE1_UNROLL=4 -DSNAKE_ORDER=0 -DSTAGGER_CYCLES=0 -DSUB_MMA_UNROLL=3 ... 4.193 ms / 1045 TFLOPS  (245 regs, 6.5s)
[260/270] -DINTERLEAVE_STRATEGY=1 -DK_LOOP_UNROLL=8 -DMBAR_EARLY=1 -DNUM_EPI_WARPS=5 -DPHASE1_UNROLL=4 -DSNAKE_ORDER=0 -DSTAGGER_CYCLES=0 -DSUB_MMA_UNROLL=3 -DW0_LOOP_UNROLL=1 ... 4.044 ms / 1083 TFLOPS  (240 regs, 6.5s)
[261/270] -DINTERLEAVE_STRATEGY=1 -DK_LOOP_UNROLL=8 -DMBAR_EARLY=1 -DNUM_EPI_WARPS=5 -DPHASE1_UNROLL=4 -DSNAKE_ORDER=0 -DSTAGGER_CYCLES=0 -DSUB_MMA_UNROLL=3 -DW0_LOOP_UNROLL=4 ... 4.154 ms / 1054 TFLOPS  (245 regs, 6.4s)
[262/270] -DINTERLEAVE_STRATEGY=1 -DK_LOOP_UNROLL=8 -DMBAR_EARLY=1 -DNUM_EPI_WARPS=5 -DPHASE1_UNROLL=4 -DSTAGGER_CYCLES=0 ... 4.207 ms / 1041 TFLOPS  (245 regs, 6.7s)
[263/270] -DINTERLEAVE_STRATEGY=1 -DK_LOOP_UNROLL=8 -DMBAR_EARLY=1 -DNUM_EPI_WARPS=5 -DPHASE1_UNROLL=4 -DSTAGGER_CYCLES=0 -DW0_LOOP_UNROLL=1 ... 4.030 ms / 1087 TFLOPS  (240 regs, 6.3s)
[264/270] -DINTERLEAVE_STRATEGY=1 -DK_LOOP_UNROLL=8 -DMBAR_EARLY=1 -DNUM_EPI_WARPS=5 -DPHASE1_UNROLL=4 -DSTAGGER_CYCLES=0 -DW0_LOOP_UNROLL=4 ... 4.174 ms / 1049 TFLOPS  (245 regs, 6.4s)
[265/270] -DINTERLEAVE_STRATEGY=1 -DK_LOOP_UNROLL=8 -DMBAR_EARLY=1 -DNUM_EPI_WARPS=5 -DPHASE1_UNROLL=4 -DSTAGGER_CYCLES=0 -DSUB_MMA_UNROLL=1 ... 4.037 ms / 1085 TFLOPS  (218 regs, 6.6s)
[266/270] -DINTERLEAVE_STRATEGY=1 -DK_LOOP_UNROLL=8 -DMBAR_EARLY=1 -DNUM_EPI_WARPS=5 -DPHASE1_UNROLL=4 -DSTAGGER_CYCLES=0 -DSUB_MMA_UNROLL=1 -DW0_LOOP_UNROLL=1 ... 3.871 ms / 1131 TFLOPS  (202 regs, 6.3s)
[267/270] -DINTERLEAVE_STRATEGY=1 -DK_LOOP_UNROLL=8 -DMBAR_EARLY=1 -DNUM_EPI_WARPS=5 -DPHASE1_UNROLL=4 -DSTAGGER_CYCLES=0 -DSUB_MMA_UNROLL=1 -DW0_LOOP_UNROLL=4 ... 4.000 ms / 1095 TFLOPS  (218 regs, 6.6s)
[268/270] -DINTERLEAVE_STRATEGY=1 -DK_LOOP_UNROLL=8 -DMBAR_EARLY=1 -DNUM_EPI_WARPS=5 -DPHASE1_UNROLL=4 -DSTAGGER_CYCLES=0 -DSUB_MMA_UNROLL=3 ... 4.207 ms / 1041 TFLOPS  (245 regs, 6.3s)
[269/270] -DINTERLEAVE_STRATEGY=1 -DK_LOOP_UNROLL=8 -DMBAR_EARLY=1 -DNUM_EPI_WARPS=5 -DPHASE1_UNROLL=4 -DSTAGGER_CYCLES=0 -DSUB_MMA_UNROLL=3 -DW0_LOOP_UNROLL=1 ... 4.028 ms / 1087 TFLOPS  (240 regs, 6.5s)
[270/270] -DINTERLEAVE_STRATEGY=1 -DK_LOOP_UNROLL=8 -DMBAR_EARLY=1 -DNUM_EPI_WARPS=5 -DPHASE1_UNROLL=4 -DSTAGGER_CYCLES=0 -DSUB_MMA_UNROLL=3 -DW0_LOOP_UNROLL=4 ... 4.176 ms / 1049 TFLOPS  (245 regs, 6.4s)

Tier 3 winner: -DINTERLEAVE_STRATEGY=1 -DK_LOOP_UNROLL=2 -DMBAR_EARLY=1 -DNUM_EPI_WARPS=5 -DSTAGGER_CYCLES=0 -DSUB_MMA_UNROLL=1 -DW0_LOOP_UNROLL=1 → 2.477 ms / 1768 TFLOPS

=== Tier 4: PRELOAD_MODE, PREFETCH_BEFORE_STORE ===
Sweep: 6 total, 6 valid, 0 pruned
Estimated time: ~0 min (6 configs × ~5s each)

[1/6] -DINTERLEAVE_STRATEGY=1 -DK_LOOP_UNROLL=2 -DMBAR_EARLY=1 -DNUM_EPI_WARPS=5 -DPRELOAD_MODE=0 -DSTAGGER_CYCLES=0 -DSUB_MMA_UNROLL=1 -DW0_LOOP_UNROLL=1 ... 2.535 ms / 1728 TFLOPS  (185 regs, 5.9s)
[2/6] -DINTERLEAVE_STRATEGY=1 -DK_LOOP_UNROLL=2 -DMBAR_EARLY=1 -DNUM_EPI_WARPS=5 -DSTAGGER_CYCLES=0 -DSUB_MMA_UNROLL=1 -DW0_LOOP_UNROLL=1 ... 2.477 ms / 1769 TFLOPS  (187 regs, 6.2s)
[3/6] -DINTERLEAVE_STRATEGY=1 -DK_LOOP_UNROLL=2 -DMBAR_EARLY=1 -DNUM_EPI_WARPS=5 -DPRELOAD_MODE=2 -DSTAGGER_CYCLES=0 -DSUB_MMA_UNROLL=1 -DW0_LOOP_UNROLL=1 ... 2.419 ms / 1811 TFLOPS  (185 regs, 6.1s)
[4/6] -DINTERLEAVE_STRATEGY=1 -DK_LOOP_UNROLL=2 -DMBAR_EARLY=1 -DNUM_EPI_WARPS=5 -DPREFETCH_BEFORE_STORE=1 -DPRELOAD_MODE=0 -DSTAGGER_CYCLES=0 -DSUB_MMA_UNROLL=1 -DW0_LOOP_UNROLL=1 ... 2.544 ms / 1721 TFLOPS  (185 regs, 5.9s)
[5/6] -DINTERLEAVE_STRATEGY=1 -DK_LOOP_UNROLL=2 -DMBAR_EARLY=1 -DNUM_EPI_WARPS=5 -DPREFETCH_BEFORE_STORE=1 -DSTAGGER_CYCLES=0 -DSUB_MMA_UNROLL=1 -DW0_LOOP_UNROLL=1 ... 2.463 ms / 1778 TFLOPS  (187 regs, 6.2s)
[6/6] -DINTERLEAVE_STRATEGY=1 -DK_LOOP_UNROLL=2 -DMBAR_EARLY=1 -DNUM_EPI_WARPS=5 -DPREFETCH_BEFORE_STORE=1 -DPRELOAD_MODE=2 -DSTAGGER_CYCLES=0 -DSUB_MMA_UNROLL=1 -DW0_LOOP_UNROLL=1 ... 2.412 ms / 1816 TFLOPS  (185 regs, 6.1s)

Tier 4 winner: -DINTERLEAVE_STRATEGY=1 -DK_LOOP_UNROLL=2 -DMBAR_EARLY=1 -DNUM_EPI_WARPS=5 -DPREFETCH_BEFORE_STORE=1 -DPRELOAD_MODE=2 -DSTAGGER_CYCLES=0 -DSUB_MMA_UNROLL=1 -DW0_LOOP_UNROLL=1 → 2.412 ms / 1816 TFLOPS

=== Tier 5: GELU_VARIANT ===
Sweep: 7 total, 7 valid, 0 pruned
Estimated time: ~1 min (7 configs × ~5s each)

[1/7] -DINTERLEAVE_STRATEGY=1 -DK_LOOP_UNROLL=2 -DMBAR_EARLY=1 -DNUM_EPI_WARPS=5 -DPREFETCH_BEFORE_STORE=1 -DPRELOAD_MODE=2 -DSTAGGER_CYCLES=0 -DSUB_MMA_UNROLL=1 -DW0_LOOP_UNROLL=1 ... 2.412 ms / 1816 TFLOPS  (185 regs, 6.1s)
[2/7] -DGELU_VARIANT=1 -DINTERLEAVE_STRATEGY=1 -DK_LOOP_UNROLL=2 -DMBAR_EARLY=1 -DNUM_EPI_WARPS=5 -DPREFETCH_BEFORE_STORE=1 -DPRELOAD_MODE=2 -DSTAGGER_CYCLES=0 -DSUB_MMA_UNROLL=1 -DW0_LOOP_UNROLL=1 ... 9.167 ms / 478 TFLOPS  (152 regs, 6.6s)
[3/7] -DGELU_VARIANT=2 -DINTERLEAVE_STRATEGY=1 -DK_LOOP_UNROLL=2 -DMBAR_EARLY=1 -DNUM_EPI_WARPS=5 -DPREFETCH_BEFORE_STORE=1 -DPRELOAD_MODE=2 -DSTAGGER_CYCLES=0 -DSUB_MMA_UNROLL=1 -DW0_LOOP_UNROLL=1 ... 9.183 ms / 477 TFLOPS  (152 regs, 7.0s)
[4/7] -DGELU_VARIANT=3 -DINTERLEAVE_STRATEGY=1 -DK_LOOP_UNROLL=2 -DMBAR_EARLY=1 -DNUM_EPI_WARPS=5 -DPREFETCH_BEFORE_STORE=1 -DPRELOAD_MODE=2 -DSTAGGER_CYCLES=0 -DSUB_MMA_UNROLL=1 -DW0_LOOP_UNROLL=1 ... 9.177 ms / 477 TFLOPS  (154 regs, 6.8s)
[5/7] -DGELU_VARIANT=4 -DINTERLEAVE_STRATEGY=1 -DK_LOOP_UNROLL=2 -DMBAR_EARLY=1 -DNUM_EPI_WARPS=5 -DPREFETCH_BEFORE_STORE=1 -DPRELOAD_MODE=2 -DSTAGGER_CYCLES=0 -DSUB_MMA_UNROLL=1 -DW0_LOOP_UNROLL=1 ... 2.421 ms / 1809 TFLOPS  (183 regs, 6.1s)
[6/7] -DGELU_VARIANT=5 -DINTERLEAVE_STRATEGY=1 -DK_LOOP_UNROLL=2 -DMBAR_EARLY=1 -DNUM_EPI_WARPS=5 -DPREFETCH_BEFORE_STORE=1 -DPRELOAD_MODE=2 -DSTAGGER_CYCLES=0 -DSUB_MMA_UNROLL=1 -DW0_LOOP_UNROLL=1 ... 2.408 ms / 1819 TFLOPS  (185 regs, 5.9s)
[7/7] -DGELU_VARIANT=6 -DINTERLEAVE_STRATEGY=1 -DK_LOOP_UNROLL=2 -DMBAR_EARLY=1 -DNUM_EPI_WARPS=5 -DPREFETCH_BEFORE_STORE=1 -DPRELOAD_MODE=2 -DSTAGGER_CYCLES=0 -DSUB_MMA_UNROLL=1 -DW0_LOOP_UNROLL=1 ... 9.153 ms / 479 TFLOPS  (154 regs, 6.8s)

Tier 5 winner: -DGELU_VARIANT=5 -DINTERLEAVE_STRATEGY=1 -DK_LOOP_UNROLL=2 -DMBAR_EARLY=1 -DNUM_EPI_WARPS=5 -DPREFETCH_BEFORE_STORE=1 -DPRELOAD_MODE=2 -DSTAGGER_CYCLES=0 -DSUB_MMA_UNROLL=1 -DW0_LOOP_UNROLL=1 → 2.408 ms / 1819 TFLOPS

@@GRID_WINNER -DGELU_VARIANT=5 -DINTERLEAVE_STRATEGY=1 -DK_LOOP_UNROLL=2 -DMBAR_EARLY=1 -DNUM_EPI_WARPS=5 -DPREFETCH_BEFORE_STORE=1 -DPRELOAD_MODE=2 -DSTAGGER_CYCLES=0 -DSUB_MMA_UNROLL=1 -DW0_LOOP_UNROLL=1

================================================================================
RESULTS (sorted by ms)
================================================================================
  #  STG  EPI  INTER  MBAR  TMEM  STAG  PH1U  SNAKE  FUSE  KLU  W0U  SMU  PRLD  PFBS  GELU  TMAR  REGS     SMEM       MS   TFLOPS  STATUS
-----------------------------------------------------------------------------------------------------------------------------------------
  1    4    5      1     1    32     0     2      1     1    2    1    1     2     1     5     0   185   209.0K    2.408     1819  BEST
  2    4    5      1     1    32     0     2      1     1    2    1    1     2     1     0     0   185   209.0K    2.412     1816  OK
  3    4    5      1     1    32     0     2      1     1    2    1    1     2     1     0     0   185   209.0K    2.412     1816  OK
  4    4    5      1     1    32     0     2      1     1    2    1    1     2     0     0     0   185   209.0K    2.419     1811  OK
  5    4    5      1     1    32     0     2      1     1    2    1    1     2     1     4     0   183   209.0K    2.421     1809  OK
  6    4    5      1     1    32     0     2      1     1    2    1    1     1     1     0     0   187   209.0K    2.463     1778  OK
  7    4    5      1     1    32     0     2      1     1    2    1    1     1     0     0     0   187   209.0K    2.477     1768  OK
  8    4    5      1     1    32     0     2      1     1    2    1    1     1     0     0     0   187   209.0K    2.477     1769  OK
  9    4    5      1     1    32     0     2      0     1    2    1    1     1     0     0     0   187   209.0K    2.483     1764  OK
 10    4    5      1     1    32     0     2      0     1    4    4    3     1     0     0     0   244   209.0K    2.494     1756  OK
 11    4    5      1     1    32     0     2      0     1    4    4    0     1     0     0     0   244   209.0K    2.495     1756  OK
 12    4    5      1     1    32     0     2      0     1    1    4    3     1     0     0     0   213   209.0K    2.503     1750  OK
 13    4    5      1     1    32     0     2      0     1    1    4    0     1     0     0     0   213   209.0K    2.505     1749  OK
 14    4    5      1     1    32     0     2      0     1    4    0    0     1     0     0     0   244   209.0K    2.506     1748  OK
 15    4    5      1     1    32     0     2      0     1    4    0    3     1     0     0     0   244   209.0K    2.507     1747  OK
 16    4    5      1     1    32     0     2      1     1    1    1    1     1     0     0     0   187   209.0K    2.508     1746  OK
 17    4    5      1     1    32     0     2      1     1    4    4    0     1     0     0     0   244   209.0K    2.511     1744  OK
 18    4    5      1     1    32     0     2      0     1    1    0    0     1     0     0     0   213   209.0K    2.513     1743  OK
 19    4    5      1     1    32     0     2      0     1    1    0    3     1     0     0     0   213   209.0K    2.513     1743  OK
 20    4    5      1     1    32     0     2      1     1    4    4    3     1     0     0     0   244   209.0K    2.513     1743  OK
 21    4    5      1     1    32     0     2      0     1    1    1    1     1     0     0     0   187   209.0K    2.514     1742  OK
 22    4    5      1     1    32     0     2      1     1    1    4    0     1     0     0     0   213   209.0K    2.515     1741  OK
 23    4    5      1     1    32     0     2      1     1    1    4    3     1     0     0     0   213   209.0K    2.515     1742  OK
 24    4    5      1     1    32     0     2      1     1    4    0    0     1     0     0     0   244   209.0K    2.526     1734  OK
 25    4    5      1     1    32     0     2      1     1    4    0    0     1     0     0     0   244   209.0K    2.527     1733  OK
 26    4    5      1     1    32     0     2      1     1    4    0    3     1     0     0     0   244   209.0K    2.528     1733  OK
 27    4    5      1     1    32     0     2      1     1    1    0    0     1     0     0     0   213   209.0K    2.530     1731  OK
 28    4    5      1     1    32     0     2      1     1    1    0    3     1     0     0     0   213   209.0K    2.530     1731  OK
 29    4    5      1     1    32     0     2      1     1    2    1    1     0     0     0     0   185   209.0K    2.535     1728  OK
 30    4    5      1     1    32     0     2      0     1    8    4    0     1     0     0     0   244   209.0K    2.544     1721  OK
 31    4    5      1     1    32     0     2      1     1    2    1    1     0     1     0     0   185   209.0K    2.544     1721  OK
 32    4    5      1     1    32     0     2      0     1    8    4    3     1     0     0     0   244   209.0K    2.546     1720  OK
 33    4    5      1     1    32     0     2      1     1    2    1    0     1     0     0     0   197   209.0K    2.548     1719  OK
 34    4    5      1     1    32     0     2      1     1    2    1    3     1     0     0     0   197   209.0K    2.550     1717  OK
 35    4    5      1     1    32     0     2      0     1    2    1    0     1     0     0     0   197   209.0K    2.555     1714  OK
 36    4    5      1     1    32     0     2      0     1    2    1    3     1     0     0     0   197   209.0K    2.555     1714  OK
 37    4    5      1     1    32     0     2      1     1    8    4    0     1     0     0     0   244   209.0K    2.555     1714  OK
 38    4    5      1     1    32     0     2      1     1    8    4    3     1     0     0     0   244   209.0K    2.556     1714  OK
 39    4    5      1     1    32     0     2      0     1    8    0    0     1     0     0     0   244   209.0K    2.567     1706  OK
 40    4    5      1     1    32     0     2      0     1    8    0    3     1     0     0     0   244   209.0K    2.568     1706  OK
 41    4    5      1     1    32     0     2      0     1    1    4    1     1     0     0     0   208   209.0K    2.579     1698  OK
 42    4    5      1     1    32   120     2      1     1    4    0    0     1     0     0     0   245   209.0K    2.581     1697  OK
 43    4    5      1     1    32   160     2      1     1    4    0    0     1     0     0     0   245   209.0K    2.582     1696  OK
 44    4    5      1     1    32   200     2      1     1    4    0    0     1     0     0     0   245   209.0K    2.582     1696  OK
 45    4    5      1     1    32     0     2      1     1    1    4    1     1     0     0     0   208   209.0K    2.583     1696  OK
 46    4    5      1     1    32    80     2      1     1    4    0    0     1     0     0     0   245   209.0K    2.586     1694  OK
 47    4    5      1     1    32   100     2      1     1    4    0    0     1     0     0     0   245   209.0K    2.587     1693  OK
 48    4    5      1     1    32     0     2      0     1    2    4    3     1     0     0     0   213   209.0K    2.588     1692  OK
 49    4    5      1     1    32     0     2      0     1    2    4    0     1     0     0     0   213   209.0K    2.589     1692  OK
 50    4    5      1     1    32     0     2      1     1    8    0    0     1     0     0     0   244   209.0K    2.589     1692  OK
 51    4    5      1     1    32     0     2      1     1    8    0    3     1     0     0     0   244   209.0K    2.589     1692  OK
 52    4    5      1     0    32     0     2      1     1    4    0    0     1     0     0     0   243   209.0K    2.590     1691  OK
 53    4    5      1     1    32    60     2      1     1    4    0    0     1     0     0     0   245   209.0K    2.592     1690  OK
 54    4    5      1     1    32     0     2      0     1    1    1    0     1     0     0     0   196   209.0K    2.597     1687  OK
 55    4    5      1     1    32     0     2      0     1    1    1    3     1     0     0     0   196   209.0K    2.597     1687  OK
 56    4    5      1     1    32    40     2      1     1    4    0    0     1     0     0     0   245   209.0K    2.599     1685  OK
 57    4    5      1     1    32     0     2      1     1    1    1    3     1     0     0     0   196   209.0K    2.603     1683  OK
 58    4    5      1     1    32     0     2      1     1    2    4    0     1     0     0     0   213   209.0K    2.603     1683  OK
 59    4    5      1     1    32     0     2      1     1    2    4    3     1     0     0     0   213   209.0K    2.603     1683  OK
 60    4    5      1     1    32     0     2      0     1    1    0    1     1     0     0     0   208   209.0K    2.604     1682  OK
 61    4    5      1     1    32     0     2      1     1    1    1    0     1     0     0     0   196   209.0K    2.604     1682  OK
 62    4    5      1     1    32     0     2      0     1    6    1    3     1     0     0     0   212   209.0K    2.616     1674  OK
 63    4    5      1     1    32     0     2      0     1    6    1    0     1     0     0     0   212   209.0K    2.618     1673  OK
 64    4    5      1     1    32     0     2      0     1    2    0    0     1     0     0     0   213   209.0K    2.619     1672  OK
 65    4    5      1     1    32     0     2      0     1    8    4    1     1     0     0     0   215   209.0K    2.620     1672  OK
 66    4    5      1     1    32     0     2      0     1    2    0    3     1     0     0     0   213   209.0K    2.621     1671  OK
 67    4    5      1     1    32     0     2      0     1    6    4    1     1     0     0     0   215   209.0K    2.621     1671  OK
 68    4    5      1     0    32   120     2      1     1    4    0    0     1     0     0     0   243   209.0K    2.622     1670  OK
 69    4    5      1     0    32   160     2      1     1    4    0    0     1     0     0     0   243   209.0K    2.623     1670  OK
 70    4    5      1     0    32   200     2      1     1    4    0    0     1     0     0     0   243   209.0K    2.623     1670  OK
 71    4    5      1     1    32     0     2      1     1    1    0    1     1     0     0     0   208   209.0K    2.623     1670  OK
 72    4    5      1     1    32     0     2      1     1    6    1    0     1     0     0     0   212   209.0K    2.624     1669  OK
 73    4    5      1     1    32     0     2      1     1    6    1    3     1     0     0     0   212   209.0K    2.624     1669  OK
 74    4    5      1     1    32     0     2      1     1    2    0    3     1     0     0     0   213   209.0K    2.630     1665  OK
 75    4    5      1     1    32     0     2      1     1    2    0    0     1     0     0     0   213   209.0K    2.631     1665  OK
 76    4    5      1     1    32     0     2      0     1    4    1    1     1     0     0     0   204   209.0K    2.631     1665  OK
 77    4    5      1     1    32     0     2      0     1    6    1    1     1     0     0     0   204   209.0K    2.631     1664  OK
 78    4    5      1     1    32     0     2      0     1    8    1    1     1     0     0     0   204   209.0K    2.631     1665  OK
 79    4    5      1     1    32     0     2      0     1    4    4    1     1     0     0     0   215   209.0K    2.632     1664  OK
 80    4    5      1     1    32     0     2      0     1    6    0    1     1     0     0     0   215   209.0K    2.632     1664  OK
 81    4    5      1     1    32     0     2      0     1    8    0    1     1     0     0     0   215   209.0K    2.633     1663  OK
 82    4    5      1     1    32     0     2      1     1    8    1    1     1     0     0     0   204   209.0K    2.633     1663  OK
 83    4    5      1     0    32    80     2      1     1    4    0    0     1     0     0     0   243   209.0K    2.634     1663  OK
 84    4    5      1     1    32     0     2      1     1    6    1    1     1     0     0     0   204   209.0K    2.634     1663  OK
 85    4    5      1     0    32   100     2      1     1    4    0    0     1     0     0     0   243   209.0K    2.635     1662  OK
 86    4    5      2     1    32   200     2      1     1    4    0    0     1     0     0     0   244   209.0K    2.636     1661  OK
 87    4    5      1     1    32     0     2      0     1    2    4    1     1     0     0     0   208   209.0K    2.636     1662  OK
 88    4    5      1     1    32     0     2      1     1    6    4    1     1     0     0     0   215   209.0K    2.636     1661  OK
 89    4    5      3     1    32     0     2      1     1    4    0    0     1     0     0     0   244   209.0K    2.637     1661  OK
 90    4    5      1     1    32     0     2      1     1    4    4    1     1     0     0     0   215   209.0K    2.637     1661  OK
 91    4    5      1     0    32    40     2      1     1    4    0    0     1     0     0     0   243   209.0K    2.638     1660  OK
 92    4    5      2     1    32   160     2      1     1    4    0    0     1     0     0     0   244   209.0K    2.638     1660  OK
 93    4    5      1     1    32     0     2      0     1    4    1    0     1     0     0     0   242   209.0K    2.638     1660  OK
 94    4    5      1     1    32     0     2      1     1    4    1    0     1     0     0     0   242   209.0K    2.638     1660  OK
 95    4    5      1     1    32     0     2      1     1    8    4    1     1     0     0     0   215   209.0K    2.638     1660  OK
 96    4    5      1     1    32     0     2      0     1    4    1    3     1     0     0     0   242   209.0K    2.639     1660  OK
 97    4    5      1     1    32     0     2      1     1    4    1    3     1     0     0     0   242   209.0K    2.639     1660  OK
 98    4    5      1     0    32    60     2      1     1    4    0    0     1     0     0     0   243   209.0K    2.640     1659  OK
 99    4    5      1     1    32     0     2      1     1    4    1    1     1     0     0     0   204   209.0K    2.642     1658  OK
100    4    5      1     1    32     0     1      1     1    6    0    0     1     0     0     0   186   209.0K    2.646     1655  OK
101    4    5      1     1    32     0     1      1     1    6    0    3     1     0     0     0   186   209.0K    2.646     1655  OK
102    4    5      0     1    32   120     2      1     1    4    0    0     1     0     0     0   243   209.0K    2.647     1655  OK
103    4    5      0     1    32   160     2      1     1    4    0    0     1     0     0     0   243   209.0K    2.649     1653  OK
104    4    5      1     1    32     0     1      1     1    1    4    3     1     0     0     0   168   209.0K    2.649     1654  OK
105    4    5      1     1    32     0     1      1     1    1    0    0     1     0     0     0   168   209.0K    2.650     1653  OK
106    4    5      1     1    32     0     1      1     1    1    4    0     1     0     0     0   168   209.0K    2.650     1653  OK
107    4    5      1     1    32     0     1      1     1    1    0    3     1     0     0     0   168   209.0K    2.650     1653  OK
108    4    5      1     1    32     0     1      1     1    2    4    0     1     0     0     0   168   209.0K    2.650     1653  OK
109    4    5      1     1    32     0     2      1     1    2    4    1     1     0     0     0   208   209.0K    2.651     1652  OK
110    4    5      1     1    32     0     1      0     1    6    0    3     1     0     0     0   186   209.0K    2.651     1652  OK
111    4    5      0     1    32   200     2      1     1    4    0    0     1     0     0     0   243   209.0K    2.652     1652  OK
112    4    5      2     1    32   120     2      1     1    4    0    0     1     0     0     0   244   209.0K    2.652     1652  OK
113    4    5      1     1    32     0     1      1     1    2    0    0     1     0     0     0   168   209.0K    2.652     1652  OK
114    4    5      1     1    32     0     1      1     1    2    0    3     1     0     0     0   168   209.0K    2.652     1651  OK
115    4    5      1     1    32     0     1      1     1    2    4    3     1     0     0     0   168   209.0K    2.652     1651  OK
116    4    5      1     1    32     0     2      1     1    4    0    1     1     0     0     0   215   209.0K    2.652     1652  OK
117    4    5      1     1    32     0     1      0     1    6    0    0     1     0     0     0   186   209.0K    2.653     1651  OK
118    4    5      1     1    32     0     2      1     1    6    0    1     1     0     0     0   215   209.0K    2.653     1651  OK
119    4    5      1     1    32     0     2      0     1    4    0    1     1     0     0     0   215   209.0K    2.654     1650  OK
120    4    5      1     1    32     0     2      1     1    8    0    1     1     0     0     0   215   209.0K    2.654     1651  OK
121    4    5      1     1    32     0     1      1     1    1    1    1     1     0     0     0   145   209.0K    2.655     1649  OK
122    4    5      1     1    32     0     1      0     1    1    4    0     1     0     0     0   168   209.0K    2.656     1649  OK
123    4    5      1     1    32     0     1      0     1    1    0    3     1     0     0     0   168   209.0K    2.656     1649  OK
124    4    5      2     1    32    40     2      1     1    4    0    0     1     0     0     0   244   209.0K    2.657     1648  OK
125    4    5      1     1    32     0     1      0     1    1    4    3     1     0     0     0   168   209.0K    2.657     1649  OK
126    4    5      3     0    32     0     2      1     1    4    0    0     1     0     0     0   242   209.0K    2.658     1648  OK
127    4    5      1     1    32     0     1      0     1    1    0    0     1     0     0     0   168   209.0K    2.658     1648  OK
128    4    5      1     1    32     0     1      0     1    2    0    0     1     0     0     0   168   209.0K    2.658     1648  OK
129    4    5      1     1    32     0     1      0     1    2    4    3     1     0     0     0   168   209.0K    2.658     1648  OK
130    4    5      1     1    32     0     2      0     1    2    0    1     1     0     0     0   208   209.0K    2.658     1648  OK
131    4    5      1     1    32     0     1      0     1    2    0    3     1     0     0     0   168   209.0K    2.659     1648  OK
132    4    5      1     1    32     0     1      1     1    2    1    0     1     0     0     0   153   209.0K    2.659     1647  OK
133    4    5      1     1    32     0     1      0     1    2    4    0     1     0     0     0   168   209.0K    2.660     1647  OK
134    4    5      1     1    32     0     1      1     1    2    1    3     1     0     0     0   153   209.0K    2.660     1647  OK
135    4    5      2     1    32    60     2      1     1    4    0    0     1     0     0     0   244   209.0K    2.662     1645  OK
136    4    5      2     1    32   100     2      1     1    4    0    0     1     0     0     0   244   209.0K    2.664     1644  OK
137    4    5      2     1    32    80     2      1     1    4    0    0     1     0     0     0   244   209.0K    2.665     1644  OK
138    4    5      0     1    32     0     2      1     1    4    0    0     1     0     0     0   244   209.0K    2.667     1642  OK
139    4    5      0     1    32    80     2      1     1    4    0    0     1     0     0     0   243   209.0K    2.667     1642  OK
140    4    5      1     1    32     0     1      1     1    8    0    0     1     0     0     0   224   209.0K    2.667     1643  OK
141    4    5      1     1    32     0     1      1     1    8    0    3     1     0     0     0   224   209.0K    2.667     1642  OK
142    4    5      0     1    32    40     2      1     1    4    0    0     1     0     0     0   243   209.0K    2.668     1642  OK
143    4    5      0     1    32   100     2      1     1    4    0    0     1     0     0     0   243   209.0K    2.668     1642  OK
144    4    5      1     1    32     0     1      0     1    2    1    0     1     0     0     0   153   209.0K    2.669     1641  OK
145    4    5      1     1    32     0     1      0     1    2    1    3     1     0     0     0   153   209.0K    2.671     1640  OK
146    4    5      1     1    32     0     2      1     1    8    1    0     1     0     0     0   242   209.0K    2.672     1639  OK
147    4    5      0     1    32    60     2      1     1    4    0    0     1     0     0     0   243   209.0K    2.673     1639  OK
148    4    5      1     1    32     0     1      0     1    8    0    0     1     0     0     0   224   209.0K    2.673     1639  OK
149    4    5      1     1    32     0     1      0     1    8    0    3     1     0     0     0   224   209.0K    2.673     1639  OK
150    4    5      1     1    32     0     2      1     1    8    1    3     1     0     0     0   242   209.0K    2.673     1639  OK
151    4    5      1     1    32     0     2      0     1    8    1    3     1     0     0     0   242   209.0K    2.676     1637  OK
152    4    5      1     1    32     0     2      0     1    8    1    0     1     0     0     0   242   209.0K    2.677     1636  OK
153    4    5      1     1    32     0     1      1     1    1    1    0     1     0     0     0   154   209.0K    2.678     1635  OK
154    4    5      1     1    32     0     2      1     1    2    0    1     1     0     0     0   208   209.0K    2.678     1636  OK
155    4    5      1     1    32     0     1      1     1    1    1    3     1     0     0     0   154   209.0K    2.679     1635  OK
156    4    5      1     1    32     0     2      0     1    6    4    0     1     0     0     0   223   209.0K    2.680     1635  OK
157    4    5      1     1    32     0     2      0     1    6    4    3     1     0     0     0   223   209.0K    2.680     1635  OK
158    4    5      1     1    32     0     1      1     1    6    1    3     1     0     0     0   168   209.0K    2.683     1632  OK
159    4    5      1     1    32     0     1      0     1    6    1    3     1     0     0     0   168   209.0K    2.685     1631  OK
160    4    5      1     1    32     0     1      1     1    6    1    0     1     0     0     0   168   209.0K    2.685     1632  OK
161    4    5      1     1    32     0     1      0     1    6    1    0     1     0     0     0   168   209.0K    2.686     1631  OK
162    4    5      1     1    32     0     1      0     1    1    1    0     1     0     0     0   154   209.0K    2.687     1630  OK
163    4    5      1     1    32     0     1      0     1    1    1    3     1     0     0     0   154   209.0K    2.688     1629  OK
164    4    5      2     1    32     0     2      1     1    4    0    0     1     0     0     0   243   209.0K    2.691     1628  OK
165    4    5      2     0    32     0     2      1     1    4    0    0     1     0     0     0   243   209.0K    2.694     1626  OK
166    4    5      2     0    32   200     2      1     1    4    0    0     1     0     0     0   242   209.0K    2.694     1626  OK
167    4    5      2     0    32   160     2      1     1    4    0    0     1     0     0     0   242   209.0K    2.695     1625  OK
168    4    5      1     1    32     0     1      0     1    6    4    0     1     0     0     0   181   209.0K    2.695     1625  OK
169    4    5      3     1    32   160     2      1     1    4    0    0     1     0     0     0   244   209.0K    2.696     1625  OK
170    4    5      1     1    32     0     1      0     1    6    4    3     1     0     0     0   181   209.0K    2.697     1624  OK
171    4    5      1     1    32     0     2      1     1    6    4    0     1     0     0     0   223   209.0K    2.698     1624  OK
172    4    5      1     1    32     0     2      1     1    6    4    3     1     0     0     0   223   209.0K    2.698     1624  OK
173    4    5      1     1    32     0     1      0     1    1    1    1     1     0     0     0   145   209.0K    2.699     1623  OK
174    4    5      1     1    32     0     1      1     1    2    0    1     1     0     0     0   163   209.0K    2.699     1623  OK
175    4    5      1     1    32     0     1      1     1    6    4    0     1     0     0     0   181   209.0K    2.699     1623  OK
176    4    5      2     0    32    80     2      1     1    4    0    0     1     0     0     0   242   209.0K    2.700     1622  OK
177    4    5      2     0    32    40     2      1     1    4    0    0     1     0     0     0   242   209.0K    2.700     1622  OK
178    4    5      1     1    32     0     1      1     1    1    0    1     1     0     0     0   163   209.0K    2.700     1622  OK
179    4    5      1     1    32     0     1      1     1    1    4    1     1     0     0     0   163   209.0K    2.700     1622  OK
180    4    5      1     1    32     0     1      1     1    6    1    1     1     0     0     0   159   209.0K    2.700     1622  OK
181    4    5      1     1    32     0     1      1     1    6    4    3     1     0     0     0   181   209.0K    2.700     1622  OK
182    4    5      2     0    32    80     2      1     1    4    0    0     1     0     0     0   242   209.0K    2.701     1622  OK
183    4    5      1     1    32     0     1      0     1    2    4    1     1     0     0     0   163   209.0K    2.701     1621  OK
184    4    5      2     0    32    60     2      1     1    4    0    0     1     0     0     0   242   209.0K    2.702     1621  OK
185    4    5      3     1    32   200     2      1     1    4    0    0     1     0     0     0   244   209.0K    2.702     1621  OK
186    4    5      1     1    32     0     1      1     1    2    4    1     1     0     0     0   163   209.0K    2.702     1621  OK
187    4    5      1     1    32     0     1      1     1    8    1    1     1     0     0     0   159   209.0K    2.702     1621  OK
188    4    5      1     1    32     0     1      0     1    2    0    1     1     0     0     0   163   209.0K    2.703     1620  OK
189    4    5      2     0    32   100     2      1     1    4    0    0     1     0     0     0   242   209.0K    2.704     1620  OK
190    4    5      1     1    32     0     1      1     1    4    0    3     1     0     0     0   220   209.0K    2.704     1620  OK
191    4    5      3     1    32    40     2      1     1    4    0    0     1     0     0     0   244   209.0K    2.705     1619  OK
192    4    5      1     1    32     0     1      0     1    4    4    0     1     0     0     0   220   209.0K    2.706     1619  OK
193    4    5      1     1    32     0     1      1     1    4    4    0     1     0     0     0   220   209.0K    2.706     1618  OK
194    4    5      1     1    32     0     1      1     1    4    4    3     1     0     0     0   220   209.0K    2.706     1619  OK
195    4    5      1     1    32     0     1      1     1    4    1    1     1     0     0     0   159   209.0K    2.707     1618  OK
196    4    5      1     1    32     0     1      0     1    1    0    1     1     0     0     0   163   209.0K    2.708     1618  OK
197    4    5      1     1    32     0     1      0     1    4    4    3     1     0     0     0   220   209.0K    2.708     1617  OK
198    4    5      1     1    32     0     1      1     1    4    0    0     1     0     0     0   220   209.0K    2.708     1618  OK
199    4    5      1     1    32     0     1      1     1    8    0    1     1     0     0     0   175   209.0K    2.708     1618  OK
200    4    5      1     1    32     0     1      0     1    1    4    1     1     0     0     0   163   209.0K    2.709     1617  OK
201    4    5      1     1    32     0     1      0     1    6    1    1     1     0     0     0   159   209.0K    2.709     1617  OK
202    4    5      1     1    32     0     1      1     1    6    0    1     1     0     0     0   175   209.0K    2.709     1617  OK
203    4    5      1     1    32     0     1      0     1    8    1    1     1     0     0     0   159   209.0K    2.709     1617  OK
204    4    5      1     1    32     0     1      1     1    8    4    1     1     0     0     0   175   209.0K    2.710     1616  OK
205    4    5      1     1    32     0     1      0     1    6    0    1     1     0     0     0   175   209.0K    2.711     1615  OK
206    4    5      1     1    32     0     1      1     1    6    4    1     1     0     0     0   175   209.0K    2.711     1616  OK
207    4    5      2     0    32   120     2      1     1    4    0    0     1     0     0     0   242   209.0K    2.712     1615  OK
208    4    5      3     1    32   120     2      1     1    4    0    0     1     0     0     0   244   209.0K    2.712     1615  OK
209    4    5      1     1    32     0     1      0     1    4    0    0     1     0     0     0   220   209.0K    2.712     1615  OK
210    4    5      1     1    32     0     1      0     1    4    0    3     1     0     0     0   220   209.0K    2.712     1615  OK
211    4    5      1     1    32     0     1      0     1    6    4    1     1     0     0     0   175   209.0K    2.712     1615  OK
212    4    5      1     1    32     0     1      0     1    8    0    1     1     0     0     0   175   209.0K    2.712     1615  OK
213    4    5      1     1    32     0     1      0     1    8    4    1     1     0     0     0   175   209.0K    2.713     1614  OK
214    4    5      1     1    32     0     1      0     1    4    1    1     1     0     0     0   159   209.0K    2.714     1614  OK
215    4    5      1     1    32     0     2      0     1    6    0    3     1     0     0     0   223   209.0K    2.714     1614  OK
216    4    5      1     1    32     0     1      1     1    8    1    0     1     0     0     0   204   209.0K    2.714     1614  OK
217    4    5      1     1    32     0     1      1     1    8    1    3     1     0     0     0   204   209.0K    2.714     1614  OK
218    4    5      1     1    32     0     1      1     1    4    1    0     1     0     0     0   204   209.0K    2.715     1613  OK
219    4    5      1     1    32     0     1      1     1    4    1    3     1     0     0     0   204   209.0K    2.715     1613  OK
220    4    5      1     1    32     0     2      0     1    6    0    0     1     0     0     0   223   209.0K    2.715     1613  OK
221    4    5      1     1    32     0     1      0     1    4    0    1     1     0     0     0   175   209.0K    2.716     1613  OK
222    4    5      1     1    32     0     1      1     1    4    4    1     1     0     0     0   175   209.0K    2.716     1613  OK
223    4    5      1     1    32     0     1      0     1    4    4    1     1     0     0     0   175   209.0K    2.717     1612  OK
224    4    5      1     1    32     0     1      1     1    4    0    1     1     0     0     0   175   209.0K    2.717     1612  OK
225    4    5      3     1    32    80     2      1     1    4    0    0     1     0     0     0   244   209.0K    2.718     1611  OK
226    4    5      3     1    32   100     2      1     1    4    0    0     1     0     0     0   244   209.0K    2.718     1612  OK
227    4    5      1     1    32     0     1      0     1    8    1    3     1     0     0     0   204   209.0K    2.719     1611  OK
228    4    5      3     1    32    60     2      1     1    4    0    0     1     0     0     0   244   209.0K    2.720     1610  OK
229    4    5      1     1    32     0     1      0     1    8    1    0     1     0     0     0   204   209.0K    2.721     1610  OK
230    4    5      1     1    32     0     2      1     1    6    0    0     1     0     0     0   223   209.0K    2.722     1609  OK
231    4    5      1     1    32     0     1      0     1    4    1    0     1     0     0     0   204   209.0K    2.723     1608  OK
232    4    5      1     1    32     0     1      0     1    4    1    3     1     0     0     0   204   209.0K    2.724     1608  OK
233    4    5      1     1    32     0     2      1     1    6    0    3     1     0     0     0   223   209.0K    2.724     1608  OK
234    4    5      0     0    32   200     2      1     1    4    0    0     1     0     0     0   243   209.0K    2.725     1607  OK
235    4    5      1     1    32     0     1      0     1    8    4    3     1     0     0     0   219   209.0K    2.727     1606  OK
236    4    5      1     1    32     0     1      1     1    8    4    3     1     0     0     0   219   209.0K    2.727     1606  OK
237    4    5      1     1    32     0     1      0     1    8    4    0     1     0     0     0   219   209.0K    2.728     1606  OK
238    4    5      1     1    32     0     1      1     1    8    4    0     1     0     0     0   219   209.0K    2.730     1604  OK
239    4    5      0     0    32   160     2      1     1    4    0    0     1     0     0     0   243   209.0K    2.731     1604  OK
240    4    5      1     1    32     0     1      1     1    2    1    1     1     0     0     0   144   209.0K    2.733     1602  OK
241    4    5      1     1    32     0     1      0     1    2    1    1     1     0     0     0   144   209.0K    2.736     1601  OK
242    4    5      3     0    32    40     2      1     1    4    0    0     1     0     0     0   239   209.0K    2.738     1600  OK
243    4    5      3     0    32   160     2      1     1    4    0    0     1     0     0     0   239   209.0K    2.740     1599  OK
244    4    5      0     0    32   120     2      1     1    4    0    0     1     0     0     0   243   209.0K    2.744     1596  OK
245    4    5      3     0    32   200     2      1     1    4    0    0     1     0     0     0   239   209.0K    2.744     1597  OK
246    4    5      3     0    32    60     2      1     1    4    0    0     1     0     0     0   239   209.0K    2.745     1596  OK
247    4    5      3     0    32    80     2      1     1    4    0    0     1     0     0     0   239   209.0K    2.745     1596  OK
248    4    5      3     0    32   100     2      1     1    4    0    0     1     0     0     0   239   209.0K    2.748     1594  OK
249    4    5      0     0    32     0     2      1     1    4    0    0     1     0     0     0   240   209.0K    2.753     1591  OK
250    4    5      3     0    32   120     2      1     1    4    0    0     1     0     0     0   239   209.0K    2.755     1590  OK
251    4    5      0     0    32   100     2      1     1    4    0    0     1     0     0     0   243   209.0K    2.765     1584  OK
252    4    5      0     0    32    80     2      1     1    4    0    0     1     0     0     0   243   209.0K    2.768     1583  OK
253    4    5      0     0    32    60     2      1     1    4    0    0     1     0     0     0   243   209.0K    2.773     1579  OK
254    4    5      0     0    32    40     2      1     1    4    0    0     1     0     0     0   243   209.0K    2.782     1574  OK
255    3    5      2     0    32    80     2      1     1    4    0    0     1     0     0     0   208   177.0K    2.873     1524  OK
256    4    5      1     1    32     0     4      0     1    1    1    3     1     0     0     0   196   209.0K    3.780     1159  OK
257    4    5      1     1    32     0     4      0     1    1    1    0     1     0     0     0   196   209.0K    3.781     1158  OK
258    4    5      1     1    32     0     4      1     1    4    1    1     1     0     0     0   202   209.0K    3.796     1154  OK
259    4    5      1     1    32     0     4      1     1    1    1    3     1     0     0     0   196   209.0K    3.801     1152  OK
260    4    5      1     1    32     0     4      0     1    4    1    1     1     0     0     0   202   209.0K    3.801     1152  OK
261    4    5      1     1    32     0     4      1     1    1    1    0     1     0     0     0   196   209.0K    3.806     1151  OK
262    4    5      1     1    32     0     4      0     1    8    1    1     1     0     0     0   202   209.0K    3.844     1139  OK
263    4    5      1     1    32     0     4      0     1    6    1    1     1     0     0     0   202   209.0K    3.847     1139  OK
264    4    5      1     1    32     0     4      0     1    2    1    1     1     0     0     0   188   209.0K    3.860     1135  OK
265    4    5      1     1    32     0     4      1     1    2    1    1     1     0     0     0   188   209.0K    3.870     1132  OK
266    4    5      1     1    32     0     4      1     1    8    1    1     1     0     0     0   202   209.0K    3.871     1131  OK
267    4    5      1     1    32     0     4      1     1    6    1    1     1     0     0     0   202   209.0K    3.872     1131  OK
268    4    5      1     1    32     0     4      0     1    2    1    3     1     0     0     0   196   209.0K    3.876     1130  OK
269    4    5      1     1    32     0     4      0     1    4    1    0     1     0     0     0   240   209.0K    3.879     1129  OK
270    4    5      1     1    32     0     4      0     1    2    1    0     1     0     0     0   196   209.0K    3.880     1129  OK
271    4    5      1     1    32     0     4      0     1    4    1    3     1     0     0     0   240   209.0K    3.880     1129  OK
272    4    5      1     1    32     0     4      0     1    1    1    1     1     0     0     0   188   209.0K    3.888     1126  OK
273    4    5      1     1    32     0     4      1     1    4    1    0     1     0     0     0   240   209.0K    3.892     1125  OK
274    4    5      1     1    32     0     4      1     1    4    1    3     1     0     0     0   240   209.0K    3.892     1125  OK
275    4    5      1     1    32     0     4      1     1    1    1    1     1     0     0     0   188   209.0K    3.895     1124  OK
276    4    5      1     1    32     0     4      1     1    2    1    3     1     0     0     0   196   209.0K    3.904     1122  OK
277    4    5      1     1    32     0     4      1     1    2    1    0     1     0     0     0   196   209.0K    3.906     1121  OK
278    4    5      1     1    32     0     4      0     1    1    4    3     1     0     0     0   216   209.0K    3.941     1111  OK
279    4    5      1     1    32     0     4      0     1    1    4    0     1     0     0     0   216   209.0K    3.944     1111  OK
280    4    5      1     1    32     0     4      0     1    1    0    3     1     0     0     0   216   209.0K    3.966     1105  OK
281    4    5      1     1    32     0     4      0     1    1    0    0     1     0     0     0   216   209.0K    3.969     1104  OK
282    4    5      1     1    32     0     4      0     1    8    4    1     1     0     0     0   218   209.0K    3.973     1102  OK
283    4    5      1     1    32     0     4      0     1    6    4    1     1     0     0     0   218   209.0K    3.974     1102  OK
284    4    5      1     1    32     0     4      1     1    1    4    0     1     0     0     0   216   209.0K    3.976     1102  OK
285    4    5      1     1    32     0     4      1     1    1    4    3     1     0     0     0   216   209.0K    3.976     1102  OK
286    4    5      1     1    32     0     4      0     1    1    4    1     1     0     0     0   206   209.0K    3.981     1100  OK
287    4    5      1     1    32     0     4      1     1    1    4    1     1     0     0     0   206   209.0K    3.983     1100  OK
288    4    5      1     1    32     0     4      0     1    4    4    1     1     0     0     0   218   209.0K    3.983     1100  OK
289    4    5      1     1    32     0     4      1     1    1    0    3     1     0     0     0   216   209.0K    3.995     1096  OK
290    4    5      1     1    32     0     4      1     1    1    0    0     1     0     0     0   216   209.0K    3.997     1096  OK
291    4    5      1     1    32     0     4      1     1    4    4    1     1     0     0     0   218   209.0K    4.000     1095  OK
292    4    5      1     1    32     0     4      1     1    6    4    1     1     0     0     0   218   209.0K    4.000     1095  OK
293    4    5      1     1    32     0     4      1     1    8    4    1     1     0     0     0   218   209.0K    4.000     1095  OK
294    4    5      1     1    32     0     4      0     1    8    0    1     1     0     0     0   218   209.0K    4.006     1093  OK
295    4    5      1     1    32     0     4      0     1    6    0    1     1     0     0     0   218   209.0K    4.008     1093  OK
296    4    5      1     1    32     0     4      0     1    2    4    1     1     0     0     0   206   209.0K    4.010     1092  OK
297    4    5      1     1    32     0     4      1     1    2    4    1     1     0     0     0   206   209.0K    4.012     1092  OK
298    4    5      1     1    32     0     4      0     1    4    0    1     1     0     0     0   218   209.0K    4.013     1091  OK
299    4    5      1     1    32     0     4      0     1    2    0    1     1     0     0     0   206   209.0K    4.025     1088  OK
300    4    5      1     1    32     0     4      0     1    1    0    1     1     0     0     0   206   209.0K    4.026     1088  OK
301    4    5      1     1    32     0     4      1     1    1    0    1     1     0     0     0   206   209.0K    4.026     1088  OK
302    4    5      1     1    32     0     4      1     1    8    1    3     1     0     0     0   240   209.0K    4.028     1087  OK
303    4    5      1     1    32     0     4      1     1    8    1    0     1     0     0     0   240   209.0K    4.030     1087  OK
304    4    5      1     1    32     0     4      1     1    2    0    1     1     0     0     0   206   209.0K    4.037     1085  OK
305    4    5      1     1    32     0     4      1     1    8    0    1     1     0     0     0   218   209.0K    4.037     1085  OK
306    4    5      1     1    32     0     4      1     1    6    0    1     1     0     0     0   218   209.0K    4.038     1085  OK
307    4    5      1     1    32     0     4      1     1    4    0    1     1     0     0     0   218   209.0K    4.042     1084  OK
308    4    5      1     1    32     0     4      0     1    8    1    0     1     0     0     0   240   209.0K    4.044     1083  OK
309    4    5      1     1    32     0     4      0     1    8    1    3     1     0     0     0   240   209.0K    4.044     1083  OK
310    4    5      1     1    32     0     4      0     1    4    4    3     1     0     0     0   245   209.0K    4.047     1082  OK
311    4    5      1     1    32     0     4      0     1    4    4    0     1     0     0     0   245   209.0K    4.049     1082  OK
312    4    5      1     1    32     0     4      0     1    2    4    0     1     0     0     0   216   209.0K    4.062     1078  OK
313    4    5      1     1    32     0     4      0     1    2    4    3     1     0     0     0   216   209.0K    4.063     1078  OK
314    4    5      1     1    32     0     4      1     1    6    1    0     1     0     0     0   212   209.0K    4.076     1075  OK
315    4    5      1     1    32     0     4      1     1    2    4    0     1     0     0     0   216   209.0K    4.077     1074  OK
316    4    5      1     1    32     0     4      1     1    2    4    3     1     0     0     0   216   209.0K    4.077     1074  OK
317    4    5      1     1    32     0     4      1     1    6    1    3     1     0     0     0   212   209.0K    4.077     1074  OK
318    4    5      1     1    32     0     4      0     1    2    0    0     1     0     0     0   216   209.0K    4.078     1074  OK
319    4    5      1     1    32     0     4      0     1    2    0    3     1     0     0     0   216   209.0K    4.079     1074  OK
320    4    5      1     1    32     0     4      0     1    6    1    0     1     0     0     0   212   209.0K    4.080     1074  OK
321    4    5      1     1    32     0     4      1     1    4    4    3     1     0     0     0   245   209.0K    4.083     1073  OK
322    4    5      1     1    32     0     4      0     1    6    1    3     1     0     0     0   212   209.0K    4.083     1073  OK
323    4    5      1     1    32     0     4      1     1    4    4    0     1     0     0     0   245   209.0K    4.084     1073  OK
324    4    5      1     1    32     0     4      1     1    2    0    3     1     0     0     0   216   209.0K    4.090     1071  OK
325    4    5      1     1    32     0     4      1     1    2    0    0     1     0     0     0   216   209.0K    4.092     1070  OK
326    4    5      1     1    32     0     4      0     1    8    4    3     1     0     0     0   245   209.0K    4.154     1054  OK
327    4    5      1     1    32     0     4      0     1    8    4    0     1     0     0     0   245   209.0K    4.155     1054  OK
328    4    5      1     1    32     0     4      1     1    6    4    0     1     0     0     0   228   209.0K    4.167     1051  OK
329    4    5      1     1    32     0     4      1     1    6    4    3     1     0     0     0   228   209.0K    4.167     1051  OK
330    4    5      1     1    32     0     4      0     1    4    0    3     1     0     0     0   245   209.0K    4.172     1050  OK
331    4    5      1     1    32     0     4      0     1    4    0    0     1     0     0     0   245   209.0K    4.173     1050  OK
332    4    5      1     1    32     0     4      0     1    6    4    0     1     0     0     0   228   209.0K    4.174     1049  OK
333    4    5      1     1    32     0     4      0     1    6    4    3     1     0     0     0   228   209.0K    4.174     1049  OK
334    4    5      1     1    32     0     4      1     1    8    4    0     1     0     0     0   245   209.0K    4.174     1049  OK
335    4    5      1     1    32     0     4      1     1    8    4    3     1     0     0     0   245   209.0K    4.176     1049  OK
336    4    5      1     1    32     0     4      1     1    4    0    0     1     0     0     0   245   209.0K    4.179     1048  OK
337    4    5      1     1    32     0     4      1     1    4    0    3     1     0     0     0   245   209.0K    4.182     1047  OK
338    4    5      1     1    32     0     4      0     1    6    0    0     1     0     0     0   228   209.0K    4.187     1046  OK
339    4    5      1     1    32     0     4      0     1    6    0    3     1     0     0     0   228   209.0K    4.187     1046  OK
340    4    5      1     1    32     0     4      0     1    8    0    0     1     0     0     0   245   209.0K    4.192     1045  OK
341    4    5      1     1    32     0     4      0     1    8    0    3     1     0     0     0   245   209.0K    4.193     1045  OK
342    4    5      1     1    32     0     4      1     1    8    0    0     1     0     0     0   245   209.0K    4.207     1041  OK
343    4    5      1     1    32     0     4      1     1    8    0    3     1     0     0     0   245   209.0K    4.207     1041  OK
344    4    5      1     1    32     0     4      1     1    6    0    0     1     0     0     0   228   209.0K    4.215     1039  OK
345    4    5      1     1    32     0     4      1     1    6    0    3     1     0     0     0   228   209.0K    4.215     1039  OK
346    4    5      1     1    32     0     2      1     1    2    1    1     2     1     6     0   154   209.0K    9.153      479  OK
347    4    5      1     1    32     0     2      1     1    2    1    1     2     1     1     0   152   209.0K    9.167      478  OK
348    4    5      1     1    32     0     2      1     1    2    1    1     2     1     3     0   154   209.0K    9.177      477  OK
349    4    5      1     1    32     0     2      1     1    2    1    1     2     1     2     0   152   209.0K    9.183      477  OK
350    4    5      0     0    64     0     2      1     1    4    0    0     1     0     0     0     0   209.0K        -        -  COMPILE_FAIL
351    4    5      0     0    64    40     2      1     1    4    0    0     1     0     0     0     0   209.0K        -        -  COMPILE_FAIL
352    4    5      0     0    64    60     2      1     1    4    0    0     1     0     0     0     0   209.0K        -        -  COMPILE_FAIL
353    4    5      0     0    64    80     2      1     1    4    0    0     1     0     0     0     0   209.0K        -        -  COMPILE_FAIL
354    4    5      0     0    64   100     2      1     1    4    0    0     1     0     0     0     0   209.0K        -        -  COMPILE_FAIL
355    4    5      0     0    64   120     2      1     1    4    0    0     1     0     0     0     0   209.0K        -        -  COMPILE_FAIL
356    4    5      0     0    64   160     2      1     1    4    0    0     1     0     0     0     0   209.0K        -        -  COMPILE_FAIL
357    4    5      0     0    64   200     2      1     1    4    0    0     1     0     0     0     0   209.0K        -        -  COMPILE_FAIL
358    4    5      0     1    64     0     2      1     1    4    0    0     1     0     0     0     0   209.0K        -        -  COMPILE_FAIL
359    4    5      0     1    64    40     2      1     1    4    0    0     1     0     0     0     0   209.0K        -        -  COMPILE_FAIL
360    4    5      0     1    64    60     2      1     1    4    0    0     1     0     0     0     0   209.0K        -        -  COMPILE_FAIL
361    4    5      0     1    64    80     2      1     1    4    0    0     1     0     0     0     0   209.0K        -        -  COMPILE_FAIL
362    4    5      0     1    64   100     2      1     1    4    0    0     1     0     0     0     0   209.0K        -        -  COMPILE_FAIL
363    4    5      0     1    64   120     2      1     1    4    0    0     1     0     0     0     0   209.0K        -        -  COMPILE_FAIL
364    4    5      0     1    64   160     2      1     1    4    0    0     1     0     0     0     0   209.0K        -        -  COMPILE_FAIL
365    4    5      0     1    64   200     2      1     1    4    0    0     1     0     0     0     0   209.0K        -        -  COMPILE_FAIL
366    4    5      1     0    64     0     2      1     1    4    0    0     1     0     0     0     0   209.0K        -        -  COMPILE_FAIL
367    4    5      1     0    64    40     2      1     1    4    0    0     1     0     0     0     0   209.0K        -        -  COMPILE_FAIL
368    4    5      1     0    64    60     2      1     1    4    0    0     1     0     0     0     0   209.0K        -        -  COMPILE_FAIL
369    4    5      1     0    64    80     2      1     1    4    0    0     1     0     0     0     0   209.0K        -        -  COMPILE_FAIL
370    4    5      1     0    64   100     2      1     1    4    0    0     1     0     0     0     0   209.0K        -        -  COMPILE_FAIL
371    4    5      1     0    64   120     2      1     1    4    0    0     1     0     0     0     0   209.0K        -        -  COMPILE_FAIL
372    4    5      1     0    64   160     2      1     1    4    0    0     1     0     0     0     0   209.0K        -        -  COMPILE_FAIL
373    4    5      1     0    64   200     2      1     1    4    0    0     1     0     0     0     0   209.0K        -        -  COMPILE_FAIL
374    4    5      1     1    64     0     2      1     1    4    0    0     1     0     0     0     0   209.0K        -        -  COMPILE_FAIL
375    4    5      1     1    64    40     2      1     1    4    0    0     1     0     0     0     0   209.0K        -        -  COMPILE_FAIL
376    4    5      1     1    64    60     2      1     1    4    0    0     1     0     0     0     0   209.0K        -        -  COMPILE_FAIL
377    4    5      1     1    64    80     2      1     1    4    0    0     1     0     0     0     0   209.0K        -        -  COMPILE_FAIL
378    4    5      1     1    64   100     2      1     1    4    0    0     1     0     0     0     0   209.0K        -        -  COMPILE_FAIL
379    4    5      1     1    64   120     2      1     1    4    0    0     1     0     0     0     0   209.0K        -        -  COMPILE_FAIL
380    4    5      1     1    64   160     2      1     1    4    0    0     1     0     0     0     0   209.0K        -        -  COMPILE_FAIL
381    4    5      1     1    64   200     2      1     1    4    0    0     1     0     0     0     0   209.0K        -        -  COMPILE_FAIL
382    4    5      2     0    64     0     2      1     1    4    0    0     1     0     0     0     0   209.0K        -        -  COMPILE_FAIL
383    4    5      2     0    64    40     2      1     1    4    0    0     1     0     0     0     0   209.0K        -        -  COMPILE_FAIL
384    4    5      2     0    64    60     2      1     1    4    0    0     1     0     0     0     0   209.0K        -        -  COMPILE_FAIL
385    4    5      2     0    64    80     2      1     1    4    0    0     1     0     0     0     0   209.0K        -        -  COMPILE_FAIL
386    4    5      2     0    64   100     2      1     1    4    0    0     1     0     0     0     0   209.0K        -        -  COMPILE_FAIL
387    4    5      2     0    64   120     2      1     1    4    0    0     1     0     0     0     0   209.0K        -        -  COMPILE_FAIL
388    4    5      2     0    64   160     2      1     1    4    0    0     1     0     0     0     0   209.0K        -        -  COMPILE_FAIL
389    4    5      2     0    64   200     2      1     1    4    0    0     1     0     0     0     0   209.0K        -        -  COMPILE_FAIL
390    4    5      2     1    64     0     2      1     1    4    0    0     1     0     0     0     0   209.0K        -        -  COMPILE_FAIL
391    4    5      2     1    64    40     2      1     1    4    0    0     1     0     0     0     0   209.0K        -        -  COMPILE_FAIL
392    4    5      2     1    64    60     2      1     1    4    0    0     1     0     0     0     0   209.0K        -        -  COMPILE_FAIL
393    4    5      2     1    64    80     2      1     1    4    0    0     1     0     0     0     0   209.0K        -        -  COMPILE_FAIL
394    4    5      2     1    64   100     2      1     1    4    0    0     1     0     0     0     0   209.0K        -        -  COMPILE_FAIL
395    4    5      2     1    64   120     2      1     1    4    0    0     1     0     0     0     0   209.0K        -        -  COMPILE_FAIL
396    4    5      2     1    64   160     2      1     1    4    0    0     1     0     0     0     0   209.0K        -        -  COMPILE_FAIL
397    4    5      2     1    64   200     2      1     1    4    0    0     1     0     0     0     0   209.0K        -        -  COMPILE_FAIL
398    4    5      3     0    64     0     2      1     1    4    0    0     1     0     0     0     0   209.0K        -        -  COMPILE_FAIL
399    4    5      3     0    64    40     2      1     1    4    0    0     1     0     0     0     0   209.0K        -        -  COMPILE_FAIL
400    4    5      3     0    64    60     2      1     1    4    0    0     1     0     0     0     0   209.0K        -        -  COMPILE_FAIL
401    4    5      3     0    64    80     2      1     1    4    0    0     1     0     0     0     0   209.0K        -        -  COMPILE_FAIL
402    4    5      3     0    64   100     2      1     1    4    0    0     1     0     0     0     0   209.0K        -        -  COMPILE_FAIL
403    4    5      3     0    64   120     2      1     1    4    0    0     1     0     0     0     0   209.0K        -        -  COMPILE_FAIL
404    4    5      3     0    64   160     2      1     1    4    0    0     1     0     0     0     0   209.0K        -        -  COMPILE_FAIL
405    4    5      3     0    64   200     2      1     1    4    0    0     1     0     0     0     0   209.0K        -        -  COMPILE_FAIL
406    4    5      3     1    64     0     2      1     1    4    0    0     1     0     0     0     0   209.0K        -        -  COMPILE_FAIL
407    4    5      3     1    64    40     2      1     1    4    0    0     1     0     0     0     0   209.0K        -        -  COMPILE_FAIL
408    4    5      3     1    64    60     2      1     1    4    0    0     1     0     0     0     0   209.0K        -        -  COMPILE_FAIL
409    4    5      3     1    64    80     2      1     1    4    0    0     1     0     0     0     0   209.0K        -        -  COMPILE_FAIL
410    4    5      3     1    64   100     2      1     1    4    0    0     1     0     0     0     0   209.0K        -        -  COMPILE_FAIL
411    4    5      3     1    64   120     2      1     1    4    0    0     1     0     0     0     0   209.0K        -        -  COMPILE_FAIL
412    4    5      3     1    64   160     2      1     1    4    0    0     1     0     0     0     0   209.0K        -        -  COMPILE_FAIL
413    4    5      3     1    64   200     2      1     1    4    0    0     1     0     0     0     0   209.0K        -        -  COMPILE_FAIL

CSV written to /root/siglip/data/session_20260314_011806/sweep_fc1_gelu.csv

Best: -DGELU_VARIANT=5 -DINTERLEAVE_STRATEGY=1 -DK_LOOP_UNROLL=2 -DMBAR_EARLY=1 -DNUM_EPI_WARPS=5 -DPREFETCH_BEFORE_STORE=1 -DPRELOAD_MODE=2 -DSTAGGER_CYCLES=0 -DSUB_MMA_UNROLL=1 -DW0_LOOP_UNROLL=1 → 2.408 ms / 1819 TFLOPS (185 regs)
