
[build] N=256 K=1024 M=928256 flags=['-DM_TOTAL=928256', '-DN_DIM=256', '-DK_DIM=1024']
$ make -B fc2-w3x DFLAGS=-DM_TOTAL=928256 -DN_DIM=256 -DK_DIM=1024
nvcc -gencode arch=compute_100a,code=sm_100a -O3 -std=c++17 -lineinfo --ptxas-options=-v --cudart=static -DM_TOTAL=928256 -DN_DIM=256 -DK_DIM=1024 fc2_w3x.cu -o fc2-w3x -lcurand_static -lculibos -lcuda
ptxas info    : 0 bytes gmem
ptxas info    : Compiling entry function '_Z14fc2_w3x_kernelILi54ELi8ELi64EEv14CUtensorMap_stS0_S0_PK13__nv_bfloat16PS1_PmS5_S5_S5_S5_' for 'sm_100a'
ptxas info    : Function properties for _Z14fc2_w3x_kernelILi54ELi8ELi64EEv14CUtensorMap_stS0_S0_PK13__nv_bfloat16PS1_PmS5_S5_S5_S5_
    0 bytes stack frame, 0 bytes spill stores, 0 bytes spill loads
ptxas info    : Used 64 registers, used 1 barriers
ptxas info    : Compile time = 65.961 ms
ptxas info    : Compiling entry function '_Z14fc2_w3x_kernelILi54ELi8ELi48EEv14CUtensorMap_stS0_S0_PK13__nv_bfloat16PS1_PmS5_S5_S5_S5_' for 'sm_100a'
ptxas info    : Function properties for _Z14fc2_w3x_kernelILi54ELi8ELi48EEv14CUtensorMap_stS0_S0_PK13__nv_bfloat16PS1_PmS5_S5_S5_S5_
    0 bytes stack frame, 0 bytes spill stores, 0 bytes spill loads
ptxas info    : Used 64 registers, used 1 barriers
ptxas info    : Compile time = 62.862 ms
ptxas info    : Compiling entry function '_Z14fc2_w3x_kernelILi54ELi8ELi32EEv14CUtensorMap_stS0_S0_PK13__nv_bfloat16PS1_PmS5_S5_S5_S5_' for 'sm_100a'
ptxas info    : Function properties for _Z14fc2_w3x_kernelILi54ELi8ELi32EEv14CUtensorMap_stS0_S0_PK13__nv_bfloat16PS1_PmS5_S5_S5_S5_
    0 bytes stack frame, 0 bytes spill stores, 0 bytes spill loads
ptxas info    : Used 64 registers, used 1 barriers
ptxas info    : Compile time = 63.595 ms
ptxas info    : Compiling entry function '_Z14fc2_w3x_kernelILi54ELi8ELi24EEv14CUtensorMap_stS0_S0_PK13__nv_bfloat16PS1_PmS5_S5_S5_S5_' for 'sm_100a'
ptxas info    : Function properties for _Z14fc2_w3x_kernelILi54ELi8ELi24EEv14CUtensorMap_stS0_S0_PK13__nv_bfloat16PS1_PmS5_S5_S5_S5_
    0 bytes stack frame, 0 bytes spill stores, 0 bytes spill loads
ptxas info    : Used 64 registers, used 1 barriers
ptxas info    : Compile time = 63.910 ms
ptxas info    : Compiling entry function '_Z14fc2_w3x_kernelILi54ELi8ELi16EEv14CUtensorMap_stS0_S0_PK13__nv_bfloat16PS1_PmS5_S5_S5_S5_' for 'sm_100a'
ptxas info    : Function properties for _Z14fc2_w3x_kernelILi54ELi8ELi16EEv14CUtensorMap_stS0_S0_PK13__nv_bfloat16PS1_PmS5_S5_S5_S5_
    0 bytes stack frame, 0 bytes spill stores, 0 bytes spill loads
ptxas info    : Used 64 registers, used 1 barriers
ptxas info    : Compile time = 63.937 ms
ptxas info    : Compiling entry function '_Z14fc2_w3x_kernelILi54ELi8ELi12EEv14CUtensorMap_stS0_S0_PK13__nv_bfloat16PS1_PmS5_S5_S5_S5_' for 'sm_100a'
ptxas info    : Function properties for _Z14fc2_w3x_kernelILi54ELi8ELi12EEv14CUtensorMap_stS0_S0_PK13__nv_bfloat16PS1_PmS5_S5_S5_S5_
    0 bytes stack frame, 0 bytes spill stores, 0 bytes spill loads
ptxas info    : Used 64 registers, used 1 barriers
ptxas info    : Compile time = 62.373 ms
ptxas info    : Compiling entry function '_Z14fc2_w3x_kernelILi54ELi8ELi8EEv14CUtensorMap_stS0_S0_PK13__nv_bfloat16PS1_PmS5_S5_S5_S5_' for 'sm_100a'
ptxas info    : Function properties for _Z14fc2_w3x_kernelILi54ELi8ELi8EEv14CUtensorMap_stS0_S0_PK13__nv_bfloat16PS1_PmS5_S5_S5_S5_
    0 bytes stack frame, 0 bytes spill stores, 0 bytes spill loads
ptxas info    : Used 64 registers, used 1 barriers
ptxas info    : Compile time = 62.280 ms
ptxas info    : Compiling entry function '_Z14fc2_w3x_kernelILi54ELi8ELi4EEv14CUtensorMap_stS0_S0_PK13__nv_bfloat16PS1_PmS5_S5_S5_S5_' for 'sm_100a'
ptxas info    : Function properties for _Z14fc2_w3x_kernelILi54ELi8ELi4EEv14CUtensorMap_stS0_S0_PK13__nv_bfloat16PS1_PmS5_S5_S5_S5_
    0 bytes stack frame, 0 bytes spill stores, 0 bytes spill loads
ptxas info    : Used 64 registers, used 1 barriers
ptxas info    : Compile time = 62.120 ms
ptxas info    : Compiling entry function '_Z14fc2_w3x_kernelILi54ELi8ELi0EEv14CUtensorMap_stS0_S0_PK13__nv_bfloat16PS1_PmS5_S5_S5_S5_' for 'sm_100a'
ptxas info    : Function properties for _Z14fc2_w3x_kernelILi54ELi8ELi0EEv14CUtensorMap_stS0_S0_PK13__nv_bfloat16PS1_PmS5_S5_S5_S5_
    0 bytes stack frame, 0 bytes spill stores, 0 bytes spill loads
ptxas info    : Used 64 registers, used 1 barriers
ptxas info    : Compile time = 63.574 ms
ptxas info    : Compiling entry function '_Z14fc2_w3x_kernelILi99ELi8ELi20EEv14CUtensorMap_stS0_S0_PK13__nv_bfloat16PS1_PmS5_S5_S5_S5_' for 'sm_100a'
ptxas info    : Function properties for _Z14fc2_w3x_kernelILi99ELi8ELi20EEv14CUtensorMap_stS0_S0_PK13__nv_bfloat16PS1_PmS5_S5_S5_S5_
    0 bytes stack frame, 0 bytes spill stores, 0 bytes spill loads
ptxas info    : Used 64 registers, used 1 barriers
ptxas info    : Compile time = 64.097 ms
ptxas info    : Compiling entry function '_Z14fc2_w3x_kernelILi98ELi8ELi20EEv14CUtensorMap_stS0_S0_PK13__nv_bfloat16PS1_PmS5_S5_S5_S5_' for 'sm_100a'
ptxas info    : Function properties for _Z14fc2_w3x_kernelILi98ELi8ELi20EEv14CUtensorMap_stS0_S0_PK13__nv_bfloat16PS1_PmS5_S5_S5_S5_
    0 bytes stack frame, 0 bytes spill stores, 0 bytes spill loads
ptxas info    : Used 64 registers, used 1 barriers
ptxas info    : Compile time = 62.657 ms
ptxas info    : Compiling entry function '_Z14fc2_w3x_kernelILi97ELi8ELi20EEv14CUtensorMap_stS0_S0_PK13__nv_bfloat16PS1_PmS5_S5_S5_S5_' for 'sm_100a'
ptxas info    : Function properties for _Z14fc2_w3x_kernelILi97ELi8ELi20EEv14CUtensorMap_stS0_S0_PK13__nv_bfloat16PS1_PmS5_S5_S5_S5_
    0 bytes stack frame, 0 bytes spill stores, 0 bytes spill loads
ptxas info    : Used 64 registers, used 1 barriers
ptxas info    : Compile time = 61.777 ms
ptxas info    : Compiling entry function '_Z14fc2_w3x_kernelILi96ELi8ELi20EEv14CUtensorMap_stS0_S0_PK13__nv_bfloat16PS1_PmS5_S5_S5_S5_' for 'sm_100a'
ptxas info    : Function properties for _Z14fc2_w3x_kernelILi96ELi8ELi20EEv14CUtensorMap_stS0_S0_PK13__nv_bfloat16PS1_PmS5_S5_S5_S5_
    0 bytes stack frame, 0 bytes spill stores, 0 bytes spill loads
ptxas info    : Used 64 registers, used 1 barriers
ptxas info    : Compile time = 62.205 ms
ptxas info    : Compiling entry function '_Z14fc2_w3x_kernelILi95ELi8ELi20EEv14CUtensorMap_stS0_S0_PK13__nv_bfloat16PS1_PmS5_S5_S5_S5_' for 'sm_100a'
ptxas info    : Function properties for _Z14fc2_w3x_kernelILi95ELi8ELi20EEv14CUtensorMap_stS0_S0_PK13__nv_bfloat16PS1_PmS5_S5_S5_S5_
    0 bytes stack frame, 0 bytes spill stores, 0 bytes spill loads
ptxas info    : Used 64 registers, used 1 barriers
ptxas info    : Compile time = 61.708 ms
ptxas info    : Compiling entry function '_Z14fc2_w3x_kernelILi94ELi8ELi20EEv14CUtensorMap_stS0_S0_PK13__nv_bfloat16PS1_PmS5_S5_S5_S5_' for 'sm_100a'
ptxas info    : Function properties for _Z14fc2_w3x_kernelILi94ELi8ELi20EEv14CUtensorMap_stS0_S0_PK13__nv_bfloat16PS1_PmS5_S5_S5_S5_
    0 bytes stack frame, 0 bytes spill stores, 0 bytes spill loads
ptxas info    : Used 64 registers, used 1 barriers
ptxas info    : Compile time = 62.505 ms
ptxas info    : Compiling entry function '_Z14fc2_w3x_kernelILi93ELi8ELi20EEv14CUtensorMap_stS0_S0_PK13__nv_bfloat16PS1_PmS5_S5_S5_S5_' for 'sm_100a'
ptxas info    : Function properties for _Z14fc2_w3x_kernelILi93ELi8ELi20EEv14CUtensorMap_stS0_S0_PK13__nv_bfloat16PS1_PmS5_S5_S5_S5_
    0 bytes stack frame, 0 bytes spill stores, 0 bytes spill loads
ptxas info    : Used 64 registers, used 1 barriers
ptxas info    : Compile time = 62.517 ms
ptxas info    : Compiling entry function '_Z14fc2_w3x_kernelILi92ELi8ELi20EEv14CUtensorMap_stS0_S0_PK13__nv_bfloat16PS1_PmS5_S5_S5_S5_' for 'sm_100a'
ptxas info    : Function properties for _Z14fc2_w3x_kernelILi92ELi8ELi20EEv14CUtensorMap_stS0_S0_PK13__nv_bfloat16PS1_PmS5_S5_S5_S5_
    0 bytes stack frame, 0 bytes spill stores, 0 bytes spill loads
ptxas info    : Used 64 registers, used 1 barriers
ptxas info    : Compile time = 63.955 ms
ptxas info    : Compiling entry function '_Z14fc2_w3x_kernelILi91ELi8ELi20EEv14CUtensorMap_stS0_S0_PK13__nv_bfloat16PS1_PmS5_S5_S5_S5_' for 'sm_100a'
ptxas info    : Function properties for _Z14fc2_w3x_kernelILi91ELi8ELi20EEv14CUtensorMap_stS0_S0_PK13__nv_bfloat16PS1_PmS5_S5_S5_S5_
    0 bytes stack frame, 0 bytes spill stores, 0 bytes spill loads
ptxas info    : Used 64 registers, used 1 barriers
ptxas info    : Compile time = 63.175 ms
ptxas info    : Compiling entry function '_Z14fc2_w3x_kernelILi90ELi8ELi20EEv14CUtensorMap_stS0_S0_PK13__nv_bfloat16PS1_PmS5_S5_S5_S5_' for 'sm_100a'
ptxas info    : Function properties for _Z14fc2_w3x_kernelILi90ELi8ELi20EEv14CUtensorMap_stS0_S0_PK13__nv_bfloat16PS1_PmS5_S5_S5_S5_
    0 bytes stack frame, 0 bytes spill stores, 0 bytes spill loads
ptxas info    : Used 64 registers, used 1 barriers
ptxas info    : Compile time = 62.061 ms
ptxas info    : Compiling entry function '_Z14fc2_w3x_kernelILi89ELi8ELi20EEv14CUtensorMap_stS0_S0_PK13__nv_bfloat16PS1_PmS5_S5_S5_S5_' for 'sm_100a'
ptxas info    : Function properties for _Z14fc2_w3x_kernelILi89ELi8ELi20EEv14CUtensorMap_stS0_S0_PK13__nv_bfloat16PS1_PmS5_S5_S5_S5_
    0 bytes stack frame, 0 bytes spill stores, 0 bytes spill loads
ptxas info    : Used 64 registers, used 1 barriers
ptxas info    : Compile time = 61.752 ms
ptxas info    : Compiling entry function '_Z14fc2_w3x_kernelILi88ELi8ELi20EEv14CUtensorMap_stS0_S0_PK13__nv_bfloat16PS1_PmS5_S5_S5_S5_' for 'sm_100a'
ptxas info    : Function properties for _Z14fc2_w3x_kernelILi88ELi8ELi20EEv14CUtensorMap_stS0_S0_PK13__nv_bfloat16PS1_PmS5_S5_S5_S5_
    0 bytes stack frame, 0 bytes spill stores, 0 bytes spill loads
ptxas info    : Used 64 registers, used 1 barriers
ptxas info    : Compile time = 62.922 ms
ptxas info    : Compiling entry function '_Z14fc2_w3x_kernelILi87ELi8ELi20EEv14CUtensorMap_stS0_S0_PK13__nv_bfloat16PS1_PmS5_S5_S5_S5_' for 'sm_100a'
ptxas info    : Function properties for _Z14fc2_w3x_kernelILi87ELi8ELi20EEv14CUtensorMap_stS0_S0_PK13__nv_bfloat16PS1_PmS5_S5_S5_S5_
    0 bytes stack frame, 0 bytes spill stores, 0 bytes spill loads
ptxas info    : Used 64 registers, used 1 barriers
ptxas info    : Compile time = 62.763 ms
ptxas info    : Compiling entry function '_Z14fc2_w3x_kernelILi86ELi8ELi20EEv14CUtensorMap_stS0_S0_PK13__nv_bfloat16PS1_PmS5_S5_S5_S5_' for 'sm_100a'
ptxas info    : Function properties for _Z14fc2_w3x_kernelILi86ELi8ELi20EEv14CUtensorMap_stS0_S0_PK13__nv_bfloat16PS1_PmS5_S5_S5_S5_
    0 bytes stack frame, 0 bytes spill stores, 0 bytes spill loads
ptxas info    : Used 64 registers, used 1 barriers
ptxas info    : Compile time = 63.150 ms
ptxas info    : Compiling entry function '_Z14fc2_w3x_kernelILi85ELi8ELi20EEv14CUtensorMap_stS0_S0_PK13__nv_bfloat16PS1_PmS5_S5_S5_S5_' for 'sm_100a'
ptxas info    : Function properties for _Z14fc2_w3x_kernelILi85ELi8ELi20EEv14CUtensorMap_stS0_S0_PK13__nv_bfloat16PS1_PmS5_S5_S5_S5_
    0 bytes stack frame, 0 bytes spill stores, 0 bytes spill loads
ptxas info    : Used 64 registers, used 1 barriers
ptxas info    : Compile time = 61.804 ms
ptxas info    : Compiling entry function '_Z14fc2_w3x_kernelILi84ELi8ELi20EEv14CUtensorMap_stS0_S0_PK13__nv_bfloat16PS1_PmS5_S5_S5_S5_' for 'sm_100a'
ptxas info    : Function properties for _Z14fc2_w3x_kernelILi84ELi8ELi20EEv14CUtensorMap_stS0_S0_PK13__nv_bfloat16PS1_PmS5_S5_S5_S5_
    0 bytes stack frame, 0 bytes spill stores, 0 bytes spill loads
ptxas info    : Used 64 registers, used 1 barriers
ptxas info    : Compile time = 61.416 ms
ptxas info    : Compiling entry function '_Z14fc2_w3x_kernelILi83ELi8ELi20EEv14CUtensorMap_stS0_S0_PK13__nv_bfloat16PS1_PmS5_S5_S5_S5_' for 'sm_100a'
ptxas info    : Function properties for _Z14fc2_w3x_kernelILi83ELi8ELi20EEv14CUtensorMap_stS0_S0_PK13__nv_bfloat16PS1_PmS5_S5_S5_S5_
    0 bytes stack frame, 0 bytes spill stores, 0 bytes spill loads
ptxas info    : Used 64 registers, used 1 barriers
ptxas info    : Compile time = 61.504 ms
ptxas info    : Compiling entry function '_Z14fc2_w3x_kernelILi82ELi8ELi20EEv14CUtensorMap_stS0_S0_PK13__nv_bfloat16PS1_PmS5_S5_S5_S5_' for 'sm_100a'
ptxas info    : Function properties for _Z14fc2_w3x_kernelILi82ELi8ELi20EEv14CUtensorMap_stS0_S0_PK13__nv_bfloat16PS1_PmS5_S5_S5_S5_
    0 bytes stack frame, 0 bytes spill stores, 0 bytes spill loads
ptxas info    : Used 64 registers, used 1 barriers
ptxas info    : Compile time = 62.589 ms
ptxas info    : Compiling entry function '_Z14fc2_w3x_kernelILi81ELi8ELi20EEv14CUtensorMap_stS0_S0_PK13__nv_bfloat16PS1_PmS5_S5_S5_S5_' for 'sm_100a'
ptxas info    : Function properties for _Z14fc2_w3x_kernelILi81ELi8ELi20EEv14CUtensorMap_stS0_S0_PK13__nv_bfloat16PS1_PmS5_S5_S5_S5_
    0 bytes stack frame, 0 bytes spill stores, 0 bytes spill loads
ptxas info    : Used 64 registers, used 1 barriers
ptxas info    : Compile time = 62.269 ms
ptxas info    : Compiling entry function '_Z14fc2_w3x_kernelILi80ELi8ELi20EEv14CUtensorMap_stS0_S0_PK13__nv_bfloat16PS1_PmS5_S5_S5_S5_' for 'sm_100a'
ptxas info    : Function properties for _Z14fc2_w3x_kernelILi80ELi8ELi20EEv14CUtensorMap_stS0_S0_PK13__nv_bfloat16PS1_PmS5_S5_S5_S5_
    0 bytes stack frame, 0 bytes spill stores, 0 bytes spill loads
ptxas info    : Used 64 registers, used 1 barriers
ptxas info    : Compile time = 61.818 ms
ptxas info    : Compiling entry function '_Z14fc2_w3x_kernelILi58ELi8ELi20EEv14CUtensorMap_stS0_S0_PK13__nv_bfloat16PS1_PmS5_S5_S5_S5_' for 'sm_100a'
ptxas info    : Function properties for _Z14fc2_w3x_kernelILi58ELi8ELi20EEv14CUtensorMap_stS0_S0_PK13__nv_bfloat16PS1_PmS5_S5_S5_S5_
    0 bytes stack frame, 0 bytes spill stores, 0 bytes spill loads
ptxas info    : Used 64 registers, used 1 barriers
ptxas info    : Compile time = 62.645 ms
ptxas info    : Compiling entry function '_Z14fc2_w3x_kernelILi57ELi8ELi20EEv14CUtensorMap_stS0_S0_PK13__nv_bfloat16PS1_PmS5_S5_S5_S5_' for 'sm_100a'
ptxas info    : Function properties for _Z14fc2_w3x_kernelILi57ELi8ELi20EEv14CUtensorMap_stS0_S0_PK13__nv_bfloat16PS1_PmS5_S5_S5_S5_
    0 bytes stack frame, 0 bytes spill stores, 0 bytes spill loads
ptxas info    : Used 64 registers, used 1 barriers
ptxas info    : Compile time = 62.107 ms
ptxas info    : Compiling entry function '_Z14fc2_w3x_kernelILi56ELi8ELi20EEv14CUtensorMap_stS0_S0_PK13__nv_bfloat16PS1_PmS5_S5_S5_S5_' for 'sm_100a'
ptxas info    : Function properties for _Z14fc2_w3x_kernelILi56ELi8ELi20EEv14CUtensorMap_stS0_S0_PK13__nv_bfloat16PS1_PmS5_S5_S5_S5_
    0 bytes stack frame, 0 bytes spill stores, 0 bytes spill loads
ptxas info    : Used 64 registers, used 1 barriers
ptxas info    : Compile time = 62.262 ms
ptxas info    : Compiling entry function '_Z14fc2_w3x_kernelILi55ELi8ELi20EEv14CUtensorMap_stS0_S0_PK13__nv_bfloat16PS1_PmS5_S5_S5_S5_' for 'sm_100a'
ptxas info    : Function properties for _Z14fc2_w3x_kernelILi55ELi8ELi20EEv14CUtensorMap_stS0_S0_PK13__nv_bfloat16PS1_PmS5_S5_S5_S5_
    0 bytes stack frame, 0 bytes spill stores, 0 bytes spill loads
ptxas info    : Used 64 registers, used 1 barriers
ptxas info    : Compile time = 63.487 ms
ptxas info    : Compiling entry function '_Z14fc2_w3x_kernelILi54ELi8ELi20EEv14CUtensorMap_stS0_S0_PK13__nv_bfloat16PS1_PmS5_S5_S5_S5_' for 'sm_100a'
ptxas info    : Function properties for _Z14fc2_w3x_kernelILi54ELi8ELi20EEv14CUtensorMap_stS0_S0_PK13__nv_bfloat16PS1_PmS5_S5_S5_S5_
    0 bytes stack frame, 0 bytes spill stores, 0 bytes spill loads
ptxas info    : Used 64 registers, used 1 barriers
ptxas info    : Compile time = 62.992 ms
ptxas info    : Compiling entry function '_Z14fc2_w3x_kernelILi53ELi8ELi20EEv14CUtensorMap_stS0_S0_PK13__nv_bfloat16PS1_PmS5_S5_S5_S5_' for 'sm_100a'
ptxas info    : Function properties for _Z14fc2_w3x_kernelILi53ELi8ELi20EEv14CUtensorMap_stS0_S0_PK13__nv_bfloat16PS1_PmS5_S5_S5_S5_
    0 bytes stack frame, 0 bytes spill stores, 0 bytes spill loads
ptxas info    : Used 64 registers, used 1 barriers
ptxas info    : Compile time = 62.548 ms
ptxas info    : Compiling entry function '_Z14fc2_w3x_kernelILi52ELi8ELi20EEv14CUtensorMap_stS0_S0_PK13__nv_bfloat16PS1_PmS5_S5_S5_S5_' for 'sm_100a'
ptxas info    : Function properties for _Z14fc2_w3x_kernelILi52ELi8ELi20EEv14CUtensorMap_stS0_S0_PK13__nv_bfloat16PS1_PmS5_S5_S5_S5_
    0 bytes stack frame, 0 bytes spill stores, 0 bytes spill loads
ptxas info    : Used 64 registers, used 1 barriers
ptxas info    : Compile time = 63.119 ms
ptxas info    : Compiling entry function '_Z14fc2_w3x_kernelILi51ELi8ELi20EEv14CUtensorMap_stS0_S0_PK13__nv_bfloat16PS1_PmS5_S5_S5_S5_' for 'sm_100a'
ptxas info    : Function properties for _Z14fc2_w3x_kernelILi51ELi8ELi20EEv14CUtensorMap_stS0_S0_PK13__nv_bfloat16PS1_PmS5_S5_S5_S5_
    0 bytes stack frame, 0 bytes spill stores, 0 bytes spill loads
ptxas info    : Used 64 registers, used 1 barriers
ptxas info    : Compile time = 64.236 ms
ptxas info    : Compiling entry function '_Z14fc2_w3x_kernelILi50ELi8ELi20EEv14CUtensorMap_stS0_S0_PK13__nv_bfloat16PS1_PmS5_S5_S5_S5_' for 'sm_100a'
ptxas info    : Function properties for _Z14fc2_w3x_kernelILi50ELi8ELi20EEv14CUtensorMap_stS0_S0_PK13__nv_bfloat16PS1_PmS5_S5_S5_S5_
    0 bytes stack frame, 0 bytes spill stores, 0 bytes spill loads
ptxas info    : Used 64 registers, used 1 barriers
ptxas info    : Compile time = 62.052 ms
ptxas info    : Compiling entry function '_Z14fc2_w3x_kernelILi49ELi8ELi20EEv14CUtensorMap_stS0_S0_PK13__nv_bfloat16PS1_PmS5_S5_S5_S5_' for 'sm_100a'
ptxas info    : Function properties for _Z14fc2_w3x_kernelILi49ELi8ELi20EEv14CUtensorMap_stS0_S0_PK13__nv_bfloat16PS1_PmS5_S5_S5_S5_
    0 bytes stack frame, 0 bytes spill stores, 0 bytes spill loads
ptxas info    : Used 64 registers, used 1 barriers
ptxas info    : Compile time = 62.740 ms
ptxas info    : Compiling entry function '_Z14fc2_w3x_kernelILi19ELi16ELi20EEv14CUtensorMap_stS0_S0_PK13__nv_bfloat16PS1_PmS5_S5_S5_S5_' for 'sm_100a'
ptxas info    : Function properties for _Z14fc2_w3x_kernelILi19ELi16ELi20EEv14CUtensorMap_stS0_S0_PK13__nv_bfloat16PS1_PmS5_S5_S5_S5_
    0 bytes stack frame, 0 bytes spill stores, 0 bytes spill loads
ptxas info    : Used 64 registers, used 1 barriers
ptxas info    : Compile time = 62.704 ms
ptxas info    : Compiling entry function '_Z14fc2_w3x_kernelILi19ELi4ELi20EEv14CUtensorMap_stS0_S0_PK13__nv_bfloat16PS1_PmS5_S5_S5_S5_' for 'sm_100a'
ptxas info    : Function properties for _Z14fc2_w3x_kernelILi19ELi4ELi20EEv14CUtensorMap_stS0_S0_PK13__nv_bfloat16PS1_PmS5_S5_S5_S5_
    0 bytes stack frame, 0 bytes spill stores, 0 bytes spill loads
ptxas info    : Used 64 registers, used 1 barriers
ptxas info    : Compile time = 62.191 ms
ptxas info    : Compiling entry function '_Z14fc2_w3x_kernelILi48ELi8ELi20EEv14CUtensorMap_stS0_S0_PK13__nv_bfloat16PS1_PmS5_S5_S5_S5_' for 'sm_100a'
ptxas info    : Function properties for _Z14fc2_w3x_kernelILi48ELi8ELi20EEv14CUtensorMap_stS0_S0_PK13__nv_bfloat16PS1_PmS5_S5_S5_S5_
    0 bytes stack frame, 0 bytes spill stores, 0 bytes spill loads
ptxas info    : Used 64 registers, used 1 barriers
ptxas info    : Compile time = 61.828 ms
ptxas info    : Compiling entry function '_Z14fc2_w3x_kernelILi47ELi8ELi20EEv14CUtensorMap_stS0_S0_PK13__nv_bfloat16PS1_PmS5_S5_S5_S5_' for 'sm_100a'
ptxas info    : Function properties for _Z14fc2_w3x_kernelILi47ELi8ELi20EEv14CUtensorMap_stS0_S0_PK13__nv_bfloat16PS1_PmS5_S5_S5_S5_
    0 bytes stack frame, 0 bytes spill stores, 0 bytes spill loads
ptxas info    : Used 64 registers, used 1 barriers
ptxas info    : Compile time = 63.420 ms
ptxas info    : Compiling entry function '_Z14fc2_w3x_kernelILi46ELi8ELi20EEv14CUtensorMap_stS0_S0_PK13__nv_bfloat16PS1_PmS5_S5_S5_S5_' for 'sm_100a'
ptxas info    : Function properties for _Z14fc2_w3x_kernelILi46ELi8ELi20EEv14CUtensorMap_stS0_S0_PK13__nv_bfloat16PS1_PmS5_S5_S5_S5_
    0 bytes stack frame, 0 bytes spill stores, 0 bytes spill loads
ptxas info    : Used 64 registers, used 1 barriers
ptxas info    : Compile time = 62.194 ms
ptxas info    : Compiling entry function '_Z14fc2_w3x_kernelILi45ELi8ELi20EEv14CUtensorMap_stS0_S0_PK13__nv_bfloat16PS1_PmS5_S5_S5_S5_' for 'sm_100a'
ptxas info    : Function properties for _Z14fc2_w3x_kernelILi45ELi8ELi20EEv14CUtensorMap_stS0_S0_PK13__nv_bfloat16PS1_PmS5_S5_S5_S5_
    0 bytes stack frame, 0 bytes spill stores, 0 bytes spill loads
ptxas info    : Used 64 registers, used 1 barriers
ptxas info    : Compile time = 62.000 ms
ptxas info    : Compiling entry function '_Z14fc2_w3x_kernelILi44ELi8ELi20EEv14CUtensorMap_stS0_S0_PK13__nv_bfloat16PS1_PmS5_S5_S5_S5_' for 'sm_100a'
ptxas info    : Function properties for _Z14fc2_w3x_kernelILi44ELi8ELi20EEv14CUtensorMap_stS0_S0_PK13__nv_bfloat16PS1_PmS5_S5_S5_S5_
    0 bytes stack frame, 0 bytes spill stores, 0 bytes spill loads
ptxas info    : Used 64 registers, used 1 barriers
ptxas info    : Compile time = 62.597 ms
ptxas info    : Compiling entry function '_Z14fc2_w3x_kernelILi43ELi8ELi20EEv14CUtensorMap_stS0_S0_PK13__nv_bfloat16PS1_PmS5_S5_S5_S5_' for 'sm_100a'
ptxas info    : Function properties for _Z14fc2_w3x_kernelILi43ELi8ELi20EEv14CUtensorMap_stS0_S0_PK13__nv_bfloat16PS1_PmS5_S5_S5_S5_
    0 bytes stack frame, 0 bytes spill stores, 0 bytes spill loads
ptxas info    : Used 64 registers, used 1 barriers
ptxas info    : Compile time = 62.225 ms
ptxas info    : Compiling entry function '_Z14fc2_w3x_kernelILi41ELi8ELi20EEv14CUtensorMap_stS0_S0_PK13__nv_bfloat16PS1_PmS5_S5_S5_S5_' for 'sm_100a'
ptxas info    : Function properties for _Z14fc2_w3x_kernelILi41ELi8ELi20EEv14CUtensorMap_stS0_S0_PK13__nv_bfloat16PS1_PmS5_S5_S5_S5_
    0 bytes stack frame, 0 bytes spill stores, 0 bytes spill loads
ptxas info    : Used 64 registers, used 1 barriers
ptxas info    : Compile time = 61.997 ms
ptxas info    : Compiling entry function '_Z14fc2_w3x_kernelILi40ELi8ELi20EEv14CUtensorMap_stS0_S0_PK13__nv_bfloat16PS1_PmS5_S5_S5_S5_' for 'sm_100a'
ptxas info    : Function properties for _Z14fc2_w3x_kernelILi40ELi8ELi20EEv14CUtensorMap_stS0_S0_PK13__nv_bfloat16PS1_PmS5_S5_S5_S5_
    0 bytes stack frame, 0 bytes spill stores, 0 bytes spill loads
ptxas info    : Used 64 registers, used 1 barriers
ptxas info    : Compile time = 62.017 ms
ptxas info    : Compiling entry function '_Z14fc2_w3x_kernelILi39ELi8ELi20EEv14CUtensorMap_stS0_S0_PK13__nv_bfloat16PS1_PmS5_S5_S5_S5_' for 'sm_100a'
ptxas info    : Function properties for _Z14fc2_w3x_kernelILi39ELi8ELi20EEv14CUtensorMap_stS0_S0_PK13__nv_bfloat16PS1_PmS5_S5_S5_S5_
    0 bytes stack frame, 0 bytes spill stores, 0 bytes spill loads
ptxas info    : Used 64 registers, used 1 barriers
ptxas info    : Compile time = 62.645 ms
ptxas info    : Compiling entry function '_Z14fc2_w3x_kernelILi38ELi8ELi20EEv14CUtensorMap_stS0_S0_PK13__nv_bfloat16PS1_PmS5_S5_S5_S5_' for 'sm_100a'
ptxas info    : Function properties for _Z14fc2_w3x_kernelILi38ELi8ELi20EEv14CUtensorMap_stS0_S0_PK13__nv_bfloat16PS1_PmS5_S5_S5_S5_
    0 bytes stack frame, 0 bytes spill stores, 0 bytes spill loads
ptxas info    : Used 64 registers, used 1 barriers
ptxas info    : Compile time = 61.686 ms
ptxas info    : Compiling entry function '_Z14fc2_w3x_kernelILi36ELi4ELi20EEv14CUtensorMap_stS0_S0_PK13__nv_bfloat16PS1_PmS5_S5_S5_S5_' for 'sm_100a'
ptxas info    : Function properties for _Z14fc2_w3x_kernelILi36ELi4ELi20EEv14CUtensorMap_stS0_S0_PK13__nv_bfloat16PS1_PmS5_S5_S5_S5_
    0 bytes stack frame, 0 bytes spill stores, 0 bytes spill loads
ptxas info    : Used 64 registers, used 1 barriers
ptxas info    : Compile time = 61.817 ms
ptxas info    : Compiling entry function '_Z14fc2_w3x_kernelILi35ELi4ELi20EEv14CUtensorMap_stS0_S0_PK13__nv_bfloat16PS1_PmS5_S5_S5_S5_' for 'sm_100a'
ptxas info    : Function properties for _Z14fc2_w3x_kernelILi35ELi4ELi20EEv14CUtensorMap_stS0_S0_PK13__nv_bfloat16PS1_PmS5_S5_S5_S5_
    0 bytes stack frame, 0 bytes spill stores, 0 bytes spill loads
ptxas info    : Used 64 registers, used 1 barriers
ptxas info    : Compile time = 62.829 ms
ptxas info    : Compiling entry function '_Z14fc2_w3x_kernelILi34ELi8ELi20EEv14CUtensorMap_stS0_S0_PK13__nv_bfloat16PS1_PmS5_S5_S5_S5_' for 'sm_100a'
ptxas info    : Function properties for _Z14fc2_w3x_kernelILi34ELi8ELi20EEv14CUtensorMap_stS0_S0_PK13__nv_bfloat16PS1_PmS5_S5_S5_S5_
    0 bytes stack frame, 0 bytes spill stores, 0 bytes spill loads
ptxas info    : Used 64 registers, used 1 barriers
ptxas info    : Compile time = 62.299 ms
ptxas info    : Compiling entry function '_Z14fc2_w3x_kernelILi33ELi8ELi20EEv14CUtensorMap_stS0_S0_PK13__nv_bfloat16PS1_PmS5_S5_S5_S5_' for 'sm_100a'
ptxas info    : Function properties for _Z14fc2_w3x_kernelILi33ELi8ELi20EEv14CUtensorMap_stS0_S0_PK13__nv_bfloat16PS1_PmS5_S5_S5_S5_
    0 bytes stack frame, 0 bytes spill stores, 0 bytes spill loads
ptxas info    : Used 64 registers, used 1 barriers
ptxas info    : Compile time = 62.675 ms
ptxas info    : Compiling entry function '_Z14fc2_w3x_kernelILi19ELi8ELi20EEv14CUtensorMap_stS0_S0_PK13__nv_bfloat16PS1_PmS5_S5_S5_S5_' for 'sm_100a'
ptxas info    : Function properties for _Z14fc2_w3x_kernelILi19ELi8ELi20EEv14CUtensorMap_stS0_S0_PK13__nv_bfloat16PS1_PmS5_S5_S5_S5_
    0 bytes stack frame, 0 bytes spill stores, 0 bytes spill loads
ptxas info    : Used 64 registers, used 1 barriers
ptxas info    : Compile time = 62.254 ms
ptxas info    : Compiling entry function '_Z14fc2_w3x_kernelILi18ELi8ELi20EEv14CUtensorMap_stS0_S0_PK13__nv_bfloat16PS1_PmS5_S5_S5_S5_' for 'sm_100a'
ptxas info    : Function properties for _Z14fc2_w3x_kernelILi18ELi8ELi20EEv14CUtensorMap_stS0_S0_PK13__nv_bfloat16PS1_PmS5_S5_S5_S5_
    0 bytes stack frame, 0 bytes spill stores, 0 bytes spill loads
ptxas info    : Used 64 registers, used 1 barriers
ptxas info    : Compile time = 62.009 ms
ptxas info    : Compiling entry function '_Z14fc2_w3x_kernelILi13ELi8ELi20EEv14CUtensorMap_stS0_S0_PK13__nv_bfloat16PS1_PmS5_S5_S5_S5_' for 'sm_100a'
ptxas info    : Function properties for _Z14fc2_w3x_kernelILi13ELi8ELi20EEv14CUtensorMap_stS0_S0_PK13__nv_bfloat16PS1_PmS5_S5_S5_S5_
    0 bytes stack frame, 0 bytes spill stores, 0 bytes spill loads
ptxas info    : Used 64 registers, used 1 barriers
ptxas info    : Compile time = 60.858 ms
ptxas info    : Compiling entry function '_Z14fc2_w3x_kernelILi11ELi8ELi20EEv14CUtensorMap_stS0_S0_PK13__nv_bfloat16PS1_PmS5_S5_S5_S5_' for 'sm_100a'
ptxas info    : Function properties for _Z14fc2_w3x_kernelILi11ELi8ELi20EEv14CUtensorMap_stS0_S0_PK13__nv_bfloat16PS1_PmS5_S5_S5_S5_
    0 bytes stack frame, 0 bytes spill stores, 0 bytes spill loads
ptxas info    : Used 64 registers, used 1 barriers
ptxas info    : Compile time = 61.279 ms
ptxas info    : Compiling entry function '_Z14fc2_w3x_kernelILi0ELi32ELi20EEv14CUtensorMap_stS0_S0_PK13__nv_bfloat16PS1_PmS5_S5_S5_S5_' for 'sm_100a'
ptxas info    : Function properties for _Z14fc2_w3x_kernelILi0ELi32ELi20EEv14CUtensorMap_stS0_S0_PK13__nv_bfloat16PS1_PmS5_S5_S5_S5_
    0 bytes stack frame, 0 bytes spill stores, 0 bytes spill loads
ptxas info    : Used 64 registers, used 1 barriers
ptxas info    : Compile time = 62.250 ms
ptxas info    : Compiling entry function '_Z14fc2_w3x_kernelILi0ELi16ELi20EEv14CUtensorMap_stS0_S0_PK13__nv_bfloat16PS1_PmS5_S5_S5_S5_' for 'sm_100a'
ptxas info    : Function properties for _Z14fc2_w3x_kernelILi0ELi16ELi20EEv14CUtensorMap_stS0_S0_PK13__nv_bfloat16PS1_PmS5_S5_S5_S5_
    0 bytes stack frame, 0 bytes spill stores, 0 bytes spill loads
ptxas info    : Used 64 registers, used 1 barriers
ptxas info    : Compile time = 62.581 ms
ptxas info    : Compiling entry function '_Z14fc2_w3x_kernelILi0ELi4ELi20EEv14CUtensorMap_stS0_S0_PK13__nv_bfloat16PS1_PmS5_S5_S5_S5_' for 'sm_100a'
ptxas info    : Function properties for _Z14fc2_w3x_kernelILi0ELi4ELi20EEv14CUtensorMap_stS0_S0_PK13__nv_bfloat16PS1_PmS5_S5_S5_S5_
    0 bytes stack frame, 0 bytes spill stores, 0 bytes spill loads
ptxas info    : Used 64 registers, used 1 barriers
ptxas info    : Compile time = 63.099 ms
ptxas info    : Compiling entry function '_Z14fc2_w3x_kernelILi0ELi2ELi20EEv14CUtensorMap_stS0_S0_PK13__nv_bfloat16PS1_PmS5_S5_S5_S5_' for 'sm_100a'
ptxas info    : Function properties for _Z14fc2_w3x_kernelILi0ELi2ELi20EEv14CUtensorMap_stS0_S0_PK13__nv_bfloat16PS1_PmS5_S5_S5_S5_
    0 bytes stack frame, 0 bytes spill stores, 0 bytes spill loads
ptxas info    : Used 64 registers, used 1 barriers
ptxas info    : Compile time = 60.310 ms
ptxas info    : Compiling entry function '_Z14fc2_w3x_kernelILi0ELi8ELi20EEv14CUtensorMap_stS0_S0_PK13__nv_bfloat16PS1_PmS5_S5_S5_S5_' for 'sm_100a'
ptxas info    : Function properties for _Z14fc2_w3x_kernelILi0ELi8ELi20EEv14CUtensorMap_stS0_S0_PK13__nv_bfloat16PS1_PmS5_S5_S5_S5_
    0 bytes stack frame, 0 bytes spill stores, 0 bytes spill loads
ptxas info    : Used 64 registers, used 1 barriers
ptxas info    : Compile time = 62.135 ms
--- rep 1/3 ec=0
FC2 W3X kernel — 6-warp bias-only rank-1-shaped persistent
  [928256,1024] x [256,1024]^T  NS=5  THREADS=192  SMEM=181120 B  (cap 228KB)
  Alloc + init + pack done
  TMA + func attr done (SMEM=181120 B)  variant=default TD=0 DGG=8
Warmup (2 iters)...
Timing 1 reps × 10 iters/rep × 1 variant ...
@@SAMPLE rep=1 ms=0.22223 cyc=398176 cyc_min=390201 cyc_p50=393368 cyc_p95=395588 cyc_max=398176
@@STATS reps=1 mean=0.22223 std=0.00000 min=0.22223 p25=0.22223 p50=0.22223 p75=0.22223 max=0.22223 iqr=0.00000
FC2-W3X kernel: 0.222 ms  2189.95 TFLOPS
PASS  errors=0/32
@@RESULT ms=0.2222 tflops=2189.95 checksum=0.000000 valid=1 c0=1536.0
--- rep 2/3 ec=0
FC2 W3X kernel — 6-warp bias-only rank-1-shaped persistent
  [928256,1024] x [256,1024]^T  NS=5  THREADS=192  SMEM=181120 B  (cap 228KB)
  Alloc + init + pack done
  TMA + func attr done (SMEM=181120 B)  variant=default TD=0 DGG=8
Warmup (2 iters)...
Timing 1 reps × 10 iters/rep × 1 variant ...
@@SAMPLE rep=1 ms=0.22221 cyc=399007 cyc_min=391181 cyc_p50=393925 cyc_p95=396531 cyc_max=399007
@@STATS reps=1 mean=0.22221 std=0.00000 min=0.22221 p25=0.22221 p50=0.22221 p75=0.22221 max=0.22221 iqr=0.00000
FC2-W3X kernel: 0.222 ms  2190.17 TFLOPS
PASS  errors=0/32
@@RESULT ms=0.2222 tflops=2190.17 checksum=0.000000 valid=1 c0=1536.0
--- rep 3/3 ec=0
FC2 W3X kernel — 6-warp bias-only rank-1-shaped persistent
  [928256,1024] x [256,1024]^T  NS=5  THREADS=192  SMEM=181120 B  (cap 228KB)
  Alloc + init + pack done
  TMA + func attr done (SMEM=181120 B)  variant=default TD=0 DGG=8
Warmup (2 iters)...
Timing 1 reps × 10 iters/rep × 1 variant ...
@@SAMPLE rep=1 ms=0.22167 cyc=398074 cyc_min=390701 cyc_p50=393716 cyc_p95=396357 cyc_max=398074
@@STATS reps=1 mean=0.22167 std=0.00000 min=0.22167 p25=0.22167 p50=0.22167 p75=0.22167 max=0.22167 iqr=0.00000
FC2-W3X kernel: 0.222 ms  2195.45 TFLOPS
PASS  errors=0/32
@@RESULT ms=0.2217 tflops=2195.45 checksum=0.000000 valid=1 c0=1536.0
--- cublas epi=3 rep 1/1 ec=0
### CUBLASLT INTROSPECT M=928256 N=256 K=1024 epi=bias_only scale=per_tensor
### Heuristics returned: 8

# TSV
rank	heur	ms	cyc	algoId	tile	stages	cluster	inner	splitk	redux	swizzle	custom	waves	ws_MB
1	2	0.2016	372541	66	29	36	3	-1	1	0	0	1	78.41	0.0
2	1	0.2048	378406	66	32	36	3	-1	1	0	0	1	65.34	0.0
3	0	0.2112	390583	66	23	36	3	-1	1	0	0	1	49.00	0.0
4	3	0.2122	392140	66	20	36	3	-1	1	0	0	1	98.00	0.0
5	4	0.2159	399144	66	447	36	3	-1	1	0	0	1	24.50	0.0
6	5	0.2168	400912	66	177	36	3	-1	1	0	0	1	32.68	0.0
7	6	0.2355	435211	66	33	36	3	-1	1	0	0	1	130.68	0.0
8	7	0.2399	443261	66	184	36	5	-1	1	0	0	2	98.00	0.0

# Top-3 caps:

## rank=1  algoId=66  tile=29  stages=36  cluster=3  inner=-1  ms=0.2016
    CUBLASLT_ALGO_CAP_REDUCTION_SCHEME_MASK      = 2
    CUBLASLT_ALGO_CAP_CTA_SWIZZLING_SUPPORT      = 0
    CUBLASLT_ALGO_CAP_STRIDED_BATCH_SUPPORT      = 1
    CUBLASLT_ALGO_CAP_OUT_OF_PLACE_RESULT_SUPPORT = 1
    CUBLASLT_ALGO_CAP_CUSTOM_OPTION_MAX          = 7
    CUBLASLT_ALGO_CAP_POINTER_MODE_MASK          = 3
    CUBLASLT_ALGO_CAP_EPILOGUE_MASK              = 1023
    CUBLASLT_ALGO_CAP_TILE_IDS                   = --  (status=7 wrote=0)
    CUBLASLT_ALGO_CAP_STAGES_IDS                 = [36] (n=1, elem=4B)
    CUBLASLT_ALGO_CONFIG_CLUSTER_SHAPE_ID sz=2 → status=0 wrote=2 val=3

## rank=2  algoId=66  tile=32  stages=36  cluster=3  inner=-1  ms=0.2048
    CUBLASLT_ALGO_CAP_REDUCTION_SCHEME_MASK      = 2
    CUBLASLT_ALGO_CAP_CTA_SWIZZLING_SUPPORT      = 0
    CUBLASLT_ALGO_CAP_STRIDED_BATCH_SUPPORT      = 1
    CUBLASLT_ALGO_CAP_OUT_OF_PLACE_RESULT_SUPPORT = 1
    CUBLASLT_ALGO_CAP_CUSTOM_OPTION_MAX          = 7
    CUBLASLT_ALGO_CAP_POINTER_MODE_MASK          = 3
    CUBLASLT_ALGO_CAP_EPILOGUE_MASK              = 1023
    CUBLASLT_ALGO_CAP_TILE_IDS                   = --  (status=7 wrote=0)
    CUBLASLT_ALGO_CAP_STAGES_IDS                 = [36] (n=1, elem=4B)
    CUBLASLT_ALGO_CONFIG_CLUSTER_SHAPE_ID sz=2 → status=0 wrote=2 val=3

## rank=3  algoId=66  tile=23  stages=36  cluster=3  inner=-1  ms=0.2112
    CUBLASLT_ALGO_CAP_REDUCTION_SCHEME_MASK      = 2
    CUBLASLT_ALGO_CAP_CTA_SWIZZLING_SUPPORT      = 0
    CUBLASLT_ALGO_CAP_STRIDED_BATCH_SUPPORT      = 1
    CUBLASLT_ALGO_CAP_OUT_OF_PLACE_RESULT_SUPPORT = 1
    CUBLASLT_ALGO_CAP_CUSTOM_OPTION_MAX          = 7
    CUBLASLT_ALGO_CAP_POINTER_MODE_MASK          = 3
    CUBLASLT_ALGO_CAP_EPILOGUE_MASK              = 1023
    CUBLASLT_ALGO_CAP_TILE_IDS                   = --  (status=7 wrote=0)
    CUBLASLT_ALGO_CAP_STAGES_IDS                 = [36] (n=1, elem=4B)
    CUBLASLT_ALGO_CONFIG_CLUSTER_SHAPE_ID sz=2 → status=0 wrote=2 val=3

# Winner:  rank=1  tile=29  stages=36  cluster=3  inner=-1  splitk=1  swizzle=0  ms=0.2016  cyc=372541

@@RESULT ms=0.2016 cyc=372541 tflops=2413.86 checksum=0.000000 valid=1 c0=0.0
--- cublas epi=0 rep 1/1 ec=0
### CUBLASLT INTROSPECT M=928256 N=256 K=1024 epi=none scale=per_tensor
### Heuristics returned: 8

# TSV
rank	heur	ms	cyc	algoId	tile	stages	cluster	inner	splitk	redux	swizzle	custom	waves	ws_MB
1	3	0.2049	378666	66	20	36	3	-1	1	0	0	1	98.00	0.0
2	2	0.2061	381002	66	29	36	3	-1	1	0	0	1	78.41	0.0
3	1	0.2081	384634	66	32	36	3	-1	1	0	0	1	65.34	0.0
4	7	0.2099	387871	66	184	36	5	-1	1	0	0	2	98.00	0.0
5	0	0.2140	395855	66	23	36	3	-1	1	0	0	1	49.00	0.0
6	5	0.2173	401946	66	177	36	3	-1	1	0	0	1	32.68	0.0
7	4	0.2185	404147	66	447	36	3	-1	1	0	0	1	24.50	0.0
8	6	0.2239	413848	66	33	36	3	-1	1	0	0	1	130.68	0.0

# Top-3 caps:

## rank=1  algoId=66  tile=20  stages=36  cluster=3  inner=-1  ms=0.2049
    CUBLASLT_ALGO_CAP_REDUCTION_SCHEME_MASK      = 2
    CUBLASLT_ALGO_CAP_CTA_SWIZZLING_SUPPORT      = 0
    CUBLASLT_ALGO_CAP_STRIDED_BATCH_SUPPORT      = 1
    CUBLASLT_ALGO_CAP_OUT_OF_PLACE_RESULT_SUPPORT = 1
    CUBLASLT_ALGO_CAP_CUSTOM_OPTION_MAX          = 7
    CUBLASLT_ALGO_CAP_POINTER_MODE_MASK          = 3
    CUBLASLT_ALGO_CAP_EPILOGUE_MASK              = 1023
    CUBLASLT_ALGO_CAP_TILE_IDS                   = --  (status=7 wrote=0)
    CUBLASLT_ALGO_CAP_STAGES_IDS                 = [36] (n=1, elem=4B)
    CUBLASLT_ALGO_CONFIG_CLUSTER_SHAPE_ID sz=2 → status=0 wrote=2 val=3

## rank=2  algoId=66  tile=29  stages=36  cluster=3  inner=-1  ms=0.2061
    CUBLASLT_ALGO_CAP_REDUCTION_SCHEME_MASK      = 2
    CUBLASLT_ALGO_CAP_CTA_SWIZZLING_SUPPORT      = 0
    CUBLASLT_ALGO_CAP_STRIDED_BATCH_SUPPORT      = 1
    CUBLASLT_ALGO_CAP_OUT_OF_PLACE_RESULT_SUPPORT = 1
    CUBLASLT_ALGO_CAP_CUSTOM_OPTION_MAX          = 7
    CUBLASLT_ALGO_CAP_POINTER_MODE_MASK          = 3
    CUBLASLT_ALGO_CAP_EPILOGUE_MASK              = 1023
    CUBLASLT_ALGO_CAP_TILE_IDS                   = --  (status=7 wrote=0)
    CUBLASLT_ALGO_CAP_STAGES_IDS                 = [36] (n=1, elem=4B)
    CUBLASLT_ALGO_CONFIG_CLUSTER_SHAPE_ID sz=2 → status=0 wrote=2 val=3

## rank=3  algoId=66  tile=32  stages=36  cluster=3  inner=-1  ms=0.2081
    CUBLASLT_ALGO_CAP_REDUCTION_SCHEME_MASK      = 2
    CUBLASLT_ALGO_CAP_CTA_SWIZZLING_SUPPORT      = 0
    CUBLASLT_ALGO_CAP_STRIDED_BATCH_SUPPORT      = 1
    CUBLASLT_ALGO_CAP_OUT_OF_PLACE_RESULT_SUPPORT = 1
    CUBLASLT_ALGO_CAP_CUSTOM_OPTION_MAX          = 7
    CUBLASLT_ALGO_CAP_POINTER_MODE_MASK          = 3
    CUBLASLT_ALGO_CAP_EPILOGUE_MASK              = 1023
    CUBLASLT_ALGO_CAP_TILE_IDS                   = --  (status=7 wrote=0)
    CUBLASLT_ALGO_CAP_STAGES_IDS                 = [36] (n=1, elem=4B)
    CUBLASLT_ALGO_CONFIG_CLUSTER_SHAPE_ID sz=2 → status=0 wrote=2 val=3

# Winner:  rank=1  tile=20  stages=36  cluster=3  inner=-1  splitk=1  swizzle=0  ms=0.2049  cyc=378666

@@RESULT ms=0.2049 cyc=378666 tflops=2375.33 checksum=0.000000 valid=1 c0=0.0

[build] N=256 K=2048 M=928256 flags=['-DM_TOTAL=928256', '-DN_DIM=256', '-DK_DIM=2048']
$ make -B fc2-w3x DFLAGS=-DM_TOTAL=928256 -DN_DIM=256 -DK_DIM=2048
nvcc -gencode arch=compute_100a,code=sm_100a -O3 -std=c++17 -lineinfo --ptxas-options=-v --cudart=static -DM_TOTAL=928256 -DN_DIM=256 -DK_DIM=2048 fc2_w3x.cu -o fc2-w3x -lcurand_static -lculibos -lcuda
ptxas info    : 0 bytes gmem
ptxas info    : Compiling entry function '_Z14fc2_w3x_kernelILi54ELi8ELi64EEv14CUtensorMap_stS0_S0_PK13__nv_bfloat16PS1_PmS5_S5_S5_S5_' for 'sm_100a'
ptxas info    : Function properties for _Z14fc2_w3x_kernelILi54ELi8ELi64EEv14CUtensorMap_stS0_S0_PK13__nv_bfloat16PS1_PmS5_S5_S5_S5_
    0 bytes stack frame, 0 bytes spill stores, 0 bytes spill loads
ptxas info    : Used 64 registers, used 1 barriers
ptxas info    : Compile time = 65.168 ms
ptxas info    : Compiling entry function '_Z14fc2_w3x_kernelILi54ELi8ELi48EEv14CUtensorMap_stS0_S0_PK13__nv_bfloat16PS1_PmS5_S5_S5_S5_' for 'sm_100a'
ptxas info    : Function properties for _Z14fc2_w3x_kernelILi54ELi8ELi48EEv14CUtensorMap_stS0_S0_PK13__nv_bfloat16PS1_PmS5_S5_S5_S5_
    0 bytes stack frame, 0 bytes spill stores, 0 bytes spill loads
ptxas info    : Used 64 registers, used 1 barriers
ptxas info    : Compile time = 63.332 ms
ptxas info    : Compiling entry function '_Z14fc2_w3x_kernelILi54ELi8ELi32EEv14CUtensorMap_stS0_S0_PK13__nv_bfloat16PS1_PmS5_S5_S5_S5_' for 'sm_100a'
ptxas info    : Function properties for _Z14fc2_w3x_kernelILi54ELi8ELi32EEv14CUtensorMap_stS0_S0_PK13__nv_bfloat16PS1_PmS5_S5_S5_S5_
    0 bytes stack frame, 0 bytes spill stores, 0 bytes spill loads
ptxas info    : Used 64 registers, used 1 barriers
ptxas info    : Compile time = 63.194 ms
ptxas info    : Compiling entry function '_Z14fc2_w3x_kernelILi54ELi8ELi24EEv14CUtensorMap_stS0_S0_PK13__nv_bfloat16PS1_PmS5_S5_S5_S5_' for 'sm_100a'
ptxas info    : Function properties for _Z14fc2_w3x_kernelILi54ELi8ELi24EEv14CUtensorMap_stS0_S0_PK13__nv_bfloat16PS1_PmS5_S5_S5_S5_
    0 bytes stack frame, 0 bytes spill stores, 0 bytes spill loads
ptxas info    : Used 64 registers, used 1 barriers
ptxas info    : Compile time = 63.174 ms
ptxas info    : Compiling entry function '_Z14fc2_w3x_kernelILi54ELi8ELi16EEv14CUtensorMap_stS0_S0_PK13__nv_bfloat16PS1_PmS5_S5_S5_S5_' for 'sm_100a'
ptxas info    : Function properties for _Z14fc2_w3x_kernelILi54ELi8ELi16EEv14CUtensorMap_stS0_S0_PK13__nv_bfloat16PS1_PmS5_S5_S5_S5_
    0 bytes stack frame, 0 bytes spill stores, 0 bytes spill loads
ptxas info    : Used 64 registers, used 1 barriers
ptxas info    : Compile time = 63.927 ms
ptxas info    : Compiling entry function '_Z14fc2_w3x_kernelILi54ELi8ELi12EEv14CUtensorMap_stS0_S0_PK13__nv_bfloat16PS1_PmS5_S5_S5_S5_' for 'sm_100a'
ptxas info    : Function properties for _Z14fc2_w3x_kernelILi54ELi8ELi12EEv14CUtensorMap_stS0_S0_PK13__nv_bfloat16PS1_PmS5_S5_S5_S5_
    0 bytes stack frame, 0 bytes spill stores, 0 bytes spill loads
ptxas info    : Used 64 registers, used 1 barriers
ptxas info    : Compile time = 61.476 ms
ptxas info    : Compiling entry function '_Z14fc2_w3x_kernelILi54ELi8ELi8EEv14CUtensorMap_stS0_S0_PK13__nv_bfloat16PS1_PmS5_S5_S5_S5_' for 'sm_100a'
ptxas info    : Function properties for _Z14fc2_w3x_kernelILi54ELi8ELi8EEv14CUtensorMap_stS0_S0_PK13__nv_bfloat16PS1_PmS5_S5_S5_S5_
    0 bytes stack frame, 0 bytes spill stores, 0 bytes spill loads
ptxas info    : Used 64 registers, used 1 barriers
ptxas info    : Compile time = 62.094 ms
ptxas info    : Compiling entry function '_Z14fc2_w3x_kernelILi54ELi8ELi4EEv14CUtensorMap_stS0_S0_PK13__nv_bfloat16PS1_PmS5_S5_S5_S5_' for 'sm_100a'
ptxas info    : Function properties for _Z14fc2_w3x_kernelILi54ELi8ELi4EEv14CUtensorMap_stS0_S0_PK13__nv_bfloat16PS1_PmS5_S5_S5_S5_
    0 bytes stack frame, 0 bytes spill stores, 0 bytes spill loads
ptxas info    : Used 64 registers, used 1 barriers
ptxas info    : Compile time = 61.697 ms
ptxas info    : Compiling entry function '_Z14fc2_w3x_kernelILi54ELi8ELi0EEv14CUtensorMap_stS0_S0_PK13__nv_bfloat16PS1_PmS5_S5_S5_S5_' for 'sm_100a'
ptxas info    : Function properties for _Z14fc2_w3x_kernelILi54ELi8ELi0EEv14CUtensorMap_stS0_S0_PK13__nv_bfloat16PS1_PmS5_S5_S5_S5_
    0 bytes stack frame, 0 bytes spill stores, 0 bytes spill loads
ptxas info    : Used 64 registers, used 1 barriers
ptxas info    : Compile time = 62.960 ms
ptxas info    : Compiling entry function '_Z14fc2_w3x_kernelILi99ELi8ELi20EEv14CUtensorMap_stS0_S0_PK13__nv_bfloat16PS1_PmS5_S5_S5_S5_' for 'sm_100a'
ptxas info    : Function properties for _Z14fc2_w3x_kernelILi99ELi8ELi20EEv14CUtensorMap_stS0_S0_PK13__nv_bfloat16PS1_PmS5_S5_S5_S5_
    0 bytes stack frame, 0 bytes spill stores, 0 bytes spill loads
ptxas info    : Used 64 registers, used 1 barriers
ptxas info    : Compile time = 63.627 ms
ptxas info    : Compiling entry function '_Z14fc2_w3x_kernelILi98ELi8ELi20EEv14CUtensorMap_stS0_S0_PK13__nv_bfloat16PS1_PmS5_S5_S5_S5_' for 'sm_100a'
ptxas info    : Function properties for _Z14fc2_w3x_kernelILi98ELi8ELi20EEv14CUtensorMap_stS0_S0_PK13__nv_bfloat16PS1_PmS5_S5_S5_S5_
    0 bytes stack frame, 0 bytes spill stores, 0 bytes spill loads
ptxas info    : Used 64 registers, used 1 barriers
ptxas info    : Compile time = 63.341 ms
ptxas info    : Compiling entry function '_Z14fc2_w3x_kernelILi97ELi8ELi20EEv14CUtensorMap_stS0_S0_PK13__nv_bfloat16PS1_PmS5_S5_S5_S5_' for 'sm_100a'
ptxas info    : Function properties for _Z14fc2_w3x_kernelILi97ELi8ELi20EEv14CUtensorMap_stS0_S0_PK13__nv_bfloat16PS1_PmS5_S5_S5_S5_
    0 bytes stack frame, 0 bytes spill stores, 0 bytes spill loads
ptxas info    : Used 64 registers, used 1 barriers
ptxas info    : Compile time = 61.502 ms
ptxas info    : Compiling entry function '_Z14fc2_w3x_kernelILi96ELi8ELi20EEv14CUtensorMap_stS0_S0_PK13__nv_bfloat16PS1_PmS5_S5_S5_S5_' for 'sm_100a'
ptxas info    : Function properties for _Z14fc2_w3x_kernelILi96ELi8ELi20EEv14CUtensorMap_stS0_S0_PK13__nv_bfloat16PS1_PmS5_S5_S5_S5_
    0 bytes stack frame, 0 bytes spill stores, 0 bytes spill loads
ptxas info    : Used 64 registers, used 1 barriers
ptxas info    : Compile time = 62.092 ms
ptxas info    : Compiling entry function '_Z14fc2_w3x_kernelILi95ELi8ELi20EEv14CUtensorMap_stS0_S0_PK13__nv_bfloat16PS1_PmS5_S5_S5_S5_' for 'sm_100a'
ptxas info    : Function properties for _Z14fc2_w3x_kernelILi95ELi8ELi20EEv14CUtensorMap_stS0_S0_PK13__nv_bfloat16PS1_PmS5_S5_S5_S5_
    0 bytes stack frame, 0 bytes spill stores, 0 bytes spill loads
ptxas info    : Used 64 registers, used 1 barriers
ptxas info    : Compile time = 61.694 ms
ptxas info    : Compiling entry function '_Z14fc2_w3x_kernelILi94ELi8ELi20EEv14CUtensorMap_stS0_S0_PK13__nv_bfloat16PS1_PmS5_S5_S5_S5_' for 'sm_100a'
ptxas info    : Function properties for _Z14fc2_w3x_kernelILi94ELi8ELi20EEv14CUtensorMap_stS0_S0_PK13__nv_bfloat16PS1_PmS5_S5_S5_S5_
    0 bytes stack frame, 0 bytes spill stores, 0 bytes spill loads
ptxas info    : Used 64 registers, used 1 barriers
ptxas info    : Compile time = 61.899 ms
ptxas info    : Compiling entry function '_Z14fc2_w3x_kernelILi93ELi8ELi20EEv14CUtensorMap_stS0_S0_PK13__nv_bfloat16PS1_PmS5_S5_S5_S5_' for 'sm_100a'
ptxas info    : Function properties for _Z14fc2_w3x_kernelILi93ELi8ELi20EEv14CUtensorMap_stS0_S0_PK13__nv_bfloat16PS1_PmS5_S5_S5_S5_
    0 bytes stack frame, 0 bytes spill stores, 0 bytes spill loads
ptxas info    : Used 64 registers, used 1 barriers
ptxas info    : Compile time = 61.817 ms
ptxas info    : Compiling entry function '_Z14fc2_w3x_kernelILi92ELi8ELi20EEv14CUtensorMap_stS0_S0_PK13__nv_bfloat16PS1_PmS5_S5_S5_S5_' for 'sm_100a'
ptxas info    : Function properties for _Z14fc2_w3x_kernelILi92ELi8ELi20EEv14CUtensorMap_stS0_S0_PK13__nv_bfloat16PS1_PmS5_S5_S5_S5_
    0 bytes stack frame, 0 bytes spill stores, 0 bytes spill loads
ptxas info    : Used 64 registers, used 1 barriers
ptxas info    : Compile time = 62.436 ms
ptxas info    : Compiling entry function '_Z14fc2_w3x_kernelILi91ELi8ELi20EEv14CUtensorMap_stS0_S0_PK13__nv_bfloat16PS1_PmS5_S5_S5_S5_' for 'sm_100a'
ptxas info    : Function properties for _Z14fc2_w3x_kernelILi91ELi8ELi20EEv14CUtensorMap_stS0_S0_PK13__nv_bfloat16PS1_PmS5_S5_S5_S5_
    0 bytes stack frame, 0 bytes spill stores, 0 bytes spill loads
ptxas info    : Used 64 registers, used 1 barriers
ptxas info    : Compile time = 62.291 ms
ptxas info    : Compiling entry function '_Z14fc2_w3x_kernelILi90ELi8ELi20EEv14CUtensorMap_stS0_S0_PK13__nv_bfloat16PS1_PmS5_S5_S5_S5_' for 'sm_100a'
ptxas info    : Function properties for _Z14fc2_w3x_kernelILi90ELi8ELi20EEv14CUtensorMap_stS0_S0_PK13__nv_bfloat16PS1_PmS5_S5_S5_S5_
    0 bytes stack frame, 0 bytes spill stores, 0 bytes spill loads
ptxas info    : Used 64 registers, used 1 barriers
ptxas info    : Compile time = 62.831 ms
ptxas info    : Compiling entry function '_Z14fc2_w3x_kernelILi89ELi8ELi20EEv14CUtensorMap_stS0_S0_PK13__nv_bfloat16PS1_PmS5_S5_S5_S5_' for 'sm_100a'
ptxas info    : Function properties for _Z14fc2_w3x_kernelILi89ELi8ELi20EEv14CUtensorMap_stS0_S0_PK13__nv_bfloat16PS1_PmS5_S5_S5_S5_
    0 bytes stack frame, 0 bytes spill stores, 0 bytes spill loads
ptxas info    : Used 64 registers, used 1 barriers
ptxas info    : Compile time = 61.877 ms
ptxas info    : Compiling entry function '_Z14fc2_w3x_kernelILi88ELi8ELi20EEv14CUtensorMap_stS0_S0_PK13__nv_bfloat16PS1_PmS5_S5_S5_S5_' for 'sm_100a'
ptxas info    : Function properties for _Z14fc2_w3x_kernelILi88ELi8ELi20EEv14CUtensorMap_stS0_S0_PK13__nv_bfloat16PS1_PmS5_S5_S5_S5_
    0 bytes stack frame, 0 bytes spill stores, 0 bytes spill loads
ptxas info    : Used 64 registers, used 1 barriers
ptxas info    : Compile time = 63.026 ms
ptxas info    : Compiling entry function '_Z14fc2_w3x_kernelILi87ELi8ELi20EEv14CUtensorMap_stS0_S0_PK13__nv_bfloat16PS1_PmS5_S5_S5_S5_' for 'sm_100a'
ptxas info    : Function properties for _Z14fc2_w3x_kernelILi87ELi8ELi20EEv14CUtensorMap_stS0_S0_PK13__nv_bfloat16PS1_PmS5_S5_S5_S5_
    0 bytes stack frame, 0 bytes spill stores, 0 bytes spill loads
ptxas info    : Used 64 registers, used 1 barriers
ptxas info    : Compile time = 63.332 ms
ptxas info    : Compiling entry function '_Z14fc2_w3x_kernelILi86ELi8ELi20EEv14CUtensorMap_stS0_S0_PK13__nv_bfloat16PS1_PmS5_S5_S5_S5_' for 'sm_100a'
ptxas info    : Function properties for _Z14fc2_w3x_kernelILi86ELi8ELi20EEv14CUtensorMap_stS0_S0_PK13__nv_bfloat16PS1_PmS5_S5_S5_S5_
    0 bytes stack frame, 0 bytes spill stores, 0 bytes spill loads
ptxas info    : Used 64 registers, used 1 barriers
ptxas info    : Compile time = 62.316 ms
ptxas info    : Compiling entry function '_Z14fc2_w3x_kernelILi85ELi8ELi20EEv14CUtensorMap_stS0_S0_PK13__nv_bfloat16PS1_PmS5_S5_S5_S5_' for 'sm_100a'
ptxas info    : Function properties for _Z14fc2_w3x_kernelILi85ELi8ELi20EEv14CUtensorMap_stS0_S0_PK13__nv_bfloat16PS1_PmS5_S5_S5_S5_
    0 bytes stack frame, 0 bytes spill stores, 0 bytes spill loads
ptxas info    : Used 64 registers, used 1 barriers
ptxas info    : Compile time = 62.497 ms
ptxas info    : Compiling entry function '_Z14fc2_w3x_kernelILi84ELi8ELi20EEv14CUtensorMap_stS0_S0_PK13__nv_bfloat16PS1_PmS5_S5_S5_S5_' for 'sm_100a'
ptxas info    : Function properties for _Z14fc2_w3x_kernelILi84ELi8ELi20EEv14CUtensorMap_stS0_S0_PK13__nv_bfloat16PS1_PmS5_S5_S5_S5_
    0 bytes stack frame, 0 bytes spill stores, 0 bytes spill loads
ptxas info    : Used 64 registers, used 1 barriers
ptxas info    : Compile time = 62.023 ms
ptxas info    : Compiling entry function '_Z14fc2_w3x_kernelILi83ELi8ELi20EEv14CUtensorMap_stS0_S0_PK13__nv_bfloat16PS1_PmS5_S5_S5_S5_' for 'sm_100a'
ptxas info    : Function properties for _Z14fc2_w3x_kernelILi83ELi8ELi20EEv14CUtensorMap_stS0_S0_PK13__nv_bfloat16PS1_PmS5_S5_S5_S5_
    0 bytes stack frame, 0 bytes spill stores, 0 bytes spill loads
ptxas info    : Used 64 registers, used 1 barriers
ptxas info    : Compile time = 62.476 ms
ptxas info    : Compiling entry function '_Z14fc2_w3x_kernelILi82ELi8ELi20EEv14CUtensorMap_stS0_S0_PK13__nv_bfloat16PS1_PmS5_S5_S5_S5_' for 'sm_100a'
ptxas info    : Function properties for _Z14fc2_w3x_kernelILi82ELi8ELi20EEv14CUtensorMap_stS0_S0_PK13__nv_bfloat16PS1_PmS5_S5_S5_S5_
    0 bytes stack frame, 0 bytes spill stores, 0 bytes spill loads
ptxas info    : Used 64 registers, used 1 barriers
ptxas info    : Compile time = 62.819 ms
ptxas info    : Compiling entry function '_Z14fc2_w3x_kernelILi81ELi8ELi20EEv14CUtensorMap_stS0_S0_PK13__nv_bfloat16PS1_PmS5_S5_S5_S5_' for 'sm_100a'
ptxas info    : Function properties for _Z14fc2_w3x_kernelILi81ELi8ELi20EEv14CUtensorMap_stS0_S0_PK13__nv_bfloat16PS1_PmS5_S5_S5_S5_
    0 bytes stack frame, 0 bytes spill stores, 0 bytes spill loads
ptxas info    : Used 64 registers, used 1 barriers
ptxas info    : Compile time = 62.468 ms
ptxas info    : Compiling entry function '_Z14fc2_w3x_kernelILi80ELi8ELi20EEv14CUtensorMap_stS0_S0_PK13__nv_bfloat16PS1_PmS5_S5_S5_S5_' for 'sm_100a'
ptxas info    : Function properties for _Z14fc2_w3x_kernelILi80ELi8ELi20EEv14CUtensorMap_stS0_S0_PK13__nv_bfloat16PS1_PmS5_S5_S5_S5_
    0 bytes stack frame, 0 bytes spill stores, 0 bytes spill loads
ptxas info    : Used 64 registers, used 1 barriers
ptxas info    : Compile time = 62.499 ms
ptxas info    : Compiling entry function '_Z14fc2_w3x_kernelILi58ELi8ELi20EEv14CUtensorMap_stS0_S0_PK13__nv_bfloat16PS1_PmS5_S5_S5_S5_' for 'sm_100a'
ptxas info    : Function properties for _Z14fc2_w3x_kernelILi58ELi8ELi20EEv14CUtensorMap_stS0_S0_PK13__nv_bfloat16PS1_PmS5_S5_S5_S5_
    0 bytes stack frame, 0 bytes spill stores, 0 bytes spill loads
ptxas info    : Used 64 registers, used 1 barriers
ptxas info    : Compile time = 62.269 ms
ptxas info    : Compiling entry function '_Z14fc2_w3x_kernelILi57ELi8ELi20EEv14CUtensorMap_stS0_S0_PK13__nv_bfloat16PS1_PmS5_S5_S5_S5_' for 'sm_100a'
ptxas info    : Function properties for _Z14fc2_w3x_kernelILi57ELi8ELi20EEv14CUtensorMap_stS0_S0_PK13__nv_bfloat16PS1_PmS5_S5_S5_S5_
    0 bytes stack frame, 0 bytes spill stores, 0 bytes spill loads
ptxas info    : Used 64 registers, used 1 barriers
ptxas info    : Compile time = 62.456 ms
ptxas info    : Compiling entry function '_Z14fc2_w3x_kernelILi56ELi8ELi20EEv14CUtensorMap_stS0_S0_PK13__nv_bfloat16PS1_PmS5_S5_S5_S5_' for 'sm_100a'
ptxas info    : Function properties for _Z14fc2_w3x_kernelILi56ELi8ELi20EEv14CUtensorMap_stS0_S0_PK13__nv_bfloat16PS1_PmS5_S5_S5_S5_
    0 bytes stack frame, 0 bytes spill stores, 0 bytes spill loads
ptxas info    : Used 64 registers, used 1 barriers
ptxas info    : Compile time = 63.194 ms
ptxas info    : Compiling entry function '_Z14fc2_w3x_kernelILi55ELi8ELi20EEv14CUtensorMap_stS0_S0_PK13__nv_bfloat16PS1_PmS5_S5_S5_S5_' for 'sm_100a'
ptxas info    : Function properties for _Z14fc2_w3x_kernelILi55ELi8ELi20EEv14CUtensorMap_stS0_S0_PK13__nv_bfloat16PS1_PmS5_S5_S5_S5_
    0 bytes stack frame, 0 bytes spill stores, 0 bytes spill loads
ptxas info    : Used 64 registers, used 1 barriers
ptxas info    : Compile time = 63.227 ms
ptxas info    : Compiling entry function '_Z14fc2_w3x_kernelILi54ELi8ELi20EEv14CUtensorMap_stS0_S0_PK13__nv_bfloat16PS1_PmS5_S5_S5_S5_' for 'sm_100a'
ptxas info    : Function properties for _Z14fc2_w3x_kernelILi54ELi8ELi20EEv14CUtensorMap_stS0_S0_PK13__nv_bfloat16PS1_PmS5_S5_S5_S5_
    0 bytes stack frame, 0 bytes spill stores, 0 bytes spill loads
ptxas info    : Used 64 registers, used 1 barriers
ptxas info    : Compile time = 64.296 ms
ptxas info    : Compiling entry function '_Z14fc2_w3x_kernelILi53ELi8ELi20EEv14CUtensorMap_stS0_S0_PK13__nv_bfloat16PS1_PmS5_S5_S5_S5_' for 'sm_100a'
ptxas info    : Function properties for _Z14fc2_w3x_kernelILi53ELi8ELi20EEv14CUtensorMap_stS0_S0_PK13__nv_bfloat16PS1_PmS5_S5_S5_S5_
    0 bytes stack frame, 0 bytes spill stores, 0 bytes spill loads
ptxas info    : Used 64 registers, used 1 barriers
ptxas info    : Compile time = 64.063 ms
ptxas info    : Compiling entry function '_Z14fc2_w3x_kernelILi52ELi8ELi20EEv14CUtensorMap_stS0_S0_PK13__nv_bfloat16PS1_PmS5_S5_S5_S5_' for 'sm_100a'
ptxas info    : Function properties for _Z14fc2_w3x_kernelILi52ELi8ELi20EEv14CUtensorMap_stS0_S0_PK13__nv_bfloat16PS1_PmS5_S5_S5_S5_
    0 bytes stack frame, 0 bytes spill stores, 0 bytes spill loads
ptxas info    : Used 64 registers, used 1 barriers
ptxas info    : Compile time = 64.262 ms
ptxas info    : Compiling entry function '_Z14fc2_w3x_kernelILi51ELi8ELi20EEv14CUtensorMap_stS0_S0_PK13__nv_bfloat16PS1_PmS5_S5_S5_S5_' for 'sm_100a'
ptxas info    : Function properties for _Z14fc2_w3x_kernelILi51ELi8ELi20EEv14CUtensorMap_stS0_S0_PK13__nv_bfloat16PS1_PmS5_S5_S5_S5_
    0 bytes stack frame, 0 bytes spill stores, 0 bytes spill loads
ptxas info    : Used 64 registers, used 1 barriers
ptxas info    : Compile time = 65.887 ms
ptxas info    : Compiling entry function '_Z14fc2_w3x_kernelILi50ELi8ELi20EEv14CUtensorMap_stS0_S0_PK13__nv_bfloat16PS1_PmS5_S5_S5_S5_' for 'sm_100a'
ptxas info    : Function properties for _Z14fc2_w3x_kernelILi50ELi8ELi20EEv14CUtensorMap_stS0_S0_PK13__nv_bfloat16PS1_PmS5_S5_S5_S5_
    0 bytes stack frame, 0 bytes spill stores, 0 bytes spill loads
ptxas info    : Used 64 registers, used 1 barriers
ptxas info    : Compile time = 62.187 ms
ptxas info    : Compiling entry function '_Z14fc2_w3x_kernelILi49ELi8ELi20EEv14CUtensorMap_stS0_S0_PK13__nv_bfloat16PS1_PmS5_S5_S5_S5_' for 'sm_100a'
ptxas info    : Function properties for _Z14fc2_w3x_kernelILi49ELi8ELi20EEv14CUtensorMap_stS0_S0_PK13__nv_bfloat16PS1_PmS5_S5_S5_S5_
    0 bytes stack frame, 0 bytes spill stores, 0 bytes spill loads
ptxas info    : Used 64 registers, used 1 barriers
ptxas info    : Compile time = 62.795 ms
ptxas info    : Compiling entry function '_Z14fc2_w3x_kernelILi19ELi16ELi20EEv14CUtensorMap_stS0_S0_PK13__nv_bfloat16PS1_PmS5_S5_S5_S5_' for 'sm_100a'
ptxas info    : Function properties for _Z14fc2_w3x_kernelILi19ELi16ELi20EEv14CUtensorMap_stS0_S0_PK13__nv_bfloat16PS1_PmS5_S5_S5_S5_
    0 bytes stack frame, 0 bytes spill stores, 0 bytes spill loads
ptxas info    : Used 64 registers, used 1 barriers
ptxas info    : Compile time = 62.796 ms
ptxas info    : Compiling entry function '_Z14fc2_w3x_kernelILi19ELi4ELi20EEv14CUtensorMap_stS0_S0_PK13__nv_bfloat16PS1_PmS5_S5_S5_S5_' for 'sm_100a'
ptxas info    : Function properties for _Z14fc2_w3x_kernelILi19ELi4ELi20EEv14CUtensorMap_stS0_S0_PK13__nv_bfloat16PS1_PmS5_S5_S5_S5_
    0 bytes stack frame, 0 bytes spill stores, 0 bytes spill loads
ptxas info    : Used 64 registers, used 1 barriers
ptxas info    : Compile time = 61.531 ms
ptxas info    : Compiling entry function '_Z14fc2_w3x_kernelILi48ELi8ELi20EEv14CUtensorMap_stS0_S0_PK13__nv_bfloat16PS1_PmS5_S5_S5_S5_' for 'sm_100a'
ptxas info    : Function properties for _Z14fc2_w3x_kernelILi48ELi8ELi20EEv14CUtensorMap_stS0_S0_PK13__nv_bfloat16PS1_PmS5_S5_S5_S5_
    0 bytes stack frame, 0 bytes spill stores, 0 bytes spill loads
ptxas info    : Used 64 registers, used 1 barriers
ptxas info    : Compile time = 63.145 ms
ptxas info    : Compiling entry function '_Z14fc2_w3x_kernelILi47ELi8ELi20EEv14CUtensorMap_stS0_S0_PK13__nv_bfloat16PS1_PmS5_S5_S5_S5_' for 'sm_100a'
ptxas info    : Function properties for _Z14fc2_w3x_kernelILi47ELi8ELi20EEv14CUtensorMap_stS0_S0_PK13__nv_bfloat16PS1_PmS5_S5_S5_S5_
    0 bytes stack frame, 0 bytes spill stores, 0 bytes spill loads
ptxas info    : Used 64 registers, used 1 barriers
ptxas info    : Compile time = 62.676 ms
ptxas info    : Compiling entry function '_Z14fc2_w3x_kernelILi46ELi8ELi20EEv14CUtensorMap_stS0_S0_PK13__nv_bfloat16PS1_PmS5_S5_S5_S5_' for 'sm_100a'
ptxas info    : Function properties for _Z14fc2_w3x_kernelILi46ELi8ELi20EEv14CUtensorMap_stS0_S0_PK13__nv_bfloat16PS1_PmS5_S5_S5_S5_
    0 bytes stack frame, 0 bytes spill stores, 0 bytes spill loads
ptxas info    : Used 64 registers, used 1 barriers
ptxas info    : Compile time = 62.247 ms
ptxas info    : Compiling entry function '_Z14fc2_w3x_kernelILi45ELi8ELi20EEv14CUtensorMap_stS0_S0_PK13__nv_bfloat16PS1_PmS5_S5_S5_S5_' for 'sm_100a'
ptxas info    : Function properties for _Z14fc2_w3x_kernelILi45ELi8ELi20EEv14CUtensorMap_stS0_S0_PK13__nv_bfloat16PS1_PmS5_S5_S5_S5_
    0 bytes stack frame, 0 bytes spill stores, 0 bytes spill loads
ptxas info    : Used 64 registers, used 1 barriers
ptxas info    : Compile time = 61.427 ms
ptxas info    : Compiling entry function '_Z14fc2_w3x_kernelILi44ELi8ELi20EEv14CUtensorMap_stS0_S0_PK13__nv_bfloat16PS1_PmS5_S5_S5_S5_' for 'sm_100a'
ptxas info    : Function properties for _Z14fc2_w3x_kernelILi44ELi8ELi20EEv14CUtensorMap_stS0_S0_PK13__nv_bfloat16PS1_PmS5_S5_S5_S5_
    0 bytes stack frame, 0 bytes spill stores, 0 bytes spill loads
ptxas info    : Used 64 registers, used 1 barriers
ptxas info    : Compile time = 61.904 ms
ptxas info    : Compiling entry function '_Z14fc2_w3x_kernelILi43ELi8ELi20EEv14CUtensorMap_stS0_S0_PK13__nv_bfloat16PS1_PmS5_S5_S5_S5_' for 'sm_100a'
ptxas info    : Function properties for _Z14fc2_w3x_kernelILi43ELi8ELi20EEv14CUtensorMap_stS0_S0_PK13__nv_bfloat16PS1_PmS5_S5_S5_S5_
    0 bytes stack frame, 0 bytes spill stores, 0 bytes spill loads
ptxas info    : Used 64 registers, used 1 barriers
ptxas info    : Compile time = 62.146 ms
ptxas info    : Compiling entry function '_Z14fc2_w3x_kernelILi41ELi8ELi20EEv14CUtensorMap_stS0_S0_PK13__nv_bfloat16PS1_PmS5_S5_S5_S5_' for 'sm_100a'
ptxas info    : Function properties for _Z14fc2_w3x_kernelILi41ELi8ELi20EEv14CUtensorMap_stS0_S0_PK13__nv_bfloat16PS1_PmS5_S5_S5_S5_
    0 bytes stack frame, 0 bytes spill stores, 0 bytes spill loads
ptxas info    : Used 64 registers, used 1 barriers
ptxas info    : Compile time = 60.655 ms
ptxas info    : Compiling entry function '_Z14fc2_w3x_kernelILi40ELi8ELi20EEv14CUtensorMap_stS0_S0_PK13__nv_bfloat16PS1_PmS5_S5_S5_S5_' for 'sm_100a'
ptxas info    : Function properties for _Z14fc2_w3x_kernelILi40ELi8ELi20EEv14CUtensorMap_stS0_S0_PK13__nv_bfloat16PS1_PmS5_S5_S5_S5_
    0 bytes stack frame, 0 bytes spill stores, 0 bytes spill loads
ptxas info    : Used 64 registers, used 1 barriers
ptxas info    : Compile time = 60.912 ms
ptxas info    : Compiling entry function '_Z14fc2_w3x_kernelILi39ELi8ELi20EEv14CUtensorMap_stS0_S0_PK13__nv_bfloat16PS1_PmS5_S5_S5_S5_' for 'sm_100a'
ptxas info    : Function properties for _Z14fc2_w3x_kernelILi39ELi8ELi20EEv14CUtensorMap_stS0_S0_PK13__nv_bfloat16PS1_PmS5_S5_S5_S5_
    0 bytes stack frame, 0 bytes spill stores, 0 bytes spill loads
ptxas info    : Used 64 registers, used 1 barriers
ptxas info    : Compile time = 61.946 ms
ptxas info    : Compiling entry function '_Z14fc2_w3x_kernelILi38ELi8ELi20EEv14CUtensorMap_stS0_S0_PK13__nv_bfloat16PS1_PmS5_S5_S5_S5_' for 'sm_100a'
ptxas info    : Function properties for _Z14fc2_w3x_kernelILi38ELi8ELi20EEv14CUtensorMap_stS0_S0_PK13__nv_bfloat16PS1_PmS5_S5_S5_S5_
    0 bytes stack frame, 0 bytes spill stores, 0 bytes spill loads
ptxas info    : Used 64 registers, used 1 barriers
ptxas info    : Compile time = 62.163 ms
ptxas info    : Compiling entry function '_Z14fc2_w3x_kernelILi36ELi4ELi20EEv14CUtensorMap_stS0_S0_PK13__nv_bfloat16PS1_PmS5_S5_S5_S5_' for 'sm_100a'
ptxas info    : Function properties for _Z14fc2_w3x_kernelILi36ELi4ELi20EEv14CUtensorMap_stS0_S0_PK13__nv_bfloat16PS1_PmS5_S5_S5_S5_
    0 bytes stack frame, 0 bytes spill stores, 0 bytes spill loads
ptxas info    : Used 64 registers, used 1 barriers
ptxas info    : Compile time = 61.806 ms
ptxas info    : Compiling entry function '_Z14fc2_w3x_kernelILi35ELi4ELi20EEv14CUtensorMap_stS0_S0_PK13__nv_bfloat16PS1_PmS5_S5_S5_S5_' for 'sm_100a'
ptxas info    : Function properties for _Z14fc2_w3x_kernelILi35ELi4ELi20EEv14CUtensorMap_stS0_S0_PK13__nv_bfloat16PS1_PmS5_S5_S5_S5_
    0 bytes stack frame, 0 bytes spill stores, 0 bytes spill loads
ptxas info    : Used 64 registers, used 1 barriers
ptxas info    : Compile time = 62.458 ms
ptxas info    : Compiling entry function '_Z14fc2_w3x_kernelILi34ELi8ELi20EEv14CUtensorMap_stS0_S0_PK13__nv_bfloat16PS1_PmS5_S5_S5_S5_' for 'sm_100a'
ptxas info    : Function properties for _Z14fc2_w3x_kernelILi34ELi8ELi20EEv14CUtensorMap_stS0_S0_PK13__nv_bfloat16PS1_PmS5_S5_S5_S5_
    0 bytes stack frame, 0 bytes spill stores, 0 bytes spill loads
ptxas info    : Used 64 registers, used 1 barriers
ptxas info    : Compile time = 62.633 ms
ptxas info    : Compiling entry function '_Z14fc2_w3x_kernelILi33ELi8ELi20EEv14CUtensorMap_stS0_S0_PK13__nv_bfloat16PS1_PmS5_S5_S5_S5_' for 'sm_100a'
ptxas info    : Function properties for _Z14fc2_w3x_kernelILi33ELi8ELi20EEv14CUtensorMap_stS0_S0_PK13__nv_bfloat16PS1_PmS5_S5_S5_S5_
    0 bytes stack frame, 0 bytes spill stores, 0 bytes spill loads
ptxas info    : Used 64 registers, used 1 barriers
ptxas info    : Compile time = 61.744 ms
ptxas info    : Compiling entry function '_Z14fc2_w3x_kernelILi19ELi8ELi20EEv14CUtensorMap_stS0_S0_PK13__nv_bfloat16PS1_PmS5_S5_S5_S5_' for 'sm_100a'
ptxas info    : Function properties for _Z14fc2_w3x_kernelILi19ELi8ELi20EEv14CUtensorMap_stS0_S0_PK13__nv_bfloat16PS1_PmS5_S5_S5_S5_
    0 bytes stack frame, 0 bytes spill stores, 0 bytes spill loads
ptxas info    : Used 64 registers, used 1 barriers
ptxas info    : Compile time = 61.894 ms
ptxas info    : Compiling entry function '_Z14fc2_w3x_kernelILi18ELi8ELi20EEv14CUtensorMap_stS0_S0_PK13__nv_bfloat16PS1_PmS5_S5_S5_S5_' for 'sm_100a'
ptxas info    : Function properties for _Z14fc2_w3x_kernelILi18ELi8ELi20EEv14CUtensorMap_stS0_S0_PK13__nv_bfloat16PS1_PmS5_S5_S5_S5_
    0 bytes stack frame, 0 bytes spill stores, 0 bytes spill loads
ptxas info    : Used 64 registers, used 1 barriers
ptxas info    : Compile time = 61.374 ms
ptxas info    : Compiling entry function '_Z14fc2_w3x_kernelILi13ELi8ELi20EEv14CUtensorMap_stS0_S0_PK13__nv_bfloat16PS1_PmS5_S5_S5_S5_' for 'sm_100a'
ptxas info    : Function properties for _Z14fc2_w3x_kernelILi13ELi8ELi20EEv14CUtensorMap_stS0_S0_PK13__nv_bfloat16PS1_PmS5_S5_S5_S5_
    0 bytes stack frame, 0 bytes spill stores, 0 bytes spill loads
ptxas info    : Used 64 registers, used 1 barriers
ptxas info    : Compile time = 60.321 ms
ptxas info    : Compiling entry function '_Z14fc2_w3x_kernelILi11ELi8ELi20EEv14CUtensorMap_stS0_S0_PK13__nv_bfloat16PS1_PmS5_S5_S5_S5_' for 'sm_100a'
ptxas info    : Function properties for _Z14fc2_w3x_kernelILi11ELi8ELi20EEv14CUtensorMap_stS0_S0_PK13__nv_bfloat16PS1_PmS5_S5_S5_S5_
    0 bytes stack frame, 0 bytes spill stores, 0 bytes spill loads
ptxas info    : Used 64 registers, used 1 barriers
ptxas info    : Compile time = 60.662 ms
ptxas info    : Compiling entry function '_Z14fc2_w3x_kernelILi0ELi32ELi20EEv14CUtensorMap_stS0_S0_PK13__nv_bfloat16PS1_PmS5_S5_S5_S5_' for 'sm_100a'
ptxas info    : Function properties for _Z14fc2_w3x_kernelILi0ELi32ELi20EEv14CUtensorMap_stS0_S0_PK13__nv_bfloat16PS1_PmS5_S5_S5_S5_
    0 bytes stack frame, 0 bytes spill stores, 0 bytes spill loads
ptxas info    : Used 64 registers, used 1 barriers
ptxas info    : Compile time = 61.728 ms
ptxas info    : Compiling entry function '_Z14fc2_w3x_kernelILi0ELi16ELi20EEv14CUtensorMap_stS0_S0_PK13__nv_bfloat16PS1_PmS5_S5_S5_S5_' for 'sm_100a'
ptxas info    : Function properties for _Z14fc2_w3x_kernelILi0ELi16ELi20EEv14CUtensorMap_stS0_S0_PK13__nv_bfloat16PS1_PmS5_S5_S5_S5_
    0 bytes stack frame, 0 bytes spill stores, 0 bytes spill loads
ptxas info    : Used 64 registers, used 1 barriers
ptxas info    : Compile time = 61.317 ms
ptxas info    : Compiling entry function '_Z14fc2_w3x_kernelILi0ELi4ELi20EEv14CUtensorMap_stS0_S0_PK13__nv_bfloat16PS1_PmS5_S5_S5_S5_' for 'sm_100a'
ptxas info    : Function properties for _Z14fc2_w3x_kernelILi0ELi4ELi20EEv14CUtensorMap_stS0_S0_PK13__nv_bfloat16PS1_PmS5_S5_S5_S5_
    0 bytes stack frame, 0 bytes spill stores, 0 bytes spill loads
ptxas info    : Used 64 registers, used 1 barriers
ptxas info    : Compile time = 61.452 ms
ptxas info    : Compiling entry function '_Z14fc2_w3x_kernelILi0ELi2ELi20EEv14CUtensorMap_stS0_S0_PK13__nv_bfloat16PS1_PmS5_S5_S5_S5_' for 'sm_100a'
ptxas info    : Function properties for _Z14fc2_w3x_kernelILi0ELi2ELi20EEv14CUtensorMap_stS0_S0_PK13__nv_bfloat16PS1_PmS5_S5_S5_S5_
    0 bytes stack frame, 0 bytes spill stores, 0 bytes spill loads
ptxas info    : Used 64 registers, used 1 barriers
ptxas info    : Compile time = 59.843 ms
ptxas info    : Compiling entry function '_Z14fc2_w3x_kernelILi0ELi8ELi20EEv14CUtensorMap_stS0_S0_PK13__nv_bfloat16PS1_PmS5_S5_S5_S5_' for 'sm_100a'
ptxas info    : Function properties for _Z14fc2_w3x_kernelILi0ELi8ELi20EEv14CUtensorMap_stS0_S0_PK13__nv_bfloat16PS1_PmS5_S5_S5_S5_
    0 bytes stack frame, 0 bytes spill stores, 0 bytes spill loads
ptxas info    : Used 64 registers, used 1 barriers
ptxas info    : Compile time = 61.518 ms
--- rep 1/3 ec=0
FC2 W3X kernel — 6-warp bias-only rank-1-shaped persistent
  [928256,2048] x [256,2048]^T  NS=6  THREADS=192  SMEM=213888 B  (cap 228KB)
  Alloc + init + pack done
  TMA + func attr done (SMEM=213888 B)  variant=default TD=0 DGG=8
Warmup (2 iters)...
Timing 1 reps × 10 iters/rep × 1 variant ...
@@SAMPLE rep=1 ms=0.35167 cyc=634923 cyc_min=626841 cyc_p50=631130 cyc_p95=633575 cyc_max=634923
@@STATS reps=1 mean=0.35167 std=0.00000 min=0.35167 p25=0.35167 p50=0.35167 p75=0.35167 max=0.35167 iqr=0.00000
FC2-W3X kernel: 0.352 ms  2767.81 TFLOPS
PASS  errors=0/32
@@RESULT ms=0.3517 tflops=2767.81 checksum=0.000000 valid=1 c0=3072.0
--- rep 2/3 ec=0
FC2 W3X kernel — 6-warp bias-only rank-1-shaped persistent
  [928256,2048] x [256,2048]^T  NS=6  THREADS=192  SMEM=213888 B  (cap 228KB)
  Alloc + init + pack done
  TMA + func attr done (SMEM=213888 B)  variant=default TD=0 DGG=8
Warmup (2 iters)...
Timing 1 reps × 10 iters/rep × 1 variant ...
@@SAMPLE rep=1 ms=0.35232 cyc=636164 cyc_min=626921 cyc_p50=631130 cyc_p95=634544 cyc_max=636164
@@STATS reps=1 mean=0.35232 std=0.00000 min=0.35232 p25=0.35232 p50=0.35232 p75=0.35232 max=0.35232 iqr=0.00000
FC2-W3X kernel: 0.352 ms  2762.70 TFLOPS
PASS  errors=0/32
@@RESULT ms=0.3523 tflops=2762.70 checksum=0.000000 valid=1 c0=3072.0
--- rep 3/3 ec=0
FC2 W3X kernel — 6-warp bias-only rank-1-shaped persistent
  [928256,2048] x [256,2048]^T  NS=6  THREADS=192  SMEM=213888 B  (cap 228KB)
  Alloc + init + pack done
  TMA + func attr done (SMEM=213888 B)  variant=default TD=0 DGG=8
Warmup (2 iters)...
Timing 1 reps × 10 iters/rep × 1 variant ...
@@SAMPLE rep=1 ms=0.35192 cyc=634931 cyc_min=627514 cyc_p50=631331 cyc_p95=633864 cyc_max=634931
@@STATS reps=1 mean=0.35192 std=0.00000 min=0.35192 p25=0.35192 p50=0.35192 p75=0.35192 max=0.35192 iqr=0.00000
FC2-W3X kernel: 0.352 ms  2765.84 TFLOPS
PASS  errors=0/32
@@RESULT ms=0.3519 tflops=2765.84 checksum=0.000000 valid=1 c0=3072.0
--- cublas epi=3 rep 1/1 ec=0
### CUBLASLT INTROSPECT M=928256 N=256 K=2048 epi=bias_only scale=per_tensor
### Heuristics returned: 8

# TSV
rank	heur	ms	cyc	algoId	tile	stages	cluster	inner	splitk	redux	swizzle	custom	waves	ws_MB
1	0	0.3617	668047	66	23	36	3	-1	1	0	0	1	49.00	0.0
2	2	0.3658	675384	66	29	36	3	-1	1	0	0	1	78.41	0.0
3	1	0.3661	675723	66	32	36	3	-1	1	0	0	1	65.34	0.0
4	5	0.3723	687539	66	177	36	3	-1	1	0	0	1	32.68	0.0
5	4	0.3780	697719	66	20	36	3	-1	1	0	0	1	98.00	0.0
6	3	0.3849	711047	66	447	36	3	-1	1	0	0	1	24.50	0.0
7	6	0.3875	715262	66	184	36	5	-1	1	0	0	2	98.00	0.0
8	7	0.4004	738988	66	33	36	3	-1	1	0	0	1	130.68	0.0

# Top-3 caps:

## rank=1  algoId=66  tile=23  stages=36  cluster=3  inner=-1  ms=0.3617
    CUBLASLT_ALGO_CAP_REDUCTION_SCHEME_MASK      = 2
    CUBLASLT_ALGO_CAP_CTA_SWIZZLING_SUPPORT      = 0
    CUBLASLT_ALGO_CAP_STRIDED_BATCH_SUPPORT      = 1
    CUBLASLT_ALGO_CAP_OUT_OF_PLACE_RESULT_SUPPORT = 1
    CUBLASLT_ALGO_CAP_CUSTOM_OPTION_MAX          = 7
    CUBLASLT_ALGO_CAP_POINTER_MODE_MASK          = 3
    CUBLASLT_ALGO_CAP_EPILOGUE_MASK              = 1023
    CUBLASLT_ALGO_CAP_TILE_IDS                   = --  (status=7 wrote=0)
    CUBLASLT_ALGO_CAP_STAGES_IDS                 = [36] (n=1, elem=4B)
    CUBLASLT_ALGO_CONFIG_CLUSTER_SHAPE_ID sz=2 → status=0 wrote=2 val=3

## rank=2  algoId=66  tile=29  stages=36  cluster=3  inner=-1  ms=0.3658
    CUBLASLT_ALGO_CAP_REDUCTION_SCHEME_MASK      = 2
    CUBLASLT_ALGO_CAP_CTA_SWIZZLING_SUPPORT      = 0
    CUBLASLT_ALGO_CAP_STRIDED_BATCH_SUPPORT      = 1
    CUBLASLT_ALGO_CAP_OUT_OF_PLACE_RESULT_SUPPORT = 1
    CUBLASLT_ALGO_CAP_CUSTOM_OPTION_MAX          = 7
    CUBLASLT_ALGO_CAP_POINTER_MODE_MASK          = 3
    CUBLASLT_ALGO_CAP_EPILOGUE_MASK              = 1023
    CUBLASLT_ALGO_CAP_TILE_IDS                   = --  (status=7 wrote=0)
    CUBLASLT_ALGO_CAP_STAGES_IDS                 = [36] (n=1, elem=4B)
    CUBLASLT_ALGO_CONFIG_CLUSTER_SHAPE_ID sz=2 → status=0 wrote=2 val=3

## rank=3  algoId=66  tile=32  stages=36  cluster=3  inner=-1  ms=0.3661
    CUBLASLT_ALGO_CAP_REDUCTION_SCHEME_MASK      = 2
    CUBLASLT_ALGO_CAP_CTA_SWIZZLING_SUPPORT      = 0
    CUBLASLT_ALGO_CAP_STRIDED_BATCH_SUPPORT      = 1
    CUBLASLT_ALGO_CAP_OUT_OF_PLACE_RESULT_SUPPORT = 1
    CUBLASLT_ALGO_CAP_CUSTOM_OPTION_MAX          = 7
    CUBLASLT_ALGO_CAP_POINTER_MODE_MASK          = 3
    CUBLASLT_ALGO_CAP_EPILOGUE_MASK              = 1023
    CUBLASLT_ALGO_CAP_TILE_IDS                   = --  (status=7 wrote=0)
    CUBLASLT_ALGO_CAP_STAGES_IDS                 = [36] (n=1, elem=4B)
    CUBLASLT_ALGO_CONFIG_CLUSTER_SHAPE_ID sz=2 → status=0 wrote=2 val=3

# Winner:  rank=1  tile=23  stages=36  cluster=3  inner=-1  splitk=1  swizzle=0  ms=0.3617  cyc=668047

@@RESULT ms=0.3617 cyc=668047 tflops=2691.37 checksum=0.000000 valid=1 c0=0.0
--- cublas epi=0 rep 1/1 ec=0
### CUBLASLT INTROSPECT M=928256 N=256 K=2048 epi=none scale=per_tensor
### Heuristics returned: 8

# TSV
rank	heur	ms	cyc	algoId	tile	stages	cluster	inner	splitk	redux	swizzle	custom	waves	ws_MB
1	0	0.3626	669568	66	23	36	3	-1	1	0	0	1	49.00	0.0
2	2	0.3629	670177	66	29	36	3	-1	1	0	0	1	78.41	0.0
3	1	0.3646	673085	66	32	36	3	-1	1	0	0	1	65.34	0.0
4	5	0.3730	688807	66	177	36	3	-1	1	0	0	1	32.68	0.0
5	4	0.3744	691220	66	20	36	3	-1	1	0	0	1	98.00	0.0
6	6	0.3846	709962	66	184	36	5	-1	1	0	0	2	98.00	0.0
7	3	0.3859	713201	66	447	36	3	-1	1	0	0	1	24.50	0.0
8	7	0.3985	735567	66	33	36	3	-1	1	0	0	1	130.68	0.0

# Top-3 caps:

## rank=1  algoId=66  tile=23  stages=36  cluster=3  inner=-1  ms=0.3626
    CUBLASLT_ALGO_CAP_REDUCTION_SCHEME_MASK      = 2
    CUBLASLT_ALGO_CAP_CTA_SWIZZLING_SUPPORT      = 0
    CUBLASLT_ALGO_CAP_STRIDED_BATCH_SUPPORT      = 1
    CUBLASLT_ALGO_CAP_OUT_OF_PLACE_RESULT_SUPPORT = 1
    CUBLASLT_ALGO_CAP_CUSTOM_OPTION_MAX          = 7
    CUBLASLT_ALGO_CAP_POINTER_MODE_MASK          = 3
    CUBLASLT_ALGO_CAP_EPILOGUE_MASK              = 1023
    CUBLASLT_ALGO_CAP_TILE_IDS                   = --  (status=7 wrote=0)
    CUBLASLT_ALGO_CAP_STAGES_IDS                 = [36] (n=1, elem=4B)
    CUBLASLT_ALGO_CONFIG_CLUSTER_SHAPE_ID sz=2 → status=0 wrote=2 val=3

## rank=2  algoId=66  tile=29  stages=36  cluster=3  inner=-1  ms=0.3629
    CUBLASLT_ALGO_CAP_REDUCTION_SCHEME_MASK      = 2
    CUBLASLT_ALGO_CAP_CTA_SWIZZLING_SUPPORT      = 0
    CUBLASLT_ALGO_CAP_STRIDED_BATCH_SUPPORT      = 1
    CUBLASLT_ALGO_CAP_OUT_OF_PLACE_RESULT_SUPPORT = 1
    CUBLASLT_ALGO_CAP_CUSTOM_OPTION_MAX          = 7
    CUBLASLT_ALGO_CAP_POINTER_MODE_MASK          = 3
    CUBLASLT_ALGO_CAP_EPILOGUE_MASK              = 1023
    CUBLASLT_ALGO_CAP_TILE_IDS                   = --  (status=7 wrote=0)
    CUBLASLT_ALGO_CAP_STAGES_IDS                 = [36] (n=1, elem=4B)
    CUBLASLT_ALGO_CONFIG_CLUSTER_SHAPE_ID sz=2 → status=0 wrote=2 val=3

## rank=3  algoId=66  tile=32  stages=36  cluster=3  inner=-1  ms=0.3646
    CUBLASLT_ALGO_CAP_REDUCTION_SCHEME_MASK      = 2
    CUBLASLT_ALGO_CAP_CTA_SWIZZLING_SUPPORT      = 0
    CUBLASLT_ALGO_CAP_STRIDED_BATCH_SUPPORT      = 1
    CUBLASLT_ALGO_CAP_OUT_OF_PLACE_RESULT_SUPPORT = 1
    CUBLASLT_ALGO_CAP_CUSTOM_OPTION_MAX          = 7
    CUBLASLT_ALGO_CAP_POINTER_MODE_MASK          = 3
    CUBLASLT_ALGO_CAP_EPILOGUE_MASK              = 1023
    CUBLASLT_ALGO_CAP_TILE_IDS                   = --  (status=7 wrote=0)
    CUBLASLT_ALGO_CAP_STAGES_IDS                 = [36] (n=1, elem=4B)
    CUBLASLT_ALGO_CONFIG_CLUSTER_SHAPE_ID sz=2 → status=0 wrote=2 val=3

# Winner:  rank=1  tile=23  stages=36  cluster=3  inner=-1  splitk=1  swizzle=0  ms=0.3626  cyc=669568

@@RESULT ms=0.3626 cyc=669568 tflops=2684.56 checksum=0.000000 valid=1 c0=0.0

[build] N=256 K=4096 M=928256 flags=['-DM_TOTAL=928256', '-DN_DIM=256', '-DK_DIM=4096']
$ make -B fc2-w3x DFLAGS=-DM_TOTAL=928256 -DN_DIM=256 -DK_DIM=4096
nvcc -gencode arch=compute_100a,code=sm_100a -O3 -std=c++17 -lineinfo --ptxas-options=-v --cudart=static -DM_TOTAL=928256 -DN_DIM=256 -DK_DIM=4096 fc2_w3x.cu -o fc2-w3x -lcurand_static -lculibos -lcuda
fc2_w3x.cu(1511): warning #177-D: function "mbar_arrive" was declared but never referenced
  void mbar_arrive(uint32_t addr) {
       ^

Remark: The warnings can be suppressed with "-diag-suppress <warning-number>"

ptxas info    : 0 bytes gmem
ptxas info    : Compiling entry function '_Z14fc2_w3x_kernelILi54ELi8ELi64EEv14CUtensorMap_stS0_S0_PK13__nv_bfloat16PS1_PmS5_S5_S5_S5_' for 'sm_100a'
ptxas info    : Function properties for _Z14fc2_w3x_kernelILi54ELi8ELi64EEv14CUtensorMap_stS0_S0_PK13__nv_bfloat16PS1_PmS5_S5_S5_S5_
    0 bytes stack frame, 0 bytes spill stores, 0 bytes spill loads
ptxas info    : Used 62 registers, used 1 barriers
ptxas info    : Compile time = 73.681 ms
ptxas info    : Compiling entry function '_Z14fc2_w3x_kernelILi54ELi8ELi48EEv14CUtensorMap_stS0_S0_PK13__nv_bfloat16PS1_PmS5_S5_S5_S5_' for 'sm_100a'
ptxas info    : Function properties for _Z14fc2_w3x_kernelILi54ELi8ELi48EEv14CUtensorMap_stS0_S0_PK13__nv_bfloat16PS1_PmS5_S5_S5_S5_
    0 bytes stack frame, 0 bytes spill stores, 0 bytes spill loads
ptxas info    : Used 62 registers, used 1 barriers
ptxas info    : Compile time = 71.099 ms
ptxas info    : Compiling entry function '_Z14fc2_w3x_kernelILi54ELi8ELi32EEv14CUtensorMap_stS0_S0_PK13__nv_bfloat16PS1_PmS5_S5_S5_S5_' for 'sm_100a'
ptxas info    : Function properties for _Z14fc2_w3x_kernelILi54ELi8ELi32EEv14CUtensorMap_stS0_S0_PK13__nv_bfloat16PS1_PmS5_S5_S5_S5_
    0 bytes stack frame, 0 bytes spill stores, 0 bytes spill loads
ptxas info    : Used 62 registers, used 1 barriers
ptxas info    : Compile time = 69.364 ms
ptxas info    : Compiling entry function '_Z14fc2_w3x_kernelILi54ELi8ELi24EEv14CUtensorMap_stS0_S0_PK13__nv_bfloat16PS1_PmS5_S5_S5_S5_' for 'sm_100a'
ptxas info    : Function properties for _Z14fc2_w3x_kernelILi54ELi8ELi24EEv14CUtensorMap_stS0_S0_PK13__nv_bfloat16PS1_PmS5_S5_S5_S5_
    0 bytes stack frame, 0 bytes spill stores, 0 bytes spill loads
ptxas info    : Used 62 registers, used 1 barriers
ptxas info    : Compile time = 69.425 ms
ptxas info    : Compiling entry function '_Z14fc2_w3x_kernelILi54ELi8ELi16EEv14CUtensorMap_stS0_S0_PK13__nv_bfloat16PS1_PmS5_S5_S5_S5_' for 'sm_100a'
ptxas info    : Function properties for _Z14fc2_w3x_kernelILi54ELi8ELi16EEv14CUtensorMap_stS0_S0_PK13__nv_bfloat16PS1_PmS5_S5_S5_S5_
    0 bytes stack frame, 0 bytes spill stores, 0 bytes spill loads
ptxas info    : Used 62 registers, used 1 barriers
ptxas info    : Compile time = 68.971 ms
ptxas info    : Compiling entry function '_Z14fc2_w3x_kernelILi54ELi8ELi12EEv14CUtensorMap_stS0_S0_PK13__nv_bfloat16PS1_PmS5_S5_S5_S5_' for 'sm_100a'
ptxas info    : Function properties for _Z14fc2_w3x_kernelILi54ELi8ELi12EEv14CUtensorMap_stS0_S0_PK13__nv_bfloat16PS1_PmS5_S5_S5_S5_
    0 bytes stack frame, 0 bytes spill stores, 0 bytes spill loads
ptxas info    : Used 62 registers, used 1 barriers
ptxas info    : Compile time = 69.199 ms
ptxas info    : Compiling entry function '_Z14fc2_w3x_kernelILi54ELi8ELi8EEv14CUtensorMap_stS0_S0_PK13__nv_bfloat16PS1_PmS5_S5_S5_S5_' for 'sm_100a'
ptxas info    : Function properties for _Z14fc2_w3x_kernelILi54ELi8ELi8EEv14CUtensorMap_stS0_S0_PK13__nv_bfloat16PS1_PmS5_S5_S5_S5_
    0 bytes stack frame, 0 bytes spill stores, 0 bytes spill loads
ptxas info    : Used 62 registers, used 1 barriers
ptxas info    : Compile time = 70.145 ms
ptxas info    : Compiling entry function '_Z14fc2_w3x_kernelILi54ELi8ELi4EEv14CUtensorMap_stS0_S0_PK13__nv_bfloat16PS1_PmS5_S5_S5_S5_' for 'sm_100a'
ptxas info    : Function properties for _Z14fc2_w3x_kernelILi54ELi8ELi4EEv14CUtensorMap_stS0_S0_PK13__nv_bfloat16PS1_PmS5_S5_S5_S5_
    0 bytes stack frame, 0 bytes spill stores, 0 bytes spill loads
ptxas info    : Used 62 registers, used 1 barriers
ptxas info    : Compile time = 69.969 ms
ptxas info    : Compiling entry function '_Z14fc2_w3x_kernelILi54ELi8ELi0EEv14CUtensorMap_stS0_S0_PK13__nv_bfloat16PS1_PmS5_S5_S5_S5_' for 'sm_100a'
ptxas info    : Function properties for _Z14fc2_w3x_kernelILi54ELi8ELi0EEv14CUtensorMap_stS0_S0_PK13__nv_bfloat16PS1_PmS5_S5_S5_S5_
    0 bytes stack frame, 0 bytes spill stores, 0 bytes spill loads
ptxas info    : Used 62 registers, used 1 barriers
ptxas info    : Compile time = 69.739 ms
ptxas info    : Compiling entry function '_Z14fc2_w3x_kernelILi99ELi8ELi20EEv14CUtensorMap_stS0_S0_PK13__nv_bfloat16PS1_PmS5_S5_S5_S5_' for 'sm_100a'
ptxas info    : Function properties for _Z14fc2_w3x_kernelILi99ELi8ELi20EEv14CUtensorMap_stS0_S0_PK13__nv_bfloat16PS1_PmS5_S5_S5_S5_
    0 bytes stack frame, 0 bytes spill stores, 0 bytes spill loads
ptxas info    : Used 62 registers, used 1 barriers
ptxas info    : Compile time = 71.264 ms
ptxas info    : Compiling entry function '_Z14fc2_w3x_kernelILi98ELi8ELi20EEv14CUtensorMap_stS0_S0_PK13__nv_bfloat16PS1_PmS5_S5_S5_S5_' for 'sm_100a'
ptxas info    : Function properties for _Z14fc2_w3x_kernelILi98ELi8ELi20EEv14CUtensorMap_stS0_S0_PK13__nv_bfloat16PS1_PmS5_S5_S5_S5_
    0 bytes stack frame, 0 bytes spill stores, 0 bytes spill loads
ptxas info    : Used 62 registers, used 1 barriers
ptxas info    : Compile time = 71.133 ms
ptxas info    : Compiling entry function '_Z14fc2_w3x_kernelILi97ELi8ELi20EEv14CUtensorMap_stS0_S0_PK13__nv_bfloat16PS1_PmS5_S5_S5_S5_' for 'sm_100a'
ptxas info    : Function properties for _Z14fc2_w3x_kernelILi97ELi8ELi20EEv14CUtensorMap_stS0_S0_PK13__nv_bfloat16PS1_PmS5_S5_S5_S5_
    0 bytes stack frame, 0 bytes spill stores, 0 bytes spill loads
ptxas info    : Used 62 registers, used 1 barriers
ptxas info    : Compile time = 70.205 ms
ptxas info    : Compiling entry function '_Z14fc2_w3x_kernelILi96ELi8ELi20EEv14CUtensorMap_stS0_S0_PK13__nv_bfloat16PS1_PmS5_S5_S5_S5_' for 'sm_100a'
ptxas info    : Function properties for _Z14fc2_w3x_kernelILi96ELi8ELi20EEv14CUtensorMap_stS0_S0_PK13__nv_bfloat16PS1_PmS5_S5_S5_S5_
    0 bytes stack frame, 0 bytes spill stores, 0 bytes spill loads
ptxas info    : Used 62 registers, used 1 barriers
ptxas info    : Compile time = 70.554 ms
ptxas info    : Compiling entry function '_Z14fc2_w3x_kernelILi95ELi8ELi20EEv14CUtensorMap_stS0_S0_PK13__nv_bfloat16PS1_PmS5_S5_S5_S5_' for 'sm_100a'
ptxas info    : Function properties for _Z14fc2_w3x_kernelILi95ELi8ELi20EEv14CUtensorMap_stS0_S0_PK13__nv_bfloat16PS1_PmS5_S5_S5_S5_
    0 bytes stack frame, 0 bytes spill stores, 0 bytes spill loads
ptxas info    : Used 62 registers, used 1 barriers
ptxas info    : Compile time = 70.228 ms
ptxas info    : Compiling entry function '_Z14fc2_w3x_kernelILi94ELi8ELi20EEv14CUtensorMap_stS0_S0_PK13__nv_bfloat16PS1_PmS5_S5_S5_S5_' for 'sm_100a'
ptxas info    : Function properties for _Z14fc2_w3x_kernelILi94ELi8ELi20EEv14CUtensorMap_stS0_S0_PK13__nv_bfloat16PS1_PmS5_S5_S5_S5_
    0 bytes stack frame, 0 bytes spill stores, 0 bytes spill loads
ptxas info    : Used 62 registers, used 1 barriers
ptxas info    : Compile time = 70.246 ms
ptxas info    : Compiling entry function '_Z14fc2_w3x_kernelILi93ELi8ELi20EEv14CUtensorMap_stS0_S0_PK13__nv_bfloat16PS1_PmS5_S5_S5_S5_' for 'sm_100a'
ptxas info    : Function properties for _Z14fc2_w3x_kernelILi93ELi8ELi20EEv14CUtensorMap_stS0_S0_PK13__nv_bfloat16PS1_PmS5_S5_S5_S5_
    0 bytes stack frame, 0 bytes spill stores, 0 bytes spill loads
ptxas info    : Used 62 registers, used 1 barriers
ptxas info    : Compile time = 69.383 ms
ptxas info    : Compiling entry function '_Z14fc2_w3x_kernelILi92ELi8ELi20EEv14CUtensorMap_stS0_S0_PK13__nv_bfloat16PS1_PmS5_S5_S5_S5_' for 'sm_100a'
ptxas info    : Function properties for _Z14fc2_w3x_kernelILi92ELi8ELi20EEv14CUtensorMap_stS0_S0_PK13__nv_bfloat16PS1_PmS5_S5_S5_S5_
    0 bytes stack frame, 0 bytes spill stores, 0 bytes spill loads
ptxas info    : Used 62 registers, used 1 barriers
ptxas info    : Compile time = 69.400 ms
ptxas info    : Compiling entry function '_Z14fc2_w3x_kernelILi91ELi8ELi20EEv14CUtensorMap_stS0_S0_PK13__nv_bfloat16PS1_PmS5_S5_S5_S5_' for 'sm_100a'
ptxas info    : Function properties for _Z14fc2_w3x_kernelILi91ELi8ELi20EEv14CUtensorMap_stS0_S0_PK13__nv_bfloat16PS1_PmS5_S5_S5_S5_
    0 bytes stack frame, 0 bytes spill stores, 0 bytes spill loads
ptxas info    : Used 62 registers, used 1 barriers
ptxas info    : Compile time = 69.107 ms
ptxas info    : Compiling entry function '_Z14fc2_w3x_kernelILi90ELi8ELi20EEv14CUtensorMap_stS0_S0_PK13__nv_bfloat16PS1_PmS5_S5_S5_S5_' for 'sm_100a'
ptxas info    : Function properties for _Z14fc2_w3x_kernelILi90ELi8ELi20EEv14CUtensorMap_stS0_S0_PK13__nv_bfloat16PS1_PmS5_S5_S5_S5_
    0 bytes stack frame, 0 bytes spill stores, 0 bytes spill loads
ptxas info    : Used 62 registers, used 1 barriers
ptxas info    : Compile time = 70.318 ms
ptxas info    : Compiling entry function '_Z14fc2_w3x_kernelILi89ELi8ELi20EEv14CUtensorMap_stS0_S0_PK13__nv_bfloat16PS1_PmS5_S5_S5_S5_' for 'sm_100a'
ptxas info    : Function properties for _Z14fc2_w3x_kernelILi89ELi8ELi20EEv14CUtensorMap_stS0_S0_PK13__nv_bfloat16PS1_PmS5_S5_S5_S5_
    0 bytes stack frame, 0 bytes spill stores, 0 bytes spill loads
ptxas info    : Used 62 registers, used 1 barriers
ptxas info    : Compile time = 70.030 ms
ptxas info    : Compiling entry function '_Z14fc2_w3x_kernelILi88ELi8ELi20EEv14CUtensorMap_stS0_S0_PK13__nv_bfloat16PS1_PmS5_S5_S5_S5_' for 'sm_100a'
ptxas info    : Function properties for _Z14fc2_w3x_kernelILi88ELi8ELi20EEv14CUtensorMap_stS0_S0_PK13__nv_bfloat16PS1_PmS5_S5_S5_S5_
    0 bytes stack frame, 0 bytes spill stores, 0 bytes spill loads
ptxas info    : Used 62 registers, used 1 barriers
ptxas info    : Compile time = 69.551 ms
ptxas info    : Compiling entry function '_Z14fc2_w3x_kernelILi87ELi8ELi20EEv14CUtensorMap_stS0_S0_PK13__nv_bfloat16PS1_PmS5_S5_S5_S5_' for 'sm_100a'
ptxas info    : Function properties for _Z14fc2_w3x_kernelILi87ELi8ELi20EEv14CUtensorMap_stS0_S0_PK13__nv_bfloat16PS1_PmS5_S5_S5_S5_
    0 bytes stack frame, 0 bytes spill stores, 0 bytes spill loads
ptxas info    : Used 62 registers, used 1 barriers
ptxas info    : Compile time = 70.154 ms
ptxas info    : Compiling entry function '_Z14fc2_w3x_kernelILi86ELi8ELi20EEv14CUtensorMap_stS0_S0_PK13__nv_bfloat16PS1_PmS5_S5_S5_S5_' for 'sm_100a'
ptxas info    : Function properties for _Z14fc2_w3x_kernelILi86ELi8ELi20EEv14CUtensorMap_stS0_S0_PK13__nv_bfloat16PS1_PmS5_S5_S5_S5_
    0 bytes stack frame, 0 bytes spill stores, 0 bytes spill loads
ptxas info    : Used 62 registers, used 1 barriers
ptxas info    : Compile time = 68.964 ms
ptxas info    : Compiling entry function '_Z14fc2_w3x_kernelILi85ELi8ELi20EEv14CUtensorMap_stS0_S0_PK13__nv_bfloat16PS1_PmS5_S5_S5_S5_' for 'sm_100a'
ptxas info    : Function properties for _Z14fc2_w3x_kernelILi85ELi8ELi20EEv14CUtensorMap_stS0_S0_PK13__nv_bfloat16PS1_PmS5_S5_S5_S5_
    0 bytes stack frame, 0 bytes spill stores, 0 bytes spill loads
ptxas info    : Used 62 registers, used 1 barriers
ptxas info    : Compile time = 68.600 ms
ptxas info    : Compiling entry function '_Z14fc2_w3x_kernelILi84ELi8ELi20EEv14CUtensorMap_stS0_S0_PK13__nv_bfloat16PS1_PmS5_S5_S5_S5_' for 'sm_100a'
ptxas info    : Function properties for _Z14fc2_w3x_kernelILi84ELi8ELi20EEv14CUtensorMap_stS0_S0_PK13__nv_bfloat16PS1_PmS5_S5_S5_S5_
    0 bytes stack frame, 0 bytes spill stores, 0 bytes spill loads
ptxas info    : Used 62 registers, used 1 barriers
ptxas info    : Compile time = 70.850 ms
ptxas info    : Compiling entry function '_Z14fc2_w3x_kernelILi83ELi8ELi20EEv14CUtensorMap_stS0_S0_PK13__nv_bfloat16PS1_PmS5_S5_S5_S5_' for 'sm_100a'
ptxas info    : Function properties for _Z14fc2_w3x_kernelILi83ELi8ELi20EEv14CUtensorMap_stS0_S0_PK13__nv_bfloat16PS1_PmS5_S5_S5_S5_
    0 bytes stack frame, 0 bytes spill stores, 0 bytes spill loads
ptxas info    : Used 62 registers, used 1 barriers
ptxas info    : Compile time = 71.717 ms
ptxas info    : Compiling entry function '_Z14fc2_w3x_kernelILi82ELi8ELi20EEv14CUtensorMap_stS0_S0_PK13__nv_bfloat16PS1_PmS5_S5_S5_S5_' for 'sm_100a'
ptxas info    : Function properties for _Z14fc2_w3x_kernelILi82ELi8ELi20EEv14CUtensorMap_stS0_S0_PK13__nv_bfloat16PS1_PmS5_S5_S5_S5_
    0 bytes stack frame, 0 bytes spill stores, 0 bytes spill loads
ptxas info    : Used 62 registers, used 1 barriers
ptxas info    : Compile time = 69.998 ms
ptxas info    : Compiling entry function '_Z14fc2_w3x_kernelILi81ELi8ELi20EEv14CUtensorMap_stS0_S0_PK13__nv_bfloat16PS1_PmS5_S5_S5_S5_' for 'sm_100a'
ptxas info    : Function properties for _Z14fc2_w3x_kernelILi81ELi8ELi20EEv14CUtensorMap_stS0_S0_PK13__nv_bfloat16PS1_PmS5_S5_S5_S5_
    0 bytes stack frame, 0 bytes spill stores, 0 bytes spill loads
ptxas info    : Used 62 registers, used 1 barriers
ptxas info    : Compile time = 69.227 ms
ptxas info    : Compiling entry function '_Z14fc2_w3x_kernelILi80ELi8ELi20EEv14CUtensorMap_stS0_S0_PK13__nv_bfloat16PS1_PmS5_S5_S5_S5_' for 'sm_100a'
ptxas info    : Function properties for _Z14fc2_w3x_kernelILi80ELi8ELi20EEv14CUtensorMap_stS0_S0_PK13__nv_bfloat16PS1_PmS5_S5_S5_S5_
    0 bytes stack frame, 0 bytes spill stores, 0 bytes spill loads
ptxas info    : Used 62 registers, used 1 barriers
ptxas info    : Compile time = 69.486 ms
ptxas info    : Compiling entry function '_Z14fc2_w3x_kernelILi58ELi8ELi20EEv14CUtensorMap_stS0_S0_PK13__nv_bfloat16PS1_PmS5_S5_S5_S5_' for 'sm_100a'
ptxas info    : Function properties for _Z14fc2_w3x_kernelILi58ELi8ELi20EEv14CUtensorMap_stS0_S0_PK13__nv_bfloat16PS1_PmS5_S5_S5_S5_
    0 bytes stack frame, 0 bytes spill stores, 0 bytes spill loads
ptxas info    : Used 62 registers, used 1 barriers
ptxas info    : Compile time = 70.057 ms
ptxas info    : Compiling entry function '_Z14fc2_w3x_kernelILi57ELi8ELi20EEv14CUtensorMap_stS0_S0_PK13__nv_bfloat16PS1_PmS5_S5_S5_S5_' for 'sm_100a'
ptxas info    : Function properties for _Z14fc2_w3x_kernelILi57ELi8ELi20EEv14CUtensorMap_stS0_S0_PK13__nv_bfloat16PS1_PmS5_S5_S5_S5_
    0 bytes stack frame, 0 bytes spill stores, 0 bytes spill loads
ptxas info    : Used 62 registers, used 1 barriers
ptxas info    : Compile time = 70.306 ms
ptxas info    : Compiling entry function '_Z14fc2_w3x_kernelILi56ELi8ELi20EEv14CUtensorMap_stS0_S0_PK13__nv_bfloat16PS1_PmS5_S5_S5_S5_' for 'sm_100a'
ptxas info    : Function properties for _Z14fc2_w3x_kernelILi56ELi8ELi20EEv14CUtensorMap_stS0_S0_PK13__nv_bfloat16PS1_PmS5_S5_S5_S5_
    0 bytes stack frame, 0 bytes spill stores, 0 bytes spill loads
ptxas info    : Used 62 registers, used 1 barriers
ptxas info    : Compile time = 70.404 ms
ptxas info    : Compiling entry function '_Z14fc2_w3x_kernelILi55ELi8ELi20EEv14CUtensorMap_stS0_S0_PK13__nv_bfloat16PS1_PmS5_S5_S5_S5_' for 'sm_100a'
ptxas info    : Function properties for _Z14fc2_w3x_kernelILi55ELi8ELi20EEv14CUtensorMap_stS0_S0_PK13__nv_bfloat16PS1_PmS5_S5_S5_S5_
    0 bytes stack frame, 0 bytes spill stores, 0 bytes spill loads
ptxas info    : Used 62 registers, used 1 barriers
ptxas info    : Compile time = 68.525 ms
ptxas info    : Compiling entry function '_Z14fc2_w3x_kernelILi54ELi8ELi20EEv14CUtensorMap_stS0_S0_PK13__nv_bfloat16PS1_PmS5_S5_S5_S5_' for 'sm_100a'
ptxas info    : Function properties for _Z14fc2_w3x_kernelILi54ELi8ELi20EEv14CUtensorMap_stS0_S0_PK13__nv_bfloat16PS1_PmS5_S5_S5_S5_
    0 bytes stack frame, 0 bytes spill stores, 0 bytes spill loads
ptxas info    : Used 62 registers, used 1 barriers
ptxas info    : Compile time = 69.529 ms
ptxas info    : Compiling entry function '_Z14fc2_w3x_kernelILi53ELi8ELi20EEv14CUtensorMap_stS0_S0_PK13__nv_bfloat16PS1_PmS5_S5_S5_S5_' for 'sm_100a'
ptxas info    : Function properties for _Z14fc2_w3x_kernelILi53ELi8ELi20EEv14CUtensorMap_stS0_S0_PK13__nv_bfloat16PS1_PmS5_S5_S5_S5_
    0 bytes stack frame, 0 bytes spill stores, 0 bytes spill loads
ptxas info    : Used 62 registers, used 1 barriers
ptxas info    : Compile time = 71.725 ms
ptxas info    : Compiling entry function '_Z14fc2_w3x_kernelILi52ELi8ELi20EEv14CUtensorMap_stS0_S0_PK13__nv_bfloat16PS1_PmS5_S5_S5_S5_' for 'sm_100a'
ptxas info    : Function properties for _Z14fc2_w3x_kernelILi52ELi8ELi20EEv14CUtensorMap_stS0_S0_PK13__nv_bfloat16PS1_PmS5_S5_S5_S5_
    0 bytes stack frame, 0 bytes spill stores, 0 bytes spill loads
ptxas info    : Used 62 registers, used 1 barriers
ptxas info    : Compile time = 73.323 ms
ptxas info    : Compiling entry function '_Z14fc2_w3x_kernelILi51ELi8ELi20EEv14CUtensorMap_stS0_S0_PK13__nv_bfloat16PS1_PmS5_S5_S5_S5_' for 'sm_100a'
ptxas info    : Function properties for _Z14fc2_w3x_kernelILi51ELi8ELi20EEv14CUtensorMap_stS0_S0_PK13__nv_bfloat16PS1_PmS5_S5_S5_S5_
    0 bytes stack frame, 0 bytes spill stores, 0 bytes spill loads
ptxas info    : Used 62 registers, used 1 barriers
ptxas info    : Compile time = 71.728 ms
ptxas info    : Compiling entry function '_Z14fc2_w3x_kernelILi50ELi8ELi20EEv14CUtensorMap_stS0_S0_PK13__nv_bfloat16PS1_PmS5_S5_S5_S5_' for 'sm_100a'
ptxas info    : Function properties for _Z14fc2_w3x_kernelILi50ELi8ELi20EEv14CUtensorMap_stS0_S0_PK13__nv_bfloat16PS1_PmS5_S5_S5_S5_
    0 bytes stack frame, 0 bytes spill stores, 0 bytes spill loads
ptxas info    : Used 62 registers, used 1 barriers
ptxas info    : Compile time = 71.862 ms
ptxas info    : Compiling entry function '_Z14fc2_w3x_kernelILi49ELi8ELi20EEv14CUtensorMap_stS0_S0_PK13__nv_bfloat16PS1_PmS5_S5_S5_S5_' for 'sm_100a'
ptxas info    : Function properties for _Z14fc2_w3x_kernelILi49ELi8ELi20EEv14CUtensorMap_stS0_S0_PK13__nv_bfloat16PS1_PmS5_S5_S5_S5_
    0 bytes stack frame, 0 bytes spill stores, 0 bytes spill loads
ptxas info    : Used 62 registers, used 1 barriers
ptxas info    : Compile time = 70.978 ms
ptxas info    : Compiling entry function '_Z14fc2_w3x_kernelILi19ELi16ELi20EEv14CUtensorMap_stS0_S0_PK13__nv_bfloat16PS1_PmS5_S5_S5_S5_' for 'sm_100a'
ptxas info    : Function properties for _Z14fc2_w3x_kernelILi19ELi16ELi20EEv14CUtensorMap_stS0_S0_PK13__nv_bfloat16PS1_PmS5_S5_S5_S5_
    0 bytes stack frame, 0 bytes spill stores, 0 bytes spill loads
ptxas info    : Used 62 registers, used 1 barriers
ptxas info    : Compile time = 70.457 ms
ptxas info    : Compiling entry function '_Z14fc2_w3x_kernelILi19ELi4ELi20EEv14CUtensorMap_stS0_S0_PK13__nv_bfloat16PS1_PmS5_S5_S5_S5_' for 'sm_100a'
ptxas info    : Function properties for _Z14fc2_w3x_kernelILi19ELi4ELi20EEv14CUtensorMap_stS0_S0_PK13__nv_bfloat16PS1_PmS5_S5_S5_S5_
    0 bytes stack frame, 0 bytes spill stores, 0 bytes spill loads
ptxas info    : Used 62 registers, used 1 barriers
ptxas info    : Compile time = 70.118 ms
ptxas info    : Compiling entry function '_Z14fc2_w3x_kernelILi48ELi8ELi20EEv14CUtensorMap_stS0_S0_PK13__nv_bfloat16PS1_PmS5_S5_S5_S5_' for 'sm_100a'
ptxas info    : Function properties for _Z14fc2_w3x_kernelILi48ELi8ELi20EEv14CUtensorMap_stS0_S0_PK13__nv_bfloat16PS1_PmS5_S5_S5_S5_
    0 bytes stack frame, 0 bytes spill stores, 0 bytes spill loads
ptxas info    : Used 62 registers, used 1 barriers
ptxas info    : Compile time = 70.152 ms
ptxas info    : Compiling entry function '_Z14fc2_w3x_kernelILi47ELi8ELi20EEv14CUtensorMap_stS0_S0_PK13__nv_bfloat16PS1_PmS5_S5_S5_S5_' for 'sm_100a'
ptxas info    : Function properties for _Z14fc2_w3x_kernelILi47ELi8ELi20EEv14CUtensorMap_stS0_S0_PK13__nv_bfloat16PS1_PmS5_S5_S5_S5_
    0 bytes stack frame, 0 bytes spill stores, 0 bytes spill loads
ptxas info    : Used 62 registers, used 1 barriers
ptxas info    : Compile time = 70.274 ms
ptxas info    : Compiling entry function '_Z14fc2_w3x_kernelILi46ELi8ELi20EEv14CUtensorMap_stS0_S0_PK13__nv_bfloat16PS1_PmS5_S5_S5_S5_' for 'sm_100a'
ptxas info    : Function properties for _Z14fc2_w3x_kernelILi46ELi8ELi20EEv14CUtensorMap_stS0_S0_PK13__nv_bfloat16PS1_PmS5_S5_S5_S5_
    0 bytes stack frame, 0 bytes spill stores, 0 bytes spill loads
ptxas info    : Used 62 registers, used 1 barriers
ptxas info    : Compile time = 70.342 ms
ptxas info    : Compiling entry function '_Z14fc2_w3x_kernelILi45ELi8ELi20EEv14CUtensorMap_stS0_S0_PK13__nv_bfloat16PS1_PmS5_S5_S5_S5_' for 'sm_100a'
ptxas info    : Function properties for _Z14fc2_w3x_kernelILi45ELi8ELi20EEv14CUtensorMap_stS0_S0_PK13__nv_bfloat16PS1_PmS5_S5_S5_S5_
    0 bytes stack frame, 0 bytes spill stores, 0 bytes spill loads
ptxas info    : Used 62 registers, used 1 barriers
ptxas info    : Compile time = 71.203 ms
ptxas info    : Compiling entry function '_Z14fc2_w3x_kernelILi44ELi8ELi20EEv14CUtensorMap_stS0_S0_PK13__nv_bfloat16PS1_PmS5_S5_S5_S5_' for 'sm_100a'
ptxas info    : Function properties for _Z14fc2_w3x_kernelILi44ELi8ELi20EEv14CUtensorMap_stS0_S0_PK13__nv_bfloat16PS1_PmS5_S5_S5_S5_
    0 bytes stack frame, 0 bytes spill stores, 0 bytes spill loads
ptxas info    : Used 62 registers, used 1 barriers
ptxas info    : Compile time = 69.939 ms
ptxas info    : Compiling entry function '_Z14fc2_w3x_kernelILi43ELi8ELi20EEv14CUtensorMap_stS0_S0_PK13__nv_bfloat16PS1_PmS5_S5_S5_S5_' for 'sm_100a'
ptxas info    : Function properties for _Z14fc2_w3x_kernelILi43ELi8ELi20EEv14CUtensorMap_stS0_S0_PK13__nv_bfloat16PS1_PmS5_S5_S5_S5_
    0 bytes stack frame, 0 bytes spill stores, 0 bytes spill loads
ptxas info    : Used 62 registers, used 1 barriers
ptxas info    : Compile time = 69.700 ms
ptxas info    : Compiling entry function '_Z14fc2_w3x_kernelILi41ELi8ELi20EEv14CUtensorMap_stS0_S0_PK13__nv_bfloat16PS1_PmS5_S5_S5_S5_' for 'sm_100a'
ptxas info    : Function properties for _Z14fc2_w3x_kernelILi41ELi8ELi20EEv14CUtensorMap_stS0_S0_PK13__nv_bfloat16PS1_PmS5_S5_S5_S5_
    0 bytes stack frame, 0 bytes spill stores, 0 bytes spill loads
ptxas info    : Used 62 registers, used 1 barriers
ptxas info    : Compile time = 68.325 ms
ptxas info    : Compiling entry function '_Z14fc2_w3x_kernelILi40ELi8ELi20EEv14CUtensorMap_stS0_S0_PK13__nv_bfloat16PS1_PmS5_S5_S5_S5_' for 'sm_100a'
ptxas info    : Function properties for _Z14fc2_w3x_kernelILi40ELi8ELi20EEv14CUtensorMap_stS0_S0_PK13__nv_bfloat16PS1_PmS5_S5_S5_S5_
    0 bytes stack frame, 0 bytes spill stores, 0 bytes spill loads
ptxas info    : Used 62 registers, used 1 barriers
ptxas info    : Compile time = 67.950 ms
ptxas info    : Compiling entry function '_Z14fc2_w3x_kernelILi39ELi8ELi20EEv14CUtensorMap_stS0_S0_PK13__nv_bfloat16PS1_PmS5_S5_S5_S5_' for 'sm_100a'
ptxas info    : Function properties for _Z14fc2_w3x_kernelILi39ELi8ELi20EEv14CUtensorMap_stS0_S0_PK13__nv_bfloat16PS1_PmS5_S5_S5_S5_
    0 bytes stack frame, 0 bytes spill stores, 0 bytes spill loads
ptxas info    : Used 62 registers, used 1 barriers
ptxas info    : Compile time = 70.481 ms
ptxas info    : Compiling entry function '_Z14fc2_w3x_kernelILi38ELi8ELi20EEv14CUtensorMap_stS0_S0_PK13__nv_bfloat16PS1_PmS5_S5_S5_S5_' for 'sm_100a'
ptxas info    : Function properties for _Z14fc2_w3x_kernelILi38ELi8ELi20EEv14CUtensorMap_stS0_S0_PK13__nv_bfloat16PS1_PmS5_S5_S5_S5_
    0 bytes stack frame, 0 bytes spill stores, 0 bytes spill loads
ptxas info    : Used 62 registers, used 1 barriers
ptxas info    : Compile time = 70.547 ms
ptxas info    : Compiling entry function '_Z14fc2_w3x_kernelILi36ELi4ELi20EEv14CUtensorMap_stS0_S0_PK13__nv_bfloat16PS1_PmS5_S5_S5_S5_' for 'sm_100a'
ptxas info    : Function properties for _Z14fc2_w3x_kernelILi36ELi4ELi20EEv14CUtensorMap_stS0_S0_PK13__nv_bfloat16PS1_PmS5_S5_S5_S5_
    0 bytes stack frame, 0 bytes spill stores, 0 bytes spill loads
ptxas info    : Used 62 registers, used 1 barriers
ptxas info    : Compile time = 70.470 ms
ptxas info    : Compiling entry function '_Z14fc2_w3x_kernelILi35ELi4ELi20EEv14CUtensorMap_stS0_S0_PK13__nv_bfloat16PS1_PmS5_S5_S5_S5_' for 'sm_100a'
ptxas info    : Function properties for _Z14fc2_w3x_kernelILi35ELi4ELi20EEv14CUtensorMap_stS0_S0_PK13__nv_bfloat16PS1_PmS5_S5_S5_S5_
    0 bytes stack frame, 0 bytes spill stores, 0 bytes spill loads
ptxas info    : Used 62 registers, used 1 barriers
ptxas info    : Compile time = 69.997 ms
ptxas info    : Compiling entry function '_Z14fc2_w3x_kernelILi34ELi8ELi20EEv14CUtensorMap_stS0_S0_PK13__nv_bfloat16PS1_PmS5_S5_S5_S5_' for 'sm_100a'
ptxas info    : Function properties for _Z14fc2_w3x_kernelILi34ELi8ELi20EEv14CUtensorMap_stS0_S0_PK13__nv_bfloat16PS1_PmS5_S5_S5_S5_
    0 bytes stack frame, 0 bytes spill stores, 0 bytes spill loads
ptxas info    : Used 62 registers, used 1 barriers
ptxas info    : Compile time = 70.713 ms
ptxas info    : Compiling entry function '_Z14fc2_w3x_kernelILi33ELi8ELi20EEv14CUtensorMap_stS0_S0_PK13__nv_bfloat16PS1_PmS5_S5_S5_S5_' for 'sm_100a'
ptxas info    : Function properties for _Z14fc2_w3x_kernelILi33ELi8ELi20EEv14CUtensorMap_stS0_S0_PK13__nv_bfloat16PS1_PmS5_S5_S5_S5_
    0 bytes stack frame, 0 bytes spill stores, 0 bytes spill loads
ptxas info    : Used 62 registers, used 1 barriers
ptxas info    : Compile time = 71.235 ms
ptxas info    : Compiling entry function '_Z14fc2_w3x_kernelILi19ELi8ELi20EEv14CUtensorMap_stS0_S0_PK13__nv_bfloat16PS1_PmS5_S5_S5_S5_' for 'sm_100a'
ptxas info    : Function properties for _Z14fc2_w3x_kernelILi19ELi8ELi20EEv14CUtensorMap_stS0_S0_PK13__nv_bfloat16PS1_PmS5_S5_S5_S5_
    0 bytes stack frame, 0 bytes spill stores, 0 bytes spill loads
ptxas info    : Used 62 registers, used 1 barriers
ptxas info    : Compile time = 69.931 ms
ptxas info    : Compiling entry function '_Z14fc2_w3x_kernelILi18ELi8ELi20EEv14CUtensorMap_stS0_S0_PK13__nv_bfloat16PS1_PmS5_S5_S5_S5_' for 'sm_100a'
ptxas info    : Function properties for _Z14fc2_w3x_kernelILi18ELi8ELi20EEv14CUtensorMap_stS0_S0_PK13__nv_bfloat16PS1_PmS5_S5_S5_S5_
    0 bytes stack frame, 0 bytes spill stores, 0 bytes spill loads
ptxas info    : Used 62 registers, used 1 barriers
ptxas info    : Compile time = 69.714 ms
ptxas info    : Compiling entry function '_Z14fc2_w3x_kernelILi13ELi8ELi20EEv14CUtensorMap_stS0_S0_PK13__nv_bfloat16PS1_PmS5_S5_S5_S5_' for 'sm_100a'
ptxas info    : Function properties for _Z14fc2_w3x_kernelILi13ELi8ELi20EEv14CUtensorMap_stS0_S0_PK13__nv_bfloat16PS1_PmS5_S5_S5_S5_
    0 bytes stack frame, 0 bytes spill stores, 0 bytes spill loads
ptxas info    : Used 62 registers, used 1 barriers
ptxas info    : Compile time = 67.992 ms
ptxas info    : Compiling entry function '_Z14fc2_w3x_kernelILi11ELi8ELi20EEv14CUtensorMap_stS0_S0_PK13__nv_bfloat16PS1_PmS5_S5_S5_S5_' for 'sm_100a'
ptxas info    : Function properties for _Z14fc2_w3x_kernelILi11ELi8ELi20EEv14CUtensorMap_stS0_S0_PK13__nv_bfloat16PS1_PmS5_S5_S5_S5_
    0 bytes stack frame, 0 bytes spill stores, 0 bytes spill loads
ptxas info    : Used 62 registers, used 1 barriers
ptxas info    : Compile time = 66.762 ms
ptxas info    : Compiling entry function '_Z14fc2_w3x_kernelILi0ELi32ELi20EEv14CUtensorMap_stS0_S0_PK13__nv_bfloat16PS1_PmS5_S5_S5_S5_' for 'sm_100a'
ptxas info    : Function properties for _Z14fc2_w3x_kernelILi0ELi32ELi20EEv14CUtensorMap_stS0_S0_PK13__nv_bfloat16PS1_PmS5_S5_S5_S5_
    0 bytes stack frame, 0 bytes spill stores, 0 bytes spill loads
ptxas info    : Used 62 registers, used 1 barriers
ptxas info    : Compile time = 70.317 ms
ptxas info    : Compiling entry function '_Z14fc2_w3x_kernelILi0ELi16ELi20EEv14CUtensorMap_stS0_S0_PK13__nv_bfloat16PS1_PmS5_S5_S5_S5_' for 'sm_100a'
ptxas info    : Function properties for _Z14fc2_w3x_kernelILi0ELi16ELi20EEv14CUtensorMap_stS0_S0_PK13__nv_bfloat16PS1_PmS5_S5_S5_S5_
    0 bytes stack frame, 0 bytes spill stores, 0 bytes spill loads
ptxas info    : Used 62 registers, used 1 barriers
ptxas info    : Compile time = 70.103 ms
ptxas info    : Compiling entry function '_Z14fc2_w3x_kernelILi0ELi4ELi20EEv14CUtensorMap_stS0_S0_PK13__nv_bfloat16PS1_PmS5_S5_S5_S5_' for 'sm_100a'
ptxas info    : Function properties for _Z14fc2_w3x_kernelILi0ELi4ELi20EEv14CUtensorMap_stS0_S0_PK13__nv_bfloat16PS1_PmS5_S5_S5_S5_
    0 bytes stack frame, 0 bytes spill stores, 0 bytes spill loads
ptxas info    : Used 62 registers, used 1 barriers
ptxas info    : Compile time = 69.279 ms
ptxas info    : Compiling entry function '_Z14fc2_w3x_kernelILi0ELi2ELi20EEv14CUtensorMap_stS0_S0_PK13__nv_bfloat16PS1_PmS5_S5_S5_S5_' for 'sm_100a'
ptxas info    : Function properties for _Z14fc2_w3x_kernelILi0ELi2ELi20EEv14CUtensorMap_stS0_S0_PK13__nv_bfloat16PS1_PmS5_S5_S5_S5_
    0 bytes stack frame, 0 bytes spill stores, 0 bytes spill loads
ptxas info    : Used 62 registers, used 1 barriers
ptxas info    : Compile time = 68.269 ms
ptxas info    : Compiling entry function '_Z14fc2_w3x_kernelILi0ELi8ELi20EEv14CUtensorMap_stS0_S0_PK13__nv_bfloat16PS1_PmS5_S5_S5_S5_' for 'sm_100a'
ptxas info    : Function properties for _Z14fc2_w3x_kernelILi0ELi8ELi20EEv14CUtensorMap_stS0_S0_PK13__nv_bfloat16PS1_PmS5_S5_S5_S5_
    0 bytes stack frame, 0 bytes spill stores, 0 bytes spill loads
ptxas info    : Used 62 registers, used 1 barriers
ptxas info    : Compile time = 69.445 ms
--- rep 1/3 ec=0
FC2 W3X kernel — 6-warp bias-only rank-1-shaped persistent
  [928256,4096] x [256,4096]^T  NS=6  THREADS=192  SMEM=213888 B  (cap 228KB)
  Alloc + init + pack done
  TMA + func attr done (SMEM=213888 B)  variant=default TD=0 DGG=8
Warmup (2 iters)...
Timing 1 reps × 10 iters/rep × 1 variant ...
@@SAMPLE rep=1 ms=0.63401 cyc=1154187 cyc_min=1142176 cyc_p50=1148009 cyc_p95=1151416 cyc_max=1154187
@@STATS reps=1 mean=0.63401 std=0.00000 min=0.63401 p25=0.63401 p50=0.63401 p75=0.63401 max=0.63401 iqr=0.00000
FC2-W3X kernel: 0.634 ms  3070.46 TFLOPS
PASS  errors=0/32
@@RESULT ms=0.6340 tflops=3070.46 checksum=0.000000 valid=1 c0=6144.0
--- rep 2/3 ec=0
FC2 W3X kernel — 6-warp bias-only rank-1-shaped persistent
  [928256,4096] x [256,4096]^T  NS=6  THREADS=192  SMEM=213888 B  (cap 228KB)
  Alloc + init + pack done
  TMA + func attr done (SMEM=213888 B)  variant=default TD=0 DGG=8
Warmup (2 iters)...
Timing 1 reps × 10 iters/rep × 1 variant ...
@@SAMPLE rep=1 ms=0.63412 cyc=1153320 cyc_min=1141077 cyc_p50=1147359 cyc_p95=1150612 cyc_max=1153320
@@STATS reps=1 mean=0.63412 std=0.00000 min=0.63412 p25=0.63412 p50=0.63412 p75=0.63412 max=0.63412 iqr=0.00000
FC2-W3X kernel: 0.634 ms  3069.89 TFLOPS
PASS  errors=0/32
@@RESULT ms=0.6341 tflops=3069.89 checksum=0.000000 valid=1 c0=6144.0
--- rep 3/3 ec=0
FC2 W3X kernel — 6-warp bias-only rank-1-shaped persistent
  [928256,4096] x [256,4096]^T  NS=6  THREADS=192  SMEM=213888 B  (cap 228KB)
  Alloc + init + pack done
  TMA + func attr done (SMEM=213888 B)  variant=default TD=0 DGG=8
Warmup (2 iters)...
Timing 1 reps × 10 iters/rep × 1 variant ...
@@SAMPLE rep=1 ms=0.63373 cyc=1152657 cyc_min=1142754 cyc_p50=1147586 cyc_p95=1151136 cyc_max=1152657
@@STATS reps=1 mean=0.63373 std=0.00000 min=0.63373 p25=0.63373 p50=0.63373 p75=0.63373 max=0.63373 iqr=0.00000
FC2-W3X kernel: 0.634 ms  3071.80 TFLOPS
PASS  errors=0/32
@@RESULT ms=0.6337 tflops=3071.80 checksum=0.000000 valid=1 c0=6144.0
--- cublas epi=3 rep 1/1 ec=0
### CUBLASLT INTROSPECT M=928256 N=256 K=4096 epi=bias_only scale=per_tensor
### Heuristics returned: 8

# TSV
rank	heur	ms	cyc	algoId	tile	stages	cluster	inner	splitk	redux	swizzle	custom	waves	ws_MB
1	0	0.6395	1180728	66	23	36	3	-1	1	0	0	1	49.00	0.0
2	2	0.6433	1186940	66	29	36	3	-1	1	0	0	1	78.41	0.0
3	1	0.6494	1198538	66	32	36	3	-1	1	0	0	1	65.34	0.0
4	4	0.6548	1208876	66	177	36	3	-1	1	0	0	1	32.68	0.0
5	5	0.6793	1253743	66	20	36	3	-1	1	0	0	1	98.00	0.0
6	3	0.6830	1260761	66	447	36	3	-1	1	0	0	1	24.50	0.0
7	7	0.6971	1286433	66	184	36	5	-1	1	0	0	2	98.00	0.0
8	6	0.7117	1313314	66	194	36	5	-1	1	0	0	2	65.34	0.0

# Top-3 caps:

## rank=1  algoId=66  tile=23  stages=36  cluster=3  inner=-1  ms=0.6395
    CUBLASLT_ALGO_CAP_REDUCTION_SCHEME_MASK      = 2
    CUBLASLT_ALGO_CAP_CTA_SWIZZLING_SUPPORT      = 0
    CUBLASLT_ALGO_CAP_STRIDED_BATCH_SUPPORT      = 1
    CUBLASLT_ALGO_CAP_OUT_OF_PLACE_RESULT_SUPPORT = 1
    CUBLASLT_ALGO_CAP_CUSTOM_OPTION_MAX          = 7
    CUBLASLT_ALGO_CAP_POINTER_MODE_MASK          = 3
    CUBLASLT_ALGO_CAP_EPILOGUE_MASK              = 1023
    CUBLASLT_ALGO_CAP_TILE_IDS                   = --  (status=7 wrote=0)
    CUBLASLT_ALGO_CAP_STAGES_IDS                 = [36] (n=1, elem=4B)
    CUBLASLT_ALGO_CONFIG_CLUSTER_SHAPE_ID sz=2 → status=0 wrote=2 val=3

## rank=2  algoId=66  tile=29  stages=36  cluster=3  inner=-1  ms=0.6433
    CUBLASLT_ALGO_CAP_REDUCTION_SCHEME_MASK      = 2
    CUBLASLT_ALGO_CAP_CTA_SWIZZLING_SUPPORT      = 0
    CUBLASLT_ALGO_CAP_STRIDED_BATCH_SUPPORT      = 1
    CUBLASLT_ALGO_CAP_OUT_OF_PLACE_RESULT_SUPPORT = 1
    CUBLASLT_ALGO_CAP_CUSTOM_OPTION_MAX          = 7
    CUBLASLT_ALGO_CAP_POINTER_MODE_MASK          = 3
    CUBLASLT_ALGO_CAP_EPILOGUE_MASK              = 1023
    CUBLASLT_ALGO_CAP_TILE_IDS                   = --  (status=7 wrote=0)
    CUBLASLT_ALGO_CAP_STAGES_IDS                 = [36] (n=1, elem=4B)
    CUBLASLT_ALGO_CONFIG_CLUSTER_SHAPE_ID sz=2 → status=0 wrote=2 val=3

## rank=3  algoId=66  tile=32  stages=36  cluster=3  inner=-1  ms=0.6494
    CUBLASLT_ALGO_CAP_REDUCTION_SCHEME_MASK      = 2
    CUBLASLT_ALGO_CAP_CTA_SWIZZLING_SUPPORT      = 0
    CUBLASLT_ALGO_CAP_STRIDED_BATCH_SUPPORT      = 1
    CUBLASLT_ALGO_CAP_OUT_OF_PLACE_RESULT_SUPPORT = 1
    CUBLASLT_ALGO_CAP_CUSTOM_OPTION_MAX          = 7
    CUBLASLT_ALGO_CAP_POINTER_MODE_MASK          = 3
    CUBLASLT_ALGO_CAP_EPILOGUE_MASK              = 1023
    CUBLASLT_ALGO_CAP_TILE_IDS                   = --  (status=7 wrote=0)
    CUBLASLT_ALGO_CAP_STAGES_IDS                 = [36] (n=1, elem=4B)
    CUBLASLT_ALGO_CONFIG_CLUSTER_SHAPE_ID sz=2 → status=0 wrote=2 val=3

# Winner:  rank=1  tile=23  stages=36  cluster=3  inner=-1  splitk=1  swizzle=0  ms=0.6395  cyc=1180728

@@RESULT ms=0.6395 cyc=1180728 tflops=3044.19 checksum=0.000000 valid=1 c0=0.0
--- cublas epi=0 rep 1/1 ec=0
### CUBLASLT INTROSPECT M=928256 N=256 K=4096 epi=none scale=per_tensor
### Heuristics returned: 8

# TSV
rank	heur	ms	cyc	algoId	tile	stages	cluster	inner	splitk	redux	swizzle	custom	waves	ws_MB
1	0	0.6391	1179875	66	23	36	3	-1	1	0	0	1	49.00	0.0
2	2	0.6412	1183085	66	29	36	3	-1	1	0	0	1	78.41	0.0
3	1	0.6482	1196034	66	32	36	3	-1	1	0	0	1	65.34	0.0
4	4	0.6570	1212828	66	177	36	3	-1	1	0	0	1	32.68	0.0
5	5	0.6747	1245162	66	20	36	3	-1	1	0	0	1	98.00	0.0
6	3	0.6840	1263011	66	447	36	3	-1	1	0	0	1	24.50	0.0
7	7	0.6915	1276215	66	184	36	5	-1	1	0	0	2	98.00	0.0
8	6	0.7106	1311274	66	194	36	5	-1	1	0	0	2	65.34	0.0

# Top-3 caps:

## rank=1  algoId=66  tile=23  stages=36  cluster=3  inner=-1  ms=0.6391
    CUBLASLT_ALGO_CAP_REDUCTION_SCHEME_MASK      = 2
    CUBLASLT_ALGO_CAP_CTA_SWIZZLING_SUPPORT      = 0
    CUBLASLT_ALGO_CAP_STRIDED_BATCH_SUPPORT      = 1
    CUBLASLT_ALGO_CAP_OUT_OF_PLACE_RESULT_SUPPORT = 1
    CUBLASLT_ALGO_CAP_CUSTOM_OPTION_MAX          = 7
    CUBLASLT_ALGO_CAP_POINTER_MODE_MASK          = 3
    CUBLASLT_ALGO_CAP_EPILOGUE_MASK              = 1023
    CUBLASLT_ALGO_CAP_TILE_IDS                   = --  (status=7 wrote=0)
    CUBLASLT_ALGO_CAP_STAGES_IDS                 = [36] (n=1, elem=4B)
    CUBLASLT_ALGO_CONFIG_CLUSTER_SHAPE_ID sz=2 → status=0 wrote=2 val=3

## rank=2  algoId=66  tile=29  stages=36  cluster=3  inner=-1  ms=0.6412
    CUBLASLT_ALGO_CAP_REDUCTION_SCHEME_MASK      = 2
    CUBLASLT_ALGO_CAP_CTA_SWIZZLING_SUPPORT      = 0
    CUBLASLT_ALGO_CAP_STRIDED_BATCH_SUPPORT      = 1
    CUBLASLT_ALGO_CAP_OUT_OF_PLACE_RESULT_SUPPORT = 1
    CUBLASLT_ALGO_CAP_CUSTOM_OPTION_MAX          = 7
    CUBLASLT_ALGO_CAP_POINTER_MODE_MASK          = 3
    CUBLASLT_ALGO_CAP_EPILOGUE_MASK              = 1023
    CUBLASLT_ALGO_CAP_TILE_IDS                   = --  (status=7 wrote=0)
    CUBLASLT_ALGO_CAP_STAGES_IDS                 = [36] (n=1, elem=4B)
    CUBLASLT_ALGO_CONFIG_CLUSTER_SHAPE_ID sz=2 → status=0 wrote=2 val=3

## rank=3  algoId=66  tile=32  stages=36  cluster=3  inner=-1  ms=0.6482
    CUBLASLT_ALGO_CAP_REDUCTION_SCHEME_MASK      = 2
    CUBLASLT_ALGO_CAP_CTA_SWIZZLING_SUPPORT      = 0
    CUBLASLT_ALGO_CAP_STRIDED_BATCH_SUPPORT      = 1
    CUBLASLT_ALGO_CAP_OUT_OF_PLACE_RESULT_SUPPORT = 1
    CUBLASLT_ALGO_CAP_CUSTOM_OPTION_MAX          = 7
    CUBLASLT_ALGO_CAP_POINTER_MODE_MASK          = 3
    CUBLASLT_ALGO_CAP_EPILOGUE_MASK              = 1023
    CUBLASLT_ALGO_CAP_TILE_IDS                   = --  (status=7 wrote=0)
    CUBLASLT_ALGO_CAP_STAGES_IDS                 = [36] (n=1, elem=4B)
    CUBLASLT_ALGO_CONFIG_CLUSTER_SHAPE_ID sz=2 → status=0 wrote=2 val=3

# Winner:  rank=1  tile=23  stages=36  cluster=3  inner=-1  splitk=1  swizzle=0  ms=0.6391  cyc=1179875

@@RESULT ms=0.6391 cyc=1179875 tflops=3045.97 checksum=0.000000 valid=1 c0=0.0

[build] N=256 K=8192 M=928256 flags=['-DM_TOTAL=928256', '-DN_DIM=256', '-DK_DIM=8192']
$ make -B fc2-w3x DFLAGS=-DM_TOTAL=928256 -DN_DIM=256 -DK_DIM=8192
nvcc -gencode arch=compute_100a,code=sm_100a -O3 -std=c++17 -lineinfo --ptxas-options=-v --cudart=static -DM_TOTAL=928256 -DN_DIM=256 -DK_DIM=8192 fc2_w3x.cu -o fc2-w3x -lcurand_static -lculibos -lcuda
fc2_w3x.cu(1511): warning #177-D: function "mbar_arrive" was declared but never referenced
  void mbar_arrive(uint32_t addr) {
       ^

Remark: The warnings can be suppressed with "-diag-suppress <warning-number>"

ptxas info    : 0 bytes gmem
ptxas info    : Compiling entry function '_Z14fc2_w3x_kernelILi54ELi8ELi64EEv14CUtensorMap_stS0_S0_PK13__nv_bfloat16PS1_PmS5_S5_S5_S5_' for 'sm_100a'
ptxas info    : Function properties for _Z14fc2_w3x_kernelILi54ELi8ELi64EEv14CUtensorMap_stS0_S0_PK13__nv_bfloat16PS1_PmS5_S5_S5_S5_
    0 bytes stack frame, 0 bytes spill stores, 0 bytes spill loads
ptxas info    : Used 62 registers, used 1 barriers
ptxas info    : Compile time = 142.151 ms
ptxas info    : Compiling entry function '_Z14fc2_w3x_kernelILi54ELi8ELi48EEv14CUtensorMap_stS0_S0_PK13__nv_bfloat16PS1_PmS5_S5_S5_S5_' for 'sm_100a'
ptxas info    : Function properties for _Z14fc2_w3x_kernelILi54ELi8ELi48EEv14CUtensorMap_stS0_S0_PK13__nv_bfloat16PS1_PmS5_S5_S5_S5_
    0 bytes stack frame, 0 bytes spill stores, 0 bytes spill loads
ptxas info    : Used 62 registers, used 1 barriers
ptxas info    : Compile time = 141.658 ms
ptxas info    : Compiling entry function '_Z14fc2_w3x_kernelILi54ELi8ELi32EEv14CUtensorMap_stS0_S0_PK13__nv_bfloat16PS1_PmS5_S5_S5_S5_' for 'sm_100a'
ptxas info    : Function properties for _Z14fc2_w3x_kernelILi54ELi8ELi32EEv14CUtensorMap_stS0_S0_PK13__nv_bfloat16PS1_PmS5_S5_S5_S5_
    0 bytes stack frame, 0 bytes spill stores, 0 bytes spill loads
ptxas info    : Used 62 registers, used 1 barriers
ptxas info    : Compile time = 137.979 ms
ptxas info    : Compiling entry function '_Z14fc2_w3x_kernelILi54ELi8ELi24EEv14CUtensorMap_stS0_S0_PK13__nv_bfloat16PS1_PmS5_S5_S5_S5_' for 'sm_100a'
ptxas info    : Function properties for _Z14fc2_w3x_kernelILi54ELi8ELi24EEv14CUtensorMap_stS0_S0_PK13__nv_bfloat16PS1_PmS5_S5_S5_S5_
    0 bytes stack frame, 0 bytes spill stores, 0 bytes spill loads
ptxas info    : Used 62 registers, used 1 barriers
ptxas info    : Compile time = 135.191 ms
ptxas info    : Compiling entry function '_Z14fc2_w3x_kernelILi54ELi8ELi16EEv14CUtensorMap_stS0_S0_PK13__nv_bfloat16PS1_PmS5_S5_S5_S5_' for 'sm_100a'
ptxas info    : Function properties for _Z14fc2_w3x_kernelILi54ELi8ELi16EEv14CUtensorMap_stS0_S0_PK13__nv_bfloat16PS1_PmS5_S5_S5_S5_
    0 bytes stack frame, 0 bytes spill stores, 0 bytes spill loads
ptxas info    : Used 62 registers, used 1 barriers
ptxas info    : Compile time = 136.189 ms
ptxas info    : Compiling entry function '_Z14fc2_w3x_kernelILi54ELi8ELi12EEv14CUtensorMap_stS0_S0_PK13__nv_bfloat16PS1_PmS5_S5_S5_S5_' for 'sm_100a'
ptxas info    : Function properties for _Z14fc2_w3x_kernelILi54ELi8ELi12EEv14CUtensorMap_stS0_S0_PK13__nv_bfloat16PS1_PmS5_S5_S5_S5_
    0 bytes stack frame, 0 bytes spill stores, 0 bytes spill loads
ptxas info    : Used 62 registers, used 1 barriers
ptxas info    : Compile time = 135.390 ms
ptxas info    : Compiling entry function '_Z14fc2_w3x_kernelILi54ELi8ELi8EEv14CUtensorMap_stS0_S0_PK13__nv_bfloat16PS1_PmS5_S5_S5_S5_' for 'sm_100a'
ptxas info    : Function properties for _Z14fc2_w3x_kernelILi54ELi8ELi8EEv14CUtensorMap_stS0_S0_PK13__nv_bfloat16PS1_PmS5_S5_S5_S5_
    0 bytes stack frame, 0 bytes spill stores, 0 bytes spill loads
ptxas info    : Used 62 registers, used 1 barriers
ptxas info    : Compile time = 135.781 ms
ptxas info    : Compiling entry function '_Z14fc2_w3x_kernelILi54ELi8ELi4EEv14CUtensorMap_stS0_S0_PK13__nv_bfloat16PS1_PmS5_S5_S5_S5_' for 'sm_100a'
ptxas info    : Function properties for _Z14fc2_w3x_kernelILi54ELi8ELi4EEv14CUtensorMap_stS0_S0_PK13__nv_bfloat16PS1_PmS5_S5_S5_S5_
    0 bytes stack frame, 0 bytes spill stores, 0 bytes spill loads
ptxas info    : Used 62 registers, used 1 barriers
ptxas info    : Compile time = 134.923 ms
ptxas info    : Compiling entry function '_Z14fc2_w3x_kernelILi54ELi8ELi0EEv14CUtensorMap_stS0_S0_PK13__nv_bfloat16PS1_PmS5_S5_S5_S5_' for 'sm_100a'
ptxas info    : Function properties for _Z14fc2_w3x_kernelILi54ELi8ELi0EEv14CUtensorMap_stS0_S0_PK13__nv_bfloat16PS1_PmS5_S5_S5_S5_
    0 bytes stack frame, 0 bytes spill stores, 0 bytes spill loads
ptxas info    : Used 62 registers, used 1 barriers
ptxas info    : Compile time = 135.151 ms
ptxas info    : Compiling entry function '_Z14fc2_w3x_kernelILi99ELi8ELi20EEv14CUtensorMap_stS0_S0_PK13__nv_bfloat16PS1_PmS5_S5_S5_S5_' for 'sm_100a'
ptxas info    : Function properties for _Z14fc2_w3x_kernelILi99ELi8ELi20EEv14CUtensorMap_stS0_S0_PK13__nv_bfloat16PS1_PmS5_S5_S5_S5_
    0 bytes stack frame, 0 bytes spill stores, 0 bytes spill loads
ptxas info    : Used 62 registers, used 1 barriers
ptxas info    : Compile time = 135.258 ms
ptxas info    : Compiling entry function '_Z14fc2_w3x_kernelILi98ELi8ELi20EEv14CUtensorMap_stS0_S0_PK13__nv_bfloat16PS1_PmS5_S5_S5_S5_' for 'sm_100a'
ptxas info    : Function properties for _Z14fc2_w3x_kernelILi98ELi8ELi20EEv14CUtensorMap_stS0_S0_PK13__nv_bfloat16PS1_PmS5_S5_S5_S5_
    0 bytes stack frame, 0 bytes spill stores, 0 bytes spill loads
ptxas info    : Used 62 registers, used 1 barriers
ptxas info    : Compile time = 134.561 ms
ptxas info    : Compiling entry function '_Z14fc2_w3x_kernelILi97ELi8ELi20EEv14CUtensorMap_stS0_S0_PK13__nv_bfloat16PS1_PmS5_S5_S5_S5_' for 'sm_100a'
ptxas info    : Function properties for _Z14fc2_w3x_kernelILi97ELi8ELi20EEv14CUtensorMap_stS0_S0_PK13__nv_bfloat16PS1_PmS5_S5_S5_S5_
    0 bytes stack frame, 0 bytes spill stores, 0 bytes spill loads
ptxas info    : Used 62 registers, used 1 barriers
ptxas info    : Compile time = 133.001 ms
ptxas info    : Compiling entry function '_Z14fc2_w3x_kernelILi96ELi8ELi20EEv14CUtensorMap_stS0_S0_PK13__nv_bfloat16PS1_PmS5_S5_S5_S5_' for 'sm_100a'
ptxas info    : Function properties for _Z14fc2_w3x_kernelILi96ELi8ELi20EEv14CUtensorMap_stS0_S0_PK13__nv_bfloat16PS1_PmS5_S5_S5_S5_
    0 bytes stack frame, 0 bytes spill stores, 0 bytes spill loads
ptxas info    : Used 62 registers, used 1 barriers
ptxas info    : Compile time = 134.141 ms
ptxas info    : Compiling entry function '_Z14fc2_w3x_kernelILi95ELi8ELi20EEv14CUtensorMap_stS0_S0_PK13__nv_bfloat16PS1_PmS5_S5_S5_S5_' for 'sm_100a'
ptxas info    : Function properties for _Z14fc2_w3x_kernelILi95ELi8ELi20EEv14CUtensorMap_stS0_S0_PK13__nv_bfloat16PS1_PmS5_S5_S5_S5_
    0 bytes stack frame, 0 bytes spill stores, 0 bytes spill loads
ptxas info    : Used 62 registers, used 1 barriers
ptxas info    : Compile time = 134.616 ms
ptxas info    : Compiling entry function '_Z14fc2_w3x_kernelILi94ELi8ELi20EEv14CUtensorMap_stS0_S0_PK13__nv_bfloat16PS1_PmS5_S5_S5_S5_' for 'sm_100a'
ptxas info    : Function properties for _Z14fc2_w3x_kernelILi94ELi8ELi20EEv14CUtensorMap_stS0_S0_PK13__nv_bfloat16PS1_PmS5_S5_S5_S5_
    0 bytes stack frame, 0 bytes spill stores, 0 bytes spill loads
ptxas info    : Used 62 registers, used 1 barriers
ptxas info    : Compile time = 134.239 ms
ptxas info    : Compiling entry function '_Z14fc2_w3x_kernelILi93ELi8ELi20EEv14CUtensorMap_stS0_S0_PK13__nv_bfloat16PS1_PmS5_S5_S5_S5_' for 'sm_100a'
ptxas info    : Function properties for _Z14fc2_w3x_kernelILi93ELi8ELi20EEv14CUtensorMap_stS0_S0_PK13__nv_bfloat16PS1_PmS5_S5_S5_S5_
    0 bytes stack frame, 0 bytes spill stores, 0 bytes spill loads
ptxas info    : Used 62 registers, used 1 barriers
ptxas info    : Compile time = 134.593 ms
ptxas info    : Compiling entry function '_Z14fc2_w3x_kernelILi92ELi8ELi20EEv14CUtensorMap_stS0_S0_PK13__nv_bfloat16PS1_PmS5_S5_S5_S5_' for 'sm_100a'
ptxas info    : Function properties for _Z14fc2_w3x_kernelILi92ELi8ELi20EEv14CUtensorMap_stS0_S0_PK13__nv_bfloat16PS1_PmS5_S5_S5_S5_
    0 bytes stack frame, 0 bytes spill stores, 0 bytes spill loads
ptxas info    : Used 62 registers, used 1 barriers
ptxas info    : Compile time = 134.794 ms
ptxas info    : Compiling entry function '_Z14fc2_w3x_kernelILi91ELi8ELi20EEv14CUtensorMap_stS0_S0_PK13__nv_bfloat16PS1_PmS5_S5_S5_S5_' for 'sm_100a'
ptxas info    : Function properties for _Z14fc2_w3x_kernelILi91ELi8ELi20EEv14CUtensorMap_stS0_S0_PK13__nv_bfloat16PS1_PmS5_S5_S5_S5_
    0 bytes stack frame, 0 bytes spill stores, 0 bytes spill loads
ptxas info    : Used 62 registers, used 1 barriers
ptxas info    : Compile time = 135.041 ms
ptxas info    : Compiling entry function '_Z14fc2_w3x_kernelILi90ELi8ELi20EEv14CUtensorMap_stS0_S0_PK13__nv_bfloat16PS1_PmS5_S5_S5_S5_' for 'sm_100a'
ptxas info    : Function properties for _Z14fc2_w3x_kernelILi90ELi8ELi20EEv14CUtensorMap_stS0_S0_PK13__nv_bfloat16PS1_PmS5_S5_S5_S5_
    0 bytes stack frame, 0 bytes spill stores, 0 bytes spill loads
ptxas info    : Used 62 registers, used 1 barriers
ptxas info    : Compile time = 136.396 ms
ptxas info    : Compiling entry function '_Z14fc2_w3x_kernelILi89ELi8ELi20EEv14CUtensorMap_stS0_S0_PK13__nv_bfloat16PS1_PmS5_S5_S5_S5_' for 'sm_100a'
ptxas info    : Function properties for _Z14fc2_w3x_kernelILi89ELi8ELi20EEv14CUtensorMap_stS0_S0_PK13__nv_bfloat16PS1_PmS5_S5_S5_S5_
    0 bytes stack frame, 0 bytes spill stores, 0 bytes spill loads
ptxas info    : Used 62 registers, used 1 barriers
ptxas info    : Compile time = 135.346 ms
ptxas info    : Compiling entry function '_Z14fc2_w3x_kernelILi88ELi8ELi20EEv14CUtensorMap_stS0_S0_PK13__nv_bfloat16PS1_PmS5_S5_S5_S5_' for 'sm_100a'
ptxas info    : Function properties for _Z14fc2_w3x_kernelILi88ELi8ELi20EEv14CUtensorMap_stS0_S0_PK13__nv_bfloat16PS1_PmS5_S5_S5_S5_
    0 bytes stack frame, 0 bytes spill stores, 0 bytes spill loads
ptxas info    : Used 62 registers, used 1 barriers
ptxas info    : Compile time = 135.029 ms
ptxas info    : Compiling entry function '_Z14fc2_w3x_kernelILi87ELi8ELi20EEv14CUtensorMap_stS0_S0_PK13__nv_bfloat16PS1_PmS5_S5_S5_S5_' for 'sm_100a'
ptxas info    : Function properties for _Z14fc2_w3x_kernelILi87ELi8ELi20EEv14CUtensorMap_stS0_S0_PK13__nv_bfloat16PS1_PmS5_S5_S5_S5_
    0 bytes stack frame, 0 bytes spill stores, 0 bytes spill loads
ptxas info    : Used 62 registers, used 1 barriers
ptxas info    : Compile time = 135.200 ms
ptxas info    : Compiling entry function '_Z14fc2_w3x_kernelILi86ELi8ELi20EEv14CUtensorMap_stS0_S0_PK13__nv_bfloat16PS1_PmS5_S5_S5_S5_' for 'sm_100a'
ptxas info    : Function properties for _Z14fc2_w3x_kernelILi86ELi8ELi20EEv14CUtensorMap_stS0_S0_PK13__nv_bfloat16PS1_PmS5_S5_S5_S5_
    0 bytes stack frame, 0 bytes spill stores, 0 bytes spill loads
ptxas info    : Used 62 registers, used 1 barriers
ptxas info    : Compile time = 135.122 ms
ptxas info    : Compiling entry function '_Z14fc2_w3x_kernelILi85ELi8ELi20EEv14CUtensorMap_stS0_S0_PK13__nv_bfloat16PS1_PmS5_S5_S5_S5_' for 'sm_100a'
ptxas info    : Function properties for _Z14fc2_w3x_kernelILi85ELi8ELi20EEv14CUtensorMap_stS0_S0_PK13__nv_bfloat16PS1_PmS5_S5_S5_S5_
    0 bytes stack frame, 0 bytes spill stores, 0 bytes spill loads
ptxas info    : Used 62 registers, used 1 barriers
ptxas info    : Compile time = 134.624 ms
ptxas info    : Compiling entry function '_Z14fc2_w3x_kernelILi84ELi8ELi20EEv14CUtensorMap_stS0_S0_PK13__nv_bfloat16PS1_PmS5_S5_S5_S5_' for 'sm_100a'
ptxas info    : Function properties for _Z14fc2_w3x_kernelILi84ELi8ELi20EEv14CUtensorMap_stS0_S0_PK13__nv_bfloat16PS1_PmS5_S5_S5_S5_
    0 bytes stack frame, 0 bytes spill stores, 0 bytes spill loads
ptxas info    : Used 62 registers, used 1 barriers
ptxas info    : Compile time = 135.007 ms
ptxas info    : Compiling entry function '_Z14fc2_w3x_kernelILi83ELi8ELi20EEv14CUtensorMap_stS0_S0_PK13__nv_bfloat16PS1_PmS5_S5_S5_S5_' for 'sm_100a'
ptxas info    : Function properties for _Z14fc2_w3x_kernelILi83ELi8ELi20EEv14CUtensorMap_stS0_S0_PK13__nv_bfloat16PS1_PmS5_S5_S5_S5_
    0 bytes stack frame, 0 bytes spill stores, 0 bytes spill loads
ptxas info    : Used 62 registers, used 1 barriers
ptxas info    : Compile time = 135.772 ms
ptxas info    : Compiling entry function '_Z14fc2_w3x_kernelILi82ELi8ELi20EEv14CUtensorMap_stS0_S0_PK13__nv_bfloat16PS1_PmS5_S5_S5_S5_' for 'sm_100a'
ptxas info    : Function properties for _Z14fc2_w3x_kernelILi82ELi8ELi20EEv14CUtensorMap_stS0_S0_PK13__nv_bfloat16PS1_PmS5_S5_S5_S5_
    0 bytes stack frame, 0 bytes spill stores, 0 bytes spill loads
ptxas info    : Used 62 registers, used 1 barriers
ptxas info    : Compile time = 134.490 ms
ptxas info    : Compiling entry function '_Z14fc2_w3x_kernelILi81ELi8ELi20EEv14CUtensorMap_stS0_S0_PK13__nv_bfloat16PS1_PmS5_S5_S5_S5_' for 'sm_100a'
ptxas info    : Function properties for _Z14fc2_w3x_kernelILi81ELi8ELi20EEv14CUtensorMap_stS0_S0_PK13__nv_bfloat16PS1_PmS5_S5_S5_S5_
    0 bytes stack frame, 0 bytes spill stores, 0 bytes spill loads
ptxas info    : Used 62 registers, used 1 barriers
ptxas info    : Compile time = 135.340 ms
ptxas info    : Compiling entry function '_Z14fc2_w3x_kernelILi80ELi8ELi20EEv14CUtensorMap_stS0_S0_PK13__nv_bfloat16PS1_PmS5_S5_S5_S5_' for 'sm_100a'
ptxas info    : Function properties for _Z14fc2_w3x_kernelILi80ELi8ELi20EEv14CUtensorMap_stS0_S0_PK13__nv_bfloat16PS1_PmS5_S5_S5_S5_
    0 bytes stack frame, 0 bytes spill stores, 0 bytes spill loads
ptxas info    : Used 62 registers, used 1 barriers
ptxas info    : Compile time = 135.104 ms
ptxas info    : Compiling entry function '_Z14fc2_w3x_kernelILi58ELi8ELi20EEv14CUtensorMap_stS0_S0_PK13__nv_bfloat16PS1_PmS5_S5_S5_S5_' for 'sm_100a'
ptxas info    : Function properties for _Z14fc2_w3x_kernelILi58ELi8ELi20EEv14CUtensorMap_stS0_S0_PK13__nv_bfloat16PS1_PmS5_S5_S5_S5_
    0 bytes stack frame, 0 bytes spill stores, 0 bytes spill loads
ptxas info    : Used 62 registers, used 1 barriers
ptxas info    : Compile time = 135.543 ms
ptxas info    : Compiling entry function '_Z14fc2_w3x_kernelILi57ELi8ELi20EEv14CUtensorMap_stS0_S0_PK13__nv_bfloat16PS1_PmS5_S5_S5_S5_' for 'sm_100a'
ptxas info    : Function properties for _Z14fc2_w3x_kernelILi57ELi8ELi20EEv14CUtensorMap_stS0_S0_PK13__nv_bfloat16PS1_PmS5_S5_S5_S5_
    0 bytes stack frame, 0 bytes spill stores, 0 bytes spill loads
ptxas info    : Used 62 registers, used 1 barriers
ptxas info    : Compile time = 135.749 ms
ptxas info    : Compiling entry function '_Z14fc2_w3x_kernelILi56ELi8ELi20EEv14CUtensorMap_stS0_S0_PK13__nv_bfloat16PS1_PmS5_S5_S5_S5_' for 'sm_100a'
ptxas info    : Function properties for _Z14fc2_w3x_kernelILi56ELi8ELi20EEv14CUtensorMap_stS0_S0_PK13__nv_bfloat16PS1_PmS5_S5_S5_S5_
    0 bytes stack frame, 0 bytes spill stores, 0 bytes spill loads
ptxas info    : Used 62 registers, used 1 barriers
ptxas info    : Compile time = 135.671 ms
ptxas info    : Compiling entry function '_Z14fc2_w3x_kernelILi55ELi8ELi20EEv14CUtensorMap_stS0_S0_PK13__nv_bfloat16PS1_PmS5_S5_S5_S5_' for 'sm_100a'
ptxas info    : Function properties for _Z14fc2_w3x_kernelILi55ELi8ELi20EEv14CUtensorMap_stS0_S0_PK13__nv_bfloat16PS1_PmS5_S5_S5_S5_
    0 bytes stack frame, 0 bytes spill stores, 0 bytes spill loads
ptxas info    : Used 62 registers, used 1 barriers
ptxas info    : Compile time = 135.605 ms
ptxas info    : Compiling entry function '_Z14fc2_w3x_kernelILi54ELi8ELi20EEv14CUtensorMap_stS0_S0_PK13__nv_bfloat16PS1_PmS5_S5_S5_S5_' for 'sm_100a'
ptxas info    : Function properties for _Z14fc2_w3x_kernelILi54ELi8ELi20EEv14CUtensorMap_stS0_S0_PK13__nv_bfloat16PS1_PmS5_S5_S5_S5_
    0 bytes stack frame, 0 bytes spill stores, 0 bytes spill loads
ptxas info    : Used 62 registers, used 1 barriers
ptxas info    : Compile time = 135.056 ms
ptxas info    : Compiling entry function '_Z14fc2_w3x_kernelILi53ELi8ELi20EEv14CUtensorMap_stS0_S0_PK13__nv_bfloat16PS1_PmS5_S5_S5_S5_' for 'sm_100a'
ptxas info    : Function properties for _Z14fc2_w3x_kernelILi53ELi8ELi20EEv14CUtensorMap_stS0_S0_PK13__nv_bfloat16PS1_PmS5_S5_S5_S5_
    0 bytes stack frame, 0 bytes spill stores, 0 bytes spill loads
ptxas info    : Used 62 registers, used 1 barriers
ptxas info    : Compile time = 134.487 ms
ptxas info    : Compiling entry function '_Z14fc2_w3x_kernelILi52ELi8ELi20EEv14CUtensorMap_stS0_S0_PK13__nv_bfloat16PS1_PmS5_S5_S5_S5_' for 'sm_100a'
ptxas info    : Function properties for _Z14fc2_w3x_kernelILi52ELi8ELi20EEv14CUtensorMap_stS0_S0_PK13__nv_bfloat16PS1_PmS5_S5_S5_S5_
    0 bytes stack frame, 0 bytes spill stores, 0 bytes spill loads
ptxas info    : Used 62 registers, used 1 barriers
ptxas info    : Compile time = 134.422 ms
ptxas info    : Compiling entry function '_Z14fc2_w3x_kernelILi51ELi8ELi20EEv14CUtensorMap_stS0_S0_PK13__nv_bfloat16PS1_PmS5_S5_S5_S5_' for 'sm_100a'
ptxas info    : Function properties for _Z14fc2_w3x_kernelILi51ELi8ELi20EEv14CUtensorMap_stS0_S0_PK13__nv_bfloat16PS1_PmS5_S5_S5_S5_
    0 bytes stack frame, 0 bytes spill stores, 0 bytes spill loads
ptxas info    : Used 62 registers, used 1 barriers
ptxas info    : Compile time = 137.601 ms
ptxas info    : Compiling entry function '_Z14fc2_w3x_kernelILi50ELi8ELi20EEv14CUtensorMap_stS0_S0_PK13__nv_bfloat16PS1_PmS5_S5_S5_S5_' for 'sm_100a'
ptxas info    : Function properties for _Z14fc2_w3x_kernelILi50ELi8ELi20EEv14CUtensorMap_stS0_S0_PK13__nv_bfloat16PS1_PmS5_S5_S5_S5_
    0 bytes stack frame, 0 bytes spill stores, 0 bytes spill loads
ptxas info    : Used 62 registers, used 1 barriers
ptxas info    : Compile time = 135.761 ms
ptxas info    : Compiling entry function '_Z14fc2_w3x_kernelILi49ELi8ELi20EEv14CUtensorMap_stS0_S0_PK13__nv_bfloat16PS1_PmS5_S5_S5_S5_' for 'sm_100a'
ptxas info    : Function properties for _Z14fc2_w3x_kernelILi49ELi8ELi20EEv14CUtensorMap_stS0_S0_PK13__nv_bfloat16PS1_PmS5_S5_S5_S5_
    0 bytes stack frame, 0 bytes spill stores, 0 bytes spill loads
ptxas info    : Used 62 registers, used 1 barriers
ptxas info    : Compile time = 134.556 ms
ptxas info    : Compiling entry function '_Z14fc2_w3x_kernelILi19ELi16ELi20EEv14CUtensorMap_stS0_S0_PK13__nv_bfloat16PS1_PmS5_S5_S5_S5_' for 'sm_100a'
ptxas info    : Function properties for _Z14fc2_w3x_kernelILi19ELi16ELi20EEv14CUtensorMap_stS0_S0_PK13__nv_bfloat16PS1_PmS5_S5_S5_S5_
    0 bytes stack frame, 0 bytes spill stores, 0 bytes spill loads
ptxas info    : Used 62 registers, used 1 barriers
ptxas info    : Compile time = 133.575 ms
ptxas info    : Compiling entry function '_Z14fc2_w3x_kernelILi19ELi4ELi20EEv14CUtensorMap_stS0_S0_PK13__nv_bfloat16PS1_PmS5_S5_S5_S5_' for 'sm_100a'
ptxas info    : Function properties for _Z14fc2_w3x_kernelILi19ELi4ELi20EEv14CUtensorMap_stS0_S0_PK13__nv_bfloat16PS1_PmS5_S5_S5_S5_
    0 bytes stack frame, 0 bytes spill stores, 0 bytes spill loads
ptxas info    : Used 62 registers, used 1 barriers
ptxas info    : Compile time = 134.330 ms
ptxas info    : Compiling entry function '_Z14fc2_w3x_kernelILi48ELi8ELi20EEv14CUtensorMap_stS0_S0_PK13__nv_bfloat16PS1_PmS5_S5_S5_S5_' for 'sm_100a'
ptxas info    : Function properties for _Z14fc2_w3x_kernelILi48ELi8ELi20EEv14CUtensorMap_stS0_S0_PK13__nv_bfloat16PS1_PmS5_S5_S5_S5_
    0 bytes stack frame, 0 bytes spill stores, 0 bytes spill loads
ptxas info    : Used 62 registers, used 1 barriers
ptxas info    : Compile time = 135.013 ms
ptxas info    : Compiling entry function '_Z14fc2_w3x_kernelILi47ELi8ELi20EEv14CUtensorMap_stS0_S0_PK13__nv_bfloat16PS1_PmS5_S5_S5_S5_' for 'sm_100a'
ptxas info    : Function properties for _Z14fc2_w3x_kernelILi47ELi8ELi20EEv14CUtensorMap_stS0_S0_PK13__nv_bfloat16PS1_PmS5_S5_S5_S5_
    0 bytes stack frame, 0 bytes spill stores, 0 bytes spill loads
ptxas info    : Used 62 registers, used 1 barriers
ptxas info    : Compile time = 135.311 ms
ptxas info    : Compiling entry function '_Z14fc2_w3x_kernelILi46ELi8ELi20EEv14CUtensorMap_stS0_S0_PK13__nv_bfloat16PS1_PmS5_S5_S5_S5_' for 'sm_100a'
ptxas info    : Function properties for _Z14fc2_w3x_kernelILi46ELi8ELi20EEv14CUtensorMap_stS0_S0_PK13__nv_bfloat16PS1_PmS5_S5_S5_S5_
    0 bytes stack frame, 0 bytes spill stores, 0 bytes spill loads
ptxas info    : Used 62 registers, used 1 barriers
ptxas info    : Compile time = 135.576 ms
ptxas info    : Compiling entry function '_Z14fc2_w3x_kernelILi45ELi8ELi20EEv14CUtensorMap_stS0_S0_PK13__nv_bfloat16PS1_PmS5_S5_S5_S5_' for 'sm_100a'
ptxas info    : Function properties for _Z14fc2_w3x_kernelILi45ELi8ELi20EEv14CUtensorMap_stS0_S0_PK13__nv_bfloat16PS1_PmS5_S5_S5_S5_
    0 bytes stack frame, 0 bytes spill stores, 0 bytes spill loads
ptxas info    : Used 62 registers, used 1 barriers
ptxas info    : Compile time = 135.217 ms
ptxas info    : Compiling entry function '_Z14fc2_w3x_kernelILi44ELi8ELi20EEv14CUtensorMap_stS0_S0_PK13__nv_bfloat16PS1_PmS5_S5_S5_S5_' for 'sm_100a'
ptxas info    : Function properties for _Z14fc2_w3x_kernelILi44ELi8ELi20EEv14CUtensorMap_stS0_S0_PK13__nv_bfloat16PS1_PmS5_S5_S5_S5_
    0 bytes stack frame, 0 bytes spill stores, 0 bytes spill loads
ptxas info    : Used 62 registers, used 1 barriers
ptxas info    : Compile time = 133.824 ms
ptxas info    : Compiling entry function '_Z14fc2_w3x_kernelILi43ELi8ELi20EEv14CUtensorMap_stS0_S0_PK13__nv_bfloat16PS1_PmS5_S5_S5_S5_' for 'sm_100a'
ptxas info    : Function properties for _Z14fc2_w3x_kernelILi43ELi8ELi20EEv14CUtensorMap_stS0_S0_PK13__nv_bfloat16PS1_PmS5_S5_S5_S5_
    0 bytes stack frame, 0 bytes spill stores, 0 bytes spill loads
ptxas info    : Used 62 registers, used 1 barriers
ptxas info    : Compile time = 134.275 ms
ptxas info    : Compiling entry function '_Z14fc2_w3x_kernelILi41ELi8ELi20EEv14CUtensorMap_stS0_S0_PK13__nv_bfloat16PS1_PmS5_S5_S5_S5_' for 'sm_100a'
ptxas info    : Function properties for _Z14fc2_w3x_kernelILi41ELi8ELi20EEv14CUtensorMap_stS0_S0_PK13__nv_bfloat16PS1_PmS5_S5_S5_S5_
    0 bytes stack frame, 0 bytes spill stores, 0 bytes spill loads
ptxas info    : Used 62 registers, used 1 barriers
ptxas info    : Compile time = 134.508 ms
ptxas info    : Compiling entry function '_Z14fc2_w3x_kernelILi40ELi8ELi20EEv14CUtensorMap_stS0_S0_PK13__nv_bfloat16PS1_PmS5_S5_S5_S5_' for 'sm_100a'
ptxas info    : Function properties for _Z14fc2_w3x_kernelILi40ELi8ELi20EEv14CUtensorMap_stS0_S0_PK13__nv_bfloat16PS1_PmS5_S5_S5_S5_
    0 bytes stack frame, 0 bytes spill stores, 0 bytes spill loads
ptxas info    : Used 62 registers, used 1 barriers
ptxas info    : Compile time = 132.137 ms
ptxas info    : Compiling entry function '_Z14fc2_w3x_kernelILi39ELi8ELi20EEv14CUtensorMap_stS0_S0_PK13__nv_bfloat16PS1_PmS5_S5_S5_S5_' for 'sm_100a'
ptxas info    : Function properties for _Z14fc2_w3x_kernelILi39ELi8ELi20EEv14CUtensorMap_stS0_S0_PK13__nv_bfloat16PS1_PmS5_S5_S5_S5_
    0 bytes stack frame, 0 bytes spill stores, 0 bytes spill loads
ptxas info    : Used 62 registers, used 1 barriers
ptxas info    : Compile time = 134.263 ms
ptxas info    : Compiling entry function '_Z14fc2_w3x_kernelILi38ELi8ELi20EEv14CUtensorMap_stS0_S0_PK13__nv_bfloat16PS1_PmS5_S5_S5_S5_' for 'sm_100a'
ptxas info    : Function properties for _Z14fc2_w3x_kernelILi38ELi8ELi20EEv14CUtensorMap_stS0_S0_PK13__nv_bfloat16PS1_PmS5_S5_S5_S5_
    0 bytes stack frame, 0 bytes spill stores, 0 bytes spill loads
ptxas info    : Used 62 registers, used 1 barriers
ptxas info    : Compile time = 134.071 ms
ptxas info    : Compiling entry function '_Z14fc2_w3x_kernelILi36ELi4ELi20EEv14CUtensorMap_stS0_S0_PK13__nv_bfloat16PS1_PmS5_S5_S5_S5_' for 'sm_100a'
ptxas info    : Function properties for _Z14fc2_w3x_kernelILi36ELi4ELi20EEv14CUtensorMap_stS0_S0_PK13__nv_bfloat16PS1_PmS5_S5_S5_S5_
    0 bytes stack frame, 0 bytes spill stores, 0 bytes spill loads
ptxas info    : Used 62 registers, used 1 barriers
ptxas info    : Compile time = 133.229 ms
ptxas info    : Compiling entry function '_Z14fc2_w3x_kernelILi35ELi4ELi20EEv14CUtensorMap_stS0_S0_PK13__nv_bfloat16PS1_PmS5_S5_S5_S5_' for 'sm_100a'
ptxas info    : Function properties for _Z14fc2_w3x_kernelILi35ELi4ELi20EEv14CUtensorMap_stS0_S0_PK13__nv_bfloat16PS1_PmS5_S5_S5_S5_
    0 bytes stack frame, 0 bytes spill stores, 0 bytes spill loads
ptxas info    : Used 62 registers, used 1 barriers
ptxas info    : Compile time = 134.052 ms
ptxas info    : Compiling entry function '_Z14fc2_w3x_kernelILi34ELi8ELi20EEv14CUtensorMap_stS0_S0_PK13__nv_bfloat16PS1_PmS5_S5_S5_S5_' for 'sm_100a'
ptxas info    : Function properties for _Z14fc2_w3x_kernelILi34ELi8ELi20EEv14CUtensorMap_stS0_S0_PK13__nv_bfloat16PS1_PmS5_S5_S5_S5_
    0 bytes stack frame, 0 bytes spill stores, 0 bytes spill loads
ptxas info    : Used 62 registers, used 1 barriers
ptxas info    : Compile time = 135.197 ms
ptxas info    : Compiling entry function '_Z14fc2_w3x_kernelILi33ELi8ELi20EEv14CUtensorMap_stS0_S0_PK13__nv_bfloat16PS1_PmS5_S5_S5_S5_' for 'sm_100a'
ptxas info    : Function properties for _Z14fc2_w3x_kernelILi33ELi8ELi20EEv14CUtensorMap_stS0_S0_PK13__nv_bfloat16PS1_PmS5_S5_S5_S5_
    0 bytes stack frame, 0 bytes spill stores, 0 bytes spill loads
ptxas info    : Used 62 registers, used 1 barriers
ptxas info    : Compile time = 135.218 ms
ptxas info    : Compiling entry function '_Z14fc2_w3x_kernelILi19ELi8ELi20EEv14CUtensorMap_stS0_S0_PK13__nv_bfloat16PS1_PmS5_S5_S5_S5_' for 'sm_100a'
ptxas info    : Function properties for _Z14fc2_w3x_kernelILi19ELi8ELi20EEv14CUtensorMap_stS0_S0_PK13__nv_bfloat16PS1_PmS5_S5_S5_S5_
    0 bytes stack frame, 0 bytes spill stores, 0 bytes spill loads
ptxas info    : Used 62 registers, used 1 barriers
ptxas info    : Compile time = 133.759 ms
ptxas info    : Compiling entry function '_Z14fc2_w3x_kernelILi18ELi8ELi20EEv14CUtensorMap_stS0_S0_PK13__nv_bfloat16PS1_PmS5_S5_S5_S5_' for 'sm_100a'
ptxas info    : Function properties for _Z14fc2_w3x_kernelILi18ELi8ELi20EEv14CUtensorMap_stS0_S0_PK13__nv_bfloat16PS1_PmS5_S5_S5_S5_
    0 bytes stack frame, 0 bytes spill stores, 0 bytes spill loads
ptxas info    : Used 62 registers, used 1 barriers
ptxas info    : Compile time = 133.501 ms
ptxas info    : Compiling entry function '_Z14fc2_w3x_kernelILi13ELi8ELi20EEv14CUtensorMap_stS0_S0_PK13__nv_bfloat16PS1_PmS5_S5_S5_S5_' for 'sm_100a'
ptxas info    : Function properties for _Z14fc2_w3x_kernelILi13ELi8ELi20EEv14CUtensorMap_stS0_S0_PK13__nv_bfloat16PS1_PmS5_S5_S5_S5_
    0 bytes stack frame, 0 bytes spill stores, 0 bytes spill loads
ptxas info    : Used 62 registers, used 1 barriers
ptxas info    : Compile time = 131.116 ms
ptxas info    : Compiling entry function '_Z14fc2_w3x_kernelILi11ELi8ELi20EEv14CUtensorMap_stS0_S0_PK13__nv_bfloat16PS1_PmS5_S5_S5_S5_' for 'sm_100a'
ptxas info    : Function properties for _Z14fc2_w3x_kernelILi11ELi8ELi20EEv14CUtensorMap_stS0_S0_PK13__nv_bfloat16PS1_PmS5_S5_S5_S5_
    0 bytes stack frame, 0 bytes spill stores, 0 bytes spill loads
ptxas info    : Used 62 registers, used 1 barriers
ptxas info    : Compile time = 133.316 ms
ptxas info    : Compiling entry function '_Z14fc2_w3x_kernelILi0ELi32ELi20EEv14CUtensorMap_stS0_S0_PK13__nv_bfloat16PS1_PmS5_S5_S5_S5_' for 'sm_100a'
ptxas info    : Function properties for _Z14fc2_w3x_kernelILi0ELi32ELi20EEv14CUtensorMap_stS0_S0_PK13__nv_bfloat16PS1_PmS5_S5_S5_S5_
    0 bytes stack frame, 0 bytes spill stores, 0 bytes spill loads
ptxas info    : Used 62 registers, used 1 barriers
ptxas info    : Compile time = 133.744 ms
ptxas info    : Compiling entry function '_Z14fc2_w3x_kernelILi0ELi16ELi20EEv14CUtensorMap_stS0_S0_PK13__nv_bfloat16PS1_PmS5_S5_S5_S5_' for 'sm_100a'
ptxas info    : Function properties for _Z14fc2_w3x_kernelILi0ELi16ELi20EEv14CUtensorMap_stS0_S0_PK13__nv_bfloat16PS1_PmS5_S5_S5_S5_
    0 bytes stack frame, 0 bytes spill stores, 0 bytes spill loads
ptxas info    : Used 62 registers, used 1 barriers
ptxas info    : Compile time = 135.064 ms
ptxas info    : Compiling entry function '_Z14fc2_w3x_kernelILi0ELi4ELi20EEv14CUtensorMap_stS0_S0_PK13__nv_bfloat16PS1_PmS5_S5_S5_S5_' for 'sm_100a'
ptxas info    : Function properties for _Z14fc2_w3x_kernelILi0ELi4ELi20EEv14CUtensorMap_stS0_S0_PK13__nv_bfloat16PS1_PmS5_S5_S5_S5_
    0 bytes stack frame, 0 bytes spill stores, 0 bytes spill loads
ptxas info    : Used 62 registers, used 1 barriers
ptxas info    : Compile time = 133.900 ms
ptxas info    : Compiling entry function '_Z14fc2_w3x_kernelILi0ELi2ELi20EEv14CUtensorMap_stS0_S0_PK13__nv_bfloat16PS1_PmS5_S5_S5_S5_' for 'sm_100a'
ptxas info    : Function properties for _Z14fc2_w3x_kernelILi0ELi2ELi20EEv14CUtensorMap_stS0_S0_PK13__nv_bfloat16PS1_PmS5_S5_S5_S5_
    0 bytes stack frame, 0 bytes spill stores, 0 bytes spill loads
ptxas info    : Used 62 registers, used 1 barriers
ptxas info    : Compile time = 131.549 ms
ptxas info    : Compiling entry function '_Z14fc2_w3x_kernelILi0ELi8ELi20EEv14CUtensorMap_stS0_S0_PK13__nv_bfloat16PS1_PmS5_S5_S5_S5_' for 'sm_100a'
ptxas info    : Function properties for _Z14fc2_w3x_kernelILi0ELi8ELi20EEv14CUtensorMap_stS0_S0_PK13__nv_bfloat16PS1_PmS5_S5_S5_S5_
    0 bytes stack frame, 0 bytes spill stores, 0 bytes spill loads
ptxas info    : Used 62 registers, used 1 barriers
ptxas info    : Compile time = 135.060 ms
--- rep 1/3 ec=0
FC2 W3X kernel — 6-warp bias-only rank-1-shaped persistent
  [928256,8192] x [256,8192]^T  NS=6  THREADS=192  SMEM=213888 B  (cap 228KB)
  Alloc + init + pack done
  TMA + func attr done (SMEM=213888 B)  variant=default TD=0 DGG=8
Warmup (2 iters)...
Timing 1 reps × 10 iters/rep × 1 variant ...
@@SAMPLE rep=1 ms=1.17722 cyc=2152135 cyc_min=2138424 cyc_p50=2143914 cyc_p95=2149375 cyc_max=2152135
@@STATS reps=1 mean=1.17722 std=0.00000 min=1.17722 p25=1.17722 p50=1.17722 p75=1.17722 max=1.17722 iqr=0.00000
FC2-W3X kernel: 1.177 ms  3307.27 TFLOPS
PASS  errors=0/32
@@RESULT ms=1.1772 tflops=3307.27 checksum=0.000000 valid=1 c0=12288.0
--- rep 2/3 ec=0
FC2 W3X kernel — 6-warp bias-only rank-1-shaped persistent
  [928256,8192] x [256,8192]^T  NS=6  THREADS=192  SMEM=213888 B  (cap 228KB)
  Alloc + init + pack done
  TMA + func attr done (SMEM=213888 B)  variant=default TD=0 DGG=8
Warmup (2 iters)...
Timing 1 reps × 10 iters/rep × 1 variant ...
@@SAMPLE rep=1 ms=1.17892 cyc=2154337 cyc_min=2134906 cyc_p50=2144429 cyc_p95=2151309 cyc_max=2154337
@@STATS reps=1 mean=1.17892 std=0.00000 min=1.17892 p25=1.17892 p50=1.17892 p75=1.17892 max=1.17892 iqr=0.00000
FC2-W3X kernel: 1.179 ms  3302.52 TFLOPS
PASS  errors=0/32
@@RESULT ms=1.1789 tflops=3302.52 checksum=0.000000 valid=1 c0=12288.0
--- rep 3/3 ec=0
FC2 W3X kernel — 6-warp bias-only rank-1-shaped persistent
  [928256,8192] x [256,8192]^T  NS=6  THREADS=192  SMEM=213888 B  (cap 228KB)
  Alloc + init + pack done
  TMA + func attr done (SMEM=213888 B)  variant=default TD=0 DGG=8
Warmup (2 iters)...
Timing 1 reps × 10 iters/rep × 1 variant ...
@@SAMPLE rep=1 ms=1.17999 cyc=2151744 cyc_min=2138130 cyc_p50=2144636 cyc_p95=2150320 cyc_max=2151744
@@STATS reps=1 mean=1.17999 std=0.00000 min=1.17999 p25=1.17999 p50=1.17999 p75=1.17999 max=1.17999 iqr=0.00000
FC2-W3X kernel: 1.180 ms  3299.50 TFLOPS
PASS  errors=0/32
@@RESULT ms=1.1800 tflops=3299.50 checksum=0.000000 valid=1 c0=12288.0
--- cublas epi=3 rep 1/1 ec=0
### CUBLASLT INTROSPECT M=928256 N=256 K=8192 epi=bias_only scale=per_tensor
### Heuristics returned: 8

# TSV
rank	heur	ms	cyc	algoId	tile	stages	cluster	inner	splitk	redux	swizzle	custom	waves	ws_MB
1	4	1.3104	2417850	66	177	36	3	-1	1	0	0	1	32.68	0.0
2	0	1.3113	2420101	66	23	36	3	-1	1	0	0	1	49.00	0.0
3	2	1.3322	2458002	66	447	36	3	-1	1	0	0	1	24.50	0.0
4	1	1.3491	2488700	66	32	36	3	-1	1	0	0	1	65.34	0.0
5	3	1.3687	2524568	66	29	36	3	-1	1	0	0	1	78.41	0.0
6	7	1.4276	2633309	66	184	36	5	-1	1	0	0	2	98.00	0.0
7	6	1.5237	2812076	66	194	36	6	-1	1	0	0	2	65.34	0.0
8	5	1.5417	2845308	66	20	36	6	-1	1	0	0	3	98.00	0.0

# Top-3 caps:

## rank=1  algoId=66  tile=177  stages=36  cluster=3  inner=-1  ms=1.3104
    CUBLASLT_ALGO_CAP_REDUCTION_SCHEME_MASK      = 2
    CUBLASLT_ALGO_CAP_CTA_SWIZZLING_SUPPORT      = 0
    CUBLASLT_ALGO_CAP_STRIDED_BATCH_SUPPORT      = 1
    CUBLASLT_ALGO_CAP_OUT_OF_PLACE_RESULT_SUPPORT = 1
    CUBLASLT_ALGO_CAP_CUSTOM_OPTION_MAX          = 7
    CUBLASLT_ALGO_CAP_POINTER_MODE_MASK          = 3
    CUBLASLT_ALGO_CAP_EPILOGUE_MASK              = 1023
    CUBLASLT_ALGO_CAP_TILE_IDS                   = --  (status=7 wrote=0)
    CUBLASLT_ALGO_CAP_STAGES_IDS                 = [36] (n=1, elem=4B)
    CUBLASLT_ALGO_CONFIG_CLUSTER_SHAPE_ID sz=2 → status=0 wrote=2 val=3

## rank=2  algoId=66  tile=23  stages=36  cluster=3  inner=-1  ms=1.3113
    CUBLASLT_ALGO_CAP_REDUCTION_SCHEME_MASK      = 2
    CUBLASLT_ALGO_CAP_CTA_SWIZZLING_SUPPORT      = 0
    CUBLASLT_ALGO_CAP_STRIDED_BATCH_SUPPORT      = 1
    CUBLASLT_ALGO_CAP_OUT_OF_PLACE_RESULT_SUPPORT = 1
    CUBLASLT_ALGO_CAP_CUSTOM_OPTION_MAX          = 7
    CUBLASLT_ALGO_CAP_POINTER_MODE_MASK          = 3
    CUBLASLT_ALGO_CAP_EPILOGUE_MASK              = 1023
    CUBLASLT_ALGO_CAP_TILE_IDS                   = --  (status=7 wrote=0)
    CUBLASLT_ALGO_CAP_STAGES_IDS                 = [36] (n=1, elem=4B)
    CUBLASLT_ALGO_CONFIG_CLUSTER_SHAPE_ID sz=2 → status=0 wrote=2 val=3

## rank=3  algoId=66  tile=447  stages=36  cluster=3  inner=-1  ms=1.3322
    CUBLASLT_ALGO_CAP_REDUCTION_SCHEME_MASK      = 2
    CUBLASLT_ALGO_CAP_CTA_SWIZZLING_SUPPORT      = 0
    CUBLASLT_ALGO_CAP_STRIDED_BATCH_SUPPORT      = 1
    CUBLASLT_ALGO_CAP_OUT_OF_PLACE_RESULT_SUPPORT = 1
    CUBLASLT_ALGO_CAP_CUSTOM_OPTION_MAX          = 7
    CUBLASLT_ALGO_CAP_POINTER_MODE_MASK          = 3
    CUBLASLT_ALGO_CAP_EPILOGUE_MASK              = 1023
    CUBLASLT_ALGO_CAP_TILE_IDS                   = --  (status=7 wrote=0)
    CUBLASLT_ALGO_CAP_STAGES_IDS                 = [36] (n=1, elem=4B)
    CUBLASLT_ALGO_CONFIG_CLUSTER_SHAPE_ID sz=2 → status=0 wrote=2 val=3

# Winner:  rank=1  tile=177  stages=36  cluster=3  inner=-1  splitk=1  swizzle=0  ms=1.3104  cyc=2417850

@@RESULT ms=1.3104 cyc=2417850 tflops=2971.12 checksum=0.000000 valid=1 c0=0.0
--- cublas epi=0 rep 1/1 ec=0
### CUBLASLT INTROSPECT M=928256 N=256 K=8192 epi=none scale=per_tensor
### Heuristics returned: 8

# TSV
rank	heur	ms	cyc	algoId	tile	stages	cluster	inner	splitk	redux	swizzle	custom	waves	ws_MB
1	0	1.3095	2416760	66	23	36	3	-1	1	0	0	1	49.00	0.0
2	4	1.3106	2418315	66	177	36	3	-1	1	0	0	1	32.68	0.0
3	2	1.3300	2454155	66	447	36	3	-1	1	0	0	1	24.50	0.0
4	1	1.3495	2489494	66	32	36	3	-1	1	0	0	1	65.34	0.0
5	3	1.3658	2519398	66	29	36	3	-1	1	0	0	1	78.41	0.0
6	7	1.4248	2628339	66	184	36	5	-1	1	0	0	2	98.00	0.0
7	6	1.5200	2805383	66	194	36	6	-1	1	0	0	2	65.34	0.0
8	5	1.5341	2831267	66	20	36	6	-1	1	0	0	3	98.00	0.0

# Top-3 caps:

## rank=1  algoId=66  tile=23  stages=36  cluster=3  inner=-1  ms=1.3095
    CUBLASLT_ALGO_CAP_REDUCTION_SCHEME_MASK      = 2
    CUBLASLT_ALGO_CAP_CTA_SWIZZLING_SUPPORT      = 0
    CUBLASLT_ALGO_CAP_STRIDED_BATCH_SUPPORT      = 1
    CUBLASLT_ALGO_CAP_OUT_OF_PLACE_RESULT_SUPPORT = 1
    CUBLASLT_ALGO_CAP_CUSTOM_OPTION_MAX          = 7
    CUBLASLT_ALGO_CAP_POINTER_MODE_MASK          = 3
    CUBLASLT_ALGO_CAP_EPILOGUE_MASK              = 1023
    CUBLASLT_ALGO_CAP_TILE_IDS                   = --  (status=7 wrote=0)
    CUBLASLT_ALGO_CAP_STAGES_IDS                 = [36] (n=1, elem=4B)
    CUBLASLT_ALGO_CONFIG_CLUSTER_SHAPE_ID sz=2 → status=0 wrote=2 val=3

## rank=2  algoId=66  tile=177  stages=36  cluster=3  inner=-1  ms=1.3106
    CUBLASLT_ALGO_CAP_REDUCTION_SCHEME_MASK      = 2
    CUBLASLT_ALGO_CAP_CTA_SWIZZLING_SUPPORT      = 0
    CUBLASLT_ALGO_CAP_STRIDED_BATCH_SUPPORT      = 1
    CUBLASLT_ALGO_CAP_OUT_OF_PLACE_RESULT_SUPPORT = 1
    CUBLASLT_ALGO_CAP_CUSTOM_OPTION_MAX          = 7
    CUBLASLT_ALGO_CAP_POINTER_MODE_MASK          = 3
    CUBLASLT_ALGO_CAP_EPILOGUE_MASK              = 1023
    CUBLASLT_ALGO_CAP_TILE_IDS                   = --  (status=7 wrote=0)
    CUBLASLT_ALGO_CAP_STAGES_IDS                 = [36] (n=1, elem=4B)
    CUBLASLT_ALGO_CONFIG_CLUSTER_SHAPE_ID sz=2 → status=0 wrote=2 val=3

## rank=3  algoId=66  tile=447  stages=36  cluster=3  inner=-1  ms=1.3300
    CUBLASLT_ALGO_CAP_REDUCTION_SCHEME_MASK      = 2
    CUBLASLT_ALGO_CAP_CTA_SWIZZLING_SUPPORT      = 0
    CUBLASLT_ALGO_CAP_STRIDED_BATCH_SUPPORT      = 1
    CUBLASLT_ALGO_CAP_OUT_OF_PLACE_RESULT_SUPPORT = 1
    CUBLASLT_ALGO_CAP_CUSTOM_OPTION_MAX          = 7
    CUBLASLT_ALGO_CAP_POINTER_MODE_MASK          = 3
    CUBLASLT_ALGO_CAP_EPILOGUE_MASK              = 1023
    CUBLASLT_ALGO_CAP_TILE_IDS                   = --  (status=7 wrote=0)
    CUBLASLT_ALGO_CAP_STAGES_IDS                 = [36] (n=1, elem=4B)
    CUBLASLT_ALGO_CONFIG_CLUSTER_SHAPE_ID sz=2 → status=0 wrote=2 val=3

# Winner:  rank=1  tile=23  stages=36  cluster=3  inner=-1  splitk=1  swizzle=0  ms=1.3095  cyc=2416760

@@RESULT ms=1.3095 cyc=2416760 tflops=2973.23 checksum=0.000000 valid=1 c0=0.0

[build] N=512 K=1024 M=928256 flags=['-DM_TOTAL=928256', '-DN_DIM=512', '-DK_DIM=1024']
$ make -B fc2-w3x DFLAGS=-DM_TOTAL=928256 -DN_DIM=512 -DK_DIM=1024
nvcc -gencode arch=compute_100a,code=sm_100a -O3 -std=c++17 -lineinfo --ptxas-options=-v --cudart=static -DM_TOTAL=928256 -DN_DIM=512 -DK_DIM=1024 fc2_w3x.cu -o fc2-w3x -lcurand_static -lculibos -lcuda
ptxas info    : 0 bytes gmem
ptxas info    : Compiling entry function '_Z14fc2_w3x_kernelILi54ELi8ELi64EEv14CUtensorMap_stS0_S0_PK13__nv_bfloat16PS1_PmS5_S5_S5_S5_' for 'sm_100a'
ptxas info    : Function properties for _Z14fc2_w3x_kernelILi54ELi8ELi64EEv14CUtensorMap_stS0_S0_PK13__nv_bfloat16PS1_PmS5_S5_S5_S5_
    0 bytes stack frame, 0 bytes spill stores, 0 bytes spill loads
ptxas info    : Used 68 registers, used 1 barriers
ptxas info    : Compile time = 45.116 ms
ptxas info    : Compiling entry function '_Z14fc2_w3x_kernelILi54ELi8ELi48EEv14CUtensorMap_stS0_S0_PK13__nv_bfloat16PS1_PmS5_S5_S5_S5_' for 'sm_100a'
ptxas info    : Function properties for _Z14fc2_w3x_kernelILi54ELi8ELi48EEv14CUtensorMap_stS0_S0_PK13__nv_bfloat16PS1_PmS5_S5_S5_S5_
    0 bytes stack frame, 0 bytes spill stores, 0 bytes spill loads
ptxas info    : Used 68 registers, used 1 barriers
ptxas info    : Compile time = 43.316 ms
ptxas info    : Compiling entry function '_Z14fc2_w3x_kernelILi54ELi8ELi32EEv14CUtensorMap_stS0_S0_PK13__nv_bfloat16PS1_PmS5_S5_S5_S5_' for 'sm_100a'
ptxas info    : Function properties for _Z14fc2_w3x_kernelILi54ELi8ELi32EEv14CUtensorMap_stS0_S0_PK13__nv_bfloat16PS1_PmS5_S5_S5_S5_
    0 bytes stack frame, 0 bytes spill stores, 0 bytes spill loads
ptxas info    : Used 68 registers, used 1 barriers
ptxas info    : Compile time = 43.601 ms
ptxas info    : Compiling entry function '_Z14fc2_w3x_kernelILi54ELi8ELi24EEv14CUtensorMap_stS0_S0_PK13__nv_bfloat16PS1_PmS5_S5_S5_S5_' for 'sm_100a'
ptxas info    : Function properties for _Z14fc2_w3x_kernelILi54ELi8ELi24EEv14CUtensorMap_stS0_S0_PK13__nv_bfloat16PS1_PmS5_S5_S5_S5_
    0 bytes stack frame, 0 bytes spill stores, 0 bytes spill loads
ptxas info    : Used 68 registers, used 1 barriers
ptxas info    : Compile time = 43.560 ms
ptxas info    : Compiling entry function '_Z14fc2_w3x_kernelILi54ELi8ELi16EEv14CUtensorMap_stS0_S0_PK13__nv_bfloat16PS1_PmS5_S5_S5_S5_' for 'sm_100a'
ptxas info    : Function properties for _Z14fc2_w3x_kernelILi54ELi8ELi16EEv14CUtensorMap_stS0_S0_PK13__nv_bfloat16PS1_PmS5_S5_S5_S5_
    0 bytes stack frame, 0 bytes spill stores, 0 bytes spill loads
ptxas info    : Used 68 registers, used 1 barriers
ptxas info    : Compile time = 43.182 ms
ptxas info    : Compiling entry function '_Z14fc2_w3x_kernelILi54ELi8ELi12EEv14CUtensorMap_stS0_S0_PK13__nv_bfloat16PS1_PmS5_S5_S5_S5_' for 'sm_100a'
ptxas info    : Function properties for _Z14fc2_w3x_kernelILi54ELi8ELi12EEv14CUtensorMap_stS0_S0_PK13__nv_bfloat16PS1_PmS5_S5_S5_S5_
    0 bytes stack frame, 0 bytes spill stores, 0 bytes spill loads
ptxas info    : Used 68 registers, used 1 barriers
ptxas info    : Compile time = 43.703 ms
ptxas info    : Compiling entry function '_Z14fc2_w3x_kernelILi54ELi8ELi8EEv14CUtensorMap_stS0_S0_PK13__nv_bfloat16PS1_PmS5_S5_S5_S5_' for 'sm_100a'
ptxas info    : Function properties for _Z14fc2_w3x_kernelILi54ELi8ELi8EEv14CUtensorMap_stS0_S0_PK13__nv_bfloat16PS1_PmS5_S5_S5_S5_
    0 bytes stack frame, 0 bytes spill stores, 0 bytes spill loads
ptxas info    : Used 68 registers, used 1 barriers
ptxas info    : Compile time = 43.762 ms
ptxas info    : Compiling entry function '_Z14fc2_w3x_kernelILi54ELi8ELi4EEv14CUtensorMap_stS0_S0_PK13__nv_bfloat16PS1_PmS5_S5_S5_S5_' for 'sm_100a'
ptxas info    : Function properties for _Z14fc2_w3x_kernelILi54ELi8ELi4EEv14CUtensorMap_stS0_S0_PK13__nv_bfloat16PS1_PmS5_S5_S5_S5_
    0 bytes stack frame, 0 bytes spill stores, 0 bytes spill loads
ptxas info    : Used 68 registers, used 1 barriers
ptxas info    : Compile time = 43.625 ms
ptxas info    : Compiling entry function '_Z14fc2_w3x_kernelILi54ELi8ELi0EEv14CUtensorMap_stS0_S0_PK13__nv_bfloat16PS1_PmS5_S5_S5_S5_' for 'sm_100a'
ptxas info    : Function properties for _Z14fc2_w3x_kernelILi54ELi8ELi0EEv14CUtensorMap_stS0_S0_PK13__nv_bfloat16PS1_PmS5_S5_S5_S5_
    0 bytes stack frame, 0 bytes spill stores, 0 bytes spill loads
ptxas info    : Used 68 registers, used 1 barriers
ptxas info    : Compile time = 42.001 ms
ptxas info    : Compiling entry function '_Z14fc2_w3x_kernelILi99ELi8ELi20EEv14CUtensorMap_stS0_S0_PK13__nv_bfloat16PS1_PmS5_S5_S5_S5_' for 'sm_100a'
ptxas info    : Function properties for _Z14fc2_w3x_kernelILi99ELi8ELi20EEv14CUtensorMap_stS0_S0_PK13__nv_bfloat16PS1_PmS5_S5_S5_S5_
    0 bytes stack frame, 0 bytes spill stores, 0 bytes spill loads
ptxas info    : Used 68 registers, used 1 barriers
ptxas info    : Compile time = 41.844 ms
ptxas info    : Compiling entry function '_Z14fc2_w3x_kernelILi98ELi8ELi20EEv14CUtensorMap_stS0_S0_PK13__nv_bfloat16PS1_PmS5_S5_S5_S5_' for 'sm_100a'
ptxas info    : Function properties for _Z14fc2_w3x_kernelILi98ELi8ELi20EEv14CUtensorMap_stS0_S0_PK13__nv_bfloat16PS1_PmS5_S5_S5_S5_
    0 bytes stack frame, 0 bytes spill stores, 0 bytes spill loads
ptxas info    : Used 68 registers, used 1 barriers
ptxas info    : Compile time = 42.801 ms
ptxas info    : Compiling entry function '_Z14fc2_w3x_kernelILi97ELi8ELi20EEv14CUtensorMap_stS0_S0_PK13__nv_bfloat16PS1_PmS5_S5_S5_S5_' for 'sm_100a'
ptxas info    : Function properties for _Z14fc2_w3x_kernelILi97ELi8ELi20EEv14CUtensorMap_stS0_S0_PK13__nv_bfloat16PS1_PmS5_S5_S5_S5_
    0 bytes stack frame, 0 bytes spill stores, 0 bytes spill loads
ptxas info    : Used 68 registers, used 1 barriers
ptxas info    : Compile time = 42.167 ms
ptxas info    : Compiling entry function '_Z14fc2_w3x_kernelILi96ELi8ELi20EEv14CUtensorMap_stS0_S0_PK13__nv_bfloat16PS1_PmS5_S5_S5_S5_' for 'sm_100a'
ptxas info    : Function properties for _Z14fc2_w3x_kernelILi96ELi8ELi20EEv14CUtensorMap_stS0_S0_PK13__nv_bfloat16PS1_PmS5_S5_S5_S5_
    0 bytes stack frame, 0 bytes spill stores, 0 bytes spill loads
ptxas info    : Used 68 registers, used 1 barriers
ptxas info    : Compile time = 41.600 ms
ptxas info    : Compiling entry function '_Z14fc2_w3x_kernelILi95ELi8ELi20EEv14CUtensorMap_stS0_S0_PK13__nv_bfloat16PS1_PmS5_S5_S5_S5_' for 'sm_100a'
ptxas info    : Function properties for _Z14fc2_w3x_kernelILi95ELi8ELi20EEv14CUtensorMap_stS0_S0_PK13__nv_bfloat16PS1_PmS5_S5_S5_S5_
    0 bytes stack frame, 0 bytes spill stores, 0 bytes spill loads
ptxas info    : Used 68 registers, used 1 barriers
ptxas info    : Compile time = 41.584 ms
ptxas info    : Compiling entry function '_Z14fc2_w3x_kernelILi94ELi8ELi20EEv14CUtensorMap_stS0_S0_PK13__nv_bfloat16PS1_PmS5_S5_S5_S5_' for 'sm_100a'
ptxas info    : Function properties for _Z14fc2_w3x_kernelILi94ELi8ELi20EEv14CUtensorMap_stS0_S0_PK13__nv_bfloat16PS1_PmS5_S5_S5_S5_
    0 bytes stack frame, 0 bytes spill stores, 0 bytes spill loads
ptxas info    : Used 68 registers, used 1 barriers
ptxas info    : Compile time = 42.443 ms
ptxas info    : Compiling entry function '_Z14fc2_w3x_kernelILi93ELi8ELi20EEv14CUtensorMap_stS0_S0_PK13__nv_bfloat16PS1_PmS5_S5_S5_S5_' for 'sm_100a'
ptxas info    : Function properties for _Z14fc2_w3x_kernelILi93ELi8ELi20EEv14CUtensorMap_stS0_S0_PK13__nv_bfloat16PS1_PmS5_S5_S5_S5_
    0 bytes stack frame, 0 bytes spill stores, 0 bytes spill loads
ptxas info    : Used 68 registers, used 1 barriers
ptxas info    : Compile time = 42.891 ms
ptxas info    : Compiling entry function '_Z14fc2_w3x_kernelILi92ELi8ELi20EEv14CUtensorMap_stS0_S0_PK13__nv_bfloat16PS1_PmS5_S5_S5_S5_' for 'sm_100a'
ptxas info    : Function properties for _Z14fc2_w3x_kernelILi92ELi8ELi20EEv14CUtensorMap_stS0_S0_PK13__nv_bfloat16PS1_PmS5_S5_S5_S5_
    0 bytes stack frame, 0 bytes spill stores, 0 bytes spill loads
ptxas info    : Used 68 registers, used 1 barriers
ptxas info    : Compile time = 42.812 ms
ptxas info    : Compiling entry function '_Z14fc2_w3x_kernelILi91ELi8ELi20EEv14CUtensorMap_stS0_S0_PK13__nv_bfloat16PS1_PmS5_S5_S5_S5_' for 'sm_100a'
ptxas info    : Function properties for _Z14fc2_w3x_kernelILi91ELi8ELi20EEv14CUtensorMap_stS0_S0_PK13__nv_bfloat16PS1_PmS5_S5_S5_S5_
    0 bytes stack frame, 0 bytes spill stores, 0 bytes spill loads
ptxas info    : Used 68 registers, used 1 barriers
ptxas info    : Compile time = 42.398 ms
ptxas info    : Compiling entry function '_Z14fc2_w3x_kernelILi90ELi8ELi20EEv14CUtensorMap_stS0_S0_PK13__nv_bfloat16PS1_PmS5_S5_S5_S5_' for 'sm_100a'
ptxas info    : Function properties for _Z14fc2_w3x_kernelILi90ELi8ELi20EEv14CUtensorMap_stS0_S0_PK13__nv_bfloat16PS1_PmS5_S5_S5_S5_
    0 bytes stack frame, 0 bytes spill stores, 0 bytes spill loads
ptxas info    : Used 68 registers, used 1 barriers
ptxas info    : Compile time = 42.393 ms
ptxas info    : Compiling entry function '_Z14fc2_w3x_kernelILi89ELi8ELi20EEv14CUtensorMap_stS0_S0_PK13__nv_bfloat16PS1_PmS5_S5_S5_S5_' for 'sm_100a'
ptxas info    : Function properties for _Z14fc2_w3x_kernelILi89ELi8ELi20EEv14CUtensorMap_stS0_S0_PK13__nv_bfloat16PS1_PmS5_S5_S5_S5_
    0 bytes stack frame, 0 bytes spill stores, 0 bytes spill loads
ptxas info    : Used 68 registers, used 1 barriers
ptxas info    : Compile time = 42.878 ms
ptxas info    : Compiling entry function '_Z14fc2_w3x_kernelILi88ELi8ELi20EEv14CUtensorMap_stS0_S0_PK13__nv_bfloat16PS1_PmS5_S5_S5_S5_' for 'sm_100a'
ptxas info    : Function properties for _Z14fc2_w3x_kernelILi88ELi8ELi20EEv14CUtensorMap_stS0_S0_PK13__nv_bfloat16PS1_PmS5_S5_S5_S5_
    0 bytes stack frame, 0 bytes spill stores, 0 bytes spill loads
ptxas info    : Used 68 registers, used 1 barriers
ptxas info    : Compile time = 42.767 ms
ptxas info    : Compiling entry function '_Z14fc2_w3x_kernelILi87ELi8ELi20EEv14CUtensorMap_stS0_S0_PK13__nv_bfloat16PS1_PmS5_S5_S5_S5_' for 'sm_100a'
ptxas info    : Function properties for _Z14fc2_w3x_kernelILi87ELi8ELi20EEv14CUtensorMap_stS0_S0_PK13__nv_bfloat16PS1_PmS5_S5_S5_S5_
    0 bytes stack frame, 0 bytes spill stores, 0 bytes spill loads
ptxas info    : Used 68 registers, used 1 barriers
ptxas info    : Compile time = 42.672 ms
ptxas info    : Compiling entry function '_Z14fc2_w3x_kernelILi86ELi8ELi20EEv14CUtensorMap_stS0_S0_PK13__nv_bfloat16PS1_PmS5_S5_S5_S5_' for 'sm_100a'
ptxas info    : Function properties for _Z14fc2_w3x_kernelILi86ELi8ELi20EEv14CUtensorMap_stS0_S0_PK13__nv_bfloat16PS1_PmS5_S5_S5_S5_
    0 bytes stack frame, 0 bytes spill stores, 0 bytes spill loads
ptxas info    : Used 68 registers, used 1 barriers
ptxas info    : Compile time = 43.149 ms
ptxas info    : Compiling entry function '_Z14fc2_w3x_kernelILi85ELi8ELi20EEv14CUtensorMap_stS0_S0_PK13__nv_bfloat16PS1_PmS5_S5_S5_S5_' for 'sm_100a'
ptxas info    : Function properties for _Z14fc2_w3x_kernelILi85ELi8ELi20EEv14CUtensorMap_stS0_S0_PK13__nv_bfloat16PS1_PmS5_S5_S5_S5_
    0 bytes stack frame, 0 bytes spill stores, 0 bytes spill loads
ptxas info    : Used 68 registers, used 1 barriers
ptxas info    : Compile time = 43.021 ms
ptxas info    : Compiling entry function '_Z14fc2_w3x_kernelILi84ELi8ELi20EEv14CUtensorMap_stS0_S0_PK13__nv_bfloat16PS1_PmS5_S5_S5_S5_' for 'sm_100a'
ptxas info    : Function properties for _Z14fc2_w3x_kernelILi84ELi8ELi20EEv14CUtensorMap_stS0_S0_PK13__nv_bfloat16PS1_PmS5_S5_S5_S5_
    0 bytes stack frame, 0 bytes spill stores, 0 bytes spill loads
ptxas info    : Used 68 registers, used 1 barriers
ptxas info    : Compile time = 43.275 ms
ptxas info    : Compiling entry function '_Z14fc2_w3x_kernelILi83ELi8ELi20EEv14CUtensorMap_stS0_S0_PK13__nv_bfloat16PS1_PmS5_S5_S5_S5_' for 'sm_100a'
ptxas info    : Function properties for _Z14fc2_w3x_kernelILi83ELi8ELi20EEv14CUtensorMap_stS0_S0_PK13__nv_bfloat16PS1_PmS5_S5_S5_S5_
    0 bytes stack frame, 0 bytes spill stores, 0 bytes spill loads
ptxas info    : Used 68 registers, used 1 barriers
ptxas info    : Compile time = 43.737 ms
ptxas info    : Compiling entry function '_Z14fc2_w3x_kernelILi82ELi8ELi20EEv14CUtensorMap_stS0_S0_PK13__nv_bfloat16PS1_PmS5_S5_S5_S5_' for 'sm_100a'
ptxas info    : Function properties for _Z14fc2_w3x_kernelILi82ELi8ELi20EEv14CUtensorMap_stS0_S0_PK13__nv_bfloat16PS1_PmS5_S5_S5_S5_
    0 bytes stack frame, 0 bytes spill stores, 0 bytes spill loads
ptxas info    : Used 68 registers, used 1 barriers
ptxas info    : Compile time = 43.882 ms
ptxas info    : Compiling entry function '_Z14fc2_w3x_kernelILi81ELi8ELi20EEv14CUtensorMap_stS0_S0_PK13__nv_bfloat16PS1_PmS5_S5_S5_S5_' for 'sm_100a'
ptxas info    : Function properties for _Z14fc2_w3x_kernelILi81ELi8ELi20EEv14CUtensorMap_stS0_S0_PK13__nv_bfloat16PS1_PmS5_S5_S5_S5_
    0 bytes stack frame, 0 bytes spill stores, 0 bytes spill loads
ptxas info    : Used 68 registers, used 1 barriers
ptxas info    : Compile time = 43.624 ms
ptxas info    : Compiling entry function '_Z14fc2_w3x_kernelILi80ELi8ELi20EEv14CUtensorMap_stS0_S0_PK13__nv_bfloat16PS1_PmS5_S5_S5_S5_' for 'sm_100a'
ptxas info    : Function properties for _Z14fc2_w3x_kernelILi80ELi8ELi20EEv14CUtensorMap_stS0_S0_PK13__nv_bfloat16PS1_PmS5_S5_S5_S5_
    0 bytes stack frame, 0 bytes spill stores, 0 bytes spill loads
ptxas info    : Used 68 registers, used 1 barriers
ptxas info    : Compile time = 47.533 ms
ptxas info    : Compiling entry function '_Z14fc2_w3x_kernelILi58ELi8ELi20EEv14CUtensorMap_stS0_S0_PK13__nv_bfloat16PS1_PmS5_S5_S5_S5_' for 'sm_100a'
ptxas info    : Function properties for _Z14fc2_w3x_kernelILi58ELi8ELi20EEv14CUtensorMap_stS0_S0_PK13__nv_bfloat16PS1_PmS5_S5_S5_S5_
    0 bytes stack frame, 0 bytes spill stores, 0 bytes spill loads
ptxas info    : Used 68 registers, used 1 barriers
ptxas info    : Compile time = 44.149 ms
ptxas info    : Compiling entry function '_Z14fc2_w3x_kernelILi57ELi8ELi20EEv14CUtensorMap_stS0_S0_PK13__nv_bfloat16PS1_PmS5_S5_S5_S5_' for 'sm_100a'
ptxas info    : Function properties for _Z14fc2_w3x_kernelILi57ELi8ELi20EEv14CUtensorMap_stS0_S0_PK13__nv_bfloat16PS1_PmS5_S5_S5_S5_
    0 bytes stack frame, 0 bytes spill stores, 0 bytes spill loads
ptxas info    : Used 68 registers, used 1 barriers
ptxas info    : Compile time = 42.192 ms
ptxas info    : Compiling entry function '_Z14fc2_w3x_kernelILi56ELi8ELi20EEv14CUtensorMap_stS0_S0_PK13__nv_bfloat16PS1_PmS5_S5_S5_S5_' for 'sm_100a'
ptxas info    : Function properties for _Z14fc2_w3x_kernelILi56ELi8ELi20EEv14CUtensorMap_stS0_S0_PK13__nv_bfloat16PS1_PmS5_S5_S5_S5_
    0 bytes stack frame, 0 bytes spill stores, 0 bytes spill loads
ptxas info    : Used 68 registers, used 1 barriers
ptxas info    : Compile time = 42.230 ms
ptxas info    : Compiling entry function '_Z14fc2_w3x_kernelILi55ELi8ELi20EEv14CUtensorMap_stS0_S0_PK13__nv_bfloat16PS1_PmS5_S5_S5_S5_' for 'sm_100a'
ptxas info    : Function properties for _Z14fc2_w3x_kernelILi55ELi8ELi20EEv14CUtensorMap_stS0_S0_PK13__nv_bfloat16PS1_PmS5_S5_S5_S5_
    0 bytes stack frame, 0 bytes spill stores, 0 bytes spill loads
ptxas info    : Used 68 registers, used 1 barriers
ptxas info    : Compile time = 41.996 ms
ptxas info    : Compiling entry function '_Z14fc2_w3x_kernelILi54ELi8ELi20EEv14CUtensorMap_stS0_S0_PK13__nv_bfloat16PS1_PmS5_S5_S5_S5_' for 'sm_100a'
ptxas info    : Function properties for _Z14fc2_w3x_kernelILi54ELi8ELi20EEv14CUtensorMap_stS0_S0_PK13__nv_bfloat16PS1_PmS5_S5_S5_S5_
    0 bytes stack frame, 0 bytes spill stores, 0 bytes spill loads
ptxas info    : Used 68 registers, used 1 barriers
ptxas info    : Compile time = 42.065 ms
ptxas info    : Compiling entry function '_Z14fc2_w3x_kernelILi53ELi8ELi20EEv14CUtensorMap_stS0_S0_PK13__nv_bfloat16PS1_PmS5_S5_S5_S5_' for 'sm_100a'
ptxas info    : Function properties for _Z14fc2_w3x_kernelILi53ELi8ELi20EEv14CUtensorMap_stS0_S0_PK13__nv_bfloat16PS1_PmS5_S5_S5_S5_
    0 bytes stack frame, 0 bytes spill stores, 0 bytes spill loads
ptxas info    : Used 68 registers, used 1 barriers
ptxas info    : Compile time = 42.346 ms
ptxas info    : Compiling entry function '_Z14fc2_w3x_kernelILi52ELi8ELi20EEv14CUtensorMap_stS0_S0_PK13__nv_bfloat16PS1_PmS5_S5_S5_S5_' for 'sm_100a'
ptxas info    : Function properties for _Z14fc2_w3x_kernelILi52ELi8ELi20EEv14CUtensorMap_stS0_S0_PK13__nv_bfloat16PS1_PmS5_S5_S5_S5_
    0 bytes stack frame, 0 bytes spill stores, 0 bytes spill loads
ptxas info    : Used 68 registers, used 1 barriers
ptxas info    : Compile time = 41.989 ms
ptxas info    : Compiling entry function '_Z14fc2_w3x_kernelILi51ELi8ELi20EEv14CUtensorMap_stS0_S0_PK13__nv_bfloat16PS1_PmS5_S5_S5_S5_' for 'sm_100a'
ptxas info    : Function properties for _Z14fc2_w3x_kernelILi51ELi8ELi20EEv14CUtensorMap_stS0_S0_PK13__nv_bfloat16PS1_PmS5_S5_S5_S5_
    0 bytes stack frame, 0 bytes spill stores, 0 bytes spill loads
ptxas info    : Used 68 registers, used 1 barriers
ptxas info    : Compile time = 42.312 ms
ptxas info    : Compiling entry function '_Z14fc2_w3x_kernelILi50ELi8ELi20EEv14CUtensorMap_stS0_S0_PK13__nv_bfloat16PS1_PmS5_S5_S5_S5_' for 'sm_100a'
ptxas info    : Function properties for _Z14fc2_w3x_kernelILi50ELi8ELi20EEv14CUtensorMap_stS0_S0_PK13__nv_bfloat16PS1_PmS5_S5_S5_S5_
    0 bytes stack frame, 0 bytes spill stores, 0 bytes spill loads
ptxas info    : Used 68 registers, used 1 barriers
ptxas info    : Compile time = 42.396 ms
ptxas info    : Compiling entry function '_Z14fc2_w3x_kernelILi49ELi8ELi20EEv14CUtensorMap_stS0_S0_PK13__nv_bfloat16PS1_PmS5_S5_S5_S5_' for 'sm_100a'
ptxas info    : Function properties for _Z14fc2_w3x_kernelILi49ELi8ELi20EEv14CUtensorMap_stS0_S0_PK13__nv_bfloat16PS1_PmS5_S5_S5_S5_
    0 bytes stack frame, 0 bytes spill stores, 0 bytes spill loads
ptxas info    : Used 68 registers, used 1 barriers
ptxas info    : Compile time = 41.961 ms
ptxas info    : Compiling entry function '_Z14fc2_w3x_kernelILi19ELi16ELi20EEv14CUtensorMap_stS0_S0_PK13__nv_bfloat16PS1_PmS5_S5_S5_S5_' for 'sm_100a'
ptxas info    : Function properties for _Z14fc2_w3x_kernelILi19ELi16ELi20EEv14CUtensorMap_stS0_S0_PK13__nv_bfloat16PS1_PmS5_S5_S5_S5_
    0 bytes stack frame, 0 bytes spill stores, 0 bytes spill loads
ptxas info    : Used 68 registers, used 1 barriers
ptxas info    : Compile time = 41.990 ms
ptxas info    : Compiling entry function '_Z14fc2_w3x_kernelILi19ELi4ELi20EEv14CUtensorMap_stS0_S0_PK13__nv_bfloat16PS1_PmS5_S5_S5_S5_' for 'sm_100a'
ptxas info    : Function properties for _Z14fc2_w3x_kernelILi19ELi4ELi20EEv14CUtensorMap_stS0_S0_PK13__nv_bfloat16PS1_PmS5_S5_S5_S5_
    0 bytes stack frame, 0 bytes spill stores, 0 bytes spill loads
ptxas info    : Used 68 registers, used 1 barriers
ptxas info    : Compile time = 41.540 ms
ptxas info    : Compiling entry function '_Z14fc2_w3x_kernelILi48ELi8ELi20EEv14CUtensorMap_stS0_S0_PK13__nv_bfloat16PS1_PmS5_S5_S5_S5_' for 'sm_100a'
ptxas info    : Function properties for _Z14fc2_w3x_kernelILi48ELi8ELi20EEv14CUtensorMap_stS0_S0_PK13__nv_bfloat16PS1_PmS5_S5_S5_S5_
    0 bytes stack frame, 0 bytes spill stores, 0 bytes spill loads
ptxas info    : Used 68 registers, used 1 barriers
ptxas info    : Compile time = 42.116 ms
ptxas info    : Compiling entry function '_Z14fc2_w3x_kernelILi47ELi8ELi20EEv14CUtensorMap_stS0_S0_PK13__nv_bfloat16PS1_PmS5_S5_S5_S5_' for 'sm_100a'
ptxas info    : Function properties for _Z14fc2_w3x_kernelILi47ELi8ELi20EEv14CUtensorMap_stS0_S0_PK13__nv_bfloat16PS1_PmS5_S5_S5_S5_
    0 bytes stack frame, 0 bytes spill stores, 0 bytes spill loads
ptxas info    : Used 68 registers, used 1 barriers
ptxas info    : Compile time = 42.542 ms
ptxas info    : Compiling entry function '_Z14fc2_w3x_kernelILi46ELi8ELi20EEv14CUtensorMap_stS0_S0_PK13__nv_bfloat16PS1_PmS5_S5_S5_S5_' for 'sm_100a'
ptxas info    : Function properties for _Z14fc2_w3x_kernelILi46ELi8ELi20EEv14CUtensorMap_stS0_S0_PK13__nv_bfloat16PS1_PmS5_S5_S5_S5_
    0 bytes stack frame, 0 bytes spill stores, 0 bytes spill loads
ptxas info    : Used 68 registers, used 1 barriers
ptxas info    : Compile time = 42.780 ms
ptxas info    : Compiling entry function '_Z14fc2_w3x_kernelILi45ELi8ELi20EEv14CUtensorMap_stS0_S0_PK13__nv_bfloat16PS1_PmS5_S5_S5_S5_' for 'sm_100a'
ptxas info    : Function properties for _Z14fc2_w3x_kernelILi45ELi8ELi20EEv14CUtensorMap_stS0_S0_PK13__nv_bfloat16PS1_PmS5_S5_S5_S5_
    0 bytes stack frame, 0 bytes spill stores, 0 bytes spill loads
ptxas info    : Used 68 registers, used 1 barriers
ptxas info    : Compile time = 42.498 ms
ptxas info    : Compiling entry function '_Z14fc2_w3x_kernelILi44ELi8ELi20EEv14CUtensorMap_stS0_S0_PK13__nv_bfloat16PS1_PmS5_S5_S5_S5_' for 'sm_100a'
ptxas info    : Function properties for _Z14fc2_w3x_kernelILi44ELi8ELi20EEv14CUtensorMap_stS0_S0_PK13__nv_bfloat16PS1_PmS5_S5_S5_S5_
    0 bytes stack frame, 0 bytes spill stores, 0 bytes spill loads
ptxas info    : Used 68 registers, used 1 barriers
ptxas info    : Compile time = 42.253 ms
ptxas info    : Compiling entry function '_Z14fc2_w3x_kernelILi43ELi8ELi20EEv14CUtensorMap_stS0_S0_PK13__nv_bfloat16PS1_PmS5_S5_S5_S5_' for 'sm_100a'
ptxas info    : Function properties for _Z14fc2_w3x_kernelILi43ELi8ELi20EEv14CUtensorMap_stS0_S0_PK13__nv_bfloat16PS1_PmS5_S5_S5_S5_
    0 bytes stack frame, 0 bytes spill stores, 0 bytes spill loads
ptxas info    : Used 68 registers, used 1 barriers
ptxas info    : Compile time = 42.280 ms
ptxas info    : Compiling entry function '_Z14fc2_w3x_kernelILi41ELi8ELi20EEv14CUtensorMap_stS0_S0_PK13__nv_bfloat16PS1_PmS5_S5_S5_S5_' for 'sm_100a'
ptxas info    : Function properties for _Z14fc2_w3x_kernelILi41ELi8ELi20EEv14CUtensorMap_stS0_S0_PK13__nv_bfloat16PS1_PmS5_S5_S5_S5_
    0 bytes stack frame, 0 bytes spill stores, 0 bytes spill loads
ptxas info    : Used 68 registers, used 1 barriers
ptxas info    : Compile time = 41.665 ms
ptxas info    : Compiling entry function '_Z14fc2_w3x_kernelILi40ELi8ELi20EEv14CUtensorMap_stS0_S0_PK13__nv_bfloat16PS1_PmS5_S5_S5_S5_' for 'sm_100a'
ptxas info    : Function properties for _Z14fc2_w3x_kernelILi40ELi8ELi20EEv14CUtensorMap_stS0_S0_PK13__nv_bfloat16PS1_PmS5_S5_S5_S5_
    0 bytes stack frame, 0 bytes spill stores, 0 bytes spill loads
ptxas info    : Used 68 registers, used 1 barriers
ptxas info    : Compile time = 41.853 ms
ptxas info    : Compiling entry function '_Z14fc2_w3x_kernelILi39ELi8ELi20EEv14CUtensorMap_stS0_S0_PK13__nv_bfloat16PS1_PmS5_S5_S5_S5_' for 'sm_100a'
ptxas info    : Function properties for _Z14fc2_w3x_kernelILi39ELi8ELi20EEv14CUtensorMap_stS0_S0_PK13__nv_bfloat16PS1_PmS5_S5_S5_S5_
    0 bytes stack frame, 0 bytes spill stores, 0 bytes spill loads
ptxas info    : Used 68 registers, used 1 barriers
ptxas info    : Compile time = 42.437 ms
ptxas info    : Compiling entry function '_Z14fc2_w3x_kernelILi38ELi8ELi20EEv14CUtensorMap_stS0_S0_PK13__nv_bfloat16PS1_PmS5_S5_S5_S5_' for 'sm_100a'
ptxas info    : Function properties for _Z14fc2_w3x_kernelILi38ELi8ELi20EEv14CUtensorMap_stS0_S0_PK13__nv_bfloat16PS1_PmS5_S5_S5_S5_
    0 bytes stack frame, 0 bytes spill stores, 0 bytes spill loads
ptxas info    : Used 68 registers, used 1 barriers
ptxas info    : Compile time = 43.406 ms
ptxas info    : Compiling entry function '_Z14fc2_w3x_kernelILi36ELi4ELi20EEv14CUtensorMap_stS0_S0_PK13__nv_bfloat16PS1_PmS5_S5_S5_S5_' for 'sm_100a'
ptxas info    : Function properties for _Z14fc2_w3x_kernelILi36ELi4ELi20EEv14CUtensorMap_stS0_S0_PK13__nv_bfloat16PS1_PmS5_S5_S5_S5_
    0 bytes stack frame, 0 bytes spill stores, 0 bytes spill loads
ptxas info    : Used 68 registers, used 1 barriers
ptxas info    : Compile time = 43.002 ms
ptxas info    : Compiling entry function '_Z14fc2_w3x_kernelILi35ELi4ELi20EEv14CUtensorMap_stS0_S0_PK13__nv_bfloat16PS1_PmS5_S5_S5_S5_' for 'sm_100a'
ptxas info    : Function properties for _Z14fc2_w3x_kernelILi35ELi4ELi20EEv14CUtensorMap_stS0_S0_PK13__nv_bfloat16PS1_PmS5_S5_S5_S5_
    0 bytes stack frame, 0 bytes spill stores, 0 bytes spill loads
ptxas info    : Used 68 registers, used 1 barriers
ptxas info    : Compile time = 43.296 ms
ptxas info    : Compiling entry function '_Z14fc2_w3x_kernelILi34ELi8ELi20EEv14CUtensorMap_stS0_S0_PK13__nv_bfloat16PS1_PmS5_S5_S5_S5_' for 'sm_100a'
ptxas info    : Function properties for _Z14fc2_w3x_kernelILi34ELi8ELi20EEv14CUtensorMap_stS0_S0_PK13__nv_bfloat16PS1_PmS5_S5_S5_S5_
    0 bytes stack frame, 0 bytes spill stores, 0 bytes spill loads
ptxas info    : Used 68 registers, used 1 barriers
ptxas info    : Compile time = 43.402 ms
ptxas info    : Compiling entry function '_Z14fc2_w3x_kernelILi33ELi8ELi20EEv14CUtensorMap_stS0_S0_PK13__nv_bfloat16PS1_PmS5_S5_S5_S5_' for 'sm_100a'
ptxas info    : Function properties for _Z14fc2_w3x_kernelILi33ELi8ELi20EEv14CUtensorMap_stS0_S0_PK13__nv_bfloat16PS1_PmS5_S5_S5_S5_
    0 bytes stack frame, 0 bytes spill stores, 0 bytes spill loads
ptxas info    : Used 68 registers, used 1 barriers
ptxas info    : Compile time = 43.401 ms
ptxas info    : Compiling entry function '_Z14fc2_w3x_kernelILi19ELi8ELi20EEv14CUtensorMap_stS0_S0_PK13__nv_bfloat16PS1_PmS5_S5_S5_S5_' for 'sm_100a'
ptxas info    : Function properties for _Z14fc2_w3x_kernelILi19ELi8ELi20EEv14CUtensorMap_stS0_S0_PK13__nv_bfloat16PS1_PmS5_S5_S5_S5_
    0 bytes stack frame, 0 bytes spill stores, 0 bytes spill loads
ptxas info    : Used 68 registers, used 1 barriers
ptxas info    : Compile time = 42.746 ms
ptxas info    : Compiling entry function '_Z14fc2_w3x_kernelILi18ELi8ELi20EEv14CUtensorMap_stS0_S0_PK13__nv_bfloat16PS1_PmS5_S5_S5_S5_' for 'sm_100a'
ptxas info    : Function properties for _Z14fc2_w3x_kernelILi18ELi8ELi20EEv14CUtensorMap_stS0_S0_PK13__nv_bfloat16PS1_PmS5_S5_S5_S5_
    0 bytes stack frame, 0 bytes spill stores, 0 bytes spill loads
ptxas info    : Used 68 registers, used 1 barriers
ptxas info    : Compile time = 43.182 ms
ptxas info    : Compiling entry function '_Z14fc2_w3x_kernelILi13ELi8ELi20EEv14CUtensorMap_stS0_S0_PK13__nv_bfloat16PS1_PmS5_S5_S5_S5_' for 'sm_100a'
ptxas info    : Function properties for _Z14fc2_w3x_kernelILi13ELi8ELi20EEv14CUtensorMap_stS0_S0_PK13__nv_bfloat16PS1_PmS5_S5_S5_S5_
    0 bytes stack frame, 0 bytes spill stores, 0 bytes spill loads
ptxas info    : Used 68 registers, used 1 barriers
ptxas info    : Compile time = 41.367 ms
ptxas info    : Compiling entry function '_Z14fc2_w3x_kernelILi11ELi8ELi20EEv14CUtensorMap_stS0_S0_PK13__nv_bfloat16PS1_PmS5_S5_S5_S5_' for 'sm_100a'
ptxas info    : Function properties for _Z14fc2_w3x_kernelILi11ELi8ELi20EEv14CUtensorMap_stS0_S0_PK13__nv_bfloat16PS1_PmS5_S5_S5_S5_
    0 bytes stack frame, 0 bytes spill stores, 0 bytes spill loads
ptxas info    : Used 68 registers, used 1 barriers
ptxas info    : Compile time = 41.704 ms
ptxas info    : Compiling entry function '_Z14fc2_w3x_kernelILi0ELi32ELi20EEv14CUtensorMap_stS0_S0_PK13__nv_bfloat16PS1_PmS5_S5_S5_S5_' for 'sm_100a'
ptxas info    : Function properties for _Z14fc2_w3x_kernelILi0ELi32ELi20EEv14CUtensorMap_stS0_S0_PK13__nv_bfloat16PS1_PmS5_S5_S5_S5_
    0 bytes stack frame, 0 bytes spill stores, 0 bytes spill loads
ptxas info    : Used 68 registers, used 1 barriers
ptxas info    : Compile time = 43.395 ms
ptxas info    : Compiling entry function '_Z14fc2_w3x_kernelILi0ELi16ELi20EEv14CUtensorMap_stS0_S0_PK13__nv_bfloat16PS1_PmS5_S5_S5_S5_' for 'sm_100a'
ptxas info    : Function properties for _Z14fc2_w3x_kernelILi0ELi16ELi20EEv14CUtensorMap_stS0_S0_PK13__nv_bfloat16PS1_PmS5_S5_S5_S5_
    0 bytes stack frame, 0 bytes spill stores, 0 bytes spill loads
ptxas info    : Used 68 registers, used 1 barriers
ptxas info    : Compile time = 41.464 ms
ptxas info    : Compiling entry function '_Z14fc2_w3x_kernelILi0ELi4ELi20EEv14CUtensorMap_stS0_S0_PK13__nv_bfloat16PS1_PmS5_S5_S5_S5_' for 'sm_100a'
ptxas info    : Function properties for _Z14fc2_w3x_kernelILi0ELi4ELi20EEv14CUtensorMap_stS0_S0_PK13__nv_bfloat16PS1_PmS5_S5_S5_S5_
    0 bytes stack frame, 0 bytes spill stores, 0 bytes spill loads
ptxas info    : Used 68 registers, used 1 barriers
ptxas info    : Compile time = 41.624 ms
ptxas info    : Compiling entry function '_Z14fc2_w3x_kernelILi0ELi2ELi20EEv14CUtensorMap_stS0_S0_PK13__nv_bfloat16PS1_PmS5_S5_S5_S5_' for 'sm_100a'
ptxas info    : Function properties for _Z14fc2_w3x_kernelILi0ELi2ELi20EEv14CUtensorMap_stS0_S0_PK13__nv_bfloat16PS1_PmS5_S5_S5_S5_
    0 bytes stack frame, 0 bytes spill stores, 0 bytes spill loads
ptxas info    : Used 68 registers, used 1 barriers
ptxas info    : Compile time = 40.453 ms
ptxas info    : Compiling entry function '_Z14fc2_w3x_kernelILi0ELi8ELi20EEv14CUtensorMap_stS0_S0_PK13__nv_bfloat16PS1_PmS5_S5_S5_S5_' for 'sm_100a'
ptxas info    : Function properties for _Z14fc2_w3x_kernelILi0ELi8ELi20EEv14CUtensorMap_stS0_S0_PK13__nv_bfloat16PS1_PmS5_S5_S5_S5_
    0 bytes stack frame, 0 bytes spill stores, 0 bytes spill loads
ptxas info    : Used 68 registers, used 1 barriers
ptxas info    : Compile time = 41.776 ms
--- rep 1/3 ec=0
FC2 W3X kernel — 6-warp bias-only rank-1-shaped persistent
  [928256,1024] x [512,1024]^T  NS=5  THREADS=192  SMEM=181888 B  (cap 228KB)
  Alloc + init + pack done
  TMA + func attr done (SMEM=181888 B)  variant=default TD=0 DGG=8
Warmup (2 iters)...
Timing 1 reps × 10 iters/rep × 1 variant ...
@@SAMPLE rep=1 ms=0.36292 cyc=662086 cyc_min=655523 cyc_p50=659667 cyc_p95=661371 cyc_max=662086
@@STATS reps=1 mean=0.36292 std=0.00000 min=0.36292 p25=0.36292 p50=0.36292 p75=0.36292 max=0.36292 iqr=0.00000
FC2-W3X kernel: 0.363 ms  2682.02 TFLOPS
PASS  errors=0/32
@@RESULT ms=0.3629 tflops=2682.02 checksum=0.000000 valid=1 c0=1536.0
--- rep 2/3 ec=0
FC2 W3X kernel — 6-warp bias-only rank-1-shaped persistent
  [928256,1024] x [512,1024]^T  NS=5  THREADS=192  SMEM=181888 B  (cap 228KB)
  Alloc + init + pack done
  TMA + func attr done (SMEM=181888 B)  variant=default TD=0 DGG=8
Warmup (2 iters)...
Timing 1 reps × 10 iters/rep × 1 variant ...
@@SAMPLE rep=1 ms=0.36294 cyc=661919 cyc_min=655125 cyc_p50=659682 cyc_p95=661404 cyc_max=661919
@@STATS reps=1 mean=0.36294 std=0.00000 min=0.36294 p25=0.36294 p50=0.36294 p75=0.36294 max=0.36294 iqr=0.00000
FC2-W3X kernel: 0.363 ms  2681.81 TFLOPS
PASS  errors=0/32
@@RESULT ms=0.3629 tflops=2681.81 checksum=0.000000 valid=1 c0=1536.0
--- rep 3/3 ec=0
FC2 W3X kernel — 6-warp bias-only rank-1-shaped persistent
  [928256,1024] x [512,1024]^T  NS=5  THREADS=192  SMEM=181888 B  (cap 228KB)
  Alloc + init + pack done
  TMA + func attr done (SMEM=181888 B)  variant=default TD=0 DGG=8
Warmup (2 iters)...
Timing 1 reps × 10 iters/rep × 1 variant ...
@@SAMPLE rep=1 ms=0.36274 cyc=661897 cyc_min=655661 cyc_p50=659636 cyc_p95=661473 cyc_max=661897
@@STATS reps=1 mean=0.36274 std=0.00000 min=0.36274 p25=0.36274 p50=0.36274 p75=0.36274 max=0.36274 iqr=0.00000
FC2-W3X kernel: 0.363 ms  2683.32 TFLOPS
PASS  errors=0/32
@@RESULT ms=0.3627 tflops=2683.32 checksum=0.000000 valid=1 c0=1536.0
--- cublas epi=3 rep 1/1 ec=0
### CUBLASLT INTROSPECT M=928256 N=512 K=1024 epi=bias_only scale=per_tensor
### Heuristics returned: 8

# TSV
rank	heur	ms	cyc	algoId	tile	stages	cluster	inner	splitk	redux	swizzle	custom	waves	ws_MB
1	0	0.3350	618783	66	23	36	3	-1	1	0	0	1	98.00	0.0
2	3	0.3453	637598	66	29	36	3	-1	1	0	0	1	156.81	0.0
3	2	0.3518	649807	66	32	36	3	-1	1	0	0	1	130.68	0.0
4	6	0.3699	682888	66	20	36	3	-1	1	0	0	1	196.00	0.0
5	1	0.3890	718377	66	24	36	5	-1	1	0	0	3	98.00	0.0
6	7	0.3920	723819	66	513	36	3	-1	1	0	0	1	49.00	0.0
7	4	0.3985	735807	66	201	36	5	-1	1	0	0	2	147.00	0.0
8	5	0.4323	797897	66	495	36	5	-1	1	0	0	3	130.68	0.0

# Top-3 caps:

## rank=1  algoId=66  tile=23  stages=36  cluster=3  inner=-1  ms=0.3350
    CUBLASLT_ALGO_CAP_REDUCTION_SCHEME_MASK      = 2
    CUBLASLT_ALGO_CAP_CTA_SWIZZLING_SUPPORT      = 0
    CUBLASLT_ALGO_CAP_STRIDED_BATCH_SUPPORT      = 1
    CUBLASLT_ALGO_CAP_OUT_OF_PLACE_RESULT_SUPPORT = 1
    CUBLASLT_ALGO_CAP_CUSTOM_OPTION_MAX          = 7
    CUBLASLT_ALGO_CAP_POINTER_MODE_MASK          = 3
    CUBLASLT_ALGO_CAP_EPILOGUE_MASK              = 1023
    CUBLASLT_ALGO_CAP_TILE_IDS                   = --  (status=7 wrote=0)
    CUBLASLT_ALGO_CAP_STAGES_IDS                 = [36] (n=1, elem=4B)
    CUBLASLT_ALGO_CONFIG_CLUSTER_SHAPE_ID sz=2 → status=0 wrote=2 val=3

## rank=2  algoId=66  tile=29  stages=36  cluster=3  inner=-1  ms=0.3453
    CUBLASLT_ALGO_CAP_REDUCTION_SCHEME_MASK      = 2
    CUBLASLT_ALGO_CAP_CTA_SWIZZLING_SUPPORT      = 0
    CUBLASLT_ALGO_CAP_STRIDED_BATCH_SUPPORT      = 1
    CUBLASLT_ALGO_CAP_OUT_OF_PLACE_RESULT_SUPPORT = 1
    CUBLASLT_ALGO_CAP_CUSTOM_OPTION_MAX          = 7
    CUBLASLT_ALGO_CAP_POINTER_MODE_MASK          = 3
    CUBLASLT_ALGO_CAP_EPILOGUE_MASK              = 1023
    CUBLASLT_ALGO_CAP_TILE_IDS                   = --  (status=7 wrote=0)
    CUBLASLT_ALGO_CAP_STAGES_IDS                 = [36] (n=1, elem=4B)
    CUBLASLT_ALGO_CONFIG_CLUSTER_SHAPE_ID sz=2 → status=0 wrote=2 val=3

## rank=3  algoId=66  tile=32  stages=36  cluster=3  inner=-1  ms=0.3518
    CUBLASLT_ALGO_CAP_REDUCTION_SCHEME_MASK      = 2
    CUBLASLT_ALGO_CAP_CTA_SWIZZLING_SUPPORT      = 0
    CUBLASLT_ALGO_CAP_STRIDED_BATCH_SUPPORT      = 1
    CUBLASLT_ALGO_CAP_OUT_OF_PLACE_RESULT_SUPPORT = 1
    CUBLASLT_ALGO_CAP_CUSTOM_OPTION_MAX          = 7
    CUBLASLT_ALGO_CAP_POINTER_MODE_MASK          = 3
    CUBLASLT_ALGO_CAP_EPILOGUE_MASK              = 1023
    CUBLASLT_ALGO_CAP_TILE_IDS                   = --  (status=7 wrote=0)
    CUBLASLT_ALGO_CAP_STAGES_IDS                 = [36] (n=1, elem=4B)
    CUBLASLT_ALGO_CONFIG_CLUSTER_SHAPE_ID sz=2 → status=0 wrote=2 val=3

# Winner:  rank=1  tile=23  stages=36  cluster=3  inner=-1  splitk=1  swizzle=0  ms=0.3350  cyc=618783

@@RESULT ms=0.3350 cyc=618783 tflops=2905.89 checksum=0.000000 valid=1 c0=0.0
--- cublas epi=0 rep 1/1 ec=0
### CUBLASLT INTROSPECT M=928256 N=512 K=1024 epi=none scale=per_tensor
### Heuristics returned: 8

# TSV
rank	heur	ms	cyc	algoId	tile	stages	cluster	inner	splitk	redux	swizzle	custom	waves	ws_MB
1	0	0.3149	582022	66	23	36	3	-1	1	0	0	1	98.00	0.0
2	3	0.3331	615296	66	29	36	3	-1	1	0	0	1	156.81	0.0
3	2	0.3334	615888	66	32	36	3	-1	1	0	0	1	130.68	0.0
4	6	0.3555	656538	66	20	36	3	-1	1	0	0	1	196.00	0.0
5	4	0.3594	663602	66	201	36	5	-1	1	0	0	2	147.00	0.0
6	7	0.3654	674649	66	513	36	3	-1	1	0	0	1	49.00	0.0
7	1	0.3859	712680	66	24	36	5	-1	1	0	0	3	98.00	0.0
8	5	0.4279	789912	66	495	36	5	-1	1	0	0	3	130.68	0.0

# Top-3 caps:

## rank=1  algoId=66  tile=23  stages=36  cluster=3  inner=-1  ms=0.3149
    CUBLASLT_ALGO_CAP_REDUCTION_SCHEME_MASK      = 2
    CUBLASLT_ALGO_CAP_CTA_SWIZZLING_SUPPORT      = 0
    CUBLASLT_ALGO_CAP_STRIDED_BATCH_SUPPORT      = 1
    CUBLASLT_ALGO_CAP_OUT_OF_PLACE_RESULT_SUPPORT = 1
    CUBLASLT_ALGO_CAP_CUSTOM_OPTION_MAX          = 7
    CUBLASLT_ALGO_CAP_POINTER_MODE_MASK          = 3
    CUBLASLT_ALGO_CAP_EPILOGUE_MASK              = 1023
    CUBLASLT_ALGO_CAP_TILE_IDS                   = --  (status=7 wrote=0)
    CUBLASLT_ALGO_CAP_STAGES_IDS                 = [36] (n=1, elem=4B)
    CUBLASLT_ALGO_CONFIG_CLUSTER_SHAPE_ID sz=2 → status=0 wrote=2 val=3

## rank=2  algoId=66  tile=29  stages=36  cluster=3  inner=-1  ms=0.3331
    CUBLASLT_ALGO_CAP_REDUCTION_SCHEME_MASK      = 2
    CUBLASLT_ALGO_CAP_CTA_SWIZZLING_SUPPORT      = 0
    CUBLASLT_ALGO_CAP_STRIDED_BATCH_SUPPORT      = 1
    CUBLASLT_ALGO_CAP_OUT_OF_PLACE_RESULT_SUPPORT = 1
    CUBLASLT_ALGO_CAP_CUSTOM_OPTION_MAX          = 7
    CUBLASLT_ALGO_CAP_POINTER_MODE_MASK          = 3
    CUBLASLT_ALGO_CAP_EPILOGUE_MASK              = 1023
    CUBLASLT_ALGO_CAP_TILE_IDS                   = --  (status=7 wrote=0)
    CUBLASLT_ALGO_CAP_STAGES_IDS                 = [36] (n=1, elem=4B)
    CUBLASLT_ALGO_CONFIG_CLUSTER_SHAPE_ID sz=2 → status=0 wrote=2 val=3

## rank=3  algoId=66  tile=32  stages=36  cluster=3  inner=-1  ms=0.3334
    CUBLASLT_ALGO_CAP_REDUCTION_SCHEME_MASK      = 2
    CUBLASLT_ALGO_CAP_CTA_SWIZZLING_SUPPORT      = 0
    CUBLASLT_ALGO_CAP_STRIDED_BATCH_SUPPORT      = 1
    CUBLASLT_ALGO_CAP_OUT_OF_PLACE_RESULT_SUPPORT = 1
    CUBLASLT_ALGO_CAP_CUSTOM_OPTION_MAX          = 7
    CUBLASLT_ALGO_CAP_POINTER_MODE_MASK          = 3
    CUBLASLT_ALGO_CAP_EPILOGUE_MASK              = 1023
    CUBLASLT_ALGO_CAP_TILE_IDS                   = --  (status=7 wrote=0)
    CUBLASLT_ALGO_CAP_STAGES_IDS                 = [36] (n=1, elem=4B)
    CUBLASLT_ALGO_CONFIG_CLUSTER_SHAPE_ID sz=2 → status=0 wrote=2 val=3

# Winner:  rank=1  tile=23  stages=36  cluster=3  inner=-1  splitk=1  swizzle=0  ms=0.3149  cyc=582022

@@RESULT ms=0.3149 cyc=582022 tflops=3090.54 checksum=0.000000 valid=1 c0=0.0

[build] N=512 K=2048 M=928256 flags=['-DM_TOTAL=928256', '-DN_DIM=512', '-DK_DIM=2048']
$ make -B fc2-w3x DFLAGS=-DM_TOTAL=928256 -DN_DIM=512 -DK_DIM=2048
nvcc -gencode arch=compute_100a,code=sm_100a -O3 -std=c++17 -lineinfo --ptxas-options=-v --cudart=static -DM_TOTAL=928256 -DN_DIM=512 -DK_DIM=2048 fc2_w3x.cu -o fc2-w3x -lcurand_static -lculibos -lcuda
ptxas info    : 0 bytes gmem
ptxas info    : Compiling entry function '_Z14fc2_w3x_kernelILi54ELi8ELi64EEv14CUtensorMap_stS0_S0_PK13__nv_bfloat16PS1_PmS5_S5_S5_S5_' for 'sm_100a'
ptxas info    : Function properties for _Z14fc2_w3x_kernelILi54ELi8ELi64EEv14CUtensorMap_stS0_S0_PK13__nv_bfloat16PS1_PmS5_S5_S5_S5_
    0 bytes stack frame, 0 bytes spill stores, 0 bytes spill loads
ptxas info    : Used 68 registers, used 1 barriers
ptxas info    : Compile time = 68.083 ms
ptxas info    : Compiling entry function '_Z14fc2_w3x_kernelILi54ELi8ELi48EEv14CUtensorMap_stS0_S0_PK13__nv_bfloat16PS1_PmS5_S5_S5_S5_' for 'sm_100a'
ptxas info    : Function properties for _Z14fc2_w3x_kernelILi54ELi8ELi48EEv14CUtensorMap_stS0_S0_PK13__nv_bfloat16PS1_PmS5_S5_S5_S5_
    0 bytes stack frame, 0 bytes spill stores, 0 bytes spill loads
ptxas info    : Used 68 registers, used 1 barriers
ptxas info    : Compile time = 64.791 ms
ptxas info    : Compiling entry function '_Z14fc2_w3x_kernelILi54ELi8ELi32EEv14CUtensorMap_stS0_S0_PK13__nv_bfloat16PS1_PmS5_S5_S5_S5_' for 'sm_100a'
ptxas info    : Function properties for _Z14fc2_w3x_kernelILi54ELi8ELi32EEv14CUtensorMap_stS0_S0_PK13__nv_bfloat16PS1_PmS5_S5_S5_S5_
    0 bytes stack frame, 0 bytes spill stores, 0 bytes spill loads
ptxas info    : Used 68 registers, used 1 barriers
ptxas info    : Compile time = 65.221 ms
ptxas info    : Compiling entry function '_Z14fc2_w3x_kernelILi54ELi8ELi24EEv14CUtensorMap_stS0_S0_PK13__nv_bfloat16PS1_PmS5_S5_S5_S5_' for 'sm_100a'
ptxas info    : Function properties for _Z14fc2_w3x_kernelILi54ELi8ELi24EEv14CUtensorMap_stS0_S0_PK13__nv_bfloat16PS1_PmS5_S5_S5_S5_
    0 bytes stack frame, 0 bytes spill stores, 0 bytes spill loads
ptxas info    : Used 68 registers, used 1 barriers
ptxas info    : Compile time = 65.066 ms
ptxas info    : Compiling entry function '_Z14fc2_w3x_kernelILi54ELi8ELi16EEv14CUtensorMap_stS0_S0_PK13__nv_bfloat16PS1_PmS5_S5_S5_S5_' for 'sm_100a'
ptxas info    : Function properties for _Z14fc2_w3x_kernelILi54ELi8ELi16EEv14CUtensorMap_stS0_S0_PK13__nv_bfloat16PS1_PmS5_S5_S5_S5_
    0 bytes stack frame, 0 bytes spill stores, 0 bytes spill loads
ptxas info    : Used 68 registers, used 1 barriers
ptxas info    : Compile time = 65.248 ms
ptxas info    : Compiling entry function '_Z14fc2_w3x_kernelILi54ELi8ELi12EEv14CUtensorMap_stS0_S0_PK13__nv_bfloat16PS1_PmS5_S5_S5_S5_' for 'sm_100a'
ptxas info    : Function properties for _Z14fc2_w3x_kernelILi54ELi8ELi12EEv14CUtensorMap_stS0_S0_PK13__nv_bfloat16PS1_PmS5_S5_S5_S5_
    0 bytes stack frame, 0 bytes spill stores, 0 bytes spill loads
ptxas info    : Used 68 registers, used 1 barriers
ptxas info    : Compile time = 62.862 ms
ptxas info    : Compiling entry function '_Z14fc2_w3x_kernelILi54ELi8ELi8EEv14CUtensorMap_stS0_S0_PK13__nv_bfloat16PS1_PmS5_S5_S5_S5_' for 'sm_100a'
ptxas info    : Function properties for _Z14fc2_w3x_kernelILi54ELi8ELi8EEv14CUtensorMap_stS0_S0_PK13__nv_bfloat16PS1_PmS5_S5_S5_S5_
    0 bytes stack frame, 0 bytes spill stores, 0 bytes spill loads
ptxas info    : Used 68 registers, used 1 barriers
ptxas info    : Compile time = 63.215 ms
ptxas info    : Compiling entry function '_Z14fc2_w3x_kernelILi54ELi8ELi4EEv14CUtensorMap_stS0_S0_PK13__nv_bfloat16PS1_PmS5_S5_S5_S5_' for 'sm_100a'
ptxas info    : Function properties for _Z14fc2_w3x_kernelILi54ELi8ELi4EEv14CUtensorMap_stS0_S0_PK13__nv_bfloat16PS1_PmS5_S5_S5_S5_
    0 bytes stack frame, 0 bytes spill stores, 0 bytes spill loads
ptxas info    : Used 68 registers, used 1 barriers
ptxas info    : Compile time = 63.003 ms
ptxas info    : Compiling entry function '_Z14fc2_w3x_kernelILi54ELi8ELi0EEv14CUtensorMap_stS0_S0_PK13__nv_bfloat16PS1_PmS5_S5_S5_S5_' for 'sm_100a'
ptxas info    : Function properties for _Z14fc2_w3x_kernelILi54ELi8ELi0EEv14CUtensorMap_stS0_S0_PK13__nv_bfloat16PS1_PmS5_S5_S5_S5_
    0 bytes stack frame, 0 bytes spill stores, 0 bytes spill loads
ptxas info    : Used 68 registers, used 1 barriers
ptxas info    : Compile time = 63.447 ms
ptxas info    : Compiling entry function '_Z14fc2_w3x_kernelILi99ELi8ELi20EEv14CUtensorMap_stS0_S0_PK13__nv_bfloat16PS1_PmS5_S5_S5_S5_' for 'sm_100a'
ptxas info    : Function properties for _Z14fc2_w3x_kernelILi99ELi8ELi20EEv14CUtensorMap_stS0_S0_PK13__nv_bfloat16PS1_PmS5_S5_S5_S5_
    0 bytes stack frame, 0 bytes spill stores, 0 bytes spill loads
ptxas info    : Used 68 registers, used 1 barriers
ptxas info    : Compile time = 64.191 ms
ptxas info    : Compiling entry function '_Z14fc2_w3x_kernelILi98ELi8ELi20EEv14CUtensorMap_stS0_S0_PK13__nv_bfloat16PS1_PmS5_S5_S5_S5_' for 'sm_100a'
ptxas info    : Function properties for _Z14fc2_w3x_kernelILi98ELi8ELi20EEv14CUtensorMap_stS0_S0_PK13__nv_bfloat16PS1_PmS5_S5_S5_S5_
    0 bytes stack frame, 0 bytes spill stores, 0 bytes spill loads
ptxas info    : Used 68 registers, used 1 barriers
ptxas info    : Compile time = 63.855 ms
ptxas info    : Compiling entry function '_Z14fc2_w3x_kernelILi97ELi8ELi20EEv14CUtensorMap_stS0_S0_PK13__nv_bfloat16PS1_PmS5_S5_S5_S5_' for 'sm_100a'
ptxas info    : Function properties for _Z14fc2_w3x_kernelILi97ELi8ELi20EEv14CUtensorMap_stS0_S0_PK13__nv_bfloat16PS1_PmS5_S5_S5_S5_
    0 bytes stack frame, 0 bytes spill stores, 0 bytes spill loads
ptxas info    : Used 68 registers, used 1 barriers
ptxas info    : Compile time = 63.004 ms
ptxas info    : Compiling entry function '_Z14fc2_w3x_kernelILi96ELi8ELi20EEv14CUtensorMap_stS0_S0_PK13__nv_bfloat16PS1_PmS5_S5_S5_S5_' for 'sm_100a'
ptxas info    : Function properties for _Z14fc2_w3x_kernelILi96ELi8ELi20EEv14CUtensorMap_stS0_S0_PK13__nv_bfloat16PS1_PmS5_S5_S5_S5_
    0 bytes stack frame, 0 bytes spill stores, 0 bytes spill loads
ptxas info    : Used 68 registers, used 1 barriers
ptxas info    : Compile time = 63.231 ms
ptxas info    : Compiling entry function '_Z14fc2_w3x_kernelILi95ELi8ELi20EEv14CUtensorMap_stS0_S0_PK13__nv_bfloat16PS1_PmS5_S5_S5_S5_' for 'sm_100a'
ptxas info    : Function properties for _Z14fc2_w3x_kernelILi95ELi8ELi20EEv14CUtensorMap_stS0_S0_PK13__nv_bfloat16PS1_PmS5_S5_S5_S5_
    0 bytes stack frame, 0 bytes spill stores, 0 bytes spill loads
ptxas info    : Used 68 registers, used 1 barriers
ptxas info    : Compile time = 63.120 ms
ptxas info    : Compiling entry function '_Z14fc2_w3x_kernelILi94ELi8ELi20EEv14CUtensorMap_stS0_S0_PK13__nv_bfloat16PS1_PmS5_S5_S5_S5_' for 'sm_100a'
ptxas info    : Function properties for _Z14fc2_w3x_kernelILi94ELi8ELi20EEv14CUtensorMap_stS0_S0_PK13__nv_bfloat16PS1_PmS5_S5_S5_S5_
    0 bytes stack frame, 0 bytes spill stores, 0 bytes spill loads
ptxas info    : Used 68 registers, used 1 barriers
ptxas info    : Compile time = 63.040 ms
ptxas info    : Compiling entry function '_Z14fc2_w3x_kernelILi93ELi8ELi20EEv14CUtensorMap_stS0_S0_PK13__nv_bfloat16PS1_PmS5_S5_S5_S5_' for 'sm_100a'
ptxas info    : Function properties for _Z14fc2_w3x_kernelILi93ELi8ELi20EEv14CUtensorMap_stS0_S0_PK13__nv_bfloat16PS1_PmS5_S5_S5_S5_
    0 bytes stack frame, 0 bytes spill stores, 0 bytes spill loads
ptxas info    : Used 68 registers, used 1 barriers
ptxas info    : Compile time = 63.028 ms
ptxas info    : Compiling entry function '_Z14fc2_w3x_kernelILi92ELi8ELi20EEv14CUtensorMap_stS0_S0_PK13__nv_bfloat16PS1_PmS5_S5_S5_S5_' for 'sm_100a'
ptxas info    : Function properties for _Z14fc2_w3x_kernelILi92ELi8ELi20EEv14CUtensorMap_stS0_S0_PK13__nv_bfloat16PS1_PmS5_S5_S5_S5_
    0 bytes stack frame, 0 bytes spill stores, 0 bytes spill loads
ptxas info    : Used 68 registers, used 1 barriers
ptxas info    : Compile time = 62.588 ms
ptxas info    : Compiling entry function '_Z14fc2_w3x_kernelILi91ELi8ELi20EEv14CUtensorMap_stS0_S0_PK13__nv_bfloat16PS1_PmS5_S5_S5_S5_' for 'sm_100a'
ptxas info    : Function properties for _Z14fc2_w3x_kernelILi91ELi8ELi20EEv14CUtensorMap_stS0_S0_PK13__nv_bfloat16PS1_PmS5_S5_S5_S5_
    0 bytes stack frame, 0 bytes spill stores, 0 bytes spill loads
ptxas info    : Used 68 registers, used 1 barriers
ptxas info    : Compile time = 63.243 ms
ptxas info    : Compiling entry function '_Z14fc2_w3x_kernelILi90ELi8ELi20EEv14CUtensorMap_stS0_S0_PK13__nv_bfloat16PS1_PmS5_S5_S5_S5_' for 'sm_100a'
ptxas info    : Function properties for _Z14fc2_w3x_kernelILi90ELi8ELi20EEv14CUtensorMap_stS0_S0_PK13__nv_bfloat16PS1_PmS5_S5_S5_S5_
    0 bytes stack frame, 0 bytes spill stores, 0 bytes spill loads
ptxas info    : Used 68 registers, used 1 barriers
ptxas info    : Compile time = 63.239 ms
ptxas info    : Compiling entry function '_Z14fc2_w3x_kernelILi89ELi8ELi20EEv14CUtensorMap_stS0_S0_PK13__nv_bfloat16PS1_PmS5_S5_S5_S5_' for 'sm_100a'
ptxas info    : Function properties for _Z14fc2_w3x_kernelILi89ELi8ELi20EEv14CUtensorMap_stS0_S0_PK13__nv_bfloat16PS1_PmS5_S5_S5_S5_
    0 bytes stack frame, 0 bytes spill stores, 0 bytes spill loads
ptxas info    : Used 68 registers, used 1 barriers
ptxas info    : Compile time = 63.528 ms
ptxas info    : Compiling entry function '_Z14fc2_w3x_kernelILi88ELi8ELi20EEv14CUtensorMap_stS0_S0_PK13__nv_bfloat16PS1_PmS5_S5_S5_S5_' for 'sm_100a'
ptxas info    : Function properties for _Z14fc2_w3x_kernelILi88ELi8ELi20EEv14CUtensorMap_stS0_S0_PK13__nv_bfloat16PS1_PmS5_S5_S5_S5_
    0 bytes stack frame, 0 bytes spill stores, 0 bytes spill loads
ptxas info    : Used 68 registers, used 1 barriers
ptxas info    : Compile time = 63.915 ms
ptxas info    : Compiling entry function '_Z14fc2_w3x_kernelILi87ELi8ELi20EEv14CUtensorMap_stS0_S0_PK13__nv_bfloat16PS1_PmS5_S5_S5_S5_' for 'sm_100a'
ptxas info    : Function properties for _Z14fc2_w3x_kernelILi87ELi8ELi20EEv14CUtensorMap_stS0_S0_PK13__nv_bfloat16PS1_PmS5_S5_S5_S5_
    0 bytes stack frame, 0 bytes spill stores, 0 bytes spill loads
ptxas info    : Used 68 registers, used 1 barriers
ptxas info    : Compile time = 62.679 ms
ptxas info    : Compiling entry function '_Z14fc2_w3x_kernelILi86ELi8ELi20EEv14CUtensorMap_stS0_S0_PK13__nv_bfloat16PS1_PmS5_S5_S5_S5_' for 'sm_100a'
ptxas info    : Function properties for _Z14fc2_w3x_kernelILi86ELi8ELi20EEv14CUtensorMap_stS0_S0_PK13__nv_bfloat16PS1_PmS5_S5_S5_S5_
    0 bytes stack frame, 0 bytes spill stores, 0 bytes spill loads
ptxas info    : Used 68 registers, used 1 barriers
ptxas info    : Compile time = 62.669 ms
ptxas info    : Compiling entry function '_Z14fc2_w3x_kernelILi85ELi8ELi20EEv14CUtensorMap_stS0_S0_PK13__nv_bfloat16PS1_PmS5_S5_S5_S5_' for 'sm_100a'
ptxas info    : Function properties for _Z14fc2_w3x_kernelILi85ELi8ELi20EEv14CUtensorMap_stS0_S0_PK13__nv_bfloat16PS1_PmS5_S5_S5_S5_
    0 bytes stack frame, 0 bytes spill stores, 0 bytes spill loads
ptxas info    : Used 68 registers, used 1 barriers
ptxas info    : Compile time = 63.045 ms
ptxas info    : Compiling entry function '_Z14fc2_w3x_kernelILi84ELi8ELi20EEv14CUtensorMap_stS0_S0_PK13__nv_bfloat16PS1_PmS5_S5_S5_S5_' for 'sm_100a'
ptxas info    : Function properties for _Z14fc2_w3x_kernelILi84ELi8ELi20EEv14CUtensorMap_stS0_S0_PK13__nv_bfloat16PS1_PmS5_S5_S5_S5_
    0 bytes stack frame, 0 bytes spill stores, 0 bytes spill loads
ptxas info    : Used 68 registers, used 1 barriers
ptxas info    : Compile time = 62.160 ms
ptxas info    : Compiling entry function '_Z14fc2_w3x_kernelILi83ELi8ELi20EEv14CUtensorMap_stS0_S0_PK13__nv_bfloat16PS1_PmS5_S5_S5_S5_' for 'sm_100a'
ptxas info    : Function properties for _Z14fc2_w3x_kernelILi83ELi8ELi20EEv14CUtensorMap_stS0_S0_PK13__nv_bfloat16PS1_PmS5_S5_S5_S5_
    0 bytes stack frame, 0 bytes spill stores, 0 bytes spill loads
ptxas info    : Used 68 registers, used 1 barriers
ptxas info    : Compile time = 63.441 ms
ptxas info    : Compiling entry function '_Z14fc2_w3x_kernelILi82ELi8ELi20EEv14CUtensorMap_stS0_S0_PK13__nv_bfloat16PS1_PmS5_S5_S5_S5_' for 'sm_100a'
ptxas info    : Function properties for _Z14fc2_w3x_kernelILi82ELi8ELi20EEv14CUtensorMap_stS0_S0_PK13__nv_bfloat16PS1_PmS5_S5_S5_S5_
    0 bytes stack frame, 0 bytes spill stores, 0 bytes spill loads
ptxas info    : Used 68 registers, used 1 barriers
ptxas info    : Compile time = 63.276 ms
ptxas info    : Compiling entry function '_Z14fc2_w3x_kernelILi81ELi8ELi20EEv14CUtensorMap_stS0_S0_PK13__nv_bfloat16PS1_PmS5_S5_S5_S5_' for 'sm_100a'
ptxas info    : Function properties for _Z14fc2_w3x_kernelILi81ELi8ELi20EEv14CUtensorMap_stS0_S0_PK13__nv_bfloat16PS1_PmS5_S5_S5_S5_
    0 bytes stack frame, 0 bytes spill stores, 0 bytes spill loads
ptxas info    : Used 68 registers, used 1 barriers
ptxas info    : Compile time = 64.845 ms
ptxas info    : Compiling entry function '_Z14fc2_w3x_kernelILi80ELi8ELi20EEv14CUtensorMap_stS0_S0_PK13__nv_bfloat16PS1_PmS5_S5_S5_S5_' for 'sm_100a'
ptxas info    : Function properties for _Z14fc2_w3x_kernelILi80ELi8ELi20EEv14CUtensorMap_stS0_S0_PK13__nv_bfloat16PS1_PmS5_S5_S5_S5_
    0 bytes stack frame, 0 bytes spill stores, 0 bytes spill loads
ptxas info    : Used 68 registers, used 1 barriers
ptxas info    : Compile time = 63.953 ms
ptxas info    : Compiling entry function '_Z14fc2_w3x_kernelILi58ELi8ELi20EEv14CUtensorMap_stS0_S0_PK13__nv_bfloat16PS1_PmS5_S5_S5_S5_' for 'sm_100a'
ptxas info    : Function properties for _Z14fc2_w3x_kernelILi58ELi8ELi20EEv14CUtensorMap_stS0_S0_PK13__nv_bfloat16PS1_PmS5_S5_S5_S5_
    0 bytes stack frame, 0 bytes spill stores, 0 bytes spill loads
ptxas info    : Used 68 registers, used 1 barriers
ptxas info    : Compile time = 63.480 ms
ptxas info    : Compiling entry function '_Z14fc2_w3x_kernelILi57ELi8ELi20EEv14CUtensorMap_stS0_S0_PK13__nv_bfloat16PS1_PmS5_S5_S5_S5_' for 'sm_100a'
ptxas info    : Function properties for _Z14fc2_w3x_kernelILi57ELi8ELi20EEv14CUtensorMap_stS0_S0_PK13__nv_bfloat16PS1_PmS5_S5_S5_S5_
    0 bytes stack frame, 0 bytes spill stores, 0 bytes spill loads
ptxas info    : Used 68 registers, used 1 barriers
ptxas info    : Compile time = 63.735 ms
ptxas info    : Compiling entry function '_Z14fc2_w3x_kernelILi56ELi8ELi20EEv14CUtensorMap_stS0_S0_PK13__nv_bfloat16PS1_PmS5_S5_S5_S5_' for 'sm_100a'
ptxas info    : Function properties for _Z14fc2_w3x_kernelILi56ELi8ELi20EEv14CUtensorMap_stS0_S0_PK13__nv_bfloat16PS1_PmS5_S5_S5_S5_
    0 bytes stack frame, 0 bytes spill stores, 0 bytes spill loads
ptxas info    : Used 68 registers, used 1 barriers
ptxas info    : Compile time = 63.634 ms
ptxas info    : Compiling entry function '_Z14fc2_w3x_kernelILi55ELi8ELi20EEv14CUtensorMap_stS0_S0_PK13__nv_bfloat16PS1_PmS5_S5_S5_S5_' for 'sm_100a'
ptxas info    : Function properties for _Z14fc2_w3x_kernelILi55ELi8ELi20EEv14CUtensorMap_stS0_S0_PK13__nv_bfloat16PS1_PmS5_S5_S5_S5_
    0 bytes stack frame, 0 bytes spill stores, 0 bytes spill loads
ptxas info    : Used 68 registers, used 1 barriers
ptxas info    : Compile time = 62.842 ms
ptxas info    : Compiling entry function '_Z14fc2_w3x_kernelILi54ELi8ELi20EEv14CUtensorMap_stS0_S0_PK13__nv_bfloat16PS1_PmS5_S5_S5_S5_' for 'sm_100a'
ptxas info    : Function properties for _Z14fc2_w3x_kernelILi54ELi8ELi20EEv14CUtensorMap_stS0_S0_PK13__nv_bfloat16PS1_PmS5_S5_S5_S5_
    0 bytes stack frame, 0 bytes spill stores, 0 bytes spill loads
ptxas info    : Used 68 registers, used 1 barriers
ptxas info    : Compile time = 64.617 ms
ptxas info    : Compiling entry function '_Z14fc2_w3x_kernelILi53ELi8ELi20EEv14CUtensorMap_stS0_S0_PK13__nv_bfloat16PS1_PmS5_S5_S5_S5_' for 'sm_100a'
ptxas info    : Function properties for _Z14fc2_w3x_kernelILi53ELi8ELi20EEv14CUtensorMap_stS0_S0_PK13__nv_bfloat16PS1_PmS5_S5_S5_S5_
    0 bytes stack frame, 0 bytes spill stores, 0 bytes spill loads
ptxas info    : Used 68 registers, used 1 barriers
ptxas info    : Compile time = 64.581 ms
ptxas info    : Compiling entry function '_Z14fc2_w3x_kernelILi52ELi8ELi20EEv14CUtensorMap_stS0_S0_PK13__nv_bfloat16PS1_PmS5_S5_S5_S5_' for 'sm_100a'
ptxas info    : Function properties for _Z14fc2_w3x_kernelILi52ELi8ELi20EEv14CUtensorMap_stS0_S0_PK13__nv_bfloat16PS1_PmS5_S5_S5_S5_
    0 bytes stack frame, 0 bytes spill stores, 0 bytes spill loads
ptxas info    : Used 68 registers, used 1 barriers
ptxas info    : Compile time = 63.201 ms
ptxas info    : Compiling entry function '_Z14fc2_w3x_kernelILi51ELi8ELi20EEv14CUtensorMap_stS0_S0_PK13__nv_bfloat16PS1_PmS5_S5_S5_S5_' for 'sm_100a'
ptxas info    : Function properties for _Z14fc2_w3x_kernelILi51ELi8ELi20EEv14CUtensorMap_stS0_S0_PK13__nv_bfloat16PS1_PmS5_S5_S5_S5_
    0 bytes stack frame, 0 bytes spill stores, 0 bytes spill loads
ptxas info    : Used 68 registers, used 1 barriers
ptxas info    : Compile time = 64.385 ms
ptxas info    : Compiling entry function '_Z14fc2_w3x_kernelILi50ELi8ELi20EEv14CUtensorMap_stS0_S0_PK13__nv_bfloat16PS1_PmS5_S5_S5_S5_' for 'sm_100a'
ptxas info    : Function properties for _Z14fc2_w3x_kernelILi50ELi8ELi20EEv14CUtensorMap_stS0_S0_PK13__nv_bfloat16PS1_PmS5_S5_S5_S5_
    0 bytes stack frame, 0 bytes spill stores, 0 bytes spill loads
ptxas info    : Used 68 registers, used 1 barriers
ptxas info    : Compile time = 63.374 ms
ptxas info    : Compiling entry function '_Z14fc2_w3x_kernelILi49ELi8ELi20EEv14CUtensorMap_stS0_S0_PK13__nv_bfloat16PS1_PmS5_S5_S5_S5_' for 'sm_100a'
ptxas info    : Function properties for _Z14fc2_w3x_kernelILi49ELi8ELi20EEv14CUtensorMap_stS0_S0_PK13__nv_bfloat16PS1_PmS5_S5_S5_S5_
    0 bytes stack frame, 0 bytes spill stores, 0 bytes spill loads
ptxas info    : Used 68 registers, used 1 barriers
ptxas info    : Compile time = 63.002 ms
ptxas info    : Compiling entry function '_Z14fc2_w3x_kernelILi19ELi16ELi20EEv14CUtensorMap_stS0_S0_PK13__nv_bfloat16PS1_PmS5_S5_S5_S5_' for 'sm_100a'
ptxas info    : Function properties for _Z14fc2_w3x_kernelILi19ELi16ELi20EEv14CUtensorMap_stS0_S0_PK13__nv_bfloat16PS1_PmS5_S5_S5_S5_
    0 bytes stack frame, 0 bytes spill stores, 0 bytes spill loads
ptxas info    : Used 68 registers, used 1 barriers
ptxas info    : Compile time = 64.003 ms
ptxas info    : Compiling entry function '_Z14fc2_w3x_kernelILi19ELi4ELi20EEv14CUtensorMap_stS0_S0_PK13__nv_bfloat16PS1_PmS5_S5_S5_S5_' for 'sm_100a'
ptxas info    : Function properties for _Z14fc2_w3x_kernelILi19ELi4ELi20EEv14CUtensorMap_stS0_S0_PK13__nv_bfloat16PS1_PmS5_S5_S5_S5_
    0 bytes stack frame, 0 bytes spill stores, 0 bytes spill loads
ptxas info    : Used 68 registers, used 1 barriers
ptxas info    : Compile time = 63.612 ms
ptxas info    : Compiling entry function '_Z14fc2_w3x_kernelILi48ELi8ELi20EEv14CUtensorMap_stS0_S0_PK13__nv_bfloat16PS1_PmS5_S5_S5_S5_' for 'sm_100a'
ptxas info    : Function properties for _Z14fc2_w3x_kernelILi48ELi8ELi20EEv14CUtensorMap_stS0_S0_PK13__nv_bfloat16PS1_PmS5_S5_S5_S5_
    0 bytes stack frame, 0 bytes spill stores, 0 bytes spill loads
ptxas info    : Used 68 registers, used 1 barriers
ptxas info    : Compile time = 63.810 ms
ptxas info    : Compiling entry function '_Z14fc2_w3x_kernelILi47ELi8ELi20EEv14CUtensorMap_stS0_S0_PK13__nv_bfloat16PS1_PmS5_S5_S5_S5_' for 'sm_100a'
ptxas info    : Function properties for _Z14fc2_w3x_kernelILi47ELi8ELi20EEv14CUtensorMap_stS0_S0_PK13__nv_bfloat16PS1_PmS5_S5_S5_S5_
    0 bytes stack frame, 0 bytes spill stores, 0 bytes spill loads
ptxas info    : Used 68 registers, used 1 barriers
ptxas info    : Compile time = 63.790 ms
ptxas info    : Compiling entry function '_Z14fc2_w3x_kernelILi46ELi8ELi20EEv14CUtensorMap_stS0_S0_PK13__nv_bfloat16PS1_PmS5_S5_S5_S5_' for 'sm_100a'
ptxas info    : Function properties for _Z14fc2_w3x_kernelILi46ELi8ELi20EEv14CUtensorMap_stS0_S0_PK13__nv_bfloat16PS1_PmS5_S5_S5_S5_
    0 bytes stack frame, 0 bytes spill stores, 0 bytes spill loads
ptxas info    : Used 68 registers, used 1 barriers
ptxas info    : Compile time = 65.082 ms
ptxas info    : Compiling entry function '_Z14fc2_w3x_kernelILi45ELi8ELi20EEv14CUtensorMap_stS0_S0_PK13__nv_bfloat16PS1_PmS5_S5_S5_S5_' for 'sm_100a'
ptxas info    : Function properties for _Z14fc2_w3x_kernelILi45ELi8ELi20EEv14CUtensorMap_stS0_S0_PK13__nv_bfloat16PS1_PmS5_S5_S5_S5_
    0 bytes stack frame, 0 bytes spill stores, 0 bytes spill loads
ptxas info    : Used 68 registers, used 1 barriers
ptxas info    : Compile time = 65.221 ms
ptxas info    : Compiling entry function '_Z14fc2_w3x_kernelILi44ELi8ELi20EEv14CUtensorMap_stS0_S0_PK13__nv_bfloat16PS1_PmS5_S5_S5_S5_' for 'sm_100a'
ptxas info    : Function properties for _Z14fc2_w3x_kernelILi44ELi8ELi20EEv14CUtensorMap_stS0_S0_PK13__nv_bfloat16PS1_PmS5_S5_S5_S5_
    0 bytes stack frame, 0 bytes spill stores, 0 bytes spill loads
ptxas info    : Used 68 registers, used 1 barriers
ptxas info    : Compile time = 65.034 ms
ptxas info    : Compiling entry function '_Z14fc2_w3x_kernelILi43ELi8ELi20EEv14CUtensorMap_stS0_S0_PK13__nv_bfloat16PS1_PmS5_S5_S5_S5_' for 'sm_100a'
ptxas info    : Function properties for _Z14fc2_w3x_kernelILi43ELi8ELi20EEv14CUtensorMap_stS0_S0_PK13__nv_bfloat16PS1_PmS5_S5_S5_S5_
    0 bytes stack frame, 0 bytes spill stores, 0 bytes spill loads
ptxas info    : Used 68 registers, used 1 barriers
ptxas info    : Compile time = 65.278 ms
ptxas info    : Compiling entry function '_Z14fc2_w3x_kernelILi41ELi8ELi20EEv14CUtensorMap_stS0_S0_PK13__nv_bfloat16PS1_PmS5_S5_S5_S5_' for 'sm_100a'
ptxas info    : Function properties for _Z14fc2_w3x_kernelILi41ELi8ELi20EEv14CUtensorMap_stS0_S0_PK13__nv_bfloat16PS1_PmS5_S5_S5_S5_
    0 bytes stack frame, 0 bytes spill stores, 0 bytes spill loads
ptxas info    : Used 68 registers, used 1 barriers
ptxas info    : Compile time = 62.457 ms
ptxas info    : Compiling entry function '_Z14fc2_w3x_kernelILi40ELi8ELi20EEv14CUtensorMap_stS0_S0_PK13__nv_bfloat16PS1_PmS5_S5_S5_S5_' for 'sm_100a'
ptxas info    : Function properties for _Z14fc2_w3x_kernelILi40ELi8ELi20EEv14CUtensorMap_stS0_S0_PK13__nv_bfloat16PS1_PmS5_S5_S5_S5_
    0 bytes stack frame, 0 bytes spill stores, 0 bytes spill loads
ptxas info    : Used 68 registers, used 1 barriers
ptxas info    : Compile time = 63.194 ms
ptxas info    : Compiling entry function '_Z14fc2_w3x_kernelILi39ELi8ELi20EEv14CUtensorMap_stS0_S0_PK13__nv_bfloat16PS1_PmS5_S5_S5_S5_' for 'sm_100a'
ptxas info    : Function properties for _Z14fc2_w3x_kernelILi39ELi8ELi20EEv14CUtensorMap_stS0_S0_PK13__nv_bfloat16PS1_PmS5_S5_S5_S5_
    0 bytes stack frame, 0 bytes spill stores, 0 bytes spill loads
ptxas info    : Used 68 registers, used 1 barriers
ptxas info    : Compile time = 65.131 ms
ptxas info    : Compiling entry function '_Z14fc2_w3x_kernelILi38ELi8ELi20EEv14CUtensorMap_stS0_S0_PK13__nv_bfloat16PS1_PmS5_S5_S5_S5_' for 'sm_100a'
ptxas info    : Function properties for _Z14fc2_w3x_kernelILi38ELi8ELi20EEv14CUtensorMap_stS0_S0_PK13__nv_bfloat16PS1_PmS5_S5_S5_S5_
    0 bytes stack frame, 0 bytes spill stores, 0 bytes spill loads
ptxas info    : Used 68 registers, used 1 barriers
ptxas info    : Compile time = 65.398 ms
ptxas info    : Compiling entry function '_Z14fc2_w3x_kernelILi36ELi4ELi20EEv14CUtensorMap_stS0_S0_PK13__nv_bfloat16PS1_PmS5_S5_S5_S5_' for 'sm_100a'
ptxas info    : Function properties for _Z14fc2_w3x_kernelILi36ELi4ELi20EEv14CUtensorMap_stS0_S0_PK13__nv_bfloat16PS1_PmS5_S5_S5_S5_
    0 bytes stack frame, 0 bytes spill stores, 0 bytes spill loads
ptxas info    : Used 68 registers, used 1 barriers
ptxas info    : Compile time = 64.309 ms
ptxas info    : Compiling entry function '_Z14fc2_w3x_kernelILi35ELi4ELi20EEv14CUtensorMap_stS0_S0_PK13__nv_bfloat16PS1_PmS5_S5_S5_S5_' for 'sm_100a'
ptxas info    : Function properties for _Z14fc2_w3x_kernelILi35ELi4ELi20EEv14CUtensorMap_stS0_S0_PK13__nv_bfloat16PS1_PmS5_S5_S5_S5_
    0 bytes stack frame, 0 bytes spill stores, 0 bytes spill loads
ptxas info    : Used 68 registers, used 1 barriers
ptxas info    : Compile time = 64.930 ms
ptxas info    : Compiling entry function '_Z14fc2_w3x_kernelILi34ELi8ELi20EEv14CUtensorMap_stS0_S0_PK13__nv_bfloat16PS1_PmS5_S5_S5_S5_' for 'sm_100a'
ptxas info    : Function properties for _Z14fc2_w3x_kernelILi34ELi8ELi20EEv14CUtensorMap_stS0_S0_PK13__nv_bfloat16PS1_PmS5_S5_S5_S5_
    0 bytes stack frame, 0 bytes spill stores, 0 bytes spill loads
ptxas info    : Used 68 registers, used 1 barriers
ptxas info    : Compile time = 63.151 ms
ptxas info    : Compiling entry function '_Z14fc2_w3x_kernelILi33ELi8ELi20EEv14CUtensorMap_stS0_S0_PK13__nv_bfloat16PS1_PmS5_S5_S5_S5_' for 'sm_100a'
ptxas info    : Function properties for _Z14fc2_w3x_kernelILi33ELi8ELi20EEv14CUtensorMap_stS0_S0_PK13__nv_bfloat16PS1_PmS5_S5_S5_S5_
    0 bytes stack frame, 0 bytes spill stores, 0 bytes spill loads
ptxas info    : Used 68 registers, used 1 barriers
ptxas info    : Compile time = 63.621 ms
ptxas info    : Compiling entry function '_Z14fc2_w3x_kernelILi19ELi8ELi20EEv14CUtensorMap_stS0_S0_PK13__nv_bfloat16PS1_PmS5_S5_S5_S5_' for 'sm_100a'
ptxas info    : Function properties for _Z14fc2_w3x_kernelILi19ELi8ELi20EEv14CUtensorMap_stS0_S0_PK13__nv_bfloat16PS1_PmS5_S5_S5_S5_
    0 bytes stack frame, 0 bytes spill stores, 0 bytes spill loads
ptxas info    : Used 68 registers, used 1 barriers
ptxas info    : Compile time = 63.268 ms
ptxas info    : Compiling entry function '_Z14fc2_w3x_kernelILi18ELi8ELi20EEv14CUtensorMap_stS0_S0_PK13__nv_bfloat16PS1_PmS5_S5_S5_S5_' for 'sm_100a'
ptxas info    : Function properties for _Z14fc2_w3x_kernelILi18ELi8ELi20EEv14CUtensorMap_stS0_S0_PK13__nv_bfloat16PS1_PmS5_S5_S5_S5_
    0 bytes stack frame, 0 bytes spill stores, 0 bytes spill loads
ptxas info    : Used 68 registers, used 1 barriers
ptxas info    : Compile time = 63.744 ms
ptxas info    : Compiling entry function '_Z14fc2_w3x_kernelILi13ELi8ELi20EEv14CUtensorMap_stS0_S0_PK13__nv_bfloat16PS1_PmS5_S5_S5_S5_' for 'sm_100a'
ptxas info    : Function properties for _Z14fc2_w3x_kernelILi13ELi8ELi20EEv14CUtensorMap_stS0_S0_PK13__nv_bfloat16PS1_PmS5_S5_S5_S5_
    0 bytes stack frame, 0 bytes spill stores, 0 bytes spill loads
ptxas info    : Used 68 registers, used 1 barriers
ptxas info    : Compile time = 60.688 ms
ptxas info    : Compiling entry function '_Z14fc2_w3x_kernelILi11ELi8ELi20EEv14CUtensorMap_stS0_S0_PK13__nv_bfloat16PS1_PmS5_S5_S5_S5_' for 'sm_100a'
ptxas info    : Function properties for _Z14fc2_w3x_kernelILi11ELi8ELi20EEv14CUtensorMap_stS0_S0_PK13__nv_bfloat16PS1_PmS5_S5_S5_S5_
    0 bytes stack frame, 0 bytes spill stores, 0 bytes spill loads
ptxas info    : Used 68 registers, used 1 barriers
ptxas info    : Compile time = 61.775 ms
ptxas info    : Compiling entry function '_Z14fc2_w3x_kernelILi0ELi32ELi20EEv14CUtensorMap_stS0_S0_PK13__nv_bfloat16PS1_PmS5_S5_S5_S5_' for 'sm_100a'
ptxas info    : Function properties for _Z14fc2_w3x_kernelILi0ELi32ELi20EEv14CUtensorMap_stS0_S0_PK13__nv_bfloat16PS1_PmS5_S5_S5_S5_
    0 bytes stack frame, 0 bytes spill stores, 0 bytes spill loads
ptxas info    : Used 68 registers, used 1 barriers
ptxas info    : Compile time = 62.597 ms
ptxas info    : Compiling entry function '_Z14fc2_w3x_kernelILi0ELi16ELi20EEv14CUtensorMap_stS0_S0_PK13__nv_bfloat16PS1_PmS5_S5_S5_S5_' for 'sm_100a'
ptxas info    : Function properties for _Z14fc2_w3x_kernelILi0ELi16ELi20EEv14CUtensorMap_stS0_S0_PK13__nv_bfloat16PS1_PmS5_S5_S5_S5_
    0 bytes stack frame, 0 bytes spill stores, 0 bytes spill loads
ptxas info    : Used 68 registers, used 1 barriers
ptxas info    : Compile time = 62.645 ms
ptxas info    : Compiling entry function '_Z14fc2_w3x_kernelILi0ELi4ELi20EEv14CUtensorMap_stS0_S0_PK13__nv_bfloat16PS1_PmS5_S5_S5_S5_' for 'sm_100a'
ptxas info    : Function properties for _Z14fc2_w3x_kernelILi0ELi4ELi20EEv14CUtensorMap_stS0_S0_PK13__nv_bfloat16PS1_PmS5_S5_S5_S5_
    0 bytes stack frame, 0 bytes spill stores, 0 bytes spill loads
ptxas info    : Used 68 registers, used 1 barriers
ptxas info    : Compile time = 62.828 ms
ptxas info    : Compiling entry function '_Z14fc2_w3x_kernelILi0ELi2ELi20EEv14CUtensorMap_stS0_S0_PK13__nv_bfloat16PS1_PmS5_S5_S5_S5_' for 'sm_100a'
ptxas info    : Function properties for _Z14fc2_w3x_kernelILi0ELi2ELi20EEv14CUtensorMap_stS0_S0_PK13__nv_bfloat16PS1_PmS5_S5_S5_S5_
    0 bytes stack frame, 0 bytes spill stores, 0 bytes spill loads
ptxas info    : Used 68 registers, used 1 barriers
ptxas info    : Compile time = 61.068 ms
ptxas info    : Compiling entry function '_Z14fc2_w3x_kernelILi0ELi8ELi20EEv14CUtensorMap_stS0_S0_PK13__nv_bfloat16PS1_PmS5_S5_S5_S5_' for 'sm_100a'
ptxas info    : Function properties for _Z14fc2_w3x_kernelILi0ELi8ELi20EEv14CUtensorMap_stS0_S0_PK13__nv_bfloat16PS1_PmS5_S5_S5_S5_
    0 bytes stack frame, 0 bytes spill stores, 0 bytes spill loads
ptxas info    : Used 68 registers, used 1 barriers
ptxas info    : Compile time = 62.938 ms
--- rep 1/3 ec=0
FC2 W3X kernel — 6-warp bias-only rank-1-shaped persistent
  [928256,2048] x [512,2048]^T  NS=6  THREADS=192  SMEM=214656 B  (cap 228KB)
  Alloc + init + pack done
  TMA + func attr done (SMEM=214656 B)  variant=default TD=0 DGG=8
Warmup (2 iters)...
Timing 1 reps × 10 iters/rep × 1 variant ...
@@SAMPLE rep=1 ms=0.52120 cyc=952534 cyc_min=942345 cyc_p50=948156 cyc_p95=951875 cyc_max=952534
@@STATS reps=1 mean=0.52120 std=0.00000 min=0.52120 p25=0.52120 p50=0.52120 p75=0.52120 max=0.52120 iqr=0.00000
FC2-W3X kernel: 0.521 ms  3735.02 TFLOPS
PASS  errors=0/32
@@RESULT ms=0.5212 tflops=3735.02 checksum=0.000000 valid=1 c0=3072.0
--- rep 2/3 ec=0
FC2 W3X kernel — 6-warp bias-only rank-1-shaped persistent
  [928256,2048] x [512,2048]^T  NS=6  THREADS=192  SMEM=214656 B  (cap 228KB)
  Alloc + init + pack done
  TMA + func attr done (SMEM=214656 B)  variant=default TD=0 DGG=8
Warmup (2 iters)...
Timing 1 reps × 10 iters/rep × 1 variant ...
@@SAMPLE rep=1 ms=0.52204 cyc=954405 cyc_min=942432 cyc_p50=948318 cyc_p95=952617 cyc_max=954405
@@STATS reps=1 mean=0.52204 std=0.00000 min=0.52204 p25=0.52204 p50=0.52204 p75=0.52204 max=0.52204 iqr=0.00000
FC2-W3X kernel: 0.522 ms  3729.00 TFLOPS
PASS  errors=0/32
@@RESULT ms=0.5220 tflops=3729.00 checksum=0.000000 valid=1 c0=3072.0
--- rep 3/3 ec=0
FC2 W3X kernel — 6-warp bias-only rank-1-shaped persistent
  [928256,2048] x [512,2048]^T  NS=6  THREADS=192  SMEM=214656 B  (cap 228KB)
  Alloc + init + pack done
  TMA + func attr done (SMEM=214656 B)  variant=default TD=0 DGG=8
Warmup (2 iters)...
Timing 1 reps × 10 iters/rep × 1 variant ...
@@SAMPLE rep=1 ms=0.52125 cyc=952502 cyc_min=942134 cyc_p50=948082 cyc_p95=952238 cyc_max=952502
@@STATS reps=1 mean=0.52125 std=0.00000 min=0.52125 p25=0.52125 p50=0.52125 p75=0.52125 max=0.52125 iqr=0.00000
FC2-W3X kernel: 0.521 ms  3734.68 TFLOPS
PASS  errors=0/32
@@RESULT ms=0.5212 tflops=3734.68 checksum=0.000000 valid=1 c0=3072.0
--- cublas epi=3 rep 1/1 ec=0
### CUBLASLT INTROSPECT M=928256 N=512 K=2048 epi=bias_only scale=per_tensor
### Heuristics returned: 8

# TSV
rank	heur	ms	cyc	algoId	tile	stages	cluster	inner	splitk	redux	swizzle	custom	waves	ws_MB
1	0	0.5194	959143	66	23	36	3	-1	1	0	0	1	98.00	0.0
2	2	0.5460	1007626	66	32	36	3	-1	1	0	0	1	130.68	0.0
3	5	0.5543	1022954	66	201	36	5	-1	1	0	0	2	147.00	0.0
4	4	0.5557	1025658	66	29	36	3	-1	1	0	0	1	156.81	0.0
5	3	0.6105	1126505	66	513	36	3	-1	1	0	0	1	49.00	0.0
6	7	0.6138	1132609	66	232	36	3	-1	1	0	0	1	65.34	0.0
7	1	0.6661	1229422	66	24	36	5	-1	1	0	0	3	98.00	0.0
8	6	0.7706	1421889	66	495	36	5	-1	1	0	0	3	130.68	0.0

# Top-3 caps:

## rank=1  algoId=66  tile=23  stages=36  cluster=3  inner=-1  ms=0.5194
    CUBLASLT_ALGO_CAP_REDUCTION_SCHEME_MASK      = 2
    CUBLASLT_ALGO_CAP_CTA_SWIZZLING_SUPPORT      = 0
    CUBLASLT_ALGO_CAP_STRIDED_BATCH_SUPPORT      = 1
    CUBLASLT_ALGO_CAP_OUT_OF_PLACE_RESULT_SUPPORT = 1
    CUBLASLT_ALGO_CAP_CUSTOM_OPTION_MAX          = 7
    CUBLASLT_ALGO_CAP_POINTER_MODE_MASK          = 3
    CUBLASLT_ALGO_CAP_EPILOGUE_MASK              = 1023
    CUBLASLT_ALGO_CAP_TILE_IDS                   = --  (status=7 wrote=0)
    CUBLASLT_ALGO_CAP_STAGES_IDS                 = [36] (n=1, elem=4B)
    CUBLASLT_ALGO_CONFIG_CLUSTER_SHAPE_ID sz=2 → status=0 wrote=2 val=3

## rank=2  algoId=66  tile=32  stages=36  cluster=3  inner=-1  ms=0.5460
    CUBLASLT_ALGO_CAP_REDUCTION_SCHEME_MASK      = 2
    CUBLASLT_ALGO_CAP_CTA_SWIZZLING_SUPPORT      = 0
    CUBLASLT_ALGO_CAP_STRIDED_BATCH_SUPPORT      = 1
    CUBLASLT_ALGO_CAP_OUT_OF_PLACE_RESULT_SUPPORT = 1
    CUBLASLT_ALGO_CAP_CUSTOM_OPTION_MAX          = 7
    CUBLASLT_ALGO_CAP_POINTER_MODE_MASK          = 3
    CUBLASLT_ALGO_CAP_EPILOGUE_MASK              = 1023
    CUBLASLT_ALGO_CAP_TILE_IDS                   = --  (status=7 wrote=0)
    CUBLASLT_ALGO_CAP_STAGES_IDS                 = [36] (n=1, elem=4B)
    CUBLASLT_ALGO_CONFIG_CLUSTER_SHAPE_ID sz=2 → status=0 wrote=2 val=3

## rank=3  algoId=66  tile=201  stages=36  cluster=5  inner=-1  ms=0.5543
    CUBLASLT_ALGO_CAP_REDUCTION_SCHEME_MASK      = 2
    CUBLASLT_ALGO_CAP_CTA_SWIZZLING_SUPPORT      = 0
    CUBLASLT_ALGO_CAP_STRIDED_BATCH_SUPPORT      = 1
    CUBLASLT_ALGO_CAP_OUT_OF_PLACE_RESULT_SUPPORT = 1
    CUBLASLT_ALGO_CAP_CUSTOM_OPTION_MAX          = 7
    CUBLASLT_ALGO_CAP_POINTER_MODE_MASK          = 3
    CUBLASLT_ALGO_CAP_EPILOGUE_MASK              = 1023
    CUBLASLT_ALGO_CAP_TILE_IDS                   = --  (status=7 wrote=0)
    CUBLASLT_ALGO_CAP_STAGES_IDS                 = [36] (n=1, elem=4B)
    CUBLASLT_ALGO_CONFIG_CLUSTER_SHAPE_ID sz=2 → status=0 wrote=2 val=5

# Winner:  rank=1  tile=23  stages=36  cluster=3  inner=-1  splitk=1  swizzle=0  ms=0.5194  cyc=959143

@@RESULT ms=0.5194 cyc=959143 tflops=3747.93 checksum=0.000000 valid=1 c0=0.0
--- cublas epi=0 rep 1/1 ec=0
### CUBLASLT INTROSPECT M=928256 N=512 K=2048 epi=none scale=per_tensor
### Heuristics returned: 8

# TSV
rank	heur	ms	cyc	algoId	tile	stages	cluster	inner	splitk	redux	swizzle	custom	waves	ws_MB
1	0	0.5140	949219	66	23	36	3	-1	1	0	0	1	98.00	0.0
2	2	0.5405	997536	66	32	36	3	-1	1	0	0	1	130.68	0.0
3	5	0.5431	1002633	66	201	36	5	-1	1	0	0	2	147.00	0.0
4	4	0.5518	1018727	66	29	36	3	-1	1	0	0	1	156.81	0.0
5	3	0.5800	1070501	66	513	36	3	-1	1	0	0	1	49.00	0.0
6	7	0.6006	1108144	66	232	36	3	-1	1	0	0	1	65.34	0.0
7	1	0.6633	1224436	66	24	36	5	-1	1	0	0	3	98.00	0.0
8	6	0.7631	1408260	66	495	36	5	-1	1	0	0	3	130.68	0.0

# Top-3 caps:

## rank=1  algoId=66  tile=23  stages=36  cluster=3  inner=-1  ms=0.5140
    CUBLASLT_ALGO_CAP_REDUCTION_SCHEME_MASK      = 2
    CUBLASLT_ALGO_CAP_CTA_SWIZZLING_SUPPORT      = 0
    CUBLASLT_ALGO_CAP_STRIDED_BATCH_SUPPORT      = 1
    CUBLASLT_ALGO_CAP_OUT_OF_PLACE_RESULT_SUPPORT = 1
    CUBLASLT_ALGO_CAP_CUSTOM_OPTION_MAX          = 7
    CUBLASLT_ALGO_CAP_POINTER_MODE_MASK          = 3
    CUBLASLT_ALGO_CAP_EPILOGUE_MASK              = 1023
    CUBLASLT_ALGO_CAP_TILE_IDS                   = --  (status=7 wrote=0)
    CUBLASLT_ALGO_CAP_STAGES_IDS                 = [36] (n=1, elem=4B)
    CUBLASLT_ALGO_CONFIG_CLUSTER_SHAPE_ID sz=2 → status=0 wrote=2 val=3

## rank=2  algoId=66  tile=32  stages=36  cluster=3  inner=-1  ms=0.5405
    CUBLASLT_ALGO_CAP_REDUCTION_SCHEME_MASK      = 2
    CUBLASLT_ALGO_CAP_CTA_SWIZZLING_SUPPORT      = 0
    CUBLASLT_ALGO_CAP_STRIDED_BATCH_SUPPORT      = 1
    CUBLASLT_ALGO_CAP_OUT_OF_PLACE_RESULT_SUPPORT = 1
    CUBLASLT_ALGO_CAP_CUSTOM_OPTION_MAX          = 7
    CUBLASLT_ALGO_CAP_POINTER_MODE_MASK          = 3
    CUBLASLT_ALGO_CAP_EPILOGUE_MASK              = 1023
    CUBLASLT_ALGO_CAP_TILE_IDS                   = --  (status=7 wrote=0)
    CUBLASLT_ALGO_CAP_STAGES_IDS                 = [36] (n=1, elem=4B)
    CUBLASLT_ALGO_CONFIG_CLUSTER_SHAPE_ID sz=2 → status=0 wrote=2 val=3

## rank=3  algoId=66  tile=201  stages=36  cluster=5  inner=-1  ms=0.5431
    CUBLASLT_ALGO_CAP_REDUCTION_SCHEME_MASK      = 2
    CUBLASLT_ALGO_CAP_CTA_SWIZZLING_SUPPORT      = 0
    CUBLASLT_ALGO_CAP_STRIDED_BATCH_SUPPORT      = 1
    CUBLASLT_ALGO_CAP_OUT_OF_PLACE_RESULT_SUPPORT = 1
    CUBLASLT_ALGO_CAP_CUSTOM_OPTION_MAX          = 7
    CUBLASLT_ALGO_CAP_POINTER_MODE_MASK          = 3
    CUBLASLT_ALGO_CAP_EPILOGUE_MASK              = 1023
    CUBLASLT_ALGO_CAP_TILE_IDS                   = --  (status=7 wrote=0)
    CUBLASLT_ALGO_CAP_STAGES_IDS                 = [36] (n=1, elem=4B)
    CUBLASLT_ALGO_CONFIG_CLUSTER_SHAPE_ID sz=2 → status=0 wrote=2 val=5

# Winner:  rank=1  tile=23  stages=36  cluster=3  inner=-1  splitk=1  swizzle=0  ms=0.5140  cyc=949219

@@RESULT ms=0.5140 cyc=949219 tflops=3787.30 checksum=0.000000 valid=1 c0=0.0

[build] N=512 K=4096 M=928256 flags=['-DM_TOTAL=928256', '-DN_DIM=512', '-DK_DIM=4096']
$ make -B fc2-w3x DFLAGS=-DM_TOTAL=928256 -DN_DIM=512 -DK_DIM=4096
nvcc -gencode arch=compute_100a,code=sm_100a -O3 -std=c++17 -lineinfo --ptxas-options=-v --cudart=static -DM_TOTAL=928256 -DN_DIM=512 -DK_DIM=4096 fc2_w3x.cu -o fc2-w3x -lcurand_static -lculibos -lcuda
fc2_w3x.cu(1511): warning #177-D: function "mbar_arrive" was declared but never referenced
  void mbar_arrive(uint32_t addr) {
       ^

Remark: The warnings can be suppressed with "-diag-suppress <warning-number>"

ptxas info    : 0 bytes gmem
ptxas info    : Compiling entry function '_Z14fc2_w3x_kernelILi54ELi8ELi64EEv14CUtensorMap_stS0_S0_PK13__nv_bfloat16PS1_PmS5_S5_S5_S5_' for 'sm_100a'
ptxas info    : Function properties for _Z14fc2_w3x_kernelILi54ELi8ELi64EEv14CUtensorMap_stS0_S0_PK13__nv_bfloat16PS1_PmS5_S5_S5_S5_
    0 bytes stack frame, 0 bytes spill stores, 0 bytes spill loads
ptxas info    : Used 66 registers, used 1 barriers
ptxas info    : Compile time = 74.193 ms
ptxas info    : Compiling entry function '_Z14fc2_w3x_kernelILi54ELi8ELi48EEv14CUtensorMap_stS0_S0_PK13__nv_bfloat16PS1_PmS5_S5_S5_S5_' for 'sm_100a'
ptxas info    : Function properties for _Z14fc2_w3x_kernelILi54ELi8ELi48EEv14CUtensorMap_stS0_S0_PK13__nv_bfloat16PS1_PmS5_S5_S5_S5_
    0 bytes stack frame, 0 bytes spill stores, 0 bytes spill loads
ptxas info    : Used 66 registers, used 1 barriers
ptxas info    : Compile time = 70.881 ms
ptxas info    : Compiling entry function '_Z14fc2_w3x_kernelILi54ELi8ELi32EEv14CUtensorMap_stS0_S0_PK13__nv_bfloat16PS1_PmS5_S5_S5_S5_' for 'sm_100a'
ptxas info    : Function properties for _Z14fc2_w3x_kernelILi54ELi8ELi32EEv14CUtensorMap_stS0_S0_PK13__nv_bfloat16PS1_PmS5_S5_S5_S5_
    0 bytes stack frame, 0 bytes spill stores, 0 bytes spill loads
ptxas info    : Used 66 registers, used 1 barriers
ptxas info    : Compile time = 69.568 ms
ptxas info    : Compiling entry function '_Z14fc2_w3x_kernelILi54ELi8ELi24EEv14CUtensorMap_stS0_S0_PK13__nv_bfloat16PS1_PmS5_S5_S5_S5_' for 'sm_100a'
ptxas info    : Function properties for _Z14fc2_w3x_kernelILi54ELi8ELi24EEv14CUtensorMap_stS0_S0_PK13__nv_bfloat16PS1_PmS5_S5_S5_S5_
    0 bytes stack frame, 0 bytes spill stores, 0 bytes spill loads
ptxas info    : Used 66 registers, used 1 barriers
ptxas info    : Compile time = 69.886 ms
ptxas info    : Compiling entry function '_Z14fc2_w3x_kernelILi54ELi8ELi16EEv14CUtensorMap_stS0_S0_PK13__nv_bfloat16PS1_PmS5_S5_S5_S5_' for 'sm_100a'
ptxas info    : Function properties for _Z14fc2_w3x_kernelILi54ELi8ELi16EEv14CUtensorMap_stS0_S0_PK13__nv_bfloat16PS1_PmS5_S5_S5_S5_
    0 bytes stack frame, 0 bytes spill stores, 0 bytes spill loads
ptxas info    : Used 66 registers, used 1 barriers
ptxas info    : Compile time = 70.651 ms
ptxas info    : Compiling entry function '_Z14fc2_w3x_kernelILi54ELi8ELi12EEv14CUtensorMap_stS0_S0_PK13__nv_bfloat16PS1_PmS5_S5_S5_S5_' for 'sm_100a'
ptxas info    : Function properties for _Z14fc2_w3x_kernelILi54ELi8ELi12EEv14CUtensorMap_stS0_S0_PK13__nv_bfloat16PS1_PmS5_S5_S5_S5_
    0 bytes stack frame, 0 bytes spill stores, 0 bytes spill loads
ptxas info    : Used 66 registers, used 1 barriers
ptxas info    : Compile time = 70.596 ms
ptxas info    : Compiling entry function '_Z14fc2_w3x_kernelILi54ELi8ELi8EEv14CUtensorMap_stS0_S0_PK13__nv_bfloat16PS1_PmS5_S5_S5_S5_' for 'sm_100a'
ptxas info    : Function properties for _Z14fc2_w3x_kernelILi54ELi8ELi8EEv14CUtensorMap_stS0_S0_PK13__nv_bfloat16PS1_PmS5_S5_S5_S5_
    0 bytes stack frame, 0 bytes spill stores, 0 bytes spill loads
ptxas info    : Used 66 registers, used 1 barriers
ptxas info    : Compile time = 70.890 ms
ptxas info    : Compiling entry function '_Z14fc2_w3x_kernelILi54ELi8ELi4EEv14CUtensorMap_stS0_S0_PK13__nv_bfloat16PS1_PmS5_S5_S5_S5_' for 'sm_100a'
ptxas info    : Function properties for _Z14fc2_w3x_kernelILi54ELi8ELi4EEv14CUtensorMap_stS0_S0_PK13__nv_bfloat16PS1_PmS5_S5_S5_S5_
    0 bytes stack frame, 0 bytes spill stores, 0 bytes spill loads
ptxas info    : Used 66 registers, used 1 barriers
ptxas info    : Compile time = 71.220 ms
ptxas info    : Compiling entry function '_Z14fc2_w3x_kernelILi54ELi8ELi0EEv14CUtensorMap_stS0_S0_PK13__nv_bfloat16PS1_PmS5_S5_S5_S5_' for 'sm_100a'
ptxas info    : Function properties for _Z14fc2_w3x_kernelILi54ELi8ELi0EEv14CUtensorMap_stS0_S0_PK13__nv_bfloat16PS1_PmS5_S5_S5_S5_
    0 bytes stack frame, 0 bytes spill stores, 0 bytes spill loads
ptxas info    : Used 66 registers, used 1 barriers
ptxas info    : Compile time = 72.106 ms
ptxas info    : Compiling entry function '_Z14fc2_w3x_kernelILi99ELi8ELi20EEv14CUtensorMap_stS0_S0_PK13__nv_bfloat16PS1_PmS5_S5_S5_S5_' for 'sm_100a'
ptxas info    : Function properties for _Z14fc2_w3x_kernelILi99ELi8ELi20EEv14CUtensorMap_stS0_S0_PK13__nv_bfloat16PS1_PmS5_S5_S5_S5_
    0 bytes stack frame, 0 bytes spill stores, 0 bytes spill loads
ptxas info    : Used 66 registers, used 1 barriers
ptxas info    : Compile time = 71.334 ms
ptxas info    : Compiling entry function '_Z14fc2_w3x_kernelILi98ELi8ELi20EEv14CUtensorMap_stS0_S0_PK13__nv_bfloat16PS1_PmS5_S5_S5_S5_' for 'sm_100a'
ptxas info    : Function properties for _Z14fc2_w3x_kernelILi98ELi8ELi20EEv14CUtensorMap_stS0_S0_PK13__nv_bfloat16PS1_PmS5_S5_S5_S5_
    0 bytes stack frame, 0 bytes spill stores, 0 bytes spill loads
ptxas info    : Used 66 registers, used 1 barriers
ptxas info    : Compile time = 70.606 ms
ptxas info    : Compiling entry function '_Z14fc2_w3x_kernelILi97ELi8ELi20EEv14CUtensorMap_stS0_S0_PK13__nv_bfloat16PS1_PmS5_S5_S5_S5_' for 'sm_100a'
ptxas info    : Function properties for _Z14fc2_w3x_kernelILi97ELi8ELi20EEv14CUtensorMap_stS0_S0_PK13__nv_bfloat16PS1_PmS5_S5_S5_S5_
    0 bytes stack frame, 0 bytes spill stores, 0 bytes spill loads
ptxas info    : Used 66 registers, used 1 barriers
ptxas info    : Compile time = 70.644 ms
ptxas info    : Compiling entry function '_Z14fc2_w3x_kernelILi96ELi8ELi20EEv14CUtensorMap_stS0_S0_PK13__nv_bfloat16PS1_PmS5_S5_S5_S5_' for 'sm_100a'
ptxas info    : Function properties for _Z14fc2_w3x_kernelILi96ELi8ELi20EEv14CUtensorMap_stS0_S0_PK13__nv_bfloat16PS1_PmS5_S5_S5_S5_
    0 bytes stack frame, 0 bytes spill stores, 0 bytes spill loads
ptxas info    : Used 66 registers, used 1 barriers
ptxas info    : Compile time = 71.280 ms
ptxas info    : Compiling entry function '_Z14fc2_w3x_kernelILi95ELi8ELi20EEv14CUtensorMap_stS0_S0_PK13__nv_bfloat16PS1_PmS5_S5_S5_S5_' for 'sm_100a'
ptxas info    : Function properties for _Z14fc2_w3x_kernelILi95ELi8ELi20EEv14CUtensorMap_stS0_S0_PK13__nv_bfloat16PS1_PmS5_S5_S5_S5_
    0 bytes stack frame, 0 bytes spill stores, 0 bytes spill loads
ptxas info    : Used 66 registers, used 1 barriers
ptxas info    : Compile time = 70.294 ms
ptxas info    : Compiling entry function '_Z14fc2_w3x_kernelILi94ELi8ELi20EEv14CUtensorMap_stS0_S0_PK13__nv_bfloat16PS1_PmS5_S5_S5_S5_' for 'sm_100a'
ptxas info    : Function properties for _Z14fc2_w3x_kernelILi94ELi8ELi20EEv14CUtensorMap_stS0_S0_PK13__nv_bfloat16PS1_PmS5_S5_S5_S5_
    0 bytes stack frame, 0 bytes spill stores, 0 bytes spill loads
ptxas info    : Used 66 registers, used 1 barriers
ptxas info    : Compile time = 70.678 ms
ptxas info    : Compiling entry function '_Z14fc2_w3x_kernelILi93ELi8ELi20EEv14CUtensorMap_stS0_S0_PK13__nv_bfloat16PS1_PmS5_S5_S5_S5_' for 'sm_100a'
ptxas info    : Function properties for _Z14fc2_w3x_kernelILi93ELi8ELi20EEv14CUtensorMap_stS0_S0_PK13__nv_bfloat16PS1_PmS5_S5_S5_S5_
    0 bytes stack frame, 0 bytes spill stores, 0 bytes spill loads
ptxas info    : Used 66 registers, used 1 barriers
ptxas info    : Compile time = 68.950 ms
ptxas info    : Compiling entry function '_Z14fc2_w3x_kernelILi92ELi8ELi20EEv14CUtensorMap_stS0_S0_PK13__nv_bfloat16PS1_PmS5_S5_S5_S5_' for 'sm_100a'
ptxas info    : Function properties for _Z14fc2_w3x_kernelILi92ELi8ELi20EEv14CUtensorMap_stS0_S0_PK13__nv_bfloat16PS1_PmS5_S5_S5_S5_
    0 bytes stack frame, 0 bytes spill stores, 0 bytes spill loads
ptxas info    : Used 66 registers, used 1 barriers
ptxas info    : Compile time = 69.012 ms
ptxas info    : Compiling entry function '_Z14fc2_w3x_kernelILi91ELi8ELi20EEv14CUtensorMap_stS0_S0_PK13__nv_bfloat16PS1_PmS5_S5_S5_S5_' for 'sm_100a'
ptxas info    : Function properties for _Z14fc2_w3x_kernelILi91ELi8ELi20EEv14CUtensorMap_stS0_S0_PK13__nv_bfloat16PS1_PmS5_S5_S5_S5_
    0 bytes stack frame, 0 bytes spill stores, 0 bytes spill loads
ptxas info    : Used 66 registers, used 1 barriers
ptxas info    : Compile time = 69.748 ms
ptxas info    : Compiling entry function '_Z14fc2_w3x_kernelILi90ELi8ELi20EEv14CUtensorMap_stS0_S0_PK13__nv_bfloat16PS1_PmS5_S5_S5_S5_' for 'sm_100a'
ptxas info    : Function properties for _Z14fc2_w3x_kernelILi90ELi8ELi20EEv14CUtensorMap_stS0_S0_PK13__nv_bfloat16PS1_PmS5_S5_S5_S5_
    0 bytes stack frame, 0 bytes spill stores, 0 bytes spill loads
ptxas info    : Used 66 registers, used 1 barriers
ptxas info    : Compile time = 69.969 ms
ptxas info    : Compiling entry function '_Z14fc2_w3x_kernelILi89ELi8ELi20EEv14CUtensorMap_stS0_S0_PK13__nv_bfloat16PS1_PmS5_S5_S5_S5_' for 'sm_100a'
ptxas info    : Function properties for _Z14fc2_w3x_kernelILi89ELi8ELi20EEv14CUtensorMap_stS0_S0_PK13__nv_bfloat16PS1_PmS5_S5_S5_S5_
    0 bytes stack frame, 0 bytes spill stores, 0 bytes spill loads
ptxas info    : Used 66 registers, used 1 barriers
ptxas info    : Compile time = 70.066 ms
ptxas info    : Compiling entry function '_Z14fc2_w3x_kernelILi88ELi8ELi20EEv14CUtensorMap_stS0_S0_PK13__nv_bfloat16PS1_PmS5_S5_S5_S5_' for 'sm_100a'
ptxas info    : Function properties for _Z14fc2_w3x_kernelILi88ELi8ELi20EEv14CUtensorMap_stS0_S0_PK13__nv_bfloat16PS1_PmS5_S5_S5_S5_
    0 bytes stack frame, 0 bytes spill stores, 0 bytes spill loads
ptxas info    : Used 66 registers, used 1 barriers
ptxas info    : Compile time = 70.893 ms
ptxas info    : Compiling entry function '_Z14fc2_w3x_kernelILi87ELi8ELi20EEv14CUtensorMap_stS0_S0_PK13__nv_bfloat16PS1_PmS5_S5_S5_S5_' for 'sm_100a'
ptxas info    : Function properties for _Z14fc2_w3x_kernelILi87ELi8ELi20EEv14CUtensorMap_stS0_S0_PK13__nv_bfloat16PS1_PmS5_S5_S5_S5_
    0 bytes stack frame, 0 bytes spill stores, 0 bytes spill loads
ptxas info    : Used 66 registers, used 1 barriers
ptxas info    : Compile time = 70.160 ms
ptxas info    : Compiling entry function '_Z14fc2_w3x_kernelILi86ELi8ELi20EEv14CUtensorMap_stS0_S0_PK13__nv_bfloat16PS1_PmS5_S5_S5_S5_' for 'sm_100a'
ptxas info    : Function properties for _Z14fc2_w3x_kernelILi86ELi8ELi20EEv14CUtensorMap_stS0_S0_PK13__nv_bfloat16PS1_PmS5_S5_S5_S5_
    0 bytes stack frame, 0 bytes spill stores, 0 bytes spill loads
ptxas info    : Used 66 registers, used 1 barriers
ptxas info    : Compile time = 69.867 ms
ptxas info    : Compiling entry function '_Z14fc2_w3x_kernelILi85ELi8ELi20EEv14CUtensorMap_stS0_S0_PK13__nv_bfloat16PS1_PmS5_S5_S5_S5_' for 'sm_100a'
ptxas info    : Function properties for _Z14fc2_w3x_kernelILi85ELi8ELi20EEv14CUtensorMap_stS0_S0_PK13__nv_bfloat16PS1_PmS5_S5_S5_S5_
    0 bytes stack frame, 0 bytes spill stores, 0 bytes spill loads
ptxas info    : Used 66 registers, used 1 barriers
ptxas info    : Compile time = 70.433 ms
ptxas info    : Compiling entry function '_Z14fc2_w3x_kernelILi84ELi8ELi20EEv14CUtensorMap_stS0_S0_PK13__nv_bfloat16PS1_PmS5_S5_S5_S5_' for 'sm_100a'
ptxas info    : Function properties for _Z14fc2_w3x_kernelILi84ELi8ELi20EEv14CUtensorMap_stS0_S0_PK13__nv_bfloat16PS1_PmS5_S5_S5_S5_
    0 bytes stack frame, 0 bytes spill stores, 0 bytes spill loads
ptxas info    : Used 66 registers, used 1 barriers
ptxas info    : Compile time = 70.901 ms
ptxas info    : Compiling entry function '_Z14fc2_w3x_kernelILi83ELi8ELi20EEv14CUtensorMap_stS0_S0_PK13__nv_bfloat16PS1_PmS5_S5_S5_S5_' for 'sm_100a'
ptxas info    : Function properties for _Z14fc2_w3x_kernelILi83ELi8ELi20EEv14CUtensorMap_stS0_S0_PK13__nv_bfloat16PS1_PmS5_S5_S5_S5_
    0 bytes stack frame, 0 bytes spill stores, 0 bytes spill loads
ptxas info    : Used 66 registers, used 1 barriers
ptxas info    : Compile time = 70.325 ms
ptxas info    : Compiling entry function '_Z14fc2_w3x_kernelILi82ELi8ELi20EEv14CUtensorMap_stS0_S0_PK13__nv_bfloat16PS1_PmS5_S5_S5_S5_' for 'sm_100a'
ptxas info    : Function properties for _Z14fc2_w3x_kernelILi82ELi8ELi20EEv14CUtensorMap_stS0_S0_PK13__nv_bfloat16PS1_PmS5_S5_S5_S5_
    0 bytes stack frame, 0 bytes spill stores, 0 bytes spill loads
ptxas info    : Used 66 registers, used 1 barriers
ptxas info    : Compile time = 70.638 ms
ptxas info    : Compiling entry function '_Z14fc2_w3x_kernelILi81ELi8ELi20EEv14CUtensorMap_stS0_S0_PK13__nv_bfloat16PS1_PmS5_S5_S5_S5_' for 'sm_100a'
ptxas info    : Function properties for _Z14fc2_w3x_kernelILi81ELi8ELi20EEv14CUtensorMap_stS0_S0_PK13__nv_bfloat16PS1_PmS5_S5_S5_S5_
    0 bytes stack frame, 0 bytes spill stores, 0 bytes spill loads
ptxas info    : Used 66 registers, used 1 barriers
ptxas info    : Compile time = 70.965 ms
ptxas info    : Compiling entry function '_Z14fc2_w3x_kernelILi80ELi8ELi20EEv14CUtensorMap_stS0_S0_PK13__nv_bfloat16PS1_PmS5_S5_S5_S5_' for 'sm_100a'
ptxas info    : Function properties for _Z14fc2_w3x_kernelILi80ELi8ELi20EEv14CUtensorMap_stS0_S0_PK13__nv_bfloat16PS1_PmS5_S5_S5_S5_
    0 bytes stack frame, 0 bytes spill stores, 0 bytes spill loads
ptxas info    : Used 66 registers, used 1 barriers
ptxas info    : Compile time = 69.956 ms
ptxas info    : Compiling entry function '_Z14fc2_w3x_kernelILi58ELi8ELi20EEv14CUtensorMap_stS0_S0_PK13__nv_bfloat16PS1_PmS5_S5_S5_S5_' for 'sm_100a'
ptxas info    : Function properties for _Z14fc2_w3x_kernelILi58ELi8ELi20EEv14CUtensorMap_stS0_S0_PK13__nv_bfloat16PS1_PmS5_S5_S5_S5_
    0 bytes stack frame, 0 bytes spill stores, 0 bytes spill loads
ptxas info    : Used 66 registers, used 1 barriers
ptxas info    : Compile time = 69.362 ms
ptxas info    : Compiling entry function '_Z14fc2_w3x_kernelILi57ELi8ELi20EEv14CUtensorMap_stS0_S0_PK13__nv_bfloat16PS1_PmS5_S5_S5_S5_' for 'sm_100a'
ptxas info    : Function properties for _Z14fc2_w3x_kernelILi57ELi8ELi20EEv14CUtensorMap_stS0_S0_PK13__nv_bfloat16PS1_PmS5_S5_S5_S5_
    0 bytes stack frame, 0 bytes spill stores, 0 bytes spill loads
ptxas info    : Used 66 registers, used 1 barriers
ptxas info    : Compile time = 70.056 ms
ptxas info    : Compiling entry function '_Z14fc2_w3x_kernelILi56ELi8ELi20EEv14CUtensorMap_stS0_S0_PK13__nv_bfloat16PS1_PmS5_S5_S5_S5_' for 'sm_100a'
ptxas info    : Function properties for _Z14fc2_w3x_kernelILi56ELi8ELi20EEv14CUtensorMap_stS0_S0_PK13__nv_bfloat16PS1_PmS5_S5_S5_S5_
    0 bytes stack frame, 0 bytes spill stores, 0 bytes spill loads
ptxas info    : Used 66 registers, used 1 barriers
ptxas info    : Compile time = 71.365 ms
ptxas info    : Compiling entry function '_Z14fc2_w3x_kernelILi55ELi8ELi20EEv14CUtensorMap_stS0_S0_PK13__nv_bfloat16PS1_PmS5_S5_S5_S5_' for 'sm_100a'
ptxas info    : Function properties for _Z14fc2_w3x_kernelILi55ELi8ELi20EEv14CUtensorMap_stS0_S0_PK13__nv_bfloat16PS1_PmS5_S5_S5_S5_
    0 bytes stack frame, 0 bytes spill stores, 0 bytes spill loads
ptxas info    : Used 66 registers, used 1 barriers
ptxas info    : Compile time = 70.531 ms
ptxas info    : Compiling entry function '_Z14fc2_w3x_kernelILi54ELi8ELi20EEv14CUtensorMap_stS0_S0_PK13__nv_bfloat16PS1_PmS5_S5_S5_S5_' for 'sm_100a'
ptxas info    : Function properties for _Z14fc2_w3x_kernelILi54ELi8ELi20EEv14CUtensorMap_stS0_S0_PK13__nv_bfloat16PS1_PmS5_S5_S5_S5_
    0 bytes stack frame, 0 bytes spill stores, 0 bytes spill loads
ptxas info    : Used 66 registers, used 1 barriers
ptxas info    : Compile time = 70.995 ms
ptxas info    : Compiling entry function '_Z14fc2_w3x_kernelILi53ELi8ELi20EEv14CUtensorMap_stS0_S0_PK13__nv_bfloat16PS1_PmS5_S5_S5_S5_' for 'sm_100a'
ptxas info    : Function properties for _Z14fc2_w3x_kernelILi53ELi8ELi20EEv14CUtensorMap_stS0_S0_PK13__nv_bfloat16PS1_PmS5_S5_S5_S5_
    0 bytes stack frame, 0 bytes spill stores, 0 bytes spill loads
ptxas info    : Used 66 registers, used 1 barriers
ptxas info    : Compile time = 70.588 ms
ptxas info    : Compiling entry function '_Z14fc2_w3x_kernelILi52ELi8ELi20EEv14CUtensorMap_stS0_S0_PK13__nv_bfloat16PS1_PmS5_S5_S5_S5_' for 'sm_100a'
ptxas info    : Function properties for _Z14fc2_w3x_kernelILi52ELi8ELi20EEv14CUtensorMap_stS0_S0_PK13__nv_bfloat16PS1_PmS5_S5_S5_S5_
    0 bytes stack frame, 0 bytes spill stores, 0 bytes spill loads
ptxas info    : Used 66 registers, used 1 barriers
ptxas info    : Compile time = 69.286 ms
ptxas info    : Compiling entry function '_Z14fc2_w3x_kernelILi51ELi8ELi20EEv14CUtensorMap_stS0_S0_PK13__nv_bfloat16PS1_PmS5_S5_S5_S5_' for 'sm_100a'
ptxas info    : Function properties for _Z14fc2_w3x_kernelILi51ELi8ELi20EEv14CUtensorMap_stS0_S0_PK13__nv_bfloat16PS1_PmS5_S5_S5_S5_
    0 bytes stack frame, 0 bytes spill stores, 0 bytes spill loads
ptxas info    : Used 66 registers, used 1 barriers
ptxas info    : Compile time = 70.446 ms
ptxas info    : Compiling entry function '_Z14fc2_w3x_kernelILi50ELi8ELi20EEv14CUtensorMap_stS0_S0_PK13__nv_bfloat16PS1_PmS5_S5_S5_S5_' for 'sm_100a'
ptxas info    : Function properties for _Z14fc2_w3x_kernelILi50ELi8ELi20EEv14CUtensorMap_stS0_S0_PK13__nv_bfloat16PS1_PmS5_S5_S5_S5_
    0 bytes stack frame, 0 bytes spill stores, 0 bytes spill loads
ptxas info    : Used 66 registers, used 1 barriers
ptxas info    : Compile time = 70.256 ms
ptxas info    : Compiling entry function '_Z14fc2_w3x_kernelILi49ELi8ELi20EEv14CUtensorMap_stS0_S0_PK13__nv_bfloat16PS1_PmS5_S5_S5_S5_' for 'sm_100a'
ptxas info    : Function properties for _Z14fc2_w3x_kernelILi49ELi8ELi20EEv14CUtensorMap_stS0_S0_PK13__nv_bfloat16PS1_PmS5_S5_S5_S5_
    0 bytes stack frame, 0 bytes spill stores, 0 bytes spill loads
ptxas info    : Used 66 registers, used 1 barriers
ptxas info    : Compile time = 70.076 ms
ptxas info    : Compiling entry function '_Z14fc2_w3x_kernelILi19ELi16ELi20EEv14CUtensorMap_stS0_S0_PK13__nv_bfloat16PS1_PmS5_S5_S5_S5_' for 'sm_100a'
ptxas info    : Function properties for _Z14fc2_w3x_kernelILi19ELi16ELi20EEv14CUtensorMap_stS0_S0_PK13__nv_bfloat16PS1_PmS5_S5_S5_S5_
    0 bytes stack frame, 0 bytes spill stores, 0 bytes spill loads
ptxas info    : Used 66 registers, used 1 barriers
ptxas info    : Compile time = 70.635 ms
ptxas info    : Compiling entry function '_Z14fc2_w3x_kernelILi19ELi4ELi20EEv14CUtensorMap_stS0_S0_PK13__nv_bfloat16PS1_PmS5_S5_S5_S5_' for 'sm_100a'
ptxas info    : Function properties for _Z14fc2_w3x_kernelILi19ELi4ELi20EEv14CUtensorMap_stS0_S0_PK13__nv_bfloat16PS1_PmS5_S5_S5_S5_
    0 bytes stack frame, 0 bytes spill stores, 0 bytes spill loads
ptxas info    : Used 66 registers, used 1 barriers
ptxas info    : Compile time = 69.903 ms
ptxas info    : Compiling entry function '_Z14fc2_w3x_kernelILi48ELi8ELi20EEv14CUtensorMap_stS0_S0_PK13__nv_bfloat16PS1_PmS5_S5_S5_S5_' for 'sm_100a'
ptxas info    : Function properties for _Z14fc2_w3x_kernelILi48ELi8ELi20EEv14CUtensorMap_stS0_S0_PK13__nv_bfloat16PS1_PmS5_S5_S5_S5_
    0 bytes stack frame, 0 bytes spill stores, 0 bytes spill loads
ptxas info    : Used 66 registers, used 1 barriers
ptxas info    : Compile time = 69.421 ms
ptxas info    : Compiling entry function '_Z14fc2_w3x_kernelILi47ELi8ELi20EEv14CUtensorMap_stS0_S0_PK13__nv_bfloat16PS1_PmS5_S5_S5_S5_' for 'sm_100a'
ptxas info    : Function properties for _Z14fc2_w3x_kernelILi47ELi8ELi20EEv14CUtensorMap_stS0_S0_PK13__nv_bfloat16PS1_PmS5_S5_S5_S5_
    0 bytes stack frame, 0 bytes spill stores, 0 bytes spill loads
ptxas info    : Used 66 registers, used 1 barriers
ptxas info    : Compile time = 70.737 ms
ptxas info    : Compiling entry function '_Z14fc2_w3x_kernelILi46ELi8ELi20EEv14CUtensorMap_stS0_S0_PK13__nv_bfloat16PS1_PmS5_S5_S5_S5_' for 'sm_100a'
ptxas info    : Function properties for _Z14fc2_w3x_kernelILi46ELi8ELi20EEv14CUtensorMap_stS0_S0_PK13__nv_bfloat16PS1_PmS5_S5_S5_S5_
    0 bytes stack frame, 0 bytes spill stores, 0 bytes spill loads
ptxas info    : Used 66 registers, used 1 barriers
ptxas info    : Compile time = 69.442 ms
ptxas info    : Compiling entry function '_Z14fc2_w3x_kernelILi45ELi8ELi20EEv14CUtensorMap_stS0_S0_PK13__nv_bfloat16PS1_PmS5_S5_S5_S5_' for 'sm_100a'
ptxas info    : Function properties for _Z14fc2_w3x_kernelILi45ELi8ELi20EEv14CUtensorMap_stS0_S0_PK13__nv_bfloat16PS1_PmS5_S5_S5_S5_
    0 bytes stack frame, 0 bytes spill stores, 0 bytes spill loads
ptxas info    : Used 66 registers, used 1 barriers
ptxas info    : Compile time = 70.071 ms
ptxas info    : Compiling entry function '_Z14fc2_w3x_kernelILi44ELi8ELi20EEv14CUtensorMap_stS0_S0_PK13__nv_bfloat16PS1_PmS5_S5_S5_S5_' for 'sm_100a'
ptxas info    : Function properties for _Z14fc2_w3x_kernelILi44ELi8ELi20EEv14CUtensorMap_stS0_S0_PK13__nv_bfloat16PS1_PmS5_S5_S5_S5_
    0 bytes stack frame, 0 bytes spill stores, 0 bytes spill loads
ptxas info    : Used 66 registers, used 1 barriers
ptxas info    : Compile time = 70.612 ms
ptxas info    : Compiling entry function '_Z14fc2_w3x_kernelILi43ELi8ELi20EEv14CUtensorMap_stS0_S0_PK13__nv_bfloat16PS1_PmS5_S5_S5_S5_' for 'sm_100a'
ptxas info    : Function properties for _Z14fc2_w3x_kernelILi43ELi8ELi20EEv14CUtensorMap_stS0_S0_PK13__nv_bfloat16PS1_PmS5_S5_S5_S5_
    0 bytes stack frame, 0 bytes spill stores, 0 bytes spill loads
ptxas info    : Used 66 registers, used 1 barriers
ptxas info    : Compile time = 70.585 ms
ptxas info    : Compiling entry function '_Z14fc2_w3x_kernelILi41ELi8ELi20EEv14CUtensorMap_stS0_S0_PK13__nv_bfloat16PS1_PmS5_S5_S5_S5_' for 'sm_100a'
ptxas info    : Function properties for _Z14fc2_w3x_kernelILi41ELi8ELi20EEv14CUtensorMap_stS0_S0_PK13__nv_bfloat16PS1_PmS5_S5_S5_S5_
    0 bytes stack frame, 0 bytes spill stores, 0 bytes spill loads
ptxas info    : Used 66 registers, used 1 barriers
ptxas info    : Compile time = 68.807 ms
ptxas info    : Compiling entry function '_Z14fc2_w3x_kernelILi40ELi8ELi20EEv14CUtensorMap_stS0_S0_PK13__nv_bfloat16PS1_PmS5_S5_S5_S5_' for 'sm_100a'
ptxas info    : Function properties for _Z14fc2_w3x_kernelILi40ELi8ELi20EEv14CUtensorMap_stS0_S0_PK13__nv_bfloat16PS1_PmS5_S5_S5_S5_
    0 bytes stack frame, 0 bytes spill stores, 0 bytes spill loads
ptxas info    : Used 66 registers, used 1 barriers
ptxas info    : Compile time = 68.323 ms
ptxas info    : Compiling entry function '_Z14fc2_w3x_kernelILi39ELi8ELi20EEv14CUtensorMap_stS0_S0_PK13__nv_bfloat16PS1_PmS5_S5_S5_S5_' for 'sm_100a'
ptxas info    : Function properties for _Z14fc2_w3x_kernelILi39ELi8ELi20EEv14CUtensorMap_stS0_S0_PK13__nv_bfloat16PS1_PmS5_S5_S5_S5_
    0 bytes stack frame, 0 bytes spill stores, 0 bytes spill loads
ptxas info    : Used 66 registers, used 1 barriers
ptxas info    : Compile time = 69.485 ms
ptxas info    : Compiling entry function '_Z14fc2_w3x_kernelILi38ELi8ELi20EEv14CUtensorMap_stS0_S0_PK13__nv_bfloat16PS1_PmS5_S5_S5_S5_' for 'sm_100a'
ptxas info    : Function properties for _Z14fc2_w3x_kernelILi38ELi8ELi20EEv14CUtensorMap_stS0_S0_PK13__nv_bfloat16PS1_PmS5_S5_S5_S5_
    0 bytes stack frame, 0 bytes spill stores, 0 bytes spill loads
ptxas info    : Used 66 registers, used 1 barriers
ptxas info    : Compile time = 70.133 ms
ptxas info    : Compiling entry function '_Z14fc2_w3x_kernelILi36ELi4ELi20EEv14CUtensorMap_stS0_S0_PK13__nv_bfloat16PS1_PmS5_S5_S5_S5_' for 'sm_100a'
ptxas info    : Function properties for _Z14fc2_w3x_kernelILi36ELi4ELi20EEv14CUtensorMap_stS0_S0_PK13__nv_bfloat16PS1_PmS5_S5_S5_S5_
    0 bytes stack frame, 0 bytes spill stores, 0 bytes spill loads
ptxas info    : Used 66 registers, used 1 barriers
ptxas info    : Compile time = 70.252 ms
ptxas info    : Compiling entry function '_Z14fc2_w3x_kernelILi35ELi4ELi20EEv14CUtensorMap_stS0_S0_PK13__nv_bfloat16PS1_PmS5_S5_S5_S5_' for 'sm_100a'
ptxas info    : Function properties for _Z14fc2_w3x_kernelILi35ELi4ELi20EEv14CUtensorMap_stS0_S0_PK13__nv_bfloat16PS1_PmS5_S5_S5_S5_
    0 bytes stack frame, 0 bytes spill stores, 0 bytes spill loads
ptxas info    : Used 66 registers, used 1 barriers
ptxas info    : Compile time = 71.370 ms
ptxas info    : Compiling entry function '_Z14fc2_w3x_kernelILi34ELi8ELi20EEv14CUtensorMap_stS0_S0_PK13__nv_bfloat16PS1_PmS5_S5_S5_S5_' for 'sm_100a'
ptxas info    : Function properties for _Z14fc2_w3x_kernelILi34ELi8ELi20EEv14CUtensorMap_stS0_S0_PK13__nv_bfloat16PS1_PmS5_S5_S5_S5_
    0 bytes stack frame, 0 bytes spill stores, 0 bytes spill loads
ptxas info    : Used 66 registers, used 1 barriers
ptxas info    : Compile time = 69.822 ms
ptxas info    : Compiling entry function '_Z14fc2_w3x_kernelILi33ELi8ELi20EEv14CUtensorMap_stS0_S0_PK13__nv_bfloat16PS1_PmS5_S5_S5_S5_' for 'sm_100a'
ptxas info    : Function properties for _Z14fc2_w3x_kernelILi33ELi8ELi20EEv14CUtensorMap_stS0_S0_PK13__nv_bfloat16PS1_PmS5_S5_S5_S5_
    0 bytes stack frame, 0 bytes spill stores, 0 bytes spill loads
ptxas info    : Used 66 registers, used 1 barriers
ptxas info    : Compile time = 70.037 ms
ptxas info    : Compiling entry function '_Z14fc2_w3x_kernelILi19ELi8ELi20EEv14CUtensorMap_stS0_S0_PK13__nv_bfloat16PS1_PmS5_S5_S5_S5_' for 'sm_100a'
ptxas info    : Function properties for _Z14fc2_w3x_kernelILi19ELi8ELi20EEv14CUtensorMap_stS0_S0_PK13__nv_bfloat16PS1_PmS5_S5_S5_S5_
    0 bytes stack frame, 0 bytes spill stores, 0 bytes spill loads
ptxas info    : Used 66 registers, used 1 barriers
ptxas info    : Compile time = 70.335 ms
ptxas info    : Compiling entry function '_Z14fc2_w3x_kernelILi18ELi8ELi20EEv14CUtensorMap_stS0_S0_PK13__nv_bfloat16PS1_PmS5_S5_S5_S5_' for 'sm_100a'
ptxas info    : Function properties for _Z14fc2_w3x_kernelILi18ELi8ELi20EEv14CUtensorMap_stS0_S0_PK13__nv_bfloat16PS1_PmS5_S5_S5_S5_
    0 bytes stack frame, 0 bytes spill stores, 0 bytes spill loads
ptxas info    : Used 66 registers, used 1 barriers
ptxas info    : Compile time = 71.607 ms
ptxas info    : Compiling entry function '_Z14fc2_w3x_kernelILi13ELi8ELi20EEv14CUtensorMap_stS0_S0_PK13__nv_bfloat16PS1_PmS5_S5_S5_S5_' for 'sm_100a'
ptxas info    : Function properties for _Z14fc2_w3x_kernelILi13ELi8ELi20EEv14CUtensorMap_stS0_S0_PK13__nv_bfloat16PS1_PmS5_S5_S5_S5_
    0 bytes stack frame, 0 bytes spill stores, 0 bytes spill loads
ptxas info    : Used 66 registers, used 1 barriers
ptxas info    : Compile time = 67.169 ms
ptxas info    : Compiling entry function '_Z14fc2_w3x_kernelILi11ELi8ELi20EEv14CUtensorMap_stS0_S0_PK13__nv_bfloat16PS1_PmS5_S5_S5_S5_' for 'sm_100a'
ptxas info    : Function properties for _Z14fc2_w3x_kernelILi11ELi8ELi20EEv14CUtensorMap_stS0_S0_PK13__nv_bfloat16PS1_PmS5_S5_S5_S5_
    0 bytes stack frame, 0 bytes spill stores, 0 bytes spill loads
ptxas info    : Used 66 registers, used 1 barriers
ptxas info    : Compile time = 67.732 ms
ptxas info    : Compiling entry function '_Z14fc2_w3x_kernelILi0ELi32ELi20EEv14CUtensorMap_stS0_S0_PK13__nv_bfloat16PS1_PmS5_S5_S5_S5_' for 'sm_100a'
ptxas info    : Function properties for _Z14fc2_w3x_kernelILi0ELi32ELi20EEv14CUtensorMap_stS0_S0_PK13__nv_bfloat16PS1_PmS5_S5_S5_S5_
    0 bytes stack frame, 0 bytes spill stores, 0 bytes spill loads
ptxas info    : Used 66 registers, used 1 barriers
ptxas info    : Compile time = 68.587 ms
ptxas info    : Compiling entry function '_Z14fc2_w3x_kernelILi0ELi16ELi20EEv14CUtensorMap_stS0_S0_PK13__nv_bfloat16PS1_PmS5_S5_S5_S5_' for 'sm_100a'
ptxas info    : Function properties for _Z14fc2_w3x_kernelILi0ELi16ELi20EEv14CUtensorMap_stS0_S0_PK13__nv_bfloat16PS1_PmS5_S5_S5_S5_
    0 bytes stack frame, 0 bytes spill stores, 0 bytes spill loads
ptxas info    : Used 66 registers, used 1 barriers
ptxas info    : Compile time = 68.600 ms
ptxas info    : Compiling entry function '_Z14fc2_w3x_kernelILi0ELi4ELi20EEv14CUtensorMap_stS0_S0_PK13__nv_bfloat16PS1_PmS5_S5_S5_S5_' for 'sm_100a'
ptxas info    : Function properties for _Z14fc2_w3x_kernelILi0ELi4ELi20EEv14CUtensorMap_stS0_S0_PK13__nv_bfloat16PS1_PmS5_S5_S5_S5_
    0 bytes stack frame, 0 bytes spill stores, 0 bytes spill loads
ptxas info    : Used 66 registers, used 1 barriers
ptxas info    : Compile time = 70.130 ms
ptxas info    : Compiling entry function '_Z14fc2_w3x_kernelILi0ELi2ELi20EEv14CUtensorMap_stS0_S0_PK13__nv_bfloat16PS1_PmS5_S5_S5_S5_' for 'sm_100a'
ptxas info    : Function properties for _Z14fc2_w3x_kernelILi0ELi2ELi20EEv14CUtensorMap_stS0_S0_PK13__nv_bfloat16PS1_PmS5_S5_S5_S5_
    0 bytes stack frame, 0 bytes spill stores, 0 bytes spill loads
ptxas info    : Used 66 registers, used 1 barriers
ptxas info    : Compile time = 68.853 ms
ptxas info    : Compiling entry function '_Z14fc2_w3x_kernelILi0ELi8ELi20EEv14CUtensorMap_stS0_S0_PK13__nv_bfloat16PS1_PmS5_S5_S5_S5_' for 'sm_100a'
ptxas info    : Function properties for _Z14fc2_w3x_kernelILi0ELi8ELi20EEv14CUtensorMap_stS0_S0_PK13__nv_bfloat16PS1_PmS5_S5_S5_S5_
    0 bytes stack frame, 0 bytes spill stores, 0 bytes spill loads
ptxas info    : Used 66 registers, used 1 barriers
ptxas info    : Compile time = 68.839 ms
--- rep 1/3 ec=0
FC2 W3X kernel — 6-warp bias-only rank-1-shaped persistent
  [928256,4096] x [512,4096]^T  NS=6  THREADS=192  SMEM=214656 B  (cap 228KB)
  Alloc + init + pack done
  TMA + func attr done (SMEM=214656 B)  variant=default TD=0 DGG=8
Warmup (2 iters)...
Timing 1 reps × 10 iters/rep × 1 variant ...
@@SAMPLE rep=1 ms=0.96985 cyc=1779627 cyc_min=1759435 cyc_p50=1771629 cyc_p95=1779372 cyc_max=1779627
@@STATS reps=1 mean=0.96985 std=0.00000 min=0.96985 p25=0.96985 p50=0.96985 p75=0.96985 max=0.96985 iqr=0.00000
FC2-W3X kernel: 0.970 ms  4014.41 TFLOPS
PASS  errors=0/32
@@RESULT ms=0.9699 tflops=4014.41 checksum=0.000000 valid=1 c0=6144.0
--- rep 2/3 ec=0
FC2 W3X kernel — 6-warp bias-only rank-1-shaped persistent
  [928256,4096] x [512,4096]^T  NS=6  THREADS=192  SMEM=214656 B  (cap 228KB)
  Alloc + init + pack done
  TMA + func attr done (SMEM=214656 B)  variant=default TD=0 DGG=8
Warmup (2 iters)...
Timing 1 reps × 10 iters/rep × 1 variant ...
@@SAMPLE rep=1 ms=0.96983 cyc=1780392 cyc_min=1759469 cyc_p50=1770899 cyc_p95=1778602 cyc_max=1780392
@@STATS reps=1 mean=0.96983 std=0.00000 min=0.96983 p25=0.96983 p50=0.96983 p75=0.96983 max=0.96983 iqr=0.00000
FC2-W3X kernel: 0.970 ms  4014.50 TFLOPS
PASS  errors=0/32
@@RESULT ms=0.9698 tflops=4014.50 checksum=0.000000 valid=1 c0=6144.0
--- rep 3/3 ec=0
FC2 W3X kernel — 6-warp bias-only rank-1-shaped persistent
  [928256,4096] x [512,4096]^T  NS=6  THREADS=192  SMEM=214656 B  (cap 228KB)
  Alloc + init + pack done
  TMA + func attr done (SMEM=214656 B)  variant=default TD=0 DGG=8
Warmup (2 iters)...
Timing 1 reps × 10 iters/rep × 1 variant ...
@@SAMPLE rep=1 ms=0.97006 cyc=1780779 cyc_min=1759807 cyc_p50=1771705 cyc_p95=1779025 cyc_max=1780779
@@STATS reps=1 mean=0.97006 std=0.00000 min=0.97006 p25=0.97006 p50=0.97006 p75=0.97006 max=0.97006 iqr=0.00000
FC2-W3X kernel: 0.970 ms  4013.54 TFLOPS
PASS  errors=0/32
@@RESULT ms=0.9701 tflops=4013.54 checksum=0.000000 valid=1 c0=6144.0
--- cublas epi=3 rep 1/1 ec=0
### CUBLASLT INTROSPECT M=928256 N=512 K=4096 epi=bias_only scale=per_tensor
### Heuristics returned: 8

# TSV
rank	heur	ms	cyc	algoId	tile	stages	cluster	inner	splitk	redux	swizzle	custom	waves	ws_MB
1	0	0.9448	1743945	66	23	36	3	-1	1	0	0	1	98.00	0.0
2	3	0.9825	1813255	66	32	36	3	-1	1	0	0	1	130.68	0.0
3	4	0.9884	1823943	66	201	36	5	-1	1	0	0	2	147.00	0.0
4	5	1.0120	1867606	66	29	36	3	-1	1	0	0	1	156.81	0.0
5	2	1.0474	1932537	66	513	36	3	-1	1	0	0	1	49.00	0.0
6	7	1.0814	1995209	66	232	36	3	-1	1	0	0	1	65.34	0.0
7	1	1.2090	2231009	66	24	36	5	-1	1	0	0	3	98.00	0.0
8	6	1.4166	2614217	66	495	36	5	-1	1	0	0	3	130.68	0.0

# Top-3 caps:

## rank=1  algoId=66  tile=23  stages=36  cluster=3  inner=-1  ms=0.9448
    CUBLASLT_ALGO_CAP_REDUCTION_SCHEME_MASK      = 2
    CUBLASLT_ALGO_CAP_CTA_SWIZZLING_SUPPORT      = 0
    CUBLASLT_ALGO_CAP_STRIDED_BATCH_SUPPORT      = 1
    CUBLASLT_ALGO_CAP_OUT_OF_PLACE_RESULT_SUPPORT = 1
    CUBLASLT_ALGO_CAP_CUSTOM_OPTION_MAX          = 7
    CUBLASLT_ALGO_CAP_POINTER_MODE_MASK          = 3
    CUBLASLT_ALGO_CAP_EPILOGUE_MASK              = 1023
    CUBLASLT_ALGO_CAP_TILE_IDS                   = --  (status=7 wrote=0)
    CUBLASLT_ALGO_CAP_STAGES_IDS                 = [36] (n=1, elem=4B)
    CUBLASLT_ALGO_CONFIG_CLUSTER_SHAPE_ID sz=2 → status=0 wrote=2 val=3

## rank=2  algoId=66  tile=32  stages=36  cluster=3  inner=-1  ms=0.9825
    CUBLASLT_ALGO_CAP_REDUCTION_SCHEME_MASK      = 2
    CUBLASLT_ALGO_CAP_CTA_SWIZZLING_SUPPORT      = 0
    CUBLASLT_ALGO_CAP_STRIDED_BATCH_SUPPORT      = 1
    CUBLASLT_ALGO_CAP_OUT_OF_PLACE_RESULT_SUPPORT = 1
    CUBLASLT_ALGO_CAP_CUSTOM_OPTION_MAX          = 7
    CUBLASLT_ALGO_CAP_POINTER_MODE_MASK          = 3
    CUBLASLT_ALGO_CAP_EPILOGUE_MASK              = 1023
    CUBLASLT_ALGO_CAP_TILE_IDS                   = --  (status=7 wrote=0)
    CUBLASLT_ALGO_CAP_STAGES_IDS                 = [36] (n=1, elem=4B)
    CUBLASLT_ALGO_CONFIG_CLUSTER_SHAPE_ID sz=2 → status=0 wrote=2 val=3

## rank=3  algoId=66  tile=201  stages=36  cluster=5  inner=-1  ms=0.9884
    CUBLASLT_ALGO_CAP_REDUCTION_SCHEME_MASK      = 2
    CUBLASLT_ALGO_CAP_CTA_SWIZZLING_SUPPORT      = 0
    CUBLASLT_ALGO_CAP_STRIDED_BATCH_SUPPORT      = 1
    CUBLASLT_ALGO_CAP_OUT_OF_PLACE_RESULT_SUPPORT = 1
    CUBLASLT_ALGO_CAP_CUSTOM_OPTION_MAX          = 7
    CUBLASLT_ALGO_CAP_POINTER_MODE_MASK          = 3
    CUBLASLT_ALGO_CAP_EPILOGUE_MASK              = 1023
    CUBLASLT_ALGO_CAP_TILE_IDS                   = --  (status=7 wrote=0)
    CUBLASLT_ALGO_CAP_STAGES_IDS                 = [36] (n=1, elem=4B)
    CUBLASLT_ALGO_CONFIG_CLUSTER_SHAPE_ID sz=2 → status=0 wrote=2 val=5

# Winner:  rank=1  tile=23  stages=36  cluster=3  inner=-1  splitk=1  swizzle=0  ms=0.9448  cyc=1743945

@@RESULT ms=0.9448 cyc=1743945 tflops=4120.94 checksum=0.000000 valid=1 c0=0.0
--- cublas epi=0 rep 1/1 ec=0
### CUBLASLT INTROSPECT M=928256 N=512 K=4096 epi=none scale=per_tensor
### Heuristics returned: 8

# TSV
rank	heur	ms	cyc	algoId	tile	stages	cluster	inner	splitk	redux	swizzle	custom	waves	ws_MB
1	0	0.9404	1736013	66	23	36	3	-1	1	0	0	1	98.00	0.0
2	3	0.9753	1799895	66	32	36	3	-1	1	0	0	1	130.68	0.0
3	4	0.9804	1809348	66	201	36	5	-1	1	0	0	2	147.00	0.0
4	5	1.0039	1852773	66	29	36	3	-1	1	0	0	1	156.81	0.0
5	2	1.0202	1883085	66	513	36	3	-1	1	0	0	1	49.00	0.0
6	7	1.0754	1966255	66	232	36	3	-1	1	0	0	1	65.34	0.0
7	1	1.1994	2213545	66	24	36	5	-1	1	0	0	3	98.00	0.0
8	6	1.4121	2577060	66	495	36	5	-1	1	0	0	3	130.68	0.0

# Top-3 caps:

## rank=1  algoId=66  tile=23  stages=36  cluster=3  inner=-1  ms=0.9404
    CUBLASLT_ALGO_CAP_REDUCTION_SCHEME_MASK      = 2
    CUBLASLT_ALGO_CAP_CTA_SWIZZLING_SUPPORT      = 0
    CUBLASLT_ALGO_CAP_STRIDED_BATCH_SUPPORT      = 1
    CUBLASLT_ALGO_CAP_OUT_OF_PLACE_RESULT_SUPPORT = 1
    CUBLASLT_ALGO_CAP_CUSTOM_OPTION_MAX          = 7
    CUBLASLT_ALGO_CAP_POINTER_MODE_MASK          = 3
    CUBLASLT_ALGO_CAP_EPILOGUE_MASK              = 1023
    CUBLASLT_ALGO_CAP_TILE_IDS                   = --  (status=7 wrote=0)
    CUBLASLT_ALGO_CAP_STAGES_IDS                 = [36] (n=1, elem=4B)
    CUBLASLT_ALGO_CONFIG_CLUSTER_SHAPE_ID sz=2 → status=0 wrote=2 val=3

## rank=2  algoId=66  tile=32  stages=36  cluster=3  inner=-1  ms=0.9753
    CUBLASLT_ALGO_CAP_REDUCTION_SCHEME_MASK      = 2
    CUBLASLT_ALGO_CAP_CTA_SWIZZLING_SUPPORT      = 0
    CUBLASLT_ALGO_CAP_STRIDED_BATCH_SUPPORT      = 1
    CUBLASLT_ALGO_CAP_OUT_OF_PLACE_RESULT_SUPPORT = 1
    CUBLASLT_ALGO_CAP_CUSTOM_OPTION_MAX          = 7
    CUBLASLT_ALGO_CAP_POINTER_MODE_MASK          = 3
    CUBLASLT_ALGO_CAP_EPILOGUE_MASK              = 1023
    CUBLASLT_ALGO_CAP_TILE_IDS                   = --  (status=7 wrote=0)
    CUBLASLT_ALGO_CAP_STAGES_IDS                 = [36] (n=1, elem=4B)
    CUBLASLT_ALGO_CONFIG_CLUSTER_SHAPE_ID sz=2 → status=0 wrote=2 val=3

## rank=3  algoId=66  tile=201  stages=36  cluster=5  inner=-1  ms=0.9804
    CUBLASLT_ALGO_CAP_REDUCTION_SCHEME_MASK      = 2
    CUBLASLT_ALGO_CAP_CTA_SWIZZLING_SUPPORT      = 0
    CUBLASLT_ALGO_CAP_STRIDED_BATCH_SUPPORT      = 1
    CUBLASLT_ALGO_CAP_OUT_OF_PLACE_RESULT_SUPPORT = 1
    CUBLASLT_ALGO_CAP_CUSTOM_OPTION_MAX          = 7
    CUBLASLT_ALGO_CAP_POINTER_MODE_MASK          = 3
    CUBLASLT_ALGO_CAP_EPILOGUE_MASK              = 1023
    CUBLASLT_ALGO_CAP_TILE_IDS                   = --  (status=7 wrote=0)
    CUBLASLT_ALGO_CAP_STAGES_IDS                 = [36] (n=1, elem=4B)
    CUBLASLT_ALGO_CONFIG_CLUSTER_SHAPE_ID sz=2 → status=0 wrote=2 val=5

# Winner:  rank=1  tile=23  stages=36  cluster=3  inner=-1  splitk=1  swizzle=0  ms=0.9404  cyc=1736013

@@RESULT ms=0.9404 cyc=1736013 tflops=4140.13 checksum=0.000000 valid=1 c0=0.0

[build] N=512 K=8192 M=928256 flags=['-DM_TOTAL=928256', '-DN_DIM=512', '-DK_DIM=8192']
$ make -B fc2-w3x DFLAGS=-DM_TOTAL=928256 -DN_DIM=512 -DK_DIM=8192
nvcc -gencode arch=compute_100a,code=sm_100a -O3 -std=c++17 -lineinfo --ptxas-options=-v --cudart=static -DM_TOTAL=928256 -DN_DIM=512 -DK_DIM=8192 fc2_w3x.cu -o fc2-w3x -lcurand_static -lculibos -lcuda
fc2_w3x.cu(1511): warning #177-D: function "mbar_arrive" was declared but never referenced
  void mbar_arrive(uint32_t addr) {
       ^

Remark: The warnings can be suppressed with "-diag-suppress <warning-number>"

ptxas info    : 0 bytes gmem
ptxas info    : Compiling entry function '_Z14fc2_w3x_kernelILi54ELi8ELi64EEv14CUtensorMap_stS0_S0_PK13__nv_bfloat16PS1_PmS5_S5_S5_S5_' for 'sm_100a'
ptxas info    : Function properties for _Z14fc2_w3x_kernelILi54ELi8ELi64EEv14CUtensorMap_stS0_S0_PK13__nv_bfloat16PS1_PmS5_S5_S5_S5_
    0 bytes stack frame, 0 bytes spill stores, 0 bytes spill loads
ptxas info    : Used 66 registers, used 1 barriers
ptxas info    : Compile time = 141.226 ms
ptxas info    : Compiling entry function '_Z14fc2_w3x_kernelILi54ELi8ELi48EEv14CUtensorMap_stS0_S0_PK13__nv_bfloat16PS1_PmS5_S5_S5_S5_' for 'sm_100a'
ptxas info    : Function properties for _Z14fc2_w3x_kernelILi54ELi8ELi48EEv14CUtensorMap_stS0_S0_PK13__nv_bfloat16PS1_PmS5_S5_S5_S5_
    0 bytes stack frame, 0 bytes spill stores, 0 bytes spill loads
ptxas info    : Used 66 registers, used 1 barriers
ptxas info    : Compile time = 138.795 ms
ptxas info    : Compiling entry function '_Z14fc2_w3x_kernelILi54ELi8ELi32EEv14CUtensorMap_stS0_S0_PK13__nv_bfloat16PS1_PmS5_S5_S5_S5_' for 'sm_100a'
ptxas info    : Function properties for _Z14fc2_w3x_kernelILi54ELi8ELi32EEv14CUtensorMap_stS0_S0_PK13__nv_bfloat16PS1_PmS5_S5_S5_S5_
    0 bytes stack frame, 0 bytes spill stores, 0 bytes spill loads
ptxas info    : Used 66 registers, used 1 barriers
ptxas info    : Compile time = 140.212 ms
ptxas info    : Compiling entry function '_Z14fc2_w3x_kernelILi54ELi8ELi24EEv14CUtensorMap_stS0_S0_PK13__nv_bfloat16PS1_PmS5_S5_S5_S5_' for 'sm_100a'
ptxas info    : Function properties for _Z14fc2_w3x_kernelILi54ELi8ELi24EEv14CUtensorMap_stS0_S0_PK13__nv_bfloat16PS1_PmS5_S5_S5_S5_
    0 bytes stack frame, 0 bytes spill stores, 0 bytes spill loads
ptxas info    : Used 66 registers, used 1 barriers
ptxas info    : Compile time = 136.713 ms
ptxas info    : Compiling entry function '_Z14fc2_w3x_kernelILi54ELi8ELi16EEv14CUtensorMap_stS0_S0_PK13__nv_bfloat16PS1_PmS5_S5_S5_S5_' for 'sm_100a'
ptxas info    : Function properties for _Z14fc2_w3x_kernelILi54ELi8ELi16EEv14CUtensorMap_stS0_S0_PK13__nv_bfloat16PS1_PmS5_S5_S5_S5_
    0 bytes stack frame, 0 bytes spill stores, 0 bytes spill loads
ptxas info    : Used 66 registers, used 1 barriers
ptxas info    : Compile time = 135.914 ms
ptxas info    : Compiling entry function '_Z14fc2_w3x_kernelILi54ELi8ELi12EEv14CUtensorMap_stS0_S0_PK13__nv_bfloat16PS1_PmS5_S5_S5_S5_' for 'sm_100a'
ptxas info    : Function properties for _Z14fc2_w3x_kernelILi54ELi8ELi12EEv14CUtensorMap_stS0_S0_PK13__nv_bfloat16PS1_PmS5_S5_S5_S5_
    0 bytes stack frame, 0 bytes spill stores, 0 bytes spill loads
ptxas info    : Used 66 registers, used 1 barriers
ptxas info    : Compile time = 135.998 ms
ptxas info    : Compiling entry function '_Z14fc2_w3x_kernelILi54ELi8ELi8EEv14CUtensorMap_stS0_S0_PK13__nv_bfloat16PS1_PmS5_S5_S5_S5_' for 'sm_100a'
ptxas info    : Function properties for _Z14fc2_w3x_kernelILi54ELi8ELi8EEv14CUtensorMap_stS0_S0_PK13__nv_bfloat16PS1_PmS5_S5_S5_S5_
    0 bytes stack frame, 0 bytes spill stores, 0 bytes spill loads
ptxas info    : Used 66 registers, used 1 barriers
ptxas info    : Compile time = 137.366 ms
ptxas info    : Compiling entry function '_Z14fc2_w3x_kernelILi54ELi8ELi4EEv14CUtensorMap_stS0_S0_PK13__nv_bfloat16PS1_PmS5_S5_S5_S5_' for 'sm_100a'
ptxas info    : Function properties for _Z14fc2_w3x_kernelILi54ELi8ELi4EEv14CUtensorMap_stS0_S0_PK13__nv_bfloat16PS1_PmS5_S5_S5_S5_
    0 bytes stack frame, 0 bytes spill stores, 0 bytes spill loads
ptxas info    : Used 66 registers, used 1 barriers
ptxas info    : Compile time = 136.687 ms
ptxas info    : Compiling entry function '_Z14fc2_w3x_kernelILi54ELi8ELi0EEv14CUtensorMap_stS0_S0_PK13__nv_bfloat16PS1_PmS5_S5_S5_S5_' for 'sm_100a'
ptxas info    : Function properties for _Z14fc2_w3x_kernelILi54ELi8ELi0EEv14CUtensorMap_stS0_S0_PK13__nv_bfloat16PS1_PmS5_S5_S5_S5_
    0 bytes stack frame, 0 bytes spill stores, 0 bytes spill loads
ptxas info    : Used 66 registers, used 1 barriers
ptxas info    : Compile time = 136.492 ms
ptxas info    : Compiling entry function '_Z14fc2_w3x_kernelILi99ELi8ELi20EEv14CUtensorMap_stS0_S0_PK13__nv_bfloat16PS1_PmS5_S5_S5_S5_' for 'sm_100a'
ptxas info    : Function properties for _Z14fc2_w3x_kernelILi99ELi8ELi20EEv14CUtensorMap_stS0_S0_PK13__nv_bfloat16PS1_PmS5_S5_S5_S5_
    0 bytes stack frame, 0 bytes spill stores, 0 bytes spill loads
ptxas info    : Used 66 registers, used 1 barriers
ptxas info    : Compile time = 135.974 ms
ptxas info    : Compiling entry function '_Z14fc2_w3x_kernelILi98ELi8ELi20EEv14CUtensorMap_stS0_S0_PK13__nv_bfloat16PS1_PmS5_S5_S5_S5_' for 'sm_100a'
ptxas info    : Function properties for _Z14fc2_w3x_kernelILi98ELi8ELi20EEv14CUtensorMap_stS0_S0_PK13__nv_bfloat16PS1_PmS5_S5_S5_S5_
    0 bytes stack frame, 0 bytes spill stores, 0 bytes spill loads
ptxas info    : Used 66 registers, used 1 barriers
ptxas info    : Compile time = 137.218 ms
ptxas info    : Compiling entry function '_Z14fc2_w3x_kernelILi97ELi8ELi20EEv14CUtensorMap_stS0_S0_PK13__nv_bfloat16PS1_PmS5_S5_S5_S5_' for 'sm_100a'
ptxas info    : Function properties for _Z14fc2_w3x_kernelILi97ELi8ELi20EEv14CUtensorMap_stS0_S0_PK13__nv_bfloat16PS1_PmS5_S5_S5_S5_
    0 bytes stack frame, 0 bytes spill stores, 0 bytes spill loads
ptxas info    : Used 66 registers, used 1 barriers
ptxas info    : Compile time = 136.476 ms
ptxas info    : Compiling entry function '_Z14fc2_w3x_kernelILi96ELi8ELi20EEv14CUtensorMap_stS0_S0_PK13__nv_bfloat16PS1_PmS5_S5_S5_S5_' for 'sm_100a'
ptxas info    : Function properties for _Z14fc2_w3x_kernelILi96ELi8ELi20EEv14CUtensorMap_stS0_S0_PK13__nv_bfloat16PS1_PmS5_S5_S5_S5_
    0 bytes stack frame, 0 bytes spill stores, 0 bytes spill loads
ptxas info    : Used 66 registers, used 1 barriers
ptxas info    : Compile time = 136.720 ms
ptxas info    : Compiling entry function '_Z14fc2_w3x_kernelILi95ELi8ELi20EEv14CUtensorMap_stS0_S0_PK13__nv_bfloat16PS1_PmS5_S5_S5_S5_' for 'sm_100a'
ptxas info    : Function properties for _Z14fc2_w3x_kernelILi95ELi8ELi20EEv14CUtensorMap_stS0_S0_PK13__nv_bfloat16PS1_PmS5_S5_S5_S5_
    0 bytes stack frame, 0 bytes spill stores, 0 bytes spill loads
ptxas info    : Used 66 registers, used 1 barriers
ptxas info    : Compile time = 135.928 ms
ptxas info    : Compiling entry function '_Z14fc2_w3x_kernelILi94ELi8ELi20EEv14CUtensorMap_stS0_S0_PK13__nv_bfloat16PS1_PmS5_S5_S5_S5_' for 'sm_100a'
ptxas info    : Function properties for _Z14fc2_w3x_kernelILi94ELi8ELi20EEv14CUtensorMap_stS0_S0_PK13__nv_bfloat16PS1_PmS5_S5_S5_S5_
    0 bytes stack frame, 0 bytes spill stores, 0 bytes spill loads
ptxas info    : Used 66 registers, used 1 barriers
ptxas info    : Compile time = 137.030 ms
ptxas info    : Compiling entry function '_Z14fc2_w3x_kernelILi93ELi8ELi20EEv14CUtensorMap_stS0_S0_PK13__nv_bfloat16PS1_PmS5_S5_S5_S5_' for 'sm_100a'
ptxas info    : Function properties for _Z14fc2_w3x_kernelILi93ELi8ELi20EEv14CUtensorMap_stS0_S0_PK13__nv_bfloat16PS1_PmS5_S5_S5_S5_
    0 bytes stack frame, 0 bytes spill stores, 0 bytes spill loads
ptxas info    : Used 66 registers, used 1 barriers
ptxas info    : Compile time = 136.209 ms
ptxas info    : Compiling entry function '_Z14fc2_w3x_kernelILi92ELi8ELi20EEv14CUtensorMap_stS0_S0_PK13__nv_bfloat16PS1_PmS5_S5_S5_S5_' for 'sm_100a'
ptxas info    : Function properties for _Z14fc2_w3x_kernelILi92ELi8ELi20EEv14CUtensorMap_stS0_S0_PK13__nv_bfloat16PS1_PmS5_S5_S5_S5_
    0 bytes stack frame, 0 bytes spill stores, 0 bytes spill loads
ptxas info    : Used 66 registers, used 1 barriers
ptxas info    : Compile time = 136.054 ms
ptxas info    : Compiling entry function '_Z14fc2_w3x_kernelILi91ELi8ELi20EEv14CUtensorMap_stS0_S0_PK13__nv_bfloat16PS1_PmS5_S5_S5_S5_' for 'sm_100a'
ptxas info    : Function properties for _Z14fc2_w3x_kernelILi91ELi8ELi20EEv14CUtensorMap_stS0_S0_PK13__nv_bfloat16PS1_PmS5_S5_S5_S5_
    0 bytes stack frame, 0 bytes spill stores, 0 bytes spill loads
ptxas info    : Used 66 registers, used 1 barriers
ptxas info    : Compile time = 136.475 ms
ptxas info    : Compiling entry function '_Z14fc2_w3x_kernelILi90ELi8ELi20EEv14CUtensorMap_stS0_S0_PK13__nv_bfloat16PS1_PmS5_S5_S5_S5_' for 'sm_100a'
ptxas info    : Function properties for _Z14fc2_w3x_kernelILi90ELi8ELi20EEv14CUtensorMap_stS0_S0_PK13__nv_bfloat16PS1_PmS5_S5_S5_S5_
    0 bytes stack frame, 0 bytes spill stores, 0 bytes spill loads
ptxas info    : Used 66 registers, used 1 barriers
ptxas info    : Compile time = 136.651 ms
ptxas info    : Compiling entry function '_Z14fc2_w3x_kernelILi89ELi8ELi20EEv14CUtensorMap_stS0_S0_PK13__nv_bfloat16PS1_PmS5_S5_S5_S5_' for 'sm_100a'
ptxas info    : Function properties for _Z14fc2_w3x_kernelILi89ELi8ELi20EEv14CUtensorMap_stS0_S0_PK13__nv_bfloat16PS1_PmS5_S5_S5_S5_
    0 bytes stack frame, 0 bytes spill stores, 0 bytes spill loads
ptxas info    : Used 66 registers, used 1 barriers
ptxas info    : Compile time = 136.208 ms
ptxas info    : Compiling entry function '_Z14fc2_w3x_kernelILi88ELi8ELi20EEv14CUtensorMap_stS0_S0_PK13__nv_bfloat16PS1_PmS5_S5_S5_S5_' for 'sm_100a'
ptxas info    : Function properties for _Z14fc2_w3x_kernelILi88ELi8ELi20EEv14CUtensorMap_stS0_S0_PK13__nv_bfloat16PS1_PmS5_S5_S5_S5_
    0 bytes stack frame, 0 bytes spill stores, 0 bytes spill loads
ptxas info    : Used 66 registers, used 1 barriers
ptxas info    : Compile time = 136.842 ms
ptxas info    : Compiling entry function '_Z14fc2_w3x_kernelILi87ELi8ELi20EEv14CUtensorMap_stS0_S0_PK13__nv_bfloat16PS1_PmS5_S5_S5_S5_' for 'sm_100a'
ptxas info    : Function properties for _Z14fc2_w3x_kernelILi87ELi8ELi20EEv14CUtensorMap_stS0_S0_PK13__nv_bfloat16PS1_PmS5_S5_S5_S5_
    0 bytes stack frame, 0 bytes spill stores, 0 bytes spill loads
ptxas info    : Used 66 registers, used 1 barriers
ptxas info    : Compile time = 135.698 ms
ptxas info    : Compiling entry function '_Z14fc2_w3x_kernelILi86ELi8ELi20EEv14CUtensorMap_stS0_S0_PK13__nv_bfloat16PS1_PmS5_S5_S5_S5_' for 'sm_100a'
ptxas info    : Function properties for _Z14fc2_w3x_kernelILi86ELi8ELi20EEv14CUtensorMap_stS0_S0_PK13__nv_bfloat16PS1_PmS5_S5_S5_S5_
    0 bytes stack frame, 0 bytes spill stores, 0 bytes spill loads
ptxas info    : Used 66 registers, used 1 barriers
ptxas info    : Compile time = 136.880 ms
ptxas info    : Compiling entry function '_Z14fc2_w3x_kernelILi85ELi8ELi20EEv14CUtensorMap_stS0_S0_PK13__nv_bfloat16PS1_PmS5_S5_S5_S5_' for 'sm_100a'
ptxas info    : Function properties for _Z14fc2_w3x_kernelILi85ELi8ELi20EEv14CUtensorMap_stS0_S0_PK13__nv_bfloat16PS1_PmS5_S5_S5_S5_
    0 bytes stack frame, 0 bytes spill stores, 0 bytes spill loads
ptxas info    : Used 66 registers, used 1 barriers
ptxas info    : Compile time = 137.139 ms
ptxas info    : Compiling entry function '_Z14fc2_w3x_kernelILi84ELi8ELi20EEv14CUtensorMap_stS0_S0_PK13__nv_bfloat16PS1_PmS5_S5_S5_S5_' for 'sm_100a'
ptxas info    : Function properties for _Z14fc2_w3x_kernelILi84ELi8ELi20EEv14CUtensorMap_stS0_S0_PK13__nv_bfloat16PS1_PmS5_S5_S5_S5_
    0 bytes stack frame, 0 bytes spill stores, 0 bytes spill loads
ptxas info    : Used 66 registers, used 1 barriers
ptxas info    : Compile time = 137.646 ms
ptxas info    : Compiling entry function '_Z14fc2_w3x_kernelILi83ELi8ELi20EEv14CUtensorMap_stS0_S0_PK13__nv_bfloat16PS1_PmS5_S5_S5_S5_' for 'sm_100a'
ptxas info    : Function properties for _Z14fc2_w3x_kernelILi83ELi8ELi20EEv14CUtensorMap_stS0_S0_PK13__nv_bfloat16PS1_PmS5_S5_S5_S5_
    0 bytes stack frame, 0 bytes spill stores, 0 bytes spill loads
ptxas info    : Used 66 registers, used 1 barriers
ptxas info    : Compile time = 136.854 ms
ptxas info    : Compiling entry function '_Z14fc2_w3x_kernelILi82ELi8ELi20EEv14CUtensorMap_stS0_S0_PK13__nv_bfloat16PS1_PmS5_S5_S5_S5_' for 'sm_100a'
ptxas info    : Function properties for _Z14fc2_w3x_kernelILi82ELi8ELi20EEv14CUtensorMap_stS0_S0_PK13__nv_bfloat16PS1_PmS5_S5_S5_S5_
    0 bytes stack frame, 0 bytes spill stores, 0 bytes spill loads
ptxas info    : Used 66 registers, used 1 barriers
ptxas info    : Compile time = 136.624 ms
ptxas info    : Compiling entry function '_Z14fc2_w3x_kernelILi81ELi8ELi20EEv14CUtensorMap_stS0_S0_PK13__nv_bfloat16PS1_PmS5_S5_S5_S5_' for 'sm_100a'
ptxas info    : Function properties for _Z14fc2_w3x_kernelILi81ELi8ELi20EEv14CUtensorMap_stS0_S0_PK13__nv_bfloat16PS1_PmS5_S5_S5_S5_
    0 bytes stack frame, 0 bytes spill stores, 0 bytes spill loads
ptxas info    : Used 66 registers, used 1 barriers
ptxas info    : Compile time = 136.642 ms
ptxas info    : Compiling entry function '_Z14fc2_w3x_kernelILi80ELi8ELi20EEv14CUtensorMap_stS0_S0_PK13__nv_bfloat16PS1_PmS5_S5_S5_S5_' for 'sm_100a'
ptxas info    : Function properties for _Z14fc2_w3x_kernelILi80ELi8ELi20EEv14CUtensorMap_stS0_S0_PK13__nv_bfloat16PS1_PmS5_S5_S5_S5_
    0 bytes stack frame, 0 bytes spill stores, 0 bytes spill loads
ptxas info    : Used 66 registers, used 1 barriers
ptxas info    : Compile time = 136.514 ms
ptxas info    : Compiling entry function '_Z14fc2_w3x_kernelILi58ELi8ELi20EEv14CUtensorMap_stS0_S0_PK13__nv_bfloat16PS1_PmS5_S5_S5_S5_' for 'sm_100a'
ptxas info    : Function properties for _Z14fc2_w3x_kernelILi58ELi8ELi20EEv14CUtensorMap_stS0_S0_PK13__nv_bfloat16PS1_PmS5_S5_S5_S5_
    0 bytes stack frame, 0 bytes spill stores, 0 bytes spill loads
ptxas info    : Used 66 registers, used 1 barriers
ptxas info    : Compile time = 137.058 ms
ptxas info    : Compiling entry function '_Z14fc2_w3x_kernelILi57ELi8ELi20EEv14CUtensorMap_stS0_S0_PK13__nv_bfloat16PS1_PmS5_S5_S5_S5_' for 'sm_100a'
ptxas info    : Function properties for _Z14fc2_w3x_kernelILi57ELi8ELi20EEv14CUtensorMap_stS0_S0_PK13__nv_bfloat16PS1_PmS5_S5_S5_S5_
    0 bytes stack frame, 0 bytes spill stores, 0 bytes spill loads
ptxas info    : Used 66 registers, used 1 barriers
ptxas info    : Compile time = 137.593 ms
ptxas info    : Compiling entry function '_Z14fc2_w3x_kernelILi56ELi8ELi20EEv14CUtensorMap_stS0_S0_PK13__nv_bfloat16PS1_PmS5_S5_S5_S5_' for 'sm_100a'
ptxas info    : Function properties for _Z14fc2_w3x_kernelILi56ELi8ELi20EEv14CUtensorMap_stS0_S0_PK13__nv_bfloat16PS1_PmS5_S5_S5_S5_
    0 bytes stack frame, 0 bytes spill stores, 0 bytes spill loads
ptxas info    : Used 66 registers, used 1 barriers
ptxas info    : Compile time = 138.170 ms
ptxas info    : Compiling entry function '_Z14fc2_w3x_kernelILi55ELi8ELi20EEv14CUtensorMap_stS0_S0_PK13__nv_bfloat16PS1_PmS5_S5_S5_S5_' for 'sm_100a'
ptxas info    : Function properties for _Z14fc2_w3x_kernelILi55ELi8ELi20EEv14CUtensorMap_stS0_S0_PK13__nv_bfloat16PS1_PmS5_S5_S5_S5_
    0 bytes stack frame, 0 bytes spill stores, 0 bytes spill loads
ptxas info    : Used 66 registers, used 1 barriers
ptxas info    : Compile time = 135.349 ms
ptxas info    : Compiling entry function '_Z14fc2_w3x_kernelILi54ELi8ELi20EEv14CUtensorMap_stS0_S0_PK13__nv_bfloat16PS1_PmS5_S5_S5_S5_' for 'sm_100a'
ptxas info    : Function properties for _Z14fc2_w3x_kernelILi54ELi8ELi20EEv14CUtensorMap_stS0_S0_PK13__nv_bfloat16PS1_PmS5_S5_S5_S5_
    0 bytes stack frame, 0 bytes spill stores, 0 bytes spill loads
ptxas info    : Used 66 registers, used 1 barriers
ptxas info    : Compile time = 136.904 ms
ptxas info    : Compiling entry function '_Z14fc2_w3x_kernelILi53ELi8ELi20EEv14CUtensorMap_stS0_S0_PK13__nv_bfloat16PS1_PmS5_S5_S5_S5_' for 'sm_100a'
ptxas info    : Function properties for _Z14fc2_w3x_kernelILi53ELi8ELi20EEv14CUtensorMap_stS0_S0_PK13__nv_bfloat16PS1_PmS5_S5_S5_S5_
    0 bytes stack frame, 0 bytes spill stores, 0 bytes spill loads
ptxas info    : Used 66 registers, used 1 barriers
ptxas info    : Compile time = 136.686 ms
ptxas info    : Compiling entry function '_Z14fc2_w3x_kernelILi52ELi8ELi20EEv14CUtensorMap_stS0_S0_PK13__nv_bfloat16PS1_PmS5_S5_S5_S5_' for 'sm_100a'
ptxas info    : Function properties for _Z14fc2_w3x_kernelILi52ELi8ELi20EEv14CUtensorMap_stS0_S0_PK13__nv_bfloat16PS1_PmS5_S5_S5_S5_
    0 bytes stack frame, 0 bytes spill stores, 0 bytes spill loads
ptxas info    : Used 66 registers, used 1 barriers
ptxas info    : Compile time = 136.786 ms
ptxas info    : Compiling entry function '_Z14fc2_w3x_kernelILi51ELi8ELi20EEv14CUtensorMap_stS0_S0_PK13__nv_bfloat16PS1_PmS5_S5_S5_S5_' for 'sm_100a'
ptxas info    : Function properties for _Z14fc2_w3x_kernelILi51ELi8ELi20EEv14CUtensorMap_stS0_S0_PK13__nv_bfloat16PS1_PmS5_S5_S5_S5_
    0 bytes stack frame, 0 bytes spill stores, 0 bytes spill loads
ptxas info    : Used 66 registers, used 1 barriers
ptxas info    : Compile time = 137.820 ms
ptxas info    : Compiling entry function '_Z14fc2_w3x_kernelILi50ELi8ELi20EEv14CUtensorMap_stS0_S0_PK13__nv_bfloat16PS1_PmS5_S5_S5_S5_' for 'sm_100a'
ptxas info    : Function properties for _Z14fc2_w3x_kernelILi50ELi8ELi20EEv14CUtensorMap_stS0_S0_PK13__nv_bfloat16PS1_PmS5_S5_S5_S5_
    0 bytes stack frame, 0 bytes spill stores, 0 bytes spill loads
ptxas info    : Used 66 registers, used 1 barriers
ptxas info    : Compile time = 136.715 ms
ptxas info    : Compiling entry function '_Z14fc2_w3x_kernelILi49ELi8ELi20EEv14CUtensorMap_stS0_S0_PK13__nv_bfloat16PS1_PmS5_S5_S5_S5_' for 'sm_100a'
ptxas info    : Function properties for _Z14fc2_w3x_kernelILi49ELi8ELi20EEv14CUtensorMap_stS0_S0_PK13__nv_bfloat16PS1_PmS5_S5_S5_S5_
    0 bytes stack frame, 0 bytes spill stores, 0 bytes spill loads
ptxas info    : Used 66 registers, used 1 barriers
ptxas info    : Compile time = 136.353 ms
ptxas info    : Compiling entry function '_Z14fc2_w3x_kernelILi19ELi16ELi20EEv14CUtensorMap_stS0_S0_PK13__nv_bfloat16PS1_PmS5_S5_S5_S5_' for 'sm_100a'
ptxas info    : Function properties for _Z14fc2_w3x_kernelILi19ELi16ELi20EEv14CUtensorMap_stS0_S0_PK13__nv_bfloat16PS1_PmS5_S5_S5_S5_
    0 bytes stack frame, 0 bytes spill stores, 0 bytes spill loads
ptxas info    : Used 66 registers, used 1 barriers
ptxas info    : Compile time = 135.599 ms
ptxas info    : Compiling entry function '_Z14fc2_w3x_kernelILi19ELi4ELi20EEv14CUtensorMap_stS0_S0_PK13__nv_bfloat16PS1_PmS5_S5_S5_S5_' for 'sm_100a'
ptxas info    : Function properties for _Z14fc2_w3x_kernelILi19ELi4ELi20EEv14CUtensorMap_stS0_S0_PK13__nv_bfloat16PS1_PmS5_S5_S5_S5_
    0 bytes stack frame, 0 bytes spill stores, 0 bytes spill loads
ptxas info    : Used 66 registers, used 1 barriers
ptxas info    : Compile time = 135.123 ms
ptxas info    : Compiling entry function '_Z14fc2_w3x_kernelILi48ELi8ELi20EEv14CUtensorMap_stS0_S0_PK13__nv_bfloat16PS1_PmS5_S5_S5_S5_' for 'sm_100a'
ptxas info    : Function properties for _Z14fc2_w3x_kernelILi48ELi8ELi20EEv14CUtensorMap_stS0_S0_PK13__nv_bfloat16PS1_PmS5_S5_S5_S5_
    0 bytes stack frame, 0 bytes spill stores, 0 bytes spill loads
ptxas info    : Used 66 registers, used 1 barriers
ptxas info    : Compile time = 136.825 ms
ptxas info    : Compiling entry function '_Z14fc2_w3x_kernelILi47ELi8ELi20EEv14CUtensorMap_stS0_S0_PK13__nv_bfloat16PS1_PmS5_S5_S5_S5_' for 'sm_100a'
ptxas info    : Function properties for _Z14fc2_w3x_kernelILi47ELi8ELi20EEv14CUtensorMap_stS0_S0_PK13__nv_bfloat16PS1_PmS5_S5_S5_S5_
    0 bytes stack frame, 0 bytes spill stores, 0 bytes spill loads
ptxas info    : Used 66 registers, used 1 barriers
ptxas info    : Compile time = 137.346 ms
ptxas info    : Compiling entry function '_Z14fc2_w3x_kernelILi46ELi8ELi20EEv14CUtensorMap_stS0_S0_PK13__nv_bfloat16PS1_PmS5_S5_S5_S5_' for 'sm_100a'
ptxas info    : Function properties for _Z14fc2_w3x_kernelILi46ELi8ELi20EEv14CUtensorMap_stS0_S0_PK13__nv_bfloat16PS1_PmS5_S5_S5_S5_
    0 bytes stack frame, 0 bytes spill stores, 0 bytes spill loads
ptxas info    : Used 66 registers, used 1 barriers
ptxas info    : Compile time = 137.294 ms
ptxas info    : Compiling entry function '_Z14fc2_w3x_kernelILi45ELi8ELi20EEv14CUtensorMap_stS0_S0_PK13__nv_bfloat16PS1_PmS5_S5_S5_S5_' for 'sm_100a'
ptxas info    : Function properties for _Z14fc2_w3x_kernelILi45ELi8ELi20EEv14CUtensorMap_stS0_S0_PK13__nv_bfloat16PS1_PmS5_S5_S5_S5_
    0 bytes stack frame, 0 bytes spill stores, 0 bytes spill loads
ptxas info    : Used 66 registers, used 1 barriers
ptxas info    : Compile time = 136.684 ms
ptxas info    : Compiling entry function '_Z14fc2_w3x_kernelILi44ELi8ELi20EEv14CUtensorMap_stS0_S0_PK13__nv_bfloat16PS1_PmS5_S5_S5_S5_' for 'sm_100a'
ptxas info    : Function properties for _Z14fc2_w3x_kernelILi44ELi8ELi20EEv14CUtensorMap_stS0_S0_PK13__nv_bfloat16PS1_PmS5_S5_S5_S5_
    0 bytes stack frame, 0 bytes spill stores, 0 bytes spill loads
ptxas info    : Used 66 registers, used 1 barriers
ptxas info    : Compile time = 136.612 ms
ptxas info    : Compiling entry function '_Z14fc2_w3x_kernelILi43ELi8ELi20EEv14CUtensorMap_stS0_S0_PK13__nv_bfloat16PS1_PmS5_S5_S5_S5_' for 'sm_100a'
ptxas info    : Function properties for _Z14fc2_w3x_kernelILi43ELi8ELi20EEv14CUtensorMap_stS0_S0_PK13__nv_bfloat16PS1_PmS5_S5_S5_S5_
    0 bytes stack frame, 0 bytes spill stores, 0 bytes spill loads
ptxas info    : Used 66 registers, used 1 barriers
ptxas info    : Compile time = 138.403 ms
ptxas info    : Compiling entry function '_Z14fc2_w3x_kernelILi41ELi8ELi20EEv14CUtensorMap_stS0_S0_PK13__nv_bfloat16PS1_PmS5_S5_S5_S5_' for 'sm_100a'
ptxas info    : Function properties for _Z14fc2_w3x_kernelILi41ELi8ELi20EEv14CUtensorMap_stS0_S0_PK13__nv_bfloat16PS1_PmS5_S5_S5_S5_
    0 bytes stack frame, 0 bytes spill stores, 0 bytes spill loads
ptxas info    : Used 66 registers, used 1 barriers
ptxas info    : Compile time = 135.223 ms
ptxas info    : Compiling entry function '_Z14fc2_w3x_kernelILi40ELi8ELi20EEv14CUtensorMap_stS0_S0_PK13__nv_bfloat16PS1_PmS5_S5_S5_S5_' for 'sm_100a'
ptxas info    : Function properties for _Z14fc2_w3x_kernelILi40ELi8ELi20EEv14CUtensorMap_stS0_S0_PK13__nv_bfloat16PS1_PmS5_S5_S5_S5_
    0 bytes stack frame, 0 bytes spill stores, 0 bytes spill loads
ptxas info    : Used 66 registers, used 1 barriers
ptxas info    : Compile time = 135.397 ms
ptxas info    : Compiling entry function '_Z14fc2_w3x_kernelILi39ELi8ELi20EEv14CUtensorMap_stS0_S0_PK13__nv_bfloat16PS1_PmS5_S5_S5_S5_' for 'sm_100a'
ptxas info    : Function properties for _Z14fc2_w3x_kernelILi39ELi8ELi20EEv14CUtensorMap_stS0_S0_PK13__nv_bfloat16PS1_PmS5_S5_S5_S5_
    0 bytes stack frame, 0 bytes spill stores, 0 bytes spill loads
ptxas info    : Used 66 registers, used 1 barriers
ptxas info    : Compile time = 135.475 ms
ptxas info    : Compiling entry function '_Z14fc2_w3x_kernelILi38ELi8ELi20EEv14CUtensorMap_stS0_S0_PK13__nv_bfloat16PS1_PmS5_S5_S5_S5_' for 'sm_100a'
ptxas info    : Function properties for _Z14fc2_w3x_kernelILi38ELi8ELi20EEv14CUtensorMap_stS0_S0_PK13__nv_bfloat16PS1_PmS5_S5_S5_S5_
    0 bytes stack frame, 0 bytes spill stores, 0 bytes spill loads
ptxas info    : Used 66 registers, used 1 barriers
ptxas info    : Compile time = 136.574 ms
ptxas info    : Compiling entry function '_Z14fc2_w3x_kernelILi36ELi4ELi20EEv14CUtensorMap_stS0_S0_PK13__nv_bfloat16PS1_PmS5_S5_S5_S5_' for 'sm_100a'
ptxas info    : Function properties for _Z14fc2_w3x_kernelILi36ELi4ELi20EEv14CUtensorMap_stS0_S0_PK13__nv_bfloat16PS1_PmS5_S5_S5_S5_
    0 bytes stack frame, 0 bytes spill stores, 0 bytes spill loads
ptxas info    : Used 66 registers, used 1 barriers
ptxas info    : Compile time = 135.948 ms
ptxas info    : Compiling entry function '_Z14fc2_w3x_kernelILi35ELi4ELi20EEv14CUtensorMap_stS0_S0_PK13__nv_bfloat16PS1_PmS5_S5_S5_S5_' for 'sm_100a'
ptxas info    : Function properties for _Z14fc2_w3x_kernelILi35ELi4ELi20EEv14CUtensorMap_stS0_S0_PK13__nv_bfloat16PS1_PmS5_S5_S5_S5_
    0 bytes stack frame, 0 bytes spill stores, 0 bytes spill loads
ptxas info    : Used 66 registers, used 1 barriers
ptxas info    : Compile time = 137.308 ms
ptxas info    : Compiling entry function '_Z14fc2_w3x_kernelILi34ELi8ELi20EEv14CUtensorMap_stS0_S0_PK13__nv_bfloat16PS1_PmS5_S5_S5_S5_' for 'sm_100a'
ptxas info    : Function properties for _Z14fc2_w3x_kernelILi34ELi8ELi20EEv14CUtensorMap_stS0_S0_PK13__nv_bfloat16PS1_PmS5_S5_S5_S5_
    0 bytes stack frame, 0 bytes spill stores, 0 bytes spill loads
ptxas info    : Used 66 registers, used 1 barriers
ptxas info    : Compile time = 136.387 ms
ptxas info    : Compiling entry function '_Z14fc2_w3x_kernelILi33ELi8ELi20EEv14CUtensorMap_stS0_S0_PK13__nv_bfloat16PS1_PmS5_S5_S5_S5_' for 'sm_100a'
ptxas info    : Function properties for _Z14fc2_w3x_kernelILi33ELi8ELi20EEv14CUtensorMap_stS0_S0_PK13__nv_bfloat16PS1_PmS5_S5_S5_S5_
    0 bytes stack frame, 0 bytes spill stores, 0 bytes spill loads
ptxas info    : Used 66 registers, used 1 barriers
ptxas info    : Compile time = 137.106 ms
ptxas info    : Compiling entry function '_Z14fc2_w3x_kernelILi19ELi8ELi20EEv14CUtensorMap_stS0_S0_PK13__nv_bfloat16PS1_PmS5_S5_S5_S5_' for 'sm_100a'
ptxas info    : Function properties for _Z14fc2_w3x_kernelILi19ELi8ELi20EEv14CUtensorMap_stS0_S0_PK13__nv_bfloat16PS1_PmS5_S5_S5_S5_
    0 bytes stack frame, 0 bytes spill stores, 0 bytes spill loads
ptxas info    : Used 66 registers, used 1 barriers
ptxas info    : Compile time = 135.542 ms
ptxas info    : Compiling entry function '_Z14fc2_w3x_kernelILi18ELi8ELi20EEv14CUtensorMap_stS0_S0_PK13__nv_bfloat16PS1_PmS5_S5_S5_S5_' for 'sm_100a'
ptxas info    : Function properties for _Z14fc2_w3x_kernelILi18ELi8ELi20EEv14CUtensorMap_stS0_S0_PK13__nv_bfloat16PS1_PmS5_S5_S5_S5_
    0 bytes stack frame, 0 bytes spill stores, 0 bytes spill loads
ptxas info    : Used 66 registers, used 1 barriers
ptxas info    : Compile time = 135.995 ms
ptxas info    : Compiling entry function '_Z14fc2_w3x_kernelILi13ELi8ELi20EEv14CUtensorMap_stS0_S0_PK13__nv_bfloat16PS1_PmS5_S5_S5_S5_' for 'sm_100a'
ptxas info    : Function properties for _Z14fc2_w3x_kernelILi13ELi8ELi20EEv14CUtensorMap_stS0_S0_PK13__nv_bfloat16PS1_PmS5_S5_S5_S5_
    0 bytes stack frame, 0 bytes spill stores, 0 bytes spill loads
ptxas info    : Used 66 registers, used 1 barriers
ptxas info    : Compile time = 132.790 ms
ptxas info    : Compiling entry function '_Z14fc2_w3x_kernelILi11ELi8ELi20EEv14CUtensorMap_stS0_S0_PK13__nv_bfloat16PS1_PmS5_S5_S5_S5_' for 'sm_100a'
ptxas info    : Function properties for _Z14fc2_w3x_kernelILi11ELi8ELi20EEv14CUtensorMap_stS0_S0_PK13__nv_bfloat16PS1_PmS5_S5_S5_S5_
    0 bytes stack frame, 0 bytes spill stores, 0 bytes spill loads
ptxas info    : Used 66 registers, used 1 barriers
ptxas info    : Compile time = 133.055 ms
ptxas info    : Compiling entry function '_Z14fc2_w3x_kernelILi0ELi32ELi20EEv14CUtensorMap_stS0_S0_PK13__nv_bfloat16PS1_PmS5_S5_S5_S5_' for 'sm_100a'
ptxas info    : Function properties for _Z14fc2_w3x_kernelILi0ELi32ELi20EEv14CUtensorMap_stS0_S0_PK13__nv_bfloat16PS1_PmS5_S5_S5_S5_
    0 bytes stack frame, 0 bytes spill stores, 0 bytes spill loads
ptxas info    : Used 66 registers, used 1 barriers
ptxas info    : Compile time = 136.299 ms
ptxas info    : Compiling entry function '_Z14fc2_w3x_kernelILi0ELi16ELi20EEv14CUtensorMap_stS0_S0_PK13__nv_bfloat16PS1_PmS5_S5_S5_S5_' for 'sm_100a'
ptxas info    : Function properties for _Z14fc2_w3x_kernelILi0ELi16ELi20EEv14CUtensorMap_stS0_S0_PK13__nv_bfloat16PS1_PmS5_S5_S5_S5_
    0 bytes stack frame, 0 bytes spill stores, 0 bytes spill loads
ptxas info    : Used 66 registers, used 1 barriers
ptxas info    : Compile time = 136.242 ms
ptxas info    : Compiling entry function '_Z14fc2_w3x_kernelILi0ELi4ELi20EEv14CUtensorMap_stS0_S0_PK13__nv_bfloat16PS1_PmS5_S5_S5_S5_' for 'sm_100a'
ptxas info    : Function properties for _Z14fc2_w3x_kernelILi0ELi4ELi20EEv14CUtensorMap_stS0_S0_PK13__nv_bfloat16PS1_PmS5_S5_S5_S5_
    0 bytes stack frame, 0 bytes spill stores, 0 bytes spill loads
ptxas info    : Used 66 registers, used 1 barriers
ptxas info    : Compile time = 136.587 ms
ptxas info    : Compiling entry function '_Z14fc2_w3x_kernelILi0ELi2ELi20EEv14CUtensorMap_stS0_S0_PK13__nv_bfloat16PS1_PmS5_S5_S5_S5_' for 'sm_100a'
ptxas info    : Function properties for _Z14fc2_w3x_kernelILi0ELi2ELi20EEv14CUtensorMap_stS0_S0_PK13__nv_bfloat16PS1_PmS5_S5_S5_S5_
    0 bytes stack frame, 0 bytes spill stores, 0 bytes spill loads
ptxas info    : Used 66 registers, used 1 barriers
ptxas info    : Compile time = 133.442 ms
ptxas info    : Compiling entry function '_Z14fc2_w3x_kernelILi0ELi8ELi20EEv14CUtensorMap_stS0_S0_PK13__nv_bfloat16PS1_PmS5_S5_S5_S5_' for 'sm_100a'
ptxas info    : Function properties for _Z14fc2_w3x_kernelILi0ELi8ELi20EEv14CUtensorMap_stS0_S0_PK13__nv_bfloat16PS1_PmS5_S5_S5_S5_
    0 bytes stack frame, 0 bytes spill stores, 0 bytes spill loads
ptxas info    : Used 66 registers, used 1 barriers
ptxas info    : Compile time = 135.775 ms
--- rep 1/3 ec=0
FC2 W3X kernel — 6-warp bias-only rank-1-shaped persistent
  [928256,8192] x [512,8192]^T  NS=6  THREADS=192  SMEM=214656 B  (cap 228KB)
  Alloc + init + pack done
  TMA + func attr done (SMEM=214656 B)  variant=default TD=0 DGG=8
Warmup (2 iters)...
Timing 1 reps × 10 iters/rep × 1 variant ...
@@SAMPLE rep=1 ms=1.83927 cyc=3384859 cyc_min=3378811 cyc_p50=3383316 cyc_p95=3384270 cyc_max=3384859
@@STATS reps=1 mean=1.83927 std=0.00000 min=1.83927 p25=1.83927 p50=1.83927 p75=1.83927 max=1.83927 iqr=0.00000
FC2-W3X kernel: 1.839 ms  4233.62 TFLOPS
PASS  errors=0/32
@@RESULT ms=1.8393 tflops=4233.62 checksum=0.000000 valid=1 c0=12288.0
--- rep 2/3 ec=0
FC2 W3X kernel — 6-warp bias-only rank-1-shaped persistent
  [928256,8192] x [512,8192]^T  NS=6  THREADS=192  SMEM=214656 B  (cap 228KB)
  Alloc + init + pack done
  TMA + func attr done (SMEM=214656 B)  variant=default TD=0 DGG=8
Warmup (2 iters)...
Timing 1 reps × 10 iters/rep × 1 variant ...
@@SAMPLE rep=1 ms=1.83969 cyc=3384954 cyc_min=3378657 cyc_p50=3383258 cyc_p95=3384468 cyc_max=3384954
@@STATS reps=1 mean=1.83969 std=0.00000 min=1.83969 p25=1.83969 p50=1.83969 p75=1.83969 max=1.83969 iqr=0.00000
FC2-W3X kernel: 1.840 ms  4232.66 TFLOPS
PASS  errors=0/32
@@RESULT ms=1.8397 tflops=4232.66 checksum=0.000000 valid=1 c0=12288.0
--- rep 3/3 ec=0
FC2 W3X kernel — 6-warp bias-only rank-1-shaped persistent
  [928256,8192] x [512,8192]^T  NS=6  THREADS=192  SMEM=214656 B  (cap 228KB)
  Alloc + init + pack done
  TMA + func attr done (SMEM=214656 B)  variant=default TD=0 DGG=8
Warmup (2 iters)...
Timing 1 reps × 10 iters/rep × 1 variant ...
@@SAMPLE rep=1 ms=1.83904 cyc=3384341 cyc_min=3378909 cyc_p50=3383264 cyc_p95=3383747 cyc_max=3384341
@@STATS reps=1 mean=1.83904 std=0.00000 min=1.83904 p25=1.83904 p50=1.83904 p75=1.83904 max=1.83904 iqr=0.00000
FC2-W3X kernel: 1.839 ms  4234.15 TFLOPS
PASS  errors=0/32
@@RESULT ms=1.8390 tflops=4234.15 checksum=0.000000 valid=1 c0=12288.0
--- cublas epi=3 rep 1/1 ec=0
### CUBLASLT INTROSPECT M=928256 N=512 K=8192 epi=bias_only scale=per_tensor
### Heuristics returned: 8

# TSV
rank	heur	ms	cyc	algoId	tile	stages	cluster	inner	splitk	redux	swizzle	custom	waves	ws_MB
1	0	1.9370	3574237	66	23	36	3	-1	1	0	0	1	98.00	0.0
2	3	1.9398	3579070	66	32	36	3	-1	1	0	0	1	130.68	0.0
3	4	1.9498	3597542	66	201	36	5	-1	1	0	0	2	147.00	0.0
4	2	1.9525	3601889	66	513	36	3	-1	1	0	0	1	49.00	0.0
5	5	2.0087	3628699	66	29	36	3	-1	1	0	0	1	156.81	0.0
6	7	2.0478	3778088	66	232	36	3	-1	1	0	0	1	65.34	0.0
7	1	2.2914	4229093	66	24	36	6	-1	1	0	0	3	98.00	0.0
8	6	2.7739	5067866	66	495	36	5	-1	1	0	0	3	130.68	0.0

# Top-3 caps:

## rank=1  algoId=66  tile=23  stages=36  cluster=3  inner=-1  ms=1.9370
    CUBLASLT_ALGO_CAP_REDUCTION_SCHEME_MASK      = 2
    CUBLASLT_ALGO_CAP_CTA_SWIZZLING_SUPPORT      = 0
    CUBLASLT_ALGO_CAP_STRIDED_BATCH_SUPPORT      = 1
    CUBLASLT_ALGO_CAP_OUT_OF_PLACE_RESULT_SUPPORT = 1
    CUBLASLT_ALGO_CAP_CUSTOM_OPTION_MAX          = 7
    CUBLASLT_ALGO_CAP_POINTER_MODE_MASK          = 3
    CUBLASLT_ALGO_CAP_EPILOGUE_MASK              = 1023
    CUBLASLT_ALGO_CAP_TILE_IDS                   = --  (status=7 wrote=0)
    CUBLASLT_ALGO_CAP_STAGES_IDS                 = [36] (n=1, elem=4B)
    CUBLASLT_ALGO_CONFIG_CLUSTER_SHAPE_ID sz=2 → status=0 wrote=2 val=3

## rank=2  algoId=66  tile=32  stages=36  cluster=3  inner=-1  ms=1.9398
    CUBLASLT_ALGO_CAP_REDUCTION_SCHEME_MASK      = 2
    CUBLASLT_ALGO_CAP_CTA_SWIZZLING_SUPPORT      = 0
    CUBLASLT_ALGO_CAP_STRIDED_BATCH_SUPPORT      = 1
    CUBLASLT_ALGO_CAP_OUT_OF_PLACE_RESULT_SUPPORT = 1
    CUBLASLT_ALGO_CAP_CUSTOM_OPTION_MAX          = 7
    CUBLASLT_ALGO_CAP_POINTER_MODE_MASK          = 3
    CUBLASLT_ALGO_CAP_EPILOGUE_MASK              = 1023
    CUBLASLT_ALGO_CAP_TILE_IDS                   = --  (status=7 wrote=0)
    CUBLASLT_ALGO_CAP_STAGES_IDS                 = [36] (n=1, elem=4B)
    CUBLASLT_ALGO_CONFIG_CLUSTER_SHAPE_ID sz=2 → status=0 wrote=2 val=3

## rank=3  algoId=66  tile=201  stages=36  cluster=5  inner=-1  ms=1.9498
    CUBLASLT_ALGO_CAP_REDUCTION_SCHEME_MASK      = 2
    CUBLASLT_ALGO_CAP_CTA_SWIZZLING_SUPPORT      = 0
    CUBLASLT_ALGO_CAP_STRIDED_BATCH_SUPPORT      = 1
    CUBLASLT_ALGO_CAP_OUT_OF_PLACE_RESULT_SUPPORT = 1
    CUBLASLT_ALGO_CAP_CUSTOM_OPTION_MAX          = 7
    CUBLASLT_ALGO_CAP_POINTER_MODE_MASK          = 3
    CUBLASLT_ALGO_CAP_EPILOGUE_MASK              = 1023
    CUBLASLT_ALGO_CAP_TILE_IDS                   = --  (status=7 wrote=0)
    CUBLASLT_ALGO_CAP_STAGES_IDS                 = [36] (n=1, elem=4B)
    CUBLASLT_ALGO_CONFIG_CLUSTER_SHAPE_ID sz=2 → status=0 wrote=2 val=5

# Winner:  rank=1  tile=23  stages=36  cluster=3  inner=-1  splitk=1  swizzle=0  ms=1.9370  cyc=3574237

@@RESULT ms=1.9370 cyc=3574237 tflops=4019.98 checksum=0.000000 valid=1 c0=0.0
--- cublas epi=0 rep 1/1 ec=0
### CUBLASLT INTROSPECT M=928256 N=512 K=8192 epi=none scale=per_tensor
### Heuristics returned: 8

# TSV
rank	heur	ms	cyc	algoId	tile	stages	cluster	inner	splitk	redux	swizzle	custom	waves	ws_MB
1	2	1.9201	3542710	66	513	36	3	-1	1	0	0	1	49.00	0.0
2	0	1.9305	3562226	66	23	36	3	-1	1	0	0	1	98.00	0.0
3	3	1.9344	3565560	66	32	36	3	-1	1	0	0	1	130.68	0.0
4	4	1.9591	3577625	66	201	36	5	-1	1	0	0	2	147.00	0.0
5	5	2.0001	3613085	66	29	36	3	-1	1	0	0	1	156.81	0.0
6	7	2.0389	3748486	66	232	36	3	-1	1	0	0	1	65.34	0.0
7	1	2.2846	4216579	66	24	36	6	-1	1	0	0	3	98.00	0.0
8	6	2.7833	4999815	66	495	36	5	-1	1	0	0	3	130.68	0.0

# Top-3 caps:

## rank=1  algoId=66  tile=513  stages=36  cluster=3  inner=-1  ms=1.9201
    CUBLASLT_ALGO_CAP_REDUCTION_SCHEME_MASK      = 2
    CUBLASLT_ALGO_CAP_CTA_SWIZZLING_SUPPORT      = 0
    CUBLASLT_ALGO_CAP_STRIDED_BATCH_SUPPORT      = 1
    CUBLASLT_ALGO_CAP_OUT_OF_PLACE_RESULT_SUPPORT = 1
    CUBLASLT_ALGO_CAP_CUSTOM_OPTION_MAX          = 7
    CUBLASLT_ALGO_CAP_POINTER_MODE_MASK          = 3
    CUBLASLT_ALGO_CAP_EPILOGUE_MASK              = 1023
    CUBLASLT_ALGO_CAP_TILE_IDS                   = --  (status=7 wrote=0)
    CUBLASLT_ALGO_CAP_STAGES_IDS                 = [36] (n=1, elem=4B)
    CUBLASLT_ALGO_CONFIG_CLUSTER_SHAPE_ID sz=2 → status=0 wrote=2 val=3

## rank=2  algoId=66  tile=23  stages=36  cluster=3  inner=-1  ms=1.9305
    CUBLASLT_ALGO_CAP_REDUCTION_SCHEME_MASK      = 2
    CUBLASLT_ALGO_CAP_CTA_SWIZZLING_SUPPORT      = 0
    CUBLASLT_ALGO_CAP_STRIDED_BATCH_SUPPORT      = 1
    CUBLASLT_ALGO_CAP_OUT_OF_PLACE_RESULT_SUPPORT = 1
    CUBLASLT_ALGO_CAP_CUSTOM_OPTION_MAX          = 7
    CUBLASLT_ALGO_CAP_POINTER_MODE_MASK          = 3
    CUBLASLT_ALGO_CAP_EPILOGUE_MASK              = 1023
    CUBLASLT_ALGO_CAP_TILE_IDS                   = --  (status=7 wrote=0)
    CUBLASLT_ALGO_CAP_STAGES_IDS                 = [36] (n=1, elem=4B)
    CUBLASLT_ALGO_CONFIG_CLUSTER_SHAPE_ID sz=2 → status=0 wrote=2 val=3

## rank=3  algoId=66  tile=32  stages=36  cluster=3  inner=-1  ms=1.9344
    CUBLASLT_ALGO_CAP_REDUCTION_SCHEME_MASK      = 2
    CUBLASLT_ALGO_CAP_CTA_SWIZZLING_SUPPORT      = 0
    CUBLASLT_ALGO_CAP_STRIDED_BATCH_SUPPORT      = 1
    CUBLASLT_ALGO_CAP_OUT_OF_PLACE_RESULT_SUPPORT = 1
    CUBLASLT_ALGO_CAP_CUSTOM_OPTION_MAX          = 7
    CUBLASLT_ALGO_CAP_POINTER_MODE_MASK          = 3
    CUBLASLT_ALGO_CAP_EPILOGUE_MASK              = 1023
    CUBLASLT_ALGO_CAP_TILE_IDS                   = --  (status=7 wrote=0)
    CUBLASLT_ALGO_CAP_STAGES_IDS                 = [36] (n=1, elem=4B)
    CUBLASLT_ALGO_CONFIG_CLUSTER_SHAPE_ID sz=2 → status=0 wrote=2 val=3

# Winner:  rank=1  tile=513  stages=36  cluster=3  inner=-1  splitk=1  swizzle=0  ms=1.9201  cyc=3542710

@@RESULT ms=1.9201 cyc=3542710 tflops=4055.43 checksum=0.000000 valid=1 c0=0.0

[build] N=1024 K=1024 M=928256 flags=['-DM_TOTAL=928256', '-DN_DIM=1024', '-DK_DIM=1024']
$ make -B fc2-w3x DFLAGS=-DM_TOTAL=928256 -DN_DIM=1024 -DK_DIM=1024
nvcc -gencode arch=compute_100a,code=sm_100a -O3 -std=c++17 -lineinfo --ptxas-options=-v --cudart=static -DM_TOTAL=928256 -DN_DIM=1024 -DK_DIM=1024 fc2_w3x.cu -o fc2-w3x -lcurand_static -lculibos -lcuda
ptxas info    : 0 bytes gmem
ptxas info    : Compiling entry function '_Z14fc2_w3x_kernelILi54ELi8ELi64EEv14CUtensorMap_stS0_S0_PK13__nv_bfloat16PS1_PmS5_S5_S5_S5_' for 'sm_100a'
ptxas info    : Function properties for _Z14fc2_w3x_kernelILi54ELi8ELi64EEv14CUtensorMap_stS0_S0_PK13__nv_bfloat16PS1_PmS5_S5_S5_S5_
    0 bytes stack frame, 0 bytes spill stores, 0 bytes spill loads
ptxas info    : Used 72 registers, used 1 barriers
ptxas info    : Compile time = 70.992 ms
ptxas info    : Compiling entry function '_Z14fc2_w3x_kernelILi54ELi8ELi48EEv14CUtensorMap_stS0_S0_PK13__nv_bfloat16PS1_PmS5_S5_S5_S5_' for 'sm_100a'
ptxas info    : Function properties for _Z14fc2_w3x_kernelILi54ELi8ELi48EEv14CUtensorMap_stS0_S0_PK13__nv_bfloat16PS1_PmS5_S5_S5_S5_
    0 bytes stack frame, 0 bytes spill stores, 0 bytes spill loads
ptxas info    : Used 72 registers, used 1 barriers
ptxas info    : Compile time = 67.750 ms
ptxas info    : Compiling entry function '_Z14fc2_w3x_kernelILi54ELi8ELi32EEv14CUtensorMap_stS0_S0_PK13__nv_bfloat16PS1_PmS5_S5_S5_S5_' for 'sm_100a'
ptxas info    : Function properties for _Z14fc2_w3x_kernelILi54ELi8ELi32EEv14CUtensorMap_stS0_S0_PK13__nv_bfloat16PS1_PmS5_S5_S5_S5_
    0 bytes stack frame, 0 bytes spill stores, 0 bytes spill loads
ptxas info    : Used 72 registers, used 1 barriers
ptxas info    : Compile time = 67.163 ms
ptxas info    : Compiling entry function '_Z14fc2_w3x_kernelILi54ELi8ELi24EEv14CUtensorMap_stS0_S0_PK13__nv_bfloat16PS1_PmS5_S5_S5_S5_' for 'sm_100a'
ptxas info    : Function properties for _Z14fc2_w3x_kernelILi54ELi8ELi24EEv14CUtensorMap_stS0_S0_PK13__nv_bfloat16PS1_PmS5_S5_S5_S5_
    0 bytes stack frame, 0 bytes spill stores, 0 bytes spill loads
ptxas info    : Used 72 registers, used 1 barriers
ptxas info    : Compile time = 68.044 ms
ptxas info    : Compiling entry function '_Z14fc2_w3x_kernelILi54ELi8ELi16EEv14CUtensorMap_stS0_S0_PK13__nv_bfloat16PS1_PmS5_S5_S5_S5_' for 'sm_100a'
ptxas info    : Function properties for _Z14fc2_w3x_kernelILi54ELi8ELi16EEv14CUtensorMap_stS0_S0_PK13__nv_bfloat16PS1_PmS5_S5_S5_S5_
    0 bytes stack frame, 0 bytes spill stores, 0 bytes spill loads
ptxas info    : Used 72 registers, used 1 barriers
ptxas info    : Compile time = 67.401 ms
ptxas info    : Compiling entry function '_Z14fc2_w3x_kernelILi54ELi8ELi12EEv14CUtensorMap_stS0_S0_PK13__nv_bfloat16PS1_PmS5_S5_S5_S5_' for 'sm_100a'
ptxas info    : Function properties for _Z14fc2_w3x_kernelILi54ELi8ELi12EEv14CUtensorMap_stS0_S0_PK13__nv_bfloat16PS1_PmS5_S5_S5_S5_
    0 bytes stack frame, 0 bytes spill stores, 0 bytes spill loads
ptxas info    : Used 72 registers, used 1 barriers
ptxas info    : Compile time = 65.615 ms
ptxas info    : Compiling entry function '_Z14fc2_w3x_kernelILi54ELi8ELi8EEv14CUtensorMap_stS0_S0_PK13__nv_bfloat16PS1_PmS5_S5_S5_S5_' for 'sm_100a'
ptxas info    : Function properties for _Z14fc2_w3x_kernelILi54ELi8ELi8EEv14CUtensorMap_stS0_S0_PK13__nv_bfloat16PS1_PmS5_S5_S5_S5_
    0 bytes stack frame, 0 bytes spill stores, 0 bytes spill loads
ptxas info    : Used 72 registers, used 1 barriers
ptxas info    : Compile time = 65.848 ms
ptxas info    : Compiling entry function '_Z14fc2_w3x_kernelILi54ELi8ELi4EEv14CUtensorMap_stS0_S0_PK13__nv_bfloat16PS1_PmS5_S5_S5_S5_' for 'sm_100a'
ptxas info    : Function properties for _Z14fc2_w3x_kernelILi54ELi8ELi4EEv14CUtensorMap_stS0_S0_PK13__nv_bfloat16PS1_PmS5_S5_S5_S5_
    0 bytes stack frame, 0 bytes spill stores, 0 bytes spill loads
ptxas info    : Used 72 registers, used 1 barriers
ptxas info    : Compile time = 65.717 ms
ptxas info    : Compiling entry function '_Z14fc2_w3x_kernelILi54ELi8ELi0EEv14CUtensorMap_stS0_S0_PK13__nv_bfloat16PS1_PmS5_S5_S5_S5_' for 'sm_100a'
ptxas info    : Function properties for _Z14fc2_w3x_kernelILi54ELi8ELi0EEv14CUtensorMap_stS0_S0_PK13__nv_bfloat16PS1_PmS5_S5_S5_S5_
    0 bytes stack frame, 0 bytes spill stores, 0 bytes spill loads
ptxas info    : Used 72 registers, used 1 barriers
ptxas info    : Compile time = 66.207 ms
ptxas info    : Compiling entry function '_Z14fc2_w3x_kernelILi99ELi8ELi20EEv14CUtensorMap_stS0_S0_PK13__nv_bfloat16PS1_PmS5_S5_S5_S5_' for 'sm_100a'
ptxas info    : Function properties for _Z14fc2_w3x_kernelILi99ELi8ELi20EEv14CUtensorMap_stS0_S0_PK13__nv_bfloat16PS1_PmS5_S5_S5_S5_
    0 bytes stack frame, 0 bytes spill stores, 0 bytes spill loads
ptxas info    : Used 72 registers, used 1 barriers
ptxas info    : Compile time = 66.940 ms
ptxas info    : Compiling entry function '_Z14fc2_w3x_kernelILi98ELi8ELi20EEv14CUtensorMap_stS0_S0_PK13__nv_bfloat16PS1_PmS5_S5_S5_S5_' for 'sm_100a'
ptxas info    : Function properties for _Z14fc2_w3x_kernelILi98ELi8ELi20EEv14CUtensorMap_stS0_S0_PK13__nv_bfloat16PS1_PmS5_S5_S5_S5_
    0 bytes stack frame, 0 bytes spill stores, 0 bytes spill loads
ptxas info    : Used 72 registers, used 1 barriers
ptxas info    : Compile time = 66.754 ms
ptxas info    : Compiling entry function '_Z14fc2_w3x_kernelILi97ELi8ELi20EEv14CUtensorMap_stS0_S0_PK13__nv_bfloat16PS1_PmS5_S5_S5_S5_' for 'sm_100a'
ptxas info    : Function properties for _Z14fc2_w3x_kernelILi97ELi8ELi20EEv14CUtensorMap_stS0_S0_PK13__nv_bfloat16PS1_PmS5_S5_S5_S5_
    0 bytes stack frame, 0 bytes spill stores, 0 bytes spill loads
ptxas info    : Used 72 registers, used 1 barriers
ptxas info    : Compile time = 66.206 ms
ptxas info    : Compiling entry function '_Z14fc2_w3x_kernelILi96ELi8ELi20EEv14CUtensorMap_stS0_S0_PK13__nv_bfloat16PS1_PmS5_S5_S5_S5_' for 'sm_100a'
ptxas info    : Function properties for _Z14fc2_w3x_kernelILi96ELi8ELi20EEv14CUtensorMap_stS0_S0_PK13__nv_bfloat16PS1_PmS5_S5_S5_S5_
    0 bytes stack frame, 0 bytes spill stores, 0 bytes spill loads
ptxas info    : Used 72 registers, used 1 barriers
ptxas info    : Compile time = 66.611 ms
ptxas info    : Compiling entry function '_Z14fc2_w3x_kernelILi95ELi8ELi20EEv14CUtensorMap_stS0_S0_PK13__nv_bfloat16PS1_PmS5_S5_S5_S5_' for 'sm_100a'
ptxas info    : Function properties for _Z14fc2_w3x_kernelILi95ELi8ELi20EEv14CUtensorMap_stS0_S0_PK13__nv_bfloat16PS1_PmS5_S5_S5_S5_
    0 bytes stack frame, 0 bytes spill stores, 0 bytes spill loads
ptxas info    : Used 72 registers, used 1 barriers
ptxas info    : Compile time = 66.729 ms
ptxas info    : Compiling entry function '_Z14fc2_w3x_kernelILi94ELi8ELi20EEv14CUtensorMap_stS0_S0_PK13__nv_bfloat16PS1_PmS5_S5_S5_S5_' for 'sm_100a'
ptxas info    : Function properties for _Z14fc2_w3x_kernelILi94ELi8ELi20EEv14CUtensorMap_stS0_S0_PK13__nv_bfloat16PS1_PmS5_S5_S5_S5_
    0 bytes stack frame, 0 bytes spill stores, 0 bytes spill loads
ptxas info    : Used 72 registers, used 1 barriers
ptxas info    : Compile time = 66.819 ms
ptxas info    : Compiling entry function '_Z14fc2_w3x_kernelILi93ELi8ELi20EEv14CUtensorMap_stS0_S0_PK13__nv_bfloat16PS1_PmS5_S5_S5_S5_' for 'sm_100a'
ptxas info    : Function properties for _Z14fc2_w3x_kernelILi93ELi8ELi20EEv14CUtensorMap_stS0_S0_PK13__nv_bfloat16PS1_PmS5_S5_S5_S5_
    0 bytes stack frame, 0 bytes spill stores, 0 bytes spill loads
ptxas info    : Used 72 registers, used 1 barriers
ptxas info    : Compile time = 66.106 ms
ptxas info    : Compiling entry function '_Z14fc2_w3x_kernelILi92ELi8ELi20EEv14CUtensorMap_stS0_S0_PK13__nv_bfloat16PS1_PmS5_S5_S5_S5_' for 'sm_100a'
ptxas info    : Function properties for _Z14fc2_w3x_kernelILi92ELi8ELi20EEv14CUtensorMap_stS0_S0_PK13__nv_bfloat16PS1_PmS5_S5_S5_S5_
    0 bytes stack frame, 0 bytes spill stores, 0 bytes spill loads
ptxas info    : Used 72 registers, used 1 barriers
ptxas info    : Compile time = 66.068 ms
ptxas info    : Compiling entry function '_Z14fc2_w3x_kernelILi91ELi8ELi20EEv14CUtensorMap_stS0_S0_PK13__nv_bfloat16PS1_PmS5_S5_S5_S5_' for 'sm_100a'
ptxas info    : Function properties for _Z14fc2_w3x_kernelILi91ELi8ELi20EEv14CUtensorMap_stS0_S0_PK13__nv_bfloat16PS1_PmS5_S5_S5_S5_
    0 bytes stack frame, 0 bytes spill stores, 0 bytes spill loads
ptxas info    : Used 72 registers, used 1 barriers
ptxas info    : Compile time = 65.660 ms
ptxas info    : Compiling entry function '_Z14fc2_w3x_kernelILi90ELi8ELi20EEv14CUtensorMap_stS0_S0_PK13__nv_bfloat16PS1_PmS5_S5_S5_S5_' for 'sm_100a'
ptxas info    : Function properties for _Z14fc2_w3x_kernelILi90ELi8ELi20EEv14CUtensorMap_stS0_S0_PK13__nv_bfloat16PS1_PmS5_S5_S5_S5_
    0 bytes stack frame, 0 bytes spill stores, 0 bytes spill loads
ptxas info    : Used 72 registers, used 1 barriers
ptxas info    : Compile time = 65.954 ms
ptxas info    : Compiling entry function '_Z14fc2_w3x_kernelILi89ELi8ELi20EEv14CUtensorMap_stS0_S0_PK13__nv_bfloat16PS1_PmS5_S5_S5_S5_' for 'sm_100a'
ptxas info    : Function properties for _Z14fc2_w3x_kernelILi89ELi8ELi20EEv14CUtensorMap_stS0_S0_PK13__nv_bfloat16PS1_PmS5_S5_S5_S5_
    0 bytes stack frame, 0 bytes spill stores, 0 bytes spill loads
ptxas info    : Used 72 registers, used 1 barriers
ptxas info    : Compile time = 65.000 ms
ptxas info    : Compiling entry function '_Z14fc2_w3x_kernelILi88ELi8ELi20EEv14CUtensorMap_stS0_S0_PK13__nv_bfloat16PS1_PmS5_S5_S5_S5_' for 'sm_100a'
ptxas info    : Function properties for _Z14fc2_w3x_kernelILi88ELi8ELi20EEv14CUtensorMap_stS0_S0_PK13__nv_bfloat16PS1_PmS5_S5_S5_S5_
    0 bytes stack frame, 0 bytes spill stores, 0 bytes spill loads
ptxas info    : Used 72 registers, used 1 barriers
ptxas info    : Compile time = 65.321 ms
ptxas info    : Compiling entry function '_Z14fc2_w3x_kernelILi87ELi8ELi20EEv14CUtensorMap_stS0_S0_PK13__nv_bfloat16PS1_PmS5_S5_S5_S5_' for 'sm_100a'
ptxas info    : Function properties for _Z14fc2_w3x_kernelILi87ELi8ELi20EEv14CUtensorMap_stS0_S0_PK13__nv_bfloat16PS1_PmS5_S5_S5_S5_
    0 bytes stack frame, 0 bytes spill stores, 0 bytes spill loads
ptxas info    : Used 72 registers, used 1 barriers
ptxas info    : Compile time = 65.840 ms
ptxas info    : Compiling entry function '_Z14fc2_w3x_kernelILi86ELi8ELi20EEv14CUtensorMap_stS0_S0_PK13__nv_bfloat16PS1_PmS5_S5_S5_S5_' for 'sm_100a'
ptxas info    : Function properties for _Z14fc2_w3x_kernelILi86ELi8ELi20EEv14CUtensorMap_stS0_S0_PK13__nv_bfloat16PS1_PmS5_S5_S5_S5_
    0 bytes stack frame, 0 bytes spill stores, 0 bytes spill loads
ptxas info    : Used 72 registers, used 1 barriers
ptxas info    : Compile time = 65.839 ms
ptxas info    : Compiling entry function '_Z14fc2_w3x_kernelILi85ELi8ELi20EEv14CUtensorMap_stS0_S0_PK13__nv_bfloat16PS1_PmS5_S5_S5_S5_' for 'sm_100a'
ptxas info    : Function properties for _Z14fc2_w3x_kernelILi85ELi8ELi20EEv14CUtensorMap_stS0_S0_PK13__nv_bfloat16PS1_PmS5_S5_S5_S5_
    0 bytes stack frame, 0 bytes spill stores, 0 bytes spill loads
ptxas info    : Used 72 registers, used 1 barriers
ptxas info    : Compile time = 65.766 ms
ptxas info    : Compiling entry function '_Z14fc2_w3x_kernelILi84ELi8ELi20EEv14CUtensorMap_stS0_S0_PK13__nv_bfloat16PS1_PmS5_S5_S5_S5_' for 'sm_100a'
ptxas info    : Function properties for _Z14fc2_w3x_kernelILi84ELi8ELi20EEv14CUtensorMap_stS0_S0_PK13__nv_bfloat16PS1_PmS5_S5_S5_S5_
    0 bytes stack frame, 0 bytes spill stores, 0 bytes spill loads
ptxas info    : Used 72 registers, used 1 barriers
ptxas info    : Compile time = 65.709 ms
ptxas info    : Compiling entry function '_Z14fc2_w3x_kernelILi83ELi8ELi20EEv14CUtensorMap_stS0_S0_PK13__nv_bfloat16PS1_PmS5_S5_S5_S5_' for 'sm_100a'
ptxas info    : Function properties for _Z14fc2_w3x_kernelILi83ELi8ELi20EEv14CUtensorMap_stS0_S0_PK13__nv_bfloat16PS1_PmS5_S5_S5_S5_
    0 bytes stack frame, 0 bytes spill stores, 0 bytes spill loads
ptxas info    : Used 72 registers, used 1 barriers
ptxas info    : Compile time = 66.702 ms
ptxas info    : Compiling entry function '_Z14fc2_w3x_kernelILi82ELi8ELi20EEv14CUtensorMap_stS0_S0_PK13__nv_bfloat16PS1_PmS5_S5_S5_S5_' for 'sm_100a'
ptxas info    : Function properties for _Z14fc2_w3x_kernelILi82ELi8ELi20EEv14CUtensorMap_stS0_S0_PK13__nv_bfloat16PS1_PmS5_S5_S5_S5_
    0 bytes stack frame, 0 bytes spill stores, 0 bytes spill loads
ptxas info    : Used 72 registers, used 1 barriers
ptxas info    : Compile time = 65.216 ms
ptxas info    : Compiling entry function '_Z14fc2_w3x_kernelILi81ELi8ELi20EEv14CUtensorMap_stS0_S0_PK13__nv_bfloat16PS1_PmS5_S5_S5_S5_' for 'sm_100a'
ptxas info    : Function properties for _Z14fc2_w3x_kernelILi81ELi8ELi20EEv14CUtensorMap_stS0_S0_PK13__nv_bfloat16PS1_PmS5_S5_S5_S5_
    0 bytes stack frame, 0 bytes spill stores, 0 bytes spill loads
ptxas info    : Used 72 registers, used 1 barriers
ptxas info    : Compile time = 66.032 ms
ptxas info    : Compiling entry function '_Z14fc2_w3x_kernelILi80ELi8ELi20EEv14CUtensorMap_stS0_S0_PK13__nv_bfloat16PS1_PmS5_S5_S5_S5_' for 'sm_100a'
ptxas info    : Function properties for _Z14fc2_w3x_kernelILi80ELi8ELi20EEv14CUtensorMap_stS0_S0_PK13__nv_bfloat16PS1_PmS5_S5_S5_S5_
    0 bytes stack frame, 0 bytes spill stores, 0 bytes spill loads
ptxas info    : Used 72 registers, used 1 barriers
ptxas info    : Compile time = 66.030 ms
ptxas info    : Compiling entry function '_Z14fc2_w3x_kernelILi58ELi8ELi20EEv14CUtensorMap_stS0_S0_PK13__nv_bfloat16PS1_PmS5_S5_S5_S5_' for 'sm_100a'
ptxas info    : Function properties for _Z14fc2_w3x_kernelILi58ELi8ELi20EEv14CUtensorMap_stS0_S0_PK13__nv_bfloat16PS1_PmS5_S5_S5_S5_
    0 bytes stack frame, 0 bytes spill stores, 0 bytes spill loads
ptxas info    : Used 72 registers, used 1 barriers
ptxas info    : Compile time = 66.261 ms
ptxas info    : Compiling entry function '_Z14fc2_w3x_kernelILi57ELi8ELi20EEv14CUtensorMap_stS0_S0_PK13__nv_bfloat16PS1_PmS5_S5_S5_S5_' for 'sm_100a'
ptxas info    : Function properties for _Z14fc2_w3x_kernelILi57ELi8ELi20EEv14CUtensorMap_stS0_S0_PK13__nv_bfloat16PS1_PmS5_S5_S5_S5_
    0 bytes stack frame, 0 bytes spill stores, 0 bytes spill loads
ptxas info    : Used 72 registers, used 1 barriers
ptxas info    : Compile time = 66.685 ms
ptxas info    : Compiling entry function '_Z14fc2_w3x_kernelILi56ELi8ELi20EEv14CUtensorMap_stS0_S0_PK13__nv_bfloat16PS1_PmS5_S5_S5_S5_' for 'sm_100a'
ptxas info    : Function properties for _Z14fc2_w3x_kernelILi56ELi8ELi20EEv14CUtensorMap_stS0_S0_PK13__nv_bfloat16PS1_PmS5_S5_S5_S5_
    0 bytes stack frame, 0 bytes spill stores, 0 bytes spill loads
ptxas info    : Used 72 registers, used 1 barriers
ptxas info    : Compile time = 65.948 ms
ptxas info    : Compiling entry function '_Z14fc2_w3x_kernelILi55ELi8ELi20EEv14CUtensorMap_stS0_S0_PK13__nv_bfloat16PS1_PmS5_S5_S5_S5_' for 'sm_100a'
ptxas info    : Function properties for _Z14fc2_w3x_kernelILi55ELi8ELi20EEv14CUtensorMap_stS0_S0_PK13__nv_bfloat16PS1_PmS5_S5_S5_S5_
    0 bytes stack frame, 0 bytes spill stores, 0 bytes spill loads
ptxas info    : Used 72 registers, used 1 barriers
ptxas info    : Compile time = 65.152 ms
ptxas info    : Compiling entry function '_Z14fc2_w3x_kernelILi54ELi8ELi20EEv14CUtensorMap_stS0_S0_PK13__nv_bfloat16PS1_PmS5_S5_S5_S5_' for 'sm_100a'
ptxas info    : Function properties for _Z14fc2_w3x_kernelILi54ELi8ELi20EEv14CUtensorMap_stS0_S0_PK13__nv_bfloat16PS1_PmS5_S5_S5_S5_
    0 bytes stack frame, 0 bytes spill stores, 0 bytes spill loads
ptxas info    : Used 72 registers, used 1 barriers
ptxas info    : Compile time = 66.534 ms
ptxas info    : Compiling entry function '_Z14fc2_w3x_kernelILi53ELi8ELi20EEv14CUtensorMap_stS0_S0_PK13__nv_bfloat16PS1_PmS5_S5_S5_S5_' for 'sm_100a'
ptxas info    : Function properties for _Z14fc2_w3x_kernelILi53ELi8ELi20EEv14CUtensorMap_stS0_S0_PK13__nv_bfloat16PS1_PmS5_S5_S5_S5_
    0 bytes stack frame, 0 bytes spill stores, 0 bytes spill loads
ptxas info    : Used 72 registers, used 1 barriers
ptxas info    : Compile time = 66.355 ms
ptxas info    : Compiling entry function '_Z14fc2_w3x_kernelILi52ELi8ELi20EEv14CUtensorMap_stS0_S0_PK13__nv_bfloat16PS1_PmS5_S5_S5_S5_' for 'sm_100a'
ptxas info    : Function properties for _Z14fc2_w3x_kernelILi52ELi8ELi20EEv14CUtensorMap_stS0_S0_PK13__nv_bfloat16PS1_PmS5_S5_S5_S5_
    0 bytes stack frame, 0 bytes spill stores, 0 bytes spill loads
ptxas info    : Used 72 registers, used 1 barriers
ptxas info    : Compile time = 67.200 ms
ptxas info    : Compiling entry function '_Z14fc2_w3x_kernelILi51ELi8ELi20EEv14CUtensorMap_stS0_S0_PK13__nv_bfloat16PS1_PmS5_S5_S5_S5_' for 'sm_100a'
ptxas info    : Function properties for _Z14fc2_w3x_kernelILi51ELi8ELi20EEv14CUtensorMap_stS0_S0_PK13__nv_bfloat16PS1_PmS5_S5_S5_S5_
    0 bytes stack frame, 0 bytes spill stores, 0 bytes spill loads
ptxas info    : Used 72 registers, used 1 barriers
ptxas info    : Compile time = 66.534 ms
ptxas info    : Compiling entry function '_Z14fc2_w3x_kernelILi50ELi8ELi20EEv14CUtensorMap_stS0_S0_PK13__nv_bfloat16PS1_PmS5_S5_S5_S5_' for 'sm_100a'
ptxas info    : Function properties for _Z14fc2_w3x_kernelILi50ELi8ELi20EEv14CUtensorMap_stS0_S0_PK13__nv_bfloat16PS1_PmS5_S5_S5_S5_
    0 bytes stack frame, 0 bytes spill stores, 0 bytes spill loads
ptxas info    : Used 72 registers, used 1 barriers
ptxas info    : Compile time = 66.909 ms
ptxas info    : Compiling entry function '_Z14fc2_w3x_kernelILi49ELi8ELi20EEv14CUtensorMap_stS0_S0_PK13__nv_bfloat16PS1_PmS5_S5_S5_S5_' for 'sm_100a'
ptxas info    : Function properties for _Z14fc2_w3x_kernelILi49ELi8ELi20EEv14CUtensorMap_stS0_S0_PK13__nv_bfloat16PS1_PmS5_S5_S5_S5_
    0 bytes stack frame, 0 bytes spill stores, 0 bytes spill loads
ptxas info    : Used 72 registers, used 1 barriers
ptxas info    : Compile time = 67.757 ms
ptxas info    : Compiling entry function '_Z14fc2_w3x_kernelILi19ELi16ELi20EEv14CUtensorMap_stS0_S0_PK13__nv_bfloat16PS1_PmS5_S5_S5_S5_' for 'sm_100a'
ptxas info    : Function properties for _Z14fc2_w3x_kernelILi19ELi16ELi20EEv14CUtensorMap_stS0_S0_PK13__nv_bfloat16PS1_PmS5_S5_S5_S5_
    0 bytes stack frame, 0 bytes spill stores, 0 bytes spill loads
ptxas info    : Used 72 registers, used 1 barriers
ptxas info    : Compile time = 65.555 ms
ptxas info    : Compiling entry function '_Z14fc2_w3x_kernelILi19ELi4ELi20EEv14CUtensorMap_stS0_S0_PK13__nv_bfloat16PS1_PmS5_S5_S5_S5_' for 'sm_100a'
ptxas info    : Function properties for _Z14fc2_w3x_kernelILi19ELi4ELi20EEv14CUtensorMap_stS0_S0_PK13__nv_bfloat16PS1_PmS5_S5_S5_S5_
    0 bytes stack frame, 0 bytes spill stores, 0 bytes spill loads
ptxas info    : Used 72 registers, used 1 barriers
ptxas info    : Compile time = 66.141 ms
ptxas info    : Compiling entry function '_Z14fc2_w3x_kernelILi48ELi8ELi20EEv14CUtensorMap_stS0_S0_PK13__nv_bfloat16PS1_PmS5_S5_S5_S5_' for 'sm_100a'
ptxas info    : Function properties for _Z14fc2_w3x_kernelILi48ELi8ELi20EEv14CUtensorMap_stS0_S0_PK13__nv_bfloat16PS1_PmS5_S5_S5_S5_
    0 bytes stack frame, 0 bytes spill stores, 0 bytes spill loads
ptxas info    : Used 72 registers, used 1 barriers
ptxas info    : Compile time = 66.235 ms
ptxas info    : Compiling entry function '_Z14fc2_w3x_kernelILi47ELi8ELi20EEv14CUtensorMap_stS0_S0_PK13__nv_bfloat16PS1_PmS5_S5_S5_S5_' for 'sm_100a'
ptxas info    : Function properties for _Z14fc2_w3x_kernelILi47ELi8ELi20EEv14CUtensorMap_stS0_S0_PK13__nv_bfloat16PS1_PmS5_S5_S5_S5_
    0 bytes stack frame, 0 bytes spill stores, 0 bytes spill loads
ptxas info    : Used 72 registers, used 1 barriers
ptxas info    : Compile time = 66.060 ms
ptxas info    : Compiling entry function '_Z14fc2_w3x_kernelILi46ELi8ELi20EEv14CUtensorMap_stS0_S0_PK13__nv_bfloat16PS1_PmS5_S5_S5_S5_' for 'sm_100a'
ptxas info    : Function properties for _Z14fc2_w3x_kernelILi46ELi8ELi20EEv14CUtensorMap_stS0_S0_PK13__nv_bfloat16PS1_PmS5_S5_S5_S5_
    0 bytes stack frame, 0 bytes spill stores, 0 bytes spill loads
ptxas info    : Used 72 registers, used 1 barriers
ptxas info    : Compile time = 66.639 ms
ptxas info    : Compiling entry function '_Z14fc2_w3x_kernelILi45ELi8ELi20EEv14CUtensorMap_stS0_S0_PK13__nv_bfloat16PS1_PmS5_S5_S5_S5_' for 'sm_100a'
ptxas info    : Function properties for _Z14fc2_w3x_kernelILi45ELi8ELi20EEv14CUtensorMap_stS0_S0_PK13__nv_bfloat16PS1_PmS5_S5_S5_S5_
    0 bytes stack frame, 0 bytes spill stores, 0 bytes spill loads
ptxas info    : Used 72 registers, used 1 barriers
ptxas info    : Compile time = 67.116 ms
ptxas info    : Compiling entry function '_Z14fc2_w3x_kernelILi44ELi8ELi20EEv14CUtensorMap_stS0_S0_PK13__nv_bfloat16PS1_PmS5_S5_S5_S5_' for 'sm_100a'
ptxas info    : Function properties for _Z14fc2_w3x_kernelILi44ELi8ELi20EEv14CUtensorMap_stS0_S0_PK13__nv_bfloat16PS1_PmS5_S5_S5_S5_
    0 bytes stack frame, 0 bytes spill stores, 0 bytes spill loads
ptxas info    : Used 72 registers, used 1 barriers
ptxas info    : Compile time = 66.508 ms
ptxas info    : Compiling entry function '_Z14fc2_w3x_kernelILi43ELi8ELi20EEv14CUtensorMap_stS0_S0_PK13__nv_bfloat16PS1_PmS5_S5_S5_S5_' for 'sm_100a'
ptxas info    : Function properties for _Z14fc2_w3x_kernelILi43ELi8ELi20EEv14CUtensorMap_stS0_S0_PK13__nv_bfloat16PS1_PmS5_S5_S5_S5_
    0 bytes stack frame, 0 bytes spill stores, 0 bytes spill loads
ptxas info    : Used 72 registers, used 1 barriers
ptxas info    : Compile time = 66.989 ms
ptxas info    : Compiling entry function '_Z14fc2_w3x_kernelILi41ELi8ELi20EEv14CUtensorMap_stS0_S0_PK13__nv_bfloat16PS1_PmS5_S5_S5_S5_' for 'sm_100a'
ptxas info    : Function properties for _Z14fc2_w3x_kernelILi41ELi8ELi20EEv14CUtensorMap_stS0_S0_PK13__nv_bfloat16PS1_PmS5_S5_S5_S5_
    0 bytes stack frame, 0 bytes spill stores, 0 bytes spill loads
ptxas info    : Used 72 registers, used 1 barriers
ptxas info    : Compile time = 64.816 ms
ptxas info    : Compiling entry function '_Z14fc2_w3x_kernelILi40ELi8ELi20EEv14CUtensorMap_stS0_S0_PK13__nv_bfloat16PS1_PmS5_S5_S5_S5_' for 'sm_100a'
ptxas info    : Function properties for _Z14fc2_w3x_kernelILi40ELi8ELi20EEv14CUtensorMap_stS0_S0_PK13__nv_bfloat16PS1_PmS5_S5_S5_S5_
    0 bytes stack frame, 0 bytes spill stores, 0 bytes spill loads
ptxas info    : Used 72 registers, used 1 barriers
ptxas info    : Compile time = 65.250 ms
ptxas info    : Compiling entry function '_Z14fc2_w3x_kernelILi39ELi8ELi20EEv14CUtensorMap_stS0_S0_PK13__nv_bfloat16PS1_PmS5_S5_S5_S5_' for 'sm_100a'
ptxas info    : Function properties for _Z14fc2_w3x_kernelILi39ELi8ELi20EEv14CUtensorMap_stS0_S0_PK13__nv_bfloat16PS1_PmS5_S5_S5_S5_
    0 bytes stack frame, 0 bytes spill stores, 0 bytes spill loads
ptxas info    : Used 72 registers, used 1 barriers
ptxas info    : Compile time = 67.356 ms
ptxas info    : Compiling entry function '_Z14fc2_w3x_kernelILi38ELi8ELi20EEv14CUtensorMap_stS0_S0_PK13__nv_bfloat16PS1_PmS5_S5_S5_S5_' for 'sm_100a'
ptxas info    : Function properties for _Z14fc2_w3x_kernelILi38ELi8ELi20EEv14CUtensorMap_stS0_S0_PK13__nv_bfloat16PS1_PmS5_S5_S5_S5_
    0 bytes stack frame, 0 bytes spill stores, 0 bytes spill loads
ptxas info    : Used 72 registers, used 1 barriers
ptxas info    : Compile time = 67.649 ms
ptxas info    : Compiling entry function '_Z14fc2_w3x_kernelILi36ELi4ELi20EEv14CUtensorMap_stS0_S0_PK13__nv_bfloat16PS1_PmS5_S5_S5_S5_' for 'sm_100a'
ptxas info    : Function properties for _Z14fc2_w3x_kernelILi36ELi4ELi20EEv14CUtensorMap_stS0_S0_PK13__nv_bfloat16PS1_PmS5_S5_S5_S5_
    0 bytes stack frame, 0 bytes spill stores, 0 bytes spill loads
ptxas info    : Used 72 registers, used 1 barriers
ptxas info    : Compile time = 66.551 ms
ptxas info    : Compiling entry function '_Z14fc2_w3x_kernelILi35ELi4ELi20EEv14CUtensorMap_stS0_S0_PK13__nv_bfloat16PS1_PmS5_S5_S5_S5_' for 'sm_100a'
ptxas info    : Function properties for _Z14fc2_w3x_kernelILi35ELi4ELi20EEv14CUtensorMap_stS0_S0_PK13__nv_bfloat16PS1_PmS5_S5_S5_S5_
    0 bytes stack frame, 0 bytes spill stores, 0 bytes spill loads
ptxas info    : Used 72 registers, used 1 barriers
ptxas info    : Compile time = 67.089 ms
ptxas info    : Compiling entry function '_Z14fc2_w3x_kernelILi34ELi8ELi20EEv14CUtensorMap_stS0_S0_PK13__nv_bfloat16PS1_PmS5_S5_S5_S5_' for 'sm_100a'
ptxas info    : Function properties for _Z14fc2_w3x_kernelILi34ELi8ELi20EEv14CUtensorMap_stS0_S0_PK13__nv_bfloat16PS1_PmS5_S5_S5_S5_
    0 bytes stack frame, 0 bytes spill stores, 0 bytes spill loads
ptxas info    : Used 72 registers, used 1 barriers
ptxas info    : Compile time = 65.864 ms
ptxas info    : Compiling entry function '_Z14fc2_w3x_kernelILi33ELi8ELi20EEv14CUtensorMap_stS0_S0_PK13__nv_bfloat16PS1_PmS5_S5_S5_S5_' for 'sm_100a'
ptxas info    : Function properties for _Z14fc2_w3x_kernelILi33ELi8ELi20EEv14CUtensorMap_stS0_S0_PK13__nv_bfloat16PS1_PmS5_S5_S5_S5_
    0 bytes stack frame, 0 bytes spill stores, 0 bytes spill loads
ptxas info    : Used 72 registers, used 1 barriers
ptxas info    : Compile time = 66.331 ms
ptxas info    : Compiling entry function '_Z14fc2_w3x_kernelILi19ELi8ELi20EEv14CUtensorMap_stS0_S0_PK13__nv_bfloat16PS1_PmS5_S5_S5_S5_' for 'sm_100a'
ptxas info    : Function properties for _Z14fc2_w3x_kernelILi19ELi8ELi20EEv14CUtensorMap_stS0_S0_PK13__nv_bfloat16PS1_PmS5_S5_S5_S5_
    0 bytes stack frame, 0 bytes spill stores, 0 bytes spill loads
ptxas info    : Used 72 registers, used 1 barriers
ptxas info    : Compile time = 65.469 ms
ptxas info    : Compiling entry function '_Z14fc2_w3x_kernelILi18ELi8ELi20EEv14CUtensorMap_stS0_S0_PK13__nv_bfloat16PS1_PmS5_S5_S5_S5_' for 'sm_100a'
ptxas info    : Function properties for _Z14fc2_w3x_kernelILi18ELi8ELi20EEv14CUtensorMap_stS0_S0_PK13__nv_bfloat16PS1_PmS5_S5_S5_S5_
    0 bytes stack frame, 0 bytes spill stores, 0 bytes spill loads
ptxas info    : Used 72 registers, used 1 barriers
ptxas info    : Compile time = 66.224 ms
ptxas info    : Compiling entry function '_Z14fc2_w3x_kernelILi13ELi8ELi20EEv14CUtensorMap_stS0_S0_PK13__nv_bfloat16PS1_PmS5_S5_S5_S5_' for 'sm_100a'
ptxas info    : Function properties for _Z14fc2_w3x_kernelILi13ELi8ELi20EEv14CUtensorMap_stS0_S0_PK13__nv_bfloat16PS1_PmS5_S5_S5_S5_
    0 bytes stack frame, 0 bytes spill stores, 0 bytes spill loads
ptxas info    : Used 72 registers, used 1 barriers
ptxas info    : Compile time = 63.232 ms
ptxas info    : Compiling entry function '_Z14fc2_w3x_kernelILi11ELi8ELi20EEv14CUtensorMap_stS0_S0_PK13__nv_bfloat16PS1_PmS5_S5_S5_S5_' for 'sm_100a'
ptxas info    : Function properties for _Z14fc2_w3x_kernelILi11ELi8ELi20EEv14CUtensorMap_stS0_S0_PK13__nv_bfloat16PS1_PmS5_S5_S5_S5_
    0 bytes stack frame, 0 bytes spill stores, 0 bytes spill loads
ptxas info    : Used 72 registers, used 1 barriers
ptxas info    : Compile time = 63.527 ms
ptxas info    : Compiling entry function '_Z14fc2_w3x_kernelILi0ELi32ELi20EEv14CUtensorMap_stS0_S0_PK13__nv_bfloat16PS1_PmS5_S5_S5_S5_' for 'sm_100a'
ptxas info    : Function properties for _Z14fc2_w3x_kernelILi0ELi32ELi20EEv14CUtensorMap_stS0_S0_PK13__nv_bfloat16PS1_PmS5_S5_S5_S5_
    0 bytes stack frame, 0 bytes spill stores, 0 bytes spill loads
ptxas info    : Used 72 registers, used 1 barriers
ptxas info    : Compile time = 66.140 ms
ptxas info    : Compiling entry function '_Z14fc2_w3x_kernelILi0ELi16ELi20EEv14CUtensorMap_stS0_S0_PK13__nv_bfloat16PS1_PmS5_S5_S5_S5_' for 'sm_100a'
ptxas info    : Function properties for _Z14fc2_w3x_kernelILi0ELi16ELi20EEv14CUtensorMap_stS0_S0_PK13__nv_bfloat16PS1_PmS5_S5_S5_S5_
    0 bytes stack frame, 0 bytes spill stores, 0 bytes spill loads
ptxas info    : Used 72 registers, used 1 barriers
ptxas info    : Compile time = 66.134 ms
ptxas info    : Compiling entry function '_Z14fc2_w3x_kernelILi0ELi4ELi20EEv14CUtensorMap_stS0_S0_PK13__nv_bfloat16PS1_PmS5_S5_S5_S5_' for 'sm_100a'
ptxas info    : Function properties for _Z14fc2_w3x_kernelILi0ELi4ELi20EEv14CUtensorMap_stS0_S0_PK13__nv_bfloat16PS1_PmS5_S5_S5_S5_
    0 bytes stack frame, 0 bytes spill stores, 0 bytes spill loads
ptxas info    : Used 72 registers, used 1 barriers
ptxas info    : Compile time = 66.459 ms
ptxas info    : Compiling entry function '_Z14fc2_w3x_kernelILi0ELi2ELi20EEv14CUtensorMap_stS0_S0_PK13__nv_bfloat16PS1_PmS5_S5_S5_S5_' for 'sm_100a'
ptxas info    : Function properties for _Z14fc2_w3x_kernelILi0ELi2ELi20EEv14CUtensorMap_stS0_S0_PK13__nv_bfloat16PS1_PmS5_S5_S5_S5_
    0 bytes stack frame, 0 bytes spill stores, 0 bytes spill loads
ptxas info    : Used 72 registers, used 1 barriers
ptxas info    : Compile time = 63.925 ms
ptxas info    : Compiling entry function '_Z14fc2_w3x_kernelILi0ELi8ELi20EEv14CUtensorMap_stS0_S0_PK13__nv_bfloat16PS1_PmS5_S5_S5_S5_' for 'sm_100a'
ptxas info    : Function properties for _Z14fc2_w3x_kernelILi0ELi8ELi20EEv14CUtensorMap_stS0_S0_PK13__nv_bfloat16PS1_PmS5_S5_S5_S5_
    0 bytes stack frame, 0 bytes spill stores, 0 bytes spill loads
ptxas info    : Used 72 registers, used 1 barriers
ptxas info    : Compile time = 65.382 ms
--- rep 1/3 ec=0
FC2 W3X kernel — 6-warp bias-only rank-1-shaped persistent
  [928256,1024] x [1024,1024]^T  NS=5  THREADS=192  SMEM=183296 B  (cap 228KB)
  Alloc + init + pack done
  TMA + func attr done (SMEM=183296 B)  variant=default TD=0 DGG=8
Warmup (2 iters)...
Timing 1 reps × 10 iters/rep × 1 variant ...
@@SAMPLE rep=1 ms=0.72849 cyc=1334714 cyc_min=1316128 cyc_p50=1322981 cyc_p95=1332526 cyc_max=1334714
@@STATS reps=1 mean=0.72849 std=0.00000 min=0.72849 p25=0.72849 p50=0.72849 p75=0.72849 max=0.72849 iqr=0.00000
FC2-W3X kernel: 0.728 ms  2672.24 TFLOPS
PASS  errors=0/32
@@RESULT ms=0.7285 tflops=2672.24 checksum=0.000000 valid=1 c0=1536.0
--- rep 2/3 ec=0
FC2 W3X kernel — 6-warp bias-only rank-1-shaped persistent
  [928256,1024] x [1024,1024]^T  NS=5  THREADS=192  SMEM=183296 B  (cap 228KB)
  Alloc + init + pack done
  TMA + func attr done (SMEM=183296 B)  variant=default TD=0 DGG=8
Warmup (2 iters)...
Timing 1 reps × 10 iters/rep × 1 variant ...
@@SAMPLE rep=1 ms=0.72850 cyc=1334110 cyc_min=1316465 cyc_p50=1323168 cyc_p95=1331909 cyc_max=1334110
@@STATS reps=1 mean=0.72850 std=0.00000 min=0.72850 p25=0.72850 p50=0.72850 p75=0.72850 max=0.72850 iqr=0.00000
FC2-W3X kernel: 0.728 ms  2672.20 TFLOPS
PASS  errors=0/32
@@RESULT ms=0.7285 tflops=2672.20 checksum=0.000000 valid=1 c0=1536.0
--- rep 3/3 ec=0
FC2 W3X kernel — 6-warp bias-only rank-1-shaped persistent
  [928256,1024] x [1024,1024]^T  NS=5  THREADS=192  SMEM=183296 B  (cap 228KB)
  Alloc + init + pack done
  TMA + func attr done (SMEM=183296 B)  variant=default TD=0 DGG=8
Warmup (2 iters)...
Timing 1 reps × 10 iters/rep × 1 variant ...
@@SAMPLE rep=1 ms=0.72812 cyc=1333859 cyc_min=1316518 cyc_p50=1322592 cyc_p95=1331681 cyc_max=1333859
@@STATS reps=1 mean=0.72812 std=0.00000 min=0.72812 p25=0.72812 p50=0.72812 p75=0.72812 max=0.72812 iqr=0.00000
FC2-W3X kernel: 0.728 ms  2673.57 TFLOPS
PASS  errors=0/32
@@RESULT ms=0.7281 tflops=2673.57 checksum=0.000000 valid=1 c0=1536.0
--- cublas epi=3 rep 1/1 ec=0
### CUBLASLT INTROSPECT M=928256 N=1024 K=1024 epi=bias_only scale=per_tensor
### Heuristics returned: 8

# TSV
rank	heur	ms	cyc	algoId	tile	stages	cluster	inner	splitk	redux	swizzle	custom	waves	ws_MB
1	0	0.5907	1090604	66	23	36	3	-1	1	0	0	1	196.00	0.0
2	2	0.6276	1158311	66	32	36	3	-1	1	0	0	1	261.35	0.0
3	3	0.6540	1207082	66	29	36	3	-1	1	0	0	1	313.62	0.0
4	1	0.7082	1306821	66	24	36	5	-1	1	0	0	3	196.00	0.0
5	6	0.7109	1311623	66	20	36	3	-1	1	0	0	1	392.00	0.0
6	7	0.7611	1404284	66	513	36	3	-1	1	0	0	1	98.00	0.0
7	4	0.7858	1449785	66	201	36	5	-1	1	0	0	2	294.00	0.0
8	5	0.8072	1489256	66	495	36	5	-1	1	0	0	3	261.35	0.0

# Top-3 caps:

## rank=1  algoId=66  tile=23  stages=36  cluster=3  inner=-1  ms=0.5907
    CUBLASLT_ALGO_CAP_REDUCTION_SCHEME_MASK      = 2
    CUBLASLT_ALGO_CAP_CTA_SWIZZLING_SUPPORT      = 0
    CUBLASLT_ALGO_CAP_STRIDED_BATCH_SUPPORT      = 1
    CUBLASLT_ALGO_CAP_OUT_OF_PLACE_RESULT_SUPPORT = 1
    CUBLASLT_ALGO_CAP_CUSTOM_OPTION_MAX          = 7
    CUBLASLT_ALGO_CAP_POINTER_MODE_MASK          = 3
    CUBLASLT_ALGO_CAP_EPILOGUE_MASK              = 1023
    CUBLASLT_ALGO_CAP_TILE_IDS                   = --  (status=7 wrote=0)
    CUBLASLT_ALGO_CAP_STAGES_IDS                 = [36] (n=1, elem=4B)
    CUBLASLT_ALGO_CONFIG_CLUSTER_SHAPE_ID sz=2 → status=0 wrote=2 val=3

## rank=2  algoId=66  tile=32  stages=36  cluster=3  inner=-1  ms=0.6276
    CUBLASLT_ALGO_CAP_REDUCTION_SCHEME_MASK      = 2
    CUBLASLT_ALGO_CAP_CTA_SWIZZLING_SUPPORT      = 0
    CUBLASLT_ALGO_CAP_STRIDED_BATCH_SUPPORT      = 1
    CUBLASLT_ALGO_CAP_OUT_OF_PLACE_RESULT_SUPPORT = 1
    CUBLASLT_ALGO_CAP_CUSTOM_OPTION_MAX          = 7
    CUBLASLT_ALGO_CAP_POINTER_MODE_MASK          = 3
    CUBLASLT_ALGO_CAP_EPILOGUE_MASK              = 1023
    CUBLASLT_ALGO_CAP_TILE_IDS                   = --  (status=7 wrote=0)
    CUBLASLT_ALGO_CAP_STAGES_IDS                 = [36] (n=1, elem=4B)
    CUBLASLT_ALGO_CONFIG_CLUSTER_SHAPE_ID sz=2 → status=0 wrote=2 val=3

## rank=3  algoId=66  tile=29  stages=36  cluster=3  inner=-1  ms=0.6540
    CUBLASLT_ALGO_CAP_REDUCTION_SCHEME_MASK      = 2
    CUBLASLT_ALGO_CAP_CTA_SWIZZLING_SUPPORT      = 0
    CUBLASLT_ALGO_CAP_STRIDED_BATCH_SUPPORT      = 1
    CUBLASLT_ALGO_CAP_OUT_OF_PLACE_RESULT_SUPPORT = 1
    CUBLASLT_ALGO_CAP_CUSTOM_OPTION_MAX          = 7
    CUBLASLT_ALGO_CAP_POINTER_MODE_MASK          = 3
    CUBLASLT_ALGO_CAP_EPILOGUE_MASK              = 1023
    CUBLASLT_ALGO_CAP_TILE_IDS                   = --  (status=7 wrote=0)
    CUBLASLT_ALGO_CAP_STAGES_IDS                 = [36] (n=1, elem=4B)
    CUBLASLT_ALGO_CONFIG_CLUSTER_SHAPE_ID sz=2 → status=0 wrote=2 val=3

# Winner:  rank=1  tile=23  stages=36  cluster=3  inner=-1  splitk=1  swizzle=0  ms=0.5907  cyc=1090604

@@RESULT ms=0.5907 cyc=1090604 tflops=3295.53 checksum=0.000000 valid=1 c0=0.0
--- cublas epi=0 rep 1/1 ec=0
### CUBLASLT INTROSPECT M=928256 N=1024 K=1024 epi=none scale=per_tensor
### Heuristics returned: 8

# TSV
rank	heur	ms	cyc	algoId	tile	stages	cluster	inner	splitk	redux	swizzle	custom	waves	ws_MB
1	0	0.5479	1011773	66	23	36	3	-1	1	0	0	1	196.00	0.0
2	2	0.5715	1054741	66	32	36	3	-1	1	0	0	1	261.35	0.0
3	3	0.6133	1131939	66	29	36	3	-1	1	0	0	1	313.62	0.0
4	6	0.6616	1220869	66	20	36	3	-1	1	0	0	1	392.00	0.0
5	7	0.6968	1285137	66	513	36	3	-1	1	0	0	1	98.00	0.0
6	1	0.6997	1291187	66	24	36	5	-1	1	0	0	3	196.00	0.0
7	4	0.7166	1322149	66	201	36	5	-1	1	0	0	2	294.00	0.0
8	5	0.7956	1468096	66	495	36	5	-1	1	0	0	3	261.35	0.0

# Top-3 caps:

## rank=1  algoId=66  tile=23  stages=36  cluster=3  inner=-1  ms=0.5479
    CUBLASLT_ALGO_CAP_REDUCTION_SCHEME_MASK      = 2
    CUBLASLT_ALGO_CAP_CTA_SWIZZLING_SUPPORT      = 0
    CUBLASLT_ALGO_CAP_STRIDED_BATCH_SUPPORT      = 1
    CUBLASLT_ALGO_CAP_OUT_OF_PLACE_RESULT_SUPPORT = 1
    CUBLASLT_ALGO_CAP_CUSTOM_OPTION_MAX          = 7
    CUBLASLT_ALGO_CAP_POINTER_MODE_MASK          = 3
    CUBLASLT_ALGO_CAP_EPILOGUE_MASK              = 1023
    CUBLASLT_ALGO_CAP_TILE_IDS                   = --  (status=7 wrote=0)
    CUBLASLT_ALGO_CAP_STAGES_IDS                 = [36] (n=1, elem=4B)
    CUBLASLT_ALGO_CONFIG_CLUSTER_SHAPE_ID sz=2 → status=0 wrote=2 val=3

## rank=2  algoId=66  tile=32  stages=36  cluster=3  inner=-1  ms=0.5715
    CUBLASLT_ALGO_CAP_REDUCTION_SCHEME_MASK      = 2
    CUBLASLT_ALGO_CAP_CTA_SWIZZLING_SUPPORT      = 0
    CUBLASLT_ALGO_CAP_STRIDED_BATCH_SUPPORT      = 1
    CUBLASLT_ALGO_CAP_OUT_OF_PLACE_RESULT_SUPPORT = 1
    CUBLASLT_ALGO_CAP_CUSTOM_OPTION_MAX          = 7
    CUBLASLT_ALGO_CAP_POINTER_MODE_MASK          = 3
    CUBLASLT_ALGO_CAP_EPILOGUE_MASK              = 1023
    CUBLASLT_ALGO_CAP_TILE_IDS                   = --  (status=7 wrote=0)
    CUBLASLT_ALGO_CAP_STAGES_IDS                 = [36] (n=1, elem=4B)
    CUBLASLT_ALGO_CONFIG_CLUSTER_SHAPE_ID sz=2 → status=0 wrote=2 val=3

## rank=3  algoId=66  tile=29  stages=36  cluster=3  inner=-1  ms=0.6133
    CUBLASLT_ALGO_CAP_REDUCTION_SCHEME_MASK      = 2
    CUBLASLT_ALGO_CAP_CTA_SWIZZLING_SUPPORT      = 0
    CUBLASLT_ALGO_CAP_STRIDED_BATCH_SUPPORT      = 1
    CUBLASLT_ALGO_CAP_OUT_OF_PLACE_RESULT_SUPPORT = 1
    CUBLASLT_ALGO_CAP_CUSTOM_OPTION_MAX          = 7
    CUBLASLT_ALGO_CAP_POINTER_MODE_MASK          = 3
    CUBLASLT_ALGO_CAP_EPILOGUE_MASK              = 1023
    CUBLASLT_ALGO_CAP_TILE_IDS                   = --  (status=7 wrote=0)
    CUBLASLT_ALGO_CAP_STAGES_IDS                 = [36] (n=1, elem=4B)
    CUBLASLT_ALGO_CONFIG_CLUSTER_SHAPE_ID sz=2 → status=0 wrote=2 val=3

# Winner:  rank=1  tile=23  stages=36  cluster=3  inner=-1  splitk=1  swizzle=0  ms=0.5479  cyc=1011773

@@RESULT ms=0.5479 cyc=1011773 tflops=3552.92 checksum=0.000000 valid=1 c0=0.0

[build] N=1024 K=2048 M=928256 flags=['-DM_TOTAL=928256', '-DN_DIM=1024', '-DK_DIM=2048']
$ make -B fc2-w3x DFLAGS=-DM_TOTAL=928256 -DN_DIM=1024 -DK_DIM=2048
nvcc -gencode arch=compute_100a,code=sm_100a -O3 -std=c++17 -lineinfo --ptxas-options=-v --cudart=static -DM_TOTAL=928256 -DN_DIM=1024 -DK_DIM=2048 fc2_w3x.cu -o fc2-w3x -lcurand_static -lculibos -lcuda
ptxas info    : 0 bytes gmem
ptxas info    : Compiling entry function '_Z14fc2_w3x_kernelILi54ELi8ELi64EEv14CUtensorMap_stS0_S0_PK13__nv_bfloat16PS1_PmS5_S5_S5_S5_' for 'sm_100a'
ptxas info    : Function properties for _Z14fc2_w3x_kernelILi54ELi8ELi64EEv14CUtensorMap_stS0_S0_PK13__nv_bfloat16PS1_PmS5_S5_S5_S5_
    0 bytes stack frame, 0 bytes spill stores, 0 bytes spill loads
ptxas info    : Used 72 registers, used 1 barriers
ptxas info    : Compile time = 69.021 ms
ptxas info    : Compiling entry function '_Z14fc2_w3x_kernelILi54ELi8ELi48EEv14CUtensorMap_stS0_S0_PK13__nv_bfloat16PS1_PmS5_S5_S5_S5_' for 'sm_100a'
ptxas info    : Function properties for _Z14fc2_w3x_kernelILi54ELi8ELi48EEv14CUtensorMap_stS0_S0_PK13__nv_bfloat16PS1_PmS5_S5_S5_S5_
    0 bytes stack frame, 0 bytes spill stores, 0 bytes spill loads
ptxas info    : Used 72 registers, used 1 barriers
ptxas info    : Compile time = 66.519 ms
ptxas info    : Compiling entry function '_Z14fc2_w3x_kernelILi54ELi8ELi32EEv14CUtensorMap_stS0_S0_PK13__nv_bfloat16PS1_PmS5_S5_S5_S5_' for 'sm_100a'
ptxas info    : Function properties for _Z14fc2_w3x_kernelILi54ELi8ELi32EEv14CUtensorMap_stS0_S0_PK13__nv_bfloat16PS1_PmS5_S5_S5_S5_
    0 bytes stack frame, 0 bytes spill stores, 0 bytes spill loads
ptxas info    : Used 72 registers, used 1 barriers
ptxas info    : Compile time = 67.045 ms
ptxas info    : Compiling entry function '_Z14fc2_w3x_kernelILi54ELi8ELi24EEv14CUtensorMap_stS0_S0_PK13__nv_bfloat16PS1_PmS5_S5_S5_S5_' for 'sm_100a'
ptxas info    : Function properties for _Z14fc2_w3x_kernelILi54ELi8ELi24EEv14CUtensorMap_stS0_S0_PK13__nv_bfloat16PS1_PmS5_S5_S5_S5_
    0 bytes stack frame, 0 bytes spill stores, 0 bytes spill loads
ptxas info    : Used 72 registers, used 1 barriers
ptxas info    : Compile time = 66.654 ms
ptxas info    : Compiling entry function '_Z14fc2_w3x_kernelILi54ELi8ELi16EEv14CUtensorMap_stS0_S0_PK13__nv_bfloat16PS1_PmS5_S5_S5_S5_' for 'sm_100a'
ptxas info    : Function properties for _Z14fc2_w3x_kernelILi54ELi8ELi16EEv14CUtensorMap_stS0_S0_PK13__nv_bfloat16PS1_PmS5_S5_S5_S5_
    0 bytes stack frame, 0 bytes spill stores, 0 bytes spill loads
ptxas info    : Used 72 registers, used 1 barriers
ptxas info    : Compile time = 66.418 ms
ptxas info    : Compiling entry function '_Z14fc2_w3x_kernelILi54ELi8ELi12EEv14CUtensorMap_stS0_S0_PK13__nv_bfloat16PS1_PmS5_S5_S5_S5_' for 'sm_100a'
ptxas info    : Function properties for _Z14fc2_w3x_kernelILi54ELi8ELi12EEv14CUtensorMap_stS0_S0_PK13__nv_bfloat16PS1_PmS5_S5_S5_S5_
    0 bytes stack frame, 0 bytes spill stores, 0 bytes spill loads
ptxas info    : Used 72 registers, used 1 barriers
ptxas info    : Compile time = 64.558 ms
ptxas info    : Compiling entry function '_Z14fc2_w3x_kernelILi54ELi8ELi8EEv14CUtensorMap_stS0_S0_PK13__nv_bfloat16PS1_PmS5_S5_S5_S5_' for 'sm_100a'
ptxas info    : Function properties for _Z14fc2_w3x_kernelILi54ELi8ELi8EEv14CUtensorMap_stS0_S0_PK13__nv_bfloat16PS1_PmS5_S5_S5_S5_
    0 bytes stack frame, 0 bytes spill stores, 0 bytes spill loads
ptxas info    : Used 72 registers, used 1 barriers
ptxas info    : Compile time = 65.198 ms
ptxas info    : Compiling entry function '_Z14fc2_w3x_kernelILi54ELi8ELi4EEv14CUtensorMap_stS0_S0_PK13__nv_bfloat16PS1_PmS5_S5_S5_S5_' for 'sm_100a'
ptxas info    : Function properties for _Z14fc2_w3x_kernelILi54ELi8ELi4EEv14CUtensorMap_stS0_S0_PK13__nv_bfloat16PS1_PmS5_S5_S5_S5_
    0 bytes stack frame, 0 bytes spill stores, 0 bytes spill loads
ptxas info    : Used 72 registers, used 1 barriers
ptxas info    : Compile time = 64.911 ms
ptxas info    : Compiling entry function '_Z14fc2_w3x_kernelILi54ELi8ELi0EEv14CUtensorMap_stS0_S0_PK13__nv_bfloat16PS1_PmS5_S5_S5_S5_' for 'sm_100a'
ptxas info    : Function properties for _Z14fc2_w3x_kernelILi54ELi8ELi0EEv14CUtensorMap_stS0_S0_PK13__nv_bfloat16PS1_PmS5_S5_S5_S5_
    0 bytes stack frame, 0 bytes spill stores, 0 bytes spill loads
ptxas info    : Used 72 registers, used 1 barriers
ptxas info    : Compile time = 65.183 ms
ptxas info    : Compiling entry function '_Z14fc2_w3x_kernelILi99ELi8ELi20EEv14CUtensorMap_stS0_S0_PK13__nv_bfloat16PS1_PmS5_S5_S5_S5_' for 'sm_100a'
ptxas info    : Function properties for _Z14fc2_w3x_kernelILi99ELi8ELi20EEv14CUtensorMap_stS0_S0_PK13__nv_bfloat16PS1_PmS5_S5_S5_S5_
    0 bytes stack frame, 0 bytes spill stores, 0 bytes spill loads
ptxas info    : Used 72 registers, used 1 barriers
ptxas info    : Compile time = 65.655 ms
ptxas info    : Compiling entry function '_Z14fc2_w3x_kernelILi98ELi8ELi20EEv14CUtensorMap_stS0_S0_PK13__nv_bfloat16PS1_PmS5_S5_S5_S5_' for 'sm_100a'
ptxas info    : Function properties for _Z14fc2_w3x_kernelILi98ELi8ELi20EEv14CUtensorMap_stS0_S0_PK13__nv_bfloat16PS1_PmS5_S5_S5_S5_
    0 bytes stack frame, 0 bytes spill stores, 0 bytes spill loads
ptxas info    : Used 72 registers, used 1 barriers
ptxas info    : Compile time = 65.375 ms
ptxas info    : Compiling entry function '_Z14fc2_w3x_kernelILi97ELi8ELi20EEv14CUtensorMap_stS0_S0_PK13__nv_bfloat16PS1_PmS5_S5_S5_S5_' for 'sm_100a'
ptxas info    : Function properties for _Z14fc2_w3x_kernelILi97ELi8ELi20EEv14CUtensorMap_stS0_S0_PK13__nv_bfloat16PS1_PmS5_S5_S5_S5_
    0 bytes stack frame, 0 bytes spill stores, 0 bytes spill loads
ptxas info    : Used 72 registers, used 1 barriers
ptxas info    : Compile time = 64.747 ms
ptxas info    : Compiling entry function '_Z14fc2_w3x_kernelILi96ELi8ELi20EEv14CUtensorMap_stS0_S0_PK13__nv_bfloat16PS1_PmS5_S5_S5_S5_' for 'sm_100a'
ptxas info    : Function properties for _Z14fc2_w3x_kernelILi96ELi8ELi20EEv14CUtensorMap_stS0_S0_PK13__nv_bfloat16PS1_PmS5_S5_S5_S5_
    0 bytes stack frame, 0 bytes spill stores, 0 bytes spill loads
ptxas info    : Used 72 registers, used 1 barriers
ptxas info    : Compile time = 64.337 ms
ptxas info    : Compiling entry function '_Z14fc2_w3x_kernelILi95ELi8ELi20EEv14CUtensorMap_stS0_S0_PK13__nv_bfloat16PS1_PmS5_S5_S5_S5_' for 'sm_100a'
ptxas info    : Function properties for _Z14fc2_w3x_kernelILi95ELi8ELi20EEv14CUtensorMap_stS0_S0_PK13__nv_bfloat16PS1_PmS5_S5_S5_S5_
    0 bytes stack frame, 0 bytes spill stores, 0 bytes spill loads
ptxas info    : Used 72 registers, used 1 barriers
ptxas info    : Compile time = 64.626 ms
ptxas info    : Compiling entry function '_Z14fc2_w3x_kernelILi94ELi8ELi20EEv14CUtensorMap_stS0_S0_PK13__nv_bfloat16PS1_PmS5_S5_S5_S5_' for 'sm_100a'
ptxas info    : Function properties for _Z14fc2_w3x_kernelILi94ELi8ELi20EEv14CUtensorMap_stS0_S0_PK13__nv_bfloat16PS1_PmS5_S5_S5_S5_
    0 bytes stack frame, 0 bytes spill stores, 0 bytes spill loads
ptxas info    : Used 72 registers, used 1 barriers
ptxas info    : Compile time = 65.752 ms
ptxas info    : Compiling entry function '_Z14fc2_w3x_kernelILi93ELi8ELi20EEv14CUtensorMap_stS0_S0_PK13__nv_bfloat16PS1_PmS5_S5_S5_S5_' for 'sm_100a'
ptxas info    : Function properties for _Z14fc2_w3x_kernelILi93ELi8ELi20EEv14CUtensorMap_stS0_S0_PK13__nv_bfloat16PS1_PmS5_S5_S5_S5_
    0 bytes stack frame, 0 bytes spill stores, 0 bytes spill loads
ptxas info    : Used 72 registers, used 1 barriers
ptxas info    : Compile time = 65.439 ms
ptxas info    : Compiling entry function '_Z14fc2_w3x_kernelILi92ELi8ELi20EEv14CUtensorMap_stS0_S0_PK13__nv_bfloat16PS1_PmS5_S5_S5_S5_' for 'sm_100a'
ptxas info    : Function properties for _Z14fc2_w3x_kernelILi92ELi8ELi20EEv14CUtensorMap_stS0_S0_PK13__nv_bfloat16PS1_PmS5_S5_S5_S5_
    0 bytes stack frame, 0 bytes spill stores, 0 bytes spill loads
ptxas info    : Used 72 registers, used 1 barriers
ptxas info    : Compile time = 65.320 ms
ptxas info    : Compiling entry function '_Z14fc2_w3x_kernelILi91ELi8ELi20EEv14CUtensorMap_stS0_S0_PK13__nv_bfloat16PS1_PmS5_S5_S5_S5_' for 'sm_100a'
ptxas info    : Function properties for _Z14fc2_w3x_kernelILi91ELi8ELi20EEv14CUtensorMap_stS0_S0_PK13__nv_bfloat16PS1_PmS5_S5_S5_S5_
    0 bytes stack frame, 0 bytes spill stores, 0 bytes spill loads
ptxas info    : Used 72 registers, used 1 barriers
ptxas info    : Compile time = 64.848 ms
ptxas info    : Compiling entry function '_Z14fc2_w3x_kernelILi90ELi8ELi20EEv14CUtensorMap_stS0_S0_PK13__nv_bfloat16PS1_PmS5_S5_S5_S5_' for 'sm_100a'
ptxas info    : Function properties for _Z14fc2_w3x_kernelILi90ELi8ELi20EEv14CUtensorMap_stS0_S0_PK13__nv_bfloat16PS1_PmS5_S5_S5_S5_
    0 bytes stack frame, 0 bytes spill stores, 0 bytes spill loads
ptxas info    : Used 72 registers, used 1 barriers
ptxas info    : Compile time = 64.994 ms
ptxas info    : Compiling entry function '_Z14fc2_w3x_kernelILi89ELi8ELi20EEv14CUtensorMap_stS0_S0_PK13__nv_bfloat16PS1_PmS5_S5_S5_S5_' for 'sm_100a'
ptxas info    : Function properties for _Z14fc2_w3x_kernelILi89ELi8ELi20EEv14CUtensorMap_stS0_S0_PK13__nv_bfloat16PS1_PmS5_S5_S5_S5_
    0 bytes stack frame, 0 bytes spill stores, 0 bytes spill loads
ptxas info    : Used 72 registers, used 1 barriers
ptxas info    : Compile time = 64.538 ms
ptxas info    : Compiling entry function '_Z14fc2_w3x_kernelILi88ELi8ELi20EEv14CUtensorMap_stS0_S0_PK13__nv_bfloat16PS1_PmS5_S5_S5_S5_' for 'sm_100a'
ptxas info    : Function properties for _Z14fc2_w3x_kernelILi88ELi8ELi20EEv14CUtensorMap_stS0_S0_PK13__nv_bfloat16PS1_PmS5_S5_S5_S5_
    0 bytes stack frame, 0 bytes spill stores, 0 bytes spill loads
ptxas info    : Used 72 registers, used 1 barriers
ptxas info    : Compile time = 64.552 ms
ptxas info    : Compiling entry function '_Z14fc2_w3x_kernelILi87ELi8ELi20EEv14CUtensorMap_stS0_S0_PK13__nv_bfloat16PS1_PmS5_S5_S5_S5_' for 'sm_100a'
ptxas info    : Function properties for _Z14fc2_w3x_kernelILi87ELi8ELi20EEv14CUtensorMap_stS0_S0_PK13__nv_bfloat16PS1_PmS5_S5_S5_S5_
    0 bytes stack frame, 0 bytes spill stores, 0 bytes spill loads
ptxas info    : Used 72 registers, used 1 barriers
ptxas info    : Compile time = 65.321 ms
ptxas info    : Compiling entry function '_Z14fc2_w3x_kernelILi86ELi8ELi20EEv14CUtensorMap_stS0_S0_PK13__nv_bfloat16PS1_PmS5_S5_S5_S5_' for 'sm_100a'
ptxas info    : Function properties for _Z14fc2_w3x_kernelILi86ELi8ELi20EEv14CUtensorMap_stS0_S0_PK13__nv_bfloat16PS1_PmS5_S5_S5_S5_
    0 bytes stack frame, 0 bytes spill stores, 0 bytes spill loads
ptxas info    : Used 72 registers, used 1 barriers
ptxas info    : Compile time = 65.374 ms
ptxas info    : Compiling entry function '_Z14fc2_w3x_kernelILi85ELi8ELi20EEv14CUtensorMap_stS0_S0_PK13__nv_bfloat16PS1_PmS5_S5_S5_S5_' for 'sm_100a'
ptxas info    : Function properties for _Z14fc2_w3x_kernelILi85ELi8ELi20EEv14CUtensorMap_stS0_S0_PK13__nv_bfloat16PS1_PmS5_S5_S5_S5_
    0 bytes stack frame, 0 bytes spill stores, 0 bytes spill loads
ptxas info    : Used 72 registers, used 1 barriers
ptxas info    : Compile time = 64.463 ms
ptxas info    : Compiling entry function '_Z14fc2_w3x_kernelILi84ELi8ELi20EEv14CUtensorMap_stS0_S0_PK13__nv_bfloat16PS1_PmS5_S5_S5_S5_' for 'sm_100a'
ptxas info    : Function properties for _Z14fc2_w3x_kernelILi84ELi8ELi20EEv14CUtensorMap_stS0_S0_PK13__nv_bfloat16PS1_PmS5_S5_S5_S5_
    0 bytes stack frame, 0 bytes spill stores, 0 bytes spill loads
ptxas info    : Used 72 registers, used 1 barriers
ptxas info    : Compile time = 64.804 ms
ptxas info    : Compiling entry function '_Z14fc2_w3x_kernelILi83ELi8ELi20EEv14CUtensorMap_stS0_S0_PK13__nv_bfloat16PS1_PmS5_S5_S5_S5_' for 'sm_100a'
ptxas info    : Function properties for _Z14fc2_w3x_kernelILi83ELi8ELi20EEv14CUtensorMap_stS0_S0_PK13__nv_bfloat16PS1_PmS5_S5_S5_S5_
    0 bytes stack frame, 0 bytes spill stores, 0 bytes spill loads
ptxas info    : Used 72 registers, used 1 barriers
ptxas info    : Compile time = 65.289 ms
ptxas info    : Compiling entry function '_Z14fc2_w3x_kernelILi82ELi8ELi20EEv14CUtensorMap_stS0_S0_PK13__nv_bfloat16PS1_PmS5_S5_S5_S5_' for 'sm_100a'
ptxas info    : Function properties for _Z14fc2_w3x_kernelILi82ELi8ELi20EEv14CUtensorMap_stS0_S0_PK13__nv_bfloat16PS1_PmS5_S5_S5_S5_
    0 bytes stack frame, 0 bytes spill stores, 0 bytes spill loads
ptxas info    : Used 72 registers, used 1 barriers
ptxas info    : Compile time = 64.940 ms
ptxas info    : Compiling entry function '_Z14fc2_w3x_kernelILi81ELi8ELi20EEv14CUtensorMap_stS0_S0_PK13__nv_bfloat16PS1_PmS5_S5_S5_S5_' for 'sm_100a'
ptxas info    : Function properties for _Z14fc2_w3x_kernelILi81ELi8ELi20EEv14CUtensorMap_stS0_S0_PK13__nv_bfloat16PS1_PmS5_S5_S5_S5_
    0 bytes stack frame, 0 bytes spill stores, 0 bytes spill loads
ptxas info    : Used 72 registers, used 1 barriers
ptxas info    : Compile time = 64.996 ms
ptxas info    : Compiling entry function '_Z14fc2_w3x_kernelILi80ELi8ELi20EEv14CUtensorMap_stS0_S0_PK13__nv_bfloat16PS1_PmS5_S5_S5_S5_' for 'sm_100a'
ptxas info    : Function properties for _Z14fc2_w3x_kernelILi80ELi8ELi20EEv14CUtensorMap_stS0_S0_PK13__nv_bfloat16PS1_PmS5_S5_S5_S5_
    0 bytes stack frame, 0 bytes spill stores, 0 bytes spill loads
ptxas info    : Used 72 registers, used 1 barriers
ptxas info    : Compile time = 64.212 ms
ptxas info    : Compiling entry function '_Z14fc2_w3x_kernelILi58ELi8ELi20EEv14CUtensorMap_stS0_S0_PK13__nv_bfloat16PS1_PmS5_S5_S5_S5_' for 'sm_100a'
ptxas info    : Function properties for _Z14fc2_w3x_kernelILi58ELi8ELi20EEv14CUtensorMap_stS0_S0_PK13__nv_bfloat16PS1_PmS5_S5_S5_S5_
    0 bytes stack frame, 0 bytes spill stores, 0 bytes spill loads
ptxas info    : Used 72 registers, used 1 barriers
ptxas info    : Compile time = 64.314 ms
ptxas info    : Compiling entry function '_Z14fc2_w3x_kernelILi57ELi8ELi20EEv14CUtensorMap_stS0_S0_PK13__nv_bfloat16PS1_PmS5_S5_S5_S5_' for 'sm_100a'
ptxas info    : Function properties for _Z14fc2_w3x_kernelILi57ELi8ELi20EEv14CUtensorMap_stS0_S0_PK13__nv_bfloat16PS1_PmS5_S5_S5_S5_
    0 bytes stack frame, 0 bytes spill stores, 0 bytes spill loads
ptxas info    : Used 72 registers, used 1 barriers
ptxas info    : Compile time = 64.819 ms
ptxas info    : Compiling entry function '_Z14fc2_w3x_kernelILi56ELi8ELi20EEv14CUtensorMap_stS0_S0_PK13__nv_bfloat16PS1_PmS5_S5_S5_S5_' for 'sm_100a'
ptxas info    : Function properties for _Z14fc2_w3x_kernelILi56ELi8ELi20EEv14CUtensorMap_stS0_S0_PK13__nv_bfloat16PS1_PmS5_S5_S5_S5_
    0 bytes stack frame, 0 bytes spill stores, 0 bytes spill loads
ptxas info    : Used 72 registers, used 1 barriers
ptxas info    : Compile time = 65.096 ms
ptxas info    : Compiling entry function '_Z14fc2_w3x_kernelILi55ELi8ELi20EEv14CUtensorMap_stS0_S0_PK13__nv_bfloat16PS1_PmS5_S5_S5_S5_' for 'sm_100a'
ptxas info    : Function properties for _Z14fc2_w3x_kernelILi55ELi8ELi20EEv14CUtensorMap_stS0_S0_PK13__nv_bfloat16PS1_PmS5_S5_S5_S5_
    0 bytes stack frame, 0 bytes spill stores, 0 bytes spill loads
ptxas info    : Used 72 registers, used 1 barriers
ptxas info    : Compile time = 65.109 ms
ptxas info    : Compiling entry function '_Z14fc2_w3x_kernelILi54ELi8ELi20EEv14CUtensorMap_stS0_S0_PK13__nv_bfloat16PS1_PmS5_S5_S5_S5_' for 'sm_100a'
ptxas info    : Function properties for _Z14fc2_w3x_kernelILi54ELi8ELi20EEv14CUtensorMap_stS0_S0_PK13__nv_bfloat16PS1_PmS5_S5_S5_S5_
    0 bytes stack frame, 0 bytes spill stores, 0 bytes spill loads
ptxas info    : Used 72 registers, used 1 barriers
ptxas info    : Compile time = 65.390 ms
ptxas info    : Compiling entry function '_Z14fc2_w3x_kernelILi53ELi8ELi20EEv14CUtensorMap_stS0_S0_PK13__nv_bfloat16PS1_PmS5_S5_S5_S5_' for 'sm_100a'
ptxas info    : Function properties for _Z14fc2_w3x_kernelILi53ELi8ELi20EEv14CUtensorMap_stS0_S0_PK13__nv_bfloat16PS1_PmS5_S5_S5_S5_
    0 bytes stack frame, 0 bytes spill stores, 0 bytes spill loads
ptxas info    : Used 72 registers, used 1 barriers
ptxas info    : Compile time = 65.012 ms
ptxas info    : Compiling entry function '_Z14fc2_w3x_kernelILi52ELi8ELi20EEv14CUtensorMap_stS0_S0_PK13__nv_bfloat16PS1_PmS5_S5_S5_S5_' for 'sm_100a'
ptxas info    : Function properties for _Z14fc2_w3x_kernelILi52ELi8ELi20EEv14CUtensorMap_stS0_S0_PK13__nv_bfloat16PS1_PmS5_S5_S5_S5_
    0 bytes stack frame, 0 bytes spill stores, 0 bytes spill loads
ptxas info    : Used 72 registers, used 1 barriers
ptxas info    : Compile time = 66.072 ms
ptxas info    : Compiling entry function '_Z14fc2_w3x_kernelILi51ELi8ELi20EEv14CUtensorMap_stS0_S0_PK13__nv_bfloat16PS1_PmS5_S5_S5_S5_' for 'sm_100a'
ptxas info    : Function properties for _Z14fc2_w3x_kernelILi51ELi8ELi20EEv14CUtensorMap_stS0_S0_PK13__nv_bfloat16PS1_PmS5_S5_S5_S5_
    0 bytes stack frame, 0 bytes spill stores, 0 bytes spill loads
ptxas info    : Used 72 registers, used 1 barriers
ptxas info    : Compile time = 65.861 ms
ptxas info    : Compiling entry function '_Z14fc2_w3x_kernelILi50ELi8ELi20EEv14CUtensorMap_stS0_S0_PK13__nv_bfloat16PS1_PmS5_S5_S5_S5_' for 'sm_100a'
ptxas info    : Function properties for _Z14fc2_w3x_kernelILi50ELi8ELi20EEv14CUtensorMap_stS0_S0_PK13__nv_bfloat16PS1_PmS5_S5_S5_S5_
    0 bytes stack frame, 0 bytes spill stores, 0 bytes spill loads
ptxas info    : Used 72 registers, used 1 barriers
ptxas info    : Compile time = 65.850 ms
ptxas info    : Compiling entry function '_Z14fc2_w3x_kernelILi49ELi8ELi20EEv14CUtensorMap_stS0_S0_PK13__nv_bfloat16PS1_PmS5_S5_S5_S5_' for 'sm_100a'
ptxas info    : Function properties for _Z14fc2_w3x_kernelILi49ELi8ELi20EEv14CUtensorMap_stS0_S0_PK13__nv_bfloat16PS1_PmS5_S5_S5_S5_
    0 bytes stack frame, 0 bytes spill stores, 0 bytes spill loads
ptxas info    : Used 72 registers, used 1 barriers
ptxas info    : Compile time = 65.963 ms
ptxas info    : Compiling entry function '_Z14fc2_w3x_kernelILi19ELi16ELi20EEv14CUtensorMap_stS0_S0_PK13__nv_bfloat16PS1_PmS5_S5_S5_S5_' for 'sm_100a'
ptxas info    : Function properties for _Z14fc2_w3x_kernelILi19ELi16ELi20EEv14CUtensorMap_stS0_S0_PK13__nv_bfloat16PS1_PmS5_S5_S5_S5_
    0 bytes stack frame, 0 bytes spill stores, 0 bytes spill loads
ptxas info    : Used 72 registers, used 1 barriers
ptxas info    : Compile time = 63.897 ms
ptxas info    : Compiling entry function '_Z14fc2_w3x_kernelILi19ELi4ELi20EEv14CUtensorMap_stS0_S0_PK13__nv_bfloat16PS1_PmS5_S5_S5_S5_' for 'sm_100a'
ptxas info    : Function properties for _Z14fc2_w3x_kernelILi19ELi4ELi20EEv14CUtensorMap_stS0_S0_PK13__nv_bfloat16PS1_PmS5_S5_S5_S5_
    0 bytes stack frame, 0 bytes spill stores, 0 bytes spill loads
ptxas info    : Used 72 registers, used 1 barriers
ptxas info    : Compile time = 64.341 ms
ptxas info    : Compiling entry function '_Z14fc2_w3x_kernelILi48ELi8ELi20EEv14CUtensorMap_stS0_S0_PK13__nv_bfloat16PS1_PmS5_S5_S5_S5_' for 'sm_100a'
ptxas info    : Function properties for _Z14fc2_w3x_kernelILi48ELi8ELi20EEv14CUtensorMap_stS0_S0_PK13__nv_bfloat16PS1_PmS5_S5_S5_S5_
    0 bytes stack frame, 0 bytes spill stores, 0 bytes spill loads
ptxas info    : Used 72 registers, used 1 barriers
ptxas info    : Compile time = 64.314 ms
ptxas info    : Compiling entry function '_Z14fc2_w3x_kernelILi47ELi8ELi20EEv14CUtensorMap_stS0_S0_PK13__nv_bfloat16PS1_PmS5_S5_S5_S5_' for 'sm_100a'
ptxas info    : Function properties for _Z14fc2_w3x_kernelILi47ELi8ELi20EEv14CUtensorMap_stS0_S0_PK13__nv_bfloat16PS1_PmS5_S5_S5_S5_
    0 bytes stack frame, 0 bytes spill stores, 0 bytes spill loads
ptxas info    : Used 72 registers, used 1 barriers
ptxas info    : Compile time = 65.547 ms
ptxas info    : Compiling entry function '_Z14fc2_w3x_kernelILi46ELi8ELi20EEv14CUtensorMap_stS0_S0_PK13__nv_bfloat16PS1_PmS5_S5_S5_S5_' for 'sm_100a'
ptxas info    : Function properties for _Z14fc2_w3x_kernelILi46ELi8ELi20EEv14CUtensorMap_stS0_S0_PK13__nv_bfloat16PS1_PmS5_S5_S5_S5_
    0 bytes stack frame, 0 bytes spill stores, 0 bytes spill loads
ptxas info    : Used 72 registers, used 1 barriers
ptxas info    : Compile time = 66.142 ms
ptxas info    : Compiling entry function '_Z14fc2_w3x_kernelILi45ELi8ELi20EEv14CUtensorMap_stS0_S0_PK13__nv_bfloat16PS1_PmS5_S5_S5_S5_' for 'sm_100a'
ptxas info    : Function properties for _Z14fc2_w3x_kernelILi45ELi8ELi20EEv14CUtensorMap_stS0_S0_PK13__nv_bfloat16PS1_PmS5_S5_S5_S5_
    0 bytes stack frame, 0 bytes spill stores, 0 bytes spill loads
ptxas info    : Used 72 registers, used 1 barriers
ptxas info    : Compile time = 64.818 ms
ptxas info    : Compiling entry function '_Z14fc2_w3x_kernelILi44ELi8ELi20EEv14CUtensorMap_stS0_S0_PK13__nv_bfloat16PS1_PmS5_S5_S5_S5_' for 'sm_100a'
ptxas info    : Function properties for _Z14fc2_w3x_kernelILi44ELi8ELi20EEv14CUtensorMap_stS0_S0_PK13__nv_bfloat16PS1_PmS5_S5_S5_S5_
    0 bytes stack frame, 0 bytes spill stores, 0 bytes spill loads
ptxas info    : Used 72 registers, used 1 barriers
ptxas info    : Compile time = 65.049 ms
ptxas info    : Compiling entry function '_Z14fc2_w3x_kernelILi43ELi8ELi20EEv14CUtensorMap_stS0_S0_PK13__nv_bfloat16PS1_PmS5_S5_S5_S5_' for 'sm_100a'
ptxas info    : Function properties for _Z14fc2_w3x_kernelILi43ELi8ELi20EEv14CUtensorMap_stS0_S0_PK13__nv_bfloat16PS1_PmS5_S5_S5_S5_
    0 bytes stack frame, 0 bytes spill stores, 0 bytes spill loads
ptxas info    : Used 72 registers, used 1 barriers
ptxas info    : Compile time = 64.493 ms
ptxas info    : Compiling entry function '_Z14fc2_w3x_kernelILi41ELi8ELi20EEv14CUtensorMap_stS0_S0_PK13__nv_bfloat16PS1_PmS5_S5_S5_S5_' for 'sm_100a'
ptxas info    : Function properties for _Z14fc2_w3x_kernelILi41ELi8ELi20EEv14CUtensorMap_stS0_S0_PK13__nv_bfloat16PS1_PmS5_S5_S5_S5_
    0 bytes stack frame, 0 bytes spill stores, 0 bytes spill loads
ptxas info    : Used 72 registers, used 1 barriers
ptxas info    : Compile time = 63.063 ms
ptxas info    : Compiling entry function '_Z14fc2_w3x_kernelILi40ELi8ELi20EEv14CUtensorMap_stS0_S0_PK13__nv_bfloat16PS1_PmS5_S5_S5_S5_' for 'sm_100a'
ptxas info    : Function properties for _Z14fc2_w3x_kernelILi40ELi8ELi20EEv14CUtensorMap_stS0_S0_PK13__nv_bfloat16PS1_PmS5_S5_S5_S5_
    0 bytes stack frame, 0 bytes spill stores, 0 bytes spill loads
ptxas info    : Used 72 registers, used 1 barriers
ptxas info    : Compile time = 63.229 ms
ptxas info    : Compiling entry function '_Z14fc2_w3x_kernelILi39ELi8ELi20EEv14CUtensorMap_stS0_S0_PK13__nv_bfloat16PS1_PmS5_S5_S5_S5_' for 'sm_100a'
ptxas info    : Function properties for _Z14fc2_w3x_kernelILi39ELi8ELi20EEv14CUtensorMap_stS0_S0_PK13__nv_bfloat16PS1_PmS5_S5_S5_S5_
    0 bytes stack frame, 0 bytes spill stores, 0 bytes spill loads
ptxas info    : Used 72 registers, used 1 barriers
ptxas info    : Compile time = 64.750 ms
ptxas info    : Compiling entry function '_Z14fc2_w3x_kernelILi38ELi8ELi20EEv14CUtensorMap_stS0_S0_PK13__nv_bfloat16PS1_PmS5_S5_S5_S5_' for 'sm_100a'
ptxas info    : Function properties for _Z14fc2_w3x_kernelILi38ELi8ELi20EEv14CUtensorMap_stS0_S0_PK13__nv_bfloat16PS1_PmS5_S5_S5_S5_
    0 bytes stack frame, 0 bytes spill stores, 0 bytes spill loads
ptxas info    : Used 72 registers, used 1 barriers
ptxas info    : Compile time = 64.735 ms
ptxas info    : Compiling entry function '_Z14fc2_w3x_kernelILi36ELi4ELi20EEv14CUtensorMap_stS0_S0_PK13__nv_bfloat16PS1_PmS5_S5_S5_S5_' for 'sm_100a'
ptxas info    : Function properties for _Z14fc2_w3x_kernelILi36ELi4ELi20EEv14CUtensorMap_stS0_S0_PK13__nv_bfloat16PS1_PmS5_S5_S5_S5_
    0 bytes stack frame, 0 bytes spill stores, 0 bytes spill loads
ptxas info    : Used 72 registers, used 1 barriers
ptxas info    : Compile time = 63.419 ms
ptxas info    : Compiling entry function '_Z14fc2_w3x_kernelILi35ELi4ELi20EEv14CUtensorMap_stS0_S0_PK13__nv_bfloat16PS1_PmS5_S5_S5_S5_' for 'sm_100a'
ptxas info    : Function properties for _Z14fc2_w3x_kernelILi35ELi4ELi20EEv14CUtensorMap_stS0_S0_PK13__nv_bfloat16PS1_PmS5_S5_S5_S5_
    0 bytes stack frame, 0 bytes spill stores, 0 bytes spill loads
ptxas info    : Used 72 registers, used 1 barriers
ptxas info    : Compile time = 65.437 ms
ptxas info    : Compiling entry function '_Z14fc2_w3x_kernelILi34ELi8ELi20EEv14CUtensorMap_stS0_S0_PK13__nv_bfloat16PS1_PmS5_S5_S5_S5_' for 'sm_100a'
ptxas info    : Function properties for _Z14fc2_w3x_kernelILi34ELi8ELi20EEv14CUtensorMap_stS0_S0_PK13__nv_bfloat16PS1_PmS5_S5_S5_S5_
    0 bytes stack frame, 0 bytes spill stores, 0 bytes spill loads
ptxas info    : Used 72 registers, used 1 barriers
ptxas info    : Compile time = 64.252 ms
ptxas info    : Compiling entry function '_Z14fc2_w3x_kernelILi33ELi8ELi20EEv14CUtensorMap_stS0_S0_PK13__nv_bfloat16PS1_PmS5_S5_S5_S5_' for 'sm_100a'
ptxas info    : Function properties for _Z14fc2_w3x_kernelILi33ELi8ELi20EEv14CUtensorMap_stS0_S0_PK13__nv_bfloat16PS1_PmS5_S5_S5_S5_
    0 bytes stack frame, 0 bytes spill stores, 0 bytes spill loads
ptxas info    : Used 72 registers, used 1 barriers
ptxas info    : Compile time = 64.571 ms
ptxas info    : Compiling entry function '_Z14fc2_w3x_kernelILi19ELi8ELi20EEv14CUtensorMap_stS0_S0_PK13__nv_bfloat16PS1_PmS5_S5_S5_S5_' for 'sm_100a'
ptxas info    : Function properties for _Z14fc2_w3x_kernelILi19ELi8ELi20EEv14CUtensorMap_stS0_S0_PK13__nv_bfloat16PS1_PmS5_S5_S5_S5_
    0 bytes stack frame, 0 bytes spill stores, 0 bytes spill loads
ptxas info    : Used 72 registers, used 1 barriers
ptxas info    : Compile time = 64.466 ms
ptxas info    : Compiling entry function '_Z14fc2_w3x_kernelILi18ELi8ELi20EEv14CUtensorMap_stS0_S0_PK13__nv_bfloat16PS1_PmS5_S5_S5_S5_' for 'sm_100a'
ptxas info    : Function properties for _Z14fc2_w3x_kernelILi18ELi8ELi20EEv14CUtensorMap_stS0_S0_PK13__nv_bfloat16PS1_PmS5_S5_S5_S5_
    0 bytes stack frame, 0 bytes spill stores, 0 bytes spill loads
ptxas info    : Used 72 registers, used 1 barriers
ptxas info    : Compile time = 64.537 ms
ptxas info    : Compiling entry function '_Z14fc2_w3x_kernelILi13ELi8ELi20EEv14CUtensorMap_stS0_S0_PK13__nv_bfloat16PS1_PmS5_S5_S5_S5_' for 'sm_100a'
ptxas info    : Function properties for _Z14fc2_w3x_kernelILi13ELi8ELi20EEv14CUtensorMap_stS0_S0_PK13__nv_bfloat16PS1_PmS5_S5_S5_S5_
    0 bytes stack frame, 0 bytes spill stores, 0 bytes spill loads
ptxas info    : Used 72 registers, used 1 barriers
ptxas info    : Compile time = 61.706 ms
ptxas info    : Compiling entry function '_Z14fc2_w3x_kernelILi11ELi8ELi20EEv14CUtensorMap_stS0_S0_PK13__nv_bfloat16PS1_PmS5_S5_S5_S5_' for 'sm_100a'
ptxas info    : Function properties for _Z14fc2_w3x_kernelILi11ELi8ELi20EEv14CUtensorMap_stS0_S0_PK13__nv_bfloat16PS1_PmS5_S5_S5_S5_
    0 bytes stack frame, 0 bytes spill stores, 0 bytes spill loads
ptxas info    : Used 72 registers, used 1 barriers
ptxas info    : Compile time = 63.196 ms
ptxas info    : Compiling entry function '_Z14fc2_w3x_kernelILi0ELi32ELi20EEv14CUtensorMap_stS0_S0_PK13__nv_bfloat16PS1_PmS5_S5_S5_S5_' for 'sm_100a'
ptxas info    : Function properties for _Z14fc2_w3x_kernelILi0ELi32ELi20EEv14CUtensorMap_stS0_S0_PK13__nv_bfloat16PS1_PmS5_S5_S5_S5_
    0 bytes stack frame, 0 bytes spill stores, 0 bytes spill loads
ptxas info    : Used 72 registers, used 1 barriers
ptxas info    : Compile time = 64.655 ms
ptxas info    : Compiling entry function '_Z14fc2_w3x_kernelILi0ELi16ELi20EEv14CUtensorMap_stS0_S0_PK13__nv_bfloat16PS1_PmS5_S5_S5_S5_' for 'sm_100a'
ptxas info    : Function properties for _Z14fc2_w3x_kernelILi0ELi16ELi20EEv14CUtensorMap_stS0_S0_PK13__nv_bfloat16PS1_PmS5_S5_S5_S5_
    0 bytes stack frame, 0 bytes spill stores, 0 bytes spill loads
ptxas info    : Used 72 registers, used 1 barriers
ptxas info    : Compile time = 65.743 ms
ptxas info    : Compiling entry function '_Z14fc2_w3x_kernelILi0ELi4ELi20EEv14CUtensorMap_stS0_S0_PK13__nv_bfloat16PS1_PmS5_S5_S5_S5_' for 'sm_100a'
ptxas info    : Function properties for _Z14fc2_w3x_kernelILi0ELi4ELi20EEv14CUtensorMap_stS0_S0_PK13__nv_bfloat16PS1_PmS5_S5_S5_S5_
    0 bytes stack frame, 0 bytes spill stores, 0 bytes spill loads
ptxas info    : Used 72 registers, used 1 barriers
ptxas info    : Compile time = 64.439 ms
ptxas info    : Compiling entry function '_Z14fc2_w3x_kernelILi0ELi2ELi20EEv14CUtensorMap_stS0_S0_PK13__nv_bfloat16PS1_PmS5_S5_S5_S5_' for 'sm_100a'
ptxas info    : Function properties for _Z14fc2_w3x_kernelILi0ELi2ELi20EEv14CUtensorMap_stS0_S0_PK13__nv_bfloat16PS1_PmS5_S5_S5_S5_
    0 bytes stack frame, 0 bytes spill stores, 0 bytes spill loads
ptxas info    : Used 72 registers, used 1 barriers
ptxas info    : Compile time = 63.987 ms
ptxas info    : Compiling entry function '_Z14fc2_w3x_kernelILi0ELi8ELi20EEv14CUtensorMap_stS0_S0_PK13__nv_bfloat16PS1_PmS5_S5_S5_S5_' for 'sm_100a'
ptxas info    : Function properties for _Z14fc2_w3x_kernelILi0ELi8ELi20EEv14CUtensorMap_stS0_S0_PK13__nv_bfloat16PS1_PmS5_S5_S5_S5_
    0 bytes stack frame, 0 bytes spill stores, 0 bytes spill loads
ptxas info    : Used 72 registers, used 1 barriers
ptxas info    : Compile time = 65.055 ms
--- rep 1/3 ec=0
FC2 W3X kernel — 6-warp bias-only rank-1-shaped persistent
  [928256,2048] x [1024,2048]^T  NS=6  THREADS=192  SMEM=216064 B  (cap 228KB)
  Alloc + init + pack done
  TMA + func attr done (SMEM=216064 B)  variant=default TD=0 DGG=8
Warmup (2 iters)...
Timing 1 reps × 10 iters/rep × 1 variant ...
@@SAMPLE rep=1 ms=0.92171 cyc=1691435 cyc_min=1681100 cyc_p50=1687027 cyc_p95=1690797 cyc_max=1691435
@@STATS reps=1 mean=0.92171 std=0.00000 min=0.92171 p25=0.92171 p50=0.92171 p75=0.92171 max=0.92171 iqr=0.00000
FC2-W3X kernel: 0.922 ms  4224.08 TFLOPS
PASS  errors=0/32
@@RESULT ms=0.9217 tflops=4224.08 checksum=0.000000 valid=1 c0=3072.0
--- rep 2/3 ec=0
FC2 W3X kernel — 6-warp bias-only rank-1-shaped persistent
  [928256,2048] x [1024,2048]^T  NS=6  THREADS=192  SMEM=216064 B  (cap 228KB)
  Alloc + init + pack done
  TMA + func attr done (SMEM=216064 B)  variant=default TD=0 DGG=8
Warmup (2 iters)...
Timing 1 reps × 10 iters/rep × 1 variant ...
@@SAMPLE rep=1 ms=0.92188 cyc=1691218 cyc_min=1681117 cyc_p50=1687074 cyc_p95=1690543 cyc_max=1691218
@@STATS reps=1 mean=0.92188 std=0.00000 min=0.92188 p25=0.92188 p50=0.92188 p75=0.92188 max=0.92188 iqr=0.00000
FC2-W3X kernel: 0.922 ms  4223.32 TFLOPS
PASS  errors=0/32
@@RESULT ms=0.9219 tflops=4223.32 checksum=0.000000 valid=1 c0=3072.0
--- rep 3/3 ec=0
FC2 W3X kernel — 6-warp bias-only rank-1-shaped persistent
  [928256,2048] x [1024,2048]^T  NS=6  THREADS=192  SMEM=216064 B  (cap 228KB)
  Alloc + init + pack done
  TMA + func attr done (SMEM=216064 B)  variant=default TD=0 DGG=8
Warmup (2 iters)...
Timing 1 reps × 10 iters/rep × 1 variant ...
@@SAMPLE rep=1 ms=0.92224 cyc=1692156 cyc_min=1681907 cyc_p50=1687667 cyc_p95=1691294 cyc_max=1692156
@@STATS reps=1 mean=0.92224 std=0.00000 min=0.92224 p25=0.92224 p50=0.92224 p75=0.92224 max=0.92224 iqr=0.00000
FC2-W3X kernel: 0.922 ms  4221.66 TFLOPS
PASS  errors=0/32
@@RESULT ms=0.9222 tflops=4221.66 checksum=0.000000 valid=1 c0=3072.0
--- cublas epi=3 rep 1/1 ec=0
### CUBLASLT INTROSPECT M=928256 N=1024 K=2048 epi=bias_only scale=per_tensor
### Heuristics returned: 8

# TSV
rank	heur	ms	cyc	algoId	tile	stages	cluster	inner	splitk	redux	swizzle	custom	waves	ws_MB
1	0	0.9369	1729471	66	23	36	3	-1	1	0	0	1	196.00	0.0
2	2	0.9715	1792737	66	32	36	3	-1	1	0	0	1	261.35	0.0
3	4	1.0085	1861060	66	29	36	3	-1	1	0	0	1	313.62	0.0
4	5	1.0448	1928060	66	201	36	5	-1	1	0	0	2	294.00	0.0
5	7	1.1408	2104021	66	232	36	3	-1	1	0	0	1	130.68	0.0
6	3	1.1986	2211240	66	513	36	3	-1	1	0	0	1	98.00	0.0
7	1	1.2234	2257299	66	24	36	5	-1	1	0	0	3	196.00	0.0
8	6	1.4276	2634166	66	495	36	5	-1	1	0	0	3	261.35	0.0

# Top-3 caps:

## rank=1  algoId=66  tile=23  stages=36  cluster=3  inner=-1  ms=0.9369
    CUBLASLT_ALGO_CAP_REDUCTION_SCHEME_MASK      = 2
    CUBLASLT_ALGO_CAP_CTA_SWIZZLING_SUPPORT      = 0
    CUBLASLT_ALGO_CAP_STRIDED_BATCH_SUPPORT      = 1
    CUBLASLT_ALGO_CAP_OUT_OF_PLACE_RESULT_SUPPORT = 1
    CUBLASLT_ALGO_CAP_CUSTOM_OPTION_MAX          = 7
    CUBLASLT_ALGO_CAP_POINTER_MODE_MASK          = 3
    CUBLASLT_ALGO_CAP_EPILOGUE_MASK              = 1023
    CUBLASLT_ALGO_CAP_TILE_IDS                   = --  (status=7 wrote=0)
    CUBLASLT_ALGO_CAP_STAGES_IDS                 = [36] (n=1, elem=4B)
    CUBLASLT_ALGO_CONFIG_CLUSTER_SHAPE_ID sz=2 → status=0 wrote=2 val=3

## rank=2  algoId=66  tile=32  stages=36  cluster=3  inner=-1  ms=0.9715
    CUBLASLT_ALGO_CAP_REDUCTION_SCHEME_MASK      = 2
    CUBLASLT_ALGO_CAP_CTA_SWIZZLING_SUPPORT      = 0
    CUBLASLT_ALGO_CAP_STRIDED_BATCH_SUPPORT      = 1
    CUBLASLT_ALGO_CAP_OUT_OF_PLACE_RESULT_SUPPORT = 1
    CUBLASLT_ALGO_CAP_CUSTOM_OPTION_MAX          = 7
    CUBLASLT_ALGO_CAP_POINTER_MODE_MASK          = 3
    CUBLASLT_ALGO_CAP_EPILOGUE_MASK              = 1023
    CUBLASLT_ALGO_CAP_TILE_IDS                   = --  (status=7 wrote=0)
    CUBLASLT_ALGO_CAP_STAGES_IDS                 = [36] (n=1, elem=4B)
    CUBLASLT_ALGO_CONFIG_CLUSTER_SHAPE_ID sz=2 → status=0 wrote=2 val=3

## rank=3  algoId=66  tile=29  stages=36  cluster=3  inner=-1  ms=1.0085
    CUBLASLT_ALGO_CAP_REDUCTION_SCHEME_MASK      = 2
    CUBLASLT_ALGO_CAP_CTA_SWIZZLING_SUPPORT      = 0
    CUBLASLT_ALGO_CAP_STRIDED_BATCH_SUPPORT      = 1
    CUBLASLT_ALGO_CAP_OUT_OF_PLACE_RESULT_SUPPORT = 1
    CUBLASLT_ALGO_CAP_CUSTOM_OPTION_MAX          = 7
    CUBLASLT_ALGO_CAP_POINTER_MODE_MASK          = 3
    CUBLASLT_ALGO_CAP_EPILOGUE_MASK              = 1023
    CUBLASLT_ALGO_CAP_TILE_IDS                   = --  (status=7 wrote=0)
    CUBLASLT_ALGO_CAP_STAGES_IDS                 = [36] (n=1, elem=4B)
    CUBLASLT_ALGO_CONFIG_CLUSTER_SHAPE_ID sz=2 → status=0 wrote=2 val=3

# Winner:  rank=1  tile=23  stages=36  cluster=3  inner=-1  splitk=1  swizzle=0  ms=0.9369  cyc=1729471

@@RESULT ms=0.9369 cyc=1729471 tflops=4155.68 checksum=0.000000 valid=1 c0=0.0
--- cublas epi=0 rep 1/1 ec=0
### CUBLASLT INTROSPECT M=928256 N=1024 K=2048 epi=none scale=per_tensor
### Heuristics returned: 8

# TSV
rank	heur	ms	cyc	algoId	tile	stages	cluster	inner	splitk	redux	swizzle	custom	waves	ws_MB
1	0	0.9308	1719564	66	23	36	3	-1	1	0	0	1	196.00	0.0
2	2	0.9658	1782322	66	32	36	3	-1	1	0	0	1	261.35	0.0
3	5	0.9937	1833718	66	201	36	5	-1	1	0	0	2	294.00	0.0
4	4	1.0041	1853060	66	29	36	3	-1	1	0	0	1	313.62	0.0
5	7	1.1107	2048772	66	232	36	3	-1	1	0	0	1	130.68	0.0
6	3	1.1317	2087484	66	513	36	3	-1	1	0	0	1	98.00	0.0
7	1	1.2115	2235351	66	24	36	5	-1	1	0	0	3	196.00	0.0
8	6	1.4128	2606779	66	495	36	5	-1	1	0	0	3	261.35	0.0

# Top-3 caps:

## rank=1  algoId=66  tile=23  stages=36  cluster=3  inner=-1  ms=0.9308
    CUBLASLT_ALGO_CAP_REDUCTION_SCHEME_MASK      = 2
    CUBLASLT_ALGO_CAP_CTA_SWIZZLING_SUPPORT      = 0
    CUBLASLT_ALGO_CAP_STRIDED_BATCH_SUPPORT      = 1
    CUBLASLT_ALGO_CAP_OUT_OF_PLACE_RESULT_SUPPORT = 1
    CUBLASLT_ALGO_CAP_CUSTOM_OPTION_MAX          = 7
    CUBLASLT_ALGO_CAP_POINTER_MODE_MASK          = 3
    CUBLASLT_ALGO_CAP_EPILOGUE_MASK              = 1023
    CUBLASLT_ALGO_CAP_TILE_IDS                   = --  (status=7 wrote=0)
    CUBLASLT_ALGO_CAP_STAGES_IDS                 = [36] (n=1, elem=4B)
    CUBLASLT_ALGO_CONFIG_CLUSTER_SHAPE_ID sz=2 → status=0 wrote=2 val=3

## rank=2  algoId=66  tile=32  stages=36  cluster=3  inner=-1  ms=0.9658
    CUBLASLT_ALGO_CAP_REDUCTION_SCHEME_MASK      = 2
    CUBLASLT_ALGO_CAP_CTA_SWIZZLING_SUPPORT      = 0
    CUBLASLT_ALGO_CAP_STRIDED_BATCH_SUPPORT      = 1
    CUBLASLT_ALGO_CAP_OUT_OF_PLACE_RESULT_SUPPORT = 1
    CUBLASLT_ALGO_CAP_CUSTOM_OPTION_MAX          = 7
    CUBLASLT_ALGO_CAP_POINTER_MODE_MASK          = 3
    CUBLASLT_ALGO_CAP_EPILOGUE_MASK              = 1023
    CUBLASLT_ALGO_CAP_TILE_IDS                   = --  (status=7 wrote=0)
    CUBLASLT_ALGO_CAP_STAGES_IDS                 = [36] (n=1, elem=4B)
    CUBLASLT_ALGO_CONFIG_CLUSTER_SHAPE_ID sz=2 → status=0 wrote=2 val=3

## rank=3  algoId=66  tile=201  stages=36  cluster=5  inner=-1  ms=0.9937
    CUBLASLT_ALGO_CAP_REDUCTION_SCHEME_MASK      = 2
    CUBLASLT_ALGO_CAP_CTA_SWIZZLING_SUPPORT      = 0
    CUBLASLT_ALGO_CAP_STRIDED_BATCH_SUPPORT      = 1
    CUBLASLT_ALGO_CAP_OUT_OF_PLACE_RESULT_SUPPORT = 1
    CUBLASLT_ALGO_CAP_CUSTOM_OPTION_MAX          = 7
    CUBLASLT_ALGO_CAP_POINTER_MODE_MASK          = 3
    CUBLASLT_ALGO_CAP_EPILOGUE_MASK              = 1023
    CUBLASLT_ALGO_CAP_TILE_IDS                   = --  (status=7 wrote=0)
    CUBLASLT_ALGO_CAP_STAGES_IDS                 = [36] (n=1, elem=4B)
    CUBLASLT_ALGO_CONFIG_CLUSTER_SHAPE_ID sz=2 → status=0 wrote=2 val=5

# Winner:  rank=1  tile=23  stages=36  cluster=3  inner=-1  splitk=1  swizzle=0  ms=0.9308  cyc=1719564

@@RESULT ms=0.9308 cyc=1719564 tflops=4182.65 checksum=0.000000 valid=1 c0=0.0

[build] N=1024 K=4096 M=928256 flags=['-DM_TOTAL=928256', '-DN_DIM=1024', '-DK_DIM=4096']
$ make -B fc2-w3x DFLAGS=-DM_TOTAL=928256 -DN_DIM=1024 -DK_DIM=4096
nvcc -gencode arch=compute_100a,code=sm_100a -O3 -std=c++17 -lineinfo --ptxas-options=-v --cudart=static -DM_TOTAL=928256 -DN_DIM=1024 -DK_DIM=4096 fc2_w3x.cu -o fc2-w3x -lcurand_static -lculibos -lcuda
fc2_w3x.cu(1511): warning #177-D: function "mbar_arrive" was declared but never referenced
  void mbar_arrive(uint32_t addr) {
       ^

Remark: The warnings can be suppressed with "-diag-suppress <warning-number>"

ptxas info    : 0 bytes gmem
ptxas info    : Compiling entry function '_Z14fc2_w3x_kernelILi54ELi8ELi64EEv14CUtensorMap_stS0_S0_PK13__nv_bfloat16PS1_PmS5_S5_S5_S5_' for 'sm_100a'
ptxas info    : Function properties for _Z14fc2_w3x_kernelILi54ELi8ELi64EEv14CUtensorMap_stS0_S0_PK13__nv_bfloat16PS1_PmS5_S5_S5_S5_
    0 bytes stack frame, 0 bytes spill stores, 0 bytes spill loads
ptxas info    : Used 70 registers, used 1 barriers
ptxas info    : Compile time = 77.725 ms
ptxas info    : Compiling entry function '_Z14fc2_w3x_kernelILi54ELi8ELi48EEv14CUtensorMap_stS0_S0_PK13__nv_bfloat16PS1_PmS5_S5_S5_S5_' for 'sm_100a'
ptxas info    : Function properties for _Z14fc2_w3x_kernelILi54ELi8ELi48EEv14CUtensorMap_stS0_S0_PK13__nv_bfloat16PS1_PmS5_S5_S5_S5_
    0 bytes stack frame, 0 bytes spill stores, 0 bytes spill loads
ptxas info    : Used 70 registers, used 1 barriers
ptxas info    : Compile time = 74.969 ms
ptxas info    : Compiling entry function '_Z14fc2_w3x_kernelILi54ELi8ELi32EEv14CUtensorMap_stS0_S0_PK13__nv_bfloat16PS1_PmS5_S5_S5_S5_' for 'sm_100a'
ptxas info    : Function properties for _Z14fc2_w3x_kernelILi54ELi8ELi32EEv14CUtensorMap_stS0_S0_PK13__nv_bfloat16PS1_PmS5_S5_S5_S5_
    0 bytes stack frame, 0 bytes spill stores, 0 bytes spill loads
ptxas info    : Used 70 registers, used 1 barriers
ptxas info    : Compile time = 73.691 ms
ptxas info    : Compiling entry function '_Z14fc2_w3x_kernelILi54ELi8ELi24EEv14CUtensorMap_stS0_S0_PK13__nv_bfloat16PS1_PmS5_S5_S5_S5_' for 'sm_100a'
ptxas info    : Function properties for _Z14fc2_w3x_kernelILi54ELi8ELi24EEv14CUtensorMap_stS0_S0_PK13__nv_bfloat16PS1_PmS5_S5_S5_S5_
    0 bytes stack frame, 0 bytes spill stores, 0 bytes spill loads
ptxas info    : Used 70 registers, used 1 barriers
ptxas info    : Compile time = 73.563 ms
ptxas info    : Compiling entry function '_Z14fc2_w3x_kernelILi54ELi8ELi16EEv14CUtensorMap_stS0_S0_PK13__nv_bfloat16PS1_PmS5_S5_S5_S5_' for 'sm_100a'
ptxas info    : Function properties for _Z14fc2_w3x_kernelILi54ELi8ELi16EEv14CUtensorMap_stS0_S0_PK13__nv_bfloat16PS1_PmS5_S5_S5_S5_
    0 bytes stack frame, 0 bytes spill stores, 0 bytes spill loads
ptxas info    : Used 70 registers, used 1 barriers
ptxas info    : Compile time = 74.041 ms
ptxas info    : Compiling entry function '_Z14fc2_w3x_kernelILi54ELi8ELi12EEv14CUtensorMap_stS0_S0_PK13__nv_bfloat16PS1_PmS5_S5_S5_S5_' for 'sm_100a'
ptxas info    : Function properties for _Z14fc2_w3x_kernelILi54ELi8ELi12EEv14CUtensorMap_stS0_S0_PK13__nv_bfloat16PS1_PmS5_S5_S5_S5_
    0 bytes stack frame, 0 bytes spill stores, 0 bytes spill loads
ptxas info    : Used 70 registers, used 1 barriers
ptxas info    : Compile time = 73.920 ms
ptxas info    : Compiling entry function '_Z14fc2_w3x_kernelILi54ELi8ELi8EEv14CUtensorMap_stS0_S0_PK13__nv_bfloat16PS1_PmS5_S5_S5_S5_' for 'sm_100a'
ptxas info    : Function properties for _Z14fc2_w3x_kernelILi54ELi8ELi8EEv14CUtensorMap_stS0_S0_PK13__nv_bfloat16PS1_PmS5_S5_S5_S5_
    0 bytes stack frame, 0 bytes spill stores, 0 bytes spill loads
ptxas info    : Used 70 registers, used 1 barriers
ptxas info    : Compile time = 74.196 ms
ptxas info    : Compiling entry function '_Z14fc2_w3x_kernelILi54ELi8ELi4EEv14CUtensorMap_stS0_S0_PK13__nv_bfloat16PS1_PmS5_S5_S5_S5_' for 'sm_100a'
ptxas info    : Function properties for _Z14fc2_w3x_kernelILi54ELi8ELi4EEv14CUtensorMap_stS0_S0_PK13__nv_bfloat16PS1_PmS5_S5_S5_S5_
    0 bytes stack frame, 0 bytes spill stores, 0 bytes spill loads
ptxas info    : Used 70 registers, used 1 barriers
ptxas info    : Compile time = 74.509 ms
ptxas info    : Compiling entry function '_Z14fc2_w3x_kernelILi54ELi8ELi0EEv14CUtensorMap_stS0_S0_PK13__nv_bfloat16PS1_PmS5_S5_S5_S5_' for 'sm_100a'
ptxas info    : Function properties for _Z14fc2_w3x_kernelILi54ELi8ELi0EEv14CUtensorMap_stS0_S0_PK13__nv_bfloat16PS1_PmS5_S5_S5_S5_
    0 bytes stack frame, 0 bytes spill stores, 0 bytes spill loads
ptxas info    : Used 70 registers, used 1 barriers
ptxas info    : Compile time = 74.842 ms
ptxas info    : Compiling entry function '_Z14fc2_w3x_kernelILi99ELi8ELi20EEv14CUtensorMap_stS0_S0_PK13__nv_bfloat16PS1_PmS5_S5_S5_S5_' for 'sm_100a'
ptxas info    : Function properties for _Z14fc2_w3x_kernelILi99ELi8ELi20EEv14CUtensorMap_stS0_S0_PK13__nv_bfloat16PS1_PmS5_S5_S5_S5_
    0 bytes stack frame, 0 bytes spill stores, 0 bytes spill loads
ptxas info    : Used 70 registers, used 1 barriers
ptxas info    : Compile time = 73.433 ms
ptxas info    : Compiling entry function '_Z14fc2_w3x_kernelILi98ELi8ELi20EEv14CUtensorMap_stS0_S0_PK13__nv_bfloat16PS1_PmS5_S5_S5_S5_' for 'sm_100a'
ptxas info    : Function properties for _Z14fc2_w3x_kernelILi98ELi8ELi20EEv14CUtensorMap_stS0_S0_PK13__nv_bfloat16PS1_PmS5_S5_S5_S5_
    0 bytes stack frame, 0 bytes spill stores, 0 bytes spill loads
ptxas info    : Used 70 registers, used 1 barriers
ptxas info    : Compile time = 73.314 ms
ptxas info    : Compiling entry function '_Z14fc2_w3x_kernelILi97ELi8ELi20EEv14CUtensorMap_stS0_S0_PK13__nv_bfloat16PS1_PmS5_S5_S5_S5_' for 'sm_100a'
ptxas info    : Function properties for _Z14fc2_w3x_kernelILi97ELi8ELi20EEv14CUtensorMap_stS0_S0_PK13__nv_bfloat16PS1_PmS5_S5_S5_S5_
    0 bytes stack frame, 0 bytes spill stores, 0 bytes spill loads
ptxas info    : Used 70 registers, used 1 barriers
ptxas info    : Compile time = 73.480 ms
ptxas info    : Compiling entry function '_Z14fc2_w3x_kernelILi96ELi8ELi20EEv14CUtensorMap_stS0_S0_PK13__nv_bfloat16PS1_PmS5_S5_S5_S5_' for 'sm_100a'
ptxas info    : Function properties for _Z14fc2_w3x_kernelILi96ELi8ELi20EEv14CUtensorMap_stS0_S0_PK13__nv_bfloat16PS1_PmS5_S5_S5_S5_
    0 bytes stack frame, 0 bytes spill stores, 0 bytes spill loads
ptxas info    : Used 70 registers, used 1 barriers
ptxas info    : Compile time = 74.005 ms
ptxas info    : Compiling entry function '_Z14fc2_w3x_kernelILi95ELi8ELi20EEv14CUtensorMap_stS0_S0_PK13__nv_bfloat16PS1_PmS5_S5_S5_S5_' for 'sm_100a'
ptxas info    : Function properties for _Z14fc2_w3x_kernelILi95ELi8ELi20EEv14CUtensorMap_stS0_S0_PK13__nv_bfloat16PS1_PmS5_S5_S5_S5_
    0 bytes stack frame, 0 bytes spill stores, 0 bytes spill loads
ptxas info    : Used 70 registers, used 1 barriers
ptxas info    : Compile time = 74.176 ms
ptxas info    : Compiling entry function '_Z14fc2_w3x_kernelILi94ELi8ELi20EEv14CUtensorMap_stS0_S0_PK13__nv_bfloat16PS1_PmS5_S5_S5_S5_' for 'sm_100a'
ptxas info    : Function properties for _Z14fc2_w3x_kernelILi94ELi8ELi20EEv14CUtensorMap_stS0_S0_PK13__nv_bfloat16PS1_PmS5_S5_S5_S5_
    0 bytes stack frame, 0 bytes spill stores, 0 bytes spill loads
ptxas info    : Used 70 registers, used 1 barriers
ptxas info    : Compile time = 74.546 ms
ptxas info    : Compiling entry function '_Z14fc2_w3x_kernelILi93ELi8ELi20EEv14CUtensorMap_stS0_S0_PK13__nv_bfloat16PS1_PmS5_S5_S5_S5_' for 'sm_100a'
ptxas info    : Function properties for _Z14fc2_w3x_kernelILi93ELi8ELi20EEv14CUtensorMap_stS0_S0_PK13__nv_bfloat16PS1_PmS5_S5_S5_S5_
    0 bytes stack frame, 0 bytes spill stores, 0 bytes spill loads
ptxas info    : Used 70 registers, used 1 barriers
ptxas info    : Compile time = 74.288 ms
ptxas info    : Compiling entry function '_Z14fc2_w3x_kernelILi92ELi8ELi20EEv14CUtensorMap_stS0_S0_PK13__nv_bfloat16PS1_PmS5_S5_S5_S5_' for 'sm_100a'
ptxas info    : Function properties for _Z14fc2_w3x_kernelILi92ELi8ELi20EEv14CUtensorMap_stS0_S0_PK13__nv_bfloat16PS1_PmS5_S5_S5_S5_
    0 bytes stack frame, 0 bytes spill stores, 0 bytes spill loads
ptxas info    : Used 70 registers, used 1 barriers
ptxas info    : Compile time = 74.441 ms
ptxas info    : Compiling entry function '_Z14fc2_w3x_kernelILi91ELi8ELi20EEv14CUtensorMap_stS0_S0_PK13__nv_bfloat16PS1_PmS5_S5_S5_S5_' for 'sm_100a'
ptxas info    : Function properties for _Z14fc2_w3x_kernelILi91ELi8ELi20EEv14CUtensorMap_stS0_S0_PK13__nv_bfloat16PS1_PmS5_S5_S5_S5_
    0 bytes stack frame, 0 bytes spill stores, 0 bytes spill loads
ptxas info    : Used 70 registers, used 1 barriers
ptxas info    : Compile time = 73.582 ms
ptxas info    : Compiling entry function '_Z14fc2_w3x_kernelILi90ELi8ELi20EEv14CUtensorMap_stS0_S0_PK13__nv_bfloat16PS1_PmS5_S5_S5_S5_' for 'sm_100a'
ptxas info    : Function properties for _Z14fc2_w3x_kernelILi90ELi8ELi20EEv14CUtensorMap_stS0_S0_PK13__nv_bfloat16PS1_PmS5_S5_S5_S5_
    0 bytes stack frame, 0 bytes spill stores, 0 bytes spill loads
ptxas info    : Used 70 registers, used 1 barriers
ptxas info    : Compile time = 74.018 ms
ptxas info    : Compiling entry function '_Z14fc2_w3x_kernelILi89ELi8ELi20EEv14CUtensorMap_stS0_S0_PK13__nv_bfloat16PS1_PmS5_S5_S5_S5_' for 'sm_100a'
ptxas info    : Function properties for _Z14fc2_w3x_kernelILi89ELi8ELi20EEv14CUtensorMap_stS0_S0_PK13__nv_bfloat16PS1_PmS5_S5_S5_S5_
    0 bytes stack frame, 0 bytes spill stores, 0 bytes spill loads
ptxas info    : Used 70 registers, used 1 barriers
ptxas info    : Compile time = 74.180 ms
ptxas info    : Compiling entry function '_Z14fc2_w3x_kernelILi88ELi8ELi20EEv14CUtensorMap_stS0_S0_PK13__nv_bfloat16PS1_PmS5_S5_S5_S5_' for 'sm_100a'
ptxas info    : Function properties for _Z14fc2_w3x_kernelILi88ELi8ELi20EEv14CUtensorMap_stS0_S0_PK13__nv_bfloat16PS1_PmS5_S5_S5_S5_
    0 bytes stack frame, 0 bytes spill stores, 0 bytes spill loads
ptxas info    : Used 70 registers, used 1 barriers
ptxas info    : Compile time = 74.251 ms
ptxas info    : Compiling entry function '_Z14fc2_w3x_kernelILi87ELi8ELi20EEv14CUtensorMap_stS0_S0_PK13__nv_bfloat16PS1_PmS5_S5_S5_S5_' for 'sm_100a'
ptxas info    : Function properties for _Z14fc2_w3x_kernelILi87ELi8ELi20EEv14CUtensorMap_stS0_S0_PK13__nv_bfloat16PS1_PmS5_S5_S5_S5_
    0 bytes stack frame, 0 bytes spill stores, 0 bytes spill loads
ptxas info    : Used 70 registers, used 1 barriers
ptxas info    : Compile time = 74.679 ms
ptxas info    : Compiling entry function '_Z14fc2_w3x_kernelILi86ELi8ELi20EEv14CUtensorMap_stS0_S0_PK13__nv_bfloat16PS1_PmS5_S5_S5_S5_' for 'sm_100a'
ptxas info    : Function properties for _Z14fc2_w3x_kernelILi86ELi8ELi20EEv14CUtensorMap_stS0_S0_PK13__nv_bfloat16PS1_PmS5_S5_S5_S5_
    0 bytes stack frame, 0 bytes spill stores, 0 bytes spill loads
ptxas info    : Used 70 registers, used 1 barriers
ptxas info    : Compile time = 74.600 ms
ptxas info    : Compiling entry function '_Z14fc2_w3x_kernelILi85ELi8ELi20EEv14CUtensorMap_stS0_S0_PK13__nv_bfloat16PS1_PmS5_S5_S5_S5_' for 'sm_100a'
ptxas info    : Function properties for _Z14fc2_w3x_kernelILi85ELi8ELi20EEv14CUtensorMap_stS0_S0_PK13__nv_bfloat16PS1_PmS5_S5_S5_S5_
    0 bytes stack frame, 0 bytes spill stores, 0 bytes spill loads
ptxas info    : Used 70 registers, used 1 barriers
ptxas info    : Compile time = 74.241 ms
ptxas info    : Compiling entry function '_Z14fc2_w3x_kernelILi84ELi8ELi20EEv14CUtensorMap_stS0_S0_PK13__nv_bfloat16PS1_PmS5_S5_S5_S5_' for 'sm_100a'
ptxas info    : Function properties for _Z14fc2_w3x_kernelILi84ELi8ELi20EEv14CUtensorMap_stS0_S0_PK13__nv_bfloat16PS1_PmS5_S5_S5_S5_
    0 bytes stack frame, 0 bytes spill stores, 0 bytes spill loads
ptxas info    : Used 70 registers, used 1 barriers
ptxas info    : Compile time = 75.223 ms
ptxas info    : Compiling entry function '_Z14fc2_w3x_kernelILi83ELi8ELi20EEv14CUtensorMap_stS0_S0_PK13__nv_bfloat16PS1_PmS5_S5_S5_S5_' for 'sm_100a'
ptxas info    : Function properties for _Z14fc2_w3x_kernelILi83ELi8ELi20EEv14CUtensorMap_stS0_S0_PK13__nv_bfloat16PS1_PmS5_S5_S5_S5_
    0 bytes stack frame, 0 bytes spill stores, 0 bytes spill loads
ptxas info    : Used 70 registers, used 1 barriers
ptxas info    : Compile time = 73.211 ms
ptxas info    : Compiling entry function '_Z14fc2_w3x_kernelILi82ELi8ELi20EEv14CUtensorMap_stS0_S0_PK13__nv_bfloat16PS1_PmS5_S5_S5_S5_' for 'sm_100a'
ptxas info    : Function properties for _Z14fc2_w3x_kernelILi82ELi8ELi20EEv14CUtensorMap_stS0_S0_PK13__nv_bfloat16PS1_PmS5_S5_S5_S5_
    0 bytes stack frame, 0 bytes spill stores, 0 bytes spill loads
ptxas info    : Used 70 registers, used 1 barriers
ptxas info    : Compile time = 74.340 ms
ptxas info    : Compiling entry function '_Z14fc2_w3x_kernelILi81ELi8ELi20EEv14CUtensorMap_stS0_S0_PK13__nv_bfloat16PS1_PmS5_S5_S5_S5_' for 'sm_100a'
ptxas info    : Function properties for _Z14fc2_w3x_kernelILi81ELi8ELi20EEv14CUtensorMap_stS0_S0_PK13__nv_bfloat16PS1_PmS5_S5_S5_S5_
    0 bytes stack frame, 0 bytes spill stores, 0 bytes spill loads
ptxas info    : Used 70 registers, used 1 barriers
ptxas info    : Compile time = 74.168 ms
ptxas info    : Compiling entry function '_Z14fc2_w3x_kernelILi80ELi8ELi20EEv14CUtensorMap_stS0_S0_PK13__nv_bfloat16PS1_PmS5_S5_S5_S5_' for 'sm_100a'
ptxas info    : Function properties for _Z14fc2_w3x_kernelILi80ELi8ELi20EEv14CUtensorMap_stS0_S0_PK13__nv_bfloat16PS1_PmS5_S5_S5_S5_
    0 bytes stack frame, 0 bytes spill stores, 0 bytes spill loads
ptxas info    : Used 70 registers, used 1 barriers
ptxas info    : Compile time = 74.237 ms
ptxas info    : Compiling entry function '_Z14fc2_w3x_kernelILi58ELi8ELi20EEv14CUtensorMap_stS0_S0_PK13__nv_bfloat16PS1_PmS5_S5_S5_S5_' for 'sm_100a'
ptxas info    : Function properties for _Z14fc2_w3x_kernelILi58ELi8ELi20EEv14CUtensorMap_stS0_S0_PK13__nv_bfloat16PS1_PmS5_S5_S5_S5_
    0 bytes stack frame, 0 bytes spill stores, 0 bytes spill loads
ptxas info    : Used 70 registers, used 1 barriers
ptxas info    : Compile time = 73.838 ms
ptxas info    : Compiling entry function '_Z14fc2_w3x_kernelILi57ELi8ELi20EEv14CUtensorMap_stS0_S0_PK13__nv_bfloat16PS1_PmS5_S5_S5_S5_' for 'sm_100a'
ptxas info    : Function properties for _Z14fc2_w3x_kernelILi57ELi8ELi20EEv14CUtensorMap_stS0_S0_PK13__nv_bfloat16PS1_PmS5_S5_S5_S5_
    0 bytes stack frame, 0 bytes spill stores, 0 bytes spill loads
ptxas info    : Used 70 registers, used 1 barriers
ptxas info    : Compile time = 73.666 ms
ptxas info    : Compiling entry function '_Z14fc2_w3x_kernelILi56ELi8ELi20EEv14CUtensorMap_stS0_S0_PK13__nv_bfloat16PS1_PmS5_S5_S5_S5_' for 'sm_100a'
ptxas info    : Function properties for _Z14fc2_w3x_kernelILi56ELi8ELi20EEv14CUtensorMap_stS0_S0_PK13__nv_bfloat16PS1_PmS5_S5_S5_S5_
    0 bytes stack frame, 0 bytes spill stores, 0 bytes spill loads
ptxas info    : Used 70 registers, used 1 barriers
ptxas info    : Compile time = 75.233 ms
ptxas info    : Compiling entry function '_Z14fc2_w3x_kernelILi55ELi8ELi20EEv14CUtensorMap_stS0_S0_PK13__nv_bfloat16PS1_PmS5_S5_S5_S5_' for 'sm_100a'
ptxas info    : Function properties for _Z14fc2_w3x_kernelILi55ELi8ELi20EEv14CUtensorMap_stS0_S0_PK13__nv_bfloat16PS1_PmS5_S5_S5_S5_
    0 bytes stack frame, 0 bytes spill stores, 0 bytes spill loads
ptxas info    : Used 70 registers, used 1 barriers
ptxas info    : Compile time = 74.023 ms
ptxas info    : Compiling entry function '_Z14fc2_w3x_kernelILi54ELi8ELi20EEv14CUtensorMap_stS0_S0_PK13__nv_bfloat16PS1_PmS5_S5_S5_S5_' for 'sm_100a'
ptxas info    : Function properties for _Z14fc2_w3x_kernelILi54ELi8ELi20EEv14CUtensorMap_stS0_S0_PK13__nv_bfloat16PS1_PmS5_S5_S5_S5_
    0 bytes stack frame, 0 bytes spill stores, 0 bytes spill loads
ptxas info    : Used 70 registers, used 1 barriers
ptxas info    : Compile time = 75.314 ms
ptxas info    : Compiling entry function '_Z14fc2_w3x_kernelILi53ELi8ELi20EEv14CUtensorMap_stS0_S0_PK13__nv_bfloat16PS1_PmS5_S5_S5_S5_' for 'sm_100a'
ptxas info    : Function properties for _Z14fc2_w3x_kernelILi53ELi8ELi20EEv14CUtensorMap_stS0_S0_PK13__nv_bfloat16PS1_PmS5_S5_S5_S5_
    0 bytes stack frame, 0 bytes spill stores, 0 bytes spill loads
ptxas info    : Used 70 registers, used 1 barriers
ptxas info    : Compile time = 75.831 ms
ptxas info    : Compiling entry function '_Z14fc2_w3x_kernelILi52ELi8ELi20EEv14CUtensorMap_stS0_S0_PK13__nv_bfloat16PS1_PmS5_S5_S5_S5_' for 'sm_100a'
ptxas info    : Function properties for _Z14fc2_w3x_kernelILi52ELi8ELi20EEv14CUtensorMap_stS0_S0_PK13__nv_bfloat16PS1_PmS5_S5_S5_S5_
    0 bytes stack frame, 0 bytes spill stores, 0 bytes spill loads
ptxas info    : Used 70 registers, used 1 barriers
ptxas info    : Compile time = 75.071 ms
ptxas info    : Compiling entry function '_Z14fc2_w3x_kernelILi51ELi8ELi20EEv14CUtensorMap_stS0_S0_PK13__nv_bfloat16PS1_PmS5_S5_S5_S5_' for 'sm_100a'
ptxas info    : Function properties for _Z14fc2_w3x_kernelILi51ELi8ELi20EEv14CUtensorMap_stS0_S0_PK13__nv_bfloat16PS1_PmS5_S5_S5_S5_
    0 bytes stack frame, 0 bytes spill stores, 0 bytes spill loads
ptxas info    : Used 70 registers, used 1 barriers
ptxas info    : Compile time = 73.988 ms
ptxas info    : Compiling entry function '_Z14fc2_w3x_kernelILi50ELi8ELi20EEv14CUtensorMap_stS0_S0_PK13__nv_bfloat16PS1_PmS5_S5_S5_S5_' for 'sm_100a'
ptxas info    : Function properties for _Z14fc2_w3x_kernelILi50ELi8ELi20EEv14CUtensorMap_stS0_S0_PK13__nv_bfloat16PS1_PmS5_S5_S5_S5_
    0 bytes stack frame, 0 bytes spill stores, 0 bytes spill loads
ptxas info    : Used 70 registers, used 1 barriers
ptxas info    : Compile time = 73.877 ms
ptxas info    : Compiling entry function '_Z14fc2_w3x_kernelILi49ELi8ELi20EEv14CUtensorMap_stS0_S0_PK13__nv_bfloat16PS1_PmS5_S5_S5_S5_' for 'sm_100a'
ptxas info    : Function properties for _Z14fc2_w3x_kernelILi49ELi8ELi20EEv14CUtensorMap_stS0_S0_PK13__nv_bfloat16PS1_PmS5_S5_S5_S5_
    0 bytes stack frame, 0 bytes spill stores, 0 bytes spill loads
ptxas info    : Used 70 registers, used 1 barriers
ptxas info    : Compile time = 74.159 ms
ptxas info    : Compiling entry function '_Z14fc2_w3x_kernelILi19ELi16ELi20EEv14CUtensorMap_stS0_S0_PK13__nv_bfloat16PS1_PmS5_S5_S5_S5_' for 'sm_100a'
ptxas info    : Function properties for _Z14fc2_w3x_kernelILi19ELi16ELi20EEv14CUtensorMap_stS0_S0_PK13__nv_bfloat16PS1_PmS5_S5_S5_S5_
    0 bytes stack frame, 0 bytes spill stores, 0 bytes spill loads
ptxas info    : Used 70 registers, used 1 barriers
ptxas info    : Compile time = 73.840 ms
ptxas info    : Compiling entry function '_Z14fc2_w3x_kernelILi19ELi4ELi20EEv14CUtensorMap_stS0_S0_PK13__nv_bfloat16PS1_PmS5_S5_S5_S5_' for 'sm_100a'
ptxas info    : Function properties for _Z14fc2_w3x_kernelILi19ELi4ELi20EEv14CUtensorMap_stS0_S0_PK13__nv_bfloat16PS1_PmS5_S5_S5_S5_
    0 bytes stack frame, 0 bytes spill stores, 0 bytes spill loads
ptxas info    : Used 70 registers, used 1 barriers
ptxas info    : Compile time = 73.323 ms
ptxas info    : Compiling entry function '_Z14fc2_w3x_kernelILi48ELi8ELi20EEv14CUtensorMap_stS0_S0_PK13__nv_bfloat16PS1_PmS5_S5_S5_S5_' for 'sm_100a'
ptxas info    : Function properties for _Z14fc2_w3x_kernelILi48ELi8ELi20EEv14CUtensorMap_stS0_S0_PK13__nv_bfloat16PS1_PmS5_S5_S5_S5_
    0 bytes stack frame, 0 bytes spill stores, 0 bytes spill loads
ptxas info    : Used 70 registers, used 1 barriers
ptxas info    : Compile time = 74.732 ms
ptxas info    : Compiling entry function '_Z14fc2_w3x_kernelILi47ELi8ELi20EEv14CUtensorMap_stS0_S0_PK13__nv_bfloat16PS1_PmS5_S5_S5_S5_' for 'sm_100a'
ptxas info    : Function properties for _Z14fc2_w3x_kernelILi47ELi8ELi20EEv14CUtensorMap_stS0_S0_PK13__nv_bfloat16PS1_PmS5_S5_S5_S5_
    0 bytes stack frame, 0 bytes spill stores, 0 bytes spill loads
ptxas info    : Used 70 registers, used 1 barriers
ptxas info    : Compile time = 74.040 ms
ptxas info    : Compiling entry function '_Z14fc2_w3x_kernelILi46ELi8ELi20EEv14CUtensorMap_stS0_S0_PK13__nv_bfloat16PS1_PmS5_S5_S5_S5_' for 'sm_100a'
ptxas info    : Function properties for _Z14fc2_w3x_kernelILi46ELi8ELi20EEv14CUtensorMap_stS0_S0_PK13__nv_bfloat16PS1_PmS5_S5_S5_S5_
    0 bytes stack frame, 0 bytes spill stores, 0 bytes spill loads
ptxas info    : Used 70 registers, used 1 barriers
ptxas info    : Compile time = 73.972 ms
ptxas info    : Compiling entry function '_Z14fc2_w3x_kernelILi45ELi8ELi20EEv14CUtensorMap_stS0_S0_PK13__nv_bfloat16PS1_PmS5_S5_S5_S5_' for 'sm_100a'
ptxas info    : Function properties for _Z14fc2_w3x_kernelILi45ELi8ELi20EEv14CUtensorMap_stS0_S0_PK13__nv_bfloat16PS1_PmS5_S5_S5_S5_
    0 bytes stack frame, 0 bytes spill stores, 0 bytes spill loads
ptxas info    : Used 70 registers, used 1 barriers
ptxas info    : Compile time = 74.025 ms
ptxas info    : Compiling entry function '_Z14fc2_w3x_kernelILi44ELi8ELi20EEv14CUtensorMap_stS0_S0_PK13__nv_bfloat16PS1_PmS5_S5_S5_S5_' for 'sm_100a'
ptxas info    : Function properties for _Z14fc2_w3x_kernelILi44ELi8ELi20EEv14CUtensorMap_stS0_S0_PK13__nv_bfloat16PS1_PmS5_S5_S5_S5_
    0 bytes stack frame, 0 bytes spill stores, 0 bytes spill loads
ptxas info    : Used 70 registers, used 1 barriers
ptxas info    : Compile time = 74.136 ms
ptxas info    : Compiling entry function '_Z14fc2_w3x_kernelILi43ELi8ELi20EEv14CUtensorMap_stS0_S0_PK13__nv_bfloat16PS1_PmS5_S5_S5_S5_' for 'sm_100a'
ptxas info    : Function properties for _Z14fc2_w3x_kernelILi43ELi8ELi20EEv14CUtensorMap_stS0_S0_PK13__nv_bfloat16PS1_PmS5_S5_S5_S5_
    0 bytes stack frame, 0 bytes spill stores, 0 bytes spill loads
ptxas info    : Used 70 registers, used 1 barriers
ptxas info    : Compile time = 73.955 ms
ptxas info    : Compiling entry function '_Z14fc2_w3x_kernelILi41ELi8ELi20EEv14CUtensorMap_stS0_S0_PK13__nv_bfloat16PS1_PmS5_S5_S5_S5_' for 'sm_100a'
ptxas info    : Function properties for _Z14fc2_w3x_kernelILi41ELi8ELi20EEv14CUtensorMap_stS0_S0_PK13__nv_bfloat16PS1_PmS5_S5_S5_S5_
    0 bytes stack frame, 0 bytes spill stores, 0 bytes spill loads
ptxas info    : Used 70 registers, used 1 barriers
ptxas info    : Compile time = 71.592 ms
ptxas info    : Compiling entry function '_Z14fc2_w3x_kernelILi40ELi8ELi20EEv14CUtensorMap_stS0_S0_PK13__nv_bfloat16PS1_PmS5_S5_S5_S5_' for 'sm_100a'
ptxas info    : Function properties for _Z14fc2_w3x_kernelILi40ELi8ELi20EEv14CUtensorMap_stS0_S0_PK13__nv_bfloat16PS1_PmS5_S5_S5_S5_
    0 bytes stack frame, 0 bytes spill stores, 0 bytes spill loads
ptxas info    : Used 70 registers, used 1 barriers
ptxas info    : Compile time = 71.581 ms
ptxas info    : Compiling entry function '_Z14fc2_w3x_kernelILi39ELi8ELi20EEv14CUtensorMap_stS0_S0_PK13__nv_bfloat16PS1_PmS5_S5_S5_S5_' for 'sm_100a'
ptxas info    : Function properties for _Z14fc2_w3x_kernelILi39ELi8ELi20EEv14CUtensorMap_stS0_S0_PK13__nv_bfloat16PS1_PmS5_S5_S5_S5_
    0 bytes stack frame, 0 bytes spill stores, 0 bytes spill loads
ptxas info    : Used 70 registers, used 1 barriers
ptxas info    : Compile time = 73.851 ms
ptxas info    : Compiling entry function '_Z14fc2_w3x_kernelILi38ELi8ELi20EEv14CUtensorMap_stS0_S0_PK13__nv_bfloat16PS1_PmS5_S5_S5_S5_' for 'sm_100a'
ptxas info    : Function properties for _Z14fc2_w3x_kernelILi38ELi8ELi20EEv14CUtensorMap_stS0_S0_PK13__nv_bfloat16PS1_PmS5_S5_S5_S5_
    0 bytes stack frame, 0 bytes spill stores, 0 bytes spill loads
ptxas info    : Used 70 registers, used 1 barriers
ptxas info    : Compile time = 74.090 ms
ptxas info    : Compiling entry function '_Z14fc2_w3x_kernelILi36ELi4ELi20EEv14CUtensorMap_stS0_S0_PK13__nv_bfloat16PS1_PmS5_S5_S5_S5_' for 'sm_100a'
ptxas info    : Function properties for _Z14fc2_w3x_kernelILi36ELi4ELi20EEv14CUtensorMap_stS0_S0_PK13__nv_bfloat16PS1_PmS5_S5_S5_S5_
    0 bytes stack frame, 0 bytes spill stores, 0 bytes spill loads
ptxas info    : Used 70 registers, used 1 barriers
ptxas info    : Compile time = 73.318 ms
ptxas info    : Compiling entry function '_Z14fc2_w3x_kernelILi35ELi4ELi20EEv14CUtensorMap_stS0_S0_PK13__nv_bfloat16PS1_PmS5_S5_S5_S5_' for 'sm_100a'
ptxas info    : Function properties for _Z14fc2_w3x_kernelILi35ELi4ELi20EEv14CUtensorMap_stS0_S0_PK13__nv_bfloat16PS1_PmS5_S5_S5_S5_
    0 bytes stack frame, 0 bytes spill stores, 0 bytes spill loads
ptxas info    : Used 70 registers, used 1 barriers
ptxas info    : Compile time = 74.308 ms
ptxas info    : Compiling entry function '_Z14fc2_w3x_kernelILi34ELi8ELi20EEv14CUtensorMap_stS0_S0_PK13__nv_bfloat16PS1_PmS5_S5_S5_S5_' for 'sm_100a'
ptxas info    : Function properties for _Z14fc2_w3x_kernelILi34ELi8ELi20EEv14CUtensorMap_stS0_S0_PK13__nv_bfloat16PS1_PmS5_S5_S5_S5_
    0 bytes stack frame, 0 bytes spill stores, 0 bytes spill loads
ptxas info    : Used 70 registers, used 1 barriers
ptxas info    : Compile time = 73.390 ms
ptxas info    : Compiling entry function '_Z14fc2_w3x_kernelILi33ELi8ELi20EEv14CUtensorMap_stS0_S0_PK13__nv_bfloat16PS1_PmS5_S5_S5_S5_' for 'sm_100a'
ptxas info    : Function properties for _Z14fc2_w3x_kernelILi33ELi8ELi20EEv14CUtensorMap_stS0_S0_PK13__nv_bfloat16PS1_PmS5_S5_S5_S5_
    0 bytes stack frame, 0 bytes spill stores, 0 bytes spill loads
ptxas info    : Used 70 registers, used 1 barriers
ptxas info    : Compile time = 74.077 ms
ptxas info    : Compiling entry function '_Z14fc2_w3x_kernelILi19ELi8ELi20EEv14CUtensorMap_stS0_S0_PK13__nv_bfloat16PS1_PmS5_S5_S5_S5_' for 'sm_100a'
ptxas info    : Function properties for _Z14fc2_w3x_kernelILi19ELi8ELi20EEv14CUtensorMap_stS0_S0_PK13__nv_bfloat16PS1_PmS5_S5_S5_S5_
    0 bytes stack frame, 0 bytes spill stores, 0 bytes spill loads
ptxas info    : Used 70 registers, used 1 barriers
ptxas info    : Compile time = 74.086 ms
ptxas info    : Compiling entry function '_Z14fc2_w3x_kernelILi18ELi8ELi20EEv14CUtensorMap_stS0_S0_PK13__nv_bfloat16PS1_PmS5_S5_S5_S5_' for 'sm_100a'
ptxas info    : Function properties for _Z14fc2_w3x_kernelILi18ELi8ELi20EEv14CUtensorMap_stS0_S0_PK13__nv_bfloat16PS1_PmS5_S5_S5_S5_
    0 bytes stack frame, 0 bytes spill stores, 0 bytes spill loads
ptxas info    : Used 70 registers, used 1 barriers
ptxas info    : Compile time = 74.411 ms
ptxas info    : Compiling entry function '_Z14fc2_w3x_kernelILi13ELi8ELi20EEv14CUtensorMap_stS0_S0_PK13__nv_bfloat16PS1_PmS5_S5_S5_S5_' for 'sm_100a'
ptxas info    : Function properties for _Z14fc2_w3x_kernelILi13ELi8ELi20EEv14CUtensorMap_stS0_S0_PK13__nv_bfloat16PS1_PmS5_S5_S5_S5_
    0 bytes stack frame, 0 bytes spill stores, 0 bytes spill loads
ptxas info    : Used 70 registers, used 1 barriers
ptxas info    : Compile time = 70.544 ms
ptxas info    : Compiling entry function '_Z14fc2_w3x_kernelILi11ELi8ELi20EEv14CUtensorMap_stS0_S0_PK13__nv_bfloat16PS1_PmS5_S5_S5_S5_' for 'sm_100a'
ptxas info    : Function properties for _Z14fc2_w3x_kernelILi11ELi8ELi20EEv14CUtensorMap_stS0_S0_PK13__nv_bfloat16PS1_PmS5_S5_S5_S5_
    0 bytes stack frame, 0 bytes spill stores, 0 bytes spill loads
ptxas info    : Used 70 registers, used 1 barriers
ptxas info    : Compile time = 72.012 ms
ptxas info    : Compiling entry function '_Z14fc2_w3x_kernelILi0ELi32ELi20EEv14CUtensorMap_stS0_S0_PK13__nv_bfloat16PS1_PmS5_S5_S5_S5_' for 'sm_100a'
ptxas info    : Function properties for _Z14fc2_w3x_kernelILi0ELi32ELi20EEv14CUtensorMap_stS0_S0_PK13__nv_bfloat16PS1_PmS5_S5_S5_S5_
    0 bytes stack frame, 0 bytes spill stores, 0 bytes spill loads
ptxas info    : Used 70 registers, used 1 barriers
ptxas info    : Compile time = 73.495 ms
ptxas info    : Compiling entry function '_Z14fc2_w3x_kernelILi0ELi16ELi20EEv14CUtensorMap_stS0_S0_PK13__nv_bfloat16PS1_PmS5_S5_S5_S5_' for 'sm_100a'
ptxas info    : Function properties for _Z14fc2_w3x_kernelILi0ELi16ELi20EEv14CUtensorMap_stS0_S0_PK13__nv_bfloat16PS1_PmS5_S5_S5_S5_
    0 bytes stack frame, 0 bytes spill stores, 0 bytes spill loads
ptxas info    : Used 70 registers, used 1 barriers
ptxas info    : Compile time = 73.134 ms
ptxas info    : Compiling entry function '_Z14fc2_w3x_kernelILi0ELi4ELi20EEv14CUtensorMap_stS0_S0_PK13__nv_bfloat16PS1_PmS5_S5_S5_S5_' for 'sm_100a'
ptxas info    : Function properties for _Z14fc2_w3x_kernelILi0ELi4ELi20EEv14CUtensorMap_stS0_S0_PK13__nv_bfloat16PS1_PmS5_S5_S5_S5_
    0 bytes stack frame, 0 bytes spill stores, 0 bytes spill loads
ptxas info    : Used 70 registers, used 1 barriers
ptxas info    : Compile time = 74.039 ms
ptxas info    : Compiling entry function '_Z14fc2_w3x_kernelILi0ELi2ELi20EEv14CUtensorMap_stS0_S0_PK13__nv_bfloat16PS1_PmS5_S5_S5_S5_' for 'sm_100a'
ptxas info    : Function properties for _Z14fc2_w3x_kernelILi0ELi2ELi20EEv14CUtensorMap_stS0_S0_PK13__nv_bfloat16PS1_PmS5_S5_S5_S5_
    0 bytes stack frame, 0 bytes spill stores, 0 bytes spill loads
ptxas info    : Used 70 registers, used 1 barriers
ptxas info    : Compile time = 71.778 ms
ptxas info    : Compiling entry function '_Z14fc2_w3x_kernelILi0ELi8ELi20EEv14CUtensorMap_stS0_S0_PK13__nv_bfloat16PS1_PmS5_S5_S5_S5_' for 'sm_100a'
ptxas info    : Function properties for _Z14fc2_w3x_kernelILi0ELi8ELi20EEv14CUtensorMap_stS0_S0_PK13__nv_bfloat16PS1_PmS5_S5_S5_S5_
    0 bytes stack frame, 0 bytes spill stores, 0 bytes spill loads
ptxas info    : Used 70 registers, used 1 barriers
ptxas info    : Compile time = 73.357 ms
--- rep 1/3 ec=0
FC2 W3X kernel — 6-warp bias-only rank-1-shaped persistent
  [928256,4096] x [1024,4096]^T  NS=6  THREADS=192  SMEM=216064 B  (cap 228KB)
  Alloc + init + pack done
  TMA + func attr done (SMEM=216064 B)  variant=default TD=0 DGG=8
Warmup (2 iters)...
Timing 1 reps × 10 iters/rep × 1 variant ...
@@SAMPLE rep=1 ms=1.85278 cyc=3409619 cyc_min=3377565 cyc_p50=3393638 cyc_p95=3404069 cyc_max=3409619
@@STATS reps=1 mean=1.85278 std=0.00000 min=1.85278 p25=1.85278 p50=1.85278 p75=1.85278 max=1.85278 iqr=0.00000
FC2-W3X kernel: 1.853 ms  4202.74 TFLOPS
PASS  errors=0/32
@@RESULT ms=1.8528 tflops=4202.74 checksum=0.000000 valid=1 c0=6144.0
--- rep 2/3 ec=0
FC2 W3X kernel — 6-warp bias-only rank-1-shaped persistent
  [928256,4096] x [1024,4096]^T  NS=6  THREADS=192  SMEM=216064 B  (cap 228KB)
  Alloc + init + pack done
  TMA + func attr done (SMEM=216064 B)  variant=default TD=0 DGG=8
Warmup (2 iters)...
Timing 1 reps × 10 iters/rep × 1 variant ...
@@SAMPLE rep=1 ms=1.85453 cyc=3412603 cyc_min=3376152 cyc_p50=3392930 cyc_p95=3403298 cyc_max=3412603
@@STATS reps=1 mean=1.85453 std=0.00000 min=1.85453 p25=1.85453 p50=1.85453 p75=1.85453 max=1.85453 iqr=0.00000
FC2-W3X kernel: 1.855 ms  4198.79 TFLOPS
PASS  errors=0/32
@@RESULT ms=1.8545 tflops=4198.79 checksum=0.000000 valid=1 c0=6144.0
--- rep 3/3 ec=0
FC2 W3X kernel — 6-warp bias-only rank-1-shaped persistent
  [928256,4096] x [1024,4096]^T  NS=6  THREADS=192  SMEM=216064 B  (cap 228KB)
  Alloc + init + pack done
  TMA + func attr done (SMEM=216064 B)  variant=default TD=0 DGG=8
Warmup (2 iters)...
Timing 1 reps × 10 iters/rep × 1 variant ...
@@SAMPLE rep=1 ms=1.85768 cyc=3415832 cyc_min=3376217 cyc_p50=3393138 cyc_p95=3406626 cyc_max=3415832
@@STATS reps=1 mean=1.85768 std=0.00000 min=1.85768 p25=1.85768 p50=1.85768 p75=1.85768 max=1.85768 iqr=0.00000
FC2-W3X kernel: 1.858 ms  4191.67 TFLOPS
PASS  errors=0/32
@@RESULT ms=1.8577 tflops=4191.67 checksum=0.000000 valid=1 c0=6144.0
--- cublas epi=3 rep 1/1 ec=0
### CUBLASLT INTROSPECT M=928256 N=1024 K=4096 epi=bias_only scale=per_tensor
### Heuristics returned: 8

# TSV
rank	heur	ms	cyc	algoId	tile	stages	cluster	inner	splitk	redux	swizzle	custom	waves	ws_MB
1	0	1.7777	3280525	66	23	36	3	-1	1	0	0	1	196.00	0.0
2	3	1.8174	3353664	66	32	36	3	-1	1	0	0	1	261.35	0.0
3	4	1.8545	3421927	66	201	36	5	-1	1	0	0	2	294.00	0.0
4	5	1.9004	3506827	66	29	36	3	-1	1	0	0	1	313.62	0.0
5	7	2.0043	3697674	66	232	36	3	-1	1	0	0	1	130.68	0.0
6	2	2.0714	3821363	66	513	36	3	-1	1	0	0	1	98.00	0.0
7	1	2.1910	4042655	66	24	36	5	-1	1	0	0	3	196.00	0.0
8	6	2.6024	4780241	66	495	36	5	-1	1	0	0	3	261.35	0.0

# Top-3 caps:

## rank=1  algoId=66  tile=23  stages=36  cluster=3  inner=-1  ms=1.7777
    CUBLASLT_ALGO_CAP_REDUCTION_SCHEME_MASK      = 2
    CUBLASLT_ALGO_CAP_CTA_SWIZZLING_SUPPORT      = 0
    CUBLASLT_ALGO_CAP_STRIDED_BATCH_SUPPORT      = 1
    CUBLASLT_ALGO_CAP_OUT_OF_PLACE_RESULT_SUPPORT = 1
    CUBLASLT_ALGO_CAP_CUSTOM_OPTION_MAX          = 7
    CUBLASLT_ALGO_CAP_POINTER_MODE_MASK          = 3
    CUBLASLT_ALGO_CAP_EPILOGUE_MASK              = 1023
    CUBLASLT_ALGO_CAP_TILE_IDS                   = --  (status=7 wrote=0)
    CUBLASLT_ALGO_CAP_STAGES_IDS                 = [36] (n=1, elem=4B)
    CUBLASLT_ALGO_CONFIG_CLUSTER_SHAPE_ID sz=2 → status=0 wrote=2 val=3

## rank=2  algoId=66  tile=32  stages=36  cluster=3  inner=-1  ms=1.8174
    CUBLASLT_ALGO_CAP_REDUCTION_SCHEME_MASK      = 2
    CUBLASLT_ALGO_CAP_CTA_SWIZZLING_SUPPORT      = 0
    CUBLASLT_ALGO_CAP_STRIDED_BATCH_SUPPORT      = 1
    CUBLASLT_ALGO_CAP_OUT_OF_PLACE_RESULT_SUPPORT = 1
    CUBLASLT_ALGO_CAP_CUSTOM_OPTION_MAX          = 7
    CUBLASLT_ALGO_CAP_POINTER_MODE_MASK          = 3
    CUBLASLT_ALGO_CAP_EPILOGUE_MASK              = 1023
    CUBLASLT_ALGO_CAP_TILE_IDS                   = --  (status=7 wrote=0)
    CUBLASLT_ALGO_CAP_STAGES_IDS                 = [36] (n=1, elem=4B)
    CUBLASLT_ALGO_CONFIG_CLUSTER_SHAPE_ID sz=2 → status=0 wrote=2 val=3

## rank=3  algoId=66  tile=201  stages=36  cluster=5  inner=-1  ms=1.8545
    CUBLASLT_ALGO_CAP_REDUCTION_SCHEME_MASK      = 2
    CUBLASLT_ALGO_CAP_CTA_SWIZZLING_SUPPORT      = 0
    CUBLASLT_ALGO_CAP_STRIDED_BATCH_SUPPORT      = 1
    CUBLASLT_ALGO_CAP_OUT_OF_PLACE_RESULT_SUPPORT = 1
    CUBLASLT_ALGO_CAP_CUSTOM_OPTION_MAX          = 7
    CUBLASLT_ALGO_CAP_POINTER_MODE_MASK          = 3
    CUBLASLT_ALGO_CAP_EPILOGUE_MASK              = 1023
    CUBLASLT_ALGO_CAP_TILE_IDS                   = --  (status=7 wrote=0)
    CUBLASLT_ALGO_CAP_STAGES_IDS                 = [36] (n=1, elem=4B)
    CUBLASLT_ALGO_CONFIG_CLUSTER_SHAPE_ID sz=2 → status=0 wrote=2 val=5

# Winner:  rank=1  tile=23  stages=36  cluster=3  inner=-1  splitk=1  swizzle=0  ms=1.7777  cyc=3280525

@@RESULT ms=1.7777 cyc=3280525 tflops=4380.34 checksum=0.000000 valid=1 c0=0.0
--- cublas epi=0 rep 1/1 ec=0
### CUBLASLT INTROSPECT M=928256 N=1024 K=4096 epi=none scale=per_tensor
### Heuristics returned: 8

# TSV
rank	heur	ms	cyc	algoId	tile	stages	cluster	inner	splitk	redux	swizzle	custom	waves	ws_MB
1	0	1.7759	3277534	66	23	36	3	-1	1	0	0	1	196.00	0.0
2	3	1.8082	3336710	66	32	36	3	-1	1	0	0	1	261.35	0.0
3	4	1.8475	3409303	66	201	36	5	-1	1	0	0	2	294.00	0.0
4	5	1.8925	3492828	66	29	36	3	-1	1	0	0	1	313.62	0.0
5	7	1.9732	3640727	66	232	36	3	-1	1	0	0	1	130.68	0.0
6	2	2.0023	3694257	66	513	36	3	-1	1	0	0	1	98.00	0.0
7	1	2.1748	4012559	66	24	36	5	-1	1	0	0	3	196.00	0.0
8	6	2.5725	4746218	66	495	36	5	-1	1	0	0	3	261.35	0.0

# Top-3 caps:

## rank=1  algoId=66  tile=23  stages=36  cluster=3  inner=-1  ms=1.7759
    CUBLASLT_ALGO_CAP_REDUCTION_SCHEME_MASK      = 2
    CUBLASLT_ALGO_CAP_CTA_SWIZZLING_SUPPORT      = 0
    CUBLASLT_ALGO_CAP_STRIDED_BATCH_SUPPORT      = 1
    CUBLASLT_ALGO_CAP_OUT_OF_PLACE_RESULT_SUPPORT = 1
    CUBLASLT_ALGO_CAP_CUSTOM_OPTION_MAX          = 7
    CUBLASLT_ALGO_CAP_POINTER_MODE_MASK          = 3
    CUBLASLT_ALGO_CAP_EPILOGUE_MASK              = 1023
    CUBLASLT_ALGO_CAP_TILE_IDS                   = --  (status=7 wrote=0)
    CUBLASLT_ALGO_CAP_STAGES_IDS                 = [36] (n=1, elem=4B)
    CUBLASLT_ALGO_CONFIG_CLUSTER_SHAPE_ID sz=2 → status=0 wrote=2 val=3

## rank=2  algoId=66  tile=32  stages=36  cluster=3  inner=-1  ms=1.8082
    CUBLASLT_ALGO_CAP_REDUCTION_SCHEME_MASK      = 2
    CUBLASLT_ALGO_CAP_CTA_SWIZZLING_SUPPORT      = 0
    CUBLASLT_ALGO_CAP_STRIDED_BATCH_SUPPORT      = 1
    CUBLASLT_ALGO_CAP_OUT_OF_PLACE_RESULT_SUPPORT = 1
    CUBLASLT_ALGO_CAP_CUSTOM_OPTION_MAX          = 7
    CUBLASLT_ALGO_CAP_POINTER_MODE_MASK          = 3
    CUBLASLT_ALGO_CAP_EPILOGUE_MASK              = 1023
    CUBLASLT_ALGO_CAP_TILE_IDS                   = --  (status=7 wrote=0)
    CUBLASLT_ALGO_CAP_STAGES_IDS                 = [36] (n=1, elem=4B)
    CUBLASLT_ALGO_CONFIG_CLUSTER_SHAPE_ID sz=2 → status=0 wrote=2 val=3

## rank=3  algoId=66  tile=201  stages=36  cluster=5  inner=-1  ms=1.8475
    CUBLASLT_ALGO_CAP_REDUCTION_SCHEME_MASK      = 2
    CUBLASLT_ALGO_CAP_CTA_SWIZZLING_SUPPORT      = 0
    CUBLASLT_ALGO_CAP_STRIDED_BATCH_SUPPORT      = 1
    CUBLASLT_ALGO_CAP_OUT_OF_PLACE_RESULT_SUPPORT = 1
    CUBLASLT_ALGO_CAP_CUSTOM_OPTION_MAX          = 7
    CUBLASLT_ALGO_CAP_POINTER_MODE_MASK          = 3
    CUBLASLT_ALGO_CAP_EPILOGUE_MASK              = 1023
    CUBLASLT_ALGO_CAP_TILE_IDS                   = --  (status=7 wrote=0)
    CUBLASLT_ALGO_CAP_STAGES_IDS                 = [36] (n=1, elem=4B)
    CUBLASLT_ALGO_CONFIG_CLUSTER_SHAPE_ID sz=2 → status=0 wrote=2 val=5

# Winner:  rank=1  tile=23  stages=36  cluster=3  inner=-1  splitk=1  swizzle=0  ms=1.7759  cyc=3277534

@@RESULT ms=1.7759 cyc=3277534 tflops=4384.61 checksum=0.000000 valid=1 c0=0.0

[build] N=1024 K=8192 M=928256 flags=['-DM_TOTAL=928256', '-DN_DIM=1024', '-DK_DIM=8192']
$ make -B fc2-w3x DFLAGS=-DM_TOTAL=928256 -DN_DIM=1024 -DK_DIM=8192
nvcc -gencode arch=compute_100a,code=sm_100a -O3 -std=c++17 -lineinfo --ptxas-options=-v --cudart=static -DM_TOTAL=928256 -DN_DIM=1024 -DK_DIM=8192 fc2_w3x.cu -o fc2-w3x -lcurand_static -lculibos -lcuda
fc2_w3x.cu(1511): warning #177-D: function "mbar_arrive" was declared but never referenced
  void mbar_arrive(uint32_t addr) {
       ^

Remark: The warnings can be suppressed with "-diag-suppress <warning-number>"

ptxas info    : 0 bytes gmem
ptxas info    : Compiling entry function '_Z14fc2_w3x_kernelILi54ELi8ELi64EEv14CUtensorMap_stS0_S0_PK13__nv_bfloat16PS1_PmS5_S5_S5_S5_' for 'sm_100a'
ptxas info    : Function properties for _Z14fc2_w3x_kernelILi54ELi8ELi64EEv14CUtensorMap_stS0_S0_PK13__nv_bfloat16PS1_PmS5_S5_S5_S5_
    0 bytes stack frame, 0 bytes spill stores, 0 bytes spill loads
ptxas info    : Used 70 registers, used 1 barriers
ptxas info    : Compile time = 146.041 ms
ptxas info    : Compiling entry function '_Z14fc2_w3x_kernelILi54ELi8ELi48EEv14CUtensorMap_stS0_S0_PK13__nv_bfloat16PS1_PmS5_S5_S5_S5_' for 'sm_100a'
ptxas info    : Function properties for _Z14fc2_w3x_kernelILi54ELi8ELi48EEv14CUtensorMap_stS0_S0_PK13__nv_bfloat16PS1_PmS5_S5_S5_S5_
    0 bytes stack frame, 0 bytes spill stores, 0 bytes spill loads
ptxas info    : Used 70 registers, used 1 barriers
ptxas info    : Compile time = 145.001 ms
ptxas info    : Compiling entry function '_Z14fc2_w3x_kernelILi54ELi8ELi32EEv14CUtensorMap_stS0_S0_PK13__nv_bfloat16PS1_PmS5_S5_S5_S5_' for 'sm_100a'
ptxas info    : Function properties for _Z14fc2_w3x_kernelILi54ELi8ELi32EEv14CUtensorMap_stS0_S0_PK13__nv_bfloat16PS1_PmS5_S5_S5_S5_
    0 bytes stack frame, 0 bytes spill stores, 0 bytes spill loads
ptxas info    : Used 70 registers, used 1 barriers
ptxas info    : Compile time = 143.327 ms
ptxas info    : Compiling entry function '_Z14fc2_w3x_kernelILi54ELi8ELi24EEv14CUtensorMap_stS0_S0_PK13__nv_bfloat16PS1_PmS5_S5_S5_S5_' for 'sm_100a'
ptxas info    : Function properties for _Z14fc2_w3x_kernelILi54ELi8ELi24EEv14CUtensorMap_stS0_S0_PK13__nv_bfloat16PS1_PmS5_S5_S5_S5_
    0 bytes stack frame, 0 bytes spill stores, 0 bytes spill loads
ptxas info    : Used 70 registers, used 1 barriers
ptxas info    : Compile time = 140.335 ms
ptxas info    : Compiling entry function '_Z14fc2_w3x_kernelILi54ELi8ELi16EEv14CUtensorMap_stS0_S0_PK13__nv_bfloat16PS1_PmS5_S5_S5_S5_' for 'sm_100a'
ptxas info    : Function properties for _Z14fc2_w3x_kernelILi54ELi8ELi16EEv14CUtensorMap_stS0_S0_PK13__nv_bfloat16PS1_PmS5_S5_S5_S5_
    0 bytes stack frame, 0 bytes spill stores, 0 bytes spill loads
ptxas info    : Used 70 registers, used 1 barriers
ptxas info    : Compile time = 139.778 ms
ptxas info    : Compiling entry function '_Z14fc2_w3x_kernelILi54ELi8ELi12EEv14CUtensorMap_stS0_S0_PK13__nv_bfloat16PS1_PmS5_S5_S5_S5_' for 'sm_100a'
ptxas info    : Function properties for _Z14fc2_w3x_kernelILi54ELi8ELi12EEv14CUtensorMap_stS0_S0_PK13__nv_bfloat16PS1_PmS5_S5_S5_S5_
    0 bytes stack frame, 0 bytes spill stores, 0 bytes spill loads
ptxas info    : Used 70 registers, used 1 barriers
ptxas info    : Compile time = 140.887 ms
ptxas info    : Compiling entry function '_Z14fc2_w3x_kernelILi54ELi8ELi8EEv14CUtensorMap_stS0_S0_PK13__nv_bfloat16PS1_PmS5_S5_S5_S5_' for 'sm_100a'
ptxas info    : Function properties for _Z14fc2_w3x_kernelILi54ELi8ELi8EEv14CUtensorMap_stS0_S0_PK13__nv_bfloat16PS1_PmS5_S5_S5_S5_
    0 bytes stack frame, 0 bytes spill stores, 0 bytes spill loads
ptxas info    : Used 70 registers, used 1 barriers
ptxas info    : Compile time = 140.779 ms
ptxas info    : Compiling entry function '_Z14fc2_w3x_kernelILi54ELi8ELi4EEv14CUtensorMap_stS0_S0_PK13__nv_bfloat16PS1_PmS5_S5_S5_S5_' for 'sm_100a'
ptxas info    : Function properties for _Z14fc2_w3x_kernelILi54ELi8ELi4EEv14CUtensorMap_stS0_S0_PK13__nv_bfloat16PS1_PmS5_S5_S5_S5_
    0 bytes stack frame, 0 bytes spill stores, 0 bytes spill loads
ptxas info    : Used 70 registers, used 1 barriers
ptxas info    : Compile time = 139.707 ms
ptxas info    : Compiling entry function '_Z14fc2_w3x_kernelILi54ELi8ELi0EEv14CUtensorMap_stS0_S0_PK13__nv_bfloat16PS1_PmS5_S5_S5_S5_' for 'sm_100a'
ptxas info    : Function properties for _Z14fc2_w3x_kernelILi54ELi8ELi0EEv14CUtensorMap_stS0_S0_PK13__nv_bfloat16PS1_PmS5_S5_S5_S5_
    0 bytes stack frame, 0 bytes spill stores, 0 bytes spill loads
ptxas info    : Used 70 registers, used 1 barriers
ptxas info    : Compile time = 140.475 ms
ptxas info    : Compiling entry function '_Z14fc2_w3x_kernelILi99ELi8ELi20EEv14CUtensorMap_stS0_S0_PK13__nv_bfloat16PS1_PmS5_S5_S5_S5_' for 'sm_100a'
ptxas info    : Function properties for _Z14fc2_w3x_kernelILi99ELi8ELi20EEv14CUtensorMap_stS0_S0_PK13__nv_bfloat16PS1_PmS5_S5_S5_S5_
    0 bytes stack frame, 0 bytes spill stores, 0 bytes spill loads
ptxas info    : Used 70 registers, used 1 barriers
ptxas info    : Compile time = 139.349 ms
ptxas info    : Compiling entry function '_Z14fc2_w3x_kernelILi98ELi8ELi20EEv14CUtensorMap_stS0_S0_PK13__nv_bfloat16PS1_PmS5_S5_S5_S5_' for 'sm_100a'
ptxas info    : Function properties for _Z14fc2_w3x_kernelILi98ELi8ELi20EEv14CUtensorMap_stS0_S0_PK13__nv_bfloat16PS1_PmS5_S5_S5_S5_
    0 bytes stack frame, 0 bytes spill stores, 0 bytes spill loads
ptxas info    : Used 70 registers, used 1 barriers
ptxas info    : Compile time = 140.734 ms
ptxas info    : Compiling entry function '_Z14fc2_w3x_kernelILi97ELi8ELi20EEv14CUtensorMap_stS0_S0_PK13__nv_bfloat16PS1_PmS5_S5_S5_S5_' for 'sm_100a'
ptxas info    : Function properties for _Z14fc2_w3x_kernelILi97ELi8ELi20EEv14CUtensorMap_stS0_S0_PK13__nv_bfloat16PS1_PmS5_S5_S5_S5_
    0 bytes stack frame, 0 bytes spill stores, 0 bytes spill loads
ptxas info    : Used 70 registers, used 1 barriers
ptxas info    : Compile time = 140.385 ms
ptxas info    : Compiling entry function '_Z14fc2_w3x_kernelILi96ELi8ELi20EEv14CUtensorMap_stS0_S0_PK13__nv_bfloat16PS1_PmS5_S5_S5_S5_' for 'sm_100a'
ptxas info    : Function properties for _Z14fc2_w3x_kernelILi96ELi8ELi20EEv14CUtensorMap_stS0_S0_PK13__nv_bfloat16PS1_PmS5_S5_S5_S5_
    0 bytes stack frame, 0 bytes spill stores, 0 bytes spill loads
ptxas info    : Used 70 registers, used 1 barriers
ptxas info    : Compile time = 139.473 ms
ptxas info    : Compiling entry function '_Z14fc2_w3x_kernelILi95ELi8ELi20EEv14CUtensorMap_stS0_S0_PK13__nv_bfloat16PS1_PmS5_S5_S5_S5_' for 'sm_100a'
ptxas info    : Function properties for _Z14fc2_w3x_kernelILi95ELi8ELi20EEv14CUtensorMap_stS0_S0_PK13__nv_bfloat16PS1_PmS5_S5_S5_S5_
    0 bytes stack frame, 0 bytes spill stores, 0 bytes spill loads
ptxas info    : Used 70 registers, used 1 barriers
ptxas info    : Compile time = 140.774 ms
ptxas info    : Compiling entry function '_Z14fc2_w3x_kernelILi94ELi8ELi20EEv14CUtensorMap_stS0_S0_PK13__nv_bfloat16PS1_PmS5_S5_S5_S5_' for 'sm_100a'
ptxas info    : Function properties for _Z14fc2_w3x_kernelILi94ELi8ELi20EEv14CUtensorMap_stS0_S0_PK13__nv_bfloat16PS1_PmS5_S5_S5_S5_
    0 bytes stack frame, 0 bytes spill stores, 0 bytes spill loads
ptxas info    : Used 70 registers, used 1 barriers
ptxas info    : Compile time = 140.976 ms
ptxas info    : Compiling entry function '_Z14fc2_w3x_kernelILi93ELi8ELi20EEv14CUtensorMap_stS0_S0_PK13__nv_bfloat16PS1_PmS5_S5_S5_S5_' for 'sm_100a'
ptxas info    : Function properties for _Z14fc2_w3x_kernelILi93ELi8ELi20EEv14CUtensorMap_stS0_S0_PK13__nv_bfloat16PS1_PmS5_S5_S5_S5_
    0 bytes stack frame, 0 bytes spill stores, 0 bytes spill loads
ptxas info    : Used 70 registers, used 1 barriers
ptxas info    : Compile time = 140.902 ms
ptxas info    : Compiling entry function '_Z14fc2_w3x_kernelILi92ELi8ELi20EEv14CUtensorMap_stS0_S0_PK13__nv_bfloat16PS1_PmS5_S5_S5_S5_' for 'sm_100a'
ptxas info    : Function properties for _Z14fc2_w3x_kernelILi92ELi8ELi20EEv14CUtensorMap_stS0_S0_PK13__nv_bfloat16PS1_PmS5_S5_S5_S5_
    0 bytes stack frame, 0 bytes spill stores, 0 bytes spill loads
ptxas info    : Used 70 registers, used 1 barriers
ptxas info    : Compile time = 140.804 ms
ptxas info    : Compiling entry function '_Z14fc2_w3x_kernelILi91ELi8ELi20EEv14CUtensorMap_stS0_S0_PK13__nv_bfloat16PS1_PmS5_S5_S5_S5_' for 'sm_100a'
ptxas info    : Function properties for _Z14fc2_w3x_kernelILi91ELi8ELi20EEv14CUtensorMap_stS0_S0_PK13__nv_bfloat16PS1_PmS5_S5_S5_S5_
    0 bytes stack frame, 0 bytes spill stores, 0 bytes spill loads
ptxas info    : Used 70 registers, used 1 barriers
ptxas info    : Compile time = 141.130 ms
ptxas info    : Compiling entry function '_Z14fc2_w3x_kernelILi90ELi8ELi20EEv14CUtensorMap_stS0_S0_PK13__nv_bfloat16PS1_PmS5_S5_S5_S5_' for 'sm_100a'
ptxas info    : Function properties for _Z14fc2_w3x_kernelILi90ELi8ELi20EEv14CUtensorMap_stS0_S0_PK13__nv_bfloat16PS1_PmS5_S5_S5_S5_
    0 bytes stack frame, 0 bytes spill stores, 0 bytes spill loads
ptxas info    : Used 70 registers, used 1 barriers
ptxas info    : Compile time = 141.104 ms
ptxas info    : Compiling entry function '_Z14fc2_w3x_kernelILi89ELi8ELi20EEv14CUtensorMap_stS0_S0_PK13__nv_bfloat16PS1_PmS5_S5_S5_S5_' for 'sm_100a'
ptxas info    : Function properties for _Z14fc2_w3x_kernelILi89ELi8ELi20EEv14CUtensorMap_stS0_S0_PK13__nv_bfloat16PS1_PmS5_S5_S5_S5_
    0 bytes stack frame, 0 bytes spill stores, 0 bytes spill loads
ptxas info    : Used 70 registers, used 1 barriers
ptxas info    : Compile time = 141.276 ms
ptxas info    : Compiling entry function '_Z14fc2_w3x_kernelILi88ELi8ELi20EEv14CUtensorMap_stS0_S0_PK13__nv_bfloat16PS1_PmS5_S5_S5_S5_' for 'sm_100a'
ptxas info    : Function properties for _Z14fc2_w3x_kernelILi88ELi8ELi20EEv14CUtensorMap_stS0_S0_PK13__nv_bfloat16PS1_PmS5_S5_S5_S5_
    0 bytes stack frame, 0 bytes spill stores, 0 bytes spill loads
ptxas info    : Used 70 registers, used 1 barriers
ptxas info    : Compile time = 141.060 ms
ptxas info    : Compiling entry function '_Z14fc2_w3x_kernelILi87ELi8ELi20EEv14CUtensorMap_stS0_S0_PK13__nv_bfloat16PS1_PmS5_S5_S5_S5_' for 'sm_100a'
ptxas info    : Function properties for _Z14fc2_w3x_kernelILi87ELi8ELi20EEv14CUtensorMap_stS0_S0_PK13__nv_bfloat16PS1_PmS5_S5_S5_S5_
    0 bytes stack frame, 0 bytes spill stores, 0 bytes spill loads
ptxas info    : Used 70 registers, used 1 barriers
ptxas info    : Compile time = 140.715 ms
ptxas info    : Compiling entry function '_Z14fc2_w3x_kernelILi86ELi8ELi20EEv14CUtensorMap_stS0_S0_PK13__nv_bfloat16PS1_PmS5_S5_S5_S5_' for 'sm_100a'
ptxas info    : Function properties for _Z14fc2_w3x_kernelILi86ELi8ELi20EEv14CUtensorMap_stS0_S0_PK13__nv_bfloat16PS1_PmS5_S5_S5_S5_
    0 bytes stack frame, 0 bytes spill stores, 0 bytes spill loads
ptxas info    : Used 70 registers, used 1 barriers
ptxas info    : Compile time = 141.240 ms
ptxas info    : Compiling entry function '_Z14fc2_w3x_kernelILi85ELi8ELi20EEv14CUtensorMap_stS0_S0_PK13__nv_bfloat16PS1_PmS5_S5_S5_S5_' for 'sm_100a'
ptxas info    : Function properties for _Z14fc2_w3x_kernelILi85ELi8ELi20EEv14CUtensorMap_stS0_S0_PK13__nv_bfloat16PS1_PmS5_S5_S5_S5_
    0 bytes stack frame, 0 bytes spill stores, 0 bytes spill loads
ptxas info    : Used 70 registers, used 1 barriers
ptxas info    : Compile time = 140.467 ms
ptxas info    : Compiling entry function '_Z14fc2_w3x_kernelILi84ELi8ELi20EEv14CUtensorMap_stS0_S0_PK13__nv_bfloat16PS1_PmS5_S5_S5_S5_' for 'sm_100a'
ptxas info    : Function properties for _Z14fc2_w3x_kernelILi84ELi8ELi20EEv14CUtensorMap_stS0_S0_PK13__nv_bfloat16PS1_PmS5_S5_S5_S5_
    0 bytes stack frame, 0 bytes spill stores, 0 bytes spill loads
ptxas info    : Used 70 registers, used 1 barriers
ptxas info    : Compile time = 140.322 ms
ptxas info    : Compiling entry function '_Z14fc2_w3x_kernelILi83ELi8ELi20EEv14CUtensorMap_stS0_S0_PK13__nv_bfloat16PS1_PmS5_S5_S5_S5_' for 'sm_100a'
ptxas info    : Function properties for _Z14fc2_w3x_kernelILi83ELi8ELi20EEv14CUtensorMap_stS0_S0_PK13__nv_bfloat16PS1_PmS5_S5_S5_S5_
    0 bytes stack frame, 0 bytes spill stores, 0 bytes spill loads
ptxas info    : Used 70 registers, used 1 barriers
ptxas info    : Compile time = 139.972 ms
ptxas info    : Compiling entry function '_Z14fc2_w3x_kernelILi82ELi8ELi20EEv14CUtensorMap_stS0_S0_PK13__nv_bfloat16PS1_PmS5_S5_S5_S5_' for 'sm_100a'
ptxas info    : Function properties for _Z14fc2_w3x_kernelILi82ELi8ELi20EEv14CUtensorMap_stS0_S0_PK13__nv_bfloat16PS1_PmS5_S5_S5_S5_
    0 bytes stack frame, 0 bytes spill stores, 0 bytes spill loads
ptxas info    : Used 70 registers, used 1 barriers
ptxas info    : Compile time = 141.173 ms
ptxas info    : Compiling entry function '_Z14fc2_w3x_kernelILi81ELi8ELi20EEv14CUtensorMap_stS0_S0_PK13__nv_bfloat16PS1_PmS5_S5_S5_S5_' for 'sm_100a'
ptxas info    : Function properties for _Z14fc2_w3x_kernelILi81ELi8ELi20EEv14CUtensorMap_stS0_S0_PK13__nv_bfloat16PS1_PmS5_S5_S5_S5_
    0 bytes stack frame, 0 bytes spill stores, 0 bytes spill loads
ptxas info    : Used 70 registers, used 1 barriers
ptxas info    : Compile time = 140.869 ms
ptxas info    : Compiling entry function '_Z14fc2_w3x_kernelILi80ELi8ELi20EEv14CUtensorMap_stS0_S0_PK13__nv_bfloat16PS1_PmS5_S5_S5_S5_' for 'sm_100a'
ptxas info    : Function properties for _Z14fc2_w3x_kernelILi80ELi8ELi20EEv14CUtensorMap_stS0_S0_PK13__nv_bfloat16PS1_PmS5_S5_S5_S5_
    0 bytes stack frame, 0 bytes spill stores, 0 bytes spill loads
ptxas info    : Used 70 registers, used 1 barriers
ptxas info    : Compile time = 141.138 ms
ptxas info    : Compiling entry function '_Z14fc2_w3x_kernelILi58ELi8ELi20EEv14CUtensorMap_stS0_S0_PK13__nv_bfloat16PS1_PmS5_S5_S5_S5_' for 'sm_100a'
ptxas info    : Function properties for _Z14fc2_w3x_kernelILi58ELi8ELi20EEv14CUtensorMap_stS0_S0_PK13__nv_bfloat16PS1_PmS5_S5_S5_S5_
    0 bytes stack frame, 0 bytes spill stores, 0 bytes spill loads
ptxas info    : Used 70 registers, used 1 barriers
ptxas info    : Compile time = 140.999 ms
ptxas info    : Compiling entry function '_Z14fc2_w3x_kernelILi57ELi8ELi20EEv14CUtensorMap_stS0_S0_PK13__nv_bfloat16PS1_PmS5_S5_S5_S5_' for 'sm_100a'
ptxas info    : Function properties for _Z14fc2_w3x_kernelILi57ELi8ELi20EEv14CUtensorMap_stS0_S0_PK13__nv_bfloat16PS1_PmS5_S5_S5_S5_
    0 bytes stack frame, 0 bytes spill stores, 0 bytes spill loads
ptxas info    : Used 70 registers, used 1 barriers
ptxas info    : Compile time = 140.635 ms
ptxas info    : Compiling entry function '_Z14fc2_w3x_kernelILi56ELi8ELi20EEv14CUtensorMap_stS0_S0_PK13__nv_bfloat16PS1_PmS5_S5_S5_S5_' for 'sm_100a'
ptxas info    : Function properties for _Z14fc2_w3x_kernelILi56ELi8ELi20EEv14CUtensorMap_stS0_S0_PK13__nv_bfloat16PS1_PmS5_S5_S5_S5_
    0 bytes stack frame, 0 bytes spill stores, 0 bytes spill loads
ptxas info    : Used 70 registers, used 1 barriers
ptxas info    : Compile time = 140.647 ms
ptxas info    : Compiling entry function '_Z14fc2_w3x_kernelILi55ELi8ELi20EEv14CUtensorMap_stS0_S0_PK13__nv_bfloat16PS1_PmS5_S5_S5_S5_' for 'sm_100a'
ptxas info    : Function properties for _Z14fc2_w3x_kernelILi55ELi8ELi20EEv14CUtensorMap_stS0_S0_PK13__nv_bfloat16PS1_PmS5_S5_S5_S5_
    0 bytes stack frame, 0 bytes spill stores, 0 bytes spill loads
ptxas info    : Used 70 registers, used 1 barriers
ptxas info    : Compile time = 137.986 ms
ptxas info    : Compiling entry function '_Z14fc2_w3x_kernelILi54ELi8ELi20EEv14CUtensorMap_stS0_S0_PK13__nv_bfloat16PS1_PmS5_S5_S5_S5_' for 'sm_100a'
ptxas info    : Function properties for _Z14fc2_w3x_kernelILi54ELi8ELi20EEv14CUtensorMap_stS0_S0_PK13__nv_bfloat16PS1_PmS5_S5_S5_S5_
    0 bytes stack frame, 0 bytes spill stores, 0 bytes spill loads
ptxas info    : Used 70 registers, used 1 barriers
ptxas info    : Compile time = 140.167 ms
ptxas info    : Compiling entry function '_Z14fc2_w3x_kernelILi53ELi8ELi20EEv14CUtensorMap_stS0_S0_PK13__nv_bfloat16PS1_PmS5_S5_S5_S5_' for 'sm_100a'
ptxas info    : Function properties for _Z14fc2_w3x_kernelILi53ELi8ELi20EEv14CUtensorMap_stS0_S0_PK13__nv_bfloat16PS1_PmS5_S5_S5_S5_
    0 bytes stack frame, 0 bytes spill stores, 0 bytes spill loads
ptxas info    : Used 70 registers, used 1 barriers
ptxas info    : Compile time = 140.063 ms
ptxas info    : Compiling entry function '_Z14fc2_w3x_kernelILi52ELi8ELi20EEv14CUtensorMap_stS0_S0_PK13__nv_bfloat16PS1_PmS5_S5_S5_S5_' for 'sm_100a'
ptxas info    : Function properties for _Z14fc2_w3x_kernelILi52ELi8ELi20EEv14CUtensorMap_stS0_S0_PK13__nv_bfloat16PS1_PmS5_S5_S5_S5_
    0 bytes stack frame, 0 bytes spill stores, 0 bytes spill loads
ptxas info    : Used 70 registers, used 1 barriers
ptxas info    : Compile time = 140.192 ms
ptxas info    : Compiling entry function '_Z14fc2_w3x_kernelILi51ELi8ELi20EEv14CUtensorMap_stS0_S0_PK13__nv_bfloat16PS1_PmS5_S5_S5_S5_' for 'sm_100a'
ptxas info    : Function properties for _Z14fc2_w3x_kernelILi51ELi8ELi20EEv14CUtensorMap_stS0_S0_PK13__nv_bfloat16PS1_PmS5_S5_S5_S5_
    0 bytes stack frame, 0 bytes spill stores, 0 bytes spill loads
ptxas info    : Used 70 registers, used 1 barriers
ptxas info    : Compile time = 140.913 ms
ptxas info    : Compiling entry function '_Z14fc2_w3x_kernelILi50ELi8ELi20EEv14CUtensorMap_stS0_S0_PK13__nv_bfloat16PS1_PmS5_S5_S5_S5_' for 'sm_100a'
ptxas info    : Function properties for _Z14fc2_w3x_kernelILi50ELi8ELi20EEv14CUtensorMap_stS0_S0_PK13__nv_bfloat16PS1_PmS5_S5_S5_S5_
    0 bytes stack frame, 0 bytes spill stores, 0 bytes spill loads
ptxas info    : Used 70 registers, used 1 barriers
ptxas info    : Compile time = 139.826 ms
ptxas info    : Compiling entry function '_Z14fc2_w3x_kernelILi49ELi8ELi20EEv14CUtensorMap_stS0_S0_PK13__nv_bfloat16PS1_PmS5_S5_S5_S5_' for 'sm_100a'
ptxas info    : Function properties for _Z14fc2_w3x_kernelILi49ELi8ELi20EEv14CUtensorMap_stS0_S0_PK13__nv_bfloat16PS1_PmS5_S5_S5_S5_
    0 bytes stack frame, 0 bytes spill stores, 0 bytes spill loads
ptxas info    : Used 70 registers, used 1 barriers
ptxas info    : Compile time = 140.561 ms
ptxas info    : Compiling entry function '_Z14fc2_w3x_kernelILi19ELi16ELi20EEv14CUtensorMap_stS0_S0_PK13__nv_bfloat16PS1_PmS5_S5_S5_S5_' for 'sm_100a'
ptxas info    : Function properties for _Z14fc2_w3x_kernelILi19ELi16ELi20EEv14CUtensorMap_stS0_S0_PK13__nv_bfloat16PS1_PmS5_S5_S5_S5_
    0 bytes stack frame, 0 bytes spill stores, 0 bytes spill loads
ptxas info    : Used 70 registers, used 1 barriers
ptxas info    : Compile time = 139.743 ms
ptxas info    : Compiling entry function '_Z14fc2_w3x_kernelILi19ELi4ELi20EEv14CUtensorMap_stS0_S0_PK13__nv_bfloat16PS1_PmS5_S5_S5_S5_' for 'sm_100a'
ptxas info    : Function properties for _Z14fc2_w3x_kernelILi19ELi4ELi20EEv14CUtensorMap_stS0_S0_PK13__nv_bfloat16PS1_PmS5_S5_S5_S5_
    0 bytes stack frame, 0 bytes spill stores, 0 bytes spill loads
ptxas info    : Used 70 registers, used 1 barriers
ptxas info    : Compile time = 138.767 ms
ptxas info    : Compiling entry function '_Z14fc2_w3x_kernelILi48ELi8ELi20EEv14CUtensorMap_stS0_S0_PK13__nv_bfloat16PS1_PmS5_S5_S5_S5_' for 'sm_100a'
ptxas info    : Function properties for _Z14fc2_w3x_kernelILi48ELi8ELi20EEv14CUtensorMap_stS0_S0_PK13__nv_bfloat16PS1_PmS5_S5_S5_S5_
    0 bytes stack frame, 0 bytes spill stores, 0 bytes spill loads
ptxas info    : Used 70 registers, used 1 barriers
ptxas info    : Compile time = 140.316 ms
ptxas info    : Compiling entry function '_Z14fc2_w3x_kernelILi47ELi8ELi20EEv14CUtensorMap_stS0_S0_PK13__nv_bfloat16PS1_PmS5_S5_S5_S5_' for 'sm_100a'
ptxas info    : Function properties for _Z14fc2_w3x_kernelILi47ELi8ELi20EEv14CUtensorMap_stS0_S0_PK13__nv_bfloat16PS1_PmS5_S5_S5_S5_
    0 bytes stack frame, 0 bytes spill stores, 0 bytes spill loads
ptxas info    : Used 70 registers, used 1 barriers
ptxas info    : Compile time = 140.276 ms
ptxas info    : Compiling entry function '_Z14fc2_w3x_kernelILi46ELi8ELi20EEv14CUtensorMap_stS0_S0_PK13__nv_bfloat16PS1_PmS5_S5_S5_S5_' for 'sm_100a'
ptxas info    : Function properties for _Z14fc2_w3x_kernelILi46ELi8ELi20EEv14CUtensorMap_stS0_S0_PK13__nv_bfloat16PS1_PmS5_S5_S5_S5_
    0 bytes stack frame, 0 bytes spill stores, 0 bytes spill loads
ptxas info    : Used 70 registers, used 1 barriers
ptxas info    : Compile time = 141.234 ms
ptxas info    : Compiling entry function '_Z14fc2_w3x_kernelILi45ELi8ELi20EEv14CUtensorMap_stS0_S0_PK13__nv_bfloat16PS1_PmS5_S5_S5_S5_' for 'sm_100a'
ptxas info    : Function properties for _Z14fc2_w3x_kernelILi45ELi8ELi20EEv14CUtensorMap_stS0_S0_PK13__nv_bfloat16PS1_PmS5_S5_S5_S5_
    0 bytes stack frame, 0 bytes spill stores, 0 bytes spill loads
ptxas info    : Used 70 registers, used 1 barriers
ptxas info    : Compile time = 140.078 ms
ptxas info    : Compiling entry function '_Z14fc2_w3x_kernelILi44ELi8ELi20EEv14CUtensorMap_stS0_S0_PK13__nv_bfloat16PS1_PmS5_S5_S5_S5_' for 'sm_100a'
ptxas info    : Function properties for _Z14fc2_w3x_kernelILi44ELi8ELi20EEv14CUtensorMap_stS0_S0_PK13__nv_bfloat16PS1_PmS5_S5_S5_S5_
    0 bytes stack frame, 0 bytes spill stores, 0 bytes spill loads
ptxas info    : Used 70 registers, used 1 barriers
ptxas info    : Compile time = 138.312 ms
ptxas info    : Compiling entry function '_Z14fc2_w3x_kernelILi43ELi8ELi20EEv14CUtensorMap_stS0_S0_PK13__nv_bfloat16PS1_PmS5_S5_S5_S5_' for 'sm_100a'
ptxas info    : Function properties for _Z14fc2_w3x_kernelILi43ELi8ELi20EEv14CUtensorMap_stS0_S0_PK13__nv_bfloat16PS1_PmS5_S5_S5_S5_
    0 bytes stack frame, 0 bytes spill stores, 0 bytes spill loads
ptxas info    : Used 70 registers, used 1 barriers
ptxas info    : Compile time = 140.761 ms
ptxas info    : Compiling entry function '_Z14fc2_w3x_kernelILi41ELi8ELi20EEv14CUtensorMap_stS0_S0_PK13__nv_bfloat16PS1_PmS5_S5_S5_S5_' for 'sm_100a'
ptxas info    : Function properties for _Z14fc2_w3x_kernelILi41ELi8ELi20EEv14CUtensorMap_stS0_S0_PK13__nv_bfloat16PS1_PmS5_S5_S5_S5_
    0 bytes stack frame, 0 bytes spill stores, 0 bytes spill loads
ptxas info    : Used 70 registers, used 1 barriers
ptxas info    : Compile time = 136.330 ms
ptxas info    : Compiling entry function '_Z14fc2_w3x_kernelILi40ELi8ELi20EEv14CUtensorMap_stS0_S0_PK13__nv_bfloat16PS1_PmS5_S5_S5_S5_' for 'sm_100a'
ptxas info    : Function properties for _Z14fc2_w3x_kernelILi40ELi8ELi20EEv14CUtensorMap_stS0_S0_PK13__nv_bfloat16PS1_PmS5_S5_S5_S5_
    0 bytes stack frame, 0 bytes spill stores, 0 bytes spill loads
ptxas info    : Used 70 registers, used 1 barriers
ptxas info    : Compile time = 136.939 ms
ptxas info    : Compiling entry function '_Z14fc2_w3x_kernelILi39ELi8ELi20EEv14CUtensorMap_stS0_S0_PK13__nv_bfloat16PS1_PmS5_S5_S5_S5_' for 'sm_100a'
ptxas info    : Function properties for _Z14fc2_w3x_kernelILi39ELi8ELi20EEv14CUtensorMap_stS0_S0_PK13__nv_bfloat16PS1_PmS5_S5_S5_S5_
    0 bytes stack frame, 0 bytes spill stores, 0 bytes spill loads
ptxas info    : Used 70 registers, used 1 barriers
ptxas info    : Compile time = 140.196 ms
ptxas info    : Compiling entry function '_Z14fc2_w3x_kernelILi38ELi8ELi20EEv14CUtensorMap_stS0_S0_PK13__nv_bfloat16PS1_PmS5_S5_S5_S5_' for 'sm_100a'
ptxas info    : Function properties for _Z14fc2_w3x_kernelILi38ELi8ELi20EEv14CUtensorMap_stS0_S0_PK13__nv_bfloat16PS1_PmS5_S5_S5_S5_
    0 bytes stack frame, 0 bytes spill stores, 0 bytes spill loads
ptxas info    : Used 70 registers, used 1 barriers
ptxas info    : Compile time = 140.843 ms
ptxas info    : Compiling entry function '_Z14fc2_w3x_kernelILi36ELi4ELi20EEv14CUtensorMap_stS0_S0_PK13__nv_bfloat16PS1_PmS5_S5_S5_S5_' for 'sm_100a'
ptxas info    : Function properties for _Z14fc2_w3x_kernelILi36ELi4ELi20EEv14CUtensorMap_stS0_S0_PK13__nv_bfloat16PS1_PmS5_S5_S5_S5_
    0 bytes stack frame, 0 bytes spill stores, 0 bytes spill loads
ptxas info    : Used 70 registers, used 1 barriers
ptxas info    : Compile time = 139.000 ms
ptxas info    : Compiling entry function '_Z14fc2_w3x_kernelILi35ELi4ELi20EEv14CUtensorMap_stS0_S0_PK13__nv_bfloat16PS1_PmS5_S5_S5_S5_' for 'sm_100a'
ptxas info    : Function properties for _Z14fc2_w3x_kernelILi35ELi4ELi20EEv14CUtensorMap_stS0_S0_PK13__nv_bfloat16PS1_PmS5_S5_S5_S5_
    0 bytes stack frame, 0 bytes spill stores, 0 bytes spill loads
ptxas info    : Used 70 registers, used 1 barriers
ptxas info    : Compile time = 141.206 ms
ptxas info    : Compiling entry function '_Z14fc2_w3x_kernelILi34ELi8ELi20EEv14CUtensorMap_stS0_S0_PK13__nv_bfloat16PS1_PmS5_S5_S5_S5_' for 'sm_100a'
ptxas info    : Function properties for _Z14fc2_w3x_kernelILi34ELi8ELi20EEv14CUtensorMap_stS0_S0_PK13__nv_bfloat16PS1_PmS5_S5_S5_S5_
    0 bytes stack frame, 0 bytes spill stores, 0 bytes spill loads
ptxas info    : Used 70 registers, used 1 barriers
ptxas info    : Compile time = 139.910 ms
ptxas info    : Compiling entry function '_Z14fc2_w3x_kernelILi33ELi8ELi20EEv14CUtensorMap_stS0_S0_PK13__nv_bfloat16PS1_PmS5_S5_S5_S5_' for 'sm_100a'
ptxas info    : Function properties for _Z14fc2_w3x_kernelILi33ELi8ELi20EEv14CUtensorMap_stS0_S0_PK13__nv_bfloat16PS1_PmS5_S5_S5_S5_
    0 bytes stack frame, 0 bytes spill stores, 0 bytes spill loads
ptxas info    : Used 70 registers, used 1 barriers
ptxas info    : Compile time = 139.944 ms
ptxas info    : Compiling entry function '_Z14fc2_w3x_kernelILi19ELi8ELi20EEv14CUtensorMap_stS0_S0_PK13__nv_bfloat16PS1_PmS5_S5_S5_S5_' for 'sm_100a'
ptxas info    : Function properties for _Z14fc2_w3x_kernelILi19ELi8ELi20EEv14CUtensorMap_stS0_S0_PK13__nv_bfloat16PS1_PmS5_S5_S5_S5_
    0 bytes stack frame, 0 bytes spill stores, 0 bytes spill loads
ptxas info    : Used 70 registers, used 1 barriers
ptxas info    : Compile time = 138.268 ms
ptxas info    : Compiling entry function '_Z14fc2_w3x_kernelILi18ELi8ELi20EEv14CUtensorMap_stS0_S0_PK13__nv_bfloat16PS1_PmS5_S5_S5_S5_' for 'sm_100a'
ptxas info    : Function properties for _Z14fc2_w3x_kernelILi18ELi8ELi20EEv14CUtensorMap_stS0_S0_PK13__nv_bfloat16PS1_PmS5_S5_S5_S5_
    0 bytes stack frame, 0 bytes spill stores, 0 bytes spill loads
ptxas info    : Used 70 registers, used 1 barriers
ptxas info    : Compile time = 139.915 ms
ptxas info    : Compiling entry function '_Z14fc2_w3x_kernelILi13ELi8ELi20EEv14CUtensorMap_stS0_S0_PK13__nv_bfloat16PS1_PmS5_S5_S5_S5_' for 'sm_100a'
ptxas info    : Function properties for _Z14fc2_w3x_kernelILi13ELi8ELi20EEv14CUtensorMap_stS0_S0_PK13__nv_bfloat16PS1_PmS5_S5_S5_S5_
    0 bytes stack frame, 0 bytes spill stores, 0 bytes spill loads
ptxas info    : Used 70 registers, used 1 barriers
ptxas info    : Compile time = 136.063 ms
ptxas info    : Compiling entry function '_Z14fc2_w3x_kernelILi11ELi8ELi20EEv14CUtensorMap_stS0_S0_PK13__nv_bfloat16PS1_PmS5_S5_S5_S5_' for 'sm_100a'
ptxas info    : Function properties for _Z14fc2_w3x_kernelILi11ELi8ELi20EEv14CUtensorMap_stS0_S0_PK13__nv_bfloat16PS1_PmS5_S5_S5_S5_
    0 bytes stack frame, 0 bytes spill stores, 0 bytes spill loads
ptxas info    : Used 70 registers, used 1 barriers
ptxas info    : Compile time = 135.970 ms
ptxas info    : Compiling entry function '_Z14fc2_w3x_kernelILi0ELi32ELi20EEv14CUtensorMap_stS0_S0_PK13__nv_bfloat16PS1_PmS5_S5_S5_S5_' for 'sm_100a'
ptxas info    : Function properties for _Z14fc2_w3x_kernelILi0ELi32ELi20EEv14CUtensorMap_stS0_S0_PK13__nv_bfloat16PS1_PmS5_S5_S5_S5_
    0 bytes stack frame, 0 bytes spill stores, 0 bytes spill loads
ptxas info    : Used 70 registers, used 1 barriers
ptxas info    : Compile time = 140.380 ms
ptxas info    : Compiling entry function '_Z14fc2_w3x_kernelILi0ELi16ELi20EEv14CUtensorMap_stS0_S0_PK13__nv_bfloat16PS1_PmS5_S5_S5_S5_' for 'sm_100a'
ptxas info    : Function properties for _Z14fc2_w3x_kernelILi0ELi16ELi20EEv14CUtensorMap_stS0_S0_PK13__nv_bfloat16PS1_PmS5_S5_S5_S5_
    0 bytes stack frame, 0 bytes spill stores, 0 bytes spill loads
ptxas info    : Used 70 registers, used 1 barriers
ptxas info    : Compile time = 141.085 ms
ptxas info    : Compiling entry function '_Z14fc2_w3x_kernelILi0ELi4ELi20EEv14CUtensorMap_stS0_S0_PK13__nv_bfloat16PS1_PmS5_S5_S5_S5_' for 'sm_100a'
ptxas info    : Function properties for _Z14fc2_w3x_kernelILi0ELi4ELi20EEv14CUtensorMap_stS0_S0_PK13__nv_bfloat16PS1_PmS5_S5_S5_S5_
    0 bytes stack frame, 0 bytes spill stores, 0 bytes spill loads
ptxas info    : Used 70 registers, used 1 barriers
ptxas info    : Compile time = 140.668 ms
ptxas info    : Compiling entry function '_Z14fc2_w3x_kernelILi0ELi2ELi20EEv14CUtensorMap_stS0_S0_PK13__nv_bfloat16PS1_PmS5_S5_S5_S5_' for 'sm_100a'
ptxas info    : Function properties for _Z14fc2_w3x_kernelILi0ELi2ELi20EEv14CUtensorMap_stS0_S0_PK13__nv_bfloat16PS1_PmS5_S5_S5_S5_
    0 bytes stack frame, 0 bytes spill stores, 0 bytes spill loads
ptxas info    : Used 70 registers, used 1 barriers
ptxas info    : Compile time = 136.551 ms
ptxas info    : Compiling entry function '_Z14fc2_w3x_kernelILi0ELi8ELi20EEv14CUtensorMap_stS0_S0_PK13__nv_bfloat16PS1_PmS5_S5_S5_S5_' for 'sm_100a'
ptxas info    : Function properties for _Z14fc2_w3x_kernelILi0ELi8ELi20EEv14CUtensorMap_stS0_S0_PK13__nv_bfloat16PS1_PmS5_S5_S5_S5_
    0 bytes stack frame, 0 bytes spill stores, 0 bytes spill loads
ptxas info    : Used 70 registers, used 1 barriers
ptxas info    : Compile time = 139.796 ms
--- rep 1/3 ec=0
FC2 W3X kernel — 6-warp bias-only rank-1-shaped persistent
  [928256,8192] x [1024,8192]^T  NS=6  THREADS=192  SMEM=216064 B  (cap 228KB)
  Alloc + init + pack done
  TMA + func attr done (SMEM=216064 B)  variant=default TD=0 DGG=8
Warmup (2 iters)...
Timing 1 reps × 10 iters/rep × 1 variant ...
@@SAMPLE rep=1 ms=3.53690 cyc=6512002 cyc_min=6465883 cyc_p50=6488223 cyc_p95=6510430 cyc_max=6512002
@@STATS reps=1 mean=3.53690 std=0.00000 min=3.53690 p25=3.53690 p50=3.53690 p75=3.53690 max=3.53690 iqr=0.00000
FC2-W3X kernel: 3.537 ms  4403.16 TFLOPS
PASS  errors=0/32
@@RESULT ms=3.5369 tflops=4403.16 checksum=0.000000 valid=1 c0=12288.0
--- rep 2/3 ec=0
FC2 W3X kernel — 6-warp bias-only rank-1-shaped persistent
  [928256,8192] x [1024,8192]^T  NS=6  THREADS=192  SMEM=216064 B  (cap 228KB)
  Alloc + init + pack done
  TMA + func attr done (SMEM=216064 B)  variant=default TD=0 DGG=8
Warmup (2 iters)...
Timing 1 reps × 10 iters/rep × 1 variant ...
@@SAMPLE rep=1 ms=3.53495 cyc=6513234 cyc_min=6464347 cyc_p50=6488278 cyc_p95=6512708 cyc_max=6513234
@@STATS reps=1 mean=3.53495 std=0.00000 min=3.53495 p25=3.53495 p50=3.53495 p75=3.53495 max=3.53495 iqr=0.00000
FC2-W3X kernel: 3.535 ms  4405.60 TFLOPS
PASS  errors=0/32
@@RESULT ms=3.5349 tflops=4405.60 checksum=0.000000 valid=1 c0=12288.0
--- rep 3/3 ec=0
FC2 W3X kernel — 6-warp bias-only rank-1-shaped persistent
  [928256,8192] x [1024,8192]^T  NS=6  THREADS=192  SMEM=216064 B  (cap 228KB)
  Alloc + init + pack done
  TMA + func attr done (SMEM=216064 B)  variant=default TD=0 DGG=8
Warmup (2 iters)...
Timing 1 reps × 10 iters/rep × 1 variant ...
@@SAMPLE rep=1 ms=3.53645 cyc=6515732 cyc_min=6463230 cyc_p50=6487222 cyc_p95=6515203 cyc_max=6515732
@@STATS reps=1 mean=3.53645 std=0.00000 min=3.53645 p25=3.53645 p50=3.53645 p75=3.53645 max=3.53645 iqr=0.00000
FC2-W3X kernel: 3.536 ms  4403.72 TFLOPS
PASS  errors=0/32
@@RESULT ms=3.5365 tflops=4403.72 checksum=0.000000 valid=1 c0=12288.0
--- cublas epi=3 rep 1/1 ec=0
### CUBLASLT INTROSPECT M=928256 N=1024 K=8192 epi=bias_only scale=per_tensor
### Heuristics returned: 8

# TSV
rank	heur	ms	cyc	algoId	tile	stages	cluster	inner	splitk	redux	swizzle	custom	waves	ws_MB
1	3	3.5735	6593931	66	32	36	3	-1	1	0	0	1	261.35	0.0
2	0	3.5876	6619605	66	23	36	3	-1	1	0	0	1	196.00	0.0
3	4	3.6441	6723884	66	201	36	5	-1	1	0	0	2	294.00	0.0
4	5	3.7398	6900579	66	29	36	3	-1	1	0	0	1	313.62	0.0
5	6	3.7629	6942800	66	232	36	3	-1	1	0	0	1	130.68	0.0
6	2	3.8196	7046137	66	513	36	3	-1	1	0	0	1	98.00	0.0
7	1	4.1356	7631436	66	24	36	6	-1	1	0	0	3	196.00	0.0
8	7	4.9718	9172784	66	495	36	5	-1	1	0	0	3	261.35	0.0

# Top-3 caps:

## rank=1  algoId=66  tile=32  stages=36  cluster=3  inner=-1  ms=3.5735
    CUBLASLT_ALGO_CAP_REDUCTION_SCHEME_MASK      = 2
    CUBLASLT_ALGO_CAP_CTA_SWIZZLING_SUPPORT      = 0
    CUBLASLT_ALGO_CAP_STRIDED_BATCH_SUPPORT      = 1
    CUBLASLT_ALGO_CAP_OUT_OF_PLACE_RESULT_SUPPORT = 1
    CUBLASLT_ALGO_CAP_CUSTOM_OPTION_MAX          = 7
    CUBLASLT_ALGO_CAP_POINTER_MODE_MASK          = 3
    CUBLASLT_ALGO_CAP_EPILOGUE_MASK              = 1023
    CUBLASLT_ALGO_CAP_TILE_IDS                   = --  (status=7 wrote=0)
    CUBLASLT_ALGO_CAP_STAGES_IDS                 = [36] (n=1, elem=4B)
    CUBLASLT_ALGO_CONFIG_CLUSTER_SHAPE_ID sz=2 → status=0 wrote=2 val=3

## rank=2  algoId=66  tile=23  stages=36  cluster=3  inner=-1  ms=3.5876
    CUBLASLT_ALGO_CAP_REDUCTION_SCHEME_MASK      = 2
    CUBLASLT_ALGO_CAP_CTA_SWIZZLING_SUPPORT      = 0
    CUBLASLT_ALGO_CAP_STRIDED_BATCH_SUPPORT      = 1
    CUBLASLT_ALGO_CAP_OUT_OF_PLACE_RESULT_SUPPORT = 1
    CUBLASLT_ALGO_CAP_CUSTOM_OPTION_MAX          = 7
    CUBLASLT_ALGO_CAP_POINTER_MODE_MASK          = 3
    CUBLASLT_ALGO_CAP_EPILOGUE_MASK              = 1023
    CUBLASLT_ALGO_CAP_TILE_IDS                   = --  (status=7 wrote=0)
    CUBLASLT_ALGO_CAP_STAGES_IDS                 = [36] (n=1, elem=4B)
    CUBLASLT_ALGO_CONFIG_CLUSTER_SHAPE_ID sz=2 → status=0 wrote=2 val=3

## rank=3  algoId=66  tile=201  stages=36  cluster=5  inner=-1  ms=3.6441
    CUBLASLT_ALGO_CAP_REDUCTION_SCHEME_MASK      = 2
    CUBLASLT_ALGO_CAP_CTA_SWIZZLING_SUPPORT      = 0
    CUBLASLT_ALGO_CAP_STRIDED_BATCH_SUPPORT      = 1
    CUBLASLT_ALGO_CAP_OUT_OF_PLACE_RESULT_SUPPORT = 1
    CUBLASLT_ALGO_CAP_CUSTOM_OPTION_MAX          = 7
    CUBLASLT_ALGO_CAP_POINTER_MODE_MASK          = 3
    CUBLASLT_ALGO_CAP_EPILOGUE_MASK              = 1023
    CUBLASLT_ALGO_CAP_TILE_IDS                   = --  (status=7 wrote=0)
    CUBLASLT_ALGO_CAP_STAGES_IDS                 = [36] (n=1, elem=4B)
    CUBLASLT_ALGO_CONFIG_CLUSTER_SHAPE_ID sz=2 → status=0 wrote=2 val=5

# Winner:  rank=1  tile=32  stages=36  cluster=3  inner=-1  splitk=1  swizzle=0  ms=3.5735  cyc=6593931

@@RESULT ms=3.5735 cyc=6593931 tflops=4358.12 checksum=0.000000 valid=1 c0=0.0
--- cublas epi=0 rep 1/1 ec=0
### CUBLASLT INTROSPECT M=928256 N=1024 K=8192 epi=none scale=per_tensor
### Heuristics returned: 8

# TSV
rank	heur	ms	cyc	algoId	tile	stages	cluster	inner	splitk	redux	swizzle	custom	waves	ws_MB
1	3	3.5665	6580929	66	32	36	3	-1	1	0	0	1	261.35	0.0
2	0	3.5879	6620361	66	23	36	3	-1	1	0	0	1	196.00	0.0
3	4	3.6363	6709489	66	201	36	5	-1	1	0	0	2	294.00	0.0
4	5	3.7290	6880577	66	29	36	3	-1	1	0	0	1	313.62	0.0
5	6	3.7363	6894109	66	232	36	3	-1	1	0	0	1	130.68	0.0
6	2	3.7515	6922345	66	513	36	3	-1	1	0	0	1	98.00	0.0
7	1	4.1198	7601841	66	24	36	6	-1	1	0	0	3	196.00	0.0
8	7	4.9444	9122271	66	495	36	5	-1	1	0	0	3	261.35	0.0

# Top-3 caps:

## rank=1  algoId=66  tile=32  stages=36  cluster=3  inner=-1  ms=3.5665
    CUBLASLT_ALGO_CAP_REDUCTION_SCHEME_MASK      = 2
    CUBLASLT_ALGO_CAP_CTA_SWIZZLING_SUPPORT      = 0
    CUBLASLT_ALGO_CAP_STRIDED_BATCH_SUPPORT      = 1
    CUBLASLT_ALGO_CAP_OUT_OF_PLACE_RESULT_SUPPORT = 1
    CUBLASLT_ALGO_CAP_CUSTOM_OPTION_MAX          = 7
    CUBLASLT_ALGO_CAP_POINTER_MODE_MASK          = 3
    CUBLASLT_ALGO_CAP_EPILOGUE_MASK              = 1023
    CUBLASLT_ALGO_CAP_TILE_IDS                   = --  (status=7 wrote=0)
    CUBLASLT_ALGO_CAP_STAGES_IDS                 = [36] (n=1, elem=4B)
    CUBLASLT_ALGO_CONFIG_CLUSTER_SHAPE_ID sz=2 → status=0 wrote=2 val=3

## rank=2  algoId=66  tile=23  stages=36  cluster=3  inner=-1  ms=3.5879
    CUBLASLT_ALGO_CAP_REDUCTION_SCHEME_MASK      = 2
    CUBLASLT_ALGO_CAP_CTA_SWIZZLING_SUPPORT      = 0
    CUBLASLT_ALGO_CAP_STRIDED_BATCH_SUPPORT      = 1
    CUBLASLT_ALGO_CAP_OUT_OF_PLACE_RESULT_SUPPORT = 1
    CUBLASLT_ALGO_CAP_CUSTOM_OPTION_MAX          = 7
    CUBLASLT_ALGO_CAP_POINTER_MODE_MASK          = 3
    CUBLASLT_ALGO_CAP_EPILOGUE_MASK              = 1023
    CUBLASLT_ALGO_CAP_TILE_IDS                   = --  (status=7 wrote=0)
    CUBLASLT_ALGO_CAP_STAGES_IDS                 = [36] (n=1, elem=4B)
    CUBLASLT_ALGO_CONFIG_CLUSTER_SHAPE_ID sz=2 → status=0 wrote=2 val=3

## rank=3  algoId=66  tile=201  stages=36  cluster=5  inner=-1  ms=3.6363
    CUBLASLT_ALGO_CAP_REDUCTION_SCHEME_MASK      = 2
    CUBLASLT_ALGO_CAP_CTA_SWIZZLING_SUPPORT      = 0
    CUBLASLT_ALGO_CAP_STRIDED_BATCH_SUPPORT      = 1
    CUBLASLT_ALGO_CAP_OUT_OF_PLACE_RESULT_SUPPORT = 1
    CUBLASLT_ALGO_CAP_CUSTOM_OPTION_MAX          = 7
    CUBLASLT_ALGO_CAP_POINTER_MODE_MASK          = 3
    CUBLASLT_ALGO_CAP_EPILOGUE_MASK              = 1023
    CUBLASLT_ALGO_CAP_TILE_IDS                   = --  (status=7 wrote=0)
    CUBLASLT_ALGO_CAP_STAGES_IDS                 = [36] (n=1, elem=4B)
    CUBLASLT_ALGO_CONFIG_CLUSTER_SHAPE_ID sz=2 → status=0 wrote=2 val=5

# Winner:  rank=1  tile=32  stages=36  cluster=3  inner=-1  splitk=1  swizzle=0  ms=3.5665  cyc=6580929

@@RESULT ms=3.5665 cyc=6580929 tflops=4366.59 checksum=0.000000 valid=1 c0=0.0

[build] N=2048 K=1024 M=928256 flags=['-DM_TOTAL=928256', '-DN_DIM=2048', '-DK_DIM=1024']
$ make -B fc2-w3x DFLAGS=-DM_TOTAL=928256 -DN_DIM=2048 -DK_DIM=1024
nvcc -gencode arch=compute_100a,code=sm_100a -O3 -std=c++17 -lineinfo --ptxas-options=-v --cudart=static -DM_TOTAL=928256 -DN_DIM=2048 -DK_DIM=1024 fc2_w3x.cu -o fc2-w3x -lcurand_static -lculibos -lcuda
ptxas info    : 0 bytes gmem
ptxas info    : Compiling entry function '_Z14fc2_w3x_kernelILi54ELi8ELi64EEv14CUtensorMap_stS0_S0_PK13__nv_bfloat16PS1_PmS5_S5_S5_S5_' for 'sm_100a'
ptxas info    : Function properties for _Z14fc2_w3x_kernelILi54ELi8ELi64EEv14CUtensorMap_stS0_S0_PK13__nv_bfloat16PS1_PmS5_S5_S5_S5_
    0 bytes stack frame, 0 bytes spill stores, 0 bytes spill loads
ptxas info    : Used 72 registers, used 1 barriers
ptxas info    : Compile time = 69.802 ms
ptxas info    : Compiling entry function '_Z14fc2_w3x_kernelILi54ELi8ELi48EEv14CUtensorMap_stS0_S0_PK13__nv_bfloat16PS1_PmS5_S5_S5_S5_' for 'sm_100a'
ptxas info    : Function properties for _Z14fc2_w3x_kernelILi54ELi8ELi48EEv14CUtensorMap_stS0_S0_PK13__nv_bfloat16PS1_PmS5_S5_S5_S5_
    0 bytes stack frame, 0 bytes spill stores, 0 bytes spill loads
ptxas info    : Used 72 registers, used 1 barriers
ptxas info    : Compile time = 67.981 ms
ptxas info    : Compiling entry function '_Z14fc2_w3x_kernelILi54ELi8ELi32EEv14CUtensorMap_stS0_S0_PK13__nv_bfloat16PS1_PmS5_S5_S5_S5_' for 'sm_100a'
ptxas info    : Function properties for _Z14fc2_w3x_kernelILi54ELi8ELi32EEv14CUtensorMap_stS0_S0_PK13__nv_bfloat16PS1_PmS5_S5_S5_S5_
    0 bytes stack frame, 0 bytes spill stores, 0 bytes spill loads
ptxas info    : Used 72 registers, used 1 barriers
ptxas info    : Compile time = 68.118 ms
ptxas info    : Compiling entry function '_Z14fc2_w3x_kernelILi54ELi8ELi24EEv14CUtensorMap_stS0_S0_PK13__nv_bfloat16PS1_PmS5_S5_S5_S5_' for 'sm_100a'
ptxas info    : Function properties for _Z14fc2_w3x_kernelILi54ELi8ELi24EEv14CUtensorMap_stS0_S0_PK13__nv_bfloat16PS1_PmS5_S5_S5_S5_
    0 bytes stack frame, 0 bytes spill stores, 0 bytes spill loads
ptxas info    : Used 72 registers, used 1 barriers
ptxas info    : Compile time = 67.398 ms
ptxas info    : Compiling entry function '_Z14fc2_w3x_kernelILi54ELi8ELi16EEv14CUtensorMap_stS0_S0_PK13__nv_bfloat16PS1_PmS5_S5_S5_S5_' for 'sm_100a'
ptxas info    : Function properties for _Z14fc2_w3x_kernelILi54ELi8ELi16EEv14CUtensorMap_stS0_S0_PK13__nv_bfloat16PS1_PmS5_S5_S5_S5_
    0 bytes stack frame, 0 bytes spill stores, 0 bytes spill loads
ptxas info    : Used 72 registers, used 1 barriers
ptxas info    : Compile time = 67.481 ms
ptxas info    : Compiling entry function '_Z14fc2_w3x_kernelILi54ELi8ELi12EEv14CUtensorMap_stS0_S0_PK13__nv_bfloat16PS1_PmS5_S5_S5_S5_' for 'sm_100a'
ptxas info    : Function properties for _Z14fc2_w3x_kernelILi54ELi8ELi12EEv14CUtensorMap_stS0_S0_PK13__nv_bfloat16PS1_PmS5_S5_S5_S5_
    0 bytes stack frame, 0 bytes spill stores, 0 bytes spill loads
ptxas info    : Used 72 registers, used 1 barriers
ptxas info    : Compile time = 67.975 ms
ptxas info    : Compiling entry function '_Z14fc2_w3x_kernelILi54ELi8ELi8EEv14CUtensorMap_stS0_S0_PK13__nv_bfloat16PS1_PmS5_S5_S5_S5_' for 'sm_100a'
ptxas info    : Function properties for _Z14fc2_w3x_kernelILi54ELi8ELi8EEv14CUtensorMap_stS0_S0_PK13__nv_bfloat16PS1_PmS5_S5_S5_S5_
    0 bytes stack frame, 0 bytes spill stores, 0 bytes spill loads
ptxas info    : Used 72 registers, used 1 barriers
ptxas info    : Compile time = 65.491 ms
ptxas info    : Compiling entry function '_Z14fc2_w3x_kernelILi54ELi8ELi4EEv14CUtensorMap_stS0_S0_PK13__nv_bfloat16PS1_PmS5_S5_S5_S5_' for 'sm_100a'
ptxas info    : Function properties for _Z14fc2_w3x_kernelILi54ELi8ELi4EEv14CUtensorMap_stS0_S0_PK13__nv_bfloat16PS1_PmS5_S5_S5_S5_
    0 bytes stack frame, 0 bytes spill stores, 0 bytes spill loads
ptxas info    : Used 72 registers, used 1 barriers
ptxas info    : Compile time = 65.851 ms
ptxas info    : Compiling entry function '_Z14fc2_w3x_kernelILi54ELi8ELi0EEv14CUtensorMap_stS0_S0_PK13__nv_bfloat16PS1_PmS5_S5_S5_S5_' for 'sm_100a'
ptxas info    : Function properties for _Z14fc2_w3x_kernelILi54ELi8ELi0EEv14CUtensorMap_stS0_S0_PK13__nv_bfloat16PS1_PmS5_S5_S5_S5_
    0 bytes stack frame, 0 bytes spill stores, 0 bytes spill loads
ptxas info    : Used 72 registers, used 1 barriers
ptxas info    : Compile time = 66.015 ms
ptxas info    : Compiling entry function '_Z14fc2_w3x_kernelILi99ELi8ELi20EEv14CUtensorMap_stS0_S0_PK13__nv_bfloat16PS1_PmS5_S5_S5_S5_' for 'sm_100a'
ptxas info    : Function properties for _Z14fc2_w3x_kernelILi99ELi8ELi20EEv14CUtensorMap_stS0_S0_PK13__nv_bfloat16PS1_PmS5_S5_S5_S5_
    0 bytes stack frame, 0 bytes spill stores, 0 bytes spill loads
ptxas info    : Used 72 registers, used 1 barriers
ptxas info    : Compile time = 66.113 ms
ptxas info    : Compiling entry function '_Z14fc2_w3x_kernelILi98ELi8ELi20EEv14CUtensorMap_stS0_S0_PK13__nv_bfloat16PS1_PmS5_S5_S5_S5_' for 'sm_100a'
ptxas info    : Function properties for _Z14fc2_w3x_kernelILi98ELi8ELi20EEv14CUtensorMap_stS0_S0_PK13__nv_bfloat16PS1_PmS5_S5_S5_S5_
    0 bytes stack frame, 0 bytes spill stores, 0 bytes spill loads
ptxas info    : Used 72 registers, used 1 barriers
ptxas info    : Compile time = 66.417 ms
ptxas info    : Compiling entry function '_Z14fc2_w3x_kernelILi97ELi8ELi20EEv14CUtensorMap_stS0_S0_PK13__nv_bfloat16PS1_PmS5_S5_S5_S5_' for 'sm_100a'
ptxas info    : Function properties for _Z14fc2_w3x_kernelILi97ELi8ELi20EEv14CUtensorMap_stS0_S0_PK13__nv_bfloat16PS1_PmS5_S5_S5_S5_
    0 bytes stack frame, 0 bytes spill stores, 0 bytes spill loads
ptxas info    : Used 72 registers, used 1 barriers
ptxas info    : Compile time = 67.001 ms
ptxas info    : Compiling entry function '_Z14fc2_w3x_kernelILi96ELi8ELi20EEv14CUtensorMap_stS0_S0_PK13__nv_bfloat16PS1_PmS5_S5_S5_S5_' for 'sm_100a'
ptxas info    : Function properties for _Z14fc2_w3x_kernelILi96ELi8ELi20EEv14CUtensorMap_stS0_S0_PK13__nv_bfloat16PS1_PmS5_S5_S5_S5_
    0 bytes stack frame, 0 bytes spill stores, 0 bytes spill loads
ptxas info    : Used 72 registers, used 1 barriers
ptxas info    : Compile time = 66.394 ms
ptxas info    : Compiling entry function '_Z14fc2_w3x_kernelILi95ELi8ELi20EEv14CUtensorMap_stS0_S0_PK13__nv_bfloat16PS1_PmS5_S5_S5_S5_' for 'sm_100a'
ptxas info    : Function properties for _Z14fc2_w3x_kernelILi95ELi8ELi20EEv14CUtensorMap_stS0_S0_PK13__nv_bfloat16PS1_PmS5_S5_S5_S5_
    0 bytes stack frame, 0 bytes spill stores, 0 bytes spill loads
ptxas info    : Used 72 registers, used 1 barriers
ptxas info    : Compile time = 65.872 ms
ptxas info    : Compiling entry function '_Z14fc2_w3x_kernelILi94ELi8ELi20EEv14CUtensorMap_stS0_S0_PK13__nv_bfloat16PS1_PmS5_S5_S5_S5_' for 'sm_100a'
ptxas info    : Function properties for _Z14fc2_w3x_kernelILi94ELi8ELi20EEv14CUtensorMap_stS0_S0_PK13__nv_bfloat16PS1_PmS5_S5_S5_S5_
    0 bytes stack frame, 0 bytes spill stores, 0 bytes spill loads
ptxas info    : Used 72 registers, used 1 barriers
ptxas info    : Compile time = 66.091 ms
ptxas info    : Compiling entry function '_Z14fc2_w3x_kernelILi93ELi8ELi20EEv14CUtensorMap_stS0_S0_PK13__nv_bfloat16PS1_PmS5_S5_S5_S5_' for 'sm_100a'
ptxas info    : Function properties for _Z14fc2_w3x_kernelILi93ELi8ELi20EEv14CUtensorMap_stS0_S0_PK13__nv_bfloat16PS1_PmS5_S5_S5_S5_
    0 bytes stack frame, 0 bytes spill stores, 0 bytes spill loads
ptxas info    : Used 72 registers, used 1 barriers
ptxas info    : Compile time = 65.552 ms
ptxas info    : Compiling entry function '_Z14fc2_w3x_kernelILi92ELi8ELi20EEv14CUtensorMap_stS0_S0_PK13__nv_bfloat16PS1_PmS5_S5_S5_S5_' for 'sm_100a'
ptxas info    : Function properties for _Z14fc2_w3x_kernelILi92ELi8ELi20EEv14CUtensorMap_stS0_S0_PK13__nv_bfloat16PS1_PmS5_S5_S5_S5_
    0 bytes stack frame, 0 bytes spill stores, 0 bytes spill loads
ptxas info    : Used 72 registers, used 1 barriers
ptxas info    : Compile time = 65.659 ms
ptxas info    : Compiling entry function '_Z14fc2_w3x_kernelILi91ELi8ELi20EEv14CUtensorMap_stS0_S0_PK13__nv_bfloat16PS1_PmS5_S5_S5_S5_' for 'sm_100a'
ptxas info    : Function properties for _Z14fc2_w3x_kernelILi91ELi8ELi20EEv14CUtensorMap_stS0_S0_PK13__nv_bfloat16PS1_PmS5_S5_S5_S5_
    0 bytes stack frame, 0 bytes spill stores, 0 bytes spill loads
ptxas info    : Used 72 registers, used 1 barriers
ptxas info    : Compile time = 66.136 ms
ptxas info    : Compiling entry function '_Z14fc2_w3x_kernelILi90ELi8ELi20EEv14CUtensorMap_stS0_S0_PK13__nv_bfloat16PS1_PmS5_S5_S5_S5_' for 'sm_100a'
ptxas info    : Function properties for _Z14fc2_w3x_kernelILi90ELi8ELi20EEv14CUtensorMap_stS0_S0_PK13__nv_bfloat16PS1_PmS5_S5_S5_S5_
    0 bytes stack frame, 0 bytes spill stores, 0 bytes spill loads
ptxas info    : Used 72 registers, used 1 barriers
ptxas info    : Compile time = 66.011 ms
ptxas info    : Compiling entry function '_Z14fc2_w3x_kernelILi89ELi8ELi20EEv14CUtensorMap_stS0_S0_PK13__nv_bfloat16PS1_PmS5_S5_S5_S5_' for 'sm_100a'
ptxas info    : Function properties for _Z14fc2_w3x_kernelILi89ELi8ELi20EEv14CUtensorMap_stS0_S0_PK13__nv_bfloat16PS1_PmS5_S5_S5_S5_
    0 bytes stack frame, 0 bytes spill stores, 0 bytes spill loads
ptxas info    : Used 72 registers, used 1 barriers
ptxas info    : Compile time = 65.904 ms
ptxas info    : Compiling entry function '_Z14fc2_w3x_kernelILi88ELi8ELi20EEv14CUtensorMap_stS0_S0_PK13__nv_bfloat16PS1_PmS5_S5_S5_S5_' for 'sm_100a'
ptxas info    : Function properties for _Z14fc2_w3x_kernelILi88ELi8ELi20EEv14CUtensorMap_stS0_S0_PK13__nv_bfloat16PS1_PmS5_S5_S5_S5_
    0 bytes stack frame, 0 bytes spill stores, 0 bytes spill loads
ptxas info    : Used 72 registers, used 1 barriers
ptxas info    : Compile time = 66.191 ms
ptxas info    : Compiling entry function '_Z14fc2_w3x_kernelILi87ELi8ELi20EEv14CUtensorMap_stS0_S0_PK13__nv_bfloat16PS1_PmS5_S5_S5_S5_' for 'sm_100a'
ptxas info    : Function properties for _Z14fc2_w3x_kernelILi87ELi8ELi20EEv14CUtensorMap_stS0_S0_PK13__nv_bfloat16PS1_PmS5_S5_S5_S5_
    0 bytes stack frame, 0 bytes spill stores, 0 bytes spill loads
ptxas info    : Used 72 registers, used 1 barriers
ptxas info    : Compile time = 66.590 ms
ptxas info    : Compiling entry function '_Z14fc2_w3x_kernelILi86ELi8ELi20EEv14CUtensorMap_stS0_S0_PK13__nv_bfloat16PS1_PmS5_S5_S5_S5_' for 'sm_100a'
ptxas info    : Function properties for _Z14fc2_w3x_kernelILi86ELi8ELi20EEv14CUtensorMap_stS0_S0_PK13__nv_bfloat16PS1_PmS5_S5_S5_S5_
    0 bytes stack frame, 0 bytes spill stores, 0 bytes spill loads
ptxas info    : Used 72 registers, used 1 barriers
ptxas info    : Compile time = 67.705 ms
ptxas info    : Compiling entry function '_Z14fc2_w3x_kernelILi85ELi8ELi20EEv14CUtensorMap_stS0_S0_PK13__nv_bfloat16PS1_PmS5_S5_S5_S5_' for 'sm_100a'
ptxas info    : Function properties for _Z14fc2_w3x_kernelILi85ELi8ELi20EEv14CUtensorMap_stS0_S0_PK13__nv_bfloat16PS1_PmS5_S5_S5_S5_
    0 bytes stack frame, 0 bytes spill stores, 0 bytes spill loads
ptxas info    : Used 72 registers, used 1 barriers
ptxas info    : Compile time = 66.908 ms
ptxas info    : Compiling entry function '_Z14fc2_w3x_kernelILi84ELi8ELi20EEv14CUtensorMap_stS0_S0_PK13__nv_bfloat16PS1_PmS5_S5_S5_S5_' for 'sm_100a'
ptxas info    : Function properties for _Z14fc2_w3x_kernelILi84ELi8ELi20EEv14CUtensorMap_stS0_S0_PK13__nv_bfloat16PS1_PmS5_S5_S5_S5_
    0 bytes stack frame, 0 bytes spill stores, 0 bytes spill loads
ptxas info    : Used 72 registers, used 1 barriers
ptxas info    : Compile time = 65.739 ms
ptxas info    : Compiling entry function '_Z14fc2_w3x_kernelILi83ELi8ELi20EEv14CUtensorMap_stS0_S0_PK13__nv_bfloat16PS1_PmS5_S5_S5_S5_' for 'sm_100a'
ptxas info    : Function properties for _Z14fc2_w3x_kernelILi83ELi8ELi20EEv14CUtensorMap_stS0_S0_PK13__nv_bfloat16PS1_PmS5_S5_S5_S5_
    0 bytes stack frame, 0 bytes spill stores, 0 bytes spill loads
ptxas info    : Used 72 registers, used 1 barriers
ptxas info    : Compile time = 65.586 ms
ptxas info    : Compiling entry function '_Z14fc2_w3x_kernelILi82ELi8ELi20EEv14CUtensorMap_stS0_S0_PK13__nv_bfloat16PS1_PmS5_S5_S5_S5_' for 'sm_100a'
ptxas info    : Function properties for _Z14fc2_w3x_kernelILi82ELi8ELi20EEv14CUtensorMap_stS0_S0_PK13__nv_bfloat16PS1_PmS5_S5_S5_S5_
    0 bytes stack frame, 0 bytes spill stores, 0 bytes spill loads
ptxas info    : Used 72 registers, used 1 barriers
ptxas info    : Compile time = 65.798 ms
ptxas info    : Compiling entry function '_Z14fc2_w3x_kernelILi81ELi8ELi20EEv14CUtensorMap_stS0_S0_PK13__nv_bfloat16PS1_PmS5_S5_S5_S5_' for 'sm_100a'
ptxas info    : Function properties for _Z14fc2_w3x_kernelILi81ELi8ELi20EEv14CUtensorMap_stS0_S0_PK13__nv_bfloat16PS1_PmS5_S5_S5_S5_
    0 bytes stack frame, 0 bytes spill stores, 0 bytes spill loads
ptxas info    : Used 72 registers, used 1 barriers
ptxas info    : Compile time = 67.040 ms
ptxas info    : Compiling entry function '_Z14fc2_w3x_kernelILi80ELi8ELi20EEv14CUtensorMap_stS0_S0_PK13__nv_bfloat16PS1_PmS5_S5_S5_S5_' for 'sm_100a'
ptxas info    : Function properties for _Z14fc2_w3x_kernelILi80ELi8ELi20EEv14CUtensorMap_stS0_S0_PK13__nv_bfloat16PS1_PmS5_S5_S5_S5_
    0 bytes stack frame, 0 bytes spill stores, 0 bytes spill loads
ptxas info    : Used 72 registers, used 1 barriers
ptxas info    : Compile time = 66.748 ms
ptxas info    : Compiling entry function '_Z14fc2_w3x_kernelILi58ELi8ELi20EEv14CUtensorMap_stS0_S0_PK13__nv_bfloat16PS1_PmS5_S5_S5_S5_' for 'sm_100a'
ptxas info    : Function properties for _Z14fc2_w3x_kernelILi58ELi8ELi20EEv14CUtensorMap_stS0_S0_PK13__nv_bfloat16PS1_PmS5_S5_S5_S5_
    0 bytes stack frame, 0 bytes spill stores, 0 bytes spill loads
ptxas info    : Used 72 registers, used 1 barriers
ptxas info    : Compile time = 65.918 ms
ptxas info    : Compiling entry function '_Z14fc2_w3x_kernelILi57ELi8ELi20EEv14CUtensorMap_stS0_S0_PK13__nv_bfloat16PS1_PmS5_S5_S5_S5_' for 'sm_100a'
ptxas info    : Function properties for _Z14fc2_w3x_kernelILi57ELi8ELi20EEv14CUtensorMap_stS0_S0_PK13__nv_bfloat16PS1_PmS5_S5_S5_S5_
    0 bytes stack frame, 0 bytes spill stores, 0 bytes spill loads
ptxas info    : Used 72 registers, used 1 barriers
ptxas info    : Compile time = 65.766 ms
ptxas info    : Compiling entry function '_Z14fc2_w3x_kernelILi56ELi8ELi20EEv14CUtensorMap_stS0_S0_PK13__nv_bfloat16PS1_PmS5_S5_S5_S5_' for 'sm_100a'
ptxas info    : Function properties for _Z14fc2_w3x_kernelILi56ELi8ELi20EEv14CUtensorMap_stS0_S0_PK13__nv_bfloat16PS1_PmS5_S5_S5_S5_
    0 bytes stack frame, 0 bytes spill stores, 0 bytes spill loads
ptxas info    : Used 72 registers, used 1 barriers
ptxas info    : Compile time = 66.692 ms
ptxas info    : Compiling entry function '_Z14fc2_w3x_kernelILi55ELi8ELi20EEv14CUtensorMap_stS0_S0_PK13__nv_bfloat16PS1_PmS5_S5_S5_S5_' for 'sm_100a'
ptxas info    : Function properties for _Z14fc2_w3x_kernelILi55ELi8ELi20EEv14CUtensorMap_stS0_S0_PK13__nv_bfloat16PS1_PmS5_S5_S5_S5_
    0 bytes stack frame, 0 bytes spill stores, 0 bytes spill loads
ptxas info    : Used 72 registers, used 1 barriers
ptxas info    : Compile time = 65.953 ms
ptxas info    : Compiling entry function '_Z14fc2_w3x_kernelILi54ELi8ELi20EEv14CUtensorMap_stS0_S0_PK13__nv_bfloat16PS1_PmS5_S5_S5_S5_' for 'sm_100a'
ptxas info    : Function properties for _Z14fc2_w3x_kernelILi54ELi8ELi20EEv14CUtensorMap_stS0_S0_PK13__nv_bfloat16PS1_PmS5_S5_S5_S5_
    0 bytes stack frame, 0 bytes spill stores, 0 bytes spill loads
ptxas info    : Used 72 registers, used 1 barriers
ptxas info    : Compile time = 65.727 ms
ptxas info    : Compiling entry function '_Z14fc2_w3x_kernelILi53ELi8ELi20EEv14CUtensorMap_stS0_S0_PK13__nv_bfloat16PS1_PmS5_S5_S5_S5_' for 'sm_100a'
ptxas info    : Function properties for _Z14fc2_w3x_kernelILi53ELi8ELi20EEv14CUtensorMap_stS0_S0_PK13__nv_bfloat16PS1_PmS5_S5_S5_S5_
    0 bytes stack frame, 0 bytes spill stores, 0 bytes spill loads
ptxas info    : Used 72 registers, used 1 barriers
ptxas info    : Compile time = 65.866 ms
ptxas info    : Compiling entry function '_Z14fc2_w3x_kernelILi52ELi8ELi20EEv14CUtensorMap_stS0_S0_PK13__nv_bfloat16PS1_PmS5_S5_S5_S5_' for 'sm_100a'
ptxas info    : Function properties for _Z14fc2_w3x_kernelILi52ELi8ELi20EEv14CUtensorMap_stS0_S0_PK13__nv_bfloat16PS1_PmS5_S5_S5_S5_
    0 bytes stack frame, 0 bytes spill stores, 0 bytes spill loads
ptxas info    : Used 72 registers, used 1 barriers
ptxas info    : Compile time = 66.324 ms
ptxas info    : Compiling entry function '_Z14fc2_w3x_kernelILi51ELi8ELi20EEv14CUtensorMap_stS0_S0_PK13__nv_bfloat16PS1_PmS5_S5_S5_S5_' for 'sm_100a'
ptxas info    : Function properties for _Z14fc2_w3x_kernelILi51ELi8ELi20EEv14CUtensorMap_stS0_S0_PK13__nv_bfloat16PS1_PmS5_S5_S5_S5_
    0 bytes stack frame, 0 bytes spill stores, 0 bytes spill loads
ptxas info    : Used 72 registers, used 1 barriers
ptxas info    : Compile time = 66.384 ms
ptxas info    : Compiling entry function '_Z14fc2_w3x_kernelILi50ELi8ELi20EEv14CUtensorMap_stS0_S0_PK13__nv_bfloat16PS1_PmS5_S5_S5_S5_' for 'sm_100a'
ptxas info    : Function properties for _Z14fc2_w3x_kernelILi50ELi8ELi20EEv14CUtensorMap_stS0_S0_PK13__nv_bfloat16PS1_PmS5_S5_S5_S5_
    0 bytes stack frame, 0 bytes spill stores, 0 bytes spill loads
ptxas info    : Used 72 registers, used 1 barriers
ptxas info    : Compile time = 65.407 ms
ptxas info    : Compiling entry function '_Z14fc2_w3x_kernelILi49ELi8ELi20EEv14CUtensorMap_stS0_S0_PK13__nv_bfloat16PS1_PmS5_S5_S5_S5_' for 'sm_100a'
ptxas info    : Function properties for _Z14fc2_w3x_kernelILi49ELi8ELi20EEv14CUtensorMap_stS0_S0_PK13__nv_bfloat16PS1_PmS5_S5_S5_S5_
    0 bytes stack frame, 0 bytes spill stores, 0 bytes spill loads
ptxas info    : Used 72 registers, used 1 barriers
ptxas info    : Compile time = 66.129 ms
ptxas info    : Compiling entry function '_Z14fc2_w3x_kernelILi19ELi16ELi20EEv14CUtensorMap_stS0_S0_PK13__nv_bfloat16PS1_PmS5_S5_S5_S5_' for 'sm_100a'
ptxas info    : Function properties for _Z14fc2_w3x_kernelILi19ELi16ELi20EEv14CUtensorMap_stS0_S0_PK13__nv_bfloat16PS1_PmS5_S5_S5_S5_
    0 bytes stack frame, 0 bytes spill stores, 0 bytes spill loads
ptxas info    : Used 72 registers, used 1 barriers
ptxas info    : Compile time = 65.650 ms
ptxas info    : Compiling entry function '_Z14fc2_w3x_kernelILi19ELi4ELi20EEv14CUtensorMap_stS0_S0_PK13__nv_bfloat16PS1_PmS5_S5_S5_S5_' for 'sm_100a'
ptxas info    : Function properties for _Z14fc2_w3x_kernelILi19ELi4ELi20EEv14CUtensorMap_stS0_S0_PK13__nv_bfloat16PS1_PmS5_S5_S5_S5_
    0 bytes stack frame, 0 bytes spill stores, 0 bytes spill loads
ptxas info    : Used 72 registers, used 1 barriers
ptxas info    : Compile time = 65.366 ms
ptxas info    : Compiling entry function '_Z14fc2_w3x_kernelILi48ELi8ELi20EEv14CUtensorMap_stS0_S0_PK13__nv_bfloat16PS1_PmS5_S5_S5_S5_' for 'sm_100a'
ptxas info    : Function properties for _Z14fc2_w3x_kernelILi48ELi8ELi20EEv14CUtensorMap_stS0_S0_PK13__nv_bfloat16PS1_PmS5_S5_S5_S5_
    0 bytes stack frame, 0 bytes spill stores, 0 bytes spill loads
ptxas info    : Used 72 registers, used 1 barriers
ptxas info    : Compile time = 66.180 ms
ptxas info    : Compiling entry function '_Z14fc2_w3x_kernelILi47ELi8ELi20EEv14CUtensorMap_stS0_S0_PK13__nv_bfloat16PS1_PmS5_S5_S5_S5_' for 'sm_100a'
ptxas info    : Function properties for _Z14fc2_w3x_kernelILi47ELi8ELi20EEv14CUtensorMap_stS0_S0_PK13__nv_bfloat16PS1_PmS5_S5_S5_S5_
    0 bytes stack frame, 0 bytes spill stores, 0 bytes spill loads
ptxas info    : Used 72 registers, used 1 barriers
ptxas info    : Compile time = 65.984 ms
ptxas info    : Compiling entry function '_Z14fc2_w3x_kernelILi46ELi8ELi20EEv14CUtensorMap_stS0_S0_PK13__nv_bfloat16PS1_PmS5_S5_S5_S5_' for 'sm_100a'
ptxas info    : Function properties for _Z14fc2_w3x_kernelILi46ELi8ELi20EEv14CUtensorMap_stS0_S0_PK13__nv_bfloat16PS1_PmS5_S5_S5_S5_
    0 bytes stack frame, 0 bytes spill stores, 0 bytes spill loads
ptxas info    : Used 72 registers, used 1 barriers
ptxas info    : Compile time = 65.715 ms
ptxas info    : Compiling entry function '_Z14fc2_w3x_kernelILi45ELi8ELi20EEv14CUtensorMap_stS0_S0_PK13__nv_bfloat16PS1_PmS5_S5_S5_S5_' for 'sm_100a'
ptxas info    : Function properties for _Z14fc2_w3x_kernelILi45ELi8ELi20EEv14CUtensorMap_stS0_S0_PK13__nv_bfloat16PS1_PmS5_S5_S5_S5_
    0 bytes stack frame, 0 bytes spill stores, 0 bytes spill loads
ptxas info    : Used 72 registers, used 1 barriers
ptxas info    : Compile time = 67.502 ms
ptxas info    : Compiling entry function '_Z14fc2_w3x_kernelILi44ELi8ELi20EEv14CUtensorMap_stS0_S0_PK13__nv_bfloat16PS1_PmS5_S5_S5_S5_' for 'sm_100a'
ptxas info    : Function properties for _Z14fc2_w3x_kernelILi44ELi8ELi20EEv14CUtensorMap_stS0_S0_PK13__nv_bfloat16PS1_PmS5_S5_S5_S5_
    0 bytes stack frame, 0 bytes spill stores, 0 bytes spill loads
ptxas info    : Used 72 registers, used 1 barriers
ptxas info    : Compile time = 67.459 ms
ptxas info    : Compiling entry function '_Z14fc2_w3x_kernelILi43ELi8ELi20EEv14CUtensorMap_stS0_S0_PK13__nv_bfloat16PS1_PmS5_S5_S5_S5_' for 'sm_100a'
ptxas info    : Function properties for _Z14fc2_w3x_kernelILi43ELi8ELi20EEv14CUtensorMap_stS0_S0_PK13__nv_bfloat16PS1_PmS5_S5_S5_S5_
    0 bytes stack frame, 0 bytes spill stores, 0 bytes spill loads
ptxas info    : Used 72 registers, used 1 barriers
ptxas info    : Compile time = 65.619 ms
ptxas info    : Compiling entry function '_Z14fc2_w3x_kernelILi41ELi8ELi20EEv14CUtensorMap_stS0_S0_PK13__nv_bfloat16PS1_PmS5_S5_S5_S5_' for 'sm_100a'
ptxas info    : Function properties for _Z14fc2_w3x_kernelILi41ELi8ELi20EEv14CUtensorMap_stS0_S0_PK13__nv_bfloat16PS1_PmS5_S5_S5_S5_
    0 bytes stack frame, 0 bytes spill stores, 0 bytes spill loads
ptxas info    : Used 72 registers, used 1 barriers
ptxas info    : Compile time = 63.694 ms
ptxas info    : Compiling entry function '_Z14fc2_w3x_kernelILi40ELi8ELi20EEv14CUtensorMap_stS0_S0_PK13__nv_bfloat16PS1_PmS5_S5_S5_S5_' for 'sm_100a'
ptxas info    : Function properties for _Z14fc2_w3x_kernelILi40ELi8ELi20EEv14CUtensorMap_stS0_S0_PK13__nv_bfloat16PS1_PmS5_S5_S5_S5_
    0 bytes stack frame, 0 bytes spill stores, 0 bytes spill loads
ptxas info    : Used 72 registers, used 1 barriers
ptxas info    : Compile time = 63.989 ms
ptxas info    : Compiling entry function '_Z14fc2_w3x_kernelILi39ELi8ELi20EEv14CUtensorMap_stS0_S0_PK13__nv_bfloat16PS1_PmS5_S5_S5_S5_' for 'sm_100a'
ptxas info    : Function properties for _Z14fc2_w3x_kernelILi39ELi8ELi20EEv14CUtensorMap_stS0_S0_PK13__nv_bfloat16PS1_PmS5_S5_S5_S5_
    0 bytes stack frame, 0 bytes spill stores, 0 bytes spill loads
ptxas info    : Used 72 registers, used 1 barriers
ptxas info    : Compile time = 65.682 ms
ptxas info    : Compiling entry function '_Z14fc2_w3x_kernelILi38ELi8ELi20EEv14CUtensorMap_stS0_S0_PK13__nv_bfloat16PS1_PmS5_S5_S5_S5_' for 'sm_100a'
ptxas info    : Function properties for _Z14fc2_w3x_kernelILi38ELi8ELi20EEv14CUtensorMap_stS0_S0_PK13__nv_bfloat16PS1_PmS5_S5_S5_S5_
    0 bytes stack frame, 0 bytes spill stores, 0 bytes spill loads
ptxas info    : Used 72 registers, used 1 barriers
ptxas info    : Compile time = 66.309 ms
ptxas info    : Compiling entry function '_Z14fc2_w3x_kernelILi36ELi4ELi20EEv14CUtensorMap_stS0_S0_PK13__nv_bfloat16PS1_PmS5_S5_S5_S5_' for 'sm_100a'
ptxas info    : Function properties for _Z14fc2_w3x_kernelILi36ELi4ELi20EEv14CUtensorMap_stS0_S0_PK13__nv_bfloat16PS1_PmS5_S5_S5_S5_
    0 bytes stack frame, 0 bytes spill stores, 0 bytes spill loads
ptxas info    : Used 72 registers, used 1 barriers
ptxas info    : Compile time = 65.304 ms
ptxas info    : Compiling entry function '_Z14fc2_w3x_kernelILi35ELi4ELi20EEv14CUtensorMap_stS0_S0_PK13__nv_bfloat16PS1_PmS5_S5_S5_S5_' for 'sm_100a'
ptxas info    : Function properties for _Z14fc2_w3x_kernelILi35ELi4ELi20EEv14CUtensorMap_stS0_S0_PK13__nv_bfloat16PS1_PmS5_S5_S5_S5_
    0 bytes stack frame, 0 bytes spill stores, 0 bytes spill loads
ptxas info    : Used 72 registers, used 1 barriers
ptxas info    : Compile time = 66.474 ms
ptxas info    : Compiling entry function '_Z14fc2_w3x_kernelILi34ELi8ELi20EEv14CUtensorMap_stS0_S0_PK13__nv_bfloat16PS1_PmS5_S5_S5_S5_' for 'sm_100a'
ptxas info    : Function properties for _Z14fc2_w3x_kernelILi34ELi8ELi20EEv14CUtensorMap_stS0_S0_PK13__nv_bfloat16PS1_PmS5_S5_S5_S5_
    0 bytes stack frame, 0 bytes spill stores, 0 bytes spill loads
ptxas info    : Used 72 registers, used 1 barriers
ptxas info    : Compile time = 65.747 ms
ptxas info    : Compiling entry function '_Z14fc2_w3x_kernelILi33ELi8ELi20EEv14CUtensorMap_stS0_S0_PK13__nv_bfloat16PS1_PmS5_S5_S5_S5_' for 'sm_100a'
ptxas info    : Function properties for _Z14fc2_w3x_kernelILi33ELi8ELi20EEv14CUtensorMap_stS0_S0_PK13__nv_bfloat16PS1_PmS5_S5_S5_S5_
    0 bytes stack frame, 0 bytes spill stores, 0 bytes spill loads
ptxas info    : Used 72 registers, used 1 barriers
ptxas info    : Compile time = 66.374 ms
ptxas info    : Compiling entry function '_Z14fc2_w3x_kernelILi19ELi8ELi20EEv14CUtensorMap_stS0_S0_PK13__nv_bfloat16PS1_PmS5_S5_S5_S5_' for 'sm_100a'
ptxas info    : Function properties for _Z14fc2_w3x_kernelILi19ELi8ELi20EEv14CUtensorMap_stS0_S0_PK13__nv_bfloat16PS1_PmS5_S5_S5_S5_
    0 bytes stack frame, 0 bytes spill stores, 0 bytes spill loads
ptxas info    : Used 72 registers, used 1 barriers
ptxas info    : Compile time = 65.510 ms
ptxas info    : Compiling entry function '_Z14fc2_w3x_kernelILi18ELi8ELi20EEv14CUtensorMap_stS0_S0_PK13__nv_bfloat16PS1_PmS5_S5_S5_S5_' for 'sm_100a'
ptxas info    : Function properties for _Z14fc2_w3x_kernelILi18ELi8ELi20EEv14CUtensorMap_stS0_S0_PK13__nv_bfloat16PS1_PmS5_S5_S5_S5_
    0 bytes stack frame, 0 bytes spill stores, 0 bytes spill loads
ptxas info    : Used 72 registers, used 1 barriers
ptxas info    : Compile time = 66.197 ms
ptxas info    : Compiling entry function '_Z14fc2_w3x_kernelILi13ELi8ELi20EEv14CUtensorMap_stS0_S0_PK13__nv_bfloat16PS1_PmS5_S5_S5_S5_' for 'sm_100a'
ptxas info    : Function properties for _Z14fc2_w3x_kernelILi13ELi8ELi20EEv14CUtensorMap_stS0_S0_PK13__nv_bfloat16PS1_PmS5_S5_S5_S5_
    0 bytes stack frame, 0 bytes spill stores, 0 bytes spill loads
ptxas info    : Used 72 registers, used 1 barriers
ptxas info    : Compile time = 63.526 ms
ptxas info    : Compiling entry function '_Z14fc2_w3x_kernelILi11ELi8ELi20EEv14CUtensorMap_stS0_S0_PK13__nv_bfloat16PS1_PmS5_S5_S5_S5_' for 'sm_100a'
ptxas info    : Function properties for _Z14fc2_w3x_kernelILi11ELi8ELi20EEv14CUtensorMap_stS0_S0_PK13__nv_bfloat16PS1_PmS5_S5_S5_S5_
    0 bytes stack frame, 0 bytes spill stores, 0 bytes spill loads
ptxas info    : Used 72 registers, used 1 barriers
ptxas info    : Compile time = 63.459 ms
ptxas info    : Compiling entry function '_Z14fc2_w3x_kernelILi0ELi32ELi20EEv14CUtensorMap_stS0_S0_PK13__nv_bfloat16PS1_PmS5_S5_S5_S5_' for 'sm_100a'
ptxas info    : Function properties for _Z14fc2_w3x_kernelILi0ELi32ELi20EEv14CUtensorMap_stS0_S0_PK13__nv_bfloat16PS1_PmS5_S5_S5_S5_
    0 bytes stack frame, 0 bytes spill stores, 0 bytes spill loads
ptxas info    : Used 72 registers, used 1 barriers
ptxas info    : Compile time = 66.335 ms
ptxas info    : Compiling entry function '_Z14fc2_w3x_kernelILi0ELi16ELi20EEv14CUtensorMap_stS0_S0_PK13__nv_bfloat16PS1_PmS5_S5_S5_S5_' for 'sm_100a'
ptxas info    : Function properties for _Z14fc2_w3x_kernelILi0ELi16ELi20EEv14CUtensorMap_stS0_S0_PK13__nv_bfloat16PS1_PmS5_S5_S5_S5_
    0 bytes stack frame, 0 bytes spill stores, 0 bytes spill loads
ptxas info    : Used 72 registers, used 1 barriers
ptxas info    : Compile time = 66.078 ms
ptxas info    : Compiling entry function '_Z14fc2_w3x_kernelILi0ELi4ELi20EEv14CUtensorMap_stS0_S0_PK13__nv_bfloat16PS1_PmS5_S5_S5_S5_' for 'sm_100a'
ptxas info    : Function properties for _Z14fc2_w3x_kernelILi0ELi4ELi20EEv14CUtensorMap_stS0_S0_PK13__nv_bfloat16PS1_PmS5_S5_S5_S5_
    0 bytes stack frame, 0 bytes spill stores, 0 bytes spill loads
ptxas info    : Used 72 registers, used 1 barriers
ptxas info    : Compile time = 65.320 ms
ptxas info    : Compiling entry function '_Z14fc2_w3x_kernelILi0ELi2ELi20EEv14CUtensorMap_stS0_S0_PK13__nv_bfloat16PS1_PmS5_S5_S5_S5_' for 'sm_100a'
ptxas info    : Function properties for _Z14fc2_w3x_kernelILi0ELi2ELi20EEv14CUtensorMap_stS0_S0_PK13__nv_bfloat16PS1_PmS5_S5_S5_S5_
    0 bytes stack frame, 0 bytes spill stores, 0 bytes spill loads
ptxas info    : Used 72 registers, used 1 barriers
ptxas info    : Compile time = 62.765 ms
ptxas info    : Compiling entry function '_Z14fc2_w3x_kernelILi0ELi8ELi20EEv14CUtensorMap_stS0_S0_PK13__nv_bfloat16PS1_PmS5_S5_S5_S5_' for 'sm_100a'
ptxas info    : Function properties for _Z14fc2_w3x_kernelILi0ELi8ELi20EEv14CUtensorMap_stS0_S0_PK13__nv_bfloat16PS1_PmS5_S5_S5_S5_
    0 bytes stack frame, 0 bytes spill stores, 0 bytes spill loads
ptxas info    : Used 72 registers, used 1 barriers
ptxas info    : Compile time = 64.723 ms
--- rep 1/3 ec=0
FC2 W3X kernel — 6-warp bias-only rank-1-shaped persistent
  [928256,1024] x [2048,1024]^T  NS=5  THREADS=192  SMEM=186112 B  (cap 228KB)
  Alloc + init + pack done
  TMA + func attr done (SMEM=186112 B)  variant=default TD=0 DGG=8
Warmup (2 iters)...
Timing 1 reps × 10 iters/rep × 1 variant ...
@@SAMPLE rep=1 ms=1.46530 cyc=2691918 cyc_min=2665412 cyc_p50=2678473 cyc_p95=2689558 cyc_max=2691918
@@STATS reps=1 mean=1.46530 std=0.00000 min=1.46530 p25=1.46530 p50=1.46530 p75=1.46530 max=1.46530 iqr=0.00000
FC2-W3X kernel: 1.465 ms  2657.07 TFLOPS
PASS  errors=0/32
@@RESULT ms=1.4653 tflops=2657.07 checksum=0.000000 valid=1 c0=1536.0
--- rep 2/3 ec=0
FC2 W3X kernel — 6-warp bias-only rank-1-shaped persistent
  [928256,1024] x [2048,1024]^T  NS=5  THREADS=192  SMEM=186112 B  (cap 228KB)
  Alloc + init + pack done
  TMA + func attr done (SMEM=186112 B)  variant=default TD=0 DGG=8
Warmup (2 iters)...
Timing 1 reps × 10 iters/rep × 1 variant ...
@@SAMPLE rep=1 ms=1.46494 cyc=2693010 cyc_min=2663889 cyc_p50=2679000 cyc_p95=2689570 cyc_max=2693010
@@STATS reps=1 mean=1.46494 std=0.00000 min=1.46494 p25=1.46494 p50=1.46494 p75=1.46494 max=1.46494 iqr=0.00000
FC2-W3X kernel: 1.465 ms  2657.71 TFLOPS
PASS  errors=0/32
@@RESULT ms=1.4649 tflops=2657.71 checksum=0.000000 valid=1 c0=1536.0
--- rep 3/3 ec=0
FC2 W3X kernel — 6-warp bias-only rank-1-shaped persistent
  [928256,1024] x [2048,1024]^T  NS=5  THREADS=192  SMEM=186112 B  (cap 228KB)
  Alloc + init + pack done
  TMA + func attr done (SMEM=186112 B)  variant=default TD=0 DGG=8
Warmup (2 iters)...
Timing 1 reps × 10 iters/rep × 1 variant ...
@@SAMPLE rep=1 ms=1.46457 cyc=2691449 cyc_min=2665743 cyc_p50=2679160 cyc_p95=2688797 cyc_max=2691449
@@STATS reps=1 mean=1.46457 std=0.00000 min=1.46457 p25=1.46457 p50=1.46457 p75=1.46457 max=1.46457 iqr=0.00000
FC2-W3X kernel: 1.465 ms  2658.38 TFLOPS
PASS  errors=0/32
@@RESULT ms=1.4646 tflops=2658.38 checksum=0.000000 valid=1 c0=1536.0
--- cublas epi=3 rep 1/1 ec=0
### CUBLASLT INTROSPECT M=928256 N=2048 K=1024 epi=bias_only scale=per_tensor
### Heuristics returned: 8

# TSV
rank	heur	ms	cyc	algoId	tile	stages	cluster	inner	splitk	redux	swizzle	custom	waves	ws_MB
1	0	1.1339	2092874	66	23	36	3	-1	1	0	0	1	392.00	0.0
2	2	1.2261	2262279	66	32	36	3	-1	1	0	0	1	522.70	0.0
3	3	1.3117	2420107	66	29	36	3	-1	1	0	0	1	627.24	0.0
4	1	1.3897	2563260	66	24	36	5	-1	1	0	0	3	392.00	0.0
5	7	1.5144	2793506	66	513	36	3	-1	1	0	0	1	196.00	0.0
6	4	1.5449	2849989	66	495	36	5	-1	1	0	0	3	522.70	0.0
7	5	1.5772	2909429	66	201	36	5	-1	1	0	0	2	588.00	0.0
8	6	1.6023	2955698	66	31	36	5	-1	1	0	0	3	539.00	0.0

# Top-3 caps:

## rank=1  algoId=66  tile=23  stages=36  cluster=3  inner=-1  ms=1.1339
    CUBLASLT_ALGO_CAP_REDUCTION_SCHEME_MASK      = 2
    CUBLASLT_ALGO_CAP_CTA_SWIZZLING_SUPPORT      = 0
    CUBLASLT_ALGO_CAP_STRIDED_BATCH_SUPPORT      = 1
    CUBLASLT_ALGO_CAP_OUT_OF_PLACE_RESULT_SUPPORT = 1
    CUBLASLT_ALGO_CAP_CUSTOM_OPTION_MAX          = 7
    CUBLASLT_ALGO_CAP_POINTER_MODE_MASK          = 3
    CUBLASLT_ALGO_CAP_EPILOGUE_MASK              = 1023
    CUBLASLT_ALGO_CAP_TILE_IDS                   = --  (status=7 wrote=0)
    CUBLASLT_ALGO_CAP_STAGES_IDS                 = [36] (n=1, elem=4B)
    CUBLASLT_ALGO_CONFIG_CLUSTER_SHAPE_ID sz=2 → status=0 wrote=2 val=3

## rank=2  algoId=66  tile=32  stages=36  cluster=3  inner=-1  ms=1.2261
    CUBLASLT_ALGO_CAP_REDUCTION_SCHEME_MASK      = 2
    CUBLASLT_ALGO_CAP_CTA_SWIZZLING_SUPPORT      = 0
    CUBLASLT_ALGO_CAP_STRIDED_BATCH_SUPPORT      = 1
    CUBLASLT_ALGO_CAP_OUT_OF_PLACE_RESULT_SUPPORT = 1
    CUBLASLT_ALGO_CAP_CUSTOM_OPTION_MAX          = 7
    CUBLASLT_ALGO_CAP_POINTER_MODE_MASK          = 3
    CUBLASLT_ALGO_CAP_EPILOGUE_MASK              = 1023
    CUBLASLT_ALGO_CAP_TILE_IDS                   = --  (status=7 wrote=0)
    CUBLASLT_ALGO_CAP_STAGES_IDS                 = [36] (n=1, elem=4B)
    CUBLASLT_ALGO_CONFIG_CLUSTER_SHAPE_ID sz=2 → status=0 wrote=2 val=3

## rank=3  algoId=66  tile=29  stages=36  cluster=3  inner=-1  ms=1.3117
    CUBLASLT_ALGO_CAP_REDUCTION_SCHEME_MASK      = 2
    CUBLASLT_ALGO_CAP_CTA_SWIZZLING_SUPPORT      = 0
    CUBLASLT_ALGO_CAP_STRIDED_BATCH_SUPPORT      = 1
    CUBLASLT_ALGO_CAP_OUT_OF_PLACE_RESULT_SUPPORT = 1
    CUBLASLT_ALGO_CAP_CUSTOM_OPTION_MAX          = 7
    CUBLASLT_ALGO_CAP_POINTER_MODE_MASK          = 3
    CUBLASLT_ALGO_CAP_EPILOGUE_MASK              = 1023
    CUBLASLT_ALGO_CAP_TILE_IDS                   = --  (status=7 wrote=0)
    CUBLASLT_ALGO_CAP_STAGES_IDS                 = [36] (n=1, elem=4B)
    CUBLASLT_ALGO_CONFIG_CLUSTER_SHAPE_ID sz=2 → status=0 wrote=2 val=3

# Winner:  rank=1  tile=23  stages=36  cluster=3  inner=-1  splitk=1  swizzle=0  ms=1.1339  cyc=2092874

@@RESULT ms=1.1339 cyc=2092874 tflops=3433.69 checksum=0.000000 valid=1 c0=0.0
--- cublas epi=0 rep 1/1 ec=0
### CUBLASLT INTROSPECT M=928256 N=2048 K=1024 epi=none scale=per_tensor
### Heuristics returned: 8

# TSV
rank	heur	ms	cyc	algoId	tile	stages	cluster	inner	splitk	redux	swizzle	custom	waves	ws_MB
1	0	1.0642	1964301	66	23	36	3	-1	1	0	0	1	392.00	0.0
2	2	1.1279	2081130	66	32	36	3	-1	1	0	0	1	522.70	0.0
3	3	1.2193	2249774	66	29	36	3	-1	1	0	0	1	627.24	0.0
4	1	1.3596	2507683	66	24	36	5	-1	1	0	0	3	392.00	0.0
5	7	1.3831	2549382	66	513	36	3	-1	1	0	0	1	196.00	0.0
6	5	1.4214	2622194	66	201	36	5	-1	1	0	0	2	588.00	0.0
7	6	1.5087	2783445	66	31	36	5	-1	1	0	0	3	539.00	0.0
8	4	1.5175	2799334	66	495	36	5	-1	1	0	0	3	522.70	0.0

# Top-3 caps:

## rank=1  algoId=66  tile=23  stages=36  cluster=3  inner=-1  ms=1.0642
    CUBLASLT_ALGO_CAP_REDUCTION_SCHEME_MASK      = 2
    CUBLASLT_ALGO_CAP_CTA_SWIZZLING_SUPPORT      = 0
    CUBLASLT_ALGO_CAP_STRIDED_BATCH_SUPPORT      = 1
    CUBLASLT_ALGO_CAP_OUT_OF_PLACE_RESULT_SUPPORT = 1
    CUBLASLT_ALGO_CAP_CUSTOM_OPTION_MAX          = 7
    CUBLASLT_ALGO_CAP_POINTER_MODE_MASK          = 3
    CUBLASLT_ALGO_CAP_EPILOGUE_MASK              = 1023
    CUBLASLT_ALGO_CAP_TILE_IDS                   = --  (status=7 wrote=0)
    CUBLASLT_ALGO_CAP_STAGES_IDS                 = [36] (n=1, elem=4B)
    CUBLASLT_ALGO_CONFIG_CLUSTER_SHAPE_ID sz=2 → status=0 wrote=2 val=3

## rank=2  algoId=66  tile=32  stages=36  cluster=3  inner=-1  ms=1.1279
    CUBLASLT_ALGO_CAP_REDUCTION_SCHEME_MASK      = 2
    CUBLASLT_ALGO_CAP_CTA_SWIZZLING_SUPPORT      = 0
    CUBLASLT_ALGO_CAP_STRIDED_BATCH_SUPPORT      = 1
    CUBLASLT_ALGO_CAP_OUT_OF_PLACE_RESULT_SUPPORT = 1
    CUBLASLT_ALGO_CAP_CUSTOM_OPTION_MAX          = 7
    CUBLASLT_ALGO_CAP_POINTER_MODE_MASK          = 3
    CUBLASLT_ALGO_CAP_EPILOGUE_MASK              = 1023
    CUBLASLT_ALGO_CAP_TILE_IDS                   = --  (status=7 wrote=0)
    CUBLASLT_ALGO_CAP_STAGES_IDS                 = [36] (n=1, elem=4B)
    CUBLASLT_ALGO_CONFIG_CLUSTER_SHAPE_ID sz=2 → status=0 wrote=2 val=3

## rank=3  algoId=66  tile=29  stages=36  cluster=3  inner=-1  ms=1.2193
    CUBLASLT_ALGO_CAP_REDUCTION_SCHEME_MASK      = 2
    CUBLASLT_ALGO_CAP_CTA_SWIZZLING_SUPPORT      = 0
    CUBLASLT_ALGO_CAP_STRIDED_BATCH_SUPPORT      = 1
    CUBLASLT_ALGO_CAP_OUT_OF_PLACE_RESULT_SUPPORT = 1
    CUBLASLT_ALGO_CAP_CUSTOM_OPTION_MAX          = 7
    CUBLASLT_ALGO_CAP_POINTER_MODE_MASK          = 3
    CUBLASLT_ALGO_CAP_EPILOGUE_MASK              = 1023
    CUBLASLT_ALGO_CAP_TILE_IDS                   = --  (status=7 wrote=0)
    CUBLASLT_ALGO_CAP_STAGES_IDS                 = [36] (n=1, elem=4B)
    CUBLASLT_ALGO_CONFIG_CLUSTER_SHAPE_ID sz=2 → status=0 wrote=2 val=3

# Winner:  rank=1  tile=23  stages=36  cluster=3  inner=-1  splitk=1  swizzle=0  ms=1.0642  cyc=1964301

@@RESULT ms=1.0642 cyc=1964301 tflops=3658.58 checksum=0.000000 valid=1 c0=0.0

[build] N=2048 K=2048 M=928256 flags=['-DM_TOTAL=928256', '-DN_DIM=2048', '-DK_DIM=2048']
$ make -B fc2-w3x DFLAGS=-DM_TOTAL=928256 -DN_DIM=2048 -DK_DIM=2048
nvcc -gencode arch=compute_100a,code=sm_100a -O3 -std=c++17 -lineinfo --ptxas-options=-v --cudart=static -DM_TOTAL=928256 -DN_DIM=2048 -DK_DIM=2048 fc2_w3x.cu -o fc2-w3x -lcurand_static -lculibos -lcuda
ptxas info    : 0 bytes gmem
ptxas info    : Compiling entry function '_Z14fc2_w3x_kernelILi54ELi8ELi64EEv14CUtensorMap_stS0_S0_PK13__nv_bfloat16PS1_PmS5_S5_S5_S5_' for 'sm_100a'
ptxas info    : Function properties for _Z14fc2_w3x_kernelILi54ELi8ELi64EEv14CUtensorMap_stS0_S0_PK13__nv_bfloat16PS1_PmS5_S5_S5_S5_
    0 bytes stack frame, 0 bytes spill stores, 0 bytes spill loads
ptxas info    : Used 72 registers, used 1 barriers
ptxas info    : Compile time = 68.534 ms
ptxas info    : Compiling entry function '_Z14fc2_w3x_kernelILi54ELi8ELi48EEv14CUtensorMap_stS0_S0_PK13__nv_bfloat16PS1_PmS5_S5_S5_S5_' for 'sm_100a'
ptxas info    : Function properties for _Z14fc2_w3x_kernelILi54ELi8ELi48EEv14CUtensorMap_stS0_S0_PK13__nv_bfloat16PS1_PmS5_S5_S5_S5_
    0 bytes stack frame, 0 bytes spill stores, 0 bytes spill loads
ptxas info    : Used 72 registers, used 1 barriers
ptxas info    : Compile time = 66.241 ms
ptxas info    : Compiling entry function '_Z14fc2_w3x_kernelILi54ELi8ELi32EEv14CUtensorMap_stS0_S0_PK13__nv_bfloat16PS1_PmS5_S5_S5_S5_' for 'sm_100a'
ptxas info    : Function properties for _Z14fc2_w3x_kernelILi54ELi8ELi32EEv14CUtensorMap_stS0_S0_PK13__nv_bfloat16PS1_PmS5_S5_S5_S5_
    0 bytes stack frame, 0 bytes spill stores, 0 bytes spill loads
ptxas info    : Used 72 registers, used 1 barriers
ptxas info    : Compile time = 66.434 ms
ptxas info    : Compiling entry function '_Z14fc2_w3x_kernelILi54ELi8ELi24EEv14CUtensorMap_stS0_S0_PK13__nv_bfloat16PS1_PmS5_S5_S5_S5_' for 'sm_100a'
ptxas info    : Function properties for _Z14fc2_w3x_kernelILi54ELi8ELi24EEv14CUtensorMap_stS0_S0_PK13__nv_bfloat16PS1_PmS5_S5_S5_S5_
    0 bytes stack frame, 0 bytes spill stores, 0 bytes spill loads
ptxas info    : Used 72 registers, used 1 barriers
ptxas info    : Compile time = 65.871 ms
ptxas info    : Compiling entry function '_Z14fc2_w3x_kernelILi54ELi8ELi16EEv14CUtensorMap_stS0_S0_PK13__nv_bfloat16PS1_PmS5_S5_S5_S5_' for 'sm_100a'
ptxas info    : Function properties for _Z14fc2_w3x_kernelILi54ELi8ELi16EEv14CUtensorMap_stS0_S0_PK13__nv_bfloat16PS1_PmS5_S5_S5_S5_
    0 bytes stack frame, 0 bytes spill stores, 0 bytes spill loads
ptxas info    : Used 72 registers, used 1 barriers
ptxas info    : Compile time = 65.967 ms
ptxas info    : Compiling entry function '_Z14fc2_w3x_kernelILi54ELi8ELi12EEv14CUtensorMap_stS0_S0_PK13__nv_bfloat16PS1_PmS5_S5_S5_S5_' for 'sm_100a'
ptxas info    : Function properties for _Z14fc2_w3x_kernelILi54ELi8ELi12EEv14CUtensorMap_stS0_S0_PK13__nv_bfloat16PS1_PmS5_S5_S5_S5_
    0 bytes stack frame, 0 bytes spill stores, 0 bytes spill loads
ptxas info    : Used 72 registers, used 1 barriers
ptxas info    : Compile time = 66.566 ms
ptxas info    : Compiling entry function '_Z14fc2_w3x_kernelILi54ELi8ELi8EEv14CUtensorMap_stS0_S0_PK13__nv_bfloat16PS1_PmS5_S5_S5_S5_' for 'sm_100a'
ptxas info    : Function properties for _Z14fc2_w3x_kernelILi54ELi8ELi8EEv14CUtensorMap_stS0_S0_PK13__nv_bfloat16PS1_PmS5_S5_S5_S5_
    0 bytes stack frame, 0 bytes spill stores, 0 bytes spill loads
ptxas info    : Used 72 registers, used 1 barriers
ptxas info    : Compile time = 64.631 ms
ptxas info    : Compiling entry function '_Z14fc2_w3x_kernelILi54ELi8ELi4EEv14CUtensorMap_stS0_S0_PK13__nv_bfloat16PS1_PmS5_S5_S5_S5_' for 'sm_100a'
ptxas info    : Function properties for _Z14fc2_w3x_kernelILi54ELi8ELi4EEv14CUtensorMap_stS0_S0_PK13__nv_bfloat16PS1_PmS5_S5_S5_S5_
    0 bytes stack frame, 0 bytes spill stores, 0 bytes spill loads
ptxas info    : Used 72 registers, used 1 barriers
ptxas info    : Compile time = 64.113 ms
ptxas info    : Compiling entry function '_Z14fc2_w3x_kernelILi54ELi8ELi0EEv14CUtensorMap_stS0_S0_PK13__nv_bfloat16PS1_PmS5_S5_S5_S5_' for 'sm_100a'
ptxas info    : Function properties for _Z14fc2_w3x_kernelILi54ELi8ELi0EEv14CUtensorMap_stS0_S0_PK13__nv_bfloat16PS1_PmS5_S5_S5_S5_
    0 bytes stack frame, 0 bytes spill stores, 0 bytes spill loads
ptxas info    : Used 72 registers, used 1 barriers
ptxas info    : Compile time = 64.846 ms
ptxas info    : Compiling entry function '_Z14fc2_w3x_kernelILi99ELi8ELi20EEv14CUtensorMap_stS0_S0_PK13__nv_bfloat16PS1_PmS5_S5_S5_S5_' for 'sm_100a'
ptxas info    : Function properties for _Z14fc2_w3x_kernelILi99ELi8ELi20EEv14CUtensorMap_stS0_S0_PK13__nv_bfloat16PS1_PmS5_S5_S5_S5_
    0 bytes stack frame, 0 bytes spill stores, 0 bytes spill loads
ptxas info    : Used 72 registers, used 1 barriers
ptxas info    : Compile time = 64.859 ms
ptxas info    : Compiling entry function '_Z14fc2_w3x_kernelILi98ELi8ELi20EEv14CUtensorMap_stS0_S0_PK13__nv_bfloat16PS1_PmS5_S5_S5_S5_' for 'sm_100a'
ptxas info    : Function properties for _Z14fc2_w3x_kernelILi98ELi8ELi20EEv14CUtensorMap_stS0_S0_PK13__nv_bfloat16PS1_PmS5_S5_S5_S5_
    0 bytes stack frame, 0 bytes spill stores, 0 bytes spill loads
ptxas info    : Used 72 registers, used 1 barriers
ptxas info    : Compile time = 65.328 ms
ptxas info    : Compiling entry function '_Z14fc2_w3x_kernelILi97ELi8ELi20EEv14CUtensorMap_stS0_S0_PK13__nv_bfloat16PS1_PmS5_S5_S5_S5_' for 'sm_100a'
ptxas info    : Function properties for _Z14fc2_w3x_kernelILi97ELi8ELi20EEv14CUtensorMap_stS0_S0_PK13__nv_bfloat16PS1_PmS5_S5_S5_S5_
    0 bytes stack frame, 0 bytes spill stores, 0 bytes spill loads
ptxas info    : Used 72 registers, used 1 barriers
ptxas info    : Compile time = 65.177 ms
ptxas info    : Compiling entry function '_Z14fc2_w3x_kernelILi96ELi8ELi20EEv14CUtensorMap_stS0_S0_PK13__nv_bfloat16PS1_PmS5_S5_S5_S5_' for 'sm_100a'
ptxas info    : Function properties for _Z14fc2_w3x_kernelILi96ELi8ELi20EEv14CUtensorMap_stS0_S0_PK13__nv_bfloat16PS1_PmS5_S5_S5_S5_
    0 bytes stack frame, 0 bytes spill stores, 0 bytes spill loads
ptxas info    : Used 72 registers, used 1 barriers
ptxas info    : Compile time = 64.300 ms
ptxas info    : Compiling entry function '_Z14fc2_w3x_kernelILi95ELi8ELi20EEv14CUtensorMap_stS0_S0_PK13__nv_bfloat16PS1_PmS5_S5_S5_S5_' for 'sm_100a'
ptxas info    : Function properties for _Z14fc2_w3x_kernelILi95ELi8ELi20EEv14CUtensorMap_stS0_S0_PK13__nv_bfloat16PS1_PmS5_S5_S5_S5_
    0 bytes stack frame, 0 bytes spill stores, 0 bytes spill loads
ptxas info    : Used 72 registers, used 1 barriers
ptxas info    : Compile time = 64.966 ms
ptxas info    : Compiling entry function '_Z14fc2_w3x_kernelILi94ELi8ELi20EEv14CUtensorMap_stS0_S0_PK13__nv_bfloat16PS1_PmS5_S5_S5_S5_' for 'sm_100a'
ptxas info    : Function properties for _Z14fc2_w3x_kernelILi94ELi8ELi20EEv14CUtensorMap_stS0_S0_PK13__nv_bfloat16PS1_PmS5_S5_S5_S5_
    0 bytes stack frame, 0 bytes spill stores, 0 bytes spill loads
ptxas info    : Used 72 registers, used 1 barriers
ptxas info    : Compile time = 65.646 ms
ptxas info    : Compiling entry function '_Z14fc2_w3x_kernelILi93ELi8ELi20EEv14CUtensorMap_stS0_S0_PK13__nv_bfloat16PS1_PmS5_S5_S5_S5_' for 'sm_100a'
ptxas info    : Function properties for _Z14fc2_w3x_kernelILi93ELi8ELi20EEv14CUtensorMap_stS0_S0_PK13__nv_bfloat16PS1_PmS5_S5_S5_S5_
    0 bytes stack frame, 0 bytes spill stores, 0 bytes spill loads
ptxas info    : Used 72 registers, used 1 barriers
ptxas info    : Compile time = 65.324 ms
ptxas info    : Compiling entry function '_Z14fc2_w3x_kernelILi92ELi8ELi20EEv14CUtensorMap_stS0_S0_PK13__nv_bfloat16PS1_PmS5_S5_S5_S5_' for 'sm_100a'
ptxas info    : Function properties for _Z14fc2_w3x_kernelILi92ELi8ELi20EEv14CUtensorMap_stS0_S0_PK13__nv_bfloat16PS1_PmS5_S5_S5_S5_
    0 bytes stack frame, 0 bytes spill stores, 0 bytes spill loads
ptxas info    : Used 72 registers, used 1 barriers
ptxas info    : Compile time = 66.244 ms
ptxas info    : Compiling entry function '_Z14fc2_w3x_kernelILi91ELi8ELi20EEv14CUtensorMap_stS0_S0_PK13__nv_bfloat16PS1_PmS5_S5_S5_S5_' for 'sm_100a'
ptxas info    : Function properties for _Z14fc2_w3x_kernelILi91ELi8ELi20EEv14CUtensorMap_stS0_S0_PK13__nv_bfloat16PS1_PmS5_S5_S5_S5_
    0 bytes stack frame, 0 bytes spill stores, 0 bytes spill loads
ptxas info    : Used 72 registers, used 1 barriers
ptxas info    : Compile time = 65.336 ms
ptxas info    : Compiling entry function '_Z14fc2_w3x_kernelILi90ELi8ELi20EEv14CUtensorMap_stS0_S0_PK13__nv_bfloat16PS1_PmS5_S5_S5_S5_' for 'sm_100a'
ptxas info    : Function properties for _Z14fc2_w3x_kernelILi90ELi8ELi20EEv14CUtensorMap_stS0_S0_PK13__nv_bfloat16PS1_PmS5_S5_S5_S5_
    0 bytes stack frame, 0 bytes spill stores, 0 bytes spill loads
ptxas info    : Used 72 registers, used 1 barriers
ptxas info    : Compile time = 65.034 ms
ptxas info    : Compiling entry function '_Z14fc2_w3x_kernelILi89ELi8ELi20EEv14CUtensorMap_stS0_S0_PK13__nv_bfloat16PS1_PmS5_S5_S5_S5_' for 'sm_100a'
ptxas info    : Function properties for _Z14fc2_w3x_kernelILi89ELi8ELi20EEv14CUtensorMap_stS0_S0_PK13__nv_bfloat16PS1_PmS5_S5_S5_S5_
    0 bytes stack frame, 0 bytes spill stores, 0 bytes spill loads
ptxas info    : Used 72 registers, used 1 barriers
ptxas info    : Compile time = 64.160 ms
ptxas info    : Compiling entry function '_Z14fc2_w3x_kernelILi88ELi8ELi20EEv14CUtensorMap_stS0_S0_PK13__nv_bfloat16PS1_PmS5_S5_S5_S5_' for 'sm_100a'
ptxas info    : Function properties for _Z14fc2_w3x_kernelILi88ELi8ELi20EEv14CUtensorMap_stS0_S0_PK13__nv_bfloat16PS1_PmS5_S5_S5_S5_
    0 bytes stack frame, 0 bytes spill stores, 0 bytes spill loads
ptxas info    : Used 72 registers, used 1 barriers
ptxas info    : Compile time = 65.131 ms
ptxas info    : Compiling entry function '_Z14fc2_w3x_kernelILi87ELi8ELi20EEv14CUtensorMap_stS0_S0_PK13__nv_bfloat16PS1_PmS5_S5_S5_S5_' for 'sm_100a'
ptxas info    : Function properties for _Z14fc2_w3x_kernelILi87ELi8ELi20EEv14CUtensorMap_stS0_S0_PK13__nv_bfloat16PS1_PmS5_S5_S5_S5_
    0 bytes stack frame, 0 bytes spill stores, 0 bytes spill loads
ptxas info    : Used 72 registers, used 1 barriers
ptxas info    : Compile time = 65.868 ms
ptxas info    : Compiling entry function '_Z14fc2_w3x_kernelILi86ELi8ELi20EEv14CUtensorMap_stS0_S0_PK13__nv_bfloat16PS1_PmS5_S5_S5_S5_' for 'sm_100a'
ptxas info    : Function properties for _Z14fc2_w3x_kernelILi86ELi8ELi20EEv14CUtensorMap_stS0_S0_PK13__nv_bfloat16PS1_PmS5_S5_S5_S5_
    0 bytes stack frame, 0 bytes spill stores, 0 bytes spill loads
ptxas info    : Used 72 registers, used 1 barriers
ptxas info    : Compile time = 65.662 ms
ptxas info    : Compiling entry function '_Z14fc2_w3x_kernelILi85ELi8ELi20EEv14CUtensorMap_stS0_S0_PK13__nv_bfloat16PS1_PmS5_S5_S5_S5_' for 'sm_100a'
ptxas info    : Function properties for _Z14fc2_w3x_kernelILi85ELi8ELi20EEv14CUtensorMap_stS0_S0_PK13__nv_bfloat16PS1_PmS5_S5_S5_S5_
    0 bytes stack frame, 0 bytes spill stores, 0 bytes spill loads
ptxas info    : Used 72 registers, used 1 barriers
ptxas info    : Compile time = 65.035 ms
ptxas info    : Compiling entry function '_Z14fc2_w3x_kernelILi84ELi8ELi20EEv14CUtensorMap_stS0_S0_PK13__nv_bfloat16PS1_PmS5_S5_S5_S5_' for 'sm_100a'
ptxas info    : Function properties for _Z14fc2_w3x_kernelILi84ELi8ELi20EEv14CUtensorMap_stS0_S0_PK13__nv_bfloat16PS1_PmS5_S5_S5_S5_
    0 bytes stack frame, 0 bytes spill stores, 0 bytes spill loads
ptxas info    : Used 72 registers, used 1 barriers
ptxas info    : Compile time = 64.756 ms
ptxas info    : Compiling entry function '_Z14fc2_w3x_kernelILi83ELi8ELi20EEv14CUtensorMap_stS0_S0_PK13__nv_bfloat16PS1_PmS5_S5_S5_S5_' for 'sm_100a'
ptxas info    : Function properties for _Z14fc2_w3x_kernelILi83ELi8ELi20EEv14CUtensorMap_stS0_S0_PK13__nv_bfloat16PS1_PmS5_S5_S5_S5_
    0 bytes stack frame, 0 bytes spill stores, 0 bytes spill loads
ptxas info    : Used 72 registers, used 1 barriers
ptxas info    : Compile time = 65.109 ms
ptxas info    : Compiling entry function '_Z14fc2_w3x_kernelILi82ELi8ELi20EEv14CUtensorMap_stS0_S0_PK13__nv_bfloat16PS1_PmS5_S5_S5_S5_' for 'sm_100a'
ptxas info    : Function properties for _Z14fc2_w3x_kernelILi82ELi8ELi20EEv14CUtensorMap_stS0_S0_PK13__nv_bfloat16PS1_PmS5_S5_S5_S5_
    0 bytes stack frame, 0 bytes spill stores, 0 bytes spill loads
ptxas info    : Used 72 registers, used 1 barriers
ptxas info    : Compile time = 65.281 ms
ptxas info    : Compiling entry function '_Z14fc2_w3x_kernelILi81ELi8ELi20EEv14CUtensorMap_stS0_S0_PK13__nv_bfloat16PS1_PmS5_S5_S5_S5_' for 'sm_100a'
ptxas info    : Function properties for _Z14fc2_w3x_kernelILi81ELi8ELi20EEv14CUtensorMap_stS0_S0_PK13__nv_bfloat16PS1_PmS5_S5_S5_S5_
    0 bytes stack frame, 0 bytes spill stores, 0 bytes spill loads
ptxas info    : Used 72 registers, used 1 barriers
ptxas info    : Compile time = 64.903 ms
ptxas info    : Compiling entry function '_Z14fc2_w3x_kernelILi80ELi8ELi20EEv14CUtensorMap_stS0_S0_PK13__nv_bfloat16PS1_PmS5_S5_S5_S5_' for 'sm_100a'
ptxas info    : Function properties for _Z14fc2_w3x_kernelILi80ELi8ELi20EEv14CUtensorMap_stS0_S0_PK13__nv_bfloat16PS1_PmS5_S5_S5_S5_
    0 bytes stack frame, 0 bytes spill stores, 0 bytes spill loads
ptxas info    : Used 72 registers, used 1 barriers
ptxas info    : Compile time = 65.198 ms
ptxas info    : Compiling entry function '_Z14fc2_w3x_kernelILi58ELi8ELi20EEv14CUtensorMap_stS0_S0_PK13__nv_bfloat16PS1_PmS5_S5_S5_S5_' for 'sm_100a'
ptxas info    : Function properties for _Z14fc2_w3x_kernelILi58ELi8ELi20EEv14CUtensorMap_stS0_S0_PK13__nv_bfloat16PS1_PmS5_S5_S5_S5_
    0 bytes stack frame, 0 bytes spill stores, 0 bytes spill loads
ptxas info    : Used 72 registers, used 1 barriers
ptxas info    : Compile time = 64.219 ms
ptxas info    : Compiling entry function '_Z14fc2_w3x_kernelILi57ELi8ELi20EEv14CUtensorMap_stS0_S0_PK13__nv_bfloat16PS1_PmS5_S5_S5_S5_' for 'sm_100a'
ptxas info    : Function properties for _Z14fc2_w3x_kernelILi57ELi8ELi20EEv14CUtensorMap_stS0_S0_PK13__nv_bfloat16PS1_PmS5_S5_S5_S5_
    0 bytes stack frame, 0 bytes spill stores, 0 bytes spill loads
ptxas info    : Used 72 registers, used 1 barriers
ptxas info    : Compile time = 65.116 ms
ptxas info    : Compiling entry function '_Z14fc2_w3x_kernelILi56ELi8ELi20EEv14CUtensorMap_stS0_S0_PK13__nv_bfloat16PS1_PmS5_S5_S5_S5_' for 'sm_100a'
ptxas info    : Function properties for _Z14fc2_w3x_kernelILi56ELi8ELi20EEv14CUtensorMap_stS0_S0_PK13__nv_bfloat16PS1_PmS5_S5_S5_S5_
    0 bytes stack frame, 0 bytes spill stores, 0 bytes spill loads
ptxas info    : Used 72 registers, used 1 barriers
ptxas info    : Compile time = 65.260 ms
ptxas info    : Compiling entry function '_Z14fc2_w3x_kernelILi55ELi8ELi20EEv14CUtensorMap_stS0_S0_PK13__nv_bfloat16PS1_PmS5_S5_S5_S5_' for 'sm_100a'
ptxas info    : Function properties for _Z14fc2_w3x_kernelILi55ELi8ELi20EEv14CUtensorMap_stS0_S0_PK13__nv_bfloat16PS1_PmS5_S5_S5_S5_
    0 bytes stack frame, 0 bytes spill stores, 0 bytes spill loads
ptxas info    : Used 72 registers, used 1 barriers
ptxas info    : Compile time = 64.195 ms
ptxas info    : Compiling entry function '_Z14fc2_w3x_kernelILi54ELi8ELi20EEv14CUtensorMap_stS0_S0_PK13__nv_bfloat16PS1_PmS5_S5_S5_S5_' for 'sm_100a'
ptxas info    : Function properties for _Z14fc2_w3x_kernelILi54ELi8ELi20EEv14CUtensorMap_stS0_S0_PK13__nv_bfloat16PS1_PmS5_S5_S5_S5_
    0 bytes stack frame, 0 bytes spill stores, 0 bytes spill loads
ptxas info    : Used 72 registers, used 1 barriers
ptxas info    : Compile time = 65.224 ms
ptxas info    : Compiling entry function '_Z14fc2_w3x_kernelILi53ELi8ELi20EEv14CUtensorMap_stS0_S0_PK13__nv_bfloat16PS1_PmS5_S5_S5_S5_' for 'sm_100a'
ptxas info    : Function properties for _Z14fc2_w3x_kernelILi53ELi8ELi20EEv14CUtensorMap_stS0_S0_PK13__nv_bfloat16PS1_PmS5_S5_S5_S5_
    0 bytes stack frame, 0 bytes spill stores, 0 bytes spill loads
ptxas info    : Used 72 registers, used 1 barriers
ptxas info    : Compile time = 65.091 ms
ptxas info    : Compiling entry function '_Z14fc2_w3x_kernelILi52ELi8ELi20EEv14CUtensorMap_stS0_S0_PK13__nv_bfloat16PS1_PmS5_S5_S5_S5_' for 'sm_100a'
ptxas info    : Function properties for _Z14fc2_w3x_kernelILi52ELi8ELi20EEv14CUtensorMap_stS0_S0_PK13__nv_bfloat16PS1_PmS5_S5_S5_S5_
    0 bytes stack frame, 0 bytes spill stores, 0 bytes spill loads
ptxas info    : Used 72 registers, used 1 barriers
ptxas info    : Compile time = 65.005 ms
ptxas info    : Compiling entry function '_Z14fc2_w3x_kernelILi51ELi8ELi20EEv14CUtensorMap_stS0_S0_PK13__nv_bfloat16PS1_PmS5_S5_S5_S5_' for 'sm_100a'
ptxas info    : Function properties for _Z14fc2_w3x_kernelILi51ELi8ELi20EEv14CUtensorMap_stS0_S0_PK13__nv_bfloat16PS1_PmS5_S5_S5_S5_
    0 bytes stack frame, 0 bytes spill stores, 0 bytes spill loads
ptxas info    : Used 72 registers, used 1 barriers
ptxas info    : Compile time = 64.747 ms
ptxas info    : Compiling entry function '_Z14fc2_w3x_kernelILi50ELi8ELi20EEv14CUtensorMap_stS0_S0_PK13__nv_bfloat16PS1_PmS5_S5_S5_S5_' for 'sm_100a'
ptxas info    : Function properties for _Z14fc2_w3x_kernelILi50ELi8ELi20EEv14CUtensorMap_stS0_S0_PK13__nv_bfloat16PS1_PmS5_S5_S5_S5_
    0 bytes stack frame, 0 bytes spill stores, 0 bytes spill loads
ptxas info    : Used 72 registers, used 1 barriers
ptxas info    : Compile time = 64.557 ms
ptxas info    : Compiling entry function '_Z14fc2_w3x_kernelILi49ELi8ELi20EEv14CUtensorMap_stS0_S0_PK13__nv_bfloat16PS1_PmS5_S5_S5_S5_' for 'sm_100a'
ptxas info    : Function properties for _Z14fc2_w3x_kernelILi49ELi8ELi20EEv14CUtensorMap_stS0_S0_PK13__nv_bfloat16PS1_PmS5_S5_S5_S5_
    0 bytes stack frame, 0 bytes spill stores, 0 bytes spill loads
ptxas info    : Used 72 registers, used 1 barriers
ptxas info    : Compile time = 63.946 ms
ptxas info    : Compiling entry function '_Z14fc2_w3x_kernelILi19ELi16ELi20EEv14CUtensorMap_stS0_S0_PK13__nv_bfloat16PS1_PmS5_S5_S5_S5_' for 'sm_100a'
ptxas info    : Function properties for _Z14fc2_w3x_kernelILi19ELi16ELi20EEv14CUtensorMap_stS0_S0_PK13__nv_bfloat16PS1_PmS5_S5_S5_S5_
    0 bytes stack frame, 0 bytes spill stores, 0 bytes spill loads
ptxas info    : Used 72 registers, used 1 barriers
ptxas info    : Compile time = 63.012 ms
ptxas info    : Compiling entry function '_Z14fc2_w3x_kernelILi19ELi4ELi20EEv14CUtensorMap_stS0_S0_PK13__nv_bfloat16PS1_PmS5_S5_S5_S5_' for 'sm_100a'
ptxas info    : Function properties for _Z14fc2_w3x_kernelILi19ELi4ELi20EEv14CUtensorMap_stS0_S0_PK13__nv_bfloat16PS1_PmS5_S5_S5_S5_
    0 bytes stack frame, 0 bytes spill stores, 0 bytes spill loads
ptxas info    : Used 72 registers, used 1 barriers
ptxas info    : Compile time = 63.188 ms
ptxas info    : Compiling entry function '_Z14fc2_w3x_kernelILi48ELi8ELi20EEv14CUtensorMap_stS0_S0_PK13__nv_bfloat16PS1_PmS5_S5_S5_S5_' for 'sm_100a'
ptxas info    : Function properties for _Z14fc2_w3x_kernelILi48ELi8ELi20EEv14CUtensorMap_stS0_S0_PK13__nv_bfloat16PS1_PmS5_S5_S5_S5_
    0 bytes stack frame, 0 bytes spill stores, 0 bytes spill loads
ptxas info    : Used 72 registers, used 1 barriers
ptxas info    : Compile time = 64.804 ms
ptxas info    : Compiling entry function '_Z14fc2_w3x_kernelILi47ELi8ELi20EEv14CUtensorMap_stS0_S0_PK13__nv_bfloat16PS1_PmS5_S5_S5_S5_' for 'sm_100a'
ptxas info    : Function properties for _Z14fc2_w3x_kernelILi47ELi8ELi20EEv14CUtensorMap_stS0_S0_PK13__nv_bfloat16PS1_PmS5_S5_S5_S5_
    0 bytes stack frame, 0 bytes spill stores, 0 bytes spill loads
ptxas info    : Used 72 registers, used 1 barriers
ptxas info    : Compile time = 64.098 ms
ptxas info    : Compiling entry function '_Z14fc2_w3x_kernelILi46ELi8ELi20EEv14CUtensorMap_stS0_S0_PK13__nv_bfloat16PS1_PmS5_S5_S5_S5_' for 'sm_100a'
ptxas info    : Function properties for _Z14fc2_w3x_kernelILi46ELi8ELi20EEv14CUtensorMap_stS0_S0_PK13__nv_bfloat16PS1_PmS5_S5_S5_S5_
    0 bytes stack frame, 0 bytes spill stores, 0 bytes spill loads
ptxas info    : Used 72 registers, used 1 barriers
ptxas info    : Compile time = 63.774 ms
ptxas info    : Compiling entry function '_Z14fc2_w3x_kernelILi45ELi8ELi20EEv14CUtensorMap_stS0_S0_PK13__nv_bfloat16PS1_PmS5_S5_S5_S5_' for 'sm_100a'
ptxas info    : Function properties for _Z14fc2_w3x_kernelILi45ELi8ELi20EEv14CUtensorMap_stS0_S0_PK13__nv_bfloat16PS1_PmS5_S5_S5_S5_
    0 bytes stack frame, 0 bytes spill stores, 0 bytes spill loads
ptxas info    : Used 72 registers, used 1 barriers
ptxas info    : Compile time = 64.271 ms
ptxas info    : Compiling entry function '_Z14fc2_w3x_kernelILi44ELi8ELi20EEv14CUtensorMap_stS0_S0_PK13__nv_bfloat16PS1_PmS5_S5_S5_S5_' for 'sm_100a'
ptxas info    : Function properties for _Z14fc2_w3x_kernelILi44ELi8ELi20EEv14CUtensorMap_stS0_S0_PK13__nv_bfloat16PS1_PmS5_S5_S5_S5_
    0 bytes stack frame, 0 bytes spill stores, 0 bytes spill loads
ptxas info    : Used 72 registers, used 1 barriers
ptxas info    : Compile time = 64.727 ms
ptxas info    : Compiling entry function '_Z14fc2_w3x_kernelILi43ELi8ELi20EEv14CUtensorMap_stS0_S0_PK13__nv_bfloat16PS1_PmS5_S5_S5_S5_' for 'sm_100a'
ptxas info    : Function properties for _Z14fc2_w3x_kernelILi43ELi8ELi20EEv14CUtensorMap_stS0_S0_PK13__nv_bfloat16PS1_PmS5_S5_S5_S5_
    0 bytes stack frame, 0 bytes spill stores, 0 bytes spill loads
ptxas info    : Used 72 registers, used 1 barriers
ptxas info    : Compile time = 65.486 ms
ptxas info    : Compiling entry function '_Z14fc2_w3x_kernelILi41ELi8ELi20EEv14CUtensorMap_stS0_S0_PK13__nv_bfloat16PS1_PmS5_S5_S5_S5_' for 'sm_100a'
ptxas info    : Function properties for _Z14fc2_w3x_kernelILi41ELi8ELi20EEv14CUtensorMap_stS0_S0_PK13__nv_bfloat16PS1_PmS5_S5_S5_S5_
    0 bytes stack frame, 0 bytes spill stores, 0 bytes spill loads
ptxas info    : Used 72 registers, used 1 barriers
ptxas info    : Compile time = 62.683 ms
ptxas info    : Compiling entry function '_Z14fc2_w3x_kernelILi40ELi8ELi20EEv14CUtensorMap_stS0_S0_PK13__nv_bfloat16PS1_PmS5_S5_S5_S5_' for 'sm_100a'
ptxas info    : Function properties for _Z14fc2_w3x_kernelILi40ELi8ELi20EEv14CUtensorMap_stS0_S0_PK13__nv_bfloat16PS1_PmS5_S5_S5_S5_
    0 bytes stack frame, 0 bytes spill stores, 0 bytes spill loads
ptxas info    : Used 72 registers, used 1 barriers
ptxas info    : Compile time = 62.845 ms
ptxas info    : Compiling entry function '_Z14fc2_w3x_kernelILi39ELi8ELi20EEv14CUtensorMap_stS0_S0_PK13__nv_bfloat16PS1_PmS5_S5_S5_S5_' for 'sm_100a'
ptxas info    : Function properties for _Z14fc2_w3x_kernelILi39ELi8ELi20EEv14CUtensorMap_stS0_S0_PK13__nv_bfloat16PS1_PmS5_S5_S5_S5_
    0 bytes stack frame, 0 bytes spill stores, 0 bytes spill loads
ptxas info    : Used 72 registers, used 1 barriers
ptxas info    : Compile time = 64.872 ms
ptxas info    : Compiling entry function '_Z14fc2_w3x_kernelILi38ELi8ELi20EEv14CUtensorMap_stS0_S0_PK13__nv_bfloat16PS1_PmS5_S5_S5_S5_' for 'sm_100a'
ptxas info    : Function properties for _Z14fc2_w3x_kernelILi38ELi8ELi20EEv14CUtensorMap_stS0_S0_PK13__nv_bfloat16PS1_PmS5_S5_S5_S5_
    0 bytes stack frame, 0 bytes spill stores, 0 bytes spill loads
ptxas info    : Used 72 registers, used 1 barriers
ptxas info    : Compile time = 63.877 ms
ptxas info    : Compiling entry function '_Z14fc2_w3x_kernelILi36ELi4ELi20EEv14CUtensorMap_stS0_S0_PK13__nv_bfloat16PS1_PmS5_S5_S5_S5_' for 'sm_100a'
ptxas info    : Function properties for _Z14fc2_w3x_kernelILi36ELi4ELi20EEv14CUtensorMap_stS0_S0_PK13__nv_bfloat16PS1_PmS5_S5_S5_S5_
    0 bytes stack frame, 0 bytes spill stores, 0 bytes spill loads
ptxas info    : Used 72 registers, used 1 barriers
ptxas info    : Compile time = 62.774 ms
ptxas info    : Compiling entry function '_Z14fc2_w3x_kernelILi35ELi4ELi20EEv14CUtensorMap_stS0_S0_PK13__nv_bfloat16PS1_PmS5_S5_S5_S5_' for 'sm_100a'
ptxas info    : Function properties for _Z14fc2_w3x_kernelILi35ELi4ELi20EEv14CUtensorMap_stS0_S0_PK13__nv_bfloat16PS1_PmS5_S5_S5_S5_
    0 bytes stack frame, 0 bytes spill stores, 0 bytes spill loads
ptxas info    : Used 72 registers, used 1 barriers
ptxas info    : Compile time = 65.120 ms
ptxas info    : Compiling entry function '_Z14fc2_w3x_kernelILi34ELi8ELi20EEv14CUtensorMap_stS0_S0_PK13__nv_bfloat16PS1_PmS5_S5_S5_S5_' for 'sm_100a'
ptxas info    : Function properties for _Z14fc2_w3x_kernelILi34ELi8ELi20EEv14CUtensorMap_stS0_S0_PK13__nv_bfloat16PS1_PmS5_S5_S5_S5_
    0 bytes stack frame, 0 bytes spill stores, 0 bytes spill loads
ptxas info    : Used 72 registers, used 1 barriers
ptxas info    : Compile time = 63.958 ms
ptxas info    : Compiling entry function '_Z14fc2_w3x_kernelILi33ELi8ELi20EEv14CUtensorMap_stS0_S0_PK13__nv_bfloat16PS1_PmS5_S5_S5_S5_' for 'sm_100a'
ptxas info    : Function properties for _Z14fc2_w3x_kernelILi33ELi8ELi20EEv14CUtensorMap_stS0_S0_PK13__nv_bfloat16PS1_PmS5_S5_S5_S5_
    0 bytes stack frame, 0 bytes spill stores, 0 bytes spill loads
ptxas info    : Used 72 registers, used 1 barriers
ptxas info    : Compile time = 64.961 ms
ptxas info    : Compiling entry function '_Z14fc2_w3x_kernelILi19ELi8ELi20EEv14CUtensorMap_stS0_S0_PK13__nv_bfloat16PS1_PmS5_S5_S5_S5_' for 'sm_100a'
ptxas info    : Function properties for _Z14fc2_w3x_kernelILi19ELi8ELi20EEv14CUtensorMap_stS0_S0_PK13__nv_bfloat16PS1_PmS5_S5_S5_S5_
    0 bytes stack frame, 0 bytes spill stores, 0 bytes spill loads
ptxas info    : Used 72 registers, used 1 barriers
ptxas info    : Compile time = 63.557 ms
ptxas info    : Compiling entry function '_Z14fc2_w3x_kernelILi18ELi8ELi20EEv14CUtensorMap_stS0_S0_PK13__nv_bfloat16PS1_PmS5_S5_S5_S5_' for 'sm_100a'
ptxas info    : Function properties for _Z14fc2_w3x_kernelILi18ELi8ELi20EEv14CUtensorMap_stS0_S0_PK13__nv_bfloat16PS1_PmS5_S5_S5_S5_
    0 bytes stack frame, 0 bytes spill stores, 0 bytes spill loads
ptxas info    : Used 72 registers, used 1 barriers
ptxas info    : Compile time = 64.896 ms
ptxas info    : Compiling entry function '_Z14fc2_w3x_kernelILi13ELi8ELi20EEv14CUtensorMap_stS0_S0_PK13__nv_bfloat16PS1_PmS5_S5_S5_S5_' for 'sm_100a'
ptxas info    : Function properties for _Z14fc2_w3x_kernelILi13ELi8ELi20EEv14CUtensorMap_stS0_S0_PK13__nv_bfloat16PS1_PmS5_S5_S5_S5_
    0 bytes stack frame, 0 bytes spill stores, 0 bytes spill loads
ptxas info    : Used 72 registers, used 1 barriers
ptxas info    : Compile time = 61.974 ms
ptxas info    : Compiling entry function '_Z14fc2_w3x_kernelILi11ELi8ELi20EEv14CUtensorMap_stS0_S0_PK13__nv_bfloat16PS1_PmS5_S5_S5_S5_' for 'sm_100a'
ptxas info    : Function properties for _Z14fc2_w3x_kernelILi11ELi8ELi20EEv14CUtensorMap_stS0_S0_PK13__nv_bfloat16PS1_PmS5_S5_S5_S5_
    0 bytes stack frame, 0 bytes spill stores, 0 bytes spill loads
ptxas info    : Used 72 registers, used 1 barriers
ptxas info    : Compile time = 61.934 ms
ptxas info    : Compiling entry function '_Z14fc2_w3x_kernelILi0ELi32ELi20EEv14CUtensorMap_stS0_S0_PK13__nv_bfloat16PS1_PmS5_S5_S5_S5_' for 'sm_100a'
ptxas info    : Function properties for _Z14fc2_w3x_kernelILi0ELi32ELi20EEv14CUtensorMap_stS0_S0_PK13__nv_bfloat16PS1_PmS5_S5_S5_S5_
    0 bytes stack frame, 0 bytes spill stores, 0 bytes spill loads
ptxas info    : Used 72 registers, used 1 barriers
ptxas info    : Compile time = 64.680 ms
ptxas info    : Compiling entry function '_Z14fc2_w3x_kernelILi0ELi16ELi20EEv14CUtensorMap_stS0_S0_PK13__nv_bfloat16PS1_PmS5_S5_S5_S5_' for 'sm_100a'
ptxas info    : Function properties for _Z14fc2_w3x_kernelILi0ELi16ELi20EEv14CUtensorMap_stS0_S0_PK13__nv_bfloat16PS1_PmS5_S5_S5_S5_
    0 bytes stack frame, 0 bytes spill stores, 0 bytes spill loads
ptxas info    : Used 72 registers, used 1 barriers
ptxas info    : Compile time = 64.833 ms
ptxas info    : Compiling entry function '_Z14fc2_w3x_kernelILi0ELi4ELi20EEv14CUtensorMap_stS0_S0_PK13__nv_bfloat16PS1_PmS5_S5_S5_S5_' for 'sm_100a'
ptxas info    : Function properties for _Z14fc2_w3x_kernelILi0ELi4ELi20EEv14CUtensorMap_stS0_S0_PK13__nv_bfloat16PS1_PmS5_S5_S5_S5_
    0 bytes stack frame, 0 bytes spill stores, 0 bytes spill loads
ptxas info    : Used 72 registers, used 1 barriers
ptxas info    : Compile time = 64.468 ms
ptxas info    : Compiling entry function '_Z14fc2_w3x_kernelILi0ELi2ELi20EEv14CUtensorMap_stS0_S0_PK13__nv_bfloat16PS1_PmS5_S5_S5_S5_' for 'sm_100a'
ptxas info    : Function properties for _Z14fc2_w3x_kernelILi0ELi2ELi20EEv14CUtensorMap_stS0_S0_PK13__nv_bfloat16PS1_PmS5_S5_S5_S5_
    0 bytes stack frame, 0 bytes spill stores, 0 bytes spill loads
ptxas info    : Used 72 registers, used 1 barriers
ptxas info    : Compile time = 62.597 ms
ptxas info    : Compiling entry function '_Z14fc2_w3x_kernelILi0ELi8ELi20EEv14CUtensorMap_stS0_S0_PK13__nv_bfloat16PS1_PmS5_S5_S5_S5_' for 'sm_100a'
ptxas info    : Function properties for _Z14fc2_w3x_kernelILi0ELi8ELi20EEv14CUtensorMap_stS0_S0_PK13__nv_bfloat16PS1_PmS5_S5_S5_S5_
    0 bytes stack frame, 0 bytes spill stores, 0 bytes spill loads
ptxas info    : Used 72 registers, used 1 barriers
ptxas info    : Compile time = 64.873 ms
--- rep 1/3 ec=0
FC2 W3X kernel — 6-warp bias-only rank-1-shaped persistent
  [928256,2048] x [2048,2048]^T  NS=5  THREADS=192  SMEM=186112 B  (cap 228KB)
  Alloc + init + pack done
  TMA + func attr done (SMEM=186112 B)  variant=default TD=0 DGG=8
Warmup (2 iters)...
Timing 1 reps × 10 iters/rep × 1 variant ...
@@SAMPLE rep=1 ms=2.04378 cyc=3761826 cyc_min=3726496 cyc_p50=3741608 cyc_p95=3755507 cyc_max=3761826
@@STATS reps=1 mean=2.04378 std=0.00000 min=2.04378 p25=2.04378 p50=2.04378 p75=2.04378 max=2.04378 iqr=0.00000
FC2-W3X kernel: 2.044 ms  3809.99 TFLOPS
PASS  errors=0/32
@@RESULT ms=2.0438 tflops=3809.99 checksum=0.000000 valid=1 c0=3072.0
--- rep 2/3 ec=0
FC2 W3X kernel — 6-warp bias-only rank-1-shaped persistent
  [928256,2048] x [2048,2048]^T  NS=5  THREADS=192  SMEM=186112 B  (cap 228KB)
  Alloc + init + pack done
  TMA + func attr done (SMEM=186112 B)  variant=default TD=0 DGG=8
Warmup (2 iters)...
Timing 1 reps × 10 iters/rep × 1 variant ...
@@SAMPLE rep=1 ms=2.04553 cyc=3761635 cyc_min=3729411 cyc_p50=3743256 cyc_p95=3759090 cyc_max=3761635
@@STATS reps=1 mean=2.04553 std=0.00000 min=2.04553 p25=2.04553 p50=2.04553 p75=2.04553 max=2.04553 iqr=0.00000
FC2-W3X kernel: 2.046 ms  3806.72 TFLOPS
PASS  errors=0/32
@@RESULT ms=2.0455 tflops=3806.72 checksum=0.000000 valid=1 c0=3072.0
--- rep 3/3 ec=0
FC2 W3X kernel — 6-warp bias-only rank-1-shaped persistent
  [928256,2048] x [2048,2048]^T  NS=5  THREADS=192  SMEM=186112 B  (cap 228KB)
  Alloc + init + pack done
  TMA + func attr done (SMEM=186112 B)  variant=default TD=0 DGG=8
Warmup (2 iters)...
Timing 1 reps × 10 iters/rep × 1 variant ...
@@SAMPLE rep=1 ms=2.04273 cyc=3761111 cyc_min=3728120 cyc_p50=3739188 cyc_p95=3752716 cyc_max=3761111
@@STATS reps=1 mean=2.04273 std=0.00000 min=2.04273 p25=2.04273 p50=2.04273 p75=2.04273 max=2.04273 iqr=0.00000
FC2-W3X kernel: 2.043 ms  3811.95 TFLOPS
PASS  errors=0/32
@@RESULT ms=2.0427 tflops=3811.95 checksum=0.000000 valid=1 c0=3072.0
--- cublas epi=3 rep 1/1 ec=0
### CUBLASLT INTROSPECT M=928256 N=2048 K=2048 epi=bias_only scale=per_tensor
### Heuristics returned: 8

# TSV
rank	heur	ms	cyc	algoId	tile	stages	cluster	inner	splitk	redux	swizzle	custom	waves	ws_MB
1	0	1.7898	3302962	66	23	36	3	-1	1	0	0	1	392.00	0.0
2	2	1.8429	3400557	66	32	36	3	-1	1	0	0	1	522.70	0.0
3	4	1.9484	3594955	66	29	36	3	-1	1	0	0	1	627.24	0.0
4	5	2.1548	3975271	66	201	36	5	-1	1	0	0	2	588.00	0.0
5	1	2.3408	4318371	66	24	36	5	-1	1	0	0	3	392.00	0.0
6	3	2.3878	4405069	66	513	36	3	-1	1	0	0	1	196.00	0.0
7	7	2.6367	4864460	66	31	36	5	-1	1	0	0	3	539.00	0.0
8	6	2.7181	5014383	66	495	36	5	-1	1	0	0	3	522.70	0.0

# Top-3 caps:

## rank=1  algoId=66  tile=23  stages=36  cluster=3  inner=-1  ms=1.7898
    CUBLASLT_ALGO_CAP_REDUCTION_SCHEME_MASK      = 2
    CUBLASLT_ALGO_CAP_CTA_SWIZZLING_SUPPORT      = 0
    CUBLASLT_ALGO_CAP_STRIDED_BATCH_SUPPORT      = 1
    CUBLASLT_ALGO_CAP_OUT_OF_PLACE_RESULT_SUPPORT = 1
    CUBLASLT_ALGO_CAP_CUSTOM_OPTION_MAX          = 7
    CUBLASLT_ALGO_CAP_POINTER_MODE_MASK          = 3
    CUBLASLT_ALGO_CAP_EPILOGUE_MASK              = 1023
    CUBLASLT_ALGO_CAP_TILE_IDS                   = --  (status=7 wrote=0)
    CUBLASLT_ALGO_CAP_STAGES_IDS                 = [36] (n=1, elem=4B)
    CUBLASLT_ALGO_CONFIG_CLUSTER_SHAPE_ID sz=2 → status=0 wrote=2 val=3

## rank=2  algoId=66  tile=32  stages=36  cluster=3  inner=-1  ms=1.8429
    CUBLASLT_ALGO_CAP_REDUCTION_SCHEME_MASK      = 2
    CUBLASLT_ALGO_CAP_CTA_SWIZZLING_SUPPORT      = 0
    CUBLASLT_ALGO_CAP_STRIDED_BATCH_SUPPORT      = 1
    CUBLASLT_ALGO_CAP_OUT_OF_PLACE_RESULT_SUPPORT = 1
    CUBLASLT_ALGO_CAP_CUSTOM_OPTION_MAX          = 7
    CUBLASLT_ALGO_CAP_POINTER_MODE_MASK          = 3
    CUBLASLT_ALGO_CAP_EPILOGUE_MASK              = 1023
    CUBLASLT_ALGO_CAP_TILE_IDS                   = --  (status=7 wrote=0)
    CUBLASLT_ALGO_CAP_STAGES_IDS                 = [36] (n=1, elem=4B)
    CUBLASLT_ALGO_CONFIG_CLUSTER_SHAPE_ID sz=2 → status=0 wrote=2 val=3

## rank=3  algoId=66  tile=29  stages=36  cluster=3  inner=-1  ms=1.9484
    CUBLASLT_ALGO_CAP_REDUCTION_SCHEME_MASK      = 2
    CUBLASLT_ALGO_CAP_CTA_SWIZZLING_SUPPORT      = 0
    CUBLASLT_ALGO_CAP_STRIDED_BATCH_SUPPORT      = 1
    CUBLASLT_ALGO_CAP_OUT_OF_PLACE_RESULT_SUPPORT = 1
    CUBLASLT_ALGO_CAP_CUSTOM_OPTION_MAX          = 7
    CUBLASLT_ALGO_CAP_POINTER_MODE_MASK          = 3
    CUBLASLT_ALGO_CAP_EPILOGUE_MASK              = 1023
    CUBLASLT_ALGO_CAP_TILE_IDS                   = --  (status=7 wrote=0)
    CUBLASLT_ALGO_CAP_STAGES_IDS                 = [36] (n=1, elem=4B)
    CUBLASLT_ALGO_CONFIG_CLUSTER_SHAPE_ID sz=2 → status=0 wrote=2 val=3

# Winner:  rank=1  tile=23  stages=36  cluster=3  inner=-1  splitk=1  swizzle=0  ms=1.7898  cyc=3302962

@@RESULT ms=1.7898 cyc=3302962 tflops=4350.68 checksum=0.000000 valid=1 c0=0.0
--- cublas epi=0 rep 1/1 ec=0
### CUBLASLT INTROSPECT M=928256 N=2048 K=2048 epi=none scale=per_tensor
### Heuristics returned: 8

# TSV
rank	heur	ms	cyc	algoId	tile	stages	cluster	inner	splitk	redux	swizzle	custom	waves	ws_MB
1	0	1.7858	3295683	66	23	36	3	-1	1	0	0	1	392.00	0.0
2	2	1.8371	3389917	66	32	36	3	-1	1	0	0	1	522.70	0.0
3	4	1.9366	3573409	66	29	36	3	-1	1	0	0	1	627.24	0.0
4	5	2.0627	3805969	66	201	36	5	-1	1	0	0	2	588.00	0.0
5	3	2.2557	4160805	66	513	36	3	-1	1	0	0	1	196.00	0.0
6	1	2.3183	4277414	66	24	36	5	-1	1	0	0	3	392.00	0.0
7	7	2.6208	4835536	66	31	36	5	-1	1	0	0	3	539.00	0.0
8	6	2.6932	4968552	66	495	36	5	-1	1	0	0	3	522.70	0.0

# Top-3 caps:

## rank=1  algoId=66  tile=23  stages=36  cluster=3  inner=-1  ms=1.7858
    CUBLASLT_ALGO_CAP_REDUCTION_SCHEME_MASK      = 2
    CUBLASLT_ALGO_CAP_CTA_SWIZZLING_SUPPORT      = 0
    CUBLASLT_ALGO_CAP_STRIDED_BATCH_SUPPORT      = 1
    CUBLASLT_ALGO_CAP_OUT_OF_PLACE_RESULT_SUPPORT = 1
    CUBLASLT_ALGO_CAP_CUSTOM_OPTION_MAX          = 7
    CUBLASLT_ALGO_CAP_POINTER_MODE_MASK          = 3
    CUBLASLT_ALGO_CAP_EPILOGUE_MASK              = 1023
    CUBLASLT_ALGO_CAP_TILE_IDS                   = --  (status=7 wrote=0)
    CUBLASLT_ALGO_CAP_STAGES_IDS                 = [36] (n=1, elem=4B)
    CUBLASLT_ALGO_CONFIG_CLUSTER_SHAPE_ID sz=2 → status=0 wrote=2 val=3

## rank=2  algoId=66  tile=32  stages=36  cluster=3  inner=-1  ms=1.8371
    CUBLASLT_ALGO_CAP_REDUCTION_SCHEME_MASK      = 2
    CUBLASLT_ALGO_CAP_CTA_SWIZZLING_SUPPORT      = 0
    CUBLASLT_ALGO_CAP_STRIDED_BATCH_SUPPORT      = 1
    CUBLASLT_ALGO_CAP_OUT_OF_PLACE_RESULT_SUPPORT = 1
    CUBLASLT_ALGO_CAP_CUSTOM_OPTION_MAX          = 7
    CUBLASLT_ALGO_CAP_POINTER_MODE_MASK          = 3
    CUBLASLT_ALGO_CAP_EPILOGUE_MASK              = 1023
    CUBLASLT_ALGO_CAP_TILE_IDS                   = --  (status=7 wrote=0)
    CUBLASLT_ALGO_CAP_STAGES_IDS                 = [36] (n=1, elem=4B)
    CUBLASLT_ALGO_CONFIG_CLUSTER_SHAPE_ID sz=2 → status=0 wrote=2 val=3

## rank=3  algoId=66  tile=29  stages=36  cluster=3  inner=-1  ms=1.9366
    CUBLASLT_ALGO_CAP_REDUCTION_SCHEME_MASK      = 2
    CUBLASLT_ALGO_CAP_CTA_SWIZZLING_SUPPORT      = 0
    CUBLASLT_ALGO_CAP_STRIDED_BATCH_SUPPORT      = 1
    CUBLASLT_ALGO_CAP_OUT_OF_PLACE_RESULT_SUPPORT = 1
    CUBLASLT_ALGO_CAP_CUSTOM_OPTION_MAX          = 7
    CUBLASLT_ALGO_CAP_POINTER_MODE_MASK          = 3
    CUBLASLT_ALGO_CAP_EPILOGUE_MASK              = 1023
    CUBLASLT_ALGO_CAP_TILE_IDS                   = --  (status=7 wrote=0)
    CUBLASLT_ALGO_CAP_STAGES_IDS                 = [36] (n=1, elem=4B)
    CUBLASLT_ALGO_CONFIG_CLUSTER_SHAPE_ID sz=2 → status=0 wrote=2 val=3

# Winner:  rank=1  tile=23  stages=36  cluster=3  inner=-1  splitk=1  swizzle=0  ms=1.7858  cyc=3295683

@@RESULT ms=1.7858 cyc=3295683 tflops=4360.48 checksum=0.000000 valid=1 c0=0.0

[build] N=2048 K=4096 M=928256 flags=['-DM_TOTAL=928256', '-DN_DIM=2048', '-DK_DIM=4096']
$ make -B fc2-w3x DFLAGS=-DM_TOTAL=928256 -DN_DIM=2048 -DK_DIM=4096
nvcc -gencode arch=compute_100a,code=sm_100a -O3 -std=c++17 -lineinfo --ptxas-options=-v --cudart=static -DM_TOTAL=928256 -DN_DIM=2048 -DK_DIM=4096 fc2_w3x.cu -o fc2-w3x -lcurand_static -lculibos -lcuda
fc2_w3x.cu(1511): warning #177-D: function "mbar_arrive" was declared but never referenced
  void mbar_arrive(uint32_t addr) {
       ^

Remark: The warnings can be suppressed with "-diag-suppress <warning-number>"

ptxas info    : 0 bytes gmem
ptxas info    : Compiling entry function '_Z14fc2_w3x_kernelILi54ELi8ELi64EEv14CUtensorMap_stS0_S0_PK13__nv_bfloat16PS1_PmS5_S5_S5_S5_' for 'sm_100a'
ptxas info    : Function properties for _Z14fc2_w3x_kernelILi54ELi8ELi64EEv14CUtensorMap_stS0_S0_PK13__nv_bfloat16PS1_PmS5_S5_S5_S5_
    0 bytes stack frame, 0 bytes spill stores, 0 bytes spill loads
ptxas info    : Used 70 registers, used 1 barriers
ptxas info    : Compile time = 76.324 ms
ptxas info    : Compiling entry function '_Z14fc2_w3x_kernelILi54ELi8ELi48EEv14CUtensorMap_stS0_S0_PK13__nv_bfloat16PS1_PmS5_S5_S5_S5_' for 'sm_100a'
ptxas info    : Function properties for _Z14fc2_w3x_kernelILi54ELi8ELi48EEv14CUtensorMap_stS0_S0_PK13__nv_bfloat16PS1_PmS5_S5_S5_S5_
    0 bytes stack frame, 0 bytes spill stores, 0 bytes spill loads
ptxas info    : Used 70 registers, used 1 barriers
ptxas info    : Compile time = 74.141 ms
ptxas info    : Compiling entry function '_Z14fc2_w3x_kernelILi54ELi8ELi32EEv14CUtensorMap_stS0_S0_PK13__nv_bfloat16PS1_PmS5_S5_S5_S5_' for 'sm_100a'
ptxas info    : Function properties for _Z14fc2_w3x_kernelILi54ELi8ELi32EEv14CUtensorMap_stS0_S0_PK13__nv_bfloat16PS1_PmS5_S5_S5_S5_
    0 bytes stack frame, 0 bytes spill stores, 0 bytes spill loads
ptxas info    : Used 70 registers, used 1 barriers
ptxas info    : Compile time = 71.696 ms
ptxas info    : Compiling entry function '_Z14fc2_w3x_kernelILi54ELi8ELi24EEv14CUtensorMap_stS0_S0_PK13__nv_bfloat16PS1_PmS5_S5_S5_S5_' for 'sm_100a'
ptxas info    : Function properties for _Z14fc2_w3x_kernelILi54ELi8ELi24EEv14CUtensorMap_stS0_S0_PK13__nv_bfloat16PS1_PmS5_S5_S5_S5_
    0 bytes stack frame, 0 bytes spill stores, 0 bytes spill loads
ptxas info    : Used 70 registers, used 1 barriers
ptxas info    : Compile time = 72.081 ms
ptxas info    : Compiling entry function '_Z14fc2_w3x_kernelILi54ELi8ELi16EEv14CUtensorMap_stS0_S0_PK13__nv_bfloat16PS1_PmS5_S5_S5_S5_' for 'sm_100a'
ptxas info    : Function properties for _Z14fc2_w3x_kernelILi54ELi8ELi16EEv14CUtensorMap_stS0_S0_PK13__nv_bfloat16PS1_PmS5_S5_S5_S5_
    0 bytes stack frame, 0 bytes spill stores, 0 bytes spill loads
ptxas info    : Used 70 registers, used 1 barriers
ptxas info    : Compile time = 72.973 ms
ptxas info    : Compiling entry function '_Z14fc2_w3x_kernelILi54ELi8ELi12EEv14CUtensorMap_stS0_S0_PK13__nv_bfloat16PS1_PmS5_S5_S5_S5_' for 'sm_100a'
ptxas info    : Function properties for _Z14fc2_w3x_kernelILi54ELi8ELi12EEv14CUtensorMap_stS0_S0_PK13__nv_bfloat16PS1_PmS5_S5_S5_S5_
    0 bytes stack frame, 0 bytes spill stores, 0 bytes spill loads
ptxas info    : Used 70 registers, used 1 barriers
ptxas info    : Compile time = 72.090 ms
ptxas info    : Compiling entry function '_Z14fc2_w3x_kernelILi54ELi8ELi8EEv14CUtensorMap_stS0_S0_PK13__nv_bfloat16PS1_PmS5_S5_S5_S5_' for 'sm_100a'
ptxas info    : Function properties for _Z14fc2_w3x_kernelILi54ELi8ELi8EEv14CUtensorMap_stS0_S0_PK13__nv_bfloat16PS1_PmS5_S5_S5_S5_
    0 bytes stack frame, 0 bytes spill stores, 0 bytes spill loads
ptxas info    : Used 70 registers, used 1 barriers
ptxas info    : Compile time = 73.950 ms
ptxas info    : Compiling entry function '_Z14fc2_w3x_kernelILi54ELi8ELi4EEv14CUtensorMap_stS0_S0_PK13__nv_bfloat16PS1_PmS5_S5_S5_S5_' for 'sm_100a'
ptxas info    : Function properties for _Z14fc2_w3x_kernelILi54ELi8ELi4EEv14CUtensorMap_stS0_S0_PK13__nv_bfloat16PS1_PmS5_S5_S5_S5_
    0 bytes stack frame, 0 bytes spill stores, 0 bytes spill loads
ptxas info    : Used 70 registers, used 1 barriers
ptxas info    : Compile time = 73.409 ms
ptxas info    : Compiling entry function '_Z14fc2_w3x_kernelILi54ELi8ELi0EEv14CUtensorMap_stS0_S0_PK13__nv_bfloat16PS1_PmS5_S5_S5_S5_' for 'sm_100a'
ptxas info    : Function properties for _Z14fc2_w3x_kernelILi54ELi8ELi0EEv14CUtensorMap_stS0_S0_PK13__nv_bfloat16PS1_PmS5_S5_S5_S5_
    0 bytes stack frame, 0 bytes spill stores, 0 bytes spill loads
ptxas info    : Used 70 registers, used 1 barriers
ptxas info    : Compile time = 72.382 ms
ptxas info    : Compiling entry function '_Z14fc2_w3x_kernelILi99ELi8ELi20EEv14CUtensorMap_stS0_S0_PK13__nv_bfloat16PS1_PmS5_S5_S5_S5_' for 'sm_100a'
ptxas info    : Function properties for _Z14fc2_w3x_kernelILi99ELi8ELi20EEv14CUtensorMap_stS0_S0_PK13__nv_bfloat16PS1_PmS5_S5_S5_S5_
    0 bytes stack frame, 0 bytes spill stores, 0 bytes spill loads
ptxas info    : Used 70 registers, used 1 barriers
ptxas info    : Compile time = 72.713 ms
ptxas info    : Compiling entry function '_Z14fc2_w3x_kernelILi98ELi8ELi20EEv14CUtensorMap_stS0_S0_PK13__nv_bfloat16PS1_PmS5_S5_S5_S5_' for 'sm_100a'
ptxas info    : Function properties for _Z14fc2_w3x_kernelILi98ELi8ELi20EEv14CUtensorMap_stS0_S0_PK13__nv_bfloat16PS1_PmS5_S5_S5_S5_
    0 bytes stack frame, 0 bytes spill stores, 0 bytes spill loads
ptxas info    : Used 70 registers, used 1 barriers
ptxas info    : Compile time = 72.026 ms
ptxas info    : Compiling entry function '_Z14fc2_w3x_kernelILi97ELi8ELi20EEv14CUtensorMap_stS0_S0_PK13__nv_bfloat16PS1_PmS5_S5_S5_S5_' for 'sm_100a'
ptxas info    : Function properties for _Z14fc2_w3x_kernelILi97ELi8ELi20EEv14CUtensorMap_stS0_S0_PK13__nv_bfloat16PS1_PmS5_S5_S5_S5_
    0 bytes stack frame, 0 bytes spill stores, 0 bytes spill loads
ptxas info    : Used 70 registers, used 1 barriers
ptxas info    : Compile time = 72.610 ms
ptxas info    : Compiling entry function '_Z14fc2_w3x_kernelILi96ELi8ELi20EEv14CUtensorMap_stS0_S0_PK13__nv_bfloat16PS1_PmS5_S5_S5_S5_' for 'sm_100a'
ptxas info    : Function properties for _Z14fc2_w3x_kernelILi96ELi8ELi20EEv14CUtensorMap_stS0_S0_PK13__nv_bfloat16PS1_PmS5_S5_S5_S5_
    0 bytes stack frame, 0 bytes spill stores, 0 bytes spill loads
ptxas info    : Used 70 registers, used 1 barriers
ptxas info    : Compile time = 72.686 ms
ptxas info    : Compiling entry function '_Z14fc2_w3x_kernelILi95ELi8ELi20EEv14CUtensorMap_stS0_S0_PK13__nv_bfloat16PS1_PmS5_S5_S5_S5_' for 'sm_100a'
ptxas info    : Function properties for _Z14fc2_w3x_kernelILi95ELi8ELi20EEv14CUtensorMap_stS0_S0_PK13__nv_bfloat16PS1_PmS5_S5_S5_S5_
    0 bytes stack frame, 0 bytes spill stores, 0 bytes spill loads
ptxas info    : Used 70 registers, used 1 barriers
ptxas info    : Compile time = 72.705 ms
ptxas info    : Compiling entry function '_Z14fc2_w3x_kernelILi94ELi8ELi20EEv14CUtensorMap_stS0_S0_PK13__nv_bfloat16PS1_PmS5_S5_S5_S5_' for 'sm_100a'
ptxas info    : Function properties for _Z14fc2_w3x_kernelILi94ELi8ELi20EEv14CUtensorMap_stS0_S0_PK13__nv_bfloat16PS1_PmS5_S5_S5_S5_
    0 bytes stack frame, 0 bytes spill stores, 0 bytes spill loads
ptxas info    : Used 70 registers, used 1 barriers
ptxas info    : Compile time = 73.089 ms
ptxas info    : Compiling entry function '_Z14fc2_w3x_kernelILi93ELi8ELi20EEv14CUtensorMap_stS0_S0_PK13__nv_bfloat16PS1_PmS5_S5_S5_S5_' for 'sm_100a'
ptxas info    : Function properties for _Z14fc2_w3x_kernelILi93ELi8ELi20EEv14CUtensorMap_stS0_S0_PK13__nv_bfloat16PS1_PmS5_S5_S5_S5_
    0 bytes stack frame, 0 bytes spill stores, 0 bytes spill loads
ptxas info    : Used 70 registers, used 1 barriers
ptxas info    : Compile time = 73.315 ms
ptxas info    : Compiling entry function '_Z14fc2_w3x_kernelILi92ELi8ELi20EEv14CUtensorMap_stS0_S0_PK13__nv_bfloat16PS1_PmS5_S5_S5_S5_' for 'sm_100a'
ptxas info    : Function properties for _Z14fc2_w3x_kernelILi92ELi8ELi20EEv14CUtensorMap_stS0_S0_PK13__nv_bfloat16PS1_PmS5_S5_S5_S5_
    0 bytes stack frame, 0 bytes spill stores, 0 bytes spill loads
ptxas info    : Used 70 registers, used 1 barriers
ptxas info    : Compile time = 73.005 ms
ptxas info    : Compiling entry function '_Z14fc2_w3x_kernelILi91ELi8ELi20EEv14CUtensorMap_stS0_S0_PK13__nv_bfloat16PS1_PmS5_S5_S5_S5_' for 'sm_100a'
ptxas info    : Function properties for _Z14fc2_w3x_kernelILi91ELi8ELi20EEv14CUtensorMap_stS0_S0_PK13__nv_bfloat16PS1_PmS5_S5_S5_S5_
    0 bytes stack frame, 0 bytes spill stores, 0 bytes spill loads
ptxas info    : Used 70 registers, used 1 barriers
ptxas info    : Compile time = 72.827 ms
ptxas info    : Compiling entry function '_Z14fc2_w3x_kernelILi90ELi8ELi20EEv14CUtensorMap_stS0_S0_PK13__nv_bfloat16PS1_PmS5_S5_S5_S5_' for 'sm_100a'
ptxas info    : Function properties for _Z14fc2_w3x_kernelILi90ELi8ELi20EEv14CUtensorMap_stS0_S0_PK13__nv_bfloat16PS1_PmS5_S5_S5_S5_
    0 bytes stack frame, 0 bytes spill stores, 0 bytes spill loads
ptxas info    : Used 70 registers, used 1 barriers
ptxas info    : Compile time = 71.981 ms
ptxas info    : Compiling entry function '_Z14fc2_w3x_kernelILi89ELi8ELi20EEv14CUtensorMap_stS0_S0_PK13__nv_bfloat16PS1_PmS5_S5_S5_S5_' for 'sm_100a'
ptxas info    : Function properties for _Z14fc2_w3x_kernelILi89ELi8ELi20EEv14CUtensorMap_stS0_S0_PK13__nv_bfloat16PS1_PmS5_S5_S5_S5_
    0 bytes stack frame, 0 bytes spill stores, 0 bytes spill loads
ptxas info    : Used 70 registers, used 1 barriers
ptxas info    : Compile time = 72.031 ms
ptxas info    : Compiling entry function '_Z14fc2_w3x_kernelILi88ELi8ELi20EEv14CUtensorMap_stS0_S0_PK13__nv_bfloat16PS1_PmS5_S5_S5_S5_' for 'sm_100a'
ptxas info    : Function properties for _Z14fc2_w3x_kernelILi88ELi8ELi20EEv14CUtensorMap_stS0_S0_PK13__nv_bfloat16PS1_PmS5_S5_S5_S5_
    0 bytes stack frame, 0 bytes spill stores, 0 bytes spill loads
ptxas info    : Used 70 registers, used 1 barriers
ptxas info    : Compile time = 72.388 ms
ptxas info    : Compiling entry function '_Z14fc2_w3x_kernelILi87ELi8ELi20EEv14CUtensorMap_stS0_S0_PK13__nv_bfloat16PS1_PmS5_S5_S5_S5_' for 'sm_100a'
ptxas info    : Function properties for _Z14fc2_w3x_kernelILi87ELi8ELi20EEv14CUtensorMap_stS0_S0_PK13__nv_bfloat16PS1_PmS5_S5_S5_S5_
    0 bytes stack frame, 0 bytes spill stores, 0 bytes spill loads
ptxas info    : Used 70 registers, used 1 barriers
ptxas info    : Compile time = 72.903 ms
ptxas info    : Compiling entry function '_Z14fc2_w3x_kernelILi86ELi8ELi20EEv14CUtensorMap_stS0_S0_PK13__nv_bfloat16PS1_PmS5_S5_S5_S5_' for 'sm_100a'
ptxas info    : Function properties for _Z14fc2_w3x_kernelILi86ELi8ELi20EEv14CUtensorMap_stS0_S0_PK13__nv_bfloat16PS1_PmS5_S5_S5_S5_
    0 bytes stack frame, 0 bytes spill stores, 0 bytes spill loads
ptxas info    : Used 70 registers, used 1 barriers
ptxas info    : Compile time = 72.976 ms
ptxas info    : Compiling entry function '_Z14fc2_w3x_kernelILi85ELi8ELi20EEv14CUtensorMap_stS0_S0_PK13__nv_bfloat16PS1_PmS5_S5_S5_S5_' for 'sm_100a'
ptxas info    : Function properties for _Z14fc2_w3x_kernelILi85ELi8ELi20EEv14CUtensorMap_stS0_S0_PK13__nv_bfloat16PS1_PmS5_S5_S5_S5_
    0 bytes stack frame, 0 bytes spill stores, 0 bytes spill loads
ptxas info    : Used 70 registers, used 1 barriers
ptxas info    : Compile time = 72.960 ms
ptxas info    : Compiling entry function '_Z14fc2_w3x_kernelILi84ELi8ELi20EEv14CUtensorMap_stS0_S0_PK13__nv_bfloat16PS1_PmS5_S5_S5_S5_' for 'sm_100a'
ptxas info    : Function properties for _Z14fc2_w3x_kernelILi84ELi8ELi20EEv14CUtensorMap_stS0_S0_PK13__nv_bfloat16PS1_PmS5_S5_S5_S5_
    0 bytes stack frame, 0 bytes spill stores, 0 bytes spill loads
ptxas info    : Used 70 registers, used 1 barriers
ptxas info    : Compile time = 72.415 ms
ptxas info    : Compiling entry function '_Z14fc2_w3x_kernelILi83ELi8ELi20EEv14CUtensorMap_stS0_S0_PK13__nv_bfloat16PS1_PmS5_S5_S5_S5_' for 'sm_100a'
ptxas info    : Function properties for _Z14fc2_w3x_kernelILi83ELi8ELi20EEv14CUtensorMap_stS0_S0_PK13__nv_bfloat16PS1_PmS5_S5_S5_S5_
    0 bytes stack frame, 0 bytes spill stores, 0 bytes spill loads
ptxas info    : Used 70 registers, used 1 barriers
ptxas info    : Compile time = 72.626 ms
ptxas info    : Compiling entry function '_Z14fc2_w3x_kernelILi82ELi8ELi20EEv14CUtensorMap_stS0_S0_PK13__nv_bfloat16PS1_PmS5_S5_S5_S5_' for 'sm_100a'
ptxas info    : Function properties for _Z14fc2_w3x_kernelILi82ELi8ELi20EEv14CUtensorMap_stS0_S0_PK13__nv_bfloat16PS1_PmS5_S5_S5_S5_
    0 bytes stack frame, 0 bytes spill stores, 0 bytes spill loads
ptxas info    : Used 70 registers, used 1 barriers
ptxas info    : Compile time = 72.653 ms
ptxas info    : Compiling entry function '_Z14fc2_w3x_kernelILi81ELi8ELi20EEv14CUtensorMap_stS0_S0_PK13__nv_bfloat16PS1_PmS5_S5_S5_S5_' for 'sm_100a'
ptxas info    : Function properties for _Z14fc2_w3x_kernelILi81ELi8ELi20EEv14CUtensorMap_stS0_S0_PK13__nv_bfloat16PS1_PmS5_S5_S5_S5_
    0 bytes stack frame, 0 bytes spill stores, 0 bytes spill loads
ptxas info    : Used 70 registers, used 1 barriers
ptxas info    : Compile time = 71.649 ms
ptxas info    : Compiling entry function '_Z14fc2_w3x_kernelILi80ELi8ELi20EEv14CUtensorMap_stS0_S0_PK13__nv_bfloat16PS1_PmS5_S5_S5_S5_' for 'sm_100a'
ptxas info    : Function properties for _Z14fc2_w3x_kernelILi80ELi8ELi20EEv14CUtensorMap_stS0_S0_PK13__nv_bfloat16PS1_PmS5_S5_S5_S5_
    0 bytes stack frame, 0 bytes spill stores, 0 bytes spill loads
ptxas info    : Used 70 registers, used 1 barriers
ptxas info    : Compile time = 72.827 ms
ptxas info    : Compiling entry function '_Z14fc2_w3x_kernelILi58ELi8ELi20EEv14CUtensorMap_stS0_S0_PK13__nv_bfloat16PS1_PmS5_S5_S5_S5_' for 'sm_100a'
ptxas info    : Function properties for _Z14fc2_w3x_kernelILi58ELi8ELi20EEv14CUtensorMap_stS0_S0_PK13__nv_bfloat16PS1_PmS5_S5_S5_S5_
    0 bytes stack frame, 0 bytes spill stores, 0 bytes spill loads
ptxas info    : Used 70 registers, used 1 barriers
ptxas info    : Compile time = 73.549 ms
ptxas info    : Compiling entry function '_Z14fc2_w3x_kernelILi57ELi8ELi20EEv14CUtensorMap_stS0_S0_PK13__nv_bfloat16PS1_PmS5_S5_S5_S5_' for 'sm_100a'
ptxas info    : Function properties for _Z14fc2_w3x_kernelILi57ELi8ELi20EEv14CUtensorMap_stS0_S0_PK13__nv_bfloat16PS1_PmS5_S5_S5_S5_
    0 bytes stack frame, 0 bytes spill stores, 0 bytes spill loads
ptxas info    : Used 70 registers, used 1 barriers
ptxas info    : Compile time = 72.958 ms
ptxas info    : Compiling entry function '_Z14fc2_w3x_kernelILi56ELi8ELi20EEv14CUtensorMap_stS0_S0_PK13__nv_bfloat16PS1_PmS5_S5_S5_S5_' for 'sm_100a'
ptxas info    : Function properties for _Z14fc2_w3x_kernelILi56ELi8ELi20EEv14CUtensorMap_stS0_S0_PK13__nv_bfloat16PS1_PmS5_S5_S5_S5_
    0 bytes stack frame, 0 bytes spill stores, 0 bytes spill loads
ptxas info    : Used 70 registers, used 1 barriers
ptxas info    : Compile time = 73.223 ms
ptxas info    : Compiling entry function '_Z14fc2_w3x_kernelILi55ELi8ELi20EEv14CUtensorMap_stS0_S0_PK13__nv_bfloat16PS1_PmS5_S5_S5_S5_' for 'sm_100a'
ptxas info    : Function properties for _Z14fc2_w3x_kernelILi55ELi8ELi20EEv14CUtensorMap_stS0_S0_PK13__nv_bfloat16PS1_PmS5_S5_S5_S5_
    0 bytes stack frame, 0 bytes spill stores, 0 bytes spill loads
ptxas info    : Used 70 registers, used 1 barriers
ptxas info    : Compile time = 72.153 ms
ptxas info    : Compiling entry function '_Z14fc2_w3x_kernelILi54ELi8ELi20EEv14CUtensorMap_stS0_S0_PK13__nv_bfloat16PS1_PmS5_S5_S5_S5_' for 'sm_100a'
ptxas info    : Function properties for _Z14fc2_w3x_kernelILi54ELi8ELi20EEv14CUtensorMap_stS0_S0_PK13__nv_bfloat16PS1_PmS5_S5_S5_S5_
    0 bytes stack frame, 0 bytes spill stores, 0 bytes spill loads
ptxas info    : Used 70 registers, used 1 barriers
ptxas info    : Compile time = 74.190 ms
ptxas info    : Compiling entry function '_Z14fc2_w3x_kernelILi53ELi8ELi20EEv14CUtensorMap_stS0_S0_PK13__nv_bfloat16PS1_PmS5_S5_S5_S5_' for 'sm_100a'
ptxas info    : Function properties for _Z14fc2_w3x_kernelILi53ELi8ELi20EEv14CUtensorMap_stS0_S0_PK13__nv_bfloat16PS1_PmS5_S5_S5_S5_
    0 bytes stack frame, 0 bytes spill stores, 0 bytes spill loads
ptxas info    : Used 70 registers, used 1 barriers
ptxas info    : Compile time = 73.914 ms
ptxas info    : Compiling entry function '_Z14fc2_w3x_kernelILi52ELi8ELi20EEv14CUtensorMap_stS0_S0_PK13__nv_bfloat16PS1_PmS5_S5_S5_S5_' for 'sm_100a'
ptxas info    : Function properties for _Z14fc2_w3x_kernelILi52ELi8ELi20EEv14CUtensorMap_stS0_S0_PK13__nv_bfloat16PS1_PmS5_S5_S5_S5_
    0 bytes stack frame, 0 bytes spill stores, 0 bytes spill loads
ptxas info    : Used 70 registers, used 1 barriers
ptxas info    : Compile time = 74.363 ms
ptxas info    : Compiling entry function '_Z14fc2_w3x_kernelILi51ELi8ELi20EEv14CUtensorMap_stS0_S0_PK13__nv_bfloat16PS1_PmS5_S5_S5_S5_' for 'sm_100a'
ptxas info    : Function properties for _Z14fc2_w3x_kernelILi51ELi8ELi20EEv14CUtensorMap_stS0_S0_PK13__nv_bfloat16PS1_PmS5_S5_S5_S5_
    0 bytes stack frame, 0 bytes spill stores, 0 bytes spill loads
ptxas info    : Used 70 registers, used 1 barriers
ptxas info    : Compile time = 73.687 ms
ptxas info    : Compiling entry function '_Z14fc2_w3x_kernelILi50ELi8ELi20EEv14CUtensorMap_stS0_S0_PK13__nv_bfloat16PS1_PmS5_S5_S5_S5_' for 'sm_100a'
ptxas info    : Function properties for _Z14fc2_w3x_kernelILi50ELi8ELi20EEv14CUtensorMap_stS0_S0_PK13__nv_bfloat16PS1_PmS5_S5_S5_S5_
    0 bytes stack frame, 0 bytes spill stores, 0 bytes spill loads
ptxas info    : Used 70 registers, used 1 barriers
ptxas info    : Compile time = 72.303 ms
ptxas info    : Compiling entry function '_Z14fc2_w3x_kernelILi49ELi8ELi20EEv14CUtensorMap_stS0_S0_PK13__nv_bfloat16PS1_PmS5_S5_S5_S5_' for 'sm_100a'
ptxas info    : Function properties for _Z14fc2_w3x_kernelILi49ELi8ELi20EEv14CUtensorMap_stS0_S0_PK13__nv_bfloat16PS1_PmS5_S5_S5_S5_
    0 bytes stack frame, 0 bytes spill stores, 0 bytes spill loads
ptxas info    : Used 70 registers, used 1 barriers
ptxas info    : Compile time = 74.171 ms
ptxas info    : Compiling entry function '_Z14fc2_w3x_kernelILi19ELi16ELi20EEv14CUtensorMap_stS0_S0_PK13__nv_bfloat16PS1_PmS5_S5_S5_S5_' for 'sm_100a'
ptxas info    : Function properties for _Z14fc2_w3x_kernelILi19ELi16ELi20EEv14CUtensorMap_stS0_S0_PK13__nv_bfloat16PS1_PmS5_S5_S5_S5_
    0 bytes stack frame, 0 bytes spill stores, 0 bytes spill loads
ptxas info    : Used 70 registers, used 1 barriers
ptxas info    : Compile time = 73.460 ms
ptxas info    : Compiling entry function '_Z14fc2_w3x_kernelILi19ELi4ELi20EEv14CUtensorMap_stS0_S0_PK13__nv_bfloat16PS1_PmS5_S5_S5_S5_' for 'sm_100a'
ptxas info    : Function properties for _Z14fc2_w3x_kernelILi19ELi4ELi20EEv14CUtensorMap_stS0_S0_PK13__nv_bfloat16PS1_PmS5_S5_S5_S5_
    0 bytes stack frame, 0 bytes spill stores, 0 bytes spill loads
ptxas info    : Used 70 registers, used 1 barriers
ptxas info    : Compile time = 73.833 ms
ptxas info    : Compiling entry function '_Z14fc2_w3x_kernelILi48ELi8ELi20EEv14CUtensorMap_stS0_S0_PK13__nv_bfloat16PS1_PmS5_S5_S5_S5_' for 'sm_100a'
ptxas info    : Function properties for _Z14fc2_w3x_kernelILi48ELi8ELi20EEv14CUtensorMap_stS0_S0_PK13__nv_bfloat16PS1_PmS5_S5_S5_S5_
    0 bytes stack frame, 0 bytes spill stores, 0 bytes spill loads
ptxas info    : Used 70 registers, used 1 barriers
ptxas info    : Compile time = 74.967 ms
ptxas info    : Compiling entry function '_Z14fc2_w3x_kernelILi47ELi8ELi20EEv14CUtensorMap_stS0_S0_PK13__nv_bfloat16PS1_PmS5_S5_S5_S5_' for 'sm_100a'
ptxas info    : Function properties for _Z14fc2_w3x_kernelILi47ELi8ELi20EEv14CUtensorMap_stS0_S0_PK13__nv_bfloat16PS1_PmS5_S5_S5_S5_
    0 bytes stack frame, 0 bytes spill stores, 0 bytes spill loads
ptxas info    : Used 70 registers, used 1 barriers
ptxas info    : Compile time = 71.840 ms
ptxas info    : Compiling entry function '_Z14fc2_w3x_kernelILi46ELi8ELi20EEv14CUtensorMap_stS0_S0_PK13__nv_bfloat16PS1_PmS5_S5_S5_S5_' for 'sm_100a'
ptxas info    : Function properties for _Z14fc2_w3x_kernelILi46ELi8ELi20EEv14CUtensorMap_stS0_S0_PK13__nv_bfloat16PS1_PmS5_S5_S5_S5_
    0 bytes stack frame, 0 bytes spill stores, 0 bytes spill loads
ptxas info    : Used 70 registers, used 1 barriers
ptxas info    : Compile time = 72.128 ms
ptxas info    : Compiling entry function '_Z14fc2_w3x_kernelILi45ELi8ELi20EEv14CUtensorMap_stS0_S0_PK13__nv_bfloat16PS1_PmS5_S5_S5_S5_' for 'sm_100a'
ptxas info    : Function properties for _Z14fc2_w3x_kernelILi45ELi8ELi20EEv14CUtensorMap_stS0_S0_PK13__nv_bfloat16PS1_PmS5_S5_S5_S5_
    0 bytes stack frame, 0 bytes spill stores, 0 bytes spill loads
ptxas info    : Used 70 registers, used 1 barriers
ptxas info    : Compile time = 72.148 ms
ptxas info    : Compiling entry function '_Z14fc2_w3x_kernelILi44ELi8ELi20EEv14CUtensorMap_stS0_S0_PK13__nv_bfloat16PS1_PmS5_S5_S5_S5_' for 'sm_100a'
ptxas info    : Function properties for _Z14fc2_w3x_kernelILi44ELi8ELi20EEv14CUtensorMap_stS0_S0_PK13__nv_bfloat16PS1_PmS5_S5_S5_S5_
    0 bytes stack frame, 0 bytes spill stores, 0 bytes spill loads
ptxas info    : Used 70 registers, used 1 barriers
ptxas info    : Compile time = 72.269 ms
ptxas info    : Compiling entry function '_Z14fc2_w3x_kernelILi43ELi8ELi20EEv14CUtensorMap_stS0_S0_PK13__nv_bfloat16PS1_PmS5_S5_S5_S5_' for 'sm_100a'
ptxas info    : Function properties for _Z14fc2_w3x_kernelILi43ELi8ELi20EEv14CUtensorMap_stS0_S0_PK13__nv_bfloat16PS1_PmS5_S5_S5_S5_
    0 bytes stack frame, 0 bytes spill stores, 0 bytes spill loads
ptxas info    : Used 70 registers, used 1 barriers
ptxas info    : Compile time = 72.887 ms
ptxas info    : Compiling entry function '_Z14fc2_w3x_kernelILi41ELi8ELi20EEv14CUtensorMap_stS0_S0_PK13__nv_bfloat16PS1_PmS5_S5_S5_S5_' for 'sm_100a'
ptxas info    : Function properties for _Z14fc2_w3x_kernelILi41ELi8ELi20EEv14CUtensorMap_stS0_S0_PK13__nv_bfloat16PS1_PmS5_S5_S5_S5_
    0 bytes stack frame, 0 bytes spill stores, 0 bytes spill loads
ptxas info    : Used 70 registers, used 1 barriers
ptxas info    : Compile time = 71.280 ms
ptxas info    : Compiling entry function '_Z14fc2_w3x_kernelILi40ELi8ELi20EEv14CUtensorMap_stS0_S0_PK13__nv_bfloat16PS1_PmS5_S5_S5_S5_' for 'sm_100a'
ptxas info    : Function properties for _Z14fc2_w3x_kernelILi40ELi8ELi20EEv14CUtensorMap_stS0_S0_PK13__nv_bfloat16PS1_PmS5_S5_S5_S5_
    0 bytes stack frame, 0 bytes spill stores, 0 bytes spill loads
ptxas info    : Used 70 registers, used 1 barriers
ptxas info    : Compile time = 71.092 ms
ptxas info    : Compiling entry function '_Z14fc2_w3x_kernelILi39ELi8ELi20EEv14CUtensorMap_stS0_S0_PK13__nv_bfloat16PS1_PmS5_S5_S5_S5_' for 'sm_100a'
ptxas info    : Function properties for _Z14fc2_w3x_kernelILi39ELi8ELi20EEv14CUtensorMap_stS0_S0_PK13__nv_bfloat16PS1_PmS5_S5_S5_S5_
    0 bytes stack frame, 0 bytes spill stores, 0 bytes spill loads
ptxas info    : Used 70 registers, used 1 barriers
ptxas info    : Compile time = 72.473 ms
ptxas info    : Compiling entry function '_Z14fc2_w3x_kernelILi38ELi8ELi20EEv14CUtensorMap_stS0_S0_PK13__nv_bfloat16PS1_PmS5_S5_S5_S5_' for 'sm_100a'
ptxas info    : Function properties for _Z14fc2_w3x_kernelILi38ELi8ELi20EEv14CUtensorMap_stS0_S0_PK13__nv_bfloat16PS1_PmS5_S5_S5_S5_
    0 bytes stack frame, 0 bytes spill stores, 0 bytes spill loads
ptxas info    : Used 70 registers, used 1 barriers
ptxas info    : Compile time = 73.323 ms
ptxas info    : Compiling entry function '_Z14fc2_w3x_kernelILi36ELi4ELi20EEv14CUtensorMap_stS0_S0_PK13__nv_bfloat16PS1_PmS5_S5_S5_S5_' for 'sm_100a'
ptxas info    : Function properties for _Z14fc2_w3x_kernelILi36ELi4ELi20EEv14CUtensorMap_stS0_S0_PK13__nv_bfloat16PS1_PmS5_S5_S5_S5_
    0 bytes stack frame, 0 bytes spill stores, 0 bytes spill loads
ptxas info    : Used 70 registers, used 1 barriers
ptxas info    : Compile time = 71.420 ms
ptxas info    : Compiling entry function '_Z14fc2_w3x_kernelILi35ELi4ELi20EEv14CUtensorMap_stS0_S0_PK13__nv_bfloat16PS1_PmS5_S5_S5_S5_' for 'sm_100a'
ptxas info    : Function properties for _Z14fc2_w3x_kernelILi35ELi4ELi20EEv14CUtensorMap_stS0_S0_PK13__nv_bfloat16PS1_PmS5_S5_S5_S5_
    0 bytes stack frame, 0 bytes spill stores, 0 bytes spill loads
ptxas info    : Used 70 registers, used 1 barriers
ptxas info    : Compile time = 73.972 ms
ptxas info    : Compiling entry function '_Z14fc2_w3x_kernelILi34ELi8ELi20EEv14CUtensorMap_stS0_S0_PK13__nv_bfloat16PS1_PmS5_S5_S5_S5_' for 'sm_100a'
ptxas info    : Function properties for _Z14fc2_w3x_kernelILi34ELi8ELi20EEv14CUtensorMap_stS0_S0_PK13__nv_bfloat16PS1_PmS5_S5_S5_S5_
    0 bytes stack frame, 0 bytes spill stores, 0 bytes spill loads
ptxas info    : Used 70 registers, used 1 barriers
ptxas info    : Compile time = 72.119 ms
ptxas info    : Compiling entry function '_Z14fc2_w3x_kernelILi33ELi8ELi20EEv14CUtensorMap_stS0_S0_PK13__nv_bfloat16PS1_PmS5_S5_S5_S5_' for 'sm_100a'
ptxas info    : Function properties for _Z14fc2_w3x_kernelILi33ELi8ELi20EEv14CUtensorMap_stS0_S0_PK13__nv_bfloat16PS1_PmS5_S5_S5_S5_
    0 bytes stack frame, 0 bytes spill stores, 0 bytes spill loads
ptxas info    : Used 70 registers, used 1 barriers
ptxas info    : Compile time = 72.050 ms
ptxas info    : Compiling entry function '_Z14fc2_w3x_kernelILi19ELi8ELi20EEv14CUtensorMap_stS0_S0_PK13__nv_bfloat16PS1_PmS5_S5_S5_S5_' for 'sm_100a'
ptxas info    : Function properties for _Z14fc2_w3x_kernelILi19ELi8ELi20EEv14CUtensorMap_stS0_S0_PK13__nv_bfloat16PS1_PmS5_S5_S5_S5_
    0 bytes stack frame, 0 bytes spill stores, 0 bytes spill loads
ptxas info    : Used 70 registers, used 1 barriers
ptxas info    : Compile time = 70.986 ms
ptxas info    : Compiling entry function '_Z14fc2_w3x_kernelILi18ELi8ELi20EEv14CUtensorMap_stS0_S0_PK13__nv_bfloat16PS1_PmS5_S5_S5_S5_' for 'sm_100a'
ptxas info    : Function properties for _Z14fc2_w3x_kernelILi18ELi8ELi20EEv14CUtensorMap_stS0_S0_PK13__nv_bfloat16PS1_PmS5_S5_S5_S5_
    0 bytes stack frame, 0 bytes spill stores, 0 bytes spill loads
ptxas info    : Used 70 registers, used 1 barriers
ptxas info    : Compile time = 72.661 ms
ptxas info    : Compiling entry function '_Z14fc2_w3x_kernelILi13ELi8ELi20EEv14CUtensorMap_stS0_S0_PK13__nv_bfloat16PS1_PmS5_S5_S5_S5_' for 'sm_100a'
ptxas info    : Function properties for _Z14fc2_w3x_kernelILi13ELi8ELi20EEv14CUtensorMap_stS0_S0_PK13__nv_bfloat16PS1_PmS5_S5_S5_S5_
    0 bytes stack frame, 0 bytes spill stores, 0 bytes spill loads
ptxas info    : Used 70 registers, used 1 barriers
ptxas info    : Compile time = 70.199 ms
ptxas info    : Compiling entry function '_Z14fc2_w3x_kernelILi11ELi8ELi20EEv14CUtensorMap_stS0_S0_PK13__nv_bfloat16PS1_PmS5_S5_S5_S5_' for 'sm_100a'
ptxas info    : Function properties for _Z14fc2_w3x_kernelILi11ELi8ELi20EEv14CUtensorMap_stS0_S0_PK13__nv_bfloat16PS1_PmS5_S5_S5_S5_
    0 bytes stack frame, 0 bytes spill stores, 0 bytes spill loads
ptxas info    : Used 70 registers, used 1 barriers
ptxas info    : Compile time = 69.892 ms
ptxas info    : Compiling entry function '_Z14fc2_w3x_kernelILi0ELi32ELi20EEv14CUtensorMap_stS0_S0_PK13__nv_bfloat16PS1_PmS5_S5_S5_S5_' for 'sm_100a'
ptxas info    : Function properties for _Z14fc2_w3x_kernelILi0ELi32ELi20EEv14CUtensorMap_stS0_S0_PK13__nv_bfloat16PS1_PmS5_S5_S5_S5_
    0 bytes stack frame, 0 bytes spill stores, 0 bytes spill loads
ptxas info    : Used 70 registers, used 1 barriers
ptxas info    : Compile time = 72.668 ms
ptxas info    : Compiling entry function '_Z14fc2_w3x_kernelILi0ELi16ELi20EEv14CUtensorMap_stS0_S0_PK13__nv_bfloat16PS1_PmS5_S5_S5_S5_' for 'sm_100a'
ptxas info    : Function properties for _Z14fc2_w3x_kernelILi0ELi16ELi20EEv14CUtensorMap_stS0_S0_PK13__nv_bfloat16PS1_PmS5_S5_S5_S5_
    0 bytes stack frame, 0 bytes spill stores, 0 bytes spill loads
ptxas info    : Used 70 registers, used 1 barriers
ptxas info    : Compile time = 71.800 ms
ptxas info    : Compiling entry function '_Z14fc2_w3x_kernelILi0ELi4ELi20EEv14CUtensorMap_stS0_S0_PK13__nv_bfloat16PS1_PmS5_S5_S5_S5_' for 'sm_100a'
ptxas info    : Function properties for _Z14fc2_w3x_kernelILi0ELi4ELi20EEv14CUtensorMap_stS0_S0_PK13__nv_bfloat16PS1_PmS5_S5_S5_S5_
    0 bytes stack frame, 0 bytes spill stores, 0 bytes spill loads
ptxas info    : Used 70 registers, used 1 barriers
ptxas info    : Compile time = 72.391 ms
ptxas info    : Compiling entry function '_Z14fc2_w3x_kernelILi0ELi2ELi20EEv14CUtensorMap_stS0_S0_PK13__nv_bfloat16PS1_PmS5_S5_S5_S5_' for 'sm_100a'
ptxas info    : Function properties for _Z14fc2_w3x_kernelILi0ELi2ELi20EEv14CUtensorMap_stS0_S0_PK13__nv_bfloat16PS1_PmS5_S5_S5_S5_
    0 bytes stack frame, 0 bytes spill stores, 0 bytes spill loads
ptxas info    : Used 70 registers, used 1 barriers
ptxas info    : Compile time = 69.301 ms
ptxas info    : Compiling entry function '_Z14fc2_w3x_kernelILi0ELi8ELi20EEv14CUtensorMap_stS0_S0_PK13__nv_bfloat16PS1_PmS5_S5_S5_S5_' for 'sm_100a'
ptxas info    : Function properties for _Z14fc2_w3x_kernelILi0ELi8ELi20EEv14CUtensorMap_stS0_S0_PK13__nv_bfloat16PS1_PmS5_S5_S5_S5_
    0 bytes stack frame, 0 bytes spill stores, 0 bytes spill loads
ptxas info    : Used 70 registers, used 1 barriers
ptxas info    : Compile time = 71.518 ms
--- rep 1/3 ec=0
FC2 W3X kernel — 6-warp bias-only rank-1-shaped persistent
  [928256,4096] x [2048,4096]^T  NS=5  THREADS=192  SMEM=186112 B  (cap 228KB)
  Alloc + init + pack done
  TMA + func attr done (SMEM=186112 B)  variant=default TD=0 DGG=8
Warmup (2 iters)...
Timing 1 reps × 10 iters/rep × 1 variant ...
@@SAMPLE rep=1 ms=3.66162 cyc=6746707 cyc_min=6700334 cyc_p50=6716280 cyc_p95=6737794 cyc_max=6746707
@@STATS reps=1 mean=3.66162 std=0.00000 min=3.66162 p25=3.66162 p50=3.66162 p75=3.66162 max=3.66162 iqr=0.00000
FC2-W3X kernel: 3.662 ms  4253.19 TFLOPS
PASS  errors=0/32
@@RESULT ms=3.6616 tflops=4253.19 checksum=0.000000 valid=1 c0=6144.0
--- rep 2/3 ec=0
FC2 W3X kernel — 6-warp bias-only rank-1-shaped persistent
  [928256,4096] x [2048,4096]^T  NS=5  THREADS=192  SMEM=186112 B  (cap 228KB)
  Alloc + init + pack done
  TMA + func attr done (SMEM=186112 B)  variant=default TD=0 DGG=8
Warmup (2 iters)...
Timing 1 reps × 10 iters/rep × 1 variant ...
@@SAMPLE rep=1 ms=3.65737 cyc=6738257 cyc_min=6694604 cyc_p50=6712118 cyc_p95=6736698 cyc_max=6738257
@@STATS reps=1 mean=3.65737 std=0.00000 min=3.65737 p25=3.65737 p50=3.65737 p75=3.65737 max=3.65737 iqr=0.00000
FC2-W3X kernel: 3.657 ms  4258.13 TFLOPS
PASS  errors=0/32
@@RESULT ms=3.6574 tflops=4258.13 checksum=0.000000 valid=1 c0=6144.0
--- rep 3/3 ec=0
FC2 W3X kernel — 6-warp bias-only rank-1-shaped persistent
  [928256,4096] x [2048,4096]^T  NS=5  THREADS=192  SMEM=186112 B  (cap 228KB)
  Alloc + init + pack done
  TMA + func attr done (SMEM=186112 B)  variant=default TD=0 DGG=8
Warmup (2 iters)...
Timing 1 reps × 10 iters/rep × 1 variant ...
@@SAMPLE rep=1 ms=3.65916 cyc=6742287 cyc_min=6696235 cyc_p50=6715850 cyc_p95=6738373 cyc_max=6742287
@@STATS reps=1 mean=3.65916 std=0.00000 min=3.65916 p25=3.65916 p50=3.65916 p75=3.65916 max=3.65916 iqr=0.00000
FC2-W3X kernel: 3.659 ms  4256.04 TFLOPS
PASS  errors=0/32
@@RESULT ms=3.6592 tflops=4256.04 checksum=0.000000 valid=1 c0=6144.0
--- cublas epi=3 rep 1/1 ec=0
### CUBLASLT INTROSPECT M=928256 N=2048 K=4096 epi=bias_only scale=per_tensor
### Heuristics returned: 8

# TSV
rank	heur	ms	cyc	algoId	tile	stages	cluster	inner	splitk	redux	swizzle	custom	waves	ws_MB
1	0	3.5137	6483402	66	23	36	3	-1	1	0	0	1	392.00	0.0
2	3	3.5499	6550243	66	32	36	3	-1	1	0	0	1	522.70	0.0
3	5	3.7233	6869902	66	29	36	3	-1	1	0	0	1	627.24	0.0
4	4	3.9302	7251638	66	201	36	5	-1	1	0	0	2	588.00	0.0
5	7	3.9666	7316856	66	232	36	3	-1	1	0	0	1	261.35	0.0
6	2	4.1331	7624306	66	513	36	3	-1	1	0	0	1	196.00	0.0
7	1	4.1687	7691095	66	24	36	5	-1	1	0	0	3	392.00	0.0
8	6	4.9305	9096308	66	495	36	5	-1	1	0	0	3	522.70	0.0

# Top-3 caps:

## rank=1  algoId=66  tile=23  stages=36  cluster=3  inner=-1  ms=3.5137
    CUBLASLT_ALGO_CAP_REDUCTION_SCHEME_MASK      = 2
    CUBLASLT_ALGO_CAP_CTA_SWIZZLING_SUPPORT      = 0
    CUBLASLT_ALGO_CAP_STRIDED_BATCH_SUPPORT      = 1
    CUBLASLT_ALGO_CAP_OUT_OF_PLACE_RESULT_SUPPORT = 1
    CUBLASLT_ALGO_CAP_CUSTOM_OPTION_MAX          = 7
    CUBLASLT_ALGO_CAP_POINTER_MODE_MASK          = 3
    CUBLASLT_ALGO_CAP_EPILOGUE_MASK              = 1023
    CUBLASLT_ALGO_CAP_TILE_IDS                   = --  (status=7 wrote=0)
    CUBLASLT_ALGO_CAP_STAGES_IDS                 = [36] (n=1, elem=4B)
    CUBLASLT_ALGO_CONFIG_CLUSTER_SHAPE_ID sz=2 → status=0 wrote=2 val=3

## rank=2  algoId=66  tile=32  stages=36  cluster=3  inner=-1  ms=3.5499
    CUBLASLT_ALGO_CAP_REDUCTION_SCHEME_MASK      = 2
    CUBLASLT_ALGO_CAP_CTA_SWIZZLING_SUPPORT      = 0
    CUBLASLT_ALGO_CAP_STRIDED_BATCH_SUPPORT      = 1
    CUBLASLT_ALGO_CAP_OUT_OF_PLACE_RESULT_SUPPORT = 1
    CUBLASLT_ALGO_CAP_CUSTOM_OPTION_MAX          = 7
    CUBLASLT_ALGO_CAP_POINTER_MODE_MASK          = 3
    CUBLASLT_ALGO_CAP_EPILOGUE_MASK              = 1023
    CUBLASLT_ALGO_CAP_TILE_IDS                   = --  (status=7 wrote=0)
    CUBLASLT_ALGO_CAP_STAGES_IDS                 = [36] (n=1, elem=4B)
    CUBLASLT_ALGO_CONFIG_CLUSTER_SHAPE_ID sz=2 → status=0 wrote=2 val=3

## rank=3  algoId=66  tile=29  stages=36  cluster=3  inner=-1  ms=3.7233
    CUBLASLT_ALGO_CAP_REDUCTION_SCHEME_MASK      = 2
    CUBLASLT_ALGO_CAP_CTA_SWIZZLING_SUPPORT      = 0
    CUBLASLT_ALGO_CAP_STRIDED_BATCH_SUPPORT      = 1
    CUBLASLT_ALGO_CAP_OUT_OF_PLACE_RESULT_SUPPORT = 1
    CUBLASLT_ALGO_CAP_CUSTOM_OPTION_MAX          = 7
    CUBLASLT_ALGO_CAP_POINTER_MODE_MASK          = 3
    CUBLASLT_ALGO_CAP_EPILOGUE_MASK              = 1023
    CUBLASLT_ALGO_CAP_TILE_IDS                   = --  (status=7 wrote=0)
    CUBLASLT_ALGO_CAP_STAGES_IDS                 = [36] (n=1, elem=4B)
    CUBLASLT_ALGO_CONFIG_CLUSTER_SHAPE_ID sz=2 → status=0 wrote=2 val=3

# Winner:  rank=1  tile=23  stages=36  cluster=3  inner=-1  splitk=1  swizzle=0  ms=3.5137  cyc=6483402

@@RESULT ms=3.5137 cyc=6483402 tflops=4432.24 checksum=0.000000 valid=1 c0=0.0
--- cublas epi=0 rep 1/1 ec=0
### CUBLASLT INTROSPECT M=928256 N=2048 K=4096 epi=none scale=per_tensor
### Heuristics returned: 8

# TSV
rank	heur	ms	cyc	algoId	tile	stages	cluster	inner	splitk	redux	swizzle	custom	waves	ws_MB
1	0	3.5157	6487058	66	23	36	3	-1	1	0	0	1	392.00	0.0
2	3	3.5425	6536687	66	32	36	3	-1	1	0	0	1	522.70	0.0
3	5	3.7138	6852699	66	29	36	3	-1	1	0	0	1	627.24	0.0
4	7	3.9059	7205432	66	232	36	3	-1	1	0	0	1	261.35	0.0
5	4	3.9243	7240819	66	201	36	5	-1	1	0	0	2	588.00	0.0
6	2	3.9992	7377461	66	513	36	3	-1	1	0	0	1	196.00	0.0
7	1	4.1448	7647348	66	24	36	5	-1	1	0	0	3	392.00	0.0
8	6	4.8946	9030089	66	495	36	5	-1	1	0	0	3	522.70	0.0

# Top-3 caps:

## rank=1  algoId=66  tile=23  stages=36  cluster=3  inner=-1  ms=3.5157
    CUBLASLT_ALGO_CAP_REDUCTION_SCHEME_MASK      = 2
    CUBLASLT_ALGO_CAP_CTA_SWIZZLING_SUPPORT      = 0
    CUBLASLT_ALGO_CAP_STRIDED_BATCH_SUPPORT      = 1
    CUBLASLT_ALGO_CAP_OUT_OF_PLACE_RESULT_SUPPORT = 1
    CUBLASLT_ALGO_CAP_CUSTOM_OPTION_MAX          = 7
    CUBLASLT_ALGO_CAP_POINTER_MODE_MASK          = 3
    CUBLASLT_ALGO_CAP_EPILOGUE_MASK              = 1023
    CUBLASLT_ALGO_CAP_TILE_IDS                   = --  (status=7 wrote=0)
    CUBLASLT_ALGO_CAP_STAGES_IDS                 = [36] (n=1, elem=4B)
    CUBLASLT_ALGO_CONFIG_CLUSTER_SHAPE_ID sz=2 → status=0 wrote=2 val=3

## rank=2  algoId=66  tile=32  stages=36  cluster=3  inner=-1  ms=3.5425
    CUBLASLT_ALGO_CAP_REDUCTION_SCHEME_MASK      = 2
    CUBLASLT_ALGO_CAP_CTA_SWIZZLING_SUPPORT      = 0
    CUBLASLT_ALGO_CAP_STRIDED_BATCH_SUPPORT      = 1
    CUBLASLT_ALGO_CAP_OUT_OF_PLACE_RESULT_SUPPORT = 1
    CUBLASLT_ALGO_CAP_CUSTOM_OPTION_MAX          = 7
    CUBLASLT_ALGO_CAP_POINTER_MODE_MASK          = 3
    CUBLASLT_ALGO_CAP_EPILOGUE_MASK              = 1023
    CUBLASLT_ALGO_CAP_TILE_IDS                   = --  (status=7 wrote=0)
    CUBLASLT_ALGO_CAP_STAGES_IDS                 = [36] (n=1, elem=4B)
    CUBLASLT_ALGO_CONFIG_CLUSTER_SHAPE_ID sz=2 → status=0 wrote=2 val=3

## rank=3  algoId=66  tile=29  stages=36  cluster=3  inner=-1  ms=3.7138
    CUBLASLT_ALGO_CAP_REDUCTION_SCHEME_MASK      = 2
    CUBLASLT_ALGO_CAP_CTA_SWIZZLING_SUPPORT      = 0
    CUBLASLT_ALGO_CAP_STRIDED_BATCH_SUPPORT      = 1
    CUBLASLT_ALGO_CAP_OUT_OF_PLACE_RESULT_SUPPORT = 1
    CUBLASLT_ALGO_CAP_CUSTOM_OPTION_MAX          = 7
    CUBLASLT_ALGO_CAP_POINTER_MODE_MASK          = 3
    CUBLASLT_ALGO_CAP_EPILOGUE_MASK              = 1023
    CUBLASLT_ALGO_CAP_TILE_IDS                   = --  (status=7 wrote=0)
    CUBLASLT_ALGO_CAP_STAGES_IDS                 = [36] (n=1, elem=4B)
    CUBLASLT_ALGO_CONFIG_CLUSTER_SHAPE_ID sz=2 → status=0 wrote=2 val=3

# Winner:  rank=1  tile=23  stages=36  cluster=3  inner=-1  splitk=1  swizzle=0  ms=3.5157  cyc=6487058

@@RESULT ms=3.5157 cyc=6487058 tflops=4429.77 checksum=0.000000 valid=1 c0=0.0

[build] N=2048 K=8192 M=928256 flags=['-DM_TOTAL=928256', '-DN_DIM=2048', '-DK_DIM=8192']
$ make -B fc2-w3x DFLAGS=-DM_TOTAL=928256 -DN_DIM=2048 -DK_DIM=8192
nvcc -gencode arch=compute_100a,code=sm_100a -O3 -std=c++17 -lineinfo --ptxas-options=-v --cudart=static -DM_TOTAL=928256 -DN_DIM=2048 -DK_DIM=8192 fc2_w3x.cu -o fc2-w3x -lcurand_static -lculibos -lcuda
fc2_w3x.cu(1511): warning #177-D: function "mbar_arrive" was declared but never referenced
  void mbar_arrive(uint32_t addr) {
       ^

Remark: The warnings can be suppressed with "-diag-suppress <warning-number>"

ptxas info    : 0 bytes gmem
ptxas info    : Compiling entry function '_Z14fc2_w3x_kernelILi54ELi8ELi64EEv14CUtensorMap_stS0_S0_PK13__nv_bfloat16PS1_PmS5_S5_S5_S5_' for 'sm_100a'
ptxas info    : Function properties for _Z14fc2_w3x_kernelILi54ELi8ELi64EEv14CUtensorMap_stS0_S0_PK13__nv_bfloat16PS1_PmS5_S5_S5_S5_
    0 bytes stack frame, 0 bytes spill stores, 0 bytes spill loads
ptxas info    : Used 70 registers, used 1 barriers
ptxas info    : Compile time = 145.540 ms
ptxas info    : Compiling entry function '_Z14fc2_w3x_kernelILi54ELi8ELi48EEv14CUtensorMap_stS0_S0_PK13__nv_bfloat16PS1_PmS5_S5_S5_S5_' for 'sm_100a'
ptxas info    : Function properties for _Z14fc2_w3x_kernelILi54ELi8ELi48EEv14CUtensorMap_stS0_S0_PK13__nv_bfloat16PS1_PmS5_S5_S5_S5_
    0 bytes stack frame, 0 bytes spill stores, 0 bytes spill loads
ptxas info    : Used 70 registers, used 1 barriers
ptxas info    : Compile time = 144.225 ms
ptxas info    : Compiling entry function '_Z14fc2_w3x_kernelILi54ELi8ELi32EEv14CUtensorMap_stS0_S0_PK13__nv_bfloat16PS1_PmS5_S5_S5_S5_' for 'sm_100a'
ptxas info    : Function properties for _Z14fc2_w3x_kernelILi54ELi8ELi32EEv14CUtensorMap_stS0_S0_PK13__nv_bfloat16PS1_PmS5_S5_S5_S5_
    0 bytes stack frame, 0 bytes spill stores, 0 bytes spill loads
ptxas info    : Used 70 registers, used 1 barriers
ptxas info    : Compile time = 141.464 ms
ptxas info    : Compiling entry function '_Z14fc2_w3x_kernelILi54ELi8ELi24EEv14CUtensorMap_stS0_S0_PK13__nv_bfloat16PS1_PmS5_S5_S5_S5_' for 'sm_100a'
ptxas info    : Function properties for _Z14fc2_w3x_kernelILi54ELi8ELi24EEv14CUtensorMap_stS0_S0_PK13__nv_bfloat16PS1_PmS5_S5_S5_S5_
    0 bytes stack frame, 0 bytes spill stores, 0 bytes spill loads
ptxas info    : Used 70 registers, used 1 barriers
ptxas info    : Compile time = 138.483 ms
ptxas info    : Compiling entry function '_Z14fc2_w3x_kernelILi54ELi8ELi16EEv14CUtensorMap_stS0_S0_PK13__nv_bfloat16PS1_PmS5_S5_S5_S5_' for 'sm_100a'
ptxas info    : Function properties for _Z14fc2_w3x_kernelILi54ELi8ELi16EEv14CUtensorMap_stS0_S0_PK13__nv_bfloat16PS1_PmS5_S5_S5_S5_
    0 bytes stack frame, 0 bytes spill stores, 0 bytes spill loads
ptxas info    : Used 70 registers, used 1 barriers
ptxas info    : Compile time = 139.402 ms
ptxas info    : Compiling entry function '_Z14fc2_w3x_kernelILi54ELi8ELi12EEv14CUtensorMap_stS0_S0_PK13__nv_bfloat16PS1_PmS5_S5_S5_S5_' for 'sm_100a'
ptxas info    : Function properties for _Z14fc2_w3x_kernelILi54ELi8ELi12EEv14CUtensorMap_stS0_S0_PK13__nv_bfloat16PS1_PmS5_S5_S5_S5_
    0 bytes stack frame, 0 bytes spill stores, 0 bytes spill loads
ptxas info    : Used 70 registers, used 1 barriers
ptxas info    : Compile time = 138.916 ms
ptxas info    : Compiling entry function '_Z14fc2_w3x_kernelILi54ELi8ELi8EEv14CUtensorMap_stS0_S0_PK13__nv_bfloat16PS1_PmS5_S5_S5_S5_' for 'sm_100a'
ptxas info    : Function properties for _Z14fc2_w3x_kernelILi54ELi8ELi8EEv14CUtensorMap_stS0_S0_PK13__nv_bfloat16PS1_PmS5_S5_S5_S5_
    0 bytes stack frame, 0 bytes spill stores, 0 bytes spill loads
ptxas info    : Used 70 registers, used 1 barriers
ptxas info    : Compile time = 139.393 ms
ptxas info    : Compiling entry function '_Z14fc2_w3x_kernelILi54ELi8ELi4EEv14CUtensorMap_stS0_S0_PK13__nv_bfloat16PS1_PmS5_S5_S5_S5_' for 'sm_100a'
ptxas info    : Function properties for _Z14fc2_w3x_kernelILi54ELi8ELi4EEv14CUtensorMap_stS0_S0_PK13__nv_bfloat16PS1_PmS5_S5_S5_S5_
    0 bytes stack frame, 0 bytes spill stores, 0 bytes spill loads
ptxas info    : Used 70 registers, used 1 barriers
ptxas info    : Compile time = 139.203 ms
ptxas info    : Compiling entry function '_Z14fc2_w3x_kernelILi54ELi8ELi0EEv14CUtensorMap_stS0_S0_PK13__nv_bfloat16PS1_PmS5_S5_S5_S5_' for 'sm_100a'
ptxas info    : Function properties for _Z14fc2_w3x_kernelILi54ELi8ELi0EEv14CUtensorMap_stS0_S0_PK13__nv_bfloat16PS1_PmS5_S5_S5_S5_
    0 bytes stack frame, 0 bytes spill stores, 0 bytes spill loads
ptxas info    : Used 70 registers, used 1 barriers
ptxas info    : Compile time = 139.767 ms
ptxas info    : Compiling entry function '_Z14fc2_w3x_kernelILi99ELi8ELi20EEv14CUtensorMap_stS0_S0_PK13__nv_bfloat16PS1_PmS5_S5_S5_S5_' for 'sm_100a'
ptxas info    : Function properties for _Z14fc2_w3x_kernelILi99ELi8ELi20EEv14CUtensorMap_stS0_S0_PK13__nv_bfloat16PS1_PmS5_S5_S5_S5_
    0 bytes stack frame, 0 bytes spill stores, 0 bytes spill loads
ptxas info    : Used 70 registers, used 1 barriers
ptxas info    : Compile time = 138.758 ms
ptxas info    : Compiling entry function '_Z14fc2_w3x_kernelILi98ELi8ELi20EEv14CUtensorMap_stS0_S0_PK13__nv_bfloat16PS1_PmS5_S5_S5_S5_' for 'sm_100a'
ptxas info    : Function properties for _Z14fc2_w3x_kernelILi98ELi8ELi20EEv14CUtensorMap_stS0_S0_PK13__nv_bfloat16PS1_PmS5_S5_S5_S5_
    0 bytes stack frame, 0 bytes spill stores, 0 bytes spill loads
ptxas info    : Used 70 registers, used 1 barriers
ptxas info    : Compile time = 138.828 ms
ptxas info    : Compiling entry function '_Z14fc2_w3x_kernelILi97ELi8ELi20EEv14CUtensorMap_stS0_S0_PK13__nv_bfloat16PS1_PmS5_S5_S5_S5_' for 'sm_100a'
ptxas info    : Function properties for _Z14fc2_w3x_kernelILi97ELi8ELi20EEv14CUtensorMap_stS0_S0_PK13__nv_bfloat16PS1_PmS5_S5_S5_S5_
    0 bytes stack frame, 0 bytes spill stores, 0 bytes spill loads
ptxas info    : Used 70 registers, used 1 barriers
ptxas info    : Compile time = 139.197 ms
ptxas info    : Compiling entry function '_Z14fc2_w3x_kernelILi96ELi8ELi20EEv14CUtensorMap_stS0_S0_PK13__nv_bfloat16PS1_PmS5_S5_S5_S5_' for 'sm_100a'
ptxas info    : Function properties for _Z14fc2_w3x_kernelILi96ELi8ELi20EEv14CUtensorMap_stS0_S0_PK13__nv_bfloat16PS1_PmS5_S5_S5_S5_
    0 bytes stack frame, 0 bytes spill stores, 0 bytes spill loads
ptxas info    : Used 70 registers, used 1 barriers
ptxas info    : Compile time = 138.481 ms
ptxas info    : Compiling entry function '_Z14fc2_w3x_kernelILi95ELi8ELi20EEv14CUtensorMap_stS0_S0_PK13__nv_bfloat16PS1_PmS5_S5_S5_S5_' for 'sm_100a'
ptxas info    : Function properties for _Z14fc2_w3x_kernelILi95ELi8ELi20EEv14CUtensorMap_stS0_S0_PK13__nv_bfloat16PS1_PmS5_S5_S5_S5_
    0 bytes stack frame, 0 bytes spill stores, 0 bytes spill loads
ptxas info    : Used 70 registers, used 1 barriers
ptxas info    : Compile time = 139.453 ms
ptxas info    : Compiling entry function '_Z14fc2_w3x_kernelILi94ELi8ELi20EEv14CUtensorMap_stS0_S0_PK13__nv_bfloat16PS1_PmS5_S5_S5_S5_' for 'sm_100a'
ptxas info    : Function properties for _Z14fc2_w3x_kernelILi94ELi8ELi20EEv14CUtensorMap_stS0_S0_PK13__nv_bfloat16PS1_PmS5_S5_S5_S5_
    0 bytes stack frame, 0 bytes spill stores, 0 bytes spill loads
ptxas info    : Used 70 registers, used 1 barriers
ptxas info    : Compile time = 138.036 ms
ptxas info    : Compiling entry function '_Z14fc2_w3x_kernelILi93ELi8ELi20EEv14CUtensorMap_stS0_S0_PK13__nv_bfloat16PS1_PmS5_S5_S5_S5_' for 'sm_100a'
ptxas info    : Function properties for _Z14fc2_w3x_kernelILi93ELi8ELi20EEv14CUtensorMap_stS0_S0_PK13__nv_bfloat16PS1_PmS5_S5_S5_S5_
    0 bytes stack frame, 0 bytes spill stores, 0 bytes spill loads
ptxas info    : Used 70 registers, used 1 barriers
ptxas info    : Compile time = 138.046 ms
ptxas info    : Compiling entry function '_Z14fc2_w3x_kernelILi92ELi8ELi20EEv14CUtensorMap_stS0_S0_PK13__nv_bfloat16PS1_PmS5_S5_S5_S5_' for 'sm_100a'
ptxas info    : Function properties for _Z14fc2_w3x_kernelILi92ELi8ELi20EEv14CUtensorMap_stS0_S0_PK13__nv_bfloat16PS1_PmS5_S5_S5_S5_
    0 bytes stack frame, 0 bytes spill stores, 0 bytes spill loads
ptxas info    : Used 70 registers, used 1 barriers
ptxas info    : Compile time = 139.053 ms
ptxas info    : Compiling entry function '_Z14fc2_w3x_kernelILi91ELi8ELi20EEv14CUtensorMap_stS0_S0_PK13__nv_bfloat16PS1_PmS5_S5_S5_S5_' for 'sm_100a'
ptxas info    : Function properties for _Z14fc2_w3x_kernelILi91ELi8ELi20EEv14CUtensorMap_stS0_S0_PK13__nv_bfloat16PS1_PmS5_S5_S5_S5_
    0 bytes stack frame, 0 bytes spill stores, 0 bytes spill loads
ptxas info    : Used 70 registers, used 1 barriers
ptxas info    : Compile time = 138.793 ms
ptxas info    : Compiling entry function '_Z14fc2_w3x_kernelILi90ELi8ELi20EEv14CUtensorMap_stS0_S0_PK13__nv_bfloat16PS1_PmS5_S5_S5_S5_' for 'sm_100a'
ptxas info    : Function properties for _Z14fc2_w3x_kernelILi90ELi8ELi20EEv14CUtensorMap_stS0_S0_PK13__nv_bfloat16PS1_PmS5_S5_S5_S5_
    0 bytes stack frame, 0 bytes spill stores, 0 bytes spill loads
ptxas info    : Used 70 registers, used 1 barriers
ptxas info    : Compile time = 137.792 ms
ptxas info    : Compiling entry function '_Z14fc2_w3x_kernelILi89ELi8ELi20EEv14CUtensorMap_stS0_S0_PK13__nv_bfloat16PS1_PmS5_S5_S5_S5_' for 'sm_100a'
ptxas info    : Function properties for _Z14fc2_w3x_kernelILi89ELi8ELi20EEv14CUtensorMap_stS0_S0_PK13__nv_bfloat16PS1_PmS5_S5_S5_S5_
    0 bytes stack frame, 0 bytes spill stores, 0 bytes spill loads
ptxas info    : Used 70 registers, used 1 barriers
ptxas info    : Compile time = 138.081 ms
ptxas info    : Compiling entry function '_Z14fc2_w3x_kernelILi88ELi8ELi20EEv14CUtensorMap_stS0_S0_PK13__nv_bfloat16PS1_PmS5_S5_S5_S5_' for 'sm_100a'
ptxas info    : Function properties for _Z14fc2_w3x_kernelILi88ELi8ELi20EEv14CUtensorMap_stS0_S0_PK13__nv_bfloat16PS1_PmS5_S5_S5_S5_
    0 bytes stack frame, 0 bytes spill stores, 0 bytes spill loads
ptxas info    : Used 70 registers, used 1 barriers
ptxas info    : Compile time = 139.976 ms
ptxas info    : Compiling entry function '_Z14fc2_w3x_kernelILi87ELi8ELi20EEv14CUtensorMap_stS0_S0_PK13__nv_bfloat16PS1_PmS5_S5_S5_S5_' for 'sm_100a'
ptxas info    : Function properties for _Z14fc2_w3x_kernelILi87ELi8ELi20EEv14CUtensorMap_stS0_S0_PK13__nv_bfloat16PS1_PmS5_S5_S5_S5_
    0 bytes stack frame, 0 bytes spill stores, 0 bytes spill loads
ptxas info    : Used 70 registers, used 1 barriers
ptxas info    : Compile time = 139.067 ms
ptxas info    : Compiling entry function '_Z14fc2_w3x_kernelILi86ELi8ELi20EEv14CUtensorMap_stS0_S0_PK13__nv_bfloat16PS1_PmS5_S5_S5_S5_' for 'sm_100a'
ptxas info    : Function properties for _Z14fc2_w3x_kernelILi86ELi8ELi20EEv14CUtensorMap_stS0_S0_PK13__nv_bfloat16PS1_PmS5_S5_S5_S5_
    0 bytes stack frame, 0 bytes spill stores, 0 bytes spill loads
ptxas info    : Used 70 registers, used 1 barriers
ptxas info    : Compile time = 139.527 ms
ptxas info    : Compiling entry function '_Z14fc2_w3x_kernelILi85ELi8ELi20EEv14CUtensorMap_stS0_S0_PK13__nv_bfloat16PS1_PmS5_S5_S5_S5_' for 'sm_100a'
ptxas info    : Function properties for _Z14fc2_w3x_kernelILi85ELi8ELi20EEv14CUtensorMap_stS0_S0_PK13__nv_bfloat16PS1_PmS5_S5_S5_S5_
    0 bytes stack frame, 0 bytes spill stores, 0 bytes spill loads
ptxas info    : Used 70 registers, used 1 barriers
ptxas info    : Compile time = 138.821 ms
ptxas info    : Compiling entry function '_Z14fc2_w3x_kernelILi84ELi8ELi20EEv14CUtensorMap_stS0_S0_PK13__nv_bfloat16PS1_PmS5_S5_S5_S5_' for 'sm_100a'
ptxas info    : Function properties for _Z14fc2_w3x_kernelILi84ELi8ELi20EEv14CUtensorMap_stS0_S0_PK13__nv_bfloat16PS1_PmS5_S5_S5_S5_
    0 bytes stack frame, 0 bytes spill stores, 0 bytes spill loads
ptxas info    : Used 70 registers, used 1 barriers
ptxas info    : Compile time = 139.237 ms
ptxas info    : Compiling entry function '_Z14fc2_w3x_kernelILi83ELi8ELi20EEv14CUtensorMap_stS0_S0_PK13__nv_bfloat16PS1_PmS5_S5_S5_S5_' for 'sm_100a'
ptxas info    : Function properties for _Z14fc2_w3x_kernelILi83ELi8ELi20EEv14CUtensorMap_stS0_S0_PK13__nv_bfloat16PS1_PmS5_S5_S5_S5_
    0 bytes stack frame, 0 bytes spill stores, 0 bytes spill loads
ptxas info    : Used 70 registers, used 1 barriers
ptxas info    : Compile time = 138.038 ms
ptxas info    : Compiling entry function '_Z14fc2_w3x_kernelILi82ELi8ELi20EEv14CUtensorMap_stS0_S0_PK13__nv_bfloat16PS1_PmS5_S5_S5_S5_' for 'sm_100a'
ptxas info    : Function properties for _Z14fc2_w3x_kernelILi82ELi8ELi20EEv14CUtensorMap_stS0_S0_PK13__nv_bfloat16PS1_PmS5_S5_S5_S5_
    0 bytes stack frame, 0 bytes spill stores, 0 bytes spill loads
ptxas info    : Used 70 registers, used 1 barriers
ptxas info    : Compile time = 138.762 ms
ptxas info    : Compiling entry function '_Z14fc2_w3x_kernelILi81ELi8ELi20EEv14CUtensorMap_stS0_S0_PK13__nv_bfloat16PS1_PmS5_S5_S5_S5_' for 'sm_100a'
ptxas info    : Function properties for _Z14fc2_w3x_kernelILi81ELi8ELi20EEv14CUtensorMap_stS0_S0_PK13__nv_bfloat16PS1_PmS5_S5_S5_S5_
    0 bytes stack frame, 0 bytes spill stores, 0 bytes spill loads
ptxas info    : Used 70 registers, used 1 barriers
ptxas info    : Compile time = 139.177 ms
ptxas info    : Compiling entry function '_Z14fc2_w3x_kernelILi80ELi8ELi20EEv14CUtensorMap_stS0_S0_PK13__nv_bfloat16PS1_PmS5_S5_S5_S5_' for 'sm_100a'
ptxas info    : Function properties for _Z14fc2_w3x_kernelILi80ELi8ELi20EEv14CUtensorMap_stS0_S0_PK13__nv_bfloat16PS1_PmS5_S5_S5_S5_
    0 bytes stack frame, 0 bytes spill stores, 0 bytes spill loads
ptxas info    : Used 70 registers, used 1 barriers
ptxas info    : Compile time = 137.313 ms
ptxas info    : Compiling entry function '_Z14fc2_w3x_kernelILi58ELi8ELi20EEv14CUtensorMap_stS0_S0_PK13__nv_bfloat16PS1_PmS5_S5_S5_S5_' for 'sm_100a'
ptxas info    : Function properties for _Z14fc2_w3x_kernelILi58ELi8ELi20EEv14CUtensorMap_stS0_S0_PK13__nv_bfloat16PS1_PmS5_S5_S5_S5_
    0 bytes stack frame, 0 bytes spill stores, 0 bytes spill loads
ptxas info    : Used 70 registers, used 1 barriers
ptxas info    : Compile time = 138.430 ms
ptxas info    : Compiling entry function '_Z14fc2_w3x_kernelILi57ELi8ELi20EEv14CUtensorMap_stS0_S0_PK13__nv_bfloat16PS1_PmS5_S5_S5_S5_' for 'sm_100a'
ptxas info    : Function properties for _Z14fc2_w3x_kernelILi57ELi8ELi20EEv14CUtensorMap_stS0_S0_PK13__nv_bfloat16PS1_PmS5_S5_S5_S5_
    0 bytes stack frame, 0 bytes spill stores, 0 bytes spill loads
ptxas info    : Used 70 registers, used 1 barriers
ptxas info    : Compile time = 137.520 ms
ptxas info    : Compiling entry function '_Z14fc2_w3x_kernelILi56ELi8ELi20EEv14CUtensorMap_stS0_S0_PK13__nv_bfloat16PS1_PmS5_S5_S5_S5_' for 'sm_100a'
ptxas info    : Function properties for _Z14fc2_w3x_kernelILi56ELi8ELi20EEv14CUtensorMap_stS0_S0_PK13__nv_bfloat16PS1_PmS5_S5_S5_S5_
    0 bytes stack frame, 0 bytes spill stores, 0 bytes spill loads
ptxas info    : Used 70 registers, used 1 barriers
ptxas info    : Compile time = 139.655 ms
ptxas info    : Compiling entry function '_Z14fc2_w3x_kernelILi55ELi8ELi20EEv14CUtensorMap_stS0_S0_PK13__nv_bfloat16PS1_PmS5_S5_S5_S5_' for 'sm_100a'
ptxas info    : Function properties for _Z14fc2_w3x_kernelILi55ELi8ELi20EEv14CUtensorMap_stS0_S0_PK13__nv_bfloat16PS1_PmS5_S5_S5_S5_
    0 bytes stack frame, 0 bytes spill stores, 0 bytes spill loads
ptxas info    : Used 70 registers, used 1 barriers
ptxas info    : Compile time = 136.800 ms
ptxas info    : Compiling entry function '_Z14fc2_w3x_kernelILi54ELi8ELi20EEv14CUtensorMap_stS0_S0_PK13__nv_bfloat16PS1_PmS5_S5_S5_S5_' for 'sm_100a'
ptxas info    : Function properties for _Z14fc2_w3x_kernelILi54ELi8ELi20EEv14CUtensorMap_stS0_S0_PK13__nv_bfloat16PS1_PmS5_S5_S5_S5_
    0 bytes stack frame, 0 bytes spill stores, 0 bytes spill loads
ptxas info    : Used 70 registers, used 1 barriers
ptxas info    : Compile time = 138.040 ms
ptxas info    : Compiling entry function '_Z14fc2_w3x_kernelILi53ELi8ELi20EEv14CUtensorMap_stS0_S0_PK13__nv_bfloat16PS1_PmS5_S5_S5_S5_' for 'sm_100a'
ptxas info    : Function properties for _Z14fc2_w3x_kernelILi53ELi8ELi20EEv14CUtensorMap_stS0_S0_PK13__nv_bfloat16PS1_PmS5_S5_S5_S5_
    0 bytes stack frame, 0 bytes spill stores, 0 bytes spill loads
ptxas info    : Used 70 registers, used 1 barriers
ptxas info    : Compile time = 138.350 ms
ptxas info    : Compiling entry function '_Z14fc2_w3x_kernelILi52ELi8ELi20EEv14CUtensorMap_stS0_S0_PK13__nv_bfloat16PS1_PmS5_S5_S5_S5_' for 'sm_100a'
ptxas info    : Function properties for _Z14fc2_w3x_kernelILi52ELi8ELi20EEv14CUtensorMap_stS0_S0_PK13__nv_bfloat16PS1_PmS5_S5_S5_S5_
    0 bytes stack frame, 0 bytes spill stores, 0 bytes spill loads
ptxas info    : Used 70 registers, used 1 barriers
ptxas info    : Compile time = 138.136 ms
ptxas info    : Compiling entry function '_Z14fc2_w3x_kernelILi51ELi8ELi20EEv14CUtensorMap_stS0_S0_PK13__nv_bfloat16PS1_PmS5_S5_S5_S5_' for 'sm_100a'
ptxas info    : Function properties for _Z14fc2_w3x_kernelILi51ELi8ELi20EEv14CUtensorMap_stS0_S0_PK13__nv_bfloat16PS1_PmS5_S5_S5_S5_
    0 bytes stack frame, 0 bytes spill stores, 0 bytes spill loads
ptxas info    : Used 70 registers, used 1 barriers
ptxas info    : Compile time = 139.036 ms
ptxas info    : Compiling entry function '_Z14fc2_w3x_kernelILi50ELi8ELi20EEv14CUtensorMap_stS0_S0_PK13__nv_bfloat16PS1_PmS5_S5_S5_S5_' for 'sm_100a'
ptxas info    : Function properties for _Z14fc2_w3x_kernelILi50ELi8ELi20EEv14CUtensorMap_stS0_S0_PK13__nv_bfloat16PS1_PmS5_S5_S5_S5_
    0 bytes stack frame, 0 bytes spill stores, 0 bytes spill loads
ptxas info    : Used 70 registers, used 1 barriers
ptxas info    : Compile time = 135.754 ms
ptxas info    : Compiling entry function '_Z14fc2_w3x_kernelILi49ELi8ELi20EEv14CUtensorMap_stS0_S0_PK13__nv_bfloat16PS1_PmS5_S5_S5_S5_' for 'sm_100a'
ptxas info    : Function properties for _Z14fc2_w3x_kernelILi49ELi8ELi20EEv14CUtensorMap_stS0_S0_PK13__nv_bfloat16PS1_PmS5_S5_S5_S5_
    0 bytes stack frame, 0 bytes spill stores, 0 bytes spill loads
ptxas info    : Used 70 registers, used 1 barriers
ptxas info    : Compile time = 138.726 ms
ptxas info    : Compiling entry function '_Z14fc2_w3x_kernelILi19ELi16ELi20EEv14CUtensorMap_stS0_S0_PK13__nv_bfloat16PS1_PmS5_S5_S5_S5_' for 'sm_100a'
ptxas info    : Function properties for _Z14fc2_w3x_kernelILi19ELi16ELi20EEv14CUtensorMap_stS0_S0_PK13__nv_bfloat16PS1_PmS5_S5_S5_S5_
    0 bytes stack frame, 0 bytes spill stores, 0 bytes spill loads
ptxas info    : Used 70 registers, used 1 barriers
ptxas info    : Compile time = 137.804 ms
ptxas info    : Compiling entry function '_Z14fc2_w3x_kernelILi19ELi4ELi20EEv14CUtensorMap_stS0_S0_PK13__nv_bfloat16PS1_PmS5_S5_S5_S5_' for 'sm_100a'
ptxas info    : Function properties for _Z14fc2_w3x_kernelILi19ELi4ELi20EEv14CUtensorMap_stS0_S0_PK13__nv_bfloat16PS1_PmS5_S5_S5_S5_
    0 bytes stack frame, 0 bytes spill stores, 0 bytes spill loads
ptxas info    : Used 70 registers, used 1 barriers
ptxas info    : Compile time = 137.870 ms
ptxas info    : Compiling entry function '_Z14fc2_w3x_kernelILi48ELi8ELi20EEv14CUtensorMap_stS0_S0_PK13__nv_bfloat16PS1_PmS5_S5_S5_S5_' for 'sm_100a'
ptxas info    : Function properties for _Z14fc2_w3x_kernelILi48ELi8ELi20EEv14CUtensorMap_stS0_S0_PK13__nv_bfloat16PS1_PmS5_S5_S5_S5_
    0 bytes stack frame, 0 bytes spill stores, 0 bytes spill loads
ptxas info    : Used 70 registers, used 1 barriers
ptxas info    : Compile time = 138.839 ms
ptxas info    : Compiling entry function '_Z14fc2_w3x_kernelILi47ELi8ELi20EEv14CUtensorMap_stS0_S0_PK13__nv_bfloat16PS1_PmS5_S5_S5_S5_' for 'sm_100a'
ptxas info    : Function properties for _Z14fc2_w3x_kernelILi47ELi8ELi20EEv14CUtensorMap_stS0_S0_PK13__nv_bfloat16PS1_PmS5_S5_S5_S5_
    0 bytes stack frame, 0 bytes spill stores, 0 bytes spill loads
ptxas info    : Used 70 registers, used 1 barriers
ptxas info    : Compile time = 135.907 ms
ptxas info    : Compiling entry function '_Z14fc2_w3x_kernelILi46ELi8ELi20EEv14CUtensorMap_stS0_S0_PK13__nv_bfloat16PS1_PmS5_S5_S5_S5_' for 'sm_100a'
ptxas info    : Function properties for _Z14fc2_w3x_kernelILi46ELi8ELi20EEv14CUtensorMap_stS0_S0_PK13__nv_bfloat16PS1_PmS5_S5_S5_S5_
    0 bytes stack frame, 0 bytes spill stores, 0 bytes spill loads
ptxas info    : Used 70 registers, used 1 barriers
ptxas info    : Compile time = 136.056 ms
ptxas info    : Compiling entry function '_Z14fc2_w3x_kernelILi45ELi8ELi20EEv14CUtensorMap_stS0_S0_PK13__nv_bfloat16PS1_PmS5_S5_S5_S5_' for 'sm_100a'
ptxas info    : Function properties for _Z14fc2_w3x_kernelILi45ELi8ELi20EEv14CUtensorMap_stS0_S0_PK13__nv_bfloat16PS1_PmS5_S5_S5_S5_
    0 bytes stack frame, 0 bytes spill stores, 0 bytes spill loads
ptxas info    : Used 70 registers, used 1 barriers
ptxas info    : Compile time = 139.178 ms
ptxas info    : Compiling entry function '_Z14fc2_w3x_kernelILi44ELi8ELi20EEv14CUtensorMap_stS0_S0_PK13__nv_bfloat16PS1_PmS5_S5_S5_S5_' for 'sm_100a'
ptxas info    : Function properties for _Z14fc2_w3x_kernelILi44ELi8ELi20EEv14CUtensorMap_stS0_S0_PK13__nv_bfloat16PS1_PmS5_S5_S5_S5_
    0 bytes stack frame, 0 bytes spill stores, 0 bytes spill loads
ptxas info    : Used 70 registers, used 1 barriers
ptxas info    : Compile time = 138.582 ms
ptxas info    : Compiling entry function '_Z14fc2_w3x_kernelILi43ELi8ELi20EEv14CUtensorMap_stS0_S0_PK13__nv_bfloat16PS1_PmS5_S5_S5_S5_' for 'sm_100a'
ptxas info    : Function properties for _Z14fc2_w3x_kernelILi43ELi8ELi20EEv14CUtensorMap_stS0_S0_PK13__nv_bfloat16PS1_PmS5_S5_S5_S5_
    0 bytes stack frame, 0 bytes spill stores, 0 bytes spill loads
ptxas info    : Used 70 registers, used 1 barriers
ptxas info    : Compile time = 137.494 ms
ptxas info    : Compiling entry function '_Z14fc2_w3x_kernelILi41ELi8ELi20EEv14CUtensorMap_stS0_S0_PK13__nv_bfloat16PS1_PmS5_S5_S5_S5_' for 'sm_100a'
ptxas info    : Function properties for _Z14fc2_w3x_kernelILi41ELi8ELi20EEv14CUtensorMap_stS0_S0_PK13__nv_bfloat16PS1_PmS5_S5_S5_S5_
    0 bytes stack frame, 0 bytes spill stores, 0 bytes spill loads
ptxas info    : Used 70 registers, used 1 barriers
ptxas info    : Compile time = 134.767 ms
ptxas info    : Compiling entry function '_Z14fc2_w3x_kernelILi40ELi8ELi20EEv14CUtensorMap_stS0_S0_PK13__nv_bfloat16PS1_PmS5_S5_S5_S5_' for 'sm_100a'
ptxas info    : Function properties for _Z14fc2_w3x_kernelILi40ELi8ELi20EEv14CUtensorMap_stS0_S0_PK13__nv_bfloat16PS1_PmS5_S5_S5_S5_
    0 bytes stack frame, 0 bytes spill stores, 0 bytes spill loads
ptxas info    : Used 70 registers, used 1 barriers
ptxas info    : Compile time = 134.191 ms
ptxas info    : Compiling entry function '_Z14fc2_w3x_kernelILi39ELi8ELi20EEv14CUtensorMap_stS0_S0_PK13__nv_bfloat16PS1_PmS5_S5_S5_S5_' for 'sm_100a'
ptxas info    : Function properties for _Z14fc2_w3x_kernelILi39ELi8ELi20EEv14CUtensorMap_stS0_S0_PK13__nv_bfloat16PS1_PmS5_S5_S5_S5_
    0 bytes stack frame, 0 bytes spill stores, 0 bytes spill loads
ptxas info    : Used 70 registers, used 1 barriers
ptxas info    : Compile time = 139.084 ms
ptxas info    : Compiling entry function '_Z14fc2_w3x_kernelILi38ELi8ELi20EEv14CUtensorMap_stS0_S0_PK13__nv_bfloat16PS1_PmS5_S5_S5_S5_' for 'sm_100a'
ptxas info    : Function properties for _Z14fc2_w3x_kernelILi38ELi8ELi20EEv14CUtensorMap_stS0_S0_PK13__nv_bfloat16PS1_PmS5_S5_S5_S5_
    0 bytes stack frame, 0 bytes spill stores, 0 bytes spill loads
ptxas info    : Used 70 registers, used 1 barriers
ptxas info    : Compile time = 138.700 ms
ptxas info    : Compiling entry function '_Z14fc2_w3x_kernelILi36ELi4ELi20EEv14CUtensorMap_stS0_S0_PK13__nv_bfloat16PS1_PmS5_S5_S5_S5_' for 'sm_100a'
ptxas info    : Function properties for _Z14fc2_w3x_kernelILi36ELi4ELi20EEv14CUtensorMap_stS0_S0_PK13__nv_bfloat16PS1_PmS5_S5_S5_S5_
    0 bytes stack frame, 0 bytes spill stores, 0 bytes spill loads
ptxas info    : Used 70 registers, used 1 barriers
ptxas info    : Compile time = 137.540 ms
ptxas info    : Compiling entry function '_Z14fc2_w3x_kernelILi35ELi4ELi20EEv14CUtensorMap_stS0_S0_PK13__nv_bfloat16PS1_PmS5_S5_S5_S5_' for 'sm_100a'
ptxas info    : Function properties for _Z14fc2_w3x_kernelILi35ELi4ELi20EEv14CUtensorMap_stS0_S0_PK13__nv_bfloat16PS1_PmS5_S5_S5_S5_
    0 bytes stack frame, 0 bytes spill stores, 0 bytes spill loads
ptxas info    : Used 70 registers, used 1 barriers
ptxas info    : Compile time = 139.658 ms
ptxas info    : Compiling entry function '_Z14fc2_w3x_kernelILi34ELi8ELi20EEv14CUtensorMap_stS0_S0_PK13__nv_bfloat16PS1_PmS5_S5_S5_S5_' for 'sm_100a'
ptxas info    : Function properties for _Z14fc2_w3x_kernelILi34ELi8ELi20EEv14CUtensorMap_stS0_S0_PK13__nv_bfloat16PS1_PmS5_S5_S5_S5_
    0 bytes stack frame, 0 bytes spill stores, 0 bytes spill loads
ptxas info    : Used 70 registers, used 1 barriers
ptxas info    : Compile time = 138.764 ms
ptxas info    : Compiling entry function '_Z14fc2_w3x_kernelILi33ELi8ELi20EEv14CUtensorMap_stS0_S0_PK13__nv_bfloat16PS1_PmS5_S5_S5_S5_' for 'sm_100a'
ptxas info    : Function properties for _Z14fc2_w3x_kernelILi33ELi8ELi20EEv14CUtensorMap_stS0_S0_PK13__nv_bfloat16PS1_PmS5_S5_S5_S5_
    0 bytes stack frame, 0 bytes spill stores, 0 bytes spill loads
ptxas info    : Used 70 registers, used 1 barriers
ptxas info    : Compile time = 138.578 ms
ptxas info    : Compiling entry function '_Z14fc2_w3x_kernelILi19ELi8ELi20EEv14CUtensorMap_stS0_S0_PK13__nv_bfloat16PS1_PmS5_S5_S5_S5_' for 'sm_100a'
ptxas info    : Function properties for _Z14fc2_w3x_kernelILi19ELi8ELi20EEv14CUtensorMap_stS0_S0_PK13__nv_bfloat16PS1_PmS5_S5_S5_S5_
    0 bytes stack frame, 0 bytes spill stores, 0 bytes spill loads
ptxas info    : Used 70 registers, used 1 barriers
ptxas info    : Compile time = 137.037 ms
ptxas info    : Compiling entry function '_Z14fc2_w3x_kernelILi18ELi8ELi20EEv14CUtensorMap_stS0_S0_PK13__nv_bfloat16PS1_PmS5_S5_S5_S5_' for 'sm_100a'
ptxas info    : Function properties for _Z14fc2_w3x_kernelILi18ELi8ELi20EEv14CUtensorMap_stS0_S0_PK13__nv_bfloat16PS1_PmS5_S5_S5_S5_
    0 bytes stack frame, 0 bytes spill stores, 0 bytes spill loads
ptxas info    : Used 70 registers, used 1 barriers
ptxas info    : Compile time = 138.355 ms
ptxas info    : Compiling entry function '_Z14fc2_w3x_kernelILi13ELi8ELi20EEv14CUtensorMap_stS0_S0_PK13__nv_bfloat16PS1_PmS5_S5_S5_S5_' for 'sm_100a'
ptxas info    : Function properties for _Z14fc2_w3x_kernelILi13ELi8ELi20EEv14CUtensorMap_stS0_S0_PK13__nv_bfloat16PS1_PmS5_S5_S5_S5_
    0 bytes stack frame, 0 bytes spill stores, 0 bytes spill loads
ptxas info    : Used 70 registers, used 1 barriers
ptxas info    : Compile time = 134.073 ms
ptxas info    : Compiling entry function '_Z14fc2_w3x_kernelILi11ELi8ELi20EEv14CUtensorMap_stS0_S0_PK13__nv_bfloat16PS1_PmS5_S5_S5_S5_' for 'sm_100a'
ptxas info    : Function properties for _Z14fc2_w3x_kernelILi11ELi8ELi20EEv14CUtensorMap_stS0_S0_PK13__nv_bfloat16PS1_PmS5_S5_S5_S5_
    0 bytes stack frame, 0 bytes spill stores, 0 bytes spill loads
ptxas info    : Used 70 registers, used 1 barriers
ptxas info    : Compile time = 134.851 ms
ptxas info    : Compiling entry function '_Z14fc2_w3x_kernelILi0ELi32ELi20EEv14CUtensorMap_stS0_S0_PK13__nv_bfloat16PS1_PmS5_S5_S5_S5_' for 'sm_100a'
ptxas info    : Function properties for _Z14fc2_w3x_kernelILi0ELi32ELi20EEv14CUtensorMap_stS0_S0_PK13__nv_bfloat16PS1_PmS5_S5_S5_S5_
    0 bytes stack frame, 0 bytes spill stores, 0 bytes spill loads
ptxas info    : Used 70 registers, used 1 barriers
ptxas info    : Compile time = 137.189 ms
ptxas info    : Compiling entry function '_Z14fc2_w3x_kernelILi0ELi16ELi20EEv14CUtensorMap_stS0_S0_PK13__nv_bfloat16PS1_PmS5_S5_S5_S5_' for 'sm_100a'
ptxas info    : Function properties for _Z14fc2_w3x_kernelILi0ELi16ELi20EEv14CUtensorMap_stS0_S0_PK13__nv_bfloat16PS1_PmS5_S5_S5_S5_
    0 bytes stack frame, 0 bytes spill stores, 0 bytes spill loads
ptxas info    : Used 70 registers, used 1 barriers
ptxas info    : Compile time = 137.340 ms
ptxas info    : Compiling entry function '_Z14fc2_w3x_kernelILi0ELi4ELi20EEv14CUtensorMap_stS0_S0_PK13__nv_bfloat16PS1_PmS5_S5_S5_S5_' for 'sm_100a'
ptxas info    : Function properties for _Z14fc2_w3x_kernelILi0ELi4ELi20EEv14CUtensorMap_stS0_S0_PK13__nv_bfloat16PS1_PmS5_S5_S5_S5_
    0 bytes stack frame, 0 bytes spill stores, 0 bytes spill loads
ptxas info    : Used 70 registers, used 1 barriers
ptxas info    : Compile time = 137.691 ms
ptxas info    : Compiling entry function '_Z14fc2_w3x_kernelILi0ELi2ELi20EEv14CUtensorMap_stS0_S0_PK13__nv_bfloat16PS1_PmS5_S5_S5_S5_' for 'sm_100a'
ptxas info    : Function properties for _Z14fc2_w3x_kernelILi0ELi2ELi20EEv14CUtensorMap_stS0_S0_PK13__nv_bfloat16PS1_PmS5_S5_S5_S5_
    0 bytes stack frame, 0 bytes spill stores, 0 bytes spill loads
ptxas info    : Used 70 registers, used 1 barriers
ptxas info    : Compile time = 134.911 ms
ptxas info    : Compiling entry function '_Z14fc2_w3x_kernelILi0ELi8ELi20EEv14CUtensorMap_stS0_S0_PK13__nv_bfloat16PS1_PmS5_S5_S5_S5_' for 'sm_100a'
ptxas info    : Function properties for _Z14fc2_w3x_kernelILi0ELi8ELi20EEv14CUtensorMap_stS0_S0_PK13__nv_bfloat16PS1_PmS5_S5_S5_S5_
    0 bytes stack frame, 0 bytes spill stores, 0 bytes spill loads
ptxas info    : Used 70 registers, used 1 barriers
ptxas info    : Compile time = 138.234 ms
--- rep 1/3 ec=0
FC2 W3X kernel — 6-warp bias-only rank-1-shaped persistent
  [928256,8192] x [2048,8192]^T  NS=5  THREADS=192  SMEM=186112 B  (cap 228KB)
  Alloc + init + pack done
  TMA + func attr done (SMEM=186112 B)  variant=default TD=0 DGG=8
Warmup (2 iters)...
Timing 1 reps × 10 iters/rep × 1 variant ...
@@SAMPLE rep=1 ms=7.03269 cyc=12963525 cyc_min=12903125 cyc_p50=12926085 cyc_p95=12960951 cyc_max=12963525
@@STATS reps=1 mean=7.03269 std=0.00000 min=7.03269 p25=7.03269 p50=7.03269 p75=7.03269 max=7.03269 iqr=0.00000
FC2-W3X kernel: 7.033 ms  4428.90 TFLOPS
PASS  errors=0/32
@@RESULT ms=7.0327 tflops=4428.90 checksum=0.000000 valid=1 c0=12288.0
--- rep 2/3 ec=0
FC2 W3X kernel — 6-warp bias-only rank-1-shaped persistent
  [928256,8192] x [2048,8192]^T  NS=5  THREADS=192  SMEM=186112 B  (cap 228KB)
  Alloc + init + pack done
  TMA + func attr done (SMEM=186112 B)  variant=default TD=0 DGG=8
Warmup (2 iters)...
Timing 1 reps × 10 iters/rep × 1 variant ...
@@SAMPLE rep=1 ms=7.03777 cyc=12964515 cyc_min=12905046 cyc_p50=12927282 cyc_p95=12959423 cyc_max=12964515
@@STATS reps=1 mean=7.03777 std=0.00000 min=7.03777 p25=7.03777 p50=7.03777 p75=7.03777 max=7.03777 iqr=0.00000
FC2-W3X kernel: 7.038 ms  4425.70 TFLOPS
PASS  errors=0/32
@@RESULT ms=7.0378 tflops=4425.70 checksum=0.000000 valid=1 c0=12288.0
--- rep 3/3 ec=0
FC2 W3X kernel — 6-warp bias-only rank-1-shaped persistent
  [928256,8192] x [2048,8192]^T  NS=5  THREADS=192  SMEM=186112 B  (cap 228KB)
  Alloc + init + pack done
  TMA + func attr done (SMEM=186112 B)  variant=default TD=0 DGG=8
Warmup (2 iters)...
Timing 1 reps × 10 iters/rep × 1 variant ...
@@SAMPLE rep=1 ms=7.04205 cyc=12975996 cyc_min=12899510 cyc_p50=12932341 cyc_p95=12966413 cyc_max=12975996
@@STATS reps=1 mean=7.04205 std=0.00000 min=7.04205 p25=7.04205 p50=7.04205 p75=7.04205 max=7.04205 iqr=0.00000
FC2-W3X kernel: 7.042 ms  4423.02 TFLOPS
PASS  errors=0/32
@@RESULT ms=7.0421 tflops=4423.02 checksum=0.000000 valid=1 c0=12288.0
--- cublas epi=3 rep 1/1 ec=0
### CUBLASLT INTROSPECT M=928256 N=2048 K=8192 epi=bias_only scale=per_tensor
### Heuristics returned: 8

# TSV
rank	heur	ms	cyc	algoId	tile	stages	cluster	inner	splitk	redux	swizzle	custom	waves	ws_MB
1	0	7.0324	12974866	66	23	36	3	-1	1	0	0	1	392.00	0.0
2	3	7.0703	13045331	66	32	36	3	-1	1	0	0	1	522.70	0.0
3	5	7.4208	13692127	66	29	36	3	-1	1	0	0	1	627.24	0.0
4	6	7.4607	13765161	66	232	36	3	-1	1	0	0	1	261.35	0.0
5	4	7.5437	13918367	66	201	36	5	-1	1	0	0	2	588.00	0.0
6	2	7.6169	14052037	66	513	36	3	-1	1	0	0	1	196.00	0.0
7	1	8.0343	14824392	66	24	36	6	-1	1	0	0	3	392.00	0.0
8	7	9.4452	17425942	66	495	36	5	-1	1	0	0	3	522.70	0.0

# Top-3 caps:

## rank=1  algoId=66  tile=23  stages=36  cluster=3  inner=-1  ms=7.0324
    CUBLASLT_ALGO_CAP_REDUCTION_SCHEME_MASK      = 2
    CUBLASLT_ALGO_CAP_CTA_SWIZZLING_SUPPORT      = 0
    CUBLASLT_ALGO_CAP_STRIDED_BATCH_SUPPORT      = 1
    CUBLASLT_ALGO_CAP_OUT_OF_PLACE_RESULT_SUPPORT = 1
    CUBLASLT_ALGO_CAP_CUSTOM_OPTION_MAX          = 7
    CUBLASLT_ALGO_CAP_POINTER_MODE_MASK          = 3
    CUBLASLT_ALGO_CAP_EPILOGUE_MASK              = 1023
    CUBLASLT_ALGO_CAP_TILE_IDS                   = --  (status=7 wrote=0)
    CUBLASLT_ALGO_CAP_STAGES_IDS                 = [36] (n=1, elem=4B)
    CUBLASLT_ALGO_CONFIG_CLUSTER_SHAPE_ID sz=2 → status=0 wrote=2 val=3

## rank=2  algoId=66  tile=32  stages=36  cluster=3  inner=-1  ms=7.0703
    CUBLASLT_ALGO_CAP_REDUCTION_SCHEME_MASK      = 2
    CUBLASLT_ALGO_CAP_CTA_SWIZZLING_SUPPORT      = 0
    CUBLASLT_ALGO_CAP_STRIDED_BATCH_SUPPORT      = 1
    CUBLASLT_ALGO_CAP_OUT_OF_PLACE_RESULT_SUPPORT = 1
    CUBLASLT_ALGO_CAP_CUSTOM_OPTION_MAX          = 7
    CUBLASLT_ALGO_CAP_POINTER_MODE_MASK          = 3
    CUBLASLT_ALGO_CAP_EPILOGUE_MASK              = 1023
    CUBLASLT_ALGO_CAP_TILE_IDS                   = --  (status=7 wrote=0)
    CUBLASLT_ALGO_CAP_STAGES_IDS                 = [36] (n=1, elem=4B)
    CUBLASLT_ALGO_CONFIG_CLUSTER_SHAPE_ID sz=2 → status=0 wrote=2 val=3

## rank=3  algoId=66  tile=29  stages=36  cluster=3  inner=-1  ms=7.4208
    CUBLASLT_ALGO_CAP_REDUCTION_SCHEME_MASK      = 2
    CUBLASLT_ALGO_CAP_CTA_SWIZZLING_SUPPORT      = 0
    CUBLASLT_ALGO_CAP_STRIDED_BATCH_SUPPORT      = 1
    CUBLASLT_ALGO_CAP_OUT_OF_PLACE_RESULT_SUPPORT = 1
    CUBLASLT_ALGO_CAP_CUSTOM_OPTION_MAX          = 7
    CUBLASLT_ALGO_CAP_POINTER_MODE_MASK          = 3
    CUBLASLT_ALGO_CAP_EPILOGUE_MASK              = 1023
    CUBLASLT_ALGO_CAP_TILE_IDS                   = --  (status=7 wrote=0)
    CUBLASLT_ALGO_CAP_STAGES_IDS                 = [36] (n=1, elem=4B)
    CUBLASLT_ALGO_CONFIG_CLUSTER_SHAPE_ID sz=2 → status=0 wrote=2 val=3

# Winner:  rank=1  tile=23  stages=36  cluster=3  inner=-1  splitk=1  swizzle=0  ms=7.0324  cyc=12974866

@@RESULT ms=7.0324 cyc=12974866 tflops=4429.06 checksum=0.000000 valid=1 c0=0.0
--- cublas epi=0 rep 1/1 ec=0
### CUBLASLT INTROSPECT M=928256 N=2048 K=8192 epi=none scale=per_tensor
### Heuristics returned: 8

# TSV
rank	heur	ms	cyc	algoId	tile	stages	cluster	inner	splitk	redux	swizzle	custom	waves	ws_MB
1	0	7.0490	13006053	66	23	36	3	-1	1	0	0	1	392.00	0.0
2	3	7.0653	13036128	66	32	36	3	-1	1	0	0	1	522.70	0.0
3	5	7.4001	13653837	66	29	36	3	-1	1	0	0	1	627.24	0.0
4	6	7.4003	13653991	66	232	36	3	-1	1	0	0	1	261.35	0.0
5	2	7.4884	13817891	66	513	36	3	-1	1	0	0	1	196.00	0.0
6	4	7.5473	13914550	66	201	36	5	-1	1	0	0	2	588.00	0.0
7	1	8.0158	14790135	66	24	36	6	-1	1	0	0	3	392.00	0.0
8	7	9.4052	17352393	66	495	36	5	-1	1	0	0	3	522.70	0.0

# Top-3 caps:

## rank=1  algoId=66  tile=23  stages=36  cluster=3  inner=-1  ms=7.0490
    CUBLASLT_ALGO_CAP_REDUCTION_SCHEME_MASK      = 2
    CUBLASLT_ALGO_CAP_CTA_SWIZZLING_SUPPORT      = 0
    CUBLASLT_ALGO_CAP_STRIDED_BATCH_SUPPORT      = 1
    CUBLASLT_ALGO_CAP_OUT_OF_PLACE_RESULT_SUPPORT = 1
    CUBLASLT_ALGO_CAP_CUSTOM_OPTION_MAX          = 7
    CUBLASLT_ALGO_CAP_POINTER_MODE_MASK          = 3
    CUBLASLT_ALGO_CAP_EPILOGUE_MASK              = 1023
    CUBLASLT_ALGO_CAP_TILE_IDS                   = --  (status=7 wrote=0)
    CUBLASLT_ALGO_CAP_STAGES_IDS                 = [36] (n=1, elem=4B)
    CUBLASLT_ALGO_CONFIG_CLUSTER_SHAPE_ID sz=2 → status=0 wrote=2 val=3

## rank=2  algoId=66  tile=32  stages=36  cluster=3  inner=-1  ms=7.0653
    CUBLASLT_ALGO_CAP_REDUCTION_SCHEME_MASK      = 2
    CUBLASLT_ALGO_CAP_CTA_SWIZZLING_SUPPORT      = 0
    CUBLASLT_ALGO_CAP_STRIDED_BATCH_SUPPORT      = 1
    CUBLASLT_ALGO_CAP_OUT_OF_PLACE_RESULT_SUPPORT = 1
    CUBLASLT_ALGO_CAP_CUSTOM_OPTION_MAX          = 7
    CUBLASLT_ALGO_CAP_POINTER_MODE_MASK          = 3
    CUBLASLT_ALGO_CAP_EPILOGUE_MASK              = 1023
    CUBLASLT_ALGO_CAP_TILE_IDS                   = --  (status=7 wrote=0)
    CUBLASLT_ALGO_CAP_STAGES_IDS                 = [36] (n=1, elem=4B)
    CUBLASLT_ALGO_CONFIG_CLUSTER_SHAPE_ID sz=2 → status=0 wrote=2 val=3

## rank=3  algoId=66  tile=29  stages=36  cluster=3  inner=-1  ms=7.4001
    CUBLASLT_ALGO_CAP_REDUCTION_SCHEME_MASK      = 2
    CUBLASLT_ALGO_CAP_CTA_SWIZZLING_SUPPORT      = 0
    CUBLASLT_ALGO_CAP_STRIDED_BATCH_SUPPORT      = 1
    CUBLASLT_ALGO_CAP_OUT_OF_PLACE_RESULT_SUPPORT = 1
    CUBLASLT_ALGO_CAP_CUSTOM_OPTION_MAX          = 7
    CUBLASLT_ALGO_CAP_POINTER_MODE_MASK          = 3
    CUBLASLT_ALGO_CAP_EPILOGUE_MASK              = 1023
    CUBLASLT_ALGO_CAP_TILE_IDS                   = --  (status=7 wrote=0)
    CUBLASLT_ALGO_CAP_STAGES_IDS                 = [36] (n=1, elem=4B)
    CUBLASLT_ALGO_CONFIG_CLUSTER_SHAPE_ID sz=2 → status=0 wrote=2 val=3

# Winner:  rank=1  tile=23  stages=36  cluster=3  inner=-1  splitk=1  swizzle=0  ms=7.0490  cyc=13006053

@@RESULT ms=7.0490 cyc=13006053 tflops=4418.67 checksum=0.000000 valid=1 c0=0.0
