
[build] N=1024 K=512 M=928256 flags=['-DM_TOTAL=928256', '-DN_DIM=1024', '-DK_DIM=512', '-DN_STAGES=3', '-DTILE_DISPATCH=11', '-DK_STAGGER=1']
$ make -B fc1-w3 DFLAGS=-DM_TOTAL=928256 -DN_DIM=1024 -DK_DIM=512 -DN_STAGES=3 -DTILE_DISPATCH=11 -DK_STAGGER=1
nvcc -gencode arch=compute_100a,code=sm_100a -O3 -std=c++17 -lineinfo --ptxas-options=-v --cudart=static -DM_TOTAL=928256 -DN_DIM=1024 -DK_DIM=512 -DN_STAGES=3 -DTILE_DISPATCH=11 -DK_STAGGER=1 fc1_w3.cu -o fc1-w3 -lcurand_static -lculibos -lcuda
ptxas info    : 0 bytes gmem
ptxas info    : Compiling entry function '_Z7pack_u8PhPKhiiii' for 'sm_100a'
ptxas info    : Function properties for _Z7pack_u8PhPKhiiii
    0 bytes stack frame, 0 bytes spill stores, 0 bytes spill loads
ptxas info    : Used 20 registers, used 0 barriers
ptxas info    : Compile time = 6.305 ms
ptxas info    : Compiling entry function '_Z13fc1_w3_kernel14CUtensorMap_stS_S_PK13__nv_bfloat16PS0_' for 'sm_100a'
ptxas info    : Function properties for _Z13fc1_w3_kernel14CUtensorMap_stS_S_PK13__nv_bfloat16PS0_
    16 bytes stack frame, 0 bytes spill stores, 0 bytes spill loads
ptxas info    : Used 101 registers, used 2 barriers, 16 bytes cumulative stack size
ptxas info    : Compile time = 29.767 ms
--- rep 1/3 ec=0
FC1 W3 kernel — 6 warps, GELU epilogue
  GEMM: [928256,512] x [1024,512]^T  3-stage pipeline  SMEM: 134144 bytes
  Tiles: 3626M × 4N = 14504 total  K_ITERS=4
  Packing tiles...
  Packing done
  Alloc + init done
  TMA descriptors + func attr done (SMEM=134144 B)
Launching warmup (2 iters)...
  Warmup done.
Timing: 10 iterations...
FC1-W3 kernel: 0.715 ms  1362.24 TFLOPS
Validation: 32/32 spot checks passed
Checksum (1024 strided): 1572864.000000
C[0,0..3] = 1152.0 768.0 1152.0 772.0
@@RESULT ms=0.715 tflops=1362.24 checksum=1572864.000000 valid=1 c0=1152.0
--- rep 2/3 ec=0
FC1 W3 kernel — 6 warps, GELU epilogue
  GEMM: [928256,512] x [1024,512]^T  3-stage pipeline  SMEM: 134144 bytes
  Tiles: 3626M × 4N = 14504 total  K_ITERS=4
  Packing tiles...
  Packing done
  Alloc + init done
  TMA descriptors + func attr done (SMEM=134144 B)
Launching warmup (2 iters)...
  Warmup done.
Timing: 10 iterations...
FC1-W3 kernel: 0.712 ms  1366.65 TFLOPS
Validation: 32/32 spot checks passed
Checksum (1024 strided): 1572864.000000
C[0,0..3] = 1152.0 768.0 1152.0 772.0
@@RESULT ms=0.712 tflops=1366.65 checksum=1572864.000000 valid=1 c0=1152.0
--- rep 3/3 ec=0
FC1 W3 kernel — 6 warps, GELU epilogue
  GEMM: [928256,512] x [1024,512]^T  3-stage pipeline  SMEM: 134144 bytes
  Tiles: 3626M × 4N = 14504 total  K_ITERS=4
  Packing tiles...
  Packing done
  Alloc + init done
  TMA descriptors + func attr done (SMEM=134144 B)
Launching warmup (2 iters)...
  Warmup done.
Timing: 10 iterations...
FC1-W3 kernel: 0.712 ms  1366.93 TFLOPS
Validation: 32/32 spot checks passed
Checksum (1024 strided): 1572864.000000
C[0,0..3] = 1152.0 768.0 1152.0 772.0
@@RESULT ms=0.712 tflops=1366.93 checksum=1572864.000000 valid=1 c0=1152.0
--- cublas epi=2 rep 1/1 ec=0
### CUBLASLT INTROSPECT M=928256 N=1024 K=512 epi=gelu_bias scale=per_tensor
### Heuristics returned: 6

# TSV
rank	heur	ms	cyc	algoId	tile	stages	cluster	inner	splitk	redux	swizzle	custom	waves	ws_MB
1	1	0.8049	1485847	71	23	36	6	-1	1	0	0	0	1.00	0.0
2	0	0.8053	1487130	71	23	36	7	-1	1	0	0	0	1.00	0.0
3	5	0.8382	1547297	70	20	36	5	-1	1	0	0	0	1.00	0.0
4	3	0.8407	1552154	70	20	36	3	-1	1	0	0	0	1.00	0.0
5	4	0.8520	1572665	70	20	36	8	-1	1	0	0	0	1.00	0.0
6	2	0.8881	1639238	71	20	36	14	-1	1	0	0	0	1.00	0.0

# Top-3 caps:

## rank=1  algoId=71  tile=23  stages=36  cluster=6  inner=-1  ms=0.8049
    CUBLASLT_ALGO_CAP_REDUCTION_SCHEME_MASK      = 6
    CUBLASLT_ALGO_CAP_CTA_SWIZZLING_SUPPORT      = 0
    CUBLASLT_ALGO_CAP_STRIDED_BATCH_SUPPORT      = 1
    CUBLASLT_ALGO_CAP_OUT_OF_PLACE_RESULT_SUPPORT = 1
    CUBLASLT_ALGO_CAP_CUSTOM_OPTION_MAX          = 0
    CUBLASLT_ALGO_CAP_POINTER_MODE_MASK          = 3
    CUBLASLT_ALGO_CAP_EPILOGUE_MASK              = 1023
    CUBLASLT_ALGO_CAP_TILE_IDS                   = [20,32,23,18,17,19,15] (n=7, elem=4B)
    CUBLASLT_ALGO_CAP_STAGES_IDS                 = [36] (n=1, elem=4B)
    CUBLASLT_ALGO_CONFIG_CLUSTER_SHAPE_ID sz=2 → status=0 wrote=2 val=6

## rank=2  algoId=71  tile=23  stages=36  cluster=7  inner=-1  ms=0.8053
    CUBLASLT_ALGO_CAP_REDUCTION_SCHEME_MASK      = 6
    CUBLASLT_ALGO_CAP_CTA_SWIZZLING_SUPPORT      = 0
    CUBLASLT_ALGO_CAP_STRIDED_BATCH_SUPPORT      = 1
    CUBLASLT_ALGO_CAP_OUT_OF_PLACE_RESULT_SUPPORT = 1
    CUBLASLT_ALGO_CAP_CUSTOM_OPTION_MAX          = 0
    CUBLASLT_ALGO_CAP_POINTER_MODE_MASK          = 3
    CUBLASLT_ALGO_CAP_EPILOGUE_MASK              = 1023
    CUBLASLT_ALGO_CAP_TILE_IDS                   = [20,32,23,18,17,19,15] (n=7, elem=4B)
    CUBLASLT_ALGO_CAP_STAGES_IDS                 = [36] (n=1, elem=4B)
    CUBLASLT_ALGO_CONFIG_CLUSTER_SHAPE_ID sz=2 → status=0 wrote=2 val=7

## rank=3  algoId=70  tile=20  stages=36  cluster=5  inner=-1  ms=0.8382
    CUBLASLT_ALGO_CAP_REDUCTION_SCHEME_MASK      = 6
    CUBLASLT_ALGO_CAP_CTA_SWIZZLING_SUPPORT      = 0
    CUBLASLT_ALGO_CAP_STRIDED_BATCH_SUPPORT      = 1
    CUBLASLT_ALGO_CAP_OUT_OF_PLACE_RESULT_SUPPORT = 1
    CUBLASLT_ALGO_CAP_CUSTOM_OPTION_MAX          = 0
    CUBLASLT_ALGO_CAP_POINTER_MODE_MASK          = 3
    CUBLASLT_ALGO_CAP_EPILOGUE_MASK              = 1023
    CUBLASLT_ALGO_CAP_TILE_IDS                   = [20,32,23,18,17,19,15] (n=7, elem=4B)
    CUBLASLT_ALGO_CAP_STAGES_IDS                 = [36] (n=1, elem=4B)
    CUBLASLT_ALGO_CONFIG_CLUSTER_SHAPE_ID sz=2 → status=0 wrote=2 val=5

# Winner:  rank=1  tile=23  stages=36  cluster=6  inner=-1  splitk=1  swizzle=0  ms=0.8049  cyc=1485847

@@RESULT ms=0.8049 cyc=1485847 tflops=1209.25 checksum=0.000000 valid=1 c0=0.0
--- cublas epi=0 rep 1/1 ec=0
### CUBLASLT INTROSPECT M=928256 N=1024 K=512 epi=none scale=per_tensor
### Heuristics returned: 8

# TSV
rank	heur	ms	cyc	algoId	tile	stages	cluster	inner	splitk	redux	swizzle	custom	waves	ws_MB
1	0	0.4079	753682	66	23	36	3	-1	1	0	0	1	196.00	0.0
2	2	0.4273	788894	66	32	36	3	-1	1	0	0	1	261.35	0.0
3	3	0.4544	838775	66	29	36	3	-1	1	0	0	1	313.62	0.0
4	1	0.4554	840759	66	24	36	5	-1	1	0	0	3	196.00	0.0
5	6	0.4570	843487	66	20	36	3	-1	1	0	0	1	392.00	0.0
6	4	0.4833	892140	66	495	36	5	-1	1	0	0	3	261.35	0.0
7	5	0.5892	1087358	66	201	36	5	-1	1	0	0	2	294.00	0.0
8	7	0.6974	1286855	66	25	36	5	-1	1	0	0	3	196.00	0.0

# Top-3 caps:

## rank=1  algoId=66  tile=23  stages=36  cluster=3  inner=-1  ms=0.4079
    CUBLASLT_ALGO_CAP_REDUCTION_SCHEME_MASK      = 2
    CUBLASLT_ALGO_CAP_CTA_SWIZZLING_SUPPORT      = 0
    CUBLASLT_ALGO_CAP_STRIDED_BATCH_SUPPORT      = 1
    CUBLASLT_ALGO_CAP_OUT_OF_PLACE_RESULT_SUPPORT = 1
    CUBLASLT_ALGO_CAP_CUSTOM_OPTION_MAX          = 7
    CUBLASLT_ALGO_CAP_POINTER_MODE_MASK          = 3
    CUBLASLT_ALGO_CAP_EPILOGUE_MASK              = 1023
    CUBLASLT_ALGO_CAP_TILE_IDS                   = --  (status=7 wrote=0)
    CUBLASLT_ALGO_CAP_STAGES_IDS                 = [36] (n=1, elem=4B)
    CUBLASLT_ALGO_CONFIG_CLUSTER_SHAPE_ID sz=2 → status=0 wrote=2 val=3

## rank=2  algoId=66  tile=32  stages=36  cluster=3  inner=-1  ms=0.4273
    CUBLASLT_ALGO_CAP_REDUCTION_SCHEME_MASK      = 2
    CUBLASLT_ALGO_CAP_CTA_SWIZZLING_SUPPORT      = 0
    CUBLASLT_ALGO_CAP_STRIDED_BATCH_SUPPORT      = 1
    CUBLASLT_ALGO_CAP_OUT_OF_PLACE_RESULT_SUPPORT = 1
    CUBLASLT_ALGO_CAP_CUSTOM_OPTION_MAX          = 7
    CUBLASLT_ALGO_CAP_POINTER_MODE_MASK          = 3
    CUBLASLT_ALGO_CAP_EPILOGUE_MASK              = 1023
    CUBLASLT_ALGO_CAP_TILE_IDS                   = --  (status=7 wrote=0)
    CUBLASLT_ALGO_CAP_STAGES_IDS                 = [36] (n=1, elem=4B)
    CUBLASLT_ALGO_CONFIG_CLUSTER_SHAPE_ID sz=2 → status=0 wrote=2 val=3

## rank=3  algoId=66  tile=29  stages=36  cluster=3  inner=-1  ms=0.4544
    CUBLASLT_ALGO_CAP_REDUCTION_SCHEME_MASK      = 2
    CUBLASLT_ALGO_CAP_CTA_SWIZZLING_SUPPORT      = 0
    CUBLASLT_ALGO_CAP_STRIDED_BATCH_SUPPORT      = 1
    CUBLASLT_ALGO_CAP_OUT_OF_PLACE_RESULT_SUPPORT = 1
    CUBLASLT_ALGO_CAP_CUSTOM_OPTION_MAX          = 7
    CUBLASLT_ALGO_CAP_POINTER_MODE_MASK          = 3
    CUBLASLT_ALGO_CAP_EPILOGUE_MASK              = 1023
    CUBLASLT_ALGO_CAP_TILE_IDS                   = --  (status=7 wrote=0)
    CUBLASLT_ALGO_CAP_STAGES_IDS                 = [36] (n=1, elem=4B)
    CUBLASLT_ALGO_CONFIG_CLUSTER_SHAPE_ID sz=2 → status=0 wrote=2 val=3

# Winner:  rank=1  tile=23  stages=36  cluster=3  inner=-1  splitk=1  swizzle=0  ms=0.4079  cyc=753682

@@RESULT ms=0.4079 cyc=753682 tflops=2386.01 checksum=0.000000 valid=1 c0=0.0

[build] N=1024 K=768 M=928256 flags=['-DM_TOTAL=928256', '-DN_DIM=1024', '-DK_DIM=768', '-DTILE_DISPATCH=11', '-DK_STAGGER=1']
$ make -B fc1-w3 DFLAGS=-DM_TOTAL=928256 -DN_DIM=1024 -DK_DIM=768 -DTILE_DISPATCH=11 -DK_STAGGER=1
nvcc -gencode arch=compute_100a,code=sm_100a -O3 -std=c++17 -lineinfo --ptxas-options=-v --cudart=static -DM_TOTAL=928256 -DN_DIM=1024 -DK_DIM=768 -DTILE_DISPATCH=11 -DK_STAGGER=1 fc1_w3.cu -o fc1-w3 -lcurand_static -lculibos -lcuda
ptxas info    : 0 bytes gmem
ptxas info    : Compiling entry function '_Z7pack_u8PhPKhiiii' for 'sm_100a'
ptxas info    : Function properties for _Z7pack_u8PhPKhiiii
    0 bytes stack frame, 0 bytes spill stores, 0 bytes spill loads
ptxas info    : Used 20 registers, used 0 barriers
ptxas info    : Compile time = 6.447 ms
ptxas info    : Compiling entry function '_Z13fc1_w3_kernel14CUtensorMap_stS_S_PK13__nv_bfloat16PS0_' for 'sm_100a'
ptxas info    : Function properties for _Z13fc1_w3_kernel14CUtensorMap_stS_S_PK13__nv_bfloat16PS0_
    16 bytes stack frame, 0 bytes spill stores, 0 bytes spill loads
ptxas info    : Used 107 registers, used 2 barriers, 16 bytes cumulative stack size
ptxas info    : Compile time = 35.324 ms
--- rep 1/3 ec=0
FC1 W3 kernel — 6 warps, GELU epilogue
  GEMM: [928256,768] x [1024,768]^T  5-stage pipeline  SMEM: 199680 bytes
  Tiles: 3626M × 4N = 14504 total  K_ITERS=6
  Packing tiles...
  Packing done
  Alloc + init done
  TMA descriptors + func attr done (SMEM=199680 B)
Launching warmup (2 iters)...
  Warmup done.
Timing: 10 iterations...
FC1-W3 kernel: 0.670 ms  2180.29 TFLOPS
Validation: 32/32 spot checks passed
Checksum (1024 strided): 2162688.000000
C[0,0..3] = 1728.0 1152.0 1728.0 1152.0
@@RESULT ms=0.670 tflops=2180.29 checksum=2162688.000000 valid=1 c0=1728.0
--- rep 2/3 ec=0
FC1 W3 kernel — 6 warps, GELU epilogue
  GEMM: [928256,768] x [1024,768]^T  5-stage pipeline  SMEM: 199680 bytes
  Tiles: 3626M × 4N = 14504 total  K_ITERS=6
  Packing tiles...
  Packing done
  Alloc + init done
  TMA descriptors + func attr done (SMEM=199680 B)
Launching warmup (2 iters)...
  Warmup done.
Timing: 10 iterations...
FC1-W3 kernel: 0.670 ms  2180.25 TFLOPS
Validation: 32/32 spot checks passed
Checksum (1024 strided): 2162688.000000
C[0,0..3] = 1728.0 1152.0 1728.0 1152.0
@@RESULT ms=0.670 tflops=2180.25 checksum=2162688.000000 valid=1 c0=1728.0
--- rep 3/3 ec=0
FC1 W3 kernel — 6 warps, GELU epilogue
  GEMM: [928256,768] x [1024,768]^T  5-stage pipeline  SMEM: 199680 bytes
  Tiles: 3626M × 4N = 14504 total  K_ITERS=6
  Packing tiles...
  Packing done
  Alloc + init done
  TMA descriptors + func attr done (SMEM=199680 B)
Launching warmup (2 iters)...
  Warmup done.
Timing: 10 iterations...
FC1-W3 kernel: 0.670 ms  2179.94 TFLOPS
Validation: 32/32 spot checks passed
Checksum (1024 strided): 2162688.000000
C[0,0..3] = 1728.0 1152.0 1728.0 1152.0
@@RESULT ms=0.670 tflops=2179.94 checksum=2162688.000000 valid=1 c0=1728.0
--- cublas epi=2 rep 1/1 ec=0
### CUBLASLT INTROSPECT M=928256 N=1024 K=768 epi=gelu_bias scale=per_tensor
### Heuristics returned: 7

# TSV
rank	heur	ms	cyc	algoId	tile	stages	cluster	inner	splitk	redux	swizzle	custom	waves	ws_MB
1	4	0.8130	1500486	71	23	36	6	-1	1	0	0	0	1.00	0.0
2	5	0.8149	1503964	71	23	36	9	-1	1	0	0	0	1.00	0.0
3	1	0.8208	1514744	71	23	36	7	-1	1	0	0	0	1.00	0.0
4	2	0.8947	1651569	71	19	36	6	-1	1	0	0	0	1.00	0.0
5	3	0.8990	1659035	71	19	36	9	-1	1	0	0	0	1.00	0.0
6	6	0.9035	1667423	71	20	36	9	-1	1	0	0	0	1.00	0.0
7	0	0.9041	1669588	71	19	36	4	-1	1	0	0	0	1.00	0.0

# Top-3 caps:

## rank=1  algoId=71  tile=23  stages=36  cluster=6  inner=-1  ms=0.8130
    CUBLASLT_ALGO_CAP_REDUCTION_SCHEME_MASK      = 6
    CUBLASLT_ALGO_CAP_CTA_SWIZZLING_SUPPORT      = 0
    CUBLASLT_ALGO_CAP_STRIDED_BATCH_SUPPORT      = 1
    CUBLASLT_ALGO_CAP_OUT_OF_PLACE_RESULT_SUPPORT = 1
    CUBLASLT_ALGO_CAP_CUSTOM_OPTION_MAX          = 0
    CUBLASLT_ALGO_CAP_POINTER_MODE_MASK          = 3
    CUBLASLT_ALGO_CAP_EPILOGUE_MASK              = 1023
    CUBLASLT_ALGO_CAP_TILE_IDS                   = [20,32,23,18,17,19,15] (n=7, elem=4B)
    CUBLASLT_ALGO_CAP_STAGES_IDS                 = [36] (n=1, elem=4B)
    CUBLASLT_ALGO_CONFIG_CLUSTER_SHAPE_ID sz=2 → status=0 wrote=2 val=6

## rank=2  algoId=71  tile=23  stages=36  cluster=9  inner=-1  ms=0.8149
    CUBLASLT_ALGO_CAP_REDUCTION_SCHEME_MASK      = 6
    CUBLASLT_ALGO_CAP_CTA_SWIZZLING_SUPPORT      = 0
    CUBLASLT_ALGO_CAP_STRIDED_BATCH_SUPPORT      = 1
    CUBLASLT_ALGO_CAP_OUT_OF_PLACE_RESULT_SUPPORT = 1
    CUBLASLT_ALGO_CAP_CUSTOM_OPTION_MAX          = 0
    CUBLASLT_ALGO_CAP_POINTER_MODE_MASK          = 3
    CUBLASLT_ALGO_CAP_EPILOGUE_MASK              = 1023
    CUBLASLT_ALGO_CAP_TILE_IDS                   = [20,32,23,18,17,19,15] (n=7, elem=4B)
    CUBLASLT_ALGO_CAP_STAGES_IDS                 = [36] (n=1, elem=4B)
    CUBLASLT_ALGO_CONFIG_CLUSTER_SHAPE_ID sz=2 → status=0 wrote=2 val=9

## rank=3  algoId=71  tile=23  stages=36  cluster=7  inner=-1  ms=0.8208
    CUBLASLT_ALGO_CAP_REDUCTION_SCHEME_MASK      = 6
    CUBLASLT_ALGO_CAP_CTA_SWIZZLING_SUPPORT      = 0
    CUBLASLT_ALGO_CAP_STRIDED_BATCH_SUPPORT      = 1
    CUBLASLT_ALGO_CAP_OUT_OF_PLACE_RESULT_SUPPORT = 1
    CUBLASLT_ALGO_CAP_CUSTOM_OPTION_MAX          = 0
    CUBLASLT_ALGO_CAP_POINTER_MODE_MASK          = 3
    CUBLASLT_ALGO_CAP_EPILOGUE_MASK              = 1023
    CUBLASLT_ALGO_CAP_TILE_IDS                   = [20,32,23,18,17,19,15] (n=7, elem=4B)
    CUBLASLT_ALGO_CAP_STAGES_IDS                 = [36] (n=1, elem=4B)
    CUBLASLT_ALGO_CONFIG_CLUSTER_SHAPE_ID sz=2 → status=0 wrote=2 val=7

# Winner:  rank=1  tile=23  stages=36  cluster=6  inner=-1  splitk=1  swizzle=0  ms=0.8130  cyc=1500486

@@RESULT ms=0.8130 cyc=1500486 tflops=1795.95 checksum=0.000000 valid=1 c0=0.0
--- cublas epi=0 rep 1/1 ec=0
### CUBLASLT INTROSPECT M=928256 N=1024 K=768 epi=none scale=per_tensor
### Heuristics returned: 8

# TSV
rank	heur	ms	cyc	algoId	tile	stages	cluster	inner	splitk	redux	swizzle	custom	waves	ws_MB
1	0	0.4665	861683	66	23	36	3	-1	1	0	0	1	196.00	0.0
2	2	0.4910	906370	66	32	36	3	-1	1	0	0	1	261.35	0.0
3	3	0.5239	966921	66	29	36	3	-1	1	0	0	1	313.62	0.0
4	6	0.5545	1023217	66	20	36	3	-1	1	0	0	1	392.00	0.0
5	1	0.5679	1048516	66	24	36	5	-1	1	0	0	3	196.00	0.0
6	7	0.5858	1080293	66	513	36	3	-1	1	0	0	1	98.00	0.0
7	5	0.6408	1182466	66	201	36	5	-1	1	0	0	2	294.00	0.0
8	4	0.6519	1202843	66	495	36	5	-1	1	0	0	3	261.35	0.0

# Top-3 caps:

## rank=1  algoId=66  tile=23  stages=36  cluster=3  inner=-1  ms=0.4665
    CUBLASLT_ALGO_CAP_REDUCTION_SCHEME_MASK      = 2
    CUBLASLT_ALGO_CAP_CTA_SWIZZLING_SUPPORT      = 0
    CUBLASLT_ALGO_CAP_STRIDED_BATCH_SUPPORT      = 1
    CUBLASLT_ALGO_CAP_OUT_OF_PLACE_RESULT_SUPPORT = 1
    CUBLASLT_ALGO_CAP_CUSTOM_OPTION_MAX          = 7
    CUBLASLT_ALGO_CAP_POINTER_MODE_MASK          = 3
    CUBLASLT_ALGO_CAP_EPILOGUE_MASK              = 1023
    CUBLASLT_ALGO_CAP_TILE_IDS                   = --  (status=7 wrote=0)
    CUBLASLT_ALGO_CAP_STAGES_IDS                 = [36] (n=1, elem=4B)
    CUBLASLT_ALGO_CONFIG_CLUSTER_SHAPE_ID sz=2 → status=0 wrote=2 val=3

## rank=2  algoId=66  tile=32  stages=36  cluster=3  inner=-1  ms=0.4910
    CUBLASLT_ALGO_CAP_REDUCTION_SCHEME_MASK      = 2
    CUBLASLT_ALGO_CAP_CTA_SWIZZLING_SUPPORT      = 0
    CUBLASLT_ALGO_CAP_STRIDED_BATCH_SUPPORT      = 1
    CUBLASLT_ALGO_CAP_OUT_OF_PLACE_RESULT_SUPPORT = 1
    CUBLASLT_ALGO_CAP_CUSTOM_OPTION_MAX          = 7
    CUBLASLT_ALGO_CAP_POINTER_MODE_MASK          = 3
    CUBLASLT_ALGO_CAP_EPILOGUE_MASK              = 1023
    CUBLASLT_ALGO_CAP_TILE_IDS                   = --  (status=7 wrote=0)
    CUBLASLT_ALGO_CAP_STAGES_IDS                 = [36] (n=1, elem=4B)
    CUBLASLT_ALGO_CONFIG_CLUSTER_SHAPE_ID sz=2 → status=0 wrote=2 val=3

## rank=3  algoId=66  tile=29  stages=36  cluster=3  inner=-1  ms=0.5239
    CUBLASLT_ALGO_CAP_REDUCTION_SCHEME_MASK      = 2
    CUBLASLT_ALGO_CAP_CTA_SWIZZLING_SUPPORT      = 0
    CUBLASLT_ALGO_CAP_STRIDED_BATCH_SUPPORT      = 1
    CUBLASLT_ALGO_CAP_OUT_OF_PLACE_RESULT_SUPPORT = 1
    CUBLASLT_ALGO_CAP_CUSTOM_OPTION_MAX          = 7
    CUBLASLT_ALGO_CAP_POINTER_MODE_MASK          = 3
    CUBLASLT_ALGO_CAP_EPILOGUE_MASK              = 1023
    CUBLASLT_ALGO_CAP_TILE_IDS                   = --  (status=7 wrote=0)
    CUBLASLT_ALGO_CAP_STAGES_IDS                 = [36] (n=1, elem=4B)
    CUBLASLT_ALGO_CONFIG_CLUSTER_SHAPE_ID sz=2 → status=0 wrote=2 val=3

# Winner:  rank=1  tile=23  stages=36  cluster=3  inner=-1  splitk=1  swizzle=0  ms=0.4665  cyc=861683

@@RESULT ms=0.4665 cyc=861683 tflops=3129.48 checksum=0.000000 valid=1 c0=0.0

[build] N=1024 K=1024 M=928256 flags=['-DM_TOTAL=928256', '-DN_DIM=1024', '-DK_DIM=1024', '-DTILE_DISPATCH=11', '-DK_STAGGER=1']
$ make -B fc1-w3 DFLAGS=-DM_TOTAL=928256 -DN_DIM=1024 -DK_DIM=1024 -DTILE_DISPATCH=11 -DK_STAGGER=1
nvcc -gencode arch=compute_100a,code=sm_100a -O3 -std=c++17 -lineinfo --ptxas-options=-v --cudart=static -DM_TOTAL=928256 -DN_DIM=1024 -DK_DIM=1024 -DTILE_DISPATCH=11 -DK_STAGGER=1 fc1_w3.cu -o fc1-w3 -lcurand_static -lculibos -lcuda
ptxas info    : 0 bytes gmem
ptxas info    : Compiling entry function '_Z7pack_u8PhPKhiiii' for 'sm_100a'
ptxas info    : Function properties for _Z7pack_u8PhPKhiiii
    0 bytes stack frame, 0 bytes spill stores, 0 bytes spill loads
ptxas info    : Used 20 registers, used 0 barriers
ptxas info    : Compile time = 6.277 ms
ptxas info    : Compiling entry function '_Z13fc1_w3_kernel14CUtensorMap_stS_S_PK13__nv_bfloat16PS0_' for 'sm_100a'
ptxas info    : Function properties for _Z13fc1_w3_kernel14CUtensorMap_stS_S_PK13__nv_bfloat16PS0_
    160 bytes stack frame, 0 bytes spill stores, 0 bytes spill loads
ptxas info    : Used 109 registers, used 2 barriers, 160 bytes cumulative stack size
ptxas info    : Compile time = 39.737 ms
--- rep 1/3 ec=0
FC1 W3 kernel — 6 warps, GELU epilogue
  GEMM: [928256,1024] x [1024,1024]^T  5-stage pipeline  SMEM: 199680 bytes
  Tiles: 3626M × 4N = 14504 total  K_ITERS=8
  Packing tiles...
  Packing done
  Alloc + init done
  TMA descriptors + func attr done (SMEM=199680 B)
Launching warmup (2 iters)...
  Warmup done.
Timing: 10 iterations...
FC1-W3 kernel: 0.698 ms  2788.29 TFLOPS
Validation: 32/32 spot checks passed
Checksum (1024 strided): 2752512.000000
C[0,0..3] = 2304.0 1536.0 2304.0 1536.0
@@RESULT ms=0.698 tflops=2788.29 checksum=2752512.000000 valid=1 c0=2304.0
--- rep 2/3 ec=0
FC1 W3 kernel — 6 warps, GELU epilogue
  GEMM: [928256,1024] x [1024,1024]^T  5-stage pipeline  SMEM: 199680 bytes
  Tiles: 3626M × 4N = 14504 total  K_ITERS=8
  Packing tiles...
  Packing done
  Alloc + init done
  TMA descriptors + func attr done (SMEM=199680 B)
Launching warmup (2 iters)...
  Warmup done.
Timing: 10 iterations...
FC1-W3 kernel: 0.697 ms  2791.48 TFLOPS
Validation: 32/32 spot checks passed
Checksum (1024 strided): 2752512.000000
C[0,0..3] = 2304.0 1536.0 2304.0 1536.0
@@RESULT ms=0.697 tflops=2791.48 checksum=2752512.000000 valid=1 c0=2304.0
--- rep 3/3 ec=0
FC1 W3 kernel — 6 warps, GELU epilogue
  GEMM: [928256,1024] x [1024,1024]^T  5-stage pipeline  SMEM: 199680 bytes
  Tiles: 3626M × 4N = 14504 total  K_ITERS=8
  Packing tiles...
  Packing done
  Alloc + init done
  TMA descriptors + func attr done (SMEM=199680 B)
Launching warmup (2 iters)...
  Warmup done.
Timing: 10 iterations...
FC1-W3 kernel: 0.698 ms  2789.38 TFLOPS
Validation: 32/32 spot checks passed
Checksum (1024 strided): 2752512.000000
C[0,0..3] = 2304.0 1536.0 2304.0 1536.0
@@RESULT ms=0.698 tflops=2789.38 checksum=2752512.000000 valid=1 c0=2304.0
--- cublas epi=2 rep 1/1 ec=0
### CUBLASLT INTROSPECT M=928256 N=1024 K=1024 epi=gelu_bias scale=per_tensor
### Heuristics returned: 7

# TSV
rank	heur	ms	cyc	algoId	tile	stages	cluster	inner	splitk	redux	swizzle	custom	waves	ws_MB
1	2	0.8298	1531167	71	23	36	6	-1	1	0	0	0	1.00	0.0
2	3	0.8312	1533748	71	23	36	9	-1	1	0	0	0	1.00	0.0
3	1	0.8399	1550047	71	23	36	7	-1	1	0	0	0	1.00	0.0
4	5	0.9160	1689823	71	19	36	6	-1	1	0	0	0	1.00	0.0
5	4	0.9255	1707218	71	19	36	9	-1	1	0	0	0	1.00	0.0
6	6	0.9333	1722367	71	20	36	9	-1	1	0	0	0	1.00	0.0
7	0	0.9354	1727207	71	19	36	4	-1	1	0	0	0	1.00	0.0

# Top-3 caps:

## rank=1  algoId=71  tile=23  stages=36  cluster=6  inner=-1  ms=0.8298
    CUBLASLT_ALGO_CAP_REDUCTION_SCHEME_MASK      = 6
    CUBLASLT_ALGO_CAP_CTA_SWIZZLING_SUPPORT      = 0
    CUBLASLT_ALGO_CAP_STRIDED_BATCH_SUPPORT      = 1
    CUBLASLT_ALGO_CAP_OUT_OF_PLACE_RESULT_SUPPORT = 1
    CUBLASLT_ALGO_CAP_CUSTOM_OPTION_MAX          = 0
    CUBLASLT_ALGO_CAP_POINTER_MODE_MASK          = 3
    CUBLASLT_ALGO_CAP_EPILOGUE_MASK              = 1023
    CUBLASLT_ALGO_CAP_TILE_IDS                   = [20,32,23,18,17,19,15] (n=7, elem=4B)
    CUBLASLT_ALGO_CAP_STAGES_IDS                 = [36] (n=1, elem=4B)
    CUBLASLT_ALGO_CONFIG_CLUSTER_SHAPE_ID sz=2 → status=0 wrote=2 val=6

## rank=2  algoId=71  tile=23  stages=36  cluster=9  inner=-1  ms=0.8312
    CUBLASLT_ALGO_CAP_REDUCTION_SCHEME_MASK      = 6
    CUBLASLT_ALGO_CAP_CTA_SWIZZLING_SUPPORT      = 0
    CUBLASLT_ALGO_CAP_STRIDED_BATCH_SUPPORT      = 1
    CUBLASLT_ALGO_CAP_OUT_OF_PLACE_RESULT_SUPPORT = 1
    CUBLASLT_ALGO_CAP_CUSTOM_OPTION_MAX          = 0
    CUBLASLT_ALGO_CAP_POINTER_MODE_MASK          = 3
    CUBLASLT_ALGO_CAP_EPILOGUE_MASK              = 1023
    CUBLASLT_ALGO_CAP_TILE_IDS                   = [20,32,23,18,17,19,15] (n=7, elem=4B)
    CUBLASLT_ALGO_CAP_STAGES_IDS                 = [36] (n=1, elem=4B)
    CUBLASLT_ALGO_CONFIG_CLUSTER_SHAPE_ID sz=2 → status=0 wrote=2 val=9

## rank=3  algoId=71  tile=23  stages=36  cluster=7  inner=-1  ms=0.8399
    CUBLASLT_ALGO_CAP_REDUCTION_SCHEME_MASK      = 6
    CUBLASLT_ALGO_CAP_CTA_SWIZZLING_SUPPORT      = 0
    CUBLASLT_ALGO_CAP_STRIDED_BATCH_SUPPORT      = 1
    CUBLASLT_ALGO_CAP_OUT_OF_PLACE_RESULT_SUPPORT = 1
    CUBLASLT_ALGO_CAP_CUSTOM_OPTION_MAX          = 0
    CUBLASLT_ALGO_CAP_POINTER_MODE_MASK          = 3
    CUBLASLT_ALGO_CAP_EPILOGUE_MASK              = 1023
    CUBLASLT_ALGO_CAP_TILE_IDS                   = [20,32,23,18,17,19,15] (n=7, elem=4B)
    CUBLASLT_ALGO_CAP_STAGES_IDS                 = [36] (n=1, elem=4B)
    CUBLASLT_ALGO_CONFIG_CLUSTER_SHAPE_ID sz=2 → status=0 wrote=2 val=7

# Winner:  rank=1  tile=23  stages=36  cluster=6  inner=-1  splitk=1  swizzle=0  ms=0.8298  cyc=1531167

@@RESULT ms=0.8298 cyc=1531167 tflops=2345.84 checksum=0.000000 valid=1 c0=0.0
--- cublas epi=0 rep 1/1 ec=0
### CUBLASLT INTROSPECT M=928256 N=1024 K=1024 epi=none scale=per_tensor
### Heuristics returned: 8

# TSV
rank	heur	ms	cyc	algoId	tile	stages	cluster	inner	splitk	redux	swizzle	custom	waves	ws_MB
1	0	0.5476	1011143	66	23	36	3	-1	1	0	0	1	196.00	0.0
2	2	0.5717	1055332	66	32	36	3	-1	1	0	0	1	261.35	0.0
3	3	0.6135	1132270	66	29	36	3	-1	1	0	0	1	313.62	0.0
4	6	0.6616	1221043	66	20	36	3	-1	1	0	0	1	392.00	0.0
5	7	0.6968	1285231	66	513	36	3	-1	1	0	0	1	98.00	0.0
6	1	0.7000	1291795	66	24	36	5	-1	1	0	0	3	196.00	0.0
7	4	0.7168	1322613	66	201	36	5	-1	1	0	0	2	294.00	0.0
8	5	0.7955	1467837	66	495	36	5	-1	1	0	0	3	261.35	0.0

# Top-3 caps:

## rank=1  algoId=66  tile=23  stages=36  cluster=3  inner=-1  ms=0.5476
    CUBLASLT_ALGO_CAP_REDUCTION_SCHEME_MASK      = 2
    CUBLASLT_ALGO_CAP_CTA_SWIZZLING_SUPPORT      = 0
    CUBLASLT_ALGO_CAP_STRIDED_BATCH_SUPPORT      = 1
    CUBLASLT_ALGO_CAP_OUT_OF_PLACE_RESULT_SUPPORT = 1
    CUBLASLT_ALGO_CAP_CUSTOM_OPTION_MAX          = 7
    CUBLASLT_ALGO_CAP_POINTER_MODE_MASK          = 3
    CUBLASLT_ALGO_CAP_EPILOGUE_MASK              = 1023
    CUBLASLT_ALGO_CAP_TILE_IDS                   = --  (status=7 wrote=0)
    CUBLASLT_ALGO_CAP_STAGES_IDS                 = [36] (n=1, elem=4B)
    CUBLASLT_ALGO_CONFIG_CLUSTER_SHAPE_ID sz=2 → status=0 wrote=2 val=3

## rank=2  algoId=66  tile=32  stages=36  cluster=3  inner=-1  ms=0.5717
    CUBLASLT_ALGO_CAP_REDUCTION_SCHEME_MASK      = 2
    CUBLASLT_ALGO_CAP_CTA_SWIZZLING_SUPPORT      = 0
    CUBLASLT_ALGO_CAP_STRIDED_BATCH_SUPPORT      = 1
    CUBLASLT_ALGO_CAP_OUT_OF_PLACE_RESULT_SUPPORT = 1
    CUBLASLT_ALGO_CAP_CUSTOM_OPTION_MAX          = 7
    CUBLASLT_ALGO_CAP_POINTER_MODE_MASK          = 3
    CUBLASLT_ALGO_CAP_EPILOGUE_MASK              = 1023
    CUBLASLT_ALGO_CAP_TILE_IDS                   = --  (status=7 wrote=0)
    CUBLASLT_ALGO_CAP_STAGES_IDS                 = [36] (n=1, elem=4B)
    CUBLASLT_ALGO_CONFIG_CLUSTER_SHAPE_ID sz=2 → status=0 wrote=2 val=3

## rank=3  algoId=66  tile=29  stages=36  cluster=3  inner=-1  ms=0.6135
    CUBLASLT_ALGO_CAP_REDUCTION_SCHEME_MASK      = 2
    CUBLASLT_ALGO_CAP_CTA_SWIZZLING_SUPPORT      = 0
    CUBLASLT_ALGO_CAP_STRIDED_BATCH_SUPPORT      = 1
    CUBLASLT_ALGO_CAP_OUT_OF_PLACE_RESULT_SUPPORT = 1
    CUBLASLT_ALGO_CAP_CUSTOM_OPTION_MAX          = 7
    CUBLASLT_ALGO_CAP_POINTER_MODE_MASK          = 3
    CUBLASLT_ALGO_CAP_EPILOGUE_MASK              = 1023
    CUBLASLT_ALGO_CAP_TILE_IDS                   = --  (status=7 wrote=0)
    CUBLASLT_ALGO_CAP_STAGES_IDS                 = [36] (n=1, elem=4B)
    CUBLASLT_ALGO_CONFIG_CLUSTER_SHAPE_ID sz=2 → status=0 wrote=2 val=3

# Winner:  rank=1  tile=23  stages=36  cluster=3  inner=-1  splitk=1  swizzle=0  ms=0.5476  cyc=1011143

@@RESULT ms=0.5476 cyc=1011143 tflops=3555.23 checksum=0.000000 valid=1 c0=0.0

[build] N=1024 K=1536 M=928256 flags=['-DM_TOTAL=928256', '-DN_DIM=1024', '-DK_DIM=1536', '-DTILE_DISPATCH=11', '-DK_STAGGER=1']
$ make -B fc1-w3 DFLAGS=-DM_TOTAL=928256 -DN_DIM=1024 -DK_DIM=1536 -DTILE_DISPATCH=11 -DK_STAGGER=1
nvcc -gencode arch=compute_100a,code=sm_100a -O3 -std=c++17 -lineinfo --ptxas-options=-v --cudart=static -DM_TOTAL=928256 -DN_DIM=1024 -DK_DIM=1536 -DTILE_DISPATCH=11 -DK_STAGGER=1 fc1_w3.cu -o fc1-w3 -lcurand_static -lculibos -lcuda
ptxas info    : 0 bytes gmem
ptxas info    : Compiling entry function '_Z7pack_u8PhPKhiiii' for 'sm_100a'
ptxas info    : Function properties for _Z7pack_u8PhPKhiiii
    0 bytes stack frame, 0 bytes spill stores, 0 bytes spill loads
ptxas info    : Used 20 registers, used 0 barriers
ptxas info    : Compile time = 6.412 ms
ptxas info    : Compiling entry function '_Z13fc1_w3_kernel14CUtensorMap_stS_S_PK13__nv_bfloat16PS0_' for 'sm_100a'
ptxas info    : Function properties for _Z13fc1_w3_kernel14CUtensorMap_stS_S_PK13__nv_bfloat16PS0_
    16 bytes stack frame, 0 bytes spill stores, 0 bytes spill loads
ptxas info    : Used 116 registers, used 2 barriers, 16 bytes cumulative stack size
ptxas info    : Compile time = 39.759 ms
--- rep 1/3 ec=0
FC1 W3 kernel — 6 warps, GELU epilogue
  GEMM: [928256,1536] x [1024,1536]^T  5-stage pipeline  SMEM: 199680 bytes
  Tiles: 3626M × 4N = 14504 total  K_ITERS=12
  Packing tiles...
  Packing done
  Alloc + init done
  TMA descriptors + func attr done (SMEM=199680 B)
Launching warmup (2 iters)...
  Warmup done.
Timing: 10 iterations...
FC1-W3 kernel: 0.897 ms  3256.56 TFLOPS
Validation: 32/32 spot checks passed
Checksum (1024 strided): 3932160.000000
C[0,0..3] = 3456.0 2304.0 3456.0 2304.0
@@RESULT ms=0.897 tflops=3256.56 checksum=3932160.000000 valid=1 c0=3456.0
--- rep 2/3 ec=0
FC1 W3 kernel — 6 warps, GELU epilogue
  GEMM: [928256,1536] x [1024,1536]^T  5-stage pipeline  SMEM: 199680 bytes
  Tiles: 3626M × 4N = 14504 total  K_ITERS=12
  Packing tiles...
  Packing done
  Alloc + init done
  TMA descriptors + func attr done (SMEM=199680 B)
Launching warmup (2 iters)...
  Warmup done.
Timing: 10 iterations...
FC1-W3 kernel: 0.896 ms  3257.75 TFLOPS
Validation: 32/32 spot checks passed
Checksum (1024 strided): 3932160.000000
C[0,0..3] = 3456.0 2304.0 3456.0 2304.0
@@RESULT ms=0.896 tflops=3257.75 checksum=3932160.000000 valid=1 c0=3456.0
--- rep 3/3 ec=0
FC1 W3 kernel — 6 warps, GELU epilogue
  GEMM: [928256,1536] x [1024,1536]^T  5-stage pipeline  SMEM: 199680 bytes
  Tiles: 3626M × 4N = 14504 total  K_ITERS=12
  Packing tiles...
  Packing done
  Alloc + init done
  TMA descriptors + func attr done (SMEM=199680 B)
Launching warmup (2 iters)...
  Warmup done.
Timing: 10 iterations...
FC1-W3 kernel: 0.896 ms  3257.21 TFLOPS
Validation: 32/32 spot checks passed
Checksum (1024 strided): 3932160.000000
C[0,0..3] = 3456.0 2304.0 3456.0 2304.0
@@RESULT ms=0.896 tflops=3257.21 checksum=3932160.000000 valid=1 c0=3456.0
--- cublas epi=2 rep 1/1 ec=0
### CUBLASLT INTROSPECT M=928256 N=1024 K=1536 epi=gelu_bias scale=per_tensor
### Heuristics returned: 7

# TSV
rank	heur	ms	cyc	algoId	tile	stages	cluster	inner	splitk	redux	swizzle	custom	waves	ws_MB
1	3	0.8481	1565154	71	23	36	6	-1	1	0	0	0	1.00	0.0
2	2	0.8494	1567780	71	23	36	9	-1	1	0	0	0	1.00	0.0
3	1	0.8529	1573955	71	23	36	7	-1	1	0	0	0	1.00	0.0
4	5	0.9545	1761808	71	19	36	6	-1	1	0	0	0	1.00	0.0
5	6	0.9551	1762741	71	20	36	9	-1	1	0	0	0	1.00	0.0
6	4	0.9622	1775623	71	19	36	9	-1	1	0	0	0	1.00	0.0
7	0	0.9710	1792496	71	19	36	4	-1	1	0	0	0	1.00	0.0

# Top-3 caps:

## rank=1  algoId=71  tile=23  stages=36  cluster=6  inner=-1  ms=0.8481
    CUBLASLT_ALGO_CAP_REDUCTION_SCHEME_MASK      = 6
    CUBLASLT_ALGO_CAP_CTA_SWIZZLING_SUPPORT      = 0
    CUBLASLT_ALGO_CAP_STRIDED_BATCH_SUPPORT      = 1
    CUBLASLT_ALGO_CAP_OUT_OF_PLACE_RESULT_SUPPORT = 1
    CUBLASLT_ALGO_CAP_CUSTOM_OPTION_MAX          = 0
    CUBLASLT_ALGO_CAP_POINTER_MODE_MASK          = 3
    CUBLASLT_ALGO_CAP_EPILOGUE_MASK              = 1023
    CUBLASLT_ALGO_CAP_TILE_IDS                   = [20,32,23,18,17,19,15] (n=7, elem=4B)
    CUBLASLT_ALGO_CAP_STAGES_IDS                 = [36] (n=1, elem=4B)
    CUBLASLT_ALGO_CONFIG_CLUSTER_SHAPE_ID sz=2 → status=0 wrote=2 val=6

## rank=2  algoId=71  tile=23  stages=36  cluster=9  inner=-1  ms=0.8494
    CUBLASLT_ALGO_CAP_REDUCTION_SCHEME_MASK      = 6
    CUBLASLT_ALGO_CAP_CTA_SWIZZLING_SUPPORT      = 0
    CUBLASLT_ALGO_CAP_STRIDED_BATCH_SUPPORT      = 1
    CUBLASLT_ALGO_CAP_OUT_OF_PLACE_RESULT_SUPPORT = 1
    CUBLASLT_ALGO_CAP_CUSTOM_OPTION_MAX          = 0
    CUBLASLT_ALGO_CAP_POINTER_MODE_MASK          = 3
    CUBLASLT_ALGO_CAP_EPILOGUE_MASK              = 1023
    CUBLASLT_ALGO_CAP_TILE_IDS                   = [20,32,23,18,17,19,15] (n=7, elem=4B)
    CUBLASLT_ALGO_CAP_STAGES_IDS                 = [36] (n=1, elem=4B)
    CUBLASLT_ALGO_CONFIG_CLUSTER_SHAPE_ID sz=2 → status=0 wrote=2 val=9

## rank=3  algoId=71  tile=23  stages=36  cluster=7  inner=-1  ms=0.8529
    CUBLASLT_ALGO_CAP_REDUCTION_SCHEME_MASK      = 6
    CUBLASLT_ALGO_CAP_CTA_SWIZZLING_SUPPORT      = 0
    CUBLASLT_ALGO_CAP_STRIDED_BATCH_SUPPORT      = 1
    CUBLASLT_ALGO_CAP_OUT_OF_PLACE_RESULT_SUPPORT = 1
    CUBLASLT_ALGO_CAP_CUSTOM_OPTION_MAX          = 0
    CUBLASLT_ALGO_CAP_POINTER_MODE_MASK          = 3
    CUBLASLT_ALGO_CAP_EPILOGUE_MASK              = 1023
    CUBLASLT_ALGO_CAP_TILE_IDS                   = [20,32,23,18,17,19,15] (n=7, elem=4B)
    CUBLASLT_ALGO_CAP_STAGES_IDS                 = [36] (n=1, elem=4B)
    CUBLASLT_ALGO_CONFIG_CLUSTER_SHAPE_ID sz=2 → status=0 wrote=2 val=7

# Winner:  rank=1  tile=23  stages=36  cluster=6  inner=-1  splitk=1  swizzle=0  ms=0.8481  cyc=1565154

@@RESULT ms=0.8481 cyc=1565154 tflops=3443.15 checksum=0.000000 valid=1 c0=0.0
--- cublas epi=0 rep 1/1 ec=0
### CUBLASLT INTROSPECT M=928256 N=1024 K=1536 epi=none scale=per_tensor
### Heuristics returned: 8

# TSV
rank	heur	ms	cyc	algoId	tile	stages	cluster	inner	splitk	redux	swizzle	custom	waves	ws_MB
1	0	0.7335	1354120	66	23	36	3	-1	1	0	0	1	196.00	0.0
2	2	0.7730	1426653	66	32	36	3	-1	1	0	0	1	261.35	0.0
3	4	0.8103	1495328	66	201	36	5	-1	1	0	0	2	294.00	0.0
4	3	0.8186	1510619	66	29	36	3	-1	1	0	0	1	313.62	0.0
5	7	0.9083	1675842	66	20	36	3	-1	1	0	0	1	392.00	0.0
6	6	0.9136	1685136	66	513	36	3	-1	1	0	0	1	98.00	0.0
7	1	0.9640	1778512	66	24	36	5	-1	1	0	0	3	196.00	0.0
8	5	1.1166	2060114	66	495	36	5	-1	1	0	0	3	261.35	0.0

# Top-3 caps:

## rank=1  algoId=66  tile=23  stages=36  cluster=3  inner=-1  ms=0.7335
    CUBLASLT_ALGO_CAP_REDUCTION_SCHEME_MASK      = 2
    CUBLASLT_ALGO_CAP_CTA_SWIZZLING_SUPPORT      = 0
    CUBLASLT_ALGO_CAP_STRIDED_BATCH_SUPPORT      = 1
    CUBLASLT_ALGO_CAP_OUT_OF_PLACE_RESULT_SUPPORT = 1
    CUBLASLT_ALGO_CAP_CUSTOM_OPTION_MAX          = 7
    CUBLASLT_ALGO_CAP_POINTER_MODE_MASK          = 3
    CUBLASLT_ALGO_CAP_EPILOGUE_MASK              = 1023
    CUBLASLT_ALGO_CAP_TILE_IDS                   = --  (status=7 wrote=0)
    CUBLASLT_ALGO_CAP_STAGES_IDS                 = [36] (n=1, elem=4B)
    CUBLASLT_ALGO_CONFIG_CLUSTER_SHAPE_ID sz=2 → status=0 wrote=2 val=3

## rank=2  algoId=66  tile=32  stages=36  cluster=3  inner=-1  ms=0.7730
    CUBLASLT_ALGO_CAP_REDUCTION_SCHEME_MASK      = 2
    CUBLASLT_ALGO_CAP_CTA_SWIZZLING_SUPPORT      = 0
    CUBLASLT_ALGO_CAP_STRIDED_BATCH_SUPPORT      = 1
    CUBLASLT_ALGO_CAP_OUT_OF_PLACE_RESULT_SUPPORT = 1
    CUBLASLT_ALGO_CAP_CUSTOM_OPTION_MAX          = 7
    CUBLASLT_ALGO_CAP_POINTER_MODE_MASK          = 3
    CUBLASLT_ALGO_CAP_EPILOGUE_MASK              = 1023
    CUBLASLT_ALGO_CAP_TILE_IDS                   = --  (status=7 wrote=0)
    CUBLASLT_ALGO_CAP_STAGES_IDS                 = [36] (n=1, elem=4B)
    CUBLASLT_ALGO_CONFIG_CLUSTER_SHAPE_ID sz=2 → status=0 wrote=2 val=3

## rank=3  algoId=66  tile=201  stages=36  cluster=5  inner=-1  ms=0.8103
    CUBLASLT_ALGO_CAP_REDUCTION_SCHEME_MASK      = 2
    CUBLASLT_ALGO_CAP_CTA_SWIZZLING_SUPPORT      = 0
    CUBLASLT_ALGO_CAP_STRIDED_BATCH_SUPPORT      = 1
    CUBLASLT_ALGO_CAP_OUT_OF_PLACE_RESULT_SUPPORT = 1
    CUBLASLT_ALGO_CAP_CUSTOM_OPTION_MAX          = 7
    CUBLASLT_ALGO_CAP_POINTER_MODE_MASK          = 3
    CUBLASLT_ALGO_CAP_EPILOGUE_MASK              = 1023
    CUBLASLT_ALGO_CAP_TILE_IDS                   = --  (status=7 wrote=0)
    CUBLASLT_ALGO_CAP_STAGES_IDS                 = [36] (n=1, elem=4B)
    CUBLASLT_ALGO_CONFIG_CLUSTER_SHAPE_ID sz=2 → status=0 wrote=2 val=5

# Winner:  rank=1  tile=23  stages=36  cluster=3  inner=-1  splitk=1  swizzle=0  ms=0.7335  cyc=1354120

@@RESULT ms=0.7335 cyc=1354120 tflops=3981.14 checksum=0.000000 valid=1 c0=0.0

[build] N=2048 K=512 M=928256 flags=['-DM_TOTAL=928256', '-DN_DIM=2048', '-DK_DIM=512', '-DN_STAGES=3', '-DTILE_DISPATCH=11', '-DK_STAGGER=1']
$ make -B fc1-w3 DFLAGS=-DM_TOTAL=928256 -DN_DIM=2048 -DK_DIM=512 -DN_STAGES=3 -DTILE_DISPATCH=11 -DK_STAGGER=1
nvcc -gencode arch=compute_100a,code=sm_100a -O3 -std=c++17 -lineinfo --ptxas-options=-v --cudart=static -DM_TOTAL=928256 -DN_DIM=2048 -DK_DIM=512 -DN_STAGES=3 -DTILE_DISPATCH=11 -DK_STAGGER=1 fc1_w3.cu -o fc1-w3 -lcurand_static -lculibos -lcuda
ptxas info    : 0 bytes gmem
ptxas info    : Compiling entry function '_Z7pack_u8PhPKhiiii' for 'sm_100a'
ptxas info    : Function properties for _Z7pack_u8PhPKhiiii
    0 bytes stack frame, 0 bytes spill stores, 0 bytes spill loads
ptxas info    : Used 20 registers, used 0 barriers
ptxas info    : Compile time = 6.434 ms
ptxas info    : Compiling entry function '_Z13fc1_w3_kernel14CUtensorMap_stS_S_PK13__nv_bfloat16PS0_' for 'sm_100a'
ptxas info    : Function properties for _Z13fc1_w3_kernel14CUtensorMap_stS_S_PK13__nv_bfloat16PS0_
    16 bytes stack frame, 0 bytes spill stores, 0 bytes spill loads
ptxas info    : Used 101 registers, used 2 barriers, 16 bytes cumulative stack size
ptxas info    : Compile time = 30.310 ms
--- rep 1/3 ec=0
FC1 W3 kernel — 6 warps, GELU epilogue
  GEMM: [928256,512] x [2048,512]^T  3-stage pipeline  SMEM: 136192 bytes
  Tiles: 3626M × 8N = 29008 total  K_ITERS=4
  Packing tiles...
  Packing done
  Alloc + init done
  TMA descriptors + func attr done (SMEM=136192 B)
Launching warmup (2 iters)...
  Warmup done.
Timing: 10 iterations...
FC1-W3 kernel: 1.414 ms  1376.63 TFLOPS
Validation: 32/32 spot checks passed
Checksum (1024 strided): 2097152.000000
C[0,0..3] = 1152.0 768.0 1152.0 772.0
@@RESULT ms=1.414 tflops=1376.63 checksum=2097152.000000 valid=1 c0=1152.0
--- rep 2/3 ec=0
FC1 W3 kernel — 6 warps, GELU epilogue
  GEMM: [928256,512] x [2048,512]^T  3-stage pipeline  SMEM: 136192 bytes
  Tiles: 3626M × 8N = 29008 total  K_ITERS=4
  Packing tiles...
  Packing done
  Alloc + init done
  TMA descriptors + func attr done (SMEM=136192 B)
Launching warmup (2 iters)...
  Warmup done.
Timing: 10 iterations...
FC1-W3 kernel: 1.414 ms  1376.50 TFLOPS
Validation: 32/32 spot checks passed
Checksum (1024 strided): 2097152.000000
C[0,0..3] = 1152.0 768.0 1152.0 772.0
@@RESULT ms=1.414 tflops=1376.50 checksum=2097152.000000 valid=1 c0=1152.0
--- rep 3/3 ec=0
FC1 W3 kernel — 6 warps, GELU epilogue
  GEMM: [928256,512] x [2048,512]^T  3-stage pipeline  SMEM: 136192 bytes
  Tiles: 3626M × 8N = 29008 total  K_ITERS=4
  Packing tiles...
  Packing done
  Alloc + init done
  TMA descriptors + func attr done (SMEM=136192 B)
Launching warmup (2 iters)...
  Warmup done.
Timing: 10 iterations...
FC1-W3 kernel: 1.414 ms  1376.94 TFLOPS
Validation: 32/32 spot checks passed
Checksum (1024 strided): 2097152.000000
C[0,0..3] = 1152.0 768.0 1152.0 772.0
@@RESULT ms=1.414 tflops=1376.94 checksum=2097152.000000 valid=1 c0=1152.0
--- cublas epi=2 rep 1/1 ec=0
### CUBLASLT INTROSPECT M=928256 N=2048 K=512 epi=gelu_bias scale=per_tensor
### Heuristics returned: 6

# TSV
rank	heur	ms	cyc	algoId	tile	stages	cluster	inner	splitk	redux	swizzle	custom	waves	ws_MB
1	1	1.5991	2950229	71	23	36	6	-1	1	0	0	0	1.00	0.0
2	0	1.6036	2959719	71	23	36	7	-1	1	0	0	0	1.00	0.0
3	3	1.6687	3079456	70	20	36	5	-1	1	0	0	0	1.00	0.0
4	4	1.6763	3093125	70	20	36	3	-1	1	0	0	0	1.00	0.0
5	5	1.6942	3126088	70	20	36	8	-1	1	0	0	0	1.00	0.0
6	2	1.7633	3253672	71	20	36	14	-1	1	0	0	0	1.00	0.0

# Top-3 caps:

## rank=1  algoId=71  tile=23  stages=36  cluster=6  inner=-1  ms=1.5991
    CUBLASLT_ALGO_CAP_REDUCTION_SCHEME_MASK      = 6
    CUBLASLT_ALGO_CAP_CTA_SWIZZLING_SUPPORT      = 0
    CUBLASLT_ALGO_CAP_STRIDED_BATCH_SUPPORT      = 1
    CUBLASLT_ALGO_CAP_OUT_OF_PLACE_RESULT_SUPPORT = 1
    CUBLASLT_ALGO_CAP_CUSTOM_OPTION_MAX          = 0
    CUBLASLT_ALGO_CAP_POINTER_MODE_MASK          = 3
    CUBLASLT_ALGO_CAP_EPILOGUE_MASK              = 1023
    CUBLASLT_ALGO_CAP_TILE_IDS                   = [20,32,23,18,17,19,15] (n=7, elem=4B)
    CUBLASLT_ALGO_CAP_STAGES_IDS                 = [36] (n=1, elem=4B)
    CUBLASLT_ALGO_CONFIG_CLUSTER_SHAPE_ID sz=2 → status=0 wrote=2 val=6

## rank=2  algoId=71  tile=23  stages=36  cluster=7  inner=-1  ms=1.6036
    CUBLASLT_ALGO_CAP_REDUCTION_SCHEME_MASK      = 6
    CUBLASLT_ALGO_CAP_CTA_SWIZZLING_SUPPORT      = 0
    CUBLASLT_ALGO_CAP_STRIDED_BATCH_SUPPORT      = 1
    CUBLASLT_ALGO_CAP_OUT_OF_PLACE_RESULT_SUPPORT = 1
    CUBLASLT_ALGO_CAP_CUSTOM_OPTION_MAX          = 0
    CUBLASLT_ALGO_CAP_POINTER_MODE_MASK          = 3
    CUBLASLT_ALGO_CAP_EPILOGUE_MASK              = 1023
    CUBLASLT_ALGO_CAP_TILE_IDS                   = [20,32,23,18,17,19,15] (n=7, elem=4B)
    CUBLASLT_ALGO_CAP_STAGES_IDS                 = [36] (n=1, elem=4B)
    CUBLASLT_ALGO_CONFIG_CLUSTER_SHAPE_ID sz=2 → status=0 wrote=2 val=7

## rank=3  algoId=70  tile=20  stages=36  cluster=5  inner=-1  ms=1.6687
    CUBLASLT_ALGO_CAP_REDUCTION_SCHEME_MASK      = 6
    CUBLASLT_ALGO_CAP_CTA_SWIZZLING_SUPPORT      = 0
    CUBLASLT_ALGO_CAP_STRIDED_BATCH_SUPPORT      = 1
    CUBLASLT_ALGO_CAP_OUT_OF_PLACE_RESULT_SUPPORT = 1
    CUBLASLT_ALGO_CAP_CUSTOM_OPTION_MAX          = 0
    CUBLASLT_ALGO_CAP_POINTER_MODE_MASK          = 3
    CUBLASLT_ALGO_CAP_EPILOGUE_MASK              = 1023
    CUBLASLT_ALGO_CAP_TILE_IDS                   = [20,32,23,18,17,19,15] (n=7, elem=4B)
    CUBLASLT_ALGO_CAP_STAGES_IDS                 = [36] (n=1, elem=4B)
    CUBLASLT_ALGO_CONFIG_CLUSTER_SHAPE_ID sz=2 → status=0 wrote=2 val=5

# Winner:  rank=1  tile=23  stages=36  cluster=6  inner=-1  splitk=1  swizzle=0  ms=1.5991  cyc=2950229

@@RESULT ms=1.5991 cyc=2950229 tflops=1217.39 checksum=0.000000 valid=1 c0=0.0
--- cublas epi=0 rep 1/1 ec=0
### CUBLASLT INTROSPECT M=928256 N=2048 K=512 epi=none scale=per_tensor
### Heuristics returned: 8

# TSV
rank	heur	ms	cyc	algoId	tile	stages	cluster	inner	splitk	redux	swizzle	custom	waves	ws_MB
1	0	0.8083	1492192	66	23	36	3	-1	1	0	0	1	392.00	0.0
2	2	0.8514	1570842	66	32	36	3	-1	1	0	0	1	522.70	0.0
3	3	0.8970	1655176	66	29	36	3	-1	1	0	0	1	627.24	0.0
4	1	0.8989	1658538	66	24	36	5	-1	1	0	0	3	392.00	0.0
5	6	0.8990	1658683	66	20	36	3	-1	1	0	0	1	784.00	0.0
6	4	0.9387	1731859	66	495	36	5	-1	1	0	0	3	522.70	0.0
7	7	1.0559	1948399	66	31	36	5	-1	1	0	0	3	539.00	0.0
8	5	1.1701	2158483	66	201	36	5	-1	1	0	0	2	588.00	0.0

# Top-3 caps:

## rank=1  algoId=66  tile=23  stages=36  cluster=3  inner=-1  ms=0.8083
    CUBLASLT_ALGO_CAP_REDUCTION_SCHEME_MASK      = 2
    CUBLASLT_ALGO_CAP_CTA_SWIZZLING_SUPPORT      = 0
    CUBLASLT_ALGO_CAP_STRIDED_BATCH_SUPPORT      = 1
    CUBLASLT_ALGO_CAP_OUT_OF_PLACE_RESULT_SUPPORT = 1
    CUBLASLT_ALGO_CAP_CUSTOM_OPTION_MAX          = 7
    CUBLASLT_ALGO_CAP_POINTER_MODE_MASK          = 3
    CUBLASLT_ALGO_CAP_EPILOGUE_MASK              = 1023
    CUBLASLT_ALGO_CAP_TILE_IDS                   = --  (status=7 wrote=0)
    CUBLASLT_ALGO_CAP_STAGES_IDS                 = [36] (n=1, elem=4B)
    CUBLASLT_ALGO_CONFIG_CLUSTER_SHAPE_ID sz=2 → status=0 wrote=2 val=3

## rank=2  algoId=66  tile=32  stages=36  cluster=3  inner=-1  ms=0.8514
    CUBLASLT_ALGO_CAP_REDUCTION_SCHEME_MASK      = 2
    CUBLASLT_ALGO_CAP_CTA_SWIZZLING_SUPPORT      = 0
    CUBLASLT_ALGO_CAP_STRIDED_BATCH_SUPPORT      = 1
    CUBLASLT_ALGO_CAP_OUT_OF_PLACE_RESULT_SUPPORT = 1
    CUBLASLT_ALGO_CAP_CUSTOM_OPTION_MAX          = 7
    CUBLASLT_ALGO_CAP_POINTER_MODE_MASK          = 3
    CUBLASLT_ALGO_CAP_EPILOGUE_MASK              = 1023
    CUBLASLT_ALGO_CAP_TILE_IDS                   = --  (status=7 wrote=0)
    CUBLASLT_ALGO_CAP_STAGES_IDS                 = [36] (n=1, elem=4B)
    CUBLASLT_ALGO_CONFIG_CLUSTER_SHAPE_ID sz=2 → status=0 wrote=2 val=3

## rank=3  algoId=66  tile=29  stages=36  cluster=3  inner=-1  ms=0.8970
    CUBLASLT_ALGO_CAP_REDUCTION_SCHEME_MASK      = 2
    CUBLASLT_ALGO_CAP_CTA_SWIZZLING_SUPPORT      = 0
    CUBLASLT_ALGO_CAP_STRIDED_BATCH_SUPPORT      = 1
    CUBLASLT_ALGO_CAP_OUT_OF_PLACE_RESULT_SUPPORT = 1
    CUBLASLT_ALGO_CAP_CUSTOM_OPTION_MAX          = 7
    CUBLASLT_ALGO_CAP_POINTER_MODE_MASK          = 3
    CUBLASLT_ALGO_CAP_EPILOGUE_MASK              = 1023
    CUBLASLT_ALGO_CAP_TILE_IDS                   = --  (status=7 wrote=0)
    CUBLASLT_ALGO_CAP_STAGES_IDS                 = [36] (n=1, elem=4B)
    CUBLASLT_ALGO_CONFIG_CLUSTER_SHAPE_ID sz=2 → status=0 wrote=2 val=3

# Winner:  rank=1  tile=23  stages=36  cluster=3  inner=-1  splitk=1  swizzle=0  ms=0.8083  cyc=1492192

@@RESULT ms=0.8083 cyc=1492192 tflops=2408.24 checksum=0.000000 valid=1 c0=0.0

[build] N=2048 K=768 M=928256 flags=['-DM_TOTAL=928256', '-DN_DIM=2048', '-DK_DIM=768', '-DTILE_DISPATCH=11', '-DK_STAGGER=1']
$ make -B fc1-w3 DFLAGS=-DM_TOTAL=928256 -DN_DIM=2048 -DK_DIM=768 -DTILE_DISPATCH=11 -DK_STAGGER=1
nvcc -gencode arch=compute_100a,code=sm_100a -O3 -std=c++17 -lineinfo --ptxas-options=-v --cudart=static -DM_TOTAL=928256 -DN_DIM=2048 -DK_DIM=768 -DTILE_DISPATCH=11 -DK_STAGGER=1 fc1_w3.cu -o fc1-w3 -lcurand_static -lculibos -lcuda
ptxas info    : 0 bytes gmem
ptxas info    : Compiling entry function '_Z7pack_u8PhPKhiiii' for 'sm_100a'
ptxas info    : Function properties for _Z7pack_u8PhPKhiiii
    0 bytes stack frame, 0 bytes spill stores, 0 bytes spill loads
ptxas info    : Used 20 registers, used 0 barriers
ptxas info    : Compile time = 6.324 ms
ptxas info    : Compiling entry function '_Z13fc1_w3_kernel14CUtensorMap_stS_S_PK13__nv_bfloat16PS0_' for 'sm_100a'
ptxas info    : Function properties for _Z13fc1_w3_kernel14CUtensorMap_stS_S_PK13__nv_bfloat16PS0_
    16 bytes stack frame, 0 bytes spill stores, 0 bytes spill loads
ptxas info    : Used 107 registers, used 2 barriers, 16 bytes cumulative stack size
ptxas info    : Compile time = 35.096 ms
--- rep 1/3 ec=0
FC1 W3 kernel — 6 warps, GELU epilogue
  GEMM: [928256,768] x [2048,768]^T  5-stage pipeline  SMEM: 201728 bytes
  Tiles: 3626M × 8N = 29008 total  K_ITERS=6
  Packing tiles...
  Packing done
  Alloc + init done
  TMA descriptors + func attr done (SMEM=201728 B)
Launching warmup (2 iters)...
  Warmup done.
Timing: 10 iterations...
FC1-W3 kernel: 1.331 ms  2194.05 TFLOPS
Validation: 32/32 spot checks passed
Checksum (1024 strided): 2686976.000000
C[0,0..3] = 1728.0 1152.0 1728.0 1152.0
@@RESULT ms=1.331 tflops=2194.05 checksum=2686976.000000 valid=1 c0=1728.0
--- rep 2/3 ec=0
FC1 W3 kernel — 6 warps, GELU epilogue
  GEMM: [928256,768] x [2048,768]^T  5-stage pipeline  SMEM: 201728 bytes
  Tiles: 3626M × 8N = 29008 total  K_ITERS=6
  Packing tiles...
  Packing done
  Alloc + init done
  TMA descriptors + func attr done (SMEM=201728 B)
Launching warmup (2 iters)...
  Warmup done.
Timing: 10 iterations...
FC1-W3 kernel: 1.330 ms  2194.81 TFLOPS
Validation: 32/32 spot checks passed
Checksum (1024 strided): 2686976.000000
C[0,0..3] = 1728.0 1152.0 1728.0 1152.0
@@RESULT ms=1.330 tflops=2194.81 checksum=2686976.000000 valid=1 c0=1728.0
--- rep 3/3 ec=0
FC1 W3 kernel — 6 warps, GELU epilogue
  GEMM: [928256,768] x [2048,768]^T  5-stage pipeline  SMEM: 201728 bytes
  Tiles: 3626M × 8N = 29008 total  K_ITERS=6
  Packing tiles...
  Packing done
  Alloc + init done
  TMA descriptors + func attr done (SMEM=201728 B)
Launching warmup (2 iters)...
  Warmup done.
Timing: 10 iterations...
FC1-W3 kernel: 1.330 ms  2195.76 TFLOPS
Validation: 32/32 spot checks passed
Checksum (1024 strided): 2686976.000000
C[0,0..3] = 1728.0 1152.0 1728.0 1152.0
@@RESULT ms=1.330 tflops=2195.76 checksum=2686976.000000 valid=1 c0=1728.0
--- cublas epi=2 rep 1/1 ec=0
### CUBLASLT INTROSPECT M=928256 N=2048 K=768 epi=gelu_bias scale=per_tensor
### Heuristics returned: 8

# TSV
rank	heur	ms	cyc	algoId	tile	stages	cluster	inner	splitk	redux	swizzle	custom	waves	ws_MB
1	5	1.6126	2975399	71	23	36	6	-1	1	0	0	0	1.00	0.0
2	2	1.6221	2992239	71	23	36	10	-1	1	0	0	0	1.00	0.0
3	3	1.6300	3007116	71	23	36	7	-1	1	0	0	0	1.00	0.0
4	1	1.6395	3024136	71	23	36	13	-1	1	0	0	0	1.00	0.0
5	4	1.6726	3085806	71	23	36	4	-1	1	0	0	0	1.00	0.0
6	7	1.7528	3233783	70	20	36	7	-1	1	0	0	0	1.00	0.0
7	6	1.7910	3304408	71	20	36	6	-1	1	0	0	0	1.00	0.0
8	0	1.8040	3329579	71	19	36	4	-1	1	0	0	0	1.00	0.0

# Top-3 caps:

## rank=1  algoId=71  tile=23  stages=36  cluster=6  inner=-1  ms=1.6126
    CUBLASLT_ALGO_CAP_REDUCTION_SCHEME_MASK      = 6
    CUBLASLT_ALGO_CAP_CTA_SWIZZLING_SUPPORT      = 0
    CUBLASLT_ALGO_CAP_STRIDED_BATCH_SUPPORT      = 1
    CUBLASLT_ALGO_CAP_OUT_OF_PLACE_RESULT_SUPPORT = 1
    CUBLASLT_ALGO_CAP_CUSTOM_OPTION_MAX          = 0
    CUBLASLT_ALGO_CAP_POINTER_MODE_MASK          = 3
    CUBLASLT_ALGO_CAP_EPILOGUE_MASK              = 1023
    CUBLASLT_ALGO_CAP_TILE_IDS                   = [20,32,23,18,17,19,15] (n=7, elem=4B)
    CUBLASLT_ALGO_CAP_STAGES_IDS                 = [36] (n=1, elem=4B)
    CUBLASLT_ALGO_CONFIG_CLUSTER_SHAPE_ID sz=2 → status=0 wrote=2 val=6

## rank=2  algoId=71  tile=23  stages=36  cluster=10  inner=-1  ms=1.6221
    CUBLASLT_ALGO_CAP_REDUCTION_SCHEME_MASK      = 6
    CUBLASLT_ALGO_CAP_CTA_SWIZZLING_SUPPORT      = 0
    CUBLASLT_ALGO_CAP_STRIDED_BATCH_SUPPORT      = 1
    CUBLASLT_ALGO_CAP_OUT_OF_PLACE_RESULT_SUPPORT = 1
    CUBLASLT_ALGO_CAP_CUSTOM_OPTION_MAX          = 0
    CUBLASLT_ALGO_CAP_POINTER_MODE_MASK          = 3
    CUBLASLT_ALGO_CAP_EPILOGUE_MASK              = 1023
    CUBLASLT_ALGO_CAP_TILE_IDS                   = [20,32,23,18,17,19,15] (n=7, elem=4B)
    CUBLASLT_ALGO_CAP_STAGES_IDS                 = [36] (n=1, elem=4B)
    CUBLASLT_ALGO_CONFIG_CLUSTER_SHAPE_ID sz=2 → status=0 wrote=2 val=10

## rank=3  algoId=71  tile=23  stages=36  cluster=7  inner=-1  ms=1.6300
    CUBLASLT_ALGO_CAP_REDUCTION_SCHEME_MASK      = 6
    CUBLASLT_ALGO_CAP_CTA_SWIZZLING_SUPPORT      = 0
    CUBLASLT_ALGO_CAP_STRIDED_BATCH_SUPPORT      = 1
    CUBLASLT_ALGO_CAP_OUT_OF_PLACE_RESULT_SUPPORT = 1
    CUBLASLT_ALGO_CAP_CUSTOM_OPTION_MAX          = 0
    CUBLASLT_ALGO_CAP_POINTER_MODE_MASK          = 3
    CUBLASLT_ALGO_CAP_EPILOGUE_MASK              = 1023
    CUBLASLT_ALGO_CAP_TILE_IDS                   = [20,32,23,18,17,19,15] (n=7, elem=4B)
    CUBLASLT_ALGO_CAP_STAGES_IDS                 = [36] (n=1, elem=4B)
    CUBLASLT_ALGO_CONFIG_CLUSTER_SHAPE_ID sz=2 → status=0 wrote=2 val=7

# Winner:  rank=1  tile=23  stages=36  cluster=6  inner=-1  splitk=1  swizzle=0  ms=1.6126  cyc=2975399

@@RESULT ms=1.6126 cyc=2975399 tflops=1810.77 checksum=0.000000 valid=1 c0=0.0
--- cublas epi=0 rep 1/1 ec=0
### CUBLASLT INTROSPECT M=928256 N=2048 K=768 epi=none scale=per_tensor
### Heuristics returned: 8

# TSV
rank	heur	ms	cyc	algoId	tile	stages	cluster	inner	splitk	redux	swizzle	custom	waves	ws_MB
1	0	0.9267	1710621	66	23	36	3	-1	1	0	0	1	392.00	0.0
2	2	0.9796	1807385	66	32	36	3	-1	1	0	0	1	522.70	0.0
3	3	1.0523	1941639	66	29	36	3	-1	1	0	0	1	627.24	0.0
4	6	1.0885	2008103	66	20	36	3	-1	1	0	0	1	784.00	0.0
5	1	1.1340	2091731	66	24	36	5	-1	1	0	0	3	392.00	0.0
6	7	1.2490	2304342	66	31	36	5	-1	1	0	0	3	539.00	0.0
7	4	1.2633	2330595	66	495	36	5	-1	1	0	0	3	522.70	0.0
8	5	1.2685	2339692	66	201	36	5	-1	1	0	0	2	588.00	0.0

# Top-3 caps:

## rank=1  algoId=66  tile=23  stages=36  cluster=3  inner=-1  ms=0.9267
    CUBLASLT_ALGO_CAP_REDUCTION_SCHEME_MASK      = 2
    CUBLASLT_ALGO_CAP_CTA_SWIZZLING_SUPPORT      = 0
    CUBLASLT_ALGO_CAP_STRIDED_BATCH_SUPPORT      = 1
    CUBLASLT_ALGO_CAP_OUT_OF_PLACE_RESULT_SUPPORT = 1
    CUBLASLT_ALGO_CAP_CUSTOM_OPTION_MAX          = 7
    CUBLASLT_ALGO_CAP_POINTER_MODE_MASK          = 3
    CUBLASLT_ALGO_CAP_EPILOGUE_MASK              = 1023
    CUBLASLT_ALGO_CAP_TILE_IDS                   = --  (status=7 wrote=0)
    CUBLASLT_ALGO_CAP_STAGES_IDS                 = [36] (n=1, elem=4B)
    CUBLASLT_ALGO_CONFIG_CLUSTER_SHAPE_ID sz=2 → status=0 wrote=2 val=3

## rank=2  algoId=66  tile=32  stages=36  cluster=3  inner=-1  ms=0.9796
    CUBLASLT_ALGO_CAP_REDUCTION_SCHEME_MASK      = 2
    CUBLASLT_ALGO_CAP_CTA_SWIZZLING_SUPPORT      = 0
    CUBLASLT_ALGO_CAP_STRIDED_BATCH_SUPPORT      = 1
    CUBLASLT_ALGO_CAP_OUT_OF_PLACE_RESULT_SUPPORT = 1
    CUBLASLT_ALGO_CAP_CUSTOM_OPTION_MAX          = 7
    CUBLASLT_ALGO_CAP_POINTER_MODE_MASK          = 3
    CUBLASLT_ALGO_CAP_EPILOGUE_MASK              = 1023
    CUBLASLT_ALGO_CAP_TILE_IDS                   = --  (status=7 wrote=0)
    CUBLASLT_ALGO_CAP_STAGES_IDS                 = [36] (n=1, elem=4B)
    CUBLASLT_ALGO_CONFIG_CLUSTER_SHAPE_ID sz=2 → status=0 wrote=2 val=3

## rank=3  algoId=66  tile=29  stages=36  cluster=3  inner=-1  ms=1.0523
    CUBLASLT_ALGO_CAP_REDUCTION_SCHEME_MASK      = 2
    CUBLASLT_ALGO_CAP_CTA_SWIZZLING_SUPPORT      = 0
    CUBLASLT_ALGO_CAP_STRIDED_BATCH_SUPPORT      = 1
    CUBLASLT_ALGO_CAP_OUT_OF_PLACE_RESULT_SUPPORT = 1
    CUBLASLT_ALGO_CAP_CUSTOM_OPTION_MAX          = 7
    CUBLASLT_ALGO_CAP_POINTER_MODE_MASK          = 3
    CUBLASLT_ALGO_CAP_EPILOGUE_MASK              = 1023
    CUBLASLT_ALGO_CAP_TILE_IDS                   = --  (status=7 wrote=0)
    CUBLASLT_ALGO_CAP_STAGES_IDS                 = [36] (n=1, elem=4B)
    CUBLASLT_ALGO_CONFIG_CLUSTER_SHAPE_ID sz=2 → status=0 wrote=2 val=3

# Winner:  rank=1  tile=23  stages=36  cluster=3  inner=-1  splitk=1  swizzle=0  ms=0.9267  cyc=1710621

@@RESULT ms=0.9267 cyc=1710621 tflops=3151.00 checksum=0.000000 valid=1 c0=0.0

[build] N=2048 K=1024 M=928256 flags=['-DM_TOTAL=928256', '-DN_DIM=2048', '-DK_DIM=1024', '-DTILE_DISPATCH=11', '-DK_STAGGER=1']
$ make -B fc1-w3 DFLAGS=-DM_TOTAL=928256 -DN_DIM=2048 -DK_DIM=1024 -DTILE_DISPATCH=11 -DK_STAGGER=1
nvcc -gencode arch=compute_100a,code=sm_100a -O3 -std=c++17 -lineinfo --ptxas-options=-v --cudart=static -DM_TOTAL=928256 -DN_DIM=2048 -DK_DIM=1024 -DTILE_DISPATCH=11 -DK_STAGGER=1 fc1_w3.cu -o fc1-w3 -lcurand_static -lculibos -lcuda
ptxas info    : 0 bytes gmem
ptxas info    : Compiling entry function '_Z7pack_u8PhPKhiiii' for 'sm_100a'
ptxas info    : Function properties for _Z7pack_u8PhPKhiiii
    0 bytes stack frame, 0 bytes spill stores, 0 bytes spill loads
ptxas info    : Used 20 registers, used 0 barriers
ptxas info    : Compile time = 6.278 ms
ptxas info    : Compiling entry function '_Z13fc1_w3_kernel14CUtensorMap_stS_S_PK13__nv_bfloat16PS0_' for 'sm_100a'
ptxas info    : Function properties for _Z13fc1_w3_kernel14CUtensorMap_stS_S_PK13__nv_bfloat16PS0_
    160 bytes stack frame, 0 bytes spill stores, 0 bytes spill loads
ptxas info    : Used 109 registers, used 2 barriers, 160 bytes cumulative stack size
ptxas info    : Compile time = 39.714 ms
--- rep 1/3 ec=0
FC1 W3 kernel — 6 warps, GELU epilogue
  GEMM: [928256,1024] x [2048,1024]^T  5-stage pipeline  SMEM: 201728 bytes
  Tiles: 3626M × 8N = 29008 total  K_ITERS=8
  Packing tiles...
  Packing done
  Alloc + init done
  TMA descriptors + func attr done (SMEM=201728 B)
Launching warmup (2 iters)...
  Warmup done.
Timing: 10 iterations...
FC1-W3 kernel: 1.387 ms  2807.86 TFLOPS
Validation: 32/32 spot checks passed
Checksum (1024 strided): 3276800.000000
C[0,0..3] = 2304.0 1536.0 2304.0 1536.0
@@RESULT ms=1.387 tflops=2807.86 checksum=3276800.000000 valid=1 c0=2304.0
--- rep 2/3 ec=0
FC1 W3 kernel — 6 warps, GELU epilogue
  GEMM: [928256,1024] x [2048,1024]^T  5-stage pipeline  SMEM: 201728 bytes
  Tiles: 3626M × 8N = 29008 total  K_ITERS=8
  Packing tiles...
  Packing done
  Alloc + init done
  TMA descriptors + func attr done (SMEM=201728 B)
Launching warmup (2 iters)...
  Warmup done.
Timing: 10 iterations...
FC1-W3 kernel: 1.387 ms  2808.05 TFLOPS
Validation: 32/32 spot checks passed
Checksum (1024 strided): 3276800.000000
C[0,0..3] = 2304.0 1536.0 2304.0 1536.0
@@RESULT ms=1.387 tflops=2808.05 checksum=3276800.000000 valid=1 c0=2304.0
--- rep 3/3 ec=0
FC1 W3 kernel — 6 warps, GELU epilogue
  GEMM: [928256,1024] x [2048,1024]^T  5-stage pipeline  SMEM: 201728 bytes
  Tiles: 3626M × 8N = 29008 total  K_ITERS=8
  Packing tiles...
  Packing done
  Alloc + init done
  TMA descriptors + func attr done (SMEM=201728 B)
Launching warmup (2 iters)...
  Warmup done.
Timing: 10 iterations...
FC1-W3 kernel: 1.386 ms  2808.44 TFLOPS
Validation: 32/32 spot checks passed
Checksum (1024 strided): 3276800.000000
C[0,0..3] = 2304.0 1536.0 2304.0 1536.0
@@RESULT ms=1.386 tflops=2808.44 checksum=3276800.000000 valid=1 c0=2304.0
--- cublas epi=2 rep 1/1 ec=0
### CUBLASLT INTROSPECT M=928256 N=2048 K=1024 epi=gelu_bias scale=per_tensor
### Heuristics returned: 8

# TSV
rank	heur	ms	cyc	algoId	tile	stages	cluster	inner	splitk	redux	swizzle	custom	waves	ws_MB
1	5	1.6474	3039556	71	23	36	6	-1	1	0	0	0	1.00	0.0
2	4	1.6538	3050581	71	23	36	10	-1	1	0	0	0	1.00	0.0
3	2	1.6655	3072784	71	23	36	7	-1	1	0	0	0	1.00	0.0
4	0	1.6781	3096417	71	23	36	13	-1	1	0	0	0	1.00	0.0
5	3	1.7095	3153939	71	23	36	4	-1	1	0	0	0	1.00	0.0
6	7	1.8059	3331312	70	20	36	7	-1	1	0	0	0	1.00	0.0
7	6	1.8425	3399317	71	20	36	6	-1	1	0	0	0	1.00	0.0
8	1	1.8666	3443314	71	19	36	4	-1	1	0	0	0	1.00	0.0

# Top-3 caps:

## rank=1  algoId=71  tile=23  stages=36  cluster=6  inner=-1  ms=1.6474
    CUBLASLT_ALGO_CAP_REDUCTION_SCHEME_MASK      = 6
    CUBLASLT_ALGO_CAP_CTA_SWIZZLING_SUPPORT      = 0
    CUBLASLT_ALGO_CAP_STRIDED_BATCH_SUPPORT      = 1
    CUBLASLT_ALGO_CAP_OUT_OF_PLACE_RESULT_SUPPORT = 1
    CUBLASLT_ALGO_CAP_CUSTOM_OPTION_MAX          = 0
    CUBLASLT_ALGO_CAP_POINTER_MODE_MASK          = 3
    CUBLASLT_ALGO_CAP_EPILOGUE_MASK              = 1023
    CUBLASLT_ALGO_CAP_TILE_IDS                   = [20,32,23,18,17,19,15] (n=7, elem=4B)
    CUBLASLT_ALGO_CAP_STAGES_IDS                 = [36] (n=1, elem=4B)
    CUBLASLT_ALGO_CONFIG_CLUSTER_SHAPE_ID sz=2 → status=0 wrote=2 val=6

## rank=2  algoId=71  tile=23  stages=36  cluster=10  inner=-1  ms=1.6538
    CUBLASLT_ALGO_CAP_REDUCTION_SCHEME_MASK      = 6
    CUBLASLT_ALGO_CAP_CTA_SWIZZLING_SUPPORT      = 0
    CUBLASLT_ALGO_CAP_STRIDED_BATCH_SUPPORT      = 1
    CUBLASLT_ALGO_CAP_OUT_OF_PLACE_RESULT_SUPPORT = 1
    CUBLASLT_ALGO_CAP_CUSTOM_OPTION_MAX          = 0
    CUBLASLT_ALGO_CAP_POINTER_MODE_MASK          = 3
    CUBLASLT_ALGO_CAP_EPILOGUE_MASK              = 1023
    CUBLASLT_ALGO_CAP_TILE_IDS                   = [20,32,23,18,17,19,15] (n=7, elem=4B)
    CUBLASLT_ALGO_CAP_STAGES_IDS                 = [36] (n=1, elem=4B)
    CUBLASLT_ALGO_CONFIG_CLUSTER_SHAPE_ID sz=2 → status=0 wrote=2 val=10

## rank=3  algoId=71  tile=23  stages=36  cluster=7  inner=-1  ms=1.6655
    CUBLASLT_ALGO_CAP_REDUCTION_SCHEME_MASK      = 6
    CUBLASLT_ALGO_CAP_CTA_SWIZZLING_SUPPORT      = 0
    CUBLASLT_ALGO_CAP_STRIDED_BATCH_SUPPORT      = 1
    CUBLASLT_ALGO_CAP_OUT_OF_PLACE_RESULT_SUPPORT = 1
    CUBLASLT_ALGO_CAP_CUSTOM_OPTION_MAX          = 0
    CUBLASLT_ALGO_CAP_POINTER_MODE_MASK          = 3
    CUBLASLT_ALGO_CAP_EPILOGUE_MASK              = 1023
    CUBLASLT_ALGO_CAP_TILE_IDS                   = [20,32,23,18,17,19,15] (n=7, elem=4B)
    CUBLASLT_ALGO_CAP_STAGES_IDS                 = [36] (n=1, elem=4B)
    CUBLASLT_ALGO_CONFIG_CLUSTER_SHAPE_ID sz=2 → status=0 wrote=2 val=7

# Winner:  rank=1  tile=23  stages=36  cluster=6  inner=-1  splitk=1  swizzle=0  ms=1.6474  cyc=3039556

@@RESULT ms=1.6474 cyc=3039556 tflops=2363.34 checksum=0.000000 valid=1 c0=0.0
--- cublas epi=0 rep 1/1 ec=0
### CUBLASLT INTROSPECT M=928256 N=2048 K=1024 epi=none scale=per_tensor
### Heuristics returned: 8

# TSV
rank	heur	ms	cyc	algoId	tile	stages	cluster	inner	splitk	redux	swizzle	custom	waves	ws_MB
1	0	1.0647	1965308	66	23	36	3	-1	1	0	0	1	392.00	0.0
2	2	1.1274	2080306	66	32	36	3	-1	1	0	0	1	522.70	0.0
3	3	1.2190	2249340	66	29	36	3	-1	1	0	0	1	627.24	0.0
4	1	1.3607	2509845	66	24	36	5	-1	1	0	0	3	392.00	0.0
5	7	1.3832	2549737	66	513	36	3	-1	1	0	0	1	196.00	0.0
6	5	1.4214	2622375	66	201	36	5	-1	1	0	0	2	588.00	0.0
7	6	1.5057	2777887	66	31	36	5	-1	1	0	0	3	539.00	0.0
8	4	1.5161	2797120	66	495	36	5	-1	1	0	0	3	522.70	0.0

# Top-3 caps:

## rank=1  algoId=66  tile=23  stages=36  cluster=3  inner=-1  ms=1.0647
    CUBLASLT_ALGO_CAP_REDUCTION_SCHEME_MASK      = 2
    CUBLASLT_ALGO_CAP_CTA_SWIZZLING_SUPPORT      = 0
    CUBLASLT_ALGO_CAP_STRIDED_BATCH_SUPPORT      = 1
    CUBLASLT_ALGO_CAP_OUT_OF_PLACE_RESULT_SUPPORT = 1
    CUBLASLT_ALGO_CAP_CUSTOM_OPTION_MAX          = 7
    CUBLASLT_ALGO_CAP_POINTER_MODE_MASK          = 3
    CUBLASLT_ALGO_CAP_EPILOGUE_MASK              = 1023
    CUBLASLT_ALGO_CAP_TILE_IDS                   = --  (status=7 wrote=0)
    CUBLASLT_ALGO_CAP_STAGES_IDS                 = [36] (n=1, elem=4B)
    CUBLASLT_ALGO_CONFIG_CLUSTER_SHAPE_ID sz=2 → status=0 wrote=2 val=3

## rank=2  algoId=66  tile=32  stages=36  cluster=3  inner=-1  ms=1.1274
    CUBLASLT_ALGO_CAP_REDUCTION_SCHEME_MASK      = 2
    CUBLASLT_ALGO_CAP_CTA_SWIZZLING_SUPPORT      = 0
    CUBLASLT_ALGO_CAP_STRIDED_BATCH_SUPPORT      = 1
    CUBLASLT_ALGO_CAP_OUT_OF_PLACE_RESULT_SUPPORT = 1
    CUBLASLT_ALGO_CAP_CUSTOM_OPTION_MAX          = 7
    CUBLASLT_ALGO_CAP_POINTER_MODE_MASK          = 3
    CUBLASLT_ALGO_CAP_EPILOGUE_MASK              = 1023
    CUBLASLT_ALGO_CAP_TILE_IDS                   = --  (status=7 wrote=0)
    CUBLASLT_ALGO_CAP_STAGES_IDS                 = [36] (n=1, elem=4B)
    CUBLASLT_ALGO_CONFIG_CLUSTER_SHAPE_ID sz=2 → status=0 wrote=2 val=3

## rank=3  algoId=66  tile=29  stages=36  cluster=3  inner=-1  ms=1.2190
    CUBLASLT_ALGO_CAP_REDUCTION_SCHEME_MASK      = 2
    CUBLASLT_ALGO_CAP_CTA_SWIZZLING_SUPPORT      = 0
    CUBLASLT_ALGO_CAP_STRIDED_BATCH_SUPPORT      = 1
    CUBLASLT_ALGO_CAP_OUT_OF_PLACE_RESULT_SUPPORT = 1
    CUBLASLT_ALGO_CAP_CUSTOM_OPTION_MAX          = 7
    CUBLASLT_ALGO_CAP_POINTER_MODE_MASK          = 3
    CUBLASLT_ALGO_CAP_EPILOGUE_MASK              = 1023
    CUBLASLT_ALGO_CAP_TILE_IDS                   = --  (status=7 wrote=0)
    CUBLASLT_ALGO_CAP_STAGES_IDS                 = [36] (n=1, elem=4B)
    CUBLASLT_ALGO_CONFIG_CLUSTER_SHAPE_ID sz=2 → status=0 wrote=2 val=3

# Winner:  rank=1  tile=23  stages=36  cluster=3  inner=-1  splitk=1  swizzle=0  ms=1.0647  cyc=1965308

@@RESULT ms=1.0647 cyc=1965308 tflops=3656.76 checksum=0.000000 valid=1 c0=0.0

[build] N=2048 K=1536 M=928256 flags=['-DM_TOTAL=928256', '-DN_DIM=2048', '-DK_DIM=1536', '-DTILE_DISPATCH=11', '-DK_STAGGER=1']
$ make -B fc1-w3 DFLAGS=-DM_TOTAL=928256 -DN_DIM=2048 -DK_DIM=1536 -DTILE_DISPATCH=11 -DK_STAGGER=1
nvcc -gencode arch=compute_100a,code=sm_100a -O3 -std=c++17 -lineinfo --ptxas-options=-v --cudart=static -DM_TOTAL=928256 -DN_DIM=2048 -DK_DIM=1536 -DTILE_DISPATCH=11 -DK_STAGGER=1 fc1_w3.cu -o fc1-w3 -lcurand_static -lculibos -lcuda
ptxas info    : 0 bytes gmem
ptxas info    : Compiling entry function '_Z7pack_u8PhPKhiiii' for 'sm_100a'
ptxas info    : Function properties for _Z7pack_u8PhPKhiiii
    0 bytes stack frame, 0 bytes spill stores, 0 bytes spill loads
ptxas info    : Used 20 registers, used 0 barriers
ptxas info    : Compile time = 6.488 ms
ptxas info    : Compiling entry function '_Z13fc1_w3_kernel14CUtensorMap_stS_S_PK13__nv_bfloat16PS0_' for 'sm_100a'
ptxas info    : Function properties for _Z13fc1_w3_kernel14CUtensorMap_stS_S_PK13__nv_bfloat16PS0_
    16 bytes stack frame, 0 bytes spill stores, 0 bytes spill loads
ptxas info    : Used 116 registers, used 2 barriers, 16 bytes cumulative stack size
ptxas info    : Compile time = 40.836 ms
--- rep 1/3 ec=0
FC1 W3 kernel — 6 warps, GELU epilogue
  GEMM: [928256,1536] x [2048,1536]^T  5-stage pipeline  SMEM: 201728 bytes
  Tiles: 3626M × 8N = 29008 total  K_ITERS=12
  Packing tiles...
  Packing done
  Alloc + init done
  TMA descriptors + func attr done (SMEM=201728 B)
Launching warmup (2 iters)...
  Warmup done.
Timing: 10 iterations...
FC1-W3 kernel: 1.705 ms  3424.81 TFLOPS
Validation: 32/32 spot checks passed
Checksum (1024 strided): 4456448.000000
C[0,0..3] = 3456.0 2304.0 3456.0 2304.0
@@RESULT ms=1.705 tflops=3424.81 checksum=4456448.000000 valid=1 c0=3456.0
--- rep 2/3 ec=0
FC1 W3 kernel — 6 warps, GELU epilogue
  GEMM: [928256,1536] x [2048,1536]^T  5-stage pipeline  SMEM: 201728 bytes
  Tiles: 3626M × 8N = 29008 total  K_ITERS=12
  Packing tiles...
  Packing done
  Alloc + init done
  TMA descriptors + func attr done (SMEM=201728 B)
Launching warmup (2 iters)...
  Warmup done.
Timing: 10 iterations...
FC1-W3 kernel: 1.705 ms  3425.71 TFLOPS
Validation: 32/32 spot checks passed
Checksum (1024 strided): 4456448.000000
C[0,0..3] = 3456.0 2304.0 3456.0 2304.0
@@RESULT ms=1.705 tflops=3425.71 checksum=4456448.000000 valid=1 c0=3456.0
--- rep 3/3 ec=0
FC1 W3 kernel — 6 warps, GELU epilogue
  GEMM: [928256,1536] x [2048,1536]^T  5-stage pipeline  SMEM: 201728 bytes
  Tiles: 3626M × 8N = 29008 total  K_ITERS=12
  Packing tiles...
  Packing done
  Alloc + init done
  TMA descriptors + func attr done (SMEM=201728 B)
Launching warmup (2 iters)...
  Warmup done.
Timing: 10 iterations...
FC1-W3 kernel: 1.705 ms  3425.97 TFLOPS
Validation: 32/32 spot checks passed
Checksum (1024 strided): 4456448.000000
C[0,0..3] = 3456.0 2304.0 3456.0 2304.0
@@RESULT ms=1.705 tflops=3425.97 checksum=4456448.000000 valid=1 c0=3456.0
--- cublas epi=2 rep 1/1 ec=0
### CUBLASLT INTROSPECT M=928256 N=2048 K=1536 epi=gelu_bias scale=per_tensor
### Heuristics returned: 8

# TSV
rank	heur	ms	cyc	algoId	tile	stages	cluster	inner	splitk	redux	swizzle	custom	waves	ws_MB
1	5	1.6805	3100917	71	23	36	6	-1	1	0	0	0	1.00	0.0
2	3	1.6873	3112926	71	23	36	10	-1	1	0	0	0	1.00	0.0
3	2	1.6891	3116484	71	23	36	7	-1	1	0	0	0	1.00	0.0
4	0	1.6965	3130506	71	23	36	13	-1	1	0	0	0	1.00	0.0
5	1	1.7263	3185055	71	23	36	4	-1	1	0	0	0	1.00	0.0
6	6	1.8999	3505265	71	20	36	6	-1	1	0	0	0	1.00	0.0
7	4	1.9427	3584083	71	19	36	4	-1	1	0	0	0	1.00	0.0
8	7	2.1988	4055340	70	20	36	7	-1	1	0	0	0	1.00	0.0

# Top-3 caps:

## rank=1  algoId=71  tile=23  stages=36  cluster=6  inner=-1  ms=1.6805
    CUBLASLT_ALGO_CAP_REDUCTION_SCHEME_MASK      = 6
    CUBLASLT_ALGO_CAP_CTA_SWIZZLING_SUPPORT      = 0
    CUBLASLT_ALGO_CAP_STRIDED_BATCH_SUPPORT      = 1
    CUBLASLT_ALGO_CAP_OUT_OF_PLACE_RESULT_SUPPORT = 1
    CUBLASLT_ALGO_CAP_CUSTOM_OPTION_MAX          = 0
    CUBLASLT_ALGO_CAP_POINTER_MODE_MASK          = 3
    CUBLASLT_ALGO_CAP_EPILOGUE_MASK              = 1023
    CUBLASLT_ALGO_CAP_TILE_IDS                   = [20,32,23,18,17,19,15] (n=7, elem=4B)
    CUBLASLT_ALGO_CAP_STAGES_IDS                 = [36] (n=1, elem=4B)
    CUBLASLT_ALGO_CONFIG_CLUSTER_SHAPE_ID sz=2 → status=0 wrote=2 val=6

## rank=2  algoId=71  tile=23  stages=36  cluster=10  inner=-1  ms=1.6873
    CUBLASLT_ALGO_CAP_REDUCTION_SCHEME_MASK      = 6
    CUBLASLT_ALGO_CAP_CTA_SWIZZLING_SUPPORT      = 0
    CUBLASLT_ALGO_CAP_STRIDED_BATCH_SUPPORT      = 1
    CUBLASLT_ALGO_CAP_OUT_OF_PLACE_RESULT_SUPPORT = 1
    CUBLASLT_ALGO_CAP_CUSTOM_OPTION_MAX          = 0
    CUBLASLT_ALGO_CAP_POINTER_MODE_MASK          = 3
    CUBLASLT_ALGO_CAP_EPILOGUE_MASK              = 1023
    CUBLASLT_ALGO_CAP_TILE_IDS                   = [20,32,23,18,17,19,15] (n=7, elem=4B)
    CUBLASLT_ALGO_CAP_STAGES_IDS                 = [36] (n=1, elem=4B)
    CUBLASLT_ALGO_CONFIG_CLUSTER_SHAPE_ID sz=2 → status=0 wrote=2 val=10

## rank=3  algoId=71  tile=23  stages=36  cluster=7  inner=-1  ms=1.6891
    CUBLASLT_ALGO_CAP_REDUCTION_SCHEME_MASK      = 6
    CUBLASLT_ALGO_CAP_CTA_SWIZZLING_SUPPORT      = 0
    CUBLASLT_ALGO_CAP_STRIDED_BATCH_SUPPORT      = 1
    CUBLASLT_ALGO_CAP_OUT_OF_PLACE_RESULT_SUPPORT = 1
    CUBLASLT_ALGO_CAP_CUSTOM_OPTION_MAX          = 0
    CUBLASLT_ALGO_CAP_POINTER_MODE_MASK          = 3
    CUBLASLT_ALGO_CAP_EPILOGUE_MASK              = 1023
    CUBLASLT_ALGO_CAP_TILE_IDS                   = [20,32,23,18,17,19,15] (n=7, elem=4B)
    CUBLASLT_ALGO_CAP_STAGES_IDS                 = [36] (n=1, elem=4B)
    CUBLASLT_ALGO_CONFIG_CLUSTER_SHAPE_ID sz=2 → status=0 wrote=2 val=7

# Winner:  rank=1  tile=23  stages=36  cluster=6  inner=-1  splitk=1  swizzle=0  ms=1.6805  cyc=3100917

@@RESULT ms=1.6805 cyc=3100917 tflops=3475.24 checksum=0.000000 valid=1 c0=0.0
--- cublas epi=0 rep 1/1 ec=0
### CUBLASLT INTROSPECT M=928256 N=2048 K=1536 epi=none scale=per_tensor
### Heuristics returned: 8

# TSV
rank	heur	ms	cyc	algoId	tile	stages	cluster	inner	splitk	redux	swizzle	custom	waves	ws_MB
1	0	1.3685	2525687	66	23	36	3	-1	1	0	0	1	392.00	0.0
2	2	1.4638	2700869	66	32	36	3	-1	1	0	0	1	522.70	0.0
3	3	1.5825	2920069	66	29	36	3	-1	1	0	0	1	627.24	0.0
4	4	1.6706	3082317	66	201	36	5	-1	1	0	0	2	588.00	0.0
5	6	1.8198	3356575	66	513	36	3	-1	1	0	0	1	196.00	0.0
6	1	1.8580	3427379	66	24	36	5	-1	1	0	0	3	392.00	0.0
7	7	2.0656	3810655	66	31	36	5	-1	1	0	0	3	539.00	0.0
8	5	2.1443	3955615	66	495	36	5	-1	1	0	0	3	522.70	0.0

# Top-3 caps:

## rank=1  algoId=66  tile=23  stages=36  cluster=3  inner=-1  ms=1.3685
    CUBLASLT_ALGO_CAP_REDUCTION_SCHEME_MASK      = 2
    CUBLASLT_ALGO_CAP_CTA_SWIZZLING_SUPPORT      = 0
    CUBLASLT_ALGO_CAP_STRIDED_BATCH_SUPPORT      = 1
    CUBLASLT_ALGO_CAP_OUT_OF_PLACE_RESULT_SUPPORT = 1
    CUBLASLT_ALGO_CAP_CUSTOM_OPTION_MAX          = 7
    CUBLASLT_ALGO_CAP_POINTER_MODE_MASK          = 3
    CUBLASLT_ALGO_CAP_EPILOGUE_MASK              = 1023
    CUBLASLT_ALGO_CAP_TILE_IDS                   = --  (status=7 wrote=0)
    CUBLASLT_ALGO_CAP_STAGES_IDS                 = [36] (n=1, elem=4B)
    CUBLASLT_ALGO_CONFIG_CLUSTER_SHAPE_ID sz=2 → status=0 wrote=2 val=3

## rank=2  algoId=66  tile=32  stages=36  cluster=3  inner=-1  ms=1.4638
    CUBLASLT_ALGO_CAP_REDUCTION_SCHEME_MASK      = 2
    CUBLASLT_ALGO_CAP_CTA_SWIZZLING_SUPPORT      = 0
    CUBLASLT_ALGO_CAP_STRIDED_BATCH_SUPPORT      = 1
    CUBLASLT_ALGO_CAP_OUT_OF_PLACE_RESULT_SUPPORT = 1
    CUBLASLT_ALGO_CAP_CUSTOM_OPTION_MAX          = 7
    CUBLASLT_ALGO_CAP_POINTER_MODE_MASK          = 3
    CUBLASLT_ALGO_CAP_EPILOGUE_MASK              = 1023
    CUBLASLT_ALGO_CAP_TILE_IDS                   = --  (status=7 wrote=0)
    CUBLASLT_ALGO_CAP_STAGES_IDS                 = [36] (n=1, elem=4B)
    CUBLASLT_ALGO_CONFIG_CLUSTER_SHAPE_ID sz=2 → status=0 wrote=2 val=3

## rank=3  algoId=66  tile=29  stages=36  cluster=3  inner=-1  ms=1.5825
    CUBLASLT_ALGO_CAP_REDUCTION_SCHEME_MASK      = 2
    CUBLASLT_ALGO_CAP_CTA_SWIZZLING_SUPPORT      = 0
    CUBLASLT_ALGO_CAP_STRIDED_BATCH_SUPPORT      = 1
    CUBLASLT_ALGO_CAP_OUT_OF_PLACE_RESULT_SUPPORT = 1
    CUBLASLT_ALGO_CAP_CUSTOM_OPTION_MAX          = 7
    CUBLASLT_ALGO_CAP_POINTER_MODE_MASK          = 3
    CUBLASLT_ALGO_CAP_EPILOGUE_MASK              = 1023
    CUBLASLT_ALGO_CAP_TILE_IDS                   = --  (status=7 wrote=0)
    CUBLASLT_ALGO_CAP_STAGES_IDS                 = [36] (n=1, elem=4B)
    CUBLASLT_ALGO_CONFIG_CLUSTER_SHAPE_ID sz=2 → status=0 wrote=2 val=3

# Winner:  rank=1  tile=23  stages=36  cluster=3  inner=-1  splitk=1  swizzle=0  ms=1.3685  cyc=2525687

@@RESULT ms=1.3685 cyc=2525687 tflops=4267.43 checksum=0.000000 valid=1 c0=0.0

[build] N=3072 K=512 M=928256 flags=['-DM_TOTAL=928256', '-DN_DIM=3072', '-DK_DIM=512', '-DN_STAGES=3', '-DTILE_DISPATCH=11', '-DK_STAGGER=1']
$ make -B fc1-w3 DFLAGS=-DM_TOTAL=928256 -DN_DIM=3072 -DK_DIM=512 -DN_STAGES=3 -DTILE_DISPATCH=11 -DK_STAGGER=1
nvcc -gencode arch=compute_100a,code=sm_100a -O3 -std=c++17 -lineinfo --ptxas-options=-v --cudart=static -DM_TOTAL=928256 -DN_DIM=3072 -DK_DIM=512 -DN_STAGES=3 -DTILE_DISPATCH=11 -DK_STAGGER=1 fc1_w3.cu -o fc1-w3 -lcurand_static -lculibos -lcuda
ptxas info    : 0 bytes gmem
ptxas info    : Compiling entry function '_Z7pack_u8PhPKhiiii' for 'sm_100a'
ptxas info    : Function properties for _Z7pack_u8PhPKhiiii
    0 bytes stack frame, 0 bytes spill stores, 0 bytes spill loads
ptxas info    : Used 20 registers, used 0 barriers
ptxas info    : Compile time = 6.316 ms
ptxas info    : Compiling entry function '_Z13fc1_w3_kernel14CUtensorMap_stS_S_PK13__nv_bfloat16PS0_' for 'sm_100a'
ptxas info    : Function properties for _Z13fc1_w3_kernel14CUtensorMap_stS_S_PK13__nv_bfloat16PS0_
    16 bytes stack frame, 0 bytes spill stores, 0 bytes spill loads
ptxas info    : Used 103 registers, used 2 barriers, 16 bytes cumulative stack size
ptxas info    : Compile time = 30.717 ms
--- rep 1/3 ec=0
FC1 W3 kernel — 6 warps, GELU epilogue
  GEMM: [928256,512] x [3072,512]^T  3-stage pipeline  SMEM: 138240 bytes
  Tiles: 3626M × 12N = 43512 total  K_ITERS=4
  Packing tiles...
  Packing done
  Alloc + init done
  TMA descriptors + func attr done (SMEM=138240 B)
Launching warmup (2 iters)...
  Warmup done.
Timing: 10 iterations...
FC1-W3 kernel: 2.122 ms  1376.19 TFLOPS
Validation: 32/32 spot checks passed
Checksum (1024 strided): 2617344.000000
C[0,0..3] = 1152.0 768.0 1152.0 772.0
@@RESULT ms=2.122 tflops=1376.19 checksum=2617344.000000 valid=1 c0=1152.0
--- rep 2/3 ec=0
FC1 W3 kernel — 6 warps, GELU epilogue
  GEMM: [928256,512] x [3072,512]^T  3-stage pipeline  SMEM: 138240 bytes
  Tiles: 3626M × 12N = 43512 total  K_ITERS=4
  Packing tiles...
  Packing done
  Alloc + init done
  TMA descriptors + func attr done (SMEM=138240 B)
Launching warmup (2 iters)...
  Warmup done.
Timing: 10 iterations...
FC1-W3 kernel: 2.121 ms  1376.69 TFLOPS
Validation: 32/32 spot checks passed
Checksum (1024 strided): 2617344.000000
C[0,0..3] = 1152.0 768.0 1152.0 772.0
@@RESULT ms=2.121 tflops=1376.69 checksum=2617344.000000 valid=1 c0=1152.0
--- rep 3/3 ec=0
FC1 W3 kernel — 6 warps, GELU epilogue
  GEMM: [928256,512] x [3072,512]^T  3-stage pipeline  SMEM: 138240 bytes
  Tiles: 3626M × 12N = 43512 total  K_ITERS=4
  Packing tiles...
  Packing done
  Alloc + init done
  TMA descriptors + func attr done (SMEM=138240 B)
Launching warmup (2 iters)...
  Warmup done.
Timing: 10 iterations...
FC1-W3 kernel: 2.122 ms  1375.83 TFLOPS
Validation: 32/32 spot checks passed
Checksum (1024 strided): 2617344.000000
C[0,0..3] = 1152.0 768.0 1152.0 772.0
@@RESULT ms=2.122 tflops=1375.83 checksum=2617344.000000 valid=1 c0=1152.0
--- cublas epi=2 rep 1/1 ec=0
### CUBLASLT INTROSPECT M=928256 N=3072 K=512 epi=gelu_bias scale=per_tensor
### Heuristics returned: 8

# TSV
rank	heur	ms	cyc	algoId	tile	stages	cluster	inner	splitk	redux	swizzle	custom	waves	ws_MB
1	3	2.3943	4416244	71	23	36	10	-1	1	0	0	0	1.00	0.0
2	6	2.3947	4417453	71	23	36	6	-1	1	0	0	0	1.00	0.0
3	5	2.3969	4420460	71	23	36	9	-1	1	0	0	0	1.00	0.0
4	1	2.3980	4422820	71	23	36	13	-1	1	0	0	0	1.00	0.0
5	2	2.3998	4426704	71	23	36	7	-1	1	0	0	0	1.00	0.0
6	4	2.4392	4499684	71	23	36	4	-1	1	0	0	0	1.00	0.0
7	0	2.6382	4866846	71	19	36	13	-1	1	0	0	0	1.00	0.0
8	7	2.6401	4870153	71	20	36	6	-1	1	0	0	0	1.00	0.0

# Top-3 caps:

## rank=1  algoId=71  tile=23  stages=36  cluster=10  inner=-1  ms=2.3943
    CUBLASLT_ALGO_CAP_REDUCTION_SCHEME_MASK      = 6
    CUBLASLT_ALGO_CAP_CTA_SWIZZLING_SUPPORT      = 0
    CUBLASLT_ALGO_CAP_STRIDED_BATCH_SUPPORT      = 1
    CUBLASLT_ALGO_CAP_OUT_OF_PLACE_RESULT_SUPPORT = 1
    CUBLASLT_ALGO_CAP_CUSTOM_OPTION_MAX          = 0
    CUBLASLT_ALGO_CAP_POINTER_MODE_MASK          = 3
    CUBLASLT_ALGO_CAP_EPILOGUE_MASK              = 1023
    CUBLASLT_ALGO_CAP_TILE_IDS                   = [20,32,23,18,17,19,15] (n=7, elem=4B)
    CUBLASLT_ALGO_CAP_STAGES_IDS                 = [36] (n=1, elem=4B)
    CUBLASLT_ALGO_CONFIG_CLUSTER_SHAPE_ID sz=2 → status=0 wrote=2 val=10

## rank=2  algoId=71  tile=23  stages=36  cluster=6  inner=-1  ms=2.3947
    CUBLASLT_ALGO_CAP_REDUCTION_SCHEME_MASK      = 6
    CUBLASLT_ALGO_CAP_CTA_SWIZZLING_SUPPORT      = 0
    CUBLASLT_ALGO_CAP_STRIDED_BATCH_SUPPORT      = 1
    CUBLASLT_ALGO_CAP_OUT_OF_PLACE_RESULT_SUPPORT = 1
    CUBLASLT_ALGO_CAP_CUSTOM_OPTION_MAX          = 0
    CUBLASLT_ALGO_CAP_POINTER_MODE_MASK          = 3
    CUBLASLT_ALGO_CAP_EPILOGUE_MASK              = 1023
    CUBLASLT_ALGO_CAP_TILE_IDS                   = [20,32,23,18,17,19,15] (n=7, elem=4B)
    CUBLASLT_ALGO_CAP_STAGES_IDS                 = [36] (n=1, elem=4B)
    CUBLASLT_ALGO_CONFIG_CLUSTER_SHAPE_ID sz=2 → status=0 wrote=2 val=6

## rank=3  algoId=71  tile=23  stages=36  cluster=9  inner=-1  ms=2.3969
    CUBLASLT_ALGO_CAP_REDUCTION_SCHEME_MASK      = 6
    CUBLASLT_ALGO_CAP_CTA_SWIZZLING_SUPPORT      = 0
    CUBLASLT_ALGO_CAP_STRIDED_BATCH_SUPPORT      = 1
    CUBLASLT_ALGO_CAP_OUT_OF_PLACE_RESULT_SUPPORT = 1
    CUBLASLT_ALGO_CAP_CUSTOM_OPTION_MAX          = 0
    CUBLASLT_ALGO_CAP_POINTER_MODE_MASK          = 3
    CUBLASLT_ALGO_CAP_EPILOGUE_MASK              = 1023
    CUBLASLT_ALGO_CAP_TILE_IDS                   = [20,32,23,18,17,19,15] (n=7, elem=4B)
    CUBLASLT_ALGO_CAP_STAGES_IDS                 = [36] (n=1, elem=4B)
    CUBLASLT_ALGO_CONFIG_CLUSTER_SHAPE_ID sz=2 → status=0 wrote=2 val=9

# Winner:  rank=1  tile=23  stages=36  cluster=10  inner=-1  splitk=1  swizzle=0  ms=2.3943  cyc=4416244

@@RESULT ms=2.3943 cyc=4416244 tflops=1219.57 checksum=0.000000 valid=1 c0=0.0
--- cublas epi=0 rep 1/1 ec=0
### CUBLASLT INTROSPECT M=928256 N=3072 K=512 epi=none scale=per_tensor
### Heuristics returned: 8

# TSV
rank	heur	ms	cyc	algoId	tile	stages	cluster	inner	splitk	redux	swizzle	custom	waves	ws_MB
1	0	1.2097	2232622	66	23	36	3	-1	1	0	0	1	588.00	0.0
2	2	1.2777	2356985	66	32	36	3	-1	1	0	0	1	784.05	0.0
3	4	1.3389	2470267	66	29	36	3	-1	1	0	0	1	940.86	0.0
4	1	1.3623	2513063	66	24	36	5	-1	1	0	0	3	588.00	0.0
5	3	1.3625	2513596	66	31	36	3	-1	1	0	0	1	784.00	0.0
6	5	1.3876	2559673	66	495	36	5	-1	1	0	0	3	784.05	0.0
7	6	1.7528	3232858	66	201	36	5	-1	1	0	0	2	882.00	0.0
8	7	1.8900	3486466	66	197	36	5	-1	1	0	0	2	931.00	0.0

# Top-3 caps:

## rank=1  algoId=66  tile=23  stages=36  cluster=3  inner=-1  ms=1.2097
    CUBLASLT_ALGO_CAP_REDUCTION_SCHEME_MASK      = 2
    CUBLASLT_ALGO_CAP_CTA_SWIZZLING_SUPPORT      = 0
    CUBLASLT_ALGO_CAP_STRIDED_BATCH_SUPPORT      = 1
    CUBLASLT_ALGO_CAP_OUT_OF_PLACE_RESULT_SUPPORT = 1
    CUBLASLT_ALGO_CAP_CUSTOM_OPTION_MAX          = 7
    CUBLASLT_ALGO_CAP_POINTER_MODE_MASK          = 3
    CUBLASLT_ALGO_CAP_EPILOGUE_MASK              = 1023
    CUBLASLT_ALGO_CAP_TILE_IDS                   = --  (status=7 wrote=0)
    CUBLASLT_ALGO_CAP_STAGES_IDS                 = [36] (n=1, elem=4B)
    CUBLASLT_ALGO_CONFIG_CLUSTER_SHAPE_ID sz=2 → status=0 wrote=2 val=3

## rank=2  algoId=66  tile=32  stages=36  cluster=3  inner=-1  ms=1.2777
    CUBLASLT_ALGO_CAP_REDUCTION_SCHEME_MASK      = 2
    CUBLASLT_ALGO_CAP_CTA_SWIZZLING_SUPPORT      = 0
    CUBLASLT_ALGO_CAP_STRIDED_BATCH_SUPPORT      = 1
    CUBLASLT_ALGO_CAP_OUT_OF_PLACE_RESULT_SUPPORT = 1
    CUBLASLT_ALGO_CAP_CUSTOM_OPTION_MAX          = 7
    CUBLASLT_ALGO_CAP_POINTER_MODE_MASK          = 3
    CUBLASLT_ALGO_CAP_EPILOGUE_MASK              = 1023
    CUBLASLT_ALGO_CAP_TILE_IDS                   = --  (status=7 wrote=0)
    CUBLASLT_ALGO_CAP_STAGES_IDS                 = [36] (n=1, elem=4B)
    CUBLASLT_ALGO_CONFIG_CLUSTER_SHAPE_ID sz=2 → status=0 wrote=2 val=3

## rank=3  algoId=66  tile=29  stages=36  cluster=3  inner=-1  ms=1.3389
    CUBLASLT_ALGO_CAP_REDUCTION_SCHEME_MASK      = 2
    CUBLASLT_ALGO_CAP_CTA_SWIZZLING_SUPPORT      = 0
    CUBLASLT_ALGO_CAP_STRIDED_BATCH_SUPPORT      = 1
    CUBLASLT_ALGO_CAP_OUT_OF_PLACE_RESULT_SUPPORT = 1
    CUBLASLT_ALGO_CAP_CUSTOM_OPTION_MAX          = 7
    CUBLASLT_ALGO_CAP_POINTER_MODE_MASK          = 3
    CUBLASLT_ALGO_CAP_EPILOGUE_MASK              = 1023
    CUBLASLT_ALGO_CAP_TILE_IDS                   = --  (status=7 wrote=0)
    CUBLASLT_ALGO_CAP_STAGES_IDS                 = [36] (n=1, elem=4B)
    CUBLASLT_ALGO_CONFIG_CLUSTER_SHAPE_ID sz=2 → status=0 wrote=2 val=3

# Winner:  rank=1  tile=23  stages=36  cluster=3  inner=-1  splitk=1  swizzle=0  ms=1.2097  cyc=2232622

@@RESULT ms=1.2097 cyc=2232622 tflops=2413.92 checksum=0.000000 valid=1 c0=0.0

[build] N=3072 K=768 M=928256 flags=['-DM_TOTAL=928256', '-DN_DIM=3072', '-DK_DIM=768', '-DTILE_DISPATCH=11', '-DK_STAGGER=1']
$ make -B fc1-w3 DFLAGS=-DM_TOTAL=928256 -DN_DIM=3072 -DK_DIM=768 -DTILE_DISPATCH=11 -DK_STAGGER=1
nvcc -gencode arch=compute_100a,code=sm_100a -O3 -std=c++17 -lineinfo --ptxas-options=-v --cudart=static -DM_TOTAL=928256 -DN_DIM=3072 -DK_DIM=768 -DTILE_DISPATCH=11 -DK_STAGGER=1 fc1_w3.cu -o fc1-w3 -lcurand_static -lculibos -lcuda
ptxas info    : 0 bytes gmem
ptxas info    : Compiling entry function '_Z7pack_u8PhPKhiiii' for 'sm_100a'
ptxas info    : Function properties for _Z7pack_u8PhPKhiiii
    0 bytes stack frame, 0 bytes spill stores, 0 bytes spill loads
ptxas info    : Used 20 registers, used 0 barriers
ptxas info    : Compile time = 6.385 ms
ptxas info    : Compiling entry function '_Z13fc1_w3_kernel14CUtensorMap_stS_S_PK13__nv_bfloat16PS0_' for 'sm_100a'
ptxas info    : Function properties for _Z13fc1_w3_kernel14CUtensorMap_stS_S_PK13__nv_bfloat16PS0_
    16 bytes stack frame, 0 bytes spill stores, 0 bytes spill loads
ptxas info    : Used 107 registers, used 2 barriers, 16 bytes cumulative stack size
ptxas info    : Compile time = 35.444 ms
--- rep 1/3 ec=0
FC1 W3 kernel — 6 warps, GELU epilogue
  GEMM: [928256,768] x [3072,768]^T  5-stage pipeline  SMEM: 203776 bytes
  Tiles: 3626M × 12N = 43512 total  K_ITERS=6
  Packing tiles...
  Packing done
  Alloc + init done
  TMA descriptors + func attr done (SMEM=203776 B)
Launching warmup (2 iters)...
  Warmup done.
Timing: 10 iterations...
FC1-W3 kernel: 2.026 ms  2161.99 TFLOPS
Validation: 32/32 spot checks passed
Checksum (1024 strided): 3207168.000000
C[0,0..3] = 1728.0 1152.0 1728.0 1152.0
@@RESULT ms=2.026 tflops=2161.99 checksum=3207168.000000 valid=1 c0=1728.0
--- rep 2/3 ec=0
FC1 W3 kernel — 6 warps, GELU epilogue
  GEMM: [928256,768] x [3072,768]^T  5-stage pipeline  SMEM: 203776 bytes
  Tiles: 3626M × 12N = 43512 total  K_ITERS=6
  Packing tiles...
  Packing done
  Alloc + init done
  TMA descriptors + func attr done (SMEM=203776 B)
Launching warmup (2 iters)...
  Warmup done.
Timing: 10 iterations...
FC1-W3 kernel: 2.026 ms  2161.70 TFLOPS
Validation: 32/32 spot checks passed
Checksum (1024 strided): 3207168.000000
C[0,0..3] = 1728.0 1152.0 1728.0 1152.0
@@RESULT ms=2.026 tflops=2161.70 checksum=3207168.000000 valid=1 c0=1728.0
--- rep 3/3 ec=0
FC1 W3 kernel — 6 warps, GELU epilogue
  GEMM: [928256,768] x [3072,768]^T  5-stage pipeline  SMEM: 203776 bytes
  Tiles: 3626M × 12N = 43512 total  K_ITERS=6
  Packing tiles...
  Packing done
  Alloc + init done
  TMA descriptors + func attr done (SMEM=203776 B)
Launching warmup (2 iters)...
  Warmup done.
Timing: 10 iterations...
FC1-W3 kernel: 2.026 ms  2162.11 TFLOPS
Validation: 32/32 spot checks passed
Checksum (1024 strided): 3207168.000000
C[0,0..3] = 1728.0 1152.0 1728.0 1152.0
@@RESULT ms=2.026 tflops=2162.11 checksum=3207168.000000 valid=1 c0=1728.0
--- cublas epi=2 rep 1/1 ec=0
### CUBLASLT INTROSPECT M=928256 N=3072 K=768 epi=gelu_bias scale=per_tensor
### Heuristics returned: 8

# TSV
rank	heur	ms	cyc	algoId	tile	stages	cluster	inner	splitk	redux	swizzle	custom	waves	ws_MB
1	6	2.4135	4452220	71	23	36	6	-1	1	0	0	0	1.00	0.0
2	5	2.4175	4459210	71	23	36	9	-1	1	0	0	0	1.00	0.0
3	3	2.4242	4471967	71	23	36	10	-1	1	0	0	0	1.00	0.0
4	2	2.4415	4503871	71	23	36	7	-1	1	0	0	0	1.00	0.0
5	1	2.4571	4532098	71	23	36	13	-1	1	0	0	0	1.00	0.0
6	4	2.5012	4614559	71	23	36	4	-1	1	0	0	0	1.00	0.0
7	0	2.6793	4943297	71	19	36	13	-1	1	0	0	0	1.00	0.0
8	7	2.6794	4943210	71	20	36	6	-1	1	0	0	0	1.00	0.0

# Top-3 caps:

## rank=1  algoId=71  tile=23  stages=36  cluster=6  inner=-1  ms=2.4135
    CUBLASLT_ALGO_CAP_REDUCTION_SCHEME_MASK      = 6
    CUBLASLT_ALGO_CAP_CTA_SWIZZLING_SUPPORT      = 0
    CUBLASLT_ALGO_CAP_STRIDED_BATCH_SUPPORT      = 1
    CUBLASLT_ALGO_CAP_OUT_OF_PLACE_RESULT_SUPPORT = 1
    CUBLASLT_ALGO_CAP_CUSTOM_OPTION_MAX          = 0
    CUBLASLT_ALGO_CAP_POINTER_MODE_MASK          = 3
    CUBLASLT_ALGO_CAP_EPILOGUE_MASK              = 1023
    CUBLASLT_ALGO_CAP_TILE_IDS                   = [20,32,23,18,17,19,15] (n=7, elem=4B)
    CUBLASLT_ALGO_CAP_STAGES_IDS                 = [36] (n=1, elem=4B)
    CUBLASLT_ALGO_CONFIG_CLUSTER_SHAPE_ID sz=2 → status=0 wrote=2 val=6

## rank=2  algoId=71  tile=23  stages=36  cluster=9  inner=-1  ms=2.4175
    CUBLASLT_ALGO_CAP_REDUCTION_SCHEME_MASK      = 6
    CUBLASLT_ALGO_CAP_CTA_SWIZZLING_SUPPORT      = 0
    CUBLASLT_ALGO_CAP_STRIDED_BATCH_SUPPORT      = 1
    CUBLASLT_ALGO_CAP_OUT_OF_PLACE_RESULT_SUPPORT = 1
    CUBLASLT_ALGO_CAP_CUSTOM_OPTION_MAX          = 0
    CUBLASLT_ALGO_CAP_POINTER_MODE_MASK          = 3
    CUBLASLT_ALGO_CAP_EPILOGUE_MASK              = 1023
    CUBLASLT_ALGO_CAP_TILE_IDS                   = [20,32,23,18,17,19,15] (n=7, elem=4B)
    CUBLASLT_ALGO_CAP_STAGES_IDS                 = [36] (n=1, elem=4B)
    CUBLASLT_ALGO_CONFIG_CLUSTER_SHAPE_ID sz=2 → status=0 wrote=2 val=9

## rank=3  algoId=71  tile=23  stages=36  cluster=10  inner=-1  ms=2.4242
    CUBLASLT_ALGO_CAP_REDUCTION_SCHEME_MASK      = 6
    CUBLASLT_ALGO_CAP_CTA_SWIZZLING_SUPPORT      = 0
    CUBLASLT_ALGO_CAP_STRIDED_BATCH_SUPPORT      = 1
    CUBLASLT_ALGO_CAP_OUT_OF_PLACE_RESULT_SUPPORT = 1
    CUBLASLT_ALGO_CAP_CUSTOM_OPTION_MAX          = 0
    CUBLASLT_ALGO_CAP_POINTER_MODE_MASK          = 3
    CUBLASLT_ALGO_CAP_EPILOGUE_MASK              = 1023
    CUBLASLT_ALGO_CAP_TILE_IDS                   = [20,32,23,18,17,19,15] (n=7, elem=4B)
    CUBLASLT_ALGO_CAP_STAGES_IDS                 = [36] (n=1, elem=4B)
    CUBLASLT_ALGO_CONFIG_CLUSTER_SHAPE_ID sz=2 → status=0 wrote=2 val=10

# Winner:  rank=1  tile=23  stages=36  cluster=6  inner=-1  splitk=1  swizzle=0  ms=2.4135  cyc=4452220

@@RESULT ms=2.4135 cyc=4452220 tflops=1814.84 checksum=0.000000 valid=1 c0=0.0
--- cublas epi=0 rep 1/1 ec=0
### CUBLASLT INTROSPECT M=928256 N=3072 K=768 epi=none scale=per_tensor
### Heuristics returned: 8

# TSV
rank	heur	ms	cyc	algoId	tile	stages	cluster	inner	splitk	redux	swizzle	custom	waves	ws_MB
1	0	1.3642	2517855	66	23	36	3	-1	1	0	0	1	588.00	0.0
2	2	1.4506	2676404	66	32	36	3	-1	1	0	0	1	784.05	0.0
3	4	1.5819	2918847	66	29	36	3	-1	1	0	0	1	940.86	0.0
4	3	1.6161	2981465	66	31	36	3	-1	1	0	0	1	784.00	0.0
5	1	1.6725	3085104	66	24	36	5	-1	1	0	0	3	588.00	0.0
6	5	1.8462	3405527	66	495	36	5	-1	1	0	0	3	784.05	0.0
7	6	1.9019	3507828	66	201	36	5	-1	1	0	0	2	882.00	0.0
8	7	2.2106	4077672	66	197	36	5	-1	1	0	0	2	931.00	0.0

# Top-3 caps:

## rank=1  algoId=66  tile=23  stages=36  cluster=3  inner=-1  ms=1.3642
    CUBLASLT_ALGO_CAP_REDUCTION_SCHEME_MASK      = 2
    CUBLASLT_ALGO_CAP_CTA_SWIZZLING_SUPPORT      = 0
    CUBLASLT_ALGO_CAP_STRIDED_BATCH_SUPPORT      = 1
    CUBLASLT_ALGO_CAP_OUT_OF_PLACE_RESULT_SUPPORT = 1
    CUBLASLT_ALGO_CAP_CUSTOM_OPTION_MAX          = 7
    CUBLASLT_ALGO_CAP_POINTER_MODE_MASK          = 3
    CUBLASLT_ALGO_CAP_EPILOGUE_MASK              = 1023
    CUBLASLT_ALGO_CAP_TILE_IDS                   = --  (status=7 wrote=0)
    CUBLASLT_ALGO_CAP_STAGES_IDS                 = [36] (n=1, elem=4B)
    CUBLASLT_ALGO_CONFIG_CLUSTER_SHAPE_ID sz=2 → status=0 wrote=2 val=3

## rank=2  algoId=66  tile=32  stages=36  cluster=3  inner=-1  ms=1.4506
    CUBLASLT_ALGO_CAP_REDUCTION_SCHEME_MASK      = 2
    CUBLASLT_ALGO_CAP_CTA_SWIZZLING_SUPPORT      = 0
    CUBLASLT_ALGO_CAP_STRIDED_BATCH_SUPPORT      = 1
    CUBLASLT_ALGO_CAP_OUT_OF_PLACE_RESULT_SUPPORT = 1
    CUBLASLT_ALGO_CAP_CUSTOM_OPTION_MAX          = 7
    CUBLASLT_ALGO_CAP_POINTER_MODE_MASK          = 3
    CUBLASLT_ALGO_CAP_EPILOGUE_MASK              = 1023
    CUBLASLT_ALGO_CAP_TILE_IDS                   = --  (status=7 wrote=0)
    CUBLASLT_ALGO_CAP_STAGES_IDS                 = [36] (n=1, elem=4B)
    CUBLASLT_ALGO_CONFIG_CLUSTER_SHAPE_ID sz=2 → status=0 wrote=2 val=3

## rank=3  algoId=66  tile=29  stages=36  cluster=3  inner=-1  ms=1.5819
    CUBLASLT_ALGO_CAP_REDUCTION_SCHEME_MASK      = 2
    CUBLASLT_ALGO_CAP_CTA_SWIZZLING_SUPPORT      = 0
    CUBLASLT_ALGO_CAP_STRIDED_BATCH_SUPPORT      = 1
    CUBLASLT_ALGO_CAP_OUT_OF_PLACE_RESULT_SUPPORT = 1
    CUBLASLT_ALGO_CAP_CUSTOM_OPTION_MAX          = 7
    CUBLASLT_ALGO_CAP_POINTER_MODE_MASK          = 3
    CUBLASLT_ALGO_CAP_EPILOGUE_MASK              = 1023
    CUBLASLT_ALGO_CAP_TILE_IDS                   = --  (status=7 wrote=0)
    CUBLASLT_ALGO_CAP_STAGES_IDS                 = [36] (n=1, elem=4B)
    CUBLASLT_ALGO_CONFIG_CLUSTER_SHAPE_ID sz=2 → status=0 wrote=2 val=3

# Winner:  rank=1  tile=23  stages=36  cluster=3  inner=-1  splitk=1  swizzle=0  ms=1.3642  cyc=2517855

@@RESULT ms=1.3642 cyc=2517855 tflops=3210.68 checksum=0.000000 valid=1 c0=0.0

[build] N=3072 K=1024 M=928256 flags=['-DM_TOTAL=928256', '-DN_DIM=3072', '-DK_DIM=1024', '-DTILE_DISPATCH=11', '-DK_STAGGER=1']
$ make -B fc1-w3 DFLAGS=-DM_TOTAL=928256 -DN_DIM=3072 -DK_DIM=1024 -DTILE_DISPATCH=11 -DK_STAGGER=1
nvcc -gencode arch=compute_100a,code=sm_100a -O3 -std=c++17 -lineinfo --ptxas-options=-v --cudart=static -DM_TOTAL=928256 -DN_DIM=3072 -DK_DIM=1024 -DTILE_DISPATCH=11 -DK_STAGGER=1 fc1_w3.cu -o fc1-w3 -lcurand_static -lculibos -lcuda
ptxas info    : 0 bytes gmem
ptxas info    : Compiling entry function '_Z7pack_u8PhPKhiiii' for 'sm_100a'
ptxas info    : Function properties for _Z7pack_u8PhPKhiiii
    0 bytes stack frame, 0 bytes spill stores, 0 bytes spill loads
ptxas info    : Used 20 registers, used 0 barriers
ptxas info    : Compile time = 6.473 ms
ptxas info    : Compiling entry function '_Z13fc1_w3_kernel14CUtensorMap_stS_S_PK13__nv_bfloat16PS0_' for 'sm_100a'
ptxas info    : Function properties for _Z13fc1_w3_kernel14CUtensorMap_stS_S_PK13__nv_bfloat16PS0_
    160 bytes stack frame, 0 bytes spill stores, 0 bytes spill loads
ptxas info    : Used 111 registers, used 2 barriers, 160 bytes cumulative stack size
ptxas info    : Compile time = 41.153 ms
--- rep 1/3 ec=0
FC1 W3 kernel — 6 warps, GELU epilogue
  GEMM: [928256,1024] x [3072,1024]^T  5-stage pipeline  SMEM: 203776 bytes
  Tiles: 3626M × 12N = 43512 total  K_ITERS=8
  Packing tiles...
  Packing done
  Alloc + init done
  TMA descriptors + func attr done (SMEM=203776 B)
Launching warmup (2 iters)...
  Warmup done.
Timing: 10 iterations...
FC1-W3 kernel: 2.081 ms  2806.55 TFLOPS
Validation: 32/32 spot checks passed
Checksum (1024 strided): 3796992.000000
C[0,0..3] = 2304.0 1536.0 2304.0 1536.0
@@RESULT ms=2.081 tflops=2806.55 checksum=3796992.000000 valid=1 c0=2304.0
--- rep 2/3 ec=0
FC1 W3 kernel — 6 warps, GELU epilogue
  GEMM: [928256,1024] x [3072,1024]^T  5-stage pipeline  SMEM: 203776 bytes
  Tiles: 3626M × 12N = 43512 total  K_ITERS=8
  Packing tiles...
  Packing done
  Alloc + init done
  TMA descriptors + func attr done (SMEM=203776 B)
Launching warmup (2 iters)...
  Warmup done.
Timing: 10 iterations...
FC1-W3 kernel: 2.081 ms  2806.14 TFLOPS
Validation: 32/32 spot checks passed
Checksum (1024 strided): 3796992.000000
C[0,0..3] = 2304.0 1536.0 2304.0 1536.0
@@RESULT ms=2.081 tflops=2806.14 checksum=3796992.000000 valid=1 c0=2304.0
--- rep 3/3 ec=0
FC1 W3 kernel — 6 warps, GELU epilogue
  GEMM: [928256,1024] x [3072,1024]^T  5-stage pipeline  SMEM: 203776 bytes
  Tiles: 3626M × 12N = 43512 total  K_ITERS=8
  Packing tiles...
  Packing done
  Alloc + init done
  TMA descriptors + func attr done (SMEM=203776 B)
Launching warmup (2 iters)...
  Warmup done.
Timing: 10 iterations...
FC1-W3 kernel: 2.082 ms  2805.59 TFLOPS
Validation: 32/32 spot checks passed
Checksum (1024 strided): 3796992.000000
C[0,0..3] = 2304.0 1536.0 2304.0 1536.0
@@RESULT ms=2.082 tflops=2805.59 checksum=3796992.000000 valid=1 c0=2304.0
--- cublas epi=2 rep 1/1 ec=0
### CUBLASLT INTROSPECT M=928256 N=3072 K=1024 epi=gelu_bias scale=per_tensor
### Heuristics returned: 8

# TSV
rank	heur	ms	cyc	algoId	tile	stages	cluster	inner	splitk	redux	swizzle	custom	waves	ws_MB
1	5	2.4649	4546702	71	23	36	6	-1	1	0	0	0	1.00	0.0
2	6	2.4717	4559967	71	23	36	9	-1	1	0	0	0	1.00	0.0
3	3	2.4740	4563776	71	23	36	10	-1	1	0	0	0	1.00	0.0
4	1	2.4912	4595618	71	23	36	7	-1	1	0	0	0	1.00	0.0
5	0	2.5102	4630822	71	23	36	13	-1	1	0	0	0	1.00	0.0
6	2	2.5590	4720929	71	23	36	4	-1	1	0	0	0	1.00	0.0
7	7	2.7536	5080289	71	20	36	6	-1	1	0	0	0	1.00	0.0
8	4	2.7740	5117046	71	19	36	13	-1	1	0	0	0	1.00	0.0

# Top-3 caps:

## rank=1  algoId=71  tile=23  stages=36  cluster=6  inner=-1  ms=2.4649
    CUBLASLT_ALGO_CAP_REDUCTION_SCHEME_MASK      = 6
    CUBLASLT_ALGO_CAP_CTA_SWIZZLING_SUPPORT      = 0
    CUBLASLT_ALGO_CAP_STRIDED_BATCH_SUPPORT      = 1
    CUBLASLT_ALGO_CAP_OUT_OF_PLACE_RESULT_SUPPORT = 1
    CUBLASLT_ALGO_CAP_CUSTOM_OPTION_MAX          = 0
    CUBLASLT_ALGO_CAP_POINTER_MODE_MASK          = 3
    CUBLASLT_ALGO_CAP_EPILOGUE_MASK              = 1023
    CUBLASLT_ALGO_CAP_TILE_IDS                   = [20,32,23,18,17,19,15] (n=7, elem=4B)
    CUBLASLT_ALGO_CAP_STAGES_IDS                 = [36] (n=1, elem=4B)
    CUBLASLT_ALGO_CONFIG_CLUSTER_SHAPE_ID sz=2 → status=0 wrote=2 val=6

## rank=2  algoId=71  tile=23  stages=36  cluster=9  inner=-1  ms=2.4717
    CUBLASLT_ALGO_CAP_REDUCTION_SCHEME_MASK      = 6
    CUBLASLT_ALGO_CAP_CTA_SWIZZLING_SUPPORT      = 0
    CUBLASLT_ALGO_CAP_STRIDED_BATCH_SUPPORT      = 1
    CUBLASLT_ALGO_CAP_OUT_OF_PLACE_RESULT_SUPPORT = 1
    CUBLASLT_ALGO_CAP_CUSTOM_OPTION_MAX          = 0
    CUBLASLT_ALGO_CAP_POINTER_MODE_MASK          = 3
    CUBLASLT_ALGO_CAP_EPILOGUE_MASK              = 1023
    CUBLASLT_ALGO_CAP_TILE_IDS                   = [20,32,23,18,17,19,15] (n=7, elem=4B)
    CUBLASLT_ALGO_CAP_STAGES_IDS                 = [36] (n=1, elem=4B)
    CUBLASLT_ALGO_CONFIG_CLUSTER_SHAPE_ID sz=2 → status=0 wrote=2 val=9

## rank=3  algoId=71  tile=23  stages=36  cluster=10  inner=-1  ms=2.4740
    CUBLASLT_ALGO_CAP_REDUCTION_SCHEME_MASK      = 6
    CUBLASLT_ALGO_CAP_CTA_SWIZZLING_SUPPORT      = 0
    CUBLASLT_ALGO_CAP_STRIDED_BATCH_SUPPORT      = 1
    CUBLASLT_ALGO_CAP_OUT_OF_PLACE_RESULT_SUPPORT = 1
    CUBLASLT_ALGO_CAP_CUSTOM_OPTION_MAX          = 0
    CUBLASLT_ALGO_CAP_POINTER_MODE_MASK          = 3
    CUBLASLT_ALGO_CAP_EPILOGUE_MASK              = 1023
    CUBLASLT_ALGO_CAP_TILE_IDS                   = [20,32,23,18,17,19,15] (n=7, elem=4B)
    CUBLASLT_ALGO_CAP_STAGES_IDS                 = [36] (n=1, elem=4B)
    CUBLASLT_ALGO_CONFIG_CLUSTER_SHAPE_ID sz=2 → status=0 wrote=2 val=10

# Winner:  rank=1  tile=23  stages=36  cluster=6  inner=-1  splitk=1  swizzle=0  ms=2.4649  cyc=4546702

@@RESULT ms=2.4649 cyc=4546702 tflops=2369.33 checksum=0.000000 valid=1 c0=0.0
--- cublas epi=0 rep 1/1 ec=0
### CUBLASLT INTROSPECT M=928256 N=3072 K=1024 epi=none scale=per_tensor
### Heuristics returned: 8

# TSV
rank	heur	ms	cyc	algoId	tile	stages	cluster	inner	splitk	redux	swizzle	custom	waves	ws_MB
1	0	1.5997	2952104	66	23	36	3	-1	1	0	0	1	588.00	0.0
2	2	1.6835	3106214	66	32	36	3	-1	1	0	0	1	784.05	0.0
3	4	1.8271	3371374	66	29	36	3	-1	1	0	0	1	940.86	0.0
4	3	1.9083	3520886	66	31	36	3	-1	1	0	0	1	784.00	0.0
5	1	2.0089	3705331	66	24	36	5	-1	1	0	0	3	588.00	0.0
6	5	2.1149	3902152	66	201	36	5	-1	1	0	0	2	882.00	0.0
7	6	2.2159	4087903	66	495	36	5	-1	1	0	0	3	784.05	0.0
8	7	2.4886	4590352	66	197	36	5	-1	1	0	0	2	931.00	0.0

# Top-3 caps:

## rank=1  algoId=66  tile=23  stages=36  cluster=3  inner=-1  ms=1.5997
    CUBLASLT_ALGO_CAP_REDUCTION_SCHEME_MASK      = 2
    CUBLASLT_ALGO_CAP_CTA_SWIZZLING_SUPPORT      = 0
    CUBLASLT_ALGO_CAP_STRIDED_BATCH_SUPPORT      = 1
    CUBLASLT_ALGO_CAP_OUT_OF_PLACE_RESULT_SUPPORT = 1
    CUBLASLT_ALGO_CAP_CUSTOM_OPTION_MAX          = 7
    CUBLASLT_ALGO_CAP_POINTER_MODE_MASK          = 3
    CUBLASLT_ALGO_CAP_EPILOGUE_MASK              = 1023
    CUBLASLT_ALGO_CAP_TILE_IDS                   = --  (status=7 wrote=0)
    CUBLASLT_ALGO_CAP_STAGES_IDS                 = [36] (n=1, elem=4B)
    CUBLASLT_ALGO_CONFIG_CLUSTER_SHAPE_ID sz=2 → status=0 wrote=2 val=3

## rank=2  algoId=66  tile=32  stages=36  cluster=3  inner=-1  ms=1.6835
    CUBLASLT_ALGO_CAP_REDUCTION_SCHEME_MASK      = 2
    CUBLASLT_ALGO_CAP_CTA_SWIZZLING_SUPPORT      = 0
    CUBLASLT_ALGO_CAP_STRIDED_BATCH_SUPPORT      = 1
    CUBLASLT_ALGO_CAP_OUT_OF_PLACE_RESULT_SUPPORT = 1
    CUBLASLT_ALGO_CAP_CUSTOM_OPTION_MAX          = 7
    CUBLASLT_ALGO_CAP_POINTER_MODE_MASK          = 3
    CUBLASLT_ALGO_CAP_EPILOGUE_MASK              = 1023
    CUBLASLT_ALGO_CAP_TILE_IDS                   = --  (status=7 wrote=0)
    CUBLASLT_ALGO_CAP_STAGES_IDS                 = [36] (n=1, elem=4B)
    CUBLASLT_ALGO_CONFIG_CLUSTER_SHAPE_ID sz=2 → status=0 wrote=2 val=3

## rank=3  algoId=66  tile=29  stages=36  cluster=3  inner=-1  ms=1.8271
    CUBLASLT_ALGO_CAP_REDUCTION_SCHEME_MASK      = 2
    CUBLASLT_ALGO_CAP_CTA_SWIZZLING_SUPPORT      = 0
    CUBLASLT_ALGO_CAP_STRIDED_BATCH_SUPPORT      = 1
    CUBLASLT_ALGO_CAP_OUT_OF_PLACE_RESULT_SUPPORT = 1
    CUBLASLT_ALGO_CAP_CUSTOM_OPTION_MAX          = 7
    CUBLASLT_ALGO_CAP_POINTER_MODE_MASK          = 3
    CUBLASLT_ALGO_CAP_EPILOGUE_MASK              = 1023
    CUBLASLT_ALGO_CAP_TILE_IDS                   = --  (status=7 wrote=0)
    CUBLASLT_ALGO_CAP_STAGES_IDS                 = [36] (n=1, elem=4B)
    CUBLASLT_ALGO_CONFIG_CLUSTER_SHAPE_ID sz=2 → status=0 wrote=2 val=3

# Winner:  rank=1  tile=23  stages=36  cluster=3  inner=-1  splitk=1  swizzle=0  ms=1.5997  cyc=2952104

@@RESULT ms=1.5997 cyc=2952104 tflops=3650.72 checksum=0.000000 valid=1 c0=0.0

[build] N=3072 K=1536 M=928256 flags=['-DM_TOTAL=928256', '-DN_DIM=3072', '-DK_DIM=1536', '-DTILE_DISPATCH=11', '-DK_STAGGER=1']
$ make -B fc1-w3 DFLAGS=-DM_TOTAL=928256 -DN_DIM=3072 -DK_DIM=1536 -DTILE_DISPATCH=11 -DK_STAGGER=1
nvcc -gencode arch=compute_100a,code=sm_100a -O3 -std=c++17 -lineinfo --ptxas-options=-v --cudart=static -DM_TOTAL=928256 -DN_DIM=3072 -DK_DIM=1536 -DTILE_DISPATCH=11 -DK_STAGGER=1 fc1_w3.cu -o fc1-w3 -lcurand_static -lculibos -lcuda
ptxas info    : 0 bytes gmem
ptxas info    : Compiling entry function '_Z7pack_u8PhPKhiiii' for 'sm_100a'
ptxas info    : Function properties for _Z7pack_u8PhPKhiiii
    0 bytes stack frame, 0 bytes spill stores, 0 bytes spill loads
ptxas info    : Used 20 registers, used 0 barriers
ptxas info    : Compile time = 6.389 ms
ptxas info    : Compiling entry function '_Z13fc1_w3_kernel14CUtensorMap_stS_S_PK13__nv_bfloat16PS0_' for 'sm_100a'
ptxas info    : Function properties for _Z13fc1_w3_kernel14CUtensorMap_stS_S_PK13__nv_bfloat16PS0_
    16 bytes stack frame, 0 bytes spill stores, 0 bytes spill loads
ptxas info    : Used 116 registers, used 2 barriers, 16 bytes cumulative stack size
ptxas info    : Compile time = 40.938 ms
--- rep 1/3 ec=0
FC1 W3 kernel — 6 warps, GELU epilogue
  GEMM: [928256,1536] x [3072,1536]^T  5-stage pipeline  SMEM: 203776 bytes
  Tiles: 3626M × 12N = 43512 total  K_ITERS=12
  Packing tiles...
  Packing done
  Alloc + init done
  TMA descriptors + func attr done (SMEM=203776 B)
Launching warmup (2 iters)...
  Warmup done.
Timing: 10 iterations...
FC1-W3 kernel: 2.533 ms  3458.39 TFLOPS
Validation: 32/32 spot checks passed
Checksum (1024 strided): 4976640.000000
C[0,0..3] = 3456.0 2304.0 3456.0 2304.0
@@RESULT ms=2.533 tflops=3458.39 checksum=4976640.000000 valid=1 c0=3456.0
--- rep 2/3 ec=0
FC1 W3 kernel — 6 warps, GELU epilogue
  GEMM: [928256,1536] x [3072,1536]^T  5-stage pipeline  SMEM: 203776 bytes
  Tiles: 3626M × 12N = 43512 total  K_ITERS=12
  Packing tiles...
  Packing done
  Alloc + init done
  TMA descriptors + func attr done (SMEM=203776 B)
Launching warmup (2 iters)...
  Warmup done.
Timing: 10 iterations...
FC1-W3 kernel: 2.531 ms  3460.47 TFLOPS
Validation: 32/32 spot checks passed
Checksum (1024 strided): 4976640.000000
C[0,0..3] = 3456.0 2304.0 3456.0 2304.0
@@RESULT ms=2.531 tflops=3460.47 checksum=4976640.000000 valid=1 c0=3456.0
--- rep 3/3 ec=0
FC1 W3 kernel — 6 warps, GELU epilogue
  GEMM: [928256,1536] x [3072,1536]^T  5-stage pipeline  SMEM: 203776 bytes
  Tiles: 3626M × 12N = 43512 total  K_ITERS=12
  Packing tiles...
  Packing done
  Alloc + init done
  TMA descriptors + func attr done (SMEM=203776 B)
Launching warmup (2 iters)...
  Warmup done.
Timing: 10 iterations...
FC1-W3 kernel: 2.532 ms  3459.48 TFLOPS
Validation: 32/32 spot checks passed
Checksum (1024 strided): 4976640.000000
C[0,0..3] = 3456.0 2304.0 3456.0 2304.0
@@RESULT ms=2.532 tflops=3459.48 checksum=4976640.000000 valid=1 c0=3456.0
--- cublas epi=2 rep 1/1 ec=0
### CUBLASLT INTROSPECT M=928256 N=3072 K=1536 epi=gelu_bias scale=per_tensor
### Heuristics returned: 8

# TSV
rank	heur	ms	cyc	algoId	tile	stages	cluster	inner	splitk	redux	swizzle	custom	waves	ws_MB
1	4	2.5118	4634611	71	23	36	6	-1	1	0	0	0	1.00	0.0
2	5	2.5119	4634277	71	23	36	9	-1	1	0	0	0	1.00	0.0
3	3	2.5187	4647326	71	23	36	10	-1	1	0	0	0	1.00	0.0
4	2	2.5220	4653272	71	23	36	7	-1	1	0	0	0	1.00	0.0
5	0	2.5346	4676242	71	23	36	13	-1	1	0	0	0	1.00	0.0
6	1	2.5818	4763741	71	23	36	4	-1	1	0	0	0	1.00	0.0
7	7	2.8329	5226538	71	20	36	6	-1	1	0	0	0	1.00	0.0
8	6	2.8590	5274154	71	19	36	13	-1	1	0	0	0	1.00	0.0

# Top-3 caps:

## rank=1  algoId=71  tile=23  stages=36  cluster=6  inner=-1  ms=2.5118
    CUBLASLT_ALGO_CAP_REDUCTION_SCHEME_MASK      = 6
    CUBLASLT_ALGO_CAP_CTA_SWIZZLING_SUPPORT      = 0
    CUBLASLT_ALGO_CAP_STRIDED_BATCH_SUPPORT      = 1
    CUBLASLT_ALGO_CAP_OUT_OF_PLACE_RESULT_SUPPORT = 1
    CUBLASLT_ALGO_CAP_CUSTOM_OPTION_MAX          = 0
    CUBLASLT_ALGO_CAP_POINTER_MODE_MASK          = 3
    CUBLASLT_ALGO_CAP_EPILOGUE_MASK              = 1023
    CUBLASLT_ALGO_CAP_TILE_IDS                   = [20,32,23,18,17,19,15] (n=7, elem=4B)
    CUBLASLT_ALGO_CAP_STAGES_IDS                 = [36] (n=1, elem=4B)
    CUBLASLT_ALGO_CONFIG_CLUSTER_SHAPE_ID sz=2 → status=0 wrote=2 val=6

## rank=2  algoId=71  tile=23  stages=36  cluster=9  inner=-1  ms=2.5119
    CUBLASLT_ALGO_CAP_REDUCTION_SCHEME_MASK      = 6
    CUBLASLT_ALGO_CAP_CTA_SWIZZLING_SUPPORT      = 0
    CUBLASLT_ALGO_CAP_STRIDED_BATCH_SUPPORT      = 1
    CUBLASLT_ALGO_CAP_OUT_OF_PLACE_RESULT_SUPPORT = 1
    CUBLASLT_ALGO_CAP_CUSTOM_OPTION_MAX          = 0
    CUBLASLT_ALGO_CAP_POINTER_MODE_MASK          = 3
    CUBLASLT_ALGO_CAP_EPILOGUE_MASK              = 1023
    CUBLASLT_ALGO_CAP_TILE_IDS                   = [20,32,23,18,17,19,15] (n=7, elem=4B)
    CUBLASLT_ALGO_CAP_STAGES_IDS                 = [36] (n=1, elem=4B)
    CUBLASLT_ALGO_CONFIG_CLUSTER_SHAPE_ID sz=2 → status=0 wrote=2 val=9

## rank=3  algoId=71  tile=23  stages=36  cluster=10  inner=-1  ms=2.5187
    CUBLASLT_ALGO_CAP_REDUCTION_SCHEME_MASK      = 6
    CUBLASLT_ALGO_CAP_CTA_SWIZZLING_SUPPORT      = 0
    CUBLASLT_ALGO_CAP_STRIDED_BATCH_SUPPORT      = 1
    CUBLASLT_ALGO_CAP_OUT_OF_PLACE_RESULT_SUPPORT = 1
    CUBLASLT_ALGO_CAP_CUSTOM_OPTION_MAX          = 0
    CUBLASLT_ALGO_CAP_POINTER_MODE_MASK          = 3
    CUBLASLT_ALGO_CAP_EPILOGUE_MASK              = 1023
    CUBLASLT_ALGO_CAP_TILE_IDS                   = [20,32,23,18,17,19,15] (n=7, elem=4B)
    CUBLASLT_ALGO_CAP_STAGES_IDS                 = [36] (n=1, elem=4B)
    CUBLASLT_ALGO_CONFIG_CLUSTER_SHAPE_ID sz=2 → status=0 wrote=2 val=10

# Winner:  rank=1  tile=23  stages=36  cluster=6  inner=-1  splitk=1  swizzle=0  ms=2.5118  cyc=4634611

@@RESULT ms=2.5118 cyc=4634611 tflops=3487.63 checksum=0.000000 valid=1 c0=0.0
--- cublas epi=0 rep 1/1 ec=0
### CUBLASLT INTROSPECT M=928256 N=3072 K=1536 epi=none scale=per_tensor
### Heuristics returned: 8

# TSV
rank	heur	ms	cyc	algoId	tile	stages	cluster	inner	splitk	redux	swizzle	custom	waves	ws_MB
1	0	2.0520	3786675	66	23	36	3	-1	1	0	0	1	588.00	0.0
2	2	2.1623	3989951	66	32	36	3	-1	1	0	0	1	784.05	0.0
3	4	2.3299	4298974	66	29	36	3	-1	1	0	0	1	940.86	0.0
4	5	2.4211	4466895	66	201	36	5	-1	1	0	0	2	882.00	0.0
5	3	2.4618	4542041	66	31	36	3	-1	1	0	0	1	784.00	0.0
6	7	2.7266	5027463	66	513	36	3	-1	1	0	0	1	294.00	0.0
7	1	2.7363	5048204	66	24	36	5	-1	1	0	0	3	588.00	0.0
8	6	3.1435	5798621	66	495	36	5	-1	1	0	0	3	784.05	0.0

# Top-3 caps:

## rank=1  algoId=66  tile=23  stages=36  cluster=3  inner=-1  ms=2.0520
    CUBLASLT_ALGO_CAP_REDUCTION_SCHEME_MASK      = 2
    CUBLASLT_ALGO_CAP_CTA_SWIZZLING_SUPPORT      = 0
    CUBLASLT_ALGO_CAP_STRIDED_BATCH_SUPPORT      = 1
    CUBLASLT_ALGO_CAP_OUT_OF_PLACE_RESULT_SUPPORT = 1
    CUBLASLT_ALGO_CAP_CUSTOM_OPTION_MAX          = 7
    CUBLASLT_ALGO_CAP_POINTER_MODE_MASK          = 3
    CUBLASLT_ALGO_CAP_EPILOGUE_MASK              = 1023
    CUBLASLT_ALGO_CAP_TILE_IDS                   = --  (status=7 wrote=0)
    CUBLASLT_ALGO_CAP_STAGES_IDS                 = [36] (n=1, elem=4B)
    CUBLASLT_ALGO_CONFIG_CLUSTER_SHAPE_ID sz=2 → status=0 wrote=2 val=3

## rank=2  algoId=66  tile=32  stages=36  cluster=3  inner=-1  ms=2.1623
    CUBLASLT_ALGO_CAP_REDUCTION_SCHEME_MASK      = 2
    CUBLASLT_ALGO_CAP_CTA_SWIZZLING_SUPPORT      = 0
    CUBLASLT_ALGO_CAP_STRIDED_BATCH_SUPPORT      = 1
    CUBLASLT_ALGO_CAP_OUT_OF_PLACE_RESULT_SUPPORT = 1
    CUBLASLT_ALGO_CAP_CUSTOM_OPTION_MAX          = 7
    CUBLASLT_ALGO_CAP_POINTER_MODE_MASK          = 3
    CUBLASLT_ALGO_CAP_EPILOGUE_MASK              = 1023
    CUBLASLT_ALGO_CAP_TILE_IDS                   = --  (status=7 wrote=0)
    CUBLASLT_ALGO_CAP_STAGES_IDS                 = [36] (n=1, elem=4B)
    CUBLASLT_ALGO_CONFIG_CLUSTER_SHAPE_ID sz=2 → status=0 wrote=2 val=3

## rank=3  algoId=66  tile=29  stages=36  cluster=3  inner=-1  ms=2.3299
    CUBLASLT_ALGO_CAP_REDUCTION_SCHEME_MASK      = 2
    CUBLASLT_ALGO_CAP_CTA_SWIZZLING_SUPPORT      = 0
    CUBLASLT_ALGO_CAP_STRIDED_BATCH_SUPPORT      = 1
    CUBLASLT_ALGO_CAP_OUT_OF_PLACE_RESULT_SUPPORT = 1
    CUBLASLT_ALGO_CAP_CUSTOM_OPTION_MAX          = 7
    CUBLASLT_ALGO_CAP_POINTER_MODE_MASK          = 3
    CUBLASLT_ALGO_CAP_EPILOGUE_MASK              = 1023
    CUBLASLT_ALGO_CAP_TILE_IDS                   = --  (status=7 wrote=0)
    CUBLASLT_ALGO_CAP_STAGES_IDS                 = [36] (n=1, elem=4B)
    CUBLASLT_ALGO_CONFIG_CLUSTER_SHAPE_ID sz=2 → status=0 wrote=2 val=3

# Winner:  rank=1  tile=23  stages=36  cluster=3  inner=-1  splitk=1  swizzle=0  ms=2.0520  cyc=3786675

@@RESULT ms=2.0520 cyc=3786675 tflops=4269.09 checksum=0.000000 valid=1 c0=0.0

[build] N=4096 K=512 M=928256 flags=['-DM_TOTAL=928256', '-DN_DIM=4096', '-DK_DIM=512', '-DN_STAGES=3', '-DTILE_DISPATCH=11', '-DK_STAGGER=1']
$ make -B fc1-w3 DFLAGS=-DM_TOTAL=928256 -DN_DIM=4096 -DK_DIM=512 -DN_STAGES=3 -DTILE_DISPATCH=11 -DK_STAGGER=1
nvcc -gencode arch=compute_100a,code=sm_100a -O3 -std=c++17 -lineinfo --ptxas-options=-v --cudart=static -DM_TOTAL=928256 -DN_DIM=4096 -DK_DIM=512 -DN_STAGES=3 -DTILE_DISPATCH=11 -DK_STAGGER=1 fc1_w3.cu -o fc1-w3 -lcurand_static -lculibos -lcuda
ptxas info    : 0 bytes gmem
ptxas info    : Compiling entry function '_Z7pack_u8PhPKhiiii' for 'sm_100a'
ptxas info    : Function properties for _Z7pack_u8PhPKhiiii
    0 bytes stack frame, 0 bytes spill stores, 0 bytes spill loads
ptxas info    : Used 20 registers, used 0 barriers
ptxas info    : Compile time = 6.293 ms
ptxas info    : Compiling entry function '_Z13fc1_w3_kernel14CUtensorMap_stS_S_PK13__nv_bfloat16PS0_' for 'sm_100a'
ptxas info    : Function properties for _Z13fc1_w3_kernel14CUtensorMap_stS_S_PK13__nv_bfloat16PS0_
    16 bytes stack frame, 0 bytes spill stores, 0 bytes spill loads
ptxas info    : Used 101 registers, used 2 barriers, 16 bytes cumulative stack size
ptxas info    : Compile time = 30.285 ms
--- rep 1/3 ec=0
FC1 W3 kernel — 6 warps, GELU epilogue
  GEMM: [928256,512] x [4096,512]^T  3-stage pipeline  SMEM: 140288 bytes
  Tiles: 3626M × 16N = 58016 total  K_ITERS=4
  Packing tiles...
  Packing done
  Alloc + init done
  TMA descriptors + func attr done (SMEM=140288 B)
Launching warmup (2 iters)...
  Warmup done.
Timing: 10 iterations...
FC1-W3 kernel: 2.809 ms  1385.85 TFLOPS
Validation: 32/32 spot checks passed
Checksum (1024 strided): 3145728.000000
C[0,0..3] = 1152.0 768.0 1152.0 772.0
@@RESULT ms=2.809 tflops=1385.85 checksum=3145728.000000 valid=1 c0=1152.0
--- rep 2/3 ec=0
FC1 W3 kernel — 6 warps, GELU epilogue
  GEMM: [928256,512] x [4096,512]^T  3-stage pipeline  SMEM: 140288 bytes
  Tiles: 3626M × 16N = 58016 total  K_ITERS=4
  Packing tiles...
  Packing done
  Alloc + init done
  TMA descriptors + func attr done (SMEM=140288 B)
Launching warmup (2 iters)...
  Warmup done.
Timing: 10 iterations...
FC1-W3 kernel: 2.808 ms  1386.36 TFLOPS
Validation: 32/32 spot checks passed
Checksum (1024 strided): 3145728.000000
C[0,0..3] = 1152.0 768.0 1152.0 772.0
@@RESULT ms=2.808 tflops=1386.36 checksum=3145728.000000 valid=1 c0=1152.0
--- rep 3/3 ec=0
FC1 W3 kernel — 6 warps, GELU epilogue
  GEMM: [928256,512] x [4096,512]^T  3-stage pipeline  SMEM: 140288 bytes
  Tiles: 3626M × 16N = 58016 total  K_ITERS=4
  Packing tiles...
  Packing done
  Alloc + init done
  TMA descriptors + func attr done (SMEM=140288 B)
Launching warmup (2 iters)...
  Warmup done.
Timing: 10 iterations...
FC1-W3 kernel: 2.810 ms  1385.52 TFLOPS
Validation: 32/32 spot checks passed
Checksum (1024 strided): 3145728.000000
C[0,0..3] = 1152.0 768.0 1152.0 772.0
@@RESULT ms=2.810 tflops=1385.52 checksum=3145728.000000 valid=1 c0=1152.0
--- cublas epi=2 rep 1/1 ec=0
### CUBLASLT INTROSPECT M=928256 N=4096 K=512 epi=gelu_bias scale=per_tensor
### Heuristics returned: 8

# TSV
rank	heur	ms	cyc	algoId	tile	stages	cluster	inner	splitk	redux	swizzle	custom	waves	ws_MB
1	5	3.1902	5884532	71	23	36	6	-1	1	0	0	0	1.00	0.0
2	4	3.1914	5886657	71	23	36	10	-1	1	0	0	0	1.00	0.0
3	6	3.1937	5889864	71	23	36	9	-1	1	0	0	0	1.00	0.0
4	1	3.1945	5892400	71	23	36	7	-1	1	0	0	0	1.00	0.0
5	3	3.1972	5896893	71	23	36	13	-1	1	0	0	0	1.00	0.0
6	2	3.2561	6006407	71	23	36	4	-1	1	0	0	0	1.00	0.0
7	7	3.5143	6482470	71	20	36	6	-1	1	0	0	0	1.00	0.0
8	0	3.5166	6486317	71	19	36	13	-1	1	0	0	0	1.00	0.0

# Top-3 caps:

## rank=1  algoId=71  tile=23  stages=36  cluster=6  inner=-1  ms=3.1902
    CUBLASLT_ALGO_CAP_REDUCTION_SCHEME_MASK      = 6
    CUBLASLT_ALGO_CAP_CTA_SWIZZLING_SUPPORT      = 0
    CUBLASLT_ALGO_CAP_STRIDED_BATCH_SUPPORT      = 1
    CUBLASLT_ALGO_CAP_OUT_OF_PLACE_RESULT_SUPPORT = 1
    CUBLASLT_ALGO_CAP_CUSTOM_OPTION_MAX          = 0
    CUBLASLT_ALGO_CAP_POINTER_MODE_MASK          = 3
    CUBLASLT_ALGO_CAP_EPILOGUE_MASK              = 1023
    CUBLASLT_ALGO_CAP_TILE_IDS                   = [20,32,23,18,17,19,15] (n=7, elem=4B)
    CUBLASLT_ALGO_CAP_STAGES_IDS                 = [36] (n=1, elem=4B)
    CUBLASLT_ALGO_CONFIG_CLUSTER_SHAPE_ID sz=2 → status=0 wrote=2 val=6

## rank=2  algoId=71  tile=23  stages=36  cluster=10  inner=-1  ms=3.1914
    CUBLASLT_ALGO_CAP_REDUCTION_SCHEME_MASK      = 6
    CUBLASLT_ALGO_CAP_CTA_SWIZZLING_SUPPORT      = 0
    CUBLASLT_ALGO_CAP_STRIDED_BATCH_SUPPORT      = 1
    CUBLASLT_ALGO_CAP_OUT_OF_PLACE_RESULT_SUPPORT = 1
    CUBLASLT_ALGO_CAP_CUSTOM_OPTION_MAX          = 0
    CUBLASLT_ALGO_CAP_POINTER_MODE_MASK          = 3
    CUBLASLT_ALGO_CAP_EPILOGUE_MASK              = 1023
    CUBLASLT_ALGO_CAP_TILE_IDS                   = [20,32,23,18,17,19,15] (n=7, elem=4B)
    CUBLASLT_ALGO_CAP_STAGES_IDS                 = [36] (n=1, elem=4B)
    CUBLASLT_ALGO_CONFIG_CLUSTER_SHAPE_ID sz=2 → status=0 wrote=2 val=10

## rank=3  algoId=71  tile=23  stages=36  cluster=9  inner=-1  ms=3.1937
    CUBLASLT_ALGO_CAP_REDUCTION_SCHEME_MASK      = 6
    CUBLASLT_ALGO_CAP_CTA_SWIZZLING_SUPPORT      = 0
    CUBLASLT_ALGO_CAP_STRIDED_BATCH_SUPPORT      = 1
    CUBLASLT_ALGO_CAP_OUT_OF_PLACE_RESULT_SUPPORT = 1
    CUBLASLT_ALGO_CAP_CUSTOM_OPTION_MAX          = 0
    CUBLASLT_ALGO_CAP_POINTER_MODE_MASK          = 3
    CUBLASLT_ALGO_CAP_EPILOGUE_MASK              = 1023
    CUBLASLT_ALGO_CAP_TILE_IDS                   = [20,32,23,18,17,19,15] (n=7, elem=4B)
    CUBLASLT_ALGO_CAP_STAGES_IDS                 = [36] (n=1, elem=4B)
    CUBLASLT_ALGO_CONFIG_CLUSTER_SHAPE_ID sz=2 → status=0 wrote=2 val=9

# Winner:  rank=1  tile=23  stages=36  cluster=6  inner=-1  splitk=1  swizzle=0  ms=3.1902  cyc=5884532

@@RESULT ms=3.1902 cyc=5884532 tflops=1220.44 checksum=0.000000 valid=1 c0=0.0
--- cublas epi=0 rep 1/1 ec=0
### CUBLASLT INTROSPECT M=928256 N=4096 K=512 epi=none scale=per_tensor
### Heuristics returned: 8

# TSV
rank	heur	ms	cyc	algoId	tile	stages	cluster	inner	splitk	redux	swizzle	custom	waves	ws_MB
1	0	1.6100	2971162	66	23	36	3	-1	1	0	0	1	784.00	0.0
2	2	1.7020	3139934	66	32	36	3	-1	1	0	0	1	1045.41	0.0
3	3	1.7820	3288256	66	29	36	3	-1	1	0	0	1	1254.49	0.0
4	1	1.8168	3351380	66	24	36	5	-1	1	0	0	3	784.00	0.0
5	6	1.8769	3462479	66	31	36	3	-1	1	0	0	1	1078.00	0.0
6	4	1.9183	3538592	66	495	36	5	-1	1	0	0	3	1045.41	0.0
7	5	2.3315	4300668	66	201	36	5	-1	1	0	0	2	1176.00	0.0
8	7	2.5063	4623227	66	197	36	5	-1	1	0	0	2	1225.00	0.0

# Top-3 caps:

## rank=1  algoId=66  tile=23  stages=36  cluster=3  inner=-1  ms=1.6100
    CUBLASLT_ALGO_CAP_REDUCTION_SCHEME_MASK      = 2
    CUBLASLT_ALGO_CAP_CTA_SWIZZLING_SUPPORT      = 0
    CUBLASLT_ALGO_CAP_STRIDED_BATCH_SUPPORT      = 1
    CUBLASLT_ALGO_CAP_OUT_OF_PLACE_RESULT_SUPPORT = 1
    CUBLASLT_ALGO_CAP_CUSTOM_OPTION_MAX          = 7
    CUBLASLT_ALGO_CAP_POINTER_MODE_MASK          = 3
    CUBLASLT_ALGO_CAP_EPILOGUE_MASK              = 1023
    CUBLASLT_ALGO_CAP_TILE_IDS                   = --  (status=7 wrote=0)
    CUBLASLT_ALGO_CAP_STAGES_IDS                 = [36] (n=1, elem=4B)
    CUBLASLT_ALGO_CONFIG_CLUSTER_SHAPE_ID sz=2 → status=0 wrote=2 val=3

## rank=2  algoId=66  tile=32  stages=36  cluster=3  inner=-1  ms=1.7020
    CUBLASLT_ALGO_CAP_REDUCTION_SCHEME_MASK      = 2
    CUBLASLT_ALGO_CAP_CTA_SWIZZLING_SUPPORT      = 0
    CUBLASLT_ALGO_CAP_STRIDED_BATCH_SUPPORT      = 1
    CUBLASLT_ALGO_CAP_OUT_OF_PLACE_RESULT_SUPPORT = 1
    CUBLASLT_ALGO_CAP_CUSTOM_OPTION_MAX          = 7
    CUBLASLT_ALGO_CAP_POINTER_MODE_MASK          = 3
    CUBLASLT_ALGO_CAP_EPILOGUE_MASK              = 1023
    CUBLASLT_ALGO_CAP_TILE_IDS                   = --  (status=7 wrote=0)
    CUBLASLT_ALGO_CAP_STAGES_IDS                 = [36] (n=1, elem=4B)
    CUBLASLT_ALGO_CONFIG_CLUSTER_SHAPE_ID sz=2 → status=0 wrote=2 val=3

## rank=3  algoId=66  tile=29  stages=36  cluster=3  inner=-1  ms=1.7820
    CUBLASLT_ALGO_CAP_REDUCTION_SCHEME_MASK      = 2
    CUBLASLT_ALGO_CAP_CTA_SWIZZLING_SUPPORT      = 0
    CUBLASLT_ALGO_CAP_STRIDED_BATCH_SUPPORT      = 1
    CUBLASLT_ALGO_CAP_OUT_OF_PLACE_RESULT_SUPPORT = 1
    CUBLASLT_ALGO_CAP_CUSTOM_OPTION_MAX          = 7
    CUBLASLT_ALGO_CAP_POINTER_MODE_MASK          = 3
    CUBLASLT_ALGO_CAP_EPILOGUE_MASK              = 1023
    CUBLASLT_ALGO_CAP_TILE_IDS                   = --  (status=7 wrote=0)
    CUBLASLT_ALGO_CAP_STAGES_IDS                 = [36] (n=1, elem=4B)
    CUBLASLT_ALGO_CONFIG_CLUSTER_SHAPE_ID sz=2 → status=0 wrote=2 val=3

# Winner:  rank=1  tile=23  stages=36  cluster=3  inner=-1  splitk=1  swizzle=0  ms=1.6100  cyc=2971162

@@RESULT ms=1.6100 cyc=2971162 tflops=2418.24 checksum=0.000000 valid=1 c0=0.0

[build] N=4096 K=768 M=928256 flags=['-DM_TOTAL=928256', '-DN_DIM=4096', '-DK_DIM=768', '-DTILE_DISPATCH=11', '-DK_STAGGER=1']
$ make -B fc1-w3 DFLAGS=-DM_TOTAL=928256 -DN_DIM=4096 -DK_DIM=768 -DTILE_DISPATCH=11 -DK_STAGGER=1
nvcc -gencode arch=compute_100a,code=sm_100a -O3 -std=c++17 -lineinfo --ptxas-options=-v --cudart=static -DM_TOTAL=928256 -DN_DIM=4096 -DK_DIM=768 -DTILE_DISPATCH=11 -DK_STAGGER=1 fc1_w3.cu -o fc1-w3 -lcurand_static -lculibos -lcuda
ptxas info    : 0 bytes gmem
ptxas info    : Compiling entry function '_Z7pack_u8PhPKhiiii' for 'sm_100a'
ptxas info    : Function properties for _Z7pack_u8PhPKhiiii
    0 bytes stack frame, 0 bytes spill stores, 0 bytes spill loads
ptxas info    : Used 20 registers, used 0 barriers
ptxas info    : Compile time = 6.325 ms
ptxas info    : Compiling entry function '_Z13fc1_w3_kernel14CUtensorMap_stS_S_PK13__nv_bfloat16PS0_' for 'sm_100a'
ptxas info    : Function properties for _Z13fc1_w3_kernel14CUtensorMap_stS_S_PK13__nv_bfloat16PS0_
    16 bytes stack frame, 0 bytes spill stores, 0 bytes spill loads
ptxas info    : Used 107 registers, used 2 barriers, 16 bytes cumulative stack size
ptxas info    : Compile time = 34.199 ms
--- rep 1/3 ec=0
FC1 W3 kernel — 6 warps, GELU epilogue
  GEMM: [928256,768] x [4096,768]^T  5-stage pipeline  SMEM: 205824 bytes
  Tiles: 3626M × 16N = 58016 total  K_ITERS=6
  Packing tiles...
  Packing done
  Alloc + init done
  TMA descriptors + func attr done (SMEM=205824 B)
Launching warmup (2 iters)...
  Warmup done.
Timing: 10 iterations...
FC1-W3 kernel: 2.649 ms  2204.61 TFLOPS
Validation: 32/32 spot checks passed
Checksum (1024 strided): 3735552.000000
C[0,0..3] = 1728.0 1152.0 1728.0 1152.0
@@RESULT ms=2.649 tflops=2204.61 checksum=3735552.000000 valid=1 c0=1728.0
--- rep 2/3 ec=0
FC1 W3 kernel — 6 warps, GELU epilogue
  GEMM: [928256,768] x [4096,768]^T  5-stage pipeline  SMEM: 205824 bytes
  Tiles: 3626M × 16N = 58016 total  K_ITERS=6
  Packing tiles...
  Packing done
  Alloc + init done
  TMA descriptors + func attr done (SMEM=205824 B)
Launching warmup (2 iters)...
  Warmup done.
Timing: 10 iterations...
FC1-W3 kernel: 2.650 ms  2204.20 TFLOPS
Validation: 32/32 spot checks passed
Checksum (1024 strided): 3735552.000000
C[0,0..3] = 1728.0 1152.0 1728.0 1152.0
@@RESULT ms=2.650 tflops=2204.20 checksum=3735552.000000 valid=1 c0=1728.0
--- rep 3/3 ec=0
FC1 W3 kernel — 6 warps, GELU epilogue
  GEMM: [928256,768] x [4096,768]^T  5-stage pipeline  SMEM: 205824 bytes
  Tiles: 3626M × 16N = 58016 total  K_ITERS=6
  Packing tiles...
  Packing done
  Alloc + init done
  TMA descriptors + func attr done (SMEM=205824 B)
Launching warmup (2 iters)...
  Warmup done.
Timing: 10 iterations...
FC1-W3 kernel: 2.649 ms  2204.32 TFLOPS
Validation: 32/32 spot checks passed
Checksum (1024 strided): 3735552.000000
C[0,0..3] = 1728.0 1152.0 1728.0 1152.0
@@RESULT ms=2.649 tflops=2204.32 checksum=3735552.000000 valid=1 c0=1728.0
--- cublas epi=2 rep 1/1 ec=0
### CUBLASLT INTROSPECT M=928256 N=4096 K=768 epi=gelu_bias scale=per_tensor
### Heuristics returned: 8

# TSV
rank	heur	ms	cyc	algoId	tile	stages	cluster	inner	splitk	redux	swizzle	custom	waves	ws_MB
1	5	3.2137	5927606	71	23	36	6	-1	1	0	0	0	1.00	0.0
2	6	3.2191	5937323	71	23	36	9	-1	1	0	0	0	1.00	0.0
3	4	3.2289	5955705	71	23	36	10	-1	1	0	0	0	1.00	0.0
4	2	3.2520	5998786	71	23	36	7	-1	1	0	0	0	1.00	0.0
5	3	3.2748	6039550	71	23	36	13	-1	1	0	0	0	1.00	0.0
6	1	3.3307	6144120	71	23	36	4	-1	1	0	0	0	1.00	0.0
7	7	3.5680	6582060	71	20	36	6	-1	1	0	0	0	1.00	0.0
8	0	3.5711	6587468	71	19	36	13	-1	1	0	0	0	1.00	0.0

# Top-3 caps:

## rank=1  algoId=71  tile=23  stages=36  cluster=6  inner=-1  ms=3.2137
    CUBLASLT_ALGO_CAP_REDUCTION_SCHEME_MASK      = 6
    CUBLASLT_ALGO_CAP_CTA_SWIZZLING_SUPPORT      = 0
    CUBLASLT_ALGO_CAP_STRIDED_BATCH_SUPPORT      = 1
    CUBLASLT_ALGO_CAP_OUT_OF_PLACE_RESULT_SUPPORT = 1
    CUBLASLT_ALGO_CAP_CUSTOM_OPTION_MAX          = 0
    CUBLASLT_ALGO_CAP_POINTER_MODE_MASK          = 3
    CUBLASLT_ALGO_CAP_EPILOGUE_MASK              = 1023
    CUBLASLT_ALGO_CAP_TILE_IDS                   = [20,32,23,18,17,19,15] (n=7, elem=4B)
    CUBLASLT_ALGO_CAP_STAGES_IDS                 = [36] (n=1, elem=4B)
    CUBLASLT_ALGO_CONFIG_CLUSTER_SHAPE_ID sz=2 → status=0 wrote=2 val=6

## rank=2  algoId=71  tile=23  stages=36  cluster=9  inner=-1  ms=3.2191
    CUBLASLT_ALGO_CAP_REDUCTION_SCHEME_MASK      = 6
    CUBLASLT_ALGO_CAP_CTA_SWIZZLING_SUPPORT      = 0
    CUBLASLT_ALGO_CAP_STRIDED_BATCH_SUPPORT      = 1
    CUBLASLT_ALGO_CAP_OUT_OF_PLACE_RESULT_SUPPORT = 1
    CUBLASLT_ALGO_CAP_CUSTOM_OPTION_MAX          = 0
    CUBLASLT_ALGO_CAP_POINTER_MODE_MASK          = 3
    CUBLASLT_ALGO_CAP_EPILOGUE_MASK              = 1023
    CUBLASLT_ALGO_CAP_TILE_IDS                   = [20,32,23,18,17,19,15] (n=7, elem=4B)
    CUBLASLT_ALGO_CAP_STAGES_IDS                 = [36] (n=1, elem=4B)
    CUBLASLT_ALGO_CONFIG_CLUSTER_SHAPE_ID sz=2 → status=0 wrote=2 val=9

## rank=3  algoId=71  tile=23  stages=36  cluster=10  inner=-1  ms=3.2289
    CUBLASLT_ALGO_CAP_REDUCTION_SCHEME_MASK      = 6
    CUBLASLT_ALGO_CAP_CTA_SWIZZLING_SUPPORT      = 0
    CUBLASLT_ALGO_CAP_STRIDED_BATCH_SUPPORT      = 1
    CUBLASLT_ALGO_CAP_OUT_OF_PLACE_RESULT_SUPPORT = 1
    CUBLASLT_ALGO_CAP_CUSTOM_OPTION_MAX          = 0
    CUBLASLT_ALGO_CAP_POINTER_MODE_MASK          = 3
    CUBLASLT_ALGO_CAP_EPILOGUE_MASK              = 1023
    CUBLASLT_ALGO_CAP_TILE_IDS                   = [20,32,23,18,17,19,15] (n=7, elem=4B)
    CUBLASLT_ALGO_CAP_STAGES_IDS                 = [36] (n=1, elem=4B)
    CUBLASLT_ALGO_CONFIG_CLUSTER_SHAPE_ID sz=2 → status=0 wrote=2 val=10

# Winner:  rank=1  tile=23  stages=36  cluster=6  inner=-1  splitk=1  swizzle=0  ms=3.2137  cyc=5927606

@@RESULT ms=3.2137 cyc=5927606 tflops=1817.23 checksum=0.000000 valid=1 c0=0.0
--- cublas epi=0 rep 1/1 ec=0
### CUBLASLT INTROSPECT M=928256 N=4096 K=768 epi=none scale=per_tensor
### Heuristics returned: 8

# TSV
rank	heur	ms	cyc	algoId	tile	stages	cluster	inner	splitk	redux	swizzle	custom	waves	ws_MB
1	0	1.8253	3368160	66	23	36	3	-1	1	0	0	1	784.00	0.0
2	2	1.9368	3573207	66	32	36	3	-1	1	0	0	1	1045.41	0.0
3	3	2.1077	3888790	66	29	36	3	-1	1	0	0	1	1254.49	0.0
4	6	2.2023	4062704	66	31	36	3	-1	1	0	0	1	1078.00	0.0
5	1	2.3253	4288700	66	24	36	5	-1	1	0	0	3	784.00	0.0
6	4	2.5206	4649125	66	495	36	5	-1	1	0	0	3	1045.41	0.0
7	5	2.5222	4652718	66	201	36	5	-1	1	0	0	2	1176.00	0.0
8	7	2.9493	5439789	66	197	36	5	-1	1	0	0	2	1225.00	0.0

# Top-3 caps:

## rank=1  algoId=66  tile=23  stages=36  cluster=3  inner=-1  ms=1.8253
    CUBLASLT_ALGO_CAP_REDUCTION_SCHEME_MASK      = 2
    CUBLASLT_ALGO_CAP_CTA_SWIZZLING_SUPPORT      = 0
    CUBLASLT_ALGO_CAP_STRIDED_BATCH_SUPPORT      = 1
    CUBLASLT_ALGO_CAP_OUT_OF_PLACE_RESULT_SUPPORT = 1
    CUBLASLT_ALGO_CAP_CUSTOM_OPTION_MAX          = 7
    CUBLASLT_ALGO_CAP_POINTER_MODE_MASK          = 3
    CUBLASLT_ALGO_CAP_EPILOGUE_MASK              = 1023
    CUBLASLT_ALGO_CAP_TILE_IDS                   = --  (status=7 wrote=0)
    CUBLASLT_ALGO_CAP_STAGES_IDS                 = [36] (n=1, elem=4B)
    CUBLASLT_ALGO_CONFIG_CLUSTER_SHAPE_ID sz=2 → status=0 wrote=2 val=3

## rank=2  algoId=66  tile=32  stages=36  cluster=3  inner=-1  ms=1.9368
    CUBLASLT_ALGO_CAP_REDUCTION_SCHEME_MASK      = 2
    CUBLASLT_ALGO_CAP_CTA_SWIZZLING_SUPPORT      = 0
    CUBLASLT_ALGO_CAP_STRIDED_BATCH_SUPPORT      = 1
    CUBLASLT_ALGO_CAP_OUT_OF_PLACE_RESULT_SUPPORT = 1
    CUBLASLT_ALGO_CAP_CUSTOM_OPTION_MAX          = 7
    CUBLASLT_ALGO_CAP_POINTER_MODE_MASK          = 3
    CUBLASLT_ALGO_CAP_EPILOGUE_MASK              = 1023
    CUBLASLT_ALGO_CAP_TILE_IDS                   = --  (status=7 wrote=0)
    CUBLASLT_ALGO_CAP_STAGES_IDS                 = [36] (n=1, elem=4B)
    CUBLASLT_ALGO_CONFIG_CLUSTER_SHAPE_ID sz=2 → status=0 wrote=2 val=3

## rank=3  algoId=66  tile=29  stages=36  cluster=3  inner=-1  ms=2.1077
    CUBLASLT_ALGO_CAP_REDUCTION_SCHEME_MASK      = 2
    CUBLASLT_ALGO_CAP_CTA_SWIZZLING_SUPPORT      = 0
    CUBLASLT_ALGO_CAP_STRIDED_BATCH_SUPPORT      = 1
    CUBLASLT_ALGO_CAP_OUT_OF_PLACE_RESULT_SUPPORT = 1
    CUBLASLT_ALGO_CAP_CUSTOM_OPTION_MAX          = 7
    CUBLASLT_ALGO_CAP_POINTER_MODE_MASK          = 3
    CUBLASLT_ALGO_CAP_EPILOGUE_MASK              = 1023
    CUBLASLT_ALGO_CAP_TILE_IDS                   = --  (status=7 wrote=0)
    CUBLASLT_ALGO_CAP_STAGES_IDS                 = [36] (n=1, elem=4B)
    CUBLASLT_ALGO_CONFIG_CLUSTER_SHAPE_ID sz=2 → status=0 wrote=2 val=3

# Winner:  rank=1  tile=23  stages=36  cluster=3  inner=-1  splitk=1  swizzle=0  ms=1.8253  cyc=3368160

@@RESULT ms=1.8253 cyc=3368160 tflops=3199.54 checksum=0.000000 valid=1 c0=0.0

[build] N=4096 K=1024 M=928256 flags=['-DM_TOTAL=928256', '-DN_DIM=4096', '-DK_DIM=1024', '-DTILE_DISPATCH=11', '-DK_STAGGER=1']
$ make -B fc1-w3 DFLAGS=-DM_TOTAL=928256 -DN_DIM=4096 -DK_DIM=1024 -DTILE_DISPATCH=11 -DK_STAGGER=1
nvcc -gencode arch=compute_100a,code=sm_100a -O3 -std=c++17 -lineinfo --ptxas-options=-v --cudart=static -DM_TOTAL=928256 -DN_DIM=4096 -DK_DIM=1024 -DTILE_DISPATCH=11 -DK_STAGGER=1 fc1_w3.cu -o fc1-w3 -lcurand_static -lculibos -lcuda
ptxas info    : 0 bytes gmem
ptxas info    : Compiling entry function '_Z7pack_u8PhPKhiiii' for 'sm_100a'
ptxas info    : Function properties for _Z7pack_u8PhPKhiiii
    0 bytes stack frame, 0 bytes spill stores, 0 bytes spill loads
ptxas info    : Used 20 registers, used 0 barriers
ptxas info    : Compile time = 6.412 ms
ptxas info    : Compiling entry function '_Z13fc1_w3_kernel14CUtensorMap_stS_S_PK13__nv_bfloat16PS0_' for 'sm_100a'
ptxas info    : Function properties for _Z13fc1_w3_kernel14CUtensorMap_stS_S_PK13__nv_bfloat16PS0_
    160 bytes stack frame, 0 bytes spill stores, 0 bytes spill loads
ptxas info    : Used 109 registers, used 2 barriers, 160 bytes cumulative stack size
ptxas info    : Compile time = 39.646 ms
--- rep 1/3 ec=0
FC1 W3 kernel — 6 warps, GELU epilogue
  GEMM: [928256,1024] x [4096,1024]^T  5-stage pipeline  SMEM: 205824 bytes
  Tiles: 3626M × 16N = 58016 total  K_ITERS=8
  Packing tiles...
  Packing done
  Alloc + init done
  TMA descriptors + func attr done (SMEM=205824 B)
Launching warmup (2 iters)...
  Warmup done.
Timing: 10 iterations...
FC1-W3 kernel: 2.771 ms  2810.57 TFLOPS
Validation: 32/32 spot checks passed
Checksum (1024 strided): 4325376.000000
C[0,0..3] = 2304.0 1536.0 2304.0 1536.0
@@RESULT ms=2.771 tflops=2810.57 checksum=4325376.000000 valid=1 c0=2304.0
--- rep 2/3 ec=0
FC1 W3 kernel — 6 warps, GELU epilogue
  GEMM: [928256,1024] x [4096,1024]^T  5-stage pipeline  SMEM: 205824 bytes
  Tiles: 3626M × 16N = 58016 total  K_ITERS=8
  Packing tiles...
  Packing done
  Alloc + init done
  TMA descriptors + func attr done (SMEM=205824 B)
Launching warmup (2 iters)...
  Warmup done.
Timing: 10 iterations...
FC1-W3 kernel: 2.770 ms  2811.57 TFLOPS
Validation: 32/32 spot checks passed
Checksum (1024 strided): 4325376.000000
C[0,0..3] = 2304.0 1536.0 2304.0 1536.0
@@RESULT ms=2.770 tflops=2811.57 checksum=4325376.000000 valid=1 c0=2304.0
--- rep 3/3 ec=0
FC1 W3 kernel — 6 warps, GELU epilogue
  GEMM: [928256,1024] x [4096,1024]^T  5-stage pipeline  SMEM: 205824 bytes
  Tiles: 3626M × 16N = 58016 total  K_ITERS=8
  Packing tiles...
  Packing done
  Alloc + init done
  TMA descriptors + func attr done (SMEM=205824 B)
Launching warmup (2 iters)...
  Warmup done.
Timing: 10 iterations...
FC1-W3 kernel: 2.769 ms  2811.79 TFLOPS
Validation: 32/32 spot checks passed
Checksum (1024 strided): 4325376.000000
C[0,0..3] = 2304.0 1536.0 2304.0 1536.0
@@RESULT ms=2.769 tflops=2811.79 checksum=4325376.000000 valid=1 c0=2304.0
--- cublas epi=2 rep 1/1 ec=0
### CUBLASLT INTROSPECT M=928256 N=4096 K=1024 epi=gelu_bias scale=per_tensor
### Heuristics returned: 8

# TSV
rank	heur	ms	cyc	algoId	tile	stages	cluster	inner	splitk	redux	swizzle	custom	waves	ws_MB
1	4	3.2821	6054686	71	23	36	6	-1	1	0	0	0	1.00	0.0
2	6	3.2920	6072190	71	23	36	9	-1	1	0	0	0	1.00	0.0
3	3	3.2958	6079869	71	23	36	10	-1	1	0	0	0	1.00	0.0
4	2	3.3114	6108638	71	23	36	7	-1	1	0	0	0	1.00	0.0
5	1	3.3372	6155724	71	23	36	13	-1	1	0	0	0	1.00	0.0
6	0	3.4063	6284133	71	23	36	4	-1	1	0	0	0	1.00	0.0
7	7	3.6663	6764085	71	20	36	6	-1	1	0	0	0	1.00	0.0
8	5	3.6962	6818373	71	19	36	13	-1	1	0	0	0	1.00	0.0

# Top-3 caps:

## rank=1  algoId=71  tile=23  stages=36  cluster=6  inner=-1  ms=3.2821
    CUBLASLT_ALGO_CAP_REDUCTION_SCHEME_MASK      = 6
    CUBLASLT_ALGO_CAP_CTA_SWIZZLING_SUPPORT      = 0
    CUBLASLT_ALGO_CAP_STRIDED_BATCH_SUPPORT      = 1
    CUBLASLT_ALGO_CAP_OUT_OF_PLACE_RESULT_SUPPORT = 1
    CUBLASLT_ALGO_CAP_CUSTOM_OPTION_MAX          = 0
    CUBLASLT_ALGO_CAP_POINTER_MODE_MASK          = 3
    CUBLASLT_ALGO_CAP_EPILOGUE_MASK              = 1023
    CUBLASLT_ALGO_CAP_TILE_IDS                   = [20,32,23,18,17,19,15] (n=7, elem=4B)
    CUBLASLT_ALGO_CAP_STAGES_IDS                 = [36] (n=1, elem=4B)
    CUBLASLT_ALGO_CONFIG_CLUSTER_SHAPE_ID sz=2 → status=0 wrote=2 val=6

## rank=2  algoId=71  tile=23  stages=36  cluster=9  inner=-1  ms=3.2920
    CUBLASLT_ALGO_CAP_REDUCTION_SCHEME_MASK      = 6
    CUBLASLT_ALGO_CAP_CTA_SWIZZLING_SUPPORT      = 0
    CUBLASLT_ALGO_CAP_STRIDED_BATCH_SUPPORT      = 1
    CUBLASLT_ALGO_CAP_OUT_OF_PLACE_RESULT_SUPPORT = 1
    CUBLASLT_ALGO_CAP_CUSTOM_OPTION_MAX          = 0
    CUBLASLT_ALGO_CAP_POINTER_MODE_MASK          = 3
    CUBLASLT_ALGO_CAP_EPILOGUE_MASK              = 1023
    CUBLASLT_ALGO_CAP_TILE_IDS                   = [20,32,23,18,17,19,15] (n=7, elem=4B)
    CUBLASLT_ALGO_CAP_STAGES_IDS                 = [36] (n=1, elem=4B)
    CUBLASLT_ALGO_CONFIG_CLUSTER_SHAPE_ID sz=2 → status=0 wrote=2 val=9

## rank=3  algoId=71  tile=23  stages=36  cluster=10  inner=-1  ms=3.2958
    CUBLASLT_ALGO_CAP_REDUCTION_SCHEME_MASK      = 6
    CUBLASLT_ALGO_CAP_CTA_SWIZZLING_SUPPORT      = 0
    CUBLASLT_ALGO_CAP_STRIDED_BATCH_SUPPORT      = 1
    CUBLASLT_ALGO_CAP_OUT_OF_PLACE_RESULT_SUPPORT = 1
    CUBLASLT_ALGO_CAP_CUSTOM_OPTION_MAX          = 0
    CUBLASLT_ALGO_CAP_POINTER_MODE_MASK          = 3
    CUBLASLT_ALGO_CAP_EPILOGUE_MASK              = 1023
    CUBLASLT_ALGO_CAP_TILE_IDS                   = [20,32,23,18,17,19,15] (n=7, elem=4B)
    CUBLASLT_ALGO_CAP_STAGES_IDS                 = [36] (n=1, elem=4B)
    CUBLASLT_ALGO_CONFIG_CLUSTER_SHAPE_ID sz=2 → status=0 wrote=2 val=10

# Winner:  rank=1  tile=23  stages=36  cluster=6  inner=-1  splitk=1  swizzle=0  ms=3.2821  cyc=6054686

@@RESULT ms=3.2821 cyc=6054686 tflops=2372.48 checksum=0.000000 valid=1 c0=0.0
--- cublas epi=0 rep 1/1 ec=0
### CUBLASLT INTROSPECT M=928256 N=4096 K=1024 epi=none scale=per_tensor
### Heuristics returned: 8

# TSV
rank	heur	ms	cyc	algoId	tile	stages	cluster	inner	splitk	redux	swizzle	custom	waves	ws_MB
1	0	2.1331	3935394	66	23	36	3	-1	1	0	0	1	784.00	0.0
2	2	2.2615	4171929	66	32	36	3	-1	1	0	0	1	1045.41	0.0
3	3	2.4362	4494783	66	29	36	3	-1	1	0	0	1	1254.49	0.0
4	6	2.6012	4798567	66	31	36	3	-1	1	0	0	1	1078.00	0.0
5	1	2.7567	5083874	66	24	36	5	-1	1	0	0	3	784.00	0.0
6	5	2.7988	5163481	66	201	36	5	-1	1	0	0	2	1176.00	0.0
7	4	3.0150	5561750	66	495	36	5	-1	1	0	0	3	1045.41	0.0
8	7	3.3413	6162321	66	197	36	5	-1	1	0	0	2	1225.00	0.0

# Top-3 caps:

## rank=1  algoId=66  tile=23  stages=36  cluster=3  inner=-1  ms=2.1331
    CUBLASLT_ALGO_CAP_REDUCTION_SCHEME_MASK      = 2
    CUBLASLT_ALGO_CAP_CTA_SWIZZLING_SUPPORT      = 0
    CUBLASLT_ALGO_CAP_STRIDED_BATCH_SUPPORT      = 1
    CUBLASLT_ALGO_CAP_OUT_OF_PLACE_RESULT_SUPPORT = 1
    CUBLASLT_ALGO_CAP_CUSTOM_OPTION_MAX          = 7
    CUBLASLT_ALGO_CAP_POINTER_MODE_MASK          = 3
    CUBLASLT_ALGO_CAP_EPILOGUE_MASK              = 1023
    CUBLASLT_ALGO_CAP_TILE_IDS                   = --  (status=7 wrote=0)
    CUBLASLT_ALGO_CAP_STAGES_IDS                 = [36] (n=1, elem=4B)
    CUBLASLT_ALGO_CONFIG_CLUSTER_SHAPE_ID sz=2 → status=0 wrote=2 val=3

## rank=2  algoId=66  tile=32  stages=36  cluster=3  inner=-1  ms=2.2615
    CUBLASLT_ALGO_CAP_REDUCTION_SCHEME_MASK      = 2
    CUBLASLT_ALGO_CAP_CTA_SWIZZLING_SUPPORT      = 0
    CUBLASLT_ALGO_CAP_STRIDED_BATCH_SUPPORT      = 1
    CUBLASLT_ALGO_CAP_OUT_OF_PLACE_RESULT_SUPPORT = 1
    CUBLASLT_ALGO_CAP_CUSTOM_OPTION_MAX          = 7
    CUBLASLT_ALGO_CAP_POINTER_MODE_MASK          = 3
    CUBLASLT_ALGO_CAP_EPILOGUE_MASK              = 1023
    CUBLASLT_ALGO_CAP_TILE_IDS                   = --  (status=7 wrote=0)
    CUBLASLT_ALGO_CAP_STAGES_IDS                 = [36] (n=1, elem=4B)
    CUBLASLT_ALGO_CONFIG_CLUSTER_SHAPE_ID sz=2 → status=0 wrote=2 val=3

## rank=3  algoId=66  tile=29  stages=36  cluster=3  inner=-1  ms=2.4362
    CUBLASLT_ALGO_CAP_REDUCTION_SCHEME_MASK      = 2
    CUBLASLT_ALGO_CAP_CTA_SWIZZLING_SUPPORT      = 0
    CUBLASLT_ALGO_CAP_STRIDED_BATCH_SUPPORT      = 1
    CUBLASLT_ALGO_CAP_OUT_OF_PLACE_RESULT_SUPPORT = 1
    CUBLASLT_ALGO_CAP_CUSTOM_OPTION_MAX          = 7
    CUBLASLT_ALGO_CAP_POINTER_MODE_MASK          = 3
    CUBLASLT_ALGO_CAP_EPILOGUE_MASK              = 1023
    CUBLASLT_ALGO_CAP_TILE_IDS                   = --  (status=7 wrote=0)
    CUBLASLT_ALGO_CAP_STAGES_IDS                 = [36] (n=1, elem=4B)
    CUBLASLT_ALGO_CONFIG_CLUSTER_SHAPE_ID sz=2 → status=0 wrote=2 val=3

# Winner:  rank=1  tile=23  stages=36  cluster=3  inner=-1  splitk=1  swizzle=0  ms=2.1331  cyc=3935394

@@RESULT ms=2.1331 cyc=3935394 tflops=3650.44 checksum=0.000000 valid=1 c0=0.0

[build] N=4096 K=1536 M=928256 flags=['-DM_TOTAL=928256', '-DN_DIM=4096', '-DK_DIM=1536', '-DTILE_DISPATCH=11', '-DK_STAGGER=1']
$ make -B fc1-w3 DFLAGS=-DM_TOTAL=928256 -DN_DIM=4096 -DK_DIM=1536 -DTILE_DISPATCH=11 -DK_STAGGER=1
nvcc -gencode arch=compute_100a,code=sm_100a -O3 -std=c++17 -lineinfo --ptxas-options=-v --cudart=static -DM_TOTAL=928256 -DN_DIM=4096 -DK_DIM=1536 -DTILE_DISPATCH=11 -DK_STAGGER=1 fc1_w3.cu -o fc1-w3 -lcurand_static -lculibos -lcuda
ptxas info    : 0 bytes gmem
ptxas info    : Compiling entry function '_Z7pack_u8PhPKhiiii' for 'sm_100a'
ptxas info    : Function properties for _Z7pack_u8PhPKhiiii
    0 bytes stack frame, 0 bytes spill stores, 0 bytes spill loads
ptxas info    : Used 20 registers, used 0 barriers
ptxas info    : Compile time = 6.376 ms
ptxas info    : Compiling entry function '_Z13fc1_w3_kernel14CUtensorMap_stS_S_PK13__nv_bfloat16PS0_' for 'sm_100a'
ptxas info    : Function properties for _Z13fc1_w3_kernel14CUtensorMap_stS_S_PK13__nv_bfloat16PS0_
    16 bytes stack frame, 0 bytes spill stores, 0 bytes spill loads
ptxas info    : Used 116 registers, used 2 barriers, 16 bytes cumulative stack size
ptxas info    : Compile time = 39.006 ms
--- rep 1/3 ec=0
FC1 W3 kernel — 6 warps, GELU epilogue
  GEMM: [928256,1536] x [4096,1536]^T  5-stage pipeline  SMEM: 205824 bytes
  Tiles: 3626M × 16N = 58016 total  K_ITERS=12
  Packing tiles...
  Packing done
  Alloc + init done
  TMA descriptors + func attr done (SMEM=205824 B)
Launching warmup (2 iters)...
  Warmup done.
Timing: 10 iterations...
FC1-W3 kernel: 3.285 ms  3555.64 TFLOPS
Validation: 32/32 spot checks passed
Checksum (1024 strided): 5505024.000000
C[0,0..3] = 3456.0 2304.0 3456.0 2304.0
@@RESULT ms=3.285 tflops=3555.64 checksum=5505024.000000 valid=1 c0=3456.0
--- rep 2/3 ec=0
FC1 W3 kernel — 6 warps, GELU epilogue
  GEMM: [928256,1536] x [4096,1536]^T  5-stage pipeline  SMEM: 205824 bytes
  Tiles: 3626M × 16N = 58016 total  K_ITERS=12
  Packing tiles...
  Packing done
  Alloc + init done
  TMA descriptors + func attr done (SMEM=205824 B)
Launching warmup (2 iters)...
  Warmup done.
Timing: 10 iterations...
FC1-W3 kernel: 3.285 ms  3555.99 TFLOPS
Validation: 32/32 spot checks passed
Checksum (1024 strided): 5505024.000000
C[0,0..3] = 3456.0 2304.0 3456.0 2304.0
@@RESULT ms=3.285 tflops=3555.99 checksum=5505024.000000 valid=1 c0=3456.0
--- rep 3/3 ec=0
FC1 W3 kernel — 6 warps, GELU epilogue
  GEMM: [928256,1536] x [4096,1536]^T  5-stage pipeline  SMEM: 205824 bytes
  Tiles: 3626M × 16N = 58016 total  K_ITERS=12
  Packing tiles...
  Packing done
  Alloc + init done
  TMA descriptors + func attr done (SMEM=205824 B)
Launching warmup (2 iters)...
  Warmup done.
Timing: 10 iterations...
FC1-W3 kernel: 3.284 ms  3556.67 TFLOPS
Validation: 32/32 spot checks passed
Checksum (1024 strided): 5505024.000000
C[0,0..3] = 3456.0 2304.0 3456.0 2304.0
@@RESULT ms=3.284 tflops=3556.67 checksum=5505024.000000 valid=1 c0=3456.0
--- cublas epi=2 rep 1/1 ec=0
### CUBLASLT INTROSPECT M=928256 N=4096 K=1536 epi=gelu_bias scale=per_tensor
### Heuristics returned: 8

# TSV
rank	heur	ms	cyc	algoId	tile	stages	cluster	inner	splitk	redux	swizzle	custom	waves	ws_MB
1	5	3.3433	6168099	71	23	36	9	-1	1	0	0	0	1.00	0.0
2	4	3.3444	6170355	71	23	36	6	-1	1	0	0	0	1.00	0.0
3	3	3.3518	6184058	71	23	36	10	-1	1	0	0	0	1.00	0.0
4	1	3.3554	6190830	71	23	36	7	-1	1	0	0	0	1.00	0.0
5	2	3.3725	6222234	71	23	36	13	-1	1	0	0	0	1.00	0.0
6	0	3.4377	6342809	71	23	36	4	-1	1	0	0	0	1.00	0.0
7	7	3.7697	6954546	71	20	36	6	-1	1	0	0	0	1.00	0.0
8	6	3.8141	7036281	71	19	36	13	-1	1	0	0	0	1.00	0.0

# Top-3 caps:

## rank=1  algoId=71  tile=23  stages=36  cluster=9  inner=-1  ms=3.3433
    CUBLASLT_ALGO_CAP_REDUCTION_SCHEME_MASK      = 6
    CUBLASLT_ALGO_CAP_CTA_SWIZZLING_SUPPORT      = 0
    CUBLASLT_ALGO_CAP_STRIDED_BATCH_SUPPORT      = 1
    CUBLASLT_ALGO_CAP_OUT_OF_PLACE_RESULT_SUPPORT = 1
    CUBLASLT_ALGO_CAP_CUSTOM_OPTION_MAX          = 0
    CUBLASLT_ALGO_CAP_POINTER_MODE_MASK          = 3
    CUBLASLT_ALGO_CAP_EPILOGUE_MASK              = 1023
    CUBLASLT_ALGO_CAP_TILE_IDS                   = [20,32,23,18,17,19,15] (n=7, elem=4B)
    CUBLASLT_ALGO_CAP_STAGES_IDS                 = [36] (n=1, elem=4B)
    CUBLASLT_ALGO_CONFIG_CLUSTER_SHAPE_ID sz=2 → status=0 wrote=2 val=9

## rank=2  algoId=71  tile=23  stages=36  cluster=6  inner=-1  ms=3.3444
    CUBLASLT_ALGO_CAP_REDUCTION_SCHEME_MASK      = 6
    CUBLASLT_ALGO_CAP_CTA_SWIZZLING_SUPPORT      = 0
    CUBLASLT_ALGO_CAP_STRIDED_BATCH_SUPPORT      = 1
    CUBLASLT_ALGO_CAP_OUT_OF_PLACE_RESULT_SUPPORT = 1
    CUBLASLT_ALGO_CAP_CUSTOM_OPTION_MAX          = 0
    CUBLASLT_ALGO_CAP_POINTER_MODE_MASK          = 3
    CUBLASLT_ALGO_CAP_EPILOGUE_MASK              = 1023
    CUBLASLT_ALGO_CAP_TILE_IDS                   = [20,32,23,18,17,19,15] (n=7, elem=4B)
    CUBLASLT_ALGO_CAP_STAGES_IDS                 = [36] (n=1, elem=4B)
    CUBLASLT_ALGO_CONFIG_CLUSTER_SHAPE_ID sz=2 → status=0 wrote=2 val=6

## rank=3  algoId=71  tile=23  stages=36  cluster=10  inner=-1  ms=3.3518
    CUBLASLT_ALGO_CAP_REDUCTION_SCHEME_MASK      = 6
    CUBLASLT_ALGO_CAP_CTA_SWIZZLING_SUPPORT      = 0
    CUBLASLT_ALGO_CAP_STRIDED_BATCH_SUPPORT      = 1
    CUBLASLT_ALGO_CAP_OUT_OF_PLACE_RESULT_SUPPORT = 1
    CUBLASLT_ALGO_CAP_CUSTOM_OPTION_MAX          = 0
    CUBLASLT_ALGO_CAP_POINTER_MODE_MASK          = 3
    CUBLASLT_ALGO_CAP_EPILOGUE_MASK              = 1023
    CUBLASLT_ALGO_CAP_TILE_IDS                   = [20,32,23,18,17,19,15] (n=7, elem=4B)
    CUBLASLT_ALGO_CAP_STAGES_IDS                 = [36] (n=1, elem=4B)
    CUBLASLT_ALGO_CONFIG_CLUSTER_SHAPE_ID sz=2 → status=0 wrote=2 val=10

# Winner:  rank=1  tile=23  stages=36  cluster=9  inner=-1  splitk=1  swizzle=0  ms=3.3433  cyc=6168099

@@RESULT ms=3.3433 cyc=6168099 tflops=3493.65 checksum=0.000000 valid=1 c0=0.0
--- cublas epi=0 rep 1/1 ec=0
### CUBLASLT INTROSPECT M=928256 N=4096 K=1536 epi=none scale=per_tensor
### Heuristics returned: 8

# TSV
rank	heur	ms	cyc	algoId	tile	stages	cluster	inner	splitk	redux	swizzle	custom	waves	ws_MB
1	0	2.7720	5114643	66	23	36	3	-1	1	0	0	1	784.00	0.0
2	2	2.8862	5325379	66	32	36	3	-1	1	0	0	1	1045.41	0.0
3	3	3.1282	5771451	66	29	36	3	-1	1	0	0	1	1254.49	0.0
4	4	3.2762	6044151	66	201	36	5	-1	1	0	0	2	1176.00	0.0
5	6	3.6322	6697075	66	513	36	3	-1	1	0	0	1	392.00	0.0
6	1	3.7145	6851491	66	24	36	5	-1	1	0	0	3	784.00	0.0
7	7	4.2047	7755110	66	197	36	5	-1	1	0	0	2	1225.00	0.0
8	5	4.2514	7841892	66	495	36	5	-1	1	0	0	3	1045.41	0.0

# Top-3 caps:

## rank=1  algoId=66  tile=23  stages=36  cluster=3  inner=-1  ms=2.7720
    CUBLASLT_ALGO_CAP_REDUCTION_SCHEME_MASK      = 2
    CUBLASLT_ALGO_CAP_CTA_SWIZZLING_SUPPORT      = 0
    CUBLASLT_ALGO_CAP_STRIDED_BATCH_SUPPORT      = 1
    CUBLASLT_ALGO_CAP_OUT_OF_PLACE_RESULT_SUPPORT = 1
    CUBLASLT_ALGO_CAP_CUSTOM_OPTION_MAX          = 7
    CUBLASLT_ALGO_CAP_POINTER_MODE_MASK          = 3
    CUBLASLT_ALGO_CAP_EPILOGUE_MASK              = 1023
    CUBLASLT_ALGO_CAP_TILE_IDS                   = --  (status=7 wrote=0)
    CUBLASLT_ALGO_CAP_STAGES_IDS                 = [36] (n=1, elem=4B)
    CUBLASLT_ALGO_CONFIG_CLUSTER_SHAPE_ID sz=2 → status=0 wrote=2 val=3

## rank=2  algoId=66  tile=32  stages=36  cluster=3  inner=-1  ms=2.8862
    CUBLASLT_ALGO_CAP_REDUCTION_SCHEME_MASK      = 2
    CUBLASLT_ALGO_CAP_CTA_SWIZZLING_SUPPORT      = 0
    CUBLASLT_ALGO_CAP_STRIDED_BATCH_SUPPORT      = 1
    CUBLASLT_ALGO_CAP_OUT_OF_PLACE_RESULT_SUPPORT = 1
    CUBLASLT_ALGO_CAP_CUSTOM_OPTION_MAX          = 7
    CUBLASLT_ALGO_CAP_POINTER_MODE_MASK          = 3
    CUBLASLT_ALGO_CAP_EPILOGUE_MASK              = 1023
    CUBLASLT_ALGO_CAP_TILE_IDS                   = --  (status=7 wrote=0)
    CUBLASLT_ALGO_CAP_STAGES_IDS                 = [36] (n=1, elem=4B)
    CUBLASLT_ALGO_CONFIG_CLUSTER_SHAPE_ID sz=2 → status=0 wrote=2 val=3

## rank=3  algoId=66  tile=29  stages=36  cluster=3  inner=-1  ms=3.1282
    CUBLASLT_ALGO_CAP_REDUCTION_SCHEME_MASK      = 2
    CUBLASLT_ALGO_CAP_CTA_SWIZZLING_SUPPORT      = 0
    CUBLASLT_ALGO_CAP_STRIDED_BATCH_SUPPORT      = 1
    CUBLASLT_ALGO_CAP_OUT_OF_PLACE_RESULT_SUPPORT = 1
    CUBLASLT_ALGO_CAP_CUSTOM_OPTION_MAX          = 7
    CUBLASLT_ALGO_CAP_POINTER_MODE_MASK          = 3
    CUBLASLT_ALGO_CAP_EPILOGUE_MASK              = 1023
    CUBLASLT_ALGO_CAP_TILE_IDS                   = --  (status=7 wrote=0)
    CUBLASLT_ALGO_CAP_STAGES_IDS                 = [36] (n=1, elem=4B)
    CUBLASLT_ALGO_CONFIG_CLUSTER_SHAPE_ID sz=2 → status=0 wrote=2 val=3

# Winner:  rank=1  tile=23  stages=36  cluster=3  inner=-1  splitk=1  swizzle=0  ms=2.7720  cyc=5114643

@@RESULT ms=2.7720 cyc=5114643 tflops=4213.66 checksum=0.000000 valid=1 c0=0.0
