Kernel: fc1_gelu (fc1_gelu.cu)

=== Tier 1: N_STAGES, NUM_EPI_WARPS ===
Sweep: 6 total, 3 valid, 3 pruned
Estimated time: ~0 min (3 configs × ~5s each)

[1/3] -DN_STAGES=3 ... 3.111 ms / 1408 TFLOPS  (204 regs, 6.9s)
[2/3] (defaults) ... 3.069 ms / 1427 TFLOPS  (242 regs, 5.8s)
[3/3] -DN_STAGES=5 ... 3.042 ms / 1440 TFLOPS  (238 regs, 5.9s)
  η²: N_STAGES=1.000

  Gap: 0.89% → k_eff=2 (from 3)

Tier 1 winner (top-3): -DK_LOOP_UNROLL=5 -DN_STAGES=5 → 3.042 ms / 1440 TFLOPS
  #2: (defaults) → 3.069 ms / 1427 TFLOPS
  #3: -DK_LOOP_UNROLL=3 -DN_STAGES=3 → 3.111 ms / 1408 TFLOPS

=== Tier 2: INTERLEAVE_STRATEGY, MBAR_EARLY, STAGGER_CYCLES, TMEM_LOAD_WIDTH ===
  Branch 1/2: -DN_STAGES=5
Sweep: 128 total, 64 valid, 64 pruned
Estimated time: ~5 min (64 configs × ~5s each)

[1/64] -DINTERLEAVE_STRATEGY=0 -DN_STAGES=5 -DSTAGGER_CYCLES=0 ... 3.217 ms / 1361 TFLOPS  (240 regs, 5.8s)
[2/64] -DINTERLEAVE_STRATEGY=0 -DN_STAGES=5 -DSTAGGER_CYCLES=40 ... 3.084 ms / 1420 TFLOPS  (241 regs, 5.8s)
[3/64] -DINTERLEAVE_STRATEGY=0 -DN_STAGES=5 -DSTAGGER_CYCLES=60 ... 3.084 ms / 1420 TFLOPS  (241 regs, 5.9s)
[4/64] -DINTERLEAVE_STRATEGY=0 -DN_STAGES=5 ... 3.140 ms / 1395 TFLOPS  (241 regs, 6.0s)
[5/64] -DINTERLEAVE_STRATEGY=0 -DN_STAGES=5 -DSTAGGER_CYCLES=100 ... 3.102 ms / 1412 TFLOPS  (241 regs, 6.0s)
[6/64] -DINTERLEAVE_STRATEGY=0 -DN_STAGES=5 -DSTAGGER_CYCLES=120 ... 3.038 ms / 1442 TFLOPS  (241 regs, 6.0s)
[7/64] -DINTERLEAVE_STRATEGY=0 -DN_STAGES=5 -DSTAGGER_CYCLES=160 ... 3.079 ms / 1423 TFLOPS  (241 regs, 6.0s)
[8/64] -DINTERLEAVE_STRATEGY=0 -DN_STAGES=5 -DSTAGGER_CYCLES=200 ... 3.112 ms / 1407 TFLOPS  (241 regs, 6.0s)
[9/64] -DINTERLEAVE_STRATEGY=0 -DMBAR_EARLY=1 -DN_STAGES=5 -DSTAGGER_CYCLES=0 ... 3.124 ms / 1402 TFLOPS  (240 regs, 5.9s)
[10/64] -DINTERLEAVE_STRATEGY=0 -DMBAR_EARLY=1 -DN_STAGES=5 -DSTAGGER_CYCLES=40 ... 3.119 ms / 1404 TFLOPS  (240 regs, 6.0s)
[11/64] -DINTERLEAVE_STRATEGY=0 -DMBAR_EARLY=1 -DN_STAGES=5 -DSTAGGER_CYCLES=60 ... 3.125 ms / 1402 TFLOPS  (240 regs, 6.0s)
[12/64] -DINTERLEAVE_STRATEGY=0 -DMBAR_EARLY=1 -DN_STAGES=5 ... 3.072 ms / 1426 TFLOPS  (240 regs, 5.8s)
[13/64] -DINTERLEAVE_STRATEGY=0 -DMBAR_EARLY=1 -DN_STAGES=5 -DSTAGGER_CYCLES=100 ... 3.121 ms / 1403 TFLOPS  (240 regs, 6.0s)
[14/64] -DINTERLEAVE_STRATEGY=0 -DMBAR_EARLY=1 -DN_STAGES=5 -DSTAGGER_CYCLES=120 ... 3.089 ms / 1418 TFLOPS  (240 regs, 5.9s)
[15/64] -DINTERLEAVE_STRATEGY=0 -DMBAR_EARLY=1 -DN_STAGES=5 -DSTAGGER_CYCLES=160 ... 3.116 ms / 1406 TFLOPS  (240 regs, 6.0s)
[16/64] -DINTERLEAVE_STRATEGY=0 -DMBAR_EARLY=1 -DN_STAGES=5 -DSTAGGER_CYCLES=200 ... 3.119 ms / 1404 TFLOPS  (240 regs, 6.0s)
[17/64] -DINTERLEAVE_STRATEGY=1 -DN_STAGES=5 -DSTAGGER_CYCLES=0 ... 2.920 ms / 1500 TFLOPS  (240 regs, 6.0s)
[18/64] -DINTERLEAVE_STRATEGY=1 -DN_STAGES=5 -DSTAGGER_CYCLES=40 ... 2.829 ms / 1548 TFLOPS  (240 regs, 5.9s)
[19/64] -DINTERLEAVE_STRATEGY=1 -DN_STAGES=5 -DSTAGGER_CYCLES=60 ... 2.788 ms / 1571 TFLOPS  (240 regs, 5.9s)
[20/64] -DINTERLEAVE_STRATEGY=1 -DN_STAGES=5 ... 2.820 ms / 1553 TFLOPS  (240 regs, 6.0s)
[21/64] -DINTERLEAVE_STRATEGY=1 -DN_STAGES=5 -DSTAGGER_CYCLES=100 ... 2.832 ms / 1546 TFLOPS  (240 regs, 6.0s)
[22/64] -DINTERLEAVE_STRATEGY=1 -DN_STAGES=5 -DSTAGGER_CYCLES=120 ... 2.784 ms / 1573 TFLOPS  (240 regs, 5.9s)
[23/64] -DINTERLEAVE_STRATEGY=1 -DN_STAGES=5 -DSTAGGER_CYCLES=160 ... 2.848 ms / 1538 TFLOPS  (240 regs, 6.1s)
[24/64] -DINTERLEAVE_STRATEGY=1 -DN_STAGES=5 -DSTAGGER_CYCLES=200 ... 2.830 ms / 1548 TFLOPS  (240 regs, 5.9s)
[25/64] -DINTERLEAVE_STRATEGY=1 -DMBAR_EARLY=1 -DN_STAGES=5 -DSTAGGER_CYCLES=0 ... 2.841 ms / 1542 TFLOPS  (240 regs, 5.8s)
[26/64] -DINTERLEAVE_STRATEGY=1 -DMBAR_EARLY=1 -DN_STAGES=5 -DSTAGGER_CYCLES=40 ... 2.861 ms / 1531 TFLOPS  (242 regs, 5.8s)
[27/64] -DINTERLEAVE_STRATEGY=1 -DMBAR_EARLY=1 -DN_STAGES=5 -DSTAGGER_CYCLES=60 ... 2.831 ms / 1547 TFLOPS  (242 regs, 5.9s)
[28/64] -DINTERLEAVE_STRATEGY=1 -DMBAR_EARLY=1 -DN_STAGES=5 ... 2.878 ms / 1522 TFLOPS  (242 regs, 6.0s)
[29/64] -DINTERLEAVE_STRATEGY=1 -DMBAR_EARLY=1 -DN_STAGES=5 -DSTAGGER_CYCLES=100 ... 2.810 ms / 1559 TFLOPS  (242 regs, 6.0s)
[30/64] -DINTERLEAVE_STRATEGY=1 -DMBAR_EARLY=1 -DN_STAGES=5 -DSTAGGER_CYCLES=120 ... 2.833 ms / 1546 TFLOPS  (242 regs, 5.8s)
[31/64] -DINTERLEAVE_STRATEGY=1 -DMBAR_EARLY=1 -DN_STAGES=5 -DSTAGGER_CYCLES=160 ... 2.828 ms / 1549 TFLOPS  (242 regs, 5.9s)
[32/64] -DINTERLEAVE_STRATEGY=1 -DMBAR_EARLY=1 -DN_STAGES=5 -DSTAGGER_CYCLES=200 ... 2.835 ms / 1545 TFLOPS  (242 regs, 5.9s)
[33/64] -DN_STAGES=5 -DSTAGGER_CYCLES=0 ... 2.978 ms / 1471 TFLOPS  (239 regs, 5.9s)
[34/64] -DN_STAGES=5 -DSTAGGER_CYCLES=40 ... 3.009 ms / 1456 TFLOPS  (238 regs, 6.0s)
[35/64] -DN_STAGES=5 -DSTAGGER_CYCLES=60 ... 3.006 ms / 1457 TFLOPS  (238 regs, 6.0s)
[36/64] -DN_STAGES=5 ... 2.995 ms / 1462 TFLOPS  (238 regs, 5.8s)
[37/64] -DN_STAGES=5 -DSTAGGER_CYCLES=100 ... 2.986 ms / 1467 TFLOPS  (238 regs, 5.9s)
[38/64] -DN_STAGES=5 -DSTAGGER_CYCLES=120 ... 2.989 ms / 1465 TFLOPS  (238 regs, 5.8s)
[39/64] -DN_STAGES=5 -DSTAGGER_CYCLES=160 ... 3.038 ms / 1442 TFLOPS  (238 regs, 5.9s)
[40/64] -DN_STAGES=5 -DSTAGGER_CYCLES=200 ... 2.933 ms / 1493 TFLOPS  (238 regs, 5.9s)
[41/64] -DMBAR_EARLY=1 -DN_STAGES=5 -DSTAGGER_CYCLES=0 ... 3.007 ms / 1457 TFLOPS  (240 regs, 5.9s)
[42/64] -DMBAR_EARLY=1 -DN_STAGES=5 -DSTAGGER_CYCLES=40 ... 2.988 ms / 1466 TFLOPS  (240 regs, 6.0s)
[43/64] -DMBAR_EARLY=1 -DN_STAGES=5 -DSTAGGER_CYCLES=60 ... 3.009 ms / 1456 TFLOPS  (240 regs, 5.9s)
[44/64] -DMBAR_EARLY=1 -DN_STAGES=5 ... 3.072 ms / 1426 TFLOPS  (240 regs, 5.9s)
[45/64] -DMBAR_EARLY=1 -DN_STAGES=5 -DSTAGGER_CYCLES=100 ... 3.028 ms / 1446 TFLOPS  (240 regs, 6.0s)
[46/64] -DMBAR_EARLY=1 -DN_STAGES=5 -DSTAGGER_CYCLES=120 ... 3.018 ms / 1451 TFLOPS  (240 regs, 6.0s)
[47/64] -DMBAR_EARLY=1 -DN_STAGES=5 -DSTAGGER_CYCLES=160 ... 3.031 ms / 1445 TFLOPS  (240 regs, 6.0s)
[48/64] -DMBAR_EARLY=1 -DN_STAGES=5 -DSTAGGER_CYCLES=200 ... 2.991 ms / 1464 TFLOPS  (240 regs, 6.1s)
[49/64] -DINTERLEAVE_STRATEGY=3 -DN_STAGES=5 -DSTAGGER_CYCLES=0 ... 2.826 ms / 1550 TFLOPS  (242 regs, 5.9s)
[50/64] -DINTERLEAVE_STRATEGY=3 -DN_STAGES=5 -DSTAGGER_CYCLES=40 ... 2.754 ms / 1591 TFLOPS  (240 regs, 6.0s)
[51/64] -DINTERLEAVE_STRATEGY=3 -DN_STAGES=5 -DSTAGGER_CYCLES=60 ... 2.786 ms / 1572 TFLOPS  (240 regs, 6.0s)
[52/64] -DINTERLEAVE_STRATEGY=3 -DN_STAGES=5 ... 2.803 ms / 1563 TFLOPS  (240 regs, 6.0s)
[53/64] -DINTERLEAVE_STRATEGY=3 -DN_STAGES=5 -DSTAGGER_CYCLES=100 ... 2.764 ms / 1585 TFLOPS  (240 regs, 5.9s)
[54/64] -DINTERLEAVE_STRATEGY=3 -DN_STAGES=5 -DSTAGGER_CYCLES=120 ... 2.811 ms / 1558 TFLOPS  (240 regs, 5.9s)
[55/64] -DINTERLEAVE_STRATEGY=3 -DN_STAGES=5 -DSTAGGER_CYCLES=160 ... 2.775 ms / 1578 TFLOPS  (240 regs, 5.8s)
[56/64] -DINTERLEAVE_STRATEGY=3 -DN_STAGES=5 -DSTAGGER_CYCLES=200 ... 2.832 ms / 1547 TFLOPS  (240 regs, 5.9s)
[57/64] -DINTERLEAVE_STRATEGY=3 -DMBAR_EARLY=1 -DN_STAGES=5 -DSTAGGER_CYCLES=0 ... 2.753 ms / 1591 TFLOPS  (242 regs, 5.9s)
[58/64] -DINTERLEAVE_STRATEGY=3 -DMBAR_EARLY=1 -DN_STAGES=5 -DSTAGGER_CYCLES=40 ... 2.803 ms / 1563 TFLOPS  (240 regs, 5.9s)
[59/64] -DINTERLEAVE_STRATEGY=3 -DMBAR_EARLY=1 -DN_STAGES=5 -DSTAGGER_CYCLES=60 ... 2.801 ms / 1564 TFLOPS  (240 regs, 6.0s)
[60/64] -DINTERLEAVE_STRATEGY=3 -DMBAR_EARLY=1 -DN_STAGES=5 ... 2.788 ms / 1571 TFLOPS  (240 regs, 5.9s)
[61/64] -DINTERLEAVE_STRATEGY=3 -DMBAR_EARLY=1 -DN_STAGES=5 -DSTAGGER_CYCLES=100 ... 2.809 ms / 1559 TFLOPS  (240 regs, 5.8s)
[62/64] -DINTERLEAVE_STRATEGY=3 -DMBAR_EARLY=1 -DN_STAGES=5 -DSTAGGER_CYCLES=120 ... 2.810 ms / 1559 TFLOPS  (240 regs, 6.0s)
[63/64] -DINTERLEAVE_STRATEGY=3 -DMBAR_EARLY=1 -DN_STAGES=5 -DSTAGGER_CYCLES=160 ... 2.792 ms / 1569 TFLOPS  (240 regs, 5.9s)
[64/64] -DINTERLEAVE_STRATEGY=3 -DMBAR_EARLY=1 -DN_STAGES=5 -DSTAGGER_CYCLES=200 ... 2.815 ms / 1556 TFLOPS  (240 regs, 6.0s)
  Branch 2/2: (defaults)
Sweep: 128 total, 64 valid, 64 pruned
Estimated time: ~5 min (64 configs × ~5s each)

[1/64] -DINTERLEAVE_STRATEGY=0 -DSTAGGER_CYCLES=0 ... 3.229 ms / 1356 TFLOPS  (242 regs, 6.0s)
[2/64] -DINTERLEAVE_STRATEGY=0 -DSTAGGER_CYCLES=40 ... 3.188 ms / 1374 TFLOPS  (242 regs, 6.1s)
[3/64] -DINTERLEAVE_STRATEGY=0 -DSTAGGER_CYCLES=60 ... 3.209 ms / 1365 TFLOPS  (242 regs, 6.0s)
[4/64] -DINTERLEAVE_STRATEGY=0 ... 3.207 ms / 1366 TFLOPS  (242 regs, 5.9s)
[5/64] -DINTERLEAVE_STRATEGY=0 -DSTAGGER_CYCLES=100 ... 3.237 ms / 1353 TFLOPS  (242 regs, 5.9s)
[6/64] -DINTERLEAVE_STRATEGY=0 -DSTAGGER_CYCLES=120 ... 3.267 ms / 1341 TFLOPS  (242 regs, 5.9s)
[7/64] -DINTERLEAVE_STRATEGY=0 -DSTAGGER_CYCLES=160 ... 3.216 ms / 1362 TFLOPS  (242 regs, 5.9s)
[8/64] -DINTERLEAVE_STRATEGY=0 -DSTAGGER_CYCLES=200 ... 3.210 ms / 1365 TFLOPS  (242 regs, 5.9s)
[9/64] -DINTERLEAVE_STRATEGY=0 -DMBAR_EARLY=1 -DSTAGGER_CYCLES=0 ... 3.110 ms / 1408 TFLOPS  (241 regs, 5.9s)
[10/64] -DINTERLEAVE_STRATEGY=0 -DMBAR_EARLY=1 -DSTAGGER_CYCLES=40 ... 3.241 ms / 1352 TFLOPS  (240 regs, 5.9s)
[11/64] -DINTERLEAVE_STRATEGY=0 -DMBAR_EARLY=1 -DSTAGGER_CYCLES=60 ... 3.177 ms / 1379 TFLOPS  (240 regs, 5.9s)
[12/64] -DINTERLEAVE_STRATEGY=0 -DMBAR_EARLY=1 ... 3.199 ms / 1369 TFLOPS  (240 regs, 6.0s)
[13/64] -DINTERLEAVE_STRATEGY=0 -DMBAR_EARLY=1 -DSTAGGER_CYCLES=100 ... 3.202 ms / 1368 TFLOPS  (240 regs, 6.0s)
[14/64] -DINTERLEAVE_STRATEGY=0 -DMBAR_EARLY=1 -DSTAGGER_CYCLES=120 ... 3.155 ms / 1388 TFLOPS  (240 regs, 5.9s)
[15/64] -DINTERLEAVE_STRATEGY=0 -DMBAR_EARLY=1 -DSTAGGER_CYCLES=160 ... 3.192 ms / 1372 TFLOPS  (240 regs, 5.8s)
[16/64] -DINTERLEAVE_STRATEGY=0 -DMBAR_EARLY=1 -DSTAGGER_CYCLES=200 ... 3.172 ms / 1381 TFLOPS  (240 regs, 5.9s)
[17/64] -DINTERLEAVE_STRATEGY=1 -DSTAGGER_CYCLES=0 ... 2.994 ms / 1463 TFLOPS  (242 regs, 5.9s)
[18/64] -DINTERLEAVE_STRATEGY=1 -DSTAGGER_CYCLES=40 ... 3.009 ms / 1455 TFLOPS  (242 regs, 5.9s)
[19/64] -DINTERLEAVE_STRATEGY=1 -DSTAGGER_CYCLES=60 ... 2.977 ms / 1471 TFLOPS  (242 regs, 5.9s)
[20/64] -DINTERLEAVE_STRATEGY=1 ... 2.937 ms / 1491 TFLOPS  (242 regs, 5.9s)
[21/64] -DINTERLEAVE_STRATEGY=1 -DSTAGGER_CYCLES=100 ... 2.927 ms / 1496 TFLOPS  (242 regs, 5.9s)
[22/64] -DINTERLEAVE_STRATEGY=1 -DSTAGGER_CYCLES=120 ... 2.952 ms / 1484 TFLOPS  (242 regs, 6.0s)
[23/64] -DINTERLEAVE_STRATEGY=1 -DSTAGGER_CYCLES=160 ... 2.909 ms / 1506 TFLOPS  (242 regs, 5.9s)
[24/64] -DINTERLEAVE_STRATEGY=1 -DSTAGGER_CYCLES=200 ... 2.916 ms / 1502 TFLOPS  (242 regs, 5.9s)
[25/64] -DINTERLEAVE_STRATEGY=1 -DMBAR_EARLY=1 -DSTAGGER_CYCLES=0 ... 2.971 ms / 1474 TFLOPS  (241 regs, 5.9s)
[26/64] -DINTERLEAVE_STRATEGY=1 -DMBAR_EARLY=1 -DSTAGGER_CYCLES=40 ... 2.967 ms / 1476 TFLOPS  (240 regs, 5.9s)
[27/64] -DINTERLEAVE_STRATEGY=1 -DMBAR_EARLY=1 -DSTAGGER_CYCLES=60 ... 2.960 ms / 1480 TFLOPS  (240 regs, 6.0s)
[28/64] -DINTERLEAVE_STRATEGY=1 -DMBAR_EARLY=1 ... 2.937 ms / 1492 TFLOPS  (240 regs, 5.9s)
[29/64] -DINTERLEAVE_STRATEGY=1 -DMBAR_EARLY=1 -DSTAGGER_CYCLES=100 ... 2.903 ms / 1509 TFLOPS  (240 regs, 5.9s)
[30/64] -DINTERLEAVE_STRATEGY=1 -DMBAR_EARLY=1 -DSTAGGER_CYCLES=120 ... 2.897 ms / 1512 TFLOPS  (240 regs, 5.9s)
[31/64] -DINTERLEAVE_STRATEGY=1 -DMBAR_EARLY=1 -DSTAGGER_CYCLES=160 ... 2.882 ms / 1520 TFLOPS  (240 regs, 5.8s)
[32/64] -DINTERLEAVE_STRATEGY=1 -DMBAR_EARLY=1 -DSTAGGER_CYCLES=200 ... 2.895 ms / 1513 TFLOPS  (240 regs, 5.9s)
[33/64] -DSTAGGER_CYCLES=0 ... 3.078 ms / 1423 TFLOPS  (242 regs, 5.9s)
[34/64] -DSTAGGER_CYCLES=40 ... 3.056 ms / 1433 TFLOPS  (242 regs, 5.9s)
[35/64] -DSTAGGER_CYCLES=60 ... 3.074 ms / 1425 TFLOPS  (242 regs, 6.0s)
[36/64] (defaults) ... 3.051 ms / 1436 TFLOPS  (242 regs, 6.0s)
[37/64] -DSTAGGER_CYCLES=100 ... 3.080 ms / 1422 TFLOPS  (242 regs, 6.0s)
[38/64] -DSTAGGER_CYCLES=120 ... 3.080 ms / 1422 TFLOPS  (242 regs, 6.0s)
[39/64] -DSTAGGER_CYCLES=160 ... 3.028 ms / 1447 TFLOPS  (242 regs, 6.0s)
[40/64] -DSTAGGER_CYCLES=200 ... 3.024 ms / 1449 TFLOPS  (242 regs, 5.8s)
[41/64] -DMBAR_EARLY=1 -DSTAGGER_CYCLES=0 ... 3.086 ms / 1419 TFLOPS  (241 regs, 5.9s)
[42/64] -DMBAR_EARLY=1 -DSTAGGER_CYCLES=40 ... 3.101 ms / 1412 TFLOPS  (240 regs, 5.9s)
[43/64] -DMBAR_EARLY=1 -DSTAGGER_CYCLES=60 ... 3.119 ms / 1404 TFLOPS  (240 regs, 5.9s)
[44/64] -DMBAR_EARLY=1 ... 3.062 ms / 1430 TFLOPS  (240 regs, 6.0s)
[45/64] -DMBAR_EARLY=1 -DSTAGGER_CYCLES=100 ... 3.110 ms / 1408 TFLOPS  (240 regs, 5.9s)
[46/64] -DMBAR_EARLY=1 -DSTAGGER_CYCLES=120 ... 3.090 ms / 1418 TFLOPS  (240 regs, 5.9s)
[47/64] -DMBAR_EARLY=1 -DSTAGGER_CYCLES=160 ... 3.070 ms / 1427 TFLOPS  (240 regs, 5.8s)
[48/64] -DMBAR_EARLY=1 -DSTAGGER_CYCLES=200 ... 3.097 ms / 1414 TFLOPS  (240 regs, 6.0s)
[49/64] -DINTERLEAVE_STRATEGY=3 -DSTAGGER_CYCLES=0 ... 2.849 ms / 1537 TFLOPS  (243 regs, 5.9s)
[50/64] -DINTERLEAVE_STRATEGY=3 -DSTAGGER_CYCLES=40 ... 2.825 ms / 1550 TFLOPS  (242 regs, 5.9s)
[51/64] -DINTERLEAVE_STRATEGY=3 -DSTAGGER_CYCLES=60 ... 2.770 ms / 1581 TFLOPS  (242 regs, 5.9s)
[52/64] -DINTERLEAVE_STRATEGY=3 ... 2.807 ms / 1560 TFLOPS  (242 regs, 6.0s)
[53/64] -DINTERLEAVE_STRATEGY=3 -DSTAGGER_CYCLES=100 ... 2.792 ms / 1569 TFLOPS  (242 regs, 5.9s)
[54/64] -DINTERLEAVE_STRATEGY=3 -DSTAGGER_CYCLES=120 ... 2.784 ms / 1573 TFLOPS  (242 regs, 5.9s)
[55/64] -DINTERLEAVE_STRATEGY=3 -DSTAGGER_CYCLES=160 ... 2.777 ms / 1577 TFLOPS  (242 regs, 6.0s)
[56/64] -DINTERLEAVE_STRATEGY=3 -DSTAGGER_CYCLES=200 ... 2.797 ms / 1566 TFLOPS  (242 regs, 5.9s)
[57/64] -DINTERLEAVE_STRATEGY=3 -DMBAR_EARLY=1 -DSTAGGER_CYCLES=0 ... 2.882 ms / 1520 TFLOPS  (242 regs, 5.9s)
[58/64] -DINTERLEAVE_STRATEGY=3 -DMBAR_EARLY=1 -DSTAGGER_CYCLES=40 ... 2.887 ms / 1517 TFLOPS  (242 regs, 5.9s)
[59/64] -DINTERLEAVE_STRATEGY=3 -DMBAR_EARLY=1 -DSTAGGER_CYCLES=60 ... 2.843 ms / 1541 TFLOPS  (242 regs, 5.9s)
[60/64] -DINTERLEAVE_STRATEGY=3 -DMBAR_EARLY=1 ... 2.841 ms / 1542 TFLOPS  (242 regs, 5.9s)
[61/64] -DINTERLEAVE_STRATEGY=3 -DMBAR_EARLY=1 -DSTAGGER_CYCLES=100 ... 2.863 ms / 1530 TFLOPS  (242 regs, 5.9s)
[62/64] -DINTERLEAVE_STRATEGY=3 -DMBAR_EARLY=1 -DSTAGGER_CYCLES=120 ... 2.859 ms / 1532 TFLOPS  (242 regs, 6.0s)
[63/64] -DINTERLEAVE_STRATEGY=3 -DMBAR_EARLY=1 -DSTAGGER_CYCLES=160 ... 2.831 ms / 1547 TFLOPS  (242 regs, 6.0s)
[64/64] -DINTERLEAVE_STRATEGY=3 -DMBAR_EARLY=1 -DSTAGGER_CYCLES=200 ... 2.837 ms / 1544 TFLOPS  (242 regs, 5.8s)
  η²: INTERLEAVE_STRATEGY=0.871, MBAR_EARLY=0.001, STAGGER_CYCLES=0.004

Tier 2 winner (top-3): -DINTERLEAVE_STRATEGY=3 -DK_LOOP_UNROLL=5 -DMBAR_EARLY=1 -DN_STAGES=5 -DSTAGGER_CYCLES=0 → 2.753 ms / 1591 TFLOPS
  #2: -DINTERLEAVE_STRATEGY=3 -DK_LOOP_UNROLL=5 -DN_STAGES=5 -DSTAGGER_CYCLES=40 → 2.754 ms / 1591 TFLOPS
  #3: -DINTERLEAVE_STRATEGY=3 -DK_LOOP_UNROLL=5 -DN_STAGES=5 -DSTAGGER_CYCLES=100 → 2.764 ms / 1585 TFLOPS

=== Tier 3: PHASE1_UNROLL, SNAKE_ORDER, CVT_ADD_FUSED, K_LOOP_UNROLL, W0_LOOP_UNROLL, SUB_MMA_UNROLL ===
  Branch 1/3: -DINTERLEAVE_STRATEGY=3 -DMBAR_EARLY=1 -DN_STAGES=5 -DSTAGGER_CYCLES=0
Sweep: 540 total, 270 valid, 270 pruned
Estimated time: ~22 min (270 configs × ~5s each)

[1/270] -DINTERLEAVE_STRATEGY=3 -DK_LOOP_UNROLL=1 -DMBAR_EARLY=1 -DN_STAGES=5 -DPHASE1_UNROLL=1 -DSNAKE_ORDER=0 -DSTAGGER_CYCLES=0 ... 3.845 ms / 1139 TFLOPS  (175 regs, 5.9s)
[2/270] -DINTERLEAVE_STRATEGY=3 -DK_LOOP_UNROLL=1 -DMBAR_EARLY=1 -DN_STAGES=5 -DPHASE1_UNROLL=1 -DSNAKE_ORDER=0 -DSTAGGER_CYCLES=0 -DW0_LOOP_UNROLL=1 ... 3.817 ms / 1148 TFLOPS  (150 regs, 5.9s)
[3/270] -DINTERLEAVE_STRATEGY=3 -DK_LOOP_UNROLL=1 -DMBAR_EARLY=1 -DN_STAGES=5 -DPHASE1_UNROLL=1 -DSNAKE_ORDER=0 -DSTAGGER_CYCLES=0 -DW0_LOOP_UNROLL=4 ... 3.833 ms / 1143 TFLOPS  (150 regs, 5.9s)
[4/270] -DINTERLEAVE_STRATEGY=3 -DK_LOOP_UNROLL=1 -DMBAR_EARLY=1 -DN_STAGES=5 -DPHASE1_UNROLL=1 -DSNAKE_ORDER=0 -DSTAGGER_CYCLES=0 -DSUB_MMA_UNROLL=1 ... 3.833 ms / 1143 TFLOPS  (167 regs, 5.8s)
[5/270] -DINTERLEAVE_STRATEGY=3 -DK_LOOP_UNROLL=1 -DMBAR_EARLY=1 -DN_STAGES=5 -DPHASE1_UNROLL=1 -DSNAKE_ORDER=0 -DSTAGGER_CYCLES=0 -DSUB_MMA_UNROLL=1 -DW0_LOOP_UNROLL=1 ... 3.803 ms / 1152 TFLOPS  (142 regs, 5.9s)
[6/270] -DINTERLEAVE_STRATEGY=3 -DK_LOOP_UNROLL=1 -DMBAR_EARLY=1 -DN_STAGES=5 -DPHASE1_UNROLL=1 -DSNAKE_ORDER=0 -DSTAGGER_CYCLES=0 -DSUB_MMA_UNROLL=1 -DW0_LOOP_UNROLL=4 ... 3.830 ms / 1144 TFLOPS  (142 regs, 5.9s)
[7/270] -DINTERLEAVE_STRATEGY=3 -DK_LOOP_UNROLL=1 -DMBAR_EARLY=1 -DN_STAGES=5 -DPHASE1_UNROLL=1 -DSNAKE_ORDER=0 -DSTAGGER_CYCLES=0 -DSUB_MMA_UNROLL=3 ... 3.845 ms / 1139 TFLOPS  (175 regs, 5.9s)
[8/270] -DINTERLEAVE_STRATEGY=3 -DK_LOOP_UNROLL=1 -DMBAR_EARLY=1 -DN_STAGES=5 -DPHASE1_UNROLL=1 -DSNAKE_ORDER=0 -DSTAGGER_CYCLES=0 -DSUB_MMA_UNROLL=3 -DW0_LOOP_UNROLL=1 ... 3.816 ms / 1148 TFLOPS  (150 regs, 5.9s)
[9/270] -DINTERLEAVE_STRATEGY=3 -DK_LOOP_UNROLL=1 -DMBAR_EARLY=1 -DN_STAGES=5 -DPHASE1_UNROLL=1 -DSNAKE_ORDER=0 -DSTAGGER_CYCLES=0 -DSUB_MMA_UNROLL=3 -DW0_LOOP_UNROLL=4 ... 3.831 ms / 1143 TFLOPS  (150 regs, 6.0s)
[10/270] -DINTERLEAVE_STRATEGY=3 -DK_LOOP_UNROLL=1 -DMBAR_EARLY=1 -DN_STAGES=5 -DPHASE1_UNROLL=1 -DSTAGGER_CYCLES=0 ... 3.302 ms / 1327 TFLOPS  (175 regs, 6.0s)
[11/270] -DINTERLEAVE_STRATEGY=3 -DK_LOOP_UNROLL=1 -DMBAR_EARLY=1 -DN_STAGES=5 -DPHASE1_UNROLL=1 -DSTAGGER_CYCLES=0 -DW0_LOOP_UNROLL=1 ... 3.235 ms / 1354 TFLOPS  (152 regs, 6.1s)
[12/270] -DINTERLEAVE_STRATEGY=3 -DK_LOOP_UNROLL=1 -DMBAR_EARLY=1 -DN_STAGES=5 -DPHASE1_UNROLL=1 -DSTAGGER_CYCLES=0 -DW0_LOOP_UNROLL=4 ... 3.241 ms / 1351 TFLOPS  (152 regs, 5.9s)
[13/270] -DINTERLEAVE_STRATEGY=3 -DK_LOOP_UNROLL=1 -DMBAR_EARLY=1 -DN_STAGES=5 -DPHASE1_UNROLL=1 -DSTAGGER_CYCLES=0 -DSUB_MMA_UNROLL=1 ... 3.290 ms / 1331 TFLOPS  (167 regs, 6.1s)
[14/270] -DINTERLEAVE_STRATEGY=3 -DK_LOOP_UNROLL=1 -DMBAR_EARLY=1 -DN_STAGES=5 -DPHASE1_UNROLL=1 -DSTAGGER_CYCLES=0 -DSUB_MMA_UNROLL=1 -DW0_LOOP_UNROLL=1 ... 3.316 ms / 1321 TFLOPS  (144 regs, 6.0s)
[15/270] -DINTERLEAVE_STRATEGY=3 -DK_LOOP_UNROLL=1 -DMBAR_EARLY=1 -DN_STAGES=5 -DPHASE1_UNROLL=1 -DSTAGGER_CYCLES=0 -DSUB_MMA_UNROLL=1 -DW0_LOOP_UNROLL=4 ... 3.309 ms / 1324 TFLOPS  (144 regs, 6.1s)
[16/270] -DINTERLEAVE_STRATEGY=3 -DK_LOOP_UNROLL=1 -DMBAR_EARLY=1 -DN_STAGES=5 -DPHASE1_UNROLL=1 -DSTAGGER_CYCLES=0 -DSUB_MMA_UNROLL=3 ... 3.278 ms / 1336 TFLOPS  (175 regs, 6.1s)
[17/270] -DINTERLEAVE_STRATEGY=3 -DK_LOOP_UNROLL=1 -DMBAR_EARLY=1 -DN_STAGES=5 -DPHASE1_UNROLL=1 -DSTAGGER_CYCLES=0 -DSUB_MMA_UNROLL=3 -DW0_LOOP_UNROLL=1 ... 3.283 ms / 1334 TFLOPS  (152 regs, 6.0s)
[18/270] -DINTERLEAVE_STRATEGY=3 -DK_LOOP_UNROLL=1 -DMBAR_EARLY=1 -DN_STAGES=5 -DPHASE1_UNROLL=1 -DSTAGGER_CYCLES=0 -DSUB_MMA_UNROLL=3 -DW0_LOOP_UNROLL=4 ... 3.198 ms / 1370 TFLOPS  (152 regs, 6.1s)
[19/270] -DINTERLEAVE_STRATEGY=3 -DK_LOOP_UNROLL=1 -DMBAR_EARLY=1 -DN_STAGES=5 -DSNAKE_ORDER=0 -DSTAGGER_CYCLES=0 ... 3.233 ms / 1355 TFLOPS  (214 regs, 6.1s)
[20/270] -DINTERLEAVE_STRATEGY=3 -DK_LOOP_UNROLL=1 -DMBAR_EARLY=1 -DN_STAGES=5 -DSNAKE_ORDER=0 -DSTAGGER_CYCLES=0 -DW0_LOOP_UNROLL=1 ... 3.350 ms / 1307 TFLOPS  (198 regs, 6.1s)
[21/270] -DINTERLEAVE_STRATEGY=3 -DK_LOOP_UNROLL=1 -DMBAR_EARLY=1 -DN_STAGES=5 -DSNAKE_ORDER=0 -DSTAGGER_CYCLES=0 -DW0_LOOP_UNROLL=4 ... 3.369 ms / 1300 TFLOPS  (198 regs, 6.1s)
[22/270] -DINTERLEAVE_STRATEGY=3 -DK_LOOP_UNROLL=1 -DMBAR_EARLY=1 -DN_STAGES=5 -DSNAKE_ORDER=0 -DSTAGGER_CYCLES=0 -DSUB_MMA_UNROLL=1 ... 3.089 ms / 1418 TFLOPS  (215 regs, 6.1s)
[23/270] -DINTERLEAVE_STRATEGY=3 -DK_LOOP_UNROLL=1 -DMBAR_EARLY=1 -DN_STAGES=5 -DSNAKE_ORDER=0 -DSTAGGER_CYCLES=0 -DSUB_MMA_UNROLL=1 -DW0_LOOP_UNROLL=1 ... 3.113 ms / 1407 TFLOPS  (188 regs, 6.1s)
[24/270] -DINTERLEAVE_STRATEGY=3 -DK_LOOP_UNROLL=1 -DMBAR_EARLY=1 -DN_STAGES=5 -DSNAKE_ORDER=0 -DSTAGGER_CYCLES=0 -DSUB_MMA_UNROLL=1 -DW0_LOOP_UNROLL=4 ... 3.103 ms / 1412 TFLOPS  (188 regs, 6.0s)
[25/270] -DINTERLEAVE_STRATEGY=3 -DK_LOOP_UNROLL=1 -DMBAR_EARLY=1 -DN_STAGES=5 -DSNAKE_ORDER=0 -DSTAGGER_CYCLES=0 -DSUB_MMA_UNROLL=3 ... 3.230 ms / 1356 TFLOPS  (214 regs, 6.1s)
[26/270] -DINTERLEAVE_STRATEGY=3 -DK_LOOP_UNROLL=1 -DMBAR_EARLY=1 -DN_STAGES=5 -DSNAKE_ORDER=0 -DSTAGGER_CYCLES=0 -DSUB_MMA_UNROLL=3 -DW0_LOOP_UNROLL=1 ... 3.347 ms / 1309 TFLOPS  (198 regs, 6.1s)
[27/270] -DINTERLEAVE_STRATEGY=3 -DK_LOOP_UNROLL=1 -DMBAR_EARLY=1 -DN_STAGES=5 -DSNAKE_ORDER=0 -DSTAGGER_CYCLES=0 -DSUB_MMA_UNROLL=3 -DW0_LOOP_UNROLL=4 ... 3.371 ms / 1299 TFLOPS  (198 regs, 6.1s)
[28/270] -DINTERLEAVE_STRATEGY=3 -DK_LOOP_UNROLL=1 -DMBAR_EARLY=1 -DN_STAGES=5 -DSTAGGER_CYCLES=0 ... 2.839 ms / 1543 TFLOPS  (216 regs, 6.0s)
[29/270] -DINTERLEAVE_STRATEGY=3 -DK_LOOP_UNROLL=1 -DMBAR_EARLY=1 -DN_STAGES=5 -DSTAGGER_CYCLES=0 -DW0_LOOP_UNROLL=1 ... 2.927 ms / 1496 TFLOPS  (198 regs, 6.0s)
[30/270] -DINTERLEAVE_STRATEGY=3 -DK_LOOP_UNROLL=1 -DMBAR_EARLY=1 -DN_STAGES=5 -DSTAGGER_CYCLES=0 -DW0_LOOP_UNROLL=4 ... 2.912 ms / 1504 TFLOPS  (198 regs, 6.0s)
[31/270] -DINTERLEAVE_STRATEGY=3 -DK_LOOP_UNROLL=1 -DMBAR_EARLY=1 -DN_STAGES=5 -DSTAGGER_CYCLES=0 -DSUB_MMA_UNROLL=1 ... 2.878 ms / 1522 TFLOPS  (215 regs, 6.0s)
[32/270] -DINTERLEAVE_STRATEGY=3 -DK_LOOP_UNROLL=1 -DMBAR_EARLY=1 -DN_STAGES=5 -DSTAGGER_CYCLES=0 -DSUB_MMA_UNROLL=1 -DW0_LOOP_UNROLL=1 ... 2.853 ms / 1535 TFLOPS  (188 regs, 6.0s)
[33/270] -DINTERLEAVE_STRATEGY=3 -DK_LOOP_UNROLL=1 -DMBAR_EARLY=1 -DN_STAGES=5 -DSTAGGER_CYCLES=0 -DSUB_MMA_UNROLL=1 -DW0_LOOP_UNROLL=4 ... 2.858 ms / 1532 TFLOPS  (188 regs, 6.0s)
[34/270] -DINTERLEAVE_STRATEGY=3 -DK_LOOP_UNROLL=1 -DMBAR_EARLY=1 -DN_STAGES=5 -DSTAGGER_CYCLES=0 -DSUB_MMA_UNROLL=3 ... 2.810 ms / 1559 TFLOPS  (216 regs, 6.0s)
[35/270] -DINTERLEAVE_STRATEGY=3 -DK_LOOP_UNROLL=1 -DMBAR_EARLY=1 -DN_STAGES=5 -DSTAGGER_CYCLES=0 -DSUB_MMA_UNROLL=3 -DW0_LOOP_UNROLL=1 ... 2.884 ms / 1519 TFLOPS  (198 regs, 5.8s)
[36/270] -DINTERLEAVE_STRATEGY=3 -DK_LOOP_UNROLL=1 -DMBAR_EARLY=1 -DN_STAGES=5 -DSTAGGER_CYCLES=0 -DSUB_MMA_UNROLL=3 -DW0_LOOP_UNROLL=4 ... 2.896 ms / 1512 TFLOPS  (198 regs, 6.1s)
[37/270] -DINTERLEAVE_STRATEGY=3 -DK_LOOP_UNROLL=1 -DMBAR_EARLY=1 -DN_STAGES=5 -DPHASE1_UNROLL=4 -DSNAKE_ORDER=0 -DSTAGGER_CYCLES=0 ... 3.191 ms / 1372 TFLOPS  (220 regs, 6.1s)
[38/270] -DINTERLEAVE_STRATEGY=3 -DK_LOOP_UNROLL=1 -DMBAR_EARLY=1 -DN_STAGES=5 -DPHASE1_UNROLL=4 -DSNAKE_ORDER=0 -DSTAGGER_CYCLES=0 -DW0_LOOP_UNROLL=1 ... 3.119 ms / 1404 TFLOPS  (198 regs, 6.0s)
[39/270] -DINTERLEAVE_STRATEGY=3 -DK_LOOP_UNROLL=1 -DMBAR_EARLY=1 -DN_STAGES=5 -DPHASE1_UNROLL=4 -DSNAKE_ORDER=0 -DSTAGGER_CYCLES=0 -DW0_LOOP_UNROLL=4 ... 3.179 ms / 1378 TFLOPS  (198 regs, 6.1s)
[40/270] -DINTERLEAVE_STRATEGY=3 -DK_LOOP_UNROLL=1 -DMBAR_EARLY=1 -DN_STAGES=5 -DPHASE1_UNROLL=4 -DSNAKE_ORDER=0 -DSTAGGER_CYCLES=0 -DSUB_MMA_UNROLL=1 ... 3.114 ms / 1406 TFLOPS  (214 regs, 6.0s)
[41/270] -DINTERLEAVE_STRATEGY=3 -DK_LOOP_UNROLL=1 -DMBAR_EARLY=1 -DN_STAGES=5 -DPHASE1_UNROLL=4 -DSNAKE_ORDER=0 -DSTAGGER_CYCLES=0 -DSUB_MMA_UNROLL=1 -DW0_LOOP_UNROLL=1 ... 3.052 ms / 1435 TFLOPS  (190 regs, 6.1s)
[42/270] -DINTERLEAVE_STRATEGY=3 -DK_LOOP_UNROLL=1 -DMBAR_EARLY=1 -DN_STAGES=5 -DPHASE1_UNROLL=4 -DSNAKE_ORDER=0 -DSTAGGER_CYCLES=0 -DSUB_MMA_UNROLL=1 -DW0_LOOP_UNROLL=4 ... 3.072 ms / 1426 TFLOPS  (190 regs, 5.9s)
[43/270] -DINTERLEAVE_STRATEGY=3 -DK_LOOP_UNROLL=1 -DMBAR_EARLY=1 -DN_STAGES=5 -DPHASE1_UNROLL=4 -DSNAKE_ORDER=0 -DSTAGGER_CYCLES=0 -DSUB_MMA_UNROLL=3 ... 3.188 ms / 1374 TFLOPS  (220 regs, 6.0s)
[44/270] -DINTERLEAVE_STRATEGY=3 -DK_LOOP_UNROLL=1 -DMBAR_EARLY=1 -DN_STAGES=5 -DPHASE1_UNROLL=4 -DSNAKE_ORDER=0 -DSTAGGER_CYCLES=0 -DSUB_MMA_UNROLL=3 -DW0_LOOP_UNROLL=1 ... 3.123 ms / 1403 TFLOPS  (198 regs, 5.9s)
[45/270] -DINTERLEAVE_STRATEGY=3 -DK_LOOP_UNROLL=1 -DMBAR_EARLY=1 -DN_STAGES=5 -DPHASE1_UNROLL=4 -DSNAKE_ORDER=0 -DSTAGGER_CYCLES=0 -DSUB_MMA_UNROLL=3 -DW0_LOOP_UNROLL=4 ... 3.178 ms / 1378 TFLOPS  (198 regs, 6.0s)
[46/270] -DINTERLEAVE_STRATEGY=3 -DK_LOOP_UNROLL=1 -DMBAR_EARLY=1 -DN_STAGES=5 -DPHASE1_UNROLL=4 -DSTAGGER_CYCLES=0 ... 2.813 ms / 1557 TFLOPS  (220 regs, 6.0s)
[47/270] -DINTERLEAVE_STRATEGY=3 -DK_LOOP_UNROLL=1 -DMBAR_EARLY=1 -DN_STAGES=5 -DPHASE1_UNROLL=4 -DSTAGGER_CYCLES=0 -DW0_LOOP_UNROLL=1 ... 2.777 ms / 1577 TFLOPS  (198 regs, 6.0s)
[48/270] -DINTERLEAVE_STRATEGY=3 -DK_LOOP_UNROLL=1 -DMBAR_EARLY=1 -DN_STAGES=5 -DPHASE1_UNROLL=4 -DSTAGGER_CYCLES=0 -DW0_LOOP_UNROLL=4 ... 2.802 ms / 1563 TFLOPS  (198 regs, 6.1s)
[49/270] -DINTERLEAVE_STRATEGY=3 -DK_LOOP_UNROLL=1 -DMBAR_EARLY=1 -DN_STAGES=5 -DPHASE1_UNROLL=4 -DSTAGGER_CYCLES=0 -DSUB_MMA_UNROLL=1 ... 2.845 ms / 1540 TFLOPS  (214 regs, 6.1s)
[50/270] -DINTERLEAVE_STRATEGY=3 -DK_LOOP_UNROLL=1 -DMBAR_EARLY=1 -DN_STAGES=5 -DPHASE1_UNROLL=4 -DSTAGGER_CYCLES=0 -DSUB_MMA_UNROLL=1 -DW0_LOOP_UNROLL=1 ... 2.739 ms / 1599 TFLOPS  (190 regs, 6.0s)
[51/270] -DINTERLEAVE_STRATEGY=3 -DK_LOOP_UNROLL=1 -DMBAR_EARLY=1 -DN_STAGES=5 -DPHASE1_UNROLL=4 -DSTAGGER_CYCLES=0 -DSUB_MMA_UNROLL=1 -DW0_LOOP_UNROLL=4 ... 2.786 ms / 1572 TFLOPS  (190 regs, 6.0s)
[52/270] -DINTERLEAVE_STRATEGY=3 -DK_LOOP_UNROLL=1 -DMBAR_EARLY=1 -DN_STAGES=5 -DPHASE1_UNROLL=4 -DSTAGGER_CYCLES=0 -DSUB_MMA_UNROLL=3 ... 2.777 ms / 1577 TFLOPS  (220 regs, 6.0s)
[53/270] -DINTERLEAVE_STRATEGY=3 -DK_LOOP_UNROLL=1 -DMBAR_EARLY=1 -DN_STAGES=5 -DPHASE1_UNROLL=4 -DSTAGGER_CYCLES=0 -DSUB_MMA_UNROLL=3 -DW0_LOOP_UNROLL=1 ... 2.770 ms / 1581 TFLOPS  (198 regs, 6.1s)
[54/270] -DINTERLEAVE_STRATEGY=3 -DK_LOOP_UNROLL=1 -DMBAR_EARLY=1 -DN_STAGES=5 -DPHASE1_UNROLL=4 -DSTAGGER_CYCLES=0 -DSUB_MMA_UNROLL=3 -DW0_LOOP_UNROLL=4 ... 2.792 ms / 1569 TFLOPS  (198 regs, 6.0s)
[55/270] -DINTERLEAVE_STRATEGY=3 -DK_LOOP_UNROLL=2 -DMBAR_EARLY=1 -DN_STAGES=5 -DPHASE1_UNROLL=1 -DSNAKE_ORDER=0 -DSTAGGER_CYCLES=0 ... 3.839 ms / 1141 TFLOPS  (175 regs, 5.8s)
[56/270] -DINTERLEAVE_STRATEGY=3 -DK_LOOP_UNROLL=2 -DMBAR_EARLY=1 -DN_STAGES=5 -DPHASE1_UNROLL=1 -DSNAKE_ORDER=0 -DSTAGGER_CYCLES=0 -DW0_LOOP_UNROLL=1 ... 3.834 ms / 1142 TFLOPS  (150 regs, 5.9s)
[57/270] -DINTERLEAVE_STRATEGY=3 -DK_LOOP_UNROLL=2 -DMBAR_EARLY=1 -DN_STAGES=5 -DPHASE1_UNROLL=1 -DSNAKE_ORDER=0 -DSTAGGER_CYCLES=0 -DW0_LOOP_UNROLL=4 ... 3.832 ms / 1143 TFLOPS  (150 regs, 5.9s)
[58/270] -DINTERLEAVE_STRATEGY=3 -DK_LOOP_UNROLL=2 -DMBAR_EARLY=1 -DN_STAGES=5 -DPHASE1_UNROLL=1 -DSNAKE_ORDER=0 -DSTAGGER_CYCLES=0 -DSUB_MMA_UNROLL=1 ... 3.837 ms / 1141 TFLOPS  (167 regs, 5.8s)
[59/270] -DINTERLEAVE_STRATEGY=3 -DK_LOOP_UNROLL=2 -DMBAR_EARLY=1 -DN_STAGES=5 -DPHASE1_UNROLL=1 -DSNAKE_ORDER=0 -DSTAGGER_CYCLES=0 -DSUB_MMA_UNROLL=1 -DW0_LOOP_UNROLL=1 ... 3.805 ms / 1151 TFLOPS  (142 regs, 5.9s)
[60/270] -DINTERLEAVE_STRATEGY=3 -DK_LOOP_UNROLL=2 -DMBAR_EARLY=1 -DN_STAGES=5 -DPHASE1_UNROLL=1 -DSNAKE_ORDER=0 -DSTAGGER_CYCLES=0 -DSUB_MMA_UNROLL=1 -DW0_LOOP_UNROLL=4 ... 3.842 ms / 1140 TFLOPS  (142 regs, 6.1s)
[61/270] -DINTERLEAVE_STRATEGY=3 -DK_LOOP_UNROLL=2 -DMBAR_EARLY=1 -DN_STAGES=5 -DPHASE1_UNROLL=1 -DSNAKE_ORDER=0 -DSTAGGER_CYCLES=0 -DSUB_MMA_UNROLL=3 ... 3.838 ms / 1141 TFLOPS  (175 regs, 5.8s)
[62/270] -DINTERLEAVE_STRATEGY=3 -DK_LOOP_UNROLL=2 -DMBAR_EARLY=1 -DN_STAGES=5 -DPHASE1_UNROLL=1 -DSNAKE_ORDER=0 -DSTAGGER_CYCLES=0 -DSUB_MMA_UNROLL=3 -DW0_LOOP_UNROLL=1 ... 3.829 ms / 1144 TFLOPS  (150 regs, 5.9s)
[63/270] -DINTERLEAVE_STRATEGY=3 -DK_LOOP_UNROLL=2 -DMBAR_EARLY=1 -DN_STAGES=5 -DPHASE1_UNROLL=1 -DSNAKE_ORDER=0 -DSTAGGER_CYCLES=0 -DSUB_MMA_UNROLL=3 -DW0_LOOP_UNROLL=4 ... 3.831 ms / 1143 TFLOPS  (150 regs, 5.9s)
[64/270] -DINTERLEAVE_STRATEGY=3 -DK_LOOP_UNROLL=2 -DMBAR_EARLY=1 -DN_STAGES=5 -DPHASE1_UNROLL=1 -DSTAGGER_CYCLES=0 ... 3.280 ms / 1335 TFLOPS  (175 regs, 5.9s)
[65/270] -DINTERLEAVE_STRATEGY=3 -DK_LOOP_UNROLL=2 -DMBAR_EARLY=1 -DN_STAGES=5 -DPHASE1_UNROLL=1 -DSTAGGER_CYCLES=0 -DW0_LOOP_UNROLL=1 ... 3.195 ms / 1371 TFLOPS  (152 regs, 5.9s)
[66/270] -DINTERLEAVE_STRATEGY=3 -DK_LOOP_UNROLL=2 -DMBAR_EARLY=1 -DN_STAGES=5 -DPHASE1_UNROLL=1 -DSTAGGER_CYCLES=0 -DW0_LOOP_UNROLL=4 ... 3.246 ms / 1350 TFLOPS  (152 regs, 5.8s)
[67/270] -DINTERLEAVE_STRATEGY=3 -DK_LOOP_UNROLL=2 -DMBAR_EARLY=1 -DN_STAGES=5 -DPHASE1_UNROLL=1 -DSTAGGER_CYCLES=0 -DSUB_MMA_UNROLL=1 ... 3.286 ms / 1333 TFLOPS  (167 regs, 6.0s)
[68/270] -DINTERLEAVE_STRATEGY=3 -DK_LOOP_UNROLL=2 -DMBAR_EARLY=1 -DN_STAGES=5 -DPHASE1_UNROLL=1 -DSTAGGER_CYCLES=0 -DSUB_MMA_UNROLL=1 -DW0_LOOP_UNROLL=1 ... 3.314 ms / 1322 TFLOPS  (144 regs, 6.1s)
[69/270] -DINTERLEAVE_STRATEGY=3 -DK_LOOP_UNROLL=2 -DMBAR_EARLY=1 -DN_STAGES=5 -DPHASE1_UNROLL=1 -DSTAGGER_CYCLES=0 -DSUB_MMA_UNROLL=1 -DW0_LOOP_UNROLL=4 ... 3.309 ms / 1324 TFLOPS  (144 regs, 5.8s)
[70/270] -DINTERLEAVE_STRATEGY=3 -DK_LOOP_UNROLL=2 -DMBAR_EARLY=1 -DN_STAGES=5 -DPHASE1_UNROLL=1 -DSTAGGER_CYCLES=0 -DSUB_MMA_UNROLL=3 ... 3.302 ms / 1326 TFLOPS  (175 regs, 5.8s)
[71/270] -DINTERLEAVE_STRATEGY=3 -DK_LOOP_UNROLL=2 -DMBAR_EARLY=1 -DN_STAGES=5 -DPHASE1_UNROLL=1 -DSTAGGER_CYCLES=0 -DSUB_MMA_UNROLL=3 -DW0_LOOP_UNROLL=1 ... 3.248 ms / 1349 TFLOPS  (152 regs, 5.9s)
[72/270] -DINTERLEAVE_STRATEGY=3 -DK_LOOP_UNROLL=2 -DMBAR_EARLY=1 -DN_STAGES=5 -DPHASE1_UNROLL=1 -DSTAGGER_CYCLES=0 -DSUB_MMA_UNROLL=3 -DW0_LOOP_UNROLL=4 ... 3.249 ms / 1348 TFLOPS  (152 regs, 5.9s)
[73/270] -DINTERLEAVE_STRATEGY=3 -DK_LOOP_UNROLL=2 -DMBAR_EARLY=1 -DN_STAGES=5 -DSNAKE_ORDER=0 -DSTAGGER_CYCLES=0 ... 3.237 ms / 1353 TFLOPS  (214 regs, 5.9s)
[74/270] -DINTERLEAVE_STRATEGY=3 -DK_LOOP_UNROLL=2 -DMBAR_EARLY=1 -DN_STAGES=5 -DSNAKE_ORDER=0 -DSTAGGER_CYCLES=0 -DW0_LOOP_UNROLL=1 ... 3.347 ms / 1309 TFLOPS  (198 regs, 6.0s)
[75/270] -DINTERLEAVE_STRATEGY=3 -DK_LOOP_UNROLL=2 -DMBAR_EARLY=1 -DN_STAGES=5 -DSNAKE_ORDER=0 -DSTAGGER_CYCLES=0 -DW0_LOOP_UNROLL=4 ... 3.377 ms / 1297 TFLOPS  (198 regs, 5.9s)
[76/270] -DINTERLEAVE_STRATEGY=3 -DK_LOOP_UNROLL=2 -DMBAR_EARLY=1 -DN_STAGES=5 -DSNAKE_ORDER=0 -DSTAGGER_CYCLES=0 -DSUB_MMA_UNROLL=1 ... 3.117 ms / 1405 TFLOPS  (215 regs, 6.0s)
[77/270] -DINTERLEAVE_STRATEGY=3 -DK_LOOP_UNROLL=2 -DMBAR_EARLY=1 -DN_STAGES=5 -DSNAKE_ORDER=0 -DSTAGGER_CYCLES=0 -DSUB_MMA_UNROLL=1 -DW0_LOOP_UNROLL=1 ... 3.117 ms / 1405 TFLOPS  (188 regs, 6.0s)
[78/270] -DINTERLEAVE_STRATEGY=3 -DK_LOOP_UNROLL=2 -DMBAR_EARLY=1 -DN_STAGES=5 -DSNAKE_ORDER=0 -DSTAGGER_CYCLES=0 -DSUB_MMA_UNROLL=1 -DW0_LOOP_UNROLL=4 ... 3.122 ms / 1403 TFLOPS  (188 regs, 6.1s)
[79/270] -DINTERLEAVE_STRATEGY=3 -DK_LOOP_UNROLL=2 -DMBAR_EARLY=1 -DN_STAGES=5 -DSNAKE_ORDER=0 -DSTAGGER_CYCLES=0 -DSUB_MMA_UNROLL=3 ... 3.238 ms / 1353 TFLOPS  (214 regs, 6.0s)
[80/270] -DINTERLEAVE_STRATEGY=3 -DK_LOOP_UNROLL=2 -DMBAR_EARLY=1 -DN_STAGES=5 -DSNAKE_ORDER=0 -DSTAGGER_CYCLES=0 -DSUB_MMA_UNROLL=3 -DW0_LOOP_UNROLL=1 ... 3.349 ms / 1308 TFLOPS  (198 regs, 6.0s)
[81/270] -DINTERLEAVE_STRATEGY=3 -DK_LOOP_UNROLL=2 -DMBAR_EARLY=1 -DN_STAGES=5 -DSNAKE_ORDER=0 -DSTAGGER_CYCLES=0 -DSUB_MMA_UNROLL=3 -DW0_LOOP_UNROLL=4 ... 3.374 ms / 1298 TFLOPS  (198 regs, 5.9s)
[82/270] -DINTERLEAVE_STRATEGY=3 -DK_LOOP_UNROLL=2 -DMBAR_EARLY=1 -DN_STAGES=5 -DSTAGGER_CYCLES=0 ... 2.867 ms / 1528 TFLOPS  (216 regs, 6.0s)
[83/270] -DINTERLEAVE_STRATEGY=3 -DK_LOOP_UNROLL=2 -DMBAR_EARLY=1 -DN_STAGES=5 -DSTAGGER_CYCLES=0 -DW0_LOOP_UNROLL=1 ... 2.908 ms / 1506 TFLOPS  (198 regs, 5.8s)
[84/270] -DINTERLEAVE_STRATEGY=3 -DK_LOOP_UNROLL=2 -DMBAR_EARLY=1 -DN_STAGES=5 -DSTAGGER_CYCLES=0 -DW0_LOOP_UNROLL=4 ... 2.912 ms / 1504 TFLOPS  (198 regs, 6.0s)
[85/270] -DINTERLEAVE_STRATEGY=3 -DK_LOOP_UNROLL=2 -DMBAR_EARLY=1 -DN_STAGES=5 -DSTAGGER_CYCLES=0 -DSUB_MMA_UNROLL=1 ... 2.843 ms / 1541 TFLOPS  (215 regs, 5.9s)
[86/270] -DINTERLEAVE_STRATEGY=3 -DK_LOOP_UNROLL=2 -DMBAR_EARLY=1 -DN_STAGES=5 -DSTAGGER_CYCLES=0 -DSUB_MMA_UNROLL=1 -DW0_LOOP_UNROLL=1 ... 2.853 ms / 1535 TFLOPS  (188 regs, 6.0s)
[87/270] -DINTERLEAVE_STRATEGY=3 -DK_LOOP_UNROLL=2 -DMBAR_EARLY=1 -DN_STAGES=5 -DSTAGGER_CYCLES=0 -DSUB_MMA_UNROLL=1 -DW0_LOOP_UNROLL=4 ... 2.862 ms / 1530 TFLOPS  (188 regs, 5.9s)
[88/270] -DINTERLEAVE_STRATEGY=3 -DK_LOOP_UNROLL=2 -DMBAR_EARLY=1 -DN_STAGES=5 -DSTAGGER_CYCLES=0 -DSUB_MMA_UNROLL=3 ... 2.820 ms / 1553 TFLOPS  (216 regs, 6.0s)
[89/270] -DINTERLEAVE_STRATEGY=3 -DK_LOOP_UNROLL=2 -DMBAR_EARLY=1 -DN_STAGES=5 -DSTAGGER_CYCLES=0 -DSUB_MMA_UNROLL=3 -DW0_LOOP_UNROLL=1 ... 2.918 ms / 1501 TFLOPS  (198 regs, 5.8s)
[90/270] -DINTERLEAVE_STRATEGY=3 -DK_LOOP_UNROLL=2 -DMBAR_EARLY=1 -DN_STAGES=5 -DSTAGGER_CYCLES=0 -DSUB_MMA_UNROLL=3 -DW0_LOOP_UNROLL=4 ... 2.891 ms / 1515 TFLOPS  (198 regs, 6.1s)
[91/270] -DINTERLEAVE_STRATEGY=3 -DK_LOOP_UNROLL=2 -DMBAR_EARLY=1 -DN_STAGES=5 -DPHASE1_UNROLL=4 -DSNAKE_ORDER=0 -DSTAGGER_CYCLES=0 ... 3.189 ms / 1373 TFLOPS  (220 regs, 6.1s)
[92/270] -DINTERLEAVE_STRATEGY=3 -DK_LOOP_UNROLL=2 -DMBAR_EARLY=1 -DN_STAGES=5 -DPHASE1_UNROLL=4 -DSNAKE_ORDER=0 -DSTAGGER_CYCLES=0 -DW0_LOOP_UNROLL=1 ... 3.127 ms / 1401 TFLOPS  (198 regs, 6.0s)
[93/270] -DINTERLEAVE_STRATEGY=3 -DK_LOOP_UNROLL=2 -DMBAR_EARLY=1 -DN_STAGES=5 -DPHASE1_UNROLL=4 -DSNAKE_ORDER=0 -DSTAGGER_CYCLES=0 -DW0_LOOP_UNROLL=4 ... 3.181 ms / 1377 TFLOPS  (198 regs, 6.0s)
[94/270] -DINTERLEAVE_STRATEGY=3 -DK_LOOP_UNROLL=2 -DMBAR_EARLY=1 -DN_STAGES=5 -DPHASE1_UNROLL=4 -DSNAKE_ORDER=0 -DSTAGGER_CYCLES=0 -DSUB_MMA_UNROLL=1 ... 3.132 ms / 1398 TFLOPS  (214 regs, 6.1s)
[95/270] -DINTERLEAVE_STRATEGY=3 -DK_LOOP_UNROLL=2 -DMBAR_EARLY=1 -DN_STAGES=5 -DPHASE1_UNROLL=4 -DSNAKE_ORDER=0 -DSTAGGER_CYCLES=0 -DSUB_MMA_UNROLL=1 -DW0_LOOP_UNROLL=1 ... 3.061 ms / 1431 TFLOPS  (190 regs, 6.2s)
[96/270] -DINTERLEAVE_STRATEGY=3 -DK_LOOP_UNROLL=2 -DMBAR_EARLY=1 -DN_STAGES=5 -DPHASE1_UNROLL=4 -DSNAKE_ORDER=0 -DSTAGGER_CYCLES=0 -DSUB_MMA_UNROLL=1 -DW0_LOOP_UNROLL=4 ... 3.183 ms / 1376 TFLOPS  (190 regs, 5.9s)
[97/270] -DINTERLEAVE_STRATEGY=3 -DK_LOOP_UNROLL=2 -DMBAR_EARLY=1 -DN_STAGES=5 -DPHASE1_UNROLL=4 -DSNAKE_ORDER=0 -DSTAGGER_CYCLES=0 -DSUB_MMA_UNROLL=3 ... 3.195 ms / 1371 TFLOPS  (220 regs, 6.0s)
[98/270] -DINTERLEAVE_STRATEGY=3 -DK_LOOP_UNROLL=2 -DMBAR_EARLY=1 -DN_STAGES=5 -DPHASE1_UNROLL=4 -DSNAKE_ORDER=0 -DSTAGGER_CYCLES=0 -DSUB_MMA_UNROLL=3 -DW0_LOOP_UNROLL=1 ... 3.130 ms / 1399 TFLOPS  (198 regs, 6.1s)
[99/270] -DINTERLEAVE_STRATEGY=3 -DK_LOOP_UNROLL=2 -DMBAR_EARLY=1 -DN_STAGES=5 -DPHASE1_UNROLL=4 -DSNAKE_ORDER=0 -DSTAGGER_CYCLES=0 -DSUB_MMA_UNROLL=3 -DW0_LOOP_UNROLL=4 ... 3.184 ms / 1376 TFLOPS  (198 regs, 6.0s)
[100/270] -DINTERLEAVE_STRATEGY=3 -DK_LOOP_UNROLL=2 -DMBAR_EARLY=1 -DN_STAGES=5 -DPHASE1_UNROLL=4 -DSTAGGER_CYCLES=0 ... 2.781 ms / 1575 TFLOPS  (220 regs, 6.1s)
[101/270] -DINTERLEAVE_STRATEGY=3 -DK_LOOP_UNROLL=2 -DMBAR_EARLY=1 -DN_STAGES=5 -DPHASE1_UNROLL=4 -DSTAGGER_CYCLES=0 -DW0_LOOP_UNROLL=1 ... 2.735 ms / 1601 TFLOPS  (198 regs, 6.2s)
[102/270] -DINTERLEAVE_STRATEGY=3 -DK_LOOP_UNROLL=2 -DMBAR_EARLY=1 -DN_STAGES=5 -DPHASE1_UNROLL=4 -DSTAGGER_CYCLES=0 -DW0_LOOP_UNROLL=4 ... 2.830 ms / 1548 TFLOPS  (198 regs, 6.0s)
[103/270] -DINTERLEAVE_STRATEGY=3 -DK_LOOP_UNROLL=2 -DMBAR_EARLY=1 -DN_STAGES=5 -DPHASE1_UNROLL=4 -DSTAGGER_CYCLES=0 -DSUB_MMA_UNROLL=1 ... 2.856 ms / 1534 TFLOPS  (214 regs, 6.0s)
[104/270] -DINTERLEAVE_STRATEGY=3 -DK_LOOP_UNROLL=2 -DMBAR_EARLY=1 -DN_STAGES=5 -DPHASE1_UNROLL=4 -DSTAGGER_CYCLES=0 -DSUB_MMA_UNROLL=1 -DW0_LOOP_UNROLL=1 ... 2.763 ms / 1585 TFLOPS  (190 regs, 6.0s)
[105/270] -DINTERLEAVE_STRATEGY=3 -DK_LOOP_UNROLL=2 -DMBAR_EARLY=1 -DN_STAGES=5 -DPHASE1_UNROLL=4 -DSTAGGER_CYCLES=0 -DSUB_MMA_UNROLL=1 -DW0_LOOP_UNROLL=4 ... 2.757 ms / 1588 TFLOPS  (190 regs, 6.0s)
[106/270] -DINTERLEAVE_STRATEGY=3 -DK_LOOP_UNROLL=2 -DMBAR_EARLY=1 -DN_STAGES=5 -DPHASE1_UNROLL=4 -DSTAGGER_CYCLES=0 -DSUB_MMA_UNROLL=3 ... 2.766 ms / 1583 TFLOPS  (220 regs, 6.0s)
[107/270] -DINTERLEAVE_STRATEGY=3 -DK_LOOP_UNROLL=2 -DMBAR_EARLY=1 -DN_STAGES=5 -DPHASE1_UNROLL=4 -DSTAGGER_CYCLES=0 -DSUB_MMA_UNROLL=3 -DW0_LOOP_UNROLL=1 ... 2.775 ms / 1578 TFLOPS  (198 regs, 6.2s)
[108/270] -DINTERLEAVE_STRATEGY=3 -DK_LOOP_UNROLL=2 -DMBAR_EARLY=1 -DN_STAGES=5 -DPHASE1_UNROLL=4 -DSTAGGER_CYCLES=0 -DSUB_MMA_UNROLL=3 -DW0_LOOP_UNROLL=4 ... 2.836 ms / 1544 TFLOPS  (198 regs, 6.0s)
[109/270] -DINTERLEAVE_STRATEGY=3 -DMBAR_EARLY=1 -DN_STAGES=5 -DPHASE1_UNROLL=1 -DSNAKE_ORDER=0 -DSTAGGER_CYCLES=0 ... 3.820 ms / 1147 TFLOPS  (238 regs, 6.1s)
[110/270] -DINTERLEAVE_STRATEGY=3 -DMBAR_EARLY=1 -DN_STAGES=5 -DPHASE1_UNROLL=1 -DSNAKE_ORDER=0 -DSTAGGER_CYCLES=0 -DW0_LOOP_UNROLL=1 ... 3.842 ms / 1140 TFLOPS  (219 regs, 5.8s)
[111/270] -DINTERLEAVE_STRATEGY=3 -DMBAR_EARLY=1 -DN_STAGES=5 -DPHASE1_UNROLL=1 -DSNAKE_ORDER=0 -DSTAGGER_CYCLES=0 -DW0_LOOP_UNROLL=4 ... 3.861 ms / 1134 TFLOPS  (219 regs, 5.9s)
[112/270] -DINTERLEAVE_STRATEGY=3 -DMBAR_EARLY=1 -DN_STAGES=5 -DPHASE1_UNROLL=1 -DSNAKE_ORDER=0 -DSTAGGER_CYCLES=0 -DSUB_MMA_UNROLL=1 ... 3.846 ms / 1139 TFLOPS  (181 regs, 5.9s)
[113/270] -DINTERLEAVE_STRATEGY=3 -DMBAR_EARLY=1 -DN_STAGES=5 -DPHASE1_UNROLL=1 -DSNAKE_ORDER=0 -DSTAGGER_CYCLES=0 -DSUB_MMA_UNROLL=1 -DW0_LOOP_UNROLL=1 ... 3.815 ms / 1148 TFLOPS  (163 regs, 6.0s)
[114/270] -DINTERLEAVE_STRATEGY=3 -DMBAR_EARLY=1 -DN_STAGES=5 -DPHASE1_UNROLL=1 -DSNAKE_ORDER=0 -DSTAGGER_CYCLES=0 -DSUB_MMA_UNROLL=1 -DW0_LOOP_UNROLL=4 ... 3.834 ms / 1142 TFLOPS  (163 regs, 5.9s)
[115/270] -DINTERLEAVE_STRATEGY=3 -DMBAR_EARLY=1 -DN_STAGES=5 -DPHASE1_UNROLL=1 -DSNAKE_ORDER=0 -DSTAGGER_CYCLES=0 -DSUB_MMA_UNROLL=3 ... 3.820 ms / 1147 TFLOPS  (238 regs, 6.0s)
[116/270] -DINTERLEAVE_STRATEGY=3 -DMBAR_EARLY=1 -DN_STAGES=5 -DPHASE1_UNROLL=1 -DSNAKE_ORDER=0 -DSTAGGER_CYCLES=0 -DSUB_MMA_UNROLL=3 -DW0_LOOP_UNROLL=1 ... 3.843 ms / 1140 TFLOPS  (219 regs, 5.8s)
[117/270] -DINTERLEAVE_STRATEGY=3 -DMBAR_EARLY=1 -DN_STAGES=5 -DPHASE1_UNROLL=1 -DSNAKE_ORDER=0 -DSTAGGER_CYCLES=0 -DSUB_MMA_UNROLL=3 -DW0_LOOP_UNROLL=4 ... 3.864 ms / 1134 TFLOPS  (219 regs, 6.0s)
[118/270] -DINTERLEAVE_STRATEGY=3 -DMBAR_EARLY=1 -DN_STAGES=5 -DPHASE1_UNROLL=1 -DSTAGGER_CYCLES=0 ... 3.331 ms / 1315 TFLOPS  (238 regs, 5.9s)
[119/270] -DINTERLEAVE_STRATEGY=3 -DMBAR_EARLY=1 -DN_STAGES=5 -DPHASE1_UNROLL=1 -DSTAGGER_CYCLES=0 -DW0_LOOP_UNROLL=1 ... 3.304 ms / 1326 TFLOPS  (219 regs, 5.9s)
[120/270] -DINTERLEAVE_STRATEGY=3 -DMBAR_EARLY=1 -DN_STAGES=5 -DPHASE1_UNROLL=1 -DSTAGGER_CYCLES=0 -DW0_LOOP_UNROLL=4 ... 3.303 ms / 1326 TFLOPS  (219 regs, 5.9s)
[121/270] -DINTERLEAVE_STRATEGY=3 -DMBAR_EARLY=1 -DN_STAGES=5 -DPHASE1_UNROLL=1 -DSTAGGER_CYCLES=0 -DSUB_MMA_UNROLL=1 ... 3.296 ms / 1329 TFLOPS  (181 regs, 5.9s)
[122/270] -DINTERLEAVE_STRATEGY=3 -DMBAR_EARLY=1 -DN_STAGES=5 -DPHASE1_UNROLL=1 -DSTAGGER_CYCLES=0 -DSUB_MMA_UNROLL=1 -DW0_LOOP_UNROLL=1 ... 3.221 ms / 1360 TFLOPS  (163 regs, 6.0s)
[123/270] -DINTERLEAVE_STRATEGY=3 -DMBAR_EARLY=1 -DN_STAGES=5 -DPHASE1_UNROLL=1 -DSTAGGER_CYCLES=0 -DSUB_MMA_UNROLL=1 -DW0_LOOP_UNROLL=4 ... 3.287 ms / 1333 TFLOPS  (163 regs, 6.1s)
[124/270] -DINTERLEAVE_STRATEGY=3 -DMBAR_EARLY=1 -DN_STAGES=5 -DPHASE1_UNROLL=1 -DSTAGGER_CYCLES=0 -DSUB_MMA_UNROLL=3 ... 3.267 ms / 1341 TFLOPS  (238 regs, 5.8s)
[125/270] -DINTERLEAVE_STRATEGY=3 -DMBAR_EARLY=1 -DN_STAGES=5 -DPHASE1_UNROLL=1 -DSTAGGER_CYCLES=0 -DSUB_MMA_UNROLL=3 -DW0_LOOP_UNROLL=1 ... 3.309 ms / 1324 TFLOPS  (219 regs, 6.0s)
[126/270] -DINTERLEAVE_STRATEGY=3 -DMBAR_EARLY=1 -DN_STAGES=5 -DPHASE1_UNROLL=1 -DSTAGGER_CYCLES=0 -DSUB_MMA_UNROLL=3 -DW0_LOOP_UNROLL=4 ... 3.303 ms / 1326 TFLOPS  (219 regs, 5.9s)
[127/270] -DINTERLEAVE_STRATEGY=3 -DMBAR_EARLY=1 -DN_STAGES=5 -DSNAKE_ORDER=0 -DSTAGGER_CYCLES=0 ... 3.296 ms / 1329 TFLOPS  (239 regs, 6.0s)
[128/270] -DINTERLEAVE_STRATEGY=3 -DMBAR_EARLY=1 -DN_STAGES=5 -DSNAKE_ORDER=0 -DSTAGGER_CYCLES=0 -DW0_LOOP_UNROLL=1 ... 3.241 ms / 1352 TFLOPS  (242 regs, 5.9s)
[129/270] -DINTERLEAVE_STRATEGY=3 -DMBAR_EARLY=1 -DN_STAGES=5 -DSNAKE_ORDER=0 -DSTAGGER_CYCLES=0 -DW0_LOOP_UNROLL=4 ... 3.288 ms / 1332 TFLOPS  (242 regs, 6.0s)
[130/270] -DINTERLEAVE_STRATEGY=3 -DMBAR_EARLY=1 -DN_STAGES=5 -DSNAKE_ORDER=0 -DSTAGGER_CYCLES=0 -DSUB_MMA_UNROLL=1 ... 3.216 ms / 1362 TFLOPS  (222 regs, 6.0s)
[131/270] -DINTERLEAVE_STRATEGY=3 -DMBAR_EARLY=1 -DN_STAGES=5 -DSNAKE_ORDER=0 -DSTAGGER_CYCLES=0 -DSUB_MMA_UNROLL=1 -DW0_LOOP_UNROLL=1 ... 3.212 ms / 1364 TFLOPS  (210 regs, 5.9s)
[132/270] -DINTERLEAVE_STRATEGY=3 -DMBAR_EARLY=1 -DN_STAGES=5 -DSNAKE_ORDER=0 -DSTAGGER_CYCLES=0 -DSUB_MMA_UNROLL=1 -DW0_LOOP_UNROLL=4 ... 3.261 ms / 1343 TFLOPS  (210 regs, 6.1s)
[133/270] -DINTERLEAVE_STRATEGY=3 -DMBAR_EARLY=1 -DN_STAGES=5 -DSNAKE_ORDER=0 -DSTAGGER_CYCLES=0 -DSUB_MMA_UNROLL=3 ... 3.295 ms / 1329 TFLOPS  (239 regs, 5.9s)
[134/270] -DINTERLEAVE_STRATEGY=3 -DMBAR_EARLY=1 -DN_STAGES=5 -DSNAKE_ORDER=0 -DSTAGGER_CYCLES=0 -DSUB_MMA_UNROLL=3 -DW0_LOOP_UNROLL=1 ... 3.240 ms / 1352 TFLOPS  (242 regs, 6.0s)
[135/270] -DINTERLEAVE_STRATEGY=3 -DMBAR_EARLY=1 -DN_STAGES=5 -DSNAKE_ORDER=0 -DSTAGGER_CYCLES=0 -DSUB_MMA_UNROLL=3 -DW0_LOOP_UNROLL=4 ... 3.292 ms / 1331 TFLOPS  (242 regs, 6.0s)
[136/270] -DINTERLEAVE_STRATEGY=3 -DMBAR_EARLY=1 -DN_STAGES=5 -DSTAGGER_CYCLES=0 ... 2.782 ms / 1574 TFLOPS  (242 regs, 5.9s)
[137/270] -DINTERLEAVE_STRATEGY=3 -DMBAR_EARLY=1 -DN_STAGES=5 -DSTAGGER_CYCLES=0 -DW0_LOOP_UNROLL=1 ... 2.893 ms / 1514 TFLOPS  (242 regs, 6.0s)
[138/270] -DINTERLEAVE_STRATEGY=3 -DMBAR_EARLY=1 -DN_STAGES=5 -DSTAGGER_CYCLES=0 -DW0_LOOP_UNROLL=4 ... 2.828 ms / 1549 TFLOPS  (242 regs, 6.0s)
[139/270] -DINTERLEAVE_STRATEGY=3 -DMBAR_EARLY=1 -DN_STAGES=5 -DSTAGGER_CYCLES=0 -DSUB_MMA_UNROLL=1 ... 2.846 ms / 1539 TFLOPS  (223 regs, 6.0s)
[140/270] -DINTERLEAVE_STRATEGY=3 -DMBAR_EARLY=1 -DN_STAGES=5 -DSTAGGER_CYCLES=0 -DSUB_MMA_UNROLL=1 -DW0_LOOP_UNROLL=1 ... 2.851 ms / 1536 TFLOPS  (211 regs, 6.0s)
[141/270] -DINTERLEAVE_STRATEGY=3 -DMBAR_EARLY=1 -DN_STAGES=5 -DSTAGGER_CYCLES=0 -DSUB_MMA_UNROLL=1 -DW0_LOOP_UNROLL=4 ... 2.846 ms / 1539 TFLOPS  (211 regs, 6.0s)
[142/270] -DINTERLEAVE_STRATEGY=3 -DMBAR_EARLY=1 -DN_STAGES=5 -DSTAGGER_CYCLES=0 -DSUB_MMA_UNROLL=3 ... 2.788 ms / 1571 TFLOPS  (242 regs, 6.0s)
[143/270] -DINTERLEAVE_STRATEGY=3 -DMBAR_EARLY=1 -DN_STAGES=5 -DSTAGGER_CYCLES=0 -DSUB_MMA_UNROLL=3 -DW0_LOOP_UNROLL=1 ... 2.897 ms / 1512 TFLOPS  (242 regs, 5.9s)
[144/270] -DINTERLEAVE_STRATEGY=3 -DMBAR_EARLY=1 -DN_STAGES=5 -DSTAGGER_CYCLES=0 -DSUB_MMA_UNROLL=3 -DW0_LOOP_UNROLL=4 ... 2.862 ms / 1531 TFLOPS  (242 regs, 6.1s)
[145/270] -DINTERLEAVE_STRATEGY=3 -DMBAR_EARLY=1 -DN_STAGES=5 -DPHASE1_UNROLL=4 -DSNAKE_ORDER=0 -DSTAGGER_CYCLES=0 ... 3.180 ms / 1377 TFLOPS  (244 regs, 6.1s)
[146/270] -DINTERLEAVE_STRATEGY=3 -DMBAR_EARLY=1 -DN_STAGES=5 -DPHASE1_UNROLL=4 -DSNAKE_ORDER=0 -DSTAGGER_CYCLES=0 -DW0_LOOP_UNROLL=1 ... 3.094 ms / 1416 TFLOPS  (246 regs, 6.0s)
[147/270] -DINTERLEAVE_STRATEGY=3 -DMBAR_EARLY=1 -DN_STAGES=5 -DPHASE1_UNROLL=4 -DSNAKE_ORDER=0 -DSTAGGER_CYCLES=0 -DW0_LOOP_UNROLL=4 ... 3.130 ms / 1399 TFLOPS  (246 regs, 6.1s)
[148/270] -DINTERLEAVE_STRATEGY=3 -DMBAR_EARLY=1 -DN_STAGES=5 -DPHASE1_UNROLL=4 -DSNAKE_ORDER=0 -DSTAGGER_CYCLES=0 -DSUB_MMA_UNROLL=1 ... 3.232 ms / 1355 TFLOPS  (230 regs, 6.0s)
[149/270] -DINTERLEAVE_STRATEGY=3 -DMBAR_EARLY=1 -DN_STAGES=5 -DPHASE1_UNROLL=4 -DSNAKE_ORDER=0 -DSTAGGER_CYCLES=0 -DSUB_MMA_UNROLL=1 -DW0_LOOP_UNROLL=1 ... 3.147 ms / 1392 TFLOPS  (209 regs, 5.9s)
[150/270] -DINTERLEAVE_STRATEGY=3 -DMBAR_EARLY=1 -DN_STAGES=5 -DPHASE1_UNROLL=4 -DSNAKE_ORDER=0 -DSTAGGER_CYCLES=0 -DSUB_MMA_UNROLL=1 -DW0_LOOP_UNROLL=4 ... 3.194 ms / 1371 TFLOPS  (209 regs, 6.1s)
[151/270] -DINTERLEAVE_STRATEGY=3 -DMBAR_EARLY=1 -DN_STAGES=5 -DPHASE1_UNROLL=4 -DSNAKE_ORDER=0 -DSTAGGER_CYCLES=0 -DSUB_MMA_UNROLL=3 ... 3.180 ms / 1377 TFLOPS  (244 regs, 6.0s)
[152/270] -DINTERLEAVE_STRATEGY=3 -DMBAR_EARLY=1 -DN_STAGES=5 -DPHASE1_UNROLL=4 -DSNAKE_ORDER=0 -DSTAGGER_CYCLES=0 -DSUB_MMA_UNROLL=3 -DW0_LOOP_UNROLL=1 ... 3.085 ms / 1420 TFLOPS  (246 regs, 6.0s)
[153/270] -DINTERLEAVE_STRATEGY=3 -DMBAR_EARLY=1 -DN_STAGES=5 -DPHASE1_UNROLL=4 -DSNAKE_ORDER=0 -DSTAGGER_CYCLES=0 -DSUB_MMA_UNROLL=3 -DW0_LOOP_UNROLL=4 ... 3.126 ms / 1401 TFLOPS  (246 regs, 5.9s)
[154/270] -DINTERLEAVE_STRATEGY=3 -DMBAR_EARLY=1 -DN_STAGES=5 -DPHASE1_UNROLL=4 -DSTAGGER_CYCLES=0 ... 2.720 ms / 1610 TFLOPS  (244 regs, 6.0s)
[155/270] -DINTERLEAVE_STRATEGY=3 -DMBAR_EARLY=1 -DN_STAGES=5 -DPHASE1_UNROLL=4 -DSTAGGER_CYCLES=0 -DW0_LOOP_UNROLL=1 ... 2.766 ms / 1584 TFLOPS  (246 regs, 6.0s)
[156/270] -DINTERLEAVE_STRATEGY=3 -DMBAR_EARLY=1 -DN_STAGES=5 -DPHASE1_UNROLL=4 -DSTAGGER_CYCLES=0 -DW0_LOOP_UNROLL=4 ... 2.749 ms / 1594 TFLOPS  (246 regs, 6.1s)
[157/270] -DINTERLEAVE_STRATEGY=3 -DMBAR_EARLY=1 -DN_STAGES=5 -DPHASE1_UNROLL=4 -DSTAGGER_CYCLES=0 -DSUB_MMA_UNROLL=1 ... 2.801 ms / 1564 TFLOPS  (230 regs, 6.1s)
[158/270] -DINTERLEAVE_STRATEGY=3 -DMBAR_EARLY=1 -DN_STAGES=5 -DPHASE1_UNROLL=4 -DSTAGGER_CYCLES=0 -DSUB_MMA_UNROLL=1 -DW0_LOOP_UNROLL=1 ... 2.831 ms / 1547 TFLOPS  (209 regs, 6.1s)
[159/270] -DINTERLEAVE_STRATEGY=3 -DMBAR_EARLY=1 -DN_STAGES=5 -DPHASE1_UNROLL=4 -DSTAGGER_CYCLES=0 -DSUB_MMA_UNROLL=1 -DW0_LOOP_UNROLL=4 ... 2.808 ms / 1560 TFLOPS  (209 regs, 6.0s)
[160/270] -DINTERLEAVE_STRATEGY=3 -DMBAR_EARLY=1 -DN_STAGES=5 -DPHASE1_UNROLL=4 -DSTAGGER_CYCLES=0 -DSUB_MMA_UNROLL=3 ... 2.666 ms / 1643 TFLOPS  (244 regs, 6.0s)
[161/270] -DINTERLEAVE_STRATEGY=3 -DMBAR_EARLY=1 -DN_STAGES=5 -DPHASE1_UNROLL=4 -DSTAGGER_CYCLES=0 -DSUB_MMA_UNROLL=3 -DW0_LOOP_UNROLL=1 ... 2.773 ms / 1579 TFLOPS  (246 regs, 6.0s)
[162/270] -DINTERLEAVE_STRATEGY=3 -DMBAR_EARLY=1 -DN_STAGES=5 -DPHASE1_UNROLL=4 -DSTAGGER_CYCLES=0 -DSUB_MMA_UNROLL=3 -DW0_LOOP_UNROLL=4 ... 2.755 ms / 1590 TFLOPS  (246 regs, 6.0s)
[163/270] -DINTERLEAVE_STRATEGY=3 -DK_LOOP_UNROLL=6 -DMBAR_EARLY=1 -DN_STAGES=5 -DPHASE1_UNROLL=1 -DSNAKE_ORDER=0 -DSTAGGER_CYCLES=0 ... 3.856 ms / 1136 TFLOPS  (189 regs, 5.9s)
[164/270] -DINTERLEAVE_STRATEGY=3 -DK_LOOP_UNROLL=6 -DMBAR_EARLY=1 -DN_STAGES=5 -DPHASE1_UNROLL=1 -DSNAKE_ORDER=0 -DSTAGGER_CYCLES=0 -DW0_LOOP_UNROLL=1 ... 3.854 ms / 1137 TFLOPS  (170 regs, 6.0s)
[165/270] -DINTERLEAVE_STRATEGY=3 -DK_LOOP_UNROLL=6 -DMBAR_EARLY=1 -DN_STAGES=5 -DPHASE1_UNROLL=1 -DSNAKE_ORDER=0 -DSTAGGER_CYCLES=0 -DW0_LOOP_UNROLL=4 ... 3.869 ms / 1132 TFLOPS  (170 regs, 6.0s)
[166/270] -DINTERLEAVE_STRATEGY=3 -DK_LOOP_UNROLL=6 -DMBAR_EARLY=1 -DN_STAGES=5 -DPHASE1_UNROLL=1 -DSNAKE_ORDER=0 -DSTAGGER_CYCLES=0 -DSUB_MMA_UNROLL=1 ... 3.845 ms / 1139 TFLOPS  (181 regs, 5.9s)
[167/270] -DINTERLEAVE_STRATEGY=3 -DK_LOOP_UNROLL=6 -DMBAR_EARLY=1 -DN_STAGES=5 -DPHASE1_UNROLL=1 -DSNAKE_ORDER=0 -DSTAGGER_CYCLES=0 -DSUB_MMA_UNROLL=1 -DW0_LOOP_UNROLL=1 ... 3.817 ms / 1148 TFLOPS  (163 regs, 5.8s)
[168/270] -DINTERLEAVE_STRATEGY=3 -DK_LOOP_UNROLL=6 -DMBAR_EARLY=1 -DN_STAGES=5 -DPHASE1_UNROLL=1 -DSNAKE_ORDER=0 -DSTAGGER_CYCLES=0 -DSUB_MMA_UNROLL=1 -DW0_LOOP_UNROLL=4 ... 3.831 ms / 1143 TFLOPS  (163 regs, 5.8s)
[169/270] -DINTERLEAVE_STRATEGY=3 -DK_LOOP_UNROLL=6 -DMBAR_EARLY=1 -DN_STAGES=5 -DPHASE1_UNROLL=1 -DSNAKE_ORDER=0 -DSTAGGER_CYCLES=0 -DSUB_MMA_UNROLL=3 ... 3.853 ms / 1137 TFLOPS  (189 regs, 5.9s)
[170/270] -DINTERLEAVE_STRATEGY=3 -DK_LOOP_UNROLL=6 -DMBAR_EARLY=1 -DN_STAGES=5 -DPHASE1_UNROLL=1 -DSNAKE_ORDER=0 -DSTAGGER_CYCLES=0 -DSUB_MMA_UNROLL=3 -DW0_LOOP_UNROLL=1 ... 3.853 ms / 1137 TFLOPS  (170 regs, 6.0s)
[171/270] -DINTERLEAVE_STRATEGY=3 -DK_LOOP_UNROLL=6 -DMBAR_EARLY=1 -DN_STAGES=5 -DPHASE1_UNROLL=1 -DSNAKE_ORDER=0 -DSTAGGER_CYCLES=0 -DSUB_MMA_UNROLL=3 -DW0_LOOP_UNROLL=4 ... 3.868 ms / 1133 TFLOPS  (170 regs, 5.8s)
[172/270] -DINTERLEAVE_STRATEGY=3 -DK_LOOP_UNROLL=6 -DMBAR_EARLY=1 -DN_STAGES=5 -DPHASE1_UNROLL=1 -DSTAGGER_CYCLES=0 ... 3.292 ms / 1331 TFLOPS  (189 regs, 5.8s)
[173/270] -DINTERLEAVE_STRATEGY=3 -DK_LOOP_UNROLL=6 -DMBAR_EARLY=1 -DN_STAGES=5 -DPHASE1_UNROLL=1 -DSTAGGER_CYCLES=0 -DW0_LOOP_UNROLL=1 ... 3.321 ms / 1319 TFLOPS  (170 regs, 5.8s)
[174/270] -DINTERLEAVE_STRATEGY=3 -DK_LOOP_UNROLL=6 -DMBAR_EARLY=1 -DN_STAGES=5 -DPHASE1_UNROLL=1 -DSTAGGER_CYCLES=0 -DW0_LOOP_UNROLL=4 ... 3.346 ms / 1309 TFLOPS  (170 regs, 5.8s)
[175/270] -DINTERLEAVE_STRATEGY=3 -DK_LOOP_UNROLL=6 -DMBAR_EARLY=1 -DN_STAGES=5 -DPHASE1_UNROLL=1 -DSTAGGER_CYCLES=0 -DSUB_MMA_UNROLL=1 ... 3.304 ms / 1326 TFLOPS  (181 regs, 5.9s)
[176/270] -DINTERLEAVE_STRATEGY=3 -DK_LOOP_UNROLL=6 -DMBAR_EARLY=1 -DN_STAGES=5 -DPHASE1_UNROLL=1 -DSTAGGER_CYCLES=0 -DSUB_MMA_UNROLL=1 -DW0_LOOP_UNROLL=1 ... 3.237 ms / 1353 TFLOPS  (163 regs, 5.7s)
[177/270] -DINTERLEAVE_STRATEGY=3 -DK_LOOP_UNROLL=6 -DMBAR_EARLY=1 -DN_STAGES=5 -DPHASE1_UNROLL=1 -DSTAGGER_CYCLES=0 -DSUB_MMA_UNROLL=1 -DW0_LOOP_UNROLL=4 ... 3.313 ms / 1322 TFLOPS  (163 regs, 5.8s)
[178/270] -DINTERLEAVE_STRATEGY=3 -DK_LOOP_UNROLL=6 -DMBAR_EARLY=1 -DN_STAGES=5 -DPHASE1_UNROLL=1 -DSTAGGER_CYCLES=0 -DSUB_MMA_UNROLL=3 ... 3.283 ms / 1334 TFLOPS  (189 regs, 6.0s)
[179/270] -DINTERLEAVE_STRATEGY=3 -DK_LOOP_UNROLL=6 -DMBAR_EARLY=1 -DN_STAGES=5 -DPHASE1_UNROLL=1 -DSTAGGER_CYCLES=0 -DSUB_MMA_UNROLL=3 -DW0_LOOP_UNROLL=1 ... 3.325 ms / 1317 TFLOPS  (170 regs, 6.0s)
[180/270] -DINTERLEAVE_STRATEGY=3 -DK_LOOP_UNROLL=6 -DMBAR_EARLY=1 -DN_STAGES=5 -DPHASE1_UNROLL=1 -DSTAGGER_CYCLES=0 -DSUB_MMA_UNROLL=3 -DW0_LOOP_UNROLL=4 ... 3.355 ms / 1306 TFLOPS  (170 regs, 5.9s)
[181/270] -DINTERLEAVE_STRATEGY=3 -DK_LOOP_UNROLL=6 -DMBAR_EARLY=1 -DN_STAGES=5 -DSNAKE_ORDER=0 -DSTAGGER_CYCLES=0 ... 3.213 ms / 1363 TFLOPS  (232 regs, 5.8s)
[182/270] -DINTERLEAVE_STRATEGY=3 -DK_LOOP_UNROLL=6 -DMBAR_EARLY=1 -DN_STAGES=5 -DSNAKE_ORDER=0 -DSTAGGER_CYCLES=0 -DW0_LOOP_UNROLL=1 ... 3.190 ms / 1373 TFLOPS  (210 regs, 6.0s)
[183/270] -DINTERLEAVE_STRATEGY=3 -DK_LOOP_UNROLL=6 -DMBAR_EARLY=1 -DN_STAGES=5 -DSNAKE_ORDER=0 -DSTAGGER_CYCLES=0 -DW0_LOOP_UNROLL=4 ... 3.202 ms / 1368 TFLOPS  (210 regs, 5.9s)
[184/270] -DINTERLEAVE_STRATEGY=3 -DK_LOOP_UNROLL=6 -DMBAR_EARLY=1 -DN_STAGES=5 -DSNAKE_ORDER=0 -DSTAGGER_CYCLES=0 -DSUB_MMA_UNROLL=1 ... 3.216 ms / 1362 TFLOPS  (222 regs, 5.9s)
[185/270] -DINTERLEAVE_STRATEGY=3 -DK_LOOP_UNROLL=6 -DMBAR_EARLY=1 -DN_STAGES=5 -DSNAKE_ORDER=0 -DSTAGGER_CYCLES=0 -DSUB_MMA_UNROLL=1 -DW0_LOOP_UNROLL=1 ... 3.210 ms / 1365 TFLOPS  (210 regs, 6.0s)
[186/270] -DINTERLEAVE_STRATEGY=3 -DK_LOOP_UNROLL=6 -DMBAR_EARLY=1 -DN_STAGES=5 -DSNAKE_ORDER=0 -DSTAGGER_CYCLES=0 -DSUB_MMA_UNROLL=1 -DW0_LOOP_UNROLL=4 ... 3.261 ms / 1343 TFLOPS  (210 regs, 6.0s)
[187/270] -DINTERLEAVE_STRATEGY=3 -DK_LOOP_UNROLL=6 -DMBAR_EARLY=1 -DN_STAGES=5 -DSNAKE_ORDER=0 -DSTAGGER_CYCLES=0 -DSUB_MMA_UNROLL=3 ... 3.213 ms / 1363 TFLOPS  (232 regs, 6.0s)
[188/270] -DINTERLEAVE_STRATEGY=3 -DK_LOOP_UNROLL=6 -DMBAR_EARLY=1 -DN_STAGES=5 -DSNAKE_ORDER=0 -DSTAGGER_CYCLES=0 -DSUB_MMA_UNROLL=3 -DW0_LOOP_UNROLL=1 ... 3.190 ms / 1373 TFLOPS  (210 regs, 6.0s)
[189/270] -DINTERLEAVE_STRATEGY=3 -DK_LOOP_UNROLL=6 -DMBAR_EARLY=1 -DN_STAGES=5 -DSNAKE_ORDER=0 -DSTAGGER_CYCLES=0 -DSUB_MMA_UNROLL=3 -DW0_LOOP_UNROLL=4 ... 3.201 ms / 1369 TFLOPS  (210 regs, 5.8s)
[190/270] -DINTERLEAVE_STRATEGY=3 -DK_LOOP_UNROLL=6 -DMBAR_EARLY=1 -DN_STAGES=5 -DSTAGGER_CYCLES=0 ... 2.866 ms / 1529 TFLOPS  (230 regs, 6.0s)
[191/270] -DINTERLEAVE_STRATEGY=3 -DK_LOOP_UNROLL=6 -DMBAR_EARLY=1 -DN_STAGES=5 -DSTAGGER_CYCLES=0 -DW0_LOOP_UNROLL=1 ... 2.830 ms / 1548 TFLOPS  (210 regs, 5.9s)
[192/270] -DINTERLEAVE_STRATEGY=3 -DK_LOOP_UNROLL=6 -DMBAR_EARLY=1 -DN_STAGES=5 -DSTAGGER_CYCLES=0 -DW0_LOOP_UNROLL=4 ... 2.843 ms / 1541 TFLOPS  (210 regs, 6.0s)
[193/270] -DINTERLEAVE_STRATEGY=3 -DK_LOOP_UNROLL=6 -DMBAR_EARLY=1 -DN_STAGES=5 -DSTAGGER_CYCLES=0 -DSUB_MMA_UNROLL=1 ... 2.851 ms / 1536 TFLOPS  (223 regs, 6.0s)
[194/270] -DINTERLEAVE_STRATEGY=3 -DK_LOOP_UNROLL=6 -DMBAR_EARLY=1 -DN_STAGES=5 -DSTAGGER_CYCLES=0 -DSUB_MMA_UNROLL=1 -DW0_LOOP_UNROLL=1 ... 2.859 ms / 1532 TFLOPS  (211 regs, 5.9s)
[195/270] -DINTERLEAVE_STRATEGY=3 -DK_LOOP_UNROLL=6 -DMBAR_EARLY=1 -DN_STAGES=5 -DSTAGGER_CYCLES=0 -DSUB_MMA_UNROLL=1 -DW0_LOOP_UNROLL=4 ... 2.831 ms / 1547 TFLOPS  (211 regs, 5.8s)
[196/270] -DINTERLEAVE_STRATEGY=3 -DK_LOOP_UNROLL=6 -DMBAR_EARLY=1 -DN_STAGES=5 -DSTAGGER_CYCLES=0 -DSUB_MMA_UNROLL=3 ... 2.831 ms / 1547 TFLOPS  (230 regs, 5.9s)
[197/270] -DINTERLEAVE_STRATEGY=3 -DK_LOOP_UNROLL=6 -DMBAR_EARLY=1 -DN_STAGES=5 -DSTAGGER_CYCLES=0 -DSUB_MMA_UNROLL=3 -DW0_LOOP_UNROLL=1 ... 2.822 ms / 1552 TFLOPS  (210 regs, 6.0s)
[198/270] -DINTERLEAVE_STRATEGY=3 -DK_LOOP_UNROLL=6 -DMBAR_EARLY=1 -DN_STAGES=5 -DSTAGGER_CYCLES=0 -DSUB_MMA_UNROLL=3 -DW0_LOOP_UNROLL=4 ... 2.801 ms / 1564 TFLOPS  (210 regs, 6.0s)
[199/270] -DINTERLEAVE_STRATEGY=3 -DK_LOOP_UNROLL=6 -DMBAR_EARLY=1 -DN_STAGES=5 -DPHASE1_UNROLL=4 -DSNAKE_ORDER=0 -DSTAGGER_CYCLES=0 ... 3.259 ms / 1344 TFLOPS  (236 regs, 6.0s)
[200/270] -DINTERLEAVE_STRATEGY=3 -DK_LOOP_UNROLL=6 -DMBAR_EARLY=1 -DN_STAGES=5 -DPHASE1_UNROLL=4 -DSNAKE_ORDER=0 -DSTAGGER_CYCLES=0 -DW0_LOOP_UNROLL=1 ... 3.168 ms / 1383 TFLOPS  (218 regs, 6.1s)
[201/270] -DINTERLEAVE_STRATEGY=3 -DK_LOOP_UNROLL=6 -DMBAR_EARLY=1 -DN_STAGES=5 -DPHASE1_UNROLL=4 -DSNAKE_ORDER=0 -DSTAGGER_CYCLES=0 -DW0_LOOP_UNROLL=4 ... 3.184 ms / 1376 TFLOPS  (218 regs, 5.9s)
[202/270] -DINTERLEAVE_STRATEGY=3 -DK_LOOP_UNROLL=6 -DMBAR_EARLY=1 -DN_STAGES=5 -DPHASE1_UNROLL=4 -DSNAKE_ORDER=0 -DSTAGGER_CYCLES=0 -DSUB_MMA_UNROLL=1 ... 3.231 ms / 1356 TFLOPS  (230 regs, 6.1s)
[203/270] -DINTERLEAVE_STRATEGY=3 -DK_LOOP_UNROLL=6 -DMBAR_EARLY=1 -DN_STAGES=5 -DPHASE1_UNROLL=4 -DSNAKE_ORDER=0 -DSTAGGER_CYCLES=0 -DSUB_MMA_UNROLL=1 -DW0_LOOP_UNROLL=1 ... 3.146 ms / 1392 TFLOPS  (209 regs, 6.1s)
[204/270] -DINTERLEAVE_STRATEGY=3 -DK_LOOP_UNROLL=6 -DMBAR_EARLY=1 -DN_STAGES=5 -DPHASE1_UNROLL=4 -DSNAKE_ORDER=0 -DSTAGGER_CYCLES=0 -DSUB_MMA_UNROLL=1 -DW0_LOOP_UNROLL=4 ... 3.193 ms / 1372 TFLOPS  (209 regs, 6.1s)
[205/270] -DINTERLEAVE_STRATEGY=3 -DK_LOOP_UNROLL=6 -DMBAR_EARLY=1 -DN_STAGES=5 -DPHASE1_UNROLL=4 -DSNAKE_ORDER=0 -DSTAGGER_CYCLES=0 -DSUB_MMA_UNROLL=3 ... 3.259 ms / 1344 TFLOPS  (236 regs, 6.0s)
[206/270] -DINTERLEAVE_STRATEGY=3 -DK_LOOP_UNROLL=6 -DMBAR_EARLY=1 -DN_STAGES=5 -DPHASE1_UNROLL=4 -DSNAKE_ORDER=0 -DSTAGGER_CYCLES=0 -DSUB_MMA_UNROLL=3 -DW0_LOOP_UNROLL=1 ... 3.167 ms / 1383 TFLOPS  (218 regs, 5.9s)
[207/270] -DINTERLEAVE_STRATEGY=3 -DK_LOOP_UNROLL=6 -DMBAR_EARLY=1 -DN_STAGES=5 -DPHASE1_UNROLL=4 -DSNAKE_ORDER=0 -DSTAGGER_CYCLES=0 -DSUB_MMA_UNROLL=3 -DW0_LOOP_UNROLL=4 ... 3.184 ms / 1376 TFLOPS  (218 regs, 5.9s)
[208/270] -DINTERLEAVE_STRATEGY=3 -DK_LOOP_UNROLL=6 -DMBAR_EARLY=1 -DN_STAGES=5 -DPHASE1_UNROLL=4 -DSTAGGER_CYCLES=0 ... 2.861 ms / 1531 TFLOPS  (236 regs, 6.0s)
[209/270] -DINTERLEAVE_STRATEGY=3 -DK_LOOP_UNROLL=6 -DMBAR_EARLY=1 -DN_STAGES=5 -DPHASE1_UNROLL=4 -DSTAGGER_CYCLES=0 -DW0_LOOP_UNROLL=1 ... 2.846 ms / 1539 TFLOPS  (218 regs, 6.0s)
[210/270] -DINTERLEAVE_STRATEGY=3 -DK_LOOP_UNROLL=6 -DMBAR_EARLY=1 -DN_STAGES=5 -DPHASE1_UNROLL=4 -DSTAGGER_CYCLES=0 -DW0_LOOP_UNROLL=4 ... 2.781 ms / 1575 TFLOPS  (218 regs, 6.1s)
[211/270] -DINTERLEAVE_STRATEGY=3 -DK_LOOP_UNROLL=6 -DMBAR_EARLY=1 -DN_STAGES=5 -DPHASE1_UNROLL=4 -DSTAGGER_CYCLES=0 -DSUB_MMA_UNROLL=1 ... 2.828 ms / 1549 TFLOPS  (230 regs, 5.9s)
[212/270] -DINTERLEAVE_STRATEGY=3 -DK_LOOP_UNROLL=6 -DMBAR_EARLY=1 -DN_STAGES=5 -DPHASE1_UNROLL=4 -DSTAGGER_CYCLES=0 -DSUB_MMA_UNROLL=1 -DW0_LOOP_UNROLL=1 ... 2.832 ms / 1547 TFLOPS  (209 regs, 6.2s)
[213/270] -DINTERLEAVE_STRATEGY=3 -DK_LOOP_UNROLL=6 -DMBAR_EARLY=1 -DN_STAGES=5 -DPHASE1_UNROLL=4 -DSTAGGER_CYCLES=0 -DSUB_MMA_UNROLL=1 -DW0_LOOP_UNROLL=4 ... 2.861 ms / 1531 TFLOPS  (209 regs, 6.0s)
[214/270] -DINTERLEAVE_STRATEGY=3 -DK_LOOP_UNROLL=6 -DMBAR_EARLY=1 -DN_STAGES=5 -DPHASE1_UNROLL=4 -DSTAGGER_CYCLES=0 -DSUB_MMA_UNROLL=3 ... 2.824 ms / 1551 TFLOPS  (236 regs, 6.0s)
[215/270] -DINTERLEAVE_STRATEGY=3 -DK_LOOP_UNROLL=6 -DMBAR_EARLY=1 -DN_STAGES=5 -DPHASE1_UNROLL=4 -DSTAGGER_CYCLES=0 -DSUB_MMA_UNROLL=3 -DW0_LOOP_UNROLL=1 ... 2.849 ms / 1537 TFLOPS  (218 regs, 6.1s)
[216/270] -DINTERLEAVE_STRATEGY=3 -DK_LOOP_UNROLL=6 -DMBAR_EARLY=1 -DN_STAGES=5 -DPHASE1_UNROLL=4 -DSTAGGER_CYCLES=0 -DSUB_MMA_UNROLL=3 -DW0_LOOP_UNROLL=4 ... 2.781 ms / 1575 TFLOPS  (218 regs, 6.1s)
[217/270] -DINTERLEAVE_STRATEGY=3 -DK_LOOP_UNROLL=8 -DMBAR_EARLY=1 -DN_STAGES=5 -DPHASE1_UNROLL=1 -DSNAKE_ORDER=0 -DSTAGGER_CYCLES=0 ... 3.856 ms / 1136 TFLOPS  (189 regs, 5.9s)
[218/270] -DINTERLEAVE_STRATEGY=3 -DK_LOOP_UNROLL=8 -DMBAR_EARLY=1 -DN_STAGES=5 -DPHASE1_UNROLL=1 -DSNAKE_ORDER=0 -DSTAGGER_CYCLES=0 -DW0_LOOP_UNROLL=1 ... 3.853 ms / 1137 TFLOPS  (170 regs, 5.9s)
[219/270] -DINTERLEAVE_STRATEGY=3 -DK_LOOP_UNROLL=8 -DMBAR_EARLY=1 -DN_STAGES=5 -DPHASE1_UNROLL=1 -DSNAKE_ORDER=0 -DSTAGGER_CYCLES=0 -DW0_LOOP_UNROLL=4 ... 3.869 ms / 1132 TFLOPS  (170 regs, 6.0s)
[220/270] -DINTERLEAVE_STRATEGY=3 -DK_LOOP_UNROLL=8 -DMBAR_EARLY=1 -DN_STAGES=5 -DPHASE1_UNROLL=1 -DSNAKE_ORDER=0 -DSTAGGER_CYCLES=0 -DSUB_MMA_UNROLL=1 ... 3.847 ms / 1139 TFLOPS  (181 regs, 6.0s)
[221/270] -DINTERLEAVE_STRATEGY=3 -DK_LOOP_UNROLL=8 -DMBAR_EARLY=1 -DN_STAGES=5 -DPHASE1_UNROLL=1 -DSNAKE_ORDER=0 -DSTAGGER_CYCLES=0 -DSUB_MMA_UNROLL=1 -DW0_LOOP_UNROLL=1 ... 3.814 ms / 1148 TFLOPS  (163 regs, 6.0s)
[222/270] -DINTERLEAVE_STRATEGY=3 -DK_LOOP_UNROLL=8 -DMBAR_EARLY=1 -DN_STAGES=5 -DPHASE1_UNROLL=1 -DSNAKE_ORDER=0 -DSTAGGER_CYCLES=0 -DSUB_MMA_UNROLL=1 -DW0_LOOP_UNROLL=4 ... 3.831 ms / 1143 TFLOPS  (163 regs, 5.9s)
[223/270] -DINTERLEAVE_STRATEGY=3 -DK_LOOP_UNROLL=8 -DMBAR_EARLY=1 -DN_STAGES=5 -DPHASE1_UNROLL=1 -DSNAKE_ORDER=0 -DSTAGGER_CYCLES=0 -DSUB_MMA_UNROLL=3 ... 3.854 ms / 1136 TFLOPS  (189 regs, 5.8s)
[224/270] -DINTERLEAVE_STRATEGY=3 -DK_LOOP_UNROLL=8 -DMBAR_EARLY=1 -DN_STAGES=5 -DPHASE1_UNROLL=1 -DSNAKE_ORDER=0 -DSTAGGER_CYCLES=0 -DSUB_MMA_UNROLL=3 -DW0_LOOP_UNROLL=1 ... 3.851 ms / 1137 TFLOPS  (170 regs, 5.9s)
[225/270] -DINTERLEAVE_STRATEGY=3 -DK_LOOP_UNROLL=8 -DMBAR_EARLY=1 -DN_STAGES=5 -DPHASE1_UNROLL=1 -DSNAKE_ORDER=0 -DSTAGGER_CYCLES=0 -DSUB_MMA_UNROLL=3 -DW0_LOOP_UNROLL=4 ... 3.867 ms / 1133 TFLOPS  (170 regs, 6.0s)
[226/270] -DINTERLEAVE_STRATEGY=3 -DK_LOOP_UNROLL=8 -DMBAR_EARLY=1 -DN_STAGES=5 -DPHASE1_UNROLL=1 -DSTAGGER_CYCLES=0 ... 3.310 ms / 1323 TFLOPS  (189 regs, 5.9s)
[227/270] -DINTERLEAVE_STRATEGY=3 -DK_LOOP_UNROLL=8 -DMBAR_EARLY=1 -DN_STAGES=5 -DPHASE1_UNROLL=1 -DSTAGGER_CYCLES=0 -DW0_LOOP_UNROLL=1 ... 3.308 ms / 1324 TFLOPS  (170 regs, 5.9s)
[228/270] -DINTERLEAVE_STRATEGY=3 -DK_LOOP_UNROLL=8 -DMBAR_EARLY=1 -DN_STAGES=5 -DPHASE1_UNROLL=1 -DSTAGGER_CYCLES=0 -DW0_LOOP_UNROLL=4 ... 3.317 ms / 1321 TFLOPS  (170 regs, 6.0s)
[229/270] -DINTERLEAVE_STRATEGY=3 -DK_LOOP_UNROLL=8 -DMBAR_EARLY=1 -DN_STAGES=5 -DPHASE1_UNROLL=1 -DSTAGGER_CYCLES=0 -DSUB_MMA_UNROLL=1 ... 3.261 ms / 1343 TFLOPS  (181 regs, 5.8s)
[230/270] -DINTERLEAVE_STRATEGY=3 -DK_LOOP_UNROLL=8 -DMBAR_EARLY=1 -DN_STAGES=5 -DPHASE1_UNROLL=1 -DSTAGGER_CYCLES=0 -DSUB_MMA_UNROLL=1 -DW0_LOOP_UNROLL=1 ... 3.248 ms / 1349 TFLOPS  (163 regs, 5.8s)
[231/270] -DINTERLEAVE_STRATEGY=3 -DK_LOOP_UNROLL=8 -DMBAR_EARLY=1 -DN_STAGES=5 -DPHASE1_UNROLL=1 -DSTAGGER_CYCLES=0 -DSUB_MMA_UNROLL=1 -DW0_LOOP_UNROLL=4 ... 3.277 ms / 1336 TFLOPS  (163 regs, 5.9s)
[232/270] -DINTERLEAVE_STRATEGY=3 -DK_LOOP_UNROLL=8 -DMBAR_EARLY=1 -DN_STAGES=5 -DPHASE1_UNROLL=1 -DSTAGGER_CYCLES=0 -DSUB_MMA_UNROLL=3 ... 3.342 ms / 1311 TFLOPS  (189 regs, 6.0s)
[233/270] -DINTERLEAVE_STRATEGY=3 -DK_LOOP_UNROLL=8 -DMBAR_EARLY=1 -DN_STAGES=5 -DPHASE1_UNROLL=1 -DSTAGGER_CYCLES=0 -DSUB_MMA_UNROLL=3 -DW0_LOOP_UNROLL=1 ... 3.318 ms / 1320 TFLOPS  (170 regs, 5.9s)
[234/270] -DINTERLEAVE_STRATEGY=3 -DK_LOOP_UNROLL=8 -DMBAR_EARLY=1 -DN_STAGES=5 -DPHASE1_UNROLL=1 -DSTAGGER_CYCLES=0 -DSUB_MMA_UNROLL=3 -DW0_LOOP_UNROLL=4 ... 3.332 ms / 1314 TFLOPS  (170 regs, 6.0s)
[235/270] -DINTERLEAVE_STRATEGY=3 -DK_LOOP_UNROLL=8 -DMBAR_EARLY=1 -DN_STAGES=5 -DSNAKE_ORDER=0 -DSTAGGER_CYCLES=0 ... 3.215 ms / 1362 TFLOPS  (232 regs, 6.0s)
[236/270] -DINTERLEAVE_STRATEGY=3 -DK_LOOP_UNROLL=8 -DMBAR_EARLY=1 -DN_STAGES=5 -DSNAKE_ORDER=0 -DSTAGGER_CYCLES=0 -DW0_LOOP_UNROLL=1 ... 3.190 ms / 1373 TFLOPS  (210 regs, 5.9s)
[237/270] -DINTERLEAVE_STRATEGY=3 -DK_LOOP_UNROLL=8 -DMBAR_EARLY=1 -DN_STAGES=5 -DSNAKE_ORDER=0 -DSTAGGER_CYCLES=0 -DW0_LOOP_UNROLL=4 ... 3.201 ms / 1368 TFLOPS  (210 regs, 5.9s)
[238/270] -DINTERLEAVE_STRATEGY=3 -DK_LOOP_UNROLL=8 -DMBAR_EARLY=1 -DN_STAGES=5 -DSNAKE_ORDER=0 -DSTAGGER_CYCLES=0 -DSUB_MMA_UNROLL=1 ... 3.216 ms / 1362 TFLOPS  (222 regs, 5.9s)
[239/270] -DINTERLEAVE_STRATEGY=3 -DK_LOOP_UNROLL=8 -DMBAR_EARLY=1 -DN_STAGES=5 -DSNAKE_ORDER=0 -DSTAGGER_CYCLES=0 -DSUB_MMA_UNROLL=1 -DW0_LOOP_UNROLL=1 ... 3.216 ms / 1362 TFLOPS  (210 regs, 6.0s)
[240/270] -DINTERLEAVE_STRATEGY=3 -DK_LOOP_UNROLL=8 -DMBAR_EARLY=1 -DN_STAGES=5 -DSNAKE_ORDER=0 -DSTAGGER_CYCLES=0 -DSUB_MMA_UNROLL=1 -DW0_LOOP_UNROLL=4 ... 3.263 ms / 1342 TFLOPS  (210 regs, 6.0s)
[241/270] -DINTERLEAVE_STRATEGY=3 -DK_LOOP_UNROLL=8 -DMBAR_EARLY=1 -DN_STAGES=5 -DSNAKE_ORDER=0 -DSTAGGER_CYCLES=0 -DSUB_MMA_UNROLL=3 ... 3.213 ms / 1363 TFLOPS  (232 regs, 5.9s)
[242/270] -DINTERLEAVE_STRATEGY=3 -DK_LOOP_UNROLL=8 -DMBAR_EARLY=1 -DN_STAGES=5 -DSNAKE_ORDER=0 -DSTAGGER_CYCLES=0 -DSUB_MMA_UNROLL=3 -DW0_LOOP_UNROLL=1 ... 3.189 ms / 1373 TFLOPS  (210 regs, 5.9s)
[243/270] -DINTERLEAVE_STRATEGY=3 -DK_LOOP_UNROLL=8 -DMBAR_EARLY=1 -DN_STAGES=5 -DSNAKE_ORDER=0 -DSTAGGER_CYCLES=0 -DSUB_MMA_UNROLL=3 -DW0_LOOP_UNROLL=4 ... 3.200 ms / 1369 TFLOPS  (210 regs, 6.0s)
[244/270] -DINTERLEAVE_STRATEGY=3 -DK_LOOP_UNROLL=8 -DMBAR_EARLY=1 -DN_STAGES=5 -DSTAGGER_CYCLES=0 ... 2.873 ms / 1524 TFLOPS  (230 regs, 6.0s)
[245/270] -DINTERLEAVE_STRATEGY=3 -DK_LOOP_UNROLL=8 -DMBAR_EARLY=1 -DN_STAGES=5 -DSTAGGER_CYCLES=0 -DW0_LOOP_UNROLL=1 ... 2.840 ms / 1542 TFLOPS  (210 regs, 6.0s)
[246/270] -DINTERLEAVE_STRATEGY=3 -DK_LOOP_UNROLL=8 -DMBAR_EARLY=1 -DN_STAGES=5 -DSTAGGER_CYCLES=0 -DW0_LOOP_UNROLL=4 ... 2.838 ms / 1544 TFLOPS  (210 regs, 5.8s)
[247/270] -DINTERLEAVE_STRATEGY=3 -DK_LOOP_UNROLL=8 -DMBAR_EARLY=1 -DN_STAGES=5 -DSTAGGER_CYCLES=0 -DSUB_MMA_UNROLL=1 ... 2.855 ms / 1534 TFLOPS  (223 regs, 5.9s)
[248/270] -DINTERLEAVE_STRATEGY=3 -DK_LOOP_UNROLL=8 -DMBAR_EARLY=1 -DN_STAGES=5 -DSTAGGER_CYCLES=0 -DSUB_MMA_UNROLL=1 -DW0_LOOP_UNROLL=1 ... 2.839 ms / 1543 TFLOPS  (211 regs, 5.9s)
[249/270] -DINTERLEAVE_STRATEGY=3 -DK_LOOP_UNROLL=8 -DMBAR_EARLY=1 -DN_STAGES=5 -DSTAGGER_CYCLES=0 -DSUB_MMA_UNROLL=1 -DW0_LOOP_UNROLL=4 ... 2.847 ms / 1539 TFLOPS  (211 regs, 6.0s)
[250/270] -DINTERLEAVE_STRATEGY=3 -DK_LOOP_UNROLL=8 -DMBAR_EARLY=1 -DN_STAGES=5 -DSTAGGER_CYCLES=0 -DSUB_MMA_UNROLL=3 ... 2.873 ms / 1525 TFLOPS  (230 regs, 5.9s)
[251/270] -DINTERLEAVE_STRATEGY=3 -DK_LOOP_UNROLL=8 -DMBAR_EARLY=1 -DN_STAGES=5 -DSTAGGER_CYCLES=0 -DSUB_MMA_UNROLL=3 -DW0_LOOP_UNROLL=1 ... 2.828 ms / 1549 TFLOPS  (210 regs, 5.9s)
[252/270] -DINTERLEAVE_STRATEGY=3 -DK_LOOP_UNROLL=8 -DMBAR_EARLY=1 -DN_STAGES=5 -DSTAGGER_CYCLES=0 -DSUB_MMA_UNROLL=3 -DW0_LOOP_UNROLL=4 ... 2.833 ms / 1546 TFLOPS  (210 regs, 5.9s)
[253/270] -DINTERLEAVE_STRATEGY=3 -DK_LOOP_UNROLL=8 -DMBAR_EARLY=1 -DN_STAGES=5 -DPHASE1_UNROLL=4 -DSNAKE_ORDER=0 -DSTAGGER_CYCLES=0 ... 3.258 ms / 1344 TFLOPS  (236 regs, 6.1s)
[254/270] -DINTERLEAVE_STRATEGY=3 -DK_LOOP_UNROLL=8 -DMBAR_EARLY=1 -DN_STAGES=5 -DPHASE1_UNROLL=4 -DSNAKE_ORDER=0 -DSTAGGER_CYCLES=0 -DW0_LOOP_UNROLL=1 ... 3.169 ms / 1382 TFLOPS  (218 regs, 6.0s)
[255/270] -DINTERLEAVE_STRATEGY=3 -DK_LOOP_UNROLL=8 -DMBAR_EARLY=1 -DN_STAGES=5 -DPHASE1_UNROLL=4 -DSNAKE_ORDER=0 -DSTAGGER_CYCLES=0 -DW0_LOOP_UNROLL=4 ... 3.185 ms / 1375 TFLOPS  (218 regs, 6.1s)
[256/270] -DINTERLEAVE_STRATEGY=3 -DK_LOOP_UNROLL=8 -DMBAR_EARLY=1 -DN_STAGES=5 -DPHASE1_UNROLL=4 -DSNAKE_ORDER=0 -DSTAGGER_CYCLES=0 -DSUB_MMA_UNROLL=1 ... 3.232 ms / 1355 TFLOPS  (230 regs, 6.1s)
[257/270] -DINTERLEAVE_STRATEGY=3 -DK_LOOP_UNROLL=8 -DMBAR_EARLY=1 -DN_STAGES=5 -DPHASE1_UNROLL=4 -DSNAKE_ORDER=0 -DSTAGGER_CYCLES=0 -DSUB_MMA_UNROLL=1 -DW0_LOOP_UNROLL=1 ... 3.145 ms / 1393 TFLOPS  (209 regs, 6.0s)
[258/270] -DINTERLEAVE_STRATEGY=3 -DK_LOOP_UNROLL=8 -DMBAR_EARLY=1 -DN_STAGES=5 -DPHASE1_UNROLL=4 -DSNAKE_ORDER=0 -DSTAGGER_CYCLES=0 -DSUB_MMA_UNROLL=1 -DW0_LOOP_UNROLL=4 ... 3.193 ms / 1372 TFLOPS  (209 regs, 5.9s)
[259/270] -DINTERLEAVE_STRATEGY=3 -DK_LOOP_UNROLL=8 -DMBAR_EARLY=1 -DN_STAGES=5 -DPHASE1_UNROLL=4 -DSNAKE_ORDER=0 -DSTAGGER_CYCLES=0 -DSUB_MMA_UNROLL=3 ... 3.261 ms / 1343 TFLOPS  (236 regs, 6.1s)
[260/270] -DINTERLEAVE_STRATEGY=3 -DK_LOOP_UNROLL=8 -DMBAR_EARLY=1 -DN_STAGES=5 -DPHASE1_UNROLL=4 -DSNAKE_ORDER=0 -DSTAGGER_CYCLES=0 -DSUB_MMA_UNROLL=3 -DW0_LOOP_UNROLL=1 ... 3.169 ms / 1382 TFLOPS  (218 regs, 6.0s)
[261/270] -DINTERLEAVE_STRATEGY=3 -DK_LOOP_UNROLL=8 -DMBAR_EARLY=1 -DN_STAGES=5 -DPHASE1_UNROLL=4 -DSNAKE_ORDER=0 -DSTAGGER_CYCLES=0 -DSUB_MMA_UNROLL=3 -DW0_LOOP_UNROLL=4 ... 3.182 ms / 1376 TFLOPS  (218 regs, 6.0s)
[262/270] -DINTERLEAVE_STRATEGY=3 -DK_LOOP_UNROLL=8 -DMBAR_EARLY=1 -DN_STAGES=5 -DPHASE1_UNROLL=4 -DSTAGGER_CYCLES=0 ... 2.828 ms / 1549 TFLOPS  (236 regs, 6.1s)
[263/270] -DINTERLEAVE_STRATEGY=3 -DK_LOOP_UNROLL=8 -DMBAR_EARLY=1 -DN_STAGES=5 -DPHASE1_UNROLL=4 -DSTAGGER_CYCLES=0 -DW0_LOOP_UNROLL=1 ... 2.842 ms / 1541 TFLOPS  (218 regs, 6.0s)
[264/270] -DINTERLEAVE_STRATEGY=3 -DK_LOOP_UNROLL=8 -DMBAR_EARLY=1 -DN_STAGES=5 -DPHASE1_UNROLL=4 -DSTAGGER_CYCLES=0 -DW0_LOOP_UNROLL=4 ... 2.746 ms / 1595 TFLOPS  (218 regs, 6.1s)
[265/270] -DINTERLEAVE_STRATEGY=3 -DK_LOOP_UNROLL=8 -DMBAR_EARLY=1 -DN_STAGES=5 -DPHASE1_UNROLL=4 -DSTAGGER_CYCLES=0 -DSUB_MMA_UNROLL=1 ... 2.809 ms / 1559 TFLOPS  (230 regs, 5.9s)
[266/270] -DINTERLEAVE_STRATEGY=3 -DK_LOOP_UNROLL=8 -DMBAR_EARLY=1 -DN_STAGES=5 -DPHASE1_UNROLL=4 -DSTAGGER_CYCLES=0 -DSUB_MMA_UNROLL=1 -DW0_LOOP_UNROLL=1 ... 2.844 ms / 1540 TFLOPS  (209 regs, 6.0s)
[267/270] -DINTERLEAVE_STRATEGY=3 -DK_LOOP_UNROLL=8 -DMBAR_EARLY=1 -DN_STAGES=5 -DPHASE1_UNROLL=4 -DSTAGGER_CYCLES=0 -DSUB_MMA_UNROLL=1 -DW0_LOOP_UNROLL=4 ... 2.800 ms / 1564 TFLOPS  (209 regs, 6.1s)
[268/270] -DINTERLEAVE_STRATEGY=3 -DK_LOOP_UNROLL=8 -DMBAR_EARLY=1 -DN_STAGES=5 -DPHASE1_UNROLL=4 -DSTAGGER_CYCLES=0 -DSUB_MMA_UNROLL=3 ... 2.855 ms / 1534 TFLOPS  (236 regs, 6.1s)
[269/270] -DINTERLEAVE_STRATEGY=3 -DK_LOOP_UNROLL=8 -DMBAR_EARLY=1 -DN_STAGES=5 -DPHASE1_UNROLL=4 -DSTAGGER_CYCLES=0 -DSUB_MMA_UNROLL=3 -DW0_LOOP_UNROLL=1 ... 2.832 ms / 1547 TFLOPS  (218 regs, 6.0s)
[270/270] -DINTERLEAVE_STRATEGY=3 -DK_LOOP_UNROLL=8 -DMBAR_EARLY=1 -DN_STAGES=5 -DPHASE1_UNROLL=4 -DSTAGGER_CYCLES=0 -DSUB_MMA_UNROLL=3 -DW0_LOOP_UNROLL=4 ... 2.778 ms / 1577 TFLOPS  (218 regs, 6.1s)
  Branch 2/3: -DINTERLEAVE_STRATEGY=3 -DN_STAGES=5 -DSTAGGER_CYCLES=40
Sweep: 540 total, 270 valid, 270 pruned
Estimated time: ~22 min (270 configs × ~5s each)

[1/270] -DINTERLEAVE_STRATEGY=3 -DK_LOOP_UNROLL=1 -DN_STAGES=5 -DPHASE1_UNROLL=1 -DSNAKE_ORDER=0 -DSTAGGER_CYCLES=40 ... 3.902 ms / 1123 TFLOPS  (175 regs, 6.0s)
[2/270] -DINTERLEAVE_STRATEGY=3 -DK_LOOP_UNROLL=1 -DN_STAGES=5 -DPHASE1_UNROLL=1 -DSNAKE_ORDER=0 -DSTAGGER_CYCLES=40 -DW0_LOOP_UNROLL=1 ... 3.813 ms / 1149 TFLOPS  (154 regs, 6.0s)
[3/270] -DINTERLEAVE_STRATEGY=3 -DK_LOOP_UNROLL=1 -DN_STAGES=5 -DPHASE1_UNROLL=1 -DSNAKE_ORDER=0 -DSTAGGER_CYCLES=40 -DW0_LOOP_UNROLL=4 ... 3.824 ms / 1145 TFLOPS  (154 regs, 5.9s)
[4/270] -DINTERLEAVE_STRATEGY=3 -DK_LOOP_UNROLL=1 -DN_STAGES=5 -DPHASE1_UNROLL=1 -DSNAKE_ORDER=0 -DSTAGGER_CYCLES=40 -DSUB_MMA_UNROLL=1 ... 3.843 ms / 1140 TFLOPS  (168 regs, 5.9s)
[5/270] -DINTERLEAVE_STRATEGY=3 -DK_LOOP_UNROLL=1 -DN_STAGES=5 -DPHASE1_UNROLL=1 -DSNAKE_ORDER=0 -DSTAGGER_CYCLES=40 -DSUB_MMA_UNROLL=1 -DW0_LOOP_UNROLL=1 ... 3.819 ms / 1147 TFLOPS  (146 regs, 5.9s)
[6/270] -DINTERLEAVE_STRATEGY=3 -DK_LOOP_UNROLL=1 -DN_STAGES=5 -DPHASE1_UNROLL=1 -DSNAKE_ORDER=0 -DSTAGGER_CYCLES=40 -DSUB_MMA_UNROLL=1 -DW0_LOOP_UNROLL=4 ... 3.842 ms / 1140 TFLOPS  (146 regs, 5.8s)
[7/270] -DINTERLEAVE_STRATEGY=3 -DK_LOOP_UNROLL=1 -DN_STAGES=5 -DPHASE1_UNROLL=1 -DSNAKE_ORDER=0 -DSTAGGER_CYCLES=40 -DSUB_MMA_UNROLL=3 ... 3.905 ms / 1122 TFLOPS  (175 regs, 6.0s)
[8/270] -DINTERLEAVE_STRATEGY=3 -DK_LOOP_UNROLL=1 -DN_STAGES=5 -DPHASE1_UNROLL=1 -DSNAKE_ORDER=0 -DSTAGGER_CYCLES=40 -DSUB_MMA_UNROLL=3 -DW0_LOOP_UNROLL=1 ... 3.813 ms / 1149 TFLOPS  (154 regs, 6.0s)
[9/270] -DINTERLEAVE_STRATEGY=3 -DK_LOOP_UNROLL=1 -DN_STAGES=5 -DPHASE1_UNROLL=1 -DSNAKE_ORDER=0 -DSTAGGER_CYCLES=40 -DSUB_MMA_UNROLL=3 -DW0_LOOP_UNROLL=4 ... 3.823 ms / 1146 TFLOPS  (154 regs, 5.9s)
[10/270] -DINTERLEAVE_STRATEGY=3 -DK_LOOP_UNROLL=1 -DN_STAGES=5 -DPHASE1_UNROLL=1 -DSTAGGER_CYCLES=40 ... 3.306 ms / 1325 TFLOPS  (175 regs, 5.9s)
[11/270] -DINTERLEAVE_STRATEGY=3 -DK_LOOP_UNROLL=1 -DN_STAGES=5 -DPHASE1_UNROLL=1 -DSTAGGER_CYCLES=40 -DW0_LOOP_UNROLL=1 ... 3.288 ms / 1332 TFLOPS  (152 regs, 5.9s)
[12/270] -DINTERLEAVE_STRATEGY=3 -DK_LOOP_UNROLL=1 -DN_STAGES=5 -DPHASE1_UNROLL=1 -DSTAGGER_CYCLES=40 -DW0_LOOP_UNROLL=4 ... 3.296 ms / 1329 TFLOPS  (152 regs, 6.0s)
[13/270] -DINTERLEAVE_STRATEGY=3 -DK_LOOP_UNROLL=1 -DN_STAGES=5 -DPHASE1_UNROLL=1 -DSTAGGER_CYCLES=40 -DSUB_MMA_UNROLL=1 ... 3.347 ms / 1309 TFLOPS  (168 regs, 5.9s)
[14/270] -DINTERLEAVE_STRATEGY=3 -DK_LOOP_UNROLL=1 -DN_STAGES=5 -DPHASE1_UNROLL=1 -DSTAGGER_CYCLES=40 -DSUB_MMA_UNROLL=1 -DW0_LOOP_UNROLL=1 ... 3.315 ms / 1321 TFLOPS  (144 regs, 6.0s)
[15/270] -DINTERLEAVE_STRATEGY=3 -DK_LOOP_UNROLL=1 -DN_STAGES=5 -DPHASE1_UNROLL=1 -DSTAGGER_CYCLES=40 -DSUB_MMA_UNROLL=1 -DW0_LOOP_UNROLL=4 ... 3.328 ms / 1316 TFLOPS  (144 regs, 5.9s)
[16/270] -DINTERLEAVE_STRATEGY=3 -DK_LOOP_UNROLL=1 -DN_STAGES=5 -DPHASE1_UNROLL=1 -DSTAGGER_CYCLES=40 -DSUB_MMA_UNROLL=3 ... 3.351 ms / 1307 TFLOPS  (175 regs, 5.8s)
[17/270] -DINTERLEAVE_STRATEGY=3 -DK_LOOP_UNROLL=1 -DN_STAGES=5 -DPHASE1_UNROLL=1 -DSTAGGER_CYCLES=40 -DSUB_MMA_UNROLL=3 -DW0_LOOP_UNROLL=1 ... 3.299 ms / 1328 TFLOPS  (152 regs, 5.8s)
[18/270] -DINTERLEAVE_STRATEGY=3 -DK_LOOP_UNROLL=1 -DN_STAGES=5 -DPHASE1_UNROLL=1 -DSTAGGER_CYCLES=40 -DSUB_MMA_UNROLL=3 -DW0_LOOP_UNROLL=4 ... 3.305 ms / 1325 TFLOPS  (152 regs, 5.8s)
[19/270] -DINTERLEAVE_STRATEGY=3 -DK_LOOP_UNROLL=1 -DN_STAGES=5 -DSNAKE_ORDER=0 -DSTAGGER_CYCLES=40 ... 3.442 ms / 1273 TFLOPS  (219 regs, 6.1s)
[20/270] -DINTERLEAVE_STRATEGY=3 -DK_LOOP_UNROLL=1 -DN_STAGES=5 -DSNAKE_ORDER=0 -DSTAGGER_CYCLES=40 -DW0_LOOP_UNROLL=1 ... 3.407 ms / 1286 TFLOPS  (195 regs, 5.9s)
[21/270] -DINTERLEAVE_STRATEGY=3 -DK_LOOP_UNROLL=1 -DN_STAGES=5 -DSNAKE_ORDER=0 -DSTAGGER_CYCLES=40 -DW0_LOOP_UNROLL=4 ... 3.432 ms / 1276 TFLOPS  (195 regs, 6.0s)
[22/270] -DINTERLEAVE_STRATEGY=3 -DK_LOOP_UNROLL=1 -DN_STAGES=5 -DSNAKE_ORDER=0 -DSTAGGER_CYCLES=40 -DSUB_MMA_UNROLL=1 ... 3.442 ms / 1272 TFLOPS  (210 regs, 5.9s)
[23/270] -DINTERLEAVE_STRATEGY=3 -DK_LOOP_UNROLL=1 -DN_STAGES=5 -DSNAKE_ORDER=0 -DSTAGGER_CYCLES=40 -DSUB_MMA_UNROLL=1 -DW0_LOOP_UNROLL=1 ... 3.317 ms / 1320 TFLOPS  (186 regs, 5.9s)
[24/270] -DINTERLEAVE_STRATEGY=3 -DK_LOOP_UNROLL=1 -DN_STAGES=5 -DSNAKE_ORDER=0 -DSTAGGER_CYCLES=40 -DSUB_MMA_UNROLL=1 -DW0_LOOP_UNROLL=4 ... 3.358 ms / 1304 TFLOPS  (186 regs, 6.1s)
[25/270] -DINTERLEAVE_STRATEGY=3 -DK_LOOP_UNROLL=1 -DN_STAGES=5 -DSNAKE_ORDER=0 -DSTAGGER_CYCLES=40 -DSUB_MMA_UNROLL=3 ... 3.444 ms / 1272 TFLOPS  (219 regs, 6.0s)
[26/270] -DINTERLEAVE_STRATEGY=3 -DK_LOOP_UNROLL=1 -DN_STAGES=5 -DSNAKE_ORDER=0 -DSTAGGER_CYCLES=40 -DSUB_MMA_UNROLL=3 -DW0_LOOP_UNROLL=1 ... 3.410 ms / 1284 TFLOPS  (195 regs, 6.0s)
[27/270] -DINTERLEAVE_STRATEGY=3 -DK_LOOP_UNROLL=1 -DN_STAGES=5 -DSNAKE_ORDER=0 -DSTAGGER_CYCLES=40 -DSUB_MMA_UNROLL=3 -DW0_LOOP_UNROLL=4 ... 3.433 ms / 1276 TFLOPS  (195 regs, 5.9s)
[28/270] -DINTERLEAVE_STRATEGY=3 -DK_LOOP_UNROLL=1 -DN_STAGES=5 -DSTAGGER_CYCLES=40 ... 2.928 ms / 1496 TFLOPS  (219 regs, 5.9s)
[29/270] -DINTERLEAVE_STRATEGY=3 -DK_LOOP_UNROLL=1 -DN_STAGES=5 -DSTAGGER_CYCLES=40 -DW0_LOOP_UNROLL=1 ... 2.960 ms / 1480 TFLOPS  (195 regs, 5.9s)
[30/270] -DINTERLEAVE_STRATEGY=3 -DK_LOOP_UNROLL=1 -DN_STAGES=5 -DSTAGGER_CYCLES=40 -DW0_LOOP_UNROLL=4 ... 2.985 ms / 1467 TFLOPS  (195 regs, 6.0s)
[31/270] -DINTERLEAVE_STRATEGY=3 -DK_LOOP_UNROLL=1 -DN_STAGES=5 -DSTAGGER_CYCLES=40 -DSUB_MMA_UNROLL=1 ... 2.985 ms / 1468 TFLOPS  (211 regs, 6.0s)
[32/270] -DINTERLEAVE_STRATEGY=3 -DK_LOOP_UNROLL=1 -DN_STAGES=5 -DSTAGGER_CYCLES=40 -DSUB_MMA_UNROLL=1 -DW0_LOOP_UNROLL=1 ... 2.965 ms / 1477 TFLOPS  (186 regs, 5.9s)
[33/270] -DINTERLEAVE_STRATEGY=3 -DK_LOOP_UNROLL=1 -DN_STAGES=5 -DSTAGGER_CYCLES=40 -DSUB_MMA_UNROLL=1 -DW0_LOOP_UNROLL=4 ... 2.975 ms / 1472 TFLOPS  (186 regs, 5.9s)
[34/270] -DINTERLEAVE_STRATEGY=3 -DK_LOOP_UNROLL=1 -DN_STAGES=5 -DSTAGGER_CYCLES=40 -DSUB_MMA_UNROLL=3 ... 2.930 ms / 1495 TFLOPS  (219 regs, 5.9s)
[35/270] -DINTERLEAVE_STRATEGY=3 -DK_LOOP_UNROLL=1 -DN_STAGES=5 -DSTAGGER_CYCLES=40 -DSUB_MMA_UNROLL=3 -DW0_LOOP_UNROLL=1 ... 2.953 ms / 1483 TFLOPS  (195 regs, 6.0s)
[36/270] -DINTERLEAVE_STRATEGY=3 -DK_LOOP_UNROLL=1 -DN_STAGES=5 -DSTAGGER_CYCLES=40 -DSUB_MMA_UNROLL=3 -DW0_LOOP_UNROLL=4 ... 2.950 ms / 1485 TFLOPS  (195 regs, 5.9s)
[37/270] -DINTERLEAVE_STRATEGY=3 -DK_LOOP_UNROLL=1 -DN_STAGES=5 -DPHASE1_UNROLL=4 -DSNAKE_ORDER=0 -DSTAGGER_CYCLES=40 ... 3.368 ms / 1300 TFLOPS  (224 regs, 6.1s)
[38/270] -DINTERLEAVE_STRATEGY=3 -DK_LOOP_UNROLL=1 -DN_STAGES=5 -DPHASE1_UNROLL=4 -DSNAKE_ORDER=0 -DSTAGGER_CYCLES=40 -DW0_LOOP_UNROLL=1 ... 3.291 ms / 1331 TFLOPS  (198 regs, 6.1s)
[39/270] -DINTERLEAVE_STRATEGY=3 -DK_LOOP_UNROLL=1 -DN_STAGES=5 -DPHASE1_UNROLL=4 -DSNAKE_ORDER=0 -DSTAGGER_CYCLES=40 -DW0_LOOP_UNROLL=4 ... 3.342 ms / 1310 TFLOPS  (198 regs, 6.0s)
[40/270] -DINTERLEAVE_STRATEGY=3 -DK_LOOP_UNROLL=1 -DN_STAGES=5 -DPHASE1_UNROLL=4 -DSNAKE_ORDER=0 -DSTAGGER_CYCLES=40 -DSUB_MMA_UNROLL=1 ... 3.343 ms / 1310 TFLOPS  (214 regs, 5.9s)
[41/270] -DINTERLEAVE_STRATEGY=3 -DK_LOOP_UNROLL=1 -DN_STAGES=5 -DPHASE1_UNROLL=4 -DSNAKE_ORDER=0 -DSTAGGER_CYCLES=40 -DSUB_MMA_UNROLL=1 -DW0_LOOP_UNROLL=1 ... 3.104 ms / 1411 TFLOPS  (190 regs, 6.1s)
[42/270] -DINTERLEAVE_STRATEGY=3 -DK_LOOP_UNROLL=1 -DN_STAGES=5 -DPHASE1_UNROLL=4 -DSNAKE_ORDER=0 -DSTAGGER_CYCLES=40 -DSUB_MMA_UNROLL=1 -DW0_LOOP_UNROLL=4 ... 3.198 ms / 1370 TFLOPS  (190 regs, 6.0s)
[43/270] -DINTERLEAVE_STRATEGY=3 -DK_LOOP_UNROLL=1 -DN_STAGES=5 -DPHASE1_UNROLL=4 -DSNAKE_ORDER=0 -DSTAGGER_CYCLES=40 -DSUB_MMA_UNROLL=3 ... 3.371 ms / 1300 TFLOPS  (224 regs, 6.0s)
[44/270] -DINTERLEAVE_STRATEGY=3 -DK_LOOP_UNROLL=1 -DN_STAGES=5 -DPHASE1_UNROLL=4 -DSNAKE_ORDER=0 -DSTAGGER_CYCLES=40 -DSUB_MMA_UNROLL=3 -DW0_LOOP_UNROLL=1 ... 3.290 ms / 1331 TFLOPS  (198 regs, 6.0s)
[45/270] -DINTERLEAVE_STRATEGY=3 -DK_LOOP_UNROLL=1 -DN_STAGES=5 -DPHASE1_UNROLL=4 -DSNAKE_ORDER=0 -DSTAGGER_CYCLES=40 -DSUB_MMA_UNROLL=3 -DW0_LOOP_UNROLL=4 ... 3.342 ms / 1311 TFLOPS  (198 regs, 6.2s)
[46/270] -DINTERLEAVE_STRATEGY=3 -DK_LOOP_UNROLL=1 -DN_STAGES=5 -DPHASE1_UNROLL=4 -DSTAGGER_CYCLES=40 ... 2.843 ms / 1540 TFLOPS  (224 regs, 5.9s)
[47/270] -DINTERLEAVE_STRATEGY=3 -DK_LOOP_UNROLL=1 -DN_STAGES=5 -DPHASE1_UNROLL=4 -DSTAGGER_CYCLES=40 -DW0_LOOP_UNROLL=1 ... 2.826 ms / 1550 TFLOPS  (198 regs, 6.0s)
[48/270] -DINTERLEAVE_STRATEGY=3 -DK_LOOP_UNROLL=1 -DN_STAGES=5 -DPHASE1_UNROLL=4 -DSTAGGER_CYCLES=40 -DW0_LOOP_UNROLL=4 ... 2.846 ms / 1539 TFLOPS  (198 regs, 6.0s)
[49/270] -DINTERLEAVE_STRATEGY=3 -DK_LOOP_UNROLL=1 -DN_STAGES=5 -DPHASE1_UNROLL=4 -DSTAGGER_CYCLES=40 -DSUB_MMA_UNROLL=1 ... 2.918 ms / 1501 TFLOPS  (214 regs, 6.0s)
[50/270] -DINTERLEAVE_STRATEGY=3 -DK_LOOP_UNROLL=1 -DN_STAGES=5 -DPHASE1_UNROLL=4 -DSTAGGER_CYCLES=40 -DSUB_MMA_UNROLL=1 -DW0_LOOP_UNROLL=1 ... 2.805 ms / 1562 TFLOPS  (190 regs, 6.1s)
[51/270] -DINTERLEAVE_STRATEGY=3 -DK_LOOP_UNROLL=1 -DN_STAGES=5 -DPHASE1_UNROLL=4 -DSTAGGER_CYCLES=40 -DSUB_MMA_UNROLL=1 -DW0_LOOP_UNROLL=4 ... 2.762 ms / 1586 TFLOPS  (190 regs, 6.1s)
[52/270] -DINTERLEAVE_STRATEGY=3 -DK_LOOP_UNROLL=1 -DN_STAGES=5 -DPHASE1_UNROLL=4 -DSTAGGER_CYCLES=40 -DSUB_MMA_UNROLL=3 ... 2.837 ms / 1544 TFLOPS  (224 regs, 6.2s)
[53/270] -DINTERLEAVE_STRATEGY=3 -DK_LOOP_UNROLL=1 -DN_STAGES=5 -DPHASE1_UNROLL=4 -DSTAGGER_CYCLES=40 -DSUB_MMA_UNROLL=3 -DW0_LOOP_UNROLL=1 ... 2.811 ms / 1558 TFLOPS  (198 regs, 6.1s)
[54/270] -DINTERLEAVE_STRATEGY=3 -DK_LOOP_UNROLL=1 -DN_STAGES=5 -DPHASE1_UNROLL=4 -DSTAGGER_CYCLES=40 -DSUB_MMA_UNROLL=3 -DW0_LOOP_UNROLL=4 ... 2.821 ms / 1553 TFLOPS  (198 regs, 6.0s)
[55/270] -DINTERLEAVE_STRATEGY=3 -DK_LOOP_UNROLL=2 -DN_STAGES=5 -DPHASE1_UNROLL=1 -DSNAKE_ORDER=0 -DSTAGGER_CYCLES=40 ... 3.895 ms / 1125 TFLOPS  (175 regs, 5.9s)
[56/270] -DINTERLEAVE_STRATEGY=3 -DK_LOOP_UNROLL=2 -DN_STAGES=5 -DPHASE1_UNROLL=1 -DSNAKE_ORDER=0 -DSTAGGER_CYCLES=40 -DW0_LOOP_UNROLL=1 ... 3.803 ms / 1152 TFLOPS  (154 regs, 6.0s)
[57/270] -DINTERLEAVE_STRATEGY=3 -DK_LOOP_UNROLL=2 -DN_STAGES=5 -DPHASE1_UNROLL=1 -DSNAKE_ORDER=0 -DSTAGGER_CYCLES=40 -DW0_LOOP_UNROLL=4 ... 3.823 ms / 1146 TFLOPS  (154 regs, 5.8s)
[58/270] -DINTERLEAVE_STRATEGY=3 -DK_LOOP_UNROLL=2 -DN_STAGES=5 -DPHASE1_UNROLL=1 -DSNAKE_ORDER=0 -DSTAGGER_CYCLES=40 -DSUB_MMA_UNROLL=1 ... 3.843 ms / 1140 TFLOPS  (168 regs, 5.9s)
[59/270] -DINTERLEAVE_STRATEGY=3 -DK_LOOP_UNROLL=2 -DN_STAGES=5 -DPHASE1_UNROLL=1 -DSNAKE_ORDER=0 -DSTAGGER_CYCLES=40 -DSUB_MMA_UNROLL=1 -DW0_LOOP_UNROLL=1 ... 3.817 ms / 1147 TFLOPS  (146 regs, 5.8s)
[60/270] -DINTERLEAVE_STRATEGY=3 -DK_LOOP_UNROLL=2 -DN_STAGES=5 -DPHASE1_UNROLL=1 -DSNAKE_ORDER=0 -DSTAGGER_CYCLES=40 -DSUB_MMA_UNROLL=1 -DW0_LOOP_UNROLL=4 ... 3.831 ms / 1143 TFLOPS  (146 regs, 6.0s)
[61/270] -DINTERLEAVE_STRATEGY=3 -DK_LOOP_UNROLL=2 -DN_STAGES=5 -DPHASE1_UNROLL=1 -DSNAKE_ORDER=0 -DSTAGGER_CYCLES=40 -DSUB_MMA_UNROLL=3 ... 3.894 ms / 1125 TFLOPS  (175 regs, 5.9s)
[62/270] -DINTERLEAVE_STRATEGY=3 -DK_LOOP_UNROLL=2 -DN_STAGES=5 -DPHASE1_UNROLL=1 -DSNAKE_ORDER=0 -DSTAGGER_CYCLES=40 -DSUB_MMA_UNROLL=3 -DW0_LOOP_UNROLL=1 ... 3.803 ms / 1152 TFLOPS  (154 regs, 5.8s)
[63/270] -DINTERLEAVE_STRATEGY=3 -DK_LOOP_UNROLL=2 -DN_STAGES=5 -DPHASE1_UNROLL=1 -DSNAKE_ORDER=0 -DSTAGGER_CYCLES=40 -DSUB_MMA_UNROLL=3 -DW0_LOOP_UNROLL=4 ... 3.821 ms / 1146 TFLOPS  (154 regs, 5.8s)
[64/270] -DINTERLEAVE_STRATEGY=3 -DK_LOOP_UNROLL=2 -DN_STAGES=5 -DPHASE1_UNROLL=1 -DSTAGGER_CYCLES=40 ... 3.330 ms / 1316 TFLOPS  (175 regs, 6.0s)
[65/270] -DINTERLEAVE_STRATEGY=3 -DK_LOOP_UNROLL=2 -DN_STAGES=5 -DPHASE1_UNROLL=1 -DSTAGGER_CYCLES=40 -DW0_LOOP_UNROLL=1 ... 3.292 ms / 1331 TFLOPS  (152 regs, 6.0s)
[66/270] -DINTERLEAVE_STRATEGY=3 -DK_LOOP_UNROLL=2 -DN_STAGES=5 -DPHASE1_UNROLL=1 -DSTAGGER_CYCLES=40 -DW0_LOOP_UNROLL=4 ... 3.292 ms / 1331 TFLOPS  (152 regs, 6.0s)
[67/270] -DINTERLEAVE_STRATEGY=3 -DK_LOOP_UNROLL=2 -DN_STAGES=5 -DPHASE1_UNROLL=1 -DSTAGGER_CYCLES=40 -DSUB_MMA_UNROLL=1 ... 3.279 ms / 1336 TFLOPS  (168 regs, 5.9s)
[68/270] -DINTERLEAVE_STRATEGY=3 -DK_LOOP_UNROLL=2 -DN_STAGES=5 -DPHASE1_UNROLL=1 -DSTAGGER_CYCLES=40 -DSUB_MMA_UNROLL=1 -DW0_LOOP_UNROLL=1 ... 3.314 ms / 1322 TFLOPS  (144 regs, 6.0s)
[69/270] -DINTERLEAVE_STRATEGY=3 -DK_LOOP_UNROLL=2 -DN_STAGES=5 -DPHASE1_UNROLL=1 -DSTAGGER_CYCLES=40 -DSUB_MMA_UNROLL=1 -DW0_LOOP_UNROLL=4 ... 3.317 ms / 1320 TFLOPS  (144 regs, 5.9s)
[70/270] -DINTERLEAVE_STRATEGY=3 -DK_LOOP_UNROLL=2 -DN_STAGES=5 -DPHASE1_UNROLL=1 -DSTAGGER_CYCLES=40 -DSUB_MMA_UNROLL=3 ... 3.343 ms / 1310 TFLOPS  (175 regs, 6.0s)
[71/270] -DINTERLEAVE_STRATEGY=3 -DK_LOOP_UNROLL=2 -DN_STAGES=5 -DPHASE1_UNROLL=1 -DSTAGGER_CYCLES=40 -DSUB_MMA_UNROLL=3 -DW0_LOOP_UNROLL=1 ... 3.317 ms / 1321 TFLOPS  (152 regs, 5.9s)
[72/270] -DINTERLEAVE_STRATEGY=3 -DK_LOOP_UNROLL=2 -DN_STAGES=5 -DPHASE1_UNROLL=1 -DSTAGGER_CYCLES=40 -DSUB_MMA_UNROLL=3 -DW0_LOOP_UNROLL=4 ... 3.283 ms / 1334 TFLOPS  (152 regs, 6.0s)
[73/270] -DINTERLEAVE_STRATEGY=3 -DK_LOOP_UNROLL=2 -DN_STAGES=5 -DSNAKE_ORDER=0 -DSTAGGER_CYCLES=40 ... 3.452 ms / 1269 TFLOPS  (219 regs, 6.0s)
[74/270] -DINTERLEAVE_STRATEGY=3 -DK_LOOP_UNROLL=2 -DN_STAGES=5 -DSNAKE_ORDER=0 -DSTAGGER_CYCLES=40 -DW0_LOOP_UNROLL=1 ... 3.414 ms / 1283 TFLOPS  (195 regs, 6.0s)
[75/270] -DINTERLEAVE_STRATEGY=3 -DK_LOOP_UNROLL=2 -DN_STAGES=5 -DSNAKE_ORDER=0 -DSTAGGER_CYCLES=40 -DW0_LOOP_UNROLL=4 ... 3.429 ms / 1277 TFLOPS  (195 regs, 6.1s)
[76/270] -DINTERLEAVE_STRATEGY=3 -DK_LOOP_UNROLL=2 -DN_STAGES=5 -DSNAKE_ORDER=0 -DSTAGGER_CYCLES=40 -DSUB_MMA_UNROLL=1 ... 3.456 ms / 1267 TFLOPS  (210 regs, 5.9s)
[77/270] -DINTERLEAVE_STRATEGY=3 -DK_LOOP_UNROLL=2 -DN_STAGES=5 -DSNAKE_ORDER=0 -DSTAGGER_CYCLES=40 -DSUB_MMA_UNROLL=1 -DW0_LOOP_UNROLL=1 ... 3.327 ms / 1317 TFLOPS  (186 regs, 6.0s)
[78/270] -DINTERLEAVE_STRATEGY=3 -DK_LOOP_UNROLL=2 -DN_STAGES=5 -DSNAKE_ORDER=0 -DSTAGGER_CYCLES=40 -DSUB_MMA_UNROLL=1 -DW0_LOOP_UNROLL=4 ... 3.375 ms / 1298 TFLOPS  (186 regs, 5.9s)
[79/270] -DINTERLEAVE_STRATEGY=3 -DK_LOOP_UNROLL=2 -DN_STAGES=5 -DSNAKE_ORDER=0 -DSTAGGER_CYCLES=40 -DSUB_MMA_UNROLL=3 ... 3.443 ms / 1272 TFLOPS  (219 regs, 6.1s)
[80/270] -DINTERLEAVE_STRATEGY=3 -DK_LOOP_UNROLL=2 -DN_STAGES=5 -DSNAKE_ORDER=0 -DSTAGGER_CYCLES=40 -DSUB_MMA_UNROLL=3 -DW0_LOOP_UNROLL=1 ... 3.415 ms / 1283 TFLOPS  (195 regs, 5.9s)
[81/270] -DINTERLEAVE_STRATEGY=3 -DK_LOOP_UNROLL=2 -DN_STAGES=5 -DSNAKE_ORDER=0 -DSTAGGER_CYCLES=40 -DSUB_MMA_UNROLL=3 -DW0_LOOP_UNROLL=4 ... 3.436 ms / 1275 TFLOPS  (195 regs, 6.0s)
[82/270] -DINTERLEAVE_STRATEGY=3 -DK_LOOP_UNROLL=2 -DN_STAGES=5 -DSTAGGER_CYCLES=40 ... 2.953 ms / 1484 TFLOPS  (219 regs, 6.0s)
[83/270] -DINTERLEAVE_STRATEGY=3 -DK_LOOP_UNROLL=2 -DN_STAGES=5 -DSTAGGER_CYCLES=40 -DW0_LOOP_UNROLL=1 ... 2.957 ms / 1481 TFLOPS  (195 regs, 6.0s)
[84/270] -DINTERLEAVE_STRATEGY=3 -DK_LOOP_UNROLL=2 -DN_STAGES=5 -DSTAGGER_CYCLES=40 -DW0_LOOP_UNROLL=4 ... 2.947 ms / 1486 TFLOPS  (195 regs, 5.8s)
[85/270] -DINTERLEAVE_STRATEGY=3 -DK_LOOP_UNROLL=2 -DN_STAGES=5 -DSTAGGER_CYCLES=40 -DSUB_MMA_UNROLL=1 ... 2.959 ms / 1480 TFLOPS  (211 regs, 6.0s)
[86/270] -DINTERLEAVE_STRATEGY=3 -DK_LOOP_UNROLL=2 -DN_STAGES=5 -DSTAGGER_CYCLES=40 -DSUB_MMA_UNROLL=1 -DW0_LOOP_UNROLL=1 ... 3.001 ms / 1460 TFLOPS  (186 regs, 5.8s)
[87/270] -DINTERLEAVE_STRATEGY=3 -DK_LOOP_UNROLL=2 -DN_STAGES=5 -DSTAGGER_CYCLES=40 -DSUB_MMA_UNROLL=1 -DW0_LOOP_UNROLL=4 ... 2.972 ms / 1474 TFLOPS  (186 regs, 6.1s)
[88/270] -DINTERLEAVE_STRATEGY=3 -DK_LOOP_UNROLL=2 -DN_STAGES=5 -DSTAGGER_CYCLES=40 -DSUB_MMA_UNROLL=3 ... 2.967 ms / 1476 TFLOPS  (219 regs, 6.0s)
[89/270] -DINTERLEAVE_STRATEGY=3 -DK_LOOP_UNROLL=2 -DN_STAGES=5 -DSTAGGER_CYCLES=40 -DSUB_MMA_UNROLL=3 -DW0_LOOP_UNROLL=1 ... 2.947 ms / 1486 TFLOPS  (195 regs, 6.0s)
[90/270] -DINTERLEAVE_STRATEGY=3 -DK_LOOP_UNROLL=2 -DN_STAGES=5 -DSTAGGER_CYCLES=40 -DSUB_MMA_UNROLL=3 -DW0_LOOP_UNROLL=4 ... 2.946 ms / 1487 TFLOPS  (195 regs, 6.0s)
[91/270] -DINTERLEAVE_STRATEGY=3 -DK_LOOP_UNROLL=2 -DN_STAGES=5 -DPHASE1_UNROLL=4 -DSNAKE_ORDER=0 -DSTAGGER_CYCLES=40 ... 3.371 ms / 1299 TFLOPS  (224 regs, 6.0s)
[92/270] -DINTERLEAVE_STRATEGY=3 -DK_LOOP_UNROLL=2 -DN_STAGES=5 -DPHASE1_UNROLL=4 -DSNAKE_ORDER=0 -DSTAGGER_CYCLES=40 -DW0_LOOP_UNROLL=1 ... 3.289 ms / 1332 TFLOPS  (198 regs, 6.0s)
[93/270] -DINTERLEAVE_STRATEGY=3 -DK_LOOP_UNROLL=2 -DN_STAGES=5 -DPHASE1_UNROLL=4 -DSNAKE_ORDER=0 -DSTAGGER_CYCLES=40 -DW0_LOOP_UNROLL=4 ... 3.354 ms / 1306 TFLOPS  (198 regs, 6.1s)
[94/270] -DINTERLEAVE_STRATEGY=3 -DK_LOOP_UNROLL=2 -DN_STAGES=5 -DPHASE1_UNROLL=4 -DSNAKE_ORDER=0 -DSTAGGER_CYCLES=40 -DSUB_MMA_UNROLL=1 ... 3.394 ms / 1291 TFLOPS  (214 regs, 6.1s)
[95/270] -DINTERLEAVE_STRATEGY=3 -DK_LOOP_UNROLL=2 -DN_STAGES=5 -DPHASE1_UNROLL=4 -DSNAKE_ORDER=0 -DSTAGGER_CYCLES=40 -DSUB_MMA_UNROLL=1 -DW0_LOOP_UNROLL=1 ... 3.126 ms / 1401 TFLOPS  (190 regs, 6.0s)
[96/270] -DINTERLEAVE_STRATEGY=3 -DK_LOOP_UNROLL=2 -DN_STAGES=5 -DPHASE1_UNROLL=4 -DSNAKE_ORDER=0 -DSTAGGER_CYCLES=40 -DSUB_MMA_UNROLL=1 -DW0_LOOP_UNROLL=4 ... 3.241 ms / 1351 TFLOPS  (190 regs, 6.1s)
[97/270] -DINTERLEAVE_STRATEGY=3 -DK_LOOP_UNROLL=2 -DN_STAGES=5 -DPHASE1_UNROLL=4 -DSNAKE_ORDER=0 -DSTAGGER_CYCLES=40 -DSUB_MMA_UNROLL=3 ... 3.366 ms / 1301 TFLOPS  (224 regs, 6.0s)
[98/270] -DINTERLEAVE_STRATEGY=3 -DK_LOOP_UNROLL=2 -DN_STAGES=5 -DPHASE1_UNROLL=4 -DSNAKE_ORDER=0 -DSTAGGER_CYCLES=40 -DSUB_MMA_UNROLL=3 -DW0_LOOP_UNROLL=1 ... 3.291 ms / 1331 TFLOPS  (198 regs, 6.2s)
[99/270] -DINTERLEAVE_STRATEGY=3 -DK_LOOP_UNROLL=2 -DN_STAGES=5 -DPHASE1_UNROLL=4 -DSNAKE_ORDER=0 -DSTAGGER_CYCLES=40 -DSUB_MMA_UNROLL=3 -DW0_LOOP_UNROLL=4 ... 3.360 ms / 1304 TFLOPS  (198 regs, 6.1s)
[100/270] -DINTERLEAVE_STRATEGY=3 -DK_LOOP_UNROLL=2 -DN_STAGES=5 -DPHASE1_UNROLL=4 -DSTAGGER_CYCLES=40 ... 2.762 ms / 1586 TFLOPS  (224 regs, 6.1s)
[101/270] -DINTERLEAVE_STRATEGY=3 -DK_LOOP_UNROLL=2 -DN_STAGES=5 -DPHASE1_UNROLL=4 -DSTAGGER_CYCLES=40 -DW0_LOOP_UNROLL=1 ... 2.791 ms / 1570 TFLOPS  (198 regs, 6.1s)
[102/270] -DINTERLEAVE_STRATEGY=3 -DK_LOOP_UNROLL=2 -DN_STAGES=5 -DPHASE1_UNROLL=4 -DSTAGGER_CYCLES=40 -DW0_LOOP_UNROLL=4 ... 2.824 ms / 1551 TFLOPS  (198 regs, 6.1s)
[103/270] -DINTERLEAVE_STRATEGY=3 -DK_LOOP_UNROLL=2 -DN_STAGES=5 -DPHASE1_UNROLL=4 -DSTAGGER_CYCLES=40 -DSUB_MMA_UNROLL=1 ... 2.875 ms / 1523 TFLOPS  (214 regs, 5.9s)
[104/270] -DINTERLEAVE_STRATEGY=3 -DK_LOOP_UNROLL=2 -DN_STAGES=5 -DPHASE1_UNROLL=4 -DSTAGGER_CYCLES=40 -DSUB_MMA_UNROLL=1 -DW0_LOOP_UNROLL=1 ... 2.788 ms / 1571 TFLOPS  (190 regs, 6.1s)
[105/270] -DINTERLEAVE_STRATEGY=3 -DK_LOOP_UNROLL=2 -DN_STAGES=5 -DPHASE1_UNROLL=4 -DSTAGGER_CYCLES=40 -DSUB_MMA_UNROLL=1 -DW0_LOOP_UNROLL=4 ... 2.795 ms / 1567 TFLOPS  (190 regs, 5.9s)
[106/270] -DINTERLEAVE_STRATEGY=3 -DK_LOOP_UNROLL=2 -DN_STAGES=5 -DPHASE1_UNROLL=4 -DSTAGGER_CYCLES=40 -DSUB_MMA_UNROLL=3 ... 2.794 ms / 1568 TFLOPS  (224 regs, 6.0s)
[107/270] -DINTERLEAVE_STRATEGY=3 -DK_LOOP_UNROLL=2 -DN_STAGES=5 -DPHASE1_UNROLL=4 -DSTAGGER_CYCLES=40 -DSUB_MMA_UNROLL=3 -DW0_LOOP_UNROLL=1 ... 2.809 ms / 1559 TFLOPS  (198 regs, 5.9s)
[108/270] -DINTERLEAVE_STRATEGY=3 -DK_LOOP_UNROLL=2 -DN_STAGES=5 -DPHASE1_UNROLL=4 -DSTAGGER_CYCLES=40 -DSUB_MMA_UNROLL=3 -DW0_LOOP_UNROLL=4 ... 2.838 ms / 1543 TFLOPS  (198 regs, 6.0s)
[109/270] -DINTERLEAVE_STRATEGY=3 -DN_STAGES=5 -DPHASE1_UNROLL=1 -DSNAKE_ORDER=0 -DSTAGGER_CYCLES=40 ... 3.857 ms / 1136 TFLOPS  (240 regs, 6.0s)
[110/270] -DINTERLEAVE_STRATEGY=3 -DN_STAGES=5 -DPHASE1_UNROLL=1 -DSNAKE_ORDER=0 -DSTAGGER_CYCLES=40 -DW0_LOOP_UNROLL=1 ... 3.863 ms / 1134 TFLOPS  (221 regs, 6.0s)
[111/270] -DINTERLEAVE_STRATEGY=3 -DN_STAGES=5 -DPHASE1_UNROLL=1 -DSNAKE_ORDER=0 -DSTAGGER_CYCLES=40 -DW0_LOOP_UNROLL=4 ... 3.881 ms / 1129 TFLOPS  (221 regs, 5.9s)
[112/270] -DINTERLEAVE_STRATEGY=3 -DN_STAGES=5 -DPHASE1_UNROLL=1 -DSNAKE_ORDER=0 -DSTAGGER_CYCLES=40 -DSUB_MMA_UNROLL=1 ... 3.895 ms / 1124 TFLOPS  (183 regs, 6.0s)
[113/270] -DINTERLEAVE_STRATEGY=3 -DN_STAGES=5 -DPHASE1_UNROLL=1 -DSNAKE_ORDER=0 -DSTAGGER_CYCLES=40 -DSUB_MMA_UNROLL=1 -DW0_LOOP_UNROLL=1 ... 3.839 ms / 1141 TFLOPS  (163 regs, 5.9s)
[114/270] -DINTERLEAVE_STRATEGY=3 -DN_STAGES=5 -DPHASE1_UNROLL=1 -DSNAKE_ORDER=0 -DSTAGGER_CYCLES=40 -DSUB_MMA_UNROLL=1 -DW0_LOOP_UNROLL=4 ... 3.852 ms / 1137 TFLOPS  (163 regs, 5.8s)
[115/270] -DINTERLEAVE_STRATEGY=3 -DN_STAGES=5 -DPHASE1_UNROLL=1 -DSNAKE_ORDER=0 -DSTAGGER_CYCLES=40 -DSUB_MMA_UNROLL=3 ... 3.859 ms / 1135 TFLOPS  (240 regs, 6.0s)
[116/270] -DINTERLEAVE_STRATEGY=3 -DN_STAGES=5 -DPHASE1_UNROLL=1 -DSNAKE_ORDER=0 -DSTAGGER_CYCLES=40 -DSUB_MMA_UNROLL=3 -DW0_LOOP_UNROLL=1 ... 3.865 ms / 1133 TFLOPS  (221 regs, 5.9s)
[117/270] -DINTERLEAVE_STRATEGY=3 -DN_STAGES=5 -DPHASE1_UNROLL=1 -DSNAKE_ORDER=0 -DSTAGGER_CYCLES=40 -DSUB_MMA_UNROLL=3 -DW0_LOOP_UNROLL=4 ... 3.880 ms / 1129 TFLOPS  (221 regs, 5.9s)
[118/270] -DINTERLEAVE_STRATEGY=3 -DN_STAGES=5 -DPHASE1_UNROLL=1 -DSTAGGER_CYCLES=40 ... 3.286 ms / 1333 TFLOPS  (239 regs, 5.8s)
[119/270] -DINTERLEAVE_STRATEGY=3 -DN_STAGES=5 -DPHASE1_UNROLL=1 -DSTAGGER_CYCLES=40 -DW0_LOOP_UNROLL=1 ... 3.357 ms / 1305 TFLOPS  (221 regs, 5.9s)
[120/270] -DINTERLEAVE_STRATEGY=3 -DN_STAGES=5 -DPHASE1_UNROLL=1 -DSTAGGER_CYCLES=40 -DW0_LOOP_UNROLL=4 ... 3.364 ms / 1302 TFLOPS  (221 regs, 5.9s)
[121/270] -DINTERLEAVE_STRATEGY=3 -DN_STAGES=5 -DPHASE1_UNROLL=1 -DSTAGGER_CYCLES=40 -DSUB_MMA_UNROLL=1 ... 3.352 ms / 1307 TFLOPS  (183 regs, 5.8s)
[122/270] -DINTERLEAVE_STRATEGY=3 -DN_STAGES=5 -DPHASE1_UNROLL=1 -DSTAGGER_CYCLES=40 -DSUB_MMA_UNROLL=1 -DW0_LOOP_UNROLL=1 ... 3.341 ms / 1311 TFLOPS  (163 regs, 5.8s)
[123/270] -DINTERLEAVE_STRATEGY=3 -DN_STAGES=5 -DPHASE1_UNROLL=1 -DSTAGGER_CYCLES=40 -DSUB_MMA_UNROLL=1 -DW0_LOOP_UNROLL=4 ... 3.271 ms / 1339 TFLOPS  (163 regs, 6.0s)
[124/270] -DINTERLEAVE_STRATEGY=3 -DN_STAGES=5 -DPHASE1_UNROLL=1 -DSTAGGER_CYCLES=40 -DSUB_MMA_UNROLL=3 ... 3.311 ms / 1323 TFLOPS  (239 regs, 5.9s)
[125/270] -DINTERLEAVE_STRATEGY=3 -DN_STAGES=5 -DPHASE1_UNROLL=1 -DSTAGGER_CYCLES=40 -DSUB_MMA_UNROLL=3 -DW0_LOOP_UNROLL=1 ... 3.362 ms / 1303 TFLOPS  (221 regs, 5.7s)
[126/270] -DINTERLEAVE_STRATEGY=3 -DN_STAGES=5 -DPHASE1_UNROLL=1 -DSTAGGER_CYCLES=40 -DSUB_MMA_UNROLL=3 -DW0_LOOP_UNROLL=4 ... 3.309 ms / 1324 TFLOPS  (221 regs, 5.9s)
[127/270] -DINTERLEAVE_STRATEGY=3 -DN_STAGES=5 -DSNAKE_ORDER=0 -DSTAGGER_CYCLES=40 ... 3.316 ms / 1321 TFLOPS  (240 regs, 6.0s)
[128/270] -DINTERLEAVE_STRATEGY=3 -DN_STAGES=5 -DSNAKE_ORDER=0 -DSTAGGER_CYCLES=40 -DW0_LOOP_UNROLL=1 ... 3.236 ms / 1354 TFLOPS  (241 regs, 5.9s)
[129/270] -DINTERLEAVE_STRATEGY=3 -DN_STAGES=5 -DSNAKE_ORDER=0 -DSTAGGER_CYCLES=40 -DW0_LOOP_UNROLL=4 ... 3.330 ms / 1315 TFLOPS  (241 regs, 6.1s)
[130/270] -DINTERLEAVE_STRATEGY=3 -DN_STAGES=5 -DSNAKE_ORDER=0 -DSTAGGER_CYCLES=40 -DSUB_MMA_UNROLL=1 ... 3.699 ms / 1184 TFLOPS  (225 regs, 5.9s)
[131/270] -DINTERLEAVE_STRATEGY=3 -DN_STAGES=5 -DSNAKE_ORDER=0 -DSTAGGER_CYCLES=40 -DSUB_MMA_UNROLL=1 -DW0_LOOP_UNROLL=1 ... 3.383 ms / 1295 TFLOPS  (207 regs, 6.0s)
[132/270] -DINTERLEAVE_STRATEGY=3 -DN_STAGES=5 -DSNAKE_ORDER=0 -DSTAGGER_CYCLES=40 -DSUB_MMA_UNROLL=1 -DW0_LOOP_UNROLL=4 ... 3.455 ms / 1268 TFLOPS  (207 regs, 6.0s)
[133/270] -DINTERLEAVE_STRATEGY=3 -DN_STAGES=5 -DSNAKE_ORDER=0 -DSTAGGER_CYCLES=40 -DSUB_MMA_UNROLL=3 ... 3.312 ms / 1323 TFLOPS  (240 regs, 6.0s)
[134/270] -DINTERLEAVE_STRATEGY=3 -DN_STAGES=5 -DSNAKE_ORDER=0 -DSTAGGER_CYCLES=40 -DSUB_MMA_UNROLL=3 -DW0_LOOP_UNROLL=1 ... 3.236 ms / 1354 TFLOPS  (241 regs, 6.0s)
[135/270] -DINTERLEAVE_STRATEGY=3 -DN_STAGES=5 -DSNAKE_ORDER=0 -DSTAGGER_CYCLES=40 -DSUB_MMA_UNROLL=3 -DW0_LOOP_UNROLL=4 ... 3.334 ms / 1314 TFLOPS  (241 regs, 6.1s)
[136/270] -DINTERLEAVE_STRATEGY=3 -DN_STAGES=5 -DSTAGGER_CYCLES=40 ... 2.739 ms / 1599 TFLOPS  (240 regs, 5.9s)
[137/270] -DINTERLEAVE_STRATEGY=3 -DN_STAGES=5 -DSTAGGER_CYCLES=40 -DW0_LOOP_UNROLL=1 ... 2.849 ms / 1537 TFLOPS  (241 regs, 5.9s)
[138/270] -DINTERLEAVE_STRATEGY=3 -DN_STAGES=5 -DSTAGGER_CYCLES=40 -DW0_LOOP_UNROLL=4 ... 2.782 ms / 1574 TFLOPS  (241 regs, 6.1s)
[139/270] -DINTERLEAVE_STRATEGY=3 -DN_STAGES=5 -DSTAGGER_CYCLES=40 -DSUB_MMA_UNROLL=1 ... 3.104 ms / 1411 TFLOPS  (225 regs, 5.9s)
[140/270] -DINTERLEAVE_STRATEGY=3 -DN_STAGES=5 -DSTAGGER_CYCLES=40 -DSUB_MMA_UNROLL=1 -DW0_LOOP_UNROLL=1 ... 2.963 ms / 1478 TFLOPS  (206 regs, 6.0s)
[141/270] -DINTERLEAVE_STRATEGY=3 -DN_STAGES=5 -DSTAGGER_CYCLES=40 -DSUB_MMA_UNROLL=1 -DW0_LOOP_UNROLL=4 ... 2.930 ms / 1495 TFLOPS  (206 regs, 6.0s)
[142/270] -DINTERLEAVE_STRATEGY=3 -DN_STAGES=5 -DSTAGGER_CYCLES=40 -DSUB_MMA_UNROLL=3 ... 2.778 ms / 1577 TFLOPS  (240 regs, 6.0s)
[143/270] -DINTERLEAVE_STRATEGY=3 -DN_STAGES=5 -DSTAGGER_CYCLES=40 -DSUB_MMA_UNROLL=3 -DW0_LOOP_UNROLL=1 ... 2.833 ms / 1546 TFLOPS  (241 regs, 6.0s)
[144/270] -DINTERLEAVE_STRATEGY=3 -DN_STAGES=5 -DSTAGGER_CYCLES=40 -DSUB_MMA_UNROLL=3 -DW0_LOOP_UNROLL=4 ... 2.794 ms / 1568 TFLOPS  (241 regs, 6.0s)
[145/270] -DINTERLEAVE_STRATEGY=3 -DN_STAGES=5 -DPHASE1_UNROLL=4 -DSNAKE_ORDER=0 -DSTAGGER_CYCLES=40 ... 3.214 ms / 1363 TFLOPS  (244 regs, 6.1s)
[146/270] -DINTERLEAVE_STRATEGY=3 -DN_STAGES=5 -DPHASE1_UNROLL=4 -DSNAKE_ORDER=0 -DSTAGGER_CYCLES=40 -DW0_LOOP_UNROLL=1 ... 3.185 ms / 1375 TFLOPS  (244 regs, 6.0s)
[147/270] -DINTERLEAVE_STRATEGY=3 -DN_STAGES=5 -DPHASE1_UNROLL=4 -DSNAKE_ORDER=0 -DSTAGGER_CYCLES=40 -DW0_LOOP_UNROLL=4 ... 3.255 ms / 1346 TFLOPS  (244 regs, 5.9s)
[148/270] -DINTERLEAVE_STRATEGY=3 -DN_STAGES=5 -DPHASE1_UNROLL=4 -DSNAKE_ORDER=0 -DSTAGGER_CYCLES=40 -DSUB_MMA_UNROLL=1 ... 3.357 ms / 1305 TFLOPS  (229 regs, 6.0s)
[149/270] -DINTERLEAVE_STRATEGY=3 -DN_STAGES=5 -DPHASE1_UNROLL=4 -DSNAKE_ORDER=0 -DSTAGGER_CYCLES=40 -DSUB_MMA_UNROLL=1 -DW0_LOOP_UNROLL=1 ... 3.273 ms / 1338 TFLOPS  (212 regs, 6.3s)
[150/270] -DINTERLEAVE_STRATEGY=3 -DN_STAGES=5 -DPHASE1_UNROLL=4 -DSNAKE_ORDER=0 -DSTAGGER_CYCLES=40 -DSUB_MMA_UNROLL=1 -DW0_LOOP_UNROLL=4 ... 3.329 ms / 1316 TFLOPS  (212 regs, 5.9s)
[151/270] -DINTERLEAVE_STRATEGY=3 -DN_STAGES=5 -DPHASE1_UNROLL=4 -DSNAKE_ORDER=0 -DSTAGGER_CYCLES=40 -DSUB_MMA_UNROLL=3 ... 3.210 ms / 1364 TFLOPS  (244 regs, 6.0s)
[152/270] -DINTERLEAVE_STRATEGY=3 -DN_STAGES=5 -DPHASE1_UNROLL=4 -DSNAKE_ORDER=0 -DSTAGGER_CYCLES=40 -DSUB_MMA_UNROLL=3 -DW0_LOOP_UNROLL=1 ... 3.185 ms / 1375 TFLOPS  (244 regs, 6.0s)
[153/270] -DINTERLEAVE_STRATEGY=3 -DN_STAGES=5 -DPHASE1_UNROLL=4 -DSNAKE_ORDER=0 -DSTAGGER_CYCLES=40 -DSUB_MMA_UNROLL=3 -DW0_LOOP_UNROLL=4 ... 3.255 ms / 1346 TFLOPS  (244 regs, 6.1s)
[154/270] -DINTERLEAVE_STRATEGY=3 -DN_STAGES=5 -DPHASE1_UNROLL=4 -DSTAGGER_CYCLES=40 ... 2.719 ms / 1611 TFLOPS  (244 regs, 5.9s)
[155/270] -DINTERLEAVE_STRATEGY=3 -DN_STAGES=5 -DPHASE1_UNROLL=4 -DSTAGGER_CYCLES=40 -DW0_LOOP_UNROLL=1 ... 2.807 ms / 1560 TFLOPS  (244 regs, 6.2s)
[156/270] -DINTERLEAVE_STRATEGY=3 -DN_STAGES=5 -DPHASE1_UNROLL=4 -DSTAGGER_CYCLES=40 -DW0_LOOP_UNROLL=4 ... 2.789 ms / 1570 TFLOPS  (244 regs, 6.1s)
[157/270] -DINTERLEAVE_STRATEGY=3 -DN_STAGES=5 -DPHASE1_UNROLL=4 -DSTAGGER_CYCLES=40 -DSUB_MMA_UNROLL=1 ... 2.829 ms / 1548 TFLOPS  (229 regs, 6.1s)
[158/270] -DINTERLEAVE_STRATEGY=3 -DN_STAGES=5 -DPHASE1_UNROLL=4 -DSTAGGER_CYCLES=40 -DSUB_MMA_UNROLL=1 -DW0_LOOP_UNROLL=1 ... 2.807 ms / 1560 TFLOPS  (212 regs, 6.1s)
[159/270] -DINTERLEAVE_STRATEGY=3 -DN_STAGES=5 -DPHASE1_UNROLL=4 -DSTAGGER_CYCLES=40 -DSUB_MMA_UNROLL=1 -DW0_LOOP_UNROLL=4 ... 2.820 ms / 1553 TFLOPS  (212 regs, 6.2s)
[160/270] -DINTERLEAVE_STRATEGY=3 -DN_STAGES=5 -DPHASE1_UNROLL=4 -DSTAGGER_CYCLES=40 -DSUB_MMA_UNROLL=3 ... 2.733 ms / 1603 TFLOPS  (244 regs, 6.1s)
[161/270] -DINTERLEAVE_STRATEGY=3 -DN_STAGES=5 -DPHASE1_UNROLL=4 -DSTAGGER_CYCLES=40 -DSUB_MMA_UNROLL=3 -DW0_LOOP_UNROLL=1 ... 2.785 ms / 1573 TFLOPS  (244 regs, 6.1s)
[162/270] -DINTERLEAVE_STRATEGY=3 -DN_STAGES=5 -DPHASE1_UNROLL=4 -DSTAGGER_CYCLES=40 -DSUB_MMA_UNROLL=3 -DW0_LOOP_UNROLL=4 ... 2.790 ms / 1570 TFLOPS  (244 regs, 6.1s)
[163/270] -DINTERLEAVE_STRATEGY=3 -DK_LOOP_UNROLL=6 -DN_STAGES=5 -DPHASE1_UNROLL=1 -DSNAKE_ORDER=0 -DSTAGGER_CYCLES=40 ... 3.883 ms / 1128 TFLOPS  (191 regs, 6.0s)
[164/270] -DINTERLEAVE_STRATEGY=3 -DK_LOOP_UNROLL=6 -DN_STAGES=5 -DPHASE1_UNROLL=1 -DSNAKE_ORDER=0 -DSTAGGER_CYCLES=40 -DW0_LOOP_UNROLL=1 ... 3.877 ms / 1130 TFLOPS  (172 regs, 5.9s)
[165/270] -DINTERLEAVE_STRATEGY=3 -DK_LOOP_UNROLL=6 -DN_STAGES=5 -DPHASE1_UNROLL=1 -DSNAKE_ORDER=0 -DSTAGGER_CYCLES=40 -DW0_LOOP_UNROLL=4 ... 3.891 ms / 1126 TFLOPS  (172 regs, 5.9s)
[166/270] -DINTERLEAVE_STRATEGY=3 -DK_LOOP_UNROLL=6 -DN_STAGES=5 -DPHASE1_UNROLL=1 -DSNAKE_ORDER=0 -DSTAGGER_CYCLES=40 -DSUB_MMA_UNROLL=1 ... 3.896 ms / 1124 TFLOPS  (183 regs, 5.9s)
[167/270] -DINTERLEAVE_STRATEGY=3 -DK_LOOP_UNROLL=6 -DN_STAGES=5 -DPHASE1_UNROLL=1 -DSNAKE_ORDER=0 -DSTAGGER_CYCLES=40 -DSUB_MMA_UNROLL=1 -DW0_LOOP_UNROLL=1 ... 3.834 ms / 1142 TFLOPS  (163 regs, 5.9s)
[168/270] -DINTERLEAVE_STRATEGY=3 -DK_LOOP_UNROLL=6 -DN_STAGES=5 -DPHASE1_UNROLL=1 -DSNAKE_ORDER=0 -DSTAGGER_CYCLES=40 -DSUB_MMA_UNROLL=1 -DW0_LOOP_UNROLL=4 ... 3.852 ms / 1137 TFLOPS  (163 regs, 5.8s)
[169/270] -DINTERLEAVE_STRATEGY=3 -DK_LOOP_UNROLL=6 -DN_STAGES=5 -DPHASE1_UNROLL=1 -DSNAKE_ORDER=0 -DSTAGGER_CYCLES=40 -DSUB_MMA_UNROLL=3 ... 3.883 ms / 1128 TFLOPS  (191 regs, 6.0s)
[170/270] -DINTERLEAVE_STRATEGY=3 -DK_LOOP_UNROLL=6 -DN_STAGES=5 -DPHASE1_UNROLL=1 -DSNAKE_ORDER=0 -DSTAGGER_CYCLES=40 -DSUB_MMA_UNROLL=3 -DW0_LOOP_UNROLL=1 ... 3.881 ms / 1128 TFLOPS  (172 regs, 5.8s)
[171/270] -DINTERLEAVE_STRATEGY=3 -DK_LOOP_UNROLL=6 -DN_STAGES=5 -DPHASE1_UNROLL=1 -DSNAKE_ORDER=0 -DSTAGGER_CYCLES=40 -DSUB_MMA_UNROLL=3 -DW0_LOOP_UNROLL=4 ... 3.892 ms / 1125 TFLOPS  (172 regs, 5.9s)
[172/270] -DINTERLEAVE_STRATEGY=3 -DK_LOOP_UNROLL=6 -DN_STAGES=5 -DPHASE1_UNROLL=1 -DSTAGGER_CYCLES=40 ... 3.313 ms / 1322 TFLOPS  (191 regs, 6.0s)
[173/270] -DINTERLEAVE_STRATEGY=3 -DK_LOOP_UNROLL=6 -DN_STAGES=5 -DPHASE1_UNROLL=1 -DSTAGGER_CYCLES=40 -DW0_LOOP_UNROLL=1 ... 3.342 ms / 1311 TFLOPS  (172 regs, 5.9s)
[174/270] -DINTERLEAVE_STRATEGY=3 -DK_LOOP_UNROLL=6 -DN_STAGES=5 -DPHASE1_UNROLL=1 -DSTAGGER_CYCLES=40 -DW0_LOOP_UNROLL=4 ... 3.348 ms / 1308 TFLOPS  (172 regs, 5.9s)
[175/270] -DINTERLEAVE_STRATEGY=3 -DK_LOOP_UNROLL=6 -DN_STAGES=5 -DPHASE1_UNROLL=1 -DSTAGGER_CYCLES=40 -DSUB_MMA_UNROLL=1 ... 3.387 ms / 1293 TFLOPS  (183 regs, 5.8s)
[176/270] -DINTERLEAVE_STRATEGY=3 -DK_LOOP_UNROLL=6 -DN_STAGES=5 -DPHASE1_UNROLL=1 -DSTAGGER_CYCLES=40 -DSUB_MMA_UNROLL=1 -DW0_LOOP_UNROLL=1 ... 3.313 ms / 1322 TFLOPS  (163 regs, 5.8s)
[177/270] -DINTERLEAVE_STRATEGY=3 -DK_LOOP_UNROLL=6 -DN_STAGES=5 -DPHASE1_UNROLL=1 -DSTAGGER_CYCLES=40 -DSUB_MMA_UNROLL=1 -DW0_LOOP_UNROLL=4 ... 3.308 ms / 1324 TFLOPS  (163 regs, 5.9s)
[178/270] -DINTERLEAVE_STRATEGY=3 -DK_LOOP_UNROLL=6 -DN_STAGES=5 -DPHASE1_UNROLL=1 -DSTAGGER_CYCLES=40 -DSUB_MMA_UNROLL=3 ... 3.330 ms / 1315 TFLOPS  (191 regs, 5.9s)
[179/270] -DINTERLEAVE_STRATEGY=3 -DK_LOOP_UNROLL=6 -DN_STAGES=5 -DPHASE1_UNROLL=1 -DSTAGGER_CYCLES=40 -DSUB_MMA_UNROLL=3 -DW0_LOOP_UNROLL=1 ... 3.357 ms / 1305 TFLOPS  (172 regs, 6.0s)
[180/270] -DINTERLEAVE_STRATEGY=3 -DK_LOOP_UNROLL=6 -DN_STAGES=5 -DPHASE1_UNROLL=1 -DSTAGGER_CYCLES=40 -DSUB_MMA_UNROLL=3 -DW0_LOOP_UNROLL=4 ... 3.323 ms / 1318 TFLOPS  (172 regs, 5.9s)
[181/270] -DINTERLEAVE_STRATEGY=3 -DK_LOOP_UNROLL=6 -DN_STAGES=5 -DSNAKE_ORDER=0 -DSTAGGER_CYCLES=40 ... 3.437 ms / 1274 TFLOPS  (233 regs, 6.0s)
[182/270] -DINTERLEAVE_STRATEGY=3 -DK_LOOP_UNROLL=6 -DN_STAGES=5 -DSNAKE_ORDER=0 -DSTAGGER_CYCLES=40 -DW0_LOOP_UNROLL=1 ... 3.405 ms / 1286 TFLOPS  (215 regs, 5.9s)
[183/270] -DINTERLEAVE_STRATEGY=3 -DK_LOOP_UNROLL=6 -DN_STAGES=5 -DSNAKE_ORDER=0 -DSTAGGER_CYCLES=40 -DW0_LOOP_UNROLL=4 ... 3.461 ms / 1265 TFLOPS  (215 regs, 6.0s)
[184/270] -DINTERLEAVE_STRATEGY=3 -DK_LOOP_UNROLL=6 -DN_STAGES=5 -DSNAKE_ORDER=0 -DSTAGGER_CYCLES=40 -DSUB_MMA_UNROLL=1 ... 3.693 ms / 1186 TFLOPS  (225 regs, 5.9s)
[185/270] -DINTERLEAVE_STRATEGY=3 -DK_LOOP_UNROLL=6 -DN_STAGES=5 -DSNAKE_ORDER=0 -DSTAGGER_CYCLES=40 -DSUB_MMA_UNROLL=1 -DW0_LOOP_UNROLL=1 ... 3.379 ms / 1296 TFLOPS  (207 regs, 6.0s)
[186/270] -DINTERLEAVE_STRATEGY=3 -DK_LOOP_UNROLL=6 -DN_STAGES=5 -DSNAKE_ORDER=0 -DSTAGGER_CYCLES=40 -DSUB_MMA_UNROLL=1 -DW0_LOOP_UNROLL=4 ... 3.448 ms / 1270 TFLOPS  (207 regs, 6.1s)
[187/270] -DINTERLEAVE_STRATEGY=3 -DK_LOOP_UNROLL=6 -DN_STAGES=5 -DSNAKE_ORDER=0 -DSTAGGER_CYCLES=40 -DSUB_MMA_UNROLL=3 ... 3.443 ms / 1272 TFLOPS  (233 regs, 6.0s)
[188/270] -DINTERLEAVE_STRATEGY=3 -DK_LOOP_UNROLL=6 -DN_STAGES=5 -DSNAKE_ORDER=0 -DSTAGGER_CYCLES=40 -DSUB_MMA_UNROLL=3 -DW0_LOOP_UNROLL=1 ... 3.408 ms / 1285 TFLOPS  (215 regs, 6.0s)
[189/270] -DINTERLEAVE_STRATEGY=3 -DK_LOOP_UNROLL=6 -DN_STAGES=5 -DSNAKE_ORDER=0 -DSTAGGER_CYCLES=40 -DSUB_MMA_UNROLL=3 -DW0_LOOP_UNROLL=4 ... 3.462 ms / 1265 TFLOPS  (215 regs, 5.9s)
[190/270] -DINTERLEAVE_STRATEGY=3 -DK_LOOP_UNROLL=6 -DN_STAGES=5 -DSTAGGER_CYCLES=40 ... 2.860 ms / 1531 TFLOPS  (234 regs, 6.0s)
[191/270] -DINTERLEAVE_STRATEGY=3 -DK_LOOP_UNROLL=6 -DN_STAGES=5 -DSTAGGER_CYCLES=40 -DW0_LOOP_UNROLL=1 ... 3.018 ms / 1451 TFLOPS  (215 regs, 5.9s)
[192/270] -DINTERLEAVE_STRATEGY=3 -DK_LOOP_UNROLL=6 -DN_STAGES=5 -DSTAGGER_CYCLES=40 -DW0_LOOP_UNROLL=4 ... 3.027 ms / 1447 TFLOPS  (215 regs, 6.0s)
[193/270] -DINTERLEAVE_STRATEGY=3 -DK_LOOP_UNROLL=6 -DN_STAGES=5 -DSTAGGER_CYCLES=40 -DSUB_MMA_UNROLL=1 ... 3.084 ms / 1420 TFLOPS  (225 regs, 6.0s)
[194/270] -DINTERLEAVE_STRATEGY=3 -DK_LOOP_UNROLL=6 -DN_STAGES=5 -DSTAGGER_CYCLES=40 -DSUB_MMA_UNROLL=1 -DW0_LOOP_UNROLL=1 ... 2.986 ms / 1467 TFLOPS  (206 regs, 5.9s)
[195/270] -DINTERLEAVE_STRATEGY=3 -DK_LOOP_UNROLL=6 -DN_STAGES=5 -DSTAGGER_CYCLES=40 -DSUB_MMA_UNROLL=1 -DW0_LOOP_UNROLL=4 ... 2.951 ms / 1484 TFLOPS  (206 regs, 6.0s)
[196/270] -DINTERLEAVE_STRATEGY=3 -DK_LOOP_UNROLL=6 -DN_STAGES=5 -DSTAGGER_CYCLES=40 -DSUB_MMA_UNROLL=3 ... 2.897 ms / 1512 TFLOPS  (234 regs, 6.0s)
[197/270] -DINTERLEAVE_STRATEGY=3 -DK_LOOP_UNROLL=6 -DN_STAGES=5 -DSTAGGER_CYCLES=40 -DSUB_MMA_UNROLL=3 -DW0_LOOP_UNROLL=1 ... 3.034 ms / 1443 TFLOPS  (215 regs, 6.1s)
[198/270] -DINTERLEAVE_STRATEGY=3 -DK_LOOP_UNROLL=6 -DN_STAGES=5 -DSTAGGER_CYCLES=40 -DSUB_MMA_UNROLL=3 -DW0_LOOP_UNROLL=4 ... 3.011 ms / 1455 TFLOPS  (215 regs, 6.1s)
[199/270] -DINTERLEAVE_STRATEGY=3 -DK_LOOP_UNROLL=6 -DN_STAGES=5 -DPHASE1_UNROLL=4 -DSNAKE_ORDER=0 -DSTAGGER_CYCLES=40 ... 3.350 ms / 1308 TFLOPS  (238 regs, 6.0s)
[200/270] -DINTERLEAVE_STRATEGY=3 -DK_LOOP_UNROLL=6 -DN_STAGES=5 -DPHASE1_UNROLL=4 -DSNAKE_ORDER=0 -DSTAGGER_CYCLES=40 -DW0_LOOP_UNROLL=1 ... 3.281 ms / 1335 TFLOPS  (218 regs, 6.1s)
[201/270] -DINTERLEAVE_STRATEGY=3 -DK_LOOP_UNROLL=6 -DN_STAGES=5 -DPHASE1_UNROLL=4 -DSNAKE_ORDER=0 -DSTAGGER_CYCLES=40 -DW0_LOOP_UNROLL=4 ... 3.344 ms / 1310 TFLOPS  (218 regs, 6.0s)
[202/270] -DINTERLEAVE_STRATEGY=3 -DK_LOOP_UNROLL=6 -DN_STAGES=5 -DPHASE1_UNROLL=4 -DSNAKE_ORDER=0 -DSTAGGER_CYCLES=40 -DSUB_MMA_UNROLL=1 ... 3.356 ms / 1305 TFLOPS  (229 regs, 6.0s)
[203/270] -DINTERLEAVE_STRATEGY=3 -DK_LOOP_UNROLL=6 -DN_STAGES=5 -DPHASE1_UNROLL=4 -DSNAKE_ORDER=0 -DSTAGGER_CYCLES=40 -DSUB_MMA_UNROLL=1 -DW0_LOOP_UNROLL=1 ... 3.277 ms / 1337 TFLOPS  (212 regs, 6.1s)
[204/270] -DINTERLEAVE_STRATEGY=3 -DK_LOOP_UNROLL=6 -DN_STAGES=5 -DPHASE1_UNROLL=4 -DSNAKE_ORDER=0 -DSTAGGER_CYCLES=40 -DSUB_MMA_UNROLL=1 -DW0_LOOP_UNROLL=4 ... 3.335 ms / 1313 TFLOPS  (212 regs, 6.0s)
[205/270] -DINTERLEAVE_STRATEGY=3 -DK_LOOP_UNROLL=6 -DN_STAGES=5 -DPHASE1_UNROLL=4 -DSNAKE_ORDER=0 -DSTAGGER_CYCLES=40 -DSUB_MMA_UNROLL=3 ... 3.352 ms / 1307 TFLOPS  (238 regs, 5.9s)
[206/270] -DINTERLEAVE_STRATEGY=3 -DK_LOOP_UNROLL=6 -DN_STAGES=5 -DPHASE1_UNROLL=4 -DSNAKE_ORDER=0 -DSTAGGER_CYCLES=40 -DSUB_MMA_UNROLL=3 -DW0_LOOP_UNROLL=1 ... 3.285 ms / 1333 TFLOPS  (218 regs, 5.9s)
[207/270] -DINTERLEAVE_STRATEGY=3 -DK_LOOP_UNROLL=6 -DN_STAGES=5 -DPHASE1_UNROLL=4 -DSNAKE_ORDER=0 -DSTAGGER_CYCLES=40 -DSUB_MMA_UNROLL=3 -DW0_LOOP_UNROLL=4 ... 3.347 ms / 1309 TFLOPS  (218 regs, 6.2s)
[208/270] -DINTERLEAVE_STRATEGY=3 -DK_LOOP_UNROLL=6 -DN_STAGES=5 -DPHASE1_UNROLL=4 -DSTAGGER_CYCLES=40 ... 2.840 ms / 1542 TFLOPS  (238 regs, 6.0s)
[209/270] -DINTERLEAVE_STRATEGY=3 -DK_LOOP_UNROLL=6 -DN_STAGES=5 -DPHASE1_UNROLL=4 -DSTAGGER_CYCLES=40 -DW0_LOOP_UNROLL=1 ... 2.844 ms / 1540 TFLOPS  (218 regs, 5.9s)
[210/270] -DINTERLEAVE_STRATEGY=3 -DK_LOOP_UNROLL=6 -DN_STAGES=5 -DPHASE1_UNROLL=4 -DSTAGGER_CYCLES=40 -DW0_LOOP_UNROLL=4 ... 2.807 ms / 1561 TFLOPS  (218 regs, 6.0s)
[211/270] -DINTERLEAVE_STRATEGY=3 -DK_LOOP_UNROLL=6 -DN_STAGES=5 -DPHASE1_UNROLL=4 -DSTAGGER_CYCLES=40 -DSUB_MMA_UNROLL=1 ... 2.787 ms / 1572 TFLOPS  (229 regs, 6.1s)
[212/270] -DINTERLEAVE_STRATEGY=3 -DK_LOOP_UNROLL=6 -DN_STAGES=5 -DPHASE1_UNROLL=4 -DSTAGGER_CYCLES=40 -DSUB_MMA_UNROLL=1 -DW0_LOOP_UNROLL=1 ... 2.839 ms / 1543 TFLOPS  (212 regs, 6.0s)
[213/270] -DINTERLEAVE_STRATEGY=3 -DK_LOOP_UNROLL=6 -DN_STAGES=5 -DPHASE1_UNROLL=4 -DSTAGGER_CYCLES=40 -DSUB_MMA_UNROLL=1 -DW0_LOOP_UNROLL=4 ... 2.816 ms / 1555 TFLOPS  (212 regs, 6.1s)
[214/270] -DINTERLEAVE_STRATEGY=3 -DK_LOOP_UNROLL=6 -DN_STAGES=5 -DPHASE1_UNROLL=4 -DSTAGGER_CYCLES=40 -DSUB_MMA_UNROLL=3 ... 2.857 ms / 1533 TFLOPS  (238 regs, 6.0s)
[215/270] -DINTERLEAVE_STRATEGY=3 -DK_LOOP_UNROLL=6 -DN_STAGES=5 -DPHASE1_UNROLL=4 -DSTAGGER_CYCLES=40 -DSUB_MMA_UNROLL=3 -DW0_LOOP_UNROLL=1 ... 2.878 ms / 1522 TFLOPS  (218 regs, 6.1s)
[216/270] -DINTERLEAVE_STRATEGY=3 -DK_LOOP_UNROLL=6 -DN_STAGES=5 -DPHASE1_UNROLL=4 -DSTAGGER_CYCLES=40 -DSUB_MMA_UNROLL=3 -DW0_LOOP_UNROLL=4 ... 2.854 ms / 1535 TFLOPS  (218 regs, 6.1s)
[217/270] -DINTERLEAVE_STRATEGY=3 -DK_LOOP_UNROLL=8 -DN_STAGES=5 -DPHASE1_UNROLL=1 -DSNAKE_ORDER=0 -DSTAGGER_CYCLES=40 ... 3.885 ms / 1127 TFLOPS  (191 regs, 5.9s)
[218/270] -DINTERLEAVE_STRATEGY=3 -DK_LOOP_UNROLL=8 -DN_STAGES=5 -DPHASE1_UNROLL=1 -DSNAKE_ORDER=0 -DSTAGGER_CYCLES=40 -DW0_LOOP_UNROLL=1 ... 3.877 ms / 1130 TFLOPS  (172 regs, 5.9s)
[219/270] -DINTERLEAVE_STRATEGY=3 -DK_LOOP_UNROLL=8 -DN_STAGES=5 -DPHASE1_UNROLL=1 -DSNAKE_ORDER=0 -DSTAGGER_CYCLES=40 -DW0_LOOP_UNROLL=4 ... 3.890 ms / 1126 TFLOPS  (172 regs, 5.9s)
[220/270] -DINTERLEAVE_STRATEGY=3 -DK_LOOP_UNROLL=8 -DN_STAGES=5 -DPHASE1_UNROLL=1 -DSNAKE_ORDER=0 -DSTAGGER_CYCLES=40 -DSUB_MMA_UNROLL=1 ... 3.891 ms / 1126 TFLOPS  (183 regs, 5.9s)
[221/270] -DINTERLEAVE_STRATEGY=3 -DK_LOOP_UNROLL=8 -DN_STAGES=5 -DPHASE1_UNROLL=1 -DSNAKE_ORDER=0 -DSTAGGER_CYCLES=40 -DSUB_MMA_UNROLL=1 -DW0_LOOP_UNROLL=1 ... 3.839 ms / 1141 TFLOPS  (163 regs, 6.0s)
[222/270] -DINTERLEAVE_STRATEGY=3 -DK_LOOP_UNROLL=8 -DN_STAGES=5 -DPHASE1_UNROLL=1 -DSNAKE_ORDER=0 -DSTAGGER_CYCLES=40 -DSUB_MMA_UNROLL=1 -DW0_LOOP_UNROLL=4 ... 3.851 ms / 1137 TFLOPS  (163 regs, 5.9s)
[223/270] -DINTERLEAVE_STRATEGY=3 -DK_LOOP_UNROLL=8 -DN_STAGES=5 -DPHASE1_UNROLL=1 -DSNAKE_ORDER=0 -DSTAGGER_CYCLES=40 -DSUB_MMA_UNROLL=3 ... 3.887 ms / 1127 TFLOPS  (191 regs, 5.9s)
[224/270] -DINTERLEAVE_STRATEGY=3 -DK_LOOP_UNROLL=8 -DN_STAGES=5 -DPHASE1_UNROLL=1 -DSNAKE_ORDER=0 -DSTAGGER_CYCLES=40 -DSUB_MMA_UNROLL=3 -DW0_LOOP_UNROLL=1 ... 3.877 ms / 1130 TFLOPS  (172 regs, 5.9s)
[225/270] -DINTERLEAVE_STRATEGY=3 -DK_LOOP_UNROLL=8 -DN_STAGES=5 -DPHASE1_UNROLL=1 -DSNAKE_ORDER=0 -DSTAGGER_CYCLES=40 -DSUB_MMA_UNROLL=3 -DW0_LOOP_UNROLL=4 ... 3.891 ms / 1126 TFLOPS  (172 regs, 6.0s)
[226/270] -DINTERLEAVE_STRATEGY=3 -DK_LOOP_UNROLL=8 -DN_STAGES=5 -DPHASE1_UNROLL=1 -DSTAGGER_CYCLES=40 ... 3.345 ms / 1310 TFLOPS  (191 regs, 5.9s)
[227/270] -DINTERLEAVE_STRATEGY=3 -DK_LOOP_UNROLL=8 -DN_STAGES=5 -DPHASE1_UNROLL=1 -DSTAGGER_CYCLES=40 -DW0_LOOP_UNROLL=1 ... 3.358 ms / 1304 TFLOPS  (172 regs, 5.9s)
[228/270] -DINTERLEAVE_STRATEGY=3 -DK_LOOP_UNROLL=8 -DN_STAGES=5 -DPHASE1_UNROLL=1 -DSTAGGER_CYCLES=40 -DW0_LOOP_UNROLL=4 ... 3.331 ms / 1315 TFLOPS  (172 regs, 6.0s)
[229/270] -DINTERLEAVE_STRATEGY=3 -DK_LOOP_UNROLL=8 -DN_STAGES=5 -DPHASE1_UNROLL=1 -DSTAGGER_CYCLES=40 -DSUB_MMA_UNROLL=1 ... 3.343 ms / 1310 TFLOPS  (183 regs, 5.9s)
[230/270] -DINTERLEAVE_STRATEGY=3 -DK_LOOP_UNROLL=8 -DN_STAGES=5 -DPHASE1_UNROLL=1 -DSTAGGER_CYCLES=40 -DSUB_MMA_UNROLL=1 -DW0_LOOP_UNROLL=1 ... 3.310 ms / 1323 TFLOPS  (163 regs, 5.9s)
[231/270] -DINTERLEAVE_STRATEGY=3 -DK_LOOP_UNROLL=8 -DN_STAGES=5 -DPHASE1_UNROLL=1 -DSTAGGER_CYCLES=40 -DSUB_MMA_UNROLL=1 -DW0_LOOP_UNROLL=4 ... 3.340 ms / 1312 TFLOPS  (163 regs, 5.9s)
[232/270] -DINTERLEAVE_STRATEGY=3 -DK_LOOP_UNROLL=8 -DN_STAGES=5 -DPHASE1_UNROLL=1 -DSTAGGER_CYCLES=40 -DSUB_MMA_UNROLL=3 ... 3.328 ms / 1316 TFLOPS  (191 regs, 5.9s)
[233/270] -DINTERLEAVE_STRATEGY=3 -DK_LOOP_UNROLL=8 -DN_STAGES=5 -DPHASE1_UNROLL=1 -DSTAGGER_CYCLES=40 -DSUB_MMA_UNROLL=3 -DW0_LOOP_UNROLL=1 ... 3.312 ms / 1323 TFLOPS  (172 regs, 5.9s)
[234/270] -DINTERLEAVE_STRATEGY=3 -DK_LOOP_UNROLL=8 -DN_STAGES=5 -DPHASE1_UNROLL=1 -DSTAGGER_CYCLES=40 -DSUB_MMA_UNROLL=3 -DW0_LOOP_UNROLL=4 ... 3.332 ms / 1315 TFLOPS  (172 regs, 5.9s)
[235/270] -DINTERLEAVE_STRATEGY=3 -DK_LOOP_UNROLL=8 -DN_STAGES=5 -DSNAKE_ORDER=0 -DSTAGGER_CYCLES=40 ... 3.448 ms / 1270 TFLOPS  (233 regs, 6.1s)
[236/270] -DINTERLEAVE_STRATEGY=3 -DK_LOOP_UNROLL=8 -DN_STAGES=5 -DSNAKE_ORDER=0 -DSTAGGER_CYCLES=40 -DW0_LOOP_UNROLL=1 ... 3.399 ms / 1288 TFLOPS  (215 regs, 5.9s)
[237/270] -DINTERLEAVE_STRATEGY=3 -DK_LOOP_UNROLL=8 -DN_STAGES=5 -DSNAKE_ORDER=0 -DSTAGGER_CYCLES=40 -DW0_LOOP_UNROLL=4 ... 3.459 ms / 1266 TFLOPS  (215 regs, 6.0s)
[238/270] -DINTERLEAVE_STRATEGY=3 -DK_LOOP_UNROLL=8 -DN_STAGES=5 -DSNAKE_ORDER=0 -DSTAGGER_CYCLES=40 -DSUB_MMA_UNROLL=1 ... 3.692 ms / 1186 TFLOPS  (225 regs, 6.1s)
[239/270] -DINTERLEAVE_STRATEGY=3 -DK_LOOP_UNROLL=8 -DN_STAGES=5 -DSNAKE_ORDER=0 -DSTAGGER_CYCLES=40 -DSUB_MMA_UNROLL=1 -DW0_LOOP_UNROLL=1 ... 3.385 ms / 1294 TFLOPS  (207 regs, 6.0s)
[240/270] -DINTERLEAVE_STRATEGY=3 -DK_LOOP_UNROLL=8 -DN_STAGES=5 -DSNAKE_ORDER=0 -DSTAGGER_CYCLES=40 -DSUB_MMA_UNROLL=1 -DW0_LOOP_UNROLL=4 ... 3.450 ms / 1270 TFLOPS  (207 regs, 6.0s)
[241/270] -DINTERLEAVE_STRATEGY=3 -DK_LOOP_UNROLL=8 -DN_STAGES=5 -DSNAKE_ORDER=0 -DSTAGGER_CYCLES=40 -DSUB_MMA_UNROLL=3 ... 3.441 ms / 1273 TFLOPS  (233 regs, 6.0s)
[242/270] -DINTERLEAVE_STRATEGY=3 -DK_LOOP_UNROLL=8 -DN_STAGES=5 -DSNAKE_ORDER=0 -DSTAGGER_CYCLES=40 -DSUB_MMA_UNROLL=3 -DW0_LOOP_UNROLL=1 ... 3.401 ms / 1288 TFLOPS  (215 regs, 6.0s)
[243/270] -DINTERLEAVE_STRATEGY=3 -DK_LOOP_UNROLL=8 -DN_STAGES=5 -DSNAKE_ORDER=0 -DSTAGGER_CYCLES=40 -DSUB_MMA_UNROLL=3 -DW0_LOOP_UNROLL=4 ... 3.461 ms / 1266 TFLOPS  (215 regs, 5.9s)
[244/270] -DINTERLEAVE_STRATEGY=3 -DK_LOOP_UNROLL=8 -DN_STAGES=5 -DSTAGGER_CYCLES=40 ... 2.861 ms / 1531 TFLOPS  (234 regs, 6.0s)
[245/270] -DINTERLEAVE_STRATEGY=3 -DK_LOOP_UNROLL=8 -DN_STAGES=5 -DSTAGGER_CYCLES=40 -DW0_LOOP_UNROLL=1 ... 3.039 ms / 1441 TFLOPS  (215 regs, 6.0s)
[246/270] -DINTERLEAVE_STRATEGY=3 -DK_LOOP_UNROLL=8 -DN_STAGES=5 -DSTAGGER_CYCLES=40 -DW0_LOOP_UNROLL=4 ... 3.045 ms / 1439 TFLOPS  (215 regs, 6.0s)
[247/270] -DINTERLEAVE_STRATEGY=3 -DK_LOOP_UNROLL=8 -DN_STAGES=5 -DSTAGGER_CYCLES=40 -DSUB_MMA_UNROLL=1 ... 3.142 ms / 1394 TFLOPS  (225 regs, 6.0s)
[248/270] -DINTERLEAVE_STRATEGY=3 -DK_LOOP_UNROLL=8 -DN_STAGES=5 -DSTAGGER_CYCLES=40 -DSUB_MMA_UNROLL=1 -DW0_LOOP_UNROLL=1 ... 2.956 ms / 1482 TFLOPS  (206 regs, 6.0s)
[249/270] -DINTERLEAVE_STRATEGY=3 -DK_LOOP_UNROLL=8 -DN_STAGES=5 -DSTAGGER_CYCLES=40 -DSUB_MMA_UNROLL=1 -DW0_LOOP_UNROLL=4 ... 2.931 ms / 1494 TFLOPS  (206 regs, 5.9s)
[250/270] -DINTERLEAVE_STRATEGY=3 -DK_LOOP_UNROLL=8 -DN_STAGES=5 -DSTAGGER_CYCLES=40 -DSUB_MMA_UNROLL=3 ... 2.901 ms / 1510 TFLOPS  (234 regs, 6.0s)
[251/270] -DINTERLEAVE_STRATEGY=3 -DK_LOOP_UNROLL=8 -DN_STAGES=5 -DSTAGGER_CYCLES=40 -DSUB_MMA_UNROLL=3 -DW0_LOOP_UNROLL=1 ... 3.027 ms / 1447 TFLOPS  (215 regs, 6.1s)
[252/270] -DINTERLEAVE_STRATEGY=3 -DK_LOOP_UNROLL=8 -DN_STAGES=5 -DSTAGGER_CYCLES=40 -DSUB_MMA_UNROLL=3 -DW0_LOOP_UNROLL=4 ... 3.045 ms / 1438 TFLOPS  (215 regs, 6.0s)
[253/270] -DINTERLEAVE_STRATEGY=3 -DK_LOOP_UNROLL=8 -DN_STAGES=5 -DPHASE1_UNROLL=4 -DSNAKE_ORDER=0 -DSTAGGER_CYCLES=40 ... 3.353 ms / 1306 TFLOPS  (238 regs, 6.0s)
[254/270] -DINTERLEAVE_STRATEGY=3 -DK_LOOP_UNROLL=8 -DN_STAGES=5 -DPHASE1_UNROLL=4 -DSNAKE_ORDER=0 -DSTAGGER_CYCLES=40 -DW0_LOOP_UNROLL=1 ... 3.282 ms / 1335 TFLOPS  (218 regs, 6.0s)
[255/270] -DINTERLEAVE_STRATEGY=3 -DK_LOOP_UNROLL=8 -DN_STAGES=5 -DPHASE1_UNROLL=4 -DSNAKE_ORDER=0 -DSTAGGER_CYCLES=40 -DW0_LOOP_UNROLL=4 ... 3.346 ms / 1309 TFLOPS  (218 regs, 6.1s)
[256/270] -DINTERLEAVE_STRATEGY=3 -DK_LOOP_UNROLL=8 -DN_STAGES=5 -DPHASE1_UNROLL=4 -DSNAKE_ORDER=0 -DSTAGGER_CYCLES=40 -DSUB_MMA_UNROLL=1 ... 3.358 ms / 1304 TFLOPS  (229 regs, 6.1s)
[257/270] -DINTERLEAVE_STRATEGY=3 -DK_LOOP_UNROLL=8 -DN_STAGES=5 -DPHASE1_UNROLL=4 -DSNAKE_ORDER=0 -DSTAGGER_CYCLES=40 -DSUB_MMA_UNROLL=1 -DW0_LOOP_UNROLL=1 ... 3.276 ms / 1337 TFLOPS  (212 regs, 6.0s)
[258/270] -DINTERLEAVE_STRATEGY=3 -DK_LOOP_UNROLL=8 -DN_STAGES=5 -DPHASE1_UNROLL=4 -DSNAKE_ORDER=0 -DSTAGGER_CYCLES=40 -DSUB_MMA_UNROLL=1 -DW0_LOOP_UNROLL=4 ... 3.330 ms / 1315 TFLOPS  (212 regs, 6.0s)
[259/270] -DINTERLEAVE_STRATEGY=3 -DK_LOOP_UNROLL=8 -DN_STAGES=5 -DPHASE1_UNROLL=4 -DSNAKE_ORDER=0 -DSTAGGER_CYCLES=40 -DSUB_MMA_UNROLL=3 ... 3.351 ms / 1307 TFLOPS  (238 regs, 6.1s)
[260/270] -DINTERLEAVE_STRATEGY=3 -DK_LOOP_UNROLL=8 -DN_STAGES=5 -DPHASE1_UNROLL=4 -DSNAKE_ORDER=0 -DSTAGGER_CYCLES=40 -DSUB_MMA_UNROLL=3 -DW0_LOOP_UNROLL=1 ... 3.281 ms / 1335 TFLOPS  (218 regs, 6.1s)
[261/270] -DINTERLEAVE_STRATEGY=3 -DK_LOOP_UNROLL=8 -DN_STAGES=5 -DPHASE1_UNROLL=4 -DSNAKE_ORDER=0 -DSTAGGER_CYCLES=40 -DSUB_MMA_UNROLL=3 -DW0_LOOP_UNROLL=4 ... 3.343 ms / 1310 TFLOPS  (218 regs, 6.1s)
[262/270] -DINTERLEAVE_STRATEGY=3 -DK_LOOP_UNROLL=8 -DN_STAGES=5 -DPHASE1_UNROLL=4 -DSTAGGER_CYCLES=40 ... 2.848 ms / 1538 TFLOPS  (238 regs, 6.2s)
[263/270] -DINTERLEAVE_STRATEGY=3 -DK_LOOP_UNROLL=8 -DN_STAGES=5 -DPHASE1_UNROLL=4 -DSTAGGER_CYCLES=40 -DW0_LOOP_UNROLL=1 ... 2.846 ms / 1539 TFLOPS  (218 regs, 6.1s)
[264/270] -DINTERLEAVE_STRATEGY=3 -DK_LOOP_UNROLL=8 -DN_STAGES=5 -DPHASE1_UNROLL=4 -DSTAGGER_CYCLES=40 -DW0_LOOP_UNROLL=4 ... 2.824 ms / 1551 TFLOPS  (218 regs, 6.0s)
[265/270] -DINTERLEAVE_STRATEGY=3 -DK_LOOP_UNROLL=8 -DN_STAGES=5 -DPHASE1_UNROLL=4 -DSTAGGER_CYCLES=40 -DSUB_MMA_UNROLL=1 ... 2.791 ms / 1570 TFLOPS  (229 regs, 5.9s)
[266/270] -DINTERLEAVE_STRATEGY=3 -DK_LOOP_UNROLL=8 -DN_STAGES=5 -DPHASE1_UNROLL=4 -DSTAGGER_CYCLES=40 -DSUB_MMA_UNROLL=1 -DW0_LOOP_UNROLL=1 ... 2.869 ms / 1526 TFLOPS  (212 regs, 6.1s)
[267/270] -DINTERLEAVE_STRATEGY=3 -DK_LOOP_UNROLL=8 -DN_STAGES=5 -DPHASE1_UNROLL=4 -DSTAGGER_CYCLES=40 -DSUB_MMA_UNROLL=1 -DW0_LOOP_UNROLL=4 ... 2.834 ms / 1545 TFLOPS  (212 regs, 6.1s)
[268/270] -DINTERLEAVE_STRATEGY=3 -DK_LOOP_UNROLL=8 -DN_STAGES=5 -DPHASE1_UNROLL=4 -DSTAGGER_CYCLES=40 -DSUB_MMA_UNROLL=3 ... 2.827 ms / 1549 TFLOPS  (238 regs, 6.0s)
[269/270] -DINTERLEAVE_STRATEGY=3 -DK_LOOP_UNROLL=8 -DN_STAGES=5 -DPHASE1_UNROLL=4 -DSTAGGER_CYCLES=40 -DSUB_MMA_UNROLL=3 -DW0_LOOP_UNROLL=1 ... 2.840 ms / 1542 TFLOPS  (218 regs, 6.2s)
[270/270] -DINTERLEAVE_STRATEGY=3 -DK_LOOP_UNROLL=8 -DN_STAGES=5 -DPHASE1_UNROLL=4 -DSTAGGER_CYCLES=40 -DSUB_MMA_UNROLL=3 -DW0_LOOP_UNROLL=4 ... 2.852 ms / 1536 TFLOPS  (218 regs, 6.2s)
  Branch 3/3: -DINTERLEAVE_STRATEGY=3 -DN_STAGES=5 -DSTAGGER_CYCLES=100
Sweep: 540 total, 270 valid, 270 pruned
Estimated time: ~22 min (270 configs × ~5s each)

[1/270] -DINTERLEAVE_STRATEGY=3 -DK_LOOP_UNROLL=1 -DN_STAGES=5 -DPHASE1_UNROLL=1 -DSNAKE_ORDER=0 -DSTAGGER_CYCLES=100 ... 3.916 ms / 1118 TFLOPS  (175 regs, 5.9s)
[2/270] -DINTERLEAVE_STRATEGY=3 -DK_LOOP_UNROLL=1 -DN_STAGES=5 -DPHASE1_UNROLL=1 -DSNAKE_ORDER=0 -DSTAGGER_CYCLES=100 -DW0_LOOP_UNROLL=1 ... 3.825 ms / 1145 TFLOPS  (154 regs, 5.9s)
[3/270] -DINTERLEAVE_STRATEGY=3 -DK_LOOP_UNROLL=1 -DN_STAGES=5 -DPHASE1_UNROLL=1 -DSNAKE_ORDER=0 -DSTAGGER_CYCLES=100 -DW0_LOOP_UNROLL=4 ... 3.839 ms / 1141 TFLOPS  (154 regs, 5.9s)
[4/270] -DINTERLEAVE_STRATEGY=3 -DK_LOOP_UNROLL=1 -DN_STAGES=5 -DPHASE1_UNROLL=1 -DSNAKE_ORDER=0 -DSTAGGER_CYCLES=100 -DSUB_MMA_UNROLL=1 ... 3.861 ms / 1134 TFLOPS  (168 regs, 6.0s)
[5/270] -DINTERLEAVE_STRATEGY=3 -DK_LOOP_UNROLL=1 -DN_STAGES=5 -DPHASE1_UNROLL=1 -DSNAKE_ORDER=0 -DSTAGGER_CYCLES=100 -DSUB_MMA_UNROLL=1 -DW0_LOOP_UNROLL=1 ... 3.839 ms / 1141 TFLOPS  (146 regs, 6.0s)
[6/270] -DINTERLEAVE_STRATEGY=3 -DK_LOOP_UNROLL=1 -DN_STAGES=5 -DPHASE1_UNROLL=1 -DSNAKE_ORDER=0 -DSTAGGER_CYCLES=100 -DSUB_MMA_UNROLL=1 -DW0_LOOP_UNROLL=4 ... 3.858 ms / 1135 TFLOPS  (146 regs, 5.9s)
[7/270] -DINTERLEAVE_STRATEGY=3 -DK_LOOP_UNROLL=1 -DN_STAGES=5 -DPHASE1_UNROLL=1 -DSNAKE_ORDER=0 -DSTAGGER_CYCLES=100 -DSUB_MMA_UNROLL=3 ... 3.920 ms / 1117 TFLOPS  (175 regs, 6.0s)
[8/270] -DINTERLEAVE_STRATEGY=3 -DK_LOOP_UNROLL=1 -DN_STAGES=5 -DPHASE1_UNROLL=1 -DSNAKE_ORDER=0 -DSTAGGER_CYCLES=100 -DSUB_MMA_UNROLL=3 -DW0_LOOP_UNROLL=1 ... 3.828 ms / 1144 TFLOPS  (154 regs, 6.0s)
[9/270] -DINTERLEAVE_STRATEGY=3 -DK_LOOP_UNROLL=1 -DN_STAGES=5 -DPHASE1_UNROLL=1 -DSNAKE_ORDER=0 -DSTAGGER_CYCLES=100 -DSUB_MMA_UNROLL=3 -DW0_LOOP_UNROLL=4 ... 3.843 ms / 1140 TFLOPS  (154 regs, 6.0s)
[10/270] -DINTERLEAVE_STRATEGY=3 -DK_LOOP_UNROLL=1 -DN_STAGES=5 -DPHASE1_UNROLL=1 -DSTAGGER_CYCLES=100 ... 3.295 ms / 1329 TFLOPS  (175 regs, 5.9s)
[11/270] -DINTERLEAVE_STRATEGY=3 -DK_LOOP_UNROLL=1 -DN_STAGES=5 -DPHASE1_UNROLL=1 -DSTAGGER_CYCLES=100 -DW0_LOOP_UNROLL=1 ... 3.290 ms / 1332 TFLOPS  (152 regs, 5.8s)
[12/270] -DINTERLEAVE_STRATEGY=3 -DK_LOOP_UNROLL=1 -DN_STAGES=5 -DPHASE1_UNROLL=1 -DSTAGGER_CYCLES=100 -DW0_LOOP_UNROLL=4 ... 3.278 ms / 1336 TFLOPS  (152 regs, 5.9s)
[13/270] -DINTERLEAVE_STRATEGY=3 -DK_LOOP_UNROLL=1 -DN_STAGES=5 -DPHASE1_UNROLL=1 -DSTAGGER_CYCLES=100 -DSUB_MMA_UNROLL=1 ... 3.302 ms / 1327 TFLOPS  (168 regs, 5.8s)
[14/270] -DINTERLEAVE_STRATEGY=3 -DK_LOOP_UNROLL=1 -DN_STAGES=5 -DPHASE1_UNROLL=1 -DSTAGGER_CYCLES=100 -DSUB_MMA_UNROLL=1 -DW0_LOOP_UNROLL=1 ... 3.289 ms / 1332 TFLOPS  (144 regs, 5.9s)
[15/270] -DINTERLEAVE_STRATEGY=3 -DK_LOOP_UNROLL=1 -DN_STAGES=5 -DPHASE1_UNROLL=1 -DSTAGGER_CYCLES=100 -DSUB_MMA_UNROLL=1 -DW0_LOOP_UNROLL=4 ... 3.311 ms / 1323 TFLOPS  (144 regs, 5.8s)
[16/270] -DINTERLEAVE_STRATEGY=3 -DK_LOOP_UNROLL=1 -DN_STAGES=5 -DPHASE1_UNROLL=1 -DSTAGGER_CYCLES=100 -DSUB_MMA_UNROLL=3 ... 3.309 ms / 1324 TFLOPS  (175 regs, 5.8s)
[17/270] -DINTERLEAVE_STRATEGY=3 -DK_LOOP_UNROLL=1 -DN_STAGES=5 -DPHASE1_UNROLL=1 -DSTAGGER_CYCLES=100 -DSUB_MMA_UNROLL=3 -DW0_LOOP_UNROLL=1 ... 3.297 ms / 1329 TFLOPS  (152 regs, 5.8s)
[18/270] -DINTERLEAVE_STRATEGY=3 -DK_LOOP_UNROLL=1 -DN_STAGES=5 -DPHASE1_UNROLL=1 -DSTAGGER_CYCLES=100 -DSUB_MMA_UNROLL=3 -DW0_LOOP_UNROLL=4 ... 3.310 ms / 1323 TFLOPS  (152 regs, 5.8s)
[19/270] -DINTERLEAVE_STRATEGY=3 -DK_LOOP_UNROLL=1 -DN_STAGES=5 -DSNAKE_ORDER=0 -DSTAGGER_CYCLES=100 ... 3.393 ms / 1291 TFLOPS  (219 regs, 5.9s)
[20/270] -DINTERLEAVE_STRATEGY=3 -DK_LOOP_UNROLL=1 -DN_STAGES=5 -DSNAKE_ORDER=0 -DSTAGGER_CYCLES=100 -DW0_LOOP_UNROLL=1 ... 3.362 ms / 1303 TFLOPS  (195 regs, 5.9s)
[21/270] -DINTERLEAVE_STRATEGY=3 -DK_LOOP_UNROLL=1 -DN_STAGES=5 -DSNAKE_ORDER=0 -DSTAGGER_CYCLES=100 -DW0_LOOP_UNROLL=4 ... 3.391 ms / 1292 TFLOPS  (195 regs, 5.9s)
[22/270] -DINTERLEAVE_STRATEGY=3 -DK_LOOP_UNROLL=1 -DN_STAGES=5 -DSNAKE_ORDER=0 -DSTAGGER_CYCLES=100 -DSUB_MMA_UNROLL=1 ... 3.388 ms / 1293 TFLOPS  (210 regs, 6.0s)
[23/270] -DINTERLEAVE_STRATEGY=3 -DK_LOOP_UNROLL=1 -DN_STAGES=5 -DSNAKE_ORDER=0 -DSTAGGER_CYCLES=100 -DSUB_MMA_UNROLL=1 -DW0_LOOP_UNROLL=1 ... 3.272 ms / 1339 TFLOPS  (186 regs, 5.8s)
[24/270] -DINTERLEAVE_STRATEGY=3 -DK_LOOP_UNROLL=1 -DN_STAGES=5 -DSNAKE_ORDER=0 -DSTAGGER_CYCLES=100 -DSUB_MMA_UNROLL=1 -DW0_LOOP_UNROLL=4 ... 3.283 ms / 1334 TFLOPS  (186 regs, 5.9s)
[25/270] -DINTERLEAVE_STRATEGY=3 -DK_LOOP_UNROLL=1 -DN_STAGES=5 -DSNAKE_ORDER=0 -DSTAGGER_CYCLES=100 -DSUB_MMA_UNROLL=3 ... 3.393 ms / 1291 TFLOPS  (219 regs, 5.9s)
[26/270] -DINTERLEAVE_STRATEGY=3 -DK_LOOP_UNROLL=1 -DN_STAGES=5 -DSNAKE_ORDER=0 -DSTAGGER_CYCLES=100 -DSUB_MMA_UNROLL=3 -DW0_LOOP_UNROLL=1 ... 3.367 ms / 1301 TFLOPS  (195 regs, 5.9s)
[27/270] -DINTERLEAVE_STRATEGY=3 -DK_LOOP_UNROLL=1 -DN_STAGES=5 -DSNAKE_ORDER=0 -DSTAGGER_CYCLES=100 -DSUB_MMA_UNROLL=3 -DW0_LOOP_UNROLL=4 ... 3.390 ms / 1292 TFLOPS  (195 regs, 6.0s)
[28/270] -DINTERLEAVE_STRATEGY=3 -DK_LOOP_UNROLL=1 -DN_STAGES=5 -DSTAGGER_CYCLES=100 ... 2.923 ms / 1498 TFLOPS  (219 regs, 6.1s)
[29/270] -DINTERLEAVE_STRATEGY=3 -DK_LOOP_UNROLL=1 -DN_STAGES=5 -DSTAGGER_CYCLES=100 -DW0_LOOP_UNROLL=1 ... 2.931 ms / 1494 TFLOPS  (195 regs, 6.0s)
[30/270] -DINTERLEAVE_STRATEGY=3 -DK_LOOP_UNROLL=1 -DN_STAGES=5 -DSTAGGER_CYCLES=100 -DW0_LOOP_UNROLL=4 ... 2.968 ms / 1476 TFLOPS  (195 regs, 5.9s)
[31/270] -DINTERLEAVE_STRATEGY=3 -DK_LOOP_UNROLL=1 -DN_STAGES=5 -DSTAGGER_CYCLES=100 -DSUB_MMA_UNROLL=1 ... 2.980 ms / 1470 TFLOPS  (211 regs, 5.9s)
[32/270] -DINTERLEAVE_STRATEGY=3 -DK_LOOP_UNROLL=1 -DN_STAGES=5 -DSTAGGER_CYCLES=100 -DSUB_MMA_UNROLL=1 -DW0_LOOP_UNROLL=1 ... 2.979 ms / 1470 TFLOPS  (186 regs, 5.9s)
[33/270] -DINTERLEAVE_STRATEGY=3 -DK_LOOP_UNROLL=1 -DN_STAGES=5 -DSTAGGER_CYCLES=100 -DSUB_MMA_UNROLL=1 -DW0_LOOP_UNROLL=4 ... 2.968 ms / 1476 TFLOPS  (186 regs, 5.9s)
[34/270] -DINTERLEAVE_STRATEGY=3 -DK_LOOP_UNROLL=1 -DN_STAGES=5 -DSTAGGER_CYCLES=100 -DSUB_MMA_UNROLL=3 ... 2.929 ms / 1496 TFLOPS  (219 regs, 6.0s)
[35/270] -DINTERLEAVE_STRATEGY=3 -DK_LOOP_UNROLL=1 -DN_STAGES=5 -DSTAGGER_CYCLES=100 -DSUB_MMA_UNROLL=3 -DW0_LOOP_UNROLL=1 ... 2.950 ms / 1485 TFLOPS  (195 regs, 5.9s)
[36/270] -DINTERLEAVE_STRATEGY=3 -DK_LOOP_UNROLL=1 -DN_STAGES=5 -DSTAGGER_CYCLES=100 -DSUB_MMA_UNROLL=3 -DW0_LOOP_UNROLL=4 ... 2.911 ms / 1505 TFLOPS  (195 regs, 5.8s)
[37/270] -DINTERLEAVE_STRATEGY=3 -DK_LOOP_UNROLL=1 -DN_STAGES=5 -DPHASE1_UNROLL=4 -DSNAKE_ORDER=0 -DSTAGGER_CYCLES=100 ... 3.368 ms / 1300 TFLOPS  (224 regs, 6.0s)
[38/270] -DINTERLEAVE_STRATEGY=3 -DK_LOOP_UNROLL=1 -DN_STAGES=5 -DPHASE1_UNROLL=4 -DSNAKE_ORDER=0 -DSTAGGER_CYCLES=100 -DW0_LOOP_UNROLL=1 ... 3.291 ms / 1331 TFLOPS  (198 regs, 5.9s)
[39/270] -DINTERLEAVE_STRATEGY=3 -DK_LOOP_UNROLL=1 -DN_STAGES=5 -DPHASE1_UNROLL=4 -DSNAKE_ORDER=0 -DSTAGGER_CYCLES=100 -DW0_LOOP_UNROLL=4 ... 3.349 ms / 1308 TFLOPS  (198 regs, 6.0s)
[40/270] -DINTERLEAVE_STRATEGY=3 -DK_LOOP_UNROLL=1 -DN_STAGES=5 -DPHASE1_UNROLL=4 -DSNAKE_ORDER=0 -DSTAGGER_CYCLES=100 -DSUB_MMA_UNROLL=1 ... 3.351 ms / 1307 TFLOPS  (214 regs, 6.0s)
[41/270] -DINTERLEAVE_STRATEGY=3 -DK_LOOP_UNROLL=1 -DN_STAGES=5 -DPHASE1_UNROLL=4 -DSNAKE_ORDER=0 -DSTAGGER_CYCLES=100 -DSUB_MMA_UNROLL=1 -DW0_LOOP_UNROLL=1 ... 3.104 ms / 1411 TFLOPS  (190 regs, 6.0s)
[42/270] -DINTERLEAVE_STRATEGY=3 -DK_LOOP_UNROLL=1 -DN_STAGES=5 -DPHASE1_UNROLL=4 -DSNAKE_ORDER=0 -DSTAGGER_CYCLES=100 -DSUB_MMA_UNROLL=1 -DW0_LOOP_UNROLL=4 ... 3.193 ms / 1372 TFLOPS  (190 regs, 5.9s)
[43/270] -DINTERLEAVE_STRATEGY=3 -DK_LOOP_UNROLL=1 -DN_STAGES=5 -DPHASE1_UNROLL=4 -DSNAKE_ORDER=0 -DSTAGGER_CYCLES=100 -DSUB_MMA_UNROLL=3 ... 3.370 ms / 1300 TFLOPS  (224 regs, 6.1s)
[44/270] -DINTERLEAVE_STRATEGY=3 -DK_LOOP_UNROLL=1 -DN_STAGES=5 -DPHASE1_UNROLL=4 -DSNAKE_ORDER=0 -DSTAGGER_CYCLES=100 -DSUB_MMA_UNROLL=3 -DW0_LOOP_UNROLL=1 ... 3.293 ms / 1330 TFLOPS  (198 regs, 6.1s)
[45/270] -DINTERLEAVE_STRATEGY=3 -DK_LOOP_UNROLL=1 -DN_STAGES=5 -DPHASE1_UNROLL=4 -DSNAKE_ORDER=0 -DSTAGGER_CYCLES=100 -DSUB_MMA_UNROLL=3 -DW0_LOOP_UNROLL=4 ... 3.354 ms / 1306 TFLOPS  (198 regs, 6.0s)
[46/270] -DINTERLEAVE_STRATEGY=3 -DK_LOOP_UNROLL=1 -DN_STAGES=5 -DPHASE1_UNROLL=4 -DSTAGGER_CYCLES=100 ... 2.814 ms / 1557 TFLOPS  (224 regs, 6.0s)
[47/270] -DINTERLEAVE_STRATEGY=3 -DK_LOOP_UNROLL=1 -DN_STAGES=5 -DPHASE1_UNROLL=4 -DSTAGGER_CYCLES=100 -DW0_LOOP_UNROLL=1 ... 2.787 ms / 1572 TFLOPS  (198 regs, 5.9s)
[48/270] -DINTERLEAVE_STRATEGY=3 -DK_LOOP_UNROLL=1 -DN_STAGES=5 -DPHASE1_UNROLL=4 -DSTAGGER_CYCLES=100 -DW0_LOOP_UNROLL=4 ... 2.817 ms / 1555 TFLOPS  (198 regs, 5.8s)
[49/270] -DINTERLEAVE_STRATEGY=3 -DK_LOOP_UNROLL=1 -DN_STAGES=5 -DPHASE1_UNROLL=4 -DSTAGGER_CYCLES=100 -DSUB_MMA_UNROLL=1 ... 2.926 ms / 1497 TFLOPS  (214 regs, 6.0s)
[50/270] -DINTERLEAVE_STRATEGY=3 -DK_LOOP_UNROLL=1 -DN_STAGES=5 -DPHASE1_UNROLL=4 -DSTAGGER_CYCLES=100 -DSUB_MMA_UNROLL=1 -DW0_LOOP_UNROLL=1 ... 2.758 ms / 1588 TFLOPS  (190 regs, 6.1s)
[51/270] -DINTERLEAVE_STRATEGY=3 -DK_LOOP_UNROLL=1 -DN_STAGES=5 -DPHASE1_UNROLL=4 -DSTAGGER_CYCLES=100 -DSUB_MMA_UNROLL=1 -DW0_LOOP_UNROLL=4 ... 2.782 ms / 1574 TFLOPS  (190 regs, 6.0s)
[52/270] -DINTERLEAVE_STRATEGY=3 -DK_LOOP_UNROLL=1 -DN_STAGES=5 -DPHASE1_UNROLL=4 -DSTAGGER_CYCLES=100 -DSUB_MMA_UNROLL=3 ... 2.848 ms / 1538 TFLOPS  (224 regs, 6.1s)
[53/270] -DINTERLEAVE_STRATEGY=3 -DK_LOOP_UNROLL=1 -DN_STAGES=5 -DPHASE1_UNROLL=4 -DSTAGGER_CYCLES=100 -DSUB_MMA_UNROLL=3 -DW0_LOOP_UNROLL=1 ... 2.783 ms / 1574 TFLOPS  (198 regs, 6.0s)
[54/270] -DINTERLEAVE_STRATEGY=3 -DK_LOOP_UNROLL=1 -DN_STAGES=5 -DPHASE1_UNROLL=4 -DSTAGGER_CYCLES=100 -DSUB_MMA_UNROLL=3 -DW0_LOOP_UNROLL=4 ... 2.815 ms / 1556 TFLOPS  (198 regs, 6.2s)
[55/270] -DINTERLEAVE_STRATEGY=3 -DK_LOOP_UNROLL=2 -DN_STAGES=5 -DPHASE1_UNROLL=1 -DSNAKE_ORDER=0 -DSTAGGER_CYCLES=100 ... 3.916 ms / 1118 TFLOPS  (175 regs, 5.9s)
[56/270] -DINTERLEAVE_STRATEGY=3 -DK_LOOP_UNROLL=2 -DN_STAGES=5 -DPHASE1_UNROLL=1 -DSNAKE_ORDER=0 -DSTAGGER_CYCLES=100 -DW0_LOOP_UNROLL=1 ... 3.823 ms / 1146 TFLOPS  (154 regs, 6.0s)
[57/270] -DINTERLEAVE_STRATEGY=3 -DK_LOOP_UNROLL=2 -DN_STAGES=5 -DPHASE1_UNROLL=1 -DSNAKE_ORDER=0 -DSTAGGER_CYCLES=100 -DW0_LOOP_UNROLL=4 ... 3.842 ms / 1140 TFLOPS  (154 regs, 5.9s)
[58/270] -DINTERLEAVE_STRATEGY=3 -DK_LOOP_UNROLL=2 -DN_STAGES=5 -DPHASE1_UNROLL=1 -DSNAKE_ORDER=0 -DSTAGGER_CYCLES=100 -DSUB_MMA_UNROLL=1 ... 3.871 ms / 1131 TFLOPS  (168 regs, 5.8s)
[59/270] -DINTERLEAVE_STRATEGY=3 -DK_LOOP_UNROLL=2 -DN_STAGES=5 -DPHASE1_UNROLL=1 -DSNAKE_ORDER=0 -DSTAGGER_CYCLES=100 -DSUB_MMA_UNROLL=1 -DW0_LOOP_UNROLL=1 ... 3.841 ms / 1140 TFLOPS  (146 regs, 6.0s)
[60/270] -DINTERLEAVE_STRATEGY=3 -DK_LOOP_UNROLL=2 -DN_STAGES=5 -DPHASE1_UNROLL=1 -DSNAKE_ORDER=0 -DSTAGGER_CYCLES=100 -DSUB_MMA_UNROLL=1 -DW0_LOOP_UNROLL=4 ... 3.857 ms / 1136 TFLOPS  (146 regs, 5.9s)
[61/270] -DINTERLEAVE_STRATEGY=3 -DK_LOOP_UNROLL=2 -DN_STAGES=5 -DPHASE1_UNROLL=1 -DSNAKE_ORDER=0 -DSTAGGER_CYCLES=100 -DSUB_MMA_UNROLL=3 ... 3.914 ms / 1119 TFLOPS  (175 regs, 6.0s)
[62/270] -DINTERLEAVE_STRATEGY=3 -DK_LOOP_UNROLL=2 -DN_STAGES=5 -DPHASE1_UNROLL=1 -DSNAKE_ORDER=0 -DSTAGGER_CYCLES=100 -DSUB_MMA_UNROLL=3 -DW0_LOOP_UNROLL=1 ... 3.819 ms / 1147 TFLOPS  (154 regs, 5.9s)
[63/270] -DINTERLEAVE_STRATEGY=3 -DK_LOOP_UNROLL=2 -DN_STAGES=5 -DPHASE1_UNROLL=1 -DSNAKE_ORDER=0 -DSTAGGER_CYCLES=100 -DSUB_MMA_UNROLL=3 -DW0_LOOP_UNROLL=4 ... 3.841 ms / 1140 TFLOPS  (154 regs, 5.9s)
[64/270] -DINTERLEAVE_STRATEGY=3 -DK_LOOP_UNROLL=2 -DN_STAGES=5 -DPHASE1_UNROLL=1 -DSTAGGER_CYCLES=100 ... 3.313 ms / 1322 TFLOPS  (175 regs, 5.8s)
[65/270] -DINTERLEAVE_STRATEGY=3 -DK_LOOP_UNROLL=2 -DN_STAGES=5 -DPHASE1_UNROLL=1 -DSTAGGER_CYCLES=100 -DW0_LOOP_UNROLL=1 ... 3.326 ms / 1317 TFLOPS  (152 regs, 5.9s)
[66/270] -DINTERLEAVE_STRATEGY=3 -DK_LOOP_UNROLL=2 -DN_STAGES=5 -DPHASE1_UNROLL=1 -DSTAGGER_CYCLES=100 -DW0_LOOP_UNROLL=4 ... 3.283 ms / 1334 TFLOPS  (152 regs, 5.8s)
[67/270] -DINTERLEAVE_STRATEGY=3 -DK_LOOP_UNROLL=2 -DN_STAGES=5 -DPHASE1_UNROLL=1 -DSTAGGER_CYCLES=100 -DSUB_MMA_UNROLL=1 ... 3.298 ms / 1328 TFLOPS  (168 regs, 6.0s)
[68/270] -DINTERLEAVE_STRATEGY=3 -DK_LOOP_UNROLL=2 -DN_STAGES=5 -DPHASE1_UNROLL=1 -DSTAGGER_CYCLES=100 -DSUB_MMA_UNROLL=1 -DW0_LOOP_UNROLL=1 ... 3.293 ms / 1330 TFLOPS  (144 regs, 5.9s)
[69/270] -DINTERLEAVE_STRATEGY=3 -DK_LOOP_UNROLL=2 -DN_STAGES=5 -DPHASE1_UNROLL=1 -DSTAGGER_CYCLES=100 -DSUB_MMA_UNROLL=1 -DW0_LOOP_UNROLL=4 ... 3.321 ms / 1319 TFLOPS  (144 regs, 6.0s)
[70/270] -DINTERLEAVE_STRATEGY=3 -DK_LOOP_UNROLL=2 -DN_STAGES=5 -DPHASE1_UNROLL=1 -DSTAGGER_CYCLES=100 -DSUB_MMA_UNROLL=3 ... 3.330 ms / 1315 TFLOPS  (175 regs, 5.9s)
[71/270] -DINTERLEAVE_STRATEGY=3 -DK_LOOP_UNROLL=2 -DN_STAGES=5 -DPHASE1_UNROLL=1 -DSTAGGER_CYCLES=100 -DSUB_MMA_UNROLL=3 -DW0_LOOP_UNROLL=1 ... 3.316 ms / 1321 TFLOPS  (152 regs, 6.0s)
[72/270] -DINTERLEAVE_STRATEGY=3 -DK_LOOP_UNROLL=2 -DN_STAGES=5 -DPHASE1_UNROLL=1 -DSTAGGER_CYCLES=100 -DSUB_MMA_UNROLL=3 -DW0_LOOP_UNROLL=4 ... 3.331 ms / 1315 TFLOPS  (152 regs, 5.8s)
[73/270] -DINTERLEAVE_STRATEGY=3 -DK_LOOP_UNROLL=2 -DN_STAGES=5 -DSNAKE_ORDER=0 -DSTAGGER_CYCLES=100 ... 3.395 ms / 1290 TFLOPS  (219 regs, 5.9s)
[74/270] -DINTERLEAVE_STRATEGY=3 -DK_LOOP_UNROLL=2 -DN_STAGES=5 -DSNAKE_ORDER=0 -DSTAGGER_CYCLES=100 -DW0_LOOP_UNROLL=1 ... 3.359 ms / 1304 TFLOPS  (195 regs, 6.0s)
[75/270] -DINTERLEAVE_STRATEGY=3 -DK_LOOP_UNROLL=2 -DN_STAGES=5 -DSNAKE_ORDER=0 -DSTAGGER_CYCLES=100 -DW0_LOOP_UNROLL=4 ... 3.381 ms / 1295 TFLOPS  (195 regs, 6.1s)
[76/270] -DINTERLEAVE_STRATEGY=3 -DK_LOOP_UNROLL=2 -DN_STAGES=5 -DSNAKE_ORDER=0 -DSTAGGER_CYCLES=100 -DSUB_MMA_UNROLL=1 ... 3.407 ms / 1285 TFLOPS  (210 regs, 5.9s)
[77/270] -DINTERLEAVE_STRATEGY=3 -DK_LOOP_UNROLL=2 -DN_STAGES=5 -DSNAKE_ORDER=0 -DSTAGGER_CYCLES=100 -DSUB_MMA_UNROLL=1 -DW0_LOOP_UNROLL=1 ... 3.282 ms / 1334 TFLOPS  (186 regs, 6.0s)
[78/270] -DINTERLEAVE_STRATEGY=3 -DK_LOOP_UNROLL=2 -DN_STAGES=5 -DSNAKE_ORDER=0 -DSTAGGER_CYCLES=100 -DSUB_MMA_UNROLL=1 -DW0_LOOP_UNROLL=4 ... 3.307 ms / 1324 TFLOPS  (186 regs, 6.0s)
[79/270] -DINTERLEAVE_STRATEGY=3 -DK_LOOP_UNROLL=2 -DN_STAGES=5 -DSNAKE_ORDER=0 -DSTAGGER_CYCLES=100 -DSUB_MMA_UNROLL=3 ... 3.394 ms / 1291 TFLOPS  (219 regs, 5.9s)
[80/270] -DINTERLEAVE_STRATEGY=3 -DK_LOOP_UNROLL=2 -DN_STAGES=5 -DSNAKE_ORDER=0 -DSTAGGER_CYCLES=100 -DSUB_MMA_UNROLL=3 -DW0_LOOP_UNROLL=1 ... 3.360 ms / 1304 TFLOPS  (195 regs, 6.0s)
[81/270] -DINTERLEAVE_STRATEGY=3 -DK_LOOP_UNROLL=2 -DN_STAGES=5 -DSNAKE_ORDER=0 -DSTAGGER_CYCLES=100 -DSUB_MMA_UNROLL=3 -DW0_LOOP_UNROLL=4 ... 3.389 ms / 1293 TFLOPS  (195 regs, 6.0s)
[82/270] -DINTERLEAVE_STRATEGY=3 -DK_LOOP_UNROLL=2 -DN_STAGES=5 -DSTAGGER_CYCLES=100 ... 2.922 ms / 1499 TFLOPS  (219 regs, 5.9s)
[83/270] -DINTERLEAVE_STRATEGY=3 -DK_LOOP_UNROLL=2 -DN_STAGES=5 -DSTAGGER_CYCLES=100 -DW0_LOOP_UNROLL=1 ... 2.931 ms / 1495 TFLOPS  (195 regs, 6.0s)
[84/270] -DINTERLEAVE_STRATEGY=3 -DK_LOOP_UNROLL=2 -DN_STAGES=5 -DSTAGGER_CYCLES=100 -DW0_LOOP_UNROLL=4 ... 2.910 ms / 1505 TFLOPS  (195 regs, 6.0s)
[85/270] -DINTERLEAVE_STRATEGY=3 -DK_LOOP_UNROLL=2 -DN_STAGES=5 -DSTAGGER_CYCLES=100 -DSUB_MMA_UNROLL=1 ... 2.933 ms / 1493 TFLOPS  (211 regs, 5.9s)
[86/270] -DINTERLEAVE_STRATEGY=3 -DK_LOOP_UNROLL=2 -DN_STAGES=5 -DSTAGGER_CYCLES=100 -DSUB_MMA_UNROLL=1 -DW0_LOOP_UNROLL=1 ... 2.985 ms / 1467 TFLOPS  (186 regs, 5.8s)
[87/270] -DINTERLEAVE_STRATEGY=3 -DK_LOOP_UNROLL=2 -DN_STAGES=5 -DSTAGGER_CYCLES=100 -DSUB_MMA_UNROLL=1 -DW0_LOOP_UNROLL=4 ... 2.970 ms / 1475 TFLOPS  (186 regs, 6.0s)
[88/270] -DINTERLEAVE_STRATEGY=3 -DK_LOOP_UNROLL=2 -DN_STAGES=5 -DSTAGGER_CYCLES=100 -DSUB_MMA_UNROLL=3 ... 2.931 ms / 1495 TFLOPS  (219 regs, 6.0s)
[89/270] -DINTERLEAVE_STRATEGY=3 -DK_LOOP_UNROLL=2 -DN_STAGES=5 -DSTAGGER_CYCLES=100 -DSUB_MMA_UNROLL=3 -DW0_LOOP_UNROLL=1 ... 2.915 ms / 1503 TFLOPS  (195 regs, 6.0s)
[90/270] -DINTERLEAVE_STRATEGY=3 -DK_LOOP_UNROLL=2 -DN_STAGES=5 -DSTAGGER_CYCLES=100 -DSUB_MMA_UNROLL=3 -DW0_LOOP_UNROLL=4 ... 2.932 ms / 1494 TFLOPS  (195 regs, 6.1s)
[91/270] -DINTERLEAVE_STRATEGY=3 -DK_LOOP_UNROLL=2 -DN_STAGES=5 -DPHASE1_UNROLL=4 -DSNAKE_ORDER=0 -DSTAGGER_CYCLES=100 ... 3.365 ms / 1302 TFLOPS  (224 regs, 6.0s)
[92/270] -DINTERLEAVE_STRATEGY=3 -DK_LOOP_UNROLL=2 -DN_STAGES=5 -DPHASE1_UNROLL=4 -DSNAKE_ORDER=0 -DSTAGGER_CYCLES=100 -DW0_LOOP_UNROLL=1 ... 3.297 ms / 1328 TFLOPS  (198 regs, 6.0s)
[93/270] -DINTERLEAVE_STRATEGY=3 -DK_LOOP_UNROLL=2 -DN_STAGES=5 -DPHASE1_UNROLL=4 -DSNAKE_ORDER=0 -DSTAGGER_CYCLES=100 -DW0_LOOP_UNROLL=4 ... 3.356 ms / 1305 TFLOPS  (198 regs, 5.9s)
[94/270] -DINTERLEAVE_STRATEGY=3 -DK_LOOP_UNROLL=2 -DN_STAGES=5 -DPHASE1_UNROLL=4 -DSNAKE_ORDER=0 -DSTAGGER_CYCLES=100 -DSUB_MMA_UNROLL=1 ... 3.398 ms / 1289 TFLOPS  (214 regs, 6.2s)
[95/270] -DINTERLEAVE_STRATEGY=3 -DK_LOOP_UNROLL=2 -DN_STAGES=5 -DPHASE1_UNROLL=4 -DSNAKE_ORDER=0 -DSTAGGER_CYCLES=100 -DSUB_MMA_UNROLL=1 -DW0_LOOP_UNROLL=1 ... 3.121 ms / 1403 TFLOPS  (190 regs, 6.1s)
[96/270] -DINTERLEAVE_STRATEGY=3 -DK_LOOP_UNROLL=2 -DN_STAGES=5 -DPHASE1_UNROLL=4 -DSNAKE_ORDER=0 -DSTAGGER_CYCLES=100 -DSUB_MMA_UNROLL=1 -DW0_LOOP_UNROLL=4 ... 3.239 ms / 1352 TFLOPS  (190 regs, 6.1s)
[97/270] -DINTERLEAVE_STRATEGY=3 -DK_LOOP_UNROLL=2 -DN_STAGES=5 -DPHASE1_UNROLL=4 -DSNAKE_ORDER=0 -DSTAGGER_CYCLES=100 -DSUB_MMA_UNROLL=3 ... 3.365 ms / 1301 TFLOPS  (224 regs, 6.0s)
[98/270] -DINTERLEAVE_STRATEGY=3 -DK_LOOP_UNROLL=2 -DN_STAGES=5 -DPHASE1_UNROLL=4 -DSNAKE_ORDER=0 -DSTAGGER_CYCLES=100 -DSUB_MMA_UNROLL=3 -DW0_LOOP_UNROLL=1 ... 3.296 ms / 1329 TFLOPS  (198 regs, 6.1s)
[99/270] -DINTERLEAVE_STRATEGY=3 -DK_LOOP_UNROLL=2 -DN_STAGES=5 -DPHASE1_UNROLL=4 -DSNAKE_ORDER=0 -DSTAGGER_CYCLES=100 -DSUB_MMA_UNROLL=3 -DW0_LOOP_UNROLL=4 ... 3.349 ms / 1308 TFLOPS  (198 regs, 5.9s)
[100/270] -DINTERLEAVE_STRATEGY=3 -DK_LOOP_UNROLL=2 -DN_STAGES=5 -DPHASE1_UNROLL=4 -DSTAGGER_CYCLES=100 ... 2.783 ms / 1574 TFLOPS  (224 regs, 6.0s)
[101/270] -DINTERLEAVE_STRATEGY=3 -DK_LOOP_UNROLL=2 -DN_STAGES=5 -DPHASE1_UNROLL=4 -DSTAGGER_CYCLES=100 -DW0_LOOP_UNROLL=1 ... 2.772 ms / 1580 TFLOPS  (198 regs, 6.1s)
[102/270] -DINTERLEAVE_STRATEGY=3 -DK_LOOP_UNROLL=2 -DN_STAGES=5 -DPHASE1_UNROLL=4 -DSTAGGER_CYCLES=100 -DW0_LOOP_UNROLL=4 ... 2.839 ms / 1543 TFLOPS  (198 regs, 6.1s)
[103/270] -DINTERLEAVE_STRATEGY=3 -DK_LOOP_UNROLL=2 -DN_STAGES=5 -DPHASE1_UNROLL=4 -DSTAGGER_CYCLES=100 -DSUB_MMA_UNROLL=1 ... 2.870 ms / 1526 TFLOPS  (214 regs, 6.1s)
[104/270] -DINTERLEAVE_STRATEGY=3 -DK_LOOP_UNROLL=2 -DN_STAGES=5 -DPHASE1_UNROLL=4 -DSTAGGER_CYCLES=100 -DSUB_MMA_UNROLL=1 -DW0_LOOP_UNROLL=1 ... 2.761 ms / 1587 TFLOPS  (190 regs, 6.1s)
[105/270] -DINTERLEAVE_STRATEGY=3 -DK_LOOP_UNROLL=2 -DN_STAGES=5 -DPHASE1_UNROLL=4 -DSTAGGER_CYCLES=100 -DSUB_MMA_UNROLL=1 -DW0_LOOP_UNROLL=4 ... 2.766 ms / 1584 TFLOPS  (190 regs, 6.1s)
[106/270] -DINTERLEAVE_STRATEGY=3 -DK_LOOP_UNROLL=2 -DN_STAGES=5 -DPHASE1_UNROLL=4 -DSTAGGER_CYCLES=100 -DSUB_MMA_UNROLL=3 ... 2.771 ms / 1580 TFLOPS  (224 regs, 6.0s)
[107/270] -DINTERLEAVE_STRATEGY=3 -DK_LOOP_UNROLL=2 -DN_STAGES=5 -DPHASE1_UNROLL=4 -DSTAGGER_CYCLES=100 -DSUB_MMA_UNROLL=3 -DW0_LOOP_UNROLL=1 ... 2.803 ms / 1563 TFLOPS  (198 regs, 6.1s)
[108/270] -DINTERLEAVE_STRATEGY=3 -DK_LOOP_UNROLL=2 -DN_STAGES=5 -DPHASE1_UNROLL=4 -DSTAGGER_CYCLES=100 -DSUB_MMA_UNROLL=3 -DW0_LOOP_UNROLL=4 ... 2.803 ms / 1562 TFLOPS  (198 regs, 6.2s)
[109/270] -DINTERLEAVE_STRATEGY=3 -DN_STAGES=5 -DPHASE1_UNROLL=1 -DSNAKE_ORDER=0 -DSTAGGER_CYCLES=100 ... 3.880 ms / 1129 TFLOPS  (240 regs, 6.0s)
[110/270] -DINTERLEAVE_STRATEGY=3 -DN_STAGES=5 -DPHASE1_UNROLL=1 -DSNAKE_ORDER=0 -DSTAGGER_CYCLES=100 -DW0_LOOP_UNROLL=1 ... 3.881 ms / 1129 TFLOPS  (221 regs, 6.0s)
[111/270] -DINTERLEAVE_STRATEGY=3 -DN_STAGES=5 -DPHASE1_UNROLL=1 -DSNAKE_ORDER=0 -DSTAGGER_CYCLES=100 -DW0_LOOP_UNROLL=4 ... 3.901 ms / 1123 TFLOPS  (221 regs, 5.9s)
[112/270] -DINTERLEAVE_STRATEGY=3 -DN_STAGES=5 -DPHASE1_UNROLL=1 -DSNAKE_ORDER=0 -DSTAGGER_CYCLES=100 -DSUB_MMA_UNROLL=1 ... 3.916 ms / 1118 TFLOPS  (183 regs, 5.9s)
[113/270] -DINTERLEAVE_STRATEGY=3 -DN_STAGES=5 -DPHASE1_UNROLL=1 -DSNAKE_ORDER=0 -DSTAGGER_CYCLES=100 -DSUB_MMA_UNROLL=1 -DW0_LOOP_UNROLL=1 ... 3.849 ms / 1138 TFLOPS  (163 regs, 6.0s)
[114/270] -DINTERLEAVE_STRATEGY=3 -DN_STAGES=5 -DPHASE1_UNROLL=1 -DSNAKE_ORDER=0 -DSTAGGER_CYCLES=100 -DSUB_MMA_UNROLL=1 -DW0_LOOP_UNROLL=4 ... 3.869 ms / 1132 TFLOPS  (163 regs, 6.0s)
[115/270] -DINTERLEAVE_STRATEGY=3 -DN_STAGES=5 -DPHASE1_UNROLL=1 -DSNAKE_ORDER=0 -DSTAGGER_CYCLES=100 -DSUB_MMA_UNROLL=3 ... 3.881 ms / 1128 TFLOPS  (240 regs, 6.0s)
[116/270] -DINTERLEAVE_STRATEGY=3 -DN_STAGES=5 -DPHASE1_UNROLL=1 -DSNAKE_ORDER=0 -DSTAGGER_CYCLES=100 -DSUB_MMA_UNROLL=3 -DW0_LOOP_UNROLL=1 ... 3.884 ms / 1128 TFLOPS  (221 regs, 5.9s)
[117/270] -DINTERLEAVE_STRATEGY=3 -DN_STAGES=5 -DPHASE1_UNROLL=1 -DSNAKE_ORDER=0 -DSTAGGER_CYCLES=100 -DSUB_MMA_UNROLL=3 -DW0_LOOP_UNROLL=4 ... 3.900 ms / 1123 TFLOPS  (221 regs, 6.1s)
[118/270] -DINTERLEAVE_STRATEGY=3 -DN_STAGES=5 -DPHASE1_UNROLL=1 -DSTAGGER_CYCLES=100 ... 3.344 ms / 1310 TFLOPS  (239 regs, 6.0s)
[119/270] -DINTERLEAVE_STRATEGY=3 -DN_STAGES=5 -DPHASE1_UNROLL=1 -DSTAGGER_CYCLES=100 -DW0_LOOP_UNROLL=1 ... 3.340 ms / 1311 TFLOPS  (221 regs, 6.0s)
[120/270] -DINTERLEAVE_STRATEGY=3 -DN_STAGES=5 -DPHASE1_UNROLL=1 -DSTAGGER_CYCLES=100 -DW0_LOOP_UNROLL=4 ... 3.366 ms / 1301 TFLOPS  (221 regs, 6.0s)
[121/270] -DINTERLEAVE_STRATEGY=3 -DN_STAGES=5 -DPHASE1_UNROLL=1 -DSTAGGER_CYCLES=100 -DSUB_MMA_UNROLL=1 ... 3.372 ms / 1299 TFLOPS  (183 regs, 5.9s)
[122/270] -DINTERLEAVE_STRATEGY=3 -DN_STAGES=5 -DPHASE1_UNROLL=1 -DSTAGGER_CYCLES=100 -DSUB_MMA_UNROLL=1 -DW0_LOOP_UNROLL=1 ... 3.313 ms / 1322 TFLOPS  (163 regs, 5.9s)
[123/270] -DINTERLEAVE_STRATEGY=3 -DN_STAGES=5 -DPHASE1_UNROLL=1 -DSTAGGER_CYCLES=100 -DSUB_MMA_UNROLL=1 -DW0_LOOP_UNROLL=4 ... 3.314 ms / 1322 TFLOPS  (163 regs, 6.0s)
[124/270] -DINTERLEAVE_STRATEGY=3 -DN_STAGES=5 -DPHASE1_UNROLL=1 -DSTAGGER_CYCLES=100 -DSUB_MMA_UNROLL=3 ... 3.332 ms / 1314 TFLOPS  (239 regs, 6.0s)
[125/270] -DINTERLEAVE_STRATEGY=3 -DN_STAGES=5 -DPHASE1_UNROLL=1 -DSTAGGER_CYCLES=100 -DSUB_MMA_UNROLL=3 -DW0_LOOP_UNROLL=1 ... 3.339 ms / 1312 TFLOPS  (221 regs, 5.9s)
[126/270] -DINTERLEAVE_STRATEGY=3 -DN_STAGES=5 -DPHASE1_UNROLL=1 -DSTAGGER_CYCLES=100 -DSUB_MMA_UNROLL=3 -DW0_LOOP_UNROLL=4 ... 3.344 ms / 1310 TFLOPS  (221 regs, 6.0s)
[127/270] -DINTERLEAVE_STRATEGY=3 -DN_STAGES=5 -DSNAKE_ORDER=0 -DSTAGGER_CYCLES=100 ... 3.381 ms / 1295 TFLOPS  (240 regs, 6.0s)
[128/270] -DINTERLEAVE_STRATEGY=3 -DN_STAGES=5 -DSNAKE_ORDER=0 -DSTAGGER_CYCLES=100 -DW0_LOOP_UNROLL=1 ... 3.205 ms / 1367 TFLOPS  (241 regs, 6.0s)
[129/270] -DINTERLEAVE_STRATEGY=3 -DN_STAGES=5 -DSNAKE_ORDER=0 -DSTAGGER_CYCLES=100 -DW0_LOOP_UNROLL=4 ... 3.293 ms / 1330 TFLOPS  (241 regs, 6.0s)
[130/270] -DINTERLEAVE_STRATEGY=3 -DN_STAGES=5 -DSNAKE_ORDER=0 -DSTAGGER_CYCLES=100 -DSUB_MMA_UNROLL=1 ... 3.618 ms / 1211 TFLOPS  (225 regs, 6.0s)
[131/270] -DINTERLEAVE_STRATEGY=3 -DN_STAGES=5 -DSNAKE_ORDER=0 -DSTAGGER_CYCLES=100 -DSUB_MMA_UNROLL=1 -DW0_LOOP_UNROLL=1 ... 3.343 ms / 1310 TFLOPS  (207 regs, 6.0s)
[132/270] -DINTERLEAVE_STRATEGY=3 -DN_STAGES=5 -DSNAKE_ORDER=0 -DSTAGGER_CYCLES=100 -DSUB_MMA_UNROLL=1 -DW0_LOOP_UNROLL=4 ... 3.404 ms / 1287 TFLOPS  (207 regs, 5.9s)
[133/270] -DINTERLEAVE_STRATEGY=3 -DN_STAGES=5 -DSNAKE_ORDER=0 -DSTAGGER_CYCLES=100 -DSUB_MMA_UNROLL=3 ... 3.376 ms / 1297 TFLOPS  (240 regs, 5.9s)
[134/270] -DINTERLEAVE_STRATEGY=3 -DN_STAGES=5 -DSNAKE_ORDER=0 -DSTAGGER_CYCLES=100 -DSUB_MMA_UNROLL=3 -DW0_LOOP_UNROLL=1 ... 3.204 ms / 1367 TFLOPS  (241 regs, 6.0s)
[135/270] -DINTERLEAVE_STRATEGY=3 -DN_STAGES=5 -DSNAKE_ORDER=0 -DSTAGGER_CYCLES=100 -DSUB_MMA_UNROLL=3 -DW0_LOOP_UNROLL=4 ... 3.290 ms / 1331 TFLOPS  (241 regs, 6.0s)
[136/270] -DINTERLEAVE_STRATEGY=3 -DN_STAGES=5 -DSTAGGER_CYCLES=100 ... 2.778 ms / 1577 TFLOPS  (240 regs, 6.0s)
[137/270] -DINTERLEAVE_STRATEGY=3 -DN_STAGES=5 -DSTAGGER_CYCLES=100 -DW0_LOOP_UNROLL=1 ... 2.826 ms / 1550 TFLOPS  (241 regs, 6.0s)
[138/270] -DINTERLEAVE_STRATEGY=3 -DN_STAGES=5 -DSTAGGER_CYCLES=100 -DW0_LOOP_UNROLL=4 ... 2.821 ms / 1553 TFLOPS  (241 regs, 6.0s)
[139/270] -DINTERLEAVE_STRATEGY=3 -DN_STAGES=5 -DSTAGGER_CYCLES=100 -DSUB_MMA_UNROLL=1 ... 3.026 ms / 1447 TFLOPS  (225 regs, 6.0s)
[140/270] -DINTERLEAVE_STRATEGY=3 -DN_STAGES=5 -DSTAGGER_CYCLES=100 -DSUB_MMA_UNROLL=1 -DW0_LOOP_UNROLL=1 ... 2.932 ms / 1494 TFLOPS  (206 regs, 5.9s)
[141/270] -DINTERLEAVE_STRATEGY=3 -DN_STAGES=5 -DSTAGGER_CYCLES=100 -DSUB_MMA_UNROLL=1 -DW0_LOOP_UNROLL=4 ... 2.921 ms / 1499 TFLOPS  (206 regs, 6.0s)
[142/270] -DINTERLEAVE_STRATEGY=3 -DN_STAGES=5 -DSTAGGER_CYCLES=100 -DSUB_MMA_UNROLL=3 ... 2.771 ms / 1580 TFLOPS  (240 regs, 6.0s)
[143/270] -DINTERLEAVE_STRATEGY=3 -DN_STAGES=5 -DSTAGGER_CYCLES=100 -DSUB_MMA_UNROLL=3 -DW0_LOOP_UNROLL=1 ... 2.811 ms / 1558 TFLOPS  (241 regs, 6.0s)
[144/270] -DINTERLEAVE_STRATEGY=3 -DN_STAGES=5 -DSTAGGER_CYCLES=100 -DSUB_MMA_UNROLL=3 -DW0_LOOP_UNROLL=4 ... 2.817 ms / 1555 TFLOPS  (241 regs, 6.0s)
[145/270] -DINTERLEAVE_STRATEGY=3 -DN_STAGES=5 -DPHASE1_UNROLL=4 -DSNAKE_ORDER=0 -DSTAGGER_CYCLES=100 ... 3.220 ms / 1360 TFLOPS  (244 regs, 6.0s)
[146/270] -DINTERLEAVE_STRATEGY=3 -DN_STAGES=5 -DPHASE1_UNROLL=4 -DSNAKE_ORDER=0 -DSTAGGER_CYCLES=100 -DW0_LOOP_UNROLL=1 ... 3.192 ms / 1372 TFLOPS  (244 regs, 6.1s)
[147/270] -DINTERLEAVE_STRATEGY=3 -DN_STAGES=5 -DPHASE1_UNROLL=4 -DSNAKE_ORDER=0 -DSTAGGER_CYCLES=100 -DW0_LOOP_UNROLL=4 ... 3.261 ms / 1343 TFLOPS  (244 regs, 6.1s)
[148/270] -DINTERLEAVE_STRATEGY=3 -DN_STAGES=5 -DPHASE1_UNROLL=4 -DSNAKE_ORDER=0 -DSTAGGER_CYCLES=100 -DSUB_MMA_UNROLL=1 ... 3.366 ms / 1301 TFLOPS  (229 regs, 6.1s)
[149/270] -DINTERLEAVE_STRATEGY=3 -DN_STAGES=5 -DPHASE1_UNROLL=4 -DSNAKE_ORDER=0 -DSTAGGER_CYCLES=100 -DSUB_MMA_UNROLL=1 -DW0_LOOP_UNROLL=1 ... 3.283 ms / 1334 TFLOPS  (212 regs, 6.0s)
[150/270] -DINTERLEAVE_STRATEGY=3 -DN_STAGES=5 -DPHASE1_UNROLL=4 -DSNAKE_ORDER=0 -DSTAGGER_CYCLES=100 -DSUB_MMA_UNROLL=1 -DW0_LOOP_UNROLL=4 ... 3.335 ms / 1314 TFLOPS  (212 regs, 6.0s)
[151/270] -DINTERLEAVE_STRATEGY=3 -DN_STAGES=5 -DPHASE1_UNROLL=4 -DSNAKE_ORDER=0 -DSTAGGER_CYCLES=100 -DSUB_MMA_UNROLL=3 ... 3.221 ms / 1360 TFLOPS  (244 regs, 6.0s)
[152/270] -DINTERLEAVE_STRATEGY=3 -DN_STAGES=5 -DPHASE1_UNROLL=4 -DSNAKE_ORDER=0 -DSTAGGER_CYCLES=100 -DSUB_MMA_UNROLL=3 -DW0_LOOP_UNROLL=1 ... 3.196 ms / 1371 TFLOPS  (244 regs, 6.1s)
[153/270] -DINTERLEAVE_STRATEGY=3 -DN_STAGES=5 -DPHASE1_UNROLL=4 -DSNAKE_ORDER=0 -DSTAGGER_CYCLES=100 -DSUB_MMA_UNROLL=3 -DW0_LOOP_UNROLL=4 ... 3.255 ms / 1346 TFLOPS  (244 regs, 6.1s)
[154/270] -DINTERLEAVE_STRATEGY=3 -DN_STAGES=5 -DPHASE1_UNROLL=4 -DSTAGGER_CYCLES=100 ... 2.683 ms / 1632 TFLOPS  (244 regs, 6.1s)
[155/270] -DINTERLEAVE_STRATEGY=3 -DN_STAGES=5 -DPHASE1_UNROLL=4 -DSTAGGER_CYCLES=100 -DW0_LOOP_UNROLL=1 ... 2.771 ms / 1581 TFLOPS  (244 regs, 6.1s)
[156/270] -DINTERLEAVE_STRATEGY=3 -DN_STAGES=5 -DPHASE1_UNROLL=4 -DSTAGGER_CYCLES=100 -DW0_LOOP_UNROLL=4 ... 2.761 ms / 1586 TFLOPS  (244 regs, 6.0s)
[157/270] -DINTERLEAVE_STRATEGY=3 -DN_STAGES=5 -DPHASE1_UNROLL=4 -DSTAGGER_CYCLES=100 -DSUB_MMA_UNROLL=1 ... 2.759 ms / 1588 TFLOPS  (229 regs, 6.0s)
[158/270] -DINTERLEAVE_STRATEGY=3 -DN_STAGES=5 -DPHASE1_UNROLL=4 -DSTAGGER_CYCLES=100 -DSUB_MMA_UNROLL=1 -DW0_LOOP_UNROLL=1 ... 2.842 ms / 1541 TFLOPS  (212 regs, 6.1s)
[159/270] -DINTERLEAVE_STRATEGY=3 -DN_STAGES=5 -DPHASE1_UNROLL=4 -DSTAGGER_CYCLES=100 -DSUB_MMA_UNROLL=1 -DW0_LOOP_UNROLL=4 ... 2.822 ms / 1552 TFLOPS  (212 regs, 6.0s)
[160/270] -DINTERLEAVE_STRATEGY=3 -DN_STAGES=5 -DPHASE1_UNROLL=4 -DSTAGGER_CYCLES=100 -DSUB_MMA_UNROLL=3 ... 2.720 ms / 1610 TFLOPS  (244 regs, 6.0s)
[161/270] -DINTERLEAVE_STRATEGY=3 -DN_STAGES=5 -DPHASE1_UNROLL=4 -DSTAGGER_CYCLES=100 -DSUB_MMA_UNROLL=3 -DW0_LOOP_UNROLL=1 ... 2.784 ms / 1573 TFLOPS  (244 regs, 6.1s)
[162/270] -DINTERLEAVE_STRATEGY=3 -DN_STAGES=5 -DPHASE1_UNROLL=4 -DSTAGGER_CYCLES=100 -DSUB_MMA_UNROLL=3 -DW0_LOOP_UNROLL=4 ... 2.761 ms / 1586 TFLOPS  (244 regs, 6.0s)
[163/270] -DINTERLEAVE_STRATEGY=3 -DK_LOOP_UNROLL=6 -DN_STAGES=5 -DPHASE1_UNROLL=1 -DSNAKE_ORDER=0 -DSTAGGER_CYCLES=100 ... 3.901 ms / 1123 TFLOPS  (191 regs, 6.1s)
[164/270] -DINTERLEAVE_STRATEGY=3 -DK_LOOP_UNROLL=6 -DN_STAGES=5 -DPHASE1_UNROLL=1 -DSNAKE_ORDER=0 -DSTAGGER_CYCLES=100 -DW0_LOOP_UNROLL=1 ... 3.892 ms / 1125 TFLOPS  (172 regs, 6.0s)
[165/270] -DINTERLEAVE_STRATEGY=3 -DK_LOOP_UNROLL=6 -DN_STAGES=5 -DPHASE1_UNROLL=1 -DSNAKE_ORDER=0 -DSTAGGER_CYCLES=100 -DW0_LOOP_UNROLL=4 ... 3.907 ms / 1121 TFLOPS  (172 regs, 5.9s)
[166/270] -DINTERLEAVE_STRATEGY=3 -DK_LOOP_UNROLL=6 -DN_STAGES=5 -DPHASE1_UNROLL=1 -DSNAKE_ORDER=0 -DSTAGGER_CYCLES=100 -DSUB_MMA_UNROLL=1 ... 3.914 ms / 1119 TFLOPS  (183 regs, 5.9s)
[167/270] -DINTERLEAVE_STRATEGY=3 -DK_LOOP_UNROLL=6 -DN_STAGES=5 -DPHASE1_UNROLL=1 -DSNAKE_ORDER=0 -DSTAGGER_CYCLES=100 -DSUB_MMA_UNROLL=1 -DW0_LOOP_UNROLL=1 ... 3.850 ms / 1138 TFLOPS  (163 regs, 6.0s)
[168/270] -DINTERLEAVE_STRATEGY=3 -DK_LOOP_UNROLL=6 -DN_STAGES=5 -DPHASE1_UNROLL=1 -DSNAKE_ORDER=0 -DSTAGGER_CYCLES=100 -DSUB_MMA_UNROLL=1 -DW0_LOOP_UNROLL=4 ... 3.866 ms / 1133 TFLOPS  (163 regs, 6.0s)
[169/270] -DINTERLEAVE_STRATEGY=3 -DK_LOOP_UNROLL=6 -DN_STAGES=5 -DPHASE1_UNROLL=1 -DSNAKE_ORDER=0 -DSTAGGER_CYCLES=100 -DSUB_MMA_UNROLL=3 ... 3.899 ms / 1124 TFLOPS  (191 regs, 5.8s)
[170/270] -DINTERLEAVE_STRATEGY=3 -DK_LOOP_UNROLL=6 -DN_STAGES=5 -DPHASE1_UNROLL=1 -DSNAKE_ORDER=0 -DSTAGGER_CYCLES=100 -DSUB_MMA_UNROLL=3 -DW0_LOOP_UNROLL=1 ... 3.894 ms / 1125 TFLOPS  (172 regs, 6.0s)
[171/270] -DINTERLEAVE_STRATEGY=3 -DK_LOOP_UNROLL=6 -DN_STAGES=5 -DPHASE1_UNROLL=1 -DSNAKE_ORDER=0 -DSTAGGER_CYCLES=100 -DSUB_MMA_UNROLL=3 -DW0_LOOP_UNROLL=4 ... 3.908 ms / 1121 TFLOPS  (172 regs, 6.1s)
[172/270] -DINTERLEAVE_STRATEGY=3 -DK_LOOP_UNROLL=6 -DN_STAGES=5 -DPHASE1_UNROLL=1 -DSTAGGER_CYCLES=100 ... 3.322 ms / 1319 TFLOPS  (191 regs, 6.0s)
[173/270] -DINTERLEAVE_STRATEGY=3 -DK_LOOP_UNROLL=6 -DN_STAGES=5 -DPHASE1_UNROLL=1 -DSTAGGER_CYCLES=100 -DW0_LOOP_UNROLL=1 ... 3.348 ms / 1308 TFLOPS  (172 regs, 5.9s)
[174/270] -DINTERLEAVE_STRATEGY=3 -DK_LOOP_UNROLL=6 -DN_STAGES=5 -DPHASE1_UNROLL=1 -DSTAGGER_CYCLES=100 -DW0_LOOP_UNROLL=4 ... 3.359 ms / 1304 TFLOPS  (172 regs, 6.1s)
[175/270] -DINTERLEAVE_STRATEGY=3 -DK_LOOP_UNROLL=6 -DN_STAGES=5 -DPHASE1_UNROLL=1 -DSTAGGER_CYCLES=100 -DSUB_MMA_UNROLL=1 ... 3.361 ms / 1303 TFLOPS  (183 regs, 6.0s)
[176/270] -DINTERLEAVE_STRATEGY=3 -DK_LOOP_UNROLL=6 -DN_STAGES=5 -DPHASE1_UNROLL=1 -DSTAGGER_CYCLES=100 -DSUB_MMA_UNROLL=1 -DW0_LOOP_UNROLL=1 ... 3.330 ms / 1315 TFLOPS  (163 regs, 5.8s)
[177/270] -DINTERLEAVE_STRATEGY=3 -DK_LOOP_UNROLL=6 -DN_STAGES=5 -DPHASE1_UNROLL=1 -DSTAGGER_CYCLES=100 -DSUB_MMA_UNROLL=1 -DW0_LOOP_UNROLL=4 ... 3.290 ms / 1331 TFLOPS  (163 regs, 6.2s)
[178/270] -DINTERLEAVE_STRATEGY=3 -DK_LOOP_UNROLL=6 -DN_STAGES=5 -DPHASE1_UNROLL=1 -DSTAGGER_CYCLES=100 -DSUB_MMA_UNROLL=3 ... 3.355 ms / 1306 TFLOPS  (191 regs, 6.1s)
[179/270] -DINTERLEAVE_STRATEGY=3 -DK_LOOP_UNROLL=6 -DN_STAGES=5 -DPHASE1_UNROLL=1 -DSTAGGER_CYCLES=100 -DSUB_MMA_UNROLL=3 -DW0_LOOP_UNROLL=1 ... 3.298 ms / 1328 TFLOPS  (172 regs, 6.0s)
[180/270] -DINTERLEAVE_STRATEGY=3 -DK_LOOP_UNROLL=6 -DN_STAGES=5 -DPHASE1_UNROLL=1 -DSTAGGER_CYCLES=100 -DSUB_MMA_UNROLL=3 -DW0_LOOP_UNROLL=4 ... 3.340 ms / 1311 TFLOPS  (172 regs, 6.1s)
[181/270] -DINTERLEAVE_STRATEGY=3 -DK_LOOP_UNROLL=6 -DN_STAGES=5 -DSNAKE_ORDER=0 -DSTAGGER_CYCLES=100 ... 3.390 ms / 1292 TFLOPS  (233 regs, 6.3s)
[182/270] -DINTERLEAVE_STRATEGY=3 -DK_LOOP_UNROLL=6 -DN_STAGES=5 -DSNAKE_ORDER=0 -DSTAGGER_CYCLES=100 -DW0_LOOP_UNROLL=1 ... 3.361 ms / 1303 TFLOPS  (215 regs, 6.2s)
[183/270] -DINTERLEAVE_STRATEGY=3 -DK_LOOP_UNROLL=6 -DN_STAGES=5 -DSNAKE_ORDER=0 -DSTAGGER_CYCLES=100 -DW0_LOOP_UNROLL=4 ... 3.405 ms / 1286 TFLOPS  (215 regs, 6.2s)
[184/270] -DINTERLEAVE_STRATEGY=3 -DK_LOOP_UNROLL=6 -DN_STAGES=5 -DSNAKE_ORDER=0 -DSTAGGER_CYCLES=100 -DSUB_MMA_UNROLL=1 ... 3.615 ms / 1212 TFLOPS  (225 regs, 6.1s)
[185/270] -DINTERLEAVE_STRATEGY=3 -DK_LOOP_UNROLL=6 -DN_STAGES=5 -DSNAKE_ORDER=0 -DSTAGGER_CYCLES=100 -DSUB_MMA_UNROLL=1 -DW0_LOOP_UNROLL=1 ... 3.347 ms / 1309 TFLOPS  (207 regs, 6.2s)
[186/270] -DINTERLEAVE_STRATEGY=3 -DK_LOOP_UNROLL=6 -DN_STAGES=5 -DSNAKE_ORDER=0 -DSTAGGER_CYCLES=100 -DSUB_MMA_UNROLL=1 -DW0_LOOP_UNROLL=4 ... 3.399 ms / 1289 TFLOPS  (207 regs, 6.3s)
[187/270] -DINTERLEAVE_STRATEGY=3 -DK_LOOP_UNROLL=6 -DN_STAGES=5 -DSNAKE_ORDER=0 -DSTAGGER_CYCLES=100 -DSUB_MMA_UNROLL=3 ... 3.386 ms / 1294 TFLOPS  (233 regs, 6.2s)
[188/270] -DINTERLEAVE_STRATEGY=3 -DK_LOOP_UNROLL=6 -DN_STAGES=5 -DSNAKE_ORDER=0 -DSTAGGER_CYCLES=100 -DSUB_MMA_UNROLL=3 -DW0_LOOP_UNROLL=1 ... 3.357 ms / 1305 TFLOPS  (215 regs, 6.2s)
[189/270] -DINTERLEAVE_STRATEGY=3 -DK_LOOP_UNROLL=6 -DN_STAGES=5 -DSNAKE_ORDER=0 -DSTAGGER_CYCLES=100 -DSUB_MMA_UNROLL=3 -DW0_LOOP_UNROLL=4 ... 3.405 ms / 1286 TFLOPS  (215 regs, 6.0s)
[190/270] -DINTERLEAVE_STRATEGY=3 -DK_LOOP_UNROLL=6 -DN_STAGES=5 -DSTAGGER_CYCLES=100 ... 2.847 ms / 1538 TFLOPS  (234 regs, 6.0s)
[191/270] -DINTERLEAVE_STRATEGY=3 -DK_LOOP_UNROLL=6 -DN_STAGES=5 -DSTAGGER_CYCLES=100 -DW0_LOOP_UNROLL=1 ... 2.963 ms / 1478 TFLOPS  (215 regs, 6.1s)
[192/270] -DINTERLEAVE_STRATEGY=3 -DK_LOOP_UNROLL=6 -DN_STAGES=5 -DSTAGGER_CYCLES=100 -DW0_LOOP_UNROLL=4 ... 3.021 ms / 1450 TFLOPS  (215 regs, 6.0s)
[193/270] -DINTERLEAVE_STRATEGY=3 -DK_LOOP_UNROLL=6 -DN_STAGES=5 -DSTAGGER_CYCLES=100 -DSUB_MMA_UNROLL=1 ... 3.056 ms / 1433 TFLOPS  (225 regs, 5.9s)
[194/270] -DINTERLEAVE_STRATEGY=3 -DK_LOOP_UNROLL=6 -DN_STAGES=5 -DSTAGGER_CYCLES=100 -DSUB_MMA_UNROLL=1 -DW0_LOOP_UNROLL=1 ... 2.939 ms / 1490 TFLOPS  (206 regs, 5.9s)
[195/270] -DINTERLEAVE_STRATEGY=3 -DK_LOOP_UNROLL=6 -DN_STAGES=5 -DSTAGGER_CYCLES=100 -DSUB_MMA_UNROLL=1 -DW0_LOOP_UNROLL=4 ... 2.917 ms / 1501 TFLOPS  (206 regs, 6.2s)
[196/270] -DINTERLEAVE_STRATEGY=3 -DK_LOOP_UNROLL=6 -DN_STAGES=5 -DSTAGGER_CYCLES=100 -DSUB_MMA_UNROLL=3 ... 2.845 ms / 1539 TFLOPS  (234 regs, 6.1s)
[197/270] -DINTERLEAVE_STRATEGY=3 -DK_LOOP_UNROLL=6 -DN_STAGES=5 -DSTAGGER_CYCLES=100 -DSUB_MMA_UNROLL=3 -DW0_LOOP_UNROLL=1 ... 2.988 ms / 1466 TFLOPS  (215 regs, 6.1s)
[198/270] -DINTERLEAVE_STRATEGY=3 -DK_LOOP_UNROLL=6 -DN_STAGES=5 -DSTAGGER_CYCLES=100 -DSUB_MMA_UNROLL=3 -DW0_LOOP_UNROLL=4 ... 2.993 ms / 1464 TFLOPS  (215 regs, 6.0s)
[199/270] -DINTERLEAVE_STRATEGY=3 -DK_LOOP_UNROLL=6 -DN_STAGES=5 -DPHASE1_UNROLL=4 -DSNAKE_ORDER=0 -DSTAGGER_CYCLES=100 ... 3.347 ms / 1309 TFLOPS  (238 regs, 6.2s)
[200/270] -DINTERLEAVE_STRATEGY=3 -DK_LOOP_UNROLL=6 -DN_STAGES=5 -DPHASE1_UNROLL=4 -DSNAKE_ORDER=0 -DSTAGGER_CYCLES=100 -DW0_LOOP_UNROLL=1 ... 3.273 ms / 1338 TFLOPS  (218 regs, 6.0s)
[201/270] -DINTERLEAVE_STRATEGY=3 -DK_LOOP_UNROLL=6 -DN_STAGES=5 -DPHASE1_UNROLL=4 -DSNAKE_ORDER=0 -DSTAGGER_CYCLES=100 -DW0_LOOP_UNROLL=4 ... 3.348 ms / 1308 TFLOPS  (218 regs, 6.0s)
[202/270] -DINTERLEAVE_STRATEGY=3 -DK_LOOP_UNROLL=6 -DN_STAGES=5 -DPHASE1_UNROLL=4 -DSNAKE_ORDER=0 -DSTAGGER_CYCLES=100 -DSUB_MMA_UNROLL=1 ... 3.362 ms / 1303 TFLOPS  (229 regs, 6.2s)
[203/270] -DINTERLEAVE_STRATEGY=3 -DK_LOOP_UNROLL=6 -DN_STAGES=5 -DPHASE1_UNROLL=4 -DSNAKE_ORDER=0 -DSTAGGER_CYCLES=100 -DSUB_MMA_UNROLL=1 -DW0_LOOP_UNROLL=1 ... 3.287 ms / 1333 TFLOPS  (212 regs, 6.2s)
[204/270] -DINTERLEAVE_STRATEGY=3 -DK_LOOP_UNROLL=6 -DN_STAGES=5 -DPHASE1_UNROLL=4 -DSNAKE_ORDER=0 -DSTAGGER_CYCLES=100 -DSUB_MMA_UNROLL=1 -DW0_LOOP_UNROLL=4 ... 3.335 ms / 1313 TFLOPS  (212 regs, 5.9s)
[205/270] -DINTERLEAVE_STRATEGY=3 -DK_LOOP_UNROLL=6 -DN_STAGES=5 -DPHASE1_UNROLL=4 -DSNAKE_ORDER=0 -DSTAGGER_CYCLES=100 -DSUB_MMA_UNROLL=3 ... 3.348 ms / 1308 TFLOPS  (238 regs, 6.1s)
[206/270] -DINTERLEAVE_STRATEGY=3 -DK_LOOP_UNROLL=6 -DN_STAGES=5 -DPHASE1_UNROLL=4 -DSNAKE_ORDER=0 -DSTAGGER_CYCLES=100 -DSUB_MMA_UNROLL=3 -DW0_LOOP_UNROLL=1 ... 3.276 ms / 1337 TFLOPS  (218 regs, 6.0s)
[207/270] -DINTERLEAVE_STRATEGY=3 -DK_LOOP_UNROLL=6 -DN_STAGES=5 -DPHASE1_UNROLL=4 -DSNAKE_ORDER=0 -DSTAGGER_CYCLES=100 -DSUB_MMA_UNROLL=3 -DW0_LOOP_UNROLL=4 ... 3.343 ms / 1310 TFLOPS  (218 regs, 6.1s)
[208/270] -DINTERLEAVE_STRATEGY=3 -DK_LOOP_UNROLL=6 -DN_STAGES=5 -DPHASE1_UNROLL=4 -DSTAGGER_CYCLES=100 ... 2.834 ms / 1545 TFLOPS  (238 regs, 6.2s)
[209/270] -DINTERLEAVE_STRATEGY=3 -DK_LOOP_UNROLL=6 -DN_STAGES=5 -DPHASE1_UNROLL=4 -DSTAGGER_CYCLES=100 -DW0_LOOP_UNROLL=1 ... 2.858 ms / 1533 TFLOPS  (218 regs, 6.1s)
[210/270] -DINTERLEAVE_STRATEGY=3 -DK_LOOP_UNROLL=6 -DN_STAGES=5 -DPHASE1_UNROLL=4 -DSTAGGER_CYCLES=100 -DW0_LOOP_UNROLL=4 ... 2.839 ms / 1543 TFLOPS  (218 regs, 6.1s)
[211/270] -DINTERLEAVE_STRATEGY=3 -DK_LOOP_UNROLL=6 -DN_STAGES=5 -DPHASE1_UNROLL=4 -DSTAGGER_CYCLES=100 -DSUB_MMA_UNROLL=1 ... 2.764 ms / 1585 TFLOPS  (229 regs, 6.1s)
[212/270] -DINTERLEAVE_STRATEGY=3 -DK_LOOP_UNROLL=6 -DN_STAGES=5 -DPHASE1_UNROLL=4 -DSTAGGER_CYCLES=100 -DSUB_MMA_UNROLL=1 -DW0_LOOP_UNROLL=1 ... 2.843 ms / 1540 TFLOPS  (212 regs, 6.0s)
[213/270] -DINTERLEAVE_STRATEGY=3 -DK_LOOP_UNROLL=6 -DN_STAGES=5 -DPHASE1_UNROLL=4 -DSTAGGER_CYCLES=100 -DSUB_MMA_UNROLL=1 -DW0_LOOP_UNROLL=4 ... 2.825 ms / 1551 TFLOPS  (212 regs, 6.1s)
[214/270] -DINTERLEAVE_STRATEGY=3 -DK_LOOP_UNROLL=6 -DN_STAGES=5 -DPHASE1_UNROLL=4 -DSTAGGER_CYCLES=100 -DSUB_MMA_UNROLL=3 ... 2.817 ms / 1555 TFLOPS  (238 regs, 6.1s)
[215/270] -DINTERLEAVE_STRATEGY=3 -DK_LOOP_UNROLL=6 -DN_STAGES=5 -DPHASE1_UNROLL=4 -DSTAGGER_CYCLES=100 -DSUB_MMA_UNROLL=3 -DW0_LOOP_UNROLL=1 ... 2.852 ms / 1536 TFLOPS  (218 regs, 6.0s)
[216/270] -DINTERLEAVE_STRATEGY=3 -DK_LOOP_UNROLL=6 -DN_STAGES=5 -DPHASE1_UNROLL=4 -DSTAGGER_CYCLES=100 -DSUB_MMA_UNROLL=3 -DW0_LOOP_UNROLL=4 ... 2.776 ms / 1578 TFLOPS  (218 regs, 6.1s)
[217/270] -DINTERLEAVE_STRATEGY=3 -DK_LOOP_UNROLL=8 -DN_STAGES=5 -DPHASE1_UNROLL=1 -DSNAKE_ORDER=0 -DSTAGGER_CYCLES=100 ... 3.895 ms / 1125 TFLOPS  (191 regs, 5.9s)
[218/270] -DINTERLEAVE_STRATEGY=3 -DK_LOOP_UNROLL=8 -DN_STAGES=5 -DPHASE1_UNROLL=1 -DSNAKE_ORDER=0 -DSTAGGER_CYCLES=100 -DW0_LOOP_UNROLL=1 ... 3.894 ms / 1125 TFLOPS  (172 regs, 5.9s)
[219/270] -DINTERLEAVE_STRATEGY=3 -DK_LOOP_UNROLL=8 -DN_STAGES=5 -DPHASE1_UNROLL=1 -DSNAKE_ORDER=0 -DSTAGGER_CYCLES=100 -DW0_LOOP_UNROLL=4 ... 3.906 ms / 1121 TFLOPS  (172 regs, 5.9s)
[220/270] -DINTERLEAVE_STRATEGY=3 -DK_LOOP_UNROLL=8 -DN_STAGES=5 -DPHASE1_UNROLL=1 -DSNAKE_ORDER=0 -DSTAGGER_CYCLES=100 -DSUB_MMA_UNROLL=1 ... 3.918 ms / 1118 TFLOPS  (183 regs, 5.9s)
[221/270] -DINTERLEAVE_STRATEGY=3 -DK_LOOP_UNROLL=8 -DN_STAGES=5 -DPHASE1_UNROLL=1 -DSNAKE_ORDER=0 -DSTAGGER_CYCLES=100 -DSUB_MMA_UNROLL=1 -DW0_LOOP_UNROLL=1 ... 3.849 ms / 1138 TFLOPS  (163 regs, 6.0s)
[222/270] -DINTERLEAVE_STRATEGY=3 -DK_LOOP_UNROLL=8 -DN_STAGES=5 -DPHASE1_UNROLL=1 -DSNAKE_ORDER=0 -DSTAGGER_CYCLES=100 -DSUB_MMA_UNROLL=1 -DW0_LOOP_UNROLL=4 ... 3.868 ms / 1133 TFLOPS  (163 regs, 5.9s)
[223/270] -DINTERLEAVE_STRATEGY=3 -DK_LOOP_UNROLL=8 -DN_STAGES=5 -DPHASE1_UNROLL=1 -DSNAKE_ORDER=0 -DSTAGGER_CYCLES=100 -DSUB_MMA_UNROLL=3 ... 3.898 ms / 1124 TFLOPS  (191 regs, 6.0s)
[224/270] -DINTERLEAVE_STRATEGY=3 -DK_LOOP_UNROLL=8 -DN_STAGES=5 -DPHASE1_UNROLL=1 -DSNAKE_ORDER=0 -DSTAGGER_CYCLES=100 -DSUB_MMA_UNROLL=3 -DW0_LOOP_UNROLL=1 ... 3.890 ms / 1126 TFLOPS  (172 regs, 5.9s)
[225/270] -DINTERLEAVE_STRATEGY=3 -DK_LOOP_UNROLL=8 -DN_STAGES=5 -DPHASE1_UNROLL=1 -DSNAKE_ORDER=0 -DSTAGGER_CYCLES=100 -DSUB_MMA_UNROLL=3 -DW0_LOOP_UNROLL=4 ... 3.907 ms / 1121 TFLOPS  (172 regs, 6.0s)
[226/270] -DINTERLEAVE_STRATEGY=3 -DK_LOOP_UNROLL=8 -DN_STAGES=5 -DPHASE1_UNROLL=1 -DSTAGGER_CYCLES=100 ... 3.316 ms / 1321 TFLOPS  (191 regs, 5.9s)
[227/270] -DINTERLEAVE_STRATEGY=3 -DK_LOOP_UNROLL=8 -DN_STAGES=5 -DPHASE1_UNROLL=1 -DSTAGGER_CYCLES=100 -DW0_LOOP_UNROLL=1 ... 3.366 ms / 1301 TFLOPS  (172 regs, 5.9s)
[228/270] -DINTERLEAVE_STRATEGY=3 -DK_LOOP_UNROLL=8 -DN_STAGES=5 -DPHASE1_UNROLL=1 -DSTAGGER_CYCLES=100 -DW0_LOOP_UNROLL=4 ... 3.361 ms / 1303 TFLOPS  (172 regs, 6.1s)
[229/270] -DINTERLEAVE_STRATEGY=3 -DK_LOOP_UNROLL=8 -DN_STAGES=5 -DPHASE1_UNROLL=1 -DSTAGGER_CYCLES=100 -DSUB_MMA_UNROLL=1 ... 3.369 ms / 1300 TFLOPS  (183 regs, 5.9s)
[230/270] -DINTERLEAVE_STRATEGY=3 -DK_LOOP_UNROLL=8 -DN_STAGES=5 -DPHASE1_UNROLL=1 -DSTAGGER_CYCLES=100 -DSUB_MMA_UNROLL=1 -DW0_LOOP_UNROLL=1 ... 3.345 ms / 1309 TFLOPS  (163 regs, 5.9s)
[231/270] -DINTERLEAVE_STRATEGY=3 -DK_LOOP_UNROLL=8 -DN_STAGES=5 -DPHASE1_UNROLL=1 -DSTAGGER_CYCLES=100 -DSUB_MMA_UNROLL=1 -DW0_LOOP_UNROLL=4 ... 3.329 ms / 1316 TFLOPS  (163 regs, 5.9s)
[232/270] -DINTERLEAVE_STRATEGY=3 -DK_LOOP_UNROLL=8 -DN_STAGES=5 -DPHASE1_UNROLL=1 -DSTAGGER_CYCLES=100 -DSUB_MMA_UNROLL=3 ... 3.368 ms / 1300 TFLOPS  (191 regs, 6.0s)
[233/270] -DINTERLEAVE_STRATEGY=3 -DK_LOOP_UNROLL=8 -DN_STAGES=5 -DPHASE1_UNROLL=1 -DSTAGGER_CYCLES=100 -DSUB_MMA_UNROLL=3 -DW0_LOOP_UNROLL=1 ... 3.340 ms / 1311 TFLOPS  (172 regs, 6.0s)
[234/270] -DINTERLEAVE_STRATEGY=3 -DK_LOOP_UNROLL=8 -DN_STAGES=5 -DPHASE1_UNROLL=1 -DSTAGGER_CYCLES=100 -DSUB_MMA_UNROLL=3 -DW0_LOOP_UNROLL=4 ... 3.356 ms / 1305 TFLOPS  (172 regs, 6.1s)
[235/270] -DINTERLEAVE_STRATEGY=3 -DK_LOOP_UNROLL=8 -DN_STAGES=5 -DSNAKE_ORDER=0 -DSTAGGER_CYCLES=100 ... 3.395 ms / 1290 TFLOPS  (233 regs, 6.1s)
[236/270] -DINTERLEAVE_STRATEGY=3 -DK_LOOP_UNROLL=8 -DN_STAGES=5 -DSNAKE_ORDER=0 -DSTAGGER_CYCLES=100 -DW0_LOOP_UNROLL=1 ... 3.364 ms / 1302 TFLOPS  (215 regs, 5.8s)
[237/270] -DINTERLEAVE_STRATEGY=3 -DK_LOOP_UNROLL=8 -DN_STAGES=5 -DSNAKE_ORDER=0 -DSTAGGER_CYCLES=100 -DW0_LOOP_UNROLL=4 ... 3.410 ms / 1285 TFLOPS  (215 regs, 6.1s)
[238/270] -DINTERLEAVE_STRATEGY=3 -DK_LOOP_UNROLL=8 -DN_STAGES=5 -DSNAKE_ORDER=0 -DSTAGGER_CYCLES=100 -DSUB_MMA_UNROLL=1 ... 3.618 ms / 1211 TFLOPS  (225 regs, 5.9s)
[239/270] -DINTERLEAVE_STRATEGY=3 -DK_LOOP_UNROLL=8 -DN_STAGES=5 -DSNAKE_ORDER=0 -DSTAGGER_CYCLES=100 -DSUB_MMA_UNROLL=1 -DW0_LOOP_UNROLL=1 ... 3.347 ms / 1308 TFLOPS  (207 regs, 6.1s)
[240/270] -DINTERLEAVE_STRATEGY=3 -DK_LOOP_UNROLL=8 -DN_STAGES=5 -DSNAKE_ORDER=0 -DSTAGGER_CYCLES=100 -DSUB_MMA_UNROLL=1 -DW0_LOOP_UNROLL=4 ... 3.400 ms / 1288 TFLOPS  (207 regs, 5.9s)
[241/270] -DINTERLEAVE_STRATEGY=3 -DK_LOOP_UNROLL=8 -DN_STAGES=5 -DSNAKE_ORDER=0 -DSTAGGER_CYCLES=100 -DSUB_MMA_UNROLL=3 ... 3.394 ms / 1291 TFLOPS  (233 regs, 6.0s)
[242/270] -DINTERLEAVE_STRATEGY=3 -DK_LOOP_UNROLL=8 -DN_STAGES=5 -DSNAKE_ORDER=0 -DSTAGGER_CYCLES=100 -DSUB_MMA_UNROLL=3 -DW0_LOOP_UNROLL=1 ... 3.362 ms / 1303 TFLOPS  (215 regs, 6.1s)
[243/270] -DINTERLEAVE_STRATEGY=3 -DK_LOOP_UNROLL=8 -DN_STAGES=5 -DSNAKE_ORDER=0 -DSTAGGER_CYCLES=100 -DSUB_MMA_UNROLL=3 -DW0_LOOP_UNROLL=4 ... 3.407 ms / 1286 TFLOPS  (215 regs, 6.1s)
[244/270] -DINTERLEAVE_STRATEGY=3 -DK_LOOP_UNROLL=8 -DN_STAGES=5 -DSTAGGER_CYCLES=100 ... 2.829 ms / 1549 TFLOPS  (234 regs, 5.8s)
[245/270] -DINTERLEAVE_STRATEGY=3 -DK_LOOP_UNROLL=8 -DN_STAGES=5 -DSTAGGER_CYCLES=100 -DW0_LOOP_UNROLL=1 ... 2.985 ms / 1467 TFLOPS  (215 regs, 5.9s)
[246/270] -DINTERLEAVE_STRATEGY=3 -DK_LOOP_UNROLL=8 -DN_STAGES=5 -DSTAGGER_CYCLES=100 -DW0_LOOP_UNROLL=4 ... 3.007 ms / 1457 TFLOPS  (215 regs, 6.0s)
[247/270] -DINTERLEAVE_STRATEGY=3 -DK_LOOP_UNROLL=8 -DN_STAGES=5 -DSTAGGER_CYCLES=100 -DSUB_MMA_UNROLL=1 ... 3.091 ms / 1417 TFLOPS  (225 regs, 6.0s)
[248/270] -DINTERLEAVE_STRATEGY=3 -DK_LOOP_UNROLL=8 -DN_STAGES=5 -DSTAGGER_CYCLES=100 -DSUB_MMA_UNROLL=1 -DW0_LOOP_UNROLL=1 ... 2.931 ms / 1494 TFLOPS  (206 regs, 5.9s)
[249/270] -DINTERLEAVE_STRATEGY=3 -DK_LOOP_UNROLL=8 -DN_STAGES=5 -DSTAGGER_CYCLES=100 -DSUB_MMA_UNROLL=1 -DW0_LOOP_UNROLL=4 ... 2.920 ms / 1500 TFLOPS  (206 regs, 6.0s)
[250/270] -DINTERLEAVE_STRATEGY=3 -DK_LOOP_UNROLL=8 -DN_STAGES=5 -DSTAGGER_CYCLES=100 -DSUB_MMA_UNROLL=3 ... 2.823 ms / 1551 TFLOPS  (234 regs, 6.0s)
[251/270] -DINTERLEAVE_STRATEGY=3 -DK_LOOP_UNROLL=8 -DN_STAGES=5 -DSTAGGER_CYCLES=100 -DSUB_MMA_UNROLL=3 -DW0_LOOP_UNROLL=1 ... 3.001 ms / 1459 TFLOPS  (215 regs, 6.1s)
[252/270] -DINTERLEAVE_STRATEGY=3 -DK_LOOP_UNROLL=8 -DN_STAGES=5 -DSTAGGER_CYCLES=100 -DSUB_MMA_UNROLL=3 -DW0_LOOP_UNROLL=4 ... 3.011 ms / 1455 TFLOPS  (215 regs, 6.0s)
[253/270] -DINTERLEAVE_STRATEGY=3 -DK_LOOP_UNROLL=8 -DN_STAGES=5 -DPHASE1_UNROLL=4 -DSNAKE_ORDER=0 -DSTAGGER_CYCLES=100 ... 3.350 ms / 1307 TFLOPS  (238 regs, 6.1s)
[254/270] -DINTERLEAVE_STRATEGY=3 -DK_LOOP_UNROLL=8 -DN_STAGES=5 -DPHASE1_UNROLL=4 -DSNAKE_ORDER=0 -DSTAGGER_CYCLES=100 -DW0_LOOP_UNROLL=1 ... 3.277 ms / 1337 TFLOPS  (218 regs, 6.1s)
[255/270] -DINTERLEAVE_STRATEGY=3 -DK_LOOP_UNROLL=8 -DN_STAGES=5 -DPHASE1_UNROLL=4 -DSNAKE_ORDER=0 -DSTAGGER_CYCLES=100 -DW0_LOOP_UNROLL=4 ... 3.349 ms / 1308 TFLOPS  (218 regs, 5.9s)
[256/270] -DINTERLEAVE_STRATEGY=3 -DK_LOOP_UNROLL=8 -DN_STAGES=5 -DPHASE1_UNROLL=4 -DSNAKE_ORDER=0 -DSTAGGER_CYCLES=100 -DSUB_MMA_UNROLL=1 ... 3.363 ms / 1302 TFLOPS  (229 regs, 6.1s)
[257/270] -DINTERLEAVE_STRATEGY=3 -DK_LOOP_UNROLL=8 -DN_STAGES=5 -DPHASE1_UNROLL=4 -DSNAKE_ORDER=0 -DSTAGGER_CYCLES=100 -DSUB_MMA_UNROLL=1 -DW0_LOOP_UNROLL=1 ... 3.279 ms / 1336 TFLOPS  (212 regs, 6.1s)
[258/270] -DINTERLEAVE_STRATEGY=3 -DK_LOOP_UNROLL=8 -DN_STAGES=5 -DPHASE1_UNROLL=4 -DSNAKE_ORDER=0 -DSTAGGER_CYCLES=100 -DSUB_MMA_UNROLL=1 -DW0_LOOP_UNROLL=4 ... 3.336 ms / 1313 TFLOPS  (212 regs, 6.0s)
[259/270] -DINTERLEAVE_STRATEGY=3 -DK_LOOP_UNROLL=8 -DN_STAGES=5 -DPHASE1_UNROLL=4 -DSNAKE_ORDER=0 -DSTAGGER_CYCLES=100 -DSUB_MMA_UNROLL=3 ... 3.348 ms / 1308 TFLOPS  (238 regs, 5.9s)
[260/270] -DINTERLEAVE_STRATEGY=3 -DK_LOOP_UNROLL=8 -DN_STAGES=5 -DPHASE1_UNROLL=4 -DSNAKE_ORDER=0 -DSTAGGER_CYCLES=100 -DSUB_MMA_UNROLL=3 -DW0_LOOP_UNROLL=1 ... 3.276 ms / 1337 TFLOPS  (218 regs, 6.2s)
[261/270] -DINTERLEAVE_STRATEGY=3 -DK_LOOP_UNROLL=8 -DN_STAGES=5 -DPHASE1_UNROLL=4 -DSNAKE_ORDER=0 -DSTAGGER_CYCLES=100 -DSUB_MMA_UNROLL=3 -DW0_LOOP_UNROLL=4 ... 3.344 ms / 1310 TFLOPS  (218 regs, 6.1s)
[262/270] -DINTERLEAVE_STRATEGY=3 -DK_LOOP_UNROLL=8 -DN_STAGES=5 -DPHASE1_UNROLL=4 -DSTAGGER_CYCLES=100 ... 2.821 ms / 1553 TFLOPS  (238 regs, 6.0s)
[263/270] -DINTERLEAVE_STRATEGY=3 -DK_LOOP_UNROLL=8 -DN_STAGES=5 -DPHASE1_UNROLL=4 -DSTAGGER_CYCLES=100 -DW0_LOOP_UNROLL=1 ... 2.821 ms / 1553 TFLOPS  (218 regs, 6.1s)
[264/270] -DINTERLEAVE_STRATEGY=3 -DK_LOOP_UNROLL=8 -DN_STAGES=5 -DPHASE1_UNROLL=4 -DSTAGGER_CYCLES=100 -DW0_LOOP_UNROLL=4 ... 2.834 ms / 1546 TFLOPS  (218 regs, 6.0s)
[265/270] -DINTERLEAVE_STRATEGY=3 -DK_LOOP_UNROLL=8 -DN_STAGES=5 -DPHASE1_UNROLL=4 -DSTAGGER_CYCLES=100 -DSUB_MMA_UNROLL=1 ... 2.780 ms / 1575 TFLOPS  (229 regs, 6.2s)
[266/270] -DINTERLEAVE_STRATEGY=3 -DK_LOOP_UNROLL=8 -DN_STAGES=5 -DPHASE1_UNROLL=4 -DSTAGGER_CYCLES=100 -DSUB_MMA_UNROLL=1 -DW0_LOOP_UNROLL=1 ... 2.833 ms / 1546 TFLOPS  (212 regs, 6.0s)
[267/270] -DINTERLEAVE_STRATEGY=3 -DK_LOOP_UNROLL=8 -DN_STAGES=5 -DPHASE1_UNROLL=4 -DSTAGGER_CYCLES=100 -DSUB_MMA_UNROLL=1 -DW0_LOOP_UNROLL=4 ... 2.793 ms / 1568 TFLOPS  (212 regs, 6.1s)
[268/270] -DINTERLEAVE_STRATEGY=3 -DK_LOOP_UNROLL=8 -DN_STAGES=5 -DPHASE1_UNROLL=4 -DSTAGGER_CYCLES=100 -DSUB_MMA_UNROLL=3 ... 2.835 ms / 1545 TFLOPS  (238 regs, 6.2s)
[269/270] -DINTERLEAVE_STRATEGY=3 -DK_LOOP_UNROLL=8 -DN_STAGES=5 -DPHASE1_UNROLL=4 -DSTAGGER_CYCLES=100 -DSUB_MMA_UNROLL=3 -DW0_LOOP_UNROLL=1 ... 2.843 ms / 1541 TFLOPS  (218 regs, 6.1s)
[270/270] -DINTERLEAVE_STRATEGY=3 -DK_LOOP_UNROLL=8 -DN_STAGES=5 -DPHASE1_UNROLL=4 -DSTAGGER_CYCLES=100 -DSUB_MMA_UNROLL=3 -DW0_LOOP_UNROLL=4 ... 2.853 ms / 1535 TFLOPS  (218 regs, 6.2s)
  η²: PHASE1_UNROLL=0.483, SNAKE_ORDER=0.469, K_LOOP_UNROLL=0.002, W0_LOOP_UNROLL=0.001, SUB_MMA_UNROLL=0.000

  Gap: 0.64% → k_eff=2 (from 3)

Tier 3 winner (top-3): -DINTERLEAVE_STRATEGY=3 -DK_LOOP_UNROLL=5 -DMBAR_EARLY=1 -DN_STAGES=5 -DPHASE1_UNROLL=4 -DSTAGGER_CYCLES=0 -DSUB_MMA_UNROLL=3 → 2.666 ms / 1643 TFLOPS
  #2: -DINTERLEAVE_STRATEGY=3 -DK_LOOP_UNROLL=5 -DN_STAGES=5 -DPHASE1_UNROLL=4 -DSTAGGER_CYCLES=100 → 2.683 ms / 1632 TFLOPS
  #3: -DINTERLEAVE_STRATEGY=3 -DK_LOOP_UNROLL=2 -DMBAR_EARLY=1 -DN_STAGES=5 -DPHASE1_UNROLL=4 -DSTAGGER_CYCLES=0 -DW0_LOOP_UNROLL=1 → 2.735 ms / 1601 TFLOPS

=== Tier 4: PRELOAD_MODE, PREFETCH_BEFORE_STORE, BATCH_EPILOGUE, TMA_RESIDUAL, STORE_TIMING ===
  Branch 1/2: -DINTERLEAVE_STRATEGY=3 -DK_LOOP_UNROLL=5 -DMBAR_EARLY=1 -DN_STAGES=5 -DPHASE1_UNROLL=4 -DSTAGGER_CYCLES=0 -DSUB_MMA_UNROLL=3
Sweep: 72 total, 24 valid, 48 pruned
Estimated time: ~2 min (24 configs × ~5s each)

[1/24] -DINTERLEAVE_STRATEGY=3 -DK_LOOP_UNROLL=5 -DMBAR_EARLY=1 -DN_STAGES=5 -DPHASE1_UNROLL=4 -DPRELOAD_MODE=0 -DSTAGGER_CYCLES=0 -DSUB_MMA_UNROLL=3 ... 2.707 ms / 1618 TFLOPS  (244 regs, 6.2s)
[2/24] -DK_LOOP_UNROLL=5 -DMBAR_EARLY=1 -DN_STAGES=5 -DPHASE1_UNROLL=4 -DPRELOAD_MODE=0 -DSTAGGER_CYCLES=0 -DSTORE_TIMING=1 -DSUB_MMA_UNROLL=3 ... 2.956 ms / 1482 TFLOPS  (244 regs, 6.1s)
[3/24] -DINTERLEAVE_STRATEGY=3 -DK_LOOP_UNROLL=5 -DMBAR_EARLY=1 -DN_STAGES=5 -DPHASE1_UNROLL=4 -DSTAGGER_CYCLES=0 -DSUB_MMA_UNROLL=3 ... 2.714 ms / 1614 TFLOPS  (244 regs, 6.1s)
[4/24] -DK_LOOP_UNROLL=5 -DMBAR_EARLY=1 -DN_STAGES=5 -DPHASE1_UNROLL=4 -DSTAGGER_CYCLES=0 -DSTORE_TIMING=1 -DSUB_MMA_UNROLL=3 ... 2.346 ms / 1867 TFLOPS  (244 regs, 6.1s)
[5/24] -DINTERLEAVE_STRATEGY=3 -DK_LOOP_UNROLL=5 -DMBAR_EARLY=1 -DN_STAGES=5 -DPHASE1_UNROLL=4 -DPRELOAD_MODE=2 -DSTAGGER_CYCLES=0 -DSUB_MMA_UNROLL=3 ... 2.604 ms / 1682 TFLOPS  (249 regs, 6.1s)
[6/24] -DK_LOOP_UNROLL=5 -DMBAR_EARLY=1 -DN_STAGES=5 -DPHASE1_UNROLL=4 -DPRELOAD_MODE=2 -DSTAGGER_CYCLES=0 -DSTORE_TIMING=1 -DSUB_MMA_UNROLL=3 ... 2.535 ms / 1728 TFLOPS  (246 regs, 6.0s)
[7/24] -DINTERLEAVE_STRATEGY=3 -DK_LOOP_UNROLL=5 -DMBAR_EARLY=1 -DN_STAGES=5 -DPHASE1_UNROLL=4 -DPREFETCH_BEFORE_STORE=1 -DPRELOAD_MODE=0 -DSTAGGER_CYCLES=0 -DSUB_MMA_UNROLL=3 ... 2.764 ms / 1585 TFLOPS  (248 regs, 6.1s)
[8/24] -DK_LOOP_UNROLL=5 -DMBAR_EARLY=1 -DN_STAGES=5 -DPHASE1_UNROLL=4 -DPREFETCH_BEFORE_STORE=1 -DPRELOAD_MODE=0 -DSTAGGER_CYCLES=0 -DSTORE_TIMING=1 -DSUB_MMA_UNROLL=3 ... 2.961 ms / 1479 TFLOPS  (244 regs, 6.2s)
[9/24] -DINTERLEAVE_STRATEGY=3 -DK_LOOP_UNROLL=5 -DMBAR_EARLY=1 -DN_STAGES=5 -DPHASE1_UNROLL=4 -DPREFETCH_BEFORE_STORE=1 -DSTAGGER_CYCLES=0 -DSUB_MMA_UNROLL=3 ... 2.704 ms / 1620 TFLOPS  (248 regs, 6.0s)
[10/24] -DK_LOOP_UNROLL=5 -DMBAR_EARLY=1 -DN_STAGES=5 -DPHASE1_UNROLL=4 -DPREFETCH_BEFORE_STORE=1 -DSTAGGER_CYCLES=0 -DSTORE_TIMING=1 -DSUB_MMA_UNROLL=3 ... 2.389 ms / 1834 TFLOPS  (244 regs, 6.1s)
[11/24] -DINTERLEAVE_STRATEGY=3 -DK_LOOP_UNROLL=5 -DMBAR_EARLY=1 -DN_STAGES=5 -DPHASE1_UNROLL=4 -DPREFETCH_BEFORE_STORE=1 -DPRELOAD_MODE=2 -DSTAGGER_CYCLES=0 -DSUB_MMA_UNROLL=3 ... 2.591 ms / 1690 TFLOPS  (250 regs, 6.1s)
[12/24] -DK_LOOP_UNROLL=5 -DMBAR_EARLY=1 -DN_STAGES=5 -DPHASE1_UNROLL=4 -DPREFETCH_BEFORE_STORE=1 -DPRELOAD_MODE=2 -DSTAGGER_CYCLES=0 -DSTORE_TIMING=1 -DSUB_MMA_UNROLL=3 ... 2.535 ms / 1728 TFLOPS  (246 regs, 6.1s)
[13/24] -DBATCH_EPILOGUE=1 -DINTERLEAVE_STRATEGY=3 -DK_LOOP_UNROLL=5 -DMBAR_EARLY=1 -DN_STAGES=5 -DPHASE1_UNROLL=4 -DPRELOAD_MODE=0 -DSTAGGER_CYCLES=0 -DSUB_MMA_UNROLL=3 ... 2.793 ms / 1568 TFLOPS  (244 regs, 6.0s)
[14/24] -DBATCH_EPILOGUE=1 -DK_LOOP_UNROLL=5 -DMBAR_EARLY=1 -DN_STAGES=5 -DPHASE1_UNROLL=4 -DPRELOAD_MODE=0 -DSTAGGER_CYCLES=0 -DSTORE_TIMING=1 -DSUB_MMA_UNROLL=3 ... 3.018 ms / 1451 TFLOPS  (247 regs, 6.0s)
[15/24] -DBATCH_EPILOGUE=1 -DINTERLEAVE_STRATEGY=3 -DK_LOOP_UNROLL=5 -DMBAR_EARLY=1 -DN_STAGES=5 -DPHASE1_UNROLL=4 -DSTAGGER_CYCLES=0 -DSUB_MMA_UNROLL=3 ... 2.762 ms / 1586 TFLOPS  (244 regs, 5.9s)
[16/24] -DBATCH_EPILOGUE=1 -DK_LOOP_UNROLL=5 -DMBAR_EARLY=1 -DN_STAGES=5 -DPHASE1_UNROLL=4 -DSTAGGER_CYCLES=0 -DSTORE_TIMING=1 -DSUB_MMA_UNROLL=3 ... 2.889 ms / 1516 TFLOPS  (247 regs, 6.0s)
[17/24] -DBATCH_EPILOGUE=1 -DINTERLEAVE_STRATEGY=3 -DK_LOOP_UNROLL=5 -DMBAR_EARLY=1 -DN_STAGES=5 -DPHASE1_UNROLL=4 -DPRELOAD_MODE=2 -DSTAGGER_CYCLES=0 -DSUB_MMA_UNROLL=3 ... 2.670 ms / 1640 TFLOPS  (248 regs, 5.9s)
[18/24] -DBATCH_EPILOGUE=1 -DK_LOOP_UNROLL=5 -DMBAR_EARLY=1 -DN_STAGES=5 -DPHASE1_UNROLL=4 -DPRELOAD_MODE=2 -DSTAGGER_CYCLES=0 -DSTORE_TIMING=1 -DSUB_MMA_UNROLL=3 ... 2.627 ms / 1667 TFLOPS  (247 regs, 6.1s)
[19/24] -DBATCH_EPILOGUE=1 -DINTERLEAVE_STRATEGY=3 -DK_LOOP_UNROLL=5 -DMBAR_EARLY=1 -DN_STAGES=5 -DPHASE1_UNROLL=4 -DPREFETCH_BEFORE_STORE=1 -DPRELOAD_MODE=0 -DSTAGGER_CYCLES=0 -DSUB_MMA_UNROLL=3 ... 2.882 ms / 1520 TFLOPS  (250 regs, 6.1s)
[20/24] -DBATCH_EPILOGUE=1 -DK_LOOP_UNROLL=5 -DMBAR_EARLY=1 -DN_STAGES=5 -DPHASE1_UNROLL=4 -DPREFETCH_BEFORE_STORE=1 -DPRELOAD_MODE=0 -DSTAGGER_CYCLES=0 -DSTORE_TIMING=1 -DSUB_MMA_UNROLL=3 ... 3.004 ms / 1458 TFLOPS  (247 regs, 6.0s)
[21/24] -DBATCH_EPILOGUE=1 -DINTERLEAVE_STRATEGY=3 -DK_LOOP_UNROLL=5 -DMBAR_EARLY=1 -DN_STAGES=5 -DPHASE1_UNROLL=4 -DPREFETCH_BEFORE_STORE=1 -DSTAGGER_CYCLES=0 -DSUB_MMA_UNROLL=3 ... 2.879 ms / 1521 TFLOPS  (250 regs, 6.0s)
[22/24] -DBATCH_EPILOGUE=1 -DK_LOOP_UNROLL=5 -DMBAR_EARLY=1 -DN_STAGES=5 -DPHASE1_UNROLL=4 -DPREFETCH_BEFORE_STORE=1 -DSTAGGER_CYCLES=0 -DSTORE_TIMING=1 -DSUB_MMA_UNROLL=3 ... 2.679 ms / 1635 TFLOPS  (247 regs, 6.1s)
[23/24] -DBATCH_EPILOGUE=1 -DINTERLEAVE_STRATEGY=3 -DK_LOOP_UNROLL=5 -DMBAR_EARLY=1 -DN_STAGES=5 -DPHASE1_UNROLL=4 -DPREFETCH_BEFORE_STORE=1 -DPRELOAD_MODE=2 -DSTAGGER_CYCLES=0 -DSUB_MMA_UNROLL=3 ... 2.615 ms / 1675 TFLOPS  (248 regs, 6.1s)
[24/24] -DBATCH_EPILOGUE=1 -DK_LOOP_UNROLL=5 -DMBAR_EARLY=1 -DN_STAGES=5 -DPHASE1_UNROLL=4 -DPREFETCH_BEFORE_STORE=1 -DPRELOAD_MODE=2 -DSTAGGER_CYCLES=0 -DSTORE_TIMING=1 -DSUB_MMA_UNROLL=3 ... 2.509 ms / 1745 TFLOPS  (247 regs, 6.0s)
  Branch 2/2: -DINTERLEAVE_STRATEGY=3 -DK_LOOP_UNROLL=5 -DMBAR_EARLY=1 -DN_STAGES=5 -DPHASE1_UNROLL=4 -DSTAGGER_CYCLES=0
Sweep: 72 total, 24 valid, 48 pruned
Estimated time: ~2 min (24 configs × ~5s each)

[1/24] -DINTERLEAVE_STRATEGY=3 -DK_LOOP_UNROLL=5 -DMBAR_EARLY=1 -DN_STAGES=5 -DPHASE1_UNROLL=4 -DPRELOAD_MODE=0 -DSTAGGER_CYCLES=0 ... 2.680 ms / 1635 TFLOPS  (244 regs, 6.1s)
[2/24] -DK_LOOP_UNROLL=5 -DMBAR_EARLY=1 -DN_STAGES=5 -DPHASE1_UNROLL=4 -DPRELOAD_MODE=0 -DSTAGGER_CYCLES=0 -DSTORE_TIMING=1 ... 2.936 ms / 1492 TFLOPS  (244 regs, 6.0s)
[3/24] -DINTERLEAVE_STRATEGY=3 -DK_LOOP_UNROLL=5 -DMBAR_EARLY=1 -DN_STAGES=5 -DPHASE1_UNROLL=4 -DSTAGGER_CYCLES=0 ... 2.684 ms / 1632 TFLOPS  (244 regs, 6.0s)
[4/24] -DK_LOOP_UNROLL=5 -DMBAR_EARLY=1 -DN_STAGES=5 -DPHASE1_UNROLL=4 -DSTAGGER_CYCLES=0 -DSTORE_TIMING=1 ... 2.370 ms / 1848 TFLOPS  (244 regs, 6.1s)
[5/24] -DINTERLEAVE_STRATEGY=3 -DK_LOOP_UNROLL=5 -DMBAR_EARLY=1 -DN_STAGES=5 -DPHASE1_UNROLL=4 -DPRELOAD_MODE=2 -DSTAGGER_CYCLES=0 ... 2.608 ms / 1679 TFLOPS  (249 regs, 6.1s)
[6/24] -DK_LOOP_UNROLL=5 -DMBAR_EARLY=1 -DN_STAGES=5 -DPHASE1_UNROLL=4 -DPRELOAD_MODE=2 -DSTAGGER_CYCLES=0 -DSTORE_TIMING=1 ... 2.525 ms / 1735 TFLOPS  (246 regs, 6.0s)
[7/24] -DINTERLEAVE_STRATEGY=3 -DK_LOOP_UNROLL=5 -DMBAR_EARLY=1 -DN_STAGES=5 -DPHASE1_UNROLL=4 -DPREFETCH_BEFORE_STORE=1 -DPRELOAD_MODE=0 -DSTAGGER_CYCLES=0 ... 2.782 ms / 1574 TFLOPS  (248 regs, 6.0s)
[8/24] -DK_LOOP_UNROLL=5 -DMBAR_EARLY=1 -DN_STAGES=5 -DPHASE1_UNROLL=4 -DPREFETCH_BEFORE_STORE=1 -DPRELOAD_MODE=0 -DSTAGGER_CYCLES=0 -DSTORE_TIMING=1 ... 2.918 ms / 1501 TFLOPS  (244 regs, 6.1s)
[9/24] -DINTERLEAVE_STRATEGY=3 -DK_LOOP_UNROLL=5 -DMBAR_EARLY=1 -DN_STAGES=5 -DPHASE1_UNROLL=4 -DPREFETCH_BEFORE_STORE=1 -DSTAGGER_CYCLES=0 ... 2.696 ms / 1625 TFLOPS  (248 regs, 6.2s)
[10/24] -DK_LOOP_UNROLL=5 -DMBAR_EARLY=1 -DN_STAGES=5 -DPHASE1_UNROLL=4 -DPREFETCH_BEFORE_STORE=1 -DSTAGGER_CYCLES=0 -DSTORE_TIMING=1 ... 2.412 ms / 1816 TFLOPS  (244 regs, 6.0s)
[11/24] -DINTERLEAVE_STRATEGY=3 -DK_LOOP_UNROLL=5 -DMBAR_EARLY=1 -DN_STAGES=5 -DPHASE1_UNROLL=4 -DPREFETCH_BEFORE_STORE=1 -DPRELOAD_MODE=2 -DSTAGGER_CYCLES=0 ... 2.576 ms / 1700 TFLOPS  (250 regs, 6.2s)
[12/24] -DK_LOOP_UNROLL=5 -DMBAR_EARLY=1 -DN_STAGES=5 -DPHASE1_UNROLL=4 -DPREFETCH_BEFORE_STORE=1 -DPRELOAD_MODE=2 -DSTAGGER_CYCLES=0 -DSTORE_TIMING=1 ... 2.669 ms / 1641 TFLOPS  (246 regs, 6.2s)
[13/24] -DBATCH_EPILOGUE=1 -DINTERLEAVE_STRATEGY=3 -DK_LOOP_UNROLL=5 -DMBAR_EARLY=1 -DN_STAGES=5 -DPHASE1_UNROLL=4 -DPRELOAD_MODE=0 -DSTAGGER_CYCLES=0 ... 2.780 ms / 1576 TFLOPS  (244 regs, 6.1s)
[14/24] -DBATCH_EPILOGUE=1 -DK_LOOP_UNROLL=5 -DMBAR_EARLY=1 -DN_STAGES=5 -DPHASE1_UNROLL=4 -DPRELOAD_MODE=0 -DSTAGGER_CYCLES=0 -DSTORE_TIMING=1 ... 2.998 ms / 1461 TFLOPS  (247 regs, 6.0s)
[15/24] -DBATCH_EPILOGUE=1 -DINTERLEAVE_STRATEGY=3 -DK_LOOP_UNROLL=5 -DMBAR_EARLY=1 -DN_STAGES=5 -DPHASE1_UNROLL=4 -DSTAGGER_CYCLES=0 ... 2.737 ms / 1601 TFLOPS  (244 regs, 6.0s)
[16/24] -DBATCH_EPILOGUE=1 -DK_LOOP_UNROLL=5 -DMBAR_EARLY=1 -DN_STAGES=5 -DPHASE1_UNROLL=4 -DSTAGGER_CYCLES=0 -DSTORE_TIMING=1 ... 2.753 ms / 1591 TFLOPS  (247 regs, 6.2s)
[17/24] -DBATCH_EPILOGUE=1 -DINTERLEAVE_STRATEGY=3 -DK_LOOP_UNROLL=5 -DMBAR_EARLY=1 -DN_STAGES=5 -DPHASE1_UNROLL=4 -DPRELOAD_MODE=2 -DSTAGGER_CYCLES=0 ... 2.678 ms / 1636 TFLOPS  (248 regs, 6.0s)
[18/24] -DBATCH_EPILOGUE=1 -DK_LOOP_UNROLL=5 -DMBAR_EARLY=1 -DN_STAGES=5 -DPHASE1_UNROLL=4 -DPRELOAD_MODE=2 -DSTAGGER_CYCLES=0 -DSTORE_TIMING=1 ... 2.605 ms / 1682 TFLOPS  (247 regs, 6.2s)
[19/24] -DBATCH_EPILOGUE=1 -DINTERLEAVE_STRATEGY=3 -DK_LOOP_UNROLL=5 -DMBAR_EARLY=1 -DN_STAGES=5 -DPHASE1_UNROLL=4 -DPREFETCH_BEFORE_STORE=1 -DPRELOAD_MODE=0 -DSTAGGER_CYCLES=0 ... 2.860 ms / 1532 TFLOPS  (250 regs, 6.2s)
[20/24] -DBATCH_EPILOGUE=1 -DK_LOOP_UNROLL=5 -DMBAR_EARLY=1 -DN_STAGES=5 -DPHASE1_UNROLL=4 -DPREFETCH_BEFORE_STORE=1 -DPRELOAD_MODE=0 -DSTAGGER_CYCLES=0 -DSTORE_TIMING=1 ... 3.014 ms / 1453 TFLOPS  (247 regs, 6.1s)
[21/24] -DBATCH_EPILOGUE=1 -DINTERLEAVE_STRATEGY=3 -DK_LOOP_UNROLL=5 -DMBAR_EARLY=1 -DN_STAGES=5 -DPHASE1_UNROLL=4 -DPREFETCH_BEFORE_STORE=1 -DSTAGGER_CYCLES=0 ... 2.907 ms / 1506 TFLOPS  (250 regs, 6.0s)
[22/24] -DBATCH_EPILOGUE=1 -DK_LOOP_UNROLL=5 -DMBAR_EARLY=1 -DN_STAGES=5 -DPHASE1_UNROLL=4 -DPREFETCH_BEFORE_STORE=1 -DSTAGGER_CYCLES=0 -DSTORE_TIMING=1 ... 2.847 ms / 1538 TFLOPS  (247 regs, 6.2s)
[23/24] -DBATCH_EPILOGUE=1 -DINTERLEAVE_STRATEGY=3 -DK_LOOP_UNROLL=5 -DMBAR_EARLY=1 -DN_STAGES=5 -DPHASE1_UNROLL=4 -DPREFETCH_BEFORE_STORE=1 -DPRELOAD_MODE=2 -DSTAGGER_CYCLES=0 ... 2.645 ms / 1656 TFLOPS  (248 regs, 6.1s)
[24/24] -DBATCH_EPILOGUE=1 -DK_LOOP_UNROLL=5 -DMBAR_EARLY=1 -DN_STAGES=5 -DPHASE1_UNROLL=4 -DPREFETCH_BEFORE_STORE=1 -DPRELOAD_MODE=2 -DSTAGGER_CYCLES=0 -DSTORE_TIMING=1 ... 2.609 ms / 1679 TFLOPS  (247 regs, 6.0s)
  η²: PRELOAD_MODE=0.461, PREFETCH_BEFORE_STORE=0.003, BATCH_EPILOGUE=0.138, STORE_TIMING=0.001

  Gap: 1.83% → k_eff=2 (from 3)

Tier 4 winner (top-3): -DK_LOOP_UNROLL=5 -DMBAR_EARLY=1 -DN_STAGES=5 -DPHASE1_UNROLL=4 -DSTAGGER_CYCLES=0 -DSTORE_TIMING=1 -DSUB_MMA_UNROLL=3 → 2.346 ms / 1867 TFLOPS
  #2: -DK_LOOP_UNROLL=5 -DMBAR_EARLY=1 -DN_STAGES=5 -DPHASE1_UNROLL=4 -DPREFETCH_BEFORE_STORE=1 -DSTAGGER_CYCLES=0 -DSTORE_TIMING=1 -DSUB_MMA_UNROLL=3 → 2.389 ms / 1834 TFLOPS
  #3: -DBATCH_EPILOGUE=1 -DK_LOOP_UNROLL=5 -DMBAR_EARLY=1 -DN_STAGES=5 -DPHASE1_UNROLL=4 -DPREFETCH_BEFORE_STORE=1 -DPRELOAD_MODE=2 -DSTAGGER_CYCLES=0 -DSTORE_TIMING=1 -DSUB_MMA_UNROLL=3 → 2.509 ms / 1745 TFLOPS

=== Tier 5: GELU_VARIANT, GELU_VECTOR_WIDTH ===
  Branch 1/2: -DK_LOOP_UNROLL=5 -DMBAR_EARLY=1 -DN_STAGES=5 -DPHASE1_UNROLL=4 -DSTAGGER_CYCLES=0 -DSTORE_TIMING=1 -DSUB_MMA_UNROLL=3
Sweep: 9 total, 3 valid, 6 pruned
Estimated time: ~0 min (3 configs × ~5s each)

[1/3] -DK_LOOP_UNROLL=5 -DMBAR_EARLY=1 -DN_STAGES=5 -DPHASE1_UNROLL=4 -DSTAGGER_CYCLES=0 -DSTORE_TIMING=1 -DSUB_MMA_UNROLL=3 ... 2.366 ms / 1851 TFLOPS  (244 regs, 6.0s)
[2/3] -DGELU_VARIANT=4 -DK_LOOP_UNROLL=5 -DMBAR_EARLY=1 -DN_STAGES=5 -DPHASE1_UNROLL=4 -DSTAGGER_CYCLES=0 -DSTORE_TIMING=1 -DSUB_MMA_UNROLL=3 ... 2.260 ms / 1938 TFLOPS  (244 regs, 6.0s)
[3/3] -DGELU_VARIANT=5 -DK_LOOP_UNROLL=5 -DMBAR_EARLY=1 -DN_STAGES=5 -DPHASE1_UNROLL=4 -DSTAGGER_CYCLES=0 -DSTORE_TIMING=1 -DSUB_MMA_UNROLL=3 ... 2.313 ms / 1894 TFLOPS  (244 regs, 6.0s)
  Branch 2/2: -DK_LOOP_UNROLL=5 -DMBAR_EARLY=1 -DN_STAGES=5 -DPHASE1_UNROLL=4 -DPREFETCH_BEFORE_STORE=1 -DSTAGGER_CYCLES=0 -DSTORE_TIMING=1 -DSUB_MMA_UNROLL=3
Sweep: 9 total, 3 valid, 6 pruned
Estimated time: ~0 min (3 configs × ~5s each)

[1/3] -DK_LOOP_UNROLL=5 -DMBAR_EARLY=1 -DN_STAGES=5 -DPHASE1_UNROLL=4 -DPREFETCH_BEFORE_STORE=1 -DSTAGGER_CYCLES=0 -DSTORE_TIMING=1 -DSUB_MMA_UNROLL=3 ... 2.344 ms / 1868 TFLOPS  (244 regs, 6.2s)
[2/3] -DGELU_VARIANT=4 -DK_LOOP_UNROLL=5 -DMBAR_EARLY=1 -DN_STAGES=5 -DPHASE1_UNROLL=4 -DPREFETCH_BEFORE_STORE=1 -DSTAGGER_CYCLES=0 -DSTORE_TIMING=1 -DSUB_MMA_UNROLL=3 ... 2.274 ms / 1926 TFLOPS  (244 regs, 6.1s)
[3/3] -DGELU_VARIANT=5 -DK_LOOP_UNROLL=5 -DMBAR_EARLY=1 -DN_STAGES=5 -DPHASE1_UNROLL=4 -DPREFETCH_BEFORE_STORE=1 -DSTAGGER_CYCLES=0 -DSTORE_TIMING=1 -DSUB_MMA_UNROLL=3 ... 2.308 ms / 1898 TFLOPS  (244 regs, 6.1s)
  η²: GELU_VARIANT=0.956

  Gap: 2.12% → k_eff=1 (from 3)

Tier 5 winner (top-3): -DGELU_VARIANT=4 -DK_LOOP_UNROLL=5 -DMBAR_EARLY=1 -DN_STAGES=5 -DPHASE1_UNROLL=4 -DSTAGGER_CYCLES=0 -DSTORE_TIMING=1 -DSUB_MMA_UNROLL=3 → 2.260 ms / 1938 TFLOPS
  #2: -DGELU_VARIANT=5 -DK_LOOP_UNROLL=5 -DMBAR_EARLY=1 -DN_STAGES=5 -DPHASE1_UNROLL=4 -DPREFETCH_BEFORE_STORE=1 -DSTAGGER_CYCLES=0 -DSTORE_TIMING=1 -DSUB_MMA_UNROLL=3 → 2.308 ms / 1898 TFLOPS
  #3: -DK_LOOP_UNROLL=5 -DMBAR_EARLY=1 -DN_STAGES=5 -DPHASE1_UNROLL=4 -DPREFETCH_BEFORE_STORE=1 -DSTAGGER_CYCLES=0 -DSTORE_TIMING=1 -DSUB_MMA_UNROLL=3 → 2.344 ms / 1868 TFLOPS

=== Interaction: epilogue (BATCH_EPILOGUE, INTERLEAVE_STRATEGY, PRELOAD_MODE) ===
Sweep: 24 total, 3 valid, 15 pruned, 6 deduped
Estimated time: ~0 min (3 configs × ~5s each)

[1/3] -DGELU_VARIANT=4 -DK_LOOP_UNROLL=5 -DMBAR_EARLY=1 -DN_STAGES=5 -DPHASE1_UNROLL=4 -DPRELOAD_MODE=0 -DSTAGGER_CYCLES=0 -DSTORE_TIMING=1 -DSUB_MMA_UNROLL=3 ... 2.553 ms / 1716 TFLOPS  (244 regs, 6.2s)
[2/3] -DGELU_VARIANT=4 -DK_LOOP_UNROLL=5 -DMBAR_EARLY=1 -DN_STAGES=5 -DPHASE1_UNROLL=4 -DSTAGGER_CYCLES=0 -DSTORE_TIMING=1 -DSUB_MMA_UNROLL=3 ... 2.247 ms / 1949 TFLOPS  (244 regs, 6.0s)
[3/3] -DGELU_VARIANT=4 -DK_LOOP_UNROLL=5 -DMBAR_EARLY=1 -DN_STAGES=5 -DPHASE1_UNROLL=4 -DPRELOAD_MODE=2 -DSTAGGER_CYCLES=0 -DSTORE_TIMING=1 -DSUB_MMA_UNROLL=3 ... 2.589 ms / 1691 TFLOPS  (246 regs, 6.1s)
  η²: PRELOAD_MODE=1.000
  Best: -DGELU_VARIANT=4 -DK_LOOP_UNROLL=5 -DMBAR_EARLY=1 -DN_STAGES=5 -DPHASE1_UNROLL=4 -DSTAGGER_CYCLES=0 -DSTORE_TIMING=1 -DSUB_MMA_UNROLL=3 → 2.247 ms / 1949 TFLOPS
  ** New overall best from interaction 'epilogue' **

=== Interaction: gelu (BATCH_EPILOGUE, GELU_VARIANT) ===
Sweep: 6 total, 4 valid, 2 pruned
Estimated time: ~0 min (4 configs × ~5s each)

[1/4] -DK_LOOP_UNROLL=5 -DMBAR_EARLY=1 -DN_STAGES=5 -DPHASE1_UNROLL=4 -DSTAGGER_CYCLES=0 -DSTORE_TIMING=1 -DSUB_MMA_UNROLL=3 ... 2.332 ms / 1878 TFLOPS  (244 regs, 6.0s)
[2/4] -DGELU_VARIANT=4 -DK_LOOP_UNROLL=5 -DMBAR_EARLY=1 -DN_STAGES=5 -DPHASE1_UNROLL=4 -DSTAGGER_CYCLES=0 -DSTORE_TIMING=1 -DSUB_MMA_UNROLL=3 ... 2.350 ms / 1864 TFLOPS  (244 regs, 6.1s)
[3/4] -DGELU_VARIANT=5 -DK_LOOP_UNROLL=5 -DMBAR_EARLY=1 -DN_STAGES=5 -DPHASE1_UNROLL=4 -DSTAGGER_CYCLES=0 -DSTORE_TIMING=1 -DSUB_MMA_UNROLL=3 ... 2.313 ms / 1894 TFLOPS  (244 regs, 6.0s)
[4/4] -DBATCH_EPILOGUE=1 -DK_LOOP_UNROLL=5 -DMBAR_EARLY=1 -DN_STAGES=5 -DPHASE1_UNROLL=4 -DSTAGGER_CYCLES=0 -DSTORE_TIMING=1 -DSUB_MMA_UNROLL=3 ... 2.961 ms / 1479 TFLOPS  (247 regs, 6.1s)
  η²: BATCH_EPILOGUE=0.998, GELU_VARIANT=0.336
  Best: -DGELU_VARIANT=5 -DK_LOOP_UNROLL=5 -DMBAR_EARLY=1 -DN_STAGES=5 -DPHASE1_UNROLL=4 -DSTAGGER_CYCLES=0 -DSTORE_TIMING=1 -DSUB_MMA_UNROLL=3 → 2.313 ms / 1894 TFLOPS

=== Interaction: reg_pressure (TMEM_LOAD_WIDTH, BATCH_EPILOGUE) ===
Sweep: 4 total, 1 valid, 3 pruned
Estimated time: ~0 min (1 configs × ~5s each)

[1/1] -DGELU_VARIANT=4 -DK_LOOP_UNROLL=5 -DMBAR_EARLY=1 -DN_STAGES=5 -DPHASE1_UNROLL=4 -DSTAGGER_CYCLES=0 -DSTORE_TIMING=1 -DSUB_MMA_UNROLL=3 ... 2.271 ms / 1929 TFLOPS  (244 regs, 6.0s)
  Best: -DGELU_VARIANT=4 -DK_LOOP_UNROLL=5 -DMBAR_EARLY=1 -DN_STAGES=5 -DPHASE1_UNROLL=4 -DSTAGGER_CYCLES=0 -DSTORE_TIMING=1 -DSUB_MMA_UNROLL=3 → 2.271 ms / 1929 TFLOPS

=== Interaction: unroll_batch (PHASE1_UNROLL, BATCH_EPILOGUE) ===
Sweep: 6 total, 3 valid, 3 pruned
Estimated time: ~0 min (3 configs × ~5s each)

[1/3] -DGELU_VARIANT=4 -DK_LOOP_UNROLL=5 -DMBAR_EARLY=1 -DN_STAGES=5 -DPHASE1_UNROLL=1 -DSTAGGER_CYCLES=0 -DSTORE_TIMING=1 -DSUB_MMA_UNROLL=3 ... 3.482 ms / 1258 TFLOPS  (236 regs, 5.9s)
[2/3] -DGELU_VARIANT=4 -DK_LOOP_UNROLL=5 -DMBAR_EARLY=1 -DN_STAGES=5 -DSTAGGER_CYCLES=0 -DSTORE_TIMING=1 -DSUB_MMA_UNROLL=3 ... 3.128 ms / 1400 TFLOPS  (240 regs, 6.0s)
[3/3] -DGELU_VARIANT=4 -DK_LOOP_UNROLL=5 -DMBAR_EARLY=1 -DN_STAGES=5 -DPHASE1_UNROLL=4 -DSTAGGER_CYCLES=0 -DSTORE_TIMING=1 -DSUB_MMA_UNROLL=3 ... 2.250 ms / 1946 TFLOPS  (244 regs, 6.1s)
  η²: PHASE1_UNROLL=1.000
  Best: -DGELU_VARIANT=4 -DK_LOOP_UNROLL=5 -DMBAR_EARLY=1 -DN_STAGES=5 -DPHASE1_UNROLL=4 -DSTAGGER_CYCLES=0 -DSTORE_TIMING=1 -DSUB_MMA_UNROLL=3 → 2.250 ms / 1946 TFLOPS

=== Interaction: gelu_interleave (GELU_VARIANT, INTERLEAVE_STRATEGY) ===
Sweep: 12 total, 3 valid, 3 pruned, 6 deduped
Estimated time: ~0 min (3 configs × ~5s each)

[1/3] -DK_LOOP_UNROLL=5 -DMBAR_EARLY=1 -DN_STAGES=5 -DPHASE1_UNROLL=4 -DSTAGGER_CYCLES=0 -DSTORE_TIMING=1 -DSUB_MMA_UNROLL=3 ... 2.318 ms / 1889 TFLOPS  (244 regs, 6.0s)
[2/3] -DGELU_VARIANT=4 -DK_LOOP_UNROLL=5 -DMBAR_EARLY=1 -DN_STAGES=5 -DPHASE1_UNROLL=4 -DSTAGGER_CYCLES=0 -DSTORE_TIMING=1 -DSUB_MMA_UNROLL=3 ... 2.289 ms / 1914 TFLOPS  (244 regs, 6.0s)
[3/3] -DGELU_VARIANT=5 -DK_LOOP_UNROLL=5 -DMBAR_EARLY=1 -DN_STAGES=5 -DPHASE1_UNROLL=4 -DSTAGGER_CYCLES=0 -DSTORE_TIMING=1 -DSUB_MMA_UNROLL=3 ... 2.316 ms / 1891 TFLOPS  (244 regs, 6.1s)
  η²: GELU_VARIANT=1.000
  Best: -DGELU_VARIANT=4 -DK_LOOP_UNROLL=5 -DMBAR_EARLY=1 -DN_STAGES=5 -DPHASE1_UNROLL=4 -DSTAGGER_CYCLES=0 -DSTORE_TIMING=1 -DSUB_MMA_UNROLL=3 → 2.289 ms / 1914 TFLOPS

=== Interaction: gelu_width (GELU_VECTOR_WIDTH, GELU_VARIANT, BATCH_EPILOGUE) ===
Sweep: 18 total, 6 valid, 12 pruned
Estimated time: ~0 min (6 configs × ~5s each)

[1/6] -DK_LOOP_UNROLL=5 -DMBAR_EARLY=1 -DN_STAGES=5 -DPHASE1_UNROLL=4 -DSTAGGER_CYCLES=0 -DSTORE_TIMING=1 -DSUB_MMA_UNROLL=3 ... 2.456 ms / 1784 TFLOPS  (244 regs, 6.0s)
[2/6] -DGELU_VARIANT=4 -DK_LOOP_UNROLL=5 -DMBAR_EARLY=1 -DN_STAGES=5 -DPHASE1_UNROLL=4 -DSTAGGER_CYCLES=0 -DSTORE_TIMING=1 -DSUB_MMA_UNROLL=3 ... 2.258 ms / 1939 TFLOPS  (244 regs, 6.1s)
[3/6] -DGELU_VARIANT=5 -DK_LOOP_UNROLL=5 -DMBAR_EARLY=1 -DN_STAGES=5 -DPHASE1_UNROLL=4 -DSTAGGER_CYCLES=0 -DSTORE_TIMING=1 -DSUB_MMA_UNROLL=3 ... 2.309 ms / 1897 TFLOPS  (244 regs, 6.1s)
[4/6] -DBATCH_EPILOGUE=1 -DGELU_VECTOR_WIDTH=8 -DK_LOOP_UNROLL=5 -DMBAR_EARLY=1 -DN_STAGES=5 -DPHASE1_UNROLL=4 -DSTAGGER_CYCLES=0 -DSTORE_TIMING=1 -DSUB_MMA_UNROLL=3 ... 2.794 ms / 1568 TFLOPS  (247 regs, 6.2s)
[5/6] -DBATCH_EPILOGUE=1 -DGELU_VECTOR_WIDTH=16 -DK_LOOP_UNROLL=5 -DMBAR_EARLY=1 -DN_STAGES=5 -DPHASE1_UNROLL=4 -DSTAGGER_CYCLES=0 -DSTORE_TIMING=1 -DSUB_MMA_UNROLL=3 ... 2.693 ms / 1626 TFLOPS  (247 regs, 6.1s)
[6/6] -DBATCH_EPILOGUE=1 -DK_LOOP_UNROLL=5 -DMBAR_EARLY=1 -DN_STAGES=5 -DPHASE1_UNROLL=4 -DSTAGGER_CYCLES=0 -DSTORE_TIMING=1 -DSUB_MMA_UNROLL=3 ... 2.809 ms / 1559 TFLOPS  (247 regs, 6.2s)
  η²: GELU_VECTOR_WIDTH=0.380, GELU_VARIANT=0.734, BATCH_EPILOGUE=0.903
  Best: -DGELU_VARIANT=4 -DK_LOOP_UNROLL=5 -DMBAR_EARLY=1 -DN_STAGES=5 -DPHASE1_UNROLL=4 -DSTAGGER_CYCLES=0 -DSTORE_TIMING=1 -DSUB_MMA_UNROLL=3 → 2.258 ms / 1939 TFLOPS

=== Interaction: store_batch (STORE_TIMING, BATCH_EPILOGUE) ===
Sweep: 4 total, 2 valid, 2 pruned
Estimated time: ~0 min (2 configs × ~5s each)

[1/2] -DGELU_VARIANT=4 -DINTERLEAVE_STRATEGY=1 -DK_LOOP_UNROLL=5 -DMBAR_EARLY=1 -DN_STAGES=5 -DPHASE1_UNROLL=4 -DSTAGGER_CYCLES=0 -DSUB_MMA_UNROLL=3 ... 2.740 ms / 1598 TFLOPS  (244 regs, 5.9s)
[2/2] -DGELU_VARIANT=4 -DK_LOOP_UNROLL=5 -DMBAR_EARLY=1 -DN_STAGES=5 -DPHASE1_UNROLL=4 -DSTAGGER_CYCLES=0 -DSTORE_TIMING=1 -DSUB_MMA_UNROLL=3 ... 2.311 ms / 1895 TFLOPS  (244 regs, 6.2s)
  Best: -DGELU_VARIANT=4 -DK_LOOP_UNROLL=5 -DMBAR_EARLY=1 -DN_STAGES=5 -DPHASE1_UNROLL=4 -DSTAGGER_CYCLES=0 -DSTORE_TIMING=1 -DSUB_MMA_UNROLL=3 → 2.311 ms / 1895 TFLOPS

=== Interaction: prefetch_store (PREFETCH_BEFORE_STORE, STORE_TIMING) ===
Sweep: 4 total, 4 valid, 0 pruned
Estimated time: ~0 min (4 configs × ~5s each)

[1/4] -DGELU_VARIANT=4 -DINTERLEAVE_STRATEGY=1 -DK_LOOP_UNROLL=5 -DMBAR_EARLY=1 -DN_STAGES=5 -DPHASE1_UNROLL=4 -DSTAGGER_CYCLES=0 -DSUB_MMA_UNROLL=3 ... 2.709 ms / 1617 TFLOPS  (244 regs, 5.9s)
[2/4] -DGELU_VARIANT=4 -DK_LOOP_UNROLL=5 -DMBAR_EARLY=1 -DN_STAGES=5 -DPHASE1_UNROLL=4 -DSTAGGER_CYCLES=0 -DSTORE_TIMING=1 -DSUB_MMA_UNROLL=3 ... 2.332 ms / 1878 TFLOPS  (244 regs, 5.9s)
[3/4] -DGELU_VARIANT=4 -DINTERLEAVE_STRATEGY=1 -DK_LOOP_UNROLL=5 -DMBAR_EARLY=1 -DN_STAGES=5 -DPHASE1_UNROLL=4 -DPREFETCH_BEFORE_STORE=1 -DSTAGGER_CYCLES=0 -DSUB_MMA_UNROLL=3 ... 2.740 ms / 1599 TFLOPS  (247 regs, 5.9s)
[4/4] -DGELU_VARIANT=4 -DK_LOOP_UNROLL=5 -DMBAR_EARLY=1 -DN_STAGES=5 -DPHASE1_UNROLL=4 -DPREFETCH_BEFORE_STORE=1 -DSTAGGER_CYCLES=0 -DSTORE_TIMING=1 -DSUB_MMA_UNROLL=3 ... 2.263 ms / 1936 TFLOPS  (244 regs, 6.0s)
  η²: PREFETCH_BEFORE_STORE=0.002, STORE_TIMING=0.985
  Best: -DGELU_VARIANT=4 -DK_LOOP_UNROLL=5 -DMBAR_EARLY=1 -DN_STAGES=5 -DPHASE1_UNROLL=4 -DPREFETCH_BEFORE_STORE=1 -DSTAGGER_CYCLES=0 -DSTORE_TIMING=1 -DSUB_MMA_UNROLL=3 → 2.263 ms / 1936 TFLOPS

@@GRID_WINNER -DGELU_VARIANT=4 -DK_LOOP_UNROLL=5 -DMBAR_EARLY=1 -DN_STAGES=5 -DPHASE1_UNROLL=4 -DSTAGGER_CYCLES=0 -DSTORE_TIMING=1 -DSUB_MMA_UNROLL=3

================================================================================
RESULTS (sorted by ms)
================================================================================
  #  STG  EPI  INTER  MBAR  TMEM  STAG  PH1U  SNAKE  FUSE  KLU  W0U  SMU  PRLD  PFBS  GELU  TMAR  BTCH  GVW  STIM  REGS     SMEM       MS   TFLOPS  STATUS
----------------------------------------------------------------------------------------------------------------------------------------------------------
  1    5    4      1     1    32     0     4      1     1    5    0    3     1     0     4     0     0   32     1   244   225.0K    2.247     1949  BEST
  2    5    4      1     1    32     0     4      1     1    5    0    3     1     0     4     0     0   32     1   244   225.0K    2.250     1946  OK
  3    5    4      1     1    32     0     4      1     1    5    0    3     1     0     4     0     0   32     1   244   225.0K    2.258     1939  OK
  4    5    4      3     1    32     0     4      1     1    5    0    3     1     0     4     0     0   32     1   244   225.0K    2.260     1938  OK
  5    5    4      1     1    32     0     4      1     1    5    0    3     1     1     4     0     0   32     1   244   225.0K    2.263     1936  OK
  6    5    4      1     1    32     0     4      1     1    5    0    3     1     0     4     0     0   32     1   244   225.0K    2.271     1929  OK
  7    5    4      3     1    32     0     4      1     1    5    0    3     1     1     4     0     0   32     1   244   225.0K    2.274     1926  OK
  8    5    4      1     1    32     0     4      1     1    5    0    3     1     0     4     0     0   32     1   244   225.0K    2.289     1914  OK
  9    5    4      3     1    32     0     4      1     1    5    0    3     1     1     5     0     0   32     1   244   225.0K    2.308     1898  OK
 10    5    4      1     1    32     0     4      1     1    5    0    3     1     0     5     0     0   32     1   244   225.0K    2.309     1897  OK
 11    5    4      1     1    32     0     4      1     1    5    0    3     1     0     4     0     0   32     1   244   225.0K    2.311     1895  OK
 12    5    4      3     1    32     0     4      1     1    5    0    3     1     0     5     0     0   32     1   244   225.0K    2.313     1894  OK
 13    5    4      1     1    32     0     4      1     1    5    0    3     1     0     5     0     0   32     1   244   225.0K    2.313     1894  OK
 14    5    4      1     1    32     0     4      1     1    5    0    3     1     0     5     0     0   32     1   244   225.0K    2.316     1891  OK
 15    5    4      1     1    32     0     4      1     1    5    0    3     1     0     0     0     0   32     1   244   225.0K    2.318     1889  OK
 16    5    4      1     1    32     0     4      1     1    5    0    3     1     0     0     0     0   32     1   244   225.0K    2.332     1878  OK
 17    5    4      1     1    32     0     4      1     1    5    0    3     1     0     4     0     0   32     1   244   225.0K    2.332     1878  OK
 18    5    4      3     1    32     0     4      1     1    5    0    3     1     1     0     0     0   32     1   244   225.0K    2.344     1868  OK
 19    5    4      3     1    32     0     4      1     1    5    0    3     1     0     0     0     0   32     1   244   225.0K    2.346     1867  OK
 20    5    4      1     1    32     0     4      1     1    5    0    3     1     0     4     0     0   32     1   244   225.0K    2.350     1864  OK
 21    5    4      3     1    32     0     4      1     1    5    0    3     1     0     0     0     0   32     1   244   225.0K    2.366     1851  OK
 22    5    4      3     1    32     0     4      1     1    5    0    0     1     0     0     0     0   32     1   244   225.0K    2.370     1848  OK
 23    5    4      3     1    32     0     4      1     1    5    0    3     1     1     0     0     0   32     1   244   225.0K    2.389     1834  OK
 24    5    4      3     1    32     0     4      1     1    5    0    0     1     1     0     0     0   32     1   244   225.0K    2.412     1816  OK
 25    5    4      1     1    32     0     4      1     1    5    0    3     1     0     0     0     0   32     1   244   225.0K    2.456     1784  OK
 26    5    4      3     1    32     0     4      1     1    5    0    3     2     1     0     0     1   32     1   247   225.0K    2.509     1745  OK
 27    5    4      3     1    32     0     4      1     1    5    0    0     2     0     0     0     0   32     1   246   225.0K    2.525     1735  OK
 28    5    4      3     1    32     0     4      1     1    5    0    3     2     0     0     0     0   32     1   246   225.0K    2.535     1728  OK
 29    5    4      3     1    32     0     4      1     1    5    0    3     2     1     0     0     0   32     1   246   225.0K    2.535     1728  OK
 30    5    4      1     1    32     0     4      1     1    5    0    3     0     0     4     0     0   32     1   244   225.0K    2.553     1716  OK
 31    5    4      3     1    32     0     4      1     1    5    0    0     2     1     0     0     0   32     0   250   225.0K    2.576     1700  OK
 32    5    4      1     1    32     0     4      1     1    5    0    3     2     0     4     0     0   32     1   246   225.0K    2.589     1691  OK
 33    5    4      3     1    32     0     4      1     1    5    0    3     2     1     0     0     0   32     0   250   225.0K    2.591     1690  OK
 34    5    4      3     1    32     0     4      1     1    5    0    3     2     0     0     0     0   32     0   249   225.0K    2.604     1682  OK
 35    5    4      3     1    32     0     4      1     1    5    0    0     2     0     0     0     1   32     1   247   225.0K    2.605     1682  OK
 36    5    4      3     1    32     0     4      1     1    5    0    0     2     0     0     0     0   32     0   249   225.0K    2.608     1679  OK
 37    5    4      3     1    32     0     4      1     1    5    0    0     2     1     0     0     1   32     1   247   225.0K    2.609     1679  OK
 38    5    4      3     1    32     0     4      1     1    5    0    3     2     1     0     0     1   32     0   248   225.0K    2.615     1675  OK
 39    5    4      3     1    32     0     4      1     1    5    0    3     2     0     0     0     1   32     1   247   225.0K    2.627     1667  OK
 40    5    4      3     1    32     0     4      1     1    5    0    0     2     1     0     0     1   32     0   248   225.0K    2.645     1656  OK
 41    5    4      3     1    32     0     4      1     1    5    0    3     1     0     0     0     0   32     0   244   225.0K    2.666     1643  OK
 42    5    4      3     1    32     0     4      1     1    5    0    0     2     1     0     0     0   32     1   246   225.0K    2.669     1641  OK
 43    5    4      3     1    32     0     4      1     1    5    0    3     2     0     0     0     1   32     0   248   225.0K    2.670     1640  OK
 44    5    4      3     1    32     0     4      1     1    5    0    0     2     0     0     0     1   32     0   248   225.0K    2.678     1636  OK
 45    5    4      3     1    32     0     4      1     1    5    0    3     1     1     0     0     1   32     1   247   225.0K    2.679     1635  OK
 46    5    4      3     1    32     0     4      1     1    5    0    0     0     0     0     0     0   32     0   244   225.0K    2.680     1635  OK
 47    5    4      3     0    32   100     4      1     1    5    0    0     1     0     0     0     0   32     0   244   225.0K    2.683     1632  OK
 48    5    4      3     1    32     0     4      1     1    5    0    0     1     0     0     0     0   32     0   244   225.0K    2.684     1632  OK
 49    5    4      1     1    32     0     4      1     1    5    0    3     1     0     0     0     1   16     1   247   225.0K    2.693     1626  OK
 50    5    4      3     1    32     0     4      1     1    5    0    0     1     1     0     0     0   32     0   248   225.0K    2.696     1625  OK
 51    5    4      3     1    32     0     4      1     1    5    0    3     1     1     0     0     0   32     0   248   225.0K    2.704     1620  OK
 52    5    4      3     1    32     0     4      1     1    5    0    3     0     0     0     0     0   32     0   244   225.0K    2.707     1618  OK
 53    5    4      1     1    32     0     4      1     1    5    0    3     1     0     4     0     0   32     0   244   225.0K    2.709     1617  OK
 54    5    4      3     1    32     0     4      1     1    5    0    3     1     0     0     0     0   32     0   244   225.0K    2.714     1614  OK
 55    5    4      3     0    32    40     4      1     1    5    0    0     1     0     0     0     0   32     0   244   225.0K    2.719     1611  OK
 56    5    4      3     1    32     0     4      1     1    5    0    0     1     0     0     0     0   32     0   244   225.0K    2.720     1610  OK
 57    5    4      3     0    32   100     4      1     1    5    0    3     1     0     0     0     0   32     0   244   225.0K    2.720     1610  OK
 58    5    4      3     0    32    40     4      1     1    5    0    3     1     0     0     0     0   32     0   244   225.0K    2.733     1603  OK
 59    5    4      3     1    32     0     4      1     1    2    1    0     1     0     0     0     0   32     0   198   225.0K    2.735     1601  OK
 60    5    4      3     1    32     0     4      1     1    5    0    0     1     0     0     0     1   32     0   244   225.0K    2.737     1601  OK
 61    5    4      3     1    32     0     4      1     1    1    1    1     1     0     0     0     0   32     0   190   225.0K    2.739     1599  OK
 62    5    4      3     0    32    40     2      1     1    5    0    0     1     0     0     0     0   32     0   240   225.0K    2.739     1599  OK
 63    5    4      1     1    32     0     4      1     1    5    0    3     1     0     4     0     0   32     0   244   225.0K    2.740     1598  OK
 64    5    4      1     1    32     0     4      1     1    5    0    3     1     1     4     0     0   32     0   247   225.0K    2.740     1599  OK
 65    5    4      3     1    32     0     4      1     1    8    4    0     1     0     0     0     0   32     0   218   225.0K    2.746     1595  OK
 66    5    4      3     1    32     0     4      1     1    5    4    0     1     0     0     0     0   32     0   246   225.0K    2.749     1594  OK
 67    5    4      3     1    32     0     2      1     1    5    0    0     1     0     0     0     0   32     0   242   225.0K    2.753     1591  OK
 68    5    4      3     1    32     0     4      1     1    5    0    0     1     0     0     0     1   32     1   247   225.0K    2.753     1591  OK
 69    5    4      3     0    32    40     2      1     1    5    0    0     1     0     0     0     0   32     0   240   225.0K    2.754     1591  OK
 70    5    4      3     1    32     0     4      1     1    5    4    3     1     0     0     0     0   32     0   246   225.0K    2.755     1590  OK
 71    5    4      3     1    32     0     4      1     1    2    4    1     1     0     0     0     0   32     0   190   225.0K    2.757     1588  OK
 72    5    4      3     0    32   100     4      1     1    1    1    1     1     0     0     0     0   32     0   190   225.0K    2.758     1588  OK
 73    5    4      3     0    32   100     4      1     1    5    0    1     1     0     0     0     0   32     0   229   225.0K    2.759     1588  OK
 74    5    4      3     0    32   100     4      1     1    2    1    1     1     0     0     0     0   32     0   190   225.0K    2.761     1587  OK
 75    5    4      3     0    32   100     4      1     1    5    4    0     1     0     0     0     0   32     0   244   225.0K    2.761     1586  OK
 76    5    4      3     0    32   100     4      1     1    5    4    3     1     0     0     0     0   32     0   244   225.0K    2.761     1586  OK
 77    5    4      3     0    32    40     4      1     1    1    4    1     1     0     0     0     0   32     0   190   225.0K    2.762     1586  OK
 78    5    4      3     0    32    40     4      1     1    2    0    0     1     0     0     0     0   32     0   224   225.0K    2.762     1586  OK
 79    5    4      3     1    32     0     4      1     1    5    0    3     1     0     0     0     1   32     0   244   225.0K    2.762     1586  OK
 80    5    4      3     1    32     0     4      1     1    2    1    1     1     0     0     0     0   32     0   190   225.0K    2.763     1585  OK
 81    5    4      3     0    32   100     2      1     1    5    0    0     1     0     0     0     0   32     0   240   225.0K    2.764     1585  OK
 82    5    4      3     0    32   100     4      1     1    6    0    1     1     0     0     0     0   32     0   229   225.0K    2.764     1585  OK
 83    5    4      3     1    32     0     4      1     1    5    0    3     0     1     0     0     0   32     0   248   225.0K    2.764     1585  OK
 84    5    4      3     1    32     0     4      1     1    2    0    3     1     0     0     0     0   32     0   220   225.0K    2.766     1583  OK
 85    5    4      3     1    32     0     4      1     1    5    1    0     1     0     0     0     0   32     0   246   225.0K    2.766     1584  OK
 86    5    4      3     0    32   100     4      1     1    2    4    1     1     0     0     0     0   32     0   190   225.0K    2.766     1584  OK
 87    4    4      3     0    32    60     2      1     1    4    0    0     1     0     0     0     0   32     0   242   193.0K    2.770     1581  OK
 88    5    4      3     1    32     0     4      1     1    1    1    3     1     0     0     0     0   32     0   198   225.0K    2.770     1581  OK
 89    5    4      3     0    32   100     4      1     1    2    0    3     1     0     0     0     0   32     0   224   225.0K    2.771     1580  OK
 90    5    4      3     0    32   100     2      1     1    5    0    3     1     0     0     0     0   32     0   240   225.0K    2.771     1580  OK
 91    5    4      3     0    32   100     4      1     1    5    1    0     1     0     0     0     0   32     0   244   225.0K    2.771     1581  OK
 92    5    4      3     0    32   100     4      1     1    2    1    0     1     0     0     0     0   32     0   198   225.0K    2.772     1580  OK
 93    5    4      3     1    32     0     4      1     1    5    1    3     1     0     0     0     0   32     0   246   225.0K    2.773     1579  OK
 94    5    4      3     0    32   160     2      1     1    5    0    0     1     0     0     0     0   32     0   240   225.0K    2.775     1578  OK
 95    5    4      3     1    32     0     4      1     1    2    1    3     1     0     0     0     0   32     0   198   225.0K    2.775     1578  OK
 96    5    4      3     0    32   100     4      1     1    6    4    3     1     0     0     0     0   32     0   218   225.0K    2.776     1578  OK
 97    4    4      3     0    32   160     2      1     1    4    0    0     1     0     0     0     0   32     0   242   193.0K    2.777     1577  OK
 98    5    4      3     1    32     0     4      1     1    1    1    0     1     0     0     0     0   32     0   198   225.0K    2.777     1577  OK
 99    5    4      3     1    32     0     4      1     1    1    0    3     1     0     0     0     0   32     0   220   225.0K    2.777     1577  OK
100    5    4      3     1    32     0     4      1     1    8    4    3     1     0     0     0     0   32     0   218   225.0K    2.778     1577  OK
101    5    4      3     0    32    40     2      1     1    5    0    3     1     0     0     0     0   32     0   240   225.0K    2.778     1577  OK
102    5    4      3     0    32   100     2      1     1    5    0    0     1     0     0     0     0   32     0   240   225.0K    2.778     1577  OK
103    5    4      3     0    32   100     4      1     1    8    0    1     1     0     0     0     0   32     0   229   225.0K    2.780     1575  OK
104    5    4      3     1    32     0     4      1     1    5    0    0     0     0     0     0     1   32     0   244   225.0K    2.780     1576  OK
105    5    4      3     1    32     0     4      1     1    2    0    0     1     0     0     0     0   32     0   220   225.0K    2.781     1575  OK
106    5    4      3     1    32     0     4      1     1    6    4    0     1     0     0     0     0   32     0   218   225.0K    2.781     1575  OK
107    5    4      3     1    32     0     4      1     1    6    4    3     1     0     0     0     0   32     0   218   225.0K    2.781     1575  OK
108    5    4      3     1    32     0     2      1     1    5    0    0     1     0     0     0     0   32     0   242   225.0K    2.782     1574  OK
109    5    4      3     0    32    40     2      1     1    5    4    0     1     0     0     0     0   32     0   241   225.0K    2.782     1574  OK
110    5    4      3     0    32   100     4      1     1    1    4    1     1     0     0     0     0   32     0   190   225.0K    2.782     1574  OK
111    5    4      3     1    32     0     4      1     1    5    0    0     0     1     0     0     0   32     0   248   225.0K    2.782     1574  OK
112    5    4      3     0    32   100     4      1     1    1    1    3     1     0     0     0     0   32     0   198   225.0K    2.783     1574  OK
113    5    4      3     0    32   100     4      1     1    2    0    0     1     0     0     0     0   32     0   224   225.0K    2.783     1574  OK
114    5    4      1     0    32   120     2      1     1    5    0    0     1     0     0     0     0   32     0   240   225.0K    2.784     1573  OK
115    4    4      3     0    32   120     2      1     1    4    0    0     1     0     0     0     0   32     0   242   193.0K    2.784     1573  OK
116    5    4      3     0    32   100     4      1     1    5    1    3     1     0     0     0     0   32     0   244   225.0K    2.784     1573  OK
117    5    4      3     0    32    40     4      1     1    5    1    3     1     0     0     0     0   32     0   244   225.0K    2.785     1573  OK
118    5    4      3     0    32    60     2      1     1    5    0    0     1     0     0     0     0   32     0   240   225.0K    2.786     1572  OK
119    5    4      3     1    32     0     4      1     1    1    4    1     1     0     0     0     0   32     0   190   225.0K    2.786     1572  OK
120    5    4      3     0    32    40     4      1     1    6    0    1     1     0     0     0     0   32     0   229   225.0K    2.787     1572  OK
121    5    4      3     0    32   100     4      1     1    1    1    0     1     0     0     0     0   32     0   198   225.0K    2.787     1572  OK
122    5    4      1     0    32    60     2      1     1    5    0    0     1     0     0     0     0   32     0   240   225.0K    2.788     1571  OK
123    5    4      3     1    32    80     2      1     1    5    0    0     1     0     0     0     0   32     0   240   225.0K    2.788     1571  OK
124    5    4      3     1    32     0     2      1     1    5    0    3     1     0     0     0     0   32     0   242   225.0K    2.788     1571  OK
125    5    4      3     0    32    40     4      1     1    2    1    1     1     0     0     0     0   32     0   190   225.0K    2.788     1571  OK
126    5    4      3     0    32    40     4      1     1    5    4    0     1     0     0     0     0   32     0   244   225.0K    2.789     1570  OK
127    5    4      3     0    32    40     4      1     1    5    4    3     1     0     0     0     0   32     0   244   225.0K    2.790     1570  OK
128    5    4      3     0    32    40     4      1     1    2    1    0     1     0     0     0     0   32     0   198   225.0K    2.791     1570  OK
129    5    4      3     0    32    40     4      1     1    8    0    1     1     0     0     0     0   32     0   229   225.0K    2.791     1570  OK
130    5    4      3     1    32   160     2      1     1    5    0    0     1     0     0     0     0   32     0   240   225.0K    2.792     1569  OK
131    4    4      3     0    32   100     2      1     1    4    0    0     1     0     0     0     0   32     0   242   193.0K    2.792     1569  OK
132    5    4      3     1    32     0     4      1     1    1    4    3     1     0     0     0     0   32     0   198   225.0K    2.792     1569  OK
133    5    4      3     0    32   100     4      1     1    8    4    1     1     0     0     0     0   32     0   212   225.0K    2.793     1568  OK
134    5    4      3     1    32     0     4      1     1    5    0    3     0     0     0     0     1   32     0   244   225.0K    2.793     1568  OK
135    5    4      3     0    32    40     4      1     1    2    0    3     1     0     0     0     0   32     0   224   225.0K    2.794     1568  OK
136    5    4      3     0    32    40     2      1     1    5    4    3     1     0     0     0     0   32     0   241   225.0K    2.794     1568  OK
137    5    4      1     1    32     0     4      1     1    5    0    3     1     0     0     0     1    8     1   247   225.0K    2.794     1568  OK
138    5    4      3     0    32    40     4      1     1    2    4    1     1     0     0     0     0   32     0   190   225.0K    2.795     1567  OK
139    4    4      3     0    32   200     2      1     1    4    0    0     1     0     0     0     0   32     0   242   193.0K    2.797     1566  OK
140    5    4      3     1    32     0     4      1     1    8    4    1     1     0     0     0     0   32     0   209   225.0K    2.800     1564  OK
141    5    4      3     1    32    60     2      1     1    5    0    0     1     0     0     0     0   32     0   240   225.0K    2.801     1564  OK
142    5    4      3     1    32     0     4      1     1    5    0    1     1     0     0     0     0   32     0   230   225.0K    2.801     1564  OK
143    5    4      3     1    32     0     2      1     1    6    4    3     1     0     0     0     0   32     0   210   225.0K    2.801     1564  OK
144    5    4      3     1    32     0     4      1     1    1    4    0     1     0     0     0     0   32     0   198   225.0K    2.802     1563  OK
145    5    4      3     0    32    80     2      1     1    5    0    0     1     0     0     0     0   32     0   240   225.0K    2.803     1563  OK
146    5    4      3     1    32    40     2      1     1    5    0    0     1     0     0     0     0   32     0   240   225.0K    2.803     1563  OK
147    5    4      3     0    32   100     4      1     1    2    1    3     1     0     0     0     0   32     0   198   225.0K    2.803     1563  OK
148    5    4      3     0    32   100     4      1     1    2    4    3     1     0     0     0     0   32     0   198   225.0K    2.803     1562  OK
149    5    4      3     0    32    40     4      1     1    1    1    1     1     0     0     0     0   32     0   190   225.0K    2.805     1562  OK
150    4    4      3     0    32    80     2      1     1    4    0    0     1     0     0     0     0   32     0   242   193.0K    2.807     1560  OK
151    5    4      3     0    32    40     4      1     1    5    1    0     1     0     0     0     0   32     0   244   225.0K    2.807     1560  OK
152    5    4      3     0    32    40     4      1     1    5    1    1     1     0     0     0     0   32     0   212   225.0K    2.807     1560  OK
153    5    4      3     0    32    40     4      1     1    6    4    0     1     0     0     0     0   32     0   218   225.0K    2.807     1561  OK
154    5    4      3     1    32     0     4      1     1    5    4    1     1     0     0     0     0   32     0   209   225.0K    2.808     1560  OK
155    5    4      3     1    32   100     2      1     1    5    0    0     1     0     0     0     0   32     0   240   225.0K    2.809     1559  OK
156    5    4      3     1    32     0     4      1     1    8    0    1     1     0     0     0     0   32     0   230   225.0K    2.809     1559  OK
157    5    4      3     0    32    40     4      1     1    2    1    3     1     0     0     0     0   32     0   198   225.0K    2.809     1559  OK
158    5    4      1     1    32     0     4      1     1    5    0    3     1     0     0     0     1   32     1   247   225.0K    2.809     1559  OK
159    5    4      1     1    32   100     2      1     1    5    0    0     1     0     0     0     0   32     0   242   225.0K    2.810     1559  OK
160    5    4      3     1    32   120     2      1     1    5    0    0     1     0     0     0     0   32     0   240   225.0K    2.810     1559  OK
161    5    4      3     1    32     0     2      1     1    1    0    3     1     0     0     0     0   32     0   216   225.0K    2.810     1559  OK
162    5    4      3     0    32   120     2      1     1    5    0    0     1     0     0     0     0   32     0   240   225.0K    2.811     1558  OK
163    5    4      3     0    32    40     4      1     1    1    1    3     1     0     0     0     0   32     0   198   225.0K    2.811     1558  OK
164    5    4      3     0    32   100     2      1     1    5    1    3     1     0     0     0     0   32     0   241   225.0K    2.811     1558  OK
165    5    4      3     1    32     0     4      1     1    1    0    0     1     0     0     0     0   32     0   220   225.0K    2.813     1557  OK
166    5    4      3     0    32   100     4      1     1    1    0    0     1     0     0     0     0   32     0   224   225.0K    2.814     1557  OK
167    5    4      3     1    32   200     2      1     1    5    0    0     1     0     0     0     0   32     0   240   225.0K    2.815     1556  OK
168    5    4      3     0    32   100     4      1     1    1    4    3     1     0     0     0     0   32     0   198   225.0K    2.815     1556  OK
169    5    4      3     0    32    40     4      1     1    6    4    1     1     0     0     0     0   32     0   212   225.0K    2.816     1555  OK
170    5    4      3     0    32   100     4      1     1    1    4    0     1     0     0     0     0   32     0   198   225.0K    2.817     1555  OK
171    5    4      3     0    32   100     2      1     1    5    4    3     1     0     0     0     0   32     0   241   225.0K    2.817     1555  OK
172    5    4      3     0    32   100     4      1     1    6    0    3     1     0     0     0     0   32     0   238   225.0K    2.817     1555  OK
173    5    4      1     0    32    80     2      1     1    5    0    0     1     0     0     0     0   32     0   240   225.0K    2.820     1553  OK
174    5    4      3     1    32     0     2      1     1    2    0    3     1     0     0     0     0   32     0   216   225.0K    2.820     1553  OK
175    5    4      3     0    32    40     4      1     1    5    4    1     1     0     0     0     0   32     0   212   225.0K    2.820     1553  OK
176    5    4      3     0    32    40     4      1     1    1    4    3     1     0     0     0     0   32     0   198   225.0K    2.821     1553  OK
177    5    4      3     0    32   100     2      1     1    5    4    0     1     0     0     0     0   32     0   241   225.0K    2.821     1553  OK
178    5    4      3     0    32   100     4      1     1    8    0    0     1     0     0     0     0   32     0   238   225.0K    2.821     1553  OK
179    5    4      3     0    32   100     4      1     1    8    1    0     1     0     0     0     0   32     0   218   225.0K    2.821     1553  OK
180    5    4      3     1    32     0     2      1     1    6    1    3     1     0     0     0     0   32     0   210   225.0K    2.822     1552  OK
181    5    4      3     0    32   100     4      1     1    5    4    1     1     0     0     0     0   32     0   212   225.0K    2.822     1552  OK
182    5    4      3     0    32   100     2      1     1    8    0    3     1     0     0     0     0   32     0   234   225.0K    2.823     1551  OK
183    5    4      3     1    32     0     4      1     1    6    0    3     1     0     0     0     0   32     0   236   225.0K    2.824     1551  OK
184    5    4      3     0    32    40     4      1     1    2    4    0     1     0     0     0     0   32     0   198   225.0K    2.824     1551  OK
185    5    4      3     0    32    40     4      1     1    8    4    0     1     0     0     0     0   32     0   218   225.0K    2.824     1551  OK
186    4    4      3     0    32    40     2      1     1    4    0    0     1     0     0     0     0   32     0   242   193.0K    2.825     1550  OK
187    5    4      3     0    32   100     4      1     1    6    4    1     1     0     0     0     0   32     0   212   225.0K    2.825     1551  OK
188    5    4      3     0    32     0     2      1     1    5    0    0     1     0     0     0     0   32     0   242   225.0K    2.826     1550  OK
189    5    4      3     0    32    40     4      1     1    1    1    0     1     0     0     0     0   32     0   198   225.0K    2.826     1550  OK
190    5    4      3     0    32   100     2      1     1    5    1    0     1     0     0     0     0   32     0   241   225.0K    2.826     1550  OK
191    5    4      3     0    32    40     4      1     1    8    0    3     1     0     0     0     0   32     0   238   225.0K    2.827     1549  OK
192    5    4      1     1    32   160     2      1     1    5    0    0     1     0     0     0     0   32     0   242   225.0K    2.828     1549  OK
193    5    4      3     1    32     0     2      1     1    5    4    0     1     0     0     0     0   32     0   242   225.0K    2.828     1549  OK
194    5    4      3     1    32     0     4      1     1    6    0    1     1     0     0     0     0   32     0   230   225.0K    2.828     1549  OK
195    5    4      3     1    32     0     2      1     1    8    1    3     1     0     0     0     0   32     0   210   225.0K    2.828     1549  OK
196    5    4      3     1    32     0     4      1     1    8    0    0     1     0     0     0     0   32     0   236   225.0K    2.828     1549  OK
197    5    4      1     0    32    40     2      1     1    5    0    0     1     0     0     0     0   32     0   240   225.0K    2.829     1548  OK
198    5    4      3     0    32    40     4      1     1    5    0    1     1     0     0     0     0   32     0   229   225.0K    2.829     1548  OK
199    5    4      3     0    32   100     2      1     1    8    0    0     1     0     0     0     0   32     0   234   225.0K    2.829     1549  OK
200    5    4      1     0    32   200     2      1     1    5    0    0     1     0     0     0     0   32     0   240   225.0K    2.830     1548  OK
201    5    4      3     1    32     0     4      1     1    2    4    0     1     0     0     0     0   32     0   198   225.0K    2.830     1548  OK
202    5    4      3     1    32     0     2      1     1    6    1    0     1     0     0     0     0   32     0   210   225.0K    2.830     1548  OK
203    5    4      1     1    32    60     2      1     1    5    0    0     1     0     0     0     0   32     0   242   225.0K    2.831     1547  OK
204    4    4      3     1    32   160     2      1     1    4    0    0     1     0     0     0     0   32     0   242   193.0K    2.831     1547  OK
205    5    4      3     1    32     0     4      1     1    5    1    1     1     0     0     0     0   32     0   209   225.0K    2.831     1547  OK
206    5    4      3     1    32     0     2      1     1    6    4    1     1     0     0     0     0   32     0   211   225.0K    2.831     1547  OK
207    5    4      3     1    32     0     2      1     1    6    0    3     1     0     0     0     0   32     0   230   225.0K    2.831     1547  OK
208    5    4      1     0    32   100     2      1     1    5    0    0     1     0     0     0     0   32     0   240   225.0K    2.832     1546  OK
209    5    4      3     0    32   200     2      1     1    5    0    0     1     0     0     0     0   32     0   240   225.0K    2.832     1547  OK
210    5    4      3     1    32     0     4      1     1    6    1    1     1     0     0     0     0   32     0   209   225.0K    2.832     1547  OK
211    5    4      3     1    32     0     4      1     1    8    1    3     1     0     0     0     0   32     0   218   225.0K    2.832     1547  OK
212    5    4      1     1    32   120     2      1     1    5    0    0     1     0     0     0     0   32     0   242   225.0K    2.833     1546  OK
213    5    4      3     1    32     0     2      1     1    8    4    3     1     0     0     0     0   32     0   210   225.0K    2.833     1546  OK
214    5    4      3     0    32    40     2      1     1    5    1    3     1     0     0     0     0   32     0   241   225.0K    2.833     1546  OK
215    5    4      3     0    32   100     4      1     1    8    1    1     1     0     0     0     0   32     0   212   225.0K    2.833     1546  OK
216    5    4      3     0    32    40     4      1     1    8    4    1     1     0     0     0     0   32     0   212   225.0K    2.834     1545  OK
217    5    4      3     0    32   100     4      1     1    6    0    0     1     0     0     0     0   32     0   238   225.0K    2.834     1545  OK
218    5    4      3     0    32   100     4      1     1    8    4    0     1     0     0     0     0   32     0   218   225.0K    2.834     1546  OK
219    5    4      1     1    32   200     2      1     1    5    0    0     1     0     0     0     0   32     0   242   225.0K    2.835     1545  OK
220    5    4      3     0    32   100     4      1     1    8    0    3     1     0     0     0     0   32     0   238   225.0K    2.835     1545  OK
221    5    4      3     1    32     0     4      1     1    2    4    3     1     0     0     0     0   32     0   198   225.0K    2.836     1544  OK
222    4    4      3     1    32   200     2      1     1    4    0    0     1     0     0     0     0   32     0   242   193.0K    2.837     1544  OK
223    5    4      3     0    32    40     4      1     1    1    0    3     1     0     0     0     0   32     0   224   225.0K    2.837     1544  OK
224    5    4      3     1    32     0     2      1     1    8    4    0     1     0     0     0     0   32     0   210   225.0K    2.838     1544  OK
225    5    4      3     0    32    40     4      1     1    2    4    3     1     0     0     0     0   32     0   198   225.0K    2.838     1543  OK
226    5    4      3     1    32     0     2      1     1    1    0    0     1     0     0     0     0   32     0   216   225.0K    2.839     1543  OK
227    5    4      3     1    32     0     2      1     1    8    1    1     1     0     0     0     0   32     0   211   225.0K    2.839     1543  OK
228    5    4      3     0    32    40     4      1     1    6    1    1     1     0     0     0     0   32     0   212   225.0K    2.839     1543  OK
229    5    4      3     0    32   100     4      1     1    2    4    0     1     0     0     0     0   32     0   198   225.0K    2.839     1543  OK
230    5    4      3     0    32   100     4      1     1    6    4    0     1     0     0     0     0   32     0   218   225.0K    2.839     1543  OK
231    5    4      3     1    32     0     2      1     1    8    1    0     1     0     0     0     0   32     0   210   225.0K    2.840     1542  OK
232    5    4      3     0    32    40     4      1     1    6    0    0     1     0     0     0     0   32     0   238   225.0K    2.840     1542  OK
233    5    4      3     0    32    40     4      1     1    8    1    3     1     0     0     0     0   32     0   218   225.0K    2.840     1542  OK
234    5    4      1     1    32     0     2      1     1    5    0    0     1     0     0     0     0   32     0   240   225.0K    2.841     1542  OK
235    4    4      3     1    32    80     2      1     1    4    0    0     1     0     0     0     0   32     0   242   193.0K    2.841     1542  OK
236    5    4      3     1    32     0     4      1     1    8    1    0     1     0     0     0     0   32     0   218   225.0K    2.842     1541  OK
237    5    4      3     0    32   100     4      1     1    5    1    1     1     0     0     0     0   32     0   212   225.0K    2.842     1541  OK
238    4    4      3     1    32    60     2      1     1    4    0    0     1     0     0     0     0   32     0   242   193.0K    2.843     1541  OK
239    5    4      3     1    32     0     2      1     1    2    0    1     1     0     0     0     0   32     0   215   225.0K    2.843     1541  OK
240    5    4      3     1    32     0     2      1     1    6    4    0     1     0     0     0     0   32     0   210   225.0K    2.843     1541  OK
241    5    4      3     0    32    40     4      1     1    1    0    0     1     0     0     0     0   32     0   224   225.0K    2.843     1540  OK
242    5    4      3     0    32   100     4      1     1    6    1    1     1     0     0     0     0   32     0   212   225.0K    2.843     1540  OK
243    5    4      3     0    32   100     4      1     1    8    1    3     1     0     0     0     0   32     0   218   225.0K    2.843     1541  OK
244    5    4      3     1    32     0     4      1     1    8    1    1     1     0     0     0     0   32     0   209   225.0K    2.844     1540  OK
245    5    4      3     0    32    40     4      1     1    6    1    0     1     0     0     0     0   32     0   218   225.0K    2.844     1540  OK
246    5    4      3     1    32     0     4      1     1    1    0    1     1     0     0     0     0   32     0   214   225.0K    2.845     1540  OK
247    5    4      3     0    32   100     2      1     1    6    0    3     1     0     0     0     0   32     0   234   225.0K    2.845     1539  OK
248    5    4      3     1    32     0     2      1     1    5    0    1     1     0     0     0     0   32     0   223   225.0K    2.846     1539  OK
249    5    4      3     1    32     0     2      1     1    5    4    1     1     0     0     0     0   32     0   211   225.0K    2.846     1539  OK
250    5    4      3     1    32     0     4      1     1    6    1    0     1     0     0     0     0   32     0   218   225.0K    2.846     1539  OK
251    5    4      3     0    32    40     4      1     1    1    4    0     1     0     0     0     0   32     0   198   225.0K    2.846     1539  OK
252    5    4      3     0    32    40     4      1     1    8    1    0     1     0     0     0     0   32     0   218   225.0K    2.846     1539  OK
253    5    4      3     1    32     0     2      1     1    8    4    1     1     0     0     0     0   32     0   211   225.0K    2.847     1539  OK
254    5    4      3     0    32   100     2      1     1    6    0    0     1     0     0     0     0   32     0   234   225.0K    2.847     1538  OK
255    5    4      3     1    32     0     4      1     1    5    0    0     1     1     0     0     1   32     1   247   225.0K    2.847     1538  OK
256    5    4      1     0    32   160     2      1     1    5    0    0     1     0     0     0     0   32     0   240   225.0K    2.848     1538  OK
257    5    4      3     0    32    40     4      1     1    8    0    0     1     0     0     0     0   32     0   238   225.0K    2.848     1538  OK
258    5    4      3     0    32   100     4      1     1    1    0    3     1     0     0     0     0   32     0   224   225.0K    2.848     1538  OK
259    4    4      3     0    32     0     2      1     1    4    0    0     1     0     0     0     0   32     0   243   193.0K    2.849     1537  OK
260    5    4      3     1    32     0     4      1     1    6    1    3     1     0     0     0     0   32     0   218   225.0K    2.849     1537  OK
261    5    4      3     0    32    40     2      1     1    5    1    0     1     0     0     0     0   32     0   241   225.0K    2.849     1537  OK
262    5    4      3     1    32     0     2      1     1    5    1    1     1     0     0     0     0   32     0   211   225.0K    2.851     1536  OK
263    5    4      3     1    32     0     2      1     1    6    0    1     1     0     0     0     0   32     0   223   225.0K    2.851     1536  OK
264    5    4      3     0    32    40     4      1     1    8    4    3     1     0     0     0     0   32     0   218   225.0K    2.852     1536  OK
265    5    4      3     0    32   100     4      1     1    6    1    3     1     0     0     0     0   32     0   218   225.0K    2.852     1536  OK
266    5    4      3     1    32     0     2      1     1    1    1    1     1     0     0     0     0   32     0   188   225.0K    2.853     1535  OK
267    5    4      3     1    32     0     2      1     1    2    1    1     1     0     0     0     0   32     0   188   225.0K    2.853     1535  OK
268    5    4      3     0    32   100     4      1     1    8    4    3     1     0     0     0     0   32     0   218   225.0K    2.853     1535  OK
269    5    4      3     0    32    40     4      1     1    6    4    3     1     0     0     0     0   32     0   218   225.0K    2.854     1535  OK
270    5    4      3     1    32     0     2      1     1    8    0    1     1     0     0     0     0   32     0   223   225.0K    2.855     1534  OK
271    5    4      3     1    32     0     4      1     1    8    0    3     1     0     0     0     0   32     0   236   225.0K    2.855     1534  OK
272    5    4      3     1    32     0     4      1     1    2    0    1     1     0     0     0     0   32     0   214   225.0K    2.856     1534  OK
273    5    4      3     0    32    40     4      1     1    6    0    3     1     0     0     0     0   32     0   238   225.0K    2.857     1533  OK
274    5    4      3     1    32     0     2      1     1    1    4    1     1     0     0     0     0   32     0   188   225.0K    2.858     1532  OK
275    5    4      3     0    32   100     4      1     1    6    1    0     1     0     0     0     0   32     0   218   225.0K    2.858     1533  OK
276    4    4      3     1    32   120     2      1     1    4    0    0     1     0     0     0     0   32     0   242   193.0K    2.859     1532  OK
277    5    4      3     1    32     0     2      1     1    6    1    1     1     0     0     0     0   32     0   211   225.0K    2.859     1532  OK
278    5    4      3     0    32    40     2      1     1    6    0    0     1     0     0     0     0   32     0   234   225.0K    2.860     1531  OK
279    5    4      3     1    32     0     4      1     1    5    0    0     0     1     0     0     1   32     0   250   225.0K    2.860     1532  OK
280    5    4      1     1    32    40     2      1     1    5    0    0     1     0     0     0     0   32     0   242   225.0K    2.861     1531  OK
281    5    4      3     1    32     0     4      1     1    6    0    0     1     0     0     0     0   32     0   236   225.0K    2.861     1531  OK
282    5    4      3     1    32     0     4      1     1    6    4    1     1     0     0     0     0   32     0   209   225.0K    2.861     1531  OK
283    5    4      3     0    32    40     2      1     1    8    0    0     1     0     0     0     0   32     0   234   225.0K    2.861     1531  OK
284    5    4      3     1    32     0     2      1     1    2    4    1     1     0     0     0     0   32     0   188   225.0K    2.862     1530  OK
285    5    4      3     1    32     0     2      1     1    5    4    3     1     0     0     0     0   32     0   242   225.0K    2.862     1531  OK
286    4    4      3     1    32   100     2      1     1    4    0    0     1     0     0     0     0   32     0   242   193.0K    2.863     1530  OK
287    5    4      3     1    32     0     2      1     1    6    0    0     1     0     0     0     0   32     0   230   225.0K    2.866     1529  OK
288    5    4      3     1    32     0     2      1     1    2    0    0     1     0     0     0     0   32     0   216   225.0K    2.867     1528  OK
289    5    4      3     0    32    40     4      1     1    8    1    1     1     0     0     0     0   32     0   212   225.0K    2.869     1526  OK
290    5    4      3     0    32   100     4      1     1    2    0    1     1     0     0     0     0   32     0   214   225.0K    2.870     1526  OK
291    5    4      3     1    32     0     2      1     1    8    0    0     1     0     0     0     0   32     0   230   225.0K    2.873     1524  OK
292    5    4      3     1    32     0     2      1     1    8    0    3     1     0     0     0     0   32     0   230   225.0K    2.873     1525  OK
293    5    4      3     0    32    40     4      1     1    2    0    1     1     0     0     0     0   32     0   214   225.0K    2.875     1523  OK
294    5    4      1     1    32    80     2      1     1    5    0    0     1     0     0     0     0   32     0   242   225.0K    2.878     1522  OK
295    5    4      3     1    32     0     2      1     1    1    0    1     1     0     0     0     0   32     0   215   225.0K    2.878     1522  OK
296    5    4      3     0    32    40     4      1     1    6    1    3     1     0     0     0     0   32     0   218   225.0K    2.878     1522  OK
297    5    4      3     1    32     0     4      1     1    5    0    3     1     1     0     0     1   32     0   250   225.0K    2.879     1521  OK
298    4    4      1     1    32   160     2      1     1    4    0    0     1     0     0     0     0   32     0   240   193.0K    2.882     1520  OK
299    4    4      3     1    32     0     2      1     1    4    0    0     1     0     0     0     0   32     0   242   193.0K    2.882     1520  OK
300    5    4      3     1    32     0     4      1     1    5    0    3     0     1     0     0     1   32     0   250   225.0K    2.882     1520  OK
301    5    4      3     1    32     0     2      1     1    1    1    3     1     0     0     0     0   32     0   198   225.0K    2.884     1519  OK
302    4    4      3     1    32    40     2      1     1    4    0    0     1     0     0     0     0   32     0   242   193.0K    2.887     1517  OK
303    5    4      3     1    32     0     4      1     1    5    0    3     1     0     0     0     1   32     1   247   225.0K    2.889     1516  OK
304    5    4      3     1    32     0     2      1     1    2    4    3     1     0     0     0     0   32     0   198   225.0K    2.891     1515  OK
305    5    4      3     1    32     0     2      1     1    5    1    0     1     0     0     0     0   32     0   242   225.0K    2.893     1514  OK
306    4    4      1     1    32   200     2      1     1    4    0    0     1     0     0     0     0   32     0   240   193.0K    2.895     1513  OK
307    5    4      3     1    32     0     2      1     1    1    4    3     1     0     0     0     0   32     0   198   225.0K    2.896     1512  OK
308    4    4      1     1    32   120     2      1     1    4    0    0     1     0     0     0     0   32     0   240   193.0K    2.897     1512  OK
309    5    4      3     1    32     0     2      1     1    5    1    3     1     0     0     0     0   32     0   242   225.0K    2.897     1512  OK
310    5    4      3     0    32    40     2      1     1    6    0    3     1     0     0     0     0   32     0   234   225.0K    2.897     1512  OK
311    5    4      3     0    32    40     2      1     1    8    0    3     1     0     0     0     0   32     0   234   225.0K    2.901     1510  OK
312    4    4      1     1    32   100     2      1     1    4    0    0     1     0     0     0     0   32     0   240   193.0K    2.903     1509  OK
313    5    4      3     1    32     0     4      1     1    5    0    0     1     1     0     0     1   32     0   250   225.0K    2.907     1506  OK
314    5    4      3     1    32     0     2      1     1    2    1    0     1     0     0     0     0   32     0   198   225.0K    2.908     1506  OK
315    4    4      1     0    32   160     2      1     1    4    0    0     1     0     0     0     0   32     0   242   193.0K    2.909     1506  OK
316    5    4      3     0    32   100     2      1     1    2    4    0     1     0     0     0     0   32     0   195   225.0K    2.910     1505  OK
317    5    4      3     0    32   100     2      1     1    1    4    3     1     0     0     0     0   32     0   195   225.0K    2.911     1505  OK
318    5    4      3     1    32     0     2      1     1    1    4    0     1     0     0     0     0   32     0   198   225.0K    2.912     1504  OK
319    5    4      3     1    32     0     2      1     1    2    4    0     1     0     0     0     0   32     0   198   225.0K    2.912     1504  OK
320    5    4      3     0    32   100     2      1     1    2    1    3     1     0     0     0     0   32     0   195   225.0K    2.915     1503  OK
321    4    4      1     0    32   200     2      1     1    4    0    0     1     0     0     0     0   32     0   242   193.0K    2.916     1502  OK
322    5    4      3     0    32   100     2      1     1    6    4    1     1     0     0     0     0   32     0   206   225.0K    2.917     1501  OK
323    5    4      3     1    32     0     2      1     1    2    1    3     1     0     0     0     0   32     0   198   225.0K    2.918     1501  OK
324    5    4      3     0    32    40     4      1     1    1    0    1     1     0     0     0     0   32     0   214   225.0K    2.918     1501  OK
325    5    4      3     1    32     0     4      1     1    5    0    0     0     1     0     0     0   32     1   244   225.0K    2.918     1501  OK
326    5    4      1     0    32     0     2      1     1    5    0    0     1     0     0     0     0   32     0   240   225.0K    2.920     1500  OK
327    5    4      3     0    32   100     2      1     1    8    4    1     1     0     0     0     0   32     0   206   225.0K    2.920     1500  OK
328    5    4      3     0    32   100     2      1     1    5    4    1     1     0     0     0     0   32     0   206   225.0K    2.921     1499  OK
329    5    4      3     0    32   100     2      1     1    2    0    0     1     0     0     0     0   32     0   219   225.0K    2.922     1499  OK
330    5    4      3     0    32   100     2      1     1    1    0    0     1     0     0     0     0   32     0   219   225.0K    2.923     1498  OK
331    5    4      3     0    32   100     4      1     1    1    0    1     1     0     0     0     0   32     0   214   225.0K    2.926     1497  OK
332    4    4      1     0    32   100     2      1     1    4    0    0     1     0     0     0     0   32     0   242   193.0K    2.927     1496  OK
333    5    4      3     1    32     0     2      1     1    1    1    0     1     0     0     0     0   32     0   198   225.0K    2.927     1496  OK
334    5    4      3     0    32    40     2      1     1    1    0    0     1     0     0     0     0   32     0   219   225.0K    2.928     1496  OK
335    5    4      3     0    32   100     2      1     1    1    0    3     1     0     0     0     0   32     0   219   225.0K    2.929     1496  OK
336    5    4      3     0    32    40     2      1     1    1    0    3     1     0     0     0     0   32     0   219   225.0K    2.930     1495  OK
337    5    4      3     0    32    40     2      1     1    5    4    1     1     0     0     0     0   32     0   206   225.0K    2.930     1495  OK
338    5    4      3     0    32    40     2      1     1    8    4    1     1     0     0     0     0   32     0   206   225.0K    2.931     1494  OK
339    5    4      3     0    32   100     2      1     1    1    1    0     1     0     0     0     0   32     0   195   225.0K    2.931     1494  OK
340    5    4      3     0    32   100     2      1     1    2    1    0     1     0     0     0     0   32     0   195   225.0K    2.931     1495  OK
341    5    4      3     0    32   100     2      1     1    2    0    3     1     0     0     0     0   32     0   219   225.0K    2.931     1495  OK
342    5    4      3     0    32   100     2      1     1    8    1    1     1     0     0     0     0   32     0   206   225.0K    2.931     1494  OK
343    5    4      3     0    32   100     2      1     1    2    4    3     1     0     0     0     0   32     0   195   225.0K    2.932     1494  OK
344    5    4      3     0    32   100     2      1     1    5    1    1     1     0     0     0     0   32     0   206   225.0K    2.932     1494  OK
345    5    4      2     0    32   200     2      1     1    5    0    0     1     0     0     0     0   32     0   238   225.0K    2.933     1493  OK
346    5    4      3     0    32   100     2      1     1    2    0    1     1     0     0     0     0   32     0   211   225.0K    2.933     1493  OK
347    5    4      3     1    32     0     4      1     1    5    0    0     0     0     0     0     0   32     1   244   225.0K    2.936     1492  OK
348    4    4      1     0    32    80     2      1     1    4    0    0     1     0     0     0     0   32     0   242   193.0K    2.937     1491  OK
349    4    4      1     1    32    80     2      1     1    4    0    0     1     0     0     0     0   32     0   240   193.0K    2.937     1492  OK
350    5    4      3     0    32   100     2      1     1    6    1    1     1     0     0     0     0   32     0   206   225.0K    2.939     1490  OK
351    5    4      3     0    32    40     2      1     1    2    4    3     1     0     0     0     0   32     0   195   225.0K    2.946     1487  OK
352    5    4      3     0    32    40     2      1     1    2    4    0     1     0     0     0     0   32     0   195   225.0K    2.947     1486  OK
353    5    4      3     0    32    40     2      1     1    2    1    3     1     0     0     0     0   32     0   195   225.0K    2.947     1486  OK
354    5    4      3     0    32    40     2      1     1    1    4    3     1     0     0     0     0   32     0   195   225.0K    2.950     1485  OK
355    5    4      3     0    32   100     2      1     1    1    1    3     1     0     0     0     0   32     0   195   225.0K    2.950     1485  OK
356    5    4      3     0    32    40     2      1     1    6    4    1     1     0     0     0     0   32     0   206   225.0K    2.951     1484  OK
357    4    4      1     0    32   120     2      1     1    4    0    0     1     0     0     0     0   32     0   242   193.0K    2.952     1484  OK
358    5    4      3     0    32    40     2      1     1    1    1    3     1     0     0     0     0   32     0   195   225.0K    2.953     1483  OK
359    5    4      3     0    32    40     2      1     1    2    0    0     1     0     0     0     0   32     0   219   225.0K    2.953     1484  OK
360    5    4      3     0    32    40     2      1     1    8    1    1     1     0     0     0     0   32     0   206   225.0K    2.956     1482  OK
361    5    4      3     1    32     0     4      1     1    5    0    3     0     0     0     0     0   32     1   244   225.0K    2.956     1482  OK
362    5    4      3     0    32    40     2      1     1    2    1    0     1     0     0     0     0   32     0   195   225.0K    2.957     1481  OK
363    5    4      3     0    32    40     2      1     1    2    0    1     1     0     0     0     0   32     0   211   225.0K    2.959     1480  OK
364    4    4      1     1    32    60     2      1     1    4    0    0     1     0     0     0     0   32     0   240   193.0K    2.960     1480  OK
365    5    4      3     0    32    40     2      1     1    1    1    0     1     0     0     0     0   32     0   195   225.0K    2.960     1480  OK
366    5    4      3     1    32     0     4      1     1    5    0    3     0     1     0     0     0   32     1   244   225.0K    2.961     1479  OK
367    5    4      1     1    32     0     4      1     1    5    0    3     1     0     0     0     1   32     1   247   225.0K    2.961     1479  OK
368    5    4      3     0    32    40     2      1     1    5    1    1     1     0     0     0     0   32     0   206   225.0K    2.963     1478  OK
369    5    4      3     0    32   100     2      1     1    6    1    0     1     0     0     0     0   32     0   215   225.0K    2.963     1478  OK
370    5    4      3     0    32    40     2      1     1    1    1    1     1     0     0     0     0   32     0   186   225.0K    2.965     1477  OK
371    4    4      1     1    32    40     2      1     1    4    0    0     1     0     0     0     0   32     0   240   193.0K    2.967     1476  OK
372    5    4      3     0    32    40     2      1     1    2    0    3     1     0     0     0     0   32     0   219   225.0K    2.967     1476  OK
373    5    4      3     0    32   100     2      1     1    1    4    0     1     0     0     0     0   32     0   195   225.0K    2.968     1476  OK
374    5    4      3     0    32   100     2      1     1    1    4    1     1     0     0     0     0   32     0   186   225.0K    2.968     1476  OK
375    5    4      3     0    32   100     2      1     1    2    4    1     1     0     0     0     0   32     0   186   225.0K    2.970     1475  OK
376    4    4      1     1    32     0     2      1     1    4    0    0     1     0     0     0     0   32     0   241   193.0K    2.971     1474  OK
377    5    4      3     0    32    40     2      1     1    2    4    1     1     0     0     0     0   32     0   186   225.0K    2.972     1474  OK
378    5    4      3     0    32    40     2      1     1    1    4    1     1     0     0     0     0   32     0   186   225.0K    2.975     1472  OK
379    4    4      1     0    32    60     2      1     1    4    0    0     1     0     0     0     0   32     0   242   193.0K    2.977     1471  OK
380    5    4      2     0    32     0     2      1     1    5    0    0     1     0     0     0     0   32     0   239   225.0K    2.978     1471  OK
381    5    4      3     0    32   100     2      1     1    1    1    1     1     0     0     0     0   32     0   186   225.0K    2.979     1470  OK
382    5    4      3     0    32   100     2      1     1    1    0    1     1     0     0     0     0   32     0   211   225.0K    2.980     1470  OK
383    5    4      3     0    32    40     2      1     1    1    4    0     1     0     0     0     0   32     0   195   225.0K    2.985     1467  OK
384    5    4      3     0    32    40     2      1     1    1    0    1     1     0     0     0     0   32     0   211   225.0K    2.985     1468  OK
385    5    4      3     0    32   100     2      1     1    2    1    1     1     0     0     0     0   32     0   186   225.0K    2.985     1467  OK
386    5    4      3     0    32   100     2      1     1    8    1    0     1     0     0     0     0   32     0   215   225.0K    2.985     1467  OK
387    5    4      2     0    32   100     2      1     1    5    0    0     1     0     0     0     0   32     0   238   225.0K    2.986     1467  OK
388    5    4      3     0    32    40     2      1     1    6    1    1     1     0     0     0     0   32     0   206   225.0K    2.986     1467  OK
389    5    4      2     1    32    40     2      1     1    5    0    0     1     0     0     0     0   32     0   240   225.0K    2.988     1466  OK
390    5    4      3     0    32   100     2      1     1    6    1    3     1     0     0     0     0   32     0   215   225.0K    2.988     1466  OK
391    5    4      2     0    32   120     2      1     1    5    0    0     1     0     0     0     0   32     0   238   225.0K    2.989     1465  OK
392    5    4      2     1    32   200     2      1     1    5    0    0     1     0     0     0     0   32     0   240   225.0K    2.991     1464  OK
393    5    4      3     0    32   100     2      1     1    6    4    3     1     0     0     0     0   32     0   215   225.0K    2.993     1464  OK
394    4    4      1     0    32     0     2      1     1    4    0    0     1     0     0     0     0   32     0   242   193.0K    2.994     1463  OK
395    5    4      2     0    32    80     2      1     1    5    0    0     1     0     0     0     0   32     0   238   225.0K    2.995     1462  OK
396    5    4      3     1    32     0     4      1     1    5    0    0     0     0     0     0     1   32     1   247   225.0K    2.998     1461  OK
397    5    4      3     0    32    40     2      1     1    2    1    1     1     0     0     0     0   32     0   186   225.0K    3.001     1460  OK
398    5    4      3     0    32   100     2      1     1    8    1    3     1     0     0     0     0   32     0   215   225.0K    3.001     1459  OK
399    5    4      3     1    32     0     4      1     1    5    0    3     0     1     0     0     1   32     1   247   225.0K    3.004     1458  OK
400    5    4      2     0    32    60     2      1     1    5    0    0     1     0     0     0     0   32     0   238   225.0K    3.006     1457  OK
401    5    4      2     1    32     0     2      1     1    5    0    0     1     0     0     0     0   32     0   240   225.0K    3.007     1457  OK
402    5    4      3     0    32   100     2      1     1    8    4    0     1     0     0     0     0   32     0   215   225.0K    3.007     1457  OK
403    5    4      2     0    32    40     2      1     1    5    0    0     1     0     0     0     0   32     0   238   225.0K    3.009     1456  OK
404    5    4      2     1    32    60     2      1     1    5    0    0     1     0     0     0     0   32     0   240   225.0K    3.009     1456  OK
405    4    4      1     0    32    40     2      1     1    4    0    0     1     0     0     0     0   32     0   242   193.0K    3.009     1455  OK
406    5    4      3     0    32    40     2      1     1    6    4    3     1     0     0     0     0   32     0   215   225.0K    3.011     1455  OK
407    5    4      3     0    32   100     2      1     1    8    4    3     1     0     0     0     0   32     0   215   225.0K    3.011     1455  OK
408    5    4      3     1    32     0     4      1     1    5    0    0     0     1     0     0     1   32     1   247   225.0K    3.014     1453  OK
409    5    4      2     1    32   120     2      1     1    5    0    0     1     0     0     0     0   32     0   240   225.0K    3.018     1451  OK
410    5    4      3     0    32    40     2      1     1    6    1    0     1     0     0     0     0   32     0   215   225.0K    3.018     1451  OK
411    5    4      3     1    32     0     4      1     1    5    0    3     0     0     0     0     1   32     1   247   225.0K    3.018     1451  OK
412    5    4      3     0    32   100     2      1     1    6    4    0     1     0     0     0     0   32     0   215   225.0K    3.021     1450  OK
413    4    4      2     0    32   200     2      1     1    4    0    0     1     0     0     0     0   32     0   242   193.0K    3.024     1449  OK
414    5    4      3     0    32   100     2      1     1    5    0    1     1     0     0     0     0   32     0   225   225.0K    3.026     1447  OK
415    5    4      3     0    32    40     2      1     1    6    4    0     1     0     0     0     0   32     0   215   225.0K    3.027     1447  OK
416    5    4      3     0    32    40     2      1     1    8    1    3     1     0     0     0     0   32     0   215   225.0K    3.027     1447  OK
417    5    4      2     1    32   100     2      1     1    5    0    0     1     0     0     0     0   32     0   240   225.0K    3.028     1446  OK
418    4    4      2     0    32   160     2      1     1    4    0    0     1     0     0     0     0   32     0   242   193.0K    3.028     1447  OK
419    5    4      2     1    32   160     2      1     1    5    0    0     1     0     0     0     0   32     0   240   225.0K    3.031     1445  OK
420    5    4      3     0    32    40     2      1     1    6    1    3     1     0     0     0     0   32     0   215   225.0K    3.034     1443  OK
421    5    4      0     0    32   120     2      1     1    5    0    0     1     0     0     0     0   32     0   241   225.0K    3.038     1442  OK
422    5    4      2     0    32   160     2      1     1    5    0    0     1     0     0     0     0   32     0   238   225.0K    3.038     1442  OK
423    5    4      3     0    32    40     2      1     1    8    1    0     1     0     0     0     0   32     0   215   225.0K    3.039     1441  OK
424    5    4      2     0    32    80     2      1     1    5    0    0     1     0     0     0     0   32     0   238   225.0K    3.042     1440  OK
425    5    4      3     0    32    40     2      1     1    8    4    0     1     0     0     0     0   32     0   215   225.0K    3.045     1439  OK
426    5    4      3     0    32    40     2      1     1    8    4    3     1     0     0     0     0   32     0   215   225.0K    3.045     1438  OK
427    4    4      2     0    32    80     2      1     1    4    0    0     1     0     0     0     0   32     0   242   193.0K    3.051     1436  OK
428    5    4      3     1    32     0     4      0     1    1    1    1     1     0     0     0     0   32     0   190   225.0K    3.052     1435  OK
429    4    4      2     0    32    40     2      1     1    4    0    0     1     0     0     0     0   32     0   242   193.0K    3.056     1433  OK
430    5    4      3     0    32   100     2      1     1    6    0    1     1     0     0     0     0   32     0   225   225.0K    3.056     1433  OK
431    5    4      3     1    32     0     4      0     1    2    1    1     1     0     0     0     0   32     0   190   225.0K    3.061     1431  OK
432    4    4      2     1    32    80     2      1     1    4    0    0     1     0     0     0     0   32     0   240   193.0K    3.062     1430  OK
433    4    4      2     0    32    80     2      1     1    4    0    0     1     0     0     0     0   32     0   242   193.0K    3.069     1427  OK
434    4    4      2     1    32   160     2      1     1    4    0    0     1     0     0     0     0   32     0   240   193.0K    3.070     1427  OK
435    5    4      0     1    32    80     2      1     1    5    0    0     1     0     0     0     0   32     0   240   225.0K    3.072     1426  OK
436    5    4      2     1    32    80     2      1     1    5    0    0     1     0     0     0     0   32     0   240   225.0K    3.072     1426  OK
437    5    4      3     1    32     0     4      0     1    1    4    1     1     0     0     0     0   32     0   190   225.0K    3.072     1426  OK
438    4    4      2     0    32    60     2      1     1    4    0    0     1     0     0     0     0   32     0   242   193.0K    3.074     1425  OK
439    4    4      2     0    32     0     2      1     1    4    0    0     1     0     0     0     0   32     0   242   193.0K    3.078     1423  OK
440    5    4      0     0    32   160     2      1     1    5    0    0     1     0     0     0     0   32     0   241   225.0K    3.079     1423  OK
441    4    4      2     0    32   100     2      1     1    4    0    0     1     0     0     0     0   32     0   242   193.0K    3.080     1422  OK
442    4    4      2     0    32   120     2      1     1    4    0    0     1     0     0     0     0   32     0   242   193.0K    3.080     1422  OK
443    5    4      0     0    32    40     2      1     1    5    0    0     1     0     0     0     0   32     0   241   225.0K    3.084     1420  OK
444    5    4      0     0    32    60     2      1     1    5    0    0     1     0     0     0     0   32     0   241   225.0K    3.084     1420  OK
445    5    4      3     0    32    40     2      1     1    6    0    1     1     0     0     0     0   32     0   225   225.0K    3.084     1420  OK
446    5    4      3     1    32     0     4      0     1    5    1    3     1     0     0     0     0   32     0   246   225.0K    3.085     1420  OK
447    4    4      2     1    32     0     2      1     1    4    0    0     1     0     0     0     0   32     0   241   193.0K    3.086     1419  OK
448    5    4      0     1    32   120     2      1     1    5    0    0     1     0     0     0     0   32     0   240   225.0K    3.089     1418  OK
449    5    4      3     1    32     0     2      0     1    1    0    1     1     0     0     0     0   32     0   215   225.0K    3.089     1418  OK
450    4    4      2     1    32   120     2      1     1    4    0    0     1     0     0     0     0   32     0   240   193.0K    3.090     1418  OK
451    5    4      3     0    32   100     2      1     1    8    0    1     1     0     0     0     0   32     0   225   225.0K    3.091     1417  OK
452    5    4      3     1    32     0     4      0     1    5    1    0     1     0     0     0     0   32     0   246   225.0K    3.094     1416  OK
453    4    4      2     1    32   200     2      1     1    4    0    0     1     0     0     0     0   32     0   240   193.0K    3.097     1414  OK
454    4    4      2     1    32    40     2      1     1    4    0    0     1     0     0     0     0   32     0   240   193.0K    3.101     1412  OK
455    5    4      0     0    32   100     2      1     1    5    0    0     1     0     0     0     0   32     0   241   225.0K    3.102     1412  OK
456    5    4      3     1    32     0     2      0     1    1    4    1     1     0     0     0     0   32     0   188   225.0K    3.103     1412  OK
457    5    4      3     0    32    40     4      0     1    1    1    1     1     0     0     0     0   32     0   190   225.0K    3.104     1411  OK
458    5    4      3     0    32    40     2      1     1    5    0    1     1     0     0     0     0   32     0   225   225.0K    3.104     1411  OK
459    5    4      3     0    32   100     4      0     1    1    1    1     1     0     0     0     0   32     0   190   225.0K    3.104     1411  OK
460    4    4      0     1    32     0     2      1     1    4    0    0     1     0     0     0     0   32     0   241   193.0K    3.110     1408  OK
461    4    4      2     1    32   100     2      1     1    4    0    0     1     0     0     0     0   32     0   240   193.0K    3.110     1408  OK
462    3    4      2     0    32    80     2      1     1    3    0    0     1     0     0     0     0   32     0   204   161.0K    3.111     1408  OK
463    5    4      0     0    32   200     2      1     1    5    0    0     1     0     0     0     0   32     0   241   225.0K    3.112     1407  OK
464    5    4      3     1    32     0     2      0     1    1    1    1     1     0     0     0     0   32     0   188   225.0K    3.113     1407  OK
465    5    4      3     1    32     0     4      0     1    1    0    1     1     0     0     0     0   32     0   214   225.0K    3.114     1406  OK
466    5    4      0     1    32   160     2      1     1    5    0    0     1     0     0     0     0   32     0   240   225.0K    3.116     1406  OK
467    5    4      3     1    32     0     2      0     1    2    0    1     1     0     0     0     0   32     0   215   225.0K    3.117     1405  OK
468    5    4      3     1    32     0     2      0     1    2    1    1     1     0     0     0     0   32     0   188   225.0K    3.117     1405  OK
469    5    4      0     1    32    40     2      1     1    5    0    0     1     0     0     0     0   32     0   240   225.0K    3.119     1404  OK
470    5    4      0     1    32   200     2      1     1    5    0    0     1     0     0     0     0   32     0   240   225.0K    3.119     1404  OK
471    4    4      2     1    32    60     2      1     1    4    0    0     1     0     0     0     0   32     0   240   193.0K    3.119     1404  OK
472    5    4      3     1    32     0     4      0     1    1    1    0     1     0     0     0     0   32     0   198   225.0K    3.119     1404  OK
473    5    4      0     1    32   100     2      1     1    5    0    0     1     0     0     0     0   32     0   240   225.0K    3.121     1403  OK
474    5    4      3     0    32   100     4      0     1    2    1    1     1     0     0     0     0   32     0   190   225.0K    3.121     1403  OK
475    5    4      3     1    32     0     2      0     1    2    4    1     1     0     0     0     0   32     0   188   225.0K    3.122     1403  OK
476    5    4      3     1    32     0     4      0     1    1    1    3     1     0     0     0     0   32     0   198   225.0K    3.123     1403  OK
477    5    4      0     1    32     0     2      1     1    5    0    0     1     0     0     0     0   32     0   240   225.0K    3.124     1402  OK
478    5    4      0     1    32    60     2      1     1    5    0    0     1     0     0     0     0   32     0   240   225.0K    3.125     1402  OK
479    5    4      3     1    32     0     4      0     1    5    4    3     1     0     0     0     0   32     0   246   225.0K    3.126     1401  OK
480    5    4      3     0    32    40     4      0     1    2    1    1     1     0     0     0     0   32     0   190   225.0K    3.126     1401  OK
481    5    4      3     1    32     0     4      0     1    2    1    0     1     0     0     0     0   32     0   198   225.0K    3.127     1401  OK
482    5    4      1     1    32     0     2      1     1    5    0    3     1     0     4     0     0   32     1   240   225.0K    3.128     1400  OK
483    5    4      3     1    32     0     4      0     1    2    1    3     1     0     0     0     0   32     0   198   225.0K    3.130     1399  OK
484    5    4      3     1    32     0     4      0     1    5    4    0     1     0     0     0     0   32     0   246   225.0K    3.130     1399  OK
485    5    4      3     1    32     0     4      0     1    2    0    1     1     0     0     0     0   32     0   214   225.0K    3.132     1398  OK
486    5    4      0     0    32    80     2      1     1    5    0    0     1     0     0     0     0   32     0   241   225.0K    3.140     1395  OK
487    5    4      3     0    32    40     2      1     1    8    0    1     1     0     0     0     0   32     0   225   225.0K    3.142     1394  OK
488    5    4      3     1    32     0     4      0     1    8    1    1     1     0     0     0     0   32     0   209   225.0K    3.145     1393  OK
489    5    4      3     1    32     0     4      0     1    6    1    1     1     0     0     0     0   32     0   209   225.0K    3.146     1392  OK
490    5    4      3     1    32     0     4      0     1    5    1    1     1     0     0     0     0   32     0   209   225.0K    3.147     1392  OK
491    4    4      0     1    32   120     2      1     1    4    0    0     1     0     0     0     0   32     0   240   193.0K    3.155     1388  OK
492    5    4      3     1    32     0     4      0     1    6    1    3     1     0     0     0     0   32     0   218   225.0K    3.167     1383  OK
493    5    4      3     1    32     0     4      0     1    6    1    0     1     0     0     0     0   32     0   218   225.0K    3.168     1383  OK
494    5    4      3     1    32     0     4      0     1    8    1    0     1     0     0     0     0   32     0   218   225.0K    3.169     1382  OK
495    5    4      3     1    32     0     4      0     1    8    1    3     1     0     0     0     0   32     0   218   225.0K    3.169     1382  OK
496    4    4      0     1    32   200     2      1     1    4    0    0     1     0     0     0     0   32     0   240   193.0K    3.172     1381  OK
497    4    4      0     1    32    60     2      1     1    4    0    0     1     0     0     0     0   32     0   240   193.0K    3.177     1379  OK
498    5    4      3     1    32     0     4      0     1    1    4    3     1     0     0     0     0   32     0   198   225.0K    3.178     1378  OK
499    5    4      3     1    32     0     4      0     1    1    4    0     1     0     0     0     0   32     0   198   225.0K    3.179     1378  OK
500    5    4      3     1    32     0     4      0     1    5    0    0     1     0     0     0     0   32     0   244   225.0K    3.180     1377  OK
501    5    4      3     1    32     0     4      0     1    5    0    3     1     0     0     0     0   32     0   244   225.0K    3.180     1377  OK
502    5    4      3     1    32     0     4      0     1    2    4    0     1     0     0     0     0   32     0   198   225.0K    3.181     1377  OK
503    5    4      3     1    32     0     4      0     1    8    4    3     1     0     0     0     0   32     0   218   225.0K    3.182     1376  OK
504    5    4      3     1    32     0     4      0     1    2    4    1     1     0     0     0     0   32     0   190   225.0K    3.183     1376  OK
505    5    4      3     1    32     0     4      0     1    2    4    3     1     0     0     0     0   32     0   198   225.0K    3.184     1376  OK
506    5    4      3     1    32     0     4      0     1    6    4    0     1     0     0     0     0   32     0   218   225.0K    3.184     1376  OK
507    5    4      3     1    32     0     4      0     1    6    4    3     1     0     0     0     0   32     0   218   225.0K    3.184     1376  OK
508    5    4      3     1    32     0     4      0     1    8    4    0     1     0     0     0     0   32     0   218   225.0K    3.185     1375  OK
509    5    4      3     0    32    40     4      0     1    5    1    0     1     0     0     0     0   32     0   244   225.0K    3.185     1375  OK
510    5    4      3     0    32    40     4      0     1    5    1    3     1     0     0     0     0   32     0   244   225.0K    3.185     1375  OK
511    4    4      0     0    32    40     2      1     1    4    0    0     1     0     0     0     0   32     0   242   193.0K    3.188     1374  OK
512    5    4      3     1    32     0     4      0     1    1    0    3     1     0     0     0     0   32     0   220   225.0K    3.188     1374  OK
513    5    4      3     1    32     0     4      0     1    2    0    0     1     0     0     0     0   32     0   220   225.0K    3.189     1373  OK
514    5    4      3     1    32     0     2      0     1    8    1    3     1     0     0     0     0   32     0   210   225.0K    3.189     1373  OK
515    5    4      3     1    32     0     2      0     1    6    1    0     1     0     0     0     0   32     0   210   225.0K    3.190     1373  OK
516    5    4      3     1    32     0     2      0     1    6    1    3     1     0     0     0     0   32     0   210   225.0K    3.190     1373  OK
517    5    4      3     1    32     0     2      0     1    8    1    0     1     0     0     0     0   32     0   210   225.0K    3.190     1373  OK
518    5    4      3     1    32     0     4      0     1    1    0    0     1     0     0     0     0   32     0   220   225.0K    3.191     1372  OK
519    4    4      0     1    32   160     2      1     1    4    0    0     1     0     0     0     0   32     0   240   193.0K    3.192     1372  OK
520    5    4      3     0    32   100     4      0     1    5    1    0     1     0     0     0     0   32     0   244   225.0K    3.192     1372  OK
521    5    4      3     1    32     0     4      0     1    6    4    1     1     0     0     0     0   32     0   209   225.0K    3.193     1372  OK
522    5    4      3     1    32     0     4      0     1    8    4    1     1     0     0     0     0   32     0   209   225.0K    3.193     1372  OK
523    5    4      3     0    32   100     4      0     1    1    4    1     1     0     0     0     0   32     0   190   225.0K    3.193     1372  OK
524    5    4      3     1    32     0     4      0     1    5    4    1     1     0     0     0     0   32     0   209   225.0K    3.194     1371  OK
525    5    4      3     1    32     0     1      1     1    2    1    0     1     0     0     0     0   32     0   152   225.0K    3.195     1371  OK
526    5    4      3     1    32     0     4      0     1    2    0    3     1     0     0     0     0   32     0   220   225.0K    3.195     1371  OK
527    5    4      3     0    32   100     4      0     1    5    1    3     1     0     0     0     0   32     0   244   225.0K    3.196     1371  OK
528    5    4      3     1    32     0     1      1     1    1    4    3     1     0     0     0     0   32     0   152   225.0K    3.198     1370  OK
529    5    4      3     0    32    40     4      0     1    1    4    1     1     0     0     0     0   32     0   190   225.0K    3.198     1370  OK
530    4    4      0     1    32    80     2      1     1    4    0    0     1     0     0     0     0   32     0   240   193.0K    3.199     1369  OK
531    5    4      3     1    32     0     2      0     1    8    4    3     1     0     0     0     0   32     0   210   225.0K    3.200     1369  OK
532    5    4      3     1    32     0     2      0     1    6    4    3     1     0     0     0     0   32     0   210   225.0K    3.201     1369  OK
533    5    4      3     1    32     0     2      0     1    8    4    0     1     0     0     0     0   32     0   210   225.0K    3.201     1368  OK
534    4    4      0     1    32   100     2      1     1    4    0    0     1     0     0     0     0   32     0   240   193.0K    3.202     1368  OK
535    5    4      3     1    32     0     2      0     1    6    4    0     1     0     0     0     0   32     0   210   225.0K    3.202     1368  OK
536    5    4      3     0    32   100     2      0     1    5    1    3     1     0     0     0     0   32     0   241   225.0K    3.204     1367  OK
537    5    4      3     0    32   100     2      0     1    5    1    0     1     0     0     0     0   32     0   241   225.0K    3.205     1367  OK
538    4    4      0     0    32    80     2      1     1    4    0    0     1     0     0     0     0   32     0   242   193.0K    3.207     1366  OK
539    4    4      0     0    32    60     2      1     1    4    0    0     1     0     0     0     0   32     0   242   193.0K    3.209     1365  OK
540    4    4      0     0    32   200     2      1     1    4    0    0     1     0     0     0     0   32     0   242   193.0K    3.210     1365  OK
541    5    4      3     1    32     0     2      0     1    6    1    1     1     0     0     0     0   32     0   210   225.0K    3.210     1365  OK
542    5    4      3     0    32    40     4      0     1    5    0    3     1     0     0     0     0   32     0   244   225.0K    3.210     1364  OK
543    5    4      3     1    32     0     2      0     1    5    1    1     1     0     0     0     0   32     0   210   225.0K    3.212     1364  OK
544    5    4      3     1    32     0     2      0     1    6    0    0     1     0     0     0     0   32     0   232   225.0K    3.213     1363  OK
545    5    4      3     1    32     0     2      0     1    6    0    3     1     0     0     0     0   32     0   232   225.0K    3.213     1363  OK
546    5    4      3     1    32     0     2      0     1    8    0    3     1     0     0     0     0   32     0   232   225.0K    3.213     1363  OK
547    5    4      3     0    32    40     4      0     1    5    0    0     1     0     0     0     0   32     0   244   225.0K    3.214     1363  OK
548    5    4      3     1    32     0     2      0     1    8    0    0     1     0     0     0     0   32     0   232   225.0K    3.215     1362  OK
549    4    4      0     0    32   160     2      1     1    4    0    0     1     0     0     0     0   32     0   242   193.0K    3.216     1362  OK
550    5    4      3     1    32     0     2      0     1    5    0    1     1     0     0     0     0   32     0   222   225.0K    3.216     1362  OK
551    5    4      3     1    32     0     2      0     1    6    0    1     1     0     0     0     0   32     0   222   225.0K    3.216     1362  OK
552    5    4      3     1    32     0     2      0     1    8    0    1     1     0     0     0     0   32     0   222   225.0K    3.216     1362  OK
553    5    4      3     1    32     0     2      0     1    8    1    1     1     0     0     0     0   32     0   210   225.0K    3.216     1362  OK
554    5    4      0     0    32     0     2      1     1    5    0    0     1     0     0     0     0   32     0   240   225.0K    3.217     1361  OK
555    5    4      3     0    32   100     4      0     1    5    0    0     1     0     0     0     0   32     0   244   225.0K    3.220     1360  OK
556    5    4      3     1    32     0     1      1     1    5    1    1     1     0     0     0     0   32     0   163   225.0K    3.221     1360  OK
557    5    4      3     0    32   100     4      0     1    5    0    3     1     0     0     0     0   32     0   244   225.0K    3.221     1360  OK
558    4    4      0     0    32     0     2      1     1    4    0    0     1     0     0     0     0   32     0   242   193.0K    3.229     1356  OK
559    5    4      3     1    32     0     2      0     1    1    0    3     1     0     0     0     0   32     0   214   225.0K    3.230     1356  OK
560    5    4      3     1    32     0     4      0     1    6    0    1     1     0     0     0     0   32     0   230   225.0K    3.231     1356  OK
561    5    4      3     1    32     0     4      0     1    5    0    1     1     0     0     0     0   32     0   230   225.0K    3.232     1355  OK
562    5    4      3     1    32     0     4      0     1    8    0    1     1     0     0     0     0   32     0   230   225.0K    3.232     1355  OK
563    5    4      3     1    32     0     2      0     1    1    0    0     1     0     0     0     0   32     0   214   225.0K    3.233     1355  OK
564    5    4      3     1    32     0     1      1     1    1    1    0     1     0     0     0     0   32     0   152   225.0K    3.235     1354  OK
565    5    4      3     0    32    40     2      0     1    5    1    0     1     0     0     0     0   32     0   241   225.0K    3.236     1354  OK
566    5    4      3     0    32    40     2      0     1    5    1    3     1     0     0     0     0   32     0   241   225.0K    3.236     1354  OK
567    4    4      0     0    32   100     2      1     1    4    0    0     1     0     0     0     0   32     0   242   193.0K    3.237     1353  OK
568    5    4      3     1    32     0     2      0     1    2    0    0     1     0     0     0     0   32     0   214   225.0K    3.237     1353  OK
569    5    4      3     1    32     0     1      1     1    6    1    1     1     0     0     0     0   32     0   163   225.0K    3.237     1353  OK
570    5    4      3     1    32     0     2      0     1    2    0    3     1     0     0     0     0   32     0   214   225.0K    3.238     1353  OK
571    5    4      3     0    32   100     4      0     1    2    4    1     1     0     0     0     0   32     0   190   225.0K    3.239     1352  OK
572    5    4      3     1    32     0     2      0     1    5    1    3     1     0     0     0     0   32     0   242   225.0K    3.240     1352  OK
573    4    4      0     1    32    40     2      1     1    4    0    0     1     0     0     0     0   32     0   240   193.0K    3.241     1352  OK
574    5    4      3     1    32     0     1      1     1    1    4    0     1     0     0     0     0   32     0   152   225.0K    3.241     1351  OK
575    5    4      3     1    32     0     2      0     1    5    1    0     1     0     0     0     0   32     0   242   225.0K    3.241     1352  OK
576    5    4      3     0    32    40     4      0     1    2    4    1     1     0     0     0     0   32     0   190   225.0K    3.241     1351  OK
577    5    4      3     1    32     0     1      1     1    2    4    0     1     0     0     0     0   32     0   152   225.0K    3.246     1350  OK
578    5    4      3     1    32     0     1      1     1    2    1    3     1     0     0     0     0   32     0   152   225.0K    3.248     1349  OK
579    5    4      3     1    32     0     1      1     1    8    1    1     1     0     0     0     0   32     0   163   225.0K    3.248     1349  OK
580    5    4      3     1    32     0     1      1     1    2    4    3     1     0     0     0     0   32     0   152   225.0K    3.249     1348  OK
581    5    4      3     0    32    40     4      0     1    5    4    0     1     0     0     0     0   32     0   244   225.0K    3.255     1346  OK
582    5    4      3     0    32    40     4      0     1    5    4    3     1     0     0     0     0   32     0   244   225.0K    3.255     1346  OK
583    5    4      3     0    32   100     4      0     1    5    4    3     1     0     0     0     0   32     0   244   225.0K    3.255     1346  OK
584    5    4      3     1    32     0     4      0     1    8    0    0     1     0     0     0     0   32     0   236   225.0K    3.258     1344  OK
585    5    4      3     1    32     0     4      0     1    6    0    0     1     0     0     0     0   32     0   236   225.0K    3.259     1344  OK
586    5    4      3     1    32     0     4      0     1    6    0    3     1     0     0     0     0   32     0   236   225.0K    3.259     1344  OK
587    5    4      3     1    32     0     2      0     1    5    4    1     1     0     0     0     0   32     0   210   225.0K    3.261     1343  OK
588    5    4      3     1    32     0     2      0     1    6    4    1     1     0     0     0     0   32     0   210   225.0K    3.261     1343  OK
589    5    4      3     1    32     0     1      1     1    8    0    1     1     0     0     0     0   32     0   181   225.0K    3.261     1343  OK
590    5    4      3     1    32     0     4      0     1    8    0    3     1     0     0     0     0   32     0   236   225.0K    3.261     1343  OK
591    5    4      3     0    32   100     4      0     1    5    4    0     1     0     0     0     0   32     0   244   225.0K    3.261     1343  OK
592    5    4      3     1    32     0     2      0     1    8    4    1     1     0     0     0     0   32     0   210   225.0K    3.263     1342  OK
593    4    4      0     0    32   120     2      1     1    4    0    0     1     0     0     0     0   32     0   242   193.0K    3.267     1341  OK
594    5    4      3     1    32     0     1      1     1    5    0    3     1     0     0     0     0   32     0   238   225.0K    3.267     1341  OK
595    5    4      3     0    32    40     1      1     1    5    4    1     1     0     0     0     0   32     0   163   225.0K    3.271     1339  OK
596    5    4      3     0    32   100     2      0     1    1    1    1     1     0     0     0     0   32     0   186   225.0K    3.272     1339  OK
597    5    4      3     0    32    40     4      0     1    5    1    1     1     0     0     0     0   32     0   212   225.0K    3.273     1338  OK
598    5    4      3     0    32   100     4      0     1    6    1    0     1     0     0     0     0   32     0   218   225.0K    3.273     1338  OK
599    5    4      3     0    32    40     4      0     1    8    1    1     1     0     0     0     0   32     0   212   225.0K    3.276     1337  OK
600    5    4      3     0    32   100     4      0     1    6    1    3     1     0     0     0     0   32     0   218   225.0K    3.276     1337  OK
601    5    4      3     0    32   100     4      0     1    8    1    3     1     0     0     0     0   32     0   218   225.0K    3.276     1337  OK
602    5    4      3     1    32     0     1      1     1    8    4    1     1     0     0     0     0   32     0   163   225.0K    3.277     1336  OK
603    5    4      3     0    32    40     4      0     1    6    1    1     1     0     0     0     0   32     0   212   225.0K    3.277     1337  OK
604    5    4      3     0    32   100     4      0     1    8    1    0     1     0     0     0     0   32     0   218   225.0K    3.277     1337  OK
605    5    4      3     1    32     0     1      1     1    1    0    3     1     0     0     0     0   32     0   175   225.0K    3.278     1336  OK
606    5    4      3     0    32   100     1      1     1    1    4    0     1     0     0     0     0   32     0   152   225.0K    3.278     1336  OK
607    5    4      3     0    32    40     1      1     1    2    0    1     1     0     0     0     0   32     0   168   225.0K    3.279     1336  OK
608    5    4      3     0    32   100     4      0     1    8    1    1     1     0     0     0     0   32     0   212   225.0K    3.279     1336  OK
609    5    4      3     1    32     0     1      1     1    2    0    0     1     0     0     0     0   32     0   175   225.0K    3.280     1335  OK
610    5    4      3     0    32    40     4      0     1    6    1    0     1     0     0     0     0   32     0   218   225.0K    3.281     1335  OK
611    5    4      3     0    32    40     4      0     1    8    1    3     1     0     0     0     0   32     0   218   225.0K    3.281     1335  OK
612    5    4      3     0    32    40     4      0     1    8    1    0     1     0     0     0     0   32     0   218   225.0K    3.282     1335  OK
613    5    4      3     0    32   100     2      0     1    2    1    1     1     0     0     0     0   32     0   186   225.0K    3.282     1334  OK
614    5    4      3     1    32     0     1      1     1    1    1    3     1     0     0     0     0   32     0   152   225.0K    3.283     1334  OK
615    5    4      3     1    32     0     1      1     1    6    0    3     1     0     0     0     0   32     0   189   225.0K    3.283     1334  OK
616    5    4      3     0    32    40     1      1     1    2    4    3     1     0     0     0     0   32     0   152   225.0K    3.283     1334  OK
617    5    4      3     0    32   100     2      0     1    1    4    1     1     0     0     0     0   32     0   186   225.0K    3.283     1334  OK
618    5    4      3     0    32   100     1      1     1    2    4    0     1     0     0     0     0   32     0   152   225.0K    3.283     1334  OK
619    5    4      3     0    32   100     4      0     1    5    1    1     1     0     0     0     0   32     0   212   225.0K    3.283     1334  OK
620    5    4      3     0    32    40     4      0     1    6    1    3     1     0     0     0     0   32     0   218   225.0K    3.285     1333  OK
621    5    4      3     1    32     0     1      1     1    2    0    1     1     0     0     0     0   32     0   167   225.0K    3.286     1333  OK
622    5    4      3     0    32    40     1      1     1    5    0    0     1     0     0     0     0   32     0   239   225.0K    3.286     1333  OK
623    5    4      3     1    32     0     1      1     1    5    4    1     1     0     0     0     0   32     0   163   225.0K    3.287     1333  OK
624    5    4      3     0    32   100     4      0     1    6    1    1     1     0     0     0     0   32     0   212   225.0K    3.287     1333  OK
625    5    4      3     1    32     0     2      0     1    5    4    0     1     0     0     0     0   32     0   242   225.0K    3.288     1332  OK
626    5    4      3     0    32    40     1      1     1    1    1    0     1     0     0     0     0   32     0   152   225.0K    3.288     1332  OK
627    5    4      3     0    32    40     4      0     1    2    1    0     1     0     0     0     0   32     0   198   225.0K    3.289     1332  OK
628    5    4      3     0    32   100     1      1     1    1    1    1     1     0     0     0     0   32     0   144   225.0K    3.289     1332  OK
629    5    4      3     1    32     0     1      1     1    1    0    1     1     0     0     0     0   32     0   167   225.0K    3.290     1331  OK
630    5    4      3     0    32    40     4      0     1    1    1    3     1     0     0     0     0   32     0   198   225.0K    3.290     1331  OK
631    5    4      3     0    32   100     1      1     1    1    1    0     1     0     0     0     0   32     0   152   225.0K    3.290     1332  OK
632    5    4      3     0    32   100     2      0     1    5    4    3     1     0     0     0     0   32     0   241   225.0K    3.290     1331  OK
633    5    4      3     0    32   100     1      1     1    6    4    1     1     0     0     0     0   32     0   163   225.0K    3.290     1331  OK
634    5    4      3     0    32    40     4      0     1    1    1    0     1     0     0     0     0   32     0   198   225.0K    3.291     1331  OK
635    5    4      3     0    32    40     4      0     1    2    1    3     1     0     0     0     0   32     0   198   225.0K    3.291     1331  OK
636    5    4      3     0    32   100     4      0     1    1    1    0     1     0     0     0     0   32     0   198   225.0K    3.291     1331  OK
637    5    4      3     1    32     0     2      0     1    5    4    3     1     0     0     0     0   32     0   242   225.0K    3.292     1331  OK
638    5    4      3     1    32     0     1      1     1    6    0    0     1     0     0     0     0   32     0   189   225.0K    3.292     1331  OK
639    5    4      3     0    32    40     1      1     1    2    1    0     1     0     0     0     0   32     0   152   225.0K    3.292     1331  OK
640    5    4      3     0    32    40     1      1     1    2    4    0     1     0     0     0     0   32     0   152   225.0K    3.292     1331  OK
641    5    4      3     0    32   100     4      0     1    1    1    3     1     0     0     0     0   32     0   198   225.0K    3.293     1330  OK
642    5    4      3     0    32   100     1      1     1    2    1    1     1     0     0     0     0   32     0   144   225.0K    3.293     1330  OK
643    5    4      3     0    32   100     2      0     1    5    4    0     1     0     0     0     0   32     0   241   225.0K    3.293     1330  OK
644    5    4      3     1    32     0     2      0     1    5    0    3     1     0     0     0     0   32     0   239   225.0K    3.295     1329  OK
645    5    4      3     0    32   100     1      1     1    1    0    0     1     0     0     0     0   32     0   175   225.0K    3.295     1329  OK
646    5    4      3     1    32     0     1      1     1    5    0    1     1     0     0     0     0   32     0   181   225.0K    3.296     1329  OK
647    5    4      3     1    32     0     2      0     1    5    0    0     1     0     0     0     0   32     0   239   225.0K    3.296     1329  OK
648    5    4      3     0    32    40     1      1     1    1    4    0     1     0     0     0     0   32     0   152   225.0K    3.296     1329  OK
649    5    4      3     0    32   100     4      0     1    2    1    3     1     0     0     0     0   32     0   198   225.0K    3.296     1329  OK
650    5    4      3     0    32   100     1      1     1    1    1    3     1     0     0     0     0   32     0   152   225.0K    3.297     1329  OK
651    5    4      3     0    32   100     4      0     1    2    1    0     1     0     0     0     0   32     0   198   225.0K    3.297     1328  OK
652    5    4      3     0    32   100     1      1     1    2    0    1     1     0     0     0     0   32     0   168   225.0K    3.298     1328  OK
653    5    4      3     0    32   100     1      1     1    6    1    3     1     0     0     0     0   32     0   172   225.0K    3.298     1328  OK
654    5    4      3     0    32    40     1      1     1    1    1    3     1     0     0     0     0   32     0   152   225.0K    3.299     1328  OK
655    5    4      3     1    32     0     1      1     1    1    0    0     1     0     0     0     0   32     0   175   225.0K    3.302     1327  OK
656    5    4      3     1    32     0     1      1     1    2    0    3     1     0     0     0     0   32     0   175   225.0K    3.302     1326  OK
657    5    4      3     0    32   100     1      1     1    1    0    1     1     0     0     0     0   32     0   168   225.0K    3.302     1327  OK
658    5    4      3     1    32     0     1      1     1    5    4    0     1     0     0     0     0   32     0   219   225.0K    3.303     1326  OK
659    5    4      3     1    32     0     1      1     1    5    4    3     1     0     0     0     0   32     0   219   225.0K    3.303     1326  OK
660    5    4      3     1    32     0     1      1     1    5    1    0     1     0     0     0     0   32     0   219   225.0K    3.304     1326  OK
661    5    4      3     1    32     0     1      1     1    6    0    1     1     0     0     0     0   32     0   181   225.0K    3.304     1326  OK
662    5    4      3     0    32    40     1      1     1    1    4    3     1     0     0     0     0   32     0   152   225.0K    3.305     1325  OK
663    5    4      3     0    32    40     1      1     1    1    0    0     1     0     0     0     0   32     0   175   225.0K    3.306     1325  OK
664    5    4      3     0    32   100     2      0     1    2    4    1     1     0     0     0     0   32     0   186   225.0K    3.307     1324  OK
665    5    4      3     1    32     0     1      1     1    8    1    0     1     0     0     0     0   32     0   170   225.0K    3.308     1324  OK
666    5    4      3     0    32    40     1      1     1    6    4    1     1     0     0     0     0   32     0   163   225.0K    3.308     1324  OK
667    5    4      3     1    32     0     1      1     1    1    4    1     1     0     0     0     0   32     0   144   225.0K    3.309     1324  OK
668    5    4      3     1    32     0     1      1     1    2    4    1     1     0     0     0     0   32     0   144   225.0K    3.309     1324  OK
669    5    4      3     1    32     0     1      1     1    5    1    3     1     0     0     0     0   32     0   219   225.0K    3.309     1324  OK
670    5    4      3     0    32    40     1      1     1    5    4    3     1     0     0     0     0   32     0   221   225.0K    3.309     1324  OK
671    5    4      3     0    32   100     1      1     1    1    0    3     1     0     0     0     0   32     0   175   225.0K    3.309     1324  OK
672    5    4      3     1    32     0     1      1     1    8    0    0     1     0     0     0     0   32     0   189   225.0K    3.310     1323  OK
673    5    4      3     0    32    40     1      1     1    8    1    1     1     0     0     0     0   32     0   163   225.0K    3.310     1323  OK
674    5    4      3     0    32   100     1      1     1    1    4    3     1     0     0     0     0   32     0   152   225.0K    3.310     1323  OK
675    5    4      3     0    32    40     1      1     1    5    0    3     1     0     0     0     0   32     0   239   225.0K    3.311     1323  OK
676    5    4      3     0    32   100     1      1     1    1    4    1     1     0     0     0     0   32     0   144   225.0K    3.311     1323  OK
677    5    4      3     0    32    40     2      0     1    5    0    3     1     0     0     0     0   32     0   240   225.0K    3.312     1323  OK
678    5    4      3     0    32    40     1      1     1    8    1    3     1     0     0     0     0   32     0   172   225.0K    3.312     1323  OK
679    5    4      3     1    32     0     1      1     1    6    4    1     1     0     0     0     0   32     0   163   225.0K    3.313     1322  OK
680    5    4      3     0    32    40     1      1     1    6    0    0     1     0     0     0     0   32     0   191   225.0K    3.313     1322  OK
681    5    4      3     0    32    40     1      1     1    6    1    1     1     0     0     0     0   32     0   163   225.0K    3.313     1322  OK
682    5    4      3     0    32   100     1      1     1    2    0    0     1     0     0     0     0   32     0   175   225.0K    3.313     1322  OK
683    5    4      3     0    32   100     1      1     1    5    1    1     1     0     0     0     0   32     0   163   225.0K    3.313     1322  OK
684    5    4      3     1    32     0     1      1     1    2    1    1     1     0     0     0     0   32     0   144   225.0K    3.314     1322  OK
685    5    4      3     0    32    40     1      1     1    2    1    1     1     0     0     0     0   32     0   144   225.0K    3.314     1322  OK
686    5    4      3     0    32   100     1      1     1    5    4    1     1     0     0     0     0   32     0   163   225.0K    3.314     1322  OK
687    5    4      3     0    32    40     1      1     1    1    1    1     1     0     0     0     0   32     0   144   225.0K    3.315     1321  OK
688    5    4      3     1    32     0     1      1     1    1    1    1     1     0     0     0     0   32     0   144   225.0K    3.316     1321  OK
689    5    4      3     0    32    40     2      0     1    5    0    0     1     0     0     0     0   32     0   240   225.0K    3.316     1321  OK
690    5    4      3     0    32   100     1      1     1    2    1    3     1     0     0     0     0   32     0   152   225.0K    3.316     1321  OK
691    5    4      3     0    32   100     1      1     1    8    0    0     1     0     0     0     0   32     0   191   225.0K    3.316     1321  OK
692    5    4      3     1    32     0     1      1     1    8    4    0     1     0     0     0     0   32     0   170   225.0K    3.317     1321  OK
693    5    4      3     0    32    40     2      0     1    1    1    1     1     0     0     0     0   32     0   186   225.0K    3.317     1320  OK
694    5    4      3     0    32    40     1      1     1    2    4    1     1     0     0     0     0   32     0   144   225.0K    3.317     1320  OK
695    5    4      3     0    32    40     1      1     1    2    1    3     1     0     0     0     0   32     0   152   225.0K    3.317     1321  OK
696    5    4      3     1    32     0     1      1     1    8    1    3     1     0     0     0     0   32     0   170   225.0K    3.318     1320  OK
697    5    4      3     1    32     0     1      1     1    6    1    0     1     0     0     0     0   32     0   170   225.0K    3.321     1319  OK
698    5    4      3     0    32   100     1      1     1    2    4    1     1     0     0     0     0   32     0   144   225.0K    3.321     1319  OK
699    5    4      3     0    32   100     1      1     1    6    0    0     1     0     0     0     0   32     0   191   225.0K    3.322     1319  OK
700    5    4      3     0    32    40     1      1     1    6    4    3     1     0     0     0     0   32     0   172   225.0K    3.323     1318  OK
701    5    4      3     1    32     0     1      1     1    6    1    3     1     0     0     0     0   32     0   170   225.0K    3.325     1317  OK
702    5    4      3     0    32   100     1      1     1    2    1    0     1     0     0     0     0   32     0   152   225.0K    3.326     1317  OK
703    5    4      3     0    32    40     2      0     1    2    1    1     1     0     0     0     0   32     0   186   225.0K    3.327     1317  OK
704    5    4      3     0    32    40     1      1     1    1    4    1     1     0     0     0     0   32     0   144   225.0K    3.328     1316  OK
705    5    4      3     0    32    40     1      1     1    8    0    3     1     0     0     0     0   32     0   191   225.0K    3.328     1316  OK
706    5    4      3     0    32    40     4      0     1    5    4    1     1     0     0     0     0   32     0   212   225.0K    3.329     1316  OK
707    5    4      3     0    32   100     1      1     1    8    4    1     1     0     0     0     0   32     0   163   225.0K    3.329     1316  OK
708    5    4      3     0    32    40     1      1     1    2    0    0     1     0     0     0     0   32     0   175   225.0K    3.330     1316  OK
709    5    4      3     0    32    40     2      0     1    5    4    0     1     0     0     0     0   32     0   241   225.0K    3.330     1315  OK
710    5    4      3     0    32    40     1      1     1    6    0    3     1     0     0     0     0   32     0   191   225.0K    3.330     1315  OK
711    5    4      3     0    32    40     4      0     1    8    4    1     1     0     0     0     0   32     0   212   225.0K    3.330     1315  OK
712    5    4      3     0    32   100     1      1     1    2    0    3     1     0     0     0     0   32     0   175   225.0K    3.330     1315  OK
713    5    4      3     0    32   100     1      1     1    6    1    1     1     0     0     0     0   32     0   163   225.0K    3.330     1315  OK
714    5    4      3     1    32     0     1      1     1    5    0    0     1     0     0     0     0   32     0   238   225.0K    3.331     1315  OK
715    5    4      3     0    32    40     1      1     1    8    4    0     1     0     0     0     0   32     0   172   225.0K    3.331     1315  OK
716    5    4      3     0    32   100     1      1     1    2    4    3     1     0     0     0     0   32     0   152   225.0K    3.331     1315  OK
717    5    4      3     1    32     0     1      1     1    8    4    3     1     0     0     0     0   32     0   170   225.0K    3.332     1314  OK
718    5    4      3     0    32    40     1      1     1    8    4    3     1     0     0     0     0   32     0   172   225.0K    3.332     1315  OK
719    5    4      3     0    32   100     1      1     1    5    0    3     1     0     0     0     0   32     0   239   225.0K    3.332     1314  OK
720    5    4      3     0    32    40     2      0     1    5    4    3     1     0     0     0     0   32     0   241   225.0K    3.334     1314  OK
721    5    4      3     0    32    40     4      0     1    6    4    1     1     0     0     0     0   32     0   212   225.0K    3.335     1313  OK
722    5    4      3     0    32   100     4      0     1    5    4    1     1     0     0     0     0   32     0   212   225.0K    3.335     1314  OK
723    5    4      3     0    32   100     4      0     1    6    4    1     1     0     0     0     0   32     0   212   225.0K    3.335     1313  OK
724    5    4      3     0    32   100     4      0     1    8    4    1     1     0     0     0     0   32     0   212   225.0K    3.336     1313  OK
725    5    4      3     0    32   100     1      1     1    5    1    3     1     0     0     0     0   32     0   221   225.0K    3.339     1312  OK
726    5    4      3     0    32    40     1      1     1    8    4    1     1     0     0     0     0   32     0   163   225.0K    3.340     1312  OK
727    5    4      3     0    32   100     1      1     1    5    1    0     1     0     0     0     0   32     0   221   225.0K    3.340     1311  OK
728    5    4      3     0    32   100     1      1     1    6    4    3     1     0     0     0     0   32     0   172   225.0K    3.340     1311  OK
729    5    4      3     0    32   100     1      1     1    8    1    3     1     0     0     0     0   32     0   172   225.0K    3.340     1311  OK
730    5    4      3     0    32    40     1      1     1    5    1    1     1     0     0     0     0   32     0   163   225.0K    3.341     1311  OK
731    5    4      3     1    32     0     1      1     1    8    0    3     1     0     0     0     0   32     0   189   225.0K    3.342     1311  OK
732    5    4      3     0    32    40     4      0     1    1    4    0     1     0     0     0     0   32     0   198   225.0K    3.342     1310  OK
733    5    4      3     0    32    40     4      0     1    1    4    3     1     0     0     0     0   32     0   198   225.0K    3.342     1311  OK
734    5    4      3     0    32    40     1      1     1    6    1    0     1     0     0     0     0   32     0   172   225.0K    3.342     1311  OK
735    5    4      3     0    32    40     4      0     1    1    0    1     1     0     0     0     0   32     0   214   225.0K    3.343     1310  OK
736    5    4      3     0    32    40     1      1     1    2    0    3     1     0     0     0     0   32     0   175   225.0K    3.343     1310  OK
737    5    4      3     0    32    40     1      1     1    8    0    1     1     0     0     0     0   32     0   183   225.0K    3.343     1310  OK
738    5    4      3     0    32    40     4      0     1    8    4    3     1     0     0     0     0   32     0   218   225.0K    3.343     1310  OK
739    5    4      3     0    32   100     2      0     1    5    1    1     1     0     0     0     0   32     0   207   225.0K    3.343     1310  OK
740    5    4      3     0    32   100     4      0     1    6    4    3     1     0     0     0     0   32     0   218   225.0K    3.343     1310  OK
741    5    4      3     0    32    40     4      0     1    6    4    0     1     0     0     0     0   32     0   218   225.0K    3.344     1310  OK
742    5    4      3     0    32   100     1      1     1    5    0    0     1     0     0     0     0   32     0   239   225.0K    3.344     1310  OK
743    5    4      3     0    32   100     1      1     1    5    4    3     1     0     0     0     0   32     0   221   225.0K    3.344     1310  OK
744    5    4      3     0    32   100     4      0     1    8    4    3     1     0     0     0     0   32     0   218   225.0K    3.344     1310  OK
745    5    4      3     0    32    40     1      1     1    8    0    0     1     0     0     0     0   32     0   191   225.0K    3.345     1310  OK
746    5    4      3     0    32   100     1      1     1    8    1    1     1     0     0     0     0   32     0   163   225.0K    3.345     1309  OK
747    5    4      3     1    32     0     1      1     1    6    4    0     1     0     0     0     0   32     0   170   225.0K    3.346     1309  OK
748    5    4      3     0    32    40     4      0     1    8    4    0     1     0     0     0     0   32     0   218   225.0K    3.346     1309  OK
749    5    4      3     1    32     0     2      0     1    1    1    3     1     0     0     0     0   32     0   198   225.0K    3.347     1309  OK
750    5    4      3     1    32     0     2      0     1    2    1    0     1     0     0     0     0   32     0   198   225.0K    3.347     1309  OK
751    5    4      3     0    32    40     1      1     1    1    0    1     1     0     0     0     0   32     0   168   225.0K    3.347     1309  OK
752    5    4      3     0    32    40     4      0     1    6    4    3     1     0     0     0     0   32     0   218   225.0K    3.347     1309  OK
753    5    4      3     0    32   100     2      0     1    6    1    1     1     0     0     0     0   32     0   207   225.0K    3.347     1309  OK
754    5    4      3     0    32   100     4      0     1    6    0    0     1     0     0     0     0   32     0   238   225.0K    3.347     1309  OK
755    5    4      3     0    32   100     2      0     1    8    1    1     1     0     0     0     0   32     0   207   225.0K    3.347     1308  OK
756    5    4      3     0    32    40     1      1     1    6    4    0     1     0     0     0     0   32     0   172   225.0K    3.348     1308  OK
757    5    4      3     0    32   100     1      1     1    6    1    0     1     0     0     0     0   32     0   172   225.0K    3.348     1308  OK
758    5    4      3     0    32   100     4      0     1    6    4    0     1     0     0     0     0   32     0   218   225.0K    3.348     1308  OK
759    5    4      3     0    32   100     4      0     1    6    0    3     1     0     0     0     0   32     0   238   225.0K    3.348     1308  OK
760    5    4      3     0    32   100     4      0     1    8    0    3     1     0     0     0     0   32     0   238   225.0K    3.348     1308  OK
761    5    4      3     1    32     0     2      0     1    2    1    3     1     0     0     0     0   32     0   198   225.0K    3.349     1308  OK
762    5    4      3     0    32   100     4      0     1    1    4    0     1     0     0     0     0   32     0   198   225.0K    3.349     1308  OK
763    5    4      3     0    32   100     4      0     1    2    4    3     1     0     0     0     0   32     0   198   225.0K    3.349     1308  OK
764    5    4      3     0    32   100     4      0     1    8    4    0     1     0     0     0     0   32     0   218   225.0K    3.349     1308  OK
765    5    4      3     1    32     0     2      0     1    1    1    0     1     0     0     0     0   32     0   198   225.0K    3.350     1307  OK
766    5    4      3     0    32    40     4      0     1    6    0    0     1     0     0     0     0   32     0   238   225.0K    3.350     1308  OK
767    5    4      3     0    32   100     4      0     1    8    0    0     1     0     0     0     0   32     0   238   225.0K    3.350     1307  OK
768    5    4      3     0    32    40     1      1     1    1    0    3     1     0     0     0     0   32     0   175   225.0K    3.351     1307  OK
769    5    4      3     0    32    40     4      0     1    8    0    3     1     0     0     0     0   32     0   238   225.0K    3.351     1307  OK
770    5    4      3     0    32   100     4      0     1    1    0    1     1     0     0     0     0   32     0   214   225.0K    3.351     1307  OK
771    5    4      3     0    32    40     1      1     1    5    0    1     1     0     0     0     0   32     0   183   225.0K    3.352     1307  OK
772    5    4      3     0    32    40     4      0     1    6    0    3     1     0     0     0     0   32     0   238   225.0K    3.352     1307  OK
773    5    4      3     0    32    40     4      0     1    8    0    0     1     0     0     0     0   32     0   238   225.0K    3.353     1306  OK
774    5    4      3     0    32    40     4      0     1    2    4    0     1     0     0     0     0   32     0   198   225.0K    3.354     1306  OK
775    5    4      3     0    32   100     4      0     1    1    4    3     1     0     0     0     0   32     0   198   225.0K    3.354     1306  OK
776    5    4      3     1    32     0     1      1     1    6    4    3     1     0     0     0     0   32     0   170   225.0K    3.355     1306  OK
777    5    4      3     0    32   100     1      1     1    6    0    3     1     0     0     0     0   32     0   191   225.0K    3.355     1306  OK
778    5    4      3     0    32    40     4      0     1    6    0    1     1     0     0     0     0   32     0   229   225.0K    3.356     1305  OK
779    5    4      3     0    32   100     4      0     1    2    4    0     1     0     0     0     0   32     0   198   225.0K    3.356     1305  OK
780    5    4      3     0    32   100     1      1     1    8    4    3     1     0     0     0     0   32     0   172   225.0K    3.356     1305  OK
781    5    4      3     0    32    40     1      1     1    5    1    0     1     0     0     0     0   32     0   221   225.0K    3.357     1305  OK
782    5    4      3     0    32    40     4      0     1    5    0    1     1     0     0     0     0   32     0   229   225.0K    3.357     1305  OK
783    5    4      3     0    32    40     1      1     1    6    1    3     1     0     0     0     0   32     0   172   225.0K    3.357     1305  OK
784    5    4      3     0    32   100     2      0     1    6    1    3     1     0     0     0     0   32     0   215   225.0K    3.357     1305  OK
785    5    4      3     0    32    40     2      0     1    1    4    1     1     0     0     0     0   32     0   186   225.0K    3.358     1304  OK
786    5    4      3     0    32    40     1      1     1    8    1    0     1     0     0     0     0   32     0   172   225.0K    3.358     1304  OK
787    5    4      3     0    32    40     4      0     1    8    0    1     1     0     0     0     0   32     0   229   225.0K    3.358     1304  OK
788    5    4      3     0    32   100     2      0     1    2    1    0     1     0     0     0     0   32     0   195   225.0K    3.359     1304  OK
789    5    4      3     0    32   100     1      1     1    6    4    0     1     0     0     0     0   32     0   172   225.0K    3.359     1304  OK
790    5    4      3     0    32    40     4      0     1    2    4    3     1     0     0     0     0   32     0   198   225.0K    3.360     1304  OK
791    5    4      3     0    32   100     2      0     1    2    1    3     1     0     0     0     0   32     0   195   225.0K    3.360     1304  OK
792    5    4      3     0    32   100     1      1     1    6    0    1     1     0     0     0     0   32     0   183   225.0K    3.361     1303  OK
793    5    4      3     0    32   100     2      0     1    6    1    0     1     0     0     0     0   32     0   215   225.0K    3.361     1303  OK
794    5    4      3     0    32   100     1      1     1    8    4    0     1     0     0     0     0   32     0   172   225.0K    3.361     1303  OK
795    5    4      3     0    32    40     1      1     1    5    1    3     1     0     0     0     0   32     0   221   225.0K    3.362     1303  OK
796    5    4      3     0    32   100     2      0     1    1    1    0     1     0     0     0     0   32     0   195   225.0K    3.362     1303  OK
797    5    4      3     0    32   100     4      0     1    6    0    1     1     0     0     0     0   32     0   229   225.0K    3.362     1303  OK
798    5    4      3     0    32   100     2      0     1    8    1    3     1     0     0     0     0   32     0   215   225.0K    3.362     1303  OK
799    5    4      3     0    32   100     4      0     1    8    0    1     1     0     0     0     0   32     0   229   225.0K    3.363     1302  OK
800    5    4      3     0    32    40     1      1     1    5    4    0     1     0     0     0     0   32     0   221   225.0K    3.364     1302  OK
801    5    4      3     0    32   100     2      0     1    8    1    0     1     0     0     0     0   32     0   215   225.0K    3.364     1302  OK
802    5    4      3     0    32   100     4      0     1    2    0    0     1     0     0     0     0   32     0   224   225.0K    3.365     1302  OK
803    5    4      3     0    32   100     4      0     1    2    0    3     1     0     0     0     0   32     0   224   225.0K    3.365     1301  OK
804    5    4      3     0    32    40     4      0     1    2    0    3     1     0     0     0     0   32     0   224   225.0K    3.366     1301  OK
805    5    4      3     0    32   100     1      1     1    5    4    0     1     0     0     0     0   32     0   221   225.0K    3.366     1301  OK
806    5    4      3     0    32   100     4      0     1    5    0    1     1     0     0     0     0   32     0   229   225.0K    3.366     1301  OK
807    5    4      3     0    32   100     1      1     1    8    1    0     1     0     0     0     0   32     0   172   225.0K    3.366     1301  OK
808    5    4      3     0    32   100     2      0     1    1    1    3     1     0     0     0     0   32     0   195   225.0K    3.367     1301  OK
809    5    4      3     0    32    40     4      0     1    1    0    0     1     0     0     0     0   32     0   224   225.0K    3.368     1300  OK
810    5    4      3     0    32   100     4      0     1    1    0    0     1     0     0     0     0   32     0   224   225.0K    3.368     1300  OK
811    5    4      3     0    32   100     1      1     1    8    0    3     1     0     0     0     0   32     0   191   225.0K    3.368     1300  OK
812    5    4      3     1    32     0     2      0     1    1    4    0     1     0     0     0     0   32     0   198   225.0K    3.369     1300  OK
813    5    4      3     0    32   100     1      1     1    8    0    1     1     0     0     0     0   32     0   183   225.0K    3.369     1300  OK
814    5    4      3     0    32   100     4      0     1    1    0    3     1     0     0     0     0   32     0   224   225.0K    3.370     1300  OK
815    5    4      3     1    32     0     2      0     1    1    4    3     1     0     0     0     0   32     0   198   225.0K    3.371     1299  OK
816    5    4      3     0    32    40     4      0     1    1    0    3     1     0     0     0     0   32     0   224   225.0K    3.371     1300  OK
817    5    4      3     0    32    40     4      0     1    2    0    0     1     0     0     0     0   32     0   224   225.0K    3.371     1299  OK
818    5    4      3     0    32   100     1      1     1    5    0    1     1     0     0     0     0   32     0   183   225.0K    3.372     1299  OK
819    5    4      3     1    32     0     2      0     1    2    4    3     1     0     0     0     0   32     0   198   225.0K    3.374     1298  OK
820    5    4      3     0    32    40     2      0     1    2    4    1     1     0     0     0     0   32     0   186   225.0K    3.375     1298  OK
821    5    4      3     0    32   100     2      0     1    5    0    3     1     0     0     0     0   32     0   240   225.0K    3.376     1297  OK
822    5    4      3     1    32     0     2      0     1    2    4    0     1     0     0     0     0   32     0   198   225.0K    3.377     1297  OK
823    5    4      3     0    32    40     2      0     1    6    1    1     1     0     0     0     0   32     0   207   225.0K    3.379     1296  OK
824    5    4      3     0    32   100     2      0     1    2    4    0     1     0     0     0     0   32     0   195   225.0K    3.381     1295  OK
825    5    4      3     0    32   100     2      0     1    5    0    0     1     0     0     0     0   32     0   240   225.0K    3.381     1295  OK
826    5    4      3     0    32    40     2      0     1    5    1    1     1     0     0     0     0   32     0   207   225.0K    3.383     1295  OK
827    5    4      3     0    32    40     2      0     1    8    1    1     1     0     0     0     0   32     0   207   225.0K    3.385     1294  OK
828    5    4      3     0    32   100     2      0     1    6    0    3     1     0     0     0     0   32     0   233   225.0K    3.386     1294  OK
829    5    4      3     0    32    40     1      1     1    6    0    1     1     0     0     0     0   32     0   183   225.0K    3.387     1293  OK
830    5    4      3     0    32   100     2      0     1    1    0    1     1     0     0     0     0   32     0   210   225.0K    3.388     1293  OK
831    5    4      3     0    32   100     2      0     1    2    4    3     1     0     0     0     0   32     0   195   225.0K    3.389     1293  OK
832    5    4      3     0    32   100     2      0     1    1    4    3     1     0     0     0     0   32     0   195   225.0K    3.390     1292  OK
833    5    4      3     0    32   100     2      0     1    6    0    0     1     0     0     0     0   32     0   233   225.0K    3.390     1292  OK
834    5    4      3     0    32   100     2      0     1    1    4    0     1     0     0     0     0   32     0   195   225.0K    3.391     1292  OK
835    5    4      3     0    32   100     2      0     1    1    0    0     1     0     0     0     0   32     0   219   225.0K    3.393     1291  OK
836    5    4      3     0    32   100     2      0     1    1    0    3     1     0     0     0     0   32     0   219   225.0K    3.393     1291  OK
837    5    4      3     0    32    40     4      0     1    2    0    1     1     0     0     0     0   32     0   214   225.0K    3.394     1291  OK
838    5    4      3     0    32   100     2      0     1    2    0    3     1     0     0     0     0   32     0   219   225.0K    3.394     1291  OK
839    5    4      3     0    32   100     2      0     1    8    0    3     1     0     0     0     0   32     0   233   225.0K    3.394     1291  OK
840    5    4      3     0    32   100     2      0     1    2    0    0     1     0     0     0     0   32     0   219   225.0K    3.395     1290  OK
841    5    4      3     0    32   100     2      0     1    8    0    0     1     0     0     0     0   32     0   233   225.0K    3.395     1290  OK
842    5    4      3     0    32   100     4      0     1    2    0    1     1     0     0     0     0   32     0   214   225.0K    3.398     1289  OK
843    5    4      3     0    32    40     2      0     1    8    1    0     1     0     0     0     0   32     0   215   225.0K    3.399     1288  OK
844    5    4      3     0    32   100     2      0     1    6    4    1     1     0     0     0     0   32     0   207   225.0K    3.399     1289  OK
845    5    4      3     0    32   100     2      0     1    8    4    1     1     0     0     0     0   32     0   207   225.0K    3.400     1288  OK
846    5    4      3     0    32    40     2      0     1    8    1    3     1     0     0     0     0   32     0   215   225.0K    3.401     1288  OK
847    5    4      3     0    32   100     2      0     1    5    4    1     1     0     0     0     0   32     0   207   225.0K    3.404     1287  OK
848    5    4      3     0    32    40     2      0     1    6    1    0     1     0     0     0     0   32     0   215   225.0K    3.405     1286  OK
849    5    4      3     0    32   100     2      0     1    6    4    0     1     0     0     0     0   32     0   215   225.0K    3.405     1286  OK
850    5    4      3     0    32   100     2      0     1    6    4    3     1     0     0     0     0   32     0   215   225.0K    3.405     1286  OK
851    5    4      3     0    32    40     2      0     1    1    1    0     1     0     0     0     0   32     0   195   225.0K    3.407     1286  OK
852    5    4      3     0    32   100     2      0     1    2    0    1     1     0     0     0     0   32     0   210   225.0K    3.407     1285  OK
853    5    4      3     0    32   100     2      0     1    8    4    3     1     0     0     0     0   32     0   215   225.0K    3.407     1286  OK
854    5    4      3     0    32    40     2      0     1    6    1    3     1     0     0     0     0   32     0   215   225.0K    3.408     1285  OK
855    5    4      3     0    32    40     2      0     1    1    1    3     1     0     0     0     0   32     0   195   225.0K    3.410     1284  OK
856    5    4      3     0    32   100     2      0     1    8    4    0     1     0     0     0     0   32     0   215   225.0K    3.410     1285  OK
857    5    4      3     0    32    40     2      0     1    2    1    0     1     0     0     0     0   32     0   195   225.0K    3.414     1283  OK
858    5    4      3     0    32    40     2      0     1    2    1    3     1     0     0     0     0   32     0   195   225.0K    3.415     1283  OK
859    5    4      3     0    32    40     2      0     1    2    4    0     1     0     0     0     0   32     0   195   225.0K    3.429     1277  OK
860    5    4      3     0    32    40     2      0     1    1    4    0     1     0     0     0     0   32     0   195   225.0K    3.432     1276  OK
861    5    4      3     0    32    40     2      0     1    1    4    3     1     0     0     0     0   32     0   195   225.0K    3.433     1276  OK
862    5    4      3     0    32    40     2      0     1    2    4    3     1     0     0     0     0   32     0   195   225.0K    3.436     1275  OK
863    5    4      3     0    32    40     2      0     1    6    0    0     1     0     0     0     0   32     0   233   225.0K    3.437     1274  OK
864    5    4      3     0    32    40     2      0     1    8    0    3     1     0     0     0     0   32     0   233   225.0K    3.441     1273  OK
865    5    4      3     0    32    40     2      0     1    1    0    0     1     0     0     0     0   32     0   219   225.0K    3.442     1273  OK
866    5    4      3     0    32    40     2      0     1    1    0    1     1     0     0     0     0   32     0   210   225.0K    3.442     1272  OK
867    5    4      3     0    32    40     2      0     1    2    0    3     1     0     0     0     0   32     0   219   225.0K    3.443     1272  OK
868    5    4      3     0    32    40     2      0     1    6    0    3     1     0     0     0     0   32     0   233   225.0K    3.443     1272  OK
869    5    4      3     0    32    40     2      0     1    1    0    3     1     0     0     0     0   32     0   219   225.0K    3.444     1272  OK
870    5    4      3     0    32    40     2      0     1    6    4    1     1     0     0     0     0   32     0   207   225.0K    3.448     1270  OK
871    5    4      3     0    32    40     2      0     1    8    0    0     1     0     0     0     0   32     0   233   225.0K    3.448     1270  OK
872    5    4      3     0    32    40     2      0     1    8    4    1     1     0     0     0     0   32     0   207   225.0K    3.450     1270  OK
873    5    4      3     0    32    40     2      0     1    2    0    0     1     0     0     0     0   32     0   219   225.0K    3.452     1269  OK
874    5    4      3     0    32    40     2      0     1    5    4    1     1     0     0     0     0   32     0   207   225.0K    3.455     1268  OK
875    5    4      3     0    32    40     2      0     1    2    0    1     1     0     0     0     0   32     0   210   225.0K    3.456     1267  OK
876    5    4      3     0    32    40     2      0     1    8    4    0     1     0     0     0     0   32     0   215   225.0K    3.459     1266  OK
877    5    4      3     0    32    40     2      0     1    6    4    0     1     0     0     0     0   32     0   215   225.0K    3.461     1265  OK
878    5    4      3     0    32    40     2      0     1    8    4    3     1     0     0     0     0   32     0   215   225.0K    3.461     1266  OK
879    5    4      3     0    32    40     2      0     1    6    4    3     1     0     0     0     0   32     0   215   225.0K    3.462     1265  OK
880    5    4      1     1    32     0     1      1     1    5    0    3     1     0     4     0     0   32     1   236   225.0K    3.482     1258  OK
881    5    4      3     0    32   100     2      0     1    6    0    1     1     0     0     0     0   32     0   225   225.0K    3.615     1212  OK
882    5    4      3     0    32   100     2      0     1    5    0    1     1     0     0     0     0   32     0   225   225.0K    3.618     1211  OK
883    5    4      3     0    32   100     2      0     1    8    0    1     1     0     0     0     0   32     0   225   225.0K    3.618     1211  OK
884    5    4      3     0    32    40     2      0     1    8    0    1     1     0     0     0     0   32     0   225   225.0K    3.692     1186  OK
885    5    4      3     0    32    40     2      0     1    6    0    1     1     0     0     0     0   32     0   225   225.0K    3.693     1186  OK
886    5    4      3     0    32    40     2      0     1    5    0    1     1     0     0     0     0   32     0   225   225.0K    3.699     1184  OK
887    5    4      3     1    32     0     1      0     1    1    1    1     1     0     0     0     0   32     0   142   225.0K    3.803     1152  OK
888    5    4      3     0    32    40     1      0     1    2    1    0     1     0     0     0     0   32     0   154   225.0K    3.803     1152  OK
889    5    4      3     0    32    40     1      0     1    2    1    3     1     0     0     0     0   32     0   154   225.0K    3.803     1152  OK
890    5    4      3     1    32     0     1      0     1    2    1    1     1     0     0     0     0   32     0   142   225.0K    3.805     1151  OK
891    5    4      3     0    32    40     1      0     1    1    1    0     1     0     0     0     0   32     0   154   225.0K    3.813     1149  OK
892    5    4      3     0    32    40     1      0     1    1    1    3     1     0     0     0     0   32     0   154   225.0K    3.813     1149  OK
893    5    4      3     1    32     0     1      0     1    8    1    1     1     0     0     0     0   32     0   163   225.0K    3.814     1148  OK
894    5    4      3     1    32     0     1      0     1    5    1    1     1     0     0     0     0   32     0   163   225.0K    3.815     1148  OK
895    5    4      3     1    32     0     1      0     1    1    1    3     1     0     0     0     0   32     0   150   225.0K    3.816     1148  OK
896    5    4      3     1    32     0     1      0     1    1    1    0     1     0     0     0     0   32     0   150   225.0K    3.817     1148  OK
897    5    4      3     1    32     0     1      0     1    6    1    1     1     0     0     0     0   32     0   163   225.0K    3.817     1148  OK
898    5    4      3     0    32    40     1      0     1    2    1    1     1     0     0     0     0   32     0   146   225.0K    3.817     1147  OK
899    5    4      3     0    32    40     1      0     1    1    1    1     1     0     0     0     0   32     0   146   225.0K    3.819     1147  OK
900    5    4      3     0    32   100     1      0     1    2    1    3     1     0     0     0     0   32     0   154   225.0K    3.819     1147  OK
901    5    4      3     1    32     0     1      0     1    5    0    0     1     0     0     0     0   32     0   238   225.0K    3.820     1147  OK
902    5    4      3     1    32     0     1      0     1    5    0    3     1     0     0     0     0   32     0   238   225.0K    3.820     1147  OK
903    5    4      3     0    32    40     1      0     1    2    4    3     1     0     0     0     0   32     0   154   225.0K    3.821     1146  OK
904    5    4      3     0    32    40     1      0     1    1    4    3     1     0     0     0     0   32     0   154   225.0K    3.823     1146  OK
905    5    4      3     0    32    40     1      0     1    2    4    0     1     0     0     0     0   32     0   154   225.0K    3.823     1146  OK
906    5    4      3     0    32   100     1      0     1    2    1    0     1     0     0     0     0   32     0   154   225.0K    3.823     1146  OK
907    5    4      3     0    32    40     1      0     1    1    4    0     1     0     0     0     0   32     0   154   225.0K    3.824     1145  OK
908    5    4      3     0    32   100     1      0     1    1    1    0     1     0     0     0     0   32     0   154   225.0K    3.825     1145  OK
909    5    4      3     0    32   100     1      0     1    1    1    3     1     0     0     0     0   32     0   154   225.0K    3.828     1144  OK
910    5    4      3     1    32     0     1      0     1    2    1    3     1     0     0     0     0   32     0   150   225.0K    3.829     1144  OK
911    5    4      3     1    32     0     1      0     1    1    4    1     1     0     0     0     0   32     0   142   225.0K    3.830     1144  OK
912    5    4      3     1    32     0     1      0     1    1    4    3     1     0     0     0     0   32     0   150   225.0K    3.831     1143  OK
913    5    4      3     1    32     0     1      0     1    2    4    3     1     0     0     0     0   32     0   150   225.0K    3.831     1143  OK
914    5    4      3     1    32     0     1      0     1    6    4    1     1     0     0     0     0   32     0   163   225.0K    3.831     1143  OK
915    5    4      3     1    32     0     1      0     1    8    4    1     1     0     0     0     0   32     0   163   225.0K    3.831     1143  OK
916    5    4      3     0    32    40     1      0     1    2    4    1     1     0     0     0     0   32     0   146   225.0K    3.831     1143  OK
917    5    4      3     1    32     0     1      0     1    2    4    0     1     0     0     0     0   32     0   150   225.0K    3.832     1143  OK
918    5    4      3     1    32     0     1      0     1    1    4    0     1     0     0     0     0   32     0   150   225.0K    3.833     1143  OK
919    5    4      3     1    32     0     1      0     1    1    0    1     1     0     0     0     0   32     0   167   225.0K    3.833     1143  OK
920    5    4      3     1    32     0     1      0     1    2    1    0     1     0     0     0     0   32     0   150   225.0K    3.834     1142  OK
921    5    4      3     1    32     0     1      0     1    5    4    1     1     0     0     0     0   32     0   163   225.0K    3.834     1142  OK
922    5    4      3     0    32    40     1      0     1    6    1    1     1     0     0     0     0   32     0   163   225.0K    3.834     1142  OK
923    5    4      3     1    32     0     1      0     1    2    0    1     1     0     0     0     0   32     0   167   225.0K    3.837     1141  OK
924    5    4      3     1    32     0     1      0     1    2    0    3     1     0     0     0     0   32     0   175   225.0K    3.838     1141  OK
925    5    4      3     1    32     0     1      0     1    2    0    0     1     0     0     0     0   32     0   175   225.0K    3.839     1141  OK
926    5    4      3     0    32    40     1      0     1    5    1    1     1     0     0     0     0   32     0   163   225.0K    3.839     1141  OK
927    5    4      3     0    32    40     1      0     1    8    1    1     1     0     0     0     0   32     0   163   225.0K    3.839     1141  OK
928    5    4      3     0    32   100     1      0     1    1    4    0     1     0     0     0     0   32     0   154   225.0K    3.839     1141  OK
929    5    4      3     0    32   100     1      0     1    1    1    1     1     0     0     0     0   32     0   146   225.0K    3.839     1141  OK
930    5    4      3     0    32   100     1      0     1    2    1    1     1     0     0     0     0   32     0   146   225.0K    3.841     1140  OK
931    5    4      3     0    32   100     1      0     1    2    4    3     1     0     0     0     0   32     0   154   225.0K    3.841     1140  OK
932    5    4      3     1    32     0     1      0     1    2    4    1     1     0     0     0     0   32     0   142   225.0K    3.842     1140  OK
933    5    4      3     1    32     0     1      0     1    5    1    0     1     0     0     0     0   32     0   219   225.0K    3.842     1140  OK
934    5    4      3     0    32    40     1      0     1    1    4    1     1     0     0     0     0   32     0   146   225.0K    3.842     1140  OK
935    5    4      3     0    32   100     1      0     1    2    4    0     1     0     0     0     0   32     0   154   225.0K    3.842     1140  OK
936    5    4      3     1    32     0     1      0     1    5    1    3     1     0     0     0     0   32     0   219   225.0K    3.843     1140  OK
937    5    4      3     0    32    40     1      0     1    1    0    1     1     0     0     0     0   32     0   168   225.0K    3.843     1140  OK
938    5    4      3     0    32    40     1      0     1    2    0    1     1     0     0     0     0   32     0   168   225.0K    3.843     1140  OK
939    5    4      3     0    32   100     1      0     1    1    4    3     1     0     0     0     0   32     0   154   225.0K    3.843     1140  OK
940    5    4      3     1    32     0     1      0     1    1    0    0     1     0     0     0     0   32     0   175   225.0K    3.845     1139  OK
941    5    4      3     1    32     0     1      0     1    1    0    3     1     0     0     0     0   32     0   175   225.0K    3.845     1139  OK
942    5    4      3     1    32     0     1      0     1    6    0    1     1     0     0     0     0   32     0   181   225.0K    3.845     1139  OK
943    5    4      3     1    32     0     1      0     1    5    0    1     1     0     0     0     0   32     0   181   225.0K    3.846     1139  OK
944    5    4      3     1    32     0     1      0     1    8    0    1     1     0     0     0     0   32     0   181   225.0K    3.847     1139  OK
945    5    4      3     0    32   100     1      0     1    5    1    1     1     0     0     0     0   32     0   163   225.0K    3.849     1138  OK
946    5    4      3     0    32   100     1      0     1    8    1    1     1     0     0     0     0   32     0   163   225.0K    3.849     1138  OK
947    5    4      3     0    32   100     1      0     1    6    1    1     1     0     0     0     0   32     0   163   225.0K    3.850     1138  OK
948    5    4      3     1    32     0     1      0     1    8    1    3     1     0     0     0     0   32     0   170   225.0K    3.851     1137  OK
949    5    4      3     0    32    40     1      0     1    8    4    1     1     0     0     0     0   32     0   163   225.0K    3.851     1137  OK
950    5    4      3     0    32    40     1      0     1    5    4    1     1     0     0     0     0   32     0   163   225.0K    3.852     1137  OK
951    5    4      3     0    32    40     1      0     1    6    4    1     1     0     0     0     0   32     0   163   225.0K    3.852     1137  OK
952    5    4      3     1    32     0     1      0     1    6    0    3     1     0     0     0     0   32     0   189   225.0K    3.853     1137  OK
953    5    4      3     1    32     0     1      0     1    6    1    3     1     0     0     0     0   32     0   170   225.0K    3.853     1137  OK
954    5    4      3     1    32     0     1      0     1    8    1    0     1     0     0     0     0   32     0   170   225.0K    3.853     1137  OK
955    5    4      3     1    32     0     1      0     1    6    1    0     1     0     0     0     0   32     0   170   225.0K    3.854     1137  OK
956    5    4      3     1    32     0     1      0     1    8    0    3     1     0     0     0     0   32     0   189   225.0K    3.854     1136  OK
957    5    4      3     1    32     0     1      0     1    6    0    0     1     0     0     0     0   32     0   189   225.0K    3.856     1136  OK
958    5    4      3     1    32     0     1      0     1    8    0    0     1     0     0     0     0   32     0   189   225.0K    3.856     1136  OK
959    5    4      3     0    32    40     1      0     1    5    0    0     1     0     0     0     0   32     0   240   225.0K    3.857     1136  OK
960    5    4      3     0    32   100     1      0     1    2    4    1     1     0     0     0     0   32     0   146   225.0K    3.857     1136  OK
961    5    4      3     0    32   100     1      0     1    1    4    1     1     0     0     0     0   32     0   146   225.0K    3.858     1135  OK
962    5    4      3     0    32    40     1      0     1    5    0    3     1     0     0     0     0   32     0   240   225.0K    3.859     1135  OK
963    5    4      3     1    32     0     1      0     1    5    4    0     1     0     0     0     0   32     0   219   225.0K    3.861     1134  OK
964    5    4      3     0    32   100     1      0     1    1    0    1     1     0     0     0     0   32     0   168   225.0K    3.861     1134  OK
965    5    4      3     0    32    40     1      0     1    5    1    0     1     0     0     0     0   32     0   221   225.0K    3.863     1134  OK
966    5    4      3     1    32     0     1      0     1    5    4    3     1     0     0     0     0   32     0   219   225.0K    3.864     1134  OK
967    5    4      3     0    32    40     1      0     1    5    1    3     1     0     0     0     0   32     0   221   225.0K    3.865     1133  OK
968    5    4      3     0    32   100     1      0     1    6    4    1     1     0     0     0     0   32     0   163   225.0K    3.866     1133  OK
969    5    4      3     1    32     0     1      0     1    8    4    3     1     0     0     0     0   32     0   170   225.0K    3.867     1133  OK
970    5    4      3     1    32     0     1      0     1    6    4    3     1     0     0     0     0   32     0   170   225.0K    3.868     1133  OK
971    5    4      3     0    32   100     1      0     1    8    4    1     1     0     0     0     0   32     0   163   225.0K    3.868     1133  OK
972    5    4      3     1    32     0     1      0     1    6    4    0     1     0     0     0     0   32     0   170   225.0K    3.869     1132  OK
973    5    4      3     1    32     0     1      0     1    8    4    0     1     0     0     0     0   32     0   170   225.0K    3.869     1132  OK
974    5    4      3     0    32   100     1      0     1    5    4    1     1     0     0     0     0   32     0   163   225.0K    3.869     1132  OK
975    5    4      3     0    32   100     1      0     1    2    0    1     1     0     0     0     0   32     0   168   225.0K    3.871     1131  OK
976    5    4      3     0    32    40     1      0     1    6    1    0     1     0     0     0     0   32     0   172   225.0K    3.877     1130  OK
977    5    4      3     0    32    40     1      0     1    8    1    0     1     0     0     0     0   32     0   172   225.0K    3.877     1130  OK
978    5    4      3     0    32    40     1      0     1    8    1    3     1     0     0     0     0   32     0   172   225.0K    3.877     1130  OK
979    5    4      3     0    32    40     1      0     1    5    4    3     1     0     0     0     0   32     0   221   225.0K    3.880     1129  OK
980    5    4      3     0    32   100     1      0     1    5    0    0     1     0     0     0     0   32     0   240   225.0K    3.880     1129  OK
981    5    4      3     0    32    40     1      0     1    5    4    0     1     0     0     0     0   32     0   221   225.0K    3.881     1129  OK
982    5    4      3     0    32    40     1      0     1    6    1    3     1     0     0     0     0   32     0   172   225.0K    3.881     1128  OK
983    5    4      3     0    32   100     1      0     1    5    1    0     1     0     0     0     0   32     0   221   225.0K    3.881     1129  OK
984    5    4      3     0    32   100     1      0     1    5    0    3     1     0     0     0     0   32     0   240   225.0K    3.881     1128  OK
985    5    4      3     0    32    40     1      0     1    6    0    0     1     0     0     0     0   32     0   191   225.0K    3.883     1128  OK
986    5    4      3     0    32    40     1      0     1    6    0    3     1     0     0     0     0   32     0   191   225.0K    3.883     1128  OK
987    5    4      3     0    32   100     1      0     1    5    1    3     1     0     0     0     0   32     0   221   225.0K    3.884     1128  OK
988    5    4      3     0    32    40     1      0     1    8    0    0     1     0     0     0     0   32     0   191   225.0K    3.885     1127  OK
989    5    4      3     0    32    40     1      0     1    8    0    3     1     0     0     0     0   32     0   191   225.0K    3.887     1127  OK
990    5    4      3     0    32    40     1      0     1    8    4    0     1     0     0     0     0   32     0   172   225.0K    3.890     1126  OK
991    5    4      3     0    32   100     1      0     1    8    1    3     1     0     0     0     0   32     0   172   225.0K    3.890     1126  OK
992    5    4      3     0    32    40     1      0     1    6    4    0     1     0     0     0     0   32     0   172   225.0K    3.891     1126  OK
993    5    4      3     0    32    40     1      0     1    8    0    1     1     0     0     0     0   32     0   183   225.0K    3.891     1126  OK
994    5    4      3     0    32    40     1      0     1    8    4    3     1     0     0     0     0   32     0   172   225.0K    3.891     1126  OK
995    5    4      3     0    32    40     1      0     1    6    4    3     1     0     0     0     0   32     0   172   225.0K    3.892     1125  OK
996    5    4      3     0    32   100     1      0     1    6    1    0     1     0     0     0     0   32     0   172   225.0K    3.892     1125  OK
997    5    4      3     0    32    40     1      0     1    2    0    3     1     0     0     0     0   32     0   175   225.0K    3.894     1125  OK
998    5    4      3     0    32   100     1      0     1    6    1    3     1     0     0     0     0   32     0   172   225.0K    3.894     1125  OK
999    5    4      3     0    32   100     1      0     1    8    1    0     1     0     0     0     0   32     0   172   225.0K    3.894     1125  OK
1000    5    4      3     0    32    40     1      0     1    2    0    0     1     0     0     0     0   32     0   175   225.0K    3.895     1125  OK
1001    5    4      3     0    32    40     1      0     1    5    0    1     1     0     0     0     0   32     0   183   225.0K    3.895     1124  OK
1002    5    4      3     0    32   100     1      0     1    8    0    0     1     0     0     0     0   32     0   191   225.0K    3.895     1125  OK
1003    5    4      3     0    32    40     1      0     1    6    0    1     1     0     0     0     0   32     0   183   225.0K    3.896     1124  OK
1004    5    4      3     0    32   100     1      0     1    8    0    3     1     0     0     0     0   32     0   191   225.0K    3.898     1124  OK
1005    5    4      3     0    32   100     1      0     1    6    0    3     1     0     0     0     0   32     0   191   225.0K    3.899     1124  OK
1006    5    4      3     0    32   100     1      0     1    5    4    3     1     0     0     0     0   32     0   221   225.0K    3.900     1123  OK
1007    5    4      3     0    32   100     1      0     1    5    4    0     1     0     0     0     0   32     0   221   225.0K    3.901     1123  OK
1008    5    4      3     0    32   100     1      0     1    6    0    0     1     0     0     0     0   32     0   191   225.0K    3.901     1123  OK
1009    5    4      3     0    32    40     1      0     1    1    0    0     1     0     0     0     0   32     0   175   225.0K    3.902     1123  OK
1010    5    4      3     0    32    40     1      0     1    1    0    3     1     0     0     0     0   32     0   175   225.0K    3.905     1122  OK
1011    5    4      3     0    32   100     1      0     1    8    4    0     1     0     0     0     0   32     0   172   225.0K    3.906     1121  OK
1012    5    4      3     0    32   100     1      0     1    6    4    0     1     0     0     0     0   32     0   172   225.0K    3.907     1121  OK
1013    5    4      3     0    32   100     1      0     1    8    4    3     1     0     0     0     0   32     0   172   225.0K    3.907     1121  OK
1014    5    4      3     0    32   100     1      0     1    6    4    3     1     0     0     0     0   32     0   172   225.0K    3.908     1121  OK
1015    5    4      3     0    32   100     1      0     1    2    0    3     1     0     0     0     0   32     0   175   225.0K    3.914     1119  OK
1016    5    4      3     0    32   100     1      0     1    6    0    1     1     0     0     0     0   32     0   183   225.0K    3.914     1119  OK
1017    5    4      3     0    32   100     1      0     1    1    0    0     1     0     0     0     0   32     0   175   225.0K    3.916     1118  OK
1018    5    4      3     0    32   100     1      0     1    2    0    0     1     0     0     0     0   32     0   175   225.0K    3.916     1118  OK
1019    5    4      3     0    32   100     1      0     1    5    0    1     1     0     0     0     0   32     0   183   225.0K    3.916     1118  OK
1020    5    4      3     0    32   100     1      0     1    8    0    1     1     0     0     0     0   32     0   183   225.0K    3.918     1118  OK
1021    5    4      3     0    32   100     1      0     1    1    0    3     1     0     0     0     0   32     0   175   225.0K    3.920     1117  OK

CSV written to /root/siglip/data/session_20260315_020611/sweep_fc1_gelu.csv

Best: -DGELU_VARIANT=4 -DK_LOOP_UNROLL=5 -DMBAR_EARLY=1 -DN_STAGES=5 -DPHASE1_UNROLL=4 -DSTAGGER_CYCLES=0 -DSTORE_TIMING=1 -DSUB_MMA_UNROLL=3 → 2.247 ms / 1949 TFLOPS (244 regs)
