N_STAGES,NUM_EPI_WARPS,INTERLEAVE_STRATEGY,MBAR_EARLY,TMEM_LOAD_WIDTH,STAGGER_CYCLES,PHASE1_UNROLL,SNAKE_ORDER,CVT_ADD_FUSED,K_LOOP_UNROLL,W0_LOOP_UNROLL,SUB_MMA_UNROLL,PRELOAD_MODE,PREFETCH_BEFORE_STORE,GELU_VARIANT,TMA_RESIDUAL,BATCH_EPILOGUE,GELU_VECTOR_WIDTH,STORE_TIMING,regs,spills,smem_kb,ms,tflops,status,dflags
5,4,1,1,32,0,4,1,1,5,0,3,1,0,4,0,0,32,1,244,0,225.0,2.247,1948.93,OK,-DGELU_VARIANT=4 -DK_LOOP_UNROLL=5 -DMBAR_EARLY=1 -DN_STAGES=5 -DPHASE1_UNROLL=4 -DSTAGGER_CYCLES=0 -DSTORE_TIMING=1 -DSUB_MMA_UNROLL=3
5,4,1,1,32,0,4,1,1,5,0,3,1,0,4,0,0,32,1,244,0,225.0,2.25,1946.4,OK,-DGELU_VARIANT=4 -DK_LOOP_UNROLL=5 -DMBAR_EARLY=1 -DN_STAGES=5 -DPHASE1_UNROLL=4 -DSTAGGER_CYCLES=0 -DSTORE_TIMING=1 -DSUB_MMA_UNROLL=3
5,4,1,1,32,0,4,1,1,5,0,3,1,0,4,0,0,32,1,244,0,225.0,2.258,1939.43,OK,-DGELU_VARIANT=4 -DK_LOOP_UNROLL=5 -DMBAR_EARLY=1 -DN_STAGES=5 -DPHASE1_UNROLL=4 -DSTAGGER_CYCLES=0 -DSTORE_TIMING=1 -DSUB_MMA_UNROLL=3
5,4,3,1,32,0,4,1,1,5,0,3,1,0,4,0,0,32,1,244,0,225.0,2.26,1938.16,OK,-DGELU_VARIANT=4 -DK_LOOP_UNROLL=5 -DMBAR_EARLY=1 -DN_STAGES=5 -DPHASE1_UNROLL=4 -DSTAGGER_CYCLES=0 -DSTORE_TIMING=1 -DSUB_MMA_UNROLL=3
5,4,1,1,32,0,4,1,1,5,0,3,1,1,4,0,0,32,1,244,0,225.0,2.263,1935.57,OK,-DGELU_VARIANT=4 -DK_LOOP_UNROLL=5 -DMBAR_EARLY=1 -DN_STAGES=5 -DPHASE1_UNROLL=4 -DPREFETCH_BEFORE_STORE=1 -DSTAGGER_CYCLES=0 -DSTORE_TIMING=1 -DSUB_MMA_UNROLL=3
5,4,1,1,32,0,4,1,1,5,0,3,1,0,4,0,0,32,1,244,0,225.0,2.271,1929.1,OK,-DGELU_VARIANT=4 -DK_LOOP_UNROLL=5 -DMBAR_EARLY=1 -DN_STAGES=5 -DPHASE1_UNROLL=4 -DSTAGGER_CYCLES=0 -DSTORE_TIMING=1 -DSUB_MMA_UNROLL=3
5,4,3,1,32,0,4,1,1,5,0,3,1,1,4,0,0,32,1,244,0,225.0,2.274,1926.02,OK,-DGELU_VARIANT=4 -DK_LOOP_UNROLL=5 -DMBAR_EARLY=1 -DN_STAGES=5 -DPHASE1_UNROLL=4 -DPREFETCH_BEFORE_STORE=1 -DSTAGGER_CYCLES=0 -DSTORE_TIMING=1 -DSUB_MMA_UNROLL=3
5,4,1,1,32,0,4,1,1,5,0,3,1,0,4,0,0,32,1,244,0,225.0,2.289,1913.64,OK,-DGELU_VARIANT=4 -DK_LOOP_UNROLL=5 -DMBAR_EARLY=1 -DN_STAGES=5 -DPHASE1_UNROLL=4 -DSTAGGER_CYCLES=0 -DSTORE_TIMING=1 -DSUB_MMA_UNROLL=3
5,4,3,1,32,0,4,1,1,5,0,3,1,1,5,0,0,32,1,244,0,225.0,2.308,1898.07,OK,-DGELU_VARIANT=5 -DK_LOOP_UNROLL=5 -DMBAR_EARLY=1 -DN_STAGES=5 -DPHASE1_UNROLL=4 -DPREFETCH_BEFORE_STORE=1 -DSTAGGER_CYCLES=0 -DSTORE_TIMING=1 -DSUB_MMA_UNROLL=3
5,4,1,1,32,0,4,1,1,5,0,3,1,0,5,0,0,32,1,244,0,225.0,2.309,1896.57,OK,-DGELU_VARIANT=5 -DK_LOOP_UNROLL=5 -DMBAR_EARLY=1 -DN_STAGES=5 -DPHASE1_UNROLL=4 -DSTAGGER_CYCLES=0 -DSTORE_TIMING=1 -DSUB_MMA_UNROLL=3
5,4,1,1,32,0,4,1,1,5,0,3,1,0,4,0,0,32,1,244,0,225.0,2.311,1894.97,OK,-DGELU_VARIANT=4 -DK_LOOP_UNROLL=5 -DMBAR_EARLY=1 -DN_STAGES=5 -DPHASE1_UNROLL=4 -DSTAGGER_CYCLES=0 -DSTORE_TIMING=1 -DSUB_MMA_UNROLL=3
5,4,3,1,32,0,4,1,1,5,0,3,1,0,5,0,0,32,1,244,0,225.0,2.313,1893.79,OK,-DGELU_VARIANT=5 -DK_LOOP_UNROLL=5 -DMBAR_EARLY=1 -DN_STAGES=5 -DPHASE1_UNROLL=4 -DSTAGGER_CYCLES=0 -DSTORE_TIMING=1 -DSUB_MMA_UNROLL=3
5,4,1,1,32,0,4,1,1,5,0,3,1,0,5,0,0,32,1,244,0,225.0,2.313,1893.8,OK,-DGELU_VARIANT=5 -DK_LOOP_UNROLL=5 -DMBAR_EARLY=1 -DN_STAGES=5 -DPHASE1_UNROLL=4 -DSTAGGER_CYCLES=0 -DSTORE_TIMING=1 -DSUB_MMA_UNROLL=3
5,4,1,1,32,0,4,1,1,5,0,3,1,0,5,0,0,32,1,244,0,225.0,2.316,1891.2,OK,-DGELU_VARIANT=5 -DK_LOOP_UNROLL=5 -DMBAR_EARLY=1 -DN_STAGES=5 -DPHASE1_UNROLL=4 -DSTAGGER_CYCLES=0 -DSTORE_TIMING=1 -DSUB_MMA_UNROLL=3
5,4,1,1,32,0,4,1,1,5,0,3,1,0,0,0,0,32,1,244,0,225.0,2.318,1889.35,OK,-DK_LOOP_UNROLL=5 -DMBAR_EARLY=1 -DN_STAGES=5 -DPHASE1_UNROLL=4 -DSTAGGER_CYCLES=0 -DSTORE_TIMING=1 -DSUB_MMA_UNROLL=3
5,4,1,1,32,0,4,1,1,5,0,3,1,0,0,0,0,32,1,244,0,225.0,2.332,1878.07,OK,-DK_LOOP_UNROLL=5 -DMBAR_EARLY=1 -DN_STAGES=5 -DPHASE1_UNROLL=4 -DSTAGGER_CYCLES=0 -DSTORE_TIMING=1 -DSUB_MMA_UNROLL=3
5,4,1,1,32,0,4,1,1,5,0,3,1,0,4,0,0,32,1,244,0,225.0,2.332,1878.5,OK,-DGELU_VARIANT=4 -DK_LOOP_UNROLL=5 -DMBAR_EARLY=1 -DN_STAGES=5 -DPHASE1_UNROLL=4 -DSTAGGER_CYCLES=0 -DSTORE_TIMING=1 -DSUB_MMA_UNROLL=3
5,4,3,1,32,0,4,1,1,5,0,3,1,1,0,0,0,32,1,244,0,225.0,2.344,1868.32,OK,-DK_LOOP_UNROLL=5 -DMBAR_EARLY=1 -DN_STAGES=5 -DPHASE1_UNROLL=4 -DPREFETCH_BEFORE_STORE=1 -DSTAGGER_CYCLES=0 -DSTORE_TIMING=1 -DSUB_MMA_UNROLL=3
5,4,3,1,32,0,4,1,1,5,0,3,1,0,0,0,0,32,1,244,0,225.0,2.346,1867.33,OK,-DK_LOOP_UNROLL=5 -DMBAR_EARLY=1 -DN_STAGES=5 -DPHASE1_UNROLL=4 -DSTAGGER_CYCLES=0 -DSTORE_TIMING=1 -DSUB_MMA_UNROLL=3
5,4,1,1,32,0,4,1,1,5,0,3,1,0,4,0,0,32,1,244,0,225.0,2.35,1863.72,OK,-DGELU_VARIANT=4 -DK_LOOP_UNROLL=5 -DMBAR_EARLY=1 -DN_STAGES=5 -DPHASE1_UNROLL=4 -DSTAGGER_CYCLES=0 -DSTORE_TIMING=1 -DSUB_MMA_UNROLL=3
5,4,3,1,32,0,4,1,1,5,0,3,1,0,0,0,0,32,1,244,0,225.0,2.366,1851.34,OK,-DK_LOOP_UNROLL=5 -DMBAR_EARLY=1 -DN_STAGES=5 -DPHASE1_UNROLL=4 -DSTAGGER_CYCLES=0 -DSTORE_TIMING=1 -DSUB_MMA_UNROLL=3
5,4,3,1,32,0,4,1,1,5,0,0,1,0,0,0,0,32,1,244,0,225.0,2.37,1847.93,OK,-DK_LOOP_UNROLL=5 -DMBAR_EARLY=1 -DN_STAGES=5 -DPHASE1_UNROLL=4 -DSTAGGER_CYCLES=0 -DSTORE_TIMING=1
5,4,3,1,32,0,4,1,1,5,0,3,1,1,0,0,0,32,1,244,0,225.0,2.389,1833.72,OK,-DK_LOOP_UNROLL=5 -DMBAR_EARLY=1 -DN_STAGES=5 -DPHASE1_UNROLL=4 -DPREFETCH_BEFORE_STORE=1 -DSTAGGER_CYCLES=0 -DSTORE_TIMING=1 -DSUB_MMA_UNROLL=3
5,4,3,1,32,0,4,1,1,5,0,0,1,1,0,0,0,32,1,244,0,225.0,2.412,1816.14,OK,-DK_LOOP_UNROLL=5 -DMBAR_EARLY=1 -DN_STAGES=5 -DPHASE1_UNROLL=4 -DPREFETCH_BEFORE_STORE=1 -DSTAGGER_CYCLES=0 -DSTORE_TIMING=1
5,4,1,1,32,0,4,1,1,5,0,3,1,0,0,0,0,32,1,244,0,225.0,2.456,1783.61,OK,-DK_LOOP_UNROLL=5 -DMBAR_EARLY=1 -DN_STAGES=5 -DPHASE1_UNROLL=4 -DSTAGGER_CYCLES=0 -DSTORE_TIMING=1 -DSUB_MMA_UNROLL=3
5,4,3,1,32,0,4,1,1,5,0,3,2,1,0,0,1,32,1,247,0,225.0,2.509,1745.43,OK,-DBATCH_EPILOGUE=1 -DK_LOOP_UNROLL=5 -DMBAR_EARLY=1 -DN_STAGES=5 -DPHASE1_UNROLL=4 -DPREFETCH_BEFORE_STORE=1 -DPRELOAD_MODE=2 -DSTAGGER_CYCLES=0 -DSTORE_TIMING=1 -DSUB_MMA_UNROLL=3
5,4,3,1,32,0,4,1,1,5,0,0,2,0,0,0,0,32,1,246,0,225.0,2.525,1734.87,OK,-DK_LOOP_UNROLL=5 -DMBAR_EARLY=1 -DN_STAGES=5 -DPHASE1_UNROLL=4 -DPRELOAD_MODE=2 -DSTAGGER_CYCLES=0 -DSTORE_TIMING=1
5,4,3,1,32,0,4,1,1,5,0,3,2,0,0,0,0,32,1,246,0,225.0,2.535,1728.13,OK,-DK_LOOP_UNROLL=5 -DMBAR_EARLY=1 -DN_STAGES=5 -DPHASE1_UNROLL=4 -DPRELOAD_MODE=2 -DSTAGGER_CYCLES=0 -DSTORE_TIMING=1 -DSUB_MMA_UNROLL=3
5,4,3,1,32,0,4,1,1,5,0,3,2,1,0,0,0,32,1,246,0,225.0,2.535,1727.72,OK,-DK_LOOP_UNROLL=5 -DMBAR_EARLY=1 -DN_STAGES=5 -DPHASE1_UNROLL=4 -DPREFETCH_BEFORE_STORE=1 -DPRELOAD_MODE=2 -DSTAGGER_CYCLES=0 -DSTORE_TIMING=1 -DSUB_MMA_UNROLL=3
5,4,1,1,32,0,4,1,1,5,0,3,0,0,4,0,0,32,1,244,0,225.0,2.553,1715.59,OK,-DGELU_VARIANT=4 -DK_LOOP_UNROLL=5 -DMBAR_EARLY=1 -DN_STAGES=5 -DPHASE1_UNROLL=4 -DPRELOAD_MODE=0 -DSTAGGER_CYCLES=0 -DSTORE_TIMING=1 -DSUB_MMA_UNROLL=3
5,4,3,1,32,0,4,1,1,5,0,0,2,1,0,0,0,32,0,250,0,225.0,2.576,1700.5,OK,-DINTERLEAVE_STRATEGY=3 -DK_LOOP_UNROLL=5 -DMBAR_EARLY=1 -DN_STAGES=5 -DPHASE1_UNROLL=4 -DPREFETCH_BEFORE_STORE=1 -DPRELOAD_MODE=2 -DSTAGGER_CYCLES=0
5,4,1,1,32,0,4,1,1,5,0,3,2,0,4,0,0,32,1,246,0,225.0,2.589,1691.49,OK,-DGELU_VARIANT=4 -DK_LOOP_UNROLL=5 -DMBAR_EARLY=1 -DN_STAGES=5 -DPHASE1_UNROLL=4 -DPRELOAD_MODE=2 -DSTAGGER_CYCLES=0 -DSTORE_TIMING=1 -DSUB_MMA_UNROLL=3
5,4,3,1,32,0,4,1,1,5,0,3,2,1,0,0,0,32,0,250,0,225.0,2.591,1690.41,OK,-DINTERLEAVE_STRATEGY=3 -DK_LOOP_UNROLL=5 -DMBAR_EARLY=1 -DN_STAGES=5 -DPHASE1_UNROLL=4 -DPREFETCH_BEFORE_STORE=1 -DPRELOAD_MODE=2 -DSTAGGER_CYCLES=0 -DSUB_MMA_UNROLL=3
5,4,3,1,32,0,4,1,1,5,0,3,2,0,0,0,0,32,0,249,0,225.0,2.604,1681.89,OK,-DINTERLEAVE_STRATEGY=3 -DK_LOOP_UNROLL=5 -DMBAR_EARLY=1 -DN_STAGES=5 -DPHASE1_UNROLL=4 -DPRELOAD_MODE=2 -DSTAGGER_CYCLES=0 -DSUB_MMA_UNROLL=3
5,4,3,1,32,0,4,1,1,5,0,0,2,0,0,0,1,32,1,247,0,225.0,2.605,1681.52,OK,-DBATCH_EPILOGUE=1 -DK_LOOP_UNROLL=5 -DMBAR_EARLY=1 -DN_STAGES=5 -DPHASE1_UNROLL=4 -DPRELOAD_MODE=2 -DSTAGGER_CYCLES=0 -DSTORE_TIMING=1
5,4,3,1,32,0,4,1,1,5,0,0,2,0,0,0,0,32,0,249,0,225.0,2.608,1679.46,OK,-DINTERLEAVE_STRATEGY=3 -DK_LOOP_UNROLL=5 -DMBAR_EARLY=1 -DN_STAGES=5 -DPHASE1_UNROLL=4 -DPRELOAD_MODE=2 -DSTAGGER_CYCLES=0
5,4,3,1,32,0,4,1,1,5,0,0,2,1,0,0,1,32,1,247,0,225.0,2.609,1678.6,OK,-DBATCH_EPILOGUE=1 -DK_LOOP_UNROLL=5 -DMBAR_EARLY=1 -DN_STAGES=5 -DPHASE1_UNROLL=4 -DPREFETCH_BEFORE_STORE=1 -DPRELOAD_MODE=2 -DSTAGGER_CYCLES=0 -DSTORE_TIMING=1
5,4,3,1,32,0,4,1,1,5,0,3,2,1,0,0,1,32,0,248,0,225.0,2.615,1674.69,OK,-DBATCH_EPILOGUE=1 -DINTERLEAVE_STRATEGY=3 -DK_LOOP_UNROLL=5 -DMBAR_EARLY=1 -DN_STAGES=5 -DPHASE1_UNROLL=4 -DPREFETCH_BEFORE_STORE=1 -DPRELOAD_MODE=2 -DSTAGGER_CYCLES=0 -DSUB_MMA_UNROLL=3
5,4,3,1,32,0,4,1,1,5,0,3,2,0,0,0,1,32,1,247,0,225.0,2.627,1667.12,OK,-DBATCH_EPILOGUE=1 -DK_LOOP_UNROLL=5 -DMBAR_EARLY=1 -DN_STAGES=5 -DPHASE1_UNROLL=4 -DPRELOAD_MODE=2 -DSTAGGER_CYCLES=0 -DSTORE_TIMING=1 -DSUB_MMA_UNROLL=3
5,4,3,1,32,0,4,1,1,5,0,0,2,1,0,0,1,32,0,248,0,225.0,2.645,1656.04,OK,-DBATCH_EPILOGUE=1 -DINTERLEAVE_STRATEGY=3 -DK_LOOP_UNROLL=5 -DMBAR_EARLY=1 -DN_STAGES=5 -DPHASE1_UNROLL=4 -DPREFETCH_BEFORE_STORE=1 -DPRELOAD_MODE=2 -DSTAGGER_CYCLES=0
5,4,3,1,32,0,4,1,1,5,0,3,1,0,0,0,0,32,0,244,0,225.0,2.666,1642.67,OK,-DINTERLEAVE_STRATEGY=3 -DMBAR_EARLY=1 -DN_STAGES=5 -DPHASE1_UNROLL=4 -DSTAGGER_CYCLES=0 -DSUB_MMA_UNROLL=3
5,4,3,1,32,0,4,1,1,5,0,0,2,1,0,0,0,32,1,246,0,225.0,2.669,1641.19,OK,-DK_LOOP_UNROLL=5 -DMBAR_EARLY=1 -DN_STAGES=5 -DPHASE1_UNROLL=4 -DPREFETCH_BEFORE_STORE=1 -DPRELOAD_MODE=2 -DSTAGGER_CYCLES=0 -DSTORE_TIMING=1
5,4,3,1,32,0,4,1,1,5,0,3,2,0,0,0,1,32,0,248,0,225.0,2.67,1640.23,OK,-DBATCH_EPILOGUE=1 -DINTERLEAVE_STRATEGY=3 -DK_LOOP_UNROLL=5 -DMBAR_EARLY=1 -DN_STAGES=5 -DPHASE1_UNROLL=4 -DPRELOAD_MODE=2 -DSTAGGER_CYCLES=0 -DSUB_MMA_UNROLL=3
5,4,3,1,32,0,4,1,1,5,0,0,2,0,0,0,1,32,0,248,0,225.0,2.678,1635.86,OK,-DBATCH_EPILOGUE=1 -DINTERLEAVE_STRATEGY=3 -DK_LOOP_UNROLL=5 -DMBAR_EARLY=1 -DN_STAGES=5 -DPHASE1_UNROLL=4 -DPRELOAD_MODE=2 -DSTAGGER_CYCLES=0
5,4,3,1,32,0,4,1,1,5,0,3,1,1,0,0,1,32,1,247,0,225.0,2.679,1634.87,OK,-DBATCH_EPILOGUE=1 -DK_LOOP_UNROLL=5 -DMBAR_EARLY=1 -DN_STAGES=5 -DPHASE1_UNROLL=4 -DPREFETCH_BEFORE_STORE=1 -DSTAGGER_CYCLES=0 -DSTORE_TIMING=1 -DSUB_MMA_UNROLL=3
5,4,3,1,32,0,4,1,1,5,0,0,0,0,0,0,0,32,0,244,0,225.0,2.68,1634.62,OK,-DINTERLEAVE_STRATEGY=3 -DK_LOOP_UNROLL=5 -DMBAR_EARLY=1 -DN_STAGES=5 -DPHASE1_UNROLL=4 -DPRELOAD_MODE=0 -DSTAGGER_CYCLES=0
5,4,3,0,32,100,4,1,1,5,0,0,1,0,0,0,0,32,0,244,0,225.0,2.683,1632.26,OK,-DINTERLEAVE_STRATEGY=3 -DN_STAGES=5 -DPHASE1_UNROLL=4 -DSTAGGER_CYCLES=100
5,4,3,1,32,0,4,1,1,5,0,0,1,0,0,0,0,32,0,244,0,225.0,2.684,1631.79,OK,-DINTERLEAVE_STRATEGY=3 -DK_LOOP_UNROLL=5 -DMBAR_EARLY=1 -DN_STAGES=5 -DPHASE1_UNROLL=4 -DSTAGGER_CYCLES=0
5,4,1,1,32,0,4,1,1,5,0,3,1,0,0,0,1,16,1,247,0,225.0,2.693,1626.21,OK,-DBATCH_EPILOGUE=1 -DGELU_VECTOR_WIDTH=16 -DK_LOOP_UNROLL=5 -DMBAR_EARLY=1 -DN_STAGES=5 -DPHASE1_UNROLL=4 -DSTAGGER_CYCLES=0 -DSTORE_TIMING=1 -DSUB_MMA_UNROLL=3
5,4,3,1,32,0,4,1,1,5,0,0,1,1,0,0,0,32,0,248,0,225.0,2.696,1624.51,OK,-DINTERLEAVE_STRATEGY=3 -DK_LOOP_UNROLL=5 -DMBAR_EARLY=1 -DN_STAGES=5 -DPHASE1_UNROLL=4 -DPREFETCH_BEFORE_STORE=1 -DSTAGGER_CYCLES=0
5,4,3,1,32,0,4,1,1,5,0,3,1,1,0,0,0,32,0,248,0,225.0,2.704,1619.6,OK,-DINTERLEAVE_STRATEGY=3 -DK_LOOP_UNROLL=5 -DMBAR_EARLY=1 -DN_STAGES=5 -DPHASE1_UNROLL=4 -DPREFETCH_BEFORE_STORE=1 -DSTAGGER_CYCLES=0 -DSUB_MMA_UNROLL=3
5,4,3,1,32,0,4,1,1,5,0,3,0,0,0,0,0,32,0,244,0,225.0,2.707,1618.0,OK,-DINTERLEAVE_STRATEGY=3 -DK_LOOP_UNROLL=5 -DMBAR_EARLY=1 -DN_STAGES=5 -DPHASE1_UNROLL=4 -DPRELOAD_MODE=0 -DSTAGGER_CYCLES=0 -DSUB_MMA_UNROLL=3
5,4,1,1,32,0,4,1,1,5,0,3,1,0,4,0,0,32,0,244,0,225.0,2.709,1616.88,OK,-DGELU_VARIANT=4 -DINTERLEAVE_STRATEGY=1 -DK_LOOP_UNROLL=5 -DMBAR_EARLY=1 -DN_STAGES=5 -DPHASE1_UNROLL=4 -DSTAGGER_CYCLES=0 -DSUB_MMA_UNROLL=3
5,4,3,1,32,0,4,1,1,5,0,3,1,0,0,0,0,32,0,244,0,225.0,2.714,1613.98,OK,-DINTERLEAVE_STRATEGY=3 -DK_LOOP_UNROLL=5 -DMBAR_EARLY=1 -DN_STAGES=5 -DPHASE1_UNROLL=4 -DSTAGGER_CYCLES=0 -DSUB_MMA_UNROLL=3
5,4,3,0,32,40,4,1,1,5,0,0,1,0,0,0,0,32,0,244,0,225.0,2.719,1610.72,OK,-DINTERLEAVE_STRATEGY=3 -DN_STAGES=5 -DPHASE1_UNROLL=4 -DSTAGGER_CYCLES=40
5,4,3,1,32,0,4,1,1,5,0,0,1,0,0,0,0,32,0,244,0,225.0,2.72,1610.02,OK,-DINTERLEAVE_STRATEGY=3 -DMBAR_EARLY=1 -DN_STAGES=5 -DPHASE1_UNROLL=4 -DSTAGGER_CYCLES=0
5,4,3,0,32,100,4,1,1,5,0,3,1,0,0,0,0,32,0,244,0,225.0,2.72,1610.23,OK,-DINTERLEAVE_STRATEGY=3 -DN_STAGES=5 -DPHASE1_UNROLL=4 -DSTAGGER_CYCLES=100 -DSUB_MMA_UNROLL=3
5,4,3,0,32,40,4,1,1,5,0,3,1,0,0,0,0,32,0,244,0,225.0,2.733,1602.81,OK,-DINTERLEAVE_STRATEGY=3 -DN_STAGES=5 -DPHASE1_UNROLL=4 -DSTAGGER_CYCLES=40 -DSUB_MMA_UNROLL=3
5,4,3,1,32,0,4,1,1,2,1,0,1,0,0,0,0,32,0,198,0,225.0,2.735,1601.27,OK,-DINTERLEAVE_STRATEGY=3 -DK_LOOP_UNROLL=2 -DMBAR_EARLY=1 -DN_STAGES=5 -DPHASE1_UNROLL=4 -DSTAGGER_CYCLES=0 -DW0_LOOP_UNROLL=1
5,4,3,1,32,0,4,1,1,5,0,0,1,0,0,0,1,32,0,244,0,225.0,2.737,1600.56,OK,-DBATCH_EPILOGUE=1 -DINTERLEAVE_STRATEGY=3 -DK_LOOP_UNROLL=5 -DMBAR_EARLY=1 -DN_STAGES=5 -DPHASE1_UNROLL=4 -DSTAGGER_CYCLES=0
5,4,3,1,32,0,4,1,1,1,1,1,1,0,0,0,0,32,0,190,0,225.0,2.739,1599.12,OK,-DINTERLEAVE_STRATEGY=3 -DK_LOOP_UNROLL=1 -DMBAR_EARLY=1 -DN_STAGES=5 -DPHASE1_UNROLL=4 -DSTAGGER_CYCLES=0 -DSUB_MMA_UNROLL=1 -DW0_LOOP_UNROLL=1
5,4,3,0,32,40,2,1,1,5,0,0,1,0,0,0,0,32,0,240,0,225.0,2.739,1599.36,OK,-DINTERLEAVE_STRATEGY=3 -DN_STAGES=5 -DSTAGGER_CYCLES=40
5,4,1,1,32,0,4,1,1,5,0,3,1,0,4,0,0,32,0,244,0,225.0,2.74,1598.41,OK,-DGELU_VARIANT=4 -DINTERLEAVE_STRATEGY=1 -DK_LOOP_UNROLL=5 -DMBAR_EARLY=1 -DN_STAGES=5 -DPHASE1_UNROLL=4 -DSTAGGER_CYCLES=0 -DSUB_MMA_UNROLL=3
5,4,1,1,32,0,4,1,1,5,0,3,1,1,4,0,0,32,0,247,0,225.0,2.74,1598.61,OK,-DGELU_VARIANT=4 -DINTERLEAVE_STRATEGY=1 -DK_LOOP_UNROLL=5 -DMBAR_EARLY=1 -DN_STAGES=5 -DPHASE1_UNROLL=4 -DPREFETCH_BEFORE_STORE=1 -DSTAGGER_CYCLES=0 -DSUB_MMA_UNROLL=3
5,4,3,1,32,0,4,1,1,8,4,0,1,0,0,0,0,32,0,218,0,225.0,2.746,1595.1,OK,-DINTERLEAVE_STRATEGY=3 -DK_LOOP_UNROLL=8 -DMBAR_EARLY=1 -DN_STAGES=5 -DPHASE1_UNROLL=4 -DSTAGGER_CYCLES=0 -DW0_LOOP_UNROLL=4
5,4,3,1,32,0,4,1,1,5,4,0,1,0,0,0,0,32,0,246,0,225.0,2.749,1593.53,OK,-DINTERLEAVE_STRATEGY=3 -DMBAR_EARLY=1 -DN_STAGES=5 -DPHASE1_UNROLL=4 -DSTAGGER_CYCLES=0 -DW0_LOOP_UNROLL=4
5,4,3,1,32,0,2,1,1,5,0,0,1,0,0,0,0,32,0,242,0,225.0,2.753,1591.01,OK,-DINTERLEAVE_STRATEGY=3 -DMBAR_EARLY=1 -DN_STAGES=5 -DSTAGGER_CYCLES=0
5,4,3,1,32,0,4,1,1,5,0,0,1,0,0,0,1,32,1,247,0,225.0,2.753,1590.95,OK,-DBATCH_EPILOGUE=1 -DK_LOOP_UNROLL=5 -DMBAR_EARLY=1 -DN_STAGES=5 -DPHASE1_UNROLL=4 -DSTAGGER_CYCLES=0 -DSTORE_TIMING=1
5,4,3,0,32,40,2,1,1,5,0,0,1,0,0,0,0,32,0,240,0,225.0,2.754,1590.62,OK,-DINTERLEAVE_STRATEGY=3 -DN_STAGES=5 -DSTAGGER_CYCLES=40
5,4,3,1,32,0,4,1,1,5,4,3,1,0,0,0,0,32,0,246,0,225.0,2.755,1590.05,OK,-DINTERLEAVE_STRATEGY=3 -DMBAR_EARLY=1 -DN_STAGES=5 -DPHASE1_UNROLL=4 -DSTAGGER_CYCLES=0 -DSUB_MMA_UNROLL=3 -DW0_LOOP_UNROLL=4
5,4,3,1,32,0,4,1,1,2,4,1,1,0,0,0,0,32,0,190,0,225.0,2.757,1588.42,OK,-DINTERLEAVE_STRATEGY=3 -DK_LOOP_UNROLL=2 -DMBAR_EARLY=1 -DN_STAGES=5 -DPHASE1_UNROLL=4 -DSTAGGER_CYCLES=0 -DSUB_MMA_UNROLL=1 -DW0_LOOP_UNROLL=4
5,4,3,0,32,100,4,1,1,1,1,1,1,0,0,0,0,32,0,190,0,225.0,2.758,1587.99,OK,-DINTERLEAVE_STRATEGY=3 -DK_LOOP_UNROLL=1 -DN_STAGES=5 -DPHASE1_UNROLL=4 -DSTAGGER_CYCLES=100 -DSUB_MMA_UNROLL=1 -DW0_LOOP_UNROLL=1
5,4,3,0,32,100,4,1,1,5,0,1,1,0,0,0,0,32,0,229,0,225.0,2.759,1587.64,OK,-DINTERLEAVE_STRATEGY=3 -DN_STAGES=5 -DPHASE1_UNROLL=4 -DSTAGGER_CYCLES=100 -DSUB_MMA_UNROLL=1
5,4,3,0,32,100,4,1,1,2,1,1,1,0,0,0,0,32,0,190,0,225.0,2.761,1586.65,OK,-DINTERLEAVE_STRATEGY=3 -DK_LOOP_UNROLL=2 -DN_STAGES=5 -DPHASE1_UNROLL=4 -DSTAGGER_CYCLES=100 -DSUB_MMA_UNROLL=1 -DW0_LOOP_UNROLL=1
5,4,3,0,32,100,4,1,1,5,4,0,1,0,0,0,0,32,0,244,0,225.0,2.761,1586.18,OK,-DINTERLEAVE_STRATEGY=3 -DN_STAGES=5 -DPHASE1_UNROLL=4 -DSTAGGER_CYCLES=100 -DW0_LOOP_UNROLL=4
5,4,3,0,32,100,4,1,1,5,4,3,1,0,0,0,0,32,0,244,0,225.0,2.761,1586.29,OK,-DINTERLEAVE_STRATEGY=3 -DN_STAGES=5 -DPHASE1_UNROLL=4 -DSTAGGER_CYCLES=100 -DSUB_MMA_UNROLL=3 -DW0_LOOP_UNROLL=4
5,4,3,0,32,40,4,1,1,1,4,1,1,0,0,0,0,32,0,190,0,225.0,2.762,1585.8,OK,-DINTERLEAVE_STRATEGY=3 -DK_LOOP_UNROLL=1 -DN_STAGES=5 -DPHASE1_UNROLL=4 -DSTAGGER_CYCLES=40 -DSUB_MMA_UNROLL=1 -DW0_LOOP_UNROLL=4
5,4,3,0,32,40,4,1,1,2,0,0,1,0,0,0,0,32,0,224,0,225.0,2.762,1586.09,OK,-DINTERLEAVE_STRATEGY=3 -DK_LOOP_UNROLL=2 -DN_STAGES=5 -DPHASE1_UNROLL=4 -DSTAGGER_CYCLES=40
5,4,3,1,32,0,4,1,1,5,0,3,1,0,0,0,1,32,0,244,0,225.0,2.762,1585.78,OK,-DBATCH_EPILOGUE=1 -DINTERLEAVE_STRATEGY=3 -DK_LOOP_UNROLL=5 -DMBAR_EARLY=1 -DN_STAGES=5 -DPHASE1_UNROLL=4 -DSTAGGER_CYCLES=0 -DSUB_MMA_UNROLL=3
5,4,3,1,32,0,4,1,1,2,1,1,1,0,0,0,0,32,0,190,0,225.0,2.763,1584.97,OK,-DINTERLEAVE_STRATEGY=3 -DK_LOOP_UNROLL=2 -DMBAR_EARLY=1 -DN_STAGES=5 -DPHASE1_UNROLL=4 -DSTAGGER_CYCLES=0 -DSUB_MMA_UNROLL=1 -DW0_LOOP_UNROLL=1
5,4,3,0,32,100,2,1,1,5,0,0,1,0,0,0,0,32,0,240,0,225.0,2.764,1584.72,OK,-DINTERLEAVE_STRATEGY=3 -DN_STAGES=5 -DSTAGGER_CYCLES=100
5,4,3,0,32,100,4,1,1,6,0,1,1,0,0,0,0,32,0,229,0,225.0,2.764,1584.89,OK,-DINTERLEAVE_STRATEGY=3 -DK_LOOP_UNROLL=6 -DN_STAGES=5 -DPHASE1_UNROLL=4 -DSTAGGER_CYCLES=100 -DSUB_MMA_UNROLL=1
5,4,3,1,32,0,4,1,1,5,0,3,0,1,0,0,0,32,0,248,0,225.0,2.764,1584.67,OK,-DINTERLEAVE_STRATEGY=3 -DK_LOOP_UNROLL=5 -DMBAR_EARLY=1 -DN_STAGES=5 -DPHASE1_UNROLL=4 -DPREFETCH_BEFORE_STORE=1 -DPRELOAD_MODE=0 -DSTAGGER_CYCLES=0 -DSUB_MMA_UNROLL=3
5,4,3,1,32,0,4,1,1,2,0,3,1,0,0,0,0,32,0,220,0,225.0,2.766,1583.3,OK,-DINTERLEAVE_STRATEGY=3 -DK_LOOP_UNROLL=2 -DMBAR_EARLY=1 -DN_STAGES=5 -DPHASE1_UNROLL=4 -DSTAGGER_CYCLES=0 -DSUB_MMA_UNROLL=3
5,4,3,1,32,0,4,1,1,5,1,0,1,0,0,0,0,32,0,246,0,225.0,2.766,1583.73,OK,-DINTERLEAVE_STRATEGY=3 -DMBAR_EARLY=1 -DN_STAGES=5 -DPHASE1_UNROLL=4 -DSTAGGER_CYCLES=0 -DW0_LOOP_UNROLL=1
5,4,3,0,32,100,4,1,1,2,4,1,1,0,0,0,0,32,0,190,0,225.0,2.766,1583.65,OK,-DINTERLEAVE_STRATEGY=3 -DK_LOOP_UNROLL=2 -DN_STAGES=5 -DPHASE1_UNROLL=4 -DSTAGGER_CYCLES=100 -DSUB_MMA_UNROLL=1 -DW0_LOOP_UNROLL=4
4,4,3,0,32,60,2,1,1,4,0,0,1,0,0,0,0,32,0,242,0,193.0,2.77,1580.99,OK,-DINTERLEAVE_STRATEGY=3 -DSTAGGER_CYCLES=60
5,4,3,1,32,0,4,1,1,1,1,3,1,0,0,0,0,32,0,198,0,225.0,2.77,1581.44,OK,-DINTERLEAVE_STRATEGY=3 -DK_LOOP_UNROLL=1 -DMBAR_EARLY=1 -DN_STAGES=5 -DPHASE1_UNROLL=4 -DSTAGGER_CYCLES=0 -DSUB_MMA_UNROLL=3 -DW0_LOOP_UNROLL=1
5,4,3,0,32,100,4,1,1,2,0,3,1,0,0,0,0,32,0,224,0,225.0,2.771,1580.5,OK,-DINTERLEAVE_STRATEGY=3 -DK_LOOP_UNROLL=2 -DN_STAGES=5 -DPHASE1_UNROLL=4 -DSTAGGER_CYCLES=100 -DSUB_MMA_UNROLL=3
5,4,3,0,32,100,2,1,1,5,0,3,1,0,0,0,0,32,0,240,0,225.0,2.771,1580.49,OK,-DINTERLEAVE_STRATEGY=3 -DN_STAGES=5 -DSTAGGER_CYCLES=100 -DSUB_MMA_UNROLL=3
5,4,3,0,32,100,4,1,1,5,1,0,1,0,0,0,0,32,0,244,0,225.0,2.771,1580.55,OK,-DINTERLEAVE_STRATEGY=3 -DN_STAGES=5 -DPHASE1_UNROLL=4 -DSTAGGER_CYCLES=100 -DW0_LOOP_UNROLL=1
5,4,3,0,32,100,4,1,1,2,1,0,1,0,0,0,0,32,0,198,0,225.0,2.772,1579.97,OK,-DINTERLEAVE_STRATEGY=3 -DK_LOOP_UNROLL=2 -DN_STAGES=5 -DPHASE1_UNROLL=4 -DSTAGGER_CYCLES=100 -DW0_LOOP_UNROLL=1
5,4,3,1,32,0,4,1,1,5,1,3,1,0,0,0,0,32,0,246,0,225.0,2.773,1579.26,OK,-DINTERLEAVE_STRATEGY=3 -DMBAR_EARLY=1 -DN_STAGES=5 -DPHASE1_UNROLL=4 -DSTAGGER_CYCLES=0 -DSUB_MMA_UNROLL=3 -DW0_LOOP_UNROLL=1
5,4,3,0,32,160,2,1,1,5,0,0,1,0,0,0,0,32,0,240,0,225.0,2.775,1578.13,OK,-DINTERLEAVE_STRATEGY=3 -DN_STAGES=5 -DSTAGGER_CYCLES=160
5,4,3,1,32,0,4,1,1,2,1,3,1,0,0,0,0,32,0,198,0,225.0,2.775,1578.24,OK,-DINTERLEAVE_STRATEGY=3 -DK_LOOP_UNROLL=2 -DMBAR_EARLY=1 -DN_STAGES=5 -DPHASE1_UNROLL=4 -DSTAGGER_CYCLES=0 -DSUB_MMA_UNROLL=3 -DW0_LOOP_UNROLL=1
5,4,3,0,32,100,4,1,1,6,4,3,1,0,0,0,0,32,0,218,0,225.0,2.776,1577.56,OK,-DINTERLEAVE_STRATEGY=3 -DK_LOOP_UNROLL=6 -DN_STAGES=5 -DPHASE1_UNROLL=4 -DSTAGGER_CYCLES=100 -DSUB_MMA_UNROLL=3 -DW0_LOOP_UNROLL=4
4,4,3,0,32,160,2,1,1,4,0,0,1,0,0,0,0,32,0,242,0,193.0,2.777,1577.19,OK,-DINTERLEAVE_STRATEGY=3 -DSTAGGER_CYCLES=160
5,4,3,1,32,0,4,1,1,1,1,0,1,0,0,0,0,32,0,198,0,225.0,2.777,1577.37,OK,-DINTERLEAVE_STRATEGY=3 -DK_LOOP_UNROLL=1 -DMBAR_EARLY=1 -DN_STAGES=5 -DPHASE1_UNROLL=4 -DSTAGGER_CYCLES=0 -DW0_LOOP_UNROLL=1
5,4,3,1,32,0,4,1,1,1,0,3,1,0,0,0,0,32,0,220,0,225.0,2.777,1577.22,OK,-DINTERLEAVE_STRATEGY=3 -DK_LOOP_UNROLL=1 -DMBAR_EARLY=1 -DN_STAGES=5 -DPHASE1_UNROLL=4 -DSTAGGER_CYCLES=0 -DSUB_MMA_UNROLL=3
5,4,3,1,32,0,4,1,1,8,4,3,1,0,0,0,0,32,0,218,0,225.0,2.778,1576.64,OK,-DINTERLEAVE_STRATEGY=3 -DK_LOOP_UNROLL=8 -DMBAR_EARLY=1 -DN_STAGES=5 -DPHASE1_UNROLL=4 -DSTAGGER_CYCLES=0 -DSUB_MMA_UNROLL=3 -DW0_LOOP_UNROLL=4
5,4,3,0,32,40,2,1,1,5,0,3,1,0,0,0,0,32,0,240,0,225.0,2.778,1576.9,OK,-DINTERLEAVE_STRATEGY=3 -DN_STAGES=5 -DSTAGGER_CYCLES=40 -DSUB_MMA_UNROLL=3
5,4,3,0,32,100,2,1,1,5,0,0,1,0,0,0,0,32,0,240,0,225.0,2.778,1576.95,OK,-DINTERLEAVE_STRATEGY=3 -DN_STAGES=5 -DSTAGGER_CYCLES=100
5,4,3,0,32,100,4,1,1,8,0,1,1,0,0,0,0,32,0,229,0,225.0,2.78,1575.37,OK,-DINTERLEAVE_STRATEGY=3 -DK_LOOP_UNROLL=8 -DN_STAGES=5 -DPHASE1_UNROLL=4 -DSTAGGER_CYCLES=100 -DSUB_MMA_UNROLL=1
5,4,3,1,32,0,4,1,1,5,0,0,0,0,0,0,1,32,0,244,0,225.0,2.78,1575.5,OK,-DBATCH_EPILOGUE=1 -DINTERLEAVE_STRATEGY=3 -DK_LOOP_UNROLL=5 -DMBAR_EARLY=1 -DN_STAGES=5 -DPHASE1_UNROLL=4 -DPRELOAD_MODE=0 -DSTAGGER_CYCLES=0
5,4,3,1,32,0,4,1,1,2,0,0,1,0,0,0,0,32,0,220,0,225.0,2.781,1574.76,OK,-DINTERLEAVE_STRATEGY=3 -DK_LOOP_UNROLL=2 -DMBAR_EARLY=1 -DN_STAGES=5 -DPHASE1_UNROLL=4 -DSTAGGER_CYCLES=0
5,4,3,1,32,0,4,1,1,6,4,0,1,0,0,0,0,32,0,218,0,225.0,2.781,1575.14,OK,-DINTERLEAVE_STRATEGY=3 -DK_LOOP_UNROLL=6 -DMBAR_EARLY=1 -DN_STAGES=5 -DPHASE1_UNROLL=4 -DSTAGGER_CYCLES=0 -DW0_LOOP_UNROLL=4
5,4,3,1,32,0,4,1,1,6,4,3,1,0,0,0,0,32,0,218,0,225.0,2.781,1574.86,OK,-DINTERLEAVE_STRATEGY=3 -DK_LOOP_UNROLL=6 -DMBAR_EARLY=1 -DN_STAGES=5 -DPHASE1_UNROLL=4 -DSTAGGER_CYCLES=0 -DSUB_MMA_UNROLL=3 -DW0_LOOP_UNROLL=4
5,4,3,1,32,0,2,1,1,5,0,0,1,0,0,0,0,32,0,242,0,225.0,2.782,1574.26,OK,-DINTERLEAVE_STRATEGY=3 -DMBAR_EARLY=1 -DN_STAGES=5 -DSTAGGER_CYCLES=0
5,4,3,0,32,40,2,1,1,5,4,0,1,0,0,0,0,32,0,241,0,225.0,2.782,1574.15,OK,-DINTERLEAVE_STRATEGY=3 -DN_STAGES=5 -DSTAGGER_CYCLES=40 -DW0_LOOP_UNROLL=4
5,4,3,0,32,100,4,1,1,1,4,1,1,0,0,0,0,32,0,190,0,225.0,2.782,1574.17,OK,-DINTERLEAVE_STRATEGY=3 -DK_LOOP_UNROLL=1 -DN_STAGES=5 -DPHASE1_UNROLL=4 -DSTAGGER_CYCLES=100 -DSUB_MMA_UNROLL=1 -DW0_LOOP_UNROLL=4
5,4,3,1,32,0,4,1,1,5,0,0,0,1,0,0,0,32,0,248,0,225.0,2.782,1574.32,OK,-DINTERLEAVE_STRATEGY=3 -DK_LOOP_UNROLL=5 -DMBAR_EARLY=1 -DN_STAGES=5 -DPHASE1_UNROLL=4 -DPREFETCH_BEFORE_STORE=1 -DPRELOAD_MODE=0 -DSTAGGER_CYCLES=0
5,4,3,0,32,100,4,1,1,1,1,3,1,0,0,0,0,32,0,198,0,225.0,2.783,1573.64,OK,-DINTERLEAVE_STRATEGY=3 -DK_LOOP_UNROLL=1 -DN_STAGES=5 -DPHASE1_UNROLL=4 -DSTAGGER_CYCLES=100 -DSUB_MMA_UNROLL=3 -DW0_LOOP_UNROLL=1
5,4,3,0,32,100,4,1,1,2,0,0,1,0,0,0,0,32,0,224,0,225.0,2.783,1574.11,OK,-DINTERLEAVE_STRATEGY=3 -DK_LOOP_UNROLL=2 -DN_STAGES=5 -DPHASE1_UNROLL=4 -DSTAGGER_CYCLES=100
5,4,1,0,32,120,2,1,1,5,0,0,1,0,0,0,0,32,0,240,0,225.0,2.784,1573.1,OK,-DINTERLEAVE_STRATEGY=1 -DN_STAGES=5 -DSTAGGER_CYCLES=120
4,4,3,0,32,120,2,1,1,4,0,0,1,0,0,0,0,32,0,242,0,193.0,2.784,1573.09,OK,-DINTERLEAVE_STRATEGY=3 -DSTAGGER_CYCLES=120
5,4,3,0,32,100,4,1,1,5,1,3,1,0,0,0,0,32,0,244,0,225.0,2.784,1573.47,OK,-DINTERLEAVE_STRATEGY=3 -DN_STAGES=5 -DPHASE1_UNROLL=4 -DSTAGGER_CYCLES=100 -DSUB_MMA_UNROLL=3 -DW0_LOOP_UNROLL=1
5,4,3,0,32,40,4,1,1,5,1,3,1,0,0,0,0,32,0,244,0,225.0,2.785,1572.56,OK,-DINTERLEAVE_STRATEGY=3 -DN_STAGES=5 -DPHASE1_UNROLL=4 -DSTAGGER_CYCLES=40 -DSUB_MMA_UNROLL=3 -DW0_LOOP_UNROLL=1
5,4,3,0,32,60,2,1,1,5,0,0,1,0,0,0,0,32,0,240,0,225.0,2.786,1572.12,OK,-DINTERLEAVE_STRATEGY=3 -DN_STAGES=5 -DSTAGGER_CYCLES=60
5,4,3,1,32,0,4,1,1,1,4,1,1,0,0,0,0,32,0,190,0,225.0,2.786,1572.13,OK,-DINTERLEAVE_STRATEGY=3 -DK_LOOP_UNROLL=1 -DMBAR_EARLY=1 -DN_STAGES=5 -DPHASE1_UNROLL=4 -DSTAGGER_CYCLES=0 -DSUB_MMA_UNROLL=1 -DW0_LOOP_UNROLL=4
5,4,3,0,32,40,4,1,1,6,0,1,1,0,0,0,0,32,0,229,0,225.0,2.787,1571.75,OK,-DINTERLEAVE_STRATEGY=3 -DK_LOOP_UNROLL=6 -DN_STAGES=5 -DPHASE1_UNROLL=4 -DSTAGGER_CYCLES=40 -DSUB_MMA_UNROLL=1
5,4,3,0,32,100,4,1,1,1,1,0,1,0,0,0,0,32,0,198,0,225.0,2.787,1571.88,OK,-DINTERLEAVE_STRATEGY=3 -DK_LOOP_UNROLL=1 -DN_STAGES=5 -DPHASE1_UNROLL=4 -DSTAGGER_CYCLES=100 -DW0_LOOP_UNROLL=1
5,4,1,0,32,60,2,1,1,5,0,0,1,0,0,0,0,32,0,240,0,225.0,2.788,1571.2,OK,-DINTERLEAVE_STRATEGY=1 -DN_STAGES=5 -DSTAGGER_CYCLES=60
5,4,3,1,32,80,2,1,1,5,0,0,1,0,0,0,0,32,0,240,0,225.0,2.788,1571.22,OK,-DINTERLEAVE_STRATEGY=3 -DMBAR_EARLY=1 -DN_STAGES=5
5,4,3,1,32,0,2,1,1,5,0,3,1,0,0,0,0,32,0,242,0,225.0,2.788,1570.79,OK,-DINTERLEAVE_STRATEGY=3 -DMBAR_EARLY=1 -DN_STAGES=5 -DSTAGGER_CYCLES=0 -DSUB_MMA_UNROLL=3
5,4,3,0,32,40,4,1,1,2,1,1,1,0,0,0,0,32,0,190,0,225.0,2.788,1570.77,OK,-DINTERLEAVE_STRATEGY=3 -DK_LOOP_UNROLL=2 -DN_STAGES=5 -DPHASE1_UNROLL=4 -DSTAGGER_CYCLES=40 -DSUB_MMA_UNROLL=1 -DW0_LOOP_UNROLL=1
5,4,3,0,32,40,4,1,1,5,4,0,1,0,0,0,0,32,0,244,0,225.0,2.789,1570.36,OK,-DINTERLEAVE_STRATEGY=3 -DN_STAGES=5 -DPHASE1_UNROLL=4 -DSTAGGER_CYCLES=40 -DW0_LOOP_UNROLL=4
5,4,3,0,32,40,4,1,1,5,4,3,1,0,0,0,0,32,0,244,0,225.0,2.79,1570.04,OK,-DINTERLEAVE_STRATEGY=3 -DN_STAGES=5 -DPHASE1_UNROLL=4 -DSTAGGER_CYCLES=40 -DSUB_MMA_UNROLL=3 -DW0_LOOP_UNROLL=4
5,4,3,0,32,40,4,1,1,2,1,0,1,0,0,0,0,32,0,198,0,225.0,2.791,1569.54,OK,-DINTERLEAVE_STRATEGY=3 -DK_LOOP_UNROLL=2 -DN_STAGES=5 -DPHASE1_UNROLL=4 -DSTAGGER_CYCLES=40 -DW0_LOOP_UNROLL=1
5,4,3,0,32,40,4,1,1,8,0,1,1,0,0,0,0,32,0,229,0,225.0,2.791,1569.62,OK,-DINTERLEAVE_STRATEGY=3 -DK_LOOP_UNROLL=8 -DN_STAGES=5 -DPHASE1_UNROLL=4 -DSTAGGER_CYCLES=40 -DSUB_MMA_UNROLL=1
5,4,3,1,32,160,2,1,1,5,0,0,1,0,0,0,0,32,0,240,0,225.0,2.792,1568.91,OK,-DINTERLEAVE_STRATEGY=3 -DMBAR_EARLY=1 -DN_STAGES=5 -DSTAGGER_CYCLES=160
4,4,3,0,32,100,2,1,1,4,0,0,1,0,0,0,0,32,0,242,0,193.0,2.792,1568.54,OK,-DINTERLEAVE_STRATEGY=3 -DSTAGGER_CYCLES=100
5,4,3,1,32,0,4,1,1,1,4,3,1,0,0,0,0,32,0,198,0,225.0,2.792,1568.89,OK,-DINTERLEAVE_STRATEGY=3 -DK_LOOP_UNROLL=1 -DMBAR_EARLY=1 -DN_STAGES=5 -DPHASE1_UNROLL=4 -DSTAGGER_CYCLES=0 -DSUB_MMA_UNROLL=3 -DW0_LOOP_UNROLL=4
5,4,3,0,32,100,4,1,1,8,4,1,1,0,0,0,0,32,0,212,0,225.0,2.793,1568.07,OK,-DINTERLEAVE_STRATEGY=3 -DK_LOOP_UNROLL=8 -DN_STAGES=5 -DPHASE1_UNROLL=4 -DSTAGGER_CYCLES=100 -DSUB_MMA_UNROLL=1 -DW0_LOOP_UNROLL=4
5,4,3,1,32,0,4,1,1,5,0,3,0,0,0,0,1,32,0,244,0,225.0,2.793,1568.4,OK,-DBATCH_EPILOGUE=1 -DINTERLEAVE_STRATEGY=3 -DK_LOOP_UNROLL=5 -DMBAR_EARLY=1 -DN_STAGES=5 -DPHASE1_UNROLL=4 -DPRELOAD_MODE=0 -DSTAGGER_CYCLES=0 -DSUB_MMA_UNROLL=3
5,4,3,0,32,40,4,1,1,2,0,3,1,0,0,0,0,32,0,224,0,225.0,2.794,1567.65,OK,-DINTERLEAVE_STRATEGY=3 -DK_LOOP_UNROLL=2 -DN_STAGES=5 -DPHASE1_UNROLL=4 -DSTAGGER_CYCLES=40 -DSUB_MMA_UNROLL=3
5,4,3,0,32,40,2,1,1,5,4,3,1,0,0,0,0,32,0,241,0,225.0,2.794,1567.93,OK,-DINTERLEAVE_STRATEGY=3 -DN_STAGES=5 -DSTAGGER_CYCLES=40 -DSUB_MMA_UNROLL=3 -DW0_LOOP_UNROLL=4
5,4,1,1,32,0,4,1,1,5,0,3,1,0,0,0,1,8,1,247,0,225.0,2.794,1567.7,OK,-DBATCH_EPILOGUE=1 -DGELU_VECTOR_WIDTH=8 -DK_LOOP_UNROLL=5 -DMBAR_EARLY=1 -DN_STAGES=5 -DPHASE1_UNROLL=4 -DSTAGGER_CYCLES=0 -DSTORE_TIMING=1 -DSUB_MMA_UNROLL=3
5,4,3,0,32,40,4,1,1,2,4,1,1,0,0,0,0,32,0,190,0,225.0,2.795,1567.37,OK,-DINTERLEAVE_STRATEGY=3 -DK_LOOP_UNROLL=2 -DN_STAGES=5 -DPHASE1_UNROLL=4 -DSTAGGER_CYCLES=40 -DSUB_MMA_UNROLL=1 -DW0_LOOP_UNROLL=4
4,4,3,0,32,200,2,1,1,4,0,0,1,0,0,0,0,32,0,242,0,193.0,2.797,1565.89,OK,-DINTERLEAVE_STRATEGY=3 -DSTAGGER_CYCLES=200
5,4,3,1,32,0,4,1,1,8,4,1,1,0,0,0,0,32,0,209,0,225.0,2.8,1564.18,OK,-DINTERLEAVE_STRATEGY=3 -DK_LOOP_UNROLL=8 -DMBAR_EARLY=1 -DN_STAGES=5 -DPHASE1_UNROLL=4 -DSTAGGER_CYCLES=0 -DSUB_MMA_UNROLL=1 -DW0_LOOP_UNROLL=4
5,4,3,1,32,60,2,1,1,5,0,0,1,0,0,0,0,32,0,240,0,225.0,2.801,1563.52,OK,-DINTERLEAVE_STRATEGY=3 -DMBAR_EARLY=1 -DN_STAGES=5 -DSTAGGER_CYCLES=60
5,4,3,1,32,0,4,1,1,5,0,1,1,0,0,0,0,32,0,230,0,225.0,2.801,1563.87,OK,-DINTERLEAVE_STRATEGY=3 -DMBAR_EARLY=1 -DN_STAGES=5 -DPHASE1_UNROLL=4 -DSTAGGER_CYCLES=0 -DSUB_MMA_UNROLL=1
5,4,3,1,32,0,2,1,1,6,4,3,1,0,0,0,0,32,0,210,0,225.0,2.801,1563.84,OK,-DINTERLEAVE_STRATEGY=3 -DK_LOOP_UNROLL=6 -DMBAR_EARLY=1 -DN_STAGES=5 -DSTAGGER_CYCLES=0 -DSUB_MMA_UNROLL=3 -DW0_LOOP_UNROLL=4
5,4,3,1,32,0,4,1,1,1,4,0,1,0,0,0,0,32,0,198,0,225.0,2.802,1563.16,OK,-DINTERLEAVE_STRATEGY=3 -DK_LOOP_UNROLL=1 -DMBAR_EARLY=1 -DN_STAGES=5 -DPHASE1_UNROLL=4 -DSTAGGER_CYCLES=0 -DW0_LOOP_UNROLL=4
5,4,3,0,32,80,2,1,1,5,0,0,1,0,0,0,0,32,0,240,0,225.0,2.803,1562.65,OK,-DINTERLEAVE_STRATEGY=3 -DN_STAGES=5
5,4,3,1,32,40,2,1,1,5,0,0,1,0,0,0,0,32,0,240,0,225.0,2.803,1562.54,OK,-DINTERLEAVE_STRATEGY=3 -DMBAR_EARLY=1 -DN_STAGES=5 -DSTAGGER_CYCLES=40
5,4,3,0,32,100,4,1,1,2,1,3,1,0,0,0,0,32,0,198,0,225.0,2.803,1562.56,OK,-DINTERLEAVE_STRATEGY=3 -DK_LOOP_UNROLL=2 -DN_STAGES=5 -DPHASE1_UNROLL=4 -DSTAGGER_CYCLES=100 -DSUB_MMA_UNROLL=3 -DW0_LOOP_UNROLL=1
5,4,3,0,32,100,4,1,1,2,4,3,1,0,0,0,0,32,0,198,0,225.0,2.803,1562.42,OK,-DINTERLEAVE_STRATEGY=3 -DK_LOOP_UNROLL=2 -DN_STAGES=5 -DPHASE1_UNROLL=4 -DSTAGGER_CYCLES=100 -DSUB_MMA_UNROLL=3 -DW0_LOOP_UNROLL=4
5,4,3,0,32,40,4,1,1,1,1,1,1,0,0,0,0,32,0,190,0,225.0,2.805,1561.78,OK,-DINTERLEAVE_STRATEGY=3 -DK_LOOP_UNROLL=1 -DN_STAGES=5 -DPHASE1_UNROLL=4 -DSTAGGER_CYCLES=40 -DSUB_MMA_UNROLL=1 -DW0_LOOP_UNROLL=1
4,4,3,0,32,80,2,1,1,4,0,0,1,0,0,0,0,32,0,242,0,193.0,2.807,1560.5,OK,-DINTERLEAVE_STRATEGY=3
5,4,3,0,32,40,4,1,1,5,1,0,1,0,0,0,0,32,0,244,0,225.0,2.807,1560.36,OK,-DINTERLEAVE_STRATEGY=3 -DN_STAGES=5 -DPHASE1_UNROLL=4 -DSTAGGER_CYCLES=40 -DW0_LOOP_UNROLL=1
5,4,3,0,32,40,4,1,1,5,1,1,1,0,0,0,0,32,0,212,0,225.0,2.807,1560.17,OK,-DINTERLEAVE_STRATEGY=3 -DN_STAGES=5 -DPHASE1_UNROLL=4 -DSTAGGER_CYCLES=40 -DSUB_MMA_UNROLL=1 -DW0_LOOP_UNROLL=1
5,4,3,0,32,40,4,1,1,6,4,0,1,0,0,0,0,32,0,218,0,225.0,2.807,1560.56,OK,-DINTERLEAVE_STRATEGY=3 -DK_LOOP_UNROLL=6 -DN_STAGES=5 -DPHASE1_UNROLL=4 -DSTAGGER_CYCLES=40 -DW0_LOOP_UNROLL=4
5,4,3,1,32,0,4,1,1,5,4,1,1,0,0,0,0,32,0,209,0,225.0,2.808,1560.04,OK,-DINTERLEAVE_STRATEGY=3 -DMBAR_EARLY=1 -DN_STAGES=5 -DPHASE1_UNROLL=4 -DSTAGGER_CYCLES=0 -DSUB_MMA_UNROLL=1 -DW0_LOOP_UNROLL=4
5,4,3,1,32,100,2,1,1,5,0,0,1,0,0,0,0,32,0,240,0,225.0,2.809,1559.46,OK,-DINTERLEAVE_STRATEGY=3 -DMBAR_EARLY=1 -DN_STAGES=5 -DSTAGGER_CYCLES=100
5,4,3,1,32,0,4,1,1,8,0,1,1,0,0,0,0,32,0,230,0,225.0,2.809,1559.39,OK,-DINTERLEAVE_STRATEGY=3 -DK_LOOP_UNROLL=8 -DMBAR_EARLY=1 -DN_STAGES=5 -DPHASE1_UNROLL=4 -DSTAGGER_CYCLES=0 -DSUB_MMA_UNROLL=1
5,4,3,0,32,40,4,1,1,2,1,3,1,0,0,0,0,32,0,198,0,225.0,2.809,1559.04,OK,-DINTERLEAVE_STRATEGY=3 -DK_LOOP_UNROLL=2 -DN_STAGES=5 -DPHASE1_UNROLL=4 -DSTAGGER_CYCLES=40 -DSUB_MMA_UNROLL=3 -DW0_LOOP_UNROLL=1
5,4,1,1,32,0,4,1,1,5,0,3,1,0,0,0,1,32,1,247,0,225.0,2.809,1559.37,OK,-DBATCH_EPILOGUE=1 -DK_LOOP_UNROLL=5 -DMBAR_EARLY=1 -DN_STAGES=5 -DPHASE1_UNROLL=4 -DSTAGGER_CYCLES=0 -DSTORE_TIMING=1 -DSUB_MMA_UNROLL=3
5,4,1,1,32,100,2,1,1,5,0,0,1,0,0,0,0,32,0,242,0,225.0,2.81,1558.59,OK,-DINTERLEAVE_STRATEGY=1 -DMBAR_EARLY=1 -DN_STAGES=5 -DSTAGGER_CYCLES=100
5,4,3,1,32,120,2,1,1,5,0,0,1,0,0,0,0,32,0,240,0,225.0,2.81,1558.83,OK,-DINTERLEAVE_STRATEGY=3 -DMBAR_EARLY=1 -DN_STAGES=5 -DSTAGGER_CYCLES=120
5,4,3,1,32,0,2,1,1,1,0,3,1,0,0,0,0,32,0,216,0,225.0,2.81,1559.01,OK,-DINTERLEAVE_STRATEGY=3 -DK_LOOP_UNROLL=1 -DMBAR_EARLY=1 -DN_STAGES=5 -DSTAGGER_CYCLES=0 -DSUB_MMA_UNROLL=3
5,4,3,0,32,120,2,1,1,5,0,0,1,0,0,0,0,32,0,240,0,225.0,2.811,1558.42,OK,-DINTERLEAVE_STRATEGY=3 -DN_STAGES=5 -DSTAGGER_CYCLES=120
5,4,3,0,32,40,4,1,1,1,1,3,1,0,0,0,0,32,0,198,0,225.0,2.811,1558.33,OK,-DINTERLEAVE_STRATEGY=3 -DK_LOOP_UNROLL=1 -DN_STAGES=5 -DPHASE1_UNROLL=4 -DSTAGGER_CYCLES=40 -DSUB_MMA_UNROLL=3 -DW0_LOOP_UNROLL=1
5,4,3,0,32,100,2,1,1,5,1,3,1,0,0,0,0,32,0,241,0,225.0,2.811,1558.27,OK,-DINTERLEAVE_STRATEGY=3 -DN_STAGES=5 -DSTAGGER_CYCLES=100 -DSUB_MMA_UNROLL=3 -DW0_LOOP_UNROLL=1
5,4,3,1,32,0,4,1,1,1,0,0,1,0,0,0,0,32,0,220,0,225.0,2.813,1557.02,OK,-DINTERLEAVE_STRATEGY=3 -DK_LOOP_UNROLL=1 -DMBAR_EARLY=1 -DN_STAGES=5 -DPHASE1_UNROLL=4 -DSTAGGER_CYCLES=0
5,4,3,0,32,100,4,1,1,1,0,0,1,0,0,0,0,32,0,224,0,225.0,2.814,1556.64,OK,-DINTERLEAVE_STRATEGY=3 -DK_LOOP_UNROLL=1 -DN_STAGES=5 -DPHASE1_UNROLL=4 -DSTAGGER_CYCLES=100
5,4,3,1,32,200,2,1,1,5,0,0,1,0,0,0,0,32,0,240,0,225.0,2.815,1556.24,OK,-DINTERLEAVE_STRATEGY=3 -DMBAR_EARLY=1 -DN_STAGES=5 -DSTAGGER_CYCLES=200
5,4,3,0,32,100,4,1,1,1,4,3,1,0,0,0,0,32,0,198,0,225.0,2.815,1556.07,OK,-DINTERLEAVE_STRATEGY=3 -DK_LOOP_UNROLL=1 -DN_STAGES=5 -DPHASE1_UNROLL=4 -DSTAGGER_CYCLES=100 -DSUB_MMA_UNROLL=3 -DW0_LOOP_UNROLL=4
5,4,3,0,32,40,4,1,1,6,4,1,1,0,0,0,0,32,0,212,0,225.0,2.816,1555.36,OK,-DINTERLEAVE_STRATEGY=3 -DK_LOOP_UNROLL=6 -DN_STAGES=5 -DPHASE1_UNROLL=4 -DSTAGGER_CYCLES=40 -DSUB_MMA_UNROLL=1 -DW0_LOOP_UNROLL=4
5,4,3,0,32,100,4,1,1,1,4,0,1,0,0,0,0,32,0,198,0,225.0,2.817,1554.78,OK,-DINTERLEAVE_STRATEGY=3 -DK_LOOP_UNROLL=1 -DN_STAGES=5 -DPHASE1_UNROLL=4 -DSTAGGER_CYCLES=100 -DW0_LOOP_UNROLL=4
5,4,3,0,32,100,2,1,1,5,4,3,1,0,0,0,0,32,0,241,0,225.0,2.817,1555.09,OK,-DINTERLEAVE_STRATEGY=3 -DN_STAGES=5 -DSTAGGER_CYCLES=100 -DSUB_MMA_UNROLL=3 -DW0_LOOP_UNROLL=4
5,4,3,0,32,100,4,1,1,6,0,3,1,0,0,0,0,32,0,238,0,225.0,2.817,1554.97,OK,-DINTERLEAVE_STRATEGY=3 -DK_LOOP_UNROLL=6 -DN_STAGES=5 -DPHASE1_UNROLL=4 -DSTAGGER_CYCLES=100 -DSUB_MMA_UNROLL=3
5,4,1,0,32,80,2,1,1,5,0,0,1,0,0,0,0,32,0,240,0,225.0,2.82,1553.03,OK,-DINTERLEAVE_STRATEGY=1 -DN_STAGES=5
5,4,3,1,32,0,2,1,1,2,0,3,1,0,0,0,0,32,0,216,0,225.0,2.82,1553.15,OK,-DINTERLEAVE_STRATEGY=3 -DK_LOOP_UNROLL=2 -DMBAR_EARLY=1 -DN_STAGES=5 -DSTAGGER_CYCLES=0 -DSUB_MMA_UNROLL=3
5,4,3,0,32,40,4,1,1,5,4,1,1,0,0,0,0,32,0,212,0,225.0,2.82,1552.96,OK,-DINTERLEAVE_STRATEGY=3 -DN_STAGES=5 -DPHASE1_UNROLL=4 -DSTAGGER_CYCLES=40 -DSUB_MMA_UNROLL=1 -DW0_LOOP_UNROLL=4
5,4,3,0,32,40,4,1,1,1,4,3,1,0,0,0,0,32,0,198,0,225.0,2.821,1552.88,OK,-DINTERLEAVE_STRATEGY=3 -DK_LOOP_UNROLL=1 -DN_STAGES=5 -DPHASE1_UNROLL=4 -DSTAGGER_CYCLES=40 -DSUB_MMA_UNROLL=3 -DW0_LOOP_UNROLL=4
5,4,3,0,32,100,2,1,1,5,4,0,1,0,0,0,0,32,0,241,0,225.0,2.821,1552.62,OK,-DINTERLEAVE_STRATEGY=3 -DN_STAGES=5 -DSTAGGER_CYCLES=100 -DW0_LOOP_UNROLL=4
5,4,3,0,32,100,4,1,1,8,0,0,1,0,0,0,0,32,0,238,0,225.0,2.821,1552.92,OK,-DINTERLEAVE_STRATEGY=3 -DK_LOOP_UNROLL=8 -DN_STAGES=5 -DPHASE1_UNROLL=4 -DSTAGGER_CYCLES=100
5,4,3,0,32,100,4,1,1,8,1,0,1,0,0,0,0,32,0,218,0,225.0,2.821,1552.74,OK,-DINTERLEAVE_STRATEGY=3 -DK_LOOP_UNROLL=8 -DN_STAGES=5 -DPHASE1_UNROLL=4 -DSTAGGER_CYCLES=100 -DW0_LOOP_UNROLL=1
5,4,3,1,32,0,2,1,1,6,1,3,1,0,0,0,0,32,0,210,0,225.0,2.822,1552.2,OK,-DINTERLEAVE_STRATEGY=3 -DK_LOOP_UNROLL=6 -DMBAR_EARLY=1 -DN_STAGES=5 -DSTAGGER_CYCLES=0 -DSUB_MMA_UNROLL=3 -DW0_LOOP_UNROLL=1
5,4,3,0,32,100,4,1,1,5,4,1,1,0,0,0,0,32,0,212,0,225.0,2.822,1552.06,OK,-DINTERLEAVE_STRATEGY=3 -DN_STAGES=5 -DPHASE1_UNROLL=4 -DSTAGGER_CYCLES=100 -DSUB_MMA_UNROLL=1 -DW0_LOOP_UNROLL=4
5,4,3,0,32,100,2,1,1,8,0,3,1,0,0,0,0,32,0,234,0,225.0,2.823,1551.34,OK,-DINTERLEAVE_STRATEGY=3 -DK_LOOP_UNROLL=8 -DN_STAGES=5 -DSTAGGER_CYCLES=100 -DSUB_MMA_UNROLL=3
5,4,3,1,32,0,4,1,1,6,0,3,1,0,0,0,0,32,0,236,0,225.0,2.824,1550.88,OK,-DINTERLEAVE_STRATEGY=3 -DK_LOOP_UNROLL=6 -DMBAR_EARLY=1 -DN_STAGES=5 -DPHASE1_UNROLL=4 -DSTAGGER_CYCLES=0 -DSUB_MMA_UNROLL=3
5,4,3,0,32,40,4,1,1,2,4,0,1,0,0,0,0,32,0,198,0,225.0,2.824,1550.96,OK,-DINTERLEAVE_STRATEGY=3 -DK_LOOP_UNROLL=2 -DN_STAGES=5 -DPHASE1_UNROLL=4 -DSTAGGER_CYCLES=40 -DW0_LOOP_UNROLL=4
5,4,3,0,32,40,4,1,1,8,4,0,1,0,0,0,0,32,0,218,0,225.0,2.824,1551.17,OK,-DINTERLEAVE_STRATEGY=3 -DK_LOOP_UNROLL=8 -DN_STAGES=5 -DPHASE1_UNROLL=4 -DSTAGGER_CYCLES=40 -DW0_LOOP_UNROLL=4
4,4,3,0,32,40,2,1,1,4,0,0,1,0,0,0,0,32,0,242,0,193.0,2.825,1550.23,OK,-DINTERLEAVE_STRATEGY=3 -DSTAGGER_CYCLES=40
5,4,3,0,32,100,4,1,1,6,4,1,1,0,0,0,0,32,0,212,0,225.0,2.825,1550.7,OK,-DINTERLEAVE_STRATEGY=3 -DK_LOOP_UNROLL=6 -DN_STAGES=5 -DPHASE1_UNROLL=4 -DSTAGGER_CYCLES=100 -DSUB_MMA_UNROLL=1 -DW0_LOOP_UNROLL=4
5,4,3,0,32,0,2,1,1,5,0,0,1,0,0,0,0,32,0,242,0,225.0,2.826,1549.9,OK,-DINTERLEAVE_STRATEGY=3 -DN_STAGES=5 -DSTAGGER_CYCLES=0
5,4,3,0,32,40,4,1,1,1,1,0,1,0,0,0,0,32,0,198,0,225.0,2.826,1549.86,OK,-DINTERLEAVE_STRATEGY=3 -DK_LOOP_UNROLL=1 -DN_STAGES=5 -DPHASE1_UNROLL=4 -DSTAGGER_CYCLES=40 -DW0_LOOP_UNROLL=1
5,4,3,0,32,100,2,1,1,5,1,0,1,0,0,0,0,32,0,241,0,225.0,2.826,1549.96,OK,-DINTERLEAVE_STRATEGY=3 -DN_STAGES=5 -DSTAGGER_CYCLES=100 -DW0_LOOP_UNROLL=1
5,4,3,0,32,40,4,1,1,8,0,3,1,0,0,0,0,32,0,238,0,225.0,2.827,1549.49,OK,-DINTERLEAVE_STRATEGY=3 -DK_LOOP_UNROLL=8 -DN_STAGES=5 -DPHASE1_UNROLL=4 -DSTAGGER_CYCLES=40 -DSUB_MMA_UNROLL=3
5,4,1,1,32,160,2,1,1,5,0,0,1,0,0,0,0,32,0,242,0,225.0,2.828,1548.78,OK,-DINTERLEAVE_STRATEGY=1 -DMBAR_EARLY=1 -DN_STAGES=5 -DSTAGGER_CYCLES=160
5,4,3,1,32,0,2,1,1,5,4,0,1,0,0,0,0,32,0,242,0,225.0,2.828,1549.08,OK,-DINTERLEAVE_STRATEGY=3 -DMBAR_EARLY=1 -DN_STAGES=5 -DSTAGGER_CYCLES=0 -DW0_LOOP_UNROLL=4
5,4,3,1,32,0,4,1,1,6,0,1,1,0,0,0,0,32,0,230,0,225.0,2.828,1548.86,OK,-DINTERLEAVE_STRATEGY=3 -DK_LOOP_UNROLL=6 -DMBAR_EARLY=1 -DN_STAGES=5 -DPHASE1_UNROLL=4 -DSTAGGER_CYCLES=0 -DSUB_MMA_UNROLL=1
5,4,3,1,32,0,2,1,1,8,1,3,1,0,0,0,0,32,0,210,0,225.0,2.828,1548.81,OK,-DINTERLEAVE_STRATEGY=3 -DK_LOOP_UNROLL=8 -DMBAR_EARLY=1 -DN_STAGES=5 -DSTAGGER_CYCLES=0 -DSUB_MMA_UNROLL=3 -DW0_LOOP_UNROLL=1
5,4,3,1,32,0,4,1,1,8,0,0,1,0,0,0,0,32,0,236,0,225.0,2.828,1548.79,OK,-DINTERLEAVE_STRATEGY=3 -DK_LOOP_UNROLL=8 -DMBAR_EARLY=1 -DN_STAGES=5 -DPHASE1_UNROLL=4 -DSTAGGER_CYCLES=0
5,4,1,0,32,40,2,1,1,5,0,0,1,0,0,0,0,32,0,240,0,225.0,2.829,1548.17,OK,-DINTERLEAVE_STRATEGY=1 -DN_STAGES=5 -DSTAGGER_CYCLES=40
5,4,3,0,32,40,4,1,1,5,0,1,1,0,0,0,0,32,0,229,0,225.0,2.829,1548.26,OK,-DINTERLEAVE_STRATEGY=3 -DN_STAGES=5 -DPHASE1_UNROLL=4 -DSTAGGER_CYCLES=40 -DSUB_MMA_UNROLL=1
5,4,3,0,32,100,2,1,1,8,0,0,1,0,0,0,0,32,0,234,0,225.0,2.829,1548.53,OK,-DINTERLEAVE_STRATEGY=3 -DK_LOOP_UNROLL=8 -DN_STAGES=5 -DSTAGGER_CYCLES=100
5,4,1,0,32,200,2,1,1,5,0,0,1,0,0,0,0,32,0,240,0,225.0,2.83,1547.73,OK,-DINTERLEAVE_STRATEGY=1 -DN_STAGES=5 -DSTAGGER_CYCLES=200
5,4,3,1,32,0,4,1,1,2,4,0,1,0,0,0,0,32,0,198,0,225.0,2.83,1547.77,OK,-DINTERLEAVE_STRATEGY=3 -DK_LOOP_UNROLL=2 -DMBAR_EARLY=1 -DN_STAGES=5 -DPHASE1_UNROLL=4 -DSTAGGER_CYCLES=0 -DW0_LOOP_UNROLL=4
5,4,3,1,32,0,2,1,1,6,1,0,1,0,0,0,0,32,0,210,0,225.0,2.83,1547.87,OK,-DINTERLEAVE_STRATEGY=3 -DK_LOOP_UNROLL=6 -DMBAR_EARLY=1 -DN_STAGES=5 -DSTAGGER_CYCLES=0 -DW0_LOOP_UNROLL=1
5,4,1,1,32,60,2,1,1,5,0,0,1,0,0,0,0,32,0,242,0,225.0,2.831,1547.33,OK,-DINTERLEAVE_STRATEGY=1 -DMBAR_EARLY=1 -DN_STAGES=5 -DSTAGGER_CYCLES=60
4,4,3,1,32,160,2,1,1,4,0,0,1,0,0,0,0,32,0,242,0,193.0,2.831,1547.23,OK,-DINTERLEAVE_STRATEGY=3 -DMBAR_EARLY=1 -DSTAGGER_CYCLES=160
5,4,3,1,32,0,4,1,1,5,1,1,1,0,0,0,0,32,0,209,0,225.0,2.831,1547.19,OK,-DINTERLEAVE_STRATEGY=3 -DMBAR_EARLY=1 -DN_STAGES=5 -DPHASE1_UNROLL=4 -DSTAGGER_CYCLES=0 -DSUB_MMA_UNROLL=1 -DW0_LOOP_UNROLL=1
5,4,3,1,32,0,2,1,1,6,4,1,1,0,0,0,0,32,0,211,0,225.0,2.831,1547.14,OK,-DINTERLEAVE_STRATEGY=3 -DK_LOOP_UNROLL=6 -DMBAR_EARLY=1 -DN_STAGES=5 -DSTAGGER_CYCLES=0 -DSUB_MMA_UNROLL=1 -DW0_LOOP_UNROLL=4
5,4,3,1,32,0,2,1,1,6,0,3,1,0,0,0,0,32,0,230,0,225.0,2.831,1547.28,OK,-DINTERLEAVE_STRATEGY=3 -DK_LOOP_UNROLL=6 -DMBAR_EARLY=1 -DN_STAGES=5 -DSTAGGER_CYCLES=0 -DSUB_MMA_UNROLL=3
5,4,1,0,32,100,2,1,1,5,0,0,1,0,0,0,0,32,0,240,0,225.0,2.832,1546.46,OK,-DINTERLEAVE_STRATEGY=1 -DN_STAGES=5 -DSTAGGER_CYCLES=100
5,4,3,0,32,200,2,1,1,5,0,0,1,0,0,0,0,32,0,240,0,225.0,2.832,1546.6,OK,-DINTERLEAVE_STRATEGY=3 -DN_STAGES=5 -DSTAGGER_CYCLES=200
5,4,3,1,32,0,4,1,1,6,1,1,1,0,0,0,0,32,0,209,0,225.0,2.832,1546.84,OK,-DINTERLEAVE_STRATEGY=3 -DK_LOOP_UNROLL=6 -DMBAR_EARLY=1 -DN_STAGES=5 -DPHASE1_UNROLL=4 -DSTAGGER_CYCLES=0 -DSUB_MMA_UNROLL=1 -DW0_LOOP_UNROLL=1
5,4,3,1,32,0,4,1,1,8,1,3,1,0,0,0,0,32,0,218,0,225.0,2.832,1546.71,OK,-DINTERLEAVE_STRATEGY=3 -DK_LOOP_UNROLL=8 -DMBAR_EARLY=1 -DN_STAGES=5 -DPHASE1_UNROLL=4 -DSTAGGER_CYCLES=0 -DSUB_MMA_UNROLL=3 -DW0_LOOP_UNROLL=1
5,4,1,1,32,120,2,1,1,5,0,0,1,0,0,0,0,32,0,242,0,225.0,2.833,1546.1,OK,-DINTERLEAVE_STRATEGY=1 -DMBAR_EARLY=1 -DN_STAGES=5 -DSTAGGER_CYCLES=120
5,4,3,1,32,0,2,1,1,8,4,3,1,0,0,0,0,32,0,210,0,225.0,2.833,1546.17,OK,-DINTERLEAVE_STRATEGY=3 -DK_LOOP_UNROLL=8 -DMBAR_EARLY=1 -DN_STAGES=5 -DSTAGGER_CYCLES=0 -DSUB_MMA_UNROLL=3 -DW0_LOOP_UNROLL=4
5,4,3,0,32,40,2,1,1,5,1,3,1,0,0,0,0,32,0,241,0,225.0,2.833,1545.96,OK,-DINTERLEAVE_STRATEGY=3 -DN_STAGES=5 -DSTAGGER_CYCLES=40 -DSUB_MMA_UNROLL=3 -DW0_LOOP_UNROLL=1
5,4,3,0,32,100,4,1,1,8,1,1,1,0,0,0,0,32,0,212,0,225.0,2.833,1546.22,OK,-DINTERLEAVE_STRATEGY=3 -DK_LOOP_UNROLL=8 -DN_STAGES=5 -DPHASE1_UNROLL=4 -DSTAGGER_CYCLES=100 -DSUB_MMA_UNROLL=1 -DW0_LOOP_UNROLL=1
5,4,3,0,32,40,4,1,1,8,4,1,1,0,0,0,0,32,0,212,0,225.0,2.834,1545.45,OK,-DINTERLEAVE_STRATEGY=3 -DK_LOOP_UNROLL=8 -DN_STAGES=5 -DPHASE1_UNROLL=4 -DSTAGGER_CYCLES=40 -DSUB_MMA_UNROLL=1 -DW0_LOOP_UNROLL=4
5,4,3,0,32,100,4,1,1,6,0,0,1,0,0,0,0,32,0,238,0,225.0,2.834,1545.27,OK,-DINTERLEAVE_STRATEGY=3 -DK_LOOP_UNROLL=6 -DN_STAGES=5 -DPHASE1_UNROLL=4 -DSTAGGER_CYCLES=100
5,4,3,0,32,100,4,1,1,8,4,0,1,0,0,0,0,32,0,218,0,225.0,2.834,1545.73,OK,-DINTERLEAVE_STRATEGY=3 -DK_LOOP_UNROLL=8 -DN_STAGES=5 -DPHASE1_UNROLL=4 -DSTAGGER_CYCLES=100 -DW0_LOOP_UNROLL=4
5,4,1,1,32,200,2,1,1,5,0,0,1,0,0,0,0,32,0,242,0,225.0,2.835,1544.9,OK,-DINTERLEAVE_STRATEGY=1 -DMBAR_EARLY=1 -DN_STAGES=5 -DSTAGGER_CYCLES=200
5,4,3,0,32,100,4,1,1,8,0,3,1,0,0,0,0,32,0,238,0,225.0,2.835,1544.92,OK,-DINTERLEAVE_STRATEGY=3 -DK_LOOP_UNROLL=8 -DN_STAGES=5 -DPHASE1_UNROLL=4 -DSTAGGER_CYCLES=100 -DSUB_MMA_UNROLL=3
5,4,3,1,32,0,4,1,1,2,4,3,1,0,0,0,0,32,0,198,0,225.0,2.836,1544.42,OK,-DINTERLEAVE_STRATEGY=3 -DK_LOOP_UNROLL=2 -DMBAR_EARLY=1 -DN_STAGES=5 -DPHASE1_UNROLL=4 -DSTAGGER_CYCLES=0 -DSUB_MMA_UNROLL=3 -DW0_LOOP_UNROLL=4
4,4,3,1,32,200,2,1,1,4,0,0,1,0,0,0,0,32,0,242,0,193.0,2.837,1543.9,OK,-DINTERLEAVE_STRATEGY=3 -DMBAR_EARLY=1 -DSTAGGER_CYCLES=200
5,4,3,0,32,40,4,1,1,1,0,3,1,0,0,0,0,32,0,224,0,225.0,2.837,1543.69,OK,-DINTERLEAVE_STRATEGY=3 -DK_LOOP_UNROLL=1 -DN_STAGES=5 -DPHASE1_UNROLL=4 -DSTAGGER_CYCLES=40 -DSUB_MMA_UNROLL=3
5,4,3,1,32,0,2,1,1,8,4,0,1,0,0,0,0,32,0,210,0,225.0,2.838,1543.53,OK,-DINTERLEAVE_STRATEGY=3 -DK_LOOP_UNROLL=8 -DMBAR_EARLY=1 -DN_STAGES=5 -DSTAGGER_CYCLES=0 -DW0_LOOP_UNROLL=4
5,4,3,0,32,40,4,1,1,2,4,3,1,0,0,0,0,32,0,198,0,225.0,2.838,1543.21,OK,-DINTERLEAVE_STRATEGY=3 -DK_LOOP_UNROLL=2 -DN_STAGES=5 -DPHASE1_UNROLL=4 -DSTAGGER_CYCLES=40 -DSUB_MMA_UNROLL=3 -DW0_LOOP_UNROLL=4
5,4,3,1,32,0,2,1,1,1,0,0,1,0,0,0,0,32,0,216,0,225.0,2.839,1542.7,OK,-DINTERLEAVE_STRATEGY=3 -DK_LOOP_UNROLL=1 -DMBAR_EARLY=1 -DN_STAGES=5 -DSTAGGER_CYCLES=0
5,4,3,1,32,0,2,1,1,8,1,1,1,0,0,0,0,32,0,211,0,225.0,2.839,1542.96,OK,-DINTERLEAVE_STRATEGY=3 -DK_LOOP_UNROLL=8 -DMBAR_EARLY=1 -DN_STAGES=5 -DSTAGGER_CYCLES=0 -DSUB_MMA_UNROLL=1 -DW0_LOOP_UNROLL=1
5,4,3,0,32,40,4,1,1,6,1,1,1,0,0,0,0,32,0,212,0,225.0,2.839,1543.08,OK,-DINTERLEAVE_STRATEGY=3 -DK_LOOP_UNROLL=6 -DN_STAGES=5 -DPHASE1_UNROLL=4 -DSTAGGER_CYCLES=40 -DSUB_MMA_UNROLL=1 -DW0_LOOP_UNROLL=1
5,4,3,0,32,100,4,1,1,2,4,0,1,0,0,0,0,32,0,198,0,225.0,2.839,1542.6,OK,-DINTERLEAVE_STRATEGY=3 -DK_LOOP_UNROLL=2 -DN_STAGES=5 -DPHASE1_UNROLL=4 -DSTAGGER_CYCLES=100 -DW0_LOOP_UNROLL=4
5,4,3,0,32,100,4,1,1,6,4,0,1,0,0,0,0,32,0,218,0,225.0,2.839,1542.63,OK,-DINTERLEAVE_STRATEGY=3 -DK_LOOP_UNROLL=6 -DN_STAGES=5 -DPHASE1_UNROLL=4 -DSTAGGER_CYCLES=100 -DW0_LOOP_UNROLL=4
5,4,3,1,32,0,2,1,1,8,1,0,1,0,0,0,0,32,0,210,0,225.0,2.84,1542.29,OK,-DINTERLEAVE_STRATEGY=3 -DK_LOOP_UNROLL=8 -DMBAR_EARLY=1 -DN_STAGES=5 -DSTAGGER_CYCLES=0 -DW0_LOOP_UNROLL=1
5,4,3,0,32,40,4,1,1,6,0,0,1,0,0,0,0,32,0,238,0,225.0,2.84,1542.24,OK,-DINTERLEAVE_STRATEGY=3 -DK_LOOP_UNROLL=6 -DN_STAGES=5 -DPHASE1_UNROLL=4 -DSTAGGER_CYCLES=40
5,4,3,0,32,40,4,1,1,8,1,3,1,0,0,0,0,32,0,218,0,225.0,2.84,1542.34,OK,-DINTERLEAVE_STRATEGY=3 -DK_LOOP_UNROLL=8 -DN_STAGES=5 -DPHASE1_UNROLL=4 -DSTAGGER_CYCLES=40 -DSUB_MMA_UNROLL=3 -DW0_LOOP_UNROLL=1
5,4,1,1,32,0,2,1,1,5,0,0,1,0,0,0,0,32,0,240,0,225.0,2.841,1541.75,OK,-DINTERLEAVE_STRATEGY=1 -DMBAR_EARLY=1 -DN_STAGES=5 -DSTAGGER_CYCLES=0
4,4,3,1,32,80,2,1,1,4,0,0,1,0,0,0,0,32,0,242,0,193.0,2.841,1541.61,OK,-DINTERLEAVE_STRATEGY=3 -DMBAR_EARLY=1
5,4,3,1,32,0,4,1,1,8,1,0,1,0,0,0,0,32,0,218,0,225.0,2.842,1541.02,OK,-DINTERLEAVE_STRATEGY=3 -DK_LOOP_UNROLL=8 -DMBAR_EARLY=1 -DN_STAGES=5 -DPHASE1_UNROLL=4 -DSTAGGER_CYCLES=0 -DW0_LOOP_UNROLL=1
5,4,3,0,32,100,4,1,1,5,1,1,1,0,0,0,0,32,0,212,0,225.0,2.842,1540.97,OK,-DINTERLEAVE_STRATEGY=3 -DN_STAGES=5 -DPHASE1_UNROLL=4 -DSTAGGER_CYCLES=100 -DSUB_MMA_UNROLL=1 -DW0_LOOP_UNROLL=1
4,4,3,1,32,60,2,1,1,4,0,0,1,0,0,0,0,32,0,242,0,193.0,2.843,1540.55,OK,-DINTERLEAVE_STRATEGY=3 -DMBAR_EARLY=1 -DSTAGGER_CYCLES=60
5,4,3,1,32,0,2,1,1,2,0,1,1,0,0,0,0,32,0,215,0,225.0,2.843,1540.61,OK,-DINTERLEAVE_STRATEGY=3 -DK_LOOP_UNROLL=2 -DMBAR_EARLY=1 -DN_STAGES=5 -DSTAGGER_CYCLES=0 -DSUB_MMA_UNROLL=1
5,4,3,1,32,0,2,1,1,6,4,0,1,0,0,0,0,32,0,210,0,225.0,2.843,1540.73,OK,-DINTERLEAVE_STRATEGY=3 -DK_LOOP_UNROLL=6 -DMBAR_EARLY=1 -DN_STAGES=5 -DSTAGGER_CYCLES=0 -DW0_LOOP_UNROLL=4
5,4,3,0,32,40,4,1,1,1,0,0,1,0,0,0,0,32,0,224,0,225.0,2.843,1540.5,OK,-DINTERLEAVE_STRATEGY=3 -DK_LOOP_UNROLL=1 -DN_STAGES=5 -DPHASE1_UNROLL=4 -DSTAGGER_CYCLES=40
5,4,3,0,32,100,4,1,1,6,1,1,1,0,0,0,0,32,0,212,0,225.0,2.843,1540.5,OK,-DINTERLEAVE_STRATEGY=3 -DK_LOOP_UNROLL=6 -DN_STAGES=5 -DPHASE1_UNROLL=4 -DSTAGGER_CYCLES=100 -DSUB_MMA_UNROLL=1 -DW0_LOOP_UNROLL=1
5,4,3,0,32,100,4,1,1,8,1,3,1,0,0,0,0,32,0,218,0,225.0,2.843,1540.78,OK,-DINTERLEAVE_STRATEGY=3 -DK_LOOP_UNROLL=8 -DN_STAGES=5 -DPHASE1_UNROLL=4 -DSTAGGER_CYCLES=100 -DSUB_MMA_UNROLL=3 -DW0_LOOP_UNROLL=1
5,4,3,1,32,0,4,1,1,8,1,1,1,0,0,0,0,32,0,209,0,225.0,2.844,1540.01,OK,-DINTERLEAVE_STRATEGY=3 -DK_LOOP_UNROLL=8 -DMBAR_EARLY=1 -DN_STAGES=5 -DPHASE1_UNROLL=4 -DSTAGGER_CYCLES=0 -DSUB_MMA_UNROLL=1 -DW0_LOOP_UNROLL=1
5,4,3,0,32,40,4,1,1,6,1,0,1,0,0,0,0,32,0,218,0,225.0,2.844,1539.86,OK,-DINTERLEAVE_STRATEGY=3 -DK_LOOP_UNROLL=6 -DN_STAGES=5 -DPHASE1_UNROLL=4 -DSTAGGER_CYCLES=40 -DW0_LOOP_UNROLL=1
5,4,3,1,32,0,4,1,1,1,0,1,1,0,0,0,0,32,0,214,0,225.0,2.845,1539.8,OK,-DINTERLEAVE_STRATEGY=3 -DK_LOOP_UNROLL=1 -DMBAR_EARLY=1 -DN_STAGES=5 -DPHASE1_UNROLL=4 -DSTAGGER_CYCLES=0 -DSUB_MMA_UNROLL=1
5,4,3,0,32,100,2,1,1,6,0,3,1,0,0,0,0,32,0,234,0,225.0,2.845,1539.36,OK,-DINTERLEAVE_STRATEGY=3 -DK_LOOP_UNROLL=6 -DN_STAGES=5 -DSTAGGER_CYCLES=100 -DSUB_MMA_UNROLL=3
5,4,3,1,32,0,2,1,1,5,0,1,1,0,0,0,0,32,0,223,0,225.0,2.846,1539.02,OK,-DINTERLEAVE_STRATEGY=3 -DMBAR_EARLY=1 -DN_STAGES=5 -DSTAGGER_CYCLES=0 -DSUB_MMA_UNROLL=1
5,4,3,1,32,0,2,1,1,5,4,1,1,0,0,0,0,32,0,211,0,225.0,2.846,1539.23,OK,-DINTERLEAVE_STRATEGY=3 -DMBAR_EARLY=1 -DN_STAGES=5 -DSTAGGER_CYCLES=0 -DSUB_MMA_UNROLL=1 -DW0_LOOP_UNROLL=4
5,4,3,1,32,0,4,1,1,6,1,0,1,0,0,0,0,32,0,218,0,225.0,2.846,1538.85,OK,-DINTERLEAVE_STRATEGY=3 -DK_LOOP_UNROLL=6 -DMBAR_EARLY=1 -DN_STAGES=5 -DPHASE1_UNROLL=4 -DSTAGGER_CYCLES=0 -DW0_LOOP_UNROLL=1
5,4,3,0,32,40,4,1,1,1,4,0,1,0,0,0,0,32,0,198,0,225.0,2.846,1538.94,OK,-DINTERLEAVE_STRATEGY=3 -DK_LOOP_UNROLL=1 -DN_STAGES=5 -DPHASE1_UNROLL=4 -DSTAGGER_CYCLES=40 -DW0_LOOP_UNROLL=4
5,4,3,0,32,40,4,1,1,8,1,0,1,0,0,0,0,32,0,218,0,225.0,2.846,1539.23,OK,-DINTERLEAVE_STRATEGY=3 -DK_LOOP_UNROLL=8 -DN_STAGES=5 -DPHASE1_UNROLL=4 -DSTAGGER_CYCLES=40 -DW0_LOOP_UNROLL=1
5,4,3,1,32,0,2,1,1,8,4,1,1,0,0,0,0,32,0,211,0,225.0,2.847,1538.53,OK,-DINTERLEAVE_STRATEGY=3 -DK_LOOP_UNROLL=8 -DMBAR_EARLY=1 -DN_STAGES=5 -DSTAGGER_CYCLES=0 -DSUB_MMA_UNROLL=1 -DW0_LOOP_UNROLL=4
5,4,3,0,32,100,2,1,1,6,0,0,1,0,0,0,0,32,0,234,0,225.0,2.847,1538.31,OK,-DINTERLEAVE_STRATEGY=3 -DK_LOOP_UNROLL=6 -DN_STAGES=5 -DSTAGGER_CYCLES=100
5,4,3,1,32,0,4,1,1,5,0,0,1,1,0,0,1,32,1,247,0,225.0,2.847,1538.36,OK,-DBATCH_EPILOGUE=1 -DK_LOOP_UNROLL=5 -DMBAR_EARLY=1 -DN_STAGES=5 -DPHASE1_UNROLL=4 -DPREFETCH_BEFORE_STORE=1 -DSTAGGER_CYCLES=0 -DSTORE_TIMING=1
5,4,1,0,32,160,2,1,1,5,0,0,1,0,0,0,0,32,0,240,0,225.0,2.848,1538.16,OK,-DINTERLEAVE_STRATEGY=1 -DN_STAGES=5 -DSTAGGER_CYCLES=160
5,4,3,0,32,40,4,1,1,8,0,0,1,0,0,0,0,32,0,238,0,225.0,2.848,1537.69,OK,-DINTERLEAVE_STRATEGY=3 -DK_LOOP_UNROLL=8 -DN_STAGES=5 -DPHASE1_UNROLL=4 -DSTAGGER_CYCLES=40
5,4,3,0,32,100,4,1,1,1,0,3,1,0,0,0,0,32,0,224,0,225.0,2.848,1537.96,OK,-DINTERLEAVE_STRATEGY=3 -DK_LOOP_UNROLL=1 -DN_STAGES=5 -DPHASE1_UNROLL=4 -DSTAGGER_CYCLES=100 -DSUB_MMA_UNROLL=3
4,4,3,0,32,0,2,1,1,4,0,0,1,0,0,0,0,32,0,243,0,193.0,2.849,1537.23,OK,-DINTERLEAVE_STRATEGY=3 -DSTAGGER_CYCLES=0
5,4,3,1,32,0,4,1,1,6,1,3,1,0,0,0,0,32,0,218,0,225.0,2.849,1537.38,OK,-DINTERLEAVE_STRATEGY=3 -DK_LOOP_UNROLL=6 -DMBAR_EARLY=1 -DN_STAGES=5 -DPHASE1_UNROLL=4 -DSTAGGER_CYCLES=0 -DSUB_MMA_UNROLL=3 -DW0_LOOP_UNROLL=1
5,4,3,0,32,40,2,1,1,5,1,0,1,0,0,0,0,32,0,241,0,225.0,2.849,1537.26,OK,-DINTERLEAVE_STRATEGY=3 -DN_STAGES=5 -DSTAGGER_CYCLES=40 -DW0_LOOP_UNROLL=1
5,4,3,1,32,0,2,1,1,5,1,1,1,0,0,0,0,32,0,211,0,225.0,2.851,1536.37,OK,-DINTERLEAVE_STRATEGY=3 -DMBAR_EARLY=1 -DN_STAGES=5 -DSTAGGER_CYCLES=0 -DSUB_MMA_UNROLL=1 -DW0_LOOP_UNROLL=1
5,4,3,1,32,0,2,1,1,6,0,1,1,0,0,0,0,32,0,223,0,225.0,2.851,1536.13,OK,-DINTERLEAVE_STRATEGY=3 -DK_LOOP_UNROLL=6 -DMBAR_EARLY=1 -DN_STAGES=5 -DSTAGGER_CYCLES=0 -DSUB_MMA_UNROLL=1
5,4,3,0,32,40,4,1,1,8,4,3,1,0,0,0,0,32,0,218,0,225.0,2.852,1535.78,OK,-DINTERLEAVE_STRATEGY=3 -DK_LOOP_UNROLL=8 -DN_STAGES=5 -DPHASE1_UNROLL=4 -DSTAGGER_CYCLES=40 -DSUB_MMA_UNROLL=3 -DW0_LOOP_UNROLL=4
5,4,3,0,32,100,4,1,1,6,1,3,1,0,0,0,0,32,0,218,0,225.0,2.852,1535.61,OK,-DINTERLEAVE_STRATEGY=3 -DK_LOOP_UNROLL=6 -DN_STAGES=5 -DPHASE1_UNROLL=4 -DSTAGGER_CYCLES=100 -DSUB_MMA_UNROLL=3 -DW0_LOOP_UNROLL=1
5,4,3,1,32,0,2,1,1,1,1,1,1,0,0,0,0,32,0,188,0,225.0,2.853,1535.08,OK,-DINTERLEAVE_STRATEGY=3 -DK_LOOP_UNROLL=1 -DMBAR_EARLY=1 -DN_STAGES=5 -DSTAGGER_CYCLES=0 -DSUB_MMA_UNROLL=1 -DW0_LOOP_UNROLL=1
5,4,3,1,32,0,2,1,1,2,1,1,1,0,0,0,0,32,0,188,0,225.0,2.853,1535.47,OK,-DINTERLEAVE_STRATEGY=3 -DK_LOOP_UNROLL=2 -DMBAR_EARLY=1 -DN_STAGES=5 -DSTAGGER_CYCLES=0 -DSUB_MMA_UNROLL=1 -DW0_LOOP_UNROLL=1
5,4,3,0,32,100,4,1,1,8,4,3,1,0,0,0,0,32,0,218,0,225.0,2.853,1535.48,OK,-DINTERLEAVE_STRATEGY=3 -DK_LOOP_UNROLL=8 -DN_STAGES=5 -DPHASE1_UNROLL=4 -DSTAGGER_CYCLES=100 -DSUB_MMA_UNROLL=3 -DW0_LOOP_UNROLL=4
5,4,3,0,32,40,4,1,1,6,4,3,1,0,0,0,0,32,0,218,0,225.0,2.854,1534.51,OK,-DINTERLEAVE_STRATEGY=3 -DK_LOOP_UNROLL=6 -DN_STAGES=5 -DPHASE1_UNROLL=4 -DSTAGGER_CYCLES=40 -DSUB_MMA_UNROLL=3 -DW0_LOOP_UNROLL=4
5,4,3,1,32,0,2,1,1,8,0,1,1,0,0,0,0,32,0,223,0,225.0,2.855,1534.07,OK,-DINTERLEAVE_STRATEGY=3 -DK_LOOP_UNROLL=8 -DMBAR_EARLY=1 -DN_STAGES=5 -DSTAGGER_CYCLES=0 -DSUB_MMA_UNROLL=1
5,4,3,1,32,0,4,1,1,8,0,3,1,0,0,0,0,32,0,236,0,225.0,2.855,1534.16,OK,-DINTERLEAVE_STRATEGY=3 -DK_LOOP_UNROLL=8 -DMBAR_EARLY=1 -DN_STAGES=5 -DPHASE1_UNROLL=4 -DSTAGGER_CYCLES=0 -DSUB_MMA_UNROLL=3
5,4,3,1,32,0,4,1,1,2,0,1,1,0,0,0,0,32,0,214,0,225.0,2.856,1533.87,OK,-DINTERLEAVE_STRATEGY=3 -DK_LOOP_UNROLL=2 -DMBAR_EARLY=1 -DN_STAGES=5 -DPHASE1_UNROLL=4 -DSTAGGER_CYCLES=0 -DSUB_MMA_UNROLL=1
5,4,3,0,32,40,4,1,1,6,0,3,1,0,0,0,0,32,0,238,0,225.0,2.857,1533.35,OK,-DINTERLEAVE_STRATEGY=3 -DK_LOOP_UNROLL=6 -DN_STAGES=5 -DPHASE1_UNROLL=4 -DSTAGGER_CYCLES=40 -DSUB_MMA_UNROLL=3
5,4,3,1,32,0,2,1,1,1,4,1,1,0,0,0,0,32,0,188,0,225.0,2.858,1532.39,OK,-DINTERLEAVE_STRATEGY=3 -DK_LOOP_UNROLL=1 -DMBAR_EARLY=1 -DN_STAGES=5 -DSTAGGER_CYCLES=0 -DSUB_MMA_UNROLL=1 -DW0_LOOP_UNROLL=4
5,4,3,0,32,100,4,1,1,6,1,0,1,0,0,0,0,32,0,218,0,225.0,2.858,1532.71,OK,-DINTERLEAVE_STRATEGY=3 -DK_LOOP_UNROLL=6 -DN_STAGES=5 -DPHASE1_UNROLL=4 -DSTAGGER_CYCLES=100 -DW0_LOOP_UNROLL=1
4,4,3,1,32,120,2,1,1,4,0,0,1,0,0,0,0,32,0,242,0,193.0,2.859,1531.99,OK,-DINTERLEAVE_STRATEGY=3 -DMBAR_EARLY=1 -DSTAGGER_CYCLES=120
5,4,3,1,32,0,2,1,1,6,1,1,1,0,0,0,0,32,0,211,0,225.0,2.859,1532.11,OK,-DINTERLEAVE_STRATEGY=3 -DK_LOOP_UNROLL=6 -DMBAR_EARLY=1 -DN_STAGES=5 -DSTAGGER_CYCLES=0 -DSUB_MMA_UNROLL=1 -DW0_LOOP_UNROLL=1
5,4,3,0,32,40,2,1,1,6,0,0,1,0,0,0,0,32,0,234,0,225.0,2.86,1531.48,OK,-DINTERLEAVE_STRATEGY=3 -DK_LOOP_UNROLL=6 -DN_STAGES=5 -DSTAGGER_CYCLES=40
5,4,3,1,32,0,4,1,1,5,0,0,0,1,0,0,1,32,0,250,0,225.0,2.86,1531.6,OK,-DBATCH_EPILOGUE=1 -DINTERLEAVE_STRATEGY=3 -DK_LOOP_UNROLL=5 -DMBAR_EARLY=1 -DN_STAGES=5 -DPHASE1_UNROLL=4 -DPREFETCH_BEFORE_STORE=1 -DPRELOAD_MODE=0 -DSTAGGER_CYCLES=0
5,4,1,1,32,40,2,1,1,5,0,0,1,0,0,0,0,32,0,242,0,225.0,2.861,1530.97,OK,-DINTERLEAVE_STRATEGY=1 -DMBAR_EARLY=1 -DN_STAGES=5 -DSTAGGER_CYCLES=40
5,4,3,1,32,0,4,1,1,6,0,0,1,0,0,0,0,32,0,236,0,225.0,2.861,1530.72,OK,-DINTERLEAVE_STRATEGY=3 -DK_LOOP_UNROLL=6 -DMBAR_EARLY=1 -DN_STAGES=5 -DPHASE1_UNROLL=4 -DSTAGGER_CYCLES=0
5,4,3,1,32,0,4,1,1,6,4,1,1,0,0,0,0,32,0,209,0,225.0,2.861,1531.2,OK,-DINTERLEAVE_STRATEGY=3 -DK_LOOP_UNROLL=6 -DMBAR_EARLY=1 -DN_STAGES=5 -DPHASE1_UNROLL=4 -DSTAGGER_CYCLES=0 -DSUB_MMA_UNROLL=1 -DW0_LOOP_UNROLL=4
5,4,3,0,32,40,2,1,1,8,0,0,1,0,0,0,0,32,0,234,0,225.0,2.861,1531.05,OK,-DINTERLEAVE_STRATEGY=3 -DK_LOOP_UNROLL=8 -DN_STAGES=5 -DSTAGGER_CYCLES=40
5,4,3,1,32,0,2,1,1,2,4,1,1,0,0,0,0,32,0,188,0,225.0,2.862,1530.24,OK,-DINTERLEAVE_STRATEGY=3 -DK_LOOP_UNROLL=2 -DMBAR_EARLY=1 -DN_STAGES=5 -DSTAGGER_CYCLES=0 -DSUB_MMA_UNROLL=1 -DW0_LOOP_UNROLL=4
5,4,3,1,32,0,2,1,1,5,4,3,1,0,0,0,0,32,0,242,0,225.0,2.862,1530.57,OK,-DINTERLEAVE_STRATEGY=3 -DMBAR_EARLY=1 -DN_STAGES=5 -DSTAGGER_CYCLES=0 -DSUB_MMA_UNROLL=3 -DW0_LOOP_UNROLL=4
4,4,3,1,32,100,2,1,1,4,0,0,1,0,0,0,0,32,0,242,0,193.0,2.863,1529.7,OK,-DINTERLEAVE_STRATEGY=3 -DMBAR_EARLY=1 -DSTAGGER_CYCLES=100
5,4,3,1,32,0,2,1,1,6,0,0,1,0,0,0,0,32,0,230,0,225.0,2.866,1528.54,OK,-DINTERLEAVE_STRATEGY=3 -DK_LOOP_UNROLL=6 -DMBAR_EARLY=1 -DN_STAGES=5 -DSTAGGER_CYCLES=0
5,4,3,1,32,0,2,1,1,2,0,0,1,0,0,0,0,32,0,216,0,225.0,2.867,1527.73,OK,-DINTERLEAVE_STRATEGY=3 -DK_LOOP_UNROLL=2 -DMBAR_EARLY=1 -DN_STAGES=5 -DSTAGGER_CYCLES=0
5,4,3,0,32,40,4,1,1,8,1,1,1,0,0,0,0,32,0,212,0,225.0,2.869,1526.49,OK,-DINTERLEAVE_STRATEGY=3 -DK_LOOP_UNROLL=8 -DN_STAGES=5 -DPHASE1_UNROLL=4 -DSTAGGER_CYCLES=40 -DSUB_MMA_UNROLL=1 -DW0_LOOP_UNROLL=1
5,4,3,0,32,100,4,1,1,2,0,1,1,0,0,0,0,32,0,214,0,225.0,2.87,1526.04,OK,-DINTERLEAVE_STRATEGY=3 -DK_LOOP_UNROLL=2 -DN_STAGES=5 -DPHASE1_UNROLL=4 -DSTAGGER_CYCLES=100 -DSUB_MMA_UNROLL=1
5,4,3,1,32,0,2,1,1,8,0,0,1,0,0,0,0,32,0,230,0,225.0,2.873,1524.36,OK,-DINTERLEAVE_STRATEGY=3 -DK_LOOP_UNROLL=8 -DMBAR_EARLY=1 -DN_STAGES=5 -DSTAGGER_CYCLES=0
5,4,3,1,32,0,2,1,1,8,0,3,1,0,0,0,0,32,0,230,0,225.0,2.873,1524.79,OK,-DINTERLEAVE_STRATEGY=3 -DK_LOOP_UNROLL=8 -DMBAR_EARLY=1 -DN_STAGES=5 -DSTAGGER_CYCLES=0 -DSUB_MMA_UNROLL=3
5,4,3,0,32,40,4,1,1,2,0,1,1,0,0,0,0,32,0,214,0,225.0,2.875,1523.31,OK,-DINTERLEAVE_STRATEGY=3 -DK_LOOP_UNROLL=2 -DN_STAGES=5 -DPHASE1_UNROLL=4 -DSTAGGER_CYCLES=40 -DSUB_MMA_UNROLL=1
5,4,1,1,32,80,2,1,1,5,0,0,1,0,0,0,0,32,0,242,0,225.0,2.878,1522.15,OK,-DINTERLEAVE_STRATEGY=1 -DMBAR_EARLY=1 -DN_STAGES=5
5,4,3,1,32,0,2,1,1,1,0,1,1,0,0,0,0,32,0,215,0,225.0,2.878,1521.93,OK,-DINTERLEAVE_STRATEGY=3 -DK_LOOP_UNROLL=1 -DMBAR_EARLY=1 -DN_STAGES=5 -DSTAGGER_CYCLES=0 -DSUB_MMA_UNROLL=1
5,4,3,0,32,40,4,1,1,6,1,3,1,0,0,0,0,32,0,218,0,225.0,2.878,1521.75,OK,-DINTERLEAVE_STRATEGY=3 -DK_LOOP_UNROLL=6 -DN_STAGES=5 -DPHASE1_UNROLL=4 -DSTAGGER_CYCLES=40 -DSUB_MMA_UNROLL=3 -DW0_LOOP_UNROLL=1
5,4,3,1,32,0,4,1,1,5,0,3,1,1,0,0,1,32,0,250,0,225.0,2.879,1521.24,OK,-DBATCH_EPILOGUE=1 -DINTERLEAVE_STRATEGY=3 -DK_LOOP_UNROLL=5 -DMBAR_EARLY=1 -DN_STAGES=5 -DPHASE1_UNROLL=4 -DPREFETCH_BEFORE_STORE=1 -DSTAGGER_CYCLES=0 -DSUB_MMA_UNROLL=3
4,4,1,1,32,160,2,1,1,4,0,0,1,0,0,0,0,32,0,240,0,193.0,2.882,1519.58,OK,-DINTERLEAVE_STRATEGY=1 -DMBAR_EARLY=1 -DSTAGGER_CYCLES=160
4,4,3,1,32,0,2,1,1,4,0,0,1,0,0,0,0,32,0,242,0,193.0,2.882,1520.04,OK,-DINTERLEAVE_STRATEGY=3 -DMBAR_EARLY=1 -DSTAGGER_CYCLES=0
5,4,3,1,32,0,4,1,1,5,0,3,0,1,0,0,1,32,0,250,0,225.0,2.882,1519.95,OK,-DBATCH_EPILOGUE=1 -DINTERLEAVE_STRATEGY=3 -DK_LOOP_UNROLL=5 -DMBAR_EARLY=1 -DN_STAGES=5 -DPHASE1_UNROLL=4 -DPREFETCH_BEFORE_STORE=1 -DPRELOAD_MODE=0 -DSTAGGER_CYCLES=0 -DSUB_MMA_UNROLL=3
5,4,3,1,32,0,2,1,1,1,1,3,1,0,0,0,0,32,0,198,0,225.0,2.884,1518.71,OK,-DINTERLEAVE_STRATEGY=3 -DK_LOOP_UNROLL=1 -DMBAR_EARLY=1 -DN_STAGES=5 -DSTAGGER_CYCLES=0 -DSUB_MMA_UNROLL=3 -DW0_LOOP_UNROLL=1
4,4,3,1,32,40,2,1,1,4,0,0,1,0,0,0,0,32,0,242,0,193.0,2.887,1517.25,OK,-DINTERLEAVE_STRATEGY=3 -DMBAR_EARLY=1 -DSTAGGER_CYCLES=40
5,4,3,1,32,0,4,1,1,5,0,3,1,0,0,0,1,32,1,247,0,225.0,2.889,1515.88,OK,-DBATCH_EPILOGUE=1 -DK_LOOP_UNROLL=5 -DMBAR_EARLY=1 -DN_STAGES=5 -DPHASE1_UNROLL=4 -DSTAGGER_CYCLES=0 -DSTORE_TIMING=1 -DSUB_MMA_UNROLL=3
5,4,3,1,32,0,2,1,1,2,4,3,1,0,0,0,0,32,0,198,0,225.0,2.891,1514.82,OK,-DINTERLEAVE_STRATEGY=3 -DK_LOOP_UNROLL=2 -DMBAR_EARLY=1 -DN_STAGES=5 -DSTAGGER_CYCLES=0 -DSUB_MMA_UNROLL=3 -DW0_LOOP_UNROLL=4
5,4,3,1,32,0,2,1,1,5,1,0,1,0,0,0,0,32,0,242,0,225.0,2.893,1513.77,OK,-DINTERLEAVE_STRATEGY=3 -DMBAR_EARLY=1 -DN_STAGES=5 -DSTAGGER_CYCLES=0 -DW0_LOOP_UNROLL=1
4,4,1,1,32,200,2,1,1,4,0,0,1,0,0,0,0,32,0,240,0,193.0,2.895,1512.85,OK,-DINTERLEAVE_STRATEGY=1 -DMBAR_EARLY=1 -DSTAGGER_CYCLES=200
5,4,3,1,32,0,2,1,1,1,4,3,1,0,0,0,0,32,0,198,0,225.0,2.896,1512.2,OK,-DINTERLEAVE_STRATEGY=3 -DK_LOOP_UNROLL=1 -DMBAR_EARLY=1 -DN_STAGES=5 -DSTAGGER_CYCLES=0 -DSUB_MMA_UNROLL=3 -DW0_LOOP_UNROLL=4
4,4,1,1,32,120,2,1,1,4,0,0,1,0,0,0,0,32,0,240,0,193.0,2.897,1512.18,OK,-DINTERLEAVE_STRATEGY=1 -DMBAR_EARLY=1 -DSTAGGER_CYCLES=120
5,4,3,1,32,0,2,1,1,5,1,3,1,0,0,0,0,32,0,242,0,225.0,2.897,1512.01,OK,-DINTERLEAVE_STRATEGY=3 -DMBAR_EARLY=1 -DN_STAGES=5 -DSTAGGER_CYCLES=0 -DSUB_MMA_UNROLL=3 -DW0_LOOP_UNROLL=1
5,4,3,0,32,40,2,1,1,6,0,3,1,0,0,0,0,32,0,234,0,225.0,2.897,1512.05,OK,-DINTERLEAVE_STRATEGY=3 -DK_LOOP_UNROLL=6 -DN_STAGES=5 -DSTAGGER_CYCLES=40 -DSUB_MMA_UNROLL=3
5,4,3,0,32,40,2,1,1,8,0,3,1,0,0,0,0,32,0,234,0,225.0,2.901,1509.59,OK,-DINTERLEAVE_STRATEGY=3 -DK_LOOP_UNROLL=8 -DN_STAGES=5 -DSTAGGER_CYCLES=40 -DSUB_MMA_UNROLL=3
4,4,1,1,32,100,2,1,1,4,0,0,1,0,0,0,0,32,0,240,0,193.0,2.903,1509.04,OK,-DINTERLEAVE_STRATEGY=1 -DMBAR_EARLY=1 -DSTAGGER_CYCLES=100
5,4,3,1,32,0,4,1,1,5,0,0,1,1,0,0,1,32,0,250,0,225.0,2.907,1506.48,OK,-DBATCH_EPILOGUE=1 -DINTERLEAVE_STRATEGY=3 -DK_LOOP_UNROLL=5 -DMBAR_EARLY=1 -DN_STAGES=5 -DPHASE1_UNROLL=4 -DPREFETCH_BEFORE_STORE=1 -DSTAGGER_CYCLES=0
5,4,3,1,32,0,2,1,1,2,1,0,1,0,0,0,0,32,0,198,0,225.0,2.908,1506.12,OK,-DINTERLEAVE_STRATEGY=3 -DK_LOOP_UNROLL=2 -DMBAR_EARLY=1 -DN_STAGES=5 -DSTAGGER_CYCLES=0 -DW0_LOOP_UNROLL=1
4,4,1,0,32,160,2,1,1,4,0,0,1,0,0,0,0,32,0,242,0,193.0,2.909,1505.86,OK,-DINTERLEAVE_STRATEGY=1 -DSTAGGER_CYCLES=160
5,4,3,0,32,100,2,1,1,2,4,0,1,0,0,0,0,32,0,195,0,225.0,2.91,1505.0,OK,-DINTERLEAVE_STRATEGY=3 -DK_LOOP_UNROLL=2 -DN_STAGES=5 -DSTAGGER_CYCLES=100 -DW0_LOOP_UNROLL=4
5,4,3,0,32,100,2,1,1,1,4,3,1,0,0,0,0,32,0,195,0,225.0,2.911,1504.89,OK,-DINTERLEAVE_STRATEGY=3 -DK_LOOP_UNROLL=1 -DN_STAGES=5 -DSTAGGER_CYCLES=100 -DSUB_MMA_UNROLL=3 -DW0_LOOP_UNROLL=4
5,4,3,1,32,0,2,1,1,1,4,0,1,0,0,0,0,32,0,198,0,225.0,2.912,1504.21,OK,-DINTERLEAVE_STRATEGY=3 -DK_LOOP_UNROLL=1 -DMBAR_EARLY=1 -DN_STAGES=5 -DSTAGGER_CYCLES=0 -DW0_LOOP_UNROLL=4
5,4,3,1,32,0,2,1,1,2,4,0,1,0,0,0,0,32,0,198,0,225.0,2.912,1504.37,OK,-DINTERLEAVE_STRATEGY=3 -DK_LOOP_UNROLL=2 -DMBAR_EARLY=1 -DN_STAGES=5 -DSTAGGER_CYCLES=0 -DW0_LOOP_UNROLL=4
5,4,3,0,32,100,2,1,1,2,1,3,1,0,0,0,0,32,0,195,0,225.0,2.915,1502.51,OK,-DINTERLEAVE_STRATEGY=3 -DK_LOOP_UNROLL=2 -DN_STAGES=5 -DSTAGGER_CYCLES=100 -DSUB_MMA_UNROLL=3 -DW0_LOOP_UNROLL=1
4,4,1,0,32,200,2,1,1,4,0,0,1,0,0,0,0,32,0,242,0,193.0,2.916,1502.08,OK,-DINTERLEAVE_STRATEGY=1 -DSTAGGER_CYCLES=200
5,4,3,0,32,100,2,1,1,6,4,1,1,0,0,0,0,32,0,206,0,225.0,2.917,1501.34,OK,-DINTERLEAVE_STRATEGY=3 -DK_LOOP_UNROLL=6 -DN_STAGES=5 -DSTAGGER_CYCLES=100 -DSUB_MMA_UNROLL=1 -DW0_LOOP_UNROLL=4
5,4,3,1,32,0,2,1,1,2,1,3,1,0,0,0,0,32,0,198,0,225.0,2.918,1501.11,OK,-DINTERLEAVE_STRATEGY=3 -DK_LOOP_UNROLL=2 -DMBAR_EARLY=1 -DN_STAGES=5 -DSTAGGER_CYCLES=0 -DSUB_MMA_UNROLL=3 -DW0_LOOP_UNROLL=1
5,4,3,0,32,40,4,1,1,1,0,1,1,0,0,0,0,32,0,214,0,225.0,2.918,1501.22,OK,-DINTERLEAVE_STRATEGY=3 -DK_LOOP_UNROLL=1 -DN_STAGES=5 -DPHASE1_UNROLL=4 -DSTAGGER_CYCLES=40 -DSUB_MMA_UNROLL=1
5,4,3,1,32,0,4,1,1,5,0,0,0,1,0,0,0,32,1,244,0,225.0,2.918,1500.94,OK,-DK_LOOP_UNROLL=5 -DMBAR_EARLY=1 -DN_STAGES=5 -DPHASE1_UNROLL=4 -DPREFETCH_BEFORE_STORE=1 -DPRELOAD_MODE=0 -DSTAGGER_CYCLES=0 -DSTORE_TIMING=1
5,4,1,0,32,0,2,1,1,5,0,0,1,0,0,0,0,32,0,240,0,225.0,2.92,1500.2,OK,-DINTERLEAVE_STRATEGY=1 -DN_STAGES=5 -DSTAGGER_CYCLES=0
5,4,3,0,32,100,2,1,1,8,4,1,1,0,0,0,0,32,0,206,0,225.0,2.92,1500.25,OK,-DINTERLEAVE_STRATEGY=3 -DK_LOOP_UNROLL=8 -DN_STAGES=5 -DSTAGGER_CYCLES=100 -DSUB_MMA_UNROLL=1 -DW0_LOOP_UNROLL=4
5,4,3,0,32,100,2,1,1,5,4,1,1,0,0,0,0,32,0,206,0,225.0,2.921,1499.3,OK,-DINTERLEAVE_STRATEGY=3 -DN_STAGES=5 -DSTAGGER_CYCLES=100 -DSUB_MMA_UNROLL=1 -DW0_LOOP_UNROLL=4
5,4,3,0,32,100,2,1,1,2,0,0,1,0,0,0,0,32,0,219,0,225.0,2.922,1499.23,OK,-DINTERLEAVE_STRATEGY=3 -DK_LOOP_UNROLL=2 -DN_STAGES=5 -DSTAGGER_CYCLES=100
5,4,3,0,32,100,2,1,1,1,0,0,1,0,0,0,0,32,0,219,0,225.0,2.923,1498.35,OK,-DINTERLEAVE_STRATEGY=3 -DK_LOOP_UNROLL=1 -DN_STAGES=5 -DSTAGGER_CYCLES=100
5,4,3,0,32,100,4,1,1,1,0,1,1,0,0,0,0,32,0,214,0,225.0,2.926,1496.9,OK,-DINTERLEAVE_STRATEGY=3 -DK_LOOP_UNROLL=1 -DN_STAGES=5 -DPHASE1_UNROLL=4 -DSTAGGER_CYCLES=100 -DSUB_MMA_UNROLL=1
4,4,1,0,32,100,2,1,1,4,0,0,1,0,0,0,0,32,0,242,0,193.0,2.927,1496.44,OK,-DINTERLEAVE_STRATEGY=1 -DSTAGGER_CYCLES=100
5,4,3,1,32,0,2,1,1,1,1,0,1,0,0,0,0,32,0,198,0,225.0,2.927,1496.22,OK,-DINTERLEAVE_STRATEGY=3 -DK_LOOP_UNROLL=1 -DMBAR_EARLY=1 -DN_STAGES=5 -DSTAGGER_CYCLES=0 -DW0_LOOP_UNROLL=1
5,4,3,0,32,40,2,1,1,1,0,0,1,0,0,0,0,32,0,219,0,225.0,2.928,1495.78,OK,-DINTERLEAVE_STRATEGY=3 -DK_LOOP_UNROLL=1 -DN_STAGES=5 -DSTAGGER_CYCLES=40
5,4,3,0,32,100,2,1,1,1,0,3,1,0,0,0,0,32,0,219,0,225.0,2.929,1495.55,OK,-DINTERLEAVE_STRATEGY=3 -DK_LOOP_UNROLL=1 -DN_STAGES=5 -DSTAGGER_CYCLES=100 -DSUB_MMA_UNROLL=3
5,4,3,0,32,40,2,1,1,1,0,3,1,0,0,0,0,32,0,219,0,225.0,2.93,1495.15,OK,-DINTERLEAVE_STRATEGY=3 -DK_LOOP_UNROLL=1 -DN_STAGES=5 -DSTAGGER_CYCLES=40 -DSUB_MMA_UNROLL=3
5,4,3,0,32,40,2,1,1,5,4,1,1,0,0,0,0,32,0,206,0,225.0,2.93,1494.83,OK,-DINTERLEAVE_STRATEGY=3 -DN_STAGES=5 -DSTAGGER_CYCLES=40 -DSUB_MMA_UNROLL=1 -DW0_LOOP_UNROLL=4
5,4,3,0,32,40,2,1,1,8,4,1,1,0,0,0,0,32,0,206,0,225.0,2.931,1494.3,OK,-DINTERLEAVE_STRATEGY=3 -DK_LOOP_UNROLL=8 -DN_STAGES=5 -DSTAGGER_CYCLES=40 -DSUB_MMA_UNROLL=1 -DW0_LOOP_UNROLL=4
5,4,3,0,32,100,2,1,1,1,1,0,1,0,0,0,0,32,0,195,0,225.0,2.931,1494.28,OK,-DINTERLEAVE_STRATEGY=3 -DK_LOOP_UNROLL=1 -DN_STAGES=5 -DSTAGGER_CYCLES=100 -DW0_LOOP_UNROLL=1
5,4,3,0,32,100,2,1,1,2,1,0,1,0,0,0,0,32,0,195,0,225.0,2.931,1494.64,OK,-DINTERLEAVE_STRATEGY=3 -DK_LOOP_UNROLL=2 -DN_STAGES=5 -DSTAGGER_CYCLES=100 -DW0_LOOP_UNROLL=1
5,4,3,0,32,100,2,1,1,2,0,3,1,0,0,0,0,32,0,219,0,225.0,2.931,1494.59,OK,-DINTERLEAVE_STRATEGY=3 -DK_LOOP_UNROLL=2 -DN_STAGES=5 -DSTAGGER_CYCLES=100 -DSUB_MMA_UNROLL=3
5,4,3,0,32,100,2,1,1,8,1,1,1,0,0,0,0,32,0,206,0,225.0,2.931,1494.22,OK,-DINTERLEAVE_STRATEGY=3 -DK_LOOP_UNROLL=8 -DN_STAGES=5 -DSTAGGER_CYCLES=100 -DSUB_MMA_UNROLL=1 -DW0_LOOP_UNROLL=1
5,4,3,0,32,100,2,1,1,2,4,3,1,0,0,0,0,32,0,195,0,225.0,2.932,1493.86,OK,-DINTERLEAVE_STRATEGY=3 -DK_LOOP_UNROLL=2 -DN_STAGES=5 -DSTAGGER_CYCLES=100 -DSUB_MMA_UNROLL=3 -DW0_LOOP_UNROLL=4
5,4,3,0,32,100,2,1,1,5,1,1,1,0,0,0,0,32,0,206,0,225.0,2.932,1493.66,OK,-DINTERLEAVE_STRATEGY=3 -DN_STAGES=5 -DSTAGGER_CYCLES=100 -DSUB_MMA_UNROLL=1 -DW0_LOOP_UNROLL=1
5,4,2,0,32,200,2,1,1,5,0,0,1,0,0,0,0,32,0,238,0,225.0,2.933,1493.38,OK,-DN_STAGES=5 -DSTAGGER_CYCLES=200
5,4,3,0,32,100,2,1,1,2,0,1,1,0,0,0,0,32,0,211,0,225.0,2.933,1493.18,OK,-DINTERLEAVE_STRATEGY=3 -DK_LOOP_UNROLL=2 -DN_STAGES=5 -DSTAGGER_CYCLES=100 -DSUB_MMA_UNROLL=1
5,4,3,1,32,0,4,1,1,5,0,0,0,0,0,0,0,32,1,244,0,225.0,2.936,1491.79,OK,-DK_LOOP_UNROLL=5 -DMBAR_EARLY=1 -DN_STAGES=5 -DPHASE1_UNROLL=4 -DPRELOAD_MODE=0 -DSTAGGER_CYCLES=0 -DSTORE_TIMING=1
4,4,1,0,32,80,2,1,1,4,0,0,1,0,0,0,0,32,0,242,0,193.0,2.937,1491.47,OK,-DINTERLEAVE_STRATEGY=1
4,4,1,1,32,80,2,1,1,4,0,0,1,0,0,0,0,32,0,240,0,193.0,2.937,1491.55,OK,-DINTERLEAVE_STRATEGY=1 -DMBAR_EARLY=1
5,4,3,0,32,100,2,1,1,6,1,1,1,0,0,0,0,32,0,206,0,225.0,2.939,1490.24,OK,-DINTERLEAVE_STRATEGY=3 -DK_LOOP_UNROLL=6 -DN_STAGES=5 -DSTAGGER_CYCLES=100 -DSUB_MMA_UNROLL=1 -DW0_LOOP_UNROLL=1
5,4,3,0,32,40,2,1,1,2,4,3,1,0,0,0,0,32,0,195,0,225.0,2.946,1487.03,OK,-DINTERLEAVE_STRATEGY=3 -DK_LOOP_UNROLL=2 -DN_STAGES=5 -DSTAGGER_CYCLES=40 -DSUB_MMA_UNROLL=3 -DW0_LOOP_UNROLL=4
5,4,3,0,32,40,2,1,1,2,4,0,1,0,0,0,0,32,0,195,0,225.0,2.947,1486.14,OK,-DINTERLEAVE_STRATEGY=3 -DK_LOOP_UNROLL=2 -DN_STAGES=5 -DSTAGGER_CYCLES=40 -DW0_LOOP_UNROLL=4
5,4,3,0,32,40,2,1,1,2,1,3,1,0,0,0,0,32,0,195,0,225.0,2.947,1486.36,OK,-DINTERLEAVE_STRATEGY=3 -DK_LOOP_UNROLL=2 -DN_STAGES=5 -DSTAGGER_CYCLES=40 -DSUB_MMA_UNROLL=3 -DW0_LOOP_UNROLL=1
5,4,3,0,32,40,2,1,1,1,4,3,1,0,0,0,0,32,0,195,0,225.0,2.95,1484.83,OK,-DINTERLEAVE_STRATEGY=3 -DK_LOOP_UNROLL=1 -DN_STAGES=5 -DSTAGGER_CYCLES=40 -DSUB_MMA_UNROLL=3 -DW0_LOOP_UNROLL=4
5,4,3,0,32,100,2,1,1,1,1,3,1,0,0,0,0,32,0,195,0,225.0,2.95,1484.93,OK,-DINTERLEAVE_STRATEGY=3 -DK_LOOP_UNROLL=1 -DN_STAGES=5 -DSTAGGER_CYCLES=100 -DSUB_MMA_UNROLL=3 -DW0_LOOP_UNROLL=1
5,4,3,0,32,40,2,1,1,6,4,1,1,0,0,0,0,32,0,206,0,225.0,2.951,1484.23,OK,-DINTERLEAVE_STRATEGY=3 -DK_LOOP_UNROLL=6 -DN_STAGES=5 -DSTAGGER_CYCLES=40 -DSUB_MMA_UNROLL=1 -DW0_LOOP_UNROLL=4
4,4,1,0,32,120,2,1,1,4,0,0,1,0,0,0,0,32,0,242,0,193.0,2.952,1483.77,OK,-DINTERLEAVE_STRATEGY=1 -DSTAGGER_CYCLES=120
5,4,3,0,32,40,2,1,1,1,1,3,1,0,0,0,0,32,0,195,0,225.0,2.953,1483.03,OK,-DINTERLEAVE_STRATEGY=3 -DK_LOOP_UNROLL=1 -DN_STAGES=5 -DSTAGGER_CYCLES=40 -DSUB_MMA_UNROLL=3 -DW0_LOOP_UNROLL=1
5,4,3,0,32,40,2,1,1,2,0,0,1,0,0,0,0,32,0,219,0,225.0,2.953,1483.5,OK,-DINTERLEAVE_STRATEGY=3 -DK_LOOP_UNROLL=2 -DN_STAGES=5 -DSTAGGER_CYCLES=40
5,4,3,0,32,40,2,1,1,8,1,1,1,0,0,0,0,32,0,206,0,225.0,2.956,1481.75,OK,-DINTERLEAVE_STRATEGY=3 -DK_LOOP_UNROLL=8 -DN_STAGES=5 -DSTAGGER_CYCLES=40 -DSUB_MMA_UNROLL=1 -DW0_LOOP_UNROLL=1
5,4,3,1,32,0,4,1,1,5,0,3,0,0,0,0,0,32,1,244,0,225.0,2.956,1481.92,OK,-DK_LOOP_UNROLL=5 -DMBAR_EARLY=1 -DN_STAGES=5 -DPHASE1_UNROLL=4 -DPRELOAD_MODE=0 -DSTAGGER_CYCLES=0 -DSTORE_TIMING=1 -DSUB_MMA_UNROLL=3
5,4,3,0,32,40,2,1,1,2,1,0,1,0,0,0,0,32,0,195,0,225.0,2.957,1481.21,OK,-DINTERLEAVE_STRATEGY=3 -DK_LOOP_UNROLL=2 -DN_STAGES=5 -DSTAGGER_CYCLES=40 -DW0_LOOP_UNROLL=1
5,4,3,0,32,40,2,1,1,2,0,1,1,0,0,0,0,32,0,211,0,225.0,2.959,1480.37,OK,-DINTERLEAVE_STRATEGY=3 -DK_LOOP_UNROLL=2 -DN_STAGES=5 -DSTAGGER_CYCLES=40 -DSUB_MMA_UNROLL=1
4,4,1,1,32,60,2,1,1,4,0,0,1,0,0,0,0,32,0,240,0,193.0,2.96,1479.79,OK,-DINTERLEAVE_STRATEGY=1 -DMBAR_EARLY=1 -DSTAGGER_CYCLES=60
5,4,3,0,32,40,2,1,1,1,1,0,1,0,0,0,0,32,0,195,0,225.0,2.96,1479.78,OK,-DINTERLEAVE_STRATEGY=3 -DK_LOOP_UNROLL=1 -DN_STAGES=5 -DSTAGGER_CYCLES=40 -DW0_LOOP_UNROLL=1
5,4,3,1,32,0,4,1,1,5,0,3,0,1,0,0,0,32,1,244,0,225.0,2.961,1479.48,OK,-DK_LOOP_UNROLL=5 -DMBAR_EARLY=1 -DN_STAGES=5 -DPHASE1_UNROLL=4 -DPREFETCH_BEFORE_STORE=1 -DPRELOAD_MODE=0 -DSTAGGER_CYCLES=0 -DSTORE_TIMING=1 -DSUB_MMA_UNROLL=3
5,4,1,1,32,0,4,1,1,5,0,3,1,0,0,0,1,32,1,247,0,225.0,2.961,1479.37,OK,-DBATCH_EPILOGUE=1 -DK_LOOP_UNROLL=5 -DMBAR_EARLY=1 -DN_STAGES=5 -DPHASE1_UNROLL=4 -DSTAGGER_CYCLES=0 -DSTORE_TIMING=1 -DSUB_MMA_UNROLL=3
5,4,3,0,32,40,2,1,1,5,1,1,1,0,0,0,0,32,0,206,0,225.0,2.963,1478.49,OK,-DINTERLEAVE_STRATEGY=3 -DN_STAGES=5 -DSTAGGER_CYCLES=40 -DSUB_MMA_UNROLL=1 -DW0_LOOP_UNROLL=1
5,4,3,0,32,100,2,1,1,6,1,0,1,0,0,0,0,32,0,215,0,225.0,2.963,1478.31,OK,-DINTERLEAVE_STRATEGY=3 -DK_LOOP_UNROLL=6 -DN_STAGES=5 -DSTAGGER_CYCLES=100 -DW0_LOOP_UNROLL=1
5,4,3,0,32,40,2,1,1,1,1,1,1,0,0,0,0,32,0,186,0,225.0,2.965,1477.34,OK,-DINTERLEAVE_STRATEGY=3 -DK_LOOP_UNROLL=1 -DN_STAGES=5 -DSTAGGER_CYCLES=40 -DSUB_MMA_UNROLL=1 -DW0_LOOP_UNROLL=1
4,4,1,1,32,40,2,1,1,4,0,0,1,0,0,0,0,32,0,240,0,193.0,2.967,1476.13,OK,-DINTERLEAVE_STRATEGY=1 -DMBAR_EARLY=1 -DSTAGGER_CYCLES=40
5,4,3,0,32,40,2,1,1,2,0,3,1,0,0,0,0,32,0,219,0,225.0,2.967,1476.13,OK,-DINTERLEAVE_STRATEGY=3 -DK_LOOP_UNROLL=2 -DN_STAGES=5 -DSTAGGER_CYCLES=40 -DSUB_MMA_UNROLL=3
5,4,3,0,32,100,2,1,1,1,4,0,1,0,0,0,0,32,0,195,0,225.0,2.968,1475.9,OK,-DINTERLEAVE_STRATEGY=3 -DK_LOOP_UNROLL=1 -DN_STAGES=5 -DSTAGGER_CYCLES=100 -DW0_LOOP_UNROLL=4
5,4,3,0,32,100,2,1,1,1,4,1,1,0,0,0,0,32,0,186,0,225.0,2.968,1475.98,OK,-DINTERLEAVE_STRATEGY=3 -DK_LOOP_UNROLL=1 -DN_STAGES=5 -DSTAGGER_CYCLES=100 -DSUB_MMA_UNROLL=1 -DW0_LOOP_UNROLL=4
5,4,3,0,32,100,2,1,1,2,4,1,1,0,0,0,0,32,0,186,0,225.0,2.97,1474.87,OK,-DINTERLEAVE_STRATEGY=3 -DK_LOOP_UNROLL=2 -DN_STAGES=5 -DSTAGGER_CYCLES=100 -DSUB_MMA_UNROLL=1 -DW0_LOOP_UNROLL=4
4,4,1,1,32,0,2,1,1,4,0,0,1,0,0,0,0,32,0,241,0,193.0,2.971,1474.35,OK,-DINTERLEAVE_STRATEGY=1 -DMBAR_EARLY=1 -DSTAGGER_CYCLES=0
5,4,3,0,32,40,2,1,1,2,4,1,1,0,0,0,0,32,0,186,0,225.0,2.972,1473.94,OK,-DINTERLEAVE_STRATEGY=3 -DK_LOOP_UNROLL=2 -DN_STAGES=5 -DSTAGGER_CYCLES=40 -DSUB_MMA_UNROLL=1 -DW0_LOOP_UNROLL=4
5,4,3,0,32,40,2,1,1,1,4,1,1,0,0,0,0,32,0,186,0,225.0,2.975,1472.25,OK,-DINTERLEAVE_STRATEGY=3 -DK_LOOP_UNROLL=1 -DN_STAGES=5 -DSTAGGER_CYCLES=40 -DSUB_MMA_UNROLL=1 -DW0_LOOP_UNROLL=4
4,4,1,0,32,60,2,1,1,4,0,0,1,0,0,0,0,32,0,242,0,193.0,2.977,1471.48,OK,-DINTERLEAVE_STRATEGY=1 -DSTAGGER_CYCLES=60
5,4,2,0,32,0,2,1,1,5,0,0,1,0,0,0,0,32,0,239,0,225.0,2.978,1470.94,OK,-DN_STAGES=5 -DSTAGGER_CYCLES=0
5,4,3,0,32,100,2,1,1,1,1,1,1,0,0,0,0,32,0,186,0,225.0,2.979,1470.1,OK,-DINTERLEAVE_STRATEGY=3 -DK_LOOP_UNROLL=1 -DN_STAGES=5 -DSTAGGER_CYCLES=100 -DSUB_MMA_UNROLL=1 -DW0_LOOP_UNROLL=1
5,4,3,0,32,100,2,1,1,1,0,1,1,0,0,0,0,32,0,211,0,225.0,2.98,1469.92,OK,-DINTERLEAVE_STRATEGY=3 -DK_LOOP_UNROLL=1 -DN_STAGES=5 -DSTAGGER_CYCLES=100 -DSUB_MMA_UNROLL=1
5,4,3,0,32,40,2,1,1,1,4,0,1,0,0,0,0,32,0,195,0,225.0,2.985,1467.28,OK,-DINTERLEAVE_STRATEGY=3 -DK_LOOP_UNROLL=1 -DN_STAGES=5 -DSTAGGER_CYCLES=40 -DW0_LOOP_UNROLL=4
5,4,3,0,32,40,2,1,1,1,0,1,1,0,0,0,0,32,0,211,0,225.0,2.985,1467.59,OK,-DINTERLEAVE_STRATEGY=3 -DK_LOOP_UNROLL=1 -DN_STAGES=5 -DSTAGGER_CYCLES=40 -DSUB_MMA_UNROLL=1
5,4,3,0,32,100,2,1,1,2,1,1,1,0,0,0,0,32,0,186,0,225.0,2.985,1467.35,OK,-DINTERLEAVE_STRATEGY=3 -DK_LOOP_UNROLL=2 -DN_STAGES=5 -DSTAGGER_CYCLES=100 -DSUB_MMA_UNROLL=1 -DW0_LOOP_UNROLL=1
5,4,3,0,32,100,2,1,1,8,1,0,1,0,0,0,0,32,0,215,0,225.0,2.985,1467.32,OK,-DINTERLEAVE_STRATEGY=3 -DK_LOOP_UNROLL=8 -DN_STAGES=5 -DSTAGGER_CYCLES=100 -DW0_LOOP_UNROLL=1
5,4,2,0,32,100,2,1,1,5,0,0,1,0,0,0,0,32,0,238,0,225.0,2.986,1466.87,OK,-DN_STAGES=5 -DSTAGGER_CYCLES=100
5,4,3,0,32,40,2,1,1,6,1,1,1,0,0,0,0,32,0,206,0,225.0,2.986,1466.67,OK,-DINTERLEAVE_STRATEGY=3 -DK_LOOP_UNROLL=6 -DN_STAGES=5 -DSTAGGER_CYCLES=40 -DSUB_MMA_UNROLL=1 -DW0_LOOP_UNROLL=1
5,4,2,1,32,40,2,1,1,5,0,0,1,0,0,0,0,32,0,240,0,225.0,2.988,1466.01,OK,-DMBAR_EARLY=1 -DN_STAGES=5 -DSTAGGER_CYCLES=40
5,4,3,0,32,100,2,1,1,6,1,3,1,0,0,0,0,32,0,215,0,225.0,2.988,1466.12,OK,-DINTERLEAVE_STRATEGY=3 -DK_LOOP_UNROLL=6 -DN_STAGES=5 -DSTAGGER_CYCLES=100 -DSUB_MMA_UNROLL=3 -DW0_LOOP_UNROLL=1
5,4,2,0,32,120,2,1,1,5,0,0,1,0,0,0,0,32,0,238,0,225.0,2.989,1465.46,OK,-DN_STAGES=5 -DSTAGGER_CYCLES=120
5,4,2,1,32,200,2,1,1,5,0,0,1,0,0,0,0,32,0,240,0,225.0,2.991,1464.4,OK,-DMBAR_EARLY=1 -DN_STAGES=5 -DSTAGGER_CYCLES=200
5,4,3,0,32,100,2,1,1,6,4,3,1,0,0,0,0,32,0,215,0,225.0,2.993,1463.62,OK,-DINTERLEAVE_STRATEGY=3 -DK_LOOP_UNROLL=6 -DN_STAGES=5 -DSTAGGER_CYCLES=100 -DSUB_MMA_UNROLL=3 -DW0_LOOP_UNROLL=4
4,4,1,0,32,0,2,1,1,4,0,0,1,0,0,0,0,32,0,242,0,193.0,2.994,1462.96,OK,-DINTERLEAVE_STRATEGY=1 -DSTAGGER_CYCLES=0
5,4,2,0,32,80,2,1,1,5,0,0,1,0,0,0,0,32,0,238,0,225.0,2.995,1462.41,OK,-DN_STAGES=5
5,4,3,1,32,0,4,1,1,5,0,0,0,0,0,0,1,32,1,247,0,225.0,2.998,1461.1,OK,-DBATCH_EPILOGUE=1 -DK_LOOP_UNROLL=5 -DMBAR_EARLY=1 -DN_STAGES=5 -DPHASE1_UNROLL=4 -DPRELOAD_MODE=0 -DSTAGGER_CYCLES=0 -DSTORE_TIMING=1
5,4,3,0,32,40,2,1,1,2,1,1,1,0,0,0,0,32,0,186,0,225.0,3.001,1459.53,OK,-DINTERLEAVE_STRATEGY=3 -DK_LOOP_UNROLL=2 -DN_STAGES=5 -DSTAGGER_CYCLES=40 -DSUB_MMA_UNROLL=1 -DW0_LOOP_UNROLL=1
5,4,3,0,32,100,2,1,1,8,1,3,1,0,0,0,0,32,0,215,0,225.0,3.001,1459.4,OK,-DINTERLEAVE_STRATEGY=3 -DK_LOOP_UNROLL=8 -DN_STAGES=5 -DSTAGGER_CYCLES=100 -DSUB_MMA_UNROLL=3 -DW0_LOOP_UNROLL=1
5,4,3,1,32,0,4,1,1,5,0,3,0,1,0,0,1,32,1,247,0,225.0,3.004,1457.97,OK,-DBATCH_EPILOGUE=1 -DK_LOOP_UNROLL=5 -DMBAR_EARLY=1 -DN_STAGES=5 -DPHASE1_UNROLL=4 -DPREFETCH_BEFORE_STORE=1 -DPRELOAD_MODE=0 -DSTAGGER_CYCLES=0 -DSTORE_TIMING=1 -DSUB_MMA_UNROLL=3
5,4,2,0,32,60,2,1,1,5,0,0,1,0,0,0,0,32,0,238,0,225.0,3.006,1457.08,OK,-DN_STAGES=5 -DSTAGGER_CYCLES=60
5,4,2,1,32,0,2,1,1,5,0,0,1,0,0,0,0,32,0,240,0,225.0,3.007,1456.61,OK,-DMBAR_EARLY=1 -DN_STAGES=5 -DSTAGGER_CYCLES=0
5,4,3,0,32,100,2,1,1,8,4,0,1,0,0,0,0,32,0,215,0,225.0,3.007,1456.59,OK,-DINTERLEAVE_STRATEGY=3 -DK_LOOP_UNROLL=8 -DN_STAGES=5 -DSTAGGER_CYCLES=100 -DW0_LOOP_UNROLL=4
5,4,2,0,32,40,2,1,1,5,0,0,1,0,0,0,0,32,0,238,0,225.0,3.009,1455.62,OK,-DN_STAGES=5 -DSTAGGER_CYCLES=40
5,4,2,1,32,60,2,1,1,5,0,0,1,0,0,0,0,32,0,240,0,225.0,3.009,1455.67,OK,-DMBAR_EARLY=1 -DN_STAGES=5 -DSTAGGER_CYCLES=60
4,4,1,0,32,40,2,1,1,4,0,0,1,0,0,0,0,32,0,242,0,193.0,3.009,1455.42,OK,-DINTERLEAVE_STRATEGY=1 -DSTAGGER_CYCLES=40
5,4,3,0,32,40,2,1,1,6,4,3,1,0,0,0,0,32,0,215,0,225.0,3.011,1454.75,OK,-DINTERLEAVE_STRATEGY=3 -DK_LOOP_UNROLL=6 -DN_STAGES=5 -DSTAGGER_CYCLES=40 -DSUB_MMA_UNROLL=3 -DW0_LOOP_UNROLL=4
5,4,3,0,32,100,2,1,1,8,4,3,1,0,0,0,0,32,0,215,0,225.0,3.011,1454.81,OK,-DINTERLEAVE_STRATEGY=3 -DK_LOOP_UNROLL=8 -DN_STAGES=5 -DSTAGGER_CYCLES=100 -DSUB_MMA_UNROLL=3 -DW0_LOOP_UNROLL=4
5,4,3,1,32,0,4,1,1,5,0,0,0,1,0,0,1,32,1,247,0,225.0,3.014,1453.24,OK,-DBATCH_EPILOGUE=1 -DK_LOOP_UNROLL=5 -DMBAR_EARLY=1 -DN_STAGES=5 -DPHASE1_UNROLL=4 -DPREFETCH_BEFORE_STORE=1 -DPRELOAD_MODE=0 -DSTAGGER_CYCLES=0 -DSTORE_TIMING=1
5,4,2,1,32,120,2,1,1,5,0,0,1,0,0,0,0,32,0,240,0,225.0,3.018,1451.32,OK,-DMBAR_EARLY=1 -DN_STAGES=5 -DSTAGGER_CYCLES=120
5,4,3,0,32,40,2,1,1,6,1,0,1,0,0,0,0,32,0,215,0,225.0,3.018,1451.47,OK,-DINTERLEAVE_STRATEGY=3 -DK_LOOP_UNROLL=6 -DN_STAGES=5 -DSTAGGER_CYCLES=40 -DW0_LOOP_UNROLL=1
5,4,3,1,32,0,4,1,1,5,0,3,0,0,0,0,1,32,1,247,0,225.0,3.018,1451.11,OK,-DBATCH_EPILOGUE=1 -DK_LOOP_UNROLL=5 -DMBAR_EARLY=1 -DN_STAGES=5 -DPHASE1_UNROLL=4 -DPRELOAD_MODE=0 -DSTAGGER_CYCLES=0 -DSTORE_TIMING=1 -DSUB_MMA_UNROLL=3
5,4,3,0,32,100,2,1,1,6,4,0,1,0,0,0,0,32,0,215,0,225.0,3.021,1449.79,OK,-DINTERLEAVE_STRATEGY=3 -DK_LOOP_UNROLL=6 -DN_STAGES=5 -DSTAGGER_CYCLES=100 -DW0_LOOP_UNROLL=4
4,4,2,0,32,200,2,1,1,4,0,0,1,0,0,0,0,32,0,242,0,193.0,3.024,1448.66,OK,-DSTAGGER_CYCLES=200
5,4,3,0,32,100,2,1,1,5,0,1,1,0,0,0,0,32,0,225,0,225.0,3.026,1447.49,OK,-DINTERLEAVE_STRATEGY=3 -DN_STAGES=5 -DSTAGGER_CYCLES=100 -DSUB_MMA_UNROLL=1
5,4,3,0,32,40,2,1,1,6,4,0,1,0,0,0,0,32,0,215,0,225.0,3.027,1447.13,OK,-DINTERLEAVE_STRATEGY=3 -DK_LOOP_UNROLL=6 -DN_STAGES=5 -DSTAGGER_CYCLES=40 -DW0_LOOP_UNROLL=4
5,4,3,0,32,40,2,1,1,8,1,3,1,0,0,0,0,32,0,215,0,225.0,3.027,1446.9,OK,-DINTERLEAVE_STRATEGY=3 -DK_LOOP_UNROLL=8 -DN_STAGES=5 -DSTAGGER_CYCLES=40 -DSUB_MMA_UNROLL=3 -DW0_LOOP_UNROLL=1
5,4,2,1,32,100,2,1,1,5,0,0,1,0,0,0,0,32,0,240,0,225.0,3.028,1446.41,OK,-DMBAR_EARLY=1 -DN_STAGES=5 -DSTAGGER_CYCLES=100
4,4,2,0,32,160,2,1,1,4,0,0,1,0,0,0,0,32,0,242,0,193.0,3.028,1446.59,OK,-DSTAGGER_CYCLES=160
5,4,2,1,32,160,2,1,1,5,0,0,1,0,0,0,0,32,0,240,0,225.0,3.031,1445.21,OK,-DMBAR_EARLY=1 -DN_STAGES=5 -DSTAGGER_CYCLES=160
5,4,3,0,32,40,2,1,1,6,1,3,1,0,0,0,0,32,0,215,0,225.0,3.034,1443.49,OK,-DINTERLEAVE_STRATEGY=3 -DK_LOOP_UNROLL=6 -DN_STAGES=5 -DSTAGGER_CYCLES=40 -DSUB_MMA_UNROLL=3 -DW0_LOOP_UNROLL=1
5,4,0,0,32,120,2,1,1,5,0,0,1,0,0,0,0,32,0,241,0,225.0,3.038,1441.93,OK,-DINTERLEAVE_STRATEGY=0 -DN_STAGES=5 -DSTAGGER_CYCLES=120
5,4,2,0,32,160,2,1,1,5,0,0,1,0,0,0,0,32,0,238,0,225.0,3.038,1441.7,OK,-DN_STAGES=5 -DSTAGGER_CYCLES=160
5,4,3,0,32,40,2,1,1,8,1,0,1,0,0,0,0,32,0,215,0,225.0,3.039,1441.49,OK,-DINTERLEAVE_STRATEGY=3 -DK_LOOP_UNROLL=8 -DN_STAGES=5 -DSTAGGER_CYCLES=40 -DW0_LOOP_UNROLL=1
5,4,2,0,32,80,2,1,1,5,0,0,1,0,0,0,0,32,0,238,0,225.0,3.042,1439.67,OK,-DN_STAGES=5
5,4,3,0,32,40,2,1,1,8,4,0,1,0,0,0,0,32,0,215,0,225.0,3.045,1438.64,OK,-DINTERLEAVE_STRATEGY=3 -DK_LOOP_UNROLL=8 -DN_STAGES=5 -DSTAGGER_CYCLES=40 -DW0_LOOP_UNROLL=4
5,4,3,0,32,40,2,1,1,8,4,3,1,0,0,0,0,32,0,215,0,225.0,3.045,1438.37,OK,-DINTERLEAVE_STRATEGY=3 -DK_LOOP_UNROLL=8 -DN_STAGES=5 -DSTAGGER_CYCLES=40 -DSUB_MMA_UNROLL=3 -DW0_LOOP_UNROLL=4
4,4,2,0,32,80,2,1,1,4,0,0,1,0,0,0,0,32,0,242,0,193.0,3.051,1435.63,OK,
5,4,3,1,32,0,4,0,1,1,1,1,1,0,0,0,0,32,0,190,0,225.0,3.052,1435.11,OK,-DINTERLEAVE_STRATEGY=3 -DK_LOOP_UNROLL=1 -DMBAR_EARLY=1 -DN_STAGES=5 -DPHASE1_UNROLL=4 -DSNAKE_ORDER=0 -DSTAGGER_CYCLES=0 -DSUB_MMA_UNROLL=1 -DW0_LOOP_UNROLL=1
4,4,2,0,32,40,2,1,1,4,0,0,1,0,0,0,0,32,0,242,0,193.0,3.056,1433.07,OK,-DSTAGGER_CYCLES=40
5,4,3,0,32,100,2,1,1,6,0,1,1,0,0,0,0,32,0,225,0,225.0,3.056,1433.19,OK,-DINTERLEAVE_STRATEGY=3 -DK_LOOP_UNROLL=6 -DN_STAGES=5 -DSTAGGER_CYCLES=100 -DSUB_MMA_UNROLL=1
5,4,3,1,32,0,4,0,1,2,1,1,1,0,0,0,0,32,0,190,0,225.0,3.061,1430.73,OK,-DINTERLEAVE_STRATEGY=3 -DK_LOOP_UNROLL=2 -DMBAR_EARLY=1 -DN_STAGES=5 -DPHASE1_UNROLL=4 -DSNAKE_ORDER=0 -DSTAGGER_CYCLES=0 -DSUB_MMA_UNROLL=1 -DW0_LOOP_UNROLL=1
4,4,2,1,32,80,2,1,1,4,0,0,1,0,0,0,0,32,0,240,0,193.0,3.062,1430.34,OK,-DMBAR_EARLY=1
4,4,2,0,32,80,2,1,1,4,0,0,1,0,0,0,0,32,0,242,0,193.0,3.069,1427.24,OK,
4,4,2,1,32,160,2,1,1,4,0,0,1,0,0,0,0,32,0,240,0,193.0,3.07,1426.79,OK,-DMBAR_EARLY=1 -DSTAGGER_CYCLES=160
5,4,0,1,32,80,2,1,1,5,0,0,1,0,0,0,0,32,0,240,0,225.0,3.072,1426.01,OK,-DINTERLEAVE_STRATEGY=0 -DMBAR_EARLY=1 -DN_STAGES=5
5,4,2,1,32,80,2,1,1,5,0,0,1,0,0,0,0,32,0,240,0,225.0,3.072,1425.71,OK,-DMBAR_EARLY=1 -DN_STAGES=5
5,4,3,1,32,0,4,0,1,1,4,1,1,0,0,0,0,32,0,190,0,225.0,3.072,1425.63,OK,-DINTERLEAVE_STRATEGY=3 -DK_LOOP_UNROLL=1 -DMBAR_EARLY=1 -DN_STAGES=5 -DPHASE1_UNROLL=4 -DSNAKE_ORDER=0 -DSTAGGER_CYCLES=0 -DSUB_MMA_UNROLL=1 -DW0_LOOP_UNROLL=4
4,4,2,0,32,60,2,1,1,4,0,0,1,0,0,0,0,32,0,242,0,193.0,3.074,1424.89,OK,-DSTAGGER_CYCLES=60
4,4,2,0,32,0,2,1,1,4,0,0,1,0,0,0,0,32,0,242,0,193.0,3.078,1423.03,OK,-DSTAGGER_CYCLES=0
5,4,0,0,32,160,2,1,1,5,0,0,1,0,0,0,0,32,0,241,0,225.0,3.079,1422.54,OK,-DINTERLEAVE_STRATEGY=0 -DN_STAGES=5 -DSTAGGER_CYCLES=160
4,4,2,0,32,100,2,1,1,4,0,0,1,0,0,0,0,32,0,242,0,193.0,3.08,1422.17,OK,-DSTAGGER_CYCLES=100
4,4,2,0,32,120,2,1,1,4,0,0,1,0,0,0,0,32,0,242,0,193.0,3.08,1422.3,OK,-DSTAGGER_CYCLES=120
5,4,0,0,32,40,2,1,1,5,0,0,1,0,0,0,0,32,0,241,0,225.0,3.084,1420.32,OK,-DINTERLEAVE_STRATEGY=0 -DN_STAGES=5 -DSTAGGER_CYCLES=40
5,4,0,0,32,60,2,1,1,5,0,0,1,0,0,0,0,32,0,241,0,225.0,3.084,1420.29,OK,-DINTERLEAVE_STRATEGY=0 -DN_STAGES=5 -DSTAGGER_CYCLES=60
5,4,3,0,32,40,2,1,1,6,0,1,1,0,0,0,0,32,0,225,0,225.0,3.084,1420.09,OK,-DINTERLEAVE_STRATEGY=3 -DK_LOOP_UNROLL=6 -DN_STAGES=5 -DSTAGGER_CYCLES=40 -DSUB_MMA_UNROLL=1
5,4,3,1,32,0,4,0,1,5,1,3,1,0,0,0,0,32,0,246,0,225.0,3.085,1419.83,OK,-DINTERLEAVE_STRATEGY=3 -DMBAR_EARLY=1 -DN_STAGES=5 -DPHASE1_UNROLL=4 -DSNAKE_ORDER=0 -DSTAGGER_CYCLES=0 -DSUB_MMA_UNROLL=3 -DW0_LOOP_UNROLL=1
4,4,2,1,32,0,2,1,1,4,0,0,1,0,0,0,0,32,0,241,0,193.0,3.086,1419.36,OK,-DMBAR_EARLY=1 -DSTAGGER_CYCLES=0
5,4,0,1,32,120,2,1,1,5,0,0,1,0,0,0,0,32,0,240,0,225.0,3.089,1417.88,OK,-DINTERLEAVE_STRATEGY=0 -DMBAR_EARLY=1 -DN_STAGES=5 -DSTAGGER_CYCLES=120
5,4,3,1,32,0,2,0,1,1,0,1,1,0,0,0,0,32,0,215,0,225.0,3.089,1417.86,OK,-DINTERLEAVE_STRATEGY=3 -DK_LOOP_UNROLL=1 -DMBAR_EARLY=1 -DN_STAGES=5 -DSNAKE_ORDER=0 -DSTAGGER_CYCLES=0 -DSUB_MMA_UNROLL=1
4,4,2,1,32,120,2,1,1,4,0,0,1,0,0,0,0,32,0,240,0,193.0,3.09,1417.57,OK,-DMBAR_EARLY=1 -DSTAGGER_CYCLES=120
5,4,3,0,32,100,2,1,1,8,0,1,1,0,0,0,0,32,0,225,0,225.0,3.091,1417.12,OK,-DINTERLEAVE_STRATEGY=3 -DK_LOOP_UNROLL=8 -DN_STAGES=5 -DSTAGGER_CYCLES=100 -DSUB_MMA_UNROLL=1
5,4,3,1,32,0,4,0,1,5,1,0,1,0,0,0,0,32,0,246,0,225.0,3.094,1415.54,OK,-DINTERLEAVE_STRATEGY=3 -DMBAR_EARLY=1 -DN_STAGES=5 -DPHASE1_UNROLL=4 -DSNAKE_ORDER=0 -DSTAGGER_CYCLES=0 -DW0_LOOP_UNROLL=1
4,4,2,1,32,200,2,1,1,4,0,0,1,0,0,0,0,32,0,240,0,193.0,3.097,1414.14,OK,-DMBAR_EARLY=1 -DSTAGGER_CYCLES=200
4,4,2,1,32,40,2,1,1,4,0,0,1,0,0,0,0,32,0,240,0,193.0,3.101,1412.33,OK,-DMBAR_EARLY=1 -DSTAGGER_CYCLES=40
5,4,0,0,32,100,2,1,1,5,0,0,1,0,0,0,0,32,0,241,0,225.0,3.102,1412.05,OK,-DINTERLEAVE_STRATEGY=0 -DN_STAGES=5 -DSTAGGER_CYCLES=100
5,4,3,1,32,0,2,0,1,1,4,1,1,0,0,0,0,32,0,188,0,225.0,3.103,1411.5,OK,-DINTERLEAVE_STRATEGY=3 -DK_LOOP_UNROLL=1 -DMBAR_EARLY=1 -DN_STAGES=5 -DSNAKE_ORDER=0 -DSTAGGER_CYCLES=0 -DSUB_MMA_UNROLL=1 -DW0_LOOP_UNROLL=4
5,4,3,0,32,40,4,0,1,1,1,1,1,0,0,0,0,32,0,190,0,225.0,3.104,1411.14,OK,-DINTERLEAVE_STRATEGY=3 -DK_LOOP_UNROLL=1 -DN_STAGES=5 -DPHASE1_UNROLL=4 -DSNAKE_ORDER=0 -DSTAGGER_CYCLES=40 -DSUB_MMA_UNROLL=1 -DW0_LOOP_UNROLL=1
5,4,3,0,32,40,2,1,1,5,0,1,1,0,0,0,0,32,0,225,0,225.0,3.104,1411.28,OK,-DINTERLEAVE_STRATEGY=3 -DN_STAGES=5 -DSTAGGER_CYCLES=40 -DSUB_MMA_UNROLL=1
5,4,3,0,32,100,4,0,1,1,1,1,1,0,0,0,0,32,0,190,0,225.0,3.104,1411.14,OK,-DINTERLEAVE_STRATEGY=3 -DK_LOOP_UNROLL=1 -DN_STAGES=5 -DPHASE1_UNROLL=4 -DSNAKE_ORDER=0 -DSTAGGER_CYCLES=100 -DSUB_MMA_UNROLL=1 -DW0_LOOP_UNROLL=1
4,4,0,1,32,0,2,1,1,4,0,0,1,0,0,0,0,32,0,241,0,193.0,3.11,1408.16,OK,-DINTERLEAVE_STRATEGY=0 -DMBAR_EARLY=1 -DSTAGGER_CYCLES=0
4,4,2,1,32,100,2,1,1,4,0,0,1,0,0,0,0,32,0,240,0,193.0,3.11,1408.43,OK,-DMBAR_EARLY=1 -DSTAGGER_CYCLES=100
3,4,2,0,32,80,2,1,1,3,0,0,1,0,0,0,0,32,0,204,0,161.0,3.111,1407.74,OK,-DN_STAGES=3
5,4,0,0,32,200,2,1,1,5,0,0,1,0,0,0,0,32,0,241,0,225.0,3.112,1407.29,OK,-DINTERLEAVE_STRATEGY=0 -DN_STAGES=5 -DSTAGGER_CYCLES=200
5,4,3,1,32,0,2,0,1,1,1,1,1,0,0,0,0,32,0,188,0,225.0,3.113,1407.17,OK,-DINTERLEAVE_STRATEGY=3 -DK_LOOP_UNROLL=1 -DMBAR_EARLY=1 -DN_STAGES=5 -DSNAKE_ORDER=0 -DSTAGGER_CYCLES=0 -DSUB_MMA_UNROLL=1 -DW0_LOOP_UNROLL=1
5,4,3,1,32,0,4,0,1,1,0,1,1,0,0,0,0,32,0,214,0,225.0,3.114,1406.35,OK,-DINTERLEAVE_STRATEGY=3 -DK_LOOP_UNROLL=1 -DMBAR_EARLY=1 -DN_STAGES=5 -DPHASE1_UNROLL=4 -DSNAKE_ORDER=0 -DSTAGGER_CYCLES=0 -DSUB_MMA_UNROLL=1
5,4,0,1,32,160,2,1,1,5,0,0,1,0,0,0,0,32,0,240,0,225.0,3.116,1405.71,OK,-DINTERLEAVE_STRATEGY=0 -DMBAR_EARLY=1 -DN_STAGES=5 -DSTAGGER_CYCLES=160
5,4,3,1,32,0,2,0,1,2,0,1,1,0,0,0,0,32,0,215,0,225.0,3.117,1405.03,OK,-DINTERLEAVE_STRATEGY=3 -DK_LOOP_UNROLL=2 -DMBAR_EARLY=1 -DN_STAGES=5 -DSNAKE_ORDER=0 -DSTAGGER_CYCLES=0 -DSUB_MMA_UNROLL=1
5,4,3,1,32,0,2,0,1,2,1,1,1,0,0,0,0,32,0,188,0,225.0,3.117,1405.23,OK,-DINTERLEAVE_STRATEGY=3 -DK_LOOP_UNROLL=2 -DMBAR_EARLY=1 -DN_STAGES=5 -DSNAKE_ORDER=0 -DSTAGGER_CYCLES=0 -DSUB_MMA_UNROLL=1 -DW0_LOOP_UNROLL=1
5,4,0,1,32,40,2,1,1,5,0,0,1,0,0,0,0,32,0,240,0,225.0,3.119,1404.36,OK,-DINTERLEAVE_STRATEGY=0 -DMBAR_EARLY=1 -DN_STAGES=5 -DSTAGGER_CYCLES=40
5,4,0,1,32,200,2,1,1,5,0,0,1,0,0,0,0,32,0,240,0,225.0,3.119,1404.2,OK,-DINTERLEAVE_STRATEGY=0 -DMBAR_EARLY=1 -DN_STAGES=5 -DSTAGGER_CYCLES=200
4,4,2,1,32,60,2,1,1,4,0,0,1,0,0,0,0,32,0,240,0,193.0,3.119,1404.35,OK,-DMBAR_EARLY=1 -DSTAGGER_CYCLES=60
5,4,3,1,32,0,4,0,1,1,1,0,1,0,0,0,0,32,0,198,0,225.0,3.119,1404.38,OK,-DINTERLEAVE_STRATEGY=3 -DK_LOOP_UNROLL=1 -DMBAR_EARLY=1 -DN_STAGES=5 -DPHASE1_UNROLL=4 -DSNAKE_ORDER=0 -DSTAGGER_CYCLES=0 -DW0_LOOP_UNROLL=1
5,4,0,1,32,100,2,1,1,5,0,0,1,0,0,0,0,32,0,240,0,225.0,3.121,1403.22,OK,-DINTERLEAVE_STRATEGY=0 -DMBAR_EARLY=1 -DN_STAGES=5 -DSTAGGER_CYCLES=100
5,4,3,0,32,100,4,0,1,2,1,1,1,0,0,0,0,32,0,190,0,225.0,3.121,1403.32,OK,-DINTERLEAVE_STRATEGY=3 -DK_LOOP_UNROLL=2 -DN_STAGES=5 -DPHASE1_UNROLL=4 -DSNAKE_ORDER=0 -DSTAGGER_CYCLES=100 -DSUB_MMA_UNROLL=1 -DW0_LOOP_UNROLL=1
5,4,3,1,32,0,2,0,1,2,4,1,1,0,0,0,0,32,0,188,0,225.0,3.122,1403.08,OK,-DINTERLEAVE_STRATEGY=3 -DK_LOOP_UNROLL=2 -DMBAR_EARLY=1 -DN_STAGES=5 -DSNAKE_ORDER=0 -DSTAGGER_CYCLES=0 -DSUB_MMA_UNROLL=1 -DW0_LOOP_UNROLL=4
5,4,3,1,32,0,4,0,1,1,1,3,1,0,0,0,0,32,0,198,0,225.0,3.123,1402.69,OK,-DINTERLEAVE_STRATEGY=3 -DK_LOOP_UNROLL=1 -DMBAR_EARLY=1 -DN_STAGES=5 -DPHASE1_UNROLL=4 -DSNAKE_ORDER=0 -DSTAGGER_CYCLES=0 -DSUB_MMA_UNROLL=3 -DW0_LOOP_UNROLL=1
5,4,0,1,32,0,2,1,1,5,0,0,1,0,0,0,0,32,0,240,0,225.0,3.124,1402.09,OK,-DINTERLEAVE_STRATEGY=0 -DMBAR_EARLY=1 -DN_STAGES=5 -DSTAGGER_CYCLES=0
5,4,0,1,32,60,2,1,1,5,0,0,1,0,0,0,0,32,0,240,0,225.0,3.125,1401.81,OK,-DINTERLEAVE_STRATEGY=0 -DMBAR_EARLY=1 -DN_STAGES=5 -DSTAGGER_CYCLES=60
5,4,3,1,32,0,4,0,1,5,4,3,1,0,0,0,0,32,0,246,0,225.0,3.126,1401.05,OK,-DINTERLEAVE_STRATEGY=3 -DMBAR_EARLY=1 -DN_STAGES=5 -DPHASE1_UNROLL=4 -DSNAKE_ORDER=0 -DSTAGGER_CYCLES=0 -DSUB_MMA_UNROLL=3 -DW0_LOOP_UNROLL=4
5,4,3,0,32,40,4,0,1,2,1,1,1,0,0,0,0,32,0,190,0,225.0,3.126,1401.29,OK,-DINTERLEAVE_STRATEGY=3 -DK_LOOP_UNROLL=2 -DN_STAGES=5 -DPHASE1_UNROLL=4 -DSNAKE_ORDER=0 -DSTAGGER_CYCLES=40 -DSUB_MMA_UNROLL=1 -DW0_LOOP_UNROLL=1
5,4,3,1,32,0,4,0,1,2,1,0,1,0,0,0,0,32,0,198,0,225.0,3.127,1400.85,OK,-DINTERLEAVE_STRATEGY=3 -DK_LOOP_UNROLL=2 -DMBAR_EARLY=1 -DN_STAGES=5 -DPHASE1_UNROLL=4 -DSNAKE_ORDER=0 -DSTAGGER_CYCLES=0 -DW0_LOOP_UNROLL=1
5,4,1,1,32,0,2,1,1,5,0,3,1,0,4,0,0,32,1,240,0,225.0,3.128,1400.29,OK,-DGELU_VARIANT=4 -DK_LOOP_UNROLL=5 -DMBAR_EARLY=1 -DN_STAGES=5 -DSTAGGER_CYCLES=0 -DSTORE_TIMING=1 -DSUB_MMA_UNROLL=3
5,4,3,1,32,0,4,0,1,2,1,3,1,0,0,0,0,32,0,198,0,225.0,3.13,1399.45,OK,-DINTERLEAVE_STRATEGY=3 -DK_LOOP_UNROLL=2 -DMBAR_EARLY=1 -DN_STAGES=5 -DPHASE1_UNROLL=4 -DSNAKE_ORDER=0 -DSTAGGER_CYCLES=0 -DSUB_MMA_UNROLL=3 -DW0_LOOP_UNROLL=1
5,4,3,1,32,0,4,0,1,5,4,0,1,0,0,0,0,32,0,246,0,225.0,3.13,1399.34,OK,-DINTERLEAVE_STRATEGY=3 -DMBAR_EARLY=1 -DN_STAGES=5 -DPHASE1_UNROLL=4 -DSNAKE_ORDER=0 -DSTAGGER_CYCLES=0 -DW0_LOOP_UNROLL=4
5,4,3,1,32,0,4,0,1,2,0,1,1,0,0,0,0,32,0,214,0,225.0,3.132,1398.4,OK,-DINTERLEAVE_STRATEGY=3 -DK_LOOP_UNROLL=2 -DMBAR_EARLY=1 -DN_STAGES=5 -DPHASE1_UNROLL=4 -DSNAKE_ORDER=0 -DSTAGGER_CYCLES=0 -DSUB_MMA_UNROLL=1
5,4,0,0,32,80,2,1,1,5,0,0,1,0,0,0,0,32,0,241,0,225.0,3.14,1395.1,OK,-DINTERLEAVE_STRATEGY=0 -DN_STAGES=5
5,4,3,0,32,40,2,1,1,8,0,1,1,0,0,0,0,32,0,225,0,225.0,3.142,1394.1,OK,-DINTERLEAVE_STRATEGY=3 -DK_LOOP_UNROLL=8 -DN_STAGES=5 -DSTAGGER_CYCLES=40 -DSUB_MMA_UNROLL=1
5,4,3,1,32,0,4,0,1,8,1,1,1,0,0,0,0,32,0,209,0,225.0,3.145,1392.59,OK,-DINTERLEAVE_STRATEGY=3 -DK_LOOP_UNROLL=8 -DMBAR_EARLY=1 -DN_STAGES=5 -DPHASE1_UNROLL=4 -DSNAKE_ORDER=0 -DSTAGGER_CYCLES=0 -DSUB_MMA_UNROLL=1 -DW0_LOOP_UNROLL=1
5,4,3,1,32,0,4,0,1,6,1,1,1,0,0,0,0,32,0,209,0,225.0,3.146,1392.43,OK,-DINTERLEAVE_STRATEGY=3 -DK_LOOP_UNROLL=6 -DMBAR_EARLY=1 -DN_STAGES=5 -DPHASE1_UNROLL=4 -DSNAKE_ORDER=0 -DSTAGGER_CYCLES=0 -DSUB_MMA_UNROLL=1 -DW0_LOOP_UNROLL=1
5,4,3,1,32,0,4,0,1,5,1,1,1,0,0,0,0,32,0,209,0,225.0,3.147,1391.87,OK,-DINTERLEAVE_STRATEGY=3 -DMBAR_EARLY=1 -DN_STAGES=5 -DPHASE1_UNROLL=4 -DSNAKE_ORDER=0 -DSTAGGER_CYCLES=0 -DSUB_MMA_UNROLL=1 -DW0_LOOP_UNROLL=1
4,4,0,1,32,120,2,1,1,4,0,0,1,0,0,0,0,32,0,240,0,193.0,3.155,1388.34,OK,-DINTERLEAVE_STRATEGY=0 -DMBAR_EARLY=1 -DSTAGGER_CYCLES=120
5,4,3,1,32,0,4,0,1,6,1,3,1,0,0,0,0,32,0,218,0,225.0,3.167,1382.83,OK,-DINTERLEAVE_STRATEGY=3 -DK_LOOP_UNROLL=6 -DMBAR_EARLY=1 -DN_STAGES=5 -DPHASE1_UNROLL=4 -DSNAKE_ORDER=0 -DSTAGGER_CYCLES=0 -DSUB_MMA_UNROLL=3 -DW0_LOOP_UNROLL=1
5,4,3,1,32,0,4,0,1,6,1,0,1,0,0,0,0,32,0,218,0,225.0,3.168,1382.6,OK,-DINTERLEAVE_STRATEGY=3 -DK_LOOP_UNROLL=6 -DMBAR_EARLY=1 -DN_STAGES=5 -DPHASE1_UNROLL=4 -DSNAKE_ORDER=0 -DSTAGGER_CYCLES=0 -DW0_LOOP_UNROLL=1
5,4,3,1,32,0,4,0,1,8,1,0,1,0,0,0,0,32,0,218,0,225.0,3.169,1382.05,OK,-DINTERLEAVE_STRATEGY=3 -DK_LOOP_UNROLL=8 -DMBAR_EARLY=1 -DN_STAGES=5 -DPHASE1_UNROLL=4 -DSNAKE_ORDER=0 -DSTAGGER_CYCLES=0 -DW0_LOOP_UNROLL=1
5,4,3,1,32,0,4,0,1,8,1,3,1,0,0,0,0,32,0,218,0,225.0,3.169,1381.95,OK,-DINTERLEAVE_STRATEGY=3 -DK_LOOP_UNROLL=8 -DMBAR_EARLY=1 -DN_STAGES=5 -DPHASE1_UNROLL=4 -DSNAKE_ORDER=0 -DSTAGGER_CYCLES=0 -DSUB_MMA_UNROLL=3 -DW0_LOOP_UNROLL=1
4,4,0,1,32,200,2,1,1,4,0,0,1,0,0,0,0,32,0,240,0,193.0,3.172,1380.68,OK,-DINTERLEAVE_STRATEGY=0 -DMBAR_EARLY=1 -DSTAGGER_CYCLES=200
4,4,0,1,32,60,2,1,1,4,0,0,1,0,0,0,0,32,0,240,0,193.0,3.177,1378.74,OK,-DINTERLEAVE_STRATEGY=0 -DMBAR_EARLY=1 -DSTAGGER_CYCLES=60
5,4,3,1,32,0,4,0,1,1,4,3,1,0,0,0,0,32,0,198,0,225.0,3.178,1378.34,OK,-DINTERLEAVE_STRATEGY=3 -DK_LOOP_UNROLL=1 -DMBAR_EARLY=1 -DN_STAGES=5 -DPHASE1_UNROLL=4 -DSNAKE_ORDER=0 -DSTAGGER_CYCLES=0 -DSUB_MMA_UNROLL=3 -DW0_LOOP_UNROLL=4
5,4,3,1,32,0,4,0,1,1,4,0,1,0,0,0,0,32,0,198,0,225.0,3.179,1377.85,OK,-DINTERLEAVE_STRATEGY=3 -DK_LOOP_UNROLL=1 -DMBAR_EARLY=1 -DN_STAGES=5 -DPHASE1_UNROLL=4 -DSNAKE_ORDER=0 -DSTAGGER_CYCLES=0 -DW0_LOOP_UNROLL=4
5,4,3,1,32,0,4,0,1,5,0,0,1,0,0,0,0,32,0,244,0,225.0,3.18,1377.19,OK,-DINTERLEAVE_STRATEGY=3 -DMBAR_EARLY=1 -DN_STAGES=5 -DPHASE1_UNROLL=4 -DSNAKE_ORDER=0 -DSTAGGER_CYCLES=0
5,4,3,1,32,0,4,0,1,5,0,3,1,0,0,0,0,32,0,244,0,225.0,3.18,1377.21,OK,-DINTERLEAVE_STRATEGY=3 -DMBAR_EARLY=1 -DN_STAGES=5 -DPHASE1_UNROLL=4 -DSNAKE_ORDER=0 -DSTAGGER_CYCLES=0 -DSUB_MMA_UNROLL=3
5,4,3,1,32,0,4,0,1,2,4,0,1,0,0,0,0,32,0,198,0,225.0,3.181,1376.86,OK,-DINTERLEAVE_STRATEGY=3 -DK_LOOP_UNROLL=2 -DMBAR_EARLY=1 -DN_STAGES=5 -DPHASE1_UNROLL=4 -DSNAKE_ORDER=0 -DSTAGGER_CYCLES=0 -DW0_LOOP_UNROLL=4
5,4,3,1,32,0,4,0,1,8,4,3,1,0,0,0,0,32,0,218,0,225.0,3.182,1376.41,OK,-DINTERLEAVE_STRATEGY=3 -DK_LOOP_UNROLL=8 -DMBAR_EARLY=1 -DN_STAGES=5 -DPHASE1_UNROLL=4 -DSNAKE_ORDER=0 -DSTAGGER_CYCLES=0 -DSUB_MMA_UNROLL=3 -DW0_LOOP_UNROLL=4
5,4,3,1,32,0,4,0,1,2,4,1,1,0,0,0,0,32,0,190,0,225.0,3.183,1376.16,OK,-DINTERLEAVE_STRATEGY=3 -DK_LOOP_UNROLL=2 -DMBAR_EARLY=1 -DN_STAGES=5 -DPHASE1_UNROLL=4 -DSNAKE_ORDER=0 -DSTAGGER_CYCLES=0 -DSUB_MMA_UNROLL=1 -DW0_LOOP_UNROLL=4
5,4,3,1,32,0,4,0,1,2,4,3,1,0,0,0,0,32,0,198,0,225.0,3.184,1375.84,OK,-DINTERLEAVE_STRATEGY=3 -DK_LOOP_UNROLL=2 -DMBAR_EARLY=1 -DN_STAGES=5 -DPHASE1_UNROLL=4 -DSNAKE_ORDER=0 -DSTAGGER_CYCLES=0 -DSUB_MMA_UNROLL=3 -DW0_LOOP_UNROLL=4
5,4,3,1,32,0,4,0,1,6,4,0,1,0,0,0,0,32,0,218,0,225.0,3.184,1375.65,OK,-DINTERLEAVE_STRATEGY=3 -DK_LOOP_UNROLL=6 -DMBAR_EARLY=1 -DN_STAGES=5 -DPHASE1_UNROLL=4 -DSNAKE_ORDER=0 -DSTAGGER_CYCLES=0 -DW0_LOOP_UNROLL=4
5,4,3,1,32,0,4,0,1,6,4,3,1,0,0,0,0,32,0,218,0,225.0,3.184,1375.57,OK,-DINTERLEAVE_STRATEGY=3 -DK_LOOP_UNROLL=6 -DMBAR_EARLY=1 -DN_STAGES=5 -DPHASE1_UNROLL=4 -DSNAKE_ORDER=0 -DSTAGGER_CYCLES=0 -DSUB_MMA_UNROLL=3 -DW0_LOOP_UNROLL=4
5,4,3,1,32,0,4,0,1,8,4,0,1,0,0,0,0,32,0,218,0,225.0,3.185,1375.3,OK,-DINTERLEAVE_STRATEGY=3 -DK_LOOP_UNROLL=8 -DMBAR_EARLY=1 -DN_STAGES=5 -DPHASE1_UNROLL=4 -DSNAKE_ORDER=0 -DSTAGGER_CYCLES=0 -DW0_LOOP_UNROLL=4
5,4,3,0,32,40,4,0,1,5,1,0,1,0,0,0,0,32,0,244,0,225.0,3.185,1375.3,OK,-DINTERLEAVE_STRATEGY=3 -DN_STAGES=5 -DPHASE1_UNROLL=4 -DSNAKE_ORDER=0 -DSTAGGER_CYCLES=40 -DW0_LOOP_UNROLL=1
5,4,3,0,32,40,4,0,1,5,1,3,1,0,0,0,0,32,0,244,0,225.0,3.185,1375.21,OK,-DINTERLEAVE_STRATEGY=3 -DN_STAGES=5 -DPHASE1_UNROLL=4 -DSNAKE_ORDER=0 -DSTAGGER_CYCLES=40 -DSUB_MMA_UNROLL=3 -DW0_LOOP_UNROLL=1
4,4,0,0,32,40,2,1,1,4,0,0,1,0,0,0,0,32,0,242,0,193.0,3.188,1373.87,OK,-DINTERLEAVE_STRATEGY=0 -DSTAGGER_CYCLES=40
5,4,3,1,32,0,4,0,1,1,0,3,1,0,0,0,0,32,0,220,0,225.0,3.188,1373.79,OK,-DINTERLEAVE_STRATEGY=3 -DK_LOOP_UNROLL=1 -DMBAR_EARLY=1 -DN_STAGES=5 -DPHASE1_UNROLL=4 -DSNAKE_ORDER=0 -DSTAGGER_CYCLES=0 -DSUB_MMA_UNROLL=3
5,4,3,1,32,0,4,0,1,2,0,0,1,0,0,0,0,32,0,220,0,225.0,3.189,1373.39,OK,-DINTERLEAVE_STRATEGY=3 -DK_LOOP_UNROLL=2 -DMBAR_EARLY=1 -DN_STAGES=5 -DPHASE1_UNROLL=4 -DSNAKE_ORDER=0 -DSTAGGER_CYCLES=0
5,4,3,1,32,0,2,0,1,8,1,3,1,0,0,0,0,32,0,210,0,225.0,3.189,1373.47,OK,-DINTERLEAVE_STRATEGY=3 -DK_LOOP_UNROLL=8 -DMBAR_EARLY=1 -DN_STAGES=5 -DSNAKE_ORDER=0 -DSTAGGER_CYCLES=0 -DSUB_MMA_UNROLL=3 -DW0_LOOP_UNROLL=1
5,4,3,1,32,0,2,0,1,6,1,0,1,0,0,0,0,32,0,210,0,225.0,3.19,1373.02,OK,-DINTERLEAVE_STRATEGY=3 -DK_LOOP_UNROLL=6 -DMBAR_EARLY=1 -DN_STAGES=5 -DSNAKE_ORDER=0 -DSTAGGER_CYCLES=0 -DW0_LOOP_UNROLL=1
5,4,3,1,32,0,2,0,1,6,1,3,1,0,0,0,0,32,0,210,0,225.0,3.19,1373.13,OK,-DINTERLEAVE_STRATEGY=3 -DK_LOOP_UNROLL=6 -DMBAR_EARLY=1 -DN_STAGES=5 -DSNAKE_ORDER=0 -DSTAGGER_CYCLES=0 -DSUB_MMA_UNROLL=3 -DW0_LOOP_UNROLL=1
5,4,3,1,32,0,2,0,1,8,1,0,1,0,0,0,0,32,0,210,0,225.0,3.19,1373.12,OK,-DINTERLEAVE_STRATEGY=3 -DK_LOOP_UNROLL=8 -DMBAR_EARLY=1 -DN_STAGES=5 -DSNAKE_ORDER=0 -DSTAGGER_CYCLES=0 -DW0_LOOP_UNROLL=1
5,4,3,1,32,0,4,0,1,1,0,0,1,0,0,0,0,32,0,220,0,225.0,3.191,1372.46,OK,-DINTERLEAVE_STRATEGY=3 -DK_LOOP_UNROLL=1 -DMBAR_EARLY=1 -DN_STAGES=5 -DPHASE1_UNROLL=4 -DSNAKE_ORDER=0 -DSTAGGER_CYCLES=0
4,4,0,1,32,160,2,1,1,4,0,0,1,0,0,0,0,32,0,240,0,193.0,3.192,1372.01,OK,-DINTERLEAVE_STRATEGY=0 -DMBAR_EARLY=1 -DSTAGGER_CYCLES=160
5,4,3,0,32,100,4,0,1,5,1,0,1,0,0,0,0,32,0,244,0,225.0,3.192,1372.08,OK,-DINTERLEAVE_STRATEGY=3 -DN_STAGES=5 -DPHASE1_UNROLL=4 -DSNAKE_ORDER=0 -DSTAGGER_CYCLES=100 -DW0_LOOP_UNROLL=1
5,4,3,1,32,0,4,0,1,6,4,1,1,0,0,0,0,32,0,209,0,225.0,3.193,1371.87,OK,-DINTERLEAVE_STRATEGY=3 -DK_LOOP_UNROLL=6 -DMBAR_EARLY=1 -DN_STAGES=5 -DPHASE1_UNROLL=4 -DSNAKE_ORDER=0 -DSTAGGER_CYCLES=0 -DSUB_MMA_UNROLL=1 -DW0_LOOP_UNROLL=4
5,4,3,1,32,0,4,0,1,8,4,1,1,0,0,0,0,32,0,209,0,225.0,3.193,1371.85,OK,-DINTERLEAVE_STRATEGY=3 -DK_LOOP_UNROLL=8 -DMBAR_EARLY=1 -DN_STAGES=5 -DPHASE1_UNROLL=4 -DSNAKE_ORDER=0 -DSTAGGER_CYCLES=0 -DSUB_MMA_UNROLL=1 -DW0_LOOP_UNROLL=4
5,4,3,0,32,100,4,0,1,1,4,1,1,0,0,0,0,32,0,190,0,225.0,3.193,1371.8,OK,-DINTERLEAVE_STRATEGY=3 -DK_LOOP_UNROLL=1 -DN_STAGES=5 -DPHASE1_UNROLL=4 -DSNAKE_ORDER=0 -DSTAGGER_CYCLES=100 -DSUB_MMA_UNROLL=1 -DW0_LOOP_UNROLL=4
5,4,3,1,32,0,4,0,1,5,4,1,1,0,0,0,0,32,0,209,0,225.0,3.194,1371.33,OK,-DINTERLEAVE_STRATEGY=3 -DMBAR_EARLY=1 -DN_STAGES=5 -DPHASE1_UNROLL=4 -DSNAKE_ORDER=0 -DSTAGGER_CYCLES=0 -DSUB_MMA_UNROLL=1 -DW0_LOOP_UNROLL=4
5,4,3,1,32,0,1,1,1,2,1,0,1,0,0,0,0,32,0,152,0,225.0,3.195,1371.05,OK,-DINTERLEAVE_STRATEGY=3 -DK_LOOP_UNROLL=2 -DMBAR_EARLY=1 -DN_STAGES=5 -DPHASE1_UNROLL=1 -DSTAGGER_CYCLES=0 -DW0_LOOP_UNROLL=1
5,4,3,1,32,0,4,0,1,2,0,3,1,0,0,0,0,32,0,220,0,225.0,3.195,1371.08,OK,-DINTERLEAVE_STRATEGY=3 -DK_LOOP_UNROLL=2 -DMBAR_EARLY=1 -DN_STAGES=5 -DPHASE1_UNROLL=4 -DSNAKE_ORDER=0 -DSTAGGER_CYCLES=0 -DSUB_MMA_UNROLL=3
5,4,3,0,32,100,4,0,1,5,1,3,1,0,0,0,0,32,0,244,0,225.0,3.196,1370.58,OK,-DINTERLEAVE_STRATEGY=3 -DN_STAGES=5 -DPHASE1_UNROLL=4 -DSNAKE_ORDER=0 -DSTAGGER_CYCLES=100 -DSUB_MMA_UNROLL=3 -DW0_LOOP_UNROLL=1
5,4,3,1,32,0,1,1,1,1,4,3,1,0,0,0,0,32,0,152,0,225.0,3.198,1369.63,OK,-DINTERLEAVE_STRATEGY=3 -DK_LOOP_UNROLL=1 -DMBAR_EARLY=1 -DN_STAGES=5 -DPHASE1_UNROLL=1 -DSTAGGER_CYCLES=0 -DSUB_MMA_UNROLL=3 -DW0_LOOP_UNROLL=4
5,4,3,0,32,40,4,0,1,1,4,1,1,0,0,0,0,32,0,190,0,225.0,3.198,1369.81,OK,-DINTERLEAVE_STRATEGY=3 -DK_LOOP_UNROLL=1 -DN_STAGES=5 -DPHASE1_UNROLL=4 -DSNAKE_ORDER=0 -DSTAGGER_CYCLES=40 -DSUB_MMA_UNROLL=1 -DW0_LOOP_UNROLL=4
4,4,0,1,32,80,2,1,1,4,0,0,1,0,0,0,0,32,0,240,0,193.0,3.199,1369.4,OK,-DINTERLEAVE_STRATEGY=0 -DMBAR_EARLY=1
5,4,3,1,32,0,2,0,1,8,4,3,1,0,0,0,0,32,0,210,0,225.0,3.2,1368.88,OK,-DINTERLEAVE_STRATEGY=3 -DK_LOOP_UNROLL=8 -DMBAR_EARLY=1 -DN_STAGES=5 -DSNAKE_ORDER=0 -DSTAGGER_CYCLES=0 -DSUB_MMA_UNROLL=3 -DW0_LOOP_UNROLL=4
5,4,3,1,32,0,2,0,1,6,4,3,1,0,0,0,0,32,0,210,0,225.0,3.201,1368.54,OK,-DINTERLEAVE_STRATEGY=3 -DK_LOOP_UNROLL=6 -DMBAR_EARLY=1 -DN_STAGES=5 -DSNAKE_ORDER=0 -DSTAGGER_CYCLES=0 -DSUB_MMA_UNROLL=3 -DW0_LOOP_UNROLL=4
5,4,3,1,32,0,2,0,1,8,4,0,1,0,0,0,0,32,0,210,0,225.0,3.201,1368.25,OK,-DINTERLEAVE_STRATEGY=3 -DK_LOOP_UNROLL=8 -DMBAR_EARLY=1 -DN_STAGES=5 -DSNAKE_ORDER=0 -DSTAGGER_CYCLES=0 -DW0_LOOP_UNROLL=4
4,4,0,1,32,100,2,1,1,4,0,0,1,0,0,0,0,32,0,240,0,193.0,3.202,1367.76,OK,-DINTERLEAVE_STRATEGY=0 -DMBAR_EARLY=1 -DSTAGGER_CYCLES=100
5,4,3,1,32,0,2,0,1,6,4,0,1,0,0,0,0,32,0,210,0,225.0,3.202,1367.98,OK,-DINTERLEAVE_STRATEGY=3 -DK_LOOP_UNROLL=6 -DMBAR_EARLY=1 -DN_STAGES=5 -DSNAKE_ORDER=0 -DSTAGGER_CYCLES=0 -DW0_LOOP_UNROLL=4
5,4,3,0,32,100,2,0,1,5,1,3,1,0,0,0,0,32,0,241,0,225.0,3.204,1367.17,OK,-DINTERLEAVE_STRATEGY=3 -DN_STAGES=5 -DSNAKE_ORDER=0 -DSTAGGER_CYCLES=100 -DSUB_MMA_UNROLL=3 -DW0_LOOP_UNROLL=1
5,4,3,0,32,100,2,0,1,5,1,0,1,0,0,0,0,32,0,241,0,225.0,3.205,1366.54,OK,-DINTERLEAVE_STRATEGY=3 -DN_STAGES=5 -DSNAKE_ORDER=0 -DSTAGGER_CYCLES=100 -DW0_LOOP_UNROLL=1
4,4,0,0,32,80,2,1,1,4,0,0,1,0,0,0,0,32,0,242,0,193.0,3.207,1365.57,OK,-DINTERLEAVE_STRATEGY=0
4,4,0,0,32,60,2,1,1,4,0,0,1,0,0,0,0,32,0,242,0,193.0,3.209,1365.04,OK,-DINTERLEAVE_STRATEGY=0 -DSTAGGER_CYCLES=60
4,4,0,0,32,200,2,1,1,4,0,0,1,0,0,0,0,32,0,242,0,193.0,3.21,1364.62,OK,-DINTERLEAVE_STRATEGY=0 -DSTAGGER_CYCLES=200
5,4,3,1,32,0,2,0,1,6,1,1,1,0,0,0,0,32,0,210,0,225.0,3.21,1364.67,OK,-DINTERLEAVE_STRATEGY=3 -DK_LOOP_UNROLL=6 -DMBAR_EARLY=1 -DN_STAGES=5 -DSNAKE_ORDER=0 -DSTAGGER_CYCLES=0 -DSUB_MMA_UNROLL=1 -DW0_LOOP_UNROLL=1
5,4,3,0,32,40,4,0,1,5,0,3,1,0,0,0,0,32,0,244,0,225.0,3.21,1364.29,OK,-DINTERLEAVE_STRATEGY=3 -DN_STAGES=5 -DPHASE1_UNROLL=4 -DSNAKE_ORDER=0 -DSTAGGER_CYCLES=40 -DSUB_MMA_UNROLL=3
5,4,3,1,32,0,2,0,1,5,1,1,1,0,0,0,0,32,0,210,0,225.0,3.212,1363.53,OK,-DINTERLEAVE_STRATEGY=3 -DMBAR_EARLY=1 -DN_STAGES=5 -DSNAKE_ORDER=0 -DSTAGGER_CYCLES=0 -DSUB_MMA_UNROLL=1 -DW0_LOOP_UNROLL=1
5,4,3,1,32,0,2,0,1,6,0,0,1,0,0,0,0,32,0,232,0,225.0,3.213,1363.14,OK,-DINTERLEAVE_STRATEGY=3 -DK_LOOP_UNROLL=6 -DMBAR_EARLY=1 -DN_STAGES=5 -DSNAKE_ORDER=0 -DSTAGGER_CYCLES=0
5,4,3,1,32,0,2,0,1,6,0,3,1,0,0,0,0,32,0,232,0,225.0,3.213,1363.17,OK,-DINTERLEAVE_STRATEGY=3 -DK_LOOP_UNROLL=6 -DMBAR_EARLY=1 -DN_STAGES=5 -DSNAKE_ORDER=0 -DSTAGGER_CYCLES=0 -DSUB_MMA_UNROLL=3
5,4,3,1,32,0,2,0,1,8,0,3,1,0,0,0,0,32,0,232,0,225.0,3.213,1363.28,OK,-DINTERLEAVE_STRATEGY=3 -DK_LOOP_UNROLL=8 -DMBAR_EARLY=1 -DN_STAGES=5 -DSNAKE_ORDER=0 -DSTAGGER_CYCLES=0 -DSUB_MMA_UNROLL=3
5,4,3,0,32,40,4,0,1,5,0,0,1,0,0,0,0,32,0,244,0,225.0,3.214,1362.83,OK,-DINTERLEAVE_STRATEGY=3 -DN_STAGES=5 -DPHASE1_UNROLL=4 -DSNAKE_ORDER=0 -DSTAGGER_CYCLES=40
5,4,3,1,32,0,2,0,1,8,0,0,1,0,0,0,0,32,0,232,0,225.0,3.215,1362.23,OK,-DINTERLEAVE_STRATEGY=3 -DK_LOOP_UNROLL=8 -DMBAR_EARLY=1 -DN_STAGES=5 -DSNAKE_ORDER=0 -DSTAGGER_CYCLES=0
4,4,0,0,32,160,2,1,1,4,0,0,1,0,0,0,0,32,0,242,0,193.0,3.216,1361.86,OK,-DINTERLEAVE_STRATEGY=0 -DSTAGGER_CYCLES=160
5,4,3,1,32,0,2,0,1,5,0,1,1,0,0,0,0,32,0,222,0,225.0,3.216,1362.09,OK,-DINTERLEAVE_STRATEGY=3 -DMBAR_EARLY=1 -DN_STAGES=5 -DSNAKE_ORDER=0 -DSTAGGER_CYCLES=0 -DSUB_MMA_UNROLL=1
5,4,3,1,32,0,2,0,1,6,0,1,1,0,0,0,0,32,0,222,0,225.0,3.216,1361.94,OK,-DINTERLEAVE_STRATEGY=3 -DK_LOOP_UNROLL=6 -DMBAR_EARLY=1 -DN_STAGES=5 -DSNAKE_ORDER=0 -DSTAGGER_CYCLES=0 -DSUB_MMA_UNROLL=1
5,4,3,1,32,0,2,0,1,8,0,1,1,0,0,0,0,32,0,222,0,225.0,3.216,1361.78,OK,-DINTERLEAVE_STRATEGY=3 -DK_LOOP_UNROLL=8 -DMBAR_EARLY=1 -DN_STAGES=5 -DSNAKE_ORDER=0 -DSTAGGER_CYCLES=0 -DSUB_MMA_UNROLL=1
5,4,3,1,32,0,2,0,1,8,1,1,1,0,0,0,0,32,0,210,0,225.0,3.216,1361.96,OK,-DINTERLEAVE_STRATEGY=3 -DK_LOOP_UNROLL=8 -DMBAR_EARLY=1 -DN_STAGES=5 -DSNAKE_ORDER=0 -DSTAGGER_CYCLES=0 -DSUB_MMA_UNROLL=1 -DW0_LOOP_UNROLL=1
5,4,0,0,32,0,2,1,1,5,0,0,1,0,0,0,0,32,0,240,0,225.0,3.217,1361.4,OK,-DINTERLEAVE_STRATEGY=0 -DN_STAGES=5 -DSTAGGER_CYCLES=0
5,4,3,0,32,100,4,0,1,5,0,0,1,0,0,0,0,32,0,244,0,225.0,3.22,1360.09,OK,-DINTERLEAVE_STRATEGY=3 -DN_STAGES=5 -DPHASE1_UNROLL=4 -DSNAKE_ORDER=0 -DSTAGGER_CYCLES=100
5,4,3,1,32,0,1,1,1,5,1,1,1,0,0,0,0,32,0,163,0,225.0,3.221,1359.75,OK,-DINTERLEAVE_STRATEGY=3 -DMBAR_EARLY=1 -DN_STAGES=5 -DPHASE1_UNROLL=1 -DSTAGGER_CYCLES=0 -DSUB_MMA_UNROLL=1 -DW0_LOOP_UNROLL=1
5,4,3,0,32,100,4,0,1,5,0,3,1,0,0,0,0,32,0,244,0,225.0,3.221,1359.91,OK,-DINTERLEAVE_STRATEGY=3 -DN_STAGES=5 -DPHASE1_UNROLL=4 -DSNAKE_ORDER=0 -DSTAGGER_CYCLES=100 -DSUB_MMA_UNROLL=3
4,4,0,0,32,0,2,1,1,4,0,0,1,0,0,0,0,32,0,242,0,193.0,3.229,1356.49,OK,-DINTERLEAVE_STRATEGY=0 -DSTAGGER_CYCLES=0
5,4,3,1,32,0,2,0,1,1,0,3,1,0,0,0,0,32,0,214,0,225.0,3.23,1356.15,OK,-DINTERLEAVE_STRATEGY=3 -DK_LOOP_UNROLL=1 -DMBAR_EARLY=1 -DN_STAGES=5 -DSNAKE_ORDER=0 -DSTAGGER_CYCLES=0 -DSUB_MMA_UNROLL=3
5,4,3,1,32,0,4,0,1,6,0,1,1,0,0,0,0,32,0,230,0,225.0,3.231,1355.6,OK,-DINTERLEAVE_STRATEGY=3 -DK_LOOP_UNROLL=6 -DMBAR_EARLY=1 -DN_STAGES=5 -DPHASE1_UNROLL=4 -DSNAKE_ORDER=0 -DSTAGGER_CYCLES=0 -DSUB_MMA_UNROLL=1
5,4,3,1,32,0,4,0,1,5,0,1,1,0,0,0,0,32,0,230,0,225.0,3.232,1355.02,OK,-DINTERLEAVE_STRATEGY=3 -DMBAR_EARLY=1 -DN_STAGES=5 -DPHASE1_UNROLL=4 -DSNAKE_ORDER=0 -DSTAGGER_CYCLES=0 -DSUB_MMA_UNROLL=1
5,4,3,1,32,0,4,0,1,8,0,1,1,0,0,0,0,32,0,230,0,225.0,3.232,1355.01,OK,-DINTERLEAVE_STRATEGY=3 -DK_LOOP_UNROLL=8 -DMBAR_EARLY=1 -DN_STAGES=5 -DPHASE1_UNROLL=4 -DSNAKE_ORDER=0 -DSTAGGER_CYCLES=0 -DSUB_MMA_UNROLL=1
5,4,3,1,32,0,2,0,1,1,0,0,1,0,0,0,0,32,0,214,0,225.0,3.233,1354.59,OK,-DINTERLEAVE_STRATEGY=3 -DK_LOOP_UNROLL=1 -DMBAR_EARLY=1 -DN_STAGES=5 -DSNAKE_ORDER=0 -DSTAGGER_CYCLES=0
5,4,3,1,32,0,1,1,1,1,1,0,1,0,0,0,0,32,0,152,0,225.0,3.235,1353.79,OK,-DINTERLEAVE_STRATEGY=3 -DK_LOOP_UNROLL=1 -DMBAR_EARLY=1 -DN_STAGES=5 -DPHASE1_UNROLL=1 -DSTAGGER_CYCLES=0 -DW0_LOOP_UNROLL=1
5,4,3,0,32,40,2,0,1,5,1,0,1,0,0,0,0,32,0,241,0,225.0,3.236,1353.5,OK,-DINTERLEAVE_STRATEGY=3 -DN_STAGES=5 -DSNAKE_ORDER=0 -DSTAGGER_CYCLES=40 -DW0_LOOP_UNROLL=1
5,4,3,0,32,40,2,0,1,5,1,3,1,0,0,0,0,32,0,241,0,225.0,3.236,1353.67,OK,-DINTERLEAVE_STRATEGY=3 -DN_STAGES=5 -DSNAKE_ORDER=0 -DSTAGGER_CYCLES=40 -DSUB_MMA_UNROLL=3 -DW0_LOOP_UNROLL=1
4,4,0,0,32,100,2,1,1,4,0,0,1,0,0,0,0,32,0,242,0,193.0,3.237,1353.09,OK,-DINTERLEAVE_STRATEGY=0 -DSTAGGER_CYCLES=100
5,4,3,1,32,0,2,0,1,2,0,0,1,0,0,0,0,32,0,214,0,225.0,3.237,1353.33,OK,-DINTERLEAVE_STRATEGY=3 -DK_LOOP_UNROLL=2 -DMBAR_EARLY=1 -DN_STAGES=5 -DSNAKE_ORDER=0 -DSTAGGER_CYCLES=0
5,4,3,1,32,0,1,1,1,6,1,1,1,0,0,0,0,32,0,163,0,225.0,3.237,1353.16,OK,-DINTERLEAVE_STRATEGY=3 -DK_LOOP_UNROLL=6 -DMBAR_EARLY=1 -DN_STAGES=5 -DPHASE1_UNROLL=1 -DSTAGGER_CYCLES=0 -DSUB_MMA_UNROLL=1 -DW0_LOOP_UNROLL=1
5,4,3,1,32,0,2,0,1,2,0,3,1,0,0,0,0,32,0,214,0,225.0,3.238,1352.86,OK,-DINTERLEAVE_STRATEGY=3 -DK_LOOP_UNROLL=2 -DMBAR_EARLY=1 -DN_STAGES=5 -DSNAKE_ORDER=0 -DSTAGGER_CYCLES=0 -DSUB_MMA_UNROLL=3
5,4,3,0,32,100,4,0,1,2,4,1,1,0,0,0,0,32,0,190,0,225.0,3.239,1352.17,OK,-DINTERLEAVE_STRATEGY=3 -DK_LOOP_UNROLL=2 -DN_STAGES=5 -DPHASE1_UNROLL=4 -DSNAKE_ORDER=0 -DSTAGGER_CYCLES=100 -DSUB_MMA_UNROLL=1 -DW0_LOOP_UNROLL=4
5,4,3,1,32,0,2,0,1,5,1,3,1,0,0,0,0,32,0,242,0,225.0,3.24,1352.04,OK,-DINTERLEAVE_STRATEGY=3 -DMBAR_EARLY=1 -DN_STAGES=5 -DSNAKE_ORDER=0 -DSTAGGER_CYCLES=0 -DSUB_MMA_UNROLL=3 -DW0_LOOP_UNROLL=1
4,4,0,1,32,40,2,1,1,4,0,0,1,0,0,0,0,32,0,240,0,193.0,3.241,1351.6,OK,-DINTERLEAVE_STRATEGY=0 -DMBAR_EARLY=1 -DSTAGGER_CYCLES=40
5,4,3,1,32,0,1,1,1,1,4,0,1,0,0,0,0,32,0,152,0,225.0,3.241,1351.47,OK,-DINTERLEAVE_STRATEGY=3 -DK_LOOP_UNROLL=1 -DMBAR_EARLY=1 -DN_STAGES=5 -DPHASE1_UNROLL=1 -DSTAGGER_CYCLES=0 -DW0_LOOP_UNROLL=4
5,4,3,1,32,0,2,0,1,5,1,0,1,0,0,0,0,32,0,242,0,225.0,3.241,1351.5,OK,-DINTERLEAVE_STRATEGY=3 -DMBAR_EARLY=1 -DN_STAGES=5 -DSNAKE_ORDER=0 -DSTAGGER_CYCLES=0 -DW0_LOOP_UNROLL=1
5,4,3,0,32,40,4,0,1,2,4,1,1,0,0,0,0,32,0,190,0,225.0,3.241,1351.28,OK,-DINTERLEAVE_STRATEGY=3 -DK_LOOP_UNROLL=2 -DN_STAGES=5 -DPHASE1_UNROLL=4 -DSNAKE_ORDER=0 -DSTAGGER_CYCLES=40 -DSUB_MMA_UNROLL=1 -DW0_LOOP_UNROLL=4
5,4,3,1,32,0,1,1,1,2,4,0,1,0,0,0,0,32,0,152,0,225.0,3.246,1349.55,OK,-DINTERLEAVE_STRATEGY=3 -DK_LOOP_UNROLL=2 -DMBAR_EARLY=1 -DN_STAGES=5 -DPHASE1_UNROLL=1 -DSTAGGER_CYCLES=0 -DW0_LOOP_UNROLL=4
5,4,3,1,32,0,1,1,1,2,1,3,1,0,0,0,0,32,0,152,0,225.0,3.248,1348.68,OK,-DINTERLEAVE_STRATEGY=3 -DK_LOOP_UNROLL=2 -DMBAR_EARLY=1 -DN_STAGES=5 -DPHASE1_UNROLL=1 -DSTAGGER_CYCLES=0 -DSUB_MMA_UNROLL=3 -DW0_LOOP_UNROLL=1
5,4,3,1,32,0,1,1,1,8,1,1,1,0,0,0,0,32,0,163,0,225.0,3.248,1348.59,OK,-DINTERLEAVE_STRATEGY=3 -DK_LOOP_UNROLL=8 -DMBAR_EARLY=1 -DN_STAGES=5 -DPHASE1_UNROLL=1 -DSTAGGER_CYCLES=0 -DSUB_MMA_UNROLL=1 -DW0_LOOP_UNROLL=1
5,4,3,1,32,0,1,1,1,2,4,3,1,0,0,0,0,32,0,152,0,225.0,3.249,1348.27,OK,-DINTERLEAVE_STRATEGY=3 -DK_LOOP_UNROLL=2 -DMBAR_EARLY=1 -DN_STAGES=5 -DPHASE1_UNROLL=1 -DSTAGGER_CYCLES=0 -DSUB_MMA_UNROLL=3 -DW0_LOOP_UNROLL=4
5,4,3,0,32,40,4,0,1,5,4,0,1,0,0,0,0,32,0,244,0,225.0,3.255,1345.51,OK,-DINTERLEAVE_STRATEGY=3 -DN_STAGES=5 -DPHASE1_UNROLL=4 -DSNAKE_ORDER=0 -DSTAGGER_CYCLES=40 -DW0_LOOP_UNROLL=4
5,4,3,0,32,40,4,0,1,5,4,3,1,0,0,0,0,32,0,244,0,225.0,3.255,1345.55,OK,-DINTERLEAVE_STRATEGY=3 -DN_STAGES=5 -DPHASE1_UNROLL=4 -DSNAKE_ORDER=0 -DSTAGGER_CYCLES=40 -DSUB_MMA_UNROLL=3 -DW0_LOOP_UNROLL=4
5,4,3,0,32,100,4,0,1,5,4,3,1,0,0,0,0,32,0,244,0,225.0,3.255,1345.72,OK,-DINTERLEAVE_STRATEGY=3 -DN_STAGES=5 -DPHASE1_UNROLL=4 -DSNAKE_ORDER=0 -DSTAGGER_CYCLES=100 -DSUB_MMA_UNROLL=3 -DW0_LOOP_UNROLL=4
5,4,3,1,32,0,4,0,1,8,0,0,1,0,0,0,0,32,0,236,0,225.0,3.258,1344.46,OK,-DINTERLEAVE_STRATEGY=3 -DK_LOOP_UNROLL=8 -DMBAR_EARLY=1 -DN_STAGES=5 -DPHASE1_UNROLL=4 -DSNAKE_ORDER=0 -DSTAGGER_CYCLES=0
5,4,3,1,32,0,4,0,1,6,0,0,1,0,0,0,0,32,0,236,0,225.0,3.259,1344.06,OK,-DINTERLEAVE_STRATEGY=3 -DK_LOOP_UNROLL=6 -DMBAR_EARLY=1 -DN_STAGES=5 -DPHASE1_UNROLL=4 -DSNAKE_ORDER=0 -DSTAGGER_CYCLES=0
5,4,3,1,32,0,4,0,1,6,0,3,1,0,0,0,0,32,0,236,0,225.0,3.259,1344.03,OK,-DINTERLEAVE_STRATEGY=3 -DK_LOOP_UNROLL=6 -DMBAR_EARLY=1 -DN_STAGES=5 -DPHASE1_UNROLL=4 -DSNAKE_ORDER=0 -DSTAGGER_CYCLES=0 -DSUB_MMA_UNROLL=3
5,4,3,1,32,0,2,0,1,5,4,1,1,0,0,0,0,32,0,210,0,225.0,3.261,1343.29,OK,-DINTERLEAVE_STRATEGY=3 -DMBAR_EARLY=1 -DN_STAGES=5 -DSNAKE_ORDER=0 -DSTAGGER_CYCLES=0 -DSUB_MMA_UNROLL=1 -DW0_LOOP_UNROLL=4
5,4,3,1,32,0,2,0,1,6,4,1,1,0,0,0,0,32,0,210,0,225.0,3.261,1343.1,OK,-DINTERLEAVE_STRATEGY=3 -DK_LOOP_UNROLL=6 -DMBAR_EARLY=1 -DN_STAGES=5 -DSNAKE_ORDER=0 -DSTAGGER_CYCLES=0 -DSUB_MMA_UNROLL=1 -DW0_LOOP_UNROLL=4
5,4,3,1,32,0,1,1,1,8,0,1,1,0,0,0,0,32,0,181,0,225.0,3.261,1343.09,OK,-DINTERLEAVE_STRATEGY=3 -DK_LOOP_UNROLL=8 -DMBAR_EARLY=1 -DN_STAGES=5 -DPHASE1_UNROLL=1 -DSTAGGER_CYCLES=0 -DSUB_MMA_UNROLL=1
5,4,3,1,32,0,4,0,1,8,0,3,1,0,0,0,0,32,0,236,0,225.0,3.261,1343.01,OK,-DINTERLEAVE_STRATEGY=3 -DK_LOOP_UNROLL=8 -DMBAR_EARLY=1 -DN_STAGES=5 -DPHASE1_UNROLL=4 -DSNAKE_ORDER=0 -DSTAGGER_CYCLES=0 -DSUB_MMA_UNROLL=3
5,4,3,0,32,100,4,0,1,5,4,0,1,0,0,0,0,32,0,244,0,225.0,3.261,1343.36,OK,-DINTERLEAVE_STRATEGY=3 -DN_STAGES=5 -DPHASE1_UNROLL=4 -DSNAKE_ORDER=0 -DSTAGGER_CYCLES=100 -DW0_LOOP_UNROLL=4
5,4,3,1,32,0,2,0,1,8,4,1,1,0,0,0,0,32,0,210,0,225.0,3.263,1342.22,OK,-DINTERLEAVE_STRATEGY=3 -DK_LOOP_UNROLL=8 -DMBAR_EARLY=1 -DN_STAGES=5 -DSNAKE_ORDER=0 -DSTAGGER_CYCLES=0 -DSUB_MMA_UNROLL=1 -DW0_LOOP_UNROLL=4
4,4,0,0,32,120,2,1,1,4,0,0,1,0,0,0,0,32,0,242,0,193.0,3.267,1340.55,OK,-DINTERLEAVE_STRATEGY=0 -DSTAGGER_CYCLES=120
5,4,3,1,32,0,1,1,1,5,0,3,1,0,0,0,0,32,0,238,0,225.0,3.267,1340.74,OK,-DINTERLEAVE_STRATEGY=3 -DMBAR_EARLY=1 -DN_STAGES=5 -DPHASE1_UNROLL=1 -DSTAGGER_CYCLES=0 -DSUB_MMA_UNROLL=3
5,4,3,0,32,40,1,1,1,5,4,1,1,0,0,0,0,32,0,163,0,225.0,3.271,1339.19,OK,-DINTERLEAVE_STRATEGY=3 -DN_STAGES=5 -DPHASE1_UNROLL=1 -DSTAGGER_CYCLES=40 -DSUB_MMA_UNROLL=1 -DW0_LOOP_UNROLL=4
5,4,3,0,32,100,2,0,1,1,1,1,1,0,0,0,0,32,0,186,0,225.0,3.272,1338.58,OK,-DINTERLEAVE_STRATEGY=3 -DK_LOOP_UNROLL=1 -DN_STAGES=5 -DSNAKE_ORDER=0 -DSTAGGER_CYCLES=100 -DSUB_MMA_UNROLL=1 -DW0_LOOP_UNROLL=1
5,4,3,0,32,40,4,0,1,5,1,1,1,0,0,0,0,32,0,212,0,225.0,3.273,1338.09,OK,-DINTERLEAVE_STRATEGY=3 -DN_STAGES=5 -DPHASE1_UNROLL=4 -DSNAKE_ORDER=0 -DSTAGGER_CYCLES=40 -DSUB_MMA_UNROLL=1 -DW0_LOOP_UNROLL=1
5,4,3,0,32,100,4,0,1,6,1,0,1,0,0,0,0,32,0,218,0,225.0,3.273,1338.33,OK,-DINTERLEAVE_STRATEGY=3 -DK_LOOP_UNROLL=6 -DN_STAGES=5 -DPHASE1_UNROLL=4 -DSNAKE_ORDER=0 -DSTAGGER_CYCLES=100 -DW0_LOOP_UNROLL=1
5,4,3,0,32,40,4,0,1,8,1,1,1,0,0,0,0,32,0,212,0,225.0,3.276,1337.02,OK,-DINTERLEAVE_STRATEGY=3 -DK_LOOP_UNROLL=8 -DN_STAGES=5 -DPHASE1_UNROLL=4 -DSNAKE_ORDER=0 -DSTAGGER_CYCLES=40 -DSUB_MMA_UNROLL=1 -DW0_LOOP_UNROLL=1
5,4,3,0,32,100,4,0,1,6,1,3,1,0,0,0,0,32,0,218,0,225.0,3.276,1337.03,OK,-DINTERLEAVE_STRATEGY=3 -DK_LOOP_UNROLL=6 -DN_STAGES=5 -DPHASE1_UNROLL=4 -DSNAKE_ORDER=0 -DSTAGGER_CYCLES=100 -DSUB_MMA_UNROLL=3 -DW0_LOOP_UNROLL=1
5,4,3,0,32,100,4,0,1,8,1,3,1,0,0,0,0,32,0,218,0,225.0,3.276,1337.12,OK,-DINTERLEAVE_STRATEGY=3 -DK_LOOP_UNROLL=8 -DN_STAGES=5 -DPHASE1_UNROLL=4 -DSNAKE_ORDER=0 -DSTAGGER_CYCLES=100 -DSUB_MMA_UNROLL=3 -DW0_LOOP_UNROLL=1
5,4,3,1,32,0,1,1,1,8,4,1,1,0,0,0,0,32,0,163,0,225.0,3.277,1336.41,OK,-DINTERLEAVE_STRATEGY=3 -DK_LOOP_UNROLL=8 -DMBAR_EARLY=1 -DN_STAGES=5 -DPHASE1_UNROLL=1 -DSTAGGER_CYCLES=0 -DSUB_MMA_UNROLL=1 -DW0_LOOP_UNROLL=4
5,4,3,0,32,40,4,0,1,6,1,1,1,0,0,0,0,32,0,212,0,225.0,3.277,1336.62,OK,-DINTERLEAVE_STRATEGY=3 -DK_LOOP_UNROLL=6 -DN_STAGES=5 -DPHASE1_UNROLL=4 -DSNAKE_ORDER=0 -DSTAGGER_CYCLES=40 -DSUB_MMA_UNROLL=1 -DW0_LOOP_UNROLL=1
5,4,3,0,32,100,4,0,1,8,1,0,1,0,0,0,0,32,0,218,0,225.0,3.277,1336.69,OK,-DINTERLEAVE_STRATEGY=3 -DK_LOOP_UNROLL=8 -DN_STAGES=5 -DPHASE1_UNROLL=4 -DSNAKE_ORDER=0 -DSTAGGER_CYCLES=100 -DW0_LOOP_UNROLL=1
5,4,3,1,32,0,1,1,1,1,0,3,1,0,0,0,0,32,0,175,0,225.0,3.278,1336.02,OK,-DINTERLEAVE_STRATEGY=3 -DK_LOOP_UNROLL=1 -DMBAR_EARLY=1 -DN_STAGES=5 -DPHASE1_UNROLL=1 -DSTAGGER_CYCLES=0 -DSUB_MMA_UNROLL=3
5,4,3,0,32,100,1,1,1,1,4,0,1,0,0,0,0,32,0,152,0,225.0,3.278,1336.29,OK,-DINTERLEAVE_STRATEGY=3 -DK_LOOP_UNROLL=1 -DN_STAGES=5 -DPHASE1_UNROLL=1 -DSTAGGER_CYCLES=100 -DW0_LOOP_UNROLL=4
5,4,3,0,32,40,1,1,1,2,0,1,1,0,0,0,0,32,0,168,0,225.0,3.279,1335.95,OK,-DINTERLEAVE_STRATEGY=3 -DK_LOOP_UNROLL=2 -DN_STAGES=5 -DPHASE1_UNROLL=1 -DSTAGGER_CYCLES=40 -DSUB_MMA_UNROLL=1
5,4,3,0,32,100,4,0,1,8,1,1,1,0,0,0,0,32,0,212,0,225.0,3.279,1335.64,OK,-DINTERLEAVE_STRATEGY=3 -DK_LOOP_UNROLL=8 -DN_STAGES=5 -DPHASE1_UNROLL=4 -DSNAKE_ORDER=0 -DSTAGGER_CYCLES=100 -DSUB_MMA_UNROLL=1 -DW0_LOOP_UNROLL=1
5,4,3,1,32,0,1,1,1,2,0,0,1,0,0,0,0,32,0,175,0,225.0,3.28,1335.4,OK,-DINTERLEAVE_STRATEGY=3 -DK_LOOP_UNROLL=2 -DMBAR_EARLY=1 -DN_STAGES=5 -DPHASE1_UNROLL=1 -DSTAGGER_CYCLES=0
5,4,3,0,32,40,4,0,1,6,1,0,1,0,0,0,0,32,0,218,0,225.0,3.281,1335.02,OK,-DINTERLEAVE_STRATEGY=3 -DK_LOOP_UNROLL=6 -DN_STAGES=5 -DPHASE1_UNROLL=4 -DSNAKE_ORDER=0 -DSTAGGER_CYCLES=40 -DW0_LOOP_UNROLL=1
5,4,3,0,32,40,4,0,1,8,1,3,1,0,0,0,0,32,0,218,0,225.0,3.281,1335.17,OK,-DINTERLEAVE_STRATEGY=3 -DK_LOOP_UNROLL=8 -DN_STAGES=5 -DPHASE1_UNROLL=4 -DSNAKE_ORDER=0 -DSTAGGER_CYCLES=40 -DSUB_MMA_UNROLL=3 -DW0_LOOP_UNROLL=1
5,4,3,0,32,40,4,0,1,8,1,0,1,0,0,0,0,32,0,218,0,225.0,3.282,1334.57,OK,-DINTERLEAVE_STRATEGY=3 -DK_LOOP_UNROLL=8 -DN_STAGES=5 -DPHASE1_UNROLL=4 -DSNAKE_ORDER=0 -DSTAGGER_CYCLES=40 -DW0_LOOP_UNROLL=1
5,4,3,0,32,100,2,0,1,2,1,1,1,0,0,0,0,32,0,186,0,225.0,3.282,1334.39,OK,-DINTERLEAVE_STRATEGY=3 -DK_LOOP_UNROLL=2 -DN_STAGES=5 -DSNAKE_ORDER=0 -DSTAGGER_CYCLES=100 -DSUB_MMA_UNROLL=1 -DW0_LOOP_UNROLL=1
5,4,3,1,32,0,1,1,1,1,1,3,1,0,0,0,0,32,0,152,0,225.0,3.283,1334.03,OK,-DINTERLEAVE_STRATEGY=3 -DK_LOOP_UNROLL=1 -DMBAR_EARLY=1 -DN_STAGES=5 -DPHASE1_UNROLL=1 -DSTAGGER_CYCLES=0 -DSUB_MMA_UNROLL=3 -DW0_LOOP_UNROLL=1
5,4,3,1,32,0,1,1,1,6,0,3,1,0,0,0,0,32,0,189,0,225.0,3.283,1334.02,OK,-DINTERLEAVE_STRATEGY=3 -DK_LOOP_UNROLL=6 -DMBAR_EARLY=1 -DN_STAGES=5 -DPHASE1_UNROLL=1 -DSTAGGER_CYCLES=0 -DSUB_MMA_UNROLL=3
5,4,3,0,32,40,1,1,1,2,4,3,1,0,0,0,0,32,0,152,0,225.0,3.283,1334.16,OK,-DINTERLEAVE_STRATEGY=3 -DK_LOOP_UNROLL=2 -DN_STAGES=5 -DPHASE1_UNROLL=1 -DSTAGGER_CYCLES=40 -DSUB_MMA_UNROLL=3 -DW0_LOOP_UNROLL=4
5,4,3,0,32,100,2,0,1,1,4,1,1,0,0,0,0,32,0,186,0,225.0,3.283,1334.27,OK,-DINTERLEAVE_STRATEGY=3 -DK_LOOP_UNROLL=1 -DN_STAGES=5 -DSNAKE_ORDER=0 -DSTAGGER_CYCLES=100 -DSUB_MMA_UNROLL=1 -DW0_LOOP_UNROLL=4
5,4,3,0,32,100,1,1,1,2,4,0,1,0,0,0,0,32,0,152,0,225.0,3.283,1334.0,OK,-DINTERLEAVE_STRATEGY=3 -DK_LOOP_UNROLL=2 -DN_STAGES=5 -DPHASE1_UNROLL=1 -DSTAGGER_CYCLES=100 -DW0_LOOP_UNROLL=4
5,4,3,0,32,100,4,0,1,5,1,1,1,0,0,0,0,32,0,212,0,225.0,3.283,1334.16,OK,-DINTERLEAVE_STRATEGY=3 -DN_STAGES=5 -DPHASE1_UNROLL=4 -DSNAKE_ORDER=0 -DSTAGGER_CYCLES=100 -DSUB_MMA_UNROLL=1 -DW0_LOOP_UNROLL=1
5,4,3,0,32,40,4,0,1,6,1,3,1,0,0,0,0,32,0,218,0,225.0,3.285,1333.26,OK,-DINTERLEAVE_STRATEGY=3 -DK_LOOP_UNROLL=6 -DN_STAGES=5 -DPHASE1_UNROLL=4 -DSNAKE_ORDER=0 -DSTAGGER_CYCLES=40 -DSUB_MMA_UNROLL=3 -DW0_LOOP_UNROLL=1
5,4,3,1,32,0,1,1,1,2,0,1,1,0,0,0,0,32,0,167,0,225.0,3.286,1332.88,OK,-DINTERLEAVE_STRATEGY=3 -DK_LOOP_UNROLL=2 -DMBAR_EARLY=1 -DN_STAGES=5 -DPHASE1_UNROLL=1 -DSTAGGER_CYCLES=0 -DSUB_MMA_UNROLL=1
5,4,3,0,32,40,1,1,1,5,0,0,1,0,0,0,0,32,0,239,0,225.0,3.286,1332.89,OK,-DINTERLEAVE_STRATEGY=3 -DN_STAGES=5 -DPHASE1_UNROLL=1 -DSTAGGER_CYCLES=40
5,4,3,1,32,0,1,1,1,5,4,1,1,0,0,0,0,32,0,163,0,225.0,3.287,1332.72,OK,-DINTERLEAVE_STRATEGY=3 -DMBAR_EARLY=1 -DN_STAGES=5 -DPHASE1_UNROLL=1 -DSTAGGER_CYCLES=0 -DSUB_MMA_UNROLL=1 -DW0_LOOP_UNROLL=4
5,4,3,0,32,100,4,0,1,6,1,1,1,0,0,0,0,32,0,212,0,225.0,3.287,1332.69,OK,-DINTERLEAVE_STRATEGY=3 -DK_LOOP_UNROLL=6 -DN_STAGES=5 -DPHASE1_UNROLL=4 -DSNAKE_ORDER=0 -DSTAGGER_CYCLES=100 -DSUB_MMA_UNROLL=1 -DW0_LOOP_UNROLL=1
5,4,3,1,32,0,2,0,1,5,4,0,1,0,0,0,0,32,0,242,0,225.0,3.288,1332.06,OK,-DINTERLEAVE_STRATEGY=3 -DMBAR_EARLY=1 -DN_STAGES=5 -DSNAKE_ORDER=0 -DSTAGGER_CYCLES=0 -DW0_LOOP_UNROLL=4
5,4,3,0,32,40,1,1,1,1,1,0,1,0,0,0,0,32,0,152,0,225.0,3.288,1332.14,OK,-DINTERLEAVE_STRATEGY=3 -DK_LOOP_UNROLL=1 -DN_STAGES=5 -DPHASE1_UNROLL=1 -DSTAGGER_CYCLES=40 -DW0_LOOP_UNROLL=1
5,4,3,0,32,40,4,0,1,2,1,0,1,0,0,0,0,32,0,198,0,225.0,3.289,1331.86,OK,-DINTERLEAVE_STRATEGY=3 -DK_LOOP_UNROLL=2 -DN_STAGES=5 -DPHASE1_UNROLL=4 -DSNAKE_ORDER=0 -DSTAGGER_CYCLES=40 -DW0_LOOP_UNROLL=1
5,4,3,0,32,100,1,1,1,1,1,1,1,0,0,0,0,32,0,144,0,225.0,3.289,1331.66,OK,-DINTERLEAVE_STRATEGY=3 -DK_LOOP_UNROLL=1 -DN_STAGES=5 -DPHASE1_UNROLL=1 -DSTAGGER_CYCLES=100 -DSUB_MMA_UNROLL=1 -DW0_LOOP_UNROLL=1
5,4,3,1,32,0,1,1,1,1,0,1,1,0,0,0,0,32,0,167,0,225.0,3.29,1331.17,OK,-DINTERLEAVE_STRATEGY=3 -DK_LOOP_UNROLL=1 -DMBAR_EARLY=1 -DN_STAGES=5 -DPHASE1_UNROLL=1 -DSTAGGER_CYCLES=0 -DSUB_MMA_UNROLL=1
5,4,3,0,32,40,4,0,1,1,1,3,1,0,0,0,0,32,0,198,0,225.0,3.29,1331.17,OK,-DINTERLEAVE_STRATEGY=3 -DK_LOOP_UNROLL=1 -DN_STAGES=5 -DPHASE1_UNROLL=4 -DSNAKE_ORDER=0 -DSTAGGER_CYCLES=40 -DSUB_MMA_UNROLL=3 -DW0_LOOP_UNROLL=1
5,4,3,0,32,100,1,1,1,1,1,0,1,0,0,0,0,32,0,152,0,225.0,3.29,1331.52,OK,-DINTERLEAVE_STRATEGY=3 -DK_LOOP_UNROLL=1 -DN_STAGES=5 -DPHASE1_UNROLL=1 -DSTAGGER_CYCLES=100 -DW0_LOOP_UNROLL=1
5,4,3,0,32,100,2,0,1,5,4,3,1,0,0,0,0,32,0,241,0,225.0,3.29,1331.44,OK,-DINTERLEAVE_STRATEGY=3 -DN_STAGES=5 -DSNAKE_ORDER=0 -DSTAGGER_CYCLES=100 -DSUB_MMA_UNROLL=3 -DW0_LOOP_UNROLL=4
5,4,3,0,32,100,1,1,1,6,4,1,1,0,0,0,0,32,0,163,0,225.0,3.29,1331.34,OK,-DINTERLEAVE_STRATEGY=3 -DK_LOOP_UNROLL=6 -DN_STAGES=5 -DPHASE1_UNROLL=1 -DSTAGGER_CYCLES=100 -DSUB_MMA_UNROLL=1 -DW0_LOOP_UNROLL=4
5,4,3,0,32,40,4,0,1,1,1,0,1,0,0,0,0,32,0,198,0,225.0,3.291,1330.86,OK,-DINTERLEAVE_STRATEGY=3 -DK_LOOP_UNROLL=1 -DN_STAGES=5 -DPHASE1_UNROLL=4 -DSNAKE_ORDER=0 -DSTAGGER_CYCLES=40 -DW0_LOOP_UNROLL=1
5,4,3,0,32,40,4,0,1,2,1,3,1,0,0,0,0,32,0,198,0,225.0,3.291,1330.87,OK,-DINTERLEAVE_STRATEGY=3 -DK_LOOP_UNROLL=2 -DN_STAGES=5 -DPHASE1_UNROLL=4 -DSNAKE_ORDER=0 -DSTAGGER_CYCLES=40 -DSUB_MMA_UNROLL=3 -DW0_LOOP_UNROLL=1
5,4,3,0,32,100,4,0,1,1,1,0,1,0,0,0,0,32,0,198,0,225.0,3.291,1330.78,OK,-DINTERLEAVE_STRATEGY=3 -DK_LOOP_UNROLL=1 -DN_STAGES=5 -DPHASE1_UNROLL=4 -DSNAKE_ORDER=0 -DSTAGGER_CYCLES=100 -DW0_LOOP_UNROLL=1
5,4,3,1,32,0,2,0,1,5,4,3,1,0,0,0,0,32,0,242,0,225.0,3.292,1330.63,OK,-DINTERLEAVE_STRATEGY=3 -DMBAR_EARLY=1 -DN_STAGES=5 -DSNAKE_ORDER=0 -DSTAGGER_CYCLES=0 -DSUB_MMA_UNROLL=3 -DW0_LOOP_UNROLL=4
5,4,3,1,32,0,1,1,1,6,0,0,1,0,0,0,0,32,0,189,0,225.0,3.292,1330.62,OK,-DINTERLEAVE_STRATEGY=3 -DK_LOOP_UNROLL=6 -DMBAR_EARLY=1 -DN_STAGES=5 -DPHASE1_UNROLL=1 -DSTAGGER_CYCLES=0
5,4,3,0,32,40,1,1,1,2,1,0,1,0,0,0,0,32,0,152,0,225.0,3.292,1330.62,OK,-DINTERLEAVE_STRATEGY=3 -DK_LOOP_UNROLL=2 -DN_STAGES=5 -DPHASE1_UNROLL=1 -DSTAGGER_CYCLES=40 -DW0_LOOP_UNROLL=1
5,4,3,0,32,40,1,1,1,2,4,0,1,0,0,0,0,32,0,152,0,225.0,3.292,1330.65,OK,-DINTERLEAVE_STRATEGY=3 -DK_LOOP_UNROLL=2 -DN_STAGES=5 -DPHASE1_UNROLL=1 -DSTAGGER_CYCLES=40 -DW0_LOOP_UNROLL=4
5,4,3,0,32,100,4,0,1,1,1,3,1,0,0,0,0,32,0,198,0,225.0,3.293,1330.17,OK,-DINTERLEAVE_STRATEGY=3 -DK_LOOP_UNROLL=1 -DN_STAGES=5 -DPHASE1_UNROLL=4 -DSNAKE_ORDER=0 -DSTAGGER_CYCLES=100 -DSUB_MMA_UNROLL=3 -DW0_LOOP_UNROLL=1
5,4,3,0,32,100,1,1,1,2,1,1,1,0,0,0,0,32,0,144,0,225.0,3.293,1329.93,OK,-DINTERLEAVE_STRATEGY=3 -DK_LOOP_UNROLL=2 -DN_STAGES=5 -DPHASE1_UNROLL=1 -DSTAGGER_CYCLES=100 -DSUB_MMA_UNROLL=1 -DW0_LOOP_UNROLL=1
5,4,3,0,32,100,2,0,1,5,4,0,1,0,0,0,0,32,0,241,0,225.0,3.293,1330.24,OK,-DINTERLEAVE_STRATEGY=3 -DN_STAGES=5 -DSNAKE_ORDER=0 -DSTAGGER_CYCLES=100 -DW0_LOOP_UNROLL=4
5,4,3,1,32,0,2,0,1,5,0,3,1,0,0,0,0,32,0,239,0,225.0,3.295,1329.22,OK,-DINTERLEAVE_STRATEGY=3 -DMBAR_EARLY=1 -DN_STAGES=5 -DSNAKE_ORDER=0 -DSTAGGER_CYCLES=0 -DSUB_MMA_UNROLL=3
5,4,3,0,32,100,1,1,1,1,0,0,1,0,0,0,0,32,0,175,0,225.0,3.295,1329.17,OK,-DINTERLEAVE_STRATEGY=3 -DK_LOOP_UNROLL=1 -DN_STAGES=5 -DPHASE1_UNROLL=1 -DSTAGGER_CYCLES=100
5,4,3,1,32,0,1,1,1,5,0,1,1,0,0,0,0,32,0,181,0,225.0,3.296,1329.04,OK,-DINTERLEAVE_STRATEGY=3 -DMBAR_EARLY=1 -DN_STAGES=5 -DPHASE1_UNROLL=1 -DSTAGGER_CYCLES=0 -DSUB_MMA_UNROLL=1
5,4,3,1,32,0,2,0,1,5,0,0,1,0,0,0,0,32,0,239,0,225.0,3.296,1328.87,OK,-DINTERLEAVE_STRATEGY=3 -DMBAR_EARLY=1 -DN_STAGES=5 -DSNAKE_ORDER=0 -DSTAGGER_CYCLES=0
5,4,3,0,32,40,1,1,1,1,4,0,1,0,0,0,0,32,0,152,0,225.0,3.296,1328.86,OK,-DINTERLEAVE_STRATEGY=3 -DK_LOOP_UNROLL=1 -DN_STAGES=5 -DPHASE1_UNROLL=1 -DSTAGGER_CYCLES=40 -DW0_LOOP_UNROLL=4
5,4,3,0,32,100,4,0,1,2,1,3,1,0,0,0,0,32,0,198,0,225.0,3.296,1328.94,OK,-DINTERLEAVE_STRATEGY=3 -DK_LOOP_UNROLL=2 -DN_STAGES=5 -DPHASE1_UNROLL=4 -DSNAKE_ORDER=0 -DSTAGGER_CYCLES=100 -DSUB_MMA_UNROLL=3 -DW0_LOOP_UNROLL=1
5,4,3,0,32,100,1,1,1,1,1,3,1,0,0,0,0,32,0,152,0,225.0,3.297,1328.52,OK,-DINTERLEAVE_STRATEGY=3 -DK_LOOP_UNROLL=1 -DN_STAGES=5 -DPHASE1_UNROLL=1 -DSTAGGER_CYCLES=100 -DSUB_MMA_UNROLL=3 -DW0_LOOP_UNROLL=1
5,4,3,0,32,100,4,0,1,2,1,0,1,0,0,0,0,32,0,198,0,225.0,3.297,1328.43,OK,-DINTERLEAVE_STRATEGY=3 -DK_LOOP_UNROLL=2 -DN_STAGES=5 -DPHASE1_UNROLL=4 -DSNAKE_ORDER=0 -DSTAGGER_CYCLES=100 -DW0_LOOP_UNROLL=1
5,4,3,0,32,100,1,1,1,2,0,1,1,0,0,0,0,32,0,168,0,225.0,3.298,1328.25,OK,-DINTERLEAVE_STRATEGY=3 -DK_LOOP_UNROLL=2 -DN_STAGES=5 -DPHASE1_UNROLL=1 -DSTAGGER_CYCLES=100 -DSUB_MMA_UNROLL=1
5,4,3,0,32,100,1,1,1,6,1,3,1,0,0,0,0,32,0,172,0,225.0,3.298,1328.06,OK,-DINTERLEAVE_STRATEGY=3 -DK_LOOP_UNROLL=6 -DN_STAGES=5 -DPHASE1_UNROLL=1 -DSTAGGER_CYCLES=100 -DSUB_MMA_UNROLL=3 -DW0_LOOP_UNROLL=1
5,4,3,0,32,40,1,1,1,1,1,3,1,0,0,0,0,32,0,152,0,225.0,3.299,1327.58,OK,-DINTERLEAVE_STRATEGY=3 -DK_LOOP_UNROLL=1 -DN_STAGES=5 -DPHASE1_UNROLL=1 -DSTAGGER_CYCLES=40 -DSUB_MMA_UNROLL=3 -DW0_LOOP_UNROLL=1
5,4,3,1,32,0,1,1,1,1,0,0,1,0,0,0,0,32,0,175,0,225.0,3.302,1326.55,OK,-DINTERLEAVE_STRATEGY=3 -DK_LOOP_UNROLL=1 -DMBAR_EARLY=1 -DN_STAGES=5 -DPHASE1_UNROLL=1 -DSTAGGER_CYCLES=0
5,4,3,1,32,0,1,1,1,2,0,3,1,0,0,0,0,32,0,175,0,225.0,3.302,1326.29,OK,-DINTERLEAVE_STRATEGY=3 -DK_LOOP_UNROLL=2 -DMBAR_EARLY=1 -DN_STAGES=5 -DPHASE1_UNROLL=1 -DSTAGGER_CYCLES=0 -DSUB_MMA_UNROLL=3
5,4,3,0,32,100,1,1,1,1,0,1,1,0,0,0,0,32,0,168,0,225.0,3.302,1326.56,OK,-DINTERLEAVE_STRATEGY=3 -DK_LOOP_UNROLL=1 -DN_STAGES=5 -DPHASE1_UNROLL=1 -DSTAGGER_CYCLES=100 -DSUB_MMA_UNROLL=1
5,4,3,1,32,0,1,1,1,5,4,0,1,0,0,0,0,32,0,219,0,225.0,3.303,1326.0,OK,-DINTERLEAVE_STRATEGY=3 -DMBAR_EARLY=1 -DN_STAGES=5 -DPHASE1_UNROLL=1 -DSTAGGER_CYCLES=0 -DW0_LOOP_UNROLL=4
5,4,3,1,32,0,1,1,1,5,4,3,1,0,0,0,0,32,0,219,0,225.0,3.303,1326.24,OK,-DINTERLEAVE_STRATEGY=3 -DMBAR_EARLY=1 -DN_STAGES=5 -DPHASE1_UNROLL=1 -DSTAGGER_CYCLES=0 -DSUB_MMA_UNROLL=3 -DW0_LOOP_UNROLL=4
5,4,3,1,32,0,1,1,1,5,1,0,1,0,0,0,0,32,0,219,0,225.0,3.304,1325.67,OK,-DINTERLEAVE_STRATEGY=3 -DMBAR_EARLY=1 -DN_STAGES=5 -DPHASE1_UNROLL=1 -DSTAGGER_CYCLES=0 -DW0_LOOP_UNROLL=1
5,4,3,1,32,0,1,1,1,6,0,1,1,0,0,0,0,32,0,181,0,225.0,3.304,1325.78,OK,-DINTERLEAVE_STRATEGY=3 -DK_LOOP_UNROLL=6 -DMBAR_EARLY=1 -DN_STAGES=5 -DPHASE1_UNROLL=1 -DSTAGGER_CYCLES=0 -DSUB_MMA_UNROLL=1
5,4,3,0,32,40,1,1,1,1,4,3,1,0,0,0,0,32,0,152,0,225.0,3.305,1325.1,OK,-DINTERLEAVE_STRATEGY=3 -DK_LOOP_UNROLL=1 -DN_STAGES=5 -DPHASE1_UNROLL=1 -DSTAGGER_CYCLES=40 -DSUB_MMA_UNROLL=3 -DW0_LOOP_UNROLL=4
5,4,3,0,32,40,1,1,1,1,0,0,1,0,0,0,0,32,0,175,0,225.0,3.306,1324.88,OK,-DINTERLEAVE_STRATEGY=3 -DK_LOOP_UNROLL=1 -DN_STAGES=5 -DPHASE1_UNROLL=1 -DSTAGGER_CYCLES=40
5,4,3,0,32,100,2,0,1,2,4,1,1,0,0,0,0,32,0,186,0,225.0,3.307,1324.37,OK,-DINTERLEAVE_STRATEGY=3 -DK_LOOP_UNROLL=2 -DN_STAGES=5 -DSNAKE_ORDER=0 -DSTAGGER_CYCLES=100 -DSUB_MMA_UNROLL=1 -DW0_LOOP_UNROLL=4
5,4,3,1,32,0,1,1,1,8,1,0,1,0,0,0,0,32,0,170,0,225.0,3.308,1324.14,OK,-DINTERLEAVE_STRATEGY=3 -DK_LOOP_UNROLL=8 -DMBAR_EARLY=1 -DN_STAGES=5 -DPHASE1_UNROLL=1 -DSTAGGER_CYCLES=0 -DW0_LOOP_UNROLL=1
5,4,3,0,32,40,1,1,1,6,4,1,1,0,0,0,0,32,0,163,0,225.0,3.308,1324.04,OK,-DINTERLEAVE_STRATEGY=3 -DK_LOOP_UNROLL=6 -DN_STAGES=5 -DPHASE1_UNROLL=1 -DSTAGGER_CYCLES=40 -DSUB_MMA_UNROLL=1 -DW0_LOOP_UNROLL=4
5,4,3,1,32,0,1,1,1,1,4,1,1,0,0,0,0,32,0,144,0,225.0,3.309,1323.61,OK,-DINTERLEAVE_STRATEGY=3 -DK_LOOP_UNROLL=1 -DMBAR_EARLY=1 -DN_STAGES=5 -DPHASE1_UNROLL=1 -DSTAGGER_CYCLES=0 -DSUB_MMA_UNROLL=1 -DW0_LOOP_UNROLL=4
5,4,3,1,32,0,1,1,1,2,4,1,1,0,0,0,0,32,0,144,0,225.0,3.309,1323.7,OK,-DINTERLEAVE_STRATEGY=3 -DK_LOOP_UNROLL=2 -DMBAR_EARLY=1 -DN_STAGES=5 -DPHASE1_UNROLL=1 -DSTAGGER_CYCLES=0 -DSUB_MMA_UNROLL=1 -DW0_LOOP_UNROLL=4
5,4,3,1,32,0,1,1,1,5,1,3,1,0,0,0,0,32,0,219,0,225.0,3.309,1323.86,OK,-DINTERLEAVE_STRATEGY=3 -DMBAR_EARLY=1 -DN_STAGES=5 -DPHASE1_UNROLL=1 -DSTAGGER_CYCLES=0 -DSUB_MMA_UNROLL=3 -DW0_LOOP_UNROLL=1
5,4,3,0,32,40,1,1,1,5,4,3,1,0,0,0,0,32,0,221,0,225.0,3.309,1323.69,OK,-DINTERLEAVE_STRATEGY=3 -DN_STAGES=5 -DPHASE1_UNROLL=1 -DSTAGGER_CYCLES=40 -DSUB_MMA_UNROLL=3 -DW0_LOOP_UNROLL=4
5,4,3,0,32,100,1,1,1,1,0,3,1,0,0,0,0,32,0,175,0,225.0,3.309,1323.51,OK,-DINTERLEAVE_STRATEGY=3 -DK_LOOP_UNROLL=1 -DN_STAGES=5 -DPHASE1_UNROLL=1 -DSTAGGER_CYCLES=100 -DSUB_MMA_UNROLL=3
5,4,3,1,32,0,1,1,1,8,0,0,1,0,0,0,0,32,0,189,0,225.0,3.31,1323.2,OK,-DINTERLEAVE_STRATEGY=3 -DK_LOOP_UNROLL=8 -DMBAR_EARLY=1 -DN_STAGES=5 -DPHASE1_UNROLL=1 -DSTAGGER_CYCLES=0
5,4,3,0,32,40,1,1,1,8,1,1,1,0,0,0,0,32,0,163,0,225.0,3.31,1323.22,OK,-DINTERLEAVE_STRATEGY=3 -DK_LOOP_UNROLL=8 -DN_STAGES=5 -DPHASE1_UNROLL=1 -DSTAGGER_CYCLES=40 -DSUB_MMA_UNROLL=1 -DW0_LOOP_UNROLL=1
5,4,3,0,32,100,1,1,1,1,4,3,1,0,0,0,0,32,0,152,0,225.0,3.31,1323.19,OK,-DINTERLEAVE_STRATEGY=3 -DK_LOOP_UNROLL=1 -DN_STAGES=5 -DPHASE1_UNROLL=1 -DSTAGGER_CYCLES=100 -DSUB_MMA_UNROLL=3 -DW0_LOOP_UNROLL=4
5,4,3,0,32,40,1,1,1,5,0,3,1,0,0,0,0,32,0,239,0,225.0,3.311,1322.76,OK,-DINTERLEAVE_STRATEGY=3 -DN_STAGES=5 -DPHASE1_UNROLL=1 -DSTAGGER_CYCLES=40 -DSUB_MMA_UNROLL=3
5,4,3,0,32,100,1,1,1,1,4,1,1,0,0,0,0,32,0,144,0,225.0,3.311,1323.07,OK,-DINTERLEAVE_STRATEGY=3 -DK_LOOP_UNROLL=1 -DN_STAGES=5 -DPHASE1_UNROLL=1 -DSTAGGER_CYCLES=100 -DSUB_MMA_UNROLL=1 -DW0_LOOP_UNROLL=4
5,4,3,0,32,40,2,0,1,5,0,3,1,0,0,0,0,32,0,240,0,225.0,3.312,1322.57,OK,-DINTERLEAVE_STRATEGY=3 -DN_STAGES=5 -DSNAKE_ORDER=0 -DSTAGGER_CYCLES=40 -DSUB_MMA_UNROLL=3
5,4,3,0,32,40,1,1,1,8,1,3,1,0,0,0,0,32,0,172,0,225.0,3.312,1322.54,OK,-DINTERLEAVE_STRATEGY=3 -DK_LOOP_UNROLL=8 -DN_STAGES=5 -DPHASE1_UNROLL=1 -DSTAGGER_CYCLES=40 -DSUB_MMA_UNROLL=3 -DW0_LOOP_UNROLL=1
5,4,3,1,32,0,1,1,1,6,4,1,1,0,0,0,0,32,0,163,0,225.0,3.313,1322.03,OK,-DINTERLEAVE_STRATEGY=3 -DK_LOOP_UNROLL=6 -DMBAR_EARLY=1 -DN_STAGES=5 -DPHASE1_UNROLL=1 -DSTAGGER_CYCLES=0 -DSUB_MMA_UNROLL=1 -DW0_LOOP_UNROLL=4
5,4,3,0,32,40,1,1,1,6,0,0,1,0,0,0,0,32,0,191,0,225.0,3.313,1322.16,OK,-DINTERLEAVE_STRATEGY=3 -DK_LOOP_UNROLL=6 -DN_STAGES=5 -DPHASE1_UNROLL=1 -DSTAGGER_CYCLES=40
5,4,3,0,32,40,1,1,1,6,1,1,1,0,0,0,0,32,0,163,0,225.0,3.313,1322.07,OK,-DINTERLEAVE_STRATEGY=3 -DK_LOOP_UNROLL=6 -DN_STAGES=5 -DPHASE1_UNROLL=1 -DSTAGGER_CYCLES=40 -DSUB_MMA_UNROLL=1 -DW0_LOOP_UNROLL=1
5,4,3,0,32,100,1,1,1,2,0,0,1,0,0,0,0,32,0,175,0,225.0,3.313,1321.95,OK,-DINTERLEAVE_STRATEGY=3 -DK_LOOP_UNROLL=2 -DN_STAGES=5 -DPHASE1_UNROLL=1 -DSTAGGER_CYCLES=100
5,4,3,0,32,100,1,1,1,5,1,1,1,0,0,0,0,32,0,163,0,225.0,3.313,1321.99,OK,-DINTERLEAVE_STRATEGY=3 -DN_STAGES=5 -DPHASE1_UNROLL=1 -DSTAGGER_CYCLES=100 -DSUB_MMA_UNROLL=1 -DW0_LOOP_UNROLL=1
5,4,3,1,32,0,1,1,1,2,1,1,1,0,0,0,0,32,0,144,0,225.0,3.314,1321.73,OK,-DINTERLEAVE_STRATEGY=3 -DK_LOOP_UNROLL=2 -DMBAR_EARLY=1 -DN_STAGES=5 -DPHASE1_UNROLL=1 -DSTAGGER_CYCLES=0 -DSUB_MMA_UNROLL=1 -DW0_LOOP_UNROLL=1
5,4,3,0,32,40,1,1,1,2,1,1,1,0,0,0,0,32,0,144,0,225.0,3.314,1321.5,OK,-DINTERLEAVE_STRATEGY=3 -DK_LOOP_UNROLL=2 -DN_STAGES=5 -DPHASE1_UNROLL=1 -DSTAGGER_CYCLES=40 -DSUB_MMA_UNROLL=1 -DW0_LOOP_UNROLL=1
5,4,3,0,32,100,1,1,1,5,4,1,1,0,0,0,0,32,0,163,0,225.0,3.314,1321.87,OK,-DINTERLEAVE_STRATEGY=3 -DN_STAGES=5 -DPHASE1_UNROLL=1 -DSTAGGER_CYCLES=100 -DSUB_MMA_UNROLL=1 -DW0_LOOP_UNROLL=4
5,4,3,0,32,40,1,1,1,1,1,1,1,0,0,0,0,32,0,144,0,225.0,3.315,1321.24,OK,-DINTERLEAVE_STRATEGY=3 -DK_LOOP_UNROLL=1 -DN_STAGES=5 -DPHASE1_UNROLL=1 -DSTAGGER_CYCLES=40 -DSUB_MMA_UNROLL=1 -DW0_LOOP_UNROLL=1
5,4,3,1,32,0,1,1,1,1,1,1,1,0,0,0,0,32,0,144,0,225.0,3.316,1320.82,OK,-DINTERLEAVE_STRATEGY=3 -DK_LOOP_UNROLL=1 -DMBAR_EARLY=1 -DN_STAGES=5 -DPHASE1_UNROLL=1 -DSTAGGER_CYCLES=0 -DSUB_MMA_UNROLL=1 -DW0_LOOP_UNROLL=1
5,4,3,0,32,40,2,0,1,5,0,0,1,0,0,0,0,32,0,240,0,225.0,3.316,1320.96,OK,-DINTERLEAVE_STRATEGY=3 -DN_STAGES=5 -DSNAKE_ORDER=0 -DSTAGGER_CYCLES=40
5,4,3,0,32,100,1,1,1,2,1,3,1,0,0,0,0,32,0,152,0,225.0,3.316,1320.76,OK,-DINTERLEAVE_STRATEGY=3 -DK_LOOP_UNROLL=2 -DN_STAGES=5 -DPHASE1_UNROLL=1 -DSTAGGER_CYCLES=100 -DSUB_MMA_UNROLL=3 -DW0_LOOP_UNROLL=1
5,4,3,0,32,100,1,1,1,8,0,0,1,0,0,0,0,32,0,191,0,225.0,3.316,1320.81,OK,-DINTERLEAVE_STRATEGY=3 -DK_LOOP_UNROLL=8 -DN_STAGES=5 -DPHASE1_UNROLL=1 -DSTAGGER_CYCLES=100
5,4,3,1,32,0,1,1,1,8,4,0,1,0,0,0,0,32,0,170,0,225.0,3.317,1320.61,OK,-DINTERLEAVE_STRATEGY=3 -DK_LOOP_UNROLL=8 -DMBAR_EARLY=1 -DN_STAGES=5 -DPHASE1_UNROLL=1 -DSTAGGER_CYCLES=0 -DW0_LOOP_UNROLL=4
5,4,3,0,32,40,2,0,1,1,1,1,1,0,0,0,0,32,0,186,0,225.0,3.317,1320.48,OK,-DINTERLEAVE_STRATEGY=3 -DK_LOOP_UNROLL=1 -DN_STAGES=5 -DSNAKE_ORDER=0 -DSTAGGER_CYCLES=40 -DSUB_MMA_UNROLL=1 -DW0_LOOP_UNROLL=1
5,4,3,0,32,40,1,1,1,2,4,1,1,0,0,0,0,32,0,144,0,225.0,3.317,1320.38,OK,-DINTERLEAVE_STRATEGY=3 -DK_LOOP_UNROLL=2 -DN_STAGES=5 -DPHASE1_UNROLL=1 -DSTAGGER_CYCLES=40 -DSUB_MMA_UNROLL=1 -DW0_LOOP_UNROLL=4
5,4,3,0,32,40,1,1,1,2,1,3,1,0,0,0,0,32,0,152,0,225.0,3.317,1320.68,OK,-DINTERLEAVE_STRATEGY=3 -DK_LOOP_UNROLL=2 -DN_STAGES=5 -DPHASE1_UNROLL=1 -DSTAGGER_CYCLES=40 -DSUB_MMA_UNROLL=3 -DW0_LOOP_UNROLL=1
5,4,3,1,32,0,1,1,1,8,1,3,1,0,0,0,0,32,0,170,0,225.0,3.318,1319.89,OK,-DINTERLEAVE_STRATEGY=3 -DK_LOOP_UNROLL=8 -DMBAR_EARLY=1 -DN_STAGES=5 -DPHASE1_UNROLL=1 -DSTAGGER_CYCLES=0 -DSUB_MMA_UNROLL=3 -DW0_LOOP_UNROLL=1
5,4,3,1,32,0,1,1,1,6,1,0,1,0,0,0,0,32,0,170,0,225.0,3.321,1319.07,OK,-DINTERLEAVE_STRATEGY=3 -DK_LOOP_UNROLL=6 -DMBAR_EARLY=1 -DN_STAGES=5 -DPHASE1_UNROLL=1 -DSTAGGER_CYCLES=0 -DW0_LOOP_UNROLL=1
5,4,3,0,32,100,1,1,1,2,4,1,1,0,0,0,0,32,0,144,0,225.0,3.321,1318.95,OK,-DINTERLEAVE_STRATEGY=3 -DK_LOOP_UNROLL=2 -DN_STAGES=5 -DPHASE1_UNROLL=1 -DSTAGGER_CYCLES=100 -DSUB_MMA_UNROLL=1 -DW0_LOOP_UNROLL=4
5,4,3,0,32,100,1,1,1,6,0,0,1,0,0,0,0,32,0,191,0,225.0,3.322,1318.52,OK,-DINTERLEAVE_STRATEGY=3 -DK_LOOP_UNROLL=6 -DN_STAGES=5 -DPHASE1_UNROLL=1 -DSTAGGER_CYCLES=100
5,4,3,0,32,40,1,1,1,6,4,3,1,0,0,0,0,32,0,172,0,225.0,3.323,1318.29,OK,-DINTERLEAVE_STRATEGY=3 -DK_LOOP_UNROLL=6 -DN_STAGES=5 -DPHASE1_UNROLL=1 -DSTAGGER_CYCLES=40 -DSUB_MMA_UNROLL=3 -DW0_LOOP_UNROLL=4
5,4,3,1,32,0,1,1,1,6,1,3,1,0,0,0,0,32,0,170,0,225.0,3.325,1317.41,OK,-DINTERLEAVE_STRATEGY=3 -DK_LOOP_UNROLL=6 -DMBAR_EARLY=1 -DN_STAGES=5 -DPHASE1_UNROLL=1 -DSTAGGER_CYCLES=0 -DSUB_MMA_UNROLL=3 -DW0_LOOP_UNROLL=1
5,4,3,0,32,100,1,1,1,2,1,0,1,0,0,0,0,32,0,152,0,225.0,3.326,1316.81,OK,-DINTERLEAVE_STRATEGY=3 -DK_LOOP_UNROLL=2 -DN_STAGES=5 -DPHASE1_UNROLL=1 -DSTAGGER_CYCLES=100 -DW0_LOOP_UNROLL=1
5,4,3,0,32,40,2,0,1,2,1,1,1,0,0,0,0,32,0,186,0,225.0,3.327,1316.58,OK,-DINTERLEAVE_STRATEGY=3 -DK_LOOP_UNROLL=2 -DN_STAGES=5 -DSNAKE_ORDER=0 -DSTAGGER_CYCLES=40 -DSUB_MMA_UNROLL=1 -DW0_LOOP_UNROLL=1
5,4,3,0,32,40,1,1,1,1,4,1,1,0,0,0,0,32,0,144,0,225.0,3.328,1316.23,OK,-DINTERLEAVE_STRATEGY=3 -DK_LOOP_UNROLL=1 -DN_STAGES=5 -DPHASE1_UNROLL=1 -DSTAGGER_CYCLES=40 -DSUB_MMA_UNROLL=1 -DW0_LOOP_UNROLL=4
5,4,3,0,32,40,1,1,1,8,0,3,1,0,0,0,0,32,0,191,0,225.0,3.328,1315.99,OK,-DINTERLEAVE_STRATEGY=3 -DK_LOOP_UNROLL=8 -DN_STAGES=5 -DPHASE1_UNROLL=1 -DSTAGGER_CYCLES=40 -DSUB_MMA_UNROLL=3
5,4,3,0,32,40,4,0,1,5,4,1,1,0,0,0,0,32,0,212,0,225.0,3.329,1315.53,OK,-DINTERLEAVE_STRATEGY=3 -DN_STAGES=5 -DPHASE1_UNROLL=4 -DSNAKE_ORDER=0 -DSTAGGER_CYCLES=40 -DSUB_MMA_UNROLL=1 -DW0_LOOP_UNROLL=4
5,4,3,0,32,100,1,1,1,8,4,1,1,0,0,0,0,32,0,163,0,225.0,3.329,1315.75,OK,-DINTERLEAVE_STRATEGY=3 -DK_LOOP_UNROLL=8 -DN_STAGES=5 -DPHASE1_UNROLL=1 -DSTAGGER_CYCLES=100 -DSUB_MMA_UNROLL=1 -DW0_LOOP_UNROLL=4
5,4,3,0,32,40,1,1,1,2,0,0,1,0,0,0,0,32,0,175,0,225.0,3.33,1315.5,OK,-DINTERLEAVE_STRATEGY=3 -DK_LOOP_UNROLL=2 -DN_STAGES=5 -DPHASE1_UNROLL=1 -DSTAGGER_CYCLES=40
5,4,3,0,32,40,2,0,1,5,4,0,1,0,0,0,0,32,0,241,0,225.0,3.33,1315.24,OK,-DINTERLEAVE_STRATEGY=3 -DN_STAGES=5 -DSNAKE_ORDER=0 -DSTAGGER_CYCLES=40 -DW0_LOOP_UNROLL=4
5,4,3,0,32,40,1,1,1,6,0,3,1,0,0,0,0,32,0,191,0,225.0,3.33,1315.48,OK,-DINTERLEAVE_STRATEGY=3 -DK_LOOP_UNROLL=6 -DN_STAGES=5 -DPHASE1_UNROLL=1 -DSTAGGER_CYCLES=40 -DSUB_MMA_UNROLL=3
5,4,3,0,32,40,4,0,1,8,4,1,1,0,0,0,0,32,0,212,0,225.0,3.33,1315.46,OK,-DINTERLEAVE_STRATEGY=3 -DK_LOOP_UNROLL=8 -DN_STAGES=5 -DPHASE1_UNROLL=4 -DSNAKE_ORDER=0 -DSTAGGER_CYCLES=40 -DSUB_MMA_UNROLL=1 -DW0_LOOP_UNROLL=4
5,4,3,0,32,100,1,1,1,2,0,3,1,0,0,0,0,32,0,175,0,225.0,3.33,1315.15,OK,-DINTERLEAVE_STRATEGY=3 -DK_LOOP_UNROLL=2 -DN_STAGES=5 -DPHASE1_UNROLL=1 -DSTAGGER_CYCLES=100 -DSUB_MMA_UNROLL=3
5,4,3,0,32,100,1,1,1,6,1,1,1,0,0,0,0,32,0,163,0,225.0,3.33,1315.35,OK,-DINTERLEAVE_STRATEGY=3 -DK_LOOP_UNROLL=6 -DN_STAGES=5 -DPHASE1_UNROLL=1 -DSTAGGER_CYCLES=100 -DSUB_MMA_UNROLL=1 -DW0_LOOP_UNROLL=1
5,4,3,1,32,0,1,1,1,5,0,0,1,0,0,0,0,32,0,238,0,225.0,3.331,1314.92,OK,-DINTERLEAVE_STRATEGY=3 -DMBAR_EARLY=1 -DN_STAGES=5 -DPHASE1_UNROLL=1 -DSTAGGER_CYCLES=0
5,4,3,0,32,40,1,1,1,8,4,0,1,0,0,0,0,32,0,172,0,225.0,3.331,1314.78,OK,-DINTERLEAVE_STRATEGY=3 -DK_LOOP_UNROLL=8 -DN_STAGES=5 -DPHASE1_UNROLL=1 -DSTAGGER_CYCLES=40 -DW0_LOOP_UNROLL=4
5,4,3,0,32,100,1,1,1,2,4,3,1,0,0,0,0,32,0,152,0,225.0,3.331,1314.79,OK,-DINTERLEAVE_STRATEGY=3 -DK_LOOP_UNROLL=2 -DN_STAGES=5 -DPHASE1_UNROLL=1 -DSTAGGER_CYCLES=100 -DSUB_MMA_UNROLL=3 -DW0_LOOP_UNROLL=4
5,4,3,1,32,0,1,1,1,8,4,3,1,0,0,0,0,32,0,170,0,225.0,3.332,1314.42,OK,-DINTERLEAVE_STRATEGY=3 -DK_LOOP_UNROLL=8 -DMBAR_EARLY=1 -DN_STAGES=5 -DPHASE1_UNROLL=1 -DSTAGGER_CYCLES=0 -DSUB_MMA_UNROLL=3 -DW0_LOOP_UNROLL=4
5,4,3,0,32,40,1,1,1,8,4,3,1,0,0,0,0,32,0,172,0,225.0,3.332,1314.64,OK,-DINTERLEAVE_STRATEGY=3 -DK_LOOP_UNROLL=8 -DN_STAGES=5 -DPHASE1_UNROLL=1 -DSTAGGER_CYCLES=40 -DSUB_MMA_UNROLL=3 -DW0_LOOP_UNROLL=4
5,4,3,0,32,100,1,1,1,5,0,3,1,0,0,0,0,32,0,239,0,225.0,3.332,1314.45,OK,-DINTERLEAVE_STRATEGY=3 -DN_STAGES=5 -DPHASE1_UNROLL=1 -DSTAGGER_CYCLES=100 -DSUB_MMA_UNROLL=3
5,4,3,0,32,40,2,0,1,5,4,3,1,0,0,0,0,32,0,241,0,225.0,3.334,1313.76,OK,-DINTERLEAVE_STRATEGY=3 -DN_STAGES=5 -DSNAKE_ORDER=0 -DSTAGGER_CYCLES=40 -DSUB_MMA_UNROLL=3 -DW0_LOOP_UNROLL=4
5,4,3,0,32,40,4,0,1,6,4,1,1,0,0,0,0,32,0,212,0,225.0,3.335,1313.26,OK,-DINTERLEAVE_STRATEGY=3 -DK_LOOP_UNROLL=6 -DN_STAGES=5 -DPHASE1_UNROLL=4 -DSNAKE_ORDER=0 -DSTAGGER_CYCLES=40 -DSUB_MMA_UNROLL=1 -DW0_LOOP_UNROLL=4
5,4,3,0,32,100,4,0,1,5,4,1,1,0,0,0,0,32,0,212,0,225.0,3.335,1313.5,OK,-DINTERLEAVE_STRATEGY=3 -DN_STAGES=5 -DPHASE1_UNROLL=4 -DSNAKE_ORDER=0 -DSTAGGER_CYCLES=100 -DSUB_MMA_UNROLL=1 -DW0_LOOP_UNROLL=4
5,4,3,0,32,100,4,0,1,6,4,1,1,0,0,0,0,32,0,212,0,225.0,3.335,1313.45,OK,-DINTERLEAVE_STRATEGY=3 -DK_LOOP_UNROLL=6 -DN_STAGES=5 -DPHASE1_UNROLL=4 -DSNAKE_ORDER=0 -DSTAGGER_CYCLES=100 -DSUB_MMA_UNROLL=1 -DW0_LOOP_UNROLL=4
5,4,3,0,32,100,4,0,1,8,4,1,1,0,0,0,0,32,0,212,0,225.0,3.336,1312.81,OK,-DINTERLEAVE_STRATEGY=3 -DK_LOOP_UNROLL=8 -DN_STAGES=5 -DPHASE1_UNROLL=4 -DSNAKE_ORDER=0 -DSTAGGER_CYCLES=100 -DSUB_MMA_UNROLL=1 -DW0_LOOP_UNROLL=4
5,4,3,0,32,100,1,1,1,5,1,3,1,0,0,0,0,32,0,221,0,225.0,3.339,1311.71,OK,-DINTERLEAVE_STRATEGY=3 -DN_STAGES=5 -DPHASE1_UNROLL=1 -DSTAGGER_CYCLES=100 -DSUB_MMA_UNROLL=3 -DW0_LOOP_UNROLL=1
5,4,3,0,32,40,1,1,1,8,4,1,1,0,0,0,0,32,0,163,0,225.0,3.34,1311.55,OK,-DINTERLEAVE_STRATEGY=3 -DK_LOOP_UNROLL=8 -DN_STAGES=5 -DPHASE1_UNROLL=1 -DSTAGGER_CYCLES=40 -DSUB_MMA_UNROLL=1 -DW0_LOOP_UNROLL=4
5,4,3,0,32,100,1,1,1,5,1,0,1,0,0,0,0,32,0,221,0,225.0,3.34,1311.49,OK,-DINTERLEAVE_STRATEGY=3 -DN_STAGES=5 -DPHASE1_UNROLL=1 -DSTAGGER_CYCLES=100 -DW0_LOOP_UNROLL=1
5,4,3,0,32,100,1,1,1,6,4,3,1,0,0,0,0,32,0,172,0,225.0,3.34,1311.37,OK,-DINTERLEAVE_STRATEGY=3 -DK_LOOP_UNROLL=6 -DN_STAGES=5 -DPHASE1_UNROLL=1 -DSTAGGER_CYCLES=100 -DSUB_MMA_UNROLL=3 -DW0_LOOP_UNROLL=4
5,4,3,0,32,100,1,1,1,8,1,3,1,0,0,0,0,32,0,172,0,225.0,3.34,1311.44,OK,-DINTERLEAVE_STRATEGY=3 -DK_LOOP_UNROLL=8 -DN_STAGES=5 -DPHASE1_UNROLL=1 -DSTAGGER_CYCLES=100 -DSUB_MMA_UNROLL=3 -DW0_LOOP_UNROLL=1
5,4,3,0,32,40,1,1,1,5,1,1,1,0,0,0,0,32,0,163,0,225.0,3.341,1311.1,OK,-DINTERLEAVE_STRATEGY=3 -DN_STAGES=5 -DPHASE1_UNROLL=1 -DSTAGGER_CYCLES=40 -DSUB_MMA_UNROLL=1 -DW0_LOOP_UNROLL=1
5,4,3,1,32,0,1,1,1,8,0,3,1,0,0,0,0,32,0,189,0,225.0,3.342,1310.69,OK,-DINTERLEAVE_STRATEGY=3 -DK_LOOP_UNROLL=8 -DMBAR_EARLY=1 -DN_STAGES=5 -DPHASE1_UNROLL=1 -DSTAGGER_CYCLES=0 -DSUB_MMA_UNROLL=3
5,4,3,0,32,40,4,0,1,1,4,0,1,0,0,0,0,32,0,198,0,225.0,3.342,1310.48,OK,-DINTERLEAVE_STRATEGY=3 -DK_LOOP_UNROLL=1 -DN_STAGES=5 -DPHASE1_UNROLL=4 -DSNAKE_ORDER=0 -DSTAGGER_CYCLES=40 -DW0_LOOP_UNROLL=4
5,4,3,0,32,40,4,0,1,1,4,3,1,0,0,0,0,32,0,198,0,225.0,3.342,1310.53,OK,-DINTERLEAVE_STRATEGY=3 -DK_LOOP_UNROLL=1 -DN_STAGES=5 -DPHASE1_UNROLL=4 -DSNAKE_ORDER=0 -DSTAGGER_CYCLES=40 -DSUB_MMA_UNROLL=3 -DW0_LOOP_UNROLL=4
5,4,3,0,32,40,1,1,1,6,1,0,1,0,0,0,0,32,0,172,0,225.0,3.342,1310.7,OK,-DINTERLEAVE_STRATEGY=3 -DK_LOOP_UNROLL=6 -DN_STAGES=5 -DPHASE1_UNROLL=1 -DSTAGGER_CYCLES=40 -DW0_LOOP_UNROLL=1
5,4,3,0,32,40,4,0,1,1,0,1,1,0,0,0,0,32,0,214,0,225.0,3.343,1310.05,OK,-DINTERLEAVE_STRATEGY=3 -DK_LOOP_UNROLL=1 -DN_STAGES=5 -DPHASE1_UNROLL=4 -DSNAKE_ORDER=0 -DSTAGGER_CYCLES=40 -DSUB_MMA_UNROLL=1
5,4,3,0,32,40,1,1,1,2,0,3,1,0,0,0,0,32,0,175,0,225.0,3.343,1310.36,OK,-DINTERLEAVE_STRATEGY=3 -DK_LOOP_UNROLL=2 -DN_STAGES=5 -DPHASE1_UNROLL=1 -DSTAGGER_CYCLES=40 -DSUB_MMA_UNROLL=3
5,4,3,0,32,40,1,1,1,8,0,1,1,0,0,0,0,32,0,183,0,225.0,3.343,1310.27,OK,-DINTERLEAVE_STRATEGY=3 -DK_LOOP_UNROLL=8 -DN_STAGES=5 -DPHASE1_UNROLL=1 -DSTAGGER_CYCLES=40 -DSUB_MMA_UNROLL=1
5,4,3,0,32,40,4,0,1,8,4,3,1,0,0,0,0,32,0,218,0,225.0,3.343,1310.05,OK,-DINTERLEAVE_STRATEGY=3 -DK_LOOP_UNROLL=8 -DN_STAGES=5 -DPHASE1_UNROLL=4 -DSNAKE_ORDER=0 -DSTAGGER_CYCLES=40 -DSUB_MMA_UNROLL=3 -DW0_LOOP_UNROLL=4
5,4,3,0,32,100,2,0,1,5,1,1,1,0,0,0,0,32,0,207,0,225.0,3.343,1310.27,OK,-DINTERLEAVE_STRATEGY=3 -DN_STAGES=5 -DSNAKE_ORDER=0 -DSTAGGER_CYCLES=100 -DSUB_MMA_UNROLL=1 -DW0_LOOP_UNROLL=1
5,4,3,0,32,100,4,0,1,6,4,3,1,0,0,0,0,32,0,218,0,225.0,3.343,1310.3,OK,-DINTERLEAVE_STRATEGY=3 -DK_LOOP_UNROLL=6 -DN_STAGES=5 -DPHASE1_UNROLL=4 -DSNAKE_ORDER=0 -DSTAGGER_CYCLES=100 -DSUB_MMA_UNROLL=3 -DW0_LOOP_UNROLL=4
5,4,3,0,32,40,4,0,1,6,4,0,1,0,0,0,0,32,0,218,0,225.0,3.344,1309.9,OK,-DINTERLEAVE_STRATEGY=3 -DK_LOOP_UNROLL=6 -DN_STAGES=5 -DPHASE1_UNROLL=4 -DSNAKE_ORDER=0 -DSTAGGER_CYCLES=40 -DW0_LOOP_UNROLL=4
5,4,3,0,32,100,1,1,1,5,0,0,1,0,0,0,0,32,0,239,0,225.0,3.344,1309.88,OK,-DINTERLEAVE_STRATEGY=3 -DN_STAGES=5 -DPHASE1_UNROLL=1 -DSTAGGER_CYCLES=100
5,4,3,0,32,100,1,1,1,5,4,3,1,0,0,0,0,32,0,221,0,225.0,3.344,1309.84,OK,-DINTERLEAVE_STRATEGY=3 -DN_STAGES=5 -DPHASE1_UNROLL=1 -DSTAGGER_CYCLES=100 -DSUB_MMA_UNROLL=3 -DW0_LOOP_UNROLL=4
5,4,3,0,32,100,4,0,1,8,4,3,1,0,0,0,0,32,0,218,0,225.0,3.344,1309.81,OK,-DINTERLEAVE_STRATEGY=3 -DK_LOOP_UNROLL=8 -DN_STAGES=5 -DPHASE1_UNROLL=4 -DSNAKE_ORDER=0 -DSTAGGER_CYCLES=100 -DSUB_MMA_UNROLL=3 -DW0_LOOP_UNROLL=4
5,4,3,0,32,40,1,1,1,8,0,0,1,0,0,0,0,32,0,191,0,225.0,3.345,1309.61,OK,-DINTERLEAVE_STRATEGY=3 -DK_LOOP_UNROLL=8 -DN_STAGES=5 -DPHASE1_UNROLL=1 -DSTAGGER_CYCLES=40
5,4,3,0,32,100,1,1,1,8,1,1,1,0,0,0,0,32,0,163,0,225.0,3.345,1309.38,OK,-DINTERLEAVE_STRATEGY=3 -DK_LOOP_UNROLL=8 -DN_STAGES=5 -DPHASE1_UNROLL=1 -DSTAGGER_CYCLES=100 -DSUB_MMA_UNROLL=1 -DW0_LOOP_UNROLL=1
5,4,3,1,32,0,1,1,1,6,4,0,1,0,0,0,0,32,0,170,0,225.0,3.346,1309.06,OK,-DINTERLEAVE_STRATEGY=3 -DK_LOOP_UNROLL=6 -DMBAR_EARLY=1 -DN_STAGES=5 -DPHASE1_UNROLL=1 -DSTAGGER_CYCLES=0 -DW0_LOOP_UNROLL=4
5,4,3,0,32,40,4,0,1,8,4,0,1,0,0,0,0,32,0,218,0,225.0,3.346,1309.11,OK,-DINTERLEAVE_STRATEGY=3 -DK_LOOP_UNROLL=8 -DN_STAGES=5 -DPHASE1_UNROLL=4 -DSNAKE_ORDER=0 -DSTAGGER_CYCLES=40 -DW0_LOOP_UNROLL=4
5,4,3,1,32,0,2,0,1,1,1,3,1,0,0,0,0,32,0,198,0,225.0,3.347,1308.56,OK,-DINTERLEAVE_STRATEGY=3 -DK_LOOP_UNROLL=1 -DMBAR_EARLY=1 -DN_STAGES=5 -DSNAKE_ORDER=0 -DSTAGGER_CYCLES=0 -DSUB_MMA_UNROLL=3 -DW0_LOOP_UNROLL=1
5,4,3,1,32,0,2,0,1,2,1,0,1,0,0,0,0,32,0,198,0,225.0,3.347,1308.61,OK,-DINTERLEAVE_STRATEGY=3 -DK_LOOP_UNROLL=2 -DMBAR_EARLY=1 -DN_STAGES=5 -DSNAKE_ORDER=0 -DSTAGGER_CYCLES=0 -DW0_LOOP_UNROLL=1
5,4,3,0,32,40,1,1,1,1,0,1,1,0,0,0,0,32,0,168,0,225.0,3.347,1308.72,OK,-DINTERLEAVE_STRATEGY=3 -DK_LOOP_UNROLL=1 -DN_STAGES=5 -DPHASE1_UNROLL=1 -DSTAGGER_CYCLES=40 -DSUB_MMA_UNROLL=1
5,4,3,0,32,40,4,0,1,6,4,3,1,0,0,0,0,32,0,218,0,225.0,3.347,1308.84,OK,-DINTERLEAVE_STRATEGY=3 -DK_LOOP_UNROLL=6 -DN_STAGES=5 -DPHASE1_UNROLL=4 -DSNAKE_ORDER=0 -DSTAGGER_CYCLES=40 -DSUB_MMA_UNROLL=3 -DW0_LOOP_UNROLL=4
5,4,3,0,32,100,2,0,1,6,1,1,1,0,0,0,0,32,0,207,0,225.0,3.347,1308.81,OK,-DINTERLEAVE_STRATEGY=3 -DK_LOOP_UNROLL=6 -DN_STAGES=5 -DSNAKE_ORDER=0 -DSTAGGER_CYCLES=100 -DSUB_MMA_UNROLL=1 -DW0_LOOP_UNROLL=1
5,4,3,0,32,100,4,0,1,6,0,0,1,0,0,0,0,32,0,238,0,225.0,3.347,1308.59,OK,-DINTERLEAVE_STRATEGY=3 -DK_LOOP_UNROLL=6 -DN_STAGES=5 -DPHASE1_UNROLL=4 -DSNAKE_ORDER=0 -DSTAGGER_CYCLES=100
5,4,3,0,32,100,2,0,1,8,1,1,1,0,0,0,0,32,0,207,0,225.0,3.347,1308.47,OK,-DINTERLEAVE_STRATEGY=3 -DK_LOOP_UNROLL=8 -DN_STAGES=5 -DSNAKE_ORDER=0 -DSTAGGER_CYCLES=100 -DSUB_MMA_UNROLL=1 -DW0_LOOP_UNROLL=1
5,4,3,0,32,40,1,1,1,6,4,0,1,0,0,0,0,32,0,172,0,225.0,3.348,1308.17,OK,-DINTERLEAVE_STRATEGY=3 -DK_LOOP_UNROLL=6 -DN_STAGES=5 -DPHASE1_UNROLL=1 -DSTAGGER_CYCLES=40 -DW0_LOOP_UNROLL=4
5,4,3,0,32,100,1,1,1,6,1,0,1,0,0,0,0,32,0,172,0,225.0,3.348,1308.31,OK,-DINTERLEAVE_STRATEGY=3 -DK_LOOP_UNROLL=6 -DN_STAGES=5 -DPHASE1_UNROLL=1 -DSTAGGER_CYCLES=100 -DW0_LOOP_UNROLL=1
5,4,3,0,32,100,4,0,1,6,4,0,1,0,0,0,0,32,0,218,0,225.0,3.348,1308.08,OK,-DINTERLEAVE_STRATEGY=3 -DK_LOOP_UNROLL=6 -DN_STAGES=5 -DPHASE1_UNROLL=4 -DSNAKE_ORDER=0 -DSTAGGER_CYCLES=100 -DW0_LOOP_UNROLL=4
5,4,3,0,32,100,4,0,1,6,0,3,1,0,0,0,0,32,0,238,0,225.0,3.348,1308.17,OK,-DINTERLEAVE_STRATEGY=3 -DK_LOOP_UNROLL=6 -DN_STAGES=5 -DPHASE1_UNROLL=4 -DSNAKE_ORDER=0 -DSTAGGER_CYCLES=100 -DSUB_MMA_UNROLL=3
5,4,3,0,32,100,4,0,1,8,0,3,1,0,0,0,0,32,0,238,0,225.0,3.348,1308.27,OK,-DINTERLEAVE_STRATEGY=3 -DK_LOOP_UNROLL=8 -DN_STAGES=5 -DPHASE1_UNROLL=4 -DSNAKE_ORDER=0 -DSTAGGER_CYCLES=100 -DSUB_MMA_UNROLL=3
5,4,3,1,32,0,2,0,1,2,1,3,1,0,0,0,0,32,0,198,0,225.0,3.349,1307.97,OK,-DINTERLEAVE_STRATEGY=3 -DK_LOOP_UNROLL=2 -DMBAR_EARLY=1 -DN_STAGES=5 -DSNAKE_ORDER=0 -DSTAGGER_CYCLES=0 -DSUB_MMA_UNROLL=3 -DW0_LOOP_UNROLL=1
5,4,3,0,32,100,4,0,1,1,4,0,1,0,0,0,0,32,0,198,0,225.0,3.349,1307.72,OK,-DINTERLEAVE_STRATEGY=3 -DK_LOOP_UNROLL=1 -DN_STAGES=5 -DPHASE1_UNROLL=4 -DSNAKE_ORDER=0 -DSTAGGER_CYCLES=100 -DW0_LOOP_UNROLL=4
5,4,3,0,32,100,4,0,1,2,4,3,1,0,0,0,0,32,0,198,0,225.0,3.349,1307.83,OK,-DINTERLEAVE_STRATEGY=3 -DK_LOOP_UNROLL=2 -DN_STAGES=5 -DPHASE1_UNROLL=4 -DSNAKE_ORDER=0 -DSTAGGER_CYCLES=100 -DSUB_MMA_UNROLL=3 -DW0_LOOP_UNROLL=4
5,4,3,0,32,100,4,0,1,8,4,0,1,0,0,0,0,32,0,218,0,225.0,3.349,1308.03,OK,-DINTERLEAVE_STRATEGY=3 -DK_LOOP_UNROLL=8 -DN_STAGES=5 -DPHASE1_UNROLL=4 -DSNAKE_ORDER=0 -DSTAGGER_CYCLES=100 -DW0_LOOP_UNROLL=4
5,4,3,1,32,0,2,0,1,1,1,0,1,0,0,0,0,32,0,198,0,225.0,3.35,1307.34,OK,-DINTERLEAVE_STRATEGY=3 -DK_LOOP_UNROLL=1 -DMBAR_EARLY=1 -DN_STAGES=5 -DSNAKE_ORDER=0 -DSTAGGER_CYCLES=0 -DW0_LOOP_UNROLL=1
5,4,3,0,32,40,4,0,1,6,0,0,1,0,0,0,0,32,0,238,0,225.0,3.35,1307.63,OK,-DINTERLEAVE_STRATEGY=3 -DK_LOOP_UNROLL=6 -DN_STAGES=5 -DPHASE1_UNROLL=4 -DSNAKE_ORDER=0 -DSTAGGER_CYCLES=40
5,4,3,0,32,100,4,0,1,8,0,0,1,0,0,0,0,32,0,238,0,225.0,3.35,1307.32,OK,-DINTERLEAVE_STRATEGY=3 -DK_LOOP_UNROLL=8 -DN_STAGES=5 -DPHASE1_UNROLL=4 -DSNAKE_ORDER=0 -DSTAGGER_CYCLES=100
5,4,3,0,32,40,1,1,1,1,0,3,1,0,0,0,0,32,0,175,0,225.0,3.351,1307.19,OK,-DINTERLEAVE_STRATEGY=3 -DK_LOOP_UNROLL=1 -DN_STAGES=5 -DPHASE1_UNROLL=1 -DSTAGGER_CYCLES=40 -DSUB_MMA_UNROLL=3
5,4,3,0,32,40,4,0,1,8,0,3,1,0,0,0,0,32,0,238,0,225.0,3.351,1306.93,OK,-DINTERLEAVE_STRATEGY=3 -DK_LOOP_UNROLL=8 -DN_STAGES=5 -DPHASE1_UNROLL=4 -DSNAKE_ORDER=0 -DSTAGGER_CYCLES=40 -DSUB_MMA_UNROLL=3
5,4,3,0,32,100,4,0,1,1,0,1,1,0,0,0,0,32,0,214,0,225.0,3.351,1307.19,OK,-DINTERLEAVE_STRATEGY=3 -DK_LOOP_UNROLL=1 -DN_STAGES=5 -DPHASE1_UNROLL=4 -DSNAKE_ORDER=0 -DSTAGGER_CYCLES=100 -DSUB_MMA_UNROLL=1
5,4,3,0,32,40,1,1,1,5,0,1,1,0,0,0,0,32,0,183,0,225.0,3.352,1306.84,OK,-DINTERLEAVE_STRATEGY=3 -DN_STAGES=5 -DPHASE1_UNROLL=1 -DSTAGGER_CYCLES=40 -DSUB_MMA_UNROLL=1
5,4,3,0,32,40,4,0,1,6,0,3,1,0,0,0,0,32,0,238,0,225.0,3.352,1306.86,OK,-DINTERLEAVE_STRATEGY=3 -DK_LOOP_UNROLL=6 -DN_STAGES=5 -DPHASE1_UNROLL=4 -DSNAKE_ORDER=0 -DSTAGGER_CYCLES=40 -DSUB_MMA_UNROLL=3
5,4,3,0,32,40,4,0,1,8,0,0,1,0,0,0,0,32,0,238,0,225.0,3.353,1306.27,OK,-DINTERLEAVE_STRATEGY=3 -DK_LOOP_UNROLL=8 -DN_STAGES=5 -DPHASE1_UNROLL=4 -DSNAKE_ORDER=0 -DSTAGGER_CYCLES=40
5,4,3,0,32,40,4,0,1,2,4,0,1,0,0,0,0,32,0,198,0,225.0,3.354,1305.9,OK,-DINTERLEAVE_STRATEGY=3 -DK_LOOP_UNROLL=2 -DN_STAGES=5 -DPHASE1_UNROLL=4 -DSNAKE_ORDER=0 -DSTAGGER_CYCLES=40 -DW0_LOOP_UNROLL=4
5,4,3,0,32,100,4,0,1,1,4,3,1,0,0,0,0,32,0,198,0,225.0,3.354,1305.97,OK,-DINTERLEAVE_STRATEGY=3 -DK_LOOP_UNROLL=1 -DN_STAGES=5 -DPHASE1_UNROLL=4 -DSNAKE_ORDER=0 -DSTAGGER_CYCLES=100 -DSUB_MMA_UNROLL=3 -DW0_LOOP_UNROLL=4
5,4,3,1,32,0,1,1,1,6,4,3,1,0,0,0,0,32,0,170,0,225.0,3.355,1305.68,OK,-DINTERLEAVE_STRATEGY=3 -DK_LOOP_UNROLL=6 -DMBAR_EARLY=1 -DN_STAGES=5 -DPHASE1_UNROLL=1 -DSTAGGER_CYCLES=0 -DSUB_MMA_UNROLL=3 -DW0_LOOP_UNROLL=4
5,4,3,0,32,100,1,1,1,6,0,3,1,0,0,0,0,32,0,191,0,225.0,3.355,1305.64,OK,-DINTERLEAVE_STRATEGY=3 -DK_LOOP_UNROLL=6 -DN_STAGES=5 -DPHASE1_UNROLL=1 -DSTAGGER_CYCLES=100 -DSUB_MMA_UNROLL=3
5,4,3,0,32,40,4,0,1,6,0,1,1,0,0,0,0,32,0,229,0,225.0,3.356,1305.06,OK,-DINTERLEAVE_STRATEGY=3 -DK_LOOP_UNROLL=6 -DN_STAGES=5 -DPHASE1_UNROLL=4 -DSNAKE_ORDER=0 -DSTAGGER_CYCLES=40 -DSUB_MMA_UNROLL=1
5,4,3,0,32,100,4,0,1,2,4,0,1,0,0,0,0,32,0,198,0,225.0,3.356,1305.2,OK,-DINTERLEAVE_STRATEGY=3 -DK_LOOP_UNROLL=2 -DN_STAGES=5 -DPHASE1_UNROLL=4 -DSNAKE_ORDER=0 -DSTAGGER_CYCLES=100 -DW0_LOOP_UNROLL=4
5,4,3,0,32,100,1,1,1,8,4,3,1,0,0,0,0,32,0,172,0,225.0,3.356,1304.99,OK,-DINTERLEAVE_STRATEGY=3 -DK_LOOP_UNROLL=8 -DN_STAGES=5 -DPHASE1_UNROLL=1 -DSTAGGER_CYCLES=100 -DSUB_MMA_UNROLL=3 -DW0_LOOP_UNROLL=4
5,4,3,0,32,40,1,1,1,5,1,0,1,0,0,0,0,32,0,221,0,225.0,3.357,1304.88,OK,-DINTERLEAVE_STRATEGY=3 -DN_STAGES=5 -DPHASE1_UNROLL=1 -DSTAGGER_CYCLES=40 -DW0_LOOP_UNROLL=1
5,4,3,0,32,40,4,0,1,5,0,1,1,0,0,0,0,32,0,229,0,225.0,3.357,1304.57,OK,-DINTERLEAVE_STRATEGY=3 -DN_STAGES=5 -DPHASE1_UNROLL=4 -DSNAKE_ORDER=0 -DSTAGGER_CYCLES=40 -DSUB_MMA_UNROLL=1
5,4,3,0,32,40,1,1,1,6,1,3,1,0,0,0,0,32,0,172,0,225.0,3.357,1304.64,OK,-DINTERLEAVE_STRATEGY=3 -DK_LOOP_UNROLL=6 -DN_STAGES=5 -DPHASE1_UNROLL=1 -DSTAGGER_CYCLES=40 -DSUB_MMA_UNROLL=3 -DW0_LOOP_UNROLL=1
5,4,3,0,32,100,2,0,1,6,1,3,1,0,0,0,0,32,0,215,0,225.0,3.357,1304.7,OK,-DINTERLEAVE_STRATEGY=3 -DK_LOOP_UNROLL=6 -DN_STAGES=5 -DSNAKE_ORDER=0 -DSTAGGER_CYCLES=100 -DSUB_MMA_UNROLL=3 -DW0_LOOP_UNROLL=1
5,4,3,0,32,40,2,0,1,1,4,1,1,0,0,0,0,32,0,186,0,225.0,3.358,1304.43,OK,-DINTERLEAVE_STRATEGY=3 -DK_LOOP_UNROLL=1 -DN_STAGES=5 -DSNAKE_ORDER=0 -DSTAGGER_CYCLES=40 -DSUB_MMA_UNROLL=1 -DW0_LOOP_UNROLL=4
5,4,3,0,32,40,1,1,1,8,1,0,1,0,0,0,0,32,0,172,0,225.0,3.358,1304.33,OK,-DINTERLEAVE_STRATEGY=3 -DK_LOOP_UNROLL=8 -DN_STAGES=5 -DPHASE1_UNROLL=1 -DSTAGGER_CYCLES=40 -DW0_LOOP_UNROLL=1
5,4,3,0,32,40,4,0,1,8,0,1,1,0,0,0,0,32,0,229,0,225.0,3.358,1304.45,OK,-DINTERLEAVE_STRATEGY=3 -DK_LOOP_UNROLL=8 -DN_STAGES=5 -DPHASE1_UNROLL=4 -DSNAKE_ORDER=0 -DSTAGGER_CYCLES=40 -DSUB_MMA_UNROLL=1
5,4,3,0,32,100,2,0,1,2,1,0,1,0,0,0,0,32,0,195,0,225.0,3.359,1304.15,OK,-DINTERLEAVE_STRATEGY=3 -DK_LOOP_UNROLL=2 -DN_STAGES=5 -DSNAKE_ORDER=0 -DSTAGGER_CYCLES=100 -DW0_LOOP_UNROLL=1
5,4,3,0,32,100,1,1,1,6,4,0,1,0,0,0,0,32,0,172,0,225.0,3.359,1304.16,OK,-DINTERLEAVE_STRATEGY=3 -DK_LOOP_UNROLL=6 -DN_STAGES=5 -DPHASE1_UNROLL=1 -DSTAGGER_CYCLES=100 -DW0_LOOP_UNROLL=4
5,4,3,0,32,40,4,0,1,2,4,3,1,0,0,0,0,32,0,198,0,225.0,3.36,1303.73,OK,-DINTERLEAVE_STRATEGY=3 -DK_LOOP_UNROLL=2 -DN_STAGES=5 -DPHASE1_UNROLL=4 -DSNAKE_ORDER=0 -DSTAGGER_CYCLES=40 -DSUB_MMA_UNROLL=3 -DW0_LOOP_UNROLL=4
5,4,3,0,32,100,2,0,1,2,1,3,1,0,0,0,0,32,0,195,0,225.0,3.36,1303.5,OK,-DINTERLEAVE_STRATEGY=3 -DK_LOOP_UNROLL=2 -DN_STAGES=5 -DSNAKE_ORDER=0 -DSTAGGER_CYCLES=100 -DSUB_MMA_UNROLL=3 -DW0_LOOP_UNROLL=1
5,4,3,0,32,100,1,1,1,6,0,1,1,0,0,0,0,32,0,183,0,225.0,3.361,1303.29,OK,-DINTERLEAVE_STRATEGY=3 -DK_LOOP_UNROLL=6 -DN_STAGES=5 -DPHASE1_UNROLL=1 -DSTAGGER_CYCLES=100 -DSUB_MMA_UNROLL=1
5,4,3,0,32,100,2,0,1,6,1,0,1,0,0,0,0,32,0,215,0,225.0,3.361,1303.01,OK,-DINTERLEAVE_STRATEGY=3 -DK_LOOP_UNROLL=6 -DN_STAGES=5 -DSNAKE_ORDER=0 -DSTAGGER_CYCLES=100 -DW0_LOOP_UNROLL=1
5,4,3,0,32,100,1,1,1,8,4,0,1,0,0,0,0,32,0,172,0,225.0,3.361,1303.01,OK,-DINTERLEAVE_STRATEGY=3 -DK_LOOP_UNROLL=8 -DN_STAGES=5 -DPHASE1_UNROLL=1 -DSTAGGER_CYCLES=100 -DW0_LOOP_UNROLL=4
5,4,3,0,32,40,1,1,1,5,1,3,1,0,0,0,0,32,0,221,0,225.0,3.362,1302.86,OK,-DINTERLEAVE_STRATEGY=3 -DN_STAGES=5 -DPHASE1_UNROLL=1 -DSTAGGER_CYCLES=40 -DSUB_MMA_UNROLL=3 -DW0_LOOP_UNROLL=1
5,4,3,0,32,100,2,0,1,1,1,0,1,0,0,0,0,32,0,195,0,225.0,3.362,1302.89,OK,-DINTERLEAVE_STRATEGY=3 -DK_LOOP_UNROLL=1 -DN_STAGES=5 -DSNAKE_ORDER=0 -DSTAGGER_CYCLES=100 -DW0_LOOP_UNROLL=1
5,4,3,0,32,100,4,0,1,6,0,1,1,0,0,0,0,32,0,229,0,225.0,3.362,1302.97,OK,-DINTERLEAVE_STRATEGY=3 -DK_LOOP_UNROLL=6 -DN_STAGES=5 -DPHASE1_UNROLL=4 -DSNAKE_ORDER=0 -DSTAGGER_CYCLES=100 -DSUB_MMA_UNROLL=1
5,4,3,0,32,100,2,0,1,8,1,3,1,0,0,0,0,32,0,215,0,225.0,3.362,1302.66,OK,-DINTERLEAVE_STRATEGY=3 -DK_LOOP_UNROLL=8 -DN_STAGES=5 -DSNAKE_ORDER=0 -DSTAGGER_CYCLES=100 -DSUB_MMA_UNROLL=3 -DW0_LOOP_UNROLL=1
5,4,3,0,32,100,4,0,1,8,0,1,1,0,0,0,0,32,0,229,0,225.0,3.363,1302.33,OK,-DINTERLEAVE_STRATEGY=3 -DK_LOOP_UNROLL=8 -DN_STAGES=5 -DPHASE1_UNROLL=4 -DSNAKE_ORDER=0 -DSTAGGER_CYCLES=100 -DSUB_MMA_UNROLL=1
5,4,3,0,32,40,1,1,1,5,4,0,1,0,0,0,0,32,0,221,0,225.0,3.364,1301.91,OK,-DINTERLEAVE_STRATEGY=3 -DN_STAGES=5 -DPHASE1_UNROLL=1 -DSTAGGER_CYCLES=40 -DW0_LOOP_UNROLL=4
5,4,3,0,32,100,2,0,1,8,1,0,1,0,0,0,0,32,0,215,0,225.0,3.364,1301.86,OK,-DINTERLEAVE_STRATEGY=3 -DK_LOOP_UNROLL=8 -DN_STAGES=5 -DSNAKE_ORDER=0 -DSTAGGER_CYCLES=100 -DW0_LOOP_UNROLL=1
5,4,3,0,32,100,4,0,1,2,0,0,1,0,0,0,0,32,0,224,0,225.0,3.365,1301.68,OK,-DINTERLEAVE_STRATEGY=3 -DK_LOOP_UNROLL=2 -DN_STAGES=5 -DPHASE1_UNROLL=4 -DSNAKE_ORDER=0 -DSTAGGER_CYCLES=100
5,4,3,0,32,100,4,0,1,2,0,3,1,0,0,0,0,32,0,224,0,225.0,3.365,1301.48,OK,-DINTERLEAVE_STRATEGY=3 -DK_LOOP_UNROLL=2 -DN_STAGES=5 -DPHASE1_UNROLL=4 -DSNAKE_ORDER=0 -DSTAGGER_CYCLES=100 -DSUB_MMA_UNROLL=3
5,4,3,0,32,40,4,0,1,2,0,3,1,0,0,0,0,32,0,224,0,225.0,3.366,1301.27,OK,-DINTERLEAVE_STRATEGY=3 -DK_LOOP_UNROLL=2 -DN_STAGES=5 -DPHASE1_UNROLL=4 -DSNAKE_ORDER=0 -DSTAGGER_CYCLES=40 -DSUB_MMA_UNROLL=3
5,4,3,0,32,100,1,1,1,5,4,0,1,0,0,0,0,32,0,221,0,225.0,3.366,1301.09,OK,-DINTERLEAVE_STRATEGY=3 -DN_STAGES=5 -DPHASE1_UNROLL=1 -DSTAGGER_CYCLES=100 -DW0_LOOP_UNROLL=4
5,4,3,0,32,100,4,0,1,5,0,1,1,0,0,0,0,32,0,229,0,225.0,3.366,1301.31,OK,-DINTERLEAVE_STRATEGY=3 -DN_STAGES=5 -DPHASE1_UNROLL=4 -DSNAKE_ORDER=0 -DSTAGGER_CYCLES=100 -DSUB_MMA_UNROLL=1
5,4,3,0,32,100,1,1,1,8,1,0,1,0,0,0,0,32,0,172,0,225.0,3.366,1301.17,OK,-DINTERLEAVE_STRATEGY=3 -DK_LOOP_UNROLL=8 -DN_STAGES=5 -DPHASE1_UNROLL=1 -DSTAGGER_CYCLES=100 -DW0_LOOP_UNROLL=1
5,4,3,0,32,100,2,0,1,1,1,3,1,0,0,0,0,32,0,195,0,225.0,3.367,1300.73,OK,-DINTERLEAVE_STRATEGY=3 -DK_LOOP_UNROLL=1 -DN_STAGES=5 -DSNAKE_ORDER=0 -DSTAGGER_CYCLES=100 -DSUB_MMA_UNROLL=3 -DW0_LOOP_UNROLL=1
5,4,3,0,32,40,4,0,1,1,0,0,1,0,0,0,0,32,0,224,0,225.0,3.368,1300.45,OK,-DINTERLEAVE_STRATEGY=3 -DK_LOOP_UNROLL=1 -DN_STAGES=5 -DPHASE1_UNROLL=4 -DSNAKE_ORDER=0 -DSTAGGER_CYCLES=40
5,4,3,0,32,100,4,0,1,1,0,0,1,0,0,0,0,32,0,224,0,225.0,3.368,1300.44,OK,-DINTERLEAVE_STRATEGY=3 -DK_LOOP_UNROLL=1 -DN_STAGES=5 -DPHASE1_UNROLL=4 -DSNAKE_ORDER=0 -DSTAGGER_CYCLES=100
5,4,3,0,32,100,1,1,1,8,0,3,1,0,0,0,0,32,0,191,0,225.0,3.368,1300.3,OK,-DINTERLEAVE_STRATEGY=3 -DK_LOOP_UNROLL=8 -DN_STAGES=5 -DPHASE1_UNROLL=1 -DSTAGGER_CYCLES=100 -DSUB_MMA_UNROLL=3
5,4,3,1,32,0,2,0,1,1,4,0,1,0,0,0,0,32,0,198,0,225.0,3.369,1300.21,OK,-DINTERLEAVE_STRATEGY=3 -DK_LOOP_UNROLL=1 -DMBAR_EARLY=1 -DN_STAGES=5 -DSNAKE_ORDER=0 -DSTAGGER_CYCLES=0 -DW0_LOOP_UNROLL=4
5,4,3,0,32,100,1,1,1,8,0,1,1,0,0,0,0,32,0,183,0,225.0,3.369,1300.25,OK,-DINTERLEAVE_STRATEGY=3 -DK_LOOP_UNROLL=8 -DN_STAGES=5 -DPHASE1_UNROLL=1 -DSTAGGER_CYCLES=100 -DSUB_MMA_UNROLL=1
5,4,3,0,32,100,4,0,1,1,0,3,1,0,0,0,0,32,0,224,0,225.0,3.37,1299.88,OK,-DINTERLEAVE_STRATEGY=3 -DK_LOOP_UNROLL=1 -DN_STAGES=5 -DPHASE1_UNROLL=4 -DSNAKE_ORDER=0 -DSTAGGER_CYCLES=100 -DSUB_MMA_UNROLL=3
5,4,3,1,32,0,2,0,1,1,4,3,1,0,0,0,0,32,0,198,0,225.0,3.371,1299.26,OK,-DINTERLEAVE_STRATEGY=3 -DK_LOOP_UNROLL=1 -DMBAR_EARLY=1 -DN_STAGES=5 -DSNAKE_ORDER=0 -DSTAGGER_CYCLES=0 -DSUB_MMA_UNROLL=3 -DW0_LOOP_UNROLL=4
5,4,3,0,32,40,4,0,1,1,0,3,1,0,0,0,0,32,0,224,0,225.0,3.371,1299.52,OK,-DINTERLEAVE_STRATEGY=3 -DK_LOOP_UNROLL=1 -DN_STAGES=5 -DPHASE1_UNROLL=4 -DSNAKE_ORDER=0 -DSTAGGER_CYCLES=40 -DSUB_MMA_UNROLL=3
5,4,3,0,32,40,4,0,1,2,0,0,1,0,0,0,0,32,0,224,0,225.0,3.371,1299.4,OK,-DINTERLEAVE_STRATEGY=3 -DK_LOOP_UNROLL=2 -DN_STAGES=5 -DPHASE1_UNROLL=4 -DSNAKE_ORDER=0 -DSTAGGER_CYCLES=40
5,4,3,0,32,100,1,1,1,5,0,1,1,0,0,0,0,32,0,183,0,225.0,3.372,1299.12,OK,-DINTERLEAVE_STRATEGY=3 -DN_STAGES=5 -DPHASE1_UNROLL=1 -DSTAGGER_CYCLES=100 -DSUB_MMA_UNROLL=1
5,4,3,1,32,0,2,0,1,2,4,3,1,0,0,0,0,32,0,198,0,225.0,3.374,1298.15,OK,-DINTERLEAVE_STRATEGY=3 -DK_LOOP_UNROLL=2 -DMBAR_EARLY=1 -DN_STAGES=5 -DSNAKE_ORDER=0 -DSTAGGER_CYCLES=0 -DSUB_MMA_UNROLL=3 -DW0_LOOP_UNROLL=4
5,4,3,0,32,40,2,0,1,2,4,1,1,0,0,0,0,32,0,186,0,225.0,3.375,1297.84,OK,-DINTERLEAVE_STRATEGY=3 -DK_LOOP_UNROLL=2 -DN_STAGES=5 -DSNAKE_ORDER=0 -DSTAGGER_CYCLES=40 -DSUB_MMA_UNROLL=1 -DW0_LOOP_UNROLL=4
5,4,3,0,32,100,2,0,1,5,0,3,1,0,0,0,0,32,0,240,0,225.0,3.376,1297.37,OK,-DINTERLEAVE_STRATEGY=3 -DN_STAGES=5 -DSNAKE_ORDER=0 -DSTAGGER_CYCLES=100 -DSUB_MMA_UNROLL=3
5,4,3,1,32,0,2,0,1,2,4,0,1,0,0,0,0,32,0,198,0,225.0,3.377,1297.07,OK,-DINTERLEAVE_STRATEGY=3 -DK_LOOP_UNROLL=2 -DMBAR_EARLY=1 -DN_STAGES=5 -DSNAKE_ORDER=0 -DSTAGGER_CYCLES=0 -DW0_LOOP_UNROLL=4
5,4,3,0,32,40,2,0,1,6,1,1,1,0,0,0,0,32,0,207,0,225.0,3.379,1296.16,OK,-DINTERLEAVE_STRATEGY=3 -DK_LOOP_UNROLL=6 -DN_STAGES=5 -DSNAKE_ORDER=0 -DSTAGGER_CYCLES=40 -DSUB_MMA_UNROLL=1 -DW0_LOOP_UNROLL=1
5,4,3,0,32,100,2,0,1,2,4,0,1,0,0,0,0,32,0,195,0,225.0,3.381,1295.48,OK,-DINTERLEAVE_STRATEGY=3 -DK_LOOP_UNROLL=2 -DN_STAGES=5 -DSNAKE_ORDER=0 -DSTAGGER_CYCLES=100 -DW0_LOOP_UNROLL=4
5,4,3,0,32,100,2,0,1,5,0,0,1,0,0,0,0,32,0,240,0,225.0,3.381,1295.48,OK,-DINTERLEAVE_STRATEGY=3 -DN_STAGES=5 -DSNAKE_ORDER=0 -DSTAGGER_CYCLES=100
5,4,3,0,32,40,2,0,1,5,1,1,1,0,0,0,0,32,0,207,0,225.0,3.383,1294.89,OK,-DINTERLEAVE_STRATEGY=3 -DN_STAGES=5 -DSNAKE_ORDER=0 -DSTAGGER_CYCLES=40 -DSUB_MMA_UNROLL=1 -DW0_LOOP_UNROLL=1
5,4,3,0,32,40,2,0,1,8,1,1,1,0,0,0,0,32,0,207,0,225.0,3.385,1293.82,OK,-DINTERLEAVE_STRATEGY=3 -DK_LOOP_UNROLL=8 -DN_STAGES=5 -DSNAKE_ORDER=0 -DSTAGGER_CYCLES=40 -DSUB_MMA_UNROLL=1 -DW0_LOOP_UNROLL=1
5,4,3,0,32,100,2,0,1,6,0,3,1,0,0,0,0,32,0,233,0,225.0,3.386,1293.53,OK,-DINTERLEAVE_STRATEGY=3 -DK_LOOP_UNROLL=6 -DN_STAGES=5 -DSNAKE_ORDER=0 -DSTAGGER_CYCLES=100 -DSUB_MMA_UNROLL=3
5,4,3,0,32,40,1,1,1,6,0,1,1,0,0,0,0,32,0,183,0,225.0,3.387,1293.2,OK,-DINTERLEAVE_STRATEGY=3 -DK_LOOP_UNROLL=6 -DN_STAGES=5 -DPHASE1_UNROLL=1 -DSTAGGER_CYCLES=40 -DSUB_MMA_UNROLL=1
5,4,3,0,32,100,2,0,1,1,0,1,1,0,0,0,0,32,0,210,0,225.0,3.388,1292.94,OK,-DINTERLEAVE_STRATEGY=3 -DK_LOOP_UNROLL=1 -DN_STAGES=5 -DSNAKE_ORDER=0 -DSTAGGER_CYCLES=100 -DSUB_MMA_UNROLL=1
5,4,3,0,32,100,2,0,1,2,4,3,1,0,0,0,0,32,0,195,0,225.0,3.389,1292.62,OK,-DINTERLEAVE_STRATEGY=3 -DK_LOOP_UNROLL=2 -DN_STAGES=5 -DSNAKE_ORDER=0 -DSTAGGER_CYCLES=100 -DSUB_MMA_UNROLL=3 -DW0_LOOP_UNROLL=4
5,4,3,0,32,100,2,0,1,1,4,3,1,0,0,0,0,32,0,195,0,225.0,3.39,1291.94,OK,-DINTERLEAVE_STRATEGY=3 -DK_LOOP_UNROLL=1 -DN_STAGES=5 -DSNAKE_ORDER=0 -DSTAGGER_CYCLES=100 -DSUB_MMA_UNROLL=3 -DW0_LOOP_UNROLL=4
5,4,3,0,32,100,2,0,1,6,0,0,1,0,0,0,0,32,0,233,0,225.0,3.39,1292.23,OK,-DINTERLEAVE_STRATEGY=3 -DK_LOOP_UNROLL=6 -DN_STAGES=5 -DSNAKE_ORDER=0 -DSTAGGER_CYCLES=100
5,4,3,0,32,100,2,0,1,1,4,0,1,0,0,0,0,32,0,195,0,225.0,3.391,1291.56,OK,-DINTERLEAVE_STRATEGY=3 -DK_LOOP_UNROLL=1 -DN_STAGES=5 -DSNAKE_ORDER=0 -DSTAGGER_CYCLES=100 -DW0_LOOP_UNROLL=4
5,4,3,0,32,100,2,0,1,1,0,0,1,0,0,0,0,32,0,219,0,225.0,3.393,1290.79,OK,-DINTERLEAVE_STRATEGY=3 -DK_LOOP_UNROLL=1 -DN_STAGES=5 -DSNAKE_ORDER=0 -DSTAGGER_CYCLES=100
5,4,3,0,32,100,2,0,1,1,0,3,1,0,0,0,0,32,0,219,0,225.0,3.393,1290.87,OK,-DINTERLEAVE_STRATEGY=3 -DK_LOOP_UNROLL=1 -DN_STAGES=5 -DSNAKE_ORDER=0 -DSTAGGER_CYCLES=100 -DSUB_MMA_UNROLL=3
5,4,3,0,32,40,4,0,1,2,0,1,1,0,0,0,0,32,0,214,0,225.0,3.394,1290.68,OK,-DINTERLEAVE_STRATEGY=3 -DK_LOOP_UNROLL=2 -DN_STAGES=5 -DPHASE1_UNROLL=4 -DSNAKE_ORDER=0 -DSTAGGER_CYCLES=40 -DSUB_MMA_UNROLL=1
5,4,3,0,32,100,2,0,1,2,0,3,1,0,0,0,0,32,0,219,0,225.0,3.394,1290.57,OK,-DINTERLEAVE_STRATEGY=3 -DK_LOOP_UNROLL=2 -DN_STAGES=5 -DSNAKE_ORDER=0 -DSTAGGER_CYCLES=100 -DSUB_MMA_UNROLL=3
5,4,3,0,32,100,2,0,1,8,0,3,1,0,0,0,0,32,0,233,0,225.0,3.394,1290.66,OK,-DINTERLEAVE_STRATEGY=3 -DK_LOOP_UNROLL=8 -DN_STAGES=5 -DSNAKE_ORDER=0 -DSTAGGER_CYCLES=100 -DSUB_MMA_UNROLL=3
5,4,3,0,32,100,2,0,1,2,0,0,1,0,0,0,0,32,0,219,0,225.0,3.395,1290.09,OK,-DINTERLEAVE_STRATEGY=3 -DK_LOOP_UNROLL=2 -DN_STAGES=5 -DSNAKE_ORDER=0 -DSTAGGER_CYCLES=100
5,4,3,0,32,100,2,0,1,8,0,0,1,0,0,0,0,32,0,233,0,225.0,3.395,1289.98,OK,-DINTERLEAVE_STRATEGY=3 -DK_LOOP_UNROLL=8 -DN_STAGES=5 -DSNAKE_ORDER=0 -DSTAGGER_CYCLES=100
5,4,3,0,32,100,4,0,1,2,0,1,1,0,0,0,0,32,0,214,0,225.0,3.398,1288.91,OK,-DINTERLEAVE_STRATEGY=3 -DK_LOOP_UNROLL=2 -DN_STAGES=5 -DPHASE1_UNROLL=4 -DSNAKE_ORDER=0 -DSTAGGER_CYCLES=100 -DSUB_MMA_UNROLL=1
5,4,3,0,32,40,2,0,1,8,1,0,1,0,0,0,0,32,0,215,0,225.0,3.399,1288.45,OK,-DINTERLEAVE_STRATEGY=3 -DK_LOOP_UNROLL=8 -DN_STAGES=5 -DSNAKE_ORDER=0 -DSTAGGER_CYCLES=40 -DW0_LOOP_UNROLL=1
5,4,3,0,32,100,2,0,1,6,4,1,1,0,0,0,0,32,0,207,0,225.0,3.399,1288.79,OK,-DINTERLEAVE_STRATEGY=3 -DK_LOOP_UNROLL=6 -DN_STAGES=5 -DSNAKE_ORDER=0 -DSTAGGER_CYCLES=100 -DSUB_MMA_UNROLL=1 -DW0_LOOP_UNROLL=4
5,4,3,0,32,100,2,0,1,8,4,1,1,0,0,0,0,32,0,207,0,225.0,3.4,1288.4,OK,-DINTERLEAVE_STRATEGY=3 -DK_LOOP_UNROLL=8 -DN_STAGES=5 -DSNAKE_ORDER=0 -DSTAGGER_CYCLES=100 -DSUB_MMA_UNROLL=1 -DW0_LOOP_UNROLL=4
5,4,3,0,32,40,2,0,1,8,1,3,1,0,0,0,0,32,0,215,0,225.0,3.401,1287.94,OK,-DINTERLEAVE_STRATEGY=3 -DK_LOOP_UNROLL=8 -DN_STAGES=5 -DSNAKE_ORDER=0 -DSTAGGER_CYCLES=40 -DSUB_MMA_UNROLL=3 -DW0_LOOP_UNROLL=1
5,4,3,0,32,100,2,0,1,5,4,1,1,0,0,0,0,32,0,207,0,225.0,3.404,1286.89,OK,-DINTERLEAVE_STRATEGY=3 -DN_STAGES=5 -DSNAKE_ORDER=0 -DSTAGGER_CYCLES=100 -DSUB_MMA_UNROLL=1 -DW0_LOOP_UNROLL=4
5,4,3,0,32,40,2,0,1,6,1,0,1,0,0,0,0,32,0,215,0,225.0,3.405,1286.44,OK,-DINTERLEAVE_STRATEGY=3 -DK_LOOP_UNROLL=6 -DN_STAGES=5 -DSNAKE_ORDER=0 -DSTAGGER_CYCLES=40 -DW0_LOOP_UNROLL=1
5,4,3,0,32,100,2,0,1,6,4,0,1,0,0,0,0,32,0,215,0,225.0,3.405,1286.39,OK,-DINTERLEAVE_STRATEGY=3 -DK_LOOP_UNROLL=6 -DN_STAGES=5 -DSNAKE_ORDER=0 -DSTAGGER_CYCLES=100 -DW0_LOOP_UNROLL=4
5,4,3,0,32,100,2,0,1,6,4,3,1,0,0,0,0,32,0,215,0,225.0,3.405,1286.38,OK,-DINTERLEAVE_STRATEGY=3 -DK_LOOP_UNROLL=6 -DN_STAGES=5 -DSNAKE_ORDER=0 -DSTAGGER_CYCLES=100 -DSUB_MMA_UNROLL=3 -DW0_LOOP_UNROLL=4
5,4,3,0,32,40,2,0,1,1,1,0,1,0,0,0,0,32,0,195,0,225.0,3.407,1285.7,OK,-DINTERLEAVE_STRATEGY=3 -DK_LOOP_UNROLL=1 -DN_STAGES=5 -DSNAKE_ORDER=0 -DSTAGGER_CYCLES=40 -DW0_LOOP_UNROLL=1
5,4,3,0,32,100,2,0,1,2,0,1,1,0,0,0,0,32,0,210,0,225.0,3.407,1285.46,OK,-DINTERLEAVE_STRATEGY=3 -DK_LOOP_UNROLL=2 -DN_STAGES=5 -DSNAKE_ORDER=0 -DSTAGGER_CYCLES=100 -DSUB_MMA_UNROLL=1
5,4,3,0,32,100,2,0,1,8,4,3,1,0,0,0,0,32,0,215,0,225.0,3.407,1285.7,OK,-DINTERLEAVE_STRATEGY=3 -DK_LOOP_UNROLL=8 -DN_STAGES=5 -DSNAKE_ORDER=0 -DSTAGGER_CYCLES=100 -DSUB_MMA_UNROLL=3 -DW0_LOOP_UNROLL=4
5,4,3,0,32,40,2,0,1,6,1,3,1,0,0,0,0,32,0,215,0,225.0,3.408,1285.26,OK,-DINTERLEAVE_STRATEGY=3 -DK_LOOP_UNROLL=6 -DN_STAGES=5 -DSNAKE_ORDER=0 -DSTAGGER_CYCLES=40 -DSUB_MMA_UNROLL=3 -DW0_LOOP_UNROLL=1
5,4,3,0,32,40,2,0,1,1,1,3,1,0,0,0,0,32,0,195,0,225.0,3.41,1284.44,OK,-DINTERLEAVE_STRATEGY=3 -DK_LOOP_UNROLL=1 -DN_STAGES=5 -DSNAKE_ORDER=0 -DSTAGGER_CYCLES=40 -DSUB_MMA_UNROLL=3 -DW0_LOOP_UNROLL=1
5,4,3,0,32,100,2,0,1,8,4,0,1,0,0,0,0,32,0,215,0,225.0,3.41,1284.62,OK,-DINTERLEAVE_STRATEGY=3 -DK_LOOP_UNROLL=8 -DN_STAGES=5 -DSNAKE_ORDER=0 -DSTAGGER_CYCLES=100 -DW0_LOOP_UNROLL=4
5,4,3,0,32,40,2,0,1,2,1,0,1,0,0,0,0,32,0,195,0,225.0,3.414,1283.05,OK,-DINTERLEAVE_STRATEGY=3 -DK_LOOP_UNROLL=2 -DN_STAGES=5 -DSNAKE_ORDER=0 -DSTAGGER_CYCLES=40 -DW0_LOOP_UNROLL=1
5,4,3,0,32,40,2,0,1,2,1,3,1,0,0,0,0,32,0,195,0,225.0,3.415,1282.63,OK,-DINTERLEAVE_STRATEGY=3 -DK_LOOP_UNROLL=2 -DN_STAGES=5 -DSNAKE_ORDER=0 -DSTAGGER_CYCLES=40 -DSUB_MMA_UNROLL=3 -DW0_LOOP_UNROLL=1
5,4,3,0,32,40,2,0,1,2,4,0,1,0,0,0,0,32,0,195,0,225.0,3.429,1277.21,OK,-DINTERLEAVE_STRATEGY=3 -DK_LOOP_UNROLL=2 -DN_STAGES=5 -DSNAKE_ORDER=0 -DSTAGGER_CYCLES=40 -DW0_LOOP_UNROLL=4
5,4,3,0,32,40,2,0,1,1,4,0,1,0,0,0,0,32,0,195,0,225.0,3.432,1276.16,OK,-DINTERLEAVE_STRATEGY=3 -DK_LOOP_UNROLL=1 -DN_STAGES=5 -DSNAKE_ORDER=0 -DSTAGGER_CYCLES=40 -DW0_LOOP_UNROLL=4
5,4,3,0,32,40,2,0,1,1,4,3,1,0,0,0,0,32,0,195,0,225.0,3.433,1275.73,OK,-DINTERLEAVE_STRATEGY=3 -DK_LOOP_UNROLL=1 -DN_STAGES=5 -DSNAKE_ORDER=0 -DSTAGGER_CYCLES=40 -DSUB_MMA_UNROLL=3 -DW0_LOOP_UNROLL=4
5,4,3,0,32,40,2,0,1,2,4,3,1,0,0,0,0,32,0,195,0,225.0,3.436,1274.7,OK,-DINTERLEAVE_STRATEGY=3 -DK_LOOP_UNROLL=2 -DN_STAGES=5 -DSNAKE_ORDER=0 -DSTAGGER_CYCLES=40 -DSUB_MMA_UNROLL=3 -DW0_LOOP_UNROLL=4
5,4,3,0,32,40,2,0,1,6,0,0,1,0,0,0,0,32,0,233,0,225.0,3.437,1274.34,OK,-DINTERLEAVE_STRATEGY=3 -DK_LOOP_UNROLL=6 -DN_STAGES=5 -DSNAKE_ORDER=0 -DSTAGGER_CYCLES=40
5,4,3,0,32,40,2,0,1,8,0,3,1,0,0,0,0,32,0,233,0,225.0,3.441,1272.8,OK,-DINTERLEAVE_STRATEGY=3 -DK_LOOP_UNROLL=8 -DN_STAGES=5 -DSNAKE_ORDER=0 -DSTAGGER_CYCLES=40 -DSUB_MMA_UNROLL=3
5,4,3,0,32,40,2,0,1,1,0,0,1,0,0,0,0,32,0,219,0,225.0,3.442,1272.57,OK,-DINTERLEAVE_STRATEGY=3 -DK_LOOP_UNROLL=1 -DN_STAGES=5 -DSNAKE_ORDER=0 -DSTAGGER_CYCLES=40
5,4,3,0,32,40,2,0,1,1,0,1,1,0,0,0,0,32,0,210,0,225.0,3.442,1272.43,OK,-DINTERLEAVE_STRATEGY=3 -DK_LOOP_UNROLL=1 -DN_STAGES=5 -DSNAKE_ORDER=0 -DSTAGGER_CYCLES=40 -DSUB_MMA_UNROLL=1
5,4,3,0,32,40,2,0,1,2,0,3,1,0,0,0,0,32,0,219,0,225.0,3.443,1272.16,OK,-DINTERLEAVE_STRATEGY=3 -DK_LOOP_UNROLL=2 -DN_STAGES=5 -DSNAKE_ORDER=0 -DSTAGGER_CYCLES=40 -DSUB_MMA_UNROLL=3
5,4,3,0,32,40,2,0,1,6,0,3,1,0,0,0,0,32,0,233,0,225.0,3.443,1272.34,OK,-DINTERLEAVE_STRATEGY=3 -DK_LOOP_UNROLL=6 -DN_STAGES=5 -DSNAKE_ORDER=0 -DSTAGGER_CYCLES=40 -DSUB_MMA_UNROLL=3
5,4,3,0,32,40,2,0,1,1,0,3,1,0,0,0,0,32,0,219,0,225.0,3.444,1271.72,OK,-DINTERLEAVE_STRATEGY=3 -DK_LOOP_UNROLL=1 -DN_STAGES=5 -DSNAKE_ORDER=0 -DSTAGGER_CYCLES=40 -DSUB_MMA_UNROLL=3
5,4,3,0,32,40,2,0,1,6,4,1,1,0,0,0,0,32,0,207,0,225.0,3.448,1270.18,OK,-DINTERLEAVE_STRATEGY=3 -DK_LOOP_UNROLL=6 -DN_STAGES=5 -DSNAKE_ORDER=0 -DSTAGGER_CYCLES=40 -DSUB_MMA_UNROLL=1 -DW0_LOOP_UNROLL=4
5,4,3,0,32,40,2,0,1,8,0,0,1,0,0,0,0,32,0,233,0,225.0,3.448,1270.36,OK,-DINTERLEAVE_STRATEGY=3 -DK_LOOP_UNROLL=8 -DN_STAGES=5 -DSNAKE_ORDER=0 -DSTAGGER_CYCLES=40
5,4,3,0,32,40,2,0,1,8,4,1,1,0,0,0,0,32,0,207,0,225.0,3.45,1269.6,OK,-DINTERLEAVE_STRATEGY=3 -DK_LOOP_UNROLL=8 -DN_STAGES=5 -DSNAKE_ORDER=0 -DSTAGGER_CYCLES=40 -DSUB_MMA_UNROLL=1 -DW0_LOOP_UNROLL=4
5,4,3,0,32,40,2,0,1,2,0,0,1,0,0,0,0,32,0,219,0,225.0,3.452,1268.88,OK,-DINTERLEAVE_STRATEGY=3 -DK_LOOP_UNROLL=2 -DN_STAGES=5 -DSNAKE_ORDER=0 -DSTAGGER_CYCLES=40
5,4,3,0,32,40,2,0,1,5,4,1,1,0,0,0,0,32,0,207,0,225.0,3.455,1267.8,OK,-DINTERLEAVE_STRATEGY=3 -DN_STAGES=5 -DSNAKE_ORDER=0 -DSTAGGER_CYCLES=40 -DSUB_MMA_UNROLL=1 -DW0_LOOP_UNROLL=4
5,4,3,0,32,40,2,0,1,2,0,1,1,0,0,0,0,32,0,210,0,225.0,3.456,1267.47,OK,-DINTERLEAVE_STRATEGY=3 -DK_LOOP_UNROLL=2 -DN_STAGES=5 -DSNAKE_ORDER=0 -DSTAGGER_CYCLES=40 -DSUB_MMA_UNROLL=1
5,4,3,0,32,40,2,0,1,8,4,0,1,0,0,0,0,32,0,215,0,225.0,3.459,1266.38,OK,-DINTERLEAVE_STRATEGY=3 -DK_LOOP_UNROLL=8 -DN_STAGES=5 -DSNAKE_ORDER=0 -DSTAGGER_CYCLES=40 -DW0_LOOP_UNROLL=4
5,4,3,0,32,40,2,0,1,6,4,0,1,0,0,0,0,32,0,215,0,225.0,3.461,1265.4,OK,-DINTERLEAVE_STRATEGY=3 -DK_LOOP_UNROLL=6 -DN_STAGES=5 -DSNAKE_ORDER=0 -DSTAGGER_CYCLES=40 -DW0_LOOP_UNROLL=4
5,4,3,0,32,40,2,0,1,8,4,3,1,0,0,0,0,32,0,215,0,225.0,3.461,1265.58,OK,-DINTERLEAVE_STRATEGY=3 -DK_LOOP_UNROLL=8 -DN_STAGES=5 -DSNAKE_ORDER=0 -DSTAGGER_CYCLES=40 -DSUB_MMA_UNROLL=3 -DW0_LOOP_UNROLL=4
5,4,3,0,32,40,2,0,1,6,4,3,1,0,0,0,0,32,0,215,0,225.0,3.462,1265.24,OK,-DINTERLEAVE_STRATEGY=3 -DK_LOOP_UNROLL=6 -DN_STAGES=5 -DSNAKE_ORDER=0 -DSTAGGER_CYCLES=40 -DSUB_MMA_UNROLL=3 -DW0_LOOP_UNROLL=4
5,4,1,1,32,0,1,1,1,5,0,3,1,0,4,0,0,32,1,236,0,225.0,3.482,1257.97,OK,-DGELU_VARIANT=4 -DK_LOOP_UNROLL=5 -DMBAR_EARLY=1 -DN_STAGES=5 -DPHASE1_UNROLL=1 -DSTAGGER_CYCLES=0 -DSTORE_TIMING=1 -DSUB_MMA_UNROLL=3
5,4,3,0,32,100,2,0,1,6,0,1,1,0,0,0,0,32,0,225,0,225.0,3.615,1211.72,OK,-DINTERLEAVE_STRATEGY=3 -DK_LOOP_UNROLL=6 -DN_STAGES=5 -DSNAKE_ORDER=0 -DSTAGGER_CYCLES=100 -DSUB_MMA_UNROLL=1
5,4,3,0,32,100,2,0,1,5,0,1,1,0,0,0,0,32,0,225,0,225.0,3.618,1210.62,OK,-DINTERLEAVE_STRATEGY=3 -DN_STAGES=5 -DSNAKE_ORDER=0 -DSTAGGER_CYCLES=100 -DSUB_MMA_UNROLL=1
5,4,3,0,32,100,2,0,1,8,0,1,1,0,0,0,0,32,0,225,0,225.0,3.618,1210.55,OK,-DINTERLEAVE_STRATEGY=3 -DK_LOOP_UNROLL=8 -DN_STAGES=5 -DSNAKE_ORDER=0 -DSTAGGER_CYCLES=100 -DSUB_MMA_UNROLL=1
5,4,3,0,32,40,2,0,1,8,0,1,1,0,0,0,0,32,0,225,0,225.0,3.692,1186.49,OK,-DINTERLEAVE_STRATEGY=3 -DK_LOOP_UNROLL=8 -DN_STAGES=5 -DSNAKE_ORDER=0 -DSTAGGER_CYCLES=40 -DSUB_MMA_UNROLL=1
5,4,3,0,32,40,2,0,1,6,0,1,1,0,0,0,0,32,0,225,0,225.0,3.693,1186.08,OK,-DINTERLEAVE_STRATEGY=3 -DK_LOOP_UNROLL=6 -DN_STAGES=5 -DSNAKE_ORDER=0 -DSTAGGER_CYCLES=40 -DSUB_MMA_UNROLL=1
5,4,3,0,32,40,2,0,1,5,0,1,1,0,0,0,0,32,0,225,0,225.0,3.699,1183.98,OK,-DINTERLEAVE_STRATEGY=3 -DN_STAGES=5 -DSNAKE_ORDER=0 -DSTAGGER_CYCLES=40 -DSUB_MMA_UNROLL=1
5,4,3,1,32,0,1,0,1,1,1,1,1,0,0,0,0,32,0,142,0,225.0,3.803,1151.63,OK,-DINTERLEAVE_STRATEGY=3 -DK_LOOP_UNROLL=1 -DMBAR_EARLY=1 -DN_STAGES=5 -DPHASE1_UNROLL=1 -DSNAKE_ORDER=0 -DSTAGGER_CYCLES=0 -DSUB_MMA_UNROLL=1 -DW0_LOOP_UNROLL=1
5,4,3,0,32,40,1,0,1,2,1,0,1,0,0,0,0,32,0,154,0,225.0,3.803,1151.83,OK,-DINTERLEAVE_STRATEGY=3 -DK_LOOP_UNROLL=2 -DN_STAGES=5 -DPHASE1_UNROLL=1 -DSNAKE_ORDER=0 -DSTAGGER_CYCLES=40 -DW0_LOOP_UNROLL=1
5,4,3,0,32,40,1,0,1,2,1,3,1,0,0,0,0,32,0,154,0,225.0,3.803,1151.65,OK,-DINTERLEAVE_STRATEGY=3 -DK_LOOP_UNROLL=2 -DN_STAGES=5 -DPHASE1_UNROLL=1 -DSNAKE_ORDER=0 -DSTAGGER_CYCLES=40 -DSUB_MMA_UNROLL=3 -DW0_LOOP_UNROLL=1
5,4,3,1,32,0,1,0,1,2,1,1,1,0,0,0,0,32,0,142,0,225.0,3.805,1151.04,OK,-DINTERLEAVE_STRATEGY=3 -DK_LOOP_UNROLL=2 -DMBAR_EARLY=1 -DN_STAGES=5 -DPHASE1_UNROLL=1 -DSNAKE_ORDER=0 -DSTAGGER_CYCLES=0 -DSUB_MMA_UNROLL=1 -DW0_LOOP_UNROLL=1
5,4,3,0,32,40,1,0,1,1,1,0,1,0,0,0,0,32,0,154,0,225.0,3.813,1148.65,OK,-DINTERLEAVE_STRATEGY=3 -DK_LOOP_UNROLL=1 -DN_STAGES=5 -DPHASE1_UNROLL=1 -DSNAKE_ORDER=0 -DSTAGGER_CYCLES=40 -DW0_LOOP_UNROLL=1
5,4,3,0,32,40,1,0,1,1,1,3,1,0,0,0,0,32,0,154,0,225.0,3.813,1148.66,OK,-DINTERLEAVE_STRATEGY=3 -DK_LOOP_UNROLL=1 -DN_STAGES=5 -DPHASE1_UNROLL=1 -DSNAKE_ORDER=0 -DSTAGGER_CYCLES=40 -DSUB_MMA_UNROLL=3 -DW0_LOOP_UNROLL=1
5,4,3,1,32,0,1,0,1,8,1,1,1,0,0,0,0,32,0,163,0,225.0,3.814,1148.27,OK,-DINTERLEAVE_STRATEGY=3 -DK_LOOP_UNROLL=8 -DMBAR_EARLY=1 -DN_STAGES=5 -DPHASE1_UNROLL=1 -DSNAKE_ORDER=0 -DSTAGGER_CYCLES=0 -DSUB_MMA_UNROLL=1 -DW0_LOOP_UNROLL=1
5,4,3,1,32,0,1,0,1,5,1,1,1,0,0,0,0,32,0,163,0,225.0,3.815,1148.17,OK,-DINTERLEAVE_STRATEGY=3 -DMBAR_EARLY=1 -DN_STAGES=5 -DPHASE1_UNROLL=1 -DSNAKE_ORDER=0 -DSTAGGER_CYCLES=0 -DSUB_MMA_UNROLL=1 -DW0_LOOP_UNROLL=1
5,4,3,1,32,0,1,0,1,1,1,3,1,0,0,0,0,32,0,150,0,225.0,3.816,1147.79,OK,-DINTERLEAVE_STRATEGY=3 -DK_LOOP_UNROLL=1 -DMBAR_EARLY=1 -DN_STAGES=5 -DPHASE1_UNROLL=1 -DSNAKE_ORDER=0 -DSTAGGER_CYCLES=0 -DSUB_MMA_UNROLL=3 -DW0_LOOP_UNROLL=1
5,4,3,1,32,0,1,0,1,1,1,0,1,0,0,0,0,32,0,150,0,225.0,3.817,1147.65,OK,-DINTERLEAVE_STRATEGY=3 -DK_LOOP_UNROLL=1 -DMBAR_EARLY=1 -DN_STAGES=5 -DPHASE1_UNROLL=1 -DSNAKE_ORDER=0 -DSTAGGER_CYCLES=0 -DW0_LOOP_UNROLL=1
5,4,3,1,32,0,1,0,1,6,1,1,1,0,0,0,0,32,0,163,0,225.0,3.817,1147.59,OK,-DINTERLEAVE_STRATEGY=3 -DK_LOOP_UNROLL=6 -DMBAR_EARLY=1 -DN_STAGES=5 -DPHASE1_UNROLL=1 -DSNAKE_ORDER=0 -DSTAGGER_CYCLES=0 -DSUB_MMA_UNROLL=1 -DW0_LOOP_UNROLL=1
5,4,3,0,32,40,1,0,1,2,1,1,1,0,0,0,0,32,0,146,0,225.0,3.817,1147.49,OK,-DINTERLEAVE_STRATEGY=3 -DK_LOOP_UNROLL=2 -DN_STAGES=5 -DPHASE1_UNROLL=1 -DSNAKE_ORDER=0 -DSTAGGER_CYCLES=40 -DSUB_MMA_UNROLL=1 -DW0_LOOP_UNROLL=1
5,4,3,0,32,40,1,0,1,1,1,1,1,0,0,0,0,32,0,146,0,225.0,3.819,1146.87,OK,-DINTERLEAVE_STRATEGY=3 -DK_LOOP_UNROLL=1 -DN_STAGES=5 -DPHASE1_UNROLL=1 -DSNAKE_ORDER=0 -DSTAGGER_CYCLES=40 -DSUB_MMA_UNROLL=1 -DW0_LOOP_UNROLL=1
5,4,3,0,32,100,1,0,1,2,1,3,1,0,0,0,0,32,0,154,0,225.0,3.819,1146.78,OK,-DINTERLEAVE_STRATEGY=3 -DK_LOOP_UNROLL=2 -DN_STAGES=5 -DPHASE1_UNROLL=1 -DSNAKE_ORDER=0 -DSTAGGER_CYCLES=100 -DSUB_MMA_UNROLL=3 -DW0_LOOP_UNROLL=1
5,4,3,1,32,0,1,0,1,5,0,0,1,0,0,0,0,32,0,238,0,225.0,3.82,1146.55,OK,-DINTERLEAVE_STRATEGY=3 -DMBAR_EARLY=1 -DN_STAGES=5 -DPHASE1_UNROLL=1 -DSNAKE_ORDER=0 -DSTAGGER_CYCLES=0
5,4,3,1,32,0,1,0,1,5,0,3,1,0,0,0,0,32,0,238,0,225.0,3.82,1146.68,OK,-DINTERLEAVE_STRATEGY=3 -DMBAR_EARLY=1 -DN_STAGES=5 -DPHASE1_UNROLL=1 -DSNAKE_ORDER=0 -DSTAGGER_CYCLES=0 -DSUB_MMA_UNROLL=3
5,4,3,0,32,40,1,0,1,2,4,3,1,0,0,0,0,32,0,154,0,225.0,3.821,1146.33,OK,-DINTERLEAVE_STRATEGY=3 -DK_LOOP_UNROLL=2 -DN_STAGES=5 -DPHASE1_UNROLL=1 -DSNAKE_ORDER=0 -DSTAGGER_CYCLES=40 -DSUB_MMA_UNROLL=3 -DW0_LOOP_UNROLL=4
5,4,3,0,32,40,1,0,1,1,4,3,1,0,0,0,0,32,0,154,0,225.0,3.823,1145.84,OK,-DINTERLEAVE_STRATEGY=3 -DK_LOOP_UNROLL=1 -DN_STAGES=5 -DPHASE1_UNROLL=1 -DSNAKE_ORDER=0 -DSTAGGER_CYCLES=40 -DSUB_MMA_UNROLL=3 -DW0_LOOP_UNROLL=4
5,4,3,0,32,40,1,0,1,2,4,0,1,0,0,0,0,32,0,154,0,225.0,3.823,1145.86,OK,-DINTERLEAVE_STRATEGY=3 -DK_LOOP_UNROLL=2 -DN_STAGES=5 -DPHASE1_UNROLL=1 -DSNAKE_ORDER=0 -DSTAGGER_CYCLES=40 -DW0_LOOP_UNROLL=4
5,4,3,0,32,100,1,0,1,2,1,0,1,0,0,0,0,32,0,154,0,225.0,3.823,1145.77,OK,-DINTERLEAVE_STRATEGY=3 -DK_LOOP_UNROLL=2 -DN_STAGES=5 -DPHASE1_UNROLL=1 -DSNAKE_ORDER=0 -DSTAGGER_CYCLES=100 -DW0_LOOP_UNROLL=1
5,4,3,0,32,40,1,0,1,1,4,0,1,0,0,0,0,32,0,154,0,225.0,3.824,1145.29,OK,-DINTERLEAVE_STRATEGY=3 -DK_LOOP_UNROLL=1 -DN_STAGES=5 -DPHASE1_UNROLL=1 -DSNAKE_ORDER=0 -DSTAGGER_CYCLES=40 -DW0_LOOP_UNROLL=4
5,4,3,0,32,100,1,0,1,1,1,0,1,0,0,0,0,32,0,154,0,225.0,3.825,1145.09,OK,-DINTERLEAVE_STRATEGY=3 -DK_LOOP_UNROLL=1 -DN_STAGES=5 -DPHASE1_UNROLL=1 -DSNAKE_ORDER=0 -DSTAGGER_CYCLES=100 -DW0_LOOP_UNROLL=1
5,4,3,0,32,100,1,0,1,1,1,3,1,0,0,0,0,32,0,154,0,225.0,3.828,1144.14,OK,-DINTERLEAVE_STRATEGY=3 -DK_LOOP_UNROLL=1 -DN_STAGES=5 -DPHASE1_UNROLL=1 -DSNAKE_ORDER=0 -DSTAGGER_CYCLES=100 -DSUB_MMA_UNROLL=3 -DW0_LOOP_UNROLL=1
5,4,3,1,32,0,1,0,1,2,1,3,1,0,0,0,0,32,0,150,0,225.0,3.829,1143.8,OK,-DINTERLEAVE_STRATEGY=3 -DK_LOOP_UNROLL=2 -DMBAR_EARLY=1 -DN_STAGES=5 -DPHASE1_UNROLL=1 -DSNAKE_ORDER=0 -DSTAGGER_CYCLES=0 -DSUB_MMA_UNROLL=3 -DW0_LOOP_UNROLL=1
5,4,3,1,32,0,1,0,1,1,4,1,1,0,0,0,0,32,0,142,0,225.0,3.83,1143.71,OK,-DINTERLEAVE_STRATEGY=3 -DK_LOOP_UNROLL=1 -DMBAR_EARLY=1 -DN_STAGES=5 -DPHASE1_UNROLL=1 -DSNAKE_ORDER=0 -DSTAGGER_CYCLES=0 -DSUB_MMA_UNROLL=1 -DW0_LOOP_UNROLL=4
5,4,3,1,32,0,1,0,1,1,4,3,1,0,0,0,0,32,0,150,0,225.0,3.831,1143.45,OK,-DINTERLEAVE_STRATEGY=3 -DK_LOOP_UNROLL=1 -DMBAR_EARLY=1 -DN_STAGES=5 -DPHASE1_UNROLL=1 -DSNAKE_ORDER=0 -DSTAGGER_CYCLES=0 -DSUB_MMA_UNROLL=3 -DW0_LOOP_UNROLL=4
5,4,3,1,32,0,1,0,1,2,4,3,1,0,0,0,0,32,0,150,0,225.0,3.831,1143.41,OK,-DINTERLEAVE_STRATEGY=3 -DK_LOOP_UNROLL=2 -DMBAR_EARLY=1 -DN_STAGES=5 -DPHASE1_UNROLL=1 -DSNAKE_ORDER=0 -DSTAGGER_CYCLES=0 -DSUB_MMA_UNROLL=3 -DW0_LOOP_UNROLL=4
5,4,3,1,32,0,1,0,1,6,4,1,1,0,0,0,0,32,0,163,0,225.0,3.831,1143.24,OK,-DINTERLEAVE_STRATEGY=3 -DK_LOOP_UNROLL=6 -DMBAR_EARLY=1 -DN_STAGES=5 -DPHASE1_UNROLL=1 -DSNAKE_ORDER=0 -DSTAGGER_CYCLES=0 -DSUB_MMA_UNROLL=1 -DW0_LOOP_UNROLL=4
5,4,3,1,32,0,1,0,1,8,4,1,1,0,0,0,0,32,0,163,0,225.0,3.831,1143.32,OK,-DINTERLEAVE_STRATEGY=3 -DK_LOOP_UNROLL=8 -DMBAR_EARLY=1 -DN_STAGES=5 -DPHASE1_UNROLL=1 -DSNAKE_ORDER=0 -DSTAGGER_CYCLES=0 -DSUB_MMA_UNROLL=1 -DW0_LOOP_UNROLL=4
5,4,3,0,32,40,1,0,1,2,4,1,1,0,0,0,0,32,0,146,0,225.0,3.831,1143.43,OK,-DINTERLEAVE_STRATEGY=3 -DK_LOOP_UNROLL=2 -DN_STAGES=5 -DPHASE1_UNROLL=1 -DSNAKE_ORDER=0 -DSTAGGER_CYCLES=40 -DSUB_MMA_UNROLL=1 -DW0_LOOP_UNROLL=4
5,4,3,1,32,0,1,0,1,2,4,0,1,0,0,0,0,32,0,150,0,225.0,3.832,1143.03,OK,-DINTERLEAVE_STRATEGY=3 -DK_LOOP_UNROLL=2 -DMBAR_EARLY=1 -DN_STAGES=5 -DPHASE1_UNROLL=1 -DSNAKE_ORDER=0 -DSTAGGER_CYCLES=0 -DW0_LOOP_UNROLL=4
5,4,3,1,32,0,1,0,1,1,4,0,1,0,0,0,0,32,0,150,0,225.0,3.833,1142.77,OK,-DINTERLEAVE_STRATEGY=3 -DK_LOOP_UNROLL=1 -DMBAR_EARLY=1 -DN_STAGES=5 -DPHASE1_UNROLL=1 -DSNAKE_ORDER=0 -DSTAGGER_CYCLES=0 -DW0_LOOP_UNROLL=4
5,4,3,1,32,0,1,0,1,1,0,1,1,0,0,0,0,32,0,167,0,225.0,3.833,1142.68,OK,-DINTERLEAVE_STRATEGY=3 -DK_LOOP_UNROLL=1 -DMBAR_EARLY=1 -DN_STAGES=5 -DPHASE1_UNROLL=1 -DSNAKE_ORDER=0 -DSTAGGER_CYCLES=0 -DSUB_MMA_UNROLL=1
5,4,3,1,32,0,1,0,1,2,1,0,1,0,0,0,0,32,0,150,0,225.0,3.834,1142.34,OK,-DINTERLEAVE_STRATEGY=3 -DK_LOOP_UNROLL=2 -DMBAR_EARLY=1 -DN_STAGES=5 -DPHASE1_UNROLL=1 -DSNAKE_ORDER=0 -DSTAGGER_CYCLES=0 -DW0_LOOP_UNROLL=1
5,4,3,1,32,0,1,0,1,5,4,1,1,0,0,0,0,32,0,163,0,225.0,3.834,1142.32,OK,-DINTERLEAVE_STRATEGY=3 -DMBAR_EARLY=1 -DN_STAGES=5 -DPHASE1_UNROLL=1 -DSNAKE_ORDER=0 -DSTAGGER_CYCLES=0 -DSUB_MMA_UNROLL=1 -DW0_LOOP_UNROLL=4
5,4,3,0,32,40,1,0,1,6,1,1,1,0,0,0,0,32,0,163,0,225.0,3.834,1142.41,OK,-DINTERLEAVE_STRATEGY=3 -DK_LOOP_UNROLL=6 -DN_STAGES=5 -DPHASE1_UNROLL=1 -DSNAKE_ORDER=0 -DSTAGGER_CYCLES=40 -DSUB_MMA_UNROLL=1 -DW0_LOOP_UNROLL=1
5,4,3,1,32,0,1,0,1,2,0,1,1,0,0,0,0,32,0,167,0,225.0,3.837,1141.47,OK,-DINTERLEAVE_STRATEGY=3 -DK_LOOP_UNROLL=2 -DMBAR_EARLY=1 -DN_STAGES=5 -DPHASE1_UNROLL=1 -DSNAKE_ORDER=0 -DSTAGGER_CYCLES=0 -DSUB_MMA_UNROLL=1
5,4,3,1,32,0,1,0,1,2,0,3,1,0,0,0,0,32,0,175,0,225.0,3.838,1141.3,OK,-DINTERLEAVE_STRATEGY=3 -DK_LOOP_UNROLL=2 -DMBAR_EARLY=1 -DN_STAGES=5 -DPHASE1_UNROLL=1 -DSNAKE_ORDER=0 -DSTAGGER_CYCLES=0 -DSUB_MMA_UNROLL=3
5,4,3,1,32,0,1,0,1,2,0,0,1,0,0,0,0,32,0,175,0,225.0,3.839,1140.83,OK,-DINTERLEAVE_STRATEGY=3 -DK_LOOP_UNROLL=2 -DMBAR_EARLY=1 -DN_STAGES=5 -DPHASE1_UNROLL=1 -DSNAKE_ORDER=0 -DSTAGGER_CYCLES=0
5,4,3,0,32,40,1,0,1,5,1,1,1,0,0,0,0,32,0,163,0,225.0,3.839,1140.86,OK,-DINTERLEAVE_STRATEGY=3 -DN_STAGES=5 -DPHASE1_UNROLL=1 -DSNAKE_ORDER=0 -DSTAGGER_CYCLES=40 -DSUB_MMA_UNROLL=1 -DW0_LOOP_UNROLL=1
5,4,3,0,32,40,1,0,1,8,1,1,1,0,0,0,0,32,0,163,0,225.0,3.839,1140.8,OK,-DINTERLEAVE_STRATEGY=3 -DK_LOOP_UNROLL=8 -DN_STAGES=5 -DPHASE1_UNROLL=1 -DSNAKE_ORDER=0 -DSTAGGER_CYCLES=40 -DSUB_MMA_UNROLL=1 -DW0_LOOP_UNROLL=1
5,4,3,0,32,100,1,0,1,1,4,0,1,0,0,0,0,32,0,154,0,225.0,3.839,1140.82,OK,-DINTERLEAVE_STRATEGY=3 -DK_LOOP_UNROLL=1 -DN_STAGES=5 -DPHASE1_UNROLL=1 -DSNAKE_ORDER=0 -DSTAGGER_CYCLES=100 -DW0_LOOP_UNROLL=4
5,4,3,0,32,100,1,0,1,1,1,1,1,0,0,0,0,32,0,146,0,225.0,3.839,1140.89,OK,-DINTERLEAVE_STRATEGY=3 -DK_LOOP_UNROLL=1 -DN_STAGES=5 -DPHASE1_UNROLL=1 -DSNAKE_ORDER=0 -DSTAGGER_CYCLES=100 -DSUB_MMA_UNROLL=1 -DW0_LOOP_UNROLL=1
5,4,3,0,32,100,1,0,1,2,1,1,1,0,0,0,0,32,0,146,0,225.0,3.841,1140.45,OK,-DINTERLEAVE_STRATEGY=3 -DK_LOOP_UNROLL=2 -DN_STAGES=5 -DPHASE1_UNROLL=1 -DSNAKE_ORDER=0 -DSTAGGER_CYCLES=100 -DSUB_MMA_UNROLL=1 -DW0_LOOP_UNROLL=1
5,4,3,0,32,100,1,0,1,2,4,3,1,0,0,0,0,32,0,154,0,225.0,3.841,1140.25,OK,-DINTERLEAVE_STRATEGY=3 -DK_LOOP_UNROLL=2 -DN_STAGES=5 -DPHASE1_UNROLL=1 -DSNAKE_ORDER=0 -DSTAGGER_CYCLES=100 -DSUB_MMA_UNROLL=3 -DW0_LOOP_UNROLL=4
5,4,3,1,32,0,1,0,1,2,4,1,1,0,0,0,0,32,0,142,0,225.0,3.842,1140.13,OK,-DINTERLEAVE_STRATEGY=3 -DK_LOOP_UNROLL=2 -DMBAR_EARLY=1 -DN_STAGES=5 -DPHASE1_UNROLL=1 -DSNAKE_ORDER=0 -DSTAGGER_CYCLES=0 -DSUB_MMA_UNROLL=1 -DW0_LOOP_UNROLL=4
5,4,3,1,32,0,1,0,1,5,1,0,1,0,0,0,0,32,0,219,0,225.0,3.842,1140.04,OK,-DINTERLEAVE_STRATEGY=3 -DMBAR_EARLY=1 -DN_STAGES=5 -DPHASE1_UNROLL=1 -DSNAKE_ORDER=0 -DSTAGGER_CYCLES=0 -DW0_LOOP_UNROLL=1
5,4,3,0,32,40,1,0,1,1,4,1,1,0,0,0,0,32,0,146,0,225.0,3.842,1140.06,OK,-DINTERLEAVE_STRATEGY=3 -DK_LOOP_UNROLL=1 -DN_STAGES=5 -DPHASE1_UNROLL=1 -DSNAKE_ORDER=0 -DSTAGGER_CYCLES=40 -DSUB_MMA_UNROLL=1 -DW0_LOOP_UNROLL=4
5,4,3,0,32,100,1,0,1,2,4,0,1,0,0,0,0,32,0,154,0,225.0,3.842,1140.17,OK,-DINTERLEAVE_STRATEGY=3 -DK_LOOP_UNROLL=2 -DN_STAGES=5 -DPHASE1_UNROLL=1 -DSNAKE_ORDER=0 -DSTAGGER_CYCLES=100 -DW0_LOOP_UNROLL=4
5,4,3,1,32,0,1,0,1,5,1,3,1,0,0,0,0,32,0,219,0,225.0,3.843,1139.63,OK,-DINTERLEAVE_STRATEGY=3 -DMBAR_EARLY=1 -DN_STAGES=5 -DPHASE1_UNROLL=1 -DSNAKE_ORDER=0 -DSTAGGER_CYCLES=0 -DSUB_MMA_UNROLL=3 -DW0_LOOP_UNROLL=1
5,4,3,0,32,40,1,0,1,1,0,1,1,0,0,0,0,32,0,168,0,225.0,3.843,1139.82,OK,-DINTERLEAVE_STRATEGY=3 -DK_LOOP_UNROLL=1 -DN_STAGES=5 -DPHASE1_UNROLL=1 -DSNAKE_ORDER=0 -DSTAGGER_CYCLES=40 -DSUB_MMA_UNROLL=1
5,4,3,0,32,40,1,0,1,2,0,1,1,0,0,0,0,32,0,168,0,225.0,3.843,1139.8,OK,-DINTERLEAVE_STRATEGY=3 -DK_LOOP_UNROLL=2 -DN_STAGES=5 -DPHASE1_UNROLL=1 -DSNAKE_ORDER=0 -DSTAGGER_CYCLES=40 -DSUB_MMA_UNROLL=1
5,4,3,0,32,100,1,0,1,1,4,3,1,0,0,0,0,32,0,154,0,225.0,3.843,1139.66,OK,-DINTERLEAVE_STRATEGY=3 -DK_LOOP_UNROLL=1 -DN_STAGES=5 -DPHASE1_UNROLL=1 -DSNAKE_ORDER=0 -DSTAGGER_CYCLES=100 -DSUB_MMA_UNROLL=3 -DW0_LOOP_UNROLL=4
5,4,3,1,32,0,1,0,1,1,0,0,1,0,0,0,0,32,0,175,0,225.0,3.845,1139.18,OK,-DINTERLEAVE_STRATEGY=3 -DK_LOOP_UNROLL=1 -DMBAR_EARLY=1 -DN_STAGES=5 -DPHASE1_UNROLL=1 -DSNAKE_ORDER=0 -DSTAGGER_CYCLES=0
5,4,3,1,32,0,1,0,1,1,0,3,1,0,0,0,0,32,0,175,0,225.0,3.845,1139.01,OK,-DINTERLEAVE_STRATEGY=3 -DK_LOOP_UNROLL=1 -DMBAR_EARLY=1 -DN_STAGES=5 -DPHASE1_UNROLL=1 -DSNAKE_ORDER=0 -DSTAGGER_CYCLES=0 -DSUB_MMA_UNROLL=3
5,4,3,1,32,0,1,0,1,6,0,1,1,0,0,0,0,32,0,181,0,225.0,3.845,1139.1,OK,-DINTERLEAVE_STRATEGY=3 -DK_LOOP_UNROLL=6 -DMBAR_EARLY=1 -DN_STAGES=5 -DPHASE1_UNROLL=1 -DSNAKE_ORDER=0 -DSTAGGER_CYCLES=0 -DSUB_MMA_UNROLL=1
5,4,3,1,32,0,1,0,1,5,0,1,1,0,0,0,0,32,0,181,0,225.0,3.846,1138.85,OK,-DINTERLEAVE_STRATEGY=3 -DMBAR_EARLY=1 -DN_STAGES=5 -DPHASE1_UNROLL=1 -DSNAKE_ORDER=0 -DSTAGGER_CYCLES=0 -DSUB_MMA_UNROLL=1
5,4,3,1,32,0,1,0,1,8,0,1,1,0,0,0,0,32,0,181,0,225.0,3.847,1138.67,OK,-DINTERLEAVE_STRATEGY=3 -DK_LOOP_UNROLL=8 -DMBAR_EARLY=1 -DN_STAGES=5 -DPHASE1_UNROLL=1 -DSNAKE_ORDER=0 -DSTAGGER_CYCLES=0 -DSUB_MMA_UNROLL=1
5,4,3,0,32,100,1,0,1,5,1,1,1,0,0,0,0,32,0,163,0,225.0,3.849,1138.12,OK,-DINTERLEAVE_STRATEGY=3 -DN_STAGES=5 -DPHASE1_UNROLL=1 -DSNAKE_ORDER=0 -DSTAGGER_CYCLES=100 -DSUB_MMA_UNROLL=1 -DW0_LOOP_UNROLL=1
5,4,3,0,32,100,1,0,1,8,1,1,1,0,0,0,0,32,0,163,0,225.0,3.849,1138.11,OK,-DINTERLEAVE_STRATEGY=3 -DK_LOOP_UNROLL=8 -DN_STAGES=5 -DPHASE1_UNROLL=1 -DSNAKE_ORDER=0 -DSTAGGER_CYCLES=100 -DSUB_MMA_UNROLL=1 -DW0_LOOP_UNROLL=1
5,4,3,0,32,100,1,0,1,6,1,1,1,0,0,0,0,32,0,163,0,225.0,3.85,1137.79,OK,-DINTERLEAVE_STRATEGY=3 -DK_LOOP_UNROLL=6 -DN_STAGES=5 -DPHASE1_UNROLL=1 -DSNAKE_ORDER=0 -DSTAGGER_CYCLES=100 -DSUB_MMA_UNROLL=1 -DW0_LOOP_UNROLL=1
5,4,3,1,32,0,1,0,1,8,1,3,1,0,0,0,0,32,0,170,0,225.0,3.851,1137.27,OK,-DINTERLEAVE_STRATEGY=3 -DK_LOOP_UNROLL=8 -DMBAR_EARLY=1 -DN_STAGES=5 -DPHASE1_UNROLL=1 -DSNAKE_ORDER=0 -DSTAGGER_CYCLES=0 -DSUB_MMA_UNROLL=3 -DW0_LOOP_UNROLL=1
5,4,3,0,32,40,1,0,1,8,4,1,1,0,0,0,0,32,0,163,0,225.0,3.851,1137.44,OK,-DINTERLEAVE_STRATEGY=3 -DK_LOOP_UNROLL=8 -DN_STAGES=5 -DPHASE1_UNROLL=1 -DSNAKE_ORDER=0 -DSTAGGER_CYCLES=40 -DSUB_MMA_UNROLL=1 -DW0_LOOP_UNROLL=4
5,4,3,0,32,40,1,0,1,5,4,1,1,0,0,0,0,32,0,163,0,225.0,3.852,1136.98,OK,-DINTERLEAVE_STRATEGY=3 -DN_STAGES=5 -DPHASE1_UNROLL=1 -DSNAKE_ORDER=0 -DSTAGGER_CYCLES=40 -DSUB_MMA_UNROLL=1 -DW0_LOOP_UNROLL=4
5,4,3,0,32,40,1,0,1,6,4,1,1,0,0,0,0,32,0,163,0,225.0,3.852,1137.13,OK,-DINTERLEAVE_STRATEGY=3 -DK_LOOP_UNROLL=6 -DN_STAGES=5 -DPHASE1_UNROLL=1 -DSNAKE_ORDER=0 -DSTAGGER_CYCLES=40 -DSUB_MMA_UNROLL=1 -DW0_LOOP_UNROLL=4
5,4,3,1,32,0,1,0,1,6,0,3,1,0,0,0,0,32,0,189,0,225.0,3.853,1136.73,OK,-DINTERLEAVE_STRATEGY=3 -DK_LOOP_UNROLL=6 -DMBAR_EARLY=1 -DN_STAGES=5 -DPHASE1_UNROLL=1 -DSNAKE_ORDER=0 -DSTAGGER_CYCLES=0 -DSUB_MMA_UNROLL=3
5,4,3,1,32,0,1,0,1,6,1,3,1,0,0,0,0,32,0,170,0,225.0,3.853,1136.74,OK,-DINTERLEAVE_STRATEGY=3 -DK_LOOP_UNROLL=6 -DMBAR_EARLY=1 -DN_STAGES=5 -DPHASE1_UNROLL=1 -DSNAKE_ORDER=0 -DSTAGGER_CYCLES=0 -DSUB_MMA_UNROLL=3 -DW0_LOOP_UNROLL=1
5,4,3,1,32,0,1,0,1,8,1,0,1,0,0,0,0,32,0,170,0,225.0,3.853,1136.81,OK,-DINTERLEAVE_STRATEGY=3 -DK_LOOP_UNROLL=8 -DMBAR_EARLY=1 -DN_STAGES=5 -DPHASE1_UNROLL=1 -DSNAKE_ORDER=0 -DSTAGGER_CYCLES=0 -DW0_LOOP_UNROLL=1
5,4,3,1,32,0,1,0,1,6,1,0,1,0,0,0,0,32,0,170,0,225.0,3.854,1136.55,OK,-DINTERLEAVE_STRATEGY=3 -DK_LOOP_UNROLL=6 -DMBAR_EARLY=1 -DN_STAGES=5 -DPHASE1_UNROLL=1 -DSNAKE_ORDER=0 -DSTAGGER_CYCLES=0 -DW0_LOOP_UNROLL=1
5,4,3,1,32,0,1,0,1,8,0,3,1,0,0,0,0,32,0,189,0,225.0,3.854,1136.37,OK,-DINTERLEAVE_STRATEGY=3 -DK_LOOP_UNROLL=8 -DMBAR_EARLY=1 -DN_STAGES=5 -DPHASE1_UNROLL=1 -DSNAKE_ORDER=0 -DSTAGGER_CYCLES=0 -DSUB_MMA_UNROLL=3
5,4,3,1,32,0,1,0,1,6,0,0,1,0,0,0,0,32,0,189,0,225.0,3.856,1135.98,OK,-DINTERLEAVE_STRATEGY=3 -DK_LOOP_UNROLL=6 -DMBAR_EARLY=1 -DN_STAGES=5 -DPHASE1_UNROLL=1 -DSNAKE_ORDER=0 -DSTAGGER_CYCLES=0
5,4,3,1,32,0,1,0,1,8,0,0,1,0,0,0,0,32,0,189,0,225.0,3.856,1135.96,OK,-DINTERLEAVE_STRATEGY=3 -DK_LOOP_UNROLL=8 -DMBAR_EARLY=1 -DN_STAGES=5 -DPHASE1_UNROLL=1 -DSNAKE_ORDER=0 -DSTAGGER_CYCLES=0
5,4,3,0,32,40,1,0,1,5,0,0,1,0,0,0,0,32,0,240,0,225.0,3.857,1135.57,OK,-DINTERLEAVE_STRATEGY=3 -DN_STAGES=5 -DPHASE1_UNROLL=1 -DSNAKE_ORDER=0 -DSTAGGER_CYCLES=40
5,4,3,0,32,100,1,0,1,2,4,1,1,0,0,0,0,32,0,146,0,225.0,3.857,1135.72,OK,-DINTERLEAVE_STRATEGY=3 -DK_LOOP_UNROLL=2 -DN_STAGES=5 -DPHASE1_UNROLL=1 -DSNAKE_ORDER=0 -DSTAGGER_CYCLES=100 -DSUB_MMA_UNROLL=1 -DW0_LOOP_UNROLL=4
5,4,3,0,32,100,1,0,1,1,4,1,1,0,0,0,0,32,0,146,0,225.0,3.858,1135.33,OK,-DINTERLEAVE_STRATEGY=3 -DK_LOOP_UNROLL=1 -DN_STAGES=5 -DPHASE1_UNROLL=1 -DSNAKE_ORDER=0 -DSTAGGER_CYCLES=100 -DSUB_MMA_UNROLL=1 -DW0_LOOP_UNROLL=4
5,4,3,0,32,40,1,0,1,5,0,3,1,0,0,0,0,32,0,240,0,225.0,3.859,1135.06,OK,-DINTERLEAVE_STRATEGY=3 -DN_STAGES=5 -DPHASE1_UNROLL=1 -DSNAKE_ORDER=0 -DSTAGGER_CYCLES=40 -DSUB_MMA_UNROLL=3
5,4,3,1,32,0,1,0,1,5,4,0,1,0,0,0,0,32,0,219,0,225.0,3.861,1134.36,OK,-DINTERLEAVE_STRATEGY=3 -DMBAR_EARLY=1 -DN_STAGES=5 -DPHASE1_UNROLL=1 -DSNAKE_ORDER=0 -DSTAGGER_CYCLES=0 -DW0_LOOP_UNROLL=4
5,4,3,0,32,100,1,0,1,1,0,1,1,0,0,0,0,32,0,168,0,225.0,3.861,1134.39,OK,-DINTERLEAVE_STRATEGY=3 -DK_LOOP_UNROLL=1 -DN_STAGES=5 -DPHASE1_UNROLL=1 -DSNAKE_ORDER=0 -DSTAGGER_CYCLES=100 -DSUB_MMA_UNROLL=1
5,4,3,0,32,40,1,0,1,5,1,0,1,0,0,0,0,32,0,221,0,225.0,3.863,1133.79,OK,-DINTERLEAVE_STRATEGY=3 -DN_STAGES=5 -DPHASE1_UNROLL=1 -DSNAKE_ORDER=0 -DSTAGGER_CYCLES=40 -DW0_LOOP_UNROLL=1
5,4,3,1,32,0,1,0,1,5,4,3,1,0,0,0,0,32,0,219,0,225.0,3.864,1133.57,OK,-DINTERLEAVE_STRATEGY=3 -DMBAR_EARLY=1 -DN_STAGES=5 -DPHASE1_UNROLL=1 -DSNAKE_ORDER=0 -DSTAGGER_CYCLES=0 -DSUB_MMA_UNROLL=3 -DW0_LOOP_UNROLL=4
5,4,3,0,32,40,1,0,1,5,1,3,1,0,0,0,0,32,0,221,0,225.0,3.865,1133.24,OK,-DINTERLEAVE_STRATEGY=3 -DN_STAGES=5 -DPHASE1_UNROLL=1 -DSNAKE_ORDER=0 -DSTAGGER_CYCLES=40 -DSUB_MMA_UNROLL=3 -DW0_LOOP_UNROLL=1
5,4,3,0,32,100,1,0,1,6,4,1,1,0,0,0,0,32,0,163,0,225.0,3.866,1132.9,OK,-DINTERLEAVE_STRATEGY=3 -DK_LOOP_UNROLL=6 -DN_STAGES=5 -DPHASE1_UNROLL=1 -DSNAKE_ORDER=0 -DSTAGGER_CYCLES=100 -DSUB_MMA_UNROLL=1 -DW0_LOOP_UNROLL=4
5,4,3,1,32,0,1,0,1,8,4,3,1,0,0,0,0,32,0,170,0,225.0,3.867,1132.58,OK,-DINTERLEAVE_STRATEGY=3 -DK_LOOP_UNROLL=8 -DMBAR_EARLY=1 -DN_STAGES=5 -DPHASE1_UNROLL=1 -DSNAKE_ORDER=0 -DSTAGGER_CYCLES=0 -DSUB_MMA_UNROLL=3 -DW0_LOOP_UNROLL=4
5,4,3,1,32,0,1,0,1,6,4,3,1,0,0,0,0,32,0,170,0,225.0,3.868,1132.51,OK,-DINTERLEAVE_STRATEGY=3 -DK_LOOP_UNROLL=6 -DMBAR_EARLY=1 -DN_STAGES=5 -DPHASE1_UNROLL=1 -DSNAKE_ORDER=0 -DSTAGGER_CYCLES=0 -DSUB_MMA_UNROLL=3 -DW0_LOOP_UNROLL=4
5,4,3,0,32,100,1,0,1,8,4,1,1,0,0,0,0,32,0,163,0,225.0,3.868,1132.53,OK,-DINTERLEAVE_STRATEGY=3 -DK_LOOP_UNROLL=8 -DN_STAGES=5 -DPHASE1_UNROLL=1 -DSNAKE_ORDER=0 -DSTAGGER_CYCLES=100 -DSUB_MMA_UNROLL=1 -DW0_LOOP_UNROLL=4
5,4,3,1,32,0,1,0,1,6,4,0,1,0,0,0,0,32,0,170,0,225.0,3.869,1132.15,OK,-DINTERLEAVE_STRATEGY=3 -DK_LOOP_UNROLL=6 -DMBAR_EARLY=1 -DN_STAGES=5 -DPHASE1_UNROLL=1 -DSNAKE_ORDER=0 -DSTAGGER_CYCLES=0 -DW0_LOOP_UNROLL=4
5,4,3,1,32,0,1,0,1,8,4,0,1,0,0,0,0,32,0,170,0,225.0,3.869,1132.2,OK,-DINTERLEAVE_STRATEGY=3 -DK_LOOP_UNROLL=8 -DMBAR_EARLY=1 -DN_STAGES=5 -DPHASE1_UNROLL=1 -DSNAKE_ORDER=0 -DSTAGGER_CYCLES=0 -DW0_LOOP_UNROLL=4
5,4,3,0,32,100,1,0,1,5,4,1,1,0,0,0,0,32,0,163,0,225.0,3.869,1132.09,OK,-DINTERLEAVE_STRATEGY=3 -DN_STAGES=5 -DPHASE1_UNROLL=1 -DSNAKE_ORDER=0 -DSTAGGER_CYCLES=100 -DSUB_MMA_UNROLL=1 -DW0_LOOP_UNROLL=4
5,4,3,0,32,100,1,0,1,2,0,1,1,0,0,0,0,32,0,168,0,225.0,3.871,1131.45,OK,-DINTERLEAVE_STRATEGY=3 -DK_LOOP_UNROLL=2 -DN_STAGES=5 -DPHASE1_UNROLL=1 -DSNAKE_ORDER=0 -DSTAGGER_CYCLES=100 -DSUB_MMA_UNROLL=1
5,4,3,0,32,40,1,0,1,6,1,0,1,0,0,0,0,32,0,172,0,225.0,3.877,1129.7,OK,-DINTERLEAVE_STRATEGY=3 -DK_LOOP_UNROLL=6 -DN_STAGES=5 -DPHASE1_UNROLL=1 -DSNAKE_ORDER=0 -DSTAGGER_CYCLES=40 -DW0_LOOP_UNROLL=1
5,4,3,0,32,40,1,0,1,8,1,0,1,0,0,0,0,32,0,172,0,225.0,3.877,1129.75,OK,-DINTERLEAVE_STRATEGY=3 -DK_LOOP_UNROLL=8 -DN_STAGES=5 -DPHASE1_UNROLL=1 -DSNAKE_ORDER=0 -DSTAGGER_CYCLES=40 -DW0_LOOP_UNROLL=1
5,4,3,0,32,40,1,0,1,8,1,3,1,0,0,0,0,32,0,172,0,225.0,3.877,1129.62,OK,-DINTERLEAVE_STRATEGY=3 -DK_LOOP_UNROLL=8 -DN_STAGES=5 -DPHASE1_UNROLL=1 -DSNAKE_ORDER=0 -DSTAGGER_CYCLES=40 -DSUB_MMA_UNROLL=3 -DW0_LOOP_UNROLL=1
5,4,3,0,32,40,1,0,1,5,4,3,1,0,0,0,0,32,0,221,0,225.0,3.88,1128.79,OK,-DINTERLEAVE_STRATEGY=3 -DN_STAGES=5 -DPHASE1_UNROLL=1 -DSNAKE_ORDER=0 -DSTAGGER_CYCLES=40 -DSUB_MMA_UNROLL=3 -DW0_LOOP_UNROLL=4
5,4,3,0,32,100,1,0,1,5,0,0,1,0,0,0,0,32,0,240,0,225.0,3.88,1128.76,OK,-DINTERLEAVE_STRATEGY=3 -DN_STAGES=5 -DPHASE1_UNROLL=1 -DSNAKE_ORDER=0 -DSTAGGER_CYCLES=100
5,4,3,0,32,40,1,0,1,5,4,0,1,0,0,0,0,32,0,221,0,225.0,3.881,1128.59,OK,-DINTERLEAVE_STRATEGY=3 -DN_STAGES=5 -DPHASE1_UNROLL=1 -DSNAKE_ORDER=0 -DSTAGGER_CYCLES=40 -DW0_LOOP_UNROLL=4
5,4,3,0,32,40,1,0,1,6,1,3,1,0,0,0,0,32,0,172,0,225.0,3.881,1128.49,OK,-DINTERLEAVE_STRATEGY=3 -DK_LOOP_UNROLL=6 -DN_STAGES=5 -DPHASE1_UNROLL=1 -DSNAKE_ORDER=0 -DSTAGGER_CYCLES=40 -DSUB_MMA_UNROLL=3 -DW0_LOOP_UNROLL=1
5,4,3,0,32,100,1,0,1,5,1,0,1,0,0,0,0,32,0,221,0,225.0,3.881,1128.55,OK,-DINTERLEAVE_STRATEGY=3 -DN_STAGES=5 -DPHASE1_UNROLL=1 -DSNAKE_ORDER=0 -DSTAGGER_CYCLES=100 -DW0_LOOP_UNROLL=1
5,4,3,0,32,100,1,0,1,5,0,3,1,0,0,0,0,32,0,240,0,225.0,3.881,1128.5,OK,-DINTERLEAVE_STRATEGY=3 -DN_STAGES=5 -DPHASE1_UNROLL=1 -DSNAKE_ORDER=0 -DSTAGGER_CYCLES=100 -DSUB_MMA_UNROLL=3
5,4,3,0,32,40,1,0,1,6,0,0,1,0,0,0,0,32,0,191,0,225.0,3.883,1127.88,OK,-DINTERLEAVE_STRATEGY=3 -DK_LOOP_UNROLL=6 -DN_STAGES=5 -DPHASE1_UNROLL=1 -DSNAKE_ORDER=0 -DSTAGGER_CYCLES=40
5,4,3,0,32,40,1,0,1,6,0,3,1,0,0,0,0,32,0,191,0,225.0,3.883,1128.03,OK,-DINTERLEAVE_STRATEGY=3 -DK_LOOP_UNROLL=6 -DN_STAGES=5 -DPHASE1_UNROLL=1 -DSNAKE_ORDER=0 -DSTAGGER_CYCLES=40 -DSUB_MMA_UNROLL=3
5,4,3,0,32,100,1,0,1,5,1,3,1,0,0,0,0,32,0,221,0,225.0,3.884,1127.66,OK,-DINTERLEAVE_STRATEGY=3 -DN_STAGES=5 -DPHASE1_UNROLL=1 -DSNAKE_ORDER=0 -DSTAGGER_CYCLES=100 -DSUB_MMA_UNROLL=3 -DW0_LOOP_UNROLL=1
5,4,3,0,32,40,1,0,1,8,0,0,1,0,0,0,0,32,0,191,0,225.0,3.885,1127.37,OK,-DINTERLEAVE_STRATEGY=3 -DK_LOOP_UNROLL=8 -DN_STAGES=5 -DPHASE1_UNROLL=1 -DSNAKE_ORDER=0 -DSTAGGER_CYCLES=40
5,4,3,0,32,40,1,0,1,8,0,3,1,0,0,0,0,32,0,191,0,225.0,3.887,1126.83,OK,-DINTERLEAVE_STRATEGY=3 -DK_LOOP_UNROLL=8 -DN_STAGES=5 -DPHASE1_UNROLL=1 -DSNAKE_ORDER=0 -DSTAGGER_CYCLES=40 -DSUB_MMA_UNROLL=3
5,4,3,0,32,40,1,0,1,8,4,0,1,0,0,0,0,32,0,172,0,225.0,3.89,1126.11,OK,-DINTERLEAVE_STRATEGY=3 -DK_LOOP_UNROLL=8 -DN_STAGES=5 -DPHASE1_UNROLL=1 -DSNAKE_ORDER=0 -DSTAGGER_CYCLES=40 -DW0_LOOP_UNROLL=4
5,4,3,0,32,100,1,0,1,8,1,3,1,0,0,0,0,32,0,172,0,225.0,3.89,1126.06,OK,-DINTERLEAVE_STRATEGY=3 -DK_LOOP_UNROLL=8 -DN_STAGES=5 -DPHASE1_UNROLL=1 -DSNAKE_ORDER=0 -DSTAGGER_CYCLES=100 -DSUB_MMA_UNROLL=3 -DW0_LOOP_UNROLL=1
5,4,3,0,32,40,1,0,1,6,4,0,1,0,0,0,0,32,0,172,0,225.0,3.891,1125.74,OK,-DINTERLEAVE_STRATEGY=3 -DK_LOOP_UNROLL=6 -DN_STAGES=5 -DPHASE1_UNROLL=1 -DSNAKE_ORDER=0 -DSTAGGER_CYCLES=40 -DW0_LOOP_UNROLL=4
5,4,3,0,32,40,1,0,1,8,0,1,1,0,0,0,0,32,0,183,0,225.0,3.891,1125.81,OK,-DINTERLEAVE_STRATEGY=3 -DK_LOOP_UNROLL=8 -DN_STAGES=5 -DPHASE1_UNROLL=1 -DSNAKE_ORDER=0 -DSTAGGER_CYCLES=40 -DSUB_MMA_UNROLL=1
5,4,3,0,32,40,1,0,1,8,4,3,1,0,0,0,0,32,0,172,0,225.0,3.891,1125.65,OK,-DINTERLEAVE_STRATEGY=3 -DK_LOOP_UNROLL=8 -DN_STAGES=5 -DPHASE1_UNROLL=1 -DSNAKE_ORDER=0 -DSTAGGER_CYCLES=40 -DSUB_MMA_UNROLL=3 -DW0_LOOP_UNROLL=4
5,4,3,0,32,40,1,0,1,6,4,3,1,0,0,0,0,32,0,172,0,225.0,3.892,1125.3,OK,-DINTERLEAVE_STRATEGY=3 -DK_LOOP_UNROLL=6 -DN_STAGES=5 -DPHASE1_UNROLL=1 -DSNAKE_ORDER=0 -DSTAGGER_CYCLES=40 -DSUB_MMA_UNROLL=3 -DW0_LOOP_UNROLL=4
5,4,3,0,32,100,1,0,1,6,1,0,1,0,0,0,0,32,0,172,0,225.0,3.892,1125.27,OK,-DINTERLEAVE_STRATEGY=3 -DK_LOOP_UNROLL=6 -DN_STAGES=5 -DPHASE1_UNROLL=1 -DSNAKE_ORDER=0 -DSTAGGER_CYCLES=100 -DW0_LOOP_UNROLL=1
5,4,3,0,32,40,1,0,1,2,0,3,1,0,0,0,0,32,0,175,0,225.0,3.894,1124.73,OK,-DINTERLEAVE_STRATEGY=3 -DK_LOOP_UNROLL=2 -DN_STAGES=5 -DPHASE1_UNROLL=1 -DSNAKE_ORDER=0 -DSTAGGER_CYCLES=40 -DSUB_MMA_UNROLL=3
5,4,3,0,32,100,1,0,1,6,1,3,1,0,0,0,0,32,0,172,0,225.0,3.894,1124.78,OK,-DINTERLEAVE_STRATEGY=3 -DK_LOOP_UNROLL=6 -DN_STAGES=5 -DPHASE1_UNROLL=1 -DSNAKE_ORDER=0 -DSTAGGER_CYCLES=100 -DSUB_MMA_UNROLL=3 -DW0_LOOP_UNROLL=1
5,4,3,0,32,100,1,0,1,8,1,0,1,0,0,0,0,32,0,172,0,225.0,3.894,1124.73,OK,-DINTERLEAVE_STRATEGY=3 -DK_LOOP_UNROLL=8 -DN_STAGES=5 -DPHASE1_UNROLL=1 -DSNAKE_ORDER=0 -DSTAGGER_CYCLES=100 -DW0_LOOP_UNROLL=1
5,4,3,0,32,40,1,0,1,2,0,0,1,0,0,0,0,32,0,175,0,225.0,3.895,1124.62,OK,-DINTERLEAVE_STRATEGY=3 -DK_LOOP_UNROLL=2 -DN_STAGES=5 -DPHASE1_UNROLL=1 -DSNAKE_ORDER=0 -DSTAGGER_CYCLES=40
5,4,3,0,32,40,1,0,1,5,0,1,1,0,0,0,0,32,0,183,0,225.0,3.895,1124.48,OK,-DINTERLEAVE_STRATEGY=3 -DN_STAGES=5 -DPHASE1_UNROLL=1 -DSNAKE_ORDER=0 -DSTAGGER_CYCLES=40 -DSUB_MMA_UNROLL=1
5,4,3,0,32,100,1,0,1,8,0,0,1,0,0,0,0,32,0,191,0,225.0,3.895,1124.51,OK,-DINTERLEAVE_STRATEGY=3 -DK_LOOP_UNROLL=8 -DN_STAGES=5 -DPHASE1_UNROLL=1 -DSNAKE_ORDER=0 -DSTAGGER_CYCLES=100
5,4,3,0,32,40,1,0,1,6,0,1,1,0,0,0,0,32,0,183,0,225.0,3.896,1124.28,OK,-DINTERLEAVE_STRATEGY=3 -DK_LOOP_UNROLL=6 -DN_STAGES=5 -DPHASE1_UNROLL=1 -DSNAKE_ORDER=0 -DSTAGGER_CYCLES=40 -DSUB_MMA_UNROLL=1
5,4,3,0,32,100,1,0,1,8,0,3,1,0,0,0,0,32,0,191,0,225.0,3.898,1123.77,OK,-DINTERLEAVE_STRATEGY=3 -DK_LOOP_UNROLL=8 -DN_STAGES=5 -DPHASE1_UNROLL=1 -DSNAKE_ORDER=0 -DSTAGGER_CYCLES=100 -DSUB_MMA_UNROLL=3
5,4,3,0,32,100,1,0,1,6,0,3,1,0,0,0,0,32,0,191,0,225.0,3.899,1123.5,OK,-DINTERLEAVE_STRATEGY=3 -DK_LOOP_UNROLL=6 -DN_STAGES=5 -DPHASE1_UNROLL=1 -DSNAKE_ORDER=0 -DSTAGGER_CYCLES=100 -DSUB_MMA_UNROLL=3
5,4,3,0,32,100,1,0,1,5,4,3,1,0,0,0,0,32,0,221,0,225.0,3.9,1123.16,OK,-DINTERLEAVE_STRATEGY=3 -DN_STAGES=5 -DPHASE1_UNROLL=1 -DSNAKE_ORDER=0 -DSTAGGER_CYCLES=100 -DSUB_MMA_UNROLL=3 -DW0_LOOP_UNROLL=4
5,4,3,0,32,100,1,0,1,5,4,0,1,0,0,0,0,32,0,221,0,225.0,3.901,1122.81,OK,-DINTERLEAVE_STRATEGY=3 -DN_STAGES=5 -DPHASE1_UNROLL=1 -DSNAKE_ORDER=0 -DSTAGGER_CYCLES=100 -DW0_LOOP_UNROLL=4
5,4,3,0,32,100,1,0,1,6,0,0,1,0,0,0,0,32,0,191,0,225.0,3.901,1122.75,OK,-DINTERLEAVE_STRATEGY=3 -DK_LOOP_UNROLL=6 -DN_STAGES=5 -DPHASE1_UNROLL=1 -DSNAKE_ORDER=0 -DSTAGGER_CYCLES=100
5,4,3,0,32,40,1,0,1,1,0,0,1,0,0,0,0,32,0,175,0,225.0,3.902,1122.61,OK,-DINTERLEAVE_STRATEGY=3 -DK_LOOP_UNROLL=1 -DN_STAGES=5 -DPHASE1_UNROLL=1 -DSNAKE_ORDER=0 -DSTAGGER_CYCLES=40
5,4,3,0,32,40,1,0,1,1,0,3,1,0,0,0,0,32,0,175,0,225.0,3.905,1121.77,OK,-DINTERLEAVE_STRATEGY=3 -DK_LOOP_UNROLL=1 -DN_STAGES=5 -DPHASE1_UNROLL=1 -DSNAKE_ORDER=0 -DSTAGGER_CYCLES=40 -DSUB_MMA_UNROLL=3
5,4,3,0,32,100,1,0,1,8,4,0,1,0,0,0,0,32,0,172,0,225.0,3.906,1121.42,OK,-DINTERLEAVE_STRATEGY=3 -DK_LOOP_UNROLL=8 -DN_STAGES=5 -DPHASE1_UNROLL=1 -DSNAKE_ORDER=0 -DSTAGGER_CYCLES=100 -DW0_LOOP_UNROLL=4
5,4,3,0,32,100,1,0,1,6,4,0,1,0,0,0,0,32,0,172,0,225.0,3.907,1121.03,OK,-DINTERLEAVE_STRATEGY=3 -DK_LOOP_UNROLL=6 -DN_STAGES=5 -DPHASE1_UNROLL=1 -DSNAKE_ORDER=0 -DSTAGGER_CYCLES=100 -DW0_LOOP_UNROLL=4
5,4,3,0,32,100,1,0,1,8,4,3,1,0,0,0,0,32,0,172,0,225.0,3.907,1121.2,OK,-DINTERLEAVE_STRATEGY=3 -DK_LOOP_UNROLL=8 -DN_STAGES=5 -DPHASE1_UNROLL=1 -DSNAKE_ORDER=0 -DSTAGGER_CYCLES=100 -DSUB_MMA_UNROLL=3 -DW0_LOOP_UNROLL=4
5,4,3,0,32,100,1,0,1,6,4,3,1,0,0,0,0,32,0,172,0,225.0,3.908,1120.91,OK,-DINTERLEAVE_STRATEGY=3 -DK_LOOP_UNROLL=6 -DN_STAGES=5 -DPHASE1_UNROLL=1 -DSNAKE_ORDER=0 -DSTAGGER_CYCLES=100 -DSUB_MMA_UNROLL=3 -DW0_LOOP_UNROLL=4
5,4,3,0,32,100,1,0,1,2,0,3,1,0,0,0,0,32,0,175,0,225.0,3.914,1119.22,OK,-DINTERLEAVE_STRATEGY=3 -DK_LOOP_UNROLL=2 -DN_STAGES=5 -DPHASE1_UNROLL=1 -DSNAKE_ORDER=0 -DSTAGGER_CYCLES=100 -DSUB_MMA_UNROLL=3
5,4,3,0,32,100,1,0,1,6,0,1,1,0,0,0,0,32,0,183,0,225.0,3.914,1119.1,OK,-DINTERLEAVE_STRATEGY=3 -DK_LOOP_UNROLL=6 -DN_STAGES=5 -DPHASE1_UNROLL=1 -DSNAKE_ORDER=0 -DSTAGGER_CYCLES=100 -DSUB_MMA_UNROLL=1
5,4,3,0,32,100,1,0,1,1,0,0,1,0,0,0,0,32,0,175,0,225.0,3.916,1118.39,OK,-DINTERLEAVE_STRATEGY=3 -DK_LOOP_UNROLL=1 -DN_STAGES=5 -DPHASE1_UNROLL=1 -DSNAKE_ORDER=0 -DSTAGGER_CYCLES=100
5,4,3,0,32,100,1,0,1,2,0,0,1,0,0,0,0,32,0,175,0,225.0,3.916,1118.48,OK,-DINTERLEAVE_STRATEGY=3 -DK_LOOP_UNROLL=2 -DN_STAGES=5 -DPHASE1_UNROLL=1 -DSNAKE_ORDER=0 -DSTAGGER_CYCLES=100
5,4,3,0,32,100,1,0,1,5,0,1,1,0,0,0,0,32,0,183,0,225.0,3.916,1118.47,OK,-DINTERLEAVE_STRATEGY=3 -DN_STAGES=5 -DPHASE1_UNROLL=1 -DSNAKE_ORDER=0 -DSTAGGER_CYCLES=100 -DSUB_MMA_UNROLL=1
5,4,3,0,32,100,1,0,1,8,0,1,1,0,0,0,0,32,0,183,0,225.0,3.918,1117.98,OK,-DINTERLEAVE_STRATEGY=3 -DK_LOOP_UNROLL=8 -DN_STAGES=5 -DPHASE1_UNROLL=1 -DSNAKE_ORDER=0 -DSTAGGER_CYCLES=100 -DSUB_MMA_UNROLL=1
5,4,3,0,32,100,1,0,1,1,0,3,1,0,0,0,0,32,0,175,0,225.0,3.92,1117.4,OK,-DINTERLEAVE_STRATEGY=3 -DK_LOOP_UNROLL=1 -DN_STAGES=5 -DPHASE1_UNROLL=1 -DSNAKE_ORDER=0 -DSTAGGER_CYCLES=100 -DSUB_MMA_UNROLL=3
