Kernel: patch_embed (patch_embed.cu)

=== Tier 1: N_STAGES, NUM_EPI_WARPS ===
Sweep: 6 total, 5 valid, 1 pruned
Estimated time: ~0 min (5 configs × ~5s each)

[1/5] -DN_STAGES=3 ... 0.574 ms / 1909 TFLOPS  (154 regs, 2.0s)
[2/5] (defaults) ... 0.528 ms / 2076 TFLOPS  (209 regs, 1.6s)
[3/5] -DN_STAGES=5 ... 0.535 ms / 2045 TFLOPS  (229 regs, 1.6s)
[4/5] -DNUM_EPI_WARPS=5 -DN_STAGES=3 ... 0.635 ms / 1723 TFLOPS  (157 regs, 1.6s)
[5/5] -DNUM_EPI_WARPS=5 ... 0.528 ms / 2074 TFLOPS  (211 regs, 1.6s)

Tier 1 winner: (defaults) → 0.528 ms / 2076 TFLOPS

=== Tier 2: INTERLEAVE_STRATEGY, MBAR_EARLY, STAGGER_CYCLES, TMEM_LOAD_WIDTH ===
Sweep: 128 total, 128 valid, 0 pruned
Estimated time: ~11 min (128 configs × ~5s each)

[1/128] -DINTERLEAVE_STRATEGY=0 -DSTAGGER_CYCLES=0 ... 0.557 ms / 1967 TFLOPS  (207 regs, 1.6s)
[2/128] -DINTERLEAVE_STRATEGY=0 -DSTAGGER_CYCLES=0 -DTMEM_LOAD_WIDTH=64 ... COMPILE_FAIL  (0.2s)
[3/128] -DINTERLEAVE_STRATEGY=0 -DSTAGGER_CYCLES=40 ... 0.557 ms / 1967 TFLOPS  (208 regs, 1.6s)
[4/128] -DINTERLEAVE_STRATEGY=0 -DSTAGGER_CYCLES=40 -DTMEM_LOAD_WIDTH=64 ... COMPILE_FAIL  (0.2s)
[5/128] -DINTERLEAVE_STRATEGY=0 -DSTAGGER_CYCLES=60 ... 0.556 ms / 1971 TFLOPS  (208 regs, 1.6s)
[6/128] -DINTERLEAVE_STRATEGY=0 -DSTAGGER_CYCLES=60 -DTMEM_LOAD_WIDTH=64 ... COMPILE_FAIL  (0.2s)
[7/128] -DINTERLEAVE_STRATEGY=0 ... 0.557 ms / 1966 TFLOPS  (208 regs, 1.6s)
[8/128] -DINTERLEAVE_STRATEGY=0 -DTMEM_LOAD_WIDTH=64 ... COMPILE_FAIL  (0.2s)
[9/128] -DINTERLEAVE_STRATEGY=0 -DSTAGGER_CYCLES=100 ... 0.555 ms / 1972 TFLOPS  (208 regs, 1.6s)
[10/128] -DINTERLEAVE_STRATEGY=0 -DSTAGGER_CYCLES=100 -DTMEM_LOAD_WIDTH=64 ... COMPILE_FAIL  (0.2s)
[11/128] -DINTERLEAVE_STRATEGY=0 -DSTAGGER_CYCLES=120 ... 0.555 ms / 1975 TFLOPS  (208 regs, 1.6s)
[12/128] -DINTERLEAVE_STRATEGY=0 -DSTAGGER_CYCLES=120 -DTMEM_LOAD_WIDTH=64 ... COMPILE_FAIL  (0.2s)
[13/128] -DINTERLEAVE_STRATEGY=0 -DSTAGGER_CYCLES=160 ... 0.555 ms / 1973 TFLOPS  (208 regs, 1.6s)
[14/128] -DINTERLEAVE_STRATEGY=0 -DSTAGGER_CYCLES=160 -DTMEM_LOAD_WIDTH=64 ... COMPILE_FAIL  (0.2s)
[15/128] -DINTERLEAVE_STRATEGY=0 -DSTAGGER_CYCLES=200 ... 0.553 ms / 1979 TFLOPS  (208 regs, 1.6s)
[16/128] -DINTERLEAVE_STRATEGY=0 -DSTAGGER_CYCLES=200 -DTMEM_LOAD_WIDTH=64 ... COMPILE_FAIL  (0.2s)
[17/128] -DINTERLEAVE_STRATEGY=0 -DMBAR_EARLY=1 -DSTAGGER_CYCLES=0 ... 0.557 ms / 1964 TFLOPS  (207 regs, 1.6s)
[18/128] -DINTERLEAVE_STRATEGY=0 -DMBAR_EARLY=1 -DSTAGGER_CYCLES=0 -DTMEM_LOAD_WIDTH=64 ... COMPILE_FAIL  (0.2s)
[19/128] -DINTERLEAVE_STRATEGY=0 -DMBAR_EARLY=1 -DSTAGGER_CYCLES=40 ... 0.556 ms / 1970 TFLOPS  (208 regs, 1.6s)
[20/128] -DINTERLEAVE_STRATEGY=0 -DMBAR_EARLY=1 -DSTAGGER_CYCLES=40 -DTMEM_LOAD_WIDTH=64 ... COMPILE_FAIL  (0.2s)
[21/128] -DINTERLEAVE_STRATEGY=0 -DMBAR_EARLY=1 -DSTAGGER_CYCLES=60 ... 0.557 ms / 1968 TFLOPS  (208 regs, 1.6s)
[22/128] -DINTERLEAVE_STRATEGY=0 -DMBAR_EARLY=1 -DSTAGGER_CYCLES=60 -DTMEM_LOAD_WIDTH=64 ... COMPILE_FAIL  (0.2s)
[23/128] -DINTERLEAVE_STRATEGY=0 -DMBAR_EARLY=1 ... 0.557 ms / 1968 TFLOPS  (208 regs, 1.6s)
[24/128] -DINTERLEAVE_STRATEGY=0 -DMBAR_EARLY=1 -DTMEM_LOAD_WIDTH=64 ... COMPILE_FAIL  (0.2s)
[25/128] -DINTERLEAVE_STRATEGY=0 -DMBAR_EARLY=1 -DSTAGGER_CYCLES=100 ... 0.556 ms / 1968 TFLOPS  (208 regs, 1.6s)
[26/128] -DINTERLEAVE_STRATEGY=0 -DMBAR_EARLY=1 -DSTAGGER_CYCLES=100 -DTMEM_LOAD_WIDTH=64 ... COMPILE_FAIL  (0.2s)
[27/128] -DINTERLEAVE_STRATEGY=0 -DMBAR_EARLY=1 -DSTAGGER_CYCLES=120 ... 0.555 ms / 1972 TFLOPS  (208 regs, 1.6s)
[28/128] -DINTERLEAVE_STRATEGY=0 -DMBAR_EARLY=1 -DSTAGGER_CYCLES=120 -DTMEM_LOAD_WIDTH=64 ... COMPILE_FAIL  (0.2s)
[29/128] -DINTERLEAVE_STRATEGY=0 -DMBAR_EARLY=1 -DSTAGGER_CYCLES=160 ... 0.555 ms / 1974 TFLOPS  (208 regs, 1.6s)
[30/128] -DINTERLEAVE_STRATEGY=0 -DMBAR_EARLY=1 -DSTAGGER_CYCLES=160 -DTMEM_LOAD_WIDTH=64 ... COMPILE_FAIL  (0.2s)
[31/128] -DINTERLEAVE_STRATEGY=0 -DMBAR_EARLY=1 -DSTAGGER_CYCLES=200 ... 0.553 ms / 1980 TFLOPS  (208 regs, 1.6s)
[32/128] -DINTERLEAVE_STRATEGY=0 -DMBAR_EARLY=1 -DSTAGGER_CYCLES=200 -DTMEM_LOAD_WIDTH=64 ... COMPILE_FAIL  (0.2s)
[33/128] -DINTERLEAVE_STRATEGY=1 -DSTAGGER_CYCLES=0 ... 0.537 ms / 2040 TFLOPS  (205 regs, 1.6s)
[34/128] -DINTERLEAVE_STRATEGY=1 -DSTAGGER_CYCLES=0 -DTMEM_LOAD_WIDTH=64 ... COMPILE_FAIL  (0.2s)
[35/128] -DINTERLEAVE_STRATEGY=1 -DSTAGGER_CYCLES=40 ... 0.534 ms / 2052 TFLOPS  (206 regs, 1.6s)
[36/128] -DINTERLEAVE_STRATEGY=1 -DSTAGGER_CYCLES=40 -DTMEM_LOAD_WIDTH=64 ... COMPILE_FAIL  (0.2s)
[37/128] -DINTERLEAVE_STRATEGY=1 -DSTAGGER_CYCLES=60 ... 0.533 ms / 2056 TFLOPS  (206 regs, 1.6s)
[38/128] -DINTERLEAVE_STRATEGY=1 -DSTAGGER_CYCLES=60 -DTMEM_LOAD_WIDTH=64 ... COMPILE_FAIL  (0.2s)
[39/128] -DINTERLEAVE_STRATEGY=1 ... 0.534 ms / 2050 TFLOPS  (206 regs, 1.6s)
[40/128] -DINTERLEAVE_STRATEGY=1 -DTMEM_LOAD_WIDTH=64 ... COMPILE_FAIL  (0.2s)
[41/128] -DINTERLEAVE_STRATEGY=1 -DSTAGGER_CYCLES=100 ... 0.533 ms / 2056 TFLOPS  (206 regs, 1.6s)
[42/128] -DINTERLEAVE_STRATEGY=1 -DSTAGGER_CYCLES=100 -DTMEM_LOAD_WIDTH=64 ... COMPILE_FAIL  (0.2s)
[43/128] -DINTERLEAVE_STRATEGY=1 -DSTAGGER_CYCLES=120 ... 0.532 ms / 2058 TFLOPS  (206 regs, 1.6s)
[44/128] -DINTERLEAVE_STRATEGY=1 -DSTAGGER_CYCLES=120 -DTMEM_LOAD_WIDTH=64 ... COMPILE_FAIL  (0.2s)
[45/128] -DINTERLEAVE_STRATEGY=1 -DSTAGGER_CYCLES=160 ... 0.535 ms / 2047 TFLOPS  (206 regs, 1.6s)
[46/128] -DINTERLEAVE_STRATEGY=1 -DSTAGGER_CYCLES=160 -DTMEM_LOAD_WIDTH=64 ... COMPILE_FAIL  (0.2s)
[47/128] -DINTERLEAVE_STRATEGY=1 -DSTAGGER_CYCLES=200 ... 0.534 ms / 2051 TFLOPS  (206 regs, 1.6s)
[48/128] -DINTERLEAVE_STRATEGY=1 -DSTAGGER_CYCLES=200 -DTMEM_LOAD_WIDTH=64 ... COMPILE_FAIL  (0.2s)
[49/128] -DINTERLEAVE_STRATEGY=1 -DMBAR_EARLY=1 -DSTAGGER_CYCLES=0 ... 0.536 ms / 2044 TFLOPS  (206 regs, 1.6s)
[50/128] -DINTERLEAVE_STRATEGY=1 -DMBAR_EARLY=1 -DSTAGGER_CYCLES=0 -DTMEM_LOAD_WIDTH=64 ... COMPILE_FAIL  (0.2s)
[51/128] -DINTERLEAVE_STRATEGY=1 -DMBAR_EARLY=1 -DSTAGGER_CYCLES=40 ... 0.533 ms / 2055 TFLOPS  (208 regs, 1.6s)
[52/128] -DINTERLEAVE_STRATEGY=1 -DMBAR_EARLY=1 -DSTAGGER_CYCLES=40 -DTMEM_LOAD_WIDTH=64 ... COMPILE_FAIL  (0.2s)
[53/128] -DINTERLEAVE_STRATEGY=1 -DMBAR_EARLY=1 -DSTAGGER_CYCLES=60 ... 0.532 ms / 2058 TFLOPS  (208 regs, 1.6s)
[54/128] -DINTERLEAVE_STRATEGY=1 -DMBAR_EARLY=1 -DSTAGGER_CYCLES=60 -DTMEM_LOAD_WIDTH=64 ... COMPILE_FAIL  (0.2s)
[55/128] -DINTERLEAVE_STRATEGY=1 -DMBAR_EARLY=1 ... 0.532 ms / 2057 TFLOPS  (208 regs, 1.6s)
[56/128] -DINTERLEAVE_STRATEGY=1 -DMBAR_EARLY=1 -DTMEM_LOAD_WIDTH=64 ... COMPILE_FAIL  (0.2s)
[57/128] -DINTERLEAVE_STRATEGY=1 -DMBAR_EARLY=1 -DSTAGGER_CYCLES=100 ... 0.532 ms / 2059 TFLOPS  (208 regs, 1.6s)
[58/128] -DINTERLEAVE_STRATEGY=1 -DMBAR_EARLY=1 -DSTAGGER_CYCLES=100 -DTMEM_LOAD_WIDTH=64 ... COMPILE_FAIL  (0.2s)
[59/128] -DINTERLEAVE_STRATEGY=1 -DMBAR_EARLY=1 -DSTAGGER_CYCLES=120 ... 0.532 ms / 2060 TFLOPS  (208 regs, 1.6s)
[60/128] -DINTERLEAVE_STRATEGY=1 -DMBAR_EARLY=1 -DSTAGGER_CYCLES=120 -DTMEM_LOAD_WIDTH=64 ... COMPILE_FAIL  (0.2s)
[61/128] -DINTERLEAVE_STRATEGY=1 -DMBAR_EARLY=1 -DSTAGGER_CYCLES=160 ... 0.533 ms / 2056 TFLOPS  (208 regs, 1.6s)
[62/128] -DINTERLEAVE_STRATEGY=1 -DMBAR_EARLY=1 -DSTAGGER_CYCLES=160 -DTMEM_LOAD_WIDTH=64 ... COMPILE_FAIL  (0.2s)
[63/128] -DINTERLEAVE_STRATEGY=1 -DMBAR_EARLY=1 -DSTAGGER_CYCLES=200 ... 0.533 ms / 2054 TFLOPS  (208 regs, 1.6s)
[64/128] -DINTERLEAVE_STRATEGY=1 -DMBAR_EARLY=1 -DSTAGGER_CYCLES=200 -DTMEM_LOAD_WIDTH=64 ... COMPILE_FAIL  (0.2s)
[65/128] -DSTAGGER_CYCLES=0 ... 0.530 ms / 2065 TFLOPS  (208 regs, 1.6s)
[66/128] -DSTAGGER_CYCLES=0 -DTMEM_LOAD_WIDTH=64 ... COMPILE_FAIL  (0.2s)
[67/128] -DSTAGGER_CYCLES=40 ... 0.528 ms / 2075 TFLOPS  (209 regs, 1.6s)
[68/128] -DSTAGGER_CYCLES=40 -DTMEM_LOAD_WIDTH=64 ... COMPILE_FAIL  (0.2s)
[69/128] -DSTAGGER_CYCLES=60 ... 0.530 ms / 2067 TFLOPS  (209 regs, 1.6s)
[70/128] -DSTAGGER_CYCLES=60 -DTMEM_LOAD_WIDTH=64 ... COMPILE_FAIL  (0.2s)
[71/128] (defaults) ... 0.528 ms / 2074 TFLOPS  (209 regs, 1.6s)
[72/128] -DTMEM_LOAD_WIDTH=64 ... COMPILE_FAIL  (0.2s)
[73/128] -DSTAGGER_CYCLES=100 ... 0.527 ms / 2079 TFLOPS  (209 regs, 1.6s)
[74/128] -DSTAGGER_CYCLES=100 -DTMEM_LOAD_WIDTH=64 ... COMPILE_FAIL  (0.2s)
[75/128] -DSTAGGER_CYCLES=120 ... 0.527 ms / 2078 TFLOPS  (209 regs, 1.6s)
[76/128] -DSTAGGER_CYCLES=120 -DTMEM_LOAD_WIDTH=64 ... COMPILE_FAIL  (0.2s)
[77/128] -DSTAGGER_CYCLES=160 ... 0.527 ms / 2076 TFLOPS  (209 regs, 1.6s)
[78/128] -DSTAGGER_CYCLES=160 -DTMEM_LOAD_WIDTH=64 ... COMPILE_FAIL  (0.2s)
[79/128] -DSTAGGER_CYCLES=200 ... 0.530 ms / 2067 TFLOPS  (209 regs, 1.6s)
[80/128] -DSTAGGER_CYCLES=200 -DTMEM_LOAD_WIDTH=64 ... COMPILE_FAIL  (0.2s)
[81/128] -DMBAR_EARLY=1 -DSTAGGER_CYCLES=0 ... 0.530 ms / 2067 TFLOPS  (209 regs, 1.6s)
[82/128] -DMBAR_EARLY=1 -DSTAGGER_CYCLES=0 -DTMEM_LOAD_WIDTH=64 ... COMPILE_FAIL  (0.2s)
[83/128] -DMBAR_EARLY=1 -DSTAGGER_CYCLES=40 ... 0.530 ms / 2068 TFLOPS  (210 regs, 1.6s)
[84/128] -DMBAR_EARLY=1 -DSTAGGER_CYCLES=40 -DTMEM_LOAD_WIDTH=64 ... COMPILE_FAIL  (0.2s)
[85/128] -DMBAR_EARLY=1 -DSTAGGER_CYCLES=60 ... 0.527 ms / 2077 TFLOPS  (210 regs, 1.6s)
[86/128] -DMBAR_EARLY=1 -DSTAGGER_CYCLES=60 -DTMEM_LOAD_WIDTH=64 ... COMPILE_FAIL  (0.2s)
[87/128] -DMBAR_EARLY=1 ... 0.527 ms / 2077 TFLOPS  (210 regs, 1.6s)
[88/128] -DMBAR_EARLY=1 -DTMEM_LOAD_WIDTH=64 ... COMPILE_FAIL  (0.2s)
[89/128] -DMBAR_EARLY=1 -DSTAGGER_CYCLES=100 ... 0.529 ms / 2070 TFLOPS  (210 regs, 1.6s)
[90/128] -DMBAR_EARLY=1 -DSTAGGER_CYCLES=100 -DTMEM_LOAD_WIDTH=64 ... COMPILE_FAIL  (0.2s)
[91/128] -DMBAR_EARLY=1 -DSTAGGER_CYCLES=120 ... 0.527 ms / 2076 TFLOPS  (210 regs, 1.6s)
[92/128] -DMBAR_EARLY=1 -DSTAGGER_CYCLES=120 -DTMEM_LOAD_WIDTH=64 ... COMPILE_FAIL  (0.2s)
[93/128] -DMBAR_EARLY=1 -DSTAGGER_CYCLES=160 ... 0.528 ms / 2075 TFLOPS  (210 regs, 1.6s)
[94/128] -DMBAR_EARLY=1 -DSTAGGER_CYCLES=160 -DTMEM_LOAD_WIDTH=64 ... COMPILE_FAIL  (0.2s)
[95/128] -DMBAR_EARLY=1 -DSTAGGER_CYCLES=200 ... 0.529 ms / 2071 TFLOPS  (210 regs, 1.6s)
[96/128] -DMBAR_EARLY=1 -DSTAGGER_CYCLES=200 -DTMEM_LOAD_WIDTH=64 ... COMPILE_FAIL  (0.2s)
[97/128] -DINTERLEAVE_STRATEGY=3 -DSTAGGER_CYCLES=0 ... 0.546 ms / 2005 TFLOPS  (208 regs, 1.6s)
[98/128] -DINTERLEAVE_STRATEGY=3 -DSTAGGER_CYCLES=0 -DTMEM_LOAD_WIDTH=64 ... COMPILE_FAIL  (0.2s)
[99/128] -DINTERLEAVE_STRATEGY=3 -DSTAGGER_CYCLES=40 ... 0.546 ms / 2007 TFLOPS  (209 regs, 1.6s)
[100/128] -DINTERLEAVE_STRATEGY=3 -DSTAGGER_CYCLES=40 -DTMEM_LOAD_WIDTH=64 ... COMPILE_FAIL  (0.2s)
[101/128] -DINTERLEAVE_STRATEGY=3 -DSTAGGER_CYCLES=60 ... 0.543 ms / 2016 TFLOPS  (209 regs, 1.6s)
[102/128] -DINTERLEAVE_STRATEGY=3 -DSTAGGER_CYCLES=60 -DTMEM_LOAD_WIDTH=64 ... COMPILE_FAIL  (0.2s)
[103/128] -DINTERLEAVE_STRATEGY=3 ... 0.544 ms / 2013 TFLOPS  (209 regs, 1.6s)
[104/128] -DINTERLEAVE_STRATEGY=3 -DTMEM_LOAD_WIDTH=64 ... COMPILE_FAIL  (0.2s)
[105/128] -DINTERLEAVE_STRATEGY=3 -DSTAGGER_CYCLES=100 ... 0.544 ms / 2012 TFLOPS  (209 regs, 1.6s)
[106/128] -DINTERLEAVE_STRATEGY=3 -DSTAGGER_CYCLES=100 -DTMEM_LOAD_WIDTH=64 ... COMPILE_FAIL  (0.2s)
[107/128] -DINTERLEAVE_STRATEGY=3 -DSTAGGER_CYCLES=120 ... 0.543 ms / 2016 TFLOPS  (209 regs, 1.6s)
[108/128] -DINTERLEAVE_STRATEGY=3 -DSTAGGER_CYCLES=120 -DTMEM_LOAD_WIDTH=64 ... COMPILE_FAIL  (0.2s)
[109/128] -DINTERLEAVE_STRATEGY=3 -DSTAGGER_CYCLES=160 ... 0.546 ms / 2007 TFLOPS  (209 regs, 1.6s)
[110/128] -DINTERLEAVE_STRATEGY=3 -DSTAGGER_CYCLES=160 -DTMEM_LOAD_WIDTH=64 ... COMPILE_FAIL  (0.2s)
[111/128] -DINTERLEAVE_STRATEGY=3 -DSTAGGER_CYCLES=200 ... 0.548 ms / 1999 TFLOPS  (209 regs, 1.6s)
[112/128] -DINTERLEAVE_STRATEGY=3 -DSTAGGER_CYCLES=200 -DTMEM_LOAD_WIDTH=64 ... COMPILE_FAIL  (0.2s)
[113/128] -DINTERLEAVE_STRATEGY=3 -DMBAR_EARLY=1 -DSTAGGER_CYCLES=0 ... 0.547 ms / 2000 TFLOPS  (209 regs, 1.6s)
[114/128] -DINTERLEAVE_STRATEGY=3 -DMBAR_EARLY=1 -DSTAGGER_CYCLES=0 -DTMEM_LOAD_WIDTH=64 ... COMPILE_FAIL  (0.2s)
[115/128] -DINTERLEAVE_STRATEGY=3 -DMBAR_EARLY=1 -DSTAGGER_CYCLES=40 ... 0.546 ms / 2006 TFLOPS  (210 regs, 1.6s)
[116/128] -DINTERLEAVE_STRATEGY=3 -DMBAR_EARLY=1 -DSTAGGER_CYCLES=40 -DTMEM_LOAD_WIDTH=64 ... COMPILE_FAIL  (0.2s)
[117/128] -DINTERLEAVE_STRATEGY=3 -DMBAR_EARLY=1 -DSTAGGER_CYCLES=60 ... 0.545 ms / 2008 TFLOPS  (210 regs, 1.6s)
[118/128] -DINTERLEAVE_STRATEGY=3 -DMBAR_EARLY=1 -DSTAGGER_CYCLES=60 -DTMEM_LOAD_WIDTH=64 ... COMPILE_FAIL  (0.2s)
[119/128] -DINTERLEAVE_STRATEGY=3 -DMBAR_EARLY=1 ... 0.545 ms / 2008 TFLOPS  (210 regs, 1.6s)
[120/128] -DINTERLEAVE_STRATEGY=3 -DMBAR_EARLY=1 -DTMEM_LOAD_WIDTH=64 ... COMPILE_FAIL  (0.2s)
[121/128] -DINTERLEAVE_STRATEGY=3 -DMBAR_EARLY=1 -DSTAGGER_CYCLES=100 ... 0.547 ms / 2002 TFLOPS  (210 regs, 1.6s)
[122/128] -DINTERLEAVE_STRATEGY=3 -DMBAR_EARLY=1 -DSTAGGER_CYCLES=100 -DTMEM_LOAD_WIDTH=64 ... COMPILE_FAIL  (0.2s)
[123/128] -DINTERLEAVE_STRATEGY=3 -DMBAR_EARLY=1 -DSTAGGER_CYCLES=120 ... 0.546 ms / 2006 TFLOPS  (210 regs, 1.6s)
[124/128] -DINTERLEAVE_STRATEGY=3 -DMBAR_EARLY=1 -DSTAGGER_CYCLES=120 -DTMEM_LOAD_WIDTH=64 ... COMPILE_FAIL  (0.2s)
[125/128] -DINTERLEAVE_STRATEGY=3 -DMBAR_EARLY=1 -DSTAGGER_CYCLES=160 ... 0.547 ms / 2003 TFLOPS  (210 regs, 1.6s)
[126/128] -DINTERLEAVE_STRATEGY=3 -DMBAR_EARLY=1 -DSTAGGER_CYCLES=160 -DTMEM_LOAD_WIDTH=64 ... COMPILE_FAIL  (0.2s)
[127/128] -DINTERLEAVE_STRATEGY=3 -DMBAR_EARLY=1 -DSTAGGER_CYCLES=200 ... 0.547 ms / 2001 TFLOPS  (210 regs, 1.6s)
[128/128] -DINTERLEAVE_STRATEGY=3 -DMBAR_EARLY=1 -DSTAGGER_CYCLES=200 -DTMEM_LOAD_WIDTH=64 ... COMPILE_FAIL  (0.2s)

Tier 2 winner: -DSTAGGER_CYCLES=100 → 0.527 ms / 2079 TFLOPS

=== Tier 3: PHASE1_UNROLL, SNAKE_ORDER, CVT_ADD_FUSED, K_LOOP_UNROLL, W0_LOOP_UNROLL, SUB_MMA_UNROLL ===
Sweep: 540 total, 540 valid, 0 pruned
Estimated time: ~45 min (540 configs × ~5s each)

[1/540] -DCVT_ADD_FUSED=0 -DK_LOOP_UNROLL=1 -DPHASE1_UNROLL=1 -DSNAKE_ORDER=0 -DSTAGGER_CYCLES=100 ... 0.675 ms / 1623 TFLOPS  (130 regs, 1.6s)
[2/540] -DCVT_ADD_FUSED=0 -DK_LOOP_UNROLL=1 -DPHASE1_UNROLL=1 -DSNAKE_ORDER=0 -DSTAGGER_CYCLES=100 -DW0_LOOP_UNROLL=1 ... 0.760 ms / 1440 TFLOPS  (111 regs, 1.6s)
[3/540] -DCVT_ADD_FUSED=0 -DK_LOOP_UNROLL=1 -DPHASE1_UNROLL=1 -DSNAKE_ORDER=0 -DSTAGGER_CYCLES=100 -DW0_LOOP_UNROLL=4 ... 0.664 ms / 1650 TFLOPS  (130 regs, 1.6s)
[4/540] -DCVT_ADD_FUSED=0 -DK_LOOP_UNROLL=1 -DPHASE1_UNROLL=1 -DSNAKE_ORDER=0 -DSTAGGER_CYCLES=100 -DSUB_MMA_UNROLL=1 ... 0.702 ms / 1560 TFLOPS  (126 regs, 1.6s)
[5/540] -DCVT_ADD_FUSED=0 -DK_LOOP_UNROLL=1 -DPHASE1_UNROLL=1 -DSNAKE_ORDER=0 -DSTAGGER_CYCLES=100 -DSUB_MMA_UNROLL=1 -DW0_LOOP_UNROLL=1 ... 0.787 ms / 1391 TFLOPS  (105 regs, 1.6s)
[6/540] -DCVT_ADD_FUSED=0 -DK_LOOP_UNROLL=1 -DPHASE1_UNROLL=1 -DSNAKE_ORDER=0 -DSTAGGER_CYCLES=100 -DSUB_MMA_UNROLL=1 -DW0_LOOP_UNROLL=4 ... 0.702 ms / 1559 TFLOPS  (126 regs, 1.6s)
[7/540] -DCVT_ADD_FUSED=0 -DK_LOOP_UNROLL=1 -DPHASE1_UNROLL=1 -DSNAKE_ORDER=0 -DSTAGGER_CYCLES=100 -DSUB_MMA_UNROLL=3 ... 0.670 ms / 1635 TFLOPS  (130 regs, 1.6s)
[8/540] -DCVT_ADD_FUSED=0 -DK_LOOP_UNROLL=1 -DPHASE1_UNROLL=1 -DSNAKE_ORDER=0 -DSTAGGER_CYCLES=100 -DSUB_MMA_UNROLL=3 -DW0_LOOP_UNROLL=1 ... 0.771 ms / 1419 TFLOPS  (111 regs, 1.5s)
[9/540] -DCVT_ADD_FUSED=0 -DK_LOOP_UNROLL=1 -DPHASE1_UNROLL=1 -DSNAKE_ORDER=0 -DSTAGGER_CYCLES=100 -DSUB_MMA_UNROLL=3 -DW0_LOOP_UNROLL=4 ... 0.669 ms / 1637 TFLOPS  (130 regs, 1.6s)
[10/540] -DCVT_ADD_FUSED=0 -DK_LOOP_UNROLL=1 -DPHASE1_UNROLL=1 -DSTAGGER_CYCLES=100 ... 0.667 ms / 1642 TFLOPS  (130 regs, 1.6s)
[11/540] -DCVT_ADD_FUSED=0 -DK_LOOP_UNROLL=1 -DPHASE1_UNROLL=1 -DSTAGGER_CYCLES=100 -DW0_LOOP_UNROLL=1 ... 0.767 ms / 1429 TFLOPS  (111 regs, 1.6s)
[12/540] -DCVT_ADD_FUSED=0 -DK_LOOP_UNROLL=1 -DPHASE1_UNROLL=1 -DSTAGGER_CYCLES=100 -DW0_LOOP_UNROLL=4 ... 0.668 ms / 1639 TFLOPS  (130 regs, 1.6s)
[13/540] -DCVT_ADD_FUSED=0 -DK_LOOP_UNROLL=1 -DPHASE1_UNROLL=1 -DSTAGGER_CYCLES=100 -DSUB_MMA_UNROLL=1 ... 0.693 ms / 1580 TFLOPS  (126 regs, 1.6s)
[14/540] -DCVT_ADD_FUSED=0 -DK_LOOP_UNROLL=1 -DPHASE1_UNROLL=1 -DSTAGGER_CYCLES=100 -DSUB_MMA_UNROLL=1 -DW0_LOOP_UNROLL=1 ... 0.783 ms / 1398 TFLOPS  (105 regs, 1.6s)
[15/540] -DCVT_ADD_FUSED=0 -DK_LOOP_UNROLL=1 -DPHASE1_UNROLL=1 -DSTAGGER_CYCLES=100 -DSUB_MMA_UNROLL=1 -DW0_LOOP_UNROLL=4 ... 0.705 ms / 1554 TFLOPS  (126 regs, 1.6s)
[16/540] -DCVT_ADD_FUSED=0 -DK_LOOP_UNROLL=1 -DPHASE1_UNROLL=1 -DSTAGGER_CYCLES=100 -DSUB_MMA_UNROLL=3 ... 0.672 ms / 1629 TFLOPS  (130 regs, 1.6s)
[17/540] -DCVT_ADD_FUSED=0 -DK_LOOP_UNROLL=1 -DPHASE1_UNROLL=1 -DSTAGGER_CYCLES=100 -DSUB_MMA_UNROLL=3 -DW0_LOOP_UNROLL=1 ... 0.750 ms / 1460 TFLOPS  (111 regs, 1.6s)
[18/540] -DCVT_ADD_FUSED=0 -DK_LOOP_UNROLL=1 -DPHASE1_UNROLL=1 -DSTAGGER_CYCLES=100 -DSUB_MMA_UNROLL=3 -DW0_LOOP_UNROLL=4 ... 0.664 ms / 1650 TFLOPS  (130 regs, 1.6s)
[19/540] -DCVT_ADD_FUSED=0 -DK_LOOP_UNROLL=1 -DSNAKE_ORDER=0 -DSTAGGER_CYCLES=100 ... 0.660 ms / 1659 TFLOPS  (161 regs, 1.6s)
[20/540] -DCVT_ADD_FUSED=0 -DK_LOOP_UNROLL=1 -DSNAKE_ORDER=0 -DSTAGGER_CYCLES=100 -DW0_LOOP_UNROLL=1 ... 0.767 ms / 1429 TFLOPS  (142 regs, 1.6s)
[21/540] -DCVT_ADD_FUSED=0 -DK_LOOP_UNROLL=1 -DSNAKE_ORDER=0 -DSTAGGER_CYCLES=100 -DW0_LOOP_UNROLL=4 ... 0.659 ms / 1662 TFLOPS  (161 regs, 1.6s)
[22/540] -DCVT_ADD_FUSED=0 -DK_LOOP_UNROLL=1 -DSNAKE_ORDER=0 -DSTAGGER_CYCLES=100 -DSUB_MMA_UNROLL=1 ... 0.697 ms / 1570 TFLOPS  (153 regs, 1.6s)
[23/540] -DCVT_ADD_FUSED=0 -DK_LOOP_UNROLL=1 -DSNAKE_ORDER=0 -DSTAGGER_CYCLES=100 -DSUB_MMA_UNROLL=1 -DW0_LOOP_UNROLL=1 ... 0.782 ms / 1400 TFLOPS  (134 regs, 1.6s)
[24/540] -DCVT_ADD_FUSED=0 -DK_LOOP_UNROLL=1 -DSNAKE_ORDER=0 -DSTAGGER_CYCLES=100 -DSUB_MMA_UNROLL=1 -DW0_LOOP_UNROLL=4 ... 0.698 ms / 1569 TFLOPS  (153 regs, 1.6s)
[25/540] -DCVT_ADD_FUSED=0 -DK_LOOP_UNROLL=1 -DSNAKE_ORDER=0 -DSTAGGER_CYCLES=100 -DSUB_MMA_UNROLL=3 ... 0.657 ms / 1666 TFLOPS  (161 regs, 1.6s)
[26/540] -DCVT_ADD_FUSED=0 -DK_LOOP_UNROLL=1 -DSNAKE_ORDER=0 -DSTAGGER_CYCLES=100 -DSUB_MMA_UNROLL=3 -DW0_LOOP_UNROLL=1 ... 0.777 ms / 1410 TFLOPS  (142 regs, 1.6s)
[27/540] -DCVT_ADD_FUSED=0 -DK_LOOP_UNROLL=1 -DSNAKE_ORDER=0 -DSTAGGER_CYCLES=100 -DSUB_MMA_UNROLL=3 -DW0_LOOP_UNROLL=4 ... 0.666 ms / 1645 TFLOPS  (161 regs, 1.6s)
[28/540] -DCVT_ADD_FUSED=0 -DK_LOOP_UNROLL=1 -DSTAGGER_CYCLES=100 ... 0.661 ms / 1657 TFLOPS  (161 regs, 1.6s)
[29/540] -DCVT_ADD_FUSED=0 -DK_LOOP_UNROLL=1 -DSTAGGER_CYCLES=100 -DW0_LOOP_UNROLL=1 ... 0.767 ms / 1427 TFLOPS  (142 regs, 1.6s)
[30/540] -DCVT_ADD_FUSED=0 -DK_LOOP_UNROLL=1 -DSTAGGER_CYCLES=100 -DW0_LOOP_UNROLL=4 ... 0.662 ms / 1653 TFLOPS  (161 regs, 1.6s)
[31/540] -DCVT_ADD_FUSED=0 -DK_LOOP_UNROLL=1 -DSTAGGER_CYCLES=100 -DSUB_MMA_UNROLL=1 ... 0.702 ms / 1559 TFLOPS  (153 regs, 1.6s)
[32/540] -DCVT_ADD_FUSED=0 -DK_LOOP_UNROLL=1 -DSTAGGER_CYCLES=100 -DSUB_MMA_UNROLL=1 -DW0_LOOP_UNROLL=1 ... 0.787 ms / 1391 TFLOPS  (134 regs, 1.6s)
[33/540] -DCVT_ADD_FUSED=0 -DK_LOOP_UNROLL=1 -DSTAGGER_CYCLES=100 -DSUB_MMA_UNROLL=1 -DW0_LOOP_UNROLL=4 ... 0.702 ms / 1559 TFLOPS  (153 regs, 1.6s)
[34/540] -DCVT_ADD_FUSED=0 -DK_LOOP_UNROLL=1 -DSTAGGER_CYCLES=100 -DSUB_MMA_UNROLL=3 ... 0.657 ms / 1667 TFLOPS  (161 regs, 1.6s)
[35/540] -DCVT_ADD_FUSED=0 -DK_LOOP_UNROLL=1 -DSTAGGER_CYCLES=100 -DSUB_MMA_UNROLL=3 -DW0_LOOP_UNROLL=1 ... 0.764 ms / 1433 TFLOPS  (142 regs, 1.6s)
[36/540] -DCVT_ADD_FUSED=0 -DK_LOOP_UNROLL=1 -DSTAGGER_CYCLES=100 -DSUB_MMA_UNROLL=3 -DW0_LOOP_UNROLL=4 ... 0.666 ms / 1645 TFLOPS  (161 regs, 1.6s)
[37/540] -DCVT_ADD_FUSED=0 -DK_LOOP_UNROLL=1 -DPHASE1_UNROLL=4 -DSNAKE_ORDER=0 -DSTAGGER_CYCLES=100 ... 0.667 ms / 1641 TFLOPS  (210 regs, 1.6s)
[38/540] -DCVT_ADD_FUSED=0 -DK_LOOP_UNROLL=1 -DPHASE1_UNROLL=4 -DSNAKE_ORDER=0 -DSTAGGER_CYCLES=100 -DW0_LOOP_UNROLL=1 ... 0.767 ms / 1428 TFLOPS  (192 regs, 1.6s)
[39/540] -DCVT_ADD_FUSED=0 -DK_LOOP_UNROLL=1 -DPHASE1_UNROLL=4 -DSNAKE_ORDER=0 -DSTAGGER_CYCLES=100 -DW0_LOOP_UNROLL=4 ... 0.668 ms / 1638 TFLOPS  (210 regs, 1.6s)
[40/540] -DCVT_ADD_FUSED=0 -DK_LOOP_UNROLL=1 -DPHASE1_UNROLL=4 -DSNAKE_ORDER=0 -DSTAGGER_CYCLES=100 -DSUB_MMA_UNROLL=1 ... 0.706 ms / 1551 TFLOPS  (202 regs, 1.6s)
[41/540] -DCVT_ADD_FUSED=0 -DK_LOOP_UNROLL=1 -DPHASE1_UNROLL=4 -DSNAKE_ORDER=0 -DSTAGGER_CYCLES=100 -DSUB_MMA_UNROLL=1 -DW0_LOOP_UNROLL=1 ... 0.786 ms / 1393 TFLOPS  (184 regs, 1.6s)
[42/540] -DCVT_ADD_FUSED=0 -DK_LOOP_UNROLL=1 -DPHASE1_UNROLL=4 -DSNAKE_ORDER=0 -DSTAGGER_CYCLES=100 -DSUB_MMA_UNROLL=1 -DW0_LOOP_UNROLL=4 ... 0.711 ms / 1540 TFLOPS  (202 regs, 1.6s)
[43/540] -DCVT_ADD_FUSED=0 -DK_LOOP_UNROLL=1 -DPHASE1_UNROLL=4 -DSNAKE_ORDER=0 -DSTAGGER_CYCLES=100 -DSUB_MMA_UNROLL=3 ... 0.667 ms / 1641 TFLOPS  (210 regs, 1.6s)
[44/540] -DCVT_ADD_FUSED=0 -DK_LOOP_UNROLL=1 -DPHASE1_UNROLL=4 -DSNAKE_ORDER=0 -DSTAGGER_CYCLES=100 -DSUB_MMA_UNROLL=3 -DW0_LOOP_UNROLL=1 ... 0.779 ms / 1405 TFLOPS  (192 regs, 1.6s)
[45/540] -DCVT_ADD_FUSED=0 -DK_LOOP_UNROLL=1 -DPHASE1_UNROLL=4 -DSNAKE_ORDER=0 -DSTAGGER_CYCLES=100 -DSUB_MMA_UNROLL=3 -DW0_LOOP_UNROLL=4 ... 0.673 ms / 1628 TFLOPS  (210 regs, 1.6s)
[46/540] -DCVT_ADD_FUSED=0 -DK_LOOP_UNROLL=1 -DPHASE1_UNROLL=4 -DSTAGGER_CYCLES=100 ... 0.678 ms / 1615 TFLOPS  (210 regs, 1.6s)
[47/540] -DCVT_ADD_FUSED=0 -DK_LOOP_UNROLL=1 -DPHASE1_UNROLL=4 -DSTAGGER_CYCLES=100 -DW0_LOOP_UNROLL=1 ... 0.770 ms / 1423 TFLOPS  (192 regs, 1.6s)
[48/540] -DCVT_ADD_FUSED=0 -DK_LOOP_UNROLL=1 -DPHASE1_UNROLL=4 -DSTAGGER_CYCLES=100 -DW0_LOOP_UNROLL=4 ... 0.680 ms / 1610 TFLOPS  (210 regs, 1.6s)
[49/540] -DCVT_ADD_FUSED=0 -DK_LOOP_UNROLL=1 -DPHASE1_UNROLL=4 -DSTAGGER_CYCLES=100 -DSUB_MMA_UNROLL=1 ... 0.718 ms / 1525 TFLOPS  (202 regs, 1.6s)
[50/540] -DCVT_ADD_FUSED=0 -DK_LOOP_UNROLL=1 -DPHASE1_UNROLL=4 -DSTAGGER_CYCLES=100 -DSUB_MMA_UNROLL=1 -DW0_LOOP_UNROLL=1 ... 0.791 ms / 1385 TFLOPS  (184 regs, 1.6s)
[51/540] -DCVT_ADD_FUSED=0 -DK_LOOP_UNROLL=1 -DPHASE1_UNROLL=4 -DSTAGGER_CYCLES=100 -DSUB_MMA_UNROLL=1 -DW0_LOOP_UNROLL=4 ... 0.706 ms / 1551 TFLOPS  (202 regs, 1.6s)
[52/540] -DCVT_ADD_FUSED=0 -DK_LOOP_UNROLL=1 -DPHASE1_UNROLL=4 -DSTAGGER_CYCLES=100 -DSUB_MMA_UNROLL=3 ... 0.683 ms / 1602 TFLOPS  (210 regs, 1.6s)
[53/540] -DCVT_ADD_FUSED=0 -DK_LOOP_UNROLL=1 -DPHASE1_UNROLL=4 -DSTAGGER_CYCLES=100 -DSUB_MMA_UNROLL=3 -DW0_LOOP_UNROLL=1 ... 0.764 ms / 1434 TFLOPS  (192 regs, 1.6s)
[54/540] -DCVT_ADD_FUSED=0 -DK_LOOP_UNROLL=1 -DPHASE1_UNROLL=4 -DSTAGGER_CYCLES=100 -DSUB_MMA_UNROLL=3 -DW0_LOOP_UNROLL=4 ... 0.673 ms / 1626 TFLOPS  (210 regs, 1.6s)
[55/540] -DCVT_ADD_FUSED=0 -DK_LOOP_UNROLL=2 -DPHASE1_UNROLL=1 -DSNAKE_ORDER=0 -DSTAGGER_CYCLES=100 ... 0.674 ms / 1624 TFLOPS  (130 regs, 1.6s)
[56/540] -DCVT_ADD_FUSED=0 -DK_LOOP_UNROLL=2 -DPHASE1_UNROLL=1 -DSNAKE_ORDER=0 -DSTAGGER_CYCLES=100 -DW0_LOOP_UNROLL=1 ... 0.768 ms / 1426 TFLOPS  (111 regs, 1.6s)
[57/540] -DCVT_ADD_FUSED=0 -DK_LOOP_UNROLL=2 -DPHASE1_UNROLL=1 -DSNAKE_ORDER=0 -DSTAGGER_CYCLES=100 -DW0_LOOP_UNROLL=4 ... 0.673 ms / 1628 TFLOPS  (130 regs, 1.6s)
[58/540] -DCVT_ADD_FUSED=0 -DK_LOOP_UNROLL=2 -DPHASE1_UNROLL=1 -DSNAKE_ORDER=0 -DSTAGGER_CYCLES=100 -DSUB_MMA_UNROLL=1 ... 0.696 ms / 1573 TFLOPS  (126 regs, 1.6s)
[59/540] -DCVT_ADD_FUSED=0 -DK_LOOP_UNROLL=2 -DPHASE1_UNROLL=1 -DSNAKE_ORDER=0 -DSTAGGER_CYCLES=100 -DSUB_MMA_UNROLL=1 -DW0_LOOP_UNROLL=1 ... 0.778 ms / 1408 TFLOPS  (105 regs, 1.6s)
[60/540] -DCVT_ADD_FUSED=0 -DK_LOOP_UNROLL=2 -DPHASE1_UNROLL=1 -DSNAKE_ORDER=0 -DSTAGGER_CYCLES=100 -DSUB_MMA_UNROLL=1 -DW0_LOOP_UNROLL=4 ... 0.704 ms / 1556 TFLOPS  (126 regs, 1.6s)
[61/540] -DCVT_ADD_FUSED=0 -DK_LOOP_UNROLL=2 -DPHASE1_UNROLL=1 -DSNAKE_ORDER=0 -DSTAGGER_CYCLES=100 -DSUB_MMA_UNROLL=3 ... 0.669 ms / 1637 TFLOPS  (130 regs, 1.6s)
[62/540] -DCVT_ADD_FUSED=0 -DK_LOOP_UNROLL=2 -DPHASE1_UNROLL=1 -DSNAKE_ORDER=0 -DSTAGGER_CYCLES=100 -DSUB_MMA_UNROLL=3 -DW0_LOOP_UNROLL=1 ... 0.758 ms / 1445 TFLOPS  (111 regs, 1.6s)
[63/540] -DCVT_ADD_FUSED=0 -DK_LOOP_UNROLL=2 -DPHASE1_UNROLL=1 -DSNAKE_ORDER=0 -DSTAGGER_CYCLES=100 -DSUB_MMA_UNROLL=3 -DW0_LOOP_UNROLL=4 ... 0.672 ms / 1629 TFLOPS  (130 regs, 1.6s)
[64/540] -DCVT_ADD_FUSED=0 -DK_LOOP_UNROLL=2 -DPHASE1_UNROLL=1 -DSTAGGER_CYCLES=100 ... 0.668 ms / 1639 TFLOPS  (130 regs, 1.6s)
[65/540] -DCVT_ADD_FUSED=0 -DK_LOOP_UNROLL=2 -DPHASE1_UNROLL=1 -DSTAGGER_CYCLES=100 -DW0_LOOP_UNROLL=1 ... 0.749 ms / 1462 TFLOPS  (111 regs, 1.6s)
[66/540] -DCVT_ADD_FUSED=0 -DK_LOOP_UNROLL=2 -DPHASE1_UNROLL=1 -DSTAGGER_CYCLES=100 -DW0_LOOP_UNROLL=4 ... 0.669 ms / 1636 TFLOPS  (130 regs, 1.6s)
[67/540] -DCVT_ADD_FUSED=0 -DK_LOOP_UNROLL=2 -DPHASE1_UNROLL=1 -DSTAGGER_CYCLES=100 -DSUB_MMA_UNROLL=1 ... 0.688 ms / 1591 TFLOPS  (126 regs, 1.6s)
[68/540] -DCVT_ADD_FUSED=0 -DK_LOOP_UNROLL=2 -DPHASE1_UNROLL=1 -DSTAGGER_CYCLES=100 -DSUB_MMA_UNROLL=1 -DW0_LOOP_UNROLL=1 ... 0.787 ms / 1392 TFLOPS  (105 regs, 1.6s)
[69/540] -DCVT_ADD_FUSED=0 -DK_LOOP_UNROLL=2 -DPHASE1_UNROLL=1 -DSTAGGER_CYCLES=100 -DSUB_MMA_UNROLL=1 -DW0_LOOP_UNROLL=4 ... 0.694 ms / 1578 TFLOPS  (126 regs, 1.6s)
[70/540] -DCVT_ADD_FUSED=0 -DK_LOOP_UNROLL=2 -DPHASE1_UNROLL=1 -DSTAGGER_CYCLES=100 -DSUB_MMA_UNROLL=3 ... 0.668 ms / 1638 TFLOPS  (130 regs, 1.6s)
[71/540] -DCVT_ADD_FUSED=0 -DK_LOOP_UNROLL=2 -DPHASE1_UNROLL=1 -DSTAGGER_CYCLES=100 -DSUB_MMA_UNROLL=3 -DW0_LOOP_UNROLL=1 ... 0.772 ms / 1419 TFLOPS  (111 regs, 1.6s)
[72/540] -DCVT_ADD_FUSED=0 -DK_LOOP_UNROLL=2 -DPHASE1_UNROLL=1 -DSTAGGER_CYCLES=100 -DSUB_MMA_UNROLL=3 -DW0_LOOP_UNROLL=4 ... 0.671 ms / 1631 TFLOPS  (130 regs, 1.6s)
[73/540] -DCVT_ADD_FUSED=0 -DK_LOOP_UNROLL=2 -DSNAKE_ORDER=0 -DSTAGGER_CYCLES=100 ... 0.667 ms / 1642 TFLOPS  (161 regs, 1.6s)
[74/540] -DCVT_ADD_FUSED=0 -DK_LOOP_UNROLL=2 -DSNAKE_ORDER=0 -DSTAGGER_CYCLES=100 -DW0_LOOP_UNROLL=1 ... 0.761 ms / 1440 TFLOPS  (142 regs, 1.6s)
[75/540] -DCVT_ADD_FUSED=0 -DK_LOOP_UNROLL=2 -DSNAKE_ORDER=0 -DSTAGGER_CYCLES=100 -DW0_LOOP_UNROLL=4 ... 0.667 ms / 1641 TFLOPS  (161 regs, 1.6s)
[76/540] -DCVT_ADD_FUSED=0 -DK_LOOP_UNROLL=2 -DSNAKE_ORDER=0 -DSTAGGER_CYCLES=100 -DSUB_MMA_UNROLL=1 ... 0.700 ms / 1564 TFLOPS  (153 regs, 1.6s)
[77/540] -DCVT_ADD_FUSED=0 -DK_LOOP_UNROLL=2 -DSNAKE_ORDER=0 -DSTAGGER_CYCLES=100 -DSUB_MMA_UNROLL=1 -DW0_LOOP_UNROLL=1 ... 0.784 ms / 1398 TFLOPS  (134 regs, 1.6s)
[78/540] -DCVT_ADD_FUSED=0 -DK_LOOP_UNROLL=2 -DSNAKE_ORDER=0 -DSTAGGER_CYCLES=100 -DSUB_MMA_UNROLL=1 -DW0_LOOP_UNROLL=4 ... 0.694 ms / 1577 TFLOPS  (153 regs, 1.6s)
[79/540] -DCVT_ADD_FUSED=0 -DK_LOOP_UNROLL=2 -DSNAKE_ORDER=0 -DSTAGGER_CYCLES=100 -DSUB_MMA_UNROLL=3 ... 0.664 ms / 1649 TFLOPS  (161 regs, 1.6s)
[80/540] -DCVT_ADD_FUSED=0 -DK_LOOP_UNROLL=2 -DSNAKE_ORDER=0 -DSTAGGER_CYCLES=100 -DSUB_MMA_UNROLL=3 -DW0_LOOP_UNROLL=1 ... 0.760 ms / 1440 TFLOPS  (142 regs, 1.6s)
[81/540] -DCVT_ADD_FUSED=0 -DK_LOOP_UNROLL=2 -DSNAKE_ORDER=0 -DSTAGGER_CYCLES=100 -DSUB_MMA_UNROLL=3 -DW0_LOOP_UNROLL=4 ... 0.661 ms / 1657 TFLOPS  (161 regs, 1.6s)
[82/540] -DCVT_ADD_FUSED=0 -DK_LOOP_UNROLL=2 -DSTAGGER_CYCLES=100 ... 0.662 ms / 1655 TFLOPS  (161 regs, 1.6s)
[83/540] -DCVT_ADD_FUSED=0 -DK_LOOP_UNROLL=2 -DSTAGGER_CYCLES=100 -DW0_LOOP_UNROLL=1 ... 0.772 ms / 1418 TFLOPS  (142 regs, 1.6s)
[84/540] -DCVT_ADD_FUSED=0 -DK_LOOP_UNROLL=2 -DSTAGGER_CYCLES=100 -DW0_LOOP_UNROLL=4 ... 0.660 ms / 1658 TFLOPS  (161 regs, 1.6s)
[85/540] -DCVT_ADD_FUSED=0 -DK_LOOP_UNROLL=2 -DSTAGGER_CYCLES=100 -DSUB_MMA_UNROLL=1 ... 0.696 ms / 1573 TFLOPS  (153 regs, 1.6s)
[86/540] -DCVT_ADD_FUSED=0 -DK_LOOP_UNROLL=2 -DSTAGGER_CYCLES=100 -DSUB_MMA_UNROLL=1 -DW0_LOOP_UNROLL=1 ... 0.775 ms / 1413 TFLOPS  (134 regs, 1.6s)
[87/540] -DCVT_ADD_FUSED=0 -DK_LOOP_UNROLL=2 -DSTAGGER_CYCLES=100 -DSUB_MMA_UNROLL=1 -DW0_LOOP_UNROLL=4 ... 0.700 ms / 1564 TFLOPS  (153 regs, 1.6s)
[88/540] -DCVT_ADD_FUSED=0 -DK_LOOP_UNROLL=2 -DSTAGGER_CYCLES=100 -DSUB_MMA_UNROLL=3 ... 0.667 ms / 1641 TFLOPS  (161 regs, 1.6s)
[89/540] -DCVT_ADD_FUSED=0 -DK_LOOP_UNROLL=2 -DSTAGGER_CYCLES=100 -DSUB_MMA_UNROLL=3 -DW0_LOOP_UNROLL=1 ... 0.768 ms / 1426 TFLOPS  (142 regs, 1.6s)
[90/540] -DCVT_ADD_FUSED=0 -DK_LOOP_UNROLL=2 -DSTAGGER_CYCLES=100 -DSUB_MMA_UNROLL=3 -DW0_LOOP_UNROLL=4 ... 0.670 ms / 1634 TFLOPS  (161 regs, 1.6s)
[91/540] -DCVT_ADD_FUSED=0 -DK_LOOP_UNROLL=2 -DPHASE1_UNROLL=4 -DSNAKE_ORDER=0 -DSTAGGER_CYCLES=100 ... 0.673 ms / 1627 TFLOPS  (210 regs, 1.6s)
[92/540] -DCVT_ADD_FUSED=0 -DK_LOOP_UNROLL=2 -DPHASE1_UNROLL=4 -DSNAKE_ORDER=0 -DSTAGGER_CYCLES=100 -DW0_LOOP_UNROLL=1 ... 0.768 ms / 1426 TFLOPS  (192 regs, 1.6s)
[93/540] -DCVT_ADD_FUSED=0 -DK_LOOP_UNROLL=2 -DPHASE1_UNROLL=4 -DSNAKE_ORDER=0 -DSTAGGER_CYCLES=100 -DW0_LOOP_UNROLL=4 ... 0.678 ms / 1614 TFLOPS  (210 regs, 1.6s)
[94/540] -DCVT_ADD_FUSED=0 -DK_LOOP_UNROLL=2 -DPHASE1_UNROLL=4 -DSNAKE_ORDER=0 -DSTAGGER_CYCLES=100 -DSUB_MMA_UNROLL=1 ... 0.723 ms / 1515 TFLOPS  (202 regs, 1.6s)
[95/540] -DCVT_ADD_FUSED=0 -DK_LOOP_UNROLL=2 -DPHASE1_UNROLL=4 -DSNAKE_ORDER=0 -DSTAGGER_CYCLES=100 -DSUB_MMA_UNROLL=1 -DW0_LOOP_UNROLL=1 ... 0.803 ms / 1364 TFLOPS  (184 regs, 1.6s)
[96/540] -DCVT_ADD_FUSED=0 -DK_LOOP_UNROLL=2 -DPHASE1_UNROLL=4 -DSNAKE_ORDER=0 -DSTAGGER_CYCLES=100 -DSUB_MMA_UNROLL=1 -DW0_LOOP_UNROLL=4 ... 0.714 ms / 1533 TFLOPS  (202 regs, 1.6s)
[97/540] -DCVT_ADD_FUSED=0 -DK_LOOP_UNROLL=2 -DPHASE1_UNROLL=4 -DSNAKE_ORDER=0 -DSTAGGER_CYCLES=100 -DSUB_MMA_UNROLL=3 ... 0.670 ms / 1635 TFLOPS  (210 regs, 1.6s)
[98/540] -DCVT_ADD_FUSED=0 -DK_LOOP_UNROLL=2 -DPHASE1_UNROLL=4 -DSNAKE_ORDER=0 -DSTAGGER_CYCLES=100 -DSUB_MMA_UNROLL=3 -DW0_LOOP_UNROLL=1 ... 0.783 ms / 1399 TFLOPS  (192 regs, 1.6s)
[99/540] -DCVT_ADD_FUSED=0 -DK_LOOP_UNROLL=2 -DPHASE1_UNROLL=4 -DSNAKE_ORDER=0 -DSTAGGER_CYCLES=100 -DSUB_MMA_UNROLL=3 -DW0_LOOP_UNROLL=4 ... 0.677 ms / 1617 TFLOPS  (210 regs, 1.6s)
[100/540] -DCVT_ADD_FUSED=0 -DK_LOOP_UNROLL=2 -DPHASE1_UNROLL=4 -DSTAGGER_CYCLES=100 ... 0.668 ms / 1639 TFLOPS  (210 regs, 1.6s)
[101/540] -DCVT_ADD_FUSED=0 -DK_LOOP_UNROLL=2 -DPHASE1_UNROLL=4 -DSTAGGER_CYCLES=100 -DW0_LOOP_UNROLL=1 ... 0.761 ms / 1439 TFLOPS  (192 regs, 1.6s)
[102/540] -DCVT_ADD_FUSED=0 -DK_LOOP_UNROLL=2 -DPHASE1_UNROLL=4 -DSTAGGER_CYCLES=100 -DW0_LOOP_UNROLL=4 ... 0.673 ms / 1627 TFLOPS  (210 regs, 1.6s)
[103/540] -DCVT_ADD_FUSED=0 -DK_LOOP_UNROLL=2 -DPHASE1_UNROLL=4 -DSTAGGER_CYCLES=100 -DSUB_MMA_UNROLL=1 ... 0.707 ms / 1549 TFLOPS  (202 regs, 1.6s)
[104/540] -DCVT_ADD_FUSED=0 -DK_LOOP_UNROLL=2 -DPHASE1_UNROLL=4 -DSTAGGER_CYCLES=100 -DSUB_MMA_UNROLL=1 -DW0_LOOP_UNROLL=1 ... 0.794 ms / 1380 TFLOPS  (184 regs, 1.6s)
[105/540] -DCVT_ADD_FUSED=0 -DK_LOOP_UNROLL=2 -DPHASE1_UNROLL=4 -DSTAGGER_CYCLES=100 -DSUB_MMA_UNROLL=1 -DW0_LOOP_UNROLL=4 ... 0.713 ms / 1536 TFLOPS  (202 regs, 1.6s)
[106/540] -DCVT_ADD_FUSED=0 -DK_LOOP_UNROLL=2 -DPHASE1_UNROLL=4 -DSTAGGER_CYCLES=100 -DSUB_MMA_UNROLL=3 ... 0.675 ms / 1623 TFLOPS  (210 regs, 1.6s)
[107/540] -DCVT_ADD_FUSED=0 -DK_LOOP_UNROLL=2 -DPHASE1_UNROLL=4 -DSTAGGER_CYCLES=100 -DSUB_MMA_UNROLL=3 -DW0_LOOP_UNROLL=1 ... 0.756 ms / 1449 TFLOPS  (192 regs, 1.6s)
[108/540] -DCVT_ADD_FUSED=0 -DK_LOOP_UNROLL=2 -DPHASE1_UNROLL=4 -DSTAGGER_CYCLES=100 -DSUB_MMA_UNROLL=3 -DW0_LOOP_UNROLL=4 ... 0.676 ms / 1620 TFLOPS  (210 regs, 1.6s)
[109/540] -DCVT_ADD_FUSED=0 -DPHASE1_UNROLL=1 -DSNAKE_ORDER=0 -DSTAGGER_CYCLES=100 ... 0.732 ms / 1496 TFLOPS  (179 regs, 1.6s)
[110/540] -DCVT_ADD_FUSED=0 -DPHASE1_UNROLL=1 -DSNAKE_ORDER=0 -DSTAGGER_CYCLES=100 -DW0_LOOP_UNROLL=1 ... 0.681 ms / 1608 TFLOPS  (164 regs, 1.6s)
[111/540] -DCVT_ADD_FUSED=0 -DPHASE1_UNROLL=1 -DSNAKE_ORDER=0 -DSTAGGER_CYCLES=100 -DW0_LOOP_UNROLL=4 ... 0.729 ms / 1501 TFLOPS  (179 regs, 1.6s)
[112/540] -DCVT_ADD_FUSED=0 -DPHASE1_UNROLL=1 -DSNAKE_ORDER=0 -DSTAGGER_CYCLES=100 -DSUB_MMA_UNROLL=1 ... 0.734 ms / 1491 TFLOPS  (134 regs, 1.6s)
[113/540] -DCVT_ADD_FUSED=0 -DPHASE1_UNROLL=1 -DSNAKE_ORDER=0 -DSTAGGER_CYCLES=100 -DSUB_MMA_UNROLL=1 -DW0_LOOP_UNROLL=1 ... 0.693 ms / 1580 TFLOPS  (120 regs, 1.6s)
[114/540] -DCVT_ADD_FUSED=0 -DPHASE1_UNROLL=1 -DSNAKE_ORDER=0 -DSTAGGER_CYCLES=100 -DSUB_MMA_UNROLL=1 -DW0_LOOP_UNROLL=4 ... 0.727 ms / 1507 TFLOPS  (134 regs, 1.6s)
[115/540] -DCVT_ADD_FUSED=0 -DPHASE1_UNROLL=1 -DSNAKE_ORDER=0 -DSTAGGER_CYCLES=100 -DSUB_MMA_UNROLL=3 ... 0.733 ms / 1494 TFLOPS  (179 regs, 1.6s)
[116/540] -DCVT_ADD_FUSED=0 -DPHASE1_UNROLL=1 -DSNAKE_ORDER=0 -DSTAGGER_CYCLES=100 -DSUB_MMA_UNROLL=3 -DW0_LOOP_UNROLL=1 ... 0.687 ms / 1593 TFLOPS  (164 regs, 1.6s)
[117/540] -DCVT_ADD_FUSED=0 -DPHASE1_UNROLL=1 -DSNAKE_ORDER=0 -DSTAGGER_CYCLES=100 -DSUB_MMA_UNROLL=3 -DW0_LOOP_UNROLL=4 ... 0.726 ms / 1508 TFLOPS  (179 regs, 1.6s)
[118/540] -DCVT_ADD_FUSED=0 -DPHASE1_UNROLL=1 -DSTAGGER_CYCLES=100 ... 0.612 ms / 1788 TFLOPS  (179 regs, 1.6s)
[119/540] -DCVT_ADD_FUSED=0 -DPHASE1_UNROLL=1 -DSTAGGER_CYCLES=100 -DW0_LOOP_UNROLL=1 ... 0.688 ms / 1591 TFLOPS  (164 regs, 1.6s)
[120/540] -DCVT_ADD_FUSED=0 -DPHASE1_UNROLL=1 -DSTAGGER_CYCLES=100 -DW0_LOOP_UNROLL=4 ... 0.626 ms / 1750 TFLOPS  (179 regs, 1.6s)
[121/540] -DCVT_ADD_FUSED=0 -DPHASE1_UNROLL=1 -DSTAGGER_CYCLES=100 -DSUB_MMA_UNROLL=1 ... 0.613 ms / 1787 TFLOPS  (134 regs, 1.6s)
[122/540] -DCVT_ADD_FUSED=0 -DPHASE1_UNROLL=1 -DSTAGGER_CYCLES=100 -DSUB_MMA_UNROLL=1 -DW0_LOOP_UNROLL=1 ... 0.684 ms / 1600 TFLOPS  (120 regs, 1.6s)
[123/540] -DCVT_ADD_FUSED=0 -DPHASE1_UNROLL=1 -DSTAGGER_CYCLES=100 -DSUB_MMA_UNROLL=1 -DW0_LOOP_UNROLL=4 ... 0.619 ms / 1770 TFLOPS  (134 regs, 1.6s)
[124/540] -DCVT_ADD_FUSED=0 -DPHASE1_UNROLL=1 -DSTAGGER_CYCLES=100 -DSUB_MMA_UNROLL=3 ... 0.611 ms / 1792 TFLOPS  (179 regs, 1.6s)
[125/540] -DCVT_ADD_FUSED=0 -DPHASE1_UNROLL=1 -DSTAGGER_CYCLES=100 -DSUB_MMA_UNROLL=3 -DW0_LOOP_UNROLL=1 ... 0.685 ms / 1597 TFLOPS  (164 regs, 1.6s)
[126/540] -DCVT_ADD_FUSED=0 -DPHASE1_UNROLL=1 -DSTAGGER_CYCLES=100 -DSUB_MMA_UNROLL=3 -DW0_LOOP_UNROLL=4 ... 0.602 ms / 1819 TFLOPS  (179 regs, 1.6s)
[127/540] -DCVT_ADD_FUSED=0 -DSNAKE_ORDER=0 -DSTAGGER_CYCLES=100 ... 0.561 ms / 1952 TFLOPS  (209 regs, 1.6s)
[128/540] -DCVT_ADD_FUSED=0 -DSNAKE_ORDER=0 -DSTAGGER_CYCLES=100 -DW0_LOOP_UNROLL=1 ... 0.687 ms / 1595 TFLOPS  (194 regs, 1.6s)
[129/540] -DCVT_ADD_FUSED=0 -DSNAKE_ORDER=0 -DSTAGGER_CYCLES=100 -DW0_LOOP_UNROLL=4 ... 0.567 ms / 1930 TFLOPS  (209 regs, 1.6s)
[130/540] -DCVT_ADD_FUSED=0 -DSNAKE_ORDER=0 -DSTAGGER_CYCLES=100 -DSUB_MMA_UNROLL=1 ... 0.586 ms / 1869 TFLOPS  (165 regs, 1.6s)
[131/540] -DCVT_ADD_FUSED=0 -DSNAKE_ORDER=0 -DSTAGGER_CYCLES=100 -DSUB_MMA_UNROLL=1 -DW0_LOOP_UNROLL=1 ... 0.685 ms / 1598 TFLOPS  (149 regs, 1.6s)
[132/540] -DCVT_ADD_FUSED=0 -DSNAKE_ORDER=0 -DSTAGGER_CYCLES=100 -DSUB_MMA_UNROLL=1 -DW0_LOOP_UNROLL=4 ... 0.578 ms / 1895 TFLOPS  (165 regs, 1.6s)
[133/540] -DCVT_ADD_FUSED=0 -DSNAKE_ORDER=0 -DSTAGGER_CYCLES=100 -DSUB_MMA_UNROLL=3 ... 0.555 ms / 1974 TFLOPS  (209 regs, 1.6s)
[134/540] -DCVT_ADD_FUSED=0 -DSNAKE_ORDER=0 -DSTAGGER_CYCLES=100 -DSUB_MMA_UNROLL=3 -DW0_LOOP_UNROLL=1 ... 0.681 ms / 1608 TFLOPS  (194 regs, 1.6s)
[135/540] -DCVT_ADD_FUSED=0 -DSNAKE_ORDER=0 -DSTAGGER_CYCLES=100 -DSUB_MMA_UNROLL=3 -DW0_LOOP_UNROLL=4 ... 0.564 ms / 1940 TFLOPS  (209 regs, 1.6s)
[136/540] -DCVT_ADD_FUSED=0 -DSTAGGER_CYCLES=100 ... 0.526 ms / 2081 TFLOPS  (209 regs, 1.6s)
[137/540] -DCVT_ADD_FUSED=0 -DSTAGGER_CYCLES=100 -DW0_LOOP_UNROLL=1 ... 0.689 ms / 1590 TFLOPS  (194 regs, 1.6s)
[138/540] -DCVT_ADD_FUSED=0 -DSTAGGER_CYCLES=100 -DW0_LOOP_UNROLL=4 ... 0.528 ms / 2074 TFLOPS  (209 regs, 1.6s)
[139/540] -DCVT_ADD_FUSED=0 -DSTAGGER_CYCLES=100 -DSUB_MMA_UNROLL=1 ... 0.532 ms / 2058 TFLOPS  (165 regs, 1.6s)
[140/540] -DCVT_ADD_FUSED=0 -DSTAGGER_CYCLES=100 -DSUB_MMA_UNROLL=1 -DW0_LOOP_UNROLL=1 ... 0.693 ms / 1579 TFLOPS  (149 regs, 1.6s)
[141/540] -DCVT_ADD_FUSED=0 -DSTAGGER_CYCLES=100 -DSUB_MMA_UNROLL=1 -DW0_LOOP_UNROLL=4 ... 0.534 ms / 2049 TFLOPS  (165 regs, 1.6s)
[142/540] -DCVT_ADD_FUSED=0 -DSTAGGER_CYCLES=100 -DSUB_MMA_UNROLL=3 ... 0.528 ms / 2075 TFLOPS  (209 regs, 1.6s)
[143/540] -DCVT_ADD_FUSED=0 -DSTAGGER_CYCLES=100 -DSUB_MMA_UNROLL=3 -DW0_LOOP_UNROLL=1 ... 0.686 ms / 1596 TFLOPS  (194 regs, 1.6s)
[144/540] -DCVT_ADD_FUSED=0 -DSTAGGER_CYCLES=100 -DSUB_MMA_UNROLL=3 -DW0_LOOP_UNROLL=4 ... 0.529 ms / 2070 TFLOPS  (209 regs, 1.6s)
[145/540] -DCVT_ADD_FUSED=0 -DPHASE1_UNROLL=4 -DSNAKE_ORDER=0 -DSTAGGER_CYCLES=100 ... 0.539 ms / 2031 TFLOPS  (255 regs, 1.7s)
[146/540] -DCVT_ADD_FUSED=0 -DPHASE1_UNROLL=4 -DSNAKE_ORDER=0 -DSTAGGER_CYCLES=100 -DW0_LOOP_UNROLL=1 ... 0.703 ms / 1558 TFLOPS  (244 regs, 1.6s)
[147/540] -DCVT_ADD_FUSED=0 -DPHASE1_UNROLL=4 -DSNAKE_ORDER=0 -DSTAGGER_CYCLES=100 -DW0_LOOP_UNROLL=4 ... 0.542 ms / 2020 TFLOPS  (255 regs, 1.6s)
[148/540] -DCVT_ADD_FUSED=0 -DPHASE1_UNROLL=4 -DSNAKE_ORDER=0 -DSTAGGER_CYCLES=100 -DSUB_MMA_UNROLL=1 ... 0.540 ms / 2028 TFLOPS  (214 regs, 1.6s)
[149/540] -DCVT_ADD_FUSED=0 -DPHASE1_UNROLL=4 -DSNAKE_ORDER=0 -DSTAGGER_CYCLES=100 -DSUB_MMA_UNROLL=1 -DW0_LOOP_UNROLL=1 ... 0.692 ms / 1582 TFLOPS  (200 regs, 1.6s)
[150/540] -DCVT_ADD_FUSED=0 -DPHASE1_UNROLL=4 -DSNAKE_ORDER=0 -DSTAGGER_CYCLES=100 -DSUB_MMA_UNROLL=1 -DW0_LOOP_UNROLL=4 ... 0.544 ms / 2013 TFLOPS  (214 regs, 1.6s)
[151/540] -DCVT_ADD_FUSED=0 -DPHASE1_UNROLL=4 -DSNAKE_ORDER=0 -DSTAGGER_CYCLES=100 -DSUB_MMA_UNROLL=3 ... 0.543 ms / 2017 TFLOPS  (255 regs, 1.6s)
[152/540] -DCVT_ADD_FUSED=0 -DPHASE1_UNROLL=4 -DSNAKE_ORDER=0 -DSTAGGER_CYCLES=100 -DSUB_MMA_UNROLL=3 -DW0_LOOP_UNROLL=1 ... 0.699 ms / 1567 TFLOPS  (244 regs, 1.6s)
[153/540] -DCVT_ADD_FUSED=0 -DPHASE1_UNROLL=4 -DSNAKE_ORDER=0 -DSTAGGER_CYCLES=100 -DSUB_MMA_UNROLL=3 -DW0_LOOP_UNROLL=4 ... 0.540 ms / 2027 TFLOPS  (255 regs, 1.7s)
[154/540] -DCVT_ADD_FUSED=0 -DPHASE1_UNROLL=4 -DSTAGGER_CYCLES=100 ... 0.532 ms / 2057 TFLOPS  (255 regs, 1.7s)
[155/540] -DCVT_ADD_FUSED=0 -DPHASE1_UNROLL=4 -DSTAGGER_CYCLES=100 -DW0_LOOP_UNROLL=1 ... 0.701 ms / 1562 TFLOPS  (244 regs, 1.6s)
[156/540] -DCVT_ADD_FUSED=0 -DPHASE1_UNROLL=4 -DSTAGGER_CYCLES=100 -DW0_LOOP_UNROLL=4 ... 0.531 ms / 2061 TFLOPS  (255 regs, 1.7s)
[157/540] -DCVT_ADD_FUSED=0 -DPHASE1_UNROLL=4 -DSTAGGER_CYCLES=100 -DSUB_MMA_UNROLL=1 ... 0.534 ms / 2051 TFLOPS  (214 regs, 1.6s)
[158/540] -DCVT_ADD_FUSED=0 -DPHASE1_UNROLL=4 -DSTAGGER_CYCLES=100 -DSUB_MMA_UNROLL=1 -DW0_LOOP_UNROLL=1 ... 0.698 ms / 1569 TFLOPS  (200 regs, 1.6s)
[159/540] -DCVT_ADD_FUSED=0 -DPHASE1_UNROLL=4 -DSTAGGER_CYCLES=100 -DSUB_MMA_UNROLL=1 -DW0_LOOP_UNROLL=4 ... 0.535 ms / 2048 TFLOPS  (214 regs, 1.6s)
[160/540] -DCVT_ADD_FUSED=0 -DPHASE1_UNROLL=4 -DSTAGGER_CYCLES=100 -DSUB_MMA_UNROLL=3 ... 0.532 ms / 2056 TFLOPS  (255 regs, 1.7s)
[161/540] -DCVT_ADD_FUSED=0 -DPHASE1_UNROLL=4 -DSTAGGER_CYCLES=100 -DSUB_MMA_UNROLL=3 -DW0_LOOP_UNROLL=1 ... 0.696 ms / 1573 TFLOPS  (244 regs, 1.6s)
[162/540] -DCVT_ADD_FUSED=0 -DPHASE1_UNROLL=4 -DSTAGGER_CYCLES=100 -DSUB_MMA_UNROLL=3 -DW0_LOOP_UNROLL=4 ... 0.532 ms / 2057 TFLOPS  (255 regs, 1.7s)
[163/540] -DCVT_ADD_FUSED=0 -DK_LOOP_UNROLL=6 -DPHASE1_UNROLL=1 -DSNAKE_ORDER=0 -DSTAGGER_CYCLES=100 ... 0.733 ms / 1493 TFLOPS  (149 regs, 1.6s)
[164/540] -DCVT_ADD_FUSED=0 -DK_LOOP_UNROLL=6 -DPHASE1_UNROLL=1 -DSNAKE_ORDER=0 -DSTAGGER_CYCLES=100 -DW0_LOOP_UNROLL=1 ... 0.677 ms / 1618 TFLOPS  (128 regs, 1.6s)
[165/540] -DCVT_ADD_FUSED=0 -DK_LOOP_UNROLL=6 -DPHASE1_UNROLL=1 -DSNAKE_ORDER=0 -DSTAGGER_CYCLES=100 -DW0_LOOP_UNROLL=4 ... 0.730 ms / 1500 TFLOPS  (144 regs, 1.6s)
[166/540] -DCVT_ADD_FUSED=0 -DK_LOOP_UNROLL=6 -DPHASE1_UNROLL=1 -DSNAKE_ORDER=0 -DSTAGGER_CYCLES=100 -DSUB_MMA_UNROLL=1 ... 0.728 ms / 1503 TFLOPS  (134 regs, 1.6s)
[167/540] -DCVT_ADD_FUSED=0 -DK_LOOP_UNROLL=6 -DPHASE1_UNROLL=1 -DSNAKE_ORDER=0 -DSTAGGER_CYCLES=100 -DSUB_MMA_UNROLL=1 -DW0_LOOP_UNROLL=1 ... 0.680 ms / 1611 TFLOPS  (120 regs, 1.6s)
[168/540] -DCVT_ADD_FUSED=0 -DK_LOOP_UNROLL=6 -DPHASE1_UNROLL=1 -DSNAKE_ORDER=0 -DSTAGGER_CYCLES=100 -DSUB_MMA_UNROLL=1 -DW0_LOOP_UNROLL=4 ... 0.729 ms / 1501 TFLOPS  (134 regs, 1.6s)
[169/540] -DCVT_ADD_FUSED=0 -DK_LOOP_UNROLL=6 -DPHASE1_UNROLL=1 -DSNAKE_ORDER=0 -DSTAGGER_CYCLES=100 -DSUB_MMA_UNROLL=3 ... 0.731 ms / 1499 TFLOPS  (149 regs, 1.6s)
[170/540] -DCVT_ADD_FUSED=0 -DK_LOOP_UNROLL=6 -DPHASE1_UNROLL=1 -DSNAKE_ORDER=0 -DSTAGGER_CYCLES=100 -DSUB_MMA_UNROLL=3 -DW0_LOOP_UNROLL=1 ... 0.685 ms / 1599 TFLOPS  (128 regs, 1.6s)
[171/540] -DCVT_ADD_FUSED=0 -DK_LOOP_UNROLL=6 -DPHASE1_UNROLL=1 -DSNAKE_ORDER=0 -DSTAGGER_CYCLES=100 -DSUB_MMA_UNROLL=3 -DW0_LOOP_UNROLL=4 ... 0.728 ms / 1504 TFLOPS  (144 regs, 1.6s)
[172/540] -DCVT_ADD_FUSED=0 -DK_LOOP_UNROLL=6 -DPHASE1_UNROLL=1 -DSTAGGER_CYCLES=100 ... 0.634 ms / 1727 TFLOPS  (149 regs, 1.6s)
[173/540] -DCVT_ADD_FUSED=0 -DK_LOOP_UNROLL=6 -DPHASE1_UNROLL=1 -DSTAGGER_CYCLES=100 -DW0_LOOP_UNROLL=1 ... 0.688 ms / 1591 TFLOPS  (128 regs, 1.6s)
[174/540] -DCVT_ADD_FUSED=0 -DK_LOOP_UNROLL=6 -DPHASE1_UNROLL=1 -DSTAGGER_CYCLES=100 -DW0_LOOP_UNROLL=4 ... 0.608 ms / 1801 TFLOPS  (144 regs, 1.6s)
[175/540] -DCVT_ADD_FUSED=0 -DK_LOOP_UNROLL=6 -DPHASE1_UNROLL=1 -DSTAGGER_CYCLES=100 -DSUB_MMA_UNROLL=1 ... 0.612 ms / 1788 TFLOPS  (134 regs, 1.6s)
[176/540] -DCVT_ADD_FUSED=0 -DK_LOOP_UNROLL=6 -DPHASE1_UNROLL=1 -DSTAGGER_CYCLES=100 -DSUB_MMA_UNROLL=1 -DW0_LOOP_UNROLL=1 ... 0.693 ms / 1579 TFLOPS  (120 regs, 1.6s)
[177/540] -DCVT_ADD_FUSED=0 -DK_LOOP_UNROLL=6 -DPHASE1_UNROLL=1 -DSTAGGER_CYCLES=100 -DSUB_MMA_UNROLL=1 -DW0_LOOP_UNROLL=4 ... 0.613 ms / 1787 TFLOPS  (134 regs, 1.6s)
[178/540] -DCVT_ADD_FUSED=0 -DK_LOOP_UNROLL=6 -DPHASE1_UNROLL=1 -DSTAGGER_CYCLES=100 -DSUB_MMA_UNROLL=3 ... 0.615 ms / 1779 TFLOPS  (149 regs, 1.6s)
[179/540] -DCVT_ADD_FUSED=0 -DK_LOOP_UNROLL=6 -DPHASE1_UNROLL=1 -DSTAGGER_CYCLES=100 -DSUB_MMA_UNROLL=3 -DW0_LOOP_UNROLL=1 ... 0.688 ms / 1592 TFLOPS  (128 regs, 1.6s)
[180/540] -DCVT_ADD_FUSED=0 -DK_LOOP_UNROLL=6 -DPHASE1_UNROLL=1 -DSTAGGER_CYCLES=100 -DSUB_MMA_UNROLL=3 -DW0_LOOP_UNROLL=4 ... 0.615 ms / 1780 TFLOPS  (144 regs, 1.6s)
[181/540] -DCVT_ADD_FUSED=0 -DK_LOOP_UNROLL=6 -DSNAKE_ORDER=0 -DSTAGGER_CYCLES=100 ... 0.563 ms / 1944 TFLOPS  (173 regs, 1.6s)
[182/540] -DCVT_ADD_FUSED=0 -DK_LOOP_UNROLL=6 -DSNAKE_ORDER=0 -DSTAGGER_CYCLES=100 -DW0_LOOP_UNROLL=1 ... 0.694 ms / 1578 TFLOPS  (157 regs, 1.6s)
[183/540] -DCVT_ADD_FUSED=0 -DK_LOOP_UNROLL=6 -DSNAKE_ORDER=0 -DSTAGGER_CYCLES=100 -DW0_LOOP_UNROLL=4 ... 0.566 ms / 1936 TFLOPS  (173 regs, 1.6s)
[184/540] -DCVT_ADD_FUSED=0 -DK_LOOP_UNROLL=6 -DSNAKE_ORDER=0 -DSTAGGER_CYCLES=100 -DSUB_MMA_UNROLL=1 ... 0.579 ms / 1892 TFLOPS  (165 regs, 1.6s)
[185/540] -DCVT_ADD_FUSED=0 -DK_LOOP_UNROLL=6 -DSNAKE_ORDER=0 -DSTAGGER_CYCLES=100 -DSUB_MMA_UNROLL=1 -DW0_LOOP_UNROLL=1 ... 0.685 ms / 1599 TFLOPS  (149 regs, 1.6s)
[186/540] -DCVT_ADD_FUSED=0 -DK_LOOP_UNROLL=6 -DSNAKE_ORDER=0 -DSTAGGER_CYCLES=100 -DSUB_MMA_UNROLL=1 -DW0_LOOP_UNROLL=4 ... 0.561 ms / 1953 TFLOPS  (165 regs, 1.6s)
[187/540] -DCVT_ADD_FUSED=0 -DK_LOOP_UNROLL=6 -DSNAKE_ORDER=0 -DSTAGGER_CYCLES=100 -DSUB_MMA_UNROLL=3 ... 0.576 ms / 1900 TFLOPS  (173 regs, 1.6s)
[188/540] -DCVT_ADD_FUSED=0 -DK_LOOP_UNROLL=6 -DSNAKE_ORDER=0 -DSTAGGER_CYCLES=100 -DSUB_MMA_UNROLL=3 -DW0_LOOP_UNROLL=1 ... 0.691 ms / 1586 TFLOPS  (157 regs, 1.6s)
[189/540] -DCVT_ADD_FUSED=0 -DK_LOOP_UNROLL=6 -DSNAKE_ORDER=0 -DSTAGGER_CYCLES=100 -DSUB_MMA_UNROLL=3 -DW0_LOOP_UNROLL=4 ... 0.565 ms / 1939 TFLOPS  (173 regs, 1.6s)
[190/540] -DCVT_ADD_FUSED=0 -DK_LOOP_UNROLL=6 -DSTAGGER_CYCLES=100 ... 0.527 ms / 2079 TFLOPS  (173 regs, 1.6s)
[191/540] -DCVT_ADD_FUSED=0 -DK_LOOP_UNROLL=6 -DSTAGGER_CYCLES=100 -DW0_LOOP_UNROLL=1 ... 0.684 ms / 1602 TFLOPS  (157 regs, 1.6s)
[192/540] -DCVT_ADD_FUSED=0 -DK_LOOP_UNROLL=6 -DSTAGGER_CYCLES=100 -DW0_LOOP_UNROLL=4 ... 0.528 ms / 2073 TFLOPS  (173 regs, 1.6s)
[193/540] -DCVT_ADD_FUSED=0 -DK_LOOP_UNROLL=6 -DSTAGGER_CYCLES=100 -DSUB_MMA_UNROLL=1 ... 0.528 ms / 2075 TFLOPS  (165 regs, 1.6s)
[194/540] -DCVT_ADD_FUSED=0 -DK_LOOP_UNROLL=6 -DSTAGGER_CYCLES=100 -DSUB_MMA_UNROLL=1 -DW0_LOOP_UNROLL=1 ... 0.681 ms / 1607 TFLOPS  (149 regs, 1.6s)
[195/540] -DCVT_ADD_FUSED=0 -DK_LOOP_UNROLL=6 -DSTAGGER_CYCLES=100 -DSUB_MMA_UNROLL=1 -DW0_LOOP_UNROLL=4 ... 0.528 ms / 2075 TFLOPS  (165 regs, 1.6s)
[196/540] -DCVT_ADD_FUSED=0 -DK_LOOP_UNROLL=6 -DSTAGGER_CYCLES=100 -DSUB_MMA_UNROLL=3 ... 0.525 ms / 2086 TFLOPS  (173 regs, 1.6s)
[197/540] -DCVT_ADD_FUSED=0 -DK_LOOP_UNROLL=6 -DSTAGGER_CYCLES=100 -DSUB_MMA_UNROLL=3 -DW0_LOOP_UNROLL=1 ... 0.692 ms / 1583 TFLOPS  (157 regs, 1.6s)
[198/540] -DCVT_ADD_FUSED=0 -DK_LOOP_UNROLL=6 -DSTAGGER_CYCLES=100 -DSUB_MMA_UNROLL=3 -DW0_LOOP_UNROLL=4 ... 0.527 ms / 2077 TFLOPS  (173 regs, 1.6s)
[199/540] -DCVT_ADD_FUSED=0 -DK_LOOP_UNROLL=6 -DPHASE1_UNROLL=4 -DSNAKE_ORDER=0 -DSTAGGER_CYCLES=100 ... 0.537 ms / 2038 TFLOPS  (222 regs, 1.7s)
[200/540] -DCVT_ADD_FUSED=0 -DK_LOOP_UNROLL=6 -DPHASE1_UNROLL=4 -DSNAKE_ORDER=0 -DSTAGGER_CYCLES=100 -DW0_LOOP_UNROLL=1 ... 0.693 ms / 1580 TFLOPS  (208 regs, 1.6s)
[201/540] -DCVT_ADD_FUSED=0 -DK_LOOP_UNROLL=6 -DPHASE1_UNROLL=4 -DSNAKE_ORDER=0 -DSTAGGER_CYCLES=100 -DW0_LOOP_UNROLL=4 ... 0.540 ms / 2030 TFLOPS  (222 regs, 1.6s)
[202/540] -DCVT_ADD_FUSED=0 -DK_LOOP_UNROLL=6 -DPHASE1_UNROLL=4 -DSNAKE_ORDER=0 -DSTAGGER_CYCLES=100 -DSUB_MMA_UNROLL=1 ... 0.537 ms / 2037 TFLOPS  (214 regs, 1.6s)
[203/540] -DCVT_ADD_FUSED=0 -DK_LOOP_UNROLL=6 -DPHASE1_UNROLL=4 -DSNAKE_ORDER=0 -DSTAGGER_CYCLES=100 -DSUB_MMA_UNROLL=1 -DW0_LOOP_UNROLL=1 ... 0.701 ms / 1562 TFLOPS  (200 regs, 1.6s)
[204/540] -DCVT_ADD_FUSED=0 -DK_LOOP_UNROLL=6 -DPHASE1_UNROLL=4 -DSNAKE_ORDER=0 -DSTAGGER_CYCLES=100 -DSUB_MMA_UNROLL=1 -DW0_LOOP_UNROLL=4 ... 0.537 ms / 2037 TFLOPS  (214 regs, 1.6s)
[205/540] -DCVT_ADD_FUSED=0 -DK_LOOP_UNROLL=6 -DPHASE1_UNROLL=4 -DSNAKE_ORDER=0 -DSTAGGER_CYCLES=100 -DSUB_MMA_UNROLL=3 ... 0.539 ms / 2032 TFLOPS  (222 regs, 1.6s)
[206/540] -DCVT_ADD_FUSED=0 -DK_LOOP_UNROLL=6 -DPHASE1_UNROLL=4 -DSNAKE_ORDER=0 -DSTAGGER_CYCLES=100 -DSUB_MMA_UNROLL=3 -DW0_LOOP_UNROLL=1 ... 0.698 ms / 1568 TFLOPS  (208 regs, 1.6s)
[207/540] -DCVT_ADD_FUSED=0 -DK_LOOP_UNROLL=6 -DPHASE1_UNROLL=4 -DSNAKE_ORDER=0 -DSTAGGER_CYCLES=100 -DSUB_MMA_UNROLL=3 -DW0_LOOP_UNROLL=4 ... 0.538 ms / 2036 TFLOPS  (222 regs, 1.6s)
[208/540] -DCVT_ADD_FUSED=0 -DK_LOOP_UNROLL=6 -DPHASE1_UNROLL=4 -DSTAGGER_CYCLES=100 ... 0.531 ms / 2061 TFLOPS  (222 regs, 1.7s)
[209/540] -DCVT_ADD_FUSED=0 -DK_LOOP_UNROLL=6 -DPHASE1_UNROLL=4 -DSTAGGER_CYCLES=100 -DW0_LOOP_UNROLL=1 ... 0.688 ms / 1591 TFLOPS  (208 regs, 1.7s)
[210/540] -DCVT_ADD_FUSED=0 -DK_LOOP_UNROLL=6 -DPHASE1_UNROLL=4 -DSTAGGER_CYCLES=100 -DW0_LOOP_UNROLL=4 ... 0.531 ms / 2061 TFLOPS  (222 regs, 1.7s)
[211/540] -DCVT_ADD_FUSED=0 -DK_LOOP_UNROLL=6 -DPHASE1_UNROLL=4 -DSTAGGER_CYCLES=100 -DSUB_MMA_UNROLL=1 ... 0.530 ms / 2066 TFLOPS  (214 regs, 1.7s)
[212/540] -DCVT_ADD_FUSED=0 -DK_LOOP_UNROLL=6 -DPHASE1_UNROLL=4 -DSTAGGER_CYCLES=100 -DSUB_MMA_UNROLL=1 -DW0_LOOP_UNROLL=1 ... 0.694 ms / 1578 TFLOPS  (200 regs, 1.6s)
[213/540] -DCVT_ADD_FUSED=0 -DK_LOOP_UNROLL=6 -DPHASE1_UNROLL=4 -DSTAGGER_CYCLES=100 -DSUB_MMA_UNROLL=1 -DW0_LOOP_UNROLL=4 ... 0.531 ms / 2060 TFLOPS  (214 regs, 1.6s)
[214/540] -DCVT_ADD_FUSED=0 -DK_LOOP_UNROLL=6 -DPHASE1_UNROLL=4 -DSTAGGER_CYCLES=100 -DSUB_MMA_UNROLL=3 ... 0.531 ms / 2062 TFLOPS  (222 regs, 1.6s)
[215/540] -DCVT_ADD_FUSED=0 -DK_LOOP_UNROLL=6 -DPHASE1_UNROLL=4 -DSTAGGER_CYCLES=100 -DSUB_MMA_UNROLL=3 -DW0_LOOP_UNROLL=1 ... 0.693 ms / 1581 TFLOPS  (208 regs, 1.6s)
[216/540] -DCVT_ADD_FUSED=0 -DK_LOOP_UNROLL=6 -DPHASE1_UNROLL=4 -DSTAGGER_CYCLES=100 -DSUB_MMA_UNROLL=3 -DW0_LOOP_UNROLL=4 ... 0.532 ms / 2058 TFLOPS  (222 regs, 1.6s)
[217/540] -DCVT_ADD_FUSED=0 -DK_LOOP_UNROLL=8 -DPHASE1_UNROLL=1 -DSNAKE_ORDER=0 -DSTAGGER_CYCLES=100 ... 0.733 ms / 1494 TFLOPS  (180 regs, 1.6s)
[218/540] -DCVT_ADD_FUSED=0 -DK_LOOP_UNROLL=8 -DPHASE1_UNROLL=1 -DSNAKE_ORDER=0 -DSTAGGER_CYCLES=100 -DW0_LOOP_UNROLL=1 ... 0.688 ms / 1591 TFLOPS  (164 regs, 1.6s)
[219/540] -DCVT_ADD_FUSED=0 -DK_LOOP_UNROLL=8 -DPHASE1_UNROLL=1 -DSNAKE_ORDER=0 -DSTAGGER_CYCLES=100 -DW0_LOOP_UNROLL=4 ... 0.732 ms / 1497 TFLOPS  (179 regs, 1.6s)
[220/540] -DCVT_ADD_FUSED=0 -DK_LOOP_UNROLL=8 -DPHASE1_UNROLL=1 -DSNAKE_ORDER=0 -DSTAGGER_CYCLES=100 -DSUB_MMA_UNROLL=1 ... 0.733 ms / 1493 TFLOPS  (134 regs, 1.6s)
[221/540] -DCVT_ADD_FUSED=0 -DK_LOOP_UNROLL=8 -DPHASE1_UNROLL=1 -DSNAKE_ORDER=0 -DSTAGGER_CYCLES=100 -DSUB_MMA_UNROLL=1 -DW0_LOOP_UNROLL=1 ... 0.679 ms / 1613 TFLOPS  (120 regs, 1.6s)
[222/540] -DCVT_ADD_FUSED=0 -DK_LOOP_UNROLL=8 -DPHASE1_UNROLL=1 -DSNAKE_ORDER=0 -DSTAGGER_CYCLES=100 -DSUB_MMA_UNROLL=1 -DW0_LOOP_UNROLL=4 ... 0.735 ms / 1490 TFLOPS  (134 regs, 1.6s)
[223/540] -DCVT_ADD_FUSED=0 -DK_LOOP_UNROLL=8 -DPHASE1_UNROLL=1 -DSNAKE_ORDER=0 -DSTAGGER_CYCLES=100 -DSUB_MMA_UNROLL=3 ... 0.724 ms / 1512 TFLOPS  (180 regs, 1.6s)
[224/540] -DCVT_ADD_FUSED=0 -DK_LOOP_UNROLL=8 -DPHASE1_UNROLL=1 -DSNAKE_ORDER=0 -DSTAGGER_CYCLES=100 -DSUB_MMA_UNROLL=3 -DW0_LOOP_UNROLL=1 ... 0.694 ms / 1577 TFLOPS  (164 regs, 1.6s)
[225/540] -DCVT_ADD_FUSED=0 -DK_LOOP_UNROLL=8 -DPHASE1_UNROLL=1 -DSNAKE_ORDER=0 -DSTAGGER_CYCLES=100 -DSUB_MMA_UNROLL=3 -DW0_LOOP_UNROLL=4 ... 0.728 ms / 1504 TFLOPS  (179 regs, 1.6s)
[226/540] -DCVT_ADD_FUSED=0 -DK_LOOP_UNROLL=8 -DPHASE1_UNROLL=1 -DSTAGGER_CYCLES=100 ... 0.604 ms / 1814 TFLOPS  (180 regs, 1.6s)
[227/540] -DCVT_ADD_FUSED=0 -DK_LOOP_UNROLL=8 -DPHASE1_UNROLL=1 -DSTAGGER_CYCLES=100 -DW0_LOOP_UNROLL=1 ... 0.694 ms / 1578 TFLOPS  (164 regs, 1.6s)
[228/540] -DCVT_ADD_FUSED=0 -DK_LOOP_UNROLL=8 -DPHASE1_UNROLL=1 -DSTAGGER_CYCLES=100 -DW0_LOOP_UNROLL=4 ... 0.631 ms / 1737 TFLOPS  (179 regs, 1.6s)
[229/540] -DCVT_ADD_FUSED=0 -DK_LOOP_UNROLL=8 -DPHASE1_UNROLL=1 -DSTAGGER_CYCLES=100 -DSUB_MMA_UNROLL=1 ... 0.609 ms / 1799 TFLOPS  (134 regs, 1.6s)
[230/540] -DCVT_ADD_FUSED=0 -DK_LOOP_UNROLL=8 -DPHASE1_UNROLL=1 -DSTAGGER_CYCLES=100 -DSUB_MMA_UNROLL=1 -DW0_LOOP_UNROLL=1 ... 0.697 ms / 1571 TFLOPS  (120 regs, 1.6s)
[231/540] -DCVT_ADD_FUSED=0 -DK_LOOP_UNROLL=8 -DPHASE1_UNROLL=1 -DSTAGGER_CYCLES=100 -DSUB_MMA_UNROLL=1 -DW0_LOOP_UNROLL=4 ... 0.622 ms / 1761 TFLOPS  (134 regs, 1.6s)
[232/540] -DCVT_ADD_FUSED=0 -DK_LOOP_UNROLL=8 -DPHASE1_UNROLL=1 -DSTAGGER_CYCLES=100 -DSUB_MMA_UNROLL=3 ... 0.613 ms / 1785 TFLOPS  (180 regs, 1.6s)
[233/540] -DCVT_ADD_FUSED=0 -DK_LOOP_UNROLL=8 -DPHASE1_UNROLL=1 -DSTAGGER_CYCLES=100 -DSUB_MMA_UNROLL=3 -DW0_LOOP_UNROLL=1 ... 0.693 ms / 1580 TFLOPS  (164 regs, 1.6s)
[234/540] -DCVT_ADD_FUSED=0 -DK_LOOP_UNROLL=8 -DPHASE1_UNROLL=1 -DSTAGGER_CYCLES=100 -DSUB_MMA_UNROLL=3 -DW0_LOOP_UNROLL=4 ... 0.623 ms / 1757 TFLOPS  (179 regs, 1.6s)
[235/540] -DCVT_ADD_FUSED=0 -DK_LOOP_UNROLL=8 -DSNAKE_ORDER=0 -DSTAGGER_CYCLES=100 ... 0.567 ms / 1931 TFLOPS  (209 regs, 1.6s)
[236/540] -DCVT_ADD_FUSED=0 -DK_LOOP_UNROLL=8 -DSNAKE_ORDER=0 -DSTAGGER_CYCLES=100 -DW0_LOOP_UNROLL=1 ... 0.687 ms / 1593 TFLOPS  (194 regs, 1.6s)
[237/540] -DCVT_ADD_FUSED=0 -DK_LOOP_UNROLL=8 -DSNAKE_ORDER=0 -DSTAGGER_CYCLES=100 -DW0_LOOP_UNROLL=4 ... 0.566 ms / 1936 TFLOPS  (209 regs, 1.6s)
[238/540] -DCVT_ADD_FUSED=0 -DK_LOOP_UNROLL=8 -DSNAKE_ORDER=0 -DSTAGGER_CYCLES=100 -DSUB_MMA_UNROLL=1 ... 0.556 ms / 1971 TFLOPS  (165 regs, 1.6s)
[239/540] -DCVT_ADD_FUSED=0 -DK_LOOP_UNROLL=8 -DSNAKE_ORDER=0 -DSTAGGER_CYCLES=100 -DSUB_MMA_UNROLL=1 -DW0_LOOP_UNROLL=1 ... 0.691 ms / 1584 TFLOPS  (149 regs, 1.6s)
[240/540] -DCVT_ADD_FUSED=0 -DK_LOOP_UNROLL=8 -DSNAKE_ORDER=0 -DSTAGGER_CYCLES=100 -DSUB_MMA_UNROLL=1 -DW0_LOOP_UNROLL=4 ... 0.574 ms / 1909 TFLOPS  (165 regs, 1.6s)
[241/540] -DCVT_ADD_FUSED=0 -DK_LOOP_UNROLL=8 -DSNAKE_ORDER=0 -DSTAGGER_CYCLES=100 -DSUB_MMA_UNROLL=3 ... 0.562 ms / 1947 TFLOPS  (209 regs, 1.6s)
[242/540] -DCVT_ADD_FUSED=0 -DK_LOOP_UNROLL=8 -DSNAKE_ORDER=0 -DSTAGGER_CYCLES=100 -DSUB_MMA_UNROLL=3 -DW0_LOOP_UNROLL=1 ... 0.690 ms / 1587 TFLOPS  (194 regs, 1.6s)
[243/540] -DCVT_ADD_FUSED=0 -DK_LOOP_UNROLL=8 -DSNAKE_ORDER=0 -DSTAGGER_CYCLES=100 -DSUB_MMA_UNROLL=3 -DW0_LOOP_UNROLL=4 ... 0.560 ms / 1954 TFLOPS  (209 regs, 1.6s)
[244/540] -DCVT_ADD_FUSED=0 -DK_LOOP_UNROLL=8 -DSTAGGER_CYCLES=100 ... 0.527 ms / 2076 TFLOPS  (209 regs, 1.6s)
[245/540] -DCVT_ADD_FUSED=0 -DK_LOOP_UNROLL=8 -DSTAGGER_CYCLES=100 -DW0_LOOP_UNROLL=1 ... 0.687 ms / 1593 TFLOPS  (194 regs, 1.6s)
[246/540] -DCVT_ADD_FUSED=0 -DK_LOOP_UNROLL=8 -DSTAGGER_CYCLES=100 -DW0_LOOP_UNROLL=4 ... 0.526 ms / 2080 TFLOPS  (209 regs, 1.6s)
[247/540] -DCVT_ADD_FUSED=0 -DK_LOOP_UNROLL=8 -DSTAGGER_CYCLES=100 -DSUB_MMA_UNROLL=1 ... 0.528 ms / 2075 TFLOPS  (165 regs, 1.6s)
[248/540] -DCVT_ADD_FUSED=0 -DK_LOOP_UNROLL=8 -DSTAGGER_CYCLES=100 -DSUB_MMA_UNROLL=1 -DW0_LOOP_UNROLL=1 ... 0.689 ms / 1590 TFLOPS  (149 regs, 1.6s)
[249/540] -DCVT_ADD_FUSED=0 -DK_LOOP_UNROLL=8 -DSTAGGER_CYCLES=100 -DSUB_MMA_UNROLL=1 -DW0_LOOP_UNROLL=4 ... 0.526 ms / 2083 TFLOPS  (165 regs, 1.6s)
[250/540] -DCVT_ADD_FUSED=0 -DK_LOOP_UNROLL=8 -DSTAGGER_CYCLES=100 -DSUB_MMA_UNROLL=3 ... 0.527 ms / 2078 TFLOPS  (209 regs, 1.6s)
[251/540] -DCVT_ADD_FUSED=0 -DK_LOOP_UNROLL=8 -DSTAGGER_CYCLES=100 -DSUB_MMA_UNROLL=3 -DW0_LOOP_UNROLL=1 ... 0.684 ms / 1602 TFLOPS  (194 regs, 1.6s)
[252/540] -DCVT_ADD_FUSED=0 -DK_LOOP_UNROLL=8 -DSTAGGER_CYCLES=100 -DSUB_MMA_UNROLL=3 -DW0_LOOP_UNROLL=4 ... 0.527 ms / 2077 TFLOPS  (209 regs, 1.6s)
[253/540] -DCVT_ADD_FUSED=0 -DK_LOOP_UNROLL=8 -DPHASE1_UNROLL=4 -DSNAKE_ORDER=0 -DSTAGGER_CYCLES=100 ... 0.538 ms / 2035 TFLOPS  (255 regs, 1.7s)
[254/540] -DCVT_ADD_FUSED=0 -DK_LOOP_UNROLL=8 -DPHASE1_UNROLL=4 -DSNAKE_ORDER=0 -DSTAGGER_CYCLES=100 -DW0_LOOP_UNROLL=1 ... 0.706 ms / 1551 TFLOPS  (244 regs, 1.6s)
[255/540] -DCVT_ADD_FUSED=0 -DK_LOOP_UNROLL=8 -DPHASE1_UNROLL=4 -DSNAKE_ORDER=0 -DSTAGGER_CYCLES=100 -DW0_LOOP_UNROLL=4 ... 0.542 ms / 2021 TFLOPS  (255 regs, 1.6s)
[256/540] -DCVT_ADD_FUSED=0 -DK_LOOP_UNROLL=8 -DPHASE1_UNROLL=4 -DSNAKE_ORDER=0 -DSTAGGER_CYCLES=100 -DSUB_MMA_UNROLL=1 ... 0.540 ms / 2027 TFLOPS  (214 regs, 1.6s)
[257/540] -DCVT_ADD_FUSED=0 -DK_LOOP_UNROLL=8 -DPHASE1_UNROLL=4 -DSNAKE_ORDER=0 -DSTAGGER_CYCLES=100 -DSUB_MMA_UNROLL=1 -DW0_LOOP_UNROLL=1 ... 0.703 ms / 1557 TFLOPS  (200 regs, 1.6s)
[258/540] -DCVT_ADD_FUSED=0 -DK_LOOP_UNROLL=8 -DPHASE1_UNROLL=4 -DSNAKE_ORDER=0 -DSTAGGER_CYCLES=100 -DSUB_MMA_UNROLL=1 -DW0_LOOP_UNROLL=4 ... 0.538 ms / 2034 TFLOPS  (214 regs, 1.6s)
[259/540] -DCVT_ADD_FUSED=0 -DK_LOOP_UNROLL=8 -DPHASE1_UNROLL=4 -DSNAKE_ORDER=0 -DSTAGGER_CYCLES=100 -DSUB_MMA_UNROLL=3 ... 0.540 ms / 2027 TFLOPS  (255 regs, 1.6s)
[260/540] -DCVT_ADD_FUSED=0 -DK_LOOP_UNROLL=8 -DPHASE1_UNROLL=4 -DSNAKE_ORDER=0 -DSTAGGER_CYCLES=100 -DSUB_MMA_UNROLL=3 -DW0_LOOP_UNROLL=1 ... 0.697 ms / 1572 TFLOPS  (244 regs, 1.6s)
[261/540] -DCVT_ADD_FUSED=0 -DK_LOOP_UNROLL=8 -DPHASE1_UNROLL=4 -DSNAKE_ORDER=0 -DSTAGGER_CYCLES=100 -DSUB_MMA_UNROLL=3 -DW0_LOOP_UNROLL=4 ... 0.541 ms / 2023 TFLOPS  (255 regs, 1.7s)
[262/540] -DCVT_ADD_FUSED=0 -DK_LOOP_UNROLL=8 -DPHASE1_UNROLL=4 -DSTAGGER_CYCLES=100 ... 0.532 ms / 2059 TFLOPS  (255 regs, 1.7s)
[263/540] -DCVT_ADD_FUSED=0 -DK_LOOP_UNROLL=8 -DPHASE1_UNROLL=4 -DSTAGGER_CYCLES=100 -DW0_LOOP_UNROLL=1 ... 0.685 ms / 1598 TFLOPS  (244 regs, 1.6s)
[264/540] -DCVT_ADD_FUSED=0 -DK_LOOP_UNROLL=8 -DPHASE1_UNROLL=4 -DSTAGGER_CYCLES=100 -DW0_LOOP_UNROLL=4 ... 0.533 ms / 2053 TFLOPS  (255 regs, 1.7s)
[265/540] -DCVT_ADD_FUSED=0 -DK_LOOP_UNROLL=8 -DPHASE1_UNROLL=4 -DSTAGGER_CYCLES=100 -DSUB_MMA_UNROLL=1 ... 0.532 ms / 2059 TFLOPS  (214 regs, 1.7s)
[266/540] -DCVT_ADD_FUSED=0 -DK_LOOP_UNROLL=8 -DPHASE1_UNROLL=4 -DSTAGGER_CYCLES=100 -DSUB_MMA_UNROLL=1 -DW0_LOOP_UNROLL=1 ... 0.695 ms / 1576 TFLOPS  (200 regs, 1.6s)
[267/540] -DCVT_ADD_FUSED=0 -DK_LOOP_UNROLL=8 -DPHASE1_UNROLL=4 -DSTAGGER_CYCLES=100 -DSUB_MMA_UNROLL=1 -DW0_LOOP_UNROLL=4 ... 0.531 ms / 2060 TFLOPS  (214 regs, 1.6s)
[268/540] -DCVT_ADD_FUSED=0 -DK_LOOP_UNROLL=8 -DPHASE1_UNROLL=4 -DSTAGGER_CYCLES=100 -DSUB_MMA_UNROLL=3 ... 0.530 ms / 2067 TFLOPS  (255 regs, 1.7s)
[269/540] -DCVT_ADD_FUSED=0 -DK_LOOP_UNROLL=8 -DPHASE1_UNROLL=4 -DSTAGGER_CYCLES=100 -DSUB_MMA_UNROLL=3 -DW0_LOOP_UNROLL=1 ... 0.693 ms / 1580 TFLOPS  (244 regs, 1.6s)
[270/540] -DCVT_ADD_FUSED=0 -DK_LOOP_UNROLL=8 -DPHASE1_UNROLL=4 -DSTAGGER_CYCLES=100 -DSUB_MMA_UNROLL=3 -DW0_LOOP_UNROLL=4 ... 0.532 ms / 2060 TFLOPS  (255 regs, 1.7s)
[271/540] -DK_LOOP_UNROLL=1 -DPHASE1_UNROLL=1 -DSNAKE_ORDER=0 -DSTAGGER_CYCLES=100 ... 0.672 ms / 1628 TFLOPS  (130 regs, 1.6s)
[272/540] -DK_LOOP_UNROLL=1 -DPHASE1_UNROLL=1 -DSNAKE_ORDER=0 -DSTAGGER_CYCLES=100 -DW0_LOOP_UNROLL=1 ... 0.758 ms / 1444 TFLOPS  (111 regs, 1.6s)
[273/540] -DK_LOOP_UNROLL=1 -DPHASE1_UNROLL=1 -DSNAKE_ORDER=0 -DSTAGGER_CYCLES=100 -DW0_LOOP_UNROLL=4 ... 0.665 ms / 1646 TFLOPS  (130 regs, 1.6s)
[274/540] -DK_LOOP_UNROLL=1 -DPHASE1_UNROLL=1 -DSNAKE_ORDER=0 -DSTAGGER_CYCLES=100 -DSUB_MMA_UNROLL=1 ... 0.696 ms / 1573 TFLOPS  (125 regs, 1.6s)
[275/540] -DK_LOOP_UNROLL=1 -DPHASE1_UNROLL=1 -DSNAKE_ORDER=0 -DSTAGGER_CYCLES=100 -DSUB_MMA_UNROLL=1 -DW0_LOOP_UNROLL=1 ... 0.780 ms / 1403 TFLOPS  (105 regs, 1.6s)
[276/540] -DK_LOOP_UNROLL=1 -DPHASE1_UNROLL=1 -DSNAKE_ORDER=0 -DSTAGGER_CYCLES=100 -DSUB_MMA_UNROLL=1 -DW0_LOOP_UNROLL=4 ... 0.702 ms / 1561 TFLOPS  (125 regs, 1.6s)
[277/540] -DK_LOOP_UNROLL=1 -DPHASE1_UNROLL=1 -DSNAKE_ORDER=0 -DSTAGGER_CYCLES=100 -DSUB_MMA_UNROLL=3 ... 0.670 ms / 1634 TFLOPS  (130 regs, 1.6s)
[278/540] -DK_LOOP_UNROLL=1 -DPHASE1_UNROLL=1 -DSNAKE_ORDER=0 -DSTAGGER_CYCLES=100 -DSUB_MMA_UNROLL=3 -DW0_LOOP_UNROLL=1 ... 0.775 ms / 1414 TFLOPS  (111 regs, 1.5s)
[279/540] -DK_LOOP_UNROLL=1 -DPHASE1_UNROLL=1 -DSNAKE_ORDER=0 -DSTAGGER_CYCLES=100 -DSUB_MMA_UNROLL=3 -DW0_LOOP_UNROLL=4 ... 0.666 ms / 1643 TFLOPS  (130 regs, 1.6s)
[280/540] -DK_LOOP_UNROLL=1 -DPHASE1_UNROLL=1 -DSTAGGER_CYCLES=100 ... 0.666 ms / 1645 TFLOPS  (130 regs, 1.6s)
[281/540] -DK_LOOP_UNROLL=1 -DPHASE1_UNROLL=1 -DSTAGGER_CYCLES=100 -DW0_LOOP_UNROLL=1 ... 0.772 ms / 1419 TFLOPS  (111 regs, 1.6s)
[282/540] -DK_LOOP_UNROLL=1 -DPHASE1_UNROLL=1 -DSTAGGER_CYCLES=100 -DW0_LOOP_UNROLL=4 ... 0.671 ms / 1631 TFLOPS  (130 regs, 1.6s)
[283/540] -DK_LOOP_UNROLL=1 -DPHASE1_UNROLL=1 -DSTAGGER_CYCLES=100 -DSUB_MMA_UNROLL=1 ... 0.697 ms / 1572 TFLOPS  (125 regs, 1.6s)
[284/540] -DK_LOOP_UNROLL=1 -DPHASE1_UNROLL=1 -DSTAGGER_CYCLES=100 -DSUB_MMA_UNROLL=1 -DW0_LOOP_UNROLL=1 ... 0.781 ms / 1403 TFLOPS  (105 regs, 1.6s)
[285/540] -DK_LOOP_UNROLL=1 -DPHASE1_UNROLL=1 -DSTAGGER_CYCLES=100 -DSUB_MMA_UNROLL=1 -DW0_LOOP_UNROLL=4 ... 0.692 ms / 1582 TFLOPS  (125 regs, 1.6s)
[286/540] -DK_LOOP_UNROLL=1 -DPHASE1_UNROLL=1 -DSTAGGER_CYCLES=100 -DSUB_MMA_UNROLL=3 ... 0.665 ms / 1647 TFLOPS  (130 regs, 1.6s)
[287/540] -DK_LOOP_UNROLL=1 -DPHASE1_UNROLL=1 -DSTAGGER_CYCLES=100 -DSUB_MMA_UNROLL=3 -DW0_LOOP_UNROLL=1 ... 0.772 ms / 1418 TFLOPS  (111 regs, 1.6s)
[288/540] -DK_LOOP_UNROLL=1 -DPHASE1_UNROLL=1 -DSTAGGER_CYCLES=100 -DSUB_MMA_UNROLL=3 -DW0_LOOP_UNROLL=4 ... 0.663 ms / 1651 TFLOPS  (130 regs, 1.6s)
[289/540] -DK_LOOP_UNROLL=1 -DSNAKE_ORDER=0 -DSTAGGER_CYCLES=100 ... 0.661 ms / 1656 TFLOPS  (161 regs, 1.6s)
[290/540] -DK_LOOP_UNROLL=1 -DSNAKE_ORDER=0 -DSTAGGER_CYCLES=100 -DW0_LOOP_UNROLL=1 ... 0.765 ms / 1432 TFLOPS  (142 regs, 1.6s)
[291/540] -DK_LOOP_UNROLL=1 -DSNAKE_ORDER=0 -DSTAGGER_CYCLES=100 -DW0_LOOP_UNROLL=4 ... 0.653 ms / 1677 TFLOPS  (161 regs, 1.6s)
[292/540] -DK_LOOP_UNROLL=1 -DSNAKE_ORDER=0 -DSTAGGER_CYCLES=100 -DSUB_MMA_UNROLL=1 ... 0.704 ms / 1556 TFLOPS  (153 regs, 1.6s)
[293/540] -DK_LOOP_UNROLL=1 -DSNAKE_ORDER=0 -DSTAGGER_CYCLES=100 -DSUB_MMA_UNROLL=1 -DW0_LOOP_UNROLL=1 ... 0.779 ms / 1407 TFLOPS  (134 regs, 1.6s)
[294/540] -DK_LOOP_UNROLL=1 -DSNAKE_ORDER=0 -DSTAGGER_CYCLES=100 -DSUB_MMA_UNROLL=1 -DW0_LOOP_UNROLL=4 ... 0.691 ms / 1585 TFLOPS  (153 regs, 1.6s)
[295/540] -DK_LOOP_UNROLL=1 -DSNAKE_ORDER=0 -DSTAGGER_CYCLES=100 -DSUB_MMA_UNROLL=3 ... 0.668 ms / 1640 TFLOPS  (161 regs, 1.6s)
[296/540] -DK_LOOP_UNROLL=1 -DSNAKE_ORDER=0 -DSTAGGER_CYCLES=100 -DSUB_MMA_UNROLL=3 -DW0_LOOP_UNROLL=1 ... 0.769 ms / 1425 TFLOPS  (142 regs, 1.6s)
[297/540] -DK_LOOP_UNROLL=1 -DSNAKE_ORDER=0 -DSTAGGER_CYCLES=100 -DSUB_MMA_UNROLL=3 -DW0_LOOP_UNROLL=4 ... 0.663 ms / 1651 TFLOPS  (161 regs, 1.6s)
[298/540] -DK_LOOP_UNROLL=1 -DSTAGGER_CYCLES=100 ... 0.661 ms / 1657 TFLOPS  (161 regs, 1.6s)
[299/540] -DK_LOOP_UNROLL=1 -DSTAGGER_CYCLES=100 -DW0_LOOP_UNROLL=1 ... 0.770 ms / 1421 TFLOPS  (142 regs, 1.6s)
[300/540] -DK_LOOP_UNROLL=1 -DSTAGGER_CYCLES=100 -DW0_LOOP_UNROLL=4 ... 0.658 ms / 1665 TFLOPS  (161 regs, 1.6s)
[301/540] -DK_LOOP_UNROLL=1 -DSTAGGER_CYCLES=100 -DSUB_MMA_UNROLL=1 ... 0.704 ms / 1555 TFLOPS  (153 regs, 1.6s)
[302/540] -DK_LOOP_UNROLL=1 -DSTAGGER_CYCLES=100 -DSUB_MMA_UNROLL=1 -DW0_LOOP_UNROLL=1 ... 0.781 ms / 1402 TFLOPS  (134 regs, 1.6s)
[303/540] -DK_LOOP_UNROLL=1 -DSTAGGER_CYCLES=100 -DSUB_MMA_UNROLL=1 -DW0_LOOP_UNROLL=4 ... 0.705 ms / 1554 TFLOPS  (153 regs, 1.6s)
[304/540] -DK_LOOP_UNROLL=1 -DSTAGGER_CYCLES=100 -DSUB_MMA_UNROLL=3 ... 0.661 ms / 1657 TFLOPS  (161 regs, 1.6s)
[305/540] -DK_LOOP_UNROLL=1 -DSTAGGER_CYCLES=100 -DSUB_MMA_UNROLL=3 -DW0_LOOP_UNROLL=1 ... 0.775 ms / 1413 TFLOPS  (142 regs, 1.6s)
[306/540] -DK_LOOP_UNROLL=1 -DSTAGGER_CYCLES=100 -DSUB_MMA_UNROLL=3 -DW0_LOOP_UNROLL=4 ... 0.665 ms / 1646 TFLOPS  (161 regs, 1.6s)
[307/540] -DK_LOOP_UNROLL=1 -DPHASE1_UNROLL=4 -DSNAKE_ORDER=0 -DSTAGGER_CYCLES=100 ... 0.674 ms / 1624 TFLOPS  (210 regs, 1.6s)
[308/540] -DK_LOOP_UNROLL=1 -DPHASE1_UNROLL=4 -DSNAKE_ORDER=0 -DSTAGGER_CYCLES=100 -DW0_LOOP_UNROLL=1 ... 0.779 ms / 1405 TFLOPS  (192 regs, 1.6s)
[309/540] -DK_LOOP_UNROLL=1 -DPHASE1_UNROLL=4 -DSNAKE_ORDER=0 -DSTAGGER_CYCLES=100 -DW0_LOOP_UNROLL=4 ... 0.677 ms / 1617 TFLOPS  (210 regs, 1.6s)
[310/540] -DK_LOOP_UNROLL=1 -DPHASE1_UNROLL=4 -DSNAKE_ORDER=0 -DSTAGGER_CYCLES=100 -DSUB_MMA_UNROLL=1 ... 0.718 ms / 1525 TFLOPS  (202 regs, 1.6s)
[311/540] -DK_LOOP_UNROLL=1 -DPHASE1_UNROLL=4 -DSNAKE_ORDER=0 -DSTAGGER_CYCLES=100 -DSUB_MMA_UNROLL=1 -DW0_LOOP_UNROLL=1 ... 0.799 ms / 1371 TFLOPS  (184 regs, 1.6s)
[312/540] -DK_LOOP_UNROLL=1 -DPHASE1_UNROLL=4 -DSNAKE_ORDER=0 -DSTAGGER_CYCLES=100 -DSUB_MMA_UNROLL=1 -DW0_LOOP_UNROLL=4 ... 0.711 ms / 1539 TFLOPS  (202 regs, 1.6s)
[313/540] -DK_LOOP_UNROLL=1 -DPHASE1_UNROLL=4 -DSNAKE_ORDER=0 -DSTAGGER_CYCLES=100 -DSUB_MMA_UNROLL=3 ... 0.670 ms / 1635 TFLOPS  (210 regs, 1.6s)
[314/540] -DK_LOOP_UNROLL=1 -DPHASE1_UNROLL=4 -DSNAKE_ORDER=0 -DSTAGGER_CYCLES=100 -DSUB_MMA_UNROLL=3 -DW0_LOOP_UNROLL=1 ... 0.770 ms / 1422 TFLOPS  (192 regs, 1.6s)
[315/540] -DK_LOOP_UNROLL=1 -DPHASE1_UNROLL=4 -DSNAKE_ORDER=0 -DSTAGGER_CYCLES=100 -DSUB_MMA_UNROLL=3 -DW0_LOOP_UNROLL=4 ... 0.674 ms / 1625 TFLOPS  (210 regs, 1.6s)
[316/540] -DK_LOOP_UNROLL=1 -DPHASE1_UNROLL=4 -DSTAGGER_CYCLES=100 ... 0.675 ms / 1623 TFLOPS  (210 regs, 1.6s)
[317/540] -DK_LOOP_UNROLL=1 -DPHASE1_UNROLL=4 -DSTAGGER_CYCLES=100 -DW0_LOOP_UNROLL=1 ... 0.757 ms / 1446 TFLOPS  (192 regs, 1.6s)
[318/540] -DK_LOOP_UNROLL=1 -DPHASE1_UNROLL=4 -DSTAGGER_CYCLES=100 -DW0_LOOP_UNROLL=4 ... 0.673 ms / 1628 TFLOPS  (210 regs, 1.6s)
[319/540] -DK_LOOP_UNROLL=1 -DPHASE1_UNROLL=4 -DSTAGGER_CYCLES=100 -DSUB_MMA_UNROLL=1 ... 0.712 ms / 1538 TFLOPS  (202 regs, 1.6s)
[320/540] -DK_LOOP_UNROLL=1 -DPHASE1_UNROLL=4 -DSTAGGER_CYCLES=100 -DSUB_MMA_UNROLL=1 -DW0_LOOP_UNROLL=1 ... 0.786 ms / 1394 TFLOPS  (184 regs, 1.6s)
[321/540] -DK_LOOP_UNROLL=1 -DPHASE1_UNROLL=4 -DSTAGGER_CYCLES=100 -DSUB_MMA_UNROLL=1 -DW0_LOOP_UNROLL=4 ... 0.718 ms / 1526 TFLOPS  (202 regs, 1.6s)
[322/540] -DK_LOOP_UNROLL=1 -DPHASE1_UNROLL=4 -DSTAGGER_CYCLES=100 -DSUB_MMA_UNROLL=3 ... 0.673 ms / 1628 TFLOPS  (210 regs, 1.6s)
[323/540] -DK_LOOP_UNROLL=1 -DPHASE1_UNROLL=4 -DSTAGGER_CYCLES=100 -DSUB_MMA_UNROLL=3 -DW0_LOOP_UNROLL=1 ... 0.758 ms / 1444 TFLOPS  (192 regs, 1.6s)
[324/540] -DK_LOOP_UNROLL=1 -DPHASE1_UNROLL=4 -DSTAGGER_CYCLES=100 -DSUB_MMA_UNROLL=3 -DW0_LOOP_UNROLL=4 ... 0.671 ms / 1631 TFLOPS  (210 regs, 1.6s)
[325/540] -DK_LOOP_UNROLL=2 -DPHASE1_UNROLL=1 -DSNAKE_ORDER=0 -DSTAGGER_CYCLES=100 ... 0.669 ms / 1638 TFLOPS  (130 regs, 1.6s)
[326/540] -DK_LOOP_UNROLL=2 -DPHASE1_UNROLL=1 -DSNAKE_ORDER=0 -DSTAGGER_CYCLES=100 -DW0_LOOP_UNROLL=1 ... 0.767 ms / 1427 TFLOPS  (111 regs, 1.6s)
[327/540] -DK_LOOP_UNROLL=2 -DPHASE1_UNROLL=1 -DSNAKE_ORDER=0 -DSTAGGER_CYCLES=100 -DW0_LOOP_UNROLL=4 ... 0.666 ms / 1645 TFLOPS  (130 regs, 1.6s)
[328/540] -DK_LOOP_UNROLL=2 -DPHASE1_UNROLL=1 -DSNAKE_ORDER=0 -DSTAGGER_CYCLES=100 -DSUB_MMA_UNROLL=1 ... 0.700 ms / 1564 TFLOPS  (125 regs, 1.6s)
[329/540] -DK_LOOP_UNROLL=2 -DPHASE1_UNROLL=1 -DSNAKE_ORDER=0 -DSTAGGER_CYCLES=100 -DSUB_MMA_UNROLL=1 -DW0_LOOP_UNROLL=1 ... 0.781 ms / 1401 TFLOPS  (105 regs, 1.6s)
[330/540] -DK_LOOP_UNROLL=2 -DPHASE1_UNROLL=1 -DSNAKE_ORDER=0 -DSTAGGER_CYCLES=100 -DSUB_MMA_UNROLL=1 -DW0_LOOP_UNROLL=4 ... 0.699 ms / 1566 TFLOPS  (125 regs, 1.6s)
[331/540] -DK_LOOP_UNROLL=2 -DPHASE1_UNROLL=1 -DSNAKE_ORDER=0 -DSTAGGER_CYCLES=100 -DSUB_MMA_UNROLL=3 ... 0.673 ms / 1627 TFLOPS  (130 regs, 1.6s)
[332/540] -DK_LOOP_UNROLL=2 -DPHASE1_UNROLL=1 -DSNAKE_ORDER=0 -DSTAGGER_CYCLES=100 -DSUB_MMA_UNROLL=3 -DW0_LOOP_UNROLL=1 ... 0.775 ms / 1414 TFLOPS  (111 regs, 1.6s)
[333/540] -DK_LOOP_UNROLL=2 -DPHASE1_UNROLL=1 -DSNAKE_ORDER=0 -DSTAGGER_CYCLES=100 -DSUB_MMA_UNROLL=3 -DW0_LOOP_UNROLL=4 ... 0.671 ms / 1631 TFLOPS  (130 regs, 1.6s)
[334/540] -DK_LOOP_UNROLL=2 -DPHASE1_UNROLL=1 -DSTAGGER_CYCLES=100 ... 0.674 ms / 1624 TFLOPS  (130 regs, 1.6s)
[335/540] -DK_LOOP_UNROLL=2 -DPHASE1_UNROLL=1 -DSTAGGER_CYCLES=100 -DW0_LOOP_UNROLL=1 ... 0.768 ms / 1426 TFLOPS  (111 regs, 1.6s)
[336/540] -DK_LOOP_UNROLL=2 -DPHASE1_UNROLL=1 -DSTAGGER_CYCLES=100 -DW0_LOOP_UNROLL=4 ... 0.660 ms / 1660 TFLOPS  (130 regs, 1.6s)
[337/540] -DK_LOOP_UNROLL=2 -DPHASE1_UNROLL=1 -DSTAGGER_CYCLES=100 -DSUB_MMA_UNROLL=1 ... 0.695 ms / 1576 TFLOPS  (125 regs, 1.6s)
[338/540] -DK_LOOP_UNROLL=2 -DPHASE1_UNROLL=1 -DSTAGGER_CYCLES=100 -DSUB_MMA_UNROLL=1 -DW0_LOOP_UNROLL=1 ... 0.761 ms / 1439 TFLOPS  (105 regs, 1.6s)
[339/540] -DK_LOOP_UNROLL=2 -DPHASE1_UNROLL=1 -DSTAGGER_CYCLES=100 -DSUB_MMA_UNROLL=1 -DW0_LOOP_UNROLL=4 ... 0.709 ms / 1545 TFLOPS  (125 regs, 1.6s)
[340/540] -DK_LOOP_UNROLL=2 -DPHASE1_UNROLL=1 -DSTAGGER_CYCLES=100 -DSUB_MMA_UNROLL=3 ... 0.667 ms / 1643 TFLOPS  (130 regs, 1.6s)
[341/540] -DK_LOOP_UNROLL=2 -DPHASE1_UNROLL=1 -DSTAGGER_CYCLES=100 -DSUB_MMA_UNROLL=3 -DW0_LOOP_UNROLL=1 ... 0.761 ms / 1438 TFLOPS  (111 regs, 1.6s)
[342/540] -DK_LOOP_UNROLL=2 -DPHASE1_UNROLL=1 -DSTAGGER_CYCLES=100 -DSUB_MMA_UNROLL=3 -DW0_LOOP_UNROLL=4 ... 0.665 ms / 1648 TFLOPS  (130 regs, 1.6s)
[343/540] -DK_LOOP_UNROLL=2 -DSNAKE_ORDER=0 -DSTAGGER_CYCLES=100 ... 0.667 ms / 1643 TFLOPS  (161 regs, 1.6s)
[344/540] -DK_LOOP_UNROLL=2 -DSNAKE_ORDER=0 -DSTAGGER_CYCLES=100 -DW0_LOOP_UNROLL=1 ... 0.759 ms / 1442 TFLOPS  (142 regs, 1.6s)
[345/540] -DK_LOOP_UNROLL=2 -DSNAKE_ORDER=0 -DSTAGGER_CYCLES=100 -DW0_LOOP_UNROLL=4 ... 0.661 ms / 1658 TFLOPS  (161 regs, 1.6s)
[346/540] -DK_LOOP_UNROLL=2 -DSNAKE_ORDER=0 -DSTAGGER_CYCLES=100 -DSUB_MMA_UNROLL=1 ... 0.701 ms / 1562 TFLOPS  (153 regs, 1.6s)
[347/540] -DK_LOOP_UNROLL=2 -DSNAKE_ORDER=0 -DSTAGGER_CYCLES=100 -DSUB_MMA_UNROLL=1 -DW0_LOOP_UNROLL=1 ... 0.776 ms / 1411 TFLOPS  (134 regs, 1.6s)
[348/540] -DK_LOOP_UNROLL=2 -DSNAKE_ORDER=0 -DSTAGGER_CYCLES=100 -DSUB_MMA_UNROLL=1 -DW0_LOOP_UNROLL=4 ... 0.697 ms / 1572 TFLOPS  (153 regs, 1.6s)
[349/540] -DK_LOOP_UNROLL=2 -DSNAKE_ORDER=0 -DSTAGGER_CYCLES=100 -DSUB_MMA_UNROLL=3 ... 0.663 ms / 1652 TFLOPS  (161 regs, 1.6s)
[350/540] -DK_LOOP_UNROLL=2 -DSNAKE_ORDER=0 -DSTAGGER_CYCLES=100 -DSUB_MMA_UNROLL=3 -DW0_LOOP_UNROLL=1 ... 0.770 ms / 1423 TFLOPS  (142 regs, 1.6s)
[351/540] -DK_LOOP_UNROLL=2 -DSNAKE_ORDER=0 -DSTAGGER_CYCLES=100 -DSUB_MMA_UNROLL=3 -DW0_LOOP_UNROLL=4 ... 0.660 ms / 1659 TFLOPS  (161 regs, 1.6s)
[352/540] -DK_LOOP_UNROLL=2 -DSTAGGER_CYCLES=100 ... 0.666 ms / 1644 TFLOPS  (161 regs, 1.6s)
[353/540] -DK_LOOP_UNROLL=2 -DSTAGGER_CYCLES=100 -DW0_LOOP_UNROLL=1 ... 0.763 ms / 1435 TFLOPS  (142 regs, 1.6s)
[354/540] -DK_LOOP_UNROLL=2 -DSTAGGER_CYCLES=100 -DW0_LOOP_UNROLL=4 ... 0.664 ms / 1648 TFLOPS  (161 regs, 1.6s)
[355/540] -DK_LOOP_UNROLL=2 -DSTAGGER_CYCLES=100 -DSUB_MMA_UNROLL=1 ... 0.703 ms / 1558 TFLOPS  (153 regs, 1.6s)
[356/540] -DK_LOOP_UNROLL=2 -DSTAGGER_CYCLES=100 -DSUB_MMA_UNROLL=1 -DW0_LOOP_UNROLL=1 ... 0.778 ms / 1408 TFLOPS  (134 regs, 1.6s)
[357/540] -DK_LOOP_UNROLL=2 -DSTAGGER_CYCLES=100 -DSUB_MMA_UNROLL=1 -DW0_LOOP_UNROLL=4 ... 0.707 ms / 1548 TFLOPS  (153 regs, 1.6s)
[358/540] -DK_LOOP_UNROLL=2 -DSTAGGER_CYCLES=100 -DSUB_MMA_UNROLL=3 ... 0.658 ms / 1665 TFLOPS  (161 regs, 1.6s)
[359/540] -DK_LOOP_UNROLL=2 -DSTAGGER_CYCLES=100 -DSUB_MMA_UNROLL=3 -DW0_LOOP_UNROLL=1 ... 0.764 ms / 1434 TFLOPS  (142 regs, 1.6s)
[360/540] -DK_LOOP_UNROLL=2 -DSTAGGER_CYCLES=100 -DSUB_MMA_UNROLL=3 -DW0_LOOP_UNROLL=4 ... 0.666 ms / 1645 TFLOPS  (161 regs, 1.6s)
[361/540] -DK_LOOP_UNROLL=2 -DPHASE1_UNROLL=4 -DSNAKE_ORDER=0 -DSTAGGER_CYCLES=100 ... 0.673 ms / 1626 TFLOPS  (210 regs, 1.6s)
[362/540] -DK_LOOP_UNROLL=2 -DPHASE1_UNROLL=4 -DSNAKE_ORDER=0 -DSTAGGER_CYCLES=100 -DW0_LOOP_UNROLL=1 ... 0.775 ms / 1414 TFLOPS  (192 regs, 1.6s)
[363/540] -DK_LOOP_UNROLL=2 -DPHASE1_UNROLL=4 -DSNAKE_ORDER=0 -DSTAGGER_CYCLES=100 -DW0_LOOP_UNROLL=4 ... 0.670 ms / 1635 TFLOPS  (210 regs, 1.6s)
[364/540] -DK_LOOP_UNROLL=2 -DPHASE1_UNROLL=4 -DSNAKE_ORDER=0 -DSTAGGER_CYCLES=100 -DSUB_MMA_UNROLL=1 ... 0.713 ms / 1536 TFLOPS  (202 regs, 1.6s)
[365/540] -DK_LOOP_UNROLL=2 -DPHASE1_UNROLL=4 -DSNAKE_ORDER=0 -DSTAGGER_CYCLES=100 -DSUB_MMA_UNROLL=1 -DW0_LOOP_UNROLL=1 ... 0.795 ms / 1377 TFLOPS  (184 regs, 1.6s)
[366/540] -DK_LOOP_UNROLL=2 -DPHASE1_UNROLL=4 -DSNAKE_ORDER=0 -DSTAGGER_CYCLES=100 -DSUB_MMA_UNROLL=1 -DW0_LOOP_UNROLL=4 ... 0.714 ms / 1534 TFLOPS  (202 regs, 1.6s)
[367/540] -DK_LOOP_UNROLL=2 -DPHASE1_UNROLL=4 -DSNAKE_ORDER=0 -DSTAGGER_CYCLES=100 -DSUB_MMA_UNROLL=3 ... 0.668 ms / 1640 TFLOPS  (210 regs, 1.6s)
[368/540] -DK_LOOP_UNROLL=2 -DPHASE1_UNROLL=4 -DSNAKE_ORDER=0 -DSTAGGER_CYCLES=100 -DSUB_MMA_UNROLL=3 -DW0_LOOP_UNROLL=1 ... 0.771 ms / 1421 TFLOPS  (192 regs, 1.6s)
[369/540] -DK_LOOP_UNROLL=2 -DPHASE1_UNROLL=4 -DSNAKE_ORDER=0 -DSTAGGER_CYCLES=100 -DSUB_MMA_UNROLL=3 -DW0_LOOP_UNROLL=4 ... 0.671 ms / 1632 TFLOPS  (210 regs, 1.6s)
[370/540] -DK_LOOP_UNROLL=2 -DPHASE1_UNROLL=4 -DSTAGGER_CYCLES=100 ... 0.678 ms / 1616 TFLOPS  (210 regs, 1.6s)
[371/540] -DK_LOOP_UNROLL=2 -DPHASE1_UNROLL=4 -DSTAGGER_CYCLES=100 -DW0_LOOP_UNROLL=1 ... 0.770 ms / 1422 TFLOPS  (192 regs, 1.6s)
[372/540] -DK_LOOP_UNROLL=2 -DPHASE1_UNROLL=4 -DSTAGGER_CYCLES=100 -DW0_LOOP_UNROLL=4 ... 0.677 ms / 1618 TFLOPS  (210 regs, 1.6s)
[373/540] -DK_LOOP_UNROLL=2 -DPHASE1_UNROLL=4 -DSTAGGER_CYCLES=100 -DSUB_MMA_UNROLL=1 ... 0.707 ms / 1549 TFLOPS  (202 regs, 1.6s)
[374/540] -DK_LOOP_UNROLL=2 -DPHASE1_UNROLL=4 -DSTAGGER_CYCLES=100 -DSUB_MMA_UNROLL=1 -DW0_LOOP_UNROLL=1 ... 0.798 ms / 1373 TFLOPS  (184 regs, 1.6s)
[375/540] -DK_LOOP_UNROLL=2 -DPHASE1_UNROLL=4 -DSTAGGER_CYCLES=100 -DSUB_MMA_UNROLL=1 -DW0_LOOP_UNROLL=4 ... 0.705 ms / 1553 TFLOPS  (202 regs, 1.7s)
[376/540] -DK_LOOP_UNROLL=2 -DPHASE1_UNROLL=4 -DSTAGGER_CYCLES=100 -DSUB_MMA_UNROLL=3 ... 0.670 ms / 1634 TFLOPS  (210 regs, 1.6s)
[377/540] -DK_LOOP_UNROLL=2 -DPHASE1_UNROLL=4 -DSTAGGER_CYCLES=100 -DSUB_MMA_UNROLL=3 -DW0_LOOP_UNROLL=1 ... 0.766 ms / 1429 TFLOPS  (192 regs, 1.6s)
[378/540] -DK_LOOP_UNROLL=2 -DPHASE1_UNROLL=4 -DSTAGGER_CYCLES=100 -DSUB_MMA_UNROLL=3 -DW0_LOOP_UNROLL=4 ... 0.669 ms / 1637 TFLOPS  (210 regs, 1.6s)
[379/540] -DPHASE1_UNROLL=1 -DSNAKE_ORDER=0 -DSTAGGER_CYCLES=100 ... 0.732 ms / 1497 TFLOPS  (178 regs, 1.6s)
[380/540] -DPHASE1_UNROLL=1 -DSNAKE_ORDER=0 -DSTAGGER_CYCLES=100 -DW0_LOOP_UNROLL=1 ... 0.693 ms / 1580 TFLOPS  (164 regs, 1.6s)
[381/540] -DPHASE1_UNROLL=1 -DSNAKE_ORDER=0 -DSTAGGER_CYCLES=100 -DW0_LOOP_UNROLL=4 ... 0.731 ms / 1498 TFLOPS  (178 regs, 1.5s)
[382/540] -DPHASE1_UNROLL=1 -DSNAKE_ORDER=0 -DSTAGGER_CYCLES=100 -DSUB_MMA_UNROLL=1 ... 0.728 ms / 1504 TFLOPS  (134 regs, 1.6s)
[383/540] -DPHASE1_UNROLL=1 -DSNAKE_ORDER=0 -DSTAGGER_CYCLES=100 -DSUB_MMA_UNROLL=1 -DW0_LOOP_UNROLL=1 ... 0.686 ms / 1596 TFLOPS  (120 regs, 1.5s)
[384/540] -DPHASE1_UNROLL=1 -DSNAKE_ORDER=0 -DSTAGGER_CYCLES=100 -DSUB_MMA_UNROLL=1 -DW0_LOOP_UNROLL=4 ... 0.729 ms / 1502 TFLOPS  (134 regs, 1.6s)
[385/540] -DPHASE1_UNROLL=1 -DSNAKE_ORDER=0 -DSTAGGER_CYCLES=100 -DSUB_MMA_UNROLL=3 ... 0.730 ms / 1500 TFLOPS  (178 regs, 1.6s)
[386/540] -DPHASE1_UNROLL=1 -DSNAKE_ORDER=0 -DSTAGGER_CYCLES=100 -DSUB_MMA_UNROLL=3 -DW0_LOOP_UNROLL=1 ... 0.681 ms / 1608 TFLOPS  (164 regs, 1.6s)
[387/540] -DPHASE1_UNROLL=1 -DSNAKE_ORDER=0 -DSTAGGER_CYCLES=100 -DSUB_MMA_UNROLL=3 -DW0_LOOP_UNROLL=4 ... 0.730 ms / 1499 TFLOPS  (178 regs, 1.6s)
[388/540] -DPHASE1_UNROLL=1 -DSTAGGER_CYCLES=100 ... 0.606 ms / 1807 TFLOPS  (178 regs, 1.6s)
[389/540] -DPHASE1_UNROLL=1 -DSTAGGER_CYCLES=100 -DW0_LOOP_UNROLL=1 ... 0.690 ms / 1587 TFLOPS  (164 regs, 1.6s)
[390/540] -DPHASE1_UNROLL=1 -DSTAGGER_CYCLES=100 -DW0_LOOP_UNROLL=4 ... 0.625 ms / 1753 TFLOPS  (178 regs, 1.6s)
[391/540] -DPHASE1_UNROLL=1 -DSTAGGER_CYCLES=100 -DSUB_MMA_UNROLL=1 ... 0.616 ms / 1777 TFLOPS  (134 regs, 1.6s)
[392/540] -DPHASE1_UNROLL=1 -DSTAGGER_CYCLES=100 -DSUB_MMA_UNROLL=1 -DW0_LOOP_UNROLL=1 ... 0.684 ms / 1600 TFLOPS  (120 regs, 1.6s)
[393/540] -DPHASE1_UNROLL=1 -DSTAGGER_CYCLES=100 -DSUB_MMA_UNROLL=1 -DW0_LOOP_UNROLL=4 ... 0.618 ms / 1771 TFLOPS  (134 regs, 1.6s)
[394/540] -DPHASE1_UNROLL=1 -DSTAGGER_CYCLES=100 -DSUB_MMA_UNROLL=3 ... 0.632 ms / 1734 TFLOPS  (178 regs, 1.6s)
[395/540] -DPHASE1_UNROLL=1 -DSTAGGER_CYCLES=100 -DSUB_MMA_UNROLL=3 -DW0_LOOP_UNROLL=1 ... 0.696 ms / 1573 TFLOPS  (164 regs, 1.6s)
[396/540] -DPHASE1_UNROLL=1 -DSTAGGER_CYCLES=100 -DSUB_MMA_UNROLL=3 -DW0_LOOP_UNROLL=4 ... 0.598 ms / 1833 TFLOPS  (178 regs, 1.6s)
[397/540] -DSNAKE_ORDER=0 -DSTAGGER_CYCLES=100 ... 0.563 ms / 1946 TFLOPS  (209 regs, 1.6s)
[398/540] -DSNAKE_ORDER=0 -DSTAGGER_CYCLES=100 -DW0_LOOP_UNROLL=1 ... 0.684 ms / 1602 TFLOPS  (194 regs, 1.6s)
[399/540] -DSNAKE_ORDER=0 -DSTAGGER_CYCLES=100 -DW0_LOOP_UNROLL=4 ... 0.567 ms / 1932 TFLOPS  (209 regs, 1.6s)
[400/540] -DSNAKE_ORDER=0 -DSTAGGER_CYCLES=100 -DSUB_MMA_UNROLL=1 ... 0.578 ms / 1894 TFLOPS  (165 regs, 1.6s)
[401/540] -DSNAKE_ORDER=0 -DSTAGGER_CYCLES=100 -DSUB_MMA_UNROLL=1 -DW0_LOOP_UNROLL=1 ... 0.692 ms / 1581 TFLOPS  (149 regs, 1.6s)
[402/540] -DSNAKE_ORDER=0 -DSTAGGER_CYCLES=100 -DSUB_MMA_UNROLL=1 -DW0_LOOP_UNROLL=4 ... 0.568 ms / 1927 TFLOPS  (165 regs, 1.6s)
[403/540] -DSNAKE_ORDER=0 -DSTAGGER_CYCLES=100 -DSUB_MMA_UNROLL=3 ... 0.568 ms / 1929 TFLOPS  (209 regs, 1.6s)
[404/540] -DSNAKE_ORDER=0 -DSTAGGER_CYCLES=100 -DSUB_MMA_UNROLL=3 -DW0_LOOP_UNROLL=1 ... 0.688 ms / 1592 TFLOPS  (194 regs, 1.6s)
[405/540] -DSNAKE_ORDER=0 -DSTAGGER_CYCLES=100 -DSUB_MMA_UNROLL=3 -DW0_LOOP_UNROLL=4 ... 0.574 ms / 1907 TFLOPS  (209 regs, 1.6s)
[406/540] -DSTAGGER_CYCLES=100 ... 0.526 ms / 2083 TFLOPS  (209 regs, 1.6s)
[407/540] -DSTAGGER_CYCLES=100 -DW0_LOOP_UNROLL=1 ... 0.681 ms / 1607 TFLOPS  (194 regs, 1.6s)
[408/540] -DSTAGGER_CYCLES=100 -DW0_LOOP_UNROLL=4 ... 0.529 ms / 2070 TFLOPS  (209 regs, 1.6s)
[409/540] -DSTAGGER_CYCLES=100 -DSUB_MMA_UNROLL=1 ... 0.533 ms / 2056 TFLOPS  (165 regs, 1.6s)
[410/540] -DSTAGGER_CYCLES=100 -DSUB_MMA_UNROLL=1 -DW0_LOOP_UNROLL=1 ... 0.684 ms / 1600 TFLOPS  (149 regs, 1.6s)
[411/540] -DSTAGGER_CYCLES=100 -DSUB_MMA_UNROLL=1 -DW0_LOOP_UNROLL=4 ... 0.534 ms / 2051 TFLOPS  (165 regs, 1.6s)
[412/540] -DSTAGGER_CYCLES=100 -DSUB_MMA_UNROLL=3 ... 0.527 ms / 2079 TFLOPS  (209 regs, 1.6s)
[413/540] -DSTAGGER_CYCLES=100 -DSUB_MMA_UNROLL=3 -DW0_LOOP_UNROLL=1 ... 0.686 ms / 1597 TFLOPS  (194 regs, 1.6s)
[414/540] -DSTAGGER_CYCLES=100 -DSUB_MMA_UNROLL=3 -DW0_LOOP_UNROLL=4 ... 0.531 ms / 2063 TFLOPS  (209 regs, 1.6s)
[415/540] -DPHASE1_UNROLL=4 -DSNAKE_ORDER=0 -DSTAGGER_CYCLES=100 ... 0.541 ms / 2026 TFLOPS  (255 regs, 1.6s)
[416/540] -DPHASE1_UNROLL=4 -DSNAKE_ORDER=0 -DSTAGGER_CYCLES=100 -DW0_LOOP_UNROLL=1 ... 0.696 ms / 1574 TFLOPS  (244 regs, 1.6s)
[417/540] -DPHASE1_UNROLL=4 -DSNAKE_ORDER=0 -DSTAGGER_CYCLES=100 -DW0_LOOP_UNROLL=4 ... 0.541 ms / 2023 TFLOPS  (255 regs, 1.6s)
[418/540] -DPHASE1_UNROLL=4 -DSNAKE_ORDER=0 -DSTAGGER_CYCLES=100 -DSUB_MMA_UNROLL=1 ... 0.540 ms / 2028 TFLOPS  (214 regs, 1.6s)
[419/540] -DPHASE1_UNROLL=4 -DSNAKE_ORDER=0 -DSTAGGER_CYCLES=100 -DSUB_MMA_UNROLL=1 -DW0_LOOP_UNROLL=1 ... 0.702 ms / 1560 TFLOPS  (200 regs, 1.6s)
[420/540] -DPHASE1_UNROLL=4 -DSNAKE_ORDER=0 -DSTAGGER_CYCLES=100 -DSUB_MMA_UNROLL=1 -DW0_LOOP_UNROLL=4 ... 0.543 ms / 2017 TFLOPS  (214 regs, 1.6s)
[421/540] -DPHASE1_UNROLL=4 -DSNAKE_ORDER=0 -DSTAGGER_CYCLES=100 -DSUB_MMA_UNROLL=3 ... 0.542 ms / 2019 TFLOPS  (255 regs, 1.6s)
[422/540] -DPHASE1_UNROLL=4 -DSNAKE_ORDER=0 -DSTAGGER_CYCLES=100 -DSUB_MMA_UNROLL=3 -DW0_LOOP_UNROLL=1 ... 0.700 ms / 1565 TFLOPS  (244 regs, 1.6s)
[423/540] -DPHASE1_UNROLL=4 -DSNAKE_ORDER=0 -DSTAGGER_CYCLES=100 -DSUB_MMA_UNROLL=3 -DW0_LOOP_UNROLL=4 ... 0.541 ms / 2025 TFLOPS  (255 regs, 1.6s)
[424/540] -DPHASE1_UNROLL=4 -DSTAGGER_CYCLES=100 ... 0.532 ms / 2059 TFLOPS  (255 regs, 1.6s)
[425/540] -DPHASE1_UNROLL=4 -DSTAGGER_CYCLES=100 -DW0_LOOP_UNROLL=1 ... 0.696 ms / 1573 TFLOPS  (244 regs, 1.6s)
[426/540] -DPHASE1_UNROLL=4 -DSTAGGER_CYCLES=100 -DW0_LOOP_UNROLL=4 ... 0.534 ms / 2052 TFLOPS  (255 regs, 1.6s)
[427/540] -DPHASE1_UNROLL=4 -DSTAGGER_CYCLES=100 -DSUB_MMA_UNROLL=1 ... 0.534 ms / 2052 TFLOPS  (214 regs, 1.6s)
[428/540] -DPHASE1_UNROLL=4 -DSTAGGER_CYCLES=100 -DSUB_MMA_UNROLL=1 -DW0_LOOP_UNROLL=1 ... 0.697 ms / 1572 TFLOPS  (200 regs, 1.6s)
[429/540] -DPHASE1_UNROLL=4 -DSTAGGER_CYCLES=100 -DSUB_MMA_UNROLL=1 -DW0_LOOP_UNROLL=4 ... 0.534 ms / 2051 TFLOPS  (214 regs, 1.6s)
[430/540] -DPHASE1_UNROLL=4 -DSTAGGER_CYCLES=100 -DSUB_MMA_UNROLL=3 ... 0.533 ms / 2055 TFLOPS  (255 regs, 1.6s)
[431/540] -DPHASE1_UNROLL=4 -DSTAGGER_CYCLES=100 -DSUB_MMA_UNROLL=3 -DW0_LOOP_UNROLL=1 ... 0.702 ms / 1560 TFLOPS  (244 regs, 1.6s)
[432/540] -DPHASE1_UNROLL=4 -DSTAGGER_CYCLES=100 -DSUB_MMA_UNROLL=3 -DW0_LOOP_UNROLL=4 ... 0.533 ms / 2055 TFLOPS  (255 regs, 1.6s)
[433/540] -DK_LOOP_UNROLL=6 -DPHASE1_UNROLL=1 -DSNAKE_ORDER=0 -DSTAGGER_CYCLES=100 ... 0.729 ms / 1501 TFLOPS  (147 regs, 1.6s)
[434/540] -DK_LOOP_UNROLL=6 -DPHASE1_UNROLL=1 -DSNAKE_ORDER=0 -DSTAGGER_CYCLES=100 -DW0_LOOP_UNROLL=1 ... 0.691 ms / 1585 TFLOPS  (128 regs, 1.6s)
[435/540] -DK_LOOP_UNROLL=6 -DPHASE1_UNROLL=1 -DSNAKE_ORDER=0 -DSTAGGER_CYCLES=100 -DW0_LOOP_UNROLL=4 ... 0.728 ms / 1504 TFLOPS  (144 regs, 1.6s)
[436/540] -DK_LOOP_UNROLL=6 -DPHASE1_UNROLL=1 -DSNAKE_ORDER=0 -DSTAGGER_CYCLES=100 -DSUB_MMA_UNROLL=1 ... 0.729 ms / 1501 TFLOPS  (134 regs, 1.6s)
[437/540] -DK_LOOP_UNROLL=6 -DPHASE1_UNROLL=1 -DSNAKE_ORDER=0 -DSTAGGER_CYCLES=100 -DSUB_MMA_UNROLL=1 -DW0_LOOP_UNROLL=1 ... 0.690 ms / 1587 TFLOPS  (120 regs, 1.6s)
[438/540] -DK_LOOP_UNROLL=6 -DPHASE1_UNROLL=1 -DSNAKE_ORDER=0 -DSTAGGER_CYCLES=100 -DSUB_MMA_UNROLL=1 -DW0_LOOP_UNROLL=4 ... 0.731 ms / 1498 TFLOPS  (134 regs, 1.6s)
[439/540] -DK_LOOP_UNROLL=6 -DPHASE1_UNROLL=1 -DSNAKE_ORDER=0 -DSTAGGER_CYCLES=100 -DSUB_MMA_UNROLL=3 ... 0.732 ms / 1495 TFLOPS  (147 regs, 1.6s)
[440/540] -DK_LOOP_UNROLL=6 -DPHASE1_UNROLL=1 -DSNAKE_ORDER=0 -DSTAGGER_CYCLES=100 -DSUB_MMA_UNROLL=3 -DW0_LOOP_UNROLL=1 ... 0.692 ms / 1583 TFLOPS  (128 regs, 1.6s)
[441/540] -DK_LOOP_UNROLL=6 -DPHASE1_UNROLL=1 -DSNAKE_ORDER=0 -DSTAGGER_CYCLES=100 -DSUB_MMA_UNROLL=3 -DW0_LOOP_UNROLL=4 ... 0.732 ms / 1495 TFLOPS  (144 regs, 1.6s)
[442/540] -DK_LOOP_UNROLL=6 -DPHASE1_UNROLL=1 -DSTAGGER_CYCLES=100 ... 0.600 ms / 1825 TFLOPS  (147 regs, 1.6s)
[443/540] -DK_LOOP_UNROLL=6 -DPHASE1_UNROLL=1 -DSTAGGER_CYCLES=100 -DW0_LOOP_UNROLL=1 ... 0.683 ms / 1604 TFLOPS  (128 regs, 1.6s)
[444/540] -DK_LOOP_UNROLL=6 -DPHASE1_UNROLL=1 -DSTAGGER_CYCLES=100 -DW0_LOOP_UNROLL=4 ... 0.611 ms / 1791 TFLOPS  (144 regs, 1.6s)
[445/540] -DK_LOOP_UNROLL=6 -DPHASE1_UNROLL=1 -DSTAGGER_CYCLES=100 -DSUB_MMA_UNROLL=1 ... 0.621 ms / 1764 TFLOPS  (134 regs, 1.6s)
[446/540] -DK_LOOP_UNROLL=6 -DPHASE1_UNROLL=1 -DSTAGGER_CYCLES=100 -DSUB_MMA_UNROLL=1 -DW0_LOOP_UNROLL=1 ... 0.689 ms / 1589 TFLOPS  (120 regs, 1.6s)
[447/540] -DK_LOOP_UNROLL=6 -DPHASE1_UNROLL=1 -DSTAGGER_CYCLES=100 -DSUB_MMA_UNROLL=1 -DW0_LOOP_UNROLL=4 ... 0.607 ms / 1803 TFLOPS  (134 regs, 1.6s)
[448/540] -DK_LOOP_UNROLL=6 -DPHASE1_UNROLL=1 -DSTAGGER_CYCLES=100 -DSUB_MMA_UNROLL=3 ... 0.621 ms / 1764 TFLOPS  (147 regs, 1.6s)
[449/540] -DK_LOOP_UNROLL=6 -DPHASE1_UNROLL=1 -DSTAGGER_CYCLES=100 -DSUB_MMA_UNROLL=3 -DW0_LOOP_UNROLL=1 ... 0.685 ms / 1600 TFLOPS  (128 regs, 1.6s)
[450/540] -DK_LOOP_UNROLL=6 -DPHASE1_UNROLL=1 -DSTAGGER_CYCLES=100 -DSUB_MMA_UNROLL=3 -DW0_LOOP_UNROLL=4 ... 0.608 ms / 1802 TFLOPS  (144 regs, 1.6s)
[451/540] -DK_LOOP_UNROLL=6 -DSNAKE_ORDER=0 -DSTAGGER_CYCLES=100 ... 0.556 ms / 1971 TFLOPS  (173 regs, 1.6s)
[452/540] -DK_LOOP_UNROLL=6 -DSNAKE_ORDER=0 -DSTAGGER_CYCLES=100 -DW0_LOOP_UNROLL=1 ... 0.686 ms / 1595 TFLOPS  (157 regs, 1.6s)
[453/540] -DK_LOOP_UNROLL=6 -DSNAKE_ORDER=0 -DSTAGGER_CYCLES=100 -DW0_LOOP_UNROLL=4 ... 0.564 ms / 1942 TFLOPS  (173 regs, 1.6s)
[454/540] -DK_LOOP_UNROLL=6 -DSNAKE_ORDER=0 -DSTAGGER_CYCLES=100 -DSUB_MMA_UNROLL=1 ... 0.585 ms / 1872 TFLOPS  (165 regs, 1.6s)
[455/540] -DK_LOOP_UNROLL=6 -DSNAKE_ORDER=0 -DSTAGGER_CYCLES=100 -DSUB_MMA_UNROLL=1 -DW0_LOOP_UNROLL=1 ... 0.686 ms / 1596 TFLOPS  (149 regs, 1.6s)
[456/540] -DK_LOOP_UNROLL=6 -DSNAKE_ORDER=0 -DSTAGGER_CYCLES=100 -DSUB_MMA_UNROLL=1 -DW0_LOOP_UNROLL=4 ... 0.561 ms / 1953 TFLOPS  (165 regs, 1.6s)
[457/540] -DK_LOOP_UNROLL=6 -DSNAKE_ORDER=0 -DSTAGGER_CYCLES=100 -DSUB_MMA_UNROLL=3 ... 0.562 ms / 1948 TFLOPS  (173 regs, 1.6s)
[458/540] -DK_LOOP_UNROLL=6 -DSNAKE_ORDER=0 -DSTAGGER_CYCLES=100 -DSUB_MMA_UNROLL=3 -DW0_LOOP_UNROLL=1 ... 0.694 ms / 1578 TFLOPS  (157 regs, 1.6s)
[459/540] -DK_LOOP_UNROLL=6 -DSNAKE_ORDER=0 -DSTAGGER_CYCLES=100 -DSUB_MMA_UNROLL=3 -DW0_LOOP_UNROLL=4 ... 0.559 ms / 1959 TFLOPS  (173 regs, 1.6s)
[460/540] -DK_LOOP_UNROLL=6 -DSTAGGER_CYCLES=100 ... 0.525 ms / 2085 TFLOPS  (173 regs, 1.6s)
[461/540] -DK_LOOP_UNROLL=6 -DSTAGGER_CYCLES=100 -DW0_LOOP_UNROLL=1 ... 0.691 ms / 1585 TFLOPS  (157 regs, 1.6s)
[462/540] -DK_LOOP_UNROLL=6 -DSTAGGER_CYCLES=100 -DW0_LOOP_UNROLL=4 ... 0.529 ms / 2070 TFLOPS  (173 regs, 1.6s)
[463/540] -DK_LOOP_UNROLL=6 -DSTAGGER_CYCLES=100 -DSUB_MMA_UNROLL=1 ... 0.527 ms / 2079 TFLOPS  (165 regs, 1.6s)
[464/540] -DK_LOOP_UNROLL=6 -DSTAGGER_CYCLES=100 -DSUB_MMA_UNROLL=1 -DW0_LOOP_UNROLL=1 ... 0.677 ms / 1617 TFLOPS  (149 regs, 1.6s)
[465/540] -DK_LOOP_UNROLL=6 -DSTAGGER_CYCLES=100 -DSUB_MMA_UNROLL=1 -DW0_LOOP_UNROLL=4 ... 0.529 ms / 2070 TFLOPS  (165 regs, 1.6s)
[466/540] -DK_LOOP_UNROLL=6 -DSTAGGER_CYCLES=100 -DSUB_MMA_UNROLL=3 ... 0.528 ms / 2075 TFLOPS  (173 regs, 1.6s)
[467/540] -DK_LOOP_UNROLL=6 -DSTAGGER_CYCLES=100 -DSUB_MMA_UNROLL=3 -DW0_LOOP_UNROLL=1 ... 0.685 ms / 1599 TFLOPS  (157 regs, 1.6s)
[468/540] -DK_LOOP_UNROLL=6 -DSTAGGER_CYCLES=100 -DSUB_MMA_UNROLL=3 -DW0_LOOP_UNROLL=4 ... 0.527 ms / 2077 TFLOPS  (173 regs, 1.6s)
[469/540] -DK_LOOP_UNROLL=6 -DPHASE1_UNROLL=4 -DSNAKE_ORDER=0 -DSTAGGER_CYCLES=100 ... 0.541 ms / 2024 TFLOPS  (222 regs, 1.6s)
[470/540] -DK_LOOP_UNROLL=6 -DPHASE1_UNROLL=4 -DSNAKE_ORDER=0 -DSTAGGER_CYCLES=100 -DW0_LOOP_UNROLL=1 ... 0.698 ms / 1569 TFLOPS  (208 regs, 1.6s)
[471/540] -DK_LOOP_UNROLL=6 -DPHASE1_UNROLL=4 -DSNAKE_ORDER=0 -DSTAGGER_CYCLES=100 -DW0_LOOP_UNROLL=4 ... 0.539 ms / 2033 TFLOPS  (222 regs, 1.6s)
[472/540] -DK_LOOP_UNROLL=6 -DPHASE1_UNROLL=4 -DSNAKE_ORDER=0 -DSTAGGER_CYCLES=100 -DSUB_MMA_UNROLL=1 ... 0.540 ms / 2029 TFLOPS  (214 regs, 1.6s)
[473/540] -DK_LOOP_UNROLL=6 -DPHASE1_UNROLL=4 -DSNAKE_ORDER=0 -DSTAGGER_CYCLES=100 -DSUB_MMA_UNROLL=1 -DW0_LOOP_UNROLL=1 ... 0.692 ms / 1582 TFLOPS  (200 regs, 1.6s)
[474/540] -DK_LOOP_UNROLL=6 -DPHASE1_UNROLL=4 -DSNAKE_ORDER=0 -DSTAGGER_CYCLES=100 -DSUB_MMA_UNROLL=1 -DW0_LOOP_UNROLL=4 ... 0.538 ms / 2034 TFLOPS  (214 regs, 1.6s)
[475/540] -DK_LOOP_UNROLL=6 -DPHASE1_UNROLL=4 -DSNAKE_ORDER=0 -DSTAGGER_CYCLES=100 -DSUB_MMA_UNROLL=3 ... 0.538 ms / 2035 TFLOPS  (222 regs, 1.6s)
[476/540] -DK_LOOP_UNROLL=6 -DPHASE1_UNROLL=4 -DSNAKE_ORDER=0 -DSTAGGER_CYCLES=100 -DSUB_MMA_UNROLL=3 -DW0_LOOP_UNROLL=1 ... 0.695 ms / 1575 TFLOPS  (208 regs, 1.6s)
[477/540] -DK_LOOP_UNROLL=6 -DPHASE1_UNROLL=4 -DSNAKE_ORDER=0 -DSTAGGER_CYCLES=100 -DSUB_MMA_UNROLL=3 -DW0_LOOP_UNROLL=4 ... 0.539 ms / 2033 TFLOPS  (222 regs, 1.6s)
[478/540] -DK_LOOP_UNROLL=6 -DPHASE1_UNROLL=4 -DSTAGGER_CYCLES=100 ... 0.531 ms / 2063 TFLOPS  (222 regs, 1.6s)
[479/540] -DK_LOOP_UNROLL=6 -DPHASE1_UNROLL=4 -DSTAGGER_CYCLES=100 -DW0_LOOP_UNROLL=1 ... 0.692 ms / 1582 TFLOPS  (208 regs, 1.6s)
[480/540] -DK_LOOP_UNROLL=6 -DPHASE1_UNROLL=4 -DSTAGGER_CYCLES=100 -DW0_LOOP_UNROLL=4 ... 0.532 ms / 2060 TFLOPS  (222 regs, 1.6s)
[481/540] -DK_LOOP_UNROLL=6 -DPHASE1_UNROLL=4 -DSTAGGER_CYCLES=100 -DSUB_MMA_UNROLL=1 ... 0.531 ms / 2062 TFLOPS  (214 regs, 1.6s)
[482/540] -DK_LOOP_UNROLL=6 -DPHASE1_UNROLL=4 -DSTAGGER_CYCLES=100 -DSUB_MMA_UNROLL=1 -DW0_LOOP_UNROLL=1 ... 0.703 ms / 1559 TFLOPS  (200 regs, 1.6s)
[483/540] -DK_LOOP_UNROLL=6 -DPHASE1_UNROLL=4 -DSTAGGER_CYCLES=100 -DSUB_MMA_UNROLL=1 -DW0_LOOP_UNROLL=4 ... 0.531 ms / 2063 TFLOPS  (214 regs, 1.6s)
[484/540] -DK_LOOP_UNROLL=6 -DPHASE1_UNROLL=4 -DSTAGGER_CYCLES=100 -DSUB_MMA_UNROLL=3 ... 0.531 ms / 2062 TFLOPS  (222 regs, 1.6s)
[485/540] -DK_LOOP_UNROLL=6 -DPHASE1_UNROLL=4 -DSTAGGER_CYCLES=100 -DSUB_MMA_UNROLL=3 -DW0_LOOP_UNROLL=1 ... 0.691 ms / 1584 TFLOPS  (208 regs, 1.6s)
[486/540] -DK_LOOP_UNROLL=6 -DPHASE1_UNROLL=4 -DSTAGGER_CYCLES=100 -DSUB_MMA_UNROLL=3 -DW0_LOOP_UNROLL=4 ... 0.531 ms / 2064 TFLOPS  (222 regs, 1.6s)
[487/540] -DK_LOOP_UNROLL=8 -DPHASE1_UNROLL=1 -DSNAKE_ORDER=0 -DSTAGGER_CYCLES=100 ... 0.734 ms / 1491 TFLOPS  (180 regs, 1.6s)
[488/540] -DK_LOOP_UNROLL=8 -DPHASE1_UNROLL=1 -DSNAKE_ORDER=0 -DSTAGGER_CYCLES=100 -DW0_LOOP_UNROLL=1 ... 0.689 ms / 1589 TFLOPS  (164 regs, 1.6s)
[489/540] -DK_LOOP_UNROLL=8 -DPHASE1_UNROLL=1 -DSNAKE_ORDER=0 -DSTAGGER_CYCLES=100 -DW0_LOOP_UNROLL=4 ... 0.725 ms / 1511 TFLOPS  (178 regs, 1.6s)
[490/540] -DK_LOOP_UNROLL=8 -DPHASE1_UNROLL=1 -DSNAKE_ORDER=0 -DSTAGGER_CYCLES=100 -DSUB_MMA_UNROLL=1 ... 0.726 ms / 1507 TFLOPS  (134 regs, 1.6s)
[491/540] -DK_LOOP_UNROLL=8 -DPHASE1_UNROLL=1 -DSNAKE_ORDER=0 -DSTAGGER_CYCLES=100 -DSUB_MMA_UNROLL=1 -DW0_LOOP_UNROLL=1 ... 0.681 ms / 1608 TFLOPS  (120 regs, 1.6s)
[492/540] -DK_LOOP_UNROLL=8 -DPHASE1_UNROLL=1 -DSNAKE_ORDER=0 -DSTAGGER_CYCLES=100 -DSUB_MMA_UNROLL=1 -DW0_LOOP_UNROLL=4 ... 0.731 ms / 1497 TFLOPS  (134 regs, 1.6s)
[493/540] -DK_LOOP_UNROLL=8 -DPHASE1_UNROLL=1 -DSNAKE_ORDER=0 -DSTAGGER_CYCLES=100 -DSUB_MMA_UNROLL=3 ... 0.731 ms / 1498 TFLOPS  (180 regs, 1.6s)
[494/540] -DK_LOOP_UNROLL=8 -DPHASE1_UNROLL=1 -DSNAKE_ORDER=0 -DSTAGGER_CYCLES=100 -DSUB_MMA_UNROLL=3 -DW0_LOOP_UNROLL=1 ... 0.681 ms / 1609 TFLOPS  (164 regs, 1.6s)
[495/540] -DK_LOOP_UNROLL=8 -DPHASE1_UNROLL=1 -DSNAKE_ORDER=0 -DSTAGGER_CYCLES=100 -DSUB_MMA_UNROLL=3 -DW0_LOOP_UNROLL=4 ... 0.729 ms / 1503 TFLOPS  (178 regs, 1.6s)
[496/540] -DK_LOOP_UNROLL=8 -DPHASE1_UNROLL=1 -DSTAGGER_CYCLES=100 ... 0.596 ms / 1839 TFLOPS  (180 regs, 1.6s)
[497/540] -DK_LOOP_UNROLL=8 -DPHASE1_UNROLL=1 -DSTAGGER_CYCLES=100 -DW0_LOOP_UNROLL=1 ... 0.684 ms / 1601 TFLOPS  (164 regs, 1.6s)
[498/540] -DK_LOOP_UNROLL=8 -DPHASE1_UNROLL=1 -DSTAGGER_CYCLES=100 -DW0_LOOP_UNROLL=4 ... 0.617 ms / 1776 TFLOPS  (178 regs, 1.6s)
[499/540] -DK_LOOP_UNROLL=8 -DPHASE1_UNROLL=1 -DSTAGGER_CYCLES=100 -DSUB_MMA_UNROLL=1 ... 0.614 ms / 1783 TFLOPS  (134 regs, 1.6s)
[500/540] -DK_LOOP_UNROLL=8 -DPHASE1_UNROLL=1 -DSTAGGER_CYCLES=100 -DSUB_MMA_UNROLL=1 -DW0_LOOP_UNROLL=1 ... 0.674 ms / 1624 TFLOPS  (120 regs, 1.6s)
[501/540] -DK_LOOP_UNROLL=8 -DPHASE1_UNROLL=1 -DSTAGGER_CYCLES=100 -DSUB_MMA_UNROLL=1 -DW0_LOOP_UNROLL=4 ... 0.616 ms / 1776 TFLOPS  (134 regs, 1.6s)
[502/540] -DK_LOOP_UNROLL=8 -DPHASE1_UNROLL=1 -DSTAGGER_CYCLES=100 -DSUB_MMA_UNROLL=3 ... 0.618 ms / 1772 TFLOPS  (180 regs, 1.6s)
[503/540] -DK_LOOP_UNROLL=8 -DPHASE1_UNROLL=1 -DSTAGGER_CYCLES=100 -DSUB_MMA_UNROLL=3 -DW0_LOOP_UNROLL=1 ... 0.684 ms / 1601 TFLOPS  (164 regs, 1.6s)
[504/540] -DK_LOOP_UNROLL=8 -DPHASE1_UNROLL=1 -DSTAGGER_CYCLES=100 -DSUB_MMA_UNROLL=3 -DW0_LOOP_UNROLL=4 ... 0.619 ms / 1770 TFLOPS  (178 regs, 1.6s)
[505/540] -DK_LOOP_UNROLL=8 -DSNAKE_ORDER=0 -DSTAGGER_CYCLES=100 ... 0.565 ms / 1938 TFLOPS  (209 regs, 1.6s)
[506/540] -DK_LOOP_UNROLL=8 -DSNAKE_ORDER=0 -DSTAGGER_CYCLES=100 -DW0_LOOP_UNROLL=1 ... 0.693 ms / 1581 TFLOPS  (194 regs, 1.6s)
[507/540] -DK_LOOP_UNROLL=8 -DSNAKE_ORDER=0 -DSTAGGER_CYCLES=100 -DW0_LOOP_UNROLL=4 ... 0.561 ms / 1953 TFLOPS  (209 regs, 1.6s)
[508/540] -DK_LOOP_UNROLL=8 -DSNAKE_ORDER=0 -DSTAGGER_CYCLES=100 -DSUB_MMA_UNROLL=1 ... 0.573 ms / 1911 TFLOPS  (165 regs, 1.6s)
[509/540] -DK_LOOP_UNROLL=8 -DSNAKE_ORDER=0 -DSTAGGER_CYCLES=100 -DSUB_MMA_UNROLL=1 -DW0_LOOP_UNROLL=1 ... 0.696 ms / 1574 TFLOPS  (149 regs, 1.6s)
[510/540] -DK_LOOP_UNROLL=8 -DSNAKE_ORDER=0 -DSTAGGER_CYCLES=100 -DSUB_MMA_UNROLL=1 -DW0_LOOP_UNROLL=4 ... 0.577 ms / 1898 TFLOPS  (165 regs, 1.6s)
[511/540] -DK_LOOP_UNROLL=8 -DSNAKE_ORDER=0 -DSTAGGER_CYCLES=100 -DSUB_MMA_UNROLL=3 ... 0.562 ms / 1947 TFLOPS  (209 regs, 1.6s)
[512/540] -DK_LOOP_UNROLL=8 -DSNAKE_ORDER=0 -DSTAGGER_CYCLES=100 -DSUB_MMA_UNROLL=3 -DW0_LOOP_UNROLL=1 ... 0.692 ms / 1583 TFLOPS  (194 regs, 1.6s)
[513/540] -DK_LOOP_UNROLL=8 -DSNAKE_ORDER=0 -DSTAGGER_CYCLES=100 -DSUB_MMA_UNROLL=3 -DW0_LOOP_UNROLL=4 ... 0.564 ms / 1941 TFLOPS  (209 regs, 1.6s)
[514/540] -DK_LOOP_UNROLL=8 -DSTAGGER_CYCLES=100 ... 0.527 ms / 2079 TFLOPS  (209 regs, 1.6s)
[515/540] -DK_LOOP_UNROLL=8 -DSTAGGER_CYCLES=100 -DW0_LOOP_UNROLL=1 ... 0.687 ms / 1595 TFLOPS  (194 regs, 1.6s)
[516/540] -DK_LOOP_UNROLL=8 -DSTAGGER_CYCLES=100 -DW0_LOOP_UNROLL=4 ... 0.529 ms / 2070 TFLOPS  (209 regs, 1.6s)
[517/540] -DK_LOOP_UNROLL=8 -DSTAGGER_CYCLES=100 -DSUB_MMA_UNROLL=1 ... 0.529 ms / 2071 TFLOPS  (165 regs, 1.6s)
[518/540] -DK_LOOP_UNROLL=8 -DSTAGGER_CYCLES=100 -DSUB_MMA_UNROLL=1 -DW0_LOOP_UNROLL=1 ... 0.685 ms / 1598 TFLOPS  (149 regs, 1.6s)
[519/540] -DK_LOOP_UNROLL=8 -DSTAGGER_CYCLES=100 -DSUB_MMA_UNROLL=1 -DW0_LOOP_UNROLL=4 ... 0.528 ms / 2074 TFLOPS  (165 regs, 1.6s)
[520/540] -DK_LOOP_UNROLL=8 -DSTAGGER_CYCLES=100 -DSUB_MMA_UNROLL=3 ... 0.526 ms / 2083 TFLOPS  (209 regs, 1.6s)
[521/540] -DK_LOOP_UNROLL=8 -DSTAGGER_CYCLES=100 -DSUB_MMA_UNROLL=3 -DW0_LOOP_UNROLL=1 ... 0.682 ms / 1607 TFLOPS  (194 regs, 1.6s)
[522/540] -DK_LOOP_UNROLL=8 -DSTAGGER_CYCLES=100 -DSUB_MMA_UNROLL=3 -DW0_LOOP_UNROLL=4 ... 0.528 ms / 2074 TFLOPS  (209 regs, 1.6s)
[523/540] -DK_LOOP_UNROLL=8 -DPHASE1_UNROLL=4 -DSNAKE_ORDER=0 -DSTAGGER_CYCLES=100 ... 0.543 ms / 2015 TFLOPS  (255 regs, 1.6s)
[524/540] -DK_LOOP_UNROLL=8 -DPHASE1_UNROLL=4 -DSNAKE_ORDER=0 -DSTAGGER_CYCLES=100 -DW0_LOOP_UNROLL=1 ... 0.703 ms / 1557 TFLOPS  (244 regs, 1.6s)
[525/540] -DK_LOOP_UNROLL=8 -DPHASE1_UNROLL=4 -DSNAKE_ORDER=0 -DSTAGGER_CYCLES=100 -DW0_LOOP_UNROLL=4 ... 0.542 ms / 2021 TFLOPS  (255 regs, 1.6s)
[526/540] -DK_LOOP_UNROLL=8 -DPHASE1_UNROLL=4 -DSNAKE_ORDER=0 -DSTAGGER_CYCLES=100 -DSUB_MMA_UNROLL=1 ... 0.540 ms / 2028 TFLOPS  (214 regs, 1.6s)
[527/540] -DK_LOOP_UNROLL=8 -DPHASE1_UNROLL=4 -DSNAKE_ORDER=0 -DSTAGGER_CYCLES=100 -DSUB_MMA_UNROLL=1 -DW0_LOOP_UNROLL=1 ... 0.700 ms / 1565 TFLOPS  (200 regs, 1.6s)
[528/540] -DK_LOOP_UNROLL=8 -DPHASE1_UNROLL=4 -DSNAKE_ORDER=0 -DSTAGGER_CYCLES=100 -DSUB_MMA_UNROLL=1 -DW0_LOOP_UNROLL=4 ... 0.539 ms / 2032 TFLOPS  (214 regs, 1.6s)
[529/540] -DK_LOOP_UNROLL=8 -DPHASE1_UNROLL=4 -DSNAKE_ORDER=0 -DSTAGGER_CYCLES=100 -DSUB_MMA_UNROLL=3 ... 0.541 ms / 2025 TFLOPS  (255 regs, 1.6s)
[530/540] -DK_LOOP_UNROLL=8 -DPHASE1_UNROLL=4 -DSNAKE_ORDER=0 -DSTAGGER_CYCLES=100 -DSUB_MMA_UNROLL=3 -DW0_LOOP_UNROLL=1 ... 0.694 ms / 1577 TFLOPS  (244 regs, 1.6s)
[531/540] -DK_LOOP_UNROLL=8 -DPHASE1_UNROLL=4 -DSNAKE_ORDER=0 -DSTAGGER_CYCLES=100 -DSUB_MMA_UNROLL=3 -DW0_LOOP_UNROLL=4 ... 0.542 ms / 2019 TFLOPS  (255 regs, 1.6s)
[532/540] -DK_LOOP_UNROLL=8 -DPHASE1_UNROLL=4 -DSTAGGER_CYCLES=100 ... 0.531 ms / 2064 TFLOPS  (255 regs, 1.6s)
[533/540] -DK_LOOP_UNROLL=8 -DPHASE1_UNROLL=4 -DSTAGGER_CYCLES=100 -DW0_LOOP_UNROLL=1 ... 0.689 ms / 1590 TFLOPS  (244 regs, 1.6s)
[534/540] -DK_LOOP_UNROLL=8 -DPHASE1_UNROLL=4 -DSTAGGER_CYCLES=100 -DW0_LOOP_UNROLL=4 ... 0.530 ms / 2066 TFLOPS  (255 regs, 1.7s)
[535/540] -DK_LOOP_UNROLL=8 -DPHASE1_UNROLL=4 -DSTAGGER_CYCLES=100 -DSUB_MMA_UNROLL=1 ... 0.531 ms / 2063 TFLOPS  (214 regs, 1.6s)
[536/540] -DK_LOOP_UNROLL=8 -DPHASE1_UNROLL=4 -DSTAGGER_CYCLES=100 -DSUB_MMA_UNROLL=1 -DW0_LOOP_UNROLL=1 ... 0.695 ms / 1576 TFLOPS  (200 regs, 1.6s)
[537/540] -DK_LOOP_UNROLL=8 -DPHASE1_UNROLL=4 -DSTAGGER_CYCLES=100 -DSUB_MMA_UNROLL=1 -DW0_LOOP_UNROLL=4 ... 0.529 ms / 2068 TFLOPS  (214 regs, 1.6s)
[538/540] -DK_LOOP_UNROLL=8 -DPHASE1_UNROLL=4 -DSTAGGER_CYCLES=100 -DSUB_MMA_UNROLL=3 ... 0.531 ms / 2062 TFLOPS  (255 regs, 1.6s)
[539/540] -DK_LOOP_UNROLL=8 -DPHASE1_UNROLL=4 -DSTAGGER_CYCLES=100 -DSUB_MMA_UNROLL=3 -DW0_LOOP_UNROLL=1 ... 0.693 ms / 1580 TFLOPS  (244 regs, 1.6s)
[540/540] -DK_LOOP_UNROLL=8 -DPHASE1_UNROLL=4 -DSTAGGER_CYCLES=100 -DSUB_MMA_UNROLL=3 -DW0_LOOP_UNROLL=4 ... 0.532 ms / 2057 TFLOPS  (255 regs, 1.6s)

Tier 3 winner: -DCVT_ADD_FUSED=0 -DK_LOOP_UNROLL=6 -DSTAGGER_CYCLES=100 -DSUB_MMA_UNROLL=3 → 0.525 ms / 2086 TFLOPS

@@GRID_WINNER -DCVT_ADD_FUSED=0 -DK_LOOP_UNROLL=6 -DSTAGGER_CYCLES=100 -DSUB_MMA_UNROLL=3

================================================================================
RESULTS (sorted by ms)
================================================================================
  #  STG  EPI  INTER  MBAR  TMEM  STAG  PH1U  SNAKE  FUSE  KLU  W0U  SMU  REGS     SMEM       MS   TFLOPS  STATUS
-----------------------------------------------------------------------------------------------------------------
  1    4    4      2     0    32   100     2      1     0    6    0    3   173   192.1K    0.525     2086  BEST
  2    4    4      2     0    32   100     2      1     1    6    0    0   173   192.1K    0.525     2085  BEST
  3    4    4      2     0    32   100     2      1     0    4    0    0   209   192.1K    0.526     2081  OK
  4    4    4      2     0    32   100     2      1     0    8    4    0   209   192.1K    0.526     2080  OK
  5    4    4      2     0    32   100     2      1     0    8    4    1   165   192.1K    0.526     2083  OK
  6    4    4      2     0    32   100     2      1     1    4    0    0   209   192.1K    0.526     2083  OK
  7    4    4      2     0    32   100     2      1     1    8    0    3   209   192.1K    0.526     2083  OK
  8    4    4      2     0    32   100     2      1     1    4    0    0   209   192.1K    0.527     2079  OK
  9    4    4      2     0    32   120     2      1     1    4    0    0   209   192.1K    0.527     2078  OK
 10    4    4      2     0    32   160     2      1     1    4    0    0   209   192.1K    0.527     2076  OK
 11    4    4      2     1    32    60     2      1     1    4    0    0   210   192.1K    0.527     2077  OK
 12    4    4      2     1    32    80     2      1     1    4    0    0   210   192.1K    0.527     2077  OK
 13    4    4      2     1    32   120     2      1     1    4    0    0   210   192.1K    0.527     2076  OK
 14    4    4      2     0    32   100     2      1     0    6    0    0   173   192.1K    0.527     2079  OK
 15    4    4      2     0    32   100     2      1     0    6    4    3   173   192.1K    0.527     2077  OK
 16    4    4      2     0    32   100     2      1     0    8    0    0   209   192.1K    0.527     2076  OK
 17    4    4      2     0    32   100     2      1     0    8    0    3   209   192.1K    0.527     2078  OK
 18    4    4      2     0    32   100     2      1     0    8    4    3   209   192.1K    0.527     2077  OK
 19    4    4      2     0    32   100     2      1     1    4    0    3   209   192.1K    0.527     2079  OK
 20    4    4      2     0    32   100     2      1     1    6    0    1   165   192.1K    0.527     2079  OK
 21    4    4      2     0    32   100     2      1     1    6    4    3   173   192.1K    0.527     2077  OK
 22    4    4      2     0    32   100     2      1     1    8    0    0   209   192.1K    0.527     2079  OK
 23    4    4      2     0    32    80     2      1     1    4    0    0   209   192.1K    0.528     2076  OK
 24    4    5      2     0    32    80     2      1     1    4    0    0   211   208.1K    0.528     2074  OK
 25    4    4      2     0    32    40     2      1     1    4    0    0   209   192.1K    0.528     2075  OK
 26    4    4      2     0    32    80     2      1     1    4    0    0   209   192.1K    0.528     2074  OK
 27    4    4      2     1    32   160     2      1     1    4    0    0   210   192.1K    0.528     2075  OK
 28    4    4      2     0    32   100     2      1     0    4    4    0   209   192.1K    0.528     2074  OK
 29    4    4      2     0    32   100     2      1     0    4    0    3   209   192.1K    0.528     2075  OK
 30    4    4      2     0    32   100     2      1     0    6    4    0   173   192.1K    0.528     2073  OK
 31    4    4      2     0    32   100     2      1     0    6    0    1   165   192.1K    0.528     2075  OK
 32    4    4      2     0    32   100     2      1     0    6    4    1   165   192.1K    0.528     2075  OK
 33    4    4      2     0    32   100     2      1     0    8    0    1   165   192.1K    0.528     2075  OK
 34    4    4      2     0    32   100     2      1     1    6    0    3   173   192.1K    0.528     2075  OK
 35    4    4      2     0    32   100     2      1     1    8    4    1   165   192.1K    0.528     2074  OK
 36    4    4      2     0    32   100     2      1     1    8    4    3   209   192.1K    0.528     2074  OK
 37    4    4      2     1    32   100     2      1     1    4    0    0   210   192.1K    0.529     2070  OK
 38    4    4      2     1    32   200     2      1     1    4    0    0   210   192.1K    0.529     2071  OK
 39    4    4      2     0    32   100     2      1     0    4    4    3   209   192.1K    0.529     2070  OK
 40    4    4      2     0    32   100     2      1     1    4    4    0   209   192.1K    0.529     2070  OK
 41    4    4      2     0    32   100     2      1     1    6    4    0   173   192.1K    0.529     2070  OK
 42    4    4      2     0    32   100     2      1     1    6    4    1   165   192.1K    0.529     2070  OK
 43    4    4      2     0    32   100     2      1     1    8    4    0   209   192.1K    0.529     2070  OK
 44    4    4      2     0    32   100     2      1     1    8    0    1   165   192.1K    0.529     2071  OK
 45    4    4      2     0    32   100     4      1     1    8    4    1   214   192.1K    0.529     2068  OK
 46    4    4      2     0    32     0     2      1     1    4    0    0   208   192.1K    0.530     2065  OK
 47    4    4      2     0    32    60     2      1     1    4    0    0   209   192.1K    0.530     2067  OK
 48    4    4      2     0    32   200     2      1     1    4    0    0   209   192.1K    0.530     2067  OK
 49    4    4      2     1    32     0     2      1     1    4    0    0   209   192.1K    0.530     2067  OK
 50    4    4      2     1    32    40     2      1     1    4    0    0   210   192.1K    0.530     2068  OK
 51    4    4      2     0    32   100     4      1     0    6    0    1   214   192.1K    0.530     2066  OK
 52    4    4      2     0    32   100     4      1     0    8    0    3   255   192.1K    0.530     2067  OK
 53    4    4      2     0    32   100     4      1     1    8    4    0   255   192.1K    0.530     2066  OK
 54    4    4      2     0    32   100     4      1     0    4    4    0   255   192.1K    0.531     2061  OK
 55    4    4      2     0    32   100     4      1     0    6    0    0   222   192.1K    0.531     2061  OK
 56    4    4      2     0    32   100     4      1     0    6    4    0   222   192.1K    0.531     2061  OK
 57    4    4      2     0    32   100     4      1     0    6    4    1   214   192.1K    0.531     2060  OK
 58    4    4      2     0    32   100     4      1     0    6    0    3   222   192.1K    0.531     2062  OK
 59    4    4      2     0    32   100     4      1     0    8    4    1   214   192.1K    0.531     2060  OK
 60    4    4      2     0    32   100     2      1     1    4    4    3   209   192.1K    0.531     2063  OK
 61    4    4      2     0    32   100     4      1     1    6    0    0   222   192.1K    0.531     2063  OK
 62    4    4      2     0    32   100     4      1     1    6    0    1   214   192.1K    0.531     2062  OK
 63    4    4      2     0    32   100     4      1     1    6    4    1   214   192.1K    0.531     2063  OK
 64    4    4      2     0    32   100     4      1     1    6    0    3   222   192.1K    0.531     2062  OK
 65    4    4      2     0    32   100     4      1     1    6    4    3   222   192.1K    0.531     2064  OK
 66    4    4      2     0    32   100     4      1     1    8    0    0   255   192.1K    0.531     2064  OK
 67    4    4      2     0    32   100     4      1     1    8    0    1   214   192.1K    0.531     2063  OK
 68    4    4      2     0    32   100     4      1     1    8    0    3   255   192.1K    0.531     2062  OK
 69    4    4      1     0    32   120     2      1     1    4    0    0   206   192.1K    0.532     2058  OK
 70    4    4      1     1    32    60     2      1     1    4    0    0   208   192.1K    0.532     2058  OK
 71    4    4      1     1    32    80     2      1     1    4    0    0   208   192.1K    0.532     2057  OK
 72    4    4      1     1    32   100     2      1     1    4    0    0   208   192.1K    0.532     2059  OK
 73    4    4      1     1    32   120     2      1     1    4    0    0   208   192.1K    0.532     2060  OK
 74    4    4      2     0    32   100     2      1     0    4    0    1   165   192.1K    0.532     2058  OK
 75    4    4      2     0    32   100     4      1     0    4    0    0   255   192.1K    0.532     2057  OK
 76    4    4      2     0    32   100     4      1     0    4    0    3   255   192.1K    0.532     2056  OK
 77    4    4      2     0    32   100     4      1     0    4    4    3   255   192.1K    0.532     2057  OK
 78    4    4      2     0    32   100     4      1     0    6    4    3   222   192.1K    0.532     2058  OK
 79    4    4      2     0    32   100     4      1     0    8    0    0   255   192.1K    0.532     2059  OK
 80    4    4      2     0    32   100     4      1     0    8    0    1   214   192.1K    0.532     2059  OK
 81    4    4      2     0    32   100     4      1     0    8    4    3   255   192.1K    0.532     2060  OK
 82    4    4      2     0    32   100     4      1     1    4    0    0   255   192.1K    0.532     2059  OK
 83    4    4      2     0    32   100     4      1     1    6    4    0   222   192.1K    0.532     2060  OK
 84    4    4      2     0    32   100     4      1     1    8    4    3   255   192.1K    0.532     2057  OK
 85    4    4      1     0    32    60     2      1     1    4    0    0   206   192.1K    0.533     2056  OK
 86    4    4      1     0    32   100     2      1     1    4    0    0   206   192.1K    0.533     2056  OK
 87    4    4      1     1    32    40     2      1     1    4    0    0   208   192.1K    0.533     2055  OK
 88    4    4      1     1    32   160     2      1     1    4    0    0   208   192.1K    0.533     2056  OK
 89    4    4      1     1    32   200     2      1     1    4    0    0   208   192.1K    0.533     2054  OK
 90    4    4      2     0    32   100     4      1     0    8    4    0   255   192.1K    0.533     2053  OK
 91    4    4      2     0    32   100     2      1     1    4    0    1   165   192.1K    0.533     2056  OK
 92    4    4      2     0    32   100     4      1     1    4    0    3   255   192.1K    0.533     2055  OK
 93    4    4      2     0    32   100     4      1     1    4    4    3   255   192.1K    0.533     2055  OK
 94    4    4      1     0    32    40     2      1     1    4    0    0   206   192.1K    0.534     2052  OK
 95    4    4      1     0    32    80     2      1     1    4    0    0   206   192.1K    0.534     2050  OK
 96    4    4      1     0    32   200     2      1     1    4    0    0   206   192.1K    0.534     2051  OK
 97    4    4      2     0    32   100     2      1     0    4    4    1   165   192.1K    0.534     2049  OK
 98    4    4      2     0    32   100     4      1     0    4    0    1   214   192.1K    0.534     2051  OK
 99    4    4      2     0    32   100     2      1     1    4    4    1   165   192.1K    0.534     2051  OK
100    4    4      2     0    32   100     4      1     1    4    4    0   255   192.1K    0.534     2052  OK
101    4    4      2     0    32   100     4      1     1    4    0    1   214   192.1K    0.534     2052  OK
102    4    4      2     0    32   100     4      1     1    4    4    1   214   192.1K    0.534     2051  OK
103    5    4      2     0    32    80     2      1     1    4    0    0   229   224.1K    0.535     2045  OK
104    4    4      1     0    32   160     2      1     1    4    0    0   206   192.1K    0.535     2047  OK
105    4    4      2     0    32   100     4      1     0    4    4    1   214   192.1K    0.535     2048  OK
106    4    4      1     1    32     0     2      1     1    4    0    0   206   192.1K    0.536     2044  OK
107    4    4      1     0    32     0     2      1     1    4    0    0   205   192.1K    0.537     2040  OK
108    4    4      2     0    32   100     4      0     0    6    0    0   222   192.1K    0.537     2038  OK
109    4    4      2     0    32   100     4      0     0    6    0    1   214   192.1K    0.537     2037  OK
110    4    4      2     0    32   100     4      0     0    6    4    1   214   192.1K    0.537     2037  OK
111    4    4      2     0    32   100     4      0     0    6    4    3   222   192.1K    0.538     2036  OK
112    4    4      2     0    32   100     4      0     0    8    0    0   255   192.1K    0.538     2035  OK
113    4    4      2     0    32   100     4      0     0    8    4    1   214   192.1K    0.538     2034  OK
114    4    4      2     0    32   100     4      0     1    6    4    1   214   192.1K    0.538     2034  OK
115    4    4      2     0    32   100     4      0     1    6    0    3   222   192.1K    0.538     2035  OK
116    4    4      2     0    32   100     4      0     0    4    0    0   255   192.1K    0.539     2031  OK
117    4    4      2     0    32   100     4      0     0    6    0    3   222   192.1K    0.539     2032  OK
118    4    4      2     0    32   100     4      0     1    6    4    0   222   192.1K    0.539     2033  OK
119    4    4      2     0    32   100     4      0     1    6    4    3   222   192.1K    0.539     2033  OK
120    4    4      2     0    32   100     4      0     1    8    4    1   214   192.1K    0.539     2032  OK
121    4    4      2     0    32   100     4      0     0    4    0    1   214   192.1K    0.540     2028  OK
122    4    4      2     0    32   100     4      0     0    4    4    3   255   192.1K    0.540     2027  OK
123    4    4      2     0    32   100     4      0     0    6    4    0   222   192.1K    0.540     2030  OK
124    4    4      2     0    32   100     4      0     0    8    0    1   214   192.1K    0.540     2027  OK
125    4    4      2     0    32   100     4      0     0    8    0    3   255   192.1K    0.540     2027  OK
126    4    4      2     0    32   100     4      0     1    4    0    1   214   192.1K    0.540     2028  OK
127    4    4      2     0    32   100     4      0     1    6    0    1   214   192.1K    0.540     2029  OK
128    4    4      2     0    32   100     4      0     1    8    0    1   214   192.1K    0.540     2028  OK
129    4    4      2     0    32   100     4      0     0    8    4    3   255   192.1K    0.541     2023  OK
130    4    4      2     0    32   100     4      0     1    4    0    0   255   192.1K    0.541     2026  OK
131    4    4      2     0    32   100     4      0     1    4    4    0   255   192.1K    0.541     2023  OK
132    4    4      2     0    32   100     4      0     1    4    4    3   255   192.1K    0.541     2025  OK
133    4    4      2     0    32   100     4      0     1    6    0    0   222   192.1K    0.541     2024  OK
134    4    4      2     0    32   100     4      0     1    8    0    3   255   192.1K    0.541     2025  OK
135    4    4      2     0    32   100     4      0     0    4    4    0   255   192.1K    0.542     2020  OK
136    4    4      2     0    32   100     4      0     0    8    4    0   255   192.1K    0.542     2021  OK
137    4    4      2     0    32   100     4      0     1    4    0    3   255   192.1K    0.542     2019  OK
138    4    4      2     0    32   100     4      0     1    8    4    0   255   192.1K    0.542     2021  OK
139    4    4      2     0    32   100     4      0     1    8    4    3   255   192.1K    0.542     2019  OK
140    4    4      3     0    32    60     2      1     1    4    0    0   209   192.1K    0.543     2016  OK
141    4    4      3     0    32   120     2      1     1    4    0    0   209   192.1K    0.543     2016  OK
142    4    4      2     0    32   100     4      0     0    4    0    3   255   192.1K    0.543     2017  OK
143    4    4      2     0    32   100     4      0     1    4    4    1   214   192.1K    0.543     2017  OK
144    4    4      2     0    32   100     4      0     1    8    0    0   255   192.1K    0.543     2015  OK
145    4    4      3     0    32    80     2      1     1    4    0    0   209   192.1K    0.544     2013  OK
146    4    4      3     0    32   100     2      1     1    4    0    0   209   192.1K    0.544     2012  OK
147    4    4      2     0    32   100     4      0     0    4    4    1   214   192.1K    0.544     2013  OK
148    4    4      3     1    32    60     2      1     1    4    0    0   210   192.1K    0.545     2008  OK
149    4    4      3     1    32    80     2      1     1    4    0    0   210   192.1K    0.545     2008  OK
150    4    4      3     0    32     0     2      1     1    4    0    0   208   192.1K    0.546     2005  OK
151    4    4      3     0    32    40     2      1     1    4    0    0   209   192.1K    0.546     2007  OK
152    4    4      3     0    32   160     2      1     1    4    0    0   209   192.1K    0.546     2007  OK
153    4    4      3     1    32    40     2      1     1    4    0    0   210   192.1K    0.546     2006  OK
154    4    4      3     1    32   120     2      1     1    4    0    0   210   192.1K    0.546     2006  OK
155    4    4      3     1    32     0     2      1     1    4    0    0   209   192.1K    0.547     2000  OK
156    4    4      3     1    32   100     2      1     1    4    0    0   210   192.1K    0.547     2002  OK
157    4    4      3     1    32   160     2      1     1    4    0    0   210   192.1K    0.547     2003  OK
158    4    4      3     1    32   200     2      1     1    4    0    0   210   192.1K    0.547     2001  OK
159    4    4      3     0    32   200     2      1     1    4    0    0   209   192.1K    0.548     1999  OK
160    4    4      0     0    32   200     2      1     1    4    0    0   208   192.1K    0.553     1979  OK
161    4    4      0     1    32   200     2      1     1    4    0    0   208   192.1K    0.553     1980  OK
162    4    4      0     0    32   100     2      1     1    4    0    0   208   192.1K    0.555     1972  OK
163    4    4      0     0    32   120     2      1     1    4    0    0   208   192.1K    0.555     1975  OK
164    4    4      0     0    32   160     2      1     1    4    0    0   208   192.1K    0.555     1973  OK
165    4    4      0     1    32   120     2      1     1    4    0    0   208   192.1K    0.555     1972  OK
166    4    4      0     1    32   160     2      1     1    4    0    0   208   192.1K    0.555     1974  OK
167    4    4      2     0    32   100     2      0     0    4    0    3   209   192.1K    0.555     1974  OK
168    4    4      0     0    32    60     2      1     1    4    0    0   208   192.1K    0.556     1971  OK
169    4    4      0     1    32    40     2      1     1    4    0    0   208   192.1K    0.556     1970  OK
170    4    4      0     1    32   100     2      1     1    4    0    0   208   192.1K    0.556     1968  OK
171    4    4      2     0    32   100     2      0     0    8    0    1   165   192.1K    0.556     1971  OK
172    4    4      2     0    32   100     2      0     1    6    0    0   173   192.1K    0.556     1971  OK
173    4    4      0     0    32     0     2      1     1    4    0    0   207   192.1K    0.557     1967  OK
174    4    4      0     0    32    40     2      1     1    4    0    0   208   192.1K    0.557     1967  OK
175    4    4      0     0    32    80     2      1     1    4    0    0   208   192.1K    0.557     1966  OK
176    4    4      0     1    32     0     2      1     1    4    0    0   207   192.1K    0.557     1964  OK
177    4    4      0     1    32    60     2      1     1    4    0    0   208   192.1K    0.557     1968  OK
178    4    4      0     1    32    80     2      1     1    4    0    0   208   192.1K    0.557     1968  OK
179    4    4      2     0    32   100     2      0     1    6    4    3   173   192.1K    0.559     1959  OK
180    4    4      2     0    32   100     2      0     0    8    4    3   209   192.1K    0.560     1954  OK
181    4    4      2     0    32   100     2      0     0    4    0    0   209   192.1K    0.561     1952  OK
182    4    4      2     0    32   100     2      0     0    6    4    1   165   192.1K    0.561     1953  OK
183    4    4      2     0    32   100     2      0     1    6    4    1   165   192.1K    0.561     1953  OK
184    4    4      2     0    32   100     2      0     1    8    4    0   209   192.1K    0.561     1953  OK
185    4    4      2     0    32   100     2      0     0    8    0    3   209   192.1K    0.562     1947  OK
186    4    4      2     0    32   100     2      0     1    6    0    3   173   192.1K    0.562     1948  OK
187    4    4      2     0    32   100     2      0     1    8    0    3   209   192.1K    0.562     1947  OK
188    4    4      2     0    32   100     2      0     0    6    0    0   173   192.1K    0.563     1944  OK
189    4    4      2     0    32   100     2      0     1    4    0    0   209   192.1K    0.563     1946  OK
190    4    4      2     0    32   100     2      0     0    4    4    3   209   192.1K    0.564     1940  OK
191    4    4      2     0    32   100     2      0     1    6    4    0   173   192.1K    0.564     1942  OK
192    4    4      2     0    32   100     2      0     1    8    4    3   209   192.1K    0.564     1941  OK
193    4    4      2     0    32   100     2      0     0    6    4    3   173   192.1K    0.565     1939  OK
194    4    4      2     0    32   100     2      0     1    8    0    0   209   192.1K    0.565     1938  OK
195    4    4      2     0    32   100     2      0     0    6    4    0   173   192.1K    0.566     1936  OK
196    4    4      2     0    32   100     2      0     0    8    4    0   209   192.1K    0.566     1936  OK
197    4    4      2     0    32   100     2      0     0    4    4    0   209   192.1K    0.567     1930  OK
198    4    4      2     0    32   100     2      0     0    8    0    0   209   192.1K    0.567     1931  OK
199    4    4      2     0    32   100     2      0     1    4    4    0   209   192.1K    0.567     1932  OK
200    4    4      2     0    32   100     2      0     1    4    4    1   165   192.1K    0.568     1927  OK
201    4    4      2     0    32   100     2      0     1    4    0    3   209   192.1K    0.568     1929  OK
202    4    4      2     0    32   100     2      0     1    8    0    1   165   192.1K    0.573     1911  OK
203    3    4      2     0    32    80     2      1     1    4    0    0   154   160.1K    0.574     1909  OK
204    4    4      2     0    32   100     2      0     0    8    4    1   165   192.1K    0.574     1909  OK
205    4    4      2     0    32   100     2      0     1    4    4    3   209   192.1K    0.574     1907  OK
206    4    4      2     0    32   100     2      0     0    6    0    3   173   192.1K    0.576     1900  OK
207    4    4      2     0    32   100     2      0     1    8    4    1   165   192.1K    0.577     1898  OK
208    4    4      2     0    32   100     2      0     0    4    4    1   165   192.1K    0.578     1895  OK
209    4    4      2     0    32   100     2      0     1    4    0    1   165   192.1K    0.578     1894  OK
210    4    4      2     0    32   100     2      0     0    6    0    1   165   192.1K    0.579     1892  OK
211    4    4      2     0    32   100     2      0     1    6    0    1   165   192.1K    0.585     1872  OK
212    4    4      2     0    32   100     2      0     0    4    0    1   165   192.1K    0.586     1869  OK
213    4    4      2     0    32   100     1      1     1    8    0    0   180   192.1K    0.596     1839  OK
214    4    4      2     0    32   100     1      1     1    4    4    3   178   192.1K    0.598     1833  OK
215    4    4      2     0    32   100     1      1     1    6    0    0   147   192.1K    0.600     1825  OK
216    4    4      2     0    32   100     1      1     0    4    4    3   179   192.1K    0.602     1819  OK
217    4    4      2     0    32   100     1      1     0    8    0    0   180   192.1K    0.604     1814  OK
218    4    4      2     0    32   100     1      1     1    4    0    0   178   192.1K    0.606     1807  OK
219    4    4      2     0    32   100     1      1     1    6    4    1   134   192.1K    0.607     1803  OK
220    4    4      2     0    32   100     1      1     0    6    4    0   144   192.1K    0.608     1801  OK
221    4    4      2     0    32   100     1      1     1    6    4    3   144   192.1K    0.608     1802  OK
222    4    4      2     0    32   100     1      1     0    8    0    1   134   192.1K    0.609     1799  OK
223    4    4      2     0    32   100     1      1     0    4    0    3   179   192.1K    0.611     1792  OK
224    4    4      2     0    32   100     1      1     1    6    4    0   144   192.1K    0.611     1791  OK
225    4    4      2     0    32   100     1      1     0    4    0    0   179   192.1K    0.612     1788  OK
226    4    4      2     0    32   100     1      1     0    6    0    1   134   192.1K    0.612     1788  OK
227    4    4      2     0    32   100     1      1     0    4    0    1   134   192.1K    0.613     1787  OK
228    4    4      2     0    32   100     1      1     0    6    4    1   134   192.1K    0.613     1787  OK
229    4    4      2     0    32   100     1      1     0    8    0    3   180   192.1K    0.613     1785  OK
230    4    4      2     0    32   100     1      1     1    8    0    1   134   192.1K    0.614     1783  OK
231    4    4      2     0    32   100     1      1     0    6    0    3   149   192.1K    0.615     1779  OK
232    4    4      2     0    32   100     1      1     0    6    4    3   144   192.1K    0.615     1780  OK
233    4    4      2     0    32   100     1      1     1    4    0    1   134   192.1K    0.616     1777  OK
234    4    4      2     0    32   100     1      1     1    8    4    1   134   192.1K    0.616     1776  OK
235    4    4      2     0    32   100     1      1     1    8    4    0   178   192.1K    0.617     1776  OK
236    4    4      2     0    32   100     1      1     1    4    4    1   134   192.1K    0.618     1771  OK
237    4    4      2     0    32   100     1      1     1    8    0    3   180   192.1K    0.618     1772  OK
238    4    4      2     0    32   100     1      1     0    4    4    1   134   192.1K    0.619     1770  OK
239    4    4      2     0    32   100     1      1     1    8    4    3   178   192.1K    0.619     1770  OK
240    4    4      2     0    32   100     1      1     1    6    0    1   134   192.1K    0.621     1764  OK
241    4    4      2     0    32   100     1      1     1    6    0    3   147   192.1K    0.621     1764  OK
242    4    4      2     0    32   100     1      1     0    8    4    1   134   192.1K    0.622     1761  OK
243    4    4      2     0    32   100     1      1     0    8    4    3   179   192.1K    0.623     1757  OK
244    4    4      2     0    32   100     1      1     1    4    4    0   178   192.1K    0.625     1753  OK
245    4    4      2     0    32   100     1      1     0    4    4    0   179   192.1K    0.626     1750  OK
246    4    4      2     0    32   100     1      1     0    8    4    0   179   192.1K    0.631     1737  OK
247    4    4      2     0    32   100     1      1     1    4    0    3   178   192.1K    0.632     1734  OK
248    4    4      2     0    32   100     1      1     0    6    0    0   149   192.1K    0.634     1727  OK
249    3    5      2     0    32    80     2      1     1    4    0    0   157   176.1K    0.635     1723  OK
250    4    4      2     0    32   100     2      0     1    1    4    0   161   192.1K    0.653     1677  OK
251    4    4      2     0    32   100     2      0     0    1    0    3   161   192.1K    0.657     1666  OK
252    4    4      2     0    32   100     2      1     0    1    0    3   161   192.1K    0.657     1667  OK
253    4    4      2     0    32   100     2      1     1    1    4    0   161   192.1K    0.658     1665  OK
254    4    4      2     0    32   100     2      1     1    2    0    3   161   192.1K    0.658     1665  OK
255    4    4      2     0    32   100     2      0     0    1    4    0   161   192.1K    0.659     1662  OK
256    4    4      2     0    32   100     2      0     0    1    0    0   161   192.1K    0.660     1659  OK
257    4    4      2     0    32   100     2      1     0    2    4    0   161   192.1K    0.660     1658  OK
258    4    4      2     0    32   100     1      1     1    2    4    0   130   192.1K    0.660     1660  OK
259    4    4      2     0    32   100     2      0     1    2    4    3   161   192.1K    0.660     1659  OK
260    4    4      2     0    32   100     2      1     0    1    0    0   161   192.1K    0.661     1657  OK
261    4    4      2     0    32   100     2      0     0    2    4    3   161   192.1K    0.661     1657  OK
262    4    4      2     0    32   100     2      0     1    1    0    0   161   192.1K    0.661     1656  OK
263    4    4      2     0    32   100     2      1     1    1    0    0   161   192.1K    0.661     1657  OK
264    4    4      2     0    32   100     2      1     1    1    0    3   161   192.1K    0.661     1657  OK
265    4    4      2     0    32   100     2      0     1    2    4    0   161   192.1K    0.661     1658  OK
266    4    4      2     0    32   100     2      1     0    1    4    0   161   192.1K    0.662     1653  OK
267    4    4      2     0    32   100     2      1     0    2    0    0   161   192.1K    0.662     1655  OK
268    4    4      2     0    32   100     1      1     1    1    4    3   130   192.1K    0.663     1651  OK
269    4    4      2     0    32   100     2      0     1    1    4    3   161   192.1K    0.663     1651  OK
270    4    4      2     0    32   100     2      0     1    2    0    3   161   192.1K    0.663     1652  OK
271    4    4      2     0    32   100     1      0     0    1    4    0   130   192.1K    0.664     1650  OK
272    4    4      2     0    32   100     1      1     0    1    4    3   130   192.1K    0.664     1650  OK
273    4    4      2     0    32   100     2      0     0    2    0    3   161   192.1K    0.664     1649  OK
274    4    4      2     0    32   100     2      1     1    2    4    0   161   192.1K    0.664     1648  OK
275    4    4      2     0    32   100     1      0     1    1    4    0   130   192.1K    0.665     1646  OK
276    4    4      2     0    32   100     1      1     1    1    0    3   130   192.1K    0.665     1647  OK
277    4    4      2     0    32   100     2      1     1    1    4    3   161   192.1K    0.665     1646  OK
278    4    4      2     0    32   100     1      1     1    2    4    3   130   192.1K    0.665     1648  OK
279    4    4      2     0    32   100     2      0     0    1    4    3   161   192.1K    0.666     1645  OK
280    4    4      2     0    32   100     2      1     0    1    4    3   161   192.1K    0.666     1645  OK
281    4    4      2     0    32   100     1      0     1    1    4    3   130   192.1K    0.666     1643  OK
282    4    4      2     0    32   100     1      1     1    1    0    0   130   192.1K    0.666     1645  OK
283    4    4      2     0    32   100     1      0     1    2    4    0   130   192.1K    0.666     1645  OK
284    4    4      2     0    32   100     2      1     1    2    0    0   161   192.1K    0.666     1644  OK
285    4    4      2     0    32   100     2      1     1    2    4    3   161   192.1K    0.666     1645  OK
286    4    4      2     0    32   100     1      1     0    1    0    0   130   192.1K    0.667     1642  OK
287    4    4      2     0    32   100     4      0     0    1    0    0   210   192.1K    0.667     1641  OK
288    4    4      2     0    32   100     4      0     0    1    0    3   210   192.1K    0.667     1641  OK
289    4    4      2     0    32   100     2      0     0    2    0    0   161   192.1K    0.667     1642  OK
290    4    4      2     0    32   100     2      0     0    2    4    0   161   192.1K    0.667     1641  OK
291    4    4      2     0    32   100     2      1     0    2    0    3   161   192.1K    0.667     1641  OK
292    4    4      2     0    32   100     1      1     1    2    0    3   130   192.1K    0.667     1643  OK
293    4    4      2     0    32   100     2      0     1    2    0    0   161   192.1K    0.667     1643  OK
294    4    4      2     0    32   100     1      1     0    1    4    0   130   192.1K    0.668     1639  OK
295    4    4      2     0    32   100     4      0     0    1    4    0   210   192.1K    0.668     1638  OK
296    4    4      2     0    32   100     1      1     0    2    0    0   130   192.1K    0.668     1639  OK
297    4    4      2     0    32   100     1      1     0    2    0    3   130   192.1K    0.668     1638  OK
298    4    4      2     0    32   100     4      1     0    2    0    0   210   192.1K    0.668     1639  OK
299    4    4      2     0    32   100     2      0     1    1    0    3   161   192.1K    0.668     1640  OK
300    4    4      2     0    32   100     4      0     1    2    0    3   210   192.1K    0.668     1640  OK
301    4    4      2     0    32   100     1      0     0    1    4    3   130   192.1K    0.669     1637  OK
302    4    4      2     0    32   100     1      0     0    2    0    3   130   192.1K    0.669     1637  OK
303    4    4      2     0    32   100     1      1     0    2    4    0   130   192.1K    0.669     1636  OK
304    4    4      2     0    32   100     1      0     1    2    0    0   130   192.1K    0.669     1638  OK
305    4    4      2     0    32   100     4      1     1    2    4    3   210   192.1K    0.669     1637  OK
306    4    4      2     0    32   100     1      0     0    1    0    3   130   192.1K    0.670     1635  OK
307    4    4      2     0    32   100     2      1     0    2    4    3   161   192.1K    0.670     1634  OK
308    4    4      2     0    32   100     4      0     0    2    0    3   210   192.1K    0.670     1635  OK
309    4    4      2     0    32   100     1      0     1    1    0    3   130   192.1K    0.670     1634  OK
310    4    4      2     0    32   100     4      0     1    1    0    3   210   192.1K    0.670     1635  OK
311    4    4      2     0    32   100     4      0     1    2    4    0   210   192.1K    0.670     1635  OK
312    4    4      2     0    32   100     4      1     1    2    0    3   210   192.1K    0.670     1634  OK
313    4    4      2     0    32   100     1      1     0    2    4    3   130   192.1K    0.671     1631  OK
314    4    4      2     0    32   100     1      1     1    1    4    0   130   192.1K    0.671     1631  OK
315    4    4      2     0    32   100     4      1     1    1    4    3   210   192.1K    0.671     1631  OK
316    4    4      2     0    32   100     1      0     1    2    4    3   130   192.1K    0.671     1631  OK
317    4    4      2     0    32   100     4      0     1    2    4    3   210   192.1K    0.671     1632  OK
318    4    4      2     0    32   100     1      1     0    1    0    3   130   192.1K    0.672     1629  OK
319    4    4      2     0    32   100     1      0     0    2    4    3   130   192.1K    0.672     1629  OK
320    4    4      2     0    32   100     1      0     1    1    0    0   130   192.1K    0.672     1628  OK
321    4    4      2     0    32   100     4      0     0    1    4    3   210   192.1K    0.673     1628  OK
322    4    4      2     0    32   100     4      1     0    1    4    3   210   192.1K    0.673     1626  OK
323    4    4      2     0    32   100     1      0     0    2    4    0   130   192.1K    0.673     1628  OK
324    4    4      2     0    32   100     4      0     0    2    0    0   210   192.1K    0.673     1627  OK
325    4    4      2     0    32   100     4      1     0    2    4    0   210   192.1K    0.673     1627  OK
326    4    4      2     0    32   100     4      1     1    1    4    0   210   192.1K    0.673     1628  OK
327    4    4      2     0    32   100     4      1     1    1    0    3   210   192.1K    0.673     1628  OK
328    4    4      2     0    32   100     1      0     1    2    0    3   130   192.1K    0.673     1627  OK
329    4    4      2     0    32   100     4      0     1    2    0    0   210   192.1K    0.673     1626  OK
330    4    4      2     0    32   100     1      0     0    2    0    0   130   192.1K    0.674     1624  OK
331    4    4      2     0    32   100     4      0     1    1    0    0   210   192.1K    0.674     1624  OK
332    4    4      2     0    32   100     4      0     1    1    4    3   210   192.1K    0.674     1625  OK
333    4    4      2     0    32   100     1      1     1    2    0    0   130   192.1K    0.674     1624  OK
334    4    4      2     0    32   100     1      1     1    8    1    1   120   192.1K    0.674     1624  OK
335    4    4      2     0    32   100     1      0     0    1    0    0   130   192.1K    0.675     1623  OK
336    4    4      2     0    32   100     4      1     0    2    0    3   210   192.1K    0.675     1623  OK
337    4    4      2     0    32   100     4      1     1    1    0    0   210   192.1K    0.675     1623  OK
338    4    4      2     0    32   100     4      1     0    2    4    3   210   192.1K    0.676     1620  OK
339    4    4      2     0    32   100     4      0     0    2    4    3   210   192.1K    0.677     1617  OK
340    4    4      2     0    32   100     1      0     0    6    1    0   128   192.1K    0.677     1618  OK
341    4    4      2     0    32   100     4      0     1    1    4    0   210   192.1K    0.677     1617  OK
342    4    4      2     0    32   100     4      1     1    2    4    0   210   192.1K    0.677     1618  OK
343    4    4      2     0    32   100     2      1     1    6    1    1   149   192.1K    0.677     1617  OK
344    4    4      2     0    32   100     4      1     0    1    0    0   210   192.1K    0.678     1615  OK
345    4    4      2     0    32   100     4      0     0    2    4    0   210   192.1K    0.678     1614  OK
346    4    4      2     0    32   100     4      1     1    2    0    0   210   192.1K    0.678     1616  OK
347    4    4      2     0    32   100     1      0     0    8    1    1   120   192.1K    0.679     1613  OK
348    4    4      2     0    32   100     4      1     0    1    4    0   210   192.1K    0.680     1610  OK
349    4    4      2     0    32   100     1      0     0    6    1    1   120   192.1K    0.680     1611  OK
350    4    4      2     0    32   100     1      0     0    4    1    0   164   192.1K    0.681     1608  OK
351    4    4      2     0    32   100     2      0     0    4    1    3   194   192.1K    0.681     1608  OK
352    4    4      2     0    32   100     2      1     0    6    1    1   149   192.1K    0.681     1607  OK
353    4    4      2     0    32   100     1      0     1    4    1    3   164   192.1K    0.681     1608  OK
354    4    4      2     0    32   100     2      1     1    4    1    0   194   192.1K    0.681     1607  OK
355    4    4      2     0    32   100     1      0     1    8    1    1   120   192.1K    0.681     1608  OK
356    4    4      2     0    32   100     1      0     1    8    1    3   164   192.1K    0.681     1609  OK
357    4    4      2     0    32   100     2      1     1    8    1    3   194   192.1K    0.682     1607  OK
358    4    4      2     0    32   100     4      1     0    1    0    3   210   192.1K    0.683     1602  OK
359    4    4      2     0    32   100     1      1     1    6    1    0   128   192.1K    0.683     1604  OK
360    4    4      2     0    32   100     1      1     0    4    1    1   120   192.1K    0.684     1600  OK
361    4    4      2     0    32   100     2      1     0    6    1    0   157   192.1K    0.684     1602  OK
362    4    4      2     0    32   100     2      1     0    8    1    3   194   192.1K    0.684     1602  OK
363    4    4      2     0    32   100     1      1     1    4    1    1   120   192.1K    0.684     1600  OK
364    4    4      2     0    32   100     2      0     1    4    1    0   194   192.1K    0.684     1602  OK
365    4    4      2     0    32   100     2      1     1    4    1    1   149   192.1K    0.684     1600  OK
366    4    4      2     0    32   100     1      1     1    8    1    0   164   192.1K    0.684     1601  OK
367    4    4      2     0    32   100     1      1     1    8    1    3   164   192.1K    0.684     1601  OK
368    4    4      2     0    32   100     1      1     0    4    1    3   164   192.1K    0.685     1597  OK
369    4    4      2     0    32   100     2      0     0    4    1    1   149   192.1K    0.685     1598  OK
370    4    4      2     0    32   100     1      0     0    6    1    3   128   192.1K    0.685     1599  OK
371    4    4      2     0    32   100     2      0     0    6    1    1   149   192.1K    0.685     1599  OK
372    4    4      2     0    32   100     4      1     0    8    1    0   244   192.1K    0.685     1598  OK
373    4    4      2     0    32   100     1      1     1    6    1    3   128   192.1K    0.685     1600  OK
374    4    4      2     0    32   100     2      1     1    6    1    3   157   192.1K    0.685     1599  OK
375    4    4      2     0    32   100     2      1     1    8    1    1   149   192.1K    0.685     1598  OK
376    4    4      2     0    32   100     2      1     0    4    1    3   194   192.1K    0.686     1596  OK
377    4    4      2     0    32   100     1      0     1    4    1    1   120   192.1K    0.686     1596  OK
378    4    4      2     0    32   100     2      1     1    4    1    3   194   192.1K    0.686     1597  OK
379    4    4      2     0    32   100     2      0     1    6    1    0   157   192.1K    0.686     1595  OK
380    4    4      2     0    32   100     2      0     1    6    1    1   149   192.1K    0.686     1596  OK
381    4    4      2     0    32   100     1      0     0    4    1    3   164   192.1K    0.687     1593  OK
382    4    4      2     0    32   100     2      0     0    4    1    0   194   192.1K    0.687     1595  OK
383    4    4      2     0    32   100     2      0     0    8    1    0   194   192.1K    0.687     1593  OK
384    4    4      2     0    32   100     2      1     0    8    1    0   194   192.1K    0.687     1593  OK
385    4    4      2     0    32   100     2      1     1    8    1    0   194   192.1K    0.687     1595  OK
386    4    4      2     0    32   100     1      1     0    2    0    1   126   192.1K    0.688     1591  OK
387    4    4      2     0    32   100     1      1     0    4    1    0   164   192.1K    0.688     1591  OK
388    4    4      2     0    32   100     1      1     0    6    1    0   128   192.1K    0.688     1591  OK
389    4    4      2     0    32   100     1      1     0    6    1    3   128   192.1K    0.688     1592  OK
390    4    4      2     0    32   100     4      1     0    6    1    0   208   192.1K    0.688     1591  OK
391    4    4      2     0    32   100     1      0     0    8    1    0   164   192.1K    0.688     1591  OK
392    4    4      2     0    32   100     2      0     1    4    1    3   194   192.1K    0.688     1592  OK
393    4    4      2     0    32   100     2      1     0    4    1    0   194   192.1K    0.689     1590  OK
394    4    4      2     0    32   100     2      1     0    8    1    1   149   192.1K    0.689     1590  OK
395    4    4      2     0    32   100     1      1     1    6    1    1   120   192.1K    0.689     1589  OK
396    4    4      2     0    32   100     1      0     1    8    1    0   164   192.1K    0.689     1589  OK
397    4    4      2     0    32   100     4      1     1    8    1    0   244   192.1K    0.689     1590  OK
398    4    4      2     0    32   100     2      0     0    8    1    3   194   192.1K    0.690     1587  OK
399    4    4      2     0    32   100     1      1     1    4    1    0   164   192.1K    0.690     1587  OK
400    4    4      2     0    32   100     1      0     1    6    1    1   120   192.1K    0.690     1587  OK
401    4    4      2     0    32   100     2      0     0    6    1    3   157   192.1K    0.691     1586  OK
402    4    4      2     0    32   100     2      0     0    8    1    1   149   192.1K    0.691     1584  OK
403    4    4      2     0    32   100     2      0     1    1    4    1   153   192.1K    0.691     1585  OK
404    4    4      2     0    32   100     1      0     1    6    1    0   128   192.1K    0.691     1585  OK
405    4    4      2     0    32   100     2      1     1    6    1    0   157   192.1K    0.691     1585  OK
406    4    4      2     0    32   100     4      1     1    6    1    3   208   192.1K    0.691     1584  OK
407    4    4      2     0    32   100     4      0     0    4    1    1   200   192.1K    0.692     1582  OK
408    4    4      2     0    32   100     2      1     0    6    1    3   157   192.1K    0.692     1583  OK
409    4    4      2     0    32   100     1      1     1    1    4    1   125   192.1K    0.692     1582  OK
410    4    4      2     0    32   100     2      0     1    4    1    1   149   192.1K    0.692     1581  OK
411    4    4      2     0    32   100     1      0     1    6    1    3   128   192.1K    0.692     1583  OK
412    4    4      2     0    32   100     4      0     1    6    1    1   200   192.1K    0.692     1582  OK
413    4    4      2     0    32   100     4      1     1    6    1    0   208   192.1K    0.692     1582  OK
414    4    4      2     0    32   100     2      0     1    8    1    3   194   192.1K    0.692     1583  OK
415    4    4      2     0    32   100     1      1     0    1    0    1   126   192.1K    0.693     1580  OK
416    4    4      2     0    32   100     1      0     0    4    1    1   120   192.1K    0.693     1580  OK
417    4    4      2     0    32   100     2      1     0    4    1    1   149   192.1K    0.693     1579  OK
418    4    4      2     0    32   100     1      1     0    6    1    1   120   192.1K    0.693     1579  OK
419    4    4      2     0    32   100     4      0     0    6    1    0   208   192.1K    0.693     1580  OK
420    4    4      2     0    32   100     4      1     0    6    1    3   208   192.1K    0.693     1581  OK
421    4    4      2     0    32   100     1      1     0    8    1    3   164   192.1K    0.693     1580  OK
422    4    4      2     0    32   100     4      1     0    8    1    3   244   192.1K    0.693     1580  OK
423    4    4      2     0    32   100     1      0     1    4    1    0   164   192.1K    0.693     1580  OK
424    4    4      2     0    32   100     2      0     1    8    1    0   194   192.1K    0.693     1581  OK
425    4    4      2     0    32   100     4      1     1    8    1    3   244   192.1K    0.693     1580  OK
426    4    4      2     0    32   100     1      1     0    2    4    1   126   192.1K    0.694     1578  OK
427    4    4      2     0    32   100     2      0     0    2    4    1   153   192.1K    0.694     1577  OK
428    4    4      2     0    32   100     2      0     0    6    1    0   157   192.1K    0.694     1578  OK
429    4    4      2     0    32   100     4      1     0    6    1    1   200   192.1K    0.694     1578  OK
430    4    4      2     0    32   100     1      0     0    8    1    3   164   192.1K    0.694     1577  OK
431    4    4      2     0    32   100     1      1     0    8    1    0   164   192.1K    0.694     1578  OK
432    4    4      2     0    32   100     2      0     1    6    1    3   157   192.1K    0.694     1578  OK
433    4    4      2     0    32   100     4      0     1    8    1    3   244   192.1K    0.694     1577  OK
434    4    4      2     0    32   100     4      1     0    8    1    1   200   192.1K    0.695     1576  OK
435    4    4      2     0    32   100     1      1     1    2    0    1   125   192.1K    0.695     1576  OK
436    4    4      2     0    32   100     4      0     1    6    1    3   208   192.1K    0.695     1575  OK
437    4    4      2     0    32   100     4      1     1    8    1    1   200   192.1K    0.695     1576  OK
438    4    4      2     0    32   100     1      0     0    2    0    1   126   192.1K    0.696     1573  OK
439    4    4      2     0    32   100     2      1     0    2    0    1   153   192.1K    0.696     1573  OK
440    4    4      2     0    32   100     4      1     0    4    1    3   244   192.1K    0.696     1573  OK
441    4    4      2     0    32   100     1      0     1    1    0    1   125   192.1K    0.696     1573  OK
442    4    4      2     0    32   100     1      1     1    4    1    3   164   192.1K    0.696     1573  OK
443    4    4      2     0    32   100     4      0     1    4    1    0   244   192.1K    0.696     1574  OK
444    4    4      2     0    32   100     4      1     1    4    1    0   244   192.1K    0.696     1573  OK
445    4    4      2     0    32   100     2      0     1    8    1    1   149   192.1K    0.696     1574  OK
446    4    4      2     0    32   100     2      0     0    1    0    1   153   192.1K    0.697     1570  OK
447    4    4      2     0    32   100     1      1     0    8    1    1   120   192.1K    0.697     1571  OK
448    4    4      2     0    32   100     4      0     0    8    1    3   244   192.1K    0.697     1572  OK
449    4    4      2     0    32   100     1      1     1    1    0    1   125   192.1K    0.697     1572  OK
450    4    4      2     0    32   100     2      0     1    2    4    1   153   192.1K    0.697     1572  OK
451    4    4      2     0    32   100     4      1     1    4    1    1   200   192.1K    0.697     1572  OK
452    4    4      2     0    32   100     2      0     0    1    4    1   153   192.1K    0.698     1569  OK
453    4    4      2     0    32   100     4      1     0    4    1    1   200   192.1K    0.698     1569  OK
454    4    4      2     0    32   100     4      0     0    6    1    3   208   192.1K    0.698     1568  OK
455    4    4      2     0    32   100     4      0     1    6    1    0   208   192.1K    0.698     1569  OK
456    4    4      2     0    32   100     4      0     0    4    1    3   244   192.1K    0.699     1567  OK
457    4    4      2     0    32   100     1      0     1    2    4    1   125   192.1K    0.699     1566  OK
458    4    4      2     0    32   100     2      0     0    2    0    1   153   192.1K    0.700     1564  OK
459    4    4      2     0    32   100     2      1     0    2    4    1   153   192.1K    0.700     1564  OK
460    4    4      2     0    32   100     1      0     1    2    0    1   125   192.1K    0.700     1564  OK
461    4    4      2     0    32   100     4      0     1    4    1    3   244   192.1K    0.700     1565  OK
462    4    4      2     0    32   100     4      0     1    8    1    1   200   192.1K    0.700     1565  OK
463    4    4      2     0    32   100     4      1     0    4    1    0   244   192.1K    0.701     1562  OK
464    4    4      2     0    32   100     4      0     0    6    1    1   200   192.1K    0.701     1562  OK
465    4    4      2     0    32   100     2      0     1    2    0    1   153   192.1K    0.701     1562  OK
466    4    4      2     0    32   100     1      0     0    1    0    1   126   192.1K    0.702     1560  OK
467    4    4      2     0    32   100     1      0     0    1    4    1   126   192.1K    0.702     1559  OK
468    4    4      2     0    32   100     2      1     0    1    0    1   153   192.1K    0.702     1559  OK
469    4    4      2     0    32   100     2      1     0    1    4    1   153   192.1K    0.702     1559  OK
470    4    4      2     0    32   100     1      0     1    1    4    1   125   192.1K    0.702     1561  OK
471    4    4      2     0    32   100     4      0     1    4    1    1   200   192.1K    0.702     1560  OK
472    4    4      2     0    32   100     4      1     1    4    1    3   244   192.1K    0.702     1560  OK
473    4    4      2     0    32   100     4      0     0    4    1    0   244   192.1K    0.703     1558  OK
474    4    4      2     0    32   100     4      0     0    8    1    1   200   192.1K    0.703     1557  OK
475    4    4      2     0    32   100     2      1     1    2    0    1   153   192.1K    0.703     1558  OK
476    4    4      2     0    32   100     4      1     1    6    1    1   200   192.1K    0.703     1559  OK
477    4    4      2     0    32   100     4      0     1    8    1    0   244   192.1K    0.703     1557  OK
478    4    4      2     0    32   100     1      0     0    2    4    1   126   192.1K    0.704     1556  OK
479    4    4      2     0    32   100     2      0     1    1    0    1   153   192.1K    0.704     1556  OK
480    4    4      2     0    32   100     2      1     1    1    0    1   153   192.1K    0.704     1555  OK
481    4    4      2     0    32   100     1      1     0    1    4    1   126   192.1K    0.705     1554  OK
482    4    4      2     0    32   100     2      1     1    1    4    1   153   192.1K    0.705     1554  OK
483    4    4      2     0    32   100     4      1     1    2    4    1   202   192.1K    0.705     1553  OK
484    4    4      2     0    32   100     4      0     0    1    0    1   202   192.1K    0.706     1551  OK
485    4    4      2     0    32   100     4      1     0    1    4    1   202   192.1K    0.706     1551  OK
486    4    4      2     0    32   100     4      0     0    8    1    0   244   192.1K    0.706     1551  OK
487    4    4      2     0    32   100     4      1     0    2    0    1   202   192.1K    0.707     1549  OK
488    4    4      2     0    32   100     2      1     1    2    4    1   153   192.1K    0.707     1548  OK
489    4    4      2     0    32   100     4      1     1    2    0    1   202   192.1K    0.707     1549  OK
490    4    4      2     0    32   100     1      1     1    2    4    1   125   192.1K    0.709     1545  OK
491    4    4      2     0    32   100     4      0     0    1    4    1   202   192.1K    0.711     1540  OK
492    4    4      2     0    32   100     4      0     1    1    4    1   202   192.1K    0.711     1539  OK
493    4    4      2     0    32   100     4      1     1    1    0    1   202   192.1K    0.712     1538  OK
494    4    4      2     0    32   100     4      1     0    2    4    1   202   192.1K    0.713     1536  OK
495    4    4      2     0    32   100     4      0     1    2    0    1   202   192.1K    0.713     1536  OK
496    4    4      2     0    32   100     4      0     0    2    4    1   202   192.1K    0.714     1533  OK
497    4    4      2     0    32   100     4      0     1    2    4    1   202   192.1K    0.714     1534  OK
498    4    4      2     0    32   100     4      1     0    1    0    1   202   192.1K    0.718     1525  OK
499    4    4      2     0    32   100     4      0     1    1    0    1   202   192.1K    0.718     1525  OK
500    4    4      2     0    32   100     4      1     1    1    4    1   202   192.1K    0.718     1526  OK
501    4    4      2     0    32   100     4      0     0    2    0    1   202   192.1K    0.723     1515  OK
502    4    4      2     0    32   100     1      0     0    8    0    3   180   192.1K    0.724     1512  OK
503    4    4      2     0    32   100     1      0     1    8    4    0   178   192.1K    0.725     1511  OK
504    4    4      2     0    32   100     1      0     0    4    4    3   179   192.1K    0.726     1508  OK
505    4    4      2     0    32   100     1      0     1    8    0    1   134   192.1K    0.726     1507  OK
506    4    4      2     0    32   100     1      0     0    4    4    1   134   192.1K    0.727     1507  OK
507    4    4      2     0    32   100     1      0     0    6    0    1   134   192.1K    0.728     1503  OK
508    4    4      2     0    32   100     1      0     0    6    4    3   144   192.1K    0.728     1504  OK
509    4    4      2     0    32   100     1      0     0    8    4    3   179   192.1K    0.728     1504  OK
510    4    4      2     0    32   100     1      0     1    4    0    1   134   192.1K    0.728     1504  OK
511    4    4      2     0    32   100     1      0     1    6    4    0   144   192.1K    0.728     1504  OK
512    4    4      2     0    32   100     1      0     0    4    4    0   179   192.1K    0.729     1501  OK
513    4    4      2     0    32   100     1      0     0    6    4    1   134   192.1K    0.729     1501  OK
514    4    4      2     0    32   100     1      0     1    4    4    1   134   192.1K    0.729     1502  OK
515    4    4      2     0    32   100     1      0     1    6    0    0   147   192.1K    0.729     1501  OK
516    4    4      2     0    32   100     1      0     1    6    0    1   134   192.1K    0.729     1501  OK
517    4    4      2     0    32   100     1      0     1    8    4    3   178   192.1K    0.729     1503  OK
518    4    4      2     0    32   100     1      0     0    6    4    0   144   192.1K    0.730     1500  OK
519    4    4      2     0    32   100     1      0     1    4    0    3   178   192.1K    0.730     1500  OK
520    4    4      2     0    32   100     1      0     1    4    4    3   178   192.1K    0.730     1499  OK
521    4    4      2     0    32   100     1      0     0    6    0    3   149   192.1K    0.731     1499  OK
522    4    4      2     0    32   100     1      0     1    4    4    0   178   192.1K    0.731     1498  OK
523    4    4      2     0    32   100     1      0     1    6    4    1   134   192.1K    0.731     1498  OK
524    4    4      2     0    32   100     1      0     1    8    4    1   134   192.1K    0.731     1497  OK
525    4    4      2     0    32   100     1      0     1    8    0    3   180   192.1K    0.731     1498  OK
526    4    4      2     0    32   100     1      0     0    4    0    0   179   192.1K    0.732     1496  OK
527    4    4      2     0    32   100     1      0     0    8    4    0   179   192.1K    0.732     1497  OK
528    4    4      2     0    32   100     1      0     1    4    0    0   178   192.1K    0.732     1497  OK
529    4    4      2     0    32   100     1      0     1    6    0    3   147   192.1K    0.732     1495  OK
530    4    4      2     0    32   100     1      0     1    6    4    3   144   192.1K    0.732     1495  OK
531    4    4      2     0    32   100     1      0     0    4    0    3   179   192.1K    0.733     1494  OK
532    4    4      2     0    32   100     1      0     0    6    0    0   149   192.1K    0.733     1493  OK
533    4    4      2     0    32   100     1      0     0    8    0    0   180   192.1K    0.733     1494  OK
534    4    4      2     0    32   100     1      0     0    8    0    1   134   192.1K    0.733     1493  OK
535    4    4      2     0    32   100     1      0     0    4    0    1   134   192.1K    0.734     1491  OK
536    4    4      2     0    32   100     1      0     1    8    0    0   180   192.1K    0.734     1491  OK
537    4    4      2     0    32   100     1      0     0    8    4    1   134   192.1K    0.735     1490  OK
538    4    4      2     0    32   100     1      1     0    2    1    0   111   192.1K    0.749     1462  OK
539    4    4      2     0    32   100     1      1     0    1    1    3   111   192.1K    0.750     1460  OK
540    4    4      2     0    32   100     4      1     0    2    1    3   192   192.1K    0.756     1449  OK
541    4    4      2     0    32   100     4      1     1    1    1    0   192   192.1K    0.757     1446  OK
542    4    4      2     0    32   100     1      0     0    2    1    3   111   192.1K    0.758     1445  OK
543    4    4      2     0    32   100     1      0     1    1    1    0   111   192.1K    0.758     1444  OK
544    4    4      2     0    32   100     4      1     1    1    1    3   192   192.1K    0.758     1444  OK
545    4    4      2     0    32   100     2      0     1    2    1    0   142   192.1K    0.759     1442  OK
546    4    4      2     0    32   100     1      0     0    1    1    0   111   192.1K    0.760     1440  OK
547    4    4      2     0    32   100     2      0     0    2    1    3   142   192.1K    0.760     1440  OK
548    4    4      2     0    32   100     2      0     0    2    1    0   142   192.1K    0.761     1440  OK
549    4    4      2     0    32   100     4      1     0    2    1    0   192   192.1K    0.761     1439  OK
550    4    4      2     0    32   100     1      1     1    2    1    1   105   192.1K    0.761     1439  OK
551    4    4      2     0    32   100     1      1     1    2    1    3   111   192.1K    0.761     1438  OK
552    4    4      2     0    32   100     2      1     1    2    1    0   142   192.1K    0.763     1435  OK
553    4    4      2     0    32   100     2      1     0    1    1    3   142   192.1K    0.764     1433  OK
554    4    4      2     0    32   100     4      1     0    1    1    3   192   192.1K    0.764     1434  OK
555    4    4      2     0    32   100     2      1     1    2    1    3   142   192.1K    0.764     1434  OK
556    4    4      2     0    32   100     2      0     1    1    1    0   142   192.1K    0.765     1432  OK
557    4    4      2     0    32   100     4      1     1    2    1    3   192   192.1K    0.766     1429  OK
558    4    4      2     0    32   100     1      1     0    1    1    0   111   192.1K    0.767     1429  OK
559    4    4      2     0    32   100     2      0     0    1    1    0   142   192.1K    0.767     1429  OK
560    4    4      2     0    32   100     2      1     0    1    1    0   142   192.1K    0.767     1427  OK
561    4    4      2     0    32   100     4      0     0    1    1    0   192   192.1K    0.767     1428  OK
562    4    4      2     0    32   100     1      0     1    2    1    0   111   192.1K    0.767     1427  OK
563    4    4      2     0    32   100     1      0     0    2    1    0   111   192.1K    0.768     1426  OK
564    4    4      2     0    32   100     2      1     0    2    1    3   142   192.1K    0.768     1426  OK
565    4    4      2     0    32   100     4      0     0    2    1    0   192   192.1K    0.768     1426  OK
566    4    4      2     0    32   100     1      1     1    2    1    0   111   192.1K    0.768     1426  OK
567    4    4      2     0    32   100     2      0     1    1    1    3   142   192.1K    0.769     1425  OK
568    4    4      2     0    32   100     4      1     0    1    1    0   192   192.1K    0.770     1423  OK
569    4    4      2     0    32   100     2      1     1    1    1    0   142   192.1K    0.770     1421  OK
570    4    4      2     0    32   100     4      0     1    1    1    3   192   192.1K    0.770     1422  OK
571    4    4      2     0    32   100     2      0     1    2    1    3   142   192.1K    0.770     1423  OK
572    4    4      2     0    32   100     4      1     1    2    1    0   192   192.1K    0.770     1422  OK
573    4    4      2     0    32   100     1      0     0    1    1    3   111   192.1K    0.771     1419  OK
574    4    4      2     0    32   100     4      0     1    2    1    3   192   192.1K    0.771     1421  OK
575    4    4      2     0    32   100     1      1     0    2    1    3   111   192.1K    0.772     1419  OK
576    4    4      2     0    32   100     2      1     0    2    1    0   142   192.1K    0.772     1418  OK
577    4    4      2     0    32   100     1      1     1    1    1    0   111   192.1K    0.772     1419  OK
578    4    4      2     0    32   100     1      1     1    1    1    3   111   192.1K    0.772     1418  OK
579    4    4      2     0    32   100     2      1     0    2    1    1   134   192.1K    0.775     1413  OK
580    4    4      2     0    32   100     1      0     1    1    1    3   111   192.1K    0.775     1414  OK
581    4    4      2     0    32   100     2      1     1    1    1    3   142   192.1K    0.775     1413  OK
582    4    4      2     0    32   100     1      0     1    2    1    3   111   192.1K    0.775     1414  OK
583    4    4      2     0    32   100     4      0     1    2    1    0   192   192.1K    0.775     1414  OK
584    4    4      2     0    32   100     2      0     1    2    1    1   134   192.1K    0.776     1411  OK
585    4    4      2     0    32   100     2      0     0    1    1    3   142   192.1K    0.777     1410  OK
586    4    4      2     0    32   100     1      0     0    2    1    1   105   192.1K    0.778     1408  OK
587    4    4      2     0    32   100     2      1     1    2    1    1   134   192.1K    0.778     1408  OK
588    4    4      2     0    32   100     4      0     0    1    1    3   192   192.1K    0.779     1405  OK
589    4    4      2     0    32   100     2      0     1    1    1    1   134   192.1K    0.779     1407  OK
590    4    4      2     0    32   100     4      0     1    1    1    0   192   192.1K    0.779     1405  OK
591    4    4      2     0    32   100     1      0     1    1    1    1   105   192.1K    0.780     1403  OK
592    4    4      2     0    32   100     1      1     1    1    1    1   105   192.1K    0.781     1403  OK
593    4    4      2     0    32   100     2      1     1    1    1    1   134   192.1K    0.781     1402  OK
594    4    4      2     0    32   100     1      0     1    2    1    1   105   192.1K    0.781     1401  OK
595    4    4      2     0    32   100     2      0     0    1    1    1   134   192.1K    0.782     1400  OK
596    4    4      2     0    32   100     1      1     0    1    1    1   105   192.1K    0.783     1398  OK
597    4    4      2     0    32   100     4      0     0    2    1    3   192   192.1K    0.783     1399  OK
598    4    4      2     0    32   100     2      0     0    2    1    1   134   192.1K    0.784     1398  OK
599    4    4      2     0    32   100     4      0     0    1    1    1   184   192.1K    0.786     1393  OK
600    4    4      2     0    32   100     4      1     1    1    1    1   184   192.1K    0.786     1394  OK
601    4    4      2     0    32   100     1      0     0    1    1    1   105   192.1K    0.787     1391  OK
602    4    4      2     0    32   100     2      1     0    1    1    1   134   192.1K    0.787     1391  OK
603    4    4      2     0    32   100     1      1     0    2    1    1   105   192.1K    0.787     1392  OK
604    4    4      2     0    32   100     4      1     0    1    1    1   184   192.1K    0.791     1385  OK
605    4    4      2     0    32   100     4      1     0    2    1    1   184   192.1K    0.794     1380  OK
606    4    4      2     0    32   100     4      0     1    2    1    1   184   192.1K    0.795     1377  OK
607    4    4      2     0    32   100     4      1     1    2    1    1   184   192.1K    0.798     1373  OK
608    4    4      2     0    32   100     4      0     1    1    1    1   184   192.1K    0.799     1371  OK
609    4    4      2     0    32   100     4      0     0    2    1    1   184   192.1K    0.803     1364  OK
610    4    4      0     0    64     0     2      1     1    4    0    0     0   192.1K        -        -  COMPILE_FAIL
611    4    4      0     0    64    40     2      1     1    4    0    0     0   192.1K        -        -  COMPILE_FAIL
612    4    4      0     0    64    60     2      1     1    4    0    0     0   192.1K        -        -  COMPILE_FAIL
613    4    4      0     0    64    80     2      1     1    4    0    0     0   192.1K        -        -  COMPILE_FAIL
614    4    4      0     0    64   100     2      1     1    4    0    0     0   192.1K        -        -  COMPILE_FAIL
615    4    4      0     0    64   120     2      1     1    4    0    0     0   192.1K        -        -  COMPILE_FAIL
616    4    4      0     0    64   160     2      1     1    4    0    0     0   192.1K        -        -  COMPILE_FAIL
617    4    4      0     0    64   200     2      1     1    4    0    0     0   192.1K        -        -  COMPILE_FAIL
618    4    4      0     1    64     0     2      1     1    4    0    0     0   192.1K        -        -  COMPILE_FAIL
619    4    4      0     1    64    40     2      1     1    4    0    0     0   192.1K        -        -  COMPILE_FAIL
620    4    4      0     1    64    60     2      1     1    4    0    0     0   192.1K        -        -  COMPILE_FAIL
621    4    4      0     1    64    80     2      1     1    4    0    0     0   192.1K        -        -  COMPILE_FAIL
622    4    4      0     1    64   100     2      1     1    4    0    0     0   192.1K        -        -  COMPILE_FAIL
623    4    4      0     1    64   120     2      1     1    4    0    0     0   192.1K        -        -  COMPILE_FAIL
624    4    4      0     1    64   160     2      1     1    4    0    0     0   192.1K        -        -  COMPILE_FAIL
625    4    4      0     1    64   200     2      1     1    4    0    0     0   192.1K        -        -  COMPILE_FAIL
626    4    4      1     0    64     0     2      1     1    4    0    0     0   192.1K        -        -  COMPILE_FAIL
627    4    4      1     0    64    40     2      1     1    4    0    0     0   192.1K        -        -  COMPILE_FAIL
628    4    4      1     0    64    60     2      1     1    4    0    0     0   192.1K        -        -  COMPILE_FAIL
629    4    4      1     0    64    80     2      1     1    4    0    0     0   192.1K        -        -  COMPILE_FAIL
630    4    4      1     0    64   100     2      1     1    4    0    0     0   192.1K        -        -  COMPILE_FAIL
631    4    4      1     0    64   120     2      1     1    4    0    0     0   192.1K        -        -  COMPILE_FAIL
632    4    4      1     0    64   160     2      1     1    4    0    0     0   192.1K        -        -  COMPILE_FAIL
633    4    4      1     0    64   200     2      1     1    4    0    0     0   192.1K        -        -  COMPILE_FAIL
634    4    4      1     1    64     0     2      1     1    4    0    0     0   192.1K        -        -  COMPILE_FAIL
635    4    4      1     1    64    40     2      1     1    4    0    0     0   192.1K        -        -  COMPILE_FAIL
636    4    4      1     1    64    60     2      1     1    4    0    0     0   192.1K        -        -  COMPILE_FAIL
637    4    4      1     1    64    80     2      1     1    4    0    0     0   192.1K        -        -  COMPILE_FAIL
638    4    4      1     1    64   100     2      1     1    4    0    0     0   192.1K        -        -  COMPILE_FAIL
639    4    4      1     1    64   120     2      1     1    4    0    0     0   192.1K        -        -  COMPILE_FAIL
640    4    4      1     1    64   160     2      1     1    4    0    0     0   192.1K        -        -  COMPILE_FAIL
641    4    4      1     1    64   200     2      1     1    4    0    0     0   192.1K        -        -  COMPILE_FAIL
642    4    4      2     0    64     0     2      1     1    4    0    0     0   192.1K        -        -  COMPILE_FAIL
643    4    4      2     0    64    40     2      1     1    4    0    0     0   192.1K        -        -  COMPILE_FAIL
644    4    4      2     0    64    60     2      1     1    4    0    0     0   192.1K        -        -  COMPILE_FAIL
645    4    4      2     0    64    80     2      1     1    4    0    0     0   192.1K        -        -  COMPILE_FAIL
646    4    4      2     0    64   100     2      1     1    4    0    0     0   192.1K        -        -  COMPILE_FAIL
647    4    4      2     0    64   120     2      1     1    4    0    0     0   192.1K        -        -  COMPILE_FAIL
648    4    4      2     0    64   160     2      1     1    4    0    0     0   192.1K        -        -  COMPILE_FAIL
649    4    4      2     0    64   200     2      1     1    4    0    0     0   192.1K        -        -  COMPILE_FAIL
650    4    4      2     1    64     0     2      1     1    4    0    0     0   192.1K        -        -  COMPILE_FAIL
651    4    4      2     1    64    40     2      1     1    4    0    0     0   192.1K        -        -  COMPILE_FAIL
652    4    4      2     1    64    60     2      1     1    4    0    0     0   192.1K        -        -  COMPILE_FAIL
653    4    4      2     1    64    80     2      1     1    4    0    0     0   192.1K        -        -  COMPILE_FAIL
654    4    4      2     1    64   100     2      1     1    4    0    0     0   192.1K        -        -  COMPILE_FAIL
655    4    4      2     1    64   120     2      1     1    4    0    0     0   192.1K        -        -  COMPILE_FAIL
656    4    4      2     1    64   160     2      1     1    4    0    0     0   192.1K        -        -  COMPILE_FAIL
657    4    4      2     1    64   200     2      1     1    4    0    0     0   192.1K        -        -  COMPILE_FAIL
658    4    4      3     0    64     0     2      1     1    4    0    0     0   192.1K        -        -  COMPILE_FAIL
659    4    4      3     0    64    40     2      1     1    4    0    0     0   192.1K        -        -  COMPILE_FAIL
660    4    4      3     0    64    60     2      1     1    4    0    0     0   192.1K        -        -  COMPILE_FAIL
661    4    4      3     0    64    80     2      1     1    4    0    0     0   192.1K        -        -  COMPILE_FAIL
662    4    4      3     0    64   100     2      1     1    4    0    0     0   192.1K        -        -  COMPILE_FAIL
663    4    4      3     0    64   120     2      1     1    4    0    0     0   192.1K        -        -  COMPILE_FAIL
664    4    4      3     0    64   160     2      1     1    4    0    0     0   192.1K        -        -  COMPILE_FAIL
665    4    4      3     0    64   200     2      1     1    4    0    0     0   192.1K        -        -  COMPILE_FAIL
666    4    4      3     1    64     0     2      1     1    4    0    0     0   192.1K        -        -  COMPILE_FAIL
667    4    4      3     1    64    40     2      1     1    4    0    0     0   192.1K        -        -  COMPILE_FAIL
668    4    4      3     1    64    60     2      1     1    4    0    0     0   192.1K        -        -  COMPILE_FAIL
669    4    4      3     1    64    80     2      1     1    4    0    0     0   192.1K        -        -  COMPILE_FAIL
670    4    4      3     1    64   100     2      1     1    4    0    0     0   192.1K        -        -  COMPILE_FAIL
671    4    4      3     1    64   120     2      1     1    4    0    0     0   192.1K        -        -  COMPILE_FAIL
672    4    4      3     1    64   160     2      1     1    4    0    0     0   192.1K        -        -  COMPILE_FAIL
673    4    4      3     1    64   200     2      1     1    4    0    0     0   192.1K        -        -  COMPILE_FAIL

CSV written to /root/siglip/data/session_20260308_190511/sweep_patch_embed.csv

Best: -DCVT_ADD_FUSED=0 -DK_LOOP_UNROLL=6 -DSTAGGER_CYCLES=100 -DSUB_MMA_UNROLL=3 → 0.525 ms / 2086 TFLOPS (173 regs)
