Kernel: fc2 (fc2.cu)

=== Tier 1: N_STAGES, NUM_EPI_WARPS ===
Sweep: 6 total, 5 valid, 1 pruned
Estimated time: ~0 min (5 configs × ~5s each)

[1/5] -DN_STAGES=3 ... 1.977 ms / 2216 TFLOPS  (240 regs, 1.6s)
[2/5] (defaults) ... 1.650 ms / 2654 TFLOPS  (255 regs, 1.6s)
[3/5] -DN_STAGES=5 ... 1.514 ms / 2892 TFLOPS  (255 regs, 1.6s)
[4/5] -DNUM_EPI_WARPS=5 -DN_STAGES=3 ... 1.983 ms / 2209 TFLOPS  (242 regs, 1.7s)
[5/5] -DNUM_EPI_WARPS=5 ... 1.732 ms / 2528 TFLOPS  (254 regs, 1.7s)

Tier 1 winner: -DN_STAGES=5 → 1.514 ms / 2892 TFLOPS

=== Tier 2: INTERLEAVE_STRATEGY, MBAR_EARLY, STAGGER_CYCLES, TMEM_LOAD_WIDTH ===
Sweep: 128 total, 128 valid, 0 pruned
Estimated time: ~11 min (128 configs × ~5s each)

[1/128] -DINTERLEAVE_STRATEGY=0 -DN_STAGES=5 -DSTAGGER_CYCLES=0 ... 1.529 ms / 2864 TFLOPS  (255 regs, 1.6s)
[2/128] -DINTERLEAVE_STRATEGY=0 -DN_STAGES=5 -DSTAGGER_CYCLES=0 -DTMEM_LOAD_WIDTH=64 ... 1.525 ms / 2872 TFLOPS  (255 regs, 1.7s)
[3/128] -DINTERLEAVE_STRATEGY=0 -DN_STAGES=5 -DSTAGGER_CYCLES=40 ... 1.531 ms / 2860 TFLOPS  (255 regs, 1.6s)
[4/128] -DINTERLEAVE_STRATEGY=0 -DN_STAGES=5 -DSTAGGER_CYCLES=40 -DTMEM_LOAD_WIDTH=64 ... 1.524 ms / 2873 TFLOPS  (255 regs, 1.7s)
[5/128] -DINTERLEAVE_STRATEGY=0 -DN_STAGES=5 -DSTAGGER_CYCLES=60 ... 1.544 ms / 2836 TFLOPS  (255 regs, 1.6s)
[6/128] -DINTERLEAVE_STRATEGY=0 -DN_STAGES=5 -DSTAGGER_CYCLES=60 -DTMEM_LOAD_WIDTH=64 ... 1.534 ms / 2855 TFLOPS  (255 regs, 1.7s)
[7/128] -DINTERLEAVE_STRATEGY=0 -DN_STAGES=5 ... 1.533 ms / 2857 TFLOPS  (255 regs, 1.7s)
[8/128] -DINTERLEAVE_STRATEGY=0 -DN_STAGES=5 -DTMEM_LOAD_WIDTH=64 ... 1.559 ms / 2810 TFLOPS  (255 regs, 1.7s)
[9/128] -DINTERLEAVE_STRATEGY=0 -DN_STAGES=5 -DSTAGGER_CYCLES=100 ... 1.531 ms / 2860 TFLOPS  (255 regs, 1.6s)
[10/128] -DINTERLEAVE_STRATEGY=0 -DN_STAGES=5 -DSTAGGER_CYCLES=100 -DTMEM_LOAD_WIDTH=64 ... 1.558 ms / 2812 TFLOPS  (255 regs, 1.7s)
[11/128] -DINTERLEAVE_STRATEGY=0 -DN_STAGES=5 -DSTAGGER_CYCLES=120 ... 1.536 ms / 2852 TFLOPS  (255 regs, 1.6s)
[12/128] -DINTERLEAVE_STRATEGY=0 -DN_STAGES=5 -DSTAGGER_CYCLES=120 -DTMEM_LOAD_WIDTH=64 ... 1.531 ms / 2860 TFLOPS  (255 regs, 1.7s)
[13/128] -DINTERLEAVE_STRATEGY=0 -DN_STAGES=5 -DSTAGGER_CYCLES=160 ... 1.530 ms / 2863 TFLOPS  (255 regs, 1.6s)
[14/128] -DINTERLEAVE_STRATEGY=0 -DN_STAGES=5 -DSTAGGER_CYCLES=160 -DTMEM_LOAD_WIDTH=64 ... 1.547 ms / 2831 TFLOPS  (255 regs, 1.7s)
[15/128] -DINTERLEAVE_STRATEGY=0 -DN_STAGES=5 -DSTAGGER_CYCLES=200 ... 1.526 ms / 2870 TFLOPS  (255 regs, 1.6s)
[16/128] -DINTERLEAVE_STRATEGY=0 -DN_STAGES=5 -DSTAGGER_CYCLES=200 -DTMEM_LOAD_WIDTH=64 ... 1.540 ms / 2844 TFLOPS  (255 regs, 1.7s)
[17/128] -DINTERLEAVE_STRATEGY=0 -DMBAR_EARLY=1 -DN_STAGES=5 -DSTAGGER_CYCLES=0 ... 1.528 ms / 2867 TFLOPS  (255 regs, 1.6s)
[18/128] -DINTERLEAVE_STRATEGY=0 -DMBAR_EARLY=1 -DN_STAGES=5 -DSTAGGER_CYCLES=0 -DTMEM_LOAD_WIDTH=64 ... 1.522 ms / 2878 TFLOPS  (255 regs, 1.7s)
[19/128] -DINTERLEAVE_STRATEGY=0 -DMBAR_EARLY=1 -DN_STAGES=5 -DSTAGGER_CYCLES=40 ... 1.537 ms / 2851 TFLOPS  (255 regs, 1.7s)
[20/128] -DINTERLEAVE_STRATEGY=0 -DMBAR_EARLY=1 -DN_STAGES=5 -DSTAGGER_CYCLES=40 -DTMEM_LOAD_WIDTH=64 ... 1.529 ms / 2865 TFLOPS  (255 regs, 1.7s)
[21/128] -DINTERLEAVE_STRATEGY=0 -DMBAR_EARLY=1 -DN_STAGES=5 -DSTAGGER_CYCLES=60 ... 1.556 ms / 2815 TFLOPS  (255 regs, 1.7s)
[22/128] -DINTERLEAVE_STRATEGY=0 -DMBAR_EARLY=1 -DN_STAGES=5 -DSTAGGER_CYCLES=60 -DTMEM_LOAD_WIDTH=64 ... 1.529 ms / 2865 TFLOPS  (255 regs, 1.8s)
[23/128] -DINTERLEAVE_STRATEGY=0 -DMBAR_EARLY=1 -DN_STAGES=5 ... 1.529 ms / 2864 TFLOPS  (255 regs, 1.7s)
[24/128] -DINTERLEAVE_STRATEGY=0 -DMBAR_EARLY=1 -DN_STAGES=5 -DTMEM_LOAD_WIDTH=64 ... 1.527 ms / 2869 TFLOPS  (255 regs, 1.7s)
[25/128] -DINTERLEAVE_STRATEGY=0 -DMBAR_EARLY=1 -DN_STAGES=5 -DSTAGGER_CYCLES=100 ... 1.527 ms / 2869 TFLOPS  (255 regs, 1.7s)
[26/128] -DINTERLEAVE_STRATEGY=0 -DMBAR_EARLY=1 -DN_STAGES=5 -DSTAGGER_CYCLES=100 -DTMEM_LOAD_WIDTH=64 ... 1.530 ms / 2862 TFLOPS  (255 regs, 1.7s)
[27/128] -DINTERLEAVE_STRATEGY=0 -DMBAR_EARLY=1 -DN_STAGES=5 -DSTAGGER_CYCLES=120 ... 1.530 ms / 2864 TFLOPS  (255 regs, 1.7s)
[28/128] -DINTERLEAVE_STRATEGY=0 -DMBAR_EARLY=1 -DN_STAGES=5 -DSTAGGER_CYCLES=120 -DTMEM_LOAD_WIDTH=64 ... 1.528 ms / 2867 TFLOPS  (255 regs, 1.7s)
[29/128] -DINTERLEAVE_STRATEGY=0 -DMBAR_EARLY=1 -DN_STAGES=5 -DSTAGGER_CYCLES=160 ... 1.526 ms / 2870 TFLOPS  (255 regs, 1.7s)
[30/128] -DINTERLEAVE_STRATEGY=0 -DMBAR_EARLY=1 -DN_STAGES=5 -DSTAGGER_CYCLES=160 -DTMEM_LOAD_WIDTH=64 ... 1.527 ms / 2868 TFLOPS  (255 regs, 1.7s)
[31/128] -DINTERLEAVE_STRATEGY=0 -DMBAR_EARLY=1 -DN_STAGES=5 -DSTAGGER_CYCLES=200 ... 1.528 ms / 2866 TFLOPS  (255 regs, 1.7s)
[32/128] -DINTERLEAVE_STRATEGY=0 -DMBAR_EARLY=1 -DN_STAGES=5 -DSTAGGER_CYCLES=200 -DTMEM_LOAD_WIDTH=64 ... 1.532 ms / 2860 TFLOPS  (255 regs, 1.7s)
[33/128] -DINTERLEAVE_STRATEGY=1 -DN_STAGES=5 -DSTAGGER_CYCLES=0 ... 1.520 ms / 2882 TFLOPS  (255 regs, 1.6s)
[34/128] -DINTERLEAVE_STRATEGY=1 -DN_STAGES=5 -DSTAGGER_CYCLES=0 -DTMEM_LOAD_WIDTH=64 ... 1.518 ms / 2885 TFLOPS  (255 regs, 1.7s)
[35/128] -DINTERLEAVE_STRATEGY=1 -DN_STAGES=5 -DSTAGGER_CYCLES=40 ... 1.535 ms / 2854 TFLOPS  (255 regs, 1.7s)
[36/128] -DINTERLEAVE_STRATEGY=1 -DN_STAGES=5 -DSTAGGER_CYCLES=40 -DTMEM_LOAD_WIDTH=64 ... 1.528 ms / 2867 TFLOPS  (255 regs, 1.7s)
[37/128] -DINTERLEAVE_STRATEGY=1 -DN_STAGES=5 -DSTAGGER_CYCLES=60 ... 1.539 ms / 2846 TFLOPS  (255 regs, 1.6s)
[38/128] -DINTERLEAVE_STRATEGY=1 -DN_STAGES=5 -DSTAGGER_CYCLES=60 -DTMEM_LOAD_WIDTH=64 ... 1.531 ms / 2861 TFLOPS  (255 regs, 1.7s)
[39/128] -DINTERLEAVE_STRATEGY=1 -DN_STAGES=5 ... 1.526 ms / 2871 TFLOPS  (255 regs, 1.7s)
[40/128] -DINTERLEAVE_STRATEGY=1 -DN_STAGES=5 -DTMEM_LOAD_WIDTH=64 ... 1.535 ms / 2853 TFLOPS  (255 regs, 1.7s)
[41/128] -DINTERLEAVE_STRATEGY=1 -DN_STAGES=5 -DSTAGGER_CYCLES=100 ... 1.517 ms / 2888 TFLOPS  (255 regs, 1.7s)
[42/128] -DINTERLEAVE_STRATEGY=1 -DN_STAGES=5 -DSTAGGER_CYCLES=100 -DTMEM_LOAD_WIDTH=64 ... 1.532 ms / 2858 TFLOPS  (255 regs, 1.7s)
[43/128] -DINTERLEAVE_STRATEGY=1 -DN_STAGES=5 -DSTAGGER_CYCLES=120 ... 1.523 ms / 2876 TFLOPS  (255 regs, 1.7s)
[44/128] -DINTERLEAVE_STRATEGY=1 -DN_STAGES=5 -DSTAGGER_CYCLES=120 -DTMEM_LOAD_WIDTH=64 ... 1.528 ms / 2867 TFLOPS  (255 regs, 1.7s)
[45/128] -DINTERLEAVE_STRATEGY=1 -DN_STAGES=5 -DSTAGGER_CYCLES=160 ... 1.521 ms / 2879 TFLOPS  (255 regs, 1.7s)
[46/128] -DINTERLEAVE_STRATEGY=1 -DN_STAGES=5 -DSTAGGER_CYCLES=160 -DTMEM_LOAD_WIDTH=64 ... 1.530 ms / 2863 TFLOPS  (255 regs, 1.7s)
[47/128] -DINTERLEAVE_STRATEGY=1 -DN_STAGES=5 -DSTAGGER_CYCLES=200 ... 1.518 ms / 2886 TFLOPS  (255 regs, 1.6s)
[48/128] -DINTERLEAVE_STRATEGY=1 -DN_STAGES=5 -DSTAGGER_CYCLES=200 -DTMEM_LOAD_WIDTH=64 ... 1.528 ms / 2867 TFLOPS  (255 regs, 1.7s)
[49/128] -DINTERLEAVE_STRATEGY=1 -DMBAR_EARLY=1 -DN_STAGES=5 -DSTAGGER_CYCLES=0 ... 1.520 ms / 2881 TFLOPS  (255 regs, 1.6s)
[50/128] -DINTERLEAVE_STRATEGY=1 -DMBAR_EARLY=1 -DN_STAGES=5 -DSTAGGER_CYCLES=0 -DTMEM_LOAD_WIDTH=64 ... 1.562 ms / 2804 TFLOPS  (255 regs, 1.7s)
[51/128] -DINTERLEAVE_STRATEGY=1 -DMBAR_EARLY=1 -DN_STAGES=5 -DSTAGGER_CYCLES=40 ... 1.534 ms / 2855 TFLOPS  (255 regs, 1.6s)
[52/128] -DINTERLEAVE_STRATEGY=1 -DMBAR_EARLY=1 -DN_STAGES=5 -DSTAGGER_CYCLES=40 -DTMEM_LOAD_WIDTH=64 ... 1.536 ms / 2852 TFLOPS  (255 regs, 1.7s)
[53/128] -DINTERLEAVE_STRATEGY=1 -DMBAR_EARLY=1 -DN_STAGES=5 -DSTAGGER_CYCLES=60 ... 1.535 ms / 2854 TFLOPS  (255 regs, 1.7s)
[54/128] -DINTERLEAVE_STRATEGY=1 -DMBAR_EARLY=1 -DN_STAGES=5 -DSTAGGER_CYCLES=60 -DTMEM_LOAD_WIDTH=64 ... 1.540 ms / 2844 TFLOPS  (255 regs, 1.7s)
[55/128] -DINTERLEAVE_STRATEGY=1 -DMBAR_EARLY=1 -DN_STAGES=5 ... 1.521 ms / 2880 TFLOPS  (255 regs, 1.7s)
[56/128] -DINTERLEAVE_STRATEGY=1 -DMBAR_EARLY=1 -DN_STAGES=5 -DTMEM_LOAD_WIDTH=64 ... 1.544 ms / 2836 TFLOPS  (255 regs, 1.7s)
[57/128] -DINTERLEAVE_STRATEGY=1 -DMBAR_EARLY=1 -DN_STAGES=5 -DSTAGGER_CYCLES=100 ... 1.521 ms / 2880 TFLOPS  (255 regs, 1.7s)
[58/128] -DINTERLEAVE_STRATEGY=1 -DMBAR_EARLY=1 -DN_STAGES=5 -DSTAGGER_CYCLES=100 -DTMEM_LOAD_WIDTH=64 ... 1.549 ms / 2827 TFLOPS  (255 regs, 1.7s)
[59/128] -DINTERLEAVE_STRATEGY=1 -DMBAR_EARLY=1 -DN_STAGES=5 -DSTAGGER_CYCLES=120 ... 1.518 ms / 2885 TFLOPS  (255 regs, 1.7s)
[60/128] -DINTERLEAVE_STRATEGY=1 -DMBAR_EARLY=1 -DN_STAGES=5 -DSTAGGER_CYCLES=120 -DTMEM_LOAD_WIDTH=64 ... 1.563 ms / 2802 TFLOPS  (255 regs, 1.7s)
[61/128] -DINTERLEAVE_STRATEGY=1 -DMBAR_EARLY=1 -DN_STAGES=5 -DSTAGGER_CYCLES=160 ... 1.519 ms / 2884 TFLOPS  (255 regs, 1.7s)
[62/128] -DINTERLEAVE_STRATEGY=1 -DMBAR_EARLY=1 -DN_STAGES=5 -DSTAGGER_CYCLES=160 -DTMEM_LOAD_WIDTH=64 ... 1.549 ms / 2828 TFLOPS  (255 regs, 1.7s)
[63/128] -DINTERLEAVE_STRATEGY=1 -DMBAR_EARLY=1 -DN_STAGES=5 -DSTAGGER_CYCLES=200 ... 1.517 ms / 2888 TFLOPS  (255 regs, 1.6s)
[64/128] -DINTERLEAVE_STRATEGY=1 -DMBAR_EARLY=1 -DN_STAGES=5 -DSTAGGER_CYCLES=200 -DTMEM_LOAD_WIDTH=64 ... 1.558 ms / 2811 TFLOPS  (255 regs, 1.7s)
[65/128] -DN_STAGES=5 -DSTAGGER_CYCLES=0 ... 1.516 ms / 2889 TFLOPS  (255 regs, 1.6s)
[66/128] -DN_STAGES=5 -DSTAGGER_CYCLES=0 -DTMEM_LOAD_WIDTH=64 ... 1.517 ms / 2887 TFLOPS  (255 regs, 1.7s)
[67/128] -DN_STAGES=5 -DSTAGGER_CYCLES=40 ... 1.521 ms / 2880 TFLOPS  (255 regs, 1.7s)
[68/128] -DN_STAGES=5 -DSTAGGER_CYCLES=40 -DTMEM_LOAD_WIDTH=64 ... 1.527 ms / 2868 TFLOPS  (255 regs, 1.7s)
[69/128] -DN_STAGES=5 -DSTAGGER_CYCLES=60 ... 1.528 ms / 2867 TFLOPS  (255 regs, 1.6s)
[70/128] -DN_STAGES=5 -DSTAGGER_CYCLES=60 -DTMEM_LOAD_WIDTH=64 ... 1.547 ms / 2832 TFLOPS  (255 regs, 1.7s)
[71/128] -DN_STAGES=5 ... 1.518 ms / 2885 TFLOPS  (255 regs, 1.6s)
[72/128] -DN_STAGES=5 -DTMEM_LOAD_WIDTH=64 ... 1.544 ms / 2836 TFLOPS  (255 regs, 1.7s)
[73/128] -DN_STAGES=5 -DSTAGGER_CYCLES=100 ... 1.516 ms / 2889 TFLOPS  (255 regs, 1.7s)
[74/128] -DN_STAGES=5 -DSTAGGER_CYCLES=100 -DTMEM_LOAD_WIDTH=64 ... 1.541 ms / 2842 TFLOPS  (255 regs, 1.7s)
[75/128] -DN_STAGES=5 -DSTAGGER_CYCLES=120 ... 1.515 ms / 2890 TFLOPS  (255 regs, 1.7s)
[76/128] -DN_STAGES=5 -DSTAGGER_CYCLES=120 -DTMEM_LOAD_WIDTH=64 ... 1.539 ms / 2846 TFLOPS  (255 regs, 1.7s)
[77/128] -DN_STAGES=5 -DSTAGGER_CYCLES=160 ... 1.520 ms / 2881 TFLOPS  (255 regs, 1.7s)
[78/128] -DN_STAGES=5 -DSTAGGER_CYCLES=160 -DTMEM_LOAD_WIDTH=64 ... 1.531 ms / 2861 TFLOPS  (255 regs, 1.7s)
[79/128] -DN_STAGES=5 -DSTAGGER_CYCLES=200 ... 1.513 ms / 2895 TFLOPS  (255 regs, 1.7s)
[80/128] -DN_STAGES=5 -DSTAGGER_CYCLES=200 -DTMEM_LOAD_WIDTH=64 ... 1.525 ms / 2872 TFLOPS  (255 regs, 1.7s)
[81/128] -DMBAR_EARLY=1 -DN_STAGES=5 -DSTAGGER_CYCLES=0 ... 1.514 ms / 2893 TFLOPS  (255 regs, 1.7s)
[82/128] -DMBAR_EARLY=1 -DN_STAGES=5 -DSTAGGER_CYCLES=0 -DTMEM_LOAD_WIDTH=64 ... 1.514 ms / 2893 TFLOPS  (255 regs, 1.7s)
[83/128] -DMBAR_EARLY=1 -DN_STAGES=5 -DSTAGGER_CYCLES=40 ... 1.526 ms / 2871 TFLOPS  (255 regs, 1.7s)
[84/128] -DMBAR_EARLY=1 -DN_STAGES=5 -DSTAGGER_CYCLES=40 -DTMEM_LOAD_WIDTH=64 ... 1.513 ms / 2895 TFLOPS  (255 regs, 1.7s)
[85/128] -DMBAR_EARLY=1 -DN_STAGES=5 -DSTAGGER_CYCLES=60 ... 1.534 ms / 2855 TFLOPS  (255 regs, 1.6s)
[86/128] -DMBAR_EARLY=1 -DN_STAGES=5 -DSTAGGER_CYCLES=60 -DTMEM_LOAD_WIDTH=64 ... 1.514 ms / 2894 TFLOPS  (255 regs, 1.7s)
[87/128] -DMBAR_EARLY=1 -DN_STAGES=5 ... 1.516 ms / 2890 TFLOPS  (255 regs, 1.7s)
[88/128] -DMBAR_EARLY=1 -DN_STAGES=5 -DTMEM_LOAD_WIDTH=64 ... 1.513 ms / 2895 TFLOPS  (255 regs, 1.7s)
[89/128] -DMBAR_EARLY=1 -DN_STAGES=5 -DSTAGGER_CYCLES=100 ... 1.512 ms / 2896 TFLOPS  (255 regs, 1.6s)
[90/128] -DMBAR_EARLY=1 -DN_STAGES=5 -DSTAGGER_CYCLES=100 -DTMEM_LOAD_WIDTH=64 ... 1.514 ms / 2893 TFLOPS  (255 regs, 1.7s)
[91/128] -DMBAR_EARLY=1 -DN_STAGES=5 -DSTAGGER_CYCLES=120 ... 1.516 ms / 2889 TFLOPS  (255 regs, 1.7s)
[92/128] -DMBAR_EARLY=1 -DN_STAGES=5 -DSTAGGER_CYCLES=120 -DTMEM_LOAD_WIDTH=64 ... 1.510 ms / 2900 TFLOPS  (255 regs, 1.7s)
[93/128] -DMBAR_EARLY=1 -DN_STAGES=5 -DSTAGGER_CYCLES=160 ... 1.514 ms / 2892 TFLOPS  (255 regs, 1.7s)
[94/128] -DMBAR_EARLY=1 -DN_STAGES=5 -DSTAGGER_CYCLES=160 -DTMEM_LOAD_WIDTH=64 ... 1.512 ms / 2897 TFLOPS  (255 regs, 1.7s)
[95/128] -DMBAR_EARLY=1 -DN_STAGES=5 -DSTAGGER_CYCLES=200 ... 1.513 ms / 2895 TFLOPS  (255 regs, 1.7s)
[96/128] -DMBAR_EARLY=1 -DN_STAGES=5 -DSTAGGER_CYCLES=200 -DTMEM_LOAD_WIDTH=64 ... 1.510 ms / 2900 TFLOPS  (255 regs, 1.7s)
[97/128] -DINTERLEAVE_STRATEGY=3 -DN_STAGES=5 -DSTAGGER_CYCLES=0 ... 1.534 ms / 2855 TFLOPS  (254 regs, 1.6s)
[98/128] -DINTERLEAVE_STRATEGY=3 -DN_STAGES=5 -DSTAGGER_CYCLES=0 -DTMEM_LOAD_WIDTH=64 ... 1.532 ms / 2859 TFLOPS  (255 regs, 1.7s)
[99/128] -DINTERLEAVE_STRATEGY=3 -DN_STAGES=5 -DSTAGGER_CYCLES=40 ... 1.536 ms / 2852 TFLOPS  (255 regs, 1.6s)
[100/128] -DINTERLEAVE_STRATEGY=3 -DN_STAGES=5 -DSTAGGER_CYCLES=40 -DTMEM_LOAD_WIDTH=64 ... 1.528 ms / 2866 TFLOPS  (255 regs, 1.7s)
[101/128] -DINTERLEAVE_STRATEGY=3 -DN_STAGES=5 -DSTAGGER_CYCLES=60 ... 1.543 ms / 2839 TFLOPS  (255 regs, 1.6s)
[102/128] -DINTERLEAVE_STRATEGY=3 -DN_STAGES=5 -DSTAGGER_CYCLES=60 -DTMEM_LOAD_WIDTH=64 ... 1.532 ms / 2859 TFLOPS  (255 regs, 1.7s)
[103/128] -DINTERLEAVE_STRATEGY=3 -DN_STAGES=5 ... 1.545 ms / 2835 TFLOPS  (255 regs, 1.7s)
[104/128] -DINTERLEAVE_STRATEGY=3 -DN_STAGES=5 -DTMEM_LOAD_WIDTH=64 ... 1.550 ms / 2826 TFLOPS  (255 regs, 1.7s)
[105/128] -DINTERLEAVE_STRATEGY=3 -DN_STAGES=5 -DSTAGGER_CYCLES=100 ... 1.538 ms / 2848 TFLOPS  (255 regs, 1.6s)
[106/128] -DINTERLEAVE_STRATEGY=3 -DN_STAGES=5 -DSTAGGER_CYCLES=100 -DTMEM_LOAD_WIDTH=64 ... 1.553 ms / 2821 TFLOPS  (255 regs, 1.7s)
[107/128] -DINTERLEAVE_STRATEGY=3 -DN_STAGES=5 -DSTAGGER_CYCLES=120 ... 1.537 ms / 2851 TFLOPS  (255 regs, 1.6s)
[108/128] -DINTERLEAVE_STRATEGY=3 -DN_STAGES=5 -DSTAGGER_CYCLES=120 -DTMEM_LOAD_WIDTH=64 ... 1.530 ms / 2863 TFLOPS  (255 regs, 1.7s)
[109/128] -DINTERLEAVE_STRATEGY=3 -DN_STAGES=5 -DSTAGGER_CYCLES=160 ... 1.535 ms / 2853 TFLOPS  (255 regs, 1.7s)
[110/128] -DINTERLEAVE_STRATEGY=3 -DN_STAGES=5 -DSTAGGER_CYCLES=160 -DTMEM_LOAD_WIDTH=64 ... 1.548 ms / 2830 TFLOPS  (255 regs, 1.7s)
[111/128] -DINTERLEAVE_STRATEGY=3 -DN_STAGES=5 -DSTAGGER_CYCLES=200 ... 1.532 ms / 2860 TFLOPS  (255 regs, 1.6s)
[112/128] -DINTERLEAVE_STRATEGY=3 -DN_STAGES=5 -DSTAGGER_CYCLES=200 -DTMEM_LOAD_WIDTH=64 ... 1.539 ms / 2846 TFLOPS  (255 regs, 1.7s)
[113/128] -DINTERLEAVE_STRATEGY=3 -DMBAR_EARLY=1 -DN_STAGES=5 -DSTAGGER_CYCLES=0 ... 1.534 ms / 2856 TFLOPS  (254 regs, 1.6s)
[114/128] -DINTERLEAVE_STRATEGY=3 -DMBAR_EARLY=1 -DN_STAGES=5 -DSTAGGER_CYCLES=0 -DTMEM_LOAD_WIDTH=64 ... 1.540 ms / 2844 TFLOPS  (255 regs, 1.7s)
[115/128] -DINTERLEAVE_STRATEGY=3 -DMBAR_EARLY=1 -DN_STAGES=5 -DSTAGGER_CYCLES=40 ... 1.538 ms / 2849 TFLOPS  (255 regs, 1.7s)
[116/128] -DINTERLEAVE_STRATEGY=3 -DMBAR_EARLY=1 -DN_STAGES=5 -DSTAGGER_CYCLES=40 -DTMEM_LOAD_WIDTH=64 ... 1.552 ms / 2822 TFLOPS  (255 regs, 1.8s)
[117/128] -DINTERLEAVE_STRATEGY=3 -DMBAR_EARLY=1 -DN_STAGES=5 -DSTAGGER_CYCLES=60 ... 1.545 ms / 2835 TFLOPS  (255 regs, 1.6s)
[118/128] -DINTERLEAVE_STRATEGY=3 -DMBAR_EARLY=1 -DN_STAGES=5 -DSTAGGER_CYCLES=60 -DTMEM_LOAD_WIDTH=64 ... 1.555 ms / 2817 TFLOPS  (255 regs, 1.7s)
[119/128] -DINTERLEAVE_STRATEGY=3 -DMBAR_EARLY=1 -DN_STAGES=5 ... 1.537 ms / 2849 TFLOPS  (255 regs, 1.7s)
[120/128] -DINTERLEAVE_STRATEGY=3 -DMBAR_EARLY=1 -DN_STAGES=5 -DTMEM_LOAD_WIDTH=64 ... 1.566 ms / 2798 TFLOPS  (255 regs, 1.7s)
[121/128] -DINTERLEAVE_STRATEGY=3 -DMBAR_EARLY=1 -DN_STAGES=5 -DSTAGGER_CYCLES=100 ... 1.535 ms / 2853 TFLOPS  (255 regs, 1.7s)
[122/128] -DINTERLEAVE_STRATEGY=3 -DMBAR_EARLY=1 -DN_STAGES=5 -DSTAGGER_CYCLES=100 -DTMEM_LOAD_WIDTH=64 ... 1.562 ms / 2804 TFLOPS  (255 regs, 1.7s)
[123/128] -DINTERLEAVE_STRATEGY=3 -DMBAR_EARLY=1 -DN_STAGES=5 -DSTAGGER_CYCLES=120 ... 1.535 ms / 2854 TFLOPS  (255 regs, 1.7s)
[124/128] -DINTERLEAVE_STRATEGY=3 -DMBAR_EARLY=1 -DN_STAGES=5 -DSTAGGER_CYCLES=120 -DTMEM_LOAD_WIDTH=64 ... 1.568 ms / 2794 TFLOPS  (255 regs, 1.7s)
[125/128] -DINTERLEAVE_STRATEGY=3 -DMBAR_EARLY=1 -DN_STAGES=5 -DSTAGGER_CYCLES=160 ... 1.529 ms / 2865 TFLOPS  (255 regs, 1.7s)
[126/128] -DINTERLEAVE_STRATEGY=3 -DMBAR_EARLY=1 -DN_STAGES=5 -DSTAGGER_CYCLES=160 -DTMEM_LOAD_WIDTH=64 ... 1.583 ms / 2767 TFLOPS  (255 regs, 1.7s)
[127/128] -DINTERLEAVE_STRATEGY=3 -DMBAR_EARLY=1 -DN_STAGES=5 -DSTAGGER_CYCLES=200 ... 1.532 ms / 2858 TFLOPS  (255 regs, 1.7s)
[128/128] -DINTERLEAVE_STRATEGY=3 -DMBAR_EARLY=1 -DN_STAGES=5 -DSTAGGER_CYCLES=200 -DTMEM_LOAD_WIDTH=64 ... 1.594 ms / 2747 TFLOPS  (255 regs, 1.7s)

Tier 2 winner: -DMBAR_EARLY=1 -DN_STAGES=5 -DSTAGGER_CYCLES=120 -DTMEM_LOAD_WIDTH=64 → 1.510 ms / 2900 TFLOPS

=== Tier 3: PHASE1_UNROLL, SNAKE_ORDER, CVT_ADD_FUSED, K_LOOP_UNROLL, W0_LOOP_UNROLL, SUB_MMA_UNROLL ===
Sweep: 540 total, 540 valid, 0 pruned
Estimated time: ~45 min (540 configs × ~5s each)

[1/540] -DCVT_ADD_FUSED=0 -DK_LOOP_UNROLL=1 -DMBAR_EARLY=1 -DN_STAGES=5 -DPHASE1_UNROLL=1 -DSNAKE_ORDER=0 -DSTAGGER_CYCLES=120 -DTMEM_LOAD_WIDTH=64 ... 2.413 ms / 1815 TFLOPS  (252 regs, 1.7s)
[2/540] -DCVT_ADD_FUSED=0 -DK_LOOP_UNROLL=1 -DMBAR_EARLY=1 -DN_STAGES=5 -DPHASE1_UNROLL=1 -DSNAKE_ORDER=0 -DSTAGGER_CYCLES=120 -DTMEM_LOAD_WIDTH=64 -DW0_LOOP_UNROLL=1 ... 2.446 ms / 1791 TFLOPS  (229 regs, 1.6s)
[3/540] -DCVT_ADD_FUSED=0 -DK_LOOP_UNROLL=1 -DMBAR_EARLY=1 -DN_STAGES=5 -DPHASE1_UNROLL=1 -DSNAKE_ORDER=0 -DSTAGGER_CYCLES=120 -DTMEM_LOAD_WIDTH=64 -DW0_LOOP_UNROLL=4 ... 2.410 ms / 1818 TFLOPS  (229 regs, 1.7s)
[4/540] -DCVT_ADD_FUSED=0 -DK_LOOP_UNROLL=1 -DMBAR_EARLY=1 -DN_STAGES=5 -DPHASE1_UNROLL=1 -DSNAKE_ORDER=0 -DSTAGGER_CYCLES=120 -DSUB_MMA_UNROLL=1 -DTMEM_LOAD_WIDTH=64 ... 2.591 ms / 1691 TFLOPS  (244 regs, 1.7s)
[5/540] -DCVT_ADD_FUSED=0 -DK_LOOP_UNROLL=1 -DMBAR_EARLY=1 -DN_STAGES=5 -DPHASE1_UNROLL=1 -DSNAKE_ORDER=0 -DSTAGGER_CYCLES=120 -DSUB_MMA_UNROLL=1 -DTMEM_LOAD_WIDTH=64 -DW0_LOOP_UNROLL=1 ... 2.587 ms / 1693 TFLOPS  (221 regs, 1.7s)
[6/540] -DCVT_ADD_FUSED=0 -DK_LOOP_UNROLL=1 -DMBAR_EARLY=1 -DN_STAGES=5 -DPHASE1_UNROLL=1 -DSNAKE_ORDER=0 -DSTAGGER_CYCLES=120 -DSUB_MMA_UNROLL=1 -DTMEM_LOAD_WIDTH=64 -DW0_LOOP_UNROLL=4 ... 2.541 ms / 1724 TFLOPS  (221 regs, 1.6s)
[7/540] -DCVT_ADD_FUSED=0 -DK_LOOP_UNROLL=1 -DMBAR_EARLY=1 -DN_STAGES=5 -DPHASE1_UNROLL=1 -DSNAKE_ORDER=0 -DSTAGGER_CYCLES=120 -DSUB_MMA_UNROLL=3 -DTMEM_LOAD_WIDTH=64 ... 2.429 ms / 1803 TFLOPS  (252 regs, 1.7s)
[8/540] -DCVT_ADD_FUSED=0 -DK_LOOP_UNROLL=1 -DMBAR_EARLY=1 -DN_STAGES=5 -DPHASE1_UNROLL=1 -DSNAKE_ORDER=0 -DSTAGGER_CYCLES=120 -DSUB_MMA_UNROLL=3 -DTMEM_LOAD_WIDTH=64 -DW0_LOOP_UNROLL=1 ... 2.430 ms / 1803 TFLOPS  (229 regs, 1.6s)
[9/540] -DCVT_ADD_FUSED=0 -DK_LOOP_UNROLL=1 -DMBAR_EARLY=1 -DN_STAGES=5 -DPHASE1_UNROLL=1 -DSNAKE_ORDER=0 -DSTAGGER_CYCLES=120 -DSUB_MMA_UNROLL=3 -DTMEM_LOAD_WIDTH=64 -DW0_LOOP_UNROLL=4 ... 2.393 ms / 1830 TFLOPS  (229 regs, 1.7s)
[10/540] -DCVT_ADD_FUSED=0 -DK_LOOP_UNROLL=1 -DMBAR_EARLY=1 -DN_STAGES=5 -DPHASE1_UNROLL=1 -DSTAGGER_CYCLES=120 -DTMEM_LOAD_WIDTH=64 ... 2.433 ms / 1800 TFLOPS  (252 regs, 1.7s)
[11/540] -DCVT_ADD_FUSED=0 -DK_LOOP_UNROLL=1 -DMBAR_EARLY=1 -DN_STAGES=5 -DPHASE1_UNROLL=1 -DSTAGGER_CYCLES=120 -DTMEM_LOAD_WIDTH=64 -DW0_LOOP_UNROLL=1 ... 2.428 ms / 1804 TFLOPS  (229 regs, 1.6s)
[12/540] -DCVT_ADD_FUSED=0 -DK_LOOP_UNROLL=1 -DMBAR_EARLY=1 -DN_STAGES=5 -DPHASE1_UNROLL=1 -DSTAGGER_CYCLES=120 -DTMEM_LOAD_WIDTH=64 -DW0_LOOP_UNROLL=4 ... 2.424 ms / 1807 TFLOPS  (229 regs, 1.6s)
[13/540] -DCVT_ADD_FUSED=0 -DK_LOOP_UNROLL=1 -DMBAR_EARLY=1 -DN_STAGES=5 -DPHASE1_UNROLL=1 -DSTAGGER_CYCLES=120 -DSUB_MMA_UNROLL=1 -DTMEM_LOAD_WIDTH=64 ... 2.570 ms / 1704 TFLOPS  (244 regs, 1.7s)
[14/540] -DCVT_ADD_FUSED=0 -DK_LOOP_UNROLL=1 -DMBAR_EARLY=1 -DN_STAGES=5 -DPHASE1_UNROLL=1 -DSTAGGER_CYCLES=120 -DSUB_MMA_UNROLL=1 -DTMEM_LOAD_WIDTH=64 -DW0_LOOP_UNROLL=1 ... 2.563 ms / 1709 TFLOPS  (221 regs, 1.6s)
[15/540] -DCVT_ADD_FUSED=0 -DK_LOOP_UNROLL=1 -DMBAR_EARLY=1 -DN_STAGES=5 -DPHASE1_UNROLL=1 -DSTAGGER_CYCLES=120 -DSUB_MMA_UNROLL=1 -DTMEM_LOAD_WIDTH=64 -DW0_LOOP_UNROLL=4 ... 2.575 ms / 1701 TFLOPS  (221 regs, 1.6s)
[16/540] -DCVT_ADD_FUSED=0 -DK_LOOP_UNROLL=1 -DMBAR_EARLY=1 -DN_STAGES=5 -DPHASE1_UNROLL=1 -DSTAGGER_CYCLES=120 -DSUB_MMA_UNROLL=3 -DTMEM_LOAD_WIDTH=64 ... 2.435 ms / 1798 TFLOPS  (252 regs, 1.7s)
[17/540] -DCVT_ADD_FUSED=0 -DK_LOOP_UNROLL=1 -DMBAR_EARLY=1 -DN_STAGES=5 -DPHASE1_UNROLL=1 -DSTAGGER_CYCLES=120 -DSUB_MMA_UNROLL=3 -DTMEM_LOAD_WIDTH=64 -DW0_LOOP_UNROLL=1 ... 2.444 ms / 1792 TFLOPS  (229 regs, 1.6s)
[18/540] -DCVT_ADD_FUSED=0 -DK_LOOP_UNROLL=1 -DMBAR_EARLY=1 -DN_STAGES=5 -DPHASE1_UNROLL=1 -DSTAGGER_CYCLES=120 -DSUB_MMA_UNROLL=3 -DTMEM_LOAD_WIDTH=64 -DW0_LOOP_UNROLL=4 ... 2.433 ms / 1800 TFLOPS  (229 regs, 1.7s)
[19/540] -DCVT_ADD_FUSED=0 -DK_LOOP_UNROLL=1 -DMBAR_EARLY=1 -DN_STAGES=5 -DSNAKE_ORDER=0 -DSTAGGER_CYCLES=120 -DTMEM_LOAD_WIDTH=64 ... 2.414 ms / 1815 TFLOPS  (255 regs, 1.7s)
[20/540] -DCVT_ADD_FUSED=0 -DK_LOOP_UNROLL=1 -DMBAR_EARLY=1 -DN_STAGES=5 -DSNAKE_ORDER=0 -DSTAGGER_CYCLES=120 -DTMEM_LOAD_WIDTH=64 -DW0_LOOP_UNROLL=1 ... 2.407 ms / 1820 TFLOPS  (248 regs, 1.7s)
[21/540] -DCVT_ADD_FUSED=0 -DK_LOOP_UNROLL=1 -DMBAR_EARLY=1 -DN_STAGES=5 -DSNAKE_ORDER=0 -DSTAGGER_CYCLES=120 -DTMEM_LOAD_WIDTH=64 -DW0_LOOP_UNROLL=4 ... 2.398 ms / 1826 TFLOPS  (248 regs, 1.7s)
[22/540] -DCVT_ADD_FUSED=0 -DK_LOOP_UNROLL=1 -DMBAR_EARLY=1 -DN_STAGES=5 -DSNAKE_ORDER=0 -DSTAGGER_CYCLES=120 -DSUB_MMA_UNROLL=1 -DTMEM_LOAD_WIDTH=64 ... 2.551 ms / 1717 TFLOPS  (252 regs, 1.7s)
[23/540] -DCVT_ADD_FUSED=0 -DK_LOOP_UNROLL=1 -DMBAR_EARLY=1 -DN_STAGES=5 -DSNAKE_ORDER=0 -DSTAGGER_CYCLES=120 -DSUB_MMA_UNROLL=1 -DTMEM_LOAD_WIDTH=64 -DW0_LOOP_UNROLL=1 ... 2.538 ms / 1726 TFLOPS  (243 regs, 1.7s)
[24/540] -DCVT_ADD_FUSED=0 -DK_LOOP_UNROLL=1 -DMBAR_EARLY=1 -DN_STAGES=5 -DSNAKE_ORDER=0 -DSTAGGER_CYCLES=120 -DSUB_MMA_UNROLL=1 -DTMEM_LOAD_WIDTH=64 -DW0_LOOP_UNROLL=4 ... 2.553 ms / 1716 TFLOPS  (243 regs, 1.7s)
[25/540] -DCVT_ADD_FUSED=0 -DK_LOOP_UNROLL=1 -DMBAR_EARLY=1 -DN_STAGES=5 -DSNAKE_ORDER=0 -DSTAGGER_CYCLES=120 -DSUB_MMA_UNROLL=3 -DTMEM_LOAD_WIDTH=64 ... 2.433 ms / 1800 TFLOPS  (255 regs, 1.7s)
[26/540] -DCVT_ADD_FUSED=0 -DK_LOOP_UNROLL=1 -DMBAR_EARLY=1 -DN_STAGES=5 -DSNAKE_ORDER=0 -DSTAGGER_CYCLES=120 -DSUB_MMA_UNROLL=3 -DTMEM_LOAD_WIDTH=64 -DW0_LOOP_UNROLL=1 ... 2.393 ms / 1831 TFLOPS  (248 regs, 1.7s)
[27/540] -DCVT_ADD_FUSED=0 -DK_LOOP_UNROLL=1 -DMBAR_EARLY=1 -DN_STAGES=5 -DSNAKE_ORDER=0 -DSTAGGER_CYCLES=120 -DSUB_MMA_UNROLL=3 -DTMEM_LOAD_WIDTH=64 -DW0_LOOP_UNROLL=4 ... 2.397 ms / 1827 TFLOPS  (248 regs, 1.7s)
[28/540] -DCVT_ADD_FUSED=0 -DK_LOOP_UNROLL=1 -DMBAR_EARLY=1 -DN_STAGES=5 -DSTAGGER_CYCLES=120 -DTMEM_LOAD_WIDTH=64 ... 2.409 ms / 1818 TFLOPS  (255 regs, 1.7s)
[29/540] -DCVT_ADD_FUSED=0 -DK_LOOP_UNROLL=1 -DMBAR_EARLY=1 -DN_STAGES=5 -DSTAGGER_CYCLES=120 -DTMEM_LOAD_WIDTH=64 -DW0_LOOP_UNROLL=1 ... 2.402 ms / 1823 TFLOPS  (248 regs, 1.7s)
[30/540] -DCVT_ADD_FUSED=0 -DK_LOOP_UNROLL=1 -DMBAR_EARLY=1 -DN_STAGES=5 -DSTAGGER_CYCLES=120 -DTMEM_LOAD_WIDTH=64 -DW0_LOOP_UNROLL=4 ... 2.394 ms / 1830 TFLOPS  (248 regs, 1.7s)
[31/540] -DCVT_ADD_FUSED=0 -DK_LOOP_UNROLL=1 -DMBAR_EARLY=1 -DN_STAGES=5 -DSTAGGER_CYCLES=120 -DSUB_MMA_UNROLL=1 -DTMEM_LOAD_WIDTH=64 ... 2.573 ms / 1702 TFLOPS  (252 regs, 1.7s)
[32/540] -DCVT_ADD_FUSED=0 -DK_LOOP_UNROLL=1 -DMBAR_EARLY=1 -DN_STAGES=5 -DSTAGGER_CYCLES=120 -DSUB_MMA_UNROLL=1 -DTMEM_LOAD_WIDTH=64 -DW0_LOOP_UNROLL=1 ... 2.541 ms / 1724 TFLOPS  (243 regs, 1.7s)
[33/540] -DCVT_ADD_FUSED=0 -DK_LOOP_UNROLL=1 -DMBAR_EARLY=1 -DN_STAGES=5 -DSTAGGER_CYCLES=120 -DSUB_MMA_UNROLL=1 -DTMEM_LOAD_WIDTH=64 -DW0_LOOP_UNROLL=4 ... 2.532 ms / 1730 TFLOPS  (243 regs, 1.7s)
[34/540] -DCVT_ADD_FUSED=0 -DK_LOOP_UNROLL=1 -DMBAR_EARLY=1 -DN_STAGES=5 -DSTAGGER_CYCLES=120 -DSUB_MMA_UNROLL=3 -DTMEM_LOAD_WIDTH=64 ... 2.435 ms / 1799 TFLOPS  (255 regs, 1.7s)
[35/540] -DCVT_ADD_FUSED=0 -DK_LOOP_UNROLL=1 -DMBAR_EARLY=1 -DN_STAGES=5 -DSTAGGER_CYCLES=120 -DSUB_MMA_UNROLL=3 -DTMEM_LOAD_WIDTH=64 -DW0_LOOP_UNROLL=1 ... 2.408 ms / 1819 TFLOPS  (248 regs, 1.7s)
[36/540] -DCVT_ADD_FUSED=0 -DK_LOOP_UNROLL=1 -DMBAR_EARLY=1 -DN_STAGES=5 -DSTAGGER_CYCLES=120 -DSUB_MMA_UNROLL=3 -DTMEM_LOAD_WIDTH=64 -DW0_LOOP_UNROLL=4 ... 2.397 ms / 1827 TFLOPS  (248 regs, 1.7s)
[37/540] -DCVT_ADD_FUSED=0 -DK_LOOP_UNROLL=1 -DMBAR_EARLY=1 -DN_STAGES=5 -DPHASE1_UNROLL=4 -DSNAKE_ORDER=0 -DSTAGGER_CYCLES=120 -DTMEM_LOAD_WIDTH=64 ... 2.443 ms / 1793 TFLOPS  (253 regs, 1.8s)
[38/540] -DCVT_ADD_FUSED=0 -DK_LOOP_UNROLL=1 -DMBAR_EARLY=1 -DN_STAGES=5 -DPHASE1_UNROLL=4 -DSNAKE_ORDER=0 -DSTAGGER_CYCLES=120 -DTMEM_LOAD_WIDTH=64 -DW0_LOOP_UNROLL=1 ... 2.475 ms / 1770 TFLOPS  (245 regs, 1.8s)
[39/540] -DCVT_ADD_FUSED=0 -DK_LOOP_UNROLL=1 -DMBAR_EARLY=1 -DN_STAGES=5 -DPHASE1_UNROLL=4 -DSNAKE_ORDER=0 -DSTAGGER_CYCLES=120 -DTMEM_LOAD_WIDTH=64 -DW0_LOOP_UNROLL=4 ... 2.455 ms / 1784 TFLOPS  (245 regs, 1.8s)
[40/540] -DCVT_ADD_FUSED=0 -DK_LOOP_UNROLL=1 -DMBAR_EARLY=1 -DN_STAGES=5 -DPHASE1_UNROLL=4 -DSNAKE_ORDER=0 -DSTAGGER_CYCLES=120 -DSUB_MMA_UNROLL=1 -DTMEM_LOAD_WIDTH=64 ... 2.633 ms / 1664 TFLOPS  (252 regs, 1.8s)
[41/540] -DCVT_ADD_FUSED=0 -DK_LOOP_UNROLL=1 -DMBAR_EARLY=1 -DN_STAGES=5 -DPHASE1_UNROLL=4 -DSNAKE_ORDER=0 -DSTAGGER_CYCLES=120 -DSUB_MMA_UNROLL=1 -DTMEM_LOAD_WIDTH=64 -DW0_LOOP_UNROLL=1 ... 2.555 ms / 1715 TFLOPS  (242 regs, 1.8s)
[42/540] -DCVT_ADD_FUSED=0 -DK_LOOP_UNROLL=1 -DMBAR_EARLY=1 -DN_STAGES=5 -DPHASE1_UNROLL=4 -DSNAKE_ORDER=0 -DSTAGGER_CYCLES=120 -DSUB_MMA_UNROLL=1 -DTMEM_LOAD_WIDTH=64 -DW0_LOOP_UNROLL=4 ... 2.547 ms / 1719 TFLOPS  (242 regs, 1.8s)
[43/540] -DCVT_ADD_FUSED=0 -DK_LOOP_UNROLL=1 -DMBAR_EARLY=1 -DN_STAGES=5 -DPHASE1_UNROLL=4 -DSNAKE_ORDER=0 -DSTAGGER_CYCLES=120 -DSUB_MMA_UNROLL=3 -DTMEM_LOAD_WIDTH=64 ... 2.437 ms / 1797 TFLOPS  (253 regs, 1.8s)
[44/540] -DCVT_ADD_FUSED=0 -DK_LOOP_UNROLL=1 -DMBAR_EARLY=1 -DN_STAGES=5 -DPHASE1_UNROLL=4 -DSNAKE_ORDER=0 -DSTAGGER_CYCLES=120 -DSUB_MMA_UNROLL=3 -DTMEM_LOAD_WIDTH=64 -DW0_LOOP_UNROLL=1 ... 2.480 ms / 1766 TFLOPS  (245 regs, 1.7s)
[45/540] -DCVT_ADD_FUSED=0 -DK_LOOP_UNROLL=1 -DMBAR_EARLY=1 -DN_STAGES=5 -DPHASE1_UNROLL=4 -DSNAKE_ORDER=0 -DSTAGGER_CYCLES=120 -DSUB_MMA_UNROLL=3 -DTMEM_LOAD_WIDTH=64 -DW0_LOOP_UNROLL=4 ... 2.467 ms / 1776 TFLOPS  (245 regs, 1.8s)
[46/540] -DCVT_ADD_FUSED=0 -DK_LOOP_UNROLL=1 -DMBAR_EARLY=1 -DN_STAGES=5 -DPHASE1_UNROLL=4 -DSTAGGER_CYCLES=120 -DTMEM_LOAD_WIDTH=64 ... 2.439 ms / 1796 TFLOPS  (253 regs, 1.8s)
[47/540] -DCVT_ADD_FUSED=0 -DK_LOOP_UNROLL=1 -DMBAR_EARLY=1 -DN_STAGES=5 -DPHASE1_UNROLL=4 -DSTAGGER_CYCLES=120 -DTMEM_LOAD_WIDTH=64 -DW0_LOOP_UNROLL=1 ... 2.475 ms / 1770 TFLOPS  (245 regs, 1.8s)
[48/540] -DCVT_ADD_FUSED=0 -DK_LOOP_UNROLL=1 -DMBAR_EARLY=1 -DN_STAGES=5 -DPHASE1_UNROLL=4 -DSTAGGER_CYCLES=120 -DTMEM_LOAD_WIDTH=64 -DW0_LOOP_UNROLL=4 ... 2.462 ms / 1779 TFLOPS  (245 regs, 1.8s)
[49/540] -DCVT_ADD_FUSED=0 -DK_LOOP_UNROLL=1 -DMBAR_EARLY=1 -DN_STAGES=5 -DPHASE1_UNROLL=4 -DSTAGGER_CYCLES=120 -DSUB_MMA_UNROLL=1 -DTMEM_LOAD_WIDTH=64 ... 2.648 ms / 1654 TFLOPS  (252 regs, 1.8s)
[50/540] -DCVT_ADD_FUSED=0 -DK_LOOP_UNROLL=1 -DMBAR_EARLY=1 -DN_STAGES=5 -DPHASE1_UNROLL=4 -DSTAGGER_CYCLES=120 -DSUB_MMA_UNROLL=1 -DTMEM_LOAD_WIDTH=64 -DW0_LOOP_UNROLL=1 ... 2.550 ms / 1718 TFLOPS  (242 regs, 1.8s)
[51/540] -DCVT_ADD_FUSED=0 -DK_LOOP_UNROLL=1 -DMBAR_EARLY=1 -DN_STAGES=5 -DPHASE1_UNROLL=4 -DSTAGGER_CYCLES=120 -DSUB_MMA_UNROLL=1 -DTMEM_LOAD_WIDTH=64 -DW0_LOOP_UNROLL=4 ... 2.581 ms / 1697 TFLOPS  (242 regs, 1.8s)
[52/540] -DCVT_ADD_FUSED=0 -DK_LOOP_UNROLL=1 -DMBAR_EARLY=1 -DN_STAGES=5 -DPHASE1_UNROLL=4 -DSTAGGER_CYCLES=120 -DSUB_MMA_UNROLL=3 -DTMEM_LOAD_WIDTH=64 ... 2.434 ms / 1800 TFLOPS  (253 regs, 1.8s)
[53/540] -DCVT_ADD_FUSED=0 -DK_LOOP_UNROLL=1 -DMBAR_EARLY=1 -DN_STAGES=5 -DPHASE1_UNROLL=4 -DSTAGGER_CYCLES=120 -DSUB_MMA_UNROLL=3 -DTMEM_LOAD_WIDTH=64 -DW0_LOOP_UNROLL=1 ... 2.482 ms / 1765 TFLOPS  (245 regs, 1.8s)
[54/540] -DCVT_ADD_FUSED=0 -DK_LOOP_UNROLL=1 -DMBAR_EARLY=1 -DN_STAGES=5 -DPHASE1_UNROLL=4 -DSTAGGER_CYCLES=120 -DSUB_MMA_UNROLL=3 -DTMEM_LOAD_WIDTH=64 -DW0_LOOP_UNROLL=4 ... 2.474 ms / 1770 TFLOPS  (245 regs, 1.8s)
[55/540] -DCVT_ADD_FUSED=0 -DK_LOOP_UNROLL=2 -DMBAR_EARLY=1 -DN_STAGES=5 -DPHASE1_UNROLL=1 -DSNAKE_ORDER=0 -DSTAGGER_CYCLES=120 -DTMEM_LOAD_WIDTH=64 ... 2.404 ms / 1822 TFLOPS  (252 regs, 1.7s)
[56/540] -DCVT_ADD_FUSED=0 -DK_LOOP_UNROLL=2 -DMBAR_EARLY=1 -DN_STAGES=5 -DPHASE1_UNROLL=1 -DSNAKE_ORDER=0 -DSTAGGER_CYCLES=120 -DTMEM_LOAD_WIDTH=64 -DW0_LOOP_UNROLL=1 ... 2.424 ms / 1807 TFLOPS  (229 regs, 1.6s)
[57/540] -DCVT_ADD_FUSED=0 -DK_LOOP_UNROLL=2 -DMBAR_EARLY=1 -DN_STAGES=5 -DPHASE1_UNROLL=1 -DSNAKE_ORDER=0 -DSTAGGER_CYCLES=120 -DTMEM_LOAD_WIDTH=64 -DW0_LOOP_UNROLL=4 ... 2.407 ms / 1819 TFLOPS  (229 regs, 1.6s)
[58/540] -DCVT_ADD_FUSED=0 -DK_LOOP_UNROLL=2 -DMBAR_EARLY=1 -DN_STAGES=5 -DPHASE1_UNROLL=1 -DSNAKE_ORDER=0 -DSTAGGER_CYCLES=120 -DSUB_MMA_UNROLL=1 -DTMEM_LOAD_WIDTH=64 ... 2.552 ms / 1717 TFLOPS  (244 regs, 1.7s)
[59/540] -DCVT_ADD_FUSED=0 -DK_LOOP_UNROLL=2 -DMBAR_EARLY=1 -DN_STAGES=5 -DPHASE1_UNROLL=1 -DSNAKE_ORDER=0 -DSTAGGER_CYCLES=120 -DSUB_MMA_UNROLL=1 -DTMEM_LOAD_WIDTH=64 -DW0_LOOP_UNROLL=1 ... 2.548 ms / 1719 TFLOPS  (221 regs, 1.6s)
[60/540] -DCVT_ADD_FUSED=0 -DK_LOOP_UNROLL=2 -DMBAR_EARLY=1 -DN_STAGES=5 -DPHASE1_UNROLL=1 -DSNAKE_ORDER=0 -DSTAGGER_CYCLES=120 -DSUB_MMA_UNROLL=1 -DTMEM_LOAD_WIDTH=64 -DW0_LOOP_UNROLL=4 ... 2.544 ms / 1722 TFLOPS  (221 regs, 1.6s)
[61/540] -DCVT_ADD_FUSED=0 -DK_LOOP_UNROLL=2 -DMBAR_EARLY=1 -DN_STAGES=5 -DPHASE1_UNROLL=1 -DSNAKE_ORDER=0 -DSTAGGER_CYCLES=120 -DSUB_MMA_UNROLL=3 -DTMEM_LOAD_WIDTH=64 ... 2.419 ms / 1810 TFLOPS  (252 regs, 1.7s)
[62/540] -DCVT_ADD_FUSED=0 -DK_LOOP_UNROLL=2 -DMBAR_EARLY=1 -DN_STAGES=5 -DPHASE1_UNROLL=1 -DSNAKE_ORDER=0 -DSTAGGER_CYCLES=120 -DSUB_MMA_UNROLL=3 -DTMEM_LOAD_WIDTH=64 -DW0_LOOP_UNROLL=1 ... 2.427 ms / 1805 TFLOPS  (229 regs, 1.6s)
[63/540] -DCVT_ADD_FUSED=0 -DK_LOOP_UNROLL=2 -DMBAR_EARLY=1 -DN_STAGES=5 -DPHASE1_UNROLL=1 -DSNAKE_ORDER=0 -DSTAGGER_CYCLES=120 -DSUB_MMA_UNROLL=3 -DTMEM_LOAD_WIDTH=64 -DW0_LOOP_UNROLL=4 ... 2.408 ms / 1819 TFLOPS  (229 regs, 1.6s)
[64/540] -DCVT_ADD_FUSED=0 -DK_LOOP_UNROLL=2 -DMBAR_EARLY=1 -DN_STAGES=5 -DPHASE1_UNROLL=1 -DSTAGGER_CYCLES=120 -DTMEM_LOAD_WIDTH=64 ... 2.425 ms / 1806 TFLOPS  (252 regs, 1.7s)
[65/540] -DCVT_ADD_FUSED=0 -DK_LOOP_UNROLL=2 -DMBAR_EARLY=1 -DN_STAGES=5 -DPHASE1_UNROLL=1 -DSTAGGER_CYCLES=120 -DTMEM_LOAD_WIDTH=64 -DW0_LOOP_UNROLL=1 ... 2.424 ms / 1807 TFLOPS  (229 regs, 1.6s)
[66/540] -DCVT_ADD_FUSED=0 -DK_LOOP_UNROLL=2 -DMBAR_EARLY=1 -DN_STAGES=5 -DPHASE1_UNROLL=1 -DSTAGGER_CYCLES=120 -DTMEM_LOAD_WIDTH=64 -DW0_LOOP_UNROLL=4 ... 2.408 ms / 1819 TFLOPS  (229 regs, 1.6s)
[67/540] -DCVT_ADD_FUSED=0 -DK_LOOP_UNROLL=2 -DMBAR_EARLY=1 -DN_STAGES=5 -DPHASE1_UNROLL=1 -DSTAGGER_CYCLES=120 -DSUB_MMA_UNROLL=1 -DTMEM_LOAD_WIDTH=64 ... 2.552 ms / 1716 TFLOPS  (244 regs, 1.7s)
[68/540] -DCVT_ADD_FUSED=0 -DK_LOOP_UNROLL=2 -DMBAR_EARLY=1 -DN_STAGES=5 -DPHASE1_UNROLL=1 -DSTAGGER_CYCLES=120 -DSUB_MMA_UNROLL=1 -DTMEM_LOAD_WIDTH=64 -DW0_LOOP_UNROLL=1 ... 2.536 ms / 1727 TFLOPS  (221 regs, 1.7s)
[69/540] -DCVT_ADD_FUSED=0 -DK_LOOP_UNROLL=2 -DMBAR_EARLY=1 -DN_STAGES=5 -DPHASE1_UNROLL=1 -DSTAGGER_CYCLES=120 -DSUB_MMA_UNROLL=1 -DTMEM_LOAD_WIDTH=64 -DW0_LOOP_UNROLL=4 ... 2.551 ms / 1717 TFLOPS  (221 regs, 1.7s)
[70/540] -DCVT_ADD_FUSED=0 -DK_LOOP_UNROLL=2 -DMBAR_EARLY=1 -DN_STAGES=5 -DPHASE1_UNROLL=1 -DSTAGGER_CYCLES=120 -DSUB_MMA_UNROLL=3 -DTMEM_LOAD_WIDTH=64 ... 2.418 ms / 1811 TFLOPS  (252 regs, 1.7s)
[71/540] -DCVT_ADD_FUSED=0 -DK_LOOP_UNROLL=2 -DMBAR_EARLY=1 -DN_STAGES=5 -DPHASE1_UNROLL=1 -DSTAGGER_CYCLES=120 -DSUB_MMA_UNROLL=3 -DTMEM_LOAD_WIDTH=64 -DW0_LOOP_UNROLL=1 ... 2.426 ms / 1806 TFLOPS  (229 regs, 1.7s)
[72/540] -DCVT_ADD_FUSED=0 -DK_LOOP_UNROLL=2 -DMBAR_EARLY=1 -DN_STAGES=5 -DPHASE1_UNROLL=1 -DSTAGGER_CYCLES=120 -DSUB_MMA_UNROLL=3 -DTMEM_LOAD_WIDTH=64 -DW0_LOOP_UNROLL=4 ... 2.419 ms / 1811 TFLOPS  (229 regs, 1.7s)
[73/540] -DCVT_ADD_FUSED=0 -DK_LOOP_UNROLL=2 -DMBAR_EARLY=1 -DN_STAGES=5 -DSNAKE_ORDER=0 -DSTAGGER_CYCLES=120 -DTMEM_LOAD_WIDTH=64 ... 2.404 ms / 1822 TFLOPS  (255 regs, 1.8s)
[74/540] -DCVT_ADD_FUSED=0 -DK_LOOP_UNROLL=2 -DMBAR_EARLY=1 -DN_STAGES=5 -DSNAKE_ORDER=0 -DSTAGGER_CYCLES=120 -DTMEM_LOAD_WIDTH=64 -DW0_LOOP_UNROLL=1 ... 2.407 ms / 1820 TFLOPS  (248 regs, 1.7s)
[75/540] -DCVT_ADD_FUSED=0 -DK_LOOP_UNROLL=2 -DMBAR_EARLY=1 -DN_STAGES=5 -DSNAKE_ORDER=0 -DSTAGGER_CYCLES=120 -DTMEM_LOAD_WIDTH=64 -DW0_LOOP_UNROLL=4 ... 2.395 ms / 1829 TFLOPS  (248 regs, 1.7s)
[76/540] -DCVT_ADD_FUSED=0 -DK_LOOP_UNROLL=2 -DMBAR_EARLY=1 -DN_STAGES=5 -DSNAKE_ORDER=0 -DSTAGGER_CYCLES=120 -DSUB_MMA_UNROLL=1 -DTMEM_LOAD_WIDTH=64 ... 2.530 ms / 1731 TFLOPS  (252 regs, 1.7s)
[77/540] -DCVT_ADD_FUSED=0 -DK_LOOP_UNROLL=2 -DMBAR_EARLY=1 -DN_STAGES=5 -DSNAKE_ORDER=0 -DSTAGGER_CYCLES=120 -DSUB_MMA_UNROLL=1 -DTMEM_LOAD_WIDTH=64 -DW0_LOOP_UNROLL=1 ... 2.505 ms / 1748 TFLOPS  (243 regs, 1.7s)
[78/540] -DCVT_ADD_FUSED=0 -DK_LOOP_UNROLL=2 -DMBAR_EARLY=1 -DN_STAGES=5 -DSNAKE_ORDER=0 -DSTAGGER_CYCLES=120 -DSUB_MMA_UNROLL=1 -DTMEM_LOAD_WIDTH=64 -DW0_LOOP_UNROLL=4 ... 2.526 ms / 1734 TFLOPS  (243 regs, 1.7s)
[79/540] -DCVT_ADD_FUSED=0 -DK_LOOP_UNROLL=2 -DMBAR_EARLY=1 -DN_STAGES=5 -DSNAKE_ORDER=0 -DSTAGGER_CYCLES=120 -DSUB_MMA_UNROLL=3 -DTMEM_LOAD_WIDTH=64 ... 2.417 ms / 1812 TFLOPS  (255 regs, 1.8s)
[80/540] -DCVT_ADD_FUSED=0 -DK_LOOP_UNROLL=2 -DMBAR_EARLY=1 -DN_STAGES=5 -DSNAKE_ORDER=0 -DSTAGGER_CYCLES=120 -DSUB_MMA_UNROLL=3 -DTMEM_LOAD_WIDTH=64 -DW0_LOOP_UNROLL=1 ... 2.407 ms / 1820 TFLOPS  (248 regs, 1.7s)
[81/540] -DCVT_ADD_FUSED=0 -DK_LOOP_UNROLL=2 -DMBAR_EARLY=1 -DN_STAGES=5 -DSNAKE_ORDER=0 -DSTAGGER_CYCLES=120 -DSUB_MMA_UNROLL=3 -DTMEM_LOAD_WIDTH=64 -DW0_LOOP_UNROLL=4 ... 2.395 ms / 1829 TFLOPS  (248 regs, 1.7s)
[82/540] -DCVT_ADD_FUSED=0 -DK_LOOP_UNROLL=2 -DMBAR_EARLY=1 -DN_STAGES=5 -DSTAGGER_CYCLES=120 -DTMEM_LOAD_WIDTH=64 ... 2.400 ms / 1825 TFLOPS  (255 regs, 1.8s)
[83/540] -DCVT_ADD_FUSED=0 -DK_LOOP_UNROLL=2 -DMBAR_EARLY=1 -DN_STAGES=5 -DSTAGGER_CYCLES=120 -DTMEM_LOAD_WIDTH=64 -DW0_LOOP_UNROLL=1 ... 2.415 ms / 1814 TFLOPS  (248 regs, 1.7s)
[84/540] -DCVT_ADD_FUSED=0 -DK_LOOP_UNROLL=2 -DMBAR_EARLY=1 -DN_STAGES=5 -DSTAGGER_CYCLES=120 -DTMEM_LOAD_WIDTH=64 -DW0_LOOP_UNROLL=4 ... 2.410 ms / 1817 TFLOPS  (248 regs, 1.7s)
[85/540] -DCVT_ADD_FUSED=0 -DK_LOOP_UNROLL=2 -DMBAR_EARLY=1 -DN_STAGES=5 -DSTAGGER_CYCLES=120 -DSUB_MMA_UNROLL=1 -DTMEM_LOAD_WIDTH=64 ... 2.553 ms / 1716 TFLOPS  (252 regs, 1.7s)
[86/540] -DCVT_ADD_FUSED=0 -DK_LOOP_UNROLL=2 -DMBAR_EARLY=1 -DN_STAGES=5 -DSTAGGER_CYCLES=120 -DSUB_MMA_UNROLL=1 -DTMEM_LOAD_WIDTH=64 -DW0_LOOP_UNROLL=1 ... 2.533 ms / 1729 TFLOPS  (243 regs, 1.7s)
[87/540] -DCVT_ADD_FUSED=0 -DK_LOOP_UNROLL=2 -DMBAR_EARLY=1 -DN_STAGES=5 -DSTAGGER_CYCLES=120 -DSUB_MMA_UNROLL=1 -DTMEM_LOAD_WIDTH=64 -DW0_LOOP_UNROLL=4 ... 2.514 ms / 1743 TFLOPS  (243 regs, 1.7s)
[88/540] -DCVT_ADD_FUSED=0 -DK_LOOP_UNROLL=2 -DMBAR_EARLY=1 -DN_STAGES=5 -DSTAGGER_CYCLES=120 -DSUB_MMA_UNROLL=3 -DTMEM_LOAD_WIDTH=64 ... 2.409 ms / 1818 TFLOPS  (255 regs, 1.7s)
[89/540] -DCVT_ADD_FUSED=0 -DK_LOOP_UNROLL=2 -DMBAR_EARLY=1 -DN_STAGES=5 -DSTAGGER_CYCLES=120 -DSUB_MMA_UNROLL=3 -DTMEM_LOAD_WIDTH=64 -DW0_LOOP_UNROLL=1 ... 2.393 ms / 1830 TFLOPS  (248 regs, 1.7s)
[90/540] -DCVT_ADD_FUSED=0 -DK_LOOP_UNROLL=2 -DMBAR_EARLY=1 -DN_STAGES=5 -DSTAGGER_CYCLES=120 -DSUB_MMA_UNROLL=3 -DTMEM_LOAD_WIDTH=64 -DW0_LOOP_UNROLL=4 ... 2.408 ms / 1819 TFLOPS  (248 regs, 1.7s)
[91/540] -DCVT_ADD_FUSED=0 -DK_LOOP_UNROLL=2 -DMBAR_EARLY=1 -DN_STAGES=5 -DPHASE1_UNROLL=4 -DSNAKE_ORDER=0 -DSTAGGER_CYCLES=120 -DTMEM_LOAD_WIDTH=64 ... 2.438 ms / 1796 TFLOPS  (253 regs, 1.8s)
[92/540] -DCVT_ADD_FUSED=0 -DK_LOOP_UNROLL=2 -DMBAR_EARLY=1 -DN_STAGES=5 -DPHASE1_UNROLL=4 -DSNAKE_ORDER=0 -DSTAGGER_CYCLES=120 -DTMEM_LOAD_WIDTH=64 -DW0_LOOP_UNROLL=1 ... 2.463 ms / 1778 TFLOPS  (245 regs, 1.8s)
[93/540] -DCVT_ADD_FUSED=0 -DK_LOOP_UNROLL=2 -DMBAR_EARLY=1 -DN_STAGES=5 -DPHASE1_UNROLL=4 -DSNAKE_ORDER=0 -DSTAGGER_CYCLES=120 -DTMEM_LOAD_WIDTH=64 -DW0_LOOP_UNROLL=4 ... 2.460 ms / 1780 TFLOPS  (245 regs, 1.8s)
[94/540] -DCVT_ADD_FUSED=0 -DK_LOOP_UNROLL=2 -DMBAR_EARLY=1 -DN_STAGES=5 -DPHASE1_UNROLL=4 -DSNAKE_ORDER=0 -DSTAGGER_CYCLES=120 -DSUB_MMA_UNROLL=1 -DTMEM_LOAD_WIDTH=64 ... 2.609 ms / 1679 TFLOPS  (252 regs, 1.8s)
[95/540] -DCVT_ADD_FUSED=0 -DK_LOOP_UNROLL=2 -DMBAR_EARLY=1 -DN_STAGES=5 -DPHASE1_UNROLL=4 -DSNAKE_ORDER=0 -DSTAGGER_CYCLES=120 -DSUB_MMA_UNROLL=1 -DTMEM_LOAD_WIDTH=64 -DW0_LOOP_UNROLL=1 ... 2.535 ms / 1728 TFLOPS  (242 regs, 1.8s)
[96/540] -DCVT_ADD_FUSED=0 -DK_LOOP_UNROLL=2 -DMBAR_EARLY=1 -DN_STAGES=5 -DPHASE1_UNROLL=4 -DSNAKE_ORDER=0 -DSTAGGER_CYCLES=120 -DSUB_MMA_UNROLL=1 -DTMEM_LOAD_WIDTH=64 -DW0_LOOP_UNROLL=4 ... 2.539 ms / 1725 TFLOPS  (242 regs, 1.8s)
[97/540] -DCVT_ADD_FUSED=0 -DK_LOOP_UNROLL=2 -DMBAR_EARLY=1 -DN_STAGES=5 -DPHASE1_UNROLL=4 -DSNAKE_ORDER=0 -DSTAGGER_CYCLES=120 -DSUB_MMA_UNROLL=3 -DTMEM_LOAD_WIDTH=64 ... 2.434 ms / 1800 TFLOPS  (253 regs, 1.8s)
[98/540] -DCVT_ADD_FUSED=0 -DK_LOOP_UNROLL=2 -DMBAR_EARLY=1 -DN_STAGES=5 -DPHASE1_UNROLL=4 -DSNAKE_ORDER=0 -DSTAGGER_CYCLES=120 -DSUB_MMA_UNROLL=3 -DTMEM_LOAD_WIDTH=64 -DW0_LOOP_UNROLL=1 ... 2.464 ms / 1778 TFLOPS  (245 regs, 1.8s)
[99/540] -DCVT_ADD_FUSED=0 -DK_LOOP_UNROLL=2 -DMBAR_EARLY=1 -DN_STAGES=5 -DPHASE1_UNROLL=4 -DSNAKE_ORDER=0 -DSTAGGER_CYCLES=120 -DSUB_MMA_UNROLL=3 -DTMEM_LOAD_WIDTH=64 -DW0_LOOP_UNROLL=4 ... 2.466 ms / 1776 TFLOPS  (245 regs, 1.8s)
[100/540] -DCVT_ADD_FUSED=0 -DK_LOOP_UNROLL=2 -DMBAR_EARLY=1 -DN_STAGES=5 -DPHASE1_UNROLL=4 -DSTAGGER_CYCLES=120 -DTMEM_LOAD_WIDTH=64 ... 2.423 ms / 1807 TFLOPS  (253 regs, 1.8s)
[101/540] -DCVT_ADD_FUSED=0 -DK_LOOP_UNROLL=2 -DMBAR_EARLY=1 -DN_STAGES=5 -DPHASE1_UNROLL=4 -DSTAGGER_CYCLES=120 -DTMEM_LOAD_WIDTH=64 -DW0_LOOP_UNROLL=1 ... 2.468 ms / 1774 TFLOPS  (245 regs, 1.8s)
[102/540] -DCVT_ADD_FUSED=0 -DK_LOOP_UNROLL=2 -DMBAR_EARLY=1 -DN_STAGES=5 -DPHASE1_UNROLL=4 -DSTAGGER_CYCLES=120 -DTMEM_LOAD_WIDTH=64 -DW0_LOOP_UNROLL=4 ... 2.475 ms / 1770 TFLOPS  (245 regs, 1.8s)
[103/540] -DCVT_ADD_FUSED=0 -DK_LOOP_UNROLL=2 -DMBAR_EARLY=1 -DN_STAGES=5 -DPHASE1_UNROLL=4 -DSTAGGER_CYCLES=120 -DSUB_MMA_UNROLL=1 -DTMEM_LOAD_WIDTH=64 ... 2.606 ms / 1681 TFLOPS  (252 regs, 1.8s)
[104/540] -DCVT_ADD_FUSED=0 -DK_LOOP_UNROLL=2 -DMBAR_EARLY=1 -DN_STAGES=5 -DPHASE1_UNROLL=4 -DSTAGGER_CYCLES=120 -DSUB_MMA_UNROLL=1 -DTMEM_LOAD_WIDTH=64 -DW0_LOOP_UNROLL=1 ... 2.541 ms / 1724 TFLOPS  (242 regs, 1.8s)
[105/540] -DCVT_ADD_FUSED=0 -DK_LOOP_UNROLL=2 -DMBAR_EARLY=1 -DN_STAGES=5 -DPHASE1_UNROLL=4 -DSTAGGER_CYCLES=120 -DSUB_MMA_UNROLL=1 -DTMEM_LOAD_WIDTH=64 -DW0_LOOP_UNROLL=4 ... 2.546 ms / 1720 TFLOPS  (242 regs, 1.8s)
[106/540] -DCVT_ADD_FUSED=0 -DK_LOOP_UNROLL=2 -DMBAR_EARLY=1 -DN_STAGES=5 -DPHASE1_UNROLL=4 -DSTAGGER_CYCLES=120 -DSUB_MMA_UNROLL=3 -DTMEM_LOAD_WIDTH=64 ... 2.430 ms / 1802 TFLOPS  (253 regs, 1.8s)
[107/540] -DCVT_ADD_FUSED=0 -DK_LOOP_UNROLL=2 -DMBAR_EARLY=1 -DN_STAGES=5 -DPHASE1_UNROLL=4 -DSTAGGER_CYCLES=120 -DSUB_MMA_UNROLL=3 -DTMEM_LOAD_WIDTH=64 -DW0_LOOP_UNROLL=1 ... 2.468 ms / 1774 TFLOPS  (245 regs, 1.8s)
[108/540] -DCVT_ADD_FUSED=0 -DK_LOOP_UNROLL=2 -DMBAR_EARLY=1 -DN_STAGES=5 -DPHASE1_UNROLL=4 -DSTAGGER_CYCLES=120 -DSUB_MMA_UNROLL=3 -DTMEM_LOAD_WIDTH=64 -DW0_LOOP_UNROLL=4 ... 2.469 ms / 1774 TFLOPS  (245 regs, 1.8s)
[109/540] -DCVT_ADD_FUSED=0 -DMBAR_EARLY=1 -DN_STAGES=5 -DPHASE1_UNROLL=1 -DSNAKE_ORDER=0 -DSTAGGER_CYCLES=120 -DTMEM_LOAD_WIDTH=64 ... 1.554 ms / 2818 TFLOPS  (255 regs, 1.7s)
[110/540] -DCVT_ADD_FUSED=0 -DMBAR_EARLY=1 -DN_STAGES=5 -DPHASE1_UNROLL=1 -DSNAKE_ORDER=0 -DSTAGGER_CYCLES=120 -DTMEM_LOAD_WIDTH=64 -DW0_LOOP_UNROLL=1 ... 2.353 ms / 1861 TFLOPS  (254 regs, 1.6s)
[111/540] -DCVT_ADD_FUSED=0 -DMBAR_EARLY=1 -DN_STAGES=5 -DPHASE1_UNROLL=1 -DSNAKE_ORDER=0 -DSTAGGER_CYCLES=120 -DTMEM_LOAD_WIDTH=64 -DW0_LOOP_UNROLL=4 ... 2.285 ms / 1917 TFLOPS  (254 regs, 1.7s)
[112/540] -DCVT_ADD_FUSED=0 -DMBAR_EARLY=1 -DN_STAGES=5 -DPHASE1_UNROLL=1 -DSNAKE_ORDER=0 -DSTAGGER_CYCLES=120 -DSUB_MMA_UNROLL=1 -DTMEM_LOAD_WIDTH=64 ... 1.542 ms / 2840 TFLOPS  (255 regs, 1.6s)
[113/540] -DCVT_ADD_FUSED=0 -DMBAR_EARLY=1 -DN_STAGES=5 -DPHASE1_UNROLL=1 -DSNAKE_ORDER=0 -DSTAGGER_CYCLES=120 -DSUB_MMA_UNROLL=1 -DTMEM_LOAD_WIDTH=64 -DW0_LOOP_UNROLL=1 ... 2.370 ms / 1848 TFLOPS  (240 regs, 1.6s)
[114/540] -DCVT_ADD_FUSED=0 -DMBAR_EARLY=1 -DN_STAGES=5 -DPHASE1_UNROLL=1 -DSNAKE_ORDER=0 -DSTAGGER_CYCLES=120 -DSUB_MMA_UNROLL=1 -DTMEM_LOAD_WIDTH=64 -DW0_LOOP_UNROLL=4 ... 2.315 ms / 1892 TFLOPS  (240 regs, 1.6s)
[115/540] -DCVT_ADD_FUSED=0 -DMBAR_EARLY=1 -DN_STAGES=5 -DPHASE1_UNROLL=1 -DSNAKE_ORDER=0 -DSTAGGER_CYCLES=120 -DSUB_MMA_UNROLL=3 -DTMEM_LOAD_WIDTH=64 ... 1.553 ms / 2821 TFLOPS  (255 regs, 1.7s)
[116/540] -DCVT_ADD_FUSED=0 -DMBAR_EARLY=1 -DN_STAGES=5 -DPHASE1_UNROLL=1 -DSNAKE_ORDER=0 -DSTAGGER_CYCLES=120 -DSUB_MMA_UNROLL=3 -DTMEM_LOAD_WIDTH=64 -DW0_LOOP_UNROLL=1 ... 2.370 ms / 1848 TFLOPS  (254 regs, 1.6s)
[117/540] -DCVT_ADD_FUSED=0 -DMBAR_EARLY=1 -DN_STAGES=5 -DPHASE1_UNROLL=1 -DSNAKE_ORDER=0 -DSTAGGER_CYCLES=120 -DSUB_MMA_UNROLL=3 -DTMEM_LOAD_WIDTH=64 -DW0_LOOP_UNROLL=4 ... 2.279 ms / 1922 TFLOPS  (254 regs, 1.7s)
[118/540] -DCVT_ADD_FUSED=0 -DMBAR_EARLY=1 -DN_STAGES=5 -DPHASE1_UNROLL=1 -DSTAGGER_CYCLES=120 -DTMEM_LOAD_WIDTH=64 ... 1.551 ms / 2824 TFLOPS  (255 regs, 1.7s)
[119/540] -DCVT_ADD_FUSED=0 -DMBAR_EARLY=1 -DN_STAGES=5 -DPHASE1_UNROLL=1 -DSTAGGER_CYCLES=120 -DTMEM_LOAD_WIDTH=64 -DW0_LOOP_UNROLL=1 ... 2.345 ms / 1868 TFLOPS  (254 regs, 1.6s)
[120/540] -DCVT_ADD_FUSED=0 -DMBAR_EARLY=1 -DN_STAGES=5 -DPHASE1_UNROLL=1 -DSTAGGER_CYCLES=120 -DTMEM_LOAD_WIDTH=64 -DW0_LOOP_UNROLL=4 ... 2.295 ms / 1908 TFLOPS  (254 regs, 1.6s)
[121/540] -DCVT_ADD_FUSED=0 -DMBAR_EARLY=1 -DN_STAGES=5 -DPHASE1_UNROLL=1 -DSTAGGER_CYCLES=120 -DSUB_MMA_UNROLL=1 -DTMEM_LOAD_WIDTH=64 ... 1.548 ms / 2829 TFLOPS  (255 regs, 1.6s)
[122/540] -DCVT_ADD_FUSED=0 -DMBAR_EARLY=1 -DN_STAGES=5 -DPHASE1_UNROLL=1 -DSTAGGER_CYCLES=120 -DSUB_MMA_UNROLL=1 -DTMEM_LOAD_WIDTH=64 -DW0_LOOP_UNROLL=1 ... 2.360 ms / 1856 TFLOPS  (240 regs, 1.6s)
[123/540] -DCVT_ADD_FUSED=0 -DMBAR_EARLY=1 -DN_STAGES=5 -DPHASE1_UNROLL=1 -DSTAGGER_CYCLES=120 -DSUB_MMA_UNROLL=1 -DTMEM_LOAD_WIDTH=64 -DW0_LOOP_UNROLL=4 ... 2.334 ms / 1877 TFLOPS  (240 regs, 1.7s)
[124/540] -DCVT_ADD_FUSED=0 -DMBAR_EARLY=1 -DN_STAGES=5 -DPHASE1_UNROLL=1 -DSTAGGER_CYCLES=120 -DSUB_MMA_UNROLL=3 -DTMEM_LOAD_WIDTH=64 ... 1.559 ms / 2810 TFLOPS  (255 regs, 1.7s)
[125/540] -DCVT_ADD_FUSED=0 -DMBAR_EARLY=1 -DN_STAGES=5 -DPHASE1_UNROLL=1 -DSTAGGER_CYCLES=120 -DSUB_MMA_UNROLL=3 -DTMEM_LOAD_WIDTH=64 -DW0_LOOP_UNROLL=1 ... 2.344 ms / 1868 TFLOPS  (254 regs, 1.6s)
[126/540] -DCVT_ADD_FUSED=0 -DMBAR_EARLY=1 -DN_STAGES=5 -DPHASE1_UNROLL=1 -DSTAGGER_CYCLES=120 -DSUB_MMA_UNROLL=3 -DTMEM_LOAD_WIDTH=64 -DW0_LOOP_UNROLL=4 ... 2.290 ms / 1913 TFLOPS  (254 regs, 1.7s)
[127/540] -DCVT_ADD_FUSED=0 -DMBAR_EARLY=1 -DN_STAGES=5 -DSNAKE_ORDER=0 -DSTAGGER_CYCLES=120 -DTMEM_LOAD_WIDTH=64 ... 1.527 ms / 2869 TFLOPS  (255 regs, 1.7s)
[128/540] -DCVT_ADD_FUSED=0 -DMBAR_EARLY=1 -DN_STAGES=5 -DSNAKE_ORDER=0 -DSTAGGER_CYCLES=120 -DTMEM_LOAD_WIDTH=64 -DW0_LOOP_UNROLL=1 ... 2.359 ms / 1857 TFLOPS  (255 regs, 1.7s)
[129/540] -DCVT_ADD_FUSED=0 -DMBAR_EARLY=1 -DN_STAGES=5 -DSNAKE_ORDER=0 -DSTAGGER_CYCLES=120 -DTMEM_LOAD_WIDTH=64 -DW0_LOOP_UNROLL=4 ... 2.293 ms / 1910 TFLOPS  (255 regs, 1.7s)
[130/540] -DCVT_ADD_FUSED=0 -DMBAR_EARLY=1 -DN_STAGES=5 -DSNAKE_ORDER=0 -DSTAGGER_CYCLES=120 -DSUB_MMA_UNROLL=1 -DTMEM_LOAD_WIDTH=64 ... 1.559 ms / 2809 TFLOPS  (255 regs, 1.7s)
[131/540] -DCVT_ADD_FUSED=0 -DMBAR_EARLY=1 -DN_STAGES=5 -DSNAKE_ORDER=0 -DSTAGGER_CYCLES=120 -DSUB_MMA_UNROLL=1 -DTMEM_LOAD_WIDTH=64 -DW0_LOOP_UNROLL=1 ... 2.383 ms / 1838 TFLOPS  (248 regs, 1.7s)
[132/540] -DCVT_ADD_FUSED=0 -DMBAR_EARLY=1 -DN_STAGES=5 -DSNAKE_ORDER=0 -DSTAGGER_CYCLES=120 -DSUB_MMA_UNROLL=1 -DTMEM_LOAD_WIDTH=64 -DW0_LOOP_UNROLL=4 ... 2.327 ms / 1882 TFLOPS  (248 regs, 1.7s)
[133/540] -DCVT_ADD_FUSED=0 -DMBAR_EARLY=1 -DN_STAGES=5 -DSNAKE_ORDER=0 -DSTAGGER_CYCLES=120 -DSUB_MMA_UNROLL=3 -DTMEM_LOAD_WIDTH=64 ... 1.523 ms / 2876 TFLOPS  (255 regs, 1.8s)
[134/540] -DCVT_ADD_FUSED=0 -DMBAR_EARLY=1 -DN_STAGES=5 -DSNAKE_ORDER=0 -DSTAGGER_CYCLES=120 -DSUB_MMA_UNROLL=3 -DTMEM_LOAD_WIDTH=64 -DW0_LOOP_UNROLL=1 ... 2.370 ms / 1848 TFLOPS  (255 regs, 1.7s)
[135/540] -DCVT_ADD_FUSED=0 -DMBAR_EARLY=1 -DN_STAGES=5 -DSNAKE_ORDER=0 -DSTAGGER_CYCLES=120 -DSUB_MMA_UNROLL=3 -DTMEM_LOAD_WIDTH=64 -DW0_LOOP_UNROLL=4 ... 2.289 ms / 1914 TFLOPS  (255 regs, 1.8s)
[136/540] -DCVT_ADD_FUSED=0 -DMBAR_EARLY=1 -DN_STAGES=5 -DSTAGGER_CYCLES=120 -DTMEM_LOAD_WIDTH=64 ... 1.512 ms / 2897 TFLOPS  (255 regs, 1.7s)
[137/540] -DCVT_ADD_FUSED=0 -DMBAR_EARLY=1 -DN_STAGES=5 -DSTAGGER_CYCLES=120 -DTMEM_LOAD_WIDTH=64 -DW0_LOOP_UNROLL=1 ... 2.344 ms / 1869 TFLOPS  (255 regs, 1.7s)
[138/540] -DCVT_ADD_FUSED=0 -DMBAR_EARLY=1 -DN_STAGES=5 -DSTAGGER_CYCLES=120 -DTMEM_LOAD_WIDTH=64 -DW0_LOOP_UNROLL=4 ... 2.325 ms / 1884 TFLOPS  (255 regs, 1.7s)
[139/540] -DCVT_ADD_FUSED=0 -DMBAR_EARLY=1 -DN_STAGES=5 -DSTAGGER_CYCLES=120 -DSUB_MMA_UNROLL=1 -DTMEM_LOAD_WIDTH=64 ... 1.552 ms / 2823 TFLOPS  (255 regs, 1.7s)
[140/540] -DCVT_ADD_FUSED=0 -DMBAR_EARLY=1 -DN_STAGES=5 -DSTAGGER_CYCLES=120 -DSUB_MMA_UNROLL=1 -DTMEM_LOAD_WIDTH=64 -DW0_LOOP_UNROLL=1 ... 2.340 ms / 1872 TFLOPS  (248 regs, 1.7s)
[141/540] -DCVT_ADD_FUSED=0 -DMBAR_EARLY=1 -DN_STAGES=5 -DSTAGGER_CYCLES=120 -DSUB_MMA_UNROLL=1 -DTMEM_LOAD_WIDTH=64 -DW0_LOOP_UNROLL=4 ... 2.343 ms / 1869 TFLOPS  (248 regs, 1.7s)
[142/540] -DCVT_ADD_FUSED=0 -DMBAR_EARLY=1 -DN_STAGES=5 -DSTAGGER_CYCLES=120 -DSUB_MMA_UNROLL=3 -DTMEM_LOAD_WIDTH=64 ... 1.514 ms / 2893 TFLOPS  (255 regs, 1.7s)
[143/540] -DCVT_ADD_FUSED=0 -DMBAR_EARLY=1 -DN_STAGES=5 -DSTAGGER_CYCLES=120 -DSUB_MMA_UNROLL=3 -DTMEM_LOAD_WIDTH=64 -DW0_LOOP_UNROLL=1 ... 2.348 ms / 1865 TFLOPS  (255 regs, 1.7s)
[144/540] -DCVT_ADD_FUSED=0 -DMBAR_EARLY=1 -DN_STAGES=5 -DSTAGGER_CYCLES=120 -DSUB_MMA_UNROLL=3 -DTMEM_LOAD_WIDTH=64 -DW0_LOOP_UNROLL=4 ... 2.315 ms / 1892 TFLOPS  (255 regs, 1.7s)
[145/540] -DCVT_ADD_FUSED=0 -DMBAR_EARLY=1 -DN_STAGES=5 -DPHASE1_UNROLL=4 -DSNAKE_ORDER=0 -DSTAGGER_CYCLES=120 -DTMEM_LOAD_WIDTH=64 ... 1.516 ms / 2890 TFLOPS  (255 regs, 1.8s)
[146/540] -DCVT_ADD_FUSED=0 -DMBAR_EARLY=1 -DN_STAGES=5 -DPHASE1_UNROLL=4 -DSNAKE_ORDER=0 -DSTAGGER_CYCLES=120 -DTMEM_LOAD_WIDTH=64 -DW0_LOOP_UNROLL=1 ... 2.380 ms / 1841 TFLOPS  (255 regs, 1.8s)
[147/540] -DCVT_ADD_FUSED=0 -DMBAR_EARLY=1 -DN_STAGES=5 -DPHASE1_UNROLL=4 -DSNAKE_ORDER=0 -DSTAGGER_CYCLES=120 -DTMEM_LOAD_WIDTH=64 -DW0_LOOP_UNROLL=4 ... 2.348 ms / 1866 TFLOPS  (255 regs, 1.8s)
[148/540] -DCVT_ADD_FUSED=0 -DMBAR_EARLY=1 -DN_STAGES=5 -DPHASE1_UNROLL=4 -DSNAKE_ORDER=0 -DSTAGGER_CYCLES=120 -DSUB_MMA_UNROLL=1 -DTMEM_LOAD_WIDTH=64 ... 1.567 ms / 2795 TFLOPS  (253 regs, 1.8s)
[149/540] -DCVT_ADD_FUSED=0 -DMBAR_EARLY=1 -DN_STAGES=5 -DPHASE1_UNROLL=4 -DSNAKE_ORDER=0 -DSTAGGER_CYCLES=120 -DSUB_MMA_UNROLL=1 -DTMEM_LOAD_WIDTH=64 -DW0_LOOP_UNROLL=1 ... 2.447 ms / 1790 TFLOPS  (252 regs, 1.8s)
[150/540] -DCVT_ADD_FUSED=0 -DMBAR_EARLY=1 -DN_STAGES=5 -DPHASE1_UNROLL=4 -DSNAKE_ORDER=0 -DSTAGGER_CYCLES=120 -DSUB_MMA_UNROLL=1 -DTMEM_LOAD_WIDTH=64 -DW0_LOOP_UNROLL=4 ... 2.389 ms / 1833 TFLOPS  (252 regs, 1.8s)
[151/540] -DCVT_ADD_FUSED=0 -DMBAR_EARLY=1 -DN_STAGES=5 -DPHASE1_UNROLL=4 -DSNAKE_ORDER=0 -DSTAGGER_CYCLES=120 -DSUB_MMA_UNROLL=3 -DTMEM_LOAD_WIDTH=64 ... 1.513 ms / 2895 TFLOPS  (255 regs, 1.8s)
[152/540] -DCVT_ADD_FUSED=0 -DMBAR_EARLY=1 -DN_STAGES=5 -DPHASE1_UNROLL=4 -DSNAKE_ORDER=0 -DSTAGGER_CYCLES=120 -DSUB_MMA_UNROLL=3 -DTMEM_LOAD_WIDTH=64 -DW0_LOOP_UNROLL=1 ... 2.381 ms / 1839 TFLOPS  (255 regs, 1.8s)
[153/540] -DCVT_ADD_FUSED=0 -DMBAR_EARLY=1 -DN_STAGES=5 -DPHASE1_UNROLL=4 -DSNAKE_ORDER=0 -DSTAGGER_CYCLES=120 -DSUB_MMA_UNROLL=3 -DTMEM_LOAD_WIDTH=64 -DW0_LOOP_UNROLL=4 ... 2.330 ms / 1880 TFLOPS  (255 regs, 1.8s)
[154/540] -DCVT_ADD_FUSED=0 -DMBAR_EARLY=1 -DN_STAGES=5 -DPHASE1_UNROLL=4 -DSTAGGER_CYCLES=120 -DTMEM_LOAD_WIDTH=64 ... 1.514 ms / 2892 TFLOPS  (255 regs, 1.8s)
[155/540] -DCVT_ADD_FUSED=0 -DMBAR_EARLY=1 -DN_STAGES=5 -DPHASE1_UNROLL=4 -DSTAGGER_CYCLES=120 -DTMEM_LOAD_WIDTH=64 -DW0_LOOP_UNROLL=1 ... 2.381 ms / 1840 TFLOPS  (255 regs, 1.8s)
[156/540] -DCVT_ADD_FUSED=0 -DMBAR_EARLY=1 -DN_STAGES=5 -DPHASE1_UNROLL=4 -DSTAGGER_CYCLES=120 -DTMEM_LOAD_WIDTH=64 -DW0_LOOP_UNROLL=4 ... 2.332 ms / 1878 TFLOPS  (255 regs, 1.8s)
[157/540] -DCVT_ADD_FUSED=0 -DMBAR_EARLY=1 -DN_STAGES=5 -DPHASE1_UNROLL=4 -DSTAGGER_CYCLES=120 -DSUB_MMA_UNROLL=1 -DTMEM_LOAD_WIDTH=64 ... 1.579 ms / 2775 TFLOPS  (253 regs, 1.8s)
[158/540] -DCVT_ADD_FUSED=0 -DMBAR_EARLY=1 -DN_STAGES=5 -DPHASE1_UNROLL=4 -DSTAGGER_CYCLES=120 -DSUB_MMA_UNROLL=1 -DTMEM_LOAD_WIDTH=64 -DW0_LOOP_UNROLL=1 ... 2.418 ms / 1812 TFLOPS  (252 regs, 1.8s)
[159/540] -DCVT_ADD_FUSED=0 -DMBAR_EARLY=1 -DN_STAGES=5 -DPHASE1_UNROLL=4 -DSTAGGER_CYCLES=120 -DSUB_MMA_UNROLL=1 -DTMEM_LOAD_WIDTH=64 -DW0_LOOP_UNROLL=4 ... 2.389 ms / 1833 TFLOPS  (252 regs, 1.8s)
[160/540] -DCVT_ADD_FUSED=0 -DMBAR_EARLY=1 -DN_STAGES=5 -DPHASE1_UNROLL=4 -DSTAGGER_CYCLES=120 -DSUB_MMA_UNROLL=3 -DTMEM_LOAD_WIDTH=64 ... 1.513 ms / 2894 TFLOPS  (255 regs, 1.8s)
[161/540] -DCVT_ADD_FUSED=0 -DMBAR_EARLY=1 -DN_STAGES=5 -DPHASE1_UNROLL=4 -DSTAGGER_CYCLES=120 -DSUB_MMA_UNROLL=3 -DTMEM_LOAD_WIDTH=64 -DW0_LOOP_UNROLL=1 ... 2.396 ms / 1828 TFLOPS  (255 regs, 1.8s)
[162/540] -DCVT_ADD_FUSED=0 -DMBAR_EARLY=1 -DN_STAGES=5 -DPHASE1_UNROLL=4 -DSTAGGER_CYCLES=120 -DSUB_MMA_UNROLL=3 -DTMEM_LOAD_WIDTH=64 -DW0_LOOP_UNROLL=4 ... 2.290 ms / 1913 TFLOPS  (255 regs, 1.8s)
[163/540] -DCVT_ADD_FUSED=0 -DK_LOOP_UNROLL=6 -DMBAR_EARLY=1 -DN_STAGES=5 -DPHASE1_UNROLL=1 -DSNAKE_ORDER=0 -DSTAGGER_CYCLES=120 -DTMEM_LOAD_WIDTH=64 ... 2.393 ms / 1830 TFLOPS  (252 regs, 1.7s)
[164/540] -DCVT_ADD_FUSED=0 -DK_LOOP_UNROLL=6 -DMBAR_EARLY=1 -DN_STAGES=5 -DPHASE1_UNROLL=1 -DSNAKE_ORDER=0 -DSTAGGER_CYCLES=120 -DTMEM_LOAD_WIDTH=64 -DW0_LOOP_UNROLL=1 ... 2.400 ms / 1825 TFLOPS  (229 regs, 1.6s)
[165/540] -DCVT_ADD_FUSED=0 -DK_LOOP_UNROLL=6 -DMBAR_EARLY=1 -DN_STAGES=5 -DPHASE1_UNROLL=1 -DSNAKE_ORDER=0 -DSTAGGER_CYCLES=120 -DTMEM_LOAD_WIDTH=64 -DW0_LOOP_UNROLL=4 ... 2.392 ms / 1831 TFLOPS  (229 regs, 1.7s)
[166/540] -DCVT_ADD_FUSED=0 -DK_LOOP_UNROLL=6 -DMBAR_EARLY=1 -DN_STAGES=5 -DPHASE1_UNROLL=1 -DSNAKE_ORDER=0 -DSTAGGER_CYCLES=120 -DSUB_MMA_UNROLL=1 -DTMEM_LOAD_WIDTH=64 ... 2.513 ms / 1743 TFLOPS  (244 regs, 1.7s)
[167/540] -DCVT_ADD_FUSED=0 -DK_LOOP_UNROLL=6 -DMBAR_EARLY=1 -DN_STAGES=5 -DPHASE1_UNROLL=1 -DSNAKE_ORDER=0 -DSTAGGER_CYCLES=120 -DSUB_MMA_UNROLL=1 -DTMEM_LOAD_WIDTH=64 -DW0_LOOP_UNROLL=1 ... 2.510 ms / 1745 TFLOPS  (221 regs, 1.6s)
[168/540] -DCVT_ADD_FUSED=0 -DK_LOOP_UNROLL=6 -DMBAR_EARLY=1 -DN_STAGES=5 -DPHASE1_UNROLL=1 -DSNAKE_ORDER=0 -DSTAGGER_CYCLES=120 -DSUB_MMA_UNROLL=1 -DTMEM_LOAD_WIDTH=64 -DW0_LOOP_UNROLL=4 ... 2.520 ms / 1738 TFLOPS  (221 regs, 1.7s)
[169/540] -DCVT_ADD_FUSED=0 -DK_LOOP_UNROLL=6 -DMBAR_EARLY=1 -DN_STAGES=5 -DPHASE1_UNROLL=1 -DSNAKE_ORDER=0 -DSTAGGER_CYCLES=120 -DSUB_MMA_UNROLL=3 -DTMEM_LOAD_WIDTH=64 ... 2.399 ms / 1826 TFLOPS  (252 regs, 1.7s)
[170/540] -DCVT_ADD_FUSED=0 -DK_LOOP_UNROLL=6 -DMBAR_EARLY=1 -DN_STAGES=5 -DPHASE1_UNROLL=1 -DSNAKE_ORDER=0 -DSTAGGER_CYCLES=120 -DSUB_MMA_UNROLL=3 -DTMEM_LOAD_WIDTH=64 -DW0_LOOP_UNROLL=1 ... 2.406 ms / 1821 TFLOPS  (229 regs, 1.7s)
[171/540] -DCVT_ADD_FUSED=0 -DK_LOOP_UNROLL=6 -DMBAR_EARLY=1 -DN_STAGES=5 -DPHASE1_UNROLL=1 -DSNAKE_ORDER=0 -DSTAGGER_CYCLES=120 -DSUB_MMA_UNROLL=3 -DTMEM_LOAD_WIDTH=64 -DW0_LOOP_UNROLL=4 ... 2.387 ms / 1835 TFLOPS  (229 regs, 1.7s)
[172/540] -DCVT_ADD_FUSED=0 -DK_LOOP_UNROLL=6 -DMBAR_EARLY=1 -DN_STAGES=5 -DPHASE1_UNROLL=1 -DSTAGGER_CYCLES=120 -DTMEM_LOAD_WIDTH=64 ... 2.422 ms / 1809 TFLOPS  (252 regs, 1.7s)
[173/540] -DCVT_ADD_FUSED=0 -DK_LOOP_UNROLL=6 -DMBAR_EARLY=1 -DN_STAGES=5 -DPHASE1_UNROLL=1 -DSTAGGER_CYCLES=120 -DTMEM_LOAD_WIDTH=64 -DW0_LOOP_UNROLL=1 ... 2.404 ms / 1822 TFLOPS  (229 regs, 1.7s)
[174/540] -DCVT_ADD_FUSED=0 -DK_LOOP_UNROLL=6 -DMBAR_EARLY=1 -DN_STAGES=5 -DPHASE1_UNROLL=1 -DSTAGGER_CYCLES=120 -DTMEM_LOAD_WIDTH=64 -DW0_LOOP_UNROLL=4 ... 2.408 ms / 1819 TFLOPS  (229 regs, 1.7s)
[175/540] -DCVT_ADD_FUSED=0 -DK_LOOP_UNROLL=6 -DMBAR_EARLY=1 -DN_STAGES=5 -DPHASE1_UNROLL=1 -DSTAGGER_CYCLES=120 -DSUB_MMA_UNROLL=1 -DTMEM_LOAD_WIDTH=64 ... 2.529 ms / 1732 TFLOPS  (244 regs, 1.7s)
[176/540] -DCVT_ADD_FUSED=0 -DK_LOOP_UNROLL=6 -DMBAR_EARLY=1 -DN_STAGES=5 -DPHASE1_UNROLL=1 -DSTAGGER_CYCLES=120 -DSUB_MMA_UNROLL=1 -DTMEM_LOAD_WIDTH=64 -DW0_LOOP_UNROLL=1 ... 2.509 ms / 1746 TFLOPS  (221 regs, 1.7s)
[177/540] -DCVT_ADD_FUSED=0 -DK_LOOP_UNROLL=6 -DMBAR_EARLY=1 -DN_STAGES=5 -DPHASE1_UNROLL=1 -DSTAGGER_CYCLES=120 -DSUB_MMA_UNROLL=1 -DTMEM_LOAD_WIDTH=64 -DW0_LOOP_UNROLL=4 ... 2.496 ms / 1755 TFLOPS  (221 regs, 1.7s)
[178/540] -DCVT_ADD_FUSED=0 -DK_LOOP_UNROLL=6 -DMBAR_EARLY=1 -DN_STAGES=5 -DPHASE1_UNROLL=1 -DSTAGGER_CYCLES=120 -DSUB_MMA_UNROLL=3 -DTMEM_LOAD_WIDTH=64 ... 2.386 ms / 1836 TFLOPS  (252 regs, 1.7s)
[179/540] -DCVT_ADD_FUSED=0 -DK_LOOP_UNROLL=6 -DMBAR_EARLY=1 -DN_STAGES=5 -DPHASE1_UNROLL=1 -DSTAGGER_CYCLES=120 -DSUB_MMA_UNROLL=3 -DTMEM_LOAD_WIDTH=64 -DW0_LOOP_UNROLL=1 ... 2.408 ms / 1819 TFLOPS  (229 regs, 1.7s)
[180/540] -DCVT_ADD_FUSED=0 -DK_LOOP_UNROLL=6 -DMBAR_EARLY=1 -DN_STAGES=5 -DPHASE1_UNROLL=1 -DSTAGGER_CYCLES=120 -DSUB_MMA_UNROLL=3 -DTMEM_LOAD_WIDTH=64 -DW0_LOOP_UNROLL=4 ... 2.391 ms / 1832 TFLOPS  (229 regs, 1.7s)
[181/540] -DCVT_ADD_FUSED=0 -DK_LOOP_UNROLL=6 -DMBAR_EARLY=1 -DN_STAGES=5 -DSNAKE_ORDER=0 -DSTAGGER_CYCLES=120 -DTMEM_LOAD_WIDTH=64 ... 2.400 ms / 1825 TFLOPS  (255 regs, 1.8s)
[182/540] -DCVT_ADD_FUSED=0 -DK_LOOP_UNROLL=6 -DMBAR_EARLY=1 -DN_STAGES=5 -DSNAKE_ORDER=0 -DSTAGGER_CYCLES=120 -DTMEM_LOAD_WIDTH=64 -DW0_LOOP_UNROLL=1 ... 2.388 ms / 1834 TFLOPS  (248 regs, 1.7s)
[183/540] -DCVT_ADD_FUSED=0 -DK_LOOP_UNROLL=6 -DMBAR_EARLY=1 -DN_STAGES=5 -DSNAKE_ORDER=0 -DSTAGGER_CYCLES=120 -DTMEM_LOAD_WIDTH=64 -DW0_LOOP_UNROLL=4 ... 2.383 ms / 1838 TFLOPS  (248 regs, 1.7s)
[184/540] -DCVT_ADD_FUSED=0 -DK_LOOP_UNROLL=6 -DMBAR_EARLY=1 -DN_STAGES=5 -DSNAKE_ORDER=0 -DSTAGGER_CYCLES=120 -DSUB_MMA_UNROLL=1 -DTMEM_LOAD_WIDTH=64 ... 2.513 ms / 1743 TFLOPS  (252 regs, 1.7s)
[185/540] -DCVT_ADD_FUSED=0 -DK_LOOP_UNROLL=6 -DMBAR_EARLY=1 -DN_STAGES=5 -DSNAKE_ORDER=0 -DSTAGGER_CYCLES=120 -DSUB_MMA_UNROLL=1 -DTMEM_LOAD_WIDTH=64 -DW0_LOOP_UNROLL=1 ... 2.467 ms / 1775 TFLOPS  (243 regs, 1.7s)
[186/540] -DCVT_ADD_FUSED=0 -DK_LOOP_UNROLL=6 -DMBAR_EARLY=1 -DN_STAGES=5 -DSNAKE_ORDER=0 -DSTAGGER_CYCLES=120 -DSUB_MMA_UNROLL=1 -DTMEM_LOAD_WIDTH=64 -DW0_LOOP_UNROLL=4 ... 2.488 ms / 1760 TFLOPS  (243 regs, 1.7s)
[187/540] -DCVT_ADD_FUSED=0 -DK_LOOP_UNROLL=6 -DMBAR_EARLY=1 -DN_STAGES=5 -DSNAKE_ORDER=0 -DSTAGGER_CYCLES=120 -DSUB_MMA_UNROLL=3 -DTMEM_LOAD_WIDTH=64 ... 2.404 ms / 1822 TFLOPS  (255 regs, 1.7s)
[188/540] -DCVT_ADD_FUSED=0 -DK_LOOP_UNROLL=6 -DMBAR_EARLY=1 -DN_STAGES=5 -DSNAKE_ORDER=0 -DSTAGGER_CYCLES=120 -DSUB_MMA_UNROLL=3 -DTMEM_LOAD_WIDTH=64 -DW0_LOOP_UNROLL=1 ... 2.408 ms / 1819 TFLOPS  (248 regs, 1.7s)
[189/540] -DCVT_ADD_FUSED=0 -DK_LOOP_UNROLL=6 -DMBAR_EARLY=1 -DN_STAGES=5 -DSNAKE_ORDER=0 -DSTAGGER_CYCLES=120 -DSUB_MMA_UNROLL=3 -DTMEM_LOAD_WIDTH=64 -DW0_LOOP_UNROLL=4 ... 2.363 ms / 1854 TFLOPS  (248 regs, 1.7s)
[190/540] -DCVT_ADD_FUSED=0 -DK_LOOP_UNROLL=6 -DMBAR_EARLY=1 -DN_STAGES=5 -DSTAGGER_CYCLES=120 -DTMEM_LOAD_WIDTH=64 ... 2.398 ms / 1826 TFLOPS  (255 regs, 1.7s)
[191/540] -DCVT_ADD_FUSED=0 -DK_LOOP_UNROLL=6 -DMBAR_EARLY=1 -DN_STAGES=5 -DSTAGGER_CYCLES=120 -DTMEM_LOAD_WIDTH=64 -DW0_LOOP_UNROLL=1 ... 2.386 ms / 1836 TFLOPS  (248 regs, 1.7s)
[192/540] -DCVT_ADD_FUSED=0 -DK_LOOP_UNROLL=6 -DMBAR_EARLY=1 -DN_STAGES=5 -DSTAGGER_CYCLES=120 -DTMEM_LOAD_WIDTH=64 -DW0_LOOP_UNROLL=4 ... 2.391 ms / 1832 TFLOPS  (248 regs, 1.7s)
[193/540] -DCVT_ADD_FUSED=0 -DK_LOOP_UNROLL=6 -DMBAR_EARLY=1 -DN_STAGES=5 -DSTAGGER_CYCLES=120 -DSUB_MMA_UNROLL=1 -DTMEM_LOAD_WIDTH=64 ... 2.521 ms / 1737 TFLOPS  (252 regs, 1.7s)
[194/540] -DCVT_ADD_FUSED=0 -DK_LOOP_UNROLL=6 -DMBAR_EARLY=1 -DN_STAGES=5 -DSTAGGER_CYCLES=120 -DSUB_MMA_UNROLL=1 -DTMEM_LOAD_WIDTH=64 -DW0_LOOP_UNROLL=1 ... 2.473 ms / 1771 TFLOPS  (243 regs, 1.7s)
[195/540] -DCVT_ADD_FUSED=0 -DK_LOOP_UNROLL=6 -DMBAR_EARLY=1 -DN_STAGES=5 -DSTAGGER_CYCLES=120 -DSUB_MMA_UNROLL=1 -DTMEM_LOAD_WIDTH=64 -DW0_LOOP_UNROLL=4 ... 2.490 ms / 1759 TFLOPS  (243 regs, 1.7s)
[196/540] -DCVT_ADD_FUSED=0 -DK_LOOP_UNROLL=6 -DMBAR_EARLY=1 -DN_STAGES=5 -DSTAGGER_CYCLES=120 -DSUB_MMA_UNROLL=3 -DTMEM_LOAD_WIDTH=64 ... 2.384 ms / 1837 TFLOPS  (255 regs, 1.8s)
[197/540] -DCVT_ADD_FUSED=0 -DK_LOOP_UNROLL=6 -DMBAR_EARLY=1 -DN_STAGES=5 -DSTAGGER_CYCLES=120 -DSUB_MMA_UNROLL=3 -DTMEM_LOAD_WIDTH=64 -DW0_LOOP_UNROLL=1 ... 2.391 ms / 1832 TFLOPS  (248 regs, 1.7s)
[198/540] -DCVT_ADD_FUSED=0 -DK_LOOP_UNROLL=6 -DMBAR_EARLY=1 -DN_STAGES=5 -DSTAGGER_CYCLES=120 -DSUB_MMA_UNROLL=3 -DTMEM_LOAD_WIDTH=64 -DW0_LOOP_UNROLL=4 ... 2.384 ms / 1837 TFLOPS  (248 regs, 1.7s)
[199/540] -DCVT_ADD_FUSED=0 -DK_LOOP_UNROLL=6 -DMBAR_EARLY=1 -DN_STAGES=5 -DPHASE1_UNROLL=4 -DSNAKE_ORDER=0 -DSTAGGER_CYCLES=120 -DTMEM_LOAD_WIDTH=64 ... 2.412 ms / 1816 TFLOPS  (253 regs, 1.8s)
[200/540] -DCVT_ADD_FUSED=0 -DK_LOOP_UNROLL=6 -DMBAR_EARLY=1 -DN_STAGES=5 -DPHASE1_UNROLL=4 -DSNAKE_ORDER=0 -DSTAGGER_CYCLES=120 -DTMEM_LOAD_WIDTH=64 -DW0_LOOP_UNROLL=1 ... 2.460 ms / 1780 TFLOPS  (245 regs, 1.8s)
[201/540] -DCVT_ADD_FUSED=0 -DK_LOOP_UNROLL=6 -DMBAR_EARLY=1 -DN_STAGES=5 -DPHASE1_UNROLL=4 -DSNAKE_ORDER=0 -DSTAGGER_CYCLES=120 -DTMEM_LOAD_WIDTH=64 -DW0_LOOP_UNROLL=4 ... 2.463 ms / 1779 TFLOPS  (245 regs, 1.8s)
[202/540] -DCVT_ADD_FUSED=0 -DK_LOOP_UNROLL=6 -DMBAR_EARLY=1 -DN_STAGES=5 -DPHASE1_UNROLL=4 -DSNAKE_ORDER=0 -DSTAGGER_CYCLES=120 -DSUB_MMA_UNROLL=1 -DTMEM_LOAD_WIDTH=64 ... 2.579 ms / 1699 TFLOPS  (252 regs, 1.8s)
[203/540] -DCVT_ADD_FUSED=0 -DK_LOOP_UNROLL=6 -DMBAR_EARLY=1 -DN_STAGES=5 -DPHASE1_UNROLL=4 -DSNAKE_ORDER=0 -DSTAGGER_CYCLES=120 -DSUB_MMA_UNROLL=1 -DTMEM_LOAD_WIDTH=64 -DW0_LOOP_UNROLL=1 ... 2.521 ms / 1738 TFLOPS  (242 regs, 1.8s)
[204/540] -DCVT_ADD_FUSED=0 -DK_LOOP_UNROLL=6 -DMBAR_EARLY=1 -DN_STAGES=5 -DPHASE1_UNROLL=4 -DSNAKE_ORDER=0 -DSTAGGER_CYCLES=120 -DSUB_MMA_UNROLL=1 -DTMEM_LOAD_WIDTH=64 -DW0_LOOP_UNROLL=4 ... 2.510 ms / 1745 TFLOPS  (242 regs, 1.8s)
[205/540] -DCVT_ADD_FUSED=0 -DK_LOOP_UNROLL=6 -DMBAR_EARLY=1 -DN_STAGES=5 -DPHASE1_UNROLL=4 -DSNAKE_ORDER=0 -DSTAGGER_CYCLES=120 -DSUB_MMA_UNROLL=3 -DTMEM_LOAD_WIDTH=64 ... 2.418 ms / 1811 TFLOPS  (253 regs, 1.8s)
[206/540] -DCVT_ADD_FUSED=0 -DK_LOOP_UNROLL=6 -DMBAR_EARLY=1 -DN_STAGES=5 -DPHASE1_UNROLL=4 -DSNAKE_ORDER=0 -DSTAGGER_CYCLES=120 -DSUB_MMA_UNROLL=3 -DTMEM_LOAD_WIDTH=64 -DW0_LOOP_UNROLL=1 ... 2.460 ms / 1780 TFLOPS  (245 regs, 1.8s)
[207/540] -DCVT_ADD_FUSED=0 -DK_LOOP_UNROLL=6 -DMBAR_EARLY=1 -DN_STAGES=5 -DPHASE1_UNROLL=4 -DSNAKE_ORDER=0 -DSTAGGER_CYCLES=120 -DSUB_MMA_UNROLL=3 -DTMEM_LOAD_WIDTH=64 -DW0_LOOP_UNROLL=4 ... 2.450 ms / 1787 TFLOPS  (245 regs, 1.8s)
[208/540] -DCVT_ADD_FUSED=0 -DK_LOOP_UNROLL=6 -DMBAR_EARLY=1 -DN_STAGES=5 -DPHASE1_UNROLL=4 -DSTAGGER_CYCLES=120 -DTMEM_LOAD_WIDTH=64 ... 2.409 ms / 1819 TFLOPS  (253 regs, 1.8s)
[209/540] -DCVT_ADD_FUSED=0 -DK_LOOP_UNROLL=6 -DMBAR_EARLY=1 -DN_STAGES=5 -DPHASE1_UNROLL=4 -DSTAGGER_CYCLES=120 -DTMEM_LOAD_WIDTH=64 -DW0_LOOP_UNROLL=1 ... 2.464 ms / 1778 TFLOPS  (245 regs, 1.8s)
[210/540] -DCVT_ADD_FUSED=0 -DK_LOOP_UNROLL=6 -DMBAR_EARLY=1 -DN_STAGES=5 -DPHASE1_UNROLL=4 -DSTAGGER_CYCLES=120 -DTMEM_LOAD_WIDTH=64 -DW0_LOOP_UNROLL=4 ... 2.457 ms / 1783 TFLOPS  (245 regs, 1.8s)
[211/540] -DCVT_ADD_FUSED=0 -DK_LOOP_UNROLL=6 -DMBAR_EARLY=1 -DN_STAGES=5 -DPHASE1_UNROLL=4 -DSTAGGER_CYCLES=120 -DSUB_MMA_UNROLL=1 -DTMEM_LOAD_WIDTH=64 ... 2.577 ms / 1700 TFLOPS  (252 regs, 1.8s)
[212/540] -DCVT_ADD_FUSED=0 -DK_LOOP_UNROLL=6 -DMBAR_EARLY=1 -DN_STAGES=5 -DPHASE1_UNROLL=4 -DSTAGGER_CYCLES=120 -DSUB_MMA_UNROLL=1 -DTMEM_LOAD_WIDTH=64 -DW0_LOOP_UNROLL=1 ... 2.508 ms / 1747 TFLOPS  (242 regs, 1.8s)
[213/540] -DCVT_ADD_FUSED=0 -DK_LOOP_UNROLL=6 -DMBAR_EARLY=1 -DN_STAGES=5 -DPHASE1_UNROLL=4 -DSTAGGER_CYCLES=120 -DSUB_MMA_UNROLL=1 -DTMEM_LOAD_WIDTH=64 -DW0_LOOP_UNROLL=4 ... 2.517 ms / 1740 TFLOPS  (242 regs, 1.8s)
[214/540] -DCVT_ADD_FUSED=0 -DK_LOOP_UNROLL=6 -DMBAR_EARLY=1 -DN_STAGES=5 -DPHASE1_UNROLL=4 -DSTAGGER_CYCLES=120 -DSUB_MMA_UNROLL=3 -DTMEM_LOAD_WIDTH=64 ... 2.394 ms / 1829 TFLOPS  (253 regs, 1.8s)
[215/540] -DCVT_ADD_FUSED=0 -DK_LOOP_UNROLL=6 -DMBAR_EARLY=1 -DN_STAGES=5 -DPHASE1_UNROLL=4 -DSTAGGER_CYCLES=120 -DSUB_MMA_UNROLL=3 -DTMEM_LOAD_WIDTH=64 -DW0_LOOP_UNROLL=1 ... 2.454 ms / 1785 TFLOPS  (245 regs, 1.8s)
[216/540] -DCVT_ADD_FUSED=0 -DK_LOOP_UNROLL=6 -DMBAR_EARLY=1 -DN_STAGES=5 -DPHASE1_UNROLL=4 -DSTAGGER_CYCLES=120 -DSUB_MMA_UNROLL=3 -DTMEM_LOAD_WIDTH=64 -DW0_LOOP_UNROLL=4 ... 2.462 ms / 1779 TFLOPS  (245 regs, 1.8s)
[217/540] -DCVT_ADD_FUSED=0 -DK_LOOP_UNROLL=8 -DMBAR_EARLY=1 -DN_STAGES=5 -DPHASE1_UNROLL=1 -DSNAKE_ORDER=0 -DSTAGGER_CYCLES=120 -DTMEM_LOAD_WIDTH=64 ... 2.414 ms / 1815 TFLOPS  (252 regs, 1.7s)
[218/540] -DCVT_ADD_FUSED=0 -DK_LOOP_UNROLL=8 -DMBAR_EARLY=1 -DN_STAGES=5 -DPHASE1_UNROLL=1 -DSNAKE_ORDER=0 -DSTAGGER_CYCLES=120 -DTMEM_LOAD_WIDTH=64 -DW0_LOOP_UNROLL=1 ... 2.418 ms / 1812 TFLOPS  (229 regs, 1.7s)
[219/540] -DCVT_ADD_FUSED=0 -DK_LOOP_UNROLL=8 -DMBAR_EARLY=1 -DN_STAGES=5 -DPHASE1_UNROLL=1 -DSNAKE_ORDER=0 -DSTAGGER_CYCLES=120 -DTMEM_LOAD_WIDTH=64 -DW0_LOOP_UNROLL=4 ... 2.387 ms / 1835 TFLOPS  (229 regs, 1.7s)
[220/540] -DCVT_ADD_FUSED=0 -DK_LOOP_UNROLL=8 -DMBAR_EARLY=1 -DN_STAGES=5 -DPHASE1_UNROLL=1 -DSNAKE_ORDER=0 -DSTAGGER_CYCLES=120 -DSUB_MMA_UNROLL=1 -DTMEM_LOAD_WIDTH=64 ... 2.513 ms / 1743 TFLOPS  (244 regs, 1.7s)
[221/540] -DCVT_ADD_FUSED=0 -DK_LOOP_UNROLL=8 -DMBAR_EARLY=1 -DN_STAGES=5 -DPHASE1_UNROLL=1 -DSNAKE_ORDER=0 -DSTAGGER_CYCLES=120 -DSUB_MMA_UNROLL=1 -DTMEM_LOAD_WIDTH=64 -DW0_LOOP_UNROLL=1 ... 2.485 ms / 1762 TFLOPS  (221 regs, 1.7s)
[222/540] -DCVT_ADD_FUSED=0 -DK_LOOP_UNROLL=8 -DMBAR_EARLY=1 -DN_STAGES=5 -DPHASE1_UNROLL=1 -DSNAKE_ORDER=0 -DSTAGGER_CYCLES=120 -DSUB_MMA_UNROLL=1 -DTMEM_LOAD_WIDTH=64 -DW0_LOOP_UNROLL=4 ... 2.484 ms / 1763 TFLOPS  (221 regs, 1.7s)
[223/540] -DCVT_ADD_FUSED=0 -DK_LOOP_UNROLL=8 -DMBAR_EARLY=1 -DN_STAGES=5 -DPHASE1_UNROLL=1 -DSNAKE_ORDER=0 -DSTAGGER_CYCLES=120 -DSUB_MMA_UNROLL=3 -DTMEM_LOAD_WIDTH=64 ... 2.402 ms / 1824 TFLOPS  (252 regs, 1.7s)
[224/540] -DCVT_ADD_FUSED=0 -DK_LOOP_UNROLL=8 -DMBAR_EARLY=1 -DN_STAGES=5 -DPHASE1_UNROLL=1 -DSNAKE_ORDER=0 -DSTAGGER_CYCLES=120 -DSUB_MMA_UNROLL=3 -DTMEM_LOAD_WIDTH=64 -DW0_LOOP_UNROLL=1 ... 2.407 ms / 1820 TFLOPS  (229 regs, 1.7s)
[225/540] -DCVT_ADD_FUSED=0 -DK_LOOP_UNROLL=8 -DMBAR_EARLY=1 -DN_STAGES=5 -DPHASE1_UNROLL=1 -DSNAKE_ORDER=0 -DSTAGGER_CYCLES=120 -DSUB_MMA_UNROLL=3 -DTMEM_LOAD_WIDTH=64 -DW0_LOOP_UNROLL=4 ... 2.386 ms / 1836 TFLOPS  (229 regs, 1.7s)
[226/540] -DCVT_ADD_FUSED=0 -DK_LOOP_UNROLL=8 -DMBAR_EARLY=1 -DN_STAGES=5 -DPHASE1_UNROLL=1 -DSTAGGER_CYCLES=120 -DTMEM_LOAD_WIDTH=64 ... 2.397 ms / 1827 TFLOPS  (252 regs, 1.7s)
[227/540] -DCVT_ADD_FUSED=0 -DK_LOOP_UNROLL=8 -DMBAR_EARLY=1 -DN_STAGES=5 -DPHASE1_UNROLL=1 -DSTAGGER_CYCLES=120 -DTMEM_LOAD_WIDTH=64 -DW0_LOOP_UNROLL=1 ... 2.404 ms / 1822 TFLOPS  (229 regs, 1.7s)
[228/540] -DCVT_ADD_FUSED=0 -DK_LOOP_UNROLL=8 -DMBAR_EARLY=1 -DN_STAGES=5 -DPHASE1_UNROLL=1 -DSTAGGER_CYCLES=120 -DTMEM_LOAD_WIDTH=64 -DW0_LOOP_UNROLL=4 ... 2.391 ms / 1832 TFLOPS  (229 regs, 1.7s)
[229/540] -DCVT_ADD_FUSED=0 -DK_LOOP_UNROLL=8 -DMBAR_EARLY=1 -DN_STAGES=5 -DPHASE1_UNROLL=1 -DSTAGGER_CYCLES=120 -DSUB_MMA_UNROLL=1 -DTMEM_LOAD_WIDTH=64 ... 2.509 ms / 1746 TFLOPS  (244 regs, 1.7s)
[230/540] -DCVT_ADD_FUSED=0 -DK_LOOP_UNROLL=8 -DMBAR_EARLY=1 -DN_STAGES=5 -DPHASE1_UNROLL=1 -DSTAGGER_CYCLES=120 -DSUB_MMA_UNROLL=1 -DTMEM_LOAD_WIDTH=64 -DW0_LOOP_UNROLL=1 ... 2.499 ms / 1753 TFLOPS  (221 regs, 1.7s)
[231/540] -DCVT_ADD_FUSED=0 -DK_LOOP_UNROLL=8 -DMBAR_EARLY=1 -DN_STAGES=5 -DPHASE1_UNROLL=1 -DSTAGGER_CYCLES=120 -DSUB_MMA_UNROLL=1 -DTMEM_LOAD_WIDTH=64 -DW0_LOOP_UNROLL=4 ... 2.504 ms / 1749 TFLOPS  (221 regs, 1.7s)
[232/540] -DCVT_ADD_FUSED=0 -DK_LOOP_UNROLL=8 -DMBAR_EARLY=1 -DN_STAGES=5 -DPHASE1_UNROLL=1 -DSTAGGER_CYCLES=120 -DSUB_MMA_UNROLL=3 -DTMEM_LOAD_WIDTH=64 ... 2.411 ms / 1816 TFLOPS  (252 regs, 1.7s)
[233/540] -DCVT_ADD_FUSED=0 -DK_LOOP_UNROLL=8 -DMBAR_EARLY=1 -DN_STAGES=5 -DPHASE1_UNROLL=1 -DSTAGGER_CYCLES=120 -DSUB_MMA_UNROLL=3 -DTMEM_LOAD_WIDTH=64 -DW0_LOOP_UNROLL=1 ... 2.425 ms / 1806 TFLOPS  (229 regs, 1.7s)
[234/540] -DCVT_ADD_FUSED=0 -DK_LOOP_UNROLL=8 -DMBAR_EARLY=1 -DN_STAGES=5 -DPHASE1_UNROLL=1 -DSTAGGER_CYCLES=120 -DSUB_MMA_UNROLL=3 -DTMEM_LOAD_WIDTH=64 -DW0_LOOP_UNROLL=4 ... 2.385 ms / 1837 TFLOPS  (229 regs, 1.7s)
[235/540] -DCVT_ADD_FUSED=0 -DK_LOOP_UNROLL=8 -DMBAR_EARLY=1 -DN_STAGES=5 -DSNAKE_ORDER=0 -DSTAGGER_CYCLES=120 -DTMEM_LOAD_WIDTH=64 ... 2.404 ms / 1822 TFLOPS  (255 regs, 1.8s)
[236/540] -DCVT_ADD_FUSED=0 -DK_LOOP_UNROLL=8 -DMBAR_EARLY=1 -DN_STAGES=5 -DSNAKE_ORDER=0 -DSTAGGER_CYCLES=120 -DTMEM_LOAD_WIDTH=64 -DW0_LOOP_UNROLL=1 ... 2.389 ms / 1834 TFLOPS  (248 regs, 1.7s)
[237/540] -DCVT_ADD_FUSED=0 -DK_LOOP_UNROLL=8 -DMBAR_EARLY=1 -DN_STAGES=5 -DSNAKE_ORDER=0 -DSTAGGER_CYCLES=120 -DTMEM_LOAD_WIDTH=64 -DW0_LOOP_UNROLL=4 ... 2.394 ms / 1829 TFLOPS  (248 regs, 1.7s)
[238/540] -DCVT_ADD_FUSED=0 -DK_LOOP_UNROLL=8 -DMBAR_EARLY=1 -DN_STAGES=5 -DSNAKE_ORDER=0 -DSTAGGER_CYCLES=120 -DSUB_MMA_UNROLL=1 -DTMEM_LOAD_WIDTH=64 ... 2.523 ms / 1736 TFLOPS  (252 regs, 1.8s)
[239/540] -DCVT_ADD_FUSED=0 -DK_LOOP_UNROLL=8 -DMBAR_EARLY=1 -DN_STAGES=5 -DSNAKE_ORDER=0 -DSTAGGER_CYCLES=120 -DSUB_MMA_UNROLL=1 -DTMEM_LOAD_WIDTH=64 -DW0_LOOP_UNROLL=1 ... 2.479 ms / 1767 TFLOPS  (243 regs, 1.7s)
[240/540] -DCVT_ADD_FUSED=0 -DK_LOOP_UNROLL=8 -DMBAR_EARLY=1 -DN_STAGES=5 -DSNAKE_ORDER=0 -DSTAGGER_CYCLES=120 -DSUB_MMA_UNROLL=1 -DTMEM_LOAD_WIDTH=64 -DW0_LOOP_UNROLL=4 ... 2.481 ms / 1765 TFLOPS  (243 regs, 1.7s)
[241/540] -DCVT_ADD_FUSED=0 -DK_LOOP_UNROLL=8 -DMBAR_EARLY=1 -DN_STAGES=5 -DSNAKE_ORDER=0 -DSTAGGER_CYCLES=120 -DSUB_MMA_UNROLL=3 -DTMEM_LOAD_WIDTH=64 ... 2.402 ms / 1823 TFLOPS  (255 regs, 1.8s)
[242/540] -DCVT_ADD_FUSED=0 -DK_LOOP_UNROLL=8 -DMBAR_EARLY=1 -DN_STAGES=5 -DSNAKE_ORDER=0 -DSTAGGER_CYCLES=120 -DSUB_MMA_UNROLL=3 -DTMEM_LOAD_WIDTH=64 -DW0_LOOP_UNROLL=1 ... 2.391 ms / 1832 TFLOPS  (248 regs, 1.7s)
[243/540] -DCVT_ADD_FUSED=0 -DK_LOOP_UNROLL=8 -DMBAR_EARLY=1 -DN_STAGES=5 -DSNAKE_ORDER=0 -DSTAGGER_CYCLES=120 -DSUB_MMA_UNROLL=3 -DTMEM_LOAD_WIDTH=64 -DW0_LOOP_UNROLL=4 ... 2.369 ms / 1849 TFLOPS  (248 regs, 1.7s)
[244/540] -DCVT_ADD_FUSED=0 -DK_LOOP_UNROLL=8 -DMBAR_EARLY=1 -DN_STAGES=5 -DSTAGGER_CYCLES=120 -DTMEM_LOAD_WIDTH=64 ... 2.423 ms / 1808 TFLOPS  (255 regs, 1.8s)
[245/540] -DCVT_ADD_FUSED=0 -DK_LOOP_UNROLL=8 -DMBAR_EARLY=1 -DN_STAGES=5 -DSTAGGER_CYCLES=120 -DTMEM_LOAD_WIDTH=64 -DW0_LOOP_UNROLL=1 ... 2.391 ms / 1832 TFLOPS  (248 regs, 1.7s)
[246/540] -DCVT_ADD_FUSED=0 -DK_LOOP_UNROLL=8 -DMBAR_EARLY=1 -DN_STAGES=5 -DSTAGGER_CYCLES=120 -DTMEM_LOAD_WIDTH=64 -DW0_LOOP_UNROLL=4 ... 2.378 ms / 1842 TFLOPS  (248 regs, 1.7s)
[247/540] -DCVT_ADD_FUSED=0 -DK_LOOP_UNROLL=8 -DMBAR_EARLY=1 -DN_STAGES=5 -DSTAGGER_CYCLES=120 -DSUB_MMA_UNROLL=1 -DTMEM_LOAD_WIDTH=64 ... 2.513 ms / 1743 TFLOPS  (252 regs, 1.8s)
[248/540] -DCVT_ADD_FUSED=0 -DK_LOOP_UNROLL=8 -DMBAR_EARLY=1 -DN_STAGES=5 -DSTAGGER_CYCLES=120 -DSUB_MMA_UNROLL=1 -DTMEM_LOAD_WIDTH=64 -DW0_LOOP_UNROLL=1 ... 2.445 ms / 1792 TFLOPS  (243 regs, 1.7s)
[249/540] -DCVT_ADD_FUSED=0 -DK_LOOP_UNROLL=8 -DMBAR_EARLY=1 -DN_STAGES=5 -DSTAGGER_CYCLES=120 -DSUB_MMA_UNROLL=1 -DTMEM_LOAD_WIDTH=64 -DW0_LOOP_UNROLL=4 ... 2.488 ms / 1760 TFLOPS  (243 regs, 1.7s)
[250/540] -DCVT_ADD_FUSED=0 -DK_LOOP_UNROLL=8 -DMBAR_EARLY=1 -DN_STAGES=5 -DSTAGGER_CYCLES=120 -DSUB_MMA_UNROLL=3 -DTMEM_LOAD_WIDTH=64 ... 2.405 ms / 1821 TFLOPS  (255 regs, 1.8s)
[251/540] -DCVT_ADD_FUSED=0 -DK_LOOP_UNROLL=8 -DMBAR_EARLY=1 -DN_STAGES=5 -DSTAGGER_CYCLES=120 -DSUB_MMA_UNROLL=3 -DTMEM_LOAD_WIDTH=64 -DW0_LOOP_UNROLL=1 ... 2.414 ms / 1815 TFLOPS  (248 regs, 1.7s)
[252/540] -DCVT_ADD_FUSED=0 -DK_LOOP_UNROLL=8 -DMBAR_EARLY=1 -DN_STAGES=5 -DSTAGGER_CYCLES=120 -DSUB_MMA_UNROLL=3 -DTMEM_LOAD_WIDTH=64 -DW0_LOOP_UNROLL=4 ... 2.386 ms / 1836 TFLOPS  (248 regs, 1.7s)
[253/540] -DCVT_ADD_FUSED=0 -DK_LOOP_UNROLL=8 -DMBAR_EARLY=1 -DN_STAGES=5 -DPHASE1_UNROLL=4 -DSNAKE_ORDER=0 -DSTAGGER_CYCLES=120 -DTMEM_LOAD_WIDTH=64 ... 2.421 ms / 1809 TFLOPS  (253 regs, 1.8s)
[254/540] -DCVT_ADD_FUSED=0 -DK_LOOP_UNROLL=8 -DMBAR_EARLY=1 -DN_STAGES=5 -DPHASE1_UNROLL=4 -DSNAKE_ORDER=0 -DSTAGGER_CYCLES=120 -DTMEM_LOAD_WIDTH=64 -DW0_LOOP_UNROLL=1 ... 2.465 ms / 1777 TFLOPS  (245 regs, 1.8s)
[255/540] -DCVT_ADD_FUSED=0 -DK_LOOP_UNROLL=8 -DMBAR_EARLY=1 -DN_STAGES=5 -DPHASE1_UNROLL=4 -DSNAKE_ORDER=0 -DSTAGGER_CYCLES=120 -DTMEM_LOAD_WIDTH=64 -DW0_LOOP_UNROLL=4 ... 2.455 ms / 1784 TFLOPS  (245 regs, 1.8s)
[256/540] -DCVT_ADD_FUSED=0 -DK_LOOP_UNROLL=8 -DMBAR_EARLY=1 -DN_STAGES=5 -DPHASE1_UNROLL=4 -DSNAKE_ORDER=0 -DSTAGGER_CYCLES=120 -DSUB_MMA_UNROLL=1 -DTMEM_LOAD_WIDTH=64 ... 2.578 ms / 1699 TFLOPS  (252 regs, 1.8s)
[257/540] -DCVT_ADD_FUSED=0 -DK_LOOP_UNROLL=8 -DMBAR_EARLY=1 -DN_STAGES=5 -DPHASE1_UNROLL=4 -DSNAKE_ORDER=0 -DSTAGGER_CYCLES=120 -DSUB_MMA_UNROLL=1 -DTMEM_LOAD_WIDTH=64 -DW0_LOOP_UNROLL=1 ... 2.506 ms / 1748 TFLOPS  (242 regs, 1.8s)
[258/540] -DCVT_ADD_FUSED=0 -DK_LOOP_UNROLL=8 -DMBAR_EARLY=1 -DN_STAGES=5 -DPHASE1_UNROLL=4 -DSNAKE_ORDER=0 -DSTAGGER_CYCLES=120 -DSUB_MMA_UNROLL=1 -DTMEM_LOAD_WIDTH=64 -DW0_LOOP_UNROLL=4 ... 2.512 ms / 1744 TFLOPS  (242 regs, 1.8s)
[259/540] -DCVT_ADD_FUSED=0 -DK_LOOP_UNROLL=8 -DMBAR_EARLY=1 -DN_STAGES=5 -DPHASE1_UNROLL=4 -DSNAKE_ORDER=0 -DSTAGGER_CYCLES=120 -DSUB_MMA_UNROLL=3 -DTMEM_LOAD_WIDTH=64 ... 2.418 ms / 1812 TFLOPS  (253 regs, 1.8s)
[260/540] -DCVT_ADD_FUSED=0 -DK_LOOP_UNROLL=8 -DMBAR_EARLY=1 -DN_STAGES=5 -DPHASE1_UNROLL=4 -DSNAKE_ORDER=0 -DSTAGGER_CYCLES=120 -DSUB_MMA_UNROLL=3 -DTMEM_LOAD_WIDTH=64 -DW0_LOOP_UNROLL=1 ... 2.459 ms / 1782 TFLOPS  (245 regs, 1.8s)
[261/540] -DCVT_ADD_FUSED=0 -DK_LOOP_UNROLL=8 -DMBAR_EARLY=1 -DN_STAGES=5 -DPHASE1_UNROLL=4 -DSNAKE_ORDER=0 -DSTAGGER_CYCLES=120 -DSUB_MMA_UNROLL=3 -DTMEM_LOAD_WIDTH=64 -DW0_LOOP_UNROLL=4 ... 2.451 ms / 1787 TFLOPS  (245 regs, 1.8s)
[262/540] -DCVT_ADD_FUSED=0 -DK_LOOP_UNROLL=8 -DMBAR_EARLY=1 -DN_STAGES=5 -DPHASE1_UNROLL=4 -DSTAGGER_CYCLES=120 -DTMEM_LOAD_WIDTH=64 ... 2.428 ms / 1804 TFLOPS  (253 regs, 1.8s)
[263/540] -DCVT_ADD_FUSED=0 -DK_LOOP_UNROLL=8 -DMBAR_EARLY=1 -DN_STAGES=5 -DPHASE1_UNROLL=4 -DSTAGGER_CYCLES=120 -DTMEM_LOAD_WIDTH=64 -DW0_LOOP_UNROLL=1 ... 2.468 ms / 1774 TFLOPS  (245 regs, 1.8s)
[264/540] -DCVT_ADD_FUSED=0 -DK_LOOP_UNROLL=8 -DMBAR_EARLY=1 -DN_STAGES=5 -DPHASE1_UNROLL=4 -DSTAGGER_CYCLES=120 -DTMEM_LOAD_WIDTH=64 -DW0_LOOP_UNROLL=4 ... 2.460 ms / 1780 TFLOPS  (245 regs, 1.8s)
[265/540] -DCVT_ADD_FUSED=0 -DK_LOOP_UNROLL=8 -DMBAR_EARLY=1 -DN_STAGES=5 -DPHASE1_UNROLL=4 -DSTAGGER_CYCLES=120 -DSUB_MMA_UNROLL=1 -DTMEM_LOAD_WIDTH=64 ... 2.590 ms / 1691 TFLOPS  (252 regs, 1.8s)
[266/540] -DCVT_ADD_FUSED=0 -DK_LOOP_UNROLL=8 -DMBAR_EARLY=1 -DN_STAGES=5 -DPHASE1_UNROLL=4 -DSTAGGER_CYCLES=120 -DSUB_MMA_UNROLL=1 -DTMEM_LOAD_WIDTH=64 -DW0_LOOP_UNROLL=1 ... 2.495 ms / 1755 TFLOPS  (242 regs, 1.8s)
[267/540] -DCVT_ADD_FUSED=0 -DK_LOOP_UNROLL=8 -DMBAR_EARLY=1 -DN_STAGES=5 -DPHASE1_UNROLL=4 -DSTAGGER_CYCLES=120 -DSUB_MMA_UNROLL=1 -DTMEM_LOAD_WIDTH=64 -DW0_LOOP_UNROLL=4 ... 2.515 ms / 1741 TFLOPS  (242 regs, 1.8s)
[268/540] -DCVT_ADD_FUSED=0 -DK_LOOP_UNROLL=8 -DMBAR_EARLY=1 -DN_STAGES=5 -DPHASE1_UNROLL=4 -DSTAGGER_CYCLES=120 -DSUB_MMA_UNROLL=3 -DTMEM_LOAD_WIDTH=64 ... 2.420 ms / 1810 TFLOPS  (253 regs, 1.8s)
[269/540] -DCVT_ADD_FUSED=0 -DK_LOOP_UNROLL=8 -DMBAR_EARLY=1 -DN_STAGES=5 -DPHASE1_UNROLL=4 -DSTAGGER_CYCLES=120 -DSUB_MMA_UNROLL=3 -DTMEM_LOAD_WIDTH=64 -DW0_LOOP_UNROLL=1 ... 2.476 ms / 1769 TFLOPS  (245 regs, 1.8s)
[270/540] -DCVT_ADD_FUSED=0 -DK_LOOP_UNROLL=8 -DMBAR_EARLY=1 -DN_STAGES=5 -DPHASE1_UNROLL=4 -DSTAGGER_CYCLES=120 -DSUB_MMA_UNROLL=3 -DTMEM_LOAD_WIDTH=64 -DW0_LOOP_UNROLL=4 ... 2.478 ms / 1768 TFLOPS  (245 regs, 1.8s)
[271/540] -DK_LOOP_UNROLL=1 -DMBAR_EARLY=1 -DN_STAGES=5 -DPHASE1_UNROLL=1 -DSNAKE_ORDER=0 -DSTAGGER_CYCLES=120 -DTMEM_LOAD_WIDTH=64 ... 2.420 ms / 1810 TFLOPS  (252 regs, 1.7s)
[272/540] -DK_LOOP_UNROLL=1 -DMBAR_EARLY=1 -DN_STAGES=5 -DPHASE1_UNROLL=1 -DSNAKE_ORDER=0 -DSTAGGER_CYCLES=120 -DTMEM_LOAD_WIDTH=64 -DW0_LOOP_UNROLL=1 ... 2.443 ms / 1793 TFLOPS  (229 regs, 1.6s)
[273/540] -DK_LOOP_UNROLL=1 -DMBAR_EARLY=1 -DN_STAGES=5 -DPHASE1_UNROLL=1 -DSNAKE_ORDER=0 -DSTAGGER_CYCLES=120 -DTMEM_LOAD_WIDTH=64 -DW0_LOOP_UNROLL=4 ... 2.419 ms / 1810 TFLOPS  (229 regs, 1.6s)
[274/540] -DK_LOOP_UNROLL=1 -DMBAR_EARLY=1 -DN_STAGES=5 -DPHASE1_UNROLL=1 -DSNAKE_ORDER=0 -DSTAGGER_CYCLES=120 -DSUB_MMA_UNROLL=1 -DTMEM_LOAD_WIDTH=64 ... 2.583 ms / 1695 TFLOPS  (244 regs, 1.7s)
[275/540] -DK_LOOP_UNROLL=1 -DMBAR_EARLY=1 -DN_STAGES=5 -DPHASE1_UNROLL=1 -DSNAKE_ORDER=0 -DSTAGGER_CYCLES=120 -DSUB_MMA_UNROLL=1 -DTMEM_LOAD_WIDTH=64 -DW0_LOOP_UNROLL=1 ... 2.576 ms / 1700 TFLOPS  (221 regs, 1.6s)
[276/540] -DK_LOOP_UNROLL=1 -DMBAR_EARLY=1 -DN_STAGES=5 -DPHASE1_UNROLL=1 -DSNAKE_ORDER=0 -DSTAGGER_CYCLES=120 -DSUB_MMA_UNROLL=1 -DTMEM_LOAD_WIDTH=64 -DW0_LOOP_UNROLL=4 ... 2.567 ms / 1706 TFLOPS  (221 regs, 1.7s)
[277/540] -DK_LOOP_UNROLL=1 -DMBAR_EARLY=1 -DN_STAGES=5 -DPHASE1_UNROLL=1 -DSNAKE_ORDER=0 -DSTAGGER_CYCLES=120 -DSUB_MMA_UNROLL=3 -DTMEM_LOAD_WIDTH=64 ... 2.437 ms / 1797 TFLOPS  (252 regs, 1.7s)
[278/540] -DK_LOOP_UNROLL=1 -DMBAR_EARLY=1 -DN_STAGES=5 -DPHASE1_UNROLL=1 -DSNAKE_ORDER=0 -DSTAGGER_CYCLES=120 -DSUB_MMA_UNROLL=3 -DTMEM_LOAD_WIDTH=64 -DW0_LOOP_UNROLL=1 ... 2.431 ms / 1802 TFLOPS  (229 regs, 1.6s)
[279/540] -DK_LOOP_UNROLL=1 -DMBAR_EARLY=1 -DN_STAGES=5 -DPHASE1_UNROLL=1 -DSNAKE_ORDER=0 -DSTAGGER_CYCLES=120 -DSUB_MMA_UNROLL=3 -DTMEM_LOAD_WIDTH=64 -DW0_LOOP_UNROLL=4 ... 2.401 ms / 1824 TFLOPS  (229 regs, 1.6s)
[280/540] -DK_LOOP_UNROLL=1 -DMBAR_EARLY=1 -DN_STAGES=5 -DPHASE1_UNROLL=1 -DSTAGGER_CYCLES=120 -DTMEM_LOAD_WIDTH=64 ... 2.429 ms / 1803 TFLOPS  (252 regs, 1.7s)
[281/540] -DK_LOOP_UNROLL=1 -DMBAR_EARLY=1 -DN_STAGES=5 -DPHASE1_UNROLL=1 -DSTAGGER_CYCLES=120 -DTMEM_LOAD_WIDTH=64 -DW0_LOOP_UNROLL=1 ... 2.443 ms / 1793 TFLOPS  (229 regs, 1.6s)
[282/540] -DK_LOOP_UNROLL=1 -DMBAR_EARLY=1 -DN_STAGES=5 -DPHASE1_UNROLL=1 -DSTAGGER_CYCLES=120 -DTMEM_LOAD_WIDTH=64 -DW0_LOOP_UNROLL=4 ... 2.435 ms / 1799 TFLOPS  (229 regs, 1.7s)
[283/540] -DK_LOOP_UNROLL=1 -DMBAR_EARLY=1 -DN_STAGES=5 -DPHASE1_UNROLL=1 -DSTAGGER_CYCLES=120 -DSUB_MMA_UNROLL=1 -DTMEM_LOAD_WIDTH=64 ... 2.595 ms / 1688 TFLOPS  (244 regs, 1.7s)
[284/540] -DK_LOOP_UNROLL=1 -DMBAR_EARLY=1 -DN_STAGES=5 -DPHASE1_UNROLL=1 -DSTAGGER_CYCLES=120 -DSUB_MMA_UNROLL=1 -DTMEM_LOAD_WIDTH=64 -DW0_LOOP_UNROLL=1 ... 2.574 ms / 1701 TFLOPS  (221 regs, 1.6s)
[285/540] -DK_LOOP_UNROLL=1 -DMBAR_EARLY=1 -DN_STAGES=5 -DPHASE1_UNROLL=1 -DSTAGGER_CYCLES=120 -DSUB_MMA_UNROLL=1 -DTMEM_LOAD_WIDTH=64 -DW0_LOOP_UNROLL=4 ... 2.554 ms / 1715 TFLOPS  (221 regs, 1.6s)
[286/540] -DK_LOOP_UNROLL=1 -DMBAR_EARLY=1 -DN_STAGES=5 -DPHASE1_UNROLL=1 -DSTAGGER_CYCLES=120 -DSUB_MMA_UNROLL=3 -DTMEM_LOAD_WIDTH=64 ... 2.430 ms / 1803 TFLOPS  (252 regs, 1.7s)
[287/540] -DK_LOOP_UNROLL=1 -DMBAR_EARLY=1 -DN_STAGES=5 -DPHASE1_UNROLL=1 -DSTAGGER_CYCLES=120 -DSUB_MMA_UNROLL=3 -DTMEM_LOAD_WIDTH=64 -DW0_LOOP_UNROLL=1 ... 2.435 ms / 1799 TFLOPS  (229 regs, 1.6s)
[288/540] -DK_LOOP_UNROLL=1 -DMBAR_EARLY=1 -DN_STAGES=5 -DPHASE1_UNROLL=1 -DSTAGGER_CYCLES=120 -DSUB_MMA_UNROLL=3 -DTMEM_LOAD_WIDTH=64 -DW0_LOOP_UNROLL=4 ... 2.421 ms / 1809 TFLOPS  (229 regs, 1.7s)
[289/540] -DK_LOOP_UNROLL=1 -DMBAR_EARLY=1 -DN_STAGES=5 -DSNAKE_ORDER=0 -DSTAGGER_CYCLES=120 -DTMEM_LOAD_WIDTH=64 ... 2.417 ms / 1812 TFLOPS  (255 regs, 1.7s)
[290/540] -DK_LOOP_UNROLL=1 -DMBAR_EARLY=1 -DN_STAGES=5 -DSNAKE_ORDER=0 -DSTAGGER_CYCLES=120 -DTMEM_LOAD_WIDTH=64 -DW0_LOOP_UNROLL=1 ... 2.405 ms / 1821 TFLOPS  (248 regs, 1.7s)
[291/540] -DK_LOOP_UNROLL=1 -DMBAR_EARLY=1 -DN_STAGES=5 -DSNAKE_ORDER=0 -DSTAGGER_CYCLES=120 -DTMEM_LOAD_WIDTH=64 -DW0_LOOP_UNROLL=4 ... 2.384 ms / 1837 TFLOPS  (248 regs, 1.7s)
[292/540] -DK_LOOP_UNROLL=1 -DMBAR_EARLY=1 -DN_STAGES=5 -DSNAKE_ORDER=0 -DSTAGGER_CYCLES=120 -DSUB_MMA_UNROLL=1 -DTMEM_LOAD_WIDTH=64 ... 2.563 ms / 1709 TFLOPS  (252 regs, 1.7s)
[293/540] -DK_LOOP_UNROLL=1 -DMBAR_EARLY=1 -DN_STAGES=5 -DSNAKE_ORDER=0 -DSTAGGER_CYCLES=120 -DSUB_MMA_UNROLL=1 -DTMEM_LOAD_WIDTH=64 -DW0_LOOP_UNROLL=1 ... 2.526 ms / 1734 TFLOPS  (243 regs, 1.7s)
[294/540] -DK_LOOP_UNROLL=1 -DMBAR_EARLY=1 -DN_STAGES=5 -DSNAKE_ORDER=0 -DSTAGGER_CYCLES=120 -DSUB_MMA_UNROLL=1 -DTMEM_LOAD_WIDTH=64 -DW0_LOOP_UNROLL=4 ... 2.550 ms / 1718 TFLOPS  (243 regs, 1.7s)
[295/540] -DK_LOOP_UNROLL=1 -DMBAR_EARLY=1 -DN_STAGES=5 -DSNAKE_ORDER=0 -DSTAGGER_CYCLES=120 -DSUB_MMA_UNROLL=3 -DTMEM_LOAD_WIDTH=64 ... 2.411 ms / 1817 TFLOPS  (255 regs, 1.7s)
[296/540] -DK_LOOP_UNROLL=1 -DMBAR_EARLY=1 -DN_STAGES=5 -DSNAKE_ORDER=0 -DSTAGGER_CYCLES=120 -DSUB_MMA_UNROLL=3 -DTMEM_LOAD_WIDTH=64 -DW0_LOOP_UNROLL=1 ... 2.404 ms / 1822 TFLOPS  (248 regs, 1.7s)
[297/540] -DK_LOOP_UNROLL=1 -DMBAR_EARLY=1 -DN_STAGES=5 -DSNAKE_ORDER=0 -DSTAGGER_CYCLES=120 -DSUB_MMA_UNROLL=3 -DTMEM_LOAD_WIDTH=64 -DW0_LOOP_UNROLL=4 ... 2.378 ms / 1842 TFLOPS  (248 regs, 1.7s)
[298/540] -DK_LOOP_UNROLL=1 -DMBAR_EARLY=1 -DN_STAGES=5 -DSTAGGER_CYCLES=120 -DTMEM_LOAD_WIDTH=64 ... 2.418 ms / 1812 TFLOPS  (255 regs, 1.8s)
[299/540] -DK_LOOP_UNROLL=1 -DMBAR_EARLY=1 -DN_STAGES=5 -DSTAGGER_CYCLES=120 -DTMEM_LOAD_WIDTH=64 -DW0_LOOP_UNROLL=1 ... 2.427 ms / 1805 TFLOPS  (248 regs, 1.7s)
[300/540] -DK_LOOP_UNROLL=1 -DMBAR_EARLY=1 -DN_STAGES=5 -DSTAGGER_CYCLES=120 -DTMEM_LOAD_WIDTH=64 -DW0_LOOP_UNROLL=4 ... 2.404 ms / 1822 TFLOPS  (248 regs, 1.7s)
[301/540] -DK_LOOP_UNROLL=1 -DMBAR_EARLY=1 -DN_STAGES=5 -DSTAGGER_CYCLES=120 -DSUB_MMA_UNROLL=1 -DTMEM_LOAD_WIDTH=64 ... 2.555 ms / 1714 TFLOPS  (252 regs, 1.7s)
[302/540] -DK_LOOP_UNROLL=1 -DMBAR_EARLY=1 -DN_STAGES=5 -DSTAGGER_CYCLES=120 -DSUB_MMA_UNROLL=1 -DTMEM_LOAD_WIDTH=64 -DW0_LOOP_UNROLL=1 ... 2.547 ms / 1719 TFLOPS  (243 regs, 1.7s)
[303/540] -DK_LOOP_UNROLL=1 -DMBAR_EARLY=1 -DN_STAGES=5 -DSTAGGER_CYCLES=120 -DSUB_MMA_UNROLL=1 -DTMEM_LOAD_WIDTH=64 -DW0_LOOP_UNROLL=4 ... 2.540 ms / 1724 TFLOPS  (243 regs, 1.7s)
[304/540] -DK_LOOP_UNROLL=1 -DMBAR_EARLY=1 -DN_STAGES=5 -DSTAGGER_CYCLES=120 -DSUB_MMA_UNROLL=3 -DTMEM_LOAD_WIDTH=64 ... 2.430 ms / 1802 TFLOPS  (255 regs, 1.7s)
[305/540] -DK_LOOP_UNROLL=1 -DMBAR_EARLY=1 -DN_STAGES=5 -DSTAGGER_CYCLES=120 -DSUB_MMA_UNROLL=3 -DTMEM_LOAD_WIDTH=64 -DW0_LOOP_UNROLL=1 ... 2.419 ms / 1811 TFLOPS  (248 regs, 1.7s)
[306/540] -DK_LOOP_UNROLL=1 -DMBAR_EARLY=1 -DN_STAGES=5 -DSTAGGER_CYCLES=120 -DSUB_MMA_UNROLL=3 -DTMEM_LOAD_WIDTH=64 -DW0_LOOP_UNROLL=4 ... 2.416 ms / 1813 TFLOPS  (248 regs, 1.7s)
[307/540] -DK_LOOP_UNROLL=1 -DMBAR_EARLY=1 -DN_STAGES=5 -DPHASE1_UNROLL=4 -DSNAKE_ORDER=0 -DSTAGGER_CYCLES=120 -DTMEM_LOAD_WIDTH=64 ... 2.421 ms / 1809 TFLOPS  (253 regs, 1.8s)
[308/540] -DK_LOOP_UNROLL=1 -DMBAR_EARLY=1 -DN_STAGES=5 -DPHASE1_UNROLL=4 -DSNAKE_ORDER=0 -DSTAGGER_CYCLES=120 -DTMEM_LOAD_WIDTH=64 -DW0_LOOP_UNROLL=1 ... 2.470 ms / 1773 TFLOPS  (245 regs, 1.7s)
[309/540] -DK_LOOP_UNROLL=1 -DMBAR_EARLY=1 -DN_STAGES=5 -DPHASE1_UNROLL=4 -DSNAKE_ORDER=0 -DSTAGGER_CYCLES=120 -DTMEM_LOAD_WIDTH=64 -DW0_LOOP_UNROLL=4 ... 2.455 ms / 1784 TFLOPS  (245 regs, 1.8s)
[310/540] -DK_LOOP_UNROLL=1 -DMBAR_EARLY=1 -DN_STAGES=5 -DPHASE1_UNROLL=4 -DSNAKE_ORDER=0 -DSTAGGER_CYCLES=120 -DSUB_MMA_UNROLL=1 -DTMEM_LOAD_WIDTH=64 ... 2.630 ms / 1665 TFLOPS  (252 regs, 1.8s)
[311/540] -DK_LOOP_UNROLL=1 -DMBAR_EARLY=1 -DN_STAGES=5 -DPHASE1_UNROLL=4 -DSNAKE_ORDER=0 -DSTAGGER_CYCLES=120 -DSUB_MMA_UNROLL=1 -DTMEM_LOAD_WIDTH=64 -DW0_LOOP_UNROLL=1 ... 2.591 ms / 1691 TFLOPS  (242 regs, 1.8s)
[312/540] -DK_LOOP_UNROLL=1 -DMBAR_EARLY=1 -DN_STAGES=5 -DPHASE1_UNROLL=4 -DSNAKE_ORDER=0 -DSTAGGER_CYCLES=120 -DSUB_MMA_UNROLL=1 -DTMEM_LOAD_WIDTH=64 -DW0_LOOP_UNROLL=4 ... 2.578 ms / 1699 TFLOPS  (242 regs, 1.8s)
[313/540] -DK_LOOP_UNROLL=1 -DMBAR_EARLY=1 -DN_STAGES=5 -DPHASE1_UNROLL=4 -DSNAKE_ORDER=0 -DSTAGGER_CYCLES=120 -DSUB_MMA_UNROLL=3 -DTMEM_LOAD_WIDTH=64 ... 2.441 ms / 1795 TFLOPS  (253 regs, 1.8s)
[314/540] -DK_LOOP_UNROLL=1 -DMBAR_EARLY=1 -DN_STAGES=5 -DPHASE1_UNROLL=4 -DSNAKE_ORDER=0 -DSTAGGER_CYCLES=120 -DSUB_MMA_UNROLL=3 -DTMEM_LOAD_WIDTH=64 -DW0_LOOP_UNROLL=1 ... 2.468 ms / 1775 TFLOPS  (245 regs, 1.8s)
[315/540] -DK_LOOP_UNROLL=1 -DMBAR_EARLY=1 -DN_STAGES=5 -DPHASE1_UNROLL=4 -DSNAKE_ORDER=0 -DSTAGGER_CYCLES=120 -DSUB_MMA_UNROLL=3 -DTMEM_LOAD_WIDTH=64 -DW0_LOOP_UNROLL=4 ... 2.458 ms / 1782 TFLOPS  (245 regs, 1.8s)
[316/540] -DK_LOOP_UNROLL=1 -DMBAR_EARLY=1 -DN_STAGES=5 -DPHASE1_UNROLL=4 -DSTAGGER_CYCLES=120 -DTMEM_LOAD_WIDTH=64 ... 2.420 ms / 1810 TFLOPS  (253 regs, 1.8s)
[317/540] -DK_LOOP_UNROLL=1 -DMBAR_EARLY=1 -DN_STAGES=5 -DPHASE1_UNROLL=4 -DSTAGGER_CYCLES=120 -DTMEM_LOAD_WIDTH=64 -DW0_LOOP_UNROLL=1 ... 2.466 ms / 1776 TFLOPS  (245 regs, 1.8s)
[318/540] -DK_LOOP_UNROLL=1 -DMBAR_EARLY=1 -DN_STAGES=5 -DPHASE1_UNROLL=4 -DSTAGGER_CYCLES=120 -DTMEM_LOAD_WIDTH=64 -DW0_LOOP_UNROLL=4 ... 2.469 ms / 1774 TFLOPS  (245 regs, 1.8s)
[319/540] -DK_LOOP_UNROLL=1 -DMBAR_EARLY=1 -DN_STAGES=5 -DPHASE1_UNROLL=4 -DSTAGGER_CYCLES=120 -DSUB_MMA_UNROLL=1 -DTMEM_LOAD_WIDTH=64 ... 2.629 ms / 1666 TFLOPS  (252 regs, 1.8s)
[320/540] -DK_LOOP_UNROLL=1 -DMBAR_EARLY=1 -DN_STAGES=5 -DPHASE1_UNROLL=4 -DSTAGGER_CYCLES=120 -DSUB_MMA_UNROLL=1 -DTMEM_LOAD_WIDTH=64 -DW0_LOOP_UNROLL=1 ... 2.558 ms / 1712 TFLOPS  (242 regs, 1.8s)
[321/540] -DK_LOOP_UNROLL=1 -DMBAR_EARLY=1 -DN_STAGES=5 -DPHASE1_UNROLL=4 -DSTAGGER_CYCLES=120 -DSUB_MMA_UNROLL=1 -DTMEM_LOAD_WIDTH=64 -DW0_LOOP_UNROLL=4 ... 2.567 ms / 1706 TFLOPS  (242 regs, 1.8s)
[322/540] -DK_LOOP_UNROLL=1 -DMBAR_EARLY=1 -DN_STAGES=5 -DPHASE1_UNROLL=4 -DSTAGGER_CYCLES=120 -DSUB_MMA_UNROLL=3 -DTMEM_LOAD_WIDTH=64 ... 2.437 ms / 1798 TFLOPS  (253 regs, 1.8s)
[323/540] -DK_LOOP_UNROLL=1 -DMBAR_EARLY=1 -DN_STAGES=5 -DPHASE1_UNROLL=4 -DSTAGGER_CYCLES=120 -DSUB_MMA_UNROLL=3 -DTMEM_LOAD_WIDTH=64 -DW0_LOOP_UNROLL=1 ... 2.478 ms / 1767 TFLOPS  (245 regs, 1.8s)
[324/540] -DK_LOOP_UNROLL=1 -DMBAR_EARLY=1 -DN_STAGES=5 -DPHASE1_UNROLL=4 -DSTAGGER_CYCLES=120 -DSUB_MMA_UNROLL=3 -DTMEM_LOAD_WIDTH=64 -DW0_LOOP_UNROLL=4 ... 2.459 ms / 1781 TFLOPS  (245 regs, 1.8s)
[325/540] -DK_LOOP_UNROLL=2 -DMBAR_EARLY=1 -DN_STAGES=5 -DPHASE1_UNROLL=1 -DSNAKE_ORDER=0 -DSTAGGER_CYCLES=120 -DTMEM_LOAD_WIDTH=64 ... 2.426 ms / 1805 TFLOPS  (252 regs, 1.7s)
[326/540] -DK_LOOP_UNROLL=2 -DMBAR_EARLY=1 -DN_STAGES=5 -DPHASE1_UNROLL=1 -DSNAKE_ORDER=0 -DSTAGGER_CYCLES=120 -DTMEM_LOAD_WIDTH=64 -DW0_LOOP_UNROLL=1 ... 2.415 ms / 1814 TFLOPS  (229 regs, 1.7s)
[327/540] -DK_LOOP_UNROLL=2 -DMBAR_EARLY=1 -DN_STAGES=5 -DPHASE1_UNROLL=1 -DSNAKE_ORDER=0 -DSTAGGER_CYCLES=120 -DTMEM_LOAD_WIDTH=64 -DW0_LOOP_UNROLL=4 ... 2.414 ms / 1814 TFLOPS  (229 regs, 1.7s)
[328/540] -DK_LOOP_UNROLL=2 -DMBAR_EARLY=1 -DN_STAGES=5 -DPHASE1_UNROLL=1 -DSNAKE_ORDER=0 -DSTAGGER_CYCLES=120 -DSUB_MMA_UNROLL=1 -DTMEM_LOAD_WIDTH=64 ... 2.550 ms / 1718 TFLOPS  (244 regs, 1.7s)
[329/540] -DK_LOOP_UNROLL=2 -DMBAR_EARLY=1 -DN_STAGES=5 -DPHASE1_UNROLL=1 -DSNAKE_ORDER=0 -DSTAGGER_CYCLES=120 -DSUB_MMA_UNROLL=1 -DTMEM_LOAD_WIDTH=64 -DW0_LOOP_UNROLL=1 ... 2.551 ms / 1717 TFLOPS  (221 regs, 1.6s)
[330/540] -DK_LOOP_UNROLL=2 -DMBAR_EARLY=1 -DN_STAGES=5 -DPHASE1_UNROLL=1 -DSNAKE_ORDER=0 -DSTAGGER_CYCLES=120 -DSUB_MMA_UNROLL=1 -DTMEM_LOAD_WIDTH=64 -DW0_LOOP_UNROLL=4 ... 2.537 ms / 1727 TFLOPS  (221 regs, 1.7s)
[331/540] -DK_LOOP_UNROLL=2 -DMBAR_EARLY=1 -DN_STAGES=5 -DPHASE1_UNROLL=1 -DSNAKE_ORDER=0 -DSTAGGER_CYCLES=120 -DSUB_MMA_UNROLL=3 -DTMEM_LOAD_WIDTH=64 ... 2.423 ms / 1808 TFLOPS  (252 regs, 1.7s)
[332/540] -DK_LOOP_UNROLL=2 -DMBAR_EARLY=1 -DN_STAGES=5 -DPHASE1_UNROLL=1 -DSNAKE_ORDER=0 -DSTAGGER_CYCLES=120 -DSUB_MMA_UNROLL=3 -DTMEM_LOAD_WIDTH=64 -DW0_LOOP_UNROLL=1 ... 2.421 ms / 1809 TFLOPS  (229 regs, 1.6s)
[333/540] -DK_LOOP_UNROLL=2 -DMBAR_EARLY=1 -DN_STAGES=5 -DPHASE1_UNROLL=1 -DSNAKE_ORDER=0 -DSTAGGER_CYCLES=120 -DSUB_MMA_UNROLL=3 -DTMEM_LOAD_WIDTH=64 -DW0_LOOP_UNROLL=4 ... 2.421 ms / 1809 TFLOPS  (229 regs, 1.6s)
[334/540] -DK_LOOP_UNROLL=2 -DMBAR_EARLY=1 -DN_STAGES=5 -DPHASE1_UNROLL=1 -DSTAGGER_CYCLES=120 -DTMEM_LOAD_WIDTH=64 ... 2.419 ms / 1810 TFLOPS  (252 regs, 1.7s)
[335/540] -DK_LOOP_UNROLL=2 -DMBAR_EARLY=1 -DN_STAGES=5 -DPHASE1_UNROLL=1 -DSTAGGER_CYCLES=120 -DTMEM_LOAD_WIDTH=64 -DW0_LOOP_UNROLL=1 ... 2.419 ms / 1810 TFLOPS  (229 regs, 1.7s)
[336/540] -DK_LOOP_UNROLL=2 -DMBAR_EARLY=1 -DN_STAGES=5 -DPHASE1_UNROLL=1 -DSTAGGER_CYCLES=120 -DTMEM_LOAD_WIDTH=64 -DW0_LOOP_UNROLL=4 ... 2.413 ms / 1815 TFLOPS  (229 regs, 1.7s)
[337/540] -DK_LOOP_UNROLL=2 -DMBAR_EARLY=1 -DN_STAGES=5 -DPHASE1_UNROLL=1 -DSTAGGER_CYCLES=120 -DSUB_MMA_UNROLL=1 -DTMEM_LOAD_WIDTH=64 ... 2.557 ms / 1713 TFLOPS  (244 regs, 1.7s)
[338/540] -DK_LOOP_UNROLL=2 -DMBAR_EARLY=1 -DN_STAGES=5 -DPHASE1_UNROLL=1 -DSTAGGER_CYCLES=120 -DSUB_MMA_UNROLL=1 -DTMEM_LOAD_WIDTH=64 -DW0_LOOP_UNROLL=1 ... 2.525 ms / 1734 TFLOPS  (221 regs, 1.7s)
[339/540] -DK_LOOP_UNROLL=2 -DMBAR_EARLY=1 -DN_STAGES=5 -DPHASE1_UNROLL=1 -DSTAGGER_CYCLES=120 -DSUB_MMA_UNROLL=1 -DTMEM_LOAD_WIDTH=64 -DW0_LOOP_UNROLL=4 ... 2.533 ms / 1729 TFLOPS  (221 regs, 1.6s)
[340/540] -DK_LOOP_UNROLL=2 -DMBAR_EARLY=1 -DN_STAGES=5 -DPHASE1_UNROLL=1 -DSTAGGER_CYCLES=120 -DSUB_MMA_UNROLL=3 -DTMEM_LOAD_WIDTH=64 ... 2.427 ms / 1805 TFLOPS  (252 regs, 1.7s)
[341/540] -DK_LOOP_UNROLL=2 -DMBAR_EARLY=1 -DN_STAGES=5 -DPHASE1_UNROLL=1 -DSTAGGER_CYCLES=120 -DSUB_MMA_UNROLL=3 -DTMEM_LOAD_WIDTH=64 -DW0_LOOP_UNROLL=1 ... 2.422 ms / 1809 TFLOPS  (229 regs, 1.6s)
[342/540] -DK_LOOP_UNROLL=2 -DMBAR_EARLY=1 -DN_STAGES=5 -DPHASE1_UNROLL=1 -DSTAGGER_CYCLES=120 -DSUB_MMA_UNROLL=3 -DTMEM_LOAD_WIDTH=64 -DW0_LOOP_UNROLL=4 ... 2.409 ms / 1818 TFLOPS  (229 regs, 1.6s)
[343/540] -DK_LOOP_UNROLL=2 -DMBAR_EARLY=1 -DN_STAGES=5 -DSNAKE_ORDER=0 -DSTAGGER_CYCLES=120 -DTMEM_LOAD_WIDTH=64 ... 2.406 ms / 1820 TFLOPS  (255 regs, 1.7s)
[344/540] -DK_LOOP_UNROLL=2 -DMBAR_EARLY=1 -DN_STAGES=5 -DSNAKE_ORDER=0 -DSTAGGER_CYCLES=120 -DTMEM_LOAD_WIDTH=64 -DW0_LOOP_UNROLL=1 ... 2.402 ms / 1823 TFLOPS  (248 regs, 1.7s)
[345/540] -DK_LOOP_UNROLL=2 -DMBAR_EARLY=1 -DN_STAGES=5 -DSNAKE_ORDER=0 -DSTAGGER_CYCLES=120 -DTMEM_LOAD_WIDTH=64 -DW0_LOOP_UNROLL=4 ... 2.392 ms / 1831 TFLOPS  (248 regs, 1.7s)
[346/540] -DK_LOOP_UNROLL=2 -DMBAR_EARLY=1 -DN_STAGES=5 -DSNAKE_ORDER=0 -DSTAGGER_CYCLES=120 -DSUB_MMA_UNROLL=1 -DTMEM_LOAD_WIDTH=64 ... 2.553 ms / 1715 TFLOPS  (252 regs, 1.7s)
[347/540] -DK_LOOP_UNROLL=2 -DMBAR_EARLY=1 -DN_STAGES=5 -DSNAKE_ORDER=0 -DSTAGGER_CYCLES=120 -DSUB_MMA_UNROLL=1 -DTMEM_LOAD_WIDTH=64 -DW0_LOOP_UNROLL=1 ... 2.508 ms / 1747 TFLOPS  (243 regs, 1.7s)
[348/540] -DK_LOOP_UNROLL=2 -DMBAR_EARLY=1 -DN_STAGES=5 -DSNAKE_ORDER=0 -DSTAGGER_CYCLES=120 -DSUB_MMA_UNROLL=1 -DTMEM_LOAD_WIDTH=64 -DW0_LOOP_UNROLL=4 ... 2.529 ms / 1732 TFLOPS  (243 regs, 1.7s)
[349/540] -DK_LOOP_UNROLL=2 -DMBAR_EARLY=1 -DN_STAGES=5 -DSNAKE_ORDER=0 -DSTAGGER_CYCLES=120 -DSUB_MMA_UNROLL=3 -DTMEM_LOAD_WIDTH=64 ... 2.417 ms / 1812 TFLOPS  (255 regs, 1.7s)
[350/540] -DK_LOOP_UNROLL=2 -DMBAR_EARLY=1 -DN_STAGES=5 -DSNAKE_ORDER=0 -DSTAGGER_CYCLES=120 -DSUB_MMA_UNROLL=3 -DTMEM_LOAD_WIDTH=64 -DW0_LOOP_UNROLL=1 ... 2.416 ms / 1813 TFLOPS  (248 regs, 1.7s)
[351/540] -DK_LOOP_UNROLL=2 -DMBAR_EARLY=1 -DN_STAGES=5 -DSNAKE_ORDER=0 -DSTAGGER_CYCLES=120 -DSUB_MMA_UNROLL=3 -DTMEM_LOAD_WIDTH=64 -DW0_LOOP_UNROLL=4 ... 2.398 ms / 1826 TFLOPS  (248 regs, 1.7s)
[352/540] -DK_LOOP_UNROLL=2 -DMBAR_EARLY=1 -DN_STAGES=5 -DSTAGGER_CYCLES=120 -DTMEM_LOAD_WIDTH=64 ... 2.405 ms / 1821 TFLOPS  (255 regs, 1.7s)
[353/540] -DK_LOOP_UNROLL=2 -DMBAR_EARLY=1 -DN_STAGES=5 -DSTAGGER_CYCLES=120 -DTMEM_LOAD_WIDTH=64 -DW0_LOOP_UNROLL=1 ... 2.407 ms / 1819 TFLOPS  (248 regs, 1.7s)
[354/540] -DK_LOOP_UNROLL=2 -DMBAR_EARLY=1 -DN_STAGES=5 -DSTAGGER_CYCLES=120 -DTMEM_LOAD_WIDTH=64 -DW0_LOOP_UNROLL=4 ... 2.408 ms / 1819 TFLOPS  (248 regs, 1.7s)
[355/540] -DK_LOOP_UNROLL=2 -DMBAR_EARLY=1 -DN_STAGES=5 -DSTAGGER_CYCLES=120 -DSUB_MMA_UNROLL=1 -DTMEM_LOAD_WIDTH=64 ... 2.544 ms / 1722 TFLOPS  (252 regs, 1.7s)
[356/540] -DK_LOOP_UNROLL=2 -DMBAR_EARLY=1 -DN_STAGES=5 -DSTAGGER_CYCLES=120 -DSUB_MMA_UNROLL=1 -DTMEM_LOAD_WIDTH=64 -DW0_LOOP_UNROLL=1 ... 2.518 ms / 1739 TFLOPS  (243 regs, 1.7s)
[357/540] -DK_LOOP_UNROLL=2 -DMBAR_EARLY=1 -DN_STAGES=5 -DSTAGGER_CYCLES=120 -DSUB_MMA_UNROLL=1 -DTMEM_LOAD_WIDTH=64 -DW0_LOOP_UNROLL=4 ... 2.521 ms / 1737 TFLOPS  (243 regs, 1.7s)
[358/540] -DK_LOOP_UNROLL=2 -DMBAR_EARLY=1 -DN_STAGES=5 -DSTAGGER_CYCLES=120 -DSUB_MMA_UNROLL=3 -DTMEM_LOAD_WIDTH=64 ... 2.406 ms / 1821 TFLOPS  (255 regs, 1.7s)
[359/540] -DK_LOOP_UNROLL=2 -DMBAR_EARLY=1 -DN_STAGES=5 -DSTAGGER_CYCLES=120 -DSUB_MMA_UNROLL=3 -DTMEM_LOAD_WIDTH=64 -DW0_LOOP_UNROLL=1 ... 2.401 ms / 1824 TFLOPS  (248 regs, 1.7s)
[360/540] -DK_LOOP_UNROLL=2 -DMBAR_EARLY=1 -DN_STAGES=5 -DSTAGGER_CYCLES=120 -DSUB_MMA_UNROLL=3 -DTMEM_LOAD_WIDTH=64 -DW0_LOOP_UNROLL=4 ... 2.390 ms / 1833 TFLOPS  (248 regs, 1.7s)
[361/540] -DK_LOOP_UNROLL=2 -DMBAR_EARLY=1 -DN_STAGES=5 -DPHASE1_UNROLL=4 -DSNAKE_ORDER=0 -DSTAGGER_CYCLES=120 -DTMEM_LOAD_WIDTH=64 ... 2.441 ms / 1794 TFLOPS  (253 regs, 1.8s)
[362/540] -DK_LOOP_UNROLL=2 -DMBAR_EARLY=1 -DN_STAGES=5 -DPHASE1_UNROLL=4 -DSNAKE_ORDER=0 -DSTAGGER_CYCLES=120 -DTMEM_LOAD_WIDTH=64 -DW0_LOOP_UNROLL=1 ... 2.473 ms / 1771 TFLOPS  (245 regs, 1.8s)
[363/540] -DK_LOOP_UNROLL=2 -DMBAR_EARLY=1 -DN_STAGES=5 -DPHASE1_UNROLL=4 -DSNAKE_ORDER=0 -DSTAGGER_CYCLES=120 -DTMEM_LOAD_WIDTH=64 -DW0_LOOP_UNROLL=4 ... 2.489 ms / 1760 TFLOPS  (245 regs, 1.8s)
[364/540] -DK_LOOP_UNROLL=2 -DMBAR_EARLY=1 -DN_STAGES=5 -DPHASE1_UNROLL=4 -DSNAKE_ORDER=0 -DSTAGGER_CYCLES=120 -DSUB_MMA_UNROLL=1 -DTMEM_LOAD_WIDTH=64 ... 2.623 ms / 1670 TFLOPS  (252 regs, 1.8s)
[365/540] -DK_LOOP_UNROLL=2 -DMBAR_EARLY=1 -DN_STAGES=5 -DPHASE1_UNROLL=4 -DSNAKE_ORDER=0 -DSTAGGER_CYCLES=120 -DSUB_MMA_UNROLL=1 -DTMEM_LOAD_WIDTH=64 -DW0_LOOP_UNROLL=1 ... 2.523 ms / 1736 TFLOPS  (242 regs, 1.8s)
[366/540] -DK_LOOP_UNROLL=2 -DMBAR_EARLY=1 -DN_STAGES=5 -DPHASE1_UNROLL=4 -DSNAKE_ORDER=0 -DSTAGGER_CYCLES=120 -DSUB_MMA_UNROLL=1 -DTMEM_LOAD_WIDTH=64 -DW0_LOOP_UNROLL=4 ... 2.553 ms / 1716 TFLOPS  (242 regs, 1.8s)
[367/540] -DK_LOOP_UNROLL=2 -DMBAR_EARLY=1 -DN_STAGES=5 -DPHASE1_UNROLL=4 -DSNAKE_ORDER=0 -DSTAGGER_CYCLES=120 -DSUB_MMA_UNROLL=3 -DTMEM_LOAD_WIDTH=64 ... 2.441 ms / 1795 TFLOPS  (253 regs, 1.8s)
[368/540] -DK_LOOP_UNROLL=2 -DMBAR_EARLY=1 -DN_STAGES=5 -DPHASE1_UNROLL=4 -DSNAKE_ORDER=0 -DSTAGGER_CYCLES=120 -DSUB_MMA_UNROLL=3 -DTMEM_LOAD_WIDTH=64 -DW0_LOOP_UNROLL=1 ... 2.473 ms / 1771 TFLOPS  (245 regs, 1.8s)
[369/540] -DK_LOOP_UNROLL=2 -DMBAR_EARLY=1 -DN_STAGES=5 -DPHASE1_UNROLL=4 -DSNAKE_ORDER=0 -DSTAGGER_CYCLES=120 -DSUB_MMA_UNROLL=3 -DTMEM_LOAD_WIDTH=64 -DW0_LOOP_UNROLL=4 ... 2.487 ms / 1761 TFLOPS  (245 regs, 1.8s)
[370/540] -DK_LOOP_UNROLL=2 -DMBAR_EARLY=1 -DN_STAGES=5 -DPHASE1_UNROLL=4 -DSTAGGER_CYCLES=120 -DTMEM_LOAD_WIDTH=64 ... 2.421 ms / 1809 TFLOPS  (253 regs, 1.8s)
[371/540] -DK_LOOP_UNROLL=2 -DMBAR_EARLY=1 -DN_STAGES=5 -DPHASE1_UNROLL=4 -DSTAGGER_CYCLES=120 -DTMEM_LOAD_WIDTH=64 -DW0_LOOP_UNROLL=1 ... 2.477 ms / 1768 TFLOPS  (245 regs, 1.8s)
[372/540] -DK_LOOP_UNROLL=2 -DMBAR_EARLY=1 -DN_STAGES=5 -DPHASE1_UNROLL=4 -DSTAGGER_CYCLES=120 -DTMEM_LOAD_WIDTH=64 -DW0_LOOP_UNROLL=4 ... 2.487 ms / 1761 TFLOPS  (245 regs, 1.8s)
[373/540] -DK_LOOP_UNROLL=2 -DMBAR_EARLY=1 -DN_STAGES=5 -DPHASE1_UNROLL=4 -DSTAGGER_CYCLES=120 -DSUB_MMA_UNROLL=1 -DTMEM_LOAD_WIDTH=64 ... 2.613 ms / 1676 TFLOPS  (252 regs, 1.8s)
[374/540] -DK_LOOP_UNROLL=2 -DMBAR_EARLY=1 -DN_STAGES=5 -DPHASE1_UNROLL=4 -DSTAGGER_CYCLES=120 -DSUB_MMA_UNROLL=1 -DTMEM_LOAD_WIDTH=64 -DW0_LOOP_UNROLL=1 ... 2.541 ms / 1724 TFLOPS  (242 regs, 1.8s)
[375/540] -DK_LOOP_UNROLL=2 -DMBAR_EARLY=1 -DN_STAGES=5 -DPHASE1_UNROLL=4 -DSTAGGER_CYCLES=120 -DSUB_MMA_UNROLL=1 -DTMEM_LOAD_WIDTH=64 -DW0_LOOP_UNROLL=4 ... 2.537 ms / 1726 TFLOPS  (242 regs, 1.8s)
[376/540] -DK_LOOP_UNROLL=2 -DMBAR_EARLY=1 -DN_STAGES=5 -DPHASE1_UNROLL=4 -DSTAGGER_CYCLES=120 -DSUB_MMA_UNROLL=3 -DTMEM_LOAD_WIDTH=64 ... 2.429 ms / 1803 TFLOPS  (253 regs, 1.8s)
[377/540] -DK_LOOP_UNROLL=2 -DMBAR_EARLY=1 -DN_STAGES=5 -DPHASE1_UNROLL=4 -DSTAGGER_CYCLES=120 -DSUB_MMA_UNROLL=3 -DTMEM_LOAD_WIDTH=64 -DW0_LOOP_UNROLL=1 ... 2.488 ms / 1761 TFLOPS  (245 regs, 1.8s)
[378/540] -DK_LOOP_UNROLL=2 -DMBAR_EARLY=1 -DN_STAGES=5 -DPHASE1_UNROLL=4 -DSTAGGER_CYCLES=120 -DSUB_MMA_UNROLL=3 -DTMEM_LOAD_WIDTH=64 -DW0_LOOP_UNROLL=4 ... 2.480 ms / 1766 TFLOPS  (245 regs, 1.8s)
[379/540] -DMBAR_EARLY=1 -DN_STAGES=5 -DPHASE1_UNROLL=1 -DSNAKE_ORDER=0 -DSTAGGER_CYCLES=120 -DTMEM_LOAD_WIDTH=64 ... 1.555 ms / 2816 TFLOPS  (255 regs, 1.7s)
[380/540] -DMBAR_EARLY=1 -DN_STAGES=5 -DPHASE1_UNROLL=1 -DSNAKE_ORDER=0 -DSTAGGER_CYCLES=120 -DTMEM_LOAD_WIDTH=64 -DW0_LOOP_UNROLL=1 ... 2.375 ms / 1845 TFLOPS  (254 regs, 1.6s)
[381/540] -DMBAR_EARLY=1 -DN_STAGES=5 -DPHASE1_UNROLL=1 -DSNAKE_ORDER=0 -DSTAGGER_CYCLES=120 -DTMEM_LOAD_WIDTH=64 -DW0_LOOP_UNROLL=4 ... 2.308 ms / 1898 TFLOPS  (254 regs, 1.7s)
[382/540] -DMBAR_EARLY=1 -DN_STAGES=5 -DPHASE1_UNROLL=1 -DSNAKE_ORDER=0 -DSTAGGER_CYCLES=120 -DSUB_MMA_UNROLL=1 -DTMEM_LOAD_WIDTH=64 ... 1.543 ms / 2839 TFLOPS  (255 regs, 1.7s)
[383/540] -DMBAR_EARLY=1 -DN_STAGES=5 -DPHASE1_UNROLL=1 -DSNAKE_ORDER=0 -DSTAGGER_CYCLES=120 -DSUB_MMA_UNROLL=1 -DTMEM_LOAD_WIDTH=64 -DW0_LOOP_UNROLL=1 ... 2.360 ms / 1856 TFLOPS  (240 regs, 1.6s)
[384/540] -DMBAR_EARLY=1 -DN_STAGES=5 -DPHASE1_UNROLL=1 -DSNAKE_ORDER=0 -DSTAGGER_CYCLES=120 -DSUB_MMA_UNROLL=1 -DTMEM_LOAD_WIDTH=64 -DW0_LOOP_UNROLL=4 ... 2.269 ms / 1930 TFLOPS  (240 regs, 1.7s)
[385/540] -DMBAR_EARLY=1 -DN_STAGES=5 -DPHASE1_UNROLL=1 -DSNAKE_ORDER=0 -DSTAGGER_CYCLES=120 -DSUB_MMA_UNROLL=3 -DTMEM_LOAD_WIDTH=64 ... 1.548 ms / 2829 TFLOPS  (255 regs, 1.7s)
[386/540] -DMBAR_EARLY=1 -DN_STAGES=5 -DPHASE1_UNROLL=1 -DSNAKE_ORDER=0 -DSTAGGER_CYCLES=120 -DSUB_MMA_UNROLL=3 -DTMEM_LOAD_WIDTH=64 -DW0_LOOP_UNROLL=1 ... 2.340 ms / 1872 TFLOPS  (254 regs, 1.6s)
[387/540] -DMBAR_EARLY=1 -DN_STAGES=5 -DPHASE1_UNROLL=1 -DSNAKE_ORDER=0 -DSTAGGER_CYCLES=120 -DSUB_MMA_UNROLL=3 -DTMEM_LOAD_WIDTH=64 -DW0_LOOP_UNROLL=4 ... 2.295 ms / 1909 TFLOPS  (254 regs, 1.6s)
[388/540] -DMBAR_EARLY=1 -DN_STAGES=5 -DPHASE1_UNROLL=1 -DSTAGGER_CYCLES=120 -DTMEM_LOAD_WIDTH=64 ... 1.555 ms / 2817 TFLOPS  (255 regs, 1.7s)
[389/540] -DMBAR_EARLY=1 -DN_STAGES=5 -DPHASE1_UNROLL=1 -DSTAGGER_CYCLES=120 -DTMEM_LOAD_WIDTH=64 -DW0_LOOP_UNROLL=1 ... 2.351 ms / 1863 TFLOPS  (254 regs, 1.6s)
[390/540] -DMBAR_EARLY=1 -DN_STAGES=5 -DPHASE1_UNROLL=1 -DSTAGGER_CYCLES=120 -DTMEM_LOAD_WIDTH=64 -DW0_LOOP_UNROLL=4 ... 2.324 ms / 1885 TFLOPS  (254 regs, 1.6s)
[391/540] -DMBAR_EARLY=1 -DN_STAGES=5 -DPHASE1_UNROLL=1 -DSTAGGER_CYCLES=120 -DSUB_MMA_UNROLL=1 -DTMEM_LOAD_WIDTH=64 ... 1.545 ms / 2835 TFLOPS  (255 regs, 1.7s)
[392/540] -DMBAR_EARLY=1 -DN_STAGES=5 -DPHASE1_UNROLL=1 -DSTAGGER_CYCLES=120 -DSUB_MMA_UNROLL=1 -DTMEM_LOAD_WIDTH=64 -DW0_LOOP_UNROLL=1 ... 2.360 ms / 1856 TFLOPS  (240 regs, 1.6s)
[393/540] -DMBAR_EARLY=1 -DN_STAGES=5 -DPHASE1_UNROLL=1 -DSTAGGER_CYCLES=120 -DSUB_MMA_UNROLL=1 -DTMEM_LOAD_WIDTH=64 -DW0_LOOP_UNROLL=4 ... 2.298 ms / 1906 TFLOPS  (240 regs, 1.6s)
[394/540] -DMBAR_EARLY=1 -DN_STAGES=5 -DPHASE1_UNROLL=1 -DSTAGGER_CYCLES=120 -DSUB_MMA_UNROLL=3 -DTMEM_LOAD_WIDTH=64 ... 1.552 ms / 2821 TFLOPS  (255 regs, 1.7s)
[395/540] -DMBAR_EARLY=1 -DN_STAGES=5 -DPHASE1_UNROLL=1 -DSTAGGER_CYCLES=120 -DSUB_MMA_UNROLL=3 -DTMEM_LOAD_WIDTH=64 -DW0_LOOP_UNROLL=1 ... 2.347 ms / 1866 TFLOPS  (254 regs, 1.6s)
[396/540] -DMBAR_EARLY=1 -DN_STAGES=5 -DPHASE1_UNROLL=1 -DSTAGGER_CYCLES=120 -DSUB_MMA_UNROLL=3 -DTMEM_LOAD_WIDTH=64 -DW0_LOOP_UNROLL=4 ... 2.284 ms / 1917 TFLOPS  (254 regs, 1.7s)
[397/540] -DMBAR_EARLY=1 -DN_STAGES=5 -DSNAKE_ORDER=0 -DSTAGGER_CYCLES=120 -DTMEM_LOAD_WIDTH=64 ... 1.517 ms / 2887 TFLOPS  (255 regs, 1.7s)
[398/540] -DMBAR_EARLY=1 -DN_STAGES=5 -DSNAKE_ORDER=0 -DSTAGGER_CYCLES=120 -DTMEM_LOAD_WIDTH=64 -DW0_LOOP_UNROLL=1 ... 2.348 ms / 1866 TFLOPS  (255 regs, 1.7s)
[399/540] -DMBAR_EARLY=1 -DN_STAGES=5 -DSNAKE_ORDER=0 -DSTAGGER_CYCLES=120 -DTMEM_LOAD_WIDTH=64 -DW0_LOOP_UNROLL=4 ... 2.306 ms / 1899 TFLOPS  (255 regs, 1.7s)
[400/540] -DMBAR_EARLY=1 -DN_STAGES=5 -DSNAKE_ORDER=0 -DSTAGGER_CYCLES=120 -DSUB_MMA_UNROLL=1 -DTMEM_LOAD_WIDTH=64 ... 1.554 ms / 2818 TFLOPS  (255 regs, 1.8s)
[401/540] -DMBAR_EARLY=1 -DN_STAGES=5 -DSNAKE_ORDER=0 -DSTAGGER_CYCLES=120 -DSUB_MMA_UNROLL=1 -DTMEM_LOAD_WIDTH=64 -DW0_LOOP_UNROLL=1 ... 2.363 ms / 1854 TFLOPS  (248 regs, 1.7s)
[402/540] -DMBAR_EARLY=1 -DN_STAGES=5 -DSNAKE_ORDER=0 -DSTAGGER_CYCLES=120 -DSUB_MMA_UNROLL=1 -DTMEM_LOAD_WIDTH=64 -DW0_LOOP_UNROLL=4 ... 2.353 ms / 1862 TFLOPS  (248 regs, 1.7s)
[403/540] -DMBAR_EARLY=1 -DN_STAGES=5 -DSNAKE_ORDER=0 -DSTAGGER_CYCLES=120 -DSUB_MMA_UNROLL=3 -DTMEM_LOAD_WIDTH=64 ... 1.522 ms / 2878 TFLOPS  (255 regs, 1.7s)
[404/540] -DMBAR_EARLY=1 -DN_STAGES=5 -DSNAKE_ORDER=0 -DSTAGGER_CYCLES=120 -DSUB_MMA_UNROLL=3 -DTMEM_LOAD_WIDTH=64 -DW0_LOOP_UNROLL=1 ... 2.377 ms / 1843 TFLOPS  (255 regs, 1.7s)
[405/540] -DMBAR_EARLY=1 -DN_STAGES=5 -DSNAKE_ORDER=0 -DSTAGGER_CYCLES=120 -DSUB_MMA_UNROLL=3 -DTMEM_LOAD_WIDTH=64 -DW0_LOOP_UNROLL=4 ... 2.344 ms / 1869 TFLOPS  (255 regs, 1.7s)
[406/540] -DMBAR_EARLY=1 -DN_STAGES=5 -DSTAGGER_CYCLES=120 -DTMEM_LOAD_WIDTH=64 ... 1.514 ms / 2893 TFLOPS  (255 regs, 1.7s)
[407/540] -DMBAR_EARLY=1 -DN_STAGES=5 -DSTAGGER_CYCLES=120 -DTMEM_LOAD_WIDTH=64 -DW0_LOOP_UNROLL=1 ... 2.387 ms / 1835 TFLOPS  (255 regs, 1.7s)
[408/540] -DMBAR_EARLY=1 -DN_STAGES=5 -DSTAGGER_CYCLES=120 -DTMEM_LOAD_WIDTH=64 -DW0_LOOP_UNROLL=4 ... 2.293 ms / 1910 TFLOPS  (255 regs, 1.7s)
[409/540] -DMBAR_EARLY=1 -DN_STAGES=5 -DSTAGGER_CYCLES=120 -DSUB_MMA_UNROLL=1 -DTMEM_LOAD_WIDTH=64 ... 1.553 ms / 2820 TFLOPS  (255 regs, 1.7s)
[410/540] -DMBAR_EARLY=1 -DN_STAGES=5 -DSTAGGER_CYCLES=120 -DSUB_MMA_UNROLL=1 -DTMEM_LOAD_WIDTH=64 -DW0_LOOP_UNROLL=1 ... 2.340 ms / 1872 TFLOPS  (248 regs, 1.7s)
[411/540] -DMBAR_EARLY=1 -DN_STAGES=5 -DSTAGGER_CYCLES=120 -DSUB_MMA_UNROLL=1 -DTMEM_LOAD_WIDTH=64 -DW0_LOOP_UNROLL=4 ... 2.309 ms / 1897 TFLOPS  (248 regs, 1.7s)
[412/540] -DMBAR_EARLY=1 -DN_STAGES=5 -DSTAGGER_CYCLES=120 -DSUB_MMA_UNROLL=3 -DTMEM_LOAD_WIDTH=64 ... 1.511 ms / 2898 TFLOPS  (255 regs, 1.7s)
[413/540] -DMBAR_EARLY=1 -DN_STAGES=5 -DSTAGGER_CYCLES=120 -DSUB_MMA_UNROLL=3 -DTMEM_LOAD_WIDTH=64 -DW0_LOOP_UNROLL=1 ... 2.358 ms / 1857 TFLOPS  (255 regs, 1.7s)
[414/540] -DMBAR_EARLY=1 -DN_STAGES=5 -DSTAGGER_CYCLES=120 -DSUB_MMA_UNROLL=3 -DTMEM_LOAD_WIDTH=64 -DW0_LOOP_UNROLL=4 ... 2.289 ms / 1914 TFLOPS  (255 regs, 1.7s)
[415/540] -DMBAR_EARLY=1 -DN_STAGES=5 -DPHASE1_UNROLL=4 -DSNAKE_ORDER=0 -DSTAGGER_CYCLES=120 -DTMEM_LOAD_WIDTH=64 ... 1.514 ms / 2892 TFLOPS  (255 regs, 1.8s)
[416/540] -DMBAR_EARLY=1 -DN_STAGES=5 -DPHASE1_UNROLL=4 -DSNAKE_ORDER=0 -DSTAGGER_CYCLES=120 -DTMEM_LOAD_WIDTH=64 -DW0_LOOP_UNROLL=1 ... 2.357 ms / 1858 TFLOPS  (255 regs, 1.8s)
[417/540] -DMBAR_EARLY=1 -DN_STAGES=5 -DPHASE1_UNROLL=4 -DSNAKE_ORDER=0 -DSTAGGER_CYCLES=120 -DTMEM_LOAD_WIDTH=64 -DW0_LOOP_UNROLL=4 ... 2.351 ms / 1863 TFLOPS  (255 regs, 1.8s)
[418/540] -DMBAR_EARLY=1 -DN_STAGES=5 -DPHASE1_UNROLL=4 -DSNAKE_ORDER=0 -DSTAGGER_CYCLES=120 -DSUB_MMA_UNROLL=1 -DTMEM_LOAD_WIDTH=64 ... 1.565 ms / 2799 TFLOPS  (253 regs, 1.8s)
[419/540] -DMBAR_EARLY=1 -DN_STAGES=5 -DPHASE1_UNROLL=4 -DSNAKE_ORDER=0 -DSTAGGER_CYCLES=120 -DSUB_MMA_UNROLL=1 -DTMEM_LOAD_WIDTH=64 -DW0_LOOP_UNROLL=1 ... 2.458 ms / 1782 TFLOPS  (252 regs, 1.8s)
[420/540] -DMBAR_EARLY=1 -DN_STAGES=5 -DPHASE1_UNROLL=4 -DSNAKE_ORDER=0 -DSTAGGER_CYCLES=120 -DSUB_MMA_UNROLL=1 -DTMEM_LOAD_WIDTH=64 -DW0_LOOP_UNROLL=4 ... 2.396 ms / 1828 TFLOPS  (252 regs, 1.8s)
[421/540] -DMBAR_EARLY=1 -DN_STAGES=5 -DPHASE1_UNROLL=4 -DSNAKE_ORDER=0 -DSTAGGER_CYCLES=120 -DSUB_MMA_UNROLL=3 -DTMEM_LOAD_WIDTH=64 ... 1.515 ms / 2892 TFLOPS  (255 regs, 1.8s)
[422/540] -DMBAR_EARLY=1 -DN_STAGES=5 -DPHASE1_UNROLL=4 -DSNAKE_ORDER=0 -DSTAGGER_CYCLES=120 -DSUB_MMA_UNROLL=3 -DTMEM_LOAD_WIDTH=64 -DW0_LOOP_UNROLL=1 ... 2.392 ms / 1831 TFLOPS  (255 regs, 1.8s)
[423/540] -DMBAR_EARLY=1 -DN_STAGES=5 -DPHASE1_UNROLL=4 -DSNAKE_ORDER=0 -DSTAGGER_CYCLES=120 -DSUB_MMA_UNROLL=3 -DTMEM_LOAD_WIDTH=64 -DW0_LOOP_UNROLL=4 ... 2.325 ms / 1884 TFLOPS  (255 regs, 1.8s)
[424/540] -DMBAR_EARLY=1 -DN_STAGES=5 -DPHASE1_UNROLL=4 -DSTAGGER_CYCLES=120 -DTMEM_LOAD_WIDTH=64 ... 1.513 ms / 2895 TFLOPS  (255 regs, 1.8s)
[425/540] -DMBAR_EARLY=1 -DN_STAGES=5 -DPHASE1_UNROLL=4 -DSTAGGER_CYCLES=120 -DTMEM_LOAD_WIDTH=64 -DW0_LOOP_UNROLL=1 ... 2.354 ms / 1861 TFLOPS  (255 regs, 1.8s)
[426/540] -DMBAR_EARLY=1 -DN_STAGES=5 -DPHASE1_UNROLL=4 -DSTAGGER_CYCLES=120 -DTMEM_LOAD_WIDTH=64 -DW0_LOOP_UNROLL=4 ... 2.337 ms / 1874 TFLOPS  (255 regs, 1.8s)
[427/540] -DMBAR_EARLY=1 -DN_STAGES=5 -DPHASE1_UNROLL=4 -DSTAGGER_CYCLES=120 -DSUB_MMA_UNROLL=1 -DTMEM_LOAD_WIDTH=64 ... 1.579 ms / 2773 TFLOPS  (253 regs, 1.8s)
[428/540] -DMBAR_EARLY=1 -DN_STAGES=5 -DPHASE1_UNROLL=4 -DSTAGGER_CYCLES=120 -DSUB_MMA_UNROLL=1 -DTMEM_LOAD_WIDTH=64 -DW0_LOOP_UNROLL=1 ... 2.427 ms / 1805 TFLOPS  (252 regs, 1.8s)
[429/540] -DMBAR_EARLY=1 -DN_STAGES=5 -DPHASE1_UNROLL=4 -DSTAGGER_CYCLES=120 -DSUB_MMA_UNROLL=1 -DTMEM_LOAD_WIDTH=64 -DW0_LOOP_UNROLL=4 ... 2.396 ms / 1828 TFLOPS  (252 regs, 1.8s)
[430/540] -DMBAR_EARLY=1 -DN_STAGES=5 -DPHASE1_UNROLL=4 -DSTAGGER_CYCLES=120 -DSUB_MMA_UNROLL=3 -DTMEM_LOAD_WIDTH=64 ... 1.511 ms / 2900 TFLOPS  (255 regs, 1.8s)
[431/540] -DMBAR_EARLY=1 -DN_STAGES=5 -DPHASE1_UNROLL=4 -DSTAGGER_CYCLES=120 -DSUB_MMA_UNROLL=3 -DTMEM_LOAD_WIDTH=64 -DW0_LOOP_UNROLL=1 ... 2.359 ms / 1856 TFLOPS  (255 regs, 1.8s)
[432/540] -DMBAR_EARLY=1 -DN_STAGES=5 -DPHASE1_UNROLL=4 -DSTAGGER_CYCLES=120 -DSUB_MMA_UNROLL=3 -DTMEM_LOAD_WIDTH=64 -DW0_LOOP_UNROLL=4 ... 2.316 ms / 1891 TFLOPS  (255 regs, 1.8s)
[433/540] -DK_LOOP_UNROLL=6 -DMBAR_EARLY=1 -DN_STAGES=5 -DPHASE1_UNROLL=1 -DSNAKE_ORDER=0 -DSTAGGER_CYCLES=120 -DTMEM_LOAD_WIDTH=64 ... 2.397 ms / 1827 TFLOPS  (252 regs, 1.7s)
[434/540] -DK_LOOP_UNROLL=6 -DMBAR_EARLY=1 -DN_STAGES=5 -DPHASE1_UNROLL=1 -DSNAKE_ORDER=0 -DSTAGGER_CYCLES=120 -DTMEM_LOAD_WIDTH=64 -DW0_LOOP_UNROLL=1 ... 2.402 ms / 1824 TFLOPS  (229 regs, 1.7s)
[435/540] -DK_LOOP_UNROLL=6 -DMBAR_EARLY=1 -DN_STAGES=5 -DPHASE1_UNROLL=1 -DSNAKE_ORDER=0 -DSTAGGER_CYCLES=120 -DTMEM_LOAD_WIDTH=64 -DW0_LOOP_UNROLL=4 ... 2.391 ms / 1832 TFLOPS  (229 regs, 1.7s)
[436/540] -DK_LOOP_UNROLL=6 -DMBAR_EARLY=1 -DN_STAGES=5 -DPHASE1_UNROLL=1 -DSNAKE_ORDER=0 -DSTAGGER_CYCLES=120 -DSUB_MMA_UNROLL=1 -DTMEM_LOAD_WIDTH=64 ... 2.527 ms / 1733 TFLOPS  (244 regs, 1.7s)
[437/540] -DK_LOOP_UNROLL=6 -DMBAR_EARLY=1 -DN_STAGES=5 -DPHASE1_UNROLL=1 -DSNAKE_ORDER=0 -DSTAGGER_CYCLES=120 -DSUB_MMA_UNROLL=1 -DTMEM_LOAD_WIDTH=64 -DW0_LOOP_UNROLL=1 ... 2.492 ms / 1758 TFLOPS  (221 regs, 1.7s)
[438/540] -DK_LOOP_UNROLL=6 -DMBAR_EARLY=1 -DN_STAGES=5 -DPHASE1_UNROLL=1 -DSNAKE_ORDER=0 -DSTAGGER_CYCLES=120 -DSUB_MMA_UNROLL=1 -DTMEM_LOAD_WIDTH=64 -DW0_LOOP_UNROLL=4 ... 2.513 ms / 1743 TFLOPS  (221 regs, 1.7s)
[439/540] -DK_LOOP_UNROLL=6 -DMBAR_EARLY=1 -DN_STAGES=5 -DPHASE1_UNROLL=1 -DSNAKE_ORDER=0 -DSTAGGER_CYCLES=120 -DSUB_MMA_UNROLL=3 -DTMEM_LOAD_WIDTH=64 ... 2.389 ms / 1833 TFLOPS  (252 regs, 1.7s)
[440/540] -DK_LOOP_UNROLL=6 -DMBAR_EARLY=1 -DN_STAGES=5 -DPHASE1_UNROLL=1 -DSNAKE_ORDER=0 -DSTAGGER_CYCLES=120 -DSUB_MMA_UNROLL=3 -DTMEM_LOAD_WIDTH=64 -DW0_LOOP_UNROLL=1 ... 2.388 ms / 1834 TFLOPS  (229 regs, 1.7s)
[441/540] -DK_LOOP_UNROLL=6 -DMBAR_EARLY=1 -DN_STAGES=5 -DPHASE1_UNROLL=1 -DSNAKE_ORDER=0 -DSTAGGER_CYCLES=120 -DSUB_MMA_UNROLL=3 -DTMEM_LOAD_WIDTH=64 -DW0_LOOP_UNROLL=4 ... 2.375 ms / 1844 TFLOPS  (229 regs, 1.7s)
[442/540] -DK_LOOP_UNROLL=6 -DMBAR_EARLY=1 -DN_STAGES=5 -DPHASE1_UNROLL=1 -DSTAGGER_CYCLES=120 -DTMEM_LOAD_WIDTH=64 ... 2.398 ms / 1826 TFLOPS  (252 regs, 1.7s)
[443/540] -DK_LOOP_UNROLL=6 -DMBAR_EARLY=1 -DN_STAGES=5 -DPHASE1_UNROLL=1 -DSTAGGER_CYCLES=120 -DTMEM_LOAD_WIDTH=64 -DW0_LOOP_UNROLL=1 ... 2.406 ms / 1820 TFLOPS  (229 regs, 1.7s)
[444/540] -DK_LOOP_UNROLL=6 -DMBAR_EARLY=1 -DN_STAGES=5 -DPHASE1_UNROLL=1 -DSTAGGER_CYCLES=120 -DTMEM_LOAD_WIDTH=64 -DW0_LOOP_UNROLL=4 ... 2.413 ms / 1816 TFLOPS  (229 regs, 1.7s)
[445/540] -DK_LOOP_UNROLL=6 -DMBAR_EARLY=1 -DN_STAGES=5 -DPHASE1_UNROLL=1 -DSTAGGER_CYCLES=120 -DSUB_MMA_UNROLL=1 -DTMEM_LOAD_WIDTH=64 ... 2.512 ms / 1744 TFLOPS  (244 regs, 1.7s)
[446/540] -DK_LOOP_UNROLL=6 -DMBAR_EARLY=1 -DN_STAGES=5 -DPHASE1_UNROLL=1 -DSTAGGER_CYCLES=120 -DSUB_MMA_UNROLL=1 -DTMEM_LOAD_WIDTH=64 -DW0_LOOP_UNROLL=1 ... 2.491 ms / 1759 TFLOPS  (221 regs, 1.6s)
[447/540] -DK_LOOP_UNROLL=6 -DMBAR_EARLY=1 -DN_STAGES=5 -DPHASE1_UNROLL=1 -DSTAGGER_CYCLES=120 -DSUB_MMA_UNROLL=1 -DTMEM_LOAD_WIDTH=64 -DW0_LOOP_UNROLL=4 ... 2.490 ms / 1759 TFLOPS  (221 regs, 1.7s)
[448/540] -DK_LOOP_UNROLL=6 -DMBAR_EARLY=1 -DN_STAGES=5 -DPHASE1_UNROLL=1 -DSTAGGER_CYCLES=120 -DSUB_MMA_UNROLL=3 -DTMEM_LOAD_WIDTH=64 ... 2.388 ms / 1834 TFLOPS  (252 regs, 1.7s)
[449/540] -DK_LOOP_UNROLL=6 -DMBAR_EARLY=1 -DN_STAGES=5 -DPHASE1_UNROLL=1 -DSTAGGER_CYCLES=120 -DSUB_MMA_UNROLL=3 -DTMEM_LOAD_WIDTH=64 -DW0_LOOP_UNROLL=1 ... 2.419 ms / 1810 TFLOPS  (229 regs, 1.7s)
[450/540] -DK_LOOP_UNROLL=6 -DMBAR_EARLY=1 -DN_STAGES=5 -DPHASE1_UNROLL=1 -DSTAGGER_CYCLES=120 -DSUB_MMA_UNROLL=3 -DTMEM_LOAD_WIDTH=64 -DW0_LOOP_UNROLL=4 ... 2.386 ms / 1836 TFLOPS  (229 regs, 1.7s)
[451/540] -DK_LOOP_UNROLL=6 -DMBAR_EARLY=1 -DN_STAGES=5 -DSNAKE_ORDER=0 -DSTAGGER_CYCLES=120 -DTMEM_LOAD_WIDTH=64 ... 2.389 ms / 1833 TFLOPS  (255 regs, 1.8s)
[452/540] -DK_LOOP_UNROLL=6 -DMBAR_EARLY=1 -DN_STAGES=5 -DSNAKE_ORDER=0 -DSTAGGER_CYCLES=120 -DTMEM_LOAD_WIDTH=64 -DW0_LOOP_UNROLL=1 ... 2.380 ms / 1840 TFLOPS  (248 regs, 1.7s)
[453/540] -DK_LOOP_UNROLL=6 -DMBAR_EARLY=1 -DN_STAGES=5 -DSNAKE_ORDER=0 -DSTAGGER_CYCLES=120 -DTMEM_LOAD_WIDTH=64 -DW0_LOOP_UNROLL=4 ... 2.382 ms / 1839 TFLOPS  (248 regs, 1.7s)
[454/540] -DK_LOOP_UNROLL=6 -DMBAR_EARLY=1 -DN_STAGES=5 -DSNAKE_ORDER=0 -DSTAGGER_CYCLES=120 -DSUB_MMA_UNROLL=1 -DTMEM_LOAD_WIDTH=64 ... 2.510 ms / 1745 TFLOPS  (252 regs, 1.7s)
[455/540] -DK_LOOP_UNROLL=6 -DMBAR_EARLY=1 -DN_STAGES=5 -DSNAKE_ORDER=0 -DSTAGGER_CYCLES=120 -DSUB_MMA_UNROLL=1 -DTMEM_LOAD_WIDTH=64 -DW0_LOOP_UNROLL=1 ... 2.508 ms / 1747 TFLOPS  (243 regs, 1.7s)
[456/540] -DK_LOOP_UNROLL=6 -DMBAR_EARLY=1 -DN_STAGES=5 -DSNAKE_ORDER=0 -DSTAGGER_CYCLES=120 -DSUB_MMA_UNROLL=1 -DTMEM_LOAD_WIDTH=64 -DW0_LOOP_UNROLL=4 ... 2.511 ms / 1744 TFLOPS  (243 regs, 1.7s)
[457/540] -DK_LOOP_UNROLL=6 -DMBAR_EARLY=1 -DN_STAGES=5 -DSNAKE_ORDER=0 -DSTAGGER_CYCLES=120 -DSUB_MMA_UNROLL=3 -DTMEM_LOAD_WIDTH=64 ... 2.379 ms / 1841 TFLOPS  (255 regs, 1.8s)
[458/540] -DK_LOOP_UNROLL=6 -DMBAR_EARLY=1 -DN_STAGES=5 -DSNAKE_ORDER=0 -DSTAGGER_CYCLES=120 -DSUB_MMA_UNROLL=3 -DTMEM_LOAD_WIDTH=64 -DW0_LOOP_UNROLL=1 ... 2.393 ms / 1831 TFLOPS  (248 regs, 1.7s)
[459/540] -DK_LOOP_UNROLL=6 -DMBAR_EARLY=1 -DN_STAGES=5 -DSNAKE_ORDER=0 -DSTAGGER_CYCLES=120 -DSUB_MMA_UNROLL=3 -DTMEM_LOAD_WIDTH=64 -DW0_LOOP_UNROLL=4 ... 2.390 ms / 1833 TFLOPS  (248 regs, 1.7s)
[460/540] -DK_LOOP_UNROLL=6 -DMBAR_EARLY=1 -DN_STAGES=5 -DSTAGGER_CYCLES=120 -DTMEM_LOAD_WIDTH=64 ... 2.391 ms / 1832 TFLOPS  (255 regs, 1.8s)
[461/540] -DK_LOOP_UNROLL=6 -DMBAR_EARLY=1 -DN_STAGES=5 -DSTAGGER_CYCLES=120 -DTMEM_LOAD_WIDTH=64 -DW0_LOOP_UNROLL=1 ... 2.388 ms / 1835 TFLOPS  (248 regs, 1.7s)
[462/540] -DK_LOOP_UNROLL=6 -DMBAR_EARLY=1 -DN_STAGES=5 -DSTAGGER_CYCLES=120 -DTMEM_LOAD_WIDTH=64 -DW0_LOOP_UNROLL=4 ... 2.381 ms / 1840 TFLOPS  (248 regs, 1.7s)
[463/540] -DK_LOOP_UNROLL=6 -DMBAR_EARLY=1 -DN_STAGES=5 -DSTAGGER_CYCLES=120 -DSUB_MMA_UNROLL=1 -DTMEM_LOAD_WIDTH=64 ... 2.526 ms / 1734 TFLOPS  (252 regs, 1.8s)
[464/540] -DK_LOOP_UNROLL=6 -DMBAR_EARLY=1 -DN_STAGES=5 -DSTAGGER_CYCLES=120 -DSUB_MMA_UNROLL=1 -DTMEM_LOAD_WIDTH=64 -DW0_LOOP_UNROLL=1 ... 2.483 ms / 1764 TFLOPS  (243 regs, 1.7s)
[465/540] -DK_LOOP_UNROLL=6 -DMBAR_EARLY=1 -DN_STAGES=5 -DSTAGGER_CYCLES=120 -DSUB_MMA_UNROLL=1 -DTMEM_LOAD_WIDTH=64 -DW0_LOOP_UNROLL=4 ... 2.487 ms / 1761 TFLOPS  (243 regs, 1.7s)
[466/540] -DK_LOOP_UNROLL=6 -DMBAR_EARLY=1 -DN_STAGES=5 -DSTAGGER_CYCLES=120 -DSUB_MMA_UNROLL=3 -DTMEM_LOAD_WIDTH=64 ... 2.392 ms / 1831 TFLOPS  (255 regs, 1.8s)
[467/540] -DK_LOOP_UNROLL=6 -DMBAR_EARLY=1 -DN_STAGES=5 -DSTAGGER_CYCLES=120 -DSUB_MMA_UNROLL=3 -DTMEM_LOAD_WIDTH=64 -DW0_LOOP_UNROLL=1 ... 2.395 ms / 1829 TFLOPS  (248 regs, 1.7s)
[468/540] -DK_LOOP_UNROLL=6 -DMBAR_EARLY=1 -DN_STAGES=5 -DSTAGGER_CYCLES=120 -DSUB_MMA_UNROLL=3 -DTMEM_LOAD_WIDTH=64 -DW0_LOOP_UNROLL=4 ... 2.389 ms / 1833 TFLOPS  (248 regs, 1.7s)
[469/540] -DK_LOOP_UNROLL=6 -DMBAR_EARLY=1 -DN_STAGES=5 -DPHASE1_UNROLL=4 -DSNAKE_ORDER=0 -DSTAGGER_CYCLES=120 -DTMEM_LOAD_WIDTH=64 ... 2.394 ms / 1829 TFLOPS  (253 regs, 1.8s)
[470/540] -DK_LOOP_UNROLL=6 -DMBAR_EARLY=1 -DN_STAGES=5 -DPHASE1_UNROLL=4 -DSNAKE_ORDER=0 -DSTAGGER_CYCLES=120 -DTMEM_LOAD_WIDTH=64 -DW0_LOOP_UNROLL=1 ... 2.463 ms / 1779 TFLOPS  (245 regs, 1.8s)
[471/540] -DK_LOOP_UNROLL=6 -DMBAR_EARLY=1 -DN_STAGES=5 -DPHASE1_UNROLL=4 -DSNAKE_ORDER=0 -DSTAGGER_CYCLES=120 -DTMEM_LOAD_WIDTH=64 -DW0_LOOP_UNROLL=4 ... 2.450 ms / 1788 TFLOPS  (245 regs, 1.8s)
[472/540] -DK_LOOP_UNROLL=6 -DMBAR_EARLY=1 -DN_STAGES=5 -DPHASE1_UNROLL=4 -DSNAKE_ORDER=0 -DSTAGGER_CYCLES=120 -DSUB_MMA_UNROLL=1 -DTMEM_LOAD_WIDTH=64 ... 2.565 ms / 1707 TFLOPS  (252 regs, 1.8s)
[473/540] -DK_LOOP_UNROLL=6 -DMBAR_EARLY=1 -DN_STAGES=5 -DPHASE1_UNROLL=4 -DSNAKE_ORDER=0 -DSTAGGER_CYCLES=120 -DSUB_MMA_UNROLL=1 -DTMEM_LOAD_WIDTH=64 -DW0_LOOP_UNROLL=1 ... 2.516 ms / 1741 TFLOPS  (242 regs, 1.8s)
[474/540] -DK_LOOP_UNROLL=6 -DMBAR_EARLY=1 -DN_STAGES=5 -DPHASE1_UNROLL=4 -DSNAKE_ORDER=0 -DSTAGGER_CYCLES=120 -DSUB_MMA_UNROLL=1 -DTMEM_LOAD_WIDTH=64 -DW0_LOOP_UNROLL=4 ... 2.525 ms / 1735 TFLOPS  (242 regs, 1.8s)
[475/540] -DK_LOOP_UNROLL=6 -DMBAR_EARLY=1 -DN_STAGES=5 -DPHASE1_UNROLL=4 -DSNAKE_ORDER=0 -DSTAGGER_CYCLES=120 -DSUB_MMA_UNROLL=3 -DTMEM_LOAD_WIDTH=64 ... 2.398 ms / 1826 TFLOPS  (253 regs, 1.8s)
[476/540] -DK_LOOP_UNROLL=6 -DMBAR_EARLY=1 -DN_STAGES=5 -DPHASE1_UNROLL=4 -DSNAKE_ORDER=0 -DSTAGGER_CYCLES=120 -DSUB_MMA_UNROLL=3 -DTMEM_LOAD_WIDTH=64 -DW0_LOOP_UNROLL=1 ... 2.466 ms / 1776 TFLOPS  (245 regs, 1.8s)
[477/540] -DK_LOOP_UNROLL=6 -DMBAR_EARLY=1 -DN_STAGES=5 -DPHASE1_UNROLL=4 -DSNAKE_ORDER=0 -DSTAGGER_CYCLES=120 -DSUB_MMA_UNROLL=3 -DTMEM_LOAD_WIDTH=64 -DW0_LOOP_UNROLL=4 ... 2.460 ms / 1781 TFLOPS  (245 regs, 1.8s)
[478/540] -DK_LOOP_UNROLL=6 -DMBAR_EARLY=1 -DN_STAGES=5 -DPHASE1_UNROLL=4 -DSTAGGER_CYCLES=120 -DTMEM_LOAD_WIDTH=64 ... 2.407 ms / 1820 TFLOPS  (253 regs, 1.8s)
[479/540] -DK_LOOP_UNROLL=6 -DMBAR_EARLY=1 -DN_STAGES=5 -DPHASE1_UNROLL=4 -DSTAGGER_CYCLES=120 -DTMEM_LOAD_WIDTH=64 -DW0_LOOP_UNROLL=1 ... 2.450 ms / 1788 TFLOPS  (245 regs, 1.8s)
[480/540] -DK_LOOP_UNROLL=6 -DMBAR_EARLY=1 -DN_STAGES=5 -DPHASE1_UNROLL=4 -DSTAGGER_CYCLES=120 -DTMEM_LOAD_WIDTH=64 -DW0_LOOP_UNROLL=4 ... 2.458 ms / 1782 TFLOPS  (245 regs, 1.8s)
[481/540] -DK_LOOP_UNROLL=6 -DMBAR_EARLY=1 -DN_STAGES=5 -DPHASE1_UNROLL=4 -DSTAGGER_CYCLES=120 -DSUB_MMA_UNROLL=1 -DTMEM_LOAD_WIDTH=64 ... 2.577 ms / 1699 TFLOPS  (252 regs, 1.8s)
[482/540] -DK_LOOP_UNROLL=6 -DMBAR_EARLY=1 -DN_STAGES=5 -DPHASE1_UNROLL=4 -DSTAGGER_CYCLES=120 -DSUB_MMA_UNROLL=1 -DTMEM_LOAD_WIDTH=64 -DW0_LOOP_UNROLL=1 ... 2.506 ms / 1748 TFLOPS  (242 regs, 1.8s)
[483/540] -DK_LOOP_UNROLL=6 -DMBAR_EARLY=1 -DN_STAGES=5 -DPHASE1_UNROLL=4 -DSTAGGER_CYCLES=120 -DSUB_MMA_UNROLL=1 -DTMEM_LOAD_WIDTH=64 -DW0_LOOP_UNROLL=4 ... 2.513 ms / 1743 TFLOPS  (242 regs, 1.8s)
[484/540] -DK_LOOP_UNROLL=6 -DMBAR_EARLY=1 -DN_STAGES=5 -DPHASE1_UNROLL=4 -DSTAGGER_CYCLES=120 -DSUB_MMA_UNROLL=3 -DTMEM_LOAD_WIDTH=64 ... 2.416 ms / 1813 TFLOPS  (253 regs, 1.8s)
[485/540] -DK_LOOP_UNROLL=6 -DMBAR_EARLY=1 -DN_STAGES=5 -DPHASE1_UNROLL=4 -DSTAGGER_CYCLES=120 -DSUB_MMA_UNROLL=3 -DTMEM_LOAD_WIDTH=64 -DW0_LOOP_UNROLL=1 ... 2.471 ms / 1773 TFLOPS  (245 regs, 1.8s)
[486/540] -DK_LOOP_UNROLL=6 -DMBAR_EARLY=1 -DN_STAGES=5 -DPHASE1_UNROLL=4 -DSTAGGER_CYCLES=120 -DSUB_MMA_UNROLL=3 -DTMEM_LOAD_WIDTH=64 -DW0_LOOP_UNROLL=4 ... 2.466 ms / 1776 TFLOPS  (245 regs, 1.8s)
[487/540] -DK_LOOP_UNROLL=8 -DMBAR_EARLY=1 -DN_STAGES=5 -DPHASE1_UNROLL=1 -DSNAKE_ORDER=0 -DSTAGGER_CYCLES=120 -DTMEM_LOAD_WIDTH=64 ... 2.404 ms / 1822 TFLOPS  (252 regs, 1.7s)
[488/540] -DK_LOOP_UNROLL=8 -DMBAR_EARLY=1 -DN_STAGES=5 -DPHASE1_UNROLL=1 -DSNAKE_ORDER=0 -DSTAGGER_CYCLES=120 -DTMEM_LOAD_WIDTH=64 -DW0_LOOP_UNROLL=1 ... 2.421 ms / 1809 TFLOPS  (229 regs, 1.7s)
[489/540] -DK_LOOP_UNROLL=8 -DMBAR_EARLY=1 -DN_STAGES=5 -DPHASE1_UNROLL=1 -DSNAKE_ORDER=0 -DSTAGGER_CYCLES=120 -DTMEM_LOAD_WIDTH=64 -DW0_LOOP_UNROLL=4 ... 2.398 ms / 1826 TFLOPS  (229 regs, 1.7s)
[490/540] -DK_LOOP_UNROLL=8 -DMBAR_EARLY=1 -DN_STAGES=5 -DPHASE1_UNROLL=1 -DSNAKE_ORDER=0 -DSTAGGER_CYCLES=120 -DSUB_MMA_UNROLL=1 -DTMEM_LOAD_WIDTH=64 ... 2.525 ms / 1735 TFLOPS  (244 regs, 1.7s)
[491/540] -DK_LOOP_UNROLL=8 -DMBAR_EARLY=1 -DN_STAGES=5 -DPHASE1_UNROLL=1 -DSNAKE_ORDER=0 -DSTAGGER_CYCLES=120 -DSUB_MMA_UNROLL=1 -DTMEM_LOAD_WIDTH=64 -DW0_LOOP_UNROLL=1 ... 2.508 ms / 1747 TFLOPS  (221 regs, 1.7s)
[492/540] -DK_LOOP_UNROLL=8 -DMBAR_EARLY=1 -DN_STAGES=5 -DPHASE1_UNROLL=1 -DSNAKE_ORDER=0 -DSTAGGER_CYCLES=120 -DSUB_MMA_UNROLL=1 -DTMEM_LOAD_WIDTH=64 -DW0_LOOP_UNROLL=4 ... 2.499 ms / 1753 TFLOPS  (221 regs, 1.7s)
[493/540] -DK_LOOP_UNROLL=8 -DMBAR_EARLY=1 -DN_STAGES=5 -DPHASE1_UNROLL=1 -DSNAKE_ORDER=0 -DSTAGGER_CYCLES=120 -DSUB_MMA_UNROLL=3 -DTMEM_LOAD_WIDTH=64 ... 2.419 ms / 1811 TFLOPS  (252 regs, 1.7s)
[494/540] -DK_LOOP_UNROLL=8 -DMBAR_EARLY=1 -DN_STAGES=5 -DPHASE1_UNROLL=1 -DSNAKE_ORDER=0 -DSTAGGER_CYCLES=120 -DSUB_MMA_UNROLL=3 -DTMEM_LOAD_WIDTH=64 -DW0_LOOP_UNROLL=1 ... 2.407 ms / 1820 TFLOPS  (229 regs, 1.7s)
[495/540] -DK_LOOP_UNROLL=8 -DMBAR_EARLY=1 -DN_STAGES=5 -DPHASE1_UNROLL=1 -DSNAKE_ORDER=0 -DSTAGGER_CYCLES=120 -DSUB_MMA_UNROLL=3 -DTMEM_LOAD_WIDTH=64 -DW0_LOOP_UNROLL=4 ... 2.373 ms / 1846 TFLOPS  (229 regs, 1.7s)
[496/540] -DK_LOOP_UNROLL=8 -DMBAR_EARLY=1 -DN_STAGES=5 -DPHASE1_UNROLL=1 -DSTAGGER_CYCLES=120 -DTMEM_LOAD_WIDTH=64 ... 2.416 ms / 1813 TFLOPS  (252 regs, 1.7s)
[497/540] -DK_LOOP_UNROLL=8 -DMBAR_EARLY=1 -DN_STAGES=5 -DPHASE1_UNROLL=1 -DSTAGGER_CYCLES=120 -DTMEM_LOAD_WIDTH=64 -DW0_LOOP_UNROLL=1 ... 2.410 ms / 1817 TFLOPS  (229 regs, 1.7s)
[498/540] -DK_LOOP_UNROLL=8 -DMBAR_EARLY=1 -DN_STAGES=5 -DPHASE1_UNROLL=1 -DSTAGGER_CYCLES=120 -DTMEM_LOAD_WIDTH=64 -DW0_LOOP_UNROLL=4 ... 2.403 ms / 1823 TFLOPS  (229 regs, 1.7s)
[499/540] -DK_LOOP_UNROLL=8 -DMBAR_EARLY=1 -DN_STAGES=5 -DPHASE1_UNROLL=1 -DSTAGGER_CYCLES=120 -DSUB_MMA_UNROLL=1 -DTMEM_LOAD_WIDTH=64 ... 2.522 ms / 1737 TFLOPS  (244 regs, 1.7s)
[500/540] -DK_LOOP_UNROLL=8 -DMBAR_EARLY=1 -DN_STAGES=5 -DPHASE1_UNROLL=1 -DSTAGGER_CYCLES=120 -DSUB_MMA_UNROLL=1 -DTMEM_LOAD_WIDTH=64 -DW0_LOOP_UNROLL=1 ... 2.499 ms / 1753 TFLOPS  (221 regs, 1.7s)
[501/540] -DK_LOOP_UNROLL=8 -DMBAR_EARLY=1 -DN_STAGES=5 -DPHASE1_UNROLL=1 -DSTAGGER_CYCLES=120 -DSUB_MMA_UNROLL=1 -DTMEM_LOAD_WIDTH=64 -DW0_LOOP_UNROLL=4 ... 2.488 ms / 1761 TFLOPS  (221 regs, 1.7s)
[502/540] -DK_LOOP_UNROLL=8 -DMBAR_EARLY=1 -DN_STAGES=5 -DPHASE1_UNROLL=1 -DSTAGGER_CYCLES=120 -DSUB_MMA_UNROLL=3 -DTMEM_LOAD_WIDTH=64 ... 2.392 ms / 1831 TFLOPS  (252 regs, 1.7s)
[503/540] -DK_LOOP_UNROLL=8 -DMBAR_EARLY=1 -DN_STAGES=5 -DPHASE1_UNROLL=1 -DSTAGGER_CYCLES=120 -DSUB_MMA_UNROLL=3 -DTMEM_LOAD_WIDTH=64 -DW0_LOOP_UNROLL=1 ... 2.399 ms / 1826 TFLOPS  (229 regs, 1.7s)
[504/540] -DK_LOOP_UNROLL=8 -DMBAR_EARLY=1 -DN_STAGES=5 -DPHASE1_UNROLL=1 -DSTAGGER_CYCLES=120 -DSUB_MMA_UNROLL=3 -DTMEM_LOAD_WIDTH=64 -DW0_LOOP_UNROLL=4 ... 2.397 ms / 1827 TFLOPS  (229 regs, 1.7s)
[505/540] -DK_LOOP_UNROLL=8 -DMBAR_EARLY=1 -DN_STAGES=5 -DSNAKE_ORDER=0 -DSTAGGER_CYCLES=120 -DTMEM_LOAD_WIDTH=64 ... 2.394 ms / 1830 TFLOPS  (255 regs, 1.8s)
[506/540] -DK_LOOP_UNROLL=8 -DMBAR_EARLY=1 -DN_STAGES=5 -DSNAKE_ORDER=0 -DSTAGGER_CYCLES=120 -DTMEM_LOAD_WIDTH=64 -DW0_LOOP_UNROLL=1 ... 2.395 ms / 1829 TFLOPS  (248 regs, 1.7s)
[507/540] -DK_LOOP_UNROLL=8 -DMBAR_EARLY=1 -DN_STAGES=5 -DSNAKE_ORDER=0 -DSTAGGER_CYCLES=120 -DTMEM_LOAD_WIDTH=64 -DW0_LOOP_UNROLL=4 ... 2.366 ms / 1851 TFLOPS  (248 regs, 1.7s)
[508/540] -DK_LOOP_UNROLL=8 -DMBAR_EARLY=1 -DN_STAGES=5 -DSNAKE_ORDER=0 -DSTAGGER_CYCLES=120 -DSUB_MMA_UNROLL=1 -DTMEM_LOAD_WIDTH=64 ... 2.517 ms / 1740 TFLOPS  (252 regs, 1.7s)
[509/540] -DK_LOOP_UNROLL=8 -DMBAR_EARLY=1 -DN_STAGES=5 -DSNAKE_ORDER=0 -DSTAGGER_CYCLES=120 -DSUB_MMA_UNROLL=1 -DTMEM_LOAD_WIDTH=64 -DW0_LOOP_UNROLL=1 ... 2.469 ms / 1774 TFLOPS  (243 regs, 1.7s)
[510/540] -DK_LOOP_UNROLL=8 -DMBAR_EARLY=1 -DN_STAGES=5 -DSNAKE_ORDER=0 -DSTAGGER_CYCLES=120 -DSUB_MMA_UNROLL=1 -DTMEM_LOAD_WIDTH=64 -DW0_LOOP_UNROLL=4 ... 2.497 ms / 1754 TFLOPS  (243 regs, 1.7s)
[511/540] -DK_LOOP_UNROLL=8 -DMBAR_EARLY=1 -DN_STAGES=5 -DSNAKE_ORDER=0 -DSTAGGER_CYCLES=120 -DSUB_MMA_UNROLL=3 -DTMEM_LOAD_WIDTH=64 ... 2.408 ms / 1819 TFLOPS  (255 regs, 1.8s)
[512/540] -DK_LOOP_UNROLL=8 -DMBAR_EARLY=1 -DN_STAGES=5 -DSNAKE_ORDER=0 -DSTAGGER_CYCLES=120 -DSUB_MMA_UNROLL=3 -DTMEM_LOAD_WIDTH=64 -DW0_LOOP_UNROLL=1 ... 2.385 ms / 1836 TFLOPS  (248 regs, 1.7s)
[513/540] -DK_LOOP_UNROLL=8 -DMBAR_EARLY=1 -DN_STAGES=5 -DSNAKE_ORDER=0 -DSTAGGER_CYCLES=120 -DSUB_MMA_UNROLL=3 -DTMEM_LOAD_WIDTH=64 -DW0_LOOP_UNROLL=4 ... 2.377 ms / 1843 TFLOPS  (248 regs, 1.7s)
[514/540] -DK_LOOP_UNROLL=8 -DMBAR_EARLY=1 -DN_STAGES=5 -DSTAGGER_CYCLES=120 -DTMEM_LOAD_WIDTH=64 ... 2.412 ms / 1816 TFLOPS  (255 regs, 1.8s)
[515/540] -DK_LOOP_UNROLL=8 -DMBAR_EARLY=1 -DN_STAGES=5 -DSTAGGER_CYCLES=120 -DTMEM_LOAD_WIDTH=64 -DW0_LOOP_UNROLL=1 ... 2.392 ms / 1831 TFLOPS  (248 regs, 1.7s)
[516/540] -DK_LOOP_UNROLL=8 -DMBAR_EARLY=1 -DN_STAGES=5 -DSTAGGER_CYCLES=120 -DTMEM_LOAD_WIDTH=64 -DW0_LOOP_UNROLL=4 ... 2.377 ms / 1843 TFLOPS  (248 regs, 1.7s)
[517/540] -DK_LOOP_UNROLL=8 -DMBAR_EARLY=1 -DN_STAGES=5 -DSTAGGER_CYCLES=120 -DSUB_MMA_UNROLL=1 -DTMEM_LOAD_WIDTH=64 ... 2.524 ms / 1735 TFLOPS  (252 regs, 1.8s)
[518/540] -DK_LOOP_UNROLL=8 -DMBAR_EARLY=1 -DN_STAGES=5 -DSTAGGER_CYCLES=120 -DSUB_MMA_UNROLL=1 -DTMEM_LOAD_WIDTH=64 -DW0_LOOP_UNROLL=1 ... 2.496 ms / 1754 TFLOPS  (243 regs, 1.7s)
[519/540] -DK_LOOP_UNROLL=8 -DMBAR_EARLY=1 -DN_STAGES=5 -DSTAGGER_CYCLES=120 -DSUB_MMA_UNROLL=1 -DTMEM_LOAD_WIDTH=64 -DW0_LOOP_UNROLL=4 ... 2.482 ms / 1765 TFLOPS  (243 regs, 1.7s)
[520/540] -DK_LOOP_UNROLL=8 -DMBAR_EARLY=1 -DN_STAGES=5 -DSTAGGER_CYCLES=120 -DSUB_MMA_UNROLL=3 -DTMEM_LOAD_WIDTH=64 ... 2.391 ms / 1832 TFLOPS  (255 regs, 1.8s)
[521/540] -DK_LOOP_UNROLL=8 -DMBAR_EARLY=1 -DN_STAGES=5 -DSTAGGER_CYCLES=120 -DSUB_MMA_UNROLL=3 -DTMEM_LOAD_WIDTH=64 -DW0_LOOP_UNROLL=1 ... 2.380 ms / 1840 TFLOPS  (248 regs, 1.7s)
[522/540] -DK_LOOP_UNROLL=8 -DMBAR_EARLY=1 -DN_STAGES=5 -DSTAGGER_CYCLES=120 -DSUB_MMA_UNROLL=3 -DTMEM_LOAD_WIDTH=64 -DW0_LOOP_UNROLL=4 ... 2.385 ms / 1836 TFLOPS  (248 regs, 1.7s)
[523/540] -DK_LOOP_UNROLL=8 -DMBAR_EARLY=1 -DN_STAGES=5 -DPHASE1_UNROLL=4 -DSNAKE_ORDER=0 -DSTAGGER_CYCLES=120 -DTMEM_LOAD_WIDTH=64 ... 2.404 ms / 1822 TFLOPS  (253 regs, 1.8s)
[524/540] -DK_LOOP_UNROLL=8 -DMBAR_EARLY=1 -DN_STAGES=5 -DPHASE1_UNROLL=4 -DSNAKE_ORDER=0 -DSTAGGER_CYCLES=120 -DTMEM_LOAD_WIDTH=64 -DW0_LOOP_UNROLL=1 ... 2.461 ms / 1779 TFLOPS  (245 regs, 1.8s)
[525/540] -DK_LOOP_UNROLL=8 -DMBAR_EARLY=1 -DN_STAGES=5 -DPHASE1_UNROLL=4 -DSNAKE_ORDER=0 -DSTAGGER_CYCLES=120 -DTMEM_LOAD_WIDTH=64 -DW0_LOOP_UNROLL=4 ... 2.466 ms / 1776 TFLOPS  (245 regs, 1.8s)
[526/540] -DK_LOOP_UNROLL=8 -DMBAR_EARLY=1 -DN_STAGES=5 -DPHASE1_UNROLL=4 -DSNAKE_ORDER=0 -DSTAGGER_CYCLES=120 -DSUB_MMA_UNROLL=1 -DTMEM_LOAD_WIDTH=64 ... 2.574 ms / 1702 TFLOPS  (252 regs, 1.8s)
[527/540] -DK_LOOP_UNROLL=8 -DMBAR_EARLY=1 -DN_STAGES=5 -DPHASE1_UNROLL=4 -DSNAKE_ORDER=0 -DSTAGGER_CYCLES=120 -DSUB_MMA_UNROLL=1 -DTMEM_LOAD_WIDTH=64 -DW0_LOOP_UNROLL=1 ... 2.491 ms / 1759 TFLOPS  (242 regs, 1.8s)
[528/540] -DK_LOOP_UNROLL=8 -DMBAR_EARLY=1 -DN_STAGES=5 -DPHASE1_UNROLL=4 -DSNAKE_ORDER=0 -DSTAGGER_CYCLES=120 -DSUB_MMA_UNROLL=1 -DTMEM_LOAD_WIDTH=64 -DW0_LOOP_UNROLL=4 ... 2.516 ms / 1741 TFLOPS  (242 regs, 1.8s)
[529/540] -DK_LOOP_UNROLL=8 -DMBAR_EARLY=1 -DN_STAGES=5 -DPHASE1_UNROLL=4 -DSNAKE_ORDER=0 -DSTAGGER_CYCLES=120 -DSUB_MMA_UNROLL=3 -DTMEM_LOAD_WIDTH=64 ... 2.407 ms / 1820 TFLOPS  (253 regs, 1.8s)
[530/540] -DK_LOOP_UNROLL=8 -DMBAR_EARLY=1 -DN_STAGES=5 -DPHASE1_UNROLL=4 -DSNAKE_ORDER=0 -DSTAGGER_CYCLES=120 -DSUB_MMA_UNROLL=3 -DTMEM_LOAD_WIDTH=64 -DW0_LOOP_UNROLL=1 ... 2.468 ms / 1774 TFLOPS  (245 regs, 1.8s)
[531/540] -DK_LOOP_UNROLL=8 -DMBAR_EARLY=1 -DN_STAGES=5 -DPHASE1_UNROLL=4 -DSNAKE_ORDER=0 -DSTAGGER_CYCLES=120 -DSUB_MMA_UNROLL=3 -DTMEM_LOAD_WIDTH=64 -DW0_LOOP_UNROLL=4 ... 2.433 ms / 1800 TFLOPS  (245 regs, 1.8s)
[532/540] -DK_LOOP_UNROLL=8 -DMBAR_EARLY=1 -DN_STAGES=5 -DPHASE1_UNROLL=4 -DSTAGGER_CYCLES=120 -DTMEM_LOAD_WIDTH=64 ... 2.425 ms / 1806 TFLOPS  (253 regs, 1.8s)
[533/540] -DK_LOOP_UNROLL=8 -DMBAR_EARLY=1 -DN_STAGES=5 -DPHASE1_UNROLL=4 -DSTAGGER_CYCLES=120 -DTMEM_LOAD_WIDTH=64 -DW0_LOOP_UNROLL=1 ... 2.477 ms / 1768 TFLOPS  (245 regs, 1.8s)
[534/540] -DK_LOOP_UNROLL=8 -DMBAR_EARLY=1 -DN_STAGES=5 -DPHASE1_UNROLL=4 -DSTAGGER_CYCLES=120 -DTMEM_LOAD_WIDTH=64 -DW0_LOOP_UNROLL=4 ... 2.452 ms / 1786 TFLOPS  (245 regs, 1.8s)
[535/540] -DK_LOOP_UNROLL=8 -DMBAR_EARLY=1 -DN_STAGES=5 -DPHASE1_UNROLL=4 -DSTAGGER_CYCLES=120 -DSUB_MMA_UNROLL=1 -DTMEM_LOAD_WIDTH=64 ... 2.584 ms / 1695 TFLOPS  (252 regs, 1.8s)
[536/540] -DK_LOOP_UNROLL=8 -DMBAR_EARLY=1 -DN_STAGES=5 -DPHASE1_UNROLL=4 -DSTAGGER_CYCLES=120 -DSUB_MMA_UNROLL=1 -DTMEM_LOAD_WIDTH=64 -DW0_LOOP_UNROLL=1 ... 2.511 ms / 1745 TFLOPS  (242 regs, 1.8s)
[537/540] -DK_LOOP_UNROLL=8 -DMBAR_EARLY=1 -DN_STAGES=5 -DPHASE1_UNROLL=4 -DSTAGGER_CYCLES=120 -DSUB_MMA_UNROLL=1 -DTMEM_LOAD_WIDTH=64 -DW0_LOOP_UNROLL=4 ... 2.501 ms / 1751 TFLOPS  (242 regs, 1.8s)
[538/540] -DK_LOOP_UNROLL=8 -DMBAR_EARLY=1 -DN_STAGES=5 -DPHASE1_UNROLL=4 -DSTAGGER_CYCLES=120 -DSUB_MMA_UNROLL=3 -DTMEM_LOAD_WIDTH=64 ... 2.420 ms / 1810 TFLOPS  (253 regs, 1.8s)
[539/540] -DK_LOOP_UNROLL=8 -DMBAR_EARLY=1 -DN_STAGES=5 -DPHASE1_UNROLL=4 -DSTAGGER_CYCLES=120 -DSUB_MMA_UNROLL=3 -DTMEM_LOAD_WIDTH=64 -DW0_LOOP_UNROLL=1 ... 2.471 ms / 1773 TFLOPS  (245 regs, 1.8s)
[540/540] -DK_LOOP_UNROLL=8 -DMBAR_EARLY=1 -DN_STAGES=5 -DPHASE1_UNROLL=4 -DSTAGGER_CYCLES=120 -DSUB_MMA_UNROLL=3 -DTMEM_LOAD_WIDTH=64 -DW0_LOOP_UNROLL=4 ... 2.458 ms / 1782 TFLOPS  (245 regs, 1.8s)

Tier 3 winner: -DMBAR_EARLY=1 -DN_STAGES=5 -DSTAGGER_CYCLES=120 -DSUB_MMA_UNROLL=3 -DTMEM_LOAD_WIDTH=64 → 1.511 ms / 2898 TFLOPS

@@GRID_WINNER -DMBAR_EARLY=1 -DN_STAGES=5 -DSTAGGER_CYCLES=120 -DSUB_MMA_UNROLL=3 -DTMEM_LOAD_WIDTH=64

================================================================================
RESULTS (sorted by ms)
================================================================================
  #  STG  EPI  INTER  MBAR  TMEM  STAG  PH1U  SNAKE  FUSE  KLU  W0U  SMU  REGS     SMEM       MS   TFLOPS  STATUS
-----------------------------------------------------------------------------------------------------------------
  1    5    4      2     1    64   120     2      1     1    4    0    0   255   224.1K    1.510     2900  BEST
  2    5    4      2     1    64   200     2      1     1    4    0    0   255   224.1K    1.510     2900  BEST
  3    5    4      2     1    64   120     2      1     1    4    0    3   255   224.1K    1.511     2898  OK
  4    5    4      2     1    64   120     4      1     1    4    0    3   255   224.1K    1.511     2900  OK
  5    5    4      2     1    32   100     2      1     1    4    0    0   255   224.1K    1.512     2896  OK
  6    5    4      2     1    64   160     2      1     1    4    0    0   255   224.1K    1.512     2897  OK
  7    5    4      2     1    64   120     2      1     0    4    0    0   255   224.1K    1.512     2897  OK
  8    5    4      2     0    32   200     2      1     1    4    0    0   255   224.1K    1.513     2895  OK
  9    5    4      2     1    64    40     2      1     1    4    0    0   255   224.1K    1.513     2895  OK
 10    5    4      2     1    64    80     2      1     1    4    0    0   255   224.1K    1.513     2895  OK
 11    5    4      2     1    32   200     2      1     1    4    0    0   255   224.1K    1.513     2895  OK
 12    5    4      2     1    64   120     4      0     0    4    0    3   255   224.1K    1.513     2895  OK
 13    5    4      2     1    64   120     4      1     0    4    0    3   255   224.1K    1.513     2894  OK
 14    5    4      2     1    64   120     4      1     1    4    0    0   255   224.1K    1.513     2895  OK
 15    5    4      2     0    32    80     2      1     1    4    0    0   255   224.1K    1.514     2892  OK
 16    5    4      2     1    32     0     2      1     1    4    0    0   255   224.1K    1.514     2893  OK
 17    5    4      2     1    64     0     2      1     1    4    0    0   255   224.1K    1.514     2893  OK
 18    5    4      2     1    64    60     2      1     1    4    0    0   255   224.1K    1.514     2894  OK
 19    5    4      2     1    64   100     2      1     1    4    0    0   255   224.1K    1.514     2893  OK
 20    5    4      2     1    32   160     2      1     1    4    0    0   255   224.1K    1.514     2892  OK
 21    5    4      2     1    64   120     2      1     0    4    0    3   255   224.1K    1.514     2893  OK
 22    5    4      2     1    64   120     4      1     0    4    0    0   255   224.1K    1.514     2892  OK
 23    5    4      2     1    64   120     2      1     1    4    0    0   255   224.1K    1.514     2893  OK
 24    5    4      2     1    64   120     4      0     1    4    0    0   255   224.1K    1.514     2892  OK
 25    5    4      2     0    32   120     2      1     1    4    0    0   255   224.1K    1.515     2890  OK
 26    5    4      2     1    64   120     4      0     1    4    0    3   255   224.1K    1.515     2892  OK
 27    5    4      2     0    32     0     2      1     1    4    0    0   255   224.1K    1.516     2889  OK
 28    5    4      2     0    32   100     2      1     1    4    0    0   255   224.1K    1.516     2889  OK
 29    5    4      2     1    32    80     2      1     1    4    0    0   255   224.1K    1.516     2890  OK
 30    5    4      2     1    32   120     2      1     1    4    0    0   255   224.1K    1.516     2889  OK
 31    5    4      2     1    64   120     4      0     0    4    0    0   255   224.1K    1.516     2890  OK
 32    5    4      1     0    32   100     2      1     1    4    0    0   255   224.1K    1.517     2888  OK
 33    5    4      1     1    32   200     2      1     1    4    0    0   255   224.1K    1.517     2888  OK
 34    5    4      2     0    64     0     2      1     1    4    0    0   255   224.1K    1.517     2887  OK
 35    5    4      2     1    64   120     2      0     1    4    0    0   255   224.1K    1.517     2887  OK
 36    5    4      1     0    64     0     2      1     1    4    0    0   255   224.1K    1.518     2885  OK
 37    5    4      1     0    32   200     2      1     1    4    0    0   255   224.1K    1.518     2886  OK
 38    5    4      1     1    32   120     2      1     1    4    0    0   255   224.1K    1.518     2885  OK
 39    5    4      2     0    32    80     2      1     1    4    0    0   255   224.1K    1.518     2885  OK
 40    5    4      1     1    32   160     2      1     1    4    0    0   255   224.1K    1.519     2884  OK
 41    5    4      1     0    32     0     2      1     1    4    0    0   255   224.1K    1.520     2882  OK
 42    5    4      1     1    32     0     2      1     1    4    0    0   255   224.1K    1.520     2881  OK
 43    5    4      2     0    32   160     2      1     1    4    0    0   255   224.1K    1.520     2881  OK
 44    5    4      1     0    32   160     2      1     1    4    0    0   255   224.1K    1.521     2879  OK
 45    5    4      1     1    32    80     2      1     1    4    0    0   255   224.1K    1.521     2880  OK
 46    5    4      1     1    32   100     2      1     1    4    0    0   255   224.1K    1.521     2880  OK
 47    5    4      2     0    32    40     2      1     1    4    0    0   255   224.1K    1.521     2880  OK
 48    5    4      0     1    64     0     2      1     1    4    0    0   255   224.1K    1.522     2878  OK
 49    5    4      2     1    64   120     2      0     1    4    0    3   255   224.1K    1.522     2878  OK
 50    5    4      1     0    32   120     2      1     1    4    0    0   255   224.1K    1.523     2876  OK
 51    5    4      2     1    64   120     2      0     0    4    0    3   255   224.1K    1.523     2876  OK
 52    5    4      0     0    64    40     2      1     1    4    0    0   255   224.1K    1.524     2873  OK
 53    5    4      0     0    64     0     2      1     1    4    0    0   255   224.1K    1.525     2872  OK
 54    5    4      2     0    64   200     2      1     1    4    0    0   255   224.1K    1.525     2872  OK
 55    5    4      0     0    32   200     2      1     1    4    0    0   255   224.1K    1.526     2870  OK
 56    5    4      0     1    32   160     2      1     1    4    0    0   255   224.1K    1.526     2870  OK
 57    5    4      1     0    32    80     2      1     1    4    0    0   255   224.1K    1.526     2871  OK
 58    5    4      2     1    32    40     2      1     1    4    0    0   255   224.1K    1.526     2871  OK
 59    5    4      0     1    64    80     2      1     1    4    0    0   255   224.1K    1.527     2869  OK
 60    5    4      0     1    32   100     2      1     1    4    0    0   255   224.1K    1.527     2869  OK
 61    5    4      0     1    64   160     2      1     1    4    0    0   255   224.1K    1.527     2868  OK
 62    5    4      2     0    64    40     2      1     1    4    0    0   255   224.1K    1.527     2868  OK
 63    5    4      2     1    64   120     2      0     0    4    0    0   255   224.1K    1.527     2869  OK
 64    5    4      0     1    32     0     2      1     1    4    0    0   255   224.1K    1.528     2867  OK
 65    5    4      0     1    64   120     2      1     1    4    0    0   255   224.1K    1.528     2867  OK
 66    5    4      0     1    32   200     2      1     1    4    0    0   255   224.1K    1.528     2866  OK
 67    5    4      1     0    64    40     2      1     1    4    0    0   255   224.1K    1.528     2867  OK
 68    5    4      1     0    64   120     2      1     1    4    0    0   255   224.1K    1.528     2867  OK
 69    5    4      1     0    64   200     2      1     1    4    0    0   255   224.1K    1.528     2867  OK
 70    5    4      2     0    32    60     2      1     1    4    0    0   255   224.1K    1.528     2867  OK
 71    5    4      3     0    64    40     2      1     1    4    0    0   255   224.1K    1.528     2866  OK
 72    5    4      0     0    32     0     2      1     1    4    0    0   255   224.1K    1.529     2864  OK
 73    5    4      0     1    64    40     2      1     1    4    0    0   255   224.1K    1.529     2865  OK
 74    5    4      0     1    64    60     2      1     1    4    0    0   255   224.1K    1.529     2865  OK
 75    5    4      0     1    32    80     2      1     1    4    0    0   255   224.1K    1.529     2864  OK
 76    5    4      3     1    32   160     2      1     1    4    0    0   255   224.1K    1.529     2865  OK
 77    5    4      0     0    32   160     2      1     1    4    0    0   255   224.1K    1.530     2863  OK
 78    5    4      0     1    64   100     2      1     1    4    0    0   255   224.1K    1.530     2862  OK
 79    5    4      0     1    32   120     2      1     1    4    0    0   255   224.1K    1.530     2864  OK
 80    5    4      1     0    64   160     2      1     1    4    0    0   255   224.1K    1.530     2863  OK
 81    5    4      3     0    64   120     2      1     1    4    0    0   255   224.1K    1.530     2863  OK
 82    5    4      0     0    32    40     2      1     1    4    0    0   255   224.1K    1.531     2860  OK
 83    5    4      0     0    32   100     2      1     1    4    0    0   255   224.1K    1.531     2860  OK
 84    5    4      0     0    64   120     2      1     1    4    0    0   255   224.1K    1.531     2860  OK
 85    5    4      1     0    64    60     2      1     1    4    0    0   255   224.1K    1.531     2861  OK
 86    5    4      2     0    64   160     2      1     1    4    0    0   255   224.1K    1.531     2861  OK
 87    5    4      0     1    64   200     2      1     1    4    0    0   255   224.1K    1.532     2860  OK
 88    5    4      1     0    64   100     2      1     1    4    0    0   255   224.1K    1.532     2858  OK
 89    5    4      3     0    64     0     2      1     1    4    0    0   255   224.1K    1.532     2859  OK
 90    5    4      3     0    64    60     2      1     1    4    0    0   255   224.1K    1.532     2859  OK
 91    5    4      3     0    32   200     2      1     1    4    0    0   255   224.1K    1.532     2860  OK
 92    5    4      3     1    32   200     2      1     1    4    0    0   255   224.1K    1.532     2858  OK
 93    5    4      0     0    32    80     2      1     1    4    0    0   255   224.1K    1.533     2857  OK
 94    5    4      0     0    64    60     2      1     1    4    0    0   255   224.1K    1.534     2855  OK
 95    5    4      1     1    32    40     2      1     1    4    0    0   255   224.1K    1.534     2855  OK
 96    5    4      2     1    32    60     2      1     1    4    0    0   255   224.1K    1.534     2855  OK
 97    5    4      3     0    32     0     2      1     1    4    0    0   254   224.1K    1.534     2855  OK
 98    5    4      3     1    32     0     2      1     1    4    0    0   254   224.1K    1.534     2856  OK
 99    5    4      1     0    32    40     2      1     1    4    0    0   255   224.1K    1.535     2854  OK
100    5    4      1     0    64    80     2      1     1    4    0    0   255   224.1K    1.535     2853  OK
101    5    4      1     1    32    60     2      1     1    4    0    0   255   224.1K    1.535     2854  OK
102    5    4      3     0    32   160     2      1     1    4    0    0   255   224.1K    1.535     2853  OK
103    5    4      3     1    32   100     2      1     1    4    0    0   255   224.1K    1.535     2853  OK
104    5    4      3     1    32   120     2      1     1    4    0    0   255   224.1K    1.535     2854  OK
105    5    4      0     0    32   120     2      1     1    4    0    0   255   224.1K    1.536     2852  OK
106    5    4      1     1    64    40     2      1     1    4    0    0   255   224.1K    1.536     2852  OK
107    5    4      3     0    32    40     2      1     1    4    0    0   255   224.1K    1.536     2852  OK
108    5    4      0     1    32    40     2      1     1    4    0    0   255   224.1K    1.537     2851  OK
109    5    4      3     0    32   120     2      1     1    4    0    0   255   224.1K    1.537     2851  OK
110    5    4      3     1    32    80     2      1     1    4    0    0   255   224.1K    1.537     2849  OK
111    5    4      3     0    32   100     2      1     1    4    0    0   255   224.1K    1.538     2848  OK
112    5    4      3     1    32    40     2      1     1    4    0    0   255   224.1K    1.538     2849  OK
113    5    4      1     0    32    60     2      1     1    4    0    0   255   224.1K    1.539     2846  OK
114    5    4      2     0    64   120     2      1     1    4    0    0   255   224.1K    1.539     2846  OK
115    5    4      3     0    64   200     2      1     1    4    0    0   255   224.1K    1.539     2846  OK
116    5    4      0     0    64   200     2      1     1    4    0    0   255   224.1K    1.540     2844  OK
117    5    4      1     1    64    60     2      1     1    4    0    0   255   224.1K    1.540     2844  OK
118    5    4      3     1    64     0     2      1     1    4    0    0   255   224.1K    1.540     2844  OK
119    5    4      2     0    64   100     2      1     1    4    0    0   255   224.1K    1.541     2842  OK
120    5    4      2     1    64   120     1      0     0    4    0    1   255   224.1K    1.542     2840  OK
121    5    4      3     0    32    60     2      1     1    4    0    0   255   224.1K    1.543     2839  OK
122    5    4      2     1    64   120     1      0     1    4    0    1   255   224.1K    1.543     2839  OK
123    5    4      0     0    32    60     2      1     1    4    0    0   255   224.1K    1.544     2836  OK
124    5    4      1     1    64    80     2      1     1    4    0    0   255   224.1K    1.544     2836  OK
125    5    4      2     0    64    80     2      1     1    4    0    0   255   224.1K    1.544     2836  OK
126    5    4      3     0    32    80     2      1     1    4    0    0   255   224.1K    1.545     2835  OK
127    5    4      3     1    32    60     2      1     1    4    0    0   255   224.1K    1.545     2835  OK
128    5    4      2     1    64   120     1      1     1    4    0    1   255   224.1K    1.545     2835  OK
129    5    4      0     0    64   160     2      1     1    4    0    0   255   224.1K    1.547     2831  OK
130    5    4      2     0    64    60     2      1     1    4    0    0   255   224.1K    1.547     2832  OK
131    5    4      3     0    64   160     2      1     1    4    0    0   255   224.1K    1.548     2830  OK
132    5    4      2     1    64   120     1      1     0    4    0    1   255   224.1K    1.548     2829  OK
133    5    4      2     1    64   120     1      0     1    4    0    3   255   224.1K    1.548     2829  OK
134    5    4      1     1    64   100     2      1     1    4    0    0   255   224.1K    1.549     2827  OK
135    5    4      1     1    64   160     2      1     1    4    0    0   255   224.1K    1.549     2828  OK
136    5    4      3     0    64    80     2      1     1    4    0    0   255   224.1K    1.550     2826  OK
137    5    4      2     1    64   120     1      1     0    4    0    0   255   224.1K    1.551     2824  OK
138    5    4      3     1    64    40     2      1     1    4    0    0   255   224.1K    1.552     2822  OK
139    5    4      2     1    64   120     2      1     0    4    0    1   255   224.1K    1.552     2823  OK
140    5    4      2     1    64   120     1      1     1    4    0    3   255   224.1K    1.552     2821  OK
141    5    4      3     0    64   100     2      1     1    4    0    0   255   224.1K    1.553     2821  OK
142    5    4      2     1    64   120     1      0     0    4    0    3   255   224.1K    1.553     2821  OK
143    5    4      2     1    64   120     2      1     1    4    0    1   255   224.1K    1.553     2820  OK
144    5    4      2     1    64   120     1      0     0    4    0    0   255   224.1K    1.554     2818  OK
145    5    4      2     1    64   120     2      0     1    4    0    1   255   224.1K    1.554     2818  OK
146    5    4      3     1    64    60     2      1     1    4    0    0   255   224.1K    1.555     2817  OK
147    5    4      2     1    64   120     1      0     1    4    0    0   255   224.1K    1.555     2816  OK
148    5    4      2     1    64   120     1      1     1    4    0    0   255   224.1K    1.555     2817  OK
149    5    4      0     1    32    60     2      1     1    4    0    0   255   224.1K    1.556     2815  OK
150    5    4      0     0    64   100     2      1     1    4    0    0   255   224.1K    1.558     2812  OK
151    5    4      1     1    64   200     2      1     1    4    0    0   255   224.1K    1.558     2811  OK
152    5    4      0     0    64    80     2      1     1    4    0    0   255   224.1K    1.559     2810  OK
153    5    4      2     1    64   120     1      1     0    4    0    3   255   224.1K    1.559     2810  OK
154    5    4      2     1    64   120     2      0     0    4    0    1   255   224.1K    1.559     2809  OK
155    5    4      1     1    64     0     2      1     1    4    0    0   255   224.1K    1.562     2804  OK
156    5    4      3     1    64   100     2      1     1    4    0    0   255   224.1K    1.562     2804  OK
157    5    4      1     1    64   120     2      1     1    4    0    0   255   224.1K    1.563     2802  OK
158    5    4      2     1    64   120     4      0     1    4    0    1   253   224.1K    1.565     2799  OK
159    5    4      3     1    64    80     2      1     1    4    0    0   255   224.1K    1.566     2798  OK
160    5    4      2     1    64   120     4      0     0    4    0    1   253   224.1K    1.567     2795  OK
161    5    4      3     1    64   120     2      1     1    4    0    0   255   224.1K    1.568     2794  OK
162    5    4      2     1    64   120     4      1     0    4    0    1   253   224.1K    1.579     2775  OK
163    5    4      2     1    64   120     4      1     1    4    0    1   253   224.1K    1.579     2773  OK
164    5    4      3     1    64   160     2      1     1    4    0    0   255   224.1K    1.583     2767  OK
165    5    4      3     1    64   200     2      1     1    4    0    0   255   224.1K    1.594     2747  OK
166    4    4      2     0    32    80     2      1     1    4    0    0   255   192.1K    1.650     2654  OK
167    4    5      2     0    32    80     2      1     1    4    0    0   254   208.1K    1.732     2528  OK
168    3    4      2     0    32    80     2      1     1    4    0    0   240   160.1K    1.977     2216  OK
169    3    5      2     0    32    80     2      1     1    4    0    0   242   176.1K    1.983     2209  OK
170    5    4      2     1    64   120     1      0     1    4    4    1   240   224.1K    2.269     1930  OK
171    5    4      2     1    64   120     1      0     0    4    4    3   254   224.1K    2.279     1922  OK
172    5    4      2     1    64   120     1      1     1    4    4    3   254   224.1K    2.284     1917  OK
173    5    4      2     1    64   120     1      0     0    4    4    0   254   224.1K    2.285     1917  OK
174    5    4      2     1    64   120     2      0     0    4    4    3   255   224.1K    2.289     1914  OK
175    5    4      2     1    64   120     2      1     1    4    4    3   255   224.1K    2.289     1914  OK
176    5    4      2     1    64   120     1      1     0    4    4    3   254   224.1K    2.290     1913  OK
177    5    4      2     1    64   120     4      1     0    4    4    3   255   224.1K    2.290     1913  OK
178    5    4      2     1    64   120     2      0     0    4    4    0   255   224.1K    2.293     1910  OK
179    5    4      2     1    64   120     2      1     1    4    4    0   255   224.1K    2.293     1910  OK
180    5    4      2     1    64   120     1      1     0    4    4    0   254   224.1K    2.295     1908  OK
181    5    4      2     1    64   120     1      0     1    4    4    3   254   224.1K    2.295     1909  OK
182    5    4      2     1    64   120     1      1     1    4    4    1   240   224.1K    2.298     1906  OK
183    5    4      2     1    64   120     2      0     1    4    4    0   255   224.1K    2.306     1899  OK
184    5    4      2     1    64   120     1      0     1    4    4    0   254   224.1K    2.308     1898  OK
185    5    4      2     1    64   120     2      1     1    4    4    1   248   224.1K    2.309     1897  OK
186    5    4      2     1    64   120     1      0     0    4    4    1   240   224.1K    2.315     1892  OK
187    5    4      2     1    64   120     2      1     0    4    4    3   255   224.1K    2.315     1892  OK
188    5    4      2     1    64   120     4      1     1    4    4    3   255   224.1K    2.316     1891  OK
189    5    4      2     1    64   120     1      1     1    4    4    0   254   224.1K    2.324     1885  OK
190    5    4      2     1    64   120     2      1     0    4    4    0   255   224.1K    2.325     1884  OK
191    5    4      2     1    64   120     4      0     1    4    4    3   255   224.1K    2.325     1884  OK
192    5    4      2     1    64   120     2      0     0    4    4    1   248   224.1K    2.327     1882  OK
193    5    4      2     1    64   120     4      0     0    4    4    3   255   224.1K    2.330     1880  OK
194    5    4      2     1    64   120     4      1     0    4    4    0   255   224.1K    2.332     1878  OK
195    5    4      2     1    64   120     1      1     0    4    4    1   240   224.1K    2.334     1877  OK
196    5    4      2     1    64   120     4      1     1    4    4    0   255   224.1K    2.337     1874  OK
197    5    4      2     1    64   120     2      1     0    4    1    1   248   224.1K    2.340     1872  OK
198    5    4      2     1    64   120     1      0     1    4    1    3   254   224.1K    2.340     1872  OK
199    5    4      2     1    64   120     2      1     1    4    1    1   248   224.1K    2.340     1872  OK
200    5    4      2     1    64   120     2      1     0    4    4    1   248   224.1K    2.343     1869  OK
201    5    4      2     1    64   120     1      1     0    4    1    3   254   224.1K    2.344     1868  OK
202    5    4      2     1    64   120     2      1     0    4    1    0   255   224.1K    2.344     1869  OK
203    5    4      2     1    64   120     2      0     1    4    4    3   255   224.1K    2.344     1869  OK
204    5    4      2     1    64   120     1      1     0    4    1    0   254   224.1K    2.345     1868  OK
205    5    4      2     1    64   120     1      1     1    4    1    3   254   224.1K    2.347     1866  OK
206    5    4      2     1    64   120     2      1     0    4    1    3   255   224.1K    2.348     1865  OK
207    5    4      2     1    64   120     4      0     0    4    4    0   255   224.1K    2.348     1866  OK
208    5    4      2     1    64   120     2      0     1    4    1    0   255   224.1K    2.348     1866  OK
209    5    4      2     1    64   120     1      1     1    4    1    0   254   224.1K    2.351     1863  OK
210    5    4      2     1    64   120     4      0     1    4    4    0   255   224.1K    2.351     1863  OK
211    5    4      2     1    64   120     1      0     0    4    1    0   254   224.1K    2.353     1861  OK
212    5    4      2     1    64   120     2      0     1    4    4    1   248   224.1K    2.353     1862  OK
213    5    4      2     1    64   120     4      1     1    4    1    0   255   224.1K    2.354     1861  OK
214    5    4      2     1    64   120     4      0     1    4    1    0   255   224.1K    2.357     1858  OK
215    5    4      2     1    64   120     2      1     1    4    1    3   255   224.1K    2.358     1857  OK
216    5    4      2     1    64   120     2      0     0    4    1    0   255   224.1K    2.359     1857  OK
217    5    4      2     1    64   120     4      1     1    4    1    3   255   224.1K    2.359     1856  OK
218    5    4      2     1    64   120     1      1     0    4    1    1   240   224.1K    2.360     1856  OK
219    5    4      2     1    64   120     1      0     1    4    1    1   240   224.1K    2.360     1856  OK
220    5    4      2     1    64   120     1      1     1    4    1    1   240   224.1K    2.360     1856  OK
221    5    4      2     1    64   120     2      0     0    6    4    3   248   224.1K    2.363     1854  OK
222    5    4      2     1    64   120     2      0     1    4    1    1   248   224.1K    2.363     1854  OK
223    5    4      2     1    64   120     2      0     1    8    4    0   248   224.1K    2.366     1851  OK
224    5    4      2     1    64   120     2      0     0    8    4    3   248   224.1K    2.369     1849  OK
225    5    4      2     1    64   120     1      0     0    4    1    1   240   224.1K    2.370     1848  OK
226    5    4      2     1    64   120     1      0     0    4    1    3   254   224.1K    2.370     1848  OK
227    5    4      2     1    64   120     2      0     0    4    1    3   255   224.1K    2.370     1848  OK
228    5    4      2     1    64   120     1      0     1    8    4    3   229   224.1K    2.373     1846  OK
229    5    4      2     1    64   120     1      0     1    4    1    0   254   224.1K    2.375     1845  OK
230    5    4      2     1    64   120     1      0     1    6    4    3   229   224.1K    2.375     1844  OK
231    5    4      2     1    64   120     2      0     1    4    1    3   255   224.1K    2.377     1843  OK
232    5    4      2     1    64   120     2      0     1    8    4    3   248   224.1K    2.377     1843  OK
233    5    4      2     1    64   120     2      1     1    8    4    0   248   224.1K    2.377     1843  OK
234    5    4      2     1    64   120     2      1     0    8    4    0   248   224.1K    2.378     1842  OK
235    5    4      2     1    64   120     2      0     1    1    4    3   248   224.1K    2.378     1842  OK
236    5    4      2     1    64   120     2      0     1    6    0    3   255   224.1K    2.379     1841  OK
237    5    4      2     1    64   120     4      0     0    4    1    0   255   224.1K    2.380     1841  OK
238    5    4      2     1    64   120     2      0     1    6    1    0   248   224.1K    2.380     1840  OK
239    5    4      2     1    64   120     2      1     1    8    1    3   248   224.1K    2.380     1840  OK
240    5    4      2     1    64   120     4      0     0    4    1    3   255   224.1K    2.381     1839  OK
241    5    4      2     1    64   120     4      1     0    4    1    0   255   224.1K    2.381     1840  OK
242    5    4      2     1    64   120     2      1     1    6    4    0   248   224.1K    2.381     1840  OK
243    5    4      2     1    64   120     2      0     1    6    4    0   248   224.1K    2.382     1839  OK
244    5    4      2     1    64   120     2      0     0    4    1    1   248   224.1K    2.383     1838  OK
245    5    4      2     1    64   120     2      0     0    6    4    0   248   224.1K    2.383     1838  OK
246    5    4      2     1    64   120     2      1     0    6    0    3   255   224.1K    2.384     1837  OK
247    5    4      2     1    64   120     2      1     0    6    4    3   248   224.1K    2.384     1837  OK
248    5    4      2     1    64   120     2      0     1    1    4    0   248   224.1K    2.384     1837  OK
249    5    4      2     1    64   120     1      1     0    8    4    3   229   224.1K    2.385     1837  OK
250    5    4      2     1    64   120     2      0     1    8    1    3   248   224.1K    2.385     1836  OK
251    5    4      2     1    64   120     2      1     1    8    4    3   248   224.1K    2.385     1836  OK
252    5    4      2     1    64   120     1      1     0    6    0    3   252   224.1K    2.386     1836  OK
253    5    4      2     1    64   120     2      1     0    6    1    0   248   224.1K    2.386     1836  OK
254    5    4      2     1    64   120     1      0     0    8    4    3   229   224.1K    2.386     1836  OK
255    5    4      2     1    64   120     2      1     0    8    4    3   248   224.1K    2.386     1836  OK
256    5    4      2     1    64   120     1      1     1    6    4    3   229   224.1K    2.386     1836  OK
257    5    4      2     1    64   120     1      0     0    6    4    3   229   224.1K    2.387     1835  OK
258    5    4      2     1    64   120     1      0     0    8    4    0   229   224.1K    2.387     1835  OK
259    5    4      2     1    64   120     2      1     1    4    1    0   255   224.1K    2.387     1835  OK
260    5    4      2     1    64   120     2      0     0    6    1    0   248   224.1K    2.388     1834  OK
261    5    4      2     1    64   120     1      0     1    6    1    3   229   224.1K    2.388     1834  OK
262    5    4      2     1    64   120     1      1     1    6    0    3   252   224.1K    2.388     1834  OK
263    5    4      2     1    64   120     2      1     1    6    1    0   248   224.1K    2.388     1835  OK
264    5    4      2     1    64   120     4      0     0    4    4    1   252   224.1K    2.389     1833  OK
265    5    4      2     1    64   120     4      1     0    4    4    1   252   224.1K    2.389     1833  OK
266    5    4      2     1    64   120     2      0     0    8    1    0   248   224.1K    2.389     1834  OK
267    5    4      2     1    64   120     1      0     1    6    0    3   252   224.1K    2.389     1833  OK
268    5    4      2     1    64   120     2      0     1    6    0    0   255   224.1K    2.389     1833  OK
269    5    4      2     1    64   120     2      1     1    6    4    3   248   224.1K    2.389     1833  OK
270    5    4      2     1    64   120     2      1     1    2    4    3   248   224.1K    2.390     1833  OK
271    5    4      2     1    64   120     2      0     1    6    4    3   248   224.1K    2.390     1833  OK
272    5    4      2     1    64   120     1      1     0    6    4    3   229   224.1K    2.391     1832  OK
273    5    4      2     1    64   120     2      1     0    6    4    0   248   224.1K    2.391     1832  OK
274    5    4      2     1    64   120     2      1     0    6    1    3   248   224.1K    2.391     1832  OK
275    5    4      2     1    64   120     1      1     0    8    4    0   229   224.1K    2.391     1832  OK
276    5    4      2     1    64   120     2      0     0    8    1    3   248   224.1K    2.391     1832  OK
277    5    4      2     1    64   120     2      1     0    8    1    0   248   224.1K    2.391     1832  OK
278    5    4      2     1    64   120     1      0     1    6    4    0   229   224.1K    2.391     1832  OK
279    5    4      2     1    64   120     2      1     1    6    0    0   255   224.1K    2.391     1832  OK
280    5    4      2     1    64   120     2      1     1    8    0    3   255   224.1K    2.391     1832  OK
281    5    4      2     1    64   120     1      0     0    6    4    0   229   224.1K    2.392     1831  OK
282    5    4      2     1    64   120     2      0     1    2    4    0   248   224.1K    2.392     1831  OK
283    5    4      2     1    64   120     4      0     1    4    1    3   255   224.1K    2.392     1831  OK
284    5    4      2     1    64   120     2      1     1    6    0    3   255   224.1K    2.392     1831  OK
285    5    4      2     1    64   120     1      1     1    8    0    3   252   224.1K    2.392     1831  OK
286    5    4      2     1    64   120     2      1     1    8    1    0   248   224.1K    2.392     1831  OK
287    5    4      2     1    64   120     1      0     0    1    4    3   229   224.1K    2.393     1830  OK
288    5    4      2     1    64   120     2      0     0    1    1    3   248   224.1K    2.393     1831  OK
289    5    4      2     1    64   120     2      1     0    2    1    3   248   224.1K    2.393     1830  OK
290    5    4      2     1    64   120     1      0     0    6    0    0   252   224.1K    2.393     1830  OK
291    5    4      2     1    64   120     2      0     1    6    1    3   248   224.1K    2.393     1831  OK
292    5    4      2     1    64   120     2      1     0    1    4    0   248   224.1K    2.394     1830  OK
293    5    4      2     1    64   120     4      1     0    6    0    3   253   224.1K    2.394     1829  OK
294    5    4      2     1    64   120     2      0     0    8    4    0   248   224.1K    2.394     1829  OK
295    5    4      2     1    64   120     4      0     1    6    0    0   253   224.1K    2.394     1829  OK
296    5    4      2     1    64   120     2      0     1    8    0    0   255   224.1K    2.394     1830  OK
297    5    4      2     1    64   120     2      0     0    2    4    0   248   224.1K    2.395     1829  OK
298    5    4      2     1    64   120     2      0     0    2    4    3   248   224.1K    2.395     1829  OK
299    5    4      2     1    64   120     2      1     1    6    1    3   248   224.1K    2.395     1829  OK
300    5    4      2     1    64   120     2      0     1    8    1    0   248   224.1K    2.395     1829  OK
301    5    4      2     1    64   120     4      1     0    4    1    3   255   224.1K    2.396     1828  OK
302    5    4      2     1    64   120     4      0     1    4    4    1   252   224.1K    2.396     1828  OK
303    5    4      2     1    64   120     4      1     1    4    4    1   252   224.1K    2.396     1828  OK
304    5    4      2     1    64   120     2      0     0    1    4    3   248   224.1K    2.397     1827  OK
305    5    4      2     1    64   120     2      1     0    1    4    3   248   224.1K    2.397     1827  OK
306    5    4      2     1    64   120     1      1     0    8    0    0   252   224.1K    2.397     1827  OK
307    5    4      2     1    64   120     1      0     1    6    0    0   252   224.1K    2.397     1827  OK
308    5    4      2     1    64   120     1      1     1    8    4    3   229   224.1K    2.397     1827  OK
309    5    4      2     1    64   120     2      0     0    1    4    0   248   224.1K    2.398     1826  OK
310    5    4      2     1    64   120     2      1     0    6    0    0   255   224.1K    2.398     1826  OK
311    5    4      2     1    64   120     2      0     1    2    4    3   248   224.1K    2.398     1826  OK
312    5    4      2     1    64   120     1      1     1    6    0    0   252   224.1K    2.398     1826  OK
313    5    4      2     1    64   120     4      0     1    6    0    3   253   224.1K    2.398     1826  OK
314    5    4      2     1    64   120     1      0     1    8    4    0   229   224.1K    2.398     1826  OK
315    5    4      2     1    64   120     1      0     0    6    0    3   252   224.1K    2.399     1826  OK
316    5    4      2     1    64   120     1      1     1    8    1    3   229   224.1K    2.399     1826  OK
317    5    4      2     1    64   120     2      1     0    2    0    0   255   224.1K    2.400     1825  OK
318    5    4      2     1    64   120     1      0     0    6    1    0   229   224.1K    2.400     1825  OK
319    5    4      2     1    64   120     2      0     0    6    0    0   255   224.1K    2.400     1825  OK
320    5    4      2     1    64   120     1      0     1    1    4    3   229   224.1K    2.401     1824  OK
321    5    4      2     1    64   120     2      1     1    2    1    3   248   224.1K    2.401     1824  OK
322    5    4      2     1    64   120     2      1     0    1    1    0   248   224.1K    2.402     1823  OK
323    5    4      2     1    64   120     1      0     0    8    0    3   252   224.1K    2.402     1824  OK
324    5    4      2     1    64   120     2      0     0    8    0    3   255   224.1K    2.402     1823  OK
325    5    4      2     1    64   120     2      0     1    2    1    0   248   224.1K    2.402     1823  OK
326    5    4      2     1    64   120     1      0     1    6    1    0   229   224.1K    2.402     1824  OK
327    5    4      2     1    64   120     1      1     1    8    4    0   229   224.1K    2.403     1823  OK
328    5    4      2     1    64   120     1      0     0    2    0    0   252   224.1K    2.404     1822  OK
329    5    4      2     1    64   120     2      0     0    2    0    0   255   224.1K    2.404     1822  OK
330    5    4      2     1    64   120     1      1     0    6    1    0   229   224.1K    2.404     1822  OK
331    5    4      2     1    64   120     2      0     0    6    0    3   255   224.1K    2.404     1822  OK
332    5    4      2     1    64   120     1      1     0    8    1    0   229   224.1K    2.404     1822  OK
333    5    4      2     1    64   120     2      0     0    8    0    0   255   224.1K    2.404     1822  OK
334    5    4      2     1    64   120     2      0     1    1    1    3   248   224.1K    2.404     1822  OK
335    5    4      2     1    64   120     2      1     1    1    4    0   248   224.1K    2.404     1822  OK
336    5    4      2     1    64   120     1      0     1    8    0    0   252   224.1K    2.404     1822  OK
337    5    4      2     1    64   120     4      0     1    8    0    0   253   224.1K    2.404     1822  OK
338    5    4      2     1    64   120     2      1     0    8    0    3   255   224.1K    2.405     1821  OK
339    5    4      2     1    64   120     2      0     1    1    1    0   248   224.1K    2.405     1821  OK
340    5    4      2     1    64   120     2      1     1    2    0    0   255   224.1K    2.405     1821  OK
341    5    4      2     1    64   120     1      0     0    6    1    3   229   224.1K    2.406     1821  OK
342    5    4      2     1    64   120     2      0     1    2    0    0   255   224.1K    2.406     1820  OK
343    5    4      2     1    64   120     2      1     1    2    0    3   255   224.1K    2.406     1821  OK
344    5    4      2     1    64   120     1      1     1    6    1    0   229   224.1K    2.406     1820  OK
345    5    4      2     1    64   120     2      0     0    1    1    0   248   224.1K    2.407     1820  OK
346    5    4      2     1    64   120     1      0     0    2    4    0   229   224.1K    2.407     1819  OK
347    5    4      2     1    64   120     2      0     0    2    1    0   248   224.1K    2.407     1820  OK
348    5    4      2     1    64   120     2      0     0    2    1    3   248   224.1K    2.407     1820  OK
349    5    4      2     1    64   120     1      0     0    8    1    3   229   224.1K    2.407     1820  OK
350    5    4      2     1    64   120     2      1     1    2    1    0   248   224.1K    2.407     1819  OK
351    5    4      2     1    64   120     4      1     1    6    0    0   253   224.1K    2.407     1820  OK
352    5    4      2     1    64   120     1      0     1    8    1    3   229   224.1K    2.407     1820  OK
353    5    4      2     1    64   120     4      0     1    8    0    3   253   224.1K    2.407     1820  OK
354    5    4      2     1    64   120     2      1     0    1    1    3   248   224.1K    2.408     1819  OK
355    5    4      2     1    64   120     1      0     0    2    4    3   229   224.1K    2.408     1819  OK
356    5    4      2     1    64   120     1      1     0    2    4    0   229   224.1K    2.408     1819  OK
357    5    4      2     1    64   120     2      1     0    2    4    3   248   224.1K    2.408     1819  OK
358    5    4      2     1    64   120     1      1     0    6    4    0   229   224.1K    2.408     1819  OK
359    5    4      2     1    64   120     1      1     0    6    1    3   229   224.1K    2.408     1819  OK
360    5    4      2     1    64   120     2      0     0    6    1    3   248   224.1K    2.408     1819  OK
361    5    4      2     1    64   120     2      1     1    2    4    0   248   224.1K    2.408     1819  OK
362    5    4      2     1    64   120     2      0     1    8    0    3   255   224.1K    2.408     1819  OK
363    5    4      2     1    64   120     2      1     0    1    0    0   255   224.1K    2.409     1818  OK
364    5    4      2     1    64   120     2      1     0    2    0    3   255   224.1K    2.409     1818  OK
365    5    4      2     1    64   120     4      1     0    6    0    0   253   224.1K    2.409     1819  OK
366    5    4      2     1    64   120     1      1     1    2    4    3   229   224.1K    2.409     1818  OK
367    5    4      2     1    64   120     1      0     0    1    4    0   229   224.1K    2.410     1818  OK
368    5    4      2     1    64   120     2      1     0    2    4    0   248   224.1K    2.410     1817  OK
369    5    4      2     1    64   120     1      1     1    8    1    0   229   224.1K    2.410     1817  OK
370    5    4      2     1    64   120     1      1     0    8    0    3   252   224.1K    2.411     1816  OK
371    5    4      2     1    64   120     2      0     1    1    0    3   255   224.1K    2.411     1817  OK
372    5    4      2     1    64   120     4      0     0    6    0    0   253   224.1K    2.412     1816  OK
373    5    4      2     1    64   120     2      1     1    8    0    0   255   224.1K    2.412     1816  OK
374    5    4      2     1    64   120     1      0     0    1    0    0   252   224.1K    2.413     1815  OK
375    5    4      2     1    64   120     1      1     1    2    4    0   229   224.1K    2.413     1815  OK
376    5    4      2     1    64   120     1      1     1    6    4    0   229   224.1K    2.413     1816  OK
377    5    4      2     1    64   120     2      0     0    1    0    0   255   224.1K    2.414     1815  OK
378    5    4      2     1    64   120     1      0     0    8    0    0   252   224.1K    2.414     1815  OK
379    5    4      2     1    64   120     2      1     0    8    1    3   248   224.1K    2.414     1815  OK
380    5    4      2     1    64   120     1      0     1    2    4    0   229   224.1K    2.414     1814  OK
381    5    4      2     1    64   120     2      1     0    2    1    0   248   224.1K    2.415     1814  OK
382    5    4      2     1    64   120     1      0     1    2    1    0   229   224.1K    2.415     1814  OK
383    5    4      2     1    64   120     2      1     1    1    4    3   248   224.1K    2.416     1813  OK
384    5    4      2     1    64   120     2      0     1    2    1    3   248   224.1K    2.416     1813  OK
385    5    4      2     1    64   120     4      1     1    6    0    3   253   224.1K    2.416     1813  OK
386    5    4      2     1    64   120     1      1     1    8    0    0   252   224.1K    2.416     1813  OK
387    5    4      2     1    64   120     2      0     0    2    0    3   255   224.1K    2.417     1812  OK
388    5    4      2     1    64   120     2      0     1    1    0    0   255   224.1K    2.417     1812  OK
389    5    4      2     1    64   120     2      0     1    2    0    3   255   224.1K    2.417     1812  OK
390    5    4      2     1    64   120     1      1     0    2    0    3   252   224.1K    2.418     1811  OK
391    5    4      2     1    64   120     4      1     0    4    1    1   252   224.1K    2.418     1812  OK
392    5    4      2     1    64   120     4      0     0    6    0    3   253   224.1K    2.418     1811  OK
393    5    4      2     1    64   120     1      0     0    8    1    0   229   224.1K    2.418     1812  OK
394    5    4      2     1    64   120     4      0     0    8    0    3   253   224.1K    2.418     1812  OK
395    5    4      2     1    64   120     2      1     1    1    0    0   255   224.1K    2.418     1812  OK
396    5    4      2     1    64   120     1      0     0    2    0    3   252   224.1K    2.419     1810  OK
397    5    4      2     1    64   120     1      1     0    2    4    3   229   224.1K    2.419     1811  OK
398    5    4      2     1    64   120     1      0     1    1    4    0   229   224.1K    2.419     1810  OK
399    5    4      2     1    64   120     2      1     1    1    1    3   248   224.1K    2.419     1811  OK
400    5    4      2     1    64   120     1      1     1    2    0    0   252   224.1K    2.419     1810  OK
401    5    4      2     1    64   120     1      1     1    2    1    0   229   224.1K    2.419     1810  OK
402    5    4      2     1    64   120     1      1     1    6    1    3   229   224.1K    2.419     1810  OK
403    5    4      2     1    64   120     1      0     1    8    0    3   252   224.1K    2.419     1811  OK
404    5    4      2     1    64   120     4      1     0    8    0    3   253   224.1K    2.420     1810  OK
405    5    4      2     1    64   120     1      0     1    1    0    0   252   224.1K    2.420     1810  OK
406    5    4      2     1    64   120     4      1     1    1    0    0   253   224.1K    2.420     1810  OK
407    5    4      2     1    64   120     4      1     1    8    0    3   253   224.1K    2.420     1810  OK
408    5    4      2     1    64   120     4      0     0    8    0    0   253   224.1K    2.421     1809  OK
409    5    4      2     1    64   120     1      1     1    1    4    3   229   224.1K    2.421     1809  OK
410    5    4      2     1    64   120     4      0     1    1    0    0   253   224.1K    2.421     1809  OK
411    5    4      2     1    64   120     1      0     1    2    1    3   229   224.1K    2.421     1809  OK
412    5    4      2     1    64   120     1      0     1    2    4    3   229   224.1K    2.421     1809  OK
413    5    4      2     1    64   120     4      1     1    2    0    0   253   224.1K    2.421     1809  OK
414    5    4      2     1    64   120     1      0     1    8    1    0   229   224.1K    2.421     1809  OK
415    5    4      2     1    64   120     1      1     0    6    0    0   252   224.1K    2.422     1809  OK
416    5    4      2     1    64   120     1      1     1    2    1    3   229   224.1K    2.422     1809  OK
417    5    4      2     1    64   120     4      1     0    2    0    0   253   224.1K    2.423     1807  OK
418    5    4      2     1    64   120     2      1     0    8    0    0   255   224.1K    2.423     1808  OK
419    5    4      2     1    64   120     1      0     1    2    0    3   252   224.1K    2.423     1808  OK
420    5    4      2     1    64   120     1      1     0    1    4    0   229   224.1K    2.424     1807  OK
421    5    4      2     1    64   120     1      0     0    2    1    0   229   224.1K    2.424     1807  OK
422    5    4      2     1    64   120     1      1     0    2    1    0   229   224.1K    2.424     1807  OK
423    5    4      2     1    64   120     1      1     0    2    0    0   252   224.1K    2.425     1806  OK
424    5    4      2     1    64   120     1      1     0    8    1    3   229   224.1K    2.425     1806  OK
425    5    4      2     1    64   120     4      1     1    8    0    0   253   224.1K    2.425     1806  OK
426    5    4      2     1    64   120     1      1     0    2    1    3   229   224.1K    2.426     1806  OK
427    5    4      2     1    64   120     1      0     1    2    0    0   252   224.1K    2.426     1805  OK
428    5    4      2     1    64   120     1      0     0    2    1    3   229   224.1K    2.427     1805  OK
429    5    4      2     1    64   120     2      1     1    1    1    0   248   224.1K    2.427     1805  OK
430    5    4      2     1    64   120     1      1     1    2    0    3   252   224.1K    2.427     1805  OK
431    5    4      2     1    64   120     4      1     1    4    1    1   252   224.1K    2.427     1805  OK
432    5    4      2     1    64   120     1      1     0    1    1    0   229   224.1K    2.428     1804  OK
433    5    4      2     1    64   120     4      1     0    8    0    0   253   224.1K    2.428     1804  OK
434    5    4      2     1    64   120     1      0     0    1    0    3   252   224.1K    2.429     1803  OK
435    5    4      2     1    64   120     1      1     1    1    0    0   252   224.1K    2.429     1803  OK
436    5    4      2     1    64   120     4      1     1    2    0    3   253   224.1K    2.429     1803  OK
437    5    4      2     1    64   120     1      0     0    1    1    3   229   224.1K    2.430     1803  OK
438    5    4      2     1    64   120     4      1     0    2    0    3   253   224.1K    2.430     1802  OK
439    5    4      2     1    64   120     1      1     1    1    0    3   252   224.1K    2.430     1803  OK
440    5    4      2     1    64   120     2      1     1    1    0    3   255   224.1K    2.430     1802  OK
441    5    4      2     1    64   120     1      0     1    1    1    3   229   224.1K    2.431     1802  OK
442    5    4      2     1    64   120     1      1     0    1    0    0   252   224.1K    2.433     1800  OK
443    5    4      2     1    64   120     1      1     0    1    4    3   229   224.1K    2.433     1800  OK
444    5    4      2     1    64   120     2      0     0    1    0    3   255   224.1K    2.433     1800  OK
445    5    4      2     1    64   120     4      0     1    8    4    3   245   224.1K    2.433     1800  OK
446    5    4      2     1    64   120     4      1     0    1    0    3   253   224.1K    2.434     1800  OK
447    5    4      2     1    64   120     4      0     0    2    0    3   253   224.1K    2.434     1800  OK
448    5    4      2     1    64   120     1      1     0    1    0    3   252   224.1K    2.435     1798  OK
449    5    4      2     1    64   120     2      1     0    1    0    3   255   224.1K    2.435     1799  OK
450    5    4      2     1    64   120     1      1     1    1    4    0   229   224.1K    2.435     1799  OK
451    5    4      2     1    64   120     1      1     1    1    1    3   229   224.1K    2.435     1799  OK
452    5    4      2     1    64   120     4      0     0    1    0    3   253   224.1K    2.437     1797  OK
453    5    4      2     1    64   120     1      0     1    1    0    3   252   224.1K    2.437     1797  OK
454    5    4      2     1    64   120     4      1     1    1    0    3   253   224.1K    2.437     1798  OK
455    5    4      2     1    64   120     4      0     0    2    0    0   253   224.1K    2.438     1796  OK
456    5    4      2     1    64   120     4      1     0    1    0    0   253   224.1K    2.439     1796  OK
457    5    4      2     1    64   120     4      0     1    1    0    3   253   224.1K    2.441     1795  OK
458    5    4      2     1    64   120     4      0     1    2    0    0   253   224.1K    2.441     1794  OK
459    5    4      2     1    64   120     4      0     1    2    0    3   253   224.1K    2.441     1795  OK
460    5    4      2     1    64   120     4      0     0    1    0    0   253   224.1K    2.443     1793  OK
461    5    4      2     1    64   120     1      0     1    1    1    0   229   224.1K    2.443     1793  OK
462    5    4      2     1    64   120     1      1     1    1    1    0   229   224.1K    2.443     1793  OK
463    5    4      2     1    64   120     1      1     0    1    1    3   229   224.1K    2.444     1792  OK
464    5    4      2     1    64   120     2      1     0    8    1    1   243   224.1K    2.445     1792  OK
465    5    4      2     1    64   120     1      0     0    1    1    0   229   224.1K    2.446     1791  OK
466    5    4      2     1    64   120     4      0     0    4    1    1   252   224.1K    2.447     1790  OK
467    5    4      2     1    64   120     4      0     0    6    4    3   245   224.1K    2.450     1787  OK
468    5    4      2     1    64   120     4      0     1    6    4    0   245   224.1K    2.450     1788  OK
469    5    4      2     1    64   120     4      1     1    6    1    0   245   224.1K    2.450     1788  OK
470    5    4      2     1    64   120     4      0     0    8    4    3   245   224.1K    2.451     1787  OK
471    5    4      2     1    64   120     4      1     1    8    4    0   245   224.1K    2.452     1786  OK
472    5    4      2     1    64   120     4      1     0    6    1    3   245   224.1K    2.454     1785  OK
473    5    4      2     1    64   120     4      0     0    1    4    0   245   224.1K    2.455     1784  OK
474    5    4      2     1    64   120     4      0     0    8    4    0   245   224.1K    2.455     1784  OK
475    5    4      2     1    64   120     4      0     1    1    4    0   245   224.1K    2.455     1784  OK
476    5    4      2     1    64   120     4      1     0    6    4    0   245   224.1K    2.457     1783  OK
477    5    4      2     1    64   120     4      0     1    1    4    3   245   224.1K    2.458     1782  OK
478    5    4      2     1    64   120     4      0     1    4    1    1   252   224.1K    2.458     1782  OK
479    5    4      2     1    64   120     4      1     1    6    4    0   245   224.1K    2.458     1782  OK
480    5    4      2     1    64   120     4      1     1    8    4    3   245   224.1K    2.458     1782  OK
481    5    4      2     1    64   120     4      0     0    8    1    3   245   224.1K    2.459     1782  OK
482    5    4      2     1    64   120     4      1     1    1    4    3   245   224.1K    2.459     1781  OK
483    5    4      2     1    64   120     4      0     0    2    4    0   245   224.1K    2.460     1780  OK
484    5    4      2     1    64   120     4      0     0    6    1    0   245   224.1K    2.460     1780  OK
485    5    4      2     1    64   120     4      0     0    6    1    3   245   224.1K    2.460     1780  OK
486    5    4      2     1    64   120     4      1     0    8    4    0   245   224.1K    2.460     1780  OK
487    5    4      2     1    64   120     4      0     1    6    4    3   245   224.1K    2.460     1781  OK
488    5    4      2     1    64   120     4      0     1    8    1    0   245   224.1K    2.461     1779  OK
489    5    4      2     1    64   120     4      1     0    1    4    0   245   224.1K    2.462     1779  OK
490    5    4      2     1    64   120     4      1     0    6    4    3   245   224.1K    2.462     1779  OK
491    5    4      2     1    64   120     4      0     0    2    1    0   245   224.1K    2.463     1778  OK
492    5    4      2     1    64   120     4      0     0    6    4    0   245   224.1K    2.463     1779  OK
493    5    4      2     1    64   120     4      0     1    6    1    0   245   224.1K    2.463     1779  OK
494    5    4      2     1    64   120     4      0     0    2    1    3   245   224.1K    2.464     1778  OK
495    5    4      2     1    64   120     4      1     0    6    1    0   245   224.1K    2.464     1778  OK
496    5    4      2     1    64   120     4      0     0    8    1    0   245   224.1K    2.465     1777  OK
497    5    4      2     1    64   120     4      0     0    2    4    3   245   224.1K    2.466     1776  OK
498    5    4      2     1    64   120     4      1     1    1    1    0   245   224.1K    2.466     1776  OK
499    5    4      2     1    64   120     4      0     1    6    1    3   245   224.1K    2.466     1776  OK
500    5    4      2     1    64   120     4      1     1    6    4    3   245   224.1K    2.466     1776  OK
501    5    4      2     1    64   120     4      0     1    8    4    0   245   224.1K    2.466     1776  OK
502    5    4      2     1    64   120     4      0     0    1    4    3   245   224.1K    2.467     1776  OK
503    5    4      2     1    64   120     2      0     0    6    1    1   243   224.1K    2.467     1775  OK
504    5    4      2     1    64   120     4      1     0    2    1    0   245   224.1K    2.468     1774  OK
505    5    4      2     1    64   120     4      1     0    2    1    3   245   224.1K    2.468     1774  OK
506    5    4      2     1    64   120     4      1     0    8    1    0   245   224.1K    2.468     1774  OK
507    5    4      2     1    64   120     4      0     1    1    1    3   245   224.1K    2.468     1775  OK
508    5    4      2     1    64   120     4      0     1    8    1    3   245   224.1K    2.468     1774  OK
509    5    4      2     1    64   120     4      1     0    2    4    3   245   224.1K    2.469     1774  OK
510    5    4      2     1    64   120     4      1     1    1    4    0   245   224.1K    2.469     1774  OK
511    5    4      2     1    64   120     2      0     1    8    1    1   243   224.1K    2.469     1774  OK
512    5    4      2     1    64   120     4      0     1    1    1    0   245   224.1K    2.470     1773  OK
513    5    4      2     1    64   120     4      1     1    6    1    3   245   224.1K    2.471     1773  OK
514    5    4      2     1    64   120     4      1     1    8    1    3   245   224.1K    2.471     1773  OK
515    5    4      2     1    64   120     2      1     0    6    1    1   243   224.1K    2.473     1771  OK
516    5    4      2     1    64   120     4      0     1    2    1    0   245   224.1K    2.473     1771  OK
517    5    4      2     1    64   120     4      0     1    2    1    3   245   224.1K    2.473     1771  OK
518    5    4      2     1    64   120     4      1     0    1    4    3   245   224.1K    2.474     1770  OK
519    5    4      2     1    64   120     4      0     0    1    1    0   245   224.1K    2.475     1770  OK
520    5    4      2     1    64   120     4      1     0    1    1    0   245   224.1K    2.475     1770  OK
521    5    4      2     1    64   120     4      1     0    2    4    0   245   224.1K    2.475     1770  OK
522    5    4      2     1    64   120     4      1     0    8    1    3   245   224.1K    2.476     1769  OK
523    5    4      2     1    64   120     4      1     1    2    1    0   245   224.1K    2.477     1768  OK
524    5    4      2     1    64   120     4      1     1    8    1    0   245   224.1K    2.477     1768  OK
525    5    4      2     1    64   120     4      1     0    8    4    3   245   224.1K    2.478     1768  OK
526    5    4      2     1    64   120     4      1     1    1    1    3   245   224.1K    2.478     1767  OK
527    5    4      2     1    64   120     2      0     0    8    1    1   243   224.1K    2.479     1767  OK
528    5    4      2     1    64   120     4      0     0    1    1    3   245   224.1K    2.480     1766  OK
529    5    4      2     1    64   120     4      1     1    2    4    3   245   224.1K    2.480     1766  OK
530    5    4      2     1    64   120     2      0     0    8    4    1   243   224.1K    2.481     1765  OK
531    5    4      2     1    64   120     4      1     0    1    1    3   245   224.1K    2.482     1765  OK
532    5    4      2     1    64   120     2      1     1    8    4    1   243   224.1K    2.482     1765  OK
533    5    4      2     1    64   120     2      1     1    6    1    1   243   224.1K    2.483     1764  OK
534    5    4      2     1    64   120     1      0     0    8    4    1   221   224.1K    2.484     1763  OK
535    5    4      2     1    64   120     1      0     0    8    1    1   221   224.1K    2.485     1762  OK
536    5    4      2     1    64   120     4      0     1    2    4    3   245   224.1K    2.487     1761  OK
537    5    4      2     1    64   120     4      1     1    2    4    0   245   224.1K    2.487     1761  OK
538    5    4      2     1    64   120     2      1     1    6    4    1   243   224.1K    2.487     1761  OK
539    5    4      2     1    64   120     2      0     0    6    4    1   243   224.1K    2.488     1760  OK
540    5    4      2     1    64   120     2      1     0    8    4    1   243   224.1K    2.488     1760  OK
541    5    4      2     1    64   120     4      1     1    2    1    3   245   224.1K    2.488     1761  OK
542    5    4      2     1    64   120     1      1     1    8    4    1   221   224.1K    2.488     1761  OK
543    5    4      2     1    64   120     4      0     1    2    4    0   245   224.1K    2.489     1760  OK
544    5    4      2     1    64   120     2      1     0    6    4    1   243   224.1K    2.490     1759  OK
545    5    4      2     1    64   120     1      1     1    6    4    1   221   224.1K    2.490     1759  OK
546    5    4      2     1    64   120     1      1     1    6    1    1   221   224.1K    2.491     1759  OK
547    5    4      2     1    64   120     4      0     1    8    1    1   242   224.1K    2.491     1759  OK
548    5    4      2     1    64   120     1      0     1    6    1    1   221   224.1K    2.492     1758  OK
549    5    4      2     1    64   120     4      1     0    8    1    1   242   224.1K    2.495     1755  OK
550    5    4      2     1    64   120     1      1     0    6    4    1   221   224.1K    2.496     1755  OK
551    5    4      2     1    64   120     2      1     1    8    1    1   243   224.1K    2.496     1754  OK
552    5    4      2     1    64   120     2      0     1    8    4    1   243   224.1K    2.497     1754  OK
553    5    4      2     1    64   120     1      1     0    8    1    1   221   224.1K    2.499     1753  OK
554    5    4      2     1    64   120     1      0     1    8    4    1   221   224.1K    2.499     1753  OK
555    5    4      2     1    64   120     1      1     1    8    1    1   221   224.1K    2.499     1753  OK
556    5    4      2     1    64   120     4      1     1    8    4    1   242   224.1K    2.501     1751  OK
557    5    4      2     1    64   120     1      1     0    8    4    1   221   224.1K    2.504     1749  OK
558    5    4      2     1    64   120     2      0     0    2    1    1   243   224.1K    2.505     1748  OK
559    5    4      2     1    64   120     4      0     0    8    1    1   242   224.1K    2.506     1748  OK
560    5    4      2     1    64   120     4      1     1    6    1    1   242   224.1K    2.506     1748  OK
561    5    4      2     1    64   120     4      1     0    6    1    1   242   224.1K    2.508     1747  OK
562    5    4      2     1    64   120     2      0     1    2    1    1   243   224.1K    2.508     1747  OK
563    5    4      2     1    64   120     2      0     1    6    1    1   243   224.1K    2.508     1747  OK
564    5    4      2     1    64   120     1      0     1    8    1    1   221   224.1K    2.508     1747  OK
565    5    4      2     1    64   120     1      1     0    6    1    1   221   224.1K    2.509     1746  OK
566    5    4      2     1    64   120     1      1     0    8    0    1   244   224.1K    2.509     1746  OK
567    5    4      2     1    64   120     1      0     0    6    1    1   221   224.1K    2.510     1745  OK
568    5    4      2     1    64   120     4      0     0    6    4    1   242   224.1K    2.510     1745  OK
569    5    4      2     1    64   120     2      0     1    6    0    1   252   224.1K    2.510     1745  OK
570    5    4      2     1    64   120     2      0     1    6    4    1   243   224.1K    2.511     1744  OK
571    5    4      2     1    64   120     4      1     1    8    1    1   242   224.1K    2.511     1745  OK
572    5    4      2     1    64   120     4      0     0    8    4    1   242   224.1K    2.512     1744  OK
573    5    4      2     1    64   120     1      1     1    6    0    1   244   224.1K    2.512     1744  OK
574    5    4      2     1    64   120     1      0     0    6    0    1   244   224.1K    2.513     1743  OK
575    5    4      2     1    64   120     2      0     0    6    0    1   252   224.1K    2.513     1743  OK
576    5    4      2     1    64   120     1      0     0    8    0    1   244   224.1K    2.513     1743  OK
577    5    4      2     1    64   120     2      1     0    8    0    1   252   224.1K    2.513     1743  OK
578    5    4      2     1    64   120     1      0     1    6    4    1   221   224.1K    2.513     1743  OK
579    5    4      2     1    64   120     4      1     1    6    4    1   242   224.1K    2.513     1743  OK
580    5    4      2     1    64   120     2      1     0    2    4    1   243   224.1K    2.514     1743  OK
581    5    4      2     1    64   120     4      1     0    8    4    1   242   224.1K    2.515     1741  OK
582    5    4      2     1    64   120     4      0     1    6    1    1   242   224.1K    2.516     1741  OK
583    5    4      2     1    64   120     4      0     1    8    4    1   242   224.1K    2.516     1741  OK
584    5    4      2     1    64   120     4      1     0    6    4    1   242   224.1K    2.517     1740  OK
585    5    4      2     1    64   120     2      0     1    8    0    1   252   224.1K    2.517     1740  OK
586    5    4      2     1    64   120     2      1     1    2    1    1   243   224.1K    2.518     1739  OK
587    5    4      2     1    64   120     1      0     0    6    4    1   221   224.1K    2.520     1738  OK
588    5    4      2     1    64   120     2      1     0    6    0    1   252   224.1K    2.521     1737  OK
589    5    4      2     1    64   120     4      0     0    6    1    1   242   224.1K    2.521     1738  OK
590    5    4      2     1    64   120     2      1     1    2    4    1   243   224.1K    2.521     1737  OK
591    5    4      2     1    64   120     1      1     1    8    0    1   244   224.1K    2.522     1737  OK
592    5    4      2     1    64   120     2      0     0    8    0    1   252   224.1K    2.523     1736  OK
593    5    4      2     1    64   120     4      0     1    2    1    1   242   224.1K    2.523     1736  OK
594    5    4      2     1    64   120     2      1     1    8    0    1   252   224.1K    2.524     1735  OK
595    5    4      2     1    64   120     1      1     1    2    1    1   221   224.1K    2.525     1734  OK
596    5    4      2     1    64   120     4      0     1    6    4    1   242   224.1K    2.525     1735  OK
597    5    4      2     1    64   120     1      0     1    8    0    1   244   224.1K    2.525     1735  OK
598    5    4      2     1    64   120     2      0     0    2    4    1   243   224.1K    2.526     1734  OK
599    5    4      2     1    64   120     2      0     1    1    1    1   243   224.1K    2.526     1734  OK
600    5    4      2     1    64   120     2      1     1    6    0    1   252   224.1K    2.526     1734  OK
601    5    4      2     1    64   120     1      0     1    6    0    1   244   224.1K    2.527     1733  OK
602    5    4      2     1    64   120     1      1     0    6    0    1   244   224.1K    2.529     1732  OK
603    5    4      2     1    64   120     2      0     1    2    4    1   243   224.1K    2.529     1732  OK
604    5    4      2     1    64   120     2      0     0    2    0    1   252   224.1K    2.530     1731  OK
605    5    4      2     1    64   120     2      1     0    1    4    1   243   224.1K    2.532     1730  OK
606    5    4      2     1    64   120     2      1     0    2    1    1   243   224.1K    2.533     1729  OK
607    5    4      2     1    64   120     1      1     1    2    4    1   221   224.1K    2.533     1729  OK
608    5    4      2     1    64   120     4      0     0    2    1    1   242   224.1K    2.535     1728  OK
609    5    4      2     1    64   120     1      1     0    2    1    1   221   224.1K    2.536     1727  OK
610    5    4      2     1    64   120     1      0     1    2    4    1   221   224.1K    2.537     1727  OK
611    5    4      2     1    64   120     4      1     1    2    4    1   242   224.1K    2.537     1726  OK
612    5    4      2     1    64   120     2      0     0    1    1    1   243   224.1K    2.538     1726  OK
613    5    4      2     1    64   120     4      0     0    2    4    1   242   224.1K    2.539     1725  OK
614    5    4      2     1    64   120     2      1     1    1    4    1   243   224.1K    2.540     1724  OK
615    5    4      2     1    64   120     1      0     0    1    4    1   221   224.1K    2.541     1724  OK
616    5    4      2     1    64   120     2      1     0    1    1    1   243   224.1K    2.541     1724  OK
617    5    4      2     1    64   120     4      1     0    2    1    1   242   224.1K    2.541     1724  OK
618    5    4      2     1    64   120     4      1     1    2    1    1   242   224.1K    2.541     1724  OK
619    5    4      2     1    64   120     1      0     0    2    4    1   221   224.1K    2.544     1722  OK
620    5    4      2     1    64   120     2      1     1    2    0    1   252   224.1K    2.544     1722  OK
621    5    4      2     1    64   120     4      1     0    2    4    1   242   224.1K    2.546     1720  OK
622    5    4      2     1    64   120     4      0     0    1    4    1   242   224.1K    2.547     1719  OK
623    5    4      2     1    64   120     2      1     1    1    1    1   243   224.1K    2.547     1719  OK
624    5    4      2     1    64   120     1      0     0    2    1    1   221   224.1K    2.548     1719  OK
625    5    4      2     1    64   120     4      1     0    1    1    1   242   224.1K    2.550     1718  OK
626    5    4      2     1    64   120     2      0     1    1    4    1   243   224.1K    2.550     1718  OK
627    5    4      2     1    64   120     1      0     1    2    0    1   244   224.1K    2.550     1718  OK
628    5    4      2     1    64   120     2      0     0    1    0    1   252   224.1K    2.551     1717  OK
629    5    4      2     1    64   120     1      1     0    2    4    1   221   224.1K    2.551     1717  OK
630    5    4      2     1    64   120     1      0     1    2    1    1   221   224.1K    2.551     1717  OK
631    5    4      2     1    64   120     1      0     0    2    0    1   244   224.1K    2.552     1717  OK
632    5    4      2     1    64   120     1      1     0    2    0    1   244   224.1K    2.552     1716  OK
633    5    4      2     1    64   120     2      0     0    1    4    1   243   224.1K    2.553     1716  OK
634    5    4      2     1    64   120     2      1     0    2    0    1   252   224.1K    2.553     1716  OK
635    5    4      2     1    64   120     2      0     1    2    0    1   252   224.1K    2.553     1715  OK
636    5    4      2     1    64   120     4      0     1    2    4    1   242   224.1K    2.553     1716  OK
637    5    4      2     1    64   120     1      1     1    1    4    1   221   224.1K    2.554     1715  OK
638    5    4      2     1    64   120     4      0     0    1    1    1   242   224.1K    2.555     1715  OK
639    5    4      2     1    64   120     2      1     1    1    0    1   252   224.1K    2.555     1714  OK
640    5    4      2     1    64   120     1      1     1    2    0    1   244   224.1K    2.557     1713  OK
641    5    4      2     1    64   120     4      1     1    1    1    1   242   224.1K    2.558     1712  OK
642    5    4      2     1    64   120     1      1     0    1    1    1   221   224.1K    2.563     1709  OK
643    5    4      2     1    64   120     2      0     1    1    0    1   252   224.1K    2.563     1709  OK
644    5    4      2     1    64   120     4      0     1    6    0    1   252   224.1K    2.565     1707  OK
645    5    4      2     1    64   120     1      0     1    1    4    1   221   224.1K    2.567     1706  OK
646    5    4      2     1    64   120     4      1     1    1    4    1   242   224.1K    2.567     1706  OK
647    5    4      2     1    64   120     1      1     0    1    0    1   244   224.1K    2.570     1704  OK
648    5    4      2     1    64   120     2      1     0    1    0    1   252   224.1K    2.573     1702  OK
649    5    4      2     1    64   120     1      1     1    1    1    1   221   224.1K    2.574     1701  OK
650    5    4      2     1    64   120     4      0     1    8    0    1   252   224.1K    2.574     1702  OK
651    5    4      2     1    64   120     1      1     0    1    4    1   221   224.1K    2.575     1701  OK
652    5    4      2     1    64   120     1      0     1    1    1    1   221   224.1K    2.576     1700  OK
653    5    4      2     1    64   120     4      1     0    6    0    1   252   224.1K    2.577     1700  OK
654    5    4      2     1    64   120     4      1     1    6    0    1   252   224.1K    2.577     1699  OK
655    5    4      2     1    64   120     4      0     0    8    0    1   252   224.1K    2.578     1699  OK
656    5    4      2     1    64   120     4      0     1    1    4    1   242   224.1K    2.578     1699  OK
657    5    4      2     1    64   120     4      0     0    6    0    1   252   224.1K    2.579     1699  OK
658    5    4      2     1    64   120     4      1     0    1    4    1   242   224.1K    2.581     1697  OK
659    5    4      2     1    64   120     1      0     1    1    0    1   244   224.1K    2.583     1695  OK
660    5    4      2     1    64   120     4      1     1    8    0    1   252   224.1K    2.584     1695  OK
661    5    4      2     1    64   120     1      0     0    1    1    1   221   224.1K    2.587     1693  OK
662    5    4      2     1    64   120     4      1     0    8    0    1   252   224.1K    2.590     1691  OK
663    5    4      2     1    64   120     1      0     0    1    0    1   244   224.1K    2.591     1691  OK
664    5    4      2     1    64   120     4      0     1    1    1    1   242   224.1K    2.591     1691  OK
665    5    4      2     1    64   120     1      1     1    1    0    1   244   224.1K    2.595     1688  OK
666    5    4      2     1    64   120     4      1     0    2    0    1   252   224.1K    2.606     1681  OK
667    5    4      2     1    64   120     4      0     0    2    0    1   252   224.1K    2.609     1679  OK
668    5    4      2     1    64   120     4      1     1    2    0    1   252   224.1K    2.613     1676  OK
669    5    4      2     1    64   120     4      0     1    2    0    1   252   224.1K    2.623     1670  OK
670    5    4      2     1    64   120     4      1     1    1    0    1   252   224.1K    2.629     1666  OK
671    5    4      2     1    64   120     4      0     1    1    0    1   252   224.1K    2.630     1665  OK
672    5    4      2     1    64   120     4      0     0    1    0    1   252   224.1K    2.633     1664  OK
673    5    4      2     1    64   120     4      1     0    1    0    1   252   224.1K    2.648     1654  OK

CSV written to /root/siglip/data/session_20260308_190511/sweep_fc2.csv

Best: -DMBAR_EARLY=1 -DN_STAGES=5 -DSTAGGER_CYCLES=120 -DTMEM_LOAD_WIDTH=64 → 1.510 ms / 2900 TFLOPS (255 regs)
