Kernel: fc1_gelu (fc1_gelu.cu)

=== Tier 1: N_STAGES, NUM_EPI_WARPS ===
Sweep: 6 total, 5 valid, 1 pruned
Estimated time: ~0 min (5 configs × ~5s each)

[1/5] -DN_STAGES=3 ... 4.962 ms / 883 TFLOPS  (166 regs, 2.8s)
[2/5] (defaults) ... 4.651 ms / 942 TFLOPS  (220 regs, 2.8s)
[3/5] -DN_STAGES=5 ... 4.673 ms / 937 TFLOPS  (239 regs, 2.8s)
[4/5] -DNUM_EPI_WARPS=5 -DN_STAGES=3 ... 10.834 ms / 404 TFLOPS  (168 regs, 3.0s)
[5/5] -DNUM_EPI_WARPS=5 ... 10.672 ms / 410 TFLOPS  (226 regs, 3.0s)

Tier 1 winner: (defaults) → 4.651 ms / 942 TFLOPS

=== Tier 2: INTERLEAVE_STRATEGY, MBAR_EARLY, STAGGER_CYCLES, TMEM_LOAD_WIDTH ===
Sweep: 128 total, 128 valid, 0 pruned
Estimated time: ~11 min (128 configs × ~5s each)

[1/128] -DINTERLEAVE_STRATEGY=0 -DSTAGGER_CYCLES=0 ... 4.786 ms / 915 TFLOPS  (218 regs, 2.8s)
[2/128] -DINTERLEAVE_STRATEGY=0 -DSTAGGER_CYCLES=0 -DTMEM_LOAD_WIDTH=64 ... COMPILE_FAIL  (0.2s)
[3/128] -DINTERLEAVE_STRATEGY=0 -DSTAGGER_CYCLES=40 ... 4.910 ms / 892 TFLOPS  (220 regs, 2.8s)
[4/128] -DINTERLEAVE_STRATEGY=0 -DSTAGGER_CYCLES=40 -DTMEM_LOAD_WIDTH=64 ... COMPILE_FAIL  (0.2s)
[5/128] -DINTERLEAVE_STRATEGY=0 -DSTAGGER_CYCLES=60 ... 4.911 ms / 892 TFLOPS  (220 regs, 2.8s)
[6/128] -DINTERLEAVE_STRATEGY=0 -DSTAGGER_CYCLES=60 -DTMEM_LOAD_WIDTH=64 ... COMPILE_FAIL  (0.2s)
[7/128] -DINTERLEAVE_STRATEGY=0 ... 4.911 ms / 892 TFLOPS  (220 regs, 2.8s)
[8/128] -DINTERLEAVE_STRATEGY=0 -DTMEM_LOAD_WIDTH=64 ... COMPILE_FAIL  (0.2s)
[9/128] -DINTERLEAVE_STRATEGY=0 -DSTAGGER_CYCLES=100 ... 4.912 ms / 892 TFLOPS  (220 regs, 2.8s)
[10/128] -DINTERLEAVE_STRATEGY=0 -DSTAGGER_CYCLES=100 -DTMEM_LOAD_WIDTH=64 ... COMPILE_FAIL  (0.2s)
[11/128] -DINTERLEAVE_STRATEGY=0 -DSTAGGER_CYCLES=120 ... 4.913 ms / 892 TFLOPS  (220 regs, 2.8s)
[12/128] -DINTERLEAVE_STRATEGY=0 -DSTAGGER_CYCLES=120 -DTMEM_LOAD_WIDTH=64 ... COMPILE_FAIL  (0.2s)
[13/128] -DINTERLEAVE_STRATEGY=0 -DSTAGGER_CYCLES=160 ... 4.913 ms / 892 TFLOPS  (220 regs, 2.8s)
[14/128] -DINTERLEAVE_STRATEGY=0 -DSTAGGER_CYCLES=160 -DTMEM_LOAD_WIDTH=64 ... COMPILE_FAIL  (0.2s)
[15/128] -DINTERLEAVE_STRATEGY=0 -DSTAGGER_CYCLES=200 ... 4.912 ms / 892 TFLOPS  (220 regs, 2.9s)
[16/128] -DINTERLEAVE_STRATEGY=0 -DSTAGGER_CYCLES=200 -DTMEM_LOAD_WIDTH=64 ... COMPILE_FAIL  (0.2s)
[17/128] -DINTERLEAVE_STRATEGY=0 -DMBAR_EARLY=1 -DSTAGGER_CYCLES=0 ... 4.758 ms / 921 TFLOPS  (216 regs, 2.8s)
[18/128] -DINTERLEAVE_STRATEGY=0 -DMBAR_EARLY=1 -DSTAGGER_CYCLES=0 -DTMEM_LOAD_WIDTH=64 ... COMPILE_FAIL  (0.2s)
[19/128] -DINTERLEAVE_STRATEGY=0 -DMBAR_EARLY=1 -DSTAGGER_CYCLES=40 ... 4.889 ms / 896 TFLOPS  (220 regs, 2.9s)
[20/128] -DINTERLEAVE_STRATEGY=0 -DMBAR_EARLY=1 -DSTAGGER_CYCLES=40 -DTMEM_LOAD_WIDTH=64 ... COMPILE_FAIL  (0.2s)
[21/128] -DINTERLEAVE_STRATEGY=0 -DMBAR_EARLY=1 -DSTAGGER_CYCLES=60 ... 4.887 ms / 896 TFLOPS  (220 regs, 2.8s)
[22/128] -DINTERLEAVE_STRATEGY=0 -DMBAR_EARLY=1 -DSTAGGER_CYCLES=60 -DTMEM_LOAD_WIDTH=64 ... COMPILE_FAIL  (0.2s)
[23/128] -DINTERLEAVE_STRATEGY=0 -DMBAR_EARLY=1 ... 4.888 ms / 896 TFLOPS  (220 regs, 2.8s)
[24/128] -DINTERLEAVE_STRATEGY=0 -DMBAR_EARLY=1 -DTMEM_LOAD_WIDTH=64 ... COMPILE_FAIL  (0.2s)
[25/128] -DINTERLEAVE_STRATEGY=0 -DMBAR_EARLY=1 -DSTAGGER_CYCLES=100 ... 4.888 ms / 896 TFLOPS  (220 regs, 2.8s)
[26/128] -DINTERLEAVE_STRATEGY=0 -DMBAR_EARLY=1 -DSTAGGER_CYCLES=100 -DTMEM_LOAD_WIDTH=64 ... COMPILE_FAIL  (0.2s)
[27/128] -DINTERLEAVE_STRATEGY=0 -DMBAR_EARLY=1 -DSTAGGER_CYCLES=120 ... 4.887 ms / 896 TFLOPS  (220 regs, 2.8s)
[28/128] -DINTERLEAVE_STRATEGY=0 -DMBAR_EARLY=1 -DSTAGGER_CYCLES=120 -DTMEM_LOAD_WIDTH=64 ... COMPILE_FAIL  (0.2s)
[29/128] -DINTERLEAVE_STRATEGY=0 -DMBAR_EARLY=1 -DSTAGGER_CYCLES=160 ... 4.887 ms / 896 TFLOPS  (220 regs, 2.8s)
[30/128] -DINTERLEAVE_STRATEGY=0 -DMBAR_EARLY=1 -DSTAGGER_CYCLES=160 -DTMEM_LOAD_WIDTH=64 ... COMPILE_FAIL  (0.2s)
[31/128] -DINTERLEAVE_STRATEGY=0 -DMBAR_EARLY=1 -DSTAGGER_CYCLES=200 ... 4.890 ms / 896 TFLOPS  (220 regs, 2.8s)
[32/128] -DINTERLEAVE_STRATEGY=0 -DMBAR_EARLY=1 -DSTAGGER_CYCLES=200 -DTMEM_LOAD_WIDTH=64 ... COMPILE_FAIL  (0.2s)
[33/128] -DINTERLEAVE_STRATEGY=1 -DSTAGGER_CYCLES=0 ... 4.582 ms / 956 TFLOPS  (214 regs, 2.8s)
[34/128] -DINTERLEAVE_STRATEGY=1 -DSTAGGER_CYCLES=0 -DTMEM_LOAD_WIDTH=64 ... COMPILE_FAIL  (0.2s)
[35/128] -DINTERLEAVE_STRATEGY=1 -DSTAGGER_CYCLES=40 ... 4.634 ms / 945 TFLOPS  (220 regs, 2.8s)
[36/128] -DINTERLEAVE_STRATEGY=1 -DSTAGGER_CYCLES=40 -DTMEM_LOAD_WIDTH=64 ... COMPILE_FAIL  (0.2s)
[37/128] -DINTERLEAVE_STRATEGY=1 -DSTAGGER_CYCLES=60 ... 4.628 ms / 946 TFLOPS  (220 regs, 2.8s)
[38/128] -DINTERLEAVE_STRATEGY=1 -DSTAGGER_CYCLES=60 -DTMEM_LOAD_WIDTH=64 ... COMPILE_FAIL  (0.2s)
[39/128] -DINTERLEAVE_STRATEGY=1 ... 4.622 ms / 948 TFLOPS  (220 regs, 2.8s)
[40/128] -DINTERLEAVE_STRATEGY=1 -DTMEM_LOAD_WIDTH=64 ... COMPILE_FAIL  (0.2s)
[41/128] -DINTERLEAVE_STRATEGY=1 -DSTAGGER_CYCLES=100 ... 4.614 ms / 949 TFLOPS  (220 regs, 2.8s)
[42/128] -DINTERLEAVE_STRATEGY=1 -DSTAGGER_CYCLES=100 -DTMEM_LOAD_WIDTH=64 ... COMPILE_FAIL  (0.2s)
[43/128] -DINTERLEAVE_STRATEGY=1 -DSTAGGER_CYCLES=120 ... 4.612 ms / 950 TFLOPS  (220 regs, 2.8s)
[44/128] -DINTERLEAVE_STRATEGY=1 -DSTAGGER_CYCLES=120 -DTMEM_LOAD_WIDTH=64 ... COMPILE_FAIL  (0.2s)
[45/128] -DINTERLEAVE_STRATEGY=1 -DSTAGGER_CYCLES=160 ... 4.597 ms / 953 TFLOPS  (220 regs, 2.8s)
[46/128] -DINTERLEAVE_STRATEGY=1 -DSTAGGER_CYCLES=160 -DTMEM_LOAD_WIDTH=64 ... COMPILE_FAIL  (0.2s)
[47/128] -DINTERLEAVE_STRATEGY=1 -DSTAGGER_CYCLES=200 ... 4.591 ms / 954 TFLOPS  (220 regs, 2.9s)
[48/128] -DINTERLEAVE_STRATEGY=1 -DSTAGGER_CYCLES=200 -DTMEM_LOAD_WIDTH=64 ... COMPILE_FAIL  (0.2s)
[49/128] -DINTERLEAVE_STRATEGY=1 -DMBAR_EARLY=1 -DSTAGGER_CYCLES=0 ... 4.512 ms / 971 TFLOPS  (214 regs, 2.8s)
[50/128] -DINTERLEAVE_STRATEGY=1 -DMBAR_EARLY=1 -DSTAGGER_CYCLES=0 -DTMEM_LOAD_WIDTH=64 ... COMPILE_FAIL  (0.3s)
[51/128] -DINTERLEAVE_STRATEGY=1 -DMBAR_EARLY=1 -DSTAGGER_CYCLES=40 ... 4.599 ms / 952 TFLOPS  (242 regs, 2.8s)
[52/128] -DINTERLEAVE_STRATEGY=1 -DMBAR_EARLY=1 -DSTAGGER_CYCLES=40 -DTMEM_LOAD_WIDTH=64 ... COMPILE_FAIL  (0.2s)
[53/128] -DINTERLEAVE_STRATEGY=1 -DMBAR_EARLY=1 -DSTAGGER_CYCLES=60 ... 4.600 ms / 952 TFLOPS  (242 regs, 2.9s)
[54/128] -DINTERLEAVE_STRATEGY=1 -DMBAR_EARLY=1 -DSTAGGER_CYCLES=60 -DTMEM_LOAD_WIDTH=64 ... COMPILE_FAIL  (0.2s)
[55/128] -DINTERLEAVE_STRATEGY=1 -DMBAR_EARLY=1 ... 4.607 ms / 951 TFLOPS  (242 regs, 2.8s)
[56/128] -DINTERLEAVE_STRATEGY=1 -DMBAR_EARLY=1 -DTMEM_LOAD_WIDTH=64 ... COMPILE_FAIL  (0.2s)
[57/128] -DINTERLEAVE_STRATEGY=1 -DMBAR_EARLY=1 -DSTAGGER_CYCLES=100 ... 4.610 ms / 950 TFLOPS  (242 regs, 2.8s)
[58/128] -DINTERLEAVE_STRATEGY=1 -DMBAR_EARLY=1 -DSTAGGER_CYCLES=100 -DTMEM_LOAD_WIDTH=64 ... COMPILE_FAIL  (0.2s)
[59/128] -DINTERLEAVE_STRATEGY=1 -DMBAR_EARLY=1 -DSTAGGER_CYCLES=120 ... 4.607 ms / 951 TFLOPS  (242 regs, 2.8s)
[60/128] -DINTERLEAVE_STRATEGY=1 -DMBAR_EARLY=1 -DSTAGGER_CYCLES=120 -DTMEM_LOAD_WIDTH=64 ... COMPILE_FAIL  (0.2s)
[61/128] -DINTERLEAVE_STRATEGY=1 -DMBAR_EARLY=1 -DSTAGGER_CYCLES=160 ... 4.599 ms / 952 TFLOPS  (242 regs, 2.8s)
[62/128] -DINTERLEAVE_STRATEGY=1 -DMBAR_EARLY=1 -DSTAGGER_CYCLES=160 -DTMEM_LOAD_WIDTH=64 ... COMPILE_FAIL  (0.2s)
[63/128] -DINTERLEAVE_STRATEGY=1 -DMBAR_EARLY=1 -DSTAGGER_CYCLES=200 ... 4.594 ms / 953 TFLOPS  (242 regs, 2.8s)
[64/128] -DINTERLEAVE_STRATEGY=1 -DMBAR_EARLY=1 -DSTAGGER_CYCLES=200 -DTMEM_LOAD_WIDTH=64 ... COMPILE_FAIL  (0.2s)
[65/128] -DSTAGGER_CYCLES=0 ... 4.596 ms / 953 TFLOPS  (224 regs, 2.8s)
[66/128] -DSTAGGER_CYCLES=0 -DTMEM_LOAD_WIDTH=64 ... COMPILE_FAIL  (0.2s)
[67/128] -DSTAGGER_CYCLES=40 ... 4.651 ms / 942 TFLOPS  (220 regs, 2.8s)
[68/128] -DSTAGGER_CYCLES=40 -DTMEM_LOAD_WIDTH=64 ... COMPILE_FAIL  (0.2s)
[69/128] -DSTAGGER_CYCLES=60 ... 4.654 ms / 941 TFLOPS  (220 regs, 2.8s)
[70/128] -DSTAGGER_CYCLES=60 -DTMEM_LOAD_WIDTH=64 ... COMPILE_FAIL  (0.2s)
[71/128] (defaults) ... 4.653 ms / 941 TFLOPS  (220 regs, 2.8s)
[72/128] -DTMEM_LOAD_WIDTH=64 ... COMPILE_FAIL  (0.2s)
[73/128] -DSTAGGER_CYCLES=100 ... 4.651 ms / 942 TFLOPS  (220 regs, 2.8s)
[74/128] -DSTAGGER_CYCLES=100 -DTMEM_LOAD_WIDTH=64 ... COMPILE_FAIL  (0.2s)
[75/128] -DSTAGGER_CYCLES=120 ... 4.653 ms / 941 TFLOPS  (220 regs, 2.8s)
[76/128] -DSTAGGER_CYCLES=120 -DTMEM_LOAD_WIDTH=64 ... COMPILE_FAIL  (0.2s)
[77/128] -DSTAGGER_CYCLES=160 ... 4.658 ms / 940 TFLOPS  (220 regs, 2.8s)
[78/128] -DSTAGGER_CYCLES=160 -DTMEM_LOAD_WIDTH=64 ... COMPILE_FAIL  (0.2s)
[79/128] -DSTAGGER_CYCLES=200 ... 4.663 ms / 939 TFLOPS  (220 regs, 2.9s)
[80/128] -DSTAGGER_CYCLES=200 -DTMEM_LOAD_WIDTH=64 ... COMPILE_FAIL  (0.2s)
[81/128] -DMBAR_EARLY=1 -DSTAGGER_CYCLES=0 ... 4.573 ms / 958 TFLOPS  (218 regs, 2.9s)
[82/128] -DMBAR_EARLY=1 -DSTAGGER_CYCLES=0 -DTMEM_LOAD_WIDTH=64 ... COMPILE_FAIL  (0.2s)
[83/128] -DMBAR_EARLY=1 -DSTAGGER_CYCLES=40 ... 4.704 ms / 931 TFLOPS  (220 regs, 2.8s)
[84/128] -DMBAR_EARLY=1 -DSTAGGER_CYCLES=40 -DTMEM_LOAD_WIDTH=64 ... COMPILE_FAIL  (0.2s)
[85/128] -DMBAR_EARLY=1 -DSTAGGER_CYCLES=60 ... 4.704 ms / 931 TFLOPS  (220 regs, 2.9s)
[86/128] -DMBAR_EARLY=1 -DSTAGGER_CYCLES=60 -DTMEM_LOAD_WIDTH=64 ... COMPILE_FAIL  (0.2s)
[87/128] -DMBAR_EARLY=1 ... 4.704 ms / 931 TFLOPS  (220 regs, 2.8s)
[88/128] -DMBAR_EARLY=1 -DTMEM_LOAD_WIDTH=64 ... COMPILE_FAIL  (0.2s)
[89/128] -DMBAR_EARLY=1 -DSTAGGER_CYCLES=100 ... 4.705 ms / 931 TFLOPS  (220 regs, 2.8s)
[90/128] -DMBAR_EARLY=1 -DSTAGGER_CYCLES=100 -DTMEM_LOAD_WIDTH=64 ... COMPILE_FAIL  (0.2s)
[91/128] -DMBAR_EARLY=1 -DSTAGGER_CYCLES=120 ... 4.706 ms / 931 TFLOPS  (220 regs, 2.8s)
[92/128] -DMBAR_EARLY=1 -DSTAGGER_CYCLES=120 -DTMEM_LOAD_WIDTH=64 ... COMPILE_FAIL  (0.2s)
[93/128] -DMBAR_EARLY=1 -DSTAGGER_CYCLES=160 ... 4.696 ms / 933 TFLOPS  (220 regs, 2.9s)
[94/128] -DMBAR_EARLY=1 -DSTAGGER_CYCLES=160 -DTMEM_LOAD_WIDTH=64 ... COMPILE_FAIL  (0.2s)
[95/128] -DMBAR_EARLY=1 -DSTAGGER_CYCLES=200 ... 4.695 ms / 933 TFLOPS  (220 regs, 2.8s)
[96/128] -DMBAR_EARLY=1 -DSTAGGER_CYCLES=200 -DTMEM_LOAD_WIDTH=64 ... COMPILE_FAIL  (0.2s)
[97/128] -DINTERLEAVE_STRATEGY=3 -DSTAGGER_CYCLES=0 ... 4.573 ms / 958 TFLOPS  (224 regs, 2.8s)
[98/128] -DINTERLEAVE_STRATEGY=3 -DSTAGGER_CYCLES=0 -DTMEM_LOAD_WIDTH=64 ... COMPILE_FAIL  (0.2s)
[99/128] -DINTERLEAVE_STRATEGY=3 -DSTAGGER_CYCLES=40 ... 4.691 ms / 934 TFLOPS  (226 regs, 2.8s)
[100/128] -DINTERLEAVE_STRATEGY=3 -DSTAGGER_CYCLES=40 -DTMEM_LOAD_WIDTH=64 ... COMPILE_FAIL  (0.2s)
[101/128] -DINTERLEAVE_STRATEGY=3 -DSTAGGER_CYCLES=60 ... 4.691 ms / 934 TFLOPS  (226 regs, 2.8s)
[102/128] -DINTERLEAVE_STRATEGY=3 -DSTAGGER_CYCLES=60 -DTMEM_LOAD_WIDTH=64 ... COMPILE_FAIL  (0.2s)
[103/128] -DINTERLEAVE_STRATEGY=3 ... 4.694 ms / 933 TFLOPS  (226 regs, 2.8s)
[104/128] -DINTERLEAVE_STRATEGY=3 -DTMEM_LOAD_WIDTH=64 ... COMPILE_FAIL  (0.2s)
[105/128] -DINTERLEAVE_STRATEGY=3 -DSTAGGER_CYCLES=100 ... 4.696 ms / 933 TFLOPS  (226 regs, 2.8s)
[106/128] -DINTERLEAVE_STRATEGY=3 -DSTAGGER_CYCLES=100 -DTMEM_LOAD_WIDTH=64 ... COMPILE_FAIL  (0.2s)
[107/128] -DINTERLEAVE_STRATEGY=3 -DSTAGGER_CYCLES=120 ... 4.692 ms / 934 TFLOPS  (226 regs, 2.8s)
[108/128] -DINTERLEAVE_STRATEGY=3 -DSTAGGER_CYCLES=120 -DTMEM_LOAD_WIDTH=64 ... COMPILE_FAIL  (0.2s)
[109/128] -DINTERLEAVE_STRATEGY=3 -DSTAGGER_CYCLES=160 ... 4.689 ms / 934 TFLOPS  (226 regs, 2.8s)
[110/128] -DINTERLEAVE_STRATEGY=3 -DSTAGGER_CYCLES=160 -DTMEM_LOAD_WIDTH=64 ... COMPILE_FAIL  (0.2s)
[111/128] -DINTERLEAVE_STRATEGY=3 -DSTAGGER_CYCLES=200 ... 4.707 ms / 930 TFLOPS  (226 regs, 2.8s)
[112/128] -DINTERLEAVE_STRATEGY=3 -DSTAGGER_CYCLES=200 -DTMEM_LOAD_WIDTH=64 ... COMPILE_FAIL  (0.2s)
[113/128] -DINTERLEAVE_STRATEGY=3 -DMBAR_EARLY=1 -DSTAGGER_CYCLES=0 ... 4.551 ms / 962 TFLOPS  (218 regs, 2.8s)
[114/128] -DINTERLEAVE_STRATEGY=3 -DMBAR_EARLY=1 -DSTAGGER_CYCLES=0 -DTMEM_LOAD_WIDTH=64 ... COMPILE_FAIL  (0.2s)
[115/128] -DINTERLEAVE_STRATEGY=3 -DMBAR_EARLY=1 -DSTAGGER_CYCLES=40 ... 4.660 ms / 940 TFLOPS  (226 regs, 2.8s)
[116/128] -DINTERLEAVE_STRATEGY=3 -DMBAR_EARLY=1 -DSTAGGER_CYCLES=40 -DTMEM_LOAD_WIDTH=64 ... COMPILE_FAIL  (0.2s)
[117/128] -DINTERLEAVE_STRATEGY=3 -DMBAR_EARLY=1 -DSTAGGER_CYCLES=60 ... 4.666 ms / 939 TFLOPS  (226 regs, 2.9s)
[118/128] -DINTERLEAVE_STRATEGY=3 -DMBAR_EARLY=1 -DSTAGGER_CYCLES=60 -DTMEM_LOAD_WIDTH=64 ... COMPILE_FAIL  (0.2s)
[119/128] -DINTERLEAVE_STRATEGY=3 -DMBAR_EARLY=1 ... 4.671 ms / 938 TFLOPS  (226 regs, 2.8s)
[120/128] -DINTERLEAVE_STRATEGY=3 -DMBAR_EARLY=1 -DTMEM_LOAD_WIDTH=64 ... COMPILE_FAIL  (0.2s)
[121/128] -DINTERLEAVE_STRATEGY=3 -DMBAR_EARLY=1 -DSTAGGER_CYCLES=100 ... 4.671 ms / 938 TFLOPS  (226 regs, 2.8s)
[122/128] -DINTERLEAVE_STRATEGY=3 -DMBAR_EARLY=1 -DSTAGGER_CYCLES=100 -DTMEM_LOAD_WIDTH=64 ... COMPILE_FAIL  (0.2s)
[123/128] -DINTERLEAVE_STRATEGY=3 -DMBAR_EARLY=1 -DSTAGGER_CYCLES=120 ... 4.681 ms / 936 TFLOPS  (226 regs, 2.9s)
[124/128] -DINTERLEAVE_STRATEGY=3 -DMBAR_EARLY=1 -DSTAGGER_CYCLES=120 -DTMEM_LOAD_WIDTH=64 ... COMPILE_FAIL  (0.2s)
[125/128] -DINTERLEAVE_STRATEGY=3 -DMBAR_EARLY=1 -DSTAGGER_CYCLES=160 ... 4.709 ms / 930 TFLOPS  (226 regs, 2.8s)
[126/128] -DINTERLEAVE_STRATEGY=3 -DMBAR_EARLY=1 -DSTAGGER_CYCLES=160 -DTMEM_LOAD_WIDTH=64 ... COMPILE_FAIL  (0.2s)
[127/128] -DINTERLEAVE_STRATEGY=3 -DMBAR_EARLY=1 -DSTAGGER_CYCLES=200 ... 4.687 ms / 935 TFLOPS  (226 regs, 2.8s)
[128/128] -DINTERLEAVE_STRATEGY=3 -DMBAR_EARLY=1 -DSTAGGER_CYCLES=200 -DTMEM_LOAD_WIDTH=64 ... COMPILE_FAIL  (0.2s)

Tier 2 winner: -DINTERLEAVE_STRATEGY=1 -DMBAR_EARLY=1 -DSTAGGER_CYCLES=0 → 4.512 ms / 971 TFLOPS

=== Tier 3: PHASE1_UNROLL, SNAKE_ORDER, CVT_ADD_FUSED, K_LOOP_UNROLL, W0_LOOP_UNROLL, SUB_MMA_UNROLL ===
Sweep: 540 total, 540 valid, 0 pruned
Estimated time: ~45 min (540 configs × ~5s each)

[1/540] -DCVT_ADD_FUSED=0 -DINTERLEAVE_STRATEGY=1 -DK_LOOP_UNROLL=1 -DMBAR_EARLY=1 -DPHASE1_UNROLL=1 -DSNAKE_ORDER=0 -DSTAGGER_CYCLES=0 ... 5.514 ms / 794 TFLOPS  (166 regs, 2.7s)
[2/540] -DCVT_ADD_FUSED=0 -DINTERLEAVE_STRATEGY=1 -DK_LOOP_UNROLL=1 -DMBAR_EARLY=1 -DPHASE1_UNROLL=1 -DSNAKE_ORDER=0 -DSTAGGER_CYCLES=0 -DW0_LOOP_UNROLL=1 ... 5.504 ms / 796 TFLOPS  (146 regs, 2.7s)
[3/540] -DCVT_ADD_FUSED=0 -DINTERLEAVE_STRATEGY=1 -DK_LOOP_UNROLL=1 -DMBAR_EARLY=1 -DPHASE1_UNROLL=1 -DSNAKE_ORDER=0 -DSTAGGER_CYCLES=0 -DW0_LOOP_UNROLL=4 ... 5.512 ms / 795 TFLOPS  (166 regs, 2.7s)
[4/540] -DCVT_ADD_FUSED=0 -DINTERLEAVE_STRATEGY=1 -DK_LOOP_UNROLL=1 -DMBAR_EARLY=1 -DPHASE1_UNROLL=1 -DSNAKE_ORDER=0 -DSTAGGER_CYCLES=0 -DSUB_MMA_UNROLL=1 ... 5.433 ms / 806 TFLOPS  (156 regs, 2.7s)
[5/540] -DCVT_ADD_FUSED=0 -DINTERLEAVE_STRATEGY=1 -DK_LOOP_UNROLL=1 -DMBAR_EARLY=1 -DPHASE1_UNROLL=1 -DSNAKE_ORDER=0 -DSTAGGER_CYCLES=0 -DSUB_MMA_UNROLL=1 -DW0_LOOP_UNROLL=1 ... 6.109 ms / 717 TFLOPS  (141 regs, 2.7s)
[6/540] -DCVT_ADD_FUSED=0 -DINTERLEAVE_STRATEGY=1 -DK_LOOP_UNROLL=1 -DMBAR_EARLY=1 -DPHASE1_UNROLL=1 -DSNAKE_ORDER=0 -DSTAGGER_CYCLES=0 -DSUB_MMA_UNROLL=1 -DW0_LOOP_UNROLL=4 ... 5.438 ms / 805 TFLOPS  (156 regs, 2.7s)
[7/540] -DCVT_ADD_FUSED=0 -DINTERLEAVE_STRATEGY=1 -DK_LOOP_UNROLL=1 -DMBAR_EARLY=1 -DPHASE1_UNROLL=1 -DSNAKE_ORDER=0 -DSTAGGER_CYCLES=0 -DSUB_MMA_UNROLL=3 ... 5.515 ms / 794 TFLOPS  (166 regs, 2.7s)
[8/540] -DCVT_ADD_FUSED=0 -DINTERLEAVE_STRATEGY=1 -DK_LOOP_UNROLL=1 -DMBAR_EARLY=1 -DPHASE1_UNROLL=1 -DSNAKE_ORDER=0 -DSTAGGER_CYCLES=0 -DSUB_MMA_UNROLL=3 -DW0_LOOP_UNROLL=1 ... 5.502 ms / 796 TFLOPS  (146 regs, 2.7s)
[9/540] -DCVT_ADD_FUSED=0 -DINTERLEAVE_STRATEGY=1 -DK_LOOP_UNROLL=1 -DMBAR_EARLY=1 -DPHASE1_UNROLL=1 -DSNAKE_ORDER=0 -DSTAGGER_CYCLES=0 -DSUB_MMA_UNROLL=3 -DW0_LOOP_UNROLL=4 ... 5.509 ms / 795 TFLOPS  (166 regs, 2.7s)
[10/540] -DCVT_ADD_FUSED=0 -DINTERLEAVE_STRATEGY=1 -DK_LOOP_UNROLL=1 -DMBAR_EARLY=1 -DPHASE1_UNROLL=1 -DSTAGGER_CYCLES=0 ... 4.834 ms / 906 TFLOPS  (166 regs, 2.7s)
[11/540] -DCVT_ADD_FUSED=0 -DINTERLEAVE_STRATEGY=1 -DK_LOOP_UNROLL=1 -DMBAR_EARLY=1 -DPHASE1_UNROLL=1 -DSTAGGER_CYCLES=0 -DW0_LOOP_UNROLL=1 ... 4.843 ms / 904 TFLOPS  (146 regs, 2.7s)
[12/540] -DCVT_ADD_FUSED=0 -DINTERLEAVE_STRATEGY=1 -DK_LOOP_UNROLL=1 -DMBAR_EARLY=1 -DPHASE1_UNROLL=1 -DSTAGGER_CYCLES=0 -DW0_LOOP_UNROLL=4 ... 4.834 ms / 906 TFLOPS  (166 regs, 2.7s)
[13/540] -DCVT_ADD_FUSED=0 -DINTERLEAVE_STRATEGY=1 -DK_LOOP_UNROLL=1 -DMBAR_EARLY=1 -DPHASE1_UNROLL=1 -DSTAGGER_CYCLES=0 -DSUB_MMA_UNROLL=1 ... 4.740 ms / 924 TFLOPS  (156 regs, 2.7s)
[14/540] -DCVT_ADD_FUSED=0 -DINTERLEAVE_STRATEGY=1 -DK_LOOP_UNROLL=1 -DMBAR_EARLY=1 -DPHASE1_UNROLL=1 -DSTAGGER_CYCLES=0 -DSUB_MMA_UNROLL=1 -DW0_LOOP_UNROLL=1 ... 5.475 ms / 800 TFLOPS  (141 regs, 2.7s)
[15/540] -DCVT_ADD_FUSED=0 -DINTERLEAVE_STRATEGY=1 -DK_LOOP_UNROLL=1 -DMBAR_EARLY=1 -DPHASE1_UNROLL=1 -DSTAGGER_CYCLES=0 -DSUB_MMA_UNROLL=1 -DW0_LOOP_UNROLL=4 ... 4.740 ms / 924 TFLOPS  (156 regs, 2.7s)
[16/540] -DCVT_ADD_FUSED=0 -DINTERLEAVE_STRATEGY=1 -DK_LOOP_UNROLL=1 -DMBAR_EARLY=1 -DPHASE1_UNROLL=1 -DSTAGGER_CYCLES=0 -DSUB_MMA_UNROLL=3 ... 4.835 ms / 906 TFLOPS  (166 regs, 2.7s)
[17/540] -DCVT_ADD_FUSED=0 -DINTERLEAVE_STRATEGY=1 -DK_LOOP_UNROLL=1 -DMBAR_EARLY=1 -DPHASE1_UNROLL=1 -DSTAGGER_CYCLES=0 -DSUB_MMA_UNROLL=3 -DW0_LOOP_UNROLL=1 ... 4.844 ms / 904 TFLOPS  (146 regs, 2.7s)
[18/540] -DCVT_ADD_FUSED=0 -DINTERLEAVE_STRATEGY=1 -DK_LOOP_UNROLL=1 -DMBAR_EARLY=1 -DPHASE1_UNROLL=1 -DSTAGGER_CYCLES=0 -DSUB_MMA_UNROLL=3 -DW0_LOOP_UNROLL=4 ... 4.839 ms / 905 TFLOPS  (166 regs, 2.7s)
[19/540] -DCVT_ADD_FUSED=0 -DINTERLEAVE_STRATEGY=1 -DK_LOOP_UNROLL=1 -DMBAR_EARLY=1 -DSNAKE_ORDER=0 -DSTAGGER_CYCLES=0 ... 5.065 ms / 865 TFLOPS  (167 regs, 2.8s)
[20/540] -DCVT_ADD_FUSED=0 -DINTERLEAVE_STRATEGY=1 -DK_LOOP_UNROLL=1 -DMBAR_EARLY=1 -DSNAKE_ORDER=0 -DSTAGGER_CYCLES=0 -DW0_LOOP_UNROLL=1 ... 5.468 ms / 801 TFLOPS  (148 regs, 2.8s)
[21/540] -DCVT_ADD_FUSED=0 -DINTERLEAVE_STRATEGY=1 -DK_LOOP_UNROLL=1 -DMBAR_EARLY=1 -DSNAKE_ORDER=0 -DSTAGGER_CYCLES=0 -DW0_LOOP_UNROLL=4 ... 5.058 ms / 866 TFLOPS  (167 regs, 2.8s)
[22/540] -DCVT_ADD_FUSED=0 -DINTERLEAVE_STRATEGY=1 -DK_LOOP_UNROLL=1 -DMBAR_EARLY=1 -DSNAKE_ORDER=0 -DSTAGGER_CYCLES=0 -DSUB_MMA_UNROLL=1 ... 5.072 ms / 864 TFLOPS  (163 regs, 2.8s)
[23/540] -DCVT_ADD_FUSED=0 -DINTERLEAVE_STRATEGY=1 -DK_LOOP_UNROLL=1 -DMBAR_EARLY=1 -DSNAKE_ORDER=0 -DSTAGGER_CYCLES=0 -DSUB_MMA_UNROLL=1 -DW0_LOOP_UNROLL=1 ... 5.038 ms / 869 TFLOPS  (140 regs, 2.8s)
[24/540] -DCVT_ADD_FUSED=0 -DINTERLEAVE_STRATEGY=1 -DK_LOOP_UNROLL=1 -DMBAR_EARLY=1 -DSNAKE_ORDER=0 -DSTAGGER_CYCLES=0 -DSUB_MMA_UNROLL=1 -DW0_LOOP_UNROLL=4 ... 5.078 ms / 863 TFLOPS  (163 regs, 2.8s)
[25/540] -DCVT_ADD_FUSED=0 -DINTERLEAVE_STRATEGY=1 -DK_LOOP_UNROLL=1 -DMBAR_EARLY=1 -DSNAKE_ORDER=0 -DSTAGGER_CYCLES=0 -DSUB_MMA_UNROLL=3 ... 5.065 ms / 865 TFLOPS  (167 regs, 2.8s)
[26/540] -DCVT_ADD_FUSED=0 -DINTERLEAVE_STRATEGY=1 -DK_LOOP_UNROLL=1 -DMBAR_EARLY=1 -DSNAKE_ORDER=0 -DSTAGGER_CYCLES=0 -DSUB_MMA_UNROLL=3 -DW0_LOOP_UNROLL=1 ... 5.468 ms / 801 TFLOPS  (148 regs, 2.8s)
[27/540] -DCVT_ADD_FUSED=0 -DINTERLEAVE_STRATEGY=1 -DK_LOOP_UNROLL=1 -DMBAR_EARLY=1 -DSNAKE_ORDER=0 -DSTAGGER_CYCLES=0 -DSUB_MMA_UNROLL=3 -DW0_LOOP_UNROLL=4 ... 5.061 ms / 866 TFLOPS  (167 regs, 2.9s)
[28/540] -DCVT_ADD_FUSED=0 -DINTERLEAVE_STRATEGY=1 -DK_LOOP_UNROLL=1 -DMBAR_EARLY=1 -DSTAGGER_CYCLES=0 ... 4.502 ms / 973 TFLOPS  (167 regs, 2.8s)
[29/540] -DCVT_ADD_FUSED=0 -DINTERLEAVE_STRATEGY=1 -DK_LOOP_UNROLL=1 -DMBAR_EARLY=1 -DSTAGGER_CYCLES=0 -DW0_LOOP_UNROLL=1 ... 4.760 ms / 920 TFLOPS  (148 regs, 2.8s)
[30/540] -DCVT_ADD_FUSED=0 -DINTERLEAVE_STRATEGY=1 -DK_LOOP_UNROLL=1 -DMBAR_EARLY=1 -DSTAGGER_CYCLES=0 -DW0_LOOP_UNROLL=4 ... 4.525 ms / 968 TFLOPS  (167 regs, 2.8s)
[31/540] -DCVT_ADD_FUSED=0 -DINTERLEAVE_STRATEGY=1 -DK_LOOP_UNROLL=1 -DMBAR_EARLY=1 -DSTAGGER_CYCLES=0 -DSUB_MMA_UNROLL=1 ... 4.624 ms / 947 TFLOPS  (163 regs, 2.8s)
[32/540] -DCVT_ADD_FUSED=0 -DINTERLEAVE_STRATEGY=1 -DK_LOOP_UNROLL=1 -DMBAR_EARLY=1 -DSTAGGER_CYCLES=0 -DSUB_MMA_UNROLL=1 -DW0_LOOP_UNROLL=1 ... 4.301 ms / 1018 TFLOPS  (140 regs, 2.8s)
[33/540] -DCVT_ADD_FUSED=0 -DINTERLEAVE_STRATEGY=1 -DK_LOOP_UNROLL=1 -DMBAR_EARLY=1 -DSTAGGER_CYCLES=0 -DSUB_MMA_UNROLL=1 -DW0_LOOP_UNROLL=4 ... 4.602 ms / 952 TFLOPS  (163 regs, 2.9s)
[34/540] -DCVT_ADD_FUSED=0 -DINTERLEAVE_STRATEGY=1 -DK_LOOP_UNROLL=1 -DMBAR_EARLY=1 -DSTAGGER_CYCLES=0 -DSUB_MMA_UNROLL=3 ... 4.504 ms / 972 TFLOPS  (167 regs, 2.8s)
[35/540] -DCVT_ADD_FUSED=0 -DINTERLEAVE_STRATEGY=1 -DK_LOOP_UNROLL=1 -DMBAR_EARLY=1 -DSTAGGER_CYCLES=0 -DSUB_MMA_UNROLL=3 -DW0_LOOP_UNROLL=1 ... 4.757 ms / 921 TFLOPS  (148 regs, 2.8s)
[36/540] -DCVT_ADD_FUSED=0 -DINTERLEAVE_STRATEGY=1 -DK_LOOP_UNROLL=1 -DMBAR_EARLY=1 -DSTAGGER_CYCLES=0 -DSUB_MMA_UNROLL=3 -DW0_LOOP_UNROLL=4 ... 4.528 ms / 967 TFLOPS  (167 regs, 2.8s)
[37/540] -DCVT_ADD_FUSED=0 -DINTERLEAVE_STRATEGY=1 -DK_LOOP_UNROLL=1 -DMBAR_EARLY=1 -DPHASE1_UNROLL=4 -DSNAKE_ORDER=0 -DSTAGGER_CYCLES=0 ... 7.251 ms / 604 TFLOPS  (207 regs, 3.1s)
[38/540] -DCVT_ADD_FUSED=0 -DINTERLEAVE_STRATEGY=1 -DK_LOOP_UNROLL=1 -DMBAR_EARLY=1 -DPHASE1_UNROLL=4 -DSNAKE_ORDER=0 -DSTAGGER_CYCLES=0 -DW0_LOOP_UNROLL=1 ... 7.174 ms / 611 TFLOPS  (189 regs, 3.1s)
[39/540] -DCVT_ADD_FUSED=0 -DINTERLEAVE_STRATEGY=1 -DK_LOOP_UNROLL=1 -DMBAR_EARLY=1 -DPHASE1_UNROLL=4 -DSNAKE_ORDER=0 -DSTAGGER_CYCLES=0 -DW0_LOOP_UNROLL=4 ... 7.237 ms / 605 TFLOPS  (207 regs, 3.1s)
[40/540] -DCVT_ADD_FUSED=0 -DINTERLEAVE_STRATEGY=1 -DK_LOOP_UNROLL=1 -DMBAR_EARLY=1 -DPHASE1_UNROLL=4 -DSNAKE_ORDER=0 -DSTAGGER_CYCLES=0 -DSUB_MMA_UNROLL=1 ... 7.258 ms / 604 TFLOPS  (199 regs, 3.1s)
[41/540] -DCVT_ADD_FUSED=0 -DINTERLEAVE_STRATEGY=1 -DK_LOOP_UNROLL=1 -DMBAR_EARLY=1 -DPHASE1_UNROLL=4 -DSNAKE_ORDER=0 -DSTAGGER_CYCLES=0 -DSUB_MMA_UNROLL=1 -DW0_LOOP_UNROLL=1 ... 7.170 ms / 611 TFLOPS  (180 regs, 3.1s)
[42/540] -DCVT_ADD_FUSED=0 -DINTERLEAVE_STRATEGY=1 -DK_LOOP_UNROLL=1 -DMBAR_EARLY=1 -DPHASE1_UNROLL=4 -DSNAKE_ORDER=0 -DSTAGGER_CYCLES=0 -DSUB_MMA_UNROLL=1 -DW0_LOOP_UNROLL=4 ... 7.214 ms / 607 TFLOPS  (199 regs, 3.1s)
[43/540] -DCVT_ADD_FUSED=0 -DINTERLEAVE_STRATEGY=1 -DK_LOOP_UNROLL=1 -DMBAR_EARLY=1 -DPHASE1_UNROLL=4 -DSNAKE_ORDER=0 -DSTAGGER_CYCLES=0 -DSUB_MMA_UNROLL=3 ... 7.251 ms / 604 TFLOPS  (207 regs, 3.1s)
[44/540] -DCVT_ADD_FUSED=0 -DINTERLEAVE_STRATEGY=1 -DK_LOOP_UNROLL=1 -DMBAR_EARLY=1 -DPHASE1_UNROLL=4 -DSNAKE_ORDER=0 -DSTAGGER_CYCLES=0 -DSUB_MMA_UNROLL=3 -DW0_LOOP_UNROLL=1 ... 7.174 ms / 611 TFLOPS  (189 regs, 3.1s)
[45/540] -DCVT_ADD_FUSED=0 -DINTERLEAVE_STRATEGY=1 -DK_LOOP_UNROLL=1 -DMBAR_EARLY=1 -DPHASE1_UNROLL=4 -DSNAKE_ORDER=0 -DSTAGGER_CYCLES=0 -DSUB_MMA_UNROLL=3 -DW0_LOOP_UNROLL=4 ... 7.237 ms / 605 TFLOPS  (207 regs, 3.1s)
[46/540] -DCVT_ADD_FUSED=0 -DINTERLEAVE_STRATEGY=1 -DK_LOOP_UNROLL=1 -DMBAR_EARLY=1 -DPHASE1_UNROLL=4 -DSTAGGER_CYCLES=0 ... 7.259 ms / 603 TFLOPS  (207 regs, 3.1s)
[47/540] -DCVT_ADD_FUSED=0 -DINTERLEAVE_STRATEGY=1 -DK_LOOP_UNROLL=1 -DMBAR_EARLY=1 -DPHASE1_UNROLL=4 -DSTAGGER_CYCLES=0 -DW0_LOOP_UNROLL=1 ... 7.180 ms / 610 TFLOPS  (189 regs, 3.1s)
[48/540] -DCVT_ADD_FUSED=0 -DINTERLEAVE_STRATEGY=1 -DK_LOOP_UNROLL=1 -DMBAR_EARLY=1 -DPHASE1_UNROLL=4 -DSTAGGER_CYCLES=0 -DW0_LOOP_UNROLL=4 ... 7.230 ms / 606 TFLOPS  (207 regs, 3.1s)
[49/540] -DCVT_ADD_FUSED=0 -DINTERLEAVE_STRATEGY=1 -DK_LOOP_UNROLL=1 -DMBAR_EARLY=1 -DPHASE1_UNROLL=4 -DSTAGGER_CYCLES=0 -DSUB_MMA_UNROLL=1 ... 7.266 ms / 603 TFLOPS  (199 regs, 3.1s)
[50/540] -DCVT_ADD_FUSED=0 -DINTERLEAVE_STRATEGY=1 -DK_LOOP_UNROLL=1 -DMBAR_EARLY=1 -DPHASE1_UNROLL=4 -DSTAGGER_CYCLES=0 -DSUB_MMA_UNROLL=1 -DW0_LOOP_UNROLL=1 ... 7.158 ms / 612 TFLOPS  (180 regs, 3.1s)
[51/540] -DCVT_ADD_FUSED=0 -DINTERLEAVE_STRATEGY=1 -DK_LOOP_UNROLL=1 -DMBAR_EARLY=1 -DPHASE1_UNROLL=4 -DSTAGGER_CYCLES=0 -DSUB_MMA_UNROLL=1 -DW0_LOOP_UNROLL=4 ... 7.237 ms / 605 TFLOPS  (199 regs, 3.1s)
[52/540] -DCVT_ADD_FUSED=0 -DINTERLEAVE_STRATEGY=1 -DK_LOOP_UNROLL=1 -DMBAR_EARLY=1 -DPHASE1_UNROLL=4 -DSTAGGER_CYCLES=0 -DSUB_MMA_UNROLL=3 ... 7.259 ms / 603 TFLOPS  (207 regs, 3.1s)
[53/540] -DCVT_ADD_FUSED=0 -DINTERLEAVE_STRATEGY=1 -DK_LOOP_UNROLL=1 -DMBAR_EARLY=1 -DPHASE1_UNROLL=4 -DSTAGGER_CYCLES=0 -DSUB_MMA_UNROLL=3 -DW0_LOOP_UNROLL=1 ... 7.180 ms / 610 TFLOPS  (189 regs, 3.2s)
[54/540] -DCVT_ADD_FUSED=0 -DINTERLEAVE_STRATEGY=1 -DK_LOOP_UNROLL=1 -DMBAR_EARLY=1 -DPHASE1_UNROLL=4 -DSTAGGER_CYCLES=0 -DSUB_MMA_UNROLL=3 -DW0_LOOP_UNROLL=4 ... 7.231 ms / 606 TFLOPS  (207 regs, 3.1s)
[55/540] -DCVT_ADD_FUSED=0 -DINTERLEAVE_STRATEGY=1 -DK_LOOP_UNROLL=2 -DMBAR_EARLY=1 -DPHASE1_UNROLL=1 -DSNAKE_ORDER=0 -DSTAGGER_CYCLES=0 ... 5.527 ms / 793 TFLOPS  (166 regs, 2.7s)
[56/540] -DCVT_ADD_FUSED=0 -DINTERLEAVE_STRATEGY=1 -DK_LOOP_UNROLL=2 -DMBAR_EARLY=1 -DPHASE1_UNROLL=1 -DSNAKE_ORDER=0 -DSTAGGER_CYCLES=0 -DW0_LOOP_UNROLL=1 ... 5.452 ms / 803 TFLOPS  (145 regs, 2.7s)
[57/540] -DCVT_ADD_FUSED=0 -DINTERLEAVE_STRATEGY=1 -DK_LOOP_UNROLL=2 -DMBAR_EARLY=1 -DPHASE1_UNROLL=1 -DSNAKE_ORDER=0 -DSTAGGER_CYCLES=0 -DW0_LOOP_UNROLL=4 ... 5.541 ms / 791 TFLOPS  (166 regs, 2.7s)
[58/540] -DCVT_ADD_FUSED=0 -DINTERLEAVE_STRATEGY=1 -DK_LOOP_UNROLL=2 -DMBAR_EARLY=1 -DPHASE1_UNROLL=1 -DSNAKE_ORDER=0 -DSTAGGER_CYCLES=0 -DSUB_MMA_UNROLL=1 ... 5.426 ms / 807 TFLOPS  (156 regs, 2.7s)
[59/540] -DCVT_ADD_FUSED=0 -DINTERLEAVE_STRATEGY=1 -DK_LOOP_UNROLL=2 -DMBAR_EARLY=1 -DPHASE1_UNROLL=1 -DSNAKE_ORDER=0 -DSTAGGER_CYCLES=0 -DSUB_MMA_UNROLL=1 -DW0_LOOP_UNROLL=1 ... 5.543 ms / 790 TFLOPS  (139 regs, 2.7s)
[60/540] -DCVT_ADD_FUSED=0 -DINTERLEAVE_STRATEGY=1 -DK_LOOP_UNROLL=2 -DMBAR_EARLY=1 -DPHASE1_UNROLL=1 -DSNAKE_ORDER=0 -DSTAGGER_CYCLES=0 -DSUB_MMA_UNROLL=1 -DW0_LOOP_UNROLL=4 ... 5.435 ms / 806 TFLOPS  (156 regs, 2.7s)
[61/540] -DCVT_ADD_FUSED=0 -DINTERLEAVE_STRATEGY=1 -DK_LOOP_UNROLL=2 -DMBAR_EARLY=1 -DPHASE1_UNROLL=1 -DSNAKE_ORDER=0 -DSTAGGER_CYCLES=0 -DSUB_MMA_UNROLL=3 ... 5.533 ms / 792 TFLOPS  (166 regs, 2.7s)
[62/540] -DCVT_ADD_FUSED=0 -DINTERLEAVE_STRATEGY=1 -DK_LOOP_UNROLL=2 -DMBAR_EARLY=1 -DPHASE1_UNROLL=1 -DSNAKE_ORDER=0 -DSTAGGER_CYCLES=0 -DSUB_MMA_UNROLL=3 -DW0_LOOP_UNROLL=1 ... 5.452 ms / 803 TFLOPS  (145 regs, 2.7s)
[63/540] -DCVT_ADD_FUSED=0 -DINTERLEAVE_STRATEGY=1 -DK_LOOP_UNROLL=2 -DMBAR_EARLY=1 -DPHASE1_UNROLL=1 -DSNAKE_ORDER=0 -DSTAGGER_CYCLES=0 -DSUB_MMA_UNROLL=3 -DW0_LOOP_UNROLL=4 ... 5.539 ms / 791 TFLOPS  (166 regs, 2.7s)
[64/540] -DCVT_ADD_FUSED=0 -DINTERLEAVE_STRATEGY=1 -DK_LOOP_UNROLL=2 -DMBAR_EARLY=1 -DPHASE1_UNROLL=1 -DSTAGGER_CYCLES=0 ... 4.851 ms / 903 TFLOPS  (166 regs, 2.7s)
[65/540] -DCVT_ADD_FUSED=0 -DINTERLEAVE_STRATEGY=1 -DK_LOOP_UNROLL=2 -DMBAR_EARLY=1 -DPHASE1_UNROLL=1 -DSTAGGER_CYCLES=0 -DW0_LOOP_UNROLL=1 ... 4.799 ms / 913 TFLOPS  (145 regs, 2.7s)
[66/540] -DCVT_ADD_FUSED=0 -DINTERLEAVE_STRATEGY=1 -DK_LOOP_UNROLL=2 -DMBAR_EARLY=1 -DPHASE1_UNROLL=1 -DSTAGGER_CYCLES=0 -DW0_LOOP_UNROLL=4 ... 4.855 ms / 902 TFLOPS  (166 regs, 2.7s)
[67/540] -DCVT_ADD_FUSED=0 -DINTERLEAVE_STRATEGY=1 -DK_LOOP_UNROLL=2 -DMBAR_EARLY=1 -DPHASE1_UNROLL=1 -DSTAGGER_CYCLES=0 -DSUB_MMA_UNROLL=1 ... 4.743 ms / 923 TFLOPS  (156 regs, 2.7s)
[68/540] -DCVT_ADD_FUSED=0 -DINTERLEAVE_STRATEGY=1 -DK_LOOP_UNROLL=2 -DMBAR_EARLY=1 -DPHASE1_UNROLL=1 -DSTAGGER_CYCLES=0 -DSUB_MMA_UNROLL=1 -DW0_LOOP_UNROLL=1 ... 4.886 ms / 896 TFLOPS  (139 regs, 2.7s)
[69/540] -DCVT_ADD_FUSED=0 -DINTERLEAVE_STRATEGY=1 -DK_LOOP_UNROLL=2 -DMBAR_EARLY=1 -DPHASE1_UNROLL=1 -DSTAGGER_CYCLES=0 -DSUB_MMA_UNROLL=1 -DW0_LOOP_UNROLL=4 ... 4.746 ms / 923 TFLOPS  (156 regs, 2.7s)
[70/540] -DCVT_ADD_FUSED=0 -DINTERLEAVE_STRATEGY=1 -DK_LOOP_UNROLL=2 -DMBAR_EARLY=1 -DPHASE1_UNROLL=1 -DSTAGGER_CYCLES=0 -DSUB_MMA_UNROLL=3 ... 4.849 ms / 903 TFLOPS  (166 regs, 2.7s)
[71/540] -DCVT_ADD_FUSED=0 -DINTERLEAVE_STRATEGY=1 -DK_LOOP_UNROLL=2 -DMBAR_EARLY=1 -DPHASE1_UNROLL=1 -DSTAGGER_CYCLES=0 -DSUB_MMA_UNROLL=3 -DW0_LOOP_UNROLL=1 ... 4.801 ms / 912 TFLOPS  (145 regs, 2.7s)
[72/540] -DCVT_ADD_FUSED=0 -DINTERLEAVE_STRATEGY=1 -DK_LOOP_UNROLL=2 -DMBAR_EARLY=1 -DPHASE1_UNROLL=1 -DSTAGGER_CYCLES=0 -DSUB_MMA_UNROLL=3 -DW0_LOOP_UNROLL=4 ... 4.858 ms / 902 TFLOPS  (166 regs, 2.7s)
[73/540] -DCVT_ADD_FUSED=0 -DINTERLEAVE_STRATEGY=1 -DK_LOOP_UNROLL=2 -DMBAR_EARLY=1 -DSNAKE_ORDER=0 -DSTAGGER_CYCLES=0 ... 5.120 ms / 855 TFLOPS  (167 regs, 2.8s)
[74/540] -DCVT_ADD_FUSED=0 -DINTERLEAVE_STRATEGY=1 -DK_LOOP_UNROLL=2 -DMBAR_EARLY=1 -DSNAKE_ORDER=0 -DSTAGGER_CYCLES=0 -DW0_LOOP_UNROLL=1 ... 4.983 ms / 879 TFLOPS  (150 regs, 2.8s)
[75/540] -DCVT_ADD_FUSED=0 -DINTERLEAVE_STRATEGY=1 -DK_LOOP_UNROLL=2 -DMBAR_EARLY=1 -DSNAKE_ORDER=0 -DSTAGGER_CYCLES=0 -DW0_LOOP_UNROLL=4 ... 5.084 ms / 861 TFLOPS  (167 regs, 2.8s)
[76/540] -DCVT_ADD_FUSED=0 -DINTERLEAVE_STRATEGY=1 -DK_LOOP_UNROLL=2 -DMBAR_EARLY=1 -DSNAKE_ORDER=0 -DSTAGGER_CYCLES=0 -DSUB_MMA_UNROLL=1 ... 5.119 ms / 856 TFLOPS  (163 regs, 2.8s)
[77/540] -DCVT_ADD_FUSED=0 -DINTERLEAVE_STRATEGY=1 -DK_LOOP_UNROLL=2 -DMBAR_EARLY=1 -DSNAKE_ORDER=0 -DSTAGGER_CYCLES=0 -DSUB_MMA_UNROLL=1 -DW0_LOOP_UNROLL=1 ... 5.082 ms / 862 TFLOPS  (142 regs, 2.8s)
[78/540] -DCVT_ADD_FUSED=0 -DINTERLEAVE_STRATEGY=1 -DK_LOOP_UNROLL=2 -DMBAR_EARLY=1 -DSNAKE_ORDER=0 -DSTAGGER_CYCLES=0 -DSUB_MMA_UNROLL=1 -DW0_LOOP_UNROLL=4 ... 5.113 ms / 857 TFLOPS  (163 regs, 2.8s)
[79/540] -DCVT_ADD_FUSED=0 -DINTERLEAVE_STRATEGY=1 -DK_LOOP_UNROLL=2 -DMBAR_EARLY=1 -DSNAKE_ORDER=0 -DSTAGGER_CYCLES=0 -DSUB_MMA_UNROLL=3 ... 5.122 ms / 855 TFLOPS  (167 regs, 2.8s)
[80/540] -DCVT_ADD_FUSED=0 -DINTERLEAVE_STRATEGY=1 -DK_LOOP_UNROLL=2 -DMBAR_EARLY=1 -DSNAKE_ORDER=0 -DSTAGGER_CYCLES=0 -DSUB_MMA_UNROLL=3 -DW0_LOOP_UNROLL=1 ... 4.981 ms / 879 TFLOPS  (150 regs, 2.8s)
[81/540] -DCVT_ADD_FUSED=0 -DINTERLEAVE_STRATEGY=1 -DK_LOOP_UNROLL=2 -DMBAR_EARLY=1 -DSNAKE_ORDER=0 -DSTAGGER_CYCLES=0 -DSUB_MMA_UNROLL=3 -DW0_LOOP_UNROLL=4 ... 5.088 ms / 861 TFLOPS  (167 regs, 2.8s)
[82/540] -DCVT_ADD_FUSED=0 -DINTERLEAVE_STRATEGY=1 -DK_LOOP_UNROLL=2 -DMBAR_EARLY=1 -DSTAGGER_CYCLES=0 ... 4.528 ms / 967 TFLOPS  (167 regs, 2.8s)
[83/540] -DCVT_ADD_FUSED=0 -DINTERLEAVE_STRATEGY=1 -DK_LOOP_UNROLL=2 -DMBAR_EARLY=1 -DSTAGGER_CYCLES=0 -DW0_LOOP_UNROLL=1 ... 4.513 ms / 970 TFLOPS  (150 regs, 2.8s)
[84/540] -DCVT_ADD_FUSED=0 -DINTERLEAVE_STRATEGY=1 -DK_LOOP_UNROLL=2 -DMBAR_EARLY=1 -DSTAGGER_CYCLES=0 -DW0_LOOP_UNROLL=4 ... 4.502 ms / 973 TFLOPS  (167 regs, 2.8s)
[85/540] -DCVT_ADD_FUSED=0 -DINTERLEAVE_STRATEGY=1 -DK_LOOP_UNROLL=2 -DMBAR_EARLY=1 -DSTAGGER_CYCLES=0 -DSUB_MMA_UNROLL=1 ... 4.642 ms / 944 TFLOPS  (163 regs, 2.8s)
[86/540] -DCVT_ADD_FUSED=0 -DINTERLEAVE_STRATEGY=1 -DK_LOOP_UNROLL=2 -DMBAR_EARLY=1 -DSTAGGER_CYCLES=0 -DSUB_MMA_UNROLL=1 -DW0_LOOP_UNROLL=1 ... 4.486 ms / 976 TFLOPS  (142 regs, 2.8s)
[87/540] -DCVT_ADD_FUSED=0 -DINTERLEAVE_STRATEGY=1 -DK_LOOP_UNROLL=2 -DMBAR_EARLY=1 -DSTAGGER_CYCLES=0 -DSUB_MMA_UNROLL=1 -DW0_LOOP_UNROLL=4 ... 4.678 ms / 936 TFLOPS  (163 regs, 2.8s)
[88/540] -DCVT_ADD_FUSED=0 -DINTERLEAVE_STRATEGY=1 -DK_LOOP_UNROLL=2 -DMBAR_EARLY=1 -DSTAGGER_CYCLES=0 -DSUB_MMA_UNROLL=3 ... 4.530 ms / 967 TFLOPS  (167 regs, 2.8s)
[89/540] -DCVT_ADD_FUSED=0 -DINTERLEAVE_STRATEGY=1 -DK_LOOP_UNROLL=2 -DMBAR_EARLY=1 -DSTAGGER_CYCLES=0 -DSUB_MMA_UNROLL=3 -DW0_LOOP_UNROLL=1 ... 4.515 ms / 970 TFLOPS  (150 regs, 2.8s)
[90/540] -DCVT_ADD_FUSED=0 -DINTERLEAVE_STRATEGY=1 -DK_LOOP_UNROLL=2 -DMBAR_EARLY=1 -DSTAGGER_CYCLES=0 -DSUB_MMA_UNROLL=3 -DW0_LOOP_UNROLL=4 ... 4.503 ms / 973 TFLOPS  (167 regs, 2.8s)
[91/540] -DCVT_ADD_FUSED=0 -DINTERLEAVE_STRATEGY=1 -DK_LOOP_UNROLL=2 -DMBAR_EARLY=1 -DPHASE1_UNROLL=4 -DSNAKE_ORDER=0 -DSTAGGER_CYCLES=0 ... 7.272 ms / 602 TFLOPS  (207 regs, 3.1s)
[92/540] -DCVT_ADD_FUSED=0 -DINTERLEAVE_STRATEGY=1 -DK_LOOP_UNROLL=2 -DMBAR_EARLY=1 -DPHASE1_UNROLL=4 -DSNAKE_ORDER=0 -DSTAGGER_CYCLES=0 -DW0_LOOP_UNROLL=1 ... 7.208 ms / 608 TFLOPS  (189 regs, 3.2s)
[93/540] -DCVT_ADD_FUSED=0 -DINTERLEAVE_STRATEGY=1 -DK_LOOP_UNROLL=2 -DMBAR_EARLY=1 -DPHASE1_UNROLL=4 -DSNAKE_ORDER=0 -DSTAGGER_CYCLES=0 -DW0_LOOP_UNROLL=4 ... 7.272 ms / 602 TFLOPS  (207 regs, 3.1s)
[94/540] -DCVT_ADD_FUSED=0 -DINTERLEAVE_STRATEGY=1 -DK_LOOP_UNROLL=2 -DMBAR_EARLY=1 -DPHASE1_UNROLL=4 -DSNAKE_ORDER=0 -DSTAGGER_CYCLES=0 -DSUB_MMA_UNROLL=1 ... 7.256 ms / 604 TFLOPS  (199 regs, 3.1s)
[95/540] -DCVT_ADD_FUSED=0 -DINTERLEAVE_STRATEGY=1 -DK_LOOP_UNROLL=2 -DMBAR_EARLY=1 -DPHASE1_UNROLL=4 -DSNAKE_ORDER=0 -DSTAGGER_CYCLES=0 -DSUB_MMA_UNROLL=1 -DW0_LOOP_UNROLL=1 ... 7.173 ms / 611 TFLOPS  (181 regs, 3.1s)
[96/540] -DCVT_ADD_FUSED=0 -DINTERLEAVE_STRATEGY=1 -DK_LOOP_UNROLL=2 -DMBAR_EARLY=1 -DPHASE1_UNROLL=4 -DSNAKE_ORDER=0 -DSTAGGER_CYCLES=0 -DSUB_MMA_UNROLL=1 -DW0_LOOP_UNROLL=4 ... 7.245 ms / 605 TFLOPS  (199 regs, 3.1s)
[97/540] -DCVT_ADD_FUSED=0 -DINTERLEAVE_STRATEGY=1 -DK_LOOP_UNROLL=2 -DMBAR_EARLY=1 -DPHASE1_UNROLL=4 -DSNAKE_ORDER=0 -DSTAGGER_CYCLES=0 -DSUB_MMA_UNROLL=3 ... 7.273 ms / 602 TFLOPS  (207 regs, 3.1s)
[98/540] -DCVT_ADD_FUSED=0 -DINTERLEAVE_STRATEGY=1 -DK_LOOP_UNROLL=2 -DMBAR_EARLY=1 -DPHASE1_UNROLL=4 -DSNAKE_ORDER=0 -DSTAGGER_CYCLES=0 -DSUB_MMA_UNROLL=3 -DW0_LOOP_UNROLL=1 ... 7.209 ms / 608 TFLOPS  (189 regs, 3.1s)
[99/540] -DCVT_ADD_FUSED=0 -DINTERLEAVE_STRATEGY=1 -DK_LOOP_UNROLL=2 -DMBAR_EARLY=1 -DPHASE1_UNROLL=4 -DSNAKE_ORDER=0 -DSTAGGER_CYCLES=0 -DSUB_MMA_UNROLL=3 -DW0_LOOP_UNROLL=4 ... 7.274 ms / 602 TFLOPS  (207 regs, 3.1s)
[100/540] -DCVT_ADD_FUSED=0 -DINTERLEAVE_STRATEGY=1 -DK_LOOP_UNROLL=2 -DMBAR_EARLY=1 -DPHASE1_UNROLL=4 -DSTAGGER_CYCLES=0 ... 7.289 ms / 601 TFLOPS  (207 regs, 3.1s)
[101/540] -DCVT_ADD_FUSED=0 -DINTERLEAVE_STRATEGY=1 -DK_LOOP_UNROLL=2 -DMBAR_EARLY=1 -DPHASE1_UNROLL=4 -DSTAGGER_CYCLES=0 -DW0_LOOP_UNROLL=1 ... 7.228 ms / 606 TFLOPS  (189 regs, 3.1s)
[102/540] -DCVT_ADD_FUSED=0 -DINTERLEAVE_STRATEGY=1 -DK_LOOP_UNROLL=2 -DMBAR_EARLY=1 -DPHASE1_UNROLL=4 -DSTAGGER_CYCLES=0 -DW0_LOOP_UNROLL=4 ... 7.278 ms / 602 TFLOPS  (207 regs, 3.2s)
[103/540] -DCVT_ADD_FUSED=0 -DINTERLEAVE_STRATEGY=1 -DK_LOOP_UNROLL=2 -DMBAR_EARLY=1 -DPHASE1_UNROLL=4 -DSTAGGER_CYCLES=0 -DSUB_MMA_UNROLL=1 ... 7.274 ms / 602 TFLOPS  (199 regs, 3.1s)
[104/540] -DCVT_ADD_FUSED=0 -DINTERLEAVE_STRATEGY=1 -DK_LOOP_UNROLL=2 -DMBAR_EARLY=1 -DPHASE1_UNROLL=4 -DSTAGGER_CYCLES=0 -DSUB_MMA_UNROLL=1 -DW0_LOOP_UNROLL=1 ... 7.171 ms / 611 TFLOPS  (181 regs, 3.1s)
[105/540] -DCVT_ADD_FUSED=0 -DINTERLEAVE_STRATEGY=1 -DK_LOOP_UNROLL=2 -DMBAR_EARLY=1 -DPHASE1_UNROLL=4 -DSTAGGER_CYCLES=0 -DSUB_MMA_UNROLL=1 -DW0_LOOP_UNROLL=4 ... 7.272 ms / 602 TFLOPS  (199 regs, 3.1s)
[106/540] -DCVT_ADD_FUSED=0 -DINTERLEAVE_STRATEGY=1 -DK_LOOP_UNROLL=2 -DMBAR_EARLY=1 -DPHASE1_UNROLL=4 -DSTAGGER_CYCLES=0 -DSUB_MMA_UNROLL=3 ... 7.289 ms / 601 TFLOPS  (207 regs, 3.1s)
[107/540] -DCVT_ADD_FUSED=0 -DINTERLEAVE_STRATEGY=1 -DK_LOOP_UNROLL=2 -DMBAR_EARLY=1 -DPHASE1_UNROLL=4 -DSTAGGER_CYCLES=0 -DSUB_MMA_UNROLL=3 -DW0_LOOP_UNROLL=1 ... 7.228 ms / 606 TFLOPS  (189 regs, 3.1s)
[108/540] -DCVT_ADD_FUSED=0 -DINTERLEAVE_STRATEGY=1 -DK_LOOP_UNROLL=2 -DMBAR_EARLY=1 -DPHASE1_UNROLL=4 -DSTAGGER_CYCLES=0 -DSUB_MMA_UNROLL=3 -DW0_LOOP_UNROLL=4 ... 7.278 ms / 602 TFLOPS  (207 regs, 3.2s)
[109/540] -DCVT_ADD_FUSED=0 -DINTERLEAVE_STRATEGY=1 -DMBAR_EARLY=1 -DPHASE1_UNROLL=1 -DSNAKE_ORDER=0 -DSTAGGER_CYCLES=0 ... 5.964 ms / 734 TFLOPS  (212 regs, 2.7s)
[110/540] -DCVT_ADD_FUSED=0 -DINTERLEAVE_STRATEGY=1 -DMBAR_EARLY=1 -DPHASE1_UNROLL=1 -DSNAKE_ORDER=0 -DSTAGGER_CYCLES=0 -DW0_LOOP_UNROLL=1 ... 5.463 ms / 802 TFLOPS  (196 regs, 2.7s)
[111/540] -DCVT_ADD_FUSED=0 -DINTERLEAVE_STRATEGY=1 -DMBAR_EARLY=1 -DPHASE1_UNROLL=1 -DSNAKE_ORDER=0 -DSTAGGER_CYCLES=0 -DW0_LOOP_UNROLL=4 ... 5.982 ms / 732 TFLOPS  (212 regs, 2.7s)
[112/540] -DCVT_ADD_FUSED=0 -DINTERLEAVE_STRATEGY=1 -DMBAR_EARLY=1 -DPHASE1_UNROLL=1 -DSNAKE_ORDER=0 -DSTAGGER_CYCLES=0 -DSUB_MMA_UNROLL=1 ... 5.492 ms / 797 TFLOPS  (168 regs, 2.7s)
[113/540] -DCVT_ADD_FUSED=0 -DINTERLEAVE_STRATEGY=1 -DMBAR_EARLY=1 -DPHASE1_UNROLL=1 -DSNAKE_ORDER=0 -DSTAGGER_CYCLES=0 -DSUB_MMA_UNROLL=1 -DW0_LOOP_UNROLL=1 ... 5.462 ms / 802 TFLOPS  (156 regs, 2.7s)
[114/540] -DCVT_ADD_FUSED=0 -DINTERLEAVE_STRATEGY=1 -DMBAR_EARLY=1 -DPHASE1_UNROLL=1 -DSNAKE_ORDER=0 -DSTAGGER_CYCLES=0 -DSUB_MMA_UNROLL=1 -DW0_LOOP_UNROLL=4 ... 5.506 ms / 795 TFLOPS  (168 regs, 2.7s)
[115/540] -DCVT_ADD_FUSED=0 -DINTERLEAVE_STRATEGY=1 -DMBAR_EARLY=1 -DPHASE1_UNROLL=1 -DSNAKE_ORDER=0 -DSTAGGER_CYCLES=0 -DSUB_MMA_UNROLL=3 ... 5.967 ms / 734 TFLOPS  (212 regs, 2.7s)
[116/540] -DCVT_ADD_FUSED=0 -DINTERLEAVE_STRATEGY=1 -DMBAR_EARLY=1 -DPHASE1_UNROLL=1 -DSNAKE_ORDER=0 -DSTAGGER_CYCLES=0 -DSUB_MMA_UNROLL=3 -DW0_LOOP_UNROLL=1 ... 5.464 ms / 802 TFLOPS  (196 regs, 2.7s)
[117/540] -DCVT_ADD_FUSED=0 -DINTERLEAVE_STRATEGY=1 -DMBAR_EARLY=1 -DPHASE1_UNROLL=1 -DSNAKE_ORDER=0 -DSTAGGER_CYCLES=0 -DSUB_MMA_UNROLL=3 -DW0_LOOP_UNROLL=4 ... 5.975 ms / 733 TFLOPS  (212 regs, 2.7s)
[118/540] -DCVT_ADD_FUSED=0 -DINTERLEAVE_STRATEGY=1 -DMBAR_EARLY=1 -DPHASE1_UNROLL=1 -DSTAGGER_CYCLES=0 ... 5.341 ms / 820 TFLOPS  (212 regs, 2.7s)
[119/540] -DCVT_ADD_FUSED=0 -DINTERLEAVE_STRATEGY=1 -DMBAR_EARLY=1 -DPHASE1_UNROLL=1 -DSTAGGER_CYCLES=0 -DW0_LOOP_UNROLL=1 ... 4.771 ms / 918 TFLOPS  (196 regs, 2.7s)
[120/540] -DCVT_ADD_FUSED=0 -DINTERLEAVE_STRATEGY=1 -DMBAR_EARLY=1 -DPHASE1_UNROLL=1 -DSTAGGER_CYCLES=0 -DW0_LOOP_UNROLL=4 ... 5.345 ms / 819 TFLOPS  (212 regs, 2.7s)
[121/540] -DCVT_ADD_FUSED=0 -DINTERLEAVE_STRATEGY=1 -DMBAR_EARLY=1 -DPHASE1_UNROLL=1 -DSTAGGER_CYCLES=0 -DSUB_MMA_UNROLL=1 ... 4.837 ms / 906 TFLOPS  (168 regs, 2.7s)
[122/540] -DCVT_ADD_FUSED=0 -DINTERLEAVE_STRATEGY=1 -DMBAR_EARLY=1 -DPHASE1_UNROLL=1 -DSTAGGER_CYCLES=0 -DSUB_MMA_UNROLL=1 -DW0_LOOP_UNROLL=1 ... 4.800 ms / 913 TFLOPS  (156 regs, 2.7s)
[123/540] -DCVT_ADD_FUSED=0 -DINTERLEAVE_STRATEGY=1 -DMBAR_EARLY=1 -DPHASE1_UNROLL=1 -DSTAGGER_CYCLES=0 -DSUB_MMA_UNROLL=1 -DW0_LOOP_UNROLL=4 ... 4.832 ms / 906 TFLOPS  (168 regs, 2.7s)
[124/540] -DCVT_ADD_FUSED=0 -DINTERLEAVE_STRATEGY=1 -DMBAR_EARLY=1 -DPHASE1_UNROLL=1 -DSTAGGER_CYCLES=0 -DSUB_MMA_UNROLL=3 ... 5.345 ms / 819 TFLOPS  (212 regs, 2.7s)
[125/540] -DCVT_ADD_FUSED=0 -DINTERLEAVE_STRATEGY=1 -DMBAR_EARLY=1 -DPHASE1_UNROLL=1 -DSTAGGER_CYCLES=0 -DSUB_MMA_UNROLL=3 -DW0_LOOP_UNROLL=1 ... 4.776 ms / 917 TFLOPS  (196 regs, 2.7s)
[126/540] -DCVT_ADD_FUSED=0 -DINTERLEAVE_STRATEGY=1 -DMBAR_EARLY=1 -DPHASE1_UNROLL=1 -DSTAGGER_CYCLES=0 -DSUB_MMA_UNROLL=3 -DW0_LOOP_UNROLL=4 ... 5.345 ms / 820 TFLOPS  (212 regs, 2.7s)
[127/540] -DCVT_ADD_FUSED=0 -DINTERLEAVE_STRATEGY=1 -DMBAR_EARLY=1 -DSNAKE_ORDER=0 -DSTAGGER_CYCLES=0 ... 5.136 ms / 853 TFLOPS  (214 regs, 2.8s)
[128/540] -DCVT_ADD_FUSED=0 -DINTERLEAVE_STRATEGY=1 -DMBAR_EARLY=1 -DSNAKE_ORDER=0 -DSTAGGER_CYCLES=0 -DW0_LOOP_UNROLL=1 ... 5.032 ms / 870 TFLOPS  (200 regs, 2.8s)
[129/540] -DCVT_ADD_FUSED=0 -DINTERLEAVE_STRATEGY=1 -DMBAR_EARLY=1 -DSNAKE_ORDER=0 -DSTAGGER_CYCLES=0 -DW0_LOOP_UNROLL=4 ... 5.134 ms / 853 TFLOPS  (214 regs, 2.9s)
[130/540] -DCVT_ADD_FUSED=0 -DINTERLEAVE_STRATEGY=1 -DMBAR_EARLY=1 -DSNAKE_ORDER=0 -DSTAGGER_CYCLES=0 -DSUB_MMA_UNROLL=1 ... 5.126 ms / 854 TFLOPS  (168 regs, 2.9s)
[131/540] -DCVT_ADD_FUSED=0 -DINTERLEAVE_STRATEGY=1 -DMBAR_EARLY=1 -DSNAKE_ORDER=0 -DSTAGGER_CYCLES=0 -DSUB_MMA_UNROLL=1 -DW0_LOOP_UNROLL=1 ... 5.045 ms / 868 TFLOPS  (157 regs, 2.8s)
[132/540] -DCVT_ADD_FUSED=0 -DINTERLEAVE_STRATEGY=1 -DMBAR_EARLY=1 -DSNAKE_ORDER=0 -DSTAGGER_CYCLES=0 -DSUB_MMA_UNROLL=1 -DW0_LOOP_UNROLL=4 ... 5.093 ms / 860 TFLOPS  (168 regs, 2.8s)
[133/540] -DCVT_ADD_FUSED=0 -DINTERLEAVE_STRATEGY=1 -DMBAR_EARLY=1 -DSNAKE_ORDER=0 -DSTAGGER_CYCLES=0 -DSUB_MMA_UNROLL=3 ... 5.132 ms / 854 TFLOPS  (214 regs, 2.8s)
[134/540] -DCVT_ADD_FUSED=0 -DINTERLEAVE_STRATEGY=1 -DMBAR_EARLY=1 -DSNAKE_ORDER=0 -DSTAGGER_CYCLES=0 -DSUB_MMA_UNROLL=3 -DW0_LOOP_UNROLL=1 ... 5.027 ms / 871 TFLOPS  (200 regs, 2.8s)
[135/540] -DCVT_ADD_FUSED=0 -DINTERLEAVE_STRATEGY=1 -DMBAR_EARLY=1 -DSNAKE_ORDER=0 -DSTAGGER_CYCLES=0 -DSUB_MMA_UNROLL=3 -DW0_LOOP_UNROLL=4 ... 5.134 ms / 853 TFLOPS  (214 regs, 2.8s)
[136/540] -DCVT_ADD_FUSED=0 -DINTERLEAVE_STRATEGY=1 -DMBAR_EARLY=1 -DSTAGGER_CYCLES=0 ... 4.512 ms / 971 TFLOPS  (214 regs, 2.8s)
[137/540] -DCVT_ADD_FUSED=0 -DINTERLEAVE_STRATEGY=1 -DMBAR_EARLY=1 -DSTAGGER_CYCLES=0 -DW0_LOOP_UNROLL=1 ... 4.380 ms / 1000 TFLOPS  (200 regs, 2.8s)
[138/540] -DCVT_ADD_FUSED=0 -DINTERLEAVE_STRATEGY=1 -DMBAR_EARLY=1 -DSTAGGER_CYCLES=0 -DW0_LOOP_UNROLL=4 ... 4.431 ms / 988 TFLOPS  (214 regs, 2.8s)
[139/540] -DCVT_ADD_FUSED=0 -DINTERLEAVE_STRATEGY=1 -DMBAR_EARLY=1 -DSTAGGER_CYCLES=0 -DSUB_MMA_UNROLL=1 ... 4.674 ms / 937 TFLOPS  (168 regs, 2.8s)
[140/540] -DCVT_ADD_FUSED=0 -DINTERLEAVE_STRATEGY=1 -DMBAR_EARLY=1 -DSTAGGER_CYCLES=0 -DSUB_MMA_UNROLL=1 -DW0_LOOP_UNROLL=1 ... 4.371 ms / 1002 TFLOPS  (157 regs, 2.8s)
[141/540] -DCVT_ADD_FUSED=0 -DINTERLEAVE_STRATEGY=1 -DMBAR_EARLY=1 -DSTAGGER_CYCLES=0 -DSUB_MMA_UNROLL=1 -DW0_LOOP_UNROLL=4 ... 4.592 ms / 954 TFLOPS  (168 regs, 2.8s)
[142/540] -DCVT_ADD_FUSED=0 -DINTERLEAVE_STRATEGY=1 -DMBAR_EARLY=1 -DSTAGGER_CYCLES=0 -DSUB_MMA_UNROLL=3 ... 4.514 ms / 970 TFLOPS  (214 regs, 2.8s)
[143/540] -DCVT_ADD_FUSED=0 -DINTERLEAVE_STRATEGY=1 -DMBAR_EARLY=1 -DSTAGGER_CYCLES=0 -DSUB_MMA_UNROLL=3 -DW0_LOOP_UNROLL=1 ... 4.380 ms / 1000 TFLOPS  (200 regs, 2.8s)
[144/540] -DCVT_ADD_FUSED=0 -DINTERLEAVE_STRATEGY=1 -DMBAR_EARLY=1 -DSTAGGER_CYCLES=0 -DSUB_MMA_UNROLL=3 -DW0_LOOP_UNROLL=4 ... 4.429 ms / 989 TFLOPS  (214 regs, 2.8s)
[145/540] -DCVT_ADD_FUSED=0 -DINTERLEAVE_STRATEGY=1 -DMBAR_EARLY=1 -DPHASE1_UNROLL=4 -DSNAKE_ORDER=0 -DSTAGGER_CYCLES=0 ... 7.283 ms / 601 TFLOPS  (245 regs, 3.1s)
[146/540] -DCVT_ADD_FUSED=0 -DINTERLEAVE_STRATEGY=1 -DMBAR_EARLY=1 -DPHASE1_UNROLL=4 -DSNAKE_ORDER=0 -DSTAGGER_CYCLES=0 -DW0_LOOP_UNROLL=1 ... 7.221 ms / 607 TFLOPS  (240 regs, 3.1s)
[147/540] -DCVT_ADD_FUSED=0 -DINTERLEAVE_STRATEGY=1 -DMBAR_EARLY=1 -DPHASE1_UNROLL=4 -DSNAKE_ORDER=0 -DSTAGGER_CYCLES=0 -DW0_LOOP_UNROLL=4 ... 7.258 ms / 603 TFLOPS  (245 regs, 3.1s)
[148/540] -DCVT_ADD_FUSED=0 -DINTERLEAVE_STRATEGY=1 -DMBAR_EARLY=1 -DPHASE1_UNROLL=4 -DSNAKE_ORDER=0 -DSTAGGER_CYCLES=0 -DSUB_MMA_UNROLL=1 ... 7.284 ms / 601 TFLOPS  (209 regs, 3.2s)
[149/540] -DCVT_ADD_FUSED=0 -DINTERLEAVE_STRATEGY=1 -DMBAR_EARLY=1 -DPHASE1_UNROLL=4 -DSNAKE_ORDER=0 -DSTAGGER_CYCLES=0 -DSUB_MMA_UNROLL=1 -DW0_LOOP_UNROLL=1 ... 7.212 ms / 607 TFLOPS  (195 regs, 3.1s)
[150/540] -DCVT_ADD_FUSED=0 -DINTERLEAVE_STRATEGY=1 -DMBAR_EARLY=1 -DPHASE1_UNROLL=4 -DSNAKE_ORDER=0 -DSTAGGER_CYCLES=0 -DSUB_MMA_UNROLL=1 -DW0_LOOP_UNROLL=4 ... 7.258 ms / 603 TFLOPS  (209 regs, 3.1s)
[151/540] -DCVT_ADD_FUSED=0 -DINTERLEAVE_STRATEGY=1 -DMBAR_EARLY=1 -DPHASE1_UNROLL=4 -DSNAKE_ORDER=0 -DSTAGGER_CYCLES=0 -DSUB_MMA_UNROLL=3 ... 7.283 ms / 601 TFLOPS  (245 regs, 3.2s)
[152/540] -DCVT_ADD_FUSED=0 -DINTERLEAVE_STRATEGY=1 -DMBAR_EARLY=1 -DPHASE1_UNROLL=4 -DSNAKE_ORDER=0 -DSTAGGER_CYCLES=0 -DSUB_MMA_UNROLL=3 -DW0_LOOP_UNROLL=1 ... 7.224 ms / 606 TFLOPS  (240 regs, 3.1s)
[153/540] -DCVT_ADD_FUSED=0 -DINTERLEAVE_STRATEGY=1 -DMBAR_EARLY=1 -DPHASE1_UNROLL=4 -DSNAKE_ORDER=0 -DSTAGGER_CYCLES=0 -DSUB_MMA_UNROLL=3 -DW0_LOOP_UNROLL=4 ... 7.259 ms / 603 TFLOPS  (245 regs, 3.1s)
[154/540] -DCVT_ADD_FUSED=0 -DINTERLEAVE_STRATEGY=1 -DMBAR_EARLY=1 -DPHASE1_UNROLL=4 -DSTAGGER_CYCLES=0 ... 7.290 ms / 601 TFLOPS  (245 regs, 3.2s)
[155/540] -DCVT_ADD_FUSED=0 -DINTERLEAVE_STRATEGY=1 -DMBAR_EARLY=1 -DPHASE1_UNROLL=4 -DSTAGGER_CYCLES=0 -DW0_LOOP_UNROLL=1 ... 7.229 ms / 606 TFLOPS  (240 regs, 3.2s)
[156/540] -DCVT_ADD_FUSED=0 -DINTERLEAVE_STRATEGY=1 -DMBAR_EARLY=1 -DPHASE1_UNROLL=4 -DSTAGGER_CYCLES=0 -DW0_LOOP_UNROLL=4 ... 7.269 ms / 603 TFLOPS  (245 regs, 3.1s)
[157/540] -DCVT_ADD_FUSED=0 -DINTERLEAVE_STRATEGY=1 -DMBAR_EARLY=1 -DPHASE1_UNROLL=4 -DSTAGGER_CYCLES=0 -DSUB_MMA_UNROLL=1 ... 7.302 ms / 600 TFLOPS  (209 regs, 3.1s)
[158/540] -DCVT_ADD_FUSED=0 -DINTERLEAVE_STRATEGY=1 -DMBAR_EARLY=1 -DPHASE1_UNROLL=4 -DSTAGGER_CYCLES=0 -DSUB_MMA_UNROLL=1 -DW0_LOOP_UNROLL=1 ... 7.223 ms / 606 TFLOPS  (195 regs, 3.1s)
[159/540] -DCVT_ADD_FUSED=0 -DINTERLEAVE_STRATEGY=1 -DMBAR_EARLY=1 -DPHASE1_UNROLL=4 -DSTAGGER_CYCLES=0 -DSUB_MMA_UNROLL=1 -DW0_LOOP_UNROLL=4 ... 7.279 ms / 602 TFLOPS  (209 regs, 3.1s)
[160/540] -DCVT_ADD_FUSED=0 -DINTERLEAVE_STRATEGY=1 -DMBAR_EARLY=1 -DPHASE1_UNROLL=4 -DSTAGGER_CYCLES=0 -DSUB_MMA_UNROLL=3 ... 7.290 ms / 601 TFLOPS  (245 regs, 3.1s)
[161/540] -DCVT_ADD_FUSED=0 -DINTERLEAVE_STRATEGY=1 -DMBAR_EARLY=1 -DPHASE1_UNROLL=4 -DSTAGGER_CYCLES=0 -DSUB_MMA_UNROLL=3 -DW0_LOOP_UNROLL=1 ... 7.229 ms / 606 TFLOPS  (240 regs, 3.2s)
[162/540] -DCVT_ADD_FUSED=0 -DINTERLEAVE_STRATEGY=1 -DMBAR_EARLY=1 -DPHASE1_UNROLL=4 -DSTAGGER_CYCLES=0 -DSUB_MMA_UNROLL=3 -DW0_LOOP_UNROLL=4 ... 7.269 ms / 603 TFLOPS  (245 regs, 3.1s)
[163/540] -DCVT_ADD_FUSED=0 -DINTERLEAVE_STRATEGY=1 -DK_LOOP_UNROLL=6 -DMBAR_EARLY=1 -DPHASE1_UNROLL=1 -DSNAKE_ORDER=0 -DSTAGGER_CYCLES=0 ... 5.555 ms / 788 TFLOPS  (176 regs, 2.7s)
[164/540] -DCVT_ADD_FUSED=0 -DINTERLEAVE_STRATEGY=1 -DK_LOOP_UNROLL=6 -DMBAR_EARLY=1 -DPHASE1_UNROLL=1 -DSNAKE_ORDER=0 -DSTAGGER_CYCLES=0 -DW0_LOOP_UNROLL=1 ... 5.470 ms / 801 TFLOPS  (160 regs, 2.7s)
[165/540] -DCVT_ADD_FUSED=0 -DINTERLEAVE_STRATEGY=1 -DK_LOOP_UNROLL=6 -DMBAR_EARLY=1 -DPHASE1_UNROLL=1 -DSNAKE_ORDER=0 -DSTAGGER_CYCLES=0 -DW0_LOOP_UNROLL=4 ... 5.566 ms / 787 TFLOPS  (176 regs, 2.7s)
[166/540] -DCVT_ADD_FUSED=0 -DINTERLEAVE_STRATEGY=1 -DK_LOOP_UNROLL=6 -DMBAR_EARLY=1 -DPHASE1_UNROLL=1 -DSNAKE_ORDER=0 -DSTAGGER_CYCLES=0 -DSUB_MMA_UNROLL=1 ... 5.486 ms / 798 TFLOPS  (168 regs, 2.7s)
[167/540] -DCVT_ADD_FUSED=0 -DINTERLEAVE_STRATEGY=1 -DK_LOOP_UNROLL=6 -DMBAR_EARLY=1 -DPHASE1_UNROLL=1 -DSNAKE_ORDER=0 -DSTAGGER_CYCLES=0 -DSUB_MMA_UNROLL=1 -DW0_LOOP_UNROLL=1 ... 5.402 ms / 811 TFLOPS  (156 regs, 2.7s)
[168/540] -DCVT_ADD_FUSED=0 -DINTERLEAVE_STRATEGY=1 -DK_LOOP_UNROLL=6 -DMBAR_EARLY=1 -DPHASE1_UNROLL=1 -DSNAKE_ORDER=0 -DSTAGGER_CYCLES=0 -DSUB_MMA_UNROLL=1 -DW0_LOOP_UNROLL=4 ... 5.498 ms / 797 TFLOPS  (168 regs, 2.7s)
[169/540] -DCVT_ADD_FUSED=0 -DINTERLEAVE_STRATEGY=1 -DK_LOOP_UNROLL=6 -DMBAR_EARLY=1 -DPHASE1_UNROLL=1 -DSNAKE_ORDER=0 -DSTAGGER_CYCLES=0 -DSUB_MMA_UNROLL=3 ... 5.558 ms / 788 TFLOPS  (176 regs, 2.7s)
[170/540] -DCVT_ADD_FUSED=0 -DINTERLEAVE_STRATEGY=1 -DK_LOOP_UNROLL=6 -DMBAR_EARLY=1 -DPHASE1_UNROLL=1 -DSNAKE_ORDER=0 -DSTAGGER_CYCLES=0 -DSUB_MMA_UNROLL=3 -DW0_LOOP_UNROLL=1 ... 5.469 ms / 801 TFLOPS  (160 regs, 2.7s)
[171/540] -DCVT_ADD_FUSED=0 -DINTERLEAVE_STRATEGY=1 -DK_LOOP_UNROLL=6 -DMBAR_EARLY=1 -DPHASE1_UNROLL=1 -DSNAKE_ORDER=0 -DSTAGGER_CYCLES=0 -DSUB_MMA_UNROLL=3 -DW0_LOOP_UNROLL=4 ... 5.566 ms / 787 TFLOPS  (176 regs, 2.7s)
[172/540] -DCVT_ADD_FUSED=0 -DINTERLEAVE_STRATEGY=1 -DK_LOOP_UNROLL=6 -DMBAR_EARLY=1 -DPHASE1_UNROLL=1 -DSTAGGER_CYCLES=0 ... 4.910 ms / 892 TFLOPS  (176 regs, 2.7s)
[173/540] -DCVT_ADD_FUSED=0 -DINTERLEAVE_STRATEGY=1 -DK_LOOP_UNROLL=6 -DMBAR_EARLY=1 -DPHASE1_UNROLL=1 -DSTAGGER_CYCLES=0 -DW0_LOOP_UNROLL=1 ... 4.817 ms / 909 TFLOPS  (160 regs, 2.7s)
[174/540] -DCVT_ADD_FUSED=0 -DINTERLEAVE_STRATEGY=1 -DK_LOOP_UNROLL=6 -DMBAR_EARLY=1 -DPHASE1_UNROLL=1 -DSTAGGER_CYCLES=0 -DW0_LOOP_UNROLL=4 ... 4.915 ms / 891 TFLOPS  (176 regs, 2.7s)
[175/540] -DCVT_ADD_FUSED=0 -DINTERLEAVE_STRATEGY=1 -DK_LOOP_UNROLL=6 -DMBAR_EARLY=1 -DPHASE1_UNROLL=1 -DSTAGGER_CYCLES=0 -DSUB_MMA_UNROLL=1 ... 4.835 ms / 906 TFLOPS  (168 regs, 2.7s)
[176/540] -DCVT_ADD_FUSED=0 -DINTERLEAVE_STRATEGY=1 -DK_LOOP_UNROLL=6 -DMBAR_EARLY=1 -DPHASE1_UNROLL=1 -DSTAGGER_CYCLES=0 -DSUB_MMA_UNROLL=1 -DW0_LOOP_UNROLL=1 ... 4.736 ms / 925 TFLOPS  (156 regs, 2.7s)
[177/540] -DCVT_ADD_FUSED=0 -DINTERLEAVE_STRATEGY=1 -DK_LOOP_UNROLL=6 -DMBAR_EARLY=1 -DPHASE1_UNROLL=1 -DSTAGGER_CYCLES=0 -DSUB_MMA_UNROLL=1 -DW0_LOOP_UNROLL=4 ... 4.845 ms / 904 TFLOPS  (168 regs, 2.7s)
[178/540] -DCVT_ADD_FUSED=0 -DINTERLEAVE_STRATEGY=1 -DK_LOOP_UNROLL=6 -DMBAR_EARLY=1 -DPHASE1_UNROLL=1 -DSTAGGER_CYCLES=0 -DSUB_MMA_UNROLL=3 ... 4.917 ms / 891 TFLOPS  (176 regs, 2.7s)
[179/540] -DCVT_ADD_FUSED=0 -DINTERLEAVE_STRATEGY=1 -DK_LOOP_UNROLL=6 -DMBAR_EARLY=1 -DPHASE1_UNROLL=1 -DSTAGGER_CYCLES=0 -DSUB_MMA_UNROLL=3 -DW0_LOOP_UNROLL=1 ... 4.820 ms / 909 TFLOPS  (160 regs, 2.7s)
[180/540] -DCVT_ADD_FUSED=0 -DINTERLEAVE_STRATEGY=1 -DK_LOOP_UNROLL=6 -DMBAR_EARLY=1 -DPHASE1_UNROLL=1 -DSTAGGER_CYCLES=0 -DSUB_MMA_UNROLL=3 -DW0_LOOP_UNROLL=4 ... 4.916 ms / 891 TFLOPS  (176 regs, 2.7s)
[181/540] -DCVT_ADD_FUSED=0 -DINTERLEAVE_STRATEGY=1 -DK_LOOP_UNROLL=6 -DMBAR_EARLY=1 -DSNAKE_ORDER=0 -DSTAGGER_CYCLES=0 ... 5.002 ms / 876 TFLOPS  (177 regs, 2.8s)
[182/540] -DCVT_ADD_FUSED=0 -DINTERLEAVE_STRATEGY=1 -DK_LOOP_UNROLL=6 -DMBAR_EARLY=1 -DSNAKE_ORDER=0 -DSTAGGER_CYCLES=0 -DW0_LOOP_UNROLL=1 ... 5.128 ms / 854 TFLOPS  (167 regs, 2.8s)
[183/540] -DCVT_ADD_FUSED=0 -DINTERLEAVE_STRATEGY=1 -DK_LOOP_UNROLL=6 -DMBAR_EARLY=1 -DSNAKE_ORDER=0 -DSTAGGER_CYCLES=0 -DW0_LOOP_UNROLL=4 ... 5.002 ms / 876 TFLOPS  (177 regs, 2.8s)
[184/540] -DCVT_ADD_FUSED=0 -DINTERLEAVE_STRATEGY=1 -DK_LOOP_UNROLL=6 -DMBAR_EARLY=1 -DSNAKE_ORDER=0 -DSTAGGER_CYCLES=0 -DSUB_MMA_UNROLL=1 ... 5.072 ms / 864 TFLOPS  (168 regs, 2.9s)
[185/540] -DCVT_ADD_FUSED=0 -DINTERLEAVE_STRATEGY=1 -DK_LOOP_UNROLL=6 -DMBAR_EARLY=1 -DSNAKE_ORDER=0 -DSTAGGER_CYCLES=0 -DSUB_MMA_UNROLL=1 -DW0_LOOP_UNROLL=1 ... 5.019 ms / 873 TFLOPS  (157 regs, 2.8s)
[186/540] -DCVT_ADD_FUSED=0 -DINTERLEAVE_STRATEGY=1 -DK_LOOP_UNROLL=6 -DMBAR_EARLY=1 -DSNAKE_ORDER=0 -DSTAGGER_CYCLES=0 -DSUB_MMA_UNROLL=1 -DW0_LOOP_UNROLL=4 ... 5.067 ms / 864 TFLOPS  (168 regs, 2.8s)
[187/540] -DCVT_ADD_FUSED=0 -DINTERLEAVE_STRATEGY=1 -DK_LOOP_UNROLL=6 -DMBAR_EARLY=1 -DSNAKE_ORDER=0 -DSTAGGER_CYCLES=0 -DSUB_MMA_UNROLL=3 ... 5.000 ms / 876 TFLOPS  (177 regs, 2.8s)
[188/540] -DCVT_ADD_FUSED=0 -DINTERLEAVE_STRATEGY=1 -DK_LOOP_UNROLL=6 -DMBAR_EARLY=1 -DSNAKE_ORDER=0 -DSTAGGER_CYCLES=0 -DSUB_MMA_UNROLL=3 -DW0_LOOP_UNROLL=1 ... 5.128 ms / 854 TFLOPS  (167 regs, 2.8s)
[189/540] -DCVT_ADD_FUSED=0 -DINTERLEAVE_STRATEGY=1 -DK_LOOP_UNROLL=6 -DMBAR_EARLY=1 -DSNAKE_ORDER=0 -DSTAGGER_CYCLES=0 -DSUB_MMA_UNROLL=3 -DW0_LOOP_UNROLL=4 ... 5.000 ms / 876 TFLOPS  (177 regs, 2.8s)
[190/540] -DCVT_ADD_FUSED=0 -DINTERLEAVE_STRATEGY=1 -DK_LOOP_UNROLL=6 -DMBAR_EARLY=1 -DSTAGGER_CYCLES=0 ... 4.601 ms / 952 TFLOPS  (177 regs, 2.8s)
[191/540] -DCVT_ADD_FUSED=0 -DINTERLEAVE_STRATEGY=1 -DK_LOOP_UNROLL=6 -DMBAR_EARLY=1 -DSTAGGER_CYCLES=0 -DW0_LOOP_UNROLL=1 ... 4.539 ms / 965 TFLOPS  (167 regs, 2.8s)
[192/540] -DCVT_ADD_FUSED=0 -DINTERLEAVE_STRATEGY=1 -DK_LOOP_UNROLL=6 -DMBAR_EARLY=1 -DSTAGGER_CYCLES=0 -DW0_LOOP_UNROLL=4 ... 4.597 ms / 953 TFLOPS  (177 regs, 2.8s)
[193/540] -DCVT_ADD_FUSED=0 -DINTERLEAVE_STRATEGY=1 -DK_LOOP_UNROLL=6 -DMBAR_EARLY=1 -DSTAGGER_CYCLES=0 -DSUB_MMA_UNROLL=1 ... 4.624 ms / 947 TFLOPS  (168 regs, 2.8s)
[194/540] -DCVT_ADD_FUSED=0 -DINTERLEAVE_STRATEGY=1 -DK_LOOP_UNROLL=6 -DMBAR_EARLY=1 -DSTAGGER_CYCLES=0 -DSUB_MMA_UNROLL=1 -DW0_LOOP_UNROLL=1 ... 4.220 ms / 1038 TFLOPS  (157 regs, 2.8s)
[195/540] -DCVT_ADD_FUSED=0 -DINTERLEAVE_STRATEGY=1 -DK_LOOP_UNROLL=6 -DMBAR_EARLY=1 -DSTAGGER_CYCLES=0 -DSUB_MMA_UNROLL=1 -DW0_LOOP_UNROLL=4 ... 4.541 ms / 965 TFLOPS  (168 regs, 2.8s)
[196/540] -DCVT_ADD_FUSED=0 -DINTERLEAVE_STRATEGY=1 -DK_LOOP_UNROLL=6 -DMBAR_EARLY=1 -DSTAGGER_CYCLES=0 -DSUB_MMA_UNROLL=3 ... 4.601 ms / 952 TFLOPS  (177 regs, 2.9s)
[197/540] -DCVT_ADD_FUSED=0 -DINTERLEAVE_STRATEGY=1 -DK_LOOP_UNROLL=6 -DMBAR_EARLY=1 -DSTAGGER_CYCLES=0 -DSUB_MMA_UNROLL=3 -DW0_LOOP_UNROLL=1 ... 4.539 ms / 965 TFLOPS  (167 regs, 2.8s)
[198/540] -DCVT_ADD_FUSED=0 -DINTERLEAVE_STRATEGY=1 -DK_LOOP_UNROLL=6 -DMBAR_EARLY=1 -DSTAGGER_CYCLES=0 -DSUB_MMA_UNROLL=3 -DW0_LOOP_UNROLL=4 ... 4.597 ms / 953 TFLOPS  (177 regs, 2.9s)
[199/540] -DCVT_ADD_FUSED=0 -DINTERLEAVE_STRATEGY=1 -DK_LOOP_UNROLL=6 -DMBAR_EARLY=1 -DPHASE1_UNROLL=4 -DSNAKE_ORDER=0 -DSTAGGER_CYCLES=0 ... 7.294 ms / 600 TFLOPS  (218 regs, 3.1s)
[200/540] -DCVT_ADD_FUSED=0 -DINTERLEAVE_STRATEGY=1 -DK_LOOP_UNROLL=6 -DMBAR_EARLY=1 -DPHASE1_UNROLL=4 -DSNAKE_ORDER=0 -DSTAGGER_CYCLES=0 -DW0_LOOP_UNROLL=1 ... 7.217 ms / 607 TFLOPS  (202 regs, 3.1s)
[201/540] -DCVT_ADD_FUSED=0 -DINTERLEAVE_STRATEGY=1 -DK_LOOP_UNROLL=6 -DMBAR_EARLY=1 -DPHASE1_UNROLL=4 -DSNAKE_ORDER=0 -DSTAGGER_CYCLES=0 -DW0_LOOP_UNROLL=4 ... 7.283 ms / 601 TFLOPS  (218 regs, 3.2s)
[202/540] -DCVT_ADD_FUSED=0 -DINTERLEAVE_STRATEGY=1 -DK_LOOP_UNROLL=6 -DMBAR_EARLY=1 -DPHASE1_UNROLL=4 -DSNAKE_ORDER=0 -DSTAGGER_CYCLES=0 -DSUB_MMA_UNROLL=1 ... 7.271 ms / 602 TFLOPS  (209 regs, 3.2s)
[203/540] -DCVT_ADD_FUSED=0 -DINTERLEAVE_STRATEGY=1 -DK_LOOP_UNROLL=6 -DMBAR_EARLY=1 -DPHASE1_UNROLL=4 -DSNAKE_ORDER=0 -DSTAGGER_CYCLES=0 -DSUB_MMA_UNROLL=1 -DW0_LOOP_UNROLL=1 ... 7.199 ms / 608 TFLOPS  (195 regs, 3.1s)
[204/540] -DCVT_ADD_FUSED=0 -DINTERLEAVE_STRATEGY=1 -DK_LOOP_UNROLL=6 -DMBAR_EARLY=1 -DPHASE1_UNROLL=4 -DSNAKE_ORDER=0 -DSTAGGER_CYCLES=0 -DSUB_MMA_UNROLL=1 -DW0_LOOP_UNROLL=4 ... 7.247 ms / 604 TFLOPS  (209 regs, 3.1s)
[205/540] -DCVT_ADD_FUSED=0 -DINTERLEAVE_STRATEGY=1 -DK_LOOP_UNROLL=6 -DMBAR_EARLY=1 -DPHASE1_UNROLL=4 -DSNAKE_ORDER=0 -DSTAGGER_CYCLES=0 -DSUB_MMA_UNROLL=3 ... 7.295 ms / 600 TFLOPS  (218 regs, 3.1s)
[206/540] -DCVT_ADD_FUSED=0 -DINTERLEAVE_STRATEGY=1 -DK_LOOP_UNROLL=6 -DMBAR_EARLY=1 -DPHASE1_UNROLL=4 -DSNAKE_ORDER=0 -DSTAGGER_CYCLES=0 -DSUB_MMA_UNROLL=3 -DW0_LOOP_UNROLL=1 ... 7.217 ms / 607 TFLOPS  (202 regs, 3.1s)
[207/540] -DCVT_ADD_FUSED=0 -DINTERLEAVE_STRATEGY=1 -DK_LOOP_UNROLL=6 -DMBAR_EARLY=1 -DPHASE1_UNROLL=4 -DSNAKE_ORDER=0 -DSTAGGER_CYCLES=0 -DSUB_MMA_UNROLL=3 -DW0_LOOP_UNROLL=4 ... 7.283 ms / 601 TFLOPS  (218 regs, 3.1s)
[208/540] -DCVT_ADD_FUSED=0 -DINTERLEAVE_STRATEGY=1 -DK_LOOP_UNROLL=6 -DMBAR_EARLY=1 -DPHASE1_UNROLL=4 -DSTAGGER_CYCLES=0 ... 7.304 ms / 600 TFLOPS  (218 regs, 3.1s)
[209/540] -DCVT_ADD_FUSED=0 -DINTERLEAVE_STRATEGY=1 -DK_LOOP_UNROLL=6 -DMBAR_EARLY=1 -DPHASE1_UNROLL=4 -DSTAGGER_CYCLES=0 -DW0_LOOP_UNROLL=1 ... 7.208 ms / 608 TFLOPS  (202 regs, 3.1s)
[210/540] -DCVT_ADD_FUSED=0 -DINTERLEAVE_STRATEGY=1 -DK_LOOP_UNROLL=6 -DMBAR_EARLY=1 -DPHASE1_UNROLL=4 -DSTAGGER_CYCLES=0 -DW0_LOOP_UNROLL=4 ... 7.273 ms / 602 TFLOPS  (218 regs, 3.2s)
[211/540] -DCVT_ADD_FUSED=0 -DINTERLEAVE_STRATEGY=1 -DK_LOOP_UNROLL=6 -DMBAR_EARLY=1 -DPHASE1_UNROLL=4 -DSTAGGER_CYCLES=0 -DSUB_MMA_UNROLL=1 ... 7.286 ms / 601 TFLOPS  (209 regs, 3.1s)
[212/540] -DCVT_ADD_FUSED=0 -DINTERLEAVE_STRATEGY=1 -DK_LOOP_UNROLL=6 -DMBAR_EARLY=1 -DPHASE1_UNROLL=4 -DSTAGGER_CYCLES=0 -DSUB_MMA_UNROLL=1 -DW0_LOOP_UNROLL=1 ... 7.198 ms / 609 TFLOPS  (195 regs, 3.1s)
[213/540] -DCVT_ADD_FUSED=0 -DINTERLEAVE_STRATEGY=1 -DK_LOOP_UNROLL=6 -DMBAR_EARLY=1 -DPHASE1_UNROLL=4 -DSTAGGER_CYCLES=0 -DSUB_MMA_UNROLL=1 -DW0_LOOP_UNROLL=4 ... 7.255 ms / 604 TFLOPS  (209 regs, 3.1s)
[214/540] -DCVT_ADD_FUSED=0 -DINTERLEAVE_STRATEGY=1 -DK_LOOP_UNROLL=6 -DMBAR_EARLY=1 -DPHASE1_UNROLL=4 -DSTAGGER_CYCLES=0 -DSUB_MMA_UNROLL=3 ... 7.303 ms / 600 TFLOPS  (218 regs, 3.1s)
[215/540] -DCVT_ADD_FUSED=0 -DINTERLEAVE_STRATEGY=1 -DK_LOOP_UNROLL=6 -DMBAR_EARLY=1 -DPHASE1_UNROLL=4 -DSTAGGER_CYCLES=0 -DSUB_MMA_UNROLL=3 -DW0_LOOP_UNROLL=1 ... 7.208 ms / 608 TFLOPS  (202 regs, 3.1s)
[216/540] -DCVT_ADD_FUSED=0 -DINTERLEAVE_STRATEGY=1 -DK_LOOP_UNROLL=6 -DMBAR_EARLY=1 -DPHASE1_UNROLL=4 -DSTAGGER_CYCLES=0 -DSUB_MMA_UNROLL=3 -DW0_LOOP_UNROLL=4 ... 7.274 ms / 602 TFLOPS  (218 regs, 3.2s)
[217/540] -DCVT_ADD_FUSED=0 -DINTERLEAVE_STRATEGY=1 -DK_LOOP_UNROLL=8 -DMBAR_EARLY=1 -DPHASE1_UNROLL=1 -DSNAKE_ORDER=0 -DSTAGGER_CYCLES=0 ... 5.959 ms / 735 TFLOPS  (212 regs, 2.7s)
[218/540] -DCVT_ADD_FUSED=0 -DINTERLEAVE_STRATEGY=1 -DK_LOOP_UNROLL=8 -DMBAR_EARLY=1 -DPHASE1_UNROLL=1 -DSNAKE_ORDER=0 -DSTAGGER_CYCLES=0 -DW0_LOOP_UNROLL=1 ... 5.453 ms / 803 TFLOPS  (196 regs, 2.7s)
[219/540] -DCVT_ADD_FUSED=0 -DINTERLEAVE_STRATEGY=1 -DK_LOOP_UNROLL=8 -DMBAR_EARLY=1 -DPHASE1_UNROLL=1 -DSNAKE_ORDER=0 -DSTAGGER_CYCLES=0 -DW0_LOOP_UNROLL=4 ... 5.978 ms / 733 TFLOPS  (212 regs, 2.7s)
[220/540] -DCVT_ADD_FUSED=0 -DINTERLEAVE_STRATEGY=1 -DK_LOOP_UNROLL=8 -DMBAR_EARLY=1 -DPHASE1_UNROLL=1 -DSNAKE_ORDER=0 -DSTAGGER_CYCLES=0 -DSUB_MMA_UNROLL=1 ... 5.486 ms / 798 TFLOPS  (168 regs, 2.7s)
[221/540] -DCVT_ADD_FUSED=0 -DINTERLEAVE_STRATEGY=1 -DK_LOOP_UNROLL=8 -DMBAR_EARLY=1 -DPHASE1_UNROLL=1 -DSNAKE_ORDER=0 -DSTAGGER_CYCLES=0 -DSUB_MMA_UNROLL=1 -DW0_LOOP_UNROLL=1 ... 5.405 ms / 810 TFLOPS  (156 regs, 2.7s)
[222/540] -DCVT_ADD_FUSED=0 -DINTERLEAVE_STRATEGY=1 -DK_LOOP_UNROLL=8 -DMBAR_EARLY=1 -DPHASE1_UNROLL=1 -DSNAKE_ORDER=0 -DSTAGGER_CYCLES=0 -DSUB_MMA_UNROLL=1 -DW0_LOOP_UNROLL=4 ... 5.502 ms / 796 TFLOPS  (168 regs, 2.7s)
[223/540] -DCVT_ADD_FUSED=0 -DINTERLEAVE_STRATEGY=1 -DK_LOOP_UNROLL=8 -DMBAR_EARLY=1 -DPHASE1_UNROLL=1 -DSNAKE_ORDER=0 -DSTAGGER_CYCLES=0 -DSUB_MMA_UNROLL=3 ... 5.962 ms / 735 TFLOPS  (212 regs, 2.7s)
[224/540] -DCVT_ADD_FUSED=0 -DINTERLEAVE_STRATEGY=1 -DK_LOOP_UNROLL=8 -DMBAR_EARLY=1 -DPHASE1_UNROLL=1 -DSNAKE_ORDER=0 -DSTAGGER_CYCLES=0 -DSUB_MMA_UNROLL=3 -DW0_LOOP_UNROLL=1 ... 5.454 ms / 803 TFLOPS  (196 regs, 2.7s)
[225/540] -DCVT_ADD_FUSED=0 -DINTERLEAVE_STRATEGY=1 -DK_LOOP_UNROLL=8 -DMBAR_EARLY=1 -DPHASE1_UNROLL=1 -DSNAKE_ORDER=0 -DSTAGGER_CYCLES=0 -DSUB_MMA_UNROLL=3 -DW0_LOOP_UNROLL=4 ... 5.977 ms / 733 TFLOPS  (212 regs, 2.7s)
[226/540] -DCVT_ADD_FUSED=0 -DINTERLEAVE_STRATEGY=1 -DK_LOOP_UNROLL=8 -DMBAR_EARLY=1 -DPHASE1_UNROLL=1 -DSTAGGER_CYCLES=0 ... 5.340 ms / 820 TFLOPS  (212 regs, 2.7s)
[227/540] -DCVT_ADD_FUSED=0 -DINTERLEAVE_STRATEGY=1 -DK_LOOP_UNROLL=8 -DMBAR_EARLY=1 -DPHASE1_UNROLL=1 -DSTAGGER_CYCLES=0 -DW0_LOOP_UNROLL=1 ... 4.791 ms / 914 TFLOPS  (196 regs, 2.7s)
[228/540] -DCVT_ADD_FUSED=0 -DINTERLEAVE_STRATEGY=1 -DK_LOOP_UNROLL=8 -DMBAR_EARLY=1 -DPHASE1_UNROLL=1 -DSTAGGER_CYCLES=0 -DW0_LOOP_UNROLL=4 ... 5.336 ms / 821 TFLOPS  (212 regs, 2.7s)
[229/540] -DCVT_ADD_FUSED=0 -DINTERLEAVE_STRATEGY=1 -DK_LOOP_UNROLL=8 -DMBAR_EARLY=1 -DPHASE1_UNROLL=1 -DSTAGGER_CYCLES=0 -DSUB_MMA_UNROLL=1 ... 4.838 ms / 905 TFLOPS  (168 regs, 2.7s)
[230/540] -DCVT_ADD_FUSED=0 -DINTERLEAVE_STRATEGY=1 -DK_LOOP_UNROLL=8 -DMBAR_EARLY=1 -DPHASE1_UNROLL=1 -DSTAGGER_CYCLES=0 -DSUB_MMA_UNROLL=1 -DW0_LOOP_UNROLL=1 ... 4.737 ms / 925 TFLOPS  (156 regs, 2.7s)
[231/540] -DCVT_ADD_FUSED=0 -DINTERLEAVE_STRATEGY=1 -DK_LOOP_UNROLL=8 -DMBAR_EARLY=1 -DPHASE1_UNROLL=1 -DSTAGGER_CYCLES=0 -DSUB_MMA_UNROLL=1 -DW0_LOOP_UNROLL=4 ... 4.844 ms / 904 TFLOPS  (168 regs, 2.7s)
[232/540] -DCVT_ADD_FUSED=0 -DINTERLEAVE_STRATEGY=1 -DK_LOOP_UNROLL=8 -DMBAR_EARLY=1 -DPHASE1_UNROLL=1 -DSTAGGER_CYCLES=0 -DSUB_MMA_UNROLL=3 ... 5.340 ms / 820 TFLOPS  (212 regs, 2.7s)
[233/540] -DCVT_ADD_FUSED=0 -DINTERLEAVE_STRATEGY=1 -DK_LOOP_UNROLL=8 -DMBAR_EARLY=1 -DPHASE1_UNROLL=1 -DSTAGGER_CYCLES=0 -DSUB_MMA_UNROLL=3 -DW0_LOOP_UNROLL=1 ... 4.792 ms / 914 TFLOPS  (196 regs, 2.7s)
[234/540] -DCVT_ADD_FUSED=0 -DINTERLEAVE_STRATEGY=1 -DK_LOOP_UNROLL=8 -DMBAR_EARLY=1 -DPHASE1_UNROLL=1 -DSTAGGER_CYCLES=0 -DSUB_MMA_UNROLL=3 -DW0_LOOP_UNROLL=4 ... 5.335 ms / 821 TFLOPS  (212 regs, 2.7s)
[235/540] -DCVT_ADD_FUSED=0 -DINTERLEAVE_STRATEGY=1 -DK_LOOP_UNROLL=8 -DMBAR_EARLY=1 -DSNAKE_ORDER=0 -DSTAGGER_CYCLES=0 ... 5.128 ms / 854 TFLOPS  (214 regs, 2.8s)
[236/540] -DCVT_ADD_FUSED=0 -DINTERLEAVE_STRATEGY=1 -DK_LOOP_UNROLL=8 -DMBAR_EARLY=1 -DSNAKE_ORDER=0 -DSTAGGER_CYCLES=0 -DW0_LOOP_UNROLL=1 ... 5.046 ms / 868 TFLOPS  (200 regs, 2.8s)
[237/540] -DCVT_ADD_FUSED=0 -DINTERLEAVE_STRATEGY=1 -DK_LOOP_UNROLL=8 -DMBAR_EARLY=1 -DSNAKE_ORDER=0 -DSTAGGER_CYCLES=0 -DW0_LOOP_UNROLL=4 ... 5.120 ms / 855 TFLOPS  (214 regs, 2.8s)
[238/540] -DCVT_ADD_FUSED=0 -DINTERLEAVE_STRATEGY=1 -DK_LOOP_UNROLL=8 -DMBAR_EARLY=1 -DSNAKE_ORDER=0 -DSTAGGER_CYCLES=0 -DSUB_MMA_UNROLL=1 ... 5.070 ms / 864 TFLOPS  (168 regs, 2.8s)
[239/540] -DCVT_ADD_FUSED=0 -DINTERLEAVE_STRATEGY=1 -DK_LOOP_UNROLL=8 -DMBAR_EARLY=1 -DSNAKE_ORDER=0 -DSTAGGER_CYCLES=0 -DSUB_MMA_UNROLL=1 -DW0_LOOP_UNROLL=1 ... 5.018 ms / 873 TFLOPS  (157 regs, 2.8s)
[240/540] -DCVT_ADD_FUSED=0 -DINTERLEAVE_STRATEGY=1 -DK_LOOP_UNROLL=8 -DMBAR_EARLY=1 -DSNAKE_ORDER=0 -DSTAGGER_CYCLES=0 -DSUB_MMA_UNROLL=1 -DW0_LOOP_UNROLL=4 ... 5.064 ms / 865 TFLOPS  (168 regs, 2.8s)
[241/540] -DCVT_ADD_FUSED=0 -DINTERLEAVE_STRATEGY=1 -DK_LOOP_UNROLL=8 -DMBAR_EARLY=1 -DSNAKE_ORDER=0 -DSTAGGER_CYCLES=0 -DSUB_MMA_UNROLL=3 ... 5.130 ms / 854 TFLOPS  (214 regs, 2.8s)
[242/540] -DCVT_ADD_FUSED=0 -DINTERLEAVE_STRATEGY=1 -DK_LOOP_UNROLL=8 -DMBAR_EARLY=1 -DSNAKE_ORDER=0 -DSTAGGER_CYCLES=0 -DSUB_MMA_UNROLL=3 -DW0_LOOP_UNROLL=1 ... 5.050 ms / 867 TFLOPS  (200 regs, 2.8s)
[243/540] -DCVT_ADD_FUSED=0 -DINTERLEAVE_STRATEGY=1 -DK_LOOP_UNROLL=8 -DMBAR_EARLY=1 -DSNAKE_ORDER=0 -DSTAGGER_CYCLES=0 -DSUB_MMA_UNROLL=3 -DW0_LOOP_UNROLL=4 ... 5.118 ms / 856 TFLOPS  (214 regs, 2.8s)
[244/540] -DCVT_ADD_FUSED=0 -DINTERLEAVE_STRATEGY=1 -DK_LOOP_UNROLL=8 -DMBAR_EARLY=1 -DSTAGGER_CYCLES=0 ... 4.594 ms / 953 TFLOPS  (214 regs, 2.9s)
[245/540] -DCVT_ADD_FUSED=0 -DINTERLEAVE_STRATEGY=1 -DK_LOOP_UNROLL=8 -DMBAR_EARLY=1 -DSTAGGER_CYCLES=0 -DW0_LOOP_UNROLL=1 ... 4.558 ms / 961 TFLOPS  (200 regs, 2.8s)
[246/540] -DCVT_ADD_FUSED=0 -DINTERLEAVE_STRATEGY=1 -DK_LOOP_UNROLL=8 -DMBAR_EARLY=1 -DSTAGGER_CYCLES=0 -DW0_LOOP_UNROLL=4 ... 4.587 ms / 955 TFLOPS  (214 regs, 2.8s)
[247/540] -DCVT_ADD_FUSED=0 -DINTERLEAVE_STRATEGY=1 -DK_LOOP_UNROLL=8 -DMBAR_EARLY=1 -DSTAGGER_CYCLES=0 -DSUB_MMA_UNROLL=1 ... 4.626 ms / 947 TFLOPS  (168 regs, 2.8s)
[248/540] -DCVT_ADD_FUSED=0 -DINTERLEAVE_STRATEGY=1 -DK_LOOP_UNROLL=8 -DMBAR_EARLY=1 -DSTAGGER_CYCLES=0 -DSUB_MMA_UNROLL=1 -DW0_LOOP_UNROLL=1 ... 4.221 ms / 1038 TFLOPS  (157 regs, 2.8s)
[249/540] -DCVT_ADD_FUSED=0 -DINTERLEAVE_STRATEGY=1 -DK_LOOP_UNROLL=8 -DMBAR_EARLY=1 -DSTAGGER_CYCLES=0 -DSUB_MMA_UNROLL=1 -DW0_LOOP_UNROLL=4 ... 4.538 ms / 965 TFLOPS  (168 regs, 2.8s)
[250/540] -DCVT_ADD_FUSED=0 -DINTERLEAVE_STRATEGY=1 -DK_LOOP_UNROLL=8 -DMBAR_EARLY=1 -DSTAGGER_CYCLES=0 -DSUB_MMA_UNROLL=3 ... 4.595 ms / 953 TFLOPS  (214 regs, 2.9s)
[251/540] -DCVT_ADD_FUSED=0 -DINTERLEAVE_STRATEGY=1 -DK_LOOP_UNROLL=8 -DMBAR_EARLY=1 -DSTAGGER_CYCLES=0 -DSUB_MMA_UNROLL=3 -DW0_LOOP_UNROLL=1 ... 4.560 ms / 960 TFLOPS  (200 regs, 2.8s)
[252/540] -DCVT_ADD_FUSED=0 -DINTERLEAVE_STRATEGY=1 -DK_LOOP_UNROLL=8 -DMBAR_EARLY=1 -DSTAGGER_CYCLES=0 -DSUB_MMA_UNROLL=3 -DW0_LOOP_UNROLL=4 ... 4.587 ms / 955 TFLOPS  (214 regs, 2.9s)
[253/540] -DCVT_ADD_FUSED=0 -DINTERLEAVE_STRATEGY=1 -DK_LOOP_UNROLL=8 -DMBAR_EARLY=1 -DPHASE1_UNROLL=4 -DSNAKE_ORDER=0 -DSTAGGER_CYCLES=0 ... 7.280 ms / 602 TFLOPS  (245 regs, 3.1s)
[254/540] -DCVT_ADD_FUSED=0 -DINTERLEAVE_STRATEGY=1 -DK_LOOP_UNROLL=8 -DMBAR_EARLY=1 -DPHASE1_UNROLL=4 -DSNAKE_ORDER=0 -DSTAGGER_CYCLES=0 -DW0_LOOP_UNROLL=1 ... 7.218 ms / 607 TFLOPS  (240 regs, 3.1s)
[255/540] -DCVT_ADD_FUSED=0 -DINTERLEAVE_STRATEGY=1 -DK_LOOP_UNROLL=8 -DMBAR_EARLY=1 -DPHASE1_UNROLL=4 -DSNAKE_ORDER=0 -DSTAGGER_CYCLES=0 -DW0_LOOP_UNROLL=4 ... 7.255 ms / 604 TFLOPS  (245 regs, 3.2s)
[256/540] -DCVT_ADD_FUSED=0 -DINTERLEAVE_STRATEGY=1 -DK_LOOP_UNROLL=8 -DMBAR_EARLY=1 -DPHASE1_UNROLL=4 -DSNAKE_ORDER=0 -DSTAGGER_CYCLES=0 -DSUB_MMA_UNROLL=1 ... 7.270 ms / 602 TFLOPS  (209 regs, 3.2s)
[257/540] -DCVT_ADD_FUSED=0 -DINTERLEAVE_STRATEGY=1 -DK_LOOP_UNROLL=8 -DMBAR_EARLY=1 -DPHASE1_UNROLL=4 -DSNAKE_ORDER=0 -DSTAGGER_CYCLES=0 -DSUB_MMA_UNROLL=1 -DW0_LOOP_UNROLL=1 ... 7.199 ms / 608 TFLOPS  (195 regs, 3.1s)
[258/540] -DCVT_ADD_FUSED=0 -DINTERLEAVE_STRATEGY=1 -DK_LOOP_UNROLL=8 -DMBAR_EARLY=1 -DPHASE1_UNROLL=4 -DSNAKE_ORDER=0 -DSTAGGER_CYCLES=0 -DSUB_MMA_UNROLL=1 -DW0_LOOP_UNROLL=4 ... 7.248 ms / 604 TFLOPS  (209 regs, 3.1s)
[259/540] -DCVT_ADD_FUSED=0 -DINTERLEAVE_STRATEGY=1 -DK_LOOP_UNROLL=8 -DMBAR_EARLY=1 -DPHASE1_UNROLL=4 -DSNAKE_ORDER=0 -DSTAGGER_CYCLES=0 -DSUB_MMA_UNROLL=3 ... 7.280 ms / 602 TFLOPS  (245 regs, 3.1s)
[260/540] -DCVT_ADD_FUSED=0 -DINTERLEAVE_STRATEGY=1 -DK_LOOP_UNROLL=8 -DMBAR_EARLY=1 -DPHASE1_UNROLL=4 -DSNAKE_ORDER=0 -DSTAGGER_CYCLES=0 -DSUB_MMA_UNROLL=3 -DW0_LOOP_UNROLL=1 ... 7.217 ms / 607 TFLOPS  (240 regs, 3.1s)
[261/540] -DCVT_ADD_FUSED=0 -DINTERLEAVE_STRATEGY=1 -DK_LOOP_UNROLL=8 -DMBAR_EARLY=1 -DPHASE1_UNROLL=4 -DSNAKE_ORDER=0 -DSTAGGER_CYCLES=0 -DSUB_MMA_UNROLL=3 -DW0_LOOP_UNROLL=4 ... 7.255 ms / 604 TFLOPS  (245 regs, 3.1s)
[262/540] -DCVT_ADD_FUSED=0 -DINTERLEAVE_STRATEGY=1 -DK_LOOP_UNROLL=8 -DMBAR_EARLY=1 -DPHASE1_UNROLL=4 -DSTAGGER_CYCLES=0 ... 7.298 ms / 600 TFLOPS  (245 regs, 3.2s)
[263/540] -DCVT_ADD_FUSED=0 -DINTERLEAVE_STRATEGY=1 -DK_LOOP_UNROLL=8 -DMBAR_EARLY=1 -DPHASE1_UNROLL=4 -DSTAGGER_CYCLES=0 -DW0_LOOP_UNROLL=1 ... 7.227 ms / 606 TFLOPS  (240 regs, 3.1s)
[264/540] -DCVT_ADD_FUSED=0 -DINTERLEAVE_STRATEGY=1 -DK_LOOP_UNROLL=8 -DMBAR_EARLY=1 -DPHASE1_UNROLL=4 -DSTAGGER_CYCLES=0 -DW0_LOOP_UNROLL=4 ... 7.267 ms / 603 TFLOPS  (245 regs, 3.1s)
[265/540] -DCVT_ADD_FUSED=0 -DINTERLEAVE_STRATEGY=1 -DK_LOOP_UNROLL=8 -DMBAR_EARLY=1 -DPHASE1_UNROLL=4 -DSTAGGER_CYCLES=0 -DSUB_MMA_UNROLL=1 ... 7.286 ms / 601 TFLOPS  (209 regs, 3.1s)
[266/540] -DCVT_ADD_FUSED=0 -DINTERLEAVE_STRATEGY=1 -DK_LOOP_UNROLL=8 -DMBAR_EARLY=1 -DPHASE1_UNROLL=4 -DSTAGGER_CYCLES=0 -DSUB_MMA_UNROLL=1 -DW0_LOOP_UNROLL=1 ... 7.198 ms / 609 TFLOPS  (195 regs, 3.1s)
[267/540] -DCVT_ADD_FUSED=0 -DINTERLEAVE_STRATEGY=1 -DK_LOOP_UNROLL=8 -DMBAR_EARLY=1 -DPHASE1_UNROLL=4 -DSTAGGER_CYCLES=0 -DSUB_MMA_UNROLL=1 -DW0_LOOP_UNROLL=4 ... 7.255 ms / 604 TFLOPS  (209 regs, 3.1s)
[268/540] -DCVT_ADD_FUSED=0 -DINTERLEAVE_STRATEGY=1 -DK_LOOP_UNROLL=8 -DMBAR_EARLY=1 -DPHASE1_UNROLL=4 -DSTAGGER_CYCLES=0 -DSUB_MMA_UNROLL=3 ... 7.299 ms / 600 TFLOPS  (245 regs, 3.1s)
[269/540] -DCVT_ADD_FUSED=0 -DINTERLEAVE_STRATEGY=1 -DK_LOOP_UNROLL=8 -DMBAR_EARLY=1 -DPHASE1_UNROLL=4 -DSTAGGER_CYCLES=0 -DSUB_MMA_UNROLL=3 -DW0_LOOP_UNROLL=1 ... 7.228 ms / 606 TFLOPS  (240 regs, 3.1s)
[270/540] -DCVT_ADD_FUSED=0 -DINTERLEAVE_STRATEGY=1 -DK_LOOP_UNROLL=8 -DMBAR_EARLY=1 -DPHASE1_UNROLL=4 -DSTAGGER_CYCLES=0 -DSUB_MMA_UNROLL=3 -DW0_LOOP_UNROLL=4 ... 7.266 ms / 603 TFLOPS  (245 regs, 3.1s)
[271/540] -DINTERLEAVE_STRATEGY=1 -DK_LOOP_UNROLL=1 -DMBAR_EARLY=1 -DPHASE1_UNROLL=1 -DSNAKE_ORDER=0 -DSTAGGER_CYCLES=0 ... 5.507 ms / 795 TFLOPS  (166 regs, 2.7s)
[272/540] -DINTERLEAVE_STRATEGY=1 -DK_LOOP_UNROLL=1 -DMBAR_EARLY=1 -DPHASE1_UNROLL=1 -DSNAKE_ORDER=0 -DSTAGGER_CYCLES=0 -DW0_LOOP_UNROLL=1 ... 5.509 ms / 795 TFLOPS  (146 regs, 2.7s)
[273/540] -DINTERLEAVE_STRATEGY=1 -DK_LOOP_UNROLL=1 -DMBAR_EARLY=1 -DPHASE1_UNROLL=1 -DSNAKE_ORDER=0 -DSTAGGER_CYCLES=0 -DW0_LOOP_UNROLL=4 ... 5.509 ms / 795 TFLOPS  (166 regs, 2.7s)
[274/540] -DINTERLEAVE_STRATEGY=1 -DK_LOOP_UNROLL=1 -DMBAR_EARLY=1 -DPHASE1_UNROLL=1 -DSNAKE_ORDER=0 -DSTAGGER_CYCLES=0 -DSUB_MMA_UNROLL=1 ... 5.432 ms / 806 TFLOPS  (156 regs, 2.7s)
[275/540] -DINTERLEAVE_STRATEGY=1 -DK_LOOP_UNROLL=1 -DMBAR_EARLY=1 -DPHASE1_UNROLL=1 -DSNAKE_ORDER=0 -DSTAGGER_CYCLES=0 -DSUB_MMA_UNROLL=1 -DW0_LOOP_UNROLL=1 ... 6.109 ms / 717 TFLOPS  (141 regs, 2.7s)
[276/540] -DINTERLEAVE_STRATEGY=1 -DK_LOOP_UNROLL=1 -DMBAR_EARLY=1 -DPHASE1_UNROLL=1 -DSNAKE_ORDER=0 -DSTAGGER_CYCLES=0 -DSUB_MMA_UNROLL=1 -DW0_LOOP_UNROLL=4 ... 5.438 ms / 805 TFLOPS  (156 regs, 2.7s)
[277/540] -DINTERLEAVE_STRATEGY=1 -DK_LOOP_UNROLL=1 -DMBAR_EARLY=1 -DPHASE1_UNROLL=1 -DSNAKE_ORDER=0 -DSTAGGER_CYCLES=0 -DSUB_MMA_UNROLL=3 ... 5.512 ms / 795 TFLOPS  (166 regs, 2.7s)
[278/540] -DINTERLEAVE_STRATEGY=1 -DK_LOOP_UNROLL=1 -DMBAR_EARLY=1 -DPHASE1_UNROLL=1 -DSNAKE_ORDER=0 -DSTAGGER_CYCLES=0 -DSUB_MMA_UNROLL=3 -DW0_LOOP_UNROLL=1 ... 5.505 ms / 796 TFLOPS  (146 regs, 2.7s)
[279/540] -DINTERLEAVE_STRATEGY=1 -DK_LOOP_UNROLL=1 -DMBAR_EARLY=1 -DPHASE1_UNROLL=1 -DSNAKE_ORDER=0 -DSTAGGER_CYCLES=0 -DSUB_MMA_UNROLL=3 -DW0_LOOP_UNROLL=4 ... 5.512 ms / 795 TFLOPS  (166 regs, 2.7s)
[280/540] -DINTERLEAVE_STRATEGY=1 -DK_LOOP_UNROLL=1 -DMBAR_EARLY=1 -DPHASE1_UNROLL=1 -DSTAGGER_CYCLES=0 ... 4.833 ms / 906 TFLOPS  (166 regs, 2.7s)
[281/540] -DINTERLEAVE_STRATEGY=1 -DK_LOOP_UNROLL=1 -DMBAR_EARLY=1 -DPHASE1_UNROLL=1 -DSTAGGER_CYCLES=0 -DW0_LOOP_UNROLL=1 ... 4.844 ms / 904 TFLOPS  (146 regs, 2.6s)
[282/540] -DINTERLEAVE_STRATEGY=1 -DK_LOOP_UNROLL=1 -DMBAR_EARLY=1 -DPHASE1_UNROLL=1 -DSTAGGER_CYCLES=0 -DW0_LOOP_UNROLL=4 ... 4.835 ms / 906 TFLOPS  (166 regs, 2.7s)
[283/540] -DINTERLEAVE_STRATEGY=1 -DK_LOOP_UNROLL=1 -DMBAR_EARLY=1 -DPHASE1_UNROLL=1 -DSTAGGER_CYCLES=0 -DSUB_MMA_UNROLL=1 ... 4.740 ms / 924 TFLOPS  (156 regs, 2.7s)
[284/540] -DINTERLEAVE_STRATEGY=1 -DK_LOOP_UNROLL=1 -DMBAR_EARLY=1 -DPHASE1_UNROLL=1 -DSTAGGER_CYCLES=0 -DSUB_MMA_UNROLL=1 -DW0_LOOP_UNROLL=1 ... 5.473 ms / 800 TFLOPS  (141 regs, 2.7s)
[285/540] -DINTERLEAVE_STRATEGY=1 -DK_LOOP_UNROLL=1 -DMBAR_EARLY=1 -DPHASE1_UNROLL=1 -DSTAGGER_CYCLES=0 -DSUB_MMA_UNROLL=1 -DW0_LOOP_UNROLL=4 ... 4.744 ms / 923 TFLOPS  (156 regs, 2.7s)
[286/540] -DINTERLEAVE_STRATEGY=1 -DK_LOOP_UNROLL=1 -DMBAR_EARLY=1 -DPHASE1_UNROLL=1 -DSTAGGER_CYCLES=0 -DSUB_MMA_UNROLL=3 ... 4.833 ms / 906 TFLOPS  (166 regs, 2.7s)
[287/540] -DINTERLEAVE_STRATEGY=1 -DK_LOOP_UNROLL=1 -DMBAR_EARLY=1 -DPHASE1_UNROLL=1 -DSTAGGER_CYCLES=0 -DSUB_MMA_UNROLL=3 -DW0_LOOP_UNROLL=1 ... 4.844 ms / 904 TFLOPS  (146 regs, 2.7s)
[288/540] -DINTERLEAVE_STRATEGY=1 -DK_LOOP_UNROLL=1 -DMBAR_EARLY=1 -DPHASE1_UNROLL=1 -DSTAGGER_CYCLES=0 -DSUB_MMA_UNROLL=3 -DW0_LOOP_UNROLL=4 ... 4.835 ms / 906 TFLOPS  (166 regs, 2.7s)
[289/540] -DINTERLEAVE_STRATEGY=1 -DK_LOOP_UNROLL=1 -DMBAR_EARLY=1 -DSNAKE_ORDER=0 -DSTAGGER_CYCLES=0 ... 5.066 ms / 865 TFLOPS  (167 regs, 2.8s)
[290/540] -DINTERLEAVE_STRATEGY=1 -DK_LOOP_UNROLL=1 -DMBAR_EARLY=1 -DSNAKE_ORDER=0 -DSTAGGER_CYCLES=0 -DW0_LOOP_UNROLL=1 ... 5.469 ms / 801 TFLOPS  (148 regs, 2.8s)
[291/540] -DINTERLEAVE_STRATEGY=1 -DK_LOOP_UNROLL=1 -DMBAR_EARLY=1 -DSNAKE_ORDER=0 -DSTAGGER_CYCLES=0 -DW0_LOOP_UNROLL=4 ... 5.061 ms / 865 TFLOPS  (167 regs, 2.8s)
[292/540] -DINTERLEAVE_STRATEGY=1 -DK_LOOP_UNROLL=1 -DMBAR_EARLY=1 -DSNAKE_ORDER=0 -DSTAGGER_CYCLES=0 -DSUB_MMA_UNROLL=1 ... 5.075 ms / 863 TFLOPS  (163 regs, 2.8s)
[293/540] -DINTERLEAVE_STRATEGY=1 -DK_LOOP_UNROLL=1 -DMBAR_EARLY=1 -DSNAKE_ORDER=0 -DSTAGGER_CYCLES=0 -DSUB_MMA_UNROLL=1 -DW0_LOOP_UNROLL=1 ... 5.037 ms / 870 TFLOPS  (140 regs, 2.9s)
[294/540] -DINTERLEAVE_STRATEGY=1 -DK_LOOP_UNROLL=1 -DMBAR_EARLY=1 -DSNAKE_ORDER=0 -DSTAGGER_CYCLES=0 -DSUB_MMA_UNROLL=1 -DW0_LOOP_UNROLL=4 ... 5.078 ms / 862 TFLOPS  (163 regs, 2.8s)
[295/540] -DINTERLEAVE_STRATEGY=1 -DK_LOOP_UNROLL=1 -DMBAR_EARLY=1 -DSNAKE_ORDER=0 -DSTAGGER_CYCLES=0 -DSUB_MMA_UNROLL=3 ... 5.067 ms / 864 TFLOPS  (167 regs, 2.8s)
[296/540] -DINTERLEAVE_STRATEGY=1 -DK_LOOP_UNROLL=1 -DMBAR_EARLY=1 -DSNAKE_ORDER=0 -DSTAGGER_CYCLES=0 -DSUB_MMA_UNROLL=3 -DW0_LOOP_UNROLL=1 ... 5.471 ms / 801 TFLOPS  (148 regs, 2.8s)
[297/540] -DINTERLEAVE_STRATEGY=1 -DK_LOOP_UNROLL=1 -DMBAR_EARLY=1 -DSNAKE_ORDER=0 -DSTAGGER_CYCLES=0 -DSUB_MMA_UNROLL=3 -DW0_LOOP_UNROLL=4 ... 5.060 ms / 866 TFLOPS  (167 regs, 2.8s)
[298/540] -DINTERLEAVE_STRATEGY=1 -DK_LOOP_UNROLL=1 -DMBAR_EARLY=1 -DSTAGGER_CYCLES=0 ... 4.505 ms / 972 TFLOPS  (167 regs, 2.8s)
[299/540] -DINTERLEAVE_STRATEGY=1 -DK_LOOP_UNROLL=1 -DMBAR_EARLY=1 -DSTAGGER_CYCLES=0 -DW0_LOOP_UNROLL=1 ... 4.755 ms / 921 TFLOPS  (148 regs, 2.8s)
[300/540] -DINTERLEAVE_STRATEGY=1 -DK_LOOP_UNROLL=1 -DMBAR_EARLY=1 -DSTAGGER_CYCLES=0 -DW0_LOOP_UNROLL=4 ... 4.525 ms / 968 TFLOPS  (167 regs, 2.8s)
[301/540] -DINTERLEAVE_STRATEGY=1 -DK_LOOP_UNROLL=1 -DMBAR_EARLY=1 -DSTAGGER_CYCLES=0 -DSUB_MMA_UNROLL=1 ... 4.623 ms / 948 TFLOPS  (163 regs, 2.8s)
[302/540] -DINTERLEAVE_STRATEGY=1 -DK_LOOP_UNROLL=1 -DMBAR_EARLY=1 -DSTAGGER_CYCLES=0 -DSUB_MMA_UNROLL=1 -DW0_LOOP_UNROLL=1 ... 4.300 ms / 1019 TFLOPS  (140 regs, 2.8s)
[303/540] -DINTERLEAVE_STRATEGY=1 -DK_LOOP_UNROLL=1 -DMBAR_EARLY=1 -DSTAGGER_CYCLES=0 -DSUB_MMA_UNROLL=1 -DW0_LOOP_UNROLL=4 ... 4.601 ms / 952 TFLOPS  (163 regs, 2.8s)
[304/540] -DINTERLEAVE_STRATEGY=1 -DK_LOOP_UNROLL=1 -DMBAR_EARLY=1 -DSTAGGER_CYCLES=0 -DSUB_MMA_UNROLL=3 ... 4.505 ms / 972 TFLOPS  (167 regs, 2.8s)
[305/540] -DINTERLEAVE_STRATEGY=1 -DK_LOOP_UNROLL=1 -DMBAR_EARLY=1 -DSTAGGER_CYCLES=0 -DSUB_MMA_UNROLL=3 -DW0_LOOP_UNROLL=1 ... 4.759 ms / 920 TFLOPS  (148 regs, 2.8s)
[306/540] -DINTERLEAVE_STRATEGY=1 -DK_LOOP_UNROLL=1 -DMBAR_EARLY=1 -DSTAGGER_CYCLES=0 -DSUB_MMA_UNROLL=3 -DW0_LOOP_UNROLL=4 ... 4.527 ms / 968 TFLOPS  (167 regs, 2.8s)
[307/540] -DINTERLEAVE_STRATEGY=1 -DK_LOOP_UNROLL=1 -DMBAR_EARLY=1 -DPHASE1_UNROLL=4 -DSNAKE_ORDER=0 -DSTAGGER_CYCLES=0 ... 7.250 ms / 604 TFLOPS  (207 regs, 3.1s)
[308/540] -DINTERLEAVE_STRATEGY=1 -DK_LOOP_UNROLL=1 -DMBAR_EARLY=1 -DPHASE1_UNROLL=4 -DSNAKE_ORDER=0 -DSTAGGER_CYCLES=0 -DW0_LOOP_UNROLL=1 ... 7.174 ms / 611 TFLOPS  (189 regs, 3.1s)
[309/540] -DINTERLEAVE_STRATEGY=1 -DK_LOOP_UNROLL=1 -DMBAR_EARLY=1 -DPHASE1_UNROLL=4 -DSNAKE_ORDER=0 -DSTAGGER_CYCLES=0 -DW0_LOOP_UNROLL=4 ... 7.237 ms / 605 TFLOPS  (207 regs, 3.1s)
[310/540] -DINTERLEAVE_STRATEGY=1 -DK_LOOP_UNROLL=1 -DMBAR_EARLY=1 -DPHASE1_UNROLL=4 -DSNAKE_ORDER=0 -DSTAGGER_CYCLES=0 -DSUB_MMA_UNROLL=1 ... 7.256 ms / 604 TFLOPS  (199 regs, 3.1s)
[311/540] -DINTERLEAVE_STRATEGY=1 -DK_LOOP_UNROLL=1 -DMBAR_EARLY=1 -DPHASE1_UNROLL=4 -DSNAKE_ORDER=0 -DSTAGGER_CYCLES=0 -DSUB_MMA_UNROLL=1 -DW0_LOOP_UNROLL=1 ... 7.169 ms / 611 TFLOPS  (180 regs, 3.1s)
[312/540] -DINTERLEAVE_STRATEGY=1 -DK_LOOP_UNROLL=1 -DMBAR_EARLY=1 -DPHASE1_UNROLL=4 -DSNAKE_ORDER=0 -DSTAGGER_CYCLES=0 -DSUB_MMA_UNROLL=1 -DW0_LOOP_UNROLL=4 ... 7.213 ms / 607 TFLOPS  (199 regs, 3.1s)
[313/540] -DINTERLEAVE_STRATEGY=1 -DK_LOOP_UNROLL=1 -DMBAR_EARLY=1 -DPHASE1_UNROLL=4 -DSNAKE_ORDER=0 -DSTAGGER_CYCLES=0 -DSUB_MMA_UNROLL=3 ... 7.251 ms / 604 TFLOPS  (207 regs, 3.1s)
[314/540] -DINTERLEAVE_STRATEGY=1 -DK_LOOP_UNROLL=1 -DMBAR_EARLY=1 -DPHASE1_UNROLL=4 -DSNAKE_ORDER=0 -DSTAGGER_CYCLES=0 -DSUB_MMA_UNROLL=3 -DW0_LOOP_UNROLL=1 ... 7.174 ms / 611 TFLOPS  (189 regs, 3.1s)
[315/540] -DINTERLEAVE_STRATEGY=1 -DK_LOOP_UNROLL=1 -DMBAR_EARLY=1 -DPHASE1_UNROLL=4 -DSNAKE_ORDER=0 -DSTAGGER_CYCLES=0 -DSUB_MMA_UNROLL=3 -DW0_LOOP_UNROLL=4 ... 7.238 ms / 605 TFLOPS  (207 regs, 3.1s)
[316/540] -DINTERLEAVE_STRATEGY=1 -DK_LOOP_UNROLL=1 -DMBAR_EARLY=1 -DPHASE1_UNROLL=4 -DSTAGGER_CYCLES=0 ... 7.258 ms / 603 TFLOPS  (207 regs, 3.1s)
[317/540] -DINTERLEAVE_STRATEGY=1 -DK_LOOP_UNROLL=1 -DMBAR_EARLY=1 -DPHASE1_UNROLL=4 -DSTAGGER_CYCLES=0 -DW0_LOOP_UNROLL=1 ... 7.180 ms / 610 TFLOPS  (189 regs, 3.1s)
[318/540] -DINTERLEAVE_STRATEGY=1 -DK_LOOP_UNROLL=1 -DMBAR_EARLY=1 -DPHASE1_UNROLL=4 -DSTAGGER_CYCLES=0 -DW0_LOOP_UNROLL=4 ... 7.231 ms / 606 TFLOPS  (207 regs, 3.1s)
[319/540] -DINTERLEAVE_STRATEGY=1 -DK_LOOP_UNROLL=1 -DMBAR_EARLY=1 -DPHASE1_UNROLL=4 -DSTAGGER_CYCLES=0 -DSUB_MMA_UNROLL=1 ... 7.266 ms / 603 TFLOPS  (199 regs, 3.1s)
[320/540] -DINTERLEAVE_STRATEGY=1 -DK_LOOP_UNROLL=1 -DMBAR_EARLY=1 -DPHASE1_UNROLL=4 -DSTAGGER_CYCLES=0 -DSUB_MMA_UNROLL=1 -DW0_LOOP_UNROLL=1 ... 7.159 ms / 612 TFLOPS  (180 regs, 3.1s)
[321/540] -DINTERLEAVE_STRATEGY=1 -DK_LOOP_UNROLL=1 -DMBAR_EARLY=1 -DPHASE1_UNROLL=4 -DSTAGGER_CYCLES=0 -DSUB_MMA_UNROLL=1 -DW0_LOOP_UNROLL=4 ... 7.236 ms / 605 TFLOPS  (199 regs, 3.1s)
[322/540] -DINTERLEAVE_STRATEGY=1 -DK_LOOP_UNROLL=1 -DMBAR_EARLY=1 -DPHASE1_UNROLL=4 -DSTAGGER_CYCLES=0 -DSUB_MMA_UNROLL=3 ... 7.259 ms / 603 TFLOPS  (207 regs, 3.1s)
[323/540] -DINTERLEAVE_STRATEGY=1 -DK_LOOP_UNROLL=1 -DMBAR_EARLY=1 -DPHASE1_UNROLL=4 -DSTAGGER_CYCLES=0 -DSUB_MMA_UNROLL=3 -DW0_LOOP_UNROLL=1 ... 7.180 ms / 610 TFLOPS  (189 regs, 3.1s)
[324/540] -DINTERLEAVE_STRATEGY=1 -DK_LOOP_UNROLL=1 -DMBAR_EARLY=1 -DPHASE1_UNROLL=4 -DSTAGGER_CYCLES=0 -DSUB_MMA_UNROLL=3 -DW0_LOOP_UNROLL=4 ... 7.231 ms / 606 TFLOPS  (207 regs, 3.1s)
[325/540] -DINTERLEAVE_STRATEGY=1 -DK_LOOP_UNROLL=2 -DMBAR_EARLY=1 -DPHASE1_UNROLL=1 -DSNAKE_ORDER=0 -DSTAGGER_CYCLES=0 ... 5.528 ms / 792 TFLOPS  (166 regs, 2.7s)
[326/540] -DINTERLEAVE_STRATEGY=1 -DK_LOOP_UNROLL=2 -DMBAR_EARLY=1 -DPHASE1_UNROLL=1 -DSNAKE_ORDER=0 -DSTAGGER_CYCLES=0 -DW0_LOOP_UNROLL=1 ... 5.450 ms / 804 TFLOPS  (145 regs, 2.7s)
[327/540] -DINTERLEAVE_STRATEGY=1 -DK_LOOP_UNROLL=2 -DMBAR_EARLY=1 -DPHASE1_UNROLL=1 -DSNAKE_ORDER=0 -DSTAGGER_CYCLES=0 -DW0_LOOP_UNROLL=4 ... 5.539 ms / 791 TFLOPS  (166 regs, 2.7s)
[328/540] -DINTERLEAVE_STRATEGY=1 -DK_LOOP_UNROLL=2 -DMBAR_EARLY=1 -DPHASE1_UNROLL=1 -DSNAKE_ORDER=0 -DSTAGGER_CYCLES=0 -DSUB_MMA_UNROLL=1 ... 5.425 ms / 807 TFLOPS  (156 regs, 2.7s)
[329/540] -DINTERLEAVE_STRATEGY=1 -DK_LOOP_UNROLL=2 -DMBAR_EARLY=1 -DPHASE1_UNROLL=1 -DSNAKE_ORDER=0 -DSTAGGER_CYCLES=0 -DSUB_MMA_UNROLL=1 -DW0_LOOP_UNROLL=1 ... 5.544 ms / 790 TFLOPS  (139 regs, 2.7s)
[330/540] -DINTERLEAVE_STRATEGY=1 -DK_LOOP_UNROLL=2 -DMBAR_EARLY=1 -DPHASE1_UNROLL=1 -DSNAKE_ORDER=0 -DSTAGGER_CYCLES=0 -DSUB_MMA_UNROLL=1 -DW0_LOOP_UNROLL=4 ... 5.432 ms / 806 TFLOPS  (156 regs, 2.7s)
[331/540] -DINTERLEAVE_STRATEGY=1 -DK_LOOP_UNROLL=2 -DMBAR_EARLY=1 -DPHASE1_UNROLL=1 -DSNAKE_ORDER=0 -DSTAGGER_CYCLES=0 -DSUB_MMA_UNROLL=3 ... 5.531 ms / 792 TFLOPS  (166 regs, 2.7s)
[332/540] -DINTERLEAVE_STRATEGY=1 -DK_LOOP_UNROLL=2 -DMBAR_EARLY=1 -DPHASE1_UNROLL=1 -DSNAKE_ORDER=0 -DSTAGGER_CYCLES=0 -DSUB_MMA_UNROLL=3 -DW0_LOOP_UNROLL=1 ... 5.450 ms / 804 TFLOPS  (145 regs, 2.7s)
[333/540] -DINTERLEAVE_STRATEGY=1 -DK_LOOP_UNROLL=2 -DMBAR_EARLY=1 -DPHASE1_UNROLL=1 -DSNAKE_ORDER=0 -DSTAGGER_CYCLES=0 -DSUB_MMA_UNROLL=3 -DW0_LOOP_UNROLL=4 ... 5.538 ms / 791 TFLOPS  (166 regs, 2.7s)
[334/540] -DINTERLEAVE_STRATEGY=1 -DK_LOOP_UNROLL=2 -DMBAR_EARLY=1 -DPHASE1_UNROLL=1 -DSTAGGER_CYCLES=0 ... 4.850 ms / 903 TFLOPS  (166 regs, 2.7s)
[335/540] -DINTERLEAVE_STRATEGY=1 -DK_LOOP_UNROLL=2 -DMBAR_EARLY=1 -DPHASE1_UNROLL=1 -DSTAGGER_CYCLES=0 -DW0_LOOP_UNROLL=1 ... 4.799 ms / 913 TFLOPS  (145 regs, 2.7s)
[336/540] -DINTERLEAVE_STRATEGY=1 -DK_LOOP_UNROLL=2 -DMBAR_EARLY=1 -DPHASE1_UNROLL=1 -DSTAGGER_CYCLES=0 -DW0_LOOP_UNROLL=4 ... 4.856 ms / 902 TFLOPS  (166 regs, 2.7s)
[337/540] -DINTERLEAVE_STRATEGY=1 -DK_LOOP_UNROLL=2 -DMBAR_EARLY=1 -DPHASE1_UNROLL=1 -DSTAGGER_CYCLES=0 -DSUB_MMA_UNROLL=1 ... 4.742 ms / 924 TFLOPS  (156 regs, 2.7s)
[338/540] -DINTERLEAVE_STRATEGY=1 -DK_LOOP_UNROLL=2 -DMBAR_EARLY=1 -DPHASE1_UNROLL=1 -DSTAGGER_CYCLES=0 -DSUB_MMA_UNROLL=1 -DW0_LOOP_UNROLL=1 ... 4.885 ms / 897 TFLOPS  (139 regs, 2.7s)
[339/540] -DINTERLEAVE_STRATEGY=1 -DK_LOOP_UNROLL=2 -DMBAR_EARLY=1 -DPHASE1_UNROLL=1 -DSTAGGER_CYCLES=0 -DSUB_MMA_UNROLL=1 -DW0_LOOP_UNROLL=4 ... 4.746 ms / 923 TFLOPS  (156 regs, 2.7s)
[340/540] -DINTERLEAVE_STRATEGY=1 -DK_LOOP_UNROLL=2 -DMBAR_EARLY=1 -DPHASE1_UNROLL=1 -DSTAGGER_CYCLES=0 -DSUB_MMA_UNROLL=3 ... 4.851 ms / 903 TFLOPS  (166 regs, 2.7s)
[341/540] -DINTERLEAVE_STRATEGY=1 -DK_LOOP_UNROLL=2 -DMBAR_EARLY=1 -DPHASE1_UNROLL=1 -DSTAGGER_CYCLES=0 -DSUB_MMA_UNROLL=3 -DW0_LOOP_UNROLL=1 ... 4.800 ms / 912 TFLOPS  (145 regs, 2.7s)
[342/540] -DINTERLEAVE_STRATEGY=1 -DK_LOOP_UNROLL=2 -DMBAR_EARLY=1 -DPHASE1_UNROLL=1 -DSTAGGER_CYCLES=0 -DSUB_MMA_UNROLL=3 -DW0_LOOP_UNROLL=4 ... 4.859 ms / 901 TFLOPS  (166 regs, 2.7s)
[343/540] -DINTERLEAVE_STRATEGY=1 -DK_LOOP_UNROLL=2 -DMBAR_EARLY=1 -DSNAKE_ORDER=0 -DSTAGGER_CYCLES=0 ... 5.123 ms / 855 TFLOPS  (167 regs, 2.8s)
[344/540] -DINTERLEAVE_STRATEGY=1 -DK_LOOP_UNROLL=2 -DMBAR_EARLY=1 -DSNAKE_ORDER=0 -DSTAGGER_CYCLES=0 -DW0_LOOP_UNROLL=1 ... 4.984 ms / 879 TFLOPS  (150 regs, 2.8s)
[345/540] -DINTERLEAVE_STRATEGY=1 -DK_LOOP_UNROLL=2 -DMBAR_EARLY=1 -DSNAKE_ORDER=0 -DSTAGGER_CYCLES=0 -DW0_LOOP_UNROLL=4 ... 5.089 ms / 861 TFLOPS  (167 regs, 2.8s)
[346/540] -DINTERLEAVE_STRATEGY=1 -DK_LOOP_UNROLL=2 -DMBAR_EARLY=1 -DSNAKE_ORDER=0 -DSTAGGER_CYCLES=0 -DSUB_MMA_UNROLL=1 ... 5.117 ms / 856 TFLOPS  (163 regs, 2.8s)
[347/540] -DINTERLEAVE_STRATEGY=1 -DK_LOOP_UNROLL=2 -DMBAR_EARLY=1 -DSNAKE_ORDER=0 -DSTAGGER_CYCLES=0 -DSUB_MMA_UNROLL=1 -DW0_LOOP_UNROLL=1 ... 5.080 ms / 862 TFLOPS  (142 regs, 2.8s)
[348/540] -DINTERLEAVE_STRATEGY=1 -DK_LOOP_UNROLL=2 -DMBAR_EARLY=1 -DSNAKE_ORDER=0 -DSTAGGER_CYCLES=0 -DSUB_MMA_UNROLL=1 -DW0_LOOP_UNROLL=4 ... 5.114 ms / 856 TFLOPS  (163 regs, 2.8s)
[349/540] -DINTERLEAVE_STRATEGY=1 -DK_LOOP_UNROLL=2 -DMBAR_EARLY=1 -DSNAKE_ORDER=0 -DSTAGGER_CYCLES=0 -DSUB_MMA_UNROLL=3 ... 5.123 ms / 855 TFLOPS  (167 regs, 2.8s)
[350/540] -DINTERLEAVE_STRATEGY=1 -DK_LOOP_UNROLL=2 -DMBAR_EARLY=1 -DSNAKE_ORDER=0 -DSTAGGER_CYCLES=0 -DSUB_MMA_UNROLL=3 -DW0_LOOP_UNROLL=1 ... 4.980 ms / 879 TFLOPS  (150 regs, 2.8s)
[351/540] -DINTERLEAVE_STRATEGY=1 -DK_LOOP_UNROLL=2 -DMBAR_EARLY=1 -DSNAKE_ORDER=0 -DSTAGGER_CYCLES=0 -DSUB_MMA_UNROLL=3 -DW0_LOOP_UNROLL=4 ... 5.088 ms / 861 TFLOPS  (167 regs, 2.8s)
[352/540] -DINTERLEAVE_STRATEGY=1 -DK_LOOP_UNROLL=2 -DMBAR_EARLY=1 -DSTAGGER_CYCLES=0 ... 4.529 ms / 967 TFLOPS  (167 regs, 2.8s)
[353/540] -DINTERLEAVE_STRATEGY=1 -DK_LOOP_UNROLL=2 -DMBAR_EARLY=1 -DSTAGGER_CYCLES=0 -DW0_LOOP_UNROLL=1 ... 4.515 ms / 970 TFLOPS  (150 regs, 2.8s)
[354/540] -DINTERLEAVE_STRATEGY=1 -DK_LOOP_UNROLL=2 -DMBAR_EARLY=1 -DSTAGGER_CYCLES=0 -DW0_LOOP_UNROLL=4 ... 4.503 ms / 973 TFLOPS  (167 regs, 2.8s)
[355/540] -DINTERLEAVE_STRATEGY=1 -DK_LOOP_UNROLL=2 -DMBAR_EARLY=1 -DSTAGGER_CYCLES=0 -DSUB_MMA_UNROLL=1 ... 4.642 ms / 944 TFLOPS  (163 regs, 2.8s)
[356/540] -DINTERLEAVE_STRATEGY=1 -DK_LOOP_UNROLL=2 -DMBAR_EARLY=1 -DSTAGGER_CYCLES=0 -DSUB_MMA_UNROLL=1 -DW0_LOOP_UNROLL=1 ... 4.486 ms / 976 TFLOPS  (142 regs, 2.8s)
[357/540] -DINTERLEAVE_STRATEGY=1 -DK_LOOP_UNROLL=2 -DMBAR_EARLY=1 -DSTAGGER_CYCLES=0 -DSUB_MMA_UNROLL=1 -DW0_LOOP_UNROLL=4 ... 4.678 ms / 936 TFLOPS  (163 regs, 2.8s)
[358/540] -DINTERLEAVE_STRATEGY=1 -DK_LOOP_UNROLL=2 -DMBAR_EARLY=1 -DSTAGGER_CYCLES=0 -DSUB_MMA_UNROLL=3 ... 4.528 ms / 967 TFLOPS  (167 regs, 2.8s)
[359/540] -DINTERLEAVE_STRATEGY=1 -DK_LOOP_UNROLL=2 -DMBAR_EARLY=1 -DSTAGGER_CYCLES=0 -DSUB_MMA_UNROLL=3 -DW0_LOOP_UNROLL=1 ... 4.514 ms / 970 TFLOPS  (150 regs, 2.8s)
[360/540] -DINTERLEAVE_STRATEGY=1 -DK_LOOP_UNROLL=2 -DMBAR_EARLY=1 -DSTAGGER_CYCLES=0 -DSUB_MMA_UNROLL=3 -DW0_LOOP_UNROLL=4 ... 4.502 ms / 973 TFLOPS  (167 regs, 2.8s)
[361/540] -DINTERLEAVE_STRATEGY=1 -DK_LOOP_UNROLL=2 -DMBAR_EARLY=1 -DPHASE1_UNROLL=4 -DSNAKE_ORDER=0 -DSTAGGER_CYCLES=0 ... 7.271 ms / 602 TFLOPS  (207 regs, 3.1s)
[362/540] -DINTERLEAVE_STRATEGY=1 -DK_LOOP_UNROLL=2 -DMBAR_EARLY=1 -DPHASE1_UNROLL=4 -DSNAKE_ORDER=0 -DSTAGGER_CYCLES=0 -DW0_LOOP_UNROLL=1 ... 7.208 ms / 608 TFLOPS  (189 regs, 3.2s)
[363/540] -DINTERLEAVE_STRATEGY=1 -DK_LOOP_UNROLL=2 -DMBAR_EARLY=1 -DPHASE1_UNROLL=4 -DSNAKE_ORDER=0 -DSTAGGER_CYCLES=0 -DW0_LOOP_UNROLL=4 ... 7.272 ms / 602 TFLOPS  (207 regs, 3.2s)
[364/540] -DINTERLEAVE_STRATEGY=1 -DK_LOOP_UNROLL=2 -DMBAR_EARLY=1 -DPHASE1_UNROLL=4 -DSNAKE_ORDER=0 -DSTAGGER_CYCLES=0 -DSUB_MMA_UNROLL=1 ... 7.256 ms / 604 TFLOPS  (199 regs, 3.1s)
[365/540] -DINTERLEAVE_STRATEGY=1 -DK_LOOP_UNROLL=2 -DMBAR_EARLY=1 -DPHASE1_UNROLL=4 -DSNAKE_ORDER=0 -DSTAGGER_CYCLES=0 -DSUB_MMA_UNROLL=1 -DW0_LOOP_UNROLL=1 ... 7.172 ms / 611 TFLOPS  (181 regs, 3.1s)
[366/540] -DINTERLEAVE_STRATEGY=1 -DK_LOOP_UNROLL=2 -DMBAR_EARLY=1 -DPHASE1_UNROLL=4 -DSNAKE_ORDER=0 -DSTAGGER_CYCLES=0 -DSUB_MMA_UNROLL=1 -DW0_LOOP_UNROLL=4 ... 7.244 ms / 605 TFLOPS  (199 regs, 3.1s)
[367/540] -DINTERLEAVE_STRATEGY=1 -DK_LOOP_UNROLL=2 -DMBAR_EARLY=1 -DPHASE1_UNROLL=4 -DSNAKE_ORDER=0 -DSTAGGER_CYCLES=0 -DSUB_MMA_UNROLL=3 ... 7.272 ms / 602 TFLOPS  (207 regs, 3.1s)
[368/540] -DINTERLEAVE_STRATEGY=1 -DK_LOOP_UNROLL=2 -DMBAR_EARLY=1 -DPHASE1_UNROLL=4 -DSNAKE_ORDER=0 -DSTAGGER_CYCLES=0 -DSUB_MMA_UNROLL=3 -DW0_LOOP_UNROLL=1 ... 7.208 ms / 608 TFLOPS  (189 regs, 3.1s)
[369/540] -DINTERLEAVE_STRATEGY=1 -DK_LOOP_UNROLL=2 -DMBAR_EARLY=1 -DPHASE1_UNROLL=4 -DSNAKE_ORDER=0 -DSTAGGER_CYCLES=0 -DSUB_MMA_UNROLL=3 -DW0_LOOP_UNROLL=4 ... 7.271 ms / 602 TFLOPS  (207 regs, 3.1s)
[370/540] -DINTERLEAVE_STRATEGY=1 -DK_LOOP_UNROLL=2 -DMBAR_EARLY=1 -DPHASE1_UNROLL=4 -DSTAGGER_CYCLES=0 ... 7.288 ms / 601 TFLOPS  (207 regs, 3.1s)
[371/540] -DINTERLEAVE_STRATEGY=1 -DK_LOOP_UNROLL=2 -DMBAR_EARLY=1 -DPHASE1_UNROLL=4 -DSTAGGER_CYCLES=0 -DW0_LOOP_UNROLL=1 ... 7.227 ms / 606 TFLOPS  (189 regs, 3.1s)
[372/540] -DINTERLEAVE_STRATEGY=1 -DK_LOOP_UNROLL=2 -DMBAR_EARLY=1 -DPHASE1_UNROLL=4 -DSTAGGER_CYCLES=0 -DW0_LOOP_UNROLL=4 ... 7.278 ms / 602 TFLOPS  (207 regs, 3.1s)
[373/540] -DINTERLEAVE_STRATEGY=1 -DK_LOOP_UNROLL=2 -DMBAR_EARLY=1 -DPHASE1_UNROLL=4 -DSTAGGER_CYCLES=0 -DSUB_MMA_UNROLL=1 ... 7.273 ms / 602 TFLOPS  (199 regs, 3.1s)
[374/540] -DINTERLEAVE_STRATEGY=1 -DK_LOOP_UNROLL=2 -DMBAR_EARLY=1 -DPHASE1_UNROLL=4 -DSTAGGER_CYCLES=0 -DSUB_MMA_UNROLL=1 -DW0_LOOP_UNROLL=1 ... 7.171 ms / 611 TFLOPS  (181 regs, 3.1s)
[375/540] -DINTERLEAVE_STRATEGY=1 -DK_LOOP_UNROLL=2 -DMBAR_EARLY=1 -DPHASE1_UNROLL=4 -DSTAGGER_CYCLES=0 -DSUB_MMA_UNROLL=1 -DW0_LOOP_UNROLL=4 ... 7.271 ms / 602 TFLOPS  (199 regs, 3.1s)
[376/540] -DINTERLEAVE_STRATEGY=1 -DK_LOOP_UNROLL=2 -DMBAR_EARLY=1 -DPHASE1_UNROLL=4 -DSTAGGER_CYCLES=0 -DSUB_MMA_UNROLL=3 ... 7.288 ms / 601 TFLOPS  (207 regs, 3.1s)
[377/540] -DINTERLEAVE_STRATEGY=1 -DK_LOOP_UNROLL=2 -DMBAR_EARLY=1 -DPHASE1_UNROLL=4 -DSTAGGER_CYCLES=0 -DSUB_MMA_UNROLL=3 -DW0_LOOP_UNROLL=1 ... 7.227 ms / 606 TFLOPS  (189 regs, 3.1s)
[378/540] -DINTERLEAVE_STRATEGY=1 -DK_LOOP_UNROLL=2 -DMBAR_EARLY=1 -DPHASE1_UNROLL=4 -DSTAGGER_CYCLES=0 -DSUB_MMA_UNROLL=3 -DW0_LOOP_UNROLL=4 ... 7.279 ms / 602 TFLOPS  (207 regs, 3.1s)
[379/540] -DINTERLEAVE_STRATEGY=1 -DMBAR_EARLY=1 -DPHASE1_UNROLL=1 -DSNAKE_ORDER=0 -DSTAGGER_CYCLES=0 ... 5.968 ms / 734 TFLOPS  (212 regs, 2.7s)
[380/540] -DINTERLEAVE_STRATEGY=1 -DMBAR_EARLY=1 -DPHASE1_UNROLL=1 -DSNAKE_ORDER=0 -DSTAGGER_CYCLES=0 -DW0_LOOP_UNROLL=1 ... 5.459 ms / 802 TFLOPS  (196 regs, 2.7s)
[381/540] -DINTERLEAVE_STRATEGY=1 -DMBAR_EARLY=1 -DPHASE1_UNROLL=1 -DSNAKE_ORDER=0 -DSTAGGER_CYCLES=0 -DW0_LOOP_UNROLL=4 ... 5.980 ms / 732 TFLOPS  (212 regs, 2.7s)
[382/540] -DINTERLEAVE_STRATEGY=1 -DMBAR_EARLY=1 -DPHASE1_UNROLL=1 -DSNAKE_ORDER=0 -DSTAGGER_CYCLES=0 -DSUB_MMA_UNROLL=1 ... 5.495 ms / 797 TFLOPS  (168 regs, 2.7s)
[383/540] -DINTERLEAVE_STRATEGY=1 -DMBAR_EARLY=1 -DPHASE1_UNROLL=1 -DSNAKE_ORDER=0 -DSTAGGER_CYCLES=0 -DSUB_MMA_UNROLL=1 -DW0_LOOP_UNROLL=1 ... 5.459 ms / 802 TFLOPS  (156 regs, 2.7s)
[384/540] -DINTERLEAVE_STRATEGY=1 -DMBAR_EARLY=1 -DPHASE1_UNROLL=1 -DSNAKE_ORDER=0 -DSTAGGER_CYCLES=0 -DSUB_MMA_UNROLL=1 -DW0_LOOP_UNROLL=4 ... 5.504 ms / 796 TFLOPS  (168 regs, 2.7s)
[385/540] -DINTERLEAVE_STRATEGY=1 -DMBAR_EARLY=1 -DPHASE1_UNROLL=1 -DSNAKE_ORDER=0 -DSTAGGER_CYCLES=0 -DSUB_MMA_UNROLL=3 ... 5.964 ms / 734 TFLOPS  (212 regs, 2.7s)
[386/540] -DINTERLEAVE_STRATEGY=1 -DMBAR_EARLY=1 -DPHASE1_UNROLL=1 -DSNAKE_ORDER=0 -DSTAGGER_CYCLES=0 -DSUB_MMA_UNROLL=3 -DW0_LOOP_UNROLL=1 ... 5.460 ms / 802 TFLOPS  (196 regs, 2.7s)
[387/540] -DINTERLEAVE_STRATEGY=1 -DMBAR_EARLY=1 -DPHASE1_UNROLL=1 -DSNAKE_ORDER=0 -DSTAGGER_CYCLES=0 -DSUB_MMA_UNROLL=3 -DW0_LOOP_UNROLL=4 ... 5.978 ms / 733 TFLOPS  (212 regs, 2.7s)
[388/540] -DINTERLEAVE_STRATEGY=1 -DMBAR_EARLY=1 -DPHASE1_UNROLL=1 -DSTAGGER_CYCLES=0 ... 5.343 ms / 820 TFLOPS  (212 regs, 2.7s)
[389/540] -DINTERLEAVE_STRATEGY=1 -DMBAR_EARLY=1 -DPHASE1_UNROLL=1 -DSTAGGER_CYCLES=0 -DW0_LOOP_UNROLL=1 ... 4.771 ms / 918 TFLOPS  (196 regs, 2.7s)
[390/540] -DINTERLEAVE_STRATEGY=1 -DMBAR_EARLY=1 -DPHASE1_UNROLL=1 -DSTAGGER_CYCLES=0 -DW0_LOOP_UNROLL=4 ... 5.348 ms / 819 TFLOPS  (212 regs, 2.7s)
[391/540] -DINTERLEAVE_STRATEGY=1 -DMBAR_EARLY=1 -DPHASE1_UNROLL=1 -DSTAGGER_CYCLES=0 -DSUB_MMA_UNROLL=1 ... 4.834 ms / 906 TFLOPS  (168 regs, 2.7s)
[392/540] -DINTERLEAVE_STRATEGY=1 -DMBAR_EARLY=1 -DPHASE1_UNROLL=1 -DSTAGGER_CYCLES=0 -DSUB_MMA_UNROLL=1 -DW0_LOOP_UNROLL=1 ... 4.798 ms / 913 TFLOPS  (156 regs, 2.7s)
[393/540] -DINTERLEAVE_STRATEGY=1 -DMBAR_EARLY=1 -DPHASE1_UNROLL=1 -DSTAGGER_CYCLES=0 -DSUB_MMA_UNROLL=1 -DW0_LOOP_UNROLL=4 ... 4.833 ms / 906 TFLOPS  (168 regs, 2.7s)
[394/540] -DINTERLEAVE_STRATEGY=1 -DMBAR_EARLY=1 -DPHASE1_UNROLL=1 -DSTAGGER_CYCLES=0 -DSUB_MMA_UNROLL=3 ... 5.344 ms / 820 TFLOPS  (212 regs, 2.7s)
[395/540] -DINTERLEAVE_STRATEGY=1 -DMBAR_EARLY=1 -DPHASE1_UNROLL=1 -DSTAGGER_CYCLES=0 -DSUB_MMA_UNROLL=3 -DW0_LOOP_UNROLL=1 ... 4.772 ms / 918 TFLOPS  (196 regs, 2.7s)
[396/540] -DINTERLEAVE_STRATEGY=1 -DMBAR_EARLY=1 -DPHASE1_UNROLL=1 -DSTAGGER_CYCLES=0 -DSUB_MMA_UNROLL=3 -DW0_LOOP_UNROLL=4 ... 5.347 ms / 819 TFLOPS  (212 regs, 2.7s)
[397/540] -DINTERLEAVE_STRATEGY=1 -DMBAR_EARLY=1 -DSNAKE_ORDER=0 -DSTAGGER_CYCLES=0 ... 5.134 ms / 853 TFLOPS  (214 regs, 2.8s)
[398/540] -DINTERLEAVE_STRATEGY=1 -DMBAR_EARLY=1 -DSNAKE_ORDER=0 -DSTAGGER_CYCLES=0 -DW0_LOOP_UNROLL=1 ... 5.029 ms / 871 TFLOPS  (200 regs, 2.8s)
[399/540] -DINTERLEAVE_STRATEGY=1 -DMBAR_EARLY=1 -DSNAKE_ORDER=0 -DSTAGGER_CYCLES=0 -DW0_LOOP_UNROLL=4 ... 5.136 ms / 853 TFLOPS  (214 regs, 2.8s)
[400/540] -DINTERLEAVE_STRATEGY=1 -DMBAR_EARLY=1 -DSNAKE_ORDER=0 -DSTAGGER_CYCLES=0 -DSUB_MMA_UNROLL=1 ... 5.127 ms / 854 TFLOPS  (168 regs, 2.8s)
[401/540] -DINTERLEAVE_STRATEGY=1 -DMBAR_EARLY=1 -DSNAKE_ORDER=0 -DSTAGGER_CYCLES=0 -DSUB_MMA_UNROLL=1 -DW0_LOOP_UNROLL=1 ... 5.042 ms / 869 TFLOPS  (157 regs, 2.8s)
[402/540] -DINTERLEAVE_STRATEGY=1 -DMBAR_EARLY=1 -DSNAKE_ORDER=0 -DSTAGGER_CYCLES=0 -DSUB_MMA_UNROLL=1 -DW0_LOOP_UNROLL=4 ... 5.093 ms / 860 TFLOPS  (168 regs, 2.8s)
[403/540] -DINTERLEAVE_STRATEGY=1 -DMBAR_EARLY=1 -DSNAKE_ORDER=0 -DSTAGGER_CYCLES=0 -DSUB_MMA_UNROLL=3 ... 5.134 ms / 853 TFLOPS  (214 regs, 2.8s)
[404/540] -DINTERLEAVE_STRATEGY=1 -DMBAR_EARLY=1 -DSNAKE_ORDER=0 -DSTAGGER_CYCLES=0 -DSUB_MMA_UNROLL=3 -DW0_LOOP_UNROLL=1 ... 5.030 ms / 871 TFLOPS  (200 regs, 2.8s)
[405/540] -DINTERLEAVE_STRATEGY=1 -DMBAR_EARLY=1 -DSNAKE_ORDER=0 -DSTAGGER_CYCLES=0 -DSUB_MMA_UNROLL=3 -DW0_LOOP_UNROLL=4 ... 5.136 ms / 853 TFLOPS  (214 regs, 2.8s)
[406/540] -DINTERLEAVE_STRATEGY=1 -DMBAR_EARLY=1 -DSTAGGER_CYCLES=0 ... 4.512 ms / 971 TFLOPS  (214 regs, 2.8s)
[407/540] -DINTERLEAVE_STRATEGY=1 -DMBAR_EARLY=1 -DSTAGGER_CYCLES=0 -DW0_LOOP_UNROLL=1 ... 4.379 ms / 1000 TFLOPS  (200 regs, 2.8s)
[408/540] -DINTERLEAVE_STRATEGY=1 -DMBAR_EARLY=1 -DSTAGGER_CYCLES=0 -DW0_LOOP_UNROLL=4 ... 4.431 ms / 988 TFLOPS  (214 regs, 2.8s)
[409/540] -DINTERLEAVE_STRATEGY=1 -DMBAR_EARLY=1 -DSTAGGER_CYCLES=0 -DSUB_MMA_UNROLL=1 ... 4.670 ms / 938 TFLOPS  (168 regs, 2.8s)
[410/540] -DINTERLEAVE_STRATEGY=1 -DMBAR_EARLY=1 -DSTAGGER_CYCLES=0 -DSUB_MMA_UNROLL=1 -DW0_LOOP_UNROLL=1 ... 4.370 ms / 1002 TFLOPS  (157 regs, 2.8s)
[411/540] -DINTERLEAVE_STRATEGY=1 -DMBAR_EARLY=1 -DSTAGGER_CYCLES=0 -DSUB_MMA_UNROLL=1 -DW0_LOOP_UNROLL=4 ... 4.594 ms / 954 TFLOPS  (168 regs, 2.8s)
[412/540] -DINTERLEAVE_STRATEGY=1 -DMBAR_EARLY=1 -DSTAGGER_CYCLES=0 -DSUB_MMA_UNROLL=3 ... 4.513 ms / 971 TFLOPS  (214 regs, 2.9s)
[413/540] -DINTERLEAVE_STRATEGY=1 -DMBAR_EARLY=1 -DSTAGGER_CYCLES=0 -DSUB_MMA_UNROLL=3 -DW0_LOOP_UNROLL=1 ... 4.381 ms / 1000 TFLOPS  (200 regs, 2.8s)
[414/540] -DINTERLEAVE_STRATEGY=1 -DMBAR_EARLY=1 -DSTAGGER_CYCLES=0 -DSUB_MMA_UNROLL=3 -DW0_LOOP_UNROLL=4 ... 4.430 ms / 989 TFLOPS  (214 regs, 2.8s)
[415/540] -DINTERLEAVE_STRATEGY=1 -DMBAR_EARLY=1 -DPHASE1_UNROLL=4 -DSNAKE_ORDER=0 -DSTAGGER_CYCLES=0 ... 7.284 ms / 601 TFLOPS  (245 regs, 3.1s)
[416/540] -DINTERLEAVE_STRATEGY=1 -DMBAR_EARLY=1 -DPHASE1_UNROLL=4 -DSNAKE_ORDER=0 -DSTAGGER_CYCLES=0 -DW0_LOOP_UNROLL=1 ... 7.223 ms / 606 TFLOPS  (240 regs, 3.1s)
[417/540] -DINTERLEAVE_STRATEGY=1 -DMBAR_EARLY=1 -DPHASE1_UNROLL=4 -DSNAKE_ORDER=0 -DSTAGGER_CYCLES=0 -DW0_LOOP_UNROLL=4 ... 7.258 ms / 603 TFLOPS  (245 regs, 3.1s)
[418/540] -DINTERLEAVE_STRATEGY=1 -DMBAR_EARLY=1 -DPHASE1_UNROLL=4 -DSNAKE_ORDER=0 -DSTAGGER_CYCLES=0 -DSUB_MMA_UNROLL=1 ... 7.284 ms / 601 TFLOPS  (209 regs, 3.1s)
[419/540] -DINTERLEAVE_STRATEGY=1 -DMBAR_EARLY=1 -DPHASE1_UNROLL=4 -DSNAKE_ORDER=0 -DSTAGGER_CYCLES=0 -DSUB_MMA_UNROLL=1 -DW0_LOOP_UNROLL=1 ... 7.211 ms / 607 TFLOPS  (195 regs, 3.1s)
[420/540] -DINTERLEAVE_STRATEGY=1 -DMBAR_EARLY=1 -DPHASE1_UNROLL=4 -DSNAKE_ORDER=0 -DSTAGGER_CYCLES=0 -DSUB_MMA_UNROLL=1 -DW0_LOOP_UNROLL=4 ... 7.259 ms / 603 TFLOPS  (209 regs, 3.1s)
[421/540] -DINTERLEAVE_STRATEGY=1 -DMBAR_EARLY=1 -DPHASE1_UNROLL=4 -DSNAKE_ORDER=0 -DSTAGGER_CYCLES=0 -DSUB_MMA_UNROLL=3 ... 7.284 ms / 601 TFLOPS  (245 regs, 3.1s)
[422/540] -DINTERLEAVE_STRATEGY=1 -DMBAR_EARLY=1 -DPHASE1_UNROLL=4 -DSNAKE_ORDER=0 -DSTAGGER_CYCLES=0 -DSUB_MMA_UNROLL=3 -DW0_LOOP_UNROLL=1 ... 7.222 ms / 606 TFLOPS  (240 regs, 3.1s)
[423/540] -DINTERLEAVE_STRATEGY=1 -DMBAR_EARLY=1 -DPHASE1_UNROLL=4 -DSNAKE_ORDER=0 -DSTAGGER_CYCLES=0 -DSUB_MMA_UNROLL=3 -DW0_LOOP_UNROLL=4 ... 7.259 ms / 603 TFLOPS  (245 regs, 3.1s)
[424/540] -DINTERLEAVE_STRATEGY=1 -DMBAR_EARLY=1 -DPHASE1_UNROLL=4 -DSTAGGER_CYCLES=0 ... 7.288 ms / 601 TFLOPS  (245 regs, 3.1s)
[425/540] -DINTERLEAVE_STRATEGY=1 -DMBAR_EARLY=1 -DPHASE1_UNROLL=4 -DSTAGGER_CYCLES=0 -DW0_LOOP_UNROLL=1 ... 7.229 ms / 606 TFLOPS  (240 regs, 3.1s)
[426/540] -DINTERLEAVE_STRATEGY=1 -DMBAR_EARLY=1 -DPHASE1_UNROLL=4 -DSTAGGER_CYCLES=0 -DW0_LOOP_UNROLL=4 ... 7.268 ms / 603 TFLOPS  (245 regs, 3.1s)
[427/540] -DINTERLEAVE_STRATEGY=1 -DMBAR_EARLY=1 -DPHASE1_UNROLL=4 -DSTAGGER_CYCLES=0 -DSUB_MMA_UNROLL=1 ... 7.302 ms / 600 TFLOPS  (209 regs, 3.1s)
[428/540] -DINTERLEAVE_STRATEGY=1 -DMBAR_EARLY=1 -DPHASE1_UNROLL=4 -DSTAGGER_CYCLES=0 -DSUB_MMA_UNROLL=1 -DW0_LOOP_UNROLL=1 ... 7.221 ms / 607 TFLOPS  (195 regs, 3.1s)
[429/540] -DINTERLEAVE_STRATEGY=1 -DMBAR_EARLY=1 -DPHASE1_UNROLL=4 -DSTAGGER_CYCLES=0 -DSUB_MMA_UNROLL=1 -DW0_LOOP_UNROLL=4 ... 7.278 ms / 602 TFLOPS  (209 regs, 3.2s)
[430/540] -DINTERLEAVE_STRATEGY=1 -DMBAR_EARLY=1 -DPHASE1_UNROLL=4 -DSTAGGER_CYCLES=0 -DSUB_MMA_UNROLL=3 ... 7.289 ms / 601 TFLOPS  (245 regs, 3.2s)
[431/540] -DINTERLEAVE_STRATEGY=1 -DMBAR_EARLY=1 -DPHASE1_UNROLL=4 -DSTAGGER_CYCLES=0 -DSUB_MMA_UNROLL=3 -DW0_LOOP_UNROLL=1 ... 7.228 ms / 606 TFLOPS  (240 regs, 3.1s)
[432/540] -DINTERLEAVE_STRATEGY=1 -DMBAR_EARLY=1 -DPHASE1_UNROLL=4 -DSTAGGER_CYCLES=0 -DSUB_MMA_UNROLL=3 -DW0_LOOP_UNROLL=4 ... 7.268 ms / 603 TFLOPS  (245 regs, 3.1s)
[433/540] -DINTERLEAVE_STRATEGY=1 -DK_LOOP_UNROLL=6 -DMBAR_EARLY=1 -DPHASE1_UNROLL=1 -DSNAKE_ORDER=0 -DSTAGGER_CYCLES=0 ... 5.557 ms / 788 TFLOPS  (176 regs, 2.7s)
[434/540] -DINTERLEAVE_STRATEGY=1 -DK_LOOP_UNROLL=6 -DMBAR_EARLY=1 -DPHASE1_UNROLL=1 -DSNAKE_ORDER=0 -DSTAGGER_CYCLES=0 -DW0_LOOP_UNROLL=1 ... 5.470 ms / 801 TFLOPS  (160 regs, 2.7s)
[435/540] -DINTERLEAVE_STRATEGY=1 -DK_LOOP_UNROLL=6 -DMBAR_EARLY=1 -DPHASE1_UNROLL=1 -DSNAKE_ORDER=0 -DSTAGGER_CYCLES=0 -DW0_LOOP_UNROLL=4 ... 5.563 ms / 787 TFLOPS  (176 regs, 2.7s)
[436/540] -DINTERLEAVE_STRATEGY=1 -DK_LOOP_UNROLL=6 -DMBAR_EARLY=1 -DPHASE1_UNROLL=1 -DSNAKE_ORDER=0 -DSTAGGER_CYCLES=0 -DSUB_MMA_UNROLL=1 ... 5.490 ms / 798 TFLOPS  (168 regs, 2.7s)
[437/540] -DINTERLEAVE_STRATEGY=1 -DK_LOOP_UNROLL=6 -DMBAR_EARLY=1 -DPHASE1_UNROLL=1 -DSNAKE_ORDER=0 -DSTAGGER_CYCLES=0 -DSUB_MMA_UNROLL=1 -DW0_LOOP_UNROLL=1 ... 5.402 ms / 811 TFLOPS  (156 regs, 2.7s)
[438/540] -DINTERLEAVE_STRATEGY=1 -DK_LOOP_UNROLL=6 -DMBAR_EARLY=1 -DPHASE1_UNROLL=1 -DSNAKE_ORDER=0 -DSTAGGER_CYCLES=0 -DSUB_MMA_UNROLL=1 -DW0_LOOP_UNROLL=4 ... 5.497 ms / 797 TFLOPS  (168 regs, 2.7s)
[439/540] -DINTERLEAVE_STRATEGY=1 -DK_LOOP_UNROLL=6 -DMBAR_EARLY=1 -DPHASE1_UNROLL=1 -DSNAKE_ORDER=0 -DSTAGGER_CYCLES=0 -DSUB_MMA_UNROLL=3 ... 5.557 ms / 788 TFLOPS  (176 regs, 2.7s)
[440/540] -DINTERLEAVE_STRATEGY=1 -DK_LOOP_UNROLL=6 -DMBAR_EARLY=1 -DPHASE1_UNROLL=1 -DSNAKE_ORDER=0 -DSTAGGER_CYCLES=0 -DSUB_MMA_UNROLL=3 -DW0_LOOP_UNROLL=1 ... 5.468 ms / 801 TFLOPS  (160 regs, 2.7s)
[441/540] -DINTERLEAVE_STRATEGY=1 -DK_LOOP_UNROLL=6 -DMBAR_EARLY=1 -DPHASE1_UNROLL=1 -DSNAKE_ORDER=0 -DSTAGGER_CYCLES=0 -DSUB_MMA_UNROLL=3 -DW0_LOOP_UNROLL=4 ... 5.565 ms / 787 TFLOPS  (176 regs, 2.7s)
[442/540] -DINTERLEAVE_STRATEGY=1 -DK_LOOP_UNROLL=6 -DMBAR_EARLY=1 -DPHASE1_UNROLL=1 -DSTAGGER_CYCLES=0 ... 4.913 ms / 891 TFLOPS  (176 regs, 2.7s)
[443/540] -DINTERLEAVE_STRATEGY=1 -DK_LOOP_UNROLL=6 -DMBAR_EARLY=1 -DPHASE1_UNROLL=1 -DSTAGGER_CYCLES=0 -DW0_LOOP_UNROLL=1 ... 4.818 ms / 909 TFLOPS  (160 regs, 2.7s)
[444/540] -DINTERLEAVE_STRATEGY=1 -DK_LOOP_UNROLL=6 -DMBAR_EARLY=1 -DPHASE1_UNROLL=1 -DSTAGGER_CYCLES=0 -DW0_LOOP_UNROLL=4 ... 4.917 ms / 891 TFLOPS  (176 regs, 2.7s)
[445/540] -DINTERLEAVE_STRATEGY=1 -DK_LOOP_UNROLL=6 -DMBAR_EARLY=1 -DPHASE1_UNROLL=1 -DSTAGGER_CYCLES=0 -DSUB_MMA_UNROLL=1 ... 4.837 ms / 906 TFLOPS  (168 regs, 2.7s)
[446/540] -DINTERLEAVE_STRATEGY=1 -DK_LOOP_UNROLL=6 -DMBAR_EARLY=1 -DPHASE1_UNROLL=1 -DSTAGGER_CYCLES=0 -DSUB_MMA_UNROLL=1 -DW0_LOOP_UNROLL=1 ... 4.739 ms / 924 TFLOPS  (156 regs, 2.7s)
[447/540] -DINTERLEAVE_STRATEGY=1 -DK_LOOP_UNROLL=6 -DMBAR_EARLY=1 -DPHASE1_UNROLL=1 -DSTAGGER_CYCLES=0 -DSUB_MMA_UNROLL=1 -DW0_LOOP_UNROLL=4 ... 4.847 ms / 904 TFLOPS  (168 regs, 2.7s)
[448/540] -DINTERLEAVE_STRATEGY=1 -DK_LOOP_UNROLL=6 -DMBAR_EARLY=1 -DPHASE1_UNROLL=1 -DSTAGGER_CYCLES=0 -DSUB_MMA_UNROLL=3 ... 4.913 ms / 891 TFLOPS  (176 regs, 2.7s)
[449/540] -DINTERLEAVE_STRATEGY=1 -DK_LOOP_UNROLL=6 -DMBAR_EARLY=1 -DPHASE1_UNROLL=1 -DSTAGGER_CYCLES=0 -DSUB_MMA_UNROLL=3 -DW0_LOOP_UNROLL=1 ... 4.820 ms / 909 TFLOPS  (160 regs, 2.7s)
[450/540] -DINTERLEAVE_STRATEGY=1 -DK_LOOP_UNROLL=6 -DMBAR_EARLY=1 -DPHASE1_UNROLL=1 -DSTAGGER_CYCLES=0 -DSUB_MMA_UNROLL=3 -DW0_LOOP_UNROLL=4 ... 4.918 ms / 891 TFLOPS  (176 regs, 2.7s)
[451/540] -DINTERLEAVE_STRATEGY=1 -DK_LOOP_UNROLL=6 -DMBAR_EARLY=1 -DSNAKE_ORDER=0 -DSTAGGER_CYCLES=0 ... 5.000 ms / 876 TFLOPS  (177 regs, 2.8s)
[452/540] -DINTERLEAVE_STRATEGY=1 -DK_LOOP_UNROLL=6 -DMBAR_EARLY=1 -DSNAKE_ORDER=0 -DSTAGGER_CYCLES=0 -DW0_LOOP_UNROLL=1 ... 5.127 ms / 854 TFLOPS  (167 regs, 2.8s)
[453/540] -DINTERLEAVE_STRATEGY=1 -DK_LOOP_UNROLL=6 -DMBAR_EARLY=1 -DSNAKE_ORDER=0 -DSTAGGER_CYCLES=0 -DW0_LOOP_UNROLL=4 ... 5.004 ms / 875 TFLOPS  (177 regs, 2.8s)
[454/540] -DINTERLEAVE_STRATEGY=1 -DK_LOOP_UNROLL=6 -DMBAR_EARLY=1 -DSNAKE_ORDER=0 -DSTAGGER_CYCLES=0 -DSUB_MMA_UNROLL=1 ... 5.070 ms / 864 TFLOPS  (168 regs, 2.8s)
[455/540] -DINTERLEAVE_STRATEGY=1 -DK_LOOP_UNROLL=6 -DMBAR_EARLY=1 -DSNAKE_ORDER=0 -DSTAGGER_CYCLES=0 -DSUB_MMA_UNROLL=1 -DW0_LOOP_UNROLL=1 ... 5.020 ms / 873 TFLOPS  (157 regs, 2.9s)
[456/540] -DINTERLEAVE_STRATEGY=1 -DK_LOOP_UNROLL=6 -DMBAR_EARLY=1 -DSNAKE_ORDER=0 -DSTAGGER_CYCLES=0 -DSUB_MMA_UNROLL=1 -DW0_LOOP_UNROLL=4 ... 5.066 ms / 865 TFLOPS  (168 regs, 2.8s)
[457/540] -DINTERLEAVE_STRATEGY=1 -DK_LOOP_UNROLL=6 -DMBAR_EARLY=1 -DSNAKE_ORDER=0 -DSTAGGER_CYCLES=0 -DSUB_MMA_UNROLL=3 ... 4.999 ms / 876 TFLOPS  (177 regs, 2.8s)
[458/540] -DINTERLEAVE_STRATEGY=1 -DK_LOOP_UNROLL=6 -DMBAR_EARLY=1 -DSNAKE_ORDER=0 -DSTAGGER_CYCLES=0 -DSUB_MMA_UNROLL=3 -DW0_LOOP_UNROLL=1 ... 5.132 ms / 853 TFLOPS  (167 regs, 2.8s)
[459/540] -DINTERLEAVE_STRATEGY=1 -DK_LOOP_UNROLL=6 -DMBAR_EARLY=1 -DSNAKE_ORDER=0 -DSTAGGER_CYCLES=0 -DSUB_MMA_UNROLL=3 -DW0_LOOP_UNROLL=4 ... 4.999 ms / 876 TFLOPS  (177 regs, 2.8s)
[460/540] -DINTERLEAVE_STRATEGY=1 -DK_LOOP_UNROLL=6 -DMBAR_EARLY=1 -DSTAGGER_CYCLES=0 ... 4.600 ms / 952 TFLOPS  (177 regs, 2.8s)
[461/540] -DINTERLEAVE_STRATEGY=1 -DK_LOOP_UNROLL=6 -DMBAR_EARLY=1 -DSTAGGER_CYCLES=0 -DW0_LOOP_UNROLL=1 ... 4.539 ms / 965 TFLOPS  (167 regs, 3.0s)
[462/540] -DINTERLEAVE_STRATEGY=1 -DK_LOOP_UNROLL=6 -DMBAR_EARLY=1 -DSTAGGER_CYCLES=0 -DW0_LOOP_UNROLL=4 ... 4.597 ms / 953 TFLOPS  (177 regs, 2.8s)
[463/540] -DINTERLEAVE_STRATEGY=1 -DK_LOOP_UNROLL=6 -DMBAR_EARLY=1 -DSTAGGER_CYCLES=0 -DSUB_MMA_UNROLL=1 ... 4.628 ms / 947 TFLOPS  (168 regs, 2.8s)
[464/540] -DINTERLEAVE_STRATEGY=1 -DK_LOOP_UNROLL=6 -DMBAR_EARLY=1 -DSTAGGER_CYCLES=0 -DSUB_MMA_UNROLL=1 -DW0_LOOP_UNROLL=1 ... 4.221 ms / 1038 TFLOPS  (157 regs, 2.8s)
[465/540] -DINTERLEAVE_STRATEGY=1 -DK_LOOP_UNROLL=6 -DMBAR_EARLY=1 -DSTAGGER_CYCLES=0 -DSUB_MMA_UNROLL=1 -DW0_LOOP_UNROLL=4 ... 4.540 ms / 965 TFLOPS  (168 regs, 2.8s)
[466/540] -DINTERLEAVE_STRATEGY=1 -DK_LOOP_UNROLL=6 -DMBAR_EARLY=1 -DSTAGGER_CYCLES=0 -DSUB_MMA_UNROLL=3 ... 4.601 ms / 952 TFLOPS  (177 regs, 2.8s)
[467/540] -DINTERLEAVE_STRATEGY=1 -DK_LOOP_UNROLL=6 -DMBAR_EARLY=1 -DSTAGGER_CYCLES=0 -DSUB_MMA_UNROLL=3 -DW0_LOOP_UNROLL=1 ... 4.540 ms / 965 TFLOPS  (167 regs, 2.8s)
[468/540] -DINTERLEAVE_STRATEGY=1 -DK_LOOP_UNROLL=6 -DMBAR_EARLY=1 -DSTAGGER_CYCLES=0 -DSUB_MMA_UNROLL=3 -DW0_LOOP_UNROLL=4 ... 4.598 ms / 953 TFLOPS  (177 regs, 2.8s)
[469/540] -DINTERLEAVE_STRATEGY=1 -DK_LOOP_UNROLL=6 -DMBAR_EARLY=1 -DPHASE1_UNROLL=4 -DSNAKE_ORDER=0 -DSTAGGER_CYCLES=0 ... 7.294 ms / 600 TFLOPS  (218 regs, 3.1s)
[470/540] -DINTERLEAVE_STRATEGY=1 -DK_LOOP_UNROLL=6 -DMBAR_EARLY=1 -DPHASE1_UNROLL=4 -DSNAKE_ORDER=0 -DSTAGGER_CYCLES=0 -DW0_LOOP_UNROLL=1 ... 7.217 ms / 607 TFLOPS  (202 regs, 3.1s)
[471/540] -DINTERLEAVE_STRATEGY=1 -DK_LOOP_UNROLL=6 -DMBAR_EARLY=1 -DPHASE1_UNROLL=4 -DSNAKE_ORDER=0 -DSTAGGER_CYCLES=0 -DW0_LOOP_UNROLL=4 ... 7.281 ms / 602 TFLOPS  (218 regs, 3.1s)
[472/540] -DINTERLEAVE_STRATEGY=1 -DK_LOOP_UNROLL=6 -DMBAR_EARLY=1 -DPHASE1_UNROLL=4 -DSNAKE_ORDER=0 -DSTAGGER_CYCLES=0 -DSUB_MMA_UNROLL=1 ... 7.270 ms / 602 TFLOPS  (209 regs, 3.1s)
[473/540] -DINTERLEAVE_STRATEGY=1 -DK_LOOP_UNROLL=6 -DMBAR_EARLY=1 -DPHASE1_UNROLL=4 -DSNAKE_ORDER=0 -DSTAGGER_CYCLES=0 -DSUB_MMA_UNROLL=1 -DW0_LOOP_UNROLL=1 ... 7.199 ms / 608 TFLOPS  (195 regs, 3.1s)
[474/540] -DINTERLEAVE_STRATEGY=1 -DK_LOOP_UNROLL=6 -DMBAR_EARLY=1 -DPHASE1_UNROLL=4 -DSNAKE_ORDER=0 -DSTAGGER_CYCLES=0 -DSUB_MMA_UNROLL=1 -DW0_LOOP_UNROLL=4 ... 7.248 ms / 604 TFLOPS  (209 regs, 3.2s)
[475/540] -DINTERLEAVE_STRATEGY=1 -DK_LOOP_UNROLL=6 -DMBAR_EARLY=1 -DPHASE1_UNROLL=4 -DSNAKE_ORDER=0 -DSTAGGER_CYCLES=0 -DSUB_MMA_UNROLL=3 ... 7.292 ms / 601 TFLOPS  (218 regs, 3.1s)
[476/540] -DINTERLEAVE_STRATEGY=1 -DK_LOOP_UNROLL=6 -DMBAR_EARLY=1 -DPHASE1_UNROLL=4 -DSNAKE_ORDER=0 -DSTAGGER_CYCLES=0 -DSUB_MMA_UNROLL=3 -DW0_LOOP_UNROLL=1 ... 7.217 ms / 607 TFLOPS  (202 regs, 3.1s)
[477/540] -DINTERLEAVE_STRATEGY=1 -DK_LOOP_UNROLL=6 -DMBAR_EARLY=1 -DPHASE1_UNROLL=4 -DSNAKE_ORDER=0 -DSTAGGER_CYCLES=0 -DSUB_MMA_UNROLL=3 -DW0_LOOP_UNROLL=4 ... 7.282 ms / 602 TFLOPS  (218 regs, 3.1s)
[478/540] -DINTERLEAVE_STRATEGY=1 -DK_LOOP_UNROLL=6 -DMBAR_EARLY=1 -DPHASE1_UNROLL=4 -DSTAGGER_CYCLES=0 ... 7.303 ms / 600 TFLOPS  (218 regs, 3.1s)
[479/540] -DINTERLEAVE_STRATEGY=1 -DK_LOOP_UNROLL=6 -DMBAR_EARLY=1 -DPHASE1_UNROLL=4 -DSTAGGER_CYCLES=0 -DW0_LOOP_UNROLL=1 ... 7.209 ms / 608 TFLOPS  (202 regs, 3.1s)
[480/540] -DINTERLEAVE_STRATEGY=1 -DK_LOOP_UNROLL=6 -DMBAR_EARLY=1 -DPHASE1_UNROLL=4 -DSTAGGER_CYCLES=0 -DW0_LOOP_UNROLL=4 ... 7.274 ms / 602 TFLOPS  (218 regs, 3.1s)
[481/540] -DINTERLEAVE_STRATEGY=1 -DK_LOOP_UNROLL=6 -DMBAR_EARLY=1 -DPHASE1_UNROLL=4 -DSTAGGER_CYCLES=0 -DSUB_MMA_UNROLL=1 ... 7.286 ms / 601 TFLOPS  (209 regs, 3.1s)
[482/540] -DINTERLEAVE_STRATEGY=1 -DK_LOOP_UNROLL=6 -DMBAR_EARLY=1 -DPHASE1_UNROLL=4 -DSTAGGER_CYCLES=0 -DSUB_MMA_UNROLL=1 -DW0_LOOP_UNROLL=1 ... 7.197 ms / 609 TFLOPS  (195 regs, 3.1s)
[483/540] -DINTERLEAVE_STRATEGY=1 -DK_LOOP_UNROLL=6 -DMBAR_EARLY=1 -DPHASE1_UNROLL=4 -DSTAGGER_CYCLES=0 -DSUB_MMA_UNROLL=1 -DW0_LOOP_UNROLL=4 ... 7.255 ms / 604 TFLOPS  (209 regs, 3.2s)
[484/540] -DINTERLEAVE_STRATEGY=1 -DK_LOOP_UNROLL=6 -DMBAR_EARLY=1 -DPHASE1_UNROLL=4 -DSTAGGER_CYCLES=0 -DSUB_MMA_UNROLL=3 ... 7.303 ms / 600 TFLOPS  (218 regs, 3.1s)
[485/540] -DINTERLEAVE_STRATEGY=1 -DK_LOOP_UNROLL=6 -DMBAR_EARLY=1 -DPHASE1_UNROLL=4 -DSTAGGER_CYCLES=0 -DSUB_MMA_UNROLL=3 -DW0_LOOP_UNROLL=1 ... 7.208 ms / 608 TFLOPS  (202 regs, 3.1s)
[486/540] -DINTERLEAVE_STRATEGY=1 -DK_LOOP_UNROLL=6 -DMBAR_EARLY=1 -DPHASE1_UNROLL=4 -DSTAGGER_CYCLES=0 -DSUB_MMA_UNROLL=3 -DW0_LOOP_UNROLL=4 ... 7.275 ms / 602 TFLOPS  (218 regs, 3.1s)
[487/540] -DINTERLEAVE_STRATEGY=1 -DK_LOOP_UNROLL=8 -DMBAR_EARLY=1 -DPHASE1_UNROLL=1 -DSNAKE_ORDER=0 -DSTAGGER_CYCLES=0 ... 5.960 ms / 735 TFLOPS  (212 regs, 2.7s)
[488/540] -DINTERLEAVE_STRATEGY=1 -DK_LOOP_UNROLL=8 -DMBAR_EARLY=1 -DPHASE1_UNROLL=1 -DSNAKE_ORDER=0 -DSTAGGER_CYCLES=0 -DW0_LOOP_UNROLL=1 ... 5.456 ms / 803 TFLOPS  (196 regs, 2.7s)
[489/540] -DINTERLEAVE_STRATEGY=1 -DK_LOOP_UNROLL=8 -DMBAR_EARLY=1 -DPHASE1_UNROLL=1 -DSNAKE_ORDER=0 -DSTAGGER_CYCLES=0 -DW0_LOOP_UNROLL=4 ... 5.976 ms / 733 TFLOPS  (212 regs, 2.7s)
[490/540] -DINTERLEAVE_STRATEGY=1 -DK_LOOP_UNROLL=8 -DMBAR_EARLY=1 -DPHASE1_UNROLL=1 -DSNAKE_ORDER=0 -DSTAGGER_CYCLES=0 -DSUB_MMA_UNROLL=1 ... 5.486 ms / 798 TFLOPS  (168 regs, 2.7s)
[491/540] -DINTERLEAVE_STRATEGY=1 -DK_LOOP_UNROLL=8 -DMBAR_EARLY=1 -DPHASE1_UNROLL=1 -DSNAKE_ORDER=0 -DSTAGGER_CYCLES=0 -DSUB_MMA_UNROLL=1 -DW0_LOOP_UNROLL=1 ... 5.402 ms / 811 TFLOPS  (156 regs, 2.7s)
[492/540] -DINTERLEAVE_STRATEGY=1 -DK_LOOP_UNROLL=8 -DMBAR_EARLY=1 -DPHASE1_UNROLL=1 -DSNAKE_ORDER=0 -DSTAGGER_CYCLES=0 -DSUB_MMA_UNROLL=1 -DW0_LOOP_UNROLL=4 ... 5.496 ms / 797 TFLOPS  (168 regs, 2.7s)
[493/540] -DINTERLEAVE_STRATEGY=1 -DK_LOOP_UNROLL=8 -DMBAR_EARLY=1 -DPHASE1_UNROLL=1 -DSNAKE_ORDER=0 -DSTAGGER_CYCLES=0 -DSUB_MMA_UNROLL=3 ... 5.959 ms / 735 TFLOPS  (212 regs, 2.7s)
[494/540] -DINTERLEAVE_STRATEGY=1 -DK_LOOP_UNROLL=8 -DMBAR_EARLY=1 -DPHASE1_UNROLL=1 -DSNAKE_ORDER=0 -DSTAGGER_CYCLES=0 -DSUB_MMA_UNROLL=3 -DW0_LOOP_UNROLL=1 ... 5.453 ms / 803 TFLOPS  (196 regs, 2.7s)
[495/540] -DINTERLEAVE_STRATEGY=1 -DK_LOOP_UNROLL=8 -DMBAR_EARLY=1 -DPHASE1_UNROLL=1 -DSNAKE_ORDER=0 -DSTAGGER_CYCLES=0 -DSUB_MMA_UNROLL=3 -DW0_LOOP_UNROLL=4 ... 5.972 ms / 733 TFLOPS  (212 regs, 2.7s)
[496/540] -DINTERLEAVE_STRATEGY=1 -DK_LOOP_UNROLL=8 -DMBAR_EARLY=1 -DPHASE1_UNROLL=1 -DSTAGGER_CYCLES=0 ... 5.340 ms / 820 TFLOPS  (212 regs, 2.7s)
[497/540] -DINTERLEAVE_STRATEGY=1 -DK_LOOP_UNROLL=8 -DMBAR_EARLY=1 -DPHASE1_UNROLL=1 -DSTAGGER_CYCLES=0 -DW0_LOOP_UNROLL=1 ... 4.791 ms / 914 TFLOPS  (196 regs, 2.7s)
[498/540] -DINTERLEAVE_STRATEGY=1 -DK_LOOP_UNROLL=8 -DMBAR_EARLY=1 -DPHASE1_UNROLL=1 -DSTAGGER_CYCLES=0 -DW0_LOOP_UNROLL=4 ... 5.336 ms / 821 TFLOPS  (212 regs, 2.7s)
[499/540] -DINTERLEAVE_STRATEGY=1 -DK_LOOP_UNROLL=8 -DMBAR_EARLY=1 -DPHASE1_UNROLL=1 -DSTAGGER_CYCLES=0 -DSUB_MMA_UNROLL=1 ... 4.836 ms / 906 TFLOPS  (168 regs, 2.7s)
[500/540] -DINTERLEAVE_STRATEGY=1 -DK_LOOP_UNROLL=8 -DMBAR_EARLY=1 -DPHASE1_UNROLL=1 -DSTAGGER_CYCLES=0 -DSUB_MMA_UNROLL=1 -DW0_LOOP_UNROLL=1 ... 4.734 ms / 925 TFLOPS  (156 regs, 2.7s)
[501/540] -DINTERLEAVE_STRATEGY=1 -DK_LOOP_UNROLL=8 -DMBAR_EARLY=1 -DPHASE1_UNROLL=1 -DSTAGGER_CYCLES=0 -DSUB_MMA_UNROLL=1 -DW0_LOOP_UNROLL=4 ... 4.850 ms / 903 TFLOPS  (168 regs, 2.7s)
[502/540] -DINTERLEAVE_STRATEGY=1 -DK_LOOP_UNROLL=8 -DMBAR_EARLY=1 -DPHASE1_UNROLL=1 -DSTAGGER_CYCLES=0 -DSUB_MMA_UNROLL=3 ... 5.340 ms / 820 TFLOPS  (212 regs, 2.7s)
[503/540] -DINTERLEAVE_STRATEGY=1 -DK_LOOP_UNROLL=8 -DMBAR_EARLY=1 -DPHASE1_UNROLL=1 -DSTAGGER_CYCLES=0 -DSUB_MMA_UNROLL=3 -DW0_LOOP_UNROLL=1 ... 4.794 ms / 914 TFLOPS  (196 regs, 2.7s)
[504/540] -DINTERLEAVE_STRATEGY=1 -DK_LOOP_UNROLL=8 -DMBAR_EARLY=1 -DPHASE1_UNROLL=1 -DSTAGGER_CYCLES=0 -DSUB_MMA_UNROLL=3 -DW0_LOOP_UNROLL=4 ... 5.334 ms / 821 TFLOPS  (212 regs, 2.7s)
[505/540] -DINTERLEAVE_STRATEGY=1 -DK_LOOP_UNROLL=8 -DMBAR_EARLY=1 -DSNAKE_ORDER=0 -DSTAGGER_CYCLES=0 ... 5.131 ms / 854 TFLOPS  (214 regs, 2.8s)
[506/540] -DINTERLEAVE_STRATEGY=1 -DK_LOOP_UNROLL=8 -DMBAR_EARLY=1 -DSNAKE_ORDER=0 -DSTAGGER_CYCLES=0 -DW0_LOOP_UNROLL=1 ... 5.049 ms / 867 TFLOPS  (200 regs, 2.8s)
[507/540] -DINTERLEAVE_STRATEGY=1 -DK_LOOP_UNROLL=8 -DMBAR_EARLY=1 -DSNAKE_ORDER=0 -DSTAGGER_CYCLES=0 -DW0_LOOP_UNROLL=4 ... 5.124 ms / 855 TFLOPS  (214 regs, 2.8s)
[508/540] -DINTERLEAVE_STRATEGY=1 -DK_LOOP_UNROLL=8 -DMBAR_EARLY=1 -DSNAKE_ORDER=0 -DSTAGGER_CYCLES=0 -DSUB_MMA_UNROLL=1 ... 5.071 ms / 864 TFLOPS  (168 regs, 2.8s)
[509/540] -DINTERLEAVE_STRATEGY=1 -DK_LOOP_UNROLL=8 -DMBAR_EARLY=1 -DSNAKE_ORDER=0 -DSTAGGER_CYCLES=0 -DSUB_MMA_UNROLL=1 -DW0_LOOP_UNROLL=1 ... 5.018 ms / 873 TFLOPS  (157 regs, 2.8s)
[510/540] -DINTERLEAVE_STRATEGY=1 -DK_LOOP_UNROLL=8 -DMBAR_EARLY=1 -DSNAKE_ORDER=0 -DSTAGGER_CYCLES=0 -DSUB_MMA_UNROLL=1 -DW0_LOOP_UNROLL=4 ... 5.067 ms / 864 TFLOPS  (168 regs, 2.8s)
[511/540] -DINTERLEAVE_STRATEGY=1 -DK_LOOP_UNROLL=8 -DMBAR_EARLY=1 -DSNAKE_ORDER=0 -DSTAGGER_CYCLES=0 -DSUB_MMA_UNROLL=3 ... 5.131 ms / 854 TFLOPS  (214 regs, 2.8s)
[512/540] -DINTERLEAVE_STRATEGY=1 -DK_LOOP_UNROLL=8 -DMBAR_EARLY=1 -DSNAKE_ORDER=0 -DSTAGGER_CYCLES=0 -DSUB_MMA_UNROLL=3 -DW0_LOOP_UNROLL=1 ... 5.049 ms / 867 TFLOPS  (200 regs, 2.8s)
[513/540] -DINTERLEAVE_STRATEGY=1 -DK_LOOP_UNROLL=8 -DMBAR_EARLY=1 -DSNAKE_ORDER=0 -DSTAGGER_CYCLES=0 -DSUB_MMA_UNROLL=3 -DW0_LOOP_UNROLL=4 ... 5.118 ms / 856 TFLOPS  (214 regs, 2.8s)
[514/540] -DINTERLEAVE_STRATEGY=1 -DK_LOOP_UNROLL=8 -DMBAR_EARLY=1 -DSTAGGER_CYCLES=0 ... 4.595 ms / 953 TFLOPS  (214 regs, 2.8s)
[515/540] -DINTERLEAVE_STRATEGY=1 -DK_LOOP_UNROLL=8 -DMBAR_EARLY=1 -DSTAGGER_CYCLES=0 -DW0_LOOP_UNROLL=1 ... 4.557 ms / 961 TFLOPS  (200 regs, 2.8s)
[516/540] -DINTERLEAVE_STRATEGY=1 -DK_LOOP_UNROLL=8 -DMBAR_EARLY=1 -DSTAGGER_CYCLES=0 -DW0_LOOP_UNROLL=4 ... 4.586 ms / 955 TFLOPS  (214 regs, 2.8s)
[517/540] -DINTERLEAVE_STRATEGY=1 -DK_LOOP_UNROLL=8 -DMBAR_EARLY=1 -DSTAGGER_CYCLES=0 -DSUB_MMA_UNROLL=1 ... 4.626 ms / 947 TFLOPS  (168 regs, 2.8s)
[518/540] -DINTERLEAVE_STRATEGY=1 -DK_LOOP_UNROLL=8 -DMBAR_EARLY=1 -DSTAGGER_CYCLES=0 -DSUB_MMA_UNROLL=1 -DW0_LOOP_UNROLL=1 ... 4.223 ms / 1037 TFLOPS  (157 regs, 2.8s)
[519/540] -DINTERLEAVE_STRATEGY=1 -DK_LOOP_UNROLL=8 -DMBAR_EARLY=1 -DSTAGGER_CYCLES=0 -DSUB_MMA_UNROLL=1 -DW0_LOOP_UNROLL=4 ... 4.544 ms / 964 TFLOPS  (168 regs, 2.8s)
[520/540] -DINTERLEAVE_STRATEGY=1 -DK_LOOP_UNROLL=8 -DMBAR_EARLY=1 -DSTAGGER_CYCLES=0 -DSUB_MMA_UNROLL=3 ... 4.593 ms / 954 TFLOPS  (214 regs, 2.8s)
[521/540] -DINTERLEAVE_STRATEGY=1 -DK_LOOP_UNROLL=8 -DMBAR_EARLY=1 -DSTAGGER_CYCLES=0 -DSUB_MMA_UNROLL=3 -DW0_LOOP_UNROLL=1 ... 4.557 ms / 961 TFLOPS  (200 regs, 2.8s)
[522/540] -DINTERLEAVE_STRATEGY=1 -DK_LOOP_UNROLL=8 -DMBAR_EARLY=1 -DSTAGGER_CYCLES=0 -DSUB_MMA_UNROLL=3 -DW0_LOOP_UNROLL=4 ... 4.587 ms / 955 TFLOPS  (214 regs, 2.8s)
[523/540] -DINTERLEAVE_STRATEGY=1 -DK_LOOP_UNROLL=8 -DMBAR_EARLY=1 -DPHASE1_UNROLL=4 -DSNAKE_ORDER=0 -DSTAGGER_CYCLES=0 ... 7.280 ms / 602 TFLOPS  (245 regs, 3.1s)
[524/540] -DINTERLEAVE_STRATEGY=1 -DK_LOOP_UNROLL=8 -DMBAR_EARLY=1 -DPHASE1_UNROLL=4 -DSNAKE_ORDER=0 -DSTAGGER_CYCLES=0 -DW0_LOOP_UNROLL=1 ... 7.217 ms / 607 TFLOPS  (240 regs, 3.1s)
[525/540] -DINTERLEAVE_STRATEGY=1 -DK_LOOP_UNROLL=8 -DMBAR_EARLY=1 -DPHASE1_UNROLL=4 -DSNAKE_ORDER=0 -DSTAGGER_CYCLES=0 -DW0_LOOP_UNROLL=4 ... 7.255 ms / 604 TFLOPS  (245 regs, 3.1s)
[526/540] -DINTERLEAVE_STRATEGY=1 -DK_LOOP_UNROLL=8 -DMBAR_EARLY=1 -DPHASE1_UNROLL=4 -DSNAKE_ORDER=0 -DSTAGGER_CYCLES=0 -DSUB_MMA_UNROLL=1 ... 7.270 ms / 602 TFLOPS  (209 regs, 3.1s)
[527/540] -DINTERLEAVE_STRATEGY=1 -DK_LOOP_UNROLL=8 -DMBAR_EARLY=1 -DPHASE1_UNROLL=4 -DSNAKE_ORDER=0 -DSTAGGER_CYCLES=0 -DSUB_MMA_UNROLL=1 -DW0_LOOP_UNROLL=1 ... 7.200 ms / 608 TFLOPS  (195 regs, 3.1s)
[528/540] -DINTERLEAVE_STRATEGY=1 -DK_LOOP_UNROLL=8 -DMBAR_EARLY=1 -DPHASE1_UNROLL=4 -DSNAKE_ORDER=0 -DSTAGGER_CYCLES=0 -DSUB_MMA_UNROLL=1 -DW0_LOOP_UNROLL=4 ... 7.248 ms / 604 TFLOPS  (209 regs, 3.1s)
[529/540] -DINTERLEAVE_STRATEGY=1 -DK_LOOP_UNROLL=8 -DMBAR_EARLY=1 -DPHASE1_UNROLL=4 -DSNAKE_ORDER=0 -DSTAGGER_CYCLES=0 -DSUB_MMA_UNROLL=3 ... 7.281 ms / 602 TFLOPS  (245 regs, 3.1s)
[530/540] -DINTERLEAVE_STRATEGY=1 -DK_LOOP_UNROLL=8 -DMBAR_EARLY=1 -DPHASE1_UNROLL=4 -DSNAKE_ORDER=0 -DSTAGGER_CYCLES=0 -DSUB_MMA_UNROLL=3 -DW0_LOOP_UNROLL=1 ... 7.216 ms / 607 TFLOPS  (240 regs, 3.1s)
[531/540] -DINTERLEAVE_STRATEGY=1 -DK_LOOP_UNROLL=8 -DMBAR_EARLY=1 -DPHASE1_UNROLL=4 -DSNAKE_ORDER=0 -DSTAGGER_CYCLES=0 -DSUB_MMA_UNROLL=3 -DW0_LOOP_UNROLL=4 ... 7.256 ms / 604 TFLOPS  (245 regs, 3.1s)
[532/540] -DINTERLEAVE_STRATEGY=1 -DK_LOOP_UNROLL=8 -DMBAR_EARLY=1 -DPHASE1_UNROLL=4 -DSTAGGER_CYCLES=0 ... 7.299 ms / 600 TFLOPS  (245 regs, 3.1s)
[533/540] -DINTERLEAVE_STRATEGY=1 -DK_LOOP_UNROLL=8 -DMBAR_EARLY=1 -DPHASE1_UNROLL=4 -DSTAGGER_CYCLES=0 -DW0_LOOP_UNROLL=1 ... 7.227 ms / 606 TFLOPS  (240 regs, 3.1s)
[534/540] -DINTERLEAVE_STRATEGY=1 -DK_LOOP_UNROLL=8 -DMBAR_EARLY=1 -DPHASE1_UNROLL=4 -DSTAGGER_CYCLES=0 -DW0_LOOP_UNROLL=4 ... 7.266 ms / 603 TFLOPS  (245 regs, 3.1s)
[535/540] -DINTERLEAVE_STRATEGY=1 -DK_LOOP_UNROLL=8 -DMBAR_EARLY=1 -DPHASE1_UNROLL=4 -DSTAGGER_CYCLES=0 -DSUB_MMA_UNROLL=1 ... 7.286 ms / 601 TFLOPS  (209 regs, 3.1s)
[536/540] -DINTERLEAVE_STRATEGY=1 -DK_LOOP_UNROLL=8 -DMBAR_EARLY=1 -DPHASE1_UNROLL=4 -DSTAGGER_CYCLES=0 -DSUB_MMA_UNROLL=1 -DW0_LOOP_UNROLL=1 ... 7.197 ms / 609 TFLOPS  (195 regs, 3.1s)
[537/540] -DINTERLEAVE_STRATEGY=1 -DK_LOOP_UNROLL=8 -DMBAR_EARLY=1 -DPHASE1_UNROLL=4 -DSTAGGER_CYCLES=0 -DSUB_MMA_UNROLL=1 -DW0_LOOP_UNROLL=4 ... 7.255 ms / 604 TFLOPS  (209 regs, 3.1s)
[538/540] -DINTERLEAVE_STRATEGY=1 -DK_LOOP_UNROLL=8 -DMBAR_EARLY=1 -DPHASE1_UNROLL=4 -DSTAGGER_CYCLES=0 -DSUB_MMA_UNROLL=3 ... 7.299 ms / 600 TFLOPS  (245 regs, 3.1s)
[539/540] -DINTERLEAVE_STRATEGY=1 -DK_LOOP_UNROLL=8 -DMBAR_EARLY=1 -DPHASE1_UNROLL=4 -DSTAGGER_CYCLES=0 -DSUB_MMA_UNROLL=3 -DW0_LOOP_UNROLL=1 ... 7.227 ms / 606 TFLOPS  (240 regs, 3.1s)
[540/540] -DINTERLEAVE_STRATEGY=1 -DK_LOOP_UNROLL=8 -DMBAR_EARLY=1 -DPHASE1_UNROLL=4 -DSTAGGER_CYCLES=0 -DSUB_MMA_UNROLL=3 -DW0_LOOP_UNROLL=4 ... 7.266 ms / 603 TFLOPS  (245 regs, 3.1s)

Tier 3 winner: -DCVT_ADD_FUSED=0 -DINTERLEAVE_STRATEGY=1 -DK_LOOP_UNROLL=6 -DMBAR_EARLY=1 -DSTAGGER_CYCLES=0 -DSUB_MMA_UNROLL=1 -DW0_LOOP_UNROLL=1 → 4.220 ms / 1038 TFLOPS

@@GRID_WINNER -DCVT_ADD_FUSED=0 -DINTERLEAVE_STRATEGY=1 -DK_LOOP_UNROLL=6 -DMBAR_EARLY=1 -DSTAGGER_CYCLES=0 -DSUB_MMA_UNROLL=1 -DW0_LOOP_UNROLL=1

================================================================================
RESULTS (sorted by ms)
================================================================================
  #  STG  EPI  INTER  MBAR  TMEM  STAG  PH1U  SNAKE  FUSE  KLU  W0U  SMU  REGS     SMEM       MS   TFLOPS  STATUS
-----------------------------------------------------------------------------------------------------------------
  1    4    4      1     1    32     0     2      1     0    6    1    1   157   192.1K    4.220     1038  BEST
  2    4    4      1     1    32     0     2      1     0    8    1    1   157   192.1K    4.221     1038  OK
  3    4    4      1     1    32     0     2      1     1    6    1    1   157   192.1K    4.221     1038  OK
  4    4    4      1     1    32     0     2      1     1    8    1    1   157   192.1K    4.223     1037  OK
  5    4    4      1     1    32     0     2      1     1    1    1    1   140   192.1K    4.300     1019  OK
  6    4    4      1     1    32     0     2      1     0    1    1    1   140   192.1K    4.301     1018  OK
  7    4    4      1     1    32     0     2      1     1    4    1    1   157   192.1K    4.370     1002  OK
  8    4    4      1     1    32     0     2      1     0    4    1    1   157   192.1K    4.371     1002  OK
  9    4    4      1     1    32     0     2      1     1    4    1    0   200   192.1K    4.379     1000  OK
 10    4    4      1     1    32     0     2      1     0    4    1    0   200   192.1K    4.380     1000  OK
 11    4    4      1     1    32     0     2      1     0    4    1    3   200   192.1K    4.380     1000  OK
 12    4    4      1     1    32     0     2      1     1    4    1    3   200   192.1K    4.381     1000  OK
 13    4    4      1     1    32     0     2      1     0    4    4    3   214   192.1K    4.429      989  OK
 14    4    4      1     1    32     0     2      1     1    4    4    3   214   192.1K    4.430      989  OK
 15    4    4      1     1    32     0     2      1     0    4    4    0   214   192.1K    4.431      988  OK
 16    4    4      1     1    32     0     2      1     1    4    4    0   214   192.1K    4.431      988  OK
 17    4    4      1     1    32     0     2      1     0    2    1    1   142   192.1K    4.486      976  OK
 18    4    4      1     1    32     0     2      1     1    2    1    1   142   192.1K    4.486      976  OK
 19    4    4      1     1    32     0     2      1     0    1    0    0   167   192.1K    4.502      973  OK
 20    4    4      1     1    32     0     2      1     0    2    4    0   167   192.1K    4.502      973  OK
 21    4    4      1     1    32     0     2      1     1    2    4    3   167   192.1K    4.502      973  OK
 22    4    4      1     1    32     0     2      1     0    2    4    3   167   192.1K    4.503      973  OK
 23    4    4      1     1    32     0     2      1     1    2    4    0   167   192.1K    4.503      973  OK
 24    4    4      1     1    32     0     2      1     0    1    0    3   167   192.1K    4.504      972  OK
 25    4    4      1     1    32     0     2      1     1    1    0    0   167   192.1K    4.505      972  OK
 26    4    4      1     1    32     0     2      1     1    1    0    3   167   192.1K    4.505      972  OK
 27    4    4      1     1    32     0     2      1     1    4    0    0   214   192.1K    4.512      971  OK
 28    4    4      1     1    32     0     2      1     0    4    0    0   214   192.1K    4.512      971  OK
 29    4    4      1     1    32     0     2      1     1    4    0    0   214   192.1K    4.512      971  OK
 30    4    4      1     1    32     0     2      1     0    2    1    0   150   192.1K    4.513      970  OK
 31    4    4      1     1    32     0     2      1     1    4    0    3   214   192.1K    4.513      971  OK
 32    4    4      1     1    32     0     2      1     0    4    0    3   214   192.1K    4.514      970  OK
 33    4    4      1     1    32     0     2      1     1    2    1    3   150   192.1K    4.514      970  OK
 34    4    4      1     1    32     0     2      1     0    2    1    3   150   192.1K    4.515      970  OK
 35    4    4      1     1    32     0     2      1     1    2    1    0   150   192.1K    4.515      970  OK
 36    4    4      1     1    32     0     2      1     0    1    4    0   167   192.1K    4.525      968  OK
 37    4    4      1     1    32     0     2      1     1    1    4    0   167   192.1K    4.525      968  OK
 38    4    4      1     1    32     0     2      1     1    1    4    3   167   192.1K    4.527      968  OK
 39    4    4      1     1    32     0     2      1     0    1    4    3   167   192.1K    4.528      967  OK
 40    4    4      1     1    32     0     2      1     0    2    0    0   167   192.1K    4.528      967  OK
 41    4    4      1     1    32     0     2      1     1    2    0    3   167   192.1K    4.528      967  OK
 42    4    4      1     1    32     0     2      1     1    2    0    0   167   192.1K    4.529      967  OK
 43    4    4      1     1    32     0     2      1     0    2    0    3   167   192.1K    4.530      967  OK
 44    4    4      1     1    32     0     2      1     0    8    4    1   168   192.1K    4.538      965  OK
 45    4    4      1     1    32     0     2      1     0    6    1    0   167   192.1K    4.539      965  OK
 46    4    4      1     1    32     0     2      1     0    6    1    3   167   192.1K    4.539      965  OK
 47    4    4      1     1    32     0     2      1     1    6    1    0   167   192.1K    4.539      965  OK
 48    4    4      1     1    32     0     2      1     1    6    4    1   168   192.1K    4.540      965  OK
 49    4    4      1     1    32     0     2      1     1    6    1    3   167   192.1K    4.540      965  OK
 50    4    4      1     1    32     0     2      1     0    6    4    1   168   192.1K    4.541      965  OK
 51    4    4      1     1    32     0     2      1     1    8    4    1   168   192.1K    4.544      964  OK
 52    4    4      3     1    32     0     2      1     1    4    0    0   218   192.1K    4.551      962  OK
 53    4    4      1     1    32     0     2      1     1    8    1    0   200   192.1K    4.557      961  OK
 54    4    4      1     1    32     0     2      1     1    8    1    3   200   192.1K    4.557      961  OK
 55    4    4      1     1    32     0     2      1     0    8    1    0   200   192.1K    4.558      961  OK
 56    4    4      1     1    32     0     2      1     0    8    1    3   200   192.1K    4.560      960  OK
 57    4    4      2     1    32     0     2      1     1    4    0    0   218   192.1K    4.573      958  OK
 58    4    4      3     0    32     0     2      1     1    4    0    0   224   192.1K    4.573      958  OK
 59    4    4      1     0    32     0     2      1     1    4    0    0   214   192.1K    4.582      956  OK
 60    4    4      1     1    32     0     2      1     1    8    4    0   214   192.1K    4.586      955  OK
 61    4    4      1     1    32     0     2      1     0    8    4    0   214   192.1K    4.587      955  OK
 62    4    4      1     1    32     0     2      1     0    8    4    3   214   192.1K    4.587      955  OK
 63    4    4      1     1    32     0     2      1     1    8    4    3   214   192.1K    4.587      955  OK
 64    4    4      1     0    32   200     2      1     1    4    0    0   220   192.1K    4.591      954  OK
 65    4    4      1     1    32     0     2      1     0    4    4    1   168   192.1K    4.592      954  OK
 66    4    4      1     1    32     0     2      1     1    8    0    3   214   192.1K    4.593      954  OK
 67    4    4      1     1    32   200     2      1     1    4    0    0   242   192.1K    4.594      953  OK
 68    4    4      1     1    32     0     2      1     0    8    0    0   214   192.1K    4.594      953  OK
 69    4    4      1     1    32     0     2      1     1    4    4    1   168   192.1K    4.594      954  OK
 70    4    4      1     1    32     0     2      1     0    8    0    3   214   192.1K    4.595      953  OK
 71    4    4      1     1    32     0     2      1     1    8    0    0   214   192.1K    4.595      953  OK
 72    4    4      2     0    32     0     2      1     1    4    0    0   224   192.1K    4.596      953  OK
 73    4    4      1     0    32   160     2      1     1    4    0    0   220   192.1K    4.597      953  OK
 74    4    4      1     1    32     0     2      1     0    6    4    0   177   192.1K    4.597      953  OK
 75    4    4      1     1    32     0     2      1     0    6    4    3   177   192.1K    4.597      953  OK
 76    4    4      1     1    32     0     2      1     1    6    4    0   177   192.1K    4.597      953  OK
 77    4    4      1     1    32     0     2      1     1    6    4    3   177   192.1K    4.598      953  OK
 78    4    4      1     1    32    40     2      1     1    4    0    0   242   192.1K    4.599      952  OK
 79    4    4      1     1    32   160     2      1     1    4    0    0   242   192.1K    4.599      952  OK
 80    4    4      1     1    32    60     2      1     1    4    0    0   242   192.1K    4.600      952  OK
 81    4    4      1     1    32     0     2      1     1    6    0    0   177   192.1K    4.600      952  OK
 82    4    4      1     1    32     0     2      1     0    6    0    0   177   192.1K    4.601      952  OK
 83    4    4      1     1    32     0     2      1     0    6    0    3   177   192.1K    4.601      952  OK
 84    4    4      1     1    32     0     2      1     1    1    4    1   163   192.1K    4.601      952  OK
 85    4    4      1     1    32     0     2      1     1    6    0    3   177   192.1K    4.601      952  OK
 86    4    4      1     1    32     0     2      1     0    1    4    1   163   192.1K    4.602      952  OK
 87    4    4      1     1    32    80     2      1     1    4    0    0   242   192.1K    4.607      951  OK
 88    4    4      1     1    32   120     2      1     1    4    0    0   242   192.1K    4.607      951  OK
 89    4    4      1     1    32   100     2      1     1    4    0    0   242   192.1K    4.610      950  OK
 90    4    4      1     0    32   120     2      1     1    4    0    0   220   192.1K    4.612      950  OK
 91    4    4      1     0    32   100     2      1     1    4    0    0   220   192.1K    4.614      949  OK
 92    4    4      1     0    32    80     2      1     1    4    0    0   220   192.1K    4.622      948  OK
 93    4    4      1     1    32     0     2      1     1    1    0    1   163   192.1K    4.623      948  OK
 94    4    4      1     1    32     0     2      1     0    1    0    1   163   192.1K    4.624      947  OK
 95    4    4      1     1    32     0     2      1     0    6    0    1   168   192.1K    4.624      947  OK
 96    4    4      1     1    32     0     2      1     0    8    0    1   168   192.1K    4.626      947  OK
 97    4    4      1     1    32     0     2      1     1    8    0    1   168   192.1K    4.626      947  OK
 98    4    4      1     0    32    60     2      1     1    4    0    0   220   192.1K    4.628      946  OK
 99    4    4      1     1    32     0     2      1     1    6    0    1   168   192.1K    4.628      947  OK
100    4    4      1     0    32    40     2      1     1    4    0    0   220   192.1K    4.634      945  OK
101    4    4      1     1    32     0     2      1     0    2    0    1   163   192.1K    4.642      944  OK
102    4    4      1     1    32     0     2      1     1    2    0    1   163   192.1K    4.642      944  OK
103    4    4      2     0    32    80     2      1     1    4    0    0   220   192.1K    4.651      942  OK
104    4    4      2     0    32    40     2      1     1    4    0    0   220   192.1K    4.651      942  OK
105    4    4      2     0    32   100     2      1     1    4    0    0   220   192.1K    4.651      942  OK
106    4    4      2     0    32    80     2      1     1    4    0    0   220   192.1K    4.653      941  OK
107    4    4      2     0    32   120     2      1     1    4    0    0   220   192.1K    4.653      941  OK
108    4    4      2     0    32    60     2      1     1    4    0    0   220   192.1K    4.654      941  OK
109    4    4      2     0    32   160     2      1     1    4    0    0   220   192.1K    4.658      940  OK
110    4    4      3     1    32    40     2      1     1    4    0    0   226   192.1K    4.660      940  OK
111    4    4      2     0    32   200     2      1     1    4    0    0   220   192.1K    4.663      939  OK
112    4    4      3     1    32    60     2      1     1    4    0    0   226   192.1K    4.666      939  OK
113    4    4      1     1    32     0     2      1     1    4    0    1   168   192.1K    4.670      938  OK
114    4    4      3     1    32    80     2      1     1    4    0    0   226   192.1K    4.671      938  OK
115    4    4      3     1    32   100     2      1     1    4    0    0   226   192.1K    4.671      938  OK
116    5    4      2     0    32    80     2      1     1    4    0    0   239   224.1K    4.673      937  OK
117    4    4      1     1    32     0     2      1     0    4    0    1   168   192.1K    4.674      937  OK
118    4    4      1     1    32     0     2      1     0    2    4    1   163   192.1K    4.678      936  OK
119    4    4      1     1    32     0     2      1     1    2    4    1   163   192.1K    4.678      936  OK
120    4    4      3     1    32   120     2      1     1    4    0    0   226   192.1K    4.681      936  OK
121    4    4      3     1    32   200     2      1     1    4    0    0   226   192.1K    4.687      935  OK
122    4    4      3     0    32   160     2      1     1    4    0    0   226   192.1K    4.689      934  OK
123    4    4      3     0    32    40     2      1     1    4    0    0   226   192.1K    4.691      934  OK
124    4    4      3     0    32    60     2      1     1    4    0    0   226   192.1K    4.691      934  OK
125    4    4      3     0    32   120     2      1     1    4    0    0   226   192.1K    4.692      934  OK
126    4    4      3     0    32    80     2      1     1    4    0    0   226   192.1K    4.694      933  OK
127    4    4      2     1    32   200     2      1     1    4    0    0   220   192.1K    4.695      933  OK
128    4    4      2     1    32   160     2      1     1    4    0    0   220   192.1K    4.696      933  OK
129    4    4      3     0    32   100     2      1     1    4    0    0   226   192.1K    4.696      933  OK
130    4    4      2     1    32    40     2      1     1    4    0    0   220   192.1K    4.704      931  OK
131    4    4      2     1    32    60     2      1     1    4    0    0   220   192.1K    4.704      931  OK
132    4    4      2     1    32    80     2      1     1    4    0    0   220   192.1K    4.704      931  OK
133    4    4      2     1    32   100     2      1     1    4    0    0   220   192.1K    4.705      931  OK
134    4    4      2     1    32   120     2      1     1    4    0    0   220   192.1K    4.706      931  OK
135    4    4      3     0    32   200     2      1     1    4    0    0   226   192.1K    4.707      930  OK
136    4    4      3     1    32   160     2      1     1    4    0    0   226   192.1K    4.709      930  OK
137    4    4      1     1    32     0     1      1     1    8    1    1   156   192.1K    4.734      925  OK
138    4    4      1     1    32     0     1      1     0    6    1    1   156   192.1K    4.736      925  OK
139    4    4      1     1    32     0     1      1     0    8    1    1   156   192.1K    4.737      925  OK
140    4    4      1     1    32     0     1      1     1    6    1    1   156   192.1K    4.739      924  OK
141    4    4      1     1    32     0     1      1     0    1    0    1   156   192.1K    4.740      924  OK
142    4    4      1     1    32     0     1      1     0    1    4    1   156   192.1K    4.740      924  OK
143    4    4      1     1    32     0     1      1     1    1    0    1   156   192.1K    4.740      924  OK
144    4    4      1     1    32     0     1      1     1    2    0    1   156   192.1K    4.742      924  OK
145    4    4      1     1    32     0     1      1     0    2    0    1   156   192.1K    4.743      923  OK
146    4    4      1     1    32     0     1      1     1    1    4    1   156   192.1K    4.744      923  OK
147    4    4      1     1    32     0     1      1     0    2    4    1   156   192.1K    4.746      923  OK
148    4    4      1     1    32     0     1      1     1    2    4    1   156   192.1K    4.746      923  OK
149    4    4      1     1    32     0     2      1     1    1    1    0   148   192.1K    4.755      921  OK
150    4    4      1     1    32     0     2      1     0    1    1    3   148   192.1K    4.757      921  OK
151    4    4      0     1    32     0     2      1     1    4    0    0   216   192.1K    4.758      921  OK
152    4    4      1     1    32     0     2      1     1    1    1    3   148   192.1K    4.759      920  OK
153    4    4      1     1    32     0     2      1     0    1    1    0   148   192.1K    4.760      920  OK
154    4    4      1     1    32     0     1      1     0    4    1    0   196   192.1K    4.771      918  OK
155    4    4      1     1    32     0     1      1     1    4    1    0   196   192.1K    4.771      918  OK
156    4    4      1     1    32     0     1      1     1    4    1    3   196   192.1K    4.772      918  OK
157    4    4      1     1    32     0     1      1     0    4    1    3   196   192.1K    4.776      917  OK
158    4    4      0     0    32     0     2      1     1    4    0    0   218   192.1K    4.786      915  OK
159    4    4      1     1    32     0     1      1     0    8    1    0   196   192.1K    4.791      914  OK
160    4    4      1     1    32     0     1      1     1    8    1    0   196   192.1K    4.791      914  OK
161    4    4      1     1    32     0     1      1     0    8    1    3   196   192.1K    4.792      914  OK
162    4    4      1     1    32     0     1      1     1    8    1    3   196   192.1K    4.794      914  OK
163    4    4      1     1    32     0     1      1     1    4    1    1   156   192.1K    4.798      913  OK
164    4    4      1     1    32     0     1      1     0    2    1    0   145   192.1K    4.799      913  OK
165    4    4      1     1    32     0     1      1     1    2    1    0   145   192.1K    4.799      913  OK
166    4    4      1     1    32     0     1      1     0    4    1    1   156   192.1K    4.800      913  OK
167    4    4      1     1    32     0     1      1     1    2    1    3   145   192.1K    4.800      912  OK
168    4    4      1     1    32     0     1      1     0    2    1    3   145   192.1K    4.801      912  OK
169    4    4      1     1    32     0     1      1     0    6    1    0   160   192.1K    4.817      909  OK
170    4    4      1     1    32     0     1      1     1    6    1    0   160   192.1K    4.818      909  OK
171    4    4      1     1    32     0     1      1     0    6    1    3   160   192.1K    4.820      909  OK
172    4    4      1     1    32     0     1      1     1    6    1    3   160   192.1K    4.820      909  OK
173    4    4      1     1    32     0     1      1     0    4    4    1   168   192.1K    4.832      906  OK
174    4    4      1     1    32     0     1      1     1    1    0    0   166   192.1K    4.833      906  OK
175    4    4      1     1    32     0     1      1     1    1    0    3   166   192.1K    4.833      906  OK
176    4    4      1     1    32     0     1      1     1    4    4    1   168   192.1K    4.833      906  OK
177    4    4      1     1    32     0     1      1     0    1    0    0   166   192.1K    4.834      906  OK
178    4    4      1     1    32     0     1      1     0    1    4    0   166   192.1K    4.834      906  OK
179    4    4      1     1    32     0     1      1     1    4    0    1   168   192.1K    4.834      906  OK
180    4    4      1     1    32     0     1      1     0    1    0    3   166   192.1K    4.835      906  OK
181    4    4      1     1    32     0     1      1     0    6    0    1   168   192.1K    4.835      906  OK
182    4    4      1     1    32     0     1      1     1    1    4    0   166   192.1K    4.835      906  OK
183    4    4      1     1    32     0     1      1     1    1    4    3   166   192.1K    4.835      906  OK
184    4    4      1     1    32     0     1      1     1    8    0    1   168   192.1K    4.836      906  OK
185    4    4      1     1    32     0     1      1     0    4    0    1   168   192.1K    4.837      906  OK
186    4    4      1     1    32     0     1      1     1    6    0    1   168   192.1K    4.837      906  OK
187    4    4      1     1    32     0     1      1     0    8    0    1   168   192.1K    4.838      905  OK
188    4    4      1     1    32     0     1      1     0    1    4    3   166   192.1K    4.839      905  OK
189    4    4      1     1    32     0     1      1     0    1    1    0   146   192.1K    4.843      904  OK
190    4    4      1     1    32     0     1      1     0    1    1    3   146   192.1K    4.844      904  OK
191    4    4      1     1    32     0     1      1     0    8    4    1   168   192.1K    4.844      904  OK
192    4    4      1     1    32     0     1      1     1    1    1    0   146   192.1K    4.844      904  OK
193    4    4      1     1    32     0     1      1     1    1    1    3   146   192.1K    4.844      904  OK
194    4    4      1     1    32     0     1      1     0    6    4    1   168   192.1K    4.845      904  OK
195    4    4      1     1    32     0     1      1     1    6    4    1   168   192.1K    4.847      904  OK
196    4    4      1     1    32     0     1      1     0    2    0    3   166   192.1K    4.849      903  OK
197    4    4      1     1    32     0     1      1     1    2    0    0   166   192.1K    4.850      903  OK
198    4    4      1     1    32     0     1      1     1    8    4    1   168   192.1K    4.850      903  OK
199    4    4      1     1    32     0     1      1     0    2    0    0   166   192.1K    4.851      903  OK
200    4    4      1     1    32     0     1      1     1    2    0    3   166   192.1K    4.851      903  OK
201    4    4      1     1    32     0     1      1     0    2    4    0   166   192.1K    4.855      902  OK
202    4    4      1     1    32     0     1      1     1    2    4    0   166   192.1K    4.856      902  OK
203    4    4      1     1    32     0     1      1     0    2    4    3   166   192.1K    4.858      902  OK
204    4    4      1     1    32     0     1      1     1    2    4    3   166   192.1K    4.859      901  OK
205    4    4      1     1    32     0     1      1     1    2    1    1   139   192.1K    4.885      897  OK
206    4    4      1     1    32     0     1      1     0    2    1    1   139   192.1K    4.886      896  OK
207    4    4      0     1    32    60     2      1     1    4    0    0   220   192.1K    4.887      896  OK
208    4    4      0     1    32   120     2      1     1    4    0    0   220   192.1K    4.887      896  OK
209    4    4      0     1    32   160     2      1     1    4    0    0   220   192.1K    4.887      896  OK
210    4    4      0     1    32    80     2      1     1    4    0    0   220   192.1K    4.888      896  OK
211    4    4      0     1    32   100     2      1     1    4    0    0   220   192.1K    4.888      896  OK
212    4    4      0     1    32    40     2      1     1    4    0    0   220   192.1K    4.889      896  OK
213    4    4      0     1    32   200     2      1     1    4    0    0   220   192.1K    4.890      896  OK
214    4    4      0     0    32    40     2      1     1    4    0    0   220   192.1K    4.910      892  OK
215    4    4      1     1    32     0     1      1     0    6    0    0   176   192.1K    4.910      892  OK
216    4    4      0     0    32    60     2      1     1    4    0    0   220   192.1K    4.911      892  OK
217    4    4      0     0    32    80     2      1     1    4    0    0   220   192.1K    4.911      892  OK
218    4    4      0     0    32   100     2      1     1    4    0    0   220   192.1K    4.912      892  OK
219    4    4      0     0    32   200     2      1     1    4    0    0   220   192.1K    4.912      892  OK
220    4    4      0     0    32   120     2      1     1    4    0    0   220   192.1K    4.913      892  OK
221    4    4      0     0    32   160     2      1     1    4    0    0   220   192.1K    4.913      892  OK
222    4    4      1     1    32     0     1      1     1    6    0    0   176   192.1K    4.913      891  OK
223    4    4      1     1    32     0     1      1     1    6    0    3   176   192.1K    4.913      891  OK
224    4    4      1     1    32     0     1      1     0    6    4    0   176   192.1K    4.915      891  OK
225    4    4      1     1    32     0     1      1     0    6    4    3   176   192.1K    4.916      891  OK
226    4    4      1     1    32     0     1      1     0    6    0    3   176   192.1K    4.917      891  OK
227    4    4      1     1    32     0     1      1     1    6    4    0   176   192.1K    4.917      891  OK
228    4    4      1     1    32     0     1      1     1    6    4    3   176   192.1K    4.918      891  OK
229    3    4      2     0    32    80     2      1     1    4    0    0   166   160.1K    4.962      883  OK
230    4    4      1     1    32     0     2      0     1    2    1    3   150   192.1K    4.980      879  OK
231    4    4      1     1    32     0     2      0     0    2    1    3   150   192.1K    4.981      879  OK
232    4    4      1     1    32     0     2      0     0    2    1    0   150   192.1K    4.983      879  OK
233    4    4      1     1    32     0     2      0     1    2    1    0   150   192.1K    4.984      879  OK
234    4    4      1     1    32     0     2      0     1    6    0    3   177   192.1K    4.999      876  OK
235    4    4      1     1    32     0     2      0     1    6    4    3   177   192.1K    4.999      876  OK
236    4    4      1     1    32     0     2      0     0    6    0    3   177   192.1K    5.000      876  OK
237    4    4      1     1    32     0     2      0     0    6    4    3   177   192.1K    5.000      876  OK
238    4    4      1     1    32     0     2      0     1    6    0    0   177   192.1K    5.000      876  OK
239    4    4      1     1    32     0     2      0     0    6    0    0   177   192.1K    5.002      876  OK
240    4    4      1     1    32     0     2      0     0    6    4    0   177   192.1K    5.002      876  OK
241    4    4      1     1    32     0     2      0     1    6    4    0   177   192.1K    5.004      875  OK
242    4    4      1     1    32     0     2      0     0    8    1    1   157   192.1K    5.018      873  OK
243    4    4      1     1    32     0     2      0     1    8    1    1   157   192.1K    5.018      873  OK
244    4    4      1     1    32     0     2      0     0    6    1    1   157   192.1K    5.019      873  OK
245    4    4      1     1    32     0     2      0     1    6    1    1   157   192.1K    5.020      873  OK
246    4    4      1     1    32     0     2      0     0    4    1    3   200   192.1K    5.027      871  OK
247    4    4      1     1    32     0     2      0     1    4    1    0   200   192.1K    5.029      871  OK
248    4    4      1     1    32     0     2      0     1    4    1    3   200   192.1K    5.030      871  OK
249    4    4      1     1    32     0     2      0     0    4    1    0   200   192.1K    5.032      870  OK
250    4    4      1     1    32     0     2      0     1    1    1    1   140   192.1K    5.037      870  OK
251    4    4      1     1    32     0     2      0     0    1    1    1   140   192.1K    5.038      869  OK
252    4    4      1     1    32     0     2      0     1    4    1    1   157   192.1K    5.042      869  OK
253    4    4      1     1    32     0     2      0     0    4    1    1   157   192.1K    5.045      868  OK
254    4    4      1     1    32     0     2      0     0    8    1    0   200   192.1K    5.046      868  OK
255    4    4      1     1    32     0     2      0     1    8    1    0   200   192.1K    5.049      867  OK
256    4    4      1     1    32     0     2      0     1    8    1    3   200   192.1K    5.049      867  OK
257    4    4      1     1    32     0     2      0     0    8    1    3   200   192.1K    5.050      867  OK
258    4    4      1     1    32     0     2      0     0    1    4    0   167   192.1K    5.058      866  OK
259    4    4      1     1    32     0     2      0     1    1    4    3   167   192.1K    5.060      866  OK
260    4    4      1     1    32     0     2      0     0    1    4    3   167   192.1K    5.061      866  OK
261    4    4      1     1    32     0     2      0     1    1    4    0   167   192.1K    5.061      865  OK
262    4    4      1     1    32     0     2      0     0    8    4    1   168   192.1K    5.064      865  OK
263    4    4      1     1    32     0     2      0     0    1    0    0   167   192.1K    5.065      865  OK
264    4    4      1     1    32     0     2      0     0    1    0    3   167   192.1K    5.065      865  OK
265    4    4      1     1    32     0     2      0     1    1    0    0   167   192.1K    5.066      865  OK
266    4    4      1     1    32     0     2      0     1    6    4    1   168   192.1K    5.066      865  OK
267    4    4      1     1    32     0     2      0     0    6    4    1   168   192.1K    5.067      864  OK
268    4    4      1     1    32     0     2      0     1    1    0    3   167   192.1K    5.067      864  OK
269    4    4      1     1    32     0     2      0     1    8    4    1   168   192.1K    5.067      864  OK
270    4    4      1     1    32     0     2      0     0    8    0    1   168   192.1K    5.070      864  OK
271    4    4      1     1    32     0     2      0     1    6    0    1   168   192.1K    5.070      864  OK
272    4    4      1     1    32     0     2      0     1    8    0    1   168   192.1K    5.071      864  OK
273    4    4      1     1    32     0     2      0     0    1    0    1   163   192.1K    5.072      864  OK
274    4    4      1     1    32     0     2      0     0    6    0    1   168   192.1K    5.072      864  OK
275    4    4      1     1    32     0     2      0     1    1    0    1   163   192.1K    5.075      863  OK
276    4    4      1     1    32     0     2      0     0    1    4    1   163   192.1K    5.078      863  OK
277    4    4      1     1    32     0     2      0     1    1    4    1   163   192.1K    5.078      862  OK
278    4    4      1     1    32     0     2      0     1    2    1    1   142   192.1K    5.080      862  OK
279    4    4      1     1    32     0     2      0     0    2    1    1   142   192.1K    5.082      862  OK
280    4    4      1     1    32     0     2      0     0    2    4    0   167   192.1K    5.084      861  OK
281    4    4      1     1    32     0     2      0     0    2    4    3   167   192.1K    5.088      861  OK
282    4    4      1     1    32     0     2      0     1    2    4    3   167   192.1K    5.088      861  OK
283    4    4      1     1    32     0     2      0     1    2    4    0   167   192.1K    5.089      861  OK
284    4    4      1     1    32     0     2      0     0    4    4    1   168   192.1K    5.093      860  OK
285    4    4      1     1    32     0     2      0     1    4    4    1   168   192.1K    5.093      860  OK
286    4    4      1     1    32     0     2      0     0    2    4    1   163   192.1K    5.113      857  OK
287    4    4      1     1    32     0     2      0     1    2    4    1   163   192.1K    5.114      856  OK
288    4    4      1     1    32     0     2      0     1    2    0    1   163   192.1K    5.117      856  OK
289    4    4      1     1    32     0     2      0     0    8    4    3   214   192.1K    5.118      856  OK
290    4    4      1     1    32     0     2      0     1    8    4    3   214   192.1K    5.118      856  OK
291    4    4      1     1    32     0     2      0     0    2    0    1   163   192.1K    5.119      856  OK
292    4    4      1     1    32     0     2      0     0    2    0    0   167   192.1K    5.120      855  OK
293    4    4      1     1    32     0     2      0     0    8    4    0   214   192.1K    5.120      855  OK
294    4    4      1     1    32     0     2      0     0    2    0    3   167   192.1K    5.122      855  OK
295    4    4      1     1    32     0     2      0     1    2    0    0   167   192.1K    5.123      855  OK
296    4    4      1     1    32     0     2      0     1    2    0    3   167   192.1K    5.123      855  OK
297    4    4      1     1    32     0     2      0     1    8    4    0   214   192.1K    5.124      855  OK
298    4    4      1     1    32     0     2      0     0    4    0    1   168   192.1K    5.126      854  OK
299    4    4      1     1    32     0     2      0     1    4    0    1   168   192.1K    5.127      854  OK
300    4    4      1     1    32     0     2      0     1    6    1    0   167   192.1K    5.127      854  OK
301    4    4      1     1    32     0     2      0     0    6    1    0   167   192.1K    5.128      854  OK
302    4    4      1     1    32     0     2      0     0    6    1    3   167   192.1K    5.128      854  OK
303    4    4      1     1    32     0     2      0     0    8    0    0   214   192.1K    5.128      854  OK
304    4    4      1     1    32     0     2      0     0    8    0    3   214   192.1K    5.130      854  OK
305    4    4      1     1    32     0     2      0     1    8    0    0   214   192.1K    5.131      854  OK
306    4    4      1     1    32     0     2      0     1    8    0    3   214   192.1K    5.131      854  OK
307    4    4      1     1    32     0     2      0     0    4    0    3   214   192.1K    5.132      854  OK
308    4    4      1     1    32     0     2      0     1    6    1    3   167   192.1K    5.132      853  OK
309    4    4      1     1    32     0     2      0     0    4    4    0   214   192.1K    5.134      853  OK
310    4    4      1     1    32     0     2      0     0    4    4    3   214   192.1K    5.134      853  OK
311    4    4      1     1    32     0     2      0     1    4    0    0   214   192.1K    5.134      853  OK
312    4    4      1     1    32     0     2      0     1    4    0    3   214   192.1K    5.134      853  OK
313    4    4      1     1    32     0     2      0     0    4    0    0   214   192.1K    5.136      853  OK
314    4    4      1     1    32     0     2      0     1    4    4    0   214   192.1K    5.136      853  OK
315    4    4      1     1    32     0     2      0     1    4    4    3   214   192.1K    5.136      853  OK
316    4    4      1     1    32     0     1      1     1    8    4    3   212   192.1K    5.334      821  OK
317    4    4      1     1    32     0     1      1     0    8    4    3   212   192.1K    5.335      821  OK
318    4    4      1     1    32     0     1      1     0    8    4    0   212   192.1K    5.336      821  OK
319    4    4      1     1    32     0     1      1     1    8    4    0   212   192.1K    5.336      821  OK
320    4    4      1     1    32     0     1      1     0    8    0    0   212   192.1K    5.340      820  OK
321    4    4      1     1    32     0     1      1     0    8    0    3   212   192.1K    5.340      820  OK
322    4    4      1     1    32     0     1      1     1    8    0    0   212   192.1K    5.340      820  OK
323    4    4      1     1    32     0     1      1     1    8    0    3   212   192.1K    5.340      820  OK
324    4    4      1     1    32     0     1      1     0    4    0    0   212   192.1K    5.341      820  OK
325    4    4      1     1    32     0     1      1     1    4    0    0   212   192.1K    5.343      820  OK
326    4    4      1     1    32     0     1      1     1    4    0    3   212   192.1K    5.344      820  OK
327    4    4      1     1    32     0     1      1     0    4    4    0   212   192.1K    5.345      819  OK
328    4    4      1     1    32     0     1      1     0    4    0    3   212   192.1K    5.345      819  OK
329    4    4      1     1    32     0     1      1     0    4    4    3   212   192.1K    5.345      820  OK
330    4    4      1     1    32     0     1      1     1    4    4    3   212   192.1K    5.347      819  OK
331    4    4      1     1    32     0     1      1     1    4    4    0   212   192.1K    5.348      819  OK
332    4    4      1     1    32     0     1      0     0    6    1    1   156   192.1K    5.402      811  OK
333    4    4      1     1    32     0     1      0     1    6    1    1   156   192.1K    5.402      811  OK
334    4    4      1     1    32     0     1      0     1    8    1    1   156   192.1K    5.402      811  OK
335    4    4      1     1    32     0     1      0     0    8    1    1   156   192.1K    5.405      810  OK
336    4    4      1     1    32     0     1      0     1    2    0    1   156   192.1K    5.425      807  OK
337    4    4      1     1    32     0     1      0     0    2    0    1   156   192.1K    5.426      807  OK
338    4    4      1     1    32     0     1      0     1    1    0    1   156   192.1K    5.432      806  OK
339    4    4      1     1    32     0     1      0     1    2    4    1   156   192.1K    5.432      806  OK
340    4    4      1     1    32     0     1      0     0    1    0    1   156   192.1K    5.433      806  OK
341    4    4      1     1    32     0     1      0     0    2    4    1   156   192.1K    5.435      806  OK
342    4    4      1     1    32     0     1      0     0    1    4    1   156   192.1K    5.438      805  OK
343    4    4      1     1    32     0     1      0     1    1    4    1   156   192.1K    5.438      805  OK
344    4    4      1     1    32     0     1      0     1    2    1    0   145   192.1K    5.450      804  OK
345    4    4      1     1    32     0     1      0     1    2    1    3   145   192.1K    5.450      804  OK
346    4    4      1     1    32     0     1      0     0    2    1    0   145   192.1K    5.452      803  OK
347    4    4      1     1    32     0     1      0     0    2    1    3   145   192.1K    5.452      803  OK
348    4    4      1     1    32     0     1      0     0    8    1    0   196   192.1K    5.453      803  OK
349    4    4      1     1    32     0     1      0     1    8    1    3   196   192.1K    5.453      803  OK
350    4    4      1     1    32     0     1      0     0    8    1    3   196   192.1K    5.454      803  OK
351    4    4      1     1    32     0     1      0     1    8    1    0   196   192.1K    5.456      803  OK
352    4    4      1     1    32     0     1      0     1    4    1    0   196   192.1K    5.459      802  OK
353    4    4      1     1    32     0     1      0     1    4    1    1   156   192.1K    5.459      802  OK
354    4    4      1     1    32     0     1      0     1    4    1    3   196   192.1K    5.460      802  OK
355    4    4      1     1    32     0     1      0     0    4    1    1   156   192.1K    5.462      802  OK
356    4    4      1     1    32     0     1      0     0    4    1    0   196   192.1K    5.463      802  OK
357    4    4      1     1    32     0     1      0     0    4    1    3   196   192.1K    5.464      802  OK
358    4    4      1     1    32     0     2      0     0    1    1    0   148   192.1K    5.468      801  OK
359    4    4      1     1    32     0     2      0     0    1    1    3   148   192.1K    5.468      801  OK
360    4    4      1     1    32     0     1      0     1    6    1    3   160   192.1K    5.468      801  OK
361    4    4      1     1    32     0     1      0     0    6    1    3   160   192.1K    5.469      801  OK
362    4    4      1     1    32     0     2      0     1    1    1    0   148   192.1K    5.469      801  OK
363    4    4      1     1    32     0     1      0     0    6    1    0   160   192.1K    5.470      801  OK
364    4    4      1     1    32     0     1      0     1    6    1    0   160   192.1K    5.470      801  OK
365    4    4      1     1    32     0     2      0     1    1    1    3   148   192.1K    5.471      801  OK
366    4    4      1     1    32     0     1      1     1    1    1    1   141   192.1K    5.473      800  OK
367    4    4      1     1    32     0     1      1     0    1    1    1   141   192.1K    5.475      800  OK
368    4    4      1     1    32     0     1      0     0    6    0    1   168   192.1K    5.486      798  OK
369    4    4      1     1    32     0     1      0     0    8    0    1   168   192.1K    5.486      798  OK
370    4    4      1     1    32     0     1      0     1    8    0    1   168   192.1K    5.486      798  OK
371    4    4      1     1    32     0     1      0     1    6    0    1   168   192.1K    5.490      798  OK
372    4    4      1     1    32     0     1      0     0    4    0    1   168   192.1K    5.492      797  OK
373    4    4      1     1    32     0     1      0     1    4    0    1   168   192.1K    5.495      797  OK
374    4    4      1     1    32     0     1      0     1    8    4    1   168   192.1K    5.496      797  OK
375    4    4      1     1    32     0     1      0     1    6    4    1   168   192.1K    5.497      797  OK
376    4    4      1     1    32     0     1      0     0    6    4    1   168   192.1K    5.498      797  OK
377    4    4      1     1    32     0     1      0     0    1    1    3   146   192.1K    5.502      796  OK
378    4    4      1     1    32     0     1      0     0    8    4    1   168   192.1K    5.502      796  OK
379    4    4      1     1    32     0     1      0     0    1    1    0   146   192.1K    5.504      796  OK
380    4    4      1     1    32     0     1      0     1    4    4    1   168   192.1K    5.504      796  OK
381    4    4      1     1    32     0     1      0     1    1    1    3   146   192.1K    5.505      796  OK
382    4    4      1     1    32     0     1      0     0    4    4    1   168   192.1K    5.506      795  OK
383    4    4      1     1    32     0     1      0     1    1    0    0   166   192.1K    5.507      795  OK
384    4    4      1     1    32     0     1      0     0    1    4    3   166   192.1K    5.509      795  OK
385    4    4      1     1    32     0     1      0     1    1    1    0   146   192.1K    5.509      795  OK
386    4    4      1     1    32     0     1      0     1    1    4    0   166   192.1K    5.509      795  OK
387    4    4      1     1    32     0     1      0     0    1    4    0   166   192.1K    5.512      795  OK
388    4    4      1     1    32     0     1      0     1    1    0    3   166   192.1K    5.512      795  OK
389    4    4      1     1    32     0     1      0     1    1    4    3   166   192.1K    5.512      795  OK
390    4    4      1     1    32     0     1      0     0    1    0    0   166   192.1K    5.514      794  OK
391    4    4      1     1    32     0     1      0     0    1    0    3   166   192.1K    5.515      794  OK
392    4    4      1     1    32     0     1      0     0    2    0    0   166   192.1K    5.527      793  OK
393    4    4      1     1    32     0     1      0     1    2    0    0   166   192.1K    5.528      792  OK
394    4    4      1     1    32     0     1      0     1    2    0    3   166   192.1K    5.531      792  OK
395    4    4      1     1    32     0     1      0     0    2    0    3   166   192.1K    5.533      792  OK
396    4    4      1     1    32     0     1      0     1    2    4    3   166   192.1K    5.538      791  OK
397    4    4      1     1    32     0     1      0     0    2    4    3   166   192.1K    5.539      791  OK
398    4    4      1     1    32     0     1      0     1    2    4    0   166   192.1K    5.539      791  OK
399    4    4      1     1    32     0     1      0     0    2    4    0   166   192.1K    5.541      791  OK
400    4    4      1     1    32     0     1      0     0    2    1    1   139   192.1K    5.543      790  OK
401    4    4      1     1    32     0     1      0     1    2    1    1   139   192.1K    5.544      790  OK
402    4    4      1     1    32     0     1      0     0    6    0    0   176   192.1K    5.555      788  OK
403    4    4      1     1    32     0     1      0     1    6    0    0   176   192.1K    5.557      788  OK
404    4    4      1     1    32     0     1      0     1    6    0    3   176   192.1K    5.557      788  OK
405    4    4      1     1    32     0     1      0     0    6    0    3   176   192.1K    5.558      788  OK
406    4    4      1     1    32     0     1      0     1    6    4    0   176   192.1K    5.563      787  OK
407    4    4      1     1    32     0     1      0     1    6    4    3   176   192.1K    5.565      787  OK
408    4    4      1     1    32     0     1      0     0    6    4    0   176   192.1K    5.566      787  OK
409    4    4      1     1    32     0     1      0     0    6    4    3   176   192.1K    5.566      787  OK
410    4    4      1     1    32     0     1      0     0    8    0    0   212   192.1K    5.959      735  OK
411    4    4      1     1    32     0     1      0     1    8    0    3   212   192.1K    5.959      735  OK
412    4    4      1     1    32     0     1      0     1    8    0    0   212   192.1K    5.960      735  OK
413    4    4      1     1    32     0     1      0     0    8    0    3   212   192.1K    5.962      735  OK
414    4    4      1     1    32     0     1      0     0    4    0    0   212   192.1K    5.964      734  OK
415    4    4      1     1    32     0     1      0     1    4    0    3   212   192.1K    5.964      734  OK
416    4    4      1     1    32     0     1      0     0    4    0    3   212   192.1K    5.967      734  OK
417    4    4      1     1    32     0     1      0     1    4    0    0   212   192.1K    5.968      734  OK
418    4    4      1     1    32     0     1      0     1    8    4    3   212   192.1K    5.972      733  OK
419    4    4      1     1    32     0     1      0     0    4    4    3   212   192.1K    5.975      733  OK
420    4    4      1     1    32     0     1      0     1    8    4    0   212   192.1K    5.976      733  OK
421    4    4      1     1    32     0     1      0     0    8    4    3   212   192.1K    5.977      733  OK
422    4    4      1     1    32     0     1      0     0    8    4    0   212   192.1K    5.978      733  OK
423    4    4      1     1    32     0     1      0     1    4    4    3   212   192.1K    5.978      733  OK
424    4    4      1     1    32     0     1      0     1    4    4    0   212   192.1K    5.980      732  OK
425    4    4      1     1    32     0     1      0     0    4    4    0   212   192.1K    5.982      732  OK
426    4    4      1     1    32     0     1      0     0    1    1    1   141   192.1K    6.109      717  OK
427    4    4      1     1    32     0     1      0     1    1    1    1   141   192.1K    6.109      717  OK
428    4    4      1     1    32     0     4      1     0    1    1    1   180   192.1K    7.158      612  OK
429    4    4      1     1    32     0     4      1     1    1    1    1   180   192.1K    7.159      612  OK
430    4    4      1     1    32     0     4      0     1    1    1    1   180   192.1K    7.169      611  OK
431    4    4      1     1    32     0     4      0     0    1    1    1   180   192.1K    7.170      611  OK
432    4    4      1     1    32     0     4      1     0    2    1    1   181   192.1K    7.171      611  OK
433    4    4      1     1    32     0     4      1     1    2    1    1   181   192.1K    7.171      611  OK
434    4    4      1     1    32     0     4      0     1    2    1    1   181   192.1K    7.172      611  OK
435    4    4      1     1    32     0     4      0     0    2    1    1   181   192.1K    7.173      611  OK
436    4    4      1     1    32     0     4      0     0    1    1    0   189   192.1K    7.174      611  OK
437    4    4      1     1    32     0     4      0     0    1    1    3   189   192.1K    7.174      611  OK
438    4    4      1     1    32     0     4      0     1    1    1    0   189   192.1K    7.174      611  OK
439    4    4      1     1    32     0     4      0     1    1    1    3   189   192.1K    7.174      611  OK
440    4    4      1     1    32     0     4      1     0    1    1    0   189   192.1K    7.180      610  OK
441    4    4      1     1    32     0     4      1     0    1    1    3   189   192.1K    7.180      610  OK
442    4    4      1     1    32     0     4      1     1    1    1    0   189   192.1K    7.180      610  OK
443    4    4      1     1    32     0     4      1     1    1    1    3   189   192.1K    7.180      610  OK
444    4    4      1     1    32     0     4      1     1    6    1    1   195   192.1K    7.197      609  OK
445    4    4      1     1    32     0     4      1     1    8    1    1   195   192.1K    7.197      609  OK
446    4    4      1     1    32     0     4      1     0    6    1    1   195   192.1K    7.198      609  OK
447    4    4      1     1    32     0     4      1     0    8    1    1   195   192.1K    7.198      609  OK
448    4    4      1     1    32     0     4      0     0    6    1    1   195   192.1K    7.199      608  OK
449    4    4      1     1    32     0     4      0     0    8    1    1   195   192.1K    7.199      608  OK
450    4    4      1     1    32     0     4      0     1    6    1    1   195   192.1K    7.199      608  OK
451    4    4      1     1    32     0     4      0     1    8    1    1   195   192.1K    7.200      608  OK
452    4    4      1     1    32     0     4      0     0    2    1    0   189   192.1K    7.208      608  OK
453    4    4      1     1    32     0     4      1     0    6    1    0   202   192.1K    7.208      608  OK
454    4    4      1     1    32     0     4      1     0    6    1    3   202   192.1K    7.208      608  OK
455    4    4      1     1    32     0     4      0     1    2    1    0   189   192.1K    7.208      608  OK
456    4    4      1     1    32     0     4      0     1    2    1    3   189   192.1K    7.208      608  OK
457    4    4      1     1    32     0     4      1     1    6    1    3   202   192.1K    7.208      608  OK
458    4    4      1     1    32     0     4      0     0    2    1    3   189   192.1K    7.209      608  OK
459    4    4      1     1    32     0     4      1     1    6    1    0   202   192.1K    7.209      608  OK
460    4    4      1     1    32     0     4      0     1    4    1    1   195   192.1K    7.211      607  OK
461    4    4      1     1    32     0     4      0     0    4    1    1   195   192.1K    7.212      607  OK
462    4    4      1     1    32     0     4      0     1    1    4    1   199   192.1K    7.213      607  OK
463    4    4      1     1    32     0     4      0     0    1    4    1   199   192.1K    7.214      607  OK
464    4    4      1     1    32     0     4      0     1    8    1    3   240   192.1K    7.216      607  OK
465    4    4      1     1    32     0     4      0     0    6    1    0   202   192.1K    7.217      607  OK
466    4    4      1     1    32     0     4      0     0    6    1    3   202   192.1K    7.217      607  OK
467    4    4      1     1    32     0     4      0     0    8    1    3   240   192.1K    7.217      607  OK
468    4    4      1     1    32     0     4      0     1    6    1    0   202   192.1K    7.217      607  OK
469    4    4      1     1    32     0     4      0     1    6    1    3   202   192.1K    7.217      607  OK
470    4    4      1     1    32     0     4      0     1    8    1    0   240   192.1K    7.217      607  OK
471    4    4      1     1    32     0     4      0     0    8    1    0   240   192.1K    7.218      607  OK
472    4    4      1     1    32     0     4      0     0    4    1    0   240   192.1K    7.221      607  OK
473    4    4      1     1    32     0     4      1     1    4    1    1   195   192.1K    7.221      607  OK
474    4    4      1     1    32     0     4      0     1    4    1    3   240   192.1K    7.222      606  OK
475    4    4      1     1    32     0     4      1     0    4    1    1   195   192.1K    7.223      606  OK
476    4    4      1     1    32     0     4      0     1    4    1    0   240   192.1K    7.223      606  OK
477    4    4      1     1    32     0     4      0     0    4    1    3   240   192.1K    7.224      606  OK
478    4    4      1     1    32     0     4      1     0    8    1    0   240   192.1K    7.227      606  OK
479    4    4      1     1    32     0     4      1     1    2    1    0   189   192.1K    7.227      606  OK
480    4    4      1     1    32     0     4      1     1    2    1    3   189   192.1K    7.227      606  OK
481    4    4      1     1    32     0     4      1     1    8    1    0   240   192.1K    7.227      606  OK
482    4    4      1     1    32     0     4      1     1    8    1    3   240   192.1K    7.227      606  OK
483    4    4      1     1    32     0     4      1     0    2    1    0   189   192.1K    7.228      606  OK
484    4    4      1     1    32     0     4      1     0    2    1    3   189   192.1K    7.228      606  OK
485    4    4      1     1    32     0     4      1     0    8    1    3   240   192.1K    7.228      606  OK
486    4    4      1     1    32     0     4      1     1    4    1    3   240   192.1K    7.228      606  OK
487    4    4      1     1    32     0     4      1     0    4    1    0   240   192.1K    7.229      606  OK
488    4    4      1     1    32     0     4      1     0    4    1    3   240   192.1K    7.229      606  OK
489    4    4      1     1    32     0     4      1     1    4    1    0   240   192.1K    7.229      606  OK
490    4    4      1     1    32     0     4      1     0    1    4    0   207   192.1K    7.230      606  OK
491    4    4      1     1    32     0     4      1     0    1    4    3   207   192.1K    7.231      606  OK
492    4    4      1     1    32     0     4      1     1    1    4    0   207   192.1K    7.231      606  OK
493    4    4      1     1    32     0     4      1     1    1    4    3   207   192.1K    7.231      606  OK
494    4    4      1     1    32     0     4      1     1    1    4    1   199   192.1K    7.236      605  OK
495    4    4      1     1    32     0     4      0     0    1    4    0   207   192.1K    7.237      605  OK
496    4    4      1     1    32     0     4      0     0    1    4    3   207   192.1K    7.237      605  OK
497    4    4      1     1    32     0     4      1     0    1    4    1   199   192.1K    7.237      605  OK
498    4    4      1     1    32     0     4      0     1    1    4    0   207   192.1K    7.237      605  OK
499    4    4      1     1    32     0     4      0     1    1    4    3   207   192.1K    7.238      605  OK
500    4    4      1     1    32     0     4      0     1    2    4    1   199   192.1K    7.244      605  OK
501    4    4      1     1    32     0     4      0     0    2    4    1   199   192.1K    7.245      605  OK
502    4    4      1     1    32     0     4      0     0    6    4    1   209   192.1K    7.247      604  OK
503    4    4      1     1    32     0     4      0     0    8    4    1   209   192.1K    7.248      604  OK
504    4    4      1     1    32     0     4      0     1    6    4    1   209   192.1K    7.248      604  OK
505    4    4      1     1    32     0     4      0     1    8    4    1   209   192.1K    7.248      604  OK
506    4    4      1     1    32     0     4      0     1    1    0    0   207   192.1K    7.250      604  OK
507    4    4      1     1    32     0     4      0     0    1    0    0   207   192.1K    7.251      604  OK
508    4    4      1     1    32     0     4      0     0    1    0    3   207   192.1K    7.251      604  OK
509    4    4      1     1    32     0     4      0     1    1    0    3   207   192.1K    7.251      604  OK
510    4    4      1     1    32     0     4      1     0    6    4    1   209   192.1K    7.255      604  OK
511    4    4      1     1    32     0     4      0     0    8    4    0   245   192.1K    7.255      604  OK
512    4    4      1     1    32     0     4      0     0    8    4    3   245   192.1K    7.255      604  OK
513    4    4      1     1    32     0     4      1     0    8    4    1   209   192.1K    7.255      604  OK
514    4    4      1     1    32     0     4      1     1    6    4    1   209   192.1K    7.255      604  OK
515    4    4      1     1    32     0     4      0     1    8    4    0   245   192.1K    7.255      604  OK
516    4    4      1     1    32     0     4      1     1    8    4    1   209   192.1K    7.255      604  OK
517    4    4      1     1    32     0     4      0     0    2    0    1   199   192.1K    7.256      604  OK
518    4    4      1     1    32     0     4      0     1    1    0    1   199   192.1K    7.256      604  OK
519    4    4      1     1    32     0     4      0     1    2    0    1   199   192.1K    7.256      604  OK
520    4    4      1     1    32     0     4      0     1    8    4    3   245   192.1K    7.256      604  OK
521    4    4      1     1    32     0     4      0     0    1    0    1   199   192.1K    7.258      604  OK
522    4    4      1     1    32     0     4      0     0    4    4    0   245   192.1K    7.258      603  OK
523    4    4      1     1    32     0     4      0     0    4    4    1   209   192.1K    7.258      603  OK
524    4    4      1     1    32     0     4      1     1    1    0    0   207   192.1K    7.258      603  OK
525    4    4      1     1    32     0     4      0     1    4    4    0   245   192.1K    7.258      603  OK
526    4    4      1     1    32     0     4      1     0    1    0    0   207   192.1K    7.259      603  OK
527    4    4      1     1    32     0     4      1     0    1    0    3   207   192.1K    7.259      603  OK
528    4    4      1     1    32     0     4      0     0    4    4    3   245   192.1K    7.259      603  OK
529    4    4      1     1    32     0     4      1     1    1    0    3   207   192.1K    7.259      603  OK
530    4    4      1     1    32     0     4      0     1    4    4    1   209   192.1K    7.259      603  OK
531    4    4      1     1    32     0     4      0     1    4    4    3   245   192.1K    7.259      603  OK
532    4    4      1     1    32     0     4      1     0    1    0    1   199   192.1K    7.266      603  OK
533    4    4      1     1    32     0     4      1     0    8    4    3   245   192.1K    7.266      603  OK
534    4    4      1     1    32     0     4      1     1    1    0    1   199   192.1K    7.266      603  OK
535    4    4      1     1    32     0     4      1     1    8    4    0   245   192.1K    7.266      603  OK
536    4    4      1     1    32     0     4      1     1    8    4    3   245   192.1K    7.266      603  OK
537    4    4      1     1    32     0     4      1     0    8    4    0   245   192.1K    7.267      603  OK
538    4    4      1     1    32     0     4      1     1    4    4    0   245   192.1K    7.268      603  OK
539    4    4      1     1    32     0     4      1     1    4    4    3   245   192.1K    7.268      603  OK
540    4    4      1     1    32     0     4      1     0    4    4    0   245   192.1K    7.269      603  OK
541    4    4      1     1    32     0     4      1     0    4    4    3   245   192.1K    7.269      603  OK
542    4    4      1     1    32     0     4      0     0    8    0    1   209   192.1K    7.270      602  OK
543    4    4      1     1    32     0     4      0     1    6    0    1   209   192.1K    7.270      602  OK
544    4    4      1     1    32     0     4      0     1    8    0    1   209   192.1K    7.270      602  OK
545    4    4      1     1    32     0     4      0     0    6    0    1   209   192.1K    7.271      602  OK
546    4    4      1     1    32     0     4      0     1    2    0    0   207   192.1K    7.271      602  OK
547    4    4      1     1    32     0     4      0     1    2    4    3   207   192.1K    7.271      602  OK
548    4    4      1     1    32     0     4      1     1    2    4    1   199   192.1K    7.271      602  OK
549    4    4      1     1    32     0     4      0     0    2    0    0   207   192.1K    7.272      602  OK
550    4    4      1     1    32     0     4      0     0    2    4    0   207   192.1K    7.272      602  OK
551    4    4      1     1    32     0     4      1     0    2    4    1   199   192.1K    7.272      602  OK
552    4    4      1     1    32     0     4      0     1    2    4    0   207   192.1K    7.272      602  OK
553    4    4      1     1    32     0     4      0     1    2    0    3   207   192.1K    7.272      602  OK
554    4    4      1     1    32     0     4      0     0    2    0    3   207   192.1K    7.273      602  OK
555    4    4      1     1    32     0     4      1     0    6    4    0   218   192.1K    7.273      602  OK
556    4    4      1     1    32     0     4      1     1    2    0    1   199   192.1K    7.273      602  OK
557    4    4      1     1    32     0     4      0     0    2    4    3   207   192.1K    7.274      602  OK
558    4    4      1     1    32     0     4      1     0    2    0    1   199   192.1K    7.274      602  OK
559    4    4      1     1    32     0     4      1     0    6    4    3   218   192.1K    7.274      602  OK
560    4    4      1     1    32     0     4      1     1    6    4    0   218   192.1K    7.274      602  OK
561    4    4      1     1    32     0     4      1     1    6    4    3   218   192.1K    7.275      602  OK
562    4    4      1     1    32     0     4      1     0    2    4    0   207   192.1K    7.278      602  OK
563    4    4      1     1    32     0     4      1     0    2    4    3   207   192.1K    7.278      602  OK
564    4    4      1     1    32     0     4      1     1    2    4    0   207   192.1K    7.278      602  OK
565    4    4      1     1    32     0     4      1     1    4    4    1   209   192.1K    7.278      602  OK
566    4    4      1     1    32     0     4      1     0    4    4    1   209   192.1K    7.279      602  OK
567    4    4      1     1    32     0     4      1     1    2    4    3   207   192.1K    7.279      602  OK
568    4    4      1     1    32     0     4      0     0    8    0    0   245   192.1K    7.280      602  OK
569    4    4      1     1    32     0     4      0     0    8    0    3   245   192.1K    7.280      602  OK
570    4    4      1     1    32     0     4      0     1    8    0    0   245   192.1K    7.280      602  OK
571    4    4      1     1    32     0     4      0     1    6    4    0   218   192.1K    7.281      602  OK
572    4    4      1     1    32     0     4      0     1    8    0    3   245   192.1K    7.281      602  OK
573    4    4      1     1    32     0     4      0     1    6    4    3   218   192.1K    7.282      602  OK
574    4    4      1     1    32     0     4      0     0    4    0    0   245   192.1K    7.283      601  OK
575    4    4      1     1    32     0     4      0     0    4    0    3   245   192.1K    7.283      601  OK
576    4    4      1     1    32     0     4      0     0    6    4    0   218   192.1K    7.283      601  OK
577    4    4      1     1    32     0     4      0     0    6    4    3   218   192.1K    7.283      601  OK
578    4    4      1     1    32     0     4      0     0    4    0    1   209   192.1K    7.284      601  OK
579    4    4      1     1    32     0     4      0     1    4    0    0   245   192.1K    7.284      601  OK
580    4    4      1     1    32     0     4      0     1    4    0    1   209   192.1K    7.284      601  OK
581    4    4      1     1    32     0     4      0     1    4    0    3   245   192.1K    7.284      601  OK
582    4    4      1     1    32     0     4      1     0    6    0    1   209   192.1K    7.286      601  OK
583    4    4      1     1    32     0     4      1     0    8    0    1   209   192.1K    7.286      601  OK
584    4    4      1     1    32     0     4      1     1    6    0    1   209   192.1K    7.286      601  OK
585    4    4      1     1    32     0     4      1     1    8    0    1   209   192.1K    7.286      601  OK
586    4    4      1     1    32     0     4      1     1    2    0    0   207   192.1K    7.288      601  OK
587    4    4      1     1    32     0     4      1     1    2    0    3   207   192.1K    7.288      601  OK
588    4    4      1     1    32     0     4      1     1    4    0    0   245   192.1K    7.288      601  OK
589    4    4      1     1    32     0     4      1     0    2    0    0   207   192.1K    7.289      601  OK
590    4    4      1     1    32     0     4      1     0    2    0    3   207   192.1K    7.289      601  OK
591    4    4      1     1    32     0     4      1     1    4    0    3   245   192.1K    7.289      601  OK
592    4    4      1     1    32     0     4      1     0    4    0    0   245   192.1K    7.290      601  OK
593    4    4      1     1    32     0     4      1     0    4    0    3   245   192.1K    7.290      601  OK
594    4    4      1     1    32     0     4      0     1    6    0    3   218   192.1K    7.292      601  OK
595    4    4      1     1    32     0     4      0     0    6    0    0   218   192.1K    7.294      600  OK
596    4    4      1     1    32     0     4      0     1    6    0    0   218   192.1K    7.294      600  OK
597    4    4      1     1    32     0     4      0     0    6    0    3   218   192.1K    7.295      600  OK
598    4    4      1     1    32     0     4      1     0    8    0    0   245   192.1K    7.298      600  OK
599    4    4      1     1    32     0     4      1     0    8    0    3   245   192.1K    7.299      600  OK
600    4    4      1     1    32     0     4      1     1    8    0    0   245   192.1K    7.299      600  OK
601    4    4      1     1    32     0     4      1     1    8    0    3   245   192.1K    7.299      600  OK
602    4    4      1     1    32     0     4      1     0    4    0    1   209   192.1K    7.302      600  OK
603    4    4      1     1    32     0     4      1     1    4    0    1   209   192.1K    7.302      600  OK
604    4    4      1     1    32     0     4      1     0    6    0    3   218   192.1K    7.303      600  OK
605    4    4      1     1    32     0     4      1     1    6    0    0   218   192.1K    7.303      600  OK
606    4    4      1     1    32     0     4      1     1    6    0    3   218   192.1K    7.303      600  OK
607    4    4      1     1    32     0     4      1     0    6    0    0   218   192.1K    7.304      600  OK
608    4    5      2     0    32    80     2      1     1    4    0    0   226   208.1K   10.672      410  OK
609    3    5      2     0    32    80     2      1     1    4    0    0   168   176.1K   10.834      404  OK
610    4    4      0     0    64     0     2      1     1    4    0    0     0   192.1K        -        -  COMPILE_FAIL
611    4    4      0     0    64    40     2      1     1    4    0    0     0   192.1K        -        -  COMPILE_FAIL
612    4    4      0     0    64    60     2      1     1    4    0    0     0   192.1K        -        -  COMPILE_FAIL
613    4    4      0     0    64    80     2      1     1    4    0    0     0   192.1K        -        -  COMPILE_FAIL
614    4    4      0     0    64   100     2      1     1    4    0    0     0   192.1K        -        -  COMPILE_FAIL
615    4    4      0     0    64   120     2      1     1    4    0    0     0   192.1K        -        -  COMPILE_FAIL
616    4    4      0     0    64   160     2      1     1    4    0    0     0   192.1K        -        -  COMPILE_FAIL
617    4    4      0     0    64   200     2      1     1    4    0    0     0   192.1K        -        -  COMPILE_FAIL
618    4    4      0     1    64     0     2      1     1    4    0    0     0   192.1K        -        -  COMPILE_FAIL
619    4    4      0     1    64    40     2      1     1    4    0    0     0   192.1K        -        -  COMPILE_FAIL
620    4    4      0     1    64    60     2      1     1    4    0    0     0   192.1K        -        -  COMPILE_FAIL
621    4    4      0     1    64    80     2      1     1    4    0    0     0   192.1K        -        -  COMPILE_FAIL
622    4    4      0     1    64   100     2      1     1    4    0    0     0   192.1K        -        -  COMPILE_FAIL
623    4    4      0     1    64   120     2      1     1    4    0    0     0   192.1K        -        -  COMPILE_FAIL
624    4    4      0     1    64   160     2      1     1    4    0    0     0   192.1K        -        -  COMPILE_FAIL
625    4    4      0     1    64   200     2      1     1    4    0    0     0   192.1K        -        -  COMPILE_FAIL
626    4    4      1     0    64     0     2      1     1    4    0    0     0   192.1K        -        -  COMPILE_FAIL
627    4    4      1     0    64    40     2      1     1    4    0    0     0   192.1K        -        -  COMPILE_FAIL
628    4    4      1     0    64    60     2      1     1    4    0    0     0   192.1K        -        -  COMPILE_FAIL
629    4    4      1     0    64    80     2      1     1    4    0    0     0   192.1K        -        -  COMPILE_FAIL
630    4    4      1     0    64   100     2      1     1    4    0    0     0   192.1K        -        -  COMPILE_FAIL
631    4    4      1     0    64   120     2      1     1    4    0    0     0   192.1K        -        -  COMPILE_FAIL
632    4    4      1     0    64   160     2      1     1    4    0    0     0   192.1K        -        -  COMPILE_FAIL
633    4    4      1     0    64   200     2      1     1    4    0    0     0   192.1K        -        -  COMPILE_FAIL
634    4    4      1     1    64     0     2      1     1    4    0    0     0   192.1K        -        -  COMPILE_FAIL
635    4    4      1     1    64    40     2      1     1    4    0    0     0   192.1K        -        -  COMPILE_FAIL
636    4    4      1     1    64    60     2      1     1    4    0    0     0   192.1K        -        -  COMPILE_FAIL
637    4    4      1     1    64    80     2      1     1    4    0    0     0   192.1K        -        -  COMPILE_FAIL
638    4    4      1     1    64   100     2      1     1    4    0    0     0   192.1K        -        -  COMPILE_FAIL
639    4    4      1     1    64   120     2      1     1    4    0    0     0   192.1K        -        -  COMPILE_FAIL
640    4    4      1     1    64   160     2      1     1    4    0    0     0   192.1K        -        -  COMPILE_FAIL
641    4    4      1     1    64   200     2      1     1    4    0    0     0   192.1K        -        -  COMPILE_FAIL
642    4    4      2     0    64     0     2      1     1    4    0    0     0   192.1K        -        -  COMPILE_FAIL
643    4    4      2     0    64    40     2      1     1    4    0    0     0   192.1K        -        -  COMPILE_FAIL
644    4    4      2     0    64    60     2      1     1    4    0    0     0   192.1K        -        -  COMPILE_FAIL
645    4    4      2     0    64    80     2      1     1    4    0    0     0   192.1K        -        -  COMPILE_FAIL
646    4    4      2     0    64   100     2      1     1    4    0    0     0   192.1K        -        -  COMPILE_FAIL
647    4    4      2     0    64   120     2      1     1    4    0    0     0   192.1K        -        -  COMPILE_FAIL
648    4    4      2     0    64   160     2      1     1    4    0    0     0   192.1K        -        -  COMPILE_FAIL
649    4    4      2     0    64   200     2      1     1    4    0    0     0   192.1K        -        -  COMPILE_FAIL
650    4    4      2     1    64     0     2      1     1    4    0    0     0   192.1K        -        -  COMPILE_FAIL
651    4    4      2     1    64    40     2      1     1    4    0    0     0   192.1K        -        -  COMPILE_FAIL
652    4    4      2     1    64    60     2      1     1    4    0    0     0   192.1K        -        -  COMPILE_FAIL
653    4    4      2     1    64    80     2      1     1    4    0    0     0   192.1K        -        -  COMPILE_FAIL
654    4    4      2     1    64   100     2      1     1    4    0    0     0   192.1K        -        -  COMPILE_FAIL
655    4    4      2     1    64   120     2      1     1    4    0    0     0   192.1K        -        -  COMPILE_FAIL
656    4    4      2     1    64   160     2      1     1    4    0    0     0   192.1K        -        -  COMPILE_FAIL
657    4    4      2     1    64   200     2      1     1    4    0    0     0   192.1K        -        -  COMPILE_FAIL
658    4    4      3     0    64     0     2      1     1    4    0    0     0   192.1K        -        -  COMPILE_FAIL
659    4    4      3     0    64    40     2      1     1    4    0    0     0   192.1K        -        -  COMPILE_FAIL
660    4    4      3     0    64    60     2      1     1    4    0    0     0   192.1K        -        -  COMPILE_FAIL
661    4    4      3     0    64    80     2      1     1    4    0    0     0   192.1K        -        -  COMPILE_FAIL
662    4    4      3     0    64   100     2      1     1    4    0    0     0   192.1K        -        -  COMPILE_FAIL
663    4    4      3     0    64   120     2      1     1    4    0    0     0   192.1K        -        -  COMPILE_FAIL
664    4    4      3     0    64   160     2      1     1    4    0    0     0   192.1K        -        -  COMPILE_FAIL
665    4    4      3     0    64   200     2      1     1    4    0    0     0   192.1K        -        -  COMPILE_FAIL
666    4    4      3     1    64     0     2      1     1    4    0    0     0   192.1K        -        -  COMPILE_FAIL
667    4    4      3     1    64    40     2      1     1    4    0    0     0   192.1K        -        -  COMPILE_FAIL
668    4    4      3     1    64    60     2      1     1    4    0    0     0   192.1K        -        -  COMPILE_FAIL
669    4    4      3     1    64    80     2      1     1    4    0    0     0   192.1K        -        -  COMPILE_FAIL
670    4    4      3     1    64   100     2      1     1    4    0    0     0   192.1K        -        -  COMPILE_FAIL
671    4    4      3     1    64   120     2      1     1    4    0    0     0   192.1K        -        -  COMPILE_FAIL
672    4    4      3     1    64   160     2      1     1    4    0    0     0   192.1K        -        -  COMPILE_FAIL
673    4    4      3     1    64   200     2      1     1    4    0    0     0   192.1K        -        -  COMPILE_FAIL

CSV written to /root/siglip/data/session_20260308_190511/sweep_fc1_gelu.csv

Best: -DCVT_ADD_FUSED=0 -DINTERLEAVE_STRATEGY=1 -DK_LOOP_UNROLL=6 -DMBAR_EARLY=1 -DSTAGGER_CYCLES=0 -DSUB_MMA_UNROLL=1 -DW0_LOOP_UNROLL=1 → 4.220 ms / 1038 TFLOPS (157 regs)
